#include "lvgl.h"

// Generated from jianlai.png
// Size: 297x114
// Format: RGB565

static const uint16_t sword_map[] = {
    0x0020, 0x0000, 0x0000, 0x0000, 0x0000, 0x0000, 0x0000, 0x0000, 0x0000, 0x0000, 0x0000, 0x0000, 0x0000, 0x0000, 0x0000, 0x0000,
    0x0000, 0x0000, 0x0000, 0x0000, 0x0000, 0x0000, 0x0000, 0x0000, 0x0000, 0x0000, 0x0000, 0x0000, 0x0000, 0x0000, 0x0000, 0x0000,
    0x0000, 0x0000, 0x0000, 0x0000, 0x0000, 0x0000, 0x0000, 0x0000, 0x0000, 0x0000, 0x0000, 0x0000, 0x0000, 0x0000, 0x0000, 0x0000,
    0x0000, 0x0000, 0x0000, 0x0000, 0x0000, 0x0000, 0x0000, 0x0000, 0x0000, 0x0000, 0x0000, 0x0000, 0x0000, 0x0000, 0x0000, 0x0000,
    0x0000, 0x0000, 0x0000, 0x0000, 0x0000, 0x0000, 0x0000, 0x0000, 0x0000, 0x0000, 0x0000, 0x0000, 0x0000, 0x0000, 0x0000, 0x0000,
    0x0000, 0x0000, 0x0000, 0x0000, 0x0000, 0x0000, 0x0000, 0x0000, 0x0000, 0x0000, 0x0000, 0x0000, 0x0000, 0x0000, 0x0000, 0x0000,
    0x0000, 0x0000, 0x0000, 0x0000, 0x0000, 0x0000, 0x0000, 0x0000, 0x0000, 0x0000, 0x0000, 0x0000, 0x0000, 0x0000, 0x0000, 0x0000,
    0x0000, 0x0000, 0x0000, 0x0000, 0x0000, 0x0000, 0x0000, 0x0000, 0x0000, 0x0000, 0x0000, 0x0000, 0x0000, 0x0000, 0x0000, 0x0000,
    0x0000, 0x0000, 0x0000, 0x0000, 0x0000, 0x0000, 0x0000, 0x0000, 0x0000, 0x0000, 0x0000, 0x0000, 0x0000, 0x0000, 0x0000, 0x0000,
    0x0000, 0x0000, 0x0000, 0x0000, 0x0000, 0x0000, 0x0000, 0x0000, 0x0000, 0x0000, 0x0000, 0x0000, 0x0000, 0x0000, 0x0000, 0x0000,
    0x0000, 0x0000, 0x0000, 0x0000, 0x0000, 0x0000, 0x0000, 0x0000, 0x0000, 0x0000, 0x0000, 0x0000, 0x0000, 0x0000, 0x0000, 0x0000,
    0x0000, 0x0000, 0x0000, 0x0000, 0x0000, 0x0000, 0x0000, 0x0000, 0x0000, 0x0000, 0x0000, 0x0000, 0x0000, 0x0000, 0x0000, 0x0000,
    0x0000, 0x0000, 0x0000, 0x0000, 0x0000, 0x0000, 0x0000, 0x0000, 0x0000, 0x0000, 0x0000, 0x0000, 0x0000, 0x0000, 0x0000, 0x0000,
    0x0000, 0x0000, 0x0000, 0x0000, 0x0000, 0x0000, 0x0000, 0x0000, 0x0000, 0x0000, 0x0000, 0x0000, 0x0000, 0x0000, 0x0000, 0x0000,
    0x0000, 0x0000, 0x0000, 0x0000, 0x0000, 0x0000, 0x0000, 0x0000, 0x0000, 0x0000, 0x0000, 0x0000, 0x0000, 0x0000, 0x0000, 0x0000,
    0x0000, 0x0000, 0x0000, 0x0000, 0x0000, 0x0000, 0x0000, 0x0000, 0x0000, 0x0000, 0x0000, 0x0000, 0x0000, 0x0000, 0x0000, 0x0000,
    0x0000, 0x0000, 0x0000, 0x0000, 0x0000, 0x0000, 0x0000, 0x0000, 0x0000, 0x0000, 0x0000, 0x0000, 0x0000, 0x0000, 0x0000, 0x0000,
    0x0000, 0x0000, 0x0000, 0x0000, 0x0000, 0x0000, 0x0000, 0x0000, 0x0000, 0x0000, 0x0000, 0x0000, 0x0000, 0x0000, 0x0000, 0x0000,
    0x0000, 0x0000, 0x0000, 0x0000, 0x0000, 0x0000, 0x0000, 0x0000, 0x0000, 0x0020, 0x0000, 0x0000, 0x0000, 0x0000, 0x0000, 0x0000,
    0x0000, 0x0000, 0x0000, 0x0000, 0x0000, 0x0000, 0x0000, 0x0000, 0x0000, 0x0000, 0x0000, 0x0000, 0x0000, 0x0000, 0x0000, 0x0000,
    0x0000, 0x0000, 0x0000, 0x0000, 0x0000, 0x0000, 0x0000, 0x0000, 0x0000, 0x0000, 0x0000, 0x0000, 0x0000, 0x0000, 0x0000, 0x0000,
    0x0000, 0x0000, 0x0000, 0x0000, 0x0000, 0x0000, 0x0000, 0x0000, 0x0000, 0x0000, 0x0000, 0x0000, 0x0000, 0x0000, 0x0000, 0x0000,
    0x0000, 0x0000, 0x0000, 0x0000, 0x0000, 0x0000, 0x0000, 0x0000, 0x0000, 0x0000, 0x0000, 0x0000, 0x0000, 0x0000, 0x0000, 0x0000,
    0x0000, 0x0000, 0x0000, 0x0000, 0x0000, 0x0000, 0x0000, 0x0000, 0x0000, 0x0000, 0x0000, 0x0000, 0x0000, 0x0000, 0x0000, 0x0000,
    0x0000, 0x0000, 0x0000, 0x0000, 0x0000, 0x0000, 0x0000, 0x0000, 0x0000, 0x0000, 0x0000, 0x0000, 0x0000, 0x0000, 0x0000, 0x0000,
    0x0000, 0x0000, 0x0000, 0x0000, 0x0000, 0x0000, 0x0000, 0x0000, 0x0000, 0x0000, 0x0000, 0x0000, 0x0000, 0x0000, 0x0000, 0x0000,
    0x0000, 0x0000, 0x0000, 0x0000, 0x0000, 0x0000, 0x0000, 0x0000, 0x0000, 0x0000, 0x0000, 0x0000, 0x0000, 0x0000, 0x0000, 0x0000,
    0x0000, 0x0000, 0x0000, 0x0000, 0x0000, 0x0000, 0x0000, 0x0000, 0x0000, 0x0000, 0x0000, 0x0000, 0x0000, 0x0000, 0x0000, 0x0000,
    0x0000, 0x0000, 0x0000, 0x0000, 0x0000, 0x0000, 0x0000, 0x0000, 0x0000, 0x0000, 0x0000, 0x0000, 0x0000, 0x0000, 0x0000, 0x0000,
    0x0000, 0x0000, 0x0000, 0x0000, 0x0000, 0x0000, 0x0000, 0x0000, 0x0000, 0x0000, 0x0000, 0x0000, 0x0000, 0x0000, 0x0000, 0x0000,
    0x0000, 0x0000, 0x0000, 0x0000, 0x0000, 0x0000, 0x0000, 0x0000, 0x0000, 0x0000, 0x0000, 0x0000, 0x0000, 0x0000, 0x0000, 0x0000,
    0x0000, 0x0000, 0x0000, 0x0000, 0x0000, 0x0000, 0x0000, 0x0000, 0x0000, 0x0000, 0x0000, 0x0000, 0x0000, 0x0000, 0x0000, 0x0000,
    0x0000, 0x0000, 0x0000, 0x0000, 0x0000, 0x0000, 0x0000, 0x0000, 0x0000, 0x0000, 0x0000, 0x0000, 0x0000, 0x0000, 0x0000, 0x0000,
    0x0000, 0x0000, 0x0000, 0x0000, 0x0000, 0x0000, 0x0000, 0x0000, 0x0000, 0x0000, 0x0000, 0x0000, 0x0000, 0x0000, 0x0000, 0x0000,
    0x0000, 0x0000, 0x0000, 0x0000, 0x0000, 0x0000, 0x0000, 0x0000, 0x0000, 0x0000, 0x0000, 0x0000, 0x0000, 0x0000, 0x0000, 0x0000,
    0x0000, 0x0000, 0x0000, 0x0000, 0x0000, 0x0000, 0x0000, 0x0000, 0x0000, 0x0000, 0x0000, 0x0000, 0x0000, 0x0000, 0x0000, 0x0000,
    0x0000, 0x0000, 0x0000, 0x0000, 0x0000, 0x0000, 0x0000, 0x0000, 0x0000, 0x0000, 0x0000, 0x0000, 0x0000, 0x0000, 0x0000, 0x0000,
    0x0000, 0x0000, 0x0020, 0x0000, 0x0000, 0x0000, 0x0000, 0x0000, 0x0000, 0x0000, 0x0000, 0x0000, 0x0000, 0x0000, 0x0000, 0x0000,
    0x0000, 0x0000, 0x0000, 0x0000, 0x0000, 0x0000, 0x0000, 0x0000, 0x0000, 0x0000, 0x0000, 0x0000, 0x0000, 0x0000, 0x0000, 0x0000,
    0x0000, 0x0000, 0x0000, 0x0000, 0x0000, 0x0000, 0x0000, 0x0000, 0x0000, 0x0000, 0x0000, 0x0000, 0x0000, 0x0000, 0x0000, 0x0000,
    0x0000, 0x0000, 0x0000, 0x0000, 0x0000, 0x0000, 0x0000, 0x0000, 0x0000, 0x0000, 0x0000, 0x0000, 0x0000, 0x0000, 0x0000, 0x0000,
    0x0000, 0x0000, 0x0000, 0x0000, 0x0000, 0x0000, 0x0000, 0x0000, 0x0000, 0x0000, 0x0000, 0x0000, 0x0000, 0x0000, 0x0000, 0x0000,
    0x0000, 0x0000, 0x0000, 0x0000, 0x0000, 0x0000, 0x0000, 0x0000, 0x0000, 0x0000, 0x0000, 0x0000, 0x0000, 0x0000, 0x0000, 0x0000,
    0x0000, 0x0000, 0x0000, 0x0000, 0x0000, 0x0000, 0x0000, 0x0000, 0x0000, 0x0000, 0x0000, 0x0000, 0x0000, 0x0000, 0x0000, 0x0000,
    0x0000, 0x0000, 0x0000, 0x0000, 0x0000, 0x0000, 0x0000, 0x0000, 0x0000, 0x0000, 0x0000, 0x0000, 0x0000, 0x0000, 0x0000, 0x0000,
    0x0000, 0x0000, 0x0000, 0x0000, 0x0000, 0x0000, 0x0000, 0x0000, 0x0000, 0x0000, 0x0000, 0x0000, 0x0000, 0x0000, 0x0000, 0x0000,
    0x0000, 0x0000, 0x0000, 0x0000, 0x0000, 0x0000, 0x0000, 0x0000, 0x0000, 0x0000, 0x0000, 0x0000, 0x0000, 0x0000, 0x0000, 0x0000,
    0x0000, 0x0000, 0x0000, 0x0000, 0x0000, 0x0000, 0x0000, 0x0000, 0x0000, 0x0000, 0x0000, 0x0000, 0x0000, 0x0000, 0x0000, 0x0000,
    0x0000, 0x0000, 0x0000, 0x0000, 0x0000, 0x0000, 0x0000, 0x0000, 0x0000, 0x0000, 0x0000, 0x0000, 0x0000, 0x0000, 0x0000, 0x0000,
    0x0000, 0x0000, 0x0000, 0x0000, 0x0000, 0x0000, 0x0000, 0x0000, 0x0000, 0x0000, 0x0000, 0x0000, 0x0000, 0x0000, 0x0000, 0x0000,
    0x0000, 0x0000, 0x0000, 0x0000, 0x0000, 0x0000, 0x0000, 0x0000, 0x0000, 0x0000, 0x0000, 0x0000, 0x0000, 0x0000, 0x0000, 0x0000,
    0x0000, 0x0000, 0x0000, 0x0000, 0x0000, 0x0000, 0x0000, 0x0000, 0x0000, 0x0000, 0x0000, 0x0000, 0x0000, 0x0000, 0x0000, 0x0000,
    0x0000, 0x0000, 0x0000, 0x0000, 0x0000, 0x0000, 0x0000, 0x0000, 0x0000, 0x0000, 0x0000, 0x0000, 0x0000, 0x0000, 0x0000, 0x0000,
    0x0000, 0x0000, 0x0000, 0x0000, 0x0000, 0x0000, 0x0000, 0x0000, 0x0000, 0x0000, 0x0000, 0x0000, 0x0000, 0x0000, 0x0000, 0x0000,
    0x0000, 0x0000, 0x0000, 0x0000, 0x0000, 0x0000, 0x0000, 0x0000, 0x0000, 0x0000, 0x0000, 0x0000, 0x0000, 0x0000, 0x0000, 0x0000,
    0x0000, 0x0000, 0x0000, 0x0000, 0x0000, 0x0000, 0x0000, 0x0000, 0x0000, 0x0000, 0x0000, 0x0000, 0x0000, 0x0000, 0x0000, 0x0000,
    0x0000, 0x0000, 0x0000, 0x0000, 0x0000, 0x0000, 0x0000, 0x0000, 0x0000, 0x0000, 0x0000, 0x0000, 0x0000, 0x0000, 0x0000, 0x0000,
    0x0000, 0x0000, 0x0000, 0x0000, 0x0000, 0x0000, 0x0000, 0x0000, 0x0000, 0x0000, 0x0000, 0x0000, 0x0000, 0x0000, 0x0000, 0x0000,
    0x0000, 0x0000, 0x0000, 0x0000, 0x0000, 0x0000, 0x0000, 0x0000, 0x0000, 0x0000, 0x0000, 0x0000, 0x0000, 0x0000, 0x0000, 0x0000,
    0x0000, 0x0000, 0x0000, 0x0000, 0x0000, 0x0000, 0x0000, 0x0000, 0x0000, 0x0000, 0x0000, 0x0000, 0x0000, 0x0000, 0x0000, 0x0000,
    0x0000, 0x0000, 0x0000, 0x0000, 0x0000, 0x0000, 0x0000, 0x0000, 0x0000, 0x0000, 0x0000, 0x0000, 0x0000, 0x0000, 0x0000, 0x0000,
    0x0000, 0x0000, 0x0000, 0x0000, 0x0000, 0x0000, 0x0000, 0x0000, 0x0000, 0x0000, 0x0000, 0x0000, 0x0000, 0x0000, 0x0000, 0x0000,
    0x0000, 0x0000, 0x0000, 0x0000, 0x0000, 0x0000, 0x0000, 0x0000, 0x0000, 0x0000, 0x0000, 0x0000, 0x0000, 0x0000, 0x0000, 0x0000,
    0x0000, 0x0000, 0x0000, 0x0000, 0x0000, 0x0000, 0x0000, 0x0000, 0x0000, 0x0020, 0x0861, 0x0861, 0x0020, 0x0000, 0x0000, 0x0000,
    0x0000, 0x0000, 0x0000, 0x0000, 0x0000, 0x0000, 0x0000, 0x0000, 0x0000, 0x0000, 0x0000, 0x0000, 0x0000, 0x0000, 0x0000, 0x0000,
    0x0000, 0x0000, 0x0000, 0x0000, 0x0000, 0x0000, 0x0000, 0x0000, 0x0000, 0x0000, 0x0000, 0x0000, 0x0000, 0x0000, 0x0000, 0x0000,
    0x0000, 0x0000, 0x0000, 0x0000, 0x0000, 0x0000, 0x0000, 0x0000, 0x0000, 0x0000, 0x0000, 0x0000, 0x0000, 0x0000, 0x0000, 0x0000,
    0x0000, 0x0000, 0x0000, 0x0000, 0x0000, 0x0000, 0x0000, 0x0000, 0x0000, 0x0000, 0x0000, 0x0000, 0x0000, 0x0000, 0x0000, 0x0000,
    0x0000, 0x0000, 0x0000, 0x0000, 0x0000, 0x0000, 0x0000, 0x0000, 0x0000, 0x0000, 0x0000, 0x0000, 0x0000, 0x0000, 0x0000, 0x0000,
    0x0000, 0x0000, 0x0000, 0x0000, 0x0000, 0x0000, 0x0000, 0x0000, 0x0000, 0x0000, 0x0000, 0x0000, 0x0000, 0x0000, 0x0000, 0x0000,
    0x0000, 0x0000, 0x0000, 0x0000, 0x0000, 0x0000, 0x0000, 0x0000, 0x0000, 0x0000, 0x0000, 0x0000, 0x0000, 0x0000, 0x0000, 0x0000,
    0x0000, 0x0000, 0x0000, 0x0000, 0x0000, 0x0000, 0x0000, 0x0000, 0x0000, 0x0000, 0x0000, 0x0000, 0x0000, 0x0000, 0x0000, 0x0000,
    0x0000, 0x0000, 0x0000, 0x0000, 0x0000, 0x0000, 0x0000, 0x0000, 0x0000, 0x0000, 0x0000, 0x0000, 0x0000, 0x0000, 0x0000, 0x0000,
    0x0000, 0x0000, 0x0000, 0x0000, 0x0000, 0x0000, 0x0000, 0x0000, 0x0000, 0x0000, 0x0000, 0x0000, 0x0000, 0x0000, 0x0000, 0x0000,
    0x0000, 0x0000, 0x0000, 0x0000, 0x0020, 0x0020, 0x0000, 0x0000, 0x0000, 0x0000, 0x0000, 0x0000, 0x0000, 0x0000, 0x0000, 0x0000,
    0x0000, 0x0000, 0x0000, 0x0000, 0x0000, 0x0000, 0x0000, 0x0000, 0x0000, 0x0000, 0x0000, 0x0000, 0x0000, 0x0000, 0x0000, 0x0000,
    0x0000, 0x0000, 0x0000, 0x0000, 0x0000, 0x0000, 0x0000, 0x0000, 0x0000, 0x0000, 0x0000, 0x0000, 0x0000, 0x0000, 0x0000, 0x0000,
    0x0000, 0x0000, 0x0000, 0x0000, 0x0000, 0x0000, 0x0000, 0x0000, 0x0000, 0x0000, 0x0000, 0x0000, 0x0000, 0x0000, 0x0000, 0x0000,
    0x0000, 0x0000, 0x0000, 0x0000, 0x0000, 0x0000, 0x0000, 0x0000, 0x0000, 0x0000, 0x0000, 0x0000, 0x0000, 0x0000, 0x0000, 0x0000,
    0x0000, 0x0000, 0x0000, 0x0000, 0x0000, 0x0000, 0x0000, 0x0000, 0x0000, 0x0000, 0x0000, 0x0000, 0x0000, 0x0000, 0x0000, 0x0000,
    0x0000, 0x0000, 0x0000, 0x0000, 0x0000, 0x0000, 0x0000, 0x0000, 0x0000, 0x0000, 0x0000, 0x0000, 0x0000, 0x0000, 0x0000, 0x0000,
    0x0000, 0x0000, 0x0000, 0x0000, 0x0000, 0x0000, 0x0000, 0x0000, 0x0000, 0x0000, 0x0000, 0x0000, 0x0000, 0x0000, 0x0000, 0x0000,
    0x0020, 0x18e3, 0x31c7, 0x4249, 0x4208, 0x2945, 0x0882, 0x0000, 0x0000, 0x0000, 0x0000, 0x0000, 0x0000, 0x0000, 0x0000, 0x0000,
    0x0000, 0x0000, 0x0000, 0x0000, 0x0000, 0x0000, 0x0000, 0x0000, 0x0000, 0x0000, 0x0000, 0x0000, 0x0000, 0x0000, 0x0000, 0x0000,
    0x0000, 0x0000, 0x0000, 0x0000, 0x0000, 0x0000, 0x0000, 0x0000, 0x0000, 0x0000, 0x0000, 0x0000, 0x0000, 0x0000, 0x0000, 0x0000,
    0x0000, 0x0000, 0x0000, 0x0000, 0x0000, 0x0000, 0x0000, 0x0000, 0x0000, 0x0000, 0x0000, 0x0000, 0x0000, 0x0000, 0x0000, 0x0000,
    0x0000, 0x0000, 0x0000, 0x0000, 0x0000, 0x0000, 0x0000, 0x0000, 0x0000, 0x0000, 0x0000, 0x0000, 0x0000, 0x0000, 0x0000, 0x0000,
    0x0000, 0x0000, 0x0000, 0x0000, 0x0000, 0x0000, 0x0000, 0x0000, 0x0000, 0x0000, 0x0000, 0x0000, 0x0000, 0x0000, 0x0000, 0x0000,
    0x0000, 0x0000, 0x0000, 0x0000, 0x0000, 0x0000, 0x0000, 0x0000, 0x0000, 0x0000, 0x0000, 0x0000, 0x0000, 0x0000, 0x0000, 0x0000,
    0x0000, 0x0000, 0x0000, 0x0000, 0x0000, 0x0000, 0x0000, 0x0000, 0x0000, 0x0000, 0x0000, 0x0000, 0x0000, 0x0000, 0x0000, 0x0000,
    0x0000, 0x0000, 0x0000, 0x0000, 0x0000, 0x0000, 0x0000, 0x0000, 0x0000, 0x0000, 0x0000, 0x0000, 0x0000, 0x0000, 0x0000, 0x0000,
    0x0000, 0x0000, 0x0000, 0x0000, 0x0000, 0x0000, 0x0000, 0x0000, 0x0000, 0x0000, 0x0000, 0x0000, 0x0000, 0x0000, 0x0000, 0x0000,
    0x0000, 0x0000, 0x0000, 0x0000, 0x0000, 0x0000, 0x0000, 0x0000, 0x0000, 0x0000, 0x0000, 0x0000, 0x0000, 0x0020, 0x0020, 0x0020,
    0x0000, 0x0000, 0x0000, 0x0000, 0x0000, 0x0000, 0x0000, 0x0000, 0x0000, 0x0000, 0x0000, 0x0000, 0x0000, 0x0000, 0x0000, 0x0000,
    0x0000, 0x0000, 0x0000, 0x0000, 0x0000, 0x0000, 0x0000, 0x0000, 0x0000, 0x0000, 0x0000, 0x0000, 0x0000, 0x0000, 0x0000, 0x0000,
    0x0000, 0x0000, 0x0000, 0x0000, 0x0000, 0x0000, 0x0000, 0x0000, 0x0000, 0x0000, 0x0000, 0x0000, 0x0000, 0x0000, 0x0000, 0x0000,
    0x0000, 0x0000, 0x0000, 0x0000, 0x0000, 0x0000, 0x0000, 0x0000, 0x0000, 0x0000, 0x0000, 0x0000, 0x0000, 0x0000, 0x0000, 0x0000,
    0x0000, 0x0000, 0x0000, 0x0000, 0x0000, 0x0000, 0x0000, 0x0000, 0x0000, 0x0000, 0x0000, 0x0000, 0x0000, 0x0000, 0x0000, 0x0000,
    0x0000, 0x0000, 0x0000, 0x0000, 0x0000, 0x0000, 0x0000, 0x0000, 0x0000, 0x0000, 0x0000, 0x0000, 0x0000, 0x0000, 0x0000, 0x0000,
    0x0000, 0x0000, 0x0000, 0x0000, 0x0000, 0x0000, 0x0000, 0x0000, 0x0000, 0x0000, 0x0000, 0x0000, 0x0000, 0x0000, 0x0000, 0x0000,
    0x0000, 0x0000, 0x0000, 0x0000, 0x0000, 0x0000, 0x0000, 0x0000, 0x0000, 0x18c3, 0x4208, 0x6b8d, 0x8451, 0x7c10, 0x5aeb, 0x3186,
    0x0882, 0x0000, 0x0000, 0x0000, 0x0000, 0x0000, 0x0000, 0x0000, 0x0000, 0x0000, 0x0000, 0x0000, 0x0000, 0x0000, 0x0000, 0x0000,
    0x0000, 0x0000, 0x0000, 0x0000, 0x0000, 0x0000, 0x0000, 0x0000, 0x0000, 0x0000, 0x0000, 0x0000, 0x0000, 0x0000, 0x0000, 0x0000,
    0x0000, 0x0000, 0x0000, 0x0000, 0x0000, 0x0000, 0x0000, 0x0000, 0x0000, 0x0000, 0x0000, 0x0000, 0x0000, 0x0000, 0x0000, 0x0000,
    0x0000, 0x0000, 0x0000, 0x0000, 0x0000, 0x0000, 0x0000, 0x0000, 0x0000, 0x0000, 0x0000, 0x0000, 0x0000, 0x0000, 0x0000, 0x0000,
    0x0000, 0x0000, 0x0000, 0x0000, 0x0000, 0x0000, 0x0000, 0x0000, 0x0000, 0x0000, 0x0000, 0x0000, 0x0000, 0x0000, 0x0000, 0x0000,
    0x0000, 0x0000, 0x0000, 0x0000, 0x0000, 0x0000, 0x0000, 0x0000, 0x0000, 0x0000, 0x0000, 0x0000, 0x0000, 0x0000, 0x0000, 0x0000,
    0x0000, 0x0000, 0x0000, 0x0000, 0x0000, 0x0000, 0x0000, 0x0000, 0x0000, 0x0000, 0x0000, 0x0000, 0x0000, 0x0000, 0x0000, 0x0000,
    0x0000, 0x0000, 0x0000, 0x0000, 0x0000, 0x0000, 0x0000, 0x0000, 0x0000, 0x0000, 0x0000, 0x0000, 0x0000, 0x0000, 0x0000, 0x0000,
    0x0000, 0x0000, 0x0000, 0x0000, 0x0000, 0x0000, 0x0000, 0x0000, 0x0000, 0x0000, 0x0000, 0x0000, 0x0000, 0x0000, 0x0000, 0x0000,
    0x0000, 0x0000, 0x0000, 0x0000, 0x0000, 0x0000, 0x0000, 0x0000, 0x0000, 0x0000, 0x0000, 0x0000, 0x0000, 0x0000, 0x0000, 0x0000,
    0x0000, 0x0000, 0x0000, 0x0000, 0x0000, 0x0000, 0x0000, 0x0020, 0x0020, 0x0020, 0x0000, 0x0000, 0x0000, 0x0000, 0x0000, 0x0000,
    0x0000, 0x0000, 0x0000, 0x0000, 0x0000, 0x0000, 0x0000, 0x0000, 0x0000, 0x0000, 0x0000, 0x0000, 0x0000, 0x0000, 0x0000, 0x0000,
    0x0000, 0x0000, 0x0000, 0x0000, 0x0000, 0x0000, 0x0000, 0x0000, 0x0000, 0x0000, 0x0000, 0x0000, 0x0000, 0x0000, 0x0000, 0x0000,
    0x0000, 0x0000, 0x0000, 0x0000, 0x0000, 0x0000, 0x0000, 0x0000, 0x0000, 0x0000, 0x0000, 0x0000, 0x0000, 0x0000, 0x0000, 0x0000,
    0x0000, 0x0000, 0x0000, 0x0000, 0x0000, 0x0000, 0x0000, 0x0000, 0x0000, 0x0000, 0x0000, 0x0000, 0x0000, 0x0000, 0x0000, 0x0000,
    0x0000, 0x0000, 0x0000, 0x0000, 0x0000, 0x0000, 0x0000, 0x0000, 0x0000, 0x0000, 0x0000, 0x0000, 0x0000, 0x0000, 0x0000, 0x0000,
    0x0000, 0x0000, 0x0000, 0x0000, 0x0000, 0x0000, 0x0000, 0x0000, 0x0000, 0x0000, 0x0000, 0x0000, 0x0000, 0x0000, 0x0000, 0x0000,
    0x0000, 0x0000, 0x0000, 0x0020, 0x0020, 0x0020, 0x0000, 0x0000, 0x0000, 0x0000, 0x0000, 0x0000, 0x0000, 0x0000, 0x0000, 0x0020,
    0x0882, 0x2945, 0x4a69, 0x738e, 0x9492, 0x9cf3, 0x9cd3, 0x8451, 0x5aeb, 0x2965, 0x0861, 0x0000, 0x0000, 0x0000, 0x0000, 0x0000,
    0x0000, 0x0000, 0x0000, 0x0000, 0x0000, 0x0000, 0x0000, 0x0000, 0x0000, 0x0000, 0x0000, 0x0000, 0x0000, 0x0000, 0x0000, 0x0000,
    0x0000, 0x0000, 0x0000, 0x0000, 0x0000, 0x0000, 0x0000, 0x0000, 0x0000, 0x0000, 0x0000, 0x0000, 0x0000, 0x0000, 0x0000, 0x0000,
    0x0000, 0x0000, 0x0000, 0x0000, 0x0000, 0x0000, 0x0000, 0x0000, 0x0000, 0x0000, 0x0000, 0x0000, 0x0000, 0x0000, 0x0000, 0x0000,
    0x0000, 0x0000, 0x0000, 0x0000, 0x0000, 0x0000, 0x0000, 0x0000, 0x0000, 0x0000, 0x0000, 0x0000, 0x0000, 0x0000, 0x0000, 0x0000,
    0x0000, 0x0000, 0x0000, 0x0000, 0x0000, 0x0000, 0x0000, 0x0000, 0x0000, 0x0000, 0x0000, 0x0000, 0x0000, 0x0000, 0x0000, 0x0000,
    0x0000, 0x0000, 0x0000, 0x0000, 0x0000, 0x0000, 0x0000, 0x0000, 0x0000, 0x0000, 0x0000, 0x0000, 0x0000, 0x0000, 0x0000, 0x0000,
    0x0000, 0x0000, 0x0000, 0x0000, 0x0000, 0x0000, 0x0000, 0x0000, 0x0000, 0x0000, 0x0000, 0x0000, 0x0000, 0x0000, 0x0000, 0x0000,
    0x0000, 0x0000, 0x0000, 0x0000, 0x0000, 0x0000, 0x0000, 0x0000, 0x0000, 0x0000, 0x0000, 0x0000, 0x0000, 0x0000, 0x0000, 0x0000,
    0x0000, 0x0000, 0x0000, 0x0000, 0x0000, 0x0000, 0x0000, 0x0000, 0x0000, 0x0000, 0x0000, 0x0000, 0x0000, 0x0000, 0x0000, 0x0000,
    0x0000, 0x0000, 0x0000, 0x0000, 0x0000, 0x0000, 0x0000, 0x0000, 0x0000, 0x0000, 0x0000, 0x0000, 0x0000, 0x0000, 0x0000, 0x0000,
    0x0020, 0x0020, 0x0020, 0x0000, 0x0000, 0x0000, 0x0000, 0x0000, 0x0000, 0x0000, 0x0000, 0x0000, 0x0000, 0x0000, 0x0000, 0x0000,
    0x0000, 0x0000, 0x0000, 0x0000, 0x0000, 0x0000, 0x0000, 0x0000, 0x0000, 0x0000, 0x0000, 0x0000, 0x0000, 0x0000, 0x0000, 0x0000,
    0x0000, 0x0000, 0x0000, 0x0000, 0x0000, 0x0000, 0x0000, 0x0000, 0x0000, 0x0000, 0x0000, 0x0000, 0x0000, 0x0000, 0x0000, 0x0000,
    0x0000, 0x0000, 0x0000, 0x0000, 0x0000, 0x0000, 0x0000, 0x0000, 0x0000, 0x0000, 0x0000, 0x0000, 0x0000, 0x0000, 0x0000, 0x0000,
    0x0000, 0x0000, 0x0000, 0x0000, 0x0000, 0x0000, 0x0000, 0x0000, 0x0000, 0x0000, 0x0000, 0x0000, 0x0000, 0x0000, 0x0000, 0x0000,
    0x0000, 0x0000, 0x0000, 0x0000, 0x0000, 0x0000, 0x0000, 0x0000, 0x0000, 0x0000, 0x0000, 0x0000, 0x0000, 0x0000, 0x0000, 0x0000,
    0x0000, 0x0000, 0x0000, 0x0000, 0x0000, 0x0000, 0x0000, 0x0000, 0x0000, 0x0000, 0x0000, 0x0861, 0x18e3, 0x2124, 0x1904, 0x10a2,
    0x0020, 0x0000, 0x0000, 0x0000, 0x0000, 0x0000, 0x0000, 0x0000, 0x2124, 0x4a69, 0x6b8d, 0x8451, 0x9492, 0x8451, 0x8430, 0x8c71,
    0x9cb2, 0x8c71, 0x52aa, 0x18c3, 0x0000, 0x0000, 0x0000, 0x0000, 0x0000, 0x0000, 0x0000, 0x0000, 0x0000, 0x0000, 0x0000, 0x0000,
    0x0000, 0x0000, 0x0000, 0x0000, 0x0000, 0x0000, 0x0000, 0x0000, 0x0000, 0x0000, 0x0000, 0x0000, 0x0000, 0x0000, 0x0000, 0x0000,
    0x0000, 0x0000, 0x0000, 0x0000, 0x0000, 0x0000, 0x0000, 0x0000, 0x0000, 0x0000, 0x0000, 0x0000, 0x0000, 0x0000, 0x0000, 0x0000,
    0x0000, 0x0000, 0x0000, 0x0000, 0x0000, 0x0000, 0x0000, 0x0000, 0x0000, 0x0000, 0x0000, 0x0000, 0x0000, 0x0000, 0x0000, 0x0000,
    0x0000, 0x0000, 0x0000, 0x0000, 0x0000, 0x0000, 0x0000, 0x0000, 0x0000, 0x0000, 0x0000, 0x0000, 0x0000, 0x0000, 0x0000, 0x0000,
    0x0000, 0x0000, 0x0000, 0x0000, 0x0000, 0x0000, 0x0000, 0x0000, 0x0000, 0x0000, 0x0000, 0x0000, 0x0000, 0x0000, 0x0000, 0x0000,
    0x0000, 0x0000, 0x0000, 0x0000, 0x0000, 0x0000, 0x0000, 0x0000, 0x0000, 0x0000, 0x0000, 0x0000, 0x0000, 0x0000, 0x0000, 0x0000,
    0x0000, 0x0000, 0x0000, 0x0000, 0x0000, 0x0000, 0x0000, 0x0000, 0x0000, 0x0000, 0x0000, 0x0000, 0x0000, 0x0000, 0x0000, 0x0000,
    0x0000, 0x0000, 0x0000, 0x0000, 0x0000, 0x0000, 0x0000, 0x0000, 0x0000, 0x0000, 0x0000, 0x0000, 0x0000, 0x0000, 0x0000, 0x0000,
    0x0000, 0x0000, 0x0000, 0x0000, 0x0000, 0x0000, 0x0000, 0x0000, 0x0000, 0x0000, 0x0000, 0x0000, 0x0000, 0x0000, 0x0000, 0x0000,
    0x0000, 0x0000, 0x0000, 0x0000, 0x0000, 0x0000, 0x0000, 0x0000, 0x0000, 0x0000, 0x0020, 0x0020, 0x0000, 0x0000, 0x0000, 0x0000,
    0x0000, 0x0000, 0x0000, 0x0000, 0x0000, 0x0000, 0x0000, 0x0000, 0x0000, 0x0000, 0x0000, 0x0000, 0x0000, 0x0000, 0x0000, 0x0000,
    0x0000, 0x0000, 0x0000, 0x0000, 0x0000, 0x0000, 0x0000, 0x0000, 0x0000, 0x0000, 0x0000, 0x0000, 0x0000, 0x0000, 0x0000, 0x0000,
    0x0000, 0x0000, 0x0000, 0x0000, 0x0000, 0x0000, 0x0000, 0x0000, 0x0000, 0x0000, 0x0000, 0x0000, 0x0000, 0x0000, 0x0000, 0x0000,
    0x0000, 0x0000, 0x0000, 0x0000, 0x0000, 0x0000, 0x0000, 0x0000, 0x0000, 0x0000, 0x0000, 0x0000, 0x0000, 0x0000, 0x0000, 0x0000,
    0x0000, 0x0000, 0x0000, 0x0000, 0x0000, 0x0000, 0x0000, 0x0000, 0x0000, 0x0000, 0x0000, 0x0000, 0x0000, 0x0000, 0x0000, 0x0000,
    0x0000, 0x0000, 0x0000, 0x0000, 0x0000, 0x0000, 0x0000, 0x0000, 0x0000, 0x0000, 0x0000, 0x0000, 0x0000, 0x0000, 0x0000, 0x0000,
    0x0000, 0x0000, 0x0020, 0x10a2, 0x2945, 0x39e7, 0x4249, 0x4249, 0x3186, 0x18e3, 0x0020, 0x0000, 0x0000, 0x0000, 0x0000, 0x0020,
    0x1904, 0x52aa, 0x8451, 0xa534, 0xad75, 0x9492, 0x632c, 0x4a8a, 0x6b6d, 0x9cd3, 0xa575, 0x73ae, 0x2124, 0x0000, 0x0000, 0x0000,
    0x0000, 0x0000, 0x0000, 0x0000, 0x0000, 0x0000, 0x0000, 0x0000, 0x0000, 0x0000, 0x0000, 0x0000, 0x0000, 0x0000, 0x0000, 0x0000,
    0x0000, 0x0000, 0x0000, 0x0000, 0x0000, 0x0000, 0x0000, 0x0000, 0x0000, 0x0000, 0x0000, 0x0000, 0x0000, 0x0000, 0x0000, 0x0000,
    0x0000, 0x0000, 0x0000, 0x0000, 0x0000, 0x0000, 0x0000, 0x0000, 0x0000, 0x0000, 0x0000, 0x0000, 0x0000, 0x0000, 0x0000, 0x0000,
    0x0000, 0x0000, 0x0000, 0x0000, 0x0000, 0x0000, 0x0000, 0x0000, 0x0000, 0x0000, 0x0000, 0x0000, 0x0000, 0x0000, 0x0000, 0x0000,
    0x0000, 0x0000, 0x0000, 0x0000, 0x0000, 0x0000, 0x0000, 0x0000, 0x0000, 0x0000, 0x0000, 0x0000, 0x0000, 0x0000, 0x0000, 0x0000,
    0x0000, 0x0000, 0x0000, 0x0000, 0x0000, 0x0000, 0x0000, 0x0000, 0x0000, 0x0000, 0x0000, 0x0000, 0x0000, 0x0000, 0x0000, 0x0000,
    0x0000, 0x0000, 0x0000, 0x0000, 0x0000, 0x0000, 0x0000, 0x0000, 0x0000, 0x0000, 0x0000, 0x0000, 0x0000, 0x0000, 0x0000, 0x0000,
    0x0000, 0x0000, 0x0000, 0x0000, 0x0000, 0x0000, 0x0000, 0x0000, 0x0000, 0x0000, 0x0000, 0x0000, 0x0000, 0x0000, 0x0000, 0x0000,
    0x0000, 0x0000, 0x0000, 0x0000, 0x0000, 0x0000, 0x0000, 0x0000, 0x0000, 0x0000, 0x0000, 0x0000, 0x0000, 0x0000, 0x0000, 0x0000,
    0x0000, 0x0000, 0x0000, 0x0000, 0x0000, 0x0000, 0x0000, 0x0000, 0x0000, 0x0000, 0x0000, 0x0000, 0x0000, 0x0000, 0x0000, 0x0000,
    0x0000, 0x0000, 0x0000, 0x0020, 0x0020, 0x0000, 0x0000, 0x0000, 0x0000, 0x0000, 0x0000, 0x0000, 0x0000, 0x0000, 0x0000, 0x0000,
    0x0000, 0x0000, 0x0000, 0x0000, 0x0000, 0x0000, 0x0000, 0x0000, 0x0000, 0x0000, 0x0000, 0x0000, 0x0000, 0x0000, 0x0000, 0x0000,
    0x0000, 0x0000, 0x0000, 0x0000, 0x0000, 0x0000, 0x0000, 0x0000, 0x0000, 0x0000, 0x0000, 0x0000, 0x0000, 0x0000, 0x0000, 0x0000,
    0x0000, 0x0000, 0x0000, 0x0000, 0x0000, 0x0000, 0x0000, 0x0000, 0x0000, 0x0000, 0x0000, 0x0000, 0x0000, 0x0000, 0x0000, 0x0000,
    0x0000, 0x0000, 0x0000, 0x0000, 0x0000, 0x0000, 0x0000, 0x0000, 0x0000, 0x0000, 0x0000, 0x0000, 0x0000, 0x0000, 0x0000, 0x0000,
    0x0000, 0x0000, 0x0000, 0x0000, 0x0000, 0x0000, 0x0000, 0x0000, 0x0000, 0x0000, 0x0000, 0x0000, 0x0000, 0x0000, 0x0000, 0x0000,
    0x0000, 0x0000, 0x0000, 0x0861, 0x18e3, 0x2124, 0x1904, 0x10a2, 0x0882, 0x0882, 0x18e3, 0x2965, 0x4208, 0x4a8a, 0x52aa, 0x5aeb,
    0x632c, 0x630c, 0x39e7, 0x10a2, 0x0000, 0x0000, 0x0861, 0x1904, 0x39e7, 0x5acb, 0x7c10, 0x9cf3, 0xa534, 0x9492, 0x630c, 0x39e7,
    0x2965, 0x5acb, 0x9cb2, 0xbdd7, 0x7c10, 0x2124, 0x0000, 0x0000, 0x0000, 0x0000, 0x0000, 0x0000, 0x0000, 0x0000, 0x0000, 0x0000,
    0x0000, 0x0000, 0x0000, 0x0000, 0x0000, 0x0000, 0x0000, 0x0000, 0x0000, 0x0000, 0x0000, 0x0000, 0x0000, 0x0000, 0x0000, 0x0000,
    0x0000, 0x0000, 0x0000, 0x0000, 0x0000, 0x0000, 0x0000, 0x0000, 0x0000, 0x0000, 0x0000, 0x0000, 0x0000, 0x0000, 0x0000, 0x0000,
    0x0000, 0x0000, 0x0000, 0x0000, 0x0000, 0x0000, 0x0000, 0x0000, 0x0000, 0x0000, 0x0000, 0x0000, 0x0000, 0x0000, 0x0000, 0x0000,
    0x0000, 0x0000, 0x0000, 0x0000, 0x0000, 0x0000, 0x0000, 0x0000, 0x0000, 0x0000, 0x0000, 0x0000, 0x0000, 0x0000, 0x0000, 0x0000,
    0x0000, 0x0000, 0x0000, 0x0000, 0x0000, 0x0000, 0x0000, 0x0000, 0x0000, 0x0000, 0x0000, 0x0000, 0x0000, 0x0000, 0x0000, 0x0000,
    0x0000, 0x0000, 0x0000, 0x0000, 0x0000, 0x0000, 0x0000, 0x0000, 0x0000, 0x0000, 0x0000, 0x0000, 0x0000, 0x0000, 0x0000, 0x0000,
    0x0000, 0x0000, 0x0000, 0x0000, 0x0000, 0x0000, 0x0000, 0x0000, 0x0000, 0x0000, 0x0000, 0x0000, 0x0000, 0x0000, 0x0000, 0x0000,
    0x0000, 0x0000, 0x0000, 0x0000, 0x0000, 0x0000, 0x0000, 0x0000, 0x0000, 0x0000, 0x0000, 0x0000, 0x0000, 0x0000, 0x0000, 0x0000,
    0x0000, 0x0000, 0x0000, 0x0000, 0x0000, 0x0000, 0x0000, 0x0000, 0x0000, 0x0000, 0x0000, 0x0000, 0x0000, 0x0000, 0x0000, 0x0000,
    0x0000, 0x0000, 0x0000, 0x0000, 0x0000, 0x0000, 0x0000, 0x0000, 0x0000, 0x0000, 0x0000, 0x0020, 0x0020, 0x0020, 0x0000, 0x0000,
    0x0000, 0x0000, 0x0000, 0x0000, 0x0000, 0x0000, 0x0000, 0x0000, 0x0000, 0x0000, 0x0000, 0x0000, 0x0000, 0x0000, 0x0000, 0x0000,
    0x0000, 0x0000, 0x0000, 0x0000, 0x0000, 0x0000, 0x0000, 0x0000, 0x0000, 0x0000, 0x0000, 0x0000, 0x0000, 0x0000, 0x0000, 0x0000,
    0x0000, 0x0000, 0x0000, 0x0000, 0x0000, 0x0000, 0x0000, 0x0000, 0x0000, 0x0000, 0x0000, 0x0000, 0x0000, 0x0000, 0x0000, 0x0000,
    0x0000, 0x0000, 0x0000, 0x0000, 0x0000, 0x0000, 0x0000, 0x0000, 0x0000, 0x0000, 0x0000, 0x0000, 0x0000, 0x0000, 0x0000, 0x0000,
    0x0000, 0x0000, 0x0000, 0x0000, 0x0000, 0x0000, 0x0000, 0x0000, 0x0000, 0x0000, 0x0000, 0x0000, 0x0000, 0x0000, 0x0000, 0x0000,
    0x0000, 0x0000, 0x0000, 0x0000, 0x0000, 0x0000, 0x0000, 0x0000, 0x0000, 0x0000, 0x0000, 0x0020, 0x2965, 0x5aeb, 0x738e, 0x6b6d,
    0x4a8a, 0x39e7, 0x4208, 0x5acb, 0x738e, 0x7bef, 0x738e, 0x630c, 0x630c, 0x7bef, 0x8c71, 0x6b8d, 0x2945, 0x0000, 0x0000, 0x2945,
    0x5aeb, 0x8c71, 0x9cf3, 0x9cf3, 0x8c71, 0x6b6d, 0x4249, 0x2945, 0x18c3, 0x18e3, 0x4a8a, 0x94b2, 0xb596, 0x7bcf, 0x2124, 0x0000,
    0x0000, 0x0000, 0x0000, 0x0000, 0x0000, 0x0000, 0x0000, 0x0000, 0x0000, 0x0000, 0x0000, 0x0000, 0x0000, 0x0000, 0x0000, 0x0000,
    0x0000, 0x0000, 0x0000, 0x0000, 0x0000, 0x0000, 0x0000, 0x0000, 0x0000, 0x0000, 0x0000, 0x0000, 0x0000, 0x0000, 0x0000, 0x0000,
    0x0000, 0x0000, 0x0000, 0x0000, 0x0000, 0x0000, 0x0000, 0x0000, 0x0000, 0x0000, 0x0000, 0x0000, 0x0000, 0x0000, 0x0000, 0x0000,
    0x0000, 0x0000, 0x0000, 0x0000, 0x0000, 0x0000, 0x0000, 0x0000, 0x0000, 0x0000, 0x0000, 0x0000, 0x0000, 0x0000, 0x0000, 0x0000,
    0x0000, 0x0000, 0x0000, 0x0000, 0x0000, 0x0000, 0x0000, 0x0000, 0x0000, 0x0000, 0x0000, 0x0000, 0x0000, 0x0000, 0x0000, 0x0000,
    0x0000, 0x0000, 0x0000, 0x0000, 0x0000, 0x0000, 0x0000, 0x0000, 0x0000, 0x0000, 0x0000, 0x0000, 0x0000, 0x0000, 0x0000, 0x0000,
    0x0000, 0x0000, 0x0000, 0x0000, 0x0000, 0x0000, 0x0000, 0x0000, 0x0000, 0x0000, 0x0000, 0x0000, 0x0000, 0x0000, 0x0000, 0x0000,
    0x0000, 0x0000, 0x0000, 0x0000, 0x0000, 0x0000, 0x0000, 0x0000, 0x0000, 0x0000, 0x0000, 0x0000, 0x0000, 0x0000, 0x0000, 0x0000,
    0x0000, 0x0000, 0x0000, 0x0000, 0x0000, 0x0000, 0x0000, 0x0000, 0x0000, 0x0000, 0x0000, 0x0000, 0x0000, 0x0000, 0x0000, 0x0000,
    0x0000, 0x0000, 0x0000, 0x0000, 0x0000, 0x0000, 0x0000, 0x0000, 0x0000, 0x0000, 0x0000, 0x0000, 0x0000, 0x0000, 0x0000, 0x0000,
    0x0000, 0x0000, 0x0000, 0x0020, 0x0020, 0x0020, 0x0020, 0x0000, 0x0000, 0x0000, 0x0000, 0x0000, 0x0000, 0x0000, 0x0000, 0x0000,
    0x0000, 0x0000, 0x0000, 0x0000, 0x0000, 0x0000, 0x0000, 0x0000, 0x0000, 0x0000, 0x0000, 0x0000, 0x0000, 0x0000, 0x0000, 0x0000,
    0x0000, 0x0000, 0x0000, 0x0000, 0x0000, 0x0000, 0x0000, 0x0000, 0x0000, 0x0000, 0x0000, 0x0000, 0x0000, 0x0000, 0x0000, 0x0000,
    0x0000, 0x0000, 0x0000, 0x0000, 0x0000, 0x0000, 0x0000, 0x0000, 0x0000, 0x0000, 0x0000, 0x0000, 0x0000, 0x0000, 0x0000, 0x0000,
    0x0000, 0x0000, 0x0000, 0x0000, 0x0000, 0x0000, 0x0000, 0x0000, 0x0000, 0x0000, 0x0000, 0x0000, 0x0000, 0x0000, 0x0000, 0x0000,
    0x0000, 0x0000, 0x0000, 0x0000, 0x0000, 0x0000, 0x0000, 0x0000, 0x0000, 0x0000, 0x0000, 0x0000, 0x0000, 0x0000, 0x0000, 0x0000,
    0x0000, 0x0000, 0x0000, 0x0861, 0x2124, 0x52aa, 0x8c71, 0xb596, 0xa575, 0x9cd3, 0x8c71, 0x8c71, 0x9cb2, 0x9cf3, 0x9cb2, 0x7bcf,
    0x4a8a, 0x4a8a, 0x7c10, 0xb596, 0xa534, 0x5aeb, 0x2124, 0x2124, 0x5acb, 0x9cd3, 0xbe18, 0xbdd7, 0x9cb2, 0x5aeb, 0x2945, 0x0882,
    0x0000, 0x0020, 0x2124, 0x5acb, 0x8c71, 0x9cb2, 0x630c, 0x18e3, 0x0000, 0x0000, 0x0000, 0x0000, 0x0000, 0x0000, 0x0000, 0x0000,
    0x0000, 0x0000, 0x0000, 0x0000, 0x0000, 0x0000, 0x0000, 0x0000, 0x0000, 0x0000, 0x0000, 0x0000, 0x0000, 0x0000, 0x0000, 0x0000,
    0x0000, 0x0000, 0x0000, 0x0000, 0x0000, 0x0000, 0x0000, 0x0000, 0x0000, 0x0000, 0x0000, 0x0000, 0x0000, 0x0000, 0x0000, 0x0000,
    0x0000, 0x0000, 0x0000, 0x0000, 0x0000, 0x0000, 0x0000, 0x0000, 0x0000, 0x0000, 0x0000, 0x0000, 0x0000, 0x0000, 0x0000, 0x0000,
    0x0000, 0x0000, 0x0000, 0x0000, 0x0000, 0x0000, 0x0000, 0x0000, 0x0000, 0x0000, 0x0000, 0x0000, 0x0000, 0x0000, 0x0000, 0x0000,
    0x0000, 0x0000, 0x0000, 0x0000, 0x0000, 0x0000, 0x0000, 0x0000, 0x0000, 0x0000, 0x0000, 0x0000, 0x0000, 0x0000, 0x0000, 0x0000,
    0x0000, 0x0000, 0x0000, 0x0000, 0x0000, 0x0000, 0x0000, 0x0000, 0x0000, 0x0000, 0x0000, 0x0000, 0x0000, 0x0000, 0x0000, 0x0000,
    0x0000, 0x0000, 0x0000, 0x0000, 0x0000, 0x0000, 0x0000, 0x0000, 0x0000, 0x0000, 0x0000, 0x0000, 0x0000, 0x0000, 0x0000, 0x0000,
    0x0000, 0x0000, 0x0000, 0x0000, 0x0000, 0x0000, 0x0000, 0x0000, 0x0000, 0x0000, 0x0000, 0x0000, 0x0000, 0x0000, 0x0000, 0x0000,
    0x0000, 0x0000, 0x0000, 0x0000, 0x0000, 0x0000, 0x0000, 0x0000, 0x0000, 0x0000, 0x0000, 0x0000, 0x0000, 0x0000, 0x0000, 0x0000,
    0x0000, 0x0000, 0x0000, 0x0000, 0x0000, 0x0000, 0x0000, 0x0000, 0x0000, 0x0000, 0x0000, 0x0000, 0x0020, 0x0020, 0x0020, 0x0000,
    0x0000, 0x0000, 0x0000, 0x0000, 0x0000, 0x0000, 0x0000, 0x0000, 0x0000, 0x0000, 0x0000, 0x0000, 0x0000, 0x0000, 0x0000, 0x0000,
    0x0000, 0x0000, 0x0000, 0x0000, 0x0000, 0x0000, 0x0000, 0x0000, 0x0000, 0x0000, 0x0000, 0x0000, 0x0000, 0x0000, 0x0000, 0x0000,
    0x0000, 0x0000, 0x0000, 0x0000, 0x0000, 0x0000, 0x0000, 0x0000, 0x0000, 0x0000, 0x0000, 0x0000, 0x0000, 0x0000, 0x0000, 0x0000,
    0x0000, 0x0000, 0x0000, 0x0000, 0x0000, 0x0000, 0x0000, 0x0000, 0x0000, 0x0000, 0x0000, 0x0000, 0x0000, 0x0000, 0x0000, 0x0000,
    0x0000, 0x0000, 0x0000, 0x0000, 0x0000, 0x0000, 0x0000, 0x0000, 0x0000, 0x0000, 0x0000, 0x0000, 0x0000, 0x0000, 0x0000, 0x0000,
    0x0000, 0x0000, 0x0000, 0x0000, 0x0000, 0x0000, 0x0000, 0x0000, 0x0000, 0x0000, 0x0020, 0x18c3, 0x3186, 0x52aa, 0x6b8d, 0x8451,
    0xa534, 0xbe18, 0xc679, 0xd6ba, 0xbe18, 0xad75, 0x9cb2, 0x73ae, 0x4a8a, 0x2965, 0x31c7, 0x7bcf, 0xbe18, 0xd6ba, 0xad75, 0x7bcf,
    0x6b6d, 0x8430, 0x9cf3, 0xad75, 0x9cd3, 0x6b6d, 0x2965, 0x0000, 0x0000, 0x0000, 0x0861, 0x31c7, 0x6b6d, 0x8430, 0x7bcf, 0x4249,
    0x0882, 0x0000, 0x0000, 0x0000, 0x0000, 0x0000, 0x0000, 0x0000, 0x0000, 0x0000, 0x0000, 0x0000, 0x0000, 0x0000, 0x0000, 0x0000,
    0x0000, 0x0000, 0x0000, 0x0000, 0x0000, 0x0000, 0x0000, 0x0000, 0x0000, 0x0000, 0x0000, 0x0000, 0x0000, 0x0000, 0x0000, 0x0000,
    0x0000, 0x0000, 0x0000, 0x0000, 0x0000, 0x0000, 0x0000, 0x0000, 0x0000, 0x0000, 0x0000, 0x0000, 0x0000, 0x0000, 0x0000, 0x0000,
    0x0000, 0x0000, 0x0000, 0x0000, 0x0000, 0x0000, 0x0000, 0x0000, 0x0000, 0x0000, 0x0000, 0x0000, 0x0000, 0x0000, 0x0000, 0x0000,
    0x0000, 0x0000, 0x0000, 0x0000, 0x0000, 0x0000, 0x0000, 0x0000, 0x0000, 0x0000, 0x0000, 0x0000, 0x0000, 0x0000, 0x0000, 0x0000,
    0x0000, 0x0000, 0x0000, 0x0000, 0x0000, 0x0000, 0x0000, 0x0000, 0x0000, 0x0000, 0x0000, 0x0000, 0x0000, 0x0000, 0x0000, 0x0000,
    0x0000, 0x0000, 0x0000, 0x0000, 0x0000, 0x0000, 0x0000, 0x0000, 0x0000, 0x0000, 0x0000, 0x0000, 0x0000, 0x0000, 0x0000, 0x0000,
    0x0000, 0x0000, 0x0000, 0x0000, 0x0000, 0x0000, 0x0000, 0x0000, 0x0000, 0x0000, 0x0000, 0x0000, 0x0000, 0x0000, 0x0000, 0x0000,
    0x0000, 0x0000, 0x0000, 0x0000, 0x0000, 0x0000, 0x0000, 0x0000, 0x0000, 0x0000, 0x0000, 0x0000, 0x0000, 0x0000, 0x0000, 0x0000,
    0x0000, 0x0000, 0x0000, 0x0000, 0x0000, 0x0000, 0x0000, 0x0000, 0x0000, 0x0000, 0x0000, 0x0000, 0x0000, 0x0000, 0x0000, 0x0000,
    0x0000, 0x0000, 0x0000, 0x0000, 0x0000, 0x0020, 0x0000, 0x0000, 0x0000, 0x0000, 0x0000, 0x0000, 0x0000, 0x0000, 0x0000, 0x0000,
    0x0000, 0x0000, 0x0000, 0x0000, 0x0000, 0x0000, 0x0000, 0x0000, 0x0000, 0x0000, 0x0000, 0x0000, 0x0000, 0x0000, 0x0000, 0x0000,
    0x0000, 0x0000, 0x0000, 0x0000, 0x0000, 0x0000, 0x0000, 0x0000, 0x0000, 0x0000, 0x0000, 0x0000, 0x0000, 0x0000, 0x0000, 0x0000,
    0x0000, 0x0000, 0x0000, 0x0000, 0x0000, 0x0000, 0x0000, 0x0000, 0x0000, 0x0000, 0x0000, 0x0000, 0x0000, 0x0000, 0x0000, 0x0000,
    0x0000, 0x0000, 0x0000, 0x0000, 0x0000, 0x0000, 0x0000, 0x0000, 0x0000, 0x0000, 0x0000, 0x0000, 0x0000, 0x0000, 0x0000, 0x0000,
    0x0000, 0x0000, 0x0000, 0x0000, 0x0000, 0x0000, 0x0000, 0x0000, 0x0000, 0x0000, 0x0000, 0x0000, 0x0000, 0x0000, 0x0000, 0x0000,
    0x0000, 0x0000, 0x0000, 0x18e3, 0x4a69, 0x73ae, 0x8451, 0x73ae, 0x630c, 0x6b6d, 0xa534, 0xcf3c, 0xf7df, 0xd6ba, 0x9cd3, 0x630c,
    0x39e7, 0x18e3, 0x0861, 0x18e3, 0x630c, 0xbe18, 0xf7df, 0xef3c, 0xc679, 0xad75, 0x9cb2, 0x7c10, 0x6b6d, 0x4a8a, 0x2945, 0x0861,
    0x0000, 0x0000, 0x0000, 0x18e3, 0x52aa, 0x7c10, 0x7bef, 0x5acb, 0x2945, 0x0020, 0x0000, 0x0000, 0x0000, 0x0000, 0x0000, 0x0000,
    0x0000, 0x0000, 0x0000, 0x0000, 0x0000, 0x0000, 0x0000, 0x0000, 0x0000, 0x0000, 0x0000, 0x0000, 0x0000, 0x0000, 0x0000, 0x0000,
    0x0000, 0x0000, 0x0000, 0x0000, 0x0000, 0x0000, 0x0000, 0x0000, 0x0000, 0x0000, 0x0000, 0x0000, 0x0000, 0x0000, 0x0000, 0x0000,
    0x0000, 0x0000, 0x0000, 0x0000, 0x0000, 0x0000, 0x0000, 0x0000, 0x0000, 0x0000, 0x0000, 0x0000, 0x0000, 0x0000, 0x0000, 0x0000,
    0x0000, 0x0000, 0x0000, 0x0000, 0x0000, 0x0000, 0x0000, 0x0000, 0x0000, 0x0000, 0x0000, 0x0000, 0x0000, 0x0000, 0x0000, 0x0000,
    0x0000, 0x0000, 0x0000, 0x0000, 0x0000, 0x0000, 0x0000, 0x0000, 0x0000, 0x0000, 0x0000, 0x0000, 0x0000, 0x0000, 0x0000, 0x0000,
    0x0000, 0x0000, 0x0000, 0x0000, 0x0000, 0x0000, 0x0000, 0x0000, 0x0000, 0x0000, 0x0000, 0x0000, 0x0000, 0x0000, 0x0000, 0x0000,
    0x0000, 0x0000, 0x0000, 0x0000, 0x0000, 0x0000, 0x0000, 0x0000, 0x0000, 0x0000, 0x0000, 0x0000, 0x0000, 0x0000, 0x0000, 0x0000,
    0x0000, 0x0000, 0x0000, 0x0000, 0x0000, 0x0000, 0x0000, 0x0000, 0x0000, 0x0000, 0x0000, 0x0000, 0x0000, 0x0000, 0x0000, 0x0000,
    0x0000, 0x0000, 0x0000, 0x0000, 0x0000, 0x0000, 0x0000, 0x0000, 0x0000, 0x0000, 0x0000, 0x0000, 0x0000, 0x0000, 0x0000, 0x0000,
    0x0000, 0x0000, 0x0000, 0x0000, 0x0000, 0x0000, 0x0000, 0x0000, 0x0000, 0x0000, 0x0000, 0x0000, 0x0000, 0x0000, 0x0000, 0x0000,
    0x0000, 0x0000, 0x0000, 0x0000, 0x0000, 0x0000, 0x0000, 0x0000, 0x0000, 0x0000, 0x0000, 0x0000, 0x0000, 0x0000, 0x0000, 0x0000,
    0x0000, 0x0000, 0x0000, 0x0000, 0x0000, 0x0000, 0x0000, 0x0000, 0x0000, 0x0000, 0x0000, 0x0000, 0x0000, 0x0000, 0x0000, 0x0000,
    0x0000, 0x0000, 0x0000, 0x0000, 0x0000, 0x0000, 0x0000, 0x0000, 0x0000, 0x0000, 0x0000, 0x0000, 0x0000, 0x0000, 0x0000, 0x0000,
    0x0000, 0x0000, 0x0000, 0x0000, 0x0000, 0x0000, 0x0000, 0x0000, 0x0000, 0x0000, 0x0000, 0x0000, 0x0000, 0x0000, 0x0000, 0x0000,
    0x0000, 0x0000, 0x0000, 0x0000, 0x0000, 0x0000, 0x0000, 0x0000, 0x0000, 0x0000, 0x0000, 0x0000, 0x0000, 0x0000, 0x0000, 0x0000,
    0x0000, 0x0000, 0x0000, 0x0000, 0x0000, 0x0000, 0x0000, 0x0000, 0x0000, 0x0000, 0x0861, 0x18c3, 0x4249, 0x7bef, 0x9cd3, 0x8492,
    0x5aeb, 0x2965, 0x2945, 0x538e, 0xa659, 0xcf3c, 0x9dd7, 0x538e, 0x1945, 0x0861, 0x0000, 0x0000, 0x0861, 0x4249, 0x9514, 0xf7df,
    0xf7df, 0xef3c, 0xbe18, 0x8430, 0x4a69, 0x2124, 0x0882, 0x0000, 0x0000, 0x0000, 0x0000, 0x0020, 0x31c7, 0x7bcf, 0x94b2, 0x738e,
    0x39e7, 0x0882, 0x0000, 0x0000, 0x0000, 0x0000, 0x0000, 0x0000, 0x0000, 0x0000, 0x0000, 0x0000, 0x0000, 0x0000, 0x0000, 0x0000,
    0x0000, 0x0000, 0x0000, 0x0000, 0x0000, 0x0000, 0x0000, 0x0000, 0x0000, 0x0000, 0x0000, 0x0000, 0x0000, 0x0000, 0x0000, 0x0000,
    0x0000, 0x0000, 0x0000, 0x0000, 0x0000, 0x0000, 0x0000, 0x0000, 0x0000, 0x0000, 0x0000, 0x0000, 0x0000, 0x0000, 0x0000, 0x0000,
    0x0000, 0x0000, 0x0000, 0x0000, 0x0000, 0x0000, 0x0000, 0x0000, 0x0000, 0x0000, 0x0000, 0x0000, 0x0000, 0x0000, 0x0000, 0x0000,
    0x0000, 0x0000, 0x0000, 0x0000, 0x0000, 0x0000, 0x0000, 0x0000, 0x0000, 0x0000, 0x0000, 0x0000, 0x0000, 0x0000, 0x0000, 0x0000,
    0x0000, 0x0000, 0x0000, 0x0000, 0x0000, 0x0000, 0x0000, 0x0000, 0x0000, 0x0000, 0x0000, 0x0000, 0x0000, 0x0000, 0x0000, 0x0000,
    0x0000, 0x0000, 0x0000, 0x0000, 0x0000, 0x0000, 0x0000, 0x0000, 0x0000, 0x0000, 0x0000, 0x0000, 0x0000, 0x0000, 0x0000, 0x0000,
    0x0000, 0x0000, 0x0000, 0x0000, 0x0000, 0x0000, 0x0000, 0x0000, 0x0000, 0x0000, 0x0000, 0x0000, 0x0000, 0x0000, 0x0000, 0x0000,
    0x0000, 0x0000, 0x0000, 0x0000, 0x0000, 0x0000, 0x0000, 0x0000, 0x0000, 0x0000, 0x0000, 0x0000, 0x0000, 0x0000, 0x0000, 0x0000,
    0x0000, 0x0000, 0x0000, 0x0000, 0x0000, 0x0000, 0x0000, 0x0000, 0x0000, 0x0000, 0x0000, 0x0000, 0x0000, 0x0000, 0x0000, 0x0000,
    0x0000, 0x0000, 0x0000, 0x0000, 0x0000, 0x0000, 0x0000, 0x0000, 0x0000, 0x0000, 0x0000, 0x0000, 0x0000, 0x0000, 0x0000, 0x0000,
    0x0000, 0x0000, 0x0000, 0x0000, 0x0000, 0x0000, 0x0000, 0x0000, 0x0000, 0x0000, 0x0000, 0x0000, 0x0000, 0x0000, 0x0000, 0x0000,
    0x0000, 0x0000, 0x0000, 0x0000, 0x0000, 0x0000, 0x0000, 0x0000, 0x0000, 0x0000, 0x0000, 0x0000, 0x0000, 0x0000, 0x0000, 0x0000,
    0x0000, 0x0000, 0x0000, 0x0000, 0x0000, 0x0000, 0x0000, 0x0000, 0x0000, 0x0000, 0x0000, 0x0000, 0x0000, 0x0000, 0x0000, 0x0000,
    0x0000, 0x0000, 0x0000, 0x0000, 0x0000, 0x0000, 0x0000, 0x0000, 0x0000, 0x0000, 0x0000, 0x0000, 0x0000, 0x0000, 0x0000, 0x0000,
    0x0000, 0x0000, 0x0000, 0x0000, 0x0000, 0x0000, 0x0000, 0x0000, 0x0000, 0x0000, 0x0000, 0x0000, 0x0000, 0x0000, 0x0000, 0x0000,
    0x0000, 0x0000, 0x10a2, 0x31c7, 0x5acb, 0x7c10, 0x94b2, 0x8492, 0x538e, 0x19a6, 0x0861, 0x0020, 0x19a6, 0x7bef, 0x94b2, 0x6b8d,
    0x19a6, 0x0861, 0x0000, 0x0000, 0x0000, 0x0020, 0x19a6, 0x6451, 0xa659, 0xcf3c, 0xc679, 0x9492, 0x4a8a, 0x18e3, 0x0000, 0x0000,
    0x0000, 0x0000, 0x0000, 0x0000, 0x0882, 0x4a69, 0x9492, 0x9cf3, 0x632c, 0x2124, 0x0000, 0x0000, 0x0000, 0x0000, 0x0000, 0x0000,
    0x0000, 0x0000, 0x0000, 0x0000, 0x0000, 0x0000, 0x0000, 0x0000, 0x0000, 0x0000, 0x0000, 0x0000, 0x0000, 0x0000, 0x0000, 0x0000,
    0x0000, 0x0000, 0x0000, 0x0000, 0x0000, 0x0000, 0x0000, 0x0000, 0x0000, 0x0000, 0x0000, 0x0000, 0x0000, 0x0000, 0x0000, 0x0000,
    0x0000, 0x0000, 0x0000, 0x0000, 0x0000, 0x0000, 0x0000, 0x0000, 0x0000, 0x0000, 0x0000, 0x0000, 0x0000, 0x0000, 0x0000, 0x0000,
    0x0000, 0x0000, 0x0000, 0x0000, 0x0000, 0x0000, 0x0000, 0x0000, 0x0000, 0x0000, 0x0000, 0x0000, 0x0000, 0x0000, 0x0000, 0x0000,
    0x0000, 0x0000, 0x0000, 0x0000, 0x0000, 0x0000, 0x0000, 0x0000, 0x0000, 0x0000, 0x0000, 0x0000, 0x0000, 0x0000, 0x0000, 0x0000,
    0x0000, 0x0000, 0x0000, 0x0000, 0x0000, 0x0000, 0x0000, 0x0000, 0x0000, 0x0000, 0x0000, 0x0000, 0x0000, 0x0000, 0x0000, 0x0000,
    0x0000, 0x0000, 0x0000, 0x0000, 0x0000, 0x0000, 0x0000, 0x0000, 0x0000, 0x0000, 0x0000, 0x0000, 0x0000, 0x0000, 0x0000, 0x0000,
    0x0000, 0x0000, 0x0000, 0x0000, 0x0000, 0x0000, 0x0000, 0x0000, 0x0000, 0x0000, 0x0000, 0x0000, 0x0000, 0x0000, 0x0000, 0x0000,
    0x0000, 0x0000, 0x0000, 0x0000, 0x0000, 0x0000, 0x0000, 0x0000, 0x0000, 0x0000, 0x0000, 0x0000, 0x0000, 0x0000, 0x0000, 0x0000,
    0x0000, 0x0000, 0x0000, 0x0000, 0x0000, 0x0000, 0x0000, 0x0000, 0x0000, 0x0000, 0x0000, 0x0000, 0x0000, 0x0000, 0x0000, 0x0000,
    0x0000, 0x0000, 0x0000, 0x0000, 0x0000, 0x0000, 0x0000, 0x0000, 0x0000, 0x0000, 0x0000, 0x0000, 0x0000, 0x0000, 0x0000, 0x0000,
    0x0000, 0x0000, 0x0000, 0x0000, 0x0000, 0x0000, 0x0000, 0x0000, 0x0000, 0x0000, 0x0000, 0x0000, 0x0000, 0x0000, 0x0000, 0x0000,
    0x0000, 0x0000, 0x0000, 0x0000, 0x0000, 0x0000, 0x0000, 0x0000, 0x0000, 0x0000, 0x0000, 0x0000, 0x0000, 0x0000, 0x0000, 0x0000,
    0x0000, 0x0000, 0x0000, 0x0000, 0x0000, 0x0000, 0x0000, 0x0000, 0x0000, 0x0000, 0x0000, 0x0000, 0x0000, 0x0000, 0x0000, 0x0000,
    0x0000, 0x0000, 0x0000, 0x0000, 0x0000, 0x0000, 0x0000, 0x0000, 0x0000, 0x0000, 0x0000, 0x0000, 0x0000, 0x0000, 0x0000, 0x0000,
    0x0000, 0x0000, 0x0000, 0x0000, 0x0000, 0x0000, 0x0000, 0x0000, 0x0000, 0x0000, 0x0020, 0x39e7, 0x7bef, 0xa534, 0xb596, 0x8492,
    0x630c, 0x19a6, 0x0861, 0x0000, 0x0000, 0x0882, 0x2945, 0x49a6, 0x2945, 0x0882, 0x0000, 0x0000, 0x0000, 0x0000, 0x0000, 0x1945,
    0x42cb, 0x7492, 0x8492, 0x73ae, 0x4a69, 0x18e3, 0x0000, 0x0000, 0x0000, 0x0000, 0x0000, 0x0000, 0x0000, 0x18c3, 0x5aeb, 0x9cf3,
    0x9cf3, 0x52aa, 0x10a2, 0x0000, 0x0000, 0x0000, 0x0000, 0x0000, 0x0000, 0x0000, 0x0000, 0x0000, 0x0000, 0x0000, 0x0000, 0x0000,
    0x0000, 0x0000, 0x0000, 0x0000, 0x0000, 0x0000, 0x0000, 0x0000, 0x0000, 0x0000, 0x0000, 0x0000, 0x0000, 0x0000, 0x0000, 0x0000,
    0x0000, 0x0000, 0x0000, 0x0000, 0x0000, 0x0000, 0x0000, 0x0000, 0x0000, 0x0000, 0x0000, 0x0000, 0x0000, 0x0000, 0x0000, 0x0000,
    0x0000, 0x0000, 0x0000, 0x0000, 0x0000, 0x0000, 0x0000, 0x0000, 0x0000, 0x0000, 0x0000, 0x0000, 0x0000, 0x0000, 0x0000, 0x0000,
    0x0000, 0x0000, 0x0000, 0x0000, 0x0000, 0x0000, 0x0000, 0x0000, 0x0000, 0x0000, 0x0000, 0x0000, 0x0000, 0x0000, 0x0000, 0x0000,
    0x0000, 0x0000, 0x0000, 0x0000, 0x0000, 0x0000, 0x0000, 0x0000, 0x0000, 0x0000, 0x0000, 0x0000, 0x0000, 0x0000, 0x0000, 0x0000,
    0x0000, 0x0000, 0x0000, 0x0000, 0x0000, 0x0000, 0x0000, 0x0000, 0x0000, 0x0000, 0x0000, 0x0000, 0x0000, 0x0000, 0x0000, 0x0000,
    0x0000, 0x0000, 0x0000, 0x0000, 0x0000, 0x0000, 0x0000, 0x0000, 0x0000, 0x0000, 0x0000, 0x0000, 0x0000, 0x0000, 0x0000, 0x0000,
    0x0000, 0x0000, 0x0000, 0x0000, 0x0000, 0x0000, 0x0000, 0x0000, 0x0000, 0x0000, 0x0000, 0x0000, 0x0000, 0x0000, 0x0000, 0x0000,
    0x0000, 0x0000, 0x0000, 0x0000, 0x0000, 0x0000, 0x0000, 0x0000, 0x0000, 0x0000, 0x0000, 0x0000, 0x0000, 0x0000, 0x0000, 0x0000,
    0x0000, 0x0000, 0x0000, 0x0000, 0x0000, 0x0000, 0x0000, 0x0000, 0x0000, 0x0000, 0x0000, 0x0000, 0x0000, 0x0000, 0x0000, 0x0000,
    0x0000, 0x0000, 0x0000, 0x0000, 0x0000, 0x0000, 0x0000, 0x0000, 0x0000, 0x0000, 0x0000, 0x0000, 0x0000, 0x0000, 0x0000, 0x0000,
    0x0000, 0x0000, 0x0000, 0x0000, 0x0000, 0x0000, 0x0000, 0x0000, 0x0000, 0x0000, 0x0000, 0x0000, 0x0000, 0x0000, 0x0000, 0x0000,
    0x0000, 0x0000, 0x0000, 0x0000, 0x0000, 0x0000, 0x0000, 0x0000, 0x0000, 0x0000, 0x0000, 0x0000, 0x0000, 0x0000, 0x0000, 0x0000,
    0x0000, 0x0000, 0x0000, 0x0000, 0x0000, 0x0000, 0x0000, 0x0000, 0x0000, 0x0000, 0x0000, 0x0000, 0x0000, 0x0000, 0x0000, 0x0000,
    0x0000, 0x0000, 0x0000, 0x0000, 0x0000, 0x0000, 0x0000, 0x0000, 0x0000, 0x0000, 0x0000, 0x0000, 0x0000, 0x0000, 0x0000, 0x0000,
    0x0000, 0x0000, 0x0882, 0x3186, 0x6b8d, 0xa575, 0xbe18, 0xa575, 0x538e, 0x2965, 0x0020, 0x0000, 0x0000, 0x0000, 0x2020, 0x3000,
    0x5020, 0x3000, 0x3000, 0x3000, 0x2020, 0x2020, 0x0000, 0x0000, 0x10a2, 0x3186, 0x4208, 0x39e7, 0x1945, 0x0882, 0x0000, 0x0000,
    0x0000, 0x0020, 0x0861, 0x0020, 0x0000, 0x0000, 0x2124, 0x632c, 0xa534, 0x9492, 0x4208, 0x0861, 0x0000, 0x0000, 0x0000, 0x0000,
    0x0000, 0x0000, 0x0000, 0x0000, 0x0000, 0x0000, 0x0000, 0x0000, 0x0000, 0x0000, 0x0000, 0x0000, 0x0000, 0x0000, 0x0000, 0x0000,
    0x0000, 0x0000, 0x0000, 0x0000, 0x0000, 0x0000, 0x0000, 0x0000, 0x0000, 0x0000, 0x0000, 0x0000, 0x0000, 0x0000, 0x0000, 0x0000,
    0x0000, 0x0000, 0x0000, 0x0000, 0x0000, 0x0000, 0x0000, 0x0000, 0x0000, 0x0000, 0x0000, 0x0000, 0x0000, 0x0000, 0x0000, 0x0000,
    0x0000, 0x0000, 0x0000, 0x0000, 0x0000, 0x0000, 0x0000, 0x0000, 0x0000, 0x0000, 0x0000, 0x0000, 0x0000, 0x0000, 0x0000, 0x0000,
    0x0000, 0x0000, 0x0000, 0x0000, 0x0000, 0x0000, 0x0000, 0x0000, 0x0000, 0x0000, 0x0000, 0x0000, 0x0000, 0x0000, 0x0000, 0x0000,
    0x0000, 0x0000, 0x0000, 0x0000, 0x0000, 0x0000, 0x0000, 0x0000, 0x0000, 0x0000, 0x0000, 0x0000, 0x0000, 0x0000, 0x0000, 0x0000,
    0x0000, 0x0000, 0x0000, 0x0000, 0x0000, 0x0000, 0x0000, 0x0000, 0x0000, 0x0000, 0x0000, 0x0000, 0x0000, 0x0000, 0x0000, 0x0000,
    0x0000, 0x0000, 0x0000, 0x0000, 0x0000, 0x0000, 0x0000, 0x0000, 0x0000, 0x0000, 0x0000, 0x0000, 0x0000, 0x0000, 0x0000, 0x0000,
    0x0000, 0x0000, 0x0000, 0x0000, 0x0000, 0x0000, 0x0000, 0x0000, 0x0000, 0x0000, 0x0000, 0x0000, 0x0000, 0x0000, 0x0000, 0x0000,
    0x0000, 0x0000, 0x0000, 0x0000, 0x0000, 0x0000, 0x0000, 0x0000, 0x0000, 0x0000, 0x0000, 0x0000, 0x0000, 0x0000, 0x0000, 0x0000,
    0x0000, 0x0000, 0x0000, 0x0000, 0x0000, 0x0000, 0x0000, 0x0000, 0x0000, 0x0000, 0x0000, 0x0000, 0x0000, 0x0000, 0x0000, 0x0000,
    0x0000, 0x0000, 0x0000, 0x0000, 0x0000, 0x0000, 0x0000, 0x0000, 0x0000, 0x0000, 0x0000, 0x0000, 0x0000, 0x0000, 0x0000, 0x0000,
    0x0000, 0x0000, 0x0000, 0x0000, 0x0000, 0x0000, 0x0000, 0x0000, 0x0000, 0x0000, 0x0000, 0x0000, 0x0000, 0x0000, 0x0000, 0x0000,
    0x0000, 0x0000, 0x0000, 0x0000, 0x0000, 0x0000, 0x0000, 0x0000, 0x0000, 0x0000, 0x0000, 0x0000, 0x0000, 0x0000, 0x0000, 0x0000,
    0x0000, 0x0000, 0x0000, 0x0000, 0x0000, 0x0000, 0x0000, 0x0000, 0x0000, 0x0000, 0x0000, 0x0000, 0x0000, 0x0000, 0x0000, 0x0000,
    0x0000, 0x0000, 0x0000, 0x0000, 0x0000, 0x0000, 0x0000, 0x0000, 0x0000, 0x0000, 0x18e3, 0x4a69, 0x7bcf, 0x9cd3, 0x9514, 0x7492,
    0x538e, 0x31c7, 0x0882, 0x2020, 0x2020, 0x3000, 0x5020, 0x7020, 0x7020, 0x8800, 0x8800, 0x8800, 0x8800, 0x8800, 0x7020, 0x5020,
    0x5020, 0x5020, 0x5020, 0x5020, 0x2020, 0x0020, 0x0000, 0x0000, 0x0000, 0x0861, 0x0882, 0x0882, 0x0020, 0x0020, 0x0882, 0x31c7,
    0x738e, 0x9cd3, 0x7c10, 0x31c7, 0x0861, 0x0000, 0x0000, 0x0000, 0x0000, 0x0000, 0x0000, 0x0000, 0x0000, 0x0000, 0x0000, 0x0000,
    0x0000, 0x0000, 0x0000, 0x0000, 0x0000, 0x0000, 0x0000, 0x0000, 0x0000, 0x0000, 0x0000, 0x0000, 0x0000, 0x0000, 0x0000, 0x0000,
    0x0000, 0x0000, 0x0000, 0x0000, 0x0000, 0x0000, 0x0000, 0x0000, 0x0000, 0x0000, 0x0000, 0x0000, 0x0000, 0x0000, 0x0000, 0x0000,
    0x0000, 0x0000, 0x0000, 0x0000, 0x0000, 0x0000, 0x0000, 0x0000, 0x0000, 0x0000, 0x0000, 0x0000, 0x0000, 0x0000, 0x0000, 0x0000,
    0x0000, 0x0000, 0x0000, 0x0000, 0x0000, 0x0000, 0x0000, 0x0000, 0x0000, 0x0000, 0x0000, 0x0000, 0x0000, 0x0000, 0x0000, 0x0000,
    0x0000, 0x0000, 0x0000, 0x0000, 0x0000, 0x0000, 0x0000, 0x0000, 0x0000, 0x0000, 0x0000, 0x0000, 0x0000, 0x0000, 0x0000, 0x0000,
    0x0000, 0x0000, 0x0000, 0x0000, 0x0000, 0x0000, 0x0000, 0x0000, 0x0000, 0x0000, 0x0000, 0x0000, 0x0000, 0x0000, 0x0000, 0x0000,
    0x0000, 0x0000, 0x0000, 0x0000, 0x0000, 0x0000, 0x0000, 0x0000, 0x0000, 0x0000, 0x0000, 0x0000, 0x0000, 0x0000, 0x0000, 0x0000,
    0x0000, 0x0000, 0x0000, 0x0000, 0x0000, 0x0000, 0x0000, 0x0000, 0x0000, 0x0000, 0x0000, 0x0000, 0x0000, 0x0000, 0x0000, 0x0000,
    0x0000, 0x0000, 0x0000, 0x0000, 0x0000, 0x0000, 0x0000, 0x0000, 0x0000, 0x0000, 0x0000, 0x0000, 0x0000, 0x0000, 0x0000, 0x0000,
    0x0000, 0x0000, 0x0000, 0x0000, 0x0000, 0x0000, 0x0000, 0x0000, 0x0000, 0x0000, 0x0000, 0x0000, 0x0000, 0x0000, 0x0000, 0x0000,
    0x0000, 0x0000, 0x0000, 0x0000, 0x0000, 0x0000, 0x0000, 0x0000, 0x0000, 0x0000, 0x0000, 0x0000, 0x0000, 0x0000, 0x0000, 0x0000,
    0x0000, 0x0000, 0x0000, 0x0000, 0x0000, 0x0000, 0x0000, 0x0000, 0x0000, 0x0000, 0x0000, 0x0000, 0x0000, 0x0000, 0x0000, 0x0000,
    0x0000, 0x0000, 0x0000, 0x0000, 0x0000, 0x0000, 0x0000, 0x0000, 0x0000, 0x0000, 0x0000, 0x0000, 0x0000, 0x0000, 0x0000, 0x0000,
    0x0000, 0x0000, 0x0000, 0x0000, 0x0000, 0x0000, 0x0000, 0x0000, 0x0000, 0x0000, 0x0000, 0x0000, 0x0000, 0x0000, 0x0000, 0x0000,
    0x0000, 0x0000, 0x0000, 0x0000, 0x0000, 0x0000, 0x0000, 0x0000, 0x0000, 0x0000, 0x0000, 0x0000, 0x0000, 0x0000, 0x0000, 0x0000,
    0x0000, 0x0000, 0x18c3, 0x4a8a, 0x8c71, 0xad75, 0x9514, 0x5bef, 0x2a28, 0x1945, 0x0882, 0x2020, 0x5020, 0x7020, 0xa020, 0xb020,
    0xc020, 0xd020, 0xd0c2, 0xd0c2, 0xe0e3, 0xe0e3, 0xe0e3, 0xd0c2, 0xb020, 0xa020, 0xa020, 0x8800, 0x7020, 0x5020, 0x2020, 0x0000,
    0x0000, 0x0861, 0x0882, 0x0882, 0x0020, 0x0000, 0x0861, 0x2945, 0x52aa, 0x7c10, 0x9492, 0x6b6d, 0x2965, 0x0020, 0x0000, 0x0000,
    0x0000, 0x0000, 0x0000, 0x0000, 0x0000, 0x0000, 0x0000, 0x0000, 0x0000, 0x0000, 0x0000, 0x0000, 0x0000, 0x0000, 0x0000, 0x0000,
    0x0000, 0x0000, 0x0000, 0x0000, 0x0000, 0x0000, 0x0000, 0x0000, 0x0000, 0x0000, 0x0000, 0x0000, 0x0000, 0x0000, 0x0000, 0x0000,
    0x0000, 0x0000, 0x0000, 0x0000, 0x0000, 0x0000, 0x0000, 0x0000, 0x0000, 0x0000, 0x0000, 0x0000, 0x0000, 0x0000, 0x0000, 0x0000,
    0x0000, 0x0000, 0x0000, 0x0000, 0x0000, 0x0000, 0x0000, 0x0000, 0x0000, 0x0000, 0x0000, 0x0000, 0x0000, 0x0000, 0x0000, 0x0000,
    0x0000, 0x0000, 0x0000, 0x0000, 0x0000, 0x0000, 0x0000, 0x0000, 0x0000, 0x0000, 0x0000, 0x0000, 0x0000, 0x0000, 0x0000, 0x0000,
    0x0000, 0x0000, 0x0000, 0x0000, 0x0000, 0x0000, 0x0000, 0x0000, 0x0000, 0x0000, 0x0000, 0x0000, 0x0000, 0x0000, 0x0000, 0x0000,
    0x0000, 0x0000, 0x0000, 0x0000, 0x0000, 0x0000, 0x0000, 0x0000, 0x0000, 0x0000, 0x0000, 0x0000, 0x0000, 0x0000, 0x0000, 0x0000,
    0x0000, 0x0000, 0x0000, 0x0000, 0x0000, 0x0000, 0x0000, 0x0000, 0x0000, 0x0000, 0x0000, 0x0000, 0x0000, 0x0000, 0x0000, 0x0000,
    0x0000, 0x0000, 0x0000, 0x0000, 0x0000, 0x0000, 0x0000, 0x0000, 0x0000, 0x0000, 0x0000, 0x0000, 0x0000, 0x0000, 0x0000, 0x0000,
    0x0000, 0x0000, 0x0000, 0x0000, 0x0000, 0x0000, 0x0000, 0x0000, 0x0000, 0x0000, 0x0000, 0x0000, 0x0000, 0x0000, 0x0000, 0x0000,
    0x0000, 0x0000, 0x0000, 0x0000, 0x0000, 0x0000, 0x0000, 0x0000, 0x0000, 0x0000, 0x0000, 0x0000, 0x0000, 0x0000, 0x0000, 0x0000,
    0x0000, 0x0000, 0x0000, 0x0000, 0x0000, 0x0000, 0x0000, 0x0000, 0x0000, 0x0000, 0x0000, 0x0000, 0x0000, 0x0000, 0x0000, 0x0000,
    0x0000, 0x0000, 0x0000, 0x0000, 0x0000, 0x0000, 0x0000, 0x0000, 0x0000, 0x0000, 0x0000, 0x0000, 0x0000, 0x0000, 0x0000, 0x0000,
    0x0000, 0x0000, 0x0000, 0x0000, 0x0000, 0x0000, 0x0000, 0x0000, 0x0000, 0x0000, 0x0000, 0x0000, 0x0000, 0x0000, 0x0000, 0x0000,
    0x0000, 0x0000, 0x0000, 0x0000, 0x0000, 0x0000, 0x0000, 0x0000, 0x0000, 0x0000, 0x0000, 0x0000, 0x0000, 0x0000, 0x0000, 0x0000,
    0x0000, 0x0000, 0x0000, 0x0000, 0x0000, 0x0000, 0x0000, 0x0000, 0x0000, 0x0861, 0x2124, 0x4a69, 0x7c10, 0xa575, 0xa575, 0x6c10,
    0x2a28, 0x0882, 0x0000, 0x3000, 0x7020, 0xa020, 0xd0c2, 0xe0e3, 0xe0e3, 0xf924, 0xf9c6, 0xfa69, 0xfa69, 0xfa69, 0xfa69, 0xfa69,
    0xf9c6, 0xf924, 0xe0e3, 0xd0c2, 0xd020, 0xc020, 0xa020, 0x7020, 0x3000, 0x2020, 0x0882, 0x0882, 0x0020, 0x0000, 0x0000, 0x0861,
    0x39e7, 0x6b8d, 0x8430, 0x7bef, 0x4a8a, 0x18e3, 0x0000, 0x0000, 0x0000, 0x0000, 0x0000, 0x0000, 0x0000, 0x0000, 0x0000, 0x0000,
    0x0000, 0x0000, 0x0000, 0x0000, 0x0000, 0x0000, 0x0000, 0x0000, 0x0000, 0x0000, 0x0000, 0x0000, 0x0000, 0x0000, 0x0000, 0x0000,
    0x0000, 0x0000, 0x0000, 0x0000, 0x0000, 0x0000, 0x0000, 0x0000, 0x0000, 0x0000, 0x0000, 0x0000, 0x0000, 0x0000, 0x0000, 0x0000,
    0x0000, 0x0000, 0x0000, 0x0000, 0x0000, 0x0000, 0x0000, 0x0000, 0x0000, 0x0000, 0x0000, 0x0000, 0x0000, 0x0000, 0x0000, 0x0000,
    0x0000, 0x0000, 0x0000, 0x0000, 0x0000, 0x0000, 0x0000, 0x0000, 0x0000, 0x0000, 0x0000, 0x0000, 0x0000, 0x0000, 0x0000, 0x0000,
    0x0000, 0x0000, 0x0000, 0x0000, 0x0000, 0x0000, 0x0000, 0x0000, 0x0000, 0x0000, 0x0000, 0x0000, 0x0000, 0x0000, 0x0000, 0x0000,
    0x0000, 0x0000, 0x0000, 0x0000, 0x0000, 0x0000, 0x0000, 0x0000, 0x0000, 0x0000, 0x0000, 0x0000, 0x0000, 0x0000, 0x0000, 0x0000,
    0x0000, 0x0000, 0x0000, 0x0000, 0x0000, 0x0000, 0x0000, 0x0000, 0x0000, 0x0000, 0x0000, 0x0000, 0x0000, 0x0000, 0x0000, 0x0000,
    0x0000, 0x0000, 0x0000, 0x0000, 0x0000, 0x0000, 0x0000, 0x0000, 0x0000, 0x0000, 0x0000, 0x0000, 0x0000, 0x0000, 0x0000, 0x0000,
    0x0000, 0x0000, 0x0000, 0x0000, 0x0000, 0x0000, 0x0000, 0x0000, 0x0000, 0x0000, 0x0000, 0x0000, 0x0000, 0x0000, 0x0000, 0x0000,
    0x0000, 0x0000, 0x0000, 0x0000, 0x0000, 0x0000, 0x0000, 0x0000, 0x0000, 0x0000, 0x0000, 0x0000, 0x0000, 0x0000, 0x0000, 0x0000,
    0x0000, 0x0000, 0x0000, 0x0000, 0x0000, 0x0000, 0x0000, 0x0000, 0x0000, 0x0000, 0x0000, 0x0000, 0x0000, 0x0000, 0x0000, 0x0000,
    0x0000, 0x0000, 0x0000, 0x0000, 0x0000, 0x0000, 0x0000, 0x0000, 0x0000, 0x0000, 0x0000, 0x0000, 0x0000, 0x0000, 0x0000, 0x0000,
    0x0000, 0x0000, 0x0000, 0x0000, 0x0000, 0x0000, 0x0000, 0x0000, 0x0000, 0x0000, 0x0000, 0x0000, 0x0000, 0x0000, 0x0000, 0x0000,
    0x0000, 0x0000, 0x0000, 0x0000, 0x0000, 0x0000, 0x0000, 0x0000, 0x0000, 0x0000, 0x0000, 0x0000, 0x0000, 0x0000, 0x0000, 0x0000,
    0x0000, 0x0000, 0x0000, 0x0000, 0x0000, 0x0000, 0x0000, 0x0000, 0x0000, 0x0000, 0x0000, 0x0000, 0x0000, 0x0000, 0x0000, 0x0000,
    0x0000, 0x10a2, 0x31c7, 0x6b6d, 0x9492, 0x9514, 0x8492, 0x538e, 0x2a28, 0x18e3, 0x2020, 0x5020, 0x8800, 0xc020, 0xd9a6, 0xfa69,
    0xfb2c, 0xfb2c, 0xf3ef, 0xec91, 0xec91, 0xf3ef, 0xf3ef, 0xf3ef, 0xf3ef, 0xf3ef, 0xf3ef, 0xfb2c, 0xfa69, 0xf9c6, 0xf081, 0xe020,
    0xb020, 0x8800, 0x5020, 0x2020, 0x0861, 0x0000, 0x0000, 0x0000, 0x0882, 0x4249, 0x7bef, 0x8430, 0x6b6d, 0x31c7, 0x0882, 0x0000,
    0x0000, 0x0000, 0x0000, 0x0000, 0x0000, 0x0000, 0x0000, 0x0000, 0x0000, 0x0000, 0x0000, 0x0000, 0x0000, 0x0000, 0x0000, 0x0000,
    0x0000, 0x0000, 0x0000, 0x0000, 0x0000, 0x0000, 0x0000, 0x0000, 0x0000, 0x0000, 0x0000, 0x0000, 0x0000, 0x0000, 0x0000, 0x0000,
    0x0000, 0x0000, 0x0000, 0x0000, 0x0000, 0x0000, 0x0000, 0x0000, 0x0000, 0x0000, 0x0000, 0x0000, 0x0000, 0x0000, 0x0000, 0x0000,
    0x0000, 0x0000, 0x0000, 0x0000, 0x0000, 0x0000, 0x0000, 0x0000, 0x0000, 0x0000, 0x0000, 0x0000, 0x0000, 0x0000, 0x0000, 0x0000,
    0x0000, 0x0000, 0x0000, 0x0000, 0x0000, 0x0000, 0x0000, 0x0000, 0x0000, 0x0000, 0x0000, 0x0000, 0x0000, 0x0000, 0x0000, 0x0000,
    0x0000, 0x0000, 0x0000, 0x0000, 0x0000, 0x0000, 0x0000, 0x0000, 0x0000, 0x0000, 0x0000, 0x0000, 0x0000, 0x0000, 0x0000, 0x0000,
    0x0000, 0x0000, 0x0000, 0x0000, 0x0000, 0x0000, 0x0000, 0x0000, 0x0000, 0x0000, 0x0000, 0x0000, 0x0000, 0x0000, 0x0000, 0x0000,
    0x0000, 0x0000, 0x0000, 0x0000, 0x0000, 0x0000, 0x0000, 0x0000, 0x0000, 0x0000, 0x0000, 0x0000, 0x0000, 0x0000, 0x0000, 0x0000,
    0x0000, 0x0000, 0x0000, 0x0000, 0x0000, 0x0000, 0x0000, 0x0000, 0x0000, 0x0000, 0x0000, 0x0000, 0x0000, 0x0000, 0x0000, 0x0000,
    0x0000, 0x0000, 0x0000, 0x0000, 0x0000, 0x0000, 0x0000, 0x0000, 0x0000, 0x0000, 0x0000, 0x0000, 0x0000, 0x0000, 0x0000, 0x0000,
    0x0000, 0x0000, 0x0000, 0x0000, 0x0000, 0x0000, 0x0000, 0x0000, 0x0000, 0x0000, 0x0000, 0x0000, 0x0000, 0x0000, 0x0000, 0x0000,
    0x0000, 0x0000, 0x0000, 0x0000, 0x0000, 0x0000, 0x0000, 0x0000, 0x0000, 0x0000, 0x0000, 0x0000, 0x0000, 0x0000, 0x0000, 0x0000,
    0x0000, 0x0000, 0x0000, 0x0000, 0x0000, 0x0000, 0x0000, 0x0000, 0x0000, 0x0000, 0x0000, 0x0000, 0x0000, 0x0000, 0x0000, 0x0000,
    0x0000, 0x0000, 0x0000, 0x0000, 0x0000, 0x0000, 0x0000, 0x0000, 0x0000, 0x0000, 0x0000, 0x0000, 0x0000, 0x0000, 0x0000, 0x0000,
    0x0000, 0x0000, 0x0000, 0x0000, 0x0000, 0x0000, 0x0000, 0x0000, 0x0000, 0x0000, 0x0000, 0x0000, 0x0000, 0x0000, 0x0000, 0x0000,
    0x0000, 0x0000, 0x0000, 0x0000, 0x0000, 0x0000, 0x0000, 0x0000, 0x0000, 0x0020, 0x3186, 0x6b8d, 0xa534, 0xbdd7, 0x9514, 0x432c,
    0x1945, 0x0882, 0x2020, 0x7020, 0xb020, 0xe020, 0xf924, 0xfb2c, 0xf534, 0xedf7, 0xedf7, 0xedf7, 0xedf7, 0xbdd7, 0xbcb3, 0x9410,
    0x8c71, 0x9cf3, 0xbdd7, 0xedf7, 0xedf7, 0xf534, 0xf3ef, 0xfa69, 0xf881, 0xf000, 0xd020, 0xa020, 0x5020, 0x2020, 0x0000, 0x0000,
    0x0000, 0x10a2, 0x52aa, 0x8451, 0x8430, 0x52aa, 0x18e3, 0x0000, 0x0000, 0x0000, 0x0000, 0x0000, 0x0000, 0x0000, 0x0000, 0x0000,
    0x0000, 0x0000, 0x0000, 0x0000, 0x0000, 0x0000, 0x0000, 0x0000, 0x0000, 0x0000, 0x0000, 0x0000, 0x0000, 0x0000, 0x0000, 0x0000,
    0x0000, 0x0000, 0x0000, 0x0000, 0x0000, 0x0000, 0x0000, 0x0000, 0x0000, 0x0000, 0x0000, 0x0000, 0x0000, 0x0000, 0x0000, 0x0000,
    0x0000, 0x0000, 0x0000, 0x0000, 0x0000, 0x0000, 0x0000, 0x0000, 0x0000, 0x0000, 0x0000, 0x0000, 0x0000, 0x0000, 0x0000, 0x0000,
    0x0000, 0x0000, 0x0000, 0x0000, 0x0000, 0x0000, 0x0000, 0x0000, 0x0000, 0x0000, 0x0000, 0x0000, 0x0000, 0x0000, 0x0000, 0x0000,
    0x0000, 0x0000, 0x0000, 0x0000, 0x0000, 0x0000, 0x0000, 0x0000, 0x0000, 0x0000, 0x0000, 0x0000, 0x0000, 0x0000, 0x0000, 0x0000,
    0x0000, 0x0000, 0x0000, 0x0000, 0x0000, 0x0000, 0x0000, 0x0000, 0x0000, 0x0000, 0x0000, 0x0000, 0x0000, 0x0000, 0x0000, 0x0000,
    0x0000, 0x0000, 0x0000, 0x0000, 0x0000, 0x0000, 0x0000, 0x0000, 0x0000, 0x0000, 0x0000, 0x0000, 0x0000, 0x0000, 0x0000, 0x0000,
    0x0000, 0x0000, 0x0000, 0x0000, 0x0000, 0x0000, 0x0000, 0x0000, 0x0000, 0x0000, 0x0000, 0x0000, 0x0000, 0x0000, 0x0000, 0x0000,
    0x0000, 0x0000, 0x0000, 0x0000, 0x0000, 0x0000, 0x0000, 0x0000, 0x0000, 0x0000, 0x0000, 0x0000, 0x0000, 0x0000, 0x0000, 0x0000,
    0x0000, 0x0000, 0x0000, 0x0000, 0x0000, 0x0000, 0x0000, 0x0000, 0x0000, 0x0000, 0x0000, 0x0000, 0x0000, 0x0000, 0x0000, 0x0000,
    0x0000, 0x0000, 0x0000, 0x0000, 0x0000, 0x0000, 0x0000, 0x0000, 0x0000, 0x0000, 0x0000, 0x0000, 0x0000, 0x0000, 0x0000, 0x0000,
    0x0000, 0x0000, 0x0000, 0x0000, 0x0000, 0x0000, 0x0000, 0x0000, 0x0000, 0x0000, 0x0000, 0x0000, 0x0000, 0x0000, 0x0000, 0x0000,
    0x0000, 0x0000, 0x0000, 0x0000, 0x0000, 0x0000, 0x0000, 0x0000, 0x0000, 0x0000, 0x0000, 0x0000, 0x0000, 0x0000, 0x0000, 0x0000,
    0x0000, 0x0000, 0x0000, 0x0000, 0x0000, 0x0000, 0x0000, 0x0000, 0x0000, 0x0000, 0x0000, 0x0000, 0x0000, 0x0000, 0x0000, 0x0000,
    0x0000, 0x0000, 0x0000, 0x0000, 0x0000, 0x0000, 0x0000, 0x0000, 0x0000, 0x0000, 0x0000, 0x0000, 0x0000, 0x0000, 0x0000, 0x0000,
    0x0020, 0x10a2, 0x2965, 0x630c, 0x94b2, 0xb596, 0x9514, 0x73ae, 0x19a6, 0x0000, 0x2020, 0x7020, 0xb020, 0xf040, 0xf924, 0xfb2c,
    0xf534, 0xef3c, 0xf7df, 0xf7df, 0xef3c, 0xa659, 0x7492, 0x538e, 0x432c, 0x432c, 0x5bef, 0x8d96, 0xcf3c, 0xf7df, 0xef3c, 0xedf7,
    0xf3ef, 0xfa69, 0xf881, 0xf820, 0xd020, 0x8800, 0x3000, 0x0000, 0x0000, 0x0000, 0x2124, 0x632c, 0x94b2, 0x7bef, 0x39e7, 0x0861,
    0x0000, 0x0000, 0x0000, 0x0000, 0x0000, 0x0000, 0x0000, 0x0000, 0x0000, 0x0000, 0x0000, 0x0000, 0x0000, 0x0000, 0x0000, 0x0000,
    0x0000, 0x0000, 0x0000, 0x0000, 0x0000, 0x0000, 0x0000, 0x0000, 0x0000, 0x0000, 0x0000, 0x0000, 0x0000, 0x0000, 0x0000, 0x0000,
    0x0000, 0x0000, 0x0000, 0x0000, 0x0000, 0x0000, 0x0000, 0x0000, 0x0000, 0x0000, 0x0000, 0x0000, 0x0000, 0x0000, 0x0000, 0x0000,
    0x0000, 0x0000, 0x0000, 0x0000, 0x0000, 0x0000, 0x0000, 0x0000, 0x0000, 0x0000, 0x0000, 0x0000, 0x0000, 0x0000, 0x0000, 0x0000,
    0x0000, 0x0000, 0x0000, 0x0000, 0x0000, 0x0000, 0x0000, 0x0000, 0x0000, 0x0000, 0x0000, 0x0000, 0x0000, 0x0000, 0x0000, 0x0000,
    0x0000, 0x0000, 0x0000, 0x0000, 0x0000, 0x0000, 0x0000, 0x0000, 0x0000, 0x0000, 0x0000, 0x0000, 0x0000, 0x0000, 0x0000, 0x0000,
    0x0000, 0x0000, 0x0000, 0x0000, 0x0000, 0x0000, 0x0000, 0x0000, 0x0000, 0x0000, 0x0000, 0x0000, 0x0000, 0x0000, 0x0000, 0x0000,
    0x0000, 0x0000, 0x0000, 0x0000, 0x0000, 0x0000, 0x0000, 0x0000, 0x0000, 0x0000, 0x0000, 0x0000, 0x0000, 0x0000, 0x0000, 0x0000,
    0x0000, 0x0000, 0x0000, 0x0000, 0x0000, 0x0000, 0x0000, 0x0000, 0x0000, 0x0000, 0x0000, 0x0000, 0x0000, 0x0000, 0x0000, 0x0000,
    0x0000, 0x0000, 0x0000, 0x0000, 0x0000, 0x0000, 0x0000, 0x0000, 0x0000, 0x0000, 0x0000, 0x0000, 0x0000, 0x0000, 0x0000, 0x0000,
    0x0000, 0x0000, 0x0000, 0x0000, 0x0000, 0x0000, 0x0000, 0x0000, 0x0000, 0x0000, 0x0000, 0x0000, 0x0000, 0x0000, 0x0000, 0x0000,
    0x0000, 0x0000, 0x0000, 0x0000, 0x0000, 0x0000, 0x0000, 0x0000, 0x0000, 0x0000, 0x0000, 0x0000, 0x0000, 0x0000, 0x0000, 0x0000,
    0x0000, 0x0000, 0x0000, 0x0000, 0x0000, 0x0000, 0x0000, 0x0000, 0x0000, 0x0000, 0x0000, 0x0000, 0x0000, 0x0000, 0x0000, 0x0000,
    0x0000, 0x0000, 0x0000, 0x0000, 0x0000, 0x0000, 0x0000, 0x0000, 0x0000, 0x0000, 0x0000, 0x0000, 0x0000, 0x0000, 0x0000, 0x0000,
    0x0000, 0x0000, 0x0000, 0x0000, 0x0000, 0x0000, 0x0000, 0x0000, 0x0000, 0x0000, 0x0000, 0x0000, 0x0000, 0x0000, 0x0000, 0x0000,
    0x0000, 0x0000, 0x0000, 0x0000, 0x0000, 0x0000, 0x0000, 0x0000, 0x0020, 0x1904, 0x4a69, 0x7bcf, 0x9492, 0x94b2, 0x7c10, 0x42cb,
    0x19a6, 0x0882, 0x2020, 0x7020, 0xb020, 0xe020, 0xf9c6, 0xdb6d, 0xec91, 0xedf7, 0xef3c, 0xf7df, 0xf7df, 0xb6db, 0x7d14, 0x42cb,
    0x19a6, 0x1945, 0x1945, 0x2a28, 0x7492, 0xb6db, 0xf7df, 0xf7df, 0xef3c, 0xcd14, 0xdb6d, 0xdaaa, 0xf924, 0xf000, 0xc020, 0x7020,
    0x2020, 0x0000, 0x0020, 0x3186, 0x7bef, 0x9cf3, 0x7bcf, 0x2965, 0x0000, 0x0000, 0x0000, 0x0000, 0x0000, 0x0000, 0x0000, 0x0000,
    0x0000, 0x0000, 0x0000, 0x0000, 0x0000, 0x0000, 0x0000, 0x0000, 0x0000, 0x0000, 0x0000, 0x0000, 0x0000, 0x0000, 0x0000, 0x0000,
    0x0000, 0x0000, 0x0000, 0x0000, 0x0000, 0x0000, 0x0000, 0x0000, 0x0000, 0x0000, 0x0000, 0x0000, 0x0000, 0x0000, 0x0000, 0x0000,
    0x0000, 0x0000, 0x0000, 0x0000, 0x0000, 0x0000, 0x0000, 0x0000, 0x0000, 0x0000, 0x0000, 0x0000, 0x0000, 0x0000, 0x0000, 0x0000,
    0x0000, 0x0000, 0x0000, 0x0000, 0x0000, 0x0000, 0x0000, 0x0000, 0x0000, 0x0000, 0x0000, 0x0000, 0x0000, 0x0000, 0x0000, 0x0000,
    0x0000, 0x0000, 0x0000, 0x0000, 0x0000, 0x0000, 0x0000, 0x0000, 0x0000, 0x0000, 0x0000, 0x0000, 0x0000, 0x0000, 0x0000, 0x0000,
    0x0000, 0x0000, 0x0000, 0x0000, 0x0000, 0x0000, 0x0000, 0x0000, 0x0000, 0x0000, 0x0000, 0x0000, 0x0000, 0x0000, 0x0000, 0x0000,
    0x0000, 0x0000, 0x0000, 0x0000, 0x0000, 0x0000, 0x0000, 0x0000, 0x0000, 0x0000, 0x0000, 0x0000, 0x0000, 0x0000, 0x0000, 0x0000,
    0x0000, 0x0000, 0x0000, 0x0000, 0x0000, 0x0000, 0x0000, 0x0000, 0x0000, 0x0000, 0x0000, 0x0000, 0x0000, 0x0000, 0x0000, 0x0000,
    0x0000, 0x0000, 0x0000, 0x0000, 0x0000, 0x0000, 0x0000, 0x0000, 0x0000, 0x0000, 0x0000, 0x0000, 0x0000, 0x0000, 0x0000, 0x0000,
    0x0000, 0x0000, 0x0000, 0x0000, 0x0000, 0x0000, 0x0000, 0x0000, 0x0000, 0x0000, 0x0000, 0x0000, 0x0000, 0x0000, 0x0000, 0x0000,
    0x0000, 0x0000, 0x0000, 0x0000, 0x0000, 0x0000, 0x0000, 0x0000, 0x0000, 0x0000, 0x0000, 0x0000, 0x0000, 0x0000, 0x0000, 0x0000,
    0x0000, 0x0000, 0x0000, 0x0000, 0x0000, 0x0000, 0x0000, 0x0000, 0x0000, 0x0000, 0x0000, 0x0000, 0x0000, 0x0000, 0x0000, 0x0000,
    0x0000, 0x0000, 0x0000, 0x0000, 0x0000, 0x0000, 0x0000, 0x0000, 0x0000, 0x0000, 0x0000, 0x0000, 0x0000, 0x0000, 0x0000, 0x0000,
    0x0000, 0x0000, 0x0000, 0x0000, 0x0000, 0x0000, 0x0000, 0x0000, 0x0000, 0x0000, 0x0000, 0x0000, 0x0000, 0x0000, 0x0000, 0x0000,
    0x0000, 0x0000, 0x0000, 0x0000, 0x0000, 0x0000, 0x0000, 0x0000, 0x0000, 0x0000, 0x0000, 0x0000, 0x0000, 0x0000, 0x0000, 0x0000,
    0x0000, 0x0882, 0x4249, 0x8451, 0xb596, 0xa534, 0x7bef, 0x4208, 0x18c3, 0x0861, 0x2020, 0x7020, 0xc020, 0xf040, 0xf9c6, 0xf3ef,
    0xbdd7, 0x9dd7, 0x9dd7, 0xbdd7, 0xd6ba, 0xcf3c, 0x9dd7, 0x5bef, 0x19a6, 0x0861, 0x0020, 0x0000, 0x1904, 0x538e, 0xa659, 0xf7df,
    0xf7df, 0xb6db, 0x8d96, 0x8492, 0x938e, 0xd9a6, 0xf881, 0xf000, 0xb020, 0x5020, 0x0000, 0x0861, 0x2a28, 0x8492, 0xa575, 0x7bcf,
    0x2124, 0x0000, 0x0000, 0x0000, 0x0000, 0x0000, 0x0000, 0x0000, 0x0000, 0x0000, 0x0000, 0x0000, 0x0000, 0x0000, 0x0000, 0x0000,
    0x0000, 0x0000, 0x0000, 0x0000, 0x0000, 0x0000, 0x0000, 0x0000, 0x0000, 0x0000, 0x0000, 0x0000, 0x0000, 0x0000, 0x0000, 0x0000,
    0x0000, 0x0000, 0x0000, 0x0000, 0x0000, 0x0000, 0x0000, 0x0000, 0x0000, 0x0000, 0x0000, 0x0000, 0x0000, 0x0000, 0x0000, 0x0000,
    0x0000, 0x0000, 0x0000, 0x0000, 0x0000, 0x0000, 0x0000, 0x0000, 0x0000, 0x0000, 0x0000, 0x0000, 0x0000, 0x0000, 0x0000, 0x0000,
    0x0000, 0x0000, 0x0000, 0x0000, 0x0000, 0x0000, 0x0000, 0x0000, 0x0000, 0x0000, 0x0000, 0x0000, 0x0000, 0x0000, 0x0000, 0x0000,
    0x0000, 0x0000, 0x0000, 0x0000, 0x0000, 0x0000, 0x0000, 0x0000, 0x0000, 0x0000, 0x0000, 0x0000, 0x0000, 0x0000, 0x0000, 0x0000,
    0x0000, 0x0000, 0x0000, 0x0000, 0x0000, 0x0000, 0x0000, 0x0000, 0x0000, 0x0000, 0x0000, 0x0000, 0x0000, 0x0000, 0x0000, 0x0000,
    0x0000, 0x0000, 0x0000, 0x0000, 0x0000, 0x0000, 0x0000, 0x0000, 0x0000, 0x0000, 0x0000, 0x0000, 0x0000, 0x0000, 0x0000, 0x0000,
    0x0000, 0x0000, 0x0000, 0x0000, 0x0000, 0x0000, 0x0000, 0x0000, 0x0000, 0x0000, 0x0000, 0x0000, 0x0000, 0x0000, 0x0000, 0x0000,
    0x0000, 0x0000, 0x0000, 0x0000, 0x0000, 0x0000, 0x0000, 0x0000, 0x0000, 0x0000, 0x0000, 0x0000, 0x0000, 0x0000, 0x0000, 0x0000,
    0x0000, 0x0000, 0x0000, 0x0000, 0x0000, 0x0000, 0x0000, 0x0000, 0x0000, 0x0000, 0x0000, 0x0000, 0x0000, 0x0000, 0x0000, 0x0000,
    0x0000, 0x0000, 0x0000, 0x0000, 0x0000, 0x0000, 0x0000, 0x0000, 0x0000, 0x0000, 0x0000, 0x0000, 0x0000, 0x0000, 0x0000, 0x0000,
    0x0000, 0x0000, 0x0000, 0x0000, 0x0000, 0x0000, 0x0000, 0x0000, 0x0000, 0x0000, 0x0000, 0x0000, 0x0000, 0x0000, 0x0000, 0x0000,
    0x0000, 0x0000, 0x0000, 0x0000, 0x0000, 0x0000, 0x0000, 0x0000, 0x0000, 0x0000, 0x0000, 0x0000, 0x0000, 0x0000, 0x0000, 0x0000,
    0x0000, 0x0000, 0x0000, 0x0000, 0x0000, 0x0000, 0x0000, 0x0000, 0x0000, 0x0000, 0x0000, 0x0000, 0x0000, 0x0000, 0x0000, 0x0000,
    0x0000, 0x0000, 0x0000, 0x0000, 0x0000, 0x0000, 0x0000, 0x0000, 0x0000, 0x0020, 0x2945, 0x6b6d, 0xa575, 0xbdd7, 0x9492, 0x4a69,
    0x00a2, 0x0000, 0x0000, 0x5020, 0xb020, 0xf040, 0xf9c6, 0xec91, 0xd6ba, 0xcf3c, 0xa659, 0x6451, 0x6b8d, 0x8451, 0xa575, 0xa575,
    0x7c10, 0x39e7, 0x0020, 0x0000, 0x0000, 0x2945, 0x7bcf, 0xbe18, 0xd6ba, 0xa659, 0x7d14, 0x6451, 0x6451, 0x6c10, 0xb32c, 0xe0e3,
    0xf000, 0xd020, 0x8800, 0x3000, 0x0882, 0x328a, 0x9514, 0xa659, 0x8430, 0x2124, 0x0000, 0x0000, 0x0000, 0x0000, 0x0000, 0x0000,
    0x0000, 0x0000, 0x0000, 0x0000, 0x0000, 0x0000, 0x0000, 0x0000, 0x0000, 0x0000, 0x0000, 0x0000, 0x0000, 0x0000, 0x0000, 0x0000,
    0x0000, 0x0000, 0x0000, 0x0000, 0x0000, 0x0000, 0x0000, 0x0000, 0x0000, 0x0000, 0x0000, 0x0000, 0x0000, 0x0000, 0x0000, 0x0000,
    0x0000, 0x0000, 0x0000, 0x0000, 0x0000, 0x0000, 0x0000, 0x0000, 0x0000, 0x0000, 0x0000, 0x0000, 0x0000, 0x0000, 0x0000, 0x0000,
    0x0000, 0x0000, 0x0000, 0x0000, 0x0000, 0x0000, 0x0000, 0x0000, 0x0000, 0x0000, 0x0000, 0x0000, 0x0000, 0x0000, 0x0000, 0x0000,
    0x0000, 0x0000, 0x0000, 0x0000, 0x0000, 0x0000, 0x0000, 0x0000, 0x0000, 0x0000, 0x0000, 0x0000, 0x0000, 0x0000, 0x0000, 0x0000,
    0x0000, 0x0000, 0x0000, 0x0000, 0x0000, 0x0000, 0x0000, 0x0000, 0x0000, 0x0000, 0x0000, 0x0000, 0x0000, 0x0000, 0x0000, 0x0000,
    0x0000, 0x0000, 0x0000, 0x0000, 0x0000, 0x0000, 0x0000, 0x0000, 0x0000, 0x0000, 0x0000, 0x0000, 0x0000, 0x0000, 0x0000, 0x0000,
    0x0000, 0x0000, 0x0000, 0x0000, 0x0000, 0x0000, 0x0000, 0x0000, 0x0000, 0x0000, 0x0000, 0x0000, 0x0000, 0x0000, 0x0000, 0x0000,
    0x0000, 0x0000, 0x0000, 0x0000, 0x0000, 0x0000, 0x0000, 0x0000, 0x0000, 0x0000, 0x0000, 0x0000, 0x0000, 0x0000, 0x0000, 0x0000,
    0x0000, 0x0000, 0x0000, 0x0000, 0x0000, 0x0000, 0x0000, 0x0000, 0x0000, 0x0000, 0x0000, 0x0000, 0x0000, 0x0000, 0x0000, 0x0000,
    0x0000, 0x0000, 0x0000, 0x0000, 0x0000, 0x0000, 0x0000, 0x0000, 0x0000, 0x0000, 0x0000, 0x0000, 0x0000, 0x0000, 0x0000, 0x0000,
    0x0000, 0x0000, 0x0000, 0x0000, 0x0000, 0x0000, 0x0000, 0x0000, 0x0000, 0x0000, 0x0000, 0x0000, 0x0000, 0x0000, 0x0000, 0x0000,
    0x0000, 0x0000, 0x0000, 0x0000, 0x0000, 0x0000, 0x0000, 0x0000, 0x0000, 0x0000, 0x0000, 0x0000, 0x0000, 0x0000, 0x0000, 0x0000,
    0x0000, 0x0000, 0x0000, 0x0000, 0x0000, 0x0000, 0x0000, 0x0000, 0x0000, 0x0000, 0x0000, 0x0000, 0x0000, 0x0000, 0x0000, 0x0000,
    0x0000, 0x0000, 0x0000, 0x0000, 0x0000, 0x0000, 0x0000, 0x0000, 0x0000, 0x0000, 0x0000, 0x0000, 0x0000, 0x0000, 0x0000, 0x0000,
    0x0000, 0x0020, 0x1904, 0x4a69, 0x7bef, 0xa534, 0x9cd3, 0x5aeb, 0x1904, 0x0000, 0x0000, 0x3000, 0x8800, 0xe020, 0xf924, 0xf3ef,
    0xef3c, 0xf7df, 0xcfbe, 0x9dd7, 0x432c, 0x2965, 0x39e7, 0x6b6d, 0x9cf3, 0xa534, 0x7bcf, 0x2965, 0x0861, 0x18e3, 0x630c, 0x9cf3,
    0xb596, 0x9cf3, 0x7bef, 0x432c, 0x42cb, 0x538e, 0x5bef, 0x738e, 0x9a07, 0xd0c2, 0xf000, 0xc020, 0x7020, 0x3082, 0x328a, 0x8d96,
    0xb6db, 0x8492, 0x2965, 0x0000, 0x0000, 0x0000, 0x0000, 0x0000, 0x0000, 0x0000, 0x0000, 0x0000, 0x0000, 0x0000, 0x0000, 0x0000,
    0x0000, 0x0000, 0x0000, 0x0000, 0x0000, 0x0000, 0x0000, 0x0000, 0x0000, 0x0000, 0x0000, 0x0000, 0x0000, 0x0000, 0x0000, 0x0000,
    0x0000, 0x0000, 0x0000, 0x0000, 0x0000, 0x0000, 0x0000, 0x0000, 0x0000, 0x0000, 0x0000, 0x0000, 0x0000, 0x0000, 0x0000, 0x0000,
    0x0000, 0x0000, 0x0000, 0x0000, 0x0000, 0x0000, 0x0000, 0x0000, 0x0000, 0x0000, 0x0000, 0x0000, 0x0000, 0x0000, 0x0000, 0x0000,
    0x0000, 0x0000, 0x0000, 0x0000, 0x0000, 0x0000, 0x0000, 0x0000, 0x0000, 0x0000, 0x0000, 0x0000, 0x0000, 0x0000, 0x0000, 0x0000,
    0x0000, 0x0000, 0x0000, 0x0000, 0x0000, 0x0000, 0x0000, 0x0000, 0x0000, 0x0000, 0x0000, 0x0000, 0x0000, 0x0000, 0x0000, 0x0000,
    0x0000, 0x0000, 0x0000, 0x0000, 0x0000, 0x0000, 0x0000, 0x0000, 0x0000, 0x0000, 0x0000, 0x0000, 0x0000, 0x0000, 0x0000, 0x0000,
    0x0000, 0x0000, 0x0000, 0x0000, 0x0000, 0x0000, 0x0000, 0x0000, 0x0000, 0x0000, 0x0000, 0x0000, 0x0000, 0x0000, 0x0000, 0x0000,
    0x0000, 0x0000, 0x0000, 0x0000, 0x0000, 0x0000, 0x0000, 0x0000, 0x0000, 0x0000, 0x0000, 0x0000, 0x0000, 0x0000, 0x0000, 0x0000,
    0x0000, 0x0000, 0x0000, 0x0000, 0x0000, 0x0000, 0x0000, 0x0000, 0x0000, 0x0000, 0x0000, 0x0000, 0x0000, 0x0000, 0x0000, 0x0000,
    0x0000, 0x0000, 0x0000, 0x0000, 0x0000, 0x0000, 0x0000, 0x0000, 0x0000, 0x0000, 0x0000, 0x0000, 0x0000, 0x0000, 0x0000, 0x0000,
    0x0000, 0x0000, 0x0000, 0x0000, 0x0000, 0x0000, 0x0000, 0x0000, 0x0000, 0x0000, 0x0000, 0x0000, 0x0000, 0x0000, 0x0000, 0x0000,
    0x0000, 0x0000, 0x0000, 0x0000, 0x0000, 0x0000, 0x0000, 0x0000, 0x0000, 0x0000, 0x0000, 0x0000, 0x0000, 0x0000, 0x0000, 0x0000,
    0x0000, 0x0000, 0x0000, 0x0000, 0x0000, 0x0000, 0x0000, 0x0000, 0x0000, 0x0000, 0x0000, 0x0000, 0x0000, 0x0000, 0x0000, 0x0000,
    0x0000, 0x0000, 0x0000, 0x0000, 0x0000, 0x0000, 0x0000, 0x0000, 0x0000, 0x0000, 0x0000, 0x0000, 0x0000, 0x0000, 0x0000, 0x0000,
    0x0000, 0x0000, 0x0000, 0x0000, 0x0000, 0x0000, 0x0000, 0x0000, 0x0000, 0x0000, 0x0861, 0x3186, 0x632c, 0x8430, 0x8451, 0x630c,
    0x1945, 0x0020, 0x0000, 0x2020, 0x7020, 0xd020, 0xf820, 0xfa69, 0xedf7, 0xf7df, 0xf7df, 0xcfbe, 0xa575, 0x5acb, 0x18c3, 0x0882,
    0x31c7, 0x8430, 0xbdd7, 0xad75, 0x738e, 0x4a69, 0x630c, 0x9cb2, 0xad75, 0x9492, 0x5acb, 0x31c7, 0x2965, 0x4208, 0x538e, 0x7492,
    0x7c51, 0x72cb, 0xb985, 0xf081, 0xf000, 0xa020, 0x3082, 0x4249, 0x7d14, 0xa659, 0x9514, 0x4249, 0x0861, 0x0000, 0x0000, 0x0000,
    0x0000, 0x0000, 0x0000, 0x0000, 0x0000, 0x0000, 0x0000, 0x0000, 0x0000, 0x0000, 0x0000, 0x0000, 0x0000, 0x0000, 0x0000, 0x0000,
    0x0000, 0x0000, 0x0000, 0x0000, 0x0000, 0x0000, 0x0000, 0x0000, 0x0000, 0x0000, 0x0000, 0x0000, 0x0000, 0x0000, 0x0000, 0x0000,
    0x0000, 0x0000, 0x0000, 0x0000, 0x0000, 0x0000, 0x0000, 0x0000, 0x0000, 0x0000, 0x0000, 0x0000, 0x0000, 0x0000, 0x0000, 0x0000,
    0x0000, 0x0000, 0x0000, 0x0000, 0x0000, 0x0000, 0x0000, 0x0000, 0x0000, 0x0000, 0x0000, 0x0000, 0x0000, 0x0000, 0x0000, 0x0000,
    0x0000, 0x0000, 0x0000, 0x0000, 0x0000, 0x0000, 0x0000, 0x0000, 0x0000, 0x0000, 0x0000, 0x0000, 0x0000, 0x0000, 0x0000, 0x0000,
    0x0000, 0x0000, 0x0000, 0x0000, 0x0000, 0x0000, 0x0000, 0x0000, 0x0000, 0x0000, 0x0000, 0x0000, 0x0000, 0x0000, 0x0000, 0x0000,
    0x0000, 0x0000, 0x0000, 0x0000, 0x0000, 0x0000, 0x0000, 0x0000, 0x0000, 0x0000, 0x0000, 0x0000, 0x0000, 0x0000, 0x0000, 0x0000,
    0x0000, 0x0000, 0x0000, 0x0000, 0x0000, 0x0000, 0x0000, 0x0000, 0x0000, 0x0000, 0x0000, 0x0000, 0x0000, 0x0000, 0x0000, 0x0000,
    0x0000, 0x0000, 0x0000, 0x0000, 0x0000, 0x0000, 0x0000, 0x0000, 0x0000, 0x0000, 0x0000, 0x0000, 0x0000, 0x0000, 0x0000, 0x0000,
    0x0000, 0x0000, 0x0000, 0x0000, 0x0000, 0x0000, 0x0000, 0x0000, 0x0000, 0x0000, 0x0000, 0x0000, 0x0000, 0x0000, 0x0000, 0x0000,
    0x0000, 0x0000, 0x0000, 0x0000, 0x0000, 0x0000, 0x0000, 0x0000, 0x0000, 0x0000, 0x0000, 0x0000, 0x0000, 0x0000, 0x0000, 0x0000,
    0x0000, 0x0000, 0x0000, 0x0000, 0x0000, 0x0000, 0x0000, 0x0000, 0x0000, 0x0000, 0x0000, 0x0000, 0x0000, 0x0000, 0x0000, 0x0000,
    0x0000, 0x0000, 0x0000, 0x0000, 0x0000, 0x0000, 0x0000, 0x0000, 0x0000, 0x0000, 0x0000, 0x0000, 0x0000, 0x0000, 0x0000, 0x0000,
    0x0000, 0x0000, 0x0000, 0x0000, 0x0000, 0x0000, 0x0000, 0x0000, 0x0000, 0x0000, 0x0000, 0x0000, 0x0000, 0x0000, 0x0000, 0x0000,
    0x0000, 0x0000, 0x0000, 0x0000, 0x0000, 0x0000, 0x0000, 0x0000, 0x0000, 0x0000, 0x0000, 0x0000, 0x0000, 0x0000, 0x0000, 0x0000,
    0x0000, 0x0000, 0x0000, 0x0882, 0x39e7, 0x632c, 0x738e, 0x630c, 0x19a6, 0x0861, 0x0000, 0x0000, 0x5020, 0xb020, 0xf040, 0xf924,
    0xdb6d, 0xbe18, 0xcf3c, 0xb6db, 0xc679, 0xa534, 0x9410, 0x4249, 0x18c3, 0x18c3, 0x4a8a, 0x9cd3, 0xbe18, 0xbe18, 0xb596, 0xb596,
    0xb596, 0x9492, 0x52aa, 0x18e3, 0x0882, 0x2945, 0x5acb, 0x8451, 0x8d96, 0x8d96, 0x8c71, 0xb32c, 0xe0e3, 0xf000, 0xb020, 0x5020,
    0x31c7, 0x6451, 0x9dd7, 0xa575, 0x738e, 0x2965, 0x0020, 0x0000, 0x0000, 0x0000, 0x0000, 0x0000, 0x0000, 0x0000, 0x0000, 0x0000,
    0x0000, 0x0000, 0x0000, 0x0000, 0x0000, 0x0000, 0x0000, 0x0000, 0x0000, 0x0000, 0x0000, 0x0000, 0x0000, 0x0000, 0x0000, 0x0000,
    0x0000, 0x0000, 0x0000, 0x0000, 0x0000, 0x0000, 0x0000, 0x0000, 0x0000, 0x0000, 0x0000, 0x0000, 0x0000, 0x0000, 0x0000, 0x0000,
    0x0000, 0x0000, 0x0000, 0x0000, 0x0000, 0x0000, 0x0000, 0x0000, 0x0000, 0x0000, 0x0000, 0x0000, 0x0000, 0x0000, 0x0000, 0x0000,
    0x0000, 0x0000, 0x0000, 0x0000, 0x0000, 0x0000, 0x0000, 0x0000, 0x0000, 0x0000, 0x0000, 0x0000, 0x0000, 0x0000, 0x0000, 0x0000,
    0x0000, 0x0000, 0x0000, 0x0000, 0x0000, 0x0000, 0x0000, 0x0000, 0x0000, 0x0000, 0x0000, 0x0000, 0x0000, 0x0000, 0x0000, 0x0000,
    0x0000, 0x0000, 0x0000, 0x0000, 0x0000, 0x0000, 0x0000, 0x0000, 0x0000, 0x0000, 0x0000, 0x0000, 0x0000, 0x0000, 0x0000, 0x0000,
    0x0000, 0x0000, 0x0000, 0x0000, 0x0000, 0x0000, 0x0000, 0x0000, 0x0000, 0x0000, 0x0000, 0x0000, 0x0000, 0x0000, 0x0000, 0x0000,
    0x0000, 0x0000, 0x0000, 0x0000, 0x0000, 0x0000, 0x0000, 0x0000, 0x0000, 0x0000, 0x0000, 0x0000, 0x0000, 0x0000, 0x0000, 0x0000,
    0x0000, 0x0000, 0x0000, 0x0000, 0x0000, 0x0000, 0x0000, 0x0000, 0x0000, 0x0000, 0x0000, 0x0000, 0x0000, 0x0000, 0x0000, 0x0000,
    0x0000, 0x0000, 0x0000, 0x0000, 0x0000, 0x0000, 0x0000, 0x0000, 0x0000, 0x0000, 0x0000, 0x0000, 0x0000, 0x0000, 0x0000, 0x0000,
    0x0000, 0x0000, 0x0000, 0x0000, 0x0000, 0x0000, 0x0000, 0x0000, 0x0000, 0x0000, 0x0000, 0x0000, 0x0000, 0x0000, 0x0000, 0x0000,
    0x0000, 0x0000, 0x0000, 0x0000, 0x0000, 0x0000, 0x0000, 0x0000, 0x0000, 0x0000, 0x0000, 0x0000, 0x0000, 0x0000, 0x0000, 0x0000,
    0x0000, 0x0000, 0x0000, 0x0000, 0x0000, 0x0000, 0x0000, 0x0000, 0x0000, 0x0000, 0x0000, 0x0000, 0x0000, 0x0000, 0x0000, 0x0000,
    0x0000, 0x0000, 0x0000, 0x0000, 0x0000, 0x0000, 0x0000, 0x0000, 0x0000, 0x0000, 0x0000, 0x0000, 0x0000, 0x0000, 0x0000, 0x0000,
    0x0000, 0x0000, 0x0000, 0x0000, 0x0000, 0x0000, 0x0000, 0x0000, 0x0000, 0x0000, 0x0000, 0x0000, 0x0882, 0x31c7, 0x5aeb, 0x5acb,
    0x39e7, 0x18c3, 0x0000, 0x0000, 0x2020, 0x7020, 0xd020, 0xf9c6, 0xfb2c, 0xc430, 0x9514, 0x7d14, 0x5bef, 0x7bcf, 0x9cb2, 0xad75,
    0x9492, 0x4a8a, 0x1904, 0x2124, 0x630c, 0xa575, 0xef3c, 0xf7df, 0xef3c, 0xa534, 0x5aeb, 0x18e3, 0x0000, 0x10a2, 0x4249, 0x8430,
    0xad75, 0xa659, 0xa659, 0x9dd7, 0xb3cf, 0xd9a6, 0xe020, 0xb020, 0x5020, 0x2124, 0x42cb, 0x7492, 0x9514, 0x9cb2, 0x5aeb, 0x1904,
    0x0000, 0x0000, 0x0000, 0x0000, 0x0000, 0x0000, 0x0000, 0x0000, 0x0000, 0x0000, 0x0000, 0x0000, 0x0000, 0x0000, 0x0000, 0x0000,
    0x0000, 0x0000, 0x0000, 0x0000, 0x0000, 0x0000, 0x0000, 0x0000, 0x0000, 0x0000, 0x0000, 0x0000, 0x0000, 0x0000, 0x0000, 0x0000,
    0x0000, 0x0000, 0x0000, 0x0000, 0x0000, 0x0000, 0x0000, 0x0000, 0x0000, 0x0000, 0x0000, 0x0000, 0x0000, 0x0000, 0x0000, 0x0000,
    0x0000, 0x0000, 0x0000, 0x0000, 0x0000, 0x0000, 0x0000, 0x0000, 0x0000, 0x0000, 0x0000, 0x0000, 0x0000, 0x0000, 0x0000, 0x0000,
    0x0000, 0x0000, 0x0000, 0x0000, 0x0000, 0x0000, 0x0000, 0x0000, 0x0000, 0x0000, 0x0000, 0x0000, 0x0000, 0x0000, 0x0000, 0x0000,
    0x0000, 0x0000, 0x0000, 0x0000, 0x0000, 0x0000, 0x0000, 0x0000, 0x0000, 0x0000, 0x0000, 0x0000, 0x0000, 0x0000, 0x0000, 0x0000,
    0x0000, 0x0000, 0x0000, 0x0000, 0x0000, 0x0000, 0x0000, 0x0000, 0x0000, 0x0000, 0x0000, 0x0000, 0x0000, 0x0000, 0x0000, 0x0000,
    0x0000, 0x0000, 0x0000, 0x0000, 0x0000, 0x0000, 0x0000, 0x0000, 0x0000, 0x0000, 0x0000, 0x0000, 0x0000, 0x0000, 0x0000, 0x0000,
    0x0000, 0x0000, 0x0000, 0x0000, 0x0000, 0x0000, 0x0000, 0x0000, 0x0000, 0x0000, 0x0000, 0x0000, 0x0000, 0x0000, 0x0000, 0x0000,
    0x0000, 0x0000, 0x0000, 0x0000, 0x0000, 0x0000, 0x0000, 0x0000, 0x0000, 0x0000, 0x0000, 0x0000, 0x0000, 0x0000, 0x0000, 0x0000,
    0x0000, 0x0000, 0x0000, 0x0000, 0x0000, 0x0000, 0x0000, 0x0000, 0x0000, 0x0000, 0x0000, 0x0000, 0x0000, 0x0000, 0x0000, 0x0000,
    0x0000, 0x0000, 0x0000, 0x0000, 0x0000, 0x0000, 0x0000, 0x0000, 0x0000, 0x0000, 0x0000, 0x0000, 0x0000, 0x0000, 0x0000, 0x0000,
    0x0000, 0x0000, 0x0000, 0x0000, 0x0000, 0x0000, 0x0000, 0x0000, 0x0000, 0x0000, 0x0000, 0x0000, 0x0000, 0x0000, 0x0000, 0x0000,
    0x0000, 0x0000, 0x0000, 0x0000, 0x0000, 0x0000, 0x0000, 0x0000, 0x0000, 0x0000, 0x0000, 0x0000, 0x0000, 0x0000, 0x0000, 0x0000,
    0x0000, 0x0000, 0x0000, 0x0000, 0x0000, 0x0000, 0x0000, 0x0000, 0x0000, 0x0000, 0x0000, 0x0000, 0x0000, 0x0000, 0x0000, 0x0000,
    0x0000, 0x0000, 0x0000, 0x0000, 0x0000, 0x0861, 0x3186, 0x4a69, 0x4249, 0x2945, 0x00a2, 0x0000, 0x0000, 0x3000, 0x8800, 0xe0e3,
    0xfa69, 0xf3ef, 0xbcb3, 0x6c10, 0x2a28, 0x1904, 0x2965, 0x6b6d, 0xad75, 0xbdd7, 0x8451, 0x4a69, 0x2945, 0x4208, 0x8430, 0xd6ba,
    0xf7df, 0xd6ba, 0x8430, 0x31c7, 0x0882, 0x10a2, 0x39e7, 0x6b8d, 0x9cf3, 0xbdd7, 0xc679, 0xb6db, 0xa659, 0xbcb3, 0xd9a6, 0xd020,
    0xb020, 0x7020, 0x3000, 0x2965, 0x432c, 0x8492, 0xa534, 0x9410, 0x4208, 0x10a2, 0x0020, 0x0000, 0x0000, 0x0000, 0x0000, 0x0000,
    0x0000, 0x0000, 0x0000, 0x0000, 0x0000, 0x0020, 0x0020, 0x0020, 0x0020, 0x0000, 0x0000, 0x0000, 0x0000, 0x0000, 0x0000, 0x0000,
    0x0000, 0x0000, 0x0000, 0x0000, 0x0000, 0x0000, 0x0000, 0x0000, 0x0000, 0x0000, 0x0000, 0x0000, 0x0000, 0x0000, 0x0000, 0x0000,
    0x0000, 0x0000, 0x0000, 0x0000, 0x0000, 0x0000, 0x0000, 0x0000, 0x0000, 0x0000, 0x0000, 0x0000, 0x0000, 0x0000, 0x0000, 0x0000,
    0x0000, 0x0000, 0x0000, 0x0000, 0x0000, 0x0000, 0x0000, 0x0000, 0x0000, 0x0000, 0x0000, 0x0000, 0x0000, 0x0000, 0x0000, 0x0000,
    0x0000, 0x0000, 0x0000, 0x0000, 0x0000, 0x0000, 0x0000, 0x0000, 0x0000, 0x0000, 0x0000, 0x0000, 0x0000, 0x0000, 0x0000, 0x0000,
    0x0000, 0x0000, 0x0000, 0x0000, 0x0000, 0x0000, 0x0000, 0x0000, 0x0000, 0x0000, 0x0000, 0x0000, 0x0000, 0x0000, 0x0000, 0x0000,
    0x0000, 0x0000, 0x0000, 0x0000, 0x0000, 0x0000, 0x0000, 0x0000, 0x0000, 0x0000, 0x0000, 0x0000, 0x0000, 0x0000, 0x0000, 0x0000,
    0x0000, 0x0000, 0x0000, 0x0000, 0x0000, 0x0000, 0x0000, 0x0000, 0x0000, 0x0000, 0x0000, 0x0000, 0x0000, 0x0000, 0x0000, 0x0000,
    0x0000, 0x0000, 0x0000, 0x0000, 0x0000, 0x0000, 0x0000, 0x0000, 0x0000, 0x0000, 0x0000, 0x0000, 0x0000, 0x0000, 0x0000, 0x0000,
    0x0000, 0x0000, 0x0000, 0x0000, 0x0000, 0x0000, 0x0000, 0x0000, 0x0000, 0x0000, 0x0000, 0x0000, 0x0000, 0x0000, 0x0000, 0x0000,
    0x0000, 0x0000, 0x0000, 0x0000, 0x0000, 0x0000, 0x0000, 0x0000, 0x0000, 0x0000, 0x0000, 0x0000, 0x0000, 0x0000, 0x0000, 0x0000,
    0x0000, 0x0000, 0x0000, 0x0000, 0x0000, 0x0000, 0x0000, 0x0000, 0x0000, 0x0000, 0x0000, 0x0000, 0x0000, 0x0000, 0x0000, 0x0000,
    0x0000, 0x0000, 0x0000, 0x0000, 0x0000, 0x0000, 0x0000, 0x0000, 0x0000, 0x0000, 0x0000, 0x0000, 0x0000, 0x0000, 0x0000, 0x0000,
    0x0000, 0x0000, 0x0000, 0x0000, 0x0000, 0x0000, 0x0000, 0x0000, 0x0000, 0x0000, 0x0000, 0x0000, 0x0000, 0x0000, 0x0000, 0x0000,
    0x0000, 0x0000, 0x0000, 0x0000, 0x0000, 0x0000, 0x0000, 0x0000, 0x0000, 0x0000, 0x0000, 0x0000, 0x0000, 0x0000, 0x0861, 0x2945,
    0x4208, 0x4208, 0x2965, 0x00a2, 0x0020, 0x0000, 0x3000, 0xa020, 0xf924, 0xfb2c, 0xcd14, 0x9492, 0x42cb, 0x00a2, 0x0000, 0x0000,
    0x2965, 0x6b8d, 0xa534, 0xb596, 0x9cd3, 0x6b6d, 0x4a8a, 0x5aeb, 0x8451, 0xa534, 0x8c71, 0x5acb, 0x39e7, 0x39e7, 0x5aeb, 0x73ae,
    0x8c71, 0x9492, 0x94b2, 0x9514, 0xa659, 0xb6db, 0xcd14, 0xdaaa, 0xd020, 0xb020, 0x8800, 0x5020, 0x0882, 0x19a6, 0x432c, 0x8c71,
    0x9492, 0x6b8d, 0x4249, 0x2965, 0x2124, 0x10a2, 0x0020, 0x0000, 0x0000, 0x0000, 0x0000, 0x0000, 0x0882, 0x18e3, 0x2124, 0x2945,
    0x2945, 0x2124, 0x2124, 0x1904, 0x18e3, 0x10a2, 0x0861, 0x0000, 0x0000, 0x0000, 0x0000, 0x0000, 0x0000, 0x0000, 0x0000, 0x0000,
    0x0000, 0x0000, 0x0000, 0x0000, 0x0000, 0x0000, 0x0000, 0x0000, 0x0000, 0x0000, 0x0000, 0x0000, 0x0000, 0x0000, 0x0000, 0x0000,
    0x0000, 0x0000, 0x0000, 0x0000, 0x0000, 0x0000, 0x0000, 0x0000, 0x0000, 0x0000, 0x0000, 0x0000, 0x0000, 0x0000, 0x0000, 0x0000,
    0x0000, 0x0000, 0x0000, 0x0000, 0x0000, 0x0000, 0x0000, 0x0000, 0x0000, 0x0000, 0x0000, 0x0000, 0x0000, 0x0000, 0x0000, 0x0000,
    0x0000, 0x0000, 0x0000, 0x0000, 0x0000, 0x0000, 0x0000, 0x0000, 0x0000, 0x0000, 0x0000, 0x0000, 0x0000, 0x0000, 0x0000, 0x0000,
    0x0000, 0x0000, 0x0000, 0x0000, 0x0000, 0x0000, 0x0000, 0x0000, 0x0000, 0x0000, 0x0000, 0x0000, 0x0000, 0x0000, 0x0000, 0x0000,
    0x0000, 0x0000, 0x0000, 0x0000, 0x0000, 0x0000, 0x0000, 0x0000, 0x0000, 0x0000, 0x0000, 0x0000, 0x0000, 0x0000, 0x0000, 0x0000,
    0x0000, 0x0000, 0x0000, 0x0000, 0x0000, 0x0000, 0x0000, 0x0000, 0x0000, 0x0000, 0x0000, 0x0000, 0x0000, 0x0000, 0x0000, 0x0000,
    0x0000, 0x0000, 0x0000, 0x0000, 0x0000, 0x0000, 0x0000, 0x0000, 0x0000, 0x0000, 0x0000, 0x0000, 0x0000, 0x0000, 0x0000, 0x0000,
    0x0000, 0x0000, 0x0000, 0x0000, 0x0000, 0x0000, 0x0000, 0x0000, 0x0000, 0x0000, 0x0000, 0x0000, 0x0000, 0x0000, 0x0000, 0x0000,
    0x0000, 0x0000, 0x0000, 0x0000, 0x0000, 0x0000, 0x0000, 0x0000, 0x0000, 0x0000, 0x0000, 0x0000, 0x0000, 0x0000, 0x0000, 0x0000,
    0x0000, 0x0000, 0x0000, 0x0000, 0x0000, 0x0000, 0x0000, 0x0000, 0x0000, 0x0000, 0x0000, 0x0000, 0x0000, 0x0000, 0x0000, 0x0000,
    0x0000, 0x0000, 0x0000, 0x0000, 0x0000, 0x0000, 0x0000, 0x0000, 0x0000, 0x0000, 0x0000, 0x0000, 0x0000, 0x0000, 0x0000, 0x0000,
    0x0000, 0x0000, 0x0000, 0x0000, 0x0000, 0x0000, 0x0000, 0x0000, 0x0000, 0x0000, 0x0000, 0x0000, 0x0000, 0x0000, 0x0000, 0x0000,
    0x0000, 0x0000, 0x0000, 0x0000, 0x0000, 0x0000, 0x0000, 0x0882, 0x3186, 0x4a8a, 0x4a8a, 0x31c7, 0x18c3, 0x0861, 0x0000, 0x5020,
    0xb020, 0xf924, 0xfb2c, 0xbcb3, 0x6c10, 0x19a6, 0x0000, 0x0000, 0x0000, 0x0000, 0x2124, 0x738e, 0xbe18, 0xef3c, 0xbe18, 0x73ae,
    0x39e7, 0x3186, 0x39e7, 0x39e7, 0x4208, 0x5aeb, 0x8430, 0x9514, 0x9cf3, 0x8451, 0x632c, 0x52aa, 0x538e, 0x7d14, 0xa659, 0xbdd7,
    0xdb6d, 0xd0c2, 0xc020, 0x8800, 0x5020, 0x2020, 0x0861, 0x19a6, 0x5aeb, 0x8430, 0x8c71, 0x8430, 0x6b8d, 0x5acb, 0x39e7, 0x1904,
    0x0861, 0x0000, 0x0020, 0x0861, 0x18c3, 0x2965, 0x4249, 0x5aeb, 0x632c, 0x630c, 0x5aeb, 0x5acb, 0x52aa, 0x4a69, 0x39e7, 0x2945,
    0x18c3, 0x0861, 0x0020, 0x0020, 0x0020, 0x0020, 0x0000, 0x0000, 0x0000, 0x0000, 0x0000, 0x0000, 0x0000, 0x0000, 0x0000, 0x0000,
    0x0000, 0x0000, 0x0000, 0x0000, 0x0000, 0x0000, 0x0000, 0x0000, 0x0000, 0x0000, 0x0000, 0x0000, 0x0000, 0x0000, 0x0000, 0x0000,
    0x0000, 0x0000, 0x0000, 0x0000, 0x0000, 0x0000, 0x0000, 0x0000, 0x0000, 0x0000, 0x0000, 0x0000, 0x0000, 0x0000, 0x0000, 0x0000,
    0x0000, 0x0000, 0x0000, 0x0000, 0x0000, 0x0000, 0x0000, 0x0000, 0x0000, 0x0000, 0x0000, 0x0000, 0x0000, 0x0000, 0x0000, 0x0000,
    0x0000, 0x0000, 0x0000, 0x0000, 0x0000, 0x0000, 0x0000, 0x0000, 0x0000, 0x0000, 0x0000, 0x0000, 0x0000, 0x0000, 0x0000, 0x0000,
    0x0000, 0x0000, 0x0000, 0x0000, 0x0000, 0x0000, 0x0000, 0x0000, 0x0000, 0x0000, 0x0000, 0x0000, 0x0000, 0x0000, 0x0000, 0x0000,
    0x0000, 0x0000, 0x0000, 0x0000, 0x0000, 0x0000, 0x0000, 0x0000, 0x0000, 0x0000, 0x0000, 0x0000, 0x0000, 0x0000, 0x0000, 0x0000,
    0x0000, 0x0000, 0x0000, 0x0000, 0x0000, 0x0000, 0x0000, 0x0000, 0x0000, 0x0000, 0x0000, 0x0000, 0x0000, 0x0000, 0x0000, 0x0000,
    0x0000, 0x0000, 0x0000, 0x0000, 0x0000, 0x0000, 0x0000, 0x0000, 0x0000, 0x0000, 0x0000, 0x0000, 0x0000, 0x0000, 0x0000, 0x0000,
    0x0000, 0x0000, 0x0000, 0x0000, 0x0000, 0x0000, 0x0000, 0x0000, 0x0000, 0x0000, 0x0000, 0x0000, 0x0000, 0x0000, 0x0000, 0x0000,
    0x0000, 0x0000, 0x0000, 0x0000, 0x0000, 0x0000, 0x0000, 0x0000, 0x0000, 0x0000, 0x0000, 0x0000, 0x0000, 0x0000, 0x0000, 0x0000,
    0x0000, 0x0000, 0x0000, 0x0000, 0x0000, 0x0000, 0x0000, 0x0000, 0x0000, 0x0000, 0x0000, 0x0000, 0x0000, 0x0000, 0x0000, 0x0000,
    0x0000, 0x0000, 0x0000, 0x0000, 0x0000, 0x0000, 0x0000, 0x0000, 0x0000, 0x0000, 0x0000, 0x0000, 0x0000, 0x0000, 0x0000, 0x0000,
    0x0000, 0x0000, 0x0000, 0x0000, 0x0000, 0x0000, 0x0000, 0x0000, 0x0000, 0x0000, 0x0000, 0x0000, 0x0000, 0x0000, 0x0000, 0x0000,
    0x0882, 0x4249, 0x738e, 0x6b6d, 0x4249, 0x1904, 0x0020, 0x0000, 0x5020, 0xc020, 0xf924, 0xfb2c, 0xbcb3, 0x432c, 0x1945, 0x0000,
    0x0000, 0x0000, 0x0000, 0x0000, 0x5acb, 0xc679, 0xf7df, 0xef3c, 0x8451, 0x2945, 0x0020, 0x0020, 0x10a2, 0x4208, 0x7c51, 0xbdd7,
    0xbe18, 0x9cf3, 0x632c, 0x3186, 0x18e3, 0x19a6, 0x5bef, 0x8d96, 0xbdd7, 0xdb6d, 0xe0e3, 0xd020, 0xa020, 0x5020, 0x2020, 0x0000,
    0x0861, 0x19a6, 0x42cb, 0x6451, 0x7d14, 0x7d14, 0x7c51, 0x538e, 0x4249, 0x19a6, 0x1945, 0x1945, 0x1945, 0x2a28, 0x42cb, 0x73ae,
    0x8492, 0x94b2, 0x9492, 0x8430, 0x8430, 0x8430, 0x7bef, 0x6b6d, 0x5acb, 0x39e7, 0x3186, 0x2965, 0x3186, 0x31c7, 0x3186, 0x3186,
    0x2945, 0x18c3, 0x0882, 0x0020, 0x0000, 0x0000, 0x0000, 0x0000, 0x0000, 0x0000, 0x0000, 0x0000, 0x0000, 0x0000, 0x0000, 0x0000,
    0x0000, 0x0000, 0x0000, 0x0000, 0x0000, 0x0000, 0x0000, 0x0000, 0x0000, 0x0000, 0x0000, 0x0000, 0x0000, 0x0000, 0x0000, 0x0000,
    0x0000, 0x0000, 0x0000, 0x0000, 0x0000, 0x0000, 0x0000, 0x0000, 0x0000, 0x0000, 0x0000, 0x0000, 0x0000, 0x0000, 0x0000, 0x0000,
    0x0000, 0x0000, 0x0000, 0x0000, 0x0000, 0x0000, 0x0000, 0x0000, 0x0000, 0x0000, 0x0000, 0x0000, 0x0000, 0x0000, 0x0000, 0x0000,
    0x0000, 0x0000, 0x0000, 0x0000, 0x0000, 0x0000, 0x0000, 0x0000, 0x0000, 0x0000, 0x0000, 0x0000, 0x0000, 0x0000, 0x0000, 0x0000,
    0x0000, 0x0000, 0x0000, 0x0000, 0x0000, 0x0000, 0x0000, 0x0000, 0x0000, 0x0000, 0x0000, 0x0000, 0x0000, 0x0000, 0x0000, 0x0000,
    0x0000, 0x0000, 0x0000, 0x0000, 0x0000, 0x0000, 0x0000, 0x0000, 0x0000, 0x0000, 0x0000, 0x0000, 0x0000, 0x0000, 0x0000, 0x0000,
    0x0000, 0x0000, 0x0000, 0x0000, 0x0000, 0x0000, 0x0000, 0x0000, 0x0000, 0x0000, 0x0000, 0x0000, 0x0000, 0x0000, 0x0000, 0x0000,
    0x0000, 0x0000, 0x0000, 0x0000, 0x0000, 0x0000, 0x0000, 0x0000, 0x0000, 0x0000, 0x0000, 0x0000, 0x0000, 0x0000, 0x0000, 0x0000,
    0x0000, 0x0000, 0x0000, 0x0000, 0x0000, 0x0000, 0x0000, 0x0000, 0x0000, 0x0000, 0x0000, 0x0000, 0x0000, 0x0000, 0x0000, 0x0000,
    0x0000, 0x0000, 0x0000, 0x0000, 0x0000, 0x0000, 0x0000, 0x0000, 0x0000, 0x0000, 0x0000, 0x0000, 0x0000, 0x0000, 0x0000, 0x0000,
    0x0000, 0x0000, 0x0000, 0x0000, 0x0000, 0x0000, 0x0000, 0x0000, 0x0000, 0x0000, 0x0000, 0x0000, 0x0000, 0x0000, 0x0000, 0x0000,
    0x0000, 0x0000, 0x0000, 0x0000, 0x0000, 0x0000, 0x0000, 0x0000, 0x0000, 0x0000, 0x0000, 0x0000, 0x0000, 0x0000, 0x0000, 0x0000,
    0x0000, 0x0000, 0x0000, 0x0000, 0x0000, 0x0000, 0x0000, 0x0000, 0x0000, 0x18e3, 0x632c, 0x9cf3, 0x8492, 0x42cb, 0x00a2, 0x0000,
    0x2020, 0x7020, 0xd020, 0xf924, 0xfb2c, 0x9410, 0x42cb, 0x00a2, 0x0000, 0x0000, 0x0000, 0x0000, 0x10a2, 0x632c, 0xd6ba, 0xf7df,
    0xef3c, 0x8430, 0x18e3, 0x0000, 0x0000, 0x18c3, 0x630c, 0xa575, 0xbe18, 0xa575, 0x738e, 0x31c7, 0x0861, 0x0000, 0x00a2, 0x328a,
    0x7d14, 0xb596, 0xdb6d, 0xe0e3, 0xd020, 0xa020, 0x5020, 0x0000, 0x0000, 0x0000, 0x0861, 0x19a6, 0x432c, 0x6451, 0x7d14, 0x7d14,
    0x7492, 0x5bef, 0x432c, 0x328a, 0x328a, 0x328a, 0x432c, 0x5bef, 0x7492, 0x9514, 0xa534, 0x9cf3, 0x9cb2, 0x9cd3, 0x9cf3, 0x9cf3,
    0x94b2, 0x8430, 0x738e, 0x6b6d, 0x6b6d, 0x6b8d, 0x73ae, 0x7c10, 0x7c10, 0x73ae, 0x5aeb, 0x39e7, 0x1904, 0x0861, 0x0000, 0x0000,
    0x0000, 0x0000, 0x0000, 0x0000, 0x0000, 0x0000, 0x0000, 0x0000, 0x0000, 0x0000, 0x0000, 0x0000, 0x0000, 0x0000, 0x0000, 0x0000,
    0x0000, 0x0000, 0x0000, 0x0000, 0x0000, 0x0000, 0x0000, 0x0000, 0x0000, 0x0000, 0x0000, 0x0000, 0x0000, 0x0000, 0x0000, 0x0000,
    0x0000, 0x0000, 0x0000, 0x0000, 0x0000, 0x0000, 0x0000, 0x0000, 0x0000, 0x0000, 0x0000, 0x0000, 0x0000, 0x0000, 0x0000, 0x0000,
    0x0000, 0x0000, 0x0000, 0x0000, 0x0000, 0x0000, 0x0000, 0x0000, 0x0000, 0x0000, 0x0000, 0x0000, 0x0000, 0x0000, 0x0000, 0x0000,
    0x0000, 0x0000, 0x0000, 0x0000, 0x0000, 0x0000, 0x0000, 0x0000, 0x0000, 0x0000, 0x0000, 0x0000, 0x0000, 0x0000, 0x0000, 0x0000,
    0x0000, 0x0000, 0x0000, 0x0000, 0x0000, 0x0000, 0x0000, 0x0000, 0x0000, 0x0000, 0x0000, 0x0000, 0x0000, 0x0000, 0x0000, 0x0000,
    0x0000, 0x0000, 0x0000, 0x0000, 0x0000, 0x0000, 0x0000, 0x0000, 0x0000, 0x0000, 0x0000, 0x0000, 0x0000, 0x0000, 0x0000, 0x0000,
    0x0000, 0x0000, 0x0000, 0x0000, 0x0000, 0x0000, 0x0000, 0x0000, 0x0000, 0x0000, 0x0000, 0x0000, 0x0000, 0x0000, 0x0000, 0x0000,
    0x0000, 0x0000, 0x0000, 0x0000, 0x0000, 0x0000, 0x0000, 0x0000, 0x0000, 0x0000, 0x0000, 0x0000, 0x0000, 0x0000, 0x0000, 0x0000,
    0x0000, 0x0000, 0x0000, 0x0000, 0x0000, 0x0000, 0x0000, 0x0000, 0x0000, 0x0000, 0x0000, 0x0000, 0x0000, 0x0000, 0x0000, 0x0000,
    0x0000, 0x0000, 0x0000, 0x0000, 0x0000, 0x0000, 0x0000, 0x0000, 0x0000, 0x0000, 0x0000, 0x0000, 0x0000, 0x0000, 0x0000, 0x0000,
    0x0000, 0x0000, 0x0000, 0x0000, 0x0000, 0x0000, 0x0000, 0x0000, 0x0000, 0x0000, 0x0000, 0x0000, 0x0000, 0x0000, 0x0000, 0x0000,
    0x0000, 0x0000, 0x0000, 0x0000, 0x0000, 0x0000, 0x0000, 0x0000, 0x0000, 0x0000, 0x0000, 0x0000, 0x0000, 0x0000, 0x0000, 0x0000,
    0x0000, 0x0020, 0x3186, 0x8c71, 0xbe18, 0x9514, 0x328a, 0x00a2, 0x0000, 0x2020, 0x7020, 0xd020, 0xf924, 0xfb2c, 0x9410, 0x4a8a,
    0x00a2, 0x0000, 0x0000, 0x0000, 0x18e3, 0x4249, 0x8c71, 0xc679, 0xef3c, 0xbe18, 0x738e, 0x1904, 0x0000, 0x0000, 0x31c7, 0x8430,
    0xbdd7, 0xb596, 0x7bef, 0x39e7, 0x0882, 0x0000, 0x0000, 0x0861, 0x328a, 0x7d14, 0xad75, 0xdb6d, 0xe0e3, 0xd020, 0xa020, 0x5020,
    0x2020, 0x0000, 0x0000, 0x0000, 0x0861, 0x1945, 0x328a, 0x538e, 0x7c51, 0x8492, 0x8451, 0x7bef, 0x6b8d, 0x432c, 0x432c, 0x538e,
    0x5bef, 0x6451, 0x7492, 0x8492, 0x8451, 0x8451, 0x9492, 0x9cd3, 0x9cf3, 0x9cd3, 0x9492, 0x9492, 0x8c71, 0x9492, 0x94b2, 0x9cf3,
    0xb596, 0xbe18, 0xbdd7, 0x9cf3, 0x7bcf, 0x4a8a, 0x2965, 0x10a2, 0x0882, 0x0861, 0x0000, 0x0000, 0x0000, 0x0000, 0x0000, 0x0000,
    0x0000, 0x0000, 0x0000, 0x0000, 0x0000, 0x0000, 0x0000, 0x0000, 0x0000, 0x0000, 0x0000, 0x0000, 0x0000, 0x0000, 0x0000, 0x0000,
    0x0000, 0x0000, 0x0000, 0x0000, 0x0000, 0x0000, 0x0000, 0x0000, 0x0000, 0x0000, 0x0000, 0x0000, 0x0000, 0x0000, 0x0000, 0x0000,
    0x0000, 0x0000, 0x0000, 0x0000, 0x0000, 0x0000, 0x0000, 0x0000, 0x0000, 0x0000, 0x0000, 0x0000, 0x0000, 0x0000, 0x0000, 0x0000,
    0x0000, 0x0000, 0x0000, 0x0000, 0x0000, 0x0000, 0x0000, 0x0000, 0x0000, 0x0000, 0x0000, 0x0000, 0x0000, 0x0000, 0x0000, 0x0000,
    0x0000, 0x0000, 0x0000, 0x0000, 0x0000, 0x0000, 0x0000, 0x0000, 0x0000, 0x0000, 0x0000, 0x0000, 0x0000, 0x0000, 0x0000, 0x0000,
    0x0000, 0x0000, 0x0000, 0x0000, 0x0000, 0x0000, 0x0000, 0x0000, 0x0000, 0x0000, 0x0000, 0x0000, 0x0000, 0x0000, 0x0000, 0x0000,
    0x0000, 0x0000, 0x0000, 0x0000, 0x0000, 0x0000, 0x0000, 0x0000, 0x0000, 0x0000, 0x0000, 0x0000, 0x0000, 0x0000, 0x0000, 0x0000,
    0x0000, 0x0000, 0x0000, 0x0000, 0x0000, 0x0000, 0x0000, 0x0000, 0x0000, 0x0000, 0x0000, 0x0000, 0x0000, 0x0000, 0x0000, 0x0000,
    0x0000, 0x0000, 0x0000, 0x0000, 0x0000, 0x0000, 0x0000, 0x0000, 0x0000, 0x0000, 0x0000, 0x0000, 0x0000, 0x0000, 0x0000, 0x0000,
    0x0000, 0x0000, 0x0000, 0x0000, 0x0000, 0x0000, 0x0000, 0x0000, 0x0000, 0x0000, 0x0000, 0x0000, 0x0000, 0x0000, 0x0000, 0x0000,
    0x0000, 0x0000, 0x0000, 0x0000, 0x0000, 0x0000, 0x0000, 0x0000, 0x0000, 0x0000, 0x0000, 0x0000, 0x0000, 0x0000, 0x0000, 0x0000,
    0x0000, 0x0000, 0x0000, 0x0000, 0x0000, 0x0000, 0x0000, 0x0000, 0x0000, 0x0000, 0x0000, 0x0000, 0x0000, 0x0000, 0x0000, 0x0000,
    0x0000, 0x0000, 0x0000, 0x0000, 0x0000, 0x0000, 0x0000, 0x0000, 0x0000, 0x0000, 0x18e3, 0x5aeb, 0xa575, 0xbe18, 0x94b2, 0x39e7,
    0x0020, 0x0000, 0x2020, 0x7020, 0xd020, 0xf924, 0xfb2c, 0x9410, 0x432c, 0x1945, 0x0861, 0x0882, 0x2965, 0x5acb, 0x8451, 0xa534,
    0xa534, 0x9cd3, 0x8451, 0x6b6d, 0x4208, 0x2945, 0x2945, 0x5aeb, 0x9cd3, 0xb596, 0x9cd3, 0x5acb, 0x1904, 0x0000, 0x0000, 0x0000,
    0x0020, 0x328a, 0x7d14, 0xad75, 0xdb6d, 0xe0e3, 0xd020, 0xa020, 0x7020, 0x2020, 0x0000, 0x0000, 0x0000, 0x0020, 0x2020, 0x48e3,
    0x71e7, 0x72cb, 0xb32c, 0xb32c, 0xb32c, 0xb32c, 0x72cb, 0x72cb, 0x630c, 0x630c, 0x630c, 0x630c, 0x5aeb, 0x42cb, 0x432c, 0x632c,
    0x73ae, 0x7bef, 0x7bcf, 0x73ae, 0x7bef, 0x8430, 0x8c71, 0x9492, 0x9cd3, 0xa575, 0xbe18, 0xbe18, 0xb596, 0x94b2, 0x738e, 0x5acb,
    0x4a69, 0x4208, 0x39e7, 0x2945, 0x18c3, 0x0882, 0x0882, 0x0882, 0x0882, 0x0882, 0x0882, 0x0882, 0x0882, 0x0882, 0x0882, 0x0882,
    0x10a2, 0x10a2, 0x10a2, 0x10a2, 0x10a2, 0x10a2, 0x10a2, 0x10a2, 0x10a2, 0x10a2, 0x10a2, 0x10a2, 0x10a2, 0x10a2, 0x10a2, 0x10a2,
    0x0882, 0x0861, 0x0020, 0x0000, 0x0000, 0x0000, 0x0000, 0x0000, 0x0000, 0x0000, 0x0000, 0x0000, 0x0000, 0x0000, 0x0000, 0x0000,
    0x0000, 0x0000, 0x0000, 0x0000, 0x0000, 0x0000, 0x0000, 0x0000, 0x0000, 0x0000, 0x0000, 0x0000, 0x0000, 0x0000, 0x0000, 0x0000,
    0x0000, 0x0000, 0x0000, 0x0000, 0x0000, 0x0000, 0x0000, 0x0000, 0x0000, 0x0000, 0x0000, 0x0000, 0x0000, 0x0000, 0x0000, 0x0000,
    0x0000, 0x0000, 0x0000, 0x0000, 0x0000, 0x0000, 0x0000, 0x0000, 0x0000, 0x0000, 0x0000, 0x0000, 0x0000, 0x0000, 0x0000, 0x0000,
    0x0000, 0x0000, 0x0000, 0x0000, 0x0000, 0x0000, 0x0000, 0x0000, 0x0000, 0x0000, 0x0000, 0x0000, 0x0000, 0x0000, 0x0000, 0x0000,
    0x0000, 0x0000, 0x0000, 0x0000, 0x0000, 0x0000, 0x0000, 0x0000, 0x0000, 0x0000, 0x0000, 0x0000, 0x0000, 0x0000, 0x0000, 0x0000,
    0x0000, 0x0000, 0x0000, 0x0000, 0x0000, 0x0000, 0x0000, 0x0000, 0x0000, 0x0000, 0x0000, 0x0000, 0x0000, 0x0000, 0x0000, 0x0000,
    0x0000, 0x0000, 0x0000, 0x0000, 0x0000, 0x0000, 0x0000, 0x0000, 0x0000, 0x0000, 0x0000, 0x0000, 0x0000, 0x0000, 0x0882, 0x18e3,
    0x10a2, 0x0000, 0x0000, 0x0000, 0x0000, 0x0000, 0x0000, 0x0000, 0x0000, 0x0000, 0x0000, 0x0000, 0x0000, 0x0000, 0x0000, 0x0000,
    0x0000, 0x0000, 0x0000, 0x0000, 0x0000, 0x0000, 0x0000, 0x0000, 0x0000, 0x0000, 0x0000, 0x0000, 0x0000, 0x0000, 0x0000, 0x0000,
    0x0000, 0x0000, 0x0000, 0x0000, 0x0000, 0x0000, 0x0000, 0x0000, 0x0000, 0x0000, 0x0000, 0x0000, 0x0000, 0x0000, 0x0000, 0x0000,
    0x0000, 0x0000, 0x10a2, 0x4a8a, 0x9492, 0xbdd7, 0xa575, 0x6b8d, 0x2124, 0x0000, 0x0000, 0x2020, 0x5020, 0xb020, 0xf924, 0xfb2c,
    0xbcb3, 0x6c10, 0x4249, 0x3186, 0x4208, 0x738e, 0xa534, 0xbdd7, 0x9cf3, 0x6b6d, 0x4249, 0x4a8a, 0x6b8d, 0x7bef, 0x738e, 0x6b6d,
    0x7bef, 0x9cb2, 0x9cf3, 0x8c71, 0x5acb, 0x1904, 0x0000, 0x0000, 0x0000, 0x00a2, 0x432c, 0x8d96, 0xb596, 0xdb6d, 0xe020, 0xd020,
    0xc020, 0x8800, 0x3000, 0x2020, 0x2020, 0x3000, 0x5020, 0x7020, 0x8800, 0xa020, 0xb0c3, 0xd9a6, 0xd9a6, 0xd9a6, 0xd9a6, 0xd9a6,
    0xb985, 0xb985, 0x7104, 0x7104, 0x2965, 0x2945, 0x1945, 0x1945, 0x19a6, 0x39e7, 0x4208, 0x39e7, 0x39e7, 0x4208, 0x4a8a, 0x5acb,
    0x5aeb, 0x630c, 0x6b6d, 0x7bcf, 0x8430, 0x8451, 0x8451, 0x8430, 0x8430, 0x8451, 0x8451, 0x7c10, 0x632c, 0x4249, 0x3186, 0x3186,
    0x31c7, 0x31c7, 0x31c7, 0x31c7, 0x39e7, 0x39e7, 0x39e7, 0x39e7, 0x39e7, 0x4208, 0x4208, 0x4249, 0x4249, 0x4249, 0x4249, 0x4249,
    0x4249, 0x4a69, 0x4a8a, 0x4a69, 0x4a69, 0x4a69, 0x4a69, 0x4a69, 0x4a69, 0x4208, 0x3186, 0x1904, 0x0882, 0x0861, 0x0861, 0x0882,
    0x0882, 0x10a2, 0x10a2, 0x10a2, 0x10a2, 0x10a2, 0x10a2, 0x10a2, 0x0882, 0x0882, 0x0882, 0x0882, 0x0882, 0x0882, 0x0882, 0x0882,
    0x0882, 0x0882, 0x0882, 0x0882, 0x0882, 0x0882, 0x0882, 0x0882, 0x0882, 0x0882, 0x0861, 0x0882, 0x0882, 0x0882, 0x0861, 0x0020,
    0x0000, 0x0000, 0x0000, 0x0020, 0x0020, 0x0020, 0x0000, 0x0000, 0x0000, 0x0000, 0x0000, 0x0000, 0x0000, 0x0000, 0x0000, 0x0000,
    0x0000, 0x0000, 0x0000, 0x0000, 0x0000, 0x0000, 0x0000, 0x0000, 0x0000, 0x0000, 0x0000, 0x0000, 0x0000, 0x0000, 0x0000, 0x0000,
    0x0000, 0x0000, 0x0000, 0x0000, 0x0000, 0x0000, 0x0000, 0x0000, 0x0000, 0x0000, 0x0000, 0x0000, 0x0000, 0x0000, 0x0000, 0x0000,
    0x0000, 0x0000, 0x0000, 0x0000, 0x0000, 0x0000, 0x0000, 0x0000, 0x0000, 0x0000, 0x0000, 0x0000, 0x0000, 0x0000, 0x0000, 0x0000,
    0x0000, 0x0000, 0x0000, 0x0000, 0x0000, 0x0000, 0x0000, 0x0000, 0x0000, 0x0000, 0x0000, 0x0000, 0x0000, 0x0000, 0x0000, 0x0000,
    0x0000, 0x0000, 0x0000, 0x0000, 0x0000, 0x0000, 0x10a2, 0x3186, 0x4249, 0x39e7, 0x1904, 0x0861, 0x0000, 0x0000, 0x0000, 0x0000,
    0x0000, 0x0000, 0x0000, 0x0000, 0x0000, 0x0000, 0x0000, 0x0000, 0x0000, 0x0000, 0x0000, 0x0000, 0x0000, 0x0000, 0x0000, 0x0000,
    0x0000, 0x0000, 0x0000, 0x0000, 0x0000, 0x0000, 0x0000, 0x0000, 0x0000, 0x0000, 0x0000, 0x0000, 0x0000, 0x0000, 0x0000, 0x0000,
    0x0000, 0x0000, 0x0000, 0x0000, 0x0000, 0x0000, 0x0000, 0x0000, 0x0000, 0x0000, 0x0861, 0x4208, 0x8451, 0xad75, 0xa575, 0x7bef,
    0x4208, 0x0882, 0x0000, 0x0000, 0x0000, 0x3000, 0xa020, 0xe0e3, 0xfb2c, 0xcd14, 0x9cd3, 0x6c10, 0x7bcf, 0x9492, 0xbdd7, 0xc679,
    0xbe18, 0x7c10, 0x31c7, 0x10a2, 0x31c7, 0x7c10, 0xbdd7, 0xbe18, 0xad75, 0x94b2, 0x8430, 0x7c10, 0x8430, 0x632c, 0x3186, 0x0861,
    0x0000, 0x0000, 0x19a6, 0x5bef, 0x8d96, 0xa534, 0xdaaa, 0xe020, 0xe020, 0xd020, 0xa020, 0x7020, 0x5020, 0x5020, 0x8800, 0xa020,
    0xb020, 0xc020, 0xd020, 0xf040, 0xf881, 0xf881, 0xf881, 0xf881, 0xf881, 0xf040, 0xd020, 0xb020, 0x8800, 0x5020, 0x2020, 0x0020,
    0x0020, 0x0861, 0x00a2, 0x10a2, 0x0882, 0x0861, 0x0882, 0x18c3, 0x1904, 0x2124, 0x2124, 0x2124, 0x2965, 0x39e7, 0x4a8a, 0x632c,
    0x7bef, 0x9492, 0x9cf3, 0xa575, 0xa534, 0x8492, 0x6b8d, 0x5acb, 0x5acb, 0x5aeb, 0x5aeb, 0x5aeb, 0x630c, 0x632c, 0x6b6d, 0x6b6d,
    0x6b6d, 0x6b6d, 0x738e, 0x7bcf, 0x7bef, 0x7bef, 0x7bef, 0x7bef, 0x7bef, 0x7c10, 0x8430, 0x8451, 0x8451, 0x8451, 0x8451, 0x8451,
    0x8c71, 0x8451, 0x7bcf, 0x630c, 0x4249, 0x3186, 0x2945, 0x2124, 0x2945, 0x2965, 0x3186, 0x31c7, 0x31c7, 0x31c7, 0x31c7, 0x31c7,
    0x31c7, 0x31c7, 0x31c7, 0x31c7, 0x31c7, 0x31c7, 0x31c7, 0x31c7, 0x31c7, 0x31c7, 0x31c7, 0x31c7, 0x31c7, 0x31c7, 0x31c7, 0x31c7,
    0x31c7, 0x31c7, 0x31c7, 0x31c7, 0x31c7, 0x31c7, 0x31c7, 0x31c7, 0x2124, 0x10a2, 0x0861, 0x10a2, 0x2945, 0x2965, 0x2945, 0x10a2,
    0x0020, 0x0000, 0x0000, 0x0000, 0x0000, 0x0000, 0x0000, 0x0000, 0x0000, 0x0000, 0x0000, 0x0000, 0x0000, 0x0000, 0x0000, 0x0000,
    0x0000, 0x0000, 0x0000, 0x0000, 0x0000, 0x0000, 0x0000, 0x0000, 0x0000, 0x0000, 0x0000, 0x0000, 0x0000, 0x0000, 0x0000, 0x0000,
    0x0000, 0x0000, 0x0000, 0x0000, 0x0000, 0x0000, 0x0000, 0x0000, 0x0000, 0x0000, 0x0000, 0x0000, 0x0000, 0x0000, 0x0000, 0x0000,
    0x0000, 0x0000, 0x0000, 0x0000, 0x0000, 0x0000, 0x0000, 0x0000, 0x0000, 0x0000, 0x0000, 0x0000, 0x0000, 0x0000, 0x0000, 0x0000,
    0x0000, 0x0000, 0x0000, 0x0000, 0x0000, 0x0000, 0x0000, 0x0000, 0x0000, 0x0000, 0x0000, 0x0000, 0x0000, 0x0882, 0x3186, 0x52aa,
    0x6b8d, 0x7bcf, 0x738e, 0x5acb, 0x4208, 0x2124, 0x0882, 0x0000, 0x0000, 0x0000, 0x0000, 0x0000, 0x0000, 0x0000, 0x0000, 0x0000,
    0x0000, 0x0000, 0x0000, 0x0000, 0x0000, 0x0000, 0x0000, 0x0000, 0x0000, 0x0000, 0x0000, 0x0000, 0x0000, 0x0000, 0x0000, 0x0000,
    0x0000, 0x0000, 0x0000, 0x0000, 0x0000, 0x0000, 0x0000, 0x0000, 0x0000, 0x0000, 0x0000, 0x0000, 0x0000, 0x0000, 0x0000, 0x0000,
    0x0000, 0x0882, 0x2945, 0x4249, 0x7bef, 0xa534, 0xa534, 0x7c10, 0x4249, 0x18c3, 0x0000, 0x0000, 0x0000, 0x0000, 0x3000, 0xa020,
    0xe0e3, 0xfa69, 0xec91, 0xb596, 0xa659, 0xc679, 0xd6ba, 0xd6ba, 0xedf7, 0x9cf3, 0x52aa, 0x18c3, 0x0861, 0x4208, 0x9cd3, 0xef3c,
    0xf7df, 0xd6ba, 0x9cf3, 0x6b8d, 0x632c, 0x7bef, 0x73ae, 0x4249, 0x18c3, 0x0861, 0x1945, 0x538e, 0x7d14, 0xa534, 0xb3cf, 0xd9a6,
    0xe020, 0xf000, 0xf000, 0xd020, 0xa020, 0x8800, 0xa020, 0xc020, 0xf081, 0xe0e3, 0xf924, 0xf924, 0xf9c6, 0xf9c6, 0xf924, 0xf9c6,
    0xf9c6, 0xf924, 0xf924, 0xf081, 0xd020, 0xb020, 0x8800, 0x5020, 0x2020, 0x0000, 0x0000, 0x0000, 0x0000, 0x0000, 0x0000, 0x0000,
    0x0000, 0x0000, 0x0020, 0x0000, 0x0000, 0x0000, 0x0882, 0x2124, 0x4208, 0x5aeb, 0x7bcf, 0x8c71, 0x94b2, 0x8492, 0x7c10, 0x6b8d,
    0x630c, 0x5aeb, 0x630c, 0x632c, 0x632c, 0x6b6d, 0x6b8d, 0x738e, 0x73ae, 0x7bcf, 0x7bcf, 0x7bef, 0x8430, 0x8451, 0x8c71, 0x8c71,
    0x8c71, 0x8c71, 0x9492, 0x94b2, 0x9cb2, 0x9cd3, 0x9cd3, 0x9cd3, 0x9cf3, 0x9cf3, 0x9cf3, 0x9cd3, 0x7c10, 0x632c, 0x52aa, 0x4a69,
    0x4a69, 0x4a8a, 0x52aa, 0x5acb, 0x5acb, 0x5aeb, 0x5aeb, 0x630c, 0x630c, 0x632c, 0x632c, 0x632c, 0x632c, 0x632c, 0x632c, 0x632c,
    0x632c, 0x632c, 0x6b6d, 0x6b6d, 0x6b6d, 0x6b8d, 0x6b8d, 0x6b8d, 0x6b8d, 0x6b8d, 0x738e, 0x738e, 0x738e, 0x738e, 0x7bcf, 0x7bcf,
    0x6b8d, 0x5acb, 0x39e7, 0x3186, 0x4208, 0x5aeb, 0x6b6d, 0x630c, 0x4a69, 0x2965, 0x18e3, 0x18c3, 0x10a2, 0x18c3, 0x18c3, 0x18c3,
    0x18c3, 0x18c3, 0x18c3, 0x18c3, 0x18c3, 0x18c3, 0x18c3, 0x18c3, 0x18c3, 0x18c3, 0x18c3, 0x18c3, 0x18c3, 0x18c3, 0x18c3, 0x18e3,
    0x1904, 0x1904, 0x18c3, 0x0861, 0x0000, 0x0000, 0x0000, 0x0000, 0x0000, 0x0000, 0x0000, 0x0000, 0x0000, 0x0000, 0x0000, 0x0000,
    0x0000, 0x0000, 0x0000, 0x0000, 0x0000, 0x0000, 0x0000, 0x0000, 0x0000, 0x0000, 0x0000, 0x0000, 0x0000, 0x0000, 0x0000, 0x0000,
    0x0000, 0x0000, 0x0000, 0x0000, 0x0000, 0x0000, 0x0000, 0x0000, 0x0000, 0x0000, 0x0000, 0x0000, 0x0000, 0x0000, 0x0000, 0x0000,
    0x0000, 0x0000, 0x0000, 0x0000, 0x0000, 0x0020, 0x31c7, 0x7bef, 0xa534, 0xa575, 0xa534, 0x9cf3, 0x9cf3, 0x8c71, 0x632c, 0x31c7,
    0x0882, 0x0000, 0x0000, 0x0000, 0x0000, 0x0000, 0x0000, 0x0000, 0x0000, 0x0000, 0x0000, 0x0000, 0x0000, 0x0000, 0x0000, 0x0000,
    0x0000, 0x0000, 0x0000, 0x0000, 0x0000, 0x0000, 0x0000, 0x0000, 0x0000, 0x0000, 0x0000, 0x0000, 0x0000, 0x0000, 0x0000, 0x0000,
    0x0000, 0x0000, 0x0000, 0x0000, 0x0000, 0x0000, 0x0000, 0x0000, 0x0000, 0x0882, 0x31c7, 0x6b8d, 0x9cd3, 0xb596, 0xa534, 0x7bef,
    0x4208, 0x18c3, 0x0020, 0x0000, 0x0020, 0x0000, 0x0000, 0x5020, 0xb020, 0xf040, 0xf924, 0xdb6d, 0xbdd7, 0xef3c, 0xf7df, 0xf7df,
    0xef3c, 0x9cf3, 0x630c, 0x2965, 0x18e3, 0x2965, 0x6b6d, 0xad75, 0xef3c, 0xef3c, 0xc679, 0x9cb2, 0x632c, 0x5aeb, 0x7bcf, 0x7c10,
    0x5aeb, 0x31c7, 0x39e7, 0x538e, 0x8d96, 0x9dd7, 0x9410, 0xc269, 0xd0c2, 0xf000, 0xf820, 0xf000, 0xe020, 0xd020, 0xd020, 0xe020,
    0xf924, 0xf9c6, 0xfa69, 0xfb2c, 0xfb2c, 0xf3ef, 0xf3ef, 0xf3ef, 0xf3ef, 0xfb2c, 0xfb2c, 0xfa69, 0xf9c6, 0xf924, 0xe020, 0xc020,
    0xa020, 0x7020, 0x3000, 0x0000, 0x0000, 0x0000, 0x0000, 0x0000, 0x0000, 0x0000, 0x0000, 0x0000, 0x0000, 0x0000, 0x0000, 0x0000,
    0x0882, 0x2124, 0x31c7, 0x4249, 0x4a8a, 0x52aa, 0x4a8a, 0x4a8a, 0x4a69, 0x4249, 0x4249, 0x4249, 0x4a8a, 0x52aa, 0x5acb, 0x5acb,
    0x5aeb, 0x5aeb, 0x630c, 0x630c, 0x632c, 0x6b6d, 0x6b8d, 0x738e, 0x738e, 0x73ae, 0x738e, 0x73ae, 0x7bcf, 0x7bef, 0x7c10, 0x8430,
    0x8430, 0x8430, 0x8c71, 0x9492, 0x9492, 0x8451, 0x7bef, 0x6b8d, 0x6b6d, 0x6b6d, 0x6b6d, 0x6b8d, 0x738e, 0x738e, 0x738e, 0x7bcf,
    0x7bef, 0x8430, 0x8c71, 0x9492, 0x9492, 0x9492, 0x9492, 0x9492, 0x9492, 0x9492, 0x9492, 0x9492, 0x9cb2, 0x9cd3, 0x9cd3, 0x9cd3,
    0x9cd3, 0x9cf3, 0xa534, 0xa534, 0xa534, 0xad75, 0xad75, 0xad75, 0xad75, 0xa534, 0x8c71, 0x738e, 0x632c, 0x7bcf, 0x9cb2, 0xa534,
    0x9cf3, 0x8451, 0x6b6d, 0x4a8a, 0x4249, 0x4208, 0x4249, 0x4a69, 0x4a69, 0x4a69, 0x4a69, 0x4a69, 0x4a69, 0x4a69, 0x4a69, 0x4a69,
    0x4a69, 0x4249, 0x4249, 0x4249, 0x4249, 0x4249, 0x4208, 0x4249, 0x4a8a, 0x5aeb, 0x5aeb, 0x4a69, 0x2965, 0x0882, 0x0000, 0x0000,
    0x0000, 0x0000, 0x0000, 0x0000, 0x0000, 0x0000, 0x0000, 0x0000, 0x0000, 0x0000, 0x0000, 0x0000, 0x0000, 0x0000, 0x0000, 0x0000,
    0x0000, 0x0000, 0x0000, 0x0000, 0x0000, 0x0000, 0x0000, 0x0000, 0x0000, 0x0000, 0x0000, 0x0000, 0x0000, 0x0000, 0x0000, 0x0000,
    0x0000, 0x0000, 0x0000, 0x0000, 0x0000, 0x0000, 0x0000, 0x0000, 0x0000, 0x0000, 0x0000, 0x0000, 0x0000, 0x0000, 0x1904, 0x632c,
    0xa575, 0xc679, 0xbe18, 0xa534, 0xa534, 0xb596, 0xb596, 0x9cf3, 0x6b6d, 0x31c7, 0x0882, 0x0000, 0x0000, 0x0000, 0x0000, 0x0000,
    0x0000, 0x0000, 0x0000, 0x0000, 0x0000, 0x0000, 0x0000, 0x0000, 0x0000, 0x0000, 0x0000, 0x0000, 0x0000, 0x0000, 0x0000, 0x0000,
    0x0000, 0x0000, 0x0000, 0x0000, 0x0000, 0x0000, 0x0000, 0x0000, 0x0000, 0x0000, 0x0000, 0x0000, 0x0000, 0x0000, 0x0000, 0x0000,
    0x0000, 0x0882, 0x31c7, 0x6b8d, 0xa575, 0xc679, 0xbdd7, 0x7c51, 0x4208, 0x10a2, 0x0000, 0x0000, 0x0020, 0x0861, 0x0861, 0x2020,
    0x7020, 0xd020, 0xf820, 0xf040, 0xd9a6, 0xec91, 0xef3c, 0xf7df, 0xf7df, 0xcf3c, 0x8c71, 0x4249, 0x2945, 0x31c7, 0x5acb, 0x7bef,
    0x9cb2, 0xad75, 0xb596, 0xa534, 0x8451, 0x6b6d, 0x6b6d, 0x8430, 0x8c71, 0x7bef, 0x6b8d, 0x6451, 0x9dd7, 0xa659, 0xad75, 0xb32c,
    0xb0c3, 0xd020, 0xf000, 0xf820, 0xf820, 0xf820, 0xf820, 0xf881, 0xf9c6, 0xfb2c, 0xec91, 0xec91, 0xf534, 0xf534, 0xf534, 0xedf7,
    0xedf7, 0xcd14, 0xcd14, 0xc430, 0xdb6d, 0xdb6d, 0xfb2c, 0xf9c6, 0xf924, 0xf040, 0xc020, 0x8800, 0x3000, 0x0000, 0x0000, 0x0000,
    0x0020, 0x0861, 0x0861, 0x0861, 0x0861, 0x0861, 0x0861, 0x0861, 0x0861, 0x0861, 0x0861, 0x0882, 0x18c3, 0x18c3, 0x18c3, 0x18e3,
    0x1904, 0x2124, 0x2945, 0x2945, 0x2945, 0x3186, 0x31c7, 0x31c7, 0x39e7, 0x39e7, 0x39e7, 0x39e7, 0x39e7, 0x4208, 0x4208, 0x4249,
    0x4a69, 0x4a69, 0x4a69, 0x4a69, 0x4a69, 0x4a69, 0x4a8a, 0x52aa, 0x5acb, 0x5acb, 0x5acb, 0x630c, 0x6b6d, 0x738e, 0x73ae, 0x738e,
    0x738e, 0x6b8d, 0x6b8d, 0x6b8d, 0x6b8d, 0x6b8d, 0x6b8d, 0x6b8d, 0x738e, 0x7bcf, 0x8430, 0x8c71, 0x9492, 0x94b2, 0x94b2, 0x94b2,
    0x9492, 0x9492, 0x9492, 0x9492, 0x94b2, 0x9cd3, 0x9cf3, 0x9cf3, 0x9cf3, 0x9cf3, 0xa534, 0xa575, 0xa575, 0xb596, 0xb596, 0xbdd7,
    0xbdd7, 0xbdd7, 0xad75, 0x9cd3, 0x8451, 0x7c10, 0x9492, 0xad75, 0xbdd7, 0xbdd7, 0xa534, 0x8c71, 0x7bcf, 0x6b8d, 0x6b6d, 0x6b8d,
    0x738e, 0x738e, 0x738e, 0x738e, 0x738e, 0x738e, 0x738e, 0x738e, 0x738e, 0x738e, 0x738e, 0x738e, 0x738e, 0x738e, 0x6b8d, 0x6b6d,
    0x6b8d, 0x7bef, 0x8c71, 0x9492, 0x8430, 0x632c, 0x39e7, 0x18c3, 0x0000, 0x0000, 0x0000, 0x0000, 0x0000, 0x0000, 0x0000, 0x0000,
    0x0000, 0x0000, 0x0000, 0x0000, 0x0000, 0x0000, 0x0000, 0x0000, 0x0000, 0x0000, 0x0000, 0x0000, 0x0000, 0x0000, 0x0000, 0x0000,
    0x0000, 0x0000, 0x0000, 0x0000, 0x0000, 0x0000, 0x0000, 0x0000, 0x0000, 0x0000, 0x0000, 0x0000, 0x0000, 0x0000, 0x0000, 0x0000,
    0x0000, 0x0000, 0x0000, 0x0000, 0x0000, 0x0882, 0x3186, 0x630c, 0x94b2, 0xb596, 0xa575, 0x8c71, 0x6b8d, 0x738e, 0x8c71, 0x9cf3,
    0xa534, 0x94b2, 0x6b8d, 0x4208, 0x2124, 0x10a2, 0x0861, 0x0000, 0x0000, 0x0000, 0x0000, 0x0000, 0x0000, 0x0000, 0x0000, 0x0000,
    0x0000, 0x0000, 0x0000, 0x0000, 0x0000, 0x0000, 0x0000, 0x0000, 0x0000, 0x0000, 0x0000, 0x0000, 0x0000, 0x0000, 0x0000, 0x0000,
    0x0000, 0x0000, 0x0000, 0x0000, 0x0000, 0x0000, 0x0861, 0x18c3, 0x2124, 0x3186, 0x4a69, 0x738e, 0x9cd3, 0x9dd7, 0x9dd7, 0x7492,
    0x328a, 0x18c3, 0x0000, 0x0000, 0x0000, 0x0020, 0x0882, 0x2020, 0x5020, 0xa020, 0xe020, 0xf820, 0xf000, 0xe0e3, 0xdb6d, 0xedf7,
    0xf7df, 0xf7df, 0xcf3c, 0x9514, 0x630c, 0x4a69, 0x5aeb, 0x738e, 0x6b8d, 0x5aeb, 0x5acb, 0x630c, 0x738e, 0x7bef, 0x8430, 0x8451,
    0x9492, 0x9cd3, 0xa534, 0x9dd7, 0xa659, 0xb6db, 0xa659, 0xc430, 0xb985, 0xd020, 0xe020, 0xf820, 0xf820, 0xf820, 0xf820, 0xf924,
    0xfa69, 0xec91, 0xedf7, 0xef3c, 0xef3c, 0xedf7, 0xad75, 0x9cb2, 0x8492, 0x94b2, 0x8492, 0x7c10, 0x632c, 0x938e, 0xb3cf, 0xec91,
    0xf3ef, 0xfb2c, 0xf9c6, 0xf924, 0xd020, 0x8800, 0x3000, 0x2020, 0x0020, 0x0861, 0x0861, 0x0882, 0x10a2, 0x10a2, 0x10a2, 0x10a2,
    0x10a2, 0x0861, 0x0000, 0x0000, 0x0000, 0x0000, 0x0020, 0x0020, 0x0861, 0x0882, 0x10a2, 0x10a2, 0x10a2, 0x10a2, 0x18e3, 0x1904,
    0x2124, 0x1904, 0x1904, 0x18e3, 0x18c3, 0x18c3, 0x1904, 0x2124, 0x2945, 0x2945, 0x2945, 0x2945, 0x2945, 0x2945, 0x2945, 0x2965,
    0x3186, 0x3186, 0x3186, 0x31c7, 0x39e7, 0x4208, 0x4a8a, 0x52aa, 0x52aa, 0x52aa, 0x52aa, 0x52aa, 0x52aa, 0x52aa, 0x4a8a, 0x4a8a,
    0x52aa, 0x52aa, 0x5acb, 0x630c, 0x632c, 0x6b6d, 0x6b8d, 0x6b8d, 0x6b6d, 0x6b6d, 0x6b6d, 0x6b6d, 0x6b6d, 0x6b8d, 0x738e, 0x738e,
    0x73ae, 0x73ae, 0x73ae, 0x7bcf, 0x7c10, 0x8430, 0x8451, 0x8c71, 0x8c71, 0x8c71, 0x8c71, 0x8451, 0x7bef, 0x738e, 0x738e, 0x8430,
    0x9cb2, 0x9cf3, 0x9cf3, 0x9492, 0x7c10, 0x73ae, 0x738e, 0x6b8d, 0x738e, 0x738e, 0x738e, 0x738e, 0x738e, 0x738e, 0x738e, 0x738e,
    0x738e, 0x738e, 0x738e, 0x73ae, 0x7bcf, 0x7bef, 0x7bef, 0x73ae, 0x738e, 0x738e, 0x7bcf, 0x8c71, 0x9cb2, 0x9cd3, 0x9492, 0x738e,
    0x4a8a, 0x2965, 0x18c3, 0x0020, 0x0000, 0x0000, 0x0000, 0x0000, 0x0000, 0x0000, 0x0000, 0x0000, 0x0000, 0x0000, 0x0000, 0x0000,
    0x0000, 0x0000, 0x0000, 0x0000, 0x0000, 0x0000, 0x0000, 0x0000, 0x0000, 0x0000, 0x0000, 0x0000, 0x0000, 0x0000, 0x0000, 0x0000,
    0x0000, 0x0000, 0x0000, 0x0000, 0x0000, 0x0000, 0x0000, 0x0000, 0x0000, 0x0000, 0x0000, 0x0000, 0x0000, 0x0020, 0x3186, 0x7bcf,
    0xa575, 0xa575, 0x8c71, 0x5aeb, 0x31c7, 0x2945, 0x2945, 0x39e7, 0x5aeb, 0x8430, 0x9514, 0x9cd3, 0x8430, 0x630c, 0x39e7, 0x2124,
    0x0882, 0x0020, 0x0020, 0x0020, 0x0020, 0x0861, 0x0020, 0x0861, 0x0861, 0x0020, 0x0020, 0x0020, 0x0020, 0x0020, 0x0020, 0x0020,
    0x0020, 0x0020, 0x0020, 0x0020, 0x0020, 0x0020, 0x0861, 0x0020, 0x0020, 0x0020, 0x0020, 0x0020, 0x0000, 0x0020, 0x18c3, 0x2965,
    0x4249, 0x5aeb, 0x73ae, 0x94b2, 0xa534, 0xa575, 0x8492, 0x538e, 0x2a28, 0x00a2, 0x0000, 0x0000, 0x0000, 0x0000, 0x2020, 0x3000,
    0x7020, 0xa020, 0xd020, 0xf000, 0xf820, 0xf820, 0xf040, 0xd9a6, 0xc430, 0xc679, 0xcfbe, 0xcfbe, 0xb6db, 0x8d96, 0x8492, 0x8451,
    0x73ae, 0x4a69, 0x1904, 0x10a2, 0x18e3, 0x4249, 0x7bef, 0xa575, 0xbdd7, 0xa575, 0xa575, 0xa659, 0xcfbe, 0xcfbe, 0xb6db, 0xbcb3,
    0xc269, 0xd0c2, 0xe020, 0xf000, 0xf820, 0xf820, 0xf820, 0xf881, 0xfa69, 0xec91, 0xd6ba, 0xf7df, 0xf7df, 0xf7df, 0xc679, 0x7c51,
    0x42cb, 0x2a28, 0x2a28, 0x2a28, 0x31c7, 0x2945, 0x31c7, 0x6b8d, 0xad75, 0xedf7, 0xedf7, 0xf3ef, 0xf9c6, 0xf881, 0xd020, 0x8800,
    0x5020, 0x0020, 0x0020, 0x0861, 0x0882, 0x10a2, 0x10a2, 0x18c3, 0x18c3, 0x10a2, 0x0861, 0x0000, 0x0000, 0x0000, 0x0020, 0x10a2,
    0x18c3, 0x18e3, 0x18c3, 0x10a2, 0x0882, 0x0882, 0x0882, 0x10a2, 0x10a2, 0x10a2, 0x10a2, 0x0882, 0x0020, 0x0000, 0x0020, 0x0861,
    0x10a2, 0x10a2, 0x10a2, 0x10a2, 0x10a2, 0x10a2, 0x10a2, 0x10a2, 0x18c3, 0x18c3, 0x18c3, 0x18e3, 0x18e3, 0x18e3, 0x2124, 0x2945,
    0x2965, 0x2945, 0x2945, 0x2945, 0x2945, 0x2945, 0x2945, 0x2945, 0x2945, 0x2945, 0x2945, 0x2965, 0x2965, 0x3186, 0x3186, 0x31c7,
    0x31c7, 0x3186, 0x3186, 0x3186, 0x3186, 0x3186, 0x3186, 0x31c7, 0x31c7, 0x31c7, 0x31c7, 0x31c7, 0x31c7, 0x39e7, 0x39e7, 0x4208,
    0x4208, 0x4208, 0x4249, 0x4208, 0x4208, 0x4208, 0x4208, 0x4a69, 0x52aa, 0x5aeb, 0x5aeb, 0x5acb, 0x5acb, 0x52aa, 0x52aa, 0x52aa,
    0x52aa, 0x52aa, 0x52aa, 0x52aa, 0x52aa, 0x52aa, 0x52aa, 0x52aa, 0x52aa, 0x52aa, 0x52aa, 0x52aa, 0x5aeb, 0x630c, 0x630c, 0x630c,
    0x630c, 0x5aeb, 0x5acb, 0x5acb, 0x632c, 0x7bcf, 0x9492, 0xa534, 0xa534, 0x9492, 0x6b8d, 0x4249, 0x2124, 0x0020, 0x0000, 0x0000,
    0x0000, 0x0000, 0x0000, 0x0000, 0x0000, 0x0000, 0x0000, 0x0000, 0x0000, 0x0000, 0x0000, 0x0000, 0x0000, 0x0000, 0x0000, 0x0000,
    0x0000, 0x0000, 0x0000, 0x0000, 0x0000, 0x0000, 0x0000, 0x0000, 0x0000, 0x0000, 0x0000, 0x0000, 0x0000, 0x0000, 0x0000, 0x0000,
    0x0000, 0x0000, 0x0000, 0x0000, 0x0000, 0x0020, 0x2945, 0x6b6d, 0xad75, 0xbe18, 0x9cd3, 0x4a8a, 0x10a2, 0x0000, 0x0000, 0x0000,
    0x0020, 0x1904, 0x52aa, 0x7c10, 0x9514, 0xa534, 0x9492, 0x6b8d, 0x4a69, 0x3186, 0x2124, 0x2124, 0x2124, 0x2945, 0x2965, 0x2965,
    0x2965, 0x2965, 0x2945, 0x2945, 0x2945, 0x2945, 0x2945, 0x2945, 0x2945, 0x2945, 0x2945, 0x2945, 0x2945, 0x2945, 0x2965, 0x2965,
    0x2965, 0x2945, 0x2965, 0x2965, 0x2945, 0x2124, 0x2945, 0x4208, 0x5aeb, 0x73ae, 0x8451, 0x9514, 0xa575, 0xa575, 0x8492, 0x630c,
    0x2965, 0x0861, 0x0000, 0x0000, 0x0000, 0x2020, 0x3000, 0x7020, 0x8800, 0xc020, 0xe020, 0xf040, 0xf820, 0xf820, 0xf820, 0xf000,
    0xd020, 0xb985, 0xb3cf, 0xbdd7, 0xcf3c, 0xcfbe, 0xcf3c, 0xb6db, 0x9dd7, 0x6c10, 0x39e7, 0x0861, 0x0000, 0x0020, 0x31c7, 0x8492,
    0xb6db, 0xcf3c, 0xa659, 0x8d96, 0xa659, 0xcf3c, 0xcf3c, 0xad75, 0xb32c, 0xd0c2, 0xe020, 0xf820, 0xf820, 0xf820, 0xf820, 0xf924,
    0xfa69, 0xf3ef, 0xedf7, 0xef3c, 0xf7df, 0xf7df, 0xf7df, 0xc679, 0x73ae, 0x1945, 0x0020, 0x0000, 0x0020, 0x0000, 0x0000, 0x18c3,
    0x630c, 0x9dd7, 0xcf3c, 0xb6db, 0xbcb3, 0xdaaa, 0xe0e3, 0xf820, 0xd020, 0x8800, 0x3000, 0x0000, 0x0020, 0x0861, 0x00a2, 0x00a2,
    0x10a2, 0x10a2, 0x10a2, 0x0861, 0x0000, 0x0000, 0x0020, 0x10a2, 0x2124, 0x3186, 0x2965, 0x2945, 0x18e3, 0x10a2, 0x0882, 0x10a2,
    0x10a2, 0x10a2, 0x0882, 0x10a2, 0x0882, 0x0020, 0x0000, 0x0000, 0x0020, 0x0861, 0x0882, 0x0882, 0x0882, 0x0882, 0x0882, 0x0882,
    0x0882, 0x0882, 0x0882, 0x0882, 0x0882, 0x0882, 0x0861, 0x0861, 0x0861, 0x0882, 0x0882, 0x0882, 0x10a2, 0x10a2, 0x10a2, 0x10a2,
    0x10a2, 0x10a2, 0x10a2, 0x10a2, 0x10a2, 0x10a2, 0x10a2, 0x10a2, 0x0882, 0x0882, 0x10a2, 0x10a2, 0x10a2, 0x10a2, 0x10a2, 0x10a2,
    0x10a2, 0x0882, 0x10a2, 0x10a2, 0x10a2, 0x10a2, 0x10a2, 0x10a2, 0x10a2, 0x10a2, 0x10a2, 0x0882, 0x0882, 0x0882, 0x10a2, 0x18e3,
    0x2124, 0x2124, 0x2124, 0x1904, 0x1904, 0x2124, 0x2945, 0x2965, 0x3186, 0x3186, 0x3186, 0x3186, 0x2965, 0x2965, 0x2965, 0x2965,
    0x2965, 0x2965, 0x2965, 0x2965, 0x3186, 0x31c7, 0x39e7, 0x39e7, 0x39e7, 0x39e7, 0x39e7, 0x39e7, 0x49a6, 0x4208, 0x5acb, 0x73ae,
    0x94b2, 0xad75, 0xb596, 0x9cd3, 0x73ae, 0x4a69, 0x2945, 0x0882, 0x0000, 0x0000, 0x0000, 0x0000, 0x0000, 0x0000, 0x0000, 0x0000,
    0x0000, 0x0000, 0x0000, 0x0000, 0x0000, 0x0000, 0x0000, 0x0000, 0x0000, 0x0000, 0x0000, 0x0000, 0x0000, 0x0000, 0x0000, 0x0000,
    0x0000, 0x0000, 0x0000, 0x0000, 0x0000, 0x0000, 0x0000, 0x0000, 0x0000, 0x0000, 0x0000, 0x0000, 0x0000, 0x0861, 0x31c7, 0x738e,
    0xa534, 0xbdd7, 0x9cf3, 0x630c, 0x18e3, 0x0000, 0x0000, 0x0000, 0x0000, 0x0000, 0x0000, 0x1904, 0x4a69, 0x73ae, 0x8c71, 0x9492,
    0x8430, 0x738e, 0x5aeb, 0x52aa, 0x4a8a, 0x5acb, 0x5aeb, 0x630c, 0x630c, 0x630c, 0x630c, 0x5aeb, 0x5aeb, 0x5aeb, 0x5aeb, 0x630c,
    0x630c, 0x630c, 0x630c, 0x630c, 0x630c, 0x630c, 0x630c, 0x630c, 0x630c, 0x630c, 0x630c, 0x632c, 0x632c, 0x630c, 0x5aeb, 0x630c,
    0x6b8d, 0x7c10, 0x8492, 0x7492, 0x6451, 0x7c51, 0x7bcf, 0x5aeb, 0x49a6, 0x3000, 0x2020, 0x3000, 0x3000, 0x5020, 0x7020, 0x8800,
    0xb020, 0xd020, 0xf040, 0xf820, 0xf820, 0xf820, 0xf820, 0xf820, 0xf000, 0xe020, 0xc020, 0xb985, 0xb32c, 0xb596, 0xcf3c, 0xcfbe,
    0xcfbe, 0xb6db, 0x7d14, 0x328a, 0x1945, 0x00a2, 0x00a2, 0x328a, 0x8d96, 0xcfbe, 0xcfbe, 0xb6db, 0x8d96, 0x8d96, 0xb596, 0xbcb3,
    0xb32c, 0xb985, 0xd020, 0xf000, 0xf820, 0xf820, 0xf820, 0xf924, 0xfa69, 0xec91, 0xedf7, 0xa659, 0xa659, 0x9dd7, 0xa659, 0xb6db,
    0xc679, 0x7c51, 0x19a6, 0x0000, 0x0000, 0x0000, 0x0000, 0x0000, 0x1904, 0x538e, 0xa659, 0xb6db, 0x9dd7, 0x6451, 0x72cb, 0xb985,
    0xf081, 0xf820, 0xd020, 0x8800, 0x3000, 0x0020, 0x0861, 0x00a2, 0x00a2, 0x00a2, 0x00a2, 0x00a2, 0x0882, 0x0861, 0x0861, 0x0882,
    0x18c3, 0x2945, 0x3186, 0x3186, 0x2945, 0x18e3, 0x18c3, 0x10a2, 0x10a2, 0x10a2, 0x10a2, 0x10a2, 0x10a2, 0x0882, 0x0020, 0x0000,
    0x0000, 0x0020, 0x0882, 0x10a2, 0x10a2, 0x10a2, 0x10a2, 0x10a2, 0x10a2, 0x10a2, 0x0882, 0x0861, 0x0861, 0x0861, 0x0861, 0x0020,
    0x0000, 0x0000, 0x0000, 0x0020, 0x0861, 0x10a2, 0x18e3, 0x1904, 0x1904, 0x1904, 0x1904, 0x1904, 0x1904, 0x1904, 0x18c3, 0x10a2,
    0x0882, 0x0882, 0x0861, 0x10a2, 0x10a2, 0x18c3, 0x18e3, 0x18e3, 0x18c3, 0x18c3, 0x18c3, 0x10a2, 0x18c3, 0x10a2, 0x10a2, 0x10a2,
    0x10a2, 0x10a2, 0x0882, 0x0882, 0x0861, 0x0861, 0x0861, 0x0861, 0x0861, 0x0861, 0x0020, 0x0020, 0x0000, 0x0020, 0x0861, 0x10a2,
    0x18c3, 0x18e3, 0x18c3, 0x18c3, 0x18c3, 0x10a2, 0x18c3, 0x10a2, 0x10a2, 0x10a2, 0x10a2, 0x10a2, 0x10a2, 0x10a2, 0x18c3, 0x18c3,
    0x18e3, 0x18e3, 0x18e3, 0x1904, 0x2124, 0x2945, 0x3186, 0x4208, 0x5acb, 0x6b8d, 0x8430, 0x9492, 0x9492, 0x8451, 0x7bcf, 0x632c,
    0x4a69, 0x2965, 0x10a2, 0x0000, 0x0000, 0x0000, 0x0000, 0x0000, 0x0000, 0x0000, 0x0000, 0x0000, 0x0000, 0x0000, 0x0000, 0x0000,
    0x0000, 0x0000, 0x0000, 0x0000, 0x0000, 0x0000, 0x0000, 0x0000, 0x0000, 0x0000, 0x0000, 0x0000, 0x0000, 0x0000, 0x0000, 0x0000,
    0x0000, 0x0000, 0x0000, 0x0000, 0x0000, 0x0000, 0x2945, 0x73ae, 0xb596, 0xbe18, 0x9cd3, 0x5acb, 0x2124, 0x0020, 0x0000, 0x0000,
    0x0020, 0x0020, 0x0020, 0x0000, 0x0020, 0x18c3, 0x3186, 0x52aa, 0x6b8d, 0x7c10, 0x8430, 0x7bef, 0x738e, 0x73ae, 0x6c10, 0x7c51,
    0x7492, 0x7492, 0x7492, 0x7492, 0x7492, 0x7492, 0x7492, 0x7492, 0x8492, 0x8492, 0x9492, 0x8492, 0x8492, 0x8492, 0x8492, 0x8492,
    0x8492, 0x8492, 0x8492, 0x9492, 0x94b2, 0x9cd3, 0x9cd3, 0x8492, 0x7492, 0x8492, 0x8492, 0x6451, 0x538e, 0x328a, 0x31c7, 0x3186,
    0x48e3, 0x5020, 0x7020, 0x7020, 0x8800, 0xa020, 0xb020, 0xc020, 0xe020, 0xf040, 0xf820, 0xf820, 0xf820, 0xf820, 0xf820, 0xf820,
    0xf820, 0xf820, 0xf000, 0xe020, 0xd020, 0xb985, 0xb32c, 0xad75, 0xcf3c, 0xcfbe, 0xb6db, 0x8d96, 0x5bef, 0x42cb, 0x2a28, 0x328a,
    0x5bef, 0x9dd7, 0xcf3c, 0xcfbe, 0xb6db, 0x7d14, 0x73ae, 0x72cb, 0x9a07, 0xd0c2, 0xe020, 0xf000, 0xf820, 0xf820, 0xf820, 0xf820,
    0xf9c6, 0xec91, 0xd6ba, 0xcf3c, 0x9dd7, 0x5bef, 0x42cb, 0x432c, 0x8492, 0xbdd7, 0xa534, 0x630c, 0x2124, 0x0000, 0x0000, 0x0000,
    0x0861, 0x4208, 0x8492, 0xa659, 0x8d96, 0x5bef, 0x328a, 0x4249, 0x71e7, 0xb985, 0xf040, 0xf000, 0xc020, 0x7020, 0x2020, 0x0882,
    0x00a2, 0x00a2, 0x00a2, 0x00a2, 0x00a2, 0x00a2, 0x00a2, 0x00a2, 0x10a2, 0x18c3, 0x18e3, 0x1904, 0x1904, 0x1904, 0x18c3, 0x18c3,
    0x10a2, 0x10a2, 0x10a2, 0x10a2, 0x10a2, 0x10a2, 0x0882, 0x0882, 0x0020, 0x0020, 0x0861, 0x10a2, 0x18c3, 0x18e3, 0x18e3, 0x18e3,
    0x18c3, 0x18c3, 0x10a2, 0x0882, 0x0861, 0x0861, 0x0861, 0x0020, 0x0000, 0x0000, 0x0000, 0x0000, 0x0020, 0x10a2, 0x2124, 0x2945,
    0x2965, 0x3186, 0x3186, 0x3186, 0x3186, 0x3186, 0x3186, 0x2965, 0x2124, 0x1904, 0x18e3, 0x18e3, 0x2124, 0x2965, 0x3186, 0x31c7,
    0x31c7, 0x3186, 0x3186, 0x3186, 0x3186, 0x3186, 0x3186, 0x3186, 0x3186, 0x3186, 0x2965, 0x2945, 0x2124, 0x2124, 0x1904, 0x18e3,
    0x18c3, 0x0882, 0x0020, 0x0000, 0x0000, 0x0000, 0x0861, 0x0882, 0x0882, 0x2020, 0x2020, 0x0882, 0x0861, 0x0861, 0x0861, 0x0861,
    0x0861, 0x0861, 0x0861, 0x0861, 0x0861, 0x0861, 0x0861, 0x0020, 0x0020, 0x0020, 0x0020, 0x0020, 0x0861, 0x18c3, 0x2124, 0x2965,
    0x31c7, 0x39e7, 0x39e7, 0x4208, 0x4a8a, 0x632c, 0x7c10, 0x9cb2, 0x9cf3, 0x9492, 0x6b6d, 0x4208, 0x18e3, 0x0020, 0x0000, 0x0000,
    0x0000, 0x0000, 0x0000, 0x0000, 0x0000, 0x0000, 0x0000, 0x0000, 0x0000, 0x0000, 0x0000, 0x0000, 0x0000, 0x0000, 0x0000, 0x0000,
    0x0000, 0x0000, 0x0000, 0x0000, 0x0000, 0x0000, 0x0000, 0x0000, 0x0000, 0x0000, 0x0000, 0x0000, 0x0000, 0x0020, 0x2124, 0x5aeb,
    0x9cf3, 0xbe18, 0xa575, 0x632c, 0x1904, 0x0000, 0x0000, 0x0000, 0x0861, 0x10a2, 0x18c3, 0x10a2, 0x0020, 0x0000, 0x0000, 0x0020,
    0x18e3, 0x4208, 0x5aeb, 0x738e, 0x738e, 0x6b8d, 0x538e, 0x6c10, 0x6451, 0x7492, 0x7492, 0x7c51, 0x7492, 0x7c51, 0x7492, 0x7c51,
    0x7492, 0x7c51, 0x8492, 0x8492, 0x8492, 0x8492, 0x8492, 0x8c71, 0x8492, 0x8492, 0x8451, 0x8492, 0x8492, 0x94b2, 0x9cd3, 0x7d14,
    0x8492, 0x7492, 0x7c51, 0x6c10, 0x630c, 0x39e7, 0x18e3, 0x2020, 0x3000, 0x5020, 0x8800, 0xa020, 0xc020, 0xd020, 0xd020, 0xd020,
    0xe020, 0xf040, 0xf040, 0xf820, 0xf820, 0xf040, 0xf040, 0xf820, 0xf820, 0xf820, 0xf820, 0xf820, 0xf000, 0xe020, 0xc020, 0xb0c3,
    0xb32c, 0xcd14, 0xbe18, 0xbe18, 0x8d96, 0x8492, 0x6c10, 0x538e, 0x6b8d, 0x7c51, 0xa534, 0xbe18, 0xbe18, 0xad75, 0x938e, 0x71e7,
    0x80a2, 0xa020, 0xd020, 0xf000, 0xf820, 0xf820, 0xf000, 0xf000, 0xf081, 0xfb2c, 0xedf7, 0xf7df, 0xcfbe, 0x8d96, 0x4a69, 0x0861,
    0x0861, 0x4208, 0x8c71, 0xad75, 0x94b2, 0x5aeb, 0x2124, 0x0861, 0x0882, 0x31c7, 0x6b6d, 0x9cb2, 0x9cd3, 0x738e, 0x4208, 0x19a6,
    0x2a28, 0x42cb, 0x9a07, 0xe0e3, 0xf820, 0xe020, 0xb020, 0x7020, 0x3082, 0x0882, 0x00a2, 0x00a2, 0x0882, 0x00a2, 0x00a2, 0x1904,
    0x1904, 0x00a2, 0x00a2, 0x00a2, 0x00a2, 0x00a2, 0x00a2, 0x00a2, 0x00a2, 0x0882, 0x0882, 0x0882, 0x10a2, 0x0882, 0x0882, 0x0882,
    0x0882, 0x0882, 0x0861, 0x0861, 0x0882, 0x0882, 0x18c3, 0x18e3, 0x18c3, 0x10a2, 0x0882, 0x0861, 0x0020, 0x0020, 0x0020, 0x0020,
    0x0020, 0x0000, 0x0000, 0x0000, 0x0000, 0x0020, 0x10a2, 0x18e3, 0x2124, 0x2965, 0x3186, 0x3186, 0x3186, 0x3186, 0x3186, 0x2965,
    0x2965, 0x2124, 0x1904, 0x1904, 0x2124, 0x2945, 0x3186, 0x39e7, 0x4208, 0x4208, 0x4208, 0x4208, 0x4208, 0x39e7, 0x39e7, 0x39e7,
    0x39e7, 0x4208, 0x4208, 0x39e7, 0x31c7, 0x3186, 0x2965, 0x2945, 0x2124, 0x1904, 0x10a2, 0x0861, 0x0020, 0x0020, 0x0882, 0x10a2,
    0x18c3, 0x18c3, 0x3082, 0x2020, 0x0882, 0x0861, 0x0882, 0x0882, 0x0882, 0x0882, 0x0882, 0x0882, 0x0882, 0x10a2, 0x10a2, 0x0882,
    0x0861, 0x0000, 0x0000, 0x0000, 0x0000, 0x0000, 0x0882, 0x18e3, 0x2124, 0x2945, 0x2124, 0x18e3, 0x18e3, 0x2945, 0x4249, 0x6b8d,
    0x94b2, 0xa575, 0xa575, 0x9492, 0x6b8d, 0x4a8a, 0x2965, 0x10a2, 0x0020, 0x0000, 0x0000, 0x0000, 0x0000, 0x0000, 0x0000, 0x0000,
    0x0000, 0x0000, 0x0000, 0x0000, 0x0000, 0x0000, 0x0000, 0x0000, 0x0000, 0x0000, 0x0000, 0x0000, 0x0000, 0x0000, 0x0000, 0x0000,
    0x0000, 0x0000, 0x0000, 0x0000, 0x0000, 0x0861, 0x2965, 0x632c, 0x9cb2, 0xa575, 0x9cd3, 0x6b6d, 0x2965, 0x0020, 0x0000, 0x0000,
    0x0020, 0x0882, 0x18c3, 0x18e3, 0x18c3, 0x0861, 0x0000, 0x0000, 0x0000, 0x0020, 0x18c3, 0x2965, 0x39e7, 0x4208, 0x2a28, 0x2a28,
    0x328a, 0x42cb, 0x42cb, 0x42cb, 0x42cb, 0x42cb, 0x42cb, 0x42cb, 0x42cb, 0x42cb, 0x5aeb, 0x5aeb, 0x5aeb, 0x5aeb, 0x5aeb, 0x5aeb,
    0x5aeb, 0x5aeb, 0x5aeb, 0x5aeb, 0x5aeb, 0x5aeb, 0x630c, 0x632c, 0x632c, 0x432c, 0x42cb, 0x42cb, 0x4a8a, 0x39e7, 0x48e3, 0x3000,
    0x5020, 0x7020, 0x8800, 0xb020, 0xd020, 0xe020, 0xd020, 0xc020, 0xc020, 0xc020, 0xc020, 0xd0c2, 0xc020, 0xb0c3, 0xc020, 0xd0c2,
    0xe020, 0xf081, 0xf881, 0xf820, 0xf820, 0xf820, 0xf000, 0xd020, 0xc020, 0xd0c2, 0xdaaa, 0xdb6d, 0xb3cf, 0xb3cf, 0xb3cf, 0xb3cf,
    0x938e, 0x938e, 0x938e, 0xb32c, 0xb3cf, 0xdb6d, 0xb32c, 0xb985, 0xb0c3, 0xa020, 0xc020, 0xe020, 0xf820, 0xf820, 0xf820, 0xf000,
    0xf000, 0xf924, 0xf3ef, 0xd6ba, 0xcfbe, 0xcfbe, 0x8d96, 0x4208, 0x0000, 0x0000, 0x0882, 0x4a69, 0x9492, 0xad75, 0x9cd3, 0x6b6d,
    0x4a69, 0x5acb, 0x7bcf, 0x8c71, 0x8430, 0x630c, 0x39e7, 0x2945, 0x2a28, 0x432c, 0x538e, 0x72cb, 0xb0c3, 0xd020, 0xf000, 0xe020,
    0xc020, 0x8800, 0x5020, 0x3082, 0x3082, 0x3082, 0x10a2, 0x00a2, 0x00a2, 0x00a2, 0x00a2, 0x0861, 0x0861, 0x0861, 0x00a2, 0x00a2,
    0x00a2, 0x0861, 0x0020, 0x0020, 0x0020, 0x0882, 0x0861, 0x0020, 0x0000, 0x0020, 0x0861, 0x0882, 0x0861, 0x0020, 0x0020, 0x0861,
    0x0882, 0x0861, 0x0020, 0x0000, 0x0000, 0x0000, 0x0000, 0x0000, 0x0000, 0x0000, 0x0000, 0x0000, 0x0000, 0x0000, 0x0000, 0x0020,
    0x0861, 0x0882, 0x10a2, 0x18c3, 0x18c3, 0x18c3, 0x18c3, 0x18c3, 0x18c3, 0x10a2, 0x0882, 0x0882, 0x0882, 0x18c3, 0x1904, 0x2124,
    0x2965, 0x2965, 0x3186, 0x3186, 0x3186, 0x3186, 0x2965, 0x2965, 0x2965, 0x2965, 0x3186, 0x31c7, 0x31c7, 0x2965, 0x2124, 0x18e3,
    0x18c3, 0x18e3, 0x18e3, 0x18c3, 0x0882, 0x0861, 0x0882, 0x18c3, 0x1904, 0x2124, 0x1904, 0x18c3, 0x10a2, 0x10a2, 0x18c3, 0x1904,
    0x1904, 0x1904, 0x1904, 0x18e3, 0x18e3, 0x1904, 0x1904, 0x2124, 0x1904, 0x10a2, 0x0020, 0x0000, 0x0000, 0x0000, 0x0000, 0x0020,
    0x0861, 0x10a2, 0x10a2, 0x0882, 0x0882, 0x0882, 0x1904, 0x39e7, 0x5acb, 0x73ae, 0x8451, 0x9492, 0x9492, 0x9492, 0x8c71, 0x7bcf,
    0x52aa, 0x3186, 0x0882, 0x0000, 0x0000, 0x0000, 0x0000, 0x0000, 0x0000, 0x0000, 0x0000, 0x0000, 0x0000, 0x0000, 0x0020, 0x0020,
    0x0020, 0x0000, 0x0000, 0x0000, 0x0000, 0x0000, 0x0000, 0x0000, 0x0000, 0x0000, 0x0000, 0x0000, 0x0000, 0x0020, 0x2945, 0x632c,
    0x9cf3, 0xb596, 0x9492, 0x5acb, 0x2124, 0x0861, 0x0000, 0x0020, 0x0020, 0x0861, 0x10a2, 0x10a2, 0x18c3, 0x10a2, 0x0882, 0x0020,
    0x0020, 0x0000, 0x0000, 0x0000, 0x0861, 0x0882, 0x0882, 0x00a2, 0x00a2, 0x18c3, 0x1904, 0x2124, 0x2124, 0x2124, 0x2124, 0x2124,
    0x2124, 0x2124, 0x2124, 0x2124, 0x2124, 0x2124, 0x2124, 0x2124, 0x2124, 0x2124, 0x2124, 0x2124, 0x2124, 0x2124, 0x2124, 0x2124,
    0x2124, 0x2945, 0x2124, 0x2124, 0x1904, 0x18e3, 0x48e3, 0x7020, 0x8800, 0xa020, 0xb020, 0xd020, 0xe020, 0xe020, 0xd0c2, 0xa020,
    0x80a2, 0x7020, 0x7020, 0x7020, 0x80a2, 0x7020, 0x7104, 0x7020, 0x80a2, 0xb0c3, 0xd020, 0xf081, 0xf881, 0xf820, 0xf820, 0xf000,
    0xf000, 0xe020, 0xe020, 0xf081, 0xe0e3, 0xd9a6, 0xd9a6, 0xc269, 0xc269, 0xc269, 0xc269, 0xd9a6, 0xb985, 0xb985, 0xd0c2, 0xd0c2,
    0xe0e3, 0xd020, 0xe020, 0xe020, 0xf820, 0xf820, 0xf820, 0xf820, 0xf820, 0xf881, 0xfa69, 0xec91, 0xc679, 0xcfbe, 0xcfbe, 0x9dd7,
    0x6b6d, 0x2945, 0x0000, 0x0000, 0x10a2, 0x630c, 0xa575, 0xc679, 0xbdd7, 0x9cf3, 0xa534, 0xad75, 0x9cb2, 0x630c, 0x3186, 0x2124,
    0x31c7, 0x432c, 0x6451, 0x7492, 0x738e, 0x71e7, 0xb0c3, 0xe020, 0xf820, 0xf000, 0xd020, 0xb020, 0x8800, 0x7020, 0x5020, 0x3082,
    0x3082, 0x0882, 0x0861, 0x0020, 0x0000, 0x0000, 0x0020, 0x0861, 0x00a2, 0x00a2, 0x0861, 0x0000, 0x0000, 0x0020, 0x0861, 0x0861,
    0x0000, 0x0000, 0x0000, 0x0861, 0x0882, 0x0020, 0x0000, 0x0000, 0x0000, 0x0000, 0x0000, 0x0000, 0x0000, 0x0000, 0x0000, 0x0000,
    0x0000, 0x0000, 0x0000, 0x0000, 0x0000, 0x0000, 0x0000, 0x0000, 0x0000, 0x0000, 0x0000, 0x0000, 0x0000, 0x0000, 0x0000, 0x0000,
    0x0000, 0x0000, 0x0000, 0x0000, 0x0000, 0x0000, 0x0861, 0x10a2, 0x10a2, 0x18c3, 0x18c3, 0x18c3, 0x18c3, 0x18c3, 0x18c3, 0x18c3,
    0x18c3, 0x18c3, 0x18c3, 0x18c3, 0x1904, 0x18e3, 0x10a2, 0x0861, 0x0000, 0x0000, 0x0861, 0x10a2, 0x18c3, 0x18e3, 0x18e3, 0x18e3,
    0x1904, 0x2945, 0x2965, 0x2945, 0x18e3, 0x18c3, 0x18e3, 0x2124, 0x2965, 0x2965, 0x2945, 0x2945, 0x2945, 0x2945, 0x2945, 0x2965,
    0x2965, 0x2965, 0x1904, 0x0882, 0x0020, 0x0020, 0x0020, 0x0020, 0x0000, 0x0000, 0x0020, 0x0020, 0x0020, 0x0882, 0x18c3, 0x2124,
    0x3186, 0x39e7, 0x4208, 0x4a8a, 0x5acb, 0x6b8d, 0x9492, 0xb596, 0xb596, 0x94b2, 0x632c, 0x31c7, 0x10a2, 0x0020, 0x0000, 0x0000,
    0x0000, 0x0000, 0x0000, 0x0000, 0x0020, 0x0020, 0x0020, 0x0020, 0x0020, 0x0020, 0x0000, 0x0000, 0x0000, 0x0000, 0x0000, 0x0000,
    0x0000, 0x0000, 0x0000, 0x0000, 0x0000, 0x0020, 0x2945, 0x5aeb, 0x9492, 0xa534, 0x9492, 0x5aeb, 0x2124, 0x0000, 0x0000, 0x0020,
    0x10a2, 0x10a2, 0x10a2, 0x10a2, 0x10a2, 0x10a2, 0x10a2, 0x10a2, 0x0882, 0x0861, 0x0000, 0x0000, 0x0000, 0x0000, 0x0000, 0x0000,
    0x0000, 0x0000, 0x2020, 0x3000, 0x3000, 0x3000, 0x3000, 0x3000, 0x3000, 0x3000, 0x3000, 0x3000, 0x3000, 0x3000, 0x3000, 0x3000,
    0x3000, 0x3000, 0x3000, 0x3000, 0x3000, 0x3000, 0x3000, 0x3000, 0x3000, 0x3000, 0x3000, 0x3000, 0x3000, 0x3000, 0x5020, 0x7020,
    0xa020, 0xc020, 0xe020, 0xf000, 0xf820, 0xf081, 0xd0c2, 0x80a2, 0x5020, 0x3082, 0x2020, 0x3082, 0x3082, 0x3082, 0x3082, 0x18c3,
    0x3082, 0x48e3, 0x80a2, 0xb0c3, 0xe020, 0xf881, 0xf881, 0xf820, 0xf040, 0xf000, 0xf820, 0xf820, 0xf820, 0xf000, 0xe020, 0xe020,
    0xe0e3, 0xd9a6, 0xe0e3, 0xe0e3, 0xe0e3, 0xd020, 0xd020, 0xd020, 0xf000, 0xf820, 0xf820, 0xf820, 0xf881, 0xf081, 0xf081, 0xf000,
    0xf000, 0xf881, 0xf924, 0xfb2c, 0xcd14, 0xc679, 0xb6db, 0xb6db, 0xc679, 0x9cf3, 0x6b8d, 0x31c7, 0x0861, 0x0861, 0x4249, 0x94b2,
    0xc679, 0xd6ba, 0xc679, 0xbe18, 0xad75, 0x7bef, 0x4a69, 0x3186, 0x39e7, 0x630c, 0x94b2, 0xa575, 0x9dd7, 0x8492, 0x72cb, 0x7104,
    0xc020, 0xf000, 0xf820, 0xf820, 0xe020, 0xd020, 0xb020, 0x80a2, 0x80a2, 0x7020, 0x5020, 0x5020, 0x3000, 0x2020, 0x2020, 0x2020,
    0x3000, 0x3082, 0x18c3, 0x10a2, 0x0861, 0x0020, 0x0861, 0x0882, 0x0882, 0x0861, 0x0020, 0x0861, 0x10a2, 0x10a2, 0x0861, 0x0000,
    0x0000, 0x0000, 0x0000, 0x0000, 0x0000, 0x0020, 0x0861, 0x0882, 0x0882, 0x0861, 0x0861, 0x0882, 0x0882, 0x0882, 0x0882, 0x0882,
    0x0882, 0x0861, 0x0861, 0x0861, 0x0020, 0x0020, 0x0020, 0x0020, 0x0861, 0x0861, 0x0020, 0x0020, 0x0020, 0x0020, 0x0882, 0x18c3,
    0x1904, 0x1904, 0x18e3, 0x10a2, 0x0882, 0x0861, 0x0882, 0x10a2, 0x18c3, 0x18c3, 0x18e3, 0x18e3, 0x18e3, 0x10a2, 0x0882, 0x0020,
    0x0000, 0x0000, 0x0000, 0x0882, 0x18e3, 0x2945, 0x2965, 0x2965, 0x2945, 0x2945, 0x2965, 0x3186, 0x2965, 0x2124, 0x2124, 0x2945,
    0x2965, 0x2965, 0x2945, 0x2945, 0x2945, 0x2965, 0x3186, 0x3186, 0x2965, 0x2945, 0x2124, 0x18e3, 0x18c3, 0x10a2, 0x10a2, 0x0882,
    0x0861, 0x0000, 0x0000, 0x0000, 0x0000, 0x0020, 0x0882, 0x18c3, 0x18e3, 0x1904, 0x1904, 0x1904, 0x2124, 0x3186, 0x4a8a, 0x7bcf,
    0x9cf3, 0xad75, 0x9cf3, 0x7bef, 0x5aeb, 0x4249, 0x2965, 0x10a2, 0x0020, 0x0000, 0x0000, 0x0020, 0x0020, 0x0020, 0x0020, 0x0020,
    0x0020, 0x0020, 0x0000, 0x0000, 0x0000, 0x0000, 0x0000, 0x0000, 0x0000, 0x0000, 0x0000, 0x0000, 0x0000, 0x0020, 0x2124, 0x5aeb,
    0x9492, 0x9cf3, 0x8430, 0x52aa, 0x2124, 0x0020, 0x0000, 0x0000, 0x0882, 0x18c3, 0x18c3, 0x10a2, 0x10a2, 0x10a2, 0x10a2, 0x10a2,
    0x0882, 0x0861, 0x0020, 0x0000, 0x0000, 0x0000, 0x0000, 0x0000, 0x2020, 0x3000, 0x5020, 0x7020, 0x7020, 0x7020, 0x7020, 0x7020,
    0x7020, 0x7020, 0x7020, 0x7020, 0x7020, 0x7020, 0x7020, 0x7020, 0x7020, 0x7020, 0x7020, 0x7020, 0x7020, 0x7020, 0x7020, 0x7020,
    0x7020, 0x7020, 0x7020, 0x7020, 0x7020, 0x7020, 0x7020, 0x8800, 0xb020, 0xd020, 0xf000, 0xf820, 0xf820, 0xf881, 0xd0c2, 0xa020,
    0x5020, 0x2020, 0x0020, 0x0020, 0x0861, 0x0882, 0x00a2, 0x00a2, 0x00a2, 0x00a2, 0x18c3, 0x48e3, 0x80a2, 0xd0c2, 0xf881, 0xf881,
    0xf881, 0xf040, 0xf040, 0xf820, 0xf820, 0xf820, 0xf000, 0xf000, 0xf000, 0xe020, 0xf040, 0xf081, 0xf040, 0xf000, 0xe020, 0xe020,
    0xe020, 0xf820, 0xf820, 0xf820, 0xf820, 0xe0e3, 0xe0e3, 0xd0c2, 0xe020, 0xf000, 0xf881, 0xfa69, 0xec91, 0xbdd7, 0xa659, 0xa659,
    0xa659, 0xc679, 0xd6ba, 0xc679, 0x9cd3, 0x5aeb, 0x31c7, 0x4208, 0x738e, 0x9cf3, 0xbdd7, 0xb596, 0x9cd3, 0x7bcf, 0x5aeb, 0x4a69,
    0x52aa, 0x738e, 0x9cd3, 0xbe18, 0xc679, 0xc679, 0x8d96, 0x6c10, 0x72cb, 0xb0c3, 0xf000, 0xf820, 0xf820, 0xf820, 0xf040, 0xe020,
    0xd0c2, 0xb0c3, 0xb020, 0xb020, 0xa020, 0x8800, 0x7020, 0x7020, 0x8800, 0x8800, 0x80a2, 0x7104, 0x48e3, 0x3082, 0x3082, 0x10a2,
    0x18c3, 0x18c3, 0x18c3, 0x18e3, 0x1904, 0x2124, 0x2124, 0x18c3, 0x0882, 0x0861, 0x0861, 0x0861, 0x0861, 0x18c3, 0x2124, 0x3186,
    0x39e7, 0x31c7, 0x31c7, 0x31c7, 0x39e7, 0x4208, 0x4249, 0x4208, 0x4208, 0x39e7, 0x3186, 0x3186, 0x2965, 0x2965, 0x2965, 0x2965,
    0x2965, 0x2965, 0x2965, 0x2965, 0x2945, 0x2945, 0x2945, 0x3186, 0x39e7, 0x4208, 0x4208, 0x39e7, 0x2965, 0x1904, 0x18c3, 0x1904,
    0x2945, 0x2965, 0x3186, 0x31c7, 0x31c7, 0x3186, 0x2945, 0x18c3, 0x0861, 0x0861, 0x0882, 0x18e3, 0x2124, 0x3186, 0x39e7, 0x4249,
    0x4208, 0x39e7, 0x39e7, 0x39e7, 0x31c7, 0x3186, 0x2965, 0x3186, 0x31c7, 0x31c7, 0x2945, 0x2124, 0x1904, 0x2945, 0x3186, 0x31c7,
    0x3186, 0x2124, 0x10a2, 0x0861, 0x0861, 0x0882, 0x18c3, 0x18e3, 0x18c3, 0x10a2, 0x0861, 0x0000, 0x0000, 0x0000, 0x0000, 0x0020,
    0x0861, 0x0861, 0x0861, 0x0861, 0x0861, 0x10a2, 0x18e3, 0x3186, 0x4a8a, 0x6b6d, 0x7bcf, 0x7bcf, 0x73ae, 0x7bef, 0x8430, 0x73ae,
    0x52aa, 0x2945, 0x0861, 0x0000, 0x0020, 0x0020, 0x0020, 0x0020, 0x0000, 0x0000, 0x0000, 0x0000, 0x0000, 0x0000, 0x0000, 0x0000,
    0x0000, 0x0000, 0x0000, 0x0000, 0x0000, 0x0020, 0x2124, 0x5acb, 0x94b2, 0xa575, 0x8c71, 0x4a69, 0x18c3, 0x0000, 0x0000, 0x0020,
    0x0882, 0x10a2, 0x10a2, 0x10a2, 0x10a2, 0x10a2, 0x10a2, 0x10a2, 0x10a2, 0x0882, 0x0020, 0x0000, 0x0000, 0x0020, 0x0861, 0x2020,
    0x5020, 0x7020, 0x8800, 0xa020, 0xb020, 0xc020, 0xc020, 0xb020, 0xc020, 0xc020, 0xb020, 0xc020, 0xb020, 0xc020, 0xb020, 0xc020,
    0xb020, 0xb020, 0xc020, 0xb020, 0xc020, 0xb020, 0xc020, 0xb020, 0xc020, 0xb020, 0xc020, 0xb020, 0xb020, 0xb020, 0xc020, 0xc020,
    0xd020, 0xe020, 0xf000, 0xf820, 0xf820, 0xf881, 0xf081, 0xb0c3, 0x5020, 0x2020, 0x0000, 0x0000, 0x0020, 0x0861, 0x00a2, 0x00a2,
    0x00a2, 0x00a2, 0x00a2, 0x00a2, 0x3082, 0x80a2, 0xc020, 0xf881, 0xf881, 0xf881, 0xf081, 0xf081, 0xf881, 0xf820, 0xf820, 0xf000,
    0xf000, 0xf000, 0xf000, 0xf000, 0xf000, 0xf000, 0xf000, 0xf000, 0xf000, 0xf000, 0xf820, 0xf820, 0xf040, 0xe0e3, 0xb985, 0xb985,
    0xb985, 0xc020, 0xe020, 0xf881, 0xfa69, 0xf534, 0xbe18, 0xa659, 0x8d96, 0xa575, 0xbe18, 0xef3c, 0xf7df, 0xef3c, 0xad75, 0x6b8d,
    0x4a69, 0x4a69, 0x5aeb, 0x6b8d, 0x738e, 0x5aeb, 0x4a69, 0x4a69, 0x630c, 0x8451, 0x9cf3, 0xb596, 0xbdd7, 0xbe18, 0xa659, 0x9dd7,
    0x7d14, 0x938e, 0xb985, 0xd020, 0xf000, 0xf820, 0xf881, 0xf881, 0xf881, 0xf081, 0xf081, 0xf081, 0xf040, 0xe020, 0xd020, 0xc020,
    0xd020, 0xd020, 0xe020, 0xd0c2, 0xb0c3, 0x80a2, 0x7104, 0x7104, 0x48e3, 0x1904, 0x1904, 0x1945, 0x2965, 0x3186, 0x31c7, 0x3186,
    0x2124, 0x18c3, 0x10a2, 0x10a2, 0x18e3, 0x2945, 0x39e7, 0x5acb, 0x6b6d, 0x6b8d, 0x632c, 0x630c, 0x630c, 0x6b6d, 0x73ae, 0x73ae,
    0x73ae, 0x738e, 0x6b6d, 0x630c, 0x5aeb, 0x5aeb, 0x5acb, 0x5acb, 0x5acb, 0x5acb, 0x5acb, 0x5acb, 0x5acb, 0x52aa, 0x4a8a, 0x4a8a,
    0x52aa, 0x5aeb, 0x630c, 0x632c, 0x630c, 0x52aa, 0x4249, 0x4208, 0x4249, 0x4a69, 0x4a69, 0x4a8a, 0x4a8a, 0x4a8a, 0x4a8a, 0x4249,
    0x31c7, 0x3186, 0x3186, 0x39e7, 0x4208, 0x4249, 0x4a69, 0x4a8a, 0x4a8a, 0x4a8a, 0x4a8a, 0x52aa, 0x4a8a, 0x4a69, 0x4a69, 0x4a69,
    0x4a69, 0x4a8a, 0x4249, 0x39e7, 0x3186, 0x3186, 0x39e7, 0x4a69, 0x4a69, 0x4208, 0x3186, 0x18e3, 0x0861, 0x0020, 0x0882, 0x18c3,
    0x18e3, 0x18c3, 0x10a2, 0x0882, 0x0020, 0x0000, 0x0000, 0x0000, 0x0000, 0x0000, 0x0000, 0x0000, 0x0000, 0x0020, 0x0882, 0x18c3,
    0x18e3, 0x2124, 0x2945, 0x3186, 0x4208, 0x5aeb, 0x8430, 0xa534, 0xad75, 0x8c71, 0x52aa, 0x1904, 0x0020, 0x0020, 0x0020, 0x0020,
    0x0000, 0x0000, 0x0000, 0x0000, 0x0000, 0x0000, 0x0000, 0x0000, 0x0000, 0x0000, 0x0000, 0x0000, 0x0000, 0x0000, 0x10a2, 0x4a69,
    0x9492, 0xb596, 0x9cd3, 0x5acb, 0x18e3, 0x0000, 0x0000, 0x0020, 0x10a2, 0x18c3, 0x10a2, 0x10a2, 0x10a2, 0x10a2, 0x10a2, 0x10a2,
    0x10a2, 0x10a2, 0x0882, 0x0020, 0x0000, 0x0020, 0x0861, 0x10a2, 0x5020, 0x80a2, 0xb020, 0xd020, 0xe020, 0xf040, 0xe020, 0xe020,
    0xe020, 0xf040, 0xf040, 0xf000, 0xe020, 0xf000, 0xf040, 0xf000, 0xe020, 0xf000, 0xf040, 0xf040, 0xf040, 0xf040, 0xf040, 0xf040,
    0xf000, 0xe020, 0xf000, 0xf040, 0xf040, 0xe020, 0xe020, 0xf040, 0xf820, 0xf820, 0xf820, 0xf820, 0xf820, 0xf881, 0xf881, 0xd0c2,
    0x80a2, 0x3082, 0x0861, 0x0000, 0x0000, 0x0861, 0x00a2, 0x10a2, 0x10a2, 0x00a2, 0x00a2, 0x00a2, 0x00a2, 0x3082, 0x7020, 0xc020,
    0xf040, 0xf820, 0xf881, 0xf081, 0xf081, 0xf081, 0xf081, 0xf081, 0xf081, 0xf081, 0xf040, 0xf000, 0xf000, 0xf000, 0xf000, 0xf000,
    0xf040, 0xf040, 0xf820, 0xf820, 0xf040, 0xe020, 0xd0c2, 0x9a07, 0x9a07, 0x9a07, 0xb0c3, 0xe020, 0xf881, 0xdaaa, 0xcd14, 0x9dd7,
    0x9dd7, 0x7d14, 0x8492, 0xa534, 0xc679, 0xf7df, 0xef3c, 0xbe18, 0x8c71, 0x52aa, 0x3186, 0x2124, 0x2945, 0x3186, 0x31c7, 0x4249,
    0x632c, 0x8451, 0xa534, 0x9cf3, 0x9492, 0x7c10, 0x7c10, 0x7c51, 0x7d14, 0x7d14, 0x9410, 0x9a07, 0xc020, 0xe020, 0xf000, 0xf881,
    0xf881, 0xf924, 0xf881, 0xf881, 0xf881, 0xf081, 0xf081, 0xe0e3, 0xe0e3, 0xf924, 0xf924, 0xf881, 0xf924, 0xe0e3, 0xd0c2, 0xd0c2,
    0xb0c3, 0x7104, 0x2124, 0x1945, 0x1945, 0x19a6, 0x31c7, 0x31c7, 0x3186, 0x2945, 0x18e3, 0x10a2, 0x18c3, 0x2965, 0x4a69, 0x6b6d,
    0x8430, 0x8c71, 0x8430, 0x73ae, 0x6b6d, 0x6b8d, 0x7bcf, 0x7c10, 0x7c10, 0x7c10, 0x7bef, 0x7bcf, 0x738e, 0x6b8d, 0x6b6d, 0x6b6d,
    0x6b6d, 0x6b6d, 0x6b6d, 0x6b6d, 0x6b6d, 0x6b6d, 0x632c, 0x630c, 0x5aeb, 0x5aeb, 0x630c, 0x630c, 0x630c, 0x632c, 0x73ae, 0x7bef,
    0x7bef, 0x6b8d, 0x630c, 0x5acb, 0x52aa, 0x4a8a, 0x4a8a, 0x4a8a, 0x5acb, 0x630c, 0x6b6d, 0x6b8d, 0x6b8d, 0x632c, 0x5acb, 0x4a8a,
    0x4a69, 0x4a8a, 0x5acb, 0x630c, 0x6b6d, 0x738e, 0x73ae, 0x7bcf, 0x7bcf, 0x73ae, 0x73ae, 0x738e, 0x6b6d, 0x6b6d, 0x6b8d, 0x7bcf,
    0x7bef, 0x7bef, 0x73ae, 0x6b6d, 0x52aa, 0x31c7, 0x1904, 0x10a2, 0x0882, 0x10a2, 0x10a2, 0x0882, 0x0861, 0x0020, 0x0000, 0x0000,
    0x0000, 0x0000, 0x0000, 0x0000, 0x0000, 0x0000, 0x0861, 0x10a2, 0x18c3, 0x10a2, 0x0861, 0x0861, 0x10a2, 0x2945, 0x4a69, 0x7bcf,
    0x9cd3, 0xa534, 0x9cd3, 0x73ae, 0x4249, 0x2124, 0x0882, 0x0020, 0x0020, 0x0000, 0x0000, 0x0000, 0x0000, 0x0000, 0x0000, 0x0000,
    0x0000, 0x0000, 0x0000, 0x0000, 0x0000, 0x0000, 0x0000, 0x2124, 0x7bef, 0xbe18, 0xbdd7, 0x6b8d, 0x2124, 0x0000, 0x0000, 0x0000,
    0x0861, 0x18c3, 0x18c3, 0x18c3, 0x10a2, 0x10a2, 0x10a2, 0x10a2, 0x10a2, 0x10a2, 0x10a2, 0x0882, 0x0861, 0x0861, 0x0861, 0x0882,
    0x3082, 0x80a2, 0xc020, 0xf040, 0xf820, 0xf820, 0xf040, 0xe020, 0xf040, 0xf820, 0xf820, 0xf820, 0xf820, 0xf820, 0xf820, 0xf820,
    0xf820, 0xf820, 0xf820, 0xf820, 0xf820, 0xf820, 0xf881, 0xf881, 0xf820, 0xf820, 0xf820, 0xf820, 0xf820, 0xf820, 0xf820, 0xf820,
    0xf820, 0xf820, 0xf820, 0xf820, 0xf820, 0xf820, 0xf820, 0xf040, 0xb020, 0x5020, 0x0882, 0x0861, 0x0861, 0x0861, 0x0861, 0x0882,
    0x10a2, 0x18c3, 0x10a2, 0x00a2, 0x00a2, 0x0882, 0x3082, 0x7020, 0xc020, 0xf000, 0xf820, 0xf820, 0xf040, 0xf040, 0xf081, 0xf081,
    0xf081, 0xf081, 0xf081, 0xf081, 0xf040, 0xf040, 0xf000, 0xf000, 0xf040, 0xf040, 0xf040, 0xf820, 0xf820, 0xf040, 0xd020, 0xb0c3,
    0x9a07, 0x72cb, 0x72cb, 0xb985, 0xe020, 0xf081, 0xdaaa, 0x9cb2, 0x8d96, 0x7d14, 0x7c51, 0x7bef, 0x8430, 0x9cb2, 0xa575, 0xb596,
    0xa534, 0x8451, 0x5aeb, 0x2965, 0x0861, 0x0020, 0x0861, 0x2965, 0x6b6d, 0x9cf3, 0xb596, 0xa534, 0x7bef, 0x4a8a, 0x3186, 0x3186,
    0x4208, 0x538e, 0x7492, 0x9410, 0x9a07, 0xb020, 0xd020, 0xf040, 0xf881, 0xf924, 0xf881, 0xf881, 0xf881, 0xe0e3, 0xd0c2, 0xb985,
    0xc269, 0xdaaa, 0xdaaa, 0xdaaa, 0xfa69, 0xf9c6, 0xf081, 0xf820, 0xf040, 0xd020, 0x80a2, 0x48e3, 0x1904, 0x1945, 0x1945, 0x2945,
    0x2945, 0x2124, 0x1904, 0x18c3, 0x0861, 0x0882, 0x3186, 0x632c, 0x9492, 0x9cd3, 0x9492, 0x73ae, 0x630c, 0x5acb, 0x5acb, 0x5aeb,
    0x630c, 0x632c, 0x630c, 0x630c, 0x5aeb, 0x5aeb, 0x5aeb, 0x5aeb, 0x5aeb, 0x5aeb, 0x5aeb, 0x5aeb, 0x5aeb, 0x5aeb, 0x5aeb, 0x5acb,
    0x5acb, 0x52aa, 0x52aa, 0x4a8a, 0x4249, 0x4249, 0x5aeb, 0x8c71, 0xb596, 0xbdd7, 0x9492, 0x632c, 0x4a69, 0x4208, 0x3186, 0x2965,
    0x31c7, 0x5aeb, 0x8451, 0xa534, 0xad75, 0x9cd3, 0x7bef, 0x5aeb, 0x4249, 0x4208, 0x4249, 0x5acb, 0x6b6d, 0x8430, 0x9cd3, 0xa534,
    0xad75, 0xa575, 0xa534, 0x9cf3, 0xa534, 0xa575, 0xbdd7, 0xbe18, 0xbe18, 0xbdd7, 0xbdd7, 0xbdd7, 0xb596, 0xa534, 0x7c10, 0x4a8a,
    0x1904, 0x0020, 0x0020, 0x0861, 0x0861, 0x0020, 0x0000, 0x0000, 0x0000, 0x0000, 0x0000, 0x0020, 0x0861, 0x0882, 0x0882, 0x10a2,
    0x18c3, 0x18c3, 0x10a2, 0x0861, 0x0882, 0x18e3, 0x3186, 0x4a69, 0x630c, 0x738e, 0x7c10, 0x8451, 0x8451, 0x738e, 0x52aa, 0x3186,
    0x18c3, 0x0020, 0x0000, 0x0000, 0x0020, 0x0020, 0x0020, 0x0020, 0x0000, 0x0000, 0x0000, 0x0000, 0x0000, 0x0000, 0x0000, 0x0000,
    0x2945, 0x9492, 0xd6ba, 0xbdd7, 0x5acb, 0x0882, 0x0000, 0x0000, 0x0000, 0x0861, 0x10a2, 0x18c3, 0x10a2, 0x10a2, 0x10a2, 0x10a2,
    0x10a2, 0x10a2, 0x10a2, 0x10a2, 0x0882, 0x0882, 0x0861, 0x00a2, 0x0882, 0x48e3, 0xa020, 0xe020, 0xf820, 0xf820, 0xf881, 0xf040,
    0xe020, 0xf040, 0xf820, 0xf881, 0xf820, 0xf881, 0xf820, 0xf881, 0xf820, 0xf881, 0xf820, 0xf881, 0xf820, 0xf881, 0xf881, 0xf881,
    0xf881, 0xf881, 0xf820, 0xf881, 0xf820, 0xf881, 0xf820, 0xf881, 0xf820, 0xf881, 0xf820, 0xf881, 0xf820, 0xf881, 0xf820, 0xf820,
    0xf040, 0xa020, 0x5020, 0x00a2, 0x00a2, 0x0861, 0x00a2, 0x00a2, 0x00a2, 0x10a2, 0x18c3, 0x10a2, 0x00a2, 0x00a2, 0x0882, 0x3000,
    0x8800, 0xd020, 0xf820, 0xf820, 0xf820, 0xf040, 0xf040, 0xf040, 0xf040, 0xf040, 0xf040, 0xf040, 0xf040, 0xf040, 0xf040, 0xf000,
    0xf000, 0xf000, 0xf040, 0xf040, 0xf820, 0xf820, 0xf000, 0xd020, 0xb0c3, 0x9a07, 0x72cb, 0x72cb, 0xb985, 0xe020, 0xf081, 0xc269,
    0x9410, 0x7492, 0x6451, 0x6b8d, 0x630c, 0x5aeb, 0x5acb, 0x5acb, 0x632c, 0x7bcf, 0x8430, 0x7bcf, 0x4a8a, 0x18e3, 0x0000, 0x0000,
    0x31c7, 0x9cd3, 0xd6ba, 0xd6ba, 0x94b2, 0x4249, 0x10a2, 0x0000, 0x0020, 0x0882, 0x2a28, 0x6c10, 0x9410, 0x9a07, 0xb020, 0xc020,
    0xe020, 0xf881, 0xf881, 0xf881, 0xf081, 0xe020, 0xd0c2, 0x9a07, 0x72cb, 0x938e, 0xb3cf, 0xc430, 0xc430, 0xb32c, 0xd9a6, 0xf081,
    0xf820, 0xf820, 0xf000, 0xb020, 0x48e3, 0x18c3, 0x00a2, 0x00a2, 0x18c3, 0x18c3, 0x18e3, 0x18c3, 0x0882, 0x0000, 0x0020, 0x3186,
    0x6b8d, 0x9cf3, 0xa534, 0x8c71, 0x632c, 0x4a8a, 0x4249, 0x4208, 0x4249, 0x4249, 0x4a69, 0x4249, 0x4249, 0x4249, 0x4a69, 0x4249,
    0x4a69, 0x4a69, 0x4a69, 0x4a69, 0x4a69, 0x4a69, 0x4a69, 0x4a69, 0x4a69, 0x4a69, 0x4a69, 0x4249, 0x4208, 0x3186, 0x3186, 0x5acb,
    0x9cf3, 0xd6ba, 0xef3c, 0xa534, 0x5aeb, 0x2965, 0x2124, 0x10a2, 0x0861, 0x18c3, 0x4a8a, 0x9cf3, 0xd6ba, 0xd6ba, 0xbe18, 0x9492,
    0x5aeb, 0x39e7, 0x31c7, 0x4208, 0x52aa, 0x6b8d, 0x9492, 0xb596, 0xc679, 0xc679, 0xc679, 0xbe18, 0xbdd7, 0xc679, 0xef3c, 0xf7df,
    0xf7df, 0xf7df, 0xef3c, 0xef3c, 0xef3c, 0xf7df, 0xef3c, 0xbdd7, 0x738e, 0x2945, 0x0000, 0x0000, 0x0000, 0x0000, 0x0000, 0x0000,
    0x0020, 0x0861, 0x0882, 0x18c3, 0x2124, 0x2965, 0x2945, 0x2965, 0x2965, 0x2965, 0x2965, 0x2945, 0x2945, 0x3186, 0x4208, 0x5acb,
    0x5aeb, 0x52aa, 0x4a69, 0x5acb, 0x73ae, 0x94b2, 0x9cf3, 0x8451, 0x5acb, 0x2124, 0x0020, 0x0020, 0x0020, 0x0020, 0x0020, 0x0020,
    0x0020, 0x0000, 0x0000, 0x0000, 0x0000, 0x0000, 0x0000, 0x0000, 0x0000, 0x2124, 0x7bef, 0xbe18, 0xbe18, 0x738e, 0x2945, 0x0000,
    0x0000, 0x0000, 0x0020, 0x0882, 0x10a2, 0x10a2, 0x10a2, 0x10a2, 0x10a2, 0x10a2, 0x10a2, 0x10a2, 0x10a2, 0x0882, 0x0861, 0x0861,
    0x0861, 0x0882, 0x48e3, 0xb020, 0xf040, 0xf820, 0xf820, 0xf820, 0xf820, 0xf040, 0xf040, 0xf820, 0xf881, 0xf881, 0xf820, 0xf881,
    0xf820, 0xf881, 0xf820, 0xf881, 0xf820, 0xf881, 0xf881, 0xf881, 0xf881, 0xf881, 0xf881, 0xf881, 0xf820, 0xf881, 0xf820, 0xf881,
    0xf820, 0xf881, 0xf881, 0xf881, 0xf881, 0xf881, 0xf881, 0xf881, 0xf820, 0xf040, 0xb020, 0x5020, 0x0882, 0x00a2, 0x00a2, 0x00a2,
    0x00a2, 0x00a2, 0x00a2, 0x10a2, 0x00a2, 0x00a2, 0x00a2, 0x0882, 0x3082, 0x8800, 0xd020, 0xf881, 0xf881, 0xf881, 0xf040, 0xf040,
    0xf000, 0xe020, 0xf000, 0xf000, 0xf000, 0xf000, 0xf000, 0xf000, 0xf000, 0xf000, 0xf000, 0xf000, 0xf000, 0xf000, 0xf820, 0xf000,
    0xe020, 0xd0c2, 0x9a07, 0x72cb, 0x9a07, 0xb985, 0xe020, 0xf081, 0xc269, 0x938e, 0x5bef, 0x538e, 0x52aa, 0x4249, 0x39e7, 0x3186,
    0x3186, 0x4249, 0x6b6d, 0x94b2, 0xad75, 0x9cd3, 0x52aa, 0x0882, 0x0020, 0x4208, 0xb596, 0xf7df, 0xd6ba, 0x8430, 0x2945, 0x0000,
    0x0000, 0x0000, 0x0000, 0x19a6, 0x5bef, 0x9410, 0xc269, 0xc020, 0xd020, 0xe020, 0xf881, 0xf881, 0xf040, 0xe020, 0xd020, 0xb0c3,
    0x9a07, 0x632c, 0x8430, 0x9492, 0xbcb3, 0xbcb3, 0xb3cf, 0xdaaa, 0xf081, 0xf820, 0xf820, 0xf040, 0xd0c2, 0x7104, 0x18c3, 0x00a2,
    0x00a2, 0x10a2, 0x10a2, 0x18c3, 0x18c3, 0x0882, 0x0000, 0x0020, 0x2965, 0x6b8d, 0xa534, 0xad75, 0x9cb2, 0x73ae, 0x630c, 0x52aa,
    0x4a8a, 0x4a8a, 0x4a8a, 0x4a8a, 0x4a69, 0x4a8a, 0x4a8a, 0x4a8a, 0x4a8a, 0x52aa, 0x52aa, 0x52aa, 0x52aa, 0x52aa, 0x52aa, 0x52aa,
    0x52aa, 0x5acb, 0x5acb, 0x5acb, 0x52aa, 0x4a69, 0x39e7, 0x39e7, 0x6b6d, 0xbdd7, 0xf7df, 0xef3c, 0x9cf3, 0x4a69, 0x10a2, 0x0861,
    0x0000, 0x0000, 0x0020, 0x39e7, 0x94b2, 0xd6ba, 0xef3c, 0xd6ba, 0x9cf3, 0x632c, 0x39e7, 0x31c7, 0x4208, 0x5acb, 0x738e, 0x9492,
    0xad75, 0xbe18, 0xc679, 0xbe18, 0xb596, 0xad75, 0xc679, 0xef3c, 0xf7df, 0xf7df, 0xf7df, 0xf7df, 0xef3c, 0xef3c, 0xf7df, 0xef3c,
    0xbe18, 0x6b8d, 0x2124, 0x0000, 0x0000, 0x0000, 0x0000, 0x0000, 0x0000, 0x10a2, 0x2945, 0x31c7, 0x4a8a, 0x5aeb, 0x5acb, 0x4a8a,
    0x4a69, 0x4a69, 0x4a69, 0x4a69, 0x4a8a, 0x52aa, 0x5aeb, 0x6b8d, 0x7c10, 0x7bef, 0x630c, 0x4a8a, 0x52aa, 0x7bef, 0xa534, 0xbdd7,
    0xa534, 0x6b8d, 0x2965, 0x0020, 0x0020, 0x0020, 0x0000, 0x0000, 0x0000, 0x0020, 0x0000, 0x0000, 0x0000, 0x0000, 0x0000, 0x0000,
    0x0000, 0x0000, 0x10a2, 0x4a8a, 0x9cd3, 0xbe18, 0xa534, 0x6b8d, 0x2945, 0x0000, 0x0000, 0x0000, 0x0861, 0x0882, 0x10a2, 0x10a2,
    0x10a2, 0x10a2, 0x10a2, 0x10a2, 0x10a2, 0x10a2, 0x0882, 0x0020, 0x0000, 0x0861, 0x0882, 0x48e3, 0xb0c3, 0xf040, 0xf820, 0xf881,
    0xf881, 0xf820, 0xf820, 0xf820, 0xf881, 0xf881, 0xf881, 0xf881, 0xf881, 0xf881, 0xf881, 0xf881, 0xf881, 0xf881, 0xf881, 0xf881,
    0xf881, 0xf881, 0xf881, 0xf881, 0xf881, 0xf881, 0xf881, 0xf881, 0xf881, 0xf881, 0xf881, 0xf881, 0xf881, 0xf881, 0xf881, 0xf881,
    0xf881, 0xf881, 0xf040, 0xc020, 0x8800, 0x3082, 0x0882, 0x00a2, 0x00a2, 0x00a2, 0x00a2, 0x00a2, 0x00a2, 0x00a2, 0x00a2, 0x00a2,
    0x00a2, 0x3082, 0x80a2, 0xd0c2, 0xf881, 0xf881, 0xf881, 0xf040, 0xf040, 0xf000, 0xf000, 0xf000, 0xe020, 0xf000, 0xf000, 0xf000,
    0xf000, 0xf000, 0xf000, 0xf000, 0xf000, 0xf000, 0xf000, 0xf820, 0xf000, 0xf000, 0xe020, 0xd0c2, 0xb985, 0xb985, 0xd0c2, 0xf040,
    0xf081, 0xd9a6, 0x938e, 0x6b8d, 0x42cb, 0x39e7, 0x3186, 0x3186, 0x2965, 0x31c7, 0x4a69, 0x73ae, 0xad75, 0xd6ba, 0xef3c, 0x9cf3,
    0x4208, 0x18e3, 0x4a69, 0xad75, 0xef3c, 0xd6ba, 0x7bcf, 0x2124, 0x0000, 0x0000, 0x0000, 0x0000, 0x19a6, 0x5bef, 0x9410, 0xc269,
    0xc020, 0xd020, 0xf000, 0xf820, 0xf820, 0xf000, 0xe020, 0xc020, 0xb0c3, 0x9a07, 0x72cb, 0x938e, 0xb3cf, 0xc430, 0xb3cf, 0xb32c,
    0xdaaa, 0xf924, 0xf881, 0xf881, 0xf924, 0xd0c2, 0x7104, 0x18e3, 0x00a2, 0x00a2, 0x18c3, 0x18c3, 0x18c3, 0x3082, 0x10a2, 0x0020,
    0x0020, 0x2945, 0x630c, 0x94b2, 0xa575, 0xa534, 0x94b2, 0x8430, 0x7bcf, 0x738e, 0x6b6d, 0x632c, 0x632c, 0x632c, 0x632c, 0x632c,
    0x632c, 0x632c, 0x6b6d, 0x6b6d, 0x6b6d, 0x6b6d, 0x6b6d, 0x6b6d, 0x6b6d, 0x6b6d, 0x6b8d, 0x6b8d, 0x6b8d, 0x6b8d, 0x632c, 0x5aeb,
    0x630c, 0x7c51, 0xc679, 0xf7df, 0xd6ba, 0x8451, 0x3186, 0x0020, 0x0000, 0x0000, 0x0000, 0x0000, 0x2945, 0x738e, 0xbdd7, 0xd6ba,
    0xd6ba, 0xa534, 0x6b8d, 0x4249, 0x39e7, 0x4a69, 0x5acb, 0x6b6d, 0x7bef, 0x9492, 0x9cd3, 0x9cf3, 0x9492, 0x8451, 0x8451, 0xa534,
    0xd6ba, 0xf7df, 0xf7df, 0xef3c, 0xd6ba, 0xc679, 0xc679, 0xc679, 0xbe18, 0x9492, 0x4a8a, 0x18e3, 0x0000, 0x0000, 0x0000, 0x0000,
    0x0020, 0x18c3, 0x31c7, 0x5acb, 0x73ae, 0x8451, 0x8c71, 0x7c10, 0x738e, 0x632c, 0x632c, 0x6b6d, 0x6b6d, 0x738e, 0x7bcf, 0x7c10,
    0x8c71, 0x9cd3, 0x9cd3, 0x8430, 0x738e, 0x7bcf, 0x94b2, 0xbdd7, 0xbe18, 0xad75, 0x6b8d, 0x2965, 0x0020, 0x0020, 0x0000, 0x0000,
    0x0000, 0x0000, 0x0000, 0x0000, 0x0000, 0x0000, 0x0000, 0x0000, 0x0000, 0x0000, 0x0000, 0x0020, 0x2124, 0x5aeb, 0xa534, 0xc679,
    0xb596, 0x630c, 0x18e3, 0x0000, 0x0000, 0x0000, 0x0861, 0x0882, 0x10a2, 0x10a2, 0x10a2, 0x10a2, 0x10a2, 0x10a2, 0x10a2, 0x0882,
    0x0020, 0x0000, 0x0020, 0x0882, 0x3082, 0x8800, 0xd020, 0xe020, 0xf040, 0xf040, 0xf040, 0xf000, 0xf000, 0xf040, 0xf040, 0xf040,
    0xf040, 0xf040, 0xf040, 0xf040, 0xf040, 0xf040, 0xf040, 0xf040, 0xf040, 0xf040, 0xf081, 0xf040, 0xf040, 0xf040, 0xf040, 0xf040,
    0xf040, 0xf040, 0xf040, 0xf040, 0xf040, 0xf040, 0xf040, 0xf040, 0xf881, 0xf820, 0xf881, 0xf820, 0xe020, 0xc020, 0x7020, 0x3082,
    0x10a2, 0x00a2, 0x00a2, 0x00a2, 0x00a2, 0x00a2, 0x00a2, 0x00a2, 0x0882, 0x10a2, 0x48e3, 0x80a2, 0xd0c2, 0xf881, 0xf881, 0xf881,
    0xf040, 0xf040, 0xf000, 0xf000, 0xf000, 0xf040, 0xf040, 0xf040, 0xf081, 0xf881, 0xf881, 0xf924, 0xf881, 0xf881, 0xf881, 0xf081,
    0xf040, 0xf820, 0xf820, 0xf040, 0xf081, 0xe0e3, 0xd0c2, 0xe020, 0xf000, 0xf081, 0xd9a6, 0xb32c, 0x7bcf, 0x630c, 0x328a, 0x2a28,
    0x39e7, 0x4208, 0x52aa, 0x6b6d, 0x8451, 0xb596, 0xef3c, 0xf7df, 0xc679, 0x7bef, 0x4249, 0x4a8a, 0x8c71, 0xbdd7, 0xbdd7, 0x8430,
    0x39e7, 0x0861, 0x0000, 0x0000, 0x00a2, 0x328a, 0x6451, 0x9410, 0xc269, 0xd020, 0xf000, 0xf820, 0xf881, 0xf820, 0xf000, 0xf040,
    0xe020, 0xd0c2, 0xb985, 0x9a07, 0xc269, 0xb32c, 0xb32c, 0xb32c, 0xc269, 0xd9a6, 0xf924, 0xf924, 0xf9c6, 0xf9c6, 0xb985, 0x7104,
    0x2124, 0x00a2, 0x00a2, 0x10a2, 0x10a2, 0x3082, 0x18c3, 0x10a2, 0x0861, 0x0020, 0x18e3, 0x4208, 0x6b8d, 0x9492, 0xa534, 0xa534,
    0x9cd3, 0x9492, 0x8c71, 0x9410, 0x9410, 0x7c10, 0x7bef, 0x7bef, 0x7bef, 0x7bef, 0x7bef, 0x7bef, 0x7bef, 0x7bef, 0x7bef, 0x7bef,
    0x7bef, 0x7bef, 0x7bef, 0x7bef, 0x7bcf, 0x7bcf, 0x7bcf, 0x73ae, 0x73ae, 0x6c10, 0x8492, 0xbdd7, 0xc679, 0xa534, 0x5aeb, 0x18e3,
    0x0000, 0x0000, 0x0000, 0x0000, 0x0000, 0x0882, 0x39e7, 0x7bcf, 0xa534, 0xb596, 0x9492, 0x632c, 0x4249, 0x4208, 0x4249, 0x4a8a,
    0x5acb, 0x5aeb, 0x632c, 0x632c, 0x630c, 0x5acb, 0x4a8a, 0x4a8a, 0x632c, 0x9cb2, 0xbe18, 0xc679, 0xb596, 0x9492, 0x8430, 0x8430,
    0x7c10, 0x6b6d, 0x4249, 0x2124, 0x0020, 0x0000, 0x0000, 0x0020, 0x0882, 0x2945, 0x4a69, 0x6b6d, 0x8451, 0x9cd3, 0x9cf3, 0x9cd3,
    0x8c71, 0x7c10, 0x7bcf, 0x7bcf, 0x7bef, 0x7c10, 0x8430, 0x8430, 0x8451, 0x94b2, 0xa534, 0xb596, 0xad75, 0xa534, 0xa534, 0xad75,
    0xbdd7, 0xad75, 0x8c71, 0x5acb, 0x2124, 0x0020, 0x0000, 0x0000, 0x0000, 0x0000, 0x0000, 0x0000, 0x0000, 0x0000, 0x0000, 0x0000,
    0x0000, 0x0000, 0x0000, 0x0000, 0x0000, 0x0020, 0x2945, 0x6b8d, 0xad75, 0xbe18, 0x9cd3, 0x5aeb, 0x2945, 0x0020, 0x0000, 0x0000,
    0x0861, 0x18c3, 0x18c3, 0x10a2, 0x10a2, 0x10a2, 0x10a2, 0x10a2, 0x0882, 0x0861, 0x0861, 0x0861, 0x0861, 0x2020, 0x5020, 0x8800,
    0xa020, 0xb020, 0xc020, 0xc020, 0xc020, 0xc020, 0xc020, 0xc020, 0xc020, 0xc020, 0xc020, 0xc020, 0xc020, 0xc020, 0xc020, 0xc020,
    0xc020, 0xc020, 0xc020, 0xc020, 0xc020, 0xc020, 0xc020, 0xc020, 0xc020, 0xc020, 0xc020, 0xc020, 0xb020, 0xc020, 0xc020, 0xd020,
    0xd020, 0xe020, 0xf040, 0xf881, 0xf881, 0xf820, 0xf040, 0xc020, 0x8800, 0x5020, 0x3082, 0x3082, 0x3082, 0x3082, 0x3082, 0x3082,
    0x3082, 0x3082, 0x48e3, 0x80a2, 0xb0c3, 0xe0e3, 0xf881, 0xf881, 0xf081, 0xf040, 0xf820, 0xf820, 0xf881, 0xf924, 0xf924, 0xf9c6,
    0xd9a6, 0xfa69, 0xfa69, 0xfb2c, 0xfb2c, 0xfb2c, 0xfa69, 0xfa69, 0xf9c6, 0xf9c6, 0xf924, 0xf881, 0xf820, 0xf820, 0xf820, 0xf000,
    0xf000, 0xf000, 0xf040, 0xd9a6, 0xb32c, 0x9410, 0x8492, 0x6451, 0x538e, 0x5acb, 0x5aeb, 0x738e, 0x7bef, 0x7c10, 0x9492, 0xb596,
    0xc679, 0xc679, 0x9cf3, 0x73ae, 0x5acb, 0x5aeb, 0x7bcf, 0x9cd3, 0x9cb2, 0x632c, 0x2945, 0x0882, 0x18e3, 0x2a28, 0x538e, 0x7c51,
    0x938e, 0xb985, 0xe020, 0xf820, 0xf820, 0xf881, 0xf881, 0xf881, 0xf881, 0xf881, 0xe0e3, 0xd9a6, 0xd9a6, 0xd9a6, 0xd9a6, 0xd9a6,
    0xb985, 0xb985, 0xb985, 0xd9a6, 0xd9a6, 0xd9a6, 0xb985, 0x9a07, 0x49a6, 0x18e3, 0x00a2, 0x0861, 0x0861, 0x0861, 0x2020, 0x0882,
    0x0861, 0x0020, 0x0020, 0x0861, 0x18e3, 0x39e7, 0x630c, 0x8430, 0x94b2, 0x94b2, 0x8c71, 0x8430, 0x9410, 0x7bef, 0x7bef, 0x7bcf,
    0x7bcf, 0x73ae, 0x73ae, 0x73ae, 0x73ae, 0x738e, 0x6b8d, 0x6b6d, 0x6b8d, 0x6b8d, 0x738e, 0x738e, 0x738e, 0x6b8d, 0x6b6d, 0x632c,
    0x6b6d, 0x6b6d, 0x6b8d, 0x6c10, 0x7c51, 0x7c10, 0x630c, 0x2965, 0x0861, 0x0000, 0x0000, 0x0000, 0x0000, 0x0000, 0x0000, 0x10a2,
    0x31c7, 0x630c, 0x73ae, 0x6b6d, 0x4a8a, 0x31c7, 0x31c7, 0x31c7, 0x39e7, 0x39e7, 0x39e7, 0x39e7, 0x39e7, 0x31c7, 0x3186, 0x2945,
    0x2124, 0x3186, 0x4a8a, 0x6b6d, 0x738e, 0x5aeb, 0x4249, 0x39e7, 0x39e7, 0x31c7, 0x2124, 0x0882, 0x0020, 0x0000, 0x0861, 0x18c3,
    0x2965, 0x4a69, 0x6b6d, 0x8430, 0x9492, 0x9cb2, 0x94b2, 0x8c71, 0x7c10, 0x73ae, 0x73ae, 0x7bcf, 0x7c10, 0x8451, 0x8451, 0x8430,
    0x7bef, 0x7bcf, 0x8451, 0x9cf3, 0xbdd7, 0xbe18, 0xbe18, 0xbdd7, 0xad75, 0x9cd3, 0x7bef, 0x5acb, 0x3186, 0x0882, 0x0000, 0x0000,
    0x0000, 0x0000, 0x0000, 0x0000, 0x0000, 0x0000, 0x0000, 0x0000, 0x0000, 0x0000, 0x0000, 0x0000, 0x0000, 0x0000, 0x0000, 0x0020,
    0x2965, 0x6b6d, 0xa534, 0xbe18, 0xa534, 0x632c, 0x18e3, 0x0000, 0x0000, 0x0861, 0x10a2, 0x18c3, 0x10a2, 0x10a2, 0x10a2, 0x10a2,
    0x10a2, 0x10a2, 0x10a2, 0x10a2, 0x00a2, 0x0861, 0x0000, 0x2020, 0x3000, 0x5020, 0x7020, 0x7020, 0x8800, 0x8800, 0x8800, 0x8800,
    0x8800, 0x8800, 0x8800, 0x8800, 0x8800, 0x8800, 0x8800, 0x8800, 0x8800, 0x8800, 0x8800, 0x8800, 0x8800, 0x8800, 0x8800, 0x8800,
    0x8800, 0x8800, 0x8800, 0x8800, 0x8800, 0x8800, 0x8800, 0xa020, 0xa020, 0xb020, 0xc020, 0xd020, 0xf040, 0xf881, 0xf881, 0xf881,
    0xf040, 0xd020, 0xb020, 0x8800, 0x7020, 0x7020, 0x7020, 0x7020, 0x80a2, 0x80a2, 0x80a2, 0xa020, 0xd0c2, 0xe0e3, 0xf081, 0xf881,
    0xf081, 0xf040, 0xf000, 0xf820, 0xf881, 0xf924, 0xfa69, 0xfb2c, 0xf3ef, 0xc430, 0xec91, 0xf534, 0xf534, 0xedf7, 0xf534, 0xf534,
    0xec91, 0xec91, 0xdb6d, 0xfa69, 0xf9c6, 0xf881, 0xf820, 0xf820, 0xf820, 0xf820, 0xf820, 0xf000, 0xe0e3, 0xdaaa, 0xbcb3, 0xa659,
    0xa659, 0x7d14, 0x7bcf, 0x938e, 0x7bcf, 0x7bcf, 0x632c, 0x52aa, 0x5acb, 0x738e, 0x9cb2, 0xad75, 0x9cb2, 0x630c, 0x3186, 0x39e7,
    0x7bef, 0xa534, 0x9492, 0x5aeb, 0x39e7, 0x4a8a, 0x73ae, 0x7492, 0x8451, 0xb32c, 0xd0c2, 0xf000, 0xf820, 0xf881, 0xf924, 0xf924,
    0xf924, 0xf924, 0xf924, 0xf924, 0xf924, 0xe0e3, 0xe0e3, 0xd0c2, 0xd0c2, 0xb0c3, 0xb0c3, 0xb985, 0xb985, 0xb985, 0x9a07, 0x7104,
    0x49a6, 0x2124, 0x10a2, 0x0861, 0x0000, 0x0000, 0x0000, 0x0000, 0x0000, 0x0000, 0x0000, 0x0000, 0x0000, 0x0020, 0x10a2, 0x3186,
    0x52aa, 0x6b6d, 0x6b8d, 0x6b6d, 0x632c, 0x632c, 0x630c, 0x630c, 0x630c, 0x630c, 0x5aeb, 0x5aeb, 0x5aeb, 0x5acb, 0x52aa, 0x4a8a,
    0x4a69, 0x4a69, 0x4a8a, 0x52aa, 0x5acb, 0x5acb, 0x4a8a, 0x4a69, 0x4249, 0x4a69, 0x4a69, 0x4a8a, 0x4a8a, 0x4249, 0x31c7, 0x1904,
    0x0861, 0x0000, 0x0000, 0x0000, 0x0000, 0x0000, 0x0000, 0x0000, 0x0000, 0x0861, 0x2945, 0x39e7, 0x4208, 0x31c7, 0x2965, 0x2945,
    0x2945, 0x2945, 0x2945, 0x2945, 0x2124, 0x2124, 0x2124, 0x1904, 0x18c3, 0x10a2, 0x10a2, 0x18e3, 0x2124, 0x2945, 0x1904, 0x18c3,
    0x18c3, 0x10a2, 0x0861, 0x0000, 0x0020, 0x0000, 0x0882, 0x2965, 0x4249, 0x632c, 0x8451, 0xa534, 0xad75, 0x9cf3, 0x8c71, 0x73ae,
    0x632c, 0x5acb, 0x5acb, 0x630c, 0x6b8d, 0x7bef, 0x8430, 0x7c10, 0x73ae, 0x6b6d, 0x632c, 0x73ae, 0x8c71, 0xad75, 0xbe18, 0xc679,
    0xbdd7, 0x9cb2, 0x6b6d, 0x4208, 0x2124, 0x0882, 0x0020, 0x0000, 0x0000, 0x0000, 0x0000, 0x0000, 0x0000, 0x0000, 0x0000, 0x0000,
    0x0000, 0x0000, 0x0000, 0x0000, 0x0000, 0x0000, 0x0000, 0x0000, 0x0000, 0x0020, 0x2124, 0x6b6d, 0xb596, 0xc679, 0x9cf3, 0x52aa,
    0x18c3, 0x0020, 0x0020, 0x0861, 0x0882, 0x0882, 0x0882, 0x10a2, 0x10a2, 0x0882, 0x0882, 0x10a2, 0x18c3, 0x18c3, 0x00a2, 0x10a2,
    0x10a2, 0x3082, 0x3082, 0x48e3, 0x48e3, 0x7104, 0x7104, 0x7104, 0x7104, 0x7104, 0x7104, 0x7104, 0x7104, 0x7104, 0x7104, 0x7104,
    0x7104, 0x7104, 0x7104, 0x7104, 0x7104, 0x7104, 0x7104, 0x7104, 0x7104, 0x7104, 0x7104, 0x7104, 0x7104, 0x7104, 0x7104, 0x7104,
    0x7104, 0x80a2, 0x8800, 0xa020, 0xa020, 0xc020, 0xd020, 0xe020, 0xf040, 0xf820, 0xf820, 0xf000, 0xd020, 0xc020, 0xb020, 0xb0c3,
    0xc020, 0xd0c2, 0xc020, 0xd0c2, 0xd0c2, 0xf081, 0xf881, 0xf881, 0xf881, 0xf040, 0xf000, 0xf000, 0xf040, 0xf924, 0xfa69, 0xf3ef,
    0xf534, 0xedf7, 0xc679, 0xc679, 0xc679, 0xbe18, 0xbe18, 0xbe18, 0xc679, 0xc679, 0xedf7, 0xedf7, 0xec91, 0xdaaa, 0xe0e3, 0xe020,
    0xf000, 0xf000, 0xf820, 0xf820, 0xf000, 0xe020, 0xd9a6, 0xec91, 0xcf3c, 0xcfbe, 0xa659, 0x8451, 0x6b6d, 0x5aeb, 0x4a69, 0x3186,
    0x18e3, 0x10a2, 0x2124, 0x5acb, 0x9cd3, 0xa534, 0x632c, 0x18c3, 0x0882, 0x4a69, 0x9492, 0xa534, 0x94b2, 0x8c71, 0x9514, 0x8d96,
    0x9514, 0x938e, 0x9a07, 0xd0c2, 0xf820, 0xf881, 0xf924, 0xf9c6, 0xf9c6, 0xd9a6, 0xf9c6, 0xd9a6, 0xf9c6, 0xe0e3, 0xd0c2, 0xc020,
    0xb020, 0xa020, 0x8800, 0x80a2, 0x7104, 0x48e3, 0x48e3, 0x3082, 0x3082, 0x18c3, 0x0882, 0x0020, 0x0000, 0x0000, 0x0000, 0x0000,
    0x0000, 0x0000, 0x0000, 0x0000, 0x0000, 0x0000, 0x0000, 0x0000, 0x0861, 0x2124, 0x3186, 0x31c7, 0x31c7, 0x3186, 0x31c7, 0x31c7,
    0x31c7, 0x31c7, 0x3186, 0x31c7, 0x31c7, 0x3186, 0x3186, 0x2965, 0x2945, 0x1904, 0x1904, 0x2124, 0x2945, 0x2965, 0x2965, 0x2945,
    0x2124, 0x2124, 0x2124, 0x2124, 0x2945, 0x1904, 0x10a2, 0x0020, 0x0000, 0x0000, 0x0000, 0x0000, 0x0000, 0x0000, 0x0000, 0x0000,
    0x0000, 0x0000, 0x0000, 0x10a2, 0x2124, 0x2965, 0x2965, 0x2965, 0x3186, 0x3186, 0x3186, 0x3186, 0x3186, 0x2965, 0x2965, 0x2965,
    0x2965, 0x2945, 0x2124, 0x18e3, 0x18c3, 0x10a2, 0x10a2, 0x18c3, 0x18e3, 0x2124, 0x1904, 0x18c3, 0x10a2, 0x18e3, 0x2945, 0x4249,
    0x632c, 0x8430, 0x9cd3, 0xad75, 0xb596, 0xad75, 0x9492, 0x738e, 0x5aeb, 0x4a69, 0x4208, 0x4249, 0x52aa, 0x630c, 0x6b8d, 0x738e,
    0x738e, 0x6b6d, 0x6b6d, 0x6b6d, 0x738e, 0x7bef, 0x8c71, 0x9cf3, 0xa534, 0x9492, 0x6b6d, 0x39e7, 0x18c3, 0x0020, 0x0000, 0x0000,
    0x0000, 0x0000, 0x0000, 0x0000, 0x0000, 0x0000, 0x0000, 0x0000, 0x0000, 0x0000, 0x0000, 0x0000, 0x0000, 0x0000, 0x0000, 0x0000,
    0x0000, 0x0000, 0x0000, 0x0020, 0x3186, 0x7bcf, 0xad75, 0xb596, 0x9492, 0x5aeb, 0x2945, 0x0020, 0x0000, 0x0000, 0x0000, 0x0861,
    0x0882, 0x0882, 0x0861, 0x0020, 0x0861, 0x0882, 0x1904, 0x2965, 0x31c7, 0x4208, 0x4a69, 0x52aa, 0x5acb, 0x5aeb, 0x72cb, 0x72cb,
    0x72cb, 0x72cb, 0x72cb, 0x72cb, 0x72cb, 0x72cb, 0x72cb, 0x72cb, 0x72cb, 0x5acb, 0x72cb, 0x72cb, 0x5acb, 0x72cb, 0x72cb, 0x5acb,
    0x72cb, 0x5acb, 0x72cb, 0x72cb, 0x72cb, 0x52aa, 0x72cb, 0x52aa, 0x72cb, 0x72cb, 0x71e7, 0x71e7, 0x7104, 0x7020, 0x7020, 0x8800,
    0xa020, 0xb020, 0xd020, 0xf000, 0xf820, 0xf040, 0xe020, 0xd020, 0xe020, 0xf081, 0xf881, 0xf881, 0xf081, 0xf081, 0xf881, 0xf881,
    0xf881, 0xf820, 0xf820, 0xf820, 0xf040, 0xe0e3, 0xc269, 0xb32c, 0xc430, 0xbdd7, 0xef3c, 0xcfbe, 0xb6db, 0x8d96, 0x7492, 0x6c10,
    0x7c51, 0x9514, 0x9dd7, 0xc679, 0xd6ba, 0xbdd7, 0xb3cf, 0x9a07, 0xb0c3, 0xc020, 0xd020, 0xf000, 0xf820, 0xf820, 0xf000, 0xe0e3,
    0xf3ef, 0xd6ba, 0xcfbe, 0xb6db, 0x7492, 0x52aa, 0x3186, 0x18c3, 0x0020, 0x0000, 0x0000, 0x0000, 0x3186, 0x7bef, 0x9cd3, 0x6b6d,
    0x1904, 0x0000, 0x18c3, 0x5acb, 0x94b2, 0xbdd7, 0xb6db, 0xb6db, 0xa659, 0x8c71, 0x9a07, 0xb0c3, 0xe020, 0xf881, 0xf924, 0xf9c6,
    0xdaaa, 0xc269, 0x9a07, 0x9a07, 0x9a07, 0xb985, 0xb985, 0x80a2, 0x80a2, 0x80a2, 0x7020, 0x5020, 0x3000, 0x3000, 0x2020, 0x0861,
    0x0020, 0x0020, 0x0020, 0x0000, 0x0000, 0x0000, 0x0000, 0x0000, 0x0000, 0x0000, 0x0000, 0x0000, 0x0000, 0x0000, 0x0000, 0x0000,
    0x0000, 0x0000, 0x0000, 0x0861, 0x0882, 0x0882, 0x0861, 0x0882, 0x0882, 0x0882, 0x0882, 0x0882, 0x00a2, 0x10a2, 0x10a2, 0x10a2,
    0x0882, 0x0861, 0x0861, 0x0020, 0x0020, 0x0861, 0x0882, 0x0882, 0x0882, 0x0882, 0x0882, 0x0882, 0x0882, 0x0882, 0x0861, 0x0000,
    0x0000, 0x0000, 0x0000, 0x0020, 0x0861, 0x0861, 0x0882, 0x10a2, 0x10a2, 0x10a2, 0x18c3, 0x18e3, 0x2945, 0x3186, 0x39e7, 0x4208,
    0x4249, 0x4a8a, 0x52aa, 0x52aa, 0x52aa, 0x52aa, 0x52aa, 0x52aa, 0x52aa, 0x52aa, 0x52aa, 0x4a8a, 0x4a69, 0x4208, 0x39e7, 0x39e7,
    0x4249, 0x52aa, 0x5acb, 0x52aa, 0x4a8a, 0x52aa, 0x630c, 0x7bcf, 0x94b2, 0xa534, 0xa534, 0x9cf3, 0x9cd3, 0x9492, 0x7c10, 0x6b8d,
    0x5aeb, 0x52aa, 0x4a8a, 0x4a8a, 0x52aa, 0x5aeb, 0x5aeb, 0x630c, 0x632c, 0x6b6d, 0x73ae, 0x8430, 0x8c71, 0x8430, 0x73ae, 0x6b6d,
    0x630c, 0x5aeb, 0x4a8a, 0x31c7, 0x18e3, 0x0861, 0x0020, 0x0000, 0x0000, 0x0000, 0x0020, 0x0020, 0x0020, 0x0000, 0x0000, 0x0000,
    0x0000, 0x0000, 0x0000, 0x0000, 0x0000, 0x0000, 0x0000, 0x0000, 0x0000, 0x0000, 0x0000, 0x0000, 0x0000, 0x0861, 0x3186, 0x6b6d,
    0xad75, 0xbe18, 0x9cf3, 0x5acb, 0x10a2, 0x0000, 0x0000, 0x0000, 0x0020, 0x0861, 0x0882, 0x0861, 0x0020, 0x0020, 0x10a2, 0x2965,
    0x4a69, 0x632c, 0x6c10, 0x7c51, 0x7c51, 0x7c51, 0x8c71, 0x8c71, 0x8c71, 0x8451, 0x7c51, 0x7c51, 0x8451, 0x8c71, 0x8451, 0x7c51,
    0x7c51, 0x7c51, 0x7c51, 0x7c51, 0x7c51, 0x7c51, 0x7c51, 0x7c51, 0x7c51, 0x7c51, 0x7c51, 0x7c51, 0x7c51, 0x6c10, 0x6c10, 0x7bef,
    0x6c10, 0x7c10, 0x7c10, 0x7bcf, 0x632c, 0x4a8a, 0x49a6, 0x3082, 0x3000, 0x5020, 0x7020, 0xa020, 0xc020, 0xd020, 0xd020, 0xd0c2,
    0xe020, 0xf081, 0xf881, 0xf881, 0xf881, 0xf881, 0xf881, 0xf881, 0xf881, 0xf820, 0xf820, 0xf820, 0xf820, 0xf924, 0xdaaa, 0xb3cf,
    0x8c71, 0x8c71, 0xa575, 0xcf3c, 0xcfbe, 0xb6db, 0x6451, 0x2a28, 0x1945, 0x19a6, 0x432c, 0x7d14, 0xa659, 0xb6db, 0x9dd7, 0x7c51,
    0x52aa, 0x7104, 0x80a2, 0xc020, 0xe020, 0xf000, 0xf820, 0xf820, 0xf040, 0xfa69, 0xf534, 0xc679, 0xa659, 0x6451, 0x4208, 0x0882,
    0x0000, 0x0000, 0x0000, 0x0000, 0x0000, 0x18e3, 0x5acb, 0x8430, 0x73ae, 0x31c7, 0x0861, 0x0000, 0x2945, 0x7bef, 0xc679, 0xf7df,
    0xcfbe, 0x9dd7, 0x938e, 0x80a2, 0xc020, 0xf000, 0xf881, 0xf9c6, 0xdaaa, 0xb32c, 0x72cb, 0x4a8a, 0x4249, 0x71e7, 0x49a6, 0x49a6,
    0x49a6, 0x49a6, 0x2945, 0x2124, 0x18c3, 0x0882, 0x0020, 0x0000, 0x0000, 0x0000, 0x0000, 0x0020, 0x0000, 0x0000, 0x0000, 0x0000,
    0x0000, 0x0000, 0x0020, 0x0020, 0x0020, 0x0020, 0x0020, 0x0020, 0x0020, 0x0020, 0x0000, 0x0000, 0x0000, 0x0000, 0x0000, 0x0000,
    0x0000, 0x0000, 0x0000, 0x0000, 0x0000, 0x0020, 0x0861, 0x0861, 0x0861, 0x0861, 0x0861, 0x0861, 0x0020, 0x0020, 0x0020, 0x0020,
    0x0861, 0x0882, 0x18c3, 0x18c3, 0x18c3, 0x10a2, 0x10a2, 0x10a2, 0x10a2, 0x18c3, 0x1904, 0x1904, 0x2124, 0x2124, 0x2945, 0x3186,
    0x3186, 0x31c7, 0x39e7, 0x4208, 0x4a69, 0x52aa, 0x5acb, 0x5aeb, 0x630c, 0x6b6d, 0x738e, 0x7bcf, 0x7bef, 0x7bef, 0x7bef, 0x7bef,
    0x7bef, 0x7bef, 0x7bef, 0x7c10, 0x7c10, 0x7c10, 0x7bef, 0x7bcf, 0x7bef, 0x8451, 0x9492, 0x9cb2, 0x94b2, 0x94b2, 0x9cd3, 0xa575,
    0xbe18, 0xc679, 0xc679, 0xb596, 0x9492, 0x738e, 0x5aeb, 0x4a8a, 0x4a8a, 0x4a8a, 0x5acb, 0x630c, 0x632c, 0x6b6d, 0x6b6d, 0x630c,
    0x630c, 0x632c, 0x6b8d, 0x8451, 0xa534, 0xad75, 0x9cb2, 0x738e, 0x4249, 0x2945, 0x18e3, 0x18c3, 0x0882, 0x0861, 0x0020, 0x0000,
    0x0000, 0x0000, 0x0000, 0x0020, 0x0020, 0x0020, 0x0020, 0x0020, 0x0020, 0x0000, 0x0000, 0x0000, 0x0000, 0x0000, 0x0000, 0x0000,
    0x0000, 0x0000, 0x0000, 0x0000, 0x0000, 0x0000, 0x0000, 0x0000, 0x2945, 0x7bcf, 0xbdd7, 0xbe18, 0x8c71, 0x4249, 0x18c3, 0x0020,
    0x0000, 0x0000, 0x0020, 0x0861, 0x10a2, 0x18e3, 0x2945, 0x39e7, 0x5acb, 0x73ae, 0x8451, 0x9492, 0x8492, 0x8492, 0x8492, 0x8492,
    0x8492, 0x8492, 0x7492, 0x7492, 0x7492, 0x7492, 0x8492, 0x7492, 0x7492, 0x7492, 0x7492, 0x7492, 0x7492, 0x7492, 0x7492, 0x7492,
    0x7492, 0x7492, 0x7492, 0x7492, 0x6451, 0x7492, 0x6451, 0x6c10, 0x6c10, 0x6c10, 0x6451, 0x7492, 0x7492, 0x6451, 0x5bef, 0x432c,
    0x328a, 0x19a6, 0x2124, 0x3082, 0x5020, 0x7020, 0x7020, 0x8800, 0x8800, 0xb020, 0xc020, 0xd0c2, 0xf081, 0xf081, 0xf881, 0xf881,
    0xf881, 0xf820, 0xf000, 0xf820, 0xf820, 0xf924, 0xfb2c, 0xcd14, 0x9dd7, 0x7d14, 0x5bef, 0x6451, 0x9dd7, 0xd6ba, 0xbe18, 0x6b6d,
    0x10a2, 0x0000, 0x0000, 0x2965, 0x73ae, 0xa575, 0x9dd7, 0x7d14, 0x538e, 0x328a, 0x2a28, 0x71e7, 0xb985, 0xd0c2, 0xf000, 0xf820,
    0xf820, 0xf820, 0xf924, 0xdaaa, 0xc430, 0xa534, 0x7492, 0x328a, 0x1904, 0x0020, 0x0020, 0x0000, 0x0000, 0x0000, 0x0882, 0x39e7,
    0x738e, 0x8451, 0x6b8d, 0x4208, 0x18e3, 0x1945, 0x538e, 0xa659, 0xcfbe, 0xb6db, 0x94b2, 0x9a07, 0xb020, 0xe020, 0xf040, 0xf924,
    0xdaaa, 0xb32c, 0x938e, 0x432c, 0x328a, 0x2a28, 0x2a28, 0x31c7, 0x19a6, 0x19a6, 0x2a28, 0x2a28, 0x2a28, 0x19a6, 0x19a6, 0x1945,
    0x1904, 0x18e3, 0x18c3, 0x18c3, 0x18c3, 0x18e3, 0x18e3, 0x18c3, 0x18c3, 0x1904, 0x1904, 0x2124, 0x2124, 0x2124, 0x2124, 0x2945,
    0x2945, 0x2945, 0x2945, 0x2124, 0x18e3, 0x18c3, 0x18c3, 0x18c3, 0x18c3, 0x18e3, 0x18e3, 0x18e3, 0x18e3, 0x1904, 0x2124, 0x2945,
    0x2945, 0x2965, 0x2965, 0x2965, 0x2965, 0x3186, 0x2965, 0x2965, 0x2965, 0x31c7, 0x39e7, 0x4208, 0x4249, 0x4208, 0x4208, 0x4208,
    0x4208, 0x4a69, 0x42cb, 0x42cb, 0x52aa, 0x52aa, 0x52aa, 0x5acb, 0x5aeb, 0x5aeb, 0x630c, 0x6b8d, 0x73ae, 0x7c10, 0x8430, 0x7c10,
    0x7c10, 0x7c10, 0x8451, 0x8c71, 0x94b2, 0x9cb2, 0x9cb2, 0x94b2, 0x94b2, 0x94b2, 0x94b2, 0x94b2, 0x9cb2, 0x9cf3, 0x9cf3, 0xa534,
    0xa534, 0xa534, 0xad75, 0xb596, 0xbdd7, 0xb596, 0xb596, 0xbdd7, 0xbe18, 0xc679, 0xd6ba, 0xbe18, 0x9cd3, 0x6b8d, 0x4a69, 0x39e7,
    0x39e7, 0x4208, 0x4a8a, 0x630c, 0x6b6d, 0x73ae, 0x7bcf, 0x7bcf, 0x7bcf, 0x7bcf, 0x7bef, 0x8451, 0x9cb2, 0x9cf3, 0x9cf3, 0x8430,
    0x52aa, 0x2945, 0x0020, 0x0000, 0x0020, 0x0000, 0x0000, 0x0000, 0x0000, 0x0000, 0x0000, 0x0000, 0x0000, 0x0020, 0x0020, 0x0020,
    0x0020, 0x0020, 0x0000, 0x0000, 0x0000, 0x0000, 0x0000, 0x0000, 0x0000, 0x0000, 0x0000, 0x0000, 0x0000, 0x0000, 0x0000, 0x0000,
    0x0000, 0x0861, 0x39e7, 0x7bef, 0xa534, 0xa575, 0x8c71, 0x5acb, 0x2965, 0x0861, 0x0000, 0x0020, 0x10a2, 0x2945, 0x4249, 0x632c,
    0x8430, 0x94b2, 0x9cb2, 0x8c71, 0x7bcf, 0x632c, 0x5aeb, 0x5aeb, 0x630c, 0x630c, 0x630c, 0x432c, 0x432c, 0x432c, 0x432c, 0x432c,
    0x432c, 0x432c, 0x432c, 0x432c, 0x432c, 0x432c, 0x432c, 0x432c, 0x432c, 0x432c, 0x432c, 0x432c, 0x432c, 0x432c, 0x432c, 0x432c,
    0x42cb, 0x42cb, 0x42cb, 0x432c, 0x538e, 0x5bef, 0x6451, 0x6451, 0x6451, 0x6451, 0x5bef, 0x538e, 0x4a8a, 0x3186, 0x3082, 0x2020,
    0x3000, 0x3000, 0x5020, 0x7020, 0x80a2, 0xa020, 0xd0c2, 0xf081, 0xf881, 0xf881, 0xf820, 0xf000, 0xf000, 0xf924, 0xfb2c, 0xf534,
    0xef3c, 0xcf3c, 0x8d96, 0x432c, 0x328a, 0x6c10, 0xa575, 0xb596, 0x73ae, 0x2124, 0x0000, 0x0000, 0x2945, 0x6b8d, 0x9514, 0x7d14,
    0x538e, 0x328a, 0x2a28, 0x42cb, 0x6b8d, 0x938e, 0xc269, 0xe0e3, 0xf000, 0xf820, 0xf820, 0xf820, 0xf924, 0xdaaa, 0xc430, 0x94b2,
    0x5bef, 0x328a, 0x19a6, 0x1945, 0x18e3, 0x0861, 0x0000, 0x0020, 0x19a6, 0x538e, 0x9514, 0xb596, 0x94b2, 0x538e, 0x432c, 0x5bef,
    0x8d96, 0x8d96, 0x8c71, 0x9a07, 0xb0c3, 0xe020, 0xf000, 0xe020, 0xb985, 0x9a07, 0x72cb, 0x630c, 0x432c, 0x328a, 0x2a28, 0x2a28,
    0x19a6, 0x2a28, 0x2a28, 0x2a28, 0x328a, 0x42cb, 0x432c, 0x432c, 0x432c, 0x42cb, 0x4a69, 0x4249, 0x4208, 0x4208, 0x4249, 0x4249,
    0x4a69, 0x4a69, 0x4a8a, 0x52aa, 0x5acb, 0x5acb, 0x5acb, 0x5acb, 0x5acb, 0x5acb, 0x5aeb, 0x5aeb, 0x5acb, 0x52aa, 0x52aa, 0x52aa,
    0x52aa, 0x52aa, 0x52aa, 0x52aa, 0x5acb, 0x5aeb, 0x5aeb, 0x5aeb, 0x630c, 0x630c, 0x632c, 0x632c, 0x632c, 0x6b6d, 0x6b8d, 0x6b6d,
    0x6b6d, 0x738e, 0x7bcf, 0x7bef, 0x7c10, 0x8430, 0x8430, 0x8430, 0x7c10, 0x8430, 0x8451, 0x8492, 0x94b2, 0x9492, 0x8451, 0x8430,
    0x8430, 0x7c10, 0x8430, 0x8451, 0x9492, 0x94b2, 0x9cd3, 0x9cb2, 0x94b2, 0x9492, 0x9492, 0x9492, 0x9492, 0x94b2, 0x94b2, 0x94b2,
    0x94b2, 0x94b2, 0x94b2, 0x94b2, 0x94b2, 0x9cb2, 0x9cd3, 0x9cf3, 0x9cf3, 0xa534, 0xa534, 0xa534, 0xa534, 0xa534, 0xa534, 0x9cf3,
    0x9cf3, 0x9cf3, 0xa575, 0xa534, 0x9492, 0x738e, 0x52aa, 0x39e7, 0x39e7, 0x4208, 0x4a8a, 0x5acb, 0x632c, 0x6b8d, 0x738e, 0x7bcf,
    0x8430, 0x9cb2, 0xa534, 0xa534, 0x9cf3, 0x9492, 0x7bcf, 0x5aeb, 0x4208, 0x2945, 0x0882, 0x0000, 0x0000, 0x0000, 0x0000, 0x0000,
    0x0000, 0x0000, 0x0000, 0x0000, 0x0000, 0x0000, 0x0000, 0x0000, 0x0000, 0x0000, 0x0000, 0x0000, 0x0000, 0x0000, 0x0000, 0x0000,
    0x0000, 0x0000, 0x0000, 0x0000, 0x0000, 0x0000, 0x0000, 0x0000, 0x0000, 0x0000, 0x0000, 0x0861, 0x2965, 0x6b8d, 0xa575, 0xbe18,
    0x9cf3, 0x630c, 0x2945, 0x10a2, 0x0882, 0x2945, 0x4a69, 0x73ae, 0x9cf3, 0xbdd7, 0xbdd7, 0x9cf3, 0x738e, 0x4249, 0x2945, 0x18e3,
    0x1904, 0x1945, 0x2945, 0x2945, 0x1945, 0x1945, 0x1945, 0x2945, 0x1945, 0x2945, 0x1945, 0x1945, 0x1945, 0x1945, 0x1945, 0x1945,
    0x1945, 0x1945, 0x1945, 0x1945, 0x1945, 0x1945, 0x1945, 0x1945, 0x1945, 0x1945, 0x1904, 0x1904, 0x1945, 0x31c7, 0x42cb, 0x538e,
    0x6c10, 0x8492, 0x8d96, 0x8d96, 0x7d14, 0x6451, 0x42cb, 0x2124, 0x0000, 0x0000, 0x0000, 0x0000, 0x2020, 0x2020, 0x5020, 0x80a2,
    0xd0c2, 0xf081, 0xf881, 0xf820, 0xf820, 0xf000, 0xf9c6, 0xec91, 0xef3c, 0xf7df, 0xcfbe, 0x8d96, 0x42cb, 0x19a6, 0x4a69, 0x73ae,
    0x9cd3, 0x9492, 0x5aeb, 0x2124, 0x10a2, 0x39e7, 0x7bcf, 0x9492, 0x6b6d, 0x31c7, 0x19a6, 0x2a28, 0x5bef, 0x8d96, 0xb596, 0xc430,
    0xd9a6, 0xe020, 0xf000, 0xf820, 0xf820, 0xf000, 0xe0e3, 0xdaaa, 0xbcb3, 0x9514, 0x7492, 0x5bef, 0x538e, 0x328a, 0x1945, 0x00a2,
    0x00a2, 0x2a28, 0x6451, 0xa659, 0xcf3c, 0xb6db, 0x9dd7, 0x8492, 0x6451, 0x5bef, 0x630c, 0x71e7, 0xb0c3, 0xe020, 0xf820, 0xf040,
    0xb0c3, 0x7104, 0x49a6, 0x2a28, 0x328a, 0x328a, 0x2a28, 0x39e7, 0x31c7, 0x2a28, 0x2a28, 0x2a28, 0x4a69, 0x42cb, 0x6b6d, 0x6c10,
    0x7c51, 0x8492, 0x8451, 0x7bef, 0x738e, 0x6b6d, 0x6b6d, 0x6b6d, 0x6b8d, 0x73ae, 0x6c10, 0x7c10, 0x8430, 0x8430, 0x8430, 0x8430,
    0x8430, 0x8430, 0x8430, 0x8430, 0x8430, 0x8451, 0x8451, 0x8c71, 0x8c71, 0x8c71, 0x8c71, 0x8c71, 0x9492, 0x9492, 0x9cb2, 0x9cb2,
    0x9cb2, 0x9cd3, 0x9cd3, 0x9cd3, 0x9514, 0x9cf3, 0x9cf3, 0xa534, 0xa534, 0xa534, 0xad75, 0xb596, 0xbdd7, 0xb596, 0xb596, 0xb596,
    0xbdd7, 0xb596, 0xbdd7, 0xbdd7, 0xbdd7, 0xbdd7, 0xb596, 0xad75, 0xa534, 0x9cd3, 0x9cb2, 0x94b2, 0x9cd3, 0x9cf3, 0x9cf3, 0x9cd3,
    0x9cb2, 0x9492, 0x9492, 0x9492, 0x8c71, 0x8430, 0x8430, 0x8430, 0x8430, 0x8430, 0x8430, 0x8430, 0x8430, 0x8430, 0x8430, 0x8430,
    0x8451, 0x8451, 0x8c71, 0x8451, 0x7c10, 0x7bef, 0x7bef, 0x7bef, 0x73ae, 0x6b8d, 0x6b6d, 0x6b6d, 0x632c, 0x5aeb, 0x4a69, 0x39e7,
    0x39e7, 0x4a69, 0x5aeb, 0x6b6d, 0x6b6d, 0x6b8d, 0x6b6d, 0x6b8d, 0x73ae, 0x8c71, 0xa534, 0xbe18, 0xbe18, 0xa534, 0x73ae, 0x4208,
    0x1904, 0x0882, 0x0020, 0x0000, 0x0000, 0x0000, 0x0000, 0x0000, 0x0000, 0x0000, 0x0000, 0x0000, 0x0000, 0x0000, 0x0000, 0x0000,
    0x0000, 0x0000, 0x0000, 0x0000, 0x0000, 0x0000, 0x0000, 0x0000, 0x0000, 0x0000, 0x0000, 0x0000, 0x0000, 0x0000, 0x0000, 0x0000,
    0x0000, 0x0000, 0x0000, 0x0000, 0x0000, 0x0000, 0x3186, 0x8430, 0xbdd7, 0xbdd7, 0x8c71, 0x5acb, 0x39e7, 0x31c7, 0x4a8a, 0x73ae,
    0x9cd3, 0xb596, 0xb596, 0x9cf3, 0x7bcf, 0x4249, 0x18e3, 0x0000, 0x0000, 0x0000, 0x0000, 0x0020, 0x0020, 0x0020, 0x0020, 0x0020,
    0x0000, 0x0000, 0x0020, 0x0020, 0x0020, 0x0020, 0x0020, 0x0020, 0x0020, 0x0020, 0x0020, 0x0020, 0x0020, 0x0020, 0x0020, 0x0020,
    0x0020, 0x0020, 0x0020, 0x0000, 0x0000, 0x0000, 0x0882, 0x2945, 0x4208, 0x5acb, 0x73ae, 0x94b2, 0xa575, 0x8d96, 0x7d14, 0x5bef,
    0x328a, 0x1945, 0x00a2, 0x0020, 0x0000, 0x0000, 0x0020, 0x0882, 0x5020, 0x8800, 0xc020, 0xe020, 0xf820, 0xf820, 0xf081, 0xdaaa,
    0xf534, 0xcf3c, 0xcf3c, 0xb6db, 0x9514, 0x6b8d, 0x4208, 0x2965, 0x39e7, 0x6b8d, 0x94b2, 0x9cb2, 0x7bcf, 0x630c, 0x6b8d, 0x8430,
    0x738e, 0x4208, 0x1904, 0x3186, 0x632c, 0x8d96, 0xb6db, 0xcf3c, 0xb596, 0xb32c, 0xd0c2, 0xe020, 0xf000, 0xf820, 0xf820, 0xf820,
    0xf9c6, 0xdb6d, 0xbcb3, 0xad75, 0xa575, 0x9514, 0x7c51, 0x42cb, 0x2a28, 0x2a28, 0x432c, 0x7d14, 0xb6db, 0xcfbe, 0xcfbe, 0xc679,
    0x9cf3, 0x738e, 0x71e7, 0x7104, 0xb020, 0xd020, 0xf820, 0xf000, 0xc020, 0x80a2, 0x3082, 0x1904, 0x1945, 0x1945, 0x1945, 0x2945,
    0x2965, 0x3186, 0x31c7, 0x39e7, 0x4208, 0x4249, 0x52aa, 0x632c, 0x7bcf, 0x8c71, 0x9cb2, 0x9cd3, 0x94b2, 0x8c71, 0x8430, 0x7c10,
    0x7c10, 0x8451, 0x8492, 0x94b2, 0x94b2, 0x94b2, 0x94b2, 0x94b2, 0x94b2, 0x94b2, 0x94b2, 0x9492, 0x9492, 0x9492, 0x9cb2, 0x9cf3,
    0xa534, 0xa534, 0x9cf3, 0x9cf3, 0x9cf3, 0xa534, 0xa534, 0xad75, 0xad75, 0xad75, 0xa575, 0xa575, 0xa575, 0xb596, 0xb596, 0xb596,
    0xb596, 0xb596, 0xbdd7, 0xbe18, 0xbe18, 0xbe18, 0xbe18, 0xbdd7, 0xbe18, 0xbe18, 0xbe18, 0xbe18, 0xbe18, 0xbdd7, 0xbdd7, 0xb596,
    0xad75, 0x9cf3, 0x9cb2, 0x94b2, 0x9492, 0x94b2, 0x94b2, 0x9492, 0x8c71, 0x8430, 0x8430, 0x7c10, 0x7c10, 0x7bef, 0x738e, 0x6b6d,
    0x632c, 0x632c, 0x632c, 0x632c, 0x6b6d, 0x6b6d, 0x6b6d, 0x632c, 0x632c, 0x632c, 0x6b6d, 0x6b6d, 0x632c, 0x5aeb, 0x52aa, 0x52aa,
    0x52aa, 0x4a8a, 0x4a69, 0x4249, 0x4208, 0x39e7, 0x31c7, 0x3186, 0x31c7, 0x4a69, 0x632c, 0x7bcf, 0x7c10, 0x7c10, 0x7bef, 0x7bef,
    0x7c10, 0x7c10, 0x8c71, 0x9cf3, 0xb596, 0xa534, 0x7c10, 0x4249, 0x18c3, 0x0000, 0x0000, 0x0000, 0x0000, 0x0000, 0x0000, 0x0000,
    0x0000, 0x0000, 0x0000, 0x0000, 0x0000, 0x0000, 0x0000, 0x0000, 0x0000, 0x0000, 0x0000, 0x0000, 0x0000, 0x0000, 0x0000, 0x0000,
    0x0000, 0x0000, 0x0000, 0x0000, 0x0000, 0x0000, 0x0000, 0x0000, 0x0000, 0x0000, 0x0000, 0x0000, 0x0000, 0x0000, 0x0000, 0x0882,
    0x4208, 0x7bcf, 0x9492, 0x9492, 0x7bef, 0x6b6d, 0x632c, 0x7bcf, 0x94b2, 0x9cf3, 0x94b2, 0x7bcf, 0x5acb, 0x31c7, 0x18e3, 0x0020,
    0x0000, 0x0000, 0x0000, 0x0000, 0x0000, 0x0000, 0x0000, 0x0000, 0x0000, 0x0000, 0x0000, 0x0000, 0x0000, 0x0000, 0x0000, 0x0000,
    0x0000, 0x0000, 0x0000, 0x0000, 0x0000, 0x0000, 0x0000, 0x0000, 0x0000, 0x0000, 0x0000, 0x0000, 0x0000, 0x0000, 0x0000, 0x0000,
    0x0861, 0x18e3, 0x2945, 0x31c7, 0x4a8a, 0x632c, 0x73ae, 0x7c51, 0x7492, 0x7c51, 0x538e, 0x328a, 0x1904, 0x0000, 0x0000, 0x0000,
    0x0020, 0x2020, 0x3000, 0x8800, 0xd020, 0xf000, 0xf881, 0xf9c6, 0xdb6d, 0xad75, 0x9dd7, 0x7d14, 0x7c51, 0x8430, 0x8451, 0x6b6d,
    0x31c7, 0x1904, 0x39e7, 0x8430, 0xbdd7, 0xd6ba, 0xbe18, 0xad75, 0x7c10, 0x4a8a, 0x2965, 0x2965, 0x5acb, 0x9cb2, 0xc679, 0xcfbe,
    0xcf3c, 0xc679, 0xbcb3, 0xc269, 0xe0e3, 0xf820, 0xf820, 0xf820, 0xf820, 0xf081, 0xf9c6, 0xdaaa, 0xdb6d, 0xec91, 0xcd14, 0xbcb3,
    0x8c71, 0x7bcf, 0x7bcf, 0x8492, 0x9dd7, 0xc679, 0xd6ba, 0xc679, 0xcd14, 0xb3cf, 0x9a07, 0xb0c3, 0xc020, 0xe020, 0xf820, 0xf000,
    0xc020, 0x7020, 0x3000, 0x0861, 0x0861, 0x0861, 0x0861, 0x0861, 0x0882, 0x18c3, 0x2945, 0x31c7, 0x39e7, 0x39e7, 0x39e7, 0x4249,
    0x4a8a, 0x5aeb, 0x6b6d, 0x7bef, 0x8430, 0x8c71, 0x8451, 0x8451, 0x7c10, 0x7c10, 0x8430, 0x8492, 0x8492, 0x9492, 0x8c71, 0x8c71,
    0x8c71, 0x8c71, 0x8c71, 0x8c71, 0x8c71, 0x8451, 0x8451, 0x8c71, 0x9492, 0x94b2, 0x94b2, 0x94b2, 0x9492, 0x9492, 0x94b2, 0x9cb2,
    0x9cd3, 0x9cd3, 0x9cb2, 0x9cd3, 0x9cd3, 0x9cd3, 0x9514, 0xa534, 0xa534, 0x9cf3, 0x9cf3, 0x9cf3, 0xa534, 0xa534, 0xa534, 0x9cf3,
    0xa534, 0x9cf3, 0xa534, 0x9cf3, 0xa534, 0x9cf3, 0x9cf3, 0x9cd3, 0x9cb2, 0x94b2, 0x8c71, 0x8451, 0x8430, 0x8430, 0x8430, 0x8430,
    0x7c10, 0x7bef, 0x7bcf, 0x7bcf, 0x7bcf, 0x73ae, 0x738e, 0x632c, 0x5aeb, 0x5acb, 0x5acb, 0x5aeb, 0x5aeb, 0x5aeb, 0x5aeb, 0x5aeb,
    0x5aeb, 0x5aeb, 0x5aeb, 0x5aeb, 0x5aeb, 0x5aeb, 0x52aa, 0x4a69, 0x4a69, 0x4a69, 0x4a8a, 0x4a69, 0x4249, 0x4249, 0x39e7, 0x31c7,
    0x39e7, 0x4a69, 0x632c, 0x7bcf, 0x8451, 0x8c71, 0x8c71, 0x9492, 0x94b2, 0x9cb2, 0x9492, 0x8451, 0x7c10, 0x73ae, 0x5aeb, 0x39e7,
    0x18e3, 0x0020, 0x0020, 0x0000, 0x0000, 0x0000, 0x0000, 0x0000, 0x0000, 0x0000, 0x0000, 0x0000, 0x0000, 0x0000, 0x0000, 0x0000,
    0x0000, 0x0000, 0x0000, 0x0000, 0x0000, 0x0000, 0x0000, 0x0000, 0x0000, 0x0000, 0x0000, 0x0000, 0x0000, 0x0000, 0x0000, 0x0000,
    0x0000, 0x0000, 0x0000, 0x0000, 0x0000, 0x0000, 0x0000, 0x0000, 0x0000, 0x0882, 0x2965, 0x5acb, 0x7c10, 0x8c71, 0x7c10, 0x7bef,
    0x8c71, 0x9cd3, 0x9492, 0x630c, 0x3186, 0x18c3, 0x0861, 0x0000, 0x0000, 0x0000, 0x0000, 0x0000, 0x0000, 0x0000, 0x0000, 0x0000,
    0x0000, 0x0000, 0x0000, 0x0000, 0x0000, 0x0000, 0x0000, 0x0000, 0x0000, 0x0000, 0x0000, 0x0000, 0x0000, 0x0000, 0x0000, 0x0000,
    0x0000, 0x0000, 0x0000, 0x0000, 0x0000, 0x0000, 0x0000, 0x0000, 0x0000, 0x0000, 0x0000, 0x0020, 0x0861, 0x10a2, 0x18e3, 0x31c7,
    0x5acb, 0x7c10, 0xa575, 0xb596, 0x8492, 0x52aa, 0x18c3, 0x0000, 0x0000, 0x0000, 0x0000, 0x0000, 0x5020, 0xb020, 0xf040, 0xf924,
    0xfa69, 0xc430, 0x9cd3, 0x5bef, 0x2a28, 0x2965, 0x52aa, 0x8c71, 0x8c71, 0x5acb, 0x2945, 0x2965, 0x6b8d, 0xbe18, 0xf7df, 0xf7df,
    0xbe18, 0x73ae, 0x39e7, 0x3186, 0x52aa, 0x8451, 0xbdd7, 0xd6ba, 0xc679, 0xa659, 0xa659, 0x9dd7, 0xc430, 0xd9a6, 0xf000, 0xf820,
    0xf820, 0xf820, 0xf820, 0xf820, 0xf881, 0xf9c6, 0xfb2c, 0xf3ef, 0xec91, 0xec91, 0xc430, 0xc430, 0xbcb3, 0xcd14, 0xad75, 0xcd14,
    0xb3cf, 0xc269, 0xb985, 0xd0c2, 0xe020, 0xf000, 0xf820, 0xf820, 0xc020, 0x7020, 0x3000, 0x0000, 0x0000, 0x0000, 0x0000, 0x0000,
    0x0000, 0x0000, 0x0861, 0x1904, 0x2965, 0x31c7, 0x31c7, 0x31c7, 0x39e7, 0x39e7, 0x4208, 0x4a69, 0x5aeb, 0x6b6d, 0x7bcf, 0x7bef,
    0x7bef, 0x7bef, 0x7bef, 0x7c10, 0x8430, 0x8451, 0x8430, 0x8430, 0x7c10, 0x7c10, 0x7c10, 0x7c10, 0x7c10, 0x7c10, 0x7c10, 0x7c10,
    0x7c10, 0x7c10, 0x7c10, 0x7c10, 0x7c10, 0x7c10, 0x7c10, 0x7c10, 0x7c10, 0x8430, 0x7c10, 0x8430, 0x8430, 0x8430, 0x8451, 0x8451,
    0x8c71, 0x8c71, 0x8451, 0x8451, 0x8451, 0x8430, 0x8430, 0x8430, 0x8430, 0x8451, 0x8451, 0x8451, 0x8430, 0x8430, 0x8430, 0x8430,
    0x8430, 0x7c10, 0x8430, 0x7c10, 0x7c10, 0x7bef, 0x7bef, 0x7bef, 0x7bef, 0x7bef, 0x7bcf, 0x7bef, 0x7bef, 0x7bcf, 0x7bcf, 0x73ae,
    0x738e, 0x632c, 0x630c, 0x630c, 0x632c, 0x632c, 0x632c, 0x6b6d, 0x6b6d, 0x632c, 0x632c, 0x632c, 0x632c, 0x632c, 0x632c, 0x632c,
    0x630c, 0x630c, 0x630c, 0x630c, 0x632c, 0x6b6d, 0x632c, 0x630c, 0x5aeb, 0x630c, 0x6b8d, 0x7c10, 0x8c71, 0x9492, 0x9492, 0x94b2,
    0x9cd3, 0x9cf3, 0x9cf3, 0x9492, 0x73ae, 0x52aa, 0x3186, 0x18c3, 0x0882, 0x0000, 0x0000, 0x0000, 0x0020, 0x0000, 0x0000, 0x0000,
    0x0000, 0x0000, 0x0000, 0x0000, 0x0000, 0x0000, 0x0000, 0x0000, 0x0000, 0x0000, 0x0000, 0x0000, 0x0000, 0x0000, 0x0000, 0x0000,
    0x0000, 0x0000, 0x0000, 0x0000, 0x0000, 0x0000, 0x0000, 0x0000, 0x0000, 0x0000, 0x0000, 0x0000, 0x0000, 0x0000, 0x0000, 0x0000,
    0x0000, 0x0000, 0x0000, 0x0000, 0x2124, 0x4a8a, 0x6b6d, 0x632c, 0x630c, 0x6b6d, 0x6b8d, 0x5aeb, 0x2965, 0x0020, 0x0000, 0x0000,
    0x0000, 0x0000, 0x0000, 0x0000, 0x0000, 0x0000, 0x0000, 0x0000, 0x0000, 0x0000, 0x0000, 0x0000, 0x0000, 0x0000, 0x0000, 0x0000,
    0x0000, 0x0000, 0x0000, 0x0000, 0x0000, 0x0000, 0x0000, 0x0000, 0x0000, 0x0000, 0x0000, 0x0000, 0x0000, 0x0000, 0x0000, 0x0000,
    0x0000, 0x0000, 0x0000, 0x0000, 0x0000, 0x0000, 0x0000, 0x0000, 0x0020, 0x2945, 0x5acb, 0x94b2, 0xbdd7, 0xbdd7, 0x8451, 0x4249,
    0x10a2, 0x0000, 0x0000, 0x0000, 0x0000, 0x3000, 0xa020, 0xf081, 0xfa69, 0xf3ef, 0xbcb3, 0x6c10, 0x2a28, 0x0861, 0x0000, 0x2124,
    0x5aeb, 0x8451, 0x8430, 0x632c, 0x5acb, 0x6b6d, 0x9cd3, 0xc679, 0xd6ba, 0xa534, 0x632c, 0x4a69, 0x630c, 0x94b2, 0xb596, 0xbdd7,
    0xa534, 0x8451, 0x7c51, 0x8d96, 0xa659, 0xb596, 0xdaaa, 0xf040, 0xf820, 0xf820, 0xf820, 0xf820, 0xf820, 0xf820, 0xf881, 0xf924,
    0xf9c6, 0xfa69, 0xfb2c, 0xfb2c, 0xfb2c, 0xfb2c, 0xdb6d, 0xdaaa, 0xc269, 0xb985, 0xb0c3, 0xc020, 0xe020, 0xf000, 0xf000, 0xe020,
    0xc020, 0x8800, 0x3000, 0x0000, 0x0000, 0x0000, 0x0000, 0x0000, 0x0000, 0x0000, 0x0000, 0x0882, 0x1904, 0x2965, 0x3186, 0x31c7,
    0x39e7, 0x39e7, 0x39e7, 0x39e7, 0x4249, 0x52aa, 0x630c, 0x6b8d, 0x7bcf, 0x7bef, 0x7bef, 0x7bef, 0x7c10, 0x6c10, 0x7c10, 0x7bef,
    0x7bef, 0x7bef, 0x7bef, 0x7bef, 0x7bef, 0x7bef, 0x7bef, 0x7c10, 0x7c10, 0x7c10, 0x7bef, 0x7bef, 0x7bef, 0x7bef, 0x7bef, 0x7bef,
    0x7bef, 0x7bcf, 0x7bcf, 0x7bef, 0x7c10, 0x8430, 0x8430, 0x8430, 0x8430, 0x8451, 0x8451, 0x8451, 0x8430, 0x8430, 0x7c10, 0x7c10,
    0x7c10, 0x7c10, 0x7c10, 0x7c10, 0x7c10, 0x7c10, 0x7c10, 0x7c10, 0x8430, 0x8430, 0x8430, 0x8451, 0x8c71, 0x8c71, 0x8c71, 0x8c71,
    0x9492, 0x9492, 0x9492, 0x94b2, 0x94b2, 0x94b2, 0x94b2, 0x94b2, 0x9492, 0x9492, 0x8c71, 0x8451, 0x8451, 0x8c71, 0x8492, 0x8c71,
    0x8c71, 0x8c71, 0x8c71, 0x8c71, 0x8c71, 0x8c71, 0x8c71, 0x8c71, 0x8c71, 0x8c71, 0x8c71, 0x8c71, 0x9492, 0x9cb2, 0x9cd3, 0x9cb2,
    0x9cb2, 0x9cb2, 0x9cd3, 0x9cf3, 0x9cf3, 0x9cf3, 0x9cd3, 0x9cb2, 0x9cb2, 0x9492, 0x8451, 0x7bef, 0x6b6d, 0x4a8a, 0x2945, 0x0020,
    0x0000, 0x0000, 0x0000, 0x0000, 0x0000, 0x0020, 0x0000, 0x0000, 0x0000, 0x0000, 0x0000, 0x0000, 0x0000, 0x0000, 0x0000, 0x0000,
    0x0000, 0x0000, 0x0000, 0x0000, 0x0000, 0x0000, 0x0000, 0x0000, 0x0000, 0x0000, 0x0000, 0x0000, 0x0000, 0x0000, 0x0000, 0x0000,
    0x0000, 0x0000, 0x0000, 0x0000, 0x0000, 0x0000, 0x0000, 0x0000, 0x0000, 0x0000, 0x0000, 0x0000, 0x0000, 0x0861, 0x1904, 0x2965,
    0x2965, 0x2945, 0x2965, 0x3186, 0x2124, 0x0882, 0x0000, 0x0000, 0x0000, 0x0000, 0x0000, 0x0000, 0x0000, 0x0000, 0x0000, 0x0000,
    0x0000, 0x0000, 0x0000, 0x0000, 0x0000, 0x0000, 0x0000, 0x0000, 0x0000, 0x0000, 0x0000, 0x0000, 0x0000, 0x0000, 0x0000, 0x0000,
    0x0000, 0x0000, 0x0000, 0x0000, 0x0000, 0x0000, 0x0000, 0x0000, 0x0000, 0x0000, 0x0000, 0x0000, 0x0000, 0x0000, 0x0000, 0x0000,
    0x0000, 0x0000, 0x0020, 0x2945, 0x52aa, 0x8451, 0xa534, 0xad75, 0x7bef, 0x39e7, 0x0861, 0x0000, 0x0000, 0x0000, 0x5020, 0xa020,
    0xe0e3, 0xfb2c, 0xec91, 0xcd14, 0x538e, 0x19a6, 0x0020, 0x0000, 0x0000, 0x2124, 0x632c, 0xa534, 0xbdd7, 0x9cf3, 0x7bcf, 0x632c,
    0x6b6d, 0x738e, 0x632c, 0x5aeb, 0x738e, 0xa534, 0xc679, 0xbe18, 0x9492, 0x5acb, 0x31c7, 0x31c7, 0x538e, 0x8d96, 0xbdd7, 0xdb6d,
    0xe0e3, 0xf000, 0xf820, 0xf820, 0xf881, 0xf881, 0xf881, 0xf881, 0xf881, 0xf881, 0xf924, 0xf924, 0xf924, 0xf924, 0xf924, 0xf924,
    0xf081, 0xe020, 0xe020, 0xd020, 0xd020, 0xd020, 0xd020, 0xc020, 0x8800, 0x5020, 0x3082, 0x0020, 0x0000, 0x0000, 0x0000, 0x0000,
    0x0000, 0x0861, 0x10a2, 0x18e3, 0x2124, 0x2965, 0x31c7, 0x4208, 0x4a69, 0x4a8a, 0x4a8a, 0x4a8a, 0x4a8a, 0x52aa, 0x5aeb, 0x6b6d,
    0x73ae, 0x7c10, 0x8430, 0x8430, 0x8451, 0x8451, 0x7c51, 0x7c10, 0x7bef, 0x7c10, 0x7c10, 0x7c10, 0x7c10, 0x7c10, 0x7c10, 0x8430,
    0x8451, 0x8c71, 0x8c71, 0x8451, 0x8451, 0x8c71, 0x8c71, 0x9492, 0x8c71, 0x8c71, 0x8451, 0x8451, 0x8c71, 0x9492, 0x9492, 0x8c71,
    0x8451, 0x8451, 0x9492, 0x94b2, 0x9492, 0x9492, 0x8c71, 0x8c71, 0x8c71, 0x8c71, 0x8c71, 0x8c71, 0x8c71, 0x8c71, 0x8c71, 0x8c71,
    0x9492, 0x94b2, 0x9cb2, 0x9cb2, 0x9cd3, 0x9cd3, 0x9cd3, 0x9cf3, 0xa534, 0xa534, 0xa575, 0xad75, 0xad75, 0xad75, 0xad75, 0xb596,
    0xad75, 0xad75, 0xad75, 0xad75, 0xad75, 0xad75, 0xad75, 0xad75, 0xad75, 0xa575, 0xad75, 0xad75, 0xad75, 0xad75, 0xad75, 0xad75,
    0xad75, 0xad75, 0xb596, 0xb596, 0xb596, 0xb596, 0xbdd7, 0xbdd7, 0xbdd7, 0xbe18, 0xbe18, 0xc679, 0xbe18, 0xbdd7, 0xa534, 0x9cd3,
    0x9cb2, 0x8c71, 0x73ae, 0x5acb, 0x39e7, 0x2965, 0x2124, 0x0861, 0x0000, 0x0000, 0x0000, 0x0000, 0x0000, 0x0000, 0x0020, 0x0020,
    0x0000, 0x0000, 0x0000, 0x0000, 0x0000, 0x0000, 0x0000, 0x0000, 0x0000, 0x0000, 0x0000, 0x0000, 0x0000, 0x0000, 0x0000, 0x0000,
    0x0000, 0x0000, 0x0000, 0x0000, 0x0000, 0x0000, 0x0000, 0x0000, 0x0000, 0x0000, 0x0000, 0x0000, 0x0000, 0x0000, 0x0000, 0x0000,
    0x0000, 0x0000, 0x0000, 0x0000, 0x0000, 0x0000, 0x0000, 0x0000, 0x0020, 0x0020, 0x0020, 0x0020, 0x0020, 0x0020, 0x0000, 0x0000,
    0x0000, 0x0000, 0x0000, 0x0000, 0x0000, 0x0000, 0x0000, 0x0000, 0x0000, 0x0000, 0x0000, 0x0000, 0x0000, 0x0000, 0x0000, 0x0000,
    0x0000, 0x0000, 0x0000, 0x0000, 0x0000, 0x0000, 0x0000, 0x0000, 0x0000, 0x0000, 0x0000, 0x0000, 0x0000, 0x0000, 0x0000, 0x0000,
    0x0000, 0x0000, 0x0000, 0x0000, 0x0000, 0x0000, 0x0000, 0x0000, 0x0000, 0x0000, 0x0000, 0x0000, 0x0020, 0x18c3, 0x4249, 0x8430,
    0xb596, 0xa534, 0x5aeb, 0x18c3, 0x0000, 0x0000, 0x2020, 0x5020, 0xb020, 0xf924, 0xfb2c, 0xf534, 0xcd14, 0x6b8d, 0x19a6, 0x0861,
    0x0000, 0x0000, 0x0020, 0x52aa, 0xbdd7, 0xf7df, 0xd6ba, 0x7bef, 0x3186, 0x18c3, 0x18e3, 0x2965, 0x5aeb, 0x9cf3, 0xd6ba, 0xef3c,
    0xb596, 0x5aeb, 0x18e3, 0x0020, 0x0861, 0x2a28, 0x7492, 0xb596, 0xdb6d, 0xd9a6, 0xf000, 0xf820, 0xf820, 0xf924, 0xf924, 0xe0e3,
    0xe020, 0xe020, 0xf000, 0xf000, 0xf820, 0xf820, 0xf820, 0xf820, 0xf820, 0xf820, 0xf820, 0xf000, 0xe020, 0xd020, 0xd0c2, 0xb0c3,
    0x80a2, 0x48e3, 0x2124, 0x1945, 0x1945, 0x1904, 0x18e3, 0x18e3, 0x2124, 0x2945, 0x3186, 0x4208, 0x4a69, 0x4a69, 0x4a8a, 0x5acb,
    0x630c, 0x6b6d, 0x6b8d, 0x6b6d, 0x632c, 0x632c, 0x632c, 0x6b6d, 0x738e, 0x7bcf, 0x7c10, 0x8430, 0x8451, 0x8c71, 0x8c71, 0x7c51,
    0x7c51, 0x8430, 0x8451, 0x8451, 0x8451, 0x8451, 0x8451, 0x8451, 0x8c71, 0x9492, 0x9cd3, 0x9cd3, 0x9cd3, 0x9cb2, 0x9cb2, 0x9cf3,
    0xbcb3, 0x9cf3, 0x9cf3, 0x9cd3, 0x9cd3, 0x9cd3, 0x9cd3, 0x94b2, 0x8451, 0x7c10, 0x7c10, 0x8451, 0x8c71, 0x8c71, 0x8c71, 0x8c71,
    0x8c71, 0x8c71, 0x8451, 0x8451, 0x8451, 0x8c71, 0x8451, 0x8451, 0x8c71, 0x9492, 0x94b2, 0x9cd3, 0x9cd3, 0x9cd3, 0x9cd3, 0x9cd3,
    0x9cf3, 0xa534, 0xa534, 0xad75, 0xad75, 0xb596, 0xb596, 0xb596, 0xb596, 0xb596, 0xb596, 0xb596, 0xb596, 0xb596, 0xb596, 0xb596,
    0xb596, 0xb596, 0xb596, 0xb596, 0xb596, 0xb596, 0xb596, 0xb596, 0xb596, 0xb596, 0xb596, 0xb596, 0xb596, 0xb596, 0xb596, 0xb596,
    0xbdd7, 0xbdd7, 0xbe18, 0xc679, 0xc679, 0xbe18, 0xa575, 0x94b2, 0x8451, 0x7c10, 0x738e, 0x4a8a, 0x2124, 0x0861, 0x0020, 0x0861,
    0x0020, 0x0000, 0x0000, 0x0000, 0x0000, 0x0000, 0x0020, 0x0020, 0x0020, 0x0000, 0x0000, 0x0000, 0x0000, 0x0000, 0x0000, 0x0000,
    0x0000, 0x0000, 0x0000, 0x0000, 0x0000, 0x0000, 0x0000, 0x0000, 0x0000, 0x0000, 0x0000, 0x0000, 0x0000, 0x0000, 0x0000, 0x0000,
    0x0000, 0x0000, 0x0000, 0x0000, 0x0000, 0x0000, 0x0000, 0x0000, 0x0000, 0x0000, 0x0000, 0x0000, 0x0000, 0x0000, 0x0000, 0x0000,
    0x0000, 0x0000, 0x0000, 0x0000, 0x0000, 0x0000, 0x0000, 0x0000, 0x0000, 0x0000, 0x0000, 0x0000, 0x0000, 0x0000, 0x0000, 0x0000,
    0x0000, 0x0000, 0x0000, 0x0000, 0x0000, 0x0000, 0x0000, 0x0000, 0x0000, 0x0000, 0x0000, 0x0000, 0x0000, 0x0000, 0x0000, 0x0000,
    0x0000, 0x0000, 0x0000, 0x0000, 0x0000, 0x0000, 0x0000, 0x0000, 0x0000, 0x0000, 0x0000, 0x0000, 0x0000, 0x0000, 0x0000, 0x0000,
    0x0000, 0x0000, 0x0000, 0x0000, 0x0000, 0x0000, 0x0000, 0x18c3, 0x52aa, 0x9cd3, 0xb596, 0x7bcf, 0x2965, 0x0000, 0x0000, 0x2020,
    0x7020, 0xb020, 0xf924, 0xfb2c, 0xf534, 0xb596, 0x6c10, 0x2a28, 0x1945, 0x10a2, 0x10a2, 0x1904, 0x632c, 0xbe18, 0xf7df, 0xd6ba,
    0x738e, 0x10a2, 0x0000, 0x0000, 0x18e3, 0x6b8d, 0xbe18, 0xef3c, 0xc679, 0x8430, 0x2965, 0x0000, 0x0000, 0x0000, 0x1945, 0x538e,
    0x9492, 0xdb6d, 0xd9a6, 0xf040, 0xf820, 0xe020, 0xd0c2, 0xb985, 0x80a2, 0xa020, 0xa020, 0xc020, 0xd020, 0xe0e3, 0xe0e3, 0xf924,
    0xf881, 0xf924, 0xf924, 0xf924, 0xf9c6, 0xd9a6, 0xd9a6, 0x9a07, 0x9a07, 0x71e7, 0x4208, 0x2a28, 0x328a, 0x328a, 0x4a69, 0x4a69,
    0x4a69, 0x5acb, 0x632c, 0x738e, 0x7bef, 0x7c10, 0x7bef, 0x7c10, 0x8c71, 0x9cb2, 0x9cd3, 0x9cb2, 0x8c71, 0x7bef, 0x738e, 0x6b8d,
    0x6b8d, 0x738e, 0x73ae, 0x7bcf, 0x7bef, 0x8430, 0x8451, 0x8c71, 0x8451, 0x7c51, 0x8451, 0x8451, 0x8c71, 0x8c71, 0x8c71, 0x8c71,
    0x8c71, 0x8c71, 0x9492, 0x9cb2, 0x9cd3, 0x9cd3, 0x9cf3, 0x9cf3, 0xa534, 0xa534, 0xa534, 0xa534, 0xa534, 0x9cf3, 0x9cd3, 0x9492,
    0x7c10, 0x6b6d, 0x5aeb, 0x5aeb, 0x630c, 0x632c, 0x6b6d, 0x6b6d, 0x6b6d, 0x6b6d, 0x6b6d, 0x6b6d, 0x6b6d, 0x6b6d, 0x6b6d, 0x6b6d,
    0x632c, 0x6b6d, 0x6b8d, 0x738e, 0x73ae, 0x73ae, 0x73ae, 0x73ae, 0x73ae, 0x73ae, 0x7bcf, 0x7bef, 0x7c10, 0x8430, 0x8430, 0x8430,
    0x8430, 0x8430, 0x8430, 0x8451, 0x8451, 0x8451, 0x8451, 0x8c71, 0x8451, 0x8451, 0x8451, 0x8451, 0x8c71, 0x8451, 0x8451, 0x8451,
    0x8451, 0x8451, 0x8451, 0x8451, 0x8c71, 0x8c71, 0x8451, 0x9410, 0x8430, 0x8430, 0x8451, 0x9492, 0x9cd3, 0x9cf3, 0x94b2, 0x7bef,
    0x5aeb, 0x4a8a, 0x4a69, 0x4208, 0x2945, 0x0861, 0x0000, 0x0000, 0x0020, 0x0020, 0x0000, 0x0000, 0x0020, 0x0020, 0x0020, 0x0020,
    0x0000, 0x0000, 0x0000, 0x0000, 0x0000, 0x0000, 0x0000, 0x0000, 0x0000, 0x0000, 0x0000, 0x0000, 0x0000, 0x0000, 0x0000, 0x0000,
    0x0000, 0x0000, 0x0000, 0x0000, 0x0000, 0x0000, 0x0000, 0x0000, 0x0000, 0x0000, 0x0000, 0x0000, 0x0000, 0x0000, 0x0000, 0x0000,
    0x0000, 0x0000, 0x0000, 0x0000, 0x0000, 0x0000, 0x0000, 0x0000, 0x0000, 0x0000, 0x0000, 0x0000, 0x0000, 0x0000, 0x0000, 0x0000,
    0x0000, 0x0000, 0x0000, 0x0000, 0x0000, 0x0000, 0x0000, 0x0000, 0x0000, 0x0000, 0x0000, 0x0000, 0x0000, 0x0000, 0x0000, 0x0000,
    0x0000, 0x0000, 0x0000, 0x0000, 0x0000, 0x0000, 0x0000, 0x0000, 0x0000, 0x0000, 0x0000, 0x0000, 0x0000, 0x0000, 0x0000, 0x0000,
    0x0000, 0x0000, 0x0000, 0x0000, 0x0000, 0x0000, 0x0000, 0x0000, 0x0000, 0x0000, 0x0000, 0x0000, 0x0000, 0x0000, 0x0000, 0x0000,
    0x0020, 0x2965, 0x73ae, 0x9cf3, 0x7c10, 0x4208, 0x00a2, 0x0000, 0x2020, 0x7020, 0xb020, 0xf924, 0xfb2c, 0xf534, 0xbe18, 0x7d14,
    0x538e, 0x328a, 0x4208, 0x4249, 0x5acb, 0x8430, 0xb596, 0xbe18, 0xa575, 0x6b8d, 0x2124, 0x0000, 0x0000, 0x3186, 0x8430, 0xc679,
    0xd6ba, 0xa534, 0x52aa, 0x10a2, 0x0000, 0x0000, 0x0000, 0x18c3, 0x328a, 0x738e, 0xb32c, 0xd9a6, 0xf881, 0xf040, 0xc020, 0x80a2,
    0x48e3, 0x3082, 0x3000, 0x5020, 0x80a2, 0x9a07, 0xc269, 0xdaaa, 0xdaaa, 0xfb2c, 0xfb2c, 0xdb6d, 0xf3ef, 0xc430, 0xc430, 0xb3cf,
    0x938e, 0x6b6d, 0x632c, 0x538e, 0x538e, 0x5bef, 0x6c10, 0x7bef, 0x7bcf, 0x7bef, 0x8c71, 0x9cf3, 0xa534, 0xa534, 0x9cd3, 0x9cd3,
    0x9cf3, 0xad75, 0xbdd7, 0xbdd7, 0xad75, 0x9cb2, 0x7c10, 0x6b6d, 0x630c, 0x630c, 0x630c, 0x630c, 0x632c, 0x6b6d, 0x6b8d, 0x7bcf,
    0x7bef, 0x7bef, 0x7bcf, 0x7bcf, 0x7bef, 0x7bef, 0x7bcf, 0x7bcf, 0x7bcf, 0x7bcf, 0x7bef, 0x7bef, 0x7c10, 0x8430, 0x8c71, 0x8c71,
    0x9492, 0x9492, 0x9492, 0x9492, 0x94b2, 0x94b2, 0x9492, 0x8430, 0x6b8d, 0x52aa, 0x39e7, 0x2965, 0x2945, 0x2965, 0x31c7, 0x31c7,
    0x31c7, 0x3186, 0x31c7, 0x31c7, 0x31c7, 0x31c7, 0x31c7, 0x3186, 0x31c7, 0x31c7, 0x39e7, 0x31c7, 0x39e7, 0x39e7, 0x39e7, 0x39e7,
    0x39e7, 0x39e7, 0x39e7, 0x39e7, 0x39e7, 0x39e7, 0x4208, 0x4208, 0x4208, 0x4208, 0x4208, 0x4208, 0x4208, 0x4249, 0x4249, 0x4249,
    0x4249, 0x4249, 0x4a69, 0x4a69, 0x4249, 0x4249, 0x4249, 0x4249, 0x4249, 0x4a69, 0x4a69, 0x4a69, 0x4249, 0x4249, 0x4249, 0x4249,
    0x4208, 0x39e7, 0x39e7, 0x4208, 0x4249, 0x4a8a, 0x52aa, 0x4a69, 0x39e7, 0x2124, 0x18c3, 0x18c3, 0x18c3, 0x0882, 0x0000, 0x0000,
    0x0000, 0x0000, 0x0020, 0x0020, 0x0020, 0x0020, 0x0000, 0x0000, 0x0000, 0x0000, 0x0000, 0x0000, 0x0000, 0x0000, 0x0000, 0x0000,
    0x0000, 0x0000, 0x0000, 0x0000, 0x0000, 0x0000, 0x0000, 0x0000, 0x0000, 0x0000, 0x0000, 0x0000, 0x0000, 0x0000, 0x0000, 0x0000,
    0x0000, 0x0000, 0x0000, 0x0000, 0x0000, 0x0000, 0x0000, 0x0000, 0x0000, 0x0000, 0x0000, 0x0000, 0x0000, 0x0000, 0x0000, 0x0000,
    0x0000, 0x0000, 0x0000, 0x0000, 0x0000, 0x0000, 0x0000, 0x0000, 0x0000, 0x0000, 0x0000, 0x0000, 0x0000, 0x0000, 0x0000, 0x0000,
    0x0000, 0x0000, 0x0000, 0x0000, 0x0000, 0x0000, 0x0000, 0x0000, 0x0000, 0x0000, 0x0000, 0x0000, 0x0000, 0x0000, 0x0000, 0x0000,
    0x0000, 0x0000, 0x0000, 0x0000, 0x0000, 0x0000, 0x0000, 0x0000, 0x0000, 0x0000, 0x0000, 0x0000, 0x0000, 0x0000, 0x0000, 0x0000,
    0x0000, 0x0000, 0x0000, 0x0000, 0x0000, 0x0000, 0x0000, 0x0000, 0x0000, 0x0000, 0x10a2, 0x4a8a, 0x7c10, 0x6c10, 0x4a8a, 0x1904,
    0x0020, 0x2020, 0x7020, 0xb020, 0xe0e3, 0xfb2c, 0xcd14, 0xc679, 0xa659, 0x8d96, 0x6c10, 0x6b6d, 0x6b8d, 0x7c10, 0x8c71, 0x8492,
    0x7c51, 0x7c51, 0x6c10, 0x5acb, 0x31c7, 0x2945, 0x4a8a, 0x9492, 0xbdd7, 0xbdd7, 0x8430, 0x39e7, 0x0861, 0x0000, 0x0000, 0x0000,
    0x18c3, 0x2a28, 0x632c, 0xb32c, 0xd9a6, 0xf924, 0xf040, 0xa020, 0x3000, 0x0020, 0x0861, 0x00a2, 0x2945, 0x4a69, 0x6b8d, 0x9410,
    0x9cb2, 0xbcb3, 0xcd14, 0xcd14, 0xcd14, 0xbdd7, 0x9dd7, 0x9dd7, 0x9514, 0x8492, 0x7c51, 0x6c10, 0x6c10, 0x7c51, 0x8492, 0x94b2,
    0x94b2, 0x94b2, 0x9cb2, 0xa534, 0xb596, 0xb596, 0xa534, 0x9492, 0x8c71, 0x9cb2, 0xa534, 0xb596, 0xb596, 0x9cf3, 0x8430, 0x632c,
    0x52aa, 0x4249, 0x4249, 0x4249, 0x4249, 0x4249, 0x4249, 0x4a8a, 0x5acb, 0x5aeb, 0x5aeb, 0x5aeb, 0x5acb, 0x5aeb, 0x5acb, 0x5acb,
    0x5aeb, 0x5acb, 0x5acb, 0x5acb, 0x5acb, 0x5acb, 0x5aeb, 0x632c, 0x6b6d, 0x6b6d, 0x632c, 0x632c, 0x632c, 0x6b6d, 0x6b8d, 0x6b6d,
    0x5aeb, 0x4249, 0x2945, 0x10a2, 0x0861, 0x0861, 0x0861, 0x0861, 0x0861, 0x0861, 0x0861, 0x0861, 0x0861, 0x0882, 0x0882, 0x0861,
    0x0882, 0x0882, 0x0882, 0x0882, 0x0882, 0x0882, 0x0861, 0x0861, 0x0882, 0x0882, 0x0882, 0x0861, 0x0861, 0x0861, 0x0882, 0x0882,
    0x0882, 0x0882, 0x0882, 0x0882, 0x0882, 0x0882, 0x10a2, 0x10a2, 0x0882, 0x0882, 0x0882, 0x10a2, 0x10a2, 0x10a2, 0x0882, 0x10a2,
    0x10a2, 0x10a2, 0x10a2, 0x10a2, 0x10a2, 0x0882, 0x0882, 0x0882, 0x0882, 0x0882, 0x0882, 0x0861, 0x0882, 0x0882, 0x10a2, 0x18c3,
    0x10a2, 0x0861, 0x0020, 0x0000, 0x0000, 0x0000, 0x0020, 0x0020, 0x0000, 0x0000, 0x0000, 0x0000, 0x0000, 0x0000, 0x0000, 0x0000,
    0x0000, 0x0000, 0x0000, 0x0000, 0x0000, 0x0000, 0x0000, 0x0000, 0x0000, 0x0000, 0x0000, 0x0000, 0x0000, 0x0000, 0x0000, 0x0000,
    0x0000, 0x0000, 0x0000, 0x0000, 0x0000, 0x0000, 0x0000, 0x0000, 0x0000, 0x0000, 0x0000, 0x0000, 0x0000, 0x0000, 0x0000, 0x0000,
    0x0000, 0x0000, 0x0000, 0x0000, 0x0000, 0x0000, 0x0000, 0x0000, 0x0000, 0x0000, 0x0000, 0x0000, 0x0000, 0x0000, 0x0000, 0x0000,
    0x0000, 0x0000, 0x0000, 0x0000, 0x0000, 0x0000, 0x0000, 0x0000, 0x0000, 0x0000, 0x0000, 0x0000, 0x0000, 0x0000, 0x0000, 0x0000,
    0x0000, 0x0000, 0x0000, 0x0000, 0x0000, 0x0000, 0x0000, 0x0000, 0x0000, 0x0000, 0x0000, 0x0000, 0x0000, 0x0000, 0x0000, 0x0000,
    0x0000, 0x0000, 0x0000, 0x0000, 0x0000, 0x0000, 0x0000, 0x0000, 0x0000, 0x0000, 0x0000, 0x0000, 0x0000, 0x0000, 0x0000, 0x0000,
    0x0000, 0x0000, 0x0000, 0x0020, 0x31c7, 0x630c, 0x6b8d, 0x42cb, 0x19a6, 0x00a2, 0x0020, 0x5020, 0xb020, 0xe0e3, 0xfa69, 0xcd14,
    0xd6ba, 0xcfbe, 0xb6db, 0xa575, 0x8430, 0x738e, 0x738e, 0x6b8d, 0x5aeb, 0x5aeb, 0x6c10, 0x9cf3, 0xa534, 0x8c71, 0x6b8d, 0x6b6d,
    0x8430, 0x9cd3, 0xa534, 0x8430, 0x4208, 0x0861, 0x0000, 0x0000, 0x0000, 0x1904, 0x42cb, 0x938e, 0xb32c, 0xd9a6, 0xf924, 0xd020,
    0x8800, 0x2020, 0x0000, 0x00a2, 0x2a28, 0x538e, 0x7c51, 0x7d14, 0x7d14, 0x7d14, 0x9514, 0xa534, 0xa575, 0x9dd7, 0x9dd7, 0x9dd7,
    0x8d96, 0x7d14, 0x7d14, 0x7492, 0x7c51, 0x8430, 0x8451, 0x8c71, 0x9492, 0x94b2, 0x9cd3, 0x9cd3, 0x9cf3, 0x9cd3, 0x8451, 0x6b8d,
    0x5acb, 0x52aa, 0x5acb, 0x632c, 0x6b6d, 0x6b6d, 0x5aeb, 0x4a69, 0x31c7, 0x2945, 0x2124, 0x1904, 0x1904, 0x1904, 0x1904, 0x2124,
    0x2124, 0x2945, 0x2965, 0x3186, 0x2965, 0x2965, 0x2965, 0x2965, 0x2965, 0x2965, 0x2965, 0x2965, 0x2945, 0x2945, 0x2945, 0x2965,
    0x3186, 0x31c7, 0x31c7, 0x3186, 0x3186, 0x3186, 0x31c7, 0x31c7, 0x31c7, 0x2965, 0x18e3, 0x0861, 0x0000, 0x0000, 0x0000, 0x0000,
    0x0000, 0x0000, 0x0000, 0x0000, 0x0000, 0x0000, 0x0020, 0x0020, 0x0000, 0x0000, 0x0020, 0x0000, 0x0000, 0x0000, 0x0000, 0x0000,
    0x0000, 0x0000, 0x0020, 0x0020, 0x0000, 0x0000, 0x0000, 0x0000, 0x0000, 0x0000, 0x0000, 0x0000, 0x0000, 0x0000, 0x0000, 0x0020,
    0x0000, 0x0000, 0x0000, 0x0000, 0x0000, 0x0000, 0x0020, 0x0020, 0x0000, 0x0000, 0x0000, 0x0000, 0x0020, 0x0020, 0x0000, 0x0000,
    0x0000, 0x0000, 0x0000, 0x0000, 0x0000, 0x0000, 0x0000, 0x0000, 0x0020, 0x0020, 0x0000, 0x0000, 0x0000, 0x0000, 0x0020, 0x0020,
    0x0020, 0x0000, 0x0000, 0x0000, 0x0000, 0x0000, 0x0000, 0x0000, 0x0000, 0x0000, 0x0000, 0x0000, 0x0000, 0x0000, 0x0000, 0x0000,
    0x0000, 0x0000, 0x0000, 0x0000, 0x0000, 0x0000, 0x0000, 0x0000, 0x0000, 0x0000, 0x0000, 0x0000, 0x0000, 0x0000, 0x0000, 0x0000,
    0x0000, 0x0000, 0x0000, 0x0000, 0x0000, 0x0000, 0x0000, 0x0000, 0x0000, 0x0000, 0x0000, 0x0000, 0x0000, 0x0000, 0x0000, 0x0000,
    0x0000, 0x0000, 0x0000, 0x0000, 0x0000, 0x0000, 0x0000, 0x0000, 0x0000, 0x0000, 0x0000, 0x0000, 0x0000, 0x0000, 0x0000, 0x0000,
    0x0000, 0x0000, 0x0000, 0x0000, 0x0000, 0x0000, 0x0000, 0x0000, 0x0000, 0x0000, 0x0000, 0x0000, 0x0000, 0x0000, 0x0000, 0x0000,
    0x0000, 0x0000, 0x0000, 0x0000, 0x0000, 0x0000, 0x0000, 0x0000, 0x0000, 0x0000, 0x0000, 0x0000, 0x0000, 0x0000, 0x0000, 0x0000,
    0x0000, 0x0000, 0x0000, 0x0000, 0x0000, 0x0000, 0x0000, 0x0000, 0x0000, 0x0000, 0x0000, 0x0000, 0x0020, 0x2945, 0x52aa, 0x632c,
    0x5aeb, 0x2a28, 0x00a2, 0x0020, 0x3000, 0xa020, 0xd020, 0xd9a6, 0xc430, 0xd6ba, 0xf7df, 0xcfbe, 0xbe18, 0x9410, 0x72cb, 0x4a69,
    0x4208, 0x39e7, 0x52aa, 0x8430, 0xbdd7, 0xd6ba, 0xd6ba, 0xb596, 0x8451, 0x6b6d, 0x73ae, 0x9cb2, 0x94b2, 0x5acb, 0x18c3, 0x0000,
    0x0000, 0x0000, 0x19a6, 0x6c10, 0xbcb3, 0xdb6d, 0xd9a6, 0xe020, 0xc020, 0x7020, 0x2020, 0x0861, 0x19a6, 0x5bef, 0x8d96, 0x9dd7,
    0x7d14, 0x6451, 0x6c10, 0x5bef, 0x6451, 0x7492, 0x7492, 0x7492, 0x6451, 0x6451, 0x6451, 0x5bef, 0x73ae, 0x6b8d, 0x6b6d, 0x6b6d,
    0x6b6d, 0x6b8d, 0x7bcf, 0x7c10, 0x8430, 0x73ae, 0x630c, 0x4208, 0x2945, 0x18e3, 0x18c3, 0x18e3, 0x1904, 0x2124, 0x2124, 0x18e3,
    0x10a2, 0x0882, 0x0861, 0x0020, 0x0020, 0x0020, 0x0020, 0x0020, 0x0020, 0x0020, 0x0861, 0x0861, 0x0861, 0x0861, 0x0861, 0x0861,
    0x0861, 0x0861, 0x0861, 0x0861, 0x0861, 0x0861, 0x0861, 0x0861, 0x0861, 0x0861, 0x0861, 0x0861, 0x0861, 0x0861, 0x0861, 0x0861,
    0x0882, 0x0882, 0x0861, 0x0020, 0x0000, 0x0000, 0x0000, 0x0000, 0x0000, 0x0000, 0x0000, 0x0000, 0x0020, 0x0020, 0x0020, 0x0000,
    0x0000, 0x0000, 0x0000, 0x0020, 0x0020, 0x0000, 0x0000, 0x0020, 0x0020, 0x0020, 0x0000, 0x0000, 0x0020, 0x0000, 0x0000, 0x0000,
    0x0000, 0x0000, 0x0000, 0x0000, 0x0000, 0x0000, 0x0000, 0x0020, 0x0020, 0x0000, 0x0000, 0x0000, 0x0000, 0x0020, 0x0020, 0x0000,
    0x0000, 0x0000, 0x0000, 0x0000, 0x0000, 0x0000, 0x0020, 0x0000, 0x0000, 0x0000, 0x0000, 0x0000, 0x0000, 0x0000, 0x0000, 0x0000,
    0x0000, 0x0000, 0x0020, 0x0000, 0x0000, 0x0000, 0x0000, 0x0020, 0x0020, 0x0000, 0x0000, 0x0000, 0x0000, 0x0000, 0x0000, 0x0000,
    0x0000, 0x0000, 0x0000, 0x0000, 0x0000, 0x0000, 0x0000, 0x0000, 0x0000, 0x0000, 0x0000, 0x0000, 0x0000, 0x0000, 0x0000, 0x0000,
    0x0000, 0x0000, 0x0000, 0x0000, 0x0000, 0x0000, 0x0000, 0x0000, 0x0000, 0x0000, 0x0000, 0x0000, 0x0000, 0x0000, 0x0000, 0x0000,
    0x0000, 0x0000, 0x0000, 0x0000, 0x0000, 0x0000, 0x0000, 0x0000, 0x0000, 0x0000, 0x0000, 0x0000, 0x0000, 0x0000, 0x0000, 0x0000,
    0x0000, 0x0000, 0x0000, 0x0000, 0x0000, 0x0000, 0x0000, 0x0000, 0x0000, 0x0000, 0x0000, 0x0000, 0x0000, 0x0000, 0x0000, 0x0000,
    0x0000, 0x0000, 0x0000, 0x0000, 0x0000, 0x0000, 0x0000, 0x0000, 0x0000, 0x0000, 0x0000, 0x0000, 0x0000, 0x0000, 0x0000, 0x0000,
    0x0000, 0x0000, 0x0000, 0x0000, 0x0000, 0x0000, 0x0000, 0x0000, 0x0000, 0x0000, 0x0000, 0x0000, 0x0000, 0x0000, 0x0000, 0x0000,
    0x0000, 0x0000, 0x0000, 0x0000, 0x0000, 0x0861, 0x2945, 0x4a8a, 0x630c, 0x5aeb, 0x2a28, 0x00a2, 0x0000, 0x3000, 0x8800, 0xd020,
    0xe0e3, 0xdb6d, 0xedf7, 0xf7df, 0xcfbe, 0xc679, 0x8430, 0x4a8a, 0x49a6, 0x31c7, 0x4249, 0x630c, 0x8c71, 0xbdd7, 0xef3c, 0xf7df,
    0xd6ba, 0x9cf3, 0x630c, 0x5aeb, 0x8c71, 0x9cf3, 0x6b8d, 0x2945, 0x0000, 0x0000, 0x0882, 0x328a, 0x7d14, 0xb596, 0xdb6d, 0xe0e3,
    0xd020, 0xa020, 0x5020, 0x2020, 0x1945, 0x432c, 0x8d96, 0xbe18, 0xa575, 0x6c10, 0x42cb, 0x4a69, 0x328a, 0x328a, 0x328a, 0x328a,
    0x328a, 0x4a8a, 0x328a, 0x4a8a, 0x4a8a, 0x4a69, 0x4249, 0x4208, 0x4208, 0x4208, 0x4208, 0x4a69, 0x52aa, 0x52aa, 0x4249, 0x2945,
    0x0882, 0x0020, 0x0000, 0x0000, 0x0000, 0x0000, 0x0000, 0x0000, 0x0000, 0x0000, 0x0000, 0x0000, 0x0000, 0x0000, 0x0000, 0x0000,
    0x0000, 0x0000, 0x0000, 0x0000, 0x0000, 0x0000, 0x0000, 0x0000, 0x0000, 0x0000, 0x0000, 0x0000, 0x0000, 0x0000, 0x0000, 0x0000,
    0x0000, 0x0000, 0x0000, 0x0000, 0x0000, 0x0000, 0x0000, 0x0000, 0x0000, 0x0000, 0x0000, 0x0000, 0x0000, 0x0000, 0x0000, 0x0000,
    0x0000, 0x0000, 0x0020, 0x0020, 0x0000, 0x0000, 0x0000, 0x0020, 0x0000, 0x0000, 0x0000, 0x0000, 0x0000, 0x0020, 0x0000, 0x0000,
    0x0000, 0x0020, 0x0020, 0x0000, 0x0000, 0x0020, 0x0000, 0x0000, 0x0000, 0x0000, 0x0000, 0x0000, 0x0000, 0x0000, 0x0000, 0x0000,
    0x0020, 0x0000, 0x0020, 0x0020, 0x0020, 0x0000, 0x0000, 0x0000, 0x0000, 0x0000, 0x0000, 0x0000, 0x0000, 0x0000, 0x0020, 0x0020,
    0x0020, 0x0000, 0x0000, 0x0000, 0x0000, 0x0000, 0x0000, 0x0000, 0x0000, 0x0000, 0x0000, 0x0020, 0x0020, 0x0000, 0x0000, 0x0000,
    0x0000, 0x0000, 0x0000, 0x0000, 0x0000, 0x0000, 0x0000, 0x0000, 0x0000, 0x0000, 0x0000, 0x0000, 0x0000, 0x0000, 0x0000, 0x0000,
    0x0000, 0x0000, 0x0000, 0x0000, 0x0000, 0x0000, 0x0000, 0x0000, 0x0000, 0x0000, 0x0000, 0x0000, 0x0000, 0x0000, 0x0000, 0x0000,
    0x0000, 0x0000, 0x0000, 0x0000, 0x0000, 0x0000, 0x0000, 0x0000, 0x0000, 0x0000, 0x0000, 0x0000, 0x0000, 0x0000, 0x0000, 0x0000,
    0x0000, 0x0000, 0x0000, 0x0000, 0x0000, 0x0000, 0x0000, 0x0000, 0x0000, 0x0000, 0x0000, 0x0000, 0x0000, 0x0000, 0x0000, 0x0000,
    0x0000, 0x0000, 0x0000, 0x0000, 0x0000, 0x0000, 0x0000, 0x0000, 0x0000, 0x0000, 0x0000, 0x0000, 0x0000, 0x0000, 0x0000, 0x0000,
    0x0000, 0x0000, 0x0000, 0x0000, 0x0000, 0x0000, 0x0000, 0x0000, 0x0000, 0x0000, 0x0000, 0x0000, 0x0000, 0x0000, 0x0000, 0x0000,
    0x0000, 0x0000, 0x0000, 0x0000, 0x0000, 0x0000, 0x0000, 0x0000, 0x0000, 0x0000, 0x0000, 0x0000, 0x0000, 0x0000, 0x0882, 0x3186,
    0x5acb, 0x630c, 0x52aa, 0x19a6, 0x00a2, 0x0000, 0x2020, 0x7020, 0xc020, 0xf040, 0xf9c6, 0xec91, 0xcf3c, 0xcfbe, 0xa659, 0x7bef,
    0x52aa, 0x4249, 0x5aeb, 0x73ae, 0x8451, 0x8451, 0x8c71, 0xa534, 0xc679, 0xd6ba, 0xa534, 0x6b8d, 0x630c, 0x7c10, 0x94b2, 0x7bef,
    0x4249, 0x2124, 0x2124, 0x39e7, 0x5bef, 0x9dd7, 0xbdd7, 0xfb2c, 0xf081, 0xc020, 0x8800, 0x5020, 0x3186, 0x432c, 0x8492, 0xb596,
    0xa534, 0x738e, 0x4208, 0x2124, 0x18e3, 0x18e3, 0x1904, 0x1904, 0x18e3, 0x18e3, 0x18e3, 0x18e3, 0x1904, 0x2124, 0x2124, 0x18e3,
    0x18e3, 0x18c3, 0x18c3, 0x18c3, 0x18e3, 0x2124, 0x2124, 0x18c3, 0x0020, 0x0000, 0x0000, 0x0000, 0x0000, 0x0000, 0x0000, 0x0000,
    0x0000, 0x0000, 0x0000, 0x0000, 0x0000, 0x0000, 0x0000, 0x0000, 0x0000, 0x0000, 0x0000, 0x0000, 0x0000, 0x0000, 0x0000, 0x0000,
    0x0000, 0x0000, 0x0000, 0x0000, 0x0000, 0x0000, 0x0000, 0x0000, 0x0000, 0x0000, 0x0000, 0x0000, 0x0000, 0x0000, 0x0000, 0x0000,
    0x0000, 0x0000, 0x0000, 0x0000, 0x0000, 0x0000, 0x0000, 0x0000, 0x0000, 0x0000, 0x0020, 0x0000, 0x0000, 0x0000, 0x0000, 0x0000,
    0x0020, 0x0020, 0x0000, 0x0000, 0x0000, 0x0000, 0x0020, 0x0000, 0x0000, 0x0000, 0x0000, 0x0000, 0x0000, 0x0000, 0x0020, 0x0020,
    0x0000, 0x0000, 0x0000, 0x0000, 0x0000, 0x0000, 0x0000, 0x0000, 0x0020, 0x0000, 0x0000, 0x0000, 0x0020, 0x0000, 0x0000, 0x0000,
    0x0000, 0x0000, 0x0000, 0x0000, 0x0000, 0x0020, 0x0020, 0x0000, 0x0020, 0x0020, 0x0000, 0x0000, 0x0000, 0x0000, 0x0000, 0x0000,
    0x0000, 0x0000, 0x0000, 0x0000, 0x0020, 0x0020, 0x0000, 0x0000, 0x0000, 0x0000, 0x0000, 0x0000, 0x0000, 0x0000, 0x0000, 0x0000,
    0x0000, 0x0000, 0x0000, 0x0000, 0x0000, 0x0000, 0x0000, 0x0000, 0x0000, 0x0000, 0x0000, 0x0000, 0x0000, 0x0000, 0x0000, 0x0000,
    0x0000, 0x0000, 0x0000, 0x0000, 0x0000, 0x0000, 0x0000, 0x0000, 0x0000, 0x0000, 0x0000, 0x0000, 0x0000, 0x0000, 0x0000, 0x0000,
    0x0000, 0x0000, 0x0000, 0x0000, 0x0000, 0x0000, 0x0000, 0x0000, 0x0000, 0x0000, 0x0000, 0x0000, 0x0000, 0x0000, 0x0000, 0x0000,
    0x0000, 0x0000, 0x0000, 0x0000, 0x0000, 0x0000, 0x0000, 0x0000, 0x0000, 0x0000, 0x0000, 0x0000, 0x0000, 0x0000, 0x0000, 0x0000,
    0x0000, 0x0000, 0x0000, 0x0000, 0x0000, 0x0000, 0x0000, 0x0000, 0x0000, 0x0000, 0x0000, 0x0000, 0x0000, 0x0000, 0x0000, 0x0000,
    0x0000, 0x0000, 0x0000, 0x0000, 0x0000, 0x0000, 0x0000, 0x0000, 0x0000, 0x0000, 0x0000, 0x0000, 0x0000, 0x0000, 0x0000, 0x0000,
    0x0000, 0x0000, 0x0000, 0x0000, 0x0000, 0x0000, 0x0000, 0x0882, 0x31c7, 0x632c, 0x6b8d, 0x5aeb, 0x19a6, 0x00a2, 0x0000, 0x0000,
    0x5020, 0xa020, 0xf000, 0xf924, 0xfb2c, 0xb596, 0xa659, 0x8d96, 0x7c51, 0x73ae, 0x7bcf, 0x9492, 0x9cf3, 0x94b2, 0x6b6d, 0x4249,
    0x4a69, 0x7bcf, 0x9cf3, 0x9cf3, 0x8430, 0x6b8d, 0x73ae, 0x7c10, 0x7bef, 0x73ae, 0x6b6d, 0x6b6d, 0x6c10, 0x7d14, 0x9dd7, 0xcd14,
    0xfa69, 0xf820, 0xc020, 0x7020, 0x49a6, 0x630c, 0x7d14, 0x9dd7, 0x9cd3, 0x632c, 0x3186, 0x0882, 0x0020, 0x0000, 0x0000, 0x0020,
    0x0000, 0x0000, 0x0000, 0x0000, 0x0000, 0x0020, 0x0020, 0x0020, 0x0020, 0x0000, 0x0000, 0x0000, 0x0000, 0x0000, 0x0020, 0x0020,
    0x0000, 0x0000, 0x0000, 0x0000, 0x0000, 0x0000, 0x0000, 0x0000, 0x0000, 0x0000, 0x0000, 0x0000, 0x0000, 0x0000, 0x0000, 0x0000,
    0x0000, 0x0000, 0x0000, 0x0000, 0x0000, 0x0000, 0x0000, 0x0000, 0x0000, 0x0000, 0x0000, 0x0000, 0x0000, 0x0000, 0x0000, 0x0000,
    0x0000, 0x0000, 0x0000, 0x0000, 0x0000, 0x0000, 0x0000, 0x0000, 0x0000, 0x0000, 0x0000, 0x0000, 0x0000, 0x0000, 0x0000, 0x0000,
    0x0000, 0x0000, 0x0000, 0x0000, 0x0000, 0x0020, 0x0020, 0x0000, 0x0000, 0x0000, 0x0020, 0x0000, 0x0000, 0x0000, 0x0000, 0x0020,
    0x0020, 0x0000, 0x0000, 0x0000, 0x0000, 0x0020, 0x0020, 0x0020, 0x0000, 0x0000, 0x0000, 0x0000, 0x0000, 0x0000, 0x0000, 0x0000,
    0x0000, 0x0000, 0x0000, 0x0000, 0x0000, 0x0020, 0x0020, 0x0000, 0x0000, 0x0000, 0x0000, 0x0020, 0x0020, 0x0000, 0x0000, 0x0000,
    0x0000, 0x0000, 0x0020, 0x0000, 0x0000, 0x0000, 0x0000, 0x0000, 0x0000, 0x0000, 0x0000, 0x0000, 0x0000, 0x0000, 0x0000, 0x0000,
    0x0000, 0x0000, 0x0000, 0x0000, 0x0000, 0x0000, 0x0000, 0x0000, 0x0000, 0x0000, 0x0000, 0x0000, 0x0000, 0x0000, 0x0000, 0x0000,
    0x0000, 0x0000, 0x0000, 0x0000, 0x0000, 0x0000, 0x0000, 0x0000, 0x0000, 0x0000, 0x0000, 0x0000, 0x0000, 0x0000, 0x0000, 0x0000,
    0x0000, 0x0000, 0x0000, 0x0000, 0x0000, 0x0000, 0x0000, 0x0000, 0x0000, 0x0000, 0x0000, 0x0000, 0x0000, 0x0000, 0x0000, 0x0000,
    0x0000, 0x0000, 0x0000, 0x0000, 0x0000, 0x0000, 0x0000, 0x0000, 0x0000, 0x0000, 0x0000, 0x0000, 0x0000, 0x0000, 0x0000, 0x0000,
    0x0000, 0x0000, 0x0000, 0x0000, 0x0000, 0x0000, 0x0000, 0x0000, 0x0000, 0x0000, 0x0000, 0x0000, 0x0000, 0x0000, 0x0000, 0x0000,
    0x0000, 0x0000, 0x0000, 0x0000, 0x0000, 0x0000, 0x0000, 0x0000, 0x0000, 0x0000, 0x0000, 0x0000, 0x0000, 0x0000, 0x0000, 0x0000,
    0x0000, 0x0000, 0x0000, 0x0000, 0x0000, 0x0000, 0x0000, 0x0000, 0x0000, 0x0000, 0x0000, 0x0000, 0x0000, 0x0000, 0x0000, 0x0000,
    0x0861, 0x31c7, 0x632c, 0x7bef, 0x7bcf, 0x4a8a, 0x18c3, 0x0000, 0x0000, 0x3000, 0x8800, 0xd020, 0xf040, 0xd9a6, 0xb3cf, 0x7d14,
    0x8d96, 0x8d96, 0x8d96, 0xa575, 0xa575, 0x9cb2, 0x738e, 0x31c7, 0x0882, 0x0882, 0x2945, 0x5aeb, 0x8451, 0x94b2, 0x8451, 0x738e,
    0x6b6d, 0x7bef, 0x9cd3, 0xb596, 0x9dd7, 0x9dd7, 0x8d96, 0x9cf3, 0xdb6d, 0xf924, 0xf000, 0xb020, 0x5020, 0x4208, 0x7492, 0xa659,
    0xa575, 0x738e, 0x2965, 0x0020, 0x0000, 0x0000, 0x0000, 0x0000, 0x0000, 0x0000, 0x0000, 0x0000, 0x0000, 0x0000, 0x0000, 0x0000,
    0x0000, 0x0000, 0x0000, 0x0000, 0x0000, 0x0000, 0x0000, 0x0000, 0x0000, 0x0000, 0x0000, 0x0000, 0x0000, 0x0000, 0x0000, 0x0000,
    0x0000, 0x0000, 0x0000, 0x0000, 0x0000, 0x0000, 0x0000, 0x0000, 0x0000, 0x0000, 0x0000, 0x0000, 0x0000, 0x0000, 0x0000, 0x0000,
    0x0000, 0x0000, 0x0000, 0x0000, 0x0000, 0x0000, 0x0000, 0x0000, 0x0000, 0x0000, 0x0000, 0x0000, 0x0000, 0x0000, 0x0000, 0x0000,
    0x0000, 0x0000, 0x0000, 0x0000, 0x0000, 0x0000, 0x0000, 0x0000, 0x0000, 0x0000, 0x0000, 0x0000, 0x0000, 0x0000, 0x0020, 0x0020,
    0x0000, 0x0000, 0x0000, 0x0020, 0x0000, 0x0000, 0x0000, 0x0000, 0x0000, 0x0020, 0x0000, 0x0000, 0x0000, 0x0000, 0x0000, 0x0000,
    0x0020, 0x0000, 0x0000, 0x0020, 0x0000, 0x0000, 0x0000, 0x0000, 0x0000, 0x0000, 0x0000, 0x0000, 0x0000, 0x0000, 0x0000, 0x0020,
    0x0000, 0x0020, 0x0020, 0x0000, 0x0000, 0x0000, 0x0000, 0x0000, 0x0000, 0x0000, 0x0000, 0x0020, 0x0020, 0x0000, 0x0000, 0x0000,
    0x0000, 0x0000, 0x0000, 0x0000, 0x0000, 0x0000, 0x0000, 0x0000, 0x0000, 0x0000, 0x0000, 0x0000, 0x0000, 0x0000, 0x0000, 0x0000,
    0x0000, 0x0000, 0x0000, 0x0000, 0x0000, 0x0000, 0x0000, 0x0000, 0x0000, 0x0000, 0x0000, 0x0000, 0x0000, 0x0000, 0x0000, 0x0000,
    0x0000, 0x0000, 0x0000, 0x0000, 0x0000, 0x0000, 0x0000, 0x0000, 0x0000, 0x0000, 0x0000, 0x0000, 0x0000, 0x0000, 0x0000, 0x0000,
    0x0000, 0x0000, 0x0000, 0x0000, 0x0000, 0x0000, 0x0000, 0x0000, 0x0000, 0x0000, 0x0000, 0x0000, 0x0000, 0x0000, 0x0000, 0x0000,
    0x0000, 0x0000, 0x0000, 0x0000, 0x0000, 0x0000, 0x0000, 0x0000, 0x0000, 0x0000, 0x0000, 0x0000, 0x0000, 0x0000, 0x0000, 0x0000,
    0x0000, 0x0000, 0x0000, 0x0000, 0x0000, 0x0000, 0x0000, 0x0000, 0x0000, 0x0000, 0x0000, 0x0000, 0x0000, 0x0000, 0x0000, 0x0000,
    0x0000, 0x0000, 0x0000, 0x0000, 0x0000, 0x0000, 0x0000, 0x0000, 0x0000, 0x0000, 0x0000, 0x0000, 0x0000, 0x0000, 0x0000, 0x0000,
    0x0000, 0x0000, 0x0000, 0x0000, 0x0000, 0x0000, 0x0000, 0x0000, 0x0000, 0x0020, 0x2124, 0x5acb, 0x8451, 0x9cf3, 0x7bef, 0x3186,
    0x0000, 0x0000, 0x0000, 0x5020, 0xb020, 0xf000, 0xf081, 0xb985, 0x938e, 0x7d14, 0xa659, 0xb6db, 0xb6db, 0xa534, 0x632c, 0x3186,
    0x0882, 0x0000, 0x0000, 0x0000, 0x2945, 0x6b6d, 0xa534, 0x9cf3, 0x738e, 0x5acb, 0x738e, 0xa575, 0xcf3c, 0xcfbe, 0xb6db, 0xa534,
    0xb32c, 0xd9a6, 0xf881, 0xe020, 0xa020, 0x48e3, 0x42cb, 0x7d14, 0x9dd7, 0x8492, 0x4249, 0x0861, 0x0000, 0x0000, 0x0000, 0x0000,
    0x0000, 0x0000, 0x0000, 0x0000, 0x0000, 0x0000, 0x0000, 0x0000, 0x0000, 0x0000, 0x0000, 0x0000, 0x0000, 0x0000, 0x0000, 0x0000,
    0x0000, 0x0000, 0x0000, 0x0000, 0x0000, 0x0000, 0x0000, 0x0000, 0x0000, 0x0000, 0x0000, 0x0000, 0x0000, 0x0000, 0x0000, 0x0000,
    0x0000, 0x0000, 0x0000, 0x0000, 0x0000, 0x0000, 0x0000, 0x0000, 0x0000, 0x0000, 0x0000, 0x0000, 0x0000, 0x0000, 0x0000, 0x0000,
    0x0000, 0x0000, 0x0000, 0x0000, 0x0000, 0x0000, 0x0000, 0x0020, 0x0020, 0x0000, 0x0000, 0x0000, 0x0000, 0x0000, 0x0000, 0x0000,
    0x0000, 0x0000, 0x0000, 0x0000, 0x0000, 0x0000, 0x0000, 0x0020, 0x0020, 0x0000, 0x0000, 0x0000, 0x0020, 0x0020, 0x0000, 0x0020,
    0x0020, 0x0000, 0x0020, 0x0020, 0x0000, 0x0000, 0x0000, 0x0000, 0x0000, 0x0000, 0x0000, 0x0020, 0x0020, 0x0020, 0x0000, 0x0000,
    0x0000, 0x0000, 0x0000, 0x0000, 0x0000, 0x0000, 0x0000, 0x0000, 0x0020, 0x0020, 0x0000, 0x0000, 0x0000, 0x0000, 0x0000, 0x0000,
    0x0000, 0x0000, 0x0000, 0x0020, 0x0020, 0x0020, 0x0000, 0x0000, 0x0000, 0x0000, 0x0000, 0x0000, 0x0000, 0x0000, 0x0000, 0x0000,
    0x0000, 0x0000, 0x0000, 0x0000, 0x0000, 0x0000, 0x0000, 0x0000, 0x0000, 0x0000, 0x0000, 0x0000, 0x0000, 0x0000, 0x0000, 0x0000,
    0x0000, 0x0000, 0x0000, 0x0000, 0x0000, 0x0000, 0x0000, 0x0000, 0x0000, 0x0000, 0x0000, 0x0000, 0x0000, 0x0000, 0x0000, 0x0000,
    0x0000, 0x0000, 0x0000, 0x0000, 0x0000, 0x0000, 0x0000, 0x0000, 0x0000, 0x0000, 0x0000, 0x0000, 0x0000, 0x0000, 0x0000, 0x0000,
    0x0000, 0x0000, 0x0000, 0x0000, 0x0000, 0x0000, 0x0000, 0x0000, 0x0000, 0x0000, 0x0000, 0x0000, 0x0000, 0x0000, 0x0000, 0x0000,
    0x0000, 0x0000, 0x0000, 0x0000, 0x0000, 0x0000, 0x0000, 0x0000, 0x0000, 0x0000, 0x0000, 0x0000, 0x0000, 0x0000, 0x0000, 0x0000,
    0x0000, 0x0000, 0x0000, 0x0000, 0x0000, 0x0000, 0x0000, 0x0000, 0x0000, 0x0000, 0x0000, 0x0000, 0x0000, 0x0000, 0x0000, 0x0000,
    0x0000, 0x0000, 0x0000, 0x0000, 0x0000, 0x0000, 0x0000, 0x0000, 0x0000, 0x0000, 0x0000, 0x0000, 0x0000, 0x0000, 0x0000, 0x0000,
    0x0000, 0x0000, 0x0000, 0x0882, 0x39e7, 0x8430, 0xb596, 0xa534, 0x5aeb, 0x18e3, 0x0000, 0x0000, 0x3000, 0x8800, 0xd020, 0xf000,
    0xd020, 0x9a07, 0x9cb2, 0xb6db, 0xcfbe, 0xcf3c, 0x7d14, 0x4249, 0x0882, 0x0000, 0x0000, 0x0000, 0x0000, 0x10a2, 0x632c, 0xb596,
    0xbdd7, 0x7c10, 0x4a8a, 0x630c, 0x9514, 0xcf3c, 0xcfbe, 0xb6db, 0xc430, 0xd9a6, 0xe020, 0xe020, 0xc020, 0x7020, 0x3186, 0x432c,
    0x7d14, 0xa534, 0x6b6d, 0x2124, 0x0000, 0x0000, 0x0000, 0x0000, 0x0000, 0x0000, 0x0000, 0x0000, 0x0000, 0x0000, 0x0000, 0x0000,
    0x0000, 0x0000, 0x0000, 0x0000, 0x0000, 0x0000, 0x0000, 0x0000, 0x0000, 0x0000, 0x0000, 0x0000, 0x0000, 0x0000, 0x0000, 0x0000,
    0x0000, 0x0000, 0x0000, 0x0000, 0x0000, 0x0000, 0x0000, 0x0000, 0x0000, 0x0000, 0x0000, 0x0000, 0x0000, 0x0000, 0x0000, 0x0000,
    0x0000, 0x0000, 0x0000, 0x0000, 0x0000, 0x0000, 0x0000, 0x0000, 0x0000, 0x0000, 0x0000, 0x0000, 0x0000, 0x0000, 0x0000, 0x0000,
    0x0020, 0x0000, 0x0020, 0x0000, 0x0000, 0x0000, 0x0000, 0x0000, 0x0000, 0x0000, 0x0000, 0x0000, 0x0000, 0x0000, 0x0000, 0x0000,
    0x0000, 0x0020, 0x0000, 0x0000, 0x0000, 0x0000, 0x0020, 0x0020, 0x0000, 0x0000, 0x0000, 0x0020, 0x0020, 0x0000, 0x0000, 0x0000,
    0x0000, 0x0020, 0x0020, 0x0000, 0x0000, 0x0020, 0x0020, 0x0000, 0x0000, 0x0000, 0x0000, 0x0000, 0x0000, 0x0000, 0x0000, 0x0000,
    0x0000, 0x0020, 0x0020, 0x0000, 0x0000, 0x0000, 0x0000, 0x0000, 0x0000, 0x0020, 0x0020, 0x0000, 0x0000, 0x0000, 0x0020, 0x0000,
    0x0000, 0x0000, 0x0000, 0x0000, 0x0000, 0x0000, 0x0000, 0x0000, 0x0000, 0x0000, 0x0000, 0x0000, 0x0000, 0x0000, 0x0000, 0x0000,
    0x0000, 0x0000, 0x0000, 0x0000, 0x0000, 0x0000, 0x0000, 0x0000, 0x0000, 0x0000, 0x0000, 0x0000, 0x0000, 0x0000, 0x0000, 0x0000,
    0x0000, 0x0000, 0x0000, 0x0000, 0x0000, 0x0000, 0x0000, 0x0000, 0x0000, 0x0000, 0x0000, 0x0000, 0x0000, 0x0000, 0x0000, 0x0000,
    0x0000, 0x0000, 0x0000, 0x0000, 0x0000, 0x0000, 0x0000, 0x0000, 0x0000, 0x0000, 0x0000, 0x0000, 0x0000, 0x0000, 0x0000, 0x0000,
    0x0000, 0x0000, 0x0000, 0x0000, 0x0000, 0x0000, 0x0000, 0x0000, 0x0000, 0x0000, 0x0000, 0x0000, 0x0000, 0x0000, 0x0000, 0x0000,
    0x0000, 0x0000, 0x0000, 0x0000, 0x0000, 0x0000, 0x0000, 0x0000, 0x0000, 0x0000, 0x0000, 0x0000, 0x0000, 0x0000, 0x0000, 0x0000,
    0x0000, 0x0000, 0x0000, 0x0000, 0x0000, 0x0000, 0x0000, 0x0000, 0x0000, 0x0000, 0x0000, 0x0000, 0x0000, 0x0000, 0x0000, 0x0000,
    0x0000, 0x0000, 0x0000, 0x0000, 0x0000, 0x0000, 0x0000, 0x0000, 0x0000, 0x0000, 0x0000, 0x0000, 0x0000, 0x2124, 0x630c, 0x9cf3,
    0xb596, 0x8c71, 0x52aa, 0x1945, 0x0861, 0x0000, 0x5020, 0xa020, 0xd020, 0xe020, 0xd0c2, 0xdb6d, 0xbdd7, 0xcf3c, 0xb6db, 0x7d14,
    0x328a, 0x00a2, 0x0020, 0x0020, 0x0020, 0x0020, 0x1945, 0x6c10, 0xc679, 0xc679, 0x7492, 0x328a, 0x328a, 0x6451, 0x9dd7, 0xbe18,
    0xcd14, 0xdaaa, 0xf081, 0xf000, 0xc020, 0x8800, 0x48e3, 0x39e7, 0x538e, 0x7d14, 0x9cb2, 0x5acb, 0x10a2, 0x0000, 0x0000, 0x0000,
    0x0000, 0x0000, 0x0000, 0x0000, 0x0000, 0x0000, 0x0000, 0x0000, 0x0000, 0x0000, 0x0000, 0x0000, 0x0000, 0x0000, 0x0000, 0x0000,
    0x0000, 0x0000, 0x0000, 0x0000, 0x0000, 0x0000, 0x0000, 0x0000, 0x0000, 0x0000, 0x0000, 0x0000, 0x0000, 0x0000, 0x0000, 0x0000,
    0x0000, 0x0000, 0x0000, 0x0000, 0x0000, 0x0000, 0x0000, 0x0000, 0x0000, 0x0000, 0x0000, 0x0000, 0x0000, 0x0000, 0x0000, 0x0000,
    0x0000, 0x0000, 0x0000, 0x0000, 0x0000, 0x0000, 0x0000, 0x0000, 0x0000, 0x0020, 0x0000, 0x0000, 0x0020, 0x0000, 0x0000, 0x0000,
    0x0000, 0x0000, 0x0000, 0x0000, 0x0000, 0x0000, 0x0000, 0x0000, 0x0000, 0x0000, 0x0020, 0x0000, 0x0000, 0x0020, 0x0020, 0x0020,
    0x0020, 0x0000, 0x0000, 0x0000, 0x0000, 0x0020, 0x0000, 0x0020, 0x0020, 0x0000, 0x0000, 0x0000, 0x0000, 0x0000, 0x0000, 0x0020,
    0x0000, 0x0000, 0x0000, 0x0000, 0x0000, 0x0000, 0x0000, 0x0000, 0x0000, 0x0000, 0x0000, 0x0020, 0x0000, 0x0000, 0x0000, 0x0020,
    0x0020, 0x0000, 0x0000, 0x0000, 0x0000, 0x0000, 0x0000, 0x0000, 0x0000, 0x0000, 0x0000, 0x0000, 0x0000, 0x0000, 0x0000, 0x0000,
    0x0000, 0x0000, 0x0000, 0x0000, 0x0000, 0x0000, 0x0000, 0x0000, 0x0000, 0x0000, 0x0000, 0x0000, 0x0000, 0x0000, 0x0000, 0x0000,
    0x0000, 0x0000, 0x0000, 0x0000, 0x0000, 0x0000, 0x0000, 0x0000, 0x0000, 0x0000, 0x0000, 0x0000, 0x0000, 0x0000, 0x0000, 0x0000,
    0x0000, 0x0000, 0x0000, 0x0000, 0x0000, 0x0000, 0x0000, 0x0000, 0x0000, 0x0000, 0x0000, 0x0000, 0x0000, 0x0000, 0x0000, 0x0000,
    0x0000, 0x0000, 0x0000, 0x0000, 0x0000, 0x0000, 0x0000, 0x0000, 0x0000, 0x0000, 0x0000, 0x0000, 0x0000, 0x0000, 0x0000, 0x0000,
    0x0000, 0x0000, 0x0000, 0x0000, 0x0000, 0x0000, 0x0000, 0x0000, 0x0000, 0x0000, 0x0000, 0x0000, 0x0000, 0x0000, 0x0000, 0x0000,
    0x0000, 0x0000, 0x0000, 0x0000, 0x0000, 0x0000, 0x0000, 0x0000, 0x0000, 0x0000, 0x0000, 0x0000, 0x0000, 0x0000, 0x0000, 0x0000,
    0x0000, 0x0000, 0x0000, 0x0000, 0x0000, 0x0000, 0x0000, 0x0000, 0x0000, 0x0000, 0x0000, 0x0000, 0x0000, 0x0000, 0x0000, 0x0000,
    0x0000, 0x0000, 0x0000, 0x0000, 0x0000, 0x0000, 0x0861, 0x2965, 0x632c, 0x9cf3, 0xb596, 0xa575, 0x538e, 0x19a6, 0x0020, 0x2020,
    0x5020, 0xa020, 0xd020, 0xf040, 0xf9c6, 0xdb6d, 0xcd14, 0xbe18, 0x8d96, 0x5bef, 0x328a, 0x19a6, 0x1904, 0x18c3, 0x1945, 0x42cb,
    0x8d96, 0xcf3c, 0xb6db, 0x7492, 0x328a, 0x2a28, 0x42cb, 0x6b8d, 0xb32c, 0xd9a6, 0xf924, 0xf820, 0xe020, 0xa020, 0x5020, 0x18e3,
    0x2a28, 0x538e, 0x9514, 0x94b2, 0x52aa, 0x10a2, 0x0000, 0x0000, 0x0000, 0x0000, 0x0000, 0x0000, 0x0000, 0x0000, 0x0000, 0x0000,
    0x0000, 0x0000, 0x0000, 0x0000, 0x0000, 0x0000, 0x0000, 0x0000, 0x0000, 0x0000, 0x0000, 0x0000, 0x0000, 0x0000, 0x0000, 0x0000,
    0x0000, 0x0000, 0x0000, 0x0000, 0x0000, 0x0000, 0x0000, 0x0000, 0x0000, 0x0000, 0x0000, 0x0000, 0x0000, 0x0000, 0x0000, 0x0000,
    0x0000, 0x0000, 0x0000, 0x0000, 0x0000, 0x0000, 0x0000, 0x0000, 0x0000, 0x0000, 0x0000, 0x0000, 0x0000, 0x0000, 0x0000, 0x0000,
    0x0000, 0x0020, 0x0020, 0x0000, 0x0000, 0x0000, 0x0020, 0x0020, 0x0020, 0x0000, 0x0000, 0x0000, 0x0000, 0x0000, 0x0000, 0x0000,
    0x0000, 0x0000, 0x0000, 0x0020, 0x0020, 0x0000, 0x0000, 0x0020, 0x0020, 0x0020, 0x0000, 0x0000, 0x0000, 0x0000, 0x0020, 0x0020,
    0x0000, 0x0000, 0x0000, 0x0000, 0x0000, 0x0000, 0x0000, 0x0000, 0x0020, 0x0000, 0x0000, 0x0000, 0x0000, 0x0000, 0x0000, 0x0000,
    0x0000, 0x0000, 0x0000, 0x0000, 0x0020, 0x0020, 0x0020, 0x0000, 0x0000, 0x0000, 0x0000, 0x0000, 0x0000, 0x0000, 0x0000, 0x0000,
    0x0000, 0x0000, 0x0000, 0x0000, 0x0000, 0x0000, 0x0000, 0x0000, 0x0000, 0x0000, 0x0000, 0x0000, 0x0000, 0x0000, 0x0000, 0x0000,
    0x0000, 0x0000, 0x0000, 0x0000, 0x0000, 0x0000, 0x0000, 0x0000, 0x0000, 0x0000, 0x0000, 0x0000, 0x0000, 0x0000, 0x0000, 0x0000,
    0x0000, 0x0000, 0x0000, 0x0000, 0x0000, 0x0000, 0x0000, 0x0000, 0x0000, 0x0000, 0x0000, 0x0000, 0x0000, 0x0000, 0x0000, 0x0000,
    0x0000, 0x0000, 0x0000, 0x0000, 0x0000, 0x0000, 0x0000, 0x0000, 0x0000, 0x0000, 0x0000, 0x0000, 0x0000, 0x0000, 0x0000, 0x0000,
    0x0000, 0x0000, 0x0000, 0x0000, 0x0000, 0x0000, 0x0000, 0x0000, 0x0000, 0x0000, 0x0000, 0x0000, 0x0000, 0x0000, 0x0000, 0x0000,
    0x0000, 0x0000, 0x0000, 0x0000, 0x0000, 0x0000, 0x0000, 0x0000, 0x0000, 0x0000, 0x0000, 0x0000, 0x0000, 0x0000, 0x0000, 0x0000,
    0x0000, 0x0000, 0x0000, 0x0000, 0x0000, 0x0000, 0x0000, 0x0000, 0x0000, 0x0000, 0x0000, 0x0000, 0x0000, 0x0000, 0x0000, 0x0000,
    0x0000, 0x0000, 0x0000, 0x0000, 0x0000, 0x0000, 0x0000, 0x0000, 0x0000, 0x0000, 0x0000, 0x0000, 0x0000, 0x0000, 0x0000, 0x0000,
    0x0020, 0x2945, 0x6b8d, 0xb596, 0xd6ba, 0xb596, 0x632c, 0x1945, 0x0020, 0x2020, 0x5020, 0xa020, 0xd020, 0xf040, 0xe0e3, 0xdaaa,
    0xc430, 0xa534, 0x9514, 0x7c51, 0x630c, 0x4249, 0x4208, 0x42cb, 0x7492, 0xa659, 0xb6db, 0xa659, 0x6451, 0x2a28, 0x19a6, 0x19a6,
    0x49a6, 0xb0c3, 0xe020, 0xf820, 0xf881, 0xb0c3, 0x7020, 0x2020, 0x00a2, 0x19a6, 0x6b6d, 0x9cf3, 0x9cf3, 0x630c, 0x18e3, 0x0000,
    0x0000, 0x0000, 0x0000, 0x0000, 0x0000, 0x0000, 0x0000, 0x0000, 0x0000, 0x0000, 0x0000, 0x0000, 0x0000, 0x0000, 0x0000, 0x0000,
    0x0000, 0x0000, 0x0000, 0x0000, 0x0000, 0x0000, 0x0000, 0x0000, 0x0000, 0x0000, 0x0000, 0x0000, 0x0000, 0x0000, 0x0000, 0x0000,
    0x0000, 0x0000, 0x0000, 0x0000, 0x0000, 0x0000, 0x0000, 0x0000, 0x0000, 0x0000, 0x0000, 0x0000, 0x0000, 0x0000, 0x0000, 0x0000,
    0x0000, 0x0020, 0x0020, 0x0020, 0x0000, 0x0000, 0x0000, 0x0000, 0x0000, 0x0000, 0x0020, 0x0020, 0x0000, 0x0000, 0x0000, 0x0000,
    0x0000, 0x0020, 0x0020, 0x0020, 0x0020, 0x0020, 0x0020, 0x0000, 0x0000, 0x0000, 0x0000, 0x0000, 0x0000, 0x0000, 0x0000, 0x0000,
    0x0020, 0x0000, 0x0020, 0x0000, 0x0000, 0x0000, 0x0000, 0x0000, 0x0000, 0x0000, 0x0000, 0x0000, 0x0000, 0x0000, 0x0020, 0x0020,
    0x0000, 0x0020, 0x0020, 0x0000, 0x0000, 0x0000, 0x0000, 0x0000, 0x0000, 0x0000, 0x0000, 0x0000, 0x0000, 0x0020, 0x0020, 0x0000,
    0x0000, 0x0000, 0x0000, 0x0000, 0x0000, 0x0000, 0x0000, 0x0000, 0x0000, 0x0000, 0x0000, 0x0000, 0x0000, 0x0000, 0x0000, 0x0000,
    0x0000, 0x0000, 0x0000, 0x0000, 0x0000, 0x0000, 0x0000, 0x0000, 0x0000, 0x0000, 0x0000, 0x0000, 0x0000, 0x0000, 0x0000, 0x0000,
    0x0000, 0x0000, 0x0000, 0x0000, 0x0000, 0x0000, 0x0000, 0x0000, 0x0000, 0x0000, 0x0000, 0x0000, 0x0000, 0x0000, 0x0000, 0x0000,
    0x0000, 0x0000, 0x0000, 0x0000, 0x0000, 0x0000, 0x0000, 0x0000, 0x0000, 0x0000, 0x0000, 0x0000, 0x0000, 0x0000, 0x0000, 0x0000,
    0x0000, 0x0000, 0x0000, 0x0000, 0x0000, 0x0000, 0x0000, 0x0000, 0x0000, 0x0000, 0x0000, 0x0000, 0x0000, 0x0000, 0x0000, 0x0000,
    0x0000, 0x0000, 0x0000, 0x0000, 0x0000, 0x0000, 0x0000, 0x0000, 0x0000, 0x0000, 0x0000, 0x0000, 0x0000, 0x0000, 0x0000, 0x0000,
    0x0000, 0x0000, 0x0000, 0x0000, 0x0000, 0x0000, 0x0000, 0x0000, 0x0000, 0x0000, 0x0000, 0x0000, 0x0000, 0x0000, 0x0000, 0x0000,
    0x0000, 0x0000, 0x0000, 0x0000, 0x0000, 0x0000, 0x0000, 0x0000, 0x0000, 0x0000, 0x0000, 0x0000, 0x0000, 0x0000, 0x0000, 0x0000,
    0x0000, 0x0000, 0x0000, 0x0000, 0x0000, 0x0000, 0x0000, 0x0000, 0x0000, 0x0000, 0x0020, 0x31c7, 0x8430, 0xbdd7, 0xbe18, 0x9cd3,
    0x632c, 0x2a28, 0x18e3, 0x2020, 0x5020, 0x8800, 0xc020, 0xd020, 0xe0e3, 0xdaaa, 0xdb6d, 0xc430, 0xbcb3, 0x9410, 0x6b6d, 0x632c,
    0x7bcf, 0x9cb2, 0xad75, 0xad75, 0x9410, 0x72cb, 0x49a6, 0x48e3, 0x5020, 0x8800, 0xc020, 0xf000, 0xf081, 0xd0c2, 0x7104, 0x3082,
    0x0861, 0x0861, 0x1945, 0x5aeb, 0x9cf3, 0xad75, 0x73ae, 0x2965, 0x0000, 0x0000, 0x0000, 0x0000, 0x0000, 0x0000, 0x0000, 0x0000,
    0x0000, 0x0000, 0x0000, 0x0000, 0x0000, 0x0000, 0x0000, 0x0000, 0x0000, 0x0000, 0x0000, 0x0000, 0x0000, 0x0000, 0x0000, 0x0000,
    0x0000, 0x0000, 0x0000, 0x0000, 0x0000, 0x0000, 0x0000, 0x0000, 0x0000, 0x0000, 0x0000, 0x0000, 0x0000, 0x0000, 0x0000, 0x0000,
    0x0000, 0x0000, 0x0000, 0x0000, 0x0000, 0x0000, 0x0000, 0x0000, 0x0000, 0x0000, 0x0000, 0x0020, 0x0020, 0x0000, 0x0000, 0x0000,
    0x0000, 0x0000, 0x0000, 0x0020, 0x0000, 0x0000, 0x0000, 0x0000, 0x0000, 0x0000, 0x0000, 0x0020, 0x0000, 0x0020, 0x0020, 0x0000,
    0x0000, 0x0000, 0x0000, 0x0000, 0x0000, 0x0000, 0x0000, 0x0000, 0x0000, 0x0020, 0x0000, 0x0020, 0x0020, 0x0000, 0x0000, 0x0000,
    0x0000, 0x0000, 0x0000, 0x0000, 0x0000, 0x0000, 0x0020, 0x0020, 0x0000, 0x0000, 0x0020, 0x0020, 0x0000, 0x0000, 0x0000, 0x0000,
    0x0000, 0x0000, 0x0000, 0x0000, 0x0000, 0x0000, 0x0000, 0x0020, 0x0000, 0x0000, 0x0000, 0x0000, 0x0000, 0x0000, 0x0000, 0x0000,
    0x0000, 0x0000, 0x0000, 0x0000, 0x0000, 0x0000, 0x0000, 0x0000, 0x0000, 0x0000, 0x0000, 0x0000, 0x0000, 0x0000, 0x0000, 0x0000,
    0x0000, 0x0000, 0x0000, 0x0000, 0x0000, 0x0000, 0x0000, 0x0000, 0x0000, 0x0000, 0x0000, 0x0000, 0x0000, 0x0000, 0x0000, 0x0000,
    0x0000, 0x0000, 0x0000, 0x0000, 0x0000, 0x0000, 0x0000, 0x0000, 0x0000, 0x0000, 0x0000, 0x0000, 0x0000, 0x0000, 0x0000, 0x0000,
    0x0000, 0x0000, 0x0000, 0x0000, 0x0000, 0x0000, 0x0000, 0x0000, 0x0000, 0x0000, 0x0000, 0x0000, 0x0000, 0x0000, 0x0000, 0x0000,
    0x0000, 0x0000, 0x0000, 0x0000, 0x0000, 0x0000, 0x0000, 0x0000, 0x0000, 0x0000, 0x0000, 0x0000, 0x0000, 0x0000, 0x0000, 0x0000,
    0x0000, 0x0000, 0x0000, 0x0000, 0x0000, 0x0000, 0x0000, 0x0000, 0x0000, 0x0000, 0x0000, 0x0000, 0x0000, 0x0000, 0x0000, 0x0000,
    0x0000, 0x0000, 0x0000, 0x0000, 0x0000, 0x0000, 0x0000, 0x0000, 0x0000, 0x0000, 0x0000, 0x0000, 0x0000, 0x0000, 0x0000, 0x0000,
    0x0000, 0x0000, 0x0000, 0x0000, 0x0000, 0x0000, 0x0000, 0x0000, 0x0000, 0x0000, 0x0000, 0x0000, 0x0000, 0x0000, 0x0000, 0x0000,
    0x0000, 0x0000, 0x0000, 0x0000, 0x0882, 0x31c7, 0x6b6d, 0x9cd3, 0xb596, 0xa575, 0x7c51, 0x4a69, 0x18c3, 0x0000, 0x3000, 0x7020,
    0xb020, 0xd020, 0xe0e3, 0xd9a6, 0xdaaa, 0xdb6d, 0xdb6d, 0xb32c, 0xb32c, 0xb3cf, 0xb3cf, 0xb32c, 0xb32c, 0x9a07, 0x80a2, 0x80a2,
    0xa020, 0xa020, 0xc020, 0xe020, 0xe0e3, 0xb0c3, 0x7104, 0x2945, 0x18c3, 0x0020, 0x0000, 0x18c3, 0x52aa, 0x9cb2, 0xb596, 0x8c71,
    0x4249, 0x0861, 0x0000, 0x0000, 0x0000, 0x0000, 0x0000, 0x0000, 0x0000, 0x0000, 0x0000, 0x0000, 0x0000, 0x0000, 0x0000, 0x0000,
    0x0000, 0x0000, 0x0000, 0x0000, 0x0000, 0x0000, 0x0000, 0x0000, 0x0000, 0x0000, 0x0000, 0x0000, 0x0000, 0x0000, 0x0000, 0x0000,
    0x0000, 0x0000, 0x0000, 0x0000, 0x0000, 0x0000, 0x0000, 0x0000, 0x0000, 0x0000, 0x0000, 0x0000, 0x0000, 0x0000, 0x0000, 0x0000,
    0x0000, 0x0000, 0x0000, 0x0000, 0x0000, 0x0020, 0x0000, 0x0000, 0x0020, 0x0000, 0x0000, 0x0000, 0x0020, 0x0000, 0x0000, 0x0000,
    0x0000, 0x0000, 0x0000, 0x0020, 0x0020, 0x0020, 0x0000, 0x0000, 0x0000, 0x0000, 0x0000, 0x0000, 0x0000, 0x0000, 0x0000, 0x0000,
    0x0000, 0x0000, 0x0020, 0x0000, 0x0000, 0x0020, 0x0000, 0x0000, 0x0000, 0x0000, 0x0000, 0x0000, 0x0020, 0x0020, 0x0000, 0x0000,
    0x0000, 0x0000, 0x0000, 0x0000, 0x0020, 0x0000, 0x0000, 0x0000, 0x0000, 0x0000, 0x0000, 0x0000, 0x0000, 0x0000, 0x0000, 0x0000,
    0x0000, 0x0000, 0x0000, 0x0000, 0x0000, 0x0000, 0x0000, 0x0000, 0x0000, 0x0000, 0x0000, 0x0000, 0x0000, 0x0000, 0x0000, 0x0000,
    0x0000, 0x0000, 0x0000, 0x0000, 0x0000, 0x0000, 0x0000, 0x0000, 0x0000, 0x0000, 0x0000, 0x0000, 0x0000, 0x0000, 0x0000, 0x0000,
    0x0000, 0x0000, 0x0000, 0x0000, 0x0000, 0x0000, 0x0000, 0x0000, 0x0000, 0x0000, 0x0000, 0x0000, 0x0000, 0x0000, 0x0000, 0x0000,
    0x0000, 0x0000, 0x0000, 0x0000, 0x0000, 0x0000, 0x0000, 0x0000, 0x0000, 0x0000, 0x0000, 0x0000, 0x0000, 0x0000, 0x0000, 0x0000,
    0x0000, 0x0000, 0x0000, 0x0000, 0x0000, 0x0000, 0x0000, 0x0000, 0x0000, 0x0000, 0x0000, 0x0000, 0x0000, 0x0000, 0x0000, 0x0000,
    0x0000, 0x0000, 0x0000, 0x0000, 0x0000, 0x0000, 0x0000, 0x0000, 0x0000, 0x0000, 0x0000, 0x0000, 0x0000, 0x0000, 0x0000, 0x0000,
    0x0000, 0x0000, 0x0000, 0x0000, 0x0000, 0x0000, 0x0000, 0x0000, 0x0000, 0x0000, 0x0000, 0x0000, 0x0000, 0x0000, 0x0000, 0x0000,
    0x0000, 0x0000, 0x0000, 0x0000, 0x0000, 0x0000, 0x0000, 0x0000, 0x0000, 0x0000, 0x0000, 0x0000, 0x0000, 0x0000, 0x0000, 0x0000,
    0x0000, 0x0000, 0x0000, 0x0000, 0x0000, 0x0000, 0x0000, 0x0000, 0x0000, 0x0000, 0x0000, 0x0000, 0x0000, 0x0000, 0x0000, 0x2124,
    0x5aeb, 0x9514, 0xbe18, 0xb596, 0x6c10, 0x2a28, 0x00a2, 0x0000, 0x3000, 0x7020, 0xa020, 0xc020, 0xd020, 0xe0e3, 0xd9a6, 0xd9a6,
    0xc269, 0xc269, 0xc269, 0xc269, 0xb985, 0xb0c3, 0xa020, 0xa020, 0xc020, 0xc020, 0xd020, 0xd020, 0xd0c2, 0xb985, 0x7104, 0x2945,
    0x1904, 0x00a2, 0x0861, 0x0000, 0x0882, 0x4208, 0x8c71, 0xb596, 0x9cf3, 0x5aeb, 0x18e3, 0x0000, 0x0000, 0x0000, 0x0000, 0x0000,
    0x0000, 0x0000, 0x0000, 0x0000, 0x0000, 0x0000, 0x0000, 0x0000, 0x0000, 0x0000, 0x0000, 0x0000, 0x0000, 0x0000, 0x0000, 0x0000,
    0x0000, 0x0000, 0x0000, 0x0000, 0x0000, 0x0000, 0x0000, 0x0000, 0x0000, 0x0000, 0x0000, 0x0000, 0x0000, 0x0000, 0x0000, 0x0000,
    0x0000, 0x0000, 0x0000, 0x0000, 0x0000, 0x0000, 0x0000, 0x0000, 0x0000, 0x0000, 0x0000, 0x0000, 0x0000, 0x0000, 0x0000, 0x0000,
    0x0000, 0x0020, 0x0000, 0x0000, 0x0020, 0x0020, 0x0000, 0x0000, 0x0000, 0x0000, 0x0000, 0x0020, 0x0000, 0x0000, 0x0000, 0x0000,
    0x0000, 0x0000, 0x0000, 0x0000, 0x0000, 0x0000, 0x0000, 0x0000, 0x0000, 0x0000, 0x0000, 0x0000, 0x0000, 0x0000, 0x0020, 0x0000,
    0x0000, 0x0000, 0x0020, 0x0020, 0x0000, 0x0000, 0x0000, 0x0000, 0x0000, 0x0000, 0x0000, 0x0000, 0x0000, 0x0020, 0x0000, 0x0000,
    0x0000, 0x0000, 0x0000, 0x0000, 0x0000, 0x0000, 0x0000, 0x0000, 0x0000, 0x0000, 0x0000, 0x0000, 0x0000, 0x0000, 0x0000, 0x0000,
    0x0000, 0x0000, 0x0000, 0x0000, 0x0000, 0x0000, 0x0000, 0x0000, 0x0000, 0x0000, 0x0000, 0x0000, 0x0000, 0x0000, 0x0000, 0x0000,
    0x0000, 0x0000, 0x0000, 0x0000, 0x0000, 0x0000, 0x0000, 0x0000, 0x0000, 0x0000, 0x0000, 0x0000, 0x0000, 0x0000, 0x0000, 0x0000,
    0x0000, 0x0000, 0x0000, 0x0000, 0x0000, 0x0000, 0x0000, 0x0000, 0x0000, 0x0000, 0x0000, 0x0000, 0x0000, 0x0000, 0x0000, 0x0000,
    0x0000, 0x0000, 0x0000, 0x0000, 0x0000, 0x0000, 0x0000, 0x0000, 0x0000, 0x0000, 0x0000, 0x0000, 0x0000, 0x0000, 0x0000, 0x0000,
    0x0000, 0x0000, 0x0000, 0x0000, 0x0000, 0x0000, 0x0000, 0x0000, 0x0000, 0x0000, 0x0000, 0x0000, 0x0000, 0x0000, 0x0000, 0x0000,
    0x0000, 0x0000, 0x0000, 0x0000, 0x0000, 0x0000, 0x0000, 0x0000, 0x0000, 0x0000, 0x0000, 0x0000, 0x0000, 0x0000, 0x0000, 0x0000,
    0x0000, 0x0000, 0x0000, 0x0000, 0x0000, 0x0000, 0x0000, 0x0000, 0x0000, 0x0000, 0x0000, 0x0000, 0x0000, 0x0000, 0x0000, 0x0000,
    0x0000, 0x0000, 0x0000, 0x0000, 0x0000, 0x0000, 0x0000, 0x0000, 0x0000, 0x0000, 0x0000, 0x0000, 0x0000, 0x0000, 0x0000, 0x0000,
    0x0000, 0x0000, 0x0000, 0x0000, 0x0000, 0x0000, 0x0000, 0x0000, 0x0000, 0x2945, 0x632c, 0x9492, 0x9cf3, 0x8492, 0x538e, 0x328a,
    0x1945, 0x10a2, 0x3000, 0x5020, 0x7020, 0x8800, 0xb020, 0xd0c2, 0xb0c3, 0xb0c3, 0xb0c3, 0xb0c3, 0xb0c3, 0xb0c3, 0xa020, 0xa020,
    0xa020, 0xb020, 0xc020, 0xb020, 0xa020, 0x80a2, 0x48e3, 0x2124, 0x1904, 0x00a2, 0x00a2, 0x0861, 0x0000, 0x0020, 0x2965, 0x7bcf,
    0xad75, 0x9cf3, 0x6b8d, 0x2965, 0x0020, 0x0000, 0x0000, 0x0000, 0x0000, 0x0000, 0x0000, 0x0000, 0x0000, 0x0000, 0x0000, 0x0000,
    0x0000, 0x0000, 0x0000, 0x0000, 0x0000, 0x0000, 0x0000, 0x0000, 0x0000, 0x0000, 0x0000, 0x0000, 0x0000, 0x0000, 0x0000, 0x0000,
    0x0000, 0x0000, 0x0000, 0x0000, 0x0000, 0x0000, 0x0000, 0x0000, 0x0000, 0x0000, 0x0000, 0x0000, 0x0000, 0x0000, 0x0000, 0x0000,
    0x0000, 0x0000, 0x0000, 0x0000, 0x0000, 0x0000, 0x0000, 0x0000, 0x0000, 0x0000, 0x0020, 0x0000, 0x0000, 0x0020, 0x0000, 0x0000,
    0x0000, 0x0020, 0x0020, 0x0020, 0x0000, 0x0000, 0x0000, 0x0000, 0x0000, 0x0000, 0x0020, 0x0000, 0x0000, 0x0000, 0x0000, 0x0000,
    0x0000, 0x0000, 0x0000, 0x0020, 0x0000, 0x0000, 0x0000, 0x0020, 0x0020, 0x0000, 0x0000, 0x0000, 0x0000, 0x0000, 0x0000, 0x0000,
    0x0000, 0x0000, 0x0000, 0x0000, 0x0000, 0x0020, 0x0020, 0x0000, 0x0000, 0x0000, 0x0000, 0x0000, 0x0000, 0x0000, 0x0000, 0x0000,
    0x0000, 0x0000, 0x0000, 0x0000, 0x0000, 0x0000, 0x0000, 0x0000, 0x0000, 0x0000, 0x0000, 0x0000, 0x0000, 0x0000, 0x0000, 0x0000,
    0x0000, 0x0000, 0x0000, 0x0000, 0x0000, 0x0000, 0x0000, 0x0000, 0x0000, 0x0000, 0x0000, 0x0000, 0x0000, 0x0000, 0x0000, 0x0000,
    0x0000, 0x0000, 0x0000, 0x0000, 0x0000, 0x0000, 0x0000, 0x0000, 0x0000, 0x0000, 0x0000, 0x0000, 0x0000, 0x0000, 0x0000, 0x0000,
    0x0000, 0x0000, 0x0000, 0x0000, 0x0000, 0x0000, 0x0000, 0x0000, 0x0000, 0x0000, 0x0000, 0x0000, 0x0000, 0x0000, 0x0000, 0x0000,
    0x0000, 0x0000, 0x0000, 0x0000, 0x0000, 0x0000, 0x0000, 0x0000, 0x0000, 0x0000, 0x0000, 0x0000, 0x0000, 0x0000, 0x0000, 0x0000,
    0x0000, 0x0000, 0x0000, 0x0000, 0x0000, 0x0000, 0x0000, 0x0000, 0x0000, 0x0000, 0x0000, 0x0000, 0x0000, 0x0000, 0x0000, 0x0000,
    0x0000, 0x0000, 0x0000, 0x0000, 0x0000, 0x0000, 0x0000, 0x0000, 0x0000, 0x0000, 0x0000, 0x0000, 0x0000, 0x0000, 0x0000, 0x0000,
    0x0000, 0x0000, 0x0000, 0x0000, 0x0000, 0x0000, 0x0000, 0x0000, 0x0000, 0x0000, 0x0000, 0x0000, 0x0000, 0x0000, 0x0000, 0x0000,
    0x0000, 0x0000, 0x0000, 0x0000, 0x0000, 0x0000, 0x0000, 0x0000, 0x0000, 0x0000, 0x0000, 0x0000, 0x0000, 0x0000, 0x0000, 0x0000,
    0x0000, 0x0000, 0x0020, 0x2124, 0x39e7, 0x5aeb, 0x7c10, 0x94b2, 0x8492, 0x538e, 0x31c7, 0x0861, 0x0000, 0x2020, 0x3000, 0x7020,
    0x8800, 0x8800, 0x8800, 0x8800, 0xa020, 0xb020, 0xb020, 0xa020, 0x8800, 0x8800, 0x8800, 0x80a2, 0x7104, 0x48e3, 0x3082, 0x0882,
    0x0861, 0x00a2, 0x00a2, 0x00a2, 0x0882, 0x0000, 0x0000, 0x18e3, 0x5aeb, 0x9cd3, 0x9cd3, 0x7bcf, 0x39e7, 0x10a2, 0x0000, 0x0000,
    0x0000, 0x0000, 0x0000, 0x0000, 0x0000, 0x0000, 0x0000, 0x0000, 0x0000, 0x0000, 0x0000, 0x0000, 0x0000, 0x0000, 0x0000, 0x0000,
    0x0000, 0x0000, 0x0000, 0x0000, 0x0000, 0x0000, 0x0000, 0x0000, 0x0000, 0x0000, 0x0000, 0x0000, 0x0000, 0x0000, 0x0000, 0x0000,
    0x0000, 0x0000, 0x0000, 0x0000, 0x0000, 0x0000, 0x0000, 0x0000, 0x0000, 0x0000, 0x0000, 0x0000, 0x0000, 0x0000, 0x0000, 0x0000,
    0x0000, 0x0000, 0x0000, 0x0020, 0x0000, 0x0000, 0x0020, 0x0020, 0x0020, 0x0000, 0x0000, 0x0000, 0x0020, 0x0000, 0x0000, 0x0000,
    0x0000, 0x0000, 0x0020, 0x0020, 0x0020, 0x0000, 0x0000, 0x0000, 0x0000, 0x0000, 0x0000, 0x0000, 0x0020, 0x0000, 0x0000, 0x0000,
    0x0000, 0x0020, 0x0000, 0x0000, 0x0000, 0x0000, 0x0000, 0x0000, 0x0000, 0x0000, 0x0000, 0x0020, 0x0020, 0x0020, 0x0020, 0x0020,
    0x0000, 0x0000, 0x0000, 0x0000, 0x0000, 0x0000, 0x0000, 0x0000, 0x0000, 0x0000, 0x0000, 0x0000, 0x0000, 0x0000, 0x0000, 0x0000,
    0x0000, 0x0000, 0x0000, 0x0000, 0x0000, 0x0000, 0x0000, 0x0000, 0x0000, 0x0000, 0x0000, 0x0000, 0x0000, 0x0000, 0x0000, 0x0000,
    0x0000, 0x0000, 0x0000, 0x0000, 0x0000, 0x0000, 0x0000, 0x0000, 0x0000, 0x0000, 0x0000, 0x0000, 0x0000, 0x0000, 0x0000, 0x0000,
    0x0000, 0x0000, 0x0000, 0x0000, 0x0000, 0x0000, 0x0000, 0x0000, 0x0000, 0x0000, 0x0000, 0x0000, 0x0000, 0x0000, 0x0000, 0x0000,
    0x0000, 0x0000, 0x0000, 0x0000, 0x0000, 0x0000, 0x0000, 0x0000, 0x0000, 0x0000, 0x0000, 0x0000, 0x0000, 0x0000, 0x0000, 0x0000,
    0x0000, 0x0000, 0x0000, 0x0000, 0x0000, 0x0000, 0x0000, 0x0000, 0x0000, 0x0000, 0x0000, 0x0000, 0x0000, 0x0000, 0x0000, 0x0000,
    0x0000, 0x0000, 0x0000, 0x0000, 0x0000, 0x0000, 0x0000, 0x0000, 0x0000, 0x0000, 0x0000, 0x0000, 0x0000, 0x0000, 0x0000, 0x0000,
    0x0000, 0x0000, 0x0000, 0x0000, 0x0000, 0x0000, 0x0000, 0x0000, 0x0000, 0x0000, 0x0000, 0x0000, 0x0000, 0x0000, 0x0000, 0x0000,
    0x0000, 0x0000, 0x0000, 0x0000, 0x0000, 0x0000, 0x0000, 0x0000, 0x0000, 0x0000, 0x0000, 0x0000, 0x0000, 0x0000, 0x0000, 0x0000,
    0x0000, 0x0000, 0x0000, 0x0000, 0x0000, 0x0000, 0x0000, 0x0000, 0x0000, 0x0000, 0x0000, 0x0000, 0x0000, 0x0020, 0x2124, 0x5aeb,
    0x94b2, 0xb596, 0x9514, 0x538e, 0x19a6, 0x0861, 0x0000, 0x0000, 0x2020, 0x5020, 0x7020, 0x7020, 0x7020, 0x7020, 0x8800, 0x7020,
    0x7020, 0x7020, 0x5020, 0x48e3, 0x49a6, 0x39e7, 0x4208, 0x19a6, 0x1945, 0x00a2, 0x0861, 0x0861, 0x0882, 0x0861, 0x0000, 0x0000,
    0x10a2, 0x4249, 0x7c10, 0x9492, 0x8430, 0x4a8a, 0x18e3, 0x0000, 0x0000, 0x0000, 0x0000, 0x0000, 0x0000, 0x0000, 0x0000, 0x0000,
    0x0000, 0x0000, 0x0000, 0x0000, 0x0000, 0x0000, 0x0000, 0x0000, 0x0000, 0x0000, 0x0000, 0x0000, 0x0000, 0x0000, 0x0000, 0x0000,
    0x0000, 0x0000, 0x0000, 0x0000, 0x0000, 0x0000, 0x0000, 0x0000, 0x0000, 0x0000, 0x0000, 0x0000, 0x0000, 0x0000, 0x0000, 0x0000,
    0x0000, 0x0000, 0x0000, 0x0000, 0x0000, 0x0000, 0x0020, 0x0020, 0x0000, 0x0000, 0x0000, 0x0000, 0x0020, 0x0000, 0x0020, 0x0000,
    0x0000, 0x0000, 0x0000, 0x0000, 0x0000, 0x0020, 0x0020, 0x0000, 0x0000, 0x0020, 0x0020, 0x0000, 0x0000, 0x0000, 0x0000, 0x0000,
    0x0000, 0x0000, 0x0000, 0x0000, 0x0000, 0x0020, 0x0000, 0x0000, 0x0000, 0x0000, 0x0020, 0x0000, 0x0000, 0x0000, 0x0000, 0x0000,
    0x0000, 0x0000, 0x0000, 0x0000, 0x0000, 0x0000, 0x0000, 0x0020, 0x0000, 0x0000, 0x0000, 0x0000, 0x0000, 0x0000, 0x0000, 0x0000,
    0x0000, 0x0000, 0x0000, 0x0000, 0x0000, 0x0000, 0x0000, 0x0000, 0x0000, 0x0000, 0x0000, 0x0000, 0x0000, 0x0000, 0x0000, 0x0000,
    0x0000, 0x0000, 0x0000, 0x0000, 0x0000, 0x0000, 0x0000, 0x0000, 0x0000, 0x0000, 0x0000, 0x0000, 0x0000, 0x0000, 0x0000, 0x0000,
    0x0000, 0x0000, 0x0000, 0x0000, 0x0000, 0x0000, 0x0000, 0x0000, 0x0000, 0x0000, 0x0000, 0x0000, 0x0000, 0x0000, 0x0000, 0x0000,
    0x0000, 0x0000, 0x0000, 0x0000, 0x0000, 0x0000, 0x0000, 0x0000, 0x0000, 0x0000, 0x0000, 0x0000, 0x0000, 0x0000, 0x0000, 0x0000,
    0x0000, 0x0000, 0x0000, 0x0000, 0x0000, 0x0000, 0x0000, 0x0000, 0x0000, 0x0000, 0x0000, 0x0000, 0x0000, 0x0000, 0x0000, 0x0000,
    0x0000, 0x0000, 0x0000, 0x0000, 0x0000, 0x0000, 0x0000, 0x0000, 0x0000, 0x0000, 0x0000, 0x0000, 0x0000, 0x0000, 0x0000, 0x0000,
    0x0000, 0x0000, 0x0000, 0x0000, 0x0000, 0x0000, 0x0000, 0x0000, 0x0000, 0x0000, 0x0000, 0x0000, 0x0000, 0x0000, 0x0000, 0x0000,
    0x0000, 0x0000, 0x0000, 0x0000, 0x0000, 0x0000, 0x0000, 0x0000, 0x0000, 0x0000, 0x0000, 0x0000, 0x0000, 0x0000, 0x0000, 0x0000,
    0x0000, 0x0000, 0x0000, 0x0000, 0x0000, 0x0000, 0x0000, 0x0000, 0x0000, 0x0000, 0x0000, 0x0000, 0x0000, 0x0000, 0x0000, 0x0000,
    0x0000, 0x0000, 0x0000, 0x0000, 0x0000, 0x0000, 0x0000, 0x0020, 0x2965, 0x632c, 0x94b2, 0xa534, 0x8492, 0x538e, 0x2a28, 0x1904,
    0x0020, 0x0000, 0x2020, 0x48e3, 0x71e7, 0x71e7, 0x7104, 0x5020, 0x3000, 0x3000, 0x3000, 0x2020, 0x3082, 0x3186, 0x432c, 0x5bef,
    0x5bef, 0x432c, 0x19a6, 0x0861, 0x0000, 0x0000, 0x0020, 0x0000, 0x0000, 0x0882, 0x3186, 0x630c, 0x8430, 0x8451, 0x630c, 0x2945,
    0x0020, 0x0000, 0x0000, 0x0000, 0x0000, 0x0000, 0x0000, 0x0000, 0x0000, 0x0000, 0x0000, 0x0000, 0x0000, 0x0000, 0x0000, 0x0000,
    0x0000, 0x0000, 0x0000, 0x0000, 0x0000, 0x0000, 0x0000, 0x0000, 0x0000, 0x0000, 0x0000, 0x0000, 0x0000, 0x0000, 0x0000, 0x0000,
    0x0000, 0x0000, 0x0000, 0x0000, 0x0000, 0x0000, 0x0000, 0x0000, 0x0000, 0x0000, 0x0000, 0x0000, 0x0000, 0x0000, 0x0000, 0x0000,
    0x0000, 0x0020, 0x0020, 0x0000, 0x0000, 0x0020, 0x0000, 0x0000, 0x0000, 0x0000, 0x0000, 0x0000, 0x0000, 0x0000, 0x0020, 0x0020,
    0x0020, 0x0000, 0x0000, 0x0000, 0x0000, 0x0000, 0x0000, 0x0000, 0x0000, 0x0000, 0x0000, 0x0000, 0x0000, 0x0000, 0x0000, 0x0000,
    0x0000, 0x0000, 0x0000, 0x0020, 0x0020, 0x0000, 0x0000, 0x0000, 0x0000, 0x0000, 0x0000, 0x0000, 0x0000, 0x0000, 0x0000, 0x0000,
    0x0000, 0x0000, 0x0000, 0x0000, 0x0000, 0x0000, 0x0000, 0x0000, 0x0000, 0x0000, 0x0000, 0x0000, 0x0000, 0x0000, 0x0000, 0x0000,
    0x0000, 0x0000, 0x0000, 0x0000, 0x0000, 0x0000, 0x0000, 0x0000, 0x0000, 0x0000, 0x0000, 0x0000, 0x0000, 0x0000, 0x0000, 0x0000,
    0x0000, 0x0000, 0x0000, 0x0000, 0x0000, 0x0000, 0x0000, 0x0000, 0x0000, 0x0000, 0x0000, 0x0000, 0x0000, 0x0000, 0x0000, 0x0000,
    0x0000, 0x0000, 0x0000, 0x0000, 0x0000, 0x0000, 0x0000, 0x0000, 0x0000, 0x0000, 0x0000, 0x0000, 0x0000, 0x0000, 0x0000, 0x0000,
    0x0000, 0x0000, 0x0000, 0x0000, 0x0000, 0x0000, 0x0000, 0x0000, 0x0000, 0x0000, 0x0000, 0x0000, 0x0000, 0x0000, 0x0000, 0x0000,
    0x0000, 0x0000, 0x0000, 0x0000, 0x0000, 0x0000, 0x0000, 0x0000, 0x0000, 0x0000, 0x0000, 0x0000, 0x0000, 0x0000, 0x0000, 0x0000,
    0x0000, 0x0000, 0x0000, 0x0000, 0x0000, 0x0000, 0x0000, 0x0000, 0x0000, 0x0000, 0x0000, 0x0000, 0x0000, 0x0000, 0x0000, 0x0000,
    0x0000, 0x0000, 0x0000, 0x0000, 0x0000, 0x0000, 0x0000, 0x0000, 0x0000, 0x0000, 0x0000, 0x0000, 0x0000, 0x0000, 0x0000, 0x0000,
    0x0000, 0x0000, 0x0000, 0x0000, 0x0000, 0x0000, 0x0000, 0x0000, 0x0000, 0x0000, 0x0000, 0x0000, 0x0000, 0x0000, 0x0000, 0x0000,
    0x0000, 0x0000, 0x0000, 0x0000, 0x0000, 0x0000, 0x0000, 0x0000, 0x0000, 0x0000, 0x0000, 0x0000, 0x0000, 0x0000, 0x0000, 0x0000,
    0x0000, 0x0861, 0x2945, 0x52aa, 0x7c10, 0x9514, 0x9514, 0x6451, 0x328a, 0x1904, 0x0000, 0x0861, 0x4249, 0x8c71, 0x9cb2, 0x632c,
    0x2124, 0x0000, 0x0000, 0x0000, 0x0000, 0x0882, 0x31c7, 0x6c10, 0x9dd7, 0xa659, 0x9514, 0x630c, 0x2124, 0x0020, 0x0000, 0x0000,
    0x0000, 0x0000, 0x0020, 0x18e3, 0x4208, 0x738e, 0x9492, 0x73ae, 0x3186, 0x0861, 0x0000, 0x0000, 0x0000, 0x0000, 0x0000, 0x0000,
    0x0000, 0x0000, 0x0000, 0x0000, 0x0000, 0x0000, 0x0000, 0x0000, 0x0000, 0x0000, 0x0000, 0x0000, 0x0000, 0x0000, 0x0000, 0x0000,
    0x0000, 0x0000, 0x0000, 0x0000, 0x0000, 0x0000, 0x0000, 0x0000, 0x0000, 0x0000, 0x0000, 0x0000, 0x0000, 0x0000, 0x0000, 0x0000,
    0x0000, 0x0000, 0x0000, 0x0000, 0x0000, 0x0000, 0x0000, 0x0000, 0x0000, 0x0000, 0x0000, 0x0020, 0x0020, 0x0000, 0x0020, 0x0000,
    0x0000, 0x0000, 0x0000, 0x0000, 0x0000, 0x0000, 0x0020, 0x0020, 0x0020, 0x0000, 0x0000, 0x0000, 0x0000, 0x0000, 0x0000, 0x0000,
    0x0000, 0x0000, 0x0000, 0x0000, 0x0000, 0x0000, 0x0020, 0x0000, 0x0000, 0x0000, 0x0000, 0x0000, 0x0000, 0x0020, 0x0000, 0x0000,
    0x0000, 0x0000, 0x0000, 0x0000, 0x0000, 0x0000, 0x0000, 0x0000, 0x0000, 0x0000, 0x0000, 0x0000, 0x0000, 0x0000, 0x0000, 0x0000,
    0x0000, 0x0000, 0x0000, 0x0000, 0x0000, 0x0000, 0x0000, 0x0000, 0x0000, 0x0000, 0x0000, 0x0000, 0x0000, 0x0000, 0x0000, 0x0000,
    0x0000, 0x0000, 0x0000, 0x0000, 0x0000, 0x0000, 0x0000, 0x0000, 0x0000, 0x0000, 0x0000, 0x0000, 0x0000, 0x0000, 0x0000, 0x0000,
    0x0000, 0x0000, 0x0000, 0x0000, 0x0000, 0x0000, 0x0000, 0x0000, 0x0000, 0x0000, 0x0000, 0x0000, 0x0000, 0x0000, 0x0000, 0x0000,
    0x0000, 0x0000, 0x0000, 0x0000, 0x0000, 0x0000, 0x0000, 0x0000, 0x0000, 0x0000, 0x0000, 0x0000, 0x0000, 0x0000, 0x0000, 0x0000,
    0x0000, 0x0000, 0x0000, 0x0000, 0x0000, 0x0000, 0x0000, 0x0000, 0x0000, 0x0000, 0x0000, 0x0000, 0x0000, 0x0000, 0x0000, 0x0000,
    0x0000, 0x0000, 0x0000, 0x0000, 0x0000, 0x0000, 0x0000, 0x0000, 0x0000, 0x0000, 0x0000, 0x0000, 0x0000, 0x0000, 0x0000, 0x0000,
    0x0000, 0x0000, 0x0000, 0x0000, 0x0000, 0x0000, 0x0000, 0x0000, 0x0000, 0x0000, 0x0000, 0x0000, 0x0000, 0x0000, 0x0000, 0x0000,
    0x0000, 0x0000, 0x0000, 0x0000, 0x0000, 0x0000, 0x0000, 0x0000, 0x0000, 0x0000, 0x0000, 0x0000, 0x0000, 0x0000, 0x0000, 0x0000,
    0x0000, 0x0000, 0x0000, 0x0000, 0x0000, 0x0000, 0x0000, 0x0000, 0x0000, 0x0000, 0x0000, 0x0000, 0x0000, 0x0000, 0x0000, 0x0000,
    0x0000, 0x0000, 0x0000, 0x0000, 0x0000, 0x0000, 0x0000, 0x0000, 0x0000, 0x0000, 0x0000, 0x0020, 0x1904, 0x4a8a, 0x7c10, 0x9cf3,
    0x94b2, 0x73ae, 0x4249, 0x1945, 0x19a6, 0x6c10, 0xbe18, 0xb6db, 0x9514, 0x328a, 0x1904, 0x0861, 0x0000, 0x0000, 0x0861, 0x4208,
    0x94b2, 0xd6ba, 0xef3c, 0xbe18, 0x8c71, 0x5acb, 0x3186, 0x18e3, 0x0861, 0x0000, 0x0000, 0x0000, 0x0020, 0x2965, 0x6b6d, 0x9cf3,
    0x8451, 0x4208, 0x0861, 0x0000, 0x0000, 0x0000, 0x0000, 0x0000, 0x0000, 0x0000, 0x0000, 0x0000, 0x0000, 0x0000, 0x0000, 0x0000,
    0x0000, 0x0000, 0x0000, 0x0000, 0x0000, 0x0000, 0x0000, 0x0000, 0x0000, 0x0000, 0x0000, 0x0000, 0x0000, 0x0000, 0x0000, 0x0000,
    0x0000, 0x0000, 0x0000, 0x0000, 0x0000, 0x0000, 0x0000, 0x0000, 0x0000, 0x0000, 0x0000, 0x0000, 0x0000, 0x0000, 0x0000, 0x0000,
    0x0000, 0x0000, 0x0000, 0x0000, 0x0000, 0x0000, 0x0000, 0x0020, 0x0000, 0x0000, 0x0000, 0x0000, 0x0020, 0x0020, 0x0000, 0x0000,
    0x0000, 0x0020, 0x0020, 0x0000, 0x0000, 0x0020, 0x0000, 0x0000, 0x0000, 0x0000, 0x0000, 0x0000, 0x0000, 0x0000, 0x0000, 0x0020,
    0x0000, 0x0000, 0x0000, 0x0000, 0x0020, 0x0020, 0x0020, 0x0000, 0x0000, 0x0000, 0x0000, 0x0000, 0x0000, 0x0000, 0x0000, 0x0000,
    0x0000, 0x0000, 0x0000, 0x0000, 0x0000, 0x0000, 0x0000, 0x0000, 0x0000, 0x0000, 0x0000, 0x0000, 0x0000, 0x0000, 0x0000, 0x0000,
    0x0000, 0x0000, 0x0000, 0x0000, 0x0000, 0x0000, 0x0000, 0x0000, 0x0000, 0x0000, 0x0000, 0x0000, 0x0000, 0x0000, 0x0000, 0x0000,
    0x0000, 0x0000, 0x0000, 0x0000, 0x0000, 0x0000, 0x0000, 0x0000, 0x0000, 0x0000, 0x0000, 0x0000, 0x0000, 0x0000, 0x0000, 0x0000,
    0x0000, 0x0000, 0x0000, 0x0000, 0x0000, 0x0000, 0x0000, 0x0000, 0x0000, 0x0000, 0x0000, 0x0000, 0x0000, 0x0000, 0x0000, 0x0000,
    0x0000, 0x0000, 0x0000, 0x0000, 0x0000, 0x0000, 0x0000, 0x0000, 0x0000, 0x0000, 0x0000, 0x0000, 0x0000, 0x0000, 0x0000, 0x0000,
    0x0000, 0x0000, 0x0000, 0x0000, 0x0000, 0x0000, 0x0000, 0x0000, 0x0000, 0x0000, 0x0000, 0x0000, 0x0000, 0x0000, 0x0000, 0x0000,
    0x0000, 0x0000, 0x0000, 0x0000, 0x0000, 0x0000, 0x0000, 0x0000, 0x0000, 0x0000, 0x0000, 0x0000, 0x0000, 0x0000, 0x0000, 0x0000,
    0x0000, 0x0000, 0x0000, 0x0000, 0x0000, 0x0000, 0x0000, 0x0000, 0x0000, 0x0000, 0x0000, 0x0000, 0x0000, 0x0000, 0x0000, 0x0000,
    0x0000, 0x0000, 0x0000, 0x0000, 0x0000, 0x0000, 0x0000, 0x0000, 0x0000, 0x0000, 0x0000, 0x0000, 0x0000, 0x0000, 0x0000, 0x0000,
    0x0000, 0x0000, 0x0000, 0x0000, 0x0000, 0x0000, 0x0000, 0x0000, 0x0000, 0x0000, 0x0000, 0x0000, 0x0000, 0x0000, 0x0000, 0x0000,
    0x0000, 0x0000, 0x0000, 0x0000, 0x0000, 0x0020, 0x1904, 0x4208, 0x5aeb, 0x738e, 0x7c10, 0x73ae, 0x6b6d, 0x6c10, 0x8d96, 0xb6db,
    0xcf3c, 0xa659, 0x7492, 0x42cb, 0x19a6, 0x0861, 0x0000, 0x0020, 0x4a69, 0xa534, 0xef3c, 0xd6ba, 0xbe18, 0xa534, 0x9cb2, 0x7bcf,
    0x4a8a, 0x2124, 0x0020, 0x0000, 0x0000, 0x0000, 0x1904, 0x6b6d, 0xa575, 0x9cd3, 0x4a8a, 0x0882, 0x0000, 0x0000, 0x0000, 0x0000,
    0x0000, 0x0000, 0x0000, 0x0000, 0x0000, 0x0000, 0x0000, 0x0000, 0x0000, 0x0000, 0x0000, 0x0000, 0x0000, 0x0000, 0x0000, 0x0000,
    0x0000, 0x0000, 0x0000, 0x0000, 0x0000, 0x0000, 0x0000, 0x0000, 0x0000, 0x0000, 0x0000, 0x0000, 0x0000, 0x0000, 0x0000, 0x0000,
    0x0000, 0x0000, 0x0000, 0x0000, 0x0000, 0x0000, 0x0000, 0x0000, 0x0000, 0x0000, 0x0000, 0x0000, 0x0000, 0x0000, 0x0000, 0x0000,
    0x0020, 0x0000, 0x0000, 0x0020, 0x0000, 0x0000, 0x0000, 0x0000, 0x0000, 0x0000, 0x0020, 0x0020, 0x0000, 0x0000, 0x0000, 0x0020,
    0x0020, 0x0020, 0x0000, 0x0000, 0x0000, 0x0000, 0x0000, 0x0000, 0x0000, 0x0000, 0x0000, 0x0000, 0x0000, 0x0000, 0x0020, 0x0020,
    0x0000, 0x0000, 0x0000, 0x0000, 0x0000, 0x0000, 0x0000, 0x0000, 0x0000, 0x0000, 0x0000, 0x0000, 0x0000, 0x0000, 0x0000, 0x0000,
    0x0000, 0x0000, 0x0000, 0x0000, 0x0000, 0x0000, 0x0000, 0x0000, 0x0000, 0x0000, 0x0000, 0x0000, 0x0000, 0x0000, 0x0000, 0x0000,
    0x0000, 0x0000, 0x0000, 0x0000, 0x0000, 0x0000, 0x0000, 0x0000, 0x0000, 0x0000, 0x0000, 0x0000, 0x0000, 0x0000, 0x0000, 0x0000,
    0x0000, 0x0000, 0x0000, 0x0000, 0x0000, 0x0000, 0x0000, 0x0000, 0x0000, 0x0000, 0x0000, 0x0000, 0x0000, 0x0000, 0x0000, 0x0000,
    0x0000, 0x0000, 0x0000, 0x0000, 0x0000, 0x0000, 0x0000, 0x0000, 0x0000, 0x0000, 0x0000, 0x0000, 0x0000, 0x0000, 0x0000, 0x0000,
    0x0000, 0x0000, 0x0000, 0x0000, 0x0000, 0x0000, 0x0000, 0x0000, 0x0000, 0x0000, 0x0000, 0x0000, 0x0000, 0x0000, 0x0000, 0x0000,
    0x0000, 0x0000, 0x0000, 0x0000, 0x0000, 0x0000, 0x0000, 0x0000, 0x0000, 0x0000, 0x0000, 0x0000, 0x0000, 0x0000, 0x0000, 0x0000,
    0x0000, 0x0000, 0x0000, 0x0000, 0x0000, 0x0000, 0x0000, 0x0000, 0x0000, 0x0000, 0x0000, 0x0000, 0x0000, 0x0000, 0x0000, 0x0000,
    0x0000, 0x0000, 0x0000, 0x0000, 0x0000, 0x0000, 0x0000, 0x0000, 0x0000, 0x0000, 0x0000, 0x0000, 0x0000, 0x0000, 0x0000, 0x0000,
    0x0000, 0x0000, 0x0000, 0x0000, 0x0000, 0x0000, 0x0000, 0x0000, 0x0000, 0x0000, 0x0000, 0x0000, 0x0000, 0x0000, 0x0000, 0x0000,
    0x0000, 0x0000, 0x0000, 0x0000, 0x0000, 0x0000, 0x0000, 0x0000, 0x0000, 0x0000, 0x0000, 0x0000, 0x0000, 0x0000, 0x0000, 0x0020,
    0x0861, 0x18e3, 0x39e7, 0x632c, 0x8c71, 0x9514, 0xa575, 0xbdd7, 0xbe18, 0xbe18, 0xbe18, 0xa575, 0x8492, 0x432c, 0x2965, 0x0882,
    0x18e3, 0x5aeb, 0xa575, 0xc679, 0xad75, 0x9492, 0x9cb2, 0xbdd7, 0xb596, 0x8451, 0x4a69, 0x18c3, 0x0000, 0x0000, 0x0000, 0x18c3,
    0x5aeb, 0x9cf3, 0x9cf3, 0x630c, 0x18e3, 0x0000, 0x0000, 0x0000, 0x0000, 0x0000, 0x0000, 0x0000, 0x0000, 0x0000, 0x0000, 0x0000,
    0x0000, 0x0000, 0x0000, 0x0000, 0x0000, 0x0000, 0x0000, 0x0000, 0x0000, 0x0000, 0x0000, 0x0000, 0x0000, 0x0000, 0x0000, 0x0000,
    0x0000, 0x0000, 0x0000, 0x0000, 0x0000, 0x0000, 0x0000, 0x0000, 0x0000, 0x0000, 0x0000, 0x0000, 0x0000, 0x0000, 0x0000, 0x0000,
    0x0000, 0x0000, 0x0000, 0x0000, 0x0000, 0x0000, 0x0000, 0x0000, 0x0000, 0x0020, 0x0000, 0x0000, 0x0000, 0x0000, 0x0000, 0x0000,
    0x0000, 0x0000, 0x0000, 0x0000, 0x0020, 0x0000, 0x0000, 0x0000, 0x0000, 0x0020, 0x0020, 0x0020, 0x0020, 0x0000, 0x0000, 0x0000,
    0x0000, 0x0000, 0x0000, 0x0000, 0x0000, 0x0000, 0x0000, 0x0000, 0x0000, 0x0000, 0x0000, 0x0000, 0x0000, 0x0000, 0x0000, 0x0000,
    0x0000, 0x0000, 0x0000, 0x0000, 0x0000, 0x0000, 0x0000, 0x0000, 0x0000, 0x0000, 0x0000, 0x0000, 0x0000, 0x0000, 0x0000, 0x0000,
    0x0000, 0x0000, 0x0000, 0x0000, 0x0000, 0x0000, 0x0000, 0x0000, 0x0000, 0x0000, 0x0000, 0x0000, 0x0000, 0x0000, 0x0000, 0x0000,
    0x0000, 0x0000, 0x0000, 0x0000, 0x0000, 0x0000, 0x0000, 0x0000, 0x0000, 0x0000, 0x0000, 0x0000, 0x0000, 0x0000, 0x0000, 0x0000,
    0x0000, 0x0000, 0x0000, 0x0000, 0x0000, 0x0000, 0x0000, 0x0000, 0x0000, 0x0000, 0x0000, 0x0000, 0x0000, 0x0000, 0x0000, 0x0000,
    0x0000, 0x0000, 0x0000, 0x0000, 0x0000, 0x0000, 0x0000, 0x0000, 0x0000, 0x0000, 0x0000, 0x0000, 0x0000, 0x0000, 0x0000, 0x0000,
    0x0000, 0x0000, 0x0000, 0x0000, 0x0000, 0x0000, 0x0000, 0x0000, 0x0000, 0x0000, 0x0000, 0x0000, 0x0000, 0x0000, 0x0000, 0x0000,
    0x0000, 0x0000, 0x0000, 0x0000, 0x0000, 0x0000, 0x0000, 0x0000, 0x0000, 0x0000, 0x0000, 0x0000, 0x0000, 0x0000, 0x0000, 0x0000,
    0x0000, 0x0000, 0x0000, 0x0000, 0x0000, 0x0000, 0x0000, 0x0000, 0x0000, 0x0000, 0x0000, 0x0000, 0x0000, 0x0000, 0x0000, 0x0000,
    0x0000, 0x0000, 0x0000, 0x0000, 0x0000, 0x0000, 0x0000, 0x0000, 0x0000, 0x0000, 0x0000, 0x0000, 0x0000, 0x0000, 0x0000, 0x0000,
    0x0000, 0x0000, 0x0000, 0x0000, 0x0000, 0x0000, 0x0000, 0x0000, 0x0000, 0x0000, 0x0000, 0x0000, 0x0000, 0x0000, 0x0000, 0x0000,
    0x0000, 0x0000, 0x0000, 0x0000, 0x0000, 0x0000, 0x0000, 0x0000, 0x0000, 0x0000, 0x0000, 0x10a2, 0x4208, 0x73ae, 0x94b2, 0x9cf3,
    0x94b2, 0x8430, 0x7c10, 0x8430, 0x8c71, 0x8c71, 0x7bef, 0x5aeb, 0x4208, 0x4a69, 0x7bcf, 0xad75, 0xa534, 0x738e, 0x52aa, 0x6b6d,
    0x9cd3, 0xb596, 0x9cf3, 0x738e, 0x4208, 0x1904, 0x0861, 0x0000, 0x0861, 0x39e7, 0x7c10, 0x9cd3, 0x73ae, 0x39e7, 0x0882, 0x0000,
    0x0000, 0x0000, 0x0000, 0x0000, 0x0000, 0x0000, 0x0000, 0x0000, 0x0000, 0x0000, 0x0000, 0x0000, 0x0000, 0x0000, 0x0000, 0x0000,
    0x0000, 0x0000, 0x0000, 0x0000, 0x0000, 0x0000, 0x0000, 0x0000, 0x0000, 0x0000, 0x0000, 0x0000, 0x0000, 0x0000, 0x0000, 0x0000,
    0x0000, 0x0000, 0x0000, 0x0000, 0x0000, 0x0000, 0x0000, 0x0000, 0x0000, 0x0000, 0x0000, 0x0000, 0x0000, 0x0000, 0x0000, 0x0000,
    0x0000, 0x0000, 0x0020, 0x0000, 0x0000, 0x0000, 0x0000, 0x0000, 0x0000, 0x0020, 0x0000, 0x0000, 0x0000, 0x0020, 0x0020, 0x0000,
    0x0000, 0x0000, 0x0000, 0x0000, 0x0020, 0x0020, 0x0000, 0x0000, 0x0000, 0x0000, 0x0000, 0x0000, 0x0000, 0x0000, 0x0000, 0x0000,
    0x0000, 0x0000, 0x0000, 0x0000, 0x0000, 0x0000, 0x0000, 0x0000, 0x0000, 0x0000, 0x0000, 0x0000, 0x0000, 0x0000, 0x0000, 0x0000,
    0x0000, 0x0000, 0x0000, 0x0000, 0x0000, 0x0000, 0x0000, 0x0000, 0x0000, 0x0000, 0x0000, 0x0000, 0x0000, 0x0000, 0x0000, 0x0000,
    0x0000, 0x0000, 0x0000, 0x0000, 0x0000, 0x0000, 0x0000, 0x0000, 0x0000, 0x0000, 0x0000, 0x0000, 0x0000, 0x0000, 0x0000, 0x0000,
    0x0000, 0x0000, 0x0000, 0x0000, 0x0000, 0x0000, 0x0000, 0x0000, 0x0000, 0x0000, 0x0000, 0x0000, 0x0000, 0x0000, 0x0000, 0x0000,
    0x0000, 0x0000, 0x0000, 0x0000, 0x0000, 0x0000, 0x0000, 0x0000, 0x0000, 0x0000, 0x0000, 0x0000, 0x0000, 0x0000, 0x0000, 0x0000,
    0x0000, 0x0000, 0x0000, 0x0000, 0x0000, 0x0000, 0x0000, 0x0000, 0x0000, 0x0000, 0x0000, 0x0000, 0x0000, 0x0000, 0x0000, 0x0000,
    0x0000, 0x0000, 0x0000, 0x0000, 0x0000, 0x0000, 0x0000, 0x0000, 0x0000, 0x0000, 0x0000, 0x0000, 0x0000, 0x0000, 0x0000, 0x0000,
    0x0000, 0x0000, 0x0000, 0x0000, 0x0000, 0x0000, 0x0000, 0x0000, 0x0000, 0x0000, 0x0000, 0x0000, 0x0000, 0x0000, 0x0000, 0x0000,
    0x0000, 0x0000, 0x0000, 0x0000, 0x0000, 0x0000, 0x0000, 0x0000, 0x0000, 0x0000, 0x0000, 0x0000, 0x0000, 0x0000, 0x0000, 0x0000,
    0x0000, 0x0000, 0x0000, 0x0000, 0x0000, 0x0000, 0x0000, 0x0000, 0x0000, 0x0000, 0x0000, 0x0000, 0x0000, 0x0000, 0x0000, 0x0000,
    0x0000, 0x0000, 0x0000, 0x0000, 0x0000, 0x0000, 0x0000, 0x0000, 0x0000, 0x0000, 0x0000, 0x0000, 0x0000, 0x0000, 0x0000, 0x0000,
    0x0000, 0x0000, 0x0000, 0x0000, 0x0000, 0x18c3, 0x39e7, 0x52aa, 0x5aeb, 0x4a69, 0x39e7, 0x3186, 0x31c7, 0x4249, 0x630c, 0x7bcf,
    0x7c10, 0x7bcf, 0x7c10, 0x9cb2, 0xa534, 0x8430, 0x4249, 0x2124, 0x2945, 0x52aa, 0x7bef, 0x94b2, 0x9492, 0x7c10, 0x630c, 0x3186,
    0x0020, 0x0000, 0x18e3, 0x5aeb, 0x9492, 0x9492, 0x6b6d, 0x3186, 0x0861, 0x0000, 0x0000, 0x0000, 0x0000, 0x0000, 0x0000, 0x0000,
    0x0000, 0x0000, 0x0000, 0x0000, 0x0000, 0x0000, 0x0000, 0x0000, 0x0000, 0x0000, 0x0000, 0x0000, 0x0000, 0x0000, 0x0000, 0x0000,
    0x0000, 0x0000, 0x0000, 0x0000, 0x0000, 0x0000, 0x0000, 0x0000, 0x0000, 0x0000, 0x0000, 0x0000, 0x0000, 0x0000, 0x0000, 0x0000,
    0x0000, 0x0000, 0x0000, 0x0000, 0x0000, 0x0000, 0x0000, 0x0000, 0x0000, 0x0000, 0x0000, 0x0020, 0x0020, 0x0000, 0x0000, 0x0000,
    0x0000, 0x0020, 0x0020, 0x0000, 0x0000, 0x0000, 0x0020, 0x0020, 0x0000, 0x0000, 0x0000, 0x0000, 0x0000, 0x0000, 0x0020, 0x0000,
    0x0000, 0x0000, 0x0000, 0x0000, 0x0000, 0x0000, 0x0000, 0x0000, 0x0000, 0x0000, 0x0000, 0x0000, 0x0000, 0x0000, 0x0000, 0x0000,
    0x0000, 0x0000, 0x0000, 0x0000, 0x0000, 0x0000, 0x0000, 0x0000, 0x0000, 0x0000, 0x0000, 0x0000, 0x0000, 0x0000, 0x0000, 0x0000,
    0x0000, 0x0000, 0x0000, 0x0000, 0x0000, 0x0000, 0x0000, 0x0000, 0x0000, 0x0000, 0x0000, 0x0000, 0x0000, 0x0000, 0x0000, 0x0000,
    0x0000, 0x0000, 0x0000, 0x0000, 0x0000, 0x0000, 0x0000, 0x0000, 0x0000, 0x0000, 0x0000, 0x0000, 0x0000, 0x0000, 0x0000, 0x0000,
    0x0000, 0x0000, 0x0000, 0x0000, 0x0000, 0x0000, 0x0000, 0x0000, 0x0000, 0x0000, 0x0000, 0x0000, 0x0000, 0x0000, 0x0000, 0x0000,
    0x0000, 0x0000, 0x0000, 0x0000, 0x0000, 0x0000, 0x0000, 0x0000, 0x0000, 0x0000, 0x0000, 0x0000, 0x0000, 0x0000, 0x0000, 0x0000,
    0x0000, 0x0000, 0x0000, 0x0000, 0x0000, 0x0000, 0x0000, 0x0000, 0x0000, 0x0000, 0x0000, 0x0000, 0x0000, 0x0000, 0x0000, 0x0000,
    0x0000, 0x0000, 0x0000, 0x0000, 0x0000, 0x0000, 0x0000, 0x0000, 0x0000, 0x0000, 0x0000, 0x0000, 0x0000, 0x0000, 0x0000, 0x0000,
    0x0000, 0x0000, 0x0000, 0x0000, 0x0000, 0x0000, 0x0000, 0x0000, 0x0000, 0x0000, 0x0000, 0x0000, 0x0000, 0x0000, 0x0000, 0x0000,
    0x0000, 0x0000, 0x0000, 0x0000, 0x0000, 0x0000, 0x0000, 0x0000, 0x0000, 0x0000, 0x0000, 0x0000, 0x0000, 0x0000, 0x0000, 0x0000,
    0x0000, 0x0000, 0x0000, 0x0000, 0x0000, 0x0000, 0x0000, 0x0000, 0x0000, 0x0000, 0x0000, 0x0000, 0x0000, 0x0000, 0x0000, 0x0000,
    0x0000, 0x0000, 0x0000, 0x0000, 0x0000, 0x0000, 0x0000, 0x0000, 0x0000, 0x0000, 0x0000, 0x0000, 0x0000, 0x0000, 0x0000, 0x0861,
    0x10a2, 0x18c3, 0x10a2, 0x0861, 0x0020, 0x0020, 0x0882, 0x2965, 0x5acb, 0x7c10, 0x94b2, 0x9cd3, 0x9cd3, 0x8451, 0x5aeb, 0x2124,
    0x0020, 0x0000, 0x10a2, 0x31c7, 0x632c, 0x9492, 0xa534, 0x9cf3, 0x6b8d, 0x2965, 0x0882, 0x18c3, 0x4a8a, 0x8c71, 0xa534, 0x9cb2,
    0x5acb, 0x18c3, 0x0000, 0x0000, 0x0000, 0x0000, 0x0000, 0x0000, 0x0000, 0x0000, 0x0000, 0x0000, 0x0000, 0x0000, 0x0000, 0x0000,
    0x0000, 0x0000, 0x0000, 0x0000, 0x0000, 0x0000, 0x0000, 0x0000, 0x0000, 0x0000, 0x0000, 0x0000, 0x0000, 0x0000, 0x0000, 0x0000,
    0x0000, 0x0000, 0x0000, 0x0000, 0x0000, 0x0000, 0x0000, 0x0000, 0x0000, 0x0000, 0x0000, 0x0000, 0x0000, 0x0000, 0x0000, 0x0000,
    0x0000, 0x0000, 0x0000, 0x0000, 0x0020, 0x0020, 0x0000, 0x0000, 0x0000, 0x0000, 0x0020, 0x0020, 0x0000, 0x0000, 0x0000, 0x0000,
    0x0020, 0x0000, 0x0000, 0x0000, 0x0000, 0x0000, 0x0000, 0x0000, 0x0000, 0x0000, 0x0000, 0x0000, 0x0000, 0x0000, 0x0000, 0x0000,
    0x0000, 0x0000, 0x0000, 0x0000, 0x0000, 0x0000, 0x0000, 0x0000, 0x0000, 0x0000, 0x0000, 0x0000, 0x0000, 0x0000, 0x0000, 0x0000,
    0x0000, 0x0000, 0x0000, 0x0000, 0x0000, 0x0000, 0x0000, 0x0000, 0x0000, 0x0000, 0x0000, 0x0000, 0x0000, 0x0000, 0x0000, 0x0000,
    0x0000, 0x0000, 0x0000, 0x0000, 0x0000, 0x0000, 0x0000, 0x0000, 0x0000, 0x0000, 0x0000, 0x0000, 0x0000, 0x0000, 0x0000, 0x0000,
    0x0000, 0x0000, 0x0000, 0x0000, 0x0000, 0x0000, 0x0000, 0x0000, 0x0000, 0x0000, 0x0000, 0x0000, 0x0000, 0x0000, 0x0000, 0x0000,
    0x0000, 0x0000, 0x0000, 0x0000, 0x0000, 0x0000, 0x0000, 0x0000, 0x0000, 0x0000, 0x0000, 0x0000, 0x0000, 0x0000, 0x0000, 0x0000,
    0x0000, 0x0000, 0x0000, 0x0000, 0x0000, 0x0000, 0x0000, 0x0000, 0x0000, 0x0000, 0x0000, 0x0000, 0x0000, 0x0000, 0x0000, 0x0000,
    0x0000, 0x0000, 0x0000, 0x0000, 0x0000, 0x0000, 0x0000, 0x0000, 0x0000, 0x0000, 0x0000, 0x0000, 0x0000, 0x0000, 0x0000, 0x0000,
    0x0000, 0x0000, 0x0000, 0x0000, 0x0000, 0x0000, 0x0000, 0x0000, 0x0000, 0x0000, 0x0000, 0x0000, 0x0000, 0x0000, 0x0000, 0x0000,
    0x0000, 0x0000, 0x0000, 0x0000, 0x0000, 0x0000, 0x0000, 0x0000, 0x0000, 0x0000, 0x0000, 0x0000, 0x0000, 0x0000, 0x0000, 0x0000,
    0x0000, 0x0000, 0x0000, 0x0000, 0x0000, 0x0000, 0x0000, 0x0000, 0x0000, 0x0000, 0x0000, 0x0000, 0x0000, 0x0000, 0x0000, 0x0000,
    0x0000, 0x0000, 0x0000, 0x0000, 0x0000, 0x0000, 0x0000, 0x0000, 0x0000, 0x0000, 0x0000, 0x0000, 0x0000, 0x0000, 0x0000, 0x0000,
    0x0000, 0x0000, 0x0000, 0x0000, 0x0000, 0x0000, 0x0000, 0x0000, 0x0000, 0x0000, 0x0000, 0x0000, 0x0000, 0x0000, 0x0000, 0x0000,
    0x0882, 0x3186, 0x5acb, 0x738e, 0x7bcf, 0x6b8d, 0x5acb, 0x3186, 0x0882, 0x0000, 0x0000, 0x0000, 0x0882, 0x31c7, 0x632c, 0x9492,
    0xa534, 0x94b2, 0x6b8d, 0x4a69, 0x4a69, 0x630c, 0x94b2, 0xbdd7, 0xb596, 0x6b8d, 0x1904, 0x0000, 0x0000, 0x0000, 0x0000, 0x0000,
    0x0000, 0x0000, 0x0000, 0x0000, 0x0000, 0x0000, 0x0000, 0x0000, 0x0000, 0x0000, 0x0000, 0x0000, 0x0000, 0x0000, 0x0000, 0x0000,
    0x0000, 0x0000, 0x0000, 0x0000, 0x0000, 0x0000, 0x0000, 0x0000, 0x0000, 0x0000, 0x0000, 0x0000, 0x0000, 0x0000, 0x0000, 0x0000,
    0x0000, 0x0000, 0x0000, 0x0000, 0x0000, 0x0000, 0x0000, 0x0000, 0x0000, 0x0000, 0x0020, 0x0020, 0x0020, 0x0020, 0x0020, 0x0000,
    0x0000, 0x0000, 0x0000, 0x0020, 0x0000, 0x0000, 0x0000, 0x0000, 0x0000, 0x0020, 0x0020, 0x0000, 0x0000, 0x0000, 0x0000, 0x0000,
    0x0000, 0x0000, 0x0000, 0x0000, 0x0000, 0x0000, 0x0000, 0x0000, 0x0000, 0x0000, 0x0000, 0x0000, 0x0000, 0x0000, 0x0000, 0x0000,
    0x0000, 0x0000, 0x0000, 0x0000, 0x0000, 0x0000, 0x0000, 0x0000, 0x0000, 0x0000, 0x0000, 0x0000, 0x0000, 0x0000, 0x0000, 0x0000,
    0x0000, 0x0000, 0x0000, 0x0000, 0x0000, 0x0000, 0x0000, 0x0000, 0x0000, 0x0000, 0x0000, 0x0000, 0x0000, 0x0000, 0x0000, 0x0000,
    0x0000, 0x0000, 0x0000, 0x0000, 0x0000, 0x0000, 0x0000, 0x0000, 0x0000, 0x0000, 0x0000, 0x0000, 0x0000, 0x0000, 0x0000, 0x0000,
    0x0000, 0x0000, 0x0000, 0x0000, 0x0000, 0x0000, 0x0000, 0x0000, 0x0000, 0x0000, 0x0000, 0x0000, 0x0000, 0x0000, 0x0000, 0x0000,
    0x0000, 0x0000, 0x0000, 0x0000, 0x0000, 0x0000, 0x0000, 0x0000, 0x0000, 0x0000, 0x0000, 0x0000, 0x0000, 0x0000, 0x0000, 0x0000,
    0x0000, 0x0000, 0x0000, 0x0000, 0x0000, 0x0000, 0x0000, 0x0000, 0x0000, 0x0000, 0x0000, 0x0000, 0x0000, 0x0000, 0x0000, 0x0000,
    0x0000, 0x0000, 0x0000, 0x0000, 0x0000, 0x0000, 0x0000, 0x0000, 0x0000, 0x0000, 0x0000, 0x0000, 0x0000, 0x0000, 0x0000, 0x0000,
    0x0000, 0x0000, 0x0000, 0x0000, 0x0000, 0x0000, 0x0000, 0x0000, 0x0000, 0x0000, 0x0000, 0x0000, 0x0000, 0x0000, 0x0000, 0x0000,
    0x0000, 0x0000, 0x0000, 0x0000, 0x0000, 0x0000, 0x0000, 0x0000, 0x0000, 0x0000, 0x0000, 0x0000, 0x0000, 0x0000, 0x0000, 0x0000,
    0x0000, 0x0000, 0x0000, 0x0000, 0x0000, 0x0000, 0x0000, 0x0000, 0x0000, 0x0000, 0x0000, 0x0000, 0x0000, 0x0000, 0x0000, 0x0000,
    0x0000, 0x0000, 0x0000, 0x0000, 0x0000, 0x0000, 0x0000, 0x0000, 0x0000, 0x0000, 0x0000, 0x0000, 0x0000, 0x0000, 0x0000, 0x0000,
    0x0000, 0x0000, 0x0000, 0x0000, 0x0000, 0x0000, 0x0000, 0x0000, 0x0000, 0x0000, 0x0882, 0x2124, 0x3186, 0x3186, 0x2965, 0x1904,
    0x0882, 0x0000, 0x0000, 0x0000, 0x0000, 0x0000, 0x0861, 0x2945, 0x52aa, 0x8430, 0x9cf3, 0xa575, 0x9cd3, 0x9492, 0x8451, 0x9cf3,
    0xbdd7, 0xad75, 0x6b6d, 0x18e3, 0x0000, 0x0000, 0x0000, 0x0000, 0x0000, 0x0000, 0x0000, 0x0000, 0x0000, 0x0000, 0x0000, 0x0000,
    0x0000, 0x0000, 0x0000, 0x0000, 0x0000, 0x0000, 0x0000, 0x0000, 0x0000, 0x0000, 0x0000, 0x0000, 0x0000, 0x0000, 0x0000, 0x0000,
    0x0000, 0x0000, 0x0000, 0x0000, 0x0000, 0x0000, 0x0000, 0x0000, 0x0000, 0x0000, 0x0000, 0x0000, 0x0000, 0x0000, 0x0000, 0x0000,
    0x0000, 0x0000, 0x0000, 0x0000, 0x0000, 0x0000, 0x0020, 0x0020, 0x0000, 0x0000, 0x0000, 0x0000, 0x0020, 0x0000, 0x0000, 0x0000,
    0x0020, 0x0020, 0x0020, 0x0020, 0x0000, 0x0000, 0x0000, 0x0000, 0x0000, 0x0000, 0x0000, 0x0000, 0x0000, 0x0000, 0x0000, 0x0000,
    0x0000, 0x0000, 0x0000, 0x0000, 0x0000, 0x0000, 0x0000, 0x0000, 0x0000, 0x0000, 0x0000, 0x0000, 0x0000, 0x0000, 0x0000, 0x0000,
    0x0000, 0x0000, 0x0000, 0x0000, 0x0000, 0x0000, 0x0000, 0x0000, 0x0000, 0x0000, 0x0000, 0x0000, 0x0000, 0x0000, 0x0000, 0x0000,
    0x0000, 0x0000, 0x0000, 0x0000, 0x0000, 0x0000, 0x0000, 0x0000, 0x0000, 0x0000, 0x0000, 0x0000, 0x0000, 0x0000, 0x0000, 0x0000,
    0x0000, 0x0000, 0x0000, 0x0000, 0x0000, 0x0000, 0x0000, 0x0000, 0x0000, 0x0000, 0x0000, 0x0000, 0x0000, 0x0000, 0x0000, 0x0000,
    0x0000, 0x0000, 0x0000, 0x0000, 0x0000, 0x0000, 0x0000, 0x0000, 0x0000, 0x0000, 0x0000, 0x0000, 0x0000, 0x0000, 0x0000, 0x0000,
    0x0000, 0x0000, 0x0000, 0x0000, 0x0000, 0x0000, 0x0000, 0x0000, 0x0000, 0x0000, 0x0000, 0x0000, 0x0000, 0x0000, 0x0000, 0x0000,
    0x0000, 0x0000, 0x0000, 0x0000, 0x0000, 0x0000, 0x0000, 0x0000, 0x0000, 0x0000, 0x0000, 0x0000, 0x0000, 0x0000, 0x0000, 0x0000,
    0x0000, 0x0000, 0x0000, 0x0000, 0x0000, 0x0000, 0x0000, 0x0000, 0x0000, 0x0000, 0x0000, 0x0000, 0x0000, 0x0000, 0x0000, 0x0000,
    0x0000, 0x0000, 0x0000, 0x0000, 0x0000, 0x0000, 0x0000, 0x0000, 0x0000, 0x0000, 0x0000, 0x0000, 0x0000, 0x0000, 0x0000, 0x0000,
    0x0000, 0x0000, 0x0000, 0x0000, 0x0000, 0x0000, 0x0000, 0x0000, 0x0000, 0x0000, 0x0000, 0x0000, 0x0000, 0x0000, 0x0000, 0x0000,
    0x0000, 0x0000, 0x0000, 0x0000, 0x0000, 0x0000, 0x0000, 0x0000, 0x0000, 0x0000, 0x0000, 0x0000, 0x0000, 0x0000, 0x0000, 0x0000,
    0x0000, 0x0000, 0x0000, 0x0000, 0x0000, 0x0000, 0x0000, 0x0000, 0x0000, 0x0000, 0x0000, 0x0000, 0x0000, 0x0000, 0x0000, 0x0000,
    0x0000, 0x0000, 0x0000, 0x0000, 0x0000, 0x0000, 0x0020, 0x0000, 0x0000, 0x0000, 0x0000, 0x0000, 0x0000, 0x0000, 0x0000, 0x0000,
    0x0000, 0x18c3, 0x4a69, 0x8451, 0xbdd7, 0xc679, 0xbdd7, 0x9cf3, 0x9cd3, 0x9cf3, 0x8c71, 0x4a8a, 0x10a2, 0x0000, 0x0000, 0x0000,
    0x0000, 0x0000, 0x0000, 0x0000, 0x0000, 0x0000, 0x0000, 0x0000, 0x0000, 0x0000, 0x0000, 0x0000, 0x0000, 0x0000, 0x0000, 0x0000,
    0x0000, 0x0000, 0x0000, 0x0000, 0x0000, 0x0000, 0x0000, 0x0000, 0x0000, 0x0000, 0x0000, 0x0000, 0x0000, 0x0000, 0x0000, 0x0000,
    0x0000, 0x0000, 0x0000, 0x0000, 0x0000, 0x0000, 0x0000, 0x0000, 0x0000, 0x0000, 0x0000, 0x0000, 0x0000, 0x0000, 0x0000, 0x0000,
    0x0020, 0x0020, 0x0000, 0x0000, 0x0020, 0x0000, 0x0000, 0x0000, 0x0000, 0x0000, 0x0020, 0x0020, 0x0000, 0x0000, 0x0000, 0x0000,
    0x0000, 0x0000, 0x0000, 0x0000, 0x0000, 0x0000, 0x0000, 0x0000, 0x0000, 0x0000, 0x0000, 0x0000, 0x0000, 0x0000, 0x0000, 0x0000,
    0x0000, 0x0000, 0x0000, 0x0000, 0x0000, 0x0000, 0x0000, 0x0000, 0x0000, 0x0000, 0x0000, 0x0000, 0x0000, 0x0000, 0x0000, 0x0000,
    0x0000, 0x0000, 0x0000, 0x0000, 0x0000, 0x0000, 0x0000, 0x0000, 0x0000, 0x0000, 0x0000, 0x0000, 0x0000, 0x0000, 0x0000, 0x0000,
    0x0000, 0x0000, 0x0000, 0x0000, 0x0000, 0x0000, 0x0000, 0x0000, 0x0000, 0x0000, 0x0000, 0x0000, 0x0000, 0x0000, 0x0000, 0x0000,
    0x0000, 0x0000, 0x0000, 0x0000, 0x0000, 0x0000, 0x0000, 0x0000, 0x0000, 0x0000, 0x0000, 0x0000, 0x0000, 0x0000, 0x0000, 0x0000,
    0x0000, 0x0000, 0x0000, 0x0000, 0x0000, 0x0000, 0x0000, 0x0000, 0x0000, 0x0000, 0x0000, 0x0000, 0x0000, 0x0000, 0x0000, 0x0000,
    0x0000, 0x0000, 0x0000, 0x0000, 0x0000, 0x0000, 0x0000, 0x0000, 0x0000, 0x0000, 0x0000, 0x0000, 0x0000, 0x0000, 0x0000, 0x0000,
    0x0000, 0x0000, 0x0000, 0x0000, 0x0000, 0x0000, 0x0000, 0x0000, 0x0000, 0x0000, 0x0000, 0x0000, 0x0000, 0x0000, 0x0000, 0x0000,
    0x0000, 0x0000, 0x0000, 0x0000, 0x0000, 0x0000, 0x0000, 0x0000, 0x0000, 0x0000, 0x0000, 0x0000, 0x0000, 0x0000, 0x0000, 0x0000,
    0x0000, 0x0000, 0x0000, 0x0000, 0x0000, 0x0000, 0x0000, 0x0000, 0x0000, 0x0000, 0x0000, 0x0000, 0x0000, 0x0000, 0x0000, 0x0000,
    0x0000, 0x0000, 0x0000, 0x0000, 0x0000, 0x0000, 0x0000, 0x0000, 0x0000, 0x0000, 0x0000, 0x0000, 0x0000, 0x0000, 0x0000, 0x0000,
    0x0000, 0x0000, 0x0000, 0x0000, 0x0000, 0x0000, 0x0000, 0x0000, 0x0000, 0x0000, 0x0000, 0x0000, 0x0000, 0x0000, 0x0000, 0x0000,
    0x0000, 0x0000, 0x0000, 0x0000, 0x0000, 0x0000, 0x0000, 0x0000, 0x0000, 0x0000, 0x0000, 0x0000, 0x0000, 0x0000, 0x0000, 0x0000,
    0x0000, 0x0000, 0x0000, 0x0000, 0x0000, 0x0000, 0x0000, 0x0000, 0x0000, 0x0000, 0x0000, 0x1904, 0x52aa, 0x8c71, 0xa534, 0x9cf3,
    0x8451, 0x7bcf, 0x632c, 0x4a8a, 0x2945, 0x0861, 0x0000, 0x0000, 0x0000, 0x0000, 0x0000, 0x0000, 0x0000, 0x0000, 0x0000, 0x0000,
    0x0000, 0x0000, 0x0000, 0x0000, 0x0000, 0x0000, 0x0000, 0x0000, 0x0000, 0x0000, 0x0000, 0x0000, 0x0000, 0x0000, 0x0000, 0x0000,
    0x0000, 0x0000, 0x0000, 0x0000, 0x0000, 0x0000, 0x0000, 0x0000, 0x0000, 0x0000, 0x0000, 0x0000, 0x0000, 0x0000, 0x0000, 0x0000,
    0x0000, 0x0000, 0x0000, 0x0000, 0x0000, 0x0000, 0x0000, 0x0000, 0x0000, 0x0020, 0x0020, 0x0000, 0x0000, 0x0020, 0x0000, 0x0000,
    0x0000, 0x0000, 0x0000, 0x0000, 0x0000, 0x0000, 0x0000, 0x0000, 0x0000, 0x0000, 0x0000, 0x0000, 0x0000, 0x0000, 0x0000, 0x0000,
    0x0000, 0x0000, 0x0000, 0x0000, 0x0000, 0x0000, 0x0000, 0x0000, 0x0000, 0x0000, 0x0000, 0x0000, 0x0000, 0x0000, 0x0000, 0x0000,
    0x0000, 0x0000, 0x0000, 0x0000, 0x0000, 0x0000, 0x0000, 0x0000, 0x0000, 0x0000, 0x0000, 0x0000, 0x0000, 0x0000, 0x0000, 0x0000,
    0x0000, 0x0000, 0x0000, 0x0000, 0x0000, 0x0000, 0x0000, 0x0000, 0x0000, 0x0000, 0x0000, 0x0000, 0x0000, 0x0000, 0x0000, 0x0000,
    0x0000, 0x0000, 0x0000, 0x0000, 0x0000, 0x0000, 0x0000, 0x0000, 0x0000, 0x0000, 0x0000, 0x0000, 0x0000, 0x0000, 0x0000, 0x0000,
    0x0000, 0x0000, 0x0000, 0x0000, 0x0000, 0x0000, 0x0000, 0x0000, 0x0000, 0x0000, 0x0000, 0x0000, 0x0000, 0x0000, 0x0000, 0x0000,
    0x0000, 0x0000, 0x0000, 0x0000, 0x0000, 0x0000, 0x0000, 0x0000, 0x0000, 0x0000, 0x0000, 0x0000, 0x0000, 0x0000, 0x0000, 0x0000,
    0x0000, 0x0000, 0x0000, 0x0000, 0x0000, 0x0000, 0x0000, 0x0000, 0x0000, 0x0000, 0x0000, 0x0000, 0x0000, 0x0000, 0x0000, 0x0000,
    0x0000, 0x0000, 0x0000, 0x0000, 0x0000, 0x0000, 0x0000, 0x0000, 0x0000, 0x0000, 0x0000, 0x0000, 0x0000, 0x0000, 0x0000, 0x0000,
    0x0000, 0x0000, 0x0000, 0x0000, 0x0000, 0x0000, 0x0000, 0x0000, 0x0000, 0x0000, 0x0000, 0x0000, 0x0000, 0x0000, 0x0000, 0x0000,
    0x0000, 0x0000, 0x0000, 0x0000, 0x0000, 0x0000, 0x0000, 0x0000, 0x0000, 0x0000, 0x0000, 0x0000, 0x0000, 0x0000, 0x0000, 0x0000,
    0x0000, 0x0000, 0x0000, 0x0000, 0x0000, 0x0000, 0x0000, 0x0000, 0x0000, 0x0000, 0x0000, 0x0000, 0x0000, 0x0000, 0x0000, 0x0000,
    0x0000, 0x0000, 0x0000, 0x0000, 0x0000, 0x0000, 0x0000, 0x0000, 0x0000, 0x0000, 0x0000, 0x0000, 0x0000, 0x0000, 0x0000, 0x0000,
    0x0000, 0x0000, 0x0000, 0x0000, 0x0000, 0x0000, 0x0000, 0x0000, 0x0000, 0x0000, 0x0000, 0x0000, 0x0000, 0x0000, 0x0000, 0x0000,
    0x0000, 0x0000, 0x0000, 0x0000, 0x0020, 0x18e3, 0x4208, 0x5aeb, 0x630c, 0x5acb, 0x4249, 0x2965, 0x18e3, 0x0861, 0x0000, 0x0000,
    0x0000, 0x0000, 0x0000, 0x0000, 0x0000, 0x0000, 0x0000, 0x0000, 0x0000, 0x0000, 0x0000, 0x0000, 0x0000, 0x0000, 0x0000, 0x0000,
    0x0000, 0x0000, 0x0000, 0x0000, 0x0000, 0x0000, 0x0000, 0x0000, 0x0000, 0x0000, 0x0000, 0x0000, 0x0000, 0x0000, 0x0000, 0x0000,
    0x0000, 0x0000, 0x0000, 0x0000, 0x0000, 0x0000, 0x0000, 0x0000, 0x0000, 0x0000, 0x0000, 0x0000, 0x0000, 0x0000, 0x0000, 0x0000,
    0x0000, 0x0000, 0x0020, 0x0020, 0x0000, 0x0020, 0x0000, 0x0000, 0x0000, 0x0000, 0x0000, 0x0000, 0x0000, 0x0000, 0x0000, 0x0000,
    0x0000, 0x0000, 0x0000, 0x0000, 0x0000, 0x0000, 0x0000, 0x0000, 0x0000, 0x0000, 0x0000, 0x0000, 0x0000, 0x0000, 0x0000, 0x0000,
    0x0000, 0x0000, 0x0000, 0x0000, 0x0000, 0x0000, 0x0000, 0x0000, 0x0000, 0x0000, 0x0000, 0x0000, 0x0000, 0x0000, 0x0000, 0x0000,
    0x0000, 0x0000, 0x0000, 0x0000, 0x0000, 0x0000, 0x0000, 0x0000, 0x0000, 0x0000, 0x0000, 0x0000, 0x0000, 0x0000, 0x0000, 0x0000,
    0x0000, 0x0000, 0x0000, 0x0000, 0x0000, 0x0000, 0x0000, 0x0000, 0x0000, 0x0000, 0x0000, 0x0000, 0x0000, 0x0000, 0x0000, 0x0000,
    0x0000, 0x0000, 0x0000, 0x0000, 0x0000, 0x0000, 0x0000, 0x0000, 0x0000, 0x0000, 0x0000, 0x0000, 0x0000, 0x0000, 0x0000, 0x0000,
    0x0000, 0x0000, 0x0000, 0x0000, 0x0000, 0x0000, 0x0000, 0x0000, 0x0000, 0x0000, 0x0000, 0x0000, 0x0000, 0x0000, 0x0000, 0x0000,
    0x0000, 0x0000, 0x0000, 0x0000, 0x0000, 0x0000, 0x0000, 0x0000, 0x0000, 0x0000, 0x0000, 0x0000, 0x0000, 0x0000, 0x0000, 0x0000,
    0x0000, 0x0000, 0x0000, 0x0000, 0x0000, 0x0000, 0x0000, 0x0000, 0x0000, 0x0000, 0x0000, 0x0000, 0x0000, 0x0000, 0x0000, 0x0000,
    0x0000, 0x0000, 0x0000, 0x0000, 0x0000, 0x0000, 0x0000, 0x0000, 0x0000, 0x0000, 0x0000, 0x0000, 0x0000, 0x0000, 0x0000, 0x0000,
    0x0000, 0x0000, 0x0000, 0x0000, 0x0000, 0x0000, 0x0000, 0x0000, 0x0000, 0x0000, 0x0000, 0x0000, 0x0000, 0x0000, 0x0000, 0x0000,
    0x0000, 0x0000, 0x0000, 0x0000, 0x0000, 0x0000, 0x0000, 0x0000, 0x0000, 0x0000, 0x0000, 0x0000, 0x0000, 0x0000, 0x0000, 0x0000,
    0x0000, 0x0000, 0x0000, 0x0000, 0x0000, 0x0000, 0x0000, 0x0000, 0x0000, 0x0000, 0x0000, 0x0000, 0x0000, 0x0000, 0x0000, 0x0000,
    0x0000, 0x0000, 0x0000, 0x0000, 0x0000, 0x0000, 0x0000, 0x0000, 0x0000, 0x0000, 0x0000, 0x0000, 0x0000, 0x0000, 0x0000, 0x0000,
    0x0000, 0x0000, 0x0000, 0x0000, 0x0000, 0x0000, 0x0000, 0x0000, 0x0000, 0x0000, 0x0000, 0x0000, 0x0000, 0x0000, 0x0000, 0x0861,
    0x18c3, 0x2124, 0x2945, 0x18e3, 0x0861, 0x0000, 0x0000, 0x0000, 0x0000, 0x0000, 0x0000, 0x0000, 0x0000, 0x0000, 0x0000, 0x0000,
    0x0000, 0x0000, 0x0000, 0x0000, 0x0000, 0x0000, 0x0000, 0x0000, 0x0000, 0x0000, 0x0000, 0x0000, 0x0000, 0x0000, 0x0000, 0x0000,
    0x0000, 0x0000, 0x0000, 0x0000, 0x0000, 0x0000, 0x0000, 0x0000, 0x0000, 0x0000, 0x0000, 0x0000, 0x0000, 0x0000, 0x0000, 0x0000,
    0x0000, 0x0000, 0x0000, 0x0000, 0x0000, 0x0000, 0x0000, 0x0000, 0x0000, 0x0000, 0x0000, 0x0020, 0x0020, 0x0000, 0x0000, 0x0000,
    0x0000, 0x0000, 0x0000, 0x0000, 0x0000, 0x0000, 0x0000, 0x0000, 0x0000, 0x0000, 0x0000, 0x0000, 0x0000, 0x0000, 0x0000, 0x0000,
    0x0000, 0x0000, 0x0000, 0x0000, 0x0000, 0x0000, 0x0000, 0x0000, 0x0000, 0x0000, 0x0000, 0x0000, 0x0000, 0x0000, 0x0000, 0x0000,
    0x0000, 0x0000, 0x0000, 0x0000, 0x0000, 0x0000, 0x0000, 0x0000, 0x0000, 0x0000, 0x0000, 0x0000, 0x0000, 0x0000, 0x0000, 0x0000,
    0x0000, 0x0000, 0x0000, 0x0000, 0x0000, 0x0000, 0x0000, 0x0000, 0x0000, 0x0000, 0x0000, 0x0000, 0x0000, 0x0000, 0x0000, 0x0000,
    0x0000, 0x0000, 0x0000, 0x0000, 0x0000, 0x0000, 0x0000, 0x0000, 0x0000, 0x0000, 0x0000, 0x0000, 0x0000, 0x0000, 0x0000, 0x0000,
    0x0000, 0x0000, 0x0000, 0x0000, 0x0000, 0x0000, 0x0000, 0x0000, 0x0000, 0x0000, 0x0000, 0x0000, 0x0000, 0x0000, 0x0000, 0x0000,
    0x0000, 0x0000, 0x0000, 0x0000, 0x0000, 0x0000, 0x0000, 0x0000, 0x0000, 0x0000, 0x0000, 0x0000, 0x0000, 0x0000, 0x0000, 0x0000,
    0x0000, 0x0000, 0x0000, 0x0000, 0x0000, 0x0000, 0x0000, 0x0000, 0x0000, 0x0000, 0x0000, 0x0000, 0x0000, 0x0000, 0x0000, 0x0000,
    0x0000, 0x0000, 0x0000, 0x0000, 0x0000, 0x0000, 0x0000, 0x0000, 0x0000, 0x0000, 0x0000, 0x0000, 0x0000, 0x0000, 0x0000, 0x0000,
    0x0000, 0x0000, 0x0000, 0x0000, 0x0000, 0x0000, 0x0000, 0x0000, 0x0000, 0x0000, 0x0000, 0x0000, 0x0000, 0x0000, 0x0000, 0x0000,
    0x0000, 0x0000, 0x0000, 0x0000, 0x0000, 0x0000, 0x0000, 0x0000, 0x0000, 0x0000, 0x0000, 0x0000, 0x0000, 0x0000, 0x0000, 0x0000,
    0x0000, 0x0000, 0x0000, 0x0000, 0x0000, 0x0000, 0x0000, 0x0000, 0x0000, 0x0000, 0x0000, 0x0000, 0x0000, 0x0000, 0x0000, 0x0000,
    0x0000, 0x0000, 0x0000, 0x0000, 0x0000, 0x0000, 0x0000, 0x0000, 0x0000, 0x0000, 0x0000, 0x0000, 0x0000, 0x0000, 0x0000, 0x0000,
    0x0000, 0x0000, 0x0000, 0x0000, 0x0000, 0x0000, 0x0000, 0x0000, 0x0000, 0x0000, 0x0000, 0x0000, 0x0000, 0x0000, 0x0000, 0x0000,
    0x0000, 0x0000, 0x0000, 0x0000, 0x0000, 0x0000, 0x0000, 0x0000, 0x0000, 0x0000, 0x0000, 0x0020, 0x0020, 0x0000, 0x0000, 0x0000,
    0x0000, 0x0000, 0x0000, 0x0000, 0x0000, 0x0000, 0x0000, 0x0000, 0x0000, 0x0000, 0x0000, 0x0000, 0x0000, 0x0000, 0x0000, 0x0000,
    0x0000, 0x0000, 0x0000, 0x0000, 0x0000, 0x0000, 0x0000, 0x0000, 0x0000, 0x0000, 0x0000, 0x0000, 0x0000, 0x0000, 0x0000, 0x0000,
    0x0000, 0x0000, 0x0000, 0x0000, 0x0000, 0x0000, 0x0000, 0x0000, 0x0000, 0x0000, 0x0000, 0x0000, 0x0000, 0x0000, 0x0000, 0x0000,
    0x0000, 0x0000, 0x0000, 0x0000, 0x0000, 0x0000, 0x0000, 0x0000, 0x0000, 0x0000, 0x0000, 0x0000, 0x0000, 0x0000, 0x0000, 0x0000,
    0x0000, 0x0000, 0x0000, 0x0000, 0x0000, 0x0000, 0x0000, 0x0000, 0x0000, 0x0000, 0x0000, 0x0000, 0x0000, 0x0000, 0x0000, 0x0000,
    0x0000, 0x0000, 0x0000, 0x0000, 0x0000, 0x0000, 0x0000, 0x0000, 0x0000, 0x0000, 0x0000, 0x0000, 0x0000, 0x0000, 0x0000, 0x0000,
    0x0000, 0x0000, 0x0000, 0x0000, 0x0000, 0x0000, 0x0000, 0x0000, 0x0000, 0x0000, 0x0000, 0x0000, 0x0000, 0x0000, 0x0000, 0x0000,
    0x0000, 0x0000, 0x0000, 0x0000, 0x0000, 0x0000, 0x0000, 0x0000, 0x0000, 0x0000, 0x0000, 0x0000, 0x0000, 0x0000, 0x0000, 0x0000,
    0x0000, 0x0000, 0x0000, 0x0000, 0x0000, 0x0000, 0x0000, 0x0000, 0x0000, 0x0000, 0x0000, 0x0000, 0x0000, 0x0000, 0x0000, 0x0000,
    0x0000, 0x0000, 0x0000, 0x0000, 0x0000, 0x0000, 0x0000, 0x0000, 0x0000, 0x0000, 0x0000, 0x0000, 0x0000, 0x0000, 0x0000, 0x0000,
    0x0000, 0x0000, 0x0000, 0x0000, 0x0000, 0x0000, 0x0000, 0x0000, 0x0000, 0x0000, 0x0000, 0x0000, 0x0000, 0x0000, 0x0000, 0x0000,
    0x0000, 0x0000, 0x0000, 0x0000, 0x0000, 0x0000, 0x0000, 0x0000, 0x0000, 0x0000, 0x0000, 0x0000, 0x0000, 0x0000, 0x0000, 0x0000,
    0x0000, 0x0000, 0x0000, 0x0000, 0x0000, 0x0000, 0x0000, 0x0000, 0x0000, 0x0000, 0x0000, 0x0000, 0x0000, 0x0000, 0x0000, 0x0000,
    0x0000, 0x0000, 0x0000, 0x0000, 0x0000, 0x0000, 0x0000, 0x0000, 0x0000, 0x0000, 0x0000, 0x0000, 0x0000, 0x0000, 0x0000, 0x0000,
    0x0000, 0x0000, 0x0000, 0x0000, 0x0000, 0x0000, 0x0000, 0x0000, 0x0000, 0x0000, 0x0000, 0x0000, 0x0000, 0x0000, 0x0000, 0x0000,
    0x0000, 0x0000, 0x0000, 0x0000, 0x0000, 0x0000, 0x0000, 0x0000, 0x0000, 0x0000, 0x0000, 0x0000, 0x0000, 0x0000, 0x0000, 0x0000,
    0x0000, 0x0000, 0x0000, 0x0000, 0x0000, 0x0000, 0x0000, 0x0000, 0x0000, 0x0000, 0x0000, 0x0000, 0x0000, 0x0000, 0x0000, 0x0000,
    0x0000, 0x0000, 0x0000, 0x0000, 0x0000, 0x0000, 0x0000, 0x0000, 0x0000, 0x0000, 0x0000, 0x0000, 0x0000, 0x0000, 0x0000, 0x0000,
    0x0000, 0x0000, 0x0000, 0x0000, 0x0000, 0x0000, 0x0000, 0x0000, 0x0000, 0x0000, 0x0000, 0x0000, 0x0000, 0x0000, 0x0000, 0x0000,
    0x0000, 0x0000, 0x0000, 0x0000, 0x0000, 0x0000, 0x0000, 0x0000, 0x0000, 0x0000, 0x0000, 0x0000, 0x0000, 0x0000, 0x0000, 0x0000,
    0x0000, 0x0000, 0x0000, 0x0000, 0x0000, 0x0000, 0x0000, 0x0000, 0x0000, 0x0000, 0x0000, 0x0000, 0x0000, 0x0000, 0x0000, 0x0000,
    0x0000, 0x0000, 0x0000, 0x0000, 0x0000, 0x0000, 0x0000, 0x0000, 0x0000, 0x0000, 0x0000, 0x0000, 0x0000, 0x0000, 0x0000, 0x0000,
    0x0000, 0x0000, 0x0000, 0x0000, 0x0000, 0x0000, 0x0000, 0x0000, 0x0000, 0x0000, 0x0000, 0x0000, 0x0000, 0x0000, 0x0000, 0x0000,
    0x0000, 0x0000, 0x0000, 0x0000, 0x0000, 0x0000, 0x0000, 0x0000, 0x0000, 0x0000, 0x0000, 0x0000, 0x0000, 0x0000, 0x0000, 0x0000,
    0x0000, 0x0000, 0x0000, 0x0000, 0x0000, 0x0000, 0x0000, 0x0000, 0x0000, 0x0000, 0x0000, 0x0000, 0x0000, 0x0000, 0x0000, 0x0000,
    0x0000, 0x0000, 0x0000, 0x0000, 0x0000, 0x0000, 0x0000, 0x0000, 0x0000, 0x0000, 0x0000, 0x0000, 0x0000, 0x0000, 0x0000, 0x0000,
    0x0000, 0x0000, 0x0000, 0x0000, 0x0000, 0x0000, 0x0000, 0x0000, 0x0000, 0x0000, 0x0000, 0x0000, 0x0000, 0x0000, 0x0000, 0x0000,
    0x0000, 0x0000, 0x0000, 0x0000, 0x0000, 0x0000, 0x0000, 0x0000, 0x0000, 0x0000, 0x0000, 0x0000, 0x0000, 0x0000, 0x0000, 0x0000,
    0x0000, 0x0000, 0x0000, 0x0000, 0x0000, 0x0000, 0x0000, 0x0000, 0x0000, 0x0000, 0x0000, 0x0000, 0x0000, 0x0000, 0x0000, 0x0000,
    0x0000, 0x0000, 0x0000, 0x0000, 0x0000, 0x0000, 0x0000, 0x0000, 0x0000, 0x0000, 0x0000, 0x0000, 0x0000, 0x0000, 0x0000, 0x0000,
    0x0000, 0x0000, 0x0000, 0x0000, 0x0000, 0x0000, 0x0000, 0x0000, 0x0000, 0x0000, 0x0000, 0x0000, 0x0000, 0x0000, 0x0000, 0x0000,
    0x0000, 0x0000, 0x0000, 0x0000, 0x0000, 0x0000, 0x0000, 0x0000, 0x0000, 0x0000, 0x0000, 0x0000, 0x0000, 0x0000, 0x0000, 0x0000,
    0x0000, 0x0000, 0x0000, 0x0000, 0x0000, 0x0000, 0x0000, 0x0000, 0x0000, 0x0000, 0x0000, 0x0000, 0x0000, 0x0000, 0x0000, 0x0000,
    0x0000, 0x0000, 0x0000, 0x0000, 0x0000, 0x0000, 0x0000, 0x0000, 0x0000, 0x0000, 0x0000, 0x0000, 0x0000, 0x0000, 0x0000, 0x0000,
    0x0000, 0x0000, 0x0000, 0x0000, 0x0000, 0x0000, 0x0000, 0x0000, 0x0000, 0x0000, 0x0000, 0x0000, 0x0000, 0x0000, 0x0000, 0x0000,
    0x0000, 0x0000, 0x0000, 0x0000, 0x0000, 0x0000, 0x0000, 0x0000, 0x0000, 0x0000, 0x0000, 0x0000, 0x0000, 0x0000, 0x0000, 0x0000,
    0x0000, 0x0000, 0x0000, 0x0000, 0x0000, 0x0000, 0x0000, 0x0000, 0x0000, 0x0000, 0x0000, 0x0000, 0x0000, 0x0000, 0x0000, 0x0000,
    0x0000, 0x0000, 0x0000, 0x0000, 0x0000, 0x0000, 0x0000, 0x0000, 0x0000, 0x0000, 0x0000, 0x0000, 0x0000, 0x0000, 0x0000, 0x0000,
    0x0000, 0x0000, 0x0000, 0x0000, 0x0000, 0x0000, 0x0000, 0x0000, 0x0000, 0x0000, 0x0000, 0x0000, 0x0000, 0x0000, 0x0000, 0x0000,
    0x0000, 0x0000, 0x0000, 0x0000, 0x0000, 0x0000, 0x0000, 0x0000, 0x0000, 0x0000, 0x0000, 0x0000, 0x0000, 0x0000, 0x0000, 0x0000,
    0x0000, 0x0000, 0x0000, 0x0000, 0x0000, 0x0000, 0x0000, 0x0000, 0x0000, 0x0000, 0x0000, 0x0000, 0x0000, 0x0000, 0x0000, 0x0000,
    0x0000, 0x0000, 0x0000, 0x0000, 0x0000, 0x0000, 0x0000, 0x0000, 0x0000, 0x0000, 0x0000, 0x0000, 0x0000, 0x0000, 0x0000, 0x0000,
    0x0000, 0x0000, 0x0000, 0x0000, 0x0000, 0x0000, 0x0000, 0x0000, 0x0000, 0x0000, 0x0000, 0x0000, 0x0000, 0x0000, 0x0000, 0x0000,
    0x0000, 0x0000, 0x0000, 0x0000, 0x0000, 0x0000, 0x0000, 0x0000, 0x0000, 0x0000, 0x0000, 0x0000, 0x0000, 0x0000, 0x0000, 0x0000,
    0x0000, 0x0000, 0x0000, 0x0000, 0x0000, 0x0000, 0x0000, 0x0000, 0x0000, 0x0000, 0x0000, 0x0000, 0x0000, 0x0000, 0x0000, 0x0000,
    0x0000, 0x0000, 0x0000, 0x0000, 0x0000, 0x0000, 0x0000, 0x0000, 0x0000, 0x0000, 0x0000, 0x0000, 0x0000, 0x0000, 0x0000, 0x0000,
    0x0000, 0x0000, 0x0000, 0x0000, 0x0000, 0x0000, 0x0000, 0x0000, 0x0000, 0x0000, 0x0000, 0x0000, 0x0000, 0x0000, 0x0000, 0x0000,
    0x0000, 0x0000, 0x0000, 0x0000, 0x0000, 0x0000, 0x0000, 0x0000, 0x0000, 0x0000, 0x0000, 0x0000, 0x0000, 0x0000, 0x0000, 0x0000,
    0x0000, 0x0000, 0x0000, 0x0000, 0x0000, 0x0000, 0x0000, 0x0000, 0x0000, 0x0000, 0x0000, 0x0000, 0x0000, 0x0000, 0x0000, 0x0000,
    0x0000, 0x0000, 0x0000, 0x0000, 0x0000, 0x0000, 0x0000, 0x0000, 0x0000, 0x0000, 0x0000, 0x0000, 0x0000, 0x0000, 0x0000, 0x0000,
    0x0000, 0x0000, 0x0000, 0x0000, 0x0000, 0x0000, 0x0000, 0x0000, 0x0000, 0x0000, 0x0000, 0x0000, 0x0000, 0x0000, 0x0000, 0x0000,
    0x0000, 0x0000, 0x0000, 0x0000, 0x0000, 0x0000, 0x0000, 0x0000, 0x0000, 0x0000, 0x0000, 0x0000, 0x0000, 0x0000, 0x0000, 0x0000,
    0x0000, 0x0000, 0x0000, 0x0000, 0x0000, 0x0000, 0x0000, 0x0000, 0x0000, 0x0000, 0x0000, 0x0000, 0x0000, 0x0000, 0x0000, 0x0000,
    0x0000, 0x0000, 0x0000, 0x0000, 0x0000, 0x0000, 0x0000, 0x0000, 0x0000, 0x0000, 0x0000, 0x0000, 0x0000, 0x0000, 0x0000, 0x0000,
    0x0000, 0x0000, 0x0000, 0x0000, 0x0000, 0x0000, 0x0000, 0x0000, 0x0000, 0x0000, 0x0000, 0x0000, 0x0000, 0x0000, 0x0000, 0x0000,
    0x0000, 0x0000, 0x0000, 0x0000, 0x0000, 0x0000, 0x0000, 0x0000, 0x0000, 0x0000, 0x0000, 0x0000, 0x0000, 0x0000, 0x0000, 0x0000,
    0x0000, 0x0000, 0x0000, 0x0000, 0x0000, 0x0000, 0x0000, 0x0000, 0x0000, 0x0000, 0x0000, 0x0000, 0x0000, 0x0000, 0x0000, 0x0000,
    0x0000, 0x0000, 0x0000, 0x0000, 0x0000, 0x0000, 0x0000, 0x0000, 0x0000, 0x0000, 0x0000, 0x0000, 0x0000, 0x0000, 0x0000, 0x0000,
    0x0000, 0x0000, 0x0000, 0x0000, 0x0000, 0x0000, 0x0000, 0x0000, 0x0000, 0x0000, 0x0000, 0x0000, 0x0000, 0x0000, 0x0000, 0x0000,
    0x0000, 0x0000, 0x0000, 0x0000, 0x0000, 0x0000, 0x0000, 0x0000, 0x0000, 0x0000, 0x0000, 0x0000, 0x0000, 0x0000, 0x0000, 0x0000,
    0x0000, 0x0000, 0x0000, 0x0000, 0x0000, 0x0000, 0x0000, 0x0000, 0x0000, 0x0000, 0x0000, 0x0000, 0x0000, 0x0000, 0x0000, 0x0000,
    0x0000, 0x0000, 0x0000, 0x0000, 0x0000, 0x0000, 0x0000, 0x0000, 0x0000, 0x0000, 0x0000, 0x0000, 0x0000, 0x0000, 0x0000, 0x0000,
    0x0000, 0x0000, 0x0000, 0x0000, 0x0000, 0x0000, 0x0000, 0x0000, 0x0000, 0x0000, 0x0000, 0x0000, 0x0000, 0x0000, 0x0000, 0x0000,
    0x0000, 0x0000, 0x0000, 0x0000, 0x0000, 0x0000, 0x0000, 0x0000, 0x0000, 0x0000, 0x0000, 0x0000, 0x0000, 0x0000, 0x0000, 0x0000,
    0x0000, 0x0000, 0x0000, 0x0000, 0x0000, 0x0000, 0x0000, 0x0000, 0x0000, 0x0000, 0x0000, 0x0000, 0x0000, 0x0000, 0x0000, 0x0000,
    0x0000, 0x0000, 0x0000, 0x0000, 0x0000, 0x0000, 0x0000, 0x0000, 0x0000, 0x0000, 0x0000, 0x0000, 0x0000, 0x0000, 0x0000, 0x0000,
    0x0000, 0x0000, 0x0000, 0x0000, 0x0000, 0x0000, 0x0000, 0x0000, 0x0000, 0x0000, 0x0000, 0x0000, 0x0000, 0x0000, 0x0000, 0x0000,
    0x0000, 0x0000, 0x0000, 0x0000, 0x0000, 0x0000, 0x0000, 0x0000, 0x0000, 0x0000, 0x0000, 0x0000, 0x0000, 0x0000, 0x0000, 0x0000,
    0x0000, 0x0000, 0x0000, 0x0000, 0x0000, 0x0000, 0x0000, 0x0000, 0x0000, 0x0000, 0x0000, 0x0000, 0x0000, 0x0000, 0x0000, 0x0000,
    0x0000, 0x0000, 0x0000, 0x0000, 0x0000, 0x0000, 0x0000, 0x0000, 0x0000, 0x0000, 0x0000, 0x0000, 0x0000, 0x0000, 0x0000, 0x0000,
    0x0000, 0x0000, 0x0000, 0x0000, 0x0000, 0x0000, 0x0000, 0x0000, 0x0000, 0x0000, 0x0000, 0x0000, 0x0000, 0x0000, 0x0000, 0x0000,
    0x0000, 0x0000, 0x0000, 0x0000, 0x0000, 0x0000, 0x0000, 0x0000, 0x0000, 0x0000, 0x0000, 0x0000, 0x0000, 0x0000, 0x0000, 0x0000,
    0x0000, 0x0000, 0x0000, 0x0000, 0x0000, 0x0000, 0x0000, 0x0000, 0x0000, 0x0000, 0x0000, 0x0000, 0x0000, 0x0000, 0x0000, 0x0000,
    0x0000, 0x0000, 0x0000, 0x0000, 0x0000, 0x0000, 0x0000, 0x0000, 0x0000, 0x0000, 0x0000, 0x0000, 0x0000, 0x0000, 0x0000, 0x0000,
    0x0000, 0x0000, 0x0000, 0x0000, 0x0000, 0x0000, 0x0000, 0x0000, 0x0000, 0x0000, 0x0000, 0x0000, 0x0000, 0x0000, 0x0000, 0x0000,
    0x0000, 0x0000, 0x0000, 0x0000, 0x0000, 0x0000, 0x0000, 0x0000, 0x0000, 0x0000, 0x0000, 0x0000, 0x0000, 0x0000, 0x0000, 0x0000,
    0x0000, 0x0000, 0x0000, 0x0000, 0x0000, 0x0000, 0x0000, 0x0000, 0x0000, 0x0000, 0x0000, 0x0000, 0x0000, 0x0000, 0x0000, 0x0000,
    0x0000, 0x0000, 0x0000, 0x0000, 0x0000, 0x0000, 0x0000, 0x0000, 0x0000, 0x0000, 0x0000, 0x0000, 0x0000, 0x0000, 0x0000, 0x0000,
    0x0000, 0x0000, 0x0000, 0x0000, 0x0000, 0x0000, 0x0000, 0x0000, 0x0000, 0x0000, 0x0000, 0x0000, 0x0000, 0x0000, 0x0000, 0x0000,
    0x0000, 0x0000, 0x0000, 0x0000, 0x0000, 0x0000, 0x0000, 0x0000, 0x0000, 0x0000, 0x0000, 0x0000, 0x0000, 0x0000, 0x0000, 0x0000,
    0x0000, 0x0000, 0x0000, 0x0000, 0x0000, 0x0000, 0x0000, 0x0000, 0x0000, 0x0000, 0x0000, 0x0000, 0x0000, 0x0000, 0x0000, 0x0000,
    0x0000, 0x0000, 0x0000, 0x0000, 0x0000, 0x0000, 0x0000, 0x0000, 0x0000, 0x0000, 0x0000, 0x0000, 0x0000, 0x0000, 0x0000, 0x0000,
    0x0000, 0x0000, 0x0000, 0x0000, 0x0000, 0x0000, 0x0000, 0x0000, 0x0000, 0x0000, 0x0000, 0x0000, 0x0000, 0x0000, 0x0000, 0x0000,
    0x0000, 0x0000, 0x0000, 0x0000, 0x0000, 0x0000, 0x0000, 0x0000, 0x0000, 0x0000, 0x0000, 0x0000, 0x0000, 0x0000, 0x0000, 0x0000,
    0x0000, 0x0000, 0x0000, 0x0000, 0x0000, 0x0000, 0x0000, 0x0000, 0x0000, 0x0000, 0x0000, 0x0000, 0x0000, 0x0000, 0x0000, 0x0000,
    0x0000, 0x0000, 0x0000, 0x0000, 0x0000, 0x0000, 0x0000, 0x0000, 0x0000, 0x0000, 0x0000, 0x0000, 0x0000, 0x0000, 0x0000, 0x0000,
    0x0000, 0x0000, 0x0000, 0x0000, 0x0000, 0x0000, 0x0000, 0x0000, 0x0000, 0x0000, 0x0000, 0x0000, 0x0000, 0x0000, 0x0000, 0x0000,
    0x0000, 0x0000, 0x0000, 0x0000, 0x0000, 0x0000, 0x0000, 0x0000, 0x0000, 0x0000, 0x0000, 0x0000, 0x0000, 0x0000, 0x0000, 0x0000,
    0x0000, 0x0000, 0x0000, 0x0000, 0x0000, 0x0000, 0x0000, 0x0000, 0x0000, 0x0000, 0x0000, 0x0000, 0x0000, 0x0000, 0x0000, 0x0000,
    0x0000, 0x0000, 0x0000, 0x0000, 0x0000, 0x0000, 0x0000, 0x0000, 0x0000, 0x0000, 0x0000, 0x0000, 0x0000, 0x0000, 0x0000, 0x0000,
    0x0000, 0x0000, 0x0000, 0x0000, 0x0000, 0x0000, 0x0000, 0x0000, 0x0000, 0x0000, 0x0000, 0x0000, 0x0000, 0x0000, 0x0000, 0x0000,
    0x0000, 0x0000, 0x0000, 0x0000, 0x0000, 0x0000, 0x0000, 0x0000, 0x0000, 0x0000, 0x0000, 0x0000, 0x0000, 0x0000, 0x0000, 0x0000,
    0x0000, 0x0000, 0x0000, 0x0000, 0x0000, 0x0000, 0x0000, 0x0000, 0x0000, 0x0000, 0x0000, 0x0000, 0x0000, 0x0000, 0x0000, 0x0000,
    0x0000, 0x0000, 0x0000, 0x0000, 0x0000, 0x0000, 0x0000, 0x0000, 0x0000, 0x0000, 0x0000, 0x0000, 0x0000, 0x0000, 0x0000, 0x0000,
    0x0000, 0x0000, 0x0000, 0x0000, 0x0000, 0x0000, 0x0000, 0x0000, 0x0000, 0x0000, 0x0000, 0x0000, 0x0000, 0x0000, 0x0000, 0x0000,
    0x0000, 0x0000, 0x0000, 0x0000, 0x0000, 0x0000, 0x0000, 0x0000, 0x0000, 0x0000, 0x0000, 0x0000, 0x0000, 0x0000, 0x0000, 0x0000,
    0x0000, 0x0000, 0x0000, 0x0000, 0x0000, 0x0000, 0x0000, 0x0000, 0x0000, 0x0000, 0x0000, 0x0000, 0x0000, 0x0000, 0x0000, 0x0000,
    0x0000, 0x0000, 0x0000, 0x0000, 0x0000, 0x0000, 0x0000, 0x0000, 0x0000, 0x0000, 0x0000, 0x0000, 0x0000, 0x0000, 0x0000, 0x0000,
    0x0000, 0x0000, 0x0000, 0x0000, 0x0000, 0x0000, 0x0000, 0x0000, 0x0000, 0x0000, 0x0000, 0x0000, 0x0000, 0x0000, 0x0000, 0x0000,
    0x0000, 0x0000, 0x0000, 0x0000, 0x0000, 0x0000, 0x0000, 0x0000, 0x0000, 0x0000, 0x0000, 0x0000, 0x0000, 0x0000, 0x0000, 0x0000,
    0x0000, 0x0000, 0x0000, 0x0000, 0x0000, 0x0000, 0x0000, 0x0000, 0x0000, 0x0000, 0x0000, 0x0000, 0x0000, 0x0000, 0x0000, 0x0000,
    0x0000, 0x0000, 0x0000, 0x0000, 0x0000, 0x0000, 0x0000, 0x0000, 0x0000, 0x0000, 0x0000, 0x0000, 0x0000, 0x0000, 0x0000, 0x0000,
    0x0000, 0x0000, 0x0000, 0x0000, 0x0000, 0x0000, 0x0000, 0x0000, 0x0000, 0x0000, 0x0000, 0x0000, 0x0000, 0x0000, 0x0000, 0x0000,
    0x0000, 0x0000,
};

const lv_image_dsc_t sword = {
    .header = {
        .magic = LV_IMAGE_HEADER_MAGIC,
        .cf = LV_COLOR_FORMAT_RGB565,
        .w = 297,
        .h = 114,
    },
    .data_size = sizeof(sword_map),
    .data = (const uint8_t*)sword_map,
};

