/**
 * @file water_baby_blue.c
 * @brief Embedded GIF — cute water baby (blue)
 * @note Generated by tools/gen_water_baby_assets.py
 * @copyright Copyright (c) Tuya Inc.
 */
#ifdef __has_include
    #if __has_include("lvgl.h")
        #ifndef LV_LVGL_H_INCLUDE_SIMPLE
            #define LV_LVGL_H_INCLUDE_SIMPLE
        #endif
    #endif
#endif

#if defined(LV_LVGL_H_INCLUDE_SIMPLE)
    #include "lvgl.h"
#else
    #include "lvgl/lvgl.h"
#endif

#ifndef LV_ATTRIBUTE_MEM_ALIGN
#define LV_ATTRIBUTE_MEM_ALIGN
#endif

#ifndef LV_ATTRIBUTE_IMG_WATER_BABY_BLUE
#define LV_ATTRIBUTE_IMG_WATER_BABY_BLUE
#endif

const LV_ATTRIBUTE_MEM_ALIGN LV_ATTRIBUTE_LARGE_CONST LV_ATTRIBUTE_IMG_WATER_BABY_BLUE uint8_t water_baby_blue_map[] = {
    0x47, 0x49, 0x46, 0x38, 0x39, 0x61, 0x50, 0x00, 0x28, 0x00, 0x87, 0x00, 0x00, 0x00, 0x00,
    0x00, 0x7b, 0xd3, 0xfc, 0x13, 0x17, 0x27, 0xfc, 0xfe, 0xfe, 0x2a, 0xa9, 0xea, 0x84, 0xd9,
    0xfd, 0x2f, 0xab, 0xea, 0x72, 0xc8, 0xf3, 0x06, 0x08, 0x17, 0xfc, 0xb4, 0xd4, 0xfe, 0xff,
    0xff, 0x00, 0x55, 0xaa, 0x02, 0x63, 0x9b, 0x16, 0xa1, 0xe7, 0x05, 0x6b, 0xa5, 0x00, 0x00,
    0xff, 0x13, 0x77, 0xaf, 0x4a, 0xa7, 0xd8, 0x8a, 0xe4, 0xfe, 0xaa, 0xdd, 0xf6, 0x36, 0x95,
    0xc8, 0x00, 0x5b, 0x94, 0x00, 0x66, 0x98, 0x03, 0x65, 0x9b, 0x27, 0x85, 0xb8, 0x08, 0x7c,
    0xb8, 0x5a, 0xb6, 0xe3, 0xcc, 0xe9, 0xf7, 0x01, 0x62, 0x9a, 0x00, 0x7f, 0x7f, 0x71, 0xc6,
    0xf0, 0x8d, 0xcd, 0xf4, 0x00, 0xff, 0xff, 0x38, 0xb0, 0xec, 0x74, 0xc6, 0xf1, 0xfb, 0x77,
    0x88, 0x47, 0x74, 0x91, 0x44, 0xb3, 0xec, 0xfb, 0xfd, 0xfd, 0xfc, 0xfc, 0xfc, 0x1a, 0x22,
    0x33, 0x04, 0x64, 0x9b, 0x55, 0xbd, 0xeb, 0xf9, 0xfd, 0xfe, 0x00, 0x5b, 0x93, 0x0b, 0x9d,
    0xe7, 0x2e, 0x8e, 0xc2, 0x38, 0xaa, 0xff, 0x64, 0xbd, 0xea, 0xb0, 0xde, 0xfc, 0x01, 0x64,
    0x9b, 0x05, 0x6b, 0xa4, 0x54, 0x58, 0x64, 0x6d, 0xa8, 0xc7, 0xd0, 0xf6, 0xfe, 0x00, 0x56,
    0x8e, 0x00, 0x56, 0x90, 0x04, 0x65, 0x9c, 0x07, 0x6a, 0xa3, 0xb7, 0xc4, 0xe9, 0x05, 0x4a,
    0x7c, 0x00, 0x7f, 0xff, 0x1c, 0x81, 0xb9, 0x2c, 0x45, 0x5a, 0x30, 0x4b, 0x63, 0x2b, 0x7b,
    0xb7, 0x20, 0x7c, 0xaf, 0x49, 0x4c, 0x59, 0x42, 0x6c, 0x87, 0x5d, 0x9b, 0xbc, 0x71, 0x7d,
    0x89, 0x73, 0x82, 0x8e, 0x81, 0x83, 0x8b, 0xd4, 0xbe, 0xe0, 0x00, 0x3f, 0x7f, 0x00, 0x44,
    0x79, 0x00, 0x5a, 0x91, 0x09, 0x6c, 0xa6, 0x02, 0x68, 0xa2, 0x12, 0xa4, 0xee, 0xc6, 0xc1,
    0xe5, 0xed, 0xab, 0xc9, 0xff, 0xc8, 0xe9, 0x00, 0x4d, 0x84, 0x04, 0x56, 0x88, 0x00, 0x57,
    0x93, 0x02, 0x67, 0xa0, 0x16, 0x75, 0xa9, 0x1d, 0x89, 0xc5, 0x10, 0x9d, 0xe7, 0x30, 0x85,
    0xb6, 0x24, 0x91, 0xb6, 0x29, 0x93, 0xcc, 0x27, 0xa8, 0xea, 0x3f, 0xbf, 0xbf, 0x46, 0x39,
    0x4e, 0x41, 0x9e, 0xce, 0x7f, 0x7f, 0xff, 0xbb, 0xa6, 0xc4, 0xa1, 0xb9, 0xdb, 0xc1, 0xc2,
    0xc6, 0xc4, 0xed, 0xff, 0xff, 0x00, 0xff, 0xeb, 0xeb, 0xf7, 0x00, 0x00, 0x3f, 0x0b, 0x0f,
    0x20, 0x00, 0x00, 0x7f, 0x0e, 0x10, 0x1f, 0x08, 0x29, 0x46, 0x00, 0x3d, 0x6a, 0x00, 0x3f,
    0xbf, 0x04, 0x49, 0x74, 0x00, 0x48, 0x91, 0x00, 0x4f, 0x89, 0x00, 0x55, 0x7f, 0x00, 0x5e,
    0x95, 0x08, 0x6a, 0xa1, 0x0e, 0x6e, 0xa3, 0x0e, 0x71, 0x9b, 0x1b, 0x77, 0xac, 0x1e, 0x84,
    0xb7, 0x1f, 0x8f, 0xcf, 0x00, 0x98, 0xe7, 0x26, 0x29, 0x3c, 0x3f, 0x3f, 0x3f, 0x3d, 0xa1,
    0xd4, 0x2e, 0xac, 0xea, 0x2b, 0xab, 0xec, 0x2a, 0xa8, 0xeb, 0x3f, 0xbf, 0xff, 0x51, 0x52,
    0x5f, 0x55, 0x97, 0xbb, 0x55, 0xaa, 0xaa, 0x55, 0xaa, 0xff, 0x56, 0xb0, 0xdd, 0x43, 0xb1,
    0xec, 0x4e, 0xc0, 0xf9, 0x72, 0x57, 0x6e, 0x7f, 0x7f, 0x7f, 0x7f, 0xb0, 0xcc, 0x7f, 0xbf,
    0xff, 0x66, 0xcc, 0xcc, 0x62, 0xc4, 0xff, 0x7c, 0xe3, 0xff, 0x94, 0x65, 0x7c, 0x8d, 0x69,
    0x82, 0x82, 0xa8, 0xbe, 0x99, 0xbd, 0xdf, 0x85, 0xcc, 0xef, 0x93, 0xd2, 0xed, 0xae, 0x80,
    0x9b, 0xb5, 0x85, 0xa0, 0xbe, 0xa2, 0xbf, 0xb7, 0xb9, 0xbd, 0xa7, 0xc8, 0xe9, 0xad, 0xdd,
    0xf7, 0xae, 0xe0, 0xf7, 0xbb, 0xe7, 0xf9, 0xda, 0x8e, 0xa5, 0xd6, 0x95, 0xad, 0xc1, 0xa3,
    0xc1, 0xd0, 0xbc, 0xdf, 0xd4, 0xe9, 0xff, 0xd3, 0xea, 0xf6, 0xd0, 0xec, 0xfa, 0xd7, 0xff,
    0xff, 0xff, 0x69, 0x77, 0xff, 0xff, 0x00, 0xff, 0xff, 0xff, 0xff, 0xff, 0xff, 0xff, 0xff,
    0xff, 0x00, 0x00, 0x00, 0x00, 0x00, 0x00, 0x00, 0x00, 0x00, 0x00, 0x00, 0x00, 0x00, 0x00,
    0x00, 0x00, 0x00, 0x00, 0x00, 0x00, 0x00, 0x00, 0x00, 0x00, 0x00, 0x00, 0x00, 0x00, 0x00,
    0x00, 0x00, 0x00, 0x00, 0x00, 0x00, 0x00, 0x00, 0x00, 0x00, 0x00, 0x00, 0x00, 0x00, 0x00,
    0x00, 0x00, 0x00, 0x00, 0x00, 0x00, 0x00, 0x00, 0x00, 0x00, 0x00, 0x00, 0x00, 0x00, 0x00,
    0x00, 0x00, 0x00, 0x00, 0x00, 0x00, 0x00, 0x00, 0x00, 0x00, 0x00, 0x00, 0x00, 0x00, 0x00,
    0x00, 0x00, 0x00, 0x00, 0x00, 0x00, 0x00, 0x00, 0x00, 0x00, 0x00, 0x00, 0x00, 0x00, 0x00,
    0x00, 0x00, 0x00, 0x00, 0x00, 0x00, 0x00, 0x00, 0x00, 0x00, 0x00, 0x00, 0x00, 0x00, 0x00,
    0x00, 0x00, 0x00, 0x00, 0x00, 0x00, 0x00, 0x00, 0x00, 0x00, 0x00, 0x00, 0x00, 0x00, 0x00,
    0x00, 0x00, 0x00, 0x00, 0x00, 0x00, 0x00, 0x00, 0x00, 0x00, 0x00, 0x00, 0x00, 0x00, 0x00,
    0x00, 0x00, 0x00, 0x00, 0x00, 0x00, 0x00, 0x00, 0x00, 0x00, 0x00, 0x00, 0x00, 0x00, 0x00,
    0x00, 0x00, 0x00, 0x00, 0x00, 0x00, 0x00, 0x00, 0x00, 0x00, 0x00, 0x00, 0x00, 0x00, 0x00,
    0x00, 0x00, 0x00, 0x00, 0x00, 0x00, 0x00, 0x00, 0x00, 0x00, 0x00, 0x00, 0x00, 0x00, 0x00,
    0x00, 0x00, 0x00, 0x00, 0x00, 0x00, 0x00, 0x00, 0x00, 0x00, 0x00, 0x00, 0x00, 0x00, 0x00,
    0x00, 0x00, 0x00, 0x00, 0x00, 0x00, 0x00, 0x00, 0x00, 0x00, 0x00, 0x00, 0x00, 0x00, 0x00,
    0x00, 0x00, 0x00, 0x00, 0x00, 0x00, 0x00, 0x00, 0x00, 0x00, 0x00, 0x00, 0x00, 0x00, 0x00,
    0x00, 0x00, 0x00, 0x00, 0x00, 0x00, 0x00, 0x00, 0x00, 0x00, 0x00, 0x00, 0x00, 0x00, 0x00,
    0x00, 0x00, 0x00, 0x00, 0x00, 0x00, 0x00, 0x00, 0x00, 0x00, 0x00, 0x00, 0x00, 0x00, 0x00,
    0x00, 0x21, 0xff, 0x0b, 0x4e, 0x45, 0x54, 0x53, 0x43, 0x41, 0x50, 0x45, 0x32, 0x2e, 0x30,
    0x03, 0x01, 0x00, 0x00, 0x00, 0x21, 0xf9, 0x04, 0x09, 0x09, 0x00, 0x00, 0x00, 0x2c, 0x00,
    0x00, 0x00, 0x00, 0x50, 0x00, 0x28, 0x00, 0x00, 0x08, 0xff, 0x00, 0x01, 0x08, 0x1c, 0x48,
    0xb0, 0xa0, 0xc1, 0x83, 0x08, 0x07, 0x3e, 0x58, 0x98, 0xb0, 0xa1, 0xc3, 0x87, 0x10, 0x23,
    0x16, 0x7c, 0x60, 0x81, 0x60, 0x86, 0x05, 0x12, 0x33, 0x6a, 0xdc, 0x58, 0xb0, 0xc3, 0x40,
    0x38, 0x3c, 0x94, 0x70, 0x1c, 0x49, 0xf2, 0x21, 0x46, 0x1e, 0x71, 0x38, 0x38, 0x60, 0xc0,
    0xa0, 0xca, 0x0d, 0x00, 0x1d, 0x1e, 0x94, 0x9c, 0x49, 0x12, 0xe3, 0x14, 0x08, 0x14, 0x34,
    0x04, 0x38, 0x70, 0x20, 0x02, 0x06, 0x16, 0x68, 0x00, 0xc8, 0xa4, 0x49, 0x34, 0x22, 0xc6,
    0x1b, 0x18, 0x02, 0x14, 0x28, 0x10, 0xa0, 0xe9, 0x52, 0x0d, 0x1c, 0x78, 0xc4, 0x2c, 0x4a,
    0x35, 0xa1, 0x4c, 0x26, 0x0e, 0x94, 0x36, 0xdd, 0xda, 0x54, 0x42, 0x84, 0x2a, 0x00, 0x2a,
    0x56, 0x1d, 0x4b, 0x50, 0x8e, 0x19, 0x1c, 0x7d, 0x98, 0x72, 0xe5, 0x7a, 0xc0, 0x01, 0x0f,
    0x10, 0x43, 0xc9, 0x16, 0xa5, 0x38, 0x10, 0x47, 0x04, 0xb5, 0x6b, 0xb7, 0x3a, 0x18, 0x78,
    0x31, 0xae, 0x5c, 0x84, 0x7e, 0x0d, 0x62, 0x1c, 0x98, 0x47, 0x0b, 0x0b, 0x0a, 0x78, 0xf3,
    0xb6, 0xbd, 0xb0, 0x25, 0xc8, 0xc0, 0xa9, 0x09, 0x41, 0x50, 0xb5, 0x80, 0x51, 0xb2, 0x60,
    0xcb, 0x19, 0x64, 0xb0, 0xa8, 0x50, 0x61, 0xe5, 0x81, 0xc4, 0x5b, 0x25, 0x50, 0x60, 0xc9,
    0xd9, 0xc9, 0x85, 0x0c, 0x02, 0x33, 0x04, 0x16, 0x88, 0x51, 0xec, 0xcc, 0x0e, 0x4c, 0x64,
    0x58, 0x00, 0xe1, 0x66, 0xa2, 0xc0, 0x19, 0x3a, 0x18, 0x38, 0xc0, 0x49, 0xa1, 0x27, 0x86,
    0xcf, 0x6a, 0x97, 0x16, 0xf0, 0xd9, 0xd3, 0x85, 0x0b, 0x08, 0x0c, 0x2a, 0xa4, 0x40, 0x0d,
    0xa0, 0x47, 0xc1, 0x8a, 0x17, 0x2e, 0xc0, 0x9c, 0x89, 0xf1, 0x42, 0x0e, 0x3e, 0x00, 0x06,
    0x2f, 0xf0, 0x38, 0x83, 0x83, 0x6e, 0x0a, 0x30, 0x02, 0x48, 0xff, 0x18, 0xef, 0xd5, 0x01,
    0x06, 0x43, 0x3b, 0x0f, 0x50, 0x10, 0x22, 0xa4, 0x00, 0xf9, 0x02, 0x3d, 0x21, 0x38, 0x50,
    0x5e, 0x51, 0xec, 0x03, 0x8f, 0xd6, 0x29, 0x13, 0xc5, 0x98, 0x43, 0xc7, 0xcb, 0x8b, 0x00,
    0x10, 0xe2, 0x1d, 0x04, 0x11, 0x7c, 0x60, 0xc3, 0x00, 0x1b, 0x1c, 0x41, 0x02, 0x11, 0x45,
    0x48, 0x10, 0x00, 0x05, 0x18, 0xec, 0x06, 0x01, 0x06, 0x11, 0x48, 0x70, 0x00, 0x09, 0x0b,
    0x36, 0x68, 0x21, 0x0c, 0x14, 0xac, 0x24, 0x9d, 0x1a, 0x18, 0x79, 0x81, 0x83, 0x03, 0xd2,
    0x0d, 0x46, 0x9d, 0x19, 0x54, 0x60, 0xe1, 0xc0, 0x4b, 0x00, 0x5c, 0xa0, 0x52, 0x04, 0x9f,
    0x0d, 0x60, 0x83, 0x11, 0x28, 0x20, 0x60, 0x23, 0x02, 0x3f, 0xd4, 0xe0, 0x20, 0x4f, 0x07,
    0x48, 0x50, 0x00, 0x09, 0x35, 0xde, 0x98, 0xa3, 0x83, 0x3b, 0xf9, 0x50, 0x81, 0x15, 0xa8,
    0x35, 0xc2, 0x02, 0x16, 0x3a, 0x64, 0x47, 0x15, 0x46, 0x77, 0x68, 0xc0, 0xc0, 0x0d, 0x33,
    0x30, 0x00, 0x81, 0x4e, 0x05, 0xd8, 0x60, 0x03, 0x0d, 0x08, 0x08, 0x20, 0x80, 0x8d, 0x5f,
    0xae, 0x51, 0x44, 0x70, 0x01, 0x00, 0xd1, 0xe5, 0x97, 0x5e, 0x76, 0x39, 0xa6, 0x52, 0xea,
    0x39, 0xc0, 0x01, 0x1e, 0x87, 0x45, 0x40, 0xc5, 0x29, 0x26, 0xd2, 0x84, 0xd1, 0x12, 0x11,
    0xc0, 0x50, 0x01, 0x03, 0xbf, 0x31, 0xd5, 0xc9, 0x00, 0x46, 0x9c, 0x89, 0x00, 0x0d, 0x5c,
    0x7a, 0x29, 0xc0, 0x01, 0x3b, 0x49, 0x40, 0xc2, 0x99, 0x02, 0x18, 0x81, 0xa6, 0x97, 0x88,
    0x6e, 0x15, 0xc1, 0x7c, 0x49, 0xd5, 0xe1, 0x64, 0x55, 0xfc, 0x05, 0xa0, 0x41, 0x05, 0x77,
    0x29, 0x65, 0xc3, 0x06, 0x28, 0xa4, 0x49, 0xc3, 0x00, 0x03, 0x08, 0xd2, 0x25, 0x02, 0x24,
    0xec, 0x18, 0xaa, 0x97, 0x64, 0x0c, 0x90, 0x89, 0x00, 0x69, 0x7c, 0xff, 0x99, 0xaa, 0x53,
    0x6d, 0x09, 0xe1, 0xd5, 0x12, 0x0a, 0xd4, 0xb9, 0x9f, 0x02, 0x4b, 0x50, 0x20, 0x81, 0x06,
    0x42, 0x40, 0xb0, 0xd4, 0x00, 0x47, 0x08, 0x3a, 0xea, 0x09, 0x27, 0x0c, 0xd1, 0x25, 0x0a,
    0x3d, 0x2e, 0x6a, 0x68, 0xab, 0xc8, 0x2a, 0x2b, 0x00, 0xb3, 0x4a, 0x45, 0xc0, 0x00, 0x62,
    0x01, 0x34, 0xa9, 0x6b, 0x51, 0x1e, 0xe9, 0x00, 0x1c, 0x06, 0x10, 0x1c, 0x40, 0x2c, 0xa3,
    0x83, 0x22, 0x8b, 0xc4, 0xb2, 0xcd, 0x32, 0x2a, 0x00, 0x12, 0xe6, 0xa2, 0x3b, 0x1c, 0x03,
    0x1a, 0x2c, 0x15, 0xc1, 0x14, 0x0a, 0x88, 0x34, 0x96, 0x4c, 0x41, 0x54, 0x00, 0x06, 0x53,
    0xa3, 0x69, 0x30, 0xa3, 0xba, 0x08, 0x0c, 0x81, 0x84, 0xa1, 0x87, 0x4a, 0x40, 0x04, 0xc0,
    0x43, 0x1c, 0x41, 0xf0, 0x67, 0xe0, 0xc2, 0x00, 0x1f, 0x04, 0x32, 0x00, 0xc0, 0x5c, 0x55,
    0x32, 0x35, 0xa1, 0xdb, 0x01, 0x10, 0x40, 0xe0, 0x94, 0x24, 0xea, 0x7e, 0x29, 0xe8, 0x0f,
    0xe3, 0xd5, 0xd0, 0x31, 0x98, 0x5f, 0xfe, 0xc0, 0xd4, 0x70, 0x15, 0x68, 0x00, 0x06, 0x03,
    0x29, 0x84, 0x45, 0x96, 0x4c, 0x19, 0x58, 0x89, 0x93, 0x56, 0x4a, 0x01, 0x91, 0x26, 0xc1,
    0x86, 0x62, 0x40, 0x81, 0x0b, 0x14, 0x98, 0x89, 0xf3, 0xa3, 0x35, 0x3c, 0xe2, 0x14, 0x0c,
    0x19, 0x43, 0xd0, 0xb2, 0x6b, 0x98, 0x6e, 0xc1, 0xc2, 0x95, 0x44, 0x06, 0xb0, 0x43, 0x12,
    0x09, 0x24, 0x70, 0x49, 0x22, 0x38, 0xb3, 0xc1, 0x27, 0x05, 0x58, 0x43, 0xf0, 0x06, 0xc1,
    0x08, 0x7c, 0x11, 0x49, 0x14, 0x51, 0x24, 0xb0, 0xc3, 0x07, 0x4e, 0x3d, 0x48, 0xe2, 0xa5,
    0x63, 0x55, 0x24, 0x83, 0x03, 0x91, 0x06, 0x00, 0x45, 0xd4, 0x70, 0x4b, 0x61, 0x49, 0x9a,
    0x6d, 0xfc, 0x26, 0xde, 0x52, 0x9a, 0x56, 0x60, 0xe8, 0x17, 0x09, 0x48, 0xff, 0x01, 0x77,
    0xd4, 0x64, 0x7f, 0x46, 0x41, 0x05, 0x8c, 0x08, 0x25, 0x57, 0xc5, 0x0c, 0xf8, 0xd0, 0xd4,
    0x07, 0x7f, 0xff, 0xbd, 0x87, 0x00, 0x40, 0x44, 0xa0, 0x15, 0x4f, 0x4e, 0x69, 0x40, 0xc4,
    0x97, 0x90, 0x48, 0x11, 0xf6, 0xdf, 0x50, 0x54, 0xeb, 0x40, 0x0a, 0x1d, 0x20, 0x3d, 0x56,
    0x75, 0x0c, 0x48, 0x1e, 0x00, 0xd4, 0x8d, 0x87, 0x42, 0x39, 0x68, 0x5b, 0xb9, 0x47, 0x49,
    0x25, 0x9a, 0x34, 0x0e, 0xf8, 0x4e, 0x10, 0xcc, 0xd1, 0xd7, 0x5f, 0xac, 0x01, 0xf0, 0xa2,
    0x52, 0x4f, 0x47, 0x9d, 0xc4, 0x0e, 0x79, 0x05, 0xf0, 0x81, 0x18, 0x98, 0x8c, 0xb1, 0x16,
    0x53, 0x1f, 0xbc, 0x1d, 0xf5, 0xd8, 0xb4, 0x33, 0x40, 0x07, 0xda, 0x7f, 0x3d, 0xa0, 0x84,
    0x05, 0xde, 0xd9, 0xad, 0x14, 0xeb, 0x4d, 0x8d, 0x31, 0xc2, 0xf6, 0x23, 0x7c, 0x12, 0xbc,
    0x52, 0x1f, 0xa8, 0x35, 0x29, 0x03, 0x25, 0xe2, 0x4e, 0xd0, 0x7d, 0x00, 0x54, 0x49, 0xe0,
    0x67, 0xdf, 0x07, 0x00, 0x8a, 0x29, 0xdc, 0x8f, 0x40, 0x76, 0xf0, 0x4c, 0x71, 0xe8, 0xa6,
    0x1d, 0xcd, 0x99, 0x6f, 0x90, 0x73, 0x2e, 0x26, 0xde, 0x9b, 0x70, 0x89, 0x19, 0xde, 0xf6,
    0x3c, 0x31, 0x89, 0xe3, 0x69, 0x25, 0x02, 0xc7, 0xa9, 0x80, 0x0c, 0x1c, 0xb3, 0x2d, 0x8e,
    0x28, 0x40, 0x01, 0x05, 0x79, 0x60, 0x04, 0x15, 0x00, 0x82, 0xc1, 0x74, 0xc7, 0x4a, 0x2e,
    0x80, 0x11, 0x70, 0xf0, 0x76, 0x3d, 0xa7, 0x08, 0x87, 0x27, 0x1c, 0xf2, 0xc1, 0x7c, 0x52,
    0xe0, 0x18, 0xc3, 0x01, 0x40, 0x82, 0x04, 0x41, 0xe1, 0x40, 0x54, 0x98, 0xc2, 0x15, 0x0a,
    0x05, 0x82, 0x02, 0x81, 0xe0, 0x03, 0x60, 0x78, 0xc2, 0x05, 0x38, 0xa7, 0x45, 0x4e, 0xd8,
    0x53, 0xc6, 0x8c, 0xd3, 0x1b, 0x1e, 0xf9, 0x30, 0x02, 0x59, 0x73, 0xc0, 0x4a, 0xff, 0x58,
    0x20, 0x03, 0x2d, 0xa4, 0x46, 0x11, 0x2f, 0x74, 0xe1, 0x0c, 0x95, 0x48, 0x43, 0x1a, 0x5a,
    0x86, 0x85, 0x27, 0xa4, 0x61, 0x0c, 0xa5, 0x08, 0x80, 0x33, 0x40, 0x90, 0x09, 0x17, 0xb0,
    0x02, 0x0e, 0x48, 0x23, 0xc4, 0x95, 0x70, 0xa6, 0x33, 0xc9, 0xa9, 0x40, 0x0e, 0xae, 0x80,
    0x83, 0x26, 0x0c, 0x24, 0x06, 0x67, 0x98, 0xa0, 0x1a, 0x53, 0x08, 0x43, 0x08, 0x5a, 0x66,
    0x05, 0xa4, 0x32, 0x41, 0x0c, 0x54, 0xf0, 0x02, 0x38, 0x0e, 0x40, 0x8e, 0x74, 0xb4, 0x23,
    0x1e, 0xeb, 0x18, 0xc7, 0x52, 0x08, 0x04, 0x15, 0x71, 0x4c, 0x81, 0x13, 0x52, 0x30, 0x88,
    0x45, 0xd4, 0xa0, 0x06, 0x57, 0x98, 0x01, 0x17, 0x46, 0x31, 0x80, 0x13, 0xa8, 0x42, 0x01,
    0x2a, 0xe0, 0x82, 0x1e, 0xe7, 0xc8, 0xc7, 0x3b, 0x52, 0x72, 0x92, 0x79, 0x8c, 0xa3, 0x28,
    0x14, 0x10, 0x06, 0x10, 0x74, 0xe1, 0x10, 0xa4, 0x22, 0xd5, 0x04, 0x5a, 0x50, 0x82, 0x50,
    0x0e, 0x60, 0x94, 0xa5, 0x0c, 0x25, 0x2a, 0x4d, 0x39, 0x81, 0x2c, 0xa4, 0x92, 0x54, 0x65,
    0x78, 0x02, 0x22, 0x4c, 0x19, 0xcb, 0x57, 0x9e, 0x92, 0x94, 0xac, 0xc4, 0xa5, 0x2a, 0x75,
    0x29, 0x4a, 0x5e, 0x0e, 0x20, 0x15, 0x00, 0x08, 0x43, 0x20, 0xfe, 0x00, 0x08, 0x52, 0x84,
    0xd2, 0x03, 0x04, 0x20, 0xc0, 0x06, 0x8e, 0x99, 0xcc, 0x65, 0x92, 0x0a, 0x99, 0xca, 0x64,
    0x66, 0x34, 0x9f, 0xd9, 0x80, 0x69, 0x0e, 0xc0, 0x03, 0xd5, 0x74, 0xe6, 0x35, 0x9b, 0x29,
    0x4d, 0x6d, 0x42, 0xd3, 0x9b, 0xdc, 0x24, 0xd5, 0x26, 0x04, 0xf2, 0x82, 0x64, 0x12, 0x60,
    0x02, 0x13, 0x10, 0x41, 0x35, 0x93, 0x89, 0x4e, 0x75, 0x9a, 0xb3, 0x9d, 0xeb, 0x3c, 0x67,
    0x3a, 0xe3, 0x09, 0xcf, 0x77, 0xce, 0xd3, 0x9e, 0xee, 0x64, 0xe7, 0x3d, 0xf5, 0x99, 0x58,
    0x4f, 0x79, 0xf6, 0x73, 0x02, 0x9c, 0xf0, 0x80, 0x1e, 0x00, 0x50, 0x88, 0x07, 0x18, 0x20,
    0x99, 0x0d, 0x88, 0x27, 0x42, 0x15, 0x4a, 0x80, 0x84, 0x9a, 0x73, 0xa1, 0x0f, 0x6d, 0x28,
    0x43, 0x1d, 0xfa, 0x50, 0x8a, 0x9a, 0xd3, 0xa2, 0x10, 0xad, 0xe8, 0x44, 0xb3, 0xf0, 0x04,
    0x47, 0x08, 0x04, 0x04, 0x5e, 0xe8, 0x82, 0x1f, 0x0c, 0x10, 0x02, 0x03, 0x98, 0xf4, 0xa4,
    0x25, 0x3d, 0xa9, 0x49, 0x53, 0xaa, 0x52, 0x96, 0xa2, 0x54, 0xa5, 0x2b, 0x85, 0x29, 0x49,
    0x65, 0xea, 0xd2, 0x98, 0xc2, 0xb4, 0xa6, 0x26, 0x55, 0x81, 0x40, 0x02, 0x02, 0x00, 0x21,
    0xf9, 0x04, 0x09, 0x09, 0x00, 0x00, 0x00, 0x2c, 0x00, 0x00, 0x00, 0x00, 0x50, 0x00, 0x28,
    0x00, 0x87, 0x00, 0x00, 0x00, 0x7b, 0xd3, 0xfb, 0x12, 0x17, 0x27, 0x2a, 0xa9, 0xea, 0xfc,
    0xfe, 0xfe, 0x84, 0xd9, 0xfe, 0x2f, 0xab, 0xea, 0x72, 0xc9, 0xf3, 0xfc, 0xb4, 0xd4, 0x08,
    0x09, 0x18, 0xfe, 0xff, 0xff, 0x00, 0x55, 0xaa, 0x13, 0x77, 0xaf, 0x00, 0x00, 0xff, 0x06,
    0x6b, 0xa5, 0x15, 0xa1, 0xe7, 0xa9, 0xdc, 0xf6, 0x02, 0x63, 0x9a, 0x33, 0x93, 0xc7, 0x01,
    0x5b, 0x93, 0x49, 0xa7, 0xd8, 0x8b, 0xe3, 0xff, 0x00, 0x65, 0x98, 0x01, 0x63, 0x9a, 0x00,
    0x7f, 0x7f, 0x03, 0x64, 0x9b, 0x0a, 0x7b, 0xb8, 0x24, 0x83, 0xb8, 0xce, 0xea, 0xf8, 0x72,
    0xc6, 0xf1, 0x1c, 0x81, 0xb9, 0x2e, 0x8d, 0xc1, 0x38, 0xb0, 0xec, 0x5a, 0xb8, 0xe6, 0x73,
    0xc5, 0xf0, 0x18, 0x21, 0x32, 0x49, 0x76, 0x92, 0x43, 0xb3, 0xec, 0x8f, 0xcc, 0xf3, 0xfc,
    0x76, 0x87, 0xf8, 0xfd, 0xfe, 0xfd, 0xfe, 0xfe, 0xb4, 0xc5, 0xea, 0x00, 0x56, 0x90, 0x02,
    0x64, 0x9b, 0x01, 0x64, 0x9b, 0x38, 0xaa, 0xff, 0x58, 0xb1, 0xdd, 0x55, 0xbd, 0xec, 0x00,
    0x5c, 0x93, 0x03, 0x64, 0x9b, 0x0b, 0x9e, 0xe8, 0x00, 0xff, 0xff, 0x31, 0x44, 0x57, 0xaf,
    0xdf, 0xff, 0xfe, 0xfe, 0xfe, 0x0d, 0x9d, 0xe5, 0x51, 0x59, 0x65, 0x67, 0xa6, 0xc6, 0x11,
    0x10, 0x1d, 0x00, 0x57, 0x8f, 0x00, 0x55, 0x8e, 0x05, 0x6b, 0xa4, 0x4a, 0x49, 0x57, 0x8f,
    0xb7, 0xcf, 0xaa, 0xd9, 0xf0, 0xa9, 0xe5, 0xfd, 0xd7, 0xf6, 0xfe, 0xff, 0xc7, 0xe8, 0x00,
    0x00, 0x7f, 0x00, 0x4a, 0x85, 0x09, 0x57, 0x92, 0x00, 0x67, 0xa2, 0x24, 0x24, 0x32, 0x3d,
    0xa2, 0xd6, 0x5e, 0x9c, 0xbf, 0x4b, 0x9d, 0xc8, 0x7f, 0x7f, 0xff, 0x61, 0xbd, 0xed, 0xb0,
    0xa8, 0xb6, 0xa2, 0xb9, 0xd3, 0xd2, 0xbd, 0xe1, 0x00, 0x00, 0x3f, 0x05, 0x36, 0x5b, 0x00,
    0x39, 0x72, 0x00, 0x4d, 0x7f, 0x00, 0x4a, 0x95, 0x00, 0x60, 0x97, 0x01, 0x68, 0xa1, 0x00,
    0x7f, 0xff, 0x31, 0x4e, 0x65, 0x30, 0x97, 0xce, 0x27, 0xa8, 0xea, 0x44, 0x6e, 0x89, 0x75,
    0x56, 0x6c, 0x7a, 0xe1, 0xff, 0xbb, 0xa6, 0xc4, 0xb2, 0xe1, 0xf8, 0xc2, 0xc3, 0xc7, 0xf1,
    0xab, 0xcb, 0x00, 0x2a, 0x55, 0x0a, 0x27, 0x41, 0x0b, 0x3e, 0x61, 0x00, 0x41, 0x73, 0x00,
    0x48, 0x83, 0x00, 0x55, 0x7f, 0x00, 0x55, 0x89, 0x00, 0x5f, 0x95, 0x00, 0x6a, 0xaa, 0x08,
    0x6c, 0xa3, 0x00, 0x66, 0xcc, 0x0e, 0x71, 0x9b, 0x00, 0x98, 0xe7, 0x00, 0xaa, 0xaa, 0x1d,
    0xa3, 0xe9, 0x24, 0x48, 0x91, 0x3b, 0x70, 0x8b, 0x3f, 0x7f, 0xbf, 0x20, 0x7d, 0xb2, 0x27,
    0x89, 0xb0, 0x2a, 0x94, 0xbf, 0x2e, 0xac, 0xea, 0x2b, 0xab, 0xec, 0x2a, 0xa8, 0xeb, 0x3f,
    0xbf, 0xbf, 0x3f, 0xbf, 0xff, 0x4d, 0x3e, 0x53, 0x50, 0x53, 0x5f, 0x4b, 0x57, 0x66, 0x5e,
    0x64, 0x71, 0x55, 0x7f, 0xaa, 0x54, 0x96, 0xbb, 0x55, 0xaa, 0xaa, 0x55, 0xaa, 0xff, 0x43,
    0xb1, 0xec, 0x4e, 0xc0, 0xf9, 0x7f, 0x7f, 0xbf, 0x67, 0x99, 0xb6, 0x62, 0xc4, 0xff, 0x66,
    0xff, 0xff, 0x80, 0x5d, 0x73, 0x83, 0x62, 0x7a, 0x81, 0x83, 0x8c, 0x9a, 0x8a, 0xa7, 0x9a,
    0x92, 0xb2, 0xaa, 0x55, 0xaa, 0xaf, 0x7e, 0x99, 0xaa, 0xaa, 0xff, 0xb5, 0xb6, 0xbb, 0xac,
    0xbc, 0xe0, 0xbf, 0xc0, 0xc4, 0xad, 0xdd, 0xf7, 0xbb, 0xf9, 0xff, 0xdb, 0x8e, 0xa6, 0xd5,
    0x95, 0xad, 0xc1, 0xa3, 0xc1, 0xd4, 0xe9, 0xff, 0xd0, 0xec, 0xfa, 0xff, 0x00, 0x00, 0xff,
    0x00, 0xff, 0xff, 0x69, 0x77, 0xf4, 0x80, 0x93, 0xef, 0xef, 0xef, 0xe6, 0xe6, 0xe8, 0xff,
    0xff, 0xff, 0x00, 0x00, 0x00, 0x00, 0x00, 0x00, 0x00, 0x00, 0x00, 0x00, 0x00, 0x00, 0x00,
    0x00, 0x00, 0x00, 0x00, 0x00, 0x00, 0x00, 0x00, 0x00, 0x00, 0x00, 0x00, 0x00, 0x00, 0x00,
    0x00, 0x00, 0x00, 0x00, 0x00, 0x00, 0x00, 0x00, 0x00, 0x00, 0x00, 0x00, 0x00, 0x00, 0x00,
    0x00, 0x00, 0x00, 0x00, 0x00, 0x00, 0x00, 0x00, 0x00, 0x00, 0x00, 0x00, 0x00, 0x00, 0x00,
    0x00, 0x00, 0x00, 0x00, 0x00, 0x00, 0x00, 0x00, 0x00, 0x00, 0x00, 0x00, 0x00, 0x00, 0x00,
    0x00, 0x00, 0x00, 0x00, 0x00, 0x00, 0x00, 0x00, 0x00, 0x00, 0x00, 0x00, 0x00, 0x00, 0x00,
    0x00, 0x00, 0x00, 0x00, 0x00, 0x00, 0x00, 0x00, 0x00, 0x00, 0x00, 0x00, 0x00, 0x00, 0x00,
    0x00, 0x00, 0x00, 0x00, 0x00, 0x00, 0x00, 0x00, 0x00, 0x00, 0x00, 0x00, 0x00, 0x00, 0x00,
    0x00, 0x00, 0x00, 0x00, 0x00, 0x00, 0x00, 0x00, 0x00, 0x00, 0x00, 0x00, 0x00, 0x00, 0x00,
    0x00, 0x00, 0x00, 0x00, 0x00, 0x00, 0x00, 0x00, 0x00, 0x00, 0x00, 0x00, 0x00, 0x00, 0x00,
    0x00, 0x00, 0x00, 0x00, 0x00, 0x00, 0x00, 0x00, 0x00, 0x00, 0x00, 0x00, 0x00, 0x00, 0x00,
    0x00, 0x00, 0x00, 0x00, 0x00, 0x00, 0x00, 0x00, 0x00, 0x00, 0x00, 0x00, 0x00, 0x00, 0x00,
    0x00, 0x00, 0x00, 0x00, 0x00, 0x00, 0x00, 0x00, 0x00, 0x00, 0x00, 0x00, 0x00, 0x00, 0x00,
    0x00, 0x00, 0x00, 0x00, 0x00, 0x00, 0x00, 0x00, 0x00, 0x00, 0x00, 0x00, 0x00, 0x00, 0x00,
    0x00, 0x00, 0x00, 0x00, 0x00, 0x00, 0x00, 0x00, 0x00, 0x00, 0x00, 0x00, 0x00, 0x00, 0x00,
    0x00, 0x00, 0x00, 0x00, 0x00, 0x00, 0x00, 0x00, 0x00, 0x00, 0x00, 0x00, 0x00, 0x00, 0x00,
    0x00, 0x00, 0x00, 0x00, 0x00, 0x00, 0x00, 0x00, 0x00, 0x00, 0x00, 0x00, 0x00, 0x00, 0x00,
    0x00, 0x00, 0x00, 0x00, 0x00, 0x00, 0x00, 0x00, 0x00, 0x00, 0x00, 0x00, 0x00, 0x00, 0x00,
    0x00, 0x00, 0x00, 0x00, 0x00, 0x08, 0xff, 0x00, 0x01, 0x08, 0x1c, 0x48, 0xb0, 0xa0, 0xc1,
    0x83, 0x08, 0x13, 0x2a, 0x5c, 0xc8, 0xb0, 0xa1, 0xc3, 0x86, 0x0d, 0x34, 0x58, 0xb0, 0xb0,
    0xa0, 0xc1, 0xc3, 0x8b, 0x18, 0x33, 0x1a, 0x5c, 0x70, 0x10, 0x83, 0xc6, 0x8f, 0x20, 0x15,
    0x72, 0x04, 0x60, 0x65, 0x85, 0x49, 0x1e, 0x69, 0x42, 0xaa, 0x5c, 0x09, 0xc0, 0xa3, 0x91,
    0x0b, 0x0c, 0x24, 0x50, 0xa0, 0xb0, 0x21, 0x42, 0x0f, 0x29, 0x00, 0x2c, 0xb2, 0xdc, 0xd9,
    0x90, 0xa3, 0x91, 0x0d, 0x4e, 0x02, 0x14, 0x18, 0x5a, 0xe0, 0x00, 0x85, 0x0b, 0x52, 0x2a,
    0xf2, 0x5c, 0x8a, 0x90, 0x23, 0x1a, 0x0f, 0x43, 0x03, 0x48, 0x9d, 0x5a, 0x21, 0x44, 0x8c,
    0x96, 0x4c, 0xb3, 0x0e, 0x6c, 0xb0, 0x60, 0x8e, 0x0c, 0x27, 0x05, 0xa6, 0x8a, 0x15, 0xfa,
    0x81, 0x07, 0x80, 0x91, 0x5a, 0x79, 0x36, 0x70, 0xa3, 0xa1, 0x8a, 0x83, 0xb1, 0x63, 0x0b,
    0x50, 0xe8, 0x81, 0x88, 0xa2, 0xce, 0xb4, 0x09, 0xd1, 0x22, 0x6c, 0x60, 0x81, 0xe0, 0x91,
    0xb7, 0x70, 0xa7, 0xca, 0xed, 0x41, 0x50, 0x83, 0xde, 0x83, 0x0d, 0x3c, 0x2e, 0x3d, 0xbc,
    0x55, 0xc3, 0x40, 0x0d, 0x2c, 0x58, 0xc4, 0x98, 0x10, 0x22, 0x6c, 0xe0, 0x02, 0x1b, 0x26,
    0xb4, 0x40, 0x92, 0x01, 0x8f, 0x40, 0xae, 0x78, 0xb7, 0x02, 0xb0, 0x90, 0x01, 0x6b, 0x41,
    0xc7, 0x00, 0x20, 0xc7, 0x88, 0xe0, 0xc0, 0x81, 0x87, 0x0f, 0x0c, 0xa2, 0x8e, 0xad, 0x40,
    0x21, 0xa6, 0x03, 0x06, 0x11, 0x26, 0x20, 0xf1, 0x21, 0x90, 0x46, 0x96, 0x82, 0x45, 0x46,
    0x97, 0x56, 0x0c, 0x92, 0xab, 0x05, 0x19, 0xa5, 0xfb, 0x7e, 0x16, 0xa8, 0xa1, 0xc5, 0x04,
    0xd7, 0x12, 0x42, 0x1c, 0x08, 0x40, 0x9b, 0xc1, 0x0b, 0xa1, 0x05, 0x2a, 0x14, 0x95, 0xb0,
    0x41, 0xe8, 0x01, 0xa3, 0xb0, 0x23, 0x5c, 0xff, 0xe0, 0x7d, 0x76, 0x20, 0x06, 0x0c, 0x54,
    0x90, 0x97, 0x57, 0xc9, 0x31, 0x83, 0x83, 0xe4, 0xe5, 0xeb, 0xb0, 0x98, 0xc0, 0xe0, 0x03,
    0x05, 0x21, 0x98, 0x84, 0x14, 0x3d, 0x50, 0x95, 0x41, 0x4c, 0x09, 0xdc, 0x39, 0x20, 0xc1,
    0x50, 0xdf, 0xf1, 0xb7, 0x9d, 0x07, 0xe2, 0x95, 0xf6, 0x5b, 0x11, 0x1e, 0x61, 0x21, 0xc3,
    0x7a, 0x2b, 0x71, 0x24, 0x83, 0x03, 0x66, 0x59, 0x01, 0xc0, 0x1b, 0x17, 0x08, 0x58, 0xd9,
    0x10, 0x04, 0x40, 0xf1, 0x83, 0x00, 0x23, 0x8c, 0x40, 0x82, 0x77, 0x00, 0xda, 0x47, 0x9d,
    0x0e, 0x35, 0x80, 0x28, 0xe2, 0x01, 0x04, 0xd6, 0x16, 0x01, 0x6f, 0x54, 0xc4, 0x31, 0x09,
    0x4c, 0x57, 0x80, 0xc6, 0x52, 0x45, 0x57, 0xb4, 0x66, 0x04, 0x00, 0x19, 0xb0, 0x46, 0x81,
    0x50, 0x43, 0x0c, 0x91, 0x43, 0x02, 0x09, 0x08, 0x60, 0x64, 0x91, 0x4b, 0x68, 0x47, 0x54,
    0x01, 0x5a, 0x10, 0x69, 0xa4, 0x00, 0x48, 0x86, 0x55, 0x14, 0x82, 0x17, 0x08, 0x14, 0x03,
    0x03, 0x55, 0x32, 0x16, 0x12, 0x47, 0x17, 0x28, 0xb1, 0x41, 0x0f, 0x11, 0x78, 0xc0, 0x62,
    0x01, 0x1c, 0x0e, 0x79, 0x24, 0x94, 0x46, 0xee, 0xa0, 0xc3, 0x7e, 0x4c, 0x16, 0xf9, 0xe4,
    0x93, 0x6a, 0x16, 0x15, 0x16, 0x05, 0x0e, 0x5c, 0x70, 0x01, 0x05, 0x1e, 0xa8, 0xe1, 0x89,
    0x96, 0x20, 0x2d, 0xa0, 0xc0, 0x19, 0x14, 0x54, 0x90, 0x19, 0x8b, 0x01, 0x04, 0x41, 0x00,
    0x10, 0x6e, 0x26, 0x90, 0xc3, 0x28, 0x66, 0x26, 0x50, 0x83, 0x9c, 0x3a, 0xb8, 0x29, 0x80,
    0x25, 0x62, 0xa0, 0xe9, 0xa8, 0x65, 0x64, 0x51, 0x56, 0x40, 0x96, 0x4c, 0x59, 0x44, 0x46,
    0x04, 0x2c, 0xda, 0x11, 0x5b, 0x00, 0x42, 0x10, 0x50, 0x83, 0xa4, 0x04, 0xa4, 0xfa, 0x43,
    0x91, 0x09, 0x2c, 0x11, 0xd6, 0xa9, 0x50, 0x3a, 0xff, 0x92, 0xaa, 0x18, 0x29, 0x42, 0xc9,
    0x84, 0x9c, 0x2f, 0x44, 0xf0, 0x42, 0x05, 0x4a, 0xac, 0xf0, 0x89, 0x72, 0x4b, 0x69, 0x10,
    0xc9, 0x0a, 0x4a, 0x84, 0xe5, 0x1f, 0xa9, 0x1c, 0xbc, 0xa9, 0x28, 0x01, 0x37, 0xdc, 0x70,
    0x64, 0x17, 0x15, 0x1c, 0xf0, 0xa6, 0x00, 0x94, 0x30, 0xeb, 0x2c, 0x94, 0xd0, 0x16, 0x10,
    0x82, 0xae, 0x45, 0x39, 0x50, 0x45, 0x03, 0x77, 0xf1, 0xc4, 0x11, 0x0f, 0x0c, 0x8c, 0x79,
    0x5b, 0x05, 0x1c, 0x8c, 0xa0, 0xec, 0x0f, 0x37, 0x3c, 0x71, 0x24, 0x09, 0xd1, 0xaa, 0xfb,
    0x64, 0x02, 0x7f, 0xb4, 0xfb, 0x6e, 0x55, 0x13, 0x04, 0x2a, 0x57, 0x0c, 0x82, 0x10, 0xb7,
    0x54, 0x5f, 0x2d, 0x38, 0x70, 0x2b, 0x03, 0x1b, 0x5c, 0x17, 0x44, 0x12, 0xd3, 0x4a, 0x0a,
    0x25, 0xbc, 0x07, 0xc8, 0x3b, 0xaf, 0xc3, 0x09, 0x30, 0xcc, 0x84, 0x03, 0x2f, 0x14, 0xe0,
    0x40, 0x04, 0x8e, 0x85, 0xbb, 0x53, 0x5f, 0x2c, 0xb4, 0x76, 0x6c, 0x51, 0x15, 0x90, 0xe0,
    0xe4, 0xb4, 0x50, 0x26, 0xf1, 0x5d, 0x00, 0x22, 0x93, 0x7c, 0xe4, 0x08, 0xd3, 0x51, 0x47,
    0x27, 0x6e, 0x11, 0x1c, 0x91, 0x53, 0x56, 0x7d, 0xad, 0x40, 0x30, 0x05, 0x98, 0x16, 0x50,
    0x49, 0x23, 0x5e, 0x20, 0xfc, 0xe6, 0x0e, 0x02, 0xd0, 0x77, 0x1b, 0x03, 0x53, 0x08, 0x00,
    0xf4, 0x9b, 0x7e, 0x30, 0xf2, 0x48, 0x10, 0x82, 0x1d, 0xb0, 0x41, 0x66, 0x77, 0xcc, 0xdc,
    0x69, 0x6a, 0x13, 0x48, 0x50, 0xc1, 0x54, 0x51, 0x20, 0x80, 0x00, 0x11, 0x44, 0x20, 0x20,
    0xc9, 0x9b, 0x53, 0x6c, 0x40, 0x41, 0x81, 0x2f, 0x48, 0x30, 0x41, 0x19, 0x4f, 0xfe, 0x30,
    0xc6, 0xd6, 0x5a, 0x23, 0x60, 0x82, 0x54, 0x45, 0x31, 0xd0, 0x02, 0x5f, 0x69, 0x2d, 0xb0,
    0xc5, 0x1a, 0x62, 0x86, 0xa5, 0x42, 0xdb, 0x6d, 0x13, 0xff, 0xe1, 0x05, 0x91, 0x66, 0x0c,
    0x48, 0x14, 0x76, 0x21, 0x4c, 0xe0, 0xe4, 0xda, 0x7c, 0x6b, 0x6d, 0x19, 0x9d, 0xa5, 0xf1,
    0x19, 0x21, 0x00, 0x6d, 0x54, 0xad, 0x77, 0xe2, 0x5a, 0x43, 0x42, 0x07, 0x09, 0x2d, 0xb7,
    0x2c, 0x58, 0x00, 0x89, 0x00, 0x12, 0x08, 0xe5, 0x8a, 0x07, 0x70, 0x40, 0x9d, 0xa6, 0xa5,
    0xc5, 0x31, 0x03, 0x38, 0x17, 0x90, 0x35, 0xdf, 0x51, 0x64, 0x77, 0xb5, 0x58, 0x26, 0xbc,
    0x2d, 0x58, 0x05, 0x15, 0xec, 0x9d, 0xf8, 0xdb, 0x07, 0xe0, 0xa6, 0x01, 0x06, 0xc1, 0xe1,
    0x15, 0x11, 0x1b, 0x30, 0x49, 0xc0, 0xa2, 0x09, 0x2a, 0x14, 0x6f, 0x99, 0xe6, 0x01, 0x00,
    0x91, 0xc9, 0x09, 0xa1, 0x80, 0x81, 0x29, 0xec, 0xc5, 0xbf, 0xad, 0x2d, 0x6e, 0x19, 0x60,
    0xe0, 0xb8, 0x5a, 0xa9, 0x39, 0x27, 0x66, 0x60, 0xb0, 0x9f, 0xe0, 0xfd, 0x09, 0xa0, 0x6c,
    0xc2, 0xfd, 0x54, 0x46, 0xd5, 0x39, 0x5c, 0x68, 0x04, 0x25, 0xc6, 0x23, 0x6b, 0x12, 0x38,
    0x31, 0x66, 0x60, 0x9a, 0x7c, 0x7f, 0x02, 0x14, 0x97, 0x15, 0xe5, 0xe2, 0x05, 0x84, 0x40,
    0x08, 0x92, 0x02, 0x0a, 0x14, 0xc4, 0xbf, 0xff, 0x0a, 0xa0, 0x41, 0x5f, 0x2c, 0xe0, 0x9c,
    0xdb, 0x8c, 0x0d, 0x3b, 0xb2, 0x09, 0x00, 0x14, 0x9e, 0x00, 0x06, 0xd9, 0x2d, 0x69, 0x3f,
    0x12, 0x68, 0xcd, 0x78, 0x5a, 0xc2, 0x91, 0xff, 0x11, 0xc4, 0x82, 0x03, 0xc1, 0xe0, 0x05,
    0x33, 0x98, 0x93, 0xfe, 0x09, 0xa4, 0x7f, 0x0d, 0xf0, 0x20, 0x00, 0x14, 0x30, 0x92, 0x23,
    0xac, 0x60, 0x02, 0x11, 0xf8, 0xcf, 0xd8, 0xbe, 0x13, 0x95, 0x2f, 0x7c, 0x81, 0x28, 0x05,
    0x02, 0x90, 0x07, 0x2e, 0x86, 0x85, 0xd2, 0x00, 0xa0, 0x09, 0x16, 0x11, 0x21, 0x08, 0x75,
    0xd8, 0x41, 0x0e, 0xf6, 0xe6, 0x83, 0x22, 0x04, 0x22, 0x00, 0xff, 0xfd, 0x77, 0x96, 0x0c,
    0x20, 0x61, 0x02, 0x48, 0x44, 0xe2, 0x7f, 0x3e, 0xc0, 0xc4, 0x0f, 0x00, 0x08, 0x37, 0x28,
    0x9c, 0x40, 0x0c, 0x58, 0x80, 0x1a, 0x51, 0x0c, 0xf1, 0x82, 0x41, 0x1c, 0xa1, 0x07, 0xfb,
    0x47, 0x03, 0x81, 0xa0, 0x20, 0x55, 0x29, 0xb0, 0x01, 0x0c, 0x5c, 0xf0, 0x45, 0x02, 0x84,
    0x71, 0x8c, 0x65, 0x3c, 0x23, 0x19, 0xc1, 0xd8, 0xbf, 0x2d, 0xa0, 0x20, 0x08, 0x3a, 0x00,
    0x82, 0x0c, 0x90, 0x18, 0x81, 0x3a, 0xda, 0xb1, 0x05, 0x83, 0x00, 0x82, 0x19, 0xfb, 0xb7,
    0x88, 0x34, 0x8a, 0x71, 0x8d, 0x66, 0xfc, 0xa3, 0x1f, 0xd1, 0x08, 0x46, 0x4e, 0x28, 0xa0,
    0x09, 0x34, 0xe0, 0x82, 0x21, 0x52, 0x95, 0x2a, 0x08, 0xcc, 0xa0, 0x04, 0x8c, 0x24, 0x80,
    0x23, 0x21, 0xc9, 0xc8, 0x49, 0x46, 0x12, 0x02, 0x38, 0xa0, 0x64, 0xaa, 0xc2, 0x90, 0xc9,
    0x4b, 0xe2, 0xe0, 0x10, 0x9e, 0xd4, 0xa4, 0x24, 0x1f, 0x79, 0x49, 0x52, 0x56, 0xd2, 0x94,
    0xa9, 0x22, 0xc5, 0x0d, 0xfb, 0xa0, 0x87, 0x3d, 0x74, 0x82, 0x91, 0x1d, 0x18, 0xc0, 0x00,
    0x38, 0x00, 0x4b, 0x59, 0xd2, 0x32, 0x55, 0xb1, 0x9c, 0x65, 0x2d, 0x75, 0x89, 0x4b, 0x5b,
    0xee, 0xf2, 0x96, 0x04, 0xc8, 0x25, 0x30, 0x85, 0xf9, 0xcb, 0x62, 0xa6, 0xea, 0x12, 0x02,
    0x71, 0x81, 0x2c, 0x07, 0x00, 0x01, 0x08, 0x88, 0xe0, 0x01, 0xcb, 0x6c, 0xe6, 0x33, 0xa3,
    0xe9, 0x4c, 0x68, 0xca, 0x52, 0x9a, 0xd6, 0x64, 0x66, 0x35, 0xa9, 0x39, 0xcd, 0x6b, 0x6e,
    0xd3, 0x9b, 0xdd, 0xd4, 0x66, 0x38, 0xb1, 0x19, 0xcd, 0x30, 0x74, 0x00, 0x0e, 0x00, 0x28,
    0x44, 0x03, 0x0c, 0x20, 0xcb, 0x07, 0x64, 0xb3, 0x9d, 0xef, 0x1c, 0x80, 0x3b, 0x97, 0x09,
    0x4f, 0x7a, 0xca, 0x33, 0x9e, 0xf3, 0xa4, 0x67, 0x3e, 0x97, 0xb9, 0x31, 0xcf, 0x7a, 0xea,
    0x13, 0x9f, 0x38, 0x90, 0x83, 0x22, 0x7a, 0xc3, 0x07, 0x2e, 0xe4, 0xc1, 0x00, 0x20, 0x30,
    0x80, 0x42, 0x17, 0x9a, 0xd0, 0x85, 0x2a, 0xb4, 0xa1, 0x0e, 0x85, 0x28, 0x43, 0x1d, 0xfa,
    0x50, 0x8a, 0x22, 0xd4, 0xa2, 0x12, 0xad, 0x28, 0x45, 0x33, 0xaa, 0x50, 0x18, 0x08, 0x24,
    0x20, 0x00, 0x21, 0xf9, 0x04, 0x09, 0x09, 0x00, 0x00, 0x00, 0x2c, 0x00, 0x00, 0x00, 0x00,
    0x50, 0x00, 0x28, 0x00, 0x87, 0x00, 0x00, 0x00, 0x7b, 0xd3, 0xfb, 0x12, 0x17, 0x27, 0x2a,
    0xa9, 0xea, 0xfc, 0xfe, 0xfe, 0x84, 0xd9, 0xfd, 0x2f, 0xab, 0xea, 0x72, 0xc8, 0xf3, 0xfc,
    0xb4, 0xd4, 0x08, 0x09, 0x18, 0xff, 0xff, 0xff, 0x00, 0x00, 0xff, 0x13, 0x77, 0xaf, 0x15,
    0xa1, 0xe7, 0xa9, 0xdc, 0xf6, 0x06, 0x6a, 0xa4, 0x01, 0x5c, 0x94, 0x34, 0x94, 0xc7, 0x02,
    0x63, 0x9b, 0x4a, 0xa7, 0xd9, 0x00, 0x55, 0xaa, 0x8a, 0xe3, 0xff, 0x01, 0x65, 0x98, 0x23,
    0x83, 0xb7, 0x00, 0x7f, 0x7f, 0x00, 0x63, 0x9b, 0x09, 0x7c, 0xba, 0x2d, 0x8d, 0xc2, 0xcd,
    0xeb, 0xf9, 0x04, 0x66, 0x9d, 0x01, 0x64, 0x9a, 0x72, 0xc6, 0xf1, 0x8f, 0xcc, 0xf2, 0x38,
    0xb0, 0xec, 0x5a, 0xb6, 0xe4, 0x73, 0xc5, 0xf0, 0x16, 0x21, 0x34, 0x00, 0x58, 0x90, 0x44,
    0xb3, 0xec, 0x61, 0xbc, 0xe9, 0xfc, 0x76, 0x87, 0xfc, 0xfd, 0xfe, 0x04, 0x65, 0x9b, 0xf7,
    0xfc, 0xfd, 0x00, 0x5b, 0x92, 0x1c, 0x81, 0xb9, 0x0b, 0x9d, 0xe7, 0x00, 0xff, 0xff, 0x36,
    0xa9, 0xfb, 0x55, 0xbd, 0xec, 0xb7, 0xc4, 0xe9, 0x2e, 0x44, 0x59, 0x48, 0x76, 0x93, 0x6a,
    0xa7, 0xc7, 0xaf, 0xdf, 0xff, 0xfe, 0xfd, 0xfe, 0x00, 0x55, 0x8c, 0x07, 0x59, 0x91, 0x04,
    0x6c, 0xa4, 0x31, 0x4e, 0x66, 0x31, 0x7a, 0xb6, 0xb3, 0xec, 0xfd, 0xff, 0xc7, 0xe8, 0xff,
    0xff, 0x00, 0x00, 0x04, 0x3c, 0x12, 0x11, 0x1d, 0x00, 0x49, 0x93, 0x01, 0x54, 0x8e, 0x01,
    0x64, 0x9b, 0x02, 0x62, 0x99, 0x06, 0x69, 0xaa, 0x03, 0x69, 0xa2, 0x0f, 0x9c, 0xe6, 0x22,
    0x24, 0x33, 0x4b, 0x47, 0x57, 0x57, 0x5a, 0x66, 0x59, 0xb2, 0xdd, 0x75, 0x83, 0x8e, 0x81,
    0x83, 0x8c, 0xb2, 0xb4, 0xb9, 0xa1, 0xba, 0xd5, 0xd2, 0xbd, 0xe1, 0x00, 0x1d, 0x50, 0x00,
    0x2c, 0x52, 0x05, 0x37, 0x5b, 0x00, 0x3f, 0x7f, 0x00, 0x4a, 0x85, 0x00, 0x7f, 0xff, 0x15,
    0xa2, 0xea, 0x27, 0xa8, 0xea, 0x43, 0x6d, 0x88, 0x5e, 0x9c, 0xbf, 0x50, 0x9e, 0xc7, 0x55,
    0xaa, 0xff, 0x75, 0x57, 0x6e, 0x72, 0x7a, 0x85, 0x7f, 0x7f, 0xff, 0x7a, 0xe1, 0xff, 0x99,
    0xb0, 0xbc, 0x8e, 0xb8, 0xd6, 0xb4, 0xa7, 0xb8, 0xbb, 0xa6, 0xc4, 0xae, 0xd9, 0xee, 0xc1,
    0xc2, 0xc7, 0xd8, 0xff, 0xff, 0xf1, 0xab, 0xcb, 0xea, 0xeb, 0xec, 0x0c, 0x0f, 0x20, 0x00,
    0x00, 0x7f, 0x0c, 0x28, 0x42, 0x00, 0x4f, 0x7f, 0x00, 0x48, 0x83, 0x00, 0x55, 0x7f, 0x00,
    0x5f, 0x95, 0x08, 0x6c, 0xa3, 0x00, 0x66, 0xcc, 0x0e, 0x71, 0x9b, 0x00, 0x98, 0xe7, 0x24,
    0x48, 0x91, 0x23, 0x7b, 0xb0, 0x2a, 0x94, 0xbf, 0x33, 0x99, 0xcc, 0x33, 0x99, 0xe5, 0x2a,
    0xaa, 0xd4, 0x3c, 0xa3, 0xd8, 0x2e, 0xac, 0xea, 0x2b, 0xab, 0xec, 0x2a, 0xa8, 0xeb, 0x3f,
    0xbf, 0xbf, 0x3f, 0xbf, 0xff, 0x4d, 0x3e, 0x53, 0x44, 0x51, 0x5c, 0x54, 0x6e, 0x84, 0x53,
    0x8f, 0xb7, 0x55, 0xaa, 0xaa, 0x43, 0xb1, 0xec, 0x4e, 0xc0, 0xf8, 0x5f, 0xc1, 0xef, 0x55,
    0xd4, 0xff, 0x7f, 0x7f, 0xbf, 0x60, 0xa2, 0xbe, 0x62, 0xc4, 0xff, 0x81, 0x5d, 0x73, 0x82,
    0x62, 0x7a, 0x9a, 0x8a, 0xa7, 0x8d, 0xe2, 0xff, 0xaf, 0x80, 0x99, 0xae, 0x8e, 0xa6, 0xaf,
    0xbd, 0xe0, 0xad, 0xdd, 0xf7, 0xae, 0xe0, 0xf7, 0xb9, 0xf8, 0xff, 0xdb, 0x8e, 0xa6, 0xd5,
    0x95, 0xad, 0xc1, 0xa3, 0xc1, 0xc9, 0xd6, 0xe4, 0xc6, 0xde, 0xea, 0xd4, 0xe9, 0xff, 0xd0,
    0xec, 0xfa, 0xff, 0x00, 0xff, 0xff, 0x69, 0x77, 0xf4, 0x80, 0x93, 0xff, 0xff, 0xff, 0x00,
    0x00, 0x00, 0x00, 0x00, 0x00, 0x00, 0x00, 0x00, 0x00, 0x00, 0x00, 0x00, 0x00, 0x00, 0x00,
    0x00, 0x00, 0x00, 0x00, 0x00, 0x00, 0x00, 0x00, 0x00, 0x00, 0x00, 0x00, 0x00, 0x00, 0x00,
    0x00, 0x00, 0x00, 0x00, 0x00, 0x00, 0x00, 0x00, 0x00, 0x00, 0x00, 0x00, 0x00, 0x00, 0x00,
    0x00, 0x00, 0x00, 0x00, 0x00, 0x00, 0x00, 0x00, 0x00, 0x00, 0x00, 0x00, 0x00, 0x00, 0x00,
    0x00, 0x00, 0x00, 0x00, 0x00, 0x00, 0x00, 0x00, 0x00, 0x00, 0x00, 0x00, 0x00, 0x00, 0x00,
    0x00, 0x00, 0x00, 0x00, 0x00, 0x00, 0x00, 0x00, 0x00, 0x00, 0x00, 0x00, 0x00, 0x00, 0x00,
    0x00, 0x00, 0x00, 0x00, 0x00, 0x00, 0x00, 0x00, 0x00, 0x00, 0x00, 0x00, 0x00, 0x00, 0x00,
    0x00, 0x00, 0x00, 0x00, 0x00, 0x00, 0x00, 0x00, 0x00, 0x00, 0x00, 0x00, 0x00, 0x00, 0x00,
    0x00, 0x00, 0x00, 0x00, 0x00, 0x00, 0x00, 0x00, 0x00, 0x00, 0x00, 0x00, 0x00, 0x00, 0x00,
    0x00, 0x00, 0x00, 0x00, 0x00, 0x00, 0x00, 0x00, 0x00, 0x00, 0x00, 0x00, 0x00, 0x00, 0x00,
    0x00, 0x00, 0x00, 0x00, 0x00, 0x00, 0x00, 0x00, 0x00, 0x00, 0x00, 0x00, 0x00, 0x00, 0x00,
    0x00, 0x00, 0x00, 0x00, 0x00, 0x00, 0x00, 0x00, 0x00, 0x00, 0x00, 0x00, 0x00, 0x00, 0x00,
    0x00, 0x00, 0x00, 0x00, 0x00, 0x00, 0x00, 0x00, 0x00, 0x00, 0x00, 0x00, 0x00, 0x00, 0x00,
    0x00, 0x00, 0x00, 0x00, 0x00, 0x00, 0x00, 0x00, 0x00, 0x00, 0x00, 0x00, 0x00, 0x00, 0x00,
    0x00, 0x00, 0x00, 0x00, 0x00, 0x00, 0x00, 0x00, 0x00, 0x00, 0x00, 0x00, 0x00, 0x00, 0x00,
    0x00, 0x00, 0x00, 0x00, 0x00, 0x00, 0x00, 0x00, 0x00, 0x00, 0x00, 0x00, 0x00, 0x00, 0x00,
    0x00, 0x00, 0x00, 0x00, 0x00, 0x00, 0x00, 0x00, 0x00, 0x00, 0x00, 0x00, 0x00, 0x00, 0x00,
    0x00, 0x00, 0x00, 0x00, 0x00, 0x00, 0x00, 0x00, 0x00, 0x00, 0x00, 0x00, 0x00, 0x00, 0x00,
    0x00, 0x00, 0x00, 0x00, 0x00, 0x00, 0x00, 0x00, 0x08, 0xff, 0x00, 0x01, 0x08, 0x1c, 0x48,
    0xb0, 0xa0, 0xc1, 0x83, 0x08, 0x13, 0x2a, 0x5c, 0xc8, 0xb0, 0xa1, 0x43, 0x86, 0x0b, 0x28,
    0x58, 0xb0, 0xa0, 0x61, 0xc1, 0xc3, 0x8b, 0x18, 0x33, 0x1e, 0xc4, 0x70, 0x90, 0x82, 0xc6,
    0x8f, 0x20, 0x19, 0xc2, 0xc1, 0x51, 0xa2, 0xa4, 0x10, 0x81, 0x1e, 0x43, 0xaa, 0x04, 0x69,
    0x11, 0xc8, 0x10, 0x09, 0x17, 0x26, 0x4c, 0x88, 0xc0, 0x20, 0x83, 0x15, 0x00, 0x1c, 0x57,
    0xea, 0x7c, 0x18, 0x11, 0x48, 0x86, 0x09, 0x07, 0x0a, 0x08, 0x2d, 0x10, 0xe0, 0xc4, 0x85,
    0x9b, 0x29, 0x77, 0x2a, 0x4d, 0xc8, 0x91, 0x85, 0x88, 0x0a, 0x01, 0xa2, 0x4a, 0x15, 0xda,
    0xe2, 0x0d, 0x80, 0xa4, 0x4b, 0xb3, 0xa2, 0x04, 0x80, 0x63, 0x03, 0x51, 0xa9, 0x60, 0x0b,
    0x9c, 0x28, 0x62, 0x87, 0x82, 0x45, 0xad, 0x4b, 0x23, 0x5a, 0x58, 0x34, 0x64, 0xc2, 0x57,
    0xb0, 0x60, 0x1f, 0xb8, 0xd1, 0x30, 0xe7, 0x2c, 0x5a, 0x85, 0x39, 0x15, 0x52, 0xd0, 0x40,
    0xb0, 0xed, 0x5b, 0xb8, 0x51, 0x1f, 0xe4, 0x20, 0x68, 0xc1, 0x2e, 0xc2, 0x05, 0x79, 0x75,
    0x26, 0x2e, 0x68, 0x56, 0x20, 0x9e, 0x0e, 0x47, 0x3c, 0x40, 0xb8, 0xf0, 0x37, 0xac, 0x08,
    0x08, 0x2c, 0x54, 0xa8, 0xe0, 0x2b, 0xb0, 0xe2, 0xdd, 0x82, 0x39, 0x88, 0xe0, 0x34, 0x78,
    0xe5, 0x85, 0x40, 0x1d, 0x47, 0x20, 0x48, 0x60, 0xf0, 0x80, 0xe6, 0x04, 0xa8, 0x70, 0x85,
    0x32, 0xd8, 0xd0, 0xe2, 0xc1, 0x03, 0x09, 0x99, 0x39, 0x73, 0x26, 0xc8, 0xd1, 0x82, 0xe8,
    0xc5, 0x19, 0x31, 0x58, 0xf0, 0xd0, 0xe1, 0x2a, 0xc1, 0x94, 0x3a, 0x32, 0xac, 0xde, 0x00,
    0x34, 0x68, 0x80, 0x0b, 0x11, 0x82, 0x56, 0x10, 0x1a, 0x80, 0x09, 0x83, 0xd7, 0x01, 0x0e,
    0x9c, 0x88, 0x50, 0x1b, 0x82, 0x07, 0xce, 0x76, 0x3d, 0x0a, 0xff, 0xc9, 0x20, 0xda, 0xb0,
    0x46, 0x8b, 0x16, 0x24, 0x14, 0xc7, 0x60, 0xfa, 0x0a, 0x80, 0x0e, 0xca, 0x5b, 0x44, 0xef,
    0x71, 0xa9, 0xc0, 0x81, 0xa0, 0x05, 0x22, 0x3c, 0x80, 0x1e, 0x81, 0x26, 0x83, 0xa7, 0xf7,
    0x49, 0x17, 0xc0, 0x04, 0x1b, 0x30, 0x00, 0x81, 0x0a, 0x3c, 0x18, 0xe7, 0x51, 0x15, 0x45,
    0x78, 0x00, 0x80, 0x05, 0x3a, 0x41, 0xa8, 0x42, 0x4d, 0x3c, 0x50, 0x50, 0x05, 0x00, 0x3a,
    0xac, 0x06, 0x54, 0x0f, 0x04, 0x70, 0xd0, 0x44, 0x12, 0x24, 0x08, 0x30, 0x43, 0x0d, 0x50,
    0x11, 0xd8, 0x9f, 0x73, 0x34, 0x90, 0x10, 0xe2, 0x0c, 0x8c, 0x50, 0xb7, 0xdd, 0x03, 0x19,
    0xd0, 0x01, 0xc0, 0x49, 0x38, 0xdc, 0x36, 0x98, 0x79, 0x1f, 0x2d, 0xf0, 0x89, 0x14, 0xd0,
    0xb1, 0x20, 0x90, 0x72, 0x17, 0x04, 0xc5, 0xa1, 0x18, 0x02, 0x24, 0x20, 0xc0, 0x91, 0x09,
    0x24, 0xb0, 0xc3, 0x50, 0x42, 0x55, 0xb0, 0x45, 0x91, 0x47, 0x16, 0xa9, 0xe4, 0x54, 0x13,
    0xdc, 0x56, 0x5c, 0x8d, 0x7c, 0xa8, 0xf0, 0xa0, 0x52, 0x10, 0x96, 0x70, 0x40, 0x04, 0x2c,
    0x64, 0xf0, 0xc0, 0x04, 0x51, 0x99, 0x41, 0x00, 0x14, 0x6b, 0x44, 0xa9, 0xa6, 0x92, 0xf6,
    0x05, 0x55, 0x43, 0x10, 0x48, 0x42, 0x59, 0xe4, 0x92, 0x51, 0xd9, 0x67, 0xa0, 0x64, 0x46,
    0x01, 0xf1, 0x03, 0x8e, 0x2c, 0xfd, 0xc0, 0x63, 0x01, 0x17, 0x40, 0xe0, 0x56, 0x54, 0x1c,
    0x10, 0x30, 0x83, 0x91, 0x47, 0x9e, 0x71, 0x46, 0x94, 0x09, 0xd4, 0x60, 0x5f, 0x01, 0x87,
    0x16, 0xb9, 0x84, 0x1a, 0x4b, 0x20, 0xda, 0xe8, 0x57, 0x76, 0x4a, 0x70, 0xc2, 0x01, 0x25,
    0x6c, 0xb9, 0x54, 0x97, 0x89, 0x54, 0x70, 0xc1, 0x1d, 0x27, 0x10, 0x85, 0x86, 0x18, 0x96,
    0x3a, 0x41, 0x00, 0x01, 0x4f, 0x20, 0x39, 0x43, 0x00, 0x05, 0x6c, 0xff, 0x81, 0xa8, 0x00,
    0xab, 0x12, 0xf0, 0x85, 0xab, 0x60, 0xe9, 0xf7, 0xd4, 0x05, 0x53, 0xec, 0x99, 0xd5, 0x02,
    0x3f, 0x4c, 0x41, 0x59, 0x01, 0x13, 0x40, 0x20, 0x42, 0x01, 0xb6, 0xce, 0x2a, 0xc0, 0x13,
    0x37, 0xdc, 0xe0, 0x04, 0xa2, 0x07, 0x54, 0xa0, 0x85, 0xa5, 0x93, 0x36, 0xfb, 0xec, 0x91,
    0xf8, 0x31, 0xc0, 0x40, 0x50, 0x22, 0x74, 0xba, 0xdb, 0x52, 0x18, 0xec, 0xe1, 0x54, 0x01,
    0x15, 0x14, 0x2b, 0x02, 0x1a, 0x4d, 0x28, 0xbb, 0xec, 0x0d, 0x4a, 0x18, 0x49, 0x42, 0xb4,
    0x34, 0xcc, 0x6a, 0x24, 0x19, 0xec, 0xba, 0x1b, 0x14, 0x6b, 0x43, 0x5d, 0x80, 0x83, 0x71,
    0xbf, 0x02, 0xc0, 0x03, 0x04, 0x0c, 0x94, 0xfb, 0x00, 0x17, 0x07, 0xf4, 0x90, 0xae, 0x9a,
    0x8c, 0x1e, 0xf9, 0x6e, 0x05, 0xf1, 0x22, 0x8c, 0xf0, 0xbb, 0x05, 0x30, 0x71, 0x01, 0x03,
    0x62, 0x3d, 0xe0, 0x20, 0x84, 0xfd, 0x1a, 0x21, 0x41, 0x6b, 0x63, 0xc2, 0x06, 0x02, 0x09,
    0xea, 0x32, 0x4a, 0x43, 0x76, 0x07, 0x24, 0x11, 0xb2, 0x94, 0x34, 0x54, 0xe0, 0x1c, 0x03,
    0x17, 0x5c, 0xf0, 0x80, 0x96, 0x18, 0xa7, 0xe5, 0xef, 0x64, 0x41, 0xbe, 0x55, 0x00, 0x24,
    0x8e, 0x08, 0x82, 0x30, 0x9c, 0x54, 0x68, 0xfb, 0x80, 0x81, 0x02, 0xc0, 0xa9, 0x66, 0x12,
    0x5e, 0x3c, 0x42, 0x89, 0xcd, 0x13, 0x4c, 0xdc, 0x69, 0xcc, 0x9f, 0x2e, 0xe0, 0xc1, 0xb6,
    0x5f, 0x81, 0x80, 0xc0, 0xd4, 0x3e, 0x20, 0x90, 0x86, 0x12, 0x51, 0x92, 0x00, 0x41, 0x04,
    0x4c, 0x04, 0x98, 0x34, 0x15, 0x6a, 0x4a, 0x82, 0x80, 0x0f, 0x55, 0x23, 0x10, 0x85, 0x54,
    0x15, 0x44, 0x00, 0x01, 0x5f, 0x7c, 0xae, 0xe4, 0x51, 0x07, 0x63, 0xd6, 0x39, 0xf5, 0xdc,
    0x53, 0xa7, 0x91, 0xa4, 0x00, 0x12, 0x1c, 0x4b, 0x14, 0x93, 0x1b, 0xb4, 0xff, 0x91, 0xa4,
    0x17, 0x65, 0xd3, 0x2d, 0x03, 0xac, 0x07, 0xb4, 0x10, 0x47, 0x1e, 0x58, 0x65, 0xc5, 0x91,
    0x98, 0x07, 0xc0, 0x4a, 0x37, 0xdd, 0x34, 0x68, 0xc1, 0x05, 0xac, 0x70, 0x35, 0x6e, 0x1f,
    0x21, 0x83, 0x4c, 0xf2, 0xf8, 0xd4, 0x83, 0xe7, 0x07, 0x81, 0x1c, 0xfc, 0xa2, 0xc5, 0x06,
    0x06, 0x1a, 0xac, 0xd6, 0xb8, 0xd4, 0x8f, 0x83, 0x50, 0xc1, 0x74, 0x60, 0x81, 0x00, 0x42,
    0x58, 0xab, 0x17, 0x10, 0xc5, 0xe3, 0x51, 0x08, 0x35, 0x01, 0x03, 0x30, 0x7f, 0x86, 0x12,
    0x06, 0x1d, 0xac, 0x76, 0x6c, 0x00, 0x20, 0xc8, 0x20, 0xc3, 0xeb, 0x51, 0x35, 0x5e, 0x67,
    0x19, 0xa1, 0xa0, 0x80, 0xc9, 0x18, 0x80, 0xc1, 0x2a, 0xfc, 0xf0, 0xf6, 0xd1, 0x94, 0x81,
    0x11, 0x9e, 0xe9, 0x3e, 0x1a, 0x7c, 0x63, 0x1a, 0xdf, 0x7c, 0x54, 0x9a, 0x80, 0x82, 0xc2,
    0xf7, 0x28, 0x10, 0xbf, 0x7d, 0x76, 0x2d, 0x78, 0xc7, 0xb6, 0xf5, 0x03, 0x79, 0x64, 0x88,
    0x72, 0xd7, 0xe1, 0xd7, 0x3c, 0x14, 0xe0, 0xa3, 0x90, 0x49, 0xf3, 0x42, 0x69, 0xa7, 0x9f,
    0x7a, 0x38, 0xb5, 0x7d, 0x91, 0x02, 0x0a, 0x14, 0xc4, 0xbf, 0xff, 0x0a, 0xd0, 0x00, 0x47,
    0x92, 0xf3, 0xb3, 0xe8, 0xe0, 0x67, 0x28, 0x51, 0x01, 0x41, 0x19, 0xc8, 0x00, 0x85, 0xa9,
    0x20, 0xf0, 0x00, 0xb7, 0x7b, 0x80, 0x77, 0x20, 0x84, 0xb1, 0xff, 0x11, 0xc4, 0x82, 0x03,
    0xc1, 0xe0, 0x05, 0x33, 0x08, 0x80, 0x05, 0xf4, 0x4f, 0x20, 0xfd, 0xf3, 0x60, 0x06, 0x4d,
    0xa3, 0x00, 0xf8, 0x6c, 0x4c, 0x3e, 0x06, 0x3c, 0x60, 0x18, 0xc2, 0x00, 0xab, 0x36, 0x41,
    0x70, 0x03, 0x34, 0x91, 0x80, 0x77, 0x06, 0x03, 0x80, 0x2e, 0x74, 0xf0, 0x83, 0x00, 0x08,
    0x21, 0x0e, 0x75, 0xc8, 0x41, 0x81, 0x98, 0x26, 0x87, 0x38, 0x04, 0x61, 0x10, 0xff, 0x81,
    0x68, 0x10, 0x05, 0x18, 0xa1, 0x04, 0x2c, 0x80, 0x80, 0x12, 0x95, 0x08, 0xc3, 0x08, 0x6c,
    0xe0, 0x89, 0x30, 0x64, 0x8d, 0x04, 0x65, 0x48, 0x1c, 0x08, 0x29, 0x60, 0x13, 0x00, 0xcc,
    0xe2, 0x05, 0x3f, 0xd8, 0xbf, 0x1f, 0xae, 0x60, 0x55, 0x29, 0xb0, 0x41, 0x0c, 0x60, 0xf0,
    0x45, 0x02, 0x84, 0x71, 0x8c, 0x65, 0x3c, 0xa3, 0x1e, 0xd2, 0x08, 0x80, 0x48, 0xc0, 0x80,
    0x13, 0x63, 0xa8, 0x41, 0x0d, 0x64, 0xa8, 0x1a, 0x09, 0xd8, 0x51, 0x02, 0x45, 0x38, 0x42,
    0x21, 0xcc, 0x94, 0x02, 0x81, 0x28, 0x22, 0x8d, 0x62, 0x24, 0x23, 0x18, 0x03, 0x09, 0x48,
    0x34, 0x82, 0xb1, 0x13, 0x0a, 0x00, 0xc3, 0x0b, 0xb2, 0x70, 0x88, 0x5a, 0x11, 0xc0, 0x01,
    0x2e, 0x30, 0x81, 0x23, 0x21, 0x29, 0xc9, 0x5a, 0x51, 0x72, 0x92, 0x91, 0x9c, 0x24, 0x12,
    0x2a, 0xb9, 0x2a, 0x07, 0x60, 0x01, 0x11, 0x9a, 0xe4, 0xe4, 0x23, 0x33, 0x69, 0x49, 0x52,
    0x76, 0xd2, 0x94, 0x04, 0x10, 0x05, 0x00, 0xc0, 0x10, 0x08, 0x3f, 0xfc, 0xc1, 0x13, 0xb5,
    0xfa, 0xc0, 0x00, 0x06, 0x50, 0xa8, 0x55, 0xc9, 0x92, 0x96, 0xb1, 0x9c, 0x65, 0x2d, 0x09,
    0x70, 0xcb, 0x5d, 0xf6, 0x32, 0x97, 0xb8, 0xb4, 0xa5, 0x2e, 0x81, 0xe9, 0xcb, 0x61, 0x0a,
    0x33, 0x98, 0x04, 0xa8, 0x84, 0x40, 0x60, 0x30, 0xcb, 0x01, 0x38, 0xc0, 0x01, 0x23, 0x68,
    0x40, 0x33, 0x9f, 0x19, 0xcd, 0x69, 0x42, 0x53, 0x9a, 0xb3, 0xa4, 0x26, 0x36, 0x9d, 0x79,
    0x4d, 0x6b, 0x56, 0x33, 0x9b, 0xdd, 0x04, 0xe7, 0x37, 0xb9, 0x39, 0x4e, 0x6d, 0x4e, 0xd3,
    0x12, 0x1f, 0xa8, 0x43, 0x0d, 0x17, 0x60, 0x80, 0x59, 0x36, 0x60, 0x9b, 0xee, 0x84, 0xe7,
    0x00, 0xde, 0xd9, 0xcc, 0x78, 0xd6, 0x73, 0x9e, 0xf2, 0xa4, 0x67, 0x3d, 0xf5, 0xd9, 0x33,
    0x4c, 0x7e, 0xda, 0x73, 0x9f, 0xf9, 0x44, 0x02, 0x16, 0x1a, 0xe1, 0x43, 0x40, 0x64, 0xa1,
    0x0f, 0x06, 0x08, 0x81, 0x01, 0x16, 0xca, 0x50, 0x85, 0x32, 0x74, 0xa1, 0x0e, 0x7d, 0x68,
    0x44, 0x1b, 0xfa, 0x50, 0x88, 0x56, 0x34, 0xa1, 0x17, 0x9d, 0xa8, 0x45, 0x2b, 0xaa, 0xd1,
    0x85, 0xc6, 0x40, 0x20, 0x01, 0x01, 0x00, 0x21, 0xf9, 0x04, 0x09, 0x09, 0x00, 0x00, 0x00,
    0x2c, 0x00, 0x00, 0x00, 0x00, 0x50, 0x00, 0x28, 0x00, 0x87, 0x00, 0x00, 0x00, 0x7b, 0xd3,
    0xfc, 0x12, 0x17, 0x27, 0xfc, 0xfe, 0xfe, 0x2a, 0xa9, 0xea, 0x84, 0xd9, 0xfe, 0x2f, 0xab,
    0xea, 0x72, 0xc9, 0xf3, 0x07, 0x08, 0x17, 0xfc, 0xb4, 0xd4, 0xfe, 0xff, 0xff, 0x05, 0x6c,
    0xa6, 0x00, 0x55, 0xaa, 0x02, 0x63, 0x9b, 0x15, 0xa1, 0xe7, 0x00, 0x00, 0xff, 0x8b, 0xe4,
    0xfe, 0xaa, 0xdd, 0xf6, 0x36, 0x96, 0xc8, 0x4b, 0xa8, 0xd9, 0x12, 0x76, 0xae, 0x00, 0x5b,
    0x94, 0x00, 0x65, 0x99, 0x27, 0x84, 0xb7, 0x00, 0x7f, 0x7f, 0x01, 0x63, 0x9a, 0x47, 0x74,
    0x90, 0xcd, 0xea, 0xf7, 0x03, 0x65, 0x9b, 0x71, 0xc6, 0xf0, 0x8f, 0xcc, 0xf4, 0x38, 0xb0,
    0xec, 0x74, 0xc6, 0xf1, 0xfb, 0x77, 0x88, 0x00, 0x5b, 0x94, 0x0c, 0x7a, 0xb9, 0x00, 0xff,
    0xff, 0x44, 0xb3, 0xec, 0x59, 0xb7, 0xe5, 0xf9, 0xfd, 0xfe, 0x19, 0x22, 0x33, 0x01, 0x63,
    0x9a, 0x05, 0x64, 0x9b, 0x36, 0xaa, 0xfc, 0xfe, 0xfe, 0xfe, 0xff, 0xff, 0xff, 0x0b, 0x9e,
    0xe8, 0x2e, 0x8d, 0xc2, 0x55, 0xbd, 0xec, 0x63, 0xbc, 0xea, 0x06, 0x49, 0x7d, 0x00, 0x56,
    0x8f, 0x05, 0x6b, 0xa4, 0x1c, 0x81, 0xb9, 0xaf, 0xdf, 0xff, 0x05, 0x6b, 0xa5, 0x2f, 0x7b,
    0xb9, 0x58, 0x5b, 0x66, 0x70, 0xaa, 0xc8, 0xb0, 0xe6, 0xfc, 0x0e, 0x10, 0x1e, 0x03, 0x58,
    0x90, 0x00, 0x56, 0x8f, 0x36, 0x48, 0x59, 0x30, 0x4a, 0x62, 0x20, 0x7d, 0xb0, 0x58, 0xb1,
    0xde, 0xb5, 0xc5, 0xe9, 0xd4, 0xbe, 0xe0, 0xc5, 0xc1, 0xe5, 0x00, 0x57, 0x91, 0x02, 0x63,
    0x9a, 0x02, 0x68, 0xa1, 0x00, 0x7f, 0xff, 0x12, 0xa3, 0xec, 0x3d, 0xa1, 0xd5, 0x49, 0x4c,
    0x58, 0x42, 0x6d, 0x88, 0x55, 0x98, 0xbc, 0xb3, 0xb5, 0xb9, 0xa2, 0xba, 0xd4, 0xc1, 0xc2,
    0xc6, 0xed, 0xab, 0xca, 0xff, 0xc8, 0xea, 0x0b, 0x0f, 0x20, 0x00, 0x3f, 0x7f, 0x09, 0x4b,
    0x8d, 0x00, 0x4e, 0x88, 0x18, 0x74, 0xa8, 0x0f, 0x9d, 0xe6, 0x2b, 0x87, 0xbb, 0x35, 0x9d,
    0xd8, 0x27, 0xa8, 0xea, 0x47, 0x39, 0x4d, 0x7f, 0x7f, 0xff, 0x8e, 0x68, 0x81, 0x82, 0x84,
    0x8d, 0xb3, 0xa6, 0xb7, 0xbb, 0xa6, 0xc4, 0xc5, 0xee, 0xff, 0xde, 0xfc, 0xff, 0x00, 0x00,
    0x3f, 0x00, 0x00, 0x7f, 0x08, 0x29, 0x46, 0x00, 0x39, 0x63, 0x04, 0x49, 0x74, 0x00, 0x4b,
    0x81, 0x00, 0x4e, 0x88, 0x00, 0x55, 0x7f, 0x00, 0x52, 0x8b, 0x00, 0x5e, 0x95, 0x00, 0x61,
    0x99, 0x08, 0x6a, 0xa1, 0x04, 0x68, 0xa0, 0x0e, 0x71, 0x9b, 0x1f, 0x8f, 0xcf, 0x00, 0x98,
    0xe7, 0x26, 0x1c, 0x29, 0x20, 0x24, 0x34, 0x31, 0x38, 0x48, 0x24, 0x6d, 0xb6, 0x24, 0x91,
    0xb6, 0x2e, 0xac, 0xea, 0x2b, 0xab, 0xec, 0x2a, 0xa8, 0xeb, 0x3f, 0xbf, 0xbf, 0x3f, 0xbf,
    0xff, 0x55, 0x97, 0xbb, 0x5e, 0x9d, 0xc0, 0x55, 0xaa, 0xaa, 0x55, 0xaa, 0xff, 0x43, 0xb1,
    0xec, 0x4e, 0xc0, 0xf9, 0x72, 0x57, 0x6e, 0x7f, 0x7f, 0x7f, 0x7c, 0x7e, 0x88, 0x6d, 0x80,
    0x8d, 0x7f, 0xb0, 0xcc, 0x7f, 0xbf, 0xff, 0x62, 0xc4, 0xff, 0x7b, 0xe2, 0xff, 0x98, 0xaf,
    0xbc, 0x97, 0xb1, 0xbe, 0x99, 0xbd, 0xdf, 0x92, 0xce, 0xec, 0x93, 0xd2, 0xee, 0xad, 0x7f,
    0x9a, 0xb5, 0x85, 0xa0, 0xad, 0xdd, 0xf7, 0xb5, 0xd1, 0xe1, 0xae, 0xe0, 0xf7, 0xda, 0x8e,
    0xa5, 0xd6, 0x95, 0xad, 0xc1, 0xa3, 0xc1, 0xd2, 0xbc, 0xdf, 0xc4, 0xd7, 0xeb, 0xd4, 0xe9,
    0xff, 0xdb, 0xed, 0xf6, 0xd0, 0xec, 0xfa, 0xd7, 0xff, 0xff, 0xff, 0x00, 0x00, 0xff, 0x00,
    0xff, 0xff, 0x69, 0x77, 0xff, 0xff, 0xff, 0xff, 0xff, 0xff, 0x00, 0x00, 0x00, 0x00, 0x00,
    0x00, 0x00, 0x00, 0x00, 0x00, 0x00, 0x00, 0x00, 0x00, 0x00, 0x00, 0x00, 0x00, 0x00, 0x00,
    0x00, 0x00, 0x00, 0x00, 0x00, 0x00, 0x00, 0x00, 0x00, 0x00, 0x00, 0x00, 0x00, 0x00, 0x00,
    0x00, 0x00, 0x00, 0x00, 0x00, 0x00, 0x00, 0x00, 0x00, 0x00, 0x00, 0x00, 0x00, 0x00, 0x00,
    0x00, 0x00, 0x00, 0x00, 0x00, 0x00, 0x00, 0x00, 0x00, 0x00, 0x00, 0x00, 0x00, 0x00, 0x00,
    0x00, 0x00, 0x00, 0x00, 0x00, 0x00, 0x00, 0x00, 0x00, 0x00, 0x00, 0x00, 0x00, 0x00, 0x00,
    0x00, 0x00, 0x00, 0x00, 0x00, 0x00, 0x00, 0x00, 0x00, 0x00, 0x00, 0x00, 0x00, 0x00, 0x00,
    0x00, 0x00, 0x00, 0x00, 0x00, 0x00, 0x00, 0x00, 0x00, 0x00, 0x00, 0x00, 0x00, 0x00, 0x00,
    0x00, 0x00, 0x00, 0x00, 0x00, 0x00, 0x00, 0x00, 0x00, 0x00, 0x00, 0x00, 0x00, 0x00, 0x00,
    0x00, 0x00, 0x00, 0x00, 0x00, 0x00, 0x00, 0x00, 0x00, 0x00, 0x00, 0x00, 0x00, 0x00, 0x00,
    0x00, 0x00, 0x00, 0x00, 0x00, 0x00, 0x00, 0x00, 0x00, 0x00, 0x00, 0x00, 0x00, 0x00, 0x00,
    0x00, 0x00, 0x00, 0x00, 0x00, 0x00, 0x00, 0x00, 0x00, 0x00, 0x00, 0x00, 0x00, 0x00, 0x00,
    0x00, 0x00, 0x00, 0x00, 0x00, 0x00, 0x00, 0x00, 0x00, 0x00, 0x00, 0x00, 0x00, 0x00, 0x00,
    0x00, 0x00, 0x00, 0x00, 0x00, 0x00, 0x00, 0x00, 0x00, 0x00, 0x00, 0x00, 0x00, 0x00, 0x00,
    0x00, 0x00, 0x00, 0x00, 0x00, 0x00, 0x00, 0x00, 0x00, 0x00, 0x00, 0x00, 0x00, 0x00, 0x00,
    0x00, 0x00, 0x00, 0x00, 0x00, 0x00, 0x00, 0x00, 0x00, 0x00, 0x00, 0x00, 0x00, 0x00, 0x00,
    0x00, 0x00, 0x00, 0x00, 0x00, 0x00, 0x00, 0x00, 0x00, 0x00, 0x00, 0x00, 0x00, 0x00, 0x00,
    0x00, 0x00, 0x00, 0x00, 0x00, 0x00, 0x00, 0x00, 0x00, 0x00, 0x00, 0x00, 0x00, 0x00, 0x00,
    0x00, 0x00, 0x00, 0x00, 0x00, 0x00, 0x00, 0x00, 0x00, 0x00, 0x00, 0x00, 0x00, 0x08, 0xff,
    0x00, 0x01, 0x08, 0x1c, 0x48, 0xb0, 0xa0, 0xc1, 0x83, 0x08, 0x05, 0x3e, 0x58, 0x98, 0xb0,
    0xa1, 0xc3, 0x87, 0x10, 0x23, 0x1a, 0x64, 0x30, 0x82, 0xa0, 0x85, 0x07, 0x12, 0x33, 0x6a,
    0xdc, 0x88, 0xb0, 0x8a, 0x0c, 0x2b, 0x03, 0x31, 0x70, 0x1c, 0x49, 0x12, 0xe1, 0x03, 0x91,
    0x33, 0x8c, 0x34, 0x68, 0xb0, 0x20, 0xc3, 0x15, 0x19, 0x00, 0x18, 0x94, 0x9c, 0x49, 0x12,
    0x63, 0x19, 0x11, 0x17, 0x26, 0x1c, 0x38, 0x10, 0xc0, 0x84, 0x04, 0x0a, 0x6b, 0x62, 0xd2,
    0x1c, 0x2a, 0xf1, 0xa4, 0x8c, 0x0c, 0x26, 0x0a, 0x14, 0x08, 0xc0, 0x54, 0x69, 0x80, 0x0b,
    0x33, 0x84, 0x12, 0x9d, 0x9a, 0xd0, 0x02, 0x00, 0x23, 0x13, 0x20, 0x30, 0xdd, 0xda, 0x34,
    0xc0, 0x82, 0x1e, 0x00, 0x30, 0x52, 0x1d, 0x3b, 0xf0, 0x01, 0x09, 0x19, 0x0b, 0x78, 0x72,
    0xe5, 0x5a, 0x60, 0x89, 0x8f, 0x50, 0x6c, 0xc8, 0x52, 0x7d, 0x40, 0x71, 0xe0, 0x82, 0xb5,
    0x6b, 0x0b, 0x4c, 0xf0, 0x31, 0xf0, 0xa2, 0x5c, 0x87, 0x62, 0x4d, 0x8a, 0x14, 0x88, 0x23,
    0x0f, 0x87, 0xb4, 0x78, 0xb7, 0x16, 0x90, 0x20, 0x42, 0xcb, 0x1c, 0x82, 0x32, 0x1b, 0x92,
    0x20, 0x6a, 0x41, 0xe6, 0xe0, 0x82, 0x0f, 0x2a, 0x02, 0x18, 0xc1, 0x01, 0x49, 0x85, 0x0a,
    0x2b, 0x25, 0x68, 0xc5, 0x5b, 0xe0, 0x00, 0xcb, 0xcf, 0x22, 0x52, 0x68, 0x26, 0x11, 0x79,
    0x22, 0x00, 0xab, 0x33, 0x31, 0xf4, 0x48, 0x71, 0x43, 0xea, 0xc0, 0x24, 0x02, 0x47, 0xa8,
    0x00, 0x4d, 0xe1, 0xc5, 0x0b, 0x9d, 0x39, 0x95, 0x2e, 0x0d, 0xa0, 0xf4, 0x40, 0xce, 0x03,
    0x12, 0x24, 0xd4, 0x58, 0xd0, 0x20, 0x03, 0x0d, 0x85, 0xae, 0x39, 0x70, 0x00, 0x70, 0x99,
    0xa3, 0x4c, 0x0e, 0x47, 0x60, 0xb6, 0xb6, 0x6a, 0x61, 0xf7, 0x02, 0x0a, 0x3a, 0x21, 0x88,
    0xff, 0x87, 0x50, 0x20, 0x48, 0x10, 0x09, 0x3b, 0x03, 0x08, 0xb9, 0xb0, 0x20, 0xeb, 0xf8,
    0x03, 0x31, 0x24, 0x30, 0x77, 0x4e, 0x3d, 0x32, 0x09, 0x91, 0x34, 0x8e, 0x54, 0xa6, 0x29,
    0xf3, 0xc8, 0x82, 0xa8, 0x16, 0xdc, 0x07, 0x00, 0x07, 0x2c, 0x49, 0x10, 0x43, 0x01, 0x03,
    0x90, 0xd1, 0x88, 0x06, 0x0c, 0x1e, 0x00, 0xc1, 0x04, 0x17, 0x50, 0x40, 0xc1, 0x02, 0x17,
    0x48, 0x10, 0x00, 0x04, 0x4e, 0x34, 0xd1, 0x20, 0x79, 0x07, 0x4c, 0x40, 0x41, 0x73, 0x81,
    0xc4, 0x84, 0x01, 0x06, 0x38, 0x64, 0xb0, 0xc0, 0x74, 0xad, 0x91, 0x24, 0xd3, 0x1b, 0x0b,
    0xfc, 0x97, 0x5b, 0x1c, 0x15, 0xd4, 0xc0, 0xd3, 0x0e, 0x03, 0x40, 0xf1, 0x03, 0x02, 0x38,
    0x22, 0x80, 0x82, 0x06, 0x05, 0x40, 0xb0, 0x13, 0x4f, 0x10, 0xe8, 0x70, 0x63, 0x8e, 0x3b,
    0x12, 0x17, 0x40, 0x87, 0x2d, 0x4d, 0x17, 0x93, 0x08, 0x14, 0x64, 0x60, 0xdb, 0x4c, 0x32,
    0x65, 0xb0, 0x04, 0x05, 0x33, 0xe0, 0x20, 0xc2, 0x02, 0xe8, 0x05, 0x40, 0xa3, 0x23, 0x54,
    0x20, 0x20, 0x80, 0x00, 0x5e, 0x82, 0x09, 0x84, 0x91, 0xc4, 0x39, 0xc1, 0x83, 0x97, 0x38,
    0x7e, 0x89, 0xc0, 0x98, 0x4d, 0x99, 0xf0, 0x21, 0x07, 0x56, 0x88, 0x20, 0xc1, 0x05, 0x6d,
    0x80, 0x92, 0x62, 0x49, 0x0c, 0x28, 0xa0, 0xc6, 0x05, 0x05, 0x5c, 0x50, 0x41, 0x7b, 0x4d,
    0x91, 0xb1, 0xc1, 0x97, 0x84, 0x1e, 0x42, 0x28, 0x02, 0x1a, 0xf8, 0x78, 0xe4, 0xa1, 0x39,
    0xe4, 0x10, 0x26, 0xa2, 0x8a, 0x96, 0x76, 0xc1, 0x4a, 0x31, 0x1c, 0x20, 0xc2, 0x93, 0x34,
    0x59, 0xe5, 0x43, 0x52, 0x11, 0x12, 0x77, 0x00, 0x8d, 0x88, 0x84, 0x29, 0x40, 0x14, 0x03,
    0x3c, 0x41, 0x28, 0x0a, 0x40, 0x6a, 0x80, 0x66, 0x0e, 0x03, 0x0c, 0xe0, 0xe8, 0x97, 0xa8,
    0x2a, 0xff, 0x36, 0x41, 0x05, 0x49, 0x05, 0x01, 0x80, 0x02, 0x66, 0xcc, 0x85, 0x81, 0x0c,
    0x0d, 0x1c, 0x50, 0x1e, 0x05, 0x33, 0x6e, 0x80, 0x02, 0xa1, 0xa3, 0x0e, 0xd0, 0x82, 0xa9,
    0x60, 0x26, 0x7a, 0xc0, 0xb0, 0x60, 0xb2, 0x6a, 0x6c, 0x18, 0x6a, 0x26, 0x4a, 0xdc, 0x04,
    0x0d, 0x08, 0x01, 0x81, 0x04, 0x57, 0x28, 0x00, 0x1b, 0x55, 0x56, 0x19, 0xb1, 0x84, 0x52,
    0x42, 0xb4, 0xb7, 0x83, 0xb0, 0xc4, 0x0a, 0xf0, 0x44, 0x0b, 0x2d, 0x44, 0xeb, 0x23, 0xb3,
    0x60, 0x32, 0x11, 0x05, 0xba, 0xea, 0x1a, 0x77, 0x81, 0xaf, 0x07, 0x7c, 0x15, 0x16, 0x59,
    0x9a, 0x02, 0x5b, 0x40, 0x0c, 0x14, 0xf0, 0x39, 0x68, 0xb9, 0x02, 0x80, 0xc1, 0x04, 0x9a,
    0x4d, 0xf8, 0x58, 0xae, 0x97, 0x02, 0x53, 0x01, 0x66, 0xc1, 0x42, 0x34, 0x20, 0x81, 0x52,
    0x12, 0x54, 0x80, 0xc3, 0xbd, 0x63, 0x59, 0x95, 0x42, 0x03, 0x13, 0x98, 0x50, 0xc1, 0x04,
    0x4b, 0x41, 0x70, 0xe3, 0xc1, 0x8f, 0xea, 0x20, 0xde, 0xc7, 0xc4, 0x8a, 0x8a, 0x00, 0x20,
    0xc3, 0x49, 0x58, 0x6f, 0x03, 0xb5, 0x05, 0x36, 0x95, 0x55, 0x2a, 0x30, 0x47, 0xc1, 0x81,
    0x4c, 0x31, 0xa2, 0x83, 0x9a, 0x3c, 0x1c, 0x0c, 0x84, 0x04, 0x2f, 0xcc, 0x09, 0x30, 0x98,
    0x5f, 0x02, 0x31, 0xdc, 0x52, 0xf2, 0x31, 0x67, 0x95, 0xcb, 0x44, 0x5d, 0xb7, 0xc0, 0x0b,
    0x64, 0x7a, 0x50, 0x44, 0x02, 0x52, 0x48, 0xf1, 0x45, 0x17, 0xa2, 0x0a, 0x90, 0x06, 0x05,
    0xc9, 0xcd, 0xd9, 0xc0, 0x19, 0xe5, 0x16, 0x32, 0x49, 0x02, 0x09, 0x10, 0x31, 0xc4, 0x56,
    0x10, 0xb8, 0x99, 0x01, 0x1e, 0x77, 0x12, 0x85, 0x91, 0x22, 0x15, 0x3c, 0xcc, 0x93, 0x07,
    0x60, 0xc7, 0x3d, 0x45, 0x02, 0x54, 0xe7, 0x4c, 0x2b, 0x71, 0x3d, 0x1e, 0x79, 0x01, 0x1a,
    0x39, 0x0b, 0xff, 0x20, 0xc9, 0xdc, 0x71, 0x27, 0x50, 0xc4, 0x56, 0xf5, 0xa6, 0xf0, 0xda,
    0x5f, 0x16, 0x60, 0x10, 0x33, 0xc7, 0x01, 0x3c, 0x1d, 0xb8, 0x14, 0x53, 0x7c, 0x21, 0x80,
    0x1d, 0x17, 0x24, 0xc5, 0x54, 0x7a, 0x4b, 0x39, 0x71, 0x07, 0x02, 0x75, 0x04, 0x1e, 0xb8,
    0x07, 0x4c, 0xd5, 0xc0, 0x32, 0xc5, 0x64, 0xd1, 0x35, 0x82, 0x1b, 0xc0, 0x06, 0x00, 0xb7,
    0xe7, 0x09, 0x78, 0xb0, 0x93, 0x53, 0x89, 0x91, 0x07, 0x49, 0x24, 0x9a, 0xb0, 0x4e, 0x04,
    0x53, 0xd4, 0xa2, 0xf8, 0x97, 0x40, 0x32, 0xc1, 0xd1, 0x40, 0xea, 0x1e, 0x0c, 0x11, 0x77,
    0x11, 0xa0, 0x0f, 0xb7, 0x15, 0x14, 0x61, 0x88, 0x01, 0xba, 0x62, 0x4c, 0x0d, 0x41, 0x04,
    0xd8, 0x62, 0x2f, 0x35, 0x41, 0x4b, 0x98, 0xca, 0x75, 0x1d, 0x4b, 0x13, 0x34, 0xe5, 0x81,
    0xf1, 0x6b, 0x61, 0x12, 0xc2, 0xf7, 0x21, 0x40, 0x91, 0x18, 0xde, 0x97, 0x4f, 0x9a, 0x81,
    0x05, 0x55, 0x20, 0xfd, 0x17, 0x6e, 0x72, 0x98, 0x68, 0x20, 0x99, 0x78, 0x79, 0x00, 0x7e,
    0x08, 0xa2, 0x64, 0x32, 0xbe, 0xa7, 0x1e, 0x36, 0xf0, 0x1c, 0x06, 0xea, 0xef, 0x2e, 0x13,
    0x0e, 0x29, 0xa8, 0x40, 0x6f, 0xb2, 0xb7, 0x14, 0xee, 0x05, 0xe0, 0x11, 0x97, 0xf8, 0x9e,
    0xf2, 0xd8, 0x22, 0x1c, 0xe4, 0x88, 0x2e, 0x03, 0xd3, 0xc1, 0xcd, 0x50, 0x14, 0xa0, 0x80,
    0x82, 0x50, 0xd0, 0x82, 0x0a, 0x18, 0x8c, 0x6e, 0xfe, 0x54, 0x03, 0x03, 0xbd, 0x4e, 0x38,
    0x4d, 0x19, 0x5a, 0x03, 0x3b, 0xf4, 0x82, 0x0f, 0xd1, 0xc7, 0x36, 0x17, 0x24, 0x48, 0x0a,
    0x07, 0xb2, 0x42, 0x15, 0xb2, 0x30, 0x2c, 0x15, 0x14, 0x48, 0x05, 0x1f, 0x10, 0x43, 0x00,
    0x18, 0x02, 0x36, 0x37, 0x48, 0x81, 0x08, 0x58, 0xb2, 0x80, 0x0e, 0xfe, 0xe6, 0x47, 0x40,
    0x44, 0x4e, 0x72, 0xff, 0x5a, 0xd4, 0x80, 0x0a, 0x20, 0xe1, 0x39, 0xbc, 0x9b, 0x61, 0x0d,
    0x95, 0xf8, 0x42, 0x1a, 0xbe, 0x50, 0x20, 0x93, 0xb9, 0x55, 0x0d, 0x65, 0x38, 0x45, 0x29,
    0x5a, 0x50, 0x20, 0x39, 0xd4, 0xe1, 0x4a, 0x78, 0xc8, 0x9c, 0xcf, 0xfc, 0xc9, 0x8b, 0x2a,
    0xc0, 0xc2, 0x0c, 0xc0, 0x22, 0x90, 0x4d, 0x54, 0xb1, 0x85, 0x56, 0x54, 0x61, 0x0c, 0x2b,
    0x18, 0xc5, 0x13, 0xb4, 0x8a, 0x05, 0x36, 0x80, 0xc1, 0x0a, 0xdc, 0x38, 0x00, 0x38, 0xca,
    0x91, 0x8e, 0x76, 0x9c, 0xe3, 0x1b, 0x63, 0x48, 0xc7, 0x4a, 0xa8, 0x00, 0x09, 0x2a, 0xf8,
    0x43, 0x22, 0x74, 0xa0, 0x03, 0x2c, 0x68, 0x61, 0x0b, 0x9d, 0x40, 0x17, 0x29, 0x3e, 0xb1,
    0x05, 0x3d, 0xd6, 0x31, 0x8e, 0x8e, 0xcc, 0x23, 0x1e, 0x21, 0x89, 0x47, 0x4e, 0x28, 0xc0,
    0x0b, 0x24, 0xe0, 0xc2, 0x20, 0x5a, 0xd5, 0xaa, 0x08, 0xb8, 0xa0, 0x04, 0x9c, 0x1c, 0x80,
    0x27, 0x41, 0xc9, 0xc9, 0x51, 0x86, 0x32, 0x02, 0x59, 0x20, 0x65, 0xab, 0xc6, 0xa0, 0x04,
    0x42, 0x84, 0x92, 0x95, 0xaa, 0x14, 0xe5, 0x27, 0x4f, 0x39, 0xcb, 0x52, 0xd6, 0xb2, 0x93,
    0xb7, 0x1c, 0xc0, 0x28, 0x00, 0xe0, 0x05, 0x3f, 0xec, 0x81, 0x0f, 0x9e, 0xe0, 0x64, 0x07,
    0x08, 0x40, 0x80, 0x0d, 0x08, 0x93, 0x98, 0xc6, 0x6c, 0xd5, 0x30, 0x8b, 0x79, 0x4c, 0x66,
    0x2a, 0xd3, 0x01, 0xce, 0x1c, 0xc0, 0x32, 0x93, 0x29, 0x4d, 0x64, 0x36, 0x93, 0x9a, 0xd3,
    0xbc, 0x26, 0x27, 0x29, 0x21, 0x90, 0x15, 0x10, 0x93, 0x00, 0x11, 0x88, 0x00, 0x08, 0xa0,
    0x49, 0xcc, 0x70, 0x8e, 0xf3, 0x9b, 0xe6, 0x24, 0x27, 0x38, 0xc5, 0xa9, 0xce, 0x74, 0xa2,
    0x93, 0x9d, 0xef, 0x3c, 0x67, 0x39, 0xe1, 0x39, 0x4f, 0x79, 0xae, 0xd3, 0x9e, 0x11, 0xb0,
    0x44, 0x07, 0xe8, 0x00, 0x4d, 0x00, 0x41, 0x3c, 0xc0, 0x00, 0xc4, 0x74, 0x80, 0x3a, 0x03,
    0x3a, 0x50, 0x02, 0x08, 0xf4, 0x9b, 0x04, 0x45, 0xa8, 0x41, 0x0b, 0x7a, 0x50, 0x84, 0x36,
    0xf4, 0x9b, 0x0f, 0x4d, 0xa8, 0x43, 0x19, 0x9a, 0x05, 0x25, 0x2c, 0x02, 0x8a, 0x7d, 0xe0,
    0x82, 0x1e, 0x0c, 0xf0, 0x01, 0x03, 0x78, 0xf4, 0xa3, 0x1d, 0xfd, 0xa8, 0x47, 0x43, 0x2a,
    0x52, 0x92, 0x82, 0x54, 0xa4, 0x23, 0x45, 0x29, 0x47, 0x55, 0x6a, 0xd2, 0x94, 0xa2, 0xb4,
    0xa5, 0x1e, 0x85, 0x81, 0x40, 0x02, 0x02, 0x00, 0x21, 0xf9, 0x04, 0x09, 0x12, 0x00, 0x00,
    0x00, 0x2c, 0x00, 0x00, 0x00, 0x00, 0x50, 0x00, 0x28, 0x00, 0x87, 0x00, 0x00, 0x00, 0x7b,
    0xd3, 0xfc, 0x12, 0x17, 0x27, 0x2a, 0xa9, 0xea, 0xfc, 0xfe, 0xfe, 0x84, 0xd8, 0xfd, 0x2f,
    0xab, 0xea, 0x06, 0x08, 0x17, 0x71, 0xc8, 0xf3, 0xfc, 0xb4, 0xd4, 0xff, 0xff, 0xff, 0x00,
    0x00, 0xff, 0x06, 0x6b, 0xa5, 0x13, 0x77, 0xaf, 0x15, 0xa1, 0xe7, 0x02, 0x63, 0x9b, 0x34,
    0x94, 0xc8, 0xaa, 0xdd, 0xf6, 0x00, 0x55, 0xaa, 0x00, 0x5b, 0x93, 0x4a, 0xa7, 0xd8, 0x00,
    0x65, 0x99, 0x8a, 0xe2, 0xfe, 0x00, 0x7f, 0x7f, 0x25, 0x84, 0xb8, 0x01, 0x63, 0x9b, 0x0d,
    0x7b, 0xb7, 0x8e, 0xcc, 0xf2, 0x04, 0x65, 0x9c, 0x2b, 0x8c, 0xc2, 0x49, 0x75, 0x92, 0x72,
    0xc6, 0xf1, 0xcd, 0xea, 0xf8, 0xfc, 0xfc, 0xfd, 0x00, 0x5b, 0x93, 0x01, 0x63, 0x9a, 0x0b,
    0x9d, 0xe7, 0x38, 0xb0, 0xec, 0x44, 0xb3, 0xec, 0x74, 0xc6, 0xf1, 0xfd, 0xfe, 0xfe, 0x01,
    0x63, 0x9a, 0x1b, 0x81, 0xb9, 0x00, 0xff, 0xff, 0xfc, 0x76, 0x87, 0xf9, 0xfd, 0xfd, 0x17,
    0x22, 0x34, 0x55, 0xbd, 0xeb, 0x59, 0xb6, 0xe4, 0xb7, 0xc4, 0xe9, 0x00, 0x56, 0x8f, 0x38,
    0xaa, 0xff, 0x04, 0x58, 0x93, 0x54, 0x58, 0x65, 0x57, 0xb1, 0xdd, 0x61, 0xbd, 0xeb, 0xaf,
    0xdf, 0xff, 0xd1, 0xf9, 0xfe, 0x00, 0x57, 0x8f, 0x05, 0x6b, 0xa4, 0x2e, 0x45, 0x59, 0x4a,
    0x4a, 0x58, 0x05, 0x69, 0xa2, 0x76, 0x81, 0x8c, 0x81, 0x83, 0x8b, 0xff, 0xc6, 0xe8, 0x13,
    0x10, 0x1d, 0x00, 0x49, 0x84, 0x00, 0x59, 0x93, 0x05, 0x63, 0x9a, 0x22, 0x24, 0x34, 0x31,
    0x4b, 0x62, 0x71, 0x7c, 0x88, 0x8c, 0xc4, 0xe5, 0xb2, 0xe0, 0xf7, 0xd2, 0xbe, 0xe1, 0x00,
    0x00, 0x3f, 0x00, 0x00, 0x7f, 0x00, 0x39, 0x72, 0x00, 0x4d, 0x7f, 0x00, 0x4a, 0x95, 0x02,
    0x4b, 0x85, 0x00, 0x5b, 0x92, 0x08, 0x68, 0xaa, 0x00, 0x7f, 0xff, 0x2f, 0x9a, 0xcf, 0x27,
    0xa8, 0xea, 0x39, 0xb8, 0xf2, 0x42, 0x6c, 0x88, 0x5e, 0x9d, 0xbe, 0x42, 0x9d, 0xcc, 0x55,
    0xaa, 0xff, 0x7a, 0x59, 0x70, 0x7f, 0x7f, 0xff, 0x60, 0x9e, 0xc0, 0x64, 0xa7, 0xc6, 0x68,
    0xc3, 0xf6, 0x79, 0xe1, 0xff, 0xbb, 0xa6, 0xc4, 0xa0, 0xb8, 0xdb, 0xc1, 0xc2, 0xc6, 0xff,
    0x00, 0xff, 0xf1, 0xac, 0xcc, 0x0b, 0x0f, 0x20, 0x00, 0x00, 0x55, 0x03, 0x34, 0x59, 0x09,
    0x3d, 0x62, 0x00, 0x45, 0x7f, 0x00, 0x4f, 0x8a, 0x00, 0x55, 0x7f, 0x08, 0x6c, 0xa3, 0x01,
    0x67, 0xa0, 0x00, 0x66, 0xcc, 0x0e, 0x71, 0x9b, 0x1a, 0x74, 0xa5, 0x17, 0x8b, 0xd0, 0x00,
    0x98, 0xe7, 0x15, 0x9f, 0xe7, 0x1d, 0xa3, 0xe9, 0x2a, 0x2a, 0x55, 0x24, 0x48, 0x91, 0x3e,
    0x61, 0x7d, 0x33, 0x66, 0xb2, 0x3f, 0x7f, 0xbf, 0x23, 0x79, 0xa8, 0x21, 0x7c, 0xb1, 0x27,
    0x89, 0xb0, 0x2a, 0x94, 0xbf, 0x3d, 0xa3, 0xd6, 0x2e, 0xac, 0xea, 0x2b, 0xab, 0xec, 0x2a,
    0xa8, 0xeb, 0x3f, 0xbf, 0xbf, 0x4d, 0x3f, 0x53, 0x51, 0x52, 0x5f, 0x55, 0xaa, 0xaa, 0x44,
    0xaa, 0xdd, 0x43, 0xb1, 0xec, 0x55, 0xd4, 0xff, 0x7f, 0x7f, 0xbf, 0x60, 0x9e, 0xbf, 0x6e,
    0xb0, 0xcd, 0x76, 0xbf, 0xe3, 0x7f, 0xff, 0xff, 0x80, 0x5f, 0x76, 0x85, 0x67, 0x80, 0x9d,
    0xb1, 0xbc, 0x9a, 0xbe, 0xdf, 0x9c, 0xeb, 0xff, 0x9f, 0xff, 0xff, 0x93, 0xf0, 0xff, 0xaf,
    0x80, 0x9b, 0xa6, 0x98, 0xb4, 0xbc, 0xa0, 0xbd, 0xb7, 0xb9, 0xbd, 0xad, 0xdd, 0xf7, 0xb7,
    0xda, 0xed, 0xa3, 0xde, 0xf8, 0xbd, 0xeb, 0xff, 0xaa, 0xff, 0xff, 0xdb, 0x8e, 0xa6, 0xd5,
    0x95, 0xad, 0xc1, 0xa3, 0xc1, 0xc4, 0xd7, 0xeb, 0xd4, 0xe9, 0xff, 0xd8, 0xea, 0xf3, 0xd5,
    0xe6, 0xe6, 0xd0, 0xec, 0xfa, 0xff, 0x69, 0x77, 0xf4, 0x80, 0x93, 0xee, 0xc6, 0xde, 0xe7,
    0xe7, 0xff, 0xff, 0xff, 0xff, 0xff, 0xff, 0xff, 0xff, 0xff, 0xff, 0x00, 0x00, 0x00, 0x00,
    0x00, 0x00, 0x00, 0x00, 0x00, 0x00, 0x00, 0x00, 0x00, 0x00, 0x00, 0x00, 0x00, 0x00, 0x00,
    0x00, 0x00, 0x00, 0x00, 0x00, 0x00, 0x00, 0x00, 0x00, 0x00, 0x00, 0x00, 0x00, 0x00, 0x00,
    0x00, 0x00, 0x00, 0x00, 0x00, 0x00, 0x00, 0x00, 0x00, 0x00, 0x00, 0x00, 0x00, 0x00, 0x00,
    0x00, 0x00, 0x00, 0x00, 0x00, 0x00, 0x00, 0x00, 0x00, 0x00, 0x00, 0x00, 0x00, 0x00, 0x00,
    0x00, 0x00, 0x00, 0x00, 0x00, 0x00, 0x00, 0x00, 0x00, 0x00, 0x00, 0x00, 0x00, 0x00, 0x00,
    0x00, 0x00, 0x00, 0x00, 0x00, 0x00, 0x00, 0x00, 0x00, 0x00, 0x00, 0x00, 0x00, 0x00, 0x00,
    0x00, 0x00, 0x00, 0x00, 0x00, 0x00, 0x00, 0x00, 0x00, 0x00, 0x00, 0x00, 0x00, 0x00, 0x00,
    0x00, 0x00, 0x00, 0x00, 0x00, 0x00, 0x00, 0x00, 0x00, 0x00, 0x00, 0x00, 0x00, 0x00, 0x00,
    0x00, 0x00, 0x00, 0x00, 0x00, 0x00, 0x00, 0x00, 0x00, 0x00, 0x00, 0x00, 0x00, 0x00, 0x00,
    0x00, 0x00, 0x00, 0x00, 0x00, 0x00, 0x00, 0x00, 0x00, 0x00, 0x00, 0x00, 0x00, 0x00, 0x00,
    0x00, 0x00, 0x00, 0x00, 0x00, 0x00, 0x00, 0x00, 0x00, 0x00, 0x00, 0x00, 0x00, 0x00, 0x00,
    0x00, 0x00, 0x00, 0x00, 0x00, 0x00, 0x00, 0x00, 0x00, 0x00, 0x00, 0x00, 0x00, 0x00, 0x00,
    0x00, 0x00, 0x00, 0x00, 0x00, 0x00, 0x00, 0x00, 0x00, 0x00, 0x00, 0x00, 0x00, 0x00, 0x00,
    0x00, 0x00, 0x00, 0x00, 0x00, 0x00, 0x00, 0x00, 0x00, 0x00, 0x00, 0x00, 0x00, 0x00, 0x00,
    0x00, 0x00, 0x00, 0x00, 0x00, 0x00, 0x00, 0x00, 0x00, 0x00, 0x00, 0x00, 0x00, 0x00, 0x00,
    0x00, 0x00, 0x00, 0x00, 0x00, 0x00, 0x00, 0x00, 0x00, 0x00, 0x00, 0x00, 0x00, 0x00, 0x08,
    0xff, 0x00, 0x01, 0x08, 0x1c, 0x48, 0xb0, 0xa0, 0xc1, 0x83, 0x08, 0x01, 0x2c, 0x90, 0x50,
    0xa1, 0xe1, 0x8a, 0x84, 0x10, 0x23, 0x4a, 0x9c, 0x48, 0x91, 0xe0, 0x85, 0x83, 0x12, 0x2a,
    0x6a, 0xdc, 0xc8, 0x71, 0xe0, 0x02, 0x81, 0x6d, 0x74, 0xc8, 0x90, 0x41, 0x04, 0x8a, 0xc0,
    0x8c, 0x1d, 0x53, 0xaa, 0x34, 0xf8, 0x91, 0x89, 0x8c, 0x07, 0x18, 0x28, 0x50, 0x80, 0xd0,
    0x20, 0xc3, 0x10, 0x00, 0x17, 0x57, 0xea, 0xec, 0xb8, 0x90, 0x49, 0x06, 0x0a, 0x08, 0x0a,
    0x08, 0x2d, 0x10, 0xe0, 0x06, 0x86, 0x9b, 0x28, 0x77, 0x2a, 0x9d, 0x78, 0x51, 0x04, 0x0c,
    0x0b, 0x01, 0xa2, 0x4a, 0x15, 0xaa, 0x22, 0x0a, 0x80, 0xa4, 0x4b, 0xb3, 0x1a, 0xcc, 0xa8,
    0xa3, 0x03, 0x51, 0xa9, 0x60, 0x0b, 0xdc, 0x28, 0x82, 0x47, 0xc2, 0x47, 0xad, 0x68, 0x15,
    0x32, 0x5c, 0x24, 0x83, 0xc2, 0x57, 0xb0, 0x60, 0x19, 0x3c, 0xd1, 0x00, 0xe7, 0x6c, 0x5a,
    0x89, 0x39, 0x13, 0x4a, 0xd0, 0x40, 0xb0, 0xed, 0x5b, 0xb8, 0x51, 0x19, 0xd0, 0x20, 0x58,
    0xc1, 0xee, 0x5d, 0x83, 0x15, 0x70, 0x22, 0x34, 0x2b, 0xf0, 0x0f, 0x07, 0x1f, 0x29, 0x26,
    0x60, 0xf8, 0x1b, 0x16, 0xc6, 0x04, 0x11, 0x23, 0x46, 0xf0, 0x15, 0xa8, 0xc1, 0xf0, 0xc0,
    0x87, 0x00, 0x9c, 0x28, 0xbd, 0x38, 0x82, 0x03, 0x80, 0xc4, 0x04, 0xa9, 0x80, 0xde, 0xe1,
    0x63, 0xc2, 0x03, 0x06, 0x0c, 0x68, 0x52, 0x80, 0x0a, 0x57, 0x68, 0x03, 0x0c, 0x2a, 0x60,
    0x5f, 0xd6, 0xcc, 0xb9, 0xe0, 0x85, 0x15, 0x50, 0x32, 0x0c, 0xf6, 0xcc, 0xf1, 0x23, 0x8d,
    0x07, 0xa6, 0x51, 0x5f, 0x15, 0xb8, 0x23, 0xc3, 0x83, 0x06, 0x1d, 0x28, 0x44, 0xb5, 0x50,
    0x00, 0x03, 0x86, 0xa0, 0xd4, 0x89, 0xda, 0x68, 0x60, 0xc3, 0x52, 0x54, 0x04, 0x34, 0x19,
    0x4c, 0xff, 0x48, 0xb1, 0xf9, 0xec, 0x85, 0x8b, 0x45, 0x52, 0x9c, 0x56, 0x9a, 0x38, 0x05,
    0x83, 0xe4, 0xcb, 0x39, 0x38, 0x57, 0x01, 0x61, 0x43, 0x8e, 0x02, 0x1e, 0x3c, 0x60, 0xf1,
    0x52, 0x00, 0x02, 0x03, 0x0c, 0x10, 0x04, 0xc8, 0x40, 0x1f, 0x08, 0x6c, 0x90, 0x9f, 0x07,
    0x59, 0x50, 0x47, 0x41, 0x07, 0x0d, 0x4c, 0x30, 0xc2, 0x1e, 0x57, 0x35, 0x71, 0xc1, 0x23,
    0xce, 0x0d, 0xa7, 0xd4, 0x47, 0x15, 0x3c, 0xf0, 0x80, 0x0e, 0xeb, 0xed, 0xf0, 0x1c, 0x50,
    0x39, 0xe4, 0xf0, 0x83, 0x11, 0x07, 0x94, 0x78, 0x00, 0x0f, 0x8d, 0x14, 0xb0, 0x60, 0x80,
    0x41, 0x79, 0xe0, 0x82, 0x89, 0x27, 0x7e, 0x01, 0xd5, 0x0d, 0xfe, 0x65, 0x10, 0x07, 0x4e,
    0x5b, 0x88, 0xd0, 0xc0, 0x08, 0xeb, 0x2d, 0x95, 0x98, 0x0c, 0x1d, 0x30, 0xc0, 0xa1, 0x73,
    0xd7, 0x15, 0xe0, 0x49, 0x0e, 0x35, 0x1c, 0x20, 0x80, 0x00, 0x25, 0x32, 0x79, 0x00, 0x23,
    0xd9, 0x11, 0x75, 0x84, 0x92, 0x4c, 0x2e, 0x79, 0x80, 0x10, 0x59, 0x10, 0xa5, 0x22, 0x03,
    0xc8, 0x01, 0x20, 0x42, 0x90, 0x4f, 0x28, 0x94, 0x55, 0x46, 0x43, 0x74, 0x70, 0xc3, 0x03,
    0x19, 0x30, 0x20, 0x5d, 0x00, 0x9d, 0x10, 0x80, 0x04, 0x95, 0x07, 0xd4, 0x90, 0xe4, 0x92,
    0x02, 0x20, 0x10, 0x00, 0x02, 0x16, 0x78, 0x40, 0xa5, 0x00, 0x48, 0x54, 0xb9, 0xa4, 0x9d,
    0x01, 0x14, 0x80, 0x80, 0x0a, 0x0f, 0x7c, 0x89, 0x40, 0x11, 0x77, 0x60, 0xa5, 0x54, 0x46,
    0x52, 0x20, 0x70, 0xc3, 0x04, 0x5e, 0x45, 0x95, 0x03, 0x08, 0x2e, 0x58, 0x59, 0x03, 0x01,
    0x04, 0x18, 0xa2, 0xe4, 0x01, 0x1e, 0x40, 0x85, 0x40, 0xa5, 0x4b, 0x92, 0x41, 0x80, 0x26,
    0x02, 0x9c, 0xc1, 0x64, 0xa7, 0x76, 0x0a, 0x2a, 0x59, 0x75, 0x6b, 0x2c, 0xa7, 0x95, 0x04,
    0x65, 0x44, 0xff, 0xa1, 0x82, 0x05, 0x30, 0x3c, 0x60, 0x83, 0xa0, 0x04, 0xfc, 0x00, 0xe7,
    0xa5, 0x21, 0x84, 0xd0, 0x83, 0x92, 0x2e, 0xe0, 0xa9, 0x27, 0x9d, 0xa2, 0xf6, 0xfa, 0xab,
    0x00, 0xc1, 0x46, 0x55, 0x40, 0x03, 0x0d, 0xd0, 0x2a, 0x82, 0xab, 0x68, 0x2d, 0xe0, 0xc4,
    0x03, 0x41, 0xd9, 0xf0, 0x00, 0x0c, 0x05, 0xe4, 0xba, 0x67, 0x9c, 0xbd, 0x02, 0x01, 0xac,
    0xb0, 0x7b, 0x0a, 0x00, 0x44, 0xb7, 0xdf, 0xda, 0xd6, 0x40, 0x00, 0x16, 0x40, 0xc0, 0x46,
    0x19, 0xca, 0x65, 0xb5, 0xc0, 0x05, 0x7a, 0x88, 0xe0, 0x96, 0x05, 0x14, 0x4c, 0x00, 0x43,
    0x0e, 0x6f, 0xd2, 0xc9, 0x64, 0x0f, 0x40, 0xe8, 0x8b, 0x27, 0x16, 0xe1, 0x1e, 0xd0, 0xc3,
    0x0f, 0xfe, 0x2e, 0xcb, 0x80, 0x50, 0x08, 0x34, 0xc0, 0xa1, 0xa2, 0x17, 0x02, 0x30, 0xc5,
    0x6b, 0x05, 0xd8, 0xc0, 0x80, 0x16, 0x78, 0x4a, 0x12, 0xae, 0x93, 0x56, 0xf2, 0x20, 0x94,
    0x17, 0x17, 0x37, 0xc9, 0x24, 0x0f, 0x51, 0xd9, 0x80, 0x41, 0x03, 0x05, 0x68, 0xc1, 0x80,
    0x7a, 0xed, 0x2e, 0x65, 0x9c, 0x86, 0x0d, 0xa8, 0x49, 0x1d, 0xba, 0x3c, 0x5c, 0x4c, 0xa7,
    0x10, 0x5f, 0xdc, 0x19, 0xc0, 0x94, 0xfa, 0xd2, 0x59, 0xe2, 0x6c, 0x41, 0x05, 0xc0, 0x2c,
    0x6c, 0x3c, 0xa6, 0xdc, 0xb0, 0x1f, 0x92, 0x15, 0x39, 0x15, 0x26, 0x5c, 0x14, 0x92, 0xf3,
    0x92, 0x6a, 0x60, 0x00, 0x5b, 0x03, 0x0f, 0x08, 0x20, 0x44, 0xce, 0x46, 0x70, 0x11, 0x49,
    0x0c, 0x6f, 0xa9, 0x38, 0x32, 0x11, 0x3d, 0xa2, 0x55, 0x58, 0x0a, 0x0d, 0xf4, 0x1c, 0xc0,
    0x06, 0x09, 0x94, 0x1d, 0x44, 0x02, 0x66, 0x1c, 0x7b, 0x80, 0x0b, 0x13, 0x40, 0x20, 0x1d,
    0x02, 0x08, 0x50, 0x80, 0x41, 0x1a, 0xfa, 0x5e, 0x92, 0x40, 0x10, 0x67, 0x27, 0xb0, 0x84,
    0x54, 0xe9, 0x4e, 0xff, 0xc0, 0x17, 0x71, 0x8b, 0x02, 0xc0, 0x81, 0x9a, 0xca, 0x96, 0x6d,
    0x78, 0xd9, 0x66, 0x18, 0x21, 0xc0, 0x11, 0x0d, 0x60, 0xab, 0xe5, 0x50, 0x10, 0xe4, 0xc1,
    0x24, 0x24, 0x79, 0x1f, 0x1e, 0x43, 0xa0, 0x83, 0x4a, 0x51, 0x05, 0xc3, 0x59, 0x5d, 0x94,
    0x66, 0xaa, 0x87, 0x1f, 0x0e, 0xb7, 0xb2, 0x70, 0xa5, 0x4a, 0x09, 0x27, 0xa6, 0xa8, 0x12,
    0x7a, 0xd9, 0x97, 0xf7, 0x37, 0x81, 0x1b, 0xd0, 0xa6, 0x25, 0xa1, 0x06, 0xcf, 0xd9, 0x49,
    0x76, 0xe8, 0x1b, 0x04, 0x0a, 0xd7, 0x06, 0xb9, 0xd7, 0x56, 0xc0, 0x12, 0xa1, 0x2f, 0x21,
    0x14, 0x05, 0x3b, 0x76, 0x7d, 0x98, 0x04, 0x17, 0x70, 0xf0, 0x1c, 0xb6, 0x63, 0xc7, 0x10,
    0x43, 0xef, 0xb5, 0x89, 0x91, 0x0a, 0x0b, 0xa0, 0x4c, 0x02, 0x58, 0xa0, 0xce, 0x3f, 0x2f,
    0x28, 0x4d, 0x19, 0x4c, 0xd1, 0xd9, 0x61, 0x16, 0x09, 0x9e, 0x26, 0x50, 0xd7, 0x83, 0x25,
    0x0a, 0x2a, 0x2c, 0xa4, 0xcf, 0x02, 0xf4, 0xe5, 0x0f, 0x3a, 0xde, 0xdf, 0xe0, 0x17, 0x94,
    0xd1, 0x21, 0xce, 0x35, 0x00, 0x94, 0x50, 0xd7, 0x8f, 0xa1, 0x3e, 0x0b, 0xa1, 0x5c, 0x8f,
    0x30, 0x8d, 0x5c, 0x32, 0xcd, 0x05, 0x00, 0x07, 0x3e, 0xe4, 0x01, 0xa0, 0x39, 0xaf, 0x81,
    0x00, 0xdc, 0x86, 0x82, 0xbf, 0xb1, 0x89, 0x21, 0x13, 0x63, 0x98, 0xca, 0x50, 0xee, 0x44,
    0x3c, 0xf1, 0xa4, 0x20, 0x31, 0x42, 0x4b, 0x89, 0x02, 0x14, 0x50, 0x90, 0x0d, 0x76, 0x90,
    0x83, 0x62, 0x3a, 0xe0, 0x1b, 0x5e, 0x43, 0x1f, 0x05, 0x2e, 0x50, 0x28, 0x61, 0x08, 0x43,
    0xa0, 0x04, 0x05, 0xb7, 0x99, 0xd0, 0xe4, 0x01, 0xef, 0x13, 0x08, 0x15, 0x06, 0xe2, 0x41,
    0x82, 0xd4, 0x90, 0x86, 0x20, 0xec, 0x20, 0x0d, 0x15, 0x92, 0x43, 0x0e, 0x2e, 0xa0, 0x87,
    0x0b, 0xf9, 0x04, 0x67, 0xff, 0x46, 0x20, 0x82, 0x09, 0x4c, 0xe0, 0x69, 0x01, 0x0a, 0x50,
    0x07, 0x3a, 0x10, 0xa0, 0xdc, 0x40, 0xcd, 0x88, 0x3e, 0xe0, 0xc0, 0x66, 0x00, 0xb0, 0x02,
    0x1f, 0xf6, 0x90, 0x87, 0x3b, 0xfc, 0xe1, 0x0e, 0x05, 0x02, 0x9a, 0x1b, 0x0a, 0xc4, 0x8b,
    0x00, 0x00, 0xe3, 0x28, 0x72, 0x38, 0x07, 0x34, 0xf8, 0x40, 0x0e, 0x32, 0x30, 0xa2, 0x11,
    0x35, 0x64, 0x44, 0xcc, 0x10, 0x81, 0x0f, 0x49, 0x18, 0xcc, 0x40, 0x56, 0x91, 0xc3, 0x2f,
    0xd6, 0x31, 0x8c, 0x77, 0xac, 0x21, 0x07, 0x41, 0xd3, 0x02, 0x4c, 0xa1, 0x00, 0x07, 0x2f,
    0x98, 0x41, 0x1f, 0x09, 0xf0, 0xc7, 0x40, 0x0e, 0xb2, 0x90, 0x82, 0xf4, 0x63, 0x12, 0x5e,
    0xa0, 0x88, 0x16, 0xf4, 0xca, 0x15, 0x8e, 0x00, 0x44, 0x15, 0x4a, 0xe1, 0x47, 0x30, 0x54,
    0x02, 0x00, 0xac, 0x08, 0x01, 0x21, 0x93, 0x80, 0x88, 0x2b, 0x1c, 0x12, 0x90, 0x89, 0x24,
    0x24, 0x28, 0x3f, 0x69, 0x48, 0x3f, 0x92, 0x42, 0x01, 0x5d, 0x58, 0x81, 0x15, 0x12, 0x81,
    0x29, 0x4c, 0x45, 0x80, 0x04, 0x26, 0x68, 0x25, 0x01, 0x5e, 0x19, 0xcb, 0x56, 0xd2, 0x52,
    0x96, 0xb7, 0x6c, 0xa5, 0x12, 0x60, 0x29, 0xcb, 0x5d, 0xd6, 0xd2, 0x95, 0xbc, 0xb4, 0x65,
    0x30, 0x81, 0xf9, 0xcb, 0x59, 0x0e, 0x93, 0x00, 0xad, 0x00, 0x40, 0x17, 0xae, 0x20, 0x88,
    0x41, 0x9c, 0xa2, 0x95, 0x1f, 0x18, 0xc0, 0x00, 0x40, 0x00, 0x4d, 0x69, 0x52, 0x13, 0x53,
    0xd1, 0x9c, 0x66, 0x35, 0xb5, 0x89, 0x4d, 0x6b, 0x6e, 0xf3, 0x9a, 0x04, 0xc8, 0x26, 0x38,
    0xc5, 0xf9, 0xcd, 0x72, 0x62, 0x6a, 0x13, 0x02, 0x99, 0x81, 0x34, 0x07, 0x10, 0x81, 0x08,
    0x9c, 0xc0, 0x01, 0xeb, 0x6c, 0xe7, 0x3b, 0xe3, 0xe9, 0x4e, 0x78, 0x4a, 0x53, 0x9e, 0xf6,
    0x64, 0x67, 0x3d, 0xe9, 0x39, 0x5d, 0xcf, 0x7b, 0xee, 0xd3, 0x9f, 0xfd, 0xd4, 0x67, 0x40,
    0xf1, 0x19, 0x4f, 0x25, 0x7c, 0x80, 0x0e, 0x00, 0xd8, 0xc2, 0x02, 0x0c, 0x20, 0x4d, 0x07,
    0xe4, 0xb3, 0xa1, 0x0f, 0x1d, 0x80, 0x43, 0xd7, 0x09, 0x51, 0x8a, 0x4a, 0x34, 0xa2, 0x13,
    0xa5, 0x68, 0x46, 0xd7, 0xb9, 0xd1, 0x8a, 0x6a, 0x14, 0xa3, 0x75, 0xb0, 0x03, 0x18, 0xb8,
    0x48, 0x08, 0x2b, 0x04, 0xc2, 0x00, 0x25, 0x30, 0x80, 0x4a, 0x57, 0x9a, 0xd2, 0x95, 0xaa,
    0xb4, 0xa5, 0x2e, 0x85, 0x29, 0x4b, 0x5d, 0xfa, 0x52, 0x9a, 0xa2, 0xd4, 0xa6, 0x32, 0xad,
    0x29, 0x4d, 0x73, 0xaa, 0xd2, 0x17, 0x08, 0x24, 0x20, 0x00, 0x21, 0xf9, 0x04, 0x09, 0x09,
    0x00, 0x00, 0x00, 0x2c, 0x00, 0x00, 0x00, 0x00, 0x50, 0x00, 0x28, 0x00, 0x87, 0x00, 0x00,
    0x00, 0x7b, 0xd3, 0xfc, 0x13, 0x17, 0x27, 0xfc, 0xfe, 0xfe, 0x2a, 0xa9, 0xea, 0x84, 0xd9,
    0xfd, 0x2f, 0xab, 0xea, 0x72, 0xc8, 0xf3, 0x06, 0x08, 0x17, 0xfc, 0xb4, 0xd4, 0xfe, 0xff,
    0xff, 0x05, 0x6b, 0xa5, 0x00, 0x55, 0xaa, 0x02, 0x63, 0x9b, 0x16, 0xa1, 0xe7, 0x00, 0x00,
    0xff, 0xaa, 0xdd, 0xf6, 0x8a, 0xe4, 0xfe, 0x12, 0x76, 0xaf, 0x36, 0x96, 0xc8, 0x4b, 0xa8,
    0xd9, 0x00, 0x5b, 0x94, 0x00, 0x65, 0x99, 0x26, 0x85, 0xb8, 0x03, 0x64, 0x9b, 0x00, 0x7f,
    0x7f, 0x01, 0x62, 0x9a, 0xcc, 0xe9, 0xf7, 0x71, 0xc6, 0xf0, 0x8d, 0xcd, 0xf4, 0x00, 0xff,
    0xff, 0x38, 0xb0, 0xec, 0x59, 0xb6, 0xe4, 0x74, 0xc6, 0xf1, 0xfb, 0x77, 0x88, 0x09, 0x7c,
    0xbb, 0x47, 0x74, 0x91, 0x44, 0xb3, 0xec, 0xfb, 0xfd, 0xfd, 0xfc, 0xfc, 0xfc, 0x1a, 0x22,
    0x33, 0x00, 0x5c, 0x94, 0x2f, 0x8e, 0xc3, 0x55, 0xbd, 0xeb, 0xf9, 0xfd, 0xfe, 0x04, 0x63,
    0x9b, 0x0b, 0x9d, 0xe7, 0x38, 0xaa, 0xff, 0x63, 0xbc, 0xe9, 0xb0, 0xde, 0xfc, 0x06, 0x49,
    0x7d, 0x00, 0x57, 0x90, 0x02, 0x64, 0x9c, 0x04, 0x6a, 0xa4, 0x2d, 0x7a, 0xb7, 0x54, 0x58,
    0x64, 0x6d, 0xa8, 0xc7, 0xd0, 0xf6, 0xfe, 0x00, 0x55, 0x8d, 0xb7, 0xc4, 0xe9, 0x03, 0x58,
    0x90, 0x03, 0x64, 0x99, 0x07, 0x6c, 0xa5, 0x00, 0x7f, 0xff, 0x1c, 0x81, 0xb9, 0x2c, 0x45,
    0x5a, 0x30, 0x4b, 0x63, 0x20, 0x7d, 0xb0, 0x49, 0x4c, 0x59, 0x42, 0x6c, 0x87, 0x5d, 0x9b,
    0xbc, 0x71, 0x7d, 0x89, 0x73, 0x82, 0x8e, 0x81, 0x83, 0x8b, 0xd4, 0xbe, 0xe0, 0x00, 0x57,
    0x91, 0x02, 0x68, 0xa2, 0x12, 0xa4, 0xee, 0x3d, 0xa1, 0xd5, 0x57, 0xb1, 0xde, 0xc6, 0xc1,
    0xe5, 0xed, 0xab, 0xc9, 0xff, 0xc8, 0xe9, 0x00, 0x3f, 0x7f, 0x09, 0x4b, 0x8d, 0x00, 0x4e,
    0x88, 0x02, 0x67, 0xa0, 0x16, 0x75, 0xa9, 0x10, 0x9d, 0xe7, 0x30, 0x85, 0xb6, 0x29, 0x93,
    0xcc, 0x27, 0xa8, 0xea, 0x46, 0x39, 0x4e, 0x7f, 0x7f, 0xff, 0xbb, 0xa6, 0xc4, 0xa1, 0xb9,
    0xdb, 0xc1, 0xc2, 0xc6, 0xc4, 0xed, 0xff, 0xeb, 0xeb, 0xf7, 0x00, 0x00, 0x3f, 0x0b, 0x0f,
    0x20, 0x00, 0x00, 0x7f, 0x0e, 0x10, 0x1f, 0x08, 0x29, 0x46, 0x00, 0x3d, 0x6a, 0x04, 0x49,
    0x74, 0x00, 0x4b, 0x81, 0x00, 0x4e, 0x88, 0x00, 0x55, 0x7f, 0x00, 0x52, 0x8b, 0x00, 0x5e,
    0x95, 0x00, 0x61, 0x99, 0x08, 0x6a, 0xa1, 0x01, 0x67, 0xa0, 0x0e, 0x71, 0x9b, 0x1f, 0x8f,
    0xcf, 0x00, 0x98, 0xe7, 0x26, 0x29, 0x3c, 0x24, 0x6d, 0xb6, 0x24, 0x91, 0xb6, 0x2e, 0xac,
    0xea, 0x2b, 0xab, 0xec, 0x2a, 0xa8, 0xeb, 0x3f, 0xbf, 0xbf, 0x3f, 0xbf, 0xff, 0x51, 0x52,
    0x5f, 0x55, 0x97, 0xbb, 0x55, 0xaa, 0xaa, 0x55, 0xaa, 0xff, 0x43, 0xb1, 0xec, 0x4e, 0xc0,
    0xf9, 0x72, 0x57, 0x6e, 0x7f, 0x7f, 0x7f, 0x7f, 0xb0, 0xcc, 0x7f, 0xbf, 0xff, 0x62, 0xc4,
    0xff, 0x7c, 0xe3, 0xff, 0x94, 0x65, 0x7c, 0x8d, 0x69, 0x82, 0x82, 0xa8, 0xbe, 0x99, 0xbd,
    0xdf, 0x85, 0xcc, 0xef, 0x93, 0xd2, 0xed, 0xae, 0x80, 0x9b, 0xb5, 0x85, 0xa0, 0xbe, 0xa2,
    0xbf, 0xb7, 0xb9, 0xbd, 0xa7, 0xc8, 0xe9, 0xad, 0xdd, 0xf7, 0xae, 0xe0, 0xf7, 0xbc, 0xe7,
    0xf9, 0xda, 0x8e, 0xa5, 0xd6, 0x95, 0xad, 0xc1, 0xa3, 0xc1, 0xd0, 0xbc, 0xdf, 0xd4, 0xe9,
    0xff, 0xd3, 0xea, 0xf6, 0xd0, 0xec, 0xfa, 0xd7, 0xff, 0xff, 0xff, 0x00, 0x00, 0xff, 0x00,
    0xff, 0xff, 0x69, 0x77, 0xff, 0xff, 0xff, 0xff, 0xff, 0xff, 0xff, 0xff, 0xff, 0x00, 0x00,
    0x00, 0x00, 0x00, 0x00, 0x00, 0x00, 0x00, 0x00, 0x00, 0x00, 0x00, 0x00, 0x00, 0x00, 0x00,
    0x00, 0x00, 0x00, 0x00, 0x00, 0x00, 0x00, 0x00, 0x00, 0x00, 0x00, 0x00, 0x00, 0x00, 0x00,
    0x00, 0x00, 0x00, 0x00, 0x00, 0x00, 0x00, 0x00, 0x00, 0x00, 0x00, 0x00, 0x00, 0x00, 0x00,
    0x00, 0x00, 0x00, 0x00, 0x00, 0x00, 0x00, 0x00, 0x00, 0x00, 0x00, 0x00, 0x00, 0x00, 0x00,
    0x00, 0x00, 0x00, 0x00, 0x00, 0x00, 0x00, 0x00, 0x00, 0x00, 0x00, 0x00, 0x00, 0x00, 0x00,
    0x00, 0x00, 0x00, 0x00, 0x00, 0x00, 0x00, 0x00, 0x00, 0x00, 0x00, 0x00, 0x00, 0x00, 0x00,
    0x00, 0x00, 0x00, 0x00, 0x00, 0x00, 0x00, 0x00, 0x00, 0x00, 0x00, 0x00, 0x00, 0x00, 0x00,
    0x00, 0x00, 0x00, 0x00, 0x00, 0x00, 0x00, 0x00, 0x00, 0x00, 0x00, 0x00, 0x00, 0x00, 0x00,
    0x00, 0x00, 0x00, 0x00, 0x00, 0x00, 0x00, 0x00, 0x00, 0x00, 0x00, 0x00, 0x00, 0x00, 0x00,
    0x00, 0x00, 0x00, 0x00, 0x00, 0x00, 0x00, 0x00, 0x00, 0x00, 0x00, 0x00, 0x00, 0x00, 0x00,
    0x00, 0x00, 0x00, 0x00, 0x00, 0x00, 0x00, 0x00, 0x00, 0x00, 0x00, 0x00, 0x00, 0x00, 0x00,
    0x00, 0x00, 0x00, 0x00, 0x00, 0x00, 0x00, 0x00, 0x00, 0x00, 0x00, 0x00, 0x00, 0x00, 0x00,
    0x00, 0x00, 0x00, 0x00, 0x00, 0x00, 0x00, 0x00, 0x00, 0x00, 0x00, 0x00, 0x00, 0x00, 0x00,
    0x00, 0x00, 0x00, 0x00, 0x00, 0x00, 0x00, 0x00, 0x00, 0x00, 0x00, 0x00, 0x00, 0x00, 0x00,
    0x00, 0x00, 0x00, 0x00, 0x00, 0x00, 0x00, 0x00, 0x00, 0x00, 0x00, 0x00, 0x00, 0x00, 0x00,
    0x00, 0x00, 0x00, 0x00, 0x00, 0x00, 0x00, 0x00, 0x00, 0x00, 0x00, 0x00, 0x00, 0x00, 0x00,
    0x00, 0x00, 0x00, 0x00, 0x00, 0x00, 0x00, 0x00, 0x00, 0x00, 0x00, 0x00, 0x00, 0x00, 0x00,
    0x00, 0x00, 0x00, 0x00, 0x00, 0x00, 0x00, 0x00, 0x00, 0x00, 0x00, 0x00, 0x00, 0x00, 0x00,
    0x00, 0x08, 0xff, 0x00, 0x01, 0x08, 0x1c, 0x48, 0xb0, 0xa0, 0xc1, 0x83, 0x08, 0x07, 0x3e,
    0x58, 0x98, 0xb0, 0xa1, 0xc3, 0x87, 0x10, 0x23, 0x16, 0x7c, 0x60, 0x81, 0xe0, 0x08, 0x06,
    0x12, 0x33, 0x6a, 0xdc, 0x58, 0x30, 0xc3, 0x40, 0x2a, 0x32, 0xa6, 0x70, 0x1c, 0x49, 0xf2,
    0x21, 0x46, 0x19, 0x55, 0x34, 0x2c, 0x68, 0xd0, 0x60, 0x89, 0x0e, 0x00, 0x19, 0x1e, 0x94,
    0x9c, 0x49, 0x12, 0xe3, 0x1a, 0x09, 0x13, 0x40, 0x04, 0x38, 0x70, 0x80, 0xc2, 0x85, 0x14,
    0x63, 0x00, 0xc8, 0xa4, 0x49, 0x34, 0x22, 0x46, 0x1d, 0x17, 0x02, 0x14, 0x28, 0x10, 0xa0,
    0xe9, 0x52, 0x10, 0x1a, 0x64, 0xc4, 0x2c, 0x4a, 0x35, 0xa1, 0x4c, 0x1e, 0x0b, 0x94, 0x36,
    0xdd, 0xda, 0x34, 0x02, 0x85, 0x25, 0x00, 0x2a, 0x56, 0x1d, 0x4b, 0x90, 0x0d, 0xa8, 0x19,
    0x4e, 0x98, 0x72, 0xe5, 0x7a, 0x60, 0x81, 0x0c, 0x0f, 0x43, 0xc9, 0x16, 0xa5, 0x38, 0x70,
    0x06, 0x05, 0xb5, 0x6b, 0xb7, 0x2e, 0x18, 0x78, 0x31, 0xae, 0xdc, 0x83, 0x1e, 0x1c, 0x62,
    0x1c, 0x38, 0x27, 0x4b, 0x8a, 0x09, 0x78, 0xf3, 0xb6, 0xc5, 0x70, 0xc7, 0xc6, 0xc0, 0xa9,
    0x56, 0xa9, 0x56, 0x1c, 0x6c, 0x90, 0x41, 0x60, 0x00, 0x23, 0x68, 0xa4, 0xa8, 0x50, 0x61,
    0xe5, 0x81, 0xc4, 0x5b, 0x23, 0x4c, 0x60, 0xc9, 0x99, 0x09, 0x86, 0x11, 0x02, 0x47, 0xf8,
    0x7d, 0x0c, 0x80, 0x81, 0x58, 0x92, 0x1e, 0x31, 0x60, 0x68, 0x6d, 0x70, 0x68, 0x8d, 0x38,
    0x0d, 0x16, 0xe0, 0x9c, 0xd0, 0xf3, 0xc2, 0x67, 0xb5, 0x4b, 0x0b, 0xf8, 0xec, 0xa9, 0x42,
    0x85, 0x84, 0x06, 0x15, 0x5a, 0xa0, 0x06, 0xf0, 0xa3, 0x20, 0x46, 0x1f, 0x34, 0x78, 0x78,
    0x2c, 0xe9, 0xba, 0x47, 0x0d, 0x98, 0x97, 0x19, 0x78, 0xac, 0xa1, 0x21, 0xf7, 0x04, 0x18,
    0x01, 0x22, 0x88, 0xff, 0xf7, 0xba, 0xe0, 0xc2, 0x93, 0x9d, 0x07, 0x26, 0x0c, 0x19, 0x52,
    0x60, 0x7c, 0x81, 0x9e, 0x12, 0x16, 0x24, 0xaf, 0xf8, 0xfa, 0x64, 0x8f, 0xd9, 0x94, 0x47,
    0x62, 0xc4, 0xb0, 0x40, 0x83, 0x8d, 0x0c, 0x19, 0x60, 0xf4, 0x47, 0x77, 0x12, 0x50, 0xd0,
    0x41, 0x0e, 0x03, 0x6c, 0x80, 0x04, 0x09, 0x45, 0x18, 0x11, 0x41, 0x00, 0x13, 0x5c, 0xa0,
    0x9b, 0x04, 0x17, 0x50, 0x10, 0xc1, 0x01, 0x24, 0x30, 0xe8, 0xe0, 0x85, 0x30, 0x4c, 0xb0,
    0xd2, 0x6c, 0x19, 0x78, 0x50, 0x91, 0x0e, 0x0b, 0xf4, 0x40, 0x1b, 0x4d, 0x18, 0x69, 0x20,
    0x41, 0x0a, 0x83, 0x61, 0xa0, 0x12, 0x05, 0x9f, 0x0d, 0x90, 0xc3, 0x11, 0x28, 0x20, 0x60,
    0x23, 0x02, 0x41, 0xe0, 0xf0, 0x20, 0x4f, 0x07, 0x44, 0x50, 0x00, 0x09, 0x35, 0xde, 0x98,
    0xe3, 0x83, 0x3b, 0x01, 0x51, 0x81, 0x15, 0xcb, 0x91, 0xb8, 0xc0, 0x1b, 0x27, 0xce, 0xc4,
    0xc0, 0x27, 0x6d, 0x5c, 0x30, 0x41, 0x0a, 0x54, 0x60, 0xd0, 0x80, 0x04, 0x3a, 0x15, 0x90,
    0x43, 0x0e, 0x37, 0x20, 0x20, 0x80, 0x00, 0x36, 0x82, 0x69, 0x86, 0x11, 0xc0, 0x05, 0x20,
    0x84, 0x97, 0x60, 0x7e, 0xe9, 0x25, 0x99, 0x4a, 0xa5, 0xb7, 0x40, 0x0a, 0x36, 0xe8, 0x20,
    0x81, 0x13, 0x1a, 0x34, 0x89, 0x22, 0x00, 0x29, 0x1c, 0x00, 0x03, 0x4b, 0xbe, 0x31, 0x65,
    0xc9, 0x00, 0x47, 0xa0, 0x89, 0xc0, 0x0d, 0x5d, 0x7e, 0x29, 0xc0, 0x01, 0x3b, 0x45, 0x40,
    0x02, 0x9a, 0x02, 0x1c, 0x91, 0xe6, 0x97, 0x88, 0x6e, 0x45, 0x81, 0x7c, 0x17, 0x14, 0x70,
    0x81, 0x1a, 0x0a, 0xe4, 0x37, 0x53, 0x19, 0x0a, 0x00, 0xc0, 0x1e, 0x08, 0x15, 0xdc, 0xa5,
    0x54, 0x0e, 0x1b, 0xa0, 0xa0, 0xe6, 0x0d, 0x03, 0x0c, 0xd0, 0x87, 0x97, 0x08, 0x90, 0xb0,
    0xa3, 0xa9, 0x5f, 0x82, 0xff, 0x31, 0x80, 0x24, 0x02, 0x90, 0x01, 0xa6, 0xab, 0x4e, 0x05,
    0x40, 0x61, 0x01, 0x20, 0xcc, 0x10, 0xd6, 0x58, 0x16, 0x28, 0x50, 0xc5, 0x04, 0x11, 0x3c,
    0xd1, 0xc0, 0x5d, 0x05, 0x0c, 0x80, 0x84, 0xa0, 0xa8, 0x9e, 0x70, 0x02, 0x11, 0x5e, 0xa2,
    0xd0, 0xe3, 0xa2, 0x86, 0xca, 0xea, 0x2c, 0xb4, 0x02, 0x48, 0xdb, 0xa6, 0x04, 0xec, 0x1d,
    0xd0, 0x80, 0x54, 0xab, 0xd1, 0x74, 0xd5, 0x02, 0x9f, 0x1d, 0x70, 0x81, 0x6f, 0xca, 0x32,
    0x3a, 0xa8, 0xb3, 0x49, 0x44, 0x3b, 0x2d, 0xa3, 0x02, 0x24, 0xc1, 0xae, 0xbb, 0xc2, 0x2d,
    0xf0, 0xc4, 0x52, 0x4e, 0x80, 0xf5, 0x1a, 0x55, 0x32, 0xd9, 0x50, 0x01, 0x62, 0x05, 0x8c,
    0x06, 0xc2, 0x8c, 0xf0, 0x22, 0x40, 0x44, 0x12, 0x86, 0x1e, 0x1a, 0x41, 0x11, 0x05, 0x13,
    0x81, 0x44, 0xc2, 0x9f, 0x5d, 0x20, 0x01, 0x0c, 0xef, 0x49, 0xe0, 0xeb, 0xbe, 0x73, 0x01,
    0xe0, 0x43, 0x6e, 0x07, 0x48, 0x20, 0x81, 0x53, 0x8b, 0xc0, 0x0b, 0xa6, 0xa0, 0x41, 0x88,
    0x87, 0x83, 0xc8, 0x61, 0x82, 0x19, 0x04, 0x53, 0xc2, 0x55, 0x00, 0x02, 0x05, 0x0d, 0xd0,
    0xf0, 0xeb, 0x58, 0x32, 0x59, 0x90, 0xdb, 0x02, 0x13, 0x68, 0xa5, 0x94, 0x10, 0x6a, 0x26,
    0x6c, 0xa8, 0x94, 0x2a, 0x4c, 0x70, 0xa6, 0xcf, 0x8f, 0xe2, 0x80, 0x88, 0x53, 0x30, 0x1c,
    0xb7, 0x40, 0x0b, 0x33, 0x8f, 0xc5, 0x80, 0x1d, 0x2a, 0x82, 0x40, 0x64, 0x00, 0x3b, 0x28,
    0x91, 0x40, 0x02, 0x90, 0x0c, 0xe2, 0xf3, 0x19, 0x0d, 0x48, 0x39, 0xc1, 0x04, 0x12, 0xa4,
    0x91, 0x30, 0x02, 0x5c, 0x28, 0x12, 0x45, 0x14, 0x09, 0xec, 0xd0, 0x41, 0xae, 0x2a, 0x2c,
    0x80, 0x9f, 0x5c, 0x15, 0xd1, 0x40, 0xee, 0x56, 0x50, 0x5c, 0x6d, 0xb7, 0x14, 0x8f, 0xa8,
    0x89, 0x86, 0x6f, 0xe1, 0x2d, 0xff, 0x15, 0x00, 0xa8, 0x86, 0x72, 0x91, 0x80, 0x14, 0x76,
    0x5f, 0xbd, 0xf6, 0x67, 0x13, 0x54, 0x60, 0x88, 0x50, 0x72, 0xc9, 0xb4, 0x31, 0x10, 0x4d,
    0x75, 0x50, 0x78, 0xe1, 0x75, 0x08, 0x20, 0x04, 0x05, 0x5a, 0xf1, 0xe4, 0x14, 0x08, 0x45,
    0x80, 0x99, 0x88, 0x14, 0x68, 0x17, 0x0e, 0x85, 0x52, 0x93, 0xb6, 0x90, 0x01, 0xc6, 0x55,
    0xed, 0x77, 0x6c, 0x53, 0x56, 0x4f, 0xae, 0x89, 0xe6, 0xa0, 0x6d, 0xd5, 0x5e, 0x23, 0x8e,
    0x4c, 0x32, 0xb9, 0xe1, 0x3b, 0x49, 0xe0, 0x46, 0x5f, 0x7f, 0x09, 0x94, 0xe2, 0x02, 0x98,
    0x17, 0x50, 0xf5, 0xd5, 0x4a, 0xec, 0x90, 0x57, 0x00, 0x1d, 0x78, 0x11, 0xc9, 0x17, 0x6b,
    0x31, 0xd5, 0x41, 0xdd, 0x57, 0xab, 0x9d, 0x7b, 0x03, 0x70, 0xd8, 0xd9, 0xf8, 0x14, 0x16,
    0x74, 0xc7, 0xb7, 0x52, 0xb1, 0x37, 0xf5, 0x85, 0x08, 0xe0, 0x8b, 0x80, 0xc9, 0xf1, 0x4a,
    0x75, 0xa0, 0xd6, 0xa4, 0x0d, 0xbc, 0xdd, 0xbb, 0x42, 0xdb, 0x5d, 0x09, 0x63, 0xf7, 0x4d,
    0x65, 0x12, 0x4a, 0xf8, 0x22, 0xac, 0x7d, 0x3c, 0x53, 0x1d, 0xf6, 0x27, 0x07, 0x73, 0xeb,
    0x1b, 0xd4, 0x9c, 0x8b, 0x0d, 0x00, 0x02, 0x6f, 0x82, 0x93, 0x98, 0xe4, 0x81, 0xef, 0x12,
    0x8c, 0x68, 0x9e, 0x56, 0x28, 0x60, 0x9c, 0x0a, 0xd0, 0xc0, 0x31, 0x9a, 0x1a, 0x89, 0x02,
    0x3a, 0x45, 0x90, 0x09, 0x16, 0x64, 0x82, 0x1e, 0x18, 0x0c, 0x77, 0xae, 0xa4, 0x02, 0x18,
    0xfd, 0xc6, 0x6f, 0xdc, 0x73, 0x4a, 0x70, 0x78, 0xd2, 0x21, 0x20, 0xc8, 0xa7, 0x05, 0x8e,
    0x61, 0x1c, 0x00, 0x2c, 0x58, 0x41, 0x0a, 0x0e, 0x84, 0x85, 0x17, 0x7c, 0xa1, 0x50, 0x5c,
    0xd8, 0xa9, 0x07, 0xd0, 0x90, 0x01, 0xcd, 0x01, 0x00, 0x06, 0x98, 0x50, 0x81, 0x2b, 0x49,
    0xa0, 0x38, 0xbc, 0xe1, 0x91, 0x10, 0xff, 0x29, 0xf0, 0xb5, 0xf8, 0xac, 0x24, 0x05, 0x34,
    0xc8, 0x42, 0x6a, 0x08, 0x31, 0x43, 0x19, 0xda, 0xd0, 0x89, 0x34, 0x1c, 0xc8, 0x65, 0x60,
    0x28, 0x10, 0x2a, 0xae, 0xd0, 0x85, 0x02, 0x11, 0x43, 0xa7, 0x78, 0x80, 0x01, 0x2b, 0xcc,
    0x80, 0x34, 0x0b, 0x08, 0x23, 0x72, 0x38, 0xb3, 0x12, 0xce, 0xf4, 0xe0, 0x0a, 0x33, 0xf0,
    0xc1, 0x40, 0x62, 0x20, 0x86, 0x0b, 0x62, 0xf1, 0x8a, 0x6e, 0xac, 0x22, 0x00, 0x2e, 0xc3,
    0x82, 0x54, 0x99, 0x20, 0x06, 0x2b, 0x78, 0x41, 0x1d, 0x07, 0x70, 0xc7, 0x3c, 0xee, 0xb1,
    0x8f, 0x7a, 0xb4, 0xa3, 0x27, 0x04, 0x22, 0x0a, 0x3b, 0xb6, 0x80, 0x09, 0x2d, 0xf0, 0x43,
    0x21, 0x70, 0x80, 0x83, 0x2b, 0xd4, 0x40, 0x0b, 0x9c, 0x18, 0xc0, 0x09, 0x48, 0xa1, 0x80,
    0x15, 0x68, 0xe1, 0x8f, 0x78, 0x0c, 0x24, 0x1f, 0x33, 0x89, 0x49, 0x3f, 0xda, 0x71, 0x13,
    0x0a, 0xe8, 0x82, 0x07, 0xb6, 0x10, 0x88, 0x54, 0xa5, 0x0a, 0x02, 0x2e, 0x28, 0x81, 0x29,
    0x07, 0x80, 0x4a, 0x55, 0x9a, 0xb2, 0x95, 0xab, 0x84, 0x00, 0x16, 0x5c, 0x99, 0xaa, 0x30,
    0x34, 0x41, 0x10, 0xab, 0xb4, 0x25, 0x2d, 0x59, 0x99, 0xca, 0x58, 0xf6, 0xf2, 0x95, 0xbf,
    0x3c, 0x65, 0x30, 0x07, 0x30, 0x0a, 0x00, 0x74, 0x81, 0x0f, 0x79, 0xd0, 0x43, 0x27, 0x4c,
    0xc9, 0x01, 0x02, 0x10, 0x60, 0x03, 0xcc, 0x74, 0x26, 0x34, 0x53, 0xd5, 0xcc, 0x67, 0x46,
    0xd3, 0x9a, 0xd4, 0x74, 0x00, 0x36, 0x07, 0xc0, 0x01, 0x6d, 0x4e, 0x93, 0x9b, 0xd2, 0xbc,
    0xe6, 0x37, 0xab, 0x39, 0xce, 0x70, 0xa6, 0x8a, 0x12, 0x02, 0x79, 0x81, 0x33, 0x09, 0x00,
    0x01, 0x08, 0x84, 0x40, 0x9b, 0xce, 0x6c, 0xe7, 0x3b, 0xd7, 0x29, 0x4f, 0x78, 0xb2, 0xd3,
    0x9d, 0xf6, 0xac, 0x27, 0x3d, 0xf1, 0xb9, 0x5f, 0xcf, 0x79, 0xc6, 0x93, 0x9f, 0xff, 0xf4,
    0xe7, 0x3d, 0x05, 0x0a, 0x81, 0x4a, 0x70, 0x80, 0x0e, 0x00, 0x00, 0xc4, 0x03, 0x0c, 0xe0,
    0x4c, 0x07, 0xd8, 0xb3, 0xa1, 0x0f, 0x25, 0x80, 0x43, 0xd7, 0x09, 0x51, 0x8a, 0x4a, 0x34,
    0xa2, 0x13, 0xa5, 0x68, 0x46, 0xd7, 0xb9, 0xd1, 0x8a, 0x6a, 0x14, 0xa3, 0x58, 0x68, 0xc2,
    0x21, 0x04, 0xe2, 0x81, 0x3d, 0x6c, 0x01, 0x0f, 0x06, 0xf8, 0x80, 0x01, 0x56, 0xca, 0x52,
    0x95, 0xb2, 0x74, 0xa5, 0x2e, 0x7d, 0x69, 0x4c, 0x5b, 0xfa, 0x52, 0x98, 0xd6, 0x34, 0xa5,
    0x37, 0x9d, 0xa9, 0x4d, 0x6b, 0xaa, 0xd3, 0x95, 0xae, 0x40, 0x20, 0x01, 0x01, 0x00, 0x21,
    0xf9, 0x04, 0x09, 0x09, 0x00, 0x00, 0x00, 0x2c, 0x00, 0x00, 0x00, 0x00, 0x50, 0x00, 0x28,
    0x00, 0x87, 0x00, 0x00, 0x00, 0x7b, 0xd3, 0xfb, 0x12, 0x17, 0x27, 0x2a, 0xa9, 0xea, 0xfc,
    0xfe, 0xfe, 0x84, 0xd9, 0xfd, 0x2f, 0xab, 0xea, 0x72, 0xc8, 0xf3, 0xfc, 0xb4, 0xd4, 0x08,
    0x09, 0x18, 0xff, 0xff, 0xff, 0x00, 0x00, 0xff, 0x13, 0x77, 0xaf, 0x15, 0xa1, 0xe7, 0xa9,
    0xdc, 0xf6, 0x06, 0x6a, 0xa4, 0x01, 0x5c, 0x94, 0x34, 0x94, 0xc7, 0x02, 0x63, 0x9b, 0x4a,
    0xa7, 0xd9, 0x00, 0x55, 0xaa, 0x8a, 0xe3, 0xff, 0x01, 0x65, 0x98, 0x23, 0x83, 0xb7, 0x00,
    0x7f, 0x7f, 0x00, 0x63, 0x9b, 0x09, 0x7c, 0xba, 0x2d, 0x8d, 0xc2, 0xcd, 0xeb, 0xf9, 0x04,
    0x66, 0x9d, 0x01, 0x64, 0x9a, 0x72, 0xc6, 0xf1, 0x8f, 0xcc, 0xf2, 0x38, 0xb0, 0xec, 0x5a,
    0xb6, 0xe4, 0x73, 0xc5, 0xf0, 0x16, 0x21, 0x34, 0x00, 0x58, 0x90, 0x44, 0xb3, 0xec, 0x61,
    0xbc, 0xe9, 0xfc, 0x76, 0x87, 0xfc, 0xfd, 0xfe, 0x04, 0x65, 0x9b, 0xf7, 0xfc, 0xfd, 0x00,
    0x5b, 0x92, 0x1c, 0x81, 0xb9, 0x0b, 0x9d, 0xe7, 0x00, 0xff, 0xff, 0x36, 0xa9, 0xfb, 0x55,
    0xbd, 0xec, 0xb7, 0xc4, 0xe9, 0x2e, 0x44, 0x59, 0x48, 0x76, 0x93, 0x6a, 0xa7, 0xc7, 0xaf,
    0xdf, 0xff, 0xfe, 0xfd, 0xfe, 0x00, 0x55, 0x8c, 0x07, 0x59, 0x91, 0x04, 0x6c, 0xa4, 0x31,
    0x4e, 0x66, 0x31, 0x7a, 0xb6, 0xb3, 0xec, 0xfd, 0xff, 0xc7, 0xe8, 0xff, 0xff, 0x00, 0x00,
    0x04, 0x3c, 0x12, 0x11, 0x1d, 0x00, 0x49, 0x93, 0x01, 0x54, 0x8e, 0x01, 0x64, 0x9b, 0x02,
    0x62, 0x99, 0x06, 0x69, 0xaa, 0x03, 0x69, 0xa2, 0x0f, 0x9c, 0xe6, 0x22, 0x24, 0x33, 0x4b,
    0x47, 0x57, 0x57, 0x5a, 0x66, 0x59, 0xb2, 0xdd, 0x75, 0x83, 0x8e, 0x81, 0x83, 0x8c, 0xb2,
    0xb4, 0xb9, 0xa1, 0xba, 0xd5, 0xd2, 0xbd, 0xe1, 0x00, 0x1d, 0x50, 0x00, 0x2c, 0x52, 0x05,
    0x37, 0x5b, 0x00, 0x3f, 0x7f, 0x00, 0x4a, 0x85, 0x00, 0x7f, 0xff, 0x15, 0xa2, 0xea, 0x27,
    0xa8, 0xea, 0x43, 0x6d, 0x88, 0x5e, 0x9c, 0xbf, 0x50, 0x9e, 0xc7, 0x55, 0xaa, 0xff, 0x75,
    0x57, 0x6e, 0x72, 0x7a, 0x85, 0x7f, 0x7f, 0xff, 0x7a, 0xe1, 0xff, 0x99, 0xb0, 0xbc, 0x8e,
    0xb8, 0xd6, 0xb4, 0xa7, 0xb8, 0xbb, 0xa6, 0xc4, 0xae, 0xd9, 0xee, 0xc1, 0xc2, 0xc7, 0xd8,
    0xff, 0xff, 0xf1, 0xab, 0xcb, 0xea, 0xeb, 0xec, 0x0c, 0x0f, 0x20, 0x00, 0x00, 0x7f, 0x0c,
    0x28, 0x42, 0x00, 0x4f, 0x7f, 0x00, 0x48, 0x83, 0x00, 0x55, 0x7f, 0x00, 0x5f, 0x95, 0x08,
    0x6c, 0xa3, 0x00, 0x66, 0xcc, 0x0e, 0x71, 0x9b, 0x00, 0x98, 0xe7, 0x24, 0x48, 0x91, 0x23,
    0x7b, 0xb0, 0x2a, 0x94, 0xbf, 0x33, 0x99, 0xcc, 0x33, 0x99, 0xe5, 0x2a, 0xaa, 0xd4, 0x3c,
    0xa3, 0xd8, 0x2e, 0xac, 0xea, 0x2b, 0xab, 0xec, 0x2a, 0xa8, 0xeb, 0x3f, 0xbf, 0xbf, 0x3f,
    0xbf, 0xff, 0x4d, 0x3e, 0x53, 0x44, 0x51, 0x5c, 0x54, 0x6e, 0x84, 0x53, 0x8f, 0xb7, 0x55,
    0xaa, 0xaa, 0x43, 0xb1, 0xec, 0x4e, 0xc0, 0xf8, 0x5f, 0xc1, 0xef, 0x55, 0xd4, 0xff, 0x7f,
    0x7f, 0xbf, 0x60, 0xa2, 0xbe, 0x62, 0xc4, 0xff, 0x81, 0x5d, 0x73, 0x82, 0x62, 0x7a, 0x9a,
    0x8a, 0xa7, 0x8d, 0xe2, 0xff, 0xaf, 0x80, 0x99, 0xae, 0x8e, 0xa6, 0xaf, 0xbd, 0xe0, 0xad,
    0xdd, 0xf7, 0xae, 0xe0, 0xf7, 0xb9, 0xf8, 0xff, 0xdb, 0x8e, 0xa6, 0xd5, 0x95, 0xad, 0xc1,
    0xa3, 0xc1, 0xc9, 0xd6, 0xe4, 0xc6, 0xde, 0xea, 0xd4, 0xe9, 0xff, 0xd0, 0xec, 0xfa, 0xff,
    0x00, 0xff, 0xff, 0x69, 0x77, 0xf4, 0x80, 0x93, 0xff, 0xff, 0xff, 0x00, 0x00, 0x00, 0x00,
    0x00, 0x00, 0x00, 0x00, 0x00, 0x00, 0x00, 0x00, 0x00, 0x00, 0x00, 0x00, 0x00, 0x00, 0x00,
    0x00, 0x00, 0x00, 0x00, 0x00, 0x00, 0x00, 0x00, 0x00, 0x00, 0x00, 0x00, 0x00, 0x00, 0x00,
    0x00, 0x00, 0x00, 0x00, 0x00, 0x00, 0x00, 0x00, 0x00, 0x00, 0x00, 0x00, 0x00, 0x00, 0x00,
    0x00, 0x00, 0x00, 0x00, 0x00, 0x00, 0x00, 0x00, 0x00, 0x00, 0x00, 0x00, 0x00, 0x00, 0x00,
    0x00, 0x00, 0x00, 0x00, 0x00, 0x00, 0x00, 0x00, 0x00, 0x00, 0x00, 0x00, 0x00, 0x00, 0x00,
    0x00, 0x00, 0x00, 0x00, 0x00, 0x00, 0x00, 0x00, 0x00, 0x00, 0x00, 0x00, 0x00, 0x00, 0x00,
    0x00, 0x00, 0x00, 0x00, 0x00, 0x00, 0x00, 0x00, 0x00, 0x00, 0x00, 0x00, 0x00, 0x00, 0x00,
    0x00, 0x00, 0x00, 0x00, 0x00, 0x00, 0x00, 0x00, 0x00, 0x00, 0x00, 0x00, 0x00, 0x00, 0x00,
    0x00, 0x00, 0x00, 0x00, 0x00, 0x00, 0x00, 0x00, 0x00, 0x00, 0x00, 0x00, 0x00, 0x00, 0x00,
    0x00, 0x00, 0x00, 0x00, 0x00, 0x00, 0x00, 0x00, 0x00, 0x00, 0x00, 0x00, 0x00, 0x00, 0x00,
    0x00, 0x00, 0x00, 0x00, 0x00, 0x00, 0x00, 0x00, 0x00, 0x00, 0x00, 0x00, 0x00, 0x00, 0x00,
    0x00, 0x00, 0x00, 0x00, 0x00, 0x00, 0x00, 0x00, 0x00, 0x00, 0x00, 0x00, 0x00, 0x00, 0x00,
    0x00, 0x00, 0x00, 0x00, 0x00, 0x00, 0x00, 0x00, 0x00, 0x00, 0x00, 0x00, 0x00, 0x00, 0x00,
    0x00, 0x00, 0x00, 0x00, 0x00, 0x00, 0x00, 0x00, 0x00, 0x00, 0x00, 0x00, 0x00, 0x00, 0x00,
    0x00, 0x00, 0x00, 0x00, 0x00, 0x00, 0x00, 0x00, 0x00, 0x00, 0x00, 0x00, 0x00, 0x00, 0x00,
    0x00, 0x00, 0x00, 0x00, 0x00, 0x00, 0x00, 0x00, 0x00, 0x00, 0x00, 0x00, 0x00, 0x00, 0x00,
    0x00, 0x00, 0x00, 0x00, 0x00, 0x00, 0x00, 0x00, 0x00, 0x00, 0x00, 0x00, 0x00, 0x00, 0x00,
    0x00, 0x00, 0x00, 0x00, 0x00, 0x00, 0x00, 0x00, 0x00, 0x00, 0x00, 0x00, 0x00, 0x00, 0x00,
    0x00, 0x00, 0x00, 0x00, 0x00, 0x08, 0xff, 0x00, 0x01, 0x08, 0x1c, 0x48, 0xb0, 0xa0, 0xc1,
    0x83, 0x08, 0x13, 0x2a, 0x5c, 0xc8, 0xb0, 0xa1, 0x43, 0x86, 0x0b, 0x28, 0x58, 0xb0, 0xa0,
    0x61, 0xc1, 0xc3, 0x8b, 0x18, 0x33, 0x1e, 0xc4, 0x70, 0x90, 0x82, 0xc6, 0x8f, 0x20, 0x19,
    0xc2, 0xc1, 0x51, 0xa2, 0xa4, 0x10, 0x81, 0x1e, 0x43, 0xaa, 0x04, 0x69, 0x11, 0xc8, 0x10,
    0x09, 0x17, 0x26, 0x4c, 0x88, 0xc0, 0x20, 0x83, 0x15, 0x00, 0x1c, 0x57, 0xea, 0x7c, 0x18,
    0x11, 0x48, 0x86, 0x09, 0x07, 0x0a, 0x08, 0x2d, 0x10, 0xe0, 0xc4, 0x85, 0x9b, 0x29, 0x77,
    0x2a, 0x4d, 0xc8, 0x91, 0x85, 0x88, 0x0a, 0x01, 0xa2, 0x4a, 0x15, 0xda, 0xe2, 0x0d, 0x80,
    0xa4, 0x4b, 0xb3, 0xa2, 0x04, 0x80, 0x63, 0x03, 0x51, 0xa9, 0x60, 0x0b, 0x9c, 0x28, 0x62,
    0x87, 0x82, 0x45, 0xad, 0x4b, 0x23, 0x5a, 0x58, 0x34, 0x64, 0xc2, 0x57, 0xb0, 0x60, 0x1f,
    0xb8, 0xd1, 0x30, 0xe7, 0x2c, 0x5a, 0x85, 0x39, 0x15, 0x52, 0xd0, 0x40, 0xb0, 0xed, 0x5b,
    0xb8, 0x51, 0x1f, 0xe4, 0x20, 0x68, 0xc1, 0x2e, 0xc2, 0x05, 0x79, 0x75, 0x26, 0x2e, 0x68,
    0x56, 0x20, 0x9e, 0x0e, 0x47, 0x3c, 0x40, 0xb8, 0xf0, 0x37, 0xac, 0x08, 0x08, 0x2c, 0x54,
    0xa8, 0xe0, 0x2b, 0xb0, 0xe2, 0xdd, 0x82, 0x39, 0x88, 0xe0, 0x34, 0x78, 0xe5, 0x85, 0x40,
    0x1d, 0x47, 0x20, 0x48, 0x60, 0xf0, 0x80, 0xe6, 0x04, 0xa8, 0x70, 0x85, 0x32, 0xd8, 0xd0,
    0xe2, 0xc1, 0x03, 0x09, 0x99, 0x39, 0x73, 0x26, 0xc8, 0xd1, 0x82, 0xe8, 0xc5, 0x19, 0x31,
    0x58, 0xf0, 0xd0, 0xe1, 0x2a, 0xc1, 0x94, 0x3a, 0x32, 0xac, 0xde, 0x00, 0x34, 0x68, 0x80,
    0x0b, 0x11, 0x82, 0x56, 0x10, 0x1a, 0x80, 0x09, 0x83, 0xd7, 0x01, 0x0e, 0x9c, 0x88, 0x50,
    0x1b, 0x82, 0x07, 0xce, 0x76, 0x3d, 0x0a, 0xff, 0xc9, 0x20, 0xda, 0xb0, 0x46, 0x8b, 0x16,
    0x24, 0x14, 0xc7, 0x60, 0xfa, 0x0a, 0x80, 0x0e, 0xca, 0x5b, 0x44, 0xef, 0x71, 0xa9, 0xc0,
    0x81, 0xa0, 0x05, 0x22, 0x3c, 0x80, 0x1e, 0x81, 0x26, 0x83, 0xa7, 0xf7, 0x49, 0x17, 0xc0,
    0x04, 0x1b, 0x30, 0x00, 0x81, 0x0a, 0x3c, 0x18, 0xe7, 0x51, 0x15, 0x45, 0x78, 0x00, 0x80,
    0x05, 0x3a, 0x41, 0xa8, 0x42, 0x4d, 0x3c, 0x50, 0x50, 0x05, 0x00, 0x3a, 0xac, 0x06, 0x54,
    0x0f, 0x04, 0x70, 0xd0, 0x44, 0x12, 0x24, 0x08, 0x30, 0x43, 0x0d, 0x50, 0x11, 0xd8, 0x9f,
    0x73, 0x34, 0x90, 0x10, 0xe2, 0x0c, 0x8c, 0x50, 0xb7, 0xdd, 0x03, 0x19, 0xd0, 0x01, 0xc0,
    0x49, 0x38, 0xdc, 0x36, 0x98, 0x79, 0x1f, 0x2d, 0xf0, 0x89, 0x14, 0xd0, 0xb1, 0x20, 0x90,
    0x72, 0x17, 0x04, 0xc5, 0xa1, 0x18, 0x02, 0x24, 0x20, 0xc0, 0x91, 0x09, 0x24, 0xb0, 0xc3,
    0x50, 0x42, 0x55, 0xb0, 0x45, 0x91, 0x47, 0x16, 0xa9, 0xe4, 0x54, 0x13, 0xdc, 0x56, 0x5c,
    0x8d, 0x7c, 0xa8, 0xf0, 0xa0, 0x52, 0x10, 0x96, 0x70, 0x40, 0x04, 0x2c, 0x64, 0xf0, 0xc0,
    0x04, 0x51, 0x99, 0x41, 0x00, 0x14, 0x6b, 0x44, 0xa9, 0xa6, 0x92, 0xf6, 0x05, 0x55, 0x43,
    0x10, 0x48, 0x42, 0x59, 0xe4, 0x92, 0x51, 0xd9, 0x67, 0xa0, 0x64, 0x46, 0x01, 0xf1, 0x03,
    0x8e, 0x2c, 0xfd, 0xc0, 0x63, 0x01, 0x17, 0x40, 0xe0, 0x56, 0x54, 0x1c, 0x10, 0x30, 0x83,
    0x91, 0x47, 0x9e, 0x71, 0x46, 0x94, 0x09, 0xd4, 0x60, 0x5f, 0x01, 0x87, 0x16, 0xb9, 0x84,
    0x1a, 0x4b, 0x20, 0xda, 0xe8, 0x57, 0x76, 0x4a, 0x70, 0xc2, 0x01, 0x25, 0x6c, 0xb9, 0x54,
    0x97, 0x89, 0x54, 0x70, 0xc1, 0x1d, 0x27, 0x10, 0x85, 0x86, 0x18, 0x96, 0x3a, 0x41, 0x00,
    0x01, 0x4f, 0x20, 0x39, 0x43, 0x00, 0x05, 0x6c, 0xff, 0x81, 0xa8, 0x00, 0xab, 0x12, 0xf0,
    0x85, 0xab, 0x60, 0xe9, 0xf7, 0xd4, 0x05, 0x53, 0xec, 0x99, 0xd5, 0x02, 0x3f, 0x4c, 0x41,
    0x59, 0x01, 0x13, 0x40, 0x20, 0x42, 0x01, 0xb6, 0xce, 0x2a, 0xc0, 0x13, 0x37, 0xdc, 0xe0,
    0x04, 0xa2, 0x07, 0x54, 0xa0, 0x85, 0xa5, 0x93, 0x36, 0xfb, 0xec, 0x91, 0xf8, 0x31, 0xc0,
    0x40, 0x50, 0x22, 0x74, 0xba, 0xdb, 0x52, 0x18, 0xec, 0xe1, 0x54, 0x01, 0x15, 0x14, 0x2b,
    0x02, 0x1a, 0x4d, 0x28, 0xbb, 0xec, 0x0d, 0x4a, 0x18, 0x49, 0x42, 0xb4, 0x34, 0xcc, 0x6a,
    0x24, 0x19, 0xec, 0xba, 0x1b, 0x14, 0x6b, 0x43, 0x5d, 0x80, 0x83, 0x71, 0xbf, 0x02, 0xc0,
    0x03, 0x04, 0x0c, 0x94, 0xfb, 0x00, 0x17, 0x07, 0xf4, 0x90, 0xae, 0x9a, 0x8c, 0x1e, 0xf9,
    0x6e, 0x05, 0xf1, 0x22, 0x8c, 0xf0, 0xbb, 0x05, 0x30, 0x71, 0x01, 0x03, 0x62, 0x3d, 0xe0,
    0x20, 0x84, 0xfd, 0x1a, 0x21, 0x41, 0x6b, 0x63, 0xc2, 0x06, 0x02, 0x09, 0xea, 0x32, 0x4a,
    0x43, 0x76, 0x07, 0x24, 0x11, 0xb2, 0x94, 0x34, 0x54, 0xe0, 0x1c, 0x03, 0x17, 0x5c, 0xf0,
    0x80, 0x96, 0x18, 0xa7, 0xe5, 0xef, 0x64, 0x41, 0xbe, 0x55, 0x00, 0x24, 0x8e, 0x08, 0x82,
    0x30, 0x9c, 0x54, 0x68, 0xfb, 0x80, 0x81, 0x02, 0xc0, 0xa9, 0x66, 0x12, 0x5e, 0x3c, 0x42,
    0x89, 0xcd, 0x13, 0x4c, 0xdc, 0x69, 0xcc, 0x9f, 0x2e, 0xe0, 0xc1, 0xb6, 0x5f, 0x81, 0x80,
    0xc0, 0xd4, 0x3e, 0x20, 0x90, 0x86, 0x12, 0x51, 0x92, 0x00, 0x41, 0x04, 0x4c, 0x04, 0x98,
    0x34, 0x15, 0x6a, 0x4a, 0x82, 0x80, 0x0f, 0x55, 0x23, 0x10, 0x85, 0x54, 0x15, 0x44, 0x00,
    0x01, 0x5f, 0x7c, 0xae, 0xe4, 0x51, 0x07, 0x63, 0xd6, 0x39, 0xf5, 0xdc, 0x53, 0xa7, 0x91,
    0xa4, 0x00, 0x12, 0x1c, 0x4b, 0x14, 0x93, 0x1b, 0xb4, 0xff, 0x91, 0xa4, 0x17, 0x65, 0xd3,
    0x2d, 0x03, 0xac, 0x07, 0xb4, 0x10, 0x47, 0x1e, 0x58, 0x65, 0xc5, 0x91, 0x98, 0x07, 0xc0,
    0x4a, 0x37, 0xdd, 0x34, 0x68, 0xc1, 0x05, 0xac, 0x70, 0x35, 0x6e, 0x1f, 0x21, 0x83, 0x4c,
    0xf2, 0xf8, 0xd4, 0x83, 0xe7, 0x07, 0x81, 0x1c, 0xfc, 0xa2, 0xc5, 0x06, 0x06, 0x1a, 0xac,
    0xd6, 0xb8, 0xd4, 0x8f, 0x83, 0x50, 0xc1, 0x74, 0x60, 0x81, 0x00, 0x42, 0x58, 0xab, 0x17,
    0x10, 0xc5, 0xe3, 0x51, 0x08, 0x35, 0x01, 0x03, 0x30, 0x7f, 0x86, 0x12, 0x06, 0x1d, 0xac,
    0x76, 0x6c, 0x00, 0x20, 0xc8, 0x20, 0xc3, 0xeb, 0x51, 0x35, 0x5e, 0x67, 0x19, 0xa1, 0xa0,
    0x80, 0xc9, 0x18, 0x80, 0xc1, 0x2a, 0xfc, 0xf0, 0xf6, 0xd1, 0x94, 0x81, 0x11, 0x9e, 0xe9,
    0x3e, 0x1a, 0x7c, 0x63, 0x1a, 0xdf, 0x7c, 0x54, 0x9a, 0x80, 0x82, 0xc2, 0xf7, 0x28, 0x10,
    0xbf, 0x7d, 0x76, 0x2d, 0x78, 0xc7, 0xb6, 0xf5, 0x03, 0x79, 0x64, 0x88, 0x72, 0xd7, 0xe1,
    0xd7, 0x3c, 0x14, 0xe0, 0xa3, 0x90, 0x49, 0xf3, 0x42, 0x69, 0xa7, 0x9f, 0x7a, 0x38, 0xb5,
    0x7d, 0x91, 0x02, 0x0a, 0x14, 0xc4, 0xbf, 0xff, 0x0a, 0xd0, 0x00, 0x47, 0x92, 0xf3, 0xb3,
    0xe8, 0xe0, 0x67, 0x28, 0x51, 0x01, 0x41, 0x19, 0xc8, 0x00, 0x85, 0xa9, 0x20, 0xf0, 0x00,
    0xb7, 0x7b, 0x80, 0x77, 0x20, 0x84, 0xb1, 0xff, 0x11, 0xc4, 0x82, 0x03, 0xc1, 0xe0, 0x05,
    0x33, 0x08, 0x80, 0x05, 0xf4, 0x4f, 0x20, 0xfd, 0xf3, 0x60, 0x06, 0x4d, 0xa3, 0x00, 0xf8,
    0x6c, 0x4c, 0x3e, 0x06, 0x3c, 0x60, 0x18, 0xc2, 0x00, 0xab, 0x36, 0x41, 0x70, 0x03, 0x34,
    0x91, 0x80, 0x77, 0x06, 0x03, 0x80, 0x2e, 0x74, 0xf0, 0x83, 0x00, 0x08, 0x21, 0x0e, 0x75,
    0xc8, 0x41, 0x81, 0x98, 0x26, 0x87, 0x38, 0x04, 0x61, 0x10, 0xff, 0x81, 0x68, 0x10, 0x05,
    0x18, 0xa1, 0x04, 0x2c, 0x80, 0x80, 0x12, 0x95, 0x08, 0xc3, 0x08, 0x6c, 0xe0, 0x89, 0x30,
    0x64, 0x8d, 0x04, 0x65, 0x48, 0x1c, 0x08, 0x29, 0x60, 0x13, 0x00, 0xcc, 0xe2, 0x05, 0x3f,
    0xd8, 0xbf, 0x1f, 0xae, 0x60, 0x55, 0x29, 0xb0, 0x41, 0x0c, 0x60, 0xf0, 0x45, 0x02, 0x84,
    0x71, 0x8c, 0x65, 0x3c, 0xa3, 0x1e, 0xd2, 0x08, 0x80, 0x48, 0xc0, 0x80, 0x13, 0x63, 0xa8,
    0x41, 0x0d, 0x64, 0xa8, 0x1a, 0x09, 0xd8, 0x51, 0x02, 0x45, 0x38, 0x42, 0x21, 0xcc, 0x94,
    0x02, 0x81, 0x28, 0x22, 0x8d, 0x62, 0x24, 0x23, 0x18, 0x03, 0x09, 0x48, 0x34, 0x82, 0xb1,
    0x13, 0x0a, 0x00, 0xc3, 0x0b, 0xb2, 0x70, 0x88, 0x5a, 0x11, 0xc0, 0x01, 0x2e, 0x30, 0x81,
    0x23, 0x21, 0x29, 0xc9, 0x5a, 0x51, 0x72, 0x92, 0x91, 0x9c, 0x24, 0x12, 0x2a, 0xb9, 0x2a,
    0x07, 0x60, 0x01, 0x11, 0x9a, 0xe4, 0xe4, 0x23, 0x33, 0x69, 0x49, 0x52, 0x76, 0xd2, 0x94,
    0x04, 0x10, 0x05, 0x00, 0xc0, 0x10, 0x08, 0x3f, 0xfc, 0xc1, 0x13, 0xb5, 0xfa, 0xc0, 0x00,
    0x06, 0x50, 0xa8, 0x55, 0xc9, 0x92, 0x96, 0xb1, 0x9c, 0x65, 0x2d, 0x09, 0x70, 0xcb, 0x5d,
    0xf6, 0x32, 0x97, 0xb8, 0xb4, 0xa5, 0x2e, 0x81, 0xe9, 0xcb, 0x61, 0x0a, 0x33, 0x98, 0x04,
    0xa8, 0x84, 0x40, 0x60, 0x30, 0xcb, 0x01, 0x38, 0xc0, 0x01, 0x23, 0x68, 0x40, 0x33, 0x9f,
    0x19, 0xcd, 0x69, 0x42, 0x53, 0x9a, 0xb3, 0xa4, 0x26, 0x36, 0x9d, 0x79, 0x4d, 0x6b, 0x56,
    0x33, 0x9b, 0xdd, 0x04, 0xe7, 0x37, 0xb9, 0x39, 0x4e, 0x6d, 0x4e, 0xd3, 0x12, 0x1f, 0xa8,
    0x43, 0x0d, 0x17, 0x60, 0x80, 0x59, 0x36, 0x60, 0x9b, 0xee, 0x84, 0xe7, 0x00, 0xde, 0xd9,
    0xcc, 0x78, 0xd6, 0x73, 0x9e, 0xf2, 0xa4, 0x67, 0x3d, 0xf5, 0xd9, 0x33, 0x4c, 0x7e, 0xda,
    0x73, 0x9f, 0xf9, 0x44, 0x02, 0x16, 0x1a, 0xe1, 0x43, 0x40, 0x64, 0xa1, 0x0f, 0x06, 0x08,
    0x81, 0x01, 0x16, 0xca, 0x50, 0x85, 0x32, 0x74, 0xa1, 0x0e, 0x7d, 0x68, 0x44, 0x1b, 0xfa,
    0x50, 0x88, 0x56, 0x34, 0xa1, 0x17, 0x9d, 0xa8, 0x45, 0x2b, 0xaa, 0xd1, 0x85, 0xc6, 0x40,
    0x20, 0x01, 0x01, 0x00, 0x21, 0xf9, 0x04, 0x09, 0x09, 0x00, 0x00, 0x00, 0x2c, 0x00, 0x00,
    0x00, 0x00, 0x50, 0x00, 0x28, 0x00, 0x87, 0x00, 0x00, 0x00, 0x7b, 0xd3, 0xfb, 0x12, 0x17,
    0x27, 0xfc, 0xfe, 0xfe, 0x2a, 0xa9, 0xea, 0x84, 0xd9, 0xfe, 0x2f, 0xab, 0xea, 0x72, 0xc9,
    0xf3, 0xfc, 0xb4, 0xd4, 0x08, 0x09, 0x18, 0xfd, 0xfe, 0xfe, 0x13, 0x76, 0xae, 0x00, 0x55,
    0xaa, 0x00, 0x00, 0xff, 0x15, 0xa1, 0xe7, 0x06, 0x6b, 0xa5, 0xa9, 0xdc, 0xf5, 0x02, 0x63,
    0x9b, 0x33, 0x93, 0xc7, 0x49, 0xa7, 0xd8, 0x01, 0x5b, 0x92, 0x8b, 0xe3, 0xff, 0x01, 0x63,
    0x9a, 0x00, 0x65, 0x98, 0x00, 0x7f, 0x7f, 0x0b, 0x7b, 0xb8, 0x03, 0x64, 0x9b, 0x24, 0x83,
    0xb8, 0xce, 0xea, 0xf8, 0x73, 0xc6, 0xf1, 0x1b, 0x81, 0xb9, 0x38, 0xb0, 0xec, 0x5a, 0xb8,
    0xe6, 0x73, 0xc5, 0xf0, 0x18, 0x21, 0x32, 0x01, 0x64, 0x9b, 0x2e, 0x8d, 0xc1, 0x49, 0x76,
    0x92, 0x44, 0xb3, 0xec, 0x8f, 0xcc, 0xf3, 0xfc, 0x76, 0x87, 0x00, 0x57, 0x91, 0xb4, 0xc5,
    0xea, 0xf7, 0xfc, 0xfd, 0xfe, 0xff, 0xff, 0x0b, 0x9d, 0xe8, 0x38, 0xaa, 0xff, 0x58, 0xb1,
    0xdd, 0x55, 0xbd, 0xec, 0x00, 0x5b, 0x93, 0x02, 0x64, 0x9b, 0x00, 0xff, 0xff, 0x31, 0x44,
    0x57, 0xaf, 0xdf, 0xff, 0xfe, 0xfe, 0xfe, 0x02, 0x63, 0x9a, 0x06, 0x6d, 0xa4, 0x51, 0x59,
    0x65, 0x11, 0x10, 0x1d, 0x00, 0x57, 0x8f, 0x00, 0x55, 0x8e, 0x4a, 0x49, 0x57, 0x63, 0xa5,
    0xc6, 0xa9, 0xe5, 0xfd, 0xd7, 0xf6, 0xfe, 0xff, 0xc7, 0xe8, 0x00, 0x00, 0x7f, 0x00, 0x4a,
    0x85, 0x12, 0xa3, 0xed, 0x24, 0x24, 0x32, 0x30, 0x97, 0xce, 0x3d, 0xa2, 0xd6, 0x5e, 0x9c,
    0xbf, 0x4b, 0x9d, 0xc8, 0x61, 0xbd, 0xed, 0x94, 0xb9, 0xd1, 0xb0, 0xa8, 0xb6, 0xa2, 0xb9,
    0xd3, 0xa6, 0xdb, 0xf5, 0xd2, 0xbd, 0xe1, 0x00, 0x00, 0x3f, 0x05, 0x36, 0x5b, 0x00, 0x39,
    0x72, 0x00, 0x4d, 0x7f, 0x00, 0x4a, 0x95, 0x0e, 0x58, 0x8f, 0x00, 0x60, 0x97, 0x00, 0x68,
    0xa3, 0x00, 0x67, 0xa1, 0x00, 0x7f, 0xff, 0x11, 0x9e, 0xe5, 0x31, 0x4e, 0x65, 0x39, 0x7f,
    0xb8, 0x27, 0xa8, 0xea, 0x39, 0xb8, 0xf2, 0x44, 0x6e, 0x89, 0x55, 0xaa, 0xff, 0x75, 0x56,
    0x6c, 0x7f, 0x7f, 0xff, 0x79, 0xe1, 0xff, 0xbb, 0xa6, 0xc4, 0xc2, 0xc3, 0xc7, 0xf1, 0xab,
    0xcb, 0x00, 0x2a, 0x55, 0x0a, 0x27, 0x41, 0x0b, 0x3e, 0x61, 0x00, 0x41, 0x73, 0x00, 0x48,
    0x83, 0x00, 0x55, 0x7f, 0x00, 0x55, 0x89, 0x00, 0x5f, 0x95, 0x00, 0x6a, 0xaa, 0x08, 0x6c,
    0xa3, 0x00, 0x66, 0xcc, 0x0e, 0x71, 0x9b, 0x00, 0x98, 0xe7, 0x00, 0xaa, 0xaa, 0x24, 0x48,
    0x91, 0x33, 0x66, 0x99, 0x3b, 0x70, 0x8b, 0x20, 0x7d, 0xb2, 0x27, 0x89, 0xb0, 0x2a, 0x94,
    0xbf, 0x2e, 0xac, 0xea, 0x2b, 0xab, 0xec, 0x2a, 0xa8, 0xeb, 0x3f, 0xbf, 0xbf, 0x4d, 0x3e,
    0x53, 0x50, 0x53, 0x5f, 0x4b, 0x57, 0x66, 0x5e, 0x64, 0x71, 0x55, 0x7f, 0xaa, 0x40, 0x89,
    0xb2, 0x5d, 0x9c, 0xbf, 0x55, 0xaa, 0xaa, 0x43, 0xb1, 0xec, 0x4e, 0xc0, 0xf9, 0x7f, 0x7f,
    0xbf, 0x67, 0x99, 0xb6, 0x7a, 0xae, 0xca, 0x7f, 0xb3, 0xd1, 0x62, 0xc4, 0xff, 0x7f, 0xdf,
    0xff, 0x80, 0x5d, 0x73, 0x83, 0x62, 0x7a, 0x81, 0x83, 0x8c, 0x9a, 0x8a, 0xa7, 0x9a, 0x92,
    0xb2, 0x97, 0xbc, 0xd9, 0xaa, 0x55, 0xaa, 0xaf, 0x7e, 0x99, 0xaa, 0xaa, 0xff, 0xb5, 0xb6,
    0xbb, 0xac, 0xbc, 0xe0, 0xbf, 0xc0, 0xc4, 0xad, 0xdd, 0xf7, 0xae, 0xe0, 0xf7, 0xbb, 0xf9,
    0xff, 0xdb, 0x8e, 0xa6, 0xd5, 0x95, 0xad, 0xc1, 0xa3, 0xc1, 0xd4, 0xe9, 0xff, 0xd0, 0xec,
    0xfa, 0xff, 0x00, 0x00, 0xff, 0x00, 0xff, 0xff, 0x69, 0x77, 0xf4, 0x80, 0x93, 0xe6, 0xe6,
    0xe8, 0xff, 0xff, 0xff, 0xff, 0xff, 0xff, 0x00, 0x00, 0x00, 0x00, 0x00, 0x00, 0x00, 0x00,
    0x00, 0x00, 0x00, 0x00, 0x00, 0x00, 0x00, 0x00, 0x00, 0x00, 0x00, 0x00, 0x00, 0x00, 0x00,
    0x00, 0x00, 0x00, 0x00, 0x00, 0x00, 0x00, 0x00, 0x00, 0x00, 0x00, 0x00, 0x00, 0x00, 0x00,
    0x00, 0x00, 0x00, 0x00, 0x00, 0x00, 0x00, 0x00, 0x00, 0x00, 0x00, 0x00, 0x00, 0x00, 0x00,
    0x00, 0x00, 0x00, 0x00, 0x00, 0x00, 0x00, 0x00, 0x00, 0x00, 0x00, 0x00, 0x00, 0x00, 0x00,
    0x00, 0x00, 0x00, 0x00, 0x00, 0x00, 0x00, 0x00, 0x00, 0x00, 0x00, 0x00, 0x00, 0x00, 0x00,
    0x00, 0x00, 0x00, 0x00, 0x00, 0x00, 0x00, 0x00, 0x00, 0x00, 0x00, 0x00, 0x00, 0x00, 0x00,
    0x00, 0x00, 0x00, 0x00, 0x00, 0x00, 0x00, 0x00, 0x00, 0x00, 0x00, 0x00, 0x00, 0x00, 0x00,
    0x00, 0x00, 0x00, 0x00, 0x00, 0x00, 0x00, 0x00, 0x00, 0x00, 0x00, 0x00, 0x00, 0x00, 0x00,
    0x00, 0x00, 0x00, 0x00, 0x00, 0x00, 0x00, 0x00, 0x00, 0x00, 0x00, 0x00, 0x00, 0x00, 0x00,
    0x00, 0x00, 0x00, 0x00, 0x00, 0x00, 0x00, 0x00, 0x00, 0x00, 0x00, 0x00, 0x00, 0x00, 0x00,
    0x00, 0x00, 0x00, 0x00, 0x00, 0x00, 0x00, 0x00, 0x00, 0x00, 0x00, 0x00, 0x00, 0x00, 0x00,
    0x00, 0x00, 0x00, 0x00, 0x00, 0x00, 0x00, 0x00, 0x00, 0x00, 0x00, 0x00, 0x00, 0x00, 0x00,
    0x00, 0x00, 0x00, 0x00, 0x00, 0x00, 0x00, 0x00, 0x00, 0x00, 0x00, 0x00, 0x00, 0x00, 0x00,
    0x00, 0x00, 0x00, 0x00, 0x00, 0x00, 0x00, 0x00, 0x00, 0x00, 0x00, 0x00, 0x00, 0x00, 0x00,
    0x00, 0x00, 0x00, 0x00, 0x00, 0x00, 0x00, 0x00, 0x00, 0x00, 0x00, 0x00, 0x00, 0x00, 0x00,
    0x00, 0x00, 0x00, 0x00, 0x00, 0x00, 0x00, 0x00, 0x00, 0x00, 0x00, 0x00, 0x00, 0x00, 0x00,
    0x00, 0x00, 0x00, 0x00, 0x00, 0x00, 0x00, 0x00, 0x00, 0x00, 0x08, 0xff, 0x00, 0x01, 0x08,
    0x1c, 0x48, 0xb0, 0xa0, 0xc1, 0x83, 0x08, 0x13, 0x2a, 0x5c, 0xc8, 0xb0, 0xa1, 0x43, 0x86,
    0x0d, 0x32, 0x5c, 0xb8, 0xc0, 0xa0, 0xc1, 0xc3, 0x8b, 0x18, 0x33, 0x1a, 0x64, 0x70, 0x10,
    0x83, 0xc6, 0x8f, 0x20, 0x15, 0x72, 0x04, 0x40, 0x25, 0x85, 0xc9, 0x1d, 0x6c, 0x42, 0xaa,
    0x5c, 0x09, 0xc0, 0xe3, 0x10, 0x0b, 0x0b, 0x24, 0x4c, 0x98, 0xb0, 0x21, 0x02, 0x0f, 0x28,
    0x00, 0x2c, 0xb2, 0xdc, 0xd9, 0x90, 0xe3, 0x90, 0x0d, 0x4a, 0x02, 0x14, 0x18, 0x5a, 0xe0,
    0xc0, 0x04, 0x0b, 0x50, 0x2a, 0xf2, 0x5c, 0x8a, 0x90, 0xe3, 0x1a, 0x0f, 0x43, 0x03, 0x48,
    0x9d, 0x5a, 0x01, 0x44, 0x8c, 0x96, 0x4c, 0xb3, 0x0e, 0x6c, 0xc0, 0xa0, 0xce, 0x0d, 0x25,
    0x05, 0xa6, 0x8a, 0x15, 0x4a, 0x62, 0x07, 0x80, 0x91, 0x5a, 0x79, 0x36, 0x88, 0x93, 0x61,
    0xca, 0x83, 0xb1, 0x63, 0x0b, 0x4c, 0xe0, 0x91, 0x88, 0xa2, 0xce, 0xb4, 0x09, 0xd1, 0x22,
    0x6c, 0x70, 0x81, 0x60, 0x95, 0xb7, 0x70, 0xa7, 0xca, 0xe5, 0x41, 0x30, 0x83, 0xde, 0x83,
    0x0d, 0x3c, 0x2e, 0x3d, 0xbc, 0x35, 0xc3, 0xc0, 0x0c, 0x32, 0x64, 0xc4, 0xa0, 0x00, 0x22,
    0x6c, 0xe0, 0x02, 0x1b, 0x28, 0x8c, 0xb8, 0xa2, 0x41, 0x8f, 0x40, 0xae, 0x78, 0xb7, 0x02,
    0xb8, 0xa0, 0x01, 0x6b, 0x41, 0xc7, 0x00, 0x20, 0xc7, 0x88, 0xf0, 0xe0, 0x81, 0x07, 0x12,
    0x0b, 0xa2, 0x8e, 0xad, 0x30, 0x21, 0xe6, 0x83, 0x05, 0x11, 0x28, 0x5c, 0xc1, 0x21, 0x70,
    0x46, 0x96, 0x82, 0x42, 0x46, 0x97, 0x56, 0x0c, 0x92, 0xeb, 0x85, 0x1b, 0xa5, 0xfb, 0x7e,
    0x16, 0x98, 0x61, 0x04, 0x05, 0xd7, 0x12, 0x40, 0x1c, 0x08, 0x40, 0x7b, 0xc1, 0x0b, 0xa1,
    0x05, 0x2a, 0x14, 0x95, 0xb0, 0x41, 0xe8, 0x01, 0xa3, 0xb0, 0x23, 0x58, 0xff, 0xe0, 0x7d,
    0x76, 0x20, 0x06, 0x0c, 0x52, 0x90, 0x97, 0x57, 0xc9, 0x51, 0xc3, 0x83, 0xe4, 0xe5, 0xb9,
    0xc8, 0xa0, 0xb0, 0x80, 0xc4, 0x84, 0x1f, 0x9d, 0x7e, 0x14, 0x3d, 0x50, 0x75, 0x41, 0x4c,
    0x09, 0xdc, 0x3d, 0x20, 0xc1, 0x50, 0xdf, 0xf1, 0xb7, 0x9d, 0x07, 0xe2, 0x95, 0xf6, 0x9b,
    0x10, 0x1e, 0x61, 0x71, 0xc3, 0x7a, 0x2b, 0x71, 0x74, 0xc3, 0x03, 0x66, 0x51, 0x01, 0x80,
    0x1c, 0x16, 0x08, 0x58, 0x19, 0x10, 0x03, 0x34, 0xd1, 0x83, 0x00, 0x22, 0x88, 0x50, 0x82,
    0x77, 0x00, 0xda, 0x47, 0x9d, 0x0f, 0x34, 0x80, 0x28, 0xe2, 0x01, 0x04, 0xd6, 0x16, 0x01,
    0x6f, 0x52, 0xd0, 0x71, 0x09, 0x4c, 0x56, 0x80, 0xc6, 0x52, 0x45, 0x56, 0xb4, 0x36, 0x04,
    0x00, 0x1a, 0xb0, 0x36, 0x81, 0x50, 0x40, 0x00, 0x91, 0x43, 0x02, 0x09, 0x08, 0x60, 0x64,
    0x91, 0x48, 0x68, 0x47, 0x54, 0x01, 0x5b, 0x10, 0x69, 0xa4, 0x00, 0x48, 0x86, 0x55, 0x14,
    0x82, 0x16, 0x08, 0x14, 0xc3, 0x02, 0x55, 0x32, 0x16, 0x12, 0x47, 0x16, 0x1c, 0xb1, 0x01,
    0x0f, 0x11, 0x78, 0xc0, 0x62, 0x01, 0x1c, 0x0e, 0x79, 0x24, 0x94, 0x46, 0xea, 0xe0, 0xc3,
    0x7e, 0x4c, 0x16, 0xf9, 0xe4, 0x93, 0x6a, 0x16, 0x15, 0xd6, 0x04, 0x0f, 0x58, 0x60, 0xc1,
    0x04, 0x1e, 0xb4, 0x31, 0x8a, 0x96, 0x20, 0x31, 0xa0, 0x80, 0x1a, 0x13, 0x54, 0x90, 0x19,
    0x8b, 0x01, 0x38, 0x31, 0xc0, 0x12, 0x6e, 0x26, 0x90, 0xc3, 0x29, 0x66, 0x26, 0x40, 0x83,
    0x9c, 0x3e, 0xb8, 0x29, 0x80, 0x26, 0x65, 0xa0, 0xe9, 0xa8, 0x65, 0x64, 0x51, 0x56, 0x40,
    0x96, 0x4c, 0x59, 0x74, 0x46, 0x04, 0x2c, 0xe2, 0x11, 0x5b, 0x00, 0x3f, 0x0c, 0x40, 0x83,
    0xa4, 0x03, 0xa4, 0xda, 0x43, 0x91, 0x09, 0x20, 0x11, 0xd6, 0xa9, 0x50, 0x46, 0xff, 0x92,
    0x6a, 0x19, 0x29, 0x42, 0x99, 0x84, 0x9c, 0x2f, 0x44, 0xf0, 0x42, 0x05, 0x47, 0xa4, 0x40,
    0x8a, 0x72, 0x4b, 0x65, 0x50, 0x49, 0x0a, 0x47, 0x84, 0xe5, 0x1f, 0xa9, 0x1c, 0xbc, 0xa9,
    0xe8, 0x00, 0x36, 0xd8, 0x70, 0xe4, 0x17, 0x15, 0x1c, 0xf0, 0xa6, 0x00, 0x98, 0x30, 0xeb,
    0x2c, 0x94, 0xd0, 0x16, 0x00, 0x82, 0xae, 0x45, 0x3d, 0x30, 0x45, 0x03, 0x77, 0xf1, 0xc4,
    0xd1, 0x0e, 0x0b, 0x8c, 0x79, 0x5b, 0x05, 0x1c, 0x88, 0xa0, 0x6c, 0x0f, 0x36, 0x30, 0x71,
    0x64, 0x09, 0xd1, 0xaa, 0xfb, 0x64, 0x02, 0x80, 0xb4, 0xfb, 0x6e, 0x55, 0x14, 0x04, 0x2a,
    0x57, 0x0c, 0x83, 0x10, 0xb7, 0x54, 0x5f, 0x23, 0x3c, 0x70, 0xeb, 0x02, 0x1b, 0x5c, 0xe7,
    0x44, 0x11, 0xd3, 0x4a, 0x0a, 0x25, 0xbc, 0x07, 0xc8, 0x3b, 0xaf, 0xc3, 0x09, 0x30, 0x9c,
    0xc4, 0x03, 0x2f, 0x14, 0xf0, 0x40, 0x04, 0x8e, 0x85, 0xbb, 0x53, 0x5f, 0x32, 0xb4, 0x76,
    0x6c, 0x51, 0x15, 0x94, 0xe0, 0xe4, 0xb4, 0x50, 0x16, 0xf1, 0x5d, 0x00, 0x22, 0x93, 0x7c,
    0xa4, 0x08, 0xd3, 0x51, 0x47, 0x27, 0x6e, 0x11, 0x54, 0x91, 0x53, 0x56, 0x7d, 0xa5, 0x40,
    0xf0, 0x04, 0x98, 0x16, 0x90, 0x09, 0x24, 0x61, 0x20, 0xfc, 0xa6, 0x0e, 0x02, 0xd0, 0x77,
    0xdb, 0x02, 0x51, 0x08, 0x00, 0xf4, 0x9b, 0x7f, 0x3c, 0x22, 0x89, 0x13, 0x82, 0x1d, 0xb0,
    0x41, 0x66, 0x79, 0xcc, 0xdc, 0x69, 0x6a, 0x14, 0x48, 0x50, 0xc1, 0x54, 0x4f, 0x20, 0x80,
    0x40, 0x10, 0x41, 0x20, 0x60, 0xc9, 0x9b, 0x51, 0x6c, 0x30, 0x41, 0x81, 0x2f, 0x48, 0x40,
    0x01, 0x1a, 0x4f, 0xf6, 0x60, 0xc6, 0xd6, 0x5a, 0x23, 0x70, 0x82, 0x54, 0x45, 0x2d, 0x30,
    0x02, 0x5f, 0x69, 0x31, 0x60, 0x84, 0x1b, 0x62, 0x86, 0xa5, 0x42, 0xdb, 0x6d, 0x07, 0xff,
    0x11, 0x06, 0x91, 0x69, 0x0c, 0x48, 0x14, 0x76, 0x20, 0x50, 0xe0, 0xe4, 0xda, 0x7c, 0x6b,
    0x6d, 0x19, 0x9d, 0xa5, 0xf1, 0x19, 0x21, 0x00, 0x70, 0x54, 0xad, 0x77, 0xe2, 0x5a, 0x4f,
    0x72, 0x47, 0x09, 0x2d, 0xb7, 0x2c, 0x58, 0x00, 0x8a, 0x04, 0x22, 0x08, 0xe5, 0x8a, 0x07,
    0x70, 0x40, 0x9d, 0xa6, 0xa5, 0xc5, 0xf1, 0x02, 0x38, 0x17, 0x90, 0x35, 0xdf, 0x4f, 0x64,
    0x77, 0xb5, 0x58, 0x27, 0xbc, 0x2d, 0x58, 0x05, 0x15, 0xec, 0x9d, 0xf8, 0xdb, 0x07, 0xe0,
    0x96, 0x01, 0x06, 0xc1, 0xe1, 0x15, 0xd1, 0x1b, 0x30, 0x49, 0xc0, 0xe2, 0x09, 0x2a, 0x14,
    0x6f, 0x99, 0xe6, 0x01, 0x2c, 0xe1, 0x09, 0x0a, 0xa6, 0x90, 0x81, 0x29, 0xec, 0xc5, 0xbf,
    0xad, 0x2d, 0x6e, 0x1a, 0x60, 0xe0, 0xb8, 0x5a, 0xa9, 0x39, 0x27, 0x66, 0x60, 0xb0, 0xa3,
    0xe0, 0x3d, 0x0a, 0xa5, 0x80, 0xc2, 0xfd, 0x54, 0x46, 0xd5, 0x39, 0x5c, 0x68, 0x04, 0x25,
    0xc6, 0x23, 0x6b, 0x12, 0x28, 0x31, 0x66, 0x60, 0x9f, 0x7c, 0x8f, 0x42, 0x13, 0x97, 0x15,
    0xe5, 0xa2, 0x05, 0x86, 0x40, 0x18, 0x92, 0x02, 0x0a, 0x14, 0xc4, 0xbf, 0xff, 0x0a, 0xb0,
    0xc3, 0x68, 0x9c, 0x73, 0x9b, 0xb1, 0x61, 0x47, 0x36, 0x01, 0x68, 0x02, 0x13, 0xc8, 0x20,
    0xbb, 0x25, 0xed, 0x47, 0x02, 0x17, 0x1b, 0x4f, 0x4b, 0x46, 0xf2, 0x3f, 0x82, 0x54, 0x70,
    0x20, 0x17, 0xb4, 0x20, 0x06, 0x73, 0xd2, 0x3f, 0x81, 0xf4, 0xaf, 0x01, 0x1d, 0x04, 0x00,
    0x18, 0x04, 0xc2, 0x85, 0x14, 0x50, 0x20, 0x02, 0xff, 0x19, 0xdb, 0x74, 0xa2, 0x32, 0x86,
    0x31, 0x10, 0xa5, 0x40, 0x00, 0xf2, 0xc0, 0xc5, 0xb0, 0x40, 0x9e, 0x19, 0x7c, 0x30, 0x84,
    0x37, 0xdc, 0x20, 0x08, 0x37, 0xd8, 0x1b, 0x0f, 0x86, 0xd0, 0x87, 0x00, 0x34, 0x08, 0x25,
    0xff, 0x34, 0xe0, 0x1c, 0x0a, 0x18, 0x91, 0x3e, 0x00, 0x92, 0x00, 0x09, 0x48, 0x50, 0xa2,
    0x05, 0x5c, 0x2c, 0x02, 0x11, 0x88, 0x41, 0x0a, 0x50, 0x93, 0x41, 0x00, 0x54, 0xf1, 0x8a,
    0x1d, 0xec, 0xdf, 0x0c, 0x04, 0xb2, 0x82, 0x54, 0xb1, 0xa0, 0x06, 0x30, 0x70, 0x41, 0x17,
    0x07, 0xf0, 0xc5, 0x30, 0x8e, 0xb1, 0x8c, 0x62, 0x4c, 0x55, 0x2a, 0x00, 0x60, 0x04, 0x23,
    0x2c, 0x82, 0x11, 0x4b, 0x20, 0xc4, 0x11, 0xa1, 0x48, 0xc7, 0x11, 0x8c, 0xa0, 0x10, 0x5e,
    0x04, 0x80, 0x23, 0xbc, 0x70, 0x46, 0x30, 0xa6, 0x91, 0x8c, 0x7e, 0xec, 0xa3, 0x19, 0xbd,
    0x18, 0x0a, 0x05, 0x88, 0x61, 0x06, 0x5d, 0x38, 0x44, 0xaa, 0x52, 0x05, 0x81, 0x16, 0x98,
    0x60, 0x91, 0x03, 0x68, 0xe4, 0x23, 0x17, 0x29, 0x49, 0x48, 0x42, 0x80, 0x08, 0x93, 0x64,
    0xa4, 0x16, 0x32, 0x19, 0x49, 0x22, 0x20, 0xc2, 0x92, 0x8e, 0x04, 0x25, 0x27, 0x2b, 0x49,
    0xc9, 0x50, 0x2e, 0x12, 0x15, 0x00, 0x10, 0x83, 0x17, 0xf8, 0xd0, 0x07, 0x51, 0x2c, 0xb2,
    0x03, 0x04, 0x20, 0x00, 0x07, 0x5e, 0x19, 0xcb, 0x59, 0xa6, 0x0a, 0x96, 0xb2, 0xa4, 0x65,
    0x2e, 0x6f, 0x59, 0xcb, 0x57, 0x3a, 0x60, 0x97, 0x03, 0xc0, 0xa5, 0x2d, 0x83, 0xd9, 0x4b,
    0x5e, 0x02, 0x53, 0x98, 0x8b, 0xdc, 0x84, 0x40, 0x5c, 0x10, 0x4b, 0x02, 0x40, 0x00, 0x02,
    0x21, 0xf8, 0x65, 0x2c, 0x9f, 0x19, 0xcd, 0x66, 0x52, 0x53, 0x9a, 0xce, 0x84, 0x26, 0x36,
    0xaf, 0x69, 0x4d, 0x6d, 0x76, 0xb3, 0x9a, 0xd3, 0xf4, 0x66, 0x38, 0xc1, 0x99, 0x4d, 0x72,
    0x42, 0x80, 0x13, 0x1d, 0x98, 0x83, 0x08, 0x1b, 0x60, 0x80, 0x58, 0x3a, 0x00, 0x9b, 0xee,
    0x84, 0x27, 0x01, 0xde, 0xd9, 0xcc, 0x78, 0xd6, 0x73, 0x9e, 0xf2, 0xa4, 0x67, 0x3d, 0xf5,
    0xd9, 0x33, 0x4c, 0x7e, 0xda, 0x73, 0x9f, 0xf9, 0xd4, 0x02, 0x11, 0x1a, 0xd1, 0x1b, 0x3f,
    0x74, 0x61, 0x0f, 0x06, 0xf8, 0x80, 0x01, 0x16, 0xca, 0x50, 0x85, 0x32, 0x74, 0xa1, 0x0e,
    0x7d, 0x68, 0x44, 0x1b, 0xfa, 0x50, 0x88, 0x56, 0x34, 0xa1, 0x17, 0x9d, 0xa8, 0x45, 0x2b,
    0xaa, 0xd1, 0x85, 0xc2, 0x40, 0x20, 0x01, 0x01, 0x00, 0x21, 0xf9, 0x04, 0x09, 0x09, 0x00,
    0x00, 0x00, 0x2c, 0x00, 0x00, 0x00, 0x00, 0x50, 0x00, 0x28, 0x00, 0x87, 0x00, 0x00, 0x00,
    0x7b, 0xd3, 0xfc, 0x13, 0x17, 0x27, 0xfc, 0xfe, 0xfe, 0x2a, 0xa9, 0xea, 0x84, 0xd9, 0xfd,
    0x2f, 0xab, 0xea, 0x72, 0xc8, 0xf3, 0x06, 0x08, 0x17, 0xfc, 0xb4, 0xd4, 0xfe, 0xff, 0xff,
    0x00, 0x55, 0xaa, 0x02, 0x63, 0x9b, 0x16, 0xa1, 0xe7, 0x05, 0x6b, 0xa5, 0x00, 0x00, 0xff,
    0x13, 0x77, 0xaf, 0x4a, 0xa7, 0xd8, 0x8a, 0xe4, 0xfe, 0xaa, 0xdd, 0xf6, 0x36, 0x95, 0xc8,
    0x00, 0x5b, 0x94, 0x00, 0x66, 0x98, 0x03, 0x65, 0x9b, 0x27, 0x85, 0xb8, 0x08, 0x7c, 0xb8,
    0x5a, 0xb6, 0xe3, 0xcc, 0xe9, 0xf7, 0x01, 0x62, 0x9a, 0x00, 0x7f, 0x7f, 0x71, 0xc6, 0xf0,
    0x8d, 0xcd, 0xf4, 0x00, 0xff, 0xff, 0x38, 0xb0, 0xec, 0x74, 0xc6, 0xf1, 0xfb, 0x77, 0x88,
    0x47, 0x74, 0x91, 0x44, 0xb3, 0xec, 0xfb, 0xfd, 0xfd, 0xfc, 0xfc, 0xfc, 0x1a, 0x22, 0x33,
    0x04, 0x64, 0x9b, 0x55, 0xbd, 0xeb, 0xf9, 0xfd, 0xfe, 0x00, 0x5b, 0x93, 0x0b, 0x9d, 0xe7,
    0x2e, 0x8e, 0xc2, 0x38, 0xaa, 0xff, 0x64, 0xbd, 0xea, 0xb0, 0xde, 0xfc, 0x01, 0x64, 0x9b,
    0x05, 0x6b, 0xa4, 0x54, 0x58, 0x64, 0x6d, 0xa8, 0xc7, 0xd0, 0xf6, 0xfe, 0x00, 0x56, 0x8e,
    0x00, 0x56, 0x90, 0x04, 0x65, 0x9c, 0x07, 0x6a, 0xa3, 0xb7, 0xc4, 0xe9, 0x05, 0x4a, 0x7c,
    0x00, 0x7f, 0xff, 0x1c, 0x81, 0xb9, 0x2c, 0x45, 0x5a, 0x30, 0x4b, 0x63, 0x2b, 0x7b, 0xb7,
    0x20, 0x7c, 0xaf, 0x49, 0x4c, 0x59, 0x42, 0x6c, 0x87, 0x5d, 0x9b, 0xbc, 0x71, 0x7d, 0x89,
    0x73, 0x82, 0x8e, 0x81, 0x83, 0x8b, 0xd4, 0xbe, 0xe0, 0x00, 0x3f, 0x7f, 0x00, 0x44, 0x79,
    0x00, 0x5a, 0x91, 0x09, 0x6c, 0xa6, 0x02, 0x68, 0xa2, 0x12, 0xa4, 0xee, 0xc6, 0xc1, 0xe5,
    0xed, 0xab, 0xc9, 0xff, 0xc8, 0xe9, 0x00, 0x4d, 0x84, 0x04, 0x56, 0x88, 0x00, 0x57, 0x93,
    0x02, 0x67, 0xa0, 0x16, 0x75, 0xa9, 0x1d, 0x89, 0xc5, 0x10, 0x9d, 0xe7, 0x30, 0x85, 0xb6,
    0x24, 0x91, 0xb6, 0x29, 0x93, 0xcc, 0x27, 0xa8, 0xea, 0x3f, 0xbf, 0xbf, 0x46, 0x39, 0x4e,
    0x41, 0x9e, 0xce, 0x7f, 0x7f, 0xff, 0xbb, 0xa6, 0xc4, 0xa1, 0xb9, 0xdb, 0xc1, 0xc2, 0xc6,
    0xc4, 0xed, 0xff, 0xff, 0x00, 0xff, 0xeb, 0xeb, 0xf7, 0x00, 0x00, 0x3f, 0x0b, 0x0f, 0x20,
    0x00, 0x00, 0x7f, 0x0e, 0x10, 0x1f, 0x08, 0x29, 0x46, 0x00, 0x3d, 0x6a, 0x00, 0x3f, 0xbf,
    0x04, 0x49, 0x74, 0x00, 0x48, 0x91, 0x00, 0x4f, 0x89, 0x00, 0x55, 0x7f, 0x00, 0x5e, 0x95,
    0x08, 0x6a, 0xa1, 0x0e, 0x6e, 0xa3, 0x0e, 0x71, 0x9b, 0x1b, 0x77, 0xac, 0x1e, 0x84, 0xb7,
    0x1f, 0x8f, 0xcf, 0x00, 0x98, 0xe7, 0x26, 0x29, 0x3c, 0x3f, 0x3f, 0x3f, 0x3d, 0xa1, 0xd4,
    0x2e, 0xac, 0xea, 0x2b, 0xab, 0xec, 0x2a, 0xa8, 0xeb, 0x3f, 0xbf, 0xff, 0x51, 0x52, 0x5f,
    0x55, 0x97, 0xbb, 0x55, 0xaa, 0xaa, 0x55, 0xaa, 0xff, 0x56, 0xb0, 0xdd, 0x43, 0xb1, 0xec,
    0x4e, 0xc0, 0xf9, 0x72, 0x57, 0x6e, 0x7f, 0x7f, 0x7f, 0x7f, 0xb0, 0xcc, 0x7f, 0xbf, 0xff,
    0x66, 0xcc, 0xcc, 0x62, 0xc4, 0xff, 0x7c, 0xe3, 0xff, 0x94, 0x65, 0x7c, 0x8d, 0x69, 0x82,
    0x82, 0xa8, 0xbe, 0x99, 0xbd, 0xdf, 0x85, 0xcc, 0xef, 0x93, 0xd2, 0xed, 0xae, 0x80, 0x9b,
    0xb5, 0x85, 0xa0, 0xbe, 0xa2, 0xbf, 0xb7, 0xb9, 0xbd, 0xa7, 0xc8, 0xe9, 0xad, 0xdd, 0xf7,
    0xae, 0xe0, 0xf7, 0xbb, 0xe7, 0xf9, 0xda, 0x8e, 0xa5, 0xd6, 0x95, 0xad, 0xc1, 0xa3, 0xc1,
    0xd0, 0xbc, 0xdf, 0xd4, 0xe9, 0xff, 0xd3, 0xea, 0xf6, 0xd0, 0xec, 0xfa, 0xd7, 0xff, 0xff,
    0xff, 0x69, 0x77, 0xff, 0xff, 0x00, 0xff, 0xff, 0xff, 0xff, 0xff, 0xff, 0xff, 0xff, 0xff,
    0x00, 0x00, 0x00, 0x00, 0x00, 0x00, 0x00, 0x00, 0x00, 0x00, 0x00, 0x00, 0x00, 0x00, 0x00,
    0x00, 0x00, 0x00, 0x00, 0x00, 0x00, 0x00, 0x00, 0x00, 0x00, 0x00, 0x00, 0x00, 0x00, 0x00,
    0x00, 0x00, 0x00, 0x00, 0x00, 0x00, 0x00, 0x00, 0x00, 0x00, 0x00, 0x00, 0x00, 0x00, 0x00,
    0x00, 0x00, 0x00, 0x00, 0x00, 0x00, 0x00, 0x00, 0x00, 0x00, 0x00, 0x00, 0x00, 0x00, 0x00,
    0x00, 0x00, 0x00, 0x00, 0x00, 0x00, 0x00, 0x00, 0x00, 0x00, 0x00, 0x00, 0x00, 0x00, 0x00,
    0x00, 0x00, 0x00, 0x00, 0x00, 0x00, 0x00, 0x00, 0x00, 0x00, 0x00, 0x00, 0x00, 0x00, 0x00,
    0x00, 0x00, 0x00, 0x00, 0x00, 0x00, 0x00, 0x00, 0x00, 0x00, 0x00, 0x00, 0x00, 0x00, 0x00,
    0x00, 0x00, 0x00, 0x00, 0x00, 0x00, 0x00, 0x00, 0x00, 0x00, 0x00, 0x00, 0x00, 0x00, 0x00,
    0x00, 0x00, 0x00, 0x00, 0x00, 0x00, 0x00, 0x00, 0x00, 0x00, 0x00, 0x00, 0x00, 0x00, 0x00,
    0x00, 0x00, 0x00, 0x00, 0x00, 0x00, 0x00, 0x00, 0x00, 0x00, 0x00, 0x00, 0x00, 0x00, 0x00,
    0x00, 0x00, 0x00, 0x00, 0x00, 0x00, 0x00, 0x00, 0x00, 0x00, 0x00, 0x00, 0x00, 0x00, 0x00,
    0x00, 0x00, 0x00, 0x00, 0x00, 0x00, 0x00, 0x00, 0x00, 0x00, 0x00, 0x00, 0x00, 0x00, 0x00,
    0x00, 0x00, 0x00, 0x00, 0x00, 0x00, 0x00, 0x00, 0x00, 0x00, 0x00, 0x00, 0x00, 0x00, 0x00,
    0x00, 0x00, 0x00, 0x00, 0x00, 0x00, 0x00, 0x00, 0x00, 0x00, 0x00, 0x00, 0x00, 0x00, 0x00,
    0x00, 0x00, 0x00, 0x00, 0x00, 0x00, 0x00, 0x00, 0x00, 0x00, 0x00, 0x00, 0x00, 0x00, 0x00,
    0x00, 0x00, 0x00, 0x00, 0x00, 0x00, 0x00, 0x00, 0x00, 0x00, 0x00, 0x00, 0x00, 0x00, 0x00,
    0x00, 0x00, 0x00, 0x00, 0x00, 0x00, 0x00, 0x00, 0x00, 0x00, 0x00, 0x00, 0x00, 0x00, 0x00,
    0x08, 0xff, 0x00, 0x01, 0x08, 0x1c, 0x48, 0xb0, 0xa0, 0xc1, 0x83, 0x08, 0x07, 0x3e, 0x58,
    0x98, 0xb0, 0xa1, 0xc3, 0x87, 0x10, 0x23, 0x16, 0x7c, 0x60, 0x81, 0x60, 0x86, 0x05, 0x12,
    0x33, 0x6a, 0xdc, 0x58, 0xb0, 0xc3, 0x40, 0x38, 0x3c, 0x94, 0x70, 0x1c, 0x49, 0xf2, 0x21,
    0x46, 0x1e, 0x71, 0x38, 0x38, 0x60, 0xc0, 0xa0, 0xca, 0x0d, 0x00, 0x1d, 0x1e, 0x94, 0x9c,
    0x49, 0x12, 0xe3, 0x14, 0x08, 0x14, 0x34, 0x04, 0x38, 0x70, 0x20, 0x02, 0x06, 0x16, 0x68,
    0x00, 0xc8, 0xa4, 0x49, 0x34, 0x22, 0xc6, 0x1b, 0x18, 0x02, 0x14, 0x28, 0x10, 0xa0, 0xe9,
    0x52, 0x0d, 0x1c, 0x78, 0xc4, 0x2c, 0x4a, 0x35, 0xa1, 0x4c, 0x26, 0x0e, 0x94, 0x36, 0xdd,
    0xda, 0x54, 0x42, 0x84, 0x2a, 0x00, 0x2a, 0x56, 0x1d, 0x4b, 0x50, 0x8e, 0x19, 0x1c, 0x7d,
    0x98, 0x72, 0xe5, 0x7a, 0xc0, 0x01, 0x0f, 0x10, 0x43, 0xc9, 0x16, 0xa5, 0x38, 0x10, 0x47,
    0x04, 0xb5, 0x6b, 0xb7, 0x3a, 0x18, 0x78, 0x31, 0xae, 0x5c, 0x84, 0x7e, 0x0d, 0x62, 0x1c,
    0x98, 0x47, 0x0b, 0x0b, 0x0a, 0x78, 0xf3, 0xb6, 0xbd, 0xb0, 0x25, 0xc8, 0xc0, 0xa9, 0x09,
    0x41, 0x50, 0xb5, 0x80, 0x51, 0xb2, 0x60, 0xcb, 0x19, 0x64, 0xb0, 0xa8, 0x50, 0x61, 0xe5,
    0x81, 0xc4, 0x5b, 0x25, 0x50, 0x60, 0xc9, 0xd9, 0xc9, 0x85, 0x0c, 0x02, 0x33, 0x04, 0x16,
    0x88, 0x51, 0xec, 0xcc, 0x0e, 0x4c, 0x64, 0x58, 0x00, 0xe1, 0x66, 0xa2, 0xc0, 0x19, 0x3a,
    0x18, 0x38, 0xc0, 0x49, 0xa1, 0x27, 0x86, 0xcf, 0x6a, 0x97, 0x16, 0xf0, 0xd9, 0xd3, 0x85,
    0x0b, 0x08, 0x0c, 0x2a, 0xa4, 0x40, 0x0d, 0xa0, 0x47, 0xc1, 0x8a, 0x17, 0x2e, 0xc0, 0x9c,
    0x89, 0xf1, 0x42, 0x0e, 0x3e, 0x00, 0x06, 0x2f, 0xf0, 0x38, 0x83, 0x83, 0x6e, 0x0a, 0x30,
    0x02, 0x48, 0xff, 0x18, 0xef, 0xd5, 0x01, 0x06, 0x43, 0x3b, 0x0f, 0x50, 0x10, 0x22, 0xa4,
    0x00, 0xf9, 0x02, 0x3d, 0x21, 0x38, 0x50, 0x5e, 0x51, 0xec, 0x03, 0x8f, 0xd6, 0x29, 0x13,
    0xc5, 0x98, 0x43, 0xc7, 0xcb, 0x8b, 0x00, 0x10, 0xe2, 0x1d, 0x04, 0x11, 0x7c, 0x60, 0xc3,
    0x00, 0x1b, 0x1c, 0x41, 0x02, 0x11, 0x45, 0x48, 0x10, 0x00, 0x05, 0x18, 0xec, 0x06, 0x01,
    0x06, 0x11, 0x48, 0x70, 0x00, 0x09, 0x0b, 0x36, 0x68, 0x21, 0x0c, 0x14, 0xac, 0x24, 0x9d,
    0x1a, 0x18, 0x79, 0x81, 0x83, 0x03, 0xd2, 0x0d, 0x46, 0x9d, 0x19, 0x54, 0x60, 0xe1, 0xc0,
    0x4b, 0x00, 0x5c, 0xa0, 0x52, 0x04, 0x9f, 0x0d, 0x60, 0x83, 0x11, 0x28, 0x20, 0x60, 0x23,
    0x02, 0x3f, 0xd4, 0xe0, 0x20, 0x4f, 0x07, 0x48, 0x50, 0x00, 0x09, 0x35, 0xde, 0x98, 0xa3,
    0x83, 0x3b, 0xf9, 0x50, 0x81, 0x15, 0xa8, 0x35, 0xc2, 0x02, 0x16, 0x3a, 0x64, 0x47, 0x15,
    0x46, 0x77, 0x68, 0xc0, 0xc0, 0x0d, 0x33, 0x30, 0x00, 0x81, 0x4e, 0x05, 0xd8, 0x60, 0x03,
    0x0d, 0x08, 0x08, 0x20, 0x80, 0x8d, 0x5f, 0xae, 0x51, 0x44, 0x70, 0x01, 0x00, 0xd1, 0xe5,
    0x97, 0x5e, 0x76, 0x39, 0xa6, 0x52, 0xea, 0x39, 0xc0, 0x01, 0x1e, 0x87, 0x45, 0x40, 0xc5,
    0x29, 0x26, 0xd2, 0x84, 0xd1, 0x12, 0x11, 0xc0, 0x50, 0x01, 0x03, 0xbf, 0x31, 0xd5, 0xc9,
    0x00, 0x46, 0x9c, 0x89, 0x00, 0x0d, 0x5c, 0x7a, 0x29, 0xc0, 0x01, 0x3b, 0x49, 0x40, 0xc2,
    0x99, 0x02, 0x18, 0x81, 0xa6, 0x97, 0x88, 0x6e, 0x15, 0xc1, 0x7c, 0x49, 0xd5, 0xe1, 0x64,
    0x55, 0xfc, 0x05, 0xa0, 0x41, 0x05, 0x77, 0x29, 0x65, 0xc3, 0x06, 0x28, 0xa4, 0x49, 0xc3,
    0x00, 0x03, 0x08, 0xd2, 0x25, 0x02, 0x24, 0xec, 0x18, 0xaa, 0x97, 0x64, 0x0c, 0x90, 0x89,
    0x00, 0x69, 0x7c, 0xff, 0x99, 0xaa, 0x53, 0x6d, 0x09, 0xe1, 0xd5, 0x12, 0x0a, 0xd4, 0xb9,
    0x9f, 0x02, 0x4b, 0x50, 0x20, 0x81, 0x06, 0x42, 0x40, 0xb0, 0xd4, 0x00, 0x47, 0x08, 0x3a,
    0xea, 0x09, 0x27, 0x0c, 0xd1, 0x25, 0x0a, 0x3d, 0x2e, 0x6a, 0x68, 0xab, 0xc8, 0x2a, 0x2b,
    0x00, 0xb3, 0x4a, 0x45, 0xc0, 0x00, 0x62, 0x01, 0x34, 0xa9, 0x6b, 0x51, 0x1e, 0xe9, 0x00,
    0x1c, 0x06, 0x10, 0x1c, 0x40, 0x2c, 0xa3, 0x83, 0x22, 0x8b, 0xc4, 0xb2, 0xcd, 0x32, 0x2a,
    0x00, 0x12, 0xe6, 0xa2, 0x3b, 0x1c, 0x03, 0x1a, 0x2c, 0x15, 0xc1, 0x14, 0x0a, 0x88, 0x34,
    0x96, 0x4c, 0x41, 0x54, 0x00, 0x06, 0x53, 0xa3, 0x69, 0x30, 0xa3, 0xba, 0x08, 0x0c, 0x81,
    0x84, 0xa1, 0x87, 0x4a, 0x40, 0x04, 0xc0, 0x43, 0x1c, 0x41, 0xf0, 0x67, 0xe0, 0xc2, 0x00,
    0x1f, 0x04, 0x32, 0x00, 0xc0, 0x5c, 0x55, 0x32, 0x35, 0xa1, 0xdb, 0x01, 0x10, 0x40, 0xe0,
    0x94, 0x24, 0xea, 0x7e, 0x29, 0xe8, 0x0f, 0xe3, 0xd5, 0xd0, 0x31, 0x98, 0x5f, 0xfe, 0xc0,
    0xd4, 0x70, 0x15, 0x68, 0x00, 0x06, 0x03, 0x29, 0x84, 0x45, 0x96, 0x4c, 0x19, 0x58, 0x89,
    0x93, 0x56, 0x4a, 0x01, 0x91, 0x26, 0xc1, 0x86, 0x62, 0x40, 0x81, 0x0b, 0x14, 0x98, 0x89,
    0xf3, 0xa3, 0x35, 0x3c, 0xe2, 0x14, 0x0c, 0x19, 0x43, 0xd0, 0xb2, 0x6b, 0x98, 0x6e, 0xc1,
    0xc2, 0x95, 0x44, 0x06, 0xb0, 0x43, 0x12, 0x09, 0x24, 0x70, 0x49, 0x22, 0x38, 0xb3, 0xc1,
    0x27, 0x05, 0x58, 0x43, 0xf0, 0x06, 0xc1, 0x08, 0x7c, 0x11, 0x49, 0x14, 0x51, 0x24, 0xb0,
    0xc3, 0x07, 0x4e, 0x3d, 0x48, 0xe2, 0xa5, 0x63, 0x55, 0x24, 0x83, 0x03, 0x91, 0x06, 0x00,
    0x45, 0xd4, 0x70, 0x4b, 0x61, 0x49, 0x9a, 0x6d, 0xfc, 0x26, 0xde, 0x52, 0x9a, 0x56, 0x60,
    0xe8, 0x17, 0x09, 0x48, 0xff, 0x01, 0x77, 0xd4, 0x64, 0x7f, 0x46, 0x41, 0x05, 0x8c, 0x08,
    0x25, 0x57, 0xc5, 0x0c, 0xf8, 0xd0, 0xd4, 0x07, 0x7f, 0xff, 0xbd, 0x87, 0x00, 0x40, 0x44,
    0xa0, 0x15, 0x4f, 0x4e, 0x69, 0x40, 0xc4, 0x97, 0x90, 0x48, 0x11, 0xf6, 0xdf, 0x50, 0x54,
    0xeb, 0x40, 0x0a, 0x1d, 0x20, 0x3d, 0x56, 0x75, 0x0c, 0x48, 0x1e, 0x00, 0xd4, 0x8d, 0x87,
    0x42, 0x39, 0x68, 0x5b, 0xb9, 0x47, 0x49, 0x25, 0x9a, 0x34, 0x0e, 0xf8, 0x4e, 0x10, 0xcc,
    0xd1, 0xd7, 0x5f, 0xac, 0x01, 0xf0, 0xa2, 0x52, 0x4f, 0x47, 0x9d, 0xc4, 0x0e, 0x79, 0x05,
    0xf0, 0x81, 0x18, 0x98, 0x8c, 0xb1, 0x16, 0x53, 0x1f, 0xbc, 0x1d, 0xf5, 0xd8, 0xb4, 0x33,
    0x40, 0x07, 0xda, 0x7f, 0x3d, 0xa0, 0x84, 0x05, 0xde, 0xd9, 0xad, 0x14, 0xeb, 0x4d, 0x8d,
    0x31, 0xc2, 0xf6, 0x23, 0x7c, 0x12, 0xbc, 0x52, 0x1f, 0xa8, 0x35, 0x29, 0x03, 0x25, 0xe2,
    0x4e, 0xd0, 0x7d, 0x00, 0x54, 0x49, 0xe0, 0x67, 0xdf, 0x07, 0x00, 0x8a, 0x29, 0xdc, 0x8f,
    0x40, 0x76, 0xf0, 0x4c, 0x71, 0xe8, 0xa6, 0x1d, 0xcd, 0x99, 0x6f, 0x90, 0x73, 0x2e, 0x26,
    0xde, 0x9b, 0x70, 0x89, 0x19, 0xde, 0xf6, 0x3c, 0x31, 0x89, 0xe3, 0x69, 0x25, 0x02, 0xc7,
    0xa9, 0x80, 0x0c, 0x1c, 0xb3, 0x2d, 0x8e, 0x28, 0x40, 0x01, 0x05, 0x79, 0x60, 0x04, 0x15,
    0x00, 0x82, 0xc1, 0x74, 0xc7, 0x4a, 0x2e, 0x80, 0x11, 0x70, 0xf0, 0x76, 0x3d, 0xa7, 0x08,
    0x87, 0x27, 0x1c, 0xf2, 0xc1, 0x7c, 0x52, 0xe0, 0x18, 0xc3, 0x01, 0x40, 0x82, 0x04, 0x41,
    0xe1, 0x40, 0x54, 0x98, 0xc2, 0x15, 0x0a, 0x05, 0x82, 0x02, 0x81, 0xe0, 0x03, 0x60, 0x78,
    0xc2, 0x05, 0x38, 0xa7, 0x45, 0x4e, 0xd8, 0x53, 0xc6, 0x8c, 0xd3, 0x1b, 0x1e, 0xf9, 0x30,
    0x02, 0x59, 0x73, 0xc0, 0x4a, 0xff, 0x58, 0x20, 0x03, 0x2d, 0xa4, 0x46, 0x11, 0x2f, 0x74,
    0xe1, 0x0c, 0x95, 0x48, 0x43, 0x1a, 0x5a, 0x86, 0x85, 0x27, 0xa4, 0x61, 0x0c, 0xa5, 0x08,
    0x80, 0x33, 0x40, 0x90, 0x09, 0x17, 0xb0, 0x02, 0x0e, 0x48, 0x23, 0xc4, 0x95, 0x70, 0xa6,
    0x33, 0xc9, 0xa9, 0x40, 0x0e, 0xae, 0x80, 0x83, 0x26, 0x0c, 0x24, 0x06, 0x67, 0x98, 0xa0,
    0x1a, 0x53, 0x08, 0x43, 0x08, 0x5a, 0x66, 0x05, 0xa4, 0x32, 0x41, 0x0c, 0x54, 0xf0, 0x02,
    0x38, 0x0e, 0x40, 0x8e, 0x74, 0xb4, 0x23, 0x1e, 0xeb, 0x18, 0xc7, 0x52, 0x08, 0x04, 0x15,
    0x71, 0x4c, 0x81, 0x13, 0x52, 0x30, 0x88, 0x45, 0xd4, 0xa0, 0x06, 0x57, 0x98, 0x01, 0x17,
    0x46, 0x31, 0x80, 0x13, 0xa8, 0x42, 0x01, 0x2a, 0xe0, 0x82, 0x1e, 0xe7, 0xc8, 0xc7, 0x3b,
    0x52, 0x72, 0x92, 0x79, 0x8c, 0xa3, 0x28, 0x14, 0x10, 0x06, 0x10, 0x74, 0xe1, 0x10, 0xa4,
    0x22, 0xd5, 0x04, 0x5a, 0x50, 0x82, 0x50, 0x0e, 0x60, 0x94, 0xa5, 0x0c, 0x25, 0x2a, 0x4d,
    0x39, 0x81, 0x2c, 0xa4, 0x92, 0x54, 0x65, 0x78, 0x02, 0x22, 0x4c, 0x19, 0xcb, 0x57, 0x9e,
    0x92, 0x94, 0xac, 0xc4, 0xa5, 0x2a, 0x75, 0x29, 0x4a, 0x5e, 0x0e, 0x20, 0x15, 0x00, 0x08,
    0x43, 0x20, 0xfe, 0x00, 0x08, 0x52, 0x84, 0xd2, 0x03, 0x04, 0x20, 0xc0, 0x06, 0x8e, 0x99,
    0xcc, 0x65, 0x92, 0x0a, 0x99, 0xca, 0x64, 0x66, 0x34, 0x9f, 0xd9, 0x80, 0x69, 0x0e, 0xc0,
    0x03, 0xd5, 0x74, 0xe6, 0x35, 0x9b, 0x29, 0x4d, 0x6d, 0x42, 0xd3, 0x9b, 0xdc, 0x24, 0xd5,
    0x26, 0x04, 0xf2, 0x82, 0x64, 0x12, 0x60, 0x02, 0x13, 0x10, 0x41, 0x35, 0x93, 0x89, 0x4e,
    0x75, 0x9a, 0xb3, 0x9d, 0xeb, 0x3c, 0x67, 0x3a, 0xe3, 0x09, 0xcf, 0x77, 0xce, 0xd3, 0x9e,
    0xee, 0x64, 0xe7, 0x3d, 0xf5, 0x99, 0x58, 0x4f, 0x79, 0xf6, 0x73, 0x02, 0x9c, 0xf0, 0x80,
    0x1e, 0x00, 0x50, 0x88, 0x07, 0x18, 0x20, 0x99, 0x0d, 0x88, 0x27, 0x42, 0x15, 0x4a, 0x80,
    0x84, 0x9a, 0x73, 0xa1, 0x0f, 0x6d, 0x28, 0x43, 0x1d, 0xfa, 0x50, 0x8a, 0x9a, 0xd3, 0xa2,
    0x10, 0xad, 0xe8, 0x44, 0xb3, 0xf0, 0x04, 0x47, 0x08, 0x04, 0x04, 0x5e, 0xe8, 0x82, 0x1f,
    0x0c, 0x10, 0x02, 0x03, 0x98, 0xf4, 0xa4, 0x25, 0x3d, 0xa9, 0x49, 0x53, 0xaa, 0x52, 0x96,
    0xa2, 0x54, 0xa5, 0x2b, 0x85, 0x29, 0x49, 0x65, 0xea, 0xd2, 0x98, 0xc2, 0xb4, 0xa6, 0x26,
    0x55, 0x81, 0x40, 0x02, 0x02, 0x00, 0x3b,
};

const lv_img_dsc_t water_baby_blue = {
  .header.w = 80,
  .header.h = 40,
  .data_size = 19297,
  .data = water_baby_blue_map,
};
