/**
 * @file water_baby_yellow.c
 * @brief Embedded GIF — cute water baby (yellow)
 * @note Generated by tools/gen_water_baby_assets.py
 * @copyright Copyright (c) Tuya Inc.
 */
#ifdef __has_include
    #if __has_include("lvgl.h")
        #ifndef LV_LVGL_H_INCLUDE_SIMPLE
            #define LV_LVGL_H_INCLUDE_SIMPLE
        #endif
    #endif
#endif

#if defined(LV_LVGL_H_INCLUDE_SIMPLE)
    #include "lvgl.h"
#else
    #include "lvgl/lvgl.h"
#endif

#ifndef LV_ATTRIBUTE_MEM_ALIGN
#define LV_ATTRIBUTE_MEM_ALIGN
#endif

#ifndef LV_ATTRIBUTE_IMG_WATER_BABY_YELLOW
#define LV_ATTRIBUTE_IMG_WATER_BABY_YELLOW
#endif

const LV_ATTRIBUTE_MEM_ALIGN LV_ATTRIBUTE_LARGE_CONST LV_ATTRIBUTE_IMG_WATER_BABY_YELLOW uint8_t water_baby_yellow_map[] = {
    0x47, 0x49, 0x46, 0x38, 0x39, 0x61, 0x50, 0x00, 0x28, 0x00, 0x87, 0x00, 0x00, 0x00, 0x00,
    0x00, 0xfe, 0xe4, 0x68, 0xfb, 0xdb, 0x64, 0x13, 0x17, 0x27, 0xfe, 0xfe, 0xfd, 0xff, 0xbd,
    0x49, 0xfe, 0xb5, 0x32, 0xb0, 0x76, 0x07, 0xff, 0xff, 0xff, 0xfe, 0xa8, 0x63, 0xfe, 0xbc,
    0x46, 0xa9, 0x55, 0x00, 0xa4, 0x6b, 0x02, 0xff, 0x00, 0x00, 0xfe, 0xbd, 0x49, 0xfb, 0xd6,
    0x56, 0xf2, 0xc8, 0x4d, 0x03, 0x06, 0x19, 0x03, 0x09, 0x22, 0xfe, 0xe5, 0xb7, 0xd4, 0xa7,
    0x31, 0xfd, 0xd5, 0x8a, 0xfe, 0xf3, 0x70, 0xb8, 0x85, 0x17, 0xca, 0x99, 0x26, 0xa3, 0x6b,
    0x02, 0xb7, 0x7b, 0x06, 0xe4, 0xb4, 0x36, 0x99, 0x66, 0x00, 0x9c, 0x64, 0x00, 0xc3, 0x89,
    0x11, 0xd0, 0x99, 0x1d, 0xff, 0xbc, 0x5d, 0xab, 0x73, 0x07, 0x87, 0x7a, 0x45, 0xa4, 0x6d,
    0x04, 0xff, 0xb9, 0x3a, 0xff, 0xff, 0x00, 0xff, 0xf0, 0xd8, 0xfe, 0xc4, 0x5b, 0xfe, 0xfd,
    0xfb, 0xfc, 0xfc, 0xfc, 0x22, 0x24, 0x2a, 0x7f, 0x7f, 0x00, 0xe9, 0xb8, 0x49, 0xff, 0xfe,
    0xf9, 0xaa, 0x72, 0x09, 0xfe, 0xc5, 0x64, 0xfc, 0xde, 0xbd, 0xfe, 0xe7, 0xc2, 0xfd, 0xfb,
    0xd6, 0x4f, 0x4a, 0x35, 0xff, 0x7f, 0x00, 0xff, 0x84, 0x46, 0xfe, 0xba, 0x63, 0x57, 0x5a,
    0x65, 0x93, 0x59, 0x00, 0xa2, 0x6b, 0x03, 0xa2, 0x6a, 0x03, 0xac, 0x74, 0x08, 0xff, 0x79,
    0x43, 0xff, 0xb7, 0x68, 0x49, 0x4c, 0x59, 0x81, 0x83, 0x8b, 0xa9, 0x71, 0x05, 0xb9, 0x8d,
    0x26, 0xb8, 0xa4, 0x53, 0xcc, 0x94, 0x2a, 0xcf, 0xb4, 0x4e, 0x8f, 0x5a, 0x04, 0x95, 0x5a,
    0x00, 0x85, 0x83, 0x77, 0xa4, 0x6e, 0x08, 0xa9, 0x73, 0x09, 0xcb, 0x8c, 0x15, 0xe3, 0xad,
    0x2b, 0xff, 0xaa, 0x55, 0xff, 0xa9, 0x53, 0xff, 0xc1, 0x51, 0x48, 0x37, 0x33, 0x59, 0x50,
    0x38, 0x50, 0x51, 0x57, 0x7f, 0x00, 0x00, 0x7f, 0x3f, 0x00, 0x7f, 0x4b, 0x00, 0x7f, 0x72,
    0x42, 0x8b, 0x48, 0x00, 0x83, 0x4a, 0x00, 0x8d, 0x52, 0x00, 0x9c, 0x68, 0x00, 0x9d, 0x64,
    0x00, 0x9b, 0x62, 0x00, 0x80, 0x7e, 0x75, 0xa3, 0x6d, 0x09, 0xb2, 0x7a, 0x50, 0xbb, 0x87,
    0x15, 0xb9, 0x90, 0x28, 0xd5, 0x9c, 0x0f, 0xda, 0xb2, 0x3a, 0xcf, 0xb3, 0x7d, 0xc1, 0xc2,
    0xc6, 0xff, 0x00, 0xff, 0xff, 0x7f, 0x7f, 0xfd, 0xae, 0x24, 0xff, 0xbf, 0x3f, 0xff, 0xb9,
    0x28, 0xff, 0xc8, 0x6d, 0xec, 0xe6, 0xc2, 0xf7, 0xeb, 0xeb, 0xff, 0xfb, 0xb2, 0xff, 0xf6,
    0xd5, 0x00, 0x00, 0xff, 0x1f, 0x23, 0x31, 0x3f, 0x00, 0x00, 0x28, 0x1e, 0x18, 0x3c, 0x2d,
    0x18, 0x3f, 0x3f, 0x3f, 0x6c, 0x43, 0x04, 0x76, 0x50, 0x0c, 0x72, 0x53, 0x3f, 0x7d, 0x6f,
    0x45, 0x7f, 0x7f, 0x7f, 0x78, 0x7a, 0x7c, 0x7c, 0x7e, 0x88, 0x7f, 0x81, 0x8a, 0x99, 0x5f,
    0x00, 0x99, 0x5e, 0x00, 0x89, 0x5d, 0x49, 0x9f, 0x67, 0x01, 0x8d, 0x62, 0x46, 0xbf, 0x3f,
    0x00, 0xaa, 0x77, 0x08, 0xaf, 0x7d, 0x20, 0xb7, 0x80, 0x18, 0xb4, 0x82, 0x18, 0xb8, 0xad,
    0x7e, 0xbf, 0xbf, 0x3f, 0xbf, 0xb0, 0x56, 0xb7, 0xb9, 0xbd, 0xc2, 0x9d, 0x58, 0xc5, 0xad,
    0x56, 0xd0, 0xb5, 0x82, 0xe6, 0x9a, 0x5d, 0xff, 0x98, 0x4d, 0xff, 0xad, 0x17, 0xe6, 0xaa,
    0x30, 0xf2, 0xa3, 0x5f, 0xff, 0xbf, 0x37, 0xff, 0xbc, 0x48, 0xff, 0xbe, 0x46, 0xff, 0xc3,
    0x5b, 0xff, 0xc5, 0x60, 0xf5, 0xcd, 0x72, 0xff, 0xd0, 0x5c, 0xff, 0xd4, 0x6a, 0xff, 0xd1,
    0x6c, 0xf2, 0xd7, 0x72, 0xff, 0xd3, 0x84, 0xff, 0xe1, 0x5f, 0xff, 0xe7, 0x80, 0xff, 0xe8,
    0xbb, 0xf9, 0xec, 0xb1, 0xf9, 0xed, 0xd0, 0xff, 0xff, 0x3f, 0xff, 0xff, 0xff, 0xff, 0xff,
    0xff, 0xff, 0xff, 0xff, 0x00, 0x00, 0x00, 0x00, 0x00, 0x00, 0x00, 0x00, 0x00, 0x00, 0x00,
    0x00, 0x00, 0x00, 0x00, 0x00, 0x00, 0x00, 0x00, 0x00, 0x00, 0x00, 0x00, 0x00, 0x00, 0x00,
    0x00, 0x00, 0x00, 0x00, 0x00, 0x00, 0x00, 0x00, 0x00, 0x00, 0x00, 0x00, 0x00, 0x00, 0x00,
    0x00, 0x00, 0x00, 0x00, 0x00, 0x00, 0x00, 0x00, 0x00, 0x00, 0x00, 0x00, 0x00, 0x00, 0x00,
    0x00, 0x00, 0x00, 0x00, 0x00, 0x00, 0x00, 0x00, 0x00, 0x00, 0x00, 0x00, 0x00, 0x00, 0x00,
    0x00, 0x00, 0x00, 0x00, 0x00, 0x00, 0x00, 0x00, 0x00, 0x00, 0x00, 0x00, 0x00, 0x00, 0x00,
    0x00, 0x00, 0x00, 0x00, 0x00, 0x00, 0x00, 0x00, 0x00, 0x00, 0x00, 0x00, 0x00, 0x00, 0x00,
    0x00, 0x00, 0x00, 0x00, 0x00, 0x00, 0x00, 0x00, 0x00, 0x00, 0x00, 0x00, 0x00, 0x00, 0x00,
    0x00, 0x00, 0x00, 0x00, 0x00, 0x00, 0x00, 0x00, 0x00, 0x00, 0x00, 0x00, 0x00, 0x00, 0x00,
    0x00, 0x00, 0x00, 0x00, 0x00, 0x00, 0x00, 0x00, 0x00, 0x00, 0x00, 0x00, 0x00, 0x00, 0x00,
    0x00, 0x00, 0x00, 0x00, 0x00, 0x00, 0x00, 0x00, 0x00, 0x00, 0x00, 0x00, 0x00, 0x00, 0x00,
    0x00, 0x00, 0x00, 0x00, 0x00, 0x00, 0x00, 0x00, 0x00, 0x00, 0x00, 0x00, 0x00, 0x00, 0x00,
    0x00, 0x00, 0x00, 0x00, 0x00, 0x00, 0x00, 0x00, 0x00, 0x00, 0x00, 0x00, 0x00, 0x00, 0x00,
    0x00, 0x00, 0x00, 0x00, 0x00, 0x00, 0x00, 0x00, 0x00, 0x00, 0x00, 0x00, 0x00, 0x00, 0x00,
    0x00, 0x00, 0x00, 0x00, 0x00, 0x00, 0x00, 0x00, 0x00, 0x00, 0x00, 0x00, 0x00, 0x00, 0x00,
    0x00, 0x00, 0x00, 0x00, 0x00, 0x00, 0x00, 0x00, 0x00, 0x00, 0x00, 0x00, 0x00, 0x00, 0x00,
    0x00, 0x00, 0x00, 0x00, 0x00, 0x00, 0x00, 0x00, 0x00, 0x00, 0x00, 0x00, 0x00, 0x00, 0x00,
    0x00, 0x00, 0x00, 0x00, 0x00, 0x00, 0x00, 0x00, 0x00, 0x00, 0x00, 0x00, 0x00, 0x00, 0x00,
    0x00, 0x21, 0xff, 0x0b, 0x4e, 0x45, 0x54, 0x53, 0x43, 0x41, 0x50, 0x45, 0x32, 0x2e, 0x30,
    0x03, 0x01, 0x00, 0x00, 0x00, 0x21, 0xf9, 0x04, 0x09, 0x09, 0x00, 0x00, 0x00, 0x2c, 0x00,
    0x00, 0x00, 0x00, 0x50, 0x00, 0x28, 0x00, 0x00, 0x08, 0xff, 0x00, 0x01, 0x08, 0x1c, 0x48,
    0xb0, 0xa0, 0xc1, 0x83, 0x08, 0x07, 0x36, 0x58, 0x98, 0xb0, 0xa1, 0xc3, 0x87, 0x10, 0x23,
    0x16, 0x6c, 0xc0, 0x81, 0xa0, 0x86, 0x05, 0x12, 0x33, 0x6a, 0xdc, 0x58, 0x90, 0xc6, 0xc0,
    0x05, 0x54, 0xb0, 0x70, 0x1c, 0x49, 0xf2, 0x21, 0x46, 0x2b, 0x46, 0x32, 0x1c, 0x58, 0xa9,
    0x03, 0x07, 0x80, 0x15, 0x25, 0x4a, 0xca, 0x24, 0x89, 0x11, 0xc7, 0x01, 0x0a, 0x10, 0x04,
    0x08, 0x78, 0xb0, 0x01, 0x43, 0x86, 0x38, 0x00, 0x1a, 0xcc, 0x1c, 0x2a, 0xb1, 0x26, 0x06,
    0x01, 0x01, 0x92, 0x2a, 0x0d, 0x00, 0x21, 0x83, 0x95, 0x15, 0x42, 0x89, 0x4a, 0x45, 0x28,
    0x14, 0xcb, 0x81, 0xa4, 0x3a, 0x95, 0xea, 0xb4, 0xb0, 0xa1, 0x0f, 0x80, 0x8a, 0x53, 0xc3,
    0x12, 0x5c, 0x50, 0xc6, 0x08, 0x85, 0x00, 0x48, 0x97, 0x2a, 0x7d, 0x70, 0x80, 0x4a, 0x89,
    0xa8, 0x62, 0x89, 0x52, 0x1c, 0x68, 0x64, 0x03, 0x5a, 0xb5, 0x5a, 0x0f, 0x0c, 0xbc, 0x08,
    0x37, 0x2e, 0xd5, 0x86, 0x18, 0x07, 0x86, 0x19, 0xb2, 0xe5, 0x6c, 0x5a, 0xbc, 0x02, 0x0e,
    0x8c, 0x18, 0xf2, 0x65, 0x20, 0xd4, 0x86, 0x31, 0x89, 0x72, 0xc0, 0x18, 0xb9, 0xe0, 0x82,
    0xc8, 0x4a, 0x72, 0x64, 0x60, 0xd0, 0x61, 0x25, 0xd2, 0xac, 0x58, 0x91, 0x52, 0x60, 0xc0,
    0xb9, 0x83, 0x8b, 0x10, 0x1a, 0x04, 0x6a, 0xe8, 0xfb, 0xf1, 0xeb, 0xd0, 0x15, 0x1c, 0x72,
    0x74, 0x29, 0x21, 0x68, 0xa2, 0xc0, 0x10, 0x3b, 0x18, 0x1c, 0xf0, 0x80, 0x01, 0x03, 0x04,
    0x31, 0x41, 0x0e, 0x2f, 0x25, 0x12, 0x84, 0xe7, 0x87, 0x0f, 0x07, 0x48, 0xeb, 0x48, 0x0d,
    0xc0, 0x23, 0xc1, 0x8a, 0x23, 0x46, 0xbc, 0x94, 0x89, 0x71, 0x04, 0x12, 0x3a, 0x00, 0x02,
    0x2f, 0x58, 0x01, 0x20, 0x84, 0xca, 0x03, 0xbe, 0x1f, 0x58, 0xff, 0x18, 0x6f, 0x81, 0x05,
    0x78, 0x16, 0x3b, 0x1f, 0x50, 0xb8, 0x70, 0x21, 0x00, 0xf9, 0x00, 0x3c, 0x2f, 0x24, 0x5f,
    0xee, 0x3a, 0x28, 0x77, 0xeb, 0x93, 0x87, 0x62, 0x4c, 0xb2, 0x23, 0x0b, 0x80, 0x8b, 0x00,
    0x30, 0xa1, 0x92, 0x07, 0x1b, 0x08, 0xd0, 0x06, 0x01, 0x6b, 0x1c, 0x21, 0x82, 0x08, 0x42,
    0x58, 0x10, 0xc0, 0x7a, 0x2b, 0x9d, 0x67, 0x81, 0x00, 0x0b, 0x56, 0x21, 0x84, 0x7b, 0x0f,
    0x40, 0x80, 0x1c, 0x03, 0x21, 0x00, 0x20, 0x05, 0x46, 0x88, 0xe4, 0xa0, 0x58, 0x76, 0xfa,
    0x35, 0x50, 0x04, 0x72, 0x2e, 0x75, 0xa7, 0xd2, 0x12, 0x0f, 0x7c, 0x22, 0x83, 0x0c, 0x5c,
    0xc0, 0x11, 0x81, 0x04, 0x34, 0xce, 0x40, 0xc4, 0x84, 0x0f, 0x3c, 0x20, 0x80, 0x83, 0x22,
    0xa8, 0x40, 0x63, 0x8d, 0x89, 0x24, 0x95, 0xa1, 0x07, 0x1d, 0x00, 0x91, 0x9a, 0x1a, 0x5b,
    0x7c, 0xb0, 0x03, 0x89, 0x44, 0x61, 0x64, 0x08, 0x04, 0x07, 0x64, 0x11, 0x02, 0x03, 0x04,
    0x26, 0xf5, 0x62, 0x14, 0x11, 0x0c, 0x30, 0x40, 0x04, 0x59, 0xd2, 0x78, 0xa1, 0x56, 0x33,
    0x64, 0xb9, 0xa5, 0x96, 0x5e, 0xde, 0xf5, 0x00, 0x72, 0x19, 0x28, 0xe1, 0x07, 0x06, 0x14,
    0x14, 0xf1, 0x46, 0x60, 0xfa, 0x01, 0x70, 0xc5, 0x06, 0x10, 0x90, 0xe6, 0xc1, 0x03, 0x68,
    0x85, 0x42, 0x00, 0x17, 0x62, 0x46, 0x70, 0xc3, 0x0d, 0x62, 0x0e, 0xf0, 0x99, 0x05, 0x22,
    0x04, 0xba, 0xc7, 0x98, 0x5a, 0x7e, 0x96, 0xd4, 0x06, 0x07, 0x74, 0x80, 0x41, 0x00, 0x49,
    0x30, 0x29, 0xd5, 0x7e, 0x4c, 0x31, 0x60, 0x98, 0x00, 0x32, 0xac, 0xa1, 0x82, 0x96, 0x7e,
    0x12, 0x40, 0x00, 0x96, 0x03, 0x48, 0x20, 0x02, 0x56, 0x9b, 0x6a, 0x49, 0x06, 0x01, 0x8a,
    0x84, 0x1a, 0xea, 0xa8, 0x59, 0xb1, 0xd5, 0x1e, 0x05, 0x57, 0x20, 0xff, 0x00, 0x67, 0x93,
    0x65, 0x14, 0x41, 0x81, 0x05, 0x10, 0xb0, 0x67, 0xe5, 0x11, 0x7d, 0xde, 0x40, 0x40, 0x0a,
    0x29, 0xf8, 0x90, 0xa5, 0x0a, 0x3b, 0x8a, 0x20, 0x81, 0x96, 0x03, 0x9c, 0x0a, 0xac, 0xb0,
    0x03, 0x10, 0x9b, 0x94, 0x79, 0x67, 0x05, 0xb0, 0xe4, 0xac, 0x52, 0x71, 0xb7, 0x03, 0x9e,
    0x01, 0x04, 0x71, 0x01, 0xa6, 0xbc, 0x22, 0xeb, 0x27, 0xb0, 0x3f, 0x0c, 0x5b, 0xec, 0xb1,
    0xc8, 0xfe, 0x00, 0xae, 0xb8, 0x01, 0x10, 0x71, 0x00, 0x04, 0x49, 0x51, 0x80, 0x03, 0x02,
    0x53, 0x88, 0x25, 0xd4, 0x10, 0x1d, 0x44, 0x3b, 0x1a, 0x0b, 0x6d, 0xe8, 0x11, 0xe8, 0x96,
    0x3e, 0xfc, 0x80, 0xec, 0x00, 0x10, 0x58, 0x50, 0x05, 0xb9, 0x9c, 0xfa, 0xc0, 0xc7, 0xbf,
    0x48, 0xc9, 0xc7, 0x6e, 0x62, 0x39, 0xfc, 0x27, 0x2f, 0x00, 0x5d, 0xe8, 0xf6, 0x00, 0x7b,
    0x69, 0x1d, 0x42, 0x30, 0xa7, 0x62, 0x4a, 0x30, 0x83, 0x7b, 0x44, 0x5c, 0xbc, 0x65, 0xc6,
    0x1b, 0x23, 0xc5, 0x42, 0x07, 0x10, 0x8c, 0xe6, 0x42, 0x7d, 0x53, 0x09, 0xa5, 0x01, 0x03,
    0xf2, 0x45, 0x9b, 0x16, 0x14, 0x64, 0xfe, 0x8b, 0x6c, 0x10, 0x14, 0xb0, 0x39, 0x83, 0xc7,
    0xaa, 0x0e, 0xc0, 0x88, 0x83, 0x48, 0xe5, 0xca, 0x9e, 0x0e, 0x28, 0x4f, 0xb5, 0x00, 0x18,
    0x19, 0x78, 0xb0, 0x30, 0x5a, 0x2f, 0xd8, 0x90, 0x40, 0x02, 0x5e, 0xdc, 0x21, 0xf3, 0x1c,
    0x0c, 0xf4, 0xd6, 0xdb, 0x05, 0x76, 0xfc, 0x2b, 0xc1, 0x13, 0x81, 0x38, 0x92, 0x40, 0x0f,
    0x2f, 0x28, 0x2a, 0x00, 0x06, 0x23, 0x52, 0x2b, 0x19, 0x00, 0x22, 0x1e, 0xad, 0xf4, 0xd2,
    0x5b, 0xf7, 0xe0, 0x05, 0x99, 0x75, 0x1c, 0xb5, 0x94, 0x00, 0x10, 0x74, 0x20, 0x87, 0x96,
    0x4f, 0x6c, 0x8d, 0xf6, 0xd2, 0x8a, 0x7e, 0xd0, 0xc1, 0x28, 0x41, 0xc5, 0xff, 0xa5, 0x32,
    0x95, 0x78, 0x0a, 0x70, 0xf7, 0xdd, 0x9b, 0x42, 0x21, 0xc6, 0x67, 0x3a, 0xa5, 0x05, 0x01,
    0x1e, 0xa1, 0xfe, 0xd1, 0x83, 0x24, 0x83, 0xbf, 0xb0, 0xe8, 0x01, 0x2e, 0xd0, 0x00, 0x56,
    0x5c, 0xd5, 0x31, 0xb0, 0x84, 0x27, 0x01, 0x9c, 0x7d, 0xb7, 0x0d, 0xa0, 0xdd, 0xa5, 0x15,
    0x52, 0x16, 0x70, 0x52, 0x01, 0x26, 0x83, 0xe3, 0x0d, 0x9f, 0x07, 0x80, 0x28, 0xb1, 0x00,
    0x6b, 0x61, 0x61, 0xb4, 0x22, 0x9e, 0x49, 0x2f, 0x6d, 0x43, 0xd7, 0xa3, 0xa3, 0xc5, 0x42,
    0x13, 0xec, 0xa2, 0x75, 0x98, 0x00, 0x2f, 0xa0, 0x8d, 0x3b, 0x04, 0x1e, 0x30, 0x30, 0x88,
    0xa4, 0x7e, 0x35, 0x30, 0x45, 0x18, 0x9b, 0xdd, 0x19, 0x5a, 0xee, 0x3d, 0xd7, 0xc0, 0xc3,
    0xf4, 0x4d, 0x8c, 0x9e, 0x56, 0xe2, 0x93, 0x33, 0x20, 0x9d, 0xd8, 0x7e, 0x4b, 0xd1, 0x1d,
    0x95, 0x1b, 0x60, 0x9b, 0xf8, 0xf5, 0x01, 0x34, 0xc1, 0x43, 0x0d, 0xd2, 0xd7, 0x20, 0x1c,
    0xf6, 0x49, 0x69, 0x78, 0x40, 0x06, 0xa9, 0x39, 0xe7, 0x97, 0x41, 0x1e, 0x79, 0x47, 0x25,
    0x4e, 0x6f, 0x67, 0x25, 0x00, 0x0b, 0xe8, 0x3f, 0xb2, 0x70, 0xe8, 0x68, 0xd9, 0x00, 0x72,
    0x8a, 0x94, 0x1a, 0xee, 0x6d, 0x04, 0x01, 0x08, 0x28, 0x08, 0x02, 0x15, 0x88, 0x80, 0x12,
    0x04, 0xc6, 0x7e, 0x07, 0xf8, 0x40, 0xf8, 0xb0, 0x95, 0x3f, 0xbc, 0xe4, 0xa8, 0x64, 0x1e,
    0x68, 0x94, 0x0e, 0x1a, 0xd3, 0x37, 0x00, 0x2c, 0x90, 0x20, 0x1f, 0x1c, 0x48, 0x08, 0x41,
    0x28, 0xc2, 0xa0, 0x24, 0x50, 0x20, 0x09, 0x6c, 0xc0, 0x09, 0x3d, 0xb8, 0x00, 0xe7, 0x84,
    0xc0, 0x05, 0x1d, 0xd0, 0x4d, 0x04, 0x3f, 0x80, 0x93, 0x0c, 0xe5, 0xc8, 0x86, 0x02, 0xa4,
    0x40, 0x06, 0x93, 0x93, 0x01, 0x20, 0x80, 0x41, 0x20, 0x1c, 0xc8, 0x83, 0x09, 0xff, 0x4b,
    0xa8, 0x42, 0x22, 0xae, 0x70, 0x85, 0x91, 0x19, 0xa1, 0x07, 0x57, 0x88, 0x42, 0x26, 0x02,
    0x80, 0x0d, 0x09, 0xd4, 0xc0, 0x08, 0x80, 0xa0, 0x05, 0xdd, 0x74, 0x66, 0x25, 0xa4, 0x21,
    0x4d, 0x72, 0x62, 0x88, 0x04, 0x42, 0x68, 0x81, 0x39, 0x00, 0x80, 0x01, 0x1b, 0x18, 0x48,
    0x46, 0x10, 0x9e, 0x30, 0x81, 0x91, 0x69, 0x81, 0xa7, 0x50, 0x00, 0x03, 0x10, 0x80, 0x40,
    0x8d, 0x04, 0x60, 0xa3, 0x1b, 0xe1, 0x28, 0xc7, 0x37, 0xae, 0xf1, 0x84, 0xa4, 0x58, 0xa3,
    0x0b, 0xf6, 0xb8, 0x88, 0x46, 0x8c, 0x61, 0x0c, 0x85, 0x08, 0x41, 0x24, 0x44, 0xf1, 0x2b,
    0x53, 0x20, 0x20, 0x13, 0x43, 0xa0, 0x63, 0x1b, 0xed, 0x18, 0xc7, 0x45, 0x2a, 0x72, 0x8e,
    0x77, 0x44, 0x80, 0x19, 0x10, 0x30, 0x09, 0x4b, 0x78, 0xca, 0x53, 0x31, 0x30, 0xc0, 0x09,
    0x2e, 0x49, 0x80, 0x4c, 0x6e, 0xf2, 0x92, 0x9e, 0xe4, 0xe4, 0x04, 0xce, 0xf0, 0x49, 0x4f,
    0xb9, 0x21, 0x0d, 0x9b, 0xe0, 0xe4, 0x29, 0x2f, 0x21, 0x4a, 0x52, 0x72, 0x32, 0x94, 0xa0,
    0xd4, 0xe4, 0x2b, 0x65, 0x79, 0xc9, 0x52, 0x00, 0xc0, 0x0c, 0x68, 0xa8, 0x84, 0x02, 0x4c,
    0x70, 0xc9, 0x0a, 0x18, 0xc0, 0x01, 0xbc, 0xf4, 0x94, 0x2f, 0x81, 0xd9, 0xcb, 0x5f, 0x06,
    0x93, 0x00, 0xc3, 0x3c, 0xa6, 0x2f, 0x15, 0x10, 0x83, 0x62, 0x12, 0x53, 0x98, 0xc6, 0x74,
    0xa6, 0x32, 0xa3, 0x09, 0xcd, 0x67, 0x12, 0x00, 0x14, 0x02, 0x41, 0x83, 0x03, 0x1c, 0x70,
    0x82, 0x09, 0x4c, 0x60, 0x98, 0xbf, 0xf4, 0x26, 0x38, 0x1d, 0x20, 0xce, 0x5f, 0x86, 0xf3,
    0x9b, 0xe6, 0x24, 0x27, 0x3a, 0x1d, 0x70, 0xce, 0x71, 0x96, 0x93, 0x9d, 0xea, 0x74, 0xe7,
    0x3a, 0xdb, 0x99, 0x4e, 0x6f, 0x76, 0x02, 0x12, 0x01, 0x6a, 0x40, 0x01, 0x14, 0xa0, 0x46,
    0x00, 0x03, 0x18, 0x80, 0x04, 0xfc, 0xe4, 0xa7, 0x3f, 0x01, 0x1a, 0xd0, 0x81, 0x06, 0xb4,
    0x9f, 0xff, 0x3c, 0xa8, 0x41, 0x0b, 0x9a, 0x50, 0x86, 0x12, 0x54, 0xa0, 0x0d, 0x85, 0xe8,
    0x43, 0x11, 0x3a, 0x51, 0x7f, 0x1a, 0x40, 0x13, 0x02, 0x29, 0x01, 0x13, 0x28, 0x51, 0x00,
    0x27, 0x14, 0xe0, 0xa3, 0x20, 0x0d, 0xa9, 0x48, 0x47, 0x4a, 0xd2, 0x92, 0x9a, 0xf4, 0xa4,
    0x28, 0x05, 0xa9, 0x13, 0x9c, 0xa0, 0x06, 0x81, 0x04, 0x04, 0x00, 0x21, 0xf9, 0x04, 0x09,
    0x09, 0x00, 0x00, 0x00, 0x2c, 0x00, 0x00, 0x00, 0x00, 0x50, 0x00, 0x28, 0x00, 0x87, 0x00,
    0x00, 0x00, 0xfe, 0xe4, 0x68, 0x13, 0x16, 0x26, 0xfe, 0xfe, 0xfc, 0xfb, 0xdb, 0x64, 0xff,
    0xbd, 0x49, 0xfe, 0xb5, 0x32, 0xfd, 0xa7, 0x62, 0xb1, 0x77, 0x07, 0xfe, 0xbc, 0x47, 0xff,
    0xff, 0xff, 0xa3, 0x6b, 0x03, 0xa9, 0x55, 0x00, 0xff, 0x00, 0x00, 0xfe, 0xbd, 0x49, 0xfb,
    0xd6, 0x57, 0x03, 0x08, 0x22, 0xfe, 0xe5, 0xb6, 0xf3, 0xc8, 0x4e, 0xb9, 0x86, 0x18, 0xcd,
    0x9a, 0x24, 0xff, 0xd4, 0x8a, 0x05, 0x09, 0x1b, 0xba, 0x7d, 0x03, 0xff, 0xf2, 0x6f, 0xa4,
    0x6c, 0x03, 0xc3, 0x89, 0x12, 0x7f, 0x7f, 0x00, 0xcf, 0x98, 0x1c, 0x99, 0x66, 0x00, 0xd6,
    0xa7, 0x30, 0xe3, 0xb4, 0x37, 0xff, 0xbc, 0x5d, 0xe7, 0xba, 0x4b, 0x9b, 0x65, 0x03, 0xff,
    0xb9, 0x3a, 0xff, 0xf0, 0xd8, 0x85, 0x79, 0x45, 0xaa, 0x74, 0x07, 0xff, 0xfe, 0xf9, 0xff,
    0xfe, 0xfd, 0x21, 0x23, 0x2a, 0xa5, 0x6d, 0x03, 0xff, 0xc4, 0x5b, 0xfc, 0xc6, 0x63, 0xfe,
    0xe7, 0xc2, 0xa1, 0x6a, 0x03, 0xff, 0xff, 0x00, 0xaa, 0x71, 0x05, 0xff, 0x84, 0x47, 0xff,
    0xdf, 0xbf, 0xfe, 0xfb, 0xd6, 0xfe, 0xfe, 0xfe, 0x92, 0x58, 0x00, 0x9d, 0x66, 0x00, 0xbb,
    0xa7, 0x54, 0xd2, 0xb3, 0x4a, 0xff, 0x79, 0x43, 0xe3, 0xad, 0x2d, 0xfd, 0xe9, 0x8e, 0x1d,
    0x21, 0x2f, 0x4c, 0x47, 0x35, 0x48, 0x4b, 0x54, 0x96, 0x5c, 0x00, 0x9e, 0x68, 0x03, 0xa2,
    0x6b, 0x03, 0xa4, 0x6d, 0x05, 0xa9, 0x71, 0x06, 0xfb, 0xae, 0x23, 0xff, 0xb7, 0x69, 0x53,
    0x54, 0x57, 0x58, 0x5b, 0x66, 0x8c, 0x5e, 0x0b, 0x8b, 0x80, 0x4e, 0xa5, 0x6a, 0x00, 0xa7,
    0x70, 0x06, 0xba, 0xb9, 0xac, 0xd3, 0x98, 0x2f, 0xff, 0x7f, 0x7f, 0xff, 0xaa, 0x55, 0xfe,
    0xa9, 0x53, 0xfd, 0xba, 0x62, 0xff, 0xc1, 0x51, 0xff, 0xf6, 0xa2, 0x31, 0x25, 0x18, 0x56,
    0x3b, 0x10, 0x4f, 0x3b, 0x35, 0x58, 0x52, 0x38, 0x7f, 0x00, 0x00, 0x72, 0x39, 0x00, 0x90,
    0x55, 0x00, 0x90, 0x56, 0x00, 0x98, 0x5d, 0x00, 0x9b, 0x60, 0x00, 0x9b, 0x73, 0x00, 0xa2,
    0x6c, 0x04, 0xa7, 0x71, 0x0a, 0xbd, 0x8c, 0x22, 0xab, 0xad, 0xb2, 0xc7, 0x88, 0x0c, 0xdd,
    0xb0, 0x36, 0xd2, 0xb8, 0x84, 0xc2, 0xc3, 0xc7, 0xff, 0x7f, 0x00, 0xff, 0xbf, 0x3f, 0xf8,
    0xc7, 0x3b, 0xff, 0xe2, 0x5e, 0xef, 0xea, 0xce, 0x3f, 0x00, 0x00, 0x3f, 0x3f, 0x00, 0x3e,
    0x41, 0x4d, 0x55, 0x2a, 0x00, 0x5c, 0x43, 0x16, 0x57, 0x59, 0x59, 0x7f, 0x4f, 0x00, 0x7f,
    0x45, 0x00, 0x6f, 0x4d, 0x3e, 0x76, 0x54, 0x3f, 0x7e, 0x57, 0x41, 0x68, 0x64, 0x61, 0x8c,
    0x4c, 0x00, 0x91, 0x48, 0x24, 0x84, 0x5e, 0x43, 0x9f, 0x68, 0x02, 0x81, 0x83, 0x8c, 0xb6,
    0x48, 0x00, 0xaa, 0x55, 0x55, 0xab, 0x79, 0x08, 0xbf, 0x7f, 0x3f, 0xae, 0x78, 0x4e, 0xb0,
    0x89, 0x13, 0xb5, 0x88, 0x51, 0xaa, 0xaa, 0x00, 0xaa, 0xaa, 0x55, 0xb0, 0xa1, 0x60, 0xbf,
    0xc0, 0xc4, 0xcc, 0x66, 0x00, 0xc0, 0x8e, 0x21, 0xcc, 0x99, 0x19, 0xc0, 0x9d, 0x57, 0xc0,
    0x91, 0x54, 0xd4, 0xaa, 0x2a, 0xc4, 0xad, 0x56, 0xcd, 0xaf, 0x7b, 0xff, 0x00, 0xff, 0xff,
    0x98, 0x4e, 0xff, 0xad, 0x17, 0xff, 0xbf, 0x37, 0xff, 0xbc, 0x48, 0xff, 0xbe, 0x46, 0xff,
    0xc3, 0x5b, 0xff, 0xc4, 0x75, 0xff, 0xc5, 0x60, 0xff, 0xc1, 0x6c, 0xff, 0xd4, 0x6a, 0xff,
    0xd1, 0x6c, 0xff, 0xd3, 0x84, 0xe6, 0xd6, 0xb8, 0xff, 0xe8, 0xbb, 0xf1, 0xe4, 0xa5, 0xff,
    0xec, 0xc5, 0xef, 0xef, 0xef, 0xe6, 0xe6, 0xe8, 0xff, 0xff, 0xbf, 0xff, 0xff, 0xff, 0x00,
    0x00, 0x00, 0x00, 0x00, 0x00, 0x00, 0x00, 0x00, 0x00, 0x00, 0x00, 0x00, 0x00, 0x00, 0x00,
    0x00, 0x00, 0x00, 0x00, 0x00, 0x00, 0x00, 0x00, 0x00, 0x00, 0x00, 0x00, 0x00, 0x00, 0x00,
    0x00, 0x00, 0x00, 0x00, 0x00, 0x00, 0x00, 0x00, 0x00, 0x00, 0x00, 0x00, 0x00, 0x00, 0x00,
    0x00, 0x00, 0x00, 0x00, 0x00, 0x00, 0x00, 0x00, 0x00, 0x00, 0x00, 0x00, 0x00, 0x00, 0x00,
    0x00, 0x00, 0x00, 0x00, 0x00, 0x00, 0x00, 0x00, 0x00, 0x00, 0x00, 0x00, 0x00, 0x00, 0x00,
    0x00, 0x00, 0x00, 0x00, 0x00, 0x00, 0x00, 0x00, 0x00, 0x00, 0x00, 0x00, 0x00, 0x00, 0x00,
    0x00, 0x00, 0x00, 0x00, 0x00, 0x00, 0x00, 0x00, 0x00, 0x00, 0x00, 0x00, 0x00, 0x00, 0x00,
    0x00, 0x00, 0x00, 0x00, 0x00, 0x00, 0x00, 0x00, 0x00, 0x00, 0x00, 0x00, 0x00, 0x00, 0x00,
    0x00, 0x00, 0x00, 0x00, 0x00, 0x00, 0x00, 0x00, 0x00, 0x00, 0x00, 0x00, 0x00, 0x00, 0x00,
    0x00, 0x00, 0x00, 0x00, 0x00, 0x00, 0x00, 0x00, 0x00, 0x00, 0x00, 0x00, 0x00, 0x00, 0x00,
    0x00, 0x00, 0x00, 0x00, 0x00, 0x00, 0x00, 0x00, 0x00, 0x00, 0x00, 0x00, 0x00, 0x00, 0x00,
    0x00, 0x00, 0x00, 0x00, 0x00, 0x00, 0x00, 0x00, 0x00, 0x00, 0x00, 0x00, 0x00, 0x00, 0x00,
    0x00, 0x00, 0x00, 0x00, 0x00, 0x00, 0x00, 0x00, 0x00, 0x00, 0x00, 0x00, 0x00, 0x00, 0x00,
    0x00, 0x00, 0x00, 0x00, 0x00, 0x00, 0x00, 0x00, 0x00, 0x00, 0x00, 0x00, 0x00, 0x00, 0x00,
    0x00, 0x00, 0x00, 0x00, 0x00, 0x00, 0x00, 0x00, 0x00, 0x00, 0x00, 0x00, 0x00, 0x00, 0x00,
    0x00, 0x00, 0x00, 0x00, 0x00, 0x00, 0x00, 0x00, 0x00, 0x00, 0x00, 0x00, 0x00, 0x00, 0x00,
    0x00, 0x00, 0x00, 0x00, 0x00, 0x00, 0x00, 0x00, 0x00, 0x00, 0x00, 0x00, 0x00, 0x00, 0x00,
    0x00, 0x00, 0x00, 0x00, 0x00, 0x00, 0x00, 0x00, 0x00, 0x00, 0x00, 0x00, 0x00, 0x00, 0x00,
    0x00, 0x00, 0x08, 0xff, 0x00, 0x01, 0x08, 0x1c, 0x48, 0xb0, 0xa0, 0xc1, 0x83, 0x08, 0x13,
    0x2a, 0x5c, 0xc8, 0xb0, 0xa1, 0xc3, 0x86, 0x2f, 0x2e, 0x74, 0xe8, 0xc0, 0xa0, 0xc1, 0xc3,
    0x8b, 0x18, 0x33, 0x1a, 0x64, 0x70, 0xf0, 0x82, 0xc6, 0x8f, 0x20, 0x15, 0x72, 0x04, 0xc0,
    0xe0, 0xc7, 0x0f, 0x17, 0x35, 0xb4, 0x08, 0xb4, 0x18, 0xb2, 0x25, 0x48, 0x8f, 0x35, 0x32,
    0x20, 0xf0, 0x40, 0xe6, 0x03, 0x05, 0x04, 0x5d, 0xda, 0x00, 0x60, 0xe9, 0xb2, 0xa7, 0x43,
    0x8e, 0x35, 0x34, 0x48, 0x20, 0x10, 0xa0, 0x68, 0x80, 0x07, 0x1f, 0x86, 0xb0, 0xa9, 0xe8,
    0xb3, 0xa9, 0x48, 0x00, 0x5b, 0x34, 0x18, 0x25, 0x40, 0x95, 0x28, 0x06, 0x09, 0x36, 0x00,
    0x6c, 0x70, 0xca, 0xb5, 0x60, 0x03, 0x06, 0x79, 0x84, 0x48, 0x08, 0x40, 0xd4, 0x68, 0x51,
    0xa2, 0x14, 0x6a, 0x90, 0xec, 0xda, 0xf5, 0x05, 0xa2, 0x0b, 0x72, 0x10, 0x94, 0x35, 0x7b,
    0x36, 0xc0, 0x07, 0x2e, 0x80, 0x28, 0xf2, 0x64, 0x9b, 0x70, 0x64, 0xc2, 0x06, 0x1d, 0x08,
    0x6a, 0x91, 0x4b, 0x77, 0xaa, 0xdd, 0x2e, 0x04, 0x2f, 0xf8, 0x45, 0xd8, 0x60, 0xab, 0xd3,
    0xc5, 0x04, 0x1b, 0x78, 0x14, 0x38, 0xc6, 0xc5, 0x12, 0x1b, 0x0b, 0xc6, 0xce, 0x35, 0x3c,
    0x01, 0x49, 0x10, 0x18, 0x2a, 0x9a, 0xac, 0x84, 0xcc, 0xd6, 0xa2, 0x17, 0x15, 0x00, 0x26,
    0x27, 0x16, 0x78, 0xe1, 0xf2, 0x02, 0x04, 0x08, 0x34, 0x50, 0x98, 0x30, 0x95, 0x6a, 0x51,
    0x0c, 0x38, 0x26, 0xdc, 0x44, 0xb0, 0x40, 0x04, 0x0c, 0x13, 0x02, 0x5f, 0x9c, 0x29, 0xb8,
    0x55, 0x09, 0x6a, 0xc7, 0x20, 0xbf, 0x7a, 0x11, 0x82, 0x3a, 0xf0, 0x4a, 0xd6, 0x41, 0x44,
    0xc4, 0xe6, 0x90, 0xe6, 0xc1, 0x03, 0xdc, 0x13, 0x42, 0x6c, 0x7e, 0x40, 0x21, 0x4c, 0x51,
    0xeb, 0x3a, 0x38, 0xf0, 0xff, 0xce, 0x00, 0x7c, 0xad, 0xc0, 0x0d, 0x1b, 0xb2, 0x30, 0x37,
    0x1f, 0x92, 0xa3, 0x0a, 0x04, 0x40, 0x00, 0x04, 0xe6, 0xd8, 0x5a, 0x3a, 0x87, 0x0f, 0x3b,
    0xa6, 0x4c, 0xa9, 0x7a, 0x75, 0x02, 0x02, 0x0a, 0x14, 0x78, 0xe0, 0x1f, 0x05, 0x67, 0x51,
    0x85, 0x41, 0x00, 0x12, 0x78, 0xa0, 0xc1, 0x02, 0xe4, 0x01, 0x30, 0x1c, 0x16, 0x5b, 0x0d,
    0x01, 0x06, 0x7b, 0x2d, 0x71, 0x24, 0x04, 0x7c, 0x00, 0xf4, 0x91, 0x9a, 0x4c, 0x14, 0xa4,
    0x11, 0xc0, 0x0c, 0x03, 0x30, 0xe1, 0x83, 0x00, 0x29, 0xa4, 0x50, 0x02, 0x51, 0x0f, 0x78,
    0x00, 0xa0, 0x76, 0x18, 0xdc, 0xd0, 0x03, 0x89, 0x26, 0x96, 0x85, 0xd4, 0x82, 0xc0, 0x65,
    0x41, 0x48, 0x21, 0x32, 0x7d, 0xf1, 0x95, 0x4f, 0x15, 0x7d, 0x01, 0x9b, 0x5a, 0x2a, 0xbc,
    0xf6, 0x81, 0x1a, 0x3b, 0xcc, 0x30, 0x83, 0x11, 0x16, 0x58, 0x20, 0xc0, 0x92, 0x10, 0x08,
    0x70, 0xc3, 0x81, 0x66, 0x5d, 0x01, 0x41, 0x93, 0x4c, 0x3a, 0x49, 0xd6, 0x51, 0x0b, 0x66,
    0x20, 0x50, 0x06, 0x1a, 0x68, 0x49, 0x5a, 0x7b, 0x00, 0x64, 0xf0, 0x41, 0x22, 0x5c, 0x2c,
    0x20, 0x54, 0x51, 0x46, 0x22, 0xb9, 0xa4, 0x92, 0x4a, 0x0a, 0x00, 0x01, 0x0e, 0x64, 0x11,
    0x25, 0xe5, 0x92, 0x74, 0x32, 0x09, 0x27, 0x8a, 0x3a, 0x20, 0x90, 0x81, 0x98, 0x13, 0x6c,
    0x41, 0xa1, 0x4b, 0x0c, 0x28, 0x30, 0x87, 0x07, 0x01, 0x70, 0x90, 0xd9, 0x51, 0x3b, 0x84,
    0xd8, 0xa6, 0x05, 0x47, 0x88, 0x72, 0x84, 0x92, 0x10, 0xf4, 0x70, 0xa5, 0x23, 0x54, 0x0a,
    0x70, 0x88, 0x19, 0x02, 0x40, 0x2a, 0x69, 0x55, 0x85, 0x1e, 0x3a, 0xc4, 0x9f, 0x2e, 0x59,
    0xf4, 0x06, 0x61, 0x13, 0xd0, 0x16, 0x40, 0x91, 0x3e, 0xb4, 0x29, 0xc0, 0x00, 0xac, 0xa6,
    0xea, 0xe6, 0x0d, 0x45, 0xf5, 0xff, 0xd0, 0xa4, 0x05, 0x7c, 0xb0, 0x6a, 0x86, 0x1b, 0x4c,
    0xc2, 0x4a, 0x54, 0x08, 0x0b, 0x84, 0x80, 0x81, 0x07, 0x3f, 0x40, 0xe2, 0x9c, 0x53, 0x17,
    0xf8, 0xf1, 0x03, 0xa1, 0x01, 0x94, 0x1a, 0xc0, 0x14, 0x6b, 0xd4, 0xc9, 0xe8, 0x00, 0x34,
    0xd0, 0xc0, 0x64, 0x09, 0x18, 0xb0, 0x50, 0xa7, 0x00, 0x4c, 0x40, 0x2b, 0xad, 0x9b, 0xd4,
    0x22, 0xd8, 0xeb, 0x51, 0x08, 0xe0, 0xd1, 0xc0, 0x5e, 0x3c, 0x02, 0x00, 0x04, 0x61, 0x01,
    0x20, 0x30, 0xc1, 0x0e, 0x6b, 0xf0, 0xe0, 0xac, 0x0f, 0x34, 0x88, 0x31, 0x2d, 0x06, 0x04,
    0xa4, 0xe0, 0xac, 0x11, 0xf1, 0xce, 0x2b, 0x81, 0x08, 0x21, 0x14, 0xe5, 0x81, 0x0d, 0x8d,
    0x20, 0xe7, 0x54, 0x60, 0x30, 0x2c, 0x40, 0xe8, 0x04, 0x61, 0x8c, 0xf5, 0x89, 0xbb, 0xce,
    0xd6, 0x09, 0x41, 0x12, 0xf4, 0xda, 0xeb, 0x2c, 0xc3, 0xdc, 0x62, 0x90, 0x22, 0x02, 0xfd,
    0xf2, 0xe6, 0x11, 0xb9, 0x3d, 0x05, 0xe6, 0x02, 0x6c, 0xca, 0x92, 0x85, 0x41, 0x12, 0xaa,
    0x5e, 0x0b, 0x41, 0x0a, 0x43, 0x05, 0x50, 0x42, 0xa5, 0x26, 0xf3, 0x30, 0x57, 0x08, 0xea,
    0x2e, 0xb0, 0x80, 0x12, 0x3b, 0x75, 0xe5, 0xf1, 0x04, 0x1c, 0xc0, 0x39, 0x55, 0x08, 0x7a,
    0xd4, 0x21, 0x71, 0x9d, 0x54, 0x88, 0xe0, 0x9f, 0xba, 0x55, 0x5c, 0xbb, 0xa4, 0x15, 0x76,
    0x0c, 0x62, 0x1b, 0x51, 0x04, 0x50, 0xc0, 0x81, 0x08, 0x82, 0xd4, 0xcc, 0x95, 0x45, 0x63,
    0x88, 0x40, 0xa8, 0x6d, 0x51, 0x1c, 0x70, 0x40, 0x11, 0x45, 0x1c, 0x10, 0x48, 0x9d, 0x55,
    0x4c, 0x40, 0x86, 0x75, 0x04, 0x84, 0xe0, 0x01, 0x12, 0x54, 0xd0, 0x69, 0x85, 0xd6, 0x5d,
    0x6b, 0xcd, 0x34, 0xb8, 0x41, 0x00, 0xc6, 0x17, 0x03, 0x4d, 0xec, 0xa1, 0xc1, 0x03, 0x45,
    0xb1, 0xa0, 0xf5, 0xde, 0x07, 0x64, 0xff, 0x42, 0x87, 0x05, 0x10, 0xc0, 0xc1, 0x41, 0x61,
    0x08, 0x22, 0x31, 0xa5, 0x00, 0x5b, 0xf3, 0xed, 0x76, 0x51, 0x79, 0x02, 0xf7, 0x65, 0x4f,
    0x1c, 0xfd, 0xb1, 0x00, 0x81, 0x01, 0xe8, 0xad, 0xf8, 0x01, 0x8c, 0x94, 0x90, 0x04, 0xde,
    0x71, 0x16, 0x48, 0x96, 0x21, 0x71, 0xdc, 0x71, 0xf9, 0xe2, 0x12, 0xe8, 0xa9, 0x15, 0x5f,
    0x02, 0x79, 0x8c, 0x80, 0x0e, 0x45, 0x65, 0xcd, 0x77, 0x14, 0x01, 0x40, 0x79, 0x65, 0xe7,
    0xb3, 0x63, 0x40, 0xef, 0xe5, 0x28, 0x2e, 0xa8, 0xc8, 0x06, 0x58, 0xa0, 0xbe, 0xd3, 0x05,
    0x17, 0xc8, 0xc4, 0x01, 0xde, 0x04, 0xb0, 0x60, 0x7c, 0x59, 0x55, 0x11, 0x25, 0x41, 0x24,
    0x31, 0xc4, 0xa0, 0x1d, 0xed, 0x67, 0x1d, 0x5f, 0xd4, 0x07, 0x34, 0x6e, 0xf0, 0xb8, 0x53,
    0x16, 0x5d, 0x00, 0x83, 0x08, 0x42, 0xa9, 0x41, 0xd7, 0x66, 0x04, 0xc4, 0x90, 0x43, 0xf3,
    0x39, 0x40, 0x31, 0xfb, 0xf9, 0xdf, 0xe5, 0xd9, 0xa0, 0xc0, 0xbe, 0x37, 0x06, 0x80, 0x09,
    0xaf, 0x71, 0x20, 0x01, 0xe7, 0x71, 0x72, 0x0a, 0x45, 0x0e, 0xf8, 0xc7, 0xa0, 0x59, 0xf2,
    0x46, 0xcd, 0xa8, 0xe7, 0x13, 0xa0, 0xca, 0x88, 0x02, 0x14, 0x50, 0x90, 0x01, 0x16, 0x50,
    0x01, 0x2f, 0x08, 0xcc, 0x05, 0xa2, 0xa3, 0xae, 0x0f, 0x58, 0xe7, 0x7b, 0x08, 0x82, 0xc2,
    0xf3, 0x36, 0x73, 0x14, 0x09, 0xec, 0x66, 0x7d, 0x1c, 0x31, 0x20, 0x41, 0x34, 0x38, 0x10,
    0x0e, 0x6e, 0xb0, 0x83, 0x3b, 0x21, 0xa0, 0x40, 0x08, 0xd8, 0x00, 0x11, 0x02, 0x40, 0x01,
    0x23, 0x51, 0x82, 0x0b, 0x64, 0xf6, 0x1f, 0x0a, 0x38, 0x70, 0x7e, 0x84, 0x3b, 0xca, 0x03,
    0x2c, 0xa8, 0x20, 0xde, 0x0c, 0x01, 0x35, 0x00, 0x70, 0x82, 0x45, 0x4c, 0x48, 0x42, 0x1e,
    0x86, 0x10, 0x84, 0xc1, 0x19, 0xa1, 0x09, 0xff, 0x85, 0x78, 0xc0, 0x02, 0x92, 0x04, 0x08,
    0xdb, 0x13, 0x81, 0xcc, 0xcc, 0x04, 0x20, 0x0e, 0x38, 0x91, 0x03, 0x00, 0xe2, 0xcd, 0x12,
    0x6d, 0xe0, 0x82, 0xc9, 0x84, 0xa2, 0x88, 0x1b, 0x1c, 0xe2, 0x09, 0x45, 0x48, 0xc0, 0x17,
    0x08, 0xe4, 0x04, 0xac, 0x42, 0x81, 0x0c, 0x40, 0x00, 0x02, 0x30, 0x0e, 0x40, 0x8c, 0x64,
    0x34, 0x23, 0x1a, 0xcb, 0x18, 0x46, 0x02, 0x36, 0xe1, 0x04, 0x9d, 0x78, 0x44, 0x19, 0xc0,
    0xb0, 0xc4, 0x3a, 0x2e, 0x00, 0x06, 0x8b, 0x28, 0xc3, 0x19, 0x09, 0x38, 0x0a, 0x35, 0x8e,
    0x91, 0x8d, 0x67, 0xfc, 0xa3, 0x1f, 0xd3, 0xd8, 0x46, 0x05, 0x38, 0x41, 0x01, 0x93, 0xb0,
    0x04, 0xab, 0x58, 0xd5, 0x02, 0x03, 0xac, 0x60, 0x91, 0x03, 0x68, 0xe4, 0x23, 0x17, 0x29,
    0x49, 0x48, 0x46, 0x80, 0x08, 0x98, 0x80, 0x24, 0x28, 0x88, 0x90, 0x00, 0x4b, 0x12, 0x61,
    0x13, 0x90, 0x6c, 0x01, 0x11, 0x26, 0xc9, 0x48, 0x47, 0x86, 0xd2, 0x94, 0x94, 0x44, 0x25,
    0xab, 0x48, 0x91, 0x43, 0x34, 0x54, 0x22, 0x01, 0x24, 0x58, 0x64, 0x05, 0x0c, 0xe0, 0x80,
    0x58, 0xb2, 0x6a, 0x96, 0xb5, 0x94, 0x25, 0x2d, 0x6d, 0x39, 0x00, 0x5c, 0xf2, 0xd2, 0x97,
    0xba, 0x4c, 0x40, 0x0b, 0x74, 0x99, 0xcb, 0x5b, 0xee, 0x92, 0x98, 0xbf, 0x3c, 0x26, 0xab,
    0x3c, 0x21, 0x10, 0x34, 0x38, 0xc0, 0x01, 0x2b, 0x88, 0x40, 0x04, 0x70, 0x49, 0x4b, 0x69,
    0x52, 0xd3, 0x01, 0xd6, 0xa4, 0x65, 0x35, 0xa7, 0xa9, 0x4d, 0x6c, 0x72, 0xd3, 0x01, 0xdb,
    0xbc, 0x66, 0x36, 0xc1, 0xe9, 0x4d, 0x71, 0x7e, 0x33, 0x9c, 0xdd, 0x94, 0x26, 0x27, 0x24,
    0x01, 0x80, 0x27, 0x34, 0xa0, 0x00, 0x09, 0x48, 0x80, 0x01, 0x0c, 0x30, 0x82, 0x78, 0xc6,
    0x73, 0x9e, 0xf5, 0xb4, 0x27, 0x3e, 0xed, 0x29, 0x36, 0x4f, 0x7a, 0xf2, 0x73, 0x9f, 0xfa,
    0xf4, 0x67, 0x40, 0xf3, 0x79, 0x4f, 0x81, 0x16, 0x94, 0xa0, 0xfd, 0x44, 0xe8, 0x3c, 0x0d,
    0xa0, 0x89, 0xe0, 0x3c, 0x81, 0x12, 0x05, 0x90, 0x42, 0x01, 0x26, 0x4a, 0xd1, 0x8a, 0x5a,
    0xf4, 0xa2, 0x18, 0xcd, 0xa8, 0x46, 0x37, 0xca, 0x51, 0x8a, 0x4a, 0x41, 0x0a, 0x97, 0x10,
    0x48, 0x40, 0x00, 0x00, 0x21, 0xf9, 0x04, 0x09, 0x09, 0x00, 0x00, 0x00, 0x2c, 0x00, 0x00,
    0x00, 0x00, 0x50, 0x00, 0x28, 0x00, 0x87, 0x00, 0x00, 0x00, 0xfe, 0xe4, 0x68, 0x13, 0x17,
    0x26, 0xfe, 0xfe, 0xfc, 0xfb, 0xdb, 0x64, 0xff, 0xbd, 0x49, 0xfe, 0xb5, 0x32, 0xfd, 0xa7,
    0x62, 0xfe, 0xbc, 0x47, 0xb0, 0x76, 0x07, 0xff, 0xff, 0xff, 0xa4, 0x6b, 0x03, 0xff, 0x00,
    0x00, 0xfe, 0xbd, 0x49, 0xf1, 0xc8, 0x4d, 0xfb, 0xd6, 0x56, 0xfe, 0xe5, 0xb7, 0x04, 0x09,
    0x22, 0xba, 0x86, 0x18, 0xcb, 0x99, 0x25, 0xa9, 0x55, 0x00, 0x04, 0x08, 0x1b, 0x99, 0x67,
    0x00, 0xff, 0xd5, 0x8a, 0xff, 0xf2, 0x6f, 0xbc, 0x7d, 0x02, 0xc4, 0x8a, 0x13, 0x7f, 0x7f,
    0x00, 0xa5, 0x6c, 0x02, 0xcf, 0x98, 0x1d, 0xe4, 0xb4, 0x36, 0x9b, 0x66, 0x03, 0xff, 0xbb,
    0x5d, 0xd3, 0xa3, 0x2c, 0xff, 0xb9, 0x3a, 0xa4, 0x6d, 0x04, 0xaa, 0x74, 0x07, 0xe7, 0xb9,
    0x4a, 0xff, 0xc3, 0x59, 0xff, 0xf0, 0xd8, 0xfe, 0xfd, 0xfc, 0x21, 0x23, 0x2a, 0xfc, 0xc6,
    0x63, 0xfe, 0xe8, 0xc5, 0xff, 0xff, 0x00, 0xfe, 0xfc, 0xf8, 0xa6, 0x6d, 0x03, 0xff, 0x84,
    0x47, 0xe3, 0xad, 0x2c, 0xff, 0xdf, 0xbf, 0xfe, 0xfd, 0xfe, 0x4b, 0x46, 0x35, 0x93, 0x59,
    0x00, 0x9d, 0x66, 0x01, 0x84, 0x77, 0x44, 0xa7, 0x69, 0x02, 0xa1, 0x69, 0x03, 0xa7, 0x70,
    0x08, 0xaa, 0x72, 0x07, 0xbb, 0xa9, 0x54, 0xd6, 0xb3, 0x46, 0xff, 0x79, 0x43, 0xf9, 0xaa,
    0x55, 0xfe, 0xfc, 0xd2, 0x00, 0x00, 0xff, 0x58, 0x52, 0x38, 0x9c, 0x64, 0x02, 0xff, 0xb7,
    0x69, 0xfb, 0xbb, 0x62, 0x1d, 0x22, 0x2f, 0x31, 0x25, 0x1a, 0x48, 0x4a, 0x54, 0x57, 0x5a,
    0x66, 0x96, 0x5c, 0x00, 0x92, 0x5d, 0x05, 0x8d, 0x80, 0x48, 0x81, 0x83, 0x8c, 0xa3, 0x6d,
    0x04, 0xa4, 0x6d, 0x05, 0xb2, 0xb4, 0xb9, 0xfc, 0xae, 0x23, 0xfe, 0xa9, 0x53, 0xff, 0xc1,
    0x51, 0xff, 0xf8, 0xa7, 0x46, 0x1c, 0x00, 0x5a, 0x2c, 0x00, 0x57, 0x3b, 0x10, 0x4f, 0x3c,
    0x35, 0x7a, 0x55, 0x41, 0x90, 0x55, 0x00, 0x9b, 0x64, 0x00, 0x9b, 0x60, 0x00, 0x83, 0x83,
    0x7d, 0xa7, 0x71, 0x07, 0xbf, 0x7f, 0x3f, 0xbd, 0x8c, 0x22, 0xb5, 0xb1, 0x9c, 0xc7, 0x88,
    0x0c, 0xd0, 0x96, 0x2e, 0xc4, 0xad, 0x56, 0xdd, 0xb0, 0x36, 0xcf, 0xb2, 0x7c, 0xc1, 0xc2,
    0xc7, 0xff, 0x7f, 0x00, 0xff, 0x7f, 0x7f, 0xf9, 0xab, 0x2c, 0xff, 0xbf, 0x3f, 0xf7, 0xe4,
    0x94, 0xea, 0xeb, 0xec, 0x3f, 0x00, 0x00, 0x3f, 0x3f, 0x00, 0x48, 0x52, 0x61, 0x7f, 0x00,
    0x00, 0x69, 0x2d, 0x00, 0x7f, 0x3f, 0x00, 0x7f, 0x4f, 0x00, 0x72, 0x50, 0x3d, 0x7a, 0x72,
    0x55, 0x7a, 0x7a, 0x72, 0x7a, 0x7c, 0x84, 0x7f, 0x81, 0x7f, 0x8f, 0x4f, 0x00, 0x91, 0x48,
    0x24, 0x8c, 0x50, 0x00, 0x97, 0x5c, 0x00, 0x98, 0x5f, 0x00, 0x84, 0x5e, 0x43, 0x9f, 0x68,
    0x02, 0x9c, 0x75, 0x00, 0xb6, 0x48, 0x00, 0xab, 0x79, 0x08, 0xaf, 0x78, 0x4e, 0xb0, 0x89,
    0x13, 0xbb, 0x88, 0x22, 0xb7, 0x88, 0x50, 0xb5, 0x88, 0x61, 0xbd, 0x96, 0x54, 0xad, 0xae,
    0xb3, 0xbf, 0xbf, 0x3f, 0xcc, 0x66, 0x00, 0xcc, 0x99, 0x19, 0xd1, 0xb8, 0x85, 0xc3, 0xbe,
    0xa2, 0xff, 0x98, 0x4e, 0xff, 0xad, 0x17, 0xff, 0xbf, 0x37, 0xff, 0xbc, 0x48, 0xff, 0xbe,
    0x46, 0xff, 0xc3, 0x5b, 0xff, 0xc4, 0x75, 0xff, 0xc6, 0x60, 0xff, 0xc1, 0x6d, 0xff, 0xd4,
    0x6a, 0xff, 0xd1, 0x6c, 0xff, 0xd3, 0x84, 0xe5, 0xd7, 0xb9, 0xe4, 0xd6, 0xc9, 0xff, 0xe1,
    0x5f, 0xff, 0xe8, 0xbb, 0xf9, 0xec, 0xaf, 0xed, 0xe1, 0xc3, 0xee, 0xea, 0xd1, 0xff, 0xff,
    0x66, 0xff, 0xf8, 0x8b, 0xff, 0xff, 0xb6, 0xff, 0xff, 0xff, 0x00, 0x00, 0x00, 0x00, 0x00,
    0x00, 0x00, 0x00, 0x00, 0x00, 0x00, 0x00, 0x00, 0x00, 0x00, 0x00, 0x00, 0x00, 0x00, 0x00,
    0x00, 0x00, 0x00, 0x00, 0x00, 0x00, 0x00, 0x00, 0x00, 0x00, 0x00, 0x00, 0x00, 0x00, 0x00,
    0x00, 0x00, 0x00, 0x00, 0x00, 0x00, 0x00, 0x00, 0x00, 0x00, 0x00, 0x00, 0x00, 0x00, 0x00,
    0x00, 0x00, 0x00, 0x00, 0x00, 0x00, 0x00, 0x00, 0x00, 0x00, 0x00, 0x00, 0x00, 0x00, 0x00,
    0x00, 0x00, 0x00, 0x00, 0x00, 0x00, 0x00, 0x00, 0x00, 0x00, 0x00, 0x00, 0x00, 0x00, 0x00,
    0x00, 0x00, 0x00, 0x00, 0x00, 0x00, 0x00, 0x00, 0x00, 0x00, 0x00, 0x00, 0x00, 0x00, 0x00,
    0x00, 0x00, 0x00, 0x00, 0x00, 0x00, 0x00, 0x00, 0x00, 0x00, 0x00, 0x00, 0x00, 0x00, 0x00,
    0x00, 0x00, 0x00, 0x00, 0x00, 0x00, 0x00, 0x00, 0x00, 0x00, 0x00, 0x00, 0x00, 0x00, 0x00,
    0x00, 0x00, 0x00, 0x00, 0x00, 0x00, 0x00, 0x00, 0x00, 0x00, 0x00, 0x00, 0x00, 0x00, 0x00,
    0x00, 0x00, 0x00, 0x00, 0x00, 0x00, 0x00, 0x00, 0x00, 0x00, 0x00, 0x00, 0x00, 0x00, 0x00,
    0x00, 0x00, 0x00, 0x00, 0x00, 0x00, 0x00, 0x00, 0x00, 0x00, 0x00, 0x00, 0x00, 0x00, 0x00,
    0x00, 0x00, 0x00, 0x00, 0x00, 0x00, 0x00, 0x00, 0x00, 0x00, 0x00, 0x00, 0x00, 0x00, 0x00,
    0x00, 0x00, 0x00, 0x00, 0x00, 0x00, 0x00, 0x00, 0x00, 0x00, 0x00, 0x00, 0x00, 0x00, 0x00,
    0x00, 0x00, 0x00, 0x00, 0x00, 0x00, 0x00, 0x00, 0x00, 0x00, 0x00, 0x00, 0x00, 0x00, 0x00,
    0x00, 0x00, 0x00, 0x00, 0x00, 0x00, 0x00, 0x00, 0x00, 0x00, 0x00, 0x00, 0x00, 0x00, 0x00,
    0x00, 0x00, 0x00, 0x00, 0x00, 0x00, 0x00, 0x00, 0x00, 0x00, 0x00, 0x00, 0x00, 0x00, 0x00,
    0x00, 0x00, 0x00, 0x00, 0x00, 0x00, 0x00, 0x00, 0x00, 0x00, 0x00, 0x00, 0x00, 0x00, 0x00,
    0x00, 0x00, 0x00, 0x00, 0x00, 0x00, 0x00, 0x00, 0x00, 0x00, 0x08, 0xff, 0x00, 0x01, 0x08,
    0x1c, 0x48, 0xb0, 0xa0, 0xc1, 0x83, 0x08, 0x13, 0x2a, 0x5c, 0xc8, 0xb0, 0xa1, 0x43, 0x86,
    0x0c, 0x28, 0x58, 0xb0, 0x90, 0x81, 0xc5, 0xc3, 0x8b, 0x18, 0x33, 0x1e, 0xcc, 0x70, 0x90,
    0x82, 0xc6, 0x8f, 0x20, 0x13, 0x32, 0x10, 0x98, 0x85, 0x06, 0x8e, 0x24, 0x49, 0x3c, 0x02,
    0x50, 0x19, 0xb2, 0xe5, 0xc7, 0x91, 0x6e, 0xb6, 0x24, 0x98, 0xe0, 0x81, 0x4c, 0x88, 0x04,
    0x1c, 0x68, 0x00, 0xe0, 0xe8, 0xb2, 0xe7, 0xc3, 0x88, 0x6d, 0xba, 0x78, 0x78, 0x10, 0xa0,
    0x68, 0x00, 0x02, 0x0e, 0x34, 0xe8, 0x64, 0xe9, 0xb3, 0x29, 0xc2, 0x0d, 0x00, 0x6a, 0x38,
    0xc0, 0x70, 0x94, 0x80, 0x55, 0xa3, 0x1a, 0xf6, 0xac, 0x74, 0xca, 0xb5, 0xa0, 0x47, 0x1a,
    0x13, 0x8e, 0x1a, 0x35, 0x4a, 0x20, 0x80, 0x03, 0x27, 0x7a, 0x28, 0x8c, 0xec, 0xea, 0x34,
    0xa2, 0x05, 0x2f, 0x7c, 0x3c, 0x88, 0x1d, 0x4b, 0x36, 0xc1, 0x9c, 0x0c, 0x8b, 0x2c, 0xb2,
    0x5d, 0x08, 0x75, 0x21, 0x05, 0x9e, 0x02, 0xb7, 0xc8, 0x2d, 0x4b, 0xb7, 0x28, 0x81, 0x04,
    0x59, 0x08, 0x5a, 0x58, 0x2b, 0xb2, 0xaf, 0x4f, 0xc7, 0x06, 0xd5, 0x0a, 0x14, 0xe3, 0x42,
    0xc7, 0x08, 0x25, 0x12, 0xe6, 0x8e, 0x2d, 0xeb, 0x60, 0x41, 0x8d, 0x1c, 0x38, 0xc2, 0x0c,
    0xcc, 0xc0, 0xb8, 0x60, 0x69, 0x97, 0x16, 0x9a, 0xec, 0x34, 0x78, 0x46, 0x2f, 0x09, 0x1d,
    0x1f, 0x16, 0x24, 0x98, 0x29, 0x81, 0x07, 0xd5, 0xaa, 0x84, 0x03, 0x48, 0x98, 0xa0, 0x61,
    0xf6, 0x02, 0x0e, 0x39, 0x78, 0x02, 0x1e, 0x08, 0x15, 0x90, 0x6a, 0xc8, 0x1a, 0x37, 0x58,
    0x18, 0xe1, 0x62, 0xeb, 0x40, 0x95, 0x24, 0x38, 0xc8, 0xee, 0x00, 0xe3, 0x01, 0xd1, 0x00,
    0x5f, 0x26, 0x5c, 0x37, 0x5c, 0xa2, 0x36, 0x06, 0xeb, 0x0e, 0x78, 0x27, 0xff, 0xf8, 0x30,
    0x82, 0x27, 0x63, 0x8f, 0x16, 0x38, 0xa8, 0x3e, 0x9d, 0x71, 0xa4, 0x85, 0x05, 0xcd, 0x37,
    0x58, 0x3c, 0x03, 0x20, 0xfa, 0x02, 0x0d, 0x21, 0x08, 0x4c, 0x99, 0xb2, 0xe6, 0x6a, 0x80,
    0x09, 0x09, 0x48, 0x10, 0xc2, 0x04, 0x00, 0x4a, 0x30, 0x95, 0x55, 0x65, 0x7d, 0xe7, 0x41,
    0x07, 0xe3, 0x05, 0xb7, 0x95, 0x47, 0x79, 0x38, 0x31, 0x02, 0x00, 0x16, 0xf4, 0x54, 0x21,
    0x0e, 0x12, 0x70, 0xa0, 0x08, 0x05, 0x72, 0xd4, 0x77, 0xdf, 0x50, 0x53, 0x0c, 0x10, 0x0a,
    0x1e, 0x45, 0xa4, 0x20, 0xc0, 0x0c, 0x3b, 0x60, 0x40, 0x40, 0x09, 0x04, 0x86, 0x40, 0x14,
    0x01, 0x36, 0xa4, 0x60, 0x22, 0x8a, 0x86, 0x39, 0xc0, 0x20, 0x07, 0x1c, 0x05, 0x02, 0x80,
    0x16, 0xb3, 0xdd, 0x00, 0x00, 0x7b, 0x1a, 0x31, 0xc0, 0x40, 0x1c, 0x04, 0xd6, 0x20, 0x90,
    0x74, 0x1a, 0x10, 0xf5, 0xc9, 0x00, 0x60, 0x08, 0x50, 0x81, 0x00, 0x50, 0x46, 0x10, 0x41,
    0x10, 0x74, 0x61, 0xb0, 0x83, 0x00, 0x11, 0x40, 0x89, 0xe5, 0x94, 0x63, 0x79, 0x90, 0x00,
    0x7c, 0x3b, 0x26, 0x00, 0x43, 0x0e, 0x14, 0x36, 0x55, 0xa1, 0x10, 0xe1, 0xf5, 0xd1, 0x85,
    0x98, 0x44, 0xad, 0x31, 0x80, 0x23, 0x59, 0x6a, 0xa9, 0x25, 0x97, 0x57, 0xf1, 0x10, 0xe7,
    0x93, 0x4f, 0x62, 0x49, 0x25, 0x61, 0x49, 0x2d, 0x30, 0xc2, 0x02, 0xe1, 0x51, 0x01, 0x04,
    0x90, 0x2f, 0x01, 0x41, 0x45, 0x58, 0x13, 0x2c, 0x30, 0x18, 0x01, 0x3f, 0xfc, 0x70, 0x44,
    0x9e, 0x02, 0x98, 0x61, 0xc6, 0x9c, 0x63, 0x88, 0x35, 0x43, 0x96, 0x15, 0x20, 0xc1, 0x06,
    0x12, 0x79, 0x46, 0x50, 0xe9, 0x55, 0x0f, 0x48, 0x00, 0xe8, 0x03, 0x49, 0x94, 0xe9, 0xd4,
    0x99, 0x0e, 0xe8, 0x66, 0xe0, 0x51, 0x3f, 0x80, 0x91, 0x67, 0x05, 0x4c, 0x0c, 0xff, 0x30,
    0xc0, 0x13, 0x51, 0xce, 0x50, 0xd4, 0x0e, 0x71, 0x0a, 0x20, 0xeb, 0x00, 0x77, 0xd4, 0x3a,
    0xd7, 0x4d, 0x25, 0x60, 0x20, 0x41, 0x15, 0x83, 0x72, 0xc5, 0x00, 0x10, 0x55, 0x64, 0x16,
    0x00, 0x0f, 0x80, 0x06, 0xf0, 0x83, 0x1d, 0x90, 0x0a, 0xf0, 0x84, 0x0c, 0x32, 0x30, 0x91,
    0xa7, 0x0a, 0x18, 0xd8, 0x70, 0xa7, 0xa6, 0xd4, 0x5a, 0x0b, 0x25, 0x61, 0x12, 0x48, 0xc0,
    0x99, 0x10, 0xab, 0x75, 0xb5, 0x41, 0x1a, 0x52, 0x05, 0x80, 0x41, 0x09, 0x1f, 0x38, 0xf0,
    0x03, 0x17, 0xd1, 0x4a, 0x2b, 0xc3, 0xa3, 0x02, 0xa4, 0x40, 0x40, 0xb6, 0xb9, 0x3e, 0x99,
    0xc8, 0xbc, 0x4f, 0x16, 0x51, 0x96, 0x04, 0x09, 0x18, 0xd5, 0xc1, 0x52, 0x5d, 0x8d, 0x54,
    0xc8, 0x02, 0x12, 0xac, 0x9b, 0x80, 0x8b, 0xa3, 0xc0, 0x2b, 0xe7, 0x9c, 0x50, 0xda, 0x8b,
    0xc1, 0x12, 0xb9, 0x3e, 0x1c, 0x31, 0x67, 0x5f, 0x64, 0xe6, 0x40, 0x02, 0x13, 0x56, 0x68,
    0x2c, 0x00, 0x37, 0xc8, 0x06, 0x60, 0x09, 0x64, 0x15, 0x11, 0xef, 0x9c, 0x36, 0x1c, 0xe5,
    0x40, 0x0a, 0x15, 0xcb, 0x59, 0xc1, 0x12, 0x2a, 0x16, 0x15, 0x2e, 0xc0, 0x64, 0x7a, 0xdc,
    0x16, 0x00, 0x84, 0x7c, 0xa0, 0xc1, 0x04, 0x65, 0xf5, 0x4c, 0x80, 0x21, 0x58, 0x5c, 0x61,
    0xb1, 0x00, 0x56, 0x00, 0x1c, 0xe0, 0x07, 0x46, 0xb4, 0x9c, 0x02, 0x16, 0x7e, 0x10, 0x91,
    0xdb, 0xb2, 0x1a, 0x48, 0x80, 0x83, 0xa9, 0x5c, 0x2d, 0x36, 0x42, 0x02, 0x2f, 0x1e, 0x75,
    0xc0, 0xd6, 0x43, 0x6c, 0x2d, 0x34, 0x94, 0x46, 0x28, 0x11, 0x42, 0x09, 0x04, 0x58, 0x47,
    0x86, 0x04, 0x56, 0xc8, 0x39, 0xc8, 0x01, 0x43, 0x74, 0x7d, 0x00, 0x11, 0x55, 0x05, 0x10,
    0xc2, 0x07, 0xa2, 0x11, 0xda, 0x92, 0x47, 0x24, 0x88, 0x69, 0xd8, 0xd6, 0x7c, 0xb3, 0xff,
    0x7d, 0x80, 0x94, 0x02, 0x24, 0x90, 0x6a, 0x61, 0x1d, 0x24, 0x5d, 0x01, 0x1d, 0x97, 0xf4,
    0xbd, 0xb5, 0x0a, 0x45, 0x3d, 0xa0, 0xc1, 0x1f, 0x62, 0x30, 0xc5, 0x15, 0x54, 0x1c, 0x08,
    0xae, 0xb5, 0xe2, 0x5b, 0x2f, 0x61, 0xc3, 0x0e, 0x86, 0x11, 0xe6, 0x1f, 0x01, 0x75, 0xbc,
    0x71, 0x08, 0xe6, 0x07, 0x30, 0xfe, 0xdf, 0x02, 0x82, 0x38, 0xc7, 0x16, 0x1c, 0x1b, 0x30,
    0x72, 0xdf, 0x8b, 0x98, 0xdf, 0x7b, 0x9b, 0xe7, 0xb4, 0xab, 0x4b, 0x15, 0x11, 0x8a, 0xc3,
    0x1d, 0x00, 0x0c, 0x09, 0x4c, 0x6d, 0xf3, 0x5e, 0x14, 0x6c, 0x40, 0xc2, 0x87, 0x86, 0xa9,
    0xa0, 0x02, 0xed, 0x9e, 0x97, 0xf0, 0xc2, 0x0b, 0x8f, 0xa4, 0x8a, 0x20, 0x59, 0xc6, 0x1f,
    0x1f, 0xc0, 0x03, 0x37, 0x66, 0x40, 0xda, 0x5e, 0x04, 0x41, 0x15, 0x1d, 0x9b, 0x74, 0xe5,
    0x56, 0x56, 0x14, 0x3d, 0x2c, 0x1f, 0xfe, 0xd3, 0x4f, 0x07, 0xd0, 0x49, 0x52, 0x1f, 0xe8,
    0xc0, 0x91, 0xdd, 0x5c, 0x79, 0xe4, 0x43, 0xe5, 0x1a, 0x0c, 0x45, 0x16, 0x82, 0x9c, 0xbd,
    0xd0, 0xc3, 0xfd, 0x51, 0xe0, 0xe6, 0xdf, 0xf4, 0x36, 0x7e, 0x49, 0x02, 0x00, 0x1b, 0x60,
    0x9f, 0x43, 0x14, 0xa0, 0x80, 0x82, 0x10, 0xd0, 0x80, 0x0a, 0xf0, 0x82, 0xf6, 0x2a, 0x37,
    0x13, 0x07, 0x6c, 0xc7, 0x30, 0x47, 0x29, 0x41, 0x14, 0x9c, 0x47, 0x17, 0xeb, 0x78, 0x00,
    0x60, 0xe4, 0xf1, 0x91, 0xc7, 0x0e, 0x48, 0x10, 0x0e, 0x0e, 0xc4, 0x83, 0x1d, 0xfc, 0xe0,
    0x8f, 0x0a, 0x28, 0x90, 0x02, 0x32, 0x80, 0x84, 0x00, 0x50, 0x80, 0x45, 0x14, 0xe0, 0x02,
    0xe9, 0x24, 0x00, 0x3f, 0x21, 0x70, 0xe0, 0x03, 0xc7, 0xf2, 0x00, 0x07, 0x2e, 0x08, 0x40,
    0x0b, 0x58, 0x80, 0x0e, 0x7c, 0x04, 0x00, 0x1f, 0x8c, 0x50, 0x84, 0x27, 0x04, 0x22, 0x0a,
    0xff, 0x51, 0xa8, 0x17, 0x10, 0xa6, 0x10, 0x85, 0x25, 0x44, 0x62, 0x09, 0x33, 0x20, 0x84,
    0x1a, 0x2c, 0x40, 0x09, 0x39, 0x5c, 0x40, 0x07, 0x08, 0xd4, 0x81, 0x2a, 0x4e, 0xb1, 0x37,
    0x51, 0x24, 0x8f, 0x0b, 0x7c, 0xa4, 0x00, 0x4e, 0x20, 0xf0, 0x8b, 0x1d, 0x24, 0x61, 0x01,
    0xf5, 0xd2, 0x02, 0x59, 0xa1, 0x20, 0x06, 0x20, 0x00, 0x41, 0x19, 0x07, 0x70, 0xc6, 0x34,
    0xae, 0xb1, 0x8d, 0x3e, 0x78, 0x23, 0x00, 0x48, 0x91, 0x06, 0x50, 0x34, 0xa2, 0x0c, 0x65,
    0x58, 0x40, 0x6c, 0xa2, 0x98, 0x43, 0x27, 0xe8, 0x00, 0x11, 0x9b, 0x60, 0xa3, 0x40, 0x44,
    0xf1, 0x46, 0x34, 0xaa, 0xd1, 0x8c, 0x86, 0x2c, 0xa4, 0x1b, 0xcd, 0x48, 0x40, 0x34, 0x28,
    0x20, 0x12, 0x94, 0xd8, 0xd5, 0x00, 0x56, 0x60, 0x00, 0x13, 0x48, 0x92, 0x92, 0x96, 0xdc,
    0x15, 0x26, 0x25, 0x09, 0x01, 0x28, 0x58, 0x82, 0x93, 0x50, 0x40, 0x00, 0x27, 0x0d, 0x90,
    0x09, 0x50, 0x66, 0x52, 0x56, 0x9b, 0xd4, 0x64, 0x25, 0x2f, 0xb9, 0xca, 0x5d, 0x95, 0x02,
    0x00, 0x68, 0x50, 0xc3, 0x24, 0x10, 0x70, 0x82, 0x5d, 0x5d, 0xc0, 0x00, 0x0d, 0xa8, 0xa5,
    0xac, 0x6e, 0x99, 0x4b, 0x5b, 0xe2, 0x52, 0x97, 0x03, 0xe0, 0xe5, 0x0a, 0x7c, 0xd9, 0xcb,
    0x5d, 0x1a, 0x00, 0x01, 0xc3, 0x34, 0x66, 0x31, 0x83, 0xf9, 0x4b, 0x62, 0x02, 0x93, 0x97,
    0xc0, 0xf4, 0x84, 0x40, 0xd4, 0xd0, 0x80, 0x06, 0x98, 0x00, 0x02, 0x10, 0xe0, 0x25, 0x2e,
    0xb1, 0xa9, 0xcd, 0x06, 0x70, 0x13, 0x97, 0xdb, 0xcc, 0x26, 0x38, 0xbd, 0x29, 0xce, 0x06,
    0x84, 0xf3, 0x96, 0x26, 0x38, 0xe7, 0x38, 0xbf, 0x69, 0x4e, 0x72, 0x76, 0x93, 0x9d, 0xe1,
    0xd4, 0x04, 0x24, 0x7a, 0xc8, 0x80, 0x02, 0x20, 0x00, 0x01, 0x06, 0x30, 0x80, 0x08, 0xee,
    0x79, 0x3f, 0xcf, 0x7c, 0xee, 0x93, 0x9f, 0xfe, 0xe4, 0x27, 0x3e, 0xf5, 0x29, 0xd0, 0x80,
    0x02, 0x94, 0xa0, 0x07, 0xfd, 0x67, 0x3f, 0x11, 0xba, 0x50, 0x85, 0x0e, 0xd4, 0xa1, 0xf9,
    0x34, 0x00, 0x26, 0x04, 0xc2, 0x02, 0x1f, 0x48, 0xa2, 0x00, 0x52, 0x28, 0x80, 0x46, 0x37,
    0xca, 0xd1, 0x8e, 0x7a, 0xf4, 0xa3, 0x20, 0x0d, 0xa9, 0x48, 0x47, 0xba, 0x51, 0x29, 0x48,
    0xa1, 0x12, 0x02, 0x09, 0x08, 0x00, 0x21, 0xf9, 0x04, 0x09, 0x09, 0x00, 0x00, 0x00, 0x2c,
    0x00, 0x00, 0x00, 0x00, 0x50, 0x00, 0x28, 0x00, 0x87, 0x00, 0x00, 0x00, 0xfe, 0xe4, 0x68,
    0x13, 0x17, 0x26, 0xfb, 0xdc, 0x64, 0xfe, 0xfe, 0xfd, 0xff, 0xbd, 0x49, 0xfe, 0xb5, 0x32,
    0xb0, 0x76, 0x07, 0xff, 0xff, 0xff, 0xfe, 0xbc, 0x46, 0xfe, 0xa7, 0x63, 0xa9, 0x55, 0x00,
    0xa4, 0x6b, 0x02, 0xfb, 0xd6, 0x56, 0xff, 0x00, 0x00, 0xfe, 0xbd, 0x49, 0x04, 0x0a, 0x22,
    0xf2, 0xc8, 0x4e, 0xfe, 0xe5, 0xb7, 0xfe, 0xf3, 0x6f, 0x03, 0x07, 0x1a, 0xfd, 0xd5, 0x89,
    0xcc, 0x99, 0x25, 0x98, 0x66, 0x00, 0xa3, 0x6b, 0x03, 0xd4, 0xa6, 0x30, 0xb8, 0x7b, 0x05,
    0xc3, 0x89, 0x11, 0xe4, 0xb4, 0x37, 0x9c, 0x65, 0x00, 0x88, 0x7a, 0x45, 0xb9, 0x87, 0x19,
    0x7f, 0x7f, 0x00, 0xfd, 0xbb, 0x5b, 0xab, 0x74, 0x07, 0xff, 0xb9, 0x3a, 0xe8, 0xb9, 0x4a,
    0xff, 0xf0, 0xd8, 0xa3, 0x6c, 0x03, 0xce, 0x97, 0x1d, 0xfe, 0xc4, 0x5b, 0xff, 0xff, 0x00,
    0xff, 0xfe, 0xfa, 0x21, 0x23, 0x2a, 0xa9, 0x73, 0x0c, 0xfd, 0xc5, 0x64, 0xff, 0xfe, 0xfe,
    0xff, 0xff, 0xff, 0xa3, 0x6c, 0x03, 0xfe, 0xe7, 0xc2, 0xff, 0x84, 0x46, 0xff, 0xb6, 0x68,
    0xfe, 0xba, 0x63, 0xff, 0xdf, 0xbf, 0x48, 0x4a, 0x54, 0x58, 0x5b, 0x66, 0x95, 0x5a, 0x00,
    0xa3, 0x6a, 0x02, 0xff, 0x7f, 0x00, 0xff, 0x79, 0x43, 0xfc, 0xe7, 0x8e, 0x51, 0x4b, 0x35,
    0x94, 0x5a, 0x00, 0xac, 0x6c, 0x04, 0xb3, 0x8c, 0x2b, 0xc8, 0x92, 0x24, 0xcf, 0xb4, 0x4e,
    0xe3, 0xad, 0x2b, 0xf0, 0xea, 0xc9, 0x7f, 0x49, 0x00, 0x7e, 0x73, 0x49, 0x91, 0x4a, 0x00,
    0x9c, 0x63, 0x01, 0xa4, 0x6d, 0x05, 0xa9, 0x71, 0x06, 0xb9, 0xa4, 0x52, 0xb3, 0xb5, 0xb9,
    0xc1, 0xc2, 0xc6, 0xff, 0xaa, 0x55, 0xff, 0xa9, 0x53, 0xff, 0xc1, 0x51, 0xff, 0xfe, 0xd9,
    0x1d, 0x21, 0x2b, 0x34, 0x27, 0x17, 0x47, 0x36, 0x34, 0x58, 0x50, 0x38, 0x7f, 0x00, 0x00,
    0x8d, 0x52, 0x00, 0x99, 0x5f, 0x00, 0x8d, 0x61, 0x46, 0x82, 0x84, 0x8d, 0xb2, 0x7a, 0x50,
    0xb5, 0xb1, 0x9a, 0xd0, 0x8b, 0x11, 0xd5, 0x9c, 0x0f, 0xcf, 0xb3, 0x7d, 0xff, 0x7f, 0x7f,
    0xff, 0xbf, 0x3f, 0xff, 0xf6, 0xd6, 0x0d, 0x10, 0x1f, 0x3f, 0x00, 0x00, 0x36, 0x39, 0x40,
    0x7f, 0x3f, 0x00, 0x63, 0x3f, 0x06, 0x7f, 0x59, 0x00, 0x76, 0x50, 0x0c, 0x72, 0x53, 0x3f,
    0x7f, 0x7f, 0x7f, 0x7c, 0x7e, 0x88, 0x8e, 0x4f, 0x00, 0x98, 0x5a, 0x00, 0x98, 0x5f, 0x00,
    0x99, 0x5f, 0x00, 0x9b, 0x66, 0x03, 0x99, 0x61, 0x00, 0x9f, 0x67, 0x01, 0x81, 0x80, 0x74,
    0xa1, 0x6a, 0x04, 0xaa, 0x77, 0x08, 0xaa, 0x71, 0x04, 0xbb, 0x88, 0x11, 0xb7, 0x81, 0x1e,
    0xbe, 0x9e, 0x41, 0xaa, 0xaa, 0x00, 0xa9, 0xaa, 0xb0, 0xc4, 0x89, 0x27, 0xc0, 0x8e, 0x20,
    0xc2, 0x9d, 0x58, 0xdc, 0xa2, 0x2e, 0xdd, 0xaa, 0x44, 0xc5, 0xae, 0x5c, 0xde, 0xb3, 0x3c,
    0xd0, 0xb5, 0x82, 0xc2, 0xbe, 0xa6, 0xff, 0x00, 0xff, 0xe6, 0x9a, 0x5d, 0xff, 0x98, 0x4d,
    0xff, 0xad, 0x17, 0xfb, 0xae, 0x23, 0xf3, 0xa3, 0x5f, 0xff, 0xbf, 0x37, 0xff, 0xbd, 0x2b,
    0xff, 0xbc, 0x48, 0xff, 0xbe, 0x46, 0xff, 0xc3, 0x5b, 0xff, 0xc4, 0x75, 0xff, 0xc6, 0x60,
    0xff, 0xd4, 0x6a, 0xff, 0xd1, 0x6c, 0xff, 0xd3, 0x84, 0xe4, 0xd4, 0xb6, 0xeb, 0xd7, 0xc4,
    0xff, 0xe1, 0x5f, 0xff, 0xe8, 0xbb, 0xf9, 0xec, 0xad, 0xf8, 0xef, 0xda, 0xff, 0xff, 0x3f,
    0xff, 0xf2, 0x9c, 0xfd, 0xf2, 0xb2, 0xff, 0xff, 0xff, 0xff, 0xff, 0xff, 0x00, 0x00, 0x00,
    0x00, 0x00, 0x00, 0x00, 0x00, 0x00, 0x00, 0x00, 0x00, 0x00, 0x00, 0x00, 0x00, 0x00, 0x00,
    0x00, 0x00, 0x00, 0x00, 0x00, 0x00, 0x00, 0x00, 0x00, 0x00, 0x00, 0x00, 0x00, 0x00, 0x00,
    0x00, 0x00, 0x00, 0x00, 0x00, 0x00, 0x00, 0x00, 0x00, 0x00, 0x00, 0x00, 0x00, 0x00, 0x00,
    0x00, 0x00, 0x00, 0x00, 0x00, 0x00, 0x00, 0x00, 0x00, 0x00, 0x00, 0x00, 0x00, 0x00, 0x00,
    0x00, 0x00, 0x00, 0x00, 0x00, 0x00, 0x00, 0x00, 0x00, 0x00, 0x00, 0x00, 0x00, 0x00, 0x00,
    0x00, 0x00, 0x00, 0x00, 0x00, 0x00, 0x00, 0x00, 0x00, 0x00, 0x00, 0x00, 0x00, 0x00, 0x00,
    0x00, 0x00, 0x00, 0x00, 0x00, 0x00, 0x00, 0x00, 0x00, 0x00, 0x00, 0x00, 0x00, 0x00, 0x00,
    0x00, 0x00, 0x00, 0x00, 0x00, 0x00, 0x00, 0x00, 0x00, 0x00, 0x00, 0x00, 0x00, 0x00, 0x00,
    0x00, 0x00, 0x00, 0x00, 0x00, 0x00, 0x00, 0x00, 0x00, 0x00, 0x00, 0x00, 0x00, 0x00, 0x00,
    0x00, 0x00, 0x00, 0x00, 0x00, 0x00, 0x00, 0x00, 0x00, 0x00, 0x00, 0x00, 0x00, 0x00, 0x00,
    0x00, 0x00, 0x00, 0x00, 0x00, 0x00, 0x00, 0x00, 0x00, 0x00, 0x00, 0x00, 0x00, 0x00, 0x00,
    0x00, 0x00, 0x00, 0x00, 0x00, 0x00, 0x00, 0x00, 0x00, 0x00, 0x00, 0x00, 0x00, 0x00, 0x00,
    0x00, 0x00, 0x00, 0x00, 0x00, 0x00, 0x00, 0x00, 0x00, 0x00, 0x00, 0x00, 0x00, 0x00, 0x00,
    0x00, 0x00, 0x00, 0x00, 0x00, 0x00, 0x00, 0x00, 0x00, 0x00, 0x00, 0x00, 0x00, 0x00, 0x00,
    0x00, 0x00, 0x00, 0x00, 0x00, 0x00, 0x00, 0x00, 0x00, 0x00, 0x00, 0x00, 0x00, 0x00, 0x00,
    0x00, 0x00, 0x00, 0x00, 0x00, 0x00, 0x00, 0x00, 0x00, 0x00, 0x00, 0x00, 0x00, 0x00, 0x00,
    0x00, 0x00, 0x00, 0x00, 0x00, 0x00, 0x00, 0x00, 0x00, 0x00, 0x00, 0x00, 0x00, 0x00, 0x00,
    0x00, 0x00, 0x00, 0x00, 0x00, 0x00, 0x00, 0x00, 0x00, 0x00, 0x00, 0x00, 0x00, 0x00, 0x00,
    0x00, 0x00, 0x00, 0x00, 0x00, 0x00, 0x00, 0x00, 0x00, 0x00, 0x00, 0x00, 0x08, 0xff, 0x00,
    0x01, 0x08, 0x1c, 0x48, 0xb0, 0xa0, 0xc1, 0x83, 0x08, 0x05, 0x3a, 0x58, 0x98, 0xb0, 0xa1,
    0xc3, 0x87, 0x10, 0x23, 0x1a, 0x5c, 0xa0, 0x81, 0xe0, 0x05, 0x07, 0x12, 0x33, 0x6a, 0xdc,
    0x88, 0xf0, 0x4a, 0x91, 0x05, 0x03, 0x75, 0x70, 0x1c, 0x49, 0x12, 0x61, 0x0a, 0x10, 0x00,
    0x70, 0xe4, 0x38, 0xc0, 0x12, 0x83, 0x8f, 0x23, 0x00, 0x40, 0x96, 0x9c, 0x39, 0x12, 0x23,
    0x19, 0x0c, 0x16, 0x38, 0x34, 0x18, 0x30, 0x20, 0x42, 0x86, 0x03, 0x38, 0x62, 0xd2, 0x1c,
    0x2a, 0xd1, 0x01, 0x88, 0x23, 0x18, 0x22, 0x04, 0x58, 0xca, 0x34, 0xc0, 0x00, 0x0b, 0x41,
    0x65, 0x12, 0x9d, 0x8a, 0xf0, 0x02, 0x00, 0x2c, 0x1c, 0x26, 0xf0, 0x64, 0xba, 0x35, 0xc0,
    0x81, 0x2b, 0x00, 0x30, 0x52, 0x1d, 0x3b, 0xd0, 0x41, 0x8a, 0x22, 0x07, 0x1a, 0x34, 0x6d,
    0x3a, 0x20, 0x40, 0x06, 0x1f, 0x86, 0xa4, 0x92, 0x1d, 0xea, 0x80, 0xe2, 0xc0, 0x03, 0x6d,
    0xd7, 0x2e, 0x6d, 0xcb, 0xc1, 0xc7, 0xc0, 0x8b, 0x73, 0x1d, 0x8a, 0x45, 0x68, 0x74, 0x20,
    0x9e, 0x20, 0x26, 0xf0, 0xea, 0xdd, 0xeb, 0x16, 0x49, 0x10, 0x2f, 0x04, 0xe5, 0x1e, 0x4c,
    0x41, 0xf4, 0x02, 0x48, 0x94, 0x06, 0x1d, 0x54, 0x04, 0xa0, 0x41, 0x04, 0x8b, 0x0e, 0x1d,
    0x18, 0x30, 0xc8, 0xe0, 0x34, 0x6f, 0x69, 0xa7, 0x2c, 0x43, 0x63, 0x80, 0xd1, 0x45, 0x60,
    0x0a, 0xc9, 0x03, 0x41, 0x5a, 0x9d, 0x09, 0xe2, 0x02, 0x8c, 0x1f, 0x42, 0x09, 0x8a, 0xe4,
    0x9c, 0x43, 0xf4, 0x81, 0x13, 0x27, 0x74, 0x02, 0x11, 0xb2, 0x78, 0x00, 0x90, 0x41, 0x11,
    0x2c, 0x58, 0xd8, 0x70, 0x80, 0xc1, 0x1d, 0x11, 0x0a, 0x27, 0x02, 0x30, 0x61, 0x02, 0x00,
    0xe6, 0x91, 0x20, 0x4d, 0x24, 0x41, 0x93, 0x1b, 0x80, 0x55, 0x0d, 0x39, 0x3a, 0x1c, 0xff,
    0xd8, 0xa0, 0x33, 0xc0, 0x84, 0xf3, 0x01, 0x3e, 0x7c, 0xc8, 0xd0, 0x60, 0x27, 0x09, 0x0b,
    0x07, 0x48, 0x9c, 0x3f, 0xdf, 0x20, 0x79, 0x4b, 0xe8, 0x20, 0x64, 0x9e, 0x04, 0x20, 0x22,
    0x89, 0x65, 0x9a, 0x20, 0x25, 0x71, 0x40, 0x1c, 0xde, 0xed, 0x27, 0x02, 0x03, 0xbf, 0x45,
    0xc0, 0x43, 0x14, 0x51, 0x70, 0x61, 0x84, 0x07, 0x1e, 0x0c, 0x30, 0xc1, 0x7b, 0x2c, 0x1d,
    0xb0, 0x9e, 0x79, 0x4b, 0x40, 0x18, 0xe1, 0x04, 0x01, 0x34, 0xc0, 0x01, 0x73, 0x18, 0x38,
    0x11, 0x13, 0x08, 0x20, 0x68, 0x80, 0xc1, 0x01, 0xd5, 0xc1, 0xb6, 0xd1, 0x02, 0x0e, 0xd4,
    0xc1, 0x52, 0x50, 0x9c, 0x29, 0xd1, 0xc1, 0x06, 0x11, 0x34, 0xe0, 0x09, 0x01, 0x85, 0xd8,
    0x00, 0x01, 0x05, 0x10, 0x40, 0xb0, 0x82, 0x07, 0xe6, 0x0d, 0xd0, 0x9e, 0x84, 0x42, 0xf4,
    0xd0, 0x63, 0x8f, 0x3f, 0xe6, 0xd5, 0xc0, 0x10, 0x07, 0x60, 0x00, 0x1d, 0x00, 0x7b, 0x60,
    0xb0, 0x01, 0x06, 0xdd, 0xcd, 0x04, 0x12, 0x06, 0x3f, 0xe1, 0x10, 0xc4, 0x89, 0x16, 0xa8,
    0xa5, 0x09, 0x01, 0x5c, 0xec, 0x28, 0x80, 0x00, 0x14, 0x8c, 0x49, 0x41, 0x0f, 0xa6, 0x05,
    0xb0, 0x44, 0x8f, 0x64, 0x96, 0x49, 0x66, 0x15, 0xa6, 0x7d, 0xc8, 0x80, 0x08, 0x47, 0x20,
    0x61, 0xc1, 0x09, 0x6e, 0x54, 0x59, 0xd2, 0x02, 0x08, 0xb4, 0x61, 0x41, 0x00, 0x7e, 0x88,
    0x37, 0xc4, 0x52, 0x0b, 0x12, 0x31, 0xe6, 0xa1, 0x6c, 0x8c, 0x29, 0x05, 0x05, 0x1e, 0x68,
    0xe5, 0xd4, 0xa1, 0x14, 0xdc, 0x70, 0x83, 0x9b, 0x8c, 0x6a, 0xd5, 0x56, 0x03, 0x1b, 0x88,
    0x16, 0x41, 0x04, 0x48, 0xe8, 0x39, 0x93, 0x55, 0x72, 0x28, 0xf5, 0xc1, 0x01, 0x4b, 0x35,
    0xc0, 0x03, 0x01, 0x74, 0xb8, 0x29, 0x40, 0x13, 0x04, 0x30, 0x71, 0xe8, 0x0a, 0x79, 0x79,
    0xff, 0x00, 0x01, 0x99, 0x37, 0x10, 0x40, 0xc0, 0xa4, 0x63, 0xc2, 0x7a, 0x1a, 0x07, 0x0c,
    0x88, 0x0a, 0x00, 0x02, 0x56, 0x50, 0x65, 0x14, 0x5a, 0x6d, 0xa9, 0xd7, 0x16, 0x0f, 0x44,
    0xac, 0x70, 0xe8, 0xaa, 0x04, 0xbc, 0xe0, 0xaa, 0x00, 0x10, 0x34, 0x3a, 0x80, 0xb2, 0xb4,
    0xda, 0xfa, 0x02, 0x1f, 0x63, 0x46, 0xeb, 0xa8, 0x10, 0xf1, 0x4d, 0xf0, 0x16, 0x02, 0xb3,
    0x51, 0x65, 0x15, 0x16, 0xa4, 0x05, 0x40, 0xc2, 0x01, 0x1c, 0x74, 0x42, 0x84, 0x14, 0xcb,
    0x0a, 0xc0, 0xc4, 0x0b, 0x2f, 0x64, 0x2b, 0x2d, 0xb5, 0x64, 0xda, 0xd0, 0x04, 0xbc, 0xf2,
    0x6a, 0xf5, 0x81, 0x05, 0x97, 0x1e, 0x60, 0xd5, 0x60, 0x53, 0x59, 0x05, 0x43, 0x5a, 0x01,
    0x44, 0x60, 0x61, 0x00, 0x86, 0xb6, 0x2b, 0x80, 0x16, 0x36, 0x94, 0x09, 0x81, 0x11, 0x13,
    0x44, 0xd0, 0x6e, 0x99, 0x0c, 0xcf, 0xfa, 0xf0, 0x84, 0xa3, 0x2d, 0x95, 0x41, 0x07, 0x7d,
    0x84, 0x45, 0x96, 0x55, 0x4a, 0x8c, 0x16, 0x41, 0x07, 0x24, 0x38, 0xc5, 0x43, 0xc3, 0x13,
    0xbb, 0x09, 0x81, 0x10, 0x1c, 0x1a, 0x39, 0xf1, 0x18, 0xd9, 0x2e, 0xb1, 0x97, 0x7a, 0x0d,
    0x34, 0x87, 0x1b, 0xc0, 0x95, 0x01, 0xb0, 0x92, 0x85, 0x4a, 0xb5, 0x35, 0x81, 0x20, 0xd9,
    0x2a, 0x0c, 0x41, 0x0f, 0x19, 0x58, 0x90, 0x01, 0x10, 0x0a, 0x43, 0x3b, 0x66, 0x15, 0x8c,
    0xb9, 0xc5, 0x12, 0x03, 0x15, 0xe1, 0x3c, 0x54, 0x76, 0x07, 0xfc, 0xe9, 0x94, 0x53, 0x2d,
    0xcc, 0xa0, 0xc0, 0x21, 0x59, 0x50, 0x31, 0xeb, 0xa1, 0x69, 0xec, 0xab, 0x9c, 0x05, 0x0c,
    0x4c, 0xd1, 0xae, 0x1a, 0x5b, 0x28, 0xa0, 0x00, 0x0d, 0x2d, 0xb4, 0xd5, 0x16, 0x09, 0x1f,
    0x60, 0xf0, 0x83, 0x8a, 0x34, 0x61, 0xc4, 0x49, 0x07, 0x7f, 0xba, 0xad, 0xf6, 0xde, 0x33,
    0xcc, 0xff, 0xe0, 0x35, 0x04, 0x53, 0xf4, 0x9a, 0xe6, 0x00, 0x27, 0x9c, 0xf1, 0xf5, 0x16,
    0x7d, 0xef, 0xbd, 0xf6, 0xd5, 0x35, 0xc3, 0xe0, 0x5d, 0x60, 0x17, 0xe8, 0xc0, 0x02, 0xba,
    0x4b, 0xb5, 0xa0, 0xb8, 0x02, 0x8b, 0xcc, 0x90, 0x85, 0x00, 0x2b, 0x00, 0xa1, 0x54, 0x69,
    0x5d, 0xe9, 0x51, 0xc6, 0xac, 0x97, 0xef, 0x7d, 0x69, 0xa6, 0x51, 0x07, 0x56, 0x57, 0x17,
    0x73, 0x6c, 0xa0, 0xd6, 0x00, 0xa5, 0x2b, 0xd0, 0x76, 0x5e, 0x5d, 0x35, 0x1d, 0x40, 0x05,
    0x15, 0xd0, 0x50, 0x3a, 0x0d, 0x01, 0x60, 0x32, 0x04, 0x03, 0x29, 0x06, 0x26, 0x10, 0x48,
    0x76, 0x30, 0x40, 0x23, 0xd6, 0x7b, 0xb7, 0xcd, 0x55, 0x5e, 0x11, 0x3c, 0x41, 0x82, 0xdb,
    0xa6, 0x0d, 0xd0, 0x82, 0xee, 0x6b, 0xb7, 0xd0, 0x21, 0x93, 0x54, 0xd2, 0x4d, 0x55, 0x76,
    0x08, 0x72, 0xb0, 0x57, 0x57, 0x3c, 0x99, 0xf6, 0xc4, 0x0e, 0xe4, 0xcb, 0xd0, 0x73, 0xf8,
    0xcb, 0x97, 0x9a, 0x29, 0x06, 0x5e, 0x98, 0x21, 0xf5, 0x5c, 0x22, 0x99, 0x98, 0xe0, 0xf2,
    0x83, 0xcb, 0xb0, 0x83, 0x0c, 0xf6, 0x3f, 0x71, 0x35, 0xe8, 0x4a, 0xca, 0x09, 0x9d, 0x15,
    0xef, 0x0b, 0x0c, 0x48, 0x34, 0x20, 0xa3, 0xdf, 0x70, 0x60, 0x70, 0x5b, 0x89, 0x00, 0x22,
    0xf0, 0xf7, 0x3c, 0xd0, 0x35, 0xc5, 0x27, 0xeb, 0x83, 0xce, 0x6e, 0x68, 0x82, 0x00, 0x04,
    0x14, 0xa4, 0x82, 0x17, 0x44, 0x00, 0x66, 0xc0, 0x23, 0x9e, 0x0d, 0x64, 0xa0, 0x46, 0x6a,
    0x59, 0x4b, 0xed, 0x98, 0xd2, 0x1e, 0x0e, 0x9c, 0xa0, 0x39, 0x4e, 0x1a, 0xde, 0x40, 0x30,
    0x48, 0x10, 0x16, 0xae, 0xd0, 0x82, 0x06, 0x81, 0xe1, 0xaf, 0xc2, 0x22, 0x43, 0x0b, 0x3a,
    0x40, 0x86, 0x6b, 0x98, 0xcd, 0x0f, 0x60, 0x80, 0x01, 0x04, 0x8d, 0xe7, 0x4e, 0x3a, 0x01,
    0x61, 0x7b, 0xff, 0xea, 0x53, 0x34, 0xf8, 0x34, 0xa7, 0x03, 0x2c, 0x78, 0x52, 0x4c, 0x6c,
    0x58, 0x43, 0x1a, 0xae, 0xd0, 0x89, 0x02, 0x91, 0x21, 0x65, 0x7e, 0x25, 0xc3, 0x28, 0x56,
    0x91, 0x8a, 0x17, 0x14, 0x88, 0x06, 0x60, 0x00, 0x83, 0x37, 0x88, 0xc6, 0x87, 0xcd, 0xf9,
    0xe2, 0x01, 0x40, 0x03, 0x07, 0x16, 0xe4, 0xc1, 0x04, 0x9b, 0x01, 0xc0, 0x25, 0xae, 0xe8,
    0x42, 0x2b, 0x66, 0x30, 0x8a, 0x00, 0x98, 0xa2, 0x0a, 0x6c, 0xe5, 0x82, 0x1a, 0x84, 0x20,
    0x04, 0x73, 0x24, 0x40, 0x1d, 0xef, 0x98, 0xc7, 0x3d, 0xe2, 0x91, 0x8e, 0x30, 0xcc, 0xa3,
    0x25, 0x58, 0x40, 0xc8, 0x3f, 0x10, 0xe2, 0x0b, 0x5f, 0x60, 0x41, 0x10, 0x00, 0xb1, 0x09,
    0x78, 0x81, 0x02, 0x01, 0x81, 0xf8, 0xa3, 0x1e, 0xed, 0x28, 0x49, 0x3f, 0xf6, 0x91, 0x92,
    0x7d, 0xac, 0x20, 0x18, 0x10, 0xc0, 0x08, 0x48, 0xd8, 0xca, 0x56, 0x31, 0x30, 0x00, 0x0a,
    0x3e, 0x49, 0x80, 0x50, 0x8e, 0xf2, 0x93, 0xa6, 0x24, 0xa5, 0x04, 0x14, 0x71, 0x4a, 0x5b,
    0x89, 0xa1, 0x11, 0x94, 0x20, 0xa5, 0x18, 0x0c, 0x20, 0x09, 0x55, 0x8a, 0x92, 0x94, 0xa9,
    0x44, 0xe5, 0x2d, 0x75, 0xd9, 0x4a, 0x02, 0x7c, 0x02, 0x00, 0x60, 0x08, 0xc3, 0x23, 0x12,
    0x50, 0x82, 0x4f, 0x56, 0xc0, 0x00, 0x0f, 0x28, 0xa6, 0xad, 0x8e, 0x99, 0x4c, 0x63, 0x22,
    0x53, 0x99, 0x04, 0x60, 0x26, 0x34, 0x8f, 0x99, 0x80, 0x18, 0x38, 0xb3, 0x99, 0xcb, 0x7c,
    0xe6, 0x35, 0xa7, 0xa9, 0xcd, 0x6c, 0x62, 0x93, 0x00, 0x99, 0x10, 0x48, 0x18, 0x1e, 0xf0,
    0x00, 0x14, 0x48, 0x40, 0x02, 0xcc, 0x44, 0xe6, 0x39, 0xd3, 0xf9, 0x80, 0x75, 0x22, 0x53,
    0x9d, 0xe8, 0x7c, 0x67, 0x3b, 0xe3, 0xf9, 0x00, 0x78, 0xb2, 0xd3, 0x9d, 0xf5, 0x9c, 0xe7,
    0x3d, 0xe9, 0x69, 0x52, 0x4f, 0x79, 0x9e, 0xb3, 0x12, 0x89, 0x00, 0x80, 0x13, 0x1c, 0x50,
    0x80, 0x04, 0x24, 0xc0, 0x00, 0x06, 0x18, 0x81, 0x41, 0x0d, 0x8a, 0x50, 0x85, 0x2e, 0xb4,
    0xa1, 0x0b, 0x3d, 0x68, 0x42, 0x23, 0x0a, 0xd1, 0x87, 0x4e, 0xd4, 0xa2, 0x0e, 0x65, 0xe8,
    0x45, 0x35, 0x9a, 0x51, 0x89, 0x76, 0x14, 0xa1, 0x06, 0x98, 0x84, 0x6b, 0x9c, 0xe0, 0x88,
    0x02, 0x40, 0xa1, 0x00, 0x28, 0x4d, 0xa9, 0x4a, 0x57, 0xca, 0xd2, 0x96, 0xba, 0xf4, 0xa5,
    0x30, 0x8d, 0x69, 0x4a, 0xa1, 0x00, 0x85, 0x48, 0x08, 0x24, 0x20, 0x00, 0x21, 0xf9, 0x04,
    0x09, 0x12, 0x00, 0x00, 0x00, 0x2c, 0x00, 0x00, 0x00, 0x00, 0x50, 0x00, 0x28, 0x00, 0x87,
    0x00, 0x00, 0x00, 0xfe, 0xe4, 0x68, 0x13, 0x17, 0x26, 0xfe, 0xfe, 0xfd, 0xfb, 0xdb, 0x64,
    0xff, 0xbd, 0x49, 0xfe, 0xb5, 0x32, 0xb1, 0x77, 0x07, 0xfd, 0xa7, 0x62, 0xff, 0xbc, 0x46,
    0xff, 0xff, 0xff, 0xa4, 0x6b, 0x02, 0xff, 0x00, 0x00, 0xfe, 0xbd, 0x49, 0xfb, 0xd6, 0x57,
    0x03, 0x06, 0x18, 0x04, 0x09, 0x22, 0xa9, 0x55, 0x00, 0xcd, 0x9a, 0x24, 0xf2, 0xc8, 0x4c,
    0x99, 0x66, 0x00, 0xff, 0xe5, 0xb6, 0xff, 0xd5, 0x8a, 0xb9, 0x86, 0x19, 0xb7, 0x7c, 0x05,
    0xc3, 0x8a, 0x13, 0x7f, 0x7f, 0x00, 0xa4, 0x6c, 0x02, 0xd4, 0xa5, 0x2e, 0x9c, 0x65, 0x00,
    0xfd, 0xbb, 0x5b, 0xce, 0x96, 0x1c, 0xe4, 0xb4, 0x36, 0xaa, 0x74, 0x07, 0xff, 0xf0, 0xd8,
    0xfc, 0xfc, 0xfd, 0x87, 0x7a, 0x46, 0xff, 0xb9, 0x3a, 0xe7, 0xb9, 0x4a, 0xfe, 0xc4, 0x5b,
    0xff, 0xf3, 0x6f, 0xfe, 0xfe, 0xfc, 0x22, 0x23, 0x2a, 0xa2, 0x6c, 0x04, 0xfc, 0xc7, 0x63,
    0xff, 0xff, 0x00, 0xff, 0xfe, 0xfa, 0xa3, 0x6b, 0x03, 0xff, 0xe7, 0xc0, 0x9d, 0x64, 0x00,
    0xab, 0x74, 0x0b, 0x93, 0x58, 0x00, 0xd1, 0xb5, 0x4e, 0xff, 0x84, 0x47, 0xff, 0xdf, 0xbf,
    0xfe, 0xfc, 0xd5, 0x4c, 0x48, 0x35, 0x49, 0x4d, 0x57, 0x57, 0x5a, 0x65, 0xba, 0xa7, 0x54,
    0xff, 0x79, 0x43, 0xff, 0xb8, 0x69, 0x9c, 0x63, 0x00, 0x81, 0x83, 0x8b, 0xa4, 0x6e, 0x04,
    0xe3, 0xad, 0x2c, 0xff, 0xe1, 0x57, 0x7a, 0x00, 0x00, 0x7b, 0x7c, 0x77, 0x8f, 0x56, 0x00,
    0x92, 0x5e, 0x05, 0x9d, 0x68, 0x03, 0xa7, 0x70, 0x06, 0xa9, 0x71, 0x05, 0xc6, 0x88, 0x0e,
    0xff, 0x7f, 0x00, 0xff, 0xaa, 0x55, 0xfe, 0xa9, 0x53, 0xfd, 0xba, 0x62, 0xff, 0xc1, 0x51,
    0xfc, 0xc8, 0x6f, 0xff, 0xf9, 0xb1, 0x2d, 0x22, 0x18, 0x4f, 0x3c, 0x36, 0x55, 0x51, 0x3b,
    0x51, 0x51, 0x58, 0x72, 0x39, 0x00, 0x7d, 0x57, 0x42, 0x90, 0x53, 0x00, 0x93, 0x59, 0x00,
    0x96, 0x5b, 0x00, 0x9d, 0x65, 0x01, 0x8d, 0x81, 0x4c, 0x85, 0x84, 0x7a, 0xa6, 0x6b, 0x00,
    0xa2, 0x6c, 0x07, 0xb5, 0x87, 0x16, 0xbe, 0x8c, 0x22, 0xc9, 0x94, 0x17, 0xd0, 0x96, 0x2e,
    0xc1, 0xc2, 0xc6, 0xff, 0x00, 0xff, 0xff, 0x7f, 0x7f, 0xfd, 0xaf, 0x24, 0xff, 0xbf, 0x3f,
    0xf2, 0xcc, 0x99, 0xff, 0xe9, 0xc4, 0xff, 0xf4, 0x88, 0xff, 0xff, 0xb0, 0x1d, 0x23, 0x37,
    0x3f, 0x00, 0x00, 0x3f, 0x3f, 0x00, 0x55, 0x2a, 0x2a, 0x54, 0x39, 0x0e, 0x5e, 0x42, 0x14,
    0x7f, 0x4f, 0x00, 0x75, 0x53, 0x3f, 0x6d, 0x6d, 0x00, 0x79, 0x64, 0x4b, 0x7f, 0x73, 0x43,
    0x7c, 0x7e, 0x88, 0x7f, 0x81, 0x8a, 0x8b, 0x4e, 0x00, 0x91, 0x48, 0x24, 0x89, 0x62, 0x44,
    0x9c, 0x73, 0x1c, 0xab, 0x79, 0x08, 0xa8, 0x70, 0x05, 0xbf, 0x7f, 0x3f, 0xaf, 0x78, 0x4f,
    0xaf, 0x82, 0x26, 0xaa, 0xaa, 0x00, 0xbf, 0xb2, 0x59, 0xb6, 0xb1, 0x9f, 0xb7, 0xb9, 0xbd,
    0xcc, 0x66, 0x00, 0xc4, 0x95, 0x5a, 0xdc, 0xa2, 0x2e, 0xdf, 0xb0, 0x36, 0xdc, 0xe8, 0xed,
    0xff, 0x98, 0x4e, 0xe7, 0xa2, 0x17, 0xff, 0xad, 0x17, 0xe9, 0xaa, 0x3f, 0xfd, 0xa4, 0x5e,
    0xff, 0xbf, 0x37, 0xff, 0xbc, 0x48, 0xff, 0xbe, 0x46, 0xe3, 0xbf, 0x76, 0xf7, 0xbe, 0x8a,
    0xff, 0xc6, 0x55, 0xff, 0xc3, 0x5b, 0xff, 0xc5, 0x60, 0xff, 0xd0, 0x5c, 0xff, 0xd4, 0x6a,
    0xec, 0xd1, 0x91, 0xff, 0xd3, 0x84, 0xf2, 0xde, 0x8d, 0xef, 0xdf, 0xab, 0xeb, 0xd7, 0xc4,
    0xf9, 0xe5, 0x97, 0xff, 0xe8, 0xbb, 0xf6, 0xea, 0xd5, 0xec, 0xe6, 0xc4, 0xff, 0xe7, 0xe7,
    0xff, 0xff, 0x55, 0xff, 0xff, 0x7f, 0xff, 0xf8, 0x86, 0xff, 0xff, 0xff, 0xff, 0xff, 0xff,
    0xff, 0xff, 0xff, 0x00, 0x00, 0x00, 0x00, 0x00, 0x00, 0x00, 0x00, 0x00, 0x00, 0x00, 0x00,
    0x00, 0x00, 0x00, 0x00, 0x00, 0x00, 0x00, 0x00, 0x00, 0x00, 0x00, 0x00, 0x00, 0x00, 0x00,
    0x00, 0x00, 0x00, 0x00, 0x00, 0x00, 0x00, 0x00, 0x00, 0x00, 0x00, 0x00, 0x00, 0x00, 0x00,
    0x00, 0x00, 0x00, 0x00, 0x00, 0x00, 0x00, 0x00, 0x00, 0x00, 0x00, 0x00, 0x00, 0x00, 0x00,
    0x00, 0x00, 0x00, 0x00, 0x00, 0x00, 0x00, 0x00, 0x00, 0x00, 0x00, 0x00, 0x00, 0x00, 0x00,
    0x00, 0x00, 0x00, 0x00, 0x00, 0x00, 0x00, 0x00, 0x00, 0x00, 0x00, 0x00, 0x00, 0x00, 0x00,
    0x00, 0x00, 0x00, 0x00, 0x00, 0x00, 0x00, 0x00, 0x00, 0x00, 0x00, 0x00, 0x00, 0x00, 0x00,
    0x00, 0x00, 0x00, 0x00, 0x00, 0x00, 0x00, 0x00, 0x00, 0x00, 0x00, 0x00, 0x00, 0x00, 0x00,
    0x00, 0x00, 0x00, 0x00, 0x00, 0x00, 0x00, 0x00, 0x00, 0x00, 0x00, 0x00, 0x00, 0x00, 0x00,
    0x00, 0x00, 0x00, 0x00, 0x00, 0x00, 0x00, 0x00, 0x00, 0x00, 0x00, 0x00, 0x00, 0x00, 0x00,
    0x00, 0x00, 0x00, 0x00, 0x00, 0x00, 0x00, 0x00, 0x00, 0x00, 0x00, 0x00, 0x00, 0x00, 0x00,
    0x00, 0x00, 0x00, 0x00, 0x00, 0x00, 0x00, 0x00, 0x00, 0x00, 0x00, 0x00, 0x00, 0x00, 0x00,
    0x00, 0x00, 0x00, 0x00, 0x00, 0x00, 0x00, 0x00, 0x00, 0x00, 0x00, 0x00, 0x00, 0x00, 0x00,
    0x00, 0x00, 0x00, 0x00, 0x00, 0x00, 0x00, 0x00, 0x00, 0x00, 0x00, 0x00, 0x00, 0x00, 0x00,
    0x00, 0x00, 0x00, 0x00, 0x00, 0x00, 0x00, 0x00, 0x00, 0x00, 0x00, 0x00, 0x00, 0x00, 0x00,
    0x00, 0x00, 0x00, 0x00, 0x00, 0x00, 0x00, 0x00, 0x00, 0x00, 0x00, 0x00, 0x00, 0x00, 0x00,
    0x00, 0x00, 0x00, 0x00, 0x00, 0x00, 0x00, 0x00, 0x00, 0x00, 0x00, 0x00, 0x00, 0x00, 0x00,
    0x00, 0x00, 0x00, 0x08, 0xff, 0x00, 0x01, 0x08, 0x1c, 0x48, 0xb0, 0xa0, 0xc1, 0x83, 0x08,
    0x01, 0x30, 0x88, 0x40, 0xa1, 0x61, 0x8b, 0x84, 0x10, 0x23, 0x4a, 0x9c, 0x48, 0x91, 0x20,
    0x86, 0x83, 0x11, 0x2a, 0x6a, 0xdc, 0xc8, 0x71, 0x20, 0x03, 0x81, 0x45, 0x66, 0xbc, 0xd0,
    0x92, 0x25, 0x23, 0x00, 0x93, 0x1d, 0x53, 0xaa, 0x2c, 0xf8, 0xf1, 0x8d, 0x8f, 0x03, 0x12,
    0x40, 0x28, 0xe2, 0x70, 0x60, 0xc3, 0x0c, 0x00, 0x17, 0x57, 0xea, 0xec, 0xb8, 0xd0, 0x4d,
    0x12, 0x10, 0x0e, 0x02, 0x08, 0x0d, 0x40, 0x60, 0x42, 0x86, 0x9b, 0x28, 0x77, 0x2a, 0x95,
    0xa8, 0x01, 0x40, 0x8c, 0x09, 0x28, 0x88, 0x12, 0x98, 0x3a, 0x34, 0x03, 0x96, 0x93, 0x4b,
    0xb3, 0x26, 0xcc, 0x38, 0x43, 0x02, 0xd1, 0xa1, 0x43, 0x09, 0x04, 0x98, 0xf0, 0x65, 0x4f,
    0x84, 0x8f, 0x5a, 0xd3, 0x2a, 0x64, 0x08, 0x48, 0x0b, 0x88, 0xaf, 0x60, 0xc3, 0x1e, 0x98,
    0x83, 0xe1, 0xd0, 0x43, 0xb5, 0x13, 0x9b, 0x42, 0x8c, 0x90, 0x53, 0xa0, 0x8f, 0xb7, 0x62,
    0xe3, 0x0a, 0x25, 0x70, 0xa0, 0x08, 0x41, 0x0a, 0x68, 0x11, 0x26, 0x5e, 0x4a, 0x01, 0xc0,
    0x12, 0x84, 0x67, 0x05, 0x8e, 0x01, 0x22, 0xe3, 0x85, 0x91, 0x0b, 0x70, 0xc1, 0x8a, 0x9d,
    0xb0, 0x20, 0x06, 0x92, 0x15, 0x4a, 0x06, 0x62, 0x58, 0x3c, 0xf0, 0xae, 0x15, 0xa5, 0x4d,
    0x57, 0x00, 0x01, 0xd0, 0x98, 0xe0, 0x92, 0xbb, 0x21, 0x64, 0x74, 0x58, 0x70, 0x00, 0xe6,
    0x01, 0x1a, 0x51, 0xa5, 0x06, 0x0e, 0x70, 0x41, 0x42, 0x86, 0xda, 0x0b, 0x36, 0x20, 0xc9,
    0xd9, 0x57, 0xa0, 0x86, 0x16, 0x75, 0x36, 0x34, 0x26, 0xcd, 0xf1, 0x23, 0x86, 0x05, 0x47,
    0x58, 0x0f, 0x34, 0x19, 0x62, 0x03, 0xed, 0x0f, 0x20, 0x84, 0x08, 0x89, 0x1a, 0x46, 0x42,
    0xd0, 0xb0, 0x26, 0x2e, 0x98, 0xff, 0x88, 0x2a, 0xc4, 0x01, 0x87, 0xdf, 0x1d, 0x5e, 0xe4,
    0x44, 0xab, 0xa1, 0xe9, 0x9f, 0x17, 0xd2, 0x77, 0x36, 0x7e, 0x71, 0x60, 0x75, 0xe3, 0x8c,
    0xd5, 0x17, 0x64, 0x90, 0x40, 0x20, 0x4a, 0x27, 0x2e, 0x24, 0xdc, 0xb1, 0x43, 0x00, 0x34,
    0x5d, 0xc0, 0x81, 0x04, 0x12, 0x1c, 0x70, 0x81, 0x03, 0x04, 0x90, 0xe0, 0xe0, 0x0e, 0x51,
    0x81, 0xf0, 0xc1, 0x01, 0x1d, 0x0c, 0x77, 0xd2, 0x10, 0x1a, 0x98, 0x92, 0xc4, 0x01, 0xcb,
    0x29, 0xf5, 0x11, 0x05, 0x07, 0x40, 0x27, 0x5d, 0x08, 0xfa, 0x01, 0x15, 0xc5, 0x0d, 0x44,
    0xb4, 0x01, 0xc1, 0x8a, 0x10, 0xe0, 0x40, 0x43, 0x00, 0x26, 0x20, 0xc8, 0x41, 0x50, 0x5c,
    0xa8, 0xc0, 0x62, 0x8b, 0x84, 0xa0, 0xe0, 0xc0, 0x04, 0x13, 0x6e, 0x70, 0x91, 0x06, 0xa5,
    0x6c, 0x70, 0xc0, 0x0a, 0xf1, 0x29, 0xd5, 0x98, 0x0f, 0x09, 0xde, 0x64, 0x5d, 0x06, 0x41,
    0x9d, 0x58, 0xc5, 0x03, 0x02, 0x08, 0xf0, 0x00, 0x94, 0x2b, 0x42, 0x08, 0x16, 0x15, 0x50,
    0x4a, 0x19, 0x65, 0x95, 0x43, 0x81, 0x10, 0xe2, 0x6a, 0x31, 0x4c, 0x68, 0x18, 0x73, 0x2a,
    0x71, 0x25, 0x01, 0x67, 0x42, 0x06, 0x11, 0x14, 0x28, 0x03, 0x10, 0x91, 0xe5, 0x03, 0x3a,
    0xe8, 0x90, 0xa5, 0x00, 0x62, 0x89, 0x45, 0xc2, 0x9c, 0x78, 0x68, 0x19, 0x65, 0x9d, 0x63,
    0x65, 0xd0, 0xd9, 0x99, 0x5f, 0xc0, 0x91, 0x94, 0x52, 0x19, 0x6d, 0xb1, 0xe3, 0x02, 0x1f,
    0x48, 0x75, 0xc3, 0x28, 0x2a, 0x44, 0x09, 0xe7, 0x00, 0x03, 0x3c, 0x29, 0x00, 0x04, 0x24,
    0x0c, 0xd6, 0x68, 0x94, 0x64, 0x0c, 0x60, 0xc8, 0xa4, 0x93, 0x56, 0x4a, 0x15, 0x67, 0x5e,
    0x7d, 0xa0, 0x07, 0x56, 0x5a, 0x45, 0x50, 0x06, 0x16, 0x19, 0x8c, 0xb5, 0x80, 0x09, 0x44,
    0xdd, 0xd0, 0xc5, 0x9b, 0x3a, 0x0c, 0xff, 0x30, 0xc2, 0x08, 0x39, 0x40, 0xa9, 0x02, 0x01,
    0x28, 0x90, 0x00, 0x41, 0x94, 0x02, 0x64, 0x3a, 0x6b, 0xad, 0x02, 0xdc, 0x3a, 0xd4, 0x05,
    0x98, 0x4d, 0x10, 0x03, 0xa9, 0x69, 0x31, 0x60, 0xc5, 0x02, 0x41, 0x99, 0xb0, 0xc0, 0x04,
    0x01, 0xb8, 0x3a, 0x27, 0x9c, 0xb3, 0xfe, 0x60, 0x2b, 0xae, 0xba, 0xf2, 0x2a, 0xc0, 0x0f,
    0xd5, 0x5e, 0x2b, 0x14, 0xb1, 0x42, 0x71, 0x90, 0x45, 0x19, 0xad, 0x69, 0xc5, 0x80, 0x06,
    0x18, 0xc4, 0xc0, 0x81, 0x50, 0x26, 0x74, 0x30, 0x01, 0x8a, 0x73, 0x4a, 0x99, 0xc3, 0x0f,
    0xda, 0xb2, 0x90, 0xeb, 0xae, 0xbc, 0x3e, 0x90, 0x43, 0x1e, 0xda, 0x8a, 0x75, 0xc1, 0x01,
    0x42, 0x39, 0x70, 0x40, 0x74, 0x83, 0x7a, 0x88, 0x13, 0x6d, 0x30, 0x1e, 0x30, 0xe3, 0x1a,
    0x85, 0xe0, 0x9b, 0x6f, 0x96, 0x2d, 0x0a, 0xb5, 0x83, 0xc3, 0x8e, 0x42, 0x8c, 0x83, 0x50,
    0x13, 0x84, 0x81, 0x19, 0x07, 0x0b, 0xc8, 0x50, 0x64, 0x56, 0x1f, 0x79, 0xb1, 0xc0, 0x02,
    0xff, 0xb2, 0x1a, 0x80, 0x03, 0x6b, 0x00, 0xab, 0x2d, 0xaf, 0x10, 0xbc, 0x18, 0x14, 0x15,
    0x14, 0xb3, 0xdc, 0x32, 0x5c, 0xc4, 0xd6, 0x46, 0x64, 0xb9, 0x20, 0x03, 0x00, 0x46, 0x07,
    0x1f, 0xf0, 0xf7, 0xd5, 0x54, 0x88, 0x5c, 0x31, 0xc5, 0xca, 0x51, 0xca, 0xf1, 0xaf, 0x82,
    0x7d, 0x48, 0x41, 0xb4, 0x0a, 0x74, 0xf0, 0xc1, 0xc2, 0x6e, 0x01, 0xd0, 0xf0, 0xc1, 0x05,
    0x37, 0xe3, 0x85, 0x18, 0x7d, 0x41, 0xd5, 0x89, 0xc0, 0xd6, 0x3d, 0x6c, 0x3d, 0xc5, 0xae,
    0x10, 0x48, 0x61, 0x04, 0x07, 0x34, 0x10, 0xe0, 0x80, 0x79, 0x17, 0xc4, 0xa1, 0x6d, 0x20,
    0x08, 0xf4, 0xd0, 0x35, 0x02, 0x4e, 0x48, 0x45, 0x60, 0x07, 0xa1, 0x91, 0xb9, 0x13, 0x7e,
    0x07, 0x04, 0x31, 0xd8, 0xd6, 0x7c, 0xb7, 0xff, 0x8d, 0x40, 0xa3, 0x38, 0x1c, 0x00, 0xad,
    0x60, 0x12, 0xd8, 0x11, 0xe5, 0x15, 0x6f, 0xf7, 0xcd, 0x42, 0xc0, 0x19, 0x6c, 0x31, 0x46,
    0xc1, 0x59, 0x35, 0x25, 0x24, 0xb4, 0x04, 0xf4, 0xdd, 0x37, 0x55, 0x75, 0x06, 0x46, 0x55,
    0x00, 0xa7, 0x78, 0xb2, 0x48, 0x25, 0x90, 0x58, 0x8e, 0xc0, 0xe2, 0x01, 0x48, 0xb0, 0x80,
    0x1f, 0xc8, 0xaa, 0x85, 0xa1, 0x18, 0xfa, 0x65, 0x2d, 0x3a, 0xd4, 0x9a, 0xc7, 0x0e, 0x96,
    0x13, 0x96, 0xc7, 0x1d, 0x40, 0x10, 0x43, 0x7e, 0x8c, 0x57, 0x04, 0x1a, 0x90, 0x98, 0xc1,
    0x5b, 0x44, 0xb1, 0xf0, 0xf4, 0x60, 0xbb, 0x11, 0x60, 0x42, 0x0d, 0x35, 0x30, 0x42, 0xf9,
    0xe6, 0xc1, 0x0b, 0x2f, 0x96, 0x03, 0x3d, 0x62, 0x30, 0x1a, 0x5e, 0x05, 0x35, 0x55, 0x5d,
    0xde, 0xdf, 0x85, 0xa5, 0x7d, 0x13, 0x3c, 0x20, 0xdf, 0x3d, 0xec, 0x71, 0x09, 0x61, 0x54,
    0x07, 0x32, 0x5c, 0x64, 0xb7, 0x5a, 0x19, 0x31, 0x21, 0xe4, 0xef, 0xd9, 0x4f, 0xe5, 0xfe,
    0x58, 0x35, 0xf0, 0x20, 0x7f, 0x13, 0xba, 0x31, 0xbf, 0xe3, 0x84, 0x0b, 0x84, 0x00, 0x80,
    0x06, 0xe7, 0xef, 0x6e, 0xbd, 0x90, 0x30, 0x99, 0x40, 0xf6, 0x06, 0x43, 0x14, 0x13, 0x34,
    0x81, 0x72, 0x71, 0x39, 0x1b, 0x08, 0xfe, 0xb5, 0x00, 0xf5, 0xe8, 0x4e, 0x25, 0x0a, 0x50,
    0x40, 0x41, 0x22, 0x38, 0x41, 0x09, 0x2a, 0x44, 0x20, 0x21, 0x48, 0x02, 0x6d, 0x32, 0xc0,
    0x01, 0x0e, 0x08, 0x70, 0x80, 0x60, 0xd9, 0x91, 0x03, 0x40, 0x80, 0xa0, 0x10, 0x35, 0x10,
    0x0c, 0x02, 0x79, 0x8c, 0x40, 0x28, 0x48, 0x10, 0x16, 0x0e, 0xc4, 0x85, 0x2d, 0x7c, 0xa1,
    0x42, 0x2c, 0x08, 0x00, 0x09, 0x32, 0x80, 0x86, 0x0a, 0x60, 0xc0, 0x20, 0xd8, 0x20, 0x10,
    0x31, 0xac, 0xc0, 0x3a, 0x1d, 0xa8, 0x0d, 0x4c, 0xff, 0x10, 0x24, 0x81, 0x0f, 0xf4, 0xec,
    0x3c, 0xc0, 0xe9, 0x00, 0xf9, 0x42, 0x10, 0x1a, 0x81, 0xb4, 0xc0, 0x86, 0x38, 0x9c, 0xa1,
    0x0c, 0x6f, 0x28, 0x43, 0x27, 0xae, 0x90, 0x86, 0x57, 0xac, 0x60, 0x41, 0x3e, 0x41, 0xc3,
    0x46, 0x0c, 0x41, 0x06, 0x32, 0xf0, 0x81, 0x12, 0x3b, 0x60, 0x84, 0x91, 0xcd, 0x26, 0x06,
    0x2b, 0x58, 0x81, 0x20, 0x36, 0xe1, 0x05, 0x82, 0x90, 0x02, 0x8b, 0x35, 0x84, 0x23, 0x0c,
    0xe3, 0xb8, 0x42, 0x00, 0xdc, 0xc5, 0x05, 0x90, 0x4a, 0x81, 0x0d, 0x3c, 0xe0, 0x01, 0x3c,
    0x0e, 0x40, 0x8f, 0x7c, 0xf4, 0x23, 0x20, 0xfb, 0x98, 0xc7, 0x34, 0x64, 0x02, 0x0a, 0x2e,
    0x98, 0x95, 0x2a, 0x28, 0xf1, 0x88, 0x44, 0x88, 0x22, 0x8f, 0x50, 0xe0, 0x21, 0x2a, 0x46,
    0xf0, 0xc7, 0x34, 0x78, 0xc0, 0x12, 0x82, 0xdc, 0x23, 0x21, 0xff, 0xa8, 0xc9, 0x4c, 0x06,
    0x32, 0x8f, 0x11, 0x34, 0x83, 0x02, 0x22, 0x71, 0x09, 0x48, 0x41, 0x0a, 0x06, 0x06, 0x38,
    0x81, 0x29, 0x07, 0x80, 0x4a, 0x55, 0x9a, 0xb2, 0x95, 0xab, 0x84, 0xc1, 0x19, 0x5c, 0x09,
    0x29, 0x35, 0x18, 0x00, 0x13, 0xab, 0x54, 0xc3, 0x2c, 0x63, 0x99, 0x4a, 0x5e, 0xd2, 0x92,
    0x95, 0xbd, 0x7c, 0x65, 0x30, 0x21, 0x95, 0x0a, 0x00, 0x98, 0x01, 0x0d, 0x93, 0x48, 0x80,
    0x08, 0x4c, 0x69, 0x01, 0x03, 0x34, 0x60, 0x99, 0x90, 0x6a, 0xe6, 0x33, 0x99, 0xe9, 0x4c,
    0x68, 0x0e, 0x40, 0x9a, 0xd6, 0xc4, 0x26, 0x35, 0xa7, 0x19, 0xcd, 0x6a, 0x6e, 0x33, 0x9b,
    0xde, 0xec, 0x26, 0x37, 0x07, 0x10, 0x0a, 0x81, 0xa0, 0xa1, 0x01, 0x0d, 0x38, 0x41, 0x05,
    0x2a, 0x20, 0x4d, 0x67, 0xae, 0xb3, 0x9d, 0x0d, 0x78, 0xa7, 0x33, 0xdd, 0xc9, 0xce, 0x79,
    0xc6, 0xb3, 0x9e, 0x0d, 0xa0, 0x27, 0x3c, 0xe5, 0x99, 0x58, 0xcf, 0x7b, 0xee, 0x13, 0x9f,
    0xfa, 0xb4, 0xe7, 0x3a, 0x39, 0xe1, 0x08, 0x00, 0x30, 0x81, 0x01, 0x05, 0x48, 0x40, 0x02,
    0x0c, 0x60, 0x80, 0x12, 0x28, 0x54, 0xa1, 0x0c, 0x75, 0xe8, 0x43, 0x23, 0xfa, 0xd0, 0x85,
    0x36, 0xb4, 0xa2, 0x14, 0x9d, 0xe8, 0x45, 0x35, 0x2a, 0x51, 0x88, 0x6e, 0xd4, 0xa3, 0x1d,
    0xb5, 0x68, 0x48, 0x19, 0x6a, 0x00, 0x4d, 0x38, 0x91, 0x09, 0x92, 0x28, 0xc0, 0x13, 0x0a,
    0xc0, 0xd2, 0x96, 0xba, 0xf4, 0xa5, 0x30, 0x8d, 0xa9, 0x4c, 0x67, 0x4a, 0xd3, 0x9a, 0xb6,
    0xf4, 0x09, 0x4f, 0x80, 0x82, 0x40, 0x02, 0x02, 0x00, 0x21, 0xf9, 0x04, 0x09, 0x09, 0x00,
    0x00, 0x00, 0x2c, 0x00, 0x00, 0x00, 0x00, 0x50, 0x00, 0x28, 0x00, 0x87, 0x00, 0x00, 0x00,
    0xfe, 0xe4, 0x68, 0xfb, 0xdb, 0x64, 0x13, 0x17, 0x27, 0xfe, 0xfe, 0xfd, 0xff, 0xbd, 0x49,
    0xb0, 0x76, 0x07, 0xfe, 0xb5, 0x32, 0xff, 0xff, 0xff, 0xfe, 0xa8, 0x63, 0xfe, 0xbc, 0x46,
    0xa9, 0x55, 0x00, 0xa4, 0x6b, 0x02, 0xff, 0x00, 0x00, 0xfb, 0xd6, 0x56, 0xfe, 0xbd, 0x49,
    0x03, 0x06, 0x19, 0x03, 0x09, 0x22, 0xf2, 0xc9, 0x4e, 0xfe, 0xe5, 0xb7, 0xfd, 0xd5, 0x8a,
    0xfe, 0xf4, 0x70, 0x98, 0x66, 0x00, 0xa3, 0x6b, 0x03, 0xd4, 0xa6, 0x30, 0xca, 0x98, 0x25,
    0xb9, 0x86, 0x19, 0x9c, 0x64, 0x00, 0xb8, 0x7b, 0x05, 0xc3, 0x89, 0x11, 0xe4, 0xb4, 0x36,
    0x7f, 0x7f, 0x00, 0xab, 0x73, 0x07, 0xff, 0xbc, 0x5d, 0xcf, 0x98, 0x1e, 0x87, 0x7a, 0x45,
    0xff, 0xb9, 0x3a, 0xe8, 0xb9, 0x49, 0xff, 0xff, 0x00, 0xff, 0xf0, 0xd8, 0xa3, 0x6c, 0x04,
    0xfe, 0xc4, 0x5b, 0xfe, 0xfd, 0xfb, 0xfc, 0xfc, 0xfc, 0x22, 0x24, 0x2a, 0xff, 0xfe, 0xf9,
    0xfe, 0xc5, 0x64, 0xfc, 0xde, 0xbd, 0xfe, 0xe7, 0xc2, 0xfd, 0xfb, 0xd6, 0x4f, 0x4a, 0x35,
    0xaa, 0x72, 0x09, 0xff, 0x7f, 0x00, 0xff, 0x84, 0x46, 0xfe, 0xba, 0x63, 0x57, 0x5a, 0x65,
    0x95, 0x5a, 0x00, 0xa3, 0x6a, 0x03, 0xa9, 0x71, 0x06, 0xd2, 0xb4, 0x4c, 0xff, 0x79, 0x43,
    0xff, 0xb7, 0x68, 0x49, 0x4c, 0x59, 0x94, 0x5a, 0x00, 0x81, 0x83, 0x8b, 0xa3, 0x6c, 0x04,
    0xa3, 0x6d, 0x07, 0xb8, 0xa4, 0x53, 0xcc, 0x94, 0x2a, 0xe3, 0xad, 0x2b, 0x7f, 0x49, 0x00,
    0x91, 0x4a, 0x00, 0x9b, 0x63, 0x00, 0x9c, 0x63, 0x01, 0x85, 0x83, 0x77, 0xa9, 0x6d, 0x06,
    0xb7, 0x8c, 0x28, 0xff, 0xaa, 0x55, 0xff, 0xa9, 0x53, 0xff, 0xc1, 0x51, 0x48, 0x37, 0x33,
    0x59, 0x50, 0x38, 0x50, 0x51, 0x57, 0x7f, 0x00, 0x00, 0x7f, 0x72, 0x42, 0x8d, 0x52, 0x00,
    0x99, 0x5f, 0x00, 0x80, 0x7e, 0x75, 0xb2, 0x7a, 0x50, 0xbb, 0x87, 0x15, 0xd0, 0x8b, 0x11,
    0xd5, 0x9c, 0x0f, 0xda, 0xb2, 0x3a, 0xcf, 0xb3, 0x7d, 0xc1, 0xc2, 0xc6, 0xff, 0x7f, 0x7f,
    0xfd, 0xae, 0x24, 0xff, 0xbf, 0x3f, 0xff, 0xb9, 0x28, 0xec, 0xe6, 0xc2, 0xf7, 0xeb, 0xeb,
    0xff, 0xfb, 0xb2, 0xff, 0xf6, 0xd5, 0x1f, 0x23, 0x31, 0x3f, 0x00, 0x00, 0x28, 0x1e, 0x18,
    0x3c, 0x2d, 0x18, 0x7f, 0x3f, 0x00, 0x6c, 0x43, 0x04, 0x7f, 0x59, 0x00, 0x76, 0x50, 0x0c,
    0x72, 0x53, 0x3f, 0x7d, 0x6f, 0x45, 0x7f, 0x7f, 0x7f, 0x78, 0x7a, 0x7c, 0x7c, 0x7e, 0x88,
    0x7f, 0x81, 0x8a, 0x8e, 0x4f, 0x00, 0x98, 0x5a, 0x00, 0x89, 0x5d, 0x49, 0x9b, 0x66, 0x03,
    0x9f, 0x67, 0x01, 0x8d, 0x62, 0x46, 0xa1, 0x6a, 0x04, 0xaa, 0x77, 0x08, 0xab, 0x72, 0x05,
    0xaf, 0x7d, 0x20, 0xb7, 0x80, 0x18, 0xbc, 0x90, 0x2c, 0xaa, 0xaa, 0x00, 0xb8, 0xad, 0x7e,
    0xbf, 0xb0, 0x56, 0xb7, 0xb9, 0xbd, 0xc4, 0x89, 0x27, 0xc0, 0x8e, 0x20, 0xc2, 0x9d, 0x58,
    0xc5, 0xad, 0x56, 0xd0, 0xb5, 0x82, 0xff, 0x00, 0xff, 0xe6, 0x9a, 0x5d, 0xff, 0x98, 0x4d,
    0xff, 0xad, 0x17, 0xe6, 0xaa, 0x30, 0xf2, 0xa3, 0x5f, 0xff, 0xbf, 0x37, 0xff, 0xbc, 0x48,
    0xff, 0xbe, 0x46, 0xff, 0xc3, 0x5b, 0xff, 0xc4, 0x75, 0xff, 0xc5, 0x60, 0xf5, 0xcd, 0x72,
    0xff, 0xd0, 0x5c, 0xff, 0xd4, 0x6a, 0xff, 0xd1, 0x6c, 0xf2, 0xd7, 0x72, 0xff, 0xd3, 0x84,
    0xff, 0xe1, 0x5f, 0xff, 0xe7, 0x80, 0xff, 0xe8, 0xbb, 0xf9, 0xec, 0xb1, 0xf9, 0xed, 0xd0,
    0xff, 0xff, 0x3f, 0xff, 0xff, 0xff, 0xff, 0xff, 0xff, 0xff, 0xff, 0xff, 0x00, 0x00, 0x00,
    0x00, 0x00, 0x00, 0x00, 0x00, 0x00, 0x00, 0x00, 0x00, 0x00, 0x00, 0x00, 0x00, 0x00, 0x00,
    0x00, 0x00, 0x00, 0x00, 0x00, 0x00, 0x00, 0x00, 0x00, 0x00, 0x00, 0x00, 0x00, 0x00, 0x00,
    0x00, 0x00, 0x00, 0x00, 0x00, 0x00, 0x00, 0x00, 0x00, 0x00, 0x00, 0x00, 0x00, 0x00, 0x00,
    0x00, 0x00, 0x00, 0x00, 0x00, 0x00, 0x00, 0x00, 0x00, 0x00, 0x00, 0x00, 0x00, 0x00, 0x00,
    0x00, 0x00, 0x00, 0x00, 0x00, 0x00, 0x00, 0x00, 0x00, 0x00, 0x00, 0x00, 0x00, 0x00, 0x00,
    0x00, 0x00, 0x00, 0x00, 0x00, 0x00, 0x00, 0x00, 0x00, 0x00, 0x00, 0x00, 0x00, 0x00, 0x00,
    0x00, 0x00, 0x00, 0x00, 0x00, 0x00, 0x00, 0x00, 0x00, 0x00, 0x00, 0x00, 0x00, 0x00, 0x00,
    0x00, 0x00, 0x00, 0x00, 0x00, 0x00, 0x00, 0x00, 0x00, 0x00, 0x00, 0x00, 0x00, 0x00, 0x00,
    0x00, 0x00, 0x00, 0x00, 0x00, 0x00, 0x00, 0x00, 0x00, 0x00, 0x00, 0x00, 0x00, 0x00, 0x00,
    0x00, 0x00, 0x00, 0x00, 0x00, 0x00, 0x00, 0x00, 0x00, 0x00, 0x00, 0x00, 0x00, 0x00, 0x00,
    0x00, 0x00, 0x00, 0x00, 0x00, 0x00, 0x00, 0x00, 0x00, 0x00, 0x00, 0x00, 0x00, 0x00, 0x00,
    0x00, 0x00, 0x00, 0x00, 0x00, 0x00, 0x00, 0x00, 0x00, 0x00, 0x00, 0x00, 0x00, 0x00, 0x00,
    0x00, 0x00, 0x00, 0x00, 0x00, 0x00, 0x00, 0x00, 0x00, 0x00, 0x00, 0x00, 0x00, 0x00, 0x00,
    0x00, 0x00, 0x00, 0x00, 0x00, 0x00, 0x00, 0x00, 0x00, 0x00, 0x00, 0x00, 0x00, 0x00, 0x00,
    0x00, 0x00, 0x00, 0x00, 0x00, 0x00, 0x00, 0x00, 0x00, 0x00, 0x00, 0x00, 0x00, 0x00, 0x00,
    0x00, 0x00, 0x00, 0x00, 0x00, 0x00, 0x00, 0x00, 0x00, 0x00, 0x00, 0x00, 0x00, 0x00, 0x00,
    0x00, 0x00, 0x00, 0x00, 0x00, 0x00, 0x00, 0x00, 0x00, 0x00, 0x00, 0x00, 0x00, 0x00, 0x00,
    0x00, 0x00, 0x00, 0x00, 0x00, 0x00, 0x00, 0x00, 0x00, 0x00, 0x00, 0x00, 0x00, 0x00, 0x00,
    0x08, 0xff, 0x00, 0x01, 0x08, 0x1c, 0x48, 0xb0, 0xa0, 0xc1, 0x83, 0x08, 0x07, 0x36, 0x58,
    0x98, 0xb0, 0xa1, 0xc3, 0x87, 0x10, 0x23, 0x16, 0x6c, 0x60, 0x81, 0x20, 0x87, 0x05, 0x12,
    0x33, 0x6a, 0xdc, 0x58, 0x90, 0xc6, 0xc0, 0x05, 0x46, 0xaa, 0x70, 0x1c, 0x49, 0xf2, 0x21,
    0xc6, 0x23, 0x3f, 0x2e, 0x18, 0x58, 0x99, 0x03, 0x07, 0x80, 0x0f, 0x26, 0x4a, 0xca, 0x24,
    0x89, 0x11, 0x87, 0x01, 0x0c, 0x12, 0x04, 0x08, 0x70, 0xe0, 0x21, 0xc3, 0x05, 0x34, 0x00,
    0x1a, 0xcc, 0x1c, 0x2a, 0xb1, 0x66, 0x06, 0x01, 0x01, 0x92, 0x2a, 0x0d, 0x20, 0xe1, 0xc2,
    0x91, 0x0f, 0x42, 0x89, 0x4a, 0x45, 0x28, 0xb4, 0x8a, 0x81, 0xa4, 0x3a, 0x95, 0xea, 0xac,
    0xe0, 0xc1, 0x0a, 0x80, 0x8a, 0x53, 0xc3, 0x12, 0x5c, 0xa0, 0xe8, 0x07, 0x86, 0x00, 0x48,
    0x97, 0x2a, 0x75, 0x60, 0xc0, 0x88, 0x89, 0xa8, 0x62, 0x89, 0x52, 0x1c, 0xf8, 0xc3, 0x03,
    0x5a, 0xb5, 0x5a, 0x0d, 0x0c, 0xbc, 0x08, 0x37, 0xee, 0xc1, 0x98, 0x0d, 0x31, 0x0e, 0xdc,
    0x42, 0x24, 0xc9, 0xd9, 0xb4, 0x78, 0x05, 0x18, 0x40, 0x41, 0x24, 0xcb, 0x40, 0xa8, 0x0d,
    0xfb, 0xca, 0xac, 0x28, 0xd8, 0xe0, 0x02, 0xc0, 0x5a, 0x82, 0x5c, 0x60, 0xb0, 0x61, 0x25,
    0xd2, 0xac, 0x58, 0x91, 0x62, 0x60, 0xc0, 0x79, 0xc3, 0x0c, 0x10, 0x1c, 0x04, 0x72, 0x90,
    0x2c, 0xf0, 0x03, 0x80, 0x05, 0x60, 0x49, 0xba, 0x46, 0x81, 0xe2, 0xb5, 0xc1, 0xa8, 0x20,
    0xfa, 0x30, 0x30, 0xd0, 0x21, 0x43, 0x06, 0x09, 0x5c, 0x98, 0x20, 0x5e, 0xba, 0x83, 0x09,
    0x4f, 0x11, 0x22, 0x0c, 0x90, 0xce, 0x91, 0x1a, 0x80, 0xc7, 0xb1, 0x00, 0x96, 0x04, 0xb1,
    0xe0, 0xba, 0x24, 0x6c, 0x21, 0x20, 0x5e, 0x02, 0x5e, 0xe0, 0x1a, 0x84, 0x4a, 0x03, 0xbf,
    0x1d, 0x54, 0xff, 0x18, 0x5f, 0xa1, 0x04, 0xf8, 0x12, 0x3b, 0x1d, 0x60, 0xd0, 0xa0, 0x21,
    0x00, 0xf9, 0x00, 0x3c, 0x35, 0x28, 0x67, 0xfe, 0xf5, 0x23, 0x80, 0x36, 0x42, 0x6a, 0x57,
    0x1e, 0x89, 0x11, 0x85, 0x81, 0x0b, 0x1c, 0x7c, 0xf0, 0x01, 0x46, 0x4d, 0xa8, 0xd4, 0x81,
    0x07, 0x02, 0x94, 0x41, 0xc0, 0x18, 0x4a, 0x8c, 0x30, 0xc2, 0x10, 0x15, 0x04, 0xb0, 0xde,
    0x4a, 0xe7, 0x55, 0x20, 0x80, 0x83, 0x54, 0x0c, 0xe1, 0x9e, 0x03, 0x12, 0x24, 0xc7, 0x40,
    0x76, 0x30, 0x55, 0x84, 0x87, 0x01, 0x42, 0xd8, 0x36, 0x13, 0x46, 0x17, 0x74, 0x70, 0x41,
    0x20, 0x02, 0x79, 0x67, 0x40, 0x11, 0x0e, 0x74, 0x12, 0x43, 0x0c, 0x57, 0x9c, 0x01, 0x41,
    0x04, 0x38, 0xca, 0xb0, 0x83, 0x85, 0x0e, 0x38, 0x20, 0x40, 0x84, 0x23, 0xb0, 0x80, 0x63,
    0x8e, 0x83, 0x24, 0xc5, 0x61, 0x07, 0x1b, 0xe8, 0xd0, 0x9c, 0x4d, 0x06, 0xec, 0xd1, 0xc0,
    0x7e, 0x34, 0x01, 0x60, 0x87, 0x08, 0x19, 0x24, 0x71, 0x04, 0x08, 0x0c, 0x1c, 0x98, 0xd4,
    0x8c, 0x52, 0x40, 0x30, 0xc0, 0x00, 0x10, 0x78, 0x89, 0xa3, 0x86, 0x5a, 0xc9, 0xe0, 0x25,
    0x98, 0x5f, 0x8e, 0x79, 0x97, 0x03, 0xc9, 0x5d, 0x40, 0x84, 0x4d, 0x18, 0x5c, 0x60, 0xe2,
    0x50, 0x18, 0x25, 0x21, 0x81, 0x04, 0xa4, 0x75, 0xe0, 0x00, 0x5a, 0x9f, 0x10, 0x70, 0xc5,
    0x99, 0x10, 0xdc, 0x70, 0xc3, 0x99, 0x03, 0x7c, 0x56, 0xc1, 0x08, 0x84, 0xce, 0x81, 0xe6,
    0x97, 0x9f, 0x25, 0x55, 0x84, 0x01, 0x1b, 0x18, 0x12, 0x40, 0x06, 0x75, 0x20, 0x00, 0x65,
    0x49, 0x53, 0x20, 0x00, 0x40, 0x7b, 0x78, 0xda, 0xa5, 0x53, 0x0c, 0x63, 0xb0, 0xf0, 0x65,
    0xa0, 0x04, 0x10, 0xd0, 0xe5, 0x00, 0x11, 0x8c, 0x80, 0x95, 0xa8, 0x5f, 0x7a, 0x41, 0x00,
    0x21, 0xa8, 0xa2, 0xff, 0xaa, 0x2a, 0x68, 0x06, 0x70, 0x8a, 0x44, 0x7d, 0x53, 0x59, 0x80,
    0x80, 0x59, 0xe5, 0x19, 0xb0, 0x03, 0x5a, 0x31, 0x28, 0x01, 0xe8, 0x0d, 0x04, 0xac, 0xb0,
    0x82, 0x0f, 0x5e, 0xb2, 0xf0, 0xe3, 0x08, 0x11, 0x7c, 0x39, 0x80, 0xab, 0xc6, 0x22, 0x3b,
    0x80, 0xb2, 0x58, 0xb1, 0x87, 0x56, 0x5b, 0x90, 0x4d, 0x25, 0x94, 0x05, 0x06, 0xec, 0x29,
    0x40, 0x06, 0x1a, 0x08, 0x10, 0x2c, 0xa1, 0x81, 0x1a, 0x0b, 0x44, 0xb2, 0xcb, 0x36, 0xeb,
    0x2c, 0x10, 0xe6, 0xa2, 0x1b, 0xc0, 0x0e, 0x06, 0x94, 0x90, 0x14, 0x06, 0x5e, 0xc5, 0x26,
    0x95, 0x50, 0x85, 0x6c, 0x70, 0x96, 0x84, 0x0c, 0x94, 0x50, 0x86, 0x1c, 0x84, 0x82, 0xe9,
    0x03, 0x10, 0xce, 0x0e, 0x20, 0x41, 0x05, 0x54, 0xa8, 0x3b, 0xaa, 0x0f, 0x74, 0x14, 0x8c,
    0x94, 0x7c, 0x12, 0xc0, 0x67, 0x40, 0x10, 0xb8, 0x6a, 0x1b, 0xdd, 0x6e, 0x0e, 0xb0, 0x97,
    0x96, 0x20, 0x0a, 0x8f, 0x7a, 0x66, 0x04, 0x32, 0xb8, 0xb7, 0x43, 0xc7, 0x60, 0x7e, 0x1c,
    0x32, 0x52, 0x25, 0x6c, 0x20, 0xc1, 0x68, 0x3a, 0x54, 0x7c, 0x2f, 0x00, 0x1c, 0xec, 0x76,
    0x13, 0x56, 0x49, 0x45, 0x91, 0x66, 0xc1, 0xce, 0x32, 0x81, 0x41, 0x06, 0x18, 0xc8, 0x40,
    0x72, 0xac, 0x03, 0x20, 0x12, 0x21, 0x52, 0x12, 0xc8, 0x67, 0x40, 0x0e, 0x2e, 0x4b, 0xb5,
    0xc0, 0x12, 0x17, 0x68, 0x20, 0xef, 0x67, 0x2e, 0xd8, 0x90, 0x40, 0x02, 0x58, 0xbc, 0x81,
    0xb3, 0x1a, 0x0c, 0xf8, 0xe6, 0x9b, 0x06, 0x6e, 0x14, 0x1c, 0x01, 0x14, 0x7a, 0x2c, 0x92,
    0x40, 0x0f, 0x2e, 0x34, 0x3a, 0xe9, 0x62, 0x73, 0xe6, 0x0a, 0x40, 0x10, 0xdd, 0xde, 0x25,
    0xf5, 0xd4, 0x63, 0xf7, 0x80, 0x45, 0x9a, 0x6c, 0x1c, 0xb5, 0x94, 0x00, 0x12, 0x6c, 0x90,
    0xc6, 0x97, 0x50, 0x8c, 0xff, 0x0d, 0xf7, 0xd4, 0x8d, 0x66, 0xb0, 0x41, 0x28, 0x41, 0xc5,
    0x25, 0x54, 0xcc, 0x7a, 0xa2, 0xf5, 0xf7, 0xdf, 0xa2, 0x46, 0xc1, 0xc5, 0x67, 0x3a, 0xa5,
    0x25, 0x01, 0x1c, 0xa8, 0xde, 0xd1, 0xc3, 0x23, 0x8b, 0xbb, 0x90, 0x94, 0x07, 0x06, 0xcc,
    0x40, 0x83, 0xbd, 0x61, 0xf5, 0xc7, 0x40, 0x11, 0x9c, 0x04, 0xf0, 0xf6, 0xdf, 0x36, 0x80,
    0x76, 0x97, 0x56, 0x48, 0x55, 0xa0, 0x09, 0x05, 0x96, 0x2c, 0x0e, 0x38, 0x7c, 0x1d, 0xe4,
    0xa1, 0xc5, 0x02, 0xac, 0x4d, 0x85, 0xe2, 0x8b, 0x7b, 0x46, 0x3d, 0xb5, 0x0d, 0x65, 0xb3,
    0x8e, 0x56, 0x09, 0x4e, 0x44, 0x8c, 0x16, 0x62, 0x02, 0xb8, 0x00, 0x77, 0xf0, 0x12, 0x74,
    0xc0, 0x00, 0x1f, 0x69, 0x1b, 0xbe, 0xc6, 0x16, 0x9b, 0x25, 0x7e, 0xbc, 0xf0, 0x44, 0xd7,
    0xc0, 0xc3, 0xf6, 0x4e, 0xb0, 0x9e, 0x56, 0xe4, 0x9b, 0x2b, 0xa7, 0x9f, 0x5f, 0x13, 0x4d,
    0x01, 0x00, 0x96, 0x07, 0xee, 0x79, 0x3c, 0x68, 0x48, 0x39, 0xc1, 0x43, 0x0d, 0xda, 0xd7,
    0x30, 0x1c, 0xf8, 0x49, 0x75, 0xf8, 0x5f, 0x6a, 0xcf, 0x91, 0xdf, 0xd1, 0xf9, 0xd5, 0xe3,
    0x74, 0x77, 0x56, 0x02, 0x28, 0x01, 0xfc, 0x18, 0x11, 0x31, 0xfa, 0x61, 0xc5, 0x03, 0xc9,
    0x49, 0x52, 0x6a, 0x2e, 0xc5, 0x11, 0x04, 0x68, 0x8a, 0x20, 0x0e, 0x2c, 0x88, 0x03, 0x4d,
    0x20, 0x18, 0xef, 0xec, 0x46, 0x04, 0x1e, 0xe8, 0x51, 0x62, 0x86, 0x63, 0x24, 0x0e, 0x61,
    0xa0, 0x03, 0x90, 0xca, 0x81, 0x63, 0x0a, 0x07, 0x80, 0x08, 0x42, 0xf0, 0x81, 0x03, 0x31,
    0xa1, 0x04, 0x53, 0x18, 0x14, 0x14, 0x6a, 0xaa, 0x01, 0x2e, 0x5c, 0xc0, 0x73, 0x40, 0x30,
    0x83, 0x0d, 0xc8, 0x0c, 0x39, 0x38, 0xe1, 0x50, 0x8f, 0x74, 0x88, 0xc0, 0x0f, 0xae, 0x84,
    0x01, 0x17, 0xd0, 0x01, 0x20, 0xff, 0x04, 0x62, 0x81, 0x38, 0xb4, 0x90, 0x85, 0x30, 0x44,
    0xa2, 0x0b, 0x07, 0x02, 0x18, 0x15, 0x0a, 0xc4, 0x89, 0x25, 0x44, 0xa1, 0x40, 0xc8, 0xa0,
    0x29, 0x0e, 0xa0, 0x40, 0x07, 0x48, 0xd8, 0x4d, 0x67, 0x7e, 0x48, 0x9a, 0xdd, 0x70, 0x86,
    0x01, 0x42, 0xf0, 0x03, 0x12, 0x9a, 0x03, 0x80, 0x17, 0x90, 0x41, 0x82, 0x52, 0x8c, 0x22,
    0x1a, 0x9f, 0x08, 0x00, 0xc0, 0xb4, 0xa0, 0x54, 0x2a, 0x78, 0x41, 0x08, 0x42, 0xf0, 0x46,
    0x02, 0xc4, 0x71, 0x8e, 0x75, 0xbc, 0x23, 0x1d, 0xe1, 0xf8, 0x40, 0x51, 0xc0, 0x71, 0x06,
    0x80, 0x3c, 0x44, 0x22, 0xba, 0xd0, 0x85, 0x3f, 0x80, 0xc0, 0x11, 0xa0, 0x28, 0x16, 0x29,
    0x10, 0x70, 0x09, 0x22, 0xe4, 0x51, 0x8e, 0x7b, 0xb4, 0x23, 0x24, 0x1f, 0x89, 0x47, 0x3e,
    0x22, 0xe0, 0x0b, 0x08, 0x80, 0xc4, 0x24, 0x4a, 0x55, 0x2a, 0x18, 0x1c, 0x20, 0x05, 0x9c,
    0x24, 0x80, 0x27, 0x41, 0xc9, 0xc9, 0x51, 0x86, 0x72, 0x02, 0x60, 0x20, 0x65, 0xa9, 0xcc,
    0x20, 0x86, 0x4c, 0x84, 0x92, 0x95, 0x95, 0x38, 0x65, 0x2a, 0x43, 0x69, 0xca, 0x52, 0x7e,
    0x92, 0x96, 0xb7, 0xe4, 0xe4, 0x28, 0x00, 0xf0, 0x85, 0x30, 0x48, 0x42, 0x01, 0x27, 0xe0,
    0x24, 0x05, 0x0e, 0xf0, 0x80, 0x60, 0x96, 0x6a, 0x98, 0xc5, 0x14, 0x26, 0x31, 0x8d, 0x49,
    0x00, 0x64, 0x32, 0x73, 0x98, 0x0a, 0x80, 0x81, 0x32, 0x93, 0x79, 0xcc, 0x65, 0x4e, 0xf3,
    0x99, 0xd6, 0xac, 0x26, 0x35, 0x09, 0xe0, 0x09, 0x81, 0x84, 0xe1, 0x01, 0x0f, 0x48, 0xc1,
    0x04, 0x26, 0x80, 0x4c, 0x62, 0x8e, 0xb3, 0x9c, 0x0f, 0x38, 0x27, 0x31, 0xcd, 0x49, 0xce,
    0x75, 0xa6, 0xb3, 0x9d, 0x0f, 0x60, 0x27, 0x3a, 0xd5, 0x19, 0xcf, 0x77, 0xce, 0x13, 0x9e,
    0xf2, 0x74, 0xe7, 0x38, 0x37, 0xd1, 0x4e, 0x08, 0x00, 0x34, 0xa1, 0x01, 0x05, 0x50, 0x80,
    0x02, 0x0e, 0x70, 0x00, 0x12, 0x08, 0x54, 0xa0, 0x04, 0x35, 0xe8, 0x41, 0x13, 0x7a, 0xd0,
    0x81, 0x16, 0xb4, 0xa1, 0x0c, 0x5d, 0xe8, 0x43, 0x25, 0xaa, 0x50, 0x84, 0x4e, 0xd4, 0xa2,
    0x15, 0x75, 0x68, 0x46, 0x09, 0x7a, 0x00, 0x4c, 0x08, 0xc4, 0x04, 0x4d, 0x88, 0x44, 0x01,
    0x9e, 0x50, 0x80, 0x92, 0x9a, 0xf4, 0xa4, 0x28, 0x4d, 0xa9, 0x4a, 0x57, 0xca, 0xd2, 0x96,
    0xba, 0xd4, 0xa4, 0x4f, 0x78, 0x02, 0x25, 0x04, 0x12, 0x10, 0x00, 0x21, 0xf9, 0x04, 0x09,
    0x09, 0x00, 0x00, 0x00, 0x2c, 0x00, 0x00, 0x00, 0x00, 0x50, 0x00, 0x28, 0x00, 0x87, 0x00,
    0x00, 0x00, 0xfe, 0xe4, 0x68, 0x13, 0x17, 0x26, 0xfe, 0xfe, 0xfc, 0xfb, 0xdb, 0x64, 0xff,
    0xbd, 0x49, 0xfe, 0xb5, 0x32, 0xfd, 0xa7, 0x62, 0xfe, 0xbc, 0x47, 0xb0, 0x76, 0x07, 0xff,
    0xff, 0xff, 0xa4, 0x6b, 0x03, 0xff, 0x00, 0x00, 0xfe, 0xbd, 0x49, 0xf1, 0xc8, 0x4d, 0xfb,
    0xd6, 0x56, 0xfe, 0xe5, 0xb7, 0x04, 0x09, 0x22, 0xba, 0x86, 0x18, 0xcb, 0x99, 0x25, 0xa9,
    0x55, 0x00, 0x04, 0x08, 0x1b, 0x99, 0x67, 0x00, 0xff, 0xd5, 0x8a, 0xff, 0xf2, 0x6f, 0xbc,
    0x7d, 0x02, 0xc4, 0x8a, 0x13, 0x7f, 0x7f, 0x00, 0xa5, 0x6c, 0x02, 0xcf, 0x98, 0x1d, 0xe4,
    0xb4, 0x36, 0x9b, 0x66, 0x03, 0xff, 0xbb, 0x5d, 0xd3, 0xa3, 0x2c, 0xff, 0xb9, 0x3a, 0xa4,
    0x6d, 0x04, 0xaa, 0x74, 0x07, 0xe7, 0xb9, 0x4a, 0xff, 0xc3, 0x59, 0xff, 0xf0, 0xd8, 0xfe,
    0xfd, 0xfc, 0x21, 0x23, 0x2a, 0xfc, 0xc6, 0x63, 0xfe, 0xe8, 0xc5, 0xff, 0xff, 0x00, 0xfe,
    0xfc, 0xf8, 0xa6, 0x6d, 0x03, 0xff, 0x84, 0x47, 0xe3, 0xad, 0x2c, 0xff, 0xdf, 0xbf, 0xfe,
    0xfd, 0xfe, 0x4b, 0x46, 0x35, 0x93, 0x59, 0x00, 0x9d, 0x66, 0x01, 0x84, 0x77, 0x44, 0xa7,
    0x69, 0x02, 0xa1, 0x69, 0x03, 0xa7, 0x70, 0x08, 0xaa, 0x72, 0x07, 0xbb, 0xa9, 0x54, 0xd6,
    0xb3, 0x46, 0xff, 0x79, 0x43, 0xf9, 0xaa, 0x55, 0xfe, 0xfc, 0xd2, 0x00, 0x00, 0xff, 0x58,
    0x52, 0x38, 0x9c, 0x64, 0x02, 0xff, 0xb7, 0x69, 0xfb, 0xbb, 0x62, 0x1d, 0x22, 0x2f, 0x31,
    0x25, 0x1a, 0x48, 0x4a, 0x54, 0x57, 0x5a, 0x66, 0x96, 0x5c, 0x00, 0x92, 0x5d, 0x05, 0x8d,
    0x80, 0x48, 0x81, 0x83, 0x8c, 0xa3, 0x6d, 0x04, 0xa4, 0x6d, 0x05, 0xb2, 0xb4, 0xb9, 0xfc,
    0xae, 0x23, 0xfe, 0xa9, 0x53, 0xff, 0xc1, 0x51, 0xff, 0xf8, 0xa7, 0x46, 0x1c, 0x00, 0x5a,
    0x2c, 0x00, 0x57, 0x3b, 0x10, 0x4f, 0x3c, 0x35, 0x7a, 0x55, 0x41, 0x90, 0x55, 0x00, 0x9b,
    0x64, 0x00, 0x9b, 0x60, 0x00, 0x83, 0x83, 0x7d, 0xa7, 0x71, 0x07, 0xbf, 0x7f, 0x3f, 0xbd,
    0x8c, 0x22, 0xb5, 0xb1, 0x9c, 0xc7, 0x88, 0x0c, 0xd0, 0x96, 0x2e, 0xc4, 0xad, 0x56, 0xdd,
    0xb0, 0x36, 0xcf, 0xb2, 0x7c, 0xc1, 0xc2, 0xc7, 0xff, 0x7f, 0x00, 0xff, 0x7f, 0x7f, 0xf9,
    0xab, 0x2c, 0xff, 0xbf, 0x3f, 0xf7, 0xe4, 0x94, 0xea, 0xeb, 0xec, 0x3f, 0x00, 0x00, 0x3f,
    0x3f, 0x00, 0x48, 0x52, 0x61, 0x7f, 0x00, 0x00, 0x69, 0x2d, 0x00, 0x7f, 0x3f, 0x00, 0x7f,
    0x4f, 0x00, 0x72, 0x50, 0x3d, 0x7a, 0x72, 0x55, 0x7a, 0x7a, 0x72, 0x7a, 0x7c, 0x84, 0x7f,
    0x81, 0x7f, 0x8f, 0x4f, 0x00, 0x91, 0x48, 0x24, 0x8c, 0x50, 0x00, 0x97, 0x5c, 0x00, 0x98,
    0x5f, 0x00, 0x84, 0x5e, 0x43, 0x9f, 0x68, 0x02, 0x9c, 0x75, 0x00, 0xb6, 0x48, 0x00, 0xab,
    0x79, 0x08, 0xaf, 0x78, 0x4e, 0xb0, 0x89, 0x13, 0xbb, 0x88, 0x22, 0xb7, 0x88, 0x50, 0xb5,
    0x88, 0x61, 0xbd, 0x96, 0x54, 0xad, 0xae, 0xb3, 0xbf, 0xbf, 0x3f, 0xcc, 0x66, 0x00, 0xcc,
    0x99, 0x19, 0xd1, 0xb8, 0x85, 0xc3, 0xbe, 0xa2, 0xff, 0x98, 0x4e, 0xff, 0xad, 0x17, 0xff,
    0xbf, 0x37, 0xff, 0xbc, 0x48, 0xff, 0xbe, 0x46, 0xff, 0xc3, 0x5b, 0xff, 0xc4, 0x75, 0xff,
    0xc6, 0x60, 0xff, 0xc1, 0x6d, 0xff, 0xd4, 0x6a, 0xff, 0xd1, 0x6c, 0xff, 0xd3, 0x84, 0xe5,
    0xd7, 0xb9, 0xe4, 0xd6, 0xc9, 0xff, 0xe1, 0x5f, 0xff, 0xe8, 0xbb, 0xf9, 0xec, 0xaf, 0xed,
    0xe1, 0xc3, 0xee, 0xea, 0xd1, 0xff, 0xff, 0x66, 0xff, 0xf8, 0x8b, 0xff, 0xff, 0xb6, 0xff,
    0xff, 0xff, 0x00, 0x00, 0x00, 0x00, 0x00, 0x00, 0x00, 0x00, 0x00, 0x00, 0x00, 0x00, 0x00,
    0x00, 0x00, 0x00, 0x00, 0x00, 0x00, 0x00, 0x00, 0x00, 0x00, 0x00, 0x00, 0x00, 0x00, 0x00,
    0x00, 0x00, 0x00, 0x00, 0x00, 0x00, 0x00, 0x00, 0x00, 0x00, 0x00, 0x00, 0x00, 0x00, 0x00,
    0x00, 0x00, 0x00, 0x00, 0x00, 0x00, 0x00, 0x00, 0x00, 0x00, 0x00, 0x00, 0x00, 0x00, 0x00,
    0x00, 0x00, 0x00, 0x00, 0x00, 0x00, 0x00, 0x00, 0x00, 0x00, 0x00, 0x00, 0x00, 0x00, 0x00,
    0x00, 0x00, 0x00, 0x00, 0x00, 0x00, 0x00, 0x00, 0x00, 0x00, 0x00, 0x00, 0x00, 0x00, 0x00,
    0x00, 0x00, 0x00, 0x00, 0x00, 0x00, 0x00, 0x00, 0x00, 0x00, 0x00, 0x00, 0x00, 0x00, 0x00,
    0x00, 0x00, 0x00, 0x00, 0x00, 0x00, 0x00, 0x00, 0x00, 0x00, 0x00, 0x00, 0x00, 0x00, 0x00,
    0x00, 0x00, 0x00, 0x00, 0x00, 0x00, 0x00, 0x00, 0x00, 0x00, 0x00, 0x00, 0x00, 0x00, 0x00,
    0x00, 0x00, 0x00, 0x00, 0x00, 0x00, 0x00, 0x00, 0x00, 0x00, 0x00, 0x00, 0x00, 0x00, 0x00,
    0x00, 0x00, 0x00, 0x00, 0x00, 0x00, 0x00, 0x00, 0x00, 0x00, 0x00, 0x00, 0x00, 0x00, 0x00,
    0x00, 0x00, 0x00, 0x00, 0x00, 0x00, 0x00, 0x00, 0x00, 0x00, 0x00, 0x00, 0x00, 0x00, 0x00,
    0x00, 0x00, 0x00, 0x00, 0x00, 0x00, 0x00, 0x00, 0x00, 0x00, 0x00, 0x00, 0x00, 0x00, 0x00,
    0x00, 0x00, 0x00, 0x00, 0x00, 0x00, 0x00, 0x00, 0x00, 0x00, 0x00, 0x00, 0x00, 0x00, 0x00,
    0x00, 0x00, 0x00, 0x00, 0x00, 0x00, 0x00, 0x00, 0x00, 0x00, 0x00, 0x00, 0x00, 0x00, 0x00,
    0x00, 0x00, 0x00, 0x00, 0x00, 0x00, 0x00, 0x00, 0x00, 0x00, 0x00, 0x00, 0x00, 0x00, 0x00,
    0x00, 0x00, 0x00, 0x00, 0x00, 0x00, 0x00, 0x00, 0x00, 0x00, 0x00, 0x00, 0x00, 0x00, 0x00,
    0x00, 0x00, 0x00, 0x00, 0x00, 0x00, 0x00, 0x00, 0x00, 0x00, 0x00, 0x00, 0x00, 0x00, 0x00,
    0x00, 0x00, 0x08, 0xff, 0x00, 0x01, 0x08, 0x1c, 0x48, 0xb0, 0xa0, 0xc1, 0x83, 0x08, 0x13,
    0x2a, 0x5c, 0xc8, 0xb0, 0xa1, 0x43, 0x86, 0x0c, 0x28, 0x58, 0xb0, 0x90, 0x81, 0xc5, 0xc3,
    0x8b, 0x18, 0x33, 0x1e, 0xcc, 0x70, 0x90, 0x82, 0xc6, 0x8f, 0x20, 0x13, 0x32, 0x10, 0x98,
    0x85, 0x06, 0x8e, 0x24, 0x49, 0x3c, 0x02, 0x50, 0x19, 0xb2, 0xe5, 0xc7, 0x91, 0x6e, 0xb6,
    0x24, 0x98, 0xe0, 0x81, 0x4c, 0x88, 0x04, 0x1c, 0x68, 0x00, 0xe0, 0xe8, 0xb2, 0xe7, 0xc3,
    0x88, 0x6d, 0xba, 0x78, 0x78, 0x10, 0xa0, 0x68, 0x00, 0x02, 0x0e, 0x34, 0xe8, 0x64, 0xe9,
    0xb3, 0x29, 0xc2, 0x0d, 0x00, 0x6a, 0x38, 0xc0, 0x70, 0x94, 0x80, 0x55, 0xa3, 0x1a, 0xf6,
    0xac, 0x74, 0xca, 0xb5, 0xa0, 0x47, 0x1a, 0x13, 0x8e, 0x1a, 0x35, 0x4a, 0x20, 0x80, 0x03,
    0x27, 0x7a, 0x28, 0x8c, 0xec, 0xea, 0x34, 0xa2, 0x05, 0x2f, 0x7c, 0x3c, 0x88, 0x1d, 0x4b,
    0x36, 0xc1, 0x9c, 0x0c, 0x8b, 0x2c, 0xb2, 0x5d, 0x08, 0x75, 0x21, 0x05, 0x9e, 0x02, 0xb7,
    0xc8, 0x2d, 0x4b, 0xb7, 0x28, 0x81, 0x04, 0x59, 0x08, 0x5a, 0x58, 0x2b, 0xb2, 0xaf, 0x4f,
    0xc7, 0x06, 0xd5, 0x0a, 0x14, 0xe3, 0x42, 0xc7, 0x08, 0x25, 0x12, 0xe6, 0x8e, 0x2d, 0xeb,
    0x60, 0x41, 0x8d, 0x1c, 0x38, 0xc2, 0x0c, 0xcc, 0xc0, 0xb8, 0x60, 0x69, 0x97, 0x16, 0x9a,
    0xec, 0x34, 0x78, 0x46, 0x2f, 0x09, 0x1d, 0x1f, 0x16, 0x24, 0x98, 0x29, 0x81, 0x07, 0xd5,
    0xaa, 0x84, 0x03, 0x48, 0x98, 0xa0, 0x61, 0xf6, 0x02, 0x0e, 0x39, 0x78, 0x02, 0x1e, 0x08,
    0x15, 0x90, 0x6a, 0xc8, 0x1a, 0x37, 0x58, 0x18, 0xe1, 0x62, 0xeb, 0x40, 0x95, 0x24, 0x38,
    0xc8, 0xee, 0x00, 0xe3, 0x01, 0xd1, 0x00, 0x5f, 0x26, 0x5c, 0x37, 0x5c, 0xa2, 0x36, 0x06,
    0xeb, 0x0e, 0x78, 0x27, 0xff, 0xf8, 0x30, 0x82, 0x27, 0x63, 0x8f, 0x16, 0x38, 0xa8, 0x3e,
    0x9d, 0x71, 0xa4, 0x85, 0x05, 0xcd, 0x37, 0x58, 0x3c, 0x03, 0x20, 0xfa, 0x02, 0x0d, 0x21,
    0x08, 0x4c, 0x99, 0xb2, 0xe6, 0x6a, 0x80, 0x09, 0x09, 0x48, 0x10, 0xc2, 0x04, 0x00, 0x4a,
    0x30, 0x95, 0x55, 0x65, 0x7d, 0xe7, 0x41, 0x07, 0xe3, 0x05, 0xb7, 0x95, 0x47, 0x79, 0x38,
    0x31, 0x02, 0x00, 0x16, 0xf4, 0x54, 0x21, 0x0e, 0x12, 0x70, 0xa0, 0x08, 0x05, 0x72, 0xd4,
    0x77, 0xdf, 0x50, 0x53, 0x0c, 0x10, 0x0a, 0x1e, 0x45, 0xa4, 0x20, 0xc0, 0x0c, 0x3b, 0x60,
    0x40, 0x40, 0x09, 0x04, 0x86, 0x40, 0x14, 0x01, 0x36, 0xa4, 0x60, 0x22, 0x8a, 0x86, 0x39,
    0xc0, 0x20, 0x07, 0x1c, 0x05, 0x02, 0x80, 0x16, 0xb3, 0xdd, 0x00, 0x00, 0x7b, 0x1a, 0x31,
    0xc0, 0x40, 0x1c, 0x04, 0xd6, 0x20, 0x90, 0x74, 0x1a, 0x10, 0xf5, 0xc9, 0x00, 0x60, 0x08,
    0x50, 0x81, 0x00, 0x50, 0x46, 0x10, 0x41, 0x10, 0x74, 0x61, 0xb0, 0x83, 0x00, 0x11, 0x40,
    0x89, 0xe5, 0x94, 0x63, 0x79, 0x90, 0x00, 0x7c, 0x3b, 0x26, 0x00, 0x43, 0x0e, 0x14, 0x36,
    0x55, 0xa1, 0x10, 0xe1, 0xf5, 0xd1, 0x85, 0x98, 0x44, 0xad, 0x31, 0x80, 0x23, 0x59, 0x6a,
    0xa9, 0x25, 0x97, 0x57, 0xf1, 0x10, 0xe7, 0x93, 0x4f, 0x62, 0x49, 0x25, 0x61, 0x49, 0x2d,
    0x30, 0xc2, 0x02, 0xe1, 0x51, 0x01, 0x04, 0x90, 0x2f, 0x01, 0x41, 0x45, 0x58, 0x13, 0x2c,
    0x30, 0x18, 0x01, 0x3f, 0xfc, 0x70, 0x44, 0x9e, 0x02, 0x98, 0x61, 0xc6, 0x9c, 0x63, 0x88,
    0x35, 0x43, 0x96, 0x15, 0x20, 0xc1, 0x06, 0x12, 0x79, 0x46, 0x50, 0xe9, 0x55, 0x0f, 0x48,
    0x00, 0xe8, 0x03, 0x49, 0x94, 0xe9, 0xd4, 0x99, 0x0e, 0xe8, 0x66, 0xe0, 0x51, 0x3f, 0x80,
    0x91, 0x67, 0x05, 0x4c, 0x0c, 0xff, 0x30, 0xc0, 0x13, 0x51, 0xce, 0x50, 0xd4, 0x0e, 0x71,
    0x0a, 0x20, 0xeb, 0x00, 0x77, 0xd4, 0x3a, 0xd7, 0x4d, 0x25, 0x60, 0x20, 0x41, 0x15, 0x83,
    0x72, 0xc5, 0x00, 0x10, 0x55, 0x64, 0x16, 0x00, 0x0f, 0x80, 0x06, 0xf0, 0x83, 0x1d, 0x90,
    0x0a, 0xf0, 0x84, 0x0c, 0x32, 0x30, 0x91, 0xa7, 0x0a, 0x18, 0xd8, 0x70, 0xa7, 0xa6, 0xd4,
    0x5a, 0x0b, 0x25, 0x61, 0x12, 0x48, 0xc0, 0x99, 0x10, 0xab, 0x75, 0xb5, 0x41, 0x1a, 0x52,
    0x05, 0x80, 0x41, 0x09, 0x1f, 0x38, 0xf0, 0x03, 0x17, 0xd1, 0x4a, 0x2b, 0xc3, 0xa3, 0x02,
    0xa4, 0x40, 0x40, 0xb6, 0xb9, 0x3e, 0x99, 0xc8, 0xbc, 0x4f, 0x16, 0x51, 0x96, 0x04, 0x09,
    0x18, 0xd5, 0xc1, 0x52, 0x5d, 0x8d, 0x54, 0xc8, 0x02, 0x12, 0xac, 0x9b, 0x80, 0x8b, 0xa3,
    0xc0, 0x2b, 0xe7, 0x9c, 0x50, 0xda, 0x8b, 0xc1, 0x12, 0xb9, 0x3e, 0x1c, 0x31, 0x67, 0x5f,
    0x64, 0xe6, 0x40, 0x02, 0x13, 0x56, 0x68, 0x2c, 0x00, 0x37, 0xc8, 0x06, 0x60, 0x09, 0x64,
    0x15, 0x11, 0xef, 0x9c, 0x36, 0x1c, 0xe5, 0x40, 0x0a, 0x15, 0xcb, 0x59, 0xc1, 0x12, 0x2a,
    0x16, 0x15, 0x2e, 0xc0, 0x64, 0x7a, 0xdc, 0x16, 0x00, 0x84, 0x7c, 0xa0, 0xc1, 0x04, 0x65,
    0xf5, 0x4c, 0x80, 0x21, 0x58, 0x5c, 0x61, 0xb1, 0x00, 0x56, 0x00, 0x1c, 0xe0, 0x07, 0x46,
    0xb4, 0x9c, 0x02, 0x16, 0x7e, 0x10, 0x91, 0xdb, 0xb2, 0x1a, 0x48, 0x80, 0x83, 0xa9, 0x5c,
    0x2d, 0x36, 0x42, 0x02, 0x2f, 0x1e, 0x75, 0xc0, 0xd6, 0x43, 0x6c, 0x2d, 0x34, 0x94, 0x46,
    0x28, 0x11, 0x42, 0x09, 0x04, 0x58, 0x47, 0x86, 0x04, 0x56, 0xc8, 0x39, 0xc8, 0x01, 0x43,
    0x74, 0x7d, 0x00, 0x11, 0x55, 0x05, 0x10, 0xc2, 0x07, 0xa2, 0x11, 0xda, 0x92, 0x47, 0x24,
    0x88, 0x69, 0xd8, 0xd6, 0x7c, 0xb3, 0xff, 0x7d, 0x80, 0x94, 0x02, 0x24, 0x90, 0x6a, 0x61,
    0x1d, 0x24, 0x5d, 0x01, 0x1d, 0x97, 0xf4, 0xbd, 0xb5, 0x0a, 0x45, 0x3d, 0xa0, 0xc1, 0x1f,
    0x62, 0x30, 0xc5, 0x15, 0x54, 0x1c, 0x08, 0xae, 0xb5, 0xe2, 0x5b, 0x2f, 0x61, 0xc3, 0x0e,
    0x86, 0x11, 0xe6, 0x1f, 0x01, 0x75, 0xbc, 0x71, 0x08, 0xe6, 0x07, 0x30, 0xfe, 0xdf, 0x02,
    0x82, 0x38, 0xc7, 0x16, 0x1c, 0x1b, 0x30, 0x72, 0xdf, 0x8b, 0x98, 0xdf, 0x7b, 0x9b, 0xe7,
    0xb4, 0xab, 0x4b, 0x15, 0x11, 0x8a, 0xc3, 0x1d, 0x00, 0x0c, 0x09, 0x4c, 0x6d, 0xf3, 0x5e,
    0x14, 0x6c, 0x40, 0xc2, 0x87, 0x86, 0xa9, 0xa0, 0x02, 0xed, 0x9e, 0x97, 0xf0, 0xc2, 0x0b,
    0x8f, 0xa4, 0x8a, 0x20, 0x59, 0xc6, 0x1f, 0x1f, 0xc0, 0x03, 0x37, 0x66, 0x40, 0xda, 0x5e,
    0x04, 0x41, 0x15, 0x1d, 0x9b, 0x74, 0xe5, 0x56, 0x56, 0x14, 0x3d, 0x2c, 0x1f, 0xfe, 0xd3,
    0x4f, 0x07, 0xd0, 0x49, 0x52, 0x1f, 0xe8, 0xc0, 0x91, 0xdd, 0x5c, 0x79, 0xe4, 0x43, 0xe5,
    0x1a, 0x0c, 0x45, 0x16, 0x82, 0x9c, 0xbd, 0xd0, 0xc3, 0xfd, 0x51, 0xe0, 0xe6, 0xdf, 0xf4,
    0x36, 0x7e, 0x49, 0x02, 0x00, 0x1b, 0x60, 0x9f, 0x43, 0x14, 0xa0, 0x80, 0x82, 0x10, 0xd0,
    0x80, 0x0a, 0xf0, 0x82, 0xf6, 0x2a, 0x37, 0x13, 0x07, 0x6c, 0xc7, 0x30, 0x47, 0x29, 0x41,
    0x14, 0x9c, 0x47, 0x17, 0xeb, 0x78, 0x00, 0x60, 0xe4, 0xf1, 0x91, 0xc7, 0x0e, 0x48, 0x10,
    0x0e, 0x0e, 0xc4, 0x83, 0x1d, 0xfc, 0xe0, 0x8f, 0x0a, 0x28, 0x90, 0x02, 0x32, 0x80, 0x84,
    0x00, 0x50, 0x80, 0x45, 0x14, 0xe0, 0x02, 0xe9, 0x24, 0x00, 0x3f, 0x21, 0x70, 0xe0, 0x03,
    0xc7, 0xf2, 0x00, 0x07, 0x2e, 0x08, 0x40, 0x0b, 0x58, 0x80, 0x0e, 0x7c, 0x04, 0x00, 0x1f,
    0x8c, 0x50, 0x84, 0x27, 0x04, 0x22, 0x0a, 0xff, 0x51, 0xa8, 0x17, 0x10, 0xa6, 0x10, 0x85,
    0x25, 0x44, 0x62, 0x09, 0x33, 0x20, 0x84, 0x1a, 0x2c, 0x40, 0x09, 0x39, 0x5c, 0x40, 0x07,
    0x08, 0xd4, 0x81, 0x2a, 0x4e, 0xb1, 0x37, 0x51, 0x24, 0x8f, 0x0b, 0x7c, 0xa4, 0x00, 0x4e,
    0x20, 0xf0, 0x8b, 0x1d, 0x24, 0x61, 0x01, 0xf5, 0xd2, 0x02, 0x59, 0xa1, 0x20, 0x06, 0x20,
    0x00, 0x41, 0x19, 0x07, 0x70, 0xc6, 0x34, 0xae, 0xb1, 0x8d, 0x3e, 0x78, 0x23, 0x00, 0x48,
    0x91, 0x06, 0x50, 0x34, 0xa2, 0x0c, 0x65, 0x58, 0x40, 0x6c, 0xa2, 0x98, 0x43, 0x27, 0xe8,
    0x00, 0x11, 0x9b, 0x60, 0xa3, 0x40, 0x44, 0xf1, 0x46, 0x34, 0xaa, 0xd1, 0x8c, 0x86, 0x2c,
    0xa4, 0x1b, 0xcd, 0x48, 0x40, 0x34, 0x28, 0x20, 0x12, 0x94, 0xd8, 0xd5, 0x00, 0x56, 0x60,
    0x00, 0x13, 0x48, 0x92, 0x92, 0x96, 0xdc, 0x15, 0x26, 0x25, 0x09, 0x01, 0x28, 0x58, 0x82,
    0x93, 0x50, 0x40, 0x00, 0x27, 0x0d, 0x90, 0x09, 0x50, 0x66, 0x52, 0x56, 0x9b, 0xd4, 0x64,
    0x25, 0x2f, 0xb9, 0xca, 0x5d, 0x95, 0x02, 0x00, 0x68, 0x50, 0xc3, 0x24, 0x10, 0x70, 0x82,
    0x5d, 0x5d, 0xc0, 0x00, 0x0d, 0xa8, 0xa5, 0xac, 0x6e, 0x99, 0x4b, 0x5b, 0xe2, 0x52, 0x97,
    0x03, 0xe0, 0xe5, 0x0a, 0x7c, 0xd9, 0xcb, 0x5d, 0x1a, 0x00, 0x01, 0xc3, 0x34, 0x66, 0x31,
    0x83, 0xf9, 0x4b, 0x62, 0x02, 0x93, 0x97, 0xc0, 0xf4, 0x84, 0x40, 0xd4, 0xd0, 0x80, 0x06,
    0x98, 0x00, 0x02, 0x10, 0xe0, 0x25, 0x2e, 0xb1, 0xa9, 0xcd, 0x06, 0x70, 0x13, 0x97, 0xdb,
    0xcc, 0x26, 0x38, 0xbd, 0x29, 0xce, 0x06, 0x84, 0xf3, 0x96, 0x26, 0x38, 0xe7, 0x38, 0xbf,
    0x69, 0x4e, 0x72, 0x76, 0x93, 0x9d, 0xe1, 0xd4, 0x04, 0x24, 0x7a, 0xc8, 0x80, 0x02, 0x20,
    0x00, 0x01, 0x06, 0x30, 0x80, 0x08, 0xee, 0x79, 0x3f, 0xcf, 0x7c, 0xee, 0x93, 0x9f, 0xfe,
    0xe4, 0x27, 0x3e, 0xf5, 0x29, 0xd0, 0x80, 0x02, 0x94, 0xa0, 0x07, 0xfd, 0x67, 0x3f, 0x11,
    0xba, 0x50, 0x85, 0x0e, 0xd4, 0xa1, 0xf9, 0x34, 0x00, 0x26, 0x04, 0xc2, 0x02, 0x1f, 0x48,
    0xa2, 0x00, 0x52, 0x28, 0x80, 0x46, 0x37, 0xca, 0xd1, 0x8e, 0x7a, 0xf4, 0xa3, 0x20, 0x0d,
    0xa9, 0x48, 0x47, 0xba, 0x51, 0x29, 0x48, 0xa1, 0x12, 0x02, 0x09, 0x08, 0x00, 0x21, 0xf9,
    0x04, 0x09, 0x09, 0x00, 0x00, 0x00, 0x2c, 0x00, 0x00, 0x00, 0x00, 0x50, 0x00, 0x28, 0x00,
    0x87, 0x00, 0x00, 0x00, 0xfe, 0xe4, 0x68, 0x13, 0x16, 0x26, 0xfe, 0xfe, 0xfc, 0xfb, 0xdb,
    0x64, 0xff, 0xbd, 0x49, 0xfe, 0xb5, 0x32, 0xb0, 0x77, 0x07, 0xfd, 0xa7, 0x62, 0xfe, 0xbc,
    0x47, 0xfe, 0xfe, 0xfd, 0xa9, 0x55, 0x00, 0xa4, 0x6b, 0x03, 0xff, 0x00, 0x00, 0xfe, 0xbd,
    0x49, 0xfb, 0xd6, 0x57, 0xfe, 0xe5, 0xb6, 0x03, 0x08, 0x22, 0xf3, 0xc8, 0x4e, 0xb9, 0x86,
    0x17, 0xcd, 0x9a, 0x24, 0xff, 0xd5, 0x8a, 0x05, 0x09, 0x1b, 0xb9, 0x7d, 0x03, 0xff, 0xf2,
    0x6f, 0xa4, 0x6c, 0x03, 0xc3, 0x89, 0x12, 0xcf, 0x98, 0x1d, 0x7f, 0x7f, 0x00, 0x9c, 0x65,
    0x02, 0xe4, 0xb4, 0x38, 0x99, 0x66, 0x00, 0xd6, 0xa7, 0x31, 0xff, 0xbc, 0x5d, 0xe7, 0xba,
    0x4b, 0xab, 0x75, 0x08, 0xff, 0xb9, 0x3a, 0x85, 0x79, 0x45, 0xff, 0xf0, 0xd8, 0x21, 0x23,
    0x2a, 0xa4, 0x6d, 0x03, 0xff, 0xc4, 0x5b, 0xfc, 0xc6, 0x63, 0xfe, 0xe8, 0xc5, 0xfe, 0xfd,
    0xf8, 0xff, 0xff, 0xfe, 0xff, 0xff, 0x00, 0xa2, 0x6a, 0x03, 0xa9, 0x71, 0x05, 0xff, 0x84,
    0x47, 0xff, 0xdf, 0xbf, 0xfe, 0xfb, 0xd6, 0xfe, 0xfe, 0xfe, 0x92, 0x58, 0x00, 0x9d, 0x66,
    0x00, 0xa3, 0x6c, 0x02, 0xbb, 0xa7, 0x54, 0xd2, 0xb3, 0x4a, 0xff, 0x79, 0x43, 0xe3, 0xad,
    0x2d, 0xfd, 0xe9, 0x8e, 0x1d, 0x21, 0x2f, 0x4c, 0x47, 0x35, 0x48, 0x4b, 0x54, 0x96, 0x5c,
    0x00, 0xa4, 0x6d, 0x05, 0xa9, 0x71, 0x05, 0xff, 0xaa, 0x55, 0xff, 0xb7, 0x69, 0x53, 0x54,
    0x57, 0x58, 0x5b, 0x66, 0x8c, 0x5e, 0x0b, 0x9e, 0x67, 0x04, 0x8b, 0x80, 0x4e, 0xa7, 0x70,
    0x06, 0xba, 0xb9, 0xac, 0xc5, 0x87, 0x10, 0xfe, 0xa9, 0x53, 0xfd, 0xba, 0x62, 0xff, 0xc1,
    0x51, 0xff, 0xf6, 0xa2, 0x31, 0x25, 0x18, 0x56, 0x3b, 0x10, 0x4f, 0x3b, 0x35, 0x58, 0x52,
    0x38, 0x7f, 0x00, 0x00, 0x72, 0x39, 0x00, 0x90, 0x55, 0x00, 0x90, 0x56, 0x00, 0x98, 0x5d,
    0x00, 0x9b, 0x60, 0x00, 0x9b, 0x73, 0x00, 0xa3, 0x6d, 0x00, 0xa2, 0x6c, 0x04, 0xbd, 0x8c,
    0x22, 0xaa, 0xaa, 0x00, 0xab, 0xad, 0xb2, 0xd0, 0x96, 0x2e, 0xd5, 0xa6, 0x33, 0xdd, 0xb0,
    0x36, 0xd5, 0xb9, 0x84, 0xc2, 0xc3, 0xc7, 0xff, 0x7f, 0x00, 0xff, 0x7f, 0x7f, 0xff, 0xbf,
    0x3f, 0xf8, 0xc7, 0x3b, 0xff, 0xe2, 0x5e, 0xef, 0xea, 0xce, 0x3f, 0x00, 0x00, 0x3f, 0x3f,
    0x00, 0x3e, 0x41, 0x4d, 0x55, 0x2a, 0x00, 0x5c, 0x43, 0x16, 0x57, 0x59, 0x59, 0x7f, 0x4f,
    0x00, 0x7f, 0x45, 0x00, 0x6f, 0x4d, 0x3e, 0x76, 0x54, 0x3f, 0x7e, 0x57, 0x41, 0x68, 0x64,
    0x61, 0x8c, 0x4c, 0x00, 0x91, 0x48, 0x24, 0x84, 0x5e, 0x43, 0x9f, 0x68, 0x00, 0x9f, 0x68,
    0x02, 0x81, 0x83, 0x8c, 0xb6, 0x48, 0x00, 0xaa, 0x55, 0x55, 0xab, 0x79, 0x08, 0xa7, 0x70,
    0x04, 0xbf, 0x7f, 0x3f, 0xae, 0x78, 0x4e, 0xb0, 0x89, 0x13, 0xbf, 0x8c, 0x26, 0xb5, 0x88,
    0x51, 0xb9, 0x90, 0x45, 0xaa, 0xaa, 0x55, 0xb0, 0xa1, 0x60, 0xbf, 0xc0, 0xc4, 0xcc, 0x66,
    0x00, 0xcc, 0x66, 0x33, 0xc0, 0x8e, 0x21, 0xcc, 0x99, 0x19, 0xc0, 0x91, 0x54, 0xc4, 0xad,
    0x56, 0xc5, 0xa2, 0x61, 0xd0, 0xb4, 0x7c, 0xff, 0x00, 0xff, 0xff, 0x98, 0x4e, 0xff, 0xad,
    0x17, 0xe7, 0xa2, 0x2e, 0xf9, 0xad, 0x25, 0xff, 0xbf, 0x37, 0xff, 0xbc, 0x2a, 0xff, 0xbc,
    0x48, 0xff, 0xbe, 0x46, 0xff, 0xc6, 0x55, 0xff, 0xc3, 0x5b, 0xff, 0xc4, 0x75, 0xff, 0xc6,
    0x60, 0xff, 0xc1, 0x6c, 0xe2, 0xc6, 0x97, 0xff, 0xd4, 0x6a, 0xff, 0xd1, 0x6c, 0xff, 0xd3,
    0x84, 0xff, 0xe8, 0xbb, 0xf1, 0xe4, 0xa5, 0xe6, 0xe6, 0xe8, 0xff, 0xff, 0xaa, 0xff, 0xff,
    0xff, 0xff, 0xff, 0xff, 0x00, 0x00, 0x00, 0x00, 0x00, 0x00, 0x00, 0x00, 0x00, 0x00, 0x00,
    0x00, 0x00, 0x00, 0x00, 0x00, 0x00, 0x00, 0x00, 0x00, 0x00, 0x00, 0x00, 0x00, 0x00, 0x00,
    0x00, 0x00, 0x00, 0x00, 0x00, 0x00, 0x00, 0x00, 0x00, 0x00, 0x00, 0x00, 0x00, 0x00, 0x00,
    0x00, 0x00, 0x00, 0x00, 0x00, 0x00, 0x00, 0x00, 0x00, 0x00, 0x00, 0x00, 0x00, 0x00, 0x00,
    0x00, 0x00, 0x00, 0x00, 0x00, 0x00, 0x00, 0x00, 0x00, 0x00, 0x00, 0x00, 0x00, 0x00, 0x00,
    0x00, 0x00, 0x00, 0x00, 0x00, 0x00, 0x00, 0x00, 0x00, 0x00, 0x00, 0x00, 0x00, 0x00, 0x00,
    0x00, 0x00, 0x00, 0x00, 0x00, 0x00, 0x00, 0x00, 0x00, 0x00, 0x00, 0x00, 0x00, 0x00, 0x00,
    0x00, 0x00, 0x00, 0x00, 0x00, 0x00, 0x00, 0x00, 0x00, 0x00, 0x00, 0x00, 0x00, 0x00, 0x00,
    0x00, 0x00, 0x00, 0x00, 0x00, 0x00, 0x00, 0x00, 0x00, 0x00, 0x00, 0x00, 0x00, 0x00, 0x00,
    0x00, 0x00, 0x00, 0x00, 0x00, 0x00, 0x00, 0x00, 0x00, 0x00, 0x00, 0x00, 0x00, 0x00, 0x00,
    0x00, 0x00, 0x00, 0x00, 0x00, 0x00, 0x00, 0x00, 0x00, 0x00, 0x00, 0x00, 0x00, 0x00, 0x00,
    0x00, 0x00, 0x00, 0x00, 0x00, 0x00, 0x00, 0x00, 0x00, 0x00, 0x00, 0x00, 0x00, 0x00, 0x00,
    0x00, 0x00, 0x00, 0x00, 0x00, 0x00, 0x00, 0x00, 0x00, 0x00, 0x00, 0x00, 0x00, 0x00, 0x00,
    0x00, 0x00, 0x00, 0x00, 0x00, 0x00, 0x00, 0x00, 0x00, 0x00, 0x00, 0x00, 0x00, 0x00, 0x00,
    0x00, 0x00, 0x00, 0x00, 0x00, 0x00, 0x00, 0x00, 0x00, 0x00, 0x00, 0x00, 0x00, 0x00, 0x00,
    0x00, 0x00, 0x00, 0x00, 0x00, 0x00, 0x00, 0x00, 0x00, 0x00, 0x00, 0x00, 0x00, 0x00, 0x00,
    0x00, 0x00, 0x00, 0x00, 0x00, 0x00, 0x00, 0x00, 0x00, 0x00, 0x00, 0x00, 0x00, 0x00, 0x00,
    0x00, 0x00, 0x00, 0x00, 0x08, 0xff, 0x00, 0x01, 0x08, 0x1c, 0x48, 0xb0, 0xa0, 0xc1, 0x83,
    0x08, 0x13, 0x2a, 0x5c, 0xc8, 0xb0, 0xa1, 0x43, 0x86, 0x2e, 0x2e, 0x7c, 0xf8, 0xb0, 0xa0,
    0xc1, 0xc3, 0x8b, 0x18, 0x33, 0x1a, 0x5c, 0x70, 0xf0, 0x82, 0xc6, 0x8f, 0x20, 0x15, 0x72,
    0x04, 0xb0, 0x00, 0x08, 0x90, 0x17, 0x35, 0xae, 0x08, 0xb4, 0x18, 0xb2, 0x25, 0x48, 0x8f,
    0x35, 0x32, 0x1c, 0x00, 0x31, 0xc6, 0x03, 0x85, 0x03, 0x5a, 0xda, 0x00, 0x60, 0xe9, 0xb2,
    0xa7, 0x43, 0x8e, 0x35, 0x34, 0x48, 0x20, 0x10, 0xa0, 0x68, 0x80, 0x07, 0x1e, 0x84, 0xb0,
    0xa9, 0xe8, 0xb3, 0xa9, 0x48, 0x00, 0x58, 0x34, 0x18, 0x25, 0x40, 0x95, 0x28, 0x06, 0x09,
    0x36, 0x00, 0x70, 0x70, 0xca, 0xb5, 0x60, 0x83, 0x05, 0x79, 0x82, 0x48, 0x08, 0x40, 0xd4,
    0x68, 0x51, 0xa2, 0x14, 0x6a, 0x90, 0xec, 0xda, 0xd5, 0xc5, 0xa2, 0x0b, 0x72, 0x0e, 0x94,
    0x35, 0x7b, 0x36, 0x80, 0x87, 0x2c, 0x82, 0x28, 0xf2, 0x64, 0x9b, 0x70, 0x64, 0xc2, 0x06,
    0x1f, 0x08, 0x5e, 0x91, 0x4b, 0x77, 0xaa, 0x5d, 0x2d, 0x04, 0x2f, 0xf8, 0x45, 0xd8, 0x60,
    0xab, 0xd3, 0xc5, 0x04, 0x1b, 0x78, 0x14, 0xc8, 0xe4, 0x85, 0x12, 0x1b, 0x0c, 0xc6, 0xce,
    0x35, 0x3c, 0xe1, 0xc8, 0x0d, 0x18, 0x28, 0xc2, 0xac, 0x84, 0xcc, 0xd6, 0xe2, 0x16, 0x14,
    0x00, 0x26, 0x27, 0x16, 0x78, 0xe1, 0x32, 0x83, 0x03, 0x07, 0x34, 0x50, 0x98, 0x30, 0x95,
    0x6a, 0x51, 0x0c, 0x39, 0x26, 0xdc, 0x3c, 0xc0, 0xa0, 0x03, 0x8c, 0x11, 0x02, 0x5d, 0x98,
    0x29, 0xb8, 0x95, 0x0b, 0x6a, 0xc7, 0x20, 0xbf, 0x6e, 0x09, 0x82, 0x3a, 0xf0, 0x4a, 0xd6,
    0x37, 0x3a, 0xc4, 0xde, 0x90, 0xe6, 0xc1, 0x03, 0xdc, 0x13, 0x44, 0x6c, 0x7e, 0x40, 0xc1,
    0x4b, 0x51, 0xeb, 0x3b, 0x36, 0xf0, 0xff, 0xce, 0x00, 0x7c, 0xad, 0x40, 0x0e, 0x1c, 0xac,
    0x30, 0x37, 0x1f, 0x92, 0x23, 0x8a, 0x03, 0x48, 0x00, 0x04, 0xe6, 0xd8, 0x5a, 0xfa, 0x06,
    0x0f, 0x3c, 0xa0, 0x40, 0xa9, 0x7a, 0x75, 0xc2, 0x01, 0x0a, 0x14, 0x80, 0xe0, 0x1f, 0x05,
    0x67, 0x51, 0x85, 0x41, 0x00, 0x12, 0x80, 0xa0, 0x01, 0x03, 0xe4, 0x01, 0x30, 0x5c, 0x15,
    0x5b, 0x09, 0x11, 0x08, 0x7b, 0x2d, 0x71, 0x14, 0x04, 0x7c, 0x00, 0xf8, 0x91, 0x9a, 0x4c,
    0x14, 0xa4, 0x11, 0xc0, 0x0c, 0x03, 0x2c, 0xf1, 0x83, 0x00, 0x27, 0x9c, 0x50, 0x02, 0x51,
    0x0f, 0x80, 0x00, 0xa0, 0x76, 0x18, 0xe0, 0xe0, 0x03, 0x89, 0x26, 0x96, 0x85, 0xd4, 0x82,
    0xc0, 0x59, 0xf1, 0x05, 0x22, 0x32, 0x75, 0xf1, 0x95, 0x4f, 0x15, 0x75, 0x01, 0x9b, 0x5a,
    0x28, 0xbc, 0xe6, 0x81, 0x1a, 0x3c, 0xcc, 0x30, 0x43, 0x11, 0x16, 0x58, 0x20, 0xc0, 0x92,
    0x11, 0x08, 0x80, 0xc3, 0x81, 0x66, 0x51, 0x11, 0x41, 0x93, 0x4c, 0x3a, 0x49, 0xd6, 0x51,
    0x0b, 0x66, 0x20, 0x50, 0x06, 0x1a, 0x68, 0x49, 0x5a, 0x7b, 0x00, 0x64, 0xe0, 0x41, 0x23,
    0x59, 0x30, 0x20, 0x54, 0x51, 0x46, 0x22, 0xb9, 0xa4, 0x92, 0x4a, 0x0a, 0x10, 0x41, 0x0e,
    0x64, 0x11, 0x25, 0xe5, 0x92, 0x74, 0x32, 0x09, 0x27, 0x8a, 0x3b, 0x1c, 0x90, 0x81, 0x98,
    0x13, 0x60, 0x41, 0xa1, 0x4b, 0x0b, 0x28, 0x30, 0x07, 0x08, 0x01, 0x6c, 0x90, 0xd9, 0x51,
    0x3c, 0x84, 0xd8, 0xa6, 0x05, 0x46, 0x9c, 0x62, 0x84, 0x92, 0x11, 0xf8, 0x70, 0x25, 0x24,
    0x54, 0x0a, 0xa0, 0x48, 0x19, 0x02, 0x40, 0x2a, 0x69, 0x55, 0x85, 0x1e, 0x2a, 0xc4, 0x9f,
    0x2e, 0x59, 0xf4, 0x06, 0x61, 0x13, 0xd0, 0x16, 0x40, 0x91, 0x3f, 0xb4, 0x29, 0xc0, 0x00,
    0xac, 0xa6, 0xea, 0x26, 0x0e, 0x45, 0xf9, 0xff, 0xd0, 0xa4, 0x05, 0x7d, 0xb0, 0x5a, 0x86,
    0x1b, 0x4c, 0xc2, 0x4a, 0x94, 0x08, 0x0c, 0x88, 0x80, 0x01, 0x08, 0x40, 0x4c, 0xe2, 0x9c,
    0x53, 0x17, 0xfc, 0x01, 0x04, 0xa1, 0x01, 0x94, 0x1a, 0x00, 0x14, 0x6b, 0xd4, 0xc9, 0xe8,
    0x00, 0x34, 0xd0, 0xc0, 0x64, 0x09, 0x18, 0xa8, 0x50, 0xa7, 0x00, 0x4b, 0x40, 0x2b, 0xad,
    0x9b, 0xd4, 0x22, 0xd8, 0xeb, 0x51, 0x07, 0xe0, 0xd1, 0xc0, 0x5e, 0x3c, 0x02, 0x80, 0x04,
    0x61, 0x01, 0x1c, 0x30, 0x01, 0x0f, 0x6b, 0xf4, 0xe0, 0xec, 0x0f, 0x34, 0x80, 0x31, 0x2d,
    0x06, 0x04, 0x9c, 0xe0, 0x6c, 0x11, 0xf1, 0xce, 0x2b, 0x41, 0x07, 0x22, 0x14, 0x05, 0x82,
    0x0d, 0x62, 0x20, 0xe7, 0x54, 0x60, 0x30, 0x30, 0x40, 0xe8, 0x04, 0x5e, 0x8c, 0x65, 0x8a,
    0xbb, 0xce, 0xd6, 0x19, 0x41, 0x12, 0xf4, 0xda, 0xeb, 0x2c, 0xc3, 0xdc, 0x62, 0x90, 0xe2,
    0x01, 0xfd, 0xf2, 0xe6, 0x11, 0xb9, 0x3d, 0x05, 0xf6, 0x02, 0x6c, 0xca, 0x92, 0x85, 0x41,
    0x12, 0xaa, 0x5e, 0x1b, 0xc1, 0x09, 0x43, 0x05, 0x50, 0x42, 0xa5, 0x26, 0xf7, 0x30, 0x97,
    0x08, 0xea, 0x32, 0xc0, 0x00, 0x17, 0x3b, 0x75, 0xe5, 0xf1, 0x04, 0x1b, 0xc0, 0x39, 0x95,
    0x08, 0x7a, 0xd4, 0x21, 0x71, 0x9d, 0x51, 0x74, 0xe0, 0x9f, 0xba, 0x52, 0x5c, 0xbb, 0xe4,
    0x14, 0x76, 0x18, 0x62, 0x1b, 0x51, 0x04, 0x50, 0xb0, 0x41, 0x07, 0x84, 0xd4, 0xcc, 0x95,
    0x45, 0x4c, 0x74, 0x40, 0xa8, 0x6d, 0x4e, 0x20, 0x80, 0x00, 0x11, 0x44, 0x20, 0x30, 0x48,
    0x9d, 0x52, 0x4c, 0x30, 0x86, 0x75, 0x04, 0x88, 0x00, 0xc2, 0x11, 0x51, 0xd0, 0x39, 0x85,
    0xd6, 0x5d, 0x6b, 0xcd, 0x34, 0xb8, 0x37, 0x00, 0xc6, 0xd7, 0x02, 0x61, 0xf0, 0xa1, 0xc1,
    0x03, 0x45, 0xa9, 0xa0, 0xf5, 0xde, 0x08, 0x80, 0xff, 0x42, 0x87, 0x05, 0x11, 0xc0, 0xb1,
    0x41, 0x61, 0x08, 0x1e, 0x31, 0xa5, 0x00, 0x5b, 0xf3, 0xed, 0x76, 0x51, 0x79, 0x02, 0xf7,
    0x65, 0x4f, 0x1c, 0x01, 0xc2, 0x00, 0x81, 0x01, 0xe8, 0xad, 0x38, 0x02, 0x8f, 0x94, 0x90,
    0x04, 0xde, 0x71, 0x16, 0x48, 0x56, 0x22, 0x71, 0xdc, 0x71, 0xf9, 0xe2, 0x12, 0xe8, 0xa9,
    0x15, 0x5f, 0x02, 0x79, 0x7c, 0xc0, 0x0e, 0x45, 0x65, 0xcd, 0xb7, 0x13, 0x01, 0x40, 0x79,
    0x65, 0xe7, 0xb3, 0x63, 0x40, 0xef, 0xe5, 0x28, 0x2e, 0xe8, 0x08, 0x07, 0x55, 0xa0, 0xbe,
    0xd3, 0x05, 0x17, 0xc8, 0xb4, 0x01, 0xde, 0x04, 0xa8, 0x60, 0x7c, 0x59, 0x55, 0x11, 0x25,
    0x01, 0x25, 0x31, 0xc4, 0xa0, 0x1d, 0xed, 0x67, 0x1d, 0x5f, 0x94, 0x07, 0x34, 0x72, 0xf0,
    0xb8, 0x53, 0x16, 0x5d, 0x00, 0x43, 0x07, 0x42, 0xa9, 0x41, 0xd7, 0x66, 0x04, 0xc4, 0xa0,
    0x43, 0xf3, 0x3a, 0x34, 0x31, 0xfb, 0xf9, 0xdf, 0xe5, 0xd9, 0xa0, 0xc0, 0xbe, 0x37, 0x06,
    0xc0, 0x08, 0xaf, 0x6d, 0x20, 0x01, 0xe7, 0x71, 0x72, 0xda, 0x84, 0x0e, 0xf8, 0xc7, 0xa0,
    0x59, 0xf2, 0x46, 0xcd, 0xa8, 0xe7, 0x10, 0xa0, 0xd2, 0x88, 0x02, 0x14, 0x50, 0x90, 0x01,
    0x16, 0x50, 0x01, 0x8c, 0x48, 0xcd, 0x0d, 0x5e, 0x33, 0x01, 0x0f, 0x58, 0xe7, 0x7b, 0x08,
    0x6a, 0xc2, 0xf3, 0x36, 0x73, 0x14, 0x09, 0xec, 0x66, 0x7d, 0x5f, 0x10, 0x88, 0x01, 0x09,
    0xb2, 0xc1, 0x81, 0x74, 0x90, 0x83, 0x1e, 0xdc, 0x09, 0x01, 0x35, 0x28, 0xc2, 0x81, 0x00,
    0x10, 0x00, 0x85, 0x78, 0x41, 0x07, 0xe2, 0x47, 0x01, 0x07, 0xce, 0x8f, 0x70, 0x47, 0x79,
    0x80, 0x05, 0x29, 0xa0, 0x01, 0xde, 0x08, 0xa1, 0x3c, 0x2e, 0x20, 0x60, 0x03, 0x46, 0x08,
    0x00, 0x1d, 0xf2, 0xd0, 0x87, 0x21, 0x0c, 0x8e, 0x06, 0xff, 0x79, 0x38, 0xc4, 0x03, 0x1a,
    0x24, 0x14, 0x28, 0x88, 0x4e, 0x07, 0x56, 0x28, 0x34, 0x00, 0x39, 0x6d, 0x03, 0x1b, 0x70,
    0x1a, 0x6c, 0x64, 0x76, 0x00, 0x1b, 0xec, 0x81, 0x09, 0x45, 0xe4, 0x20, 0x11, 0x7b, 0xb8,
    0xc5, 0x0d, 0x12, 0xd0, 0x05, 0x02, 0x61, 0x01, 0xab, 0x5a, 0x20, 0x83, 0x10, 0x84, 0x40,
    0x8c, 0x03, 0x20, 0xa3, 0x19, 0xd1, 0xa8, 0xc6, 0x33, 0xb2, 0x4a, 0x15, 0x00, 0x10, 0x83,
    0x25, 0x24, 0x41, 0x06, 0x32, 0x1c, 0x62, 0x85, 0x32, 0xcb, 0x23, 0x03, 0x60, 0x00, 0x83,
    0x48, 0x8c, 0x11, 0x00, 0xa8, 0xe0, 0x04, 0x1b, 0xcb, 0xe8, 0xc6, 0x34, 0x12, 0x72, 0x90,
    0x6b, 0x1c, 0xe3, 0x00, 0xcf, 0xa0, 0x00, 0x4c, 0x74, 0x82, 0x55, 0xac, 0x5a, 0x81, 0x01,
    0x52, 0x00, 0xc9, 0x01, 0x48, 0x92, 0x92, 0x90, 0xbc, 0x64, 0x25, 0x21, 0x60, 0x80, 0x4f,
    0x6c, 0xf2, 0x12, 0x09, 0xd8, 0x64, 0x26, 0x46, 0xb1, 0xc9, 0x49, 0x56, 0x52, 0x93, 0x99,
    0x34, 0x65, 0x2a, 0x31, 0xc9, 0xaa, 0x54, 0x00, 0xe0, 0x0c, 0x68, 0xd8, 0x44, 0x02, 0x4c,
    0x00, 0xc9, 0x0a, 0x18, 0xc0, 0x01, 0xb4, 0x64, 0x95, 0x2d, 0x71, 0x59, 0xcb, 0x5b, 0xe6,
    0x72, 0x00, 0xbb, 0x5c, 0x41, 0x2f, 0x79, 0xa9, 0x4b, 0x03, 0x24, 0x40, 0x98, 0xc5, 0x24,
    0x26, 0x30, 0x7d, 0x39, 0xcc, 0x5f, 0xee, 0xf2, 0x97, 0xa5, 0x10, 0x08, 0x1a, 0x1c, 0xe0,
    0x80, 0x14, 0x40, 0x00, 0x02, 0xbb, 0xbc, 0xe5, 0x35, 0xb3, 0xe9, 0x80, 0x6d, 0xde, 0x52,
    0x9b, 0xd8, 0xfc, 0x66, 0x37, 0xc3, 0xe9, 0x00, 0x70, 0x72, 0xd3, 0x9b, 0xe5, 0x1c, 0xe7,
    0x39, 0xc9, 0x69, 0x4e, 0x71, 0x5e, 0x93, 0x14, 0x95, 0x00, 0xc0, 0x10, 0x1a, 0x50, 0x80,
    0x04, 0x24, 0xc0, 0x00, 0x06, 0x20, 0x81, 0x3d, 0xed, 0x89, 0x3c, 0x4f, 0x7d, 0xee, 0xb3,
    0x9f, 0xfb, 0xbc, 0x67, 0x3e, 0x03, 0x0a, 0xd0, 0x7f, 0x0e, 0xd4, 0xa0, 0xfe, 0xe4, 0xe7,
    0x41, 0x15, 0x9a, 0x50, 0x81, 0x36, 0x14, 0x9f, 0x06, 0x10, 0x45, 0x70, 0x86, 0xa0, 0x89,
    0x02, 0x3c, 0xa1, 0x00, 0x18, 0xcd, 0xa8, 0x46, 0x37, 0xca, 0xd1, 0x8e, 0x7a, 0xf4, 0xa3,
    0x20, 0x0d, 0x69, 0x46, 0x9f, 0xf0, 0x04, 0x4f, 0x08, 0x24, 0x20, 0x00, 0x21, 0xf9, 0x04,
    0x09, 0x09, 0x00, 0x00, 0x00, 0x2c, 0x00, 0x00, 0x00, 0x00, 0x50, 0x00, 0x28, 0x00, 0x87,
    0x00, 0x00, 0x00, 0xfe, 0xe4, 0x68, 0xfb, 0xdb, 0x64, 0x13, 0x17, 0x27, 0xfe, 0xfe, 0xfd,
    0xff, 0xbd, 0x49, 0xfe, 0xb5, 0x32, 0xb0, 0x76, 0x07, 0xff, 0xff, 0xff, 0xfe, 0xa8, 0x63,
    0xfe, 0xbc, 0x46, 0xa9, 0x55, 0x00, 0xa4, 0x6b, 0x02, 0xff, 0x00, 0x00, 0xfe, 0xbd, 0x49,
    0xfb, 0xd6, 0x56, 0xf2, 0xc8, 0x4d, 0x03, 0x06, 0x19, 0x03, 0x09, 0x22, 0xfe, 0xe5, 0xb7,
    0xd4, 0xa7, 0x31, 0xfd, 0xd5, 0x8a, 0xfe, 0xf3, 0x70, 0xb8, 0x85, 0x17, 0xca, 0x99, 0x26,
    0xa3, 0x6b, 0x02, 0xb7, 0x7b, 0x06, 0xe4, 0xb4, 0x36, 0x99, 0x66, 0x00, 0x9c, 0x64, 0x00,
    0xc3, 0x89, 0x11, 0xd0, 0x99, 0x1d, 0xff, 0xbc, 0x5d, 0xab, 0x73, 0x07, 0x87, 0x7a, 0x45,
    0xa4, 0x6d, 0x04, 0xff, 0xb9, 0x3a, 0xff, 0xff, 0x00, 0xff, 0xf0, 0xd8, 0xfe, 0xc4, 0x5b,
    0xfe, 0xfd, 0xfb, 0xfc, 0xfc, 0xfc, 0x22, 0x24, 0x2a, 0x7f, 0x7f, 0x00, 0xe9, 0xb8, 0x49,
    0xff, 0xfe, 0xf9, 0xaa, 0x72, 0x09, 0xfe, 0xc5, 0x64, 0xfc, 0xde, 0xbd, 0xfe, 0xe7, 0xc2,
    0xfd, 0xfb, 0xd6, 0x4f, 0x4a, 0x35, 0xff, 0x7f, 0x00, 0xff, 0x84, 0x46, 0xfe, 0xba, 0x63,
    0x57, 0x5a, 0x65, 0x93, 0x59, 0x00, 0xa2, 0x6b, 0x03, 0xa2, 0x6a, 0x03, 0xac, 0x74, 0x08,
    0xff, 0x79, 0x43, 0xff, 0xb7, 0x68, 0x49, 0x4c, 0x59, 0x81, 0x83, 0x8b, 0xa9, 0x71, 0x05,
    0xb9, 0x8d, 0x26, 0xb8, 0xa4, 0x53, 0xcc, 0x94, 0x2a, 0xcf, 0xb4, 0x4e, 0x8f, 0x5a, 0x04,
    0x95, 0x5a, 0x00, 0x85, 0x83, 0x77, 0xa4, 0x6e, 0x08, 0xa9, 0x73, 0x09, 0xcb, 0x8c, 0x15,
    0xe3, 0xad, 0x2b, 0xff, 0xaa, 0x55, 0xff, 0xa9, 0x53, 0xff, 0xc1, 0x51, 0x48, 0x37, 0x33,
    0x59, 0x50, 0x38, 0x50, 0x51, 0x57, 0x7f, 0x00, 0x00, 0x7f, 0x3f, 0x00, 0x7f, 0x4b, 0x00,
    0x7f, 0x72, 0x42, 0x8b, 0x48, 0x00, 0x83, 0x4a, 0x00, 0x8d, 0x52, 0x00, 0x9c, 0x68, 0x00,
    0x9d, 0x64, 0x00, 0x9b, 0x62, 0x00, 0x80, 0x7e, 0x75, 0xa3, 0x6d, 0x09, 0xb2, 0x7a, 0x50,
    0xbb, 0x87, 0x15, 0xb9, 0x90, 0x28, 0xd5, 0x9c, 0x0f, 0xda, 0xb2, 0x3a, 0xcf, 0xb3, 0x7d,
    0xc1, 0xc2, 0xc6, 0xff, 0x00, 0xff, 0xff, 0x7f, 0x7f, 0xfd, 0xae, 0x24, 0xff, 0xbf, 0x3f,
    0xff, 0xb9, 0x28, 0xff, 0xc8, 0x6d, 0xec, 0xe6, 0xc2, 0xf7, 0xeb, 0xeb, 0xff, 0xfb, 0xb2,
    0xff, 0xf6, 0xd5, 0x00, 0x00, 0xff, 0x1f, 0x23, 0x31, 0x3f, 0x00, 0x00, 0x28, 0x1e, 0x18,
    0x3c, 0x2d, 0x18, 0x3f, 0x3f, 0x3f, 0x6c, 0x43, 0x04, 0x76, 0x50, 0x0c, 0x72, 0x53, 0x3f,
    0x7d, 0x6f, 0x45, 0x7f, 0x7f, 0x7f, 0x78, 0x7a, 0x7c, 0x7c, 0x7e, 0x88, 0x7f, 0x81, 0x8a,
    0x99, 0x5f, 0x00, 0x99, 0x5e, 0x00, 0x89, 0x5d, 0x49, 0x9f, 0x67, 0x01, 0x8d, 0x62, 0x46,
    0xbf, 0x3f, 0x00, 0xaa, 0x77, 0x08, 0xaf, 0x7d, 0x20, 0xb7, 0x80, 0x18, 0xb4, 0x82, 0x18,
    0xb8, 0xad, 0x7e, 0xbf, 0xbf, 0x3f, 0xbf, 0xb0, 0x56, 0xb7, 0xb9, 0xbd, 0xc2, 0x9d, 0x58,
    0xc5, 0xad, 0x56, 0xd0, 0xb5, 0x82, 0xe6, 0x9a, 0x5d, 0xff, 0x98, 0x4d, 0xff, 0xad, 0x17,
    0xe6, 0xaa, 0x30, 0xf2, 0xa3, 0x5f, 0xff, 0xbf, 0x37, 0xff, 0xbc, 0x48, 0xff, 0xbe, 0x46,
    0xff, 0xc3, 0x5b, 0xff, 0xc5, 0x60, 0xf5, 0xcd, 0x72, 0xff, 0xd0, 0x5c, 0xff, 0xd4, 0x6a,
    0xff, 0xd1, 0x6c, 0xf2, 0xd7, 0x72, 0xff, 0xd3, 0x84, 0xff, 0xe1, 0x5f, 0xff, 0xe7, 0x80,
    0xff, 0xe8, 0xbb, 0xf9, 0xec, 0xb1, 0xf9, 0xed, 0xd0, 0xff, 0xff, 0x3f, 0xff, 0xff, 0xff,
    0xff, 0xff, 0xff, 0xff, 0xff, 0xff, 0x00, 0x00, 0x00, 0x00, 0x00, 0x00, 0x00, 0x00, 0x00,
    0x00, 0x00, 0x00, 0x00, 0x00, 0x00, 0x00, 0x00, 0x00, 0x00, 0x00, 0x00, 0x00, 0x00, 0x00,
    0x00, 0x00, 0x00, 0x00, 0x00, 0x00, 0x00, 0x00, 0x00, 0x00, 0x00, 0x00, 0x00, 0x00, 0x00,
    0x00, 0x00, 0x00, 0x00, 0x00, 0x00, 0x00, 0x00, 0x00, 0x00, 0x00, 0x00, 0x00, 0x00, 0x00,
    0x00, 0x00, 0x00, 0x00, 0x00, 0x00, 0x00, 0x00, 0x00, 0x00, 0x00, 0x00, 0x00, 0x00, 0x00,
    0x00, 0x00, 0x00, 0x00, 0x00, 0x00, 0x00, 0x00, 0x00, 0x00, 0x00, 0x00, 0x00, 0x00, 0x00,
    0x00, 0x00, 0x00, 0x00, 0x00, 0x00, 0x00, 0x00, 0x00, 0x00, 0x00, 0x00, 0x00, 0x00, 0x00,
    0x00, 0x00, 0x00, 0x00, 0x00, 0x00, 0x00, 0x00, 0x00, 0x00, 0x00, 0x00, 0x00, 0x00, 0x00,
    0x00, 0x00, 0x00, 0x00, 0x00, 0x00, 0x00, 0x00, 0x00, 0x00, 0x00, 0x00, 0x00, 0x00, 0x00,
    0x00, 0x00, 0x00, 0x00, 0x00, 0x00, 0x00, 0x00, 0x00, 0x00, 0x00, 0x00, 0x00, 0x00, 0x00,
    0x00, 0x00, 0x00, 0x00, 0x00, 0x00, 0x00, 0x00, 0x00, 0x00, 0x00, 0x00, 0x00, 0x00, 0x00,
    0x00, 0x00, 0x00, 0x00, 0x00, 0x00, 0x00, 0x00, 0x00, 0x00, 0x00, 0x00, 0x00, 0x00, 0x00,
    0x00, 0x00, 0x00, 0x00, 0x00, 0x00, 0x00, 0x00, 0x00, 0x00, 0x00, 0x00, 0x00, 0x00, 0x00,
    0x00, 0x00, 0x00, 0x00, 0x00, 0x00, 0x00, 0x00, 0x00, 0x00, 0x00, 0x00, 0x00, 0x00, 0x00,
    0x00, 0x00, 0x00, 0x00, 0x00, 0x00, 0x00, 0x00, 0x00, 0x00, 0x00, 0x00, 0x00, 0x00, 0x00,
    0x00, 0x00, 0x00, 0x00, 0x00, 0x00, 0x00, 0x00, 0x00, 0x00, 0x00, 0x00, 0x00, 0x00, 0x00,
    0x00, 0x00, 0x00, 0x00, 0x00, 0x00, 0x00, 0x00, 0x00, 0x00, 0x00, 0x00, 0x00, 0x00, 0x00,
    0x00, 0x00, 0x00, 0x00, 0x00, 0x00, 0x00, 0x00, 0x00, 0x00, 0x00, 0x00, 0x00, 0x00, 0x00,
    0x00, 0x00, 0x00, 0x08, 0xff, 0x00, 0x01, 0x08, 0x1c, 0x48, 0xb0, 0xa0, 0xc1, 0x83, 0x08,
    0x07, 0x36, 0x58, 0x98, 0xb0, 0xa1, 0xc3, 0x87, 0x10, 0x23, 0x16, 0x6c, 0xc0, 0x81, 0xa0,
    0x86, 0x05, 0x12, 0x33, 0x6a, 0xdc, 0x58, 0x90, 0xc6, 0xc0, 0x05, 0x54, 0xb0, 0x70, 0x1c,
    0x49, 0xf2, 0x21, 0x46, 0x2b, 0x46, 0x32, 0x1c, 0x58, 0xa9, 0x03, 0x07, 0x80, 0x15, 0x25,
    0x4a, 0xca, 0x24, 0x89, 0x11, 0xc7, 0x01, 0x0a, 0x10, 0x04, 0x08, 0x78, 0xb0, 0x01, 0x43,
    0x86, 0x38, 0x00, 0x1a, 0xcc, 0x1c, 0x2a, 0xb1, 0x26, 0x06, 0x01, 0x01, 0x92, 0x2a, 0x0d,
    0x00, 0x21, 0x83, 0x95, 0x15, 0x42, 0x89, 0x4a, 0x45, 0x28, 0x14, 0xcb, 0x81, 0xa4, 0x3a,
    0x95, 0xea, 0xb4, 0xb0, 0xa1, 0x0f, 0x80, 0x8a, 0x53, 0xc3, 0x12, 0x5c, 0x50, 0xc6, 0x08,
    0x85, 0x00, 0x48, 0x97, 0x2a, 0x7d, 0x70, 0x80, 0x4a, 0x89, 0xa8, 0x62, 0x89, 0x52, 0x1c,
    0x68, 0x64, 0x03, 0x5a, 0xb5, 0x5a, 0x0f, 0x0c, 0xbc, 0x08, 0x37, 0x2e, 0xd5, 0x86, 0x18,
    0x07, 0x86, 0x19, 0xb2, 0xe5, 0x6c, 0x5a, 0xbc, 0x02, 0x0e, 0x8c, 0x18, 0xf2, 0x65, 0x20,
    0xd4, 0x86, 0x31, 0x89, 0x72, 0xc0, 0x18, 0xb9, 0xe0, 0x82, 0xc8, 0x4a, 0x72, 0x64, 0x60,
    0xd0, 0x61, 0x25, 0xd2, 0xac, 0x58, 0x91, 0x52, 0x60, 0xc0, 0xb9, 0x83, 0x8b, 0x10, 0x1a,
    0x04, 0x6a, 0xe8, 0xfb, 0xf1, 0xeb, 0xd0, 0x15, 0x1c, 0x72, 0x74, 0x29, 0x21, 0x68, 0xa2,
    0xc0, 0x10, 0x3b, 0x18, 0x1c, 0xf0, 0x80, 0x01, 0x03, 0x04, 0x31, 0x41, 0x0e, 0x2f, 0x25,
    0x12, 0x84, 0xe7, 0x87, 0x0f, 0x07, 0x48, 0xeb, 0x48, 0x0d, 0xc0, 0x23, 0xc1, 0x8a, 0x23,
    0x46, 0xbc, 0x94, 0x89, 0x71, 0x04, 0x12, 0x3a, 0x00, 0x02, 0x2f, 0x58, 0x01, 0x20, 0x84,
    0xca, 0x03, 0xbe, 0x1f, 0x58, 0xff, 0x18, 0x6f, 0x81, 0x05, 0x78, 0x16, 0x3b, 0x1f, 0x50,
    0xb8, 0x70, 0x21, 0x00, 0xf9, 0x00, 0x3c, 0x2f, 0x24, 0x5f, 0xee, 0x3a, 0x28, 0x77, 0xeb,
    0x93, 0x87, 0x62, 0x4c, 0xb2, 0x23, 0x0b, 0x80, 0x8b, 0x00, 0x30, 0xa1, 0x92, 0x07, 0x1b,
    0x08, 0xd0, 0x06, 0x01, 0x6b, 0x1c, 0x21, 0x82, 0x08, 0x42, 0x58, 0x10, 0xc0, 0x7a, 0x2b,
    0x9d, 0x67, 0x81, 0x00, 0x0b, 0x56, 0x21, 0x84, 0x7b, 0x0f, 0x40, 0x80, 0x1c, 0x03, 0x21,
    0x00, 0x20, 0x05, 0x46, 0x88, 0xe4, 0xa0, 0x58, 0x76, 0xfa, 0x35, 0x50, 0x04, 0x72, 0x2e,
    0x75, 0xa7, 0xd2, 0x12, 0x0f, 0x7c, 0x22, 0x83, 0x0c, 0x5c, 0xc0, 0x11, 0x81, 0x04, 0x34,
    0xce, 0x40, 0xc4, 0x84, 0x0f, 0x3c, 0x20, 0x80, 0x83, 0x22, 0xa8, 0x40, 0x63, 0x8d, 0x89,
    0x24, 0x95, 0xa1, 0x07, 0x1d, 0x00, 0x91, 0x9a, 0x1a, 0x5b, 0x7c, 0xb0, 0x03, 0x89, 0x44,
    0x61, 0x64, 0x08, 0x04, 0x07, 0x64, 0x11, 0x02, 0x03, 0x04, 0x26, 0xf5, 0x62, 0x14, 0x11,
    0x0c, 0x30, 0x40, 0x04, 0x59, 0xd2, 0x78, 0xa1, 0x56, 0x33, 0x64, 0xb9, 0xa5, 0x96, 0x5e,
    0xde, 0xf5, 0x00, 0x72, 0x19, 0x28, 0xe1, 0x07, 0x06, 0x14, 0x14, 0xf1, 0x46, 0x60, 0xfa,
    0x01, 0x70, 0xc5, 0x06, 0x10, 0x90, 0xe6, 0xc1, 0x03, 0x68, 0x85, 0x42, 0x00, 0x17, 0x62,
    0x46, 0x70, 0xc3, 0x0d, 0x62, 0x0e, 0xf0, 0x99, 0x05, 0x22, 0x04, 0xba, 0xc7, 0x98, 0x5a,
    0x7e, 0x96, 0xd4, 0x06, 0x07, 0x74, 0x80, 0x41, 0x00, 0x49, 0x30, 0x29, 0xd5, 0x7e, 0x4c,
    0x31, 0x60, 0x98, 0x00, 0x32, 0xac, 0xa1, 0x82, 0x96, 0x7e, 0x12, 0x40, 0x00, 0x96, 0x03,
    0x48, 0x20, 0x02, 0x56, 0x9b, 0x6a, 0x49, 0x06, 0x01, 0x8a, 0x84, 0x1a, 0xea, 0xa8, 0x59,
    0xb1, 0xd5, 0x1e, 0x05, 0x57, 0x20, 0xff, 0x00, 0x67, 0x93, 0x65, 0x14, 0x41, 0x81, 0x05,
    0x10, 0xb0, 0x67, 0xe5, 0x11, 0x7d, 0xde, 0x40, 0x40, 0x0a, 0x29, 0xf8, 0x90, 0xa5, 0x0a,
    0x3b, 0x8a, 0x20, 0x81, 0x96, 0x03, 0x9c, 0x0a, 0xac, 0xb0, 0x03, 0x10, 0x9b, 0x94, 0x79,
    0x67, 0x05, 0xb0, 0xe4, 0xac, 0x52, 0x71, 0xb7, 0x03, 0x9e, 0x01, 0x04, 0x71, 0x01, 0xa6,
    0xbc, 0x22, 0xeb, 0x27, 0xb0, 0x3f, 0x0c, 0x5b, 0xec, 0xb1, 0xc8, 0xfe, 0x00, 0xae, 0xb8,
    0x01, 0x10, 0x71, 0x00, 0x04, 0x49, 0x51, 0x80, 0x03, 0x02, 0x53, 0x88, 0x25, 0xd4, 0x10,
    0x1d, 0x44, 0x3b, 0x1a, 0x0b, 0x6d, 0xe8, 0x11, 0xe8, 0x96, 0x3e, 0xfc, 0x80, 0xec, 0x00,
    0x10, 0x58, 0x50, 0x05, 0xb9, 0x9c, 0xfa, 0xc0, 0xc7, 0xbf, 0x48, 0xc9, 0xc7, 0x6e, 0x62,
    0x39, 0xfc, 0x27, 0x2f, 0x00, 0x5d, 0xe8, 0xf6, 0x00, 0x7b, 0x69, 0x1d, 0x42, 0x30, 0xa7,
    0x62, 0x4a, 0x30, 0x83, 0x7b, 0x44, 0x5c, 0xbc, 0x65, 0xc6, 0x1b, 0x23, 0xc5, 0x42, 0x07,
    0x10, 0x8c, 0xe6, 0x42, 0x7d, 0x53, 0x09, 0xa5, 0x01, 0x03, 0xf2, 0x45, 0x9b, 0x16, 0x14,
    0x64, 0xfe, 0x8b, 0x6c, 0x10, 0x14, 0xb0, 0x39, 0x83, 0xc7, 0xaa, 0x0e, 0xc0, 0x88, 0x83,
    0x48, 0xe5, 0xca, 0x9e, 0x0e, 0x28, 0x4f, 0xb5, 0x00, 0x18, 0x19, 0x78, 0xb0, 0x30, 0x5a,
    0x2f, 0xd8, 0x90, 0x40, 0x02, 0x5e, 0xdc, 0x21, 0xf3, 0x1c, 0x0c, 0xf4, 0xd6, 0xdb, 0x05,
    0x76, 0xfc, 0x2b, 0xc1, 0x13, 0x81, 0x38, 0x92, 0x40, 0x0f, 0x2f, 0x28, 0x2a, 0x00, 0x06,
    0x23, 0x52, 0x2b, 0x19, 0x00, 0x22, 0x1e, 0xad, 0xf4, 0xd2, 0x5b, 0xf7, 0xe0, 0x05, 0x99,
    0x75, 0x1c, 0xb5, 0x94, 0x00, 0x10, 0x74, 0x20, 0x87, 0x96, 0x4f, 0x6c, 0x8d, 0xf6, 0xd2,
    0x8a, 0x7e, 0xd0, 0xc1, 0x28, 0x41, 0xc5, 0xff, 0xa5, 0x32, 0x95, 0x78, 0x0a, 0x70, 0xf7,
    0xdd, 0x9b, 0x42, 0x21, 0xc6, 0x67, 0x3a, 0xa5, 0x05, 0x01, 0x1e, 0xa1, 0xfe, 0xd1, 0x83,
    0x24, 0x83, 0xbf, 0xb0, 0xe8, 0x01, 0x2e, 0xd0, 0x00, 0x56, 0x5c, 0xd5, 0x31, 0xb0, 0x84,
    0x27, 0x01, 0x9c, 0x7d, 0xb7, 0x0d, 0xa0, 0xdd, 0xa5, 0x15, 0x52, 0x16, 0x70, 0x52, 0x01,
    0x26, 0x83, 0xe3, 0x0d, 0x9f, 0x07, 0x80, 0x28, 0xb1, 0x00, 0x6b, 0x61, 0x61, 0xb4, 0x22,
    0x9e, 0x49, 0x2f, 0x6d, 0x43, 0xd7, 0xa3, 0xa3, 0xc5, 0x42, 0x13, 0xec, 0xa2, 0x75, 0x98,
    0x00, 0x2f, 0xa0, 0x8d, 0x3b, 0x04, 0x1e, 0x30, 0x30, 0x88, 0xa4, 0x7e, 0x35, 0x30, 0x45,
    0x18, 0x9b, 0xdd, 0x19, 0x5a, 0xee, 0x3d, 0xd7, 0xc0, 0xc3, 0xf4, 0x4d, 0x8c, 0x9e, 0x56,
    0xe2, 0x93, 0x33, 0x20, 0x9d, 0xd8, 0x7e, 0x4b, 0xd1, 0x1d, 0x95, 0x1b, 0x60, 0x9b, 0xf8,
    0xf5, 0x01, 0x34, 0xc1, 0x43, 0x0d, 0xd2, 0xd7, 0x20, 0x1c, 0xf6, 0x49, 0x69, 0x78, 0x40,
    0x06, 0xa9, 0x39, 0xe7, 0x97, 0x41, 0x1e, 0x79, 0x47, 0x25, 0x4e, 0x6f, 0x67, 0x25, 0x00,
    0x0b, 0xe8, 0x3f, 0xb2, 0x70, 0xe8, 0x68, 0xd9, 0x00, 0x72, 0x8a, 0x94, 0x1a, 0xee, 0x6d,
    0x04, 0x01, 0x08, 0x28, 0x08, 0x02, 0x15, 0x88, 0x80, 0x12, 0x04, 0xc6, 0x7e, 0x07, 0xf8,
    0x40, 0xf8, 0xb0, 0x95, 0x3f, 0xbc, 0xe4, 0xa8, 0x64, 0x1e, 0x68, 0x94, 0x0e, 0x1a, 0xd3,
    0x37, 0x00, 0x2c, 0x90, 0x20, 0x1f, 0x1c, 0x48, 0x08, 0x41, 0x28, 0xc2, 0xa0, 0x24, 0x50,
    0x20, 0x09, 0x6c, 0xc0, 0x09, 0x3d, 0xb8, 0x00, 0xe7, 0x84, 0xc0, 0x05, 0x1d, 0xd0, 0x4d,
    0x04, 0x3f, 0x80, 0x93, 0x0c, 0xe5, 0xc8, 0x86, 0x02, 0xa4, 0x40, 0x06, 0x93, 0x93, 0x01,
    0x20, 0x80, 0x41, 0x20, 0x1c, 0xc8, 0x83, 0x09, 0xff, 0x4b, 0xa8, 0x42, 0x22, 0xae, 0x70,
    0x85, 0x91, 0x19, 0xa1, 0x07, 0x57, 0x88, 0x42, 0x26, 0x02, 0x80, 0x0d, 0x09, 0xd4, 0xc0,
    0x08, 0x80, 0xa0, 0x05, 0xdd, 0x74, 0x66, 0x25, 0xa4, 0x21, 0x4d, 0x72, 0x62, 0x88, 0x04,
    0x42, 0x68, 0x81, 0x39, 0x00, 0x80, 0x01, 0x1b, 0x18, 0x48, 0x46, 0x10, 0x9e, 0x30, 0x81,
    0x91, 0x69, 0x81, 0xa7, 0x50, 0x00, 0x03, 0x10, 0x80, 0x40, 0x8d, 0x04, 0x60, 0xa3, 0x1b,
    0xe1, 0x28, 0xc7, 0x37, 0xae, 0xf1, 0x84, 0xa4, 0x58, 0xa3, 0x0b, 0xf6, 0xb8, 0x88, 0x46,
    0x8c, 0x61, 0x0c, 0x85, 0x08, 0x41, 0x24, 0x44, 0xf1, 0x2b, 0x53, 0x20, 0x20, 0x13, 0x43,
    0xa0, 0x63, 0x1b, 0xed, 0x18, 0xc7, 0x45, 0x2a, 0x72, 0x8e, 0x77, 0x44, 0x80, 0x19, 0x10,
    0x30, 0x09, 0x4b, 0x78, 0xca, 0x53, 0x31, 0x30, 0xc0, 0x09, 0x2e, 0x49, 0x80, 0x4c, 0x6e,
    0xf2, 0x92, 0x9e, 0xe4, 0xe4, 0x04, 0xce, 0xf0, 0x49, 0x4f, 0xb9, 0x21, 0x0d, 0x9b, 0xe0,
    0xe4, 0x29, 0x2f, 0x21, 0x4a, 0x52, 0x72, 0x32, 0x94, 0xa0, 0xd4, 0xe4, 0x2b, 0x65, 0x79,
    0xc9, 0x52, 0x00, 0xc0, 0x0c, 0x68, 0xa8, 0x84, 0x02, 0x4c, 0x70, 0xc9, 0x0a, 0x18, 0xc0,
    0x01, 0xbc, 0xf4, 0x94, 0x2f, 0x81, 0xd9, 0xcb, 0x5f, 0x06, 0x93, 0x00, 0xc3, 0x3c, 0xa6,
    0x2f, 0x15, 0x10, 0x83, 0x62, 0x12, 0x53, 0x98, 0xc6, 0x74, 0xa6, 0x32, 0xa3, 0x09, 0xcd,
    0x67, 0x12, 0x00, 0x14, 0x02, 0x41, 0x83, 0x03, 0x1c, 0x70, 0x82, 0x09, 0x4c, 0x60, 0x98,
    0xbf, 0xf4, 0x26, 0x38, 0x1d, 0x20, 0xce, 0x5f, 0x86, 0xf3, 0x9b, 0xe6, 0x24, 0x27, 0x3a,
    0x1d, 0x70, 0xce, 0x71, 0x96, 0x93, 0x9d, 0xea, 0x74, 0xe7, 0x3a, 0xdb, 0x99, 0x4e, 0x6f,
    0x76, 0x02, 0x12, 0x01, 0x6a, 0x40, 0x01, 0x14, 0xa0, 0x46, 0x00, 0x03, 0x18, 0x80, 0x04,
    0xfc, 0xe4, 0xa7, 0x3f, 0x01, 0x1a, 0xd0, 0x81, 0x06, 0xb4, 0x9f, 0xff, 0x3c, 0xa8, 0x41,
    0x0b, 0x9a, 0x50, 0x86, 0x12, 0x54, 0xa0, 0x0d, 0x85, 0xe8, 0x43, 0x11, 0x3a, 0x51, 0x7f,
    0x1a, 0x40, 0x13, 0x02, 0x29, 0x01, 0x13, 0x28, 0x51, 0x00, 0x27, 0x14, 0xe0, 0xa3, 0x20,
    0x0d, 0xa9, 0x48, 0x47, 0x4a, 0xd2, 0x92, 0x9a, 0xf4, 0xa4, 0x28, 0x05, 0xa9, 0x13, 0x9c,
    0xa0, 0x06, 0x81, 0x04, 0x04, 0x00, 0x3b,
};

const lv_img_dsc_t water_baby_yellow = {
  .header.w = 80,
  .header.h = 40,
  .data_size = 19282,
  .data = water_baby_yellow_map,
};
