#include "lvgl.h"

const uint8_t Confused128_right_map[] = {
    0x47, 0x49, 0x46, 0x38, 0x39, 0x61, 0xa0, 0x00, 0xa0, 0x00, 0x84, 0x00, 0x00, 0xff, 0xff, 0xff,
    0xff, 0xff, 0xfe, 0xfe, 0xfe, 0xfe, 0xfd, 0xfd, 0xfd, 0xfd, 0xfd, 0xfb, 0xfd, 0xfd, 0xfa, 0xfc,
    0xfc, 0xfb, 0xfb, 0xfb, 0xfa, 0xfa, 0xfa, 0xfa, 0xfa, 0xfa, 0xf8, 0xfa, 0xfa, 0xf7, 0xf9, 0xf9,
    0xf8, 0xf9, 0xf9, 0xf7, 0xf9, 0xf9, 0xf6, 0xf8, 0xf8, 0xf6, 0xf4, 0xf4, 0xf2, 0xed, 0xed, 0xeb,
    0xe6, 0xe6, 0xe5, 0xdb, 0xdb, 0xdb, 0xd3, 0xd3, 0xd3, 0xca, 0xca, 0xca, 0xaf, 0xaf, 0xaf, 0x93,
    0x93, 0x93, 0x66, 0x66, 0x65, 0x45, 0x45, 0x45, 0x3b, 0x3b, 0x3b, 0x33, 0x33, 0x33, 0x2f, 0x2f,
    0x2f, 0x1e, 0x1e, 0x1e, 0x0d, 0x0d, 0x0d, 0x0a, 0x0a, 0x0a, 0x03, 0x03, 0x03, 0x21, 0xff, 0x0b,
    0x4e, 0x45, 0x54, 0x53, 0x43, 0x41, 0x50, 0x45, 0x32, 0x2e, 0x30, 0x03, 0x01, 0x00, 0x00, 0x00,
    0x21, 0xf9, 0x04, 0x00, 0x08, 0x00, 0x00, 0x00, 0x2c, 0x00, 0x00, 0x00, 0x00, 0xa0, 0x00, 0xa0,
    0x00, 0x00, 0x08, 0xff, 0x00, 0x13, 0x08, 0x1c, 0x48, 0xb0, 0xa0, 0xc1, 0x83, 0x08, 0x13, 0x2a,
    0x5c, 0xc8, 0xb0, 0xa1, 0xc3, 0x87, 0x10, 0x23, 0x4a, 0x9c, 0x48, 0xb1, 0xa2, 0xc5, 0x8b, 0x18,
    0x33, 0x6a, 0xdc, 0xc8, 0xb1, 0xa3, 0xc7, 0x8f, 0x20, 0x43, 0x8a, 0x1c, 0x49, 0xb2, 0xa4, 0xc9,
    0x93, 0x28, 0x53, 0xaa, 0x5c, 0xc9, 0xb2, 0xa5, 0xcb, 0x97, 0x30, 0x63, 0xca, 0x9c, 0x49, 0xb3,
    0xa6, 0xcd, 0x9b, 0x38, 0x73, 0xea, 0xdc, 0xc9, 0xb3, 0xa7, 0xcf, 0x95, 0x0c, 0x82, 0x0a, 0x0d,
    0xfa, 0xb3, 0x68, 0x44, 0x06, 0x0e, 0x84, 0x1e, 0x30, 0x70, 0x20, 0x80, 0xd3, 0x01, 0x03, 0x9c,
    0x06, 0x60, 0x6a, 0x20, 0x41, 0xd0, 0xa4, 0x46, 0xb3, 0x5a, 0x65, 0x90, 0xc0, 0x40, 0x00, 0x00,
    0x01, 0xa0, 0x3e, 0x18, 0x1b, 0xa1, 0xac, 0xd9, 0xb2, 0x63, 0x1f, 0x18, 0x80, 0x0a, 0x96, 0xc0,
    0x01, 0xa2, 0x5a, 0x71, 0x22, 0x4d, 0x50, 0x00, 0x2a, 0x83, 0x07, 0x11, 0x28, 0x48, 0x98, 0x40,
    0xa1, 0x6f, 0x84, 0xbd, 0x13, 0x24, 0x00, 0x9e, 0x90, 0xb7, 0xaf, 0x5e, 0xbd, 0x10, 0x1c, 0x44,
    0x65, 0x8a, 0x35, 0x2e, 0x4c, 0xa4, 0x07, 0x00, 0x00, 0x60, 0x00, 0x21, 0xc2, 0x04, 0xbe, 0x14,
    0x08, 0x8f, 0x25, 0x30, 0xc0, 0xab, 0x64, 0xa7, 0x92, 0x01, 0x70, 0x1e, 0xe0, 0xe0, 0x01, 0x04,
    0xcc, 0x97, 0x23, 0x24, 0x96, 0x6c, 0xa0, 0x01, 0x57, 0xc7, 0x2a, 0x19, 0x44, 0x06, 0xf0, 0x40,
    0x42, 0x5f, 0x09, 0x10, 0x20, 0x20, 0xf8, 0x0a, 0x60, 0xc0, 0x81, 0xb7, 0x43, 0x83, 0x0f, 0x5d,
    0x4a, 0xe0, 0x33, 0x01, 0xd3, 0x85, 0x27, 0x40, 0x60, 0x0d, 0x17, 0xb6, 0xc8, 0xa0, 0xc5, 0x6b,
    0x53, 0xa8, 0x40, 0x21, 0x42, 0x82, 0x01, 0x04, 0xaa, 0x22, 0x6d, 0x7c, 0x34, 0x29, 0x03, 0x03,
    0x9c, 0x0f, 0x40, 0xff, 0x98, 0x9e, 0x19, 0x82, 0x53, 0xab, 0xce, 0x3f, 0x32, 0x50, 0x10, 0xf6,
    0x34, 0xf5, 0x08, 0x91, 0x03, 0x6c, 0x55, 0x7f, 0xbd, 0xf7, 0xf8, 0xf7, 0xbb, 0x0f, 0x38, 0x48,
    0xaf, 0x91, 0x2b, 0x00, 0x03, 0x85, 0xc1, 0x07, 0x56, 0x02, 0xdc, 0x89, 0x94, 0xd4, 0x00, 0xf6,
    0xf1, 0x25, 0x81, 0x03, 0x00, 0x14, 0xb0, 0x1f, 0x7f, 0x14, 0x05, 0x05, 0xc0, 0x01, 0x13, 0x54,
    0x30, 0xc1, 0x03, 0xe7, 0x15, 0x78, 0x52, 0x52, 0x04, 0x04, 0xe0, 0x80, 0x04, 0xd4, 0x3d, 0x00,
    0x00, 0x7a, 0x10, 0x42, 0xc4, 0x00, 0x54, 0x15, 0x52, 0x80, 0xa1, 0x01, 0xcd, 0xb9, 0x24, 0x5b,
    0x00, 0x0b, 0xa4, 0xe8, 0x00, 0x01, 0x24, 0x96, 0xa8, 0xd0, 0x77, 0x02, 0x14, 0x26, 0x22, 0x8b,
    0x36, 0xf9, 0x47, 0x61, 0x75, 0x07, 0x10, 0xf0, 0x9a, 0x8d, 0x07, 0x31, 0x20, 0x40, 0x6d, 0x12,
    0xec, 0xf8, 0x20, 0x4e, 0xfb, 0x8d, 0x58, 0x19, 0x04, 0x02, 0xd4, 0x48, 0xa4, 0x55, 0x5e, 0xfd,
    0xb5, 0x9c, 0x83, 0x3e, 0x71, 0x45, 0xc0, 0x87, 0x12, 0x1c, 0x30, 0xc0, 0x90, 0x36, 0x32, 0x10,
    0xc0, 0x03, 0x84, 0x11, 0x20, 0x64, 0x56, 0xb2, 0x0d, 0x70, 0x5a, 0x04, 0xf2, 0x29, 0x50, 0xa2,
    0x7f, 0x79, 0x41, 0xf0, 0xa5, 0x9b, 0x71, 0x31, 0x70, 0x5c, 0x66, 0xbe, 0x81, 0xe9, 0xd8, 0x77,
    0x06, 0xf0, 0x15, 0xa4, 0x9e, 0x5a, 0xbd, 0xc8, 0xd7, 0x03, 0x03, 0x34, 0xe0, 0x9c, 0x91, 0x0f,
    0x54, 0x37, 0x22, 0xa0, 0x7b, 0x02, 0x30, 0x1e, 0x9b, 0x8c, 0x66, 0x69, 0x00, 0x04, 0x49, 0x7a,
    0x38, 0xe5, 0x8c, 0x0c, 0x48, 0x10, 0x01, 0x8f, 0x68, 0x0e, 0x50, 0xdb, 0x9f, 0x53, 0x0a, 0xc4,
    0x55, 0x00, 0xb8, 0xc9, 0x67, 0x94, 0x98, 0xa5, 0x4a, 0x19, 0xea, 0x89, 0x9f, 0x1e, 0xf0, 0x13,
    0xaa, 0x12, 0x9c, 0xff, 0x19, 0xaa, 0x41, 0x76, 0x5a, 0x46, 0x00, 0x02, 0x3d, 0xc1, 0x1a, 0x40,
    0xa4, 0xb3, 0x8a, 0x69, 0x2b, 0xae, 0x3a, 0xe9, 0xca, 0xeb, 0xac, 0x09, 0x34, 0x10, 0x80, 0x65,
    0x4c, 0xe5, 0x64, 0xa7, 0x60, 0xbb, 0x12, 0xbb, 0x90, 0xb1, 0x96, 0xb9, 0x7a, 0xd3, 0x77, 0x09,
    0x40, 0x20, 0xab, 0xb3, 0x37, 0x0a, 0x90, 0xdb, 0x97, 0x35, 0x19, 0x59, 0xd9, 0x64, 0xd8, 0x36,
    0xe4, 0xc0, 0xb1, 0x12, 0x04, 0x60, 0xe8, 0x4c, 0x06, 0xd4, 0x36, 0x6c, 0xb8, 0x05, 0x9d, 0xa8,
    0xa9, 0xb9, 0x33, 0x11, 0xa0, 0xe2, 0xb5, 0xec, 0x32, 0x34, 0x00, 0x05, 0x72, 0xae, 0x5b, 0x12,
    0x03, 0x00, 0x10, 0xd6, 0x6c, 0xbd, 0x0d, 0x7d, 0x97, 0xa8, 0x03, 0xd2, 0xb6, 0xe4, 0xeb, 0x04,
    0xe0, 0x02, 0xec, 0x10, 0xb4, 0x14, 0xfc, 0xcb, 0x52, 0xba, 0x14, 0x14, 0xac, 0xb0, 0x43, 0x0c,
    0x66, 0x96, 0x70, 0x6c, 0x03, 0x28, 0x47, 0xef, 0xc4, 0x0d, 0xdd, 0x9b, 0x6f, 0x6c, 0x04, 0x54,
    0x26, 0x80, 0xbe, 0x1c, 0x13, 0x24, 0x30, 0x05, 0x04, 0xab, 0x84, 0x80, 0x03, 0xd6, 0x92, 0x5c,
    0xb2, 0xc9, 0x6a, 0xc6, 0xea, 0x72, 0x7f, 0x04, 0x44, 0xf0, 0x80, 0xc4, 0x2f, 0x3b, 0x64, 0x24,
    0x61, 0xdc, 0xee, 0x3b, 0xc0, 0x5f, 0x0e, 0xe7, 0xac, 0xf3, 0xcf, 0x11, 0x9f, 0x24, 0xa6, 0x8a,
    0x55, 0x09, 0x7d, 0x54, 0x00, 0x7a, 0x05, 0x0d, 0x12, 0xaa, 0x08, 0x2f, 0xa9, 0xb4, 0xce, 0x39,
    0x56, 0x90, 0xf2, 0x48, 0xb2, 0x55, 0xf0, 0xc0, 0x56, 0xc2, 0x75, 0xed, 0xf5, 0xd7, 0x60, 0x87,
    0x2d, 0xf6, 0xd8, 0x64, 0x97, 0xdd, 0xf5, 0xb8, 0xd4, 0x39, 0xdd, 0x51, 0x03, 0xfd, 0x52, 0xd0,
    0xa0, 0x99, 0x70, 0xc7, 0x2d, 0xf7, 0xdc, 0x74, 0xd7, 0x6d, 0xf7, 0xdd, 0x78, 0xe7, 0xad, 0xf7,
    0xde, 0x77, 0x1b, 0xff, 0x00, 0x40, 0x04, 0x5a, 0xe3, 0xec, 0xd1, 0x03, 0x15, 0xa8, 0x96, 0xdb,
    0xe1, 0x88, 0x27, 0xae, 0xf8, 0xe2, 0x8c, 0x37, 0xee, 0xf8, 0xe3, 0x90, 0x47, 0x2e, 0x79, 0xe4,
    0x84, 0x53, 0x30, 0x40, 0x48, 0x0e, 0x08, 0x60, 0xc1, 0x06, 0x18, 0x74, 0xee, 0xf9, 0xe7, 0xa0,
    0x87, 0x2e, 0xfa, 0xe8, 0xa3, 0x67, 0x60, 0xfa, 0xe9, 0xa8, 0xa7, 0xae, 0xfa, 0xea, 0xa8, 0x93,
    0xee, 0xfa, 0xeb, 0xb0, 0x77, 0xae, 0x81, 0x05, 0x1a, 0x6e, 0xc4, 0xa0, 0x05, 0x1c, 0x6c, 0xc0,
    0xc1, 0xee, 0xbc, 0xf7, 0xee, 0xfb, 0xef, 0xc0, 0x07, 0x1f, 0xfc, 0x06, 0x1a, 0x14, 0x6f, 0xfc,
    0xf1, 0xc8, 0x27, 0x9f, 0x3c, 0xf1, 0xba, 0x0b, 0xef, 0xfc, 0xf3, 0xd0, 0x6f, 0xb0, 0xc1, 0x05,
    0x12, 0xcc, 0x1c, 0x91, 0x7e, 0x17, 0x6c, 0x90, 0x81, 0x05, 0xdc, 0x77, 0xef, 0xfd, 0xf7, 0xe0,
    0x87, 0x2f, 0x3e, 0xf8, 0x15, 0x6c, 0x0e, 0xfd, 0xf9, 0xbd, 0x5f, 0x50, 0xfe, 0xf8, 0xec, 0xb7,
    0xdf, 0x3e, 0x06, 0x1a, 0x64, 0x10, 0xb8, 0x47, 0x15, 0x17, 0x6f, 0x41, 0x68, 0xf8, 0xe7, 0xaf,
    0xff, 0xfe, 0xfc, 0xf7, 0x5f, 0x41, 0x06, 0x1f, 0xf0, 0x80, 0x00, 0x07, 0x48, 0xc0, 0x02, 0x1a,
    0xf0, 0x80, 0x1f, 0xe0, 0xc0, 0xfd, 0xfa, 0xc7, 0xc0, 0x06, 0x36, 0xb0, 0x02, 0xc4, 0xb3, 0x40,
    0x04, 0xac, 0x47, 0x31, 0x00, 0x5c, 0xa0, 0x78, 0x14, 0x30, 0xc0, 0x02, 0x98, 0xf2, 0x9b, 0x0e,
    0x7a, 0xf0, 0x83, 0x20, 0x0c, 0xe1, 0x07, 0x19, 0xf3, 0x37, 0x0c, 0x7c, 0x20, 0x80, 0x07, 0x4c,
    0xa1, 0x0a, 0x0b, 0x78, 0xc2, 0x0d, 0xb8, 0x6d, 0x01, 0x08, 0xe0, 0xa0, 0x08, 0x67, 0x48, 0xc3,
    0x10, 0x42, 0x00, 0x7e, 0x18, 0x50, 0x91, 0xe0, 0x2c, 0x72, 0xa2, 0x08, 0xc0, 0xef, 0x02, 0x06,
    0x10, 0x80, 0x03, 0xff, 0x87, 0xc8, 0x40, 0x01, 0x20, 0xa8, 0x02, 0x1c, 0xf8, 0x40, 0x07, 0x3a,
    0xb0, 0xc2, 0x26, 0xae, 0xb0, 0x03, 0x01, 0x5c, 0x20, 0x82, 0x88, 0x48, 0xc5, 0xfc, 0xf9, 0x6d,
    0x73, 0xf2, 0x83, 0xc0, 0x5b, 0x6c, 0x07, 0x80, 0x0a, 0x68, 0x60, 0x03, 0x15, 0xf8, 0x4f, 0x15,
    0xc7, 0x08, 0x00, 0x23, 0x02, 0xc0, 0x02, 0x27, 0x64, 0xa2, 0x13, 0xd7, 0x98, 0x42, 0x26, 0x7e,
    0xe0, 0x02, 0x22, 0x9a, 0x22, 0x19, 0x89, 0x88, 0xa0, 0x09, 0x64, 0x40, 0x03, 0xd4, 0xbb, 0x19,
    0x17, 0xb3, 0x97, 0x81, 0x08, 0x94, 0x71, 0x8e, 0x44, 0x14, 0x80, 0xdf, 0x2e, 0xa0, 0x44, 0x35,
    0xb2, 0xf1, 0x90, 0x06, 0x84, 0x62, 0x06, 0x96, 0x23, 0x47, 0x40, 0x36, 0x50, 0x00, 0x08, 0xb8,
    0x60, 0x0e, 0x21, 0x90, 0x34, 0x8c, 0xf4, 0x10, 0x03, 0xd3, 0x33, 0xa3, 0x23, 0x1f, 0x89, 0x20,
    0x42, 0x1a, 0x12, 0x91, 0xa0, 0x24, 0xa0, 0x22, 0x19, 0xb9, 0xc9, 0x06, 0x5e, 0x51, 0x7b, 0x15,
    0x80, 0x80, 0xaa, 0x28, 0xc2, 0x20, 0x2f, 0x6e, 0xe0, 0x7e, 0x7e, 0x2b, 0x65, 0xff, 0x06, 0xa9,
    0xc4, 0x50, 0xda, 0xb2, 0x80, 0xa3, 0x14, 0x80, 0x10, 0x65, 0xb9, 0x3f, 0x04, 0x51, 0xa0, 0x78,
    0x79, 0xdc, 0xa1, 0x44, 0x6e, 0xa7, 0x3d, 0x84, 0x35, 0x92, 0x97, 0xa1, 0x89, 0x0c, 0x1a, 0x3f,
    0x89, 0xcb, 0x25, 0x3a, 0xf3, 0x96, 0x2a, 0x84, 0xe2, 0x05, 0x26, 0x84, 0x4c, 0xfd, 0x09, 0xf1,
    0x01, 0x3f, 0x54, 0x4e, 0x25, 0x2f, 0xe2, 0x80, 0xec, 0x61, 0x80, 0x41, 0xbb, 0xac, 0x26, 0x6b,
    0x00, 0x40, 0x81, 0x5a, 0x1e, 0xd0, 0x8d, 0x27, 0x4c, 0xa7, 0x39, 0xa1, 0x89, 0xcb, 0x0f, 0xdc,
    0x6f, 0x36, 0xe2, 0x94, 0x4c, 0x27, 0x51, 0x09, 0x1f, 0x0a, 0xd2, 0x4a, 0x00, 0x12, 0xc8, 0xc0,
    0xf4, 0x7a, 0x13, 0xff, 0x4f, 0x79, 0xfe, 0x2c, 0x89, 0xcc, 0x1c, 0xa0, 0x12, 0x2f, 0x60, 0x81,
    0xbe, 0x54, 0xe0, 0x02, 0x49, 0xf4, 0x40, 0x40, 0xa1, 0x09, 0x45, 0xb7, 0xc5, 0x32, 0x9e, 0x7e,
    0x83, 0xe0, 0xec, 0x22, 0x70, 0xb5, 0x8a, 0xb4, 0xf2, 0x8b, 0x61, 0x7c, 0xa8, 0x38, 0xfd, 0x66,
    0xc2, 0x85, 0x7a, 0xe0, 0x8d, 0x7e, 0xcc, 0xdf, 0x03, 0x2c, 0x00, 0x45, 0x8f, 0x86, 0x12, 0x8a,
    0x1c, 0x90, 0x53, 0x38, 0xab, 0x89, 0xa0, 0x7c, 0xe2, 0x31, 0x49, 0xdb, 0x9c, 0x08, 0x31, 0x33,
    0x60, 0xcc, 0x7e, 0x46, 0x74, 0x9d, 0x2c, 0x5c, 0x20, 0x55, 0x0c, 0xc0, 0x14, 0xc9, 0x50, 0xa0,
    0xa4, 0xec, 0x14, 0xe5, 0x1b, 0xc5, 0x18, 0xcf, 0x6b, 0xe2, 0x10, 0x5f, 0x9c, 0x62, 0xa5, 0x00,
    0xbc, 0xb9, 0x9c, 0x95, 0xf2, 0xd2, 0x88, 0x0f, 0xd8, 0x00, 0x4e, 0x05, 0x7a, 0x3f, 0x04, 0x1c,
    0xb3, 0x8c, 0x08, 0x20, 0xa7, 0x49, 0xa1, 0xe9, 0xb6, 0xab, 0xca, 0x72, 0x00, 0x4b, 0xe5, 0x5c,
    0x75, 0x92, 0x2a, 0x11, 0x06, 0x14, 0x00, 0x9b, 0xd3, 0x0b, 0xa2, 0x4d, 0xcf, 0x38, 0x55, 0x85,
    0x0e, 0x35, 0xab, 0xfd, 0xcb, 0x6a, 0x05, 0xda, 0x7a, 0x4b, 0x28, 0x62, 0x80, 0x9f, 0x10, 0x3d,
    0x23, 0x2a, 0x17, 0x24, 0x4c, 0x71, 0x05, 0xc0, 0x8e, 0xaf, 0x24, 0x6a, 0x35, 0x75, 0x09, 0x01,
    0x0e, 0x44, 0x53, 0x4e, 0x5e, 0xc5, 0x5f, 0x64, 0x00, 0xb8, 0x55, 0x44, 0x36, 0x54, 0xb0, 0xc8,
    0x8c, 0xa8, 0xfd, 0x92, 0xd4, 0x57, 0x86, 0xd4, 0x2f, 0xb0, 0x1a, 0xe5, 0xa5, 0x32, 0xdb, 0x2a,
    0x4d, 0xc8, 0xf2, 0xef, 0x00, 0x9a, 0xa3, 0xab, 0x2d, 0x3b, 0x9b, 0xd9, 0xaf, 0x92, 0x73, 0xb2,
    0x94, 0xb4, 0xa8, 0x5e, 0x35, 0xd0, 0xd5, 0x78, 0x42, 0x85, 0xb1, 0x89, 0x74, 0x27, 0x35, 0x1b,
    0x58, 0xc7, 0xa0, 0xff, 0x9e, 0xd3, 0x8f, 0x4e, 0x2d, 0xa5, 0x10, 0x7d, 0x88, 0xc7, 0x32, 0xd9,
    0x53, 0x20, 0xc4, 0x64, 0x2d, 0x5e, 0x23, 0x4b, 0x4e, 0x14, 0xc6, 0xd6, 0xa1, 0x0e, 0x14, 0x62,
    0x61, 0x8d, 0x6b, 0x5b, 0x28, 0xbe, 0x53, 0x9c, 0x46, 0x9d, 0x9e, 0x6f, 0x59, 0x69, 0x41, 0xce,
    0xe1, 0x56, 0x9c, 0x91, 0xf1, 0xe4, 0x39, 0x3f, 0x80, 0xdc, 0x47, 0xd2, 0x26, 0xa1, 0xb6, 0x15,
    0xa0, 0x22, 0xd9, 0x02, 0xdd, 0x03, 0x78, 0x53, 0x2f, 0x95, 0x5d, 0x08, 0x83, 0xbc, 0x29, 0xa2,
    0xdc, 0x6e, 0xd2, 0x88, 0xb0, 0x8d, 0x6d, 0x18, 0xe1, 0xd9, 0xbf, 0x96, 0x36, 0x76, 0xb4, 0xd7,
    0x65, 0x69, 0x75, 0x73, 0xd8, 0x25, 0x8b, 0x86, 0x15, 0x03, 0xed, 0xd5, 0x6f, 0x04, 0x4c, 0xda,
    0x59, 0xfa, 0x7e, 0x56, 0x00, 0x73, 0xbd, 0xaf, 0x63, 0x3f, 0x90, 0x51, 0x71, 0xce, 0x93, 0xbf,
    0x15, 0x35, 0x51, 0xc8, 0x30, 0x79, 0x01, 0x4d, 0x12, 0x37, 0xc1, 0x2a, 0x4c, 0xa0, 0x62, 0xdc,
    0xab, 0x58, 0x0b, 0x8a, 0xb6, 0xae, 0x43, 0x2d, 0xed, 0x26, 0x4f, 0x29, 0x3f, 0xca, 0x4e, 0xc4,
    0x4e, 0x37, 0xdc, 0x67, 0x62, 0x01, 0xb9, 0x59, 0x02, 0xcb, 0x16, 0xae, 0x9f, 0xed, 0x97, 0x82,
    0x41, 0x69, 0xd7, 0xe1, 0xf2, 0x92, 0xc4, 0x15, 0x30, 0x71, 0x59, 0x27, 0xac, 0x62, 0x07, 0x7b,
    0xb8, 0xb1, 0x1d, 0x70, 0x1b, 0x8c, 0xf3, 0x17, 0x19, 0x08, 0x68, 0xe0, 0xc3, 0x20, 0xe6, 0xc0,
    0x03, 0x74, 0x59, 0x4d, 0x1c, 0xe3, 0x26, 0xa6, 0x3a, 0xe3, 0xf1, 0x34, 0x57, 0x3c, 0x47, 0x04,
    0x75, 0xf4, 0x89, 0x4a, 0x74, 0xe8, 0x5a, 0x74, 0xd9, 0x99, 0xc8, 0x3c, 0x20, 0xbe, 0xe1, 0x25,
    0x60, 0x02, 0x03, 0x4c, 0x5c, 0x2c, 0xe6, 0x38, 0xb5, 0x3b, 0x4e, 0xf1, 0x94, 0x07, 0x7b, 0x24,
    0xa9, 0x02, 0x39, 0xff, 0x81, 0x61, 0xdc, 0xdf, 0x2f, 0x91, 0x6c, 0xdb, 0xd6, 0x96, 0x79, 0xaf,
    0x68, 0x3e, 0x8a, 0x94, 0x6d, 0xac, 0x5b, 0x47, 0x81, 0xb7, 0x89, 0x50, 0xfc, 0xc0, 0xf6, 0xf0,
    0xe5, 0x1e, 0x0c, 0x00, 0x35, 0xcc, 0xc7, 0xf5, 0xec, 0x88, 0xf5, 0x5a, 0xe2, 0x3c, 0x4b, 0x58,
    0xcd, 0x7c, 0x7e, 0xaf, 0x9f, 0x99, 0x0b, 0xe8, 0x74, 0xee, 0x2e, 0xd0, 0x0a, 0x45, 0xf4, 0x76,
    0xbb, 0x7b, 0x63, 0x46, 0x9f, 0x19, 0xca, 0x01, 0xdb, 0x33, 0x95, 0xc7, 0xa8, 0xdc, 0x3f, 0xaf,
    0x71, 0x89, 0x1f, 0x0d, 0x20, 0xaa, 0x35, 0xbd, 0x69, 0x45, 0x3b, 0x32, 0xa2, 0x78, 0x06, 0x75,
    0xc0, 0xcc, 0xcb, 0xb9, 0x25, 0x73, 0x98, 0x8c, 0xa5, 0xa6, 0x34, 0xab, 0xc3, 0xfc, 0x58, 0x11,
    0x03, 0xf2, 0xc1, 0xe5, 0x91, 0xb5, 0x65, 0xf7, 0x4b, 0x66, 0x59, 0x5e, 0xd3, 0xd4, 0xbb, 0xe6,
    0x35, 0x77, 0x5d, 0xfd, 0xeb, 0xfd, 0x06, 0x9b, 0xba, 0xec, 0xfd, 0x23, 0x32, 0xc1, 0x7a, 0xe5,
    0x64, 0x23, 0x3a, 0x81, 0x4d, 0x65, 0xe9, 0x7f, 0x33, 0xa3, 0x47, 0x99, 0x32, 0xba, 0xa6, 0xd3,
    0x06, 0x40, 0xb5, 0xad, 0x1d, 0xde, 0x31, 0x4b, 0xdb, 0xd8, 0xb4, 0xc9, 0xe6, 0x04, 0x22, 0x0c,
    0x91, 0xe0, 0xda, 0x59, 0xb3, 0x6c, 0x9d, 0x31, 0xb9, 0x2b, 0x8d, 0x01, 0x0b, 0xa3, 0x5b, 0xcd,
    0x7b, 0x61, 0xf7, 0x43, 0x2e, 0xdb, 0x60, 0x64, 0x46, 0x06, 0xc3, 0xf3, 0x0e, 0x2a, 0x69, 0xf5,
    0x6b, 0xc7, 0xd9, 0x09, 0x26, 0xbd, 0x0a, 0xa9, 0x98, 0x3e, 0x61, 0xa9, 0x5f, 0x09, 0x04, 0x3c,
    0xbc, 0x50, 0x9c, 0xaf, 0x7e, 0x7f, 0x69, 0x70, 0x09, 0x08, 0x9b, 0x21, 0x28, 0xa6, 0xb0, 0xbd,
    0x8d, 0x8d, 0x00, 0x37, 0x3f, 0x3c, 0xa8, 0x12, 0x88, 0xf4, 0xab, 0x3d, 0xad, 0xa9, 0x8d, 0x99,
    0x88, 0xd6, 0x00, 0xff, 0x3e, 0xb7, 0x2c, 0x69, 0x29, 0xef, 0x8f, 0x0b, 0x75, 0x03, 0x08, 0xb8,
    0x75, 0x95, 0x9d, 0x3d, 0x5d, 0x68, 0x6b, 0x2f, 0xe4, 0xa3, 0xae, 0xe2, 0x4d, 0x5b, 0xee, 0x72,
    0xf1, 0x0e, 0xd5, 0xc0, 0x92, 0x76, 0xc0, 0x51, 0xb5, 0x69, 0x91, 0x8b, 0x6a, 0xa0, 0xdf, 0x4f,
    0x15, 0x80, 0x03, 0x3c, 0xde, 0x73, 0x50, 0x82, 0xfb, 0xa9, 0x7f, 0xbb, 0x23, 0xf5, 0x2e, 0x84,
    0xf0, 0x84, 0xff, 0x75, 0xe1, 0xcc, 0x66, 0x71, 0xbc, 0x9b, 0xce, 0xc6, 0x1a, 0xe7, 0x5c, 0xe7,
    0x5d, 0x9c, 0xec, 0x04, 0x64, 0xc3, 0xc3, 0x74, 0x51, 0x18, 0xb4, 0x3e, 0x96, 0x00, 0xcf, 0x5d,
    0x1e, 0xf1, 0xd9, 0xde, 0x59, 0x7e, 0x81, 0xb9, 0x78, 0x05, 0xf9, 0x88, 0xf3, 0x8d, 0xfe, 0x98,
    0xeb, 0x95, 0xde, 0x40, 0xe6, 0x64, 0x8e, 0xeb, 0x48, 0x8a, 0xb5, 0xe6, 0xaa, 0x75, 0x25, 0xd2,
    0x79, 0x09, 0x56, 0xb5, 0xe3, 0xbd, 0xd2, 0x83, 0x37, 0xad, 0x4b, 0xa7, 0xae, 0x16, 0x4b, 0xe2,
    0x53, 0x9f, 0x6b, 0xb6, 0xfb, 0x32, 0x0f, 0xbf, 0xdd, 0xbb, 0xfa, 0x7a, 0xe4, 0x12, 0xb5, 0x40,
    0xbe, 0xab, 0x8e, 0xf1, 0x01, 0x30, 0x55, 0xe5, 0xc6, 0xd6, 0x20, 0xd3, 0x29, 0x5f, 0x40, 0x09,
    0x6c, 0xfc, 0xab, 0x9e, 0xff, 0xbb, 0xc5, 0x35, 0xd2, 0x4a, 0xe2, 0x25, 0xde, 0xb4, 0x14, 0x20,
    0x7d, 0x3b, 0x19, 0xee, 0xe3, 0x08, 0x48, 0xdd, 0x36, 0x2d, 0xcb, 0x88, 0x91, 0xf2, 0xd9, 0xe3,
    0xbc, 0x4e, 0x9e, 0xf4, 0x03, 0xf7, 0x7d, 0x04, 0x37, 0xbf, 0x91, 0x13, 0x5d, 0x30, 0x03, 0x75,
    0x8f, 0x67, 0x76, 0xe9, 0x4c, 0x6e, 0x28, 0x6a, 0x40, 0xa5, 0xfd, 0x54, 0xba, 0x24, 0x33, 0xb3,
    0x7a, 0x2e, 0xba, 0x92, 0xf6, 0xd0, 0xf5, 0x14, 0x98, 0x7b, 0x5e, 0x52, 0x84, 0x5d, 0xde, 0x91,
    0xbe, 0x04, 0x26, 0xff, 0xee, 0x4d, 0x5e, 0x91, 0xef, 0xdc, 0x50, 0x03, 0xdf, 0x64, 0xb2, 0x6b,
    0x1d, 0xb5, 0xfd, 0x87, 0x97, 0x94, 0xd3, 0x3e, 0x3e, 0x7e, 0x8e, 0xd7, 0xcd, 0xf9, 0x7d, 0xaf,
    0xf6, 0xf5, 0x84, 0x67, 0x3f, 0xf3, 0x95, 0x1d, 0x64, 0xb7, 0x3b, 0x38, 0x47, 0x52, 0x77, 0x19,
    0x16, 0xf7, 0x5b, 0x09, 0x37, 0x00, 0x8b, 0x67, 0x55, 0xfd, 0x24, 0x4f, 0x8e, 0xe2, 0x49, 0x6b,
    0x47, 0x63, 0x1f, 0xa0, 0x01, 0x08, 0x03, 0x74, 0xe1, 0x86, 0x45, 0x9a, 0x87, 0x54, 0x1f, 0xb1,
    0x5e, 0x18, 0x95, 0x75, 0xa5, 0x34, 0x45, 0x68, 0xb4, 0x7f, 0xa3, 0xf5, 0x51, 0x17, 0xb0, 0x1c,
    0xdf, 0xb7, 0x49, 0x60, 0x65, 0x7b, 0x19, 0x90, 0x43, 0x81, 0x01, 0x2c, 0xf4, 0x23, 0x00, 0xbf,
    0x94, 0x01, 0x17, 0x80, 0x80, 0x09, 0x58, 0x46, 0x47, 0x94, 0x50, 0x0d, 0x18, 0x4d, 0x50, 0xe4,
    0x01, 0x3a, 0x15, 0x83, 0xfc, 0xb4, 0x39, 0x06, 0x87, 0x2f, 0x34, 0xf2, 0x34, 0x4b, 0x95, 0x81,
    0x23, 0x58, 0x4a, 0x45, 0x76, 0x01, 0x1f, 0xb5, 0x6a, 0xec, 0xb4, 0x44, 0x27, 0x84, 0x01, 0xc6,
    0xc4, 0x77, 0x24, 0x08, 0x80, 0x27, 0x98, 0x19, 0x63, 0x57, 0x7f, 0xc3, 0xc4, 0x82, 0x52, 0x67,
    0x55, 0x4e, 0xb8, 0x68, 0xe4, 0x64, 0x42, 0xaa, 0xb6, 0x76, 0xa8, 0xd6, 0x42, 0x71, 0x36, 0x84,
    0xa5, 0x74, 0x4a, 0x3d, 0x18, 0x01, 0xe4, 0xc7, 0x45, 0x16, 0x20, 0x84, 0x3a, 0x28, 0x19, 0x82,
    0x24, 0x19, 0x07, 0x85, 0x69, 0xce, 0x44, 0x60, 0x5f, 0x18, 0x40, 0x18, 0x50, 0x01, 0x59, 0x45,
    0x5e, 0x3a, 0x58, 0x47, 0xf1, 0xc3, 0x84, 0x97, 0xa1, 0x6f, 0x1d, 0xa1, 0x18, 0xf9, 0x74, 0x82,
    0x11, 0xa0, 0x7e, 0x6b, 0x08, 0x56, 0x92, 0x11, 0x01, 0x16, 0x90, 0x01, 0x81, 0x96, 0x4e, 0x0a,
    0x15, 0x87, 0xea, 0xff, 0x14, 0x40, 0xd2, 0x15, 0x1a, 0x62, 0xa8, 0x5b, 0x9d, 0x71, 0x41, 0x65,
    0x78, 0x86, 0x1c, 0x11, 0x5c, 0xd8, 0xb7, 0x86, 0xff, 0xf1, 0x50, 0x80, 0x73, 0x01, 0x18, 0xb0,
    0x3b, 0x8f, 0x98, 0x40, 0x1c, 0x80, 0x01, 0xea, 0x33, 0x01, 0xb3, 0x21, 0x48, 0x59, 0xb8, 0x72,
    0x5d, 0xa4, 0x3d, 0x53, 0x27, 0x01, 0x46, 0x83, 0x00, 0xd8, 0x74, 0x47, 0xf0, 0xc7, 0x89, 0x02,
    0x80, 0x76, 0xa1, 0xc1, 0x32, 0x86, 0x61, 0x18, 0x10, 0x20, 0x22, 0x8a, 0xf5, 0x75, 0xd3, 0x06,
    0x85, 0x25, 0xe6, 0x83, 0x04, 0x38, 0x4c, 0xa7, 0x75, 0x82, 0x50, 0xb2, 0x8a, 0x2c, 0xc5, 0x14,
    0x54, 0xd6, 0x65, 0x86, 0xc8, 0x89, 0x56, 0x64, 0x41, 0x93, 0x85, 0x5e, 0x29, 0x11, 0x5c, 0xd3,
    0x34, 0x89, 0x09, 0xc8, 0x65, 0x3c, 0xb5, 0x8d, 0x84, 0x08, 0x8d, 0xfa, 0x03, 0x6b, 0x2e, 0x78,
    0x19, 0x17, 0x22, 0x77, 0x1e, 0xc1, 0x00, 0xb2, 0x88, 0x01, 0xfa, 0x84, 0x7f, 0xde, 0xb8, 0x8e,
    0x55, 0x54, 0x47, 0xa7, 0x93, 0x63, 0xd5, 0x81, 0x89, 0x98, 0xd3, 0x2f, 0xa7, 0xf3, 0x74, 0xec,
    0x78, 0x8f, 0x81, 0x74, 0x24, 0xe8, 0xd8, 0x83, 0x12, 0xa0, 0x82, 0x2a, 0xd1, 0x7a, 0x27, 0x48,
    0x28, 0xca, 0x88, 0x8f, 0xec, 0x98, 0x5d, 0xc4, 0x33, 0x75, 0xe3, 0xe8, 0x12, 0xeb, 0x75, 0x90,
    0xbd, 0x31, 0x90, 0x04, 0xc9, 0x89, 0x24, 0x86, 0x82, 0xf1, 0xf8, 0x12, 0xb2, 0xf1, 0x00, 0x96,
    0xb8, 0x89, 0x0f, 0x99, 0x91, 0x62, 0xe4, 0x45, 0xa6, 0x03, 0x8f, 0xd5, 0xf7, 0x12, 0xe3, 0x22,
    0x01, 0xe8, 0x18, 0x58, 0x12, 0xa8, 0x91, 0xeb, 0x18, 0x19, 0x14, 0xa0, 0x3d, 0x3d, 0x48, 0x7f,
    0x32, 0xc1, 0x20, 0x76, 0x74, 0x47, 0xea, 0x68, 0x92, 0x6b, 0xe8, 0x37, 0x13, 0xb0, 0x8f, 0x9a,
    0x77, 0x19, 0x8d, 0xff, 0x37, 0x13, 0x22, 0xc2, 0x91, 0x47, 0xe7, 0x7f, 0x32, 0xc9, 0x89, 0x91,
    0x21, 0x92, 0xb7, 0x77, 0x19, 0xb9, 0x47, 0x13, 0x17, 0x05, 0x93, 0x22, 0xf7, 0x93, 0x79, 0x55,
    0x93, 0x43, 0xa9, 0x31, 0xc5, 0x68, 0x20, 0x61, 0x77, 0x47, 0xf7, 0xf3, 0x8c, 0x4a, 0xd9, 0x4f,
    0x28, 0xb9, 0x8f, 0x53, 0x37, 0x91, 0x39, 0x71, 0x94, 0x81, 0x95, 0x94, 0x55, 0x09, 0x48, 0x6d,
    0x08, 0x41, 0x43, 0x39, 0x56, 0x3c, 0x71, 0x94, 0x78, 0xb4, 0x23, 0x5f, 0x99, 0x7f, 0x67, 0x14,
    0x3f, 0x2f, 0xc5, 0x17, 0x9b, 0xe2, 0x13, 0x0a, 0x07, 0x79, 0x38, 0xe7, 0x90, 0x69, 0x89, 0x3f,
    0x7e, 0x63, 0x91, 0x2a, 0x79, 0x93, 0x64, 0xf9, 0x13, 0x15, 0x03, 0x3f, 0x1d, 0xa9, 0x80, 0x75,
    0xd9, 0x8e, 0x75, 0xe4, 0x97, 0xdb, 0x03, 0x18, 0x6f, 0x69, 0x14, 0x0c, 0x02, 0x01, 0xc7, 0xf7,
    0x4a, 0x3b, 0x42, 0x97, 0x4a, 0x19, 0x4b, 0xff, 0x73, 0x47, 0x75, 0x08, 0x18, 0xd6, 0x12, 0x17,
    0xe3, 0xc2, 0x00, 0x69, 0x28, 0x99, 0x6e, 0xa3, 0x81, 0x81, 0x39, 0x45, 0x11, 0xc0, 0x47, 0x78,
    0x74, 0x18, 0x1a, 0x03, 0x1b, 0x04, 0xd3, 0x45, 0x7e, 0x39, 0x3b, 0x4d, 0x05, 0x8c, 0x26, 0xd9,
    0x86, 0x06, 0x50, 0x01, 0x84, 0xa9, 0x97, 0x17, 0x22, 0x8f, 0xb9, 0xc2, 0x20, 0x12, 0xb0, 0x98,
    0x75, 0xc8, 0x86, 0xaa, 0x89, 0x8f, 0x6d, 0x48, 0x4e, 0xa0, 0xa9, 0x3e, 0x7b, 0xa1, 0x17, 0x0e,
    0x40, 0x56, 0xa4, 0xb9, 0x2b, 0xae, 0x19, 0x3f, 0xd3, 0xb3, 0x99, 0xa7, 0xb7, 0x9a, 0xb1, 0x24,
    0x01, 0x89, 0x18, 0x3f, 0xdb, 0x13, 0x18, 0x99, 0xb1, 0x29, 0x5b, 0x54, 0x22, 0x4d, 0x32, 0x01,
    0x17, 0x60, 0x3a, 0xc0, 0x84, 0x9c, 0x6a, 0xa5, 0x91, 0x46, 0x34, 0x45, 0xcc, 0x79, 0x47, 0x52,
    0x37, 0x7f, 0x7a, 0xff, 0xf1, 0x00, 0x3f, 0x38, 0x25, 0x48, 0xe1, 0x21, 0x07, 0x85, 0x9d, 0xa1,
    0x29, 0x89, 0xb9, 0x39, 0x6d, 0x0f, 0xf5, 0x9d, 0x6c, 0x89, 0x01, 0x9a, 0x67, 0x1b, 0x84, 0xb1,
    0x14, 0x4f, 0xc9, 0x13, 0x5c, 0x91, 0x23, 0x16, 0x70, 0x9a, 0x2e, 0x98, 0x4a, 0xec, 0xe9, 0x98,
    0xed, 0xb8, 0x9d, 0x08, 0x40, 0x01, 0xd7, 0xa9, 0x92, 0xf2, 0x19, 0x18, 0x0a, 0x42, 0x9e, 0xf5,
    0x12, 0x14, 0x07, 0xb0, 0x00, 0xcc, 0xb9, 0x8f, 0x5f, 0x74, 0xa0, 0x0f, 0xd5, 0x19, 0x54, 0x49,
    0x89, 0x3c, 0x85, 0x3f, 0xcc, 0x69, 0x89, 0xc5, 0x23, 0x9f, 0x7a, 0xa1, 0x20, 0x5a, 0x24, 0x9c,
    0xd8, 0xa2, 0x25, 0x1f, 0x92, 0x9e, 0xc5, 0xe3, 0x8a, 0x05, 0xe5, 0x8b, 0x6c, 0xc8, 0x53, 0x60,
    0xb5, 0x8a, 0xda, 0xb8, 0x16, 0x76, 0x59, 0x21, 0x05, 0x5a, 0x3c, 0x2e, 0x58, 0x50, 0xbf, 0x49,
    0x18, 0x09, 0x50, 0x9e, 0x1c, 0xf3, 0x1a, 0xb5, 0x51, 0x3e, 0x10, 0x4a, 0x3c, 0xa6, 0x68, 0x21,
    0x28, 0x8a, 0x3f, 0x50, 0xb1, 0x8d, 0x44, 0xba, 0x16, 0x15, 0x2a, 0x19, 0x23, 0x6a, 0x01, 0x05,
    0x4a, 0x3c, 0xe8, 0x77, 0x8a, 0x35, 0x4a, 0x51, 0x34, 0x72, 0x9f, 0x87, 0x92, 0x00, 0x6f, 0x81,
    0x17, 0xd3, 0x01, 0x8a, 0x77, 0xf4, 0x45, 0xda, 0x63, 0x8a, 0x16, 0xf0, 0x1e, 0x41, 0xca, 0x40,
    0xa6, 0xc1, 0x17, 0x4a, 0xba, 0x8f, 0x4c, 0xda, 0xa4, 0x34, 0xfa, 0x9b, 0xb8, 0x61, 0x27, 0xd3,
    0x39, 0x35, 0x5c, 0x51, 0xa5, 0x94, 0x72, 0xa5, 0x10, 0xaa, 0xa5, 0x1b, 0x6a, 0x8a, 0x17, 0x40,
    0x50, 0xe1, 0x53, 0xa7, 0xa0, 0x48, 0xa6, 0x65, 0x7a, 0x82, 0x04, 0xa5, 0x17, 0x35, 0x8a, 0x1b,
    0x37, 0xba, 0x4a, 0x53, 0x23, 0x10, 0xbf, 0x61, 0x1a, 0x94, 0x52, 0x21, 0x63, 0x1a, 0xa7, 0xd2,
    0xb3, 0xa8, 0x8c, 0xa4, 0xda, 0xa8, 0x8b, 0x2a, 0xa3, 0x9d, 0x43, 0x50, 0xd4, 0x21, 0x18, 0x7c,
    0x11, 0x18, 0xbd, 0xc8, 0x53, 0x82, 0x3a, 0xa8, 0x03, 0xc1, 0x15, 0x4c, 0x81, 0x1c, 0x7f, 0x61,
    0x50, 0xdc, 0x53, 0xa7, 0x9e, 0xc3, 0x3a, 0x9e, 0x53, 0xa7, 0xdc, 0x43, 0x1d, 0x7e, 0x2a, 0x8e,
    0x96, 0xaa, 0x16, 0x6e, 0xc1, 0x00, 0x0b, 0xa0, 0xa9, 0x01, 0xc3, 0xa9, 0xfa, 0x81, 0x1c, 0x82,
    0x01, 0x18, 0x86, 0x51, 0x01, 0xb8, 0x9a, 0xab, 0xb8, 0x6a, 0x18, 0x81, 0x51, 0xab, 0xaa, 0xaa,
    0x29, 0x0f, 0xf0, 0x1d, 0x6e, 0x91, 0xa9, 0xb0, 0xaa, 0x10, 0x0b, 0xd0, 0xa6, 0x3c, 0x55, 0x1a,
    0x95, 0xf1, 0x17, 0xb5, 0xda, 0xac, 0xbe, 0xfa, 0xab, 0x9a, 0xa2, 0x1a, 0xc1, 0x0a, 0x1e, 0xda,
    0x21, 0xa5, 0xc5, 0x4a, 0x14, 0xc4, 0xe1, 0x16, 0xb3, 0x6a, 0xa8, 0x8a, 0xf3, 0x00, 0x0e, 0x40,
    0x30, 0xe0, 0x91, 0x1d, 0xae, 0x72, 0xac, 0xc5, 0x1a, 0x12, 0x70, 0xd1, 0x41, 0x45, 0xba, 0x8d,
    0x1d, 0x24, 0x2a, 0xae, 0x5a, 0xae, 0xee, 0xfa, 0xae, 0xf0, 0x1a, 0xaf, 0xf2, 0x3a, 0xaf, 0xf4,
    0x5a, 0xaf, 0xf6, 0x7a, 0xaf, 0x14, 0x11, 0x10, 0x00, 0x21, 0xf9, 0x04, 0x01, 0x08, 0x00, 0x20,
    0x00, 0x2c, 0x0d, 0x00, 0x14, 0x00, 0x86, 0x00, 0x81, 0x00, 0x84, 0xff, 0xff, 0xff, 0xff, 0xff,
    0xfe, 0xfe, 0xfe, 0xfe, 0xfd, 0xfd, 0xfd, 0xfd, 0xfd, 0xfb, 0xfd, 0xfd, 0xfa, 0xfc, 0xfc, 0xfb,
    0xfb, 0xfb, 0xfa, 0xfa, 0xfa, 0xfa, 0xfa, 0xfa, 0xf8, 0xfa, 0xfa, 0xf7, 0xf9, 0xf9, 0xf8, 0xf9,
    0xf9, 0xf7, 0xf9, 0xf9, 0xf6, 0xf8, 0xf8, 0xf6, 0xf4, 0xf4, 0xf2, 0xed, 0xed, 0xeb, 0xe6, 0xe6,
    0xe5, 0xdb, 0xdb, 0xdb, 0xd3, 0xd3, 0xd3, 0xca, 0xca, 0xca, 0xaf, 0xaf, 0xaf, 0x92, 0x92, 0x92,
    0x65, 0x65, 0x65, 0x45, 0x45, 0x45, 0x3b, 0x3b, 0x3b, 0x33, 0x33, 0x33, 0x30, 0x30, 0x30, 0x1f,
    0x1f, 0x1f, 0x0d, 0x0d, 0x0d, 0x0a, 0x0a, 0x0a, 0x03, 0x03, 0x03, 0x08, 0xff, 0x00, 0x41, 0x08,
    0x1c, 0x48, 0xb0, 0xa0, 0xc1, 0x83, 0x08, 0x13, 0x2a, 0x5c, 0xc8, 0xb0, 0xa1, 0xc0, 0x0a, 0x0e,
    0x23, 0x4a, 0x9c, 0x48, 0xb1, 0xa2, 0xc5, 0x8b, 0x18, 0x33, 0x6a, 0xdc, 0xc8, 0xb1, 0xa3, 0xc7,
    0x8f, 0x20, 0x43, 0x8a, 0x1c, 0x49, 0xb2, 0xa4, 0xc9, 0x93, 0x28, 0x53, 0xaa, 0x5c, 0xc9, 0xb2,
    0xa5, 0xcb, 0x97, 0x30, 0x63, 0xca, 0x9c, 0x49, 0xb3, 0xa6, 0xcd, 0x9b, 0x38, 0x73, 0xea, 0xdc,
    0xc9, 0xb3, 0xa7, 0xcf, 0x9f, 0x40, 0x83, 0x0a, 0x1d, 0x4a, 0xb4, 0xa8, 0xd1, 0xa3, 0x48, 0x93,
    0x2a, 0x5d, 0xca, 0xb4, 0xa9, 0xd3, 0x82, 0x10, 0x9f, 0x4a, 0x9d, 0x4a, 0xb5, 0xaa, 0xd5, 0xab,
    0x58, 0xb3, 0x6a, 0xdd, 0x9a, 0x32, 0x2a, 0xd7, 0xaf, 0x60, 0xc3, 0x8a, 0x1d, 0x4b, 0xd6, 0xa5,
    0x85, 0x0d, 0x2e, 0x31, 0xa8, 0xfd, 0x98, 0xc1, 0xac, 0x42, 0x0b, 0x1c, 0x36, 0x70, 0x98, 0x4b,
    0xb7, 0xae, 0xdd, 0xbb, 0x78, 0xf3, 0xea, 0xe5, 0x00, 0x02, 0x6d, 0x46, 0x0d, 0x20, 0x34, 0xc8,
    0xdd, 0x4b, 0xb8, 0x70, 0x5e, 0xb9, 0x17, 0x14, 0x5e, 0x40, 0x6b, 0xa1, 0xb1, 0xe3, 0xc7, 0x90,
    0x23, 0x4b, 0x9e, 0x3c, 0xb9, 0xc2, 0x05, 0xc3, 0x98, 0xe7, 0x6e, 0xb0, 0x50, 0x81, 0xb2, 0xe7,
    0xcf, 0x9e, 0x23, 0x5a, 0x60, 0x09, 0x00, 0x00, 0xdc, 0x0f, 0x1c, 0x3d, 0x78, 0xf8, 0x90, 0xc1,
    0x2b, 0x4a, 0xc6, 0x08, 0x13, 0xa3, 0x3c, 0x00, 0xc2, 0x00, 0x82, 0x05, 0x00, 0x28, 0x6c, 0xf8,
    0x80, 0xba, 0xa3, 0x6a, 0xde, 0x18, 0x22, 0x00, 0x70, 0x50, 0x5b, 0xa6, 0xec, 0x92, 0xa5, 0x07,
    0x94, 0xb6, 0xb0, 0xba, 0x03, 0x48, 0x0f, 0x1d, 0x3a, 0x7c, 0xe0, 0x50, 0x01, 0xc0, 0x00, 0x01,
    0x25, 0xcf, 0x2a, 0xf4, 0x8b, 0xdc, 0x3a, 0x80, 0x07, 0x17, 0x50, 0x3b, 0xff, 0x0f, 0xe9, 0x01,
    0x84, 0xf4, 0x0f, 0x16, 0xac, 0x63, 0x37, 0x79, 0x7c, 0xe0, 0xe2, 0x93, 0xc9, 0x01, 0x40, 0xc8,
    0xf0, 0x61, 0x3c, 0x49, 0xe8, 0xd2, 0x2f, 0x00, 0x30, 0xb0, 0x5e, 0x64, 0xfb, 0x82, 0x1b, 0xfc,
    0x07, 0x52, 0x7c, 0xf3, 0xd5, 0x87, 0x92, 0x6a, 0xf9, 0xa9, 0x37, 0x92, 0x76, 0x07, 0x6d, 0x86,
    0x9c, 0x00, 0x02, 0x14, 0x68, 0xdf, 0x49, 0x08, 0x7e, 0xa0, 0x9f, 0x01, 0xec, 0x11, 0xc4, 0x20,
    0x49, 0x00, 0x80, 0x70, 0x00, 0x00, 0xe1, 0x4d, 0x38, 0x90, 0x6a, 0x04, 0x45, 0xe7, 0x1b, 0x74,
    0xe8, 0x79, 0x58, 0x52, 0x7b, 0xef, 0x71, 0xe8, 0xa1, 0x69, 0x06, 0x16, 0x54, 0x9e, 0x88, 0x20,
    0x88, 0x97, 0x1a, 0x8a, 0x14, 0x14, 0x17, 0xd2, 0x86, 0x03, 0x05, 0x38, 0x52, 0x69, 0x06, 0xe4,
    0x16, 0x63, 0x41, 0x1d, 0xac, 0xc6, 0xc1, 0x05, 0x15, 0x50, 0x40, 0x81, 0x05, 0x17, 0x48, 0xe7,
    0x9b, 0x74, 0x1c, 0x44, 0x30, 0xc0, 0x00, 0x22, 0xc1, 0xd6, 0x23, 0x87, 0x02, 0x0c, 0x00, 0x01,
    0x07, 0x43, 0x0e, 0x24, 0x5d, 0x07, 0x16, 0x3c, 0x40, 0x50, 0x69, 0x11, 0x84, 0x77, 0xa3, 0x74,
    0x18, 0xec, 0x47, 0x92, 0x6c, 0x3c, 0x0e, 0x58, 0x1b, 0x88, 0x5d, 0x0a, 0xf4, 0x25, 0x05, 0xa5,
    0xd1, 0x56, 0xdb, 0x01, 0x41, 0xc2, 0x78, 0xe6, 0x07, 0x10, 0x61, 0xb8, 0x22, 0x77, 0x03, 0x7a,
    0x47, 0x41, 0x79, 0x06, 0x21, 0x48, 0x27, 0x02, 0xfd, 0x81, 0x90, 0x1c, 0x02, 0x7a, 0x72, 0x24,
    0xdd, 0x06, 0x0f, 0x5c, 0x07, 0x52, 0x8b, 0x02, 0xf9, 0x18, 0x52, 0x87, 0xca, 0x61, 0xd0, 0x65,
    0x85, 0x10, 0x21, 0x80, 0x50, 0x87, 0x8c, 0x86, 0xa8, 0x51, 0x85, 0xa3, 0xf9, 0xe9, 0x11, 0x8f,
    0x0e, 0x06, 0x1a, 0x24, 0x05, 0x71, 0x0a, 0xc4, 0x1a, 0x00, 0x76, 0x7e, 0xff, 0x3a, 0x25, 0x04,
    0x27, 0x7a, 0xc0, 0x01, 0x04, 0x10, 0x8a, 0x34, 0x5a, 0x5f, 0xbb, 0x7e, 0xd4, 0x61, 0x90, 0xa2,
    0x8e, 0x88, 0xa2, 0x05, 0x02, 0xc4, 0x7a, 0x10, 0x90, 0x70, 0xd2, 0x48, 0x11, 0xa9, 0x2a, 0xee,
    0xd8, 0xa6, 0x47, 0x00, 0x08, 0x00, 0x40, 0x04, 0x07, 0xa9, 0xa6, 0xda, 0x04, 0x20, 0x50, 0x99,
    0x50, 0x87, 0x1f, 0x5a, 0xd0, 0xea, 0x45, 0xac, 0x4d, 0xe9, 0xdf, 0xb3, 0x1c, 0x71, 0x0b, 0xa3,
    0x88, 0xbf, 0xdd, 0x0a, 0x42, 0xa2, 0x06, 0xfd, 0x2a, 0xa4, 0xb2, 0xcb, 0xfe, 0x96, 0xa3, 0xa9,
    0x1d, 0x05, 0x48, 0xa9, 0xaf, 0xd9, 0x0e, 0x40, 0x1f, 0xba, 0x46, 0x8a, 0xc9, 0x6e, 0x41, 0xee,
    0xb2, 0x0a, 0xef, 0x44, 0x15, 0x26, 0x66, 0xec, 0x46, 0xef, 0xdd, 0x0b, 0xad, 0xb4, 0xd4, 0x56,
    0x8b, 0xa0, 0x04, 0xd9, 0x2a, 0x64, 0x6e, 0x05, 0xdf, 0x82, 0x9b, 0x81, 0xa4, 0x1e, 0x25, 0x0c,
    0x68, 0x47, 0xee, 0x52, 0x4c, 0x23, 0xa7, 0xc5, 0x4a, 0x0c, 0x6b, 0xb2, 0x37, 0x42, 0x47, 0xad,
    0xb6, 0x1c, 0xb5, 0x68, 0x29, 0xb4, 0x6f, 0x06, 0x2b, 0x63, 0x82, 0x07, 0x03, 0x9c, 0xa5, 0x03,
    0x5c, 0x9e, 0x28, 0x5d, 0x9f, 0xa7, 0xfa, 0xb5, 0x32, 0xc7, 0xd9, 0x02, 0xa0, 0xa9, 0xb2, 0xd6,
    0x76, 0x80, 0x6d, 0xcc, 0x02, 0x81, 0x7a, 0xae, 0xcd, 0x29, 0x12, 0x7d, 0x11, 0x83, 0x3b, 0x97,
    0x0b, 0xe1, 0x03, 0x5c, 0x0e, 0x5c, 0xa3, 0x06, 0xb4, 0xc6, 0x6c, 0x74, 0x8e, 0x1f, 0x15, 0x6c,
    0x5d, 0xce, 0x95, 0x0a, 0xa8, 0x51, 0xb4, 0xdf, 0xd5, 0x8c, 0x10, 0x89, 0xac, 0x3d, 0x00, 0xab,
    0x01, 0xd7, 0x65, 0x69, 0xc0, 0xaa, 0x35, 0x4a, 0x5d, 0x11, 0x8a, 0x69, 0xa2, 0xbc, 0x11, 0xd3,
    0x5e, 0x63, 0x14, 0xdf, 0xa0, 0x0b, 0x55, 0xa8, 0x01, 0xd6, 0x63, 0x02, 0xff, 0x50, 0x41, 0xd4,
    0x21, 0x41, 0xf9, 0x40, 0xae, 0x1c, 0xd1, 0x8d, 0x6f, 0x90, 0x1e, 0xe7, 0x8d, 0x62, 0x07, 0x18,
    0x54, 0x30, 0x01, 0x04, 0x10, 0x2c, 0x49, 0x5f, 0xc5, 0x19, 0xa5, 0x4b, 0xeb, 0xbf, 0x4b, 0xeb,
    0x5c, 0xf7, 0x45, 0x01, 0x53, 0x4e, 0x10, 0x74, 0xe5, 0xd5, 0x37, 0x57, 0x8d, 0x9e, 0x57, 0x6e,
    0xe4, 0xe5, 0x1d, 0x19, 0xce, 0xf2, 0xaa, 0xa5, 0x0b, 0x1b, 0xdd, 0x6a, 0x1f, 0xe0, 0x77, 0xdf,
    0xe9, 0xeb, 0x7a, 0x84, 0x96, 0xc2, 0x1b, 0x75, 0xee, 0x76, 0x4c, 0x96, 0xd7, 0x5e, 0xf8, 0xed,
    0x1b, 0xe7, 0xfe, 0xa6, 0xc0, 0x3c, 0xa5, 0xeb, 0x6f, 0x47, 0x1a, 0x5f, 0xaa, 0xe8, 0x96, 0xbd,
    0xe9, 0x04, 0x77, 0xc4, 0xc8, 0x33, 0x16, 0x7c, 0xee, 0xd2, 0x42, 0xdd, 0x7c, 0x4e, 0x70, 0x6f,
    0xfd, 0xd1, 0x05, 0xe4, 0x7e, 0x9d, 0xad, 0x00, 0x3f, 0x3b, 0x3f, 0x6c, 0xb3, 0xf5, 0x22, 0xd9,
    0x97, 0x9b, 0xc0, 0xb6, 0xee, 0x12, 0xa7, 0xe4, 0xa7, 0x5e, 0x69, 0xaf, 0xe5, 0xbe, 0x98, 0x38,
    0xf6, 0xd6, 0x42, 0x2c, 0x77, 0xe1, 0x5d, 0x0f, 0xa8, 0x9c, 0x04, 0x84, 0xea, 0xf4, 0x28, 0xa2,
    0x5c, 0x13, 0x08, 0xee, 0x84, 0x27, 0x00, 0x04, 0xec, 0x66, 0x77, 0x2c, 0x29, 0x98, 0x8e, 0x52,
    0xc6, 0x9d, 0x01, 0x7a, 0xef, 0x43, 0x2e, 0xab, 0x09, 0xfb, 0xe8, 0x05, 0x94, 0xf8, 0x4c, 0xa0,
    0x7f, 0x37, 0x79, 0x94, 0x03, 0x08, 0x97, 0x31, 0x82, 0xa4, 0x8a, 0x65, 0x99, 0x52, 0x5f, 0x4a,
    0x98, 0xa5, 0xb4, 0x8c, 0xc0, 0xaf, 0x69, 0xc2, 0xfb, 0xd0, 0xfc, 0x68, 0x12, 0x34, 0xfb, 0x05,
    0xd0, 0x3d, 0xd3, 0xa3, 0x9e, 0x00, 0x1c, 0x70, 0x40, 0x16, 0xa2, 0xe8, 0x42, 0xdb, 0x9b, 0x5e,
    0x0c, 0x33, 0x82, 0xac, 0x15, 0xf2, 0xee, 0x61, 0x59, 0x0a, 0x89, 0x80, 0xff, 0x50, 0x28, 0xbc,
    0x20, 0x85, 0xef, 0x87, 0xd2, 0x29, 0x15, 0x48, 0xac, 0x04, 0x43, 0x91, 0x24, 0x47, 0x00, 0xfc,
    0xa3, 0xc9, 0xa3, 0x16, 0xc0, 0x9f, 0x1c, 0x22, 0x64, 0x87, 0xde, 0x0b, 0x92, 0xb7, 0x10, 0x38,
    0x12, 0x6b, 0x79, 0x20, 0x47, 0xf7, 0x43, 0xde, 0x15, 0x37, 0xc7, 0xc3, 0x96, 0x89, 0xf0, 0x39,
    0xe3, 0xa3, 0xe0, 0xdc, 0x98, 0x48, 0x10, 0x32, 0x52, 0x4f, 0x4b, 0x1a, 0x38, 0x23, 0xd2, 0xf4,
    0x53, 0x42, 0x8c, 0xb8, 0x91, 0x57, 0x4e, 0xdc, 0x0f, 0x00, 0xb0, 0x25, 0xc7, 0x51, 0x85, 0x2e,
    0x03, 0x91, 0xc2, 0x5c, 0xca, 0x5e, 0x12, 0xb0, 0xb6, 0x1d, 0xe8, 0x8f, 0xb4, 0x0a, 0x23, 0xc2,
    0x18, 0xd2, 0x3d, 0x9e, 0x7d, 0x28, 0x47, 0x7d, 0x7c, 0x1b, 0x22, 0xa1, 0xe7, 0x9f, 0x86, 0xdc,
    0xd1, 0x6e, 0x2f, 0x9a, 0x40, 0x1c, 0xb9, 0x68, 0x11, 0xfc, 0x58, 0x28, 0x91, 0xba, 0x62, 0xe3,
    0x41, 0x12, 0x83, 0xc5, 0x22, 0xca, 0xc7, 0x4c, 0x9c, 0x8c, 0xc8, 0x8c, 0x78, 0x93, 0x1e, 0x4a,
    0x1a, 0xa7, 0x3b, 0x79, 0x1a, 0x4d, 0x7d, 0x52, 0xa9, 0x10, 0x04, 0xd5, 0x88, 0x3a, 0x0a, 0x0a,
    0x25, 0x08, 0xe0, 0x97, 0x10, 0x52, 0xc2, 0x27, 0x4b, 0x7b, 0xd4, 0xd4, 0x2c, 0x31, 0x82, 0x20,
    0xe9, 0x78, 0xe0, 0x02, 0x10, 0x80, 0x55, 0x4e, 0x2e, 0x99, 0xc5, 0xd2, 0x54, 0x60, 0x37, 0xb1,
    0x33, 0x91, 0x2a, 0xf1, 0x03, 0x3b, 0x0c, 0xd0, 0x69, 0x81, 0xba, 0xe4, 0xe5, 0x5b, 0xce, 0x07,
    0x1f, 0xeb, 0x28, 0x07, 0x01, 0x15, 0xc0, 0x00, 0xec, 0x08, 0x05, 0x2f, 0x72, 0x16, 0x89, 0x37,
    0x1d, 0x40, 0x12, 0x90, 0x04, 0x09, 0x16, 0x20, 0x29, 0x6a, 0x8f, 0x8b, 0xe9, 0x1f, 0x6f, 0x4a,
    0x24, 0xcf, 0xfa, 0x64, 0xc0, 0x02, 0xd4, 0x8a, 0x96, 0x22, 0x27, 0x25, 0xff, 0x10, 0x6d, 0x2e,
    0x44, 0x3b, 0xfe, 0xfc, 0x91, 0x00, 0xaa, 0x08, 0xab, 0x09, 0x58, 0x06, 0x03, 0xa3, 0x1b, 0x08,
    0x6f, 0xe6, 0x82, 0x01, 0x24, 0xe5, 0x73, 0x3f, 0x6a, 0x1c, 0xc9, 0xed, 0x84, 0x92, 0x9c, 0x58,
    0x95, 0xe6, 0x01, 0xb4, 0x1a, 0x88, 0x92, 0x20, 0x40, 0x9c, 0xa2, 0x15, 0x8b, 0x9d, 0x21, 0xc1,
    0x00, 0x52, 0xf4, 0x89, 0xa7, 0x7d, 0x56, 0x14, 0x6d, 0x2c, 0x61, 0x53, 0xe6, 0x76, 0x19, 0x93,
    0xd2, 0x70, 0xb0, 0x36, 0x69, 0x83, 0xc9, 0x44, 0x35, 0x52, 0xca, 0xb2, 0xd8, 0x14, 0x25, 0x01,
    0xa5, 0x48, 0x4d, 0xc1, 0xa2, 0x1d, 0x66, 0x5a, 0x72, 0xa6, 0x36, 0x6d, 0xa4, 0x1d, 0xfb, 0x79,
    0x53, 0x93, 0x7c, 0x50, 0x2c, 0x7e, 0xc9, 0x69, 0x51, 0xe7, 0xb6, 0xd4, 0x91, 0xf8, 0xb4, 0xa9,
    0x13, 0x79, 0x2a, 0x53, 0xbf, 0x22, 0xd5, 0x8d, 0x1c, 0xb5, 0x2a, 0x7e, 0xa9, 0xaa, 0x18, 0xab,
    0xd2, 0x2b, 0xad, 0x96, 0x8f, 0x2a, 0x2d, 0x52, 0x2a, 0x54, 0x97, 0xf6, 0x4a, 0x3c, 0x8e, 0xd5,
    0x7d, 0x4d, 0x69, 0x91, 0x57, 0x71, 0xba, 0x14, 0xb1, 0xbe, 0x44, 0x36, 0x3b, 0xc5, 0x89, 0x5a,
    0x83, 0x42, 0xc4, 0x9c, 0xc0, 0xcf, 0xad, 0x34, 0x61, 0x11, 0x4f, 0xe0, 0xb7, 0xd6, 0xb7, 0xb6,
    0x11, 0x27, 0xbc, 0xc4, 0xab, 0x5d, 0x0b, 0xd2, 0xd7, 0x0e, 0x72, 0x47, 0xb0, 0x7b, 0xf5, 0x20,
    0x4b, 0x5b, 0xc2, 0xa4, 0x82, 0x20, 0x16, 0x28, 0xc7, 0xb9, 0xdd, 0x63, 0x33, 0xe2, 0x4b, 0x01,
    0x4e, 0x56, 0x28, 0x27, 0x14, 0xa0, 0xae, 0x48, 0xd9, 0xc0, 0xad, 0xb4, 0x67, 0x03, 0x59, 0xbd,
    0xac, 0x86, 0x22, 0xdb, 0x46, 0xd1, 0x2e, 0xe5, 0x3f, 0xa0, 0x6d, 0xe3, 0x05, 0xb8, 0x27, 0x99,
    0xd5, 0x7e, 0x76, 0x63, 0xdc, 0x2b, 0x6a, 0x63, 0x01, 0x04, 0xda, 0xda, 0x11, 0xda, 0xf6, 0xb6,
    0xa9, 0x2d, 0xed, 0x59, 0x35, 0xc4, 0x24, 0x66, 0xae, 0xb6, 0x31, 0x3a, 0x09, 0x08, 0x00, 0x21,
    0xf9, 0x04, 0x01, 0x08, 0x00, 0x20, 0x00, 0x2c, 0x0d, 0x00, 0x0e, 0x00, 0x89, 0x00, 0x8a, 0x00,
    0x84, 0xff, 0xff, 0xff, 0xff, 0xff, 0xfe, 0xfe, 0xfe, 0xfe, 0xfd, 0xfd, 0xfd, 0xfd, 0xfd, 0xfb,
    0xfd, 0xfd, 0xfa, 0xfc, 0xfc, 0xfb, 0xfb, 0xfb, 0xfa, 0xfa, 0xfa, 0xfa, 0xfa, 0xfa, 0xf8, 0xfa,
    0xfa, 0xf7, 0xf9, 0xf9, 0xf8, 0xf9, 0xf9, 0xf7, 0xf9, 0xf9, 0xf6, 0xf8, 0xf8, 0xf6, 0xf4, 0xf4,
    0xf3, 0xed, 0xed, 0xeb, 0xe6, 0xe6, 0xe5, 0xdb, 0xdb, 0xda, 0xd2, 0xd2, 0xd2, 0xc8, 0xc8, 0xc8,
    0xac, 0xac, 0xac, 0x91, 0x91, 0x91, 0x66, 0x66, 0x66, 0x45, 0x45, 0x45, 0x3b, 0x3b, 0x3b, 0x33,
    0x33, 0x33, 0x2f, 0x2f, 0x30, 0x1e, 0x1e, 0x1f, 0x0d, 0x0d, 0x0d, 0x0a, 0x0a, 0x0a, 0x03, 0x03,
    0x03, 0x08, 0xff, 0x00, 0x41, 0x08, 0x1c, 0x48, 0xb0, 0xa0, 0xc1, 0x83, 0x08, 0x13, 0x2a, 0x2c,
    0xf8, 0xa0, 0x21, 0xc2, 0x86, 0x0f, 0x16, 0x4a, 0x9c, 0x48, 0xb1, 0xa2, 0xc5, 0x8b, 0x18, 0x41,
    0x44, 0x9c, 0x20, 0x61, 0x02, 0x85, 0x8f, 0x20, 0x3a, 0x72, 0x14, 0x39, 0x01, 0xc4, 0xc7, 0x8f,
    0x12, 0x28, 0x48, 0xc8, 0xc8, 0xb2, 0xa5, 0xcb, 0x97, 0x05, 0x27, 0x78, 0xa4, 0x50, 0xd2, 0x21,
    0xc5, 0x8d, 0x1f, 0x39, 0xc2, 0xdc, 0xc9, 0x93, 0xe7, 0x83, 0x94, 0x2a, 0x35, 0xf6, 0x14, 0x6a,
    0x92, 0x66, 0xc4, 0xa1, 0x48, 0x93, 0x12, 0xfc, 0x79, 0x52, 0xe9, 0xc1, 0x99, 0x25, 0x9d, 0x4a,
    0x7d, 0x39, 0x73, 0xaa, 0xc2, 0x09, 0x15, 0x28, 0x58, 0xdd, 0x4a, 0x11, 0x24, 0x57, 0x89, 0x1e,
    0x57, 0x7e, 0x1d, 0x0b, 0x02, 0xeb, 0x84, 0xa3, 0x64, 0x17, 0x02, 0x45, 0x9b, 0x36, 0x29, 0x56,
    0x0a, 0x6c, 0xdb, 0x2e, 0x7c, 0x2b, 0x17, 0xa9, 0xd1, 0xba, 0x17, 0x3d, 0xe2, 0x7d, 0xf9, 0x53,
    0x42, 0xdc, 0xbd, 0x80, 0xad, 0x8a, 0x0d, 0xcc, 0x52, 0xc2, 0x60, 0xc2, 0x09, 0x1f, 0x44, 0x45,
    0xec, 0x72, 0x31, 0x63, 0x83, 0x5a, 0x1f, 0xbb, 0x7c, 0x40, 0x53, 0xf2, 0x40, 0xbd, 0x96, 0xa9,
    0xc2, 0x7d, 0x4c, 0x39, 0x73, 0xcf, 0xc8, 0x88, 0xfd, 0x7a, 0xee, 0x79, 0x18, 0xef, 0xcf, 0xd1,
    0x48, 0x4b, 0xb7, 0x55, 0x8d, 0x7a, 0xe7, 0x69, 0xb9, 0x86, 0x5b, 0x3b, 0x75, 0xfc, 0x35, 0xb6,
    0xec, 0xd9, 0x64, 0x6d, 0xdf, 0xc6, 0xcd, 0x55, 0xf7, 0x6e, 0xde, 0xbf, 0x83, 0x0b, 0x1f, 0x5e,
    0x91, 0xb5, 0x6b, 0xe3, 0xc4, 0x49, 0x3b, 0xdd, 0x9c, 0x7c, 0x2a, 0xe8, 0x9e, 0xb4, 0x9b, 0x2b,
    0xed, 0x3c, 0x34, 0xba, 0x74, 0xa5, 0xcf, 0x27, 0x67, 0xbf, 0xbe, 0xdc, 0x3a, 0x46, 0xef, 0xdc,
    0x93, 0x6e, 0xff, 0x0f, 0x3f, 0x9a, 0x3a, 0xf9, 0xdb, 0xc8, 0x27, 0xfe, 0x3d, 0x0f, 0x1c, 0x63,
    0x7a, 0xf6, 0x76, 0x33, 0x32, 0x87, 0xbf, 0x35, 0xa8, 0xc5, 0x8e, 0xf4, 0xc7, 0x56, 0xb8, 0x58,
    0x61, 0x7d, 0x7e, 0xa5, 0x15, 0x80, 0x67, 0x10, 0x66, 0xff, 0x71, 0xd5, 0x9f, 0x7a, 0xfb, 0x15,
    0xc8, 0xd5, 0x03, 0x59, 0x4d, 0x64, 0xc1, 0x06, 0x80, 0x61, 0x80, 0x54, 0x06, 0x19, 0xb4, 0x65,
    0x81, 0x83, 0x1c, 0x6c, 0xc0, 0xc1, 0x86, 0x1c, 0x76, 0xe8, 0xe1, 0x87, 0x20, 0x86, 0x28, 0xe2,
    0x86, 0x10, 0xf2, 0xb4, 0x81, 0x06, 0x1a, 0x8e, 0xa8, 0xe2, 0x8a, 0x1f, 0x6a, 0x78, 0xc1, 0x7b,
    0x20, 0x60, 0x00, 0xa1, 0x05, 0x34, 0xd6, 0x68, 0xe3, 0x8d, 0x38, 0xe6, 0xa8, 0xe3, 0x8e, 0x15,
    0x58, 0x90, 0x01, 0x8b, 0x40, 0x6e, 0x78, 0x41, 0x8f, 0x3b, 0x16, 0x69, 0xa4, 0x8e, 0x03, 0x1d,
    0x98, 0x50, 0x64, 0x17, 0xca, 0x05, 0x80, 0x04, 0x12, 0xf6, 0xe4, 0xc1, 0x07, 0x1d, 0x5c, 0xe0,
    0x5f, 0x52, 0x15, 0xcc, 0xb8, 0xd0, 0x05, 0x02, 0x8d, 0xa7, 0xd4, 0x01, 0x07, 0x18, 0xe0, 0x00,
    0x00, 0x0e, 0x70, 0xf9, 0x01, 0x52, 0x1e, 0x4c, 0xd9, 0x81, 0x05, 0x00, 0x18, 0xb0, 0x80, 0x01,
    0x5c, 0xcd, 0x87, 0x10, 0x97, 0x5f, 0x01, 0x00, 0x82, 0x01, 0x4f, 0x66, 0x70, 0x66, 0x07, 0x68,
    0x7a, 0xd0, 0xc1, 0x07, 0x1f, 0x58, 0xd9, 0xe6, 0x54, 0x0f, 0x82, 0x90, 0xe0, 0x41, 0xfb, 0x6d,
    0x70, 0xa8, 0x55, 0x76, 0xe2, 0x49, 0x01, 0x07, 0x54, 0x4a, 0xe5, 0xe7, 0x9f, 0x19, 0x48, 0x30,
    0x28, 0x6f, 0x2f, 0xae, 0x77, 0x41, 0x89, 0x5c, 0xd9, 0x79, 0x00, 0x00, 0x16, 0x00, 0xca, 0xe7,
    0x54, 0x69, 0xfe, 0xd9, 0x01, 0x05, 0x00, 0x1c, 0x20, 0x15, 0x9d, 0x72, 0x12, 0xb4, 0x01, 0x9d,
    0x8c, 0x82, 0xff, 0xf0, 0x69, 0xa8, 0x20, 0x8c, 0xba, 0x95, 0x9f, 0x54, 0xa2, 0x0a, 0xa7, 0x52,
    0x85, 0x2e, 0x9a, 0x24, 0x08, 0x1b, 0x34, 0x39, 0x15, 0x00, 0x6d, 0x02, 0x50, 0xc1, 0x99, 0x69,
    0xe1, 0xda, 0x41, 0x49, 0x03, 0x28, 0x15, 0x55, 0xa6, 0x05, 0x15, 0x2a, 0x20, 0x4f, 0xc5, 0x52,
    0xb0, 0xe7, 0x41, 0x1e, 0x14, 0xd4, 0x81, 0xad, 0x30, 0xe1, 0xca, 0x01, 0x04, 0x02, 0x08, 0x90,
    0xd4, 0x51, 0x18, 0x44, 0xb7, 0x69, 0xa7, 0x03, 0x00, 0x10, 0x01, 0xa4, 0xdc, 0x0a, 0xe4, 0x67,
    0xb6, 0x04, 0x89, 0xda, 0x6e, 0x4b, 0xb8, 0x62, 0x70, 0x29, 0x52, 0xe7, 0xfa, 0xba, 0xd2, 0xab,
    0xb1, 0x1a, 0x30, 0x00, 0x06, 0x91, 0x12, 0x94, 0xed, 0x9f, 0x1e, 0x60, 0x60, 0xc1, 0x47, 0x3d,
    0x6a, 0x20, 0xea, 0x4e, 0xa5, 0x7e, 0xc0, 0xe6, 0xae, 0x43, 0x65, 0x09, 0x82, 0xb0, 0x02, 0x25,
    0xea, 0x2b, 0x52, 0xc4, 0xe2, 0x19, 0x6a, 0xbb, 0x69, 0x82, 0xf0, 0x41, 0xb9, 0x05, 0xb5, 0x99,
    0x65, 0xc0, 0x2f, 0x35, 0xac, 0x15, 0xc4, 0x3c, 0x89, 0x05, 0xad, 0x40, 0xd2, 0x0e, 0x3b, 0x80,
    0x00, 0xac, 0x75, 0x1c, 0x28, 0x08, 0x00, 0x0c, 0xa0, 0x2a, 0x9c, 0xaa, 0x02, 0x00, 0x81, 0x9e,
    0xf3, 0x66, 0x84, 0x6b, 0x06, 0x07, 0xbc, 0x3c, 0x14, 0x5a, 0x8e, 0x9d, 0x3b, 0xec, 0x9d, 0x00,
    0x5c, 0x40, 0x72, 0xbc, 0x17, 0xb4, 0x89, 0x32, 0xcd, 0xa9, 0xea, 0xcc, 0x73, 0xb7, 0xb8, 0x3e,
    0x8c, 0x2f, 0x84, 0xa0, 0x45, 0xc4, 0xaf, 0x54, 0xd5, 0x2e, 0x0d, 0xc2, 0xcf, 0x02, 0x08, 0x7d,
    0x50, 0xb1, 0x30, 0x56, 0x94, 0xa6, 0x07, 0xdf, 0x86, 0x3b, 0x54, 0xaf, 0x62, 0x95, 0x14, 0x2c,
    0xd7, 0x20, 0xa4, 0x0b, 0x30, 0xb7, 0x26, 0xcb, 0x9a, 0x10, 0xb1, 0x08, 0x24, 0xed, 0x75, 0x4b,
    0x7f, 0xb2, 0xff, 0xa9, 0x6a, 0x4f, 0x09, 0x5a, 0x20, 0x9a, 0x56, 0x8a, 0x72, 0x9d, 0xee, 0x04,
    0xf0, 0x0a, 0xfc, 0xe7, 0x06, 0x0e, 0xa8, 0x7d, 0xf7, 0xcb, 0x88, 0xf3, 0x84, 0x2b, 0xe3, 0x8e,
    0xef, 0x14, 0x95, 0xe0, 0x15, 0x63, 0xed, 0x94, 0xa7, 0x7a, 0xcf, 0xfb, 0x67, 0xd3, 0x4f, 0x1b,
    0x04, 0x40, 0xb8, 0x0e, 0x6c, 0xb0, 0x37, 0x46, 0x0d, 0xef, 0x17, 0x3a, 0x4c, 0x2f, 0xb2, 0x0c,
    0xe1, 0xb4, 0x2d, 0x8d, 0x0e, 0xc0, 0x03, 0x90, 0x1a, 0x54, 0x75, 0xaa, 0x0b, 0xd9, 0xf9, 0xf2,
    0xdc, 0x3c, 0xfd, 0x69, 0x6f, 0xb3, 0x3e, 0x01, 0x7b, 0xc1, 0xb3, 0x9c, 0x2a, 0x55, 0xec, 0xb1,
    0xf3, 0xde, 0xfe, 0xf7, 0xdd, 0x71, 0x03, 0xc0, 0x3b, 0xd5, 0x7e, 0x46, 0x00, 0x82, 0xb8, 0x3c,
    0x9d, 0x1b, 0xd4, 0xb9, 0x57, 0xba, 0xc4, 0xb9, 0xd2, 0x3d, 0x7b, 0x0c, 0x7a, 0xee, 0xd3, 0x2f,
    0xa0, 0x70, 0xf7, 0x17, 0xa5, 0x7e, 0x67, 0x4f, 0xd6, 0xaf, 0x84, 0xbd, 0xf1, 0xd3, 0x0f, 0x30,
    0x75, 0x41, 0x3f, 0xfb, 0x9b, 0xfb, 0xcb, 0xd2, 0x27, 0x15, 0x28, 0xee, 0xd5, 0x63, 0x2d, 0xd6,
    0xd6, 0x49, 0xd5, 0xac, 0x6e, 0x42, 0x67, 0xfb, 0xc0, 0x04, 0x04, 0xb0, 0x3a, 0x81, 0x10, 0x6b,
    0x56, 0xa7, 0x63, 0xc9, 0xcf, 0x10, 0x40, 0xbd, 0x9d, 0xb0, 0x4d, 0x6b, 0xb0, 0xc2, 0x98, 0xa3,
    0x12, 0x28, 0x90, 0xfb, 0x21, 0xe0, 0x71, 0x03, 0x78, 0x80, 0xe9, 0xc8, 0x87, 0xba, 0x29, 0x71,
    0x20, 0x22, 0x0d, 0x7c, 0x89, 0xc4, 0x2a, 0x20, 0x1a, 0xfe, 0x0d, 0xe5, 0x80, 0xa0, 0x4a, 0x60,
    0xc3, 0xd8, 0xc4, 0x40, 0xd1, 0x0d, 0x00, 0x4f, 0xdc, 0x1b, 0xca, 0xd9, 0x3c, 0xa0, 0x15, 0xe0,
    0xc1, 0x84, 0x6d, 0x02, 0x31, 0x61, 0x4f, 0x38, 0xb7, 0x31, 0x00, 0xa6, 0xc9, 0x61, 0xa3, 0x0b,
    0x53, 0xfb, 0xff, 0x64, 0x45, 0xac, 0x18, 0xca, 0x10, 0x57, 0x27, 0xe3, 0x09, 0x0e, 0x85, 0xc7,
    0x3e, 0x18, 0x52, 0xf0, 0x6b, 0x3f, 0xb4, 0xc0, 0x02, 0x44, 0x17, 0x01, 0x23, 0x1e, 0xb1, 0x6f,
    0xf8, 0xbb, 0x21, 0x84, 0x48, 0x98, 0xc3, 0x08, 0xee, 0xb0, 0x79, 0xcf, 0xf3, 0xe1, 0x94, 0x82,
    0xa5, 0x15, 0x08, 0x44, 0x80, 0x02, 0x17, 0x60, 0x97, 0x53, 0x94, 0xa7, 0xc4, 0x2d, 0xee, 0xcf,
    0x8b, 0xd4, 0x02, 0xe3, 0x13, 0xdd, 0x55, 0x2b, 0x8f, 0x7d, 0x60, 0x43, 0x7c, 0x5a, 0xd8, 0x1a,
    0xb1, 0xb8, 0xbc, 0x97, 0x2c, 0x51, 0x87, 0x71, 0x94, 0xdb, 0x1c, 0x07, 0x32, 0xb0, 0x3c, 0x0e,
    0xcc, 0x2a, 0x6c, 0xdc, 0xc9, 0x08, 0xd5, 0x07, 0xa1, 0xec, 0xb1, 0x44, 0x77, 0xce, 0x1b, 0xe4,
    0x5e, 0x12, 0xc9, 0x3a, 0xac, 0x95, 0x64, 0x7d, 0x18, 0x93, 0x23, 0x07, 0x03, 0x43, 0xc9, 0x97,
    0x58, 0xef, 0x92, 0x8d, 0xec, 0x1f, 0x11, 0x7b, 0xe8, 0x99, 0xba, 0x15, 0x10, 0x23, 0x9f, 0x7c,
    0x40, 0xcb, 0x32, 0x89, 0xc0, 0x4d, 0x4e, 0xf2, 0x87, 0x49, 0x84, 0xc9, 0x51, 0x86, 0x57, 0x92,
    0x42, 0x79, 0xe9, 0x25, 0x5d, 0x73, 0x25, 0x5e, 0xce, 0xd6, 0x01, 0x08, 0x4c, 0xaf, 0x27, 0xaf,
    0xc2, 0x0f, 0xe1, 0x2e, 0xb6, 0x13, 0xff, 0x49, 0x20, 0x71, 0x99, 0x99, 0x5c, 0xe3, 0x78, 0x72,
    0xb9, 0xd8, 0xb8, 0x8d, 0x62, 0x5f, 0x14, 0x00, 0x02, 0x36, 0x38, 0x9a, 0xcf, 0xdd, 0xeb, 0x25,
    0x4c, 0xd2, 0x0d, 0x20, 0x8b, 0x89, 0x34, 0x2b, 0x3e, 0xc6, 0x7c, 0x7d, 0x74, 0xc9, 0x12, 0x41,
    0x80, 0x49, 0x8c, 0x7d, 0x0a, 0x79, 0xc9, 0x3c, 0xdb, 0x4a, 0x6c, 0xe8, 0x49, 0x4b, 0x0e, 0xe4,
    0x5c, 0x65, 0xc3, 0x88, 0xec, 0xea, 0x97, 0x4c, 0x4a, 0x0d, 0x80, 0x9d, 0xcc, 0x5c, 0x4c, 0x82,
    0x88, 0x09, 0xff, 0x93, 0x46, 0x75, 0x4e, 0x32, 0x2b, 0xcc, 0x62, 0xf5, 0x3a, 0x72, 0x94, 0x67,
    0x6e, 0x6e, 0x82, 0xba, 0x24, 0xcb, 0x0f, 0xd3, 0x16, 0x42, 0x97, 0x04, 0x0e, 0x3f, 0x02, 0x81,
    0xe0, 0xe6, 0xa6, 0x77, 0x80, 0xf1, 0x59, 0xe6, 0x7e, 0xa7, 0xc4, 0x48, 0xaf, 0x74, 0xf2, 0x4e,
    0x08, 0xc5, 0xf3, 0x22, 0x19, 0x33, 0x96, 0x24, 0xbf, 0x32, 0x43, 0x09, 0x84, 0x0d, 0x7d, 0xaf,
    0xa3, 0x8d, 0xc5, 0x36, 0x17, 0xb6, 0x05, 0xbc, 0x0f, 0x31, 0x18, 0x55, 0x0e, 0x39, 0x09, 0x4a,
    0x90, 0x7d, 0xc1, 0x71, 0x87, 0x08, 0x25, 0xcc, 0xbb, 0xbe, 0x25, 0x36, 0x45, 0xce, 0x08, 0xa2,
    0x04, 0x31, 0xda, 0xe6, 0x8a, 0xe5, 0x4d, 0xb9, 0xa4, 0xee, 0x9a, 0x95, 0x34, 0x09, 0x47, 0x09,
    0x32, 0x42, 0xae, 0x85, 0x0d, 0x02, 0xd4, 0xdc, 0xcb, 0xe7, 0xce, 0x97, 0x94, 0x17, 0x59, 0xc7,
    0xa6, 0x2e, 0x03, 0x80, 0xb5, 0x26, 0xf9, 0x27, 0x86, 0xae, 0xed, 0xa7, 0xde, 0xa1, 0xd3, 0x47,
    0xe5, 0x59, 0x2c, 0x52, 0x26, 0xab, 0x03, 0x7e, 0x62, 0x16, 0xbe, 0xba, 0xb4, 0xd4, 0x82, 0x24,
    0x0a, 0x9a, 0xac, 0xfc, 0xa7, 0x42, 0x7f, 0x58, 0x01, 0x81, 0xee, 0x24, 0x32, 0x56, 0x0d, 0x4c,
    0x10, 0xe5, 0xca, 0x95, 0x77, 0x7d, 0xa0, 0xae, 0xe1, 0xdc, 0x09, 0x9d, 0x48, 0x28, 0xa0, 0x5e,
    0x31, 0x8a, 0x80, 0x9d, 0x4b, 0xa8, 0x4b, 0xfc, 0x0a, 0x58, 0xa9, 0x94, 0xab, 0xad, 0x06, 0x51,
    0xd9, 0x56, 0x46, 0x97, 0xae, 0x50, 0x8d, 0xd4, 0x67, 0xca, 0x6a, 0x6c, 0x52, 0x0a, 0x25, 0x38,
    0xd8, 0x71, 0xa9, 0x70, 0x87, 0x4d, 0x57, 0x05, 0xd4, 0x98, 0x94, 0x49, 0x7d, 0x40, 0x03, 0x13,
    0xb0, 0xab, 0x5b, 0x20, 0x7b, 0x10, 0xbc, 0x76, 0x8a, 0x88, 0x12, 0xd0, 0xd3, 0x65, 0x25, 0x32,
    0x30, 0x40, 0xff, 0x09, 0x2a, 0xb0, 0x6d, 0x9c, 0x18, 0x50, 0xb7, 0x04, 0x2c, 0x7e, 0x62, 0x2c,
    0x6a, 0x07, 0xb0, 0x00, 0xa4, 0xfc, 0x54, 0xb2, 0x5a, 0x01, 0x4a, 0x51, 0xba, 0xab, 0x8f, 0x4c,
    0xba, 0x22, 0x90, 0x9b, 0x6e, 0xae, 0x59, 0xea, 0xba, 0xc0, 0x9f, 0xae, 0x65, 0x91, 0x52, 0xe5,
    0x91, 0x03, 0x16, 0xc8, 0x5b, 0x4f, 0x37, 0xfb, 0xd3, 0x5b, 0x1e, 0xe4, 0x42, 0xa0, 0xed, 0x54,
    0xb1, 0x00, 0x30, 0x81, 0x34, 0xda, 0x51, 0x20, 0xdb, 0xc2, 0x16, 0xbc, 0xd0, 0x6a, 0x47, 0x0d,
    0x58, 0x20, 0x02, 0x19, 0x9b, 0xca, 0x62, 0x64, 0x02, 0xbb, 0x9a, 0xd6, 0x65, 0x74, 0x70, 0x9a,
    0x5d, 0x05, 0x30, 0xc0, 0x81, 0x78, 0x25, 0x6e, 0x5b, 0x89, 0x03, 0x14, 0x07, 0x2e, 0x40, 0x01,
    0x3c, 0xb5, 0xa9, 0xa1, 0x55, 0x65, 0x59, 0x4a, 0x34, 0xaa, 0x25, 0xb2, 0x10, 0xcb, 0x66, 0x50,
    0x83, 0x00, 0x05, 0x2c, 0x20, 0x23, 0x0e, 0x70, 0x8b, 0x4a, 0x1c, 0xc8, 0x80, 0xc1, 0x36, 0x73,
    0x40, 0x04, 0x63, 0x09, 0x42, 0x56, 0x1d, 0x6b, 0x44, 0x07, 0xe2, 0x5d, 0xa7, 0xca, 0xcf, 0x80,
    0x06, 0x80, 0x00, 0x50, 0x4e, 0x12, 0x01, 0x5f, 0x1a, 0xd0, 0x69, 0x1e, 0x56, 0x4a, 0x85, 0x0c,
    0xb5, 0x5b, 0x8b, 0x94, 0x58, 0xbc, 0xe2, 0x0a, 0xda, 0xdd, 0x3c, 0xb5, 0xdd, 0xad, 0xd0, 0x49,
    0x70, 0xf6, 0xc9, 0x48, 0xa1, 0x9c, 0x9b, 0x16, 0x3b, 0x9d, 0x54, 0x20, 0x06, 0xf0, 0x57, 0x8c,
    0xb7, 0x22, 0x31, 0x5a, 0x9e, 0xa5, 0x25, 0x47, 0x09, 0xaf, 0x82, 0xf2, 0x92, 0xa4, 0x05, 0x53,
    0xe5, 0x32, 0x53, 0xbe, 0x08, 0x5a, 0x3a, 0x2b, 0x62, 0x84, 0x48, 0x8c, 0x28, 0x59, 0x9e, 0xc8,
    0xb9, 0xac, 0xfa, 0x64, 0xc1, 0x82, 0x38, 0xcc, 0x0e, 0x2a, 0x11, 0x4d, 0xea, 0x5b, 0x91, 0x07,
    0xfc, 0x18, 0xff, 0xcd, 0x0a, 0x39, 0x14, 0x09, 0x83, 0x9c, 0xb2, 0x1c, 0xc2, 0x15, 0xce, 0x26,
    0x29, 0x11, 0x90, 0xbb, 0x3c, 0x11, 0x7d, 0xe2, 0xd9, 0xbe, 0x0a, 0x96, 0x89, 0x23, 0x33, 0x12,
    0x11, 0x39, 0xff, 0x39, 0x24, 0xef, 0x14, 0x89, 0x55, 0x0c, 0x0d, 0xe7, 0xc1, 0x90, 0xd9, 0x40,
    0x03, 0xb9, 0x73, 0x7e, 0x40, 0xf3, 0xe8, 0xaf, 0x24, 0xe8, 0x6d, 0x53, 0xfe, 0x72, 0xa5, 0xf5,
    0xf3, 0xce, 0x41, 0x37, 0x47, 0x58, 0x9b, 0x26, 0x4b, 0x64, 0x82, 0x49, 0x1f, 0x37, 0xeb, 0x59,
    0xd1, 0x75, 0x71, 0x8c, 0x6f, 0x89, 0xe3, 0x98, 0xce, 0xb2, 0x79, 0x2a, 0x74, 0x0a, 0x96, 0xa7,
    0x65, 0xb3, 0x28, 0xc2, 0xbe, 0xda, 0x2a, 0x14, 0xbb, 0x71, 0x6b, 0x8c, 0x46, 0x60, 0x54, 0x23,
    0x66, 0x51, 0x92, 0xa6, 0x35, 0x41, 0x3a, 0xab, 0x92, 0x59, 0x8f, 0x45, 0x02, 0xb1, 0x36, 0x54,
    0x70, 0xd0, 0x58, 0xa2, 0x21, 0x89, 0x84, 0xcf, 0x96, 0x1e, 0xc8, 0xab, 0x74, 0x0d, 0x18, 0x09,
    0x50, 0xcc, 0x02, 0x1c, 0x59, 0x6e, 0x6b, 0xca, 0x1b, 0x54, 0x6a, 0xaf, 0x86, 0x62, 0xce, 0x0e,
    0x8b, 0xb1, 0x01, 0x53, 0x81, 0x08, 0x12, 0xf8, 0x31, 0xd6, 0x8e, 0x96, 0x61, 0x2a, 0x33, 0x1c,
    0x68, 0x0e, 0x29, 0x30, 0x68, 0x04, 0x56, 0xa4, 0xb3, 0x5d, 0xec, 0xe4, 0xa4, 0x5b, 0xda, 0x13,
    0xbb, 0x75, 0xca, 0x28, 0x1c, 0x2d, 0x95, 0x84, 0x25, 0x3c, 0x12, 0x28, 0x37, 0xbe, 0x2f, 0x70,
    0xb0, 0x71, 0x67, 0x04, 0x2b, 0x9f, 0x1d, 0x88, 0xc1, 0xe8, 0xad, 0xef, 0xd6, 0xfc, 0xa4, 0x47,
    0xae, 0x6a, 0x6e, 0x80, 0x0c, 0xae, 0x90, 0x80, 0x5b, 0xe0, 0xb3, 0x9c, 0x1a, 0x12, 0xc3, 0xff,
    0x13, 0x11, 0x0a, 0x08, 0x5c, 0xda, 0xcd, 0xb6, 0x40, 0x83, 0x66, 0x8d, 0x93, 0x8b, 0xe3, 0xfb,
    0x9d, 0x07, 0x6c, 0x33, 0x8c, 0x4c, 0xa0, 0x1d, 0x9c, 0x88, 0xa4, 0xe4, 0xe3, 0x20, 0x0f, 0xea,
    0x05, 0x08, 0x9e, 0xa3, 0x99, 0x47, 0x70, 0x03, 0xc5, 0x23, 0x67, 0xca, 0x3b, 0x42, 0x13, 0x96,
    0x13, 0xe7, 0x28, 0x1d, 0xe9, 0x11, 0x1c, 0x71, 0x4e, 0xf4, 0xa2, 0x1b, 0x9d, 0xe8, 0x05, 0x21,
    0x78, 0x80, 0x54, 0xbe, 0x72, 0x30, 0xff, 0x19, 0x2d, 0x3c, 0x27, 0xd2, 0xcc, 0x29, 0x32, 0x73,
    0x1a, 0x65, 0x65, 0x24, 0xf4, 0xd5, 0x09, 0xc5, 0x0b, 0x04, 0x74, 0xc3, 0xf0, 0x1c, 0x61, 0x15,
    0x08, 0xbb, 0xd8, 0xb3, 0x92, 0x13, 0xaf, 0x93, 0x44, 0xeb, 0x87, 0xd6, 0xf2, 0x40, 0xcc, 0xce,
    0x76, 0xa6, 0xd3, 0x57, 0x37, 0x5b, 0x4f, 0xfb, 0x43, 0xfc, 0x13, 0x77, 0xb9, 0x04, 0x04, 0x00,
    0x21, 0xf9, 0x04, 0x01, 0x08, 0x00, 0x20, 0x00, 0x2c, 0x31, 0x00, 0x36, 0x00, 0x46, 0x00, 0x42,
    0x00, 0x84, 0xff, 0xff, 0xff, 0xff, 0xff, 0xfe, 0xfe, 0xfe, 0xfe, 0xfd, 0xfd, 0xfd, 0xfd, 0xfd,
    0xfb, 0xfd, 0xfd, 0xfa, 0xfc, 0xfc, 0xfb, 0xfb, 0xfb, 0xfa, 0xfa, 0xfa, 0xfa, 0xfa, 0xfa, 0xf8,
    0xfa, 0xfa, 0xf7, 0xf9, 0xf9, 0xf8, 0xf9, 0xf9, 0xf7, 0xf9, 0xf9, 0xf6, 0xf8, 0xf8, 0xf6, 0xf4,
    0xf4, 0xf3, 0xed, 0xed, 0xeb, 0xe6, 0xe6, 0xe5, 0xdb, 0xdb, 0xda, 0xd2, 0xd2, 0xd2, 0xc8, 0xc8,
    0xc8, 0xac, 0xac, 0xac, 0x91, 0x91, 0x91, 0x66, 0x66, 0x66, 0x45, 0x45, 0x45, 0x3b, 0x3b, 0x3b,
    0x33, 0x33, 0x33, 0x2f, 0x2f, 0x30, 0x1e, 0x1e, 0x1f, 0x0d, 0x0d, 0x0d, 0x0a, 0x0a, 0x0a, 0x03,
    0x03, 0x03, 0x08, 0xff, 0x00, 0x41, 0x08, 0x1c, 0x48, 0xb0, 0x20, 0x41, 0x0c, 0x06, 0x13, 0x2a,
    0x5c, 0x98, 0x61, 0xa1, 0xc3, 0x87, 0x0a, 0x39, 0x6c, 0x80, 0x48, 0x11, 0x84, 0x86, 0x0d, 0x17,
    0x2b, 0x6a, 0x4c, 0x68, 0xa1, 0x82, 0x85, 0x86, 0x1b, 0x1f, 0x72, 0xb8, 0x50, 0x21, 0xa4, 0x49,
    0x00, 0x12, 0x10, 0x9a, 0x5c, 0xe8, 0xe1, 0x43, 0x87, 0x0b, 0x0f, 0x56, 0x3a, 0x3c, 0x60, 0xc0,
    0x01, 0x00, 0x07, 0x17, 0x40, 0x7c, 0x90, 0xe9, 0xb0, 0x65, 0x07, 0x0b, 0x00, 0x0c, 0x2c, 0x30,
    0xc0, 0x73, 0x60, 0x50, 0x94, 0x19, 0x3e, 0x78, 0xe8, 0x50, 0x54, 0xe1, 0x52, 0x9d, 0x30, 0x83,
    0x36, 0x3d, 0x4a, 0x81, 0x83, 0xcb, 0xa6, 0x3d, 0x41, 0x74, 0xf8, 0x90, 0x41, 0x82, 0x54, 0x99,
    0x00, 0x0e, 0x00, 0xb0, 0xa0, 0x93, 0x29, 0xd6, 0x87, 0x4b, 0x5d, 0x52, 0x08, 0xbb, 0x32, 0xec,
    0x58, 0xa5, 0x66, 0xcf, 0xa2, 0xdd, 0xda, 0x61, 0x2d, 0xd1, 0x8d, 0x47, 0x2b, 0xec, 0x94, 0xab,
    0x31, 0x6d, 0x87, 0x09, 0x00, 0x06, 0x68, 0xa4, 0x0a, 0x37, 0xa1, 0x07, 0x83, 0x71, 0xb1, 0xa6,
    0xe5, 0x00, 0x01, 0x84, 0x00, 0x8a, 0x81, 0x01, 0x44, 0xb0, 0x9a, 0x58, 0xe0, 0xd2, 0xc3, 0x05,
    0x77, 0x56, 0xe6, 0x99, 0x16, 0xc3, 0xd7, 0x87, 0x41, 0x07, 0x60, 0xb8, 0x5a, 0x30, 0xad, 0x07,
    0x0c, 0x64, 0x29, 0x78, 0xd4, 0x50, 0x56, 0x6e, 0x5a, 0xa0, 0x77, 0x17, 0x1e, 0xb5, 0x40, 0x9a,
    0x60, 0xe7, 0x09, 0x05, 0x83, 0x56, 0xd8, 0x50, 0xbb, 0x69, 0x5a, 0xbb, 0xb2, 0x07, 0x08, 0x90,
    0xb0, 0x19, 0x44, 0xda, 0x9c, 0x81, 0x0f, 0x08, 0x34, 0xa0, 0x1c, 0x00, 0x84, 0xa4, 0xc5, 0x4d,
    0xa6, 0xcd, 0x70, 0x40, 0xb8, 0xc2, 0xa3, 0x17, 0x7a, 0x1b, 0xdf, 0x7a, 0x01, 0x00, 0x88, 0xd8,
    0x46, 0xc5, 0x3e, 0xff, 0xd7, 0x2e, 0xf3, 0xf5, 0x67, 0x82, 0x84, 0x2b, 0x4f, 0x17, 0x60, 0x3d,
    0xe1, 0x51, 0xe2, 0x7c, 0x8d, 0x33, 0x76, 0x6c, 0x30, 0xf2, 0x68, 0xf5, 0x5b, 0xd7, 0x2a, 0x97,
    0x8d, 0x00, 0x40, 0xf6, 0xe8, 0x21, 0x99, 0xb7, 0x9f, 0x51, 0x03, 0x00, 0x80, 0x9b, 0x41, 0x69,
    0x6d, 0xe0, 0x00, 0x7d, 0xc1, 0x09, 0x70, 0xe0, 0x59, 0x09, 0x2e, 0xf8, 0x58, 0x78, 0xfe, 0x69,
    0x77, 0xdc, 0x79, 0xee, 0x39, 0xe6, 0x00, 0x6f, 0x00, 0x6e, 0x94, 0x56, 0x05, 0x9f, 0x01, 0x20,
    0x00, 0x00, 0x0f, 0x58, 0x85, 0xe0, 0x56, 0x40, 0x0d, 0xd8, 0xe0, 0x7d, 0x10, 0x6e, 0xe5, 0x99,
    0x60, 0x02, 0xe5, 0x45, 0x9e, 0x80, 0x10, 0xd9, 0x47, 0x1e, 0x67, 0x1d, 0x44, 0x20, 0x62, 0x8c,
    0x62, 0xfd, 0x77, 0xe2, 0x07, 0xdd, 0x81, 0x77, 0x9d, 0x00, 0x0b, 0x68, 0x70, 0xe3, 0x4a, 0x1f,
    0x7e, 0x25, 0xe2, 0x00, 0xd0, 0xfd, 0x98, 0x81, 0x01, 0x30, 0x36, 0x18, 0x41, 0x87, 0xd2, 0x71,
    0xc7, 0x56, 0x64, 0x53, 0xf6, 0xf4, 0xc1, 0x04, 0x02, 0x08, 0x99, 0x9b, 0x58, 0xb4, 0x51, 0xe9,
    0xe1, 0x56, 0x19, 0x20, 0xf0, 0x58, 0x7a, 0x4e, 0x59, 0x89, 0x80, 0x6c, 0x20, 0x0c, 0xf0, 0x00,
    0x87, 0xf1, 0xb5, 0xc4, 0xc1, 0x03, 0x22, 0xba, 0x15, 0x26, 0x4b, 0x28, 0x02, 0x60, 0x66, 0x7d,
    0x03, 0x18, 0x50, 0xa1, 0x98, 0x48, 0xae, 0x55, 0x20, 0x98, 0x47, 0x0e, 0xd4, 0x12, 0x50, 0x02,
    0xd0, 0xe4, 0x58, 0x9f, 0xcd, 0xf9, 0x18, 0xdf, 0x76, 0x1f, 0xd8, 0x85, 0x5d, 0xa1, 0x86, 0x7e,
    0x60, 0xc1, 0x02, 0xf5, 0x45, 0xe0, 0xe8, 0xa3, 0x02, 0xda, 0x08, 0x68, 0x4b, 0x1b, 0x58, 0x40,
    0x01, 0x08, 0x10, 0x44, 0x40, 0xc1, 0x05, 0x94, 0x3d, 0x6a, 0x68, 0x9e, 0x62, 0x15, 0xc8, 0x22,
    0x44, 0x4f, 0xe9, 0xff, 0x04, 0x02, 0x07, 0x66, 0x51, 0xea, 0x1b, 0xab, 0x9e, 0x56, 0x84, 0x19,
    0x53, 0x4a, 0x69, 0xa5, 0x6a, 0x69, 0xb8, 0xba, 0x6a, 0xeb, 0xaf, 0x63, 0x5a, 0xea, 0x96, 0xb0,
    0x80, 0x12, 0x4b, 0x51, 0xa7, 0x84, 0x26, 0xab, 0xec, 0x5c, 0x91, 0x1e, 0xd5, 0xec, 0xb3, 0x10,
    0x46, 0xeb, 0xa7, 0x9f, 0x14, 0x0c, 0x4b, 0x2d, 0xac, 0x1d, 0x40, 0x50, 0x67, 0x81, 0x12, 0x6c,
    0x7b, 0xeb, 0x07, 0x0a, 0x4e, 0x28, 0x22, 0x02, 0x70, 0x8a, 0x5b, 0x25, 0x90, 0x4a, 0xfa, 0xb9,
    0xa9, 0xba, 0x7d, 0x6d, 0x05, 0xe2, 0x7e, 0x6e, 0xe9, 0xe5, 0x2c, 0xbc, 0xb6, 0x79, 0x05, 0x63,
    0x9d, 0x59, 0xe2, 0x1b, 0x2f, 0x57, 0x6d, 0xa2, 0xe7, 0xae, 0xb6, 0xfe, 0xd2, 0x68, 0x14, 0xb6,
    0x04, 0xe3, 0x2b, 0x67, 0x63, 0x13, 0x1a, 0x95, 0xa8, 0x91, 0xf7, 0x6e, 0x7b, 0xa1, 0x97, 0x32,
    0x46, 0x2c, 0xae, 0x07, 0x12, 0xb0, 0x57, 0x1f, 0x7b, 0x0b, 0x34, 0xe9, 0x6f, 0x9a, 0xec, 0x7a,
    0x19, 0x23, 0xc2, 0x16, 0xff, 0x7a, 0x19, 0x63, 0xed, 0xb9, 0x37, 0x70, 0xc9, 0x9c, 0xca, 0x8b,
    0x61, 0x6e, 0xec, 0x41, 0x90, 0xee, 0xc7, 0x96, 0x71, 0xd7, 0x67, 0x8d, 0x05, 0x66, 0x4b, 0xf3,
    0xaa, 0x1f, 0xcc, 0xd7, 0xb0, 0x43, 0xb3, 0x25, 0x1c, 0x67, 0x07, 0x4b, 0x01, 0x16, 0x65, 0x8d,
    0x3d, 0x0a, 0xcd, 0x57, 0x4b, 0xf3, 0xe2, 0x95, 0xe8, 0x9f, 0xf0, 0x5e, 0xf6, 0x41, 0xd3, 0x21,
    0x89, 0x38, 0xb0, 0xaf, 0xd4, 0x4a, 0x4d, 0xf5, 0x49, 0xec, 0x8d, 0xd5, 0x9a, 0xb2, 0x7e, 0x6d,
    0xdd, 0x56, 0xd7, 0x15, 0xa4, 0xaa, 0xea, 0x61, 0x5b, 0x69, 0x00, 0x98, 0x8a, 0x3c, 0xb9, 0x25,
    0x41, 0x43, 0x4a, 0xcf, 0x05, 0x15, 0x9d, 0x6c, 0x17, 0xe5, 0xd6, 0x01, 0x16, 0x58, 0x15, 0x2b,
    0x67, 0xbe, 0x92, 0x76, 0x5b, 0x52, 0x60, 0x8f, 0x02, 0x2e, 0xd9, 0x05, 0xbc, 0x62, 0xed, 0x61,
    0xdf, 0x1c, 0x58, 0xd0, 0x5f, 0xca, 0x81, 0x13, 0x65, 0x20, 0xaa, 0x02, 0xed, 0x65, 0x78, 0x69,
    0x02, 0x11, 0x1d, 0xb9, 0x06, 0x16, 0x44, 0x00, 0xc2, 0xcb, 0x81, 0x77, 0xb9, 0xf9, 0x03, 0x15,
    0x60, 0xc0, 0x01, 0x41, 0xbd, 0x0e, 0x64, 0xf9, 0x40, 0x3d, 0x5f, 0x40, 0x81, 0xe3, 0x06, 0xfc,
    0xfc, 0x6c, 0x72, 0x31, 0x42, 0x40, 0x81, 0x05, 0x18, 0x6c, 0x40, 0x2b, 0xe9, 0x1d, 0x70, 0x90,
    0x01, 0x6a, 0x14, 0xc4, 0xb4, 0xf9, 0x01, 0xae, 0x8b, 0x6b, 0x75, 0x94, 0x41, 0x41, 0x10, 0xee,
    0x40, 0x14, 0x44, 0xd0, 0x98, 0x51, 0xdf, 0x05, 0xef, 0xaf, 0xd5, 0xd5, 0x01, 0xcd, 0x1c, 0xe3,
    0x3b, 0xd7, 0xb7, 0x28, 0x41, 0x50, 0x3a, 0xdf, 0x54, 0x40, 0x00, 0x21, 0xf9, 0x04, 0x01, 0x10,
    0x00, 0x20, 0x00, 0x2c, 0x0d, 0x00, 0x0e, 0x00, 0x89, 0x00, 0x8a, 0x00, 0x84, 0xff, 0xff, 0xff,
    0xff, 0xff, 0xfe, 0xfe, 0xfe, 0xfe, 0xfd, 0xfd, 0xfd, 0xfd, 0xfd, 0xfb, 0xfd, 0xfd, 0xfa, 0xfc,
    0xfc, 0xfb, 0xfb, 0xfb, 0xfa, 0xfa, 0xfa, 0xfa, 0xfa, 0xfa, 0xf8, 0xfa, 0xfa, 0xf7, 0xf9, 0xf9,
    0xf8, 0xf9, 0xf9, 0xf7, 0xf9, 0xf9, 0xf6, 0xf8, 0xf8, 0xf6, 0xf4, 0xf4, 0xf2, 0xed, 0xed, 0xeb,
    0xe6, 0xe6, 0xe5, 0xdb, 0xdb, 0xdb, 0xd3, 0xd3, 0xd3, 0xca, 0xca, 0xca, 0xaf, 0xaf, 0xaf, 0x92,
    0x92, 0x92, 0x65, 0x65, 0x65, 0x45, 0x45, 0x45, 0x3b, 0x3b, 0x3b, 0x33, 0x33, 0x33, 0x30, 0x30,
    0x30, 0x1f, 0x1f, 0x1f, 0x0d, 0x0d, 0x0d, 0x0a, 0x0a, 0x0a, 0x03, 0x03, 0x03, 0x08, 0xff, 0x00,
    0x41, 0x08, 0x1c, 0x48, 0xb0, 0xa0, 0xc1, 0x83, 0x08, 0x13, 0x2a, 0x2c, 0xf8, 0xa0, 0x21, 0xc2,
    0x86, 0x0f, 0x16, 0x4a, 0x9c, 0x48, 0xb1, 0xa2, 0xc5, 0x8b, 0x18, 0x41, 0x44, 0xa4, 0x20, 0x61,
    0x02, 0x85, 0x8f, 0x20, 0x3a, 0x4e, 0x90, 0x20, 0x72, 0x02, 0x88, 0x8f, 0x1f, 0x25, 0x70, 0xcc,
    0xc8, 0xb2, 0xa5, 0xcb, 0x97, 0x05, 0x27, 0x78, 0xa4, 0x60, 0xd2, 0x21, 0xc5, 0x88, 0x33, 0x65,
    0xc2, 0xdc, 0xc9, 0x93, 0xe7, 0x03, 0x95, 0x2b, 0x21, 0xf4, 0xd4, 0x28, 0xf0, 0xe3, 0x04, 0xa1,
    0x43, 0x93, 0x2a, 0x25, 0xf8, 0x93, 0x42, 0x05, 0x0a, 0x4b, 0x0f, 0x3a, 0xa5, 0x19, 0xb5, 0x2a,
    0xcc, 0x09, 0x4f, 0xad, 0x2a, 0x9c, 0xaa, 0xb5, 0x2b, 0x45, 0x90, 0x5e, 0x25, 0x62, 0x95, 0x10,
    0xb6, 0xac, 0x40, 0xac, 0x13, 0x22, 0x9a, 0x95, 0x28, 0xe1, 0xa9, 0xda, 0xb5, 0x4b, 0xb1, 0x52,
    0x78, 0x0b, 0x57, 0x6c, 0xd6, 0xba, 0x43, 0x3f, 0xd2, 0xc5, 0x3b, 0xd1, 0x23, 0xdf, 0x97, 0x3f,
    0x25, 0xec, 0xfd, 0x4b, 0x58, 0x2b, 0xd9, 0xc2, 0x2d, 0x49, 0x22, 0x96, 0xf8, 0xc0, 0xe4, 0xe2,
    0x97, 0x8e, 0x1f, 0x4b, 0x95, 0x0c, 0x98, 0x2a, 0xe5, 0xb3, 0x50, 0x2f, 0x43, 0x9e, 0x2b, 0xf9,
    0x41, 0x66, 0xcd, 0x3b, 0x3f, 0x23, 0x16, 0x0c, 0xba, 0xe7, 0x61, 0xc2, 0x3f, 0x4b, 0x27, 0x3d,
    0x8d, 0x97, 0xb5, 0xea, 0x9e, 0xa9, 0xeb, 0x2a, 0x7e, 0x1d, 0x17, 0xee, 0x6c, 0xda, 0xb5, 0xcb,
    0xde, 0xc6, 0x9d, 0xbb, 0xeb, 0x6e, 0xde, 0xbd, 0x81, 0x0b, 0x1f, 0x4e, 0x9c, 0xa2, 0x6b, 0xd8,
    0xc7, 0x8b, 0xaf, 0x8e, 0xca, 0x59, 0xb9, 0x55, 0xd1, 0x3c, 0x23, 0x3b, 0xaf, 0xfa, 0xa0, 0x42,
    0x52, 0xe9, 0xd3, 0xab, 0x42, 0x6f, 0xe9, 0x39, 0xbb, 0x57, 0xcb, 0x90, 0xbd, 0x87, 0xff, 0xdd,
    0x2e, 0xbe, 0x74, 0xf7, 0xf2, 0xbc, 0x93, 0x57, 0x1c, 0x8c, 0x3e, 0x2a, 0x76, 0x8b, 0xea, 0xdb,
    0x2f, 0xb5, 0x8e, 0xb1, 0xb9, 0xfc, 0xae, 0x2b, 0xe1, 0xbf, 0xbf, 0x5f, 0x95, 0x7e, 0xc5, 0x0a,
    0xec, 0xf1, 0x37, 0x1f, 0x79, 0x08, 0xf9, 0x25, 0x60, 0x58, 0x00, 0x4e, 0x54, 0xdd, 0x81, 0x61,
    0x55, 0x47, 0x60, 0x41, 0x16, 0x6c, 0x80, 0x18, 0x06, 0xd9, 0x59, 0x30, 0x91, 0x05, 0x1c, 0x6c,
    0xc0, 0xc1, 0x86, 0x1c, 0x76, 0xe8, 0xe1, 0x87, 0x20, 0x86, 0x28, 0x62, 0x87, 0x20, 0x48, 0x08,
    0x93, 0x06, 0x25, 0x8e, 0xa8, 0xe2, 0x8a, 0x1f, 0x6a, 0x78, 0x41, 0x7c, 0x03, 0x5d, 0x20, 0xa1,
    0x05, 0x34, 0xd6, 0x68, 0xe3, 0x8d, 0x38, 0xe6, 0xa8, 0xe3, 0x8e, 0x34, 0x56, 0x70, 0x01, 0x8b,
    0x40, 0x6e, 0xb8, 0x81, 0x05, 0x15, 0xf0, 0x68, 0xe4, 0x91, 0x36, 0x0e, 0x94, 0x60, 0x42, 0x99,
    0x59, 0xc8, 0x17, 0x00, 0x18, 0x7e, 0xd0, 0x93, 0x07, 0x1f, 0x64, 0xe0, 0x9f, 0x55, 0x15, 0xcc,
    0xb8, 0xd0, 0x05, 0x45, 0xc1, 0x85, 0xc0, 0x02, 0x00, 0x50, 0x20, 0xa1, 0x94, 0x4a, 0x7d, 0x80,
    0x41, 0x04, 0x00, 0x38, 0x70, 0x80, 0x01, 0x5a, 0xd9, 0x87, 0x10, 0x97, 0x6b, 0x0d, 0x00, 0x02,
    0x94, 0x54, 0x56, 0xd5, 0x01, 0x08, 0x1c, 0x58, 0x37, 0x80, 0x00, 0x51, 0x45, 0x08, 0xc2, 0x95,
    0x05, 0x59, 0xb7, 0x01, 0xa0, 0x5d, 0xc9, 0xf9, 0x00, 0x97, 0x1e, 0xdc, 0x19, 0x95, 0x07, 0x02,
    0x7d, 0x60, 0xe1, 0x9e, 0xb9, 0xbd, 0xc8, 0x9e, 0x8c, 0x70, 0xc9, 0x09, 0x41, 0x06, 0x66, 0x75,
    0xf0, 0x01, 0x97, 0x06, 0xf0, 0xa9, 0x14, 0x9c, 0x14, 0x20, 0x65, 0xd0, 0x06, 0x70, 0x86, 0x65,
    0x69, 0x06, 0x64, 0x86, 0x95, 0xe8, 0xa6, 0x20, 0x40, 0x9a, 0x94, 0x9f, 0x84, 0xfe, 0xff, 0x59,
    0xa2, 0x93, 0x5e, 0x09, 0x20, 0xc0, 0xa5, 0x1f, 0x28, 0x5a, 0xd6, 0xaa, 0x9c, 0x2a, 0x95, 0x99,
    0xa4, 0x10, 0x4a, 0xb8, 0xdf, 0x52, 0x00, 0x1c, 0x00, 0xc0, 0x05, 0xa9, 0x1a, 0xc4, 0x68, 0x55,
    0xab, 0x5a, 0x50, 0x6c, 0x52, 0x6a, 0x5d, 0xf0, 0x1e, 0xa5, 0x61, 0x15, 0x0b, 0x65, 0x42, 0x89,
    0x1e, 0xb4, 0x2c, 0x4f, 0xab, 0x52, 0x00, 0x00, 0x9b, 0x43, 0xc1, 0x5a, 0x10, 0x59, 0xa4, 0x96,
    0x15, 0xa6, 0x42, 0x54, 0x72, 0x70, 0xc1, 0x53, 0x14, 0x58, 0x70, 0xc1, 0x9d, 0xdb, 0xf2, 0xc4,
    0x41, 0x04, 0x03, 0xc8, 0xd9, 0x53, 0x96, 0x20, 0xd0, 0x2a, 0x90, 0xa0, 0xb1, 0x2a, 0x25, 0xc0,
    0x00, 0x10, 0x70, 0x90, 0x2b, 0x42, 0x1d, 0x58, 0xb0, 0x17, 0x00, 0x11, 0x20, 0x9a, 0x14, 0x85,
    0xcb, 0x81, 0x00, 0xac, 0x40, 0x7e, 0x0e, 0x3b, 0xd4, 0xb7, 0xc7, 0x0e, 0x7c, 0x50, 0x07, 0x50,
    0x01, 0x50, 0x10, 0x9b, 0xd7, 0xc6, 0xeb, 0xd2, 0xaa, 0x15, 0x7c, 0x0b, 0xdb, 0x40, 0xa2, 0x51,
    0x5b, 0xe8, 0x49, 0x1e, 0x78, 0x0c, 0x42, 0xca, 0x18, 0x03, 0x80, 0x80, 0xa7, 0x04, 0x0d, 0x80,
    0x40, 0xc7, 0x43, 0x6d, 0xf0, 0x80, 0xab, 0x3b, 0x51, 0xfa, 0x59, 0x44, 0xe5, 0x6a, 0x05, 0xc0,
    0x00, 0x00, 0x60, 0x60, 0xf1, 0x40, 0x20, 0xbb, 0x9c, 0x90, 0xcb, 0x15, 0xeb, 0xfa, 0x92, 0xa6,
    0xce, 0x82, 0xbb, 0x13, 0xac, 0x87, 0x99, 0x34, 0x64, 0x57, 0x6c, 0x3e, 0x08, 0x02, 0xa6, 0x12,
    0xd5, 0x0b, 0x41, 0x07, 0x2a, 0xb3, 0x94, 0x32, 0x07, 0x10, 0xd8, 0xca, 0x13, 0x7d, 0x16, 0x90,
    0x06, 0xd5, 0xd4, 0x56, 0x51, 0x8c, 0xac, 0xd2, 0x2b, 0x33, 0x0d, 0xc2, 0x01, 0x0b, 0xa9, 0x3d,
    0xf4, 0xc7, 0x4c, 0x3f, 0x1b, 0x1a, 0xc4, 0x87, 0xf9, 0x69, 0xf5, 0x4e, 0x7c, 0x46, 0xff, 0xc0,
    0xb5, 0xb2, 0x29, 0x4f, 0xf0, 0x73, 0xdc, 0xc6, 0xea, 0xcb, 0x53, 0x06, 0xf5, 0x26, 0x25, 0x2d,
    0xc4, 0x12, 0xee, 0xfd, 0x92, 0xb5, 0x16, 0xb2, 0xbd, 0x32, 0x9e, 0x10, 0x00, 0x00, 0x73, 0x42,
    0x06, 0x9c, 0x3b, 0x25, 0x95, 0xde, 0x3a, 0xed, 0x12, 0xcf, 0x8b, 0x3b, 0x6c, 0x62, 0xda, 0xf5,
    0xa2, 0x2a, 0x39, 0xa3, 0x1c, 0x3c, 0x60, 0xb9, 0x44, 0x55, 0x27, 0xa5, 0x29, 0x97, 0x70, 0xe7,
    0xdc, 0x38, 0x59, 0x94, 0x06, 0xc8, 0x53, 0xdf, 0x7f, 0x03, 0xde, 0x81, 0x04, 0x83, 0x2f, 0x64,
    0x6c, 0xbf, 0x2f, 0x21, 0x7e, 0xb9, 0x4b, 0x3a, 0xd3, 0x2e, 0xa1, 0xed, 0x3b, 0x65, 0x0e, 0x3c,
    0xc8, 0x02, 0xc4, 0x7e, 0xb4, 0xb1, 0x6b, 0x6f, 0xde, 0x01, 0x9a, 0xf6, 0xbe, 0x54, 0xbc, 0x40,
    0x3d, 0x47, 0x25, 0xb7, 0xe4, 0x02, 0xdd, 0x79, 0x81, 0xdd, 0x09, 0xfd, 0xeb, 0x80, 0xc0, 0x43,
    0x15, 0xed, 0x79, 0x4b, 0x50, 0x83, 0x4e, 0x7a, 0xd0, 0x73, 0x13, 0xc4, 0xb2, 0xe0, 0xce, 0x1b,
    0x84, 0xb4, 0xe1, 0x3c, 0xb9, 0x1d, 0x3f, 0xfa, 0x12, 0x56, 0x40, 0x5a, 0xf6, 0x4b, 0xd9, 0xfa,
    0x80, 0xc0, 0xdc, 0x23, 0x88, 0x06, 0x2a, 0x77, 0x3f, 0x81, 0x18, 0x8d, 0x02, 0xb9, 0x1b, 0xca,
    0xeb, 0x7a, 0x02, 0x35, 0xec, 0x95, 0xaa, 0x7f, 0x1a, 0x21, 0x9f, 0x42, 0xee, 0x94, 0x01, 0xd5,
    0x09, 0x44, 0x4e, 0xff, 0x32, 0x40, 0xd5, 0x34, 0x15, 0x40, 0x98, 0x50, 0xa8, 0x7a, 0x2e, 0x69,
    0x60, 0x89, 0x1e, 0xa8, 0x14, 0x39, 0x51, 0x20, 0x65, 0x12, 0xb9, 0x93, 0x06, 0xc8, 0x03, 0x80,
    0x0a, 0x00, 0xb0, 0x2a, 0xa9, 0x13, 0xdb, 0x4b, 0x44, 0xc8, 0x3f, 0xa5, 0xb0, 0x09, 0x78, 0x06,
    0xb9, 0x53, 0x07, 0x30, 0x50, 0x01, 0x93, 0x40, 0xa0, 0x5d, 0x98, 0x6a, 0xdf, 0x94, 0xff, 0x28,
    0xb7, 0xba, 0x19, 0xe6, 0xef, 0x30, 0x35, 0x4c, 0x4a, 0xeb, 0x2c, 0xb2, 0xac, 0x0e, 0x6c, 0x48,
    0x55, 0x44, 0x1c, 0x5e, 0x46, 0x68, 0x48, 0x42, 0x25, 0x9e, 0xe4, 0x22, 0xcb, 0x62, 0xd4, 0x07,
    0x18, 0xd5, 0x41, 0x6e, 0x45, 0x11, 0x26, 0xf8, 0xd2, 0x9f, 0xe8, 0x88, 0x12, 0x95, 0x25, 0xbe,
    0x06, 0x75, 0x95, 0x93, 0x22, 0x46, 0xf4, 0x66, 0x92, 0xda, 0x55, 0xc5, 0x8c, 0xaa, 0x41, 0x9d,
    0xea, 0xd4, 0x78, 0x11, 0x9d, 0xb5, 0xf1, 0x78, 0x55, 0xe1, 0x53, 0xc0, 0x92, 0x55, 0x1a, 0x0c,
    0xfc, 0x4b, 0x76, 0x27, 0x49, 0x4b, 0xc4, 0xf2, 0x18, 0x41, 0x3e, 0x5e, 0xe6, 0x4e, 0x1f, 0x84,
    0x49, 0xb4, 0x74, 0xa2, 0xb7, 0xaa, 0xfc, 0x4c, 0x00, 0x42, 0xeb, 0x62, 0x61, 0xec, 0xc7, 0x13,
    0x52, 0x75, 0x44, 0x56, 0x83, 0x72, 0x64, 0xe6, 0xa2, 0x07, 0x9a, 0xa2, 0x15, 0x10, 0x23, 0x8e,
    0x29, 0x1b, 0x59, 0xce, 0x46, 0xbf, 0xa1, 0xfc, 0xee, 0x8c, 0x29, 0xe3, 0x1d, 0x08, 0x59, 0xd2,
    0xa4, 0xdb, 0x24, 0x71, 0x28, 0x72, 0x92, 0x00, 0x0a, 0x55, 0xb3, 0x81, 0x97, 0x3d, 0xed, 0x88,
    0x31, 0xc2, 0xa3, 0xf6, 0x04, 0x80, 0x80, 0x0d, 0x08, 0x71, 0x31, 0x0b, 0x3c, 0x1f, 0x4b, 0xec,
    0x98, 0xcb, 0x90, 0x38, 0x12, 0x7a, 0xbf, 0x2c, 0x8c, 0xf9, 0xf2, 0x12, 0x19, 0xfa, 0xe0, 0x10,
    0x26, 0x72, 0x9a, 0xc0, 0x2c, 0x35, 0xb3, 0x01, 0x07, 0xc8, 0x30, 0x67, 0x1d, 0x51, 0x8b, 0xd4,
    0x4a, 0xd9, 0x93, 0x9f, 0xb1, 0x4f, 0x92, 0x75, 0xa9, 0xdb, 0x27, 0x31, 0x42, 0xb6, 0x4b, 0x0a,
    0x44, 0x7d, 0x56, 0x39, 0xe5, 0x65, 0x58, 0xa6, 0xca, 0x5b, 0xfe, 0x69, 0x24, 0x04, 0xa1, 0x14,
    0x8c, 0x60, 0x62, 0x2b, 0x07, 0xf8, 0x12, 0x9c, 0x99, 0xda, 0x94, 0xc8, 0x00, 0x09, 0xff, 0x9e,
    0x7d, 0x95, 0xe8, 0x99, 0x8f, 0x53, 0x1e, 0x65, 0xd8, 0xf9, 0x47, 0x98, 0x1c, 0xe6, 0x45, 0x69,
    0x21, 0x08, 0xb9, 0xaa, 0x98, 0x14, 0x8a, 0x45, 0x12, 0x31, 0xcd, 0xda, 0x27, 0x18, 0x67, 0x64,
    0xce, 0x78, 0x8e, 0xce, 0x2a, 0x7b, 0x92, 0x65, 0xd7, 0xf0, 0xb2, 0x81, 0x05, 0x80, 0x80, 0x8e,
    0x18, 0xb1, 0xe3, 0x71, 0xc2, 0xe8, 0xb3, 0xcc, 0x71, 0x73, 0x2d, 0x29, 0xf3, 0x80, 0xb7, 0x56,
    0x09, 0x93, 0x17, 0x91, 0x67, 0xa1, 0x5d, 0xd9, 0x1e, 0x5f, 0x22, 0x2a, 0x4c, 0xfc, 0xe5, 0xab,
    0xa2, 0x05, 0x81, 0xd3, 0x3c, 0xf9, 0x06, 0x30, 0x0d, 0x24, 0x53, 0x2b, 0xbc, 0x7a, 0xdb, 0x50,
    0x40, 0x05, 0xcf, 0x83, 0x08, 0xea, 0xa4, 0x43, 0x61, 0xd3, 0x04, 0x38, 0x08, 0x17, 0x0a, 0xde,
    0x0c, 0xa4, 0xf5, 0x11, 0x88, 0x4b, 0x17, 0x23, 0x32, 0x04, 0xfe, 0x54, 0x29, 0xd9, 0xca, 0x40,
    0xe5, 0x58, 0x4a, 0xbc, 0x7d, 0xe1, 0xd4, 0x20, 0xe2, 0x8a, 0x29, 0xdc, 0xac, 0xaa, 0x2a, 0x0a,
    0x6e, 0x75, 0x29, 0xd2, 0x2a, 0x2a, 0x42, 0x0e, 0x5a, 0x2d, 0xb8, 0x4d, 0x00, 0x45, 0x5e, 0x79,
    0xdd, 0x59, 0xc3, 0x45, 0x51, 0xc7, 0x71, 0x29, 0x93, 0x5e, 0x11, 0x19, 0x04, 0x10, 0x85, 0x4f,
    0x8c, 0x2c, 0xcb, 0x51, 0x73, 0xe2, 0x2a, 0x4f, 0x68, 0xb2, 0xd3, 0x5f, 0x99, 0x85, 0x63, 0x16,
    0x68, 0x62, 0x52, 0x50, 0xa7, 0x27, 0xa8, 0xb2, 0xc4, 0x4f, 0x65, 0x73, 0x9c, 0x54, 0xff, 0x69,
    0x96, 0x7f, 0x01, 0x60, 0x02, 0x14, 0x92, 0x52, 0x5f, 0xb1, 0x05, 0x02, 0x78, 0x5d, 0x40, 0x28,
    0xe3, 0xec, 0x09, 0x4d, 0x24, 0x56, 0x10, 0xc3, 0x9a, 0x45, 0x64, 0x2d, 0x34, 0x11, 0x17, 0xbd,
    0x06, 0x02, 0x33, 0x65, 0xac, 0xa6, 0xee, 0x8c, 0xac, 0x45, 0x2c, 0x84, 0x57, 0xb3, 0xff, 0x24,
    0x0e, 0x01, 0x15, 0xc0, 0x40, 0x16, 0x2b, 0x92, 0xbb, 0x0e, 0xac, 0x6b, 0x20, 0x8e, 0x6d, 0x49,
    0x64, 0x64, 0x42, 0x5a, 0x83, 0xec, 0x34, 0x6d, 0x03, 0xb9, 0xac, 0x8c, 0xe2, 0x65, 0xc8, 0x82,
    0x74, 0x20, 0x03, 0x16, 0x88, 0x80, 0x40, 0x0a, 0x1a, 0x15, 0x38, 0xc9, 0xf6, 0x22, 0x90, 0xc5,
    0x8b, 0x00, 0x3a, 0x25, 0x90, 0x03, 0x60, 0xe5, 0x02, 0x18, 0x78, 0x22, 0x41, 0x3e, 0xf0, 0xc4,
    0x75, 0x49, 0x57, 0x20, 0x1a, 0xd4, 0x0a, 0xbe, 0x10, 0x7a, 0x5c, 0x86, 0x90, 0xec, 0x49, 0x03,
    0x88, 0x1f, 0x00, 0x1e, 0xf0, 0x43, 0x94, 0x80, 0xc4, 0x01, 0x04, 0x69, 0x5e, 0x58, 0x18, 0xa6,
    0x3f, 0xc9, 0x4e, 0xe6, 0x31, 0x72, 0x32, 0x80, 0x60, 0x2f, 0x08, 0x02, 0x01, 0x97, 0xc5, 0xba,
    0x2a, 0x69, 0xef, 0x41, 0xb2, 0x4b, 0xd5, 0x8f, 0x1e, 0x24, 0xb8, 0x4a, 0x59, 0x2f, 0x71, 0x91,
    0xb7, 0x10, 0xb5, 0xd4, 0x96, 0x41, 0x17, 0x69, 0xa6, 0x4a, 0xae, 0x32, 0x90, 0xe2, 0x62, 0xd8,
    0x20, 0x6f, 0x89, 0xac, 0x82, 0x15, 0x82, 0x2f, 0x32, 0x7e, 0xf8, 0x42, 0x12, 0x42, 0x68, 0x42,
    0x01, 0xc9, 0xd0, 0x13, 0x83, 0xd5, 0x44, 0x34, 0xf1, 0xef, 0x4d, 0xac, 0xeb, 0x62, 0x12, 0x2b,
    0x29, 0xc1, 0x0d, 0x43, 0x5b, 0x8d, 0x4b, 0x6b, 0xa2, 0xc8, 0x7a, 0x38, 0x23, 0xcd, 0xdc, 0x31,
    0x41, 0x22, 0x53, 0x36, 0x99, 0x50, 0x38, 0x23, 0x11, 0xf1, 0x0f, 0x40, 0xef, 0x73, 0x1a, 0x15,
    0xab, 0x57, 0x49, 0x3b, 0x8e, 0x8c, 0x93, 0xbb, 0xe2, 0x1f, 0xa4, 0xb6, 0xe7, 0x33, 0x08, 0x95,
    0x31, 0x18, 0xb1, 0x67, 0x65, 0xf1, 0x94, 0x38, 0xcb, 0x6b, 0xf1, 0xcf, 0x05, 0x8e, 0xec, 0x1c,
    0x5a, 0x81, 0x19, 0x2e, 0x99, 0xb1, 0xe4, 0x7d, 0x0e, 0xd5, 0xe3, 0x8e, 0x68, 0x39, 0xff, 0x29,
    0xa2, 0x59, 0x32, 0x70, 0xa4, 0x53, 0xe4, 0x1f, 0x6b, 0x05, 0x4e, 0x43, 0x22, 0x33, 0x6d, 0xae,
    0xa4, 0x3f, 0x9d, 0x20, 0x46, 0x5f, 0x6f, 0xbe, 0x0c, 0xb5, 0x2e, 0xc0, 0x91, 0x7e, 0x16, 0xe6,
    0x4a, 0x5d, 0x06, 0x0d, 0xa2, 0xdd, 0xbc, 0xe2, 0xc7, 0x48, 0x00, 0xcf, 0xb2, 0x02, 0x0e, 0x05,
    0x06, 0xdd, 0xe7, 0xfc, 0x68, 0xc6, 0x3f, 0xa4, 0x0a, 0xb4, 0x6d, 0xf4, 0x65, 0x81, 0x91, 0x18,
    0x5a, 0x33, 0x13, 0x78, 0x20, 0xa1, 0x41, 0x23, 0x01, 0x7d, 0xad, 0xcb, 0xcd, 0xa4, 0xc1, 0x8d,
    0x8f, 0xe2, 0xa9, 0xe9, 0xaa, 0x94, 0x1a, 0x42, 0x24, 0xf9, 0x34, 0x6e, 0x0c, 0xf7, 0x5b, 0xc2,
    0x4c, 0xba, 0x44, 0x03, 0xe9, 0x34, 0xaa, 0xf5, 0x7c, 0x99, 0x57, 0x0f, 0x64, 0x46, 0x76, 0x1e,
    0x4a, 0xa9, 0x49, 0x68, 0x01, 0x8e, 0x78, 0x64, 0xc4, 0xa5, 0x69, 0x4b, 0xa9, 0x52, 0x5c, 0x6c,
    0x5e, 0xb3, 0xe4, 0xbb, 0xb8, 0x96, 0x6a, 0xb1, 0x19, 0xdd, 0x9e, 0x9f, 0x14, 0x89, 0x20, 0x26,
    0x5a, 0x57, 0xa3, 0x0d, 0x5a, 0xa4, 0xbb, 0x8e, 0x4e, 0xdb, 0xd4, 0xe6, 0xcf, 0x46, 0x56, 0xfd,
    0xeb, 0x6c, 0x13, 0x09, 0x2a, 0x7a, 0xc6, 0x49, 0xbb, 0x96, 0x1d, 0xcf, 0x69, 0xa3, 0xfa, 0xc3,
    0x11, 0x51, 0x09, 0xb9, 0xcb, 0x1d, 0xcf, 0x0b, 0x5c, 0x40, 0x47, 0xf6, 0x7e, 0xe0, 0x06, 0x2e,
    0xea, 0x30, 0x77, 0x7b, 0x44, 0xad, 0x27, 0x56, 0x4b, 0x47, 0xba, 0x3d, 0xaa, 0x7d, 0x1b, 0xfc,
    0xe0, 0x08, 0xdf, 0x77, 0x4e, 0xcf, 0x4d, 0x92, 0x7f, 0x93, 0xc5, 0xd9, 0xd5, 0x1e, 0x08, 0x50,
    0x8a, 0xe4, 0xae, 0x16, 0x1b, 0xc4, 0xde, 0x3d, 0x4a, 0x49, 0x49, 0xe0, 0x09, 0x71, 0x06, 0x09,
    0xbc, 0xe1, 0x33, 0x71, 0x4a, 0x05, 0x46, 0x4e, 0x72, 0x76, 0x11, 0x96, 0x24, 0x1b, 0x18, 0x7f,
    0xb8, 0x90, 0x31, 0xf2, 0x16, 0x94, 0xbb, 0xdc, 0xe5, 0xc4, 0x95, 0xc9, 0x6d, 0x3a, 0xbe, 0x72,
    0x85, 0xd8, 0x04, 0xc4, 0xc0, 0x09, 0x08, 0x00, 0x21, 0xf9, 0x04, 0x01, 0x08, 0x00, 0x20, 0x00,
    0x2c, 0x31, 0x00, 0x36, 0x00, 0x47, 0x00, 0x42, 0x00, 0x84, 0xff, 0xff, 0xff, 0xff, 0xff, 0xfe,
    0xfe, 0xfe, 0xfe, 0xfd, 0xfd, 0xfd, 0xfd, 0xfd, 0xfb, 0xfd, 0xfd, 0xfa, 0xfc, 0xfc, 0xfb, 0xfb,
    0xfb, 0xfa, 0xfa, 0xfa, 0xfa, 0xfa, 0xfa, 0xf8, 0xfa, 0xfa, 0xf7, 0xf9, 0xf9, 0xf8, 0xf9, 0xf9,
    0xf7, 0xf9, 0xf9, 0xf6, 0xf8, 0xf8, 0xf6, 0xf4, 0xf4, 0xf2, 0xed, 0xed, 0xeb, 0xe6, 0xe6, 0xe5,
    0xdb, 0xdb, 0xdb, 0xd3, 0xd3, 0xd3, 0xca, 0xca, 0xca, 0xaf, 0xaf, 0xaf, 0x92, 0x92, 0x92, 0x65,
    0x65, 0x65, 0x45, 0x45, 0x45, 0x3b, 0x3b, 0x3b, 0x33, 0x33, 0x33, 0x30, 0x30, 0x30, 0x1f, 0x1f,
    0x1f, 0x0d, 0x0d, 0x0d, 0x0a, 0x0a, 0x0a, 0x03, 0x03, 0x03, 0x08, 0xff, 0x00, 0x41, 0x08, 0x1c,
    0x48, 0xb0, 0x60, 0xc1, 0x0c, 0x06, 0x13, 0x2a, 0x54, 0x88, 0x61, 0xa1, 0xc3, 0x87, 0x0e, 0x35,
    0x6c, 0xd0, 0x00, 0xb1, 0x22, 0x88, 0x0d, 0x1c, 0x2c, 0x6a, 0x5c, 0x58, 0xe1, 0x42, 0xc6, 0x8d,
    0x0f, 0x37, 0x58, 0xa8, 0x60, 0x01, 0xa4, 0x49, 0x10, 0x16, 0x38, 0x7c, 0xf0, 0x70, 0x52, 0xe1,
    0x87, 0x0c, 0x15, 0x00, 0xb4, 0x74, 0x68, 0x00, 0xc1, 0x02, 0x00, 0x14, 0x36, 0x7c, 0x00, 0xc1,
    0x72, 0x66, 0xc2, 0x9d, 0x18, 0x22, 0x00, 0x70, 0x70, 0xc0, 0xc0, 0x01, 0x9f, 0x02, 0x07, 0xc8,
    0xb4, 0xe0, 0xe1, 0x43, 0x87, 0x9e, 0x48, 0x0b, 0x76, 0x00, 0xf1, 0x81, 0x43, 0xcc, 0x01, 0x02,
    0x64, 0xfa, 0x54, 0xfa, 0xe0, 0xc2, 0xca, 0xa7, 0x51, 0x17, 0x76, 0xd8, 0x69, 0x01, 0x00, 0x56,
    0xad, 0x27, 0x95, 0x42, 0xc8, 0xe0, 0x14, 0x6a, 0x58, 0x85, 0x53, 0x3f, 0x5c, 0x00, 0x60, 0x20,
    0x6b, 0x5a, 0x00, 0x6b, 0xdb, 0xbe, 0xad, 0x38, 0x76, 0xee, 0x59, 0x90, 0x02, 0x40, 0xe4, 0x05,
    0xbb, 0x97, 0xaf, 0x5c, 0xba, 0x68, 0x2d, 0x1e, 0x00, 0xe0, 0x95, 0xb0, 0xc1, 0xa9, 0x04, 0xdd,
    0x46, 0x1d, 0x5b, 0x76, 0xb1, 0xc6, 0xc5, 0x16, 0xf4, 0x3e, 0xde, 0x59, 0xd0, 0x83, 0xe3, 0xc9,
    0x1f, 0x28, 0x20, 0xae, 0x68, 0x00, 0xa7, 0x66, 0x82, 0x4f, 0xab, 0x5e, 0xa8, 0x40, 0x01, 0xe5,
    0x85, 0xb1, 0x92, 0x7d, 0x8e, 0xe5, 0x10, 0x61, 0x00, 0x88, 0xc4, 0x09, 0x05, 0x0c, 0x80, 0xa0,
    0xf2, 0x33, 0x88, 0xb1, 0x1d, 0x2c, 0x3c, 0xc0, 0x1d, 0xc1, 0x6b, 0xec, 0x99, 0x63, 0x31, 0x8c,
    0xa6, 0xc9, 0xf8, 0xb4, 0x40, 0xe0, 0xa2, 0x41, 0x14, 0x15, 0x58, 0x74, 0xe9, 0xca, 0xbd, 0x63,
    0x63, 0x96, 0x5e, 0xa8, 0x94, 0xc2, 0xf1, 0xe7, 0xa2, 0x11, 0xd8, 0xff, 0x25, 0x38, 0x00, 0x01,
    0x80, 0xcc, 0xdf, 0x4d, 0x8e, 0xdd, 0xf0, 0xe0, 0x6f, 0x42, 0xa5, 0x18, 0x9c, 0xff, 0xfe, 0x10,
    0xd3, 0xfc, 0x42, 0xf3, 0x8d, 0xd3, 0x6f, 0xa4, 0xbc, 0xbc, 0x60, 0x69, 0x0a, 0xf2, 0x8d, 0x95,
    0x01, 0x00, 0x96, 0x71, 0x27, 0x98, 0x6f, 0x48, 0x71, 0x00, 0x41, 0x60, 0xb8, 0x81, 0x50, 0x5a,
    0x7e, 0x52, 0x7d, 0x60, 0x81, 0x00, 0x05, 0x2e, 0xf4, 0xa0, 0x7c, 0x2d, 0xf1, 0x57, 0xa1, 0x40,
    0x59, 0x45, 0x80, 0xe0, 0x40, 0x13, 0x98, 0xd5, 0x60, 0x41, 0x98, 0x61, 0x78, 0x92, 0x80, 0xb6,
    0xe1, 0x56, 0x22, 0x82, 0x55, 0x41, 0x00, 0xc0, 0x78, 0x16, 0x9a, 0xf6, 0x61, 0x4b, 0xa1, 0xf5,
    0x07, 0x82, 0x6d, 0x6c, 0xb1, 0xc8, 0xc1, 0x70, 0x30, 0x2a, 0xf4, 0x9f, 0x89, 0x27, 0x1e, 0x56,
    0x61, 0x87, 0x33, 0xfe, 0x26, 0x81, 0x88, 0x0f, 0x2d, 0x56, 0x01, 0x90, 0xea, 0xbd, 0xe4, 0x9e,
    0x83, 0x00, 0x2c, 0xf9, 0x61, 0x76, 0x14, 0x8e, 0x48, 0xd0, 0x62, 0x10, 0x62, 0x27, 0x94, 0x52,
    0x02, 0x5d, 0x38, 0xa5, 0x90, 0x56, 0x72, 0x38, 0x80, 0x03, 0x2a, 0xe9, 0xd7, 0xa4, 0x76, 0x5a,
    0xc1, 0xc7, 0x64, 0x07, 0x21, 0x6e, 0x58, 0x90, 0x79, 0x99, 0x15, 0x19, 0x64, 0x65, 0x32, 0x05,
    0xf6, 0x40, 0x6f, 0xdf, 0x8d, 0xa5, 0x81, 0x8b, 0x6e, 0x0a, 0x64, 0x1e, 0x05, 0x72, 0x66, 0x78,
    0x18, 0x97, 0x59, 0xdd, 0x79, 0x9d, 0x58, 0x2f, 0x0d, 0x57, 0x14, 0x56, 0x37, 0x1a, 0x70, 0x1b,
    0xa0, 0x4c, 0x0a, 0xaa, 0x1c, 0x97, 0xdd, 0x99, 0xf9, 0xdc, 0x07, 0x1a, 0x44, 0x67, 0x50, 0x05,
    0x78, 0x16, 0x76, 0xe9, 0x8e, 0x0c, 0x96, 0x26, 0xa5, 0xa5, 0xc0, 0x61, 0x50, 0xc1, 0x04, 0x10,
    0x80, 0x40, 0x81, 0x05, 0x6c, 0xfd, 0x66, 0x29, 0x8d, 0x0a, 0xbe, 0xff, 0x88, 0x18, 0x80, 0x81,
    0x3e, 0xd7, 0xd4, 0x6f, 0x19, 0x71, 0x56, 0xab, 0x4f, 0x2d, 0xca, 0xfa, 0xe3, 0xae, 0xcf, 0xf1,
    0xb4, 0x93, 0x67, 0x3c, 0x79, 0x6a, 0x50, 0xaf, 0x59, 0xfd, 0xfa, 0xaa, 0xb1, 0x1b, 0x21, 0x3b,
    0x6b, 0xa4, 0xcc, 0x9a, 0x54, 0x15, 0x8f, 0xb2, 0xf2, 0x76, 0x68, 0xb4, 0xa0, 0x61, 0xa0, 0x5b,
    0x9d, 0x00, 0x18, 0xba, 0x2c, 0xb6, 0x0f, 0x25, 0x87, 0xe4, 0x8d, 0x02, 0xc4, 0x07, 0x2c, 0xb8,
    0x88, 0xd2, 0xd9, 0x65, 0x73, 0xe7, 0xa2, 0x9b, 0x50, 0x76, 0x04, 0x6a, 0xa5, 0x24, 0xb4, 0xee,
    0x42, 0x74, 0x24, 0x97, 0x37, 0x02, 0x20, 0xc1, 0xb7, 0xf5, 0x6e, 0xb6, 0x81, 0x78, 0x89, 0x09,
    0x80, 0x80, 0x4e, 0xed, 0xf6, 0x3b, 0xdf, 0x5c, 0xdb, 0x0d, 0x84, 0x25, 0xbd, 0x06, 0xa3, 0x46,
    0x9f, 0x8d, 0x4a, 0x4d, 0xc0, 0x6f, 0xc3, 0xeb, 0x39, 0xc0, 0x60, 0x41, 0x6a, 0x16, 0xec, 0xae,
    0x86, 0x0d, 0xce, 0xab, 0xf1, 0xc6, 0xf7, 0x36, 0x18, 0x98, 0x03, 0x04, 0x4f, 0x0c, 0x6e, 0x5f,
    0x36, 0x12, 0x24, 0x2a, 0xc3, 0x06, 0x77, 0x20, 0xc1, 0xb6, 0x31, 0x9a, 0x6b, 0x32, 0xb3, 0xfc,
    0x25, 0xac, 0x10, 0x56, 0xfb, 0x36, 0xec, 0xd0, 0x7a, 0x0b, 0xd4, 0x15, 0xe6, 0xba, 0x71, 0xce,
    0x6c, 0xac, 0x68, 0xf8, 0x3e, 0xe4, 0xa5, 0xd0, 0x61, 0xd5, 0xfc, 0x33, 0x41, 0xba, 0x41, 0xa0,
    0x01, 0xcb, 0x9e, 0xa2, 0xdc, 0x27, 0x73, 0x13, 0x00, 0x87, 0xb4, 0xa0, 0x19, 0xb4, 0xd7, 0x23,
    0x69, 0x38, 0x59, 0xdd, 0xf2, 0x4b, 0x2e, 0x16, 0xbd, 0xd1, 0x62, 0x90, 0x7e, 0xdc, 0x64, 0x06,
    0x61, 0x2f, 0xed, 0xd0, 0x62, 0x13, 0x3c, 0x6d, 0xb6, 0x45, 0x71, 0x5d, 0x90, 0x36, 0x52, 0xa5,
    0x41, 0x60, 0xdc, 0xdb, 0x3b, 0x93, 0x25, 0x93, 0xd8, 0x33, 0x6d, 0x83, 0xc7, 0x94, 0x53, 0xc5,
    0xbe, 0x95, 0x9a, 0x55, 0x66, 0x6d, 0xed, 0xd3, 0xb6, 0x13, 0xc4, 0xf7, 0x5b, 0xe0, 0xc8, 0x51,
    0xe5, 0x81, 0xdc, 0xf1, 0x32, 0xbb, 0x5d, 0x05, 0x3a, 0xf1, 0x34, 0xd5, 0xc4, 0x97, 0x03, 0x15,
    0x9d, 0xcd, 0xc6, 0xa6, 0x88, 0x40, 0x05, 0x18, 0xdc, 0x4a, 0x2c, 0xe3, 0x52, 0x0d, 0x74, 0x6b,
    0x07, 0xab, 0xc9, 0xe4, 0xb3, 0xbb, 0x09, 0x4f, 0x70, 0xc1, 0x06, 0xb7, 0x0e, 0x04, 0x99, 0x40,
    0xb1, 0x3f, 0x97, 0x81, 0x05, 0x42, 0x81, 0x00, 0x73, 0xbf, 0x02, 0xac, 0x7e, 0xc0, 0x04, 0x1d,
    0x61, 0x90, 0x6b, 0x41, 0x19, 0x61, 0xb0, 0x5a, 0xee, 0x0e, 0xde, 0xa6, 0xf3, 0x40, 0x03, 0x6c,
    0xf8, 0x00, 0x04, 0xad, 0x11, 0x04, 0x81, 0x03, 0x68, 0x51, 0x68, 0xf8, 0xf2, 0xba, 0x2d, 0x1a,
    0x66, 0xf3, 0x06, 0xf0, 0xbd, 0xfc, 0x42, 0x81, 0x39, 0xca, 0xfc, 0xc5, 0x9e, 0x06, 0x04, 0x00,
    0x21, 0xf9, 0x04, 0x01, 0x08, 0x00, 0x20, 0x00, 0x2c, 0x0d, 0x00, 0x0e, 0x00, 0x89, 0x00, 0x8a,
    0x00, 0x84, 0xff, 0xff, 0xff, 0xff, 0xff, 0xfe, 0xfe, 0xfe, 0xfe, 0xfd, 0xfd, 0xfd, 0xfd, 0xfd,
    0xfb, 0xfd, 0xfd, 0xfa, 0xfc, 0xfc, 0xfb, 0xfb, 0xfb, 0xfa, 0xfa, 0xfa, 0xfa, 0xfa, 0xfa, 0xf8,
    0xfa, 0xfa, 0xf7, 0xf9, 0xf9, 0xf8, 0xf9, 0xf9, 0xf7, 0xf9, 0xf9, 0xf6, 0xf8, 0xf8, 0xf6, 0xf4,
    0xf4, 0xf3, 0xed, 0xed, 0xeb, 0xe6, 0xe6, 0xe5, 0xdb, 0xdb, 0xda, 0xd2, 0xd2, 0xd2, 0xc8, 0xc8,
    0xc8, 0xac, 0xac, 0xac, 0x91, 0x91, 0x91, 0x67, 0x67, 0x66, 0x45, 0x45, 0x45, 0x3b, 0x3b, 0x3b,
    0x33, 0x33, 0x33, 0x2f, 0x2f, 0x30, 0x1f, 0x1f, 0x1f, 0x0d, 0x0d, 0x0d, 0x0a, 0x0a, 0x0a, 0x03,
    0x03, 0x03, 0x08, 0xff, 0x00, 0x41, 0x08, 0x1c, 0x48, 0xb0, 0xa0, 0xc1, 0x83, 0x08, 0x13, 0x2a,
    0x2c, 0xf8, 0xa0, 0x21, 0xc2, 0x86, 0x0f, 0x16, 0x4a, 0x9c, 0x48, 0xb1, 0xa2, 0xc5, 0x8b, 0x18,
    0x41, 0x44, 0x9c, 0x20, 0x61, 0x02, 0x85, 0x8f, 0x20, 0x3a, 0x72, 0x14, 0x39, 0x01, 0xc4, 0xc7,
    0x8f, 0x12, 0x28, 0x48, 0xc8, 0xc8, 0xb2, 0xa5, 0xcb, 0x97, 0x05, 0x27, 0x78, 0xa4, 0x50, 0xd2,
    0x21, 0xc5, 0x8d, 0x1f, 0x39, 0xc2, 0xdc, 0xc9, 0x93, 0xe7, 0x83, 0x94, 0x2a, 0x35, 0xf6, 0x14,
    0x6a, 0x92, 0x66, 0xc4, 0xa1, 0x48, 0x93, 0x12, 0xfc, 0x49, 0xa1, 0x02, 0x05, 0xa5, 0x07, 0x27,
    0x38, 0x2d, 0x09, 0xb5, 0xea, 0xcb, 0x99, 0x56, 0x15, 0x4a, 0x7d, 0x9a, 0xb5, 0xeb, 0x44, 0x90,
    0x5e, 0x25, 0x7a, 0x5c, 0x19, 0xb6, 0x2c, 0x08, 0xa9, 0x13, 0x8e, 0x9a, 0x5d, 0x28, 0xc1, 0xa9,
    0xda, 0xb5, 0x49, 0xb7, 0xbe, 0x85, 0xbb, 0x70, 0x2b, 0x5d, 0xa4, 0x46, 0xef, 0x5e, 0xf4, 0xa8,
    0xf7, 0xe5, 0x4f, 0x09, 0x73, 0xfb, 0x0a, 0xce, 0x4a, 0x76, 0x30, 0x4b, 0x09, 0x85, 0x0d, 0x27,
    0x7c, 0x40, 0x55, 0xb1, 0xcb, 0xc6, 0x8e, 0x0d, 0x72, 0x8d, 0xdc, 0xf2, 0x01, 0x4d, 0xca, 0x03,
    0xf9, 0x62, 0xbe, 0x4a, 0x21, 0x70, 0x5f, 0xcb, 0x9b, 0x7b, 0x4e, 0x36, 0x0c, 0x38, 0x74, 0xcf,
    0xc4, 0x7a, 0x7f, 0x9a, 0x46, 0x8a, 0x1a, 0x6e, 0xeb, 0xd5, 0x3b, 0x55, 0xd3, 0x45, 0x0c, 0x1b,
    0x2a, 0xe4, 0xb0, 0xb4, 0x6b, 0xdb, 0x36, 0x9b, 0x5b, 0xf7, 0x6e, 0xaf, 0xbd, 0x7d, 0xff, 0x16,
    0x4e, 0xbc, 0xb8, 0xf1, 0x8a, 0xaf, 0x63, 0x27, 0x3f, 0x7e, 0x1a, 0x6a, 0x67, 0xe6, 0x59, 0x47,
    0xf3, 0xbc, 0x0d, 0x5d, 0x29, 0xe8, 0xa1, 0xd4, 0xab, 0x2b, 0x95, 0x5e, 0x99, 0xbb, 0xf6, 0xed,
    0xd9, 0x31, 0x86, 0xff, 0xff, 0x9e, 0xd4, 0x3b, 0xf9, 0xd0, 0xd7, 0xcf, 0xeb, 0x5e, 0x3e, 0xd1,
    0xb3, 0x7a, 0xa5, 0xe3, 0x25, 0xb2, 0x7f, 0x8f, 0x37, 0xe3, 0x73, 0xfa, 0x5e, 0x83, 0x5a, 0xec,
    0x88, 0xbf, 0x6c, 0x85, 0x8b, 0x15, 0xb8, 0xd7, 0x5f, 0x52, 0x15, 0xc4, 0x17, 0x93, 0x79, 0x03,
    0x2a, 0x15, 0x60, 0x7b, 0xff, 0x25, 0xe8, 0xd5, 0x03, 0x4e, 0x4d, 0x64, 0xc1, 0x06, 0x82, 0x65,
    0x90, 0x01, 0x52, 0x18, 0xc0, 0x65, 0x81, 0x84, 0x20, 0x50, 0xa8, 0xd7, 0x06, 0x1a, 0x80, 0xc8,
    0xd3, 0x06, 0x1c, 0x98, 0x45, 0xe1, 0x05, 0xf3, 0x81, 0x70, 0x01, 0x85, 0x16, 0xb4, 0xe8, 0xe2,
    0x8b, 0x30, 0xc6, 0x28, 0xe3, 0x8c, 0x34, 0x56, 0x70, 0x41, 0x89, 0x3d, 0x65, 0x60, 0x41, 0x05,
    0x34, 0xf6, 0xe8, 0x23, 0x8d, 0x03, 0x2d, 0x98, 0x10, 0x57, 0x1b, 0xd2, 0xf5, 0xc0, 0x05, 0x1d,
    0x7c, 0xe0, 0xc1, 0x50, 0x28, 0x02, 0x10, 0x56, 0x05, 0x2c, 0x2e, 0x74, 0x81, 0x40, 0x08, 0x26,
    0x65, 0xc0, 0x02, 0x06, 0x00, 0x60, 0x41, 0x92, 0x1e, 0x2c, 0x39, 0xd4, 0x07, 0x2a, 0x3a, 0x00,
    0x80, 0x03, 0x06, 0x80, 0x70, 0x40, 0x57, 0xf7, 0x25, 0x34, 0x65, 0x59, 0x59, 0x1e, 0xf9, 0xc1,
    0x07, 0x1d, 0x78, 0x39, 0x54, 0x9c, 0x1f, 0x64, 0x20, 0x01, 0x00, 0x59, 0x3a, 0x09, 0xd5, 0x84,
    0x20, 0x34, 0x78, 0xd0, 0x7f, 0x1b, 0xf8, 0xd9, 0x55, 0x96, 0x12, 0x64, 0x00, 0x67, 0x9c, 0x55,
    0x25, 0xc9, 0x01, 0x05, 0x78, 0x02, 0xa0, 0x67, 0x5c, 0x02, 0xa1, 0xe8, 0xd9, 0x8a, 0x66, 0x1d,
    0x00, 0x00, 0x05, 0x49, 0x22, 0x9a, 0x55, 0x92, 0x1f, 0x58, 0x00, 0x80, 0xa5, 0x8f, 0x22, 0xb5,
    0x66, 0x9a, 0x05, 0x6d, 0xb0, 0xe6, 0xa0, 0x97, 0x66, 0x2a, 0xe7, 0xa6, 0x20, 0x74, 0xfa, 0xa9,
    0xa3, 0x4a, 0xf1, 0xff, 0x29, 0x68, 0x90, 0x1d, 0x16, 0x99, 0xd5, 0x00, 0x00, 0x4c, 0xa0, 0x2a,
    0x5c, 0x1f, 0x54, 0xd0, 0x28, 0x7c, 0x91, 0x96, 0x46, 0x10, 0x9f, 0x06, 0xee, 0x24, 0x80, 0x00,
    0x10, 0x70, 0x00, 0xe7, 0xaa, 0x03, 0x75, 0xd0, 0x41, 0x41, 0xcc, 0xba, 0xf4, 0xec, 0x07, 0x8c,
    0x66, 0x99, 0xd4, 0x51, 0x17, 0x50, 0x47, 0xa9, 0x57, 0x59, 0x62, 0xb0, 0xac, 0x41, 0xce, 0x82,
    0x09, 0xad, 0xa6, 0x30, 0x29, 0x1a, 0x01, 0x00, 0xb8, 0x26, 0x45, 0xe9, 0xac, 0x2b, 0x99, 0x8a,
    0xaa, 0x05, 0xdf, 0x16, 0xc4, 0xa9, 0x06, 0x3b, 0x7e, 0x64, 0x01, 0x06, 0x1e, 0xc0, 0xd9, 0x53,
    0x92, 0x18, 0x0c, 0x90, 0x27, 0x52, 0x50, 0x82, 0x60, 0xab, 0x40, 0x80, 0xce, 0x6a, 0xe5, 0xa5,
    0xcb, 0x32, 0x9b, 0x64, 0xa0, 0xd6, 0x12, 0x34, 0x81, 0xb7, 0xcf, 0xf2, 0x94, 0xa4, 0xa7, 0x0d,
    0x37, 0xa7, 0xa2, 0xb0, 0x02, 0x53, 0x58, 0xac, 0x4b, 0x02, 0x0c, 0x70, 0x80, 0xa1, 0xe4, 0x0a,
    0x94, 0x64, 0x06, 0x10, 0x38, 0x79, 0x40, 0x99, 0x66, 0xa6, 0x7b, 0x81, 0xbe, 0x43, 0x49, 0xd0,
    0x71, 0xa8, 0x30, 0xa9, 0x05, 0xd9, 0xb6, 0x56, 0x65, 0x09, 0x6f, 0xc4, 0x04, 0x8d, 0x5c, 0x32,
    0xa8, 0x05, 0x19, 0x90, 0xe5, 0xca, 0x38, 0xbf, 0x94, 0xe4, 0x05, 0x8d, 0xc2, 0xfc, 0x12, 0xa5,
    0x93, 0x45, 0xe4, 0x6e, 0x55, 0xc7, 0x26, 0xdb, 0x65, 0xb4, 0x21, 0xfd, 0x7a, 0x50, 0xc7, 0x02,
    0x80, 0x0c, 0x35, 0x46, 0x49, 0x56, 0x6b, 0xb4, 0x4b, 0xb2, 0x92, 0x55, 0xd2, 0x06, 0x03, 0x27,
    0x65, 0xe9, 0xcd, 0x0a, 0x7f, 0x40, 0x34, 0x02, 0x5b, 0x0f, 0x64, 0x69, 0x05, 0xe2, 0xee, 0xc4,
    0x2f, 0xba, 0xb0, 0xf2, 0xd4, 0xa0, 0x05, 0xa5, 0x3d, 0x15, 0x28, 0xd3, 0x02, 0x38, 0xb0, 0x41,
    0xbc, 0x04, 0x79, 0xff, 0x30, 0xc1, 0xcb, 0x0a, 0x1d, 0xab, 0x37, 0xdf, 0x2f, 0xf9, 0x0d, 0x77,
    0x4f, 0x54, 0xd1, 0x4d, 0x30, 0x85, 0x55, 0xbe, 0x94, 0x25, 0xdb, 0x07, 0x2d, 0xec, 0xc0, 0xb1,
    0x69, 0x0f, 0xf4, 0x33, 0xe1, 0x2d, 0x0d, 0xfd, 0xaa, 0xba, 0x64, 0x11, 0x5b, 0x15, 0xae, 0x10,
    0x97, 0x8d, 0x41, 0xc7, 0x20, 0x54, 0x2e, 0xd0, 0xd8, 0x98, 0xb7, 0xf4, 0x01, 0x07, 0x0f, 0x00,
    0x20, 0x80, 0xe9, 0x16, 0x29, 0x9d, 0x6d, 0xa4, 0x1e, 0x42, 0x25, 0x00, 0x08, 0x11, 0xc4, 0xd9,
    0xa5, 0xbc, 0x1f, 0x60, 0x80, 0x6e, 0xe9, 0x0b, 0xa1, 0x1e, 0xb2, 0xb4, 0xbd, 0x4a, 0xbd, 0x13,
    0xd2, 0x2b, 0x51, 0x2a, 0xa0, 0xe3, 0x00, 0x40, 0x1e, 0xf9, 0x07, 0x1a, 0x2c, 0x70, 0x3b, 0xec,
    0x97, 0x0f, 0x9f, 0xb9, 0xd9, 0x9b, 0xf3, 0x84, 0xbc, 0x8a, 0x14, 0x2e, 0xef, 0x92, 0xa5, 0x40,
    0x5f, 0x8d, 0x3b, 0xe0, 0x0a, 0xf9, 0x6b, 0xb5, 0xc4, 0x75, 0x0e, 0x30, 0xbd, 0xf6, 0x8c, 0x93,
    0xb5, 0xb4, 0x52, 0x02, 0x20, 0x70, 0x3e, 0xb8, 0xae, 0x5a, 0xaa, 0x50, 0x99, 0x13, 0x28, 0x29,
    0x7e, 0x4b, 0xe7, 0xa6, 0xbb, 0x53, 0xd7, 0xb2, 0xb3, 0x9d, 0x46, 0x94, 0xb5, 0x3b, 0xfa, 0x6d,
    0xe0, 0x01, 0x03, 0xf0, 0xdf, 0x41, 0xd0, 0x16, 0xbe, 0x39, 0x51, 0xcb, 0x78, 0x2f, 0x09, 0x58,
    0x05, 0x4a, 0xf3, 0x3e, 0xa4, 0xe0, 0x8a, 0x02, 0x4f, 0xbb, 0x9a, 0xe6, 0x0c, 0xa0, 0xc0, 0x81,
    0xc4, 0x4f, 0x4b, 0x6d, 0x73, 0xa0, 0xa7, 0xec, 0xf7, 0x3f, 0x0a, 0x4d, 0x50, 0x20, 0x15, 0x1c,
    0x4a, 0x96, 0x28, 0x90, 0xba, 0x9c, 0x61, 0xef, 0x53, 0x1c, 0xbc, 0x9d, 0x01, 0x0e, 0xf0, 0x3a,
    0x78, 0x3d, 0x0d, 0x29, 0x13, 0xcb, 0x1e, 0x4c, 0xba, 0x86, 0xc2, 0x53, 0x21, 0x45, 0x78, 0x12,
    0x19, 0xda, 0xb9, 0xff, 0x0c, 0xb2, 0x00, 0x1b, 0x16, 0xd0, 0x81, 0x44, 0xfb, 0xd7, 0x0e, 0x4d,
    0xe8, 0x3e, 0x1f, 0x0e, 0x45, 0x78, 0xfb, 0x13, 0xd9, 0xea, 0x2e, 0x50, 0x81, 0x08, 0x40, 0xc0,
    0x24, 0x13, 0xd2, 0x5f, 0x14, 0x59, 0xf2, 0xb6, 0x01, 0x00, 0x6f, 0x89, 0x7d, 0x6a, 0x22, 0x54,
    0xa0, 0x38, 0x11, 0x4e, 0x81, 0xa0, 0x03, 0x25, 0x12, 0x97, 0xf5, 0xf6, 0xd5, 0xbb, 0xdf, 0xc1,
    0x8e, 0x22, 0x3c, 0xec, 0x90, 0x13, 0x7b, 0x42, 0x46, 0x8a, 0x3c, 0x2b, 0x5f, 0x67, 0xbc, 0xa3,
    0x55, 0xba, 0xf8, 0xc5, 0x08, 0x32, 0x91, 0x7b, 0x44, 0xf9, 0x21, 0x08, 0xd7, 0xe8, 0x18, 0x3e,
    0xbe, 0x71, 0x22, 0x48, 0x2b, 0x89, 0xf2, 0x94, 0x52, 0xc7, 0xd0, 0x18, 0xf2, 0x78, 0x8c, 0x53,
    0x64, 0xf7, 0x94, 0xb2, 0xc2, 0x16, 0x16, 0xb2, 0x7e, 0x87, 0x44, 0x64, 0x24, 0x1f, 0xe0, 0xb9,
    0x83, 0xb1, 0xf0, 0x88, 0x9b, 0xc9, 0x21, 0x09, 0xfd, 0x12, 0x29, 0x99, 0x64, 0xcc, 0x24, 0xf0,
    0x03, 0x01, 0x04, 0x74, 0xb7, 0x45, 0xbd, 0x24, 0xc9, 0x57, 0x15, 0x83, 0x89, 0xa9, 0xf8, 0x63,
    0x37, 0x83, 0xf1, 0x24, 0x6f, 0x7b, 0x23, 0xa4, 0x62, 0x3c, 0x70, 0xa7, 0x0e, 0xb6, 0x24, 0x71,
    0xb4, 0xf9, 0x5a, 0xd8, 0x7a, 0x52, 0xbd, 0x56, 0xd2, 0x65, 0x61, 0x08, 0x58, 0x1f, 0x4c, 0x88,
    0xd4, 0x9b, 0x14, 0xd2, 0xb1, 0x79, 0x2c, 0x0b, 0x25, 0xf6, 0x62, 0xc9, 0xb5, 0x3f, 0xd2, 0x2e,
    0x90, 0x43, 0xf1, 0xa2, 0x04, 0x32, 0x28, 0x4d, 0x5f, 0x8d, 0xf2, 0x68, 0x91, 0x1c, 0x08, 0xa5,
    0x52, 0xc4, 0x92, 0x04, 0xce, 0x6f, 0x33, 0xe7, 0x7a, 0x1d, 0x52, 0x4c, 0x49, 0xb0, 0x76, 0x32,
    0x72, 0x90, 0xd2, 0x4c, 0x62, 0xdc, 0xb4, 0xd7, 0x91, 0xa3, 0x08, 0xd3, 0x76, 0xc8, 0x22, 0xa0,
    0x31, 0xcb, 0x92, 0xff, 0x35, 0x08, 0xba, 0x64, 0x6e, 0xfc, 0x11, 0x48, 0x00, 0xa1, 0x52, 0xcc,
    0xc8, 0x24, 0x49, 0x03, 0x34, 0xec, 0xe3, 0x4b, 0x64, 0xa5, 0x13, 0x71, 0x52, 0x88, 0x9c, 0x19,
    0xd1, 0x26, 0x37, 0x15, 0xf3, 0x4a, 0x7f, 0xba, 0x84, 0x52, 0xec, 0xa4, 0xd5, 0xdd, 0x08, 0x0a,
    0x80, 0x06, 0x1a, 0x66, 0x64, 0x0b, 0xf0, 0x62, 0x26, 0xe5, 0x13, 0xac, 0xb4, 0x10, 0xa4, 0x5d,
    0x73, 0xec, 0x49, 0xc7, 0x9c, 0xa6, 0x4b, 0xb3, 0xf4, 0x93, 0x9a, 0xff, 0x64, 0x51, 0x40, 0x09,
    0x42, 0x33, 0x8e, 0xb2, 0x2d, 0x68, 0xae, 0x9c, 0xe6, 0x3c, 0x61, 0x92, 0xc8, 0xd6, 0x48, 0xb0,
    0x66, 0x03, 0xf0, 0xe8, 0x5d, 0x16, 0x06, 0x01, 0xf5, 0x8d, 0xb4, 0x22, 0x28, 0xca, 0x0e, 0x4a,
    0xad, 0xd2, 0x34, 0x65, 0xb5, 0xb4, 0x2b, 0x0f, 0xf4, 0xe5, 0x42, 0x65, 0x1a, 0x9e, 0x35, 0x41,
    0xb4, 0x9c, 0xb9, 0x8a, 0xd3, 0x53, 0xa1, 0x92, 0x43, 0x98, 0x1e, 0x8d, 0x4a, 0x0d, 0x35, 0x08,
    0xa0, 0x86, 0x29, 0x48, 0xb6, 0xdd, 0xd0, 0xa5, 0xd8, 0xe3, 0x99, 0x68, 0x4a, 0x6a, 0x98, 0xb5,
    0x29, 0x69, 0xab, 0x6c, 0x24, 0x1a, 0x0d, 0x8f, 0x8a, 0x48, 0x82, 0xcd, 0xf4, 0x20, 0xb2, 0xea,
    0x8a, 0x5b, 0x3d, 0x00, 0x57, 0xa1, 0x6d, 0x50, 0x9d, 0x4a, 0xc9, 0x56, 0x58, 0x0f, 0x42, 0x96,
    0x94, 0x8a, 0xad, 0x79, 0xbb, 0x4a, 0xd4, 0x9b, 0x3c, 0x65, 0xd4, 0xa4, 0xf0, 0x89, 0x6e, 0xc5,
    0x9a, 0xd2, 0x46, 0xb3, 0x62, 0xa9, 0x09, 0x68, 0xe0, 0x50, 0xfb, 0xb4, 0x88, 0xa2, 0x7c, 0xd5,
    0xd8, 0xaa, 0xc8, 0x24, 0x45, 0x5c, 0x31, 0xec, 0x61, 0xdd, 0x94, 0x30, 0x36, 0xd6, 0xe9, 0x4e,
    0x6a, 0x45, 0xca, 0x63, 0xef, 0xaa, 0x10, 0xc9, 0xda, 0x52, 0x29, 0xb8, 0x6a, 0xde, 0xde, 0xce,
    0x08, 0x82, 0xcc, 0xff, 0x46, 0x2e, 0x5f, 0x1c, 0xb0, 0x80, 0xa5, 0xbe, 0xe9, 0x9c, 0x8c, 0x2e,
    0x24, 0xb4, 0x65, 0x79, 0x19, 0x02, 0x2c, 0xa0, 0xac, 0x3c, 0x82, 0xb2, 0x8c, 0xad, 0x82, 0xd3,
    0x05, 0x86, 0x28, 0xd5, 0x9e, 0xac, 0xb6, 0x71, 0x05, 0xd9, 0xd0, 0x64, 0xb9, 0xe5, 0xa8, 0x08,
    0x58, 0xe0, 0xb2, 0x60, 0xe2, 0xab, 0x40, 0x34, 0x38, 0x90, 0x37, 0x81, 0x80, 0x03, 0xd9, 0x72,
    0x92, 0x12, 0x81, 0x25, 0x10, 0x99, 0x6c, 0x6c, 0x20, 0x57, 0x45, 0x8a, 0x00, 0xac, 0x65, 0x00,
    0x0a, 0xdc, 0xc8, 0xbb, 0xdb, 0x0d, 0x1a, 0x1e, 0x07, 0xc2, 0x01, 0x0c, 0x04, 0x48, 0xbc, 0x0a,
    0x0d, 0xac, 0x40, 0xe8, 0x06, 0x5d, 0x83, 0x3c, 0x16, 0x2e, 0x02, 0xe0, 0x99, 0x65, 0x2c, 0x70,
    0x81, 0x0c, 0x70, 0x20, 0x49, 0x39, 0xe3, 0xc0, 0x06, 0x30, 0x60, 0x01, 0x0a, 0x94, 0xec, 0x74,
    0xcd, 0x05, 0xd8, 0x89, 0x3a, 0x92, 0x5e, 0x81, 0x0e, 0xa4, 0xbf, 0x49, 0x59, 0x6f, 0x2c, 0x21,
    0x10, 0x81, 0x93, 0xa0, 0x04, 0x02, 0x15, 0xf3, 0x17, 0x60, 0xbb, 0x72, 0xa1, 0x30, 0x9e, 0x57,
    0x32, 0x86, 0xe9, 0xd8, 0xc9, 0x76, 0x5a, 0x10, 0x8f, 0x19, 0x60, 0xc4, 0x5e, 0x59, 0x13, 0x7f,
    0x2b, 0x3c, 0xac, 0x13, 0x29, 0xa6, 0x63, 0x28, 0x13, 0x88, 0xfa, 0xf2, 0xfb, 0xa4, 0x13, 0x99,
    0xd7, 0x7b, 0x0a, 0x39, 0xca, 0x74, 0x1d, 0x64, 0x91, 0xc6, 0x4c, 0x10, 0xc3, 0x5a, 0xc9, 0x0c,
    0x91, 0x2f, 0xa2, 0x16, 0xc8, 0xd2, 0xf8, 0x4f, 0x1e, 0x02, 0xf2, 0x92, 0x1d, 0x7a, 0x31, 0x99,
    0x48, 0x59, 0x93, 0x2a, 0x9a, 0xb2, 0x84, 0x3c, 0x44, 0x93, 0x13, 0xb7, 0x47, 0xc6, 0x5a, 0x56,
    0x88, 0x9f, 0x8e, 0xfc, 0x64, 0x85, 0xb8, 0x8f, 0xac, 0x61, 0xa6, 0x80, 0x87, 0x66, 0x4c, 0xde,
    0x3e, 0x85, 0xb9, 0xff, 0x20, 0x85, 0x81, 0xac, 0x49, 0x91, 0x12, 0x91, 0x31, 0xbf, 0x59, 0x20,
    0x85, 0x49, 0xaa, 0x97, 0x33, 0x62, 0xe7, 0x30, 0xe7, 0x59, 0x24, 0x5e, 0xf1, 0x13, 0x9a, 0xf1,
    0x33, 0x19, 0x3d, 0xfb, 0x07, 0x85, 0x83, 0x56, 0x4f, 0xc0, 0xaa, 0xbc, 0x67, 0x98, 0xf8, 0xe9,
    0x02, 0x57, 0x3e, 0x8e, 0xad, 0x0c, 0x0d, 0x17, 0xae, 0xcc, 0x12, 0x3f, 0x47, 0x5a, 0x33, 0xa0,
    0xef, 0x02, 0x99, 0xd7, 0x32, 0x07, 0x32, 0x72, 0x1e, 0xcc, 0x9a, 0xc0, 0x16, 0xe9, 0xd5, 0x08,
    0x6a, 0x82, 0xbe, 0xed, 0xcb, 0xc0, 0x90, 0x1c, 0x9a, 0x6d, 0x5d, 0x40, 0x25, 0xa9, 0x16, 0x8c,
    0xa0, 0x12, 0x6d, 0xea, 0x61, 0x75, 0x44, 0x25, 0xa5, 0x06, 0xce, 0xa8, 0xdd, 0x2c, 0x1c, 0xf7,
    0x7a, 0x88, 0x8a, 0x22, 0x29, 0x73, 0xa0, 0x07, 0x62, 0x2a, 0x56, 0xdf, 0x45, 0x02, 0x03, 0xb3,
    0x00, 0x47, 0x62, 0x8d, 0x99, 0x09, 0xf8, 0xf0, 0xd5, 0xa1, 0x41, 0x36, 0x4d, 0x51, 0x8d, 0x6b,
    0xdf, 0xd8, 0x88, 0xa6, 0xc6, 0x26, 0x4c, 0xd8, 0xe8, 0x96, 0x92, 0x46, 0x1b, 0x26, 0x6c, 0x54,
    0x1c, 0x8c, 0x7b, 0x3b, 0x34, 0x10, 0x65, 0xdf, 0x1a, 0x63, 0xc5, 0x91, 0x36, 0xb1, 0x05, 0xe6,
    0xed, 0x97, 0x20, 0xdb, 0x89, 0x0d, 0x3e, 0x37, 0x79, 0xda, 0x72, 0xaa, 0x13, 0x35, 0x38, 0xd7,
    0xe2, 0xb9, 0x76, 0xed, 0x2e, 0x60, 0x6e, 0x8f, 0xb4, 0x1b, 0x3d, 0x6d, 0x19, 0xd8, 0xaf, 0x0b,
    0x84, 0xef, 0x84, 0x04, 0x5c, 0xb2, 0xfb, 0x2e, 0xd0, 0xad, 0xff, 0x0d, 0x9b, 0x88, 0x34, 0xc5,
    0x87, 0x1b, 0xf8, 0x75, 0xbd, 0xb0, 0x19, 0xe4, 0xb3, 0x50, 0x80, 0xc0, 0xeb, 0x16, 0x67, 0xbc,
    0x83, 0xbd, 0xe4, 0x88, 0xa4, 0xe4, 0xda, 0x04, 0x89, 0x38, 0x4d, 0x2f, 0xc0, 0x6f, 0x19, 0x91,
    0x1c, 0xe2, 0xb5, 0x59, 0x8b, 0xd4, 0xc6, 0xfd, 0x2d, 0xec, 0xe3, 0x1c, 0xa5, 0x23, 0x3c, 0x9a,
    0x63, 0xc4, 0x67, 0x4e, 0xf3, 0x9a, 0xcf, 0xbc, 0x20, 0xfc, 0x56, 0x38, 0x49, 0x56, 0x52, 0x70,
    0xf2, 0xa8, 0xe5, 0xd6, 0x3c, 0x22, 0xb0, 0x68, 0x71, 0x5e, 0xf2, 0xa9, 0x20, 0xc6, 0xbc, 0x3a,
    0xe9, 0x79, 0x7f, 0x5e, 0x8e, 0x98, 0x5b, 0x7f, 0xa4, 0x02, 0x50, 0x8f, 0x3a, 0xd4, 0x4f, 0x32,
    0x92, 0xa3, 0x9b, 0x97, 0xe7, 0x77, 0xc6, 0xc8, 0xcf, 0x9b, 0xce, 0xf5, 0xa6, 0x23, 0x7d, 0x24,
    0x03, 0x51, 0x7a, 0xd6, 0x0f, 0x62, 0x13, 0x83, 0x88, 0x7d, 0x2d, 0x01, 0x01, 0x00, 0x21, 0xf9,
    0x04, 0x01, 0x08, 0x00, 0x20, 0x00, 0x2c, 0x0d, 0x00, 0x0e, 0x00, 0x89, 0x00, 0x8a, 0x00, 0x84,
    0xff, 0xff, 0xff, 0xff, 0xff, 0xfe, 0xfe, 0xfe, 0xfe, 0xfd, 0xfd, 0xfd, 0xfd, 0xfd, 0xfb, 0xfd,
    0xfd, 0xfa, 0xfc, 0xfc, 0xfb, 0xfb, 0xfb, 0xfa, 0xfa, 0xfa, 0xfa, 0xfa, 0xfa, 0xf8, 0xfa, 0xfa,
    0xf7, 0xf9, 0xf9, 0xf8, 0xf9, 0xf9, 0xf7, 0xf9, 0xf9, 0xf6, 0xf8, 0xf8, 0xf6, 0xf4, 0xf4, 0xf2,
    0xed, 0xed, 0xeb, 0xe6, 0xe6, 0xe5, 0xdb, 0xdb, 0xdb, 0xd3, 0xd3, 0xd3, 0xca, 0xca, 0xca, 0xaf,
    0xaf, 0xaf, 0x92, 0x92, 0x92, 0x65, 0x65, 0x65, 0x45, 0x45, 0x45, 0x3b, 0x3b, 0x3b, 0x33, 0x33,
    0x33, 0x30, 0x30, 0x30, 0x1f, 0x1f, 0x1f, 0x0d, 0x0d, 0x0d, 0x0a, 0x0a, 0x0a, 0x03, 0x03, 0x03,
    0x08, 0xff, 0x00, 0x41, 0x08, 0x1c, 0x48, 0xb0, 0xa0, 0xc1, 0x83, 0x08, 0x13, 0x2a, 0x2c, 0xf8,
    0xa0, 0x21, 0xc2, 0x86, 0x0f, 0x16, 0x4a, 0x9c, 0x48, 0xb1, 0xa2, 0xc5, 0x8b, 0x18, 0x41, 0x44,
    0xa4, 0x20, 0x61, 0x02, 0x85, 0x8f, 0x20, 0x3a, 0x4e, 0x90, 0x20, 0x72, 0x02, 0x88, 0x8f, 0x1f,
    0x25, 0x70, 0xcc, 0xc8, 0xb2, 0xa5, 0xcb, 0x97, 0x05, 0x27, 0x78, 0xa4, 0x60, 0xd2, 0x21, 0xc5,
    0x88, 0x33, 0x65, 0xc2, 0xdc, 0xc9, 0x93, 0xe7, 0x03, 0x95, 0x2b, 0x21, 0xf4, 0xd4, 0x28, 0xf0,
    0xe3, 0x04, 0xa1, 0x43, 0x93, 0x2a, 0x25, 0xf8, 0x93, 0x42, 0x05, 0x0a, 0x4b, 0x0f, 0x3a, 0xa5,
    0x19, 0xb5, 0x2a, 0xcc, 0x09, 0x4f, 0xad, 0x2a, 0x9c, 0xaa, 0xb5, 0x2b, 0x45, 0x90, 0x5e, 0x25,
    0x62, 0x95, 0x10, 0xb6, 0xac, 0x40, 0xac, 0x13, 0x22, 0x9a, 0x95, 0x28, 0xe1, 0xa9, 0xda, 0xb5,
    0x4b, 0xb1, 0x52, 0x78, 0x0b, 0x57, 0x6c, 0xd6, 0xba, 0x43, 0x3f, 0xd2, 0xc5, 0x3b, 0xd1, 0x23,
    0xdf, 0x97, 0x3f, 0x25, 0xec, 0xfd, 0x4b, 0x58, 0x2b, 0xd9, 0xc2, 0x2d, 0x49, 0x22, 0x96, 0xf8,
    0xc0, 0xe4, 0xe2, 0x97, 0x8e, 0x1f, 0x4b, 0x95, 0x0c, 0x98, 0x2a, 0xe5, 0xb3, 0x50, 0x2f, 0x43,
    0x9e, 0x2b, 0xf9, 0x41, 0x66, 0xcd, 0x3b, 0x3f, 0x23, 0x16, 0x0c, 0xba, 0xe7, 0x61, 0xc2, 0x3f,
    0x4b, 0x27, 0x3d, 0x8d, 0x97, 0xb5, 0xea, 0x9e, 0xa9, 0xeb, 0x2a, 0x7e, 0x1d, 0x17, 0xee, 0x6c,
    0xda, 0xb5, 0xcb, 0xde, 0xc6, 0x9d, 0xbb, 0xeb, 0x6e, 0xde, 0xbd, 0x81, 0x0b, 0x1f, 0x4e, 0x9c,
    0xa2, 0x6b, 0xd8, 0xc7, 0x8b, 0xaf, 0x8e, 0xca, 0x59, 0xb9, 0x55, 0xd1, 0x3c, 0x23, 0x3b, 0xaf,
    0xfa, 0xa0, 0x42, 0x52, 0xe9, 0xd3, 0xab, 0x42, 0x6f, 0xe9, 0x39, 0xbb, 0x57, 0xcb, 0x90, 0xbd,
    0x87, 0xff, 0xdd, 0x2e, 0xbe, 0x74, 0xf7, 0xf2, 0xbc, 0x93, 0x57, 0x1c, 0x8c, 0x3e, 0x2a, 0x76,
    0x8b, 0xea, 0xdb, 0x2f, 0xb5, 0x8e, 0xb1, 0xb9, 0xfc, 0xae, 0x2b, 0xe1, 0xbf, 0xbf, 0x5f, 0x95,
    0x7e, 0xc5, 0x0a, 0xec, 0xf1, 0x37, 0x1f, 0x79, 0x08, 0xf9, 0x25, 0x60, 0x58, 0x00, 0x4e, 0x54,
    0xdd, 0x81, 0x61, 0x55, 0x47, 0x60, 0x41, 0x16, 0x6c, 0xf0, 0x57, 0x06, 0x49, 0x61, 0x80, 0x41,
    0x5d, 0x16, 0x4c, 0x94, 0xa1, 0x84, 0x78, 0x69, 0x20, 0xa1, 0x06, 0x3b, 0x6d, 0xc0, 0x01, 0x07,
    0x6b, 0x49, 0x78, 0x41, 0x7c, 0x03, 0x5d, 0x20, 0xa1, 0x05, 0x2c, 0xb6, 0xe8, 0xe2, 0x8b, 0x30,
    0xc6, 0x28, 0x63, 0x8c, 0x15, 0x5c, 0x30, 0x62, 0x4f, 0x1b, 0x58, 0x50, 0xc1, 0x8c, 0x3c, 0xf6,
    0xd8, 0xe3, 0x40, 0x09, 0x26, 0x94, 0x59, 0x86, 0x70, 0x59, 0xc0, 0xc1, 0x07, 0x1e, 0x78, 0xc0,
    0xd3, 0x07, 0x19, 0x54, 0x00, 0x00, 0x00, 0x65, 0x55, 0xb0, 0xe2, 0x42, 0x17, 0x14, 0xe5, 0x95,
    0x01, 0x08, 0x2c, 0x00, 0x00, 0x05, 0x1b, 0x7c, 0x80, 0x64, 0x52, 0x5e, 0x62, 0x10, 0x01, 0x94,
    0x07, 0x18, 0x70, 0xc0, 0x78, 0x01, 0xa6, 0x18, 0xd6, 0x00, 0x20, 0x00, 0x60, 0x81, 0x07, 0x1f,
    0x74, 0x90, 0x64, 0x52, 0x1d, 0x74, 0xf0, 0x01, 0x07, 0x4e, 0x0e, 0x20, 0x00, 0x94, 0x56, 0x45,
    0x08, 0x82, 0x7f, 0x06, 0x59, 0xb7, 0x01, 0xa0, 0x55, 0xb1, 0xf9, 0xc0, 0x05, 0x48, 0xca, 0xa9,
    0xe4, 0x52, 0x76, 0x7e, 0x60, 0x01, 0x00, 0x7a, 0xf2, 0xe9, 0x9e, 0x40, 0x27, 0xb2, 0xa7, 0xe2,
    0x9a, 0x20, 0x40, 0x90, 0xc1, 0x07, 0x20, 0xcc, 0x69, 0x55, 0x9d, 0x1f, 0x5c, 0x00, 0x80, 0x01,
    0x7b, 0x5a, 0x55, 0xe5, 0x49, 0x48, 0x19, 0xb4, 0xc1, 0xa9, 0x56, 0xb1, 0xa9, 0x29, 0xa7, 0x9e,
    0x76, 0xff, 0x65, 0xa7, 0xa8, 0x91, 0x56, 0xe5, 0x27, 0xa1, 0x02, 0x09, 0x4a, 0x64, 0x55, 0x02,
    0x08, 0xf0, 0x6a, 0xa7, 0x8b, 0x86, 0x35, 0xeb, 0xa8, 0x6d, 0x32, 0x47, 0x29, 0x69, 0x04, 0xf9,
    0xb9, 0xdf, 0x50, 0x07, 0x00, 0x80, 0xa8, 0xa2, 0x07, 0x75, 0x50, 0x50, 0xac, 0x30, 0xd9, 0xf9,
    0xe8, 0x99, 0x92, 0x0e, 0xa5, 0xd6, 0x05, 0xef, 0x5d, 0xaa, 0xd5, 0x99, 0x16, 0xc4, 0x49, 0xad,
    0x40, 0x8d, 0x4e, 0x2b, 0x6d, 0xb0, 0x2f, 0xd9, 0x49, 0x01, 0xb1, 0xd9, 0xf6, 0x74, 0x6b, 0x41,
    0x64, 0xad, 0x6a, 0x95, 0x01, 0x27, 0x89, 0x8b, 0x2e, 0x08, 0xd2, 0xde, 0x79, 0xc1, 0x53, 0x14,
    0x58, 0x70, 0x81, 0x9d, 0xc0, 0xee, 0x64, 0x27, 0x07, 0x11, 0xb0, 0xd9, 0x2e, 0x4f, 0x52, 0x82,
    0xb0, 0x6b, 0xae, 0x20, 0x0c, 0xca, 0xeb, 0x00, 0x10, 0x1c, 0x29, 0x67, 0x41, 0x00, 0x5b, 0xf0,
    0xc0, 0x93, 0x04, 0x45, 0x80, 0x68, 0x92, 0xf7, 0xb2, 0x64, 0x27, 0x06, 0xec, 0x2a, 0x75, 0x58,
    0xa5, 0x03, 0x29, 0x5b, 0x95, 0x01, 0xce, 0xda, 0x4b, 0x10, 0xc0, 0xeb, 0x02, 0x50, 0x26, 0xbd,
    0xd8, 0xba, 0x89, 0xe4, 0xb8, 0x1e, 0x7f, 0xe0, 0x24, 0xca, 0x07, 0x03, 0x36, 0x90, 0x68, 0xde,
    0x46, 0xc5, 0x26, 0x05, 0x1c, 0x77, 0x7c, 0x12, 0x00, 0x08, 0x94, 0x4a, 0xd0, 0x00, 0x08, 0xc8,
    0xcc, 0x71, 0xb5, 0x1f, 0x6c, 0xf0, 0x40, 0xad, 0x49, 0x5d, 0xfa, 0x59, 0x44, 0xf2, 0xfa, 0x0c,
    0x00, 0x06, 0x71, 0x1a, 0x64, 0xa7, 0x93, 0x08, 0x14, 0x7b, 0x50, 0xd2, 0xcf, 0xd2, 0x8c, 0x91,
    0xb5, 0x21, 0x0f, 0x75, 0xeb, 0x61, 0x26, 0xe5, 0x18, 0x15, 0xbd, 0x14, 0xa8, 0x3c, 0x90, 0x9d,
    0x19, 0xb8, 0xec, 0xf5, 0x41, 0x03, 0x40, 0xac, 0xa8, 0xd0, 0x19, 0x71, 0x00, 0x41, 0xaf, 0x39,
    0xbb, 0xff, 0x44, 0x9f, 0x05, 0xa4, 0x41, 0xa5, 0xf6, 0x52, 0x28, 0x87, 0x8d, 0xae, 0xb5, 0x02,
    0x34, 0xdb, 0xb7, 0x40, 0x85, 0xbb, 0xed, 0x12, 0xd9, 0xd8, 0xe6, 0x25, 0x10, 0xe0, 0x93, 0x4b,
    0xf8, 0xa0, 0x4b, 0x02, 0x80, 0x10, 0xc1, 0xdd, 0x06, 0x79, 0x30, 0x01, 0xa4, 0x18, 0x27, 0x04,
    0xae, 0xe3, 0x2d, 0xc1, 0x5d, 0xf7, 0xdc, 0x43, 0x71, 0x5b, 0xf9, 0x49, 0x4b, 0x8d, 0x0e, 0x2d,
    0x41, 0x77, 0x42, 0x00, 0xe5, 0xe2, 0x8c, 0xd7, 0xfb, 0x3a, 0x4c, 0x1f, 0xac, 0x4b, 0x2f, 0xed,
    0x17, 0x51, 0xad, 0x3a, 0x08, 0x3d, 0x2b, 0x55, 0xf7, 0xa6, 0x08, 0xdd, 0x79, 0xb1, 0xd1, 0x09,
    0xb1, 0x4d, 0x7a, 0xe9, 0xa1, 0xca, 0xcd, 0xfb, 0x45, 0x52, 0x93, 0x75, 0x69, 0x9a, 0x2d, 0x65,
    0xbe, 0xf9, 0xd2, 0x07, 0x49, 0x00, 0xfa, 0x42, 0x67, 0x56, 0xb0, 0x7c, 0xcd, 0x19, 0xe8, 0x89,
    0x3a, 0x4c, 0xd1, 0x03, 0x2f, 0x21, 0xf5, 0x2c, 0xd1, 0xeb, 0xfd, 0xed, 0x6f, 0xdb, 0x9c, 0x78,
    0xe8, 0x08, 0x9d, 0x69, 0xf8, 0x50, 0x63, 0x8e, 0xff, 0x52, 0xf9, 0x0d, 0xb3, 0x3a, 0x14, 0xbd,
    0xf3, 0x53, 0xdc, 0x7c, 0xe4, 0x08, 0x11, 0xc0, 0x00, 0x1c, 0x70, 0x24, 0xbc, 0xd5, 0xec, 0x66,
    0xf6, 0x6b, 0xc9, 0xd9, 0x7c, 0xb7, 0x94, 0x01, 0x5c, 0x4d, 0x5c, 0x0a, 0xf9, 0x9c, 0xe2, 0x10,
    0xd2, 0xb5, 0x70, 0xb1, 0x2f, 0x5d, 0x8e, 0x72, 0x9e, 0xbb, 0x24, 0x54, 0x01, 0xd2, 0x54, 0x6d,
    0x28, 0xbd, 0x7a, 0x80, 0xc4, 0x12, 0x62, 0x27, 0x0d, 0xc8, 0x6e, 0x82, 0x05, 0x49, 0x1a, 0x05,
    0x38, 0xd7, 0x93, 0x61, 0x19, 0x6c, 0x83, 0x7f, 0x3a, 0xcc, 0x07, 0x7b, 0x92, 0x39, 0x11, 0xce,
    0x8c, 0x84, 0x4c, 0xba, 0x58, 0x99, 0xf4, 0x24, 0xc0, 0xdd, 0xad, 0x30, 0x6b, 0x74, 0xfa, 0x00,
    0xc8, 0xff, 0x5e, 0xc8, 0x93, 0xb3, 0x09, 0x64, 0x86, 0x3c, 0xf9, 0x59, 0xd0, 0x14, 0x52, 0xc2,
    0x96, 0x05, 0x6a, 0x84, 0x4a, 0x19, 0xd8, 0x03, 0xf8, 0x06, 0xc3, 0x0e, 0x1e, 0x51, 0x7f, 0x3c,
    0x51, 0xdf, 0xf7, 0xfc, 0x07, 0x02, 0x0c, 0x54, 0xe0, 0x28, 0x10, 0xe8, 0xd7, 0xa6, 0x80, 0xb8,
    0x94, 0xd8, 0x01, 0x00, 0x79, 0x30, 0x31, 0x62, 0xfe, 0x94, 0xa2, 0xbc, 0x0b, 0x46, 0x0b, 0x04,
    0x9c, 0xea, 0xc0, 0x88, 0xbc, 0x84, 0x2f, 0xb1, 0x2d, 0x49, 0x6f, 0x67, 0x7c, 0x5e, 0x45, 0xd4,
    0x88, 0xc4, 0x9d, 0xb4, 0xd1, 0x8e, 0x5a, 0x93, 0x93, 0x97, 0x3c, 0x70, 0x2e, 0x03, 0xee, 0xc4,
    0x8c, 0x68, 0x7c, 0x49, 0xc2, 0xac, 0x38, 0xbd, 0xa4, 0xfc, 0xd1, 0x90, 0x85, 0x41, 0xa4, 0x1e,
    0x29, 0xe2, 0x27, 0xaa, 0x34, 0x72, 0x7f, 0xb6, 0x03, 0x24, 0x62, 0x8c, 0x97, 0xc7, 0x9e, 0x48,
    0xcd, 0x24, 0x97, 0xa4, 0x61, 0xa6, 0x0a, 0x08, 0xc9, 0xbf, 0x7c, 0x4c, 0x80, 0x09, 0x64, 0xc9,
    0x27, 0x1f, 0x60, 0x32, 0x10, 0x6a, 0xa4, 0x80, 0xaa, 0xf9, 0x18, 0xa4, 0x52, 0x89, 0x91, 0x6d,
    0xe9, 0xa4, 0x92, 0xc2, 0xeb, 0x22, 0xa7, 0x62, 0x99, 0x41, 0x00, 0xf2, 0x64, 0x55, 0x1d, 0xf9,
    0x53, 0xc3, 0x70, 0x05, 0x13, 0xfe, 0x6d, 0x11, 0x31, 0x5b, 0xd3, 0xe0, 0x4e, 0x1c, 0x03, 0x38,
    0xb2, 0x08, 0x6e, 0x61, 0x3c, 0xe9, 0xde, 0x31, 0x11, 0xe3, 0x01, 0xed, 0x39, 0xb0, 0x27, 0x43,
    0xba, 0x4d, 0x1f, 0x61, 0xc2, 0x26, 0x09, 0x2c, 0xf1, 0x32, 0x76, 0xda, 0x40, 0xd1, 0x68, 0x89,
    0x11, 0x35, 0x9a, 0x8f, 0x28, 0x49, 0x11, 0x00, 0x02, 0xba, 0x24, 0x2d, 0xcd, 0x0c, 0x6b, 0x77,
    0x9e, 0xb4, 0x5c, 0x64, 0x2e, 0x85, 0x22, 0x96, 0xc8, 0x6f, 0x9a, 0x7c, 0x49, 0x26, 0x3c, 0x93,
    0x02, 0xff, 0x1e, 0xfa, 0x10, 0xf3, 0x25, 0x6c, 0x9a, 0xc0, 0x37, 0x1f, 0x13, 0x4e, 0x07, 0x50,
    0x31, 0x6a, 0x1d, 0x51, 0x4b, 0xda, 0xa0, 0x99, 0xc4, 0x07, 0x4e, 0x4c, 0x32, 0x90, 0x23, 0xe7,
    0x45, 0xfe, 0x16, 0x4c, 0x81, 0x30, 0x50, 0x29, 0xd2, 0x74, 0x63, 0x61, 0xac, 0x39, 0x49, 0x4a,
    0x72, 0x70, 0x24, 0x04, 0xa1, 0xa7, 0x52, 0x7a, 0xe5, 0x00, 0x76, 0x42, 0xb4, 0x79, 0xfb, 0xe4,
    0xc9, 0x27, 0x0b, 0x22, 0xa8, 0x7f, 0xbe, 0x44, 0x8b, 0x1a, 0xe5, 0x8b, 0x04, 0x04, 0x08, 0x3f,
    0x98, 0x8c, 0x2c, 0xa1, 0x04, 0x89, 0x17, 0x16, 0x7b, 0x82, 0x32, 0xac, 0x9d, 0xab, 0x30, 0x64,
    0x4b, 0xe9, 0x4e, 0x12, 0x06, 0xb8, 0x6e, 0x71, 0xa8, 0x81, 0x02, 0xf0, 0x26, 0xf6, 0xf2, 0xd9,
    0xb4, 0x05, 0x90, 0xaa, 0xa3, 0x14, 0xf9, 0xe4, 0x71, 0x16, 0xb9, 0x36, 0x85, 0xe1, 0xd3, 0x2b,
    0x1e, 0x58, 0x97, 0x03, 0xa1, 0x5a, 0x91, 0x13, 0x91, 0x47, 0xa7, 0x27, 0x4b, 0x59, 0x4c, 0x65,
    0x95, 0x41, 0xa1, 0xee, 0xc4, 0x4f, 0x45, 0x45, 0xc8, 0xa9, 0xea, 0x59, 0x3d, 0x88, 0x69, 0x60,
    0x97, 0xa5, 0x8c, 0xe2, 0xff, 0x24, 0x9a, 0x91, 0x53, 0xd1, 0x44, 0x3d, 0xba, 0x3a, 0x19, 0x08,
    0x26, 0x60, 0xa7, 0x76, 0x9a, 0x05, 0x6e, 0x4f, 0x4b, 0x64, 0x68, 0x8e, 0x75, 0xb9, 0x2b, 0x9d,
    0xa4, 0xaf, 0x9d, 0x12, 0x16, 0x93, 0x64, 0xb7, 0x55, 0xa5, 0x9c, 0xaa, 0x83, 0xcb, 0x5a, 0x9d,
    0x4b, 0x77, 0x72, 0xa6, 0x1f, 0xfe, 0x54, 0x2b, 0x70, 0x63, 0x6c, 0x4d, 0xa3, 0x26, 0x13, 0x14,
    0x8d, 0xec, 0x5b, 0x7b, 0x7d, 0x6b, 0xc0, 0xa2, 0x02, 0xaa, 0x0b, 0x68, 0x96, 0xab, 0x1e, 0x55,
    0x98, 0x4a, 0x24, 0x52, 0x25, 0x87, 0xcd, 0x2b, 0x53, 0x1b, 0x1b, 0x2b, 0xf3, 0x32, 0x08, 0x3a,
    0xd4, 0xff, 0x5e, 0xe4, 0xae, 0x12, 0xc9, 0xcc, 0x4e, 0xd9, 0xd8, 0xa6, 0x37, 0xc5, 0xe9, 0xa1,
    0x02, 0x83, 0x23, 0x9e, 0x20, 0x25, 0x58, 0x18, 0x02, 0xae, 0xb0, 0x6a, 0x72, 0xad, 0x55, 0x68,
    0x3a, 0x01, 0xac, 0xfd, 0x56, 0x93, 0x12, 0x01, 0x15, 0xf0, 0x64, 0x27, 0x10, 0xdb, 0xd6, 0x47,
    0x27, 0x13, 0xd1, 0x6d, 0x58, 0x70, 0x26, 0xa5, 0x41, 0x5e, 0xb6, 0x22, 0x75, 0x82, 0x53, 0x17,
    0x5b, 0x66, 0xd6, 0xa4, 0xa0, 0x75, 0xb5, 0x7b, 0x1c, 0xe6, 0x9a, 0x1c, 0x88, 0x80, 0x0a, 0x60,
    0x40, 0xbc, 0x84, 0x2c, 0x64, 0xb4, 0xda, 0x29, 0xde, 0x0e, 0xec, 0xeb, 0x49, 0x4f, 0xd5, 0x4a,
    0x64, 0x64, 0x12, 0xd9, 0xec, 0xd5, 0x05, 0x67, 0x7b, 0x55, 0x91, 0x78, 0xdf, 0xe6, 0x57, 0x38,
    0xed, 0x12, 0x5f, 0x19, 0xb0, 0xc0, 0x98, 0xce, 0xd8, 0x58, 0xad, 0x9c, 0xea, 0xb8, 0xe5, 0x9c,
    0x52, 0x59, 0x04, 0x00, 0xcf, 0x03, 0x60, 0xe5, 0x02, 0x18, 0x98, 0xe3, 0x81, 0x41, 0x30, 0x22,
    0x0c, 0xec, 0x6b, 0xc1, 0x20, 0x30, 0x00, 0x80, 0xbb, 0x92, 0xb0, 0x13, 0x81, 0xb4, 0x77, 0x3b,
    0x83, 0xcb, 0x00, 0x50, 0xa8, 0x91, 0x30, 0xa2, 0xe4, 0x23, 0x10, 0x70, 0x40, 0xe8, 0x12, 0xb7,
    0x27, 0xeb, 0x66, 0xe4, 0x42, 0x31, 0x44, 0x2e, 0x42, 0x74, 0xbc, 0xdc, 0x15, 0x1b, 0xe0, 0x9a,
    0x08, 0xf1, 0x71, 0x83, 0xcb, 0xf2, 0x60, 0x95, 0xb0, 0x35, 0x21, 0x68, 0x2d, 0x4c, 0xaf, 0x44,
    0x3c, 0x10, 0x1e, 0x6e, 0x36, 0x4a, 0x26, 0xe2, 0x2f, 0xfa, 0x14, 0xa2, 0x16, 0xe5, 0x32, 0xe8,
    0x22, 0x91, 0xe9, 0x20, 0x8f, 0x23, 0x38, 0x90, 0xfe, 0x5e, 0xf9, 0x20, 0x6f, 0x39, 0xee, 0x91,
    0x25, 0x92, 0x30, 0x74, 0x7e, 0x59, 0x43, 0x26, 0x12, 0xc9, 0x94, 0xa3, 0x6a, 0xa2, 0x33, 0xa3,
    0xb9, 0xff, 0x28, 0x06, 0xf2, 0xc9, 0x83, 0xdd, 0xac, 0x10, 0xff, 0x68, 0x79, 0xcc, 0x15, 0x91,
    0x21, 0x43, 0xe9, 0x7c, 0x12, 0x0e, 0x1d, 0xd7, 0xcb, 0x2c, 0xc9, 0x32, 0x9f, 0x09, 0x12, 0x99,
    0xa2, 0xa6, 0x45, 0x29, 0x11, 0xb1, 0xf3, 0xa0, 0x43, 0x92, 0x22, 0x91, 0x68, 0x45, 0xd1, 0x74,
    0x9e, 0xa7, 0xa3, 0x49, 0x5c, 0x32, 0x37, 0x7f, 0xc6, 0xc4, 0x5b, 0x86, 0x09, 0x7d, 0x06, 0xc7,
    0xa0, 0x32, 0x63, 0x7a, 0x2d, 0xfe, 0xb9, 0xc0, 0x9a, 0x95, 0xb3, 0xab, 0x4f, 0xc3, 0x25, 0x33,
    0xc0, 0xbc, 0xcf, 0xa1, 0xfc, 0xdc, 0x91, 0x4c, 0xf3, 0x93, 0x20, 0x93, 0x25, 0x8e, 0x74, 0x0c,
    0x5d, 0x98, 0x53, 0xe5, 0x68, 0xd4, 0xaf, 0x01, 0x14, 0x64, 0x01, 0x1d, 0x96, 0x85, 0xb9, 0xfa,
    0x32, 0xde, 0xba, 0x00, 0x47, 0xc0, 0x83, 0x18, 0x40, 0xed, 0x19, 0x37, 0xc6, 0x6e, 0xf5, 0xa1,
    0x25, 0x23, 0x01, 0x5b, 0x0b, 0x13, 0x38, 0x14, 0x08, 0x36, 0x64, 0xf3, 0xa3, 0x19, 0xff, 0xac,
    0xea, 0xd7, 0xb6, 0x59, 0x98, 0x05, 0x46, 0x42, 0x6c, 0xd0, 0x4c, 0x40, 0x7f, 0xc2, 0x06, 0x8d,
    0x04, 0x16, 0xb6, 0xaf, 0x56, 0x23, 0x8b, 0x36, 0x35, 0x0a, 0x29, 0xb6, 0xab, 0x32, 0x6e, 0x08,
    0x91, 0xa4, 0xdb, 0xbc, 0x81, 0xe6, 0xbe, 0x0a, 0x13, 0xed, 0x86, 0x95, 0x6c, 0x24, 0x1e, 0x39,
    0xf7, 0x70, 0xda, 0x3d, 0x90, 0x15, 0xf1, 0x7a, 0x35, 0xfe, 0x82, 0x10, 0x47, 0xf2, 0x2d, 0x9e,
    0xb6, 0xb0, 0xca, 0x44, 0x16, 0xb0, 0x8f, 0x7b, 0xd2, 0x7d, 0xd4, 0x0b, 0x24, 0x5c, 0xd9, 0xed,
    0xf9, 0xc9, 0x8e, 0x08, 0xc2, 0xa1, 0x7d, 0x2d, 0x7b, 0x27, 0x6d, 0x09, 0xf8, 0x06, 0x1a, 0xfe,
    0x45, 0x88, 0xf3, 0x67, 0x23, 0xe9, 0xee, 0x77, 0xc5, 0x75, 0x04, 0x95, 0x51, 0xe3, 0xa4, 0x5f,
    0x07, 0x6d, 0x0f, 0xe9, 0xc3, 0xcd, 0xfd, 0xe5, 0x88, 0xa8, 0x24, 0xe4, 0x22, 0x0f, 0xe9, 0x05,
    0x1c, 0x1e, 0xa3, 0x99, 0xeb, 0x6f, 0xe3, 0x05, 0x71, 0x38, 0x47, 0x94, 0x8d, 0x67, 0xf1, 0xa8,
    0xa5, 0x23, 0x3b, 0xda, 0xe9, 0xc6, 0x87, 0x4e, 0xf4, 0xa2, 0x0f, 0x3d, 0xe7, 0x24, 0x27, 0x89,
    0x47, 0x40, 0x8a, 0x6b, 0xf9, 0xbc, 0x05, 0x28, 0x3b, 0xf2, 0xd7, 0x6e, 0x0f, 0x32, 0x73, 0x16,
    0xf1, 0x4b, 0xe9, 0xfc, 0x25, 0x4b, 0xd3, 0xaf, 0xfc, 0x73, 0xac, 0xa3, 0xa4, 0x02, 0x60, 0x0f,
    0x3b, 0xd8, 0x51, 0x32, 0x12, 0x92, 0x94, 0x84, 0xe9, 0x8b, 0x46, 0xb1, 0x40, 0xcc, 0xce, 0x76,
    0xb6, 0xf3, 0xb7, 0xb3, 0xa7, 0xd9, 0x7a, 0xda, 0xa9, 0x1c, 0x20, 0xb9, 0xf3, 0x25, 0x20, 0x00,
    0x21, 0xf9, 0x04, 0x01, 0x08, 0x00, 0x20, 0x00, 0x2c, 0x0d, 0x00, 0x0e, 0x00, 0x89, 0x00, 0x8a,
    0x00, 0x84, 0xff, 0xff, 0xff, 0xff, 0xff, 0xfe, 0xfe, 0xfe, 0xfe, 0xfd, 0xfd, 0xfd, 0xfd, 0xfd,
    0xfb, 0xfd, 0xfd, 0xfa, 0xfc, 0xfc, 0xfb, 0xfb, 0xfb, 0xfa, 0xfa, 0xfa, 0xfa, 0xfa, 0xfa, 0xf8,
    0xfa, 0xfa, 0xf7, 0xf9, 0xf9, 0xf8, 0xf9, 0xf9, 0xf7, 0xf9, 0xf9, 0xf6, 0xf8, 0xf8, 0xf6, 0xf4,
    0xf4, 0xf3, 0xed, 0xed, 0xeb, 0xe6, 0xe6, 0xe5, 0xdb, 0xdb, 0xda, 0xd2, 0xd2, 0xd2, 0xc8, 0xc8,
    0xc8, 0xac, 0xac, 0xac, 0x91, 0x91, 0x91, 0x66, 0x66, 0x66, 0x45, 0x45, 0x45, 0x3b, 0x3b, 0x3b,
    0x33, 0x33, 0x33, 0x2f, 0x2f, 0x30, 0x1e, 0x1e, 0x1f, 0x0d, 0x0d, 0x0d, 0x0a, 0x0a, 0x0a, 0x03,
    0x03, 0x03, 0x08, 0xff, 0x00, 0x41, 0x08, 0x1c, 0x48, 0xb0, 0xa0, 0xc1, 0x83, 0x08, 0x13, 0x2a,
    0x2c, 0xf8, 0xa0, 0x21, 0xc2, 0x86, 0x0f, 0x16, 0x4a, 0x9c, 0x48, 0xb1, 0xa2, 0xc5, 0x8b, 0x18,
    0x41, 0x44, 0x9c, 0x20, 0x61, 0x02, 0x85, 0x8f, 0x20, 0x3a, 0x72, 0x14, 0x39, 0x01, 0xc4, 0xc7,
    0x8f, 0x12, 0x28, 0x48, 0xc8, 0xc8, 0xb2, 0xa5, 0xcb, 0x97, 0x05, 0x27, 0x78, 0xa4, 0x50, 0xd2,
    0x21, 0xc5, 0x8d, 0x1f, 0x39, 0xc2, 0xdc, 0xc9, 0x93, 0xe7, 0x83, 0x94, 0x2a, 0x35, 0xf6, 0x14,
    0x6a, 0x92, 0x66, 0xc4, 0xa1, 0x48, 0x93, 0x12, 0xfc, 0x79, 0x52, 0xe9, 0xc1, 0x99, 0x25, 0x9d,
    0x4a, 0x7d, 0x39, 0x73, 0xaa, 0xc2, 0x09, 0x15, 0x28, 0x58, 0xdd, 0x4a, 0x11, 0x24, 0x57, 0x89,
    0x1e, 0x57, 0x7e, 0x1d, 0x0b, 0x02, 0xeb, 0x84, 0xa3, 0x64, 0x17, 0x02, 0x45, 0x9b, 0x36, 0x29,
    0x56, 0x0a, 0x6c, 0xdb, 0x2e, 0x7c, 0x2b, 0x17, 0xa9, 0xd1, 0xba, 0x17, 0x3d, 0xe2, 0x7d, 0xf9,
    0x53, 0x42, 0xdc, 0xbd, 0x80, 0xad, 0x8a, 0x0d, 0xcc, 0x52, 0xc2, 0x60, 0xc2, 0x09, 0x1f, 0x44,
    0x45, 0xec, 0x72, 0x31, 0x63, 0x83, 0x5a, 0x1f, 0xbb, 0x7c, 0x40, 0x53, 0xf2, 0x40, 0xbd, 0x96,
    0xa9, 0xc2, 0x7d, 0x4c, 0x39, 0x73, 0xcf, 0xc8, 0x88, 0xfd, 0x7a, 0xee, 0x79, 0x18, 0xef, 0xcf,
    0xd1, 0x48, 0x4b, 0xb7, 0x55, 0x8d, 0x7a, 0xe7, 0x69, 0xb9, 0x86, 0x5b, 0x3b, 0x75, 0xfc, 0x35,
    0xb6, 0xec, 0xd9, 0x64, 0x6d, 0xdf, 0xc6, 0xcd, 0x55, 0xf7, 0x6e, 0xde, 0xbf, 0x83, 0x0b, 0x1f,
    0x5e, 0x91, 0xb5, 0x6b, 0xe3, 0xc4, 0x49, 0x3b, 0xdd, 0x9c, 0x7c, 0x2a, 0xe8, 0x9e, 0xb4, 0x9b,
    0x2b, 0xed, 0x3c, 0x34, 0xba, 0x74, 0xa5, 0xcf, 0x27, 0x67, 0xbf, 0xbe, 0xdc, 0x3a, 0x46, 0xef,
    0xdc, 0x93, 0x6e, 0xff, 0x0f, 0x3f, 0x9a, 0x3a, 0xf9, 0xdb, 0xc8, 0x27, 0xfe, 0x3d, 0x0f, 0x1c,
    0x63, 0x7a, 0xf6, 0x76, 0x33, 0x32, 0x87, 0xbf, 0x35, 0xa8, 0xc5, 0x8e, 0xf4, 0xc7, 0x56, 0xb8,
    0x58, 0x61, 0x7d, 0x7e, 0xa5, 0x15, 0x80, 0x67, 0x10, 0x66, 0xff, 0x71, 0xd5, 0x9f, 0x7a, 0xfb,
    0x15, 0xc8, 0xd5, 0x03, 0x59, 0x4d, 0x64, 0xc1, 0x06, 0x75, 0x65, 0x90, 0x01, 0x52, 0x18, 0xe0,
    0x65, 0x81, 0x83, 0x1c, 0x6c, 0xc0, 0xc1, 0x86, 0x1c, 0x76, 0xe8, 0xe1, 0x87, 0x20, 0x86, 0x08,
    0xe2, 0x06, 0x1a, 0x80, 0x50, 0xe2, 0x4b, 0x10, 0x6a, 0x28, 0xe2, 0x8a, 0x2c, 0xb6, 0x98, 0x21,
    0x07, 0x17, 0xbc, 0x07, 0x02, 0x06, 0x10, 0x5a, 0x60, 0xe3, 0x8d, 0x38, 0xe6, 0xa8, 0xe3, 0x8e,
    0x3c, 0xe6, 0x58, 0x81, 0x05, 0x19, 0xb8, 0x28, 0xe4, 0x86, 0x17, 0xfc, 0xd8, 0xe3, 0x91, 0x48,
    0x26, 0x39, 0xd0, 0x81, 0x09, 0x45, 0x76, 0x61, 0x6e, 0x18, 0x78, 0x20, 0x25, 0x4f, 0x1f, 0x74,
    0x70, 0xc1, 0x03, 0x00, 0xa4, 0x55, 0x41, 0x8d, 0x0b, 0x5d, 0x20, 0xd0, 0x78, 0x48, 0x19, 0xe0,
    0x00, 0x00, 0x0e, 0x5c, 0xf0, 0xc1, 0x07, 0x53, 0x0e, 0x55, 0xa5, 0x05, 0x00, 0x18, 0xb0, 0x80,
    0x01, 0x20, 0x1c, 0x30, 0xd6, 0x7c, 0x08, 0x79, 0xb9, 0x95, 0x01, 0x00, 0x48, 0x90, 0xc1, 0x07,
    0x20, 0x74, 0xe0, 0x41, 0x52, 0x1d, 0x9c, 0x79, 0x65, 0x9b, 0x00, 0x64, 0x69, 0xd5, 0x83, 0x20,
    0x24, 0x78, 0xd0, 0x7e, 0x1b, 0x28, 0x2a, 0x15, 0x9e, 0x14, 0x70, 0x50, 0x25, 0x08, 0x7f, 0x2a,
    0xd5, 0x41, 0xa0, 0x19, 0x48, 0x40, 0xa8, 0xa1, 0x52, 0x45, 0x15, 0xe3, 0x7a, 0x17, 0x40, 0xb8,
    0xd5, 0x01, 0x00, 0x58, 0x70, 0xa6, 0x9f, 0x5b, 0x05, 0x6a, 0x12, 0x00, 0xa4, 0x72, 0xea, 0x94,
    0x9d, 0x74, 0x12, 0xff, 0xb4, 0x81, 0x9d, 0x52, 0x91, 0x6a, 0xaa, 0x07, 0xa8, 0x72, 0xa5, 0x2a,
    0x05, 0x9b, 0x4e, 0x85, 0xa8, 0xa3, 0x4b, 0x82, 0xb0, 0xc1, 0x93, 0x4e, 0xe1, 0x59, 0x01, 0x9a,
    0x69, 0x7e, 0xa5, 0xea, 0x04, 0x00, 0x0c, 0xe0, 0xaa, 0x5b, 0x02, 0x7d, 0x5a, 0x10, 0xa2, 0x02,
    0xbe, 0x04, 0x27, 0x05, 0x68, 0xe6, 0x5a, 0xd0, 0xa5, 0x05, 0x55, 0xba, 0x53, 0xa0, 0x1c, 0x40,
    0x20, 0x80, 0x00, 0xcf, 0x0e, 0x75, 0x14, 0x06, 0xd1, 0x85, 0x3a, 0xd5, 0x00, 0x20, 0x44, 0x20,
    0xa9, 0xb6, 0x03, 0x75, 0x00, 0x02, 0x9f, 0xdb, 0xc2, 0xeb, 0x52, 0xa0, 0x18, 0xb4, 0x09, 0x42,
    0xb9, 0x3d, 0xa9, 0x0b, 0xec, 0x4a, 0xb3, 0x3e, 0x3a, 0x00, 0x06, 0x55, 0x7a, 0x1b, 0x2f, 0x9f,
    0x18, 0x58, 0xf0, 0xd1, 0x8f, 0x1a, 0x9c, 0xda, 0x53, 0xa0, 0x6c, 0xe2, 0xc9, 0xef, 0x4e, 0x5b,
    0x82, 0x40, 0xac, 0x40, 0x8c, 0x02, 0xdb, 0x13, 0x9e, 0xa6, 0xfa, 0x69, 0x70, 0x9f, 0x1f, 0xa0,
    0x5b, 0x28, 0x41, 0x06, 0x6c, 0x39, 0x29, 0x4f, 0x81, 0xf2, 0x8a, 0xa7, 0x53, 0x62, 0x49, 0x2b,
    0x10, 0xb5, 0x4a, 0x0d, 0x20, 0x80, 0x04, 0x1e, 0x7f, 0x1c, 0xe8, 0x05, 0x85, 0x0e, 0x70, 0x00,
    0x9c, 0x71, 0x16, 0x0a, 0xc1, 0x9e, 0xf2, 0x7e, 0xfb, 0x41, 0x06, 0x07, 0xc8, 0x3c, 0x31, 0x5f,
    0x97, 0x11, 0xa4, 0x6e, 0xb1, 0x00, 0x98, 0x19, 0x34, 0x41, 0x37, 0xb7, 0x29, 0x71, 0x41, 0xa4,
    0xfe, 0x7c, 0x32, 0x4c, 0x10, 0xf7, 0x9a, 0x94, 0xba, 0xa0, 0x45, 0x14, 0x70, 0x52, 0xd7, 0x16,
    0x6c, 0x30, 0xa6, 0x02, 0x18, 0x8d, 0x10, 0x9c, 0x34, 0x4b, 0xf9, 0x71, 0x4b, 0xe1, 0x8e, 0x7b,
    0xb4, 0x4b, 0xbf, 0x8a, 0x55, 0xd2, 0xb0, 0x31, 0x03, 0x40, 0xb0, 0xbd, 0x29, 0xb3, 0xfa, 0x36,
    0x02, 0x4d, 0xd3, 0xff, 0x2b, 0x34, 0x9b, 0xad, 0x26, 0x95, 0xa0, 0x05, 0xa2, 0x69, 0xd5, 0x68,
    0x52, 0xec, 0x4e, 0xa0, 0xf6, 0xd8, 0x1f, 0x6c, 0xe0, 0x80, 0x00, 0xfb, 0x2a, 0x24, 0xb3, 0xe2,
    0x6a, 0x63, 0xdd, 0xf8, 0xe3, 0xe4, 0x42, 0x6b, 0xb1, 0x58, 0x15, 0x83, 0xe9, 0x12, 0xa9, 0x66,
    0x1e, 0x14, 0x35, 0x9c, 0x6f, 0x8f, 0xeb, 0xc0, 0x06, 0x05, 0x0b, 0x5d, 0x01, 0xa1, 0x52, 0xc5,
    0xf8, 0x32, 0x84, 0xd5, 0x62, 0x04, 0xf9, 0x03, 0x92, 0x26, 0x2b, 0x50, 0xd6, 0x72, 0xbe, 0x0d,
    0x82, 0xcc, 0x77, 0xaf, 0x9d, 0x11, 0xbe, 0xcd, 0x46, 0x6e, 0xae, 0xb0, 0x17, 0x78, 0x2a, 0x6a,
    0x98, 0x89, 0x8a, 0xbd, 0xed, 0x07, 0x80, 0x0b, 0x9f, 0x90, 0xb3, 0xbd, 0x0f, 0x15, 0x01, 0x00,
    0x99, 0x23, 0xc5, 0xf5, 0x4a, 0xea, 0xfa, 0xd7, 0x12, 0xe8, 0x7e, 0x2f, 0x8f, 0x33, 0xe9, 0x0b,
    0x09, 0xb0, 0x40, 0xc3, 0xf6, 0xb6, 0x14, 0xe8, 0xea, 0x2b, 0x5b, 0x0f, 0x61, 0x50, 0xd9, 0x23,
    0x55, 0x36, 0xd0, 0x6b, 0x63, 0x6a, 0x80, 0xb3, 0x6f, 0xcb, 0x1c, 0x41, 0xcd, 0x28, 0x7f, 0x80,
    0x73, 0xee, 0xea, 0x9b, 0x24, 0xd6, 0xd7, 0x3d, 0x61, 0xd7, 0xfd, 0x2a, 0x77, 0x90, 0x0f, 0x4c,
    0x40, 0x00, 0xe9, 0x43, 0x88, 0xad, 0x52, 0x97, 0xbf, 0x0c, 0x20, 0x00, 0x72, 0xba, 0xc3, 0x48,
    0xdc, 0xbc, 0x46, 0x2b, 0x9e, 0x84, 0xcd, 0x63, 0xa2, 0xd3, 0x1f, 0x00, 0x10, 0xe0, 0xbc, 0x82,
    0x0c, 0x60, 0x00, 0x0f, 0x40, 0x5d, 0xf9, 0x5c, 0xf2, 0x01, 0x0e, 0x60, 0xa9, 0x7a, 0x3d, 0xa9,
    0x58, 0x05, 0x44, 0x03, 0x40, 0x9e, 0x2c, 0x10, 0x83, 0x19, 0x64, 0xd3, 0x03, 0xcb, 0x35, 0x00,
    0x3c, 0x85, 0x4e, 0x29, 0x1e, 0xe0, 0x95, 0xb3, 0x90, 0x12, 0x37, 0x81, 0xb4, 0x70, 0x27, 0x2f,
    0xf4, 0x1d, 0x41, 0xff, 0x98, 0x47, 0xbd, 0x9d, 0x8d, 0xab, 0x86, 0xad, 0x0a, 0x9d, 0xed, 0x84,
    0xa6, 0xb2, 0x08, 0x5e, 0xa4, 0x87, 0xc4, 0x0b, 0x53, 0xdf, 0x9e, 0xa6, 0x10, 0xe6, 0x2d, 0xa0,
    0x5c, 0x11, 0x70, 0xda, 0x12, 0xff, 0xa6, 0x37, 0x27, 0x56, 0x04, 0x8a, 0x3f, 0x84, 0x09, 0xf4,
    0x18, 0xb8, 0x90, 0xc6, 0x29, 0x0c, 0x02, 0x10, 0x88, 0x00, 0x05, 0x2e, 0xf0, 0xae, 0x2d, 0x72,
    0x91, 0x7f, 0x3d, 0x01, 0x63, 0x05, 0x77, 0x32, 0xc6, 0x11, 0x1a, 0x24, 0x50, 0x7c, 0xda, 0x90,
    0xaa, 0xfa, 0x24, 0xc4, 0x37, 0x76, 0x10, 0x26, 0x72, 0x44, 0x4a, 0x1d, 0xfb, 0x58, 0xaf, 0x79,
    0x65, 0x0b, 0x86, 0x4e, 0xc1, 0xdd, 0x1f, 0x5f, 0xa2, 0x42, 0xec, 0x41, 0x48, 0x7b, 0x19, 0x19,
    0x24, 0x6a, 0x14, 0xe9, 0x45, 0x8a, 0x70, 0xad, 0x24, 0xed, 0x0b, 0xa0, 0xdd, 0xc8, 0x98, 0x19,
    0x4a, 0x0e, 0xe5, 0x92, 0x20, 0xc8, 0xa4, 0x0b, 0x4b, 0xc5, 0x49, 0xcb, 0xe4, 0x2d, 0x81, 0x3c,
    0xb9, 0xe4, 0x03, 0x60, 0xd6, 0x93, 0x20, 0xb6, 0xe6, 0x03, 0x4d, 0x1c, 0x5e, 0x28, 0x65, 0x62,
    0xb1, 0xf5, 0x0d, 0xe5, 0x82, 0x6e, 0x7c, 0x0c, 0x04, 0xa8, 0x57, 0xc9, 0x8a, 0xcc, 0x0a, 0x3f,
    0x86, 0xd3, 0x98, 0x4b, 0xd8, 0x25, 0x81, 0xc5, 0x79, 0x26, 0x50, 0x8e, 0x83, 0x60, 0x75, 0x5e,
    0x16, 0x9b, 0xb9, 0x5d, 0x6c, 0x27, 0x02, 0x40, 0x80, 0x08, 0x09, 0xb9, 0x97, 0xd1, 0x2d, 0xd2,
    0x25, 0x4e, 0xd2, 0x4d, 0x18, 0xad, 0x35, 0xc5, 0xd1, 0x9c, 0x4f, 0x6f, 0x3c, 0x84, 0xd0, 0x0a,
    0x07, 0x22, 0x4a, 0x20, 0x26, 0x0f, 0x91, 0x92, 0xf1, 0x80, 0xa6, 0x76, 0xf8, 0xc9, 0xf5, 0x2d,
    0x46, 0x5d, 0x32, 0xb2, 0x08, 0xe4, 0x06, 0x98, 0xcb, 0x6a, 0x0e, 0xed, 0x83, 0xd7, 0xdc, 0x09,
    0x2d, 0x31, 0xc6, 0xff, 0xcf, 0x5b, 0x76, 0xd3, 0x94, 0x44, 0x0c, 0xdc, 0xd6, 0x3a, 0x72, 0x14,
    0x67, 0x22, 0x0f, 0x5b, 0xe8, 0x24, 0x4c, 0x09, 0xc5, 0x85, 0x42, 0x9e, 0x0c, 0x0e, 0x3f, 0x02,
    0xa1, 0x60, 0x52, 0x20, 0x47, 0x3e, 0x6a, 0xa6, 0xc5, 0x9a, 0xbd, 0x74, 0x90, 0x38, 0x75, 0x42,
    0x4e, 0x08, 0xc5, 0xd3, 0x22, 0xc6, 0x52, 0x1e, 0x63, 0xd4, 0x59, 0xb6, 0x8c, 0x4e, 0x44, 0x5d,
    0xfb, 0x0c, 0xd6, 0xe1, 0x86, 0x52, 0xb6, 0x05, 0xc0, 0x0f, 0x31, 0xa3, 0x1b, 0xd9, 0x50, 0x5a,
    0x46, 0x50, 0x82, 0x00, 0x6c, 0x8e, 0x3b, 0xc1, 0xa5, 0x45, 0x53, 0x05, 0x82, 0x70, 0x99, 0x0d,
    0x29, 0x15, 0x23, 0x5c, 0xba, 0x8e, 0x27, 0x45, 0xa7, 0x11, 0xe6, 0x9b, 0x53, 0xeb, 0x1f, 0x4d,
    0x54, 0xa3, 0xc2, 0x89, 0x0e, 0x00, 0x02, 0xd3, 0xb4, 0xe7, 0x05, 0x6a, 0x98, 0xcf, 0x9d, 0xc4,
    0xc8, 0x3a, 0x37, 0x8d, 0x99, 0x49, 0x90, 0xb5, 0x53, 0x4b, 0x2d, 0xd4, 0x6d, 0x4a, 0x41, 0x94,
    0x50, 0xeb, 0x24, 0x90, 0x8f, 0x5e, 0x84, 0x63, 0x22, 0x25, 0x4b, 0xd0, 0x98, 0xc5, 0xce, 0xad,
    0x7d, 0x89, 0xa3, 0x06, 0x61, 0xd4, 0x33, 0x5b, 0xd9, 0x37, 0x4a, 0x75, 0x55, 0x4d, 0xab, 0x13,
    0x68, 0x7c, 0x42, 0x09, 0x51, 0xb9, 0x08, 0x80, 0x7b, 0x76, 0x55, 0xd6, 0xbc, 0xf2, 0x5a, 0xd5,
    0x97, 0xd8, 0x69, 0x85, 0x02, 0xfa, 0x95, 0x53, 0x10, 0x58, 0x57, 0x3b, 0x0e, 0x45, 0x5e, 0x1f,
    0x20, 0xac, 0x49, 0x2f, 0x82, 0x2e, 0xb8, 0x1e, 0xa4, 0x65, 0x52, 0x29, 0xa9, 0xa9, 0x4a, 0x89,
    0x14, 0x55, 0x49, 0x56, 0x2a, 0x62, 0xed, 0x6b, 0x42, 0xbc, 0xb4, 0x52, 0xa5, 0x94, 0xb4, 0x02,
    0xef, 0xa2, 0x14, 0xa0, 0x02, 0xa5, 0x01, 0x66, 0xc1, 0xd1, 0x2a, 0x32, 0x91, 0x51, 0x64, 0x70,
    0x8a, 0x14, 0x52, 0xff, 0xe9, 0xe9, 0x54, 0xf5, 0xc4, 0x08, 0x1e, 0x07, 0xa5, 0xd7, 0xb0, 0xd6,
    0x48, 0xb4, 0x0a, 0x21, 0xad, 0x30, 0x87, 0x42, 0xaa, 0x03, 0x58, 0xa0, 0x76, 0x09, 0xbd, 0xc8,
    0xa5, 0xce, 0xd4, 0xa8, 0x9c, 0x4d, 0x96, 0x25, 0x34, 0x89, 0xdd, 0x97, 0xa2, 0xb5, 0x15, 0x76,
    0x01, 0x20, 0x8b, 0xaa, 0xba, 0x54, 0x6e, 0x45, 0x67, 0x48, 0x0e, 0x58, 0x80, 0x6f, 0x3f, 0xf5,
    0xd5, 0x6f, 0x3d, 0x77, 0x90, 0x0b, 0x95, 0x76, 0x2a, 0x12, 0x9b, 0x00, 0x1b, 0xcf, 0xd4, 0xa7,
    0xa0, 0x09, 0xd1, 0xbd, 0xec, 0xd5, 0x80, 0x05, 0xa6, 0x07, 0x82, 0xa4, 0x4e, 0x65, 0x31, 0x32,
    0x91, 0xee, 0x40, 0xcc, 0xca, 0x13, 0xc6, 0x6a, 0xa4, 0x02, 0x18, 0x90, 0x94, 0xdf, 0x70, 0x45,
    0x10, 0x0f, 0x74, 0x0f, 0x46, 0x14, 0x58, 0x19, 0xf8, 0xb8, 0x62, 0x27, 0xc2, 0x91, 0x17, 0x21,
    0x62, 0x1d, 0x8b, 0xce, 0x46, 0x06, 0x01, 0x0a, 0x58, 0x80, 0x46, 0x1c, 0xd8, 0xe3, 0xed, 0x38,
    0x90, 0x81, 0x84, 0xc1, 0xc5, 0x50, 0x07, 0x68, 0xa8, 0x55, 0x2a, 0x76, 0x55, 0xfe, 0x46, 0x74,
    0x20, 0x0f, 0x76, 0xdf, 0x82, 0xeb, 0x0b, 0x01, 0xa0, 0x9c, 0x24, 0x02, 0xbb, 0xe4, 0x94, 0x01,
    0x0c, 0x20, 0xe2, 0xad, 0x4c, 0x28, 0x51, 0xc0, 0xad, 0x48, 0x8a, 0xa7, 0x82, 0xc0, 0xa2, 0xc9,
    0xf4, 0x20, 0x06, 0x28, 0x5a, 0x8d, 0x19, 0xcc, 0x4c, 0xfb, 0x64, 0x04, 0x51, 0xb4, 0x1d, 0xcb,
    0x11, 0x79, 0x26, 0x10, 0xa3, 0x3d, 0xd7, 0xa1, 0x10, 0x2a, 0x9e, 0x4c, 0x20, 0xb9, 0x90, 0xa3,
    0x9c, 0x57, 0x41, 0x16, 0x59, 0xcc, 0x0a, 0x77, 0x3c, 0x97, 0xa4, 0x61, 0xd9, 0x22, 0x68, 0x11,
    0xaa, 0x89, 0x11, 0x52, 0x31, 0xa2, 0x7c, 0xf9, 0xa4, 0x51, 0x16, 0x09, 0x95, 0x2b, 0xa2, 0xae,
    0x24, 0x9f, 0x79, 0xff, 0x5a, 0xa2, 0x8a, 0xae, 0xb9, 0x1a, 0xfc, 0x66, 0x85, 0x28, 0x6a, 0xcb,
    0x63, 0x56, 0x8b, 0x0f, 0xe7, 0x5a, 0x67, 0x93, 0x88, 0xca, 0xc1, 0x79, 0x06, 0x4b, 0xb0, 0xfa,
    0xbc, 0xdf, 0x81, 0x08, 0xf5, 0x2c, 0x49, 0x89, 0xc8, 0x9d, 0x09, 0x1d, 0x12, 0x72, 0x8a, 0x64,
    0xc4, 0x83, 0x7e, 0xf3, 0x60, 0xae, 0xaa, 0x5f, 0x46, 0x1a, 0xfa, 0xcd, 0xa0, 0xa1, 0xb4, 0x7e,
    0xf6, 0xfc, 0xe5, 0x32, 0x6b, 0x9a, 0x2c, 0x8a, 0xba, 0x52, 0x81, 0x88, 0xf5, 0xe9, 0xb4, 0x44,
    0xe6, 0x97, 0xf4, 0x79, 0xc0, 0xd2, 0x0e, 0x8d, 0x17, 0xc7, 0x0c, 0x37, 0x39, 0x8e, 0x61, 0x35,
    0x60, 0xec, 0x34, 0xac, 0x35, 0xdf, 0xc6, 0x51, 0x88, 0xad, 0xf4, 0xa1, 0x08, 0xc2, 0xe5, 0xd1,
    0x2c, 0xed, 0x02, 0x2a, 0x49, 0x29, 0x61, 0x1c, 0xc5, 0xe7, 0x5b, 0x13, 0x44, 0xa8, 0x2a, 0xb1,
    0x75, 0x6e, 0x68, 0x9d, 0xa8, 0xe0, 0xac, 0x51, 0x54, 0x45, 0x12, 0x49, 0xa0, 0x0d, 0x34, 0x90,
    0x59, 0xf5, 0x1a, 0x2f, 0x12, 0xb8, 0x98, 0x05, 0x38, 0x22, 0x6c, 0xcf, 0xa8, 0x57, 0x69, 0xd7,
    0xce, 0xcd, 0xc5, 0xa2, 0x1d, 0x16, 0x65, 0x07, 0xa6, 0x02, 0x15, 0x04, 0xf6, 0x63, 0xb2, 0x3d,
    0x2d, 0xc3, 0x54, 0x66, 0x38, 0xcf, 0x2c, 0x52, 0x60, 0xd6, 0x28, 0x2c, 0x43, 0x73, 0x3b, 0xd9,
    0xc9, 0x61, 0x77, 0xb5, 0x2d, 0xa6, 0x6b, 0x9e, 0x64, 0xbb, 0x42, 0xc7, 0x0e, 0xb6, 0x91, 0xa5,
    0x23, 0x01, 0x74, 0xef, 0xfb, 0x02, 0x0a, 0x33, 0x37, 0x4b, 0xb0, 0x42, 0xda, 0x81, 0x24, 0xec,
    0xde, 0xfd, 0x6e, 0xcd, 0x4f, 0x7e, 0x24, 0xab, 0x68, 0x05, 0x48, 0xe1, 0x6a, 0xf9, 0x11, 0x69,
    0x8f, 0x57, 0x24, 0x88, 0xff, 0x27, 0x22, 0x14, 0x30, 0x78, 0xb5, 0xa1, 0x6d, 0x81, 0x06, 0x29,
    0x1b, 0x27, 0x16, 0x70, 0xa0, 0x15, 0x51, 0x11, 0xae, 0x12, 0x69, 0x7f, 0x39, 0x22, 0x29, 0x11,
    0xf9, 0xc8, 0x95, 0x76, 0x01, 0x84, 0xef, 0xa8, 0xe6, 0x15, 0xdc, 0x00, 0x51, 0x43, 0xa9, 0x30,
    0xc3, 0x78, 0xc4, 0xb2, 0x2f, 0x2f, 0x2b, 0x56, 0x52, 0x6e, 0x10, 0x9d, 0x1b, 0xfd, 0xe8, 0x48,
    0x37, 0x7a, 0x41, 0x10, 0x1e, 0x20, 0x9f, 0xc7, 0xd6, 0xcc, 0x84, 0x46, 0x4b, 0x47, 0x42, 0x6e,
    0xa3, 0x9a, 0x5b, 0xd2, 0xe6, 0x59, 0x19, 0x49, 0x7e, 0x75, 0x82, 0x71, 0x05, 0x1d, 0xc5, 0x30,
    0x3e, 0x3f, 0x49, 0x05, 0xc6, 0x4e, 0xf6, 0xb1, 0x9f, 0x64, 0x24, 0x4e, 0x7f, 0x7a, 0xd7, 0xa3,
    0xbe, 0x5f, 0xb0, 0xbb, 0x1d, 0xec, 0x5b, 0x1f, 0xc9, 0x40, 0xd6, 0xce, 0xe8, 0xc4, 0xf8, 0x87,
    0xee, 0x72, 0x09, 0x08, 0x00, 0x21, 0xf9, 0x04, 0x01, 0x08, 0x00, 0x20, 0x00, 0x2c, 0x0d, 0x00,
    0x12, 0x00, 0x86, 0x00, 0x83, 0x00, 0x84, 0xff, 0xff, 0xff, 0xff, 0xff, 0xfe, 0xfe, 0xfe, 0xfe,
    0xfd, 0xfd, 0xfd, 0xfd, 0xfd, 0xfb, 0xfd, 0xfd, 0xfa, 0xfc, 0xfc, 0xfb, 0xfb, 0xfb, 0xfa, 0xfa,
    0xfa, 0xfa, 0xfa, 0xfa, 0xf8, 0xfa, 0xfa, 0xf7, 0xf9, 0xf9, 0xf8, 0xf9, 0xf9, 0xf7, 0xf9, 0xf9,
    0xf6, 0xf8, 0xf8, 0xf6, 0xf4, 0xf4, 0xf3, 0xed, 0xed, 0xeb, 0xe6, 0xe6, 0xe5, 0xdb, 0xdb, 0xda,
    0xd2, 0xd2, 0xd2, 0xc8, 0xc8, 0xc8, 0xac, 0xac, 0xac, 0x91, 0x91, 0x91, 0x67, 0x67, 0x66, 0x45,
    0x45, 0x45, 0x3b, 0x3b, 0x3b, 0x33, 0x33, 0x33, 0x2f, 0x2f, 0x30, 0x1f, 0x1f, 0x1f, 0x0d, 0x0d,
    0x0d, 0x0a, 0x0a, 0x0a, 0x03, 0x03, 0x03, 0x08, 0xff, 0x00, 0x41, 0x08, 0x1c, 0x48, 0xb0, 0xa0,
    0xc1, 0x83, 0x08, 0x13, 0x82, 0xa8, 0xa0, 0xb0, 0xa1, 0xc3, 0x83, 0x0c, 0x1f, 0x4a, 0x9c, 0x48,
    0xb1, 0xa2, 0xc5, 0x8b, 0x18, 0x33, 0x6a, 0xdc, 0xc8, 0xb1, 0xa3, 0xc7, 0x8f, 0x20, 0x43, 0x8a,
    0xcc, 0x18, 0x71, 0xa4, 0xc9, 0x93, 0x28, 0x53, 0xaa, 0x5c, 0xc9, 0xb2, 0xa5, 0xcb, 0x97, 0x30,
    0x63, 0xca, 0x9c, 0x49, 0xb3, 0xa6, 0xcd, 0x9b, 0x38, 0x73, 0xea, 0xdc, 0xc9, 0xb3, 0xa7, 0xcf,
    0x9f, 0x40, 0x83, 0x0a, 0x1d, 0x4a, 0xb4, 0xa8, 0xd1, 0xa3, 0x48, 0x93, 0x2a, 0x5d, 0xca, 0xb4,
    0xa9, 0xd3, 0xa7, 0x50, 0xa3, 0x4a, 0x9d, 0x4a, 0xb5, 0xaa, 0xd5, 0xab, 0x58, 0xb3, 0x6a, 0xdd,
    0xca, 0xb5, 0xab, 0xd7, 0xaf, 0x60, 0xc3, 0x8a, 0x1d, 0x4b, 0xb6, 0xac, 0xd9, 0xb3, 0x5b, 0x33,
    0x64, 0x08, 0x89, 0x01, 0x03, 0x50, 0x0e, 0x20, 0x38, 0xc8, 0x9d, 0x4b, 0xb7, 0xae, 0xdd, 0xbb,
    0x78, 0xeb, 0x6e, 0xd0, 0x10, 0x32, 0xaf, 0xdf, 0xbf, 0x80, 0xe9, 0xc6, 0xbd, 0xa0, 0x90, 0xf0,
    0xcb, 0x0a, 0x17, 0x02, 0x2b, 0x96, 0x9b, 0xc1, 0x42, 0x05, 0x0b, 0x68, 0x1f, 0x5c, 0xe8, 0xf0,
    0x21, 0xe4, 0x05, 0x09, 0x00, 0x00, 0xf0, 0x34, 0x9c, 0xd2, 0xc0, 0x02, 0x10, 0x00, 0x2c, 0x50,
    0xf6, 0xe0, 0x21, 0xe4, 0x87, 0x0f, 0x17, 0x1c, 0x00, 0x70, 0x00, 0xe2, 0xc0, 0x81, 0x9c, 0x9c,
    0x4d, 0x1a, 0x00, 0x21, 0xf9, 0x74, 0x07, 0x10, 0xa5, 0x41, 0xde, 0xfe, 0x90, 0x01, 0xf3, 0x6c,
    0xcd, 0x5b, 0x67, 0x4b, 0xc8, 0xf0, 0xa1, 0x43, 0x87, 0xdc, 0x23, 0x29, 0x73, 0xa0, 0x00, 0xe0,
    0xb7, 0xcb, 0xd8, 0x02, 0xa1, 0x8f, 0x7c, 0x4d, 0x81, 0xf2, 0x71, 0xe4, 0x26, 0x29, 0x7f, 0xb0,
    0x00, 0xe0, 0x35, 0xf0, 0x94, 0xd2, 0x09, 0x86, 0xff, 0xf7, 0x38, 0xbb, 0x7a, 0x71, 0xdc, 0x2b,
    0x77, 0x73, 0xf7, 0x6e, 0x75, 0x00, 0x88, 0x09, 0xd6, 0x63, 0x7e, 0xa8, 0xd0, 0x1c, 0x34, 0xcb,
    0xf1, 0x23, 0x05, 0x08, 0x80, 0xc0, 0xe1, 0x3c, 0x76, 0x81, 0xc6, 0x15, 0x44, 0x9a, 0x47, 0xbb,
    0x31, 0x67, 0x40, 0x66, 0x2b, 0xc5, 0x86, 0x5f, 0x47, 0x07, 0x62, 0x50, 0xdc, 0x80, 0x04, 0x19,
    0x77, 0x9a, 0x80, 0xd7, 0x75, 0xa4, 0x5c, 0x04, 0x00, 0x0c, 0xf0, 0x9d, 0x49, 0xe3, 0x2d, 0x98,
    0xd1, 0x6c, 0x16, 0x3c, 0xf8, 0x9f, 0x76, 0x1a, 0x38, 0x46, 0x01, 0x08, 0x16, 0x60, 0xe0, 0x81,
    0x88, 0x16, 0x7e, 0x80, 0xc1, 0x00, 0xce, 0x3d, 0x55, 0x1e, 0x8b, 0x11, 0x7e, 0xb0, 0x41, 0x05,
    0x07, 0x16, 0x34, 0x81, 0x83, 0x15, 0x72, 0x44, 0x19, 0x77, 0x31, 0xa2, 0xe4, 0x21, 0x47, 0x02,
    0x0c, 0x70, 0x00, 0x71, 0x07, 0x51, 0x96, 0x01, 0x04, 0x9a, 0x1d, 0x60, 0xc0, 0x6c, 0x07, 0x68,
    0x08, 0xc2, 0x05, 0x34, 0x76, 0x24, 0x41, 0x91, 0x08, 0x26, 0x28, 0x1b, 0x8a, 0x55, 0x82, 0xa0,
    0x24, 0x93, 0x07, 0x64, 0x39, 0xd0, 0x93, 0x00, 0x50, 0xd9, 0xa3, 0x46, 0x94, 0x5d, 0x50, 0xdf,
    0x86, 0x96, 0x19, 0x34, 0x64, 0x45, 0xfa, 0xf1, 0x47, 0xda, 0x7f, 0x02, 0xf9, 0x26, 0x26, 0x41,
    0x45, 0x0a, 0x80, 0x24, 0x81, 0x1f, 0x18, 0x78, 0xe7, 0x51, 0xaf, 0x85, 0x78, 0xa6, 0x97, 0xa8,
    0x01, 0x80, 0x80, 0x7d, 0x08, 0xbd, 0x56, 0x41, 0x97, 0x18, 0x51, 0x86, 0x41, 0x86, 0x88, 0x22,
    0xa5, 0x9f, 0x03, 0x1b, 0x9c, 0x67, 0x90, 0x07, 0x13, 0x60, 0xc9, 0x26, 0x9e, 0x02, 0x50, 0x6a,
    0x69, 0x47, 0x98, 0x66, 0xf8, 0x27, 0x51, 0xb3, 0x2d, 0x3a, 0x28, 0x65, 0x1b, 0x38, 0xa0, 0xdf,
    0xa6, 0x05, 0x1d, 0x68, 0x26, 0x84, 0x68, 0x16, 0xff, 0xca, 0xde, 0x49, 0x6f, 0x5e, 0xa4, 0x21,
    0x8f, 0x23, 0xba, 0x58, 0x64, 0xa4, 0x89, 0x72, 0x39, 0x68, 0x46, 0x1f, 0x70, 0xf0, 0x00, 0x00,
    0x02, 0xb0, 0xfa, 0xd1, 0x05, 0xb5, 0x52, 0x24, 0x00, 0x08, 0x11, 0x5c, 0x97, 0xeb, 0xa3, 0xee,
    0x19, 0x3b, 0x50, 0xa0, 0x8c, 0x36, 0x3a, 0xdf, 0x9a, 0x23, 0x19, 0x96, 0xec, 0x44, 0xa5, 0x32,
    0x4a, 0x99, 0x06, 0x0b, 0x2c, 0x2b, 0xad, 0x40, 0xb3, 0xbd, 0x4a, 0xe7, 0x45, 0x69, 0x76, 0xc7,
    0xeb, 0xb1, 0xd1, 0x89, 0xf4, 0x9a, 0xb9, 0x08, 0x45, 0x80, 0x65, 0x43, 0x30, 0xee, 0xc9, 0x67,
    0x06, 0x03, 0x88, 0x9b, 0xad, 0x78, 0x20, 0x09, 0x80, 0x80, 0xbd, 0x06, 0xfd, 0xd8, 0xdd, 0xa8,
    0x63, 0x0a, 0x30, 0xc1, 0x07, 0x73, 0x86, 0x84, 0xa1, 0x94, 0xe0, 0x7d, 0xb4, 0xec, 0x03, 0xfd,
    0xc1, 0x5a, 0xe3, 0x06, 0x0f, 0x0c, 0xc0, 0xf0, 0x41, 0x08, 0x94, 0x59, 0x6d, 0x46, 0x94, 0x19,
    0xb8, 0xae, 0x48, 0xdb, 0xd2, 0x0b, 0x02, 0x05, 0x73, 0x9e, 0x4b, 0xa8, 0x9a, 0x06, 0x68, 0xc8,
    0xa6, 0xbf, 0xa1, 0x6d, 0xcc, 0xf1, 0x76, 0xea, 0x8e, 0xdb, 0x51, 0xc8, 0x0a, 0xcd, 0xf8, 0x6b,
    0x8d, 0x6a, 0x76, 0x97, 0xf2, 0xb2, 0x06, 0x1c, 0x50, 0x6c, 0x88, 0x09, 0xeb, 0x06, 0xf3, 0xac,
    0xb4, 0x7e, 0x44, 0xed, 0xcd, 0x38, 0x63, 0xc8, 0xe6, 0x02, 0x40, 0x4b, 0xcc, 0x27, 0xca, 0x1f,
    0xb7, 0xe9, 0xd1, 0xd1, 0x4e, 0x07, 0x1c, 0xec, 0x05, 0x15, 0x44, 0x00, 0xc1, 0xc8, 0x16, 0x54,
    0x1a, 0x74, 0x48, 0x8e, 0x42, 0x2a, 0x33, 0x47, 0x34, 0x27, 0x44, 0xb5, 0xc9, 0x35, 0x56, 0xd6,
    0x81, 0x5c, 0x13, 0x22, 0xdd, 0x22, 0xb4, 0x51, 0x83, 0x54, 0x76, 0xaf, 0x82, 0x56, 0x8d, 0xd0,
    0x6d, 0x2b, 0x7a, 0x89, 0x37, 0x4a, 0x61, 0x47, 0xff, 0x5b, 0x34, 0x48, 0x67, 0xff, 0xd4, 0x77,
    0xdc, 0x1a, 0x69, 0x1b, 0x52, 0xe0, 0x3e, 0x0d, 0x3e, 0xb6, 0x45, 0x86, 0x83, 0x64, 0xb3, 0xdd,
    0x38, 0x09, 0x4c, 0x34, 0xbb, 0x23, 0xcd, 0xf8, 0x35, 0x4f, 0x92, 0x13, 0xbe, 0xd1, 0xdc, 0x0a,
    0x2d, 0x0b, 0x81, 0xb3, 0x82, 0x5f, 0x1b, 0xa4, 0xd4, 0x21, 0x75, 0x5a, 0xe9, 0x6d, 0x40, 0x79,
    0x80, 0xd9, 0xc5, 0xa4, 0x4e, 0xe9, 0x72, 0x4d, 0xa8, 0x22, 0xa0, 0xaf, 0x4a, 0x9c, 0x1b, 0xa4,
    0xe8, 0xeb, 0x34, 0xa5, 0x3b, 0xfa, 0xbe, 0x20, 0xb9, 0x27, 0x41, 0xc9, 0x3d, 0x51, 0x46, 0xdf,
    0xe4, 0x1e, 0x29, 0x28, 0x92, 0xc5, 0x00, 0xf7, 0x84, 0x61, 0xb1, 0x49, 0x21, 0x9e, 0x93, 0xee,
    0x9a, 0x6f, 0x7e, 0x52, 0x9c, 0x11, 0xa3, 0x2d, 0x53, 0xc7, 0xcd, 0x11, 0xcc, 0xa1, 0xe3, 0xae,
    0xbb, 0x1d, 0xd3, 0xb7, 0x3e, 0x47, 0x4f, 0x79, 0xef, 0x02, 0xfc, 0x7e, 0x39, 0xec, 0xa2, 0x6b,
    0x2f, 0xfd, 0x4a, 0xae, 0xe2, 0xde, 0x92, 0x92, 0x0b, 0xe4, 0xbb, 0x78, 0x46, 0xe1, 0xd5, 0x6e,
    0x50, 0x91, 0x72, 0x1e, 0x77, 0x13, 0xf6, 0x07, 0xce, 0x5f, 0x7c, 0xe5, 0x0b, 0x71, 0x9f, 0x4a,
    0xa0, 0xe7, 0xbf, 0x8a, 0xd8, 0xcf, 0x22, 0x29, 0x83, 0xd7, 0xf5, 0x6c, 0x04, 0x01, 0xf9, 0x35,
    0x0c, 0x21, 0x07, 0x2c, 0x08, 0xf5, 0x3e, 0x25, 0x93, 0x3e, 0x89, 0xaa, 0x80, 0xe3, 0x0b, 0x89,
    0x7b, 0xe0, 0xe3, 0x01, 0xfd, 0xc1, 0x44, 0x60, 0xbb, 0x93, 0x9b, 0x4c, 0x6e, 0x77, 0xbe, 0x01,
    0xca, 0x4a, 0x7c, 0x64, 0x8b, 0x49, 0x98, 0x16, 0xd5, 0x41, 0xeb, 0x81, 0x4d, 0x56, 0xcc, 0xfb,
    0xdb, 0x4c, 0x56, 0x88, 0x30, 0xef, 0x11, 0x48, 0x77, 0x31, 0x7c, 0x60, 0x43, 0x22, 0x78, 0x90,
    0x15, 0x5a, 0x07, 0x72, 0x2d, 0x82, 0x99, 0x03, 0xff, 0x6f, 0xc2, 0x43, 0xb3, 0x01, 0x60, 0x02,
    0x1a, 0x28, 0x8e, 0x07, 0x5f, 0xc8, 0x01, 0xfa, 0x0c, 0x51, 0x27, 0x45, 0xb4, 0x1d, 0x6d, 0xa8,
    0x24, 0xc0, 0x89, 0x68, 0xa7, 0x37, 0x31, 0xdb, 0x49, 0x14, 0x11, 0x12, 0xad, 0x0a, 0x54, 0x4a,
    0x89, 0x2e, 0x74, 0xc8, 0x71, 0x82, 0x65, 0x81, 0x30, 0x11, 0x0f, 0x8a, 0x28, 0xc1, 0x12, 0x02,
    0x2c, 0xd0, 0x1f, 0x30, 0x86, 0xb1, 0x20, 0x12, 0x2a, 0xce, 0x05, 0x94, 0xa6, 0xb2, 0xb2, 0xfc,
    0x26, 0x02, 0x16, 0x48, 0x62, 0x65, 0x3a, 0x28, 0x10, 0xbb, 0x05, 0x08, 0x04, 0x13, 0xe2, 0xc0,
    0x05, 0x26, 0x90, 0x99, 0x10, 0x8a, 0x45, 0x00, 0xfd, 0x33, 0x00, 0x05, 0x12, 0x33, 0xa1, 0x3e,
    0xfe, 0x11, 0x37, 0x8d, 0x8c, 0x0b, 0x06, 0x2a, 0x30, 0xac, 0xe6, 0x14, 0x0b, 0x83, 0x85, 0x1b,
    0x8a, 0x00, 0xc2, 0xa4, 0x99, 0x07, 0x50, 0xc0, 0x02, 0x17, 0xc8, 0x00, 0x07, 0xb4, 0x33, 0x90,
    0xb5, 0x6d, 0x00, 0x03, 0x16, 0xa0, 0x00, 0x93, 0x9a, 0x54, 0x47, 0x98, 0x6c, 0xd1, 0x24, 0x88,
    0xec, 0xdf, 0x40, 0x20, 0x10, 0x01, 0x0a, 0x9c, 0xa8, 0x4e, 0x10, 0xc8, 0x91, 0x40, 0x60, 0x74,
    0x49, 0xb4, 0x38, 0xa4, 0x48, 0xde, 0x91, 0x96, 0x91, 0x40, 0xd0, 0xcb, 0x98, 0x14, 0xf1, 0x95,
    0x13, 0x29, 0xd2, 0x93, 0x06, 0x92, 0xaf, 0x1c, 0xda, 0x04, 0x99, 0xbe, 0x8c, 0xa6, 0x34, 0x8f,
    0xd2, 0xb8, 0x99, 0xb5, 0x6b, 0x9a, 0x22, 0xc4, 0xa6, 0x36, 0xb7, 0xc9, 0xcd, 0xac, 0x40, 0x33,
    0x9a, 0xdf, 0xf4, 0x65, 0x38, 0xd1, 0x32, 0xce, 0xc2, 0x70, 0xa5, 0x9c, 0x3b, 0xb4, 0x0a, 0x3a,
    0xbb, 0xf9, 0x92, 0x75, 0xb2, 0x93, 0x9a, 0x03, 0x71, 0xe7, 0x3b, 0xdb, 0xc9, 0x14, 0xce, 0xc8,
    0x33, 0x85, 0xf3, 0xbc, 0x88, 0xf1, 0x88, 0x72, 0x2f, 0x4f, 0x6b, 0xc6, 0x33, 0x9f, 0xf8, 0x7c,
    0x26, 0x40, 0xf5, 0xe9, 0xcd, 0x82, 0xc8, 0x13, 0x3a, 0xfd, 0x14, 0xe8, 0xf6, 0x0c, 0xda, 0x95,
    0x0e, 0x05, 0x94, 0xa1, 0x62, 0xf1, 0x10, 0xb2, 0x3a, 0x84, 0xac, 0x74, 0x8a, 0x33, 0x9b, 0xec,
    0xac, 0xe8, 0x43, 0x34, 0xea, 0x93, 0x80, 0x00, 0x00, 0x21, 0xf9, 0x04, 0x01, 0x08, 0x00, 0x20,
    0x00, 0x2c, 0x0d, 0x00, 0x12, 0x00, 0x86, 0x00, 0x83, 0x00, 0x84, 0xff, 0xff, 0xff, 0xff, 0xff,
    0xfe, 0xfe, 0xfe, 0xfe, 0xfd, 0xfd, 0xfd, 0xfd, 0xfd, 0xfb, 0xfd, 0xfd, 0xfa, 0xfc, 0xfc, 0xfb,
    0xfb, 0xfb, 0xfa, 0xfa, 0xfa, 0xfa, 0xfa, 0xfa, 0xf8, 0xfa, 0xfa, 0xf7, 0xf9, 0xf9, 0xf8, 0xf9,
    0xf9, 0xf7, 0xf9, 0xf9, 0xf6, 0xf8, 0xf8, 0xf6, 0xf4, 0xf4, 0xf3, 0xed, 0xed, 0xeb, 0xe6, 0xe6,
    0xe5, 0xdb, 0xdb, 0xda, 0xd2, 0xd2, 0xd2, 0xc8, 0xc8, 0xc8, 0xac, 0xac, 0xac, 0x91, 0x91, 0x91,
    0x66, 0x66, 0x66, 0x45, 0x45, 0x45, 0x3b, 0x3b, 0x3b, 0x33, 0x33, 0x33, 0x2f, 0x2f, 0x30, 0x1e,
    0x1e, 0x1f, 0x0d, 0x0d, 0x0d, 0x0a, 0x0a, 0x0a, 0x03, 0x03, 0x03, 0x08, 0xff, 0x00, 0x41, 0x08,
    0x1c, 0x48, 0xb0, 0xa0, 0xc1, 0x83, 0x08, 0x13, 0x82, 0xa0, 0xa0, 0xb0, 0xa1, 0xc3, 0x83, 0x0c,
    0x1f, 0x4a, 0x9c, 0x48, 0xb1, 0xa2, 0xc5, 0x8b, 0x18, 0x33, 0x6a, 0xdc, 0xc8, 0xb1, 0xa3, 0xc7,
    0x8f, 0x20, 0x43, 0x8a, 0xcc, 0x18, 0x71, 0xa4, 0xc9, 0x93, 0x28, 0x53, 0xaa, 0x5c, 0xc9, 0xb2,
    0xa5, 0xcb, 0x97, 0x30, 0x63, 0xca, 0x9c, 0x49, 0xb3, 0xa6, 0xcd, 0x9b, 0x38, 0x73, 0xea, 0xdc,
    0xc9, 0xb3, 0xa7, 0xcf, 0x9f, 0x40, 0x83, 0x0a, 0x1d, 0x4a, 0xb4, 0xa8, 0xd1, 0xa3, 0x48, 0x93,
    0x2a, 0x5d, 0xca, 0xb4, 0xa9, 0xd3, 0xa7, 0x50, 0xa3, 0x4a, 0x9d, 0x4a, 0xb5, 0xaa, 0xd5, 0xab,
    0x58, 0xb3, 0x6a, 0xdd, 0xca, 0xb5, 0xab, 0xd7, 0xaf, 0x60, 0xc3, 0x8a, 0x1d, 0x4b, 0xb6, 0xac,
    0xd9, 0xb3, 0x5a, 0x33, 0x88, 0xc4, 0x20, 0x94, 0x03, 0x08, 0x0e, 0x70, 0xe3, 0xca, 0x9d, 0x4b,
    0xb7, 0xae, 0x5d, 0xb9, 0x1b, 0x34, 0x80, 0xd0, 0xbb, 0x71, 0x03, 0x88, 0x0d, 0x77, 0x03, 0x0b,
    0x1e, 0x3c, 0xf7, 0xed, 0x05, 0x85, 0x6c, 0x5b, 0x56, 0x00, 0x91, 0x81, 0xb0, 0x63, 0xb8, 0x17,
    0x16, 0x5b, 0x40, 0x2b, 0x01, 0x83, 0x87, 0xcb, 0x1e, 0x3f, 0x74, 0xb8, 0xf0, 0x00, 0x80, 0xcf,
    0xc3, 0x29, 0x0d, 0x38, 0x00, 0xe0, 0xe0, 0xc2, 0x87, 0x0f, 0x1e, 0x44, 0x6a, 0xb6, 0x00, 0xc0,
    0xc0, 0x02, 0x03, 0x07, 0x76, 0x82, 0x36, 0x69, 0x00, 0x80, 0x84, 0x0c, 0xa8, 0x3b, 0xa4, 0x0e,
    0xd9, 0xe1, 0x34, 0xe7, 0xd6, 0x9e, 0xb9, 0xd6, 0xa6, 0xc0, 0x41, 0x33, 0xe6, 0x91, 0x1d, 0x7a,
    0x67, 0x90, 0x00, 0x1c, 0xe6, 0xec, 0x81, 0xcf, 0x47, 0x1e, 0x00, 0x60, 0xe1, 0xb4, 0x6e, 0x95,
    0xbd, 0x3b, 0x50, 0x00, 0x30, 0xbd, 0x65, 0xf4, 0x82, 0xdf, 0x3d, 0x4e, 0xff, 0xaf, 0xee, 0xe1,
    0xfa, 0xca, 0xec, 0xdb, 0x6b, 0x5f, 0xad, 0x5d, 0x01, 0xf5, 0x71, 0x96, 0xd9, 0x27, 0x00, 0x18,
    0x10, 0x9c, 0x65, 0xf8, 0x91, 0xc3, 0x73, 0xef, 0x2e, 0xd8, 0xc1, 0xe0, 0x7e, 0x8e, 0xbd, 0x71,
    0x00, 0x81, 0x00, 0x02, 0xd4, 0xa7, 0x52, 0x62, 0x02, 0xdd, 0xc7, 0xd1, 0x00, 0x20, 0x44, 0x50,
    0x9c, 0x79, 0x04, 0xe9, 0xf6, 0x81, 0x41, 0xc9, 0xfd, 0xa7, 0x51, 0x6f, 0x18, 0xb4, 0x06, 0x82,
    0x81, 0x26, 0xdd, 0xa7, 0x60, 0x46, 0x06, 0x0c, 0x80, 0x81, 0x71, 0x14, 0xa2, 0x86, 0x81, 0x05,
    0x14, 0x50, 0x50, 0x81, 0x05, 0x1a, 0x58, 0x67, 0x61, 0x46, 0xbd, 0xb1, 0xa6, 0x1e, 0x54, 0xb5,
    0x55, 0x07, 0xe1, 0x40, 0x18, 0xca, 0x67, 0xa0, 0x01, 0x15, 0x6c, 0x40, 0x62, 0x47, 0xbd, 0xa5,
    0xc7, 0xe1, 0x49, 0x1f, 0x2e, 0x08, 0x82, 0x04, 0xba, 0xbd, 0x27, 0x50, 0x6f, 0x17, 0x00, 0x30,
    0xdf, 0x01, 0x06, 0x08, 0x34, 0x1d, 0x00, 0x10, 0xe0, 0x76, 0x23, 0x8c, 0x1f, 0x64, 0x70, 0x00,
    0x83, 0x43, 0xa2, 0x54, 0x24, 0x46, 0xb5, 0x99, 0x76, 0x25, 0x93, 0xad, 0xcd, 0x48, 0xd0, 0x74,
    0x55, 0xfe, 0xb8, 0x51, 0x8c, 0xcd, 0x79, 0x69, 0xd0, 0x97, 0x14, 0xe5, 0xd7, 0x1f, 0x7f, 0x59,
    0x0a, 0x30, 0x40, 0x81, 0x08, 0xd5, 0x86, 0xe4, 0x65, 0x2f, 0x62, 0x24, 0x20, 0x81, 0x5d, 0x16,
    0x45, 0xdf, 0x88, 0x63, 0x7e, 0xb0, 0x5d, 0x77, 0x09, 0x21, 0x00, 0x80, 0x98, 0x7d, 0x5a, 0xc4,
    0x26, 0xa2, 0x49, 0xd1, 0x37, 0x01, 0x9f, 0xff, 0xf5, 0xb6, 0x81, 0x03, 0x02, 0x6c, 0xa8, 0x10,
    0x83, 0x93, 0xf2, 0x09, 0xe0, 0x07, 0x97, 0x02, 0xaa, 0xd4, 0x74, 0x8c, 0xd2, 0xd9, 0x64, 0x6d,
    0x81, 0x0a, 0x44, 0xa0, 0x03, 0x3e, 0x5e, 0x89, 0x51, 0x6f, 0x15, 0xb4, 0xff, 0xe9, 0x66, 0x48,
    0x99, 0x3e, 0x50, 0x9c, 0x92, 0x20, 0x3c, 0x9a, 0xea, 0x40, 0x77, 0x12, 0xda, 0x68, 0x45, 0x18,
    0xce, 0xa7, 0xa9, 0x97, 0x70, 0xc6, 0x09, 0x40, 0x7b, 0x08, 0xe9, 0xea, 0xd0, 0xa0, 0x6a, 0x76,
    0x14, 0x01, 0x00, 0x78, 0x76, 0x98, 0x60, 0x48, 0xa4, 0x36, 0xbb, 0xe4, 0x07, 0xa7, 0xee, 0xaa,
    0xea, 0x02, 0x2d, 0xba, 0xfa, 0xea, 0x07, 0xb1, 0x9a, 0x29, 0x12, 0x68, 0xc5, 0x4e, 0x64, 0xa7,
    0x95, 0x2f, 0x2a, 0x17, 0xa2, 0x93, 0x9b, 0x0a, 0x10, 0x41, 0x92, 0xbf, 0x02, 0x8b, 0x2d, 0x77,
    0xda, 0x6a, 0xf4, 0x5c, 0xb9, 0x0d, 0x31, 0xf8, 0xae, 0xa7, 0x07, 0x7d, 0x30, 0x81, 0x00, 0xe2,
    0x1a, 0x34, 0x9e, 0x66, 0x20, 0x29, 0x87, 0x40, 0xa6, 0xf5, 0x76, 0x84, 0xaf, 0x42, 0x72, 0x36,
    0x4a, 0xa6, 0xa2, 0x81, 0x0e, 0x30, 0xc0, 0x03, 0xad, 0xc6, 0x6b, 0xd1, 0x07, 0x1c, 0x74, 0x16,
    0x6d, 0x4a, 0x0b, 0x27, 0x34, 0xf0, 0x9c, 0xc9, 0x7e, 0xc0, 0xda, 0xc1, 0x43, 0x0e, 0x10, 0xa6,
    0xb5, 0x1d, 0x79, 0xb0, 0x1d, 0x7d, 0x2b, 0x75, 0x8c, 0xd0, 0xc7, 0x16, 0x8b, 0x0c, 0x2d, 0x94,
    0x04, 0x9a, 0x3c, 0xa5, 0x98, 0xc8, 0x19, 0x2a, 0xeb, 0xac, 0x1c, 0x9d, 0xec, 0x6d, 0x41, 0x22,
    0x2f, 0x30, 0x64, 0x04, 0x38, 0xe7, 0xcc, 0x1a, 0xa4, 0x3c, 0x6f, 0xc4, 0xec, 0xcf, 0x40, 0x6f,
    0x80, 0x22, 0x04, 0x10, 0x44, 0x40, 0xc1, 0x05, 0x0f, 0x9e, 0xa4, 0xac, 0x4a, 0x2e, 0x1f, 0xb4,
    0xb4, 0xc5, 0xd7, 0x0a, 0x04, 0x57, 0x6f, 0x4b, 0x72, 0x8d, 0xe5, 0xd1, 0x09, 0x73, 0x94, 0xb5,
    0x41, 0x5b, 0x4b, 0x94, 0x1c, 0x08, 0xa7, 0x95, 0x07, 0x02, 0xae, 0xbc, 0xc9, 0x8c, 0xf4, 0x48,
    0x67, 0x6b, 0x0d, 0x80, 0xaf, 0x40, 0x5d, 0x3d, 0xee, 0xb4, 0x1f, 0xa5, 0xff, 0xfd, 0x93, 0xde,
    0x21, 0x91, 0x0b, 0x12, 0xcc, 0x79, 0xeb, 0x1c, 0xf0, 0x47, 0x75, 0x7b, 0x4c, 0x1d, 0xc1, 0x41,
    0x19, 0x5e, 0x36, 0x46, 0x89, 0x1b, 0x94, 0x1f, 0x51, 0x10, 0x40, 0xfb, 0xf8, 0x45, 0x91, 0x17,
    0xc4, 0xa0, 0x04, 0x94, 0xfa, 0x64, 0x29, 0xa6, 0xc3, 0x16, 0x25, 0x00, 0x02, 0x15, 0x7b, 0x3e,
    0xef, 0xe1, 0x44, 0x7a, 0xe4, 0xb3, 0xd8, 0x31, 0xc1, 0x4a, 0x6f, 0xcb, 0x83, 0x1f, 0xcb, 0xb8,
    0x4f, 0x1e, 0x30, 0xc7, 0x32, 0xdd, 0x04, 0x65, 0x3e, 0x50, 0xa6, 0xfb, 0xc2, 0x6d, 0x93, 0x72,
    0x12, 0x87, 0x6e, 0xd4, 0xea, 0x3c, 0x01, 0x8e, 0x3b, 0x7e, 0x00, 0x50, 0x80, 0xb2, 0x4d, 0x18,
    0x0f, 0xb8, 0xb1, 0x7d, 0x1f, 0x09, 0x70, 0x40, 0xb7, 0xac, 0xc3, 0x77, 0xfa, 0xe5, 0x66, 0x87,
    0xc4, 0xde, 0xec, 0x39, 0xd5, 0x6e, 0x27, 0xf6, 0x14, 0xe9, 0xae, 0x90, 0x9d, 0x0b, 0xa0, 0x8b,
    0x13, 0x99, 0xa8, 0x72, 0x7c, 0x90, 0xf8, 0x72, 0xbe, 0xfd, 0xfb, 0x5b, 0x10, 0xdc, 0x09, 0x7e,
    0xf6, 0xda, 0x2f, 0xba, 0xfc, 0x4b, 0xae, 0xa3, 0x8e, 0x78, 0x4b, 0x76, 0x42, 0x50, 0xfa, 0x4c,
    0x4c, 0x32, 0x19, 0xbb, 0xd4, 0x87, 0x10, 0xf1, 0x81, 0x80, 0x3e, 0xca, 0xe3, 0x17, 0x4c, 0x02,
    0xe4, 0xbc, 0xf9, 0x79, 0xc4, 0x80, 0x03, 0xa9, 0xd1, 0x84, 0xdc, 0x87, 0x3f, 0x81, 0xc8, 0xe7,
    0x76, 0xa9, 0x83, 0x49, 0xb5, 0x40, 0xf6, 0x12, 0x70, 0xbd, 0x0e, 0x76, 0x2e, 0x91, 0x9e, 0xfd,
    0xfa, 0x53, 0xbd, 0x35, 0xb1, 0x2d, 0x56, 0x53, 0x22, 0x60, 0x4c, 0x00, 0x36, 0x42, 0xa6, 0x7d,
    0x44, 0x42, 0x28, 0x1c, 0xe0, 0x81, 0x1e, 0x02, 0x41, 0x10, 0x7c, 0xaf, 0x3a, 0xf7, 0xf3, 0x48,
    0x76, 0x62, 0xe8, 0xc0, 0xe3, 0x8d, 0xe4, 0x7b, 0x15, 0x78, 0x90, 0xef, 0xff, 0xd6, 0xd4, 0x1b,
    0x0d, 0xc8, 0x27, 0x85, 0x3c, 0xa9, 0xa1, 0x94, 0x6c, 0x83, 0x9b, 0x5c, 0x95, 0xd0, 0x21, 0x60,
    0xfb, 0xcd, 0xdc, 0x70, 0xa2, 0xc4, 0x33, 0x71, 0xc7, 0x02, 0xb7, 0x4a, 0xd2, 0x85, 0x7a, 0x03,
    0xaa, 0x58, 0xcd, 0xa7, 0x87, 0xd0, 0x33, 0x09, 0x7d, 0x00, 0x40, 0x34, 0xb0, 0x91, 0xd0, 0x51,
    0x6c, 0x7b, 0x8b, 0x05, 0x14, 0x25, 0x3f, 0xb3, 0xa8, 0x67, 0x02, 0x54, 0x9b, 0xe0, 0xda, 0x28,
    0x48, 0x21, 0x81, 0x78, 0x60, 0x82, 0x1a, 0xb0, 0xc0, 0xb3, 0x40, 0xa0, 0xbf, 0xb0, 0xb0, 0x10,
    0x04, 0x0f, 0xa8, 0x00, 0x06, 0x8a, 0x43, 0x10, 0xb7, 0x0d, 0xe4, 0x8e, 0x04, 0xe1, 0xc0, 0x05,
    0x28, 0xa0, 0x1e, 0x03, 0x3c, 0x0f, 0x84, 0x40, 0x19, 0x00, 0xa2, 0x20, 0x40, 0x01, 0x0b, 0x60,
    0x00, 0x30, 0x60, 0xc3, 0x11, 0x07, 0x32, 0x70, 0x22, 0x0a, 0x74, 0x46, 0x4a, 0x8f, 0x74, 0x49,
    0x15, 0x41, 0x02, 0x30, 0x0c, 0x1a, 0x00, 0x02, 0x12, 0x28, 0x49, 0x83, 0x2a, 0x57, 0x1f, 0x03,
    0x38, 0x12, 0x8c, 0x5f, 0x01, 0xd8, 0x96, 0x76, 0x05, 0x9b, 0x36, 0xce, 0x44, 0x7c, 0xa3, 0x1c,
    0x9f, 0x9d, 0xa2, 0xc4, 0xab, 0x02, 0xc1, 0x32, 0x70, 0x68, 0x09, 0xa6, 0x30, 0x83, 0x29, 0xb8,
    0x07, 0xf2, 0x6d, 0x98, 0x20, 0xc9, 0x25, 0x32, 0x97, 0xc9, 0xcc, 0x66, 0x26, 0xd1, 0x99, 0xc6,
    0x84, 0x26, 0xfd, 0xa4, 0x69, 0xaf, 0x5b, 0x72, 0x45, 0x99, 0x0e, 0xc1, 0xa6, 0x4c, 0xb4, 0x49,
    0x4d, 0xef, 0x74, 0x73, 0x98, 0xb3, 0xe1, 0xe6, 0x37, 0x45, 0xc9, 0x94, 0x70, 0x1a, 0x45, 0x9c,
    0x61, 0xb9, 0x57, 0x51, 0xd0, 0x19, 0xcd, 0x63, 0x8e, 0x13, 0x72, 0x54, 0x7c, 0xa7, 0x45, 0x10,
    0x64, 0x95, 0xe8, 0xa0, 0x33, 0x3a, 0xf4, 0xbc, 0x66, 0x06, 0x73, 0xd7, 0x1d, 0x15, 0x0f, 0x4d,
    0x13, 0x3c, 0x63, 0x29, 0xd2, 0x05, 0x06, 0x5a, 0x40, 0x82, 0x2a, 0x84, 0x9d, 0x41, 0x31, 0x20,
    0x42, 0x95, 0x62, 0xd0, 0x6c, 0x2e, 0x74, 0x22, 0x01, 0x01, 0x00, 0x21, 0xf9, 0x04, 0x01, 0x10,
    0x00, 0x20, 0x00, 0x2c, 0x29, 0x00, 0x36, 0x00, 0x46, 0x00, 0x42, 0x00, 0x84, 0xff, 0xff, 0xff,
    0xff, 0xff, 0xfe, 0xfe, 0xfe, 0xfe, 0xfd, 0xfd, 0xfd, 0xfd, 0xfd, 0xfb, 0xfd, 0xfd, 0xfa, 0xfc,
    0xfc, 0xfb, 0xfb, 0xfb, 0xfa, 0xfa, 0xfa, 0xfa, 0xfa, 0xfa, 0xf8, 0xfa, 0xfa, 0xf7, 0xf9, 0xf9,
    0xf8, 0xf9, 0xf9, 0xf7, 0xf9, 0xf9, 0xf6, 0xf8, 0xf8, 0xf6, 0xf4, 0xf4, 0xf3, 0xed, 0xed, 0xeb,
    0xe6, 0xe6, 0xe5, 0xdb, 0xdb, 0xda, 0xd2, 0xd2, 0xd2, 0xc8, 0xc8, 0xc8, 0xac, 0xac, 0xac, 0x91,
    0x91, 0x91, 0x66, 0x66, 0x66, 0x45, 0x45, 0x45, 0x3b, 0x3b, 0x3b, 0x33, 0x33, 0x33, 0x2f, 0x2f,
    0x30, 0x1e, 0x1e, 0x1f, 0x0d, 0x0d, 0x0d, 0x0a, 0x0a, 0x0a, 0x03, 0x03, 0x03, 0x08, 0xff, 0x00,
    0x41, 0x08, 0x1c, 0x48, 0xb0, 0x20, 0xc1, 0x0c, 0x06, 0x13, 0x2a, 0x5c, 0x88, 0x61, 0xa1, 0xc3,
    0x87, 0x0a, 0x37, 0x68, 0x80, 0x48, 0x11, 0x84, 0xc4, 0x0d, 0x1c, 0x2a, 0x6a, 0x4c, 0x58, 0xc1,
    0x42, 0x86, 0x8c, 0x1b, 0x1f, 0x5e, 0xe8, 0x18, 0xb2, 0xa4, 0x04, 0x0c, 0x1e, 0x4a, 0x3a, 0xfc,
    0xd0, 0xe1, 0xc2, 0x03, 0x00, 0x2a, 0x1d, 0x1a, 0x70, 0x00, 0xc0, 0xc1, 0x85, 0x0f, 0x20, 0x52,
    0xc6, 0x5c, 0xc8, 0xd2, 0x02, 0x00, 0x03, 0x0b, 0x0c, 0x1c, 0xd8, 0x39, 0xd0, 0x00, 0x00, 0x09,
    0x19, 0x3e, 0x78, 0xe8, 0xa0, 0x93, 0xa8, 0xc1, 0x0e, 0x38, 0x5d, 0xfe, 0x84, 0x49, 0xd4, 0x28,
    0x05, 0x0e, 0x2c, 0x9b, 0x3a, 0x4d, 0xd8, 0x01, 0xc4, 0x87, 0x0c, 0x12, 0xa6, 0xee, 0x3c, 0x00,
    0xc0, 0x02, 0x4e, 0xa6, 0x5b, 0x21, 0x42, 0xed, 0x40, 0x01, 0x00, 0x59, 0x95, 0x64, 0xcd, 0x2e,
    0xd5, 0x9a, 0x76, 0xe1, 0xda, 0xb6, 0x46, 0x43, 0x1a, 0xad, 0xa0, 0xb4, 0xee, 0xc6, 0xb5, 0x13,
    0x00, 0x0c, 0xa0, 0x4a, 0xd1, 0xaa, 0x52, 0xb4, 0x4f, 0x0d, 0xd2, 0x25, 0x0a, 0x95, 0x03, 0x04,
    0x01, 0x20, 0x08, 0x3b, 0x1c, 0x1c, 0x01, 0x2b, 0x62, 0x82, 0x4c, 0x71, 0x16, 0xec, 0xba, 0x38,
    0x26, 0x54, 0x0c, 0x62, 0x21, 0x1a, 0x18, 0x80, 0x21, 0xeb, 0x53, 0xa5, 0x18, 0x2c, 0x50, 0x00,
    0xd1, 0x51, 0xc3, 0xd9, 0xce, 0x2a, 0xa1, 0xfa, 0xcc, 0x2b, 0xb3, 0xac, 0xe9, 0xcd, 0x1f, 0x30,
    0x04, 0x2e, 0x68, 0xa0, 0xc2, 0x86, 0xdb, 0x5b, 0xa1, 0xe2, 0x95, 0x5c, 0x70, 0x80, 0x00, 0x09,
    0x97, 0x31, 0x7f, 0xb8, 0x00, 0x73, 0xc0, 0x01, 0x03, 0x02, 0xdf, 0x42, 0x48, 0x9a, 0x7c, 0x27,
    0xd4, 0x0c, 0x07, 0x8c, 0x13, 0x2f, 0x0a, 0xe0, 0x66, 0x75, 0xa8, 0xcc, 0xa1, 0x6f, 0xff, 0x27,
    0x3b, 0x1d, 0x38, 0xe3, 0x0f, 0xb3, 0xb7, 0x83, 0x30, 0xfc, 0xfd, 0xab, 0x00, 0xed, 0x0a, 0x8d,
    0x22, 0x87, 0x1d, 0xd3, 0x31, 0xe4, 0xed, 0x83, 0x4b, 0xb7, 0x6f, 0xfb, 0x76, 0x21, 0x82, 0xee,
    0xe6, 0x59, 0x87, 0x9e, 0x5b, 0xc4, 0x0d, 0x36, 0x41, 0x67, 0x50, 0x6d, 0xe0, 0xc0, 0x7d, 0x93,
    0x09, 0x70, 0xa0, 0x5f, 0x09, 0x2e, 0x18, 0x19, 0x41, 0x64, 0x79, 0x47, 0x17, 0x78, 0xa1, 0x2d,
    0x04, 0x99, 0x03, 0xbf, 0x55, 0xe7, 0xd9, 0x07, 0x15, 0x64, 0x28, 0x00, 0x00, 0x0f, 0x60, 0xb5,
    0x98, 0x6c, 0x04, 0x42, 0x64, 0x9c, 0x7e, 0xf4, 0xfd, 0x95, 0x9b, 0x60, 0x84, 0xed, 0x15, 0x20,
    0x08, 0x28, 0xf6, 0x37, 0x19, 0x00, 0x2c, 0x42, 0x18, 0x01, 0x00, 0x23, 0x46, 0x07, 0xa0, 0x87,
    0x18, 0xd2, 0xe6, 0x90, 0x00, 0x0b, 0xb8, 0xe6, 0xe1, 0x87, 0x21, 0xd2, 0xf6, 0x1e, 0x75, 0x27,
    0x7e, 0x35, 0x9a, 0x7a, 0x04, 0x19, 0x17, 0xc1, 0x91, 0x02, 0x32, 0xf7, 0x16, 0x65, 0x54, 0x0a,
    0xf4, 0xc1, 0x04, 0x02, 0x08, 0x99, 0x50, 0x5c, 0x33, 0x0a, 0x98, 0x01, 0x02, 0x3d, 0xb2, 0x07,
    0x1b, 0x86, 0xff, 0x2d, 0x34, 0x00, 0x08, 0x0f, 0x74, 0xd8, 0x62, 0x49, 0x1f, 0x70, 0xf0, 0xd2,
    0x88, 0x60, 0x66, 0x89, 0x22, 0x99, 0xf8, 0x19, 0x65, 0xa1, 0x5f, 0x04, 0xb5, 0x35, 0x58, 0x9d,
    0x6f, 0x0e, 0x28, 0xc0, 0x73, 0x90, 0x0d, 0x20, 0x14, 0x4c, 0x7b, 0xf2, 0x49, 0xe3, 0x07, 0xc3,
    0xe9, 0x19, 0x66, 0x41, 0xe8, 0x2d, 0xb0, 0x5d, 0x04, 0x89, 0x2a, 0x5a, 0x23, 0x8c, 0x39, 0x42,
    0xf4, 0xc1, 0x06, 0xaa, 0x41, 0x00, 0x42, 0x04, 0x14, 0x5c, 0x60, 0xd9, 0x9b, 0x02, 0xfa, 0x44,
    0x56, 0x7e, 0x8f, 0xe2, 0x26, 0x50, 0x46, 0x50, 0x09, 0x94, 0x65, 0x70, 0x03, 0x9e, 0xff, 0x8a,
    0x63, 0xaa, 0x9b, 0x69, 0x99, 0x13, 0x67, 0x8a, 0x9e, 0x66, 0x2a, 0xa6, 0xb4, 0xe6, 0x5a, 0xd2,
    0xa5, 0xa8, 0xbe, 0xea, 0x6b, 0x48, 0x97, 0x02, 0x3a, 0x6c, 0x5d, 0xc2, 0x4d, 0x65, 0xec, 0xb1,
    0x69, 0x31, 0x3a, 0x95, 0x99, 0xcc, 0xa6, 0xd5, 0x01, 0x04, 0x3c, 0xc2, 0x28, 0x01, 0xa9, 0xd1,
    0xaa, 0xb5, 0xe9, 0x82, 0x54, 0x09, 0x80, 0x80, 0x9b, 0xd9, 0x7e, 0x18, 0x1e, 0x55, 0x8e, 0x0a,
    0x1b, 0xae, 0x42, 0x50, 0x85, 0xd8, 0x1f, 0x59, 0x7c, 0x99, 0x7b, 0xae, 0x42, 0x61, 0x0d, 0x26,
    0xd0, 0x88, 0x53, 0x62, 0xfb, 0xae, 0x72, 0x19, 0xac, 0x29, 0x59, 0xb9, 0xf6, 0xde, 0x7b, 0x29,
    0x41, 0xd0, 0xde, 0x4b, 0x51, 0x9c, 0x8f, 0x4d, 0x48, 0xd0, 0xa0, 0x46, 0xf6, 0x1b, 0x6e, 0x90,
    0xdb, 0xc9, 0xe8, 0xae, 0xc0, 0x12, 0xbc, 0xb7, 0xdd, 0x7b, 0x0b, 0x30, 0x29, 0xb0, 0x5d, 0xcb,
    0x65, 0xc8, 0x1b, 0x00, 0x14, 0xf4, 0x7a, 0x2e, 0x53, 0x8e, 0xc1, 0x17, 0xdf, 0x8f, 0x0a, 0x0f,
    0x9b, 0xae, 0xc6, 0x06, 0xbd, 0x07, 0x01, 0xb8, 0x17, 0x0f, 0x04, 0x9e, 0xa1, 0x50, 0x46, 0xc9,
    0x71, 0x5f, 0x2d, 0xbb, 0x4a, 0x30, 0x83, 0xa2, 0xd9, 0xf6, 0xb0, 0xa5, 0x4b, 0x05, 0x26, 0x6f,
    0x45, 0x15, 0x7a, 0xec, 0x2b, 0x88, 0x29, 0x6a, 0x34, 0x28, 0xc9, 0xef, 0x66, 0xa6, 0x6e, 0xcc,
    0x1a, 0x96, 0x9b, 0x53, 0xb6, 0x4a, 0x17, 0x5d, 0x92, 0xc4, 0x66, 0xd1, 0x58, 0x32, 0xb1, 0x2c,
    0x2d, 0x4d, 0x94, 0xc4, 0x15, 0x8c, 0xea, 0x6b, 0x57, 0x1f, 0x68, 0x10, 0x98, 0x8d, 0x44, 0x91,
    0x85, 0xd4, 0x6b, 0x7c, 0xb6, 0x2a, 0x15, 0xd9, 0x4e, 0x91, 0x75, 0x80, 0x05, 0x26, 0xee, 0x8c,
    0xae, 0x57, 0x16, 0x85, 0x08, 0xc2, 0xcf, 0x7e, 0xc9, 0x4b, 0x69, 0xab, 0xb8, 0x12, 0x66, 0x4b,
    0x37, 0x07, 0x16, 0xfc, 0x27, 0x72, 0xae, 0x79, 0x4d, 0x20, 0xaa, 0x66, 0x5d, 0x09, 0x74, 0xa6,
    0xe2, 0x9a, 0x69, 0x60, 0xc1, 0x8e, 0xeb, 0x31, 0x9d, 0x56, 0x97, 0x30, 0x3d, 0x50, 0x01, 0x06,
    0x58, 0x11, 0xb4, 0x94, 0xe6, 0x9a, 0xad, 0x7a, 0x01, 0x05, 0x79, 0x19, 0xd0, 0x63, 0xb8, 0xce,
    0x51, 0x05, 0x01, 0x05, 0x16, 0x60, 0x80, 0x51, 0xab, 0x2e, 0x73, 0x90, 0x41, 0x6a, 0x14, 0xbc,
    0x14, 0xdd, 0xe8, 0xf7, 0x76, 0x89, 0xb7, 0x01, 0x10, 0x48, 0xb0, 0xda, 0x40, 0x11, 0x50, 0x0b,
    0x30, 0x08, 0xb4, 0xd7, 0xdc, 0x65, 0x76, 0x4c, 0x0b, 0x35, 0x78, 0xcd, 0x09, 0x15, 0x0a, 0xdd,
    0x40, 0xc7, 0xd7, 0x15, 0x10, 0x00, 0x21, 0xf9, 0x04, 0x01, 0x08, 0x00, 0x20, 0x00, 0x2c, 0x0d,
    0x00, 0x0e, 0x00, 0x89, 0x00, 0x8a, 0x00, 0x84, 0xff, 0xff, 0xff, 0xff, 0xff, 0xfe, 0xfe, 0xfe,
    0xfe, 0xfd, 0xfd, 0xfd, 0xfd, 0xfd, 0xfb, 0xfd, 0xfd, 0xfa, 0xfc, 0xfc, 0xfb, 0xfb, 0xfb, 0xfa,
    0xfa, 0xfa, 0xfa, 0xfa, 0xfa, 0xf8, 0xfa, 0xfa, 0xf7, 0xf9, 0xf9, 0xf8, 0xf9, 0xf9, 0xf7, 0xf9,
    0xf9, 0xf6, 0xf8, 0xf8, 0xf6, 0xf4, 0xf4, 0xf2, 0xed, 0xed, 0xeb, 0xe6, 0xe6, 0xe5, 0xdb, 0xdb,
    0xdb, 0xd3, 0xd3, 0xd3, 0xca, 0xca, 0xca, 0xaf, 0xaf, 0xaf, 0x92, 0x92, 0x92, 0x65, 0x65, 0x65,
    0x45, 0x45, 0x45, 0x3b, 0x3b, 0x3b, 0x33, 0x33, 0x33, 0x30, 0x30, 0x30, 0x1f, 0x1f, 0x1f, 0x0d,
    0x0d, 0x0d, 0x0a, 0x0a, 0x0a, 0x03, 0x03, 0x03, 0x08, 0xff, 0x00, 0x41, 0x08, 0x1c, 0x48, 0xb0,
    0xa0, 0xc1, 0x83, 0x08, 0x13, 0x2a, 0x2c, 0xf8, 0xa0, 0x21, 0xc2, 0x86, 0x0f, 0x16, 0x4a, 0x9c,
    0x48, 0xb1, 0xa2, 0xc5, 0x8b, 0x18, 0x41, 0x44, 0xa4, 0x20, 0x61, 0x02, 0x85, 0x8f, 0x20, 0x3a,
    0x4e, 0x90, 0x20, 0x72, 0x02, 0x88, 0x8f, 0x1f, 0x25, 0x70, 0xcc, 0xc8, 0xb2, 0xa5, 0xcb, 0x97,
    0x05, 0x27, 0x78, 0xa4, 0x60, 0xd2, 0x21, 0xc5, 0x88, 0x33, 0x65, 0xc2, 0xdc, 0xc9, 0x93, 0xe7,
    0x03, 0x95, 0x2b, 0x21, 0xf4, 0xd4, 0x28, 0xf0, 0xe3, 0x04, 0xa1, 0x43, 0x93, 0x2a, 0x25, 0xf8,
    0x93, 0x42, 0x05, 0x0a, 0x4b, 0x0f, 0x3a, 0xa5, 0x19, 0xb5, 0x2a, 0xcc, 0x09, 0x4f, 0xad, 0x2a,
    0x9c, 0xaa, 0xb5, 0x2b, 0x45, 0x90, 0x5e, 0x25, 0x62, 0x95, 0x10, 0xb6, 0xac, 0x40, 0xac, 0x13,
    0x22, 0x9a, 0x95, 0x28, 0xe1, 0xa9, 0xda, 0xb5, 0x4b, 0xb1, 0x52, 0x78, 0x0b, 0x57, 0x6c, 0xd6,
    0xba, 0x43, 0x3f, 0xd2, 0xc5, 0x3b, 0xd1, 0x23, 0xdf, 0x97, 0x3f, 0x25, 0xec, 0xfd, 0x4b, 0x58,
    0x2b, 0xd9, 0xc2, 0x2d, 0x49, 0x22, 0x96, 0xf8, 0xc0, 0xe4, 0xe2, 0x97, 0x8e, 0x1f, 0x4b, 0x95,
    0x0c, 0x98, 0x2a, 0xe5, 0xb3, 0x50, 0x2f, 0x43, 0x9e, 0x2b, 0xf9, 0x41, 0x66, 0xcd, 0x3b, 0x3f,
    0x23, 0x16, 0x0c, 0xba, 0xe7, 0x61, 0xc2, 0x3f, 0x4b, 0x27, 0x3d, 0x8d, 0x97, 0xb5, 0xea, 0x9e,
    0xa9, 0xeb, 0x2a, 0x7e, 0x1d, 0x17, 0xee, 0x6c, 0xda, 0xb5, 0xcb, 0xde, 0xc6, 0x9d, 0xbb, 0xeb,
    0x6e, 0xde, 0xbd, 0x81, 0x0b, 0x1f, 0x4e, 0x9c, 0xa2, 0x6b, 0xd8, 0xc7, 0x8b, 0xaf, 0x8e, 0xca,
    0x59, 0xb9, 0x55, 0xd1, 0x3c, 0x23, 0x3b, 0xaf, 0xfa, 0xa0, 0x42, 0x52, 0xe9, 0xd3, 0xab, 0x42,
    0x6f, 0xe9, 0x39, 0xbb, 0x57, 0xcb, 0x90, 0xbd, 0x87, 0xff, 0xdd, 0x2e, 0xbe, 0x74, 0xf7, 0xf2,
    0xbc, 0x93, 0x57, 0x1c, 0x8c, 0x3e, 0x2a, 0x76, 0x8b, 0xea, 0xdb, 0x2f, 0xb5, 0x8e, 0xb1, 0xb9,
    0xfc, 0xae, 0x2b, 0xe1, 0xbf, 0xbf, 0x5f, 0x95, 0x7e, 0xc5, 0x0a, 0xec, 0xf1, 0x37, 0x1f, 0x79,
    0x08, 0xf9, 0x25, 0x60, 0x58, 0x00, 0x4e, 0x54, 0xdd, 0x81, 0x61, 0x55, 0x47, 0x60, 0x41, 0x16,
    0x6c, 0x60, 0x16, 0x06, 0x02, 0x5a, 0x30, 0x91, 0x05, 0x1c, 0x6c, 0xc0, 0xc1, 0x86, 0x1c, 0x76,
    0xe8, 0xe1, 0x87, 0x20, 0x86, 0xd8, 0x21, 0x08, 0x12, 0xc2, 0xa4, 0x01, 0x89, 0x22, 0xa6, 0xa8,
    0xe2, 0x8a, 0x1f, 0x6a, 0x78, 0x41, 0x7c, 0x03, 0x5d, 0x20, 0xa1, 0x05, 0x34, 0xd6, 0x68, 0xe3,
    0x8d, 0x38, 0xe6, 0xa8, 0x23, 0x8d, 0x15, 0x5c, 0xc0, 0xe2, 0x8f, 0x1b, 0x6e, 0x60, 0x41, 0x05,
    0x3b, 0x16, 0x69, 0xe4, 0x91, 0x36, 0x0e, 0x94, 0x60, 0x42, 0x99, 0x59, 0xd8, 0x15, 0x00, 0x18,
    0x7e, 0xd0, 0x93, 0x07, 0x1f, 0x64, 0xe0, 0x5f, 0x5d, 0x15, 0xcc, 0xb8, 0xd0, 0x05, 0x45, 0x55,
    0x85, 0xc0, 0x02, 0x00, 0x50, 0x20, 0xa1, 0x94, 0x4a, 0x7d, 0x80, 0x41, 0x04, 0x00, 0x38, 0x70,
    0x80, 0x01, 0x78, 0xd9, 0x87, 0x10, 0x97, 0x51, 0x0d, 0x00, 0x02, 0x94, 0x54, 0x56, 0xd5, 0x01,
    0x08, 0x1c, 0x58, 0x37, 0x80, 0x00, 0x6b, 0x45, 0x08, 0xc2, 0x95, 0x05, 0x59, 0xb7, 0x01, 0xa0,
    0x3d, 0xc9, 0xf9, 0x00, 0x97, 0x1e, 0xdc, 0x19, 0x95, 0x07, 0x02, 0x7d, 0x60, 0xe1, 0x9e, 0x66,
    0x39, 0xf6, 0x22, 0x7b, 0x32, 0x56, 0x25, 0x27, 0x04, 0x19, 0x98, 0xd5, 0xc1, 0x07, 0x5c, 0x1a,
    0xc0, 0x67, 0x59, 0x70, 0x52, 0x80, 0x94, 0x41, 0x1b, 0xc0, 0x99, 0xd4, 0xa5, 0x19, 0x90, 0x19,
    0x56, 0xa2, 0x9c, 0x82, 0x00, 0x69, 0x58, 0x7e, 0x12, 0xff, 0xfa, 0x27, 0x89, 0x4e, 0x0e, 0x25,
    0x80, 0x00, 0x98, 0x7e, 0xa0, 0x68, 0x59, 0xac, 0x76, 0x5a, 0x56, 0x66, 0x93, 0x42, 0x28, 0xe1,
    0x7e, 0x2e, 0x01, 0x70, 0x00, 0x00, 0x17, 0xa8, 0x6a, 0x10, 0xa3, 0x55, 0xb1, 0x6a, 0x81, 0xb1,
    0x0d, 0x0a, 0x74, 0xc1, 0x7b, 0x95, 0x26, 0x65, 0x2c, 0x94, 0x09, 0x25, 0x7a, 0x10, 0xb3, 0x3c,
    0xb1, 0x4a, 0x01, 0x00, 0x6c, 0x7a, 0x15, 0x6b, 0x41, 0x64, 0x95, 0xaa, 0x54, 0x98, 0x0a, 0x51,
    0xc9, 0xc1, 0x05, 0x4f, 0x51, 0x60, 0xc1, 0x05, 0x77, 0x72, 0xcb, 0x13, 0x07, 0x11, 0x0c, 0x20,
    0x67, 0x57, 0x59, 0x82, 0x50, 0xab, 0x40, 0x82, 0xca, 0xda, 0x92, 0x00, 0x03, 0x40, 0xc0, 0x81,
    0xae, 0x08, 0x75, 0x60, 0xc1, 0x5e, 0x00, 0x44, 0x80, 0x68, 0x52, 0x14, 0x86, 0x75, 0x58, 0xb0,
    0x02, 0xf9, 0x49, 0x6c, 0x46, 0xe0, 0x22, 0x4b, 0xf0, 0x41, 0x1d, 0x40, 0x05, 0x40, 0x41, 0x6c,
    0x62, 0x2b, 0xaf, 0x4b, 0xac, 0x56, 0x00, 0x6e, 0x57, 0x6f, 0x89, 0x56, 0x6d, 0xa1, 0x27, 0x79,
    0xf0, 0x31, 0x08, 0x2a, 0x67, 0x0c, 0x00, 0x02, 0x9f, 0x12, 0x34, 0x00, 0x02, 0x1e, 0x0f, 0xb5,
    0xc1, 0x03, 0xaf, 0x5a, 0x55, 0xe9, 0x67, 0x11, 0x99, 0xcb, 0x13, 0x00, 0x03, 0x00, 0x80, 0xc1,
    0xc5, 0x03, 0x85, 0xfc, 0x72, 0x42, 0x2f, 0x5b, 0xbc, 0xeb, 0x4b, 0x9b, 0x3e, 0x1b, 0xae, 0x55,
    0xb1, 0x1e, 0x66, 0x92, 0x90, 0x3d, 0xb1, 0xf9, 0x20, 0x08, 0x99, 0x4a, 0x64, 0x2f, 0x04, 0x1d,
    0xac, 0xcc, 0x92, 0xca, 0x1c, 0x40, 0x70, 0xab, 0x56, 0xf4, 0x59, 0x40, 0x1a, 0x54, 0x54, 0xef,
    0x54, 0x71, 0xb2, 0x4b, 0xb3, 0xdc, 0x34, 0x08, 0x07, 0x2c, 0xb4, 0x36, 0xd1, 0x20, 0x37, 0x0d,
    0xed, 0x73, 0x11, 0x1f, 0xe6, 0xe7, 0xd5, 0x16, 0xf1, 0xff, 0x19, 0x41, 0xd7, 0xcb, 0xaa, 0x3c,
    0x01, 0xd0, 0x72, 0x1f, 0xbb, 0x2f, 0x4f, 0x19, 0xd8, 0x1b, 0xd6, 0xb4, 0x11, 0x4b, 0xc8, 0x37,
    0x45, 0xd7, 0x5a, 0xd8, 0x36, 0xcb, 0x78, 0x42, 0x00, 0x40, 0xcc, 0x09, 0x19, 0x80, 0xee, 0x94,
    0x54, 0x7e, 0xfb, 0xf4, 0x52, 0x3d, 0x33, 0x0e, 0xc2, 0xc9, 0x30, 0x01, 0x3d, 0x40, 0xaa, 0x93,
    0x33, 0xca, 0xc1, 0x03, 0x97, 0x4b, 0x64, 0x75, 0x52, 0x9b, 0x72, 0x19, 0xb7, 0xce, 0x8e, 0x93,
    0x55, 0x69, 0x80, 0x17, 0xf9, 0x0d, 0x78, 0xe0, 0x1d, 0x48, 0x40, 0xf8, 0x42, 0xc7, 0xfa, 0xfb,
    0x52, 0xe2, 0x98, 0x2f, 0xb5, 0xb3, 0xed, 0x12, 0xe2, 0x6e, 0x91, 0xe6, 0xc2, 0x87, 0x2c, 0xc0,
    0xec, 0x48, 0x1f, 0xcb, 0x36, 0xe7, 0x1d, 0xa0, 0x79, 0x6f, 0x54, 0xc7, 0x0b, 0xe4, 0xf3, 0x4b,
    0x73, 0x4f, 0x2e, 0xd0, 0x9d, 0x17, 0xdc, 0x9d, 0x10, 0xc0, 0x0e, 0x0c, 0x3c, 0x94, 0xd1, 0x9f,
    0x2b, 0x15, 0x75, 0xe8, 0x6a, 0x07, 0x3d, 0xb4, 0xf7, 0x2c, 0x27, 0x3a, 0x38, 0xf4, 0x06, 0x25,
    0x7d, 0x38, 0x4f, 0x6f, 0xd3, 0xaf, 0xbe, 0x84, 0x15, 0x90, 0xb6, 0xbd, 0x4b, 0xb7, 0x7a, 0xc0,
    0xc0, 0xe0, 0x37, 0x10, 0x0d, 0x58, 0x4e, 0x7f, 0x02, 0x39, 0x1a, 0x05, 0x76, 0x37, 0x94, 0xd8,
    0x75, 0x25, 0x6a, 0xda, 0x33, 0x15, 0x00, 0x35, 0x62, 0x3e, 0x85, 0xdc, 0x29, 0x03, 0xac, 0x13,
    0x88, 0x9c, 0x00, 0x66, 0x00, 0xab, 0x6d, 0x8a, 0x80, 0x2f, 0xa1, 0xd0, 0xf5, 0x96, 0x02, 0x41,
    0x12, 0x49, 0xb0, 0x25, 0x72, 0xa2, 0x80, 0xca, 0x24, 0x72, 0x27, 0x0d, 0x90, 0x07, 0x00, 0x15,
    0x18, 0x60, 0x55, 0x56, 0x37, 0xb6, 0xa8, 0x94, 0xf0, 0x7f, 0x2d, 0x61, 0x93, 0xf0, 0x0c, 0x72,
    0xa7, 0x0e, 0x60, 0xa0, 0x02, 0x26, 0x81, 0x80, 0xbb, 0xff, 0x32, 0x45, 0xb7, 0xf3, 0x55, 0xae,
    0x75, 0x36, 0xe4, 0xdf, 0x61, 0x70, 0xc8, 0x92, 0xd7, 0x59, 0x84, 0x59, 0x1d, 0xd8, 0xd0, 0xaa,
    0x8e, 0x58, 0xbc, 0xa1, 0xdc, 0xf0, 0x84, 0x4d, 0x3c, 0xc9, 0x45, 0x98, 0xc5, 0xa8, 0x0f, 0x30,
    0x0a, 0x84, 0x3b, 0x51, 0x9d, 0xe5, 0xaa, 0xd8, 0x93, 0x7c, 0xf5, 0x6f, 0x74, 0xc9, 0x83, 0x89,
    0x13, 0x5f, 0x23, 0x46, 0x24, 0x92, 0xd0, 0x71, 0x26, 0xb9, 0x9d, 0x1a, 0xb5, 0x48, 0x1b, 0xd5,
    0xb1, 0x8e, 0x8c, 0x3c, 0xd9, 0x59, 0x1c, 0xd3, 0xf8, 0x12, 0x3e, 0x09, 0x4c, 0x59, 0xa5, 0xc1,
    0x00, 0xc0, 0x68, 0x77, 0x92, 0xb4, 0x48, 0x0c, 0x26, 0x7c, 0x12, 0x20, 0x20, 0x2f, 0x73, 0x27,
    0x11, 0x52, 0x47, 0x5a, 0x3a, 0xd9, 0x5b, 0xe9, 0xf6, 0xf4, 0x3e, 0xd5, 0xe4, 0x4f, 0x2b, 0xa5,
    0xea, 0xc8, 0xac, 0x06, 0x55, 0x3a, 0xcd, 0x4d, 0x0f, 0x34, 0x46, 0x43, 0x60, 0x4f, 0x1c, 0x63,
    0x36, 0xb2, 0xa0, 0xed, 0x7e, 0x19, 0x09, 0x1e, 0x1b, 0x55, 0xe6, 0xbb, 0x11, 0x26, 0xa5, 0x49,
    0xb7, 0x61, 0x62, 0x46, 0xe4, 0x24, 0x81, 0x15, 0xaa, 0x66, 0x03, 0x30, 0x83, 0x9a, 0x12, 0x63,
    0xc4, 0xc7, 0x62, 0x09, 0x00, 0x01, 0x1b, 0x28, 0xe2, 0x63, 0x1c, 0x98, 0xbe, 0xa4, 0xe8, 0x91,
    0x97, 0x21, 0x29, 0x9d, 0xf4, 0x84, 0x89, 0x18, 0xf4, 0x7d, 0x27, 0x32, 0xf4, 0xd9, 0x61, 0x45,
    0xe4, 0x34, 0x01, 0x5b, 0x6a, 0x66, 0x03, 0x0e, 0xa8, 0xa1, 0xce, 0x3a, 0xa2, 0x96, 0xa9, 0xa1,
    0x12, 0x23, 0x40, 0x13, 0x1a, 0x33, 0x09, 0x63, 0x37, 0x51, 0x96, 0x31, 0x6f, 0x91, 0x61, 0xdf,
    0x4e, 0x54, 0x79, 0x99, 0x96, 0xb5, 0x52, 0x97, 0x7f, 0x1a, 0x09, 0x41, 0x2a, 0x05, 0xa3, 0x8a,
    0xdc, 0xca, 0x01, 0xc1, 0x04, 0xe3, 0x5a, 0x62, 0x37, 0xff, 0x32, 0x42, 0x82, 0x87, 0x5f, 0x24,
    0x92, 0x26, 0xe4, 0x98, 0x47, 0x19, 0x77, 0x0e, 0xb2, 0x2a, 0x0f, 0xe3, 0x26, 0x41, 0xca, 0x85,
    0x45, 0x96, 0x54, 0xac, 0x92, 0x85, 0x71, 0x56, 0x3f, 0xfb, 0x33, 0x23, 0x4d, 0x16, 0x84, 0x74,
    0x30, 0xd9, 0x53, 0x2d, 0xbd, 0x86, 0x97, 0x0d, 0x2c, 0x00, 0x04, 0x78, 0xec, 0x89, 0x1e, 0x8f,
    0x63, 0xc6, 0x9f, 0x69, 0xee, 0x9b, 0x6b, 0x51, 0x99, 0x07, 0xbe, 0xe5, 0xca, 0xaa, 0xbc, 0x88,
    0x3c, 0x0c, 0xed, 0x49, 0xf7, 0xf8, 0x22, 0xd1, 0x62, 0xee, 0x4f, 0x5f, 0x16, 0x35, 0x08, 0x9c,
    0xea, 0xd9, 0xb7, 0x80, 0x69, 0x60, 0x9c, 0x5a, 0xe9, 0x15, 0xdc, 0xbc, 0x12, 0x2a, 0x79, 0x1e,
    0x44, 0x50, 0x28, 0xcd, 0x08, 0x9b, 0x26, 0xf0, 0x41, 0xb8, 0x5c, 0x10, 0x67, 0x21, 0xed, 0x09,
    0xb0, 0x54, 0xb2, 0x96, 0x91, 0x2d, 0x10, 0xa8, 0x4a, 0xd1, 0x56, 0x06, 0x2c, 0xd7, 0x52, 0xe3,
    0xf1, 0x2b, 0xa7, 0x07, 0x19, 0x97, 0x4c, 0xe3, 0x76, 0xd5, 0x55, 0x5d, 0x90, 0xab, 0x66, 0x99,
    0x96, 0x51, 0x11, 0xf2, 0x30, 0x6b, 0xc5, 0x6d, 0x02, 0x27, 0xf2, 0x4a, 0xec, 0xd0, 0x2a, 0xae,
    0x8a, 0x3e, 0x8e, 0x4b, 0x9c, 0x1c, 0xca, 0xc8, 0x20, 0x80, 0x28, 0x7d, 0x66, 0x84, 0x59, 0x8e,
    0x9a, 0x53, 0x57, 0xb5, 0x42, 0x13, 0x9e, 0x02, 0x6b, 0x29, 0x1d, 0xb3, 0x00, 0x14, 0x93, 0xa2,
    0x3a, 0x3d, 0x45, 0x35, 0x29, 0x7e, 0x32, 0xdb, 0xe3, 0xa4, 0x15, 0xd0, 0xa5, 0x00, 0x0c, 0x00,
    0x13, 0xa0, 0x90, 0x94, 0xfc, 0x9a, 0x2e, 0x10, 0xc4, 0xeb, 0x02, 0x42, 0x31, 0x27, 0x7e, 0x74,
    0x32, 0x91, 0xc3, 0x2e, 0x65, 0x64, 0x30, 0x2c, 0xd1, 0x17, 0xbf, 0x06, 0x02, 0x33, 0x69, 0xcc,
    0xa6, 0xf0, 0x94, 0xac, 0x45, 0x2c, 0x94, 0xd7, 0xa5, 0xff, 0x28, 0x0e, 0x01, 0x15, 0xc0, 0x00,
    0x17, 0x2b, 0xb2, 0xbb, 0x0e, 0xb0, 0x6b, 0x20, 0x8f, 0x55, 0x4a, 0x64, 0x64, 0x32, 0xb1, 0x83,
    0xf0, 0x54, 0x6d, 0x03, 0xc1, 0xac, 0x8c, 0xe4, 0xb5, 0xc8, 0x82, 0x74, 0x20, 0x03, 0x16, 0x88,
    0x80, 0x40, 0x0e, 0xba, 0x16, 0x38, 0xc9, 0xf6, 0x22, 0x91, 0xd5, 0x8a, 0x00, 0x3c, 0x25, 0x90,
    0x03, 0x60, 0xe5, 0x02, 0x18, 0x90, 0x22, 0x41, 0x3e, 0x20, 0x45, 0x76, 0x49, 0x57, 0x20, 0x1d,
    0xc4, 0x4b, 0xbe, 0x5e, 0xb4, 0xd6, 0xf5, 0x0c, 0x64, 0xb2, 0xdc, 0x1b, 0x00, 0xfd, 0x00, 0xf0,
    0x00, 0x21, 0xa2, 0x04, 0x24, 0x0e, 0x20, 0xc8, 0xf3, 0x08, 0xd3, 0xb0, 0xfe, 0xc1, 0xd7, 0x20,
    0xff, 0x1d, 0x8a, 0x9c, 0x0c, 0x30, 0x58, 0x0d, 0x82, 0x80, 0xc0, 0x85, 0xb1, 0xae, 0x4a, 0x8e,
    0x8b, 0x90, 0xec, 0x56, 0x15, 0xa4, 0x07, 0x09, 0x6e, 0x59, 0xd6, 0x4b, 0x5c, 0xe5, 0x2d, 0x44,
    0x2d, 0xb5, 0x65, 0xd0, 0x45, 0xa0, 0x49, 0xd5, 0xf0, 0x9c, 0x45, 0xc3, 0x17, 0x79, 0x8b, 0x64,
    0x19, 0xbc, 0x90, 0x7c, 0x11, 0x05, 0xc4, 0x14, 0xf1, 0x13, 0x7b, 0xd3, 0x92, 0x47, 0x09, 0x35,
    0x14, 0xc5, 0x06, 0xf1, 0x53, 0x21, 0x03, 0xcc, 0x18, 0xeb, 0xc2, 0x58, 0x21, 0xfe, 0xf1, 0x2f,
    0x89, 0x8d, 0xa3, 0xbd, 0xa4, 0x82, 0x58, 0x4c, 0x79, 0xfb, 0xe7, 0x28, 0x95, 0x74, 0xe3, 0x98,
    0x0c, 0xc4, 0x6c, 0x32, 0xb1, 0x70, 0x46, 0x22, 0x92, 0xe3, 0x22, 0x0b, 0xe4, 0x34, 0x2b, 0x26,
    0x1b, 0x91, 0x6f, 0x1c, 0x99, 0x28, 0xe3, 0xeb, 0xc8, 0x30, 0xfe, 0x0c, 0x7b, 0x69, 0xec, 0x12,
    0xfa, 0xa4, 0x8d, 0x41, 0x26, 0xde, 0xf2, 0x5a, 0xfc, 0x73, 0x01, 0x25, 0x3b, 0xa7, 0x56, 0x62,
    0x86, 0x4b, 0x66, 0x32, 0x79, 0x9f, 0x43, 0x95, 0x08, 0xff, 0xc9, 0x5c, 0x96, 0x2a, 0x41, 0x04,
    0x2a, 0x1c, 0xe9, 0x20, 0xb9, 0xb8, 0x8b, 0xeb, 0xb1, 0x99, 0x69, 0x73, 0xa5, 0xfe, 0x91, 0xb6,
    0x30, 0xfb, 0x8a, 0xb3, 0x64, 0xaa, 0x75, 0x01, 0x8e, 0x08, 0x99, 0x30, 0x57, 0xf2, 0x71, 0x69,
    0x12, 0xdd, 0x11, 0x9a, 0xec, 0x59, 0x37, 0x70, 0xe2, 0x9f, 0x70, 0x28, 0x40, 0x68, 0x3f, 0xe7,
    0x47, 0x33, 0xfe, 0x29, 0x95, 0xa0, 0xcd, 0x22, 0x81, 0x7d, 0x59, 0x60, 0x24, 0x87, 0xbe, 0xcc,
    0x04, 0x24, 0x58, 0x68, 0xd0, 0x74, 0x7a, 0x9e, 0x96, 0x26, 0x0d, 0x6e, 0x7a, 0x34, 0xcf, 0x4d,
    0x2f, 0xe5, 0xd4, 0x04, 0x29, 0x65, 0xa8, 0x69, 0x73, 0xb8, 0xdf, 0x12, 0x86, 0xd2, 0x24, 0x3a,
    0xf2, 0x48, 0x3c, 0xa2, 0x6a, 0xe2, 0xc0, 0x5a, 0x7b, 0xfa, 0xc2, 0xf3, 0xab, 0xdf, 0x05, 0x21,
    0x8e, 0xf0, 0x5a, 0x3c, 0x6d, 0x31, 0x95, 0x8b, 0x2d, 0xe0, 0xa6, 0xb8, 0xb0, 0xba, 0x44, 0xa3,
    0x63, 0x76, 0xa3, 0x85, 0x2d, 0x9c, 0x9f, 0x10, 0x89, 0x20, 0x25, 0x62, 0x17, 0x8b, 0x79, 0xd2,
    0x16, 0x62, 0x6f, 0x00, 0xda, 0xda, 0x9e, 0xb6, 0x80, 0x36, 0xc2, 0xea, 0x81, 0x7c, 0x5b, 0x5a,
    0x43, 0x82, 0xca, 0x9e, 0x71, 0xe2, 0x2e, 0x65, 0xcf, 0x53, 0xda, 0x8d, 0xde, 0xb1, 0x72, 0x22,
    0xa2, 0x92, 0x72, 0x9b, 0x1b, 0xda, 0xa3, 0xbb, 0xc0, 0x05, 0x74, 0xa4, 0x6f, 0x09, 0x9e, 0xfb,
    0xdd, 0x1c, 0x99, 0xb6, 0xbc, 0xb3, 0xa3, 0x96, 0x8e, 0x10, 0x09, 0x8b, 0xdf, 0x4e, 0xb8, 0xc2,
    0x17, 0x9e, 0xf0, 0x8b, 0xa6, 0x9b, 0x24, 0x1e, 0x91, 0xe7, 0xa3, 0xe5, 0xf3, 0x16, 0xa0, 0x10,
    0xe9, 0x5d, 0x2f, 0xd6, 0xe9, 0xbe, 0xd3, 0x1d, 0x70, 0xe2, 0x4a, 0xdc, 0xc9, 0x0a, 0x29, 0x38,
    0xc4, 0x67, 0xe2, 0x94, 0x0a, 0x98, 0xfc, 0xe4, 0xed, 0x1c, 0x2a, 0x2c, 0x49, 0x4a, 0xf2, 0x71,
    0x90, 0x5b, 0xa4, 0xe2, 0x2b, 0x8f, 0xf9, 0xca, 0x3d, 0x3e, 0x92, 0xd3, 0x4c, 0xdc, 0xe5, 0x17,
    0x0e, 0xd0, 0xcd, 0xff, 0x12, 0x10, 0x00, 0x21, 0xf9, 0x04, 0x01, 0x08, 0x00, 0x20, 0x00, 0x2c,
    0x29, 0x00, 0x36, 0x00, 0x47, 0x00, 0x42, 0x00, 0x84, 0xff, 0xff, 0xff, 0xff, 0xff, 0xfe, 0xfe,
    0xfe, 0xfe, 0xfd, 0xfd, 0xfd, 0xfd, 0xfd, 0xfb, 0xfd, 0xfd, 0xfa, 0xfc, 0xfc, 0xfb, 0xfb, 0xfb,
    0xfa, 0xfa, 0xfa, 0xfa, 0xfa, 0xfa, 0xf8, 0xfa, 0xfa, 0xf7, 0xf9, 0xf9, 0xf8, 0xf9, 0xf9, 0xf7,
    0xf9, 0xf9, 0xf6, 0xf8, 0xf8, 0xf6, 0xf4, 0xf4, 0xf2, 0xed, 0xed, 0xeb, 0xe6, 0xe6, 0xe5, 0xdb,
    0xdb, 0xdb, 0xd3, 0xd3, 0xd3, 0xca, 0xca, 0xca, 0xaf, 0xaf, 0xaf, 0x92, 0x92, 0x92, 0x65, 0x65,
    0x65, 0x45, 0x45, 0x45, 0x3b, 0x3b, 0x3b, 0x33, 0x33, 0x33, 0x30, 0x30, 0x30, 0x1f, 0x1f, 0x1f,
    0x0d, 0x0d, 0x0d, 0x0a, 0x0a, 0x0a, 0x03, 0x03, 0x03, 0x08, 0xff, 0x00, 0x41, 0x08, 0x1c, 0x48,
    0xb0, 0x60, 0x41, 0x0c, 0x06, 0x13, 0x2a, 0x54, 0x98, 0x61, 0xa1, 0xc3, 0x87, 0x0e, 0x39, 0x68,
    0xd8, 0x00, 0xb1, 0x22, 0x88, 0x89, 0x16, 0x33, 0x2e, 0xb4, 0x50, 0xe1, 0x82, 0x46, 0x88, 0x1c,
    0x36, 0x70, 0xfc, 0x48, 0x12, 0x04, 0x00, 0x0b, 0x1c, 0x3e, 0x94, 0x54, 0xe8, 0xe1, 0x43, 0x86,
    0x0a, 0x2b, 0x1d, 0x1e, 0x30, 0x80, 0x60, 0x01, 0x00, 0x0a, 0x14, 0x55, 0xc6, 0x4c, 0xe8, 0x01,
    0xc4, 0x07, 0x0c, 0x11, 0x00, 0x38, 0x98, 0xb9, 0x53, 0x20, 0x80, 0x01, 0x26, 0x2d, 0xb4, 0xec,
    0x50, 0x94, 0x27, 0x88, 0x0e, 0x1f, 0x38, 0x54, 0x38, 0x2a, 0xa0, 0xe8, 0x51, 0x00, 0x0f, 0x2e,
    0x7c, 0xf0, 0xc0, 0xb4, 0x29, 0x4b, 0xa6, 0x1f, 0x2c, 0x50, 0x8d, 0x79, 0x15, 0x42, 0x86, 0x0f,
    0x5d, 0xbd, 0x2e, 0xec, 0x09, 0xf5, 0x02, 0x00, 0x03, 0x55, 0x49, 0x96, 0x3d, 0x9b, 0x56, 0xad,
    0x43, 0xae, 0x1f, 0xdc, 0x0e, 0x88, 0x9b, 0x11, 0x00, 0x08, 0x01, 0x66, 0xd1, 0xda, 0xb5, 0x88,
    0xd7, 0xad, 0x81, 0x8f, 0x00, 0x0e, 0x00, 0xd0, 0x5a, 0x97, 0x60, 0x4f, 0x82, 0x8d, 0x8b, 0xe2,
    0x15, 0x7b, 0xa0, 0xaf, 0x62, 0x0b, 0x82, 0x0d, 0x72, 0x35, 0xb8, 0x35, 0x72, 0x4c, 0xbc, 0x14,
    0xde, 0x56, 0x7c, 0x7b, 0x33, 0xb3, 0xe3, 0x0e, 0x2d, 0x39, 0x5c, 0x80, 0x49, 0xc1, 0xc2, 0x05,
    0xa8, 0x76, 0xf1, 0x72, 0x88, 0x00, 0x02, 0xa9, 0x43, 0x00, 0x02, 0x06, 0x40, 0x48, 0xd9, 0x18,
    0x6f, 0x07, 0x0b, 0x0f, 0x0a, 0x02, 0x88, 0xa0, 0x35, 0x36, 0x54, 0x0c, 0xa2, 0x6f, 0x1b, 0x58,
    0x6c, 0x5a, 0xa0, 0x6f, 0x0a, 0x26, 0x2b, 0x83, 0x30, 0x40, 0xf4, 0xa4, 0x4e, 0xaf, 0x78, 0xa7,
    0x1e, 0x56, 0x78, 0x15, 0xfa, 0xd7, 0xd0, 0x08, 0xf8, 0x1a, 0xff, 0x1d, 0x80, 0xc0, 0xba, 0x5a,
    0xbc, 0x1b, 0x1e, 0xec, 0xe5, 0x3e, 0x00, 0x00, 0x86, 0xe6, 0x20, 0xb2, 0x03, 0x40, 0xb0, 0x70,
    0x3e, 0x73, 0xcf, 0x24, 0x27, 0x27, 0x17, 0xbe, 0x9c, 0x02, 0x7c, 0xbc, 0x19, 0x24, 0x76, 0x5b,
    0x6d, 0x10, 0xe0, 0xb7, 0x92, 0x07, 0x1c, 0x40, 0xf0, 0x97, 0x41, 0xa4, 0x31, 0x56, 0xd0, 0x64,
    0x02, 0x48, 0x57, 0xdf, 0x72, 0x0e, 0x36, 0xa5, 0x9f, 0x84, 0x46, 0x09, 0x30, 0x9c, 0x81, 0x1e,
    0x4c, 0x70, 0xd4, 0x43, 0x89, 0x59, 0x67, 0xa0, 0x46, 0x00, 0xd6, 0x26, 0xdc, 0x65, 0xf0, 0xc5,
    0x17, 0x15, 0x04, 0xb8, 0x81, 0xd8, 0x5f, 0x8a, 0x9f, 0x7d, 0x10, 0xda, 0x76, 0x46, 0xd5, 0x46,
    0x97, 0x66, 0x51, 0x3d, 0xd0, 0xa2, 0x72, 0xa5, 0x8d, 0x48, 0x62, 0x5b, 0x02, 0x66, 0xb8, 0xe1,
    0x5a, 0x1d, 0x48, 0xf0, 0xe1, 0x6d, 0x8a, 0x55, 0x00, 0x63, 0x49, 0x00, 0xae, 0x67, 0xd4, 0x72,
    0x4a, 0x7a, 0x96, 0x5d, 0x84, 0x20, 0x2a, 0x56, 0xe1, 0x79, 0x1d, 0x04, 0x65, 0x5b, 0x83, 0x30,
    0x16, 0x16, 0x24, 0x77, 0xb9, 0x39, 0x90, 0xd2, 0x60, 0xf2, 0x6d, 0x77, 0xd5, 0x7b, 0x1c, 0x76,
    0xe0, 0x21, 0x86, 0xc2, 0x95, 0x87, 0x99, 0x8f, 0x1f, 0x5d, 0x68, 0xd2, 0x5f, 0x0f, 0xf0, 0xf6,
    0xd5, 0x07, 0x1a, 0xb0, 0xc8, 0xa6, 0x51, 0xe5, 0x51, 0x00, 0x67, 0x7e, 0x40, 0x22, 0x85, 0x1b,
    0x56, 0x63, 0x12, 0xe9, 0x92, 0x8e, 0x33, 0x21, 0x95, 0xdb, 0x74, 0x37, 0x41, 0xf5, 0xe7, 0x8f,
    0x3f, 0x7d, 0xd8, 0x5d, 0x45, 0x78, 0x69, 0xe0, 0x9d, 0x70, 0x15, 0xd8, 0x39, 0x58, 0x7c, 0x50,
    0x71, 0x10, 0x9c, 0x86, 0x50, 0x2e, 0x79, 0x1a, 0x5a, 0x18, 0x54, 0x30, 0x01, 0x08, 0x10, 0xb4,
    0xd6, 0x90, 0xa8, 0x92, 0xad, 0x38, 0xe8, 0x8b, 0x7f, 0x72, 0xff, 0xd5, 0x93, 0x60, 0x1c, 0x08,
    0xc4, 0xaa, 0x85, 0xae, 0x82, 0xda, 0x63, 0x46, 0x6c, 0xcd, 0xca, 0xd6, 0xa6, 0x38, 0x26, 0xf8,
    0xea, 0xae, 0xc0, 0x92, 0x99, 0x2b, 0x69, 0xfe, 0x3d, 0x5a, 0x2c, 0x61, 0x39, 0x0e, 0xaa, 0xe1,
    0x6e, 0xd7, 0x2d, 0x2b, 0xd9, 0x71, 0x8b, 0x0e, 0x5a, 0x67, 0xb4, 0xd2, 0x7e, 0x76, 0xdc, 0x91,
    0x54, 0xa1, 0x99, 0xed, 0xb4, 0x61, 0x05, 0xc9, 0xa5, 0xb2, 0xdf, 0xf2, 0x04, 0xd5, 0x54, 0xd2,
    0x85, 0x18, 0x65, 0xb9, 0x92, 0x19, 0xb9, 0x65, 0x7b, 0x12, 0xb0, 0xab, 0xed, 0x07, 0x1b, 0x84,
    0x47, 0x10, 0x6e, 0x08, 0x6c, 0x70, 0xab, 0xbc, 0x9a, 0x01, 0x49, 0x63, 0x74, 0xf7, 0xf1, 0x0b,
    0xa9, 0x76, 0xf7, 0xb6, 0x77, 0xaa, 0xc0, 0xbc, 0x42, 0xb5, 0x81, 0x03, 0x0b, 0x16, 0xec, 0xde,
    0xbe, 0x08, 0xcb, 0x79, 0x22, 0x00, 0xeb, 0x22, 0x0c, 0x11, 0x57, 0xee, 0x32, 0xf8, 0x97, 0x03,
    0xfa, 0x92, 0xfb, 0xad, 0x97, 0xff, 0xde, 0x1b, 0xaa, 0xc7, 0x1f, 0x17, 0xb9, 0x28, 0x77, 0xcb,
    0x79, 0x6b, 0x71, 0xbf, 0xe1, 0x86, 0x2c, 0xdc, 0x5e, 0xf1, 0xae, 0xcc, 0xf2, 0x06, 0x0b, 0xc0,
    0xe5, 0xa2, 0x88, 0x32, 0x3f, 0x18, 0x9a, 0x6d, 0x37, 0x5f, 0x69, 0xb1, 0x7e, 0x2e, 0x83, 0xa9,
    0x9b, 0x06, 0x10, 0x03, 0xeb, 0xe5, 0x9e, 0x3c, 0x4e, 0xe0, 0x68, 0xc4, 0x50, 0x65, 0xa0, 0x9e,
    0x78, 0xa3, 0xf5, 0xb7, 0xb4, 0xbc, 0x00, 0xb2, 0xc8, 0xb3, 0x46, 0x21, 0xfa, 0x59, 0x34, 0xb8,
    0x19, 0x58, 0x4d, 0x96, 0x62, 0x13, 0x10, 0x4d, 0x32, 0x89, 0x4f, 0xe5, 0xe5, 0xf5, 0x4e, 0xa4,
    0x41, 0xa0, 0xd5, 0x66, 0x46, 0x83, 0x65, 0x81, 0x49, 0x57, 0x93, 0x75, 0xd8, 0x49, 0x2d, 0x3d,
    0x65, 0x5c, 0x6a, 0x53, 0x39, 0xe9, 0x15, 0x6e, 0x06, 0x23, 0x71, 0xa4, 0xd2, 0xd8, 0x8e, 0x95,
    0xed, 0xc1, 0x05, 0x7a, 0x16, 0x2b, 0x1a, 0xc5, 0x39, 0xfd, 0x4a, 0x36, 0x6a, 0x3e, 0x61, 0x00,
    0xdd, 0x7e, 0xc0, 0xfa, 0xd5, 0x1e, 0x02, 0x15, 0x60, 0xe0, 0xab, 0x40, 0xf8, 0x3d, 0xf6, 0xd4,
    0xac, 0x1d, 0xac, 0x66, 0x92, 0xcd, 0xdf, 0x26, 0x07, 0xc0, 0x04, 0x17, 0x6c, 0xa0, 0xb9, 0x4f,
    0x90, 0x9d, 0x8e, 0x56, 0x06, 0x16, 0xd0, 0xc6, 0x37, 0xbf, 0xb8, 0xd9, 0x9c, 0xd8, 0x04, 0x1d,
    0x21, 0x54, 0x2b, 0x41, 0x2a, 0x71, 0x80, 0xc1, 0x6a, 0xb4, 0xcd, 0x19, 0x34, 0xbb, 0x47, 0x61,
    0x88, 0x95, 0x82, 0x04, 0x51, 0x00, 0x01, 0xc3, 0x19, 0x1e, 0x00, 0xf5, 0xca, 0x7c, 0x27, 0x5a,
    0xdf, 0x00, 0xce, 0xe7, 0x3c, 0xa0, 0x78, 0x06, 0x28, 0x0a, 0x6c, 0x40, 0x00, 0x21, 0xf9, 0x04,
    0x01, 0x08, 0x00, 0x20, 0x00, 0x2c, 0x0d, 0x00, 0x0e, 0x00, 0x89, 0x00, 0x8a, 0x00, 0x84, 0xff,
    0xff, 0xff, 0xff, 0xff, 0xfe, 0xfe, 0xfe, 0xfe, 0xfd, 0xfd, 0xfd, 0xfd, 0xfd, 0xfb, 0xfd, 0xfd,
    0xfa, 0xfc, 0xfc, 0xfb, 0xfb, 0xfb, 0xfa, 0xfa, 0xfa, 0xfa, 0xfa, 0xfa, 0xf8, 0xfa, 0xfa, 0xf7,
    0xf9, 0xf9, 0xf8, 0xf9, 0xf9, 0xf7, 0xf9, 0xf9, 0xf6, 0xf8, 0xf8, 0xf6, 0xf4, 0xf4, 0xf3, 0xed,
    0xed, 0xeb, 0xe6, 0xe6, 0xe5, 0xdb, 0xdb, 0xda, 0xd2, 0xd2, 0xd2, 0xc8, 0xc8, 0xc8, 0xac, 0xac,
    0xac, 0x91, 0x91, 0x91, 0x66, 0x66, 0x66, 0x45, 0x45, 0x45, 0x3b, 0x3b, 0x3b, 0x33, 0x33, 0x33,
    0x2f, 0x2f, 0x30, 0x1e, 0x1e, 0x1f, 0x0d, 0x0d, 0x0d, 0x0a, 0x0a, 0x0a, 0x03, 0x03, 0x03, 0x08,
    0xff, 0x00, 0x41, 0x08, 0x1c, 0x48, 0xb0, 0xa0, 0xc1, 0x83, 0x08, 0x13, 0x2a, 0x2c, 0xf8, 0xa0,
    0x21, 0xc2, 0x86, 0x0f, 0x16, 0x4a, 0x9c, 0x48, 0xb1, 0xa2, 0xc5, 0x8b, 0x18, 0x41, 0x44, 0x9c,
    0x20, 0x61, 0x02, 0x85, 0x8f, 0x20, 0x3a, 0x72, 0x14, 0x39, 0x01, 0xc4, 0xc7, 0x8f, 0x12, 0x28,
    0x48, 0xc8, 0xc8, 0xb2, 0xa5, 0xcb, 0x97, 0x05, 0x27, 0x78, 0xa4, 0x50, 0xd2, 0x21, 0xc5, 0x8d,
    0x1f, 0x39, 0xc2, 0xdc, 0xc9, 0x93, 0xe7, 0x83, 0x94, 0x2a, 0x35, 0xf6, 0x14, 0x6a, 0x92, 0x66,
    0xc4, 0xa1, 0x48, 0x93, 0x12, 0xfc, 0x79, 0x52, 0xe9, 0xc1, 0x99, 0x25, 0x9d, 0x4a, 0x7d, 0x39,
    0x73, 0xaa, 0xc2, 0x09, 0x15, 0x28, 0x58, 0xdd, 0x4a, 0x11, 0x24, 0x57, 0x89, 0x1e, 0x57, 0x7e,
    0x1d, 0x0b, 0x02, 0xeb, 0x84, 0xa3, 0x64, 0x17, 0x02, 0x45, 0x9b, 0x36, 0x29, 0x56, 0x0a, 0x6c,
    0xdb, 0x2e, 0x7c, 0x2b, 0x17, 0xa9, 0xd1, 0xba, 0x17, 0x3d, 0xe2, 0x7d, 0xf9, 0x53, 0x42, 0xdc,
    0xbd, 0x80, 0xad, 0x8a, 0x0d, 0xcc, 0x52, 0xc2, 0x60, 0xc2, 0x09, 0x1f, 0x44, 0x45, 0xec, 0x72,
    0x31, 0x63, 0x83, 0x5a, 0x1f, 0xbb, 0x7c, 0x40, 0x53, 0xf2, 0x40, 0xbd, 0x96, 0xa9, 0xc2, 0x7d,
    0x4c, 0x39, 0x73, 0xcf, 0xc8, 0x88, 0xfd, 0x7a, 0xee, 0x79, 0x18, 0xef, 0xcf, 0xd1, 0x48, 0x4b,
    0xb7, 0x55, 0x8d, 0x7a, 0xe7, 0x69, 0xb9, 0x86, 0x5b, 0x3b, 0x75, 0xfc, 0x35, 0xb6, 0xec, 0xd9,
    0x64, 0x6d, 0xdf, 0xc6, 0xcd, 0x55, 0xf7, 0x6e, 0xde, 0xbf, 0x83, 0x0b, 0x1f, 0x5e, 0x91, 0xb5,
    0x6b, 0xe3, 0xc4, 0x49, 0x3b, 0xdd, 0x9c, 0x7c, 0x2a, 0xe8, 0x9e, 0xb4, 0x9b, 0x2b, 0xed, 0x3c,
    0x34, 0xba, 0x74, 0xa5, 0xcf, 0x27, 0x67, 0xbf, 0xbe, 0xdc, 0x3a, 0x46, 0xef, 0xdc, 0x93, 0x6e,
    0xff, 0x0f, 0x3f, 0x9a, 0x3a, 0xf9, 0xdb, 0xc8, 0x27, 0xfe, 0x3d, 0x0f, 0x1c, 0x63, 0x7a, 0xf6,
    0x76, 0x33, 0x32, 0x87, 0xbf, 0x35, 0xa8, 0xc5, 0x8e, 0xf4, 0xc7, 0x56, 0xb8, 0x58, 0x61, 0x7d,
    0x7e, 0xa5, 0x15, 0x80, 0x67, 0x10, 0x66, 0xff, 0x71, 0xd5, 0x9f, 0x7a, 0xfb, 0x15, 0xc8, 0xd5,
    0x03, 0x59, 0x4d, 0x64, 0xc1, 0x06, 0x6d, 0x61, 0x80, 0x54, 0x06, 0x19, 0x00, 0x66, 0x81, 0x83,
    0x1c, 0x6c, 0xc0, 0xc1, 0x86, 0x1c, 0x76, 0xe8, 0xe1, 0x87, 0x20, 0x86, 0xf8, 0x21, 0x84, 0x3c,
    0x6d, 0xa0, 0x81, 0x86, 0x22, 0xa6, 0xa8, 0xe2, 0x8a, 0x1b, 0x6a, 0x78, 0xc1, 0x7b, 0x20, 0x60,
    0x00, 0xa1, 0x05, 0x34, 0xd6, 0x68, 0xe3, 0x8d, 0x38, 0xe6, 0xa8, 0xa3, 0x8d, 0x15, 0x58, 0x90,
    0x01, 0x8b, 0x40, 0x6e, 0x78, 0x41, 0x8f, 0x3b, 0x16, 0x69, 0xe4, 0x91, 0x17, 0x0a, 0x74, 0x60,
    0x42, 0x91, 0x25, 0xc9, 0x15, 0x00, 0x12, 0x48, 0xd8, 0x93, 0x07, 0x1f, 0x74, 0x70, 0x81, 0x7f,
    0x56, 0x55, 0x30, 0xe3, 0x42, 0x17, 0x08, 0x34, 0x1e, 0x4f, 0x07, 0x1c, 0x60, 0x80, 0x03, 0x00,
    0x38, 0xd0, 0xe5, 0x07, 0x48, 0x79, 0x40, 0x65, 0x07, 0x16, 0x00, 0x60, 0xc0, 0x02, 0x06, 0xb4,
    0x35, 0x1f, 0x42, 0x5d, 0x4a, 0x05, 0x00, 0x08, 0x06, 0x40, 0x99, 0x01, 0x9a, 0x1d, 0xa4, 0xe9,
    0x41, 0x07, 0x1f, 0x7c, 0x70, 0xa5, 0x9b, 0x63, 0x3d, 0x08, 0x42, 0x82, 0x07, 0xed, 0xb7, 0x01,
    0xa2, 0x49, 0xdd, 0x99, 0x27, 0x05, 0x1c, 0x54, 0x29, 0xd5, 0x9f, 0x80, 0x66, 0x20, 0x01, 0xa1,
    0x5c, 0x45, 0xf5, 0xe2, 0x7a, 0x17, 0x90, 0xe8, 0xd4, 0x9d, 0x07, 0x00, 0x60, 0x41, 0xa0, 0x7d,
    0x4e, 0xa5, 0x26, 0xa0, 0x1d, 0x50, 0x00, 0xc0, 0x01, 0x5f, 0xd5, 0x39, 0x27, 0x41, 0x1b, 0xd4,
    0xff, 0xd9, 0x28, 0x08, 0xa1, 0x8e, 0x0a, 0x42, 0xa9, 0x5b, 0xfd, 0x59, 0xa5, 0xaa, 0x71, 0x6e,
    0x65, 0x28, 0xa3, 0x03, 0x29, 0xea, 0xe4, 0x50, 0x00, 0xb8, 0x09, 0x40, 0x05, 0x68, 0xa6, 0xa5,
    0x6b, 0x07, 0x25, 0x0d, 0xb0, 0x95, 0xa6, 0xa2, 0x11, 0x64, 0xa8, 0x80, 0x2d, 0x19, 0x4b, 0x01,
    0x9f, 0x07, 0x79, 0x50, 0x50, 0x07, 0xb8, 0xc2, 0xa4, 0x2b, 0x07, 0x10, 0x08, 0x20, 0x80, 0x55,
    0x47, 0x61, 0x10, 0x5d, 0xa7, 0x9f, 0x0e, 0x00, 0x40, 0x04, 0x91, 0x76, 0x2b, 0xd0, 0x9f, 0xda,
    0x12, 0x44, 0xaa, 0xbb, 0x2d, 0xe9, 0x8a, 0x01, 0xa6, 0x53, 0xa1, 0x0b, 0xec, 0x4a, 0xb1, 0xce,
    0x6a, 0xc0, 0x00, 0x18, 0x48, 0x4a, 0x90, 0xb6, 0x80, 0x7a, 0x80, 0x81, 0x05, 0x1f, 0xf5, 0xa8,
    0x01, 0xa9, 0x3b, 0x9d, 0xfa, 0x41, 0x9b, 0xbd, 0x4a, 0xa5, 0x25, 0x08, 0xc3, 0x1e, 0x0a, 0xc2,
    0xa2, 0x48, 0x15, 0x9b, 0xe7, 0xa8, 0xee, 0xaa, 0x09, 0xc2, 0x07, 0xe6, 0x16, 0xe4, 0xa6, 0x96,
    0x02, 0xbf, 0xe4, 0xb0, 0x56, 0x11, 0x2b, 0x25, 0xd6, 0xa6, 0x03, 0x4d, 0x9b, 0xf1, 0x00, 0x02,
    0xb0, 0xe6, 0xb1, 0xa0, 0x20, 0x00, 0x30, 0x00, 0xab, 0x71, 0xb2, 0x0a, 0x00, 0x04, 0x7b, 0xd2,
    0x9b, 0x91, 0xae, 0x19, 0x1c, 0x00, 0xb3, 0x54, 0x68, 0x39, 0x86, 0x6e, 0xc6, 0x78, 0x02, 0x70,
    0x41, 0xc9, 0xf2, 0x5e, 0xe0, 0x66, 0xca, 0x35, 0xaf, 0xba, 0x73, 0xcf, 0xde, 0xea, 0x0a, 0x71,
    0xbe, 0x10, 0x82, 0x16, 0x51, 0xbf, 0xc4, 0x3e, 0xca, 0x34, 0x08, 0x40, 0x0b, 0x30, 0xf4, 0x41,
    0xc6, 0xc2, 0x58, 0x91, 0x9a, 0x1e, 0x80, 0x2b, 0xae, 0x54, 0xbf, 0x8a, 0x55, 0xd2, 0x06, 0x15,
    0xbf, 0x74, 0xa7, 0xba, 0x01, 0x77, 0x7b, 0x32, 0xad, 0x09, 0x15, 0x8b, 0x80, 0xd2, 0x5f, 0xb7,
    0xff, 0x04, 0x68, 0x9b, 0xac, 0x3a, 0x95, 0xa0, 0x05, 0xa2, 0x69, 0x85, 0x71, 0x4f, 0x36, 0x03,
    0x30, 0x41, 0xbc, 0x03, 0x03, 0xba, 0x81, 0x03, 0x6b, 0xe7, 0x0d, 0xf3, 0xe2, 0x3c, 0xe9, 0xfa,
    0x78, 0xe4, 0x6e, 0x09, 0x44, 0xb8, 0x92, 0x59, 0x23, 0x4e, 0x2b, 0xdf, 0xf4, 0x02, 0xea, 0x34,
    0xd4, 0x06, 0x01, 0x20, 0xae, 0x03, 0x1b, 0xf4, 0x8d, 0x91, 0xc3, 0xfb, 0x91, 0x8e, 0xd4, 0x8b,
    0x9a, 0x43, 0x48, 0xad, 0x45, 0xa6, 0x03, 0xf0, 0x40, 0xa4, 0x06, 0x59, 0xbd, 0xea, 0x42, 0x73,
    0x0b, 0x50, 0x37, 0x4f, 0x80, 0xde, 0xeb, 0xec, 0x74, 0x17, 0x5f, 0xa0, 0xa9, 0xa7, 0x3c, 0x19,
    0x8b, 0x2c, 0xbd, 0xba, 0x07, 0x9e, 0x37, 0x08, 0x74, 0xab, 0xbe, 0xfa, 0xa9, 0x11, 0x80, 0x30,
    0xae, 0x52, 0xe8, 0x06, 0x85, 0x2e, 0x96, 0x17, 0x81, 0x0a, 0x3a, 0x42, 0x82, 0xe2, 0x8b, 0xd0,
    0x9d, 0x02, 0x2c, 0xb0, 0xb0, 0xcf, 0xd3, 0x03, 0xda, 0xba, 0x53, 0xd9, 0xaf, 0xb4, 0x7d, 0xf2,
    0xd6, 0x0f, 0x40, 0x75, 0x41, 0x40, 0xff, 0xcb, 0x3b, 0xcc, 0xd5, 0x27, 0x15, 0xbe, 0xf3, 0xaf,
    0x67, 0x2d, 0x16, 0xd7, 0x3b, 0x49, 0x5c, 0xfe, 0xb2, 0xa5, 0xa6, 0x0f, 0x4c, 0x40, 0x00, 0xae,
    0x13, 0x48, 0xb1, 0x6a, 0x25, 0xbd, 0x9f, 0x55, 0x0a, 0x01, 0xd7, 0x4b, 0x4a, 0xdb, 0xb6, 0x26,
    0x2b, 0x98, 0x58, 0xab, 0x81, 0x1f, 0x73, 0x1a, 0x02, 0x24, 0x37, 0x80, 0x07, 0xa4, 0x0e, 0x7d,
    0x3f, 0xa3, 0x12, 0x07, 0x22, 0x12, 0xc1, 0xa1, 0x4c, 0xac, 0x02, 0xa2, 0x01, 0xa0, 0xdc, 0xa4,
    0xc6, 0x31, 0x84, 0x38, 0xac, 0x4d, 0x10, 0x2c, 0xdd, 0x00, 0xf2, 0xb4, 0x34, 0x10, 0x86, 0x50,
    0x4d, 0x5a, 0x19, 0x1e, 0x52, 0xda, 0x26, 0x10, 0x15, 0xba, 0xc4, 0x7b, 0x2d, 0x74, 0x61, 0x01,
    0xff, 0xdb, 0x24, 0x00, 0x31, 0xc5, 0xef, 0x73, 0xdf, 0x1b, 0xca, 0xdd, 0x12, 0xf8, 0x12, 0x1e,
    0x16, 0x0f, 0x7e, 0x34, 0xc4, 0x20, 0xda, 0x1e, 0xb6, 0x80, 0xd2, 0x45, 0xa0, 0x86, 0x49, 0x79,
    0xe1, 0xee, 0x24, 0x08, 0x21, 0x14, 0xf6, 0xb0, 0x82, 0x3f, 0x84, 0x1e, 0x00, 0x7e, 0xa7, 0x90,
    0x29, 0xc2, 0x4d, 0x2b, 0x10, 0x88, 0x00, 0x05, 0x2e, 0xd0, 0x2e, 0xa7, 0x34, 0x4f, 0x29, 0x4e,
    0xf4, 0x61, 0xb5, 0xc4, 0x48, 0xc6, 0x32, 0xde, 0xea, 0x63, 0x1f, 0xd8, 0x50, 0x9f, 0x18, 0xe6,
    0xc6, 0xbf, 0x6d, 0x71, 0x87, 0x5d, 0xfc, 0x1f, 0x18, 0xe7, 0x18, 0x3d, 0x1b, 0x0e, 0xec, 0x56,
    0x7b, 0x24, 0x98, 0x55, 0xde, 0x98, 0x94, 0x13, 0xba, 0x0f, 0x42, 0xdc, 0xab, 0xc8, 0xdc, 0xc6,
    0x88, 0xc1, 0xc0, 0x30, 0xb2, 0x7f, 0x26, 0x29, 0xc9, 0xfb, 0x2c, 0x48, 0xc7, 0x4a, 0x02, 0xe6,
    0x92, 0x43, 0xc9, 0x9e, 0x26, 0x21, 0x19, 0xc0, 0xcf, 0x05, 0x31, 0x33, 0x4b, 0xc4, 0x5e, 0xd6,
    0xce, 0xe2, 0x32, 0x4e, 0x32, 0xd0, 0x90, 0x7b, 0x99, 0x22, 0xca, 0x92, 0x72, 0x14, 0xe3, 0x95,
    0xc4, 0x50, 0x5f, 0xc2, 0xc8, 0x05, 0x61, 0x89, 0x17, 0xb4, 0x75, 0x00, 0x02, 0xd6, 0x73, 0x4a,
    0xac, 0xf0, 0x63, 0x38, 0x60, 0x55, 0x4b, 0x5d, 0x12, 0x60, 0x1c, 0x2a, 0x1d, 0x07, 0x39, 0xa5,
    0x44, 0x85, 0x70, 0x2b, 0x79, 0x5b, 0xdc, 0x58, 0x42, 0x3e, 0x04, 0x7c, 0x70, 0x34, 0xa2, 0x13,
    0xdf, 0x67, 0x34, 0xa7, 0x1b, 0x39, 0x52, 0x33, 0x69, 0x58, 0xb4, 0x0c, 0xeb, 0xf0, 0xc6, 0xc5,
    0x43, 0x0d, 0x66, 0x93, 0x16, 0x0c, 0xd5, 0xf2, 0x50, 0x89, 0xb6, 0x95, 0xe8, 0x30, 0x94, 0xab,
    0x1c, 0x08, 0xba, 0xcc, 0x36, 0x91, 0xda, 0x0d, 0x50, 0x9c, 0x95, 0x1a, 0xc0, 0x3b, 0x9d, 0xb9,
    0xff, 0x98, 0x04, 0x19, 0xf3, 0x9b, 0x51, 0xe4, 0x25, 0x59, 0xb4, 0xc8, 0xbf, 0xa4, 0xbc, 0xe8,
    0x2c, 0x02, 0x91, 0x26, 0xe2, 0xbc, 0x26, 0xd0, 0xb1, 0x14, 0x50, 0x6d, 0x25, 0xec, 0xc9, 0xe0,
    0xf0, 0x23, 0x10, 0x0a, 0x7a, 0xae, 0x88, 0xe7, 0xb3, 0x4c, 0xf8, 0x98, 0xd8, 0xc4, 0x2e, 0xea,
    0x44, 0x9e, 0x10, 0xa2, 0xa7, 0x44, 0x34, 0x76, 0x2c, 0x4f, 0x3a, 0xb4, 0x9d, 0x62, 0x63, 0x9f,
    0xec, 0x68, 0xa3, 0xa8, 0x7f, 0x52, 0x53, 0x6c, 0x0b, 0x98, 0x1f, 0x62, 0x36, 0xea, 0x94, 0x95,
    0x75, 0x84, 0x2d, 0xfc, 0x1a, 0xe4, 0x0f, 0x19, 0x4a, 0x18, 0x78, 0x81, 0x6b, 0x6c, 0x8d, 0x9c,
    0x11, 0x45, 0x09, 0x72, 0x34, 0xc4, 0x19, 0x2b, 0x9c, 0xbd, 0xd4, 0x55, 0x05, 0xb4, 0x09, 0xcf,
    0x4c, 0xaa, 0xe6, 0x84, 0xc4, 0x12, 0x1b, 0x04, 0xae, 0xb9, 0x17, 0xd1, 0xe1, 0x69, 0x2b, 0x07,
    0x3d, 0x48, 0x4e, 0x5f, 0x06, 0x80, 0x6b, 0xc5, 0x12, 0x50, 0x10, 0x65, 0x9b, 0x50, 0xbd, 0x53,
    0x27, 0x91, 0xd6, 0xd3, 0x58, 0xa7, 0x1c, 0x68, 0x07, 0xfe, 0xd4, 0xac, 0x7c, 0x79, 0xe9, 0xa3,
    0x06, 0x11, 0x16, 0xd2, 0x42, 0x85, 0xd4, 0xaf, 0x4c, 0x71, 0xa9, 0x05, 0x8d, 0x0f, 0x08, 0xb2,
    0xda, 0x16, 0xd3, 0xd1, 0xd5, 0xa4, 0x95, 0x5b, 0xeb, 0x07, 0xf0, 0x6a, 0x95, 0x3a, 0xa1, 0x50,
    0x40, 0xbf, 0x6a, 0x14, 0x02, 0x41, 0xd7, 0xd0, 0x7a, 0x09, 0x96, 0xb0, 0x5c, 0x31, 0x17, 0x5c,
    0xb5, 0x2a, 0x10, 0x9d, 0x5a, 0x50, 0x6c, 0xa2, 0xe2, 0xa3, 0x52, 0x1c, 0xd6, 0x01, 0xc8, 0x4e,
    0xc5, 0x50, 0x84, 0x9b, 0x5d, 0x97, 0x0e, 0x97, 0x31, 0xcc, 0x56, 0xa0, 0x8d, 0x59, 0xe4, 0xd6,
    0x07, 0x34, 0x30, 0x81, 0x3f, 0x66, 0x6a, 0xb2, 0x08, 0x89, 0x8c, 0x65, 0x5d, 0xa9, 0x27, 0xcd,
    0xff, 0x7a, 0xeb, 0x56, 0x81, 0x1a, 0x54, 0x5e, 0xe1, 0x38, 0x56, 0x8a, 0x8c, 0xd6, 0xa5, 0x16,
    0x94, 0xda, 0x01, 0x2c, 0x10, 0xa9, 0x3f, 0x99, 0x0c, 0xb7, 0x1f, 0x58, 0xd4, 0xdc, 0xd2, 0x42,
    0x93, 0xd9, 0x79, 0xa9, 0xb2, 0x53, 0xb1, 0x59, 0xcd, 0xae, 0x08, 0x28, 0x6c, 0x59, 0xe4, 0x54,
    0x7b, 0xe4, 0x80, 0x05, 0xf6, 0x06, 0x54, 0xab, 0x80, 0x36, 0x25, 0x16, 0xb9, 0x10, 0x69, 0x95,
    0x42, 0x52, 0xc5, 0xb1, 0x11, 0x8f, 0x02, 0xe1, 0x16, 0x01, 0xd3, 0xab, 0xad, 0x40, 0x69, 0xc0,
    0x02, 0x11, 0xd0, 0xd8, 0x58, 0x16, 0x23, 0x13, 0xe7, 0x0e, 0xc4, 0xac, 0x72, 0x43, 0x60, 0xcd,
    0x18, 0x84, 0x01, 0x0e, 0xc8, 0x8b, 0x71, 0xdc, 0x62, 0x5c, 0xa0, 0x38, 0x70, 0x01, 0x0a, 0xe4,
    0xc9, 0x4d, 0x11, 0x2d, 0x2c, 0x37, 0x73, 0x99, 0x10, 0xd0, 0x6e, 0xa5, 0x58, 0x37, 0x8b, 0x1a,
    0x04, 0x28, 0x60, 0x01, 0x19, 0x71, 0xa0, 0x5b, 0x55, 0xe2, 0x40, 0x06, 0x0e, 0xb6, 0x99, 0x05,
    0x26, 0x38, 0x4b, 0x10, 0x3a, 0x28, 0x7e, 0x89, 0x62, 0x92, 0xaf, 0x98, 0xce, 0x7e, 0x0a, 0x34,
    0x00, 0x04, 0x80, 0x72, 0x92, 0x08, 0x00, 0x53, 0x81, 0x4f, 0xfb, 0xf0, 0x56, 0x2a, 0x64, 0x4e,
    0xfb, 0x42, 0x46, 0x2e, 0xc5, 0x1a, 0x97, 0xd0, 0xf2, 0x06, 0xaa, 0xee, 0xa6, 0xa5, 0x4e, 0x84,
    0xb3, 0x4f, 0x46, 0x0c, 0x35, 0x5b, 0xab, 0x90, 0x4f, 0x87, 0x06, 0xf8, 0x97, 0x8c, 0xd3, 0x32,
    0x31, 0x5b, 0x22, 0x94, 0x25, 0x47, 0x19, 0xaf, 0x82, 0x2c, 0xd2, 0x4f, 0xf0, 0x52, 0xe5, 0x32,
    0x53, 0xbe, 0x08, 0x5a, 0x42, 0x3b, 0xe2, 0x44, 0x91, 0x28, 0x92, 0x59, 0x26, 0x6a, 0x88, 0x45,
    0x02, 0x66, 0xdf, 0x86, 0x38, 0xcc, 0x0e, 0x22, 0x51, 0x73, 0x87, 0xf2, 0x00, 0x20, 0xa3, 0x59,
    0xff, 0x21, 0x88, 0x42, 0xa1, 0x90, 0x79, 0xf2, 0xbf, 0x69, 0xbe, 0x99, 0x02, 0x24, 0x0a, 0x72,
    0x97, 0xc1, 0x12, 0xac, 0x37, 0x17, 0x64, 0x30, 0xa1, 0x7d, 0x32, 0x9b, 0x2d, 0xa6, 0x24, 0x3f,
    0x0b, 0xe4, 0x9c, 0x22, 0xc9, 0x52, 0x9f, 0xdf, 0x8c, 0x68, 0x99, 0x18, 0xa8, 0x65, 0x68, 0x06,
    0xcd, 0x41, 0x6d, 0x0c, 0x93, 0x04, 0xc1, 0x2d, 0xcb, 0x13, 0xdb, 0x6b, 0xa2, 0xc9, 0x82, 0xa8,
    0x2b, 0x15, 0xc8, 0x49, 0x93, 0x96, 0x4b, 0x64, 0x86, 0x49, 0x9f, 0x36, 0xe7, 0x79, 0xd3, 0x72,
    0x71, 0x0c, 0x70, 0x89, 0xe3, 0x98, 0x40, 0x07, 0xa6, 0x4e, 0x70, 0x2b, 0xb3, 0x6c, 0x18, 0x75,
    0x58, 0x4a, 0x7f, 0x96, 0x20, 0x0c, 0xbe, 0xcd, 0xd1, 0x0a, 0x8c, 0x6a, 0xc2, 0x30, 0xca, 0xce,
    0xb3, 0x96, 0x56, 0x47, 0x54, 0x22, 0xeb, 0xb1, 0x48, 0x00, 0xd6, 0x84, 0xde, 0xcd, 0x1a, 0x49,
    0x34, 0x24, 0x91, 0xec, 0xf9, 0xd1, 0x5f, 0xcc, 0x35, 0x61, 0x24, 0x30, 0x2c, 0x0b, 0x70, 0xc4,
    0xd1, 0xad, 0x99, 0x40, 0x05, 0x0b, 0xec, 0x19, 0x6a, 0x13, 0xf5, 0xb0, 0xc4, 0xde, 0x4d, 0x05,
    0xb6, 0x2d, 0xed, 0xdc, 0x54, 0x0c, 0x9a, 0x95, 0x19, 0x4e, 0xc5, 0x86, 0x14, 0x98, 0x35, 0x5e,
    0xac, 0x65, 0xd7, 0x0e, 0x37, 0x71, 0xbc, 0x3d, 0x90, 0x19, 0xd9, 0x7a, 0x27, 0xd4, 0x96, 0x52,
    0xcb, 0x54, 0x12, 0x96, 0xf0, 0x48, 0x60, 0xdc, 0xf5, 0xde, 0x2b, 0xc2, 0x8a, 0xcd, 0x12, 0xac,
    0x8c, 0x76, 0x20, 0x07, 0x8b, 0xf7, 0xbd, 0x51, 0xf3, 0x93, 0x1e, 0xc1, 0xaa, 0xb2, 0x01, 0x22,
    0xb8, 0x5a, 0x7a, 0x34, 0x5a, 0x4f, 0x0d, 0x49, 0xe1, 0xff, 0x89, 0x08, 0x05, 0x00, 0x5e, 0x6f,
    0x66, 0x5b, 0xa0, 0x41, 0xb2, 0xc6, 0x89, 0x05, 0x64, 0x85, 0xbc, 0x0b, 0x20, 0xcc, 0x30, 0x32,
    0x68, 0x79, 0xf6, 0x6f, 0x22, 0x92, 0x12, 0x8e, 0x77, 0x9c, 0xa8, 0x17, 0x30, 0x79, 0x8e, 0x62,
    0x5e, 0xc1, 0x0d, 0x20, 0x4f, 0xe0, 0x2a, 0x19, 0x36, 0x6c, 0xa7, 0x7c, 0x94, 0x8e, 0x50, 0xdc,
    0x20, 0x36, 0x0f, 0xba, 0xd0, 0x87, 0x1e, 0xf4, 0x82, 0x98, 0x3c, 0x40, 0x28, 0x4f, 0x39, 0x89,
    0x0d, 0x8d, 0x96, 0x61, 0x13, 0x29, 0xe6, 0xbe, 0x95, 0x79, 0x56, 0x46, 0x52, 0x5f, 0x9d, 0x48,
    0x5c, 0x41, 0x3d, 0x37, 0xcc, 0xb0, 0x13, 0x56, 0x81, 0xae, 0x7b, 0x3d, 0x2b, 0x39, 0xd1, 0x3a,
    0x49, 0xac, 0x6e, 0x68, 0x8c, 0x34, 0x5d, 0xec, 0x68, 0x1f, 0xfb, 0x48, 0x06, 0x72, 0xf5, 0xb2,
    0x2b, 0xc4, 0x26, 0x06, 0x69, 0x7b, 0x5d, 0x02, 0x02, 0x00, 0x3b
};

const lv_img_dsc_t Confused128_right = {
    // .header.cf = LV_IMG_CF_RAW_GIF,
    // .header.always_zero = 0,
    // .header.reserved = 0,
    .header.w = 160,
    .header.h = 160,
    .data_size = 27915,
    .data = Confused128_right_map,
};
