// Auto-generated from sad.png
// Size: 240x240 pixels
// Format: RGB565

#include <stdint.h>

const uint16_t emotion_sad_image_width = 240;
const uint16_t emotion_sad_image_height = 240;
const uint16_t emotion_sad_image_data[] = {
    0x0000, 0x0000, 0x0000, 0x0000, 0x0000, 0x0000, 0x0000, 0x0000, 0x0000, 0x0000, 0x0000, 0x0000, 0x0000, 0x0000, 0x0000, 0x0000,
    0x0000, 0x0000, 0x0000, 0x0000, 0x0000, 0x0000, 0x0000, 0x0000, 0x0000, 0x0000, 0x0000, 0x0000, 0x0000, 0x0000, 0x0000, 0x0000,
    0x0000, 0x0000, 0x0000, 0x0000, 0x0000, 0x0000, 0x0000, 0x0000, 0x0000, 0x0000, 0x0000, 0x0000, 0x0000, 0x0000, 0x0000, 0x0000,
    0x0000, 0x0000, 0x0000, 0x0000, 0x0000, 0x0000, 0x0000, 0x0000, 0x0000, 0x0000, 0x0000, 0x0000, 0x0000, 0x0000, 0x0000, 0x0000,
    0x0000, 0x0000, 0x0000, 0x0000, 0x0000, 0x0000, 0x0000, 0x0000, 0x0000, 0x0000, 0x0000, 0x0000, 0x0000, 0x0000, 0x0000, 0x0000,
    0x0000, 0x0000, 0x0000, 0x0000, 0x0000, 0x0000, 0x0000, 0x0000, 0x0000, 0x0000, 0x0000, 0x0000, 0x0000, 0x0000, 0x0000, 0x0000,
    0x0000, 0x0000, 0x0000, 0x0000, 0x0000, 0x0000, 0x0000, 0x0000, 0x0000, 0x0000, 0x0000, 0x0000, 0x0000, 0x0000, 0x0000, 0x0000,
    0x0000, 0x0000, 0x0000, 0x0000, 0x0000, 0x0000, 0x0000, 0x0000, 0x0000, 0x0000, 0x0000, 0x0000, 0x0000, 0x0000, 0x0000, 0x0000,
    0x0000, 0x0000, 0x0000, 0x0000, 0x0000, 0x0000, 0x0000, 0x0000, 0x0000, 0x0000, 0x0000, 0x0000, 0x0000, 0x0000, 0x0000, 0x0000,
    0x0000, 0x0000, 0x0000, 0x0000, 0x0000, 0x0000, 0x0000, 0x0000, 0x0000, 0x0000, 0x0000, 0x0000, 0x0000, 0x0000, 0x0000, 0x0000,
    0x0000, 0x0000, 0x0000, 0x0000, 0x0000, 0x0000, 0x0000, 0x0000, 0x0000, 0x0000, 0x0000, 0x0000, 0x0000, 0x0000, 0x0000, 0x0000,
    0x0000, 0x0000, 0x0000, 0x0000, 0x0000, 0x0000, 0x0000, 0x0000, 0x0000, 0x0000, 0x0000, 0x0000, 0x0000, 0x0000, 0x0000, 0x0000,
    0x0000, 0x0000, 0x0000, 0x0000, 0x0000, 0x0000, 0x0000, 0x0000, 0x0000, 0x0000, 0x0000, 0x0000, 0x0000, 0x0000, 0x0000, 0x0000,
    0x0000, 0x0000, 0x0000, 0x0000, 0x0000, 0x0000, 0x0000, 0x0000, 0x0000, 0x0000, 0x0000, 0x0000, 0x0000, 0x0000, 0x0000, 0x0000,
    0x0000, 0x0000, 0x0000, 0x0000, 0x0000, 0x0000, 0x0000, 0x0000, 0x0000, 0x0000, 0x0000, 0x0000, 0x0000, 0x0000, 0x0000, 0x0000,
    0x0000, 0x0000, 0x0000, 0x0000, 0x0000, 0x0000, 0x0000, 0x0000, 0x0000, 0x0000, 0x0000, 0x0000, 0x0000, 0x0000, 0x0000, 0x0000,
    0x0000, 0x0000, 0x0000, 0x0000, 0x0000, 0x0000, 0x0000, 0x0000, 0x0000, 0x0000, 0x0000, 0x0000, 0x0000, 0x0000, 0x0000, 0x0000,
    0x0000, 0x0000, 0x0000, 0x0000, 0x0000, 0x0000, 0x0000, 0x0000, 0x0000, 0x0000, 0x0000, 0x0000, 0x0000, 0x0000, 0x0000, 0x0000,
    0x0000, 0x0000, 0x0000, 0x0000, 0x0000, 0x0000, 0x0000, 0x0000, 0x0000, 0x0000, 0x0000, 0x0000, 0x0000, 0x0000, 0x0000, 0x0000,
    0x0000, 0x0000, 0x0000, 0x0000, 0x0000, 0x0000, 0x0000, 0x0000, 0x0000, 0x0000, 0x0000, 0x0000, 0x0000, 0x0000, 0x0000, 0x0000,
    0x0000, 0x0000, 0x0000, 0x0000, 0x0000, 0x0000, 0x0000, 0x0000, 0x0000, 0x0000, 0x0000, 0x0000, 0x0000, 0x0000, 0x0000, 0x0000,
    0x0000, 0x0000, 0x0000, 0x0000, 0x0000, 0x0000, 0x0000, 0x0000, 0x0000, 0x0000, 0x0000, 0x0000, 0x0000, 0x0000, 0x0000, 0x0000,
    0x0000, 0x0000, 0x0000, 0x0000, 0x0000, 0x0000, 0x0000, 0x0000, 0x0000, 0x0000, 0x0000, 0x0000, 0x0000, 0x0000, 0x0000, 0x0000,
    0x0000, 0x0000, 0x0000, 0x0000, 0x0000, 0x0000, 0x0000, 0x0000, 0x0000, 0x0000, 0x0000, 0x0000, 0x0000, 0x0000, 0x0000, 0x0000,
    0x0000, 0x0000, 0x0000, 0x0000, 0x0000, 0x0000, 0x0000, 0x0000, 0x0000, 0x0000, 0x0000, 0x0000, 0x0000, 0x0000, 0x0000, 0x0000,
    0x0000, 0x0000, 0x0000, 0x0000, 0x0000, 0x0000, 0x0000, 0x0000, 0x0000, 0x0000, 0x0000, 0x0000, 0x0000, 0x0000, 0x0000, 0x0000,
    0x0000, 0x0000, 0x0000, 0x0000, 0x0000, 0x0000, 0x0000, 0x0000, 0x0000, 0x0000, 0x0000, 0x0000, 0x0000, 0x0000, 0x0000, 0x0000,
    0x0000, 0x0000, 0x0000, 0x0000, 0x0000, 0x0000, 0x0000, 0x0000, 0x0000, 0x0000, 0x0000, 0x0000, 0x0000, 0x0000, 0x0000, 0x0000,
    0x0000, 0x0000, 0x0000, 0x0000, 0x0000, 0x0000, 0x0000, 0x0000, 0x0000, 0x0000, 0x0000, 0x0000, 0x0000, 0x0000, 0x0000, 0x0000,
    0x0000, 0x0000, 0x0000, 0x0000, 0x0000, 0x0000, 0x0000, 0x0000, 0x0000, 0x0000, 0x0000, 0x0000, 0x0000, 0x0000, 0x0000, 0x0000,
    0x0000, 0x0000, 0x0000, 0x0000, 0x0000, 0x0000, 0x0000, 0x0000, 0x0000, 0x0000, 0x0000, 0x0000, 0x0000, 0x0000, 0x0000, 0x0000,
    0x0000, 0x0000, 0x0000, 0x0000, 0x0000, 0x0000, 0x0000, 0x0000, 0x0000, 0x0000, 0x0000, 0x0000, 0x0000, 0x0000, 0x0000, 0x0000,
    0x0000, 0x0000, 0x0000, 0x0000, 0x0000, 0x0000, 0x0000, 0x0000, 0x0000, 0x0000, 0x0000, 0x0000, 0x0000, 0x0000, 0x0000, 0x0000,
    0x0000, 0x0000, 0x0000, 0x0000, 0x0000, 0x0000, 0x0000, 0x0000, 0x0000, 0x0000, 0x0000, 0x0000, 0x0000, 0x0000, 0x0000, 0x0000,
    0x0000, 0x0000, 0x0000, 0x0000, 0x0000, 0x0000, 0x0000, 0x0000, 0x0000, 0x0000, 0x0000, 0x0000, 0x0000, 0x0000, 0x0000, 0x0000,
    0x0000, 0x0000, 0x0000, 0x0000, 0x0000, 0x0000, 0x0000, 0x0000, 0x0000, 0x0000, 0x0000, 0x0000, 0x0000, 0x0000, 0x0000, 0x0000,
    0x0000, 0x0000, 0x0000, 0x0000, 0x0000, 0x0000, 0x0000, 0x0000, 0x0000, 0x0000, 0x0000, 0x0000, 0x0000, 0x0000, 0x0000, 0x0000,
    0x0000, 0x0000, 0x0000, 0x0000, 0x0000, 0x0000, 0x0000, 0x0000, 0x0000, 0x0000, 0x0000, 0x0000, 0x0000, 0x0000, 0x0000, 0x0000,
    0x0000, 0x0000, 0x0000, 0x0000, 0x0000, 0x0000, 0x0000, 0x0000, 0x0000, 0x0000, 0x0000, 0x0000, 0x0000, 0x0000, 0x0000, 0x0000,
    0x0000, 0x0000, 0x0000, 0x0000, 0x0000, 0x0000, 0x0000, 0x0000, 0x0000, 0x0000, 0x0000, 0x0000, 0x0000, 0x0000, 0x0000, 0x0000,
    0x0000, 0x0000, 0x0000, 0x0000, 0x0000, 0x0000, 0x0000, 0x0000, 0x0000, 0x0000, 0x0000, 0x0000, 0x0000, 0x0000, 0x0000, 0x0000,
    0x0000, 0x0000, 0x0000, 0x0000, 0x0000, 0x0000, 0x0000, 0x0000, 0x0000, 0x0000, 0x0000, 0x0000, 0x0000, 0x0000, 0x0000, 0x0000,
    0x0000, 0x0000, 0x0000, 0x0000, 0x0000, 0x0000, 0x0000, 0x0000, 0x0000, 0x0000, 0x0000, 0x0000, 0x0000, 0x0000, 0x0000, 0x0000,
    0x0000, 0x0000, 0x0000, 0x0000, 0x0000, 0x0000, 0x0000, 0x0000, 0x0000, 0x0000, 0x0000, 0x0000, 0x0000, 0x0000, 0x0000, 0x0000,
    0x0000, 0x0000, 0x0000, 0x0000, 0x0000, 0x0000, 0x0000, 0x0000, 0x0000, 0x0000, 0x0000, 0x0000, 0x0000, 0x0000, 0x0000, 0x0000,
    0x0000, 0x0000, 0x0000, 0x0000, 0x0000, 0x0000, 0x0000, 0x0000, 0x0000, 0x0000, 0x0000, 0x0000, 0x0000, 0x0000, 0x0000, 0x0000,
    0x0000, 0x0000, 0x0000, 0x0000, 0x0000, 0x0000, 0x0000, 0x0000, 0x0000, 0x0000, 0x0000, 0x0000, 0x0000, 0x0000, 0x0000, 0x0000,
    0x0000, 0x0000, 0x0000, 0x0000, 0x0000, 0x0000, 0x0000, 0x0000, 0x0000, 0x0000, 0x0000, 0x0000, 0x0000, 0x0000, 0x0000, 0x0000,
    0x0000, 0x0000, 0x0000, 0x0000, 0x0000, 0x0000, 0x0000, 0x0000, 0x0000, 0x0000, 0x0000, 0x0000, 0x0000, 0x0000, 0x0000, 0x0000,
    0x0000, 0x0000, 0x0000, 0x0000, 0x0000, 0x0000, 0x0000, 0x0000, 0x0000, 0x0000, 0x0000, 0x0000, 0x0000, 0x0000, 0x0000, 0x0000,
    0x0000, 0x0000, 0x0000, 0x0000, 0x0000, 0x0000, 0x0000, 0x0000, 0x0000, 0x0000, 0x0000, 0x0000, 0x0000, 0x0000, 0x0000, 0x0000,
    0x0000, 0x0000, 0x0000, 0x0000, 0x0000, 0x0000, 0x0000, 0x0000, 0x0000, 0x0000, 0x0000, 0x0000, 0x0000, 0x0000, 0x0000, 0x0000,
    0x0000, 0x0000, 0x0000, 0x0000, 0x0000, 0x0000, 0x0000, 0x0000, 0x0000, 0x0000, 0x0000, 0x0000, 0x0000, 0x0000, 0x0000, 0x0000,
    0x0000, 0x0000, 0x0000, 0x0000, 0x0000, 0x0000, 0x0000, 0x0000, 0x0000, 0x0000, 0x0000, 0x0000, 0x0000, 0x0000, 0x0000, 0x0000,
    0x0000, 0x0000, 0x0000, 0x0000, 0x0000, 0x0000, 0x0000, 0x0000, 0x0000, 0x0000, 0x0000, 0x0000, 0x0000, 0x0000, 0x0000, 0x0000,
    0x0000, 0x0000, 0x0000, 0x0000, 0x0000, 0x0000, 0x0000, 0x0000, 0x0000, 0x0000, 0x0000, 0x0000, 0x0000, 0x0000, 0x0000, 0x0000,
    0x0000, 0x0000, 0x0000, 0x0000, 0x0000, 0x0000, 0x0000, 0x0000, 0x0000, 0x0000, 0x0000, 0x0000, 0x0000, 0x0000, 0x0000, 0x0000,
    0x0000, 0x0000, 0x0000, 0x0000, 0x0000, 0x0000, 0x0000, 0x0000, 0x0000, 0x0000, 0x0000, 0x0000, 0x0000, 0x0000, 0x0000, 0x0000,
    0x0000, 0x0000, 0x0000, 0x0000, 0x0000, 0x0000, 0x0000, 0x0000, 0x0000, 0x0000, 0x0000, 0x0000, 0x0000, 0x0000, 0x0000, 0x0000,
    0x0000, 0x0000, 0x0000, 0x0000, 0x0000, 0x0000, 0x0000, 0x0000, 0x0000, 0x0000, 0x0000, 0x0000, 0x0000, 0x0000, 0x0000, 0x0000,
    0x0000, 0x0000, 0x0000, 0x0000, 0x0000, 0x0000, 0x0000, 0x0000, 0x0000, 0x0000, 0x0000, 0x0000, 0x0000, 0x0000, 0x0000, 0x0000,
    0x0000, 0x0000, 0x0000, 0x0000, 0x0000, 0x0000, 0x0000, 0x0000, 0x0000, 0x0000, 0x0000, 0x0000, 0x0000, 0x0000, 0x0000, 0x0000,
    0x0000, 0x0000, 0x0000, 0x0000, 0x0000, 0x0000, 0x0000, 0x0000, 0x0000, 0x0000, 0x0000, 0x0000, 0x0000, 0x0000, 0x0000, 0x0000,
    0x0000, 0x0000, 0x0000, 0x0000, 0x0000, 0x0000, 0x0000, 0x0000, 0x0000, 0x0000, 0x0000, 0x0000, 0x0000, 0x0000, 0x0000, 0x0000,
    0x0000, 0x0000, 0x0000, 0x0000, 0x0000, 0x0000, 0x0000, 0x0000, 0x0000, 0x0000, 0x0000, 0x0000, 0x0000, 0x0000, 0x0000, 0x0000,
    0x0000, 0x0000, 0x0000, 0x0000, 0x0000, 0x0000, 0x0000, 0x0000, 0x0000, 0x0000, 0x0000, 0x0000, 0x0000, 0x0000, 0x0000, 0x0000,
    0x0000, 0x0000, 0x0000, 0x0000, 0x0000, 0x0000, 0x0000, 0x0000, 0x0000, 0x0000, 0x0000, 0x0000, 0x0000, 0x0000, 0x0000, 0x0000,
    0x0000, 0x0000, 0x0000, 0x0000, 0x0000, 0x0000, 0x0000, 0x0000, 0x0000, 0x0000, 0x0000, 0x0000, 0x0000, 0x0000, 0x0000, 0x0000,
    0x0000, 0x0000, 0x0000, 0x0000, 0x0000, 0x0000, 0x0000, 0x0000, 0x0000, 0x0000, 0x0000, 0x0000, 0x0000, 0x0000, 0x0000, 0x0000,
    0x0000, 0x0000, 0x0000, 0x0000, 0x0000, 0x0000, 0x0000, 0x0000, 0x0000, 0x0000, 0x0000, 0x0000, 0x0000, 0x0000, 0x0000, 0x0000,
    0x0000, 0x0000, 0x0000, 0x0000, 0x0000, 0x0000, 0x0000, 0x0000, 0x0000, 0x0000, 0x0000, 0x0000, 0x0000, 0x0000, 0x0000, 0x0000,
    0x0000, 0x0000, 0x0000, 0x0000, 0x0000, 0x0000, 0x0000, 0x0000, 0x0000, 0x0000, 0x0000, 0x0000, 0x0000, 0x0000, 0x0000, 0x0000,
    0x0000, 0x0000, 0x0000, 0x0000, 0x0000, 0x0000, 0x0000, 0x0000, 0x0000, 0x0000, 0x0000, 0x0000, 0x0000, 0x0000, 0x0000, 0x0000,
    0x0000, 0x0000, 0x0000, 0x0000, 0x0000, 0x0000, 0x0000, 0x0000, 0x0000, 0x0000, 0x0000, 0x0000, 0x0000, 0x0000, 0x0000, 0x0000,
    0x0000, 0x0000, 0x0000, 0x0000, 0x0000, 0x0000, 0x0000, 0x0000, 0x0000, 0x0000, 0x0000, 0x0000, 0x0000, 0x0000, 0x0000, 0x0000,
    0x0000, 0x0000, 0x0000, 0x0000, 0x0000, 0x0000, 0x0000, 0x0000, 0x0000, 0x0000, 0x0000, 0x0000, 0x0000, 0x0000, 0x0000, 0x0000,
    0x0000, 0x0000, 0x0000, 0x0000, 0x0000, 0x0000, 0x0000, 0x0000, 0x0000, 0x0000, 0x0000, 0x0000, 0x0000, 0x0000, 0x0000, 0x0000,
    0x0000, 0x0000, 0x0000, 0x0000, 0x0000, 0x0000, 0x0000, 0x0000, 0x0000, 0x0000, 0x0000, 0x0000, 0x0000, 0x0000, 0x0000, 0x0000,
    0x0000, 0x0000, 0x0000, 0x0000, 0x0000, 0x0000, 0x0000, 0x0000, 0x0000, 0x0000, 0x0000, 0x0000, 0x0000, 0x0000, 0x0000, 0x0000,
    0x0000, 0x0000, 0x0000, 0x0000, 0x0000, 0x0000, 0x0000, 0x0000, 0x0000, 0x0000, 0x0000, 0x0000, 0x0000, 0x0000, 0x0000, 0x0000,
    0x0000, 0x0000, 0x0000, 0x0000, 0x0000, 0x0000, 0x0000, 0x0000, 0x0000, 0x0000, 0x0000, 0x0000, 0x0000, 0x0000, 0x0000, 0x0000,
    0x0000, 0x0000, 0x0000, 0x0000, 0x0000, 0x0000, 0x0000, 0x0000, 0x0000, 0x0000, 0x0000, 0x0000, 0x0000, 0x0000, 0x0000, 0x0000,
    0x0000, 0x0000, 0x0000, 0x0000, 0x0000, 0x0000, 0x0000, 0x0000, 0x0000, 0x0000, 0x0000, 0x0000, 0x0000, 0x0000, 0x0000, 0x0000,
    0x0000, 0x0000, 0x0000, 0x0000, 0x0000, 0x0000, 0x0000, 0x0000, 0x0000, 0x0000, 0x0000, 0x0000, 0x0000, 0x0000, 0x0000, 0x0000,
    0x0000, 0x0000, 0x0000, 0x0000, 0x0000, 0x0000, 0x0000, 0x0000, 0x0000, 0x0000, 0x0000, 0x0000, 0x0000, 0x0000, 0x0000, 0x0000,
    0x0000, 0x0000, 0x0000, 0x0000, 0x0000, 0x0000, 0x0000, 0x0000, 0x0000, 0x0000, 0x0000, 0x0000, 0x0000, 0x0000, 0x0000, 0x0000,
    0x0000, 0x0000, 0x0000, 0x0000, 0x0000, 0x0000, 0x0000, 0x0000, 0x0000, 0x0000, 0x0000, 0x0000, 0x0000, 0x0000, 0x0000, 0x0000,
    0x0000, 0x0000, 0x0000, 0x0000, 0x0000, 0x0000, 0x0000, 0x0000, 0x0000, 0x0000, 0x0000, 0x0000, 0x0000, 0x0000, 0x0000, 0x0000,
    0x0000, 0x0000, 0x0000, 0x0000, 0x0000, 0x0000, 0x0000, 0x0000, 0x0000, 0x0000, 0x0000, 0x0000, 0x0000, 0x0000, 0x0000, 0x0000,
    0x0000, 0x0000, 0x0000, 0x0000, 0x0000, 0x0000, 0x0000, 0x0000, 0x0000, 0x0000, 0x0000, 0x0000, 0x0000, 0x0000, 0x0000, 0x0000,
    0x0000, 0x0000, 0x0000, 0x0000, 0x0000, 0x0000, 0x0000, 0x0000, 0x0000, 0x0000, 0x0000, 0x0000, 0x0000, 0x0000, 0x0000, 0x0000,
    0x0000, 0x0000, 0x0000, 0x0000, 0x0000, 0x0000, 0x0000, 0x0000, 0x0000, 0x0000, 0x0000, 0x0000, 0x0000, 0x0000, 0x0000, 0x0000,
    0x0000, 0x0000, 0x0000, 0x0000, 0x0000, 0x0000, 0x0000, 0x0000, 0x0000, 0x0000, 0x0000, 0x0000, 0x0000, 0x0000, 0x0000, 0x0000,
    0x0000, 0x0000, 0x0000, 0x0000, 0x0000, 0x0000, 0x0000, 0x0000, 0x0000, 0x0000, 0x0000, 0x0000, 0x0000, 0x0000, 0x0000, 0x0000,
    0x0000, 0x0000, 0x0000, 0x0000, 0x0000, 0x0000, 0x0000, 0x0000, 0x0000, 0x0000, 0x0000, 0x0000, 0x0000, 0x0000, 0x0000, 0x0000,
    0x0000, 0x0000, 0x0000, 0x0000, 0x0000, 0x0000, 0x0000, 0x0000, 0x0000, 0x0000, 0x0000, 0x0000, 0x0000, 0x0000, 0x0000, 0x0000,
    0x0000, 0x0000, 0x0000, 0x0000, 0x0000, 0x0000, 0x0000, 0x0000, 0x0000, 0x0000, 0x0000, 0x0000, 0x0000, 0x0000, 0x0000, 0x0000,
    0x0000, 0x0000, 0x0000, 0x0000, 0x0000, 0x0000, 0x0000, 0x0000, 0x0000, 0x0000, 0x0000, 0x0000, 0x0000, 0x0000, 0x0000, 0x0000,
    0x0000, 0x0000, 0x0000, 0x0000, 0x0000, 0x0000, 0x0000, 0x0000, 0x0000, 0x0000, 0x0000, 0x0000, 0x0000, 0x0000, 0x0000, 0x0000,
    0x0000, 0x0000, 0x0000, 0x0000, 0x0000, 0x0000, 0x0000, 0x0000, 0x0000, 0x0000, 0x0000, 0x0000, 0x0000, 0x0000, 0x0000, 0x0000,
    0x0000, 0x0000, 0x0000, 0x0000, 0x0000, 0x0000, 0x0000, 0x0000, 0x0000, 0x0000, 0x0000, 0x0000, 0x0000, 0x0000, 0x0000, 0x0000,
    0x0000, 0x0000, 0x0000, 0x0000, 0x0000, 0x0000, 0x0000, 0x0000, 0x0000, 0x0000, 0x0000, 0x0000, 0x0000, 0x0000, 0x0000, 0x0000,
    0x0000, 0x0000, 0x0000, 0x0000, 0x0000, 0x0000, 0x0000, 0x0000, 0x0000, 0x0000, 0x0000, 0x0000, 0x0000, 0x0000, 0x0000, 0x0000,
    0x0000, 0x0000, 0x0000, 0x0000, 0x0000, 0x0000, 0x0000, 0x0000, 0x0000, 0x0000, 0x0000, 0x0000, 0x0000, 0x0000, 0x0000, 0x0000,
    0x0000, 0x0000, 0x0000, 0x0000, 0x0000, 0x0000, 0x0000, 0x0000, 0x0000, 0x0000, 0x0000, 0x0000, 0x0000, 0x0000, 0x0000, 0x0000,
    0x0000, 0x0000, 0x0000, 0x0000, 0x0000, 0x0000, 0x0000, 0x0000, 0x0000, 0x0000, 0x0000, 0x0000, 0x0000, 0x0000, 0x0000, 0x0000,
    0x0000, 0x0000, 0x0000, 0x0000, 0x0000, 0x0000, 0x0000, 0x0000, 0x0000, 0x0000, 0x0000, 0x0000, 0x0000, 0x0000, 0x0000, 0x0000,
    0x0000, 0x0000, 0x0000, 0x0000, 0x0000, 0x0000, 0x0000, 0x0000, 0x0000, 0x0000, 0x0000, 0x0000, 0x0000, 0x0000, 0x0000, 0x0000,
    0x0000, 0x0000, 0x0000, 0x0000, 0x0000, 0x0000, 0x0000, 0x0000, 0x0000, 0x0000, 0x0000, 0x0000, 0x0000, 0x0000, 0x0000, 0x0000,
    0x0000, 0x0000, 0x0000, 0x0000, 0x0000, 0x0000, 0x0000, 0x0000, 0x0000, 0x0000, 0x0000, 0x0000, 0x0000, 0x0000, 0x0000, 0x0000,
    0x0000, 0x0000, 0x0000, 0x0000, 0x0000, 0x0000, 0x0000, 0x0000, 0x0000, 0x0000, 0x0000, 0x0000, 0x0000, 0x0000, 0x0000, 0x0000,
    0x0000, 0x0000, 0x0000, 0x0000, 0x0000, 0x0000, 0x0000, 0x0000, 0x0000, 0x0000, 0x0000, 0x0000, 0x0000, 0x0000, 0x0000, 0x0000,
    0x0000, 0x0000, 0x0000, 0x0000, 0x0000, 0x0000, 0x0000, 0x0000, 0x0000, 0x0000, 0x0000, 0x0000, 0x0000, 0x0000, 0x0000, 0x0000,
    0x0000, 0x0000, 0x0000, 0x0000, 0x0000, 0x0000, 0x0000, 0x0000, 0x0000, 0x0000, 0x0000, 0x0000, 0x0000, 0x0000, 0x0000, 0x0000,
    0x0000, 0x0000, 0x0000, 0x0000, 0x0000, 0x0000, 0x0000, 0x0000, 0x0000, 0x0000, 0x0000, 0x0000, 0x0000, 0x0000, 0x0000, 0x0000,
    0x0000, 0x0000, 0x0000, 0x0000, 0x0000, 0x0000, 0x0000, 0x0000, 0x0000, 0x0000, 0x0000, 0x0000, 0x0000, 0x0000, 0x0000, 0x0000,
    0x0000, 0x0000, 0x0000, 0x0000, 0x0000, 0x0000, 0x0000, 0x0000, 0x0000, 0x0000, 0x0000, 0x0000, 0x0000, 0x0000, 0x0000, 0x0000,
    0x0000, 0x0000, 0x0000, 0x0000, 0x0000, 0x0000, 0x0000, 0x0000, 0x0000, 0x0000, 0x0000, 0x0000, 0x0000, 0x0000, 0x0000, 0x0000,
    0x0000, 0x0000, 0x0000, 0x0000, 0x0000, 0x0000, 0x0000, 0x0000, 0x0000, 0x0000, 0x0000, 0x0000, 0x0000, 0x0000, 0x0000, 0x0000,
    0x0000, 0x0000, 0x0000, 0x0000, 0x0000, 0x0000, 0x0000, 0x0000, 0x0000, 0x0000, 0x0000, 0x0000, 0x0000, 0x0000, 0x0000, 0x0000,
    0x0000, 0x0000, 0x0000, 0x0000, 0x0000, 0x0000, 0x0000, 0x0000, 0x0000, 0x0000, 0x0000, 0x0000, 0x0000, 0x0000, 0x0000, 0x0000,
    0x0000, 0x0000, 0x0000, 0x0000, 0x0000, 0x0000, 0x0000, 0x0000, 0x0000, 0x0000, 0x0000, 0x0000, 0x0000, 0x0000, 0x0000, 0x0000,
    0x0000, 0x0000, 0x0000, 0x0000, 0x0000, 0x0000, 0x0000, 0x0000, 0x0000, 0x0000, 0x0000, 0x0000, 0x0000, 0x0000, 0x0000, 0x0000,
    0x0000, 0x0000, 0x0000, 0x0000, 0x0000, 0x0000, 0x0000, 0x0000, 0x0000, 0x0000, 0x0000, 0x0000, 0x0000, 0x0000, 0x0000, 0x0000,
    0x0000, 0x0000, 0x0000, 0x0000, 0x0000, 0x0000, 0x0000, 0x0000, 0x0000, 0x0000, 0x0000, 0x0000, 0x0000, 0x0000, 0x0000, 0x0000,
    0x0000, 0x0000, 0x0000, 0x0000, 0x0000, 0x0000, 0x0000, 0x0000, 0x0000, 0x0000, 0x0000, 0x0000, 0x0000, 0x0000, 0x0000, 0x0000,
    0x0000, 0x0000, 0x0000, 0x0000, 0x0000, 0x0000, 0x0000, 0x0000, 0x0000, 0x0000, 0x0000, 0x0000, 0x0000, 0x0000, 0x0000, 0x0000,
    0x0000, 0x0000, 0x0000, 0x0000, 0x0000, 0x0000, 0x0000, 0x0000, 0x0000, 0x0000, 0x0000, 0x0000, 0x0000, 0x0000, 0x0000, 0x0000,
    0x0000, 0x0000, 0x0000, 0x0000, 0x0000, 0x0000, 0x0000, 0x0000, 0x0000, 0x0000, 0x0000, 0x0000, 0x0000, 0x0000, 0x0000, 0x0000,
    0x0000, 0x0000, 0x0000, 0x0000, 0x0000, 0x0000, 0x0000, 0x0000, 0x0000, 0x0000, 0x0000, 0x0000, 0x0000, 0x0000, 0x0000, 0x0000,
    0x0000, 0x0000, 0x0000, 0x0000, 0x0000, 0x0000, 0x0000, 0x0000, 0x0000, 0x0000, 0x0000, 0x0000, 0x0000, 0x0000, 0x0000, 0x0000,
    0x0000, 0x0000, 0x0000, 0x0000, 0x0000, 0x0000, 0x0000, 0x0000, 0x0000, 0x0000, 0x0000, 0x0000, 0x0000, 0x0000, 0x0000, 0x0000,
    0x0000, 0x0000, 0x0000, 0x0000, 0x0000, 0x0000, 0x0000, 0x0000, 0x0000, 0x0000, 0x0000, 0x0000, 0x0000, 0x0000, 0x0000, 0x0000,
    0x0000, 0x0000, 0x0000, 0x0000, 0x0000, 0x0000, 0x0000, 0x0000, 0x0000, 0x0000, 0x0000, 0x0000, 0x0000, 0x0000, 0x0000, 0x0000,
    0x0000, 0x0000, 0x0000, 0x0000, 0x0000, 0x0000, 0x0000, 0x0000, 0x0000, 0x0000, 0x0000, 0x0000, 0x0000, 0x0000, 0x0000, 0x0000,
    0x0000, 0x0000, 0x0000, 0x0000, 0x0000, 0x0000, 0x0000, 0x0000, 0x0000, 0x0000, 0x0000, 0x0000, 0x0000, 0x0000, 0x0000, 0x0000,
    0x0000, 0x0000, 0x0000, 0x0000, 0x0000, 0x0000, 0x0000, 0x0000, 0x0000, 0x0000, 0x0000, 0x0000, 0x0000, 0x0000, 0x0000, 0x0000,
    0x0000, 0x0000, 0x0000, 0x0000, 0x0000, 0x0000, 0x0000, 0x0000, 0x0000, 0x0000, 0x0000, 0x0000, 0x0000, 0x0000, 0x0000, 0x0000,
    0x0000, 0x0000, 0x0000, 0x0000, 0x0000, 0x0000, 0x0000, 0x0000, 0x0000, 0x0000, 0x0000, 0x0000, 0x0000, 0x0000, 0x0000, 0x0000,
    0x0000, 0x0000, 0x0000, 0x0000, 0x0000, 0x0000, 0x0000, 0x0000, 0x0000, 0x0000, 0x0000, 0x0000, 0x0000, 0x0000, 0x0000, 0x0000,
    0x0000, 0x0000, 0x0000, 0x0000, 0x0000, 0x0000, 0x0000, 0x0000, 0x0000, 0x0000, 0x0000, 0x0000, 0x0000, 0x0000, 0x0000, 0x0000,
    0x0000, 0x0000, 0x0000, 0x0000, 0x0000, 0x0000, 0x0000, 0x0000, 0x0000, 0x0000, 0x0000, 0x0000, 0x0000, 0x0000, 0x0000, 0x0000,
    0x0000, 0x0000, 0x0000, 0x0000, 0x0000, 0x0000, 0x0000, 0x0000, 0x0000, 0x0000, 0x0000, 0x0000, 0x0000, 0x0000, 0x0000, 0x0000,
    0x0000, 0x0000, 0x0000, 0x0000, 0x0000, 0x0000, 0x0000, 0x0000, 0x0000, 0x0000, 0x0000, 0x0000, 0x0000, 0x0000, 0x0000, 0x0000,
    0x0000, 0x0000, 0x0000, 0x0000, 0x0000, 0x0000, 0x0000, 0x0000, 0x0000, 0x0000, 0x0000, 0x0000, 0x0000, 0x0000, 0x0000, 0x0000,
    0x0000, 0x0000, 0x0000, 0x0000, 0x0000, 0x0000, 0x0000, 0x0000, 0x0000, 0x0000, 0x0000, 0x0000, 0x0000, 0x0000, 0x0000, 0x0000,
    0x0000, 0x0000, 0x0000, 0x0000, 0x0000, 0x0000, 0x0000, 0x0000, 0x0000, 0x0000, 0x0000, 0x0000, 0x0000, 0x0000, 0x0000, 0x0000,
    0x0000, 0x0000, 0x0000, 0x0000, 0x0000, 0x0000, 0x0000, 0x0000, 0x0000, 0x0000, 0x0000, 0x0000, 0x0000, 0x0000, 0x0000, 0x0000,
    0x0000, 0x0000, 0x0000, 0x0000, 0x0000, 0x0000, 0x0000, 0x0000, 0x0000, 0x0000, 0x0000, 0x0000, 0x0000, 0x0000, 0x0000, 0x0000,
    0x0000, 0x0000, 0x0000, 0x0000, 0x0000, 0x0000, 0x0000, 0x0000, 0x0000, 0x0000, 0x0000, 0x0000, 0x0000, 0x0000, 0x0000, 0x0000,
    0x0000, 0x0000, 0x0000, 0x0000, 0x0000, 0x0000, 0x0000, 0x0000, 0x0000, 0x0000, 0x0000, 0x0000, 0x0000, 0x0000, 0x0000, 0x0000,
    0x0000, 0x0000, 0x0000, 0x0000, 0x0000, 0x0000, 0x0000, 0x0000, 0x0000, 0x0000, 0x0000, 0x0000, 0x0000, 0x0000, 0x0000, 0x0000,
    0x0000, 0x0000, 0x0000, 0x0000, 0x0000, 0x0000, 0x0000, 0x0000, 0x0000, 0x0000, 0x0000, 0x0000, 0x0000, 0x0000, 0x0000, 0x0000,
    0x0000, 0x0000, 0x0000, 0x0000, 0x0000, 0x0000, 0x0000, 0x0000, 0x0000, 0x0000, 0x0000, 0x0000, 0x0000, 0x0000, 0x0000, 0x0000,
    0x0000, 0x0000, 0x0000, 0x0000, 0x0000, 0x0000, 0x0000, 0x0000, 0x0000, 0x0000, 0x0000, 0x0000, 0x0000, 0x0000, 0x0000, 0x0000,
    0x0000, 0x0000, 0x0000, 0x0000, 0x0000, 0x0000, 0x0000, 0x0000, 0x0000, 0x0000, 0x0000, 0x0000, 0x0000, 0x0000, 0x0000, 0x0000,
    0x0000, 0x0000, 0x0000, 0x0000, 0x0000, 0x0000, 0x0000, 0x0000, 0x0000, 0x0000, 0x0000, 0x0000, 0x0000, 0x0000, 0x0000, 0x0000,
    0x0000, 0x0000, 0x0000, 0x0000, 0x0000, 0x0000, 0x0000, 0x0000, 0x0000, 0x0000, 0x0000, 0x0000, 0x0000, 0x0000, 0x0000, 0x0000,
    0x0000, 0x0000, 0x0000, 0x0000, 0x0000, 0x0000, 0x0000, 0x0000, 0x0000, 0x0000, 0x0000, 0x0000, 0x0000, 0x0000, 0x0000, 0x0000,
    0x0000, 0x0000, 0x0000, 0x0000, 0x0000, 0x0000, 0x0000, 0x0000, 0x0000, 0x0000, 0x0000, 0x0000, 0x0000, 0x0000, 0x0000, 0x0000,
    0x0000, 0x0000, 0x0000, 0x0000, 0x0000, 0x0000, 0x0000, 0x0000, 0x0000, 0x0000, 0x0000, 0x0000, 0x0000, 0x0000, 0x0000, 0x0000,
    0x0000, 0x0000, 0x0000, 0x0000, 0x0000, 0x0000, 0x0000, 0x0000, 0x0000, 0x0000, 0x0000, 0x0000, 0x0000, 0x0000, 0x0000, 0x0000,
    0x0000, 0x0000, 0x0000, 0x0000, 0x0000, 0x0000, 0x0000, 0x0000, 0x0000, 0x0000, 0x0000, 0x0000, 0x0000, 0x0000, 0x0000, 0x0000,
    0x0000, 0x0000, 0x0000, 0x0000, 0x0000, 0x0000, 0x0000, 0x0000, 0x0000, 0x0000, 0x0000, 0x0000, 0x0000, 0x0000, 0x0000, 0x0000,
    0x0000, 0x0000, 0x0000, 0x0000, 0x0000, 0x0000, 0x0000, 0x0000, 0x0000, 0x0000, 0x0000, 0x0000, 0x0000, 0x0000, 0x0000, 0x0000,
    0x0000, 0x0000, 0x0000, 0x0000, 0x0000, 0x0000, 0x0000, 0x0000, 0x0000, 0x0000, 0x0000, 0x0000, 0x0000, 0x0000, 0x0000, 0x0000,
    0x0000, 0x0000, 0x0000, 0x0000, 0x0000, 0x0000, 0x0000, 0x0000, 0x0000, 0x0000, 0x0000, 0x0000, 0x0000, 0x0000, 0x0000, 0x0000,
    0x0000, 0x0000, 0x0000, 0x0000, 0x0000, 0x0000, 0x0000, 0x0000, 0x0000, 0x0000, 0x0000, 0x0000, 0x0000, 0x0000, 0x0000, 0x0000,
    0x0000, 0x0000, 0x0000, 0x0000, 0x0000, 0x0000, 0x0000, 0x0000, 0x0000, 0x0000, 0x0000, 0x0000, 0x0000, 0x0000, 0x0000, 0x0000,
    0x0000, 0x0000, 0x0000, 0x0000, 0x0000, 0x0000, 0x0000, 0x0000, 0x0000, 0x0000, 0x0000, 0x0000, 0x0000, 0x0000, 0x0000, 0x0000,
    0x0000, 0x0000, 0x0000, 0x0000, 0x0000, 0x0000, 0x0000, 0x0000, 0x0000, 0x0000, 0x0000, 0x0000, 0x0000, 0x0000, 0x0000, 0x0000,
    0x0000, 0x0000, 0x0000, 0x0000, 0x0000, 0x0000, 0x0000, 0x0000, 0x0000, 0x0000, 0x0000, 0x0000, 0x0000, 0x0000, 0x0000, 0x0000,
    0x0000, 0x0000, 0x0000, 0x0000, 0x0000, 0x0000, 0x0000, 0x0000, 0x0000, 0x0000, 0x0000, 0x0000, 0x0000, 0x0000, 0x0000, 0x0000,
    0x0000, 0x0000, 0x0000, 0x0000, 0x0000, 0x0000, 0x0000, 0x0000, 0x0000, 0x0000, 0x0000, 0x0000, 0x0000, 0x0000, 0x0000, 0x0000,
    0x0000, 0x0000, 0x0000, 0x0000, 0x0000, 0x0000, 0x0000, 0x0000, 0x0000, 0x0000, 0x0000, 0x0000, 0x0000, 0x0000, 0x0000, 0x0000,
    0x0000, 0x0000, 0x0000, 0x0000, 0x0000, 0x0000, 0x0000, 0x0000, 0x0000, 0x0000, 0x0000, 0x0000, 0x0000, 0x0000, 0x0000, 0x0000,
    0x0000, 0x0000, 0x0000, 0x0000, 0x0000, 0x0000, 0x0000, 0x0000, 0x0000, 0x0000, 0x0000, 0x0000, 0x0000, 0x0000, 0x0000, 0x0000,
    0x0000, 0x0000, 0x0000, 0x0000, 0x0000, 0x0000, 0x0000, 0x0000, 0x0000, 0x0000, 0x0000, 0x0000, 0x0000, 0x0000, 0x0000, 0x0000,
    0x0000, 0x0000, 0x0000, 0x0000, 0x0000, 0x0000, 0x0000, 0x0000, 0x0000, 0x0000, 0x0000, 0x0000, 0x0000, 0x0000, 0x0000, 0x0000,
    0x0000, 0x0000, 0x0000, 0x0000, 0x0000, 0x0000, 0x0000, 0x0000, 0x0000, 0x0000, 0x0000, 0x0000, 0x0000, 0x0000, 0x0000, 0x0000,
    0x0000, 0x0000, 0x0000, 0x0000, 0x0000, 0x0000, 0x0000, 0x0000, 0x0000, 0x0000, 0x0000, 0x0000, 0x0000, 0x0000, 0x0000, 0x0000,
    0x0000, 0x0000, 0x0000, 0x0000, 0x0000, 0x0000, 0x0000, 0x0000, 0x0000, 0x0000, 0x0000, 0x0000, 0x0000, 0x0000, 0x0000, 0x0000,
    0x0000, 0x0000, 0x0000, 0x0000, 0x0000, 0x0000, 0x0000, 0x0000, 0x0000, 0x0000, 0x0000, 0x0000, 0x0000, 0x0000, 0x0000, 0x0000,
    0x0000, 0x0000, 0x0000, 0x0000, 0x0000, 0x0000, 0x0000, 0x0000, 0x0000, 0x0000, 0x0000, 0x0000, 0x0000, 0x0000, 0x0000, 0x0000,
    0x0000, 0x0000, 0x0000, 0x0000, 0x0000, 0x0000, 0x0000, 0x0000, 0x0000, 0x0000, 0x0000, 0x0000, 0x0000, 0x0000, 0x0000, 0x0000,
    0x0000, 0x0000, 0x0000, 0x0000, 0x0000, 0x0000, 0x0000, 0x0000, 0x0000, 0x0000, 0x0000, 0x0000, 0x0000, 0x0000, 0x0000, 0x0000,
    0x0000, 0x0000, 0x0000, 0x0000, 0x0000, 0x0000, 0x0000, 0x0000, 0x0000, 0x0000, 0x0000, 0x0000, 0x0000, 0x0000, 0x0000, 0x0000,
    0x0000, 0x0000, 0x0000, 0x0000, 0x0000, 0x0000, 0x0000, 0x0000, 0x0000, 0x0000, 0x0000, 0x0000, 0x0000, 0x0000, 0x0000, 0x0000,
    0x0000, 0x0000, 0x0000, 0x0000, 0x0000, 0x0000, 0x0000, 0x0000, 0x0000, 0x0000, 0x0000, 0x0000, 0x0000, 0x0000, 0x0000, 0x0000,
    0x0000, 0x0000, 0x0000, 0x0000, 0x0000, 0x0000, 0x0000, 0x0000, 0x0000, 0x0000, 0x0000, 0x0000, 0x0000, 0x0000, 0x0000, 0x0000,
    0x0000, 0x0000, 0x0000, 0x0000, 0x0000, 0x0000, 0x0000, 0x0000, 0x0000, 0x0000, 0x0000, 0x0000, 0x0000, 0x0000, 0x0000, 0x0000,
    0x0000, 0x0000, 0x0000, 0x0000, 0x0000, 0x0000, 0x0000, 0x0000, 0x0000, 0x0000, 0x0000, 0x0000, 0x0000, 0x0000, 0x0000, 0x0000,
    0x0000, 0x0000, 0x0000, 0x0000, 0x0000, 0x0000, 0x0000, 0x0000, 0x0000, 0x0000, 0x0000, 0x0000, 0x0000, 0x0000, 0x0000, 0x0000,
    0x0000, 0x0000, 0x0000, 0x0000, 0x0000, 0x0000, 0x0000, 0x0000, 0x0000, 0x0000, 0x0000, 0x0000, 0x0000, 0x0000, 0x0000, 0x0000,
    0x0000, 0x0000, 0x0000, 0x0000, 0x0000, 0x0000, 0x0000, 0x0000, 0x0000, 0x0000, 0x0000, 0x0000, 0x0000, 0x0000, 0x0000, 0x0000,
    0x0000, 0x0000, 0x0000, 0x0000, 0x0000, 0x0000, 0x0000, 0x0000, 0x0000, 0x0000, 0x0000, 0x0000, 0x0000, 0x0000, 0x0000, 0x0000,
    0x0000, 0x0000, 0x0000, 0x0000, 0x0000, 0x0000, 0x0000, 0x0000, 0x0000, 0x0000, 0x0000, 0x0000, 0x0000, 0x0000, 0x0000, 0x0000,
    0x0000, 0x0000, 0x0000, 0x0000, 0x0000, 0x0000, 0x0000, 0x0000, 0x0000, 0x0000, 0x0000, 0x0000, 0x0000, 0x0000, 0x0000, 0x0000,
    0x0000, 0x0000, 0x0000, 0x0000, 0x0000, 0x0000, 0x0000, 0x0000, 0x0000, 0x0000, 0x0000, 0x0000, 0x0000, 0x0000, 0x0000, 0x0000,
    0x0000, 0x0000, 0x0000, 0x0000, 0x0000, 0x0000, 0x0000, 0x0000, 0x0000, 0x0000, 0x0000, 0x0000, 0x0000, 0x0000, 0x0000, 0x0000,
    0x0000, 0x0000, 0x0000, 0x0000, 0x0000, 0x0000, 0x0000, 0x0000, 0x0000, 0x0000, 0x0000, 0x0000, 0x0000, 0x0000, 0x0000, 0x0000,
    0x0000, 0x0000, 0x0000, 0x0000, 0x0000, 0x0000, 0x0000, 0x0000, 0x0000, 0x0000, 0x0000, 0x0000, 0x0000, 0x0000, 0x0000, 0x0000,
    0x0000, 0x0000, 0x0000, 0x0000, 0x0000, 0x0000, 0x0000, 0x0000, 0x0000, 0x0000, 0x0000, 0x0000, 0x0000, 0x0000, 0x0000, 0x0000,
    0x0000, 0x0000, 0x0000, 0x0000, 0x0000, 0x0000, 0x0000, 0x0000, 0x0000, 0x0000, 0x0000, 0x0000, 0x0000, 0x0000, 0x0000, 0x0000,
    0x0000, 0x0000, 0x0000, 0x0000, 0x0000, 0x0000, 0x0000, 0x0000, 0x0000, 0x0000, 0x0000, 0x0000, 0x0000, 0x0000, 0x0000, 0x0000,
    0x0000, 0x0000, 0x0000, 0x0000, 0x0000, 0x0000, 0x0000, 0x0000, 0x0000, 0x0000, 0x0000, 0x0000, 0x0000, 0x0000, 0x0000, 0x0000,
    0x0000, 0x0000, 0x0000, 0x0000, 0x0000, 0x0000, 0x0000, 0x0000, 0x0000, 0x0000, 0x0000, 0x0000, 0x0000, 0x0000, 0x0000, 0x0000,
    0x0000, 0x0000, 0x0000, 0x0000, 0x0000, 0x0000, 0x0000, 0x0000, 0x0000, 0x0000, 0x0000, 0x0000, 0x0000, 0x0000, 0x0000, 0x0000,
    0x0000, 0x0000, 0x0000, 0x0000, 0x0000, 0x0000, 0x0000, 0x0000, 0x0000, 0x0000, 0x0000, 0x0000, 0x0000, 0x0000, 0x0000, 0x0000,
    0x0000, 0x0000, 0x0000, 0x0000, 0x0000, 0x0000, 0x0000, 0x0000, 0x0000, 0x0000, 0x0000, 0x0000, 0x0000, 0x0000, 0x0000, 0x0000,
    0x0000, 0x0000, 0x0000, 0x0000, 0x0000, 0x0000, 0x0000, 0x0000, 0x0000, 0x0000, 0x0000, 0x0000, 0x0000, 0x0000, 0x0000, 0x0000,
    0x0000, 0x0000, 0x0000, 0x0000, 0x0000, 0x0000, 0x0000, 0x0000, 0x0000, 0x0000, 0x0000, 0x0000, 0x0000, 0x0000, 0x0000, 0x0000,
    0x0000, 0x0000, 0x0000, 0x0000, 0x0000, 0x0000, 0x0000, 0x0000, 0x0000, 0x0000, 0x0000, 0x0000, 0x0000, 0x0000, 0x0000, 0x0000,
    0x0000, 0x0000, 0x0000, 0x0000, 0x0000, 0x0000, 0x0000, 0x0000, 0x0000, 0x0000, 0x0000, 0x0000, 0x0000, 0x0000, 0x0000, 0x0000,
    0x0000, 0x0000, 0x0000, 0x0000, 0x0000, 0x0000, 0x0000, 0x0000, 0x0000, 0x0000, 0x0000, 0x0000, 0x0000, 0x0000, 0x0000, 0x0000,
    0x0000, 0x0000, 0x0000, 0x0000, 0x0000, 0x0000, 0x0000, 0x0000, 0x0000, 0x0000, 0x0000, 0x0000, 0x0000, 0x0000, 0x0000, 0x0000,
    0x0000, 0x0000, 0x0000, 0x0000, 0x0000, 0x0000, 0x0000, 0x0000, 0x0000, 0x0000, 0x0000, 0x0000, 0x0000, 0x0000, 0x0000, 0x0000,
    0x0000, 0x0000, 0x0000, 0x0000, 0x0000, 0x0000, 0x0000, 0x0000, 0x0000, 0x0000, 0x0000, 0x0000, 0x0000, 0x0000, 0x0000, 0x0000,
    0x0000, 0x0000, 0x0000, 0x0000, 0x0000, 0x0000, 0x0000, 0x0000, 0x0000, 0x0000, 0x0000, 0xF7FE, 0xFFFF, 0xF7BE, 0xF75D, 0xEF3D,
    0xF79E, 0xFFFE, 0xFFFE, 0x0000, 0x0000, 0x0000, 0x0000, 0x0000, 0x0000, 0x0000, 0x0000, 0x0000, 0x0000, 0x0000, 0x0000, 0x0000,
    0x0000, 0x0000, 0x0000, 0x0000, 0x0000, 0x0000, 0x0000, 0x0000, 0x0000, 0x0000, 0x0000, 0x0000, 0x0000, 0x0000, 0x0000, 0x0000,
    0x0000, 0x0000, 0x0000, 0x0000, 0x0000, 0x0000, 0x0000, 0x0000, 0x0000, 0x0000, 0x0000, 0x0000, 0x0000, 0x0000, 0x0000, 0x0000,
    0x0000, 0x0000, 0x0000, 0x0000, 0x0000, 0x0000, 0x0000, 0x0000, 0x0000, 0x0000, 0x0000, 0x0000, 0x0000, 0x0000, 0x0000, 0x0000,
    0x0000, 0x0000, 0x0000, 0x0000, 0x0000, 0x0000, 0x0000, 0x0000, 0x0000, 0x0000, 0x0000, 0x0000, 0x0000, 0x0000, 0x0000, 0x0000,
    0x0000, 0x0000, 0x0000, 0x0000, 0x0000, 0x0000, 0x0000, 0x0000, 0x0000, 0x0000, 0x0000, 0x0000, 0x0000, 0x0000, 0x0000, 0x0000,
    0x0000, 0x0000, 0x0000, 0x0000, 0x0000, 0x0000, 0x0000, 0x0000, 0x0000, 0x0000, 0x0000, 0x0000, 0x0000, 0x0000, 0x0000, 0x0000,
    0x0000, 0x0000, 0x0000, 0x0000, 0x0000, 0x0000, 0x0000, 0x0000, 0x0000, 0x0000, 0x0000, 0x0000, 0x0000, 0x0000, 0x0000, 0x0000,
    0x0000, 0x0000, 0x0000, 0x0000, 0x0000, 0x0000, 0x0000, 0x0000, 0x0000, 0x0000, 0x0000, 0x0000, 0x0000, 0x0000, 0x0000, 0x0000,
    0x0000, 0x0000, 0x0000, 0x0000, 0x0000, 0x0000, 0x0000, 0x0000, 0x0000, 0x0000, 0x0000, 0x0000, 0x0000, 0x0000, 0x0000, 0x0000,
    0x0000, 0x0000, 0x0000, 0x0000, 0x0000, 0x0000, 0x0000, 0x0000, 0x0000, 0x0000, 0x0000, 0x0000, 0x0000, 0x0000, 0x0000, 0x0000,
    0x0000, 0x0000, 0x0000, 0x0000, 0x0000, 0x0000, 0x0000, 0x0000, 0x0000, 0x0000, 0x0000, 0x0000, 0x0000, 0x0000, 0x0000, 0x0000,
    0x0000, 0x0000, 0x0000, 0x0000, 0x0000, 0x0000, 0x0000, 0x0000, 0x0000, 0x0000, 0x0000, 0x0000, 0x0000, 0x0000, 0x0000, 0x0000,
    0x0000, 0x0000, 0x0000, 0x0000, 0x0000, 0x0000, 0x0000, 0x0000, 0x0000, 0x0000, 0x0000, 0x0000, 0x0000, 0x0000, 0x0000, 0x0000,
    0x0000, 0x0000, 0x0000, 0x0000, 0x0000, 0x0000, 0xF7FE, 0xFFFF, 0xEF3D, 0xEEBC, 0xEE7C, 0xEE5B, 0xEE3B, 0xE55A, 0xD214, 0xC892,
    0xDCB9, 0xE61B, 0xEE7C, 0xEE7C, 0xEEBC, 0xEF1D, 0xF7FF, 0xEF7D, 0x0000, 0x0000, 0x0000, 0x0000, 0x0000, 0x0000, 0x0000, 0x0000,
    0x0000, 0x0000, 0x0000, 0x0000, 0x0000, 0x0000, 0x0000, 0x0000, 0x0000, 0x0000, 0x0000, 0x0000, 0x0000, 0x0000, 0x0000, 0x0000,
    0x0000, 0x0000, 0x0000, 0x0000, 0x0000, 0x0000, 0x0000, 0x0000, 0x0000, 0x0000, 0x0000, 0x0000, 0x0000, 0x0000, 0x0000, 0x0000,
    0x0000, 0x0000, 0x0000, 0x0000, 0x0000, 0x0000, 0x0000, 0x0000, 0x0000, 0x0000, 0x0000, 0x0000, 0x0000, 0x0000, 0x0000, 0x0000,
    0x0000, 0x0000, 0x0000, 0x0000, 0x0000, 0x0000, 0x0000, 0x0000, 0x0000, 0x0000, 0x0000, 0x0000, 0x0000, 0x0000, 0x0000, 0x0000,
    0x0000, 0x0000, 0x0000, 0x0000, 0x0000, 0x0000, 0x0000, 0x0000, 0x0000, 0x0000, 0x0000, 0x0000, 0x0000, 0x0000, 0x0000, 0x0000,
    0x0000, 0x0000, 0x0000, 0x0000, 0x0000, 0x0000, 0x0000, 0x0000, 0x0000, 0x0000, 0x0000, 0x0000, 0x0000, 0x0000, 0x0000, 0x0000,
    0x0000, 0x0000, 0x0000, 0x0000, 0x0000, 0x0000, 0x0000, 0x0000, 0x0000, 0x0000, 0x0000, 0x0000, 0x0000, 0x0000, 0x0000, 0x0000,
    0x0000, 0x0000, 0x0000, 0x0000, 0x0000, 0x0000, 0x0000, 0x0000, 0x0000, 0x0000, 0x0000, 0x0000, 0x0000, 0x0000, 0x0000, 0x0000,
    0x0000, 0x0000, 0x0000, 0x0000, 0x0000, 0x0000, 0x0000, 0x0000, 0x0000, 0x0000, 0x0000, 0x0000, 0x0000, 0x0000, 0x0000, 0x0000,
    0x0000, 0x0000, 0x0000, 0x0000, 0x0000, 0x0000, 0x0000, 0x0000, 0x0000, 0x0000, 0x0000, 0x0000, 0x0000, 0x0000, 0x0000, 0x0000,
    0x0000, 0x0000, 0x0000, 0x0000, 0x0000, 0x0000, 0x0000, 0x0000, 0x0000, 0x0000, 0x0000, 0x0000, 0x0000, 0x0000, 0x0000, 0xFFFF,
    0xFFFF, 0xFFFE, 0xE75E, 0xD71D, 0xD71D, 0xD71D, 0xD71D, 0xEF5E, 0xFFDF, 0xFFFF, 0xFFFF, 0x0000, 0x0000, 0x0000, 0x0000, 0x0000,
    0x0000, 0x0000, 0x0000, 0x0000, 0x0000, 0x0000, 0x0000, 0x0000, 0x0000, 0x0000, 0x0000, 0x0000, 0x0000, 0x0000, 0x0000, 0x0000,
    0x0000, 0x0000, 0xE67C, 0xF79E, 0xE67C, 0xE61C, 0xE61C, 0xFFFF, 0xEF3D, 0xEEBC, 0xEE7C, 0xEE5B, 0xEE5B, 0xEE5B, 0xEE5C, 0xEE7C,
    0xEE5C, 0xEE5C, 0xEE5C, 0xEE7C, 0xEE9C, 0xEF1D, 0xFD9D, 0xEE7C, 0xEE3B, 0xE61B, 0xE67B, 0xFFFF, 0xE7FE, 0x0000, 0x0000, 0x0000,
    0x0000, 0x0000, 0x0000, 0x0000, 0x0000, 0x0000, 0x0000, 0x0000, 0x0000, 0x0000, 0x0000, 0x0000, 0x0000, 0x0000, 0x0000, 0x0000,
    0x0000, 0x0000, 0x0000, 0x0000, 0x0000, 0x0000, 0x0000, 0x0000, 0x0000, 0x0000, 0x0000, 0x0000, 0x0000, 0x0000, 0x0000, 0x0000,
    0x0000, 0x0000, 0x0000, 0x0000, 0x0000, 0x0000, 0x0000, 0x0000, 0x0000, 0x0000, 0x0000, 0x0000, 0x0000, 0x0000, 0x0000, 0x0000,
    0x0000, 0x0000, 0x0000, 0x0000, 0x0000, 0x0000, 0x0000, 0x0000, 0x0000, 0x0000, 0x0000, 0x0000, 0x0000, 0x0000, 0x0000, 0x0000,
    0x0000, 0x0000, 0x0000, 0x0000, 0x0000, 0x0000, 0x0000, 0x0000, 0x0000, 0x0000, 0x0000, 0x0000, 0x0000, 0x0000, 0x0000, 0x0000,
    0x0000, 0x0000, 0x0000, 0x0000, 0x0000, 0x0000, 0x0000, 0x0000, 0x0000, 0x0000, 0x0000, 0x0000, 0x0000, 0x0000, 0x0000, 0x0000,
    0x0000, 0x0000, 0x0000, 0x0000, 0x0000, 0x0000, 0x0000, 0x0000, 0x0000, 0x0000, 0x0000, 0x0000, 0x0000, 0x0000, 0x0000, 0x0000,
    0x0000, 0x0000, 0x0000, 0x0000, 0x0000, 0x0000, 0x0000, 0x0000, 0x0000, 0x0000, 0x0000, 0x0000, 0x0000, 0x0000, 0x0000, 0x0000,
    0x0000, 0x0000, 0x0000, 0x0000, 0x0000, 0x0000, 0x0000, 0x0000, 0x0000, 0x0000, 0x0000, 0x0000, 0x0000, 0x0000, 0x0000, 0x0000,
    0x0000, 0x0000, 0x0000, 0x0000, 0x0000, 0x0000, 0x0000, 0x0000, 0x0000, 0x0000, 0x0000, 0x0000, 0x0000, 0x0000, 0x0000, 0x0000,
    0x0000, 0x0000, 0x0000, 0x0000, 0x0000, 0x0000, 0x0000, 0x0000, 0x0000, 0x0000, 0x0000, 0xFF9D, 0xFFFF, 0xDF1D, 0xB6BD, 0xA67D,
    0x9E7D, 0x863C, 0x6DDC, 0x4D9C, 0x353C, 0x353C, 0x559C, 0x6DFC, 0x863D, 0x9E7D, 0xA67D, 0xBEBC, 0xF7BD, 0xB65C, 0x0000, 0x0000,
    0x0000, 0x0000, 0x0000, 0x0000, 0x0000, 0x0000, 0x0000, 0x0000, 0x0000, 0x0000, 0x0000, 0x0000, 0x0000, 0x0000, 0x0000, 0x0000,
    0xF7BE, 0xFFFF, 0xE69C, 0xDDDB, 0xFFFE, 0xE67C, 0xE65C, 0xE63C, 0xE63C, 0xE63C, 0xE63C, 0xE63C, 0xEE3C, 0xEE3C, 0xEE5C, 0xEE7C,
    0xEE7C, 0xEE7C, 0xEE7C, 0xEE7C, 0xEE7C, 0xEE5C, 0xE65C, 0xE63B, 0xE63B, 0xD579, 0xF65C, 0xE5FA, 0xDE3A, 0xE61A, 0x0000, 0x0000,
    0x0000, 0x0000, 0x0000, 0x0000, 0x0000, 0x0000, 0x0000, 0x0000, 0x0000, 0x0000, 0x0000, 0x0000, 0x0000, 0x0000, 0x0000, 0x0000,
    0x0000, 0x0000, 0x0000, 0x0000, 0x0000, 0x0000, 0x0000, 0x0000, 0x0000, 0x0000, 0x0000, 0x0000, 0x0000, 0x0000, 0x0000, 0x0000,
    0x0000, 0x0000, 0x0000, 0x0000, 0x0000, 0x0000, 0x0000, 0x0000, 0x0000, 0x0000, 0x0000, 0x0000, 0x0000, 0x0000, 0x0000, 0x0000,
    0x0000, 0x0000, 0x0000, 0x0000, 0x0000, 0x0000, 0x0000, 0x0000, 0x0000, 0x0000, 0x0000, 0x0000, 0x0000, 0x0000, 0x0000, 0x0000,
    0x0000, 0x0000, 0x0000, 0x0000, 0x0000, 0x0000, 0x0000, 0x0000, 0x0000, 0x0000, 0x0000, 0x0000, 0x0000, 0x0000, 0x0000, 0x0000,
    0x0000, 0x0000, 0x0000, 0x0000, 0x0000, 0x0000, 0x0000, 0x0000, 0x0000, 0x0000, 0x0000, 0x0000, 0x0000, 0x0000, 0x0000, 0x0000,
    0x0000, 0x0000, 0x0000, 0x0000, 0x0000, 0x0000, 0x0000, 0x0000, 0x0000, 0x0000, 0x0000, 0x0000, 0x0000, 0x0000, 0x0000, 0x0000,
    0x0000, 0x0000, 0x0000, 0x0000, 0x0000, 0x0000, 0x0000, 0x0000, 0x0000, 0x0000, 0x0000, 0x0000, 0x0000, 0x0000, 0x0000, 0x0000,
    0x0000, 0x0000, 0x0000, 0x0000, 0x0000, 0x0000, 0x0000, 0x0000, 0x0000, 0x0000, 0x0000, 0x0000, 0x0000, 0x0000, 0x0000, 0x0000,
    0x0000, 0x0000, 0x0000, 0x0000, 0x0000, 0x0000, 0x0000, 0x0000, 0x0000, 0x0000, 0x0000, 0x0000, 0x0000, 0x0000, 0x0000, 0x0000,
    0x0000, 0x0000, 0x0000, 0x0000, 0x0000, 0x0000, 0x0000, 0x0000, 0xFFFF, 0x755A, 0xDF5E, 0xB6BD, 0x9E5C, 0x047A, 0xD71D, 0xAE9D,
    0x9E7D, 0x9E7D, 0x9E7D, 0x9E7D, 0x9E7D, 0x9E7D, 0x9E7D, 0x9E7D, 0x9E7D, 0x9E7D, 0xAE9D, 0xFF9D, 0x6DBC, 0xA67D, 0xCEFD, 0xFFFF,
    0xF75D, 0x0000, 0x0000, 0x0000, 0x0000, 0x0000, 0x0000, 0x0000, 0x0000, 0x0000, 0x0000, 0x0000, 0x0000, 0x0000, 0x0000, 0xDE5C,
    0xEF5E, 0xDDBB, 0xEF1D, 0xE65C, 0xE63C, 0xE61C, 0xE61C, 0xE61C, 0xE61C, 0xE63C, 0xEE7C, 0xEEBD, 0xF71D, 0xF75E, 0xF77E, 0xF79E,
    0xF79E, 0xF79E, 0xF79E, 0xF77E, 0xF75E, 0xF73E, 0xF6FD, 0xEEDD, 0xEE9C, 0xEE7C, 0xE63B, 0xDDDA, 0xFF3F, 0xE63B, 0xCDD9, 0xDE1A,
    0x0000, 0x0000, 0x0000, 0x0000, 0x0000, 0x0000, 0x0000, 0x0000, 0x0000, 0x0000, 0x0000, 0x0000, 0x0000, 0x0000, 0x0000, 0x0000,
    0x0000, 0x0000, 0x0000, 0x0000, 0x0000, 0x0000, 0x0000, 0x0000, 0x0000, 0x0000, 0x0000, 0x0000, 0x0000, 0x0000, 0x0000, 0x0000,
    0x0000, 0x0000, 0x0000, 0x0000, 0x0000, 0x0000, 0x0000, 0x0000, 0x0000, 0x0000, 0x0000, 0x0000, 0x0000, 0x0000, 0x0000, 0x0000,
    0x0000, 0x0000, 0x0000, 0x0000, 0x0000, 0x0000, 0x0000, 0x0000, 0x0000, 0x0000, 0x0000, 0x0000, 0x0000, 0x0000, 0x0000, 0x0000,
    0x0000, 0x0000, 0x0000, 0x0000, 0x0000, 0x0000, 0x0000, 0x0000, 0x0000, 0x0000, 0x0000, 0x0000, 0x0000, 0x0000, 0x0000, 0x0000,
    0x0000, 0x0000, 0x0000, 0x0000, 0x0000, 0x0000, 0x0000, 0x0000, 0x0000, 0x0000, 0x0000, 0x0000, 0x0000, 0x0000, 0x0000, 0x0000,
    0x0000, 0x0000, 0x0000, 0x0000, 0x0000, 0x0000, 0x0000, 0x0000, 0x0000, 0x0000, 0x0000, 0x0000, 0x0000, 0x0000, 0x0000, 0x0000,
    0x0000, 0x0000, 0x0000, 0x0000, 0x0000, 0x0000, 0x0000, 0x0000, 0x0000, 0x0000, 0x0000, 0x0000, 0x0000, 0x0000, 0x0000, 0x0000,
    0x0000, 0x0000, 0x0000, 0x0000, 0x0000, 0x0000, 0x0000, 0x0000, 0x0000, 0x0000, 0x0000, 0x0000, 0x0000, 0x0000, 0x0000, 0x0000,
    0x0000, 0x0000, 0x0000, 0x0000, 0x0000, 0x0000, 0x0000, 0x0000, 0x0000, 0x0000, 0x0000, 0x0000, 0x0000, 0x0000, 0x0000, 0x0000,
    0x0000, 0x0000, 0x0000, 0x0000, 0x0000, 0x963C, 0xE77E, 0xA65C, 0x85DB, 0x7D9A, 0xDF5E, 0xB6BD, 0x9E5C, 0x963C, 0x963C, 0x965C,
    0x965D, 0x9E7D, 0x9E7D, 0x9E7D, 0x9E7D, 0x9E7D, 0x9E7D, 0x9E7D, 0x9E7D, 0x9E7D, 0x967D, 0x965C, 0x965C, 0xA67C, 0xCEFD, 0x457C,
    0x963C, 0xAE5C, 0xFF1A, 0xBE7B, 0x0000, 0x0000, 0x0000, 0x0000, 0x0000, 0x0000, 0x0000, 0x0000, 0xEF3D, 0xCD79, 0xDE5B, 0xE65C,
    0xE6FD, 0xDE3C, 0xE61C, 0xE63C, 0xE61C, 0xE61C, 0xE61C, 0xE63C, 0xEE7C, 0xF6DD, 0xF71D, 0xFF5E, 0xFF9E, 0xFFBE, 0xFFBE, 0xFFDF,
    0xFFDF, 0xFFFF, 0xFFFF, 0xFFFF, 0xFFFF, 0xFFFF, 0xFFDF, 0xFFDF, 0xFF9E, 0xF75E, 0xF71D, 0xF6DC, 0xEE7C, 0xE63B, 0x826F, 0xE6BC,
    0xD639, 0xEEFB, 0xC5D8, 0x0000, 0x0000, 0x0000, 0x0000, 0x0000, 0x0000, 0x0000, 0x0000, 0x0000, 0x0000, 0x0000, 0x0000, 0x0000,
    0x0000, 0x0000, 0x0000, 0x0000, 0x0000, 0x0000, 0x0000, 0x0000, 0x0000, 0x0000, 0x0000, 0x0000, 0x0000, 0x0000, 0x0000, 0x0000,
    0x0000, 0x0000, 0x0000, 0x0000, 0x0000, 0x0000, 0x0000, 0x0000, 0x0000, 0x0000, 0x0000, 0x0000, 0x0000, 0x0000, 0x0000, 0x0000,
    0x0000, 0x0000, 0x0000, 0x0000, 0x0000, 0x0000, 0x0000, 0x0000, 0x0000, 0x0000, 0x0000, 0x0000, 0x0000, 0x0000, 0x0000, 0x0000,
    0x0000, 0x0000, 0x0000, 0x0000, 0x0000, 0x0000, 0x0000, 0x0000, 0x0000, 0x0000, 0x0000, 0x0000, 0x0000, 0x0000, 0x0000, 0x0000,
    0x0000, 0x0000, 0x0000, 0x0000, 0x0000, 0x0000, 0x0000, 0x0000, 0x0000, 0x0000, 0x0000, 0x0000, 0x0000, 0x0000, 0x0000, 0x0000,
    0x0000, 0x0000, 0x0000, 0x0000, 0x0000, 0x0000, 0x0000, 0x0000, 0x0000, 0x0000, 0x0000, 0x0000, 0x0000, 0x0000, 0x0000, 0x0000,
    0x0000, 0x0000, 0x0000, 0x0000, 0x0000, 0x0000, 0x0000, 0x0000, 0x0000, 0x0000, 0x0000, 0x0000, 0x0000, 0x0000, 0x0000, 0x0000,
    0x0000, 0x0000, 0x0000, 0x0000, 0x0000, 0x0000, 0x0000, 0x0000, 0x0000, 0x0000, 0x0000, 0x0000, 0x0000, 0x0000, 0x0000, 0x0000,
    0x0000, 0x0000, 0x0000, 0x0000, 0x0000, 0x0000, 0x0000, 0x0000, 0x0000, 0x0000, 0x0000, 0x0000, 0x0000, 0x0000, 0x0000, 0x0000,
    0x0000, 0x0000, 0x0000, 0xDF3E, 0xFFFF, 0xAE5C, 0x5CD8, 0xC73E, 0xA65C, 0x9E5C, 0x963C, 0x963C, 0x9E5C, 0xA69D, 0xAE9D, 0xB6BD,
    0xB6BD, 0xB69D, 0xAE9D, 0xAE9D, 0xAE9D, 0xAE9D, 0xAE7D, 0xA67D, 0xAE7D, 0xAE9D, 0xB6BD, 0xBEDD, 0xAEBD, 0x9E7D, 0x965C, 0x9E3C,
    0xA65C, 0x001F, 0x9E3C, 0xCE9B, 0xCE9B, 0x0000, 0x0000, 0x0000, 0x0000, 0x0000, 0x0000, 0x0000, 0xCDD9, 0xCDFA, 0xE6FC, 0xDE1B,
    0xE65C, 0xE69C, 0xE69D, 0xE65C, 0xDE1C, 0xE61C, 0xEE5C, 0xEE7C, 0xEE7C, 0xEE9C, 0xF6BD, 0xF6BD, 0xF6DD, 0xFEFD, 0xFF1D, 0xFF3D,
    0xFF5E, 0xFF7E, 0xFF9E, 0xFFBE, 0xFFDF, 0xFFFF, 0xFFFF, 0xFFFF, 0xFFFF, 0xFFFF, 0xFFDF, 0xFFBE, 0xF77E, 0xF71D, 0xEEBC, 0xDE19,
    0xFFFF, 0xDE7A, 0x0000, 0xCDF8, 0x0000, 0x0000, 0x0000, 0x0000, 0x0000, 0x0000, 0x0000, 0x0000, 0x0000, 0x0000, 0x0000, 0x0000,
    0x0000, 0x0000, 0x0000, 0x0000, 0x0000, 0x0000, 0x0000, 0x0000, 0x0000, 0x0000, 0x0000, 0x0000, 0x0000, 0x0000, 0x0000, 0x0000,
    0x0000, 0x0000, 0x0000, 0x0000, 0x0000, 0x0000, 0x0000, 0x0000, 0x0000, 0x0000, 0x0000, 0x0000, 0x0000, 0x0000, 0x0000, 0x0000,
    0x0000, 0x0000, 0x0000, 0x0000, 0x0000, 0x0000, 0x0000, 0x0000, 0x0000, 0x0000, 0x0000, 0x0000, 0x0000, 0x0000, 0x0000, 0x0000,
    0x0000, 0x0000, 0x0000, 0x0000, 0x0000, 0x0000, 0x0000, 0x0000, 0x0000, 0x0000, 0x0000, 0x0000, 0x0000, 0x0000, 0x0000, 0x0000,
    0x0000, 0x0000, 0x0000, 0x0000, 0x0000, 0x0000, 0x0000, 0x0000, 0x0000, 0x0000, 0x0000, 0x0000, 0x0000, 0x0000, 0x0000, 0x0000,
    0x0000, 0x0000, 0x0000, 0x0000, 0x0000, 0x0000, 0x0000, 0x0000, 0x0000, 0x0000, 0x0000, 0x0000, 0x0000, 0x0000, 0x0000, 0x0000,
    0x0000, 0x0000, 0x0000, 0x0000, 0x0000, 0x0000, 0x0000, 0x0000, 0x0000, 0x0000, 0x0000, 0x0000, 0x0000, 0x0000, 0x0000, 0x0000,
    0x0000, 0x0000, 0x0000, 0x0000, 0x0000, 0x0000, 0x0000, 0x0000, 0x0000, 0x0000, 0x0000, 0x0000, 0x0000, 0x0000, 0x0000, 0x0000,
    0x0000, 0x0000, 0x0000, 0x0000, 0x0000, 0x0000, 0x0000, 0x0000, 0x0000, 0x0000, 0x0000, 0x0000, 0x0000, 0x0000, 0x0000, 0x0000,
    0x0000, 0x0000, 0x95DA, 0xD71D, 0x6CF8, 0xBEBC, 0x961B, 0x961B, 0x961B, 0x9E5C, 0xAE9D, 0xBEDD, 0xBEDD, 0xBEDD, 0xBEBD, 0xB69D,
    0xB67D, 0xAE7D, 0xAE5C, 0xAE5D, 0xAE7D, 0xB69D, 0xB69D, 0xAE7D, 0xAE5C, 0xAE5C, 0xB65C, 0xC6BD, 0xD71D, 0xDF5E, 0xC71D, 0xA67D,
    0x9E3C, 0x9E3C, 0xA63B, 0x559C, 0xC65B, 0xB63B, 0x0000, 0x0000, 0x0000, 0x0000, 0x0000, 0xCDFA, 0xCDFA, 0xC598, 0xDE5B, 0xEEDD,
    0xF71D, 0xEEFD, 0xDE5C, 0xDE1B, 0xDDFB, 0xE5FB, 0xE61B, 0xE61B, 0xE61B, 0xE61B, 0xE61B, 0xE63C, 0xEE5C, 0xEE5C, 0xF67C, 0xF69C,
    0xF6BD, 0xF6DD, 0xFEFD, 0xFF1D, 0xFF5E, 0xFF9E, 0xFFBE, 0xFFDF, 0xFFFF, 0xFFFF, 0xFFFF, 0xFFFF, 0xFFFF, 0xFFDF, 0xF79E, 0xEF3D,
    0xE6DB, 0xCDD8, 0xE6FC, 0xAC73, 0x0000, 0x0000, 0x0000, 0x0000, 0x0000, 0x0000, 0x0000, 0x0000, 0x0000, 0x0000, 0x0000, 0x0000,
    0x0000, 0x0000, 0x0000, 0x0000, 0x0000, 0x0000, 0x0000, 0x0000, 0x0000, 0x0000, 0x0000, 0x0000, 0x0000, 0x0000, 0x0000, 0x0000,
    0x0000, 0x0000, 0x0000, 0x0000, 0x0000, 0x0000, 0x0000, 0x0000, 0x0000, 0x0000, 0x0000, 0x0000, 0x0000, 0x0000, 0x0000, 0x0000,
    0x0000, 0x0000, 0x0000, 0x0000, 0x0000, 0x0000, 0x0000, 0x0000, 0x0000, 0x0000, 0x0000, 0x0000, 0x0000, 0x0000, 0x0000, 0x0000,
    0x0000, 0x0000, 0x0000, 0x0000, 0x0000, 0x0000, 0x0000, 0x0000, 0x0000, 0x0000, 0x0000, 0x0000, 0x0000, 0x0000, 0x0000, 0x0000,
    0x0000, 0x0000, 0x0000, 0x0000, 0x0000, 0x0000, 0x0000, 0x0000, 0x0000, 0x0000, 0x0000, 0x0000, 0x0000, 0x0000, 0x0000, 0x0000,
    0x0000, 0x0000, 0x0000, 0x0000, 0x0000, 0x0000, 0x0000, 0x0000, 0x0000, 0x0000, 0x0000, 0x0000, 0x0000, 0x0000, 0x0000, 0x0000,
    0x0000, 0x0000, 0x0000, 0x0000, 0x0000, 0x0000, 0x0000, 0x0000, 0x0000, 0x0000, 0x0000, 0x0000, 0x0000, 0x0000, 0x0000, 0x0000,
    0x0000, 0x0000, 0x0000, 0x0000, 0x0000, 0x0000, 0x0000, 0x0000, 0x0000, 0x0000, 0x0000, 0x0000, 0x0000, 0x0000, 0x0000, 0x0000,
    0x0000, 0x0000, 0x0000, 0x0000, 0x0000, 0x0000, 0x0000, 0x0000, 0x0000, 0x0000, 0x0000, 0x0000, 0x0000, 0x0000, 0x0000, 0xADDA,
    0xFFFF, 0x8D59, 0x8D79, 0xD6FD, 0x9DFA, 0x95DA, 0x9E3B, 0xAE7C, 0xBEBD, 0xC6FD, 0xC6DD, 0xBEBD, 0xB67D, 0xB65C, 0xB63C, 0xB61C,
    0xB5FB, 0xB5FB, 0xB5FB, 0xB5FB, 0xB5FC, 0xB5FC, 0xB61C, 0xB61C, 0xB61C, 0xB63C, 0xB63C, 0xB63C, 0xBE5C, 0xCEBD, 0xE75E, 0xDF5E,
    0xB6BD, 0x9E5C, 0xA65C, 0xAE3B, 0xBE3A, 0xB63B, 0xD6BB, 0xDEBB, 0x0000, 0xD65A, 0xD63A, 0xD63A, 0xC5D9, 0xD67B, 0xEF3D, 0xF77E,
    0xEEDD, 0xDDFB, 0xDE5C, 0xEEBD, 0xE63C, 0xDDDB, 0xDDBA, 0xDDDA, 0xDDDA, 0xDDDA, 0xDDFB, 0xDDFB, 0xE5FB, 0xE61B, 0xE61B, 0xE63B,
    0xEE3B, 0xEE5B, 0xEE7C, 0xF69C, 0xF6BC, 0xFEDD, 0xFF1D, 0xFF5E, 0xFF9E, 0xFFDF, 0xFFFF, 0xFFFF, 0xFFFF, 0xFFFF, 0xFFFF, 0xFFDF,
    0xF79E, 0xEF1C, 0xDE7A, 0xF7BE, 0xDEBB, 0x0000, 0xCE19, 0x0000, 0x0000, 0x0000, 0x0000, 0x0000, 0x0000, 0x0000, 0x0000, 0x0000,
    0x0000, 0x0000, 0x0000, 0x0000, 0x0000, 0x0000, 0x0000, 0x0000, 0x0000, 0x0000, 0x0000, 0x0000, 0x0000, 0x0000, 0x0000, 0x0000,
    0x0000, 0x0000, 0x0000, 0x0000, 0x0000, 0x0000, 0x0000, 0x0000, 0x0000, 0x0000, 0x0000, 0x0000, 0x0000, 0x0000, 0x0000, 0x0000,
    0x0000, 0x0000, 0x0000, 0x0000, 0x0000, 0x0000, 0x0000, 0x0000, 0x0000, 0x0000, 0x0000, 0x0000, 0x0000, 0x0000, 0x0000, 0x0000,
    0x0000, 0x0000, 0x0000, 0x0000, 0x0000, 0x0000, 0x0000, 0x0000, 0x0000, 0x0000, 0x0000, 0x0000, 0x0000, 0x0000, 0x0000, 0x0000,
    0x0000, 0x0000, 0x0000, 0x0000, 0x0000, 0x0000, 0x0000, 0x0000, 0x0000, 0x0000, 0x0000, 0x0000, 0x0000, 0x0000, 0x0000, 0x0000,
    0x0000, 0x0000, 0x0000, 0x0000, 0x0000, 0x0000, 0x0000, 0x0000, 0x0000, 0x0000, 0x0000, 0x0000, 0x0000, 0x0000, 0x0000, 0x0000,
    0x0000, 0x0000, 0x0000, 0x0000, 0x0000, 0x0000, 0x0000, 0x0000, 0x0000, 0x0000, 0x0000, 0x0000, 0x0000, 0x0000, 0x0000, 0x0000,
    0x0000, 0x0000, 0x0000, 0x0000, 0x0000, 0x0000, 0x0000, 0x0000, 0x0000, 0x0000, 0x0000, 0x0000, 0x0000, 0x0000, 0x0000, 0x0000,
    0x0000, 0x0000, 0x0000, 0x0000, 0x0000, 0x0000, 0x0000, 0x0000, 0x0000, 0x0000, 0x0000, 0x0000, 0x0000, 0x0000, 0xFFFF, 0xFFFF,
    0x8519, 0x9C94, 0x95B9, 0x95BA, 0xA61B, 0xB69C, 0xC6DD, 0xC6FE, 0xC6BD, 0xBE5C, 0xBE1C, 0xB5DB, 0xB5BB, 0xB5BB, 0xB59A, 0xB59A,
    0xBD9A, 0xB59A, 0xB59A, 0xBD9A, 0xBD9A, 0xBD9B, 0xBDBB, 0xBDBB, 0xC5DB, 0xC5DB, 0xC5FC, 0xC61C, 0xC63C, 0xC63C, 0xC67C, 0xDF1D,
    0xD71D, 0xB69D, 0xAE7D, 0xAE5C, 0xAE5C, 0xB63B, 0xAE1B, 0xEEDB, 0xD6BC, 0xE6DC, 0xDEBC, 0xCE3A, 0xDEBC, 0xEF5D, 0xF79E, 0xEEBC,
    0xDDFB, 0xDDDB, 0xE65B, 0xDE1B, 0xD5BA, 0xD5BA, 0xD5BA, 0xD5BA, 0xDDBA, 0xDDDA, 0xDDDA, 0xDDDA, 0xDDDA, 0xDDDA, 0xDDFA, 0xE5FA,
    0xE5FA, 0xE5FA, 0xE61B, 0xE61B, 0xEE3B, 0xEE7B, 0xF69C, 0xF6BC, 0xFEFC, 0xFF5D, 0xFF9E, 0xFFDF, 0xFFFF, 0xFFFF, 0xFFFF, 0xFFFF,
    0xFFFF, 0xFFDE, 0xF77D, 0xE6DB, 0x9C12, 0xDE9A, 0x0000, 0x0000, 0x0000, 0x0000, 0x0000, 0x0000, 0x0000, 0x0000, 0x0000, 0x0000,
    0x0000, 0x0000, 0x0000, 0x0000, 0x0000, 0x0000, 0x0000, 0x0000, 0x0000, 0x0000, 0x0000, 0x0000, 0x0000, 0x0000, 0x0000, 0x0000,
    0x0000, 0x0000, 0x0000, 0x0000, 0x0000, 0x0000, 0x0000, 0x0000, 0x0000, 0x0000, 0x0000, 0x0000, 0x0000, 0x0000, 0x0000, 0x0000,
    0x0000, 0x0000, 0x0000, 0x0000, 0x0000, 0x0000, 0x0000, 0x0000, 0x0000, 0x0000, 0x0000, 0x0000, 0x0000, 0x0000, 0x0000, 0x0000,
    0x0000, 0x0000, 0x0000, 0x0000, 0x0000, 0x0000, 0x0000, 0x0000, 0x0000, 0x0000, 0x0000, 0x0000, 0x0000, 0x0000, 0x0000, 0x0000,
    0x0000, 0x0000, 0x0000, 0x0000, 0x0000, 0x0000, 0x0000, 0x0000, 0x0000, 0x0000, 0x0000, 0x0000, 0x0000, 0x0000, 0x0000, 0x0000,
    0x0000, 0x0000, 0x0000, 0x0000, 0x0000, 0x0000, 0x0000, 0x0000, 0x0000, 0x0000, 0x0000, 0x0000, 0x0000, 0x0000, 0x0000, 0x0000,
    0x0000, 0x0000, 0x0000, 0x0000, 0x0000, 0x0000, 0x0000, 0x0000, 0x0000, 0x0000, 0x0000, 0x0000, 0x0000, 0x0000, 0x0000, 0x0000,
    0x0000, 0x0000, 0x0000, 0x0000, 0x0000, 0x0000, 0x0000, 0x0000, 0x0000, 0x0000, 0x0000, 0x0000, 0x0000, 0x0000, 0x0000, 0x0000,
    0x0000, 0x0000, 0x0000, 0x0000, 0x0000, 0x0000, 0x0000, 0x0000, 0x0000, 0x0000, 0x0000, 0x0000, 0x0000, 0xCE9B, 0xFFFF, 0x84B7,
    0x8518, 0x8D79, 0x9DFA, 0xB69C, 0xCEFE, 0xC6DD, 0xC67C, 0xBE1B, 0xBDBA, 0xB57A, 0xB57A, 0xB57A, 0xB57A, 0xB57A, 0xB579, 0xB579,
    0xB559, 0xB559, 0xBD79, 0xBD79, 0xBD7A, 0xBD7A, 0xC57A, 0xC59A, 0xC59A, 0xCDBA, 0xCDBB, 0xCDDB, 0xD5FB, 0xD5FB, 0xCE1B, 0xCE3C,
    0xCE9C, 0xCEBD, 0xBEBD, 0xC6DD, 0xC6DD, 0xBE7C, 0xB63B, 0xADBB, 0xEF3D, 0xBD97, 0xDE7B, 0xE71C, 0xF79E, 0xF79E, 0xEEBC, 0xE61B,
    0xDDDA, 0xDD9A, 0xD59A, 0xD599, 0xDD9A, 0xDDBA, 0xDDDA, 0xE5DA, 0xE5DA, 0xE5DA, 0xE5DA, 0xE5DA, 0xDDDA, 0xDDDA, 0xDDBA, 0xDDBA,
    0xDDBA, 0xDDDA, 0xDDDA, 0xDDDA, 0xE5FA, 0xE5FA, 0xEE3A, 0xEE5B, 0xF67B, 0xF69C, 0xFEFC, 0xFF5D, 0xFFBE, 0xFFFF, 0xFFFF, 0xFFFF,
    0xFFFF, 0xFFFF, 0xFFFF, 0xF79E, 0xE6FC, 0xC597, 0xD65A, 0xD639, 0x0000, 0x0000, 0x0000, 0x0000, 0x0000, 0x0000, 0x0000, 0x0000,
    0x0000, 0x0000, 0x0000, 0x0000, 0x0000, 0x0000, 0x0000, 0x0000, 0x0000, 0x0000, 0x0000, 0x0000, 0x0000, 0x0000, 0x0000, 0x0000,
    0x0000, 0x0000, 0x0000, 0x0000, 0x0000, 0x0000, 0x0000, 0x0000, 0x0000, 0x0000, 0x0000, 0x0000, 0x0000, 0x0000, 0x0000, 0x0000,
    0x0000, 0x0000, 0x0000, 0x0000, 0x0000, 0x0000, 0x0000, 0x0000, 0x0000, 0x0000, 0x0000, 0x0000, 0x0000, 0x0000, 0x0000, 0x0000,
    0x0000, 0x0000, 0x0000, 0x0000, 0x0000, 0x0000, 0x0000, 0x0000, 0x0000, 0x0000, 0x0000, 0x0000, 0x0000, 0x0000, 0x0000, 0x0000,
    0x0000, 0x0000, 0x0000, 0x0000, 0x0000, 0x0000, 0x0000, 0x0000, 0x0000, 0x0000, 0x0000, 0x0000, 0x0000, 0x0000, 0x0000, 0x0000,
    0x0000, 0x0000, 0x0000, 0x0000, 0x0000, 0x0000, 0x0000, 0x0000, 0x0000, 0x0000, 0x0000, 0x0000, 0x0000, 0x0000, 0x0000, 0x0000,
    0x0000, 0x0000, 0x0000, 0x0000, 0x0000, 0x0000, 0x0000, 0x0000, 0x0000, 0x0000, 0x0000, 0x0000, 0x0000, 0x0000, 0x0000, 0x0000,
    0x0000, 0x0000, 0x0000, 0x0000, 0x0000, 0x0000, 0x0000, 0x0000, 0x0000, 0x0000, 0x0000, 0x0000, 0x0000, 0x0000, 0x0000, 0x0000,
    0x0000, 0x0000, 0x0000, 0x0000, 0x0000, 0x0000, 0x0000, 0x0000, 0x0000, 0x0000, 0x0000, 0x0000, 0x8CD6, 0xB5B9, 0xFFFF, 0x9538,
    0x9D9A, 0xB65C, 0xC6FD, 0xCEDD, 0xC65C, 0xBDDA, 0xB57A, 0xB559, 0xB559, 0xB559, 0xB559, 0xB559, 0xB559, 0xB559, 0xB559, 0xBD39,
    0xBD39, 0xBD39, 0xBD39, 0xC559, 0xC559, 0xC559, 0xCD79, 0xCD9A, 0xD59A, 0xDDBA, 0xDDDA, 0xDDFB, 0xE61B, 0xE61B, 0xE61B, 0xDE1B,
    0xDE3C, 0xD65C, 0xD69D, 0xCEDD, 0xE75E, 0xDF1D, 0xC67B, 0xC61B, 0xBD99, 0xDEBB, 0xEF1D, 0xF7BE, 0xFFBE, 0xEEBC, 0xE61B, 0xE5FB,
    0xDDBA, 0xDD99, 0xDDB9, 0xE5BA, 0xE5DA, 0xEDDA, 0xEDFA, 0xEDFA, 0xEDFA, 0xEDFA, 0xEDFA, 0xEDFA, 0xEDFA, 0xE5DA, 0xE5DA, 0xDDB9,
    0xDDB9, 0xDDB9, 0xDDB9, 0xDDB9, 0xDDB9, 0xDDB9, 0xE5D9, 0xE5FA, 0xEE1A, 0xEE3A, 0xF65B, 0xF6BB, 0xFF1C, 0xFF7E, 0xFFDF, 0xFFFF,
    0xFFFF, 0xFFFF, 0xFFFF, 0xFFFF, 0xF7BE, 0xEF1C, 0xCE19, 0xD67A, 0x9BF2, 0xD639, 0x0000, 0x0000, 0x0000, 0x0000, 0x0000, 0x0000,
    0x0000, 0x0000, 0x0000, 0x0000, 0x0000, 0x0000, 0x0000, 0x0000, 0x0000, 0x0000, 0x0000, 0x0000, 0x0000, 0x0000, 0x0000, 0x0000,
    0x0000, 0x0000, 0x0000, 0x0000, 0x0000, 0x0000, 0x0000, 0x0000, 0x0000, 0x0000, 0x0000, 0x0000, 0x0000, 0x0000, 0x0000, 0x0000,
    0x0000, 0x0000, 0x0000, 0x0000, 0x0000, 0x0000, 0x0000, 0x0000, 0x0000, 0x0000, 0x0000, 0x0000, 0x0000, 0x0000, 0x0000, 0x0000,
    0x0000, 0x0000, 0x0000, 0x0000, 0x0000, 0x0000, 0x0000, 0x0000, 0x0000, 0x0000, 0x0000, 0x0000, 0x0000, 0x0000, 0x0000, 0x0000,
    0x0000, 0x0000, 0x0000, 0x0000, 0x0000, 0x0000, 0x0000, 0x0000, 0x0000, 0x0000, 0x0000, 0x0000, 0x0000, 0x0000, 0x0000, 0x0000,
    0x0000, 0x0000, 0x0000, 0x0000, 0x0000, 0x0000, 0x0000, 0x0000, 0x0000, 0x0000, 0x0000, 0x0000, 0x0000, 0x0000, 0x0000, 0x0000,
    0x0000, 0x0000, 0x0000, 0x0000, 0x0000, 0x0000, 0x0000, 0x0000, 0x0000, 0x0000, 0x0000, 0x0000, 0x0000, 0x0000, 0x0000, 0x0000,
    0x0000, 0x0000, 0x0000, 0x0000, 0x0000, 0x0000, 0x0000, 0x0000, 0x0000, 0x0000, 0x0000, 0x0000, 0x0000, 0x0000, 0x0000, 0x0000,
    0x0000, 0x0000, 0x0000, 0x0000, 0x0000, 0x0000, 0x0000, 0x0000, 0x0000, 0x0000, 0x0000, 0x94D6, 0x94D6, 0x9C75, 0x9D17, 0xADDA,
    0xC6DD, 0xCEFE, 0xC67C, 0xBDBA, 0xB579, 0xB559, 0xB539, 0xB538, 0xB538, 0xB538, 0xB538, 0xBD38, 0xBD38, 0xBD38, 0xBD38, 0xBD38,
    0xC538, 0xC538, 0xC538, 0xCD38, 0xCD59, 0xD579, 0xDD99, 0xE5DA, 0xEE3B, 0xEE7C, 0xF69C, 0xF6BC, 0xF6BC, 0xF6BC, 0xF6BC, 0xF69C,
    0xEE7C, 0xEE5C, 0xE65C, 0xE67C, 0xDEDD, 0xEF9E, 0xEF3D, 0xDE5B, 0xD63B, 0xE6DC, 0xF79E, 0xFFBE, 0xEEDD, 0xE63B, 0xE61B, 0xE5DA,
    0xE5DA, 0xE5DA, 0xEDDA, 0xEDFA, 0xEE1A, 0xF63B, 0xF65B, 0xF67C, 0xF67C, 0xF69C, 0xF69C, 0xF67C, 0xF65B, 0xEE1B, 0xEDFA, 0xE5DA,
    0xDDB9, 0xDD99, 0xD599, 0xD599, 0xDD99, 0xDD99, 0xDD99, 0xDDB9, 0xE5D9, 0xE5FA, 0xEE1A, 0xEE3A, 0xF67B, 0xFEDC, 0xFF5D, 0xFFBE,
    0xFFFF, 0xFFFF, 0xFFFF, 0xFFFF, 0xFFFF, 0xF7BE, 0xE71C, 0xC5D8, 0xDE9A, 0x9C12, 0x0000, 0x0000, 0x0000, 0x0000, 0x0000, 0x0000,
    0x0000, 0x0000, 0x0000, 0x0000, 0x0000, 0x0000, 0x0000, 0x0000, 0x0000, 0x0000, 0x0000, 0x0000, 0x0000, 0x0000, 0x0000, 0x0000,
    0x0000, 0x0000, 0x0000, 0x0000, 0x0000, 0x0000, 0x0000, 0x0000, 0x0000, 0x0000, 0x0000, 0x0000, 0x0000, 0x0000, 0x0000, 0x0000,
    0x0000, 0x0000, 0x0000, 0x0000, 0x0000, 0x0000, 0x0000, 0x0000, 0x0000, 0x0000, 0x0000, 0x0000, 0x0000, 0x0000, 0x0000, 0x0000,
    0x0000, 0x0000, 0x0000, 0x0000, 0x0000, 0x0000, 0x0000, 0x0000, 0x0000, 0x0000, 0x0000, 0x0000, 0x0000, 0x0000, 0x0000, 0x0000,
    0x0000, 0x0000, 0x0000, 0x0000, 0x0000, 0x0000, 0x0000, 0x0000, 0x0000, 0x0000, 0x0000, 0x0000, 0x0000, 0x0000, 0x0000, 0x0000,
    0x0000, 0x0000, 0x0000, 0x0000, 0x0000, 0x0000, 0x0000, 0x0000, 0x0000, 0x0000, 0x0000, 0x0000, 0x0000, 0x0000, 0x0000, 0x0000,
    0x0000, 0x0000, 0x0000, 0x0000, 0x0000, 0x0000, 0x0000, 0x0000, 0x0000, 0x0000, 0x0000, 0x0000, 0x0000, 0x0000, 0x0000, 0x0000,
    0x0000, 0x0000, 0x0000, 0x0000, 0x0000, 0x0000, 0x0000, 0x0000, 0x0000, 0x0000, 0x0000, 0x0000, 0x0000, 0x0000, 0x0000, 0x0000,
    0x0000, 0x0000, 0x0000, 0x0000, 0x0000, 0x0000, 0x0000, 0x0000, 0x0000, 0x0000, 0x8C74, 0x8C75, 0x8C75, 0x9D17, 0xB61A, 0xD6FD,
    0xCEBD, 0xBDDB, 0xB579, 0xB539, 0xB539, 0xBD38, 0xBD18, 0xBD18, 0xBD18, 0xBD18, 0xBD18, 0xBD18, 0xBD18, 0xC518, 0xC518, 0xC518,
    0xCD18, 0xCD38, 0xD538, 0xD558, 0xDD79, 0xE5B9, 0xEE3B, 0xF6BC, 0xF6DD, 0xFEBC, 0xFE9C, 0xFE7C, 0xFE9C, 0xFE9C, 0xFEBC, 0xFEDD,
    0xFEDD, 0xFEDD, 0xF69C, 0xF67C, 0xEE7C, 0xEEFD, 0xF79E, 0xF71D, 0xDE3B, 0xDE5C, 0xEEFD, 0xEEDD, 0xE63B, 0xEE3B, 0xEE1B, 0xEDFA,
    0xF5FA, 0xF5FA, 0xF63B, 0xF65C, 0xF69C, 0xF69C, 0xF69C, 0xF69C, 0xFE9C, 0xFEBC, 0xFEBD, 0xF6DD, 0xF6DD, 0xF6DC, 0xF67B, 0xEE1A,
    0xEDDA, 0xE599, 0xDD99, 0xD578, 0xD578, 0xD578, 0xDD78, 0xDD98, 0xDD99, 0xDDB9, 0xE5D9, 0xE5F9, 0xEE1A, 0xF65A, 0xFEBB, 0xFF3C,
    0xFF9E, 0xFFFF, 0xFFFF, 0xFFFF, 0xFFFF, 0xFFFF, 0xF7BE, 0xE71C, 0xC597, 0xD659, 0xC576, 0x0000, 0x0000, 0x0000, 0x0000, 0x0000,
    0x0000, 0x0000, 0x0000, 0x0000, 0x0000, 0x0000, 0x0000, 0x0000, 0x0000, 0x0000, 0x0000, 0x0000, 0x0000, 0x0000, 0x0000, 0x0000,
    0x0000, 0x0000, 0x0000, 0x0000, 0x0000, 0x0000, 0x0000, 0x0000, 0x0000, 0x0000, 0x0000, 0x0000, 0x0000, 0x0000, 0x0000, 0x0000,
    0x0000, 0x0000, 0x0000, 0x0000, 0x0000, 0x0000, 0x0000, 0x0000, 0x0000, 0x0000, 0x0000, 0x0000, 0x0000, 0x0000, 0x0000, 0x0000,
    0x0000, 0x0000, 0x0000, 0x0000, 0x0000, 0x0000, 0x0000, 0x0000, 0x0000, 0x0000, 0x0000, 0x0000, 0x0000, 0x0000, 0x0000, 0x0000,
    0x0000, 0x0000, 0x0000, 0x0000, 0x0000, 0x0000, 0x0000, 0x0000, 0x0000, 0x0000, 0x0000, 0x0000, 0x0000, 0x0000, 0x0000, 0x0000,
    0x0000, 0x0000, 0x0000, 0x0000, 0x0000, 0x0000, 0x0000, 0x0000, 0x0000, 0x0000, 0x0000, 0x0000, 0x0000, 0x0000, 0x0000, 0x0000,
    0x0000, 0x0000, 0x0000, 0x0000, 0x0000, 0x0000, 0x0000, 0x0000, 0x0000, 0x0000, 0x0000, 0x0000, 0x0000, 0x0000, 0x0000, 0x0000,
    0x0000, 0x0000, 0x0000, 0x0000, 0x0000, 0x0000, 0x0000, 0x0000, 0x0000, 0x0000, 0x0000, 0x0000, 0x0000, 0x0000, 0x0000, 0x0000,
    0x0000, 0x0000, 0x0000, 0x0000, 0x0000, 0x0000, 0x0000, 0x0000, 0x0000, 0xFFFF, 0x8C95, 0x7BF3, 0x9D16, 0xBE3A, 0xD6FD, 0xCE7C,
    0xBD9A, 0xB539, 0xB538, 0xB518, 0xBD18, 0xBD18, 0xBCF7, 0xBCF7, 0xBCF7, 0xBCF7, 0xBCF7, 0xC4F7, 0xC517, 0xC517, 0xCD17, 0xCD17,
    0xD537, 0xD537, 0xDD58, 0xE578, 0xEDD9, 0xF67C, 0xF6DD, 0xF6BD, 0xFE9C, 0xFE5B, 0xFE3A, 0xFE1A, 0xFE1A, 0xFE3A, 0xFE5B, 0xFE7B,
    0xFE9C, 0xFEDD, 0xFEFD, 0xFEDC, 0xF69C, 0xF67C, 0xF71D, 0xFF9E, 0xF6BC, 0xEE5C, 0xE63B, 0xE63B, 0xEE3B, 0xF65B, 0xF63B, 0xF61A,
    0xF63B, 0xF67C, 0xF67C, 0xF67B, 0xF65B, 0xF63B, 0xFE3A, 0xFE1A, 0xFE3A, 0xFE3A, 0xFE5B, 0xFE7B, 0xFE9C, 0xF6DD, 0xF6FD, 0xF6DC,
    0xF63B, 0xEDFA, 0xE5D9, 0xE5B9, 0xDD99, 0xDD78, 0xDD78, 0xDD58, 0xDD78, 0xDD98, 0xDD98, 0xE5B9, 0xE5D9, 0xEDF9, 0xF63A, 0xF69B,
    0xFF1C, 0xFF9D, 0xFFDF, 0xFFFF, 0xFFFF, 0xFFFF, 0xFFFF, 0xF7BE, 0xE6FC, 0xB4D4, 0xCDB7, 0xDE9A, 0x0000, 0x0000, 0x0000, 0x0000,
    0x0000, 0x0000, 0x0000, 0x0000, 0x0000, 0x0000, 0x0000, 0x0000, 0x0000, 0x0000, 0x0000, 0x0000, 0x0000, 0x0000, 0x0000, 0x0000,
    0x0000, 0x0000, 0x0000, 0x0000, 0x0000, 0x0000, 0x0000, 0x0000, 0x0000, 0x0000, 0x0000, 0x0000, 0x0000, 0x0000, 0x0000, 0x0000,
    0x0000, 0x0000, 0x0000, 0x0000, 0x0000, 0x0000, 0x0000, 0x0000, 0x0000, 0x0000, 0x0000, 0x0000, 0x0000, 0x0000, 0x0000, 0x0000,
    0x0000, 0x0000, 0x0000, 0x0000, 0x0000, 0x0000, 0x0000, 0x0000, 0x0000, 0x0000, 0x0000, 0x0000, 0x0000, 0x0000, 0x0000, 0x0000,
    0x0000, 0x0000, 0x0000, 0x0000, 0x0000, 0x0000, 0x0000, 0x0000, 0x0000, 0x0000, 0x0000, 0x0000, 0x0000, 0x0000, 0x0000, 0x0000,
    0x0000, 0x0000, 0x0000, 0x0000, 0x0000, 0x0000, 0x0000, 0x0000, 0x0000, 0x0000, 0x0000, 0x0000, 0x0000, 0x0000, 0x0000, 0x0000,
    0x0000, 0x0000, 0x0000, 0x0000, 0x0000, 0x0000, 0x0000, 0x0000, 0x0000, 0x0000, 0x0000, 0x0000, 0x0000, 0x0000, 0x0000, 0x0000,
    0x0000, 0x0000, 0x0000, 0x0000, 0x0000, 0x0000, 0x0000, 0x0000, 0x0000, 0x0000, 0x0000, 0x0000, 0x0000, 0x0000, 0x0000, 0x0000,
    0x0000, 0x0000, 0x0000, 0x0000, 0x0000, 0x0000, 0x0000, 0x0000, 0x9495, 0x94B5, 0x7391, 0x9D16, 0xBE3A, 0xD6FD, 0xC61B, 0xBD59,
    0xBD38, 0xBD18, 0xBD17, 0xBCF7, 0xBCF7, 0xBCF7, 0xBCF7, 0xBCF7, 0xC4F7, 0xC4F7, 0xC4F7, 0xC4F7, 0xCCF7, 0xCCF7, 0xCD17, 0xD517,
    0xDD37, 0xDD37, 0xE578, 0xEDD9, 0xF69C, 0xF6FD, 0xFEBD, 0xFE7C, 0xFE3A, 0xFDF9, 0xFDF9, 0xFDF9, 0xFDF9, 0xFDF9, 0xFE1A, 0xFE1A,
    0xFE3A, 0xFE5B, 0xFE9C, 0xFEDD, 0xFEFD, 0xFEBC, 0xF69B, 0xFF3D, 0xFF3D, 0xF67C, 0xEE3B, 0xEE3B, 0xF67C, 0xF69C, 0xFE5B, 0xFE5B,
    0xF69C, 0xFE5B, 0xFE3A, 0xFDFA, 0xFDF9, 0xF5F9, 0xF5D9, 0xFDD9, 0xFDF9, 0xFDF9, 0xFDFA, 0xFE1A, 0xFE3A, 0xFE5B, 0xF69C, 0xF71D,
    0xF6FD, 0xF67B, 0xF63A, 0xF63A, 0xF61A, 0xEE1A, 0xEDF9, 0xE5B9, 0xDD78, 0xDD58, 0xDD78, 0xDD98, 0xE598, 0xE5D8, 0xEDF9, 0xF619,
    0xF67A, 0xFEFB, 0xFF9D, 0xFFFF, 0xFFFF, 0xFFFF, 0xFFFF, 0xFFFF, 0xF79E, 0xE6DB, 0xFFFF, 0xC597, 0xCE19, 0x0000, 0x0000, 0x0000,
    0x0000, 0x0000, 0x0000, 0x0000, 0x0000, 0x0000, 0x0000, 0x0000, 0x0000, 0x0000, 0x0000, 0x0000, 0x0000, 0x0000, 0x0000, 0x0000,
    0x0000, 0x0000, 0x0000, 0x0000, 0x0000, 0x0000, 0x0000, 0x0000, 0x0000, 0x0000, 0x0000, 0x0000, 0x0000, 0x0000, 0x0000, 0x0000,
    0x0000, 0x0000, 0x0000, 0x0000, 0x0000, 0x0000, 0x0000, 0x0000, 0x0000, 0x0000, 0x0000, 0x0000, 0x0000, 0x0000, 0x0000, 0x0000,
    0x0000, 0x0000, 0x0000, 0x0000, 0x0000, 0x0000, 0x0000, 0x0000, 0x0000, 0x0000, 0x0000, 0x0000, 0x0000, 0x0000, 0x0000, 0x0000,
    0x0000, 0x0000, 0x0000, 0x0000, 0x0000, 0x0000, 0x0000, 0x0000, 0x0000, 0x0000, 0x0000, 0x0000, 0x0000, 0x0000, 0x0000, 0x0000,
    0x0000, 0x0000, 0x0000, 0x0000, 0x0000, 0x0000, 0x0000, 0x0000, 0x0000, 0x0000, 0x0000, 0x0000, 0x0000, 0x0000, 0x0000, 0x0000,
    0x0000, 0x0000, 0x0000, 0x0000, 0x0000, 0x0000, 0x0000, 0x0000, 0x0000, 0x0000, 0x0000, 0x0000, 0x0000, 0x0000, 0x0000, 0x0000,
    0x0000, 0x0000, 0x0000, 0x0000, 0x0000, 0x0000, 0x0000, 0x0000, 0x0000, 0x0000, 0x0000, 0x0000, 0x0000, 0x0000, 0x0000, 0x0000,
    0x0000, 0x0000, 0x0000, 0x0000, 0x0000, 0x0000, 0x0000, 0x9CB5, 0x9474, 0x8BF3, 0xA537, 0xC65B, 0xD6BC, 0xC5DA, 0xBD38, 0xBD18,
    0xBD17, 0xBCF7, 0xBCF7, 0xBCF7, 0xBCD7, 0xBCD6, 0xC4D6, 0xC4D6, 0xC4D6, 0xC4D6, 0xCCD6, 0xCCF7, 0xCCF7, 0xD4F7, 0xD517, 0xDD17,
    0xE537, 0xED78, 0xEDB8, 0xF65B, 0xF6FD, 0xF6BD, 0xFE5B, 0xFE1A, 0xFDF9, 0xFDD9, 0xFDD9, 0xF5D9, 0xF5D9, 0xF5D9, 0xFDD9, 0xFDF9,
    0xFDFA, 0xFE1A, 0xFE3A, 0xFE7C, 0xFEDC, 0xFEFC, 0xFEBC, 0xFEBC, 0xFF1D, 0xF67C, 0xEE5B, 0xF6BD, 0xFEBC, 0xFE9C, 0xFE7C, 0xFE9C,
    0xF63B, 0xF5F9, 0xF5D9, 0xF5D9, 0xF5B9, 0xF5B9, 0xF5B8, 0xF5B8, 0xF5B9, 0xF5B9, 0xFDD9, 0xFDF9, 0xFE1A, 0xFE1A, 0xFE3B, 0xF69C,
    0xF71D, 0xF71D, 0xF67B, 0xF63A, 0xF63A, 0xF63A, 0xF63A, 0xF63A, 0xEE1A, 0xE5B8, 0xDD77, 0xDD57, 0xDD77, 0xE598, 0xE5B8, 0xEDD8,
    0xF619, 0xF67A, 0xFF1B, 0xFF9D, 0xFFFF, 0xFFFF, 0xFFFF, 0xFFFF, 0xFFFF, 0xF77D, 0xDE7A, 0xEF5D, 0xC597, 0x0000, 0x0000, 0x0000,
    0x0000, 0x0000, 0x0000, 0x0000, 0x0000, 0x0000, 0x0000, 0x0000, 0x0000, 0x0000, 0x0000, 0x0000, 0x0000, 0x0000, 0x0000, 0x0000,
    0x0000, 0x0000, 0x0000, 0x0000, 0x0000, 0x0000, 0x0000, 0x0000, 0x0000, 0x0000, 0x0000, 0x0000, 0x0000, 0x0000, 0x0000, 0x0000,
    0x0000, 0x0000, 0x0000, 0x0000, 0x0000, 0x0000, 0x0000, 0x0000, 0x0000, 0x0000, 0x0000, 0x0000, 0x0000, 0x0000, 0x0000, 0x0000,
    0x0000, 0x0000, 0x0000, 0x0000, 0x0000, 0x0000, 0x0000, 0x0000, 0x0000, 0x0000, 0x0000, 0x0000, 0x0000, 0x0000, 0x0000, 0x0000,
    0x0000, 0x0000, 0x0000, 0x0000, 0x0000, 0x0000, 0x0000, 0x0000, 0x0000, 0x0000, 0x0000, 0x0000, 0x0000, 0x0000, 0x0000, 0x0000,
    0x0000, 0x0000, 0x0000, 0x0000, 0x0000, 0x0000, 0x0000, 0x0000, 0x0000, 0x0000, 0x0000, 0x0000, 0x0000, 0x0000, 0x0000, 0x0000,
    0x0000, 0x0000, 0x0000, 0x0000, 0x0000, 0x0000, 0x0000, 0x0000, 0x0000, 0x0000, 0x0000, 0x0000, 0x0000, 0x0000, 0x0000, 0x0000,
    0x0000, 0x0000, 0x0000, 0x0000, 0x0000, 0x0000, 0x0000, 0x0000, 0x0000, 0x0000, 0x0000, 0x0000, 0x0000, 0x0000, 0x0000, 0x0000,
    0x0000, 0x0000, 0x0000, 0x0000, 0x0000, 0x0000, 0x8CB5, 0x9495, 0x7AAE, 0x9D16, 0xBE3A, 0xCE9C, 0xBDBA, 0xBD38, 0xBD17, 0xBCF7,
    0xBCF7, 0xBCD6, 0xBCD6, 0xBCD6, 0xBCD6, 0xC4D6, 0xC4D6, 0xC4D6, 0xCCD6, 0xCCD6, 0xCCD6, 0xCCD6, 0xD4F6, 0xD4F6, 0xDD17, 0xE537,
    0xED57, 0xF598, 0xF619, 0xFEFD, 0xF6DD, 0xFE7C, 0xFE1A, 0xFDF9, 0xFDD9, 0xFDD9, 0xF5D9, 0xF5B9, 0xF5B9, 0xF5B9, 0xF5B9, 0xF5B9,
    0xF5D9, 0xFDD9, 0xFDFA, 0xFE3A, 0xFE7C, 0xFEBC, 0xFEBC, 0xFE9C, 0xFEBC, 0xF6BC, 0xF6DD, 0xFEDD, 0xFE9C, 0xFE7B, 0xF67B, 0xF63A,
    0xF5D9, 0xF5B8, 0xF598, 0xF598, 0xF598, 0xF598, 0xF598, 0xF598, 0xF598, 0xF598, 0xF5B8, 0xF5D9, 0xF5D9, 0xFDFA, 0xFE1A, 0xFE5B,
    0xF6BC, 0xF77E, 0xFF1D, 0xFE5B, 0xFE5A, 0xF63A, 0xF63A, 0xF63A, 0xF63A, 0xF63A, 0xF5F9, 0xE598, 0xDD57, 0xDD77, 0xE597, 0xE5B8,
    0xEDD8, 0xF619, 0xF69A, 0xFF3C, 0xFFBE, 0xFFFF, 0xFFFF, 0xFFFF, 0xFFFF, 0xFFDF, 0xEF3C, 0xCDF8, 0xDEBB, 0xCDD8, 0x0000, 0x0000,
    0x0000, 0x0000, 0x0000, 0x0000, 0x0000, 0x0000, 0x0000, 0x0000, 0x0000, 0x0000, 0x0000, 0x0000, 0x0000, 0x0000, 0x0000, 0x0000,
    0x0000, 0x0000, 0x0000, 0x0000, 0x0000, 0x0000, 0x0000, 0x0000, 0x0000, 0x0000, 0x0000, 0x0000, 0x0000, 0x0000, 0x0000, 0x0000,
    0x0000, 0x0000, 0x0000, 0x0000, 0x0000, 0x0000, 0x0000, 0x0000, 0x0000, 0x0000, 0x0000, 0x0000, 0x0000, 0x0000, 0x0000, 0x0000,
    0x0000, 0x0000, 0x0000, 0x0000, 0x0000, 0x0000, 0x0000, 0x0000, 0x0000, 0x0000, 0x0000, 0x0000, 0x0000, 0x0000, 0x0000, 0x0000,
    0x0000, 0x0000, 0x0000, 0x0000, 0x0000, 0x0000, 0x0000, 0x0000, 0x0000, 0x0000, 0x0000, 0x0000, 0x0000, 0x0000, 0x0000, 0x0000,
    0x0000, 0x0000, 0x0000, 0x0000, 0x0000, 0x0000, 0x0000, 0x0000, 0x0000, 0x0000, 0x0000, 0x0000, 0x0000, 0x0000, 0x0000, 0x0000,
    0x0000, 0x0000, 0x0000, 0x0000, 0x0000, 0x0000, 0x0000, 0x0000, 0x0000, 0x0000, 0x0000, 0x0000, 0x0000, 0x0000, 0x0000, 0x0000,
    0x0000, 0x0000, 0x0000, 0x0000, 0x0000, 0x0000, 0x0000, 0x0000, 0x0000, 0x0000, 0x0000, 0x0000, 0x0000, 0x0000, 0x0000, 0x0000,
    0x0000, 0x0000, 0x0000, 0x0000, 0x0000, 0x0000, 0xA4F6, 0x9516, 0x9CD6, 0xBDF9, 0xCE7C, 0xBD9A, 0xC579, 0xCD99, 0xC558, 0xBD17,
    0xBCD6, 0xBCD6, 0xBCD6, 0xC4B6, 0xC4B6, 0xC4B6, 0xC4B6, 0xCCB6, 0xCCD6, 0xCCD6, 0xD4D6, 0xD4D6, 0xDCF6, 0xDCF6, 0xE516, 0xED37,
    0xF577, 0xF5B8, 0xFE7B, 0xFF1D, 0xFEBC, 0xFE3A, 0xFDF9, 0xFDD9, 0xFDD9, 0xF5D9, 0xF5D9, 0xF5B9, 0xF5B8, 0xF598, 0xF598, 0xF598,
    0xF598, 0xF5B8, 0xF5D9, 0xFDF9, 0xFE3A, 0xFE7C, 0xFE9C, 0xFE9C, 0xFE7B, 0xFEDC, 0xFEFD, 0xFE9C, 0xFE7B, 0xF65B, 0xF61A, 0xF5D9,
    0xF598, 0xF598, 0xF578, 0xF578, 0xF578, 0xED78, 0xED78, 0xED78, 0xED78, 0xF578, 0xF598, 0xF5B8, 0xF5D9, 0xF5F9, 0xFE1A, 0xFE3A,
    0xFE9B, 0xFF9E, 0xFFBE, 0xFEBC, 0xFE5A, 0xFE3A, 0xFE3A, 0xFE3A, 0xFE3A, 0xFE1A, 0xFE39, 0xF619, 0xEDD8, 0xE577, 0xDD57, 0xE577,
    0xE5B7, 0xEDD8, 0xF639, 0xF6DA, 0xFF5C, 0xFFDF, 0xFFFF, 0xFFFF, 0xFFFF, 0xFFFF, 0xF7BE, 0xE6DB, 0x0000, 0xA432, 0x0000, 0x0000,
    0x0000, 0x0000, 0x0000, 0x0000, 0x0000, 0x0000, 0x0000, 0x0000, 0x0000, 0x0000, 0x0000, 0x0000, 0x0000, 0x0000, 0x0000, 0x0000,
    0x0000, 0x0000, 0x0000, 0x0000, 0x0000, 0x0000, 0x0000, 0x0000, 0x0000, 0x0000, 0x0000, 0x0000, 0x0000, 0x0000, 0x0000, 0x0000,
    0x0000, 0x0000, 0x0000, 0x0000, 0x0000, 0x0000, 0x0000, 0x0000, 0x0000, 0x0000, 0x0000, 0x0000, 0x0000, 0x0000, 0x0000, 0x0000,
    0x0000, 0x0000, 0x0000, 0x0000, 0x0000, 0x0000, 0x0000, 0x0000, 0x0000, 0x0000, 0x0000, 0x0000, 0x0000, 0x0000, 0x0000, 0x0000,
    0x0000, 0x0000, 0x0000, 0x0000, 0x0000, 0x0000, 0x0000, 0x0000, 0x0000, 0x0000, 0x0000, 0x0000, 0x0000, 0x0000, 0x0000, 0x0000,
    0x0000, 0x0000, 0x0000, 0x0000, 0x0000, 0x0000, 0x0000, 0x0000, 0x0000, 0x0000, 0x0000, 0x0000, 0x0000, 0x0000, 0x0000, 0x0000,
    0x0000, 0x0000, 0x0000, 0x0000, 0x0000, 0x0000, 0x0000, 0x0000, 0x0000, 0x0000, 0x0000, 0x0000, 0x0000, 0x0000, 0x0000, 0x0000,
    0x0000, 0x0000, 0x0000, 0x0000, 0x0000, 0x0000, 0x0000, 0x0000, 0x0000, 0x0000, 0x0000, 0x0000, 0x0000, 0x0000, 0x0000, 0x0000,
    0x0000, 0x0000, 0x0000, 0x0000, 0x0000, 0xB557, 0xAD57, 0x9495, 0xB5B9, 0xC65B, 0xBDBA, 0xCDBA, 0xDE1A, 0xD5FA, 0xD5B9, 0xC517,
    0xC4D6, 0xC4B6, 0xC4B5, 0xC4B5, 0xC4B5, 0xCCB5, 0xCCB5, 0xCCB5, 0xCCB5, 0xD4D6, 0xD4D6, 0xDCD6, 0xDCF6, 0xE516, 0xED16, 0xED57,
    0xF597, 0xFDD8, 0xFEDC, 0xFF1D, 0xFE9C, 0xFE1A, 0xFDD9, 0xFDD8, 0xFDD8, 0xF5F9, 0xF65A, 0xF5F9, 0xF598, 0xF598, 0xED78, 0xED78,
    0xED78, 0xED78, 0xF598, 0xF5B8, 0xFDD9, 0xFE3A, 0xFE7B, 0xFE7C, 0xFE7B, 0xFE9C, 0xFE9C, 0xF65B, 0xF63B, 0xF61A, 0xF5B9, 0xF598,
    0xF578, 0xF577, 0xED57, 0xED57, 0xED57, 0xED57, 0xED57, 0xED57, 0xED57, 0xED78, 0xF598, 0xF598, 0xF5B8, 0xF5D9, 0xFDF9, 0xFE1A,
    0xFE5B, 0xFF5D, 0xFFDF, 0xFF3D, 0xFE5A, 0xFE5A, 0xFE3A, 0xFE3A, 0xFE3A, 0xFE39, 0xFE39, 0xFE39, 0xFE39, 0xF5F8, 0xE577, 0xE557,
    0xE577, 0xE5B7, 0xEDD8, 0xF659, 0xFEFB, 0xFFBE, 0xFFFF, 0xFFFF, 0xFFFF, 0xFFFF, 0xFFFF, 0xEF5D, 0xD639, 0xD639, 0xD619, 0x0000,
    0x0000, 0x0000, 0x0000, 0x0000, 0x0000, 0x0000, 0x0000, 0x0000, 0x0000, 0x0000, 0x0000, 0x0000, 0x0000, 0x0000, 0x0000, 0x0000,
    0x0000, 0x0000, 0x0000, 0x0000, 0x0000, 0x0000, 0x0000, 0x0000, 0x0000, 0x0000, 0x0000, 0x0000, 0x0000, 0x0000, 0x0000, 0x0000,
    0x0000, 0x0000, 0x0000, 0x0000, 0x0000, 0x0000, 0x0000, 0x0000, 0x0000, 0x0000, 0x0000, 0x0000, 0x0000, 0x0000, 0x0000, 0x0000,
    0x0000, 0x0000, 0x0000, 0x0000, 0x0000, 0x0000, 0x0000, 0x0000, 0x0000, 0x0000, 0x0000, 0x0000, 0x0000, 0x0000, 0x0000, 0x0000,
    0x0000, 0x0000, 0x0000, 0x0000, 0x0000, 0x0000, 0x0000, 0x0000, 0x0000, 0x0000, 0x0000, 0x0000, 0x0000, 0x0000, 0x0000, 0x0000,
    0x0000, 0x0000, 0x0000, 0x0000, 0x0000, 0x0000, 0x0000, 0x0000, 0x0000, 0x0000, 0x0000, 0x0000, 0x0000, 0x0000, 0x0000, 0x0000,
    0x0000, 0x0000, 0x0000, 0x0000, 0x0000, 0x0000, 0x0000, 0x0000, 0x0000, 0x0000, 0x0000, 0x0000, 0x0000, 0x0000, 0x0000, 0x0000,
    0x0000, 0x0000, 0x0000, 0x0000, 0x0000, 0x0000, 0x0000, 0x0000, 0x0000, 0x0000, 0x0000, 0x0000, 0x0000, 0x0000, 0x0000, 0x0000,
    0x0000, 0x0000, 0x0000, 0x0000, 0xA4F5, 0xAD37, 0xAD16, 0xAD77, 0xC61A, 0xBDDA, 0xCDDA, 0xE65B, 0xE63A, 0xDDD9, 0xD578, 0xC4D6,
    0xC4B5, 0xC4B5, 0xC4B5, 0xCCB5, 0xCCB5, 0xCCB5, 0xCCB5, 0xCCB5, 0xD4B5, 0xD4D5, 0xDCD5, 0xDCF6, 0xE4F6, 0xE516, 0xED36, 0xF557,
    0xF597, 0xFDF8, 0xFEBB, 0xFEFD, 0xFE9B, 0xFE19, 0xFDD8, 0xFDD8, 0xFDD8, 0xF5B8, 0xF5B8, 0xF5B8, 0xF598, 0xF598, 0xED78, 0xED77,
    0xED57, 0xED57, 0xED78, 0xF578, 0xF5B8, 0xFDF9, 0xFE3B, 0xFE7B, 0xFE5B, 0xFE5B, 0xF63B, 0xF61A, 0xF61A, 0xF5B9, 0xF598, 0xF577,
    0xF557, 0xED37, 0xED37, 0xED37, 0xED37, 0xED37, 0xED57, 0xF5B7, 0xED57, 0xED78, 0xF578, 0xF598, 0xF5B8, 0xFDD9, 0xFDF9, 0xFE19,
    0xFE5A, 0xFF1C, 0xFFDF, 0xFF7E, 0xFE7B, 0xFE5A, 0xFE3A, 0xFE39, 0xFE39, 0xFE39, 0xFE39, 0xFE39, 0xFE39, 0xFE39, 0xF5D8, 0xE556,
    0xE557, 0xE577, 0xEDB7, 0xEDD8, 0xF679, 0xFF5C, 0xFFDE, 0xFFFF, 0xFFFF, 0xFFFF, 0xFFFF, 0xF7BE, 0xE71C, 0x6969, 0xD619, 0xCDF8,
    0x0000, 0x0000, 0x0000, 0x0000, 0x0000, 0x0000, 0x0000, 0x0000, 0x0000, 0x0000, 0x0000, 0x0000, 0x0000, 0x0000, 0x0000, 0x0000,
    0x0000, 0x0000, 0x0000, 0x0000, 0x0000, 0x0000, 0x0000, 0x0000, 0x0000, 0x0000, 0x0000, 0x0000, 0x0000, 0x0000, 0x0000, 0x0000,
    0x0000, 0x0000, 0x0000, 0x0000, 0x0000, 0x0000, 0x0000, 0x0000, 0x0000, 0x0000, 0x0000, 0x0000, 0x0000, 0x0000, 0x0000, 0x0000,
    0x0000, 0x0000, 0x0000, 0x0000, 0x0000, 0x0000, 0x0000, 0x0000, 0x0000, 0x0000, 0x0000, 0x0000, 0x0000, 0x0000, 0x0000, 0x0000,
    0x0000, 0x0000, 0x0000, 0x0000, 0x0000, 0x0000, 0x0000, 0x0000, 0x0000, 0x0000, 0x0000, 0x0000, 0x0000, 0x0000, 0x0000, 0x0000,
    0x0000, 0x0000, 0x0000, 0x0000, 0x0000, 0x0000, 0x0000, 0x0000, 0x0000, 0x0000, 0x0000, 0x0000, 0x0000, 0x0000, 0x0000, 0x0000,
    0x0000, 0x0000, 0x0000, 0x0000, 0x0000, 0x0000, 0x0000, 0x0000, 0x0000, 0x0000, 0x0000, 0x0000, 0x0000, 0x0000, 0x0000, 0x0000,
    0x0000, 0x0000, 0x0000, 0x0000, 0x0000, 0x0000, 0x0000, 0x0000, 0x0000, 0x0000, 0x0000, 0x0000, 0x0000, 0x0000, 0x0000, 0x0000,
    0x0000, 0x0000, 0x0000, 0x0000, 0x6B51, 0xAD57, 0xA536, 0xBDD9, 0xBDDA, 0xCDDA, 0xE65B, 0xE65B, 0xE61A, 0xDDB9, 0xCD17, 0xC4B5,
    0xC4B5, 0xCCB5, 0xCCB5, 0xCCB5, 0xCCB5, 0xCCB5, 0xCCB5, 0xD4B5, 0xD4B5, 0xDCD5, 0xDCD5, 0xE4F5, 0xE4F6, 0xED16, 0xED36, 0xF556,
    0xF597, 0xFDF8, 0xFE7A, 0xFEDC, 0xFE7B, 0xFE19, 0xFDF8, 0xFDD8, 0xFDD8, 0xFDD8, 0xF5B8, 0xF5B8, 0xF598, 0xF598, 0xF578, 0xED77,
    0xED57, 0xED57, 0xED57, 0xED57, 0xF578, 0xF5B8, 0xFDF9, 0xFE5B, 0xFE5B, 0xFE3B, 0xF61A, 0xF61A, 0xF5F9, 0xF598, 0xF577, 0xF557,
    0xED37, 0xED36, 0xED16, 0xED16, 0xED16, 0xED37, 0xED37, 0xED77, 0xED57, 0xED77, 0xF598, 0xF5B8, 0xF5B8, 0xFDD8, 0xFDF9, 0xFE19,
    0xFE3A, 0xFEFC, 0xFFDE, 0xFF9E, 0xFE9B, 0xFE5A, 0xFE39, 0xFE39, 0xFE19, 0xFE19, 0xFE19, 0xFE39, 0xFE39, 0xFE39, 0xFE39, 0xEDB7,
    0xE556, 0xE577, 0xE597, 0xEDB7, 0xEDF8, 0xF6DA, 0xFF9D, 0xFFDE, 0xFFDF, 0xFFFF, 0xFFFF, 0xFFFF, 0xF77D, 0xDE7A, 0xE6DB, 0xA412,
    0x0000, 0x0000, 0x0000, 0x0000, 0x0000, 0x0000, 0x0000, 0x0000, 0x0000, 0x0000, 0x0000, 0x0000, 0x0000, 0x0000, 0x0000, 0x0000,
    0x0000, 0x0000, 0x0000, 0x0000, 0x0000, 0x0000, 0x0000, 0x0000, 0x0000, 0x0000, 0x0000, 0x0000, 0x0000, 0x0000, 0x0000, 0x0000,
    0x0000, 0x0000, 0x0000, 0x0000, 0x0000, 0x0000, 0x0000, 0x0000, 0x0000, 0x0000, 0x0000, 0x0000, 0x0000, 0x0000, 0x0000, 0x0000,
    0x0000, 0x0000, 0x0000, 0x0000, 0x0000, 0x0000, 0x0000, 0x0000, 0x0000, 0x0000, 0x0000, 0x0000, 0x0000, 0x0000, 0x0000, 0x0000,
    0x0000, 0x0000, 0x0000, 0x0000, 0x0000, 0x0000, 0x0000, 0x0000, 0x0000, 0x0000, 0x0000, 0x0000, 0x0000, 0x0000, 0x0000, 0x0000,
    0x0000, 0x0000, 0x0000, 0x0000, 0x0000, 0x0000, 0x0000, 0x0000, 0x0000, 0x0000, 0x0000, 0x0000, 0x0000, 0x0000, 0x0000, 0x0000,
    0x0000, 0x0000, 0x0000, 0x0000, 0x0000, 0x0000, 0x0000, 0x0000, 0x0000, 0x0000, 0x0000, 0x0000, 0x0000, 0x0000, 0x0000, 0x0000,
    0x0000, 0x0000, 0x0000, 0x0000, 0x0000, 0x0000, 0x0000, 0x0000, 0x0000, 0x0000, 0x0000, 0x0000, 0x0000, 0x0000, 0x0000, 0x0000,
    0x0000, 0x0000, 0x0000, 0xB557, 0xAD36, 0xA4D5, 0xB598, 0xBDB9, 0xC5DA, 0xE67B, 0xEE7B, 0xEE3A, 0xE5F9, 0xDD98, 0xCCF6, 0xCCB5,
    0xCCB5, 0xCCB5, 0xCC95, 0xCC95, 0xCC95, 0xD495, 0xD495, 0xD4B5, 0xDCB5, 0xDCD5, 0xE4D5, 0xE4F5, 0xECF5, 0xED16, 0xF536, 0xF556,
    0xF597, 0xFDF8, 0xFE39, 0xFE9B, 0xFE7A, 0xFE19, 0xFDF8, 0xFDD8, 0xFDD8, 0xFDD8, 0xFDD8, 0xF5B8, 0xF5B8, 0xF598, 0xF598, 0xED77,
    0xED57, 0xED37, 0xED37, 0xED37, 0xED57, 0xF577, 0xF5B8, 0xFE1A, 0xFE5B, 0xFE3A, 0xFE3B, 0xF61A, 0xF5D9, 0xF578, 0xF557, 0xED36,
    0xED16, 0xED16, 0xED16, 0xED16, 0xED16, 0xED37, 0xED57, 0xED57, 0xED77, 0xF578, 0xF598, 0xF5B8, 0xF5D8, 0xFDD8, 0xFDF8, 0xFE19,
    0xFE39, 0xFEDC, 0xFF9E, 0xFF7D, 0xFE9A, 0xFE59, 0xFE39, 0xFE39, 0xFE19, 0xFE19, 0xFE18, 0xFE18, 0xFE18, 0xFE18, 0xFE39, 0xF618,
    0xE577, 0xE556, 0xE576, 0xE597, 0xEDB7, 0xEE38, 0xFF1B, 0xFF7C, 0xFF7D, 0xFFDF, 0xFFFF, 0xFFFF, 0xF7BE, 0xE71C, 0xFFFF, 0xD659,
    0x0000, 0x0000, 0x0000, 0x0000, 0x0000, 0x0000, 0x0000, 0x0000, 0x0000, 0x0000, 0x0000, 0x0000, 0x0000, 0x0000, 0x0000, 0x0000,
    0x0000, 0x0000, 0x0000, 0x0000, 0x0000, 0x0000, 0x0000, 0x0000, 0x0000, 0x0000, 0x0000, 0x0000, 0x0000, 0x0000, 0x0000, 0x0000,
    0x0000, 0x0000, 0x0000, 0x0000, 0x0000, 0x0000, 0x0000, 0x0000, 0x0000, 0x0000, 0x0000, 0x0000, 0x0000, 0x0000, 0x0000, 0x0000,
    0x0000, 0x0000, 0x0000, 0x0000, 0x0000, 0x0000, 0x0000, 0x0000, 0x0000, 0x0000, 0x0000, 0x0000, 0x0000, 0x0000, 0x0000, 0x0000,
    0x0000, 0x0000, 0x0000, 0x0000, 0x0000, 0x0000, 0x0000, 0x0000, 0x0000, 0x0000, 0x0000, 0x0000, 0x0000, 0x0000, 0x0000, 0x0000,
    0x0000, 0x0000, 0x0000, 0x0000, 0x0000, 0x0000, 0x0000, 0x0000, 0x0000, 0x0000, 0x0000, 0x0000, 0x0000, 0x0000, 0x0000, 0x0000,
    0x0000, 0x0000, 0x0000, 0x0000, 0x0000, 0x0000, 0x0000, 0x0000, 0x0000, 0x0000, 0x0000, 0x0000, 0x0000, 0x0000, 0x0000, 0x0000,
    0x0000, 0x0000, 0x0000, 0x0000, 0x0000, 0x0000, 0x0000, 0x0000, 0x0000, 0x0000, 0x0000, 0x0000, 0x0000, 0x0000, 0x0000, 0x0000,
    0x0000, 0x0000, 0x0000, 0xB557, 0xBDB9, 0xB577, 0xB599, 0xBD9A, 0xE65B, 0xEE9C, 0xEE5B, 0xEE1A, 0xE5D9, 0xDD77, 0xCCB5, 0xCCB5,
    0xCCB5, 0xCC95, 0xCC95, 0xCC95, 0xD494, 0xD494, 0xD494, 0xDCB4, 0xDCB5, 0xDCD5, 0xE4D5, 0xE4F5, 0xECF5, 0xED16, 0xF536, 0xF556,
    0xF597, 0xFDD8, 0xFE19, 0xFE39, 0xFE39, 0xFE18, 0xFDF8, 0xFDF8, 0xFDF8, 0xFDD8, 0xFDD8, 0xFDD8, 0xF5B8, 0xF5B8, 0xF598, 0xF578,
    0xED57, 0xED57, 0xED37, 0xED37, 0xED36, 0xED57, 0xF597, 0xFDD8, 0xFE3A, 0xFE5A, 0xFE7B, 0xFE3B, 0xF5D9, 0xF557, 0xED36, 0xED16,
    0xED16, 0xED16, 0xED16, 0xED16, 0xED37, 0xED37, 0xED57, 0xF577, 0xF597, 0xF598, 0xF5B8, 0xF5B8, 0xFDD8, 0xFDD8, 0xFDF8, 0xFE19,
    0xFE39, 0xFEDC, 0xFF3D, 0xFF1C, 0xFE7A, 0xFE39, 0xFE39, 0xFE19, 0xFE18, 0xFE18, 0xFE18, 0xFE18, 0xFE18, 0xFE18, 0xFE18, 0xFE39,
    0xEDB7, 0xE556, 0xE556, 0xE576, 0xE597, 0xEDB7, 0xF699, 0xFF1B, 0xFEDA, 0xFF9D, 0xFFFF, 0xFFFF, 0xFFFF, 0xEF5D, 0xD639, 0xE71C,
    0x0000, 0x0000, 0x0000, 0x0000, 0x0000, 0x0000, 0x0000, 0x0000, 0x0000, 0x0000, 0x0000, 0x0000, 0x0000, 0x0000, 0x0000, 0x0000,
    0x0000, 0x0000, 0x0000, 0x0000, 0x0000, 0x0000, 0x0000, 0x0000, 0x0000, 0x0000, 0x0000, 0x0000, 0x0000, 0x0000, 0x0000, 0x0000,
    0x0000, 0x0000, 0x0000, 0x0000, 0x0000, 0x0000, 0x0000, 0x0000, 0x0000, 0x0000, 0x0000, 0x0000, 0x0000, 0x0000, 0x0000, 0x0000,
    0x0000, 0x0000, 0x0000, 0x0000, 0x0000, 0x0000, 0x0000, 0x0000, 0x0000, 0x0000, 0x0000, 0x0000, 0x0000, 0x0000, 0x0000, 0x0000,
    0x0000, 0x0000, 0x0000, 0x0000, 0x0000, 0x0000, 0x0000, 0x0000, 0x0000, 0x0000, 0x0000, 0x0000, 0x0000, 0x0000, 0x0000, 0x0000,
    0x0000, 0x0000, 0x0000, 0x0000, 0x0000, 0x0000, 0x0000, 0x0000, 0x0000, 0x0000, 0x0000, 0x0000, 0x0000, 0x0000, 0x0000, 0x0000,
    0x0000, 0x0000, 0x0000, 0x0000, 0x0000, 0x0000, 0x0000, 0x0000, 0x0000, 0x0000, 0x0000, 0x0000, 0x0000, 0x0000, 0x0000, 0x0000,
    0x0000, 0x0000, 0x0000, 0x0000, 0x0000, 0x0000, 0x0000, 0x0000, 0x0000, 0x0000, 0x0000, 0x0000, 0x0000, 0x0000, 0x0000, 0x0000,
    0x0000, 0x0000, 0x0000, 0xB578, 0xBD77, 0xB578, 0xB579, 0xD61A, 0xEE9B, 0xEE7B, 0xEE5A, 0xEE19, 0xE5B8, 0xDD36, 0xCCB5, 0xCCB4,
    0xCC94, 0xCC94, 0xD494, 0xD494, 0xD494, 0xD494, 0xD494, 0xDCB4, 0xDCB4, 0xE4D4, 0xE4D5, 0xE4F5, 0xECF5, 0xED15, 0xF536, 0xF556,
    0xF576, 0xFDB7, 0xFDF8, 0xFE19, 0xFE19, 0xFE18, 0xFDF8, 0xFDF8, 0xFDF8, 0xFDF8, 0xFDD8, 0xFDD8, 0xFDD8, 0xF5B8, 0xF5B8, 0xF598,
    0xF577, 0xED57, 0xED37, 0xED37, 0xED36, 0xED36, 0xED57, 0xF5B8, 0xFE19, 0xFE5A, 0xFE7B, 0xFE5B, 0xF5B8, 0xF537, 0xED16, 0xED16,
    0xED16, 0xED16, 0xED16, 0xED36, 0xED37, 0xF557, 0xF577, 0xF597, 0xF598, 0xF5B8, 0xF5B8, 0xFDD8, 0xFDD8, 0xFDF8, 0xFDF8, 0xFE19,
    0xFE5A, 0xFEDC, 0xFEFC, 0xFEBB, 0xFE59, 0xFE39, 0xFE39, 0xFE18, 0xFE18, 0xFE18, 0xFE18, 0xFE18, 0xFE18, 0xFE18, 0xFE18, 0xFE38,
    0xF5F8, 0xE556, 0xE556, 0xE556, 0xE576, 0xED97, 0xEDF8, 0xF6DA, 0xFE99, 0xFEFA, 0xFFBE, 0xFFFF, 0xFFFF, 0xF79E, 0xDE9A, 0xF77D,
    0xC515, 0x0000, 0x0000, 0x0000, 0x0000, 0x0000, 0x0000, 0x0000, 0x0000, 0x0000, 0x0000, 0x0000, 0x0000, 0x0000, 0x0000, 0x0000,
    0x0000, 0x0000, 0x0000, 0x0000, 0x0000, 0x0000, 0x0000, 0x0000, 0x0000, 0x0000, 0x0000, 0x0000, 0x0000, 0x0000, 0x0000, 0x0000,
    0x0000, 0x0000, 0x0000, 0x0000, 0x0000, 0x0000, 0x0000, 0x0000, 0x0000, 0x0000, 0x0000, 0x0000, 0x0000, 0x0000, 0x0000, 0x0000,
    0x0000, 0x0000, 0x0000, 0x0000, 0x0000, 0x0000, 0x0000, 0x0000, 0x0000, 0x0000, 0x0000, 0x0000, 0x0000, 0x0000, 0x0000, 0x0000,
    0x0000, 0x0000, 0x0000, 0x0000, 0x0000, 0x0000, 0x0000, 0x0000, 0x0000, 0x0000, 0x0000, 0x0000, 0x0000, 0x0000, 0x0000, 0x0000,
    0x0000, 0x0000, 0x0000, 0x0000, 0x0000, 0x0000, 0x0000, 0x0000, 0x0000, 0x0000, 0x0000, 0x0000, 0x0000, 0x0000, 0x0000, 0x0000,
    0x0000, 0x0000, 0x0000, 0x0000, 0x0000, 0x0000, 0x0000, 0x0000, 0x0000, 0x0000, 0x0000, 0x0000, 0x0000, 0x0000, 0x0000, 0x0000,
    0x0000, 0x0000, 0x0000, 0x0000, 0x0000, 0x0000, 0x0000, 0x0000, 0x0000, 0x0000, 0x0000, 0x0000, 0x0000, 0x0000, 0x0000, 0x0000,
    0x0000, 0x0000, 0xD618, 0xB578, 0xB578, 0xB558, 0xC5B9, 0xEE7B, 0xEE7B, 0xEE5A, 0xEE3A, 0xEDD9, 0xE598, 0xD4F5, 0xD4B4, 0xCC94,
    0xD494, 0xD494, 0xD494, 0xD494, 0xD494, 0xD494, 0xDC94, 0xDC94, 0xE4B4, 0xE4B4, 0xE4D4, 0xECD5, 0xECF5, 0xF515, 0xF515, 0xF536,
    0xF576, 0xF597, 0xFDD7, 0xFE18, 0xFE79, 0xFE7A, 0xFE18, 0xFDF8, 0xFDF8, 0xFDF8, 0xFDF9, 0xFDF8, 0xFDD8, 0xFDD8, 0xFDB8, 0xF598,
    0xF598, 0xF577, 0xED57, 0xED37, 0xED36, 0xED16, 0xED36, 0xF577, 0xFDF8, 0xFE3A, 0xFE7B, 0xFE5B, 0xF5B8, 0xED36, 0xED16, 0xED16,
    0xED16, 0xED16, 0xED36, 0xED37, 0xF557, 0xF577, 0xF598, 0xF598, 0xF5B8, 0xFDB8, 0xFDD8, 0xFDD8, 0xFDF8, 0xFDF8, 0xFE18, 0xFE39,
    0xFE9B, 0xFEDC, 0xFEDB, 0xFE5A, 0xFE39, 0xFE39, 0xFE18, 0xFE18, 0xFE18, 0xFE18, 0xFE18, 0xFE18, 0xFE18, 0xFE18, 0xFE18, 0xFE18,
    0xFE18, 0xED76, 0xE556, 0xE556, 0xE556, 0xE576, 0xED97, 0xF618, 0xFE79, 0xFE78, 0xFF5C, 0xFFDF, 0xFFFF, 0xFFBE, 0xE6BA, 0x9AEE,
    0xBCF5, 0x0000, 0x0000, 0x0000, 0x0000, 0x0000, 0x0000, 0x0000, 0x0000, 0x0000, 0x0000, 0x0000, 0x0000, 0x0000, 0x0000, 0x0000,
    0x0000, 0x0000, 0x0000, 0x0000, 0x0000, 0x0000, 0x0000, 0x0000, 0x0000, 0x0000, 0x0000, 0x0000, 0x0000, 0x0000, 0x0000, 0x0000,
    0x0000, 0x0000, 0x0000, 0x0000, 0x0000, 0x0000, 0x0000, 0x0000, 0x0000, 0x0000, 0x0000, 0x0000, 0x0000, 0x0000, 0x0000, 0x0000,
    0x0000, 0x0000, 0x0000, 0x0000, 0x0000, 0x0000, 0x0000, 0x0000, 0x0000, 0x0000, 0x0000, 0x0000, 0x0000, 0x0000, 0x0000, 0x0000,
    0x0000, 0x0000, 0x0000, 0x0000, 0x0000, 0x0000, 0x0000, 0x0000, 0x0000, 0x0000, 0x0000, 0x0000, 0x0000, 0x0000, 0x0000, 0x0000,
    0x0000, 0x0000, 0x0000, 0x0000, 0x0000, 0x0000, 0x0000, 0x0000, 0x0000, 0x0000, 0x0000, 0x0000, 0x0000, 0x0000, 0x0000, 0x0000,
    0x0000, 0x0000, 0x0000, 0x0000, 0x0000, 0x0000, 0x0000, 0x0000, 0x0000, 0x0000, 0x0000, 0x0000, 0x0000, 0x0000, 0x0000, 0x0000,
    0x0000, 0x0000, 0x0000, 0x0000, 0x0000, 0x0000, 0x0000, 0x0000, 0x0000, 0x0000, 0x0000, 0x0000, 0x0000, 0x0000, 0x0000, 0x0000,
    0x0000, 0x0000, 0xD638, 0xE678, 0xAD17, 0xB558, 0xDE1A, 0xEE7B, 0xEE7A, 0xEE3A, 0xEE19, 0xEDF8, 0xE577, 0xD4D5, 0xD494, 0xD494,
    0xD494, 0xD494, 0xD494, 0xD494, 0xD494, 0xDC94, 0xDC94, 0xDC94, 0xE4B4, 0xE4B4, 0xECD4, 0xECD4, 0xECF5, 0xF4F5, 0xF515, 0xF535,
    0xF556, 0xF576, 0xFD96, 0xFDD7, 0xFE79, 0xFF3C, 0xFEFB, 0xFE39, 0xFE19, 0xFE19, 0xFE19, 0xFDF9, 0xFDF9, 0xFDF9, 0xFDD9, 0xFDB8,
    0xF598, 0xF598, 0xF577, 0xED57, 0xED36, 0xED16, 0xED16, 0xED56, 0xF5B8, 0xFE39, 0xFE7B, 0xFE5A, 0xF598, 0xED36, 0xED16, 0xED16,
    0xED16, 0xED36, 0xED57, 0xF557, 0xF578, 0xF598, 0xF5B8, 0xFDB8, 0xFDD8, 0xFDD8, 0xFDD8, 0xFDF8, 0xFDF8, 0xFE18, 0xFE39, 0xFE9B,
    0xFEDB, 0xFEDB, 0xFE7A, 0xFE39, 0xFE18, 0xFE18, 0xFE18, 0xFE18, 0xFE18, 0xFDF8, 0xFDF7, 0xFE18, 0xFE18, 0xFE18, 0xFE18, 0xFE18,
    0xFE18, 0xED97, 0xE536, 0xE536, 0xE556, 0xE576, 0xE596, 0xEDB7, 0xF617, 0xFE37, 0xFEDA, 0xFFBE, 0xFFFF, 0xFFDF, 0xEEDB, 0xD556,
    0xD577, 0x0000, 0x0000, 0x0000, 0x0000, 0x0000, 0x0000, 0x0000, 0x0000, 0x0000, 0x0000, 0x0000, 0x0000, 0x0000, 0x0000, 0x0000,
    0x0000, 0x0000, 0x0000, 0x0000, 0x0000, 0x0000, 0x0000, 0x0000, 0x0000, 0x0000, 0x0000, 0x0000, 0x0000, 0x0000, 0x0000, 0x0000,
    0x0000, 0x0000, 0x0000, 0x0000, 0x0000, 0x0000, 0x0000, 0x0000, 0x0000, 0x0000, 0x0000, 0x0000, 0x0000, 0x0000, 0x0000, 0x0000,
    0x0000, 0x0000, 0x0000, 0x0000, 0x0000, 0x0000, 0x0000, 0x0000, 0x0000, 0x0000, 0x0000, 0x0000, 0x0000, 0x0000, 0x0000, 0x0000,
    0x0000, 0x0000, 0x0000, 0x0000, 0x0000, 0x0000, 0x0000, 0x0000, 0x0000, 0x0000, 0x0000, 0x0000, 0x0000, 0x0000, 0x0000, 0x0000,
    0x0000, 0x0000, 0x0000, 0x0000, 0x0000, 0x0000, 0x0000, 0x0000, 0x0000, 0x0000, 0x0000, 0x0000, 0x0000, 0x0000, 0x0000, 0x0000,
    0x0000, 0x0000, 0x0000, 0x0000, 0x0000, 0x0000, 0x0000, 0x0000, 0x0000, 0x0000, 0x0000, 0x0000, 0x0000, 0x0000, 0x0000, 0x0000,
    0x0000, 0x0000, 0x0000, 0x0000, 0x0000, 0x0000, 0x0000, 0x0000, 0x0000, 0x0000, 0x0000, 0x0000, 0x0000, 0x0000, 0x0000, 0x0000,
    0x0000, 0xD619, 0xBD57, 0xB537, 0xACF7, 0xCD99, 0xEE7A, 0xF67A, 0xEE5A, 0xEE19, 0xEE19, 0xEE39, 0xE556, 0xD4B4, 0xD494, 0xD494,
    0xD494, 0xD494, 0xD494, 0xD494, 0xD494, 0xDC94, 0xDC94, 0xE494, 0xE494, 0xE4B4, 0xECB4, 0xECD4, 0xECD4, 0xF4F5, 0xF4F5, 0xF515,
    0xF535, 0xF536, 0xF556, 0xF576, 0xFDD7, 0xFE9A, 0xFF5D, 0xFF1C, 0xFE59, 0xFE19, 0xFE19, 0xFE19, 0xFE19, 0xFDF9, 0xFDF9, 0xFDD9,
    0xFDD8, 0xF5B8, 0xF598, 0xF577, 0xED57, 0xED36, 0xED16, 0xED36, 0xF597, 0xFE19, 0xFE7B, 0xFE5A, 0xF598, 0xED36, 0xED16, 0xED16,
    0xED16, 0xF557, 0xF577, 0xF598, 0xF5B8, 0xF5B8, 0xFDD8, 0xFDD8, 0xFDD8, 0xFDF8, 0xFDF8, 0xFE18, 0xFE19, 0xFE7A, 0xFF1C, 0xFF1C,
    0xFEBB, 0xFE7A, 0xFE18, 0xFE18, 0xFE18, 0xFE18, 0xFE18, 0xFDF8, 0xFDF7, 0xFDF7, 0xFDF7, 0xFDF7, 0xFDF8, 0xFE18, 0xFE18, 0xFE18,
    0xFE18, 0xEDB7, 0xE536, 0xE535, 0xE535, 0xE556, 0xE576, 0xED96, 0xF5D6, 0xFE17, 0xFE78, 0xFF7C, 0xFFFF, 0xFFDF, 0xF6FB, 0xDD97,
    0xDD97, 0xBE19, 0x0000, 0x0000, 0x0000, 0x0000, 0x0000, 0x0000, 0x0000, 0x0000, 0x0000, 0x0000, 0x0000, 0x0000, 0x0000, 0x0000,
    0x0000, 0x0000, 0x0000, 0x0000, 0x0000, 0x0000, 0x0000, 0x0000, 0x0000, 0x0000, 0x0000, 0x0000, 0x0000, 0x0000, 0x0000, 0x0000,
    0x0000, 0x0000, 0x0000, 0x0000, 0x0000, 0x0000, 0x0000, 0x0000, 0x0000, 0x0000, 0x0000, 0x0000, 0x0000, 0x0000, 0x0000, 0x0000,
    0x0000, 0x0000, 0x0000, 0x0000, 0x0000, 0x0000, 0x0000, 0x0000, 0x0000, 0x0000, 0x0000, 0x0000, 0x0000, 0x0000, 0x0000, 0x0000,
    0x0000, 0x0000, 0x0000, 0x0000, 0x0000, 0x0000, 0x0000, 0x0000, 0x0000, 0x0000, 0x0000, 0x0000, 0x0000, 0x0000, 0x0000, 0x0000,
    0x0000, 0x0000, 0x0000, 0x0000, 0x0000, 0x0000, 0x0000, 0x0000, 0x0000, 0x0000, 0x0000, 0x0000, 0x0000, 0x0000, 0x0000, 0x0000,
    0x0000, 0x0000, 0x0000, 0x0000, 0x0000, 0x0000, 0x0000, 0x0000, 0x0000, 0x0000, 0x0000, 0x0000, 0x0000, 0x0000, 0x0000, 0x0000,
    0x0000, 0x0000, 0x0000, 0x0000, 0x0000, 0x0000, 0x0000, 0x0000, 0x0000, 0x0000, 0x0000, 0x0000, 0x0000, 0x0000, 0x0000, 0x0000,
    0x0000, 0xDE79, 0xACB6, 0xB4F6, 0xB517, 0xDE19, 0xF67A, 0xF65A, 0xF639, 0xEE18, 0xEDF8, 0xEDD8, 0xE536, 0xD4B4, 0xD494, 0xD494,
    0xD494, 0xD494, 0xD494, 0xDC94, 0xDC94, 0xDC94, 0xDC94, 0xE494, 0xE494, 0xE4B4, 0xECB4, 0xECB4, 0xECD4, 0xF4D4, 0xF4F4, 0xF4F5,
    0xF515, 0xF515, 0xF515, 0xF535, 0xF556, 0xF596, 0xF618, 0xFEDB, 0xFEDB, 0xFE59, 0xFE19, 0xFE19, 0xFE19, 0xFE19, 0xFE19, 0xFDF9,
    0xFDF9, 0xFDD8, 0xF5B8, 0xF598, 0xF557, 0xED37, 0xED16, 0xED16, 0xF577, 0xFE19, 0xFE5A, 0xFE5A, 0xF598, 0xED36, 0xED16, 0xED16,
    0xF537, 0xF577, 0xF598, 0xF5B8, 0xFDB8, 0xFDD8, 0xFDD8, 0xFDF8, 0xFDF8, 0xFDF8, 0xFE18, 0xFE39, 0xFEDB, 0xFF7D, 0xFF7D, 0xFEDB,
    0xFE59, 0xFDF8, 0xFDF7, 0xFDF7, 0xFDF8, 0xFDF8, 0xFDF8, 0xFDF7, 0xFDF7, 0xFDF7, 0xFDF7, 0xFDF7, 0xFDF7, 0xFE17, 0xFE17, 0xFE17,
    0xFE18, 0xF5B7, 0xE535, 0xE535, 0xE535, 0xDD35, 0xE556, 0xED96, 0xF5B6, 0xFDF6, 0xFE57, 0xFF1A, 0xFFDE, 0xFFFF, 0xF71C, 0xE5B7,
    0xEDB7, 0xB63A, 0x0000, 0x0000, 0x0000, 0x0000, 0x0000, 0x0000, 0x0000, 0x0000, 0x0000, 0x0000, 0x0000, 0x0000, 0x0000, 0x0000,
    0x0000, 0x0000, 0x0000, 0x0000, 0x0000, 0x0000, 0x0000, 0x0000, 0x0000, 0x0000, 0x0000, 0x0000, 0x0000, 0x0000, 0x0000, 0x0000,
    0x0000, 0x0000, 0x0000, 0x0000, 0x0000, 0x0000, 0x0000, 0x0000, 0x0000, 0x0000, 0x0000, 0x0000, 0x0000, 0x0000, 0x0000, 0x0000,
    0x0000, 0x0000, 0x0000, 0x0000, 0x0000, 0x0000, 0x0000, 0x0000, 0x0000, 0x0000, 0x0000, 0x0000, 0x0000, 0x0000, 0x0000, 0x0000,
    0x0000, 0x0000, 0x0000, 0x0000, 0x0000, 0x0000, 0x0000, 0x0000, 0x0000, 0x0000, 0x0000, 0x0000, 0x0000, 0x0000, 0x0000, 0x0000,
    0x0000, 0x0000, 0x0000, 0x0000, 0x0000, 0x0000, 0x0000, 0x0000, 0x0000, 0x0000, 0x0000, 0x0000, 0x0000, 0x0000, 0x0000, 0x0000,
    0x0000, 0x0000, 0x0000, 0x0000, 0x0000, 0x0000, 0x0000, 0x0000, 0x0000, 0x0000, 0x0000, 0x0000, 0x0000, 0x0000, 0x0000, 0x0000,
    0x0000, 0x0000, 0x0000, 0x0000, 0x0000, 0x0000, 0x0000, 0x0000, 0x0000, 0x0000, 0x0000, 0x0000, 0x0000, 0x0000, 0x0000, 0x0000,
    0x0000, 0xC598, 0xFFFE, 0xB4F6, 0xC557, 0xEE5A, 0xF65A, 0xF639, 0xF619, 0xEDD8, 0xEDB7, 0xED76, 0xE515, 0xD4B4, 0xD494, 0xD494,
    0xD494, 0xD473, 0xDC93, 0xDC94, 0xDC93, 0xDC73, 0xE473, 0xE493, 0xE493, 0xEC94, 0xEC94, 0xECB4, 0xECB4, 0xECD4, 0xF4D4, 0xF4D4,
    0xF4D4, 0xF4F4, 0xF4F4, 0xF4F5, 0xF515, 0xF535, 0xF556, 0xF5B7, 0xF639, 0xFE39, 0xFE19, 0xFE19, 0xFE19, 0xFE19, 0xFE19, 0xFE19,
    0xFE19, 0xFDF9, 0xFDD9, 0xF5B8, 0xF598, 0xF557, 0xED36, 0xED16, 0xF557, 0xFDF9, 0xFE5A, 0xFE5A, 0xF598, 0xF537, 0xED16, 0xF536,
    0xF557, 0xF597, 0xF5B8, 0xFDD8, 0xFDD8, 0xFDF8, 0xFDF8, 0xFDF8, 0xFDF8, 0xFE18, 0xFE39, 0xFE9A, 0xFF1C, 0xFF1C, 0xFE9A, 0xFE18,
    0xFDD7, 0xFDB7, 0xFDD7, 0xFDD7, 0xFDD7, 0xFDF7, 0xFDF7, 0xFDF7, 0xFDF7, 0xFDF7, 0xFE17, 0xFE17, 0xFE17, 0xFE17, 0xFE17, 0xFE17,
    0xFE18, 0xF5B7, 0xE535, 0xE535, 0xDD35, 0xDD35, 0xE555, 0xED76, 0xF596, 0xFDD6, 0xFE17, 0xFEB9, 0xFFBE, 0xFFFF, 0xF6FC, 0xE5B8,
    0xFDB4, 0xCDD8, 0x0000, 0x0000, 0x0000, 0x0000, 0x0000, 0x0000, 0x0000, 0x0000, 0x0000, 0x0000, 0x0000, 0x0000, 0x0000, 0x0000,
    0x0000, 0x0000, 0x0000, 0x0000, 0x0000, 0x0000, 0x0000, 0x0000, 0x0000, 0x0000, 0x0000, 0x0000, 0x0000, 0x0000, 0x0000, 0x0000,
    0x0000, 0x0000, 0x0000, 0x0000, 0x0000, 0x0000, 0x0000, 0x0000, 0x0000, 0x0000, 0x0000, 0x0000, 0x0000, 0x0000, 0x0000, 0x0000,
    0x0000, 0x0000, 0x0000, 0x0000, 0x0000, 0x0000, 0x0000, 0x0000, 0x0000, 0x0000, 0x0000, 0x0000, 0x0000, 0x0000, 0x0000, 0x0000,
    0x0000, 0x0000, 0x0000, 0x0000, 0x0000, 0x0000, 0x0000, 0x0000, 0x0000, 0x0000, 0x0000, 0x0000, 0x0000, 0x0000, 0x0000, 0x0000,
    0x0000, 0x0000, 0x0000, 0x0000, 0x0000, 0x0000, 0x0000, 0x0000, 0x0000, 0x0000, 0x0000, 0x0000, 0x0000, 0x0000, 0x0000, 0x0000,
    0x0000, 0x0000, 0x0000, 0x0000, 0x0000, 0x0000, 0x0000, 0x0000, 0x0000, 0x0000, 0x0000, 0x0000, 0x0000, 0x0000, 0x0000, 0x0000,
    0x0000, 0x0000, 0x0000, 0x0000, 0x0000, 0x0000, 0x0000, 0x0000, 0x0000, 0x0000, 0x0000, 0x0000, 0x0000, 0x0000, 0x0000, 0x0000,
    0xEF3C, 0xBD37, 0xBD57, 0xB4D6, 0xD598, 0xF65A, 0xF639, 0xF619, 0xF5F8, 0xEDB7, 0xED76, 0xE556, 0xE4F5, 0xD493, 0xD493, 0xD493,
    0xD473, 0xDC73, 0xDC73, 0xDC73, 0xDC73, 0xE473, 0xE473, 0xE473, 0xE473, 0xE473, 0xEC93, 0xEC93, 0xEC93, 0xECB4, 0xECB4, 0xECB4,
    0xECB4, 0xECB4, 0xECB4, 0xECB4, 0xECD4, 0xECD4, 0xECF5, 0xF535, 0xF576, 0xF5D7, 0xFDF8, 0xFE19, 0xFE19, 0xFE19, 0xFE19, 0xFE39,
    0xFE39, 0xFE39, 0xFE19, 0xFDD8, 0xF5B8, 0xF577, 0xF536, 0xED36, 0xF556, 0xFDF8, 0xFE5A, 0xFE5A, 0xF5B8, 0xF557, 0xF536, 0xF557,
    0xF597, 0xF5B8, 0xFDD8, 0xFDF8, 0xFDF8, 0xFDF8, 0xFDF8, 0xFE18, 0xFE39, 0xFE7A, 0xFE9A, 0xFE9A, 0xFE7A, 0xFE18, 0xFDD7, 0xFD96,
    0xFD96, 0xFD96, 0xFD96, 0xFDB6, 0xFDB6, 0xFDD7, 0xFDF7, 0xFDF7, 0xFDF7, 0xFE17, 0xFE17, 0xFE17, 0xFE17, 0xFE17, 0xFE17, 0xFE17,
    0xFE17, 0xF5B7, 0xE535, 0xE535, 0xDD15, 0xDD35, 0xE535, 0xE555, 0xED95, 0xF5B6, 0xFE16, 0xFE98, 0xFF7C, 0xFFFF, 0xF6FB, 0xE5D8,
    0xB599, 0xD5B8, 0x0000, 0x0000, 0x0000, 0x0000, 0x0000, 0x0000, 0x0000, 0x0000, 0x0000, 0x0000, 0x0000, 0x0000, 0x0000, 0x0000,
    0x0000, 0x0000, 0x0000, 0x0000, 0x0000, 0x0000, 0x0000, 0x0000, 0x0000, 0x0000, 0x0000, 0x0000, 0x0000, 0x0000, 0x0000, 0x0000,
    0x0000, 0x0000, 0x0000, 0x0000, 0x0000, 0x0000, 0x0000, 0x0000, 0x0000, 0x0000, 0x0000, 0x0000, 0x0000, 0x0000, 0x0000, 0x0000,
    0x0000, 0x0000, 0x0000, 0x0000, 0x0000, 0x0000, 0x0000, 0x0000, 0x0000, 0x0000, 0x0000, 0x0000, 0x0000, 0x0000, 0x0000, 0x0000,
    0x0000, 0x0000, 0x0000, 0x0000, 0x0000, 0x0000, 0x0000, 0x0000, 0x0000, 0x0000, 0x0000, 0x0000, 0x0000, 0x0000, 0x0000, 0x0000,
    0x0000, 0x0000, 0x0000, 0x0000, 0x0000, 0x0000, 0x0000, 0x0000, 0x0000, 0x0000, 0x0000, 0x0000, 0x0000, 0x0000, 0x0000, 0x0000,
    0x0000, 0x0000, 0x0000, 0x0000, 0x0000, 0x0000, 0x0000, 0x0000, 0x0000, 0x0000, 0x0000, 0x0000, 0x0000, 0x0000, 0x0000, 0x0000,
    0x0000, 0x0000, 0x0000, 0x0000, 0x0000, 0x0000, 0x0000, 0x0000, 0x0000, 0x0000, 0x0000, 0x0000, 0x0000, 0x0000, 0x0000, 0x0000,
    0xF7DD, 0xB4B5, 0xB4F6, 0xBCD6, 0xDDD8, 0xF659, 0xF619, 0xF5F8, 0xF5B7, 0xED96, 0xED56, 0xE515, 0xDCD4, 0xDC93, 0xD493, 0xDC73,
    0xDC73, 0xDC73, 0xDC73, 0xDC73, 0xE473, 0xE473, 0xE473, 0xE473, 0xE473, 0xE473, 0xEC73, 0xEC73, 0xEC93, 0xEC93, 0xEC93, 0xEC93,
    0xEC93, 0xEC93, 0xEC93, 0xEC93, 0xEC93, 0xECB3, 0xECB4, 0xECD4, 0xECF5, 0xF535, 0xF576, 0xF5D8, 0xF5F8, 0xFE19, 0xFE19, 0xFE39,
    0xFE39, 0xFE59, 0xFE39, 0xFE19, 0xFDF8, 0xF598, 0xF557, 0xF536, 0xF556, 0xFDF8, 0xFE7A, 0xFE5A, 0xF5B8, 0xF577, 0xF577, 0xF597,
    0xF5B8, 0xFDD8, 0xFDF8, 0xFDF8, 0xFDF8, 0xFE18, 0xFE19, 0xFE59, 0xFE7A, 0xFE7A, 0xFE59, 0xFDF8, 0xFDB7, 0xFD96, 0xF576, 0xF575,
    0xF555, 0xF555, 0xF575, 0xFD95, 0xFDB6, 0xFDB6, 0xFDD7, 0xFDF7, 0xFDF7, 0xFE17, 0xFE17, 0xFE17, 0xFE17, 0xFE17, 0xFE17, 0xFE17,
    0xFE17, 0xF596, 0xE535, 0xE535, 0xDD15, 0xDD15, 0xDD35, 0xE555, 0xED75, 0xF5B5, 0xFDF6, 0xFE57, 0xFF3B, 0xFFDE, 0xF6DB, 0xE5B7,
    0xC598, 0xD598, 0x0000, 0x0000, 0x0000, 0x0000, 0x0000, 0x0000, 0x0000, 0x0000, 0x0000, 0x0000, 0x0000, 0x0000, 0x0000, 0x0000,
    0x0000, 0x0000, 0x0000, 0x0000, 0x0000, 0x0000, 0x0000, 0x0000, 0x0000, 0x0000, 0x0000, 0x0000, 0x0000, 0x0000, 0x0000, 0x0000,
    0x0000, 0x0000, 0x0000, 0x0000, 0x0000, 0x0000, 0x0000, 0x0000, 0x0000, 0x0000, 0x0000, 0x0000, 0x0000, 0x0000, 0x0000, 0x0000,
    0x0000, 0x0000, 0x0000, 0x0000, 0x0000, 0x0000, 0x0000, 0x0000, 0x0000, 0x0000, 0x0000, 0x0000, 0x0000, 0x0000, 0x0000, 0x0000,
    0x0000, 0x0000, 0x0000, 0x0000, 0x0000, 0x0000, 0x0000, 0x0000, 0x0000, 0x0000, 0x0000, 0x0000, 0x0000, 0x0000, 0x0000, 0x0000,
    0x0000, 0x0000, 0x0000, 0x0000, 0x0000, 0x0000, 0x0000, 0x0000, 0x0000, 0x0000, 0x0000, 0x0000, 0x0000, 0x0000, 0x0000, 0x0000,
    0x0000, 0x0000, 0x0000, 0x0000, 0x0000, 0x0000, 0x0000, 0x0000, 0x0000, 0x0000, 0x0000, 0x0000, 0x0000, 0x0000, 0x0000, 0x0000,
    0x0000, 0x0000, 0x0000, 0x0000, 0x0000, 0x0000, 0x0000, 0x0000, 0x0000, 0x0000, 0x0000, 0x0000, 0x0000, 0x0000, 0x0000, 0x0000,
    0xCDF8, 0xAC34, 0xB4D5, 0xBCD5, 0xE5F7, 0xF639, 0xF5F8, 0xF5D7, 0xED96, 0xED55, 0xE515, 0xE4D4, 0xDCB3, 0xDC93, 0xDC73, 0xDC73,
    0xDC73, 0xDC73, 0xDC53, 0xDC53, 0xE453, 0xE452, 0xE452, 0xE452, 0xE452, 0xE452, 0xEC53, 0xEC73, 0xEC73, 0xEC73, 0xEC73, 0xEC73,
    0xEC73, 0xEC72, 0xEC72, 0xEC72, 0xEC73, 0xEC93, 0xEC93, 0xECB3, 0xECD4, 0xECF4, 0xED15, 0xF556, 0xF5B7, 0xF5F8, 0xFE19, 0xFE39,
    0xFE39, 0xFE59, 0xFE5A, 0xFE5A, 0xFE19, 0xFDD8, 0xF597, 0xF556, 0xF556, 0xF5F8, 0xFE9B, 0xFE5A, 0xFDD8, 0xF597, 0xF597, 0xFDB8,
    0xFDD8, 0xFDF8, 0xFDF8, 0xFDF8, 0xFE19, 0xFE39, 0xFE79, 0xFE59, 0xFE18, 0xFDD7, 0xF596, 0xF576, 0xF575, 0xF555, 0xF555, 0xFD35,
    0xF535, 0xF534, 0xFD55, 0xFD75, 0xFD95, 0xFDB6, 0xFDD6, 0xFDF7, 0xFE17, 0xFE17, 0xFE17, 0xFE17, 0xFE17, 0xFE17, 0xFE17, 0xFE17,
    0xFE17, 0xED76, 0xE535, 0xE515, 0xDD14, 0xDD14, 0xDD14, 0xE535, 0xED75, 0xF595, 0xFDD6, 0xFE37, 0xFEFA, 0xFFBE, 0xF6BA, 0xE5B7,
    0xC557, 0xCD77, 0x0000, 0x0000, 0x0000, 0x0000, 0x0000, 0x0000, 0x0000, 0x0000, 0x0000, 0x0000, 0x0000, 0x0000, 0x0000, 0x0000,
    0x0000, 0x0000, 0x0000, 0x0000, 0x0000, 0x0000, 0x0000, 0x0000, 0x0000, 0x0000, 0x0000, 0x0000, 0x0000, 0x0000, 0x0000, 0x0000,
    0x0000, 0x0000, 0x0000, 0x0000, 0x0000, 0x0000, 0x0000, 0x0000, 0x0000, 0x0000, 0x0000, 0x0000, 0x0000, 0x0000, 0x0000, 0x0000,
    0x0000, 0x0000, 0x0000, 0x0000, 0x0000, 0x0000, 0x0000, 0x0000, 0x0000, 0x0000, 0x0000, 0x0000, 0x0000, 0x0000, 0x0000, 0x0000,
    0x0000, 0x0000, 0x0000, 0x0000, 0x0000, 0x0000, 0x0000, 0x0000, 0x0000, 0x0000, 0x0000, 0x0000, 0x0000, 0x0000, 0x0000, 0x0000,
    0x0000, 0x0000, 0x0000, 0x0000, 0x0000, 0x0000, 0x0000, 0x0000, 0x0000, 0x0000, 0x0000, 0x0000, 0x0000, 0x0000, 0x0000, 0x0000,
    0x0000, 0x0000, 0x0000, 0x0000, 0x0000, 0x0000, 0x0000, 0x0000, 0x0000, 0x0000, 0x0000, 0x0000, 0x0000, 0x0000, 0x0000, 0x0000,
    0x0000, 0x0000, 0x0000, 0x0000, 0x0000, 0x0000, 0x0000, 0x0000, 0x0000, 0x0000, 0x0000, 0x0000, 0x0000, 0x0000, 0x0000, 0x0000,
    0xC557, 0xAB92, 0xBCD5, 0xC4D5, 0xE5D7, 0xF618, 0xF5D7, 0xF596, 0xED55, 0xED14, 0xE4F4, 0xE4B3, 0xDC93, 0xDC72, 0xDC72, 0xDC52,
    0xDC52, 0xDC52, 0xDC52, 0xE452, 0xE452, 0xE452, 0xE452, 0xE452, 0xE452, 0xE452, 0xE452, 0xEC52, 0xEC52, 0xEC52, 0xEC52, 0xEC52,
    0xEC52, 0xEC72, 0xEC72, 0xEC72, 0xEC72, 0xEC72, 0xEC72, 0xEC93, 0xECB3, 0xECD3, 0xECD4, 0xECF4, 0xED35, 0xF576, 0xF5D8, 0xFE18,
    0xFE39, 0xFE59, 0xFE5A, 0xFE5A, 0xFE59, 0xFE39, 0xFDD8, 0xF597, 0xF577, 0xF5F8, 0xFE9B, 0xFE5A, 0xFDD8, 0xFDB8, 0xFDD8, 0xFDD8,
    0xFDF8, 0xFE18, 0xFE18, 0xFE39, 0xFE59, 0xFE59, 0xFDF8, 0xFDB7, 0xF576, 0xF555, 0xF555, 0xF535, 0xF535, 0xF535, 0xF534, 0xF514,
    0xF514, 0xF534, 0xFD34, 0xFD55, 0xFD75, 0xFD96, 0xFDD6, 0xFDF7, 0xFE17, 0xFE17, 0xFE37, 0xFE37, 0xFE37, 0xFE37, 0xFE17, 0xFE17,
    0xFDF7, 0xED55, 0xE515, 0xDD14, 0xDD14, 0xDD14, 0xDD14, 0xE534, 0xED55, 0xF575, 0xFDB5, 0xFE16, 0xFED9, 0xFF9D, 0xF699, 0xE5B7,
    0xC557, 0xCD77, 0x0000, 0x0000, 0x0000, 0x0000, 0x0000, 0x0000, 0x0000, 0x0000, 0x0000, 0x0000, 0x0000, 0x0000, 0x0000, 0x0000,
    0x0000, 0x0000, 0x0000, 0x0000, 0x0000, 0x0000, 0x0000, 0x0000, 0x0000, 0x0000, 0x0000, 0x0000, 0x0000, 0x0000, 0x0000, 0x0000,
    0x0000, 0x0000, 0x0000, 0x0000, 0x0000, 0x0000, 0x0000, 0x0000, 0x0000, 0x0000, 0x0000, 0x0000, 0x0000, 0x0000, 0x0000, 0x0000,
    0x0000, 0x0000, 0x0000, 0x0000, 0x0000, 0x0000, 0x0000, 0x0000, 0x0000, 0x0000, 0x0000, 0x0000, 0x0000, 0x0000, 0x0000, 0x0000,
    0x0000, 0x0000, 0x0000, 0x0000, 0x0000, 0x0000, 0x0000, 0x0000, 0x0000, 0x0000, 0x0000, 0x0000, 0x0000, 0x0000, 0x0000, 0x0000,
    0x0000, 0x0000, 0x0000, 0x0000, 0x0000, 0x0000, 0x0000, 0x0000, 0x0000, 0x0000, 0x0000, 0x0000, 0x0000, 0x0000, 0x0000, 0x0000,
    0x0000, 0x0000, 0x0000, 0x0000, 0x0000, 0x0000, 0x0000, 0x0000, 0x0000, 0x0000, 0x0000, 0x0000, 0x0000, 0x0000, 0x0000, 0x0000,
    0x0000, 0x0000, 0x0000, 0x0000, 0x0000, 0x0000, 0x0000, 0x0000, 0x0000, 0x0000, 0x0000, 0x0000, 0x0000, 0x0000, 0x0000, 0x0000,
    0xBD16, 0xDFFF, 0xBCD5, 0xC4B5, 0xE5D7, 0xF5F7, 0xF5B6, 0xF575, 0xED34, 0xE4F4, 0xE4B3, 0xE493, 0xE472, 0xDC52, 0xDC52, 0xDC52,
    0xDC52, 0xDC32, 0xE432, 0xE432, 0xE432, 0xE432, 0xE432, 0xE432, 0xE432, 0xE432, 0xE452, 0xE452, 0xEC52, 0xEC52, 0xEC52, 0xEC52,
    0xEC52, 0xEC52, 0xEC52, 0xEC52, 0xEC72, 0xEC72, 0xEC72, 0xEC93, 0xEC93, 0xECB3, 0xECB3, 0xECD4, 0xECF4, 0xED35, 0xF576, 0xF5D7,
    0xFE18, 0xFE39, 0xFE39, 0xFE59, 0xFE7A, 0xFE59, 0xFE39, 0xFDF8, 0xFDB7, 0xFDF8, 0xFE9B, 0xFE5A, 0xFDD8, 0xFDD8, 0xFDF8, 0xFDF8,
    0xFE18, 0xFE19, 0xFE39, 0xFE39, 0xFDF8, 0xFDB7, 0xF576, 0xF555, 0xF535, 0xF535, 0xF534, 0xF514, 0xF514, 0xF514, 0xF514, 0xF514,
    0xF514, 0xF514, 0xF534, 0xFD34, 0xFD75, 0xFD95, 0xFDB6, 0xFDF6, 0xFE17, 0xFE37, 0xFE37, 0xFE58, 0xFE58, 0xFE37, 0xFE37, 0xFE17,
    0xF5D6, 0xED35, 0xE514, 0xDD14, 0xDCF4, 0xDCF4, 0xDD14, 0xE534, 0xED54, 0xF575, 0xFDB5, 0xFDF6, 0xFEB8, 0xFF7C, 0xF658, 0xDD97,
    0xC537, 0xCD57, 0x0000, 0x0000, 0x0000, 0x0000, 0x0000, 0x0000, 0x0000, 0x0000, 0x0000, 0x0000, 0x0000, 0x0000, 0x0000, 0x0000,
    0x0000, 0x0000, 0x0000, 0x0000, 0x0000, 0x0000, 0x0000, 0x0000, 0x0000, 0x0000, 0x0000, 0x0000, 0x0000, 0x0000, 0x0000, 0x0000,
    0x0000, 0x0000, 0x0000, 0x0000, 0x0000, 0x0000, 0x0000, 0x0000, 0x0000, 0x0000, 0x0000, 0x0000, 0x0000, 0x0000, 0x0000, 0x0000,
    0x0000, 0x0000, 0x0000, 0x0000, 0x0000, 0x0000, 0x0000, 0x0000, 0x0000, 0x0000, 0x0000, 0x0000, 0x0000, 0x0000, 0x0000, 0x0000,
    0x0000, 0x0000, 0x0000, 0x0000, 0x0000, 0x0000, 0x0000, 0x0000, 0x0000, 0x0000, 0x0000, 0x0000, 0x0000, 0x0000, 0x0000, 0x0000,
    0x0000, 0x0000, 0x0000, 0x0000, 0x0000, 0x0000, 0x0000, 0x0000, 0x0000, 0x0000, 0x0000, 0x0000, 0x0000, 0x0000, 0x0000, 0x0000,
    0x0000, 0x0000, 0x0000, 0x0000, 0x0000, 0x0000, 0x0000, 0x0000, 0x0000, 0x0000, 0x0000, 0x0000, 0x0000, 0x0000, 0x0000, 0x0000,
    0x0000, 0x0000, 0x0000, 0x0000, 0x0000, 0x0000, 0x0000, 0x0000, 0x0000, 0x0000, 0x0000, 0x0000, 0x0000, 0x0000, 0x0000, 0x0000,
    0xBCF5, 0xBDD8, 0xBCB5, 0xC4B4, 0xE5B6, 0xF5D6, 0xF575, 0xF534, 0xED14, 0xE4D3, 0xE492, 0xE492, 0xE472, 0xE452, 0xDC32, 0xDC32,
    0xDC32, 0xDC32, 0xE432, 0xE432, 0xE432, 0xE431, 0xE431, 0xE431, 0xE432, 0xE432, 0xE432, 0xE432, 0xEC32, 0xEC32, 0xEC52, 0xEC52,
    0xEC52, 0xEC52, 0xEC52, 0xEC52, 0xEC72, 0xEC72, 0xEC72, 0xEC72, 0xEC73, 0xEC93, 0xECB3, 0xECD4, 0xECF4, 0xED15, 0xF535, 0xF556,
    0xF5B7, 0xFE18, 0xFE39, 0xFE39, 0xFE59, 0xFE7A, 0xFE59, 0xFE39, 0xFDF8, 0xFDF9, 0xFE7A, 0xFE5A, 0xFDD8, 0xFDF8, 0xFE18, 0xFE19,
    0xFE19, 0xFE39, 0xFE18, 0xFDB7, 0xF576, 0xF555, 0xF535, 0xF514, 0xF514, 0xF514, 0xF514, 0xF4F4, 0xF4F4, 0xF4F4, 0xF4F4, 0xF4F3,
    0xF4F4, 0xF514, 0xF514, 0xFD34, 0xFD54, 0xFD75, 0xFDB6, 0xFDF6, 0xFE17, 0xFE37, 0xFE58, 0xFE58, 0xFE58, 0xFE58, 0xFE37, 0xFE17,
    0xF596, 0xE514, 0xE514, 0xDCF4, 0xDCF4, 0xDCF3, 0xDCF3, 0xE514, 0xED34, 0xF554, 0xFD95, 0xFDF5, 0xFE98, 0xFF3B, 0xF618, 0xDD97,
    0xC536, 0xC557, 0x0000, 0x0000, 0x0000, 0x0000, 0x0000, 0x0000, 0x0000, 0x0000, 0x0000, 0x0000, 0x0000, 0x0000, 0x0000, 0x0000,
    0x0000, 0x0000, 0x0000, 0x0000, 0x0000, 0x0000, 0x0000, 0x0000, 0x0000, 0x0000, 0x0000, 0x0000, 0x0000, 0x0000, 0x0000, 0x0000,
    0x0000, 0x0000, 0x0000, 0x0000, 0x0000, 0x0000, 0x0000, 0x0000, 0x0000, 0x0000, 0x0000, 0x0000, 0x0000, 0x0000, 0x0000, 0x0000,
    0x0000, 0x0000, 0x0000, 0x0000, 0x0000, 0x0000, 0x0000, 0x0000, 0x0000, 0x0000, 0x0000, 0x0000, 0x0000, 0x0000, 0x0000, 0x0000,
    0x0000, 0x0000, 0x0000, 0x0000, 0x0000, 0x0000, 0x0000, 0x0000, 0x0000, 0x0000, 0x0000, 0x0000, 0x0000, 0x0000, 0x0000, 0x0000,
    0x0000, 0x0000, 0x0000, 0x0000, 0x0000, 0x0000, 0x0000, 0x0000, 0x0000, 0x0000, 0x0000, 0x0000, 0x0000, 0x0000, 0x0000, 0x0000,
    0x0000, 0x0000, 0x0000, 0x0000, 0x0000, 0x0000, 0x0000, 0x0000, 0x0000, 0x0000, 0x0000, 0x0000, 0x0000, 0x0000, 0x0000, 0x0000,
    0x0000, 0x0000, 0x0000, 0x0000, 0x0000, 0x0000, 0x0000, 0x0000, 0x0000, 0x0000, 0x0000, 0x0000, 0x0000, 0x0000, 0x0000, 0x0000,
    0xC516, 0xC598, 0xC4D5, 0xC494, 0xE596, 0xF5B6, 0xF555, 0xED14, 0xECF3, 0xE4B2, 0xE492, 0xE472, 0xE452, 0xE451, 0xE431, 0xE431,
    0xDC11, 0xDC11, 0xE411, 0xE411, 0xE411, 0xE411, 0xE411, 0xE411, 0xE431, 0xE432, 0xE432, 0xEC32, 0xEC31, 0xEC32, 0xEC32, 0xEC52,
    0xEC52, 0xEC52, 0xEC52, 0xEC52, 0xEC52, 0xEC72, 0xEC72, 0xEC72, 0xEC72, 0xEC93, 0xEC93, 0xECB3, 0xECD4, 0xECF4, 0xF515, 0xF535,
    0xF556, 0xF5B7, 0xFDF8, 0xFE18, 0xFE39, 0xFE59, 0xFE7A, 0xFE79, 0xFE39, 0xFE19, 0xFE5A, 0xFE39, 0xFDF8, 0xFE19, 0xFE39, 0xFE39,
    0xFE19, 0xFDF8, 0xF597, 0xF576, 0xF535, 0xF535, 0xF514, 0xF514, 0xF4F4, 0xF4F4, 0xF4F4, 0xF4F4, 0xF4F3, 0xF4F3, 0xF4F3, 0xF4F3,
    0xF4F3, 0xF4F4, 0xF514, 0xF534, 0xFD54, 0xFD75, 0xFDB5, 0xFDF6, 0xFE37, 0xFE57, 0xFE78, 0xFE78, 0xFE78, 0xFE58, 0xFE37, 0xFDF6,
    0xED55, 0xE514, 0xE4F4, 0xDCF3, 0xDCD3, 0xDCF3, 0xDCF3, 0xE514, 0xED34, 0xF554, 0xFD95, 0xFDF5, 0xFE98, 0xFEDA, 0xEDF7, 0xD577,
    0xBD16, 0xC536, 0x0000, 0x0000, 0x0000, 0x0000, 0x0000, 0x0000, 0x0000, 0x0000, 0x0000, 0x0000, 0x0000, 0x0000, 0x0000, 0x0000,
    0x0000, 0x0000, 0x0000, 0x0000, 0x0000, 0x0000, 0x0000, 0x0000, 0x0000, 0x0000, 0x0000, 0x0000, 0x0000, 0x0000, 0x0000, 0x0000,
    0x0000, 0x0000, 0x0000, 0x0000, 0x0000, 0x0000, 0x0000, 0x0000, 0x0000, 0x0000, 0x0000, 0x0000, 0x0000, 0x0000, 0x0000, 0x0000,
    0x0000, 0x0000, 0x0000, 0x0000, 0x0000, 0x0000, 0x0000, 0x0000, 0x0000, 0x0000, 0x0000, 0x0000, 0x0000, 0x0000, 0x0000, 0x0000,
    0x0000, 0x0000, 0x0000, 0x0000, 0x0000, 0x0000, 0x0000, 0x0000, 0x0000, 0x0000, 0x0000, 0x0000, 0x0000, 0x0000, 0x0000, 0x0000,
    0x0000, 0x0000, 0x0000, 0x0000, 0x0000, 0x0000, 0x0000, 0x0000, 0x0000, 0x0000, 0x0000, 0x0000, 0x0000, 0x0000, 0x0000, 0x0000,
    0x0000, 0x0000, 0x0000, 0x0000, 0x0000, 0x0000, 0x0000, 0x0000, 0x0000, 0x0000, 0x0000, 0x0000, 0x0000, 0x0000, 0x0000, 0x0000,
    0x0000, 0x0000, 0x0000, 0x0000, 0x0000, 0x0000, 0x0000, 0x0000, 0x0000, 0x0000, 0x0000, 0x0000, 0x0000, 0x0000, 0x0000, 0x0000,
    0xC516, 0xC577, 0xC4D5, 0xC494, 0xE555, 0xF5B5, 0xF534, 0xF4F3, 0xECD3, 0xEC92, 0xE472, 0xE451, 0xE431, 0xE431, 0xE411, 0xE411,
    0xE411, 0xE411, 0xE411, 0xE411, 0xE411, 0xE411, 0xE411, 0xE411, 0xE411, 0xE411, 0xEC31, 0xEC31, 0xEC31, 0xEC31, 0xEC31, 0xEC32,
    0xEC32, 0xEC52, 0xEC52, 0xEC52, 0xEC52, 0xEC52, 0xEC52, 0xEC52, 0xEC72, 0xEC73, 0xEC93, 0xECB3, 0xECD4, 0xECF4, 0xECF4, 0xF515,
    0xF535, 0xF556, 0xF596, 0xFDF7, 0xFE18, 0xFE39, 0xFE59, 0xFE7A, 0xFE7A, 0xFE39, 0xFE39, 0xFE19, 0xFDF8, 0xFE39, 0xFE59, 0xFE19,
    0xFDD7, 0xF596, 0xF555, 0xF535, 0xF514, 0xF514, 0xF514, 0xF4F4, 0xF4F4, 0xF4F4, 0xF4F3, 0xF4D3, 0xF4F3, 0xF4D3, 0xF4D3, 0xF4D3,
    0xF4F3, 0xF4F3, 0xF514, 0xF534, 0xFD54, 0xFD74, 0xFDB5, 0xFDF6, 0xFE37, 0xFE57, 0xFE78, 0xFE98, 0xFE78, 0xFE57, 0xFE17, 0xF595,
    0xED14, 0xE4F4, 0xE4F4, 0xDCD3, 0xDCD3, 0xDCD3, 0xDCF3, 0xE513, 0xED34, 0xF554, 0xFD94, 0xFDF5, 0xFE77, 0xFE98, 0xEDD7, 0xCD77,
    0xB4F6, 0xBD16, 0x0000, 0x0000, 0x0000, 0x0000, 0x0000, 0x0000, 0x0000, 0x0000, 0x0000, 0x0000, 0x0000, 0x0000, 0x0000, 0x0000,
    0x0000, 0x0000, 0x0000, 0x0000, 0x0000, 0x0000, 0x0000, 0x0000, 0x0000, 0x0000, 0x0000, 0x0000, 0x0000, 0x0000, 0x0000, 0x0000,
    0x0000, 0x0000, 0x0000, 0x0000, 0x0000, 0x0000, 0x0000, 0x0000, 0x0000, 0x0000, 0x0000, 0x0000, 0x0000, 0x0000, 0x0000, 0x0000,
    0x0000, 0x0000, 0x0000, 0x0000, 0x0000, 0x0000, 0x0000, 0x0000, 0x0000, 0x0000, 0x0000, 0x0000, 0x0000, 0x0000, 0x0000, 0x0000,
    0x0000, 0x0000, 0x0000, 0x0000, 0x0000, 0x0000, 0x0000, 0x0000, 0x0000, 0x0000, 0x0000, 0x0000, 0x0000, 0x0000, 0x0000, 0x0000,
    0x0000, 0x0000, 0x0000, 0x0000, 0x0000, 0x0000, 0x0000, 0x0000, 0x0000, 0x0000, 0x0000, 0x0000, 0x0000, 0x0000, 0x0000, 0x0000,
    0x0000, 0x0000, 0x0000, 0x0000, 0x0000, 0x0000, 0x0000, 0x0000, 0x0000, 0x0000, 0x0000, 0x0000, 0x0000, 0x0000, 0x0000, 0x0000,
    0x0000, 0x0000, 0x0000, 0x0000, 0x0000, 0x0000, 0x0000, 0x0000, 0x0000, 0x0000, 0x0000, 0x0000, 0x0000, 0x0000, 0x0000, 0x0000,
    0xC516, 0xC577, 0xC4D5, 0xC494, 0xDD14, 0xF595, 0xF534, 0xF4F3, 0xECB2, 0xEC92, 0xE471, 0xE451, 0xE431, 0xE411, 0xE411, 0xE411,
    0xE3F1, 0xE3F1, 0xE3F1, 0xE3F1, 0xE3F1, 0xE3F1, 0xE411, 0xE411, 0xE411, 0xEC11, 0xEC11, 0xEC11, 0xEC31, 0xEC31, 0xEC31, 0xEC31,
    0xEC32, 0xEC32, 0xEC52, 0xEC52, 0xEC52, 0xEC52, 0xEC52, 0xEC52, 0xEC72, 0xEC72, 0xEC93, 0xECB3, 0xECD4, 0xECD4, 0xECF4, 0xF515,
    0xF535, 0xF535, 0xF556, 0xF596, 0xFDD7, 0xFE18, 0xFE39, 0xFE79, 0xFE9A, 0xFE59, 0xFE39, 0xFE19, 0xFE19, 0xFE59, 0xFE18, 0xFDB7,
    0xF576, 0xF555, 0xF535, 0xF515, 0xF514, 0xF514, 0xF4F4, 0xF4F4, 0xF4F4, 0xF4F3, 0xF4F3, 0xF4D3, 0xF4D3, 0xF4D3, 0xF4D3, 0xF4D3,
    0xF4F3, 0xF4F3, 0xF513, 0xF514, 0xFD34, 0xFD74, 0xFDB5, 0xFDF5, 0xFE36, 0xFE77, 0xFE98, 0xFE98, 0xFE78, 0xFE57, 0xFDF6, 0xED54,
    0xE514, 0xE4F4, 0xE4D3, 0xDCD3, 0xDCD3, 0xDCD3, 0xDCF3, 0xE513, 0xED34, 0xF554, 0xFD94, 0xFE15, 0xFE77, 0xFE57, 0xE5B7, 0xCD57,
    0xB4F5, 0xBD16, 0x0000, 0x0000, 0x0000, 0x0000, 0x0000, 0x0000, 0x0000, 0x0000, 0x0000, 0x0000, 0x0000, 0x0000, 0x0000, 0x0000,
    0x0000, 0x0000, 0x0000, 0x0000, 0x0000, 0x0000, 0x0000, 0x0000, 0x0000, 0x0000, 0x0000, 0x0000, 0x0000, 0x0000, 0x0000, 0x0000,
    0x0000, 0x0000, 0x0000, 0x0000, 0x0000, 0x0000, 0x0000, 0x0000, 0x0000, 0x0000, 0x0000, 0x0000, 0x0000, 0x0000, 0x0000, 0x0000,
    0x0000, 0x0000, 0x0000, 0x0000, 0x0000, 0x0000, 0x0000, 0x0000, 0x0000, 0x0000, 0x0000, 0x0000, 0x0000, 0x0000, 0x0000, 0x0000,
    0x0000, 0x0000, 0x0000, 0x0000, 0x0000, 0x0000, 0x0000, 0x0000, 0x0000, 0x0000, 0x0000, 0x0000, 0x0000, 0x0000, 0x0000, 0x0000,
    0x0000, 0x0000, 0x0000, 0x0000, 0x0000, 0x0000, 0x0000, 0x0000, 0x0000, 0x0000, 0x0000, 0x0000, 0x0000, 0x0000, 0x0000, 0x0000,
    0x0000, 0x0000, 0x0000, 0x0000, 0x0000, 0x0000, 0x0000, 0x0000, 0x0000, 0x0000, 0x0000, 0x0000, 0x0000, 0x0000, 0x0000, 0x0000,
    0x0000, 0x0000, 0x0000, 0x0000, 0x0000, 0x0000, 0x0000, 0x0000, 0x0000, 0x0000, 0x0000, 0x0000, 0x0000, 0x0000, 0x0000, 0x0000,
    0xC516, 0xBD98, 0xC4D5, 0xC494, 0xD4D4, 0xF574, 0xF533, 0xECF3, 0xECB2, 0xEC92, 0xEC71, 0xE451, 0xE431, 0xE410, 0xE410, 0xE3F0,
    0xE3F0, 0xE3F0, 0xE3F0, 0xE3F0, 0xE3F1, 0xE3F1, 0xE3F1, 0xE3F1, 0xE411, 0xEC11, 0xEC11, 0xEC11, 0xEC31, 0xEC31, 0xEC31, 0xEC31,
    0xEC32, 0xEC32, 0xEC52, 0xEC52, 0xEC52, 0xEC52, 0xEC52, 0xEC52, 0xEC72, 0xEC73, 0xEC93, 0xECB3, 0xECD4, 0xECF4, 0xECF4, 0xF514,
    0xF515, 0xF535, 0xF555, 0xF576, 0xF596, 0xFDD7, 0xFE18, 0xFE38, 0xFE7A, 0xFE7A, 0xFE39, 0xFE18, 0xFE39, 0xFE18, 0xFDB7, 0xF576,
    0xF556, 0xF535, 0xF535, 0xF514, 0xF514, 0xF514, 0xF514, 0xF4F4, 0xF4F4, 0xF4F4, 0xF4F3, 0xF4F3, 0xF4F3, 0xF4F3, 0xF4F3, 0xF4F3,
    0xF4F3, 0xF4F3, 0xF513, 0xF513, 0xFD34, 0xFD74, 0xFD94, 0xFDF5, 0xFE36, 0xFE77, 0xFE98, 0xFE98, 0xFE77, 0xFE16, 0xF595, 0xED14,
    0xE4F3, 0xE4F3, 0xDCD3, 0xDCD3, 0xDCB3, 0xDCD3, 0xDCF3, 0xE513, 0xED33, 0xF554, 0xFDB4, 0xFE15, 0xFE56, 0xFE17, 0xE597, 0xC536,
    0xAD16, 0xBD36, 0x0000, 0x0000, 0x0000, 0x0000, 0x0000, 0x0000, 0x0000, 0x0000, 0x0000, 0x0000, 0x0000, 0x0000, 0x0000, 0x0000,
    0x0000, 0x0000, 0x0000, 0x0000, 0x0000, 0x0000, 0x0000, 0x0000, 0x0000, 0x0000, 0x0000, 0x0000, 0x0000, 0x0000, 0x0000, 0x0000,
    0x0000, 0x0000, 0x0000, 0x0000, 0x0000, 0x0000, 0x0000, 0x0000, 0x0000, 0x0000, 0x0000, 0x0000, 0x0000, 0x0000, 0x0000, 0x0000,
    0x0000, 0x0000, 0x0000, 0x0000, 0x0000, 0x0000, 0x0000, 0x0000, 0x0000, 0x0000, 0x0000, 0x0000, 0x0000, 0x0000, 0x0000, 0x0000,
    0x0000, 0x0000, 0x0000, 0x0000, 0x0000, 0x0000, 0x0000, 0x0000, 0x0000, 0x0000, 0x0000, 0x0000, 0x0000, 0x0000, 0x0000, 0x0000,
    0x0000, 0x0000, 0x0000, 0x0000, 0x0000, 0x0000, 0x0000, 0x0000, 0x0000, 0x0000, 0x0000, 0x0000, 0x0000, 0x0000, 0x0000, 0x0000,
    0x0000, 0x0000, 0x0000, 0x0000, 0x0000, 0x0000, 0x0000, 0x0000, 0x0000, 0x0000, 0x0000, 0x0000, 0x0000, 0x0000, 0x0000, 0x0000,
    0x0000, 0x0000, 0x0000, 0x0000, 0x0000, 0x0000, 0x0000, 0x0000, 0x0000, 0x0000, 0x0000, 0x0000, 0x0000, 0x0000, 0x0000, 0x0000,
    0xBCF5, 0xB5B8, 0xC4B4, 0xC494, 0xCC93, 0xED14, 0xF533, 0xECF3, 0xECB2, 0xEC91, 0xEC71, 0xEC51, 0xE430, 0xE410, 0xE410, 0xE3F0,
    0xE3F0, 0xE3F0, 0xE3F0, 0xE3F0, 0xE3F0, 0xE3F0, 0xE3F0, 0xE3F1, 0xE3F1, 0xEC11, 0xEC11, 0xEC11, 0xEC31, 0xEC31, 0xEC31, 0xEC31,
    0xEC32, 0xEC52, 0xEC52, 0xEC52, 0xEC52, 0xEC52, 0xEC52, 0xEC72, 0xEC72, 0xEC93, 0xECB3, 0xECD4, 0xECF4, 0xF4F4, 0xF514, 0xF515,
    0xF535, 0xF535, 0xF556, 0xF576, 0xF596, 0xFDD7, 0xFDF7, 0xFE18, 0xFE59, 0xFE79, 0xFE39, 0xFE18, 0xFE39, 0xFDD7, 0xF596, 0xF576,
    0xF576, 0xF555, 0xF535, 0xF535, 0xF514, 0xF514, 0xF514, 0xF514, 0xF514, 0xF4F4, 0xF4F4, 0xF4F4, 0xF4F4, 0xF4F3, 0xF4F3, 0xF4F3,
    0xF4F3, 0xF513, 0xF513, 0xF533, 0xFD33, 0xFD54, 0xFD94, 0xFDD5, 0xFE36, 0xFE77, 0xFE98, 0xFE77, 0xFE37, 0xF5B5, 0xED34, 0xECF3,
    0xE4F3, 0xE4D3, 0xDCD3, 0xDCD3, 0xDCD3, 0xDCD3, 0xDCF3, 0xE513, 0xED33, 0xF574, 0xFDB4, 0xFE16, 0xFE36, 0xF5F6, 0xDD97, 0xC536,
    0x8CB4, 0xB516, 0x0000, 0x0000, 0x0000, 0x0000, 0x0000, 0x0000, 0x0000, 0x0000, 0x0000, 0x0000, 0x0000, 0x0000, 0x0000, 0x0000,
    0x0000, 0x0000, 0x0000, 0x0000, 0x0000, 0x0000, 0x0000, 0x0000, 0x0000, 0x0000, 0x0000, 0x0000, 0x0000, 0x0000, 0x0000, 0x0000,
    0x0000, 0x0000, 0x0000, 0x0000, 0x0000, 0x0000, 0x0000, 0x0000, 0x0000, 0x0000, 0x0000, 0x0000, 0x0000, 0x0000, 0x0000, 0x0000,
    0x0000, 0x0000, 0x0000, 0x0000, 0x0000, 0x0000, 0x0000, 0x0000, 0x0000, 0x0000, 0x0000, 0x0000, 0x0000, 0x0000, 0x0000, 0x0000,
    0x0000, 0x0000, 0x0000, 0x0000, 0x0000, 0x0000, 0x0000, 0x0000, 0x0000, 0x0000, 0x0000, 0x0000, 0x0000, 0x0000, 0x0000, 0x0000,
    0x0000, 0x0000, 0x0000, 0x0000, 0x0000, 0x0000, 0x0000, 0x0000, 0x0000, 0x0000, 0x0000, 0x0000, 0x0000, 0x0000, 0x0000, 0x0000,
    0x0000, 0x0000, 0x0000, 0x0000, 0x0000, 0x0000, 0x0000, 0x0000, 0x0000, 0x0000, 0x0000, 0x0000, 0x0000, 0x0000, 0x0000, 0x0000,
    0x0000, 0x0000, 0x0000, 0x0000, 0x0000, 0x0000, 0x0000, 0x0000, 0x0000, 0x0000, 0x0000, 0x0000, 0x0000, 0x0000, 0x0000, 0x0000,
    0xBCF5, 0x6FFF, 0xBCB4, 0xC494, 0xCC93, 0xDCD3, 0xF513, 0xF4F3, 0xECB2, 0xEC91, 0xEC71, 0xEC51, 0xEC30, 0xE410, 0xE410, 0xE3F0,
    0xE3F0, 0xE3D0, 0xE3D0, 0xE3D0, 0xE3F0, 0xE3F0, 0xE3F0, 0xE3F0, 0xE3F1, 0xE411, 0xEC11, 0xEC11, 0xEC31, 0xEC31, 0xEC31, 0xEC31,
    0xEC52, 0xEC52, 0xEC52, 0xEC52, 0xEC52, 0xEC52, 0xEC72, 0xEC93, 0xEC93, 0xECB3, 0xECD4, 0xF4F4, 0xF4F4, 0xF514, 0xF515, 0xF535,
    0xF535, 0xF556, 0xF576, 0xF596, 0xF5B7, 0xFDF7, 0xFE18, 0xFE38, 0xFE59, 0xFE59, 0xFE39, 0xFE19, 0xFE39, 0xFDF8, 0xF5B7, 0xF5D7,
    0xF5F7, 0xF5D7, 0xF596, 0xF555, 0xF535, 0xF535, 0xF534, 0xF534, 0xF514, 0xF514, 0xF514, 0xF514, 0xF514, 0xF514, 0xF514, 0xF513,
    0xF513, 0xF513, 0xF513, 0xFD33, 0xFD33, 0xFD74, 0xFD94, 0xFDD5, 0xFE16, 0xFE57, 0xFE77, 0xFE57, 0xFDD5, 0xF534, 0xED13, 0xECF3,
    0xE4F3, 0xE4D3, 0xDCD3, 0xDCD3, 0xDCD3, 0xDCD3, 0xE4F3, 0xED13, 0xF553, 0xFD74, 0xFDD5, 0xFE36, 0xFE16, 0xF5D7, 0xD577, 0xBD36,
    0xBCD6, 0xBD77, 0x0000, 0x0000, 0x0000, 0x0000, 0x0000, 0x0000, 0x0000, 0x0000, 0x0000, 0x0000, 0x0000, 0x0000, 0x0000, 0x0000,
    0x0000, 0x0000, 0x0000, 0x0000, 0x0000, 0x0000, 0x0000, 0x0000, 0x0000, 0x0000, 0x0000, 0x0000, 0x0000, 0x0000, 0x0000, 0x0000,
    0x0000, 0x0000, 0x0000, 0x0000, 0x0000, 0x0000, 0x0000, 0x0000, 0x0000, 0x0000, 0x0000, 0x0000, 0x0000, 0x0000, 0x0000, 0x0000,
    0x0000, 0x0000, 0x0000, 0x0000, 0x0000, 0x0000, 0x0000, 0x0000, 0x0000, 0x0000, 0x0000, 0x0000, 0x0000, 0x0000, 0x0000, 0x0000,
    0x0000, 0x0000, 0x0000, 0x0000, 0x0000, 0x0000, 0x0000, 0x0000, 0x0000, 0x0000, 0x0000, 0x0000, 0x0000, 0x0000, 0x0000, 0x0000,
    0x0000, 0x0000, 0x0000, 0x0000, 0x0000, 0x0000, 0x0000, 0x0000, 0x0000, 0x0000, 0x0000, 0x0000, 0x0000, 0x0000, 0x0000, 0x0000,
    0x0000, 0x0000, 0x0000, 0x0000, 0x0000, 0x0000, 0x0000, 0x0000, 0x0000, 0x0000, 0x0000, 0x0000, 0x0000, 0x0000, 0x0000, 0x0000,
    0x0000, 0x0000, 0x0000, 0x0000, 0x0000, 0x0000, 0x0000, 0x0000, 0x0000, 0x0000, 0x0000, 0x0000, 0x0000, 0x0000, 0x0000, 0x0000,
    0xBD36, 0xBBB1, 0xBCB5, 0xC494, 0xCC93, 0xD493, 0xECF3, 0xF4F2, 0xECB2, 0xEC91, 0xEC71, 0xEC51, 0xEC30, 0xEC10, 0xE410, 0xE3F0,
    0xE3F0, 0xE3F0, 0xE3D0, 0xE3D0, 0xE3D0, 0xE3F0, 0xE3F0, 0xE3F0, 0xE411, 0xE411, 0xEC11, 0xEC11, 0xEC31, 0xEC31, 0xEC31, 0xEC51,
    0xEC52, 0xEC52, 0xEC52, 0xEC52, 0xEC72, 0xEC72, 0xEC93, 0xECB3, 0xECD4, 0xF4D4, 0xF4F4, 0xF514, 0xF515, 0xF535, 0xF535, 0xF555,
    0xF576, 0xF576, 0xF5B7, 0xF5D7, 0xF5F8, 0xFE18, 0xFE59, 0xFE59, 0xFE79, 0xFE59, 0xFE39, 0xFE39, 0xFE39, 0xFE39, 0xFDF8, 0xF639,
    0xF6BB, 0xFEDB, 0xFE79, 0xFDD7, 0xF596, 0xF575, 0xF555, 0xFD34, 0xFD34, 0xFD34, 0xFD34, 0xFD34, 0xFD34, 0xFD34, 0xFD34, 0xF534,
    0xF534, 0xF533, 0xFD33, 0xFD33, 0xFD53, 0xFD74, 0xFD94, 0xFDD5, 0xFE16, 0xFE36, 0xFE36, 0xFDF5, 0xF554, 0xED13, 0xECF3, 0xECF3,
    0xE4D3, 0xE4D3, 0xE4D3, 0xDCD3, 0xDCD2, 0xE4F3, 0xE513, 0xED33, 0xF553, 0xFD94, 0xFDF5, 0xFE36, 0xFDF6, 0xEDB7, 0xCD57, 0xBD16,
    0xBD16, 0xC658, 0x0000, 0x0000, 0x0000, 0x0000, 0x0000, 0x0000, 0x0000, 0x0000, 0x0000, 0x0000, 0x0000, 0x0000, 0x0000, 0x0000,
    0x0000, 0x0000, 0x0000, 0x0000, 0x0000, 0x0000, 0x0000, 0x0000, 0x0000, 0x0000, 0x0000, 0x0000, 0x0000, 0x0000, 0x0000, 0x0000,
    0x0000, 0x0000, 0x0000, 0x0000, 0x0000, 0x0000, 0x0000, 0x0000, 0x0000, 0x0000, 0x0000, 0x0000, 0x0000, 0x0000, 0x0000, 0x0000,
    0x0000, 0x0000, 0x0000, 0x0000, 0x0000, 0x0000, 0x0000, 0x0000, 0x0000, 0x0000, 0x0000, 0x0000, 0x0000, 0x0000, 0x0000, 0x0000,
    0x0000, 0x0000, 0x0000, 0x0000, 0x0000, 0x0000, 0x0000, 0x0000, 0x0000, 0x0000, 0x0000, 0x0000, 0x0000, 0x0000, 0x0000, 0x0000,
    0x0000, 0x0000, 0x0000, 0x0000, 0x0000, 0x0000, 0x0000, 0x0000, 0x0000, 0x0000, 0x0000, 0x0000, 0x0000, 0x0000, 0x0000, 0x0000,
    0x0000, 0x0000, 0x0000, 0x0000, 0x0000, 0x0000, 0x0000, 0x0000, 0x0000, 0x0000, 0x0000, 0x0000, 0x0000, 0x0000, 0x0000, 0x0000,
    0x0000, 0x0000, 0x0000, 0x0000, 0x0000, 0x0000, 0x0000, 0x0000, 0x0000, 0x0000, 0x0000, 0x0000, 0x0000, 0x0000, 0x0000, 0x0000,
    0xC577, 0xBC53, 0xBCB5, 0xC494, 0xCC73, 0xD473, 0xE4B3, 0xECD2, 0xECB2, 0xEC91, 0xEC71, 0xEC51, 0xEC30, 0xEC30, 0xEC10, 0xE3F0,
    0xE3F0, 0xE3F0, 0xE3F0, 0xE3D0, 0xE3F0, 0xE3F0, 0xE3F0, 0xE3F0, 0xE411, 0xE411, 0xE411, 0xEC31, 0xEC31, 0xEC31, 0xEC51, 0xEC51,
    0xEC52, 0xEC52, 0xEC52, 0xEC72, 0xEC93, 0xECB3, 0xECB3, 0xF4D4, 0xF4F4, 0xF515, 0xF535, 0xF535, 0xF555, 0xF556, 0xF576, 0xF576,
    0xF556, 0xED35, 0xED14, 0xE4F4, 0xED34, 0xED76, 0xF5F7, 0xF639, 0xFE79, 0xFE59, 0xFE39, 0xFE39, 0xFE39, 0xFE5A, 0xF639, 0xF5D7,
    0xED96, 0xED75, 0xED35, 0xED34, 0xF575, 0xF596, 0xF596, 0xFD75, 0xFD75, 0xFD55, 0xFD54, 0xFD54, 0xFD54, 0xFD54, 0xFD34, 0xFD34,
    0xFD34, 0xFD34, 0xFD33, 0xFD33, 0xFD53, 0xFD74, 0xFD94, 0xFDD5, 0xFDF5, 0xFE16, 0xFDD5, 0xF554, 0xED13, 0xECF3, 0xECF3, 0xECF3,
    0xE4D3, 0xE4D3, 0xE4D3, 0xDCD3, 0xE4D2, 0xE4F3, 0xED13, 0xF553, 0xFD74, 0xFDB4, 0xFE15, 0xFE16, 0xFDF6, 0xE597, 0xC536, 0xBCF6,
    0xBCF6, 0xC5F8, 0x0000, 0x0000, 0x0000, 0x0000, 0x0000, 0x0000, 0x0000, 0x0000, 0x0000, 0x0000, 0x0000, 0x0000, 0x0000, 0x0000,
    0x0000, 0x0000, 0x0000, 0x0000, 0x0000, 0x0000, 0x0000, 0x0000, 0x0000, 0x0000, 0x0000, 0x0000, 0x0000, 0x0000, 0x0000, 0x0000,
    0x0000, 0x0000, 0x0000, 0x0000, 0x0000, 0x0000, 0x0000, 0x0000, 0x0000, 0x0000, 0x0000, 0x0000, 0x0000, 0x0000, 0x0000, 0x0000,
    0x0000, 0x0000, 0x0000, 0x0000, 0x0000, 0x0000, 0x0000, 0x0000, 0x0000, 0x0000, 0x0000, 0x0000, 0x0000, 0x0000, 0x0000, 0x0000,
    0x0000, 0x0000, 0x0000, 0x0000, 0x0000, 0x0000, 0x0000, 0x0000, 0x0000, 0x0000, 0x0000, 0x0000, 0x0000, 0x0000, 0x0000, 0x0000,
    0x0000, 0x0000, 0x0000, 0x0000, 0x0000, 0x0000, 0x0000, 0x0000, 0x0000, 0x0000, 0x0000, 0x0000, 0x0000, 0x0000, 0x0000, 0x0000,
    0x0000, 0x0000, 0x0000, 0x0000, 0x0000, 0x0000, 0x0000, 0x0000, 0x0000, 0x0000, 0x0000, 0x0000, 0x0000, 0x0000, 0x0000, 0x0000,
    0x0000, 0x0000, 0x0000, 0x0000, 0x0000, 0x0000, 0x0000, 0x0000, 0x0000, 0x0000, 0x0000, 0x0000, 0x0000, 0x0000, 0x0000, 0x0000,
    0xD6BB, 0xBC74, 0xBCD5, 0xC494, 0xCC73, 0xD473, 0xDC93, 0xECB2, 0xECB2, 0xECB1, 0xEC71, 0xEC51, 0xEC30, 0xEC30, 0xEC10, 0xEC10,
    0xE410, 0xE3F0, 0xE3F0, 0xE3F0, 0xE3F0, 0xE3F0, 0xE3F0, 0xE3F0, 0xE411, 0xEC11, 0xEC11, 0xEC31, 0xEC31, 0xEC31, 0xEC51, 0xEC52,
    0xEC52, 0xEC72, 0xEC72, 0xEC93, 0xECB3, 0xF4D4, 0xF4F4, 0xF515, 0xF535, 0xF535, 0xF535, 0xF535, 0xF556, 0xF556, 0xF556, 0xECF4,
    0xDC11, 0xD34D, 0xCAAB, 0xCA8A, 0xCA8A, 0xCACB, 0xD36E, 0xE493, 0xEDB7, 0xF619, 0xFE5A, 0xFE7A, 0xFE39, 0xEDF8, 0xE4D3, 0xD38E,
    0xCACB, 0xC28A, 0xC28A, 0xCAAB, 0xD30D, 0xDBF0, 0xECF4, 0xF596, 0xF5B7, 0xF596, 0xF596, 0xF575, 0xFD75, 0xFD75, 0xFD74, 0xFD54,
    0xFD54, 0xFD54, 0xFD54, 0xFD54, 0xFD54, 0xFD74, 0xFDB4, 0xFDD5, 0xFDD5, 0xFDD5, 0xF554, 0xF513, 0xECF3, 0xECF3, 0xECF3, 0xECD3,
    0xECD3, 0xE4D3, 0xE4D3, 0xE4D3, 0xE4F3, 0xED13, 0xED33, 0xF553, 0xFD94, 0xFDD4, 0xFE15, 0xFE16, 0xF5B6, 0xD556, 0xBD16, 0xB4F6,
    0xB4F6, 0x0000, 0x0000, 0x0000, 0x0000, 0x0000, 0x0000, 0x0000, 0x0000, 0x0000, 0x0000, 0x0000, 0x0000, 0x0000, 0x0000, 0x0000,
    0x0000, 0x0000, 0x0000, 0x0000, 0x0000, 0x0000, 0x0000, 0x0000, 0x0000, 0x0000, 0x0000, 0x0000, 0x0000, 0x0000, 0x0000, 0x0000,
    0x0000, 0x0000, 0x0000, 0x0000, 0x0000, 0x0000, 0x0000, 0x0000, 0x0000, 0x0000, 0x0000, 0x0000, 0x0000, 0x0000, 0x0000, 0x0000,
    0x0000, 0x0000, 0x0000, 0x0000, 0x0000, 0x0000, 0x0000, 0x0000, 0x0000, 0x0000, 0x0000, 0x0000, 0x0000, 0x0000, 0x0000, 0x0000,
    0x0000, 0x0000, 0x0000, 0x0000, 0x0000, 0x0000, 0x0000, 0x0000, 0x0000, 0x0000, 0x0000, 0x0000, 0x0000, 0x0000, 0x0000, 0x0000,
    0x0000, 0x0000, 0x0000, 0x0000, 0x0000, 0x0000, 0x0000, 0x0000, 0x0000, 0x0000, 0x0000, 0x0000, 0x0000, 0x0000, 0x0000, 0x0000,
    0x0000, 0x0000, 0x0000, 0x0000, 0x0000, 0x0000, 0x0000, 0x0000, 0x0000, 0x0000, 0x0000, 0x0000, 0x0000, 0x0000, 0x0000, 0x0000,
    0x0000, 0x0000, 0x0000, 0x0000, 0x0000, 0x0000, 0x0000, 0x0000, 0x0000, 0x0000, 0x0000, 0x0000, 0x0000, 0x0000, 0x0000, 0x0000,
    0xD6BB, 0xBCD5, 0xBCD5, 0xBCB4, 0xCC93, 0xD473, 0xD472, 0xE492, 0xECB2, 0xECB2, 0xEC91, 0xEC71, 0xEC51, 0xEC31, 0xEC30, 0xEC10,
    0xEC10, 0xEC10, 0xE410, 0xE3F0, 0xE3F0, 0xE3F0, 0xE411, 0xEC11, 0xEC11, 0xEC11, 0xEC11, 0xEC31, 0xEC31, 0xEC51, 0xEC52, 0xEC72,
    0xEC72, 0xEC93, 0xECB3, 0xF4D4, 0xF4F4, 0xF4F5, 0xF4F5, 0xECF5, 0xECD5, 0xF4D5, 0xF4F5, 0xF4F5, 0xF516, 0xED16, 0xDC93, 0xCB6E,
    0xCAAC, 0xD2AD, 0xDACE, 0xDB0F, 0xDB0F, 0xD2CE, 0xCA6B, 0xCA8B, 0xD3AF, 0xE535, 0xF639, 0xF65A, 0xED97, 0xD3F0, 0xCAAC, 0xCA8C,
    0xD2EF, 0xDB30, 0xDB51, 0xD30F, 0xCAAD, 0xC24A, 0xCACC, 0xDC52, 0xED96, 0xF5D8, 0xF5D8, 0xF5B7, 0xF5B6, 0xF5B6, 0xF5B6, 0xFDB6,
    0xFD95, 0xFD74, 0xFD74, 0xFD74, 0xFD74, 0xFD94, 0xFDB4, 0xFDD5, 0xFDB5, 0xF554, 0xF513, 0xF4F3, 0xECF3, 0xECF3, 0xECD2, 0xECD3,
    0xECD3, 0xECF3, 0xE4F3, 0xE4F3, 0xED13, 0xED33, 0xF553, 0xFD74, 0xFDB4, 0xFDF5, 0xFE15, 0xFDF6, 0xED96, 0xCD36, 0xBD16, 0xBD76,
    0xBD76, 0x0000, 0x0000, 0x0000, 0x0000, 0x0000, 0x0000, 0x0000, 0x0000, 0x0000, 0x0000, 0x0000, 0x0000, 0x0000, 0x0000, 0x0000,
    0x0000, 0x0000, 0x0000, 0x0000, 0x0000, 0x0000, 0x0000, 0x0000, 0x0000, 0x0000, 0x0000, 0x0000, 0x0000, 0x0000, 0x0000, 0x0000,
    0x0000, 0x0000, 0x0000, 0x0000, 0x0000, 0x0000, 0x0000, 0x0000, 0x0000, 0x0000, 0x0000, 0x0000, 0x0000, 0x0000, 0x0000, 0x0000,
    0x0000, 0x0000, 0x0000, 0x0000, 0x0000, 0x0000, 0x0000, 0x0000, 0x0000, 0x0000, 0x0000, 0x0000, 0x0000, 0x0000, 0x0000, 0x0000,
    0x0000, 0x0000, 0x0000, 0x0000, 0x0000, 0x0000, 0x0000, 0x0000, 0x0000, 0x0000, 0x0000, 0x0000, 0x0000, 0x0000, 0x0000, 0x0000,
    0x0000, 0x0000, 0x0000, 0x0000, 0x0000, 0x0000, 0x0000, 0x0000, 0x0000, 0x0000, 0x0000, 0x0000, 0x0000, 0x0000, 0x0000, 0x0000,
    0x0000, 0x0000, 0x0000, 0x0000, 0x0000, 0x0000, 0x0000, 0x0000, 0x0000, 0x0000, 0x0000, 0x0000, 0x0000, 0x0000, 0x0000, 0x0000,
    0x0000, 0x0000, 0x0000, 0x0000, 0x0000, 0x0000, 0x0000, 0x0000, 0x0000, 0x0000, 0x0000, 0x0000, 0x0000, 0x0000, 0x0000, 0x0000,
    0x0000, 0xBCF6, 0xBD36, 0xBCB5, 0xC494, 0xCC73, 0xD473, 0xDC72, 0xE492, 0xECB2, 0xEC91, 0xEC71, 0xEC71, 0xEC51, 0xEC51, 0xEC30,
    0xEC30, 0xEC30, 0xEC10, 0xEC10, 0xEC11, 0xEC11, 0xEC11, 0xEC11, 0xEC11, 0xEC11, 0xEC31, 0xEC31, 0xEC52, 0xEC52, 0xEC72, 0xEC93,
    0xECB3, 0xECB4, 0xECB4, 0xECB4, 0xECB4, 0xECB4, 0xECB4, 0xECD4, 0xECD5, 0xECF5, 0xF515, 0xF536, 0xED36, 0xDCB4, 0xCB6E, 0xD30F,
    0xEB73, 0xF394, 0xF3D5, 0xF4F7, 0xF518, 0xF476, 0xEBB3, 0xDB0F, 0xC2AC, 0xD38F, 0xE555, 0xE576, 0xD38F, 0xD2AD, 0xE331, 0xF394,
    0xF3B5, 0xF436, 0xED9A, 0xF559, 0xF456, 0xE392, 0xCAAC, 0xCA6A, 0xDBF0, 0xEDB7, 0xFE19, 0xFE18, 0xFDF8, 0xF5D7, 0xF5B7, 0xF5B6,
    0xF5B6, 0xF5B6, 0xF5B6, 0xF595, 0xFD95, 0xFDB5, 0xFDD5, 0xFDB5, 0xF534, 0xF513, 0xF4F3, 0xECF3, 0xECF3, 0xECD3, 0xECD3, 0xECD3,
    0xECF3, 0xECF3, 0xECF3, 0xED13, 0xED13, 0xF533, 0xFD74, 0xFD94, 0xFDD5, 0xFE15, 0xFE15, 0xF5B6, 0xDD56, 0xC516, 0xBD16, 0xBCD6,
    0x8291, 0x0000, 0x0000, 0x0000, 0x0000, 0x0000, 0x0000, 0x0000, 0x0000, 0x0000, 0x0000, 0x0000, 0x0000, 0x0000, 0x0000, 0x0000,
    0x0000, 0x0000, 0x0000, 0x0000, 0x0000, 0x0000, 0x0000, 0x0000, 0x0000, 0x0000, 0x0000, 0x0000, 0x0000, 0x0000, 0x0000, 0x0000,
    0x0000, 0x0000, 0x0000, 0x0000, 0x0000, 0x0000, 0x0000, 0x0000, 0x0000, 0x0000, 0x0000, 0x0000, 0x0000, 0x0000, 0x0000, 0x0000,
    0x0000, 0x0000, 0x0000, 0x0000, 0x0000, 0x0000, 0x0000, 0x0000, 0x0000, 0x0000, 0x0000, 0x0000, 0x0000, 0x0000, 0x0000, 0x0000,
    0x0000, 0x0000, 0x0000, 0x0000, 0x0000, 0x0000, 0x0000, 0x0000, 0x0000, 0x0000, 0x0000, 0x0000, 0x0000, 0x0000, 0x0000, 0x0000,
    0x0000, 0x0000, 0x0000, 0x0000, 0x0000, 0x0000, 0x0000, 0x0000, 0x0000, 0x0000, 0x0000, 0x0000, 0x0000, 0x0000, 0x0000, 0x0000,
    0x0000, 0x0000, 0x0000, 0x0000, 0x0000, 0x0000, 0x0000, 0x0000, 0x0000, 0x0000, 0x0000, 0x0000, 0x0000, 0x0000, 0x0000, 0x0000,
    0x0000, 0x0000, 0x0000, 0x0000, 0x0000, 0x0000, 0x0000, 0x0000, 0x0000, 0x0000, 0x0000, 0x0000, 0x0000, 0x0000, 0x0000, 0x0000,
    0x0000, 0xC557, 0xD7DE, 0xBCB5, 0xC494, 0xCC93, 0xD473, 0xDC72, 0xDC92, 0xE492, 0xEC92, 0xEC91, 0xEC71, 0xEC71, 0xEC51, 0xEC51,
    0xEC31, 0xEC30, 0xEC31, 0xEC31, 0xEC11, 0xEC11, 0xEC11, 0xEC11, 0xEC31, 0xEC31, 0xEC32, 0xEC52, 0xEC72, 0xEC73, 0xEC73, 0xEC73,
    0xEC73, 0xEC73, 0xEC74, 0xEC94, 0xECB4, 0xECB4, 0xECD5, 0xECF5, 0xED15, 0xF516, 0xF536, 0xF536, 0xE4F5, 0xD432, 0xDB50, 0xF3D5,
    0xFBB5, 0xF3B5, 0xF497, 0xEEFD, 0xEF7E, 0xEEFD, 0xF559, 0xF3D5, 0xE391, 0xCAED, 0xD38F, 0xDB90, 0xDB0F, 0xEBB4, 0xF3D6, 0xF3D6,
    0xFBD6, 0xF4B8, 0xEF3E, 0xF7BE, 0xF69C, 0xF4B8, 0xF3D4, 0xDAEE, 0xCA8B, 0xDC72, 0xF618, 0xFE39, 0xFE39, 0xFE38, 0xFE38, 0xF618,
    0xF5F7, 0xF5D7, 0xEDD7, 0xEDB7, 0xF5B6, 0xF596, 0xF5B5, 0xF595, 0xF554, 0xF533, 0xF4F3, 0xECF3, 0xECF3, 0xECD3, 0xECD3, 0xECF3,
    0xECF3, 0xECF3, 0xED13, 0xF533, 0xF533, 0xFD54, 0xFD94, 0xFDB4, 0xFDF5, 0xFE16, 0xFDF6, 0xED96, 0xCD36, 0xBD16, 0xB536, 0xB516,
    0xD698, 0x0000, 0x0000, 0x0000, 0x0000, 0x0000, 0x0000, 0x0000, 0x0000, 0x0000, 0x0000, 0x0000, 0x0000, 0x0000, 0x0000, 0x0000,
    0x0000, 0x0000, 0x0000, 0x0000, 0x0000, 0x0000, 0x0000, 0x0000, 0x0000, 0x0000, 0x0000, 0x0000, 0x0000, 0x0000, 0x0000, 0x0000,
    0x0000, 0x0000, 0x0000, 0x0000, 0x0000, 0x0000, 0x0000, 0x0000, 0x0000, 0x0000, 0x0000, 0x0000, 0x0000, 0x0000, 0x0000, 0x0000,
    0x0000, 0x0000, 0x0000, 0x0000, 0x0000, 0x0000, 0x0000, 0x0000, 0x0000, 0x0000, 0x0000, 0x0000, 0x0000, 0x0000, 0x0000, 0x0000,
    0x0000, 0x0000, 0x0000, 0x0000, 0x0000, 0x0000, 0x0000, 0x0000, 0x0000, 0x0000, 0x0000, 0x0000, 0x0000, 0x0000, 0x0000, 0x0000,
    0x0000, 0x0000, 0x0000, 0x0000, 0x0000, 0x0000, 0x0000, 0x0000, 0x0000, 0x0000, 0x0000, 0x0000, 0x0000, 0x0000, 0x0000, 0x0000,
    0x0000, 0x0000, 0x0000, 0x0000, 0x0000, 0x0000, 0x0000, 0x0000, 0x0000, 0x0000, 0x0000, 0x0000, 0x0000, 0x0000, 0x0000, 0x0000,
    0x0000, 0x0000, 0x0000, 0x0000, 0x0000, 0x0000, 0x0000, 0x0000, 0x0000, 0x0000, 0x0000, 0x0000, 0x0000, 0x0000, 0x0000, 0x0000,
    0x0000, 0xCDD8, 0xB474, 0xBCB5, 0xC494, 0xD4B4, 0xD493, 0xD473, 0xDC72, 0xE492, 0xEC92, 0xEC91, 0xEC91, 0xEC71, 0xEC71, 0xEC51,
    0xEC51, 0xEC51, 0xEC51, 0xEC31, 0xEC31, 0xEC31, 0xEC31, 0xEC31, 0xEC32, 0xEC52, 0xEC52, 0xEC73, 0xEC73, 0xEC53, 0xEC53, 0xEC73,
    0xEC73, 0xEC93, 0xEC94, 0xECB4, 0xECB4, 0xECD5, 0xECF5, 0xED15, 0xF536, 0xF536, 0xF557, 0xECF5, 0xE4F4, 0xDBD2, 0xEBD5, 0xFBF6,
    0xF3F6, 0xF3F6, 0xF457, 0xEE3C, 0xEF1E, 0xEF5E, 0xF69C, 0xF457, 0xF3D5, 0xE3B2, 0xD2ED, 0xDB0F, 0xEBF5, 0xF437, 0xF438, 0xF438,
    0xF417, 0xF457, 0xF63B, 0xF79E, 0xF7DF, 0xF6BD, 0xF497, 0xF414, 0xD2ED, 0xD30D, 0xE576, 0xF659, 0xFE79, 0xFE59, 0xFE79, 0xFE79,
    0xFE78, 0xFE99, 0xF6FA, 0xF6DB, 0xF679, 0xEE18, 0xEDB6, 0xED76, 0xF555, 0xF554, 0xF554, 0xF513, 0xECF3, 0xECF3, 0xF4F3, 0xF4F3,
    0xF513, 0xF513, 0xF533, 0xF553, 0xFD54, 0xFD94, 0xFDB4, 0xFDF5, 0xFE15, 0xFE16, 0xF5D6, 0xDD56, 0xC516, 0xB516, 0xB557, 0xB536,
    0x0000, 0x0000, 0x0000, 0x0000, 0x0000, 0x0000, 0x0000, 0x0000, 0x0000, 0x0000, 0x0000, 0x0000, 0x0000, 0x0000, 0x0000, 0x0000,
    0x0000, 0x0000, 0x0000, 0x0000, 0x0000, 0x0000, 0x0000, 0x0000, 0x0000, 0x0000, 0x0000, 0x0000, 0x0000, 0x0000, 0x0000, 0x0000,
    0x0000, 0x0000, 0x0000, 0x0000, 0x0000, 0x0000, 0x0000, 0x0000, 0x0000, 0x0000, 0x0000, 0x0000, 0x0000, 0x0000, 0x0000, 0x0000,
    0x0000, 0x0000, 0x0000, 0x0000, 0x0000, 0x0000, 0x0000, 0x0000, 0x0000, 0x0000, 0x0000, 0x0000, 0x0000, 0x0000, 0x0000, 0x0000,
    0x0000, 0x0000, 0x0000, 0x0000, 0x0000, 0x0000, 0x0000, 0x0000, 0x0000, 0x0000, 0x0000, 0x0000, 0x0000, 0x0000, 0x0000, 0x0000,
    0x0000, 0x0000, 0x0000, 0x0000, 0x0000, 0x0000, 0x0000, 0x0000, 0x0000, 0x0000, 0x0000, 0x0000, 0x0000, 0x0000, 0x0000, 0x0000,
    0x0000, 0x0000, 0x0000, 0x0000, 0x0000, 0x0000, 0x0000, 0x0000, 0x0000, 0x0000, 0x0000, 0x0000, 0x0000, 0x0000, 0x0000, 0x0000,
    0x0000, 0x0000, 0x0000, 0x0000, 0x0000, 0x0000, 0x0000, 0x0000, 0x0000, 0x0000, 0x0000, 0x0000, 0x0000, 0x0000, 0x0000, 0x0000,
    0x0000, 0xC597, 0xBCF5, 0xBCF5, 0xBCB5, 0xCCD5, 0xDCB4, 0xD493, 0xDC73, 0xDC72, 0xE492, 0xEC91, 0xEC91, 0xEC91, 0xEC71, 0xEC71,
    0xEC71, 0xEC51, 0xEC51, 0xEC51, 0xEC31, 0xEC31, 0xEC32, 0xEC52, 0xE452, 0xE453, 0xE453, 0xE453, 0xE453, 0xE453, 0xEC73, 0xEC73,
    0xEC94, 0xEC94, 0xECB4, 0xECD4, 0xECD5, 0xECF5, 0xED15, 0xF536, 0xF536, 0xF557, 0xED36, 0xE4F4, 0xE4D4, 0xE3B3, 0xF416, 0xF417,
    0xF4B8, 0xF4B8, 0xF438, 0xEC79, 0xECF9, 0xF519, 0xF4B9, 0xF437, 0xF417, 0xF437, 0xEC15, 0xEC16, 0xEC79, 0xE49A, 0xECFA, 0xED1A,
    0xEC99, 0xF438, 0xF478, 0xF539, 0xF61B, 0xF69C, 0xF539, 0xFC36, 0xEBF3, 0xD2AC, 0xDC72, 0xF639, 0xFE79, 0xFE79, 0xFE79, 0xFE79,
    0xFE79, 0xFE99, 0xFEDA, 0xFF3C, 0xFF7D, 0xFF7D, 0xF6FB, 0xEE59, 0xEDF7, 0xED96, 0xF555, 0xF554, 0xF533, 0xF513, 0xF513, 0xF513,
    0xF513, 0xF533, 0xF553, 0xFD74, 0xFD94, 0xFDB4, 0xFDD5, 0xFE15, 0xFE16, 0xFDF6, 0xED96, 0xCD36, 0xBD16, 0xB516, 0x68AC, 0xBD57,
    0x0000, 0x0000, 0x0000, 0x0000, 0x0000, 0x0000, 0x0000, 0x0000, 0x0000, 0x0000, 0x0000, 0x0000, 0x0000, 0x0000, 0x0000, 0x0000,
    0x0000, 0x0000, 0x0000, 0x0000, 0x0000, 0x0000, 0x0000, 0x0000, 0x0000, 0x0000, 0x0000, 0x0000, 0x0000, 0x0000, 0x0000, 0x0000,
    0x0000, 0x0000, 0x0000, 0x0000, 0x0000, 0x0000, 0x0000, 0x0000, 0x0000, 0x0000, 0x0000, 0x0000, 0x0000, 0x0000, 0x0000, 0x0000,
    0x0000, 0x0000, 0x0000, 0x0000, 0x0000, 0x0000, 0x0000, 0x0000, 0x0000, 0x0000, 0x0000, 0x0000, 0x0000, 0x0000, 0x0000, 0x0000,
    0x0000, 0x0000, 0x0000, 0x0000, 0x0000, 0x0000, 0x0000, 0x0000, 0x0000, 0x0000, 0x0000, 0x0000, 0x0000, 0x0000, 0x0000, 0x0000,
    0x0000, 0x0000, 0x0000, 0x0000, 0x0000, 0x0000, 0x0000, 0x0000, 0x0000, 0x0000, 0x0000, 0x0000, 0x0000, 0x0000, 0x0000, 0x0000,
    0x0000, 0x0000, 0x0000, 0x0000, 0x0000, 0x0000, 0x0000, 0x0000, 0x0000, 0x0000, 0x0000, 0x0000, 0x0000, 0x0000, 0x0000, 0x0000,
    0x0000, 0x0000, 0x0000, 0x0000, 0x0000, 0x0000, 0x0000, 0x0000, 0x0000, 0x0000, 0x0000, 0x0000, 0x0000, 0x0000, 0x0000, 0x0000,
    0x0000, 0x0000, 0xC536, 0xBD36, 0xBCB5, 0xCCD5, 0xDD15, 0xDCD4, 0xDC93, 0xDC92, 0xDC92, 0xE492, 0xEC91, 0xEC91, 0xEC91, 0xEC71,
    0xEC71, 0xEC71, 0xEC51, 0xEC51, 0xEC52, 0xEC52, 0xE452, 0xE453, 0xE453, 0xE453, 0xE453, 0xE453, 0xE473, 0xE473, 0xE493, 0xEC94,
    0xEC94, 0xECB4, 0xECD4, 0xECD5, 0xECF5, 0xED15, 0xED16, 0xF536, 0xF556, 0xF557, 0xE4B4, 0xE514, 0xE4B4, 0xEBF4, 0xEC57, 0xE478,
    0xEC99, 0xE4B9, 0xE499, 0xE499, 0xE479, 0xEC59, 0xEC58, 0xEC58, 0xEC58, 0xEC58, 0xE479, 0xDC99, 0xCCDA, 0xCD1B, 0xDD7B, 0xE57B,
    0xE53A, 0xED1A, 0xECD9, 0xF478, 0xF437, 0xF437, 0xF437, 0xFC36, 0xF496, 0xDB4F, 0xDBD0, 0xEDF8, 0xFE7A, 0xFE7A, 0xFE79, 0xFE79,
    0xFE79, 0xFE79, 0xFE79, 0xFE79, 0xFE99, 0xFEFA, 0xFF5C, 0xFF7C, 0xF6FA, 0xF678, 0xEE17, 0xF5D6, 0xF595, 0xF554, 0xF533, 0xF533,
    0xFD33, 0xFD54, 0xFD74, 0xFD94, 0xFDB4, 0xFDD5, 0xFE15, 0xFE36, 0xFE16, 0xF5D6, 0xE576, 0xC516, 0xB4F6, 0xB516, 0xACF6, 0xCDD8,
    0x0000, 0x0000, 0x0000, 0x0000, 0x0000, 0x0000, 0x0000, 0x0000, 0x0000, 0x0000, 0x0000, 0x0000, 0x0000, 0x0000, 0x0000, 0x0000,
    0x0000, 0x0000, 0x0000, 0x0000, 0x0000, 0x0000, 0x0000, 0x0000, 0x0000, 0x0000, 0x0000, 0x0000, 0x0000, 0x0000, 0x0000, 0x0000,
    0x0000, 0x0000, 0x0000, 0x0000, 0x0000, 0x0000, 0x0000, 0x0000, 0x0000, 0x0000, 0x0000, 0x0000, 0x0000, 0x0000, 0x0000, 0x0000,
    0x0000, 0x0000, 0x0000, 0x0000, 0x0000, 0x0000, 0x0000, 0x0000, 0x0000, 0x0000, 0x0000, 0x0000, 0x0000, 0x0000, 0x0000, 0x0000,
    0x0000, 0x0000, 0x0000, 0x0000, 0x0000, 0x0000, 0x0000, 0x0000, 0x0000, 0x0000, 0x0000, 0x0000, 0x0000, 0x0000, 0x0000, 0x0000,
    0x0000, 0x0000, 0x0000, 0x0000, 0x0000, 0x0000, 0x0000, 0x0000, 0x0000, 0x0000, 0x0000, 0x0000, 0x0000, 0x0000, 0x0000, 0x0000,
    0x0000, 0x0000, 0x0000, 0x0000, 0x0000, 0x0000, 0x0000, 0x0000, 0x0000, 0x0000, 0x0000, 0x0000, 0x0000, 0x0000, 0x0000, 0x0000,
    0x0000, 0x0000, 0x0000, 0x0000, 0x0000, 0x0000, 0x0000, 0x0000, 0x0000, 0x0000, 0x0000, 0x0000, 0x0000, 0x0000, 0x0000, 0x0000,
    0x0000, 0x0000, 0xCDB7, 0xCE17, 0xBCD5, 0xC4F6, 0xE556, 0xE555, 0xDCD4, 0xDC93, 0xDC92, 0xE492, 0xE492, 0xECB2, 0xEC92, 0xEC92,
    0xEC92, 0xEC72, 0xEC72, 0xEC72, 0xEC72, 0xE493, 0xE494, 0xE4B4, 0xE4B4, 0xE494, 0xE473, 0xE473, 0xE473, 0xE494, 0xE494, 0xE4B4,
    0xECB4, 0xECD4, 0xECD5, 0xECF5, 0xECF5, 0xED16, 0xF536, 0xF536, 0xF557, 0xED16, 0xDC31, 0xE534, 0xE4B4, 0xEC55, 0xE498, 0xDCF9,
    0xDCFA, 0xD51A, 0xD53B, 0xD53B, 0xD51B, 0xD4FA, 0xDCDA, 0xDCBA, 0xDCBA, 0xD4DA, 0xCCFA, 0xBD1A, 0xAD3B, 0xAD5B, 0xBD7B, 0xC59B,
    0xCDFC, 0xDE3C, 0xEE7C, 0xF67C, 0xF519, 0xF417, 0xFBF6, 0xFC16, 0xF496, 0xE3D1, 0xDB8E, 0xEDD7, 0xF679, 0xFE9A, 0xFE9A, 0xFE7A,
    0xFE79, 0xFE79, 0xFE59, 0xFE79, 0xFE79, 0xFE58, 0xFE78, 0xFEB9, 0xFE99, 0xFE78, 0xFE78, 0xF678, 0xF679, 0xF617, 0xFDB5, 0xFD74,
    0xFD74, 0xFD94, 0xFDB4, 0xFDD5, 0xFDF5, 0xFE15, 0xFE36, 0xFE36, 0xFE16, 0xEDB6, 0xD537, 0xBD16, 0xB4F6, 0xB537, 0xB536, 0xC5D8,
    0x0000, 0x0000, 0x0000, 0x0000, 0x0000, 0x0000, 0x0000, 0x0000, 0x0000, 0x0000, 0x0000, 0x0000, 0x0000, 0x0000, 0x0000, 0x0000,
    0x0000, 0x0000, 0x0000, 0x0000, 0x0000, 0x0000, 0x0000, 0x0000, 0x0000, 0x0000, 0x0000, 0x0000, 0x0000, 0x0000, 0x0000, 0x0000,
    0x0000, 0x0000, 0x0000, 0x0000, 0x0000, 0x0000, 0x0000, 0x0000, 0x0000, 0x0000, 0x0000, 0x0000, 0x0000, 0x0000, 0x0000, 0x0000,
    0x0000, 0x0000, 0x0000, 0x0000, 0x0000, 0x0000, 0x0000, 0x0000, 0x0000, 0x0000, 0x0000, 0x0000, 0x0000, 0x0000, 0x0000, 0x0000,
    0x0000, 0x0000, 0x0000, 0x0000, 0x0000, 0x0000, 0x0000, 0x0000, 0x0000, 0x0000, 0x0000, 0x0000, 0x0000, 0x0000, 0x0000, 0x0000,
    0x0000, 0x0000, 0x0000, 0x0000, 0x0000, 0x0000, 0x0000, 0x0000, 0x0000, 0x0000, 0x0000, 0x0000, 0x0000, 0x0000, 0x0000, 0x0000,
    0x0000, 0x0000, 0x0000, 0x0000, 0x0000, 0x0000, 0x0000, 0x0000, 0x0000, 0x0000, 0x0000, 0x0000, 0x0000, 0x0000, 0x0000, 0x0000,
    0x0000, 0x0000, 0x0000, 0x0000, 0x0000, 0x0000, 0x0000, 0x0000, 0x0000, 0x0000, 0x0000, 0x0000, 0x0000, 0x0000, 0x0000, 0x0000,
    0x0000, 0x0000, 0xC577, 0xBCD6, 0xBCD5, 0xBCD6, 0xD557, 0xF5D7, 0xED55, 0xDCD4, 0xDC93, 0xDC92, 0xE492, 0xECB2, 0xECB2, 0xECB2,
    0xECB2, 0xEC92, 0xEC92, 0xECF4, 0xED77, 0xEDD9, 0xEDFA, 0xEDF9, 0xEDF9, 0xE516, 0xE473, 0xE494, 0xE494, 0xE494, 0xE494, 0xECB4,
    0xECB4, 0xECD5, 0xECD5, 0xECF5, 0xECF5, 0xED16, 0xED16, 0xECF5, 0xE4B4, 0xDC11, 0xCB8E, 0xDD34, 0xE4D4, 0xE496, 0xDCF8, 0xDD59,
    0xD57A, 0xCD9B, 0xCD9B, 0xC5BB, 0xC59B, 0xC59B, 0xC57B, 0xCD5B, 0xCD5B, 0xCD5B, 0xC5BB, 0xAD9B, 0x9D9B, 0xA59B, 0xADBB, 0xB5DB,
    0xBDFC, 0xC5FC, 0xD5FC, 0xDE1C, 0xE57B, 0xF4D9, 0xF457, 0xF436, 0xF477, 0xEC13, 0xDBAF, 0xE554, 0xEC91, 0xF513, 0xF5B6, 0xFE18,
    0xFE59, 0xFE5A, 0xFE59, 0xFE59, 0xFE59, 0xFE58, 0xFE78, 0xFE58, 0xFE58, 0xFE58, 0xFE58, 0xFE58, 0xF678, 0xF6B9, 0xF6B9, 0xFDF6,
    0xFDB4, 0xFDD5, 0xFDF5, 0xFE15, 0xFE16, 0xFE36, 0xFE56, 0xFE36, 0xF5F6, 0xDD77, 0xC537, 0xB4F6, 0xB4F6, 0xACF6, 0xC577, 0x0000,
    0x0000, 0x0000, 0x0000, 0x0000, 0x0000, 0x0000, 0x0000, 0x0000, 0x0000, 0x0000, 0x0000, 0x0000, 0x0000, 0x0000, 0x0000, 0x0000,
    0x0000, 0x0000, 0x0000, 0x0000, 0x0000, 0x0000, 0x0000, 0x0000, 0x0000, 0x0000, 0x0000, 0x0000, 0x0000, 0x0000, 0x0000, 0x0000,
    0x0000, 0x0000, 0x0000, 0x0000, 0x0000, 0x0000, 0x0000, 0x0000, 0x0000, 0x0000, 0x0000, 0x0000, 0x0000, 0x0000, 0x0000, 0x0000,
    0x0000, 0x0000, 0x0000, 0x0000, 0x0000, 0x0000, 0x0000, 0x0000, 0x0000, 0x0000, 0x0000, 0x0000, 0x0000, 0x0000, 0x0000, 0x0000,
    0x0000, 0x0000, 0x0000, 0x0000, 0x0000, 0x0000, 0x0000, 0x0000, 0x0000, 0x0000, 0x0000, 0x0000, 0x0000, 0x0000, 0x0000, 0x0000,
    0x0000, 0x0000, 0x0000, 0x0000, 0x0000, 0x0000, 0x0000, 0x0000, 0x0000, 0x0000, 0x0000, 0x0000, 0x0000, 0x0000, 0x0000, 0x0000,
    0x0000, 0x0000, 0x0000, 0x0000, 0x0000, 0x0000, 0x0000, 0x0000, 0x0000, 0x0000, 0x0000, 0x0000, 0x0000, 0x0000, 0x0000, 0x0000,
    0x0000, 0x0000, 0x0000, 0x0000, 0x0000, 0x0000, 0x0000, 0x0000, 0x0000, 0x0000, 0x0000, 0x0000, 0x0000, 0x0000, 0x0000, 0x0000,
    0x0000, 0x0000, 0x0000, 0xB4B5, 0xBCF6, 0xBCD5, 0xC516, 0xEE18, 0xF617, 0xED75, 0xE4F4, 0xE4B3, 0xE492, 0xECB2, 0xECD2, 0xF4D2,
    0xECD2, 0xECD3, 0xEDB7, 0xF69B, 0xF6BC, 0xF67B, 0xF65B, 0xF63A, 0xEDB9, 0xE4B5, 0xE474, 0xE494, 0xE494, 0xE494, 0xE4B4, 0xECB4,
    0xE4B4, 0xE4D5, 0xE4D5, 0xE4D5, 0xE4B4, 0xE452, 0xD3CF, 0xCB2D, 0xC2AA, 0xBA07, 0xBA48, 0xD4D2, 0xE535, 0xE4F7, 0xE538, 0xDD79,
    0xDDBA, 0xD5BB, 0xCDDB, 0xCDDB, 0xC5DB, 0xC5DB, 0xC5DB, 0xC5DB, 0xC5BB, 0xCDBB, 0xC5DB, 0xADDC, 0xA5DC, 0xA5DC, 0xADDC, 0xB5FC,
    0xB5DC, 0xBDDB, 0xC59B, 0xCD5B, 0xDD3A, 0xED19, 0xF498, 0xF477, 0xF497, 0xEC33, 0xE411, 0xDCD2, 0xCA89, 0xD288, 0xDB0A, 0xE3CE,
    0xECD2, 0xF575, 0xF5F8, 0xF619, 0xF639, 0xF618, 0xF638, 0xFE78, 0xFE58, 0xFE38, 0xFE38, 0xFE58, 0xFE58, 0xFE58, 0xF6B9, 0xFEB9,
    0xFE36, 0xFE15, 0xFE36, 0xFE36, 0xFE56, 0xFE77, 0xFE77, 0xFE36, 0xEDB6, 0xCD57, 0xBD16, 0xACF6, 0xB537, 0xB537, 0xBD37, 0x0000,
    0x0000, 0x0000, 0x0000, 0x0000, 0x0000, 0x0000, 0x0000, 0x0000, 0x0000, 0x0000, 0x0000, 0x0000, 0x0000, 0x0000, 0x0000, 0x0000,
    0x0000, 0x0000, 0x0000, 0x0000, 0x0000, 0x0000, 0x0000, 0x0000, 0x0000, 0x0000, 0x0000, 0x0000, 0x0000, 0x0000, 0x0000, 0x0000,
    0x0000, 0x0000, 0x0000, 0x0000, 0x0000, 0x0000, 0x0000, 0x0000, 0x0000, 0x0000, 0x0000, 0x0000, 0x0000, 0x0000, 0x0000, 0x0000,
    0x0000, 0x0000, 0x0000, 0x0000, 0x0000, 0x0000, 0x0000, 0x0000, 0x0000, 0x0000, 0x0000, 0x0000, 0x0000, 0x0000, 0x0000, 0x0000,
    0x0000, 0x0000, 0x0000, 0x0000, 0x0000, 0x0000, 0x0000, 0x0000, 0x0000, 0x0000, 0x0000, 0x0000, 0x0000, 0x0000, 0x0000, 0x0000,
    0x0000, 0x0000, 0x0000, 0x0000, 0x0000, 0x0000, 0x0000, 0x0000, 0x0000, 0x0000, 0x0000, 0x0000, 0x0000, 0x0000, 0x0000, 0x0000,
    0x0000, 0x0000, 0x0000, 0x0000, 0x0000, 0x0000, 0x0000, 0x0000, 0x0000, 0x0000, 0x0000, 0x0000, 0x0000, 0x0000, 0x0000, 0x0000,
    0x0000, 0x0000, 0x0000, 0x0000, 0x0000, 0x0000, 0x0000, 0x0000, 0x0000, 0x0000, 0x0000, 0x0000, 0x0000, 0x0000, 0x0000, 0x0000,
    0x0000, 0x0000, 0x0000, 0xB4D5, 0xB515, 0xB4D5, 0xBCF6, 0xDDD7, 0xFE99, 0xF637, 0xF595, 0xED14, 0xE4D3, 0xE4B3, 0xECD3, 0xECD3,
    0xED14, 0xEE39, 0xF73D, 0xFF3D, 0xF6DC, 0xF67B, 0xF65B, 0xF63A, 0xED57, 0xE474, 0xE494, 0xE494, 0xE494, 0xE494, 0xE4B4, 0xE4B4,
    0xE4B4, 0xE493, 0xDC31, 0xD3AE, 0xCAEB, 0xC248, 0xB9E7, 0xB9C6, 0xBA06, 0xBA27, 0xBA48, 0xCBEF, 0xE596, 0xE537, 0xE598, 0xE5B9,
    0xE5B9, 0xDDDA, 0xD5DB, 0xD5FB, 0xCDFB, 0xCDFB, 0xCDFB, 0xCDFB, 0xCDFB, 0xD5FB, 0xCDFB, 0xBE1C, 0xB61C, 0xB61C, 0xB61C, 0xB61C,
    0xBDFC, 0xBDFC, 0xC5DB, 0xCD9B, 0xDD5A, 0xE519, 0xF4D8, 0xF4B7, 0xF4D7, 0xEC13, 0xE4B3, 0xDCB1, 0xD34B, 0xD2E9, 0xCAA8, 0xCA68,
    0xCA88, 0xD32B, 0xE40E, 0xECF3, 0xED96, 0xEDF8, 0xF618, 0xF638, 0xF658, 0xFE38, 0xFE38, 0xFE38, 0xFE58, 0xFE58, 0xFEBA, 0xFF1B,
    0xFEB8, 0xFE98, 0xFE77, 0xFE97, 0xFE97, 0xFE97, 0xFE77, 0xF5F6, 0xDD77, 0xC537, 0xACF6, 0xAD16, 0xFFFF, 0xEE99, 0x0000, 0x0000,
    0x0000, 0x0000, 0x0000, 0x0000, 0x0000, 0x0000, 0x0000, 0x0000, 0x0000, 0x0000, 0x0000, 0x0000, 0x0000, 0x0000, 0x0000, 0x0000,
    0x0000, 0x0000, 0x0000, 0x0000, 0x0000, 0x0000, 0x0000, 0x0000, 0x0000, 0x0000, 0x0000, 0x0000, 0x0000, 0x0000, 0x0000, 0x0000,
    0x0000, 0x0000, 0x0000, 0x0000, 0x0000, 0x0000, 0x0000, 0x0000, 0x0000, 0x0000, 0x0000, 0x0000, 0x0000, 0x0000, 0x0000, 0x0000,
    0x0000, 0x0000, 0x0000, 0x0000, 0x0000, 0x0000, 0x0000, 0x0000, 0x0000, 0x0000, 0x0000, 0x0000, 0x0000, 0x0000, 0x0000, 0x0000,
    0x0000, 0x0000, 0x0000, 0x0000, 0x0000, 0x0000, 0x0000, 0x0000, 0x0000, 0x0000, 0x0000, 0x0000, 0x0000, 0x0000, 0x0000, 0x0000,
    0x0000, 0x0000, 0x0000, 0x0000, 0x0000, 0x0000, 0x0000, 0x0000, 0x0000, 0x0000, 0x0000, 0x0000, 0x0000, 0x0000, 0x0000, 0x0000,
    0x0000, 0x0000, 0x0000, 0x0000, 0x0000, 0x0000, 0x0000, 0x0000, 0x0000, 0x0000, 0x0000, 0x0000, 0x0000, 0x0000, 0x0000, 0x0000,
    0x0000, 0x0000, 0x0000, 0x0000, 0x0000, 0x0000, 0x0000, 0x0000, 0x0000, 0x0000, 0x0000, 0x0000, 0x0000, 0x0000, 0x0000, 0x0000,
    0x0000, 0x0000, 0x0000, 0xC556, 0xAC75, 0xB4D5, 0xB4D6, 0xCD57, 0xF679, 0xFEB9, 0xFE58, 0xF5D7, 0xF575, 0xED55, 0xED55, 0xEDB7,
    0xF6BB, 0xFFBE, 0xFFBE, 0xFF3D, 0xF69C, 0xF65B, 0xF65B, 0xEDF9, 0xE4D5, 0xE494, 0xE494, 0xDC94, 0xDC94, 0xDC94, 0xDC93, 0xDC52,
    0xD3CF, 0xCB0B, 0xC268, 0xBA27, 0xBA48, 0xC2A9, 0xC30A, 0xC36B, 0xC36B, 0xBB2A, 0xBAE9, 0xC34C, 0xDD14, 0xED97, 0xEDD8, 0xEE19,
    0xE5D9, 0xE5D9, 0xE5FA, 0xDDFA, 0xDE1B, 0xDE1B, 0xD61B, 0xD61B, 0xDE1B, 0xE61B, 0xDE1B, 0xD63B, 0xC63B, 0xC63B, 0xC61B, 0xC61B,
    0xC61B, 0xCE1B, 0xD5FB, 0xDDDA, 0xE5B9, 0xED79, 0xF538, 0xF4F7, 0xF4F7, 0xE453, 0xDD14, 0xDCD1, 0xE4F0, 0xE4D0, 0xDC4E, 0xD3CC,
    0xCB2A, 0xCAA8, 0xC268, 0xCAC9, 0xDBAD, 0xE4B2, 0xED75, 0xEDD7, 0xF618, 0xF638, 0xF617, 0xF638, 0xFE38, 0xFE78, 0xFF5C, 0xFF9D,
    0xFEDA, 0xFEFA, 0xFF1A, 0xFEF9, 0xFEF9, 0xFEB8, 0xFE37, 0xEDD7, 0xCD57, 0xBD16, 0xACF6, 0xB537, 0xAD16, 0xCDB8, 0x0000, 0x0000,
    0x0000, 0x0000, 0x0000, 0x0000, 0x0000, 0x0000, 0x0000, 0x0000, 0x0000, 0x0000, 0x0000, 0x0000, 0x0000, 0x0000, 0x0000, 0x0000,
    0x0000, 0x0000, 0x0000, 0x0000, 0x0000, 0x0000, 0x0000, 0x0000, 0x0000, 0x0000, 0x0000, 0x0000, 0x0000, 0x0000, 0x0000, 0x0000,
    0x0000, 0x0000, 0x0000, 0x0000, 0x0000, 0x0000, 0x0000, 0x0000, 0x0000, 0x0000, 0x0000, 0x0000, 0x0000, 0x0000, 0x0000, 0x0000,
    0x0000, 0x0000, 0x0000, 0x0000, 0x0000, 0x0000, 0x0000, 0x0000, 0x0000, 0x0000, 0x0000, 0x0000, 0x0000, 0x0000, 0x0000, 0x0000,
    0x0000, 0x0000, 0x0000, 0x0000, 0x0000, 0x0000, 0x0000, 0x0000, 0x0000, 0x0000, 0x0000, 0x0000, 0x0000, 0x0000, 0x0000, 0x0000,
    0x0000, 0x0000, 0x0000, 0x0000, 0x0000, 0x0000, 0x0000, 0x0000, 0x0000, 0x0000, 0x0000, 0x0000, 0x0000, 0x0000, 0x0000, 0x0000,
    0x0000, 0x0000, 0x0000, 0x0000, 0x0000, 0x0000, 0x0000, 0x0000, 0x0000, 0x0000, 0x0000, 0x0000, 0x0000, 0x0000, 0x0000, 0x0000,
    0x0000, 0x0000, 0x0000, 0x0000, 0x0000, 0x0000, 0x0000, 0x0000, 0x0000, 0x0000, 0x0000, 0x0000, 0x0000, 0x0000, 0x0000, 0x0000,
    0x0000, 0x0000, 0x0000, 0xB4B5, 0xB4D5, 0xB4D5, 0xB4B5, 0xBCF6, 0xDDF8, 0xFEDA, 0xFEDA, 0xFEB9, 0xFE79, 0xFE79, 0xF6DB, 0xFF7D,
    0xFFFF, 0xFFFF, 0xFF9E, 0xFEDC, 0xF67B, 0xF65B, 0xEDF9, 0xE516, 0xE494, 0xDC94, 0xDC94, 0xD494, 0xDC93, 0xDC51, 0xD38D, 0xC2AA,
    0xBA48, 0xBA68, 0xC2E9, 0xC38C, 0xCC0D, 0xCC4E, 0xCC8F, 0xCC8F, 0xCC4E, 0xC3AC, 0xBB4B, 0xBB2B, 0xCC2F, 0xE596, 0xEDB8, 0xEE19,
    0xEDF9, 0xEDD9, 0xEDF9, 0xE5FA, 0xE61A, 0xE61A, 0xE61A, 0xE63A, 0xE63A, 0xEE3A, 0xEE3A, 0xE63B, 0xDE5B, 0xD63B, 0xD63B, 0xD63B,
    0xD63B, 0xDE1B, 0xE61A, 0xE5FA, 0xEDD9, 0xF599, 0xF578, 0xF557, 0xF4F6, 0xE4F4, 0xD4B1, 0xDCF1, 0xE593, 0xEDB3, 0xE593, 0xE532,
    0xDCB0, 0xD40D, 0xCB6B, 0xCAC9, 0xCA88, 0xCAC9, 0xDBAD, 0xE4B2, 0xE576, 0xEDD7, 0xF5F7, 0xF617, 0xF637, 0xF658, 0xFF1B, 0xFFBE,
    0xF73C, 0xF69A, 0xFF5C, 0xFF5C, 0xFF1A, 0xFE98, 0xF617, 0xDD97, 0xC537, 0xACF6, 0xACF6, 0xEE79, 0xB516, 0x0000, 0x0000, 0x0000,
    0x0000, 0x0000, 0x0000, 0x0000, 0x0000, 0x0000, 0x0000, 0x0000, 0x0000, 0x0000, 0x0000, 0x0000, 0x0000, 0x0000, 0x0000, 0x0000,
    0x0000, 0x0000, 0x0000, 0x0000, 0x0000, 0x0000, 0x0000, 0x0000, 0x0000, 0x0000, 0x0000, 0x0000, 0x0000, 0x0000, 0x0000, 0x0000,
    0x0000, 0x0000, 0x0000, 0x0000, 0x0000, 0x0000, 0x0000, 0x0000, 0x0000, 0x0000, 0x0000, 0x0000, 0x0000, 0x0000, 0x0000, 0x0000,
    0x0000, 0x0000, 0x0000, 0x0000, 0x0000, 0x0000, 0x0000, 0x0000, 0x0000, 0x0000, 0x0000, 0x0000, 0x0000, 0x0000, 0x0000, 0x0000,
    0x0000, 0x0000, 0x0000, 0x0000, 0x0000, 0x0000, 0x0000, 0x0000, 0x0000, 0x0000, 0x0000, 0x0000, 0x0000, 0x0000, 0x0000, 0x0000,
    0x0000, 0x0000, 0x0000, 0x0000, 0x0000, 0x0000, 0x0000, 0x0000, 0x0000, 0x0000, 0x0000, 0x0000, 0x0000, 0x0000, 0x0000, 0x0000,
    0x0000, 0x0000, 0x0000, 0x0000, 0x0000, 0x0000, 0x0000, 0x0000, 0x0000, 0x0000, 0x0000, 0x0000, 0x0000, 0x0000, 0x0000, 0x0000,
    0x0000, 0x0000, 0x0000, 0x0000, 0x0000, 0x0000, 0x0000, 0x0000, 0x0000, 0x0000, 0x0000, 0x0000, 0x0000, 0x0000, 0x0000, 0x0000,
    0x0000, 0x0000, 0x0000, 0x0000, 0xBD56, 0x9BF3, 0xACB5, 0xB4B5, 0xCD37, 0xEE59, 0xFEFB, 0xFF1B, 0xFF3B, 0xFF7D, 0xFFDE, 0xFFFF,
    0xFFFF, 0xFFDF, 0xFF3D, 0xF69C, 0xF67B, 0xEDF9, 0xE4F5, 0xDC74, 0xDC74, 0xDC73, 0xDC93, 0xDC51, 0xCB8D, 0xC2A9, 0xBA68, 0xBAC9,
    0xC36B, 0xCC0D, 0xCC6F, 0xD4B0, 0xD4F0, 0xD4F1, 0xD4F1, 0xD4D0, 0xCC8F, 0xC3ED, 0xBB8B, 0xBB4B, 0xBB4C, 0xCC70, 0xE596, 0xEDD8,
    0xF5F8, 0xF5F8, 0xF5F9, 0xEDF9, 0xEE19, 0xEE19, 0xEE19, 0xEE19, 0xEE39, 0xEE19, 0xE596, 0xE5D8, 0xEE3A, 0xEE5B, 0xE63B, 0xE63B,
    0xE63A, 0xEE3A, 0xEE1A, 0xEDF9, 0xF5D9, 0xF5B8, 0xF598, 0xF577, 0xE535, 0xD4B1, 0xCC4F, 0xDD52, 0xE5B3, 0xEDD4, 0xEDF4, 0xEDD4,
    0xEDB3, 0xE552, 0xDCD0, 0xD42D, 0xD36B, 0xCAC9, 0xCA88, 0xD2EA, 0xDC0E, 0xE514, 0xE5B7, 0xEDF7, 0xF617, 0xF617, 0xF678, 0xFF7C,
    0xFFBE, 0xF69A, 0xF6BA, 0xFF7D, 0xFEFA, 0xFE58, 0xEDD7, 0xD557, 0xB516, 0xACF6, 0xAD16, 0xA4F6, 0xCDB7, 0x0000, 0x0000, 0x0000,
    0x0000, 0x0000, 0x0000, 0x0000, 0x0000, 0x0000, 0x0000, 0x0000, 0x0000, 0x0000, 0x0000, 0x0000, 0x0000, 0x0000, 0x0000, 0x0000,
    0x0000, 0x0000, 0x0000, 0x0000, 0x0000, 0x0000, 0x0000, 0x0000, 0x0000, 0x0000, 0x0000, 0x0000, 0x0000, 0x0000, 0x0000, 0x0000,
    0x0000, 0x0000, 0x0000, 0x0000, 0x0000, 0x0000, 0x0000, 0x0000, 0x0000, 0x0000, 0x0000, 0x0000, 0x0000, 0x0000, 0x0000, 0x0000,
    0x0000, 0x0000, 0x0000, 0x0000, 0x0000, 0x0000, 0x0000, 0x0000, 0x0000, 0x0000, 0x0000, 0x0000, 0x0000, 0x0000, 0x0000, 0x0000,
    0x0000, 0x0000, 0x0000, 0x0000, 0x0000, 0x0000, 0x0000, 0x0000, 0x0000, 0x0000, 0x0000, 0x0000, 0x0000, 0x0000, 0x0000, 0x0000,
    0x0000, 0x0000, 0x0000, 0x0000, 0x0000, 0x0000, 0x0000, 0x0000, 0x0000, 0x0000, 0x0000, 0x0000, 0x0000, 0x0000, 0x0000, 0x0000,
    0x0000, 0x0000, 0x0000, 0x0000, 0x0000, 0x0000, 0x0000, 0x0000, 0x0000, 0x0000, 0x0000, 0x0000, 0x0000, 0x0000, 0x0000, 0x0000,
    0x0000, 0x0000, 0x0000, 0x0000, 0x0000, 0x0000, 0x0000, 0x0000, 0x0000, 0x0000, 0x0000, 0x0000, 0x0000, 0x0000, 0x0000, 0x0000,
    0x0000, 0x0000, 0x0000, 0x0000, 0xA433, 0xACB5, 0xB4B5, 0xAC95, 0xBCD6, 0xD598, 0xF69A, 0xFF1B, 0xFF5C, 0xFF9D, 0xFFBE, 0xFFDF,
    0xFFFF, 0xFF9E, 0xFEDC, 0xF67B, 0xEE19, 0xE4F5, 0xDC74, 0xDC53, 0xDC53, 0xDC72, 0xD3CE, 0xC2CA, 0xBA47, 0xBAC9, 0xC38B, 0xCC2E,
    0xCC8F, 0xD4D0, 0xD4F1, 0xD511, 0xDD11, 0xD511, 0xD511, 0xD4D0, 0xCC8F, 0xC3ED, 0xBBAC, 0xBBAC, 0xB30A, 0xBB0B, 0xCC2F, 0xE554,
    0xEDF8, 0xF619, 0xF619, 0xF619, 0xF619, 0xF619, 0xF619, 0xF619, 0xEDD7, 0xDD14, 0xD3CE, 0xD3EF, 0xE576, 0xEE39, 0xF63A, 0xF63A,
    0xF639, 0xF619, 0xF619, 0xF5F9, 0xFDD8, 0xFDD8, 0xF597, 0xE555, 0xCC71, 0xC3AD, 0xD4D0, 0xE593, 0xE5B4, 0xEDD4, 0xEDF4, 0xEDF4,
    0xEDF4, 0xEDD4, 0xEDB3, 0xE572, 0xDCD0, 0xD3ED, 0xD32A, 0xCA88, 0xCA88, 0xDB6C, 0xE4B2, 0xE576, 0xEDD7, 0xF5F7, 0xF617, 0xF6B9,
    0xFF9D, 0xF73C, 0xEE39, 0xF6DA, 0xFE99, 0xF5F8, 0xDD77, 0xC537, 0xACF6, 0xACF6, 0x08AA, 0xBD77, 0xBD57, 0x0000, 0x0000, 0x0000,
    0x0000, 0x0000, 0x0000, 0x0000, 0x0000, 0x0000, 0x0000, 0x0000, 0x0000, 0x0000, 0x0000, 0x0000, 0x0000, 0x0000, 0x0000, 0x0000,
    0x0000, 0x0000, 0x0000, 0x0000, 0x0000, 0x0000, 0x0000, 0x0000, 0x0000, 0x0000, 0x0000, 0x0000, 0x0000, 0x0000, 0x0000, 0x0000,
    0x0000, 0x0000, 0x0000, 0x0000, 0x0000, 0x0000, 0x0000, 0x0000, 0x0000, 0x0000, 0x0000, 0x0000, 0x0000, 0x0000, 0x0000, 0x0000,
    0x0000, 0x0000, 0x0000, 0x0000, 0x0000, 0x0000, 0x0000, 0x0000, 0x0000, 0x0000, 0x0000, 0x0000, 0x0000, 0x0000, 0x0000, 0x0000,
    0x0000, 0x0000, 0x0000, 0x0000, 0x0000, 0x0000, 0x0000, 0x0000, 0x0000, 0x0000, 0x0000, 0x0000, 0x0000, 0x0000, 0x0000, 0x0000,
    0x0000, 0x0000, 0x0000, 0x0000, 0x0000, 0x0000, 0x0000, 0x0000, 0x0000, 0x0000, 0x0000, 0x0000, 0x0000, 0x0000, 0x0000, 0x0000,
    0x0000, 0x0000, 0x0000, 0x0000, 0x0000, 0x0000, 0x0000, 0x0000, 0x0000, 0x0000, 0x0000, 0x0000, 0x0000, 0x0000, 0x0000, 0x0000,
    0x0000, 0x0000, 0x0000, 0x0000, 0x0000, 0x0000, 0x0000, 0x0000, 0x0000, 0x0000, 0x0000, 0x0000, 0x0000, 0x0000, 0x0000, 0x0000,
    0x0000, 0x0000, 0x0000, 0x0000, 0xFFFF, 0xD617, 0xE6D8, 0xA454, 0xAC75, 0xBCF6, 0xD598, 0xEE5A, 0xFEFB, 0xFF3C, 0xFF7D, 0xFFDE,
    0xFFDF, 0xFF3D, 0xF69B, 0xEE1A, 0xE516, 0xDC74, 0xDC53, 0xD452, 0xD410, 0xCB2B, 0xBA68, 0xBAA8, 0xC36B, 0xCC0D, 0xCC8F, 0xD4D0,
    0xD4F0, 0xD511, 0xD511, 0xDD11, 0xDD11, 0xDD11, 0xD511, 0xD4D0, 0xCC6F, 0xC3ED, 0xBBAC, 0xBBCC, 0xBBAC, 0xB2EA, 0xBACA, 0xCB8D,
    0xD491, 0xE534, 0xEDB6, 0xF5F7, 0xF5F8, 0xF5D7, 0xED96, 0xE513, 0xD450, 0xCB6C, 0xBA48, 0xC289, 0xD3CE, 0xDD13, 0xEDB6, 0xEDF8,
    0xF619, 0xF619, 0xF619, 0xF5F8, 0xF5B7, 0xED75, 0xDCD2, 0xCBEE, 0xBB4B, 0xCC2E, 0xDD52, 0xE593, 0xE5B3, 0xEDD4, 0xEDD4, 0xEDF4,
    0xEDF4, 0xEDF4, 0xEDF4, 0xEDD4, 0xE593, 0xE531, 0xDC4E, 0xD36B, 0xCAA9, 0xCA48, 0xD32B, 0xE471, 0xE555, 0xEDD7, 0xF5F7, 0xF617,
    0xF6DA, 0xFF9D, 0xEE9A, 0xEDF8, 0xF618, 0xE5B7, 0xCD37, 0xBCF6, 0xACD6, 0xACF6, 0xACF6, 0xACF6, 0x0000, 0x0000, 0x0000, 0x0000,
    0x0000, 0x0000, 0x0000, 0x0000, 0x0000, 0x0000, 0x0000, 0x0000, 0x0000, 0x0000, 0x0000, 0x0000, 0x0000, 0x0000, 0x0000, 0x0000,
    0x0000, 0x0000, 0x0000, 0x0000, 0x0000, 0x0000, 0x0000, 0x0000, 0x0000, 0x0000, 0x0000, 0x0000, 0x0000, 0x0000, 0x0000, 0x0000,
    0x0000, 0x0000, 0x0000, 0x0000, 0x0000, 0x0000, 0x0000, 0x0000, 0x0000, 0x0000, 0x0000, 0x0000, 0x0000, 0x0000, 0x0000, 0x0000,
    0x0000, 0x0000, 0x0000, 0x0000, 0x0000, 0x0000, 0x0000, 0x0000, 0x0000, 0x0000, 0x0000, 0x0000, 0x0000, 0x0000, 0x0000, 0x0000,
    0x0000, 0x0000, 0x0000, 0x0000, 0x0000, 0x0000, 0x0000, 0x0000, 0x0000, 0x0000, 0x0000, 0x0000, 0x0000, 0x0000, 0x0000, 0x0000,
    0x0000, 0x0000, 0x0000, 0x0000, 0x0000, 0x0000, 0x0000, 0x0000, 0x0000, 0x0000, 0x0000, 0x0000, 0x0000, 0x0000, 0x0000, 0x0000,
    0x0000, 0x0000, 0x0000, 0x0000, 0x0000, 0x0000, 0x0000, 0x0000, 0x0000, 0x0000, 0x0000, 0x0000, 0x0000, 0x0000, 0x0000, 0x0000,
    0x0000, 0x0000, 0x0000, 0x0000, 0x0000, 0x0000, 0x0000, 0x0000, 0x0000, 0x0000, 0x0000, 0x0000, 0x0000, 0x0000, 0x0000, 0x0000,
    0x0000, 0x0000, 0x0000, 0x0000, 0x0000, 0xCDD7, 0xA454, 0xA454, 0x9C34, 0xAC95, 0xBCF6, 0xCD58, 0xDDD9, 0xE61A, 0xF71C, 0xFFDF,
    0xFF9E, 0xF6DC, 0xF63A, 0xE516, 0xDC73, 0xDC53, 0xDC72, 0xD3EF, 0xC2A9, 0xBA67, 0xC309, 0xC3CC, 0xCC4E, 0xCCAF, 0xD4D0, 0xD4F0,
    0xD511, 0xD511, 0xD511, 0xD511, 0xD511, 0xD511, 0xD4F0, 0xCCB0, 0xCC6F, 0xC3ED, 0xBBAC, 0xBBAC, 0xBBCC, 0xBBAC, 0xB2EA, 0xB289,
    0xBAEA, 0xCB6C, 0xD3CD, 0xD40E, 0xD40F, 0xD3EE, 0xD3AD, 0xCB8C, 0xCB2B, 0xBAC9, 0xAA68, 0xB268, 0xC2A9, 0xCB2B, 0xD40F, 0xDC91,
    0xDCD2, 0xE4F3, 0xE4F3, 0xDCB2, 0xD450, 0xCBCD, 0xC34B, 0xBB0A, 0xC3AC, 0xD4D0, 0xDD52, 0xE592, 0xE5B3, 0xE5B3, 0xEDD4, 0xEDD4,
    0xEDD4, 0xEDD4, 0xEDD4, 0xEDF4, 0xEDD4, 0xEDD4, 0xE552, 0xDC8F, 0xD38B, 0xD2C9, 0xC227, 0xD2EA, 0xE450, 0xE555, 0xEDB6, 0xEDD6,
    0xF617, 0xFF1B, 0xFF5C, 0xE5F9, 0xE597, 0xD557, 0xC517, 0xACD6, 0xACF6, 0x0006, 0xFFFF, 0x0000, 0x0000, 0x0000, 0x0000, 0x0000,
    0x0000, 0x0000, 0x0000, 0x0000, 0x0000, 0x0000, 0x0000, 0x0000, 0x0000, 0x0000, 0x0000, 0x0000, 0x0000, 0x0000, 0x0000, 0x0000,
    0x0000, 0x0000, 0x0000, 0x0000, 0x0000, 0x0000, 0x0000, 0x0000, 0x0000, 0x0000, 0x0000, 0x0000, 0x0000, 0x0000, 0x0000, 0x0000,
    0x0000, 0x0000, 0x0000, 0x0000, 0x0000, 0x0000, 0x0000, 0x0000, 0x0000, 0x0000, 0x0000, 0x0000, 0x0000, 0x0000, 0x0000, 0x0000,
    0x0000, 0x0000, 0x0000, 0x0000, 0x0000, 0x0000, 0x0000, 0x0000, 0x0000, 0x0000, 0x0000, 0x0000, 0x0000, 0x0000, 0x0000, 0x0000,
    0x0000, 0x0000, 0x0000, 0x0000, 0x0000, 0x0000, 0x0000, 0x0000, 0x0000, 0x0000, 0x0000, 0x0000, 0x0000, 0x0000, 0x0000, 0x0000,
    0x0000, 0x0000, 0x0000, 0x0000, 0x0000, 0x0000, 0x0000, 0x0000, 0x0000, 0x0000, 0x0000, 0x0000, 0x0000, 0x0000, 0x0000, 0x0000,
    0x0000, 0x0000, 0x0000, 0x0000, 0x0000, 0x0000, 0x0000, 0x0000, 0x0000, 0x0000, 0x0000, 0x0000, 0x0000, 0x0000, 0x0000, 0x0000,
    0x0000, 0x0000, 0x0000, 0x0000, 0x0000, 0x0000, 0x0000, 0x0000, 0x0000, 0x0000, 0x0000, 0x0000, 0x0000, 0x0000, 0x0000, 0x0000,
    0x0000, 0x0000, 0x0000, 0x0000, 0x0000, 0x0000, 0xA454, 0xEEB7, 0x9C33, 0x9C34, 0xAC75, 0xB4B6, 0xBCF7, 0xCD99, 0xF75D, 0xFFBE,
    0xFF1D, 0xF65A, 0xE536, 0xDC53, 0xD453, 0xDC72, 0xD38E, 0xC268, 0xBA88, 0xC34A, 0xCBED, 0xCC6F, 0xD4B0, 0xD4F0, 0xD4F0, 0xD511,
    0xD511, 0xD511, 0xD511, 0xD511, 0xD4F1, 0xD4F0, 0xD4D0, 0xCC8F, 0xC44E, 0xBBED, 0xBBAC, 0xB3AC, 0xBBAC, 0xBBCC, 0xBBCC, 0xB36B,
    0xB2EA, 0xBAEA, 0xC2EA, 0xC30A, 0xC30A, 0xC32A, 0xC32B, 0xC32A, 0xBB4B, 0xBBAC, 0xC3ED, 0xBB6B, 0xBB2A, 0xC30A, 0xCB4B, 0xCB6B,
    0xCB4B, 0xCB4B, 0xCB4B, 0xCB2B, 0xCB0A, 0xC30A, 0xC32A, 0xC3AC, 0xCC6E, 0xDD11, 0xDD52, 0xE572, 0xE592, 0xE593, 0xE5B3, 0xE5B3,
    0xE5B3, 0xE5D3, 0xE5D4, 0xE5D4, 0xEDD4, 0xEDF4, 0xEDD4, 0xE573, 0xDCAF, 0xDBAB, 0xD2C9, 0xC227, 0xD2CA, 0xE450, 0xE555, 0xED96,
    0xEDB6, 0xF637, 0xFF3B, 0xF6DB, 0xD577, 0xC517, 0xB4D6, 0xACD6, 0xB517, 0xACF6, 0xC5B8, 0x0000, 0x0000, 0x0000, 0x0000, 0x0000,
    0x0000, 0x0000, 0x0000, 0x0000, 0x0000, 0x0000, 0x0000, 0x0000, 0x0000, 0x0000, 0x0000, 0x0000, 0x0000, 0x0000, 0x0000, 0x0000,
    0x0000, 0x0000, 0x0000, 0x0000, 0x0000, 0x0000, 0x0000, 0x0000, 0x0000, 0x0000, 0x0000, 0x0000, 0x0000, 0x0000, 0x0000, 0x0000,
    0x0000, 0x0000, 0x0000, 0x0000, 0x0000, 0x0000, 0x0000, 0x0000, 0x0000, 0x0000, 0x0000, 0x0000, 0x0000, 0x0000, 0x0000, 0x0000,
    0x0000, 0x0000, 0x0000, 0x0000, 0x0000, 0x0000, 0x0000, 0x0000, 0x0000, 0x0000, 0x0000, 0x0000, 0x0000, 0x0000, 0x0000, 0x0000,
    0x0000, 0x0000, 0x0000, 0x0000, 0x0000, 0x0000, 0x0000, 0x0000, 0x0000, 0x0000, 0x0000, 0x0000, 0x0000, 0x0000, 0x0000, 0x0000,
    0x0000, 0x0000, 0x0000, 0x0000, 0x0000, 0x0000, 0x0000, 0x0000, 0x0000, 0x0000, 0x0000, 0x0000, 0x0000, 0x0000, 0x0000, 0x0000,
    0x0000, 0x0000, 0x0000, 0x0000, 0x0000, 0x0000, 0x0000, 0x0000, 0x0000, 0x0000, 0x0000, 0x0000, 0x0000, 0x0000, 0x0000, 0x0000,
    0x0000, 0x0000, 0x0000, 0x0000, 0x0000, 0x0000, 0x0000, 0x0000, 0x0000, 0x0000, 0x0000, 0x0000, 0x0000, 0x0000, 0x0000, 0x0000,
    0x0000, 0x0000, 0x0000, 0x0000, 0x0000, 0x0000, 0xE6BA, 0x8BD3, 0xA474, 0x9414, 0x9C35, 0xAC76, 0xB4D7, 0xDE3A, 0xFFBE, 0xFF5D,
    0xF69B, 0xE577, 0xD473, 0xD432, 0xDC52, 0xCB6D, 0xBA48, 0xC2A8, 0xC36B, 0xCC0D, 0xCC6F, 0xD4B0, 0xD4D0, 0xD4F0, 0xD4F0, 0xD4F0,
    0xD4F0, 0xD4F0, 0xD4F0, 0xD4F1, 0xD4F0, 0xD4D0, 0xD4B0, 0xCC8F, 0xC44E, 0xC3ED, 0xBBAC, 0xB38C, 0xB3AC, 0xB3AC, 0xBBAC, 0xBBCC,
    0xBBCC, 0xBBAC, 0xBB8C, 0xBB8B, 0xBB8B, 0xBB8C, 0xBBAC, 0xBBCC, 0xC40D, 0xCCAF, 0xCCB0, 0xC42E, 0xBBED, 0xBBCD, 0xBBAC, 0xC38C,
    0xC38B, 0xC36B, 0xC36B, 0xC36B, 0xC36B, 0xBB8C, 0xC3CC, 0xCC2D, 0xD4AF, 0xDD11, 0xDD51, 0xE552, 0xE572, 0xE572, 0xE572, 0xE592,
    0xE593, 0xE5B3, 0xE5B3, 0xE5D3, 0xE5D4, 0xEDD4, 0xEDD4, 0xEDD4, 0xE573, 0xDCAF, 0xDBAB, 0xD2C9, 0xC207, 0xD2EA, 0xE471, 0xDD55,
    0xE596, 0xEDB6, 0xF678, 0xFF3C, 0xE619, 0xBCF6, 0xACD6, 0xACF6, 0x002A, 0xB537, 0x0000, 0x0000, 0x0000, 0x0000, 0x0000, 0x0000,
    0x0000, 0x0000, 0x0000, 0x0000, 0x0000, 0x0000, 0x0000, 0x0000, 0x0000, 0x0000, 0x0000, 0x0000, 0x0000, 0x0000, 0x0000, 0x0000,
    0x0000, 0x0000, 0x0000, 0x0000, 0x0000, 0x0000, 0x0000, 0x0000, 0x0000, 0x0000, 0x0000, 0x0000, 0x0000, 0x0000, 0x0000, 0x0000,
    0x0000, 0x0000, 0x0000, 0x0000, 0x0000, 0x0000, 0x0000, 0x0000, 0x0000, 0x0000, 0x0000, 0x0000, 0x0000, 0x0000, 0x0000, 0x0000,
    0x0000, 0x0000, 0x0000, 0x0000, 0x0000, 0x0000, 0x0000, 0x0000, 0x0000, 0x0000, 0x0000, 0x0000, 0x0000, 0x0000, 0x0000, 0x0000,
    0x0000, 0x0000, 0x0000, 0x0000, 0x0000, 0x0000, 0x0000, 0x0000, 0x0000, 0x0000, 0x0000, 0x0000, 0x0000, 0x0000, 0x0000, 0x0000,
    0x0000, 0x0000, 0x0000, 0x0000, 0x0000, 0x0000, 0x0000, 0x0000, 0x0000, 0x0000, 0x0000, 0x0000, 0x0000, 0x0000, 0x0000, 0x0000,
    0x0000, 0x0000, 0x0000, 0x0000, 0x0000, 0x0000, 0x0000, 0x0000, 0x0000, 0x0000, 0x0000, 0x0000, 0x0000, 0x0000, 0x0000, 0x0000,
    0x0000, 0x0000, 0x0000, 0x0000, 0x0000, 0x0000, 0x0000, 0x0000, 0x0000, 0x0000, 0x0000, 0x0000, 0x0000, 0x0000, 0x0000, 0x0000,
    0x0000, 0x0000, 0x0000, 0x0000, 0x0000, 0x0000, 0xDE79, 0xB516, 0x0003, 0x9414, 0x9414, 0xA476, 0xBD18, 0xE6FC, 0xFF9E, 0xF6DC,
    0xEDF9, 0xD494, 0xD432, 0xDC72, 0xCB8E, 0xBA48, 0xC2A8, 0xC36B, 0xCC0D, 0xCC6F, 0xD4B0, 0xD4D0, 0xD4F0, 0xD4F0, 0xD4F0, 0xD4F0,
    0xD4F0, 0xD4D0, 0xD48F, 0xD42E, 0xCC0D, 0xCBEC, 0xCBCC, 0xC3CC, 0xC3CC, 0xC3EC, 0xBBCC, 0xBBAC, 0xB3AC, 0xB3AC, 0xB3AC, 0xB3AC,
    0xBBCC, 0xBBED, 0xBBED, 0xBBED, 0xBBED, 0xBBED, 0xC40D, 0xC44E, 0xCCB0, 0xD511, 0xD4F1, 0xCC8F, 0xC44E, 0xC42E, 0xC42E, 0xC42E,
    0xC42E, 0xC40D, 0xC40D, 0xC40D, 0xC3ED, 0xC3ED, 0xC40D, 0xD46E, 0xDCF0, 0xDD10, 0xDD10, 0xDD10, 0xDCCF, 0xDCCF, 0xDCAF, 0xDCCF,
    0xE4F0, 0xE531, 0xED92, 0xEDB3, 0xEDD4, 0xEDD4, 0xEDD4, 0xEDF4, 0xEDD4, 0xED72, 0xDC8F, 0xDB6B, 0xCA88, 0xC207, 0xD34C, 0xE4B2,
    0xDD55, 0xE595, 0xEDD6, 0xF6DA, 0xF6DB, 0xC557, 0xACD6, 0xB537, 0xACD6, 0xFFFD, 0x0000, 0x0000, 0x0000, 0x0000, 0x0000, 0x0000,
    0x0000, 0x0000, 0x0000, 0x0000, 0x0000, 0x0000, 0x0000, 0x0000, 0x0000, 0x0000, 0x0000, 0x0000, 0x0000, 0x0000, 0x0000, 0x0000,
    0x0000, 0x0000, 0x0000, 0x0000, 0x0000, 0x0000, 0x0000, 0x0000, 0x0000, 0x0000, 0x0000, 0x0000, 0x0000, 0x0000, 0x0000, 0x0000,
    0x0000, 0x0000, 0x0000, 0x0000, 0x0000, 0x0000, 0x0000, 0x0000, 0x0000, 0x0000, 0x0000, 0x0000, 0x0000, 0x0000, 0x0000, 0x0000,
    0x0000, 0x0000, 0x0000, 0x0000, 0x0000, 0x0000, 0x0000, 0x0000, 0x0000, 0x0000, 0x0000, 0x0000, 0x0000, 0x0000, 0x0000, 0x0000,
    0x0000, 0x0000, 0x0000, 0x0000, 0x0000, 0x0000, 0x0000, 0x0000, 0x0000, 0x0000, 0x0000, 0x0000, 0x0000, 0x0000, 0x0000, 0x0000,
    0x0000, 0x0000, 0x0000, 0x0000, 0x0000, 0x0000, 0x0000, 0x0000, 0x0000, 0x0000, 0x0000, 0x0000, 0x0000, 0x0000, 0x0000, 0x0000,
    0x0000, 0x0000, 0x0000, 0x0000, 0x0000, 0x0000, 0x0000, 0x0000, 0x0000, 0x0000, 0x0000, 0x0000, 0x0000, 0x0000, 0x0000, 0x0000,
    0x0000, 0x0000, 0x0000, 0x0000, 0x0000, 0x0000, 0x0000, 0x0000, 0x0000, 0x0000, 0x0000, 0x0000, 0x0000, 0x0000, 0x0000, 0x0000,
    0x0000, 0x0000, 0x0000, 0x0000, 0x0000, 0x0000, 0x0000, 0x8BB2, 0x9C54, 0x9C75, 0x9435, 0xACB6, 0xD5FA, 0xF77E, 0xFF3D, 0xEE3A,
    0xDCF5, 0xD412, 0xD472, 0xD3CF, 0xBA27, 0xC288, 0xC34A, 0xCBED, 0xCC6E, 0xD4B0, 0xD4D0, 0xD4F0, 0xD4F0, 0xD4F0, 0xD4D0, 0xD48F,
    0xD40D, 0xCB8B, 0xC34A, 0xC32A, 0xC32A, 0xBB2A, 0xBB09, 0xB2E9, 0xB2A8, 0xAAC8, 0xB309, 0xB38B, 0xBBAC, 0xB3AC, 0xB3AC, 0xB3AC,
    0xBBAC, 0xBBCC, 0xBBCC, 0xBBCC, 0xBBED, 0xC42E, 0xCC6F, 0xD4D0, 0xD511, 0xDD31, 0xD511, 0xD4D0, 0xCC8F, 0xC46F, 0xC44E, 0xC44E,
    0xC44E, 0xC44E, 0xC42E, 0xC40E, 0xC40D, 0xC40D, 0xCC4E, 0xD4AF, 0xD48F, 0xD44E, 0xCC2D, 0xCC2D, 0xCC2D, 0xCC2D, 0xCC0D, 0xCC0C,
    0xCBEC, 0xD40C, 0xDC4D, 0xE4D0, 0xED72, 0xEDD4, 0xEDD4, 0xEDF4, 0xEDF4, 0xEDD4, 0xED72, 0xDC4E, 0xD32A, 0xCA27, 0xC207, 0xDBAD,
    0xDCD3, 0xE555, 0xE595, 0xEE17, 0xF6FA, 0xDE19, 0xC536, 0xBC75, 0xC5D8, 0xD619, 0x0000, 0x0000, 0x0000, 0x0000, 0x0000, 0x0000,
    0x0000, 0x0000, 0x0000, 0x0000, 0x0000, 0x0000, 0x0000, 0x0000, 0x0000, 0x0000, 0x0000, 0x0000, 0x0000, 0x0000, 0x0000, 0x0000,
    0x0000, 0x0000, 0x0000, 0x0000, 0x0000, 0x0000, 0x0000, 0x0000, 0x0000, 0x0000, 0x0000, 0x0000, 0x0000, 0x0000, 0x0000, 0x0000,
    0x0000, 0x0000, 0x0000, 0x0000, 0x0000, 0x0000, 0x0000, 0x0000, 0x0000, 0x0000, 0x0000, 0x0000, 0x0000, 0x0000, 0x0000, 0x0000,
    0x0000, 0x0000, 0x0000, 0x0000, 0x0000, 0x0000, 0x0000, 0x0000, 0x0000, 0x0000, 0x0000, 0x0000, 0x0000, 0x0000, 0x0000, 0x0000,
    0x0000, 0x0000, 0x0000, 0x0000, 0x0000, 0x0000, 0x0000, 0x0000, 0x0000, 0x0000, 0x0000, 0x0000, 0x0000, 0x0000, 0x0000, 0x0000,
    0x0000, 0x0000, 0x0000, 0x0000, 0x0000, 0x0000, 0x0000, 0x0000, 0x0000, 0x0000, 0x0000, 0x0000, 0x0000, 0x0000, 0x0000, 0x0000,
    0x0000, 0x0000, 0x0000, 0x0000, 0x0000, 0x0000, 0x0000, 0x0000, 0x0000, 0x0000, 0x0000, 0x0000, 0x0000, 0x0000, 0x0000, 0x0000,
    0x0000, 0x0000, 0x0000, 0x0000, 0x0000, 0x0000, 0x0000, 0x0000, 0x0000, 0x0000, 0x0000, 0x0000, 0x0000, 0x0000, 0x0000, 0x0000,
    0x0000, 0x0000, 0x0000, 0x0000, 0x0000, 0x0000, 0x0000, 0xFFFF, 0xEF1A, 0xFFFB, 0xACB6, 0xBD38, 0xE6DC, 0xFF7E, 0xF69B, 0xE557,
    0xD433, 0xD452, 0xD430, 0xBA48, 0xBA47, 0xC30A, 0xCBAC, 0xCC4E, 0xCC8F, 0xD4D0, 0xD4D0, 0xD4F0, 0xD4F0, 0xD48F, 0xCBCD, 0xC32A,
    0xBB0A, 0xBB4A, 0xBB8B, 0xBBAC, 0xBBAC, 0xBBCC, 0xBBAC, 0xB38B, 0xB34A, 0xAAE9, 0xA2A8, 0xA288, 0xAB09, 0xB3AC, 0xBBAC, 0xB3AC,
    0xBBAC, 0xBBCC, 0xBBED, 0xC40D, 0xC44E, 0xCC8F, 0xD4D0, 0xD511, 0xDD31, 0xDD52, 0xD531, 0xD511, 0xD4D0, 0xCCB0, 0xCC8F, 0xCC6F,
    0xC46F, 0xC44F, 0xC44E, 0xC44E, 0xCC4E, 0xCC6E, 0xD48F, 0xCC4E, 0xCC0D, 0xCC4E, 0xD48F, 0xD48F, 0xD48F, 0xD46F, 0xCC4E, 0xCC0D,
    0xC3AC, 0xC36B, 0xC36A, 0xC38B, 0xD42D, 0xE511, 0xEDD4, 0xEDF4, 0xEDF4, 0xEDF4, 0xEDB3, 0xE531, 0xDBEC, 0xD2C9, 0xC1C6, 0xC268,
    0xDC0F, 0xDCF4, 0xE555, 0xEDB6, 0xF699, 0xF6DA, 0xE618, 0xFFBD, 0xCD77, 0xCDB8, 0x0000, 0x0000, 0x0000, 0x0000, 0x0000, 0x0000,
    0x0000, 0x0000, 0x0000, 0x0000, 0x0000, 0x0000, 0x0000, 0x0000, 0x0000, 0x0000, 0x0000, 0x0000, 0x0000, 0x0000, 0x0000, 0x0000,
    0x0000, 0x0000, 0x0000, 0x0000, 0x0000, 0x0000, 0x0000, 0x0000, 0x0000, 0x0000, 0x0000, 0x0000, 0x0000, 0x0000, 0x0000, 0x0000,
    0x0000, 0x0000, 0x0000, 0x0000, 0x0000, 0x0000, 0x0000, 0x0000, 0x0000, 0x0000, 0x0000, 0x0000, 0x0000, 0x0000, 0x0000, 0x0000,
    0x0000, 0x0000, 0x0000, 0x0000, 0x0000, 0x0000, 0x0000, 0x0000, 0x0000, 0x0000, 0x0000, 0x0000, 0x0000, 0x0000, 0x0000, 0x0000,
    0x0000, 0x0000, 0x0000, 0x0000, 0x0000, 0x0000, 0x0000, 0x0000, 0x0000, 0x0000, 0x0000, 0x0000, 0x0000, 0x0000, 0x0000, 0x0000,
    0x0000, 0x0000, 0x0000, 0x0000, 0x0000, 0x0000, 0x0000, 0x0000, 0x0000, 0x0000, 0x0000, 0x0000, 0x0000, 0x0000, 0x0000, 0x0000,
    0x0000, 0x0000, 0x0000, 0x0000, 0x0000, 0x0000, 0x0000, 0x0000, 0x0000, 0x0000, 0x0000, 0x0000, 0x0000, 0x0000, 0x0000, 0x0000,
    0x0000, 0x0000, 0x0000, 0x0000, 0x0000, 0x0000, 0x0000, 0x0000, 0x0000, 0x0000, 0x0000, 0x0000, 0x0000, 0x0000, 0x0000, 0x0000,
    0x0000, 0x0000, 0x0000, 0x0000, 0x0000, 0x0000, 0x0000, 0x0000, 0xE6BA, 0xCDB9, 0xC538, 0xD5FA, 0xF75D, 0xF6FC, 0xE5D8, 0xD473,
    0xD432, 0xDC72, 0xC2CA, 0xB9E6, 0xC2C9, 0xCB8B, 0xCC0D, 0xCC6F, 0xD4B0, 0xD4D0, 0xD4F0, 0xD4F0, 0xD44E, 0xC34B, 0xB2A8, 0xB2C8,
    0xB309, 0xA2C9, 0x9A67, 0x9247, 0x8A06, 0x8A06, 0x8A06, 0x8A26, 0x9267, 0x9AA8, 0xA2C9, 0xA2C9, 0xA288, 0xAAE9, 0xB38B, 0xBBAC,
    0xBBCC, 0xBBED, 0xC40D, 0xC44E, 0xCC6F, 0xCCB0, 0xD4F0, 0xDD31, 0xDD52, 0xDD52, 0xDD51, 0xDD31, 0xD511, 0xD4F0, 0xD4D0, 0xCCB0,
    0xCCAF, 0xCC8F, 0xCC8F, 0xCC8F, 0xCC8F, 0xCC8F, 0xC42D, 0xCC4E, 0xCC8F, 0xCC4F, 0xBBCD, 0xA32B, 0x9AC9, 0x8A88, 0x8A68, 0x8A68,
    0x9288, 0xA2A8, 0xB2C9, 0xB2E9, 0xBB09, 0xC38B, 0xDCAF, 0xEDB4, 0xEDF5, 0xEDF4, 0xEDF4, 0xED93, 0xE4D0, 0xDB6B, 0xCA48, 0xB9C6,
    0xCB0A, 0xDC91, 0xDD35, 0xE575, 0xEE17, 0xF6DA, 0xEE59, 0xD556, 0xDDB7, 0x07FF, 0x0000, 0x0000, 0x0000, 0x0000, 0x0000, 0x0000,
    0x0000, 0x0000, 0x0000, 0x0000, 0x0000, 0x0000, 0x0000, 0x0000, 0x0000, 0x0000, 0x0000, 0x0000, 0x0000, 0x0000, 0x0000, 0x0000,
    0x0000, 0x0000, 0x0000, 0x0000, 0x0000, 0x0000, 0x0000, 0x0000, 0x0000, 0x0000, 0x0000, 0x0000, 0x0000, 0x0000, 0x0000, 0x0000,
    0x0000, 0x0000, 0x0000, 0x0000, 0x0000, 0x0000, 0x0000, 0x0000, 0x0000, 0x0000, 0x0000, 0x0000, 0x0000, 0x0000, 0x0000, 0x0000,
    0x0000, 0x0000, 0x0000, 0x0000, 0x0000, 0x0000, 0x0000, 0x0000, 0x0000, 0x0000, 0x0000, 0x0000, 0x0000, 0x0000, 0x0000, 0x0000,
    0x0000, 0x0000, 0x0000, 0x0000, 0x0000, 0x0000, 0x0000, 0x0000, 0x0000, 0x0000, 0x0000, 0x0000, 0x0000, 0x0000, 0x0000, 0x0000,
    0x0000, 0x0000, 0x0000, 0x0000, 0x0000, 0x0000, 0x0000, 0x0000, 0x0000, 0x0000, 0x0000, 0x0000, 0x0000, 0x0000, 0x0000, 0x0000,
    0x0000, 0x0000, 0x0000, 0x0000, 0x0000, 0x0000, 0x0000, 0x0000, 0x0000, 0x0000, 0x0000, 0x0000, 0x0000, 0x0000, 0x0000, 0x0000,
    0x0000, 0x0000, 0x0000, 0x0000, 0x0000, 0x0000, 0x0000, 0x0000, 0x0000, 0x0000, 0x0000, 0x0000, 0x0000, 0x0000, 0x0000, 0x0000,
    0x0000, 0x0000, 0x0000, 0x0000, 0x0000, 0x0000, 0x0000, 0x0000, 0xDE5B, 0xEEFC, 0xD5F9, 0xEEDC, 0xFF5D, 0xEE3A, 0xD4D5, 0xCC32,
    0xDC93, 0xD38E, 0xB9E7, 0xC268, 0xCB4A, 0xCBCC, 0xCC4E, 0xD48F, 0xD4D0, 0xD4F0, 0xD4D0, 0xCC0D, 0xBAEA, 0xAA67, 0xA267, 0x9A47,
    0x81E5, 0x7164, 0x6923, 0x6103, 0x5902, 0x58E2, 0x5902, 0x5903, 0x5903, 0x6123, 0x71A5, 0x8A27, 0x9AA8, 0xAAE9, 0xAB09, 0xB38B,
    0xBBCC, 0xBBED, 0xC42E, 0xC46F, 0xCCB0, 0xD4F0, 0xD511, 0xDD51, 0xDD72, 0xDD72, 0xDD72, 0xDD52, 0xDD31, 0xDD31, 0xD511, 0xD4F0,
    0xD4F0, 0xD4D0, 0xD4D0, 0xD4D0, 0xD4D0, 0xCC6F, 0xCC4E, 0xBBED, 0x9AC9, 0x71E6, 0x5944, 0x5123, 0x4903, 0x4903, 0x48E3, 0x48E2,
    0x50E2, 0x5903, 0x7164, 0x89E5, 0xA267, 0xB2C8, 0xBB4A, 0xD48F, 0xEDD4, 0xEE15, 0xEDF4, 0xEDD4, 0xED72, 0xE42E, 0xD2E9, 0xC1C6,
    0xB9E7, 0xDBAD, 0xDCD3, 0xDD35, 0xE595, 0xF678, 0xF699, 0xDDF8, 0xFEBA, 0xD5B7, 0x0000, 0x0000, 0x0000, 0x0000, 0x0000, 0x0000,
    0x0000, 0x0000, 0x0000, 0x0000, 0x0000, 0x0000, 0x0000, 0x0000, 0x0000, 0x0000, 0x0000, 0x0000, 0x0000, 0x0000, 0x0000, 0x0000,
    0x0000, 0x0000, 0x0000, 0x0000, 0x0000, 0x0000, 0x0000, 0x0000, 0x0000, 0x0000, 0x0000, 0x0000, 0x0000, 0x0000, 0x0000, 0x0000,
    0x0000, 0x0000, 0x0000, 0x0000, 0x0000, 0x0000, 0x0000, 0x0000, 0x0000, 0x0000, 0x0000, 0x0000, 0x0000, 0x0000, 0x0000, 0x0000,
    0x0000, 0x0000, 0x0000, 0x0000, 0x0000, 0x0000, 0x0000, 0x0000, 0x0000, 0x0000, 0x0000, 0x0000, 0x0000, 0x0000, 0x0000, 0x0000,
    0x0000, 0x0000, 0x0000, 0x0000, 0x0000, 0x0000, 0x0000, 0x0000, 0x0000, 0x0000, 0x0000, 0x0000, 0x0000, 0x0000, 0x0000, 0x0000,
    0x0000, 0x0000, 0x0000, 0x0000, 0x0000, 0x0000, 0x0000, 0x0000, 0x0000, 0x0000, 0x0000, 0x0000, 0x0000, 0x0000, 0x0000, 0x0000,
    0x0000, 0x0000, 0x0000, 0x0000, 0x0000, 0x0000, 0x0000, 0x0000, 0x0000, 0x0000, 0x0000, 0x0000, 0x0000, 0x0000, 0x0000, 0x0000,
    0x0000, 0x0000, 0x0000, 0x0000, 0x0000, 0x0000, 0x0000, 0x0000, 0x0000, 0x0000, 0x0000, 0x0000, 0x0000, 0x0000, 0x0000, 0x0000,
    0x0000, 0x0000, 0x0000, 0x0000, 0x0000, 0x0000, 0x0000, 0xE71D, 0xDE5B, 0xD63A, 0xE6BC, 0xF75D, 0xF6BB, 0xDD57, 0xCC32, 0xD452,
    0xDC51, 0xBA48, 0xC206, 0xCAE9, 0xCB8C, 0xCC0E, 0xD46F, 0xD4B0, 0xD48F, 0xD48F, 0xCBED, 0xB2C9, 0xA247, 0x9A06, 0x81A5, 0x7143,
    0x6103, 0x5103, 0x5103, 0x5144, 0x5965, 0x5985, 0x5985, 0x5985, 0x5985, 0x5964, 0x5124, 0x5923, 0x7185, 0x9267, 0xAB2A, 0xB36B,
    0xBBAC, 0xBC0D, 0xC44E, 0xCC6F, 0xCCB0, 0xD4F0, 0xDD31, 0xDD52, 0xDD72, 0xDD72, 0xDD72, 0xDD72, 0xDD72, 0xDD51, 0xDD31, 0xDD31,
    0xDD31, 0xD511, 0xD511, 0xD511, 0xD4F0, 0xCC6E, 0xA32A, 0x7A07, 0x61A6, 0x61C6, 0x6208, 0x6A48, 0x6A49, 0x6A28, 0x6208, 0x61C7,
    0x5985, 0x5124, 0x50E3, 0x5902, 0x7164, 0x91E6, 0xA287, 0xBB2A, 0xDCAF, 0xEDF5, 0xF615, 0xF615, 0xEDB3, 0xE4F0, 0xDB8B, 0xCA48,
    0xB185, 0xCACA, 0xDC51, 0xDCF4, 0xE555, 0xEDF6, 0xF679, 0xE618, 0xCCF5, 0xDDB7, 0x0000, 0x0000, 0x0000, 0x0000, 0x0000, 0x0000,
    0x0000, 0x0000, 0x0000, 0x0000, 0x0000, 0x0000, 0x0000, 0x0000, 0x0000, 0x0000, 0x0000, 0x0000, 0x0000, 0x0000, 0x0000, 0x0000,
    0x0000, 0x0000, 0x0000, 0x0000, 0x0000, 0x0000, 0x0000, 0x0000, 0x0000, 0x0000, 0x0000, 0x0000, 0x0000, 0x0000, 0x0000, 0x0000,
    0x0000, 0x0000, 0x0000, 0x0000, 0x0000, 0x0000, 0x0000, 0x0000, 0x0000, 0x0000, 0x0000, 0x0000, 0x0000, 0x0000, 0x0000, 0x0000,
    0x0000, 0x0000, 0x0000, 0x0000, 0x0000, 0x0000, 0x0000, 0x0000, 0x0000, 0x0000, 0x0000, 0x0000, 0x0000, 0x0000, 0x0000, 0x0000,
    0x0000, 0x0000, 0x0000, 0x0000, 0x0000, 0x0000, 0x0000, 0x0000, 0x0000, 0x0000, 0x0000, 0x0000, 0x0000, 0x0000, 0x0000, 0x0000,
    0x0000, 0x0000, 0x0000, 0x0000, 0x0000, 0x0000, 0x0000, 0x0000, 0x0000, 0x0000, 0x0000, 0x0000, 0x0000, 0x0000, 0x0000, 0x0000,
    0x0000, 0x0000, 0x0000, 0x0000, 0x0000, 0x0000, 0x0000, 0x0000, 0x0000, 0x0000, 0x0000, 0x0000, 0x0000, 0x0000, 0x0000, 0x0000,
    0x0000, 0x0000, 0x0000, 0x0000, 0x0000, 0x0000, 0x0000, 0x0000, 0x0000, 0x0000, 0x0000, 0x0000, 0x0000, 0x0000, 0x0000, 0x0000,
    0x0000, 0x0000, 0x0000, 0x0000, 0x0000, 0x0000, 0x0000, 0xC352, 0xDE5B, 0xDE7B, 0xEF1D, 0xF73D, 0xE5F9, 0xCC94, 0xCC12, 0xDC93,
    0xCB4C, 0xB9A6, 0xC268, 0xCB2A, 0xCBCD, 0xCC2E, 0xD48F, 0xD4B0, 0xC40D, 0xAAC9, 0xAA88, 0xA226, 0x91C5, 0x7964, 0x6123, 0x5103,
    0x5144, 0x61C6, 0x6A48, 0x72AA, 0x7ACB, 0x7AEB, 0x7B0C, 0x7AEB, 0x7ACB, 0x7AAA, 0x7269, 0x6A07, 0x6185, 0x6964, 0x8A47, 0xB38B,
    0xBBAC, 0xBC0D, 0xC44E, 0xCC8F, 0xD4D0, 0xD511, 0xDD31, 0xDD72, 0xDD72, 0xE592, 0xE592, 0xE592, 0xDD72, 0xDD72, 0xDD72, 0xDD72,
    0xDD51, 0xDD51, 0xDD51, 0xDD31, 0xCCAF, 0x9B2A, 0x7A69, 0x7ACB, 0x836D, 0x93F0, 0x9C31, 0x9C51, 0x9C51, 0xA471, 0x9C51, 0x9C10,
    0x8B6D, 0x7AAA, 0x6A07, 0x5965, 0x5103, 0x6923, 0x81A4, 0xA247, 0xBB2A, 0xDD11, 0xEDB4, 0xE572, 0xEDD4, 0xED72, 0xE44E, 0xD2C9,
    0xB9A6, 0xB1C6, 0xDBCE, 0xDCB2, 0xDD34, 0xE575, 0xF637, 0xEE18, 0xDD97, 0xEDF7, 0x0000, 0x0000, 0x0000, 0x0000, 0x0000, 0x0000,
    0x0000, 0x0000, 0x0000, 0x0000, 0x0000, 0x0000, 0x0000, 0x0000, 0x0000, 0x0000, 0x0000, 0x0000, 0x0000, 0x0000, 0x0000, 0x0000,
    0x0000, 0x0000, 0x0000, 0x0000, 0x0000, 0x0000, 0x0000, 0x0000, 0x0000, 0x0000, 0x0000, 0x0000, 0x0000, 0x0000, 0x0000, 0x0000,
    0x0000, 0x0000, 0x0000, 0x0000, 0x0000, 0x0000, 0x0000, 0x0000, 0x0000, 0x0000, 0x0000, 0x0000, 0x0000, 0x0000, 0x0000, 0x0000,
    0x0000, 0x0000, 0x0000, 0x0000, 0x0000, 0x0000, 0x0000, 0x0000, 0x0000, 0x0000, 0x0000, 0x0000, 0x0000, 0x0000, 0x0000, 0x0000,
    0x0000, 0x0000, 0x0000, 0x0000, 0x0000, 0x0000, 0x0000, 0x0000, 0x0000, 0x0000, 0x0000, 0x0000, 0x0000, 0x0000, 0x0000, 0x0000,
    0x0000, 0x0000, 0x0000, 0x0000, 0x0000, 0x0000, 0x0000, 0x0000, 0x0000, 0x0000, 0x0000, 0x0000, 0x0000, 0x0000, 0x0000, 0x0000,
    0x0000, 0x0000, 0x0000, 0x0000, 0x0000, 0x0000, 0x0000, 0x0000, 0x0000, 0x0000, 0x0000, 0x0000, 0x0000, 0x0000, 0x0000, 0x0000,
    0x0000, 0x0000, 0x0000, 0x0000, 0x0000, 0x0000, 0x0000, 0x0000, 0x0000, 0x0000, 0x0000, 0x0000, 0x0000, 0x0000, 0x0000, 0x0000,
    0x0000, 0x0000, 0x0000, 0x0000, 0x0000, 0x0000, 0x0000, 0xDE5B, 0xFF5D, 0xE69B, 0xF73D, 0xF6BB, 0xD516, 0xC412, 0xD452, 0xDC51,
    0xBA28, 0xB9C6, 0xCAC9, 0xCB8B, 0xCC0D, 0xCC6F, 0xD490, 0xD4D0, 0xD48F, 0xAAC9, 0x91E5, 0x89A5, 0x7164, 0x6123, 0x5165, 0x6228,
    0x7AEC, 0x838E, 0x9410, 0x9C72, 0x9C93, 0x9C72, 0x9411, 0x8BD0, 0x8BAF, 0x8BAF, 0x8BAF, 0x8B8E, 0x830C, 0x7269, 0x69A5, 0x9267,
    0xBBCC, 0xC40D, 0xCC6E, 0xCC8F, 0xD4D0, 0xDD11, 0xDD51, 0xDD72, 0xE592, 0xE592, 0xE592, 0xE592, 0xE592, 0xE592, 0xE592, 0xE592,
    0xDD92, 0xDD92, 0xDD72, 0xD511, 0xA3AC, 0x8B4C, 0x9410, 0xACD4, 0xACD3, 0x9431, 0x838E, 0x7B2D, 0x7B0C, 0x832C, 0x93EF, 0xACF3,
    0xC5B6, 0xBD75, 0xA451, 0x830C, 0x7228, 0x5944, 0x6103, 0x8184, 0x9A06, 0xAAC8, 0xBB8B, 0xDCF1, 0xF615, 0xEDD4, 0xE4F0, 0xDB6B,
    0xCA07, 0xA144, 0xC30B, 0xDC71, 0xDCF4, 0xDD55, 0xEDD6, 0xEDF7, 0xDD97, 0xEE17, 0xCDD8, 0x0000, 0x0000, 0x0000, 0x0000, 0x0000,
    0x0000, 0x0000, 0x0000, 0x0000, 0x0000, 0x0000, 0x0000, 0x0000, 0x0000, 0x0000, 0x0000, 0x0000, 0x0000, 0x0000, 0x0000, 0x0000,
    0x0000, 0x0000, 0x0000, 0x0000, 0x0000, 0x0000, 0x0000, 0x0000, 0x0000, 0x0000, 0x0000, 0x0000, 0x0000, 0x0000, 0x0000, 0x0000,
    0x0000, 0x0000, 0x0000, 0x0000, 0x0000, 0x0000, 0x0000, 0x0000, 0x0000, 0x0000, 0x0000, 0x0000, 0x0000, 0x0000, 0x0000, 0x0000,
    0x0000, 0x0000, 0x0000, 0x0000, 0x0000, 0x0000, 0x0000, 0x0000, 0x0000, 0x0000, 0x0000, 0x0000, 0x0000, 0x0000, 0x0000, 0x0000,
    0x0000, 0x0000, 0x0000, 0x0000, 0x0000, 0x0000, 0x0000, 0x0000, 0x0000, 0x0000, 0x0000, 0x0000, 0x0000, 0x0000, 0x0000, 0x0000,
    0x0000, 0x0000, 0x0000, 0x0000, 0x0000, 0x0000, 0x0000, 0x0000, 0x0000, 0x0000, 0x0000, 0x0000, 0x0000, 0x0000, 0x0000, 0x0000,
    0x0000, 0x0000, 0x0000, 0x0000, 0x0000, 0x0000, 0x0000, 0x0000, 0x0000, 0x0000, 0x0000, 0x0000, 0x0000, 0x0000, 0x0000, 0x0000,
    0x0000, 0x0000, 0x0000, 0x0000, 0x0000, 0x0000, 0x0000, 0x0000, 0x0000, 0x0000, 0x0000, 0x0000, 0x0000, 0x0000, 0x0000, 0x0000,
    0x0000, 0x0000, 0x0000, 0x0000, 0x0000, 0x0000, 0xDE19, 0xDE3A, 0xD5D9, 0xEEBC, 0xF71C, 0xE5F9, 0xCC53, 0xCC12, 0xDC93, 0xCB6D,
    0xB185, 0xC227, 0xCB0A, 0xCBAC, 0xCC2E, 0xCC6F, 0xD4B0, 0xD4D0, 0xCC6F, 0xAAE9, 0x89C5, 0x7163, 0x5123, 0x59C6, 0x7B0C, 0x9411,
    0xA4F4, 0xB576, 0xBDB7, 0xAD14, 0x93EF, 0x7AEB, 0x6A48, 0x6A07, 0x6207, 0x6A28, 0x728A, 0x7B4D, 0x8BD0, 0x8BAF, 0x82EB, 0x7A07,
    0xA30A, 0xC42E, 0xCC6F, 0xCCAF, 0xD4F0, 0xDD31, 0xDD52, 0xDD72, 0xE592, 0xE593, 0xE593, 0xE593, 0xE593, 0xE5B3, 0xE5B3, 0xE5B3,
    0xE5B3, 0xE5B3, 0xDD92, 0xBC6F, 0x9BEF, 0xACF4, 0xBD76, 0x9C51, 0x7B0C, 0x8B6E, 0xA493, 0xB535, 0xA431, 0x82AA, 0x7207, 0x6A28,
    0x8B6D, 0xBD55, 0xD67A, 0xC5B6, 0xA430, 0x82AA, 0x61A5, 0x6923, 0x8164, 0x91E5, 0xBBAC, 0xEE15, 0xF656, 0xF615, 0xED72, 0xE40D,
    0xD268, 0xA944, 0xAA08, 0xDC10, 0xDCB2, 0xDD14, 0xE576, 0xEDD7, 0xE596, 0xC5B8, 0xCDD8, 0x0000, 0x0000, 0x0000, 0x0000, 0x0000,
    0x0000, 0x0000, 0x0000, 0x0000, 0x0000, 0x0000, 0x0000, 0x0000, 0x0000, 0x0000, 0x0000, 0x0000, 0x0000, 0x0000, 0x0000, 0x0000,
    0x0000, 0x0000, 0x0000, 0x0000, 0x0000, 0x0000, 0x0000, 0x0000, 0x0000, 0x0000, 0x0000, 0x0000, 0x0000, 0x0000, 0x0000, 0x0000,
    0x0000, 0x0000, 0x0000, 0x0000, 0x0000, 0x0000, 0x0000, 0x0000, 0x0000, 0x0000, 0x0000, 0x0000, 0x0000, 0x0000, 0x0000, 0x0000,
    0x0000, 0x0000, 0x0000, 0x0000, 0x0000, 0x0000, 0x0000, 0x0000, 0x0000, 0x0000, 0x0000, 0x0000, 0x0000, 0x0000, 0x0000, 0x0000,
    0x0000, 0x0000, 0x0000, 0x0000, 0x0000, 0x0000, 0x0000, 0x0000, 0x0000, 0x0000, 0x0000, 0x0000, 0x0000, 0x0000, 0x0000, 0x0000,
    0x0000, 0x0000, 0x0000, 0x0000, 0x0000, 0x0000, 0x0000, 0x0000, 0x0000, 0x0000, 0x0000, 0x0000, 0x0000, 0x0000, 0x0000, 0x0000,
    0x0000, 0x0000, 0x0000, 0x0000, 0x0000, 0x0000, 0x0000, 0x0000, 0x0000, 0x0000, 0x0000, 0x0000, 0x0000, 0x0000, 0x0000, 0x0000,
    0x0000, 0x0000, 0x0000, 0x0000, 0x0000, 0x0000, 0x0000, 0x0000, 0x0000, 0x0000, 0x0000, 0x0000, 0x0000, 0x0000, 0x0000, 0x0000,
    0x0000, 0x0000, 0x0000, 0x0000, 0x0000, 0x0000, 0xDEBC, 0xE61A, 0xDE3A, 0xEE9B, 0xEE7B, 0xD515, 0xC412, 0xD452, 0xDC72, 0xC289,
    0xB185, 0xC268, 0xCB4A, 0xCBED, 0xCC2E, 0xCC6F, 0xD4B0, 0xD4B0, 0xBB8B, 0x9A26, 0x7984, 0x5123, 0x6207, 0x8BAF, 0xA4F4, 0xBDD8,
    0xCE59, 0xC5F8, 0x9C10, 0x7228, 0x6184, 0x6164, 0x6164, 0x6985, 0x69A5, 0x61A6, 0x61A6, 0x59A6, 0x6269, 0x8BAF, 0x9411, 0x830C,
    0x8A68, 0xBBED, 0xCC8F, 0xD4B0, 0xD4F0, 0xDD31, 0xDD72, 0xE592, 0xE592, 0xE593, 0xE5B3, 0xE5B3, 0xE5B3, 0xE5B3, 0xE5B3, 0xE5B3,
    0xE5B3, 0xE5B3, 0xD532, 0xB491, 0xBD55, 0xBDB6, 0x93AE, 0x72AB, 0x9C32, 0xC5D8, 0xE6BC, 0xEF3D, 0xEF3D, 0xCD96, 0xA38E, 0x92A9,
    0x7206, 0x7248, 0xA492, 0xDEDB, 0xD67A, 0xB4D3, 0x8B0B, 0x69C6, 0x6943, 0x89C5, 0xB309, 0xE593, 0xF656, 0xF636, 0xEDD4, 0xE48F,
    0xD2EA, 0xB985, 0x9165, 0xD3AE, 0xDC72, 0xDCF4, 0xE535, 0xEDB6, 0xE576, 0xD576, 0xD577, 0x0000, 0x0000, 0x0000, 0x0000, 0x0000,
    0x0000, 0x0000, 0x0000, 0x0000, 0x0000, 0x0000, 0x0000, 0x0000, 0x0000, 0x0000, 0x0000, 0x0000, 0x0000, 0x0000, 0x0000, 0x0000,
    0x0000, 0x0000, 0x0000, 0x0000, 0x0000, 0x0000, 0x0000, 0x0000, 0x0000, 0x0000, 0x0000, 0x0000, 0x0000, 0x0000, 0x0000, 0x0000,
    0x0000, 0x0000, 0x0000, 0x0000, 0x0000, 0x0000, 0x0000, 0x0000, 0x0000, 0x0000, 0x0000, 0x0000, 0x0000, 0x0000, 0x0000, 0x0000,
    0x0000, 0x0000, 0x0000, 0x0000, 0x0000, 0x0000, 0x0000, 0x0000, 0x0000, 0x0000, 0x0000, 0x0000, 0x0000, 0x0000, 0x0000, 0x0000,
    0x0000, 0x0000, 0x0000, 0x0000, 0x0000, 0x0000, 0x0000, 0x0000, 0x0000, 0x0000, 0x0000, 0x0000, 0x0000, 0x0000, 0x0000, 0x0000,
    0x0000, 0x0000, 0x0000, 0x0000, 0x0000, 0x0000, 0x0000, 0x0000, 0x0000, 0x0000, 0x0000, 0x0000, 0x0000, 0x0000, 0x0000, 0x0000,
    0x0000, 0x0000, 0x0000, 0x0000, 0x0000, 0x0000, 0x0000, 0x0000, 0x0000, 0x0000, 0x0000, 0x0000, 0x0000, 0x0000, 0x0000, 0x0000,
    0x0000, 0x0000, 0x0000, 0x0000, 0x0000, 0x0000, 0x0000, 0x0000, 0x0000, 0x0000, 0x0000, 0x0000, 0x0000, 0x0000, 0x0000, 0x0000,
    0x0000, 0x0000, 0x0000, 0x0000, 0x0000, 0x0000, 0xDE3A, 0xFE78, 0xE63A, 0xEE3A, 0xDDB8, 0xC453, 0xC411, 0xD473, 0xD410, 0xB1A6,
    0xB9A6, 0xC2C9, 0xCB8B, 0xCBED, 0xCC4E, 0xCC8F, 0xCCB0, 0xC42E, 0xA2A8, 0x89E5, 0x5943, 0x5A07, 0x8BF0, 0xB576, 0xC639, 0xD69A,
    0xBDB7, 0x830B, 0x6985, 0x6964, 0x69A5, 0x71A5, 0x71C5, 0x71E6, 0x7207, 0x7A69, 0x82CB, 0x7A8A, 0x59C7, 0x5A08, 0x83AF, 0x9C31,
    0x8B0B, 0xA32A, 0xCCAF, 0xD4D0, 0xD511, 0xDD51, 0xDD72, 0xE592, 0xE593, 0xE5B3, 0xE5B3, 0xE5B3, 0xE5B3, 0xE5D3, 0xE5D4, 0xE5D4,
    0xE5D4, 0xE5B3, 0xCD33, 0xBD76, 0xC5D7, 0x938D, 0x7207, 0x93AF, 0xACB4, 0xB536, 0xC5B8, 0xD63A, 0xE6BB, 0xEEFC, 0xC555, 0x9B0B,
    0x9288, 0x8227, 0x71E6, 0xA471, 0xDEDB, 0xDEBB, 0xBD14, 0x932C, 0x71A5, 0x7964, 0xA246, 0xCC4E, 0xF636, 0xF636, 0xF615, 0xE532,
    0xDB6B, 0xC1E6, 0x8903, 0xBAEB, 0xDC71, 0xDCD3, 0xDD15, 0xE576, 0xE576, 0xDD56, 0xDD56, 0xD619, 0x0000, 0x0000, 0x0000, 0x0000,
    0x0000, 0x0000, 0x0000, 0x0000, 0x0000, 0x0000, 0x0000, 0x0000, 0x0000, 0x0000, 0x0000, 0x0000, 0x0000, 0x0000, 0x0000, 0x0000,
    0x0000, 0x0000, 0x0000, 0x0000, 0x0000, 0x0000, 0x0000, 0x0000, 0x0000, 0x0000, 0x0000, 0x0000, 0x0000, 0x0000, 0x0000, 0x0000,
    0x0000, 0x0000, 0x0000, 0x0000, 0x0000, 0x0000, 0x0000, 0x0000, 0x0000, 0x0000, 0x0000, 0x0000, 0x0000, 0x0000, 0x0000, 0x0000,
    0x0000, 0x0000, 0x0000, 0x0000, 0x0000, 0x0000, 0x0000, 0x0000, 0x0000, 0x0000, 0x0000, 0x0000, 0x0000, 0x0000, 0x0000, 0x0000,
    0x0000, 0x0000, 0x0000, 0x0000, 0x0000, 0x0000, 0x0000, 0x0000, 0x0000, 0x0000, 0x0000, 0x0000, 0x0000, 0x0000, 0x0000, 0x0000,
    0x0000, 0x0000, 0x0000, 0x0000, 0x0000, 0x0000, 0x0000, 0x0000, 0x0000, 0x0000, 0x0000, 0x0000, 0x0000, 0x0000, 0x0000, 0x0000,
    0x0000, 0x0000, 0x0000, 0x0000, 0x0000, 0x0000, 0x0000, 0x0000, 0x0000, 0x0000, 0x0000, 0x0000, 0x0000, 0x0000, 0x0000, 0x0000,
    0x0000, 0x0000, 0x0000, 0x0000, 0x0000, 0x0000, 0x0000, 0x0000, 0x0000, 0x0000, 0x0000, 0x0000, 0x0000, 0x0000, 0x0000, 0x0000,
    0x0000, 0x0000, 0x0000, 0x0000, 0x0000, 0x0000, 0xDDD9, 0xD5D9, 0xDDD9, 0xDDB8, 0xCCF5, 0xC412, 0xCC32, 0xDC93, 0xCB4D, 0xA944,
    0xBA06, 0xC2E9, 0xCBAC, 0xC40D, 0xCC4E, 0xCC6F, 0xCC8F, 0xB34B, 0x9A26, 0x7184, 0x59C6, 0x8BCF, 0xB576, 0xC659, 0xCE9A, 0xBDD7,
    0x82EA, 0x6984, 0x69A5, 0x69A5, 0x69A5, 0x6185, 0x6185, 0x61A5, 0x69C5, 0x69E6, 0x7248, 0x7ACB, 0x728A, 0x61C7, 0x59E7, 0x8BD0,
    0x9C10, 0x9B0B, 0xC44E, 0xD4F0, 0xD511, 0xDD51, 0xDD72, 0xE592, 0xE5B3, 0xE5B3, 0xE5B3, 0xE5D3, 0xE5D4, 0xE5D4, 0xEDD4, 0xEDF4,
    0xEDD4, 0xE5B4, 0xCD95, 0xCE18, 0xA450, 0x71E6, 0x7207, 0x72AB, 0x72ED, 0x834E, 0x93D0, 0xA493, 0xBD36, 0xCDF8, 0xBD56, 0x8ACA,
    0x8A27, 0x8A47, 0x8206, 0x7207, 0xB4F3, 0xE71C, 0xDEBB, 0xBD13, 0x8AEA, 0x7184, 0x91C5, 0xB32A, 0xE5B4, 0xF656, 0xF636, 0xEDB3,
    0xDC0D, 0xCA28, 0x90E3, 0x9A28, 0xDC51, 0xDCB3, 0xDCF4, 0xE535, 0xE555, 0xDD35, 0xDCD4, 0xD639, 0x0000, 0x0000, 0x0000, 0x0000,
    0x0000, 0x0000, 0x0000, 0x0000, 0x0000, 0x0000, 0x0000, 0x0000, 0x0000, 0x0000, 0x0000, 0x0000, 0x0000, 0x0000, 0x0000, 0x0000,
    0x0000, 0x0000, 0x0000, 0x0000, 0x0000, 0x0000, 0x0000, 0x0000, 0x0000, 0x0000, 0x0000, 0x0000, 0x0000, 0x0000, 0x0000, 0x0000,
    0x0000, 0x0000, 0x0000, 0x0000, 0x0000, 0x0000, 0x0000, 0x0000, 0x0000, 0x0000, 0x0000, 0x0000, 0x0000, 0x0000, 0x0000, 0x0000,
    0x0000, 0x0000, 0x0000, 0x0000, 0x0000, 0x0000, 0x0000, 0x0000, 0x0000, 0x0000, 0x0000, 0x0000, 0x0000, 0x0000, 0x0000, 0x0000,
    0x0000, 0x0000, 0x0000, 0x0000, 0x0000, 0x0000, 0x0000, 0x0000, 0x0000, 0x0000, 0x0000, 0x0000, 0x0000, 0x0000, 0x0000, 0x0000,
    0x0000, 0x0000, 0x0000, 0x0000, 0x0000, 0x0000, 0x0000, 0x0000, 0x0000, 0x0000, 0x0000, 0x0000, 0x0000, 0x0000, 0x0000, 0x0000,
    0x0000, 0x0000, 0x0000, 0x0000, 0x0000, 0x0000, 0x0000, 0x0000, 0x0000, 0x0000, 0x0000, 0x0000, 0x0000, 0x0000, 0x0000, 0x0000,
    0x0000, 0x0000, 0x0000, 0x0000, 0x0000, 0x0000, 0x0000, 0x0000, 0x0000, 0x0000, 0x0000, 0x0000, 0x0000, 0x0000, 0x0000, 0x0000,
    0x0000, 0x0000, 0x0000, 0x0000, 0x0000, 0x0000, 0xD577, 0xDDF9, 0xD577, 0xD536, 0xC473, 0xC3F1, 0xCC52, 0xDC93, 0xBA69, 0xA944,
    0xC247, 0xCB2A, 0xC3AC, 0xC40D, 0xCC4E, 0xCC6F, 0xC42E, 0xA2A8, 0x89E5, 0x6185, 0x834D, 0xAD35, 0xC639, 0xCE9A, 0xC618, 0x8B2C,
    0x6984, 0x6985, 0x6185, 0x6184, 0x6164, 0x5964, 0x5964, 0x5964, 0x5985, 0x6185, 0x61A5, 0x69E7, 0x6A28, 0x6A28, 0x59A6, 0x6249,
    0x9C51, 0x9BCF, 0xBBED, 0xD4F0, 0xDD31, 0xDD52, 0xDD72, 0xE592, 0xE5B3, 0xE5B3, 0xE5B3, 0xE5D4, 0xE5D4, 0xE5D4, 0xEDD4, 0xEDF4,
    0xEDF4, 0xDDB4, 0xCDF7, 0xC596, 0x8288, 0x71C5, 0x61A6, 0x5186, 0x51A7, 0x51C8, 0x59E9, 0x6A6A, 0x7AEC, 0x8B8E, 0x8B4D, 0x8227,
    0x79E6, 0x79E6, 0x8206, 0x79C5, 0x82A9, 0xCE18, 0xE71C, 0xD67A, 0xB4B2, 0x8248, 0x8184, 0xAA88, 0xD4F1, 0xF656, 0xF636, 0xEDF5,
    0xE4AF, 0xD289, 0x9104, 0x8165, 0xDC10, 0xDCB3, 0xDCF4, 0xDD14, 0xE535, 0xDD15, 0x9FFF, 0xD597, 0x0000, 0x0000, 0x0000, 0x0000,
    0x0000, 0x0000, 0x0000, 0x0000, 0x0000, 0x0000, 0x0000, 0x0000, 0x0000, 0x0000, 0x0000, 0x0000, 0x0000, 0x0000, 0x0000, 0x0000,
    0x0000, 0x0000, 0x0000, 0x0000, 0x0000, 0x0000, 0x0000, 0x0000, 0x0000, 0x0000, 0x0000, 0x0000, 0x0000, 0x0000, 0x0000, 0x0000,
    0x0000, 0x0000, 0x0000, 0x0000, 0x0000, 0x0000, 0x0000, 0x0000, 0x0000, 0x0000, 0x0000, 0x0000, 0x0000, 0x0000, 0x0000, 0x0000,
    0x0000, 0x0000, 0x0000, 0x0000, 0x0000, 0x0000, 0x0000, 0x0000, 0x0000, 0x0000, 0x0000, 0x0000, 0x0000, 0x0000, 0x0000, 0x0000,
    0x0000, 0x0000, 0x0000, 0x0000, 0x0000, 0x0000, 0x0000, 0x0000, 0x0000, 0x0000, 0x0000, 0x0000, 0x0000, 0x0000, 0x0000, 0x0000,
    0x0000, 0x0000, 0x0000, 0x0000, 0x0000, 0x0000, 0x0000, 0x0000, 0x0000, 0x0000, 0x0000, 0x0000, 0x0000, 0x0000, 0x0000, 0x0000,
    0x0000, 0x0000, 0x0000, 0x0000, 0x0000, 0x0000, 0x0000, 0x0000, 0x0000, 0x0000, 0x0000, 0x0000, 0x0000, 0x0000, 0x0000, 0x0000,
    0x0000, 0x0000, 0x0000, 0x0000, 0x0000, 0x0000, 0x0000, 0x0000, 0x0000, 0x0000, 0x0000, 0x0000, 0x0000, 0x0000, 0x0000, 0x0000,
    0x0000, 0x0000, 0x0000, 0x0000, 0x0000, 0x0000, 0xCCF6, 0xD5B8, 0xCD16, 0xCCB5, 0xC432, 0xC3F1, 0xD473, 0xDC52, 0xA9A6, 0xB165,
    0xC268, 0xCB4B, 0xC3CC, 0xC40E, 0xCC4E, 0xCC8F, 0xBBAC, 0x9A47, 0x79A5, 0x7269, 0xA4D3, 0xBDD8, 0xC659, 0xC659, 0x9C0F, 0x6984,
    0x6984, 0x6164, 0x6164, 0x5944, 0x5123, 0x5103, 0x5123, 0x5144, 0x5944, 0x5964, 0x5985, 0x6185, 0x61A6, 0x69E7, 0x6A07, 0x59A6,
    0x834D, 0xA472, 0xB3EE, 0xD4F0, 0xDD31, 0xDD72, 0xDD92, 0xE593, 0xE5B3, 0xE5B3, 0xE5D3, 0xE5D4, 0xE5D4, 0xEDD4, 0xEDF4, 0xEDF4,
    0xEDF4, 0xDDF6, 0xCE59, 0xAC50, 0x79C5, 0x71C5, 0x5985, 0x626A, 0x7BAF, 0x83F0, 0x6ACB, 0x51A7, 0x51A7, 0x61A6, 0x79E6, 0x79E6,
    0x71A5, 0x71A5, 0x79C5, 0x81E5, 0x71A5, 0x9C10, 0xDEFC, 0xDEFC, 0xCE38, 0xA3CE, 0x81C5, 0x9A26, 0xCC4E, 0xEE36, 0xF656, 0xF635,
    0xE531, 0xD30A, 0xA124, 0x7103, 0xCB8E, 0xDCB3, 0xDCD4, 0xDCF4, 0xDD15, 0xDCF5, 0xCD56, 0xD536, 0x0000, 0x0000, 0x0000, 0x0000,
    0x0000, 0x0000, 0x0000, 0x0000, 0x0000, 0x0000, 0x0000, 0x0000, 0x0000, 0x0000, 0x0000, 0x0000, 0x0000, 0x0000, 0x0000, 0x0000,
    0x0000, 0x0000, 0x0000, 0x0000, 0x0000, 0x0000, 0x0000, 0x0000, 0x0000, 0x0000, 0x0000, 0x0000, 0x0000, 0x0000, 0x0000, 0x0000,
    0x0000, 0x0000, 0x0000, 0x0000, 0x0000, 0x0000, 0x0000, 0x0000, 0x0000, 0x0000, 0x0000, 0x0000, 0x0000, 0x0000, 0x0000, 0x0000,
    0x0000, 0x0000, 0x0000, 0x0000, 0x0000, 0x0000, 0x0000, 0x0000, 0x0000, 0x0000, 0x0000, 0x0000, 0x0000, 0x0000, 0x0000, 0x0000,
    0x0000, 0x0000, 0x0000, 0x0000, 0x0000, 0x0000, 0x0000, 0x0000, 0x0000, 0x0000, 0x0000, 0x0000, 0x0000, 0x0000, 0x0000, 0x0000,
    0x0000, 0x0000, 0x0000, 0x0000, 0x0000, 0x0000, 0x0000, 0x0000, 0x0000, 0x0000, 0x0000, 0x0000, 0x0000, 0x0000, 0x0000, 0x0000,
    0x0000, 0x0000, 0x0000, 0x0000, 0x0000, 0x0000, 0x0000, 0x0000, 0x0000, 0x0000, 0x0000, 0x0000, 0x0000, 0x0000, 0x0000, 0x0000,
    0x0000, 0x0000, 0x0000, 0x0000, 0x0000, 0x0000, 0x0000, 0x0000, 0x0000, 0x0000, 0x0000, 0x0000, 0x0000, 0x0000, 0x0000, 0x0000,
    0x0000, 0x0000, 0x0000, 0x0000, 0x0000, 0xEFDF, 0xC494, 0xD557, 0xCCD5, 0xC494, 0xC3F2, 0xC411, 0xD493, 0xD3F0, 0xA144, 0xB185,
    0xC2A8, 0xCB6B, 0xC3CD, 0xC40E, 0xCC4E, 0xCC6F, 0xB32A, 0x9206, 0x71C6, 0x8BCF, 0xB576, 0xBDF8, 0xC639, 0xB555, 0x7A27, 0x6964,
    0x6984, 0x6164, 0x6164, 0x61E6, 0x72CA, 0x72AA, 0x5985, 0x5124, 0x5144, 0x5124, 0x5144, 0x5964, 0x6164, 0x6185, 0x7269, 0x72AA,
    0x6A89, 0xA472, 0xAC2F, 0xD4D0, 0xDD51, 0xDD72, 0xE592, 0xE593, 0xE5B3, 0xE5B3, 0xE5D4, 0xE5D4, 0xEDD4, 0xEDF4, 0xEDF4, 0xEDF4,
    0xE5F5, 0xD617, 0xCE18, 0x9B2B, 0x81C5, 0x69A5, 0x5185, 0x5229, 0x62AB, 0x8C10, 0xBDD7, 0x7B8E, 0x4145, 0x4104, 0x5944, 0x6985,
    0x71A5, 0x71A4, 0x79A4, 0x81C5, 0x81A4, 0x8268, 0xCE39, 0xE71C, 0xDEDB, 0xBD54, 0x9288, 0x9206, 0xC3CC, 0xEE15, 0xF656, 0xF636,
    0xED93, 0xDB8C, 0xA965, 0x68A2, 0xC32C, 0xE4B3, 0xDCD4, 0xDCD4, 0xDD14, 0xDCF5, 0xD515, 0xD515, 0xDFDF, 0x0000, 0x0000, 0x0000,
    0x0000, 0x0000, 0x0000, 0x0000, 0x0000, 0x0000, 0x0000, 0x0000, 0x0000, 0x0000, 0x0000, 0x0000, 0x0000, 0x0000, 0x0000, 0x0000,
    0x0000, 0x0000, 0x0000, 0x0000, 0x0000, 0x0000, 0x0000, 0x0000, 0x0000, 0x0000, 0x0000, 0x0000, 0x0000, 0x0000, 0x0000, 0x0000,
    0x0000, 0x0000, 0x0000, 0x0000, 0x0000, 0x0000, 0x0000, 0x0000, 0x0000, 0x0000, 0x0000, 0x0000, 0x0000, 0x0000, 0x0000, 0x0000,
    0x0000, 0x0000, 0x0000, 0x0000, 0x0000, 0x0000, 0x0000, 0x0000, 0x0000, 0x0000, 0x0000, 0x0000, 0x0000, 0x0000, 0x0000, 0x0000,
    0x0000, 0x0000, 0x0000, 0x0000, 0x0000, 0x0000, 0x0000, 0x0000, 0x0000, 0x0000, 0x0000, 0x0000, 0x0000, 0x0000, 0x0000, 0x0000,
    0x0000, 0x0000, 0x0000, 0x0000, 0x0000, 0x0000, 0x0000, 0x0000, 0x0000, 0x0000, 0x0000, 0x0000, 0x0000, 0x0000, 0x0000, 0x0000,
    0x0000, 0x0000, 0x0000, 0x0000, 0x0000, 0x0000, 0x0000, 0x0000, 0x0000, 0x0000, 0x0000, 0x0000, 0x0000, 0x0000, 0x0000, 0x0000,
    0x0000, 0x0000, 0x0000, 0x0000, 0x0000, 0x0000, 0x0000, 0x0000, 0x0000, 0x0000, 0x0000, 0x0000, 0x0000, 0x0000, 0x0000, 0x0000,
    0x0000, 0x0000, 0x0000, 0x0000, 0x0000, 0xFFFF, 0x9108, 0xCD16, 0xC4B4, 0xC473, 0xC3F1, 0xCC12, 0xD493, 0xCB6E, 0x9903, 0xB1A5,
    0xC2A9, 0xCB6B, 0xC3CD, 0xC40E, 0xCC6F, 0xCC4E, 0xAAC9, 0x9206, 0x7A89, 0xA4D3, 0xBDB7, 0xBDF9, 0xBDF9, 0x9BCF, 0x7184, 0x7164,
    0x7184, 0x6964, 0x61E6, 0x732D, 0x8410, 0xAD35, 0xA4B3, 0x59C6, 0x38C2, 0x30C3, 0x30C3, 0x38E3, 0x5124, 0x6164, 0x6A28, 0x8BAF,
    0x6A69, 0x93F0, 0xB471, 0xCCB0, 0xDD51, 0xDD72, 0xE592, 0xE5B3, 0xE5B3, 0xE5D4, 0xE5D4, 0xEDD4, 0xEDF4, 0xEDF4, 0xEDF4, 0xEDF5,
    0xE5F5, 0xD637, 0xC575, 0x9288, 0x81C5, 0x6184, 0x38E3, 0x28C3, 0x28A2, 0x30E3, 0x83CF, 0x8C10, 0x3904, 0x38C2, 0x38E3, 0x4903,
    0x6984, 0x79A4, 0x79A4, 0x8A88, 0x9AEA, 0x81E6, 0xB4F3, 0xE71C, 0xDEFC, 0xD659, 0xA38D, 0x9206, 0xBB6B, 0xE5B4, 0xF656, 0xF656,
    0xEDF4, 0xDC0E, 0xB186, 0x6081, 0xBAAA, 0xE493, 0xDCD4, 0xDCD4, 0xDCF4, 0xD4F4, 0xD4F5, 0xD4F4, 0xEFFF, 0x0000, 0x0000, 0x0000,
    0x0000, 0x0000, 0x0000, 0x0000, 0x0000, 0x0000, 0x0000, 0x0000, 0x0000, 0x0000, 0x0000, 0x0000, 0x0000, 0x0000, 0x0000, 0x0000,
    0x0000, 0x0000, 0x0000, 0x0000, 0x0000, 0x0000, 0x0000, 0x0000, 0x0000, 0x0000, 0x0000, 0x0000, 0x0000, 0x0000, 0x0000, 0x0000,
    0x0000, 0x0000, 0x0000, 0x0000, 0x0000, 0x0000, 0x0000, 0x0000, 0x0000, 0x0000, 0x0000, 0x0000, 0x0000, 0x0000, 0x0000, 0x0000,
    0x0000, 0x0000, 0x0000, 0x0000, 0x0000, 0x0000, 0x0000, 0x0000, 0x0000, 0x0000, 0x0000, 0x0000, 0x0000, 0x0000, 0x0000, 0x0000,
    0x0000, 0x0000, 0x0000, 0x0000, 0x0000, 0x0000, 0x0000, 0x0000, 0x0000, 0x0000, 0x0000, 0x0000, 0x0000, 0x0000, 0x0000, 0x0000,
    0x0000, 0x0000, 0x0000, 0x0000, 0x0000, 0x0000, 0x0000, 0x0000, 0x0000, 0x0000, 0x0000, 0x0000, 0x0000, 0x0000, 0x0000, 0x0000,
    0x0000, 0x0000, 0x0000, 0x0000, 0x0000, 0x0000, 0x0000, 0x0000, 0x0000, 0x0000, 0x0000, 0x0000, 0x0000, 0x0000, 0x0000, 0x0000,
    0x0000, 0x0000, 0x0000, 0x0000, 0x0000, 0x0000, 0x0000, 0x0000, 0x0000, 0x0000, 0x0000, 0x0000, 0x0000, 0x0000, 0x0000, 0x0000,
    0x0000, 0x0000, 0x0000, 0x0000, 0x0000, 0xE6FC, 0xE73D, 0xCCF5, 0xC494, 0xC432, 0xBBF1, 0xCC32, 0xDCB4, 0xBAEC, 0x90E3, 0xB1C6,
    0xC2C9, 0xCB6C, 0xC3CD, 0xC40E, 0xCC4E, 0xC3ED, 0xA288, 0x9206, 0x8B6D, 0xB535, 0xB5B8, 0xBDF8, 0xBD97, 0x8A89, 0x7984, 0x7984,
    0x7184, 0x6164, 0x4144, 0x3104, 0x28E3, 0x49C7, 0x83F0, 0x49E7, 0x28A2, 0x28C3, 0x28C3, 0x28C2, 0x38C3, 0x5944, 0x6985, 0x7269,
    0x69E7, 0x8B8E, 0xB4B2, 0xCCB0, 0xDD52, 0xDD92, 0xE593, 0xE5B3, 0xE5D3, 0xEDD4, 0xEDF4, 0xEDF4, 0xEDF4, 0xEE15, 0xEE15, 0xEE15,
    0xE615, 0xD638, 0xBCF2, 0x8A26, 0x81C5, 0x5944, 0x30C3, 0x30C3, 0x30C3, 0x30C3, 0x3103, 0x3924, 0x30C3, 0x38C3, 0x40E2, 0x40E2,
    0x5943, 0x79A4, 0x81C5, 0x934C, 0x9BCF, 0x8A06, 0x9BAE, 0xDEDB, 0xDEFC, 0xDEBB, 0xB4B1, 0x9A47, 0xBB2A, 0xD48F, 0xDD11, 0xEDD4,
    0xF635, 0xE490, 0xB1C6, 0x6061, 0xAA29, 0xE492, 0xDCD4, 0xDCD4, 0xDCD4, 0xD4D4, 0xD4F5, 0xD493, 0xD6DC, 0x0000, 0x0000, 0x0000,
    0x0000, 0x0000, 0x0000, 0x0000, 0x0000, 0x0000, 0x0000, 0x0000, 0x0000, 0x0000, 0x0000, 0x0000, 0x0000, 0x0000, 0x0000, 0x0000,
    0x0000, 0x0000, 0x0000, 0x0000, 0x0000, 0x0000, 0x0000, 0x0000, 0x0000, 0x0000, 0x0000, 0x0000, 0x0000, 0x0000, 0x0000, 0x0000,
    0x0000, 0x0000, 0x0000, 0x0000, 0x0000, 0x0000, 0x0000, 0x0000, 0x0000, 0x0000, 0x0000, 0x0000, 0x0000, 0x0000, 0x0000, 0x0000,
    0x0000, 0x0000, 0x0000, 0x0000, 0x0000, 0x0000, 0x0000, 0x0000, 0x0000, 0x0000, 0x0000, 0x0000, 0x0000, 0x0000, 0x0000, 0x0000,
    0x0000, 0x0000, 0x0000, 0x0000, 0x0000, 0x0000, 0x0000, 0x0000, 0x0000, 0x0000, 0x0000, 0x0000, 0x0000, 0x0000, 0x0000, 0x0000,
    0x0000, 0x0000, 0x0000, 0x0000, 0x0000, 0x0000, 0x0000, 0x0000, 0x0000, 0x0000, 0x0000, 0x0000, 0x0000, 0x0000, 0x0000, 0x0000,
    0x0000, 0x0000, 0x0000, 0x0000, 0x0000, 0x0000, 0x0000, 0x0000, 0x0000, 0x0000, 0x0000, 0x0000, 0x0000, 0x0000, 0x0000, 0x0000,
    0x0000, 0x0000, 0x0000, 0x0000, 0x0000, 0x0000, 0x0000, 0x0000, 0x0000, 0x0000, 0x0000, 0x0000, 0x0000, 0x0000, 0x0000, 0x0000,
    0x0000, 0x0000, 0x0000, 0x0000, 0x0000, 0xD5F9, 0xD619, 0xC4D5, 0xC473, 0xBC12, 0xC3D1, 0xCC32, 0xDCB3, 0xB28A, 0x90C2, 0xB1E6,
    0xC2E9, 0xCB8C, 0xC3CD, 0xB36B, 0xAB0A, 0xA2A8, 0xA247, 0x9268, 0x9C10, 0xB556, 0xB597, 0xBDD8, 0xACF4, 0x8206, 0x79A4, 0x79A4,
    0x79A4, 0x5943, 0x30C2, 0x28C2, 0x28C3, 0x28C2, 0x28E3, 0x28C3, 0x28C3, 0x28C2, 0x28C2, 0x28C2, 0x28C2, 0x4903, 0x6964, 0x69A5,
    0x61A5, 0x834D, 0xB4D3, 0xCCD0, 0xDD72, 0xE593, 0xE5B3, 0xE5D3, 0xEDD4, 0xEDF4, 0xEDF4, 0xEE15, 0xEE15, 0xEE15, 0xEE15, 0xEE15,
    0xEE15, 0xDE38, 0xBC91, 0x9226, 0x81C5, 0x5123, 0x30C2, 0x30C3, 0x30C3, 0x30C3, 0x30C3, 0x30C3, 0x30C3, 0x38C2, 0x40C2, 0x48E2,
    0x5923, 0x81A5, 0x89E5, 0x92C9, 0x92CA, 0x9206, 0x930B, 0xD67A, 0xDEFC, 0xDEFB, 0xC575, 0xA2A9, 0xBB2A, 0xCBEC, 0xD48F, 0xEDF5,
    0xF656, 0xED11, 0xBA27, 0x6861, 0xA1C7, 0xE472, 0xDCD4, 0xDCD4, 0xDCD4, 0xD4D4, 0xCCD4, 0xCC32, 0xD5D8, 0x0000, 0x0000, 0x0000,
    0x0000, 0x0000, 0x0000, 0x0000, 0x0000, 0x0000, 0x0000, 0x0000, 0x0000, 0x0000, 0x0000, 0x0000, 0x0000, 0x0000, 0x0000, 0x0000,
    0x0000, 0x0000, 0x0000, 0x0000, 0x0000, 0x0000, 0x0000, 0x0000, 0x0000, 0x0000, 0x0000, 0x0000, 0x0000, 0x0000, 0x0000, 0x0000,
    0x0000, 0x0000, 0x0000, 0x0000, 0x0000, 0x0000, 0x0000, 0x0000, 0x0000, 0x0000, 0x0000, 0x0000, 0x0000, 0x0000, 0x0000, 0x0000,
    0x0000, 0x0000, 0x0000, 0x0000, 0x0000, 0x0000, 0x0000, 0x0000, 0x0000, 0x0000, 0x0000, 0x0000, 0x0000, 0x0000, 0x0000, 0x0000,
    0x0000, 0x0000, 0x0000, 0x0000, 0x0000, 0x0000, 0x0000, 0x0000, 0x0000, 0x0000, 0x0000, 0x0000, 0x0000, 0x0000, 0x0000, 0x0000,
    0x0000, 0x0000, 0x0000, 0x0000, 0x0000, 0x0000, 0x0000, 0x0000, 0x0000, 0x0000, 0x0000, 0x0000, 0x0000, 0x0000, 0x0000, 0x0000,
    0x0000, 0x0000, 0x0000, 0x0000, 0x0000, 0x0000, 0x0000, 0x0000, 0x0000, 0x0000, 0x0000, 0x0000, 0x0000, 0x0000, 0x0000, 0x0000,
    0x0000, 0x0000, 0x0000, 0x0000, 0x0000, 0x0000, 0x0000, 0x0000, 0x0000, 0x0000, 0x0000, 0x0000, 0x0000, 0x0000, 0x0000, 0x0000,
    0x0000, 0x0000, 0x0000, 0x0000, 0x0000, 0xD5B8, 0xD5D8, 0xC4B4, 0xBC32, 0xBC11, 0xC3D1, 0xCC52, 0xDCB3, 0xB269, 0x88C2, 0xB1E6,
    0xC30A, 0xC38C, 0xC3CD, 0xBB6B, 0xA268, 0x9A26, 0x9A26, 0x9AA9, 0xA472, 0xB556, 0xB597, 0xB5B8, 0xAC71, 0x8A06, 0x81C5, 0x81C5,
    0x81C5, 0x5923, 0x30A2, 0x30A2, 0x28C2, 0x28C3, 0x28C3, 0x28C3, 0x28C3, 0x28C3, 0x28C3, 0x30C2, 0x30A2, 0x48E3, 0x7164, 0x7184,
    0x69A5, 0x834D, 0xB4F3, 0xD4F1, 0xE572, 0xE5B3, 0xE5B3, 0xE5D4, 0xEDF4, 0xEE15, 0xEE15, 0xEE15, 0xEE15, 0xEE35, 0xEE35, 0xEE36,
    0xEE16, 0xDE38, 0xBC91, 0x9A46, 0x89E5, 0x5943, 0x38C2, 0x38C2, 0x30C2, 0x30C2, 0x30C2, 0x30C2, 0x38C2, 0x38C2, 0x40E2, 0x48E2,
    0x6123, 0x89E6, 0x92A9, 0xB3CD, 0xB36B, 0x9A26, 0x9AEA, 0xCE39, 0xDEFC, 0xDEFC, 0xCDF7, 0xAB0A, 0xBB4A, 0xD44E, 0xE5D4, 0xF677,
    0xF656, 0xED73, 0xC268, 0x6861, 0x9186, 0xDC51, 0xDCD4, 0xDCD4, 0xDCB4, 0xD4B4, 0xCCD4, 0xCB90, 0xD597, 0x0000, 0x0000, 0x0000,
    0x0000, 0x0000, 0x0000, 0x0000, 0x0000, 0x0000, 0x0000, 0x0000, 0x0000, 0x0000, 0x0000, 0x0000, 0x0000, 0x0000, 0x0000, 0x0000,
    0x0000, 0x0000, 0x0000, 0x0000, 0x0000, 0x0000, 0x0000, 0x0000, 0x0000, 0x0000, 0x0000, 0x0000, 0x0000, 0x0000, 0x0000, 0x0000,
    0x0000, 0x0000, 0x0000, 0x0000, 0x0000, 0x0000, 0x0000, 0x0000, 0x0000, 0x0000, 0x0000, 0x0000, 0x0000, 0x0000, 0x0000, 0x0000,
    0x0000, 0x0000, 0x0000, 0x0000, 0x0000, 0x0000, 0x0000, 0x0000, 0x0000, 0x0000, 0x0000, 0x0000, 0x0000, 0x0000, 0x0000, 0x0000,
    0x0000, 0x0000, 0x0000, 0x0000, 0x0000, 0x0000, 0x0000, 0x0000, 0x0000, 0x0000, 0x0000, 0x0000, 0x0000, 0x0000, 0x0000, 0x0000,
    0x0000, 0x0000, 0x0000, 0x0000, 0x0000, 0x0000, 0x0000, 0x0000, 0x0000, 0x0000, 0x0000, 0x0000, 0x0000, 0x0000, 0x0000, 0x0000,
    0x0000, 0x0000, 0x0000, 0x0000, 0x0000, 0x0000, 0x0000, 0x0000, 0x0000, 0x0000, 0x0000, 0x0000, 0x0000, 0x0000, 0x0000, 0x0000,
    0x0000, 0x0000, 0x0000, 0x0000, 0x0000, 0x0000, 0x0000, 0x0000, 0x0000, 0x0000, 0x0000, 0x0000, 0x0000, 0x0000, 0x0000, 0x0000,
    0x0000, 0x0000, 0x0000, 0x0000, 0x0000, 0xCD77, 0xCD77, 0xC493, 0xBC12, 0xBBF1, 0xC3D1, 0xCC52, 0xD493, 0xB249, 0x88C2, 0xB206,
    0xC30A, 0xC38C, 0xC3CD, 0xC3ED, 0xB34B, 0xA267, 0x9A26, 0x9AEA, 0xACB3, 0xAD56, 0xB577, 0xB5B7, 0xAC30, 0x9206, 0x9205, 0x8A06,
    0x8A05, 0x5944, 0x30A2, 0x30A2, 0x30A2, 0x30C2, 0x30C3, 0x30C3, 0x30C3, 0x30C3, 0x30C2, 0x30C2, 0x30A2, 0x4903, 0x79A5, 0x7A27,
    0x71E6, 0x8B6D, 0xBD14, 0xD512, 0xE593, 0xE5D3, 0xE5D4, 0xEDF4, 0xEE15, 0xEE35, 0xF636, 0xF636, 0xF636, 0xF636, 0xF636, 0xF636,
    0xEE36, 0xDE37, 0xC4B1, 0xA267, 0x9A26, 0x6964, 0x40C2, 0x38C2, 0x38C2, 0x38C2, 0x38C2, 0x38C2, 0x40C2, 0x40C2, 0x48E2, 0x50E2,
    0x7984, 0x9A26, 0x92A9, 0xA34B, 0xA30A, 0xA246, 0x9AC9, 0xCE18, 0xDEFC, 0xDEFC, 0xD618, 0xB34B, 0xC36B, 0xDD11, 0xF657, 0xF677,
    0xF677, 0xF5B4, 0xC2CA, 0x6861, 0x9165, 0xDC31, 0xDCD4, 0xDCB4, 0xDCB4, 0xD4B4, 0xCCD4, 0xCA6C, 0xD577, 0x0000, 0x0000, 0x0000,
    0x0000, 0x0000, 0x0000, 0x0000, 0x0000, 0x0000, 0x0000, 0x0000, 0x0000, 0x0000, 0x0000, 0x0000, 0x0000, 0x0000, 0x0000, 0x0000,
    0x0000, 0x0000, 0x0000, 0x0000, 0x0000, 0x0000, 0x0000, 0x0000, 0x0000, 0x0000, 0x0000, 0x0000, 0x0000, 0x0000, 0x0000, 0x0000,
    0x0000, 0x0000, 0x0000, 0x0000, 0x0000, 0x0000, 0x0000, 0x0000, 0x0000, 0x0000, 0x0000, 0x0000, 0x0000, 0x0000, 0x0000, 0x0000,
    0x0000, 0x0000, 0x0000, 0x0000, 0x0000, 0x0000, 0x0000, 0x0000, 0x0000, 0x0000, 0x0000, 0x0000, 0x0000, 0x0000, 0x0000, 0x0000,
    0x0000, 0x0000, 0x0000, 0x0000, 0x0000, 0x0000, 0x0000, 0x0000, 0x0000, 0x0000, 0x0000, 0x0000, 0x0000, 0x0000, 0x0000, 0x0000,
    0x0000, 0x0000, 0x0000, 0x0000, 0x0000, 0x0000, 0x0000, 0x0000, 0x0000, 0x0000, 0x0000, 0x0000, 0x0000, 0x0000, 0x0000, 0x0000,
    0x0000, 0x0000, 0x0000, 0x0000, 0x0000, 0x0000, 0x0000, 0x0000, 0x0000, 0x0000, 0x0000, 0x0000, 0x0000, 0x0000, 0x0000, 0x0000,
    0x0000, 0x0000, 0x0000, 0x0000, 0x0000, 0x0000, 0x0000, 0x0000, 0x0000, 0x0000, 0x0000, 0x0000, 0x0000, 0x0000, 0x0000, 0x0000,
    0x0000, 0x0000, 0x0000, 0x0000, 0x0000, 0xCD36, 0xCD36, 0xBC53, 0xBBF1, 0xBBD1, 0xC3D1, 0xCC52, 0xD493, 0xAA49, 0x88C2, 0xB207,
    0xC32A, 0xC3AC, 0xC3ED, 0xC40E, 0xC40D, 0xB30A, 0xA247, 0xA2EA, 0xACB3, 0xAD56, 0xB577, 0xB597, 0xAC30, 0x9A46, 0x9A46, 0x9A46,
    0x9A46, 0x69A5, 0x38C2, 0x38A2, 0x30A2, 0x30C2, 0x30C2, 0x30C2, 0x30C2, 0x30C2, 0x30C2, 0x38C2, 0x38C2, 0x5943, 0x8206, 0x832C,
    0x82AA, 0x93AE, 0xC534, 0xDD52, 0xE5B4, 0xEDD4, 0xEDF4, 0xEE15, 0xF636, 0xF656, 0xF677, 0xF677, 0xF677, 0xF656, 0xF656, 0xF656,
    0xEE56, 0xE657, 0xCD12, 0xB2C9, 0xAA67, 0x81C5, 0x5103, 0x48E2, 0x40C2, 0x40C2, 0x40C2, 0x40C2, 0x48E2, 0x48E2, 0x50E2, 0x6123,
    0x9A06, 0xAA67, 0xAA67, 0xA267, 0xAA87, 0xAA67, 0xA30A, 0xCE39, 0xDEFC, 0xDEDB, 0xD617, 0xB36B, 0xCBEC, 0xEDD4, 0xF697, 0xF677,
    0xF677, 0xF5F5, 0xCB2B, 0x7061, 0x8945, 0xDC31, 0xDCD4, 0xDCB3, 0xDCB3, 0xD4B4, 0xCCD4, 0xD188, 0xCD56, 0x0000, 0x0000, 0x0000,
    0x0000, 0x0000, 0x0000, 0x0000, 0x0000, 0x0000, 0x0000, 0x0000, 0x0000, 0x0000, 0x0000, 0x0000, 0x0000, 0x0000, 0x0000, 0x0000,
    0x0000, 0x0000, 0x0000, 0x0000, 0x0000, 0x0000, 0x0000, 0x0000, 0x0000, 0x0000, 0x0000, 0x0000, 0x0000, 0x0000, 0x0000, 0x0000,
    0x0000, 0x0000, 0x0000, 0x0000, 0x0000, 0x0000, 0x0000, 0x0000, 0x0000, 0x0000, 0x0000, 0x0000, 0x0000, 0x0000, 0x0000, 0x0000,
    0x0000, 0x0000, 0x0000, 0x0000, 0x0000, 0x0000, 0x0000, 0x0000, 0x0000, 0x0000, 0x0000, 0x0000, 0x0000, 0x0000, 0x0000, 0x0000,
    0x0000, 0x0000, 0x0000, 0x0000, 0x0000, 0x0000, 0x0000, 0x0000, 0x0000, 0x0000, 0x0000, 0x0000, 0x0000, 0x0000, 0x0000, 0x0000,
    0x0000, 0x0000, 0x0000, 0x0000, 0x0000, 0x0000, 0x0000, 0x0000, 0x0000, 0x0000, 0x0000, 0x0000, 0x0000, 0x0000, 0x0000, 0x0000,
    0x0000, 0x0000, 0x0000, 0x0000, 0x0000, 0x0000, 0x0000, 0x0000, 0x0000, 0x0000, 0x0000, 0x0000, 0x0000, 0x0000, 0x0000, 0x0000,
    0x0000, 0x0000, 0x0000, 0x0000, 0x0000, 0x0000, 0x0000, 0x0000, 0x0000, 0x0000, 0x0000, 0x0000, 0x0000, 0x0000, 0x0000, 0x0000,
    0x0000, 0x0000, 0x0000, 0x0000, 0x0000, 0xCD15, 0xCD16, 0xBC52, 0xBBF1, 0xBBD1, 0xC3D1, 0xCC52, 0xD4B3, 0xAA28, 0x88C2, 0xB227,
    0xC32A, 0xC3AC, 0xC3ED, 0xC40E, 0xC44E, 0xC3ED, 0xAAA8, 0xAAEA, 0xACB3, 0xAD36, 0xB576, 0xB597, 0xB471, 0xA288, 0xA288, 0xA288,
    0xAAA8, 0x9227, 0x5103, 0x38C2, 0x38C2, 0x38C2, 0x38C2, 0x38C2, 0x38C2, 0x38C2, 0x38C2, 0x38C2, 0x48E3, 0x79C5, 0x8A26, 0x8A68,
    0x8268, 0xA451, 0xCD54, 0xE593, 0xEDF4, 0xEDF5, 0xEE15, 0xF636, 0xF656, 0xF697, 0xFE97, 0xFE98, 0xF697, 0xF677, 0xF677, 0xF677,
    0xF657, 0xEE57, 0xD574, 0xBB4B, 0xBAE9, 0xA267, 0x6984, 0x5103, 0x50E2, 0x48E2, 0x48E2, 0x50E2, 0x50E2, 0x50E2, 0x5923, 0x89E6,
    0xB288, 0xBAC9, 0xBAE9, 0xBAE9, 0xBAE9, 0xB2A8, 0xAB8C, 0xD69A, 0xDEDB, 0xDEDB, 0xD5D6, 0xBB6B, 0xD4B0, 0xF677, 0xF697, 0xF697,
    0xF677, 0xF636, 0xD38C, 0x7081, 0x9145, 0xDC31, 0xDCF4, 0xDCB3, 0xD493, 0xD493, 0xCCB4, 0xD168, 0xCD36, 0x0000, 0x0000, 0x0000,
    0x0000, 0x0000, 0x0000, 0x0000, 0x0000, 0x0000, 0x0000, 0x0000, 0x0000, 0x0000, 0x0000, 0x0000, 0x0000, 0x0000, 0x0000, 0x0000,
    0x0000, 0x0000, 0x0000, 0x0000, 0x0000, 0x0000, 0x0000, 0x0000, 0x0000, 0x0000, 0x0000, 0x0000, 0x0000, 0x0000, 0x0000, 0x0000,
    0x0000, 0x0000, 0x0000, 0x0000, 0x0000, 0x0000, 0x0000, 0x0000, 0x0000, 0x0000, 0x0000, 0x0000, 0x0000, 0x0000, 0x0000, 0x0000,
    0x0000, 0x0000, 0x0000, 0x0000, 0x0000, 0x0000, 0x0000, 0x0000, 0x0000, 0x0000, 0x0000, 0x0000, 0x0000, 0x0000, 0x0000, 0x0000,
    0x0000, 0x0000, 0x0000, 0x0000, 0x0000, 0x0000, 0x0000, 0x0000, 0x0000, 0x0000, 0x0000, 0x0000, 0x0000, 0x0000, 0x0000, 0x0000,
    0x0000, 0x0000, 0x0000, 0x0000, 0x0000, 0x0000, 0x0000, 0x0000, 0x0000, 0x0000, 0x0000, 0x0000, 0x0000, 0x0000, 0x0000, 0x0000,
    0x0000, 0x0000, 0x0000, 0x0000, 0x0000, 0x0000, 0x0000, 0x0000, 0x0000, 0x0000, 0x0000, 0x0000, 0x0000, 0x0000, 0x0000, 0x0000,
    0x0000, 0x0000, 0x0000, 0x0000, 0x0000, 0x0000, 0x0000, 0x0000, 0x0000, 0x0000, 0x0000, 0x0000, 0x0000, 0x0000, 0x0000, 0x0000,
    0x0000, 0x0000, 0x0000, 0x0000, 0x0000, 0xCD15, 0xCD15, 0xBC32, 0xBBF1, 0xBBD0, 0xC3D1, 0xCC52, 0xD4B3, 0xAA49, 0x88C2, 0xB227,
    0xC34B, 0xC3AC, 0xC3ED, 0xC42E, 0xC44F, 0xCC90, 0xC3AC, 0xAAEA, 0xAC92, 0xB535, 0xB556, 0xB597, 0xB4D3, 0xB2EA, 0xB2E9, 0xB2E9,
    0xBB09, 0xB2E9, 0x79E6, 0x48E2, 0x40C2, 0x40C2, 0x40C2, 0x40C2, 0x40C2, 0x40C2, 0x40C2, 0x4903, 0x71C5, 0x9A67, 0x9A67, 0x9247,
    0x8AA9, 0xBD13, 0xDD94, 0xEDF4, 0xEE15, 0xF635, 0xF636, 0xF656, 0xF697, 0xFEB8, 0xFED8, 0xFED8, 0xFEB8, 0xFE98, 0xF697, 0xF697,
    0xF677, 0xEE77, 0xDDF6, 0xC40E, 0xC38B, 0xBB4B, 0x9A88, 0x6964, 0x5903, 0x5903, 0x5902, 0x58E2, 0x5903, 0x6964, 0x9226, 0xB2C9,
    0xC30A, 0xCB6C, 0xCB8D, 0xCB6C, 0xCB6C, 0xBB09, 0xB450, 0xDEDB, 0xDEDB, 0xDEDB, 0xCD74, 0xC3CD, 0xE5D4, 0xF698, 0xF698, 0xF698,
    0xF697, 0xF636, 0xD3CE, 0x7081, 0x9145, 0xDC51, 0xDCF4, 0xDCB3, 0xD493, 0xCC93, 0xCCB4, 0xCAAC, 0xCD36, 0x0000, 0x0000, 0x0000,
    0x0000, 0x0000, 0x0000, 0x0000, 0x0000, 0x0000, 0x0000, 0x0000, 0x0000, 0x0000, 0x0000, 0x0000, 0x0000, 0x0000, 0x0000, 0x0000,
    0x0000, 0x0000, 0x0000, 0x0000, 0x0000, 0x0000, 0x0000, 0x0000, 0x0000, 0x0000, 0x0000, 0x0000, 0x0000, 0x0000, 0x0000, 0x0000,
    0x0000, 0x0000, 0x0000, 0x0000, 0x0000, 0x0000, 0x0000, 0x0000, 0x0000, 0x0000, 0x0000, 0x0000, 0x0000, 0x0000, 0x0000, 0x0000,
    0x0000, 0x0000, 0x0000, 0x0000, 0x0000, 0x0000, 0x0000, 0x0000, 0x0000, 0x0000, 0x0000, 0x0000, 0x0000, 0x0000, 0x0000, 0x0000,
    0x0000, 0x0000, 0x0000, 0x0000, 0x0000, 0x0000, 0x0000, 0x0000, 0x0000, 0x0000, 0x0000, 0x0000, 0x0000, 0x0000, 0x0000, 0x0000,
    0x0000, 0x0000, 0x0000, 0x0000, 0x0000, 0x0000, 0x0000, 0x0000, 0x0000, 0x0000, 0x0000, 0x0000, 0x0000, 0x0000, 0x0000, 0x0000,
    0x0000, 0x0000, 0x0000, 0x0000, 0x0000, 0x0000, 0x0000, 0x0000, 0x0000, 0x0000, 0x0000, 0x0000, 0x0000, 0x0000, 0x0000, 0x0000,
    0x0000, 0x0000, 0x0000, 0x0000, 0x0000, 0x0000, 0x0000, 0x0000, 0x0000, 0x0000, 0x0000, 0x0000, 0x0000, 0x0000, 0x0000, 0x0000,
    0x0000, 0x0000, 0x0000, 0x0000, 0x0000, 0xCD15, 0xCD15, 0xBC32, 0xBBD1, 0xBBD0, 0xC3D0, 0xCC52, 0xDCD4, 0xAA6A, 0x88E3, 0xB247,
    0xC34B, 0xC3CD, 0xC40E, 0xC42E, 0xCC4F, 0xD4D0, 0xD4D1, 0xBB6C, 0xAC51, 0xB535, 0xB556, 0xB576, 0xBD35, 0xBB6D, 0xC32B, 0xC34C,
    0xC36C, 0xC34B, 0xB30A, 0x8206, 0x5923, 0x48C2, 0x48C2, 0x48C2, 0x48E2, 0x5103, 0x6184, 0x8A27, 0xAAC9, 0xAAEA, 0xAACA, 0x9AA9,
    0xA3AE, 0xCD94, 0xE5F5, 0xEE15, 0xF636, 0xF656, 0xF656, 0xF677, 0xFE97, 0xFEB8, 0xFED8, 0xFED8, 0xFED8, 0xFEB8, 0xFEB8, 0xFE98,
    0xF698, 0xF698, 0xE678, 0xD4D1, 0xD3EE, 0xCC0F, 0xC3AD, 0x9AA9, 0x71C5, 0x6944, 0x6944, 0x7184, 0x8206, 0xA2A9, 0xBB0B, 0xC34C,
    0xCB8E, 0xD3EF, 0xDC10, 0xDC30, 0xD3EF, 0xBB4B, 0xC554, 0xDEDB, 0xDEDB, 0xDEBA, 0xCD13, 0xD4F1, 0xF697, 0xF6B8, 0xF698, 0xF698,
    0xFE97, 0xF657, 0xD40E, 0x78A2, 0x9986, 0xE472, 0xDCF5, 0xDC93, 0xD493, 0xCC93, 0xC494, 0xC3B0, 0xC556, 0x0000, 0x0000, 0x0000,
    0x0000, 0x0000, 0x0000, 0x0000, 0x0000, 0x0000, 0x0000, 0x0000, 0x0000, 0x0000, 0x0000, 0x0000, 0x0000, 0x0000, 0x0000, 0x0000,
    0x0000, 0x0000, 0x0000, 0x0000, 0x0000, 0x0000, 0x0000, 0x0000, 0x0000, 0x0000, 0x0000, 0x0000, 0x0000, 0x0000, 0x0000, 0x0000,
    0x0000, 0x0000, 0x0000, 0x0000, 0x0000, 0x0000, 0x0000, 0x0000, 0x0000, 0x0000, 0x0000, 0x0000, 0x0000, 0x0000, 0x0000, 0x0000,
    0x0000, 0x0000, 0x0000, 0x0000, 0x0000, 0x0000, 0x0000, 0x0000, 0x0000, 0x0000, 0x0000, 0x0000, 0x0000, 0x0000, 0x0000, 0x0000,
    0x0000, 0x0000, 0x0000, 0x0000, 0x0000, 0x0000, 0x0000, 0x0000, 0x0000, 0x0000, 0x0000, 0x0000, 0x0000, 0x0000, 0x0000, 0x0000,
    0x0000, 0x0000, 0x0000, 0x0000, 0x0000, 0x0000, 0x0000, 0x0000, 0x0000, 0x0000, 0x0000, 0x0000, 0x0000, 0x0000, 0x0000, 0x0000,
    0x0000, 0x0000, 0x0000, 0x0000, 0x0000, 0x0000, 0x0000, 0x0000, 0x0000, 0x0000, 0x0000, 0x0000, 0x0000, 0x0000, 0x0000, 0x0000,
    0x0000, 0x0000, 0x0000, 0x0000, 0x0000, 0x0000, 0x0000, 0x0000, 0x0000, 0x0000, 0x0000, 0x0000, 0x0000, 0x0000, 0x0000, 0x0000,
    0x0000, 0x0000, 0x0000, 0x0000, 0x0000, 0xCD16, 0xCD16, 0xBC32, 0xBBD1, 0xBBB0, 0xC3D0, 0xCC52, 0xDCF4, 0xB2CB, 0x88E3, 0xB247,
    0xC34B, 0xC3CD, 0xC40E, 0xC42E, 0xCC6F, 0xD4D1, 0xDD53, 0xD4D1, 0xBC50, 0xB514, 0xB535, 0xB556, 0xB556, 0xBC30, 0xC34C, 0xD3AE,
    0xD3CE, 0xD3CE, 0xCBAD, 0xBB4B, 0x9AA9, 0x79E6, 0x5944, 0x5923, 0x69A5, 0x8A68, 0xAB0A, 0xBB6C, 0xBB8D, 0xBB6D, 0xB34C, 0xAB4C,
    0xC4F2, 0xE5F5, 0xEE36, 0xF636, 0xF656, 0xF656, 0xF656, 0xFE77, 0xFE97, 0xFEB8, 0xFED8, 0xFED8, 0xFED8, 0xFED8, 0xFEB8, 0xFEB8,
    0xFEB8, 0xF6B8, 0xF698, 0xE5D5, 0xD470, 0xDCB3, 0xD492, 0xCC0F, 0xBB8D, 0xAB0B, 0xAB0B, 0xB34C, 0xC3AE, 0xCBCE, 0xD3CF, 0xD3F0,
    0xDC11, 0xDC52, 0xE4B3, 0xE4D3, 0xDC0F, 0xBBEE, 0xD638, 0xDEBB, 0xDEBB, 0xD679, 0xD574, 0xEE36, 0xFEB8, 0xFEB8, 0xFEB8, 0xFEB8,
    0xFE97, 0xFE57, 0xDC4F, 0x78A2, 0xA1A7, 0xE493, 0xDCF5, 0xDC93, 0xD493, 0xCC73, 0xC493, 0xC411, 0xC597, 0x0000, 0x0000, 0x0000,
    0x0000, 0x0000, 0x0000, 0x0000, 0x0000, 0x0000, 0x0000, 0x0000, 0x0000, 0x0000, 0x0000, 0x0000, 0x0000, 0x0000, 0x0000, 0x0000,
    0x0000, 0x0000, 0x0000, 0x0000, 0x0000, 0x0000, 0x0000, 0x0000, 0x0000, 0x0000, 0x0000, 0x0000, 0x0000, 0x0000, 0x0000, 0x0000,
    0x0000, 0x0000, 0x0000, 0x0000, 0x0000, 0x0000, 0x0000, 0x0000, 0x0000, 0x0000, 0x0000, 0x0000, 0x0000, 0x0000, 0x0000, 0x0000,
    0x0000, 0x0000, 0x0000, 0x0000, 0x0000, 0x0000, 0x0000, 0x0000, 0x0000, 0x0000, 0x0000, 0x0000, 0x0000, 0x0000, 0x0000, 0x0000,
    0x0000, 0x0000, 0x0000, 0x0000, 0x0000, 0x0000, 0x0000, 0x0000, 0x0000, 0x0000, 0x0000, 0x0000, 0x0000, 0x0000, 0x0000, 0x0000,
    0x0000, 0x0000, 0x0000, 0x0000, 0x0000, 0x0000, 0x0000, 0x0000, 0x0000, 0x0000, 0x0000, 0x0000, 0x0000, 0x0000, 0x0000, 0x0000,
    0x0000, 0x0000, 0x0000, 0x0000, 0x0000, 0x0000, 0x0000, 0x0000, 0x0000, 0x0000, 0x0000, 0x0000, 0x0000, 0x0000, 0x0000, 0x0000,
    0x0000, 0x0000, 0x0000, 0x0000, 0x0000, 0x0000, 0x0000, 0x0000, 0x0000, 0x0000, 0x0000, 0x0000, 0x0000, 0x0000, 0x0000, 0x0000,
    0x0000, 0x0000, 0x0000, 0x0000, 0x0000, 0xCD77, 0xCD77, 0xBC52, 0xBBD1, 0xBBB0, 0xC3D0, 0xCC32, 0xDCF5, 0xC34D, 0x9103, 0xB247,
    0xC36B, 0xCBCD, 0xC40E, 0xC44F, 0xCC90, 0xD4F1, 0xDD53, 0xE5B4, 0xD573, 0xBD34, 0xB534, 0xB535, 0xB555, 0xBCF4, 0xC38E, 0xD3AF,
    0xDC10, 0xDC10, 0xDC30, 0xD40F, 0xCBCE, 0xC38D, 0xAB2B, 0xAB2B, 0xBB8C, 0xC3CE, 0xCBEF, 0xCC10, 0xCC10, 0xC3D0, 0xBBAE, 0xC4B1,
    0xE5F5, 0xF636, 0xF636, 0xF656, 0xF656, 0xF656, 0xFE56, 0xFE36, 0xFE15, 0xFE36, 0xFE77, 0xFEB8, 0xFEB8, 0xFED8, 0xFED8, 0xFEB8,
    0xFEB8, 0xFEB8, 0xFEB8, 0xF678, 0xDD33, 0xDCD3, 0xE535, 0xDD14, 0xDCD3, 0xDC92, 0xDC92, 0xDC93, 0xDC93, 0xDC93, 0xE473, 0xE473,
    0xE473, 0xEC94, 0xED15, 0xE4F4, 0xD3EF, 0xCD34, 0xDE9A, 0xDEBA, 0xDEBA, 0xDE79, 0xEE57, 0xFED8, 0xFED8, 0xFEB8, 0xFEB8, 0xFEB8,
    0xFE98, 0xFE77, 0xDC70, 0x80C2, 0xB208, 0xE4D3, 0xDCF5, 0xDC93, 0xD473, 0xCC73, 0xC493, 0xC432, 0xCF3D, 0x0000, 0x0000, 0x0000,
    0x0000, 0x0000, 0x0000, 0x0000, 0x0000, 0x0000, 0x0000, 0x0000, 0x0000, 0x0000, 0x0000, 0x0000, 0x0000, 0x0000, 0x0000, 0x0000,
    0x0000, 0x0000, 0x0000, 0x0000, 0x0000, 0x0000, 0x0000, 0x0000, 0x0000, 0x0000, 0x0000, 0x0000, 0x0000, 0x0000, 0x0000, 0x0000,
    0x0000, 0x0000, 0x0000, 0x0000, 0x0000, 0x0000, 0x0000, 0x0000, 0x0000, 0x0000, 0x0000, 0x0000, 0x0000, 0x0000, 0x0000, 0x0000,
    0x0000, 0x0000, 0x0000, 0x0000, 0x0000, 0x0000, 0x0000, 0x0000, 0x0000, 0x0000, 0x0000, 0x0000, 0x0000, 0x0000, 0x0000, 0x0000,
    0x0000, 0x0000, 0x0000, 0x0000, 0x0000, 0x0000, 0x0000, 0x0000, 0x0000, 0x0000, 0x0000, 0x0000, 0x0000, 0x0000, 0x0000, 0x0000,
    0x0000, 0x0000, 0x0000, 0x0000, 0x0000, 0x0000, 0x0000, 0x0000, 0x0000, 0x0000, 0x0000, 0x0000, 0x0000, 0x0000, 0x0000, 0x0000,
    0x0000, 0x0000, 0x0000, 0x0000, 0x0000, 0x0000, 0x0000, 0x0000, 0x0000, 0x0000, 0x0000, 0x0000, 0x0000, 0x0000, 0x0000, 0x0000,
    0x0000, 0x0000, 0x0000, 0x0000, 0x0000, 0x0000, 0x0000, 0x0000, 0x0000, 0x0000, 0x0000, 0x0000, 0x0000, 0x0000, 0x0000, 0x0000,
    0x0000, 0x0000, 0x0000, 0x0000, 0x0000, 0xD5B8, 0xD5B8, 0xBC52, 0xBBD0, 0xBBB0, 0xC3B0, 0xCC11, 0xDCF5, 0xCBEF, 0x9924, 0xB247,
    0xC36B, 0xCBED, 0xC42E, 0xCC4F, 0xCC90, 0xD4F1, 0xDD53, 0xE5B4, 0xEDF5, 0xDDD5, 0xCD54, 0xBD34, 0xBD34, 0xBD34, 0xC471, 0xCB8E,
    0xDC10, 0xE451, 0xE472, 0xE472, 0xDC72, 0xDC51, 0xDC51, 0xD451, 0xD451, 0xDC72, 0xDC73, 0xD472, 0xD452, 0xD471, 0xDD12, 0xEE15,
    0xF636, 0xF656, 0xF656, 0xF636, 0xF635, 0xF615, 0xF5F5, 0xF552, 0xF531, 0xF572, 0xFDB3, 0xFE15, 0xFE36, 0xFE77, 0xFED8, 0xFEB8,
    0xFEB8, 0xFEB8, 0xFEB8, 0xFEB8, 0xF657, 0xED95, 0xE575, 0xED76, 0xED56, 0xED56, 0xED36, 0xED36, 0xED15, 0xECF5, 0xECD5, 0xECD4,
    0xECD4, 0xED15, 0xED35, 0xDC51, 0xCC91, 0xD638, 0xDE99, 0xDE99, 0xE6B9, 0xF6D9, 0xFED9, 0xFED8, 0xFED8, 0xFEB8, 0xFEB8, 0xFEB8,
    0xFE98, 0xFE77, 0xD44F, 0x88E3, 0xBA8A, 0xE514, 0xDCF4, 0xD493, 0xD473, 0xC453, 0xBC73, 0xC473, 0xB3B0, 0x0000, 0x0000, 0x0000,
    0x0000, 0x0000, 0x0000, 0x0000, 0x0000, 0x0000, 0x0000, 0x0000, 0x0000, 0x0000, 0x0000, 0x0000, 0x0000, 0x0000, 0x0000, 0x0000,
    0x0000, 0x0000, 0x0000, 0x0000, 0x0000, 0x0000, 0x0000, 0x0000, 0x0000, 0x0000, 0x0000, 0x0000, 0x0000, 0x0000, 0x0000, 0x0000,
    0x0000, 0x0000, 0x0000, 0x0000, 0x0000, 0x0000, 0x0000, 0x0000, 0x0000, 0x0000, 0x0000, 0x0000, 0x0000, 0x0000, 0x0000, 0x0000,
    0x0000, 0x0000, 0x0000, 0x0000, 0x0000, 0x0000, 0x0000, 0x0000, 0x0000, 0x0000, 0x0000, 0x0000, 0x0000, 0x0000, 0x0000, 0x0000,
    0x0000, 0x0000, 0x0000, 0x0000, 0x0000, 0x0000, 0x0000, 0x0000, 0x0000, 0x0000, 0x0000, 0x0000, 0x0000, 0x0000, 0x0000, 0x0000,
    0x0000, 0x0000, 0x0000, 0x0000, 0x0000, 0x0000, 0x0000, 0x0000, 0x0000, 0x0000, 0x0000, 0x0000, 0x0000, 0x0000, 0x0000, 0x0000,
    0x0000, 0x0000, 0x0000, 0x0000, 0x0000, 0x0000, 0x0000, 0x0000, 0x0000, 0x0000, 0x0000, 0x0000, 0x0000, 0x0000, 0x0000, 0x0000,
    0x0000, 0x0000, 0x0000, 0x0000, 0x0000, 0x0000, 0x0000, 0x0000, 0x0000, 0x0000, 0x0000, 0x0000, 0x0000, 0x0000, 0x0000, 0x0000,
    0x0000, 0x0000, 0x0000, 0x0000, 0x0000, 0xDEDC, 0xE73D, 0xC452, 0xBBD0, 0xBBB0, 0xC3B0, 0xCBF1, 0xDCD4, 0xDC72, 0xA185, 0xB227,
    0xC36C, 0xCBED, 0xCC2E, 0xCC6F, 0xD4B0, 0xD4F1, 0xDD53, 0xE594, 0xEDD5, 0xEDF5, 0xEDF5, 0xDDB5, 0xD574, 0xC554, 0xC513, 0xCC30,
    0xCBAE, 0xDC10, 0xE493, 0xE4B3, 0xE4B4, 0xE4D4, 0xE4D4, 0xE4D4, 0xE4F5, 0xE4F5, 0xE514, 0xE534, 0xE594, 0xEDF5, 0xF656, 0xF657,
    0xF656, 0xF656, 0xF636, 0xF635, 0xEDF4, 0xED72, 0xECD0, 0xEC4D, 0xEC6D, 0xECAE, 0xF4EF, 0xF531, 0xFD93, 0xFDF5, 0xFE97, 0xFEB8,
    0xFEB8, 0xFEB8, 0xFED8, 0xFED8, 0xFEB8, 0xF698, 0xF657, 0xF617, 0xF5F7, 0xF5D7, 0xF5B6, 0xF576, 0xF556, 0xF536, 0xF536, 0xF535,
    0xF536, 0xED35, 0xE4B2, 0xD491, 0xDDD6, 0xE699, 0xEE98, 0xF6B8, 0xFED8, 0xFED8, 0xFED8, 0xFEB8, 0xFEB8, 0xFEB8, 0xFEB8, 0xFEB8,
    0xFE98, 0xFE77, 0xD44F, 0x9104, 0xCB2D, 0xE535, 0xDCD4, 0xD493, 0xCC52, 0xC452, 0xBC94, 0xBC93, 0x0000, 0x0000, 0x0000, 0x0000,
    0x0000, 0x0000, 0x0000, 0x0000, 0x0000, 0x0000, 0x0000, 0x0000, 0x0000, 0x0000, 0x0000, 0x0000, 0x0000, 0x0000, 0x0000, 0x0000,
    0x0000, 0x0000, 0x0000, 0x0000, 0x0000, 0x0000, 0x0000, 0x0000, 0x0000, 0x0000, 0x0000, 0x0000, 0x0000, 0x0000, 0x0000, 0x0000,
    0x0000, 0x0000, 0x0000, 0x0000, 0x0000, 0x0000, 0x0000, 0x0000, 0x0000, 0x0000, 0x0000, 0x0000, 0x0000, 0x0000, 0x0000, 0x0000,
    0x0000, 0x0000, 0x0000, 0x0000, 0x0000, 0x0000, 0x0000, 0x0000, 0x0000, 0x0000, 0x0000, 0x0000, 0x0000, 0x0000, 0x0000, 0x0000,
    0x0000, 0x0000, 0x0000, 0x0000, 0x0000, 0x0000, 0x0000, 0x0000, 0x0000, 0x0000, 0x0000, 0x0000, 0x0000, 0x0000, 0x0000, 0x0000,
    0x0000, 0x0000, 0x0000, 0x0000, 0x0000, 0x0000, 0x0000, 0x0000, 0x0000, 0x0000, 0x0000, 0x0000, 0x0000, 0x0000, 0x0000, 0x0000,
    0x0000, 0x0000, 0x0000, 0x0000, 0x0000, 0x0000, 0x0000, 0x0000, 0x0000, 0x0000, 0x0000, 0x0000, 0x0000, 0x0000, 0x0000, 0x0000,
    0x0000, 0x0000, 0x0000, 0x0000, 0x0000, 0x0000, 0x0000, 0x0000, 0x0000, 0x0000, 0x0000, 0x0000, 0x0000, 0x0000, 0x0000, 0x0000,
    0x0000, 0x0000, 0x0000, 0x0000, 0x0000, 0xFFFF, 0x98E6, 0xC453, 0xBBD0, 0xBBB0, 0xBBB0, 0xC3F1, 0xD4B4, 0xE4F4, 0xAA08, 0xAA07,
    0xC36B, 0xCC0D, 0xCC2E, 0xCC6F, 0xD4B0, 0xDCF1, 0xE552, 0xE573, 0xEDB4, 0xF5B4, 0xF5D5, 0xFDF5, 0xF5F5, 0xF5D5, 0xEDB4, 0xED94,
    0xE512, 0xE4F2, 0xED13, 0xED54, 0xED75, 0xF595, 0xF5B6, 0xF5B6, 0xF5D6, 0xF5F6, 0xF636, 0xF656, 0xF677, 0xF677, 0xF677, 0xF657,
    0xF657, 0xF656, 0xF636, 0xEE15, 0xEDD4, 0xE4F0, 0xE44D, 0xE3CB, 0xE40C, 0xE46D, 0xECAE, 0xF4CF, 0xF4CF, 0xF531, 0xF615, 0xF677,
    0xFE97, 0xFEB8, 0xFED8, 0xFED8, 0xFED8, 0xFEB8, 0xFEB8, 0xF698, 0xF677, 0xF677, 0xF657, 0xF637, 0xF637, 0xF617, 0xF617, 0xF5F7,
    0xF5F7, 0xF5F6, 0xF5D5, 0xEE36, 0xF698, 0xF698, 0xFEB8, 0xFEB8, 0xFEB8, 0xFEB8, 0xFEB8, 0xFE98, 0xFEB8, 0xFEB8, 0xFEB8, 0xFEB8,
    0xFE98, 0xFE77, 0xCC0E, 0xA165, 0xDC10, 0xE556, 0xDCD4, 0xD473, 0xCC52, 0xC452, 0xAD77, 0xBCB4, 0x0000, 0x0000, 0x0000, 0x0000,
    0x0000, 0x0000, 0x0000, 0x0000, 0x0000, 0x0000, 0x0000, 0x0000, 0x0000, 0x0000, 0x0000, 0x0000, 0x0000, 0x0000, 0x0000, 0x0000,
    0x0000, 0x0000, 0x0000, 0x0000, 0x0000, 0x0000, 0x0000, 0x0000, 0x0000, 0x0000, 0x0000, 0x0000, 0x0000, 0x0000, 0x0000, 0x0000,
    0x0000, 0x0000, 0x0000, 0x0000, 0x0000, 0x0000, 0x0000, 0x0000, 0x0000, 0x0000, 0x0000, 0x0000, 0x0000, 0x0000, 0x0000, 0x0000,
    0x0000, 0x0000, 0x0000, 0x0000, 0x0000, 0x0000, 0x0000, 0x0000, 0x0000, 0x0000, 0x0000, 0x0000, 0x0000, 0x0000, 0x0000, 0x0000,
    0x0000, 0x0000, 0x0000, 0x0000, 0x0000, 0x0000, 0x0000, 0x0000, 0x0000, 0x0000, 0x0000, 0x0000, 0x0000, 0x0000, 0x0000, 0x0000,
    0x0000, 0x0000, 0x0000, 0x0000, 0x0000, 0x0000, 0x0000, 0x0000, 0x0000, 0x0000, 0x0000, 0x0000, 0x0000, 0x0000, 0x0000, 0x0000,
    0x0000, 0x0000, 0x0000, 0x0000, 0x0000, 0x0000, 0x0000, 0x0000, 0x0000, 0x0000, 0x0000, 0x0000, 0x0000, 0x0000, 0x0000, 0x0000,
    0x0000, 0x0000, 0x0000, 0x0000, 0x0000, 0x0000, 0x0000, 0x0000, 0x0000, 0x0000, 0x0000, 0x0000, 0x0000, 0x0000, 0x0000, 0x0000,
    0x0000, 0x0000, 0x0000, 0x0000, 0x0000, 0xEFFF, 0xB36F, 0xC473, 0xBBD1, 0xBBB0, 0xBBB0, 0xC3D0, 0xD473, 0xE556, 0xBAEB, 0xA9C6,
    0xC36B, 0xCC0D, 0xCC4E, 0xCC6F, 0xD4B0, 0xDCF1, 0xE532, 0xED52, 0xF573, 0xF593, 0xFD93, 0xFDB4, 0xFDB4, 0xFDD4, 0xFDD4, 0xFDF5,
    0xFDF5, 0xFDF5, 0xFDF5, 0xFE15, 0xFE15, 0xFE16, 0xFE36, 0xFE36, 0xFE56, 0xFE57, 0xFE57, 0xFE77, 0xFE77, 0xFE77, 0xF677, 0xF657,
    0xF656, 0xF636, 0xEDF5, 0xEDD4, 0xE5B3, 0xDCF0, 0xDC4D, 0xDC2C, 0xDC0C, 0xE44D, 0xE48D, 0xECAF, 0xECCF, 0xED31, 0xF5F4, 0xF656,
    0xF677, 0xFEB8, 0xFEB8, 0xFED8, 0xFED8, 0xFEB8, 0xFEB8, 0xFE98, 0xF697, 0xF677, 0xF677, 0xF677, 0xF677, 0xF677, 0xFE77, 0xFE77,
    0xFE77, 0xFE77, 0xFE77, 0xFE77, 0xFE77, 0xFE77, 0xFE77, 0xFE77, 0xFE77, 0xFE77, 0xFE77, 0xFE77, 0xFE97, 0xFE97, 0xFE97, 0xFE97,
    0xFE97, 0xFE56, 0xC3AD, 0xB208, 0xE4B3, 0xE556, 0xDCB4, 0xD452, 0xCC32, 0xBC32, 0xC3B0, 0xB515, 0x0000, 0x0000, 0x0000, 0x0000,
    0x0000, 0x0000, 0x0000, 0x0000, 0x0000, 0x0000, 0x0000, 0x0000, 0x0000, 0x0000, 0x0000, 0x0000, 0x0000, 0x0000, 0x0000, 0x0000,
    0x0000, 0x0000, 0x0000, 0x0000, 0x0000, 0x0000, 0x0000, 0x0000, 0x0000, 0x0000, 0x0000, 0x0000, 0x0000, 0x0000, 0x0000, 0x0000,
    0x0000, 0x0000, 0x0000, 0x0000, 0x0000, 0x0000, 0x0000, 0x0000, 0x0000, 0x0000, 0x0000, 0x0000, 0x0000, 0x0000, 0x0000, 0x0000,
    0x0000, 0x0000, 0x0000, 0x0000, 0x0000, 0x0000, 0x0000, 0x0000, 0x0000, 0x0000, 0x0000, 0x0000, 0x0000, 0x0000, 0x0000, 0x0000,
    0x0000, 0x0000, 0x0000, 0x0000, 0x0000, 0x0000, 0x0000, 0x0000, 0x0000, 0x0000, 0x0000, 0x0000, 0x0000, 0x0000, 0x0000, 0x0000,
    0x0000, 0x0000, 0x0000, 0x0000, 0x0000, 0x0000, 0x0000, 0x0000, 0x0000, 0x0000, 0x0000, 0x0000, 0x0000, 0x0000, 0x0000, 0x0000,
    0x0000, 0x0000, 0x0000, 0x0000, 0x0000, 0x0000, 0x0000, 0x0000, 0x0000, 0x0000, 0x0000, 0x0000, 0x0000, 0x0000, 0x0000, 0x0000,
    0x0000, 0x0000, 0x0000, 0x0000, 0x0000, 0x0000, 0x0000, 0x0000, 0x0000, 0x0000, 0x0000, 0x0000, 0x0000, 0x0000, 0x0000, 0x0000,
    0x0000, 0x0000, 0x0000, 0x0000, 0x0000, 0x0000, 0xBBB0, 0xC494, 0xBBD1, 0xBBB0, 0xBB90, 0xC3B0, 0xCC32, 0xE535, 0xCBF0, 0xA9C6,
    0xC32A, 0xCC0D, 0xCC4E, 0xCC6F, 0xD490, 0xDCD0, 0xE4F1, 0xED11, 0xF531, 0xF531, 0xFD52, 0xFD72, 0xFD72, 0xFD93, 0xFD93, 0xFDB4,
    0xFDD4, 0xFDD4, 0xFDF5, 0xFDF5, 0xFE15, 0xFE16, 0xFE36, 0xFE36, 0xFE57, 0xFE57, 0xFE77, 0xFE77, 0xFE77, 0xF677, 0xF656, 0xF636,
    0xEE15, 0xEDF5, 0xE5D4, 0xE5B3, 0xE593, 0xDD11, 0xD48E, 0xD46D, 0xDC4D, 0xDC6D, 0xDC8E, 0xE4CF, 0xE531, 0xE593, 0xEE15, 0xF636,
    0xF656, 0xF677, 0xF697, 0xF697, 0xFE98, 0xFEB8, 0xFEB8, 0xFEB8, 0xF698, 0xF697, 0xF697, 0xF677, 0xF677, 0xF677, 0xFE97, 0xFE77,
    0xFE77, 0xFE56, 0xFE36, 0xFE36, 0xFE15, 0xFE15, 0xFE15, 0xFE15, 0xFE36, 0xFE36, 0xFE36, 0xFE56, 0xFE56, 0xFE77, 0xFE77, 0xFE77,
    0xFE77, 0xF615, 0xC30B, 0xCAEC, 0xED56, 0xE536, 0xDC93, 0xD452, 0xC432, 0xBC52, 0xBC52, 0xB515, 0x0000, 0x0000, 0x0000, 0x0000,
    0x0000, 0x0000, 0x0000, 0x0000, 0x0000, 0x0000, 0x0000, 0x0000, 0x0000, 0x0000, 0x0000, 0x0000, 0x0000, 0x0000, 0x0000, 0x0000,
    0x0000, 0x0000, 0x0000, 0x0000, 0x0000, 0x0000, 0x0000, 0x0000, 0x0000, 0x0000, 0x0000, 0x0000, 0x0000, 0x0000, 0x0000, 0x0000,
    0x0000, 0x0000, 0x0000, 0x0000, 0x0000, 0x0000, 0x0000, 0x0000, 0x0000, 0x0000, 0x0000, 0x0000, 0x0000, 0x0000, 0x0000, 0x0000,
    0x0000, 0x0000, 0x0000, 0x0000, 0x0000, 0x0000, 0x0000, 0x0000, 0x0000, 0x0000, 0x0000, 0x0000, 0x0000, 0x0000, 0x0000, 0x0000,
    0x0000, 0x0000, 0x0000, 0x0000, 0x0000, 0x0000, 0x0000, 0x0000, 0x0000, 0x0000, 0x0000, 0x0000, 0x0000, 0x0000, 0x0000, 0x0000,
    0x0000, 0x0000, 0x0000, 0x0000, 0x0000, 0x0000, 0x0000, 0x0000, 0x0000, 0x0000, 0x0000, 0x0000, 0x0000, 0x0000, 0x0000, 0x0000,
    0x0000, 0x0000, 0x0000, 0x0000, 0x0000, 0x0000, 0x0000, 0x0000, 0x0000, 0x0000, 0x0000, 0x0000, 0x0000, 0x0000, 0x0000, 0x0000,
    0x0000, 0x0000, 0x0000, 0x0000, 0x0000, 0x0000, 0x0000, 0x0000, 0x0000, 0x0000, 0x0000, 0x0000, 0x0000, 0x0000, 0x0000, 0x0000,
    0x0000, 0x0000, 0x0000, 0x0000, 0x0000, 0x0000, 0xBC12, 0xC4D4, 0xBBF1, 0xBBB0, 0xBB90, 0xC3B0, 0xCBF1, 0xDCD4, 0xDCF4, 0xB248,
    0xBAE9, 0xCC0D, 0xCC2E, 0xCC4F, 0xD46F, 0xDC6F, 0xE48F, 0xECAF, 0xF4AF, 0xF4CF, 0xFCEF, 0xFCF0, 0xFD10, 0xFD30, 0xFD31, 0xFD51,
    0xFD72, 0xFD93, 0xFDB3, 0xFDD4, 0xFDD4, 0xFDF5, 0xFE15, 0xFE16, 0xF636, 0xF636, 0xF636, 0xF636, 0xF636, 0xEE35, 0xEDF5, 0xE5D4,
    0xE593, 0xE572, 0xDD72, 0xDD72, 0xDD72, 0xDD31, 0xD4F0, 0xD4CF, 0xD4CF, 0xDCCF, 0xDCF0, 0xE551, 0xE5B3, 0xEDF4, 0xEE15, 0xEE35,
    0xF636, 0xF635, 0xEE15, 0xEE35, 0xF636, 0xF656, 0xF677, 0xF677, 0xF697, 0xF697, 0xF697, 0xF677, 0xF697, 0xF697, 0xF697, 0xFE77,
    0xFE36, 0xFE15, 0xFDF5, 0xFDD4, 0xFDD4, 0xFDB4, 0xFDB4, 0xFDB4, 0xFDD4, 0xFDD4, 0xFDF5, 0xFE15, 0xFE36, 0xFE56, 0xFE56, 0xFE56,
    0xFE56, 0xED93, 0xC2AA, 0xDBF0, 0xED97, 0xE4F5, 0xDC52, 0xCC32, 0xC432, 0xB494, 0xB494, 0x0000, 0x0000, 0x0000, 0x0000, 0x0000,
    0x0000, 0x0000, 0x0000, 0x0000, 0x0000, 0x0000, 0x0000, 0x0000, 0x0000, 0x0000, 0x0000, 0x0000, 0x0000, 0x0000, 0x0000, 0x0000,
    0x0000, 0x0000, 0x0000, 0x0000, 0x0000, 0x0000, 0x0000, 0x0000, 0x0000, 0x0000, 0x0000, 0x0000, 0x0000, 0x0000, 0x0000, 0x0000,
    0x0000, 0x0000, 0x0000, 0x0000, 0x0000, 0x0000, 0x0000, 0x0000, 0x0000, 0x0000, 0x0000, 0x0000, 0x0000, 0x0000, 0x0000, 0x0000,
    0x0000, 0x0000, 0x0000, 0x0000, 0x0000, 0x0000, 0x0000, 0x0000, 0x0000, 0x0000, 0x0000, 0x0000, 0x0000, 0x0000, 0x0000, 0x0000,
    0x0000, 0x0000, 0x0000, 0x0000, 0x0000, 0x0000, 0x0000, 0x0000, 0x0000, 0x0000, 0x0000, 0x0000, 0x0000, 0x0000, 0x0000, 0x0000,
    0x0000, 0x0000, 0x0000, 0x0000, 0x0000, 0x0000, 0x0000, 0x0000, 0x0000, 0x0000, 0x0000, 0x0000, 0x0000, 0x0000, 0x0000, 0x0000,
    0x0000, 0x0000, 0x0000, 0x0000, 0x0000, 0x0000, 0x0000, 0x0000, 0x0000, 0x0000, 0x0000, 0x0000, 0x0000, 0x0000, 0x0000, 0x0000,
    0x0000, 0x0000, 0x0000, 0x0000, 0x0000, 0x0000, 0x0000, 0x0000, 0x0000, 0x0000, 0x0000, 0x0000, 0x0000, 0x0000, 0x0000, 0x0000,
    0x0000, 0x0000, 0x0000, 0x0000, 0x0000, 0x0000, 0xBC73, 0xC598, 0xBC12, 0xBBB0, 0xBB90, 0xBBB0, 0xC3D0, 0xD452, 0xE556, 0xC34D,
    0xBA88, 0xCBED, 0xCC2E, 0xCC4E, 0xD44E, 0xDC4E, 0xE44E, 0xEC4D, 0xF44D, 0xF46D, 0xFC6D, 0xFC8E, 0xFCAE, 0xFCCF, 0xFCCF, 0xFCEF,
    0xFD10, 0xFD31, 0xFD52, 0xFD72, 0xFD93, 0xF5B3, 0xF5D4, 0xF5D4, 0xF5F5, 0xF5F5, 0xEDF5, 0xEDF5, 0xEDF4, 0xE5B3, 0xE572, 0xDCF0,
    0xDCAF, 0xD4CF, 0xDD10, 0xDD31, 0xDD52, 0xDD52, 0xDD32, 0xDD52, 0xDD72, 0xDD92, 0xE5B3, 0xEE15, 0xEE36, 0xEE36, 0xEE36, 0xEE35,
    0xEE15, 0xEDD4, 0xE572, 0xDD31, 0xE552, 0xE5B3, 0xEDF4, 0xEE35, 0xF636, 0xF656, 0xF656, 0xF656, 0xF656, 0xF656, 0xF636, 0xFE36,
    0xFDF5, 0xFDD4, 0xFD93, 0xFD72, 0xFD72, 0xFD51, 0xFD51, 0xFD51, 0xFD72, 0xFD92, 0xFDB3, 0xFDD4, 0xFDF5, 0xFE15, 0xFE36, 0xFE36,
    0xFE36, 0xE4D1, 0xCAEB, 0xECF4, 0xED77, 0xE494, 0xD452, 0xCC32, 0xBC32, 0x07FF, 0xB7BF, 0x0000, 0x0000, 0x0000, 0x0000, 0x0000,
    0x0000, 0x0000, 0x0000, 0x0000, 0x0000, 0x0000, 0x0000, 0x0000, 0x0000, 0x0000, 0x0000, 0x0000, 0x0000, 0x0000, 0x0000, 0x0000,
    0x0000, 0x0000, 0x0000, 0x0000, 0x0000, 0x0000, 0x0000, 0x0000, 0x0000, 0x0000, 0x0000, 0x0000, 0x0000, 0x0000, 0x0000, 0x0000,
    0x0000, 0x0000, 0x0000, 0x0000, 0x0000, 0x0000, 0x0000, 0x0000, 0x0000, 0x0000, 0x0000, 0x0000, 0x0000, 0x0000, 0x0000, 0x0000,
    0x0000, 0x0000, 0x0000, 0x0000, 0x0000, 0x0000, 0x0000, 0x0000, 0x0000, 0x0000, 0x0000, 0x0000, 0x0000, 0x0000, 0x0000, 0x0000,
    0x0000, 0x0000, 0x0000, 0x0000, 0x0000, 0x0000, 0x0000, 0x0000, 0x0000, 0x0000, 0x0000, 0x0000, 0x0000, 0x0000, 0x0000, 0x0000,
    0x0000, 0x0000, 0x0000, 0x0000, 0x0000, 0x0000, 0x0000, 0x0000, 0x0000, 0x0000, 0x0000, 0x0000, 0x0000, 0x0000, 0x0000, 0x0000,
    0x0000, 0x0000, 0x0000, 0x0000, 0x0000, 0x0000, 0x0000, 0x0000, 0x0000, 0x0000, 0x0000, 0x0000, 0x0000, 0x0000, 0x0000, 0x0000,
    0x0000, 0x0000, 0x0000, 0x0000, 0x0000, 0x0000, 0x0000, 0x0000, 0x0000, 0x0000, 0x0000, 0x0000, 0x0000, 0x0000, 0x0000, 0x0000,
    0x0000, 0x0000, 0x0000, 0x0000, 0x0000, 0x0000, 0xC536, 0xB2AC, 0xBC52, 0xBBD0, 0xBB90, 0xBB90, 0xC3B0, 0xCBF1, 0xDCF5, 0xDC92,
    0xBA68, 0xC38C, 0xCC2D, 0xCC2E, 0xD42D, 0xDC0D, 0xE40D, 0xEC0C, 0xF40C, 0xF40C, 0xF40C, 0xF42C, 0xF44C, 0xF46D, 0xFC6D, 0xFC8E,
    0xFCAE, 0xFCEF, 0xFD10, 0xF531, 0xF551, 0xF572, 0xF593, 0xEDB3, 0xEDB3, 0xEDD4, 0xEDD4, 0xEDB3, 0xE593, 0xDD52, 0xDCCF, 0xD3EC,
    0xD3CB, 0xD44D, 0xD4AF, 0xDD10, 0xDD51, 0xDD52, 0xDD52, 0xE531, 0xE552, 0xE572, 0xED93, 0xEDB4, 0xEDD4, 0xF615, 0xEE15, 0xEDF4,
    0xEDB3, 0xE572, 0xDC8E, 0xCBAB, 0xD40C, 0xD4CF, 0xDD51, 0xE5B3, 0xEDF4, 0xEE15, 0xEE15, 0xEE15, 0xEE15, 0xF615, 0xF5F5, 0xFDD4,
    0xFDB3, 0xFD72, 0xFD51, 0xFD30, 0xFD10, 0xFD10, 0xFCF0, 0xFD10, 0xFD10, 0xFD30, 0xFD51, 0xFD92, 0xFDB3, 0xFDD4, 0xFDF5, 0xF615,
    0xF5D4, 0xDC0E, 0xE3AF, 0xED97, 0xE536, 0xDC52, 0xD452, 0xC432, 0xBC52, 0xC432, 0xB71D, 0x0000, 0x0000, 0x0000, 0x0000, 0x0000,
    0x0000, 0x0000, 0x0000, 0x0000, 0x0000, 0x0000, 0x0000, 0x0000, 0x0000, 0x0000, 0x0000, 0x0000, 0x0000, 0x0000, 0x0000, 0x0000,
    0x0000, 0x0000, 0x0000, 0x0000, 0x0000, 0x0000, 0x0000, 0x0000, 0x0000, 0x0000, 0x0000, 0x0000, 0x0000, 0x0000, 0x0000, 0x0000,
    0x0000, 0x0000, 0x0000, 0x0000, 0x0000, 0x0000, 0x0000, 0x0000, 0x0000, 0x0000, 0x0000, 0x0000, 0x0000, 0x0000, 0x0000, 0x0000,
    0x0000, 0x0000, 0x0000, 0x0000, 0x0000, 0x0000, 0x0000, 0x0000, 0x0000, 0x0000, 0x0000, 0x0000, 0x0000, 0x0000, 0x0000, 0x0000,
    0x0000, 0x0000, 0x0000, 0x0000, 0x0000, 0x0000, 0x0000, 0x0000, 0x0000, 0x0000, 0x0000, 0x0000, 0x0000, 0x0000, 0x0000, 0x0000,
    0x0000, 0x0000, 0x0000, 0x0000, 0x0000, 0x0000, 0x0000, 0x0000, 0x0000, 0x0000, 0x0000, 0x0000, 0x0000, 0x0000, 0x0000, 0x0000,
    0x0000, 0x0000, 0x0000, 0x0000, 0x0000, 0x0000, 0x0000, 0x0000, 0x0000, 0x0000, 0x0000, 0x0000, 0x0000, 0x0000, 0x0000, 0x0000,
    0x0000, 0x0000, 0x0000, 0x0000, 0x0000, 0x0000, 0x0000, 0x0000, 0x0000, 0x0000, 0x0000, 0x0000, 0x0000, 0x0000, 0x0000, 0x0000,
    0x0000, 0x0000, 0x0000, 0x0000, 0x0000, 0x0000, 0xFFFF, 0xBC32, 0xBC73, 0xBBF1, 0xBBB0, 0xC3B0, 0xC3AF, 0xC3B0, 0xD452, 0xE555,
    0xC36D, 0xC32A, 0xCC0D, 0xCC2E, 0xD40D, 0xDC0C, 0xE3EC, 0xEBCB, 0xEBCB, 0xF3CA, 0xF3CB, 0xF3EB, 0xF3EB, 0xF40B, 0xF42C, 0xF44C,
    0xFC6D, 0xFC8E, 0xFCAE, 0xF4CF, 0xF510, 0xED31, 0xED51, 0xED72, 0xED92, 0xE593, 0xE593, 0xE592, 0xDD72, 0xDD31, 0xD4AF, 0xCBAB,
    0xB288, 0xB288, 0xC34A, 0xCBAB, 0xD3AC, 0xD38B, 0xD36B, 0xD36B, 0xD38B, 0xD3CC, 0xD3CC, 0xD3CC, 0xDBCC, 0xD3CC, 0xD3EC, 0xD3ED,
    0xCBCC, 0xC32A, 0xA247, 0xB2E9, 0xCC0C, 0xD46E, 0xD4CF, 0xDD31, 0xE592, 0xE5B3, 0xEDD4, 0xEDD4, 0xEDD4, 0xEDB3, 0xF5B3, 0xF592,
    0xFD51, 0xFD30, 0xFD10, 0xFCCF, 0xFCCE, 0xFCAE, 0xFCAE, 0xFCAE, 0xFCCE, 0xFCEF, 0xFD10, 0xFD51, 0xF592, 0xF5B3, 0xF5D4, 0xF5D4,
    0xF552, 0xE3AE, 0xECD4, 0xED97, 0xE4B4, 0xD452, 0xCC53, 0xBC32, 0xAC32, 0xB432, 0x0000, 0x0000, 0x0000, 0x0000, 0x0000, 0x0000,
    0x0000, 0x0000, 0x0000, 0x0000, 0x0000, 0x0000, 0x0000, 0x0000, 0x0000, 0x0000, 0x0000, 0x0000, 0x0000, 0x0000, 0x0000, 0x0000,
    0x0000, 0x0000, 0x0000, 0x0000, 0x0000, 0x0000, 0x0000, 0x0000, 0x0000, 0x0000, 0x0000, 0x0000, 0x0000, 0x0000, 0x0000, 0x0000,
    0x0000, 0x0000, 0x0000, 0x0000, 0x0000, 0x0000, 0x0000, 0x0000, 0x0000, 0x0000, 0x0000, 0x0000, 0x0000, 0x0000, 0x0000, 0x0000,
    0x0000, 0x0000, 0x0000, 0x0000, 0x0000, 0x0000, 0x0000, 0x0000, 0x0000, 0x0000, 0x0000, 0x0000, 0x0000, 0x0000, 0x0000, 0x0000,
    0x0000, 0x0000, 0x0000, 0x0000, 0x0000, 0x0000, 0x0000, 0x0000, 0x0000, 0x0000, 0x0000, 0x0000, 0x0000, 0x0000, 0x0000, 0x0000,
    0x0000, 0x0000, 0x0000, 0x0000, 0x0000, 0x0000, 0x0000, 0x0000, 0x0000, 0x0000, 0x0000, 0x0000, 0x0000, 0x0000, 0x0000, 0x0000,
    0x0000, 0x0000, 0x0000, 0x0000, 0x0000, 0x0000, 0x0000, 0x0000, 0x0000, 0x0000, 0x0000, 0x0000, 0x0000, 0x0000, 0x0000, 0x0000,
    0x0000, 0x0000, 0x0000, 0x0000, 0x0000, 0x0000, 0x0000, 0x0000, 0x0000, 0x0000, 0x0000, 0x0000, 0x0000, 0x0000, 0x0000, 0x0000,
    0x0000, 0x0000, 0x0000, 0x0000, 0x0000, 0x0000, 0xCDF8, 0xBCB4, 0xC800, 0xBC32, 0xC3F1, 0xC3B0, 0xC3AF, 0xC3AF, 0xCBD0, 0xDCD4,
    0xDCD3, 0xC2EA, 0xCBCC, 0xCC2D, 0xD40D, 0xD3EC, 0xDBCB, 0xE3CB, 0xEBAA, 0xF3AA, 0xF3AA, 0xF3AA, 0xF3AA, 0xF3CA, 0xF3EB, 0xF40B,
    0xF42C, 0xF44C, 0xF46D, 0xF48E, 0xECCF, 0xECF0, 0xED10, 0xE551, 0xE551, 0xE572, 0xE572, 0xE572, 0xDD72, 0xDD51, 0xDD31, 0xD4AF,
    0xBB6B, 0x8143, 0x70A2, 0x80E3, 0x8903, 0x9103, 0x91A6, 0xB40F, 0xCD13, 0xC4F3, 0xC4D2, 0xC4F2, 0xBC50, 0x89E7, 0x8103, 0x8103,
    0x78C2, 0x70A1, 0x9A68, 0xDCF0, 0xDD10, 0xD4F0, 0xD4F0, 0xDD31, 0xDD51, 0xE572, 0xE592, 0xED93, 0xED92, 0xED72, 0xF551, 0xF531,
    0xF510, 0xFCEF, 0xFCCF, 0xFCAE, 0xFC8D, 0xFC6D, 0xF46D, 0xFC6D, 0xFC8D, 0xFCAE, 0xFCEF, 0xF530, 0xF551, 0xF592, 0xF593, 0xF592,
    0xEC8F, 0xE410, 0xF597, 0xE515, 0xDC52, 0xD493, 0xC493, 0xB453, 0xCC53, 0xAC73, 0x0000, 0x0000, 0x0000, 0x0000, 0x0000, 0x0000,
    0x0000, 0x0000, 0x0000, 0x0000, 0x0000, 0x0000, 0x0000, 0x0000, 0x0000, 0x0000, 0x0000, 0x0000, 0x0000, 0x0000, 0x0000, 0x0000,
    0x0000, 0x0000, 0x0000, 0x0000, 0x0000, 0x0000, 0x0000, 0x0000, 0x0000, 0x0000, 0x0000, 0x0000, 0x0000, 0x0000, 0x0000, 0x0000,
    0x0000, 0x0000, 0x0000, 0x0000, 0x0000, 0x0000, 0x0000, 0x0000, 0x0000, 0x0000, 0x0000, 0x0000, 0x0000, 0x0000, 0x0000, 0x0000,
    0x0000, 0x0000, 0x0000, 0x0000, 0x0000, 0x0000, 0x0000, 0x0000, 0x0000, 0x0000, 0x0000, 0x0000, 0x0000, 0x0000, 0x0000, 0x0000,
    0x0000, 0x0000, 0x0000, 0x0000, 0x0000, 0x0000, 0x0000, 0x0000, 0x0000, 0x0000, 0x0000, 0x0000, 0x0000, 0x0000, 0x0000, 0x0000,
    0x0000, 0x0000, 0x0000, 0x0000, 0x0000, 0x0000, 0x0000, 0x0000, 0x0000, 0x0000, 0x0000, 0x0000, 0x0000, 0x0000, 0x0000, 0x0000,
    0x0000, 0x0000, 0x0000, 0x0000, 0x0000, 0x0000, 0x0000, 0x0000, 0x0000, 0x0000, 0x0000, 0x0000, 0x0000, 0x0000, 0x0000, 0x0000,
    0x0000, 0x0000, 0x0000, 0x0000, 0x0000, 0x0000, 0x0000, 0x0000, 0x0000, 0x0000, 0x0000, 0x0000, 0x0000, 0x0000, 0x0000, 0x0000,
    0x0000, 0x0000, 0x0000, 0x0000, 0x0000, 0x0000, 0x0000, 0xBCB4, 0xBC93, 0xBC93, 0xC452, 0xC3F1, 0xC3B0, 0xC3AF, 0xCBB0, 0xD411,
    0xE535, 0xD3EF, 0xC34B, 0xCC0D, 0xD40D, 0xD3EC, 0xDBCB, 0xE3CB, 0xEBAA, 0xEBAA, 0xEBAA, 0xF3AA, 0xF3AA, 0xF3AA, 0xF3AA, 0xF3CA,
    0xF3EB, 0xF40C, 0xF42C, 0xEC6D, 0xEC8E, 0xECCF, 0xE4EF, 0xE510, 0xE531, 0xE551, 0xDD72, 0xDD72, 0xDD72, 0xE592, 0xE593, 0xDD51,
    0xD4D0, 0xB32A, 0x70A1, 0x6020, 0x6020, 0x6020, 0x6061, 0x7A08, 0x8B2C, 0x8AEB, 0x82CA, 0x8AEB, 0x7A28, 0x6082, 0x6020, 0x6020,
    0x6020, 0x91C5, 0xDCF0, 0xE5B3, 0xE592, 0xDD72, 0xDD51, 0xDD51, 0xDD51, 0xE572, 0xE572, 0xE572, 0xED51, 0xED51, 0xED30, 0xF510,
    0xF4EF, 0xF4AE, 0xF48E, 0xFC6D, 0xF44D, 0xF44C, 0xF44C, 0xF44C, 0xFC6D, 0xF48E, 0xF4CF, 0xF510, 0xF531, 0xED51, 0xED71, 0xECF0,
    0xE3EF, 0xED15, 0xED97, 0xE493, 0xDC72, 0xCCD4, 0xBC94, 0xAC53, 0xB432, 0xA169, 0x0000, 0x0000, 0x0000, 0x0000, 0x0000, 0x0000,
    0x0000, 0x0000, 0x0000, 0x0000, 0x0000, 0x0000, 0x0000, 0x0000, 0x0000, 0x0000, 0x0000, 0x0000, 0x0000, 0x0000, 0x0000, 0x0000,
    0x0000, 0x0000, 0x0000, 0x0000, 0x0000, 0x0000, 0x0000, 0x0000, 0x0000, 0x0000, 0x0000, 0x0000, 0x0000, 0x0000, 0x0000, 0x0000,
    0x0000, 0x0000, 0x0000, 0x0000, 0x0000, 0x0000, 0x0000, 0x0000, 0x0000, 0x0000, 0x0000, 0x0000, 0x0000, 0x0000, 0x0000, 0x0000,
    0x0000, 0x0000, 0x0000, 0x0000, 0x0000, 0x0000, 0x0000, 0x0000, 0x0000, 0x0000, 0x0000, 0x0000, 0x0000, 0x0000, 0x0000, 0x0000,
    0x0000, 0x0000, 0x0000, 0x0000, 0x0000, 0x0000, 0x0000, 0x0000, 0x0000, 0x0000, 0x0000, 0x0000, 0x0000, 0x0000, 0x0000, 0x0000,
    0x0000, 0x0000, 0x0000, 0x0000, 0x0000, 0x0000, 0x0000, 0x0000, 0x0000, 0x0000, 0x0000, 0x0000, 0x0000, 0x0000, 0x0000, 0x0000,
    0x0000, 0x0000, 0x0000, 0x0000, 0x0000, 0x0000, 0x0000, 0x0000, 0x0000, 0x0000, 0x0000, 0x0000, 0x0000, 0x0000, 0x0000, 0x0000,
    0x0000, 0x0000, 0x0000, 0x0000, 0x0000, 0x0000, 0x0000, 0x0000, 0x0000, 0x0000, 0x0000, 0x0000, 0x0000, 0x0000, 0x0000, 0x0000,
    0x0000, 0x0000, 0x0000, 0x0000, 0x0000, 0x0000, 0x0000, 0x0000, 0xC577, 0xAE7B, 0xC494, 0xCC73, 0xCBF1, 0xC3AF, 0xCB8F, 0xCBB0,
    0xD452, 0xDCD4, 0xCB4D, 0xCBAC, 0xD40D, 0xD40C, 0xDBEC, 0xE3CB, 0xEBAA, 0xEBAA, 0xEBAA, 0xEBAA, 0xEBAA, 0xEBAA, 0xF3AA, 0xF3AA,
    0xF3CB, 0xEBEB, 0xEC0C, 0xEC4C, 0xE46D, 0xE48E, 0xE4CF, 0xE4F0, 0xE510, 0xDD31, 0xDD51, 0xDD72, 0xE592, 0xE5B3, 0xE5B3, 0xDD93,
    0xD531, 0xD4D0, 0xB30A, 0x78E2, 0x6820, 0x6020, 0x6020, 0x6020, 0x6040, 0x6820, 0x6820, 0x6020, 0x6020, 0x6020, 0x6020, 0x6861,
    0x91C5, 0xDCD0, 0xEDD4, 0xE5D3, 0xE5B3, 0xE593, 0xDD72, 0xDD72, 0xDD52, 0xDD52, 0xE551, 0xE551, 0xE531, 0xED10, 0xECF0, 0xECCF,
    0xECAE, 0xF48E, 0xF46D, 0xF44D, 0xF44C, 0xF44C, 0xF42C, 0xF44C, 0xF44D, 0xF46D, 0xF4AE, 0xECEF, 0xED10, 0xED30, 0xED10, 0xE42E,
    0xE472, 0xF5B7, 0xE4D4, 0xDC52, 0xD4D4, 0xC4D5, 0xB473, 0xBC94, 0x9C73, 0xB6BA, 0x0000, 0x0000, 0x0000, 0x0000, 0x0000, 0x0000,
    0x0000, 0x0000, 0x0000, 0x0000, 0x0000, 0x0000, 0x0000, 0x0000, 0x0000, 0x0000, 0x0000, 0x0000, 0x0000, 0x0000, 0x0000, 0x0000,
    0x0000, 0x0000, 0x0000, 0x0000, 0x0000, 0x0000, 0x0000, 0x0000, 0x0000, 0x0000, 0x0000, 0x0000, 0x0000, 0x0000, 0x0000, 0x0000,
    0x0000, 0x0000, 0x0000, 0x0000, 0x0000, 0x0000, 0x0000, 0x0000, 0x0000, 0x0000, 0x0000, 0x0000, 0x0000, 0x0000, 0x0000, 0x0000,
    0x0000, 0x0000, 0x0000, 0x0000, 0x0000, 0x0000, 0x0000, 0x0000, 0x0000, 0x0000, 0x0000, 0x0000, 0x0000, 0x0000, 0x0000, 0x0000,
    0x0000, 0x0000, 0x0000, 0x0000, 0x0000, 0x0000, 0x0000, 0x0000, 0x0000, 0x0000, 0x0000, 0x0000, 0x0000, 0x0000, 0x0000, 0x0000,
    0x0000, 0x0000, 0x0000, 0x0000, 0x0000, 0x0000, 0x0000, 0x0000, 0x0000, 0x0000, 0x0000, 0x0000, 0x0000, 0x0000, 0x0000, 0x0000,
    0x0000, 0x0000, 0x0000, 0x0000, 0x0000, 0x0000, 0x0000, 0x0000, 0x0000, 0x0000, 0x0000, 0x0000, 0x0000, 0x0000, 0x0000, 0x0000,
    0x0000, 0x0000, 0x0000, 0x0000, 0x0000, 0x0000, 0x0000, 0x0000, 0x0000, 0x0000, 0x0000, 0x0000, 0x0000, 0x0000, 0x0000, 0x0000,
    0x0000, 0x0000, 0x0000, 0x0000, 0x0000, 0x0000, 0x0000, 0x0000, 0xBCB4, 0xCCB4, 0xC4D5, 0xCCB4, 0xCC53, 0xCBD0, 0xCB8F, 0xCB8F,
    0xCBB0, 0xD472, 0xCC10, 0xC32B, 0xD3CC, 0xD40C, 0xDBEC, 0xE3EB, 0xE3CB, 0xEBCA, 0xEBAA, 0xEBAA, 0xEBAA, 0xEBAA, 0xEBAA, 0xEBAA,
    0xEBCB, 0xEBEB, 0xE40B, 0xE42C, 0xE44D, 0xE46D, 0xDC8E, 0xDCCF, 0xDCF0, 0xDD31, 0xDD51, 0xDD72, 0xE592, 0xE5B3, 0xE5B3, 0xE5B3,
    0xDD52, 0xD531, 0xD4F0, 0xC3AC, 0xA1C5, 0x80C2, 0x6861, 0x6841, 0x6861, 0x6861, 0x6861, 0x6861, 0x6861, 0x6861, 0x8103, 0xAA88,
    0xDCD0, 0xEDF5, 0xE5F4, 0xE5D4, 0xE5B3, 0xE5B3, 0xDD92, 0xDD72, 0xDD72, 0xDD51, 0xDD51, 0xE531, 0xE510, 0xE4F0, 0xE4CF, 0xECCF,
    0xECAE, 0xEC8E, 0xEC6D, 0xF44D, 0xF44C, 0xF44C, 0xF42C, 0xF44C, 0xEC4D, 0xEC6D, 0xECAE, 0xECCF, 0xE4CF, 0xE4CF, 0xE46E, 0xDC0F,
    0xED96, 0xED15, 0xDC52, 0xDC93, 0xCCF5, 0xBC94, 0x93F1, 0xA432, 0xAC52, 0x0000, 0x0000, 0x0000, 0x0000, 0x0000, 0x0000, 0x0000,
    0x0000, 0x0000, 0x0000, 0x0000, 0x0000, 0x0000, 0x0000, 0x0000, 0x0000, 0x0000, 0x0000, 0x0000, 0x0000, 0x0000, 0x0000, 0x0000,
    0x0000, 0x0000, 0x0000, 0x0000, 0x0000, 0x0000, 0x0000, 0x0000, 0x0000, 0x0000, 0x0000, 0x0000, 0x0000, 0x0000, 0x0000, 0x0000,
    0x0000, 0x0000, 0x0000, 0x0000, 0x0000, 0x0000, 0x0000, 0x0000, 0x0000, 0x0000, 0x0000, 0x0000, 0x0000, 0x0000, 0x0000, 0x0000,
    0x0000, 0x0000, 0x0000, 0x0000, 0x0000, 0x0000, 0x0000, 0x0000, 0x0000, 0x0000, 0x0000, 0x0000, 0x0000, 0x0000, 0x0000, 0x0000,
    0x0000, 0x0000, 0x0000, 0x0000, 0x0000, 0x0000, 0x0000, 0x0000, 0x0000, 0x0000, 0x0000, 0x0000, 0x0000, 0x0000, 0x0000, 0x0000,
    0x0000, 0x0000, 0x0000, 0x0000, 0x0000, 0x0000, 0x0000, 0x0000, 0x0000, 0x0000, 0x0000, 0x0000, 0x0000, 0x0000, 0x0000, 0x0000,
    0x0000, 0x0000, 0x0000, 0x0000, 0x0000, 0x0000, 0x0000, 0x0000, 0x0000, 0x0000, 0x0000, 0x0000, 0x0000, 0x0000, 0x0000, 0x0000,
    0x0000, 0x0000, 0x0000, 0x0000, 0x0000, 0x0000, 0x0000, 0x0000, 0x0000, 0x0000, 0x0000, 0x0000, 0x0000, 0x0000, 0x0000, 0x0000,
    0x0000, 0x0000, 0x0000, 0x0000, 0x0000, 0x0000, 0x0000, 0x0000, 0x0000, 0xC4F5, 0xDC94, 0xCCF5, 0xCCD5, 0xCC53, 0xCBB0, 0xCB8F,
    0xCB8F, 0xCBD0, 0xCC31, 0xC38E, 0xCB4B, 0xD3EC, 0xD40C, 0xDC0C, 0xE3EB, 0xE3CB, 0xEBCB, 0xEBAA, 0xEBAA, 0xEBAA, 0xEBAA, 0xEBCB,
    0xEBCB, 0xE3EB, 0xE40B, 0xE40C, 0xDC4C, 0xDC6D, 0xDC8E, 0xDCAE, 0xDCCF, 0xDD10, 0xDD31, 0xDD52, 0xDD92, 0xE593, 0xE5B3, 0xE5B3,
    0xDD72, 0xD552, 0xD531, 0xDD31, 0xDC8F, 0xCB4A, 0xB247, 0xB1E6, 0xB1E6, 0xA9C6, 0xA9C6, 0xB1E6, 0xB227, 0xBAA9, 0xD3CD, 0xE552,
    0xEDF5, 0xEDF5, 0xE5F4, 0xE5D4, 0xE5B3, 0xE5B3, 0xDD92, 0xDD72, 0xDD52, 0xDD51, 0xDD31, 0xE510, 0xE4F0, 0xE4CF, 0xE4CF, 0xE4AE,
    0xE48E, 0xEC8D, 0xEC6D, 0xEC4D, 0xEC4C, 0xEC4C, 0xEC4C, 0xEC4C, 0xEC4D, 0xE46D, 0xE48E, 0xE48E, 0xE4AE, 0xE46E, 0xDBEE, 0xED35,
    0xED76, 0xDC72, 0xDC73, 0xD515, 0xC4F5, 0xAC32, 0xB4B4, 0xA432, 0x0000, 0x0000, 0x0000, 0x0000, 0x0000, 0x0000, 0x0000, 0x0000,
    0x0000, 0x0000, 0x0000, 0x0000, 0x0000, 0x0000, 0x0000, 0x0000, 0x0000, 0x0000, 0x0000, 0x0000, 0x0000, 0x0000, 0x0000, 0x0000,
    0x0000, 0x0000, 0x0000, 0x0000, 0x0000, 0x0000, 0x0000, 0x0000, 0x0000, 0x0000, 0x0000, 0x0000, 0x0000, 0x0000, 0x0000, 0x0000,
    0x0000, 0x0000, 0x0000, 0x0000, 0x0000, 0x0000, 0x0000, 0x0000, 0x0000, 0x0000, 0x0000, 0x0000, 0x0000, 0x0000, 0x0000, 0x0000,
    0x0000, 0x0000, 0x0000, 0x0000, 0x0000, 0x0000, 0x0000, 0x0000, 0x0000, 0x0000, 0x0000, 0x0000, 0x0000, 0x0000, 0x0000, 0x0000,
    0x0000, 0x0000, 0x0000, 0x0000, 0x0000, 0x0000, 0x0000, 0x0000, 0x0000, 0x0000, 0x0000, 0x0000, 0x0000, 0x0000, 0x0000, 0x0000,
    0x0000, 0x0000, 0x0000, 0x0000, 0x0000, 0x0000, 0x0000, 0x0000, 0x0000, 0x0000, 0x0000, 0x0000, 0x0000, 0x0000, 0x0000, 0x0000,
    0x0000, 0x0000, 0x0000, 0x0000, 0x0000, 0x0000, 0x0000, 0x0000, 0x0000, 0x0000, 0x0000, 0x0000, 0x0000, 0x0000, 0x0000, 0x0000,
    0x0000, 0x0000, 0x0000, 0x0000, 0x0000, 0x0000, 0x0000, 0x0000, 0x0000, 0x0000, 0x0000, 0x0000, 0x0000, 0x0000, 0x0000, 0x0000,
    0x0000, 0x0000, 0x0000, 0x0000, 0x0000, 0x0000, 0x0000, 0x0000, 0x0000, 0xDC54, 0xCCF5, 0xBD36, 0xCCF5, 0xD4F5, 0xD473, 0xCBB0,
    0xCB8F, 0xCB8F, 0xCBF0, 0xC411, 0xC36D, 0xCB6B, 0xD3EC, 0xDC0C, 0xDC0C, 0xE3EC, 0xE3EB, 0xE3CB, 0xEBCB, 0xEBCB, 0xEBCB, 0xE3CB,
    0xE3EB, 0xE3EB, 0xE40C, 0xDC2C, 0xDC2C, 0xDC4D, 0xDC6D, 0xDC8E, 0xDCCF, 0xDCF0, 0xDD11, 0xDD51, 0xDD72, 0xDD92, 0xE593, 0xDD93,
    0xDD93, 0xDD72, 0xDD52, 0xDD31, 0xDD31, 0xDCF0, 0xDC4E, 0xDBAC, 0xDB6B, 0xDB6B, 0xDB6B, 0xDBAC, 0xDC0D, 0xE4D0, 0xE5B3, 0xEDF4,
    0xEDF5, 0xE5F4, 0xE5D4, 0xE5D4, 0xE5B3, 0xE593, 0xDD92, 0xDD72, 0xDD51, 0xDD31, 0xDD10, 0xDCF0, 0xDCEF, 0xE4CF, 0xE4AF, 0xE4AE,
    0xE48E, 0xE46D, 0xE46D, 0xE46D, 0xE44D, 0xE44C, 0xE44C, 0xE44D, 0xE44D, 0xE46D, 0xDC6D, 0xDC6D, 0xDC4D, 0xDBEE, 0xE4D3, 0xED96,
    0xDCB3, 0xDC72, 0xD4F5, 0xC516, 0xB473, 0xD577, 0x9BD0, 0x0000, 0x0000, 0x0000, 0x0000, 0x0000, 0x0000, 0x0000, 0x0000, 0x0000,
    0x0000, 0x0000, 0x0000, 0x0000, 0x0000, 0x0000, 0x0000, 0x0000, 0x0000, 0x0000, 0x0000, 0x0000, 0x0000, 0x0000, 0x0000, 0x0000,
    0x0000, 0x0000, 0x0000, 0x0000, 0x0000, 0x0000, 0x0000, 0x0000, 0x0000, 0x0000, 0x0000, 0x0000, 0x0000, 0x0000, 0x0000, 0x0000,
    0x0000, 0x0000, 0x0000, 0x0000, 0x0000, 0x0000, 0x0000, 0x0000, 0x0000, 0x0000, 0x0000, 0x0000, 0x0000, 0x0000, 0x0000, 0x0000,
    0x0000, 0x0000, 0x0000, 0x0000, 0x0000, 0x0000, 0x0000, 0x0000, 0x0000, 0x0000, 0x0000, 0x0000, 0x0000, 0x0000, 0x0000, 0x0000,
    0x0000, 0x0000, 0x0000, 0x0000, 0x0000, 0x0000, 0x0000, 0x0000, 0x0000, 0x0000, 0x0000, 0x0000, 0x0000, 0x0000, 0x0000, 0x0000,
    0x0000, 0x0000, 0x0000, 0x0000, 0x0000, 0x0000, 0x0000, 0x0000, 0x0000, 0x0000, 0x0000, 0x0000, 0x0000, 0x0000, 0x0000, 0x0000,
    0x0000, 0x0000, 0x0000, 0x0000, 0x0000, 0x0000, 0x0000, 0x0000, 0x0000, 0x0000, 0x0000, 0x0000, 0x0000, 0x0000, 0x0000, 0x0000,
    0x0000, 0x0000, 0x0000, 0x0000, 0x0000, 0x0000, 0x0000, 0x0000, 0x0000, 0x0000, 0x0000, 0x0000, 0x0000, 0x0000, 0x0000, 0x0000,
    0x0000, 0x0000, 0x0000, 0x0000, 0x0000, 0x0000, 0x0000, 0x0000, 0x0000, 0xBD35, 0xE474, 0xC4D5, 0xC4D5, 0xCCF5, 0xD4F5, 0xD453,
    0xCBB0, 0xCB6F, 0xCB8F, 0xCBF0, 0xC3F0, 0xC36E, 0xCB6B, 0xD3EC, 0xDC0C, 0xDC0C, 0xDC0C, 0xE3EB, 0xE3EB, 0xE3EB, 0xE3EB, 0xE3EB,
    0xE40C, 0xE40C, 0xDC0C, 0xDC2C, 0xDC2C, 0xDC4D, 0xDC6D, 0xD48E, 0xDCAE, 0xDCCF, 0xDCF0, 0xDD31, 0xDD51, 0xDD72, 0xDD72, 0xDD72,
    0xDD72, 0xDD72, 0xDD52, 0xD552, 0xD531, 0xDD11, 0xDD10, 0xDCF0, 0xDCAF, 0xDC8F, 0xDCAF, 0xDCF0, 0xE572, 0xE5B3, 0xE5D4, 0xE5F4,
    0xE5F4, 0xE5D4, 0xE5D4, 0xE5B3, 0xDD93, 0xDD92, 0xDD72, 0xDD51, 0xDD31, 0xDD11, 0xDCF0, 0xDCCF, 0xDCCF, 0xDCAF, 0xDCAE, 0xE48E,
    0xE48E, 0xE46D, 0xE46D, 0xE46D, 0xE44D, 0xE44D, 0xDC4D, 0xDC4D, 0xDC4D, 0xDC6D, 0xDC6D, 0xDC2D, 0xD3AD, 0xDC92, 0xE555, 0xDCB3,
    0xDC72, 0xD4D4, 0xCD16, 0xB4B4, 0x4946, 0xA3F1, 0xBCB4, 0x0000, 0x0000, 0x0000, 0x0000, 0x0000, 0x0000, 0x0000, 0x0000, 0x0000,
    0x0000, 0x0000, 0x0000, 0x0000, 0x0000, 0x0000, 0x0000, 0x0000, 0x0000, 0x0000, 0x0000, 0x0000, 0x0000, 0x0000, 0x0000, 0x0000,
    0x0000, 0x0000, 0x0000, 0x0000, 0x0000, 0x0000, 0x0000, 0x0000, 0x0000, 0x0000, 0x0000, 0x0000, 0x0000, 0x0000, 0x0000, 0x0000,
    0x0000, 0x0000, 0x0000, 0x0000, 0x0000, 0x0000, 0x0000, 0x0000, 0x0000, 0x0000, 0x0000, 0x0000, 0x0000, 0x0000, 0x0000, 0x0000,
    0x0000, 0x0000, 0x0000, 0x0000, 0x0000, 0x0000, 0x0000, 0x0000, 0x0000, 0x0000, 0x0000, 0x0000, 0x0000, 0x0000, 0x0000, 0x0000,
    0x0000, 0x0000, 0x0000, 0x0000, 0x0000, 0x0000, 0x0000, 0x0000, 0x0000, 0x0000, 0x0000, 0x0000, 0x0000, 0x0000, 0x0000, 0x0000,
    0x0000, 0x0000, 0x0000, 0x0000, 0x0000, 0x0000, 0x0000, 0x0000, 0x0000, 0x0000, 0x0000, 0x0000, 0x0000, 0x0000, 0x0000, 0x0000,
    0x0000, 0x0000, 0x0000, 0x0000, 0x0000, 0x0000, 0x0000, 0x0000, 0x0000, 0x0000, 0x0000, 0x0000, 0x0000, 0x0000, 0x0000, 0x0000,
    0x0000, 0x0000, 0x0000, 0x0000, 0x0000, 0x0000, 0x0000, 0x0000, 0x0000, 0x0000, 0x0000, 0x0000, 0x0000, 0x0000, 0x0000, 0x0000,
    0x0000, 0x0000, 0x0000, 0x0000, 0x0000, 0x0000, 0x0000, 0x0000, 0x0000, 0x0000, 0x0000, 0x0000, 0xFF7F, 0xBCB4, 0xCCF5, 0xD4D5,
    0xD452, 0xCB8F, 0xCB6E, 0xCB8F, 0xCBF0, 0xC3F0, 0xC38E, 0xCB4B, 0xD3CC, 0xDC2C, 0xDC2C, 0xDC2C, 0xDC0C, 0xDC0C, 0xDC0C, 0xDC0C,
    0xDC0C, 0xDC2C, 0xDC2C, 0xDC2C, 0xDC4C, 0xD44D, 0xD44D, 0xD46D, 0xD48E, 0xD4AE, 0xD4CF, 0xDCF0, 0xDD31, 0xDD51, 0xDD52, 0xDD52,
    0xDD52, 0xDD52, 0xDD52, 0xD552, 0xD552, 0xD531, 0xDD31, 0xDD31, 0xDD51, 0xDD72, 0xDD72, 0xE592, 0xE5B3, 0xE5B3, 0xE5D4, 0xE5D4,
    0xE5D4, 0xE5B3, 0xE5B3, 0xDD93, 0xDD72, 0xDD52, 0xDD51, 0xDD31, 0xDD10, 0xD4F0, 0xD4CF, 0xDCCF, 0xDCAF, 0xDCAE, 0xDC8E, 0xDC8E,
    0xDC8E, 0xDC6D, 0xDC6D, 0xDC6D, 0xDC4D, 0xDC4D, 0xDC4D, 0xDC4D, 0xDC6D, 0xDC4D, 0xD3EC, 0xCB8D, 0xD472, 0xDD35, 0xDC93, 0xD472,
    0xD4B4, 0xCD16, 0xB4B4, 0x93B0, 0x9BF1, 0xA3F1, 0x0000, 0x0000, 0x0000, 0x0000, 0x0000, 0x0000, 0x0000, 0x0000, 0x0000, 0x0000,
    0x0000, 0x0000, 0x0000, 0x0000, 0x0000, 0x0000, 0x0000, 0x0000, 0x0000, 0x0000, 0x0000, 0x0000, 0x0000, 0x0000, 0x0000, 0x0000,
    0x0000, 0x0000, 0x0000, 0x0000, 0x0000, 0x0000, 0x0000, 0x0000, 0x0000, 0x0000, 0x0000, 0x0000, 0x0000, 0x0000, 0x0000, 0x0000,
    0x0000, 0x0000, 0x0000, 0x0000, 0x0000, 0x0000, 0x0000, 0x0000, 0x0000, 0x0000, 0x0000, 0x0000, 0x0000, 0x0000, 0x0000, 0x0000,
    0x0000, 0x0000, 0x0000, 0x0000, 0x0000, 0x0000, 0x0000, 0x0000, 0x0000, 0x0000, 0x0000, 0x0000, 0x0000, 0x0000, 0x0000, 0x0000,
    0x0000, 0x0000, 0x0000, 0x0000, 0x0000, 0x0000, 0x0000, 0x0000, 0x0000, 0x0000, 0x0000, 0x0000, 0x0000, 0x0000, 0x0000, 0x0000,
    0x0000, 0x0000, 0x0000, 0x0000, 0x0000, 0x0000, 0x0000, 0x0000, 0x0000, 0x0000, 0x0000, 0x0000, 0x0000, 0x0000, 0x0000, 0x0000,
    0x0000, 0x0000, 0x0000, 0x0000, 0x0000, 0x0000, 0x0000, 0x0000, 0x0000, 0x0000, 0x0000, 0x0000, 0x0000, 0x0000, 0x0000, 0x0000,
    0x0000, 0x0000, 0x0000, 0x0000, 0x0000, 0x0000, 0x0000, 0x0000, 0x0000, 0x0000, 0x0000, 0x0000, 0x0000, 0x0000, 0x0000, 0x0000,
    0x0000, 0x0000, 0x0000, 0x0000, 0x0000, 0x0000, 0x0000, 0x0000, 0x0000, 0x0000, 0x0000, 0x9C11, 0xAC53, 0x52AC, 0xC4B5, 0xCCD5,
    0xD494, 0xD432, 0xCB8F, 0xCB6F, 0xD38F, 0xCBD0, 0xC3F0, 0xC3AF, 0xC34C, 0xD38B, 0xDC0C, 0xDC4C, 0xDC2C, 0xDC2C, 0xDC2C, 0xDC2C,
    0xDC2C, 0xDC2C, 0xDC2C, 0xDC2C, 0xDC4C, 0xD44D, 0xD44D, 0xD44D, 0xD46D, 0xD48E, 0xD4AE, 0xD4CF, 0xD4F0, 0xDD10, 0xDD31, 0xDD31,
    0xDD31, 0xDD31, 0xDD31, 0xD551, 0xD551, 0xD551, 0xDD31, 0xDD31, 0xDD51, 0xDD51, 0xDD72, 0xDD72, 0xE593, 0xE5B3, 0xE5B3, 0xE5B3,
    0xDD93, 0xDD92, 0xDD72, 0xDD52, 0xDD51, 0xDD31, 0xDD10, 0xD4F0, 0xD4F0, 0xD4CF, 0xD4AF, 0xDCAE, 0xDCAE, 0xDC8E, 0xDC8E, 0xDC8E,
    0xDC6D, 0xDC6D, 0xDC6D, 0xDC6D, 0xDC4D, 0xDC4D, 0xDC6D, 0xDC6D, 0xD42D, 0xCBAC, 0xCB8E, 0xD472, 0xDCF4, 0xD493, 0xD472, 0xD4B4,
    0xCD15, 0xB4B4, 0x8B6F, 0xAC52, 0xA432, 0x0000, 0x0000, 0x0000, 0x0000, 0x0000, 0x0000, 0x0000, 0x0000, 0x0000, 0x0000, 0x0000,
    0x0000, 0x0000, 0x0000, 0x0000, 0x0000, 0x0000, 0x0000, 0x0000, 0x0000, 0x0000, 0x0000, 0x0000, 0x0000, 0x0000, 0x0000, 0x0000,
    0x0000, 0x0000, 0x0000, 0x0000, 0x0000, 0x0000, 0x0000, 0x0000, 0x0000, 0x0000, 0x0000, 0x0000, 0x0000, 0x0000, 0x0000, 0x0000,
    0x0000, 0x0000, 0x0000, 0x0000, 0x0000, 0x0000, 0x0000, 0x0000, 0x0000, 0x0000, 0x0000, 0x0000, 0x0000, 0x0000, 0x0000, 0x0000,
    0x0000, 0x0000, 0x0000, 0x0000, 0x0000, 0x0000, 0x0000, 0x0000, 0x0000, 0x0000, 0x0000, 0x0000, 0x0000, 0x0000, 0x0000, 0x0000,
    0x0000, 0x0000, 0x0000, 0x0000, 0x0000, 0x0000, 0x0000, 0x0000, 0x0000, 0x0000, 0x0000, 0x0000, 0x0000, 0x0000, 0x0000, 0x0000,
    0x0000, 0x0000, 0x0000, 0x0000, 0x0000, 0x0000, 0x0000, 0x0000, 0x0000, 0x0000, 0x0000, 0x0000, 0x0000, 0x0000, 0x0000, 0x0000,
    0x0000, 0x0000, 0x0000, 0x0000, 0x0000, 0x0000, 0x0000, 0x0000, 0x0000, 0x0000, 0x0000, 0x0000, 0x0000, 0x0000, 0x0000, 0x0000,
    0x0000, 0x0000, 0x0000, 0x0000, 0x0000, 0x0000, 0x0000, 0x0000, 0x0000, 0x0000, 0x0000, 0x0000, 0x0000, 0x0000, 0x0000, 0x0000,
    0x0000, 0x0000, 0x0000, 0x0000, 0x0000, 0x0000, 0x0000, 0x0000, 0x0000, 0x0000, 0x0000, 0x0000, 0xE578, 0xBCB4, 0xB4B4, 0xC494,
    0xC494, 0xCC73, 0xD432, 0xCBB0, 0xCB8F, 0xD38F, 0xD3AF, 0xCBD0, 0xC3D0, 0xC36D, 0xCB4B, 0xD3AB, 0xDC2C, 0xDC4D, 0xDC4C, 0xDC2C,
    0xDC2C, 0xDC2C, 0xDC2C, 0xDC2C, 0xDC2C, 0xD44C, 0xD44D, 0xD44D, 0xD44D, 0xD46D, 0xD46E, 0xD48E, 0xD4AF, 0xD4CF, 0xD4CF, 0xD4F0,
    0xD4F0, 0xD510, 0xD511, 0xD511, 0xD531, 0xD531, 0xDD31, 0xDD31, 0xDD31, 0xDD51, 0xDD51, 0xDD72, 0xDD72, 0xDD72, 0xDD72, 0xDD72,
    0xDD52, 0xDD51, 0xDD31, 0xDD11, 0xDD10, 0xD4F0, 0xD4CF, 0xD4CF, 0xD4AF, 0xD4AE, 0xD48E, 0xDC8E, 0xDC8E, 0xDC8E, 0xDC6D, 0xDC6D,
    0xDC6D, 0xDC6D, 0xDC6D, 0xDC4D, 0xDC6D, 0xDC6D, 0xD42D, 0xCBAC, 0xC36C, 0xC3AF, 0xCC72, 0xD493, 0xD472, 0xD472, 0xD4B4, 0xCD15,
    0xB494, 0x936F, 0xB494, 0x5A09, 0x0000, 0x0000, 0x0000, 0x0000, 0x0000, 0x0000, 0x0000, 0x0000, 0x0000, 0x0000, 0x0000, 0x0000,
    0x0000, 0x0000, 0x0000, 0x0000, 0x0000, 0x0000, 0x0000, 0x0000, 0x0000, 0x0000, 0x0000, 0x0000, 0x0000, 0x0000, 0x0000, 0x0000,
    0x0000, 0x0000, 0x0000, 0x0000, 0x0000, 0x0000, 0x0000, 0x0000, 0x0000, 0x0000, 0x0000, 0x0000, 0x0000, 0x0000, 0x0000, 0x0000,
    0x0000, 0x0000, 0x0000, 0x0000, 0x0000, 0x0000, 0x0000, 0x0000, 0x0000, 0x0000, 0x0000, 0x0000, 0x0000, 0x0000, 0x0000, 0x0000,
    0x0000, 0x0000, 0x0000, 0x0000, 0x0000, 0x0000, 0x0000, 0x0000, 0x0000, 0x0000, 0x0000, 0x0000, 0x0000, 0x0000, 0x0000, 0x0000,
    0x0000, 0x0000, 0x0000, 0x0000, 0x0000, 0x0000, 0x0000, 0x0000, 0x0000, 0x0000, 0x0000, 0x0000, 0x0000, 0x0000, 0x0000, 0x0000,
    0x0000, 0x0000, 0x0000, 0x0000, 0x0000, 0x0000, 0x0000, 0x0000, 0x0000, 0x0000, 0x0000, 0x0000, 0x0000, 0x0000, 0x0000, 0x0000,
    0x0000, 0x0000, 0x0000, 0x0000, 0x0000, 0x0000, 0x0000, 0x0000, 0x0000, 0x0000, 0x0000, 0x0000, 0x0000, 0x0000, 0x0000, 0x0000,
    0x0000, 0x0000, 0x0000, 0x0000, 0x0000, 0x0000, 0x0000, 0x0000, 0x0000, 0x0000, 0x0000, 0x0000, 0x0000, 0x0000, 0x0000, 0x0000,
    0x0000, 0x0000, 0x0000, 0x0000, 0x0000, 0x0000, 0x0000, 0x0000, 0x0000, 0x0000, 0x0000, 0x0000, 0x0000, 0xBCB4, 0xB473, 0xA432,
    0xBC73, 0xC473, 0xCC73, 0xD452, 0xD3D0, 0xCB8F, 0xD38F, 0xD38F, 0xCBAF, 0xC3D0, 0xC3AF, 0xC32C, 0xCB0A, 0xD38B, 0xDC0C, 0xDC4C,
    0xDC4C, 0xDC4C, 0xDC4C, 0xDC4C, 0xDC4C, 0xDC4C, 0xDC4C, 0xD44D, 0xD44D, 0xD44D, 0xDC6D, 0xDC6D, 0xD48E, 0xD48E, 0xDCAE, 0xD4AF,
    0xD4AF, 0xD4CF, 0xD4CF, 0xD4D0, 0xD4F0, 0xD4F0, 0xD4F0, 0xD510, 0xDD10, 0xDD10, 0xDD11, 0xDD31, 0xDD31, 0xDD31, 0xDD31, 0xDD31,
    0xDD10, 0xDD10, 0xDCF0, 0xDCCF, 0xDCCF, 0xDCAE, 0xDC8E, 0xD48E, 0xD48E, 0xD48E, 0xD46E, 0xD46D, 0xDC6D, 0xDC6D, 0xDC6D, 0xDC6D,
    0xDC6D, 0xDC6D, 0xDC6D, 0xDC4D, 0xD40C, 0xCB8B, 0xC34C, 0xC38E, 0xC410, 0xCC52, 0xCC52, 0xD452, 0xD472, 0xD4B4, 0xC4F5, 0xB4B4,
    0x938F, 0xB473, 0xFFFF, 0x626A, 0x0000, 0x0000, 0x0000, 0x0000, 0x0000, 0x0000, 0x0000, 0x0000, 0x0000, 0x0000, 0x0000, 0x0000,
    0x0000, 0x0000, 0x0000, 0x0000, 0x0000, 0x0000, 0x0000, 0x0000, 0x0000, 0x0000, 0x0000, 0x0000, 0x0000, 0x0000, 0x0000, 0x0000,
    0x0000, 0x0000, 0x0000, 0x0000, 0x0000, 0x0000, 0x0000, 0x0000, 0x0000, 0x0000, 0x0000, 0x0000, 0x0000, 0x0000, 0x0000, 0x0000,
    0x0000, 0x0000, 0x0000, 0x0000, 0x0000, 0x0000, 0x0000, 0x0000, 0x0000, 0x0000, 0x0000, 0x0000, 0x0000, 0x0000, 0x0000, 0x0000,
    0x0000, 0x0000, 0x0000, 0x0000, 0x0000, 0x0000, 0x0000, 0x0000, 0x0000, 0x0000, 0x0000, 0x0000, 0x0000, 0x0000, 0x0000, 0x0000,
    0x0000, 0x0000, 0x0000, 0x0000, 0x0000, 0x0000, 0x0000, 0x0000, 0x0000, 0x0000, 0x0000, 0x0000, 0x0000, 0x0000, 0x0000, 0x0000,
    0x0000, 0x0000, 0x0000, 0x0000, 0x0000, 0x0000, 0x0000, 0x0000, 0x0000, 0x0000, 0x0000, 0x0000, 0x0000, 0x0000, 0x0000, 0x0000,
    0x0000, 0x0000, 0x0000, 0x0000, 0x0000, 0x0000, 0x0000, 0x0000, 0x0000, 0x0000, 0x0000, 0x0000, 0x0000, 0x0000, 0x0000, 0x0000,
    0x0000, 0x0000, 0x0000, 0x0000, 0x0000, 0x0000, 0x0000, 0x0000, 0x0000, 0x0000, 0x0000, 0x0000, 0x0000, 0x0000, 0x0000, 0x0000,
    0x0000, 0x0000, 0x0000, 0x0000, 0x0000, 0x0000, 0x0000, 0x0000, 0x0000, 0x0000, 0x0000, 0x0000, 0x0000, 0x0000, 0xB453, 0xB453,
    0x9BF1, 0xBC73, 0xC493, 0xCC93, 0xD473, 0xD3F1, 0xD38F, 0xD38F, 0xD38F, 0xD3AF, 0xCBCF, 0xC3F0, 0xC3AF, 0xC32C, 0xCB0B, 0xD36B,
    0xD3EC, 0xDC2C, 0xDC4C, 0xDC4D, 0xDC4D, 0xDC4C, 0xDC4C, 0xDC4D, 0xDC4D, 0xDC4D, 0xDC4D, 0xDC6D, 0xDC6D, 0xDC6D, 0xDC6D, 0xDC6D,
    0xDC8E, 0xDC8E, 0xD48E, 0xD48E, 0xD4AE, 0xD4AF, 0xD4AF, 0xDCCF, 0xDCCF, 0xDCCF, 0xDCCF, 0xDCCF, 0xDCCF, 0xDCCF, 0xDCCF, 0xDCCF,
    0xDCCF, 0xDCCF, 0xDCAE, 0xDC8E, 0xDC8E, 0xDC6D, 0xDC6D, 0xD46D, 0xD46D, 0xD46D, 0xD46D, 0xD46D, 0xD46D, 0xDC6D, 0xDC6D, 0xDC6D,
    0xDC4D, 0xD40D, 0xD3CC, 0xCB8C, 0xC36C, 0xC3AE, 0xC411, 0xCC31, 0xCC11, 0xCC31, 0xD452, 0xD473, 0xD4D4, 0xC4F5, 0xB4B4, 0x936F,
    0xAC73, 0xFFFF, 0x59E9, 0x0000, 0x0000, 0x0000, 0x0000, 0x0000, 0x0000, 0x0000, 0x0000, 0x0000, 0x0000, 0x0000, 0x0000, 0x0000,
    0x0000, 0x0000, 0x0000, 0x0000, 0x0000, 0x0000, 0x0000, 0x0000, 0x0000, 0x0000, 0x0000, 0x0000, 0x0000, 0x0000, 0x0000, 0x0000,
    0x0000, 0x0000, 0x0000, 0x0000, 0x0000, 0x0000, 0x0000, 0x0000, 0x0000, 0x0000, 0x0000, 0x0000, 0x0000, 0x0000, 0x0000, 0x0000,
    0x0000, 0x0000, 0x0000, 0x0000, 0x0000, 0x0000, 0x0000, 0x0000, 0x0000, 0x0000, 0x0000, 0x0000, 0x0000, 0x0000, 0x0000, 0x0000,
    0x0000, 0x0000, 0x0000, 0x0000, 0x0000, 0x0000, 0x0000, 0x0000, 0x0000, 0x0000, 0x0000, 0x0000, 0x0000, 0x0000, 0x0000, 0x0000,
    0x0000, 0x0000, 0x0000, 0x0000, 0x0000, 0x0000, 0x0000, 0x0000, 0x0000, 0x0000, 0x0000, 0x0000, 0x0000, 0x0000, 0x0000, 0x0000,
    0x0000, 0x0000, 0x0000, 0x0000, 0x0000, 0x0000, 0x0000, 0x0000, 0x0000, 0x0000, 0x0000, 0x0000, 0x0000, 0x0000, 0x0000, 0x0000,
    0x0000, 0x0000, 0x0000, 0x0000, 0x0000, 0x0000, 0x0000, 0x0000, 0x0000, 0x0000, 0x0000, 0x0000, 0x0000, 0x0000, 0x0000, 0x0000,
    0x0000, 0x0000, 0x0000, 0x0000, 0x0000, 0x0000, 0x0000, 0x0000, 0x0000, 0x0000, 0x0000, 0x0000, 0x0000, 0x0000, 0x0000, 0x0000,
    0x0000, 0x0000, 0x0000, 0x0000, 0x0000, 0x0000, 0x0000, 0x0000, 0x0000, 0x0000, 0x0000, 0x0000, 0x0000, 0x0000, 0x0000, 0xF516,
    0xAC52, 0x9C11, 0xBC73, 0xC494, 0xCC94, 0xD473, 0xD432, 0xD3D0, 0xD38F, 0xD38F, 0xD38F, 0xD3AF, 0xCBD0, 0xC3F0, 0xC3CF, 0xC36D,
    0xC34C, 0xCB4B, 0xD38B, 0xD3CC, 0xDC0C, 0xDC2C, 0xDC4C, 0xDC4D, 0xDC4D, 0xDC4D, 0xDC4D, 0xDC4D, 0xDC4D, 0xDC6D, 0xDC6D, 0xDC6D,
    0xDC6D, 0xDC6D, 0xDC6D, 0xDC6D, 0xDC6D, 0xDC6D, 0xDC6D, 0xDC8E, 0xDC8E, 0xDC8E, 0xDC8E, 0xDC8E, 0xDC8E, 0xDC8E, 0xDC8E, 0xDC8E,
    0xDC8E, 0xDC8E, 0xDC6D, 0xDC6D, 0xDC6D, 0xDC4D, 0xDC4D, 0xDC4D, 0xDC4D, 0xDC6D, 0xDC6D, 0xDC6D, 0xDC6D, 0xD42D, 0xD3EC, 0xCBAC,
    0xCB6C, 0xC36C, 0xC38E, 0xC3F0, 0xC431, 0xCC31, 0xCC10, 0xCBF0, 0xCC31, 0xCC52, 0xD493, 0xCCF5, 0xC4F5, 0xB4B4, 0x8B8F, 0xA432,
    0x4145, 0x59E8, 0x0000, 0x0000, 0x0000, 0x0000, 0x0000, 0x0000, 0x0000, 0x0000, 0x0000, 0x0000, 0x0000, 0x0000, 0x0000, 0x0000,
    0x0000, 0x0000, 0x0000, 0x0000, 0x0000, 0x0000, 0x0000, 0x0000, 0x0000, 0x0000, 0x0000, 0x0000, 0x0000, 0x0000, 0x0000, 0x0000,
    0x0000, 0x0000, 0x0000, 0x0000, 0x0000, 0x0000, 0x0000, 0x0000, 0x0000, 0x0000, 0x0000, 0x0000, 0x0000, 0x0000, 0x0000, 0x0000,
    0x0000, 0x0000, 0x0000, 0x0000, 0x0000, 0x0000, 0x0000, 0x0000, 0x0000, 0x0000, 0x0000, 0x0000, 0x0000, 0x0000, 0x0000, 0x0000,
    0x0000, 0x0000, 0x0000, 0x0000, 0x0000, 0x0000, 0x0000, 0x0000, 0x0000, 0x0000, 0x0000, 0x0000, 0x0000, 0x0000, 0x0000, 0x0000,
    0x0000, 0x0000, 0x0000, 0x0000, 0x0000, 0x0000, 0x0000, 0x0000, 0x0000, 0x0000, 0x0000, 0x0000, 0x0000, 0x0000, 0x0000, 0x0000,
    0x0000, 0x0000, 0x0000, 0x0000, 0x0000, 0x0000, 0x0000, 0x0000, 0x0000, 0x0000, 0x0000, 0x0000, 0x0000, 0x0000, 0x0000, 0x0000,
    0x0000, 0x0000, 0x0000, 0x0000, 0x0000, 0x0000, 0x0000, 0x0000, 0x0000, 0x0000, 0x0000, 0x0000, 0x0000, 0x0000, 0x0000, 0x0000,
    0x0000, 0x0000, 0x0000, 0x0000, 0x0000, 0x0000, 0x0000, 0x0000, 0x0000, 0x0000, 0x0000, 0x0000, 0x0000, 0x0000, 0x0000, 0x0000,
    0x0000, 0x0000, 0x0000, 0x0000, 0x0000, 0x0000, 0x0000, 0x0000, 0x0000, 0x0000, 0x0000, 0x0000, 0x0000, 0x0000, 0x0000, 0x0000,
    0xAC32, 0xA432, 0x6BB0, 0xBC74, 0xC4B4, 0xCCB4, 0xD494, 0xD473, 0xD3F1, 0xD3AF, 0xD38F, 0xD38F, 0xD38F, 0xD3AF, 0xCBD0, 0xCBF0,
    0xC3F0, 0xC3CF, 0xC38D, 0xC34C, 0xCB4B, 0xD36B, 0xD3AC, 0xDBCC, 0xDC0C, 0xDC2C, 0xDC4C, 0xDC4D, 0xDC4D, 0xDC6D, 0xDC6D, 0xDC4D,
    0xDC6D, 0xDC6D, 0xDC6D, 0xDC4D, 0xDC4D, 0xDC4D, 0xDC4D, 0xDC4D, 0xDC4D, 0xDC4D, 0xDC4D, 0xDC4D, 0xDC4D, 0xDC4D, 0xDC6D, 0xDC6D,
    0xDC4D, 0xDC4D, 0xDC4D, 0xDC4D, 0xDC4D, 0xDC4D, 0xDC4C, 0xDC4C, 0xDC2C, 0xD40C, 0xD3EC, 0xCBAC, 0xCB6C, 0xCB4C, 0xC36D, 0xC38E,
    0xC3CF, 0xCBF0, 0xCC10, 0xCBF0, 0xCBD0, 0xCBD0, 0xCBF0, 0xCC31, 0xCC52, 0xD4B4, 0xCCF5, 0xC4F5, 0xAC73, 0x28A4, 0x93B0, 0xA412,
    0x0000, 0x0000, 0x0000, 0x0000, 0x0000, 0x0000, 0x0000, 0x0000, 0x0000, 0x0000, 0x0000, 0x0000, 0x0000, 0x0000, 0x0000, 0x0000,
    0x0000, 0x0000, 0x0000, 0x0000, 0x0000, 0x0000, 0x0000, 0x0000, 0x0000, 0x0000, 0x0000, 0x0000, 0x0000, 0x0000, 0x0000, 0x0000,
    0x0000, 0x0000, 0x0000, 0x0000, 0x0000, 0x0000, 0x0000, 0x0000, 0x0000, 0x0000, 0x0000, 0x0000, 0x0000, 0x0000, 0x0000, 0x0000,
    0x0000, 0x0000, 0x0000, 0x0000, 0x0000, 0x0000, 0x0000, 0x0000, 0x0000, 0x0000, 0x0000, 0x0000, 0x0000, 0x0000, 0x0000, 0x0000,
    0x0000, 0x0000, 0x0000, 0x0000, 0x0000, 0x0000, 0x0000, 0x0000, 0x0000, 0x0000, 0x0000, 0x0000, 0x0000, 0x0000, 0x0000, 0x0000,
    0x0000, 0x0000, 0x0000, 0x0000, 0x0000, 0x0000, 0x0000, 0x0000, 0x0000, 0x0000, 0x0000, 0x0000, 0x0000, 0x0000, 0x0000, 0x0000,
    0x0000, 0x0000, 0x0000, 0x0000, 0x0000, 0x0000, 0x0000, 0x0000, 0x0000, 0x0000, 0x0000, 0x0000, 0x0000, 0x0000, 0x0000, 0x0000,
    0x0000, 0x0000, 0x0000, 0x0000, 0x0000, 0x0000, 0x0000, 0x0000, 0x0000, 0x0000, 0x0000, 0x0000, 0x0000, 0x0000, 0x0000, 0x0000,
    0x0000, 0x0000, 0x0000, 0x0000, 0x0000, 0x0000, 0x0000, 0x0000, 0x0000, 0x0000, 0x0000, 0x0000, 0x0000, 0x0000, 0x0000, 0x0000,
    0x0000, 0x0000, 0x0000, 0x0000, 0x0000, 0x0000, 0x0000, 0x0000, 0x0000, 0x0000, 0x0000, 0x0000, 0x0000, 0x0000, 0x0000, 0x0000,
    0x0000, 0xAC53, 0xAC53, 0xD4D5, 0xBCB4, 0xC4D5, 0xCCD5, 0xD4B4, 0xD493, 0xD452, 0xD3F0, 0xD3AF, 0xD38F, 0xD38F, 0xD38F, 0xD3AF,
    0xD3AF, 0xCBF0, 0xCBF0, 0xC3F0, 0xC3CF, 0xC3AF, 0xCB8E, 0xCB6D, 0xCB6C, 0xD36C, 0xD36C, 0xD38C, 0xDBAC, 0xDBCC, 0xDBEC, 0xDC0C,
    0xDC0C, 0xDC2C, 0xDC2C, 0xDC2C, 0xDC2C, 0xDC2C, 0xDC2C, 0xDC2C, 0xDC2C, 0xDC2C, 0xDC2C, 0xDC2C, 0xDC2C, 0xDC2C, 0xDC2C, 0xDC2C,
    0xDC0C, 0xDC0C, 0xDBEC, 0xDBEC, 0xD3CB, 0xD3AB, 0xCB8B, 0xCB6B, 0xCB4C, 0xCB4C, 0xC36D, 0xC38E, 0xCBCF, 0xCBF0, 0xCC10, 0xCBF0,
    0xCBD0, 0xCBD0, 0xCBAF, 0xCBCF, 0xCBF0, 0xCC11, 0xCC52, 0xCC73, 0xCCD4, 0xCD15, 0xC4F5, 0xAC73, 0xE5F9, 0x93D1, 0x93D1, 0x0000,
    0x0000, 0x0000, 0x0000, 0x0000, 0x0000, 0x0000, 0x0000, 0x0000, 0x0000, 0x0000, 0x0000, 0x0000, 0x0000, 0x0000, 0x0000, 0x0000,
    0x0000, 0x0000, 0x0000, 0x0000, 0x0000, 0x0000, 0x0000, 0x0000, 0x0000, 0x0000, 0x0000, 0x0000, 0x0000, 0x0000, 0x0000, 0x0000,
    0x0000, 0x0000, 0x0000, 0x0000, 0x0000, 0x0000, 0x0000, 0x0000, 0x0000, 0x0000, 0x0000, 0x0000, 0x0000, 0x0000, 0x0000, 0x0000,
    0x0000, 0x0000, 0x0000, 0x0000, 0x0000, 0x0000, 0x0000, 0x0000, 0x0000, 0x0000, 0x0000, 0x0000, 0x0000, 0x0000, 0x0000, 0x0000,
    0x0000, 0x0000, 0x0000, 0x0000, 0x0000, 0x0000, 0x0000, 0x0000, 0x0000, 0x0000, 0x0000, 0x0000, 0x0000, 0x0000, 0x0000, 0x0000,
    0x0000, 0x0000, 0x0000, 0x0000, 0x0000, 0x0000, 0x0000, 0x0000, 0x0000, 0x0000, 0x0000, 0x0000, 0x0000, 0x0000, 0x0000, 0x0000,
    0x0000, 0x0000, 0x0000, 0x0000, 0x0000, 0x0000, 0x0000, 0x0000, 0x0000, 0x0000, 0x0000, 0x0000, 0x0000, 0x0000, 0x0000, 0x0000,
    0x0000, 0x0000, 0x0000, 0x0000, 0x0000, 0x0000, 0x0000, 0x0000, 0x0000, 0x0000, 0x0000, 0x0000, 0x0000, 0x0000, 0x0000, 0x0000,
    0x0000, 0x0000, 0x0000, 0x0000, 0x0000, 0x0000, 0x0000, 0x0000, 0x0000, 0x0000, 0x0000, 0x0000, 0x0000, 0x0000, 0x0000, 0x0000,
    0x0000, 0x0000, 0x0000, 0x0000, 0x0000, 0x0000, 0x0000, 0x0000, 0x0000, 0x0000, 0x0000, 0x0000, 0x0000, 0x0000, 0x0000, 0x0000,
    0x0000, 0x0000, 0xC4B5, 0xAC53, 0xBCB4, 0xB4B4, 0xC4F5, 0xCCF5, 0xCCD5, 0xD4B4, 0xD493, 0xD432, 0xD3F0, 0xD3AF, 0xD38F, 0xD38F,
    0xD38F, 0xD38F, 0xD38F, 0xD38F, 0xCB8F, 0xCBAF, 0xCBCF, 0xCBCF, 0xCBCF, 0xCBAF, 0xCBAF, 0xCB8E, 0xCB6D, 0xD36D, 0xD34C, 0xD34C,
    0xD34B, 0xD34B, 0xDB4B, 0xDB6B, 0xDB6B, 0xDB6B, 0xDB8B, 0xDB8B, 0xDB8B, 0xDB8B, 0xD38B, 0xD38B, 0xD38B, 0xD38B, 0xD38B, 0xD36B,
    0xD36C, 0xCB4C, 0xCB4C, 0xCB4C, 0xCB6D, 0xCB8E, 0xCB8E, 0xCBAF, 0xCBAF, 0xCBCF, 0xCBAF, 0xCBAF, 0xCB8F, 0xCBAF, 0xCBAF, 0xCBAF,
    0xCBAF, 0xCBB0, 0xCBD0, 0xCC11, 0xCC31, 0xCC52, 0xCCB4, 0xCCF5, 0xC4F5, 0xBCF5, 0xA432, 0xB4B4, 0x93D1, 0xBCF5, 0x0000, 0x0000,
    0x0000, 0x0000, 0x0000, 0x0000, 0x0000, 0x0000, 0x0000, 0x0000, 0x0000, 0x0000, 0x0000, 0x0000, 0x0000, 0x0000, 0x0000, 0x0000,
    0x0000, 0x0000, 0x0000, 0x0000, 0x0000, 0x0000, 0x0000, 0x0000, 0x0000, 0x0000, 0x0000, 0x0000, 0x0000, 0x0000, 0x0000, 0x0000,
    0x0000, 0x0000, 0x0000, 0x0000, 0x0000, 0x0000, 0x0000, 0x0000, 0x0000, 0x0000, 0x0000, 0x0000, 0x0000, 0x0000, 0x0000, 0x0000,
    0x0000, 0x0000, 0x0000, 0x0000, 0x0000, 0x0000, 0x0000, 0x0000, 0x0000, 0x0000, 0x0000, 0x0000, 0x0000, 0x0000, 0x0000, 0x0000,
    0x0000, 0x0000, 0x0000, 0x0000, 0x0000, 0x0000, 0x0000, 0x0000, 0x0000, 0x0000, 0x0000, 0x0000, 0x0000, 0x0000, 0x0000, 0x0000,
    0x0000, 0x0000, 0x0000, 0x0000, 0x0000, 0x0000, 0x0000, 0x0000, 0x0000, 0x0000, 0x0000, 0x0000, 0x0000, 0x0000, 0x0000, 0x0000,
    0x0000, 0x0000, 0x0000, 0x0000, 0x0000, 0x0000, 0x0000, 0x0000, 0x0000, 0x0000, 0x0000, 0x0000, 0x0000, 0x0000, 0x0000, 0x0000,
    0x0000, 0x0000, 0x0000, 0x0000, 0x0000, 0x0000, 0x0000, 0x0000, 0x0000, 0x0000, 0x0000, 0x0000, 0x0000, 0x0000, 0x0000, 0x0000,
    0x0000, 0x0000, 0x0000, 0x0000, 0x0000, 0x0000, 0x0000, 0x0000, 0x0000, 0x0000, 0x0000, 0x0000, 0x0000, 0x0000, 0x0000, 0x0000,
    0x0000, 0x0000, 0x0000, 0x0000, 0x0000, 0x0000, 0x0000, 0x0000, 0x0000, 0x0000, 0x0000, 0x0000, 0x0000, 0x0000, 0x0000, 0x0000,
    0x0000, 0x0000, 0x0000, 0x0000, 0xB4B4, 0xB4B4, 0xFD19, 0xC516, 0xCCF6, 0xCCF5, 0xD4D5, 0xD4B4, 0xD473, 0xD432, 0xD3D0, 0xD3AF,
    0xD38F, 0xD38F, 0xD36E, 0xD34E, 0xD32E, 0xD32E, 0xD32D, 0xD32E, 0xD34E, 0xCB6E, 0xCB8F, 0xD3AF, 0xD3AF, 0xD3AF, 0xD3AF, 0xD3AF,
    0xD3AF, 0xD38E, 0xD36E, 0xD36E, 0xD34D, 0xD34D, 0xD34D, 0xD34D, 0xD36D, 0xD36D, 0xD36D, 0xD36E, 0xD38E, 0xD38E, 0xD3AF, 0xD3AF,
    0xD3AF, 0xD3AF, 0xD3AF, 0xCBAF, 0xCBAF, 0xCB8F, 0xCB6E, 0xCB4E, 0xCB2D, 0xCB0D, 0xCB0D, 0xCB2D, 0xCB4E, 0xCB8F, 0xCBAF, 0xCBD0,
    0xCBD0, 0xCBF1, 0xCC11, 0xCC52, 0xCC93, 0xCCD5, 0xC4F5, 0xBCF5, 0xAC93, 0xEE3A, 0xAC53, 0xAC52, 0x0000, 0x0000, 0x0000, 0x0000,
    0x0000, 0x0000, 0x0000, 0x0000, 0x0000, 0x0000, 0x0000, 0x0000, 0x0000, 0x0000, 0x0000, 0x0000, 0x0000, 0x0000, 0x0000, 0x0000,
    0x0000, 0x0000, 0x0000, 0x0000, 0x0000, 0x0000, 0x0000, 0x0000, 0x0000, 0x0000, 0x0000, 0x0000, 0x0000, 0x0000, 0x0000, 0x0000,
    0x0000, 0x0000, 0x0000, 0x0000, 0x0000, 0x0000, 0x0000, 0x0000, 0x0000, 0x0000, 0x0000, 0x0000, 0x0000, 0x0000, 0x0000, 0x0000,
    0x0000, 0x0000, 0x0000, 0x0000, 0x0000, 0x0000, 0x0000, 0x0000, 0x0000, 0x0000, 0x0000, 0x0000, 0x0000, 0x0000, 0x0000, 0x0000,
    0x0000, 0x0000, 0x0000, 0x0000, 0x0000, 0x0000, 0x0000, 0x0000, 0x0000, 0x0000, 0x0000, 0x0000, 0x0000, 0x0000, 0x0000, 0x0000,
    0x0000, 0x0000, 0x0000, 0x0000, 0x0000, 0x0000, 0x0000, 0x0000, 0x0000, 0x0000, 0x0000, 0x0000, 0x0000, 0x0000, 0x0000, 0x0000,
    0x0000, 0x0000, 0x0000, 0x0000, 0x0000, 0x0000, 0x0000, 0x0000, 0x0000, 0x0000, 0x0000, 0x0000, 0x0000, 0x0000, 0x0000, 0x0000,
    0x0000, 0x0000, 0x0000, 0x0000, 0x0000, 0x0000, 0x0000, 0x0000, 0x0000, 0x0000, 0x0000, 0x0000, 0x0000, 0x0000, 0x0000, 0x0000,
    0x0000, 0x0000, 0x0000, 0x0000, 0x0000, 0x0000, 0x0000, 0x0000, 0x0000, 0x0000, 0x0000, 0x0000, 0x0000, 0x0000, 0x0000, 0x0000,
    0x0000, 0x0000, 0x0000, 0x0000, 0x0000, 0x0000, 0x0000, 0x0000, 0x0000, 0x0000, 0x0000, 0x0000, 0x0000, 0x0000, 0x0000, 0x0000,
    0x0000, 0x0000, 0x0000, 0x0000, 0x0000, 0xC4F5, 0xB4F5, 0xCCF5, 0xBD56, 0xC516, 0xCD16, 0xCCF5, 0xD4D5, 0xD4B4, 0xD473, 0xD432,
    0xD3D0, 0xD38F, 0xD36F, 0xD32E, 0xD30D, 0xD30D, 0xD2ED, 0xD30D, 0xD30D, 0xD30D, 0xD30D, 0xD32D, 0xD32D, 0xD32E, 0xD32E, 0xD32E,
    0xD32E, 0xD34E, 0xD34E, 0xD34E, 0xD34E, 0xD34E, 0xD34E, 0xD34E, 0xD34E, 0xD34E, 0xD34E, 0xD34E, 0xD34E, 0xD34E, 0xD34E, 0xD32E,
    0xD32D, 0xD30D, 0xD30D, 0xD2ED, 0xD2ED, 0xD2EC, 0xD2EC, 0xD2CC, 0xD2CC, 0xD2CC, 0xD2EC, 0xD2EC, 0xD32D, 0xD38F, 0xCBD0, 0xCBF1,
    0xCC11, 0xCC52, 0xCC73, 0xCCB4, 0xCCF5, 0xC4F6, 0xBCD5, 0x7BB0, 0xBCF5, 0x8B8F, 0xB494, 0x0000, 0x0000, 0x0000, 0x0000, 0x0000,
    0x0000, 0x0000, 0x0000, 0x0000, 0x0000, 0x0000, 0x0000, 0x0000, 0x0000, 0x0000, 0x0000, 0x0000, 0x0000, 0x0000, 0x0000, 0x0000,
    0x0000, 0x0000, 0x0000, 0x0000, 0x0000, 0x0000, 0x0000, 0x0000, 0x0000, 0x0000, 0x0000, 0x0000, 0x0000, 0x0000, 0x0000, 0x0000,
    0x0000, 0x0000, 0x0000, 0x0000, 0x0000, 0x0000, 0x0000, 0x0000, 0x0000, 0x0000, 0x0000, 0x0000, 0x0000, 0x0000, 0x0000, 0x0000,
    0x0000, 0x0000, 0x0000, 0x0000, 0x0000, 0x0000, 0x0000, 0x0000, 0x0000, 0x0000, 0x0000, 0x0000, 0x0000, 0x0000, 0x0000, 0x0000,
    0x0000, 0x0000, 0x0000, 0x0000, 0x0000, 0x0000, 0x0000, 0x0000, 0x0000, 0x0000, 0x0000, 0x0000, 0x0000, 0x0000, 0x0000, 0x0000,
    0x0000, 0x0000, 0x0000, 0x0000, 0x0000, 0x0000, 0x0000, 0x0000, 0x0000, 0x0000, 0x0000, 0x0000, 0x0000, 0x0000, 0x0000, 0x0000,
    0x0000, 0x0000, 0x0000, 0x0000, 0x0000, 0x0000, 0x0000, 0x0000, 0x0000, 0x0000, 0x0000, 0x0000, 0x0000, 0x0000, 0x0000, 0x0000,
    0x0000, 0x0000, 0x0000, 0x0000, 0x0000, 0x0000, 0x0000, 0x0000, 0x0000, 0x0000, 0x0000, 0x0000, 0x0000, 0x0000, 0x0000, 0x0000,
    0x0000, 0x0000, 0x0000, 0x0000, 0x0000, 0x0000, 0x0000, 0x0000, 0x0000, 0x0000, 0x0000, 0x0000, 0x0000, 0x0000, 0x0000, 0x0000,
    0x0000, 0x0000, 0x0000, 0x0000, 0x0000, 0x0000, 0x0000, 0x0000, 0x0000, 0x0000, 0x0000, 0x0000, 0x0000, 0x0000, 0x0000, 0x0000,
    0x0000, 0x0000, 0x0000, 0x0000, 0x0000, 0x0000, 0xBD36, 0xBD36, 0xC516, 0xCCB5, 0xC577, 0xCD16, 0xCCF5, 0xCCF5, 0xD4D4, 0xD4B4,
    0xD473, 0xD411, 0xD3AF, 0xD32D, 0xD2EC, 0xD2EC, 0xD2CC, 0xD2CC, 0xD2CC, 0xD2CC, 0xD2EC, 0xD2EC, 0xD2EC, 0xD2ED, 0xD2ED, 0xD2ED,
    0xD2ED, 0xD2ED, 0xD2EC, 0xD2EC, 0xD2EC, 0xD2EC, 0xD2EC, 0xD2EC, 0xD2EC, 0xD2EC, 0xD2EC, 0xD2EC, 0xD2EC, 0xD2ED, 0xD2ED, 0xD2ED,
    0xD2ED, 0xD2EC, 0xD2EC, 0xD2EC, 0xD2EC, 0xD2CC, 0xD2CC, 0xD2CC, 0xD2CC, 0xD2AB, 0xD2CB, 0xD2CC, 0xD2EC, 0xD34E, 0xD411, 0xD452,
    0xCC73, 0xCCB4, 0xCCD5, 0xC4F5, 0xC4F5, 0xB536, 0xC516, 0xB4B4, 0x836E, 0xA432, 0x0000, 0x0000, 0x0000, 0x0000, 0x0000, 0x0000,
    0x0000, 0x0000, 0x0000, 0x0000, 0x0000, 0x0000, 0x0000, 0x0000, 0x0000, 0x0000, 0x0000, 0x0000, 0x0000, 0x0000, 0x0000, 0x0000,
    0x0000, 0x0000, 0x0000, 0x0000, 0x0000, 0x0000, 0x0000, 0x0000, 0x0000, 0x0000, 0x0000, 0x0000, 0x0000, 0x0000, 0x0000, 0x0000,
    0x0000, 0x0000, 0x0000, 0x0000, 0x0000, 0x0000, 0x0000, 0x0000, 0x0000, 0x0000, 0x0000, 0x0000, 0x0000, 0x0000, 0x0000, 0x0000,
    0x0000, 0x0000, 0x0000, 0x0000, 0x0000, 0x0000, 0x0000, 0x0000, 0x0000, 0x0000, 0x0000, 0x0000, 0x0000, 0x0000, 0x0000, 0x0000,
    0x0000, 0x0000, 0x0000, 0x0000, 0x0000, 0x0000, 0x0000, 0x0000, 0x0000, 0x0000, 0x0000, 0x0000, 0x0000, 0x0000, 0x0000, 0x0000,
    0x0000, 0x0000, 0x0000, 0x0000, 0x0000, 0x0000, 0x0000, 0x0000, 0x0000, 0x0000, 0x0000, 0x0000, 0x0000, 0x0000, 0x0000, 0x0000,
    0x0000, 0x0000, 0x0000, 0x0000, 0x0000, 0x0000, 0x0000, 0x0000, 0x0000, 0x0000, 0x0000, 0x0000, 0x0000, 0x0000, 0x0000, 0x0000,
    0x0000, 0x0000, 0x0000, 0x0000, 0x0000, 0x0000, 0x0000, 0x0000, 0x0000, 0x0000, 0x0000, 0x0000, 0x0000, 0x0000, 0x0000, 0x0000,
    0x0000, 0x0000, 0x0000, 0x0000, 0x0000, 0x0000, 0x0000, 0x0000, 0x0000, 0x0000, 0x0000, 0x0000, 0x0000, 0x0000, 0x0000, 0x0000,
    0x0000, 0x0000, 0x0000, 0x0000, 0x0000, 0x0000, 0x0000, 0x0000, 0x0000, 0x0000, 0x0000, 0x0000, 0x0000, 0x0000, 0x0000, 0x0000,
    0x0000, 0x0000, 0x0000, 0x0000, 0x0000, 0x0000, 0x0000, 0x0000, 0xC5D8, 0xCC34, 0xC577, 0xCCB5, 0xCD77, 0xCD36, 0xCCF5, 0xCCD5,
    0xCCB4, 0xD494, 0xD452, 0xD3AF, 0xD30C, 0xD2CB, 0xD2AB, 0xD2AB, 0xD2AB, 0xD2AB, 0xD2AB, 0xD2CB, 0xD2CB, 0xD2CC, 0xD2CC, 0xD2CC,
    0xD2CC, 0xD2CC, 0xD2CC, 0xD2AC, 0xD2AB, 0xD2AC, 0xD2CB, 0xD2CB, 0xD2CC, 0xD2CC, 0xD2CC, 0xD2AB, 0xD2CB, 0xD2CC, 0xD2CC, 0xD2CC,
    0xD2CC, 0xD2CC, 0xD2CC, 0xD2CC, 0xD2AB, 0xD2AB, 0xD2AB, 0xD2AB, 0xD2AB, 0xD2AB, 0xD2AB, 0xD2AB, 0xD2CB, 0xD38F, 0xD473, 0xCCB4,
    0xCCD5, 0xC4D5, 0xC4F5, 0xACF5, 0xC4F6, 0xBD36, 0xBD16, 0x0000, 0x0000, 0x0000, 0x0000, 0x0000, 0x0000, 0x0000, 0x0000, 0x0000,
    0x0000, 0x0000, 0x0000, 0x0000, 0x0000, 0x0000, 0x0000, 0x0000, 0x0000, 0x0000, 0x0000, 0x0000, 0x0000, 0x0000, 0x0000, 0x0000,
    0x0000, 0x0000, 0x0000, 0x0000, 0x0000, 0x0000, 0x0000, 0x0000, 0x0000, 0x0000, 0x0000, 0x0000, 0x0000, 0x0000, 0x0000, 0x0000,
    0x0000, 0x0000, 0x0000, 0x0000, 0x0000, 0x0000, 0x0000, 0x0000, 0x0000, 0x0000, 0x0000, 0x0000, 0x0000, 0x0000, 0x0000, 0x0000,
    0x0000, 0x0000, 0x0000, 0x0000, 0x0000, 0x0000, 0x0000, 0x0000, 0x0000, 0x0000, 0x0000, 0x0000, 0x0000, 0x0000, 0x0000, 0x0000,
    0x0000, 0x0000, 0x0000, 0x0000, 0x0000, 0x0000, 0x0000, 0x0000, 0x0000, 0x0000, 0x0000, 0x0000, 0x0000, 0x0000, 0x0000, 0x0000,
    0x0000, 0x0000, 0x0000, 0x0000, 0x0000, 0x0000, 0x0000, 0x0000, 0x0000, 0x0000, 0x0000, 0x0000, 0x0000, 0x0000, 0x0000, 0x0000,
    0x0000, 0x0000, 0x0000, 0x0000, 0x0000, 0x0000, 0x0000, 0x0000, 0x0000, 0x0000, 0x0000, 0x0000, 0x0000, 0x0000, 0x0000, 0x0000,
    0x0000, 0x0000, 0x0000, 0x0000, 0x0000, 0x0000, 0x0000, 0x0000, 0x0000, 0x0000, 0x0000, 0x0000, 0x0000, 0x0000, 0x0000, 0x0000,
    0x0000, 0x0000, 0x0000, 0x0000, 0x0000, 0x0000, 0x0000, 0x0000, 0x0000, 0x0000, 0x0000, 0x0000, 0x0000, 0x0000, 0x0000, 0x0000,
    0x0000, 0x0000, 0x0000, 0x0000, 0x0000, 0x0000, 0x0000, 0x0000, 0x0000, 0x0000, 0x0000, 0x0000, 0x0000, 0x0000, 0x0000, 0x0000,
    0x0000, 0x0000, 0x0000, 0x0000, 0x0000, 0x0000, 0x0000, 0x0000, 0x0000, 0x0000, 0xCDD8, 0xCDF8, 0xCD36, 0xCC74, 0xCD77, 0xCD36,
    0xCCF5, 0xCCD5, 0xCCB4, 0xCC73, 0xD3D0, 0xD30D, 0xD2AB, 0xD28A, 0xD28A, 0xD28A, 0xD28A, 0xD28A, 0xD2AA, 0xD2AB, 0xD2AB, 0xD2AB,
    0xD2AB, 0xD28B, 0xD28B, 0xD2AB, 0xD28B, 0xD28B, 0xD28B, 0xD28B, 0xD28B, 0xD28A, 0xD28A, 0xD2AB, 0xD2AB, 0xD28A, 0xD28B, 0xD2AB,
    0xD2AB, 0xD2AB, 0xD2AB, 0xD28A, 0xD28A, 0xD28A, 0xD28A, 0xD26A, 0xD26A, 0xD28A, 0xD28A, 0xD28A, 0xD32D, 0xCC32, 0xC4B5, 0xC4F5,
    0xC516, 0xAD77, 0xC4D5, 0xBCF5, 0x8D34, 0x9D34, 0x0000, 0x0000, 0x0000, 0x0000, 0x0000, 0x0000, 0x0000, 0x0000, 0x0000, 0x0000,
    0x0000, 0x0000, 0x0000, 0x0000, 0x0000, 0x0000, 0x0000, 0x0000, 0x0000, 0x0000, 0x0000, 0x0000, 0x0000, 0x0000, 0x0000, 0x0000,
    0x0000, 0x0000, 0x0000, 0x0000, 0x0000, 0x0000, 0x0000, 0x0000, 0x0000, 0x0000, 0x0000, 0x0000, 0x0000, 0x0000, 0x0000, 0x0000,
    0x0000, 0x0000, 0x0000, 0x0000, 0x0000, 0x0000, 0x0000, 0x0000, 0x0000, 0x0000, 0x0000, 0x0000, 0x0000, 0x0000, 0x0000, 0x0000,
    0x0000, 0x0000, 0x0000, 0x0000, 0x0000, 0x0000, 0x0000, 0x0000, 0x0000, 0x0000, 0x0000, 0x0000, 0x0000, 0x0000, 0x0000, 0x0000,
    0x0000, 0x0000, 0x0000, 0x0000, 0x0000, 0x0000, 0x0000, 0x0000, 0x0000, 0x0000, 0x0000, 0x0000, 0x0000, 0x0000, 0x0000, 0x0000,
    0x0000, 0x0000, 0x0000, 0x0000, 0x0000, 0x0000, 0x0000, 0x0000, 0x0000, 0x0000, 0x0000, 0x0000, 0x0000, 0x0000, 0x0000, 0x0000,
    0x0000, 0x0000, 0x0000, 0x0000, 0x0000, 0x0000, 0x0000, 0x0000, 0x0000, 0x0000, 0x0000, 0x0000, 0x0000, 0x0000, 0x0000, 0x0000,
    0x0000, 0x0000, 0x0000, 0x0000, 0x0000, 0x0000, 0x0000, 0x0000, 0x0000, 0x0000, 0x0000, 0x0000, 0x0000, 0x0000, 0x0000, 0x0000,
    0x0000, 0x0000, 0x0000, 0x0000, 0x0000, 0x0000, 0x0000, 0x0000, 0x0000, 0x0000, 0x0000, 0x0000, 0x0000, 0x0000, 0x0000, 0x0000,
    0x0000, 0x0000, 0x0000, 0x0000, 0x0000, 0x0000, 0x0000, 0x0000, 0x0000, 0x0000, 0x0000, 0x0000, 0x0000, 0x0000, 0x0000, 0x0000,
    0x0000, 0x0000, 0x0000, 0x0000, 0x0000, 0x0000, 0x0000, 0x0000, 0x0000, 0x0000, 0x0000, 0xD6DB, 0xBB10, 0xCDD8, 0xCD16, 0xCCF5,
    0xC129, 0xCDB7, 0xCCF5, 0xCC94, 0xCC52, 0xCBF0, 0xCB4E, 0xCAAB, 0xCA49, 0xCA49, 0xCA49, 0xCA69, 0xCA69, 0xCA6A, 0xCA6A, 0xCA6A,
    0xCAAB, 0xD38E, 0xDC71, 0xE4F2, 0xDCB2, 0xD38E, 0xD28A, 0xD26A, 0xD26A, 0xD32C, 0xDC50, 0xE4F2, 0xE513, 0xDC91, 0xD36D, 0xD28A,
    0xD28A, 0xD28A, 0xD26A, 0xD26A, 0xD269, 0xD249, 0xD249, 0xD249, 0xD249, 0xCA6A, 0xCAAB, 0xCAEC, 0xCC11, 0xC4F5, 0xBD36, 0xCCD5,
    0xC4D5, 0xC4F5, 0xBD16, 0xBD16, 0x0000, 0x0000, 0x0000, 0x0000, 0x0000, 0x0000, 0x0000, 0x0000, 0x0000, 0x0000, 0x0000, 0x0000,
    0x0000, 0x0000, 0x0000, 0x0000, 0x0000, 0x0000, 0x0000, 0x0000, 0x0000, 0x0000, 0x0000, 0x0000, 0x0000, 0x0000, 0x0000, 0x0000,
    0x0000, 0x0000, 0x0000, 0x0000, 0x0000, 0x0000, 0x0000, 0x0000, 0x0000, 0x0000, 0x0000, 0x0000, 0x0000, 0x0000, 0x0000, 0x0000,
    0x0000, 0x0000, 0x0000, 0x0000, 0x0000, 0x0000, 0x0000, 0x0000, 0x0000, 0x0000, 0x0000, 0x0000, 0x0000, 0x0000, 0x0000, 0x0000,
    0x0000, 0x0000, 0x0000, 0x0000, 0x0000, 0x0000, 0x0000, 0x0000, 0x0000, 0x0000, 0x0000, 0x0000, 0x0000, 0x0000, 0x0000, 0x0000,
    0x0000, 0x0000, 0x0000, 0x0000, 0x0000, 0x0000, 0x0000, 0x0000, 0x0000, 0x0000, 0x0000, 0x0000, 0x0000, 0x0000, 0x0000, 0x0000,
    0x0000, 0x0000, 0x0000, 0x0000, 0x0000, 0x0000, 0x0000, 0x0000, 0x0000, 0x0000, 0x0000, 0x0000, 0x0000, 0x0000, 0x0000, 0x0000,
    0x0000, 0x0000, 0x0000, 0x0000, 0x0000, 0x0000, 0x0000, 0x0000, 0x0000, 0x0000, 0x0000, 0x0000, 0x0000, 0x0000, 0x0000, 0x0000,
    0x0000, 0x0000, 0x0000, 0x0000, 0x0000, 0x0000, 0x0000, 0x0000, 0x0000, 0x0000, 0x0000, 0x0000, 0x0000, 0x0000, 0x0000, 0x0000,
    0x0000, 0x0000, 0x0000, 0x0000, 0x0000, 0x0000, 0x0000, 0x0000, 0x0000, 0x0000, 0x0000, 0x0000, 0x0000, 0x0000, 0x0000, 0x0000,
    0x0000, 0x0000, 0x0000, 0x0000, 0x0000, 0x0000, 0x0000, 0x0000, 0x0000, 0x0000, 0x0000, 0x0000, 0x0000, 0x0000, 0x0000, 0x0000,
    0x0000, 0x0000, 0x0000, 0x0000, 0x0000, 0x0000, 0x0000, 0x0000, 0x0000, 0x0000, 0x0000, 0x0000, 0x0000, 0x0000, 0x0000, 0xD7BE,
    0xC002, 0xD536, 0xCC52, 0xCA6A, 0xCC52, 0xCC11, 0xCBF1, 0xCB4E, 0xC229, 0xBA07, 0xBA08, 0xBA08, 0xC208, 0xC208, 0xC228, 0xCB4C,
    0xDD13, 0xEE37, 0xF677, 0xF698, 0xF698, 0xEDF6, 0xD3CE, 0xCA29, 0xCB2C, 0xE594, 0xF656, 0xF677, 0xF6B8, 0xF6D9, 0xEE37, 0xDC91,
    0xCACB, 0xCA49, 0xCA49, 0xCA49, 0xCA29, 0xCA29, 0xCA29, 0xCA49, 0xCA6A, 0xBA49, 0xB249, 0xBAAB, 0xBA8A, 0xE454, 0xCACC, 0xC36F,
    0xD187, 0xBC93, 0x0000, 0x0000, 0x0000, 0x0000, 0x0000, 0x0000, 0x0000, 0x0000, 0x0000, 0x0000, 0x0000, 0x0000, 0x0000, 0x0000,
    0x0000, 0x0000, 0x0000, 0x0000, 0x0000, 0x0000, 0x0000, 0x0000, 0x0000, 0x0000, 0x0000, 0x0000, 0x0000, 0x0000, 0x0000, 0x0000,
    0x0000, 0x0000, 0x0000, 0x0000, 0x0000, 0x0000, 0x0000, 0x0000, 0x0000, 0x0000, 0x0000, 0x0000, 0x0000, 0x0000, 0x0000, 0x0000,
    0x0000, 0x0000, 0x0000, 0x0000, 0x0000, 0x0000, 0x0000, 0x0000, 0x0000, 0x0000, 0x0000, 0x0000, 0x0000, 0x0000, 0x0000, 0x0000,
    0x0000, 0x0000, 0x0000, 0x0000, 0x0000, 0x0000, 0x0000, 0x0000, 0x0000, 0x0000, 0x0000, 0x0000, 0x0000, 0x0000, 0x0000, 0x0000,
    0x0000, 0x0000, 0x0000, 0x0000, 0x0000, 0x0000, 0x0000, 0x0000, 0x0000, 0x0000, 0x0000, 0x0000, 0x0000, 0x0000, 0x0000, 0x0000,
    0x0000, 0x0000, 0x0000, 0x0000, 0x0000, 0x0000, 0x0000, 0x0000, 0x0000, 0x0000, 0x0000, 0x0000, 0x0000, 0x0000, 0x0000, 0x0000,
    0x0000, 0x0000, 0x0000, 0x0000, 0x0000, 0x0000, 0x0000, 0x0000, 0x0000, 0x0000, 0x0000, 0x0000, 0x0000, 0x0000, 0x0000, 0x0000,
    0x0000, 0x0000, 0x0000, 0x0000, 0x0000, 0x0000, 0x0000, 0x0000, 0x0000, 0x0000, 0x0000, 0x0000, 0x0000, 0x0000, 0x0000, 0x0000,
    0x0000, 0x0000, 0x0000, 0x0000, 0x0000, 0x0000, 0x0000, 0x0000, 0x0000, 0x0000, 0x0000, 0x0000, 0x0000, 0x0000, 0x0000, 0x0000,
    0x0000, 0x0000, 0x0000, 0x0000, 0x0000, 0x0000, 0x0000, 0x0000, 0x0000, 0x0000, 0x0000, 0x0000, 0x0000, 0x0000, 0x0000, 0x0000,
    0x0000, 0x0000, 0x0000, 0x0000, 0x0000, 0x0000, 0x0000, 0x0000, 0x0000, 0x0000, 0x0000, 0x0000, 0x0000, 0x0000, 0xDE5B, 0xD2EF,
    0xD4D5, 0xC7FF, 0xD412, 0xD390, 0xD32E, 0xD2ED, 0xCAAC, 0xC26B, 0xBA29, 0xB208, 0xB208, 0xB1E8, 0xB1E8, 0xBA49, 0xCBEF, 0xEE16,
    0xF6D9, 0xF6B8, 0xF6B8, 0xF6B8, 0xF6B8, 0xF677, 0xEDB4, 0xC32C, 0xDC6F, 0xF656, 0xF697, 0xFEB8, 0xFED8, 0xFED9, 0xFEF9, 0xF6D9,
    0xE574, 0xC34D, 0xBA49, 0xBA29, 0xBA29, 0xB249, 0xBA4A, 0xBA49, 0xC228, 0xC1C7, 0xC9E8, 0xCA29, 0xCA8A, 0xCACC, 0xC30C, 0x8B4E,
    0xD3AF, 0xF801, 0x0000, 0x0000, 0x0000, 0x0000, 0x0000, 0x0000, 0x0000, 0x0000, 0x0000, 0x0000, 0x0000, 0x0000, 0x0000, 0x0000,
    0x0000, 0x0000, 0x0000, 0x0000, 0x0000, 0x0000, 0x0000, 0x0000, 0x0000, 0x0000, 0x0000, 0x0000, 0x0000, 0x0000, 0x0000, 0x0000,
    0x0000, 0x0000, 0x0000, 0x0000, 0x0000, 0x0000, 0x0000, 0x0000, 0x0000, 0x0000, 0x0000, 0x0000, 0x0000, 0x0000, 0x0000, 0x0000,
    0x0000, 0x0000, 0x0000, 0x0000, 0x0000, 0x0000, 0x0000, 0x0000, 0x0000, 0x0000, 0x0000, 0x0000, 0x0000, 0x0000, 0x0000, 0x0000,
    0x0000, 0x0000, 0x0000, 0x0000, 0x0000, 0x0000, 0x0000, 0x0000, 0x0000, 0x0000, 0x0000, 0x0000, 0x0000, 0x0000, 0x0000, 0x0000,
    0x0000, 0x0000, 0x0000, 0x0000, 0x0000, 0x0000, 0x0000, 0x0000, 0x0000, 0x0000, 0x0000, 0x0000, 0x0000, 0x0000, 0x0000, 0x0000,
    0x0000, 0x0000, 0x0000, 0x0000, 0x0000, 0x0000, 0x0000, 0x0000, 0x0000, 0x0000, 0x0000, 0x0000, 0x0000, 0x0000, 0x0000, 0x0000,
    0x0000, 0x0000, 0x0000, 0x0000, 0x0000, 0x0000, 0x0000, 0x0000, 0x0000, 0x0000, 0x0000, 0x0000, 0x0000, 0x0000, 0x0000, 0x0000,
    0x0000, 0x0000, 0x0000, 0x0000, 0x0000, 0x0000, 0x0000, 0x0000, 0x0000, 0x0000, 0x0000, 0x0000, 0x0000, 0x0000, 0x0000, 0x0000,
    0x0000, 0x0000, 0x0000, 0x0000, 0x0000, 0x0000, 0x0000, 0x0000, 0x0000, 0x0000, 0x0000, 0x0000, 0x0000, 0x0000, 0x0000, 0x0000,
    0x0000, 0x0000, 0x0000, 0x0000, 0x0000, 0x0000, 0x0000, 0x0000, 0x0000, 0x0000, 0x0000, 0x0000, 0x0000, 0x0000, 0x0000, 0x0000,
    0x0000, 0x0000, 0x0000, 0x0000, 0x0000, 0x0000, 0x0000, 0x0000, 0x0000, 0x0000, 0x0000, 0x0000, 0x0000, 0xDD98, 0xDDB8, 0xDBD2,
    0xD4F6, 0xD412, 0xD38F, 0xD32E, 0xD30D, 0xCAED, 0xC36F, 0xB412, 0xAC94, 0xAC94, 0xAC11, 0xAB0D, 0xB2EC, 0xD4D2, 0xEE78, 0xF6D9,
    0xF6B8, 0xF635, 0xF615, 0xF656, 0xF697, 0xF677, 0xF5F5, 0xDC4E, 0xE4D0, 0xF635, 0xF656, 0xF635, 0xF615, 0xF656, 0xFED9, 0xFEF9,
    0xFEF9, 0xEE16, 0xC40F, 0xAB2D, 0xA3B0, 0x9C32, 0x9C73, 0xAC32, 0xBB8F, 0xC2CC, 0xCA4A, 0xD249, 0xD28A, 0xD2CC, 0xD32D, 0xD36F,
    0xCC11, 0xE494, 0xDD57, 0xECB5, 0xD5F9, 0x0000, 0x0000, 0x0000, 0x0000, 0x0000, 0x0000, 0x0000, 0x0000, 0x0000, 0x0000, 0x0000,
    0x0000, 0x0000, 0x0000, 0x0000, 0x0000, 0x0000, 0x0000, 0x0000, 0x0000, 0x0000, 0x0000, 0x0000, 0x0000, 0x0000, 0x0000, 0x0000,
    0x0000, 0x0000, 0x0000, 0x0000, 0x0000, 0x0000, 0x0000, 0x0000, 0x0000, 0x0000, 0x0000, 0x0000, 0x0000, 0x0000, 0x0000, 0x0000,
    0x0000, 0x0000, 0x0000, 0x0000, 0x0000, 0x0000, 0x0000, 0x0000, 0x0000, 0x0000, 0x0000, 0x0000, 0x0000, 0x0000, 0x0000, 0x0000,
    0x0000, 0x0000, 0x0000, 0x0000, 0x0000, 0x0000, 0x0000, 0x0000, 0x0000, 0x0000, 0x0000, 0x0000, 0x0000, 0x0000, 0x0000, 0x0000,
    0x0000, 0x0000, 0x0000, 0x0000, 0x0000, 0x0000, 0x0000, 0x0000, 0x0000, 0x0000, 0x0000, 0x0000, 0x0000, 0x0000, 0x0000, 0x0000,
    0x0000, 0x0000, 0x0000, 0x0000, 0x0000, 0x0000, 0x0000, 0x0000, 0x0000, 0x0000, 0x0000, 0x0000, 0x0000, 0x0000, 0x0000, 0x0000,
    0x0000, 0x0000, 0x0000, 0x0000, 0x0000, 0x0000, 0x0000, 0x0000, 0x0000, 0x0000, 0x0000, 0x0000, 0x0000, 0x0000, 0x0000, 0x0000,
    0x0000, 0x0000, 0x0000, 0x0000, 0x0000, 0x0000, 0x0000, 0x0000, 0x0000, 0x0000, 0x0000, 0x0000, 0x0000, 0x0000, 0x0000, 0x0000,
    0x0000, 0x0000, 0x0000, 0x0000, 0x0000, 0x0000, 0x0000, 0x0000, 0x0000, 0x0000, 0x0000, 0x0000, 0x0000, 0x0000, 0x0000, 0x0000,
    0x0000, 0x0000, 0x0000, 0x0000, 0x0000, 0x0000, 0x0000, 0x0000, 0x0000, 0x0000, 0x0000, 0x0000, 0x0000, 0x0000, 0x0000, 0x0000,
    0x0000, 0x0000, 0x0000, 0x0000, 0x0000, 0x0000, 0x0000, 0x0000, 0x0000, 0x0000, 0x0000, 0xE7FF, 0xE5FA, 0xE63A, 0xF313, 0xDD37,
    0xDC54, 0xD3B0, 0xD32E, 0xCAED, 0xC36F, 0xB495, 0xADBA, 0xAE5C, 0xA65C, 0xA63B, 0xAE1A, 0xBDB7, 0xDDF6, 0xF6B9, 0xF6D9, 0xFEB8,
    0xFEB8, 0xF677, 0xF5F4, 0xF593, 0xF572, 0xF5D4, 0xEDD4, 0xD3AC, 0xDC4E, 0xE510, 0xED72, 0xF615, 0xF677, 0xF6B8, 0xFEFA, 0xFEFA,
    0xFEF9, 0xFEF9, 0xEE98, 0xCDD7, 0xA597, 0xAE3B, 0xAE5B, 0xA61B, 0xAE1B, 0xBDB9, 0xC494, 0xD34F, 0xDACC, 0xDB0D, 0xE38F, 0xE412,
    0xE494, 0xDCF6, 0xFB4F, 0xDD98, 0xF537, 0x0000, 0x0000, 0x0000, 0x0000, 0x0000, 0x0000, 0x0000, 0x0000, 0x0000, 0x0000, 0x0000,
    0x0000, 0x0000, 0x0000, 0x0000, 0x0000, 0x0000, 0x0000, 0x0000, 0x0000, 0x0000, 0x0000, 0x0000, 0x0000, 0x0000, 0x0000, 0x0000,
    0x0000, 0x0000, 0x0000, 0x0000, 0x0000, 0x0000, 0x0000, 0x0000, 0x0000, 0x0000, 0x0000, 0x0000, 0x0000, 0x0000, 0x0000, 0x0000,
    0x0000, 0x0000, 0x0000, 0x0000, 0x0000, 0x0000, 0x0000, 0x0000, 0x0000, 0x0000, 0x0000, 0x0000, 0x0000, 0x0000, 0x0000, 0x0000,
    0x0000, 0x0000, 0x0000, 0x0000, 0x0000, 0x0000, 0x0000, 0x0000, 0x0000, 0x0000, 0x0000, 0x0000, 0x0000, 0x0000, 0x0000, 0x0000,
    0x0000, 0x0000, 0x0000, 0x0000, 0x0000, 0x0000, 0x0000, 0x0000, 0x0000, 0x0000, 0x0000, 0x0000, 0x0000, 0x0000, 0x0000, 0x0000,
    0x0000, 0x0000, 0x0000, 0x0000, 0x0000, 0x0000, 0x0000, 0x0000, 0x0000, 0x0000, 0x0000, 0x0000, 0x0000, 0x0000, 0x0000, 0x0000,
    0x0000, 0x0000, 0x0000, 0x0000, 0x0000, 0x0000, 0x0000, 0x0000, 0x0000, 0x0000, 0x0000, 0x0000, 0x0000, 0x0000, 0x0000, 0x0000,
    0x0000, 0x0000, 0x0000, 0x0000, 0x0000, 0x0000, 0x0000, 0x0000, 0x0000, 0x0000, 0x0000, 0x0000, 0x0000, 0x0000, 0x0000, 0x0000,
    0x0000, 0x0000, 0x0000, 0x0000, 0x0000, 0x0000, 0x0000, 0x0000, 0x0000, 0x0000, 0x0000, 0x0000, 0x0000, 0x0000, 0x0000, 0x0000,
    0x0000, 0x0000, 0x0000, 0x0000, 0x0000, 0x0000, 0x0000, 0x0000, 0x0000, 0x0000, 0x0000, 0x0000, 0x0000, 0x0000, 0x0000, 0x0000,
    0x0000, 0x0000, 0x0000, 0x0000, 0x0000, 0x0000, 0x0000, 0x0000, 0x0000, 0x0000, 0x0000, 0xEE3A, 0xE65A, 0xEFFF, 0xE598, 0xDCB6,
    0xDC13, 0xD391, 0xCB91, 0xBC54, 0xAD79, 0xA65C, 0xB6BD, 0xAE7C, 0xAE7C, 0xBE3A, 0xD5F7, 0xEEB9, 0xF6D9, 0xF6B9, 0xF698, 0xF656,
    0xF635, 0xF656, 0xF697, 0xF697, 0xF5F4, 0xED10, 0xED11, 0xCB4C, 0xDBCC, 0xE48E, 0xEDD4, 0xF677, 0xF677, 0xF636, 0xF615, 0xF677,
    0xFEF9, 0xFEF9, 0xFEFA, 0xF6D9, 0xCDB6, 0xBD97, 0xC6BC, 0xBEBD, 0xA63B, 0xB67C, 0xC69C, 0xCDBA, 0xDCB6, 0xE3F3, 0xEC13, 0xEC74,
    0xECD5, 0xE536, 0xE577, 0xBE59, 0xDDD9, 0xD5F9, 0x0000, 0x0000, 0x0000, 0x0000, 0x0000, 0x0000, 0x0000, 0x0000, 0x0000, 0x0000,
    0x0000, 0x0000, 0x0000, 0x0000, 0x0000, 0x0000, 0x0000, 0x0000, 0x0000, 0x0000, 0x0000, 0x0000, 0x0000, 0x0000, 0x0000, 0x0000,
    0x0000, 0x0000, 0x0000, 0x0000, 0x0000, 0x0000, 0x0000, 0x0000, 0x0000, 0x0000, 0x0000, 0x0000, 0x0000, 0x0000, 0x0000, 0x0000,
    0x0000, 0x0000, 0x0000, 0x0000, 0x0000, 0x0000, 0x0000, 0x0000, 0x0000, 0x0000, 0x0000, 0x0000, 0x0000, 0x0000, 0x0000, 0x0000,
    0x0000, 0x0000, 0x0000, 0x0000, 0x0000, 0x0000, 0x0000, 0x0000, 0x0000, 0x0000, 0x0000, 0x0000, 0x0000, 0x0000, 0x0000, 0x0000,
    0x0000, 0x0000, 0x0000, 0x0000, 0x0000, 0x0000, 0x0000, 0x0000, 0x0000, 0x0000, 0x0000, 0x0000, 0x0000, 0x0000, 0x0000, 0x0000,
    0x0000, 0x0000, 0x0000, 0x0000, 0x0000, 0x0000, 0x0000, 0x0000, 0x0000, 0x0000, 0x0000, 0x0000, 0x0000, 0x0000, 0x0000, 0x0000,
    0x0000, 0x0000, 0x0000, 0x0000, 0x0000, 0x0000, 0x0000, 0x0000, 0x0000, 0x0000, 0x0000, 0x0000, 0x0000, 0x0000, 0x0000, 0x0000,
    0x0000, 0x0000, 0x0000, 0x0000, 0x0000, 0x0000, 0x0000, 0x0000, 0x0000, 0x0000, 0x0000, 0x0000, 0x0000, 0x0000, 0x0000, 0x0000,
    0x0000, 0x0000, 0x0000, 0x0000, 0x0000, 0x0000, 0x0000, 0x0000, 0x0000, 0x0000, 0x0000, 0x0000, 0x0000, 0x0000, 0x0000, 0x0000,
    0x0000, 0x0000, 0x0000, 0x0000, 0x0000, 0x0000, 0x0000, 0x0000, 0x0000, 0x0000, 0x0000, 0x0000, 0x0000, 0x0000, 0x0000, 0x0000,
    0x0000, 0x0000, 0x0000, 0x0000, 0x0000, 0x0000, 0x0000, 0x0000, 0x0000, 0x0000, 0xEEDC, 0xEE9B, 0xEF3D, 0xE63A, 0xE558, 0xDCB6,
    0xDCB6, 0xD517, 0xC599, 0xA5FB, 0x9E3C, 0xB69D, 0xAE7C, 0x9E5C, 0xBE7B, 0xDE17, 0xF698, 0xF6D9, 0xF6B9, 0xF698, 0xF698, 0xF635,
    0xED11, 0xED10, 0xED51, 0xF5D4, 0xF656, 0xEDB4, 0xDBCD, 0xC28A, 0xCB2B, 0xE4AF, 0xED72, 0xED51, 0xED31, 0xED52, 0xF5B4, 0xF677,
    0xFEF9, 0xFED9, 0xFEF9, 0xFEF9, 0xFED9, 0xE637, 0xC618, 0xCF1D, 0xBE9C, 0xAE3B, 0xBE9C, 0xC69C, 0xCDFB, 0xE579, 0xED38, 0xED37,
    0xED57, 0xED78, 0xEDB8, 0xE5D8, 0xCDD9, 0xDE3A, 0xEEFC, 0x0000, 0x0000, 0x0000, 0x0000, 0x0000, 0x0000, 0x0000, 0x0000, 0x0000,
    0x0000, 0x0000, 0x0000, 0x0000, 0x0000, 0x0000, 0x0000, 0x0000, 0x0000, 0x0000, 0x0000, 0x0000, 0x0000, 0x0000, 0x0000, 0x0000,
    0x0000, 0x0000, 0x0000, 0x0000, 0x0000, 0x0000, 0x0000, 0x0000, 0x0000, 0x0000, 0x0000, 0x0000, 0x0000, 0x0000, 0x0000, 0x0000,
    0x0000, 0x0000, 0x0000, 0x0000, 0x0000, 0x0000, 0x0000, 0x0000, 0x0000, 0x0000, 0x0000, 0x0000, 0x0000, 0x0000, 0x0000, 0x0000,
    0x0000, 0x0000, 0x0000, 0x0000, 0x0000, 0x0000, 0x0000, 0x0000, 0x0000, 0x0000, 0x0000, 0x0000, 0x0000, 0x0000, 0x0000, 0x0000,
    0x0000, 0x0000, 0x0000, 0x0000, 0x0000, 0x0000, 0x0000, 0x0000, 0x0000, 0x0000, 0x0000, 0x0000, 0x0000, 0x0000, 0x0000, 0x0000,
    0x0000, 0x0000, 0x0000, 0x0000, 0x0000, 0x0000, 0x0000, 0x0000, 0x0000, 0x0000, 0x0000, 0x0000, 0x0000, 0x0000, 0x0000, 0x0000,
    0x0000, 0x0000, 0x0000, 0x0000, 0x0000, 0x0000, 0x0000, 0x0000, 0x0000, 0x0000, 0x0000, 0x0000, 0x0000, 0x0000, 0x0000, 0x0000,
    0x0000, 0x0000, 0x0000, 0x0000, 0x0000, 0x0000, 0x0000, 0x0000, 0x0000, 0x0000, 0x0000, 0x0000, 0x0000, 0x0000, 0x0000, 0x0000,
    0x0000, 0x0000, 0x0000, 0x0000, 0x0000, 0x0000, 0x0000, 0x0000, 0x0000, 0x0000, 0x0000, 0x0000, 0x0000, 0x0000, 0x0000, 0x0000,
    0x0000, 0x0000, 0x0000, 0x0000, 0x0000, 0x0000, 0x0000, 0x0000, 0x0000, 0x0000, 0x0000, 0x0000, 0x0000, 0x0000, 0x0000, 0x0000,
    0x0000, 0x0000, 0x0000, 0x0000, 0x0000, 0x0000, 0x0000, 0x0000, 0x0000, 0xE67B, 0xE69B, 0xE71C, 0xEEBC, 0xEE3B, 0xE5FA, 0xE63B,
    0xE69C, 0xDEBD, 0xBE7C, 0x9E1B, 0xA63C, 0xAE7C, 0x961B, 0xA63B, 0xCE59, 0xF677, 0xF6B9, 0xF698, 0xEE98, 0xF677, 0xF677, 0xF697,
    0xF616, 0xEDB4, 0xED31, 0xECAF, 0xED31, 0xE532, 0xC2EC, 0xBA2A, 0xC2AB, 0xDC2D, 0xE48E, 0xE4F0, 0xF615, 0xF677, 0xF6B8, 0xF6B8,
    0xF698, 0xF698, 0xFEB8, 0xFED9, 0xFED9, 0xFED9, 0xDE37, 0xC69B, 0xC6FD, 0xA63B, 0x9E1A, 0xBE9C, 0xBE9D, 0xDE7C, 0xF69B, 0xF69A,
    0xF67A, 0xF69A, 0xF67A, 0xEE5A, 0xEE7A, 0xFDF8, 0xD6BB, 0xAC75, 0x0000, 0x0000, 0x0000, 0x0000, 0x0000, 0x0000, 0x0000, 0x0000,
    0x0000, 0x0000, 0x0000, 0x0000, 0x0000, 0x0000, 0x0000, 0x0000, 0x0000, 0x0000, 0x0000, 0x0000, 0x0000, 0x0000, 0x0000, 0x0000,
    0x0000, 0x0000, 0x0000, 0x0000, 0x0000, 0x0000, 0x0000, 0x0000, 0x0000, 0x0000, 0x0000, 0x0000, 0x0000, 0x0000, 0x0000, 0x0000,
    0x0000, 0x0000, 0x0000, 0x0000, 0x0000, 0x0000, 0x0000, 0x0000, 0x0000, 0x0000, 0x0000, 0x0000, 0x0000, 0x0000, 0x0000, 0x0000,
    0x0000, 0x0000, 0x0000, 0x0000, 0x0000, 0x0000, 0x0000, 0x0000, 0x0000, 0x0000, 0x0000, 0x0000, 0x0000, 0x0000, 0x0000, 0x0000,
    0x0000, 0x0000, 0x0000, 0x0000, 0x0000, 0x0000, 0x0000, 0x0000, 0x0000, 0x0000, 0x0000, 0x0000, 0x0000, 0x0000, 0x0000, 0x0000,
    0x0000, 0x0000, 0x0000, 0x0000, 0x0000, 0x0000, 0x0000, 0x0000, 0x0000, 0x0000, 0x0000, 0x0000, 0x0000, 0x0000, 0x0000, 0x0000,
    0x0000, 0x0000, 0x0000, 0x0000, 0x0000, 0x0000, 0x0000, 0x0000, 0x0000, 0x0000, 0x0000, 0x0000, 0x0000, 0x0000, 0x0000, 0x0000,
    0x0000, 0x0000, 0x0000, 0x0000, 0x0000, 0x0000, 0x0000, 0x0000, 0x0000, 0x0000, 0x0000, 0x0000, 0x0000, 0x0000, 0x0000, 0x0000,
    0x0000, 0x0000, 0x0000, 0x0000, 0x0000, 0x0000, 0x0000, 0x0000, 0x0000, 0x0000, 0x0000, 0x0000, 0x0000, 0x0000, 0x0000, 0x0000,
    0x0000, 0x0000, 0x0000, 0x0000, 0x0000, 0x0000, 0x0000, 0x0000, 0x0000, 0x0000, 0x0000, 0x0000, 0x0000, 0x0000, 0x0000, 0x0000,
    0x0000, 0x0000, 0x0000, 0x0000, 0x0000, 0x0000, 0x0000, 0x0000, 0x0000, 0xDE9B, 0xF73D, 0xEEFC, 0xF73D, 0xF73D, 0xF75E, 0xF77E,
    0xEF3E, 0xDEDD, 0xAE3B, 0x95FA, 0x9E3B, 0x961B, 0x8DDA, 0xA61B, 0xD617, 0xF677, 0xEE57, 0xEE36, 0xEDF5, 0xE5B3, 0xE5B3, 0xEDD4,
    0xEDF5, 0xF635, 0xF656, 0xED93, 0xD3CC, 0xCB2B, 0xBA6A, 0xBA4A, 0xC26B, 0xC30B, 0xCBAC, 0xE593, 0xF615, 0xEDF4, 0xED93, 0xED72,
    0xED92, 0xEDD4, 0xF635, 0xF677, 0xFEB8, 0xFED9, 0xEE77, 0xBE19, 0xBE9D, 0xA65C, 0x8DB9, 0xA63B, 0xB69C, 0xCEBD, 0xF73D, 0xFF1C,
    0xF6DA, 0xFEDA, 0xFF1B, 0xFF1B, 0xF71B, 0xE6BB, 0xEEFC, 0x0000, 0x0000, 0x0000, 0x0000, 0x0000, 0x0000, 0x0000, 0x0000, 0x0000,
    0x0000, 0x0000, 0x0000, 0x0000, 0x0000, 0x0000, 0x0000, 0x0000, 0x0000, 0x0000, 0x0000, 0x0000, 0x0000, 0x0000, 0x0000, 0x0000,
    0x0000, 0x0000, 0x0000, 0x0000, 0x0000, 0x0000, 0x0000, 0x0000, 0x0000, 0x0000, 0x0000, 0x0000, 0x0000, 0x0000, 0x0000, 0x0000,
    0x0000, 0x0000, 0x0000, 0x0000, 0x0000, 0x0000, 0x0000, 0x0000, 0x0000, 0x0000, 0x0000, 0x0000, 0x0000, 0x0000, 0x0000, 0x0000,
    0x0000, 0x0000, 0x0000, 0x0000, 0x0000, 0x0000, 0x0000, 0x0000, 0x0000, 0x0000, 0x0000, 0x0000, 0x0000, 0x0000, 0x0000, 0x0000,
    0x0000, 0x0000, 0x0000, 0x0000, 0x0000, 0x0000, 0x0000, 0x0000, 0x0000, 0x0000, 0x0000, 0x0000, 0x0000, 0x0000, 0x0000, 0x0000,
    0x0000, 0x0000, 0x0000, 0x0000, 0x0000, 0x0000, 0x0000, 0x0000, 0x0000, 0x0000, 0x0000, 0x0000, 0x0000, 0x0000, 0x0000, 0x0000,
    0x0000, 0x0000, 0x0000, 0x0000, 0x0000, 0x0000, 0x0000, 0x0000, 0x0000, 0x0000, 0x0000, 0x0000, 0x0000, 0x0000, 0x0000, 0x0000,
    0x0000, 0x0000, 0x0000, 0x0000, 0x0000, 0x0000, 0x0000, 0x0000, 0x0000, 0x0000, 0x0000, 0x0000, 0x0000, 0x0000, 0x0000, 0x0000,
    0x0000, 0x0000, 0x0000, 0x0000, 0x0000, 0x0000, 0x0000, 0x0000, 0x0000, 0x0000, 0x0000, 0x0000, 0x0000, 0x0000, 0x0000, 0x0000,
    0x0000, 0x0000, 0x0000, 0x0000, 0x0000, 0x0000, 0x0000, 0x0000, 0x0000, 0x0000, 0x0000, 0x0000, 0x0000, 0x0000, 0x0000, 0x0000,
    0x0000, 0x0000, 0x0000, 0x0000, 0x0000, 0x0000, 0x0000, 0x0000, 0xC5D8, 0xE65A, 0xDDB9, 0xF71C, 0xF77E, 0xFF7E, 0xF75D, 0xF6FD,
    0xDE7C, 0xBE1B, 0x95B9, 0x95DA, 0x9E1B, 0x8DBA, 0x8D99, 0xA5FA, 0xD5F6, 0xEDF5, 0xE5D4, 0xDD72, 0xDCF0, 0xDC8E, 0xDC4D, 0xDC4D,
    0xE46D, 0xE48E, 0xE4CF, 0xDC4F, 0xBA8A, 0xBA29, 0xBA4A, 0xBA4A, 0xBA6A, 0xBA6B, 0xBAAB, 0xD3ED, 0xD42E, 0xD3CC, 0xD3AB, 0xD3EC,
    0xDC4D, 0xDCAF, 0xE531, 0xEDD4, 0xF656, 0xF697, 0xF657, 0xBDD7, 0xAE5C, 0xA65C, 0x8599, 0x95FA, 0xAE7C, 0xBE9C, 0xE71C, 0xF6DB,
    0xF679, 0xF679, 0xF699, 0xFEDA, 0xF6BA, 0xEE39, 0xFE9A, 0xDDF8, 0x0000, 0x0000, 0x0000, 0x0000, 0x0000, 0x0000, 0x0000, 0x0000,
    0x0000, 0x0000, 0x0000, 0x0000, 0x0000, 0x0000, 0x0000, 0x0000, 0x0000, 0x0000, 0x0000, 0x0000, 0x0000, 0x0000, 0x0000, 0x0000,
    0x0000, 0x0000, 0x0000, 0x0000, 0x0000, 0x0000, 0x0000, 0x0000, 0x0000, 0x0000, 0x0000, 0x0000, 0x0000, 0x0000, 0x0000, 0x0000,
    0x0000, 0x0000, 0x0000, 0x0000, 0x0000, 0x0000, 0x0000, 0x0000, 0x0000, 0x0000, 0x0000, 0x0000, 0x0000, 0x0000, 0x0000, 0x0000,
    0x0000, 0x0000, 0x0000, 0x0000, 0x0000, 0x0000, 0x0000, 0x0000, 0x0000, 0x0000, 0x0000, 0x0000, 0x0000, 0x0000, 0x0000, 0x0000,
    0x0000, 0x0000, 0x0000, 0x0000, 0x0000, 0x0000, 0x0000, 0x0000, 0x0000, 0x0000, 0x0000, 0x0000, 0x0000, 0x0000, 0x0000, 0x0000,
    0x0000, 0x0000, 0x0000, 0x0000, 0x0000, 0x0000, 0x0000, 0x0000, 0x0000, 0x0000, 0x0000, 0x0000, 0x0000, 0x0000, 0x0000, 0x0000,
    0x0000, 0x0000, 0x0000, 0x0000, 0x0000, 0x0000, 0x0000, 0x0000, 0x0000, 0x0000, 0x0000, 0x0000, 0x0000, 0x0000, 0x0000, 0x0000,
    0x0000, 0x0000, 0x0000, 0x0000, 0x0000, 0x0000, 0x0000, 0x0000, 0x0000, 0x0000, 0x0000, 0x0000, 0x0000, 0x0000, 0x0000, 0x0000,
    0x0000, 0x0000, 0x0000, 0x0000, 0x0000, 0x0000, 0x0000, 0x0000, 0x0000, 0x0000, 0x0000, 0x0000, 0x0000, 0x0000, 0x0000, 0x0000,
    0x0000, 0x0000, 0x0000, 0x0000, 0x0000, 0x0000, 0x0000, 0x0000, 0x0000, 0x0000, 0x0000, 0x0000, 0x0000, 0x0000, 0x0000, 0x0000,
    0x0000, 0x0000, 0x0000, 0x0000, 0x0000, 0x0000, 0x0000, 0x0000, 0xCDD8, 0xEE5A, 0xEE3A, 0xF69B, 0xF6BB, 0xF69B, 0xEE7B, 0xE63A,
    0xCDD9, 0xAD98, 0x9578, 0x95B9, 0x9DFA, 0x8D78, 0x8537, 0x9DB8, 0xCD95, 0xDD52, 0xDCF0, 0xD48E, 0xD42D, 0xDBEB, 0xDB8A, 0xD329,
    0xDB29, 0xDB8A, 0xCAEA, 0xBA49, 0xB229, 0xBA29, 0xBA4A, 0xBA4A, 0xBA4A, 0xBA6A, 0xBA6A, 0xBA6A, 0xBA6A, 0xC2A9, 0xC2C8, 0xC2E9,
    0xD3CB, 0xD40C, 0xDC4D, 0xDCF0, 0xE593, 0xEE15, 0xEE15, 0xB5B7, 0xA63B, 0xA63B, 0x8558, 0x8DB9, 0xA63B, 0xB67B, 0xD65A, 0xEE39,
    0xEE39, 0xF638, 0xF618, 0xF639, 0xEDF8, 0xE5B7, 0xFCD2, 0xDDF8, 0x0000, 0x0000, 0x0000, 0x0000, 0x0000, 0x0000, 0x0000, 0x0000,
    0x0000, 0x0000, 0x0000, 0x0000, 0x0000, 0x0000, 0x0000, 0x0000, 0x0000, 0x0000, 0x0000, 0x0000, 0x0000, 0x0000, 0x0000, 0x0000,
    0x0000, 0x0000, 0x0000, 0x0000, 0x0000, 0x0000, 0x0000, 0x0000, 0x0000, 0x0000, 0x0000, 0x0000, 0x0000, 0x0000, 0x0000, 0x0000,
    0x0000, 0x0000, 0x0000, 0x0000, 0x0000, 0x0000, 0x0000, 0x0000, 0x0000, 0x0000, 0x0000, 0x0000, 0x0000, 0x0000, 0x0000, 0x0000,
    0x0000, 0x0000, 0x0000, 0x0000, 0x0000, 0x0000, 0x0000, 0x0000, 0x0000, 0x0000, 0x0000, 0x0000, 0x0000, 0x0000, 0x0000, 0x0000,
    0x0000, 0x0000, 0x0000, 0x0000, 0x0000, 0x0000, 0x0000, 0x0000, 0x0000, 0x0000, 0x0000, 0x0000, 0x0000, 0x0000, 0x0000, 0x0000,
    0x0000, 0x0000, 0x0000, 0x0000, 0x0000, 0x0000, 0x0000, 0x0000, 0x0000, 0x0000, 0x0000, 0x0000, 0x0000, 0x0000, 0x0000, 0x0000,
    0x0000, 0x0000, 0x0000, 0x0000, 0x0000, 0x0000, 0x0000, 0x0000, 0x0000, 0x0000, 0x0000, 0x0000, 0x0000, 0x0000, 0x0000, 0x0000,
    0x0000, 0x0000, 0x0000, 0x0000, 0x0000, 0x0000, 0x0000, 0x0000, 0x0000, 0x0000, 0x0000, 0x0000, 0x0000, 0x0000, 0x0000, 0x0000,
    0x0000, 0x0000, 0x0000, 0x0000, 0x0000, 0x0000, 0x0000, 0x0000, 0x0000, 0x0000, 0x0000, 0x0000, 0x0000, 0x0000, 0x0000, 0x0000,
    0x0000, 0x0000, 0x0000, 0x0000, 0x0000, 0x0000, 0x0000, 0x0000, 0x0000, 0x0000, 0x0000, 0x0000, 0x0000, 0x0000, 0x0000, 0x0000,
    0x0000, 0x0000, 0x0000, 0x0000, 0x0000, 0x0000, 0x0000, 0x0000, 0xC5B8, 0xEDF9, 0xE5F9, 0xEE19, 0xEDD8, 0xE5B8, 0xDD97, 0xD577,
    0xBD57, 0xA557, 0x9557, 0x9578, 0x9DD9, 0x8517, 0x84D6, 0x9557, 0xBD55, 0xD4AF, 0xD46E, 0xD40C, 0xD3CB, 0xD36A, 0xCAE9, 0xCAE8,
    0xD309, 0xDB8A, 0xDB8B, 0xC2AA, 0xBA6A, 0xBA29, 0xBA2A, 0xBA4A, 0xBA6A, 0xBA6A, 0xBA6A, 0xBA6A, 0xBAAA, 0xC2E9, 0xC2E9, 0xBAA8,
    0xC309, 0xD3CB, 0xD3EC, 0xD42D, 0xDCAF, 0xE552, 0xDD73, 0xAD76, 0xA5FA, 0x9DD9, 0x7D17, 0x8D78, 0xA61A, 0xB63A, 0xCE1A, 0xE5F8,
    0xEDF8, 0xEDD7, 0xEDB7, 0xF5B7, 0xED76, 0xE576, 0xF9A4, 0xDDB7, 0x0000, 0x0000, 0x0000, 0x0000, 0x0000, 0x0000, 0x0000, 0x0000,
    0x0000, 0x0000, 0x0000, 0x0000, 0x0000, 0x0000, 0x0000, 0x0000, 0x0000, 0x0000, 0x0000, 0x0000, 0x0000, 0x0000, 0x0000, 0x0000,
    0x0000, 0x0000, 0x0000, 0x0000, 0x0000, 0x0000, 0x0000, 0x0000, 0x0000, 0x0000, 0x0000, 0x0000, 0x0000, 0x0000, 0x0000, 0x0000,
    0x0000, 0x0000, 0x0000, 0x0000, 0x0000, 0x0000, 0x0000, 0x0000, 0x0000, 0x0000, 0x0000, 0x0000, 0x0000, 0x0000, 0x0000, 0x0000,
    0x0000, 0x0000, 0x0000, 0x0000, 0x0000, 0x0000, 0x0000, 0x0000, 0x0000, 0x0000, 0x0000, 0x0000, 0x0000, 0x0000, 0x0000, 0x0000,
    0x0000, 0x0000, 0x0000, 0x0000, 0x0000, 0x0000, 0x0000, 0x0000, 0x0000, 0x0000, 0x0000, 0x0000, 0x0000, 0x0000, 0x0000, 0x0000,
    0x0000, 0x0000, 0x0000, 0x0000, 0x0000, 0x0000, 0x0000, 0x0000, 0x0000, 0x0000, 0x0000, 0x0000, 0x0000, 0x0000, 0x0000, 0x0000,
    0x0000, 0x0000, 0x0000, 0x0000, 0x0000, 0x0000, 0x0000, 0x0000, 0x0000, 0x0000, 0x0000, 0x0000, 0x0000, 0x0000, 0x0000, 0x0000,
    0x0000, 0x0000, 0x0000, 0x0000, 0x0000, 0x0000, 0x0000, 0x0000, 0x0000, 0x0000, 0x0000, 0x0000, 0x0000, 0x0000, 0x0000, 0x0000,
    0x0000, 0x0000, 0x0000, 0x0000, 0x0000, 0x0000, 0x0000, 0x0000, 0x0000, 0x0000, 0x0000, 0x0000, 0x0000, 0x0000, 0x0000, 0x0000,
    0x0000, 0x0000, 0x0000, 0x0000, 0x0000, 0x0000, 0x0000, 0x0000, 0x0000, 0x0000, 0x0000, 0x0000, 0x0000, 0x0000, 0x0000, 0x0000,
    0x0000, 0x0000, 0x0000, 0x0000, 0x0000, 0x0000, 0x0000, 0x0000, 0xBDB8, 0xE516, 0xDD36, 0xE536, 0xE515, 0xDCF5, 0xDCF5, 0xCD16,
    0xBD36, 0xAD37, 0x9537, 0x9557, 0x9DB8, 0x84D6, 0x7C74, 0x8CF6, 0xA515, 0xC42E, 0xD40C, 0xD3EC, 0xD38B, 0xCB09, 0xCAE8, 0xD309,
    0xD329, 0xD34A, 0xDB8B, 0xDBAB, 0xD38B, 0xCB8C, 0xC2EB, 0xBA6A, 0xBA8A, 0xC2CA, 0xC30A, 0xC32B, 0xCB4A, 0xCB4A, 0xC32A, 0xC2E9,
    0xC2E9, 0xCB6A, 0xD3CB, 0xD3EC, 0xD42D, 0xD48E, 0xC4B0, 0x9D36, 0x9D98, 0x8D37, 0x74B6, 0x8D78, 0xA5F9, 0xAE1A, 0xC5F9, 0xDDD8,
    0xE5B7, 0xE576, 0xED76, 0xED56, 0xE515, 0xDD15, 0xEC72, 0xD577, 0x0000, 0x0000, 0x0000, 0x0000, 0x0000, 0x0000, 0x0000, 0x0000,
    0x0000, 0x0000, 0x0000, 0x0000, 0x0000, 0x0000, 0x0000, 0x0000, 0x0000, 0x0000, 0x0000, 0x0000, 0x0000, 0x0000, 0x0000, 0x0000,
    0x0000, 0x0000, 0x0000, 0x0000, 0x0000, 0x0000, 0x0000, 0x0000, 0x0000, 0x0000, 0x0000, 0x0000, 0x0000, 0x0000, 0x0000, 0x0000,
    0x0000, 0x0000, 0x0000, 0x0000, 0x0000, 0x0000, 0x0000, 0x0000, 0x0000, 0x0000, 0x0000, 0x0000, 0x0000, 0x0000, 0x0000, 0x0000,
    0x0000, 0x0000, 0x0000, 0x0000, 0x0000, 0x0000, 0x0000, 0x0000, 0x0000, 0x0000, 0x0000, 0x0000, 0x0000, 0x0000, 0x0000, 0x0000,
    0x0000, 0x0000, 0x0000, 0x0000, 0x0000, 0x0000, 0x0000, 0x0000, 0x0000, 0x0000, 0x0000, 0x0000, 0x0000, 0x0000, 0x0000, 0x0000,
    0x0000, 0x0000, 0x0000, 0x0000, 0x0000, 0x0000, 0x0000, 0x0000, 0x0000, 0x0000, 0x0000, 0x0000, 0x0000, 0x0000, 0x0000, 0x0000,
    0x0000, 0x0000, 0x0000, 0x0000, 0x0000, 0x0000, 0x0000, 0x0000, 0x0000, 0x0000, 0x0000, 0x0000, 0x0000, 0x0000, 0x0000, 0x0000,
    0x0000, 0x0000, 0x0000, 0x0000, 0x0000, 0x0000, 0x0000, 0x0000, 0x0000, 0x0000, 0x0000, 0x0000, 0x0000, 0x0000, 0x0000, 0x0000,
    0x0000, 0x0000, 0x0000, 0x0000, 0x0000, 0x0000, 0x0000, 0x0000, 0x0000, 0x0000, 0x0000, 0x0000, 0x0000, 0x0000, 0x0000, 0x0000,
    0x0000, 0x0000, 0x0000, 0x0000, 0x0000, 0x0000, 0x0000, 0x0000, 0x0000, 0x0000, 0x0000, 0x0000, 0x0000, 0x0000, 0x0000, 0x0000,
    0x0000, 0x0000, 0x0000, 0x0000, 0x0000, 0x0000, 0x0000, 0x0000, 0xBDB8, 0xD494, 0xD494, 0xD473, 0xDC73, 0xDC93, 0xD4B4, 0xCCD5,
    0xC516, 0xAD36, 0x9D16, 0x9516, 0x9D77, 0x84B5, 0x73F2, 0x8CB4, 0x94F5, 0xA40F, 0xC38B, 0xD38B, 0xD36A, 0xD34A, 0xD34A, 0xD36A,
    0xD36A, 0xD36A, 0xD36A, 0xD38B, 0xDC2D, 0xE510, 0xDC8F, 0xC2CB, 0xCB0A, 0xD3AB, 0xD3EC, 0xD3EC, 0xD3CB, 0xCBAB, 0xCB8B, 0xCB6B,
    0xCB4A, 0xCB6A, 0xD3AB, 0xD3CC, 0xD3EC, 0xC3EC, 0x9C51, 0x8CF6, 0x8CF6, 0x7C54, 0x7C95, 0x8D57, 0xA5B9, 0xADD9, 0xC5B8, 0xDD97,
    0xDD56, 0xE535, 0xE514, 0xE4D4, 0xDCB3, 0xD4F4, 0xD4B4, 0xC597, 0x0000, 0x0000, 0x0000, 0x0000, 0x0000, 0x0000, 0x0000, 0x0000,
    0x0000, 0x0000, 0x0000, 0x0000, 0x0000, 0x0000, 0x0000, 0x0000, 0x0000, 0x0000, 0x0000, 0x0000, 0x0000, 0x0000, 0x0000, 0x0000,
    0x0000, 0x0000, 0x0000, 0x0000, 0x0000, 0x0000, 0x0000, 0x0000, 0x0000, 0x0000, 0x0000, 0x0000, 0x0000, 0x0000, 0x0000, 0x0000,
    0x0000, 0x0000, 0x0000, 0x0000, 0x0000, 0x0000, 0x0000, 0x0000, 0x0000, 0x0000, 0x0000, 0x0000, 0x0000, 0x0000, 0x0000, 0x0000,
    0x0000, 0x0000, 0x0000, 0x0000, 0x0000, 0x0000, 0x0000, 0x0000, 0x0000, 0x0000, 0x0000, 0x0000, 0x0000, 0x0000, 0x0000, 0x0000,
    0x0000, 0x0000, 0x0000, 0x0000, 0x0000, 0x0000, 0x0000, 0x0000, 0x0000, 0x0000, 0x0000, 0x0000, 0x0000, 0x0000, 0x0000, 0x0000,
    0x0000, 0x0000, 0x0000, 0x0000, 0x0000, 0x0000, 0x0000, 0x0000, 0x0000, 0x0000, 0x0000, 0x0000, 0x0000, 0x0000, 0x0000, 0x0000,
    0x0000, 0x0000, 0x0000, 0x0000, 0x0000, 0x0000, 0x0000, 0x0000, 0x0000, 0x0000, 0x0000, 0x0000, 0x0000, 0x0000, 0x0000, 0x0000,
    0x0000, 0x0000, 0x0000, 0x0000, 0x0000, 0x0000, 0x0000, 0x0000, 0x0000, 0x0000, 0x0000, 0x0000, 0x0000, 0x0000, 0x0000, 0x0000,
    0x0000, 0x0000, 0x0000, 0x0000, 0x0000, 0x0000, 0x0000, 0x0000, 0x0000, 0x0000, 0x0000, 0x0000, 0x0000, 0x0000, 0x0000, 0x0000,
    0x0000, 0x0000, 0x0000, 0x0000, 0x0000, 0x0000, 0x0000, 0x0000, 0x0000, 0x0000, 0x0000, 0x0000, 0x0000, 0x0000, 0x0000, 0x0000,
    0x0000, 0x0000, 0x0000, 0x0000, 0x0000, 0x0000, 0x0000, 0x0000, 0x0000, 0xD4D5, 0xCD78, 0xD473, 0xD453, 0xD473, 0xD493, 0xD4B4,
    0xC4F5, 0xB516, 0xA516, 0x94F6, 0x9536, 0x8CD5, 0x6B91, 0x7C12, 0x94B4, 0x9473, 0x9B6D, 0xA2E9, 0xAB0A, 0xBB4B, 0xC309, 0xC2E9,
    0xC309, 0xCB2A, 0xCB6B, 0xD3AC, 0xDC0D, 0xE48E, 0xDC0D, 0xC30C, 0xCB8C, 0xDC2C, 0xD42D, 0xD3EC, 0xCBAC, 0xCB8C, 0xCB8C, 0xCB6B,
    0xC34B, 0xB34B, 0xAB2A, 0xAB2A, 0xAB4B, 0x938E, 0x8C73, 0x8CD5, 0x7C53, 0x6BF2, 0x7CB5, 0x9557, 0x9D78, 0xAD97, 0xCD77, 0xD556,
    0xDD15, 0xDCF4, 0xDCB3, 0xD493, 0xD4B3, 0xC556, 0xCCF5, 0xCD97, 0x0000, 0x0000, 0x0000, 0x0000, 0x0000, 0x0000, 0x0000, 0x0000,
    0x0000, 0x0000, 0x0000, 0x0000, 0x0000, 0x0000, 0x0000, 0x0000, 0x0000, 0x0000, 0x0000, 0x0000, 0x0000, 0x0000, 0x0000, 0x0000,
    0x0000, 0x0000, 0x0000, 0x0000, 0x0000, 0x0000, 0x0000, 0x0000, 0x0000, 0x0000, 0x0000, 0x0000, 0x0000, 0x0000, 0x0000, 0x0000,
    0x0000, 0x0000, 0x0000, 0x0000, 0x0000, 0x0000, 0x0000, 0x0000, 0x0000, 0x0000, 0x0000, 0x0000, 0x0000, 0x0000, 0x0000, 0x0000,
    0x0000, 0x0000, 0x0000, 0x0000, 0x0000, 0x0000, 0x0000, 0x0000, 0x0000, 0x0000, 0x0000, 0x0000, 0x0000, 0x0000, 0x0000, 0x0000,
    0x0000, 0x0000, 0x0000, 0x0000, 0x0000, 0x0000, 0x0000, 0x0000, 0x0000, 0x0000, 0x0000, 0x0000, 0x0000, 0x0000, 0x0000, 0x0000,
    0x0000, 0x0000, 0x0000, 0x0000, 0x0000, 0x0000, 0x0000, 0x0000, 0x0000, 0x0000, 0x0000, 0x0000, 0x0000, 0x0000, 0x0000, 0x0000,
    0x0000, 0x0000, 0x0000, 0x0000, 0x0000, 0x0000, 0x0000, 0x0000, 0x0000, 0x0000, 0x0000, 0x0000, 0x0000, 0x0000, 0x0000, 0x0000,
    0x0000, 0x0000, 0x0000, 0x0000, 0x0000, 0x0000, 0x0000, 0x0000, 0x0000, 0x0000, 0x0000, 0x0000, 0x0000, 0x0000, 0x0000, 0x0000,
    0x0000, 0x0000, 0x0000, 0x0000, 0x0000, 0x0000, 0x0000, 0x0000, 0x0000, 0x0000, 0x0000, 0x0000, 0x0000, 0x0000, 0x0000, 0x0000,
    0x0000, 0x0000, 0x0000, 0x0000, 0x0000, 0x0000, 0x0000, 0x0000, 0x0000, 0x0000, 0x0000, 0x0000, 0x0000, 0x0000, 0x0000, 0x0000,
    0x0000, 0x0000, 0x0000, 0x0000, 0x0000, 0x0000, 0x0000, 0x0000, 0x0000, 0xD77E, 0xCC12, 0xD4B4, 0xD473, 0xD452, 0xD473, 0xD4B4,
    0xCCD5, 0xBD16, 0xAD16, 0x9CF5, 0x94F6, 0x8CD5, 0x73F2, 0x6B50, 0x8412, 0x9494, 0x8C52, 0x7B8F, 0x7B0C, 0x9A8A, 0xAA28, 0xAA28,
    0xB228, 0xB269, 0xBACB, 0xC34D, 0xCB8D, 0xD38D, 0xCB4D, 0xC32D, 0xCB4D, 0xCB8D, 0xCB8D, 0xCB4D, 0xCB4D, 0xC34D, 0xC32C, 0xC2EB,
    0xBA8A, 0xA2AB, 0x7AEC, 0x730D, 0x736F, 0x8433, 0x8C94, 0x8412, 0x7391, 0x7413, 0x8CD5, 0x9537, 0x9D57, 0xB557, 0xCD56, 0xD535,
    0xD4F4, 0xD4D3, 0xD493, 0xCC93, 0xCCD4, 0xCCD4, 0xD493, 0x0000, 0x0000, 0x0000, 0x0000, 0x0000, 0x0000, 0x0000, 0x0000, 0x0000,
    0x0000, 0x0000, 0x0000, 0x0000, 0x0000, 0x0000, 0x0000, 0x0000, 0x0000, 0x0000, 0x0000, 0x0000, 0x0000, 0x0000, 0x0000, 0x0000,
    0x0000, 0x0000, 0x0000, 0x0000, 0x0000, 0x0000, 0x0000, 0x0000, 0x0000, 0x0000, 0x0000, 0x0000, 0x0000, 0x0000, 0x0000, 0x0000,
    0x0000, 0x0000, 0x0000, 0x0000, 0x0000, 0x0000, 0x0000, 0x0000, 0x0000, 0x0000, 0x0000, 0x0000, 0x0000, 0x0000, 0x0000, 0x0000,
    0x0000, 0x0000, 0x0000, 0x0000, 0x0000, 0x0000, 0x0000, 0x0000, 0x0000, 0x0000, 0x0000, 0x0000, 0x0000, 0x0000, 0x0000, 0x0000,
    0x0000, 0x0000, 0x0000, 0x0000, 0x0000, 0x0000, 0x0000, 0x0000, 0x0000, 0x0000, 0x0000, 0x0000, 0x0000, 0x0000, 0x0000, 0x0000,
    0x0000, 0x0000, 0x0000, 0x0000, 0x0000, 0x0000, 0x0000, 0x0000, 0x0000, 0x0000, 0x0000, 0x0000, 0x0000, 0x0000, 0x0000, 0x0000,
    0x0000, 0x0000, 0x0000, 0x0000, 0x0000, 0x0000, 0x0000, 0x0000, 0x0000, 0x0000, 0x0000, 0x0000, 0x0000, 0x0000, 0x0000, 0x0000,
    0x0000, 0x0000, 0x0000, 0x0000, 0x0000, 0x0000, 0x0000, 0x0000, 0x0000, 0x0000, 0x0000, 0x0000, 0x0000, 0x0000, 0x0000, 0x0000,
    0x0000, 0x0000, 0x0000, 0x0000, 0x0000, 0x0000, 0x0000, 0x0000, 0x0000, 0x0000, 0x0000, 0x0000, 0x0000, 0x0000, 0x0000, 0x0000,
    0x0000, 0x0000, 0x0000, 0x0000, 0x0000, 0x0000, 0x0000, 0x0000, 0x0000, 0x0000, 0x0000, 0x0000, 0x0000, 0x0000, 0x0000, 0x0000,
    0x0000, 0x0000, 0x0000, 0x0000, 0x0000, 0x0000, 0x0000, 0x0000, 0x0000, 0xD71D, 0xCD77, 0xC557, 0xD494, 0xD473, 0xD473, 0xD494,
    0xCCD5, 0xC4F6, 0xB516, 0xA516, 0x9CF5, 0x94D5, 0x8C94, 0x73D1, 0x632F, 0x6B4F, 0x7BB0, 0x938F, 0xAAAB, 0xB249, 0xB249, 0xB269,
    0xB269, 0xB28A, 0xBAAB, 0xBACC, 0xC30D, 0xC34E, 0xCB8F, 0xC36E, 0xC34E, 0xC32E, 0xC34E, 0xCB6E, 0xCB4E, 0xC30D, 0xC2EC, 0xBAAB,
    0xBAAA, 0xB28A, 0xAAAB, 0x8B6F, 0x83F1, 0x7BD1, 0x7370, 0x6B4F, 0x73D1, 0x8494, 0x94F6, 0x9D36, 0xAD36, 0xC556, 0xD556, 0xD535,
    0xD4F4, 0xD4D4, 0xCCB4, 0xCCD4, 0xF967, 0x07FF, 0x0000, 0x0000, 0x0000, 0x0000, 0x0000, 0x0000, 0x0000, 0x0000, 0x0000, 0x0000,
    0x0000, 0x0000, 0x0000, 0x0000, 0x0000, 0x0000, 0x0000, 0x0000, 0x0000, 0x0000, 0x0000, 0x0000, 0x0000, 0x0000, 0x0000, 0x0000,
    0x0000, 0x0000, 0x0000, 0x0000, 0x0000, 0x0000, 0x0000, 0x0000, 0x0000, 0x0000, 0x0000, 0x0000, 0x0000, 0x0000, 0x0000, 0x0000,
    0x0000, 0x0000, 0x0000, 0x0000, 0x0000, 0x0000, 0x0000, 0x0000, 0x0000, 0x0000, 0x0000, 0x0000, 0x0000, 0x0000, 0x0000, 0x0000,
    0x0000, 0x0000, 0x0000, 0x0000, 0x0000, 0x0000, 0x0000, 0x0000, 0x0000, 0x0000, 0x0000, 0x0000, 0x0000, 0x0000, 0x0000, 0x0000,
    0x0000, 0x0000, 0x0000, 0x0000, 0x0000, 0x0000, 0x0000, 0x0000, 0x0000, 0x0000, 0x0000, 0x0000, 0x0000, 0x0000, 0x0000, 0x0000,
    0x0000, 0x0000, 0x0000, 0x0000, 0x0000, 0x0000, 0x0000, 0x0000, 0x0000, 0x0000, 0x0000, 0x0000, 0x0000, 0x0000, 0x0000, 0x0000,
    0x0000, 0x0000, 0x0000, 0x0000, 0x0000, 0x0000, 0x0000, 0x0000, 0x0000, 0x0000, 0x0000, 0x0000, 0x0000, 0x0000, 0x0000, 0x0000,
    0x0000, 0x0000, 0x0000, 0x0000, 0x0000, 0x0000, 0x0000, 0x0000, 0x0000, 0x0000, 0x0000, 0x0000, 0x0000, 0x0000, 0x0000, 0x0000,
    0x0000, 0x0000, 0x0000, 0x0000, 0x0000, 0x0000, 0x0000, 0x0000, 0x0000, 0x0000, 0x0000, 0x0000, 0x0000, 0x0000, 0x0000, 0x0000,
    0x0000, 0x0000, 0x0000, 0x0000, 0x0000, 0x0000, 0x0000, 0x0000, 0x0000, 0x0000, 0x0000, 0x0000, 0x0000, 0x0000, 0x0000, 0x0000,
    0x0000, 0x0000, 0x0000, 0x0000, 0x0000, 0x0000, 0x0000, 0x0000, 0x0000, 0x0000, 0xCCF6, 0xCCF5, 0xCD16, 0xD4D5, 0xD4D5, 0xD4F5,
    0xD4F5, 0xCD16, 0xC516, 0xB536, 0xAD16, 0x9CF5, 0x94B4, 0x8C94, 0x7C12, 0x7390, 0x7B4E, 0xA2AB, 0xB249, 0xB269, 0xB289, 0xBA8A,
    0xBAAA, 0xBACB, 0xBAEB, 0xBAEC, 0xC30C, 0xC32D, 0xC36E, 0xCB8F, 0xCBAF, 0xCBB0, 0xC38F, 0xC34E, 0xC32D, 0xC30C, 0xC2EC, 0xBAEB,
    0xBACB, 0xBAAA, 0xBA8A, 0xA2AB, 0x836F, 0x7370, 0x7390, 0x7BF2, 0x8C74, 0x94F5, 0x9D16, 0xAD36, 0xC557, 0xD577, 0xDD76, 0xDD56,
    0xDD35, 0xD515, 0xCCF5, 0xEB4E, 0xC556, 0xC597, 0x0000, 0x0000, 0x0000, 0x0000, 0x0000, 0x0000, 0x0000, 0x0000, 0x0000, 0x0000,
    0x0000, 0x0000, 0x0000, 0x0000, 0x0000, 0x0000, 0x0000, 0x0000, 0x0000, 0x0000, 0x0000, 0x0000, 0x0000, 0x0000, 0x0000, 0x0000,
    0x0000, 0x0000, 0x0000, 0x0000, 0x0000, 0x0000, 0x0000, 0x0000, 0x0000, 0x0000, 0x0000, 0x0000, 0x0000, 0x0000, 0x0000, 0x0000,
    0x0000, 0x0000, 0x0000, 0x0000, 0x0000, 0x0000, 0x0000, 0x0000, 0x0000, 0x0000, 0x0000, 0x0000, 0x0000, 0x0000, 0x0000, 0x0000,
    0x0000, 0x0000, 0x0000, 0x0000, 0x0000, 0x0000, 0x0000, 0x0000, 0x0000, 0x0000, 0x0000, 0x0000, 0x0000, 0x0000, 0x0000, 0x0000,
    0x0000, 0x0000, 0x0000, 0x0000, 0x0000, 0x0000, 0x0000, 0x0000, 0x0000, 0x0000, 0x0000, 0x0000, 0x0000, 0x0000, 0x0000, 0x0000,
    0x0000, 0x0000, 0x0000, 0x0000, 0x0000, 0x0000, 0x0000, 0x0000, 0x0000, 0x0000, 0x0000, 0x0000, 0x0000, 0x0000, 0x0000, 0x0000,
    0x0000, 0x0000, 0x0000, 0x0000, 0x0000, 0x0000, 0x0000, 0x0000, 0x0000, 0x0000, 0x0000, 0x0000, 0x0000, 0x0000, 0x0000, 0x0000,
    0x0000, 0x0000, 0x0000, 0x0000, 0x0000, 0x0000, 0x0000, 0x0000, 0x0000, 0x0000, 0x0000, 0x0000, 0x0000, 0x0000, 0x0000, 0x0000,
    0x0000, 0x0000, 0x0000, 0x0000, 0x0000, 0x0000, 0x0000, 0x0000, 0x0000, 0x0000, 0x0000, 0x0000, 0x0000, 0x0000, 0x0000, 0x0000,
    0x0000, 0x0000, 0x0000, 0x0000, 0x0000, 0x0000, 0x0000, 0x0000, 0x0000, 0x0000, 0x0000, 0x0000, 0x0000, 0x0000, 0x0000, 0x0000,
    0x0000, 0x0000, 0x0000, 0x0000, 0x0000, 0x0000, 0x0000, 0x0000, 0x0000, 0x0000, 0x0000, 0xE32D, 0xD557, 0xD598, 0xDD98, 0xDD78,
    0xDD57, 0xDD37, 0xD537, 0xCD37, 0xBD36, 0xB516, 0xA4F5, 0x9CB4, 0x9494, 0x9C11, 0xAB0D, 0xBA6A, 0xBA8A, 0xBA8A, 0xBAAA, 0xBAAA,
    0xBACB, 0xBAEB, 0xBB0C, 0xBB2D, 0xC34D, 0xC34E, 0xC36E, 0xC36F, 0xC38F, 0xC38F, 0xC36E, 0xC34E, 0xC32D, 0xC32D, 0xC30D, 0xC30C,
    0xC2EB, 0xBAEB, 0xBACB, 0xBAAA, 0xAAEC, 0x93D0, 0x8C53, 0x8CB4, 0x9CD5, 0xA515, 0xB516, 0xCD57, 0xDD77, 0xE577, 0xE577, 0xDD77,
    0xD577, 0xCD77, 0xDCB4, 0xC576, 0xCCB4, 0x0000, 0x0000, 0x0000, 0x0000, 0x0000, 0x0000, 0x0000, 0x0000, 0x0000, 0x0000, 0x0000,
    0x0000, 0x0000, 0x0000, 0x0000, 0x0000, 0x0000, 0x0000, 0x0000, 0x0000, 0x0000, 0x0000, 0x0000, 0x0000, 0x0000, 0x0000, 0x0000,
    0x0000, 0x0000, 0x0000, 0x0000, 0x0000, 0x0000, 0x0000, 0x0000, 0x0000, 0x0000, 0x0000, 0x0000, 0x0000, 0x0000, 0x0000, 0x0000,
    0x0000, 0x0000, 0x0000, 0x0000, 0x0000, 0x0000, 0x0000, 0x0000, 0x0000, 0x0000, 0x0000, 0x0000, 0x0000, 0x0000, 0x0000, 0x0000,
    0x0000, 0x0000, 0x0000, 0x0000, 0x0000, 0x0000, 0x0000, 0x0000, 0x0000, 0x0000, 0x0000, 0x0000, 0x0000, 0x0000, 0x0000, 0x0000,
    0x0000, 0x0000, 0x0000, 0x0000, 0x0000, 0x0000, 0x0000, 0x0000, 0x0000, 0x0000, 0x0000, 0x0000, 0x0000, 0x0000, 0x0000, 0x0000,
    0x0000, 0x0000, 0x0000, 0x0000, 0x0000, 0x0000, 0x0000, 0x0000, 0x0000, 0x0000, 0x0000, 0x0000, 0x0000, 0x0000, 0x0000, 0x0000,
    0x0000, 0x0000, 0x0000, 0x0000, 0x0000, 0x0000, 0x0000, 0x0000, 0x0000, 0x0000, 0x0000, 0x0000, 0x0000, 0x0000, 0x0000, 0x0000,
    0x0000, 0x0000, 0x0000, 0x0000, 0x0000, 0x0000, 0x0000, 0x0000, 0x0000, 0x0000, 0x0000, 0x0000, 0x0000, 0x0000, 0x0000, 0x0000,
    0x0000, 0x0000, 0x0000, 0x0000, 0x0000, 0x0000, 0x0000, 0x0000, 0x0000, 0x0000, 0x0000, 0x0000, 0x0000, 0x0000, 0x0000, 0x0000,
    0x0000, 0x0000, 0x0000, 0x0000, 0x0000, 0x0000, 0x0000, 0x0000, 0x0000, 0x0000, 0x0000, 0x0000, 0x0000, 0x0000, 0x0000, 0x0000,
    0x0000, 0x0000, 0x0000, 0x0000, 0x0000, 0x0000, 0x0000, 0x0000, 0x0000, 0x0000, 0x0000, 0x0000, 0xD598, 0xD5B8, 0xEAD0, 0xDE1A,
    0xDDD9, 0xDD57, 0xDCF6, 0xD4F6, 0xD4F6, 0xCCF6, 0xBCB5, 0xB473, 0xB3D0, 0xBAEC, 0xBA8A, 0xBA8A, 0xBAAA, 0xBAAB, 0xBACB, 0xBACB,
    0xBAEB, 0xBB0C, 0xBB2C, 0xC34D, 0xC36E, 0xC38F, 0xC38F, 0xC38F, 0xC38F, 0xC38F, 0xC36F, 0xC36E, 0xC34E, 0xC34D, 0xC34D, 0xC32D,
    0xC32C, 0xC30C, 0xC30B, 0xC2EB, 0xBAEB, 0xBB0C, 0xB38F, 0xB431, 0xBC93, 0xC4D5, 0xDD16, 0xE577, 0xE577, 0xE557, 0xE557, 0xDDB8,
    0xFB92, 0xCD77, 0xDCD4, 0x9FFF, 0x0000, 0x0000, 0x0000, 0x0000, 0x0000, 0x0000, 0x0000, 0x0000, 0x0000, 0x0000, 0x0000, 0x0000,
    0x0000, 0x0000, 0x0000, 0x0000, 0x0000, 0x0000, 0x0000, 0x0000, 0x0000, 0x0000, 0x0000, 0x0000, 0x0000, 0x0000, 0x0000, 0x0000,
    0x0000, 0x0000, 0x0000, 0x0000, 0x0000, 0x0000, 0x0000, 0x0000, 0x0000, 0x0000, 0x0000, 0x0000, 0x0000, 0x0000, 0x0000, 0x0000,
    0x0000, 0x0000, 0x0000, 0x0000, 0x0000, 0x0000, 0x0000, 0x0000, 0x0000, 0x0000, 0x0000, 0x0000, 0x0000, 0x0000, 0x0000, 0x0000,
    0x0000, 0x0000, 0x0000, 0x0000, 0x0000, 0x0000, 0x0000, 0x0000, 0x0000, 0x0000, 0x0000, 0x0000, 0x0000, 0x0000, 0x0000, 0x0000,
    0x0000, 0x0000, 0x0000, 0x0000, 0x0000, 0x0000, 0x0000, 0x0000, 0x0000, 0x0000, 0x0000, 0x0000, 0x0000, 0x0000, 0x0000, 0x0000,
    0x0000, 0x0000, 0x0000, 0x0000, 0x0000, 0x0000, 0x0000, 0x0000, 0x0000, 0x0000, 0x0000, 0x0000, 0x0000, 0x0000, 0x0000, 0x0000,
    0x0000, 0x0000, 0x0000, 0x0000, 0x0000, 0x0000, 0x0000, 0x0000, 0x0000, 0x0000, 0x0000, 0x0000, 0x0000, 0x0000, 0x0000, 0x0000,
    0x0000, 0x0000, 0x0000, 0x0000, 0x0000, 0x0000, 0x0000, 0x0000, 0x0000, 0x0000, 0x0000, 0x0000, 0x0000, 0x0000, 0x0000, 0x0000,
    0x0000, 0x0000, 0x0000, 0x0000, 0x0000, 0x0000, 0x0000, 0x0000, 0x0000, 0x0000, 0x0000, 0x0000, 0x0000, 0x0000, 0x0000, 0x0000,
    0x0000, 0x0000, 0x0000, 0x0000, 0x0000, 0x0000, 0x0000, 0x0000, 0x0000, 0x0000, 0x0000, 0x0000, 0x0000, 0x0000, 0x0000, 0x0000,
    0x0000, 0x0000, 0x0000, 0x0000, 0x0000, 0x0000, 0x0000, 0x0000, 0x0000, 0x0000, 0x0000, 0x0000, 0x0000, 0xD619, 0xDDF9, 0xBE38,
    0xE5D9, 0xE598, 0xDC73, 0xD3F1, 0xD3D1, 0xD3D0, 0xCB8F, 0xCB4E, 0xCB0D, 0xC2CB, 0xBAAB, 0xBACB, 0xBACB, 0xBAEB, 0xBAEC, 0xBB0C,
    0xBB2C, 0xBB4D, 0xC34D, 0xC36E, 0xC38F, 0xC3AF, 0xC3B0, 0xC3D0, 0xC3B0, 0xC3B0, 0xC38F, 0xC38F, 0xC36E, 0xC36E, 0xC36E, 0xC34D,
    0xC34D, 0xC32C, 0xC32C, 0xC32C, 0xC30C, 0xC30C, 0xCB0C, 0xCB4D, 0xD38E, 0xE431, 0xED14, 0xECF4, 0xECF4, 0xED97, 0xF5D8, 0xEDF8,
    0xDDB8, 0xFE5B, 0xFE9C, 0x0000, 0x0000, 0x0000, 0x0000, 0x0000, 0x0000, 0x0000, 0x0000, 0x0000, 0x0000, 0x0000, 0x0000, 0x0000,
    0x0000, 0x0000, 0x0000, 0x0000, 0x0000, 0x0000, 0x0000, 0x0000, 0x0000, 0x0000, 0x0000, 0x0000, 0x0000, 0x0000, 0x0000, 0x0000,
    0x0000, 0x0000, 0x0000, 0x0000, 0x0000, 0x0000, 0x0000, 0x0000, 0x0000, 0x0000, 0x0000, 0x0000, 0x0000, 0x0000, 0x0000, 0x0000,
    0x0000, 0x0000, 0x0000, 0x0000, 0x0000, 0x0000, 0x0000, 0x0000, 0x0000, 0x0000, 0x0000, 0x0000, 0x0000, 0x0000, 0x0000, 0x0000,
    0x0000, 0x0000, 0x0000, 0x0000, 0x0000, 0x0000, 0x0000, 0x0000, 0x0000, 0x0000, 0x0000, 0x0000, 0x0000, 0x0000, 0x0000, 0x0000,
    0x0000, 0x0000, 0x0000, 0x0000, 0x0000, 0x0000, 0x0000, 0x0000, 0x0000, 0x0000, 0x0000, 0x0000, 0x0000, 0x0000, 0x0000, 0x0000,
    0x0000, 0x0000, 0x0000, 0x0000, 0x0000, 0x0000, 0x0000, 0x0000, 0x0000, 0x0000, 0x0000, 0x0000, 0x0000, 0x0000, 0x0000, 0x0000,
    0x0000, 0x0000, 0x0000, 0x0000, 0x0000, 0x0000, 0x0000, 0x0000, 0x0000, 0x0000, 0x0000, 0x0000, 0x0000, 0x0000, 0x0000, 0x0000,
    0x0000, 0x0000, 0x0000, 0x0000, 0x0000, 0x0000, 0x0000, 0x0000, 0x0000, 0x0000, 0x0000, 0x0000, 0x0000, 0x0000, 0x0000, 0x0000,
    0x0000, 0x0000, 0x0000, 0x0000, 0x0000, 0x0000, 0x0000, 0x0000, 0x0000, 0x0000, 0x0000, 0x0000, 0x0000, 0x0000, 0x0000, 0x0000,
    0x0000, 0x0000, 0x0000, 0x0000, 0x0000, 0x0000, 0x0000, 0x0000, 0x0000, 0x0000, 0x0000, 0x0000, 0x0000, 0x0000, 0x0000, 0x0000,
    0x0000, 0x0000, 0x0000, 0x0000, 0x0000, 0x0000, 0x0000, 0x0000, 0x0000, 0x0000, 0x0000, 0x0000, 0xDDD9, 0xDDD8, 0xE5DA, 0xDDD9,
    0xE5FA, 0xE557, 0xD412, 0xD3B0, 0xCB6F, 0xCB6E, 0xCB4E, 0xCB4E, 0xCB2D, 0xC30D, 0xC2EC, 0xC2EC, 0xC30C, 0xC32C, 0xC32D, 0xC34D,
    0xC34E, 0xC38E, 0xC38F, 0xC3B0, 0xC3D0, 0xC3F0, 0xCBF0, 0xC3D0, 0xC3D0, 0xC3D0, 0xC3B0, 0xC3AF, 0xC38F, 0xC38F, 0xC36E, 0xC36E,
    0xC36E, 0xC34D, 0xC34D, 0xC32C, 0xC32C, 0xC32C, 0xCB4C, 0xCB4D, 0xD38D, 0xE430, 0xF574, 0xF534, 0xECB2, 0xED55, 0xF5F8, 0xEDF8,
    0xE5D8, 0xD5B8, 0xD5B8, 0xFFFF, 0xCD98, 0x0000, 0x0000, 0x0000, 0x0000, 0x0000, 0x0000, 0x0000, 0x0000, 0x0000, 0x0000, 0x0000,
    0x0000, 0x0000, 0x0000, 0x0000, 0x0000, 0x0000, 0x0000, 0x0000, 0x0000, 0x0000, 0x0000, 0x0000, 0x0000, 0x0000, 0x0000, 0x0000,
    0x0000, 0x0000, 0x0000, 0x0000, 0x0000, 0x0000, 0x0000, 0x0000, 0x0000, 0x0000, 0x0000, 0x0000, 0x0000, 0x0000, 0x0000, 0x0000,
    0x0000, 0x0000, 0x0000, 0x0000, 0x0000, 0x0000, 0x0000, 0x0000, 0x0000, 0x0000, 0x0000, 0x0000, 0x0000, 0x0000, 0x0000, 0x0000,
    0x0000, 0x0000, 0x0000, 0x0000, 0x0000, 0x0000, 0x0000, 0x0000, 0x0000, 0x0000, 0x0000, 0x0000, 0x0000, 0x0000, 0x0000, 0x0000,
    0x0000, 0x0000, 0x0000, 0x0000, 0x0000, 0x0000, 0x0000, 0x0000, 0x0000, 0x0000, 0x0000, 0x0000, 0x0000, 0x0000, 0x0000, 0x0000,
    0x0000, 0x0000, 0x0000, 0x0000, 0x0000, 0x0000, 0x0000, 0x0000, 0x0000, 0x0000, 0x0000, 0x0000, 0x0000, 0x0000, 0x0000, 0x0000,
    0x0000, 0x0000, 0x0000, 0x0000, 0x0000, 0x0000, 0x0000, 0x0000, 0x0000, 0x0000, 0x0000, 0x0000, 0x0000, 0x0000, 0x0000, 0x0000,
    0x0000, 0x0000, 0x0000, 0x0000, 0x0000, 0x0000, 0x0000, 0x0000, 0x0000, 0x0000, 0x0000, 0x0000, 0x0000, 0x0000, 0x0000, 0x0000,
    0x0000, 0x0000, 0x0000, 0x0000, 0x0000, 0x0000, 0x0000, 0x0000, 0x0000, 0x0000, 0x0000, 0x0000, 0x0000, 0x0000, 0x0000, 0x0000,
    0x0000, 0x0000, 0x0000, 0x0000, 0x0000, 0x0000, 0x0000, 0x0000, 0x0000, 0x0000, 0x0000, 0x0000, 0x0000, 0x0000, 0x0000, 0x0000,
    0x0000, 0x0000, 0x0000, 0x0000, 0x0000, 0x0000, 0x0000, 0x0000, 0x0000, 0x0000, 0x0000, 0xDE5A, 0xE6BA, 0xDD99, 0xDD98, 0xDDFA,
    0xE61A, 0xDCD5, 0xD411, 0xCBB0, 0xCB8F, 0xCB8F, 0xCB6F, 0xCB4E, 0xCB4E, 0xCB4D, 0xC32D, 0xC30D, 0xC32D, 0xC34E, 0xC36E, 0xC36E,
    0xC38F, 0xC3D0, 0xC3F1, 0xC411, 0xCC11, 0xCC11, 0xCC11, 0xCBF1, 0xC3F1, 0xC3D0, 0xC3D0, 0xC3B0, 0xC3AF, 0xC3AF, 0xC3AF, 0xC38F,
    0xC38E, 0xC36E, 0xC36D, 0xC34D, 0xC34C, 0xCB4C, 0xCB4C, 0xCB6D, 0xD3AE, 0xDC2F, 0xF554, 0xF5B5, 0xECD3, 0xED14, 0xF5D7, 0xF618,
    0xEDF8, 0xE5F9, 0xCDB8, 0xDDD9, 0xFFFF, 0x0000, 0x0000, 0x0000, 0x0000, 0x0000, 0x0000, 0x0000, 0x0000, 0x0000, 0x0000, 0x0000,
    0x0000, 0x0000, 0x0000, 0x0000, 0x0000, 0x0000, 0x0000, 0x0000, 0x0000, 0x0000, 0x0000, 0x0000, 0x0000, 0x0000, 0x0000, 0x0000,
    0x0000, 0x0000, 0x0000, 0x0000, 0x0000, 0x0000, 0x0000, 0x0000, 0x0000, 0x0000, 0x0000, 0x0000, 0x0000, 0x0000, 0x0000, 0x0000,
    0x0000, 0x0000, 0x0000, 0x0000, 0x0000, 0x0000, 0x0000, 0x0000, 0x0000, 0x0000, 0x0000, 0x0000, 0x0000, 0x0000, 0x0000, 0x0000,
    0x0000, 0x0000, 0x0000, 0x0000, 0x0000, 0x0000, 0x0000, 0x0000, 0x0000, 0x0000, 0x0000, 0x0000, 0x0000, 0x0000, 0x0000, 0x0000,
    0x0000, 0x0000, 0x0000, 0x0000, 0x0000, 0x0000, 0x0000, 0x0000, 0x0000, 0x0000, 0x0000, 0x0000, 0x0000, 0x0000, 0x0000, 0x0000,
    0x0000, 0x0000, 0x0000, 0x0000, 0x0000, 0x0000, 0x0000, 0x0000, 0x0000, 0x0000, 0x0000, 0x0000, 0x0000, 0x0000, 0x0000, 0x0000,
    0x0000, 0x0000, 0x0000, 0x0000, 0x0000, 0x0000, 0x0000, 0x0000, 0x0000, 0x0000, 0x0000, 0x0000, 0x0000, 0x0000, 0x0000, 0x0000,
    0x0000, 0x0000, 0x0000, 0x0000, 0x0000, 0x0000, 0x0000, 0x0000, 0x0000, 0x0000, 0x0000, 0x0000, 0x0000, 0x0000, 0x0000, 0x0000,
    0x0000, 0x0000, 0x0000, 0x0000, 0x0000, 0x0000, 0x0000, 0x0000, 0x0000, 0x0000, 0x0000, 0x0000, 0x0000, 0x0000, 0x0000, 0x0000,
    0x0000, 0x0000, 0x0000, 0x0000, 0x0000, 0x0000, 0x0000, 0x0000, 0x0000, 0x0000, 0x0000, 0x0000, 0x0000, 0x0000, 0x0000, 0x0000,
    0x0000, 0x0000, 0x0000, 0x0000, 0x0000, 0x0000, 0x0000, 0x0000, 0x0000, 0x0000, 0x0000, 0xF7FF, 0xDD78, 0xDD98, 0xDDD9, 0xE65B,
    0xE5D9, 0xD474, 0xCC12, 0xCBD0, 0xCBB0, 0xCB8F, 0xCB8F, 0xCB6F, 0xCB6F, 0xCB6E, 0xC34E, 0xC34E, 0xC36E, 0xC38F, 0xC38F, 0xC3B0,
    0xC3D1, 0xC411, 0xC432, 0xCC32, 0xCC52, 0xCC52, 0xCC32, 0xCC12, 0xCC11, 0xC3F1, 0xC3F0, 0xC3D0, 0xC3D0, 0xC3D0, 0xC3D0, 0xC3AF,
    0xC3AF, 0xC38E, 0xC36E, 0xC36D, 0xC36D, 0xCB6D, 0xCB6D, 0xCB8D, 0xD3AE, 0xDC30, 0xED33, 0xFDF6, 0xF554, 0xECD3, 0xED96, 0xF638,
    0xF618, 0xEE19, 0xE619, 0x8C73, 0xCD97, 0x52EB, 0x0000, 0x0000, 0x0000, 0x0000, 0x0000, 0x0000, 0x0000, 0x0000, 0x0000, 0x0000,
    0x0000, 0x0000, 0x0000, 0x0000, 0x0000, 0x0000, 0x0000, 0x0000, 0x0000, 0x0000, 0x0000, 0x0000, 0x0000, 0x0000, 0x0000, 0x0000,
    0x0000, 0x0000, 0x0000, 0x0000, 0x0000, 0x0000, 0x0000, 0x0000, 0x0000, 0x0000, 0x0000, 0x0000, 0x0000, 0x0000, 0x0000, 0x0000,
    0x0000, 0x0000, 0x0000, 0x0000, 0x0000, 0x0000, 0x0000, 0x0000, 0x0000, 0x0000, 0x0000, 0x0000, 0x0000, 0x0000, 0x0000, 0x0000,
    0x0000, 0x0000, 0x0000, 0x0000, 0x0000, 0x0000, 0x0000, 0x0000, 0x0000, 0x0000, 0x0000, 0x0000, 0x0000, 0x0000, 0x0000, 0x0000,
    0x0000, 0x0000, 0x0000, 0x0000, 0x0000, 0x0000, 0x0000, 0x0000, 0x0000, 0x0000, 0x0000, 0x0000, 0x0000, 0x0000, 0x0000, 0x0000,
    0x0000, 0x0000, 0x0000, 0x0000, 0x0000, 0x0000, 0x0000, 0x0000, 0x0000, 0x0000, 0x0000, 0x0000, 0x0000, 0x0000, 0x0000, 0x0000,
    0x0000, 0x0000, 0x0000, 0x0000, 0x0000, 0x0000, 0x0000, 0x0000, 0x0000, 0x0000, 0x0000, 0x0000, 0x0000, 0x0000, 0x0000, 0x0000,
    0x0000, 0x0000, 0x0000, 0x0000, 0x0000, 0x0000, 0x0000, 0x0000, 0x0000, 0x0000, 0x0000, 0x0000, 0x0000, 0x0000, 0x0000, 0x0000,
    0x0000, 0x0000, 0x0000, 0x0000, 0x0000, 0x0000, 0x0000, 0x0000, 0x0000, 0x0000, 0x0000, 0x0000, 0x0000, 0x0000, 0x0000, 0x0000,
    0x0000, 0x0000, 0x0000, 0x0000, 0x0000, 0x0000, 0x0000, 0x0000, 0x0000, 0x0000, 0x0000, 0x0000, 0x0000, 0x0000, 0x0000, 0x0000,
    0x0000, 0x0000, 0x0000, 0x0000, 0x0000, 0x0000, 0x0000, 0x0000, 0x0000, 0x0000, 0xD5D9, 0xDDB9, 0xDE1A, 0xDDDA, 0xE63B, 0xEE7B,
    0xDD37, 0xCC73, 0xCC32, 0xCBF1, 0xCBD0, 0xCBB0, 0xCBB0, 0xCBB0, 0xCB8F, 0xCB8F, 0xC38F, 0xC38F, 0xC38F, 0xC3B0, 0xC3D0, 0xC3F1,
    0xC412, 0xC452, 0xCC53, 0xCC73, 0xCC73, 0xCC73, 0xCC52, 0xCC32, 0xCC11, 0xC411, 0xC3F1, 0xC3F1, 0xC3F1, 0xC3F1, 0xC3F1, 0xC3D0,
    0xC3D0, 0xC3AF, 0xC38F, 0xC38E, 0xC38E, 0xCB8E, 0xCB8E, 0xCBAE, 0xD3CF, 0xDC30, 0xECF2, 0xF5F6, 0xF5D6, 0xECF3, 0xED35, 0xF5F8,
    0xF659, 0xEE19, 0xEE19, 0xDDF9, 0xFFFF, 0x8C51, 0xD5D8, 0x0000, 0x0000, 0x0000, 0x0000, 0x0000, 0x0000, 0x0000, 0x0000, 0x0000,
    0x0000, 0x0000, 0x0000, 0x0000, 0x0000, 0x0000, 0x0000, 0x0000, 0x0000, 0x0000, 0x0000, 0x0000, 0x0000, 0x0000, 0x0000, 0x0000,
    0x0000, 0x0000, 0x0000, 0x0000, 0x0000, 0x0000, 0x0000, 0x0000, 0x0000, 0x0000, 0x0000, 0x0000, 0x0000, 0x0000, 0x0000, 0x0000,
    0x0000, 0x0000, 0x0000, 0x0000, 0x0000, 0x0000, 0x0000, 0x0000, 0x0000, 0x0000, 0x0000, 0x0000, 0x0000, 0x0000, 0x0000, 0x0000,
    0x0000, 0x0000, 0x0000, 0x0000, 0x0000, 0x0000, 0x0000, 0x0000, 0x0000, 0x0000, 0x0000, 0x0000, 0x0000, 0x0000, 0x0000, 0x0000,
    0x0000, 0x0000, 0x0000, 0x0000, 0x0000, 0x0000, 0x0000, 0x0000, 0x0000, 0x0000, 0x0000, 0x0000, 0x0000, 0x0000, 0x0000, 0x0000,
    0x0000, 0x0000, 0x0000, 0x0000, 0x0000, 0x0000, 0x0000, 0x0000, 0x0000, 0x0000, 0x0000, 0x0000, 0x0000, 0x0000, 0x0000, 0x0000,
    0x0000, 0x0000, 0x0000, 0x0000, 0x0000, 0x0000, 0x0000, 0x0000, 0x0000, 0x0000, 0x0000, 0x0000, 0x0000, 0x0000, 0x0000, 0x0000,
    0x0000, 0x0000, 0x0000, 0x0000, 0x0000, 0x0000, 0x0000, 0x0000, 0x0000, 0x0000, 0x0000, 0x0000, 0x0000, 0x0000, 0x0000, 0x0000,
    0x0000, 0x0000, 0x0000, 0x0000, 0x0000, 0x0000, 0x0000, 0x0000, 0x0000, 0x0000, 0x0000, 0x0000, 0x0000, 0x0000, 0x0000, 0x0000,
    0x0000, 0x0000, 0x0000, 0x0000, 0x0000, 0x0000, 0x0000, 0x0000, 0x0000, 0x0000, 0x0000, 0x0000, 0x0000, 0x0000, 0x0000, 0x0000,
    0x0000, 0x0000, 0x0000, 0x0000, 0x0000, 0x0000, 0x0000, 0x0000, 0x0000, 0xDE1A, 0xDE1A, 0xDDB9, 0xDDDA, 0xDE3B, 0xE6BC, 0xE619,
    0xD4D5, 0xCC73, 0xCC32, 0xCC11, 0xCBF1, 0xCBD0, 0xCBF1, 0xCBD0, 0xCBB0, 0xC3B0, 0xC3B0, 0xC3B0, 0xC3D0, 0xC3D1, 0xC3F1, 0xC412,
    0xC452, 0xC473, 0xCC94, 0xCC94, 0xCC94, 0xCC73, 0xCC53, 0xCC52, 0xCC32, 0xC411, 0xC411, 0xC411, 0xC411, 0xC411, 0xC3F1, 0xC3F1,
    0xC3D1, 0xC3D0, 0xC3B0, 0xC3AF, 0xC3AF, 0xCBAF, 0xCBAF, 0xCBCF, 0xD3EF, 0xDC30, 0xE4D2, 0xF5D6, 0xFE37, 0xED55, 0xED14, 0xEDB7,
    0xF659, 0xF659, 0xEE39, 0xE63A, 0xDDF9, 0xE65A, 0xACF5, 0xC5B8, 0x0000, 0x0000, 0x0000, 0x0000, 0x0000, 0x0000, 0x0000, 0x0000,
    0x0000, 0x0000, 0x0000, 0x0000, 0x0000, 0x0000, 0x0000, 0x0000, 0x0000, 0x0000, 0x0000, 0x0000, 0x0000, 0x0000, 0x0000, 0x0000,
    0x0000, 0x0000, 0x0000, 0x0000, 0x0000, 0x0000, 0x0000, 0x0000, 0x0000, 0x0000, 0x0000, 0x0000, 0x0000, 0x0000, 0x0000, 0x0000,
    0x0000, 0x0000, 0x0000, 0x0000, 0x0000, 0x0000, 0x0000, 0x0000, 0x0000, 0x0000, 0x0000, 0x0000, 0x0000, 0x0000, 0x0000, 0x0000,
    0x0000, 0x0000, 0x0000, 0x0000, 0x0000, 0x0000, 0x0000, 0x0000, 0x0000, 0x0000, 0x0000, 0x0000, 0x0000, 0x0000, 0x0000, 0x0000,
    0x0000, 0x0000, 0x0000, 0x0000, 0x0000, 0x0000, 0x0000, 0x0000, 0x0000, 0x0000, 0x0000, 0x0000, 0x0000, 0x0000, 0x0000, 0x0000,
    0x0000, 0x0000, 0x0000, 0x0000, 0x0000, 0x0000, 0x0000, 0x0000, 0x0000, 0x0000, 0x0000, 0x0000, 0x0000, 0x0000, 0x0000, 0x0000,
    0x0000, 0x0000, 0x0000, 0x0000, 0x0000, 0x0000, 0x0000, 0x0000, 0x0000, 0x0000, 0x0000, 0x0000, 0x0000, 0x0000, 0x0000, 0x0000,
    0x0000, 0x0000, 0x0000, 0x0000, 0x0000, 0x0000, 0x0000, 0x0000, 0x0000, 0x0000, 0x0000, 0x0000, 0x0000, 0x0000, 0x0000, 0x0000,
    0x0000, 0x0000, 0x0000, 0x0000, 0x0000, 0x0000, 0x0000, 0x0000, 0x0000, 0x0000, 0x0000, 0x0000, 0x0000, 0x0000, 0x0000, 0x0000,
    0x0000, 0x0000, 0x0000, 0x0000, 0x0000, 0x0000, 0x0000, 0x0000, 0x0000, 0x0000, 0x0000, 0x0000, 0x0000, 0x0000, 0x0000, 0x0000,
    0x0000, 0x0000, 0x0000, 0x0000, 0x0000, 0x0000, 0x0000, 0x0000, 0xD61A, 0xDE1A, 0xFFFF, 0xDDFA, 0xDE3B, 0xE6BC, 0xEE9B, 0xD557,
    0xCCB5, 0xCC73, 0xCC52, 0xCC12, 0xCBF1, 0xCBF1, 0xCC32, 0xCBD1, 0xCBB0, 0xC3D0, 0xC3D0, 0xC3D1, 0xC3F1, 0xC3F1, 0xC412, 0xC452,
    0xC473, 0xCC94, 0xCCB4, 0xCCB4, 0xCCB4, 0xCC94, 0xCC73, 0xCC52, 0xCC32, 0xC412, 0xC412, 0xC412, 0xC412, 0xC412, 0xC411, 0xC411,
    0xC3F1, 0xC3F1, 0xC3D0, 0xC3D0, 0xC3D0, 0xCBD0, 0xCBD0, 0xCBD0, 0xD3F0, 0xDC31, 0xE4B2, 0xF5F6, 0xFE78, 0xF5F7, 0xED34, 0xED76,
    0xEE18, 0xF679, 0xF659, 0xEE3A, 0xEE5A, 0xD5F9, 0xE65A, 0x9472, 0x0000, 0x0000, 0x0000, 0x0000, 0x0000, 0x0000, 0x0000, 0x0000,
    0x0000, 0x0000, 0x0000, 0x0000, 0x0000, 0x0000, 0x0000, 0x0000, 0x0000, 0x0000, 0x0000, 0x0000, 0x0000, 0x0000, 0x0000, 0x0000,
    0x0000, 0x0000, 0x0000, 0x0000, 0x0000, 0x0000, 0x0000, 0x0000, 0x0000, 0x0000, 0x0000, 0x0000, 0x0000, 0x0000, 0x0000, 0x0000,
    0x0000, 0x0000, 0x0000, 0x0000, 0x0000, 0x0000, 0x0000, 0x0000, 0x0000, 0x0000, 0x0000, 0x0000, 0x0000, 0x0000, 0x0000, 0x0000,
    0x0000, 0x0000, 0x0000, 0x0000, 0x0000, 0x0000, 0x0000, 0x0000, 0x0000, 0x0000, 0x0000, 0x0000, 0x0000, 0x0000, 0x0000, 0x0000,
    0x0000, 0x0000, 0x0000, 0x0000, 0x0000, 0x0000, 0x0000, 0x0000, 0x0000, 0x0000, 0x0000, 0x0000, 0x0000, 0x0000, 0x0000, 0x0000,
    0x0000, 0x0000, 0x0000, 0x0000, 0x0000, 0x0000, 0x0000, 0x0000, 0x0000, 0x0000, 0x0000, 0x0000, 0x0000, 0x0000, 0x0000, 0x0000,
    0x0000, 0x0000, 0x0000, 0x0000, 0x0000, 0x0000, 0x0000, 0x0000, 0x0000, 0x0000, 0x0000, 0x0000, 0x0000, 0x0000, 0x0000, 0x0000,
    0x0000, 0x0000, 0x0000, 0x0000, 0x0000, 0x0000, 0x0000, 0x0000, 0x0000, 0x0000, 0x0000, 0x0000, 0x0000, 0x0000, 0x0000, 0x0000,
    0x0000, 0x0000, 0x0000, 0x0000, 0x0000, 0x0000, 0x0000, 0x0000, 0x0000, 0x0000, 0x0000, 0x0000, 0x0000, 0x0000, 0x0000, 0x0000,
    0x0000, 0x0000, 0x0000, 0x0000, 0x0000, 0x0000, 0x0000, 0x0000, 0x0000, 0x0000, 0x0000, 0x0000, 0x0000, 0x0000, 0x0000, 0x0000,
    0x0000, 0x0000, 0x0000, 0x0000, 0x0000, 0x0000, 0x0000, 0x0000, 0xD61A, 0xD5FA, 0xD61A, 0xDE3B, 0xE69C, 0xEEFC, 0xDDF9, 0xCCF6,
    0xCCB5, 0xCC94, 0xCC73, 0xCC52, 0xCC12, 0xCC73, 0xCC73, 0xCBF1, 0xC3D1, 0xC3F1, 0xC3F1, 0xC3F1, 0xC412, 0xC432, 0xC452, 0xC473,
    0xCC94, 0xCCB4, 0xCCD5, 0xCCD5, 0xCCB4, 0xCCB4, 0xCC93, 0xCC73, 0xCC52, 0xCC32, 0xC432, 0xC432, 0xC432, 0xC432, 0xC412, 0xC412,
    0xC411, 0xC3F1, 0xC3F1, 0xC3F1, 0xC3F1, 0xC3D0, 0xCBF0, 0xCBF1, 0xD431, 0xDC92, 0xE514, 0xF5F7, 0xFEB9, 0xFE58, 0xED96, 0xED76,
    0xEDD7, 0xF659, 0xF6BA, 0xF69A, 0xEE7A, 0xE67A, 0xC597, 0xE65A, 0xDE19, 0x0000, 0x0000, 0x0000, 0x0000, 0x0000, 0x0000, 0x0000,
    0x0000, 0x0000, 0x0000, 0x0000, 0x0000, 0x0000, 0x0000, 0x0000, 0x0000, 0x0000, 0x0000, 0x0000, 0x0000, 0x0000, 0x0000, 0x0000,
    0x0000, 0x0000, 0x0000, 0x0000, 0x0000, 0x0000, 0x0000, 0x0000, 0x0000, 0x0000, 0x0000, 0x0000, 0x0000, 0x0000, 0x0000, 0x0000,
    0x0000, 0x0000, 0x0000, 0x0000, 0x0000, 0x0000, 0x0000, 0x0000, 0x0000, 0x0000, 0x0000, 0x0000, 0x0000, 0x0000, 0x0000, 0x0000,
    0x0000, 0x0000, 0x0000, 0x0000, 0x0000, 0x0000, 0x0000, 0x0000, 0x0000, 0x0000, 0x0000, 0x0000, 0x0000, 0x0000, 0x0000, 0x0000,
    0x0000, 0x0000, 0x0000, 0x0000, 0x0000, 0x0000, 0x0000, 0x0000, 0x0000, 0x0000, 0x0000, 0x0000, 0x0000, 0x0000, 0x0000, 0x0000,
    0x0000, 0x0000, 0x0000, 0x0000, 0x0000, 0x0000, 0x0000, 0x0000, 0x0000, 0x0000, 0x0000, 0x0000, 0x0000, 0x0000, 0x0000, 0x0000,
    0x0000, 0x0000, 0x0000, 0x0000, 0x0000, 0x0000, 0x0000, 0x0000, 0x0000, 0x0000, 0x0000, 0x0000, 0x0000, 0x0000, 0x0000, 0x0000,
    0x0000, 0x0000, 0x0000, 0x0000, 0x0000, 0x0000, 0x0000, 0x0000, 0x0000, 0x0000, 0x0000, 0x0000, 0x0000, 0x0000, 0x0000, 0x0000,
    0x0000, 0x0000, 0x0000, 0x0000, 0x0000, 0x0000, 0x0000, 0x0000, 0x0000, 0x0000, 0x0000, 0x0000, 0x0000, 0x0000, 0x0000, 0x0000,
    0x0000, 0x0000, 0x0000, 0x0000, 0x0000, 0x0000, 0x0000, 0x0000, 0x0000, 0x0000, 0x0000, 0x0000, 0x0000, 0x0000, 0x0000, 0x0000,
    0x0000, 0x0000, 0x0000, 0x0000, 0x0000, 0x0000, 0x0000, 0xCDF9, 0xD5FA, 0xD619, 0xD63B, 0xDE9C, 0xEEFD, 0xE67B, 0xCD57, 0xC4F6,
    0xC4D5, 0xCCB5, 0xCC94, 0xCC73, 0xCC53, 0xD4D5, 0xCC94, 0xC412, 0xC3F1, 0xC412, 0xC412, 0xC412, 0xC432, 0xC453, 0xC473, 0xC494,
    0xCCB5, 0xCCD5, 0xCCF5, 0xCCD5, 0xCCD5, 0xCCB4, 0xCC94, 0xCC73, 0xCC73, 0xCC53, 0xC452, 0xC452, 0xC452, 0xC452, 0xC432, 0xC432,
    0xC432, 0xC412, 0xC411, 0xC411, 0xC3F1, 0xC3F1, 0xCC11, 0xCC52, 0xD4B3, 0xE515, 0xE576, 0xEDD7, 0xFE99, 0xFEB9, 0xF5F7, 0xED96,
    0xEDB7, 0xEE39, 0xF6DA, 0xF71C, 0xF6BB, 0xEE9B, 0xE65A, 0x0000, 0xCDB8, 0xD5F9, 0x0000, 0x0000, 0x0000, 0x0000, 0x0000, 0x0000,
    0x0000, 0x0000, 0x0000, 0x0000, 0x0000, 0x0000, 0x0000, 0x0000, 0x0000, 0x0000, 0x0000, 0x0000, 0x0000, 0x0000, 0x0000, 0x0000,
    0x0000, 0x0000, 0x0000, 0x0000, 0x0000, 0x0000, 0x0000, 0x0000, 0x0000, 0x0000, 0x0000, 0x0000, 0x0000, 0x0000, 0x0000, 0x0000,
    0x0000, 0x0000, 0x0000, 0x0000, 0x0000, 0x0000, 0x0000, 0x0000, 0x0000, 0x0000, 0x0000, 0x0000, 0x0000, 0x0000, 0x0000, 0x0000,
    0x0000, 0x0000, 0x0000, 0x0000, 0x0000, 0x0000, 0x0000, 0x0000, 0x0000, 0x0000, 0x0000, 0x0000, 0x0000, 0x0000, 0x0000, 0x0000,
    0x0000, 0x0000, 0x0000, 0x0000, 0x0000, 0x0000, 0x0000, 0x0000, 0x0000, 0x0000, 0x0000, 0x0000, 0x0000, 0x0000, 0x0000, 0x0000,
    0x0000, 0x0000, 0x0000, 0x0000, 0x0000, 0x0000, 0x0000, 0x0000, 0x0000, 0x0000, 0x0000, 0x0000, 0x0000, 0x0000, 0x0000, 0x0000,
    0x0000, 0x0000, 0x0000, 0x0000, 0x0000, 0x0000, 0x0000, 0x0000, 0x0000, 0x0000, 0x0000, 0x0000, 0x0000, 0x0000, 0x0000, 0x0000,
    0x0000, 0x0000, 0x0000, 0x0000, 0x0000, 0x0000, 0x0000, 0x0000, 0x0000, 0x0000, 0x0000, 0x0000, 0x0000, 0x0000, 0x0000, 0x0000,
    0x0000, 0x0000, 0x0000, 0x0000, 0x0000, 0x0000, 0x0000, 0x0000, 0x0000, 0x0000, 0x0000, 0x0000, 0x0000, 0x0000, 0x0000, 0x0000,
    0x0000, 0x0000, 0x0000, 0x0000, 0x0000, 0x0000, 0x0000, 0x0000, 0x0000, 0x0000, 0x0000, 0x0000, 0x0000, 0x0000, 0x0000, 0x0000,
    0x0000, 0x0000, 0x0000, 0x0000, 0x0000, 0x0000, 0xD639, 0xD5F9, 0xCDD9, 0xD61A, 0xDE7C, 0xE6FD, 0xE6BC, 0xCD98, 0xC537, 0xC516,
    0xC4F5, 0xC4D5, 0xC4B5, 0xC474, 0xCCD4, 0xD516, 0xCCB4, 0xC432, 0xC432, 0xC432, 0xC432, 0xC453, 0xC453, 0xC474, 0xC4B4, 0xC4D5,
    0xCCF5, 0xCCF5, 0xCD15, 0xCD15, 0xCCF5, 0xCCF5, 0xCCD4, 0xCCB4, 0xCC93, 0xCC73, 0xC473, 0xC473, 0xC453, 0xC453, 0xC453, 0xC452,
    0xC452, 0xC432, 0xC432, 0xC432, 0xC432, 0xC452, 0xCC73, 0xD4D4, 0xDD15, 0xE576, 0xE5B7, 0xEDD8, 0xF659, 0xFEDA, 0xF679, 0xEDD7,
    0xE5B7, 0xEDF8, 0xF69A, 0xFF5C, 0xFF5C, 0xF6DB, 0xEE9B, 0xE65A, 0xFF5E, 0xB515, 0xBD77, 0x0000, 0x0000, 0x0000, 0x0000, 0x0000,
    0x0000, 0x0000, 0x0000, 0x0000, 0x0000, 0x0000, 0x0000, 0x0000, 0x0000, 0x0000, 0x0000, 0x0000, 0x0000, 0x0000, 0x0000, 0x0000,
    0x0000, 0x0000, 0x0000, 0x0000, 0x0000, 0x0000, 0x0000, 0x0000, 0x0000, 0x0000, 0x0000, 0x0000, 0x0000, 0x0000, 0x0000, 0x0000,
    0x0000, 0x0000, 0x0000, 0x0000, 0x0000, 0x0000, 0x0000, 0x0000, 0x0000, 0x0000, 0x0000, 0x0000, 0x0000, 0x0000, 0x0000, 0x0000,
    0x0000, 0x0000, 0x0000, 0x0000, 0x0000, 0x0000, 0x0000, 0x0000, 0x0000, 0x0000, 0x0000, 0x0000, 0x0000, 0x0000, 0x0000, 0x0000,
    0x0000, 0x0000, 0x0000, 0x0000, 0x0000, 0x0000, 0x0000, 0x0000, 0x0000, 0x0000, 0x0000, 0x0000, 0x0000, 0x0000, 0x0000, 0x0000,
    0x0000, 0x0000, 0x0000, 0x0000, 0x0000, 0x0000, 0x0000, 0x0000, 0x0000, 0x0000, 0x0000, 0x0000, 0x0000, 0x0000, 0x0000, 0x0000,
    0x0000, 0x0000, 0x0000, 0x0000, 0x0000, 0x0000, 0x0000, 0x0000, 0x0000, 0x0000, 0x0000, 0x0000, 0x0000, 0x0000, 0x0000, 0x0000,
    0x0000, 0x0000, 0x0000, 0x0000, 0x0000, 0x0000, 0x0000, 0x0000, 0x0000, 0x0000, 0x0000, 0x0000, 0x0000, 0x0000, 0x0000, 0x0000,
    0x0000, 0x0000, 0x0000, 0x0000, 0x0000, 0x0000, 0x0000, 0x0000, 0x0000, 0x0000, 0x0000, 0x0000, 0x0000, 0x0000, 0x0000, 0x0000,
    0x0000, 0x0000, 0x0000, 0x0000, 0x0000, 0x0000, 0x0000, 0x0000, 0x0000, 0x0000, 0x0000, 0x0000, 0x0000, 0x0000, 0x0000, 0x0000,
    0x0000, 0x0000, 0x0000, 0x0000, 0x0000, 0xC5B8, 0xD639, 0xBD9A, 0xCDFA, 0xD63B, 0xE6DC, 0xE6DC, 0xCDD9, 0xC557, 0xBD37, 0xC516,
    0xC516, 0xC4F6, 0xC4D5, 0xC4B4, 0xD536, 0xD557, 0xCCD5, 0xC453, 0xC453, 0xC453, 0xBC53, 0xC473, 0xC494, 0xC4B4, 0xC4D5, 0xCCF5,
    0xCD16, 0xCD36, 0xCD36, 0xCD36, 0xCD36, 0xCD15, 0xCCF5, 0xCCD4, 0xCCD4, 0xCCB4, 0xC493, 0xC493, 0xC473, 0xC473, 0xC473, 0xC473,
    0xC473, 0xC453, 0xC453, 0xC473, 0xC493, 0xCCB4, 0xD4F5, 0xD536, 0xDD77, 0xE597, 0xE5B7, 0xE5D8, 0xEE18, 0xF6BA, 0xF699, 0xEE18,
    0xE5D7, 0xE5F8, 0xEE39, 0xF71B, 0xFF9D, 0xFF7D, 0xF6FC, 0xEEBB, 0xDE9B, 0xEEFC, 0xB536, 0x0000, 0x0000, 0x0000, 0x0000, 0x0000,
    0x0000, 0x0000, 0x0000, 0x0000, 0x0000, 0x0000, 0x0000, 0x0000, 0x0000, 0x0000, 0x0000, 0x0000, 0x0000, 0x0000, 0x0000, 0x0000,
    0x0000, 0x0000, 0x0000, 0x0000, 0x0000, 0x0000, 0x0000, 0x0000, 0x0000, 0x0000, 0x0000, 0x0000, 0x0000, 0x0000, 0x0000, 0x0000,
    0x0000, 0x0000, 0x0000, 0x0000, 0x0000, 0x0000, 0x0000, 0x0000, 0x0000, 0x0000, 0x0000, 0x0000, 0x0000, 0x0000, 0x0000, 0x0000,
    0x0000, 0x0000, 0x0000, 0x0000, 0x0000, 0x0000, 0x0000, 0x0000, 0x0000, 0x0000, 0x0000, 0x0000, 0x0000, 0x0000, 0x0000, 0x0000,
    0x0000, 0x0000, 0x0000, 0x0000, 0x0000, 0x0000, 0x0000, 0x0000, 0x0000, 0x0000, 0x0000, 0x0000, 0x0000, 0x0000, 0x0000, 0x0000,
    0x0000, 0x0000, 0x0000, 0x0000, 0x0000, 0x0000, 0x0000, 0x0000, 0x0000, 0x0000, 0x0000, 0x0000, 0x0000, 0x0000, 0x0000, 0x0000,
    0x0000, 0x0000, 0x0000, 0x0000, 0x0000, 0x0000, 0x0000, 0x0000, 0x0000, 0x0000, 0x0000, 0x0000, 0x0000, 0x0000, 0x0000, 0x0000,
    0x0000, 0x0000, 0x0000, 0x0000, 0x0000, 0x0000, 0x0000, 0x0000, 0x0000, 0x0000, 0x0000, 0x0000, 0x0000, 0x0000, 0x0000, 0x0000,
    0x0000, 0x0000, 0x0000, 0x0000, 0x0000, 0x0000, 0x0000, 0x0000, 0x0000, 0x0000, 0x0000, 0x0000, 0x0000, 0x0000, 0x0000, 0x0000,
    0x0000, 0x0000, 0x0000, 0x0000, 0x0000, 0x0000, 0x0000, 0x0000, 0x0000, 0x0000, 0x0000, 0x0000, 0x0000, 0x0000, 0x0000, 0x0000,
    0x0000, 0x0000, 0x0000, 0x0000, 0x0000, 0xF677, 0xC5B9, 0xC5B8, 0xCDFA, 0xD67C, 0xE6FC, 0xCDF9, 0xBD78, 0xBD57, 0xBD57, 0xBD37,
    0xC536, 0xC516, 0xC4F5, 0xCCF5, 0xD577, 0xD5B8, 0xCCD5, 0xC474, 0xBC74, 0xBC74, 0xBC94, 0xC494, 0xC4B5, 0xC4F5, 0xC516, 0xCD36,
    0xCD36, 0xCD56, 0xCD56, 0xCD56, 0xCD36, 0xCD36, 0xCD15, 0xCD15, 0xCCF5, 0xCCD4, 0xC4B4, 0xC4B4, 0xC494, 0xC494, 0xC494, 0xC494,
    0xC493, 0xC493, 0xC4B4, 0xC4D4, 0xCCF5, 0xCD15, 0xD556, 0xDD77, 0xDD97, 0xDDB7, 0xE5D8, 0xE5D8, 0xEE18, 0xF699, 0xF6BA, 0xEE59,
    0xE5F8, 0xE5F8, 0xE619, 0xEEBA, 0xF71C, 0xFF9D, 0xFF7D, 0xF73C, 0xEEFC, 0xC5B8, 0xE6DB, 0x0000, 0x0000, 0x0000, 0x0000, 0x0000,
    0x0000, 0x0000, 0x0000, 0x0000, 0x0000, 0x0000, 0x0000, 0x0000, 0x0000, 0x0000, 0x0000, 0x0000, 0x0000, 0x0000, 0x0000, 0x0000,
    0x0000, 0x0000, 0x0000, 0x0000, 0x0000, 0x0000, 0x0000, 0x0000, 0x0000, 0x0000, 0x0000, 0x0000, 0x0000, 0x0000, 0x0000, 0x0000,
    0x0000, 0x0000, 0x0000, 0x0000, 0x0000, 0x0000, 0x0000, 0x0000, 0x0000, 0x0000, 0x0000, 0x0000, 0x0000, 0x0000, 0x0000, 0x0000,
    0x0000, 0x0000, 0x0000, 0x0000, 0x0000, 0x0000, 0x0000, 0x0000, 0x0000, 0x0000, 0x0000, 0x0000, 0x0000, 0x0000, 0x0000, 0x0000,
    0x0000, 0x0000, 0x0000, 0x0000, 0x0000, 0x0000, 0x0000, 0x0000, 0x0000, 0x0000, 0x0000, 0x0000, 0x0000, 0x0000, 0x0000, 0x0000,
    0x0000, 0x0000, 0x0000, 0x0000, 0x0000, 0x0000, 0x0000, 0x0000, 0x0000, 0x0000, 0x0000, 0x0000, 0x0000, 0x0000, 0x0000, 0x0000,
    0x0000, 0x0000, 0x0000, 0x0000, 0x0000, 0x0000, 0x0000, 0x0000, 0x0000, 0x0000, 0x0000, 0x0000, 0x0000, 0x0000, 0x0000, 0x0000,
    0x0000, 0x0000, 0x0000, 0x0000, 0x0000, 0x0000, 0x0000, 0x0000, 0x0000, 0x0000, 0x0000, 0x0000, 0x0000, 0x0000, 0x0000, 0x0000,
    0x0000, 0x0000, 0x0000, 0x0000, 0x0000, 0x0000, 0x0000, 0x0000, 0x0000, 0x0000, 0x0000, 0x0000, 0x0000, 0x0000, 0x0000, 0x0000,
    0x0000, 0x0000, 0x0000, 0x0000, 0x0000, 0x0000, 0x0000, 0x0000, 0x0000, 0x0000, 0x0000, 0x0000, 0x0000, 0x0000, 0x0000, 0x0000,
    0x0000, 0x0000, 0x0000, 0x0000, 0x0000, 0xBD98, 0xBE5D, 0xBDB9, 0xC61A, 0xDEBC, 0xCE5A, 0xB598, 0xB577, 0xB577, 0xBD57, 0xBD57,
    0xC557, 0xC536, 0xC4F5, 0xCD36, 0xD5B8, 0xD5B8, 0xC4F5, 0xC494, 0xBC94, 0xBC94, 0xBCB5, 0xC4D5, 0xC4F5, 0xC516, 0xCD36, 0xCD56,
    0xCD57, 0xCD77, 0xCD77, 0xCD76, 0xCD56, 0xCD56, 0xCD56, 0xCD36, 0xCD15, 0xCCF5, 0xCCD4, 0xC4D4, 0xC4B4, 0xC4B4, 0xC4D4, 0xC4D4,
    0xC4D4, 0xC4D4, 0xC4F5, 0xCD15, 0xCD36, 0xD556, 0xD577, 0xDD97, 0xDDB7, 0xDDD8, 0xE5D8, 0xE5F8, 0xE618, 0xEE59, 0xEE9A, 0xEE7A,
    0xE618, 0xE5F8, 0xE639, 0xE69B, 0xD65A, 0xDE7A, 0xEF1C, 0xFF9D, 0xF75D, 0xDE7A, 0xEF3C, 0xC598, 0x0000, 0x0000, 0x0000, 0x0000,
    0x0000, 0x0000, 0x0000, 0x0000, 0x0000, 0x0000, 0x0000, 0x0000, 0x0000, 0x0000, 0x0000, 0x0000, 0x0000, 0x0000, 0x0000, 0x0000,
    0x0000, 0x0000, 0x0000, 0x0000, 0x0000, 0x0000, 0x0000, 0x0000, 0x0000, 0x0000, 0x0000, 0x0000, 0x0000, 0x0000, 0x0000, 0x0000,
    0x0000, 0x0000, 0x0000, 0x0000, 0x0000, 0x0000, 0x0000, 0x0000, 0x0000, 0x0000, 0x0000, 0x0000, 0x0000, 0x0000, 0x0000, 0x0000,
    0x0000, 0x0000, 0x0000, 0x0000, 0x0000, 0x0000, 0x0000, 0x0000, 0x0000, 0x0000, 0x0000, 0x0000, 0x0000, 0x0000, 0x0000, 0x0000,
    0x0000, 0x0000, 0x0000, 0x0000, 0x0000, 0x0000, 0x0000, 0x0000, 0x0000, 0x0000, 0x0000, 0x0000, 0x0000, 0x0000, 0x0000, 0x0000,
    0x0000, 0x0000, 0x0000, 0x0000, 0x0000, 0x0000, 0x0000, 0x0000, 0x0000, 0x0000, 0x0000, 0x0000, 0x0000, 0x0000, 0x0000, 0x0000,
    0x0000, 0x0000, 0x0000, 0x0000, 0x0000, 0x0000, 0x0000, 0x0000, 0x0000, 0x0000, 0x0000, 0x0000, 0x0000, 0x0000, 0x0000, 0x0000,
    0x0000, 0x0000, 0x0000, 0x0000, 0x0000, 0x0000, 0x0000, 0x0000, 0x0000, 0x0000, 0x0000, 0x0000, 0x0000, 0x0000, 0x0000, 0x0000,
    0x0000, 0x0000, 0x0000, 0x0000, 0x0000, 0x0000, 0x0000, 0x0000, 0x0000, 0x0000, 0x0000, 0x0000, 0x0000, 0x0000, 0x0000, 0x0000,
    0x0000, 0x0000, 0x0000, 0x0000, 0x0000, 0x0000, 0x0000, 0x0000, 0x0000, 0x0000, 0x0000, 0x0000, 0x0000, 0x0000, 0x0000, 0x0000,
    0x0000, 0x0000, 0x0000, 0x0000, 0x0000, 0xB558, 0xACB4, 0xB5B9, 0xBE1B, 0xCE7B, 0xBDD9, 0xB598, 0xB577, 0xB577, 0xB577, 0xBD77,
    0xBD77, 0xBD36, 0xBD16, 0xCD77, 0xD5D9, 0xD5D9, 0xC4F6, 0xBCD5, 0xBCD5, 0xBCD5, 0xC4F5, 0xC516, 0xC536, 0xC556, 0xCD57, 0xCD77,
    0xCD77, 0xCD77, 0xCD77, 0xCD77, 0xCD77, 0xCD76, 0xCD56, 0xCD56, 0xCD36, 0xCD15, 0xCD15, 0xC4F5, 0xC4F5, 0xC4F5, 0xC4F5, 0xC4F5,
    0xC515, 0xC515, 0xCD36, 0xCD56, 0xCD56, 0xD577, 0xD597, 0xD5B7, 0xDDD8, 0xDDD8, 0xDDF8, 0xE5F8, 0xE619, 0xE639, 0xEE7A, 0xE67A,
    0xDE19, 0xDDF8, 0xDE39, 0xDE5A, 0xC5FA, 0xB5FA, 0xC61A, 0xE6BB, 0xF77D, 0xEEFC, 0xC537, 0xC598, 0x0000, 0x0000, 0x0000, 0x0000,
    0x0000, 0x0000, 0x0000, 0x0000, 0x0000, 0x0000, 0x0000, 0x0000, 0x0000, 0x0000, 0x0000, 0x0000, 0x0000, 0x0000, 0x0000, 0x0000,
    0x0000, 0x0000, 0x0000, 0x0000, 0x0000, 0x0000, 0x0000, 0x0000, 0x0000, 0x0000, 0x0000, 0x0000, 0x0000, 0x0000, 0x0000, 0x0000,
    0x0000, 0x0000, 0x0000, 0x0000, 0x0000, 0x0000, 0x0000, 0x0000, 0x0000, 0x0000, 0x0000, 0x0000, 0x0000, 0x0000, 0x0000, 0x0000,
    0x0000, 0x0000, 0x0000, 0x0000, 0x0000, 0x0000, 0x0000, 0x0000, 0x0000, 0x0000, 0x0000, 0x0000, 0x0000, 0x0000, 0x0000, 0x0000,
    0x0000, 0x0000, 0x0000, 0x0000, 0x0000, 0x0000, 0x0000, 0x0000, 0x0000, 0x0000, 0x0000, 0x0000, 0x0000, 0x0000, 0x0000, 0x0000,
    0x0000, 0x0000, 0x0000, 0x0000, 0x0000, 0x0000, 0x0000, 0x0000, 0x0000, 0x0000, 0x0000, 0x0000, 0x0000, 0x0000, 0x0000, 0x0000,
    0x0000, 0x0000, 0x0000, 0x0000, 0x0000, 0x0000, 0x0000, 0x0000, 0x0000, 0x0000, 0x0000, 0x0000, 0x0000, 0x0000, 0x0000, 0x0000,
    0x0000, 0x0000, 0x0000, 0x0000, 0x0000, 0x0000, 0x0000, 0x0000, 0x0000, 0x0000, 0x0000, 0x0000, 0x0000, 0x0000, 0x0000, 0x0000,
    0x0000, 0x0000, 0x0000, 0x0000, 0x0000, 0x0000, 0x0000, 0x0000, 0x0000, 0x0000, 0x0000, 0x0000, 0x0000, 0x0000, 0x0000, 0x0000,
    0x0000, 0x0000, 0x0000, 0x0000, 0x0000, 0x0000, 0x0000, 0x0000, 0x0000, 0x0000, 0x0000, 0x0000, 0x0000, 0x0000, 0x0000, 0x0000,
    0x0000, 0x0000, 0x0000, 0x0000, 0x0000, 0xAD37, 0xA4D6, 0xAD99, 0xBE1A, 0xBE1A, 0xADB9, 0xAD98, 0xAD98, 0xAD77, 0xB577, 0xB577,
    0xBD77, 0xBD57, 0xBD16, 0xC577, 0xCD98, 0xCDB8, 0xC516, 0xBCF5, 0xBCF5, 0xBCF5, 0xC516, 0xC536, 0xC556, 0xC577, 0xCD77, 0xCD97,
    0xCD97, 0xCD97, 0xCD97, 0xCD97, 0xCD97, 0xCD97, 0xCD77, 0xCD76, 0xCD56, 0xCD36, 0xCD15, 0xC515, 0xC515, 0xC515, 0xC536, 0xC536,
    0xC536, 0xCD56, 0xCD56, 0xCD76, 0xCD97, 0xD597, 0xD5B7, 0xD5B7, 0xD5D8, 0xD5D8, 0xDDF8, 0xDDF8, 0xDE19, 0xDE19, 0xE659, 0xE659,
    0xD619, 0xD5F8, 0xDE19, 0xDE5A, 0xC5FA, 0xADDA, 0xADD9, 0xC5F9, 0xE6BA, 0xEEDB, 0xCDD9, 0xCDD9, 0x0000, 0x0000, 0x0000, 0x0000,
    0x0000, 0x0000, 0x0000, 0x0000, 0x0000, 0x0000, 0x0000, 0x0000, 0x0000, 0x0000, 0x0000, 0x0000, 0x0000, 0x0000, 0x0000, 0x0000,
    0x0000, 0x0000, 0x0000, 0x0000, 0x0000, 0x0000, 0x0000, 0x0000, 0x0000, 0x0000, 0x0000, 0x0000, 0x0000, 0x0000, 0x0000, 0x0000,
    0x0000, 0x0000, 0x0000, 0x0000, 0x0000, 0x0000, 0x0000, 0x0000, 0x0000, 0x0000, 0x0000, 0x0000, 0x0000, 0x0000, 0x0000, 0x0000,
    0x0000, 0x0000, 0x0000, 0x0000, 0x0000, 0x0000, 0x0000, 0x0000, 0x0000, 0x0000, 0x0000, 0x0000, 0x0000, 0x0000, 0x0000, 0x0000,
    0x0000, 0x0000, 0x0000, 0x0000, 0x0000, 0x0000, 0x0000, 0x0000, 0x0000, 0x0000, 0x0000, 0x0000, 0x0000, 0x0000, 0x0000, 0x0000,
    0x0000, 0x0000, 0x0000, 0x0000, 0x0000, 0x0000, 0x0000, 0x0000, 0x0000, 0x0000, 0x0000, 0x0000, 0x0000, 0x0000, 0x0000, 0x0000,
    0x0000, 0x0000, 0x0000, 0x0000, 0x0000, 0x0000, 0x0000, 0x0000, 0x0000, 0x0000, 0x0000, 0x0000, 0x0000, 0x0000, 0x0000, 0x0000,
    0x0000, 0x0000, 0x0000, 0x0000, 0x0000, 0x0000, 0x0000, 0x0000, 0x0000, 0x0000, 0x0000, 0x0000, 0x0000, 0x0000, 0x0000, 0x0000,
    0x0000, 0x0000, 0x0000, 0x0000, 0x0000, 0x0000, 0x0000, 0x0000, 0x0000, 0x0000, 0x0000, 0x0000, 0x0000, 0x0000, 0x0000, 0x0000,
    0x0000, 0x0000, 0x0000, 0x0000, 0x0000, 0x0000, 0x0000, 0x0000, 0x0000, 0x0000, 0x0000, 0x0000, 0x0000, 0x0000, 0x0000, 0x0000,
    0x0000, 0x0000, 0x0000, 0x0000, 0x0000, 0xAD57, 0xA4D5, 0xAD98, 0xB5FA, 0xADD9, 0xADB9, 0xA598, 0xA598, 0xAD98, 0xAD97, 0xB577,
    0xB577, 0xB556, 0xB516, 0xBD77, 0xBD78, 0xBD77, 0xBD37, 0xBD16, 0xBD16, 0xBD36, 0xBD36, 0xC557, 0xC577, 0xC597, 0xCD97, 0xCD97,
    0xCD97, 0xCD97, 0xCD97, 0xCD97, 0xCD97, 0xCD97, 0xCD77, 0xCD77, 0xCD76, 0xCD56, 0xC536, 0xC536, 0xC536, 0xC536, 0xC556, 0xC556,
    0xC556, 0xC576, 0xCD77, 0xCD97, 0xCD97, 0xCDB7, 0xCDB7, 0xCDD8, 0xCDD8, 0xD5F8, 0xD5F8, 0xD5F8, 0xD619, 0xDE19, 0xDE39, 0xDE5A,
    0xCDF9, 0xCDD8, 0xCDF9, 0xD61A, 0xC5DA, 0xADBA, 0xADB9, 0xBDB9, 0xDE59, 0xDE5A, 0xC599, 0xC599, 0x0000, 0x0000, 0x0000, 0x0000,
    0x0000, 0x0000, 0x0000, 0x0000, 0x0000, 0x0000, 0x0000, 0x0000, 0x0000, 0x0000, 0x0000, 0x0000, 0x0000, 0x0000, 0x0000, 0x0000,
    0x0000, 0x0000, 0x0000, 0x0000, 0x0000, 0x0000, 0x0000, 0x0000, 0x0000, 0x0000, 0x0000, 0x0000, 0x0000, 0x0000, 0x0000, 0x0000,
    0x0000, 0x0000, 0x0000, 0x0000, 0x0000, 0x0000, 0x0000, 0x0000, 0x0000, 0x0000, 0x0000, 0x0000, 0x0000, 0x0000, 0x0000, 0x0000,
    0x0000, 0x0000, 0x0000, 0x0000, 0x0000, 0x0000, 0x0000, 0x0000, 0x0000, 0x0000, 0x0000, 0x0000, 0x0000, 0x0000, 0x0000, 0x0000,
    0x0000, 0x0000, 0x0000, 0x0000, 0x0000, 0x0000, 0x0000, 0x0000, 0x0000, 0x0000, 0x0000, 0x0000, 0x0000, 0x0000, 0x0000, 0x0000,
    0x0000, 0x0000, 0x0000, 0x0000, 0x0000, 0x0000, 0x0000, 0x0000, 0x0000, 0x0000, 0x0000, 0x0000, 0x0000, 0x0000, 0x0000, 0x0000,
    0x0000, 0x0000, 0x0000, 0x0000, 0x0000, 0x0000, 0x0000, 0x0000, 0x0000, 0x0000, 0x0000, 0x0000, 0x0000, 0x0000, 0x0000, 0x0000,
    0x0000, 0x0000, 0x0000, 0x0000, 0x0000, 0x0000, 0x0000, 0x0000, 0x0000, 0x0000, 0x0000, 0x0000, 0x0000, 0x0000, 0x0000, 0x0000,
    0x0000, 0x0000, 0x0000, 0x0000, 0x0000, 0x0000, 0x0000, 0x0000, 0x0000, 0x0000, 0x0000, 0x0000, 0x0000, 0x0000, 0x0000, 0x0000,
    0x0000, 0x0000, 0x0000, 0x0000, 0x0000, 0x0000, 0x0000, 0x0000, 0x0000, 0x0000, 0x0000, 0x0000, 0x0000, 0x0000, 0x0000, 0x0000,
    0x0000, 0x0000, 0x0000, 0x0000, 0x0000, 0xAD16, 0xB800, 0xAD78, 0xADB9, 0xADD9, 0xA5B8, 0xA598, 0xA598, 0xA598, 0xA598, 0xAD98,
    0xAD77, 0xAD56, 0xAD16, 0xB557, 0xBDB8, 0xBD78, 0xB557, 0xB536, 0xBD36, 0xBD56, 0xBD57, 0xC577, 0xC597, 0xC597, 0xC597, 0xC597,
    0xCD97, 0xCDB7, 0xCDB7, 0xCDB7, 0xCD97, 0xCD97, 0xCD97, 0xC577, 0xC577, 0xC556, 0xC536, 0xC536, 0xC536, 0xC556, 0xC557, 0xC577,
    0xC577, 0xC577, 0xC597, 0xC597, 0xC5B7, 0xC5B8, 0xCDB8, 0xCDD8, 0xCDD8, 0xCDF8, 0xCDF8, 0xCDF8, 0xCE19, 0xD619, 0xDE5A, 0xCE19,
    0xBD98, 0xC5D8, 0xC5D9, 0xC5D9, 0xBD99, 0xAD79, 0xB579, 0xBD98, 0xD5F9, 0xC5D9, 0xBD58, 0xBD78, 0x0000, 0x0000, 0x0000, 0x0000,
    0x0000, 0x0000, 0x0000, 0x0000, 0x0000, 0x0000, 0x0000, 0x0000, 0x0000, 0x0000, 0x0000, 0x0000, 0x0000, 0x0000, 0x0000, 0x0000,
    0x0000, 0x0000, 0x0000, 0x0000, 0x0000, 0x0000, 0x0000, 0x0000, 0x0000, 0x0000, 0x0000, 0x0000, 0x0000, 0x0000, 0x0000, 0x0000,
    0x0000, 0x0000, 0x0000, 0x0000, 0x0000, 0x0000, 0x0000, 0x0000, 0x0000, 0x0000, 0x0000, 0x0000, 0x0000, 0x0000, 0x0000, 0x0000,
    0x0000, 0x0000, 0x0000, 0x0000, 0x0000, 0x0000, 0x0000, 0x0000, 0x0000, 0x0000, 0x0000, 0x0000, 0x0000, 0x0000, 0x0000, 0x0000,
    0x0000, 0x0000, 0x0000, 0x0000, 0x0000, 0x0000, 0x0000, 0x0000, 0x0000, 0x0000, 0x0000, 0x0000, 0x0000, 0x0000, 0x0000, 0x0000,
    0x0000, 0x0000, 0x0000, 0x0000, 0x0000, 0x0000, 0x0000, 0x0000, 0x0000, 0x0000, 0x0000, 0x0000, 0x0000, 0x0000, 0x0000, 0x0000,
    0x0000, 0x0000, 0x0000, 0x0000, 0x0000, 0x0000, 0x0000, 0x0000, 0x0000, 0x0000, 0x0000, 0x0000, 0x0000, 0x0000, 0x0000, 0x0000,
    0x0000, 0x0000, 0x0000, 0x0000, 0x0000, 0x0000, 0x0000, 0x0000, 0x0000, 0x0000, 0x0000, 0x0000, 0x0000, 0x0000, 0x0000, 0x0000,
    0x0000, 0x0000, 0x0000, 0x0000, 0x0000, 0x0000, 0x0000, 0x0000, 0x0000, 0x0000, 0x0000, 0x0000, 0x0000, 0x0000, 0x0000, 0x0000,
    0x0000, 0x0000, 0x0000, 0x0000, 0x0000, 0x0000, 0x0000, 0x0000, 0x0000, 0x0000, 0x0000, 0x0000, 0x0000, 0x0000, 0x0000, 0x0000,
    0x0000, 0x0000, 0x0000, 0x0000, 0x0000, 0xAC74, 0x9CF7, 0x9CB6, 0xA537, 0xA599, 0xA5B8, 0xA598, 0xA598, 0xA598, 0xA598, 0xA578,
    0xA577, 0xA557, 0xA516, 0xAD37, 0xBDB8, 0xBDB8, 0xB577, 0xB557, 0xB557, 0xB577, 0xBD77, 0xBD97, 0xBD97, 0xC597, 0xC598, 0xC598,
    0xC597, 0xC5B7, 0xC5B7, 0xC5B7, 0xC597, 0xC597, 0xC597, 0xC577, 0xBD56, 0xBD36, 0xBD15, 0xBD35, 0xBD36, 0xBD56, 0xBD77, 0xBD77,
    0xBD77, 0xBD97, 0xC597, 0xC597, 0xC5B8, 0xC5B8, 0xC5D8, 0xC5D8, 0xC5D8, 0xC5F8, 0xC5F8, 0xC5F9, 0xC5F9, 0xCE19, 0xCE19, 0xBDD9,
    0xB578, 0xB5B8, 0xBDB8, 0xBD98, 0xBD59, 0xB538, 0xBD58, 0xC578, 0xC599, 0xB559, 0xC598, 0xC598, 0x0000, 0x0000, 0x0000, 0x0000,
    0x0000, 0x0000, 0x0000, 0x0000, 0x0000, 0x0000, 0x0000, 0x0000, 0x0000, 0x0000, 0x0000, 0x0000, 0x0000, 0x0000, 0x0000, 0x0000,
    0x0000, 0x0000, 0x0000, 0x0000, 0x0000, 0x0000, 0x0000, 0x0000, 0x0000, 0x0000, 0x0000, 0x0000, 0x0000, 0x0000, 0x0000, 0x0000,
    0x0000, 0x0000, 0x0000, 0x0000, 0x0000, 0x0000, 0x0000, 0x0000, 0x0000, 0x0000, 0x0000, 0x0000, 0x0000, 0x0000, 0x0000, 0x0000,
    0x0000, 0x0000, 0x0000, 0x0000, 0x0000, 0x0000, 0x0000, 0x0000, 0x0000, 0x0000, 0x0000, 0x0000, 0x0000, 0x0000, 0x0000, 0x0000,
    0x0000, 0x0000, 0x0000, 0x0000, 0x0000, 0x0000, 0x0000, 0x0000, 0x0000, 0x0000, 0x0000, 0x0000, 0x0000, 0x0000, 0x0000, 0x0000,
    0x0000, 0x0000, 0x0000, 0x0000, 0x0000, 0x0000, 0x0000, 0x0000, 0x0000, 0x0000, 0x0000, 0x0000, 0x0000, 0x0000, 0x0000, 0x0000,
    0x0000, 0x0000, 0x0000, 0x0000, 0x0000, 0x0000, 0x0000, 0x0000, 0x0000, 0x0000, 0x0000, 0x0000, 0x0000, 0x0000, 0x0000, 0x0000,
    0x0000, 0x0000, 0x0000, 0x0000, 0x0000, 0x0000, 0x0000, 0x0000, 0x0000, 0x0000, 0x0000, 0x0000, 0x0000, 0x0000, 0x0000, 0x0000,
    0x0000, 0x0000, 0x0000, 0x0000, 0x0000, 0x0000, 0x0000, 0x0000, 0x0000, 0x0000, 0x0000, 0x0000, 0x0000, 0x0000, 0x0000, 0x0000,
    0x0000, 0x0000, 0x0000, 0x0000, 0x0000, 0x0000, 0x0000, 0x0000, 0x0000, 0x0000, 0x0000, 0x0000, 0x0000, 0x0000, 0x0000, 0x0000,
    0x0000, 0x0000, 0x0000, 0x0000, 0x0000, 0xACB5, 0xACB5, 0x7477, 0x9CB5, 0x9CF7, 0x9D58, 0xA578, 0xA598, 0xA578, 0xA578, 0xA578,
    0x9D77, 0x9D57, 0x9D36, 0xA516, 0xAD77, 0xBDD9, 0xB598, 0xAD77, 0xAD77, 0xB577, 0xB577, 0xB597, 0xBD97, 0xBD97, 0xBD98, 0xBD98,
    0xC598, 0xC5B7, 0xC5B7, 0xBDB7, 0xBDB8, 0xBD97, 0xBD77, 0xBD56, 0xB536, 0xACF5, 0xACF4, 0xAD15, 0xB536, 0xB556, 0xB577, 0xB577,
    0xBD97, 0xBD97, 0xBD98, 0xBDB8, 0xBDB8, 0xBDB8, 0xBDD8, 0xBDD8, 0xBDD8, 0xBDD8, 0xBDF8, 0xBDF9, 0xBDF9, 0xC5F9, 0xC5F9, 0xB598,
    0xAD78, 0xB598, 0xB598, 0xB578, 0xBD58, 0xBD38, 0xC537, 0xBD38, 0xAD18, 0xACF8, 0x9CB9, 0x7BB9, 0x0000, 0x0000, 0x0000, 0x0000,
    0x0000, 0x0000, 0x0000, 0x0000, 0x0000, 0x0000, 0x0000, 0x0000, 0x0000, 0x0000, 0x0000, 0x0000, 0x0000, 0x0000, 0x0000, 0x0000,
    0x0000, 0x0000, 0x0000, 0x0000, 0x0000, 0x0000, 0x0000, 0x0000, 0x0000, 0x0000, 0x0000, 0x0000, 0x0000, 0x0000, 0x0000, 0x0000,
    0x0000, 0x0000, 0x0000, 0x0000, 0x0000, 0x0000, 0x0000, 0x0000, 0x0000, 0x0000, 0x0000, 0x0000, 0x0000, 0x0000, 0x0000, 0x0000,
    0x0000, 0x0000, 0x0000, 0x0000, 0x0000, 0x0000, 0x0000, 0x0000, 0x0000, 0x0000, 0x0000, 0x0000, 0x0000, 0x0000, 0x0000, 0x0000,
    0x0000, 0x0000, 0x0000, 0x0000, 0x0000, 0x0000, 0x0000, 0x0000, 0x0000, 0x0000, 0x0000, 0x0000, 0x0000, 0x0000, 0x0000, 0x0000,
    0x0000, 0x0000, 0x0000, 0x0000, 0x0000, 0x0000, 0x0000, 0x0000, 0x0000, 0x0000, 0x0000, 0x0000, 0x0000, 0x0000, 0x0000, 0x0000,
    0x0000, 0x0000, 0x0000, 0x0000, 0x0000, 0x0000, 0x0000, 0x0000, 0x0000, 0x0000, 0x0000, 0x0000, 0x0000, 0x0000, 0x0000, 0x0000,
    0x0000, 0x0000, 0x0000, 0x0000, 0x0000, 0x0000, 0x0000, 0x0000, 0x0000, 0x0000, 0x0000, 0x0000, 0x0000, 0x0000, 0x0000, 0x0000,
    0x0000, 0x0000, 0x0000, 0x0000, 0x0000, 0x0000, 0x0000, 0x0000, 0x0000, 0x0000, 0x0000, 0x0000, 0x0000, 0x0000, 0x0000, 0x0000,
    0x0000, 0x0000, 0x0000, 0x0000, 0x0000, 0x0000, 0x0000, 0x0000, 0x0000, 0x0000, 0x0000, 0x0000, 0x0000, 0x0000, 0x0000, 0x0000,
    0x0000, 0x0000, 0x0000, 0x0000, 0x0000, 0x0000, 0x9495, 0xBD57, 0xFE59, 0x9C75, 0x9496, 0x94D7, 0x9D37, 0xA578, 0xA578, 0x9D77,
    0x9D57, 0x9D57, 0x9D57, 0xA537, 0xA537, 0xBDF9, 0xBDD9, 0xAD97, 0xAD77, 0xAD77, 0xAD77, 0xAD97, 0xAD97, 0xB597, 0xB598, 0xB5B8,
    0xBDB8, 0xBDB8, 0xBDB8, 0xBDB8, 0xB5B8, 0xB5B8, 0xB577, 0xAD36, 0xACF5, 0xA4B4, 0xA4D4, 0xA4F5, 0xAD36, 0xAD57, 0xAD77, 0xAD97,
    0xAD97, 0xAD98, 0xADB8, 0xADB8, 0xB5B8, 0xB5B8, 0xB5B8, 0xB5D8, 0xB5D9, 0xB5D9, 0xB5D9, 0xB5D9, 0xBDF9, 0xC5F9, 0xC5F9, 0xAD78,
    0xB578, 0xB578, 0xB578, 0xB538, 0xB4F8, 0xB4F8, 0xB4D7, 0xACD8, 0xA4D8, 0xB472, 0xACF7, 0xDE38, 0x0000, 0x0000, 0x0000, 0x0000,
    0x0000, 0x0000, 0x0000, 0x0000, 0x0000, 0x0000, 0x0000, 0x0000, 0x0000, 0x0000, 0x0000, 0x0000, 0x0000, 0x0000, 0x0000, 0x0000,
    0x0000, 0x0000, 0x0000, 0x0000, 0x0000, 0x0000, 0x0000, 0x0000, 0x0000, 0x0000, 0x0000, 0x0000, 0x0000, 0x0000, 0x0000, 0x0000,
    0x0000, 0x0000, 0x0000, 0x0000, 0x0000, 0x0000, 0x0000, 0x0000, 0x0000, 0x0000, 0x0000, 0x0000, 0x0000, 0x0000, 0x0000, 0x0000,
    0x0000, 0x0000, 0x0000, 0x0000, 0x0000, 0x0000, 0x0000, 0x0000, 0x0000, 0x0000, 0x0000, 0x0000, 0x0000, 0x0000, 0x0000, 0x0000,
    0x0000, 0x0000, 0x0000, 0x0000, 0x0000, 0x0000, 0x0000, 0x0000, 0x0000, 0x0000, 0x0000, 0x0000, 0x0000, 0x0000, 0x0000, 0x0000,
    0x0000, 0x0000, 0x0000, 0x0000, 0x0000, 0x0000, 0x0000, 0x0000, 0x0000, 0x0000, 0x0000, 0x0000, 0x0000, 0x0000, 0x0000, 0x0000,
    0x0000, 0x0000, 0x0000, 0x0000, 0x0000, 0x0000, 0x0000, 0x0000, 0x0000, 0x0000, 0x0000, 0x0000, 0x0000, 0x0000, 0x0000, 0x0000,
    0x0000, 0x0000, 0x0000, 0x0000, 0x0000, 0x0000, 0x0000, 0x0000, 0x0000, 0x0000, 0x0000, 0x0000, 0x0000, 0x0000, 0x0000, 0x0000,
    0x0000, 0x0000, 0x0000, 0x0000, 0x0000, 0x0000, 0x0000, 0x0000, 0x0000, 0x0000, 0x0000, 0x0000, 0x0000, 0x0000, 0x0000, 0x0000,
    0x0000, 0x0000, 0x0000, 0x0000, 0x0000, 0x0000, 0x0000, 0x0000, 0x0000, 0x0000, 0x0000, 0x0000, 0x0000, 0x0000, 0x0000, 0x0000,
    0x0000, 0x0000, 0x0000, 0x0000, 0x0000, 0x0000, 0x0000, 0xDDF8, 0xCD98, 0x6B52, 0xA496, 0x9476, 0x94B6, 0x94D7, 0x94F7, 0x9D17,
    0x9D17, 0x9D17, 0x94F7, 0x94D7, 0x94B6, 0xB598, 0xC61A, 0xB5D8, 0xAD98, 0xA577, 0xA578, 0xAD98, 0xAD98, 0xAD98, 0xADB8, 0xADB8,
    0xB5B8, 0xB5B8, 0xB5B8, 0xB5B8, 0xADB8, 0xADB8, 0xA557, 0xA515, 0xA4D5, 0xA494, 0x9C53, 0x9CB5, 0x9CF5, 0xA536, 0xA577, 0xA598,
    0xA598, 0xAD98, 0xADB8, 0xADB8, 0xADB8, 0xADB8, 0xADB8, 0xADB8, 0xADD8, 0xADD9, 0xADD9, 0xB5F9, 0xBDF9, 0xC619, 0xB579, 0x9CB7,
    0xA4B8, 0xA4B8, 0xA4B8, 0xA498, 0xA497, 0xA497, 0xA497, 0xA4B6, 0x7C3C, 0xB4D6, 0xACD7, 0x0000, 0x0000, 0x0000, 0x0000, 0x0000,
    0x0000, 0x0000, 0x0000, 0x0000, 0x0000, 0x0000, 0x0000, 0x0000, 0x0000, 0x0000, 0x0000, 0x0000, 0x0000, 0x0000, 0x0000, 0x0000,
    0x0000, 0x0000, 0x0000, 0x0000, 0x0000, 0x0000, 0x0000, 0x0000, 0x0000, 0x0000, 0x0000, 0x0000, 0x0000, 0x0000, 0x0000, 0x0000,
    0x0000, 0x0000, 0x0000, 0x0000, 0x0000, 0x0000, 0x0000, 0x0000, 0x0000, 0x0000, 0x0000, 0x0000, 0x0000, 0x0000, 0x0000, 0x0000,
    0x0000, 0x0000, 0x0000, 0x0000, 0x0000, 0x0000, 0x0000, 0x0000, 0x0000, 0x0000, 0x0000, 0x0000, 0x0000, 0x0000, 0x0000, 0x0000,
    0x0000, 0x0000, 0x0000, 0x0000, 0x0000, 0x0000, 0x0000, 0x0000, 0x0000, 0x0000, 0x0000, 0x0000, 0x0000, 0x0000, 0x0000, 0x0000,
    0x0000, 0x0000, 0x0000, 0x0000, 0x0000, 0x0000, 0x0000, 0x0000, 0x0000, 0x0000, 0x0000, 0x0000, 0x0000, 0x0000, 0x0000, 0x0000,
    0x0000, 0x0000, 0x0000, 0x0000, 0x0000, 0x0000, 0x0000, 0x0000, 0x0000, 0x0000, 0x0000, 0x0000, 0x0000, 0x0000, 0x0000, 0x0000,
    0x0000, 0x0000, 0x0000, 0x0000, 0x0000, 0x0000, 0x0000, 0x0000, 0x0000, 0x0000, 0x0000, 0x0000, 0x0000, 0x0000, 0x0000, 0x0000,
    0x0000, 0x0000, 0x0000, 0x0000, 0x0000, 0x0000, 0x0000, 0x0000, 0x0000, 0x0000, 0x0000, 0x0000, 0x0000, 0x0000, 0x0000, 0x0000,
    0x0000, 0x0000, 0x0000, 0x0000, 0x0000, 0x0000, 0x0000, 0x0000, 0x0000, 0x0000, 0x0000, 0x0000, 0x0000, 0x0000, 0x0000, 0x0000,
    0x0000, 0x0000, 0x0000, 0x0000, 0x0000, 0x0000, 0x0000, 0x0000, 0xACD6, 0xD619, 0x8C15, 0xFFFF, 0xAD17, 0xA4D7, 0x9CB7, 0x94B7,
    0x94B7, 0x94B7, 0x94D7, 0x9497, 0x8C14, 0xAD17, 0xB598, 0xBDD9, 0xB5D8, 0xAD98, 0xAD98, 0xA598, 0xA598, 0xADB8, 0xADB8, 0xADB8,
    0xADB8, 0xADB8, 0xADB8, 0xADB8, 0xA598, 0x9D57, 0x9D16, 0xA4F6, 0xA4F6, 0x8391, 0x6A6D, 0x8370, 0x9474, 0x94D6, 0x9D17, 0x9D57,
    0xA578, 0xA598, 0xA598, 0xA5B8, 0xA5B8, 0xA5B8, 0xA5B8, 0xADB8, 0xADD8, 0xADD8, 0xB5D9, 0xBDF9, 0xBDD9, 0xBDB9, 0xAD18, 0x9437,
    0x9437, 0x9C57, 0x9C77, 0xA497, 0xACB7, 0xACD6, 0xD440, 0xA4B8, 0xBD15, 0xB4F6, 0x0000, 0x0000, 0x0000, 0x0000, 0x0000, 0x0000,
    0x0000, 0x0000, 0x0000, 0x0000, 0x0000, 0x0000, 0x0000, 0x0000, 0x0000, 0x0000, 0x0000, 0x0000, 0x0000, 0x0000, 0x0000, 0x0000,
    0x0000, 0x0000, 0x0000, 0x0000, 0x0000, 0x0000, 0x0000, 0x0000, 0x0000, 0x0000, 0x0000, 0x0000, 0x0000, 0x0000, 0x0000, 0x0000,
    0x0000, 0x0000, 0x0000, 0x0000, 0x0000, 0x0000, 0x0000, 0x0000, 0x0000, 0x0000, 0x0000, 0x0000, 0x0000, 0x0000, 0x0000, 0x0000,
    0x0000, 0x0000, 0x0000, 0x0000, 0x0000, 0x0000, 0x0000, 0x0000, 0x0000, 0x0000, 0x0000, 0x0000, 0x0000, 0x0000, 0x0000, 0x0000,
    0x0000, 0x0000, 0x0000, 0x0000, 0x0000, 0x0000, 0x0000, 0x0000, 0x0000, 0x0000, 0x0000, 0x0000, 0x0000, 0x0000, 0x0000, 0x0000,
    0x0000, 0x0000, 0x0000, 0x0000, 0x0000, 0x0000, 0x0000, 0x0000, 0x0000, 0x0000, 0x0000, 0x0000, 0x0000, 0x0000, 0x0000, 0x0000,
    0x0000, 0x0000, 0x0000, 0x0000, 0x0000, 0x0000, 0x0000, 0x0000, 0x0000, 0x0000, 0x0000, 0x0000, 0x0000, 0x0000, 0x0000, 0x0000,
    0x0000, 0x0000, 0x0000, 0x0000, 0x0000, 0x0000, 0x0000, 0x0000, 0x0000, 0x0000, 0x0000, 0x0000, 0x0000, 0x0000, 0x0000, 0x0000,
    0x0000, 0x0000, 0x0000, 0x0000, 0x0000, 0x0000, 0x0000, 0x0000, 0x0000, 0x0000, 0x0000, 0x0000, 0x0000, 0x0000, 0x0000, 0x0000,
    0x0000, 0x0000, 0x0000, 0x0000, 0x0000, 0x0000, 0x0000, 0x0000, 0x0000, 0x0000, 0x0000, 0x0000, 0x0000, 0x0000, 0x0000, 0x0000,
    0x0000, 0x0000, 0x0000, 0x0000, 0x0000, 0x0000, 0x0000, 0x0000, 0x0000, 0xCDB8, 0xEE59, 0xACF7, 0x8C76, 0x8456, 0x84B7, 0xFFFF,
    0xF71C, 0xEEBB, 0xEEFC, 0xD618, 0xAC91, 0xEF1C, 0xBDB9, 0xB598, 0xB5B8, 0xB5B8, 0xAD78, 0xA578, 0xA598, 0xA598, 0xA598, 0xA598,
    0xA598, 0xA578, 0x9D78, 0x9D37, 0x9D37, 0x9D17, 0x9CF6, 0xAD58, 0x9C94, 0x624C, 0x5A0B, 0x624C, 0x9B6E, 0xA410, 0x9C94, 0x94F6,
    0x9517, 0x9537, 0x9D58, 0x9D78, 0xA598, 0xA598, 0xA5B8, 0xADB8, 0xADB8, 0xB5D8, 0xB5B9, 0xB599, 0xB579, 0xBD78, 0xDE39, 0x8418,
    0xFFFC, 0x9479, 0x8C18, 0x9438, 0x9C78, 0xA497, 0xA496, 0xC4EE, 0xC4CF, 0x0000, 0x0000, 0x0000, 0x0000, 0x0000, 0x0000, 0x0000,
    0x0000, 0x0000, 0x0000, 0x0000, 0x0000, 0x0000, 0x0000, 0x0000, 0x0000, 0x0000, 0x0000, 0x0000, 0x0000, 0x0000, 0x0000, 0x0000,
    0x0000, 0x0000, 0x0000, 0x0000, 0x0000, 0x0000, 0x0000, 0x0000, 0x0000, 0x0000, 0x0000, 0x0000, 0x0000, 0x0000, 0x0000, 0x0000,
    0x0000, 0x0000, 0x0000, 0x0000, 0x0000, 0x0000, 0x0000, 0x0000, 0x0000, 0x0000, 0x0000, 0x0000, 0x0000, 0x0000, 0x0000, 0x0000,
    0x0000, 0x0000, 0x0000, 0x0000, 0x0000, 0x0000, 0x0000, 0x0000, 0x0000, 0x0000, 0x0000, 0x0000, 0x0000, 0x0000, 0x0000, 0x0000,
    0x0000, 0x0000, 0x0000, 0x0000, 0x0000, 0x0000, 0x0000, 0x0000, 0x0000, 0x0000, 0x0000, 0x0000, 0x0000, 0x0000, 0x0000, 0x0000,
    0x0000, 0x0000, 0x0000, 0x0000, 0x0000, 0x0000, 0x0000, 0x0000, 0x0000, 0x0000, 0x0000, 0x0000, 0x0000, 0x0000, 0x0000, 0x0000,
    0x0000, 0x0000, 0x0000, 0x0000, 0x0000, 0x0000, 0x0000, 0x0000, 0x0000, 0x0000, 0x0000, 0x0000, 0x0000, 0x0000, 0x0000, 0x0000,
    0x0000, 0x0000, 0x0000, 0x0000, 0x0000, 0x0000, 0x0000, 0x0000, 0x0000, 0x0000, 0x0000, 0x0000, 0x0000, 0x0000, 0x0000, 0x0000,
    0x0000, 0x0000, 0x0000, 0x0000, 0x0000, 0x0000, 0x0000, 0x0000, 0x0000, 0x0000, 0x0000, 0x0000, 0x0000, 0x0000, 0x0000, 0x0000,
    0x0000, 0x0000, 0x0000, 0x0000, 0x0000, 0x0000, 0x0000, 0x0000, 0x0000, 0x0000, 0x0000, 0x0000, 0x0000, 0x0000, 0x0000, 0x0000,
    0x0000, 0x0000, 0x0000, 0x0000, 0x0000, 0x0000, 0x0000, 0x0000, 0x0000, 0x0000, 0x0000, 0x0000, 0x0000, 0x0000, 0xFEB9, 0xFFDE,
    0xF71B, 0xEEBB, 0xEEFC, 0xD618, 0xACD2, 0xDE9B, 0xFFFF, 0xCE3A, 0xC5F9, 0xB599, 0xA4F7, 0x9CD6, 0x94D6, 0x94D6, 0x94D7, 0x94D7,
    0x94D6, 0x94D6, 0x94B6, 0x9C95, 0xA4B5, 0xAD58, 0xA517, 0xB557, 0x838F, 0x730D, 0x5A6A, 0x9C31, 0xAB4C, 0xA30A, 0xAB6C, 0xABEF,
    0xA452, 0x9CB4, 0x9CF6, 0xA537, 0xA557, 0xA557, 0xA557, 0xA578, 0xAD78, 0xAD79, 0xAD59, 0xAD59, 0xBD99, 0x3A30, 0xCDF9, 0x0010,
    0xFFFB, 0xFFFB, 0x0000, 0x0000, 0x0000, 0x0000, 0x0000, 0x0000, 0x0000, 0x0000, 0x0000, 0x0000, 0x0000, 0x0000, 0x0000, 0x0000,
    0x0000, 0x0000, 0x0000, 0x0000, 0x0000, 0x0000, 0x0000, 0x0000, 0x0000, 0x0000, 0x0000, 0x0000, 0x0000, 0x0000, 0x0000, 0x0000,
    0x0000, 0x0000, 0x0000, 0x0000, 0x0000, 0x0000, 0x0000, 0x0000, 0x0000, 0x0000, 0x0000, 0x0000, 0x0000, 0x0000, 0x0000, 0x0000,
    0x0000, 0x0000, 0x0000, 0x0000, 0x0000, 0x0000, 0x0000, 0x0000, 0x0000, 0x0000, 0x0000, 0x0000, 0x0000, 0x0000, 0x0000, 0x0000,
    0x0000, 0x0000, 0x0000, 0x0000, 0x0000, 0x0000, 0x0000, 0x0000, 0x0000, 0x0000, 0x0000, 0x0000, 0x0000, 0x0000, 0x0000, 0x0000,
    0x0000, 0x0000, 0x0000, 0x0000, 0x0000, 0x0000, 0x0000, 0x0000, 0x0000, 0x0000, 0x0000, 0x0000, 0x0000, 0x0000, 0x0000, 0x0000,
    0x0000, 0x0000, 0x0000, 0x0000, 0x0000, 0x0000, 0x0000, 0x0000, 0x0000, 0x0000, 0x0000, 0x0000, 0x0000, 0x0000, 0x0000, 0x0000,
    0x0000, 0x0000, 0x0000, 0x0000, 0x0000, 0x0000, 0x0000, 0x0000, 0x0000, 0x0000, 0x0000, 0x0000, 0x0000, 0x0000, 0x0000, 0x0000,
    0x0000, 0x0000, 0x0000, 0x0000, 0x0000, 0x0000, 0x0000, 0x0000, 0x0000, 0x0000, 0x0000, 0x0000, 0x0000, 0x0000, 0x0000, 0x0000,
    0x0000, 0x0000, 0x0000, 0x0000, 0x0000, 0x0000, 0x0000, 0x0000, 0x0000, 0x0000, 0x0000, 0x0000, 0x0000, 0x0000, 0x0000, 0x0000,
    0x0000, 0x0000, 0x0000, 0x0000, 0x0000, 0x0000, 0x0000, 0x0000, 0x0000, 0x0000, 0x0000, 0x0000, 0x0000, 0x0000, 0x0000, 0x0000,
    0x0000, 0x0000, 0x0000, 0x0000, 0x0000, 0x0000, 0x0000, 0x0000, 0x0000, 0x0000, 0x0000, 0x0000, 0x0000, 0x0000, 0x0000, 0x0000,
    0x0000, 0x0000, 0x0000, 0x0000, 0xFFFF, 0xBD78, 0xE6DC, 0xBD98, 0x4A0B, 0xCDF9, 0xBC92, 0xB40F, 0xABCF, 0xA3CF, 0xA3CF, 0x9BAF,
    0x9BAF, 0xA38E, 0xA34C, 0x9B0B, 0x9B0B, 0xA3AE, 0x9C95, 0xB557, 0x9432, 0x6AAC, 0x8B6E, 0xFF7F, 0xAB6C, 0xA30A, 0xAB2A, 0xAB4B,
    0xAB4B, 0xAB8C, 0xABAD, 0xB3EF, 0xB40F, 0xBC70, 0xC4D2, 0xBD98, 0xB5B9, 0xB579, 0xB518, 0x753B, 0xB599, 0xDE5A, 0xB599, 0x0000,
    0x0000, 0x0000, 0x0000, 0x0000, 0x0000, 0x0000, 0x0000, 0x0000, 0x0000, 0x0000, 0x0000, 0x0000, 0x0000, 0x0000, 0x0000, 0x0000,
    0x0000, 0x0000, 0x0000, 0x0000, 0x0000, 0x0000, 0x0000, 0x0000, 0x0000, 0x0000, 0x0000, 0x0000, 0x0000, 0x0000, 0x0000, 0x0000,
    0x0000, 0x0000, 0x0000, 0x0000, 0x0000, 0x0000, 0x0000, 0x0000, 0x0000, 0x0000, 0x0000, 0x0000, 0x0000, 0x0000, 0x0000, 0x0000,
    0x0000, 0x0000, 0x0000, 0x0000, 0x0000, 0x0000, 0x0000, 0x0000, 0x0000, 0x0000, 0x0000, 0x0000, 0x0000, 0x0000, 0x0000, 0x0000,
    0x0000, 0x0000, 0x0000, 0x0000, 0x0000, 0x0000, 0x0000, 0x0000, 0x0000, 0x0000, 0x0000, 0x0000, 0x0000, 0x0000, 0x0000, 0x0000,
    0x0000, 0x0000, 0x0000, 0x0000, 0x0000, 0x0000, 0x0000, 0x0000, 0x0000, 0x0000, 0x0000, 0x0000, 0x0000, 0x0000, 0x0000, 0x0000,
    0x0000, 0x0000, 0x0000, 0x0000, 0x0000, 0x0000, 0x0000, 0x0000, 0x0000, 0x0000, 0x0000, 0x0000, 0x0000, 0x0000, 0x0000, 0x0000,
    0x0000, 0x0000, 0x0000, 0x0000, 0x0000, 0x0000, 0x0000, 0x0000, 0x0000, 0x0000, 0x0000, 0x0000, 0x0000, 0x0000, 0x0000, 0x0000,
    0x0000, 0x0000, 0x0000, 0x0000, 0x0000, 0x0000, 0x0000, 0x0000, 0x0000, 0x0000, 0x0000, 0x0000, 0x0000, 0x0000, 0x0000, 0x0000,
    0x0000, 0x0000, 0x0000, 0x0000, 0x0000, 0x0000, 0x0000, 0x0000, 0x0000, 0x0000, 0x0000, 0x0000, 0x0000, 0x0000, 0x0000, 0x0000,
    0x0000, 0x0000, 0x0000, 0x0000, 0x0000, 0x0000, 0x0000, 0x0000, 0x0000, 0x0000, 0x0000, 0x0000, 0x0000, 0x0000, 0x0000, 0x0000,
    0x0000, 0x0000, 0x0000, 0x0000, 0x0000, 0x0000, 0x0000, 0x0000, 0x0000, 0x0000, 0x0000, 0x0000, 0x0000, 0x0000, 0x0000, 0x0000,
    0x0000, 0x0000, 0x0000, 0x0000, 0x0000, 0x0000, 0xFFFF, 0xFFFF, 0xD596, 0xEEFE, 0xC490, 0xBBED, 0xB38C, 0xAB4B, 0xAB2B, 0xA30A,
    0xA2EA, 0xA2EA, 0xA2EA, 0x9AC9, 0x9AEA, 0xA38E, 0x9B2B, 0xBD36, 0x0000, 0x0000, 0xC4D3, 0xFFFF, 0xAB8C, 0xAB2B, 0xAB4B, 0xAB4B,
    0xB34B, 0xB34B, 0xB36B, 0xB36B, 0xBBAC, 0xC40D, 0xCC90, 0xD4F2, 0xB515, 0xA559, 0xAD58, 0xBD78, 0xFE14, 0xD5B7, 0x0000, 0x0000,
    0x0000, 0x0000, 0x0000, 0x0000, 0x0000, 0x0000, 0x0000, 0x0000, 0x0000, 0x0000, 0x0000, 0x0000, 0x0000, 0x0000, 0x0000, 0x0000,
    0x0000, 0x0000, 0x0000, 0x0000, 0x0000, 0x0000, 0x0000, 0x0000, 0x0000, 0x0000, 0x0000, 0x0000, 0x0000, 0x0000, 0x0000, 0x0000,
    0x0000, 0x0000, 0x0000, 0x0000, 0x0000, 0x0000, 0x0000, 0x0000, 0x0000, 0x0000, 0x0000, 0x0000, 0x0000, 0x0000, 0x0000, 0x0000,
    0x0000, 0x0000, 0x0000, 0x0000, 0x0000, 0x0000, 0x0000, 0x0000, 0x0000, 0x0000, 0x0000, 0x0000, 0x0000, 0x0000, 0x0000, 0x0000,
    0x0000, 0x0000, 0x0000, 0x0000, 0x0000, 0x0000, 0x0000, 0x0000, 0x0000, 0x0000, 0x0000, 0x0000, 0x0000, 0x0000, 0x0000, 0x0000,
    0x0000, 0x0000, 0x0000, 0x0000, 0x0000, 0x0000, 0x0000, 0x0000, 0x0000, 0x0000, 0x0000, 0x0000, 0x0000, 0x0000, 0x0000, 0x0000,
    0x0000, 0x0000, 0x0000, 0x0000, 0x0000, 0x0000, 0x0000, 0x0000, 0x0000, 0x0000, 0x0000, 0x0000, 0x0000, 0x0000, 0x0000, 0x0000,
    0x0000, 0x0000, 0x0000, 0x0000, 0x0000, 0x0000, 0x0000, 0x0000, 0x0000, 0x0000, 0x0000, 0x0000, 0x0000, 0x0000, 0x0000, 0x0000,
    0x0000, 0x0000, 0x0000, 0x0000, 0x0000, 0x0000, 0x0000, 0x0000, 0x0000, 0x0000, 0x0000, 0x0000, 0x0000, 0x0000, 0x0000, 0x0000,
    0x0000, 0x0000, 0x0000, 0x0000, 0x0000, 0x0000, 0x0000, 0x0000, 0x0000, 0x0000, 0x0000, 0x0000, 0x0000, 0x0000, 0x0000, 0x0000,
    0x0000, 0x0000, 0x0000, 0x0000, 0x0000, 0x0000, 0x0000, 0x0000, 0x0000, 0x0000, 0x0000, 0x0000, 0x0000, 0x0000, 0x0000, 0x0000,
    0x0000, 0x0000, 0x0000, 0x0000, 0x0000, 0x0000, 0x0000, 0x0000, 0x0000, 0x0000, 0x0000, 0x0000, 0x0000, 0x0000, 0x0000, 0x0000,
    0x0000, 0x0000, 0x0000, 0x0000, 0x0000, 0x0000, 0x0000, 0x0000, 0xDE18, 0xFFFF, 0xCCD1, 0xBC0E, 0xB3AC, 0xAB6B, 0xAB4B, 0xAB2B,
    0xA30A, 0xA30A, 0xA30A, 0xA2EA, 0xA30B, 0xA36D, 0xA32C, 0x0000, 0x0000, 0x0000, 0xCD55, 0xFFFF, 0xB3AD, 0xAB4B, 0xAB4B, 0xB36B,
    0xB36B, 0xB36B, 0xB36B, 0xB38C, 0xBBAC, 0xC42E, 0xCCB0, 0xD555, 0xCCF2, 0x0000, 0x0000, 0x0000, 0x0000, 0x0000, 0x0000, 0x0000,
    0x0000, 0x0000, 0x0000, 0x0000, 0x0000, 0x0000, 0x0000, 0x0000, 0x0000, 0x0000, 0x0000, 0x0000, 0x0000, 0x0000, 0x0000, 0x0000,
    0x0000, 0x0000, 0x0000, 0x0000, 0x0000, 0x0000, 0x0000, 0x0000, 0x0000, 0x0000, 0x0000, 0x0000, 0x0000, 0x0000, 0x0000, 0x0000,
    0x0000, 0x0000, 0x0000, 0x0000, 0x0000, 0x0000, 0x0000, 0x0000, 0x0000, 0x0000, 0x0000, 0x0000, 0x0000, 0x0000, 0x0000, 0x0000,
    0x0000, 0x0000, 0x0000, 0x0000, 0x0000, 0x0000, 0x0000, 0x0000, 0x0000, 0x0000, 0x0000, 0x0000, 0x0000, 0x0000, 0x0000, 0x0000,
    0x0000, 0x0000, 0x0000, 0x0000, 0x0000, 0x0000, 0x0000, 0x0000, 0x0000, 0x0000, 0x0000, 0x0000, 0x0000, 0x0000, 0x0000, 0x0000,
    0x0000, 0x0000, 0x0000, 0x0000, 0x0000, 0x0000, 0x0000, 0x0000, 0x0000, 0x0000, 0x0000, 0x0000, 0x0000, 0x0000, 0x0000, 0x0000,
    0x0000, 0x0000, 0x0000, 0x0000, 0x0000, 0x0000, 0x0000, 0x0000, 0x0000, 0x0000, 0x0000, 0x0000, 0x0000, 0x0000, 0x0000, 0x0000,
    0x0000, 0x0000, 0x0000, 0x0000, 0x0000, 0x0000, 0x0000, 0x0000, 0x0000, 0x0000, 0x0000, 0x0000, 0x0000, 0x0000, 0x0000, 0x0000,
    0x0000, 0x0000, 0x0000, 0x0000, 0x0000, 0x0000, 0x0000, 0x0000, 0x0000, 0x0000, 0x0000, 0x0000, 0x0000, 0x0000, 0x0000, 0x0000,
    0x0000, 0x0000, 0x0000, 0x0000, 0x0000, 0x0000, 0x0000, 0x0000, 0x0000, 0x0000, 0x0000, 0x0000, 0x0000, 0x0000, 0x0000, 0x0000,
    0x0000, 0x0000, 0x0000, 0x0000, 0x0000, 0x0000, 0x0000, 0x0000, 0x0000, 0x0000, 0x0000, 0x0000, 0x0000, 0x0000, 0x0000, 0x0000,
    0x0000, 0x0000, 0x0000, 0x0000, 0x0000, 0x0000, 0x0000, 0x0000, 0x0000, 0x0000, 0x0000, 0x0000, 0x0000, 0x0000, 0x0000, 0x0000,
    0x0000, 0x0000, 0x0000, 0x0000, 0x0000, 0x0000, 0x0000, 0x0000, 0xE6DC, 0x9080, 0xCCF2, 0xBC2E, 0xB3CC, 0xB38C, 0xAB6B, 0xAB4B,
    0xAB2B, 0xAB2B, 0xA30A, 0xA30A, 0xA32B, 0xA38E, 0xA34C, 0x0000, 0x0000, 0x0000, 0xD5F8, 0x0800, 0xB3CD, 0xAB4B, 0xAB4B, 0xB36B,
    0xB36B, 0xB36B, 0xB38C, 0xB38C, 0xBBCC, 0xC44E, 0xCCB1, 0xDE7B, 0xCD13, 0x0000, 0x0000, 0x0000, 0x0000, 0x0000, 0x0000, 0x0000,
    0x0000, 0x0000, 0x0000, 0x0000, 0x0000, 0x0000, 0x0000, 0x0000, 0x0000, 0x0000, 0x0000, 0x0000, 0x0000, 0x0000, 0x0000, 0x0000,
    0x0000, 0x0000, 0x0000, 0x0000, 0x0000, 0x0000, 0x0000, 0x0000, 0x0000, 0x0000, 0x0000, 0x0000, 0x0000, 0x0000, 0x0000, 0x0000,
    0x0000, 0x0000, 0x0000, 0x0000, 0x0000, 0x0000, 0x0000, 0x0000, 0x0000, 0x0000, 0x0000, 0x0000, 0x0000, 0x0000, 0x0000, 0x0000,
    0x0000, 0x0000, 0x0000, 0x0000, 0x0000, 0x0000, 0x0000, 0x0000, 0x0000, 0x0000, 0x0000, 0x0000, 0x0000, 0x0000, 0x0000, 0x0000,
    0x0000, 0x0000, 0x0000, 0x0000, 0x0000, 0x0000, 0x0000, 0x0000, 0x0000, 0x0000, 0x0000, 0x0000, 0x0000, 0x0000, 0x0000, 0x0000,
    0x0000, 0x0000, 0x0000, 0x0000, 0x0000, 0x0000, 0x0000, 0x0000, 0x0000, 0x0000, 0x0000, 0x0000, 0x0000, 0x0000, 0x0000, 0x0000,
    0x0000, 0x0000, 0x0000, 0x0000, 0x0000, 0x0000, 0x0000, 0x0000, 0x0000, 0x0000, 0x0000, 0x0000, 0x0000, 0x0000, 0x0000, 0x0000,
    0x0000, 0x0000, 0x0000, 0x0000, 0x0000, 0x0000, 0x0000, 0x0000, 0x0000, 0x0000, 0x0000, 0x0000, 0x0000, 0x0000, 0x0000, 0x0000,
    0x0000, 0x0000, 0x0000, 0x0000, 0x0000, 0x0000, 0x0000, 0x0000, 0x0000, 0x0000, 0x0000, 0x0000, 0x0000, 0x0000, 0x0000, 0x0000,
    0x0000, 0x0000, 0x0000, 0x0000, 0x0000, 0x0000, 0x0000, 0x0000, 0x0000, 0x0000, 0x0000, 0x0000, 0x0000, 0x0000, 0x0000, 0x0000,
    0x0000, 0x0000, 0x0000, 0x0000, 0x0000, 0x0000, 0x0000, 0x0000, 0x0000, 0x0000, 0x0000, 0x0000, 0x0000, 0x0000, 0x0000, 0x0000,
    0x0000, 0x0000, 0x0000, 0x0000, 0x0000, 0x0000, 0x0000, 0x0000, 0x0000, 0x0000, 0x0000, 0x0000, 0x0000, 0x0000, 0x0000, 0x0000,
    0x0000, 0x0000, 0x0000, 0x0000, 0x0000, 0x0000, 0x0000, 0x0000, 0xF7BF, 0xBBAC, 0xCCF2, 0xC44F, 0xB3CD, 0xB3AC, 0xB36C, 0xAB4B,
    0xAB4B, 0xAB4B, 0xAB2B, 0xA30A, 0xA34C, 0xABF0, 0xAB8D, 0x0000, 0x0000, 0x0000, 0xDEBC, 0x7800, 0xB3AD, 0xAB4B, 0xB36B, 0xB38C,
    0xB38C, 0xB38C, 0xB38C, 0xB3AC, 0xBBCC, 0xC44E, 0xCCD1, 0x9000, 0xD554, 0x0000, 0x0000, 0x0000, 0x0000, 0x0000, 0x0000, 0x0000,
    0x0000, 0x0000, 0x0000, 0x0000, 0x0000, 0x0000, 0x0000, 0x0000, 0x0000, 0x0000, 0x0000, 0x0000, 0x0000, 0x0000, 0x0000, 0x0000,
    0x0000, 0x0000, 0x0000, 0x0000, 0x0000, 0x0000, 0x0000, 0x0000, 0x0000, 0x0000, 0x0000, 0x0000, 0x0000, 0x0000, 0x0000, 0x0000,
    0x0000, 0x0000, 0x0000, 0x0000, 0x0000, 0x0000, 0x0000, 0x0000, 0x0000, 0x0000, 0x0000, 0x0000, 0x0000, 0x0000, 0x0000, 0x0000,
    0x0000, 0x0000, 0x0000, 0x0000, 0x0000, 0x0000, 0x0000, 0x0000, 0x0000, 0x0000, 0x0000, 0x0000, 0x0000, 0x0000, 0x0000, 0x0000,
    0x0000, 0x0000, 0x0000, 0x0000, 0x0000, 0x0000, 0x0000, 0x0000, 0x0000, 0x0000, 0x0000, 0x0000, 0x0000, 0x0000, 0x0000, 0x0000,
    0x0000, 0x0000, 0x0000, 0x0000, 0x0000, 0x0000, 0x0000, 0x0000, 0x0000, 0x0000, 0x0000, 0x0000, 0x0000, 0x0000, 0x0000, 0x0000,
    0x0000, 0x0000, 0x0000, 0x0000, 0x0000, 0x0000, 0x0000, 0x0000, 0x0000, 0x0000, 0x0000, 0x0000, 0x0000, 0x0000, 0x0000, 0x0000,
    0x0000, 0x0000, 0x0000, 0x0000, 0x0000, 0x0000, 0x0000, 0x0000, 0x0000, 0x0000, 0x0000, 0x0000, 0x0000, 0x0000, 0x0000, 0x0000,
    0x0000, 0x0000, 0x0000, 0x0000, 0x0000, 0x0000, 0x0000, 0x0000, 0x0000, 0x0000, 0x0000, 0x0000, 0x0000, 0x0000, 0x0000, 0x0000,
    0x0000, 0x0000, 0x0000, 0x0000, 0x0000, 0x0000, 0x0000, 0x0000, 0x0000, 0x0000, 0x0000, 0x0000, 0x0000, 0x0000, 0x0000, 0x0000,
    0x0000, 0x0000, 0x0000, 0x0000, 0x0000, 0x0000, 0x0000, 0x0000, 0x0000, 0x0000, 0x0000, 0x0000, 0x0000, 0x0000, 0x0000, 0x0000,
    0x0000, 0x0000, 0x0000, 0x0000, 0x0000, 0x0000, 0x0000, 0x0000, 0x0000, 0x0000, 0x0000, 0x0000, 0x0000, 0x0000, 0x0000, 0x0000,
    0x0000, 0x0000, 0x0000, 0x0000, 0x0000, 0x0000, 0x0000, 0x0000, 0xFFFF, 0xCCF2, 0xD513, 0xC44F, 0xBBCD, 0xB3AC, 0xB38C, 0xAB6C,
    0xAB6B, 0xAB6B, 0xAB4B, 0xA32B, 0xA36C, 0xAC52, 0xABAE, 0x0000, 0x0000, 0x0000, 0xEF7F, 0x9183, 0xB3CD, 0xB36C, 0xB36B, 0xB38C,
    0xB38C, 0xB38C, 0xB38C, 0xBBAC, 0xC3ED, 0xCC6F, 0xCCF2, 0xC3AA, 0xD596, 0x0000, 0x0000, 0x0000, 0x0000, 0x0000, 0x0000, 0x0000,
    0x0000, 0x0000, 0x0000, 0x0000, 0x0000, 0x0000, 0x0000, 0x0000, 0x0000, 0x0000, 0x0000, 0x0000, 0x0000, 0x0000, 0x0000, 0x0000,
    0x0000, 0x0000, 0x0000, 0x0000, 0x0000, 0x0000, 0x0000, 0x0000, 0x0000, 0x0000, 0x0000, 0x0000, 0x0000, 0x0000, 0x0000, 0x0000,
    0x0000, 0x0000, 0x0000, 0x0000, 0x0000, 0x0000, 0x0000, 0x0000, 0x0000, 0x0000, 0x0000, 0x0000, 0x0000, 0x0000, 0x0000, 0x0000,
    0x0000, 0x0000, 0x0000, 0x0000, 0x0000, 0x0000, 0x0000, 0x0000, 0x0000, 0x0000, 0x0000, 0x0000, 0x0000, 0x0000, 0x0000, 0x0000,
    0x0000, 0x0000, 0x0000, 0x0000, 0x0000, 0x0000, 0x0000, 0x0000, 0x0000, 0x0000, 0x0000, 0x0000, 0x0000, 0x0000, 0x0000, 0x0000,
    0x0000, 0x0000, 0x0000, 0x0000, 0x0000, 0x0000, 0x0000, 0x0000, 0x0000, 0x0000, 0x0000, 0x0000, 0x0000, 0x0000, 0x0000, 0x0000,
    0x0000, 0x0000, 0x0000, 0x0000, 0x0000, 0x0000, 0x0000, 0x0000, 0x0000, 0x0000, 0x0000, 0x0000, 0x0000, 0x0000, 0x0000, 0x0000,
    0x0000, 0x0000, 0x0000, 0x0000, 0x0000, 0x0000, 0x0000, 0x0000, 0x0000, 0x0000, 0x0000, 0x0000, 0x0000, 0x0000, 0x0000, 0x0000,
    0x0000, 0x0000, 0x0000, 0x0000, 0x0000, 0x0000, 0x0000, 0x0000, 0x0000, 0x0000, 0x0000, 0x0000, 0x0000, 0x0000, 0x0000, 0x0000,
    0x0000, 0x0000, 0x0000, 0x0000, 0x0000, 0x0000, 0x0000, 0x0000, 0x0000, 0x0000, 0x0000, 0x0000, 0x0000, 0x0000, 0x0000, 0x0000,
    0x0000, 0x0000, 0x0000, 0x0000, 0x0000, 0x0000, 0x0000, 0x0000, 0x0000, 0x0000, 0x0000, 0x0000, 0x0000, 0x0000, 0x0000, 0x0000,
    0x0000, 0x0000, 0x0000, 0x0000, 0x0000, 0x0000, 0x0000, 0x0000, 0x0000, 0x0000, 0x0000, 0x0000, 0x0000, 0x0000, 0x0000, 0x0000,
    0x0000, 0x0000, 0x0000, 0x0000, 0x0000, 0x0000, 0x0000, 0x0000, 0xFFFF, 0xD513, 0xD513, 0xC46F, 0xBBED, 0xB3AC, 0xB3AC, 0xB38C,
    0xB38C, 0xAB6C, 0xAB6B, 0xAB2B, 0xAB6C, 0xACB5, 0xABAE, 0x0000, 0x0000, 0x0000, 0xF7FF, 0xA227, 0xB3CE, 0xB38C, 0xB38C, 0xB38C,
    0xB3AC, 0xB3AC, 0xB3AC, 0xBBAC, 0xC3ED, 0xCC6F, 0xD4F2, 0xCC4E, 0xDE7B, 0x0000, 0x0000, 0x0000, 0x0000, 0x0000, 0x0000, 0x0000,
    0x0000, 0x0000, 0x0000, 0x0000, 0x0000, 0x0000, 0x0000, 0x0000, 0x0000, 0x0000, 0x0000, 0x0000, 0x0000, 0x0000, 0x0000, 0x0000,
    0x0000, 0x0000, 0x0000, 0x0000, 0x0000, 0x0000, 0x0000, 0x0000, 0x0000, 0x0000, 0x0000, 0x0000, 0x0000, 0x0000, 0x0000, 0x0000,
    0x0000, 0x0000, 0x0000, 0x0000, 0x0000, 0x0000, 0x0000, 0x0000, 0x0000, 0x0000, 0x0000, 0x0000, 0x0000, 0x0000, 0x0000, 0x0000,
    0x0000, 0x0000, 0x0000, 0x0000, 0x0000, 0x0000, 0x0000, 0x0000, 0x0000, 0x0000, 0x0000, 0x0000, 0x0000, 0x0000, 0x0000, 0x0000,
    0x0000, 0x0000, 0x0000, 0x0000, 0x0000, 0x0000, 0x0000, 0x0000, 0x0000, 0x0000, 0x0000, 0x0000, 0x0000, 0x0000, 0x0000, 0x0000,
    0x0000, 0x0000, 0x0000, 0x0000, 0x0000, 0x0000, 0x0000, 0x0000, 0x0000, 0x0000, 0x0000, 0x0000, 0x0000, 0x0000, 0x0000, 0x0000,
    0x0000, 0x0000, 0x0000, 0x0000, 0x0000, 0x0000, 0x0000, 0x0000, 0x0000, 0x0000, 0x0000, 0x0000, 0x0000, 0x0000, 0x0000, 0x0000,
    0x0000, 0x0000, 0x0000, 0x0000, 0x0000, 0x0000, 0x0000, 0x0000, 0x0000, 0x0000, 0x0000, 0x0000, 0x0000, 0x0000, 0x0000, 0x0000,
    0x0000, 0x0000, 0x0000, 0x0000, 0x0000, 0x0000, 0x0000, 0x0000, 0x0000, 0x0000, 0x0000, 0x0000, 0x0000, 0x0000, 0x0000, 0x0000,
    0x0000, 0x0000, 0x0000, 0x0000, 0x0000, 0x0000, 0x0000, 0x0000, 0x0000, 0x0000, 0x0000, 0x0000, 0x0000, 0x0000, 0x0000, 0x0000,
    0x0000, 0x0000, 0x0000, 0x0000, 0x0000, 0x0000, 0x0000, 0x0000, 0x0000, 0x0000, 0x0000, 0x0000, 0x0000, 0x0000, 0x0000, 0x0000,
    0x0000, 0x0000, 0x0000, 0x0000, 0x0000, 0x0000, 0x0000, 0x0000, 0x0000, 0x0000, 0x0000, 0x0000, 0x0000, 0x0000, 0x0000, 0x0000,
    0x0000, 0x0000, 0x0000, 0x0000, 0x0000, 0x0000, 0x0000, 0x0000, 0x0000, 0xD533, 0xD533, 0xC470, 0xBBED, 0xB3CC, 0xB3AC, 0xB3AC,
    0xB3AC, 0xB38C, 0xAB6B, 0xAB4B, 0xAB6C, 0xAD79, 0xABAE, 0x0000, 0x0000, 0x0000, 0xF7FF, 0xA288, 0xB3CE, 0xB38C, 0xB38C, 0xB3AC,
    0xB3AC, 0xB3AC, 0xB3AC, 0xBBAC, 0xC40D, 0xCC8F, 0xD4F2, 0xCCD1, 0xEFFF, 0x0000, 0x0000, 0x0000, 0x0000, 0x0000, 0x0000, 0x0000,
    0x0000, 0x0000, 0x0000, 0x0000, 0x0000, 0x0000, 0x0000, 0x0000, 0x0000, 0x0000, 0x0000, 0x0000, 0x0000, 0x0000, 0x0000, 0x0000,
    0x0000, 0x0000, 0x0000, 0x0000, 0x0000, 0x0000, 0x0000, 0x0000, 0x0000, 0x0000, 0x0000, 0x0000, 0x0000, 0x0000, 0x0000, 0x0000,
    0x0000, 0x0000, 0x0000, 0x0000, 0x0000, 0x0000, 0x0000, 0x0000, 0x0000, 0x0000, 0x0000, 0x0000, 0x0000, 0x0000, 0x0000, 0x0000,
    0x0000, 0x0000, 0x0000, 0x0000, 0x0000, 0x0000, 0x0000, 0x0000, 0x0000, 0x0000, 0x0000, 0x0000, 0x0000, 0x0000, 0x0000, 0x0000,
    0x0000, 0x0000, 0x0000, 0x0000, 0x0000, 0x0000, 0x0000, 0x0000, 0x0000, 0x0000, 0x0000, 0x0000, 0x0000, 0x0000, 0x0000, 0x0000,
    0x0000, 0x0000, 0x0000, 0x0000, 0x0000, 0x0000, 0x0000, 0x0000, 0x0000, 0x0000, 0x0000, 0x0000, 0x0000, 0x0000, 0x0000, 0x0000,
    0x0000, 0x0000, 0x0000, 0x0000, 0x0000, 0x0000, 0x0000, 0x0000, 0x0000, 0x0000, 0x0000, 0x0000, 0x0000, 0x0000, 0x0000, 0x0000,
    0x0000, 0x0000, 0x0000, 0x0000, 0x0000, 0x0000, 0x0000, 0x0000, 0x0000, 0x0000, 0x0000, 0x0000, 0x0000, 0x0000, 0x0000, 0x0000,
    0x0000, 0x0000, 0x0000, 0x0000, 0x0000, 0x0000, 0x0000, 0x0000, 0x0000, 0x0000, 0x0000, 0x0000, 0x0000, 0x0000, 0x0000, 0x0000,
    0x0000, 0x0000, 0x0000, 0x0000, 0x0000, 0x0000, 0x0000, 0x0000, 0x0000, 0x0000, 0x0000, 0x0000, 0x0000, 0x0000, 0x0000, 0x0000,
    0x0000, 0x0000, 0x0000, 0x0000, 0x0000, 0x0000, 0x0000, 0x0000, 0x0000, 0x0000, 0x0000, 0x0000, 0x0000, 0x0000, 0x0000, 0x0000,
    0x0000, 0x0000, 0x0000, 0x0000, 0x0000, 0x0000, 0x0000, 0x0000, 0x0000, 0x0000, 0x0000, 0x0000, 0x0000, 0x0000, 0x0000, 0x0000,
    0x0000, 0x0000, 0x0000, 0x0000, 0x0000, 0x0000, 0x0000, 0x0000, 0x0000, 0xD554, 0xD574, 0xC490, 0xBBED, 0xBBCD, 0xBBCD, 0xB3CC,
    0xB3AC, 0xB3AC, 0xB38C, 0xAB4B, 0xAB8D, 0xC7FF, 0xABEF, 0x0000, 0x0000, 0x0000, 0xFFFF, 0xA2EA, 0xB3AD, 0xB38C, 0xB3AC, 0xB3AC,
    0xB3AC, 0xBBAC, 0xBBAC, 0xBBAC, 0xC40D, 0xCC90, 0xD512, 0xD4F2, 0xEFFF, 0x0000, 0x0000, 0x0000, 0x0000, 0x0000, 0x0000, 0x0000,
    0x0000, 0x0000, 0x0000, 0x0000, 0x0000, 0x0000, 0x0000, 0x0000, 0x0000, 0x0000, 0x0000, 0x0000, 0x0000, 0x0000, 0x0000, 0x0000,
    0x0000, 0x0000, 0x0000, 0x0000, 0x0000, 0x0000, 0x0000, 0x0000, 0x0000, 0x0000, 0x0000, 0x0000, 0x0000, 0x0000, 0x0000, 0x0000,
    0x0000, 0x0000, 0x0000, 0x0000, 0x0000, 0x0000, 0x0000, 0x0000, 0x0000, 0x0000, 0x0000, 0x0000, 0x0000, 0x0000, 0x0000, 0x0000,
    0x0000, 0x0000, 0x0000, 0x0000, 0x0000, 0x0000, 0x0000, 0x0000, 0x0000, 0x0000, 0x0000, 0x0000, 0x0000, 0x0000, 0x0000, 0x0000,
    0x0000, 0x0000, 0x0000, 0x0000, 0x0000, 0x0000, 0x0000, 0x0000, 0x0000, 0x0000, 0x0000, 0x0000, 0x0000, 0x0000, 0x0000, 0x0000,
    0x0000, 0x0000, 0x0000, 0x0000, 0x0000, 0x0000, 0x0000, 0x0000, 0x0000, 0x0000, 0x0000, 0x0000, 0x0000, 0x0000, 0x0000, 0x0000,
    0x0000, 0x0000, 0x0000, 0x0000, 0x0000, 0x0000, 0x0000, 0x0000, 0x0000, 0x0000, 0x0000, 0x0000, 0x0000, 0x0000, 0x0000, 0x0000,
    0x0000, 0x0000, 0x0000, 0x0000, 0x0000, 0x0000, 0x0000, 0x0000, 0x0000, 0x0000, 0x0000, 0x0000, 0x0000, 0x0000, 0x0000, 0x0000,
    0x0000, 0x0000, 0x0000, 0x0000, 0x0000, 0x0000, 0x0000, 0x0000, 0x0000, 0x0000, 0x0000, 0x0000, 0x0000, 0x0000, 0x0000, 0x0000,
    0x0000, 0x0000, 0x0000, 0x0000, 0x0000, 0x0000, 0x0000, 0x0000, 0x0000, 0x0000, 0x0000, 0x0000, 0x0000, 0x0000, 0x0000, 0x0000,
    0x0000, 0x0000, 0x0000, 0x0000, 0x0000, 0x0000, 0x0000, 0x0000, 0x0000, 0x0000, 0x0000, 0x0000, 0x0000, 0x0000, 0x0000, 0x0000,
    0x0000, 0x0000, 0x0000, 0x0000, 0x0000, 0x0000, 0x0000, 0x0000, 0x0000, 0x0000, 0x0000, 0x0000, 0x0000, 0x0000, 0x0000, 0x0000,
    0x0000, 0x0000, 0x0000, 0x0000, 0x0000, 0x0000, 0x0000, 0x0000, 0x0000, 0xD575, 0xD595, 0xCC90, 0xBC0E, 0xBBCD, 0xBBCC, 0xBBCC,
    0xBBCC, 0xB3AC, 0xB38C, 0xAB6B, 0xAB8D, 0xFFFF, 0xB410, 0x0000, 0x0000, 0x0000, 0xFFFF, 0xAB4C, 0xB3AD, 0xB38C, 0xB3AC, 0xB3AC,
    0xBBAC, 0xBBAC, 0xBBAC, 0xBBCC, 0xC40D, 0xCC90, 0xD513, 0xD4F2, 0x0000, 0x0000, 0x0000, 0x0000, 0x0000, 0x0000, 0x0000, 0x0000,
    0x0000, 0x0000, 0x0000, 0x0000, 0x0000, 0x0000, 0x0000, 0x0000, 0x0000, 0x0000, 0x0000, 0x0000, 0x0000, 0x0000, 0x0000, 0x0000,
    0x0000, 0x0000, 0x0000, 0x0000, 0x0000, 0x0000, 0x0000, 0x0000, 0x0000, 0x0000, 0x0000, 0x0000, 0x0000, 0x0000, 0x0000, 0x0000,
    0x0000, 0x0000, 0x0000, 0x0000, 0x0000, 0x0000, 0x0000, 0x0000, 0x0000, 0x0000, 0x0000, 0x0000, 0x0000, 0x0000, 0x0000, 0x0000,
    0x0000, 0x0000, 0x0000, 0x0000, 0x0000, 0x0000, 0x0000, 0x0000, 0x0000, 0x0000, 0x0000, 0x0000, 0x0000, 0x0000, 0x0000, 0x0000,
    0x0000, 0x0000, 0x0000, 0x0000, 0x0000, 0x0000, 0x0000, 0x0000, 0x0000, 0x0000, 0x0000, 0x0000, 0x0000, 0x0000, 0x0000, 0x0000,
    0x0000, 0x0000, 0x0000, 0x0000, 0x0000, 0x0000, 0x0000, 0x0000, 0x0000, 0x0000, 0x0000, 0x0000, 0x0000, 0x0000, 0x0000, 0x0000,
    0x0000, 0x0000, 0x0000, 0x0000, 0x0000, 0x0000, 0x0000, 0x0000, 0x0000, 0x0000, 0x0000, 0x0000, 0x0000, 0x0000, 0x0000, 0x0000,
    0x0000, 0x0000, 0x0000, 0x0000, 0x0000, 0x0000, 0x0000, 0x0000, 0x0000, 0x0000, 0x0000, 0x0000, 0x0000, 0x0000, 0x0000, 0x0000,
    0x0000, 0x0000, 0x0000, 0x0000, 0x0000, 0x0000, 0x0000, 0x0000, 0x0000, 0x0000, 0x0000, 0x0000, 0x0000, 0x0000, 0x0000, 0x0000,
    0x0000, 0x0000, 0x0000, 0x0000, 0x0000, 0x0000, 0x0000, 0x0000, 0x0000, 0x0000, 0x0000, 0x0000, 0x0000, 0x0000, 0x0000, 0x0000,
    0x0000, 0x0000, 0x0000, 0x0000, 0x0000, 0x0000, 0x0000, 0x0000, 0x0000, 0x0000, 0x0000, 0x0000, 0x0000, 0x0000, 0x0000, 0x0000,
    0x0000, 0x0000, 0x0000, 0x0000, 0x0000, 0x0000, 0x0000, 0x0000, 0x0000, 0x0000, 0x0000, 0x0000, 0x0000, 0x0000, 0x0000, 0x0000,
    0x0000, 0x0000, 0x0000, 0x0000, 0x0000, 0x0000, 0x0000, 0x0000, 0x0000, 0xDE18, 0xE638, 0xCCD1, 0xC42E, 0xA3AD, 0x7B2E, 0xA36C,
    0xBBCC, 0xBBCC, 0xB38C, 0xB36C, 0xB38D, 0xFFFF, 0xB410, 0x0000, 0x0000, 0x0000, 0xE77F, 0xA288, 0xB3CE, 0xB38C, 0xB3AC, 0xBBAC,
    0xA36C, 0x8B2D, 0xAB8C, 0xBBCC, 0xC42E, 0xCCB0, 0xD554, 0xD513, 0x0000, 0x0000, 0x0000, 0x0000, 0x0000, 0x0000, 0x0000, 0x0000,
    0x0000, 0x0000, 0x0000, 0x0000, 0x0000, 0x0000, 0x0000, 0x0000, 0x0000, 0x0000, 0x0000, 0x0000, 0x0000, 0x0000, 0x0000, 0x0000,
    0x0000, 0x0000, 0x0000, 0x0000, 0x0000, 0x0000, 0x0000, 0x0000, 0x0000, 0x0000, 0x0000, 0x0000, 0x0000, 0x0000, 0x0000, 0x0000,
    0x0000, 0x0000, 0x0000, 0x0000, 0x0000, 0x0000, 0x0000, 0x0000, 0x0000, 0x0000, 0x0000, 0x0000, 0x0000, 0x0000, 0x0000, 0x0000,
    0x0000, 0x0000, 0x0000, 0x0000, 0x0000, 0x0000, 0x0000, 0x0000, 0x0000, 0x0000, 0x0000, 0x0000, 0x0000, 0x0000, 0x0000, 0x0000,
    0x0000, 0x0000, 0x0000, 0x0000, 0x0000, 0x0000, 0x0000, 0x0000, 0x0000, 0x0000, 0x0000, 0x0000, 0x0000, 0x0000, 0x0000, 0x0000,
    0x0000, 0x0000, 0x0000, 0x0000, 0x0000, 0x0000, 0x0000, 0x0000, 0x0000, 0x0000, 0x0000, 0x0000, 0x0000, 0x0000, 0x0000, 0x0000,
    0x0000, 0x0000, 0x0000, 0x0000, 0x0000, 0x0000, 0x0000, 0x0000, 0x0000, 0x0000, 0x0000, 0x0000, 0x0000, 0x0000, 0x0000, 0x0000,
    0x0000, 0x0000, 0x0000, 0x0000, 0x0000, 0x0000, 0x0000, 0x0000, 0x0000, 0x0000, 0x0000, 0x0000, 0x0000, 0x0000, 0x0000, 0x0000,
    0x0000, 0x0000, 0x0000, 0x0000, 0x0000, 0x0000, 0x0000, 0x0000, 0x0000, 0x0000, 0x0000, 0x0000, 0x0000, 0x0000, 0x0000, 0x0000,
    0x0000, 0x0000, 0x0000, 0x0000, 0x0000, 0x0000, 0x0000, 0x0000, 0x0000, 0x0000, 0x0000, 0x0000, 0x0000, 0x0000, 0x0000, 0x0000,
    0x0000, 0x0000, 0x0000, 0x0000, 0x0000, 0x0000, 0x0000, 0x0000, 0x0000, 0x0000, 0x0000, 0x0000, 0x0000, 0x0000, 0x0000, 0x0000,
    0x0000, 0x0000, 0x0000, 0x0000, 0x0000, 0x0000, 0x0000, 0x0000, 0x0000, 0x0000, 0x0000, 0x0000, 0x0000, 0x0000, 0x0000, 0x0000,
    0x0000, 0x0000, 0x0000, 0x0000, 0x0000, 0x0000, 0x0000, 0x0000, 0xFFFF, 0xBD35, 0xBD35, 0xBC70, 0xB3EE, 0x8BF1, 0x5B93, 0x83D0,
    0xB3AC, 0xB3AC, 0xAB6B, 0xA32B, 0x932D, 0x8BD1, 0x936E, 0x0000, 0x0000, 0x0000, 0x93F1, 0x8C95, 0x9B6D, 0xAB6C, 0xB38C, 0xABAD,
    0x7B90, 0x5B31, 0x936E, 0xC3CC, 0xCC4E, 0xD4D1, 0xD5B7, 0xD534, 0x0000, 0x0000, 0x0000, 0x0000, 0x0000, 0x0000, 0x0000, 0x0000,
    0x0000, 0x0000, 0x0000, 0x0000, 0x0000, 0x0000, 0x0000, 0x0000, 0x0000, 0x0000, 0x0000, 0x0000, 0x0000, 0x0000, 0x0000, 0x0000,
    0x0000, 0x0000, 0x0000, 0x0000, 0x0000, 0x0000, 0x0000, 0x0000, 0x0000, 0x0000, 0x0000, 0x0000, 0x0000, 0x0000, 0x0000, 0x0000,
    0x0000, 0x0000, 0x0000, 0x0000, 0x0000, 0x0000, 0x0000, 0x0000, 0x0000, 0x0000, 0x0000, 0x0000, 0x0000, 0x0000, 0x0000, 0x0000,
    0x0000, 0x0000, 0x0000, 0x0000, 0x0000, 0x0000, 0x0000, 0x0000, 0x0000, 0x0000, 0x0000, 0x0000, 0x0000, 0x0000, 0x0000, 0x0000,
    0x0000, 0x0000, 0x0000, 0x0000, 0x0000, 0x0000, 0x0000, 0x0000, 0x0000, 0x0000, 0x0000, 0x0000, 0x0000, 0x0000, 0x0000, 0x0000,
    0x0000, 0x0000, 0x0000, 0x0000, 0x0000, 0x0000, 0x0000, 0x0000, 0x0000, 0x0000, 0x0000, 0x0000, 0x0000, 0x0000, 0x0000, 0x0000,
    0x0000, 0x0000, 0x0000, 0x0000, 0x0000, 0x0000, 0x0000, 0x0000, 0x0000, 0x0000, 0x0000, 0x0000, 0x0000, 0x0000, 0x0000, 0x0000,
    0x0000, 0x0000, 0x0000, 0x0000, 0x0000, 0x0000, 0x0000, 0x0000, 0x0000, 0x0000, 0x0000, 0x0000, 0x0000, 0x0000, 0x0000, 0x0000,
    0x0000, 0x0000, 0x0000, 0x0000, 0x0000, 0x0000, 0x0000, 0x0000, 0x0000, 0x0000, 0x0000, 0x0000, 0x0000, 0x0000, 0x0000, 0x0000,
    0x0000, 0x0000, 0x0000, 0x0000, 0x0000, 0x0000, 0x0000, 0x0000, 0x0000, 0x0000, 0x0000, 0x0000, 0x0000, 0x0000, 0x0000, 0x0000,
    0x0000, 0x0000, 0x0000, 0x0000, 0x0000, 0x0000, 0x0000, 0x0000, 0x0000, 0x0000, 0x0000, 0x0000, 0x0000, 0x0000, 0x0000, 0x0000,
    0x0000, 0x0000, 0x0000, 0x0000, 0x0000, 0x0000, 0x0000, 0x0000, 0x0000, 0x0000, 0x0000, 0x0000, 0x0000, 0x0000, 0x0000, 0x0000,
    0x0000, 0x0000, 0x0000, 0x0000, 0x0000, 0x0000, 0x0000, 0x0000, 0xFFFF, 0xBD56, 0xBD57, 0xACB3, 0x9C31, 0x7433, 0x6454, 0x7413,
    0x938F, 0x9B8E, 0x938E, 0x938F, 0x93B0, 0xA453, 0x8BB0, 0x0000, 0x0000, 0x0000, 0xA493, 0xACD5, 0x9411, 0x93AF, 0x938E, 0x836F,
    0x63F4, 0x5C15, 0x7BF1, 0xAB8D, 0xB3EE, 0xBC50, 0xB4F5, 0xBCB3, 0x0000, 0x0000, 0x0000, 0x0000, 0x0000, 0x0000, 0x0000, 0x0000,
    0x0000, 0x0000, 0x0000, 0x0000, 0x0000, 0x0000, 0x0000, 0x0000, 0x0000, 0x0000, 0x0000, 0x0000, 0x0000, 0x0000, 0x0000, 0x0000,
    0x0000, 0x0000, 0x0000, 0x0000, 0x0000, 0x0000, 0x0000, 0x0000, 0x0000, 0x0000, 0x0000, 0x0000, 0x0000, 0x0000, 0x0000, 0x0000,
    0x0000, 0x0000, 0x0000, 0x0000, 0x0000, 0x0000, 0x0000, 0x0000, 0x0000, 0x0000, 0x0000, 0x0000, 0x0000, 0x0000, 0x0000, 0x0000,
    0x0000, 0x0000, 0x0000, 0x0000, 0x0000, 0x0000, 0x0000, 0x0000, 0x0000, 0x0000, 0x0000, 0x0000, 0x0000, 0x0000, 0x0000, 0x0000,
    0x0000, 0x0000, 0x0000, 0x0000, 0x0000, 0x0000, 0x0000, 0x0000, 0x0000, 0x0000, 0x0000, 0x0000, 0x0000, 0x0000, 0x0000, 0x0000,
    0x0000, 0x0000, 0x0000, 0x0000, 0x0000, 0x0000, 0x0000, 0x0000, 0x0000, 0x0000, 0x0000, 0x0000, 0x0000, 0x0000, 0x0000, 0x0000,
    0x0000, 0x0000, 0x0000, 0x0000, 0x0000, 0x0000, 0x0000, 0x0000, 0x0000, 0x0000, 0x0000, 0x0000, 0x0000, 0x0000, 0x0000, 0x0000,
    0x0000, 0x0000, 0x0000, 0x0000, 0x0000, 0x0000, 0x0000, 0x0000, 0x0000, 0x0000, 0x0000, 0x0000, 0x0000, 0x0000, 0x0000, 0x0000,
    0x0000, 0x0000, 0x0000, 0x0000, 0x0000, 0x0000, 0x0000, 0x0000, 0x0000, 0x0000, 0x0000, 0x0000, 0x0000, 0x0000, 0x0000, 0x0000,
    0x0000, 0x0000, 0x0000, 0x0000, 0x0000, 0x0000, 0x0000, 0x0000, 0x0000, 0x0000, 0x0000, 0x0000, 0x0000, 0x0000, 0x0000, 0x0000,
    0x0000, 0x0000, 0x0000, 0x0000, 0x0000, 0x0000, 0x0000, 0x0000, 0x0000, 0x0000, 0x0000, 0x0000, 0x0000, 0x0000, 0x0000, 0x0000,
    0x0000, 0x0000, 0x0000, 0x0000, 0x0000, 0x0000, 0x0000, 0x0000, 0x0000, 0x0000, 0x0000, 0x0000, 0x0000, 0x0000, 0x0000, 0x0000,
    0x0000, 0x0000, 0x0000, 0x0000, 0x0000, 0x0000, 0x0000, 0x0000, 0xFFFF, 0xB516, 0xBD77, 0xACF5, 0x9C73, 0x6C34, 0x6434, 0x6413,
    0x8BF1, 0x9C32, 0x93F1, 0x93D0, 0x8BB0, 0x9C12, 0x8B90, 0x0000, 0x0000, 0xA4D4, 0x9C73, 0xA494, 0x9432, 0x9432, 0x9C52, 0x7BF2,
    0x5C14, 0x5C35, 0x7413, 0x9C31, 0xAC72, 0xACD4, 0xBD56, 0xB535, 0x0000, 0x0000, 0x0000, 0x0000, 0x0000, 0x0000, 0x0000, 0x0000,
    0x0000, 0x0000, 0x0000, 0x0000, 0x0000, 0x0000, 0x0000, 0x0000, 0x0000, 0x0000, 0x0000, 0x0000, 0x0000, 0x0000, 0x0000, 0x0000,
    0x0000, 0x0000, 0x0000, 0x0000, 0x0000, 0x0000, 0x0000, 0x0000, 0x0000, 0x0000, 0x0000, 0x0000, 0x0000, 0x0000, 0x0000, 0x0000,
    0x0000, 0x0000, 0x0000, 0x0000, 0x0000, 0x0000, 0x0000, 0x0000, 0x0000, 0x0000, 0x0000, 0x0000, 0x0000, 0x0000, 0x0000, 0x0000,
    0x0000, 0x0000, 0x0000, 0x0000, 0x0000, 0x0000, 0x0000, 0x0000, 0x0000, 0x0000, 0x0000, 0x0000, 0x0000, 0x0000, 0x0000, 0x0000,
    0x0000, 0x0000, 0x0000, 0x0000, 0x0000, 0x0000, 0x0000, 0x0000, 0x0000, 0x0000, 0x0000, 0x0000, 0x0000, 0x0000, 0x0000, 0x0000,
    0x0000, 0x0000, 0x0000, 0x0000, 0x0000, 0x0000, 0x0000, 0x0000, 0x0000, 0x0000, 0x0000, 0x0000, 0x0000, 0x0000, 0x0000, 0x0000,
    0x0000, 0x0000, 0x0000, 0x0000, 0x0000, 0x0000, 0x0000, 0x0000, 0x0000, 0x0000, 0x0000, 0x0000, 0x0000, 0x0000, 0x0000, 0x0000,
    0x0000, 0x0000, 0x0000, 0x0000, 0x0000, 0x0000, 0x0000, 0x0000, 0x0000, 0x0000, 0x0000, 0x0000, 0x0000, 0x0000, 0x0000, 0x0000,
    0x0000, 0x0000, 0x0000, 0x0000, 0x0000, 0x0000, 0x0000, 0x0000, 0x0000, 0x0000, 0x0000, 0x0000, 0x0000, 0x0000, 0x0000, 0x0000,
    0x0000, 0x0000, 0x0000, 0x0000, 0x0000, 0x0000, 0x0000, 0x0000, 0x0000, 0x0000, 0x0000, 0x0000, 0x0000, 0x0000, 0x0000, 0x0000,
    0x0000, 0x0000, 0x0000, 0x0000, 0x0000, 0x0000, 0x0000, 0x0000, 0x0000, 0x0000, 0x0000, 0x0000, 0x0000, 0x0000, 0x0000, 0x0000,
    0x0000, 0x0000, 0x0000, 0x0000, 0x0000, 0x0000, 0x0000, 0x0000, 0x0000, 0x0000, 0x0000, 0x0000, 0x0000, 0x0000, 0x0000, 0x0000,
    0x0000, 0x0000, 0x0000, 0x0000, 0x0000, 0x0000, 0x0000, 0x0000, 0xFFFF, 0xA4B5, 0xBD77, 0xACD4, 0x9C53, 0x7413, 0x5C14, 0x63D2,
    0x8BF1, 0x9411, 0x93F1, 0x8BB0, 0x8B90, 0x93F1, 0x836F, 0x0000, 0x0000, 0xF73D, 0x8BD1, 0xA494, 0x9412, 0x9412, 0x9C53, 0x8412,
    0x6414, 0x6455, 0x7C33, 0xA493, 0xACD4, 0xB515, 0xBD77, 0xB556, 0x0000, 0x0000, 0x0000, 0x0000, 0x0000, 0x0000, 0x0000, 0x0000,
    0x0000, 0x0000, 0x0000, 0x0000, 0x0000, 0x0000, 0x0000, 0x0000, 0x0000, 0x0000, 0x0000, 0x0000, 0x0000, 0x0000, 0x0000, 0x0000,
    0x0000, 0x0000, 0x0000, 0x0000, 0x0000, 0x0000, 0x0000, 0x0000, 0x0000, 0x0000, 0x0000, 0x0000, 0x0000, 0x0000, 0x0000, 0x0000,
    0x0000, 0x0000, 0x0000, 0x0000, 0x0000, 0x0000, 0x0000, 0x0000, 0x0000, 0x0000, 0x0000, 0x0000, 0x0000, 0x0000, 0x0000, 0x0000,
    0x0000, 0x0000, 0x0000, 0x0000, 0x0000, 0x0000, 0x0000, 0x0000, 0x0000, 0x0000, 0x0000, 0x0000, 0x0000, 0x0000, 0x0000, 0x0000,
    0x0000, 0x0000, 0x0000, 0x0000, 0x0000, 0x0000, 0x0000, 0x0000, 0x0000, 0x0000, 0x0000, 0x0000, 0x0000, 0x0000, 0x0000, 0x0000,
    0x0000, 0x0000, 0x0000, 0x0000, 0x0000, 0x0000, 0x0000, 0x0000, 0x0000, 0x0000, 0x0000, 0x0000, 0x0000, 0x0000, 0x0000, 0x0000,
    0x0000, 0x0000, 0x0000, 0x0000, 0x0000, 0x0000, 0x0000, 0x0000, 0x0000, 0x0000, 0x0000, 0x0000, 0x0000, 0x0000, 0x0000, 0x0000,
    0x0000, 0x0000, 0x0000, 0x0000, 0x0000, 0x0000, 0x0000, 0x0000, 0x0000, 0x0000, 0x0000, 0x0000, 0x0000, 0x0000, 0x0000, 0x0000,
    0x0000, 0x0000, 0x0000, 0x0000, 0x0000, 0x0000, 0x0000, 0x0000, 0x0000, 0x0000, 0x0000, 0x0000, 0x0000, 0x0000, 0x0000, 0x0000,
    0x0000, 0x0000, 0x0000, 0x0000, 0x0000, 0x0000, 0x0000, 0x0000, 0x0000, 0x0000, 0x0000, 0x0000, 0x0000, 0x0000, 0x0000, 0x0000,
    0x0000, 0x0000, 0x0000, 0x0000, 0x0000, 0x0000, 0x0000, 0x0000, 0x0000, 0x0000, 0x0000, 0x0000, 0x0000, 0x0000, 0x0000, 0x0000,
    0x0000, 0x0000, 0x0000, 0x0000, 0x0000, 0x0000, 0x0000, 0x0000, 0x0000, 0x0000, 0x0000, 0x0000, 0x0000, 0x0000, 0x0000, 0x0000,
    0x0000, 0x0000, 0x0000, 0x0000, 0x0000, 0x0000, 0x0000, 0x0000, 0xFFFF, 0xA4B4, 0xBD77, 0xACD5, 0x9C73, 0x8C12, 0x6BD2, 0x7BD1,
    0x9432, 0x9411, 0x93F1, 0x8BB0, 0x8B90, 0x93F1, 0x834F, 0x0000, 0x0000, 0xC5B8, 0x5A6B, 0x9C94, 0x9412, 0x9412, 0x9C73, 0x9432,
    0x6BF2, 0x6C13, 0x9432, 0xA493, 0xACD4, 0xB515, 0xBD77, 0xBD56, 0x0000, 0x0000, 0x0000, 0x0000, 0x0000, 0x0000, 0x0000, 0x0000,
    0x0000, 0x0000, 0x0000, 0x0000, 0x0000, 0x0000, 0x0000, 0x0000, 0x0000, 0x0000, 0x0000, 0x0000, 0x0000, 0x0000, 0x0000, 0x0000,
    0x0000, 0x0000, 0x0000, 0x0000, 0x0000, 0x0000, 0x0000, 0x0000, 0x0000, 0x0000, 0x0000, 0x0000, 0x0000, 0x0000, 0x0000, 0x0000,
    0x0000, 0x0000, 0x0000, 0x0000, 0x0000, 0x0000, 0x0000, 0x0000, 0x0000, 0x0000, 0x0000, 0x0000, 0x0000, 0x0000, 0x0000, 0x0000,
    0x0000, 0x0000, 0x0000, 0x0000, 0x0000, 0x0000, 0x0000, 0x0000, 0x0000, 0x0000, 0x0000, 0x0000, 0x0000, 0x0000, 0x0000, 0x0000,
    0x0000, 0x0000, 0x0000, 0x0000, 0x0000, 0x0000, 0x0000, 0x0000, 0x0000, 0x0000, 0x0000, 0x0000, 0x0000, 0x0000, 0x0000, 0x0000,
    0x0000, 0x0000, 0x0000, 0x0000, 0x0000, 0x0000, 0x0000, 0x0000, 0x0000, 0x0000, 0x0000, 0x0000, 0x0000, 0x0000, 0x0000, 0x0000,
    0x0000, 0x0000, 0x0000, 0x0000, 0x0000, 0x0000, 0x0000, 0x0000, 0x0000, 0x0000, 0x0000, 0x0000, 0x0000, 0x0000, 0x0000, 0x0000,
    0x0000, 0x0000, 0x0000, 0x0000, 0x0000, 0x0000, 0x0000, 0x0000, 0x0000, 0x0000, 0x0000, 0x0000, 0x0000, 0x0000, 0x0000, 0x0000,
    0x0000, 0x0000, 0x0000, 0x0000, 0x0000, 0x0000, 0x0000, 0x0000, 0x0000, 0x0000, 0x0000, 0x0000, 0x0000, 0x0000, 0x0000, 0x0000,
    0x0000, 0x0000, 0x0000, 0x0000, 0x0000, 0x0000, 0x0000, 0x0000, 0x0000, 0x0000, 0x0000, 0x0000, 0x0000, 0x0000, 0x0000, 0x0000,
    0x0000, 0x0000, 0x0000, 0x0000, 0x0000, 0x0000, 0x0000, 0x0000, 0x0000, 0x0000, 0x0000, 0x0000, 0x0000, 0x0000, 0x0000, 0x0000,
    0x0000, 0x0000, 0x0000, 0x0000, 0x0000, 0x0000, 0x0000, 0x0000, 0x0000, 0x0000, 0x0000, 0x0000, 0x0000, 0x0000, 0x0000, 0x0000,
    0x0000, 0x0000, 0x0000, 0x0000, 0x0000, 0x0000, 0x0000, 0x0000, 0xFFFF, 0x9C33, 0xBD77, 0xACF5, 0x9C73, 0x9C52, 0x9412, 0x9C32,
    0x9432, 0x9412, 0x93F1, 0x8BD1, 0x8B90, 0x93D1, 0x7B4E, 0xBCD5, 0x0000, 0xAD16, 0xFFFF, 0x9C73, 0x8C11, 0x9432, 0x9C53, 0x9C73,
    0x9432, 0x9432, 0xA473, 0xA493, 0xACD4, 0xB535, 0xBD97, 0xBD76, 0x0000, 0x0000, 0x0000, 0x0000, 0x0000, 0x0000, 0x0000, 0x0000,
    0x0000, 0x0000, 0x0000, 0x0000, 0x0000, 0x0000, 0x0000, 0x0000, 0x0000, 0x0000, 0x0000, 0x0000, 0x0000, 0x0000, 0x0000, 0x0000,
    0x0000, 0x0000, 0x0000, 0x0000, 0x0000, 0x0000, 0x0000, 0x0000, 0x0000, 0x0000, 0x0000, 0x0000, 0x0000, 0x0000, 0x0000, 0x0000,
    0x0000, 0x0000, 0x0000, 0x0000, 0x0000, 0x0000, 0x0000, 0x0000, 0x0000, 0x0000, 0x0000, 0x0000, 0x0000, 0x0000, 0x0000, 0x0000,
    0x0000, 0x0000, 0x0000, 0x0000, 0x0000, 0x0000, 0x0000, 0x0000, 0x0000, 0x0000, 0x0000, 0x0000, 0x0000, 0x0000, 0x0000, 0x0000,
    0x0000, 0x0000, 0x0000, 0x0000, 0x0000, 0x0000, 0x0000, 0x0000, 0x0000, 0x0000, 0x0000, 0x0000, 0x0000, 0x0000, 0x0000, 0x0000,
    0x0000, 0x0000, 0x0000, 0x0000, 0x0000, 0x0000, 0x0000, 0x0000, 0x0000, 0x0000, 0x0000, 0x0000, 0x0000, 0x0000, 0x0000, 0x0000,
    0x0000, 0x0000, 0x0000, 0x0000, 0x0000, 0x0000, 0x0000, 0x0000, 0x0000, 0x0000, 0x0000, 0x0000, 0x0000, 0x0000, 0x0000, 0x0000,
    0x0000, 0x0000, 0x0000, 0x0000, 0x0000, 0x0000, 0x0000, 0x0000, 0x0000, 0x0000, 0x0000, 0x0000, 0x0000, 0x0000, 0x0000, 0x0000,
    0x0000, 0x0000, 0x0000, 0x0000, 0x0000, 0x0000, 0x0000, 0x0000, 0x0000, 0x0000, 0x0000, 0x0000, 0x0000, 0x0000, 0x0000, 0x0000,
    0x0000, 0x0000, 0x0000, 0x0000, 0x0000, 0x0000, 0x0000, 0x0000, 0x0000, 0x0000, 0x0000, 0x0000, 0x0000, 0x0000, 0x0000, 0x0000,
    0x0000, 0x0000, 0x0000, 0x0000, 0x0000, 0x0000, 0x0000, 0x0000, 0x0000, 0x0000, 0x0000, 0x0000, 0x0000, 0x0000, 0x0000, 0x0000,
    0x0000, 0x0000, 0x0000, 0x0000, 0x0000, 0x0000, 0x0000, 0x0000, 0x0000, 0x0000, 0x0000, 0x0000, 0x0000, 0x0000, 0x0000, 0x0000,
    0x0000, 0x0000, 0x0000, 0x0000, 0x0000, 0x0000, 0x0000, 0x0000, 0xFFBF, 0x8BF2, 0xBD77, 0xACF5, 0x9C73, 0x9C53, 0x9C53, 0x9C52,
    0x9432, 0x9432, 0x9412, 0x8BD1, 0x8B90, 0x8BB1, 0xFFFF, 0xF77E, 0x0000, 0xA4D5, 0xCDF9, 0x9473, 0x8C11, 0x9432, 0x9C73, 0x9C73,
    0xA473, 0xA493, 0xA493, 0xACB3, 0xACF4, 0xB535, 0xBD97, 0xBD77, 0x0000, 0x0000, 0x0000, 0x0000, 0x0000, 0x0000, 0x0000, 0x0000,
    0x0000, 0x0000, 0x0000, 0x0000, 0x0000, 0x0000, 0x0000, 0x0000, 0x0000, 0x0000, 0x0000, 0x0000, 0x0000, 0x0000, 0x0000, 0x0000,
    0x0000, 0x0000, 0x0000, 0x0000, 0x0000, 0x0000, 0x0000, 0x0000, 0x0000, 0x0000, 0x0000, 0x0000, 0x0000, 0x0000, 0x0000, 0x0000,
    0x0000, 0x0000, 0x0000, 0x0000, 0x0000, 0x0000, 0x0000, 0x0000, 0x0000, 0x0000, 0x0000, 0x0000, 0x0000, 0x0000, 0x0000, 0x0000,
    0x0000, 0x0000, 0x0000, 0x0000, 0x0000, 0x0000, 0x0000, 0x0000, 0x0000, 0x0000, 0x0000, 0x0000, 0x0000, 0x0000, 0x0000, 0x0000,
    0x0000, 0x0000, 0x0000, 0x0000, 0x0000, 0x0000, 0x0000, 0x0000, 0x0000, 0x0000, 0x0000, 0x0000, 0x0000, 0x0000, 0x0000, 0x0000,
    0x0000, 0x0000, 0x0000, 0x0000, 0x0000, 0x0000, 0x0000, 0x0000, 0x0000, 0x0000, 0x0000, 0x0000, 0x0000, 0x0000, 0x0000, 0x0000,
    0x0000, 0x0000, 0x0000, 0x0000, 0x0000, 0x0000, 0x0000, 0x0000, 0x0000, 0x0000, 0x0000, 0x0000, 0x0000, 0x0000, 0x0000, 0x0000,
    0x0000, 0x0000, 0x0000, 0x0000, 0x0000, 0x0000, 0x0000, 0x0000, 0x0000, 0x0000, 0x0000, 0x0000, 0x0000, 0x0000, 0x0000, 0x0000,
    0x0000, 0x0000, 0x0000, 0x0000, 0x0000, 0x0000, 0x0000, 0x0000, 0x0000, 0x0000, 0x0000, 0x0000, 0x0000, 0x0000, 0x0000, 0x0000,
    0x0000, 0x0000, 0x0000, 0x0000, 0x0000, 0x0000, 0x0000, 0x0000, 0x0000, 0x0000, 0x0000, 0x0000, 0x0000, 0x0000, 0x0000, 0x0000,
    0x0000, 0x0000, 0x0000, 0x0000, 0x0000, 0x0000, 0x0000, 0x0000, 0x0000, 0x0000, 0x0000, 0x0000, 0x0000, 0x0000, 0x0000, 0x0000,
    0x0000, 0x0000, 0x0000, 0x0000, 0x0000, 0x0000, 0x0000, 0x0000, 0x0000, 0x0000, 0x0000, 0x0000, 0x0000, 0x0000, 0x0000, 0x0000,
    0x0000, 0x0000, 0x0000, 0x0000, 0x0000, 0x0000, 0x0000, 0x0000, 0xEF3D, 0x62CD, 0xBD97, 0xAD15, 0xA493, 0x9C73, 0x9C52, 0x9C52,
    0x9C52, 0x9C52, 0x9432, 0x93F1, 0x8BB0, 0x8BB1, 0xC556, 0xBD36, 0x0000, 0x9C93, 0xACF5, 0x9452, 0x8C11, 0x9432, 0x9C73, 0x9C73,
    0xA473, 0xA493, 0xA493, 0xACB3, 0xB4F4, 0xB556, 0xBD97, 0xBD77, 0x0000, 0x0000, 0x0000, 0x0000, 0x0000, 0x0000, 0x0000, 0x0000,
    0x0000, 0x0000, 0x0000, 0x0000, 0x0000, 0x0000, 0x0000, 0x0000, 0x0000, 0x0000, 0x0000, 0x0000, 0x0000, 0x0000, 0x0000, 0x0000,
    0x0000, 0x0000, 0x0000, 0x0000, 0x0000, 0x0000, 0x0000, 0x0000, 0x0000, 0x0000, 0x0000, 0x0000, 0x0000, 0x0000, 0x0000, 0x0000,
    0x0000, 0x0000, 0x0000, 0x0000, 0x0000, 0x0000, 0x0000, 0x0000, 0x0000, 0x0000, 0x0000, 0x0000, 0x0000, 0x0000, 0x0000, 0x0000,
    0x0000, 0x0000, 0x0000, 0x0000, 0x0000, 0x0000, 0x0000, 0x0000, 0x0000, 0x0000, 0x0000, 0x0000, 0x0000, 0x0000, 0x0000, 0x0000,
    0x0000, 0x0000, 0x0000, 0x0000, 0x0000, 0x0000, 0x0000, 0x0000, 0x0000, 0x0000, 0x0000, 0x0000, 0x0000, 0x0000, 0x0000, 0x0000,
    0x0000, 0x0000, 0x0000, 0x0000, 0x0000, 0x0000, 0x0000, 0x0000, 0x0000, 0x0000, 0x0000, 0x0000, 0x0000, 0x0000, 0x0000, 0x0000,
    0x0000, 0x0000, 0x0000, 0x0000, 0x0000, 0x0000, 0x0000, 0x0000, 0x0000, 0x0000, 0x0000, 0x0000, 0x0000, 0x0000, 0x0000, 0x0000,
    0x0000, 0x0000, 0x0000, 0x0000, 0x0000, 0x0000, 0x0000, 0x0000, 0x0000, 0x0000, 0x0000, 0x0000, 0x0000, 0x0000, 0x0000, 0x0000,
    0x0000, 0x0000, 0x0000, 0x0000, 0x0000, 0x0000, 0x0000, 0x0000, 0x0000, 0x0000, 0x0000, 0x0000, 0x0000, 0x0000, 0x0000, 0x0000,
    0x0000, 0x0000, 0x0000, 0x0000, 0x0000, 0x0000, 0x0000, 0x0000, 0x0000, 0x0000, 0x0000, 0x0000, 0x0000, 0x0000, 0x0000, 0x0000,
    0x0000, 0x0000, 0x0000, 0x0000, 0x0000, 0x0000, 0x0000, 0x0000, 0x0000, 0x0000, 0x0000, 0x0000, 0x0000, 0x0000, 0x0000, 0x0000,
    0x0000, 0x0000, 0x0000, 0x0000, 0x0000, 0x0000, 0x0000, 0x0000, 0x0000, 0x0000, 0x0000, 0x0000, 0x0000, 0x0000, 0x0000, 0x0000,
    0x0000, 0x0000, 0x0000, 0x0000, 0x0000, 0x0000, 0x0000, 0x0000, 0xDE9B, 0xFFFF, 0xBD97, 0xAD16, 0xA4B4, 0xA493, 0x9C73, 0x9C53,
    0x9C53, 0x9C53, 0x9C53, 0x9412, 0x8BD1, 0x8BD1, 0xAC94, 0xAC94, 0x0000, 0x9452, 0xACD5, 0x9432, 0x8C11, 0x9432, 0x9C73, 0x9C73,
    0x9C73, 0xA473, 0xA493, 0xACD3, 0xB515, 0xBD56, 0xBD98, 0xBD97, 0xC5D9, 0x0000, 0x0000, 0x0000, 0x0000, 0x0000, 0x0000, 0x0000,
    0x0000, 0x0000, 0x0000, 0x0000, 0x0000, 0x0000, 0x0000, 0x0000, 0x0000, 0x0000, 0x0000, 0x0000, 0x0000, 0x0000, 0x0000, 0x0000,
    0x0000, 0x0000, 0x0000, 0x0000, 0x0000, 0x0000, 0x0000, 0x0000, 0x0000, 0x0000, 0x0000, 0x0000, 0x0000, 0x0000, 0x0000, 0x0000,
    0x0000, 0x0000, 0x0000, 0x0000, 0x0000, 0x0000, 0x0000, 0x0000, 0x0000, 0x0000, 0x0000, 0x0000, 0x0000, 0x0000, 0x0000, 0x0000,
    0x0000, 0x0000, 0x0000, 0x0000, 0x0000, 0x0000, 0x0000, 0x0000, 0x0000, 0x0000, 0x0000, 0x0000, 0x0000, 0x0000, 0x0000, 0x0000,
    0x0000, 0x0000, 0x0000, 0x0000, 0x0000, 0x0000, 0x0000, 0x0000, 0x0000, 0x0000, 0x0000, 0x0000, 0x0000, 0x0000, 0x0000, 0x0000,
    0x0000, 0x0000, 0x0000, 0x0000, 0x0000, 0x0000, 0x0000, 0x0000, 0x0000, 0x0000, 0x0000, 0x0000, 0x0000, 0x0000, 0x0000, 0x0000,
    0x0000, 0x0000, 0x0000, 0x0000, 0x0000, 0x0000, 0x0000, 0x0000, 0x0000, 0x0000, 0x0000, 0x0000, 0x0000, 0x0000, 0x0000, 0x0000,
    0x0000, 0x0000, 0x0000, 0x0000, 0x0000, 0x0000, 0x0000, 0x0000, 0x0000, 0x0000, 0x0000, 0x0000, 0x0000, 0x0000, 0x0000, 0x0000,
    0x0000, 0x0000, 0x0000, 0x0000, 0x0000, 0x0000, 0x0000, 0x0000, 0x0000, 0x0000, 0x0000, 0x0000, 0x0000, 0x0000, 0x0000, 0x0000,
    0x0000, 0x0000, 0x0000, 0x0000, 0x0000, 0x0000, 0x0000, 0x0000, 0x0000, 0x0000, 0x0000, 0x0000, 0x0000, 0x0000, 0x0000, 0x0000,
    0x0000, 0x0000, 0x0000, 0x0000, 0x0000, 0x0000, 0x0000, 0x0000, 0x0000, 0x0000, 0x0000, 0x0000, 0x0000, 0x0000, 0x0000, 0x0000,
    0x0000, 0x0000, 0x0000, 0x0000, 0x0000, 0x0000, 0x0000, 0x0000, 0x0000, 0x0000, 0x0000, 0x0000, 0x0000, 0x0000, 0x0000, 0x0000,
    0x0000, 0x0000, 0x0000, 0x0000, 0x0000, 0x0000, 0x0000, 0x0000, 0xCE3A, 0xEF1D, 0xBD98, 0xB536, 0xACF5, 0xA4D5, 0xA4B4, 0xA494,
    0x9C93, 0x9C73, 0x9C73, 0x9C52, 0x93F1, 0x8BD1, 0x9C53, 0x9C53, 0xFFFF, 0x8BF1, 0xA4D4, 0x8C11, 0x8BF1, 0x9432, 0x9C73, 0x9C73,
    0x9C93, 0xA493, 0xA4D4, 0xACF4, 0xB535, 0xBD77, 0xBDB8, 0xB557, 0xE6FC, 0x0000, 0x0000, 0x0000, 0x0000, 0x0000, 0x0000, 0x0000,
    0x0000, 0x0000, 0x0000, 0x0000, 0x0000, 0x0000, 0x0000, 0x0000, 0x0000, 0x0000, 0x0000, 0x0000, 0x0000, 0x0000, 0x0000, 0x0000,
    0x0000, 0x0000, 0x0000, 0x0000, 0x0000, 0x0000, 0x0000, 0x0000, 0x0000, 0x0000, 0x0000, 0x0000, 0x0000, 0x0000, 0x0000, 0x0000,
    0x0000, 0x0000, 0x0000, 0x0000, 0x0000, 0x0000, 0x0000, 0x0000, 0x0000, 0x0000, 0x0000, 0x0000, 0x0000, 0x0000, 0x0000, 0x0000,
    0x0000, 0x0000, 0x0000, 0x0000, 0x0000, 0x0000, 0x0000, 0x0000, 0x0000, 0x0000, 0x0000, 0x0000, 0x0000, 0x0000, 0x0000, 0x0000,
    0x0000, 0x0000, 0x0000, 0x0000, 0x0000, 0x0000, 0x0000, 0x0000, 0x0000, 0x0000, 0x0000, 0x0000, 0x0000, 0x0000, 0x0000, 0x0000,
    0x0000, 0x0000, 0x0000, 0x0000, 0x0000, 0x0000, 0x0000, 0x0000, 0x0000, 0x0000, 0x0000, 0x0000, 0x0000, 0x0000, 0x0000, 0x0000,
    0x0000, 0x0000, 0x0000, 0x0000, 0x0000, 0x0000, 0x0000, 0x0000, 0x0000, 0x0000, 0x0000, 0x0000, 0x0000, 0x0000, 0x0000, 0x0000,
    0x0000, 0x0000, 0x0000, 0x0000, 0x0000, 0x0000, 0x0000, 0x0000, 0x0000, 0x0000, 0x0000, 0x0000, 0x0000, 0x0000, 0x0000, 0x0000,
    0x0000, 0x0000, 0x0000, 0x0000, 0x0000, 0x0000, 0x0000, 0x0000, 0x0000, 0x0000, 0x0000, 0x0000, 0x0000, 0x0000, 0x0000, 0x0000,
    0x0000, 0x0000, 0x0000, 0x0000, 0x0000, 0x0000, 0x0000, 0x0000, 0x0000, 0x0000, 0x0000, 0x0000, 0x0000, 0x0000, 0x0000, 0x0000,
    0x0000, 0x0000, 0x0000, 0x0000, 0x0000, 0x0000, 0x0000, 0x0000, 0x0000, 0x0000, 0x0000, 0x0000, 0x0000, 0x0000, 0x0000, 0x0000,
    0x0000, 0x0000, 0x0000, 0x0000, 0x0000, 0x0000, 0x0000, 0x0000, 0x0000, 0x0000, 0x0000, 0x0000, 0x0000, 0x0000, 0x0000, 0x0000,
    0x0000, 0x0000, 0x0000, 0x0000, 0x0000, 0x0000, 0x0000, 0xDEDC, 0xCE3A, 0xCE5A, 0xBDD8, 0xB597, 0xB577, 0xB556, 0xAD36, 0xACF5,
    0xA4D5, 0xA4B4, 0xA494, 0x9C73, 0x9432, 0x93F1, 0x9C32, 0x9412, 0xFFFF, 0x7BB0, 0x9C73, 0x8BF1, 0x8BF1, 0x9432, 0x9C73, 0x9C93,
    0xA4B4, 0xACF4, 0xAD15, 0xB535, 0xBD76, 0xBD97, 0xC5D8, 0xACF5, 0xCE3A, 0x0000, 0x0000, 0x0000, 0x0000, 0x0000, 0x0000, 0x0000,
    0x0000, 0x0000, 0x0000, 0x0000, 0x0000, 0x0000, 0x0000, 0x0000, 0x0000, 0x0000, 0x0000, 0x0000, 0x0000, 0x0000, 0x0000, 0x0000,
    0x0000, 0x0000, 0x0000, 0x0000, 0x0000, 0x0000, 0x0000, 0x0000, 0x0000, 0x0000, 0x0000, 0x0000, 0x0000, 0x0000, 0x0000, 0x0000,
    0x0000, 0x0000, 0x0000, 0x0000, 0x0000, 0x0000, 0x0000, 0x0000, 0x0000, 0x0000, 0x0000, 0x0000, 0x0000, 0x0000, 0x0000, 0x0000,
    0x0000, 0x0000, 0x0000, 0x0000, 0x0000, 0x0000, 0x0000, 0x0000, 0x0000, 0x0000, 0x0000, 0x0000, 0x0000, 0x0000, 0x0000, 0x0000,
    0x0000, 0x0000, 0x0000, 0x0000, 0x0000, 0x0000, 0x0000, 0x0000, 0x0000, 0x0000, 0x0000, 0x0000, 0x0000, 0x0000, 0x0000, 0x0000,
    0x0000, 0x0000, 0x0000, 0x0000, 0x0000, 0x0000, 0x0000, 0x0000, 0x0000, 0x0000, 0x0000, 0x0000, 0x0000, 0x0000, 0x0000, 0x0000,
    0x0000, 0x0000, 0x0000, 0x0000, 0x0000, 0x0000, 0x0000, 0x0000, 0x0000, 0x0000, 0x0000, 0x0000, 0x0000, 0x0000, 0x0000, 0x0000,
    0x0000, 0x0000, 0x0000, 0x0000, 0x0000, 0x0000, 0x0000, 0x0000, 0x0000, 0x0000, 0x0000, 0x0000, 0x0000, 0x0000, 0x0000, 0x0000,
    0x0000, 0x0000, 0x0000, 0x0000, 0x0000, 0x0000, 0x0000, 0x0000, 0x0000, 0x0000, 0x0000, 0x0000, 0x0000, 0x0000, 0x0000, 0x0000,
    0x0000, 0x0000, 0x0000, 0x0000, 0x0000, 0x0000, 0x0000, 0x0000, 0x0000, 0x0000, 0x0000, 0x0000, 0x0000, 0x0000, 0x0000, 0x0000,
    0x0000, 0x0000, 0x0000, 0x0000, 0x0000, 0x0000, 0x0000, 0x0000, 0x0000, 0x0000, 0x0000, 0x0000, 0x0000, 0x0000, 0x0000, 0x0000,
    0x0000, 0x0000, 0x0000, 0x0000, 0x0000, 0x0000, 0x0000, 0x0000, 0x0000, 0x0000, 0x0000, 0x0000, 0x0000, 0x0000, 0x0000, 0x0000,
    0x0000, 0x0000, 0x0000, 0x0000, 0x0000, 0x0000, 0x0000, 0xE6DC, 0xBDB9, 0xCE3A, 0xC61A, 0xC63A, 0xBDD8, 0xB598, 0xB577, 0xAD56,
    0xAD36, 0xAD15, 0xA4D5, 0xA4B4, 0x9453, 0x9412, 0x9C53, 0x628C, 0xCDB8, 0x734E, 0x9452, 0x83D1, 0x8BF1, 0x9432, 0x9C73, 0xA4B4,
    0xA4F4, 0xAD15, 0xB536, 0xB556, 0xC5B7, 0xC5F8, 0xCE19, 0xDEDD, 0xCE3A, 0x0000, 0x0000, 0x0000, 0x0000, 0x0000, 0x0000, 0x0000,
    0x0000, 0x0000, 0x0000, 0x0000, 0x0000, 0x0000, 0x0000, 0x0000, 0x0000, 0x0000, 0x0000, 0x0000, 0x0000, 0x0000, 0x0000, 0x0000,
    0x0000, 0x0000, 0x0000, 0x0000, 0x0000, 0x0000, 0x0000, 0x0000, 0x0000, 0x0000, 0x0000, 0x0000, 0x0000, 0x0000, 0x0000, 0x0000,
    0x0000, 0x0000, 0x0000, 0x0000, 0x0000, 0x0000, 0x0000, 0x0000, 0x0000, 0x0000, 0x0000, 0x0000, 0x0000, 0x0000, 0x0000, 0x0000,
    0x0000, 0x0000, 0x0000, 0x0000, 0x0000, 0x0000, 0x0000, 0x0000, 0x0000, 0x0000, 0x0000, 0x0000, 0x0000, 0x0000, 0x0000, 0x0000,
    0x0000, 0x0000, 0x0000, 0x0000, 0x0000, 0x0000, 0x0000, 0x0000, 0x0000, 0x0000, 0x0000, 0x0000, 0x0000, 0x0000, 0x0000, 0x0000,
    0x0000, 0x0000, 0x0000, 0x0000, 0x0000, 0x0000, 0x0000, 0x0000, 0x0000, 0x0000, 0x0000, 0x0000, 0x0000, 0x0000, 0x0000, 0x0000,
    0x0000, 0x0000, 0x0000, 0x0000, 0x0000, 0x0000, 0x0000, 0x0000, 0x0000, 0x0000, 0x0000, 0x0000, 0x0000, 0x0000, 0x0000, 0x0000,
    0x0000, 0x0000, 0x0000, 0x0000, 0x0000, 0x0000, 0x0000, 0x0000, 0x0000, 0x0000, 0x0000, 0x0000, 0x0000, 0x0000, 0x0000, 0x0000,
    0x0000, 0x0000, 0x0000, 0x0000, 0x0000, 0x0000, 0x0000, 0x0000, 0x0000, 0x0000, 0x0000, 0x0000, 0x0000, 0x0000, 0x0000, 0x0000,
    0x0000, 0x0000, 0x0000, 0x0000, 0x0000, 0x0000, 0x0000, 0x0000, 0x0000, 0x0000, 0x0000, 0x0000, 0x0000, 0x0000, 0x0000, 0x0000,
    0x0000, 0x0000, 0x0000, 0x0000, 0x0000, 0x0000, 0x0000, 0x0000, 0x0000, 0x0000, 0x0000, 0x0000, 0x0000, 0x0000, 0x0000, 0x0000,
    0x0000, 0x0000, 0x0000, 0x0000, 0x0000, 0x0000, 0x0000, 0x0000, 0x0000, 0x0000, 0x0000, 0x0000, 0x0000, 0x0000, 0x0000, 0x0000,
    0x0000, 0x0000, 0x0000, 0x0000, 0x0000, 0x0000, 0x0000, 0xD67B, 0xF75E, 0xCE5A, 0xD6BB, 0xD6DC, 0xB5F9, 0xB5B8, 0xB5B8, 0xB597,
    0xB577, 0xAD56, 0xAD16, 0xA4F5, 0x9C94, 0x9432, 0x9453, 0xEE9B, 0xB536, 0xCDB8, 0x8C12, 0x83D0, 0x8BF1, 0x9453, 0x9CB4, 0xA4F5,
    0xAD36, 0xB556, 0xB577, 0xBD97, 0xCE18, 0xDE9A, 0xD65A, 0xD67A, 0xCE3A, 0x0000, 0x0000, 0x0000, 0x0000, 0x0000, 0x0000, 0x0000,
    0x0000, 0x0000, 0x0000, 0x0000, 0x0000, 0x0000, 0x0000, 0x0000, 0x0000, 0x0000, 0x0000, 0x0000, 0x0000, 0x0000, 0x0000, 0x0000,
    0x0000, 0x0000, 0x0000, 0x0000, 0x0000, 0x0000, 0x0000, 0x0000, 0x0000, 0x0000, 0x0000, 0x0000, 0x0000, 0x0000, 0x0000, 0x0000,
    0x0000, 0x0000, 0x0000, 0x0000, 0x0000, 0x0000, 0x0000, 0x0000, 0x0000, 0x0000, 0x0000, 0x0000, 0x0000, 0x0000, 0x0000, 0x0000,
    0x0000, 0x0000, 0x0000, 0x0000, 0x0000, 0x0000, 0x0000, 0x0000, 0x0000, 0x0000, 0x0000, 0x0000, 0x0000, 0x0000, 0x0000, 0x0000,
    0x0000, 0x0000, 0x0000, 0x0000, 0x0000, 0x0000, 0x0000, 0x0000, 0x0000, 0x0000, 0x0000, 0x0000, 0x0000, 0x0000, 0x0000, 0x0000,
    0x0000, 0x0000, 0x0000, 0x0000, 0x0000, 0x0000, 0x0000, 0x0000, 0x0000, 0x0000, 0x0000, 0x0000, 0x0000, 0x0000, 0x0000, 0x0000,
    0x0000, 0x0000, 0x0000, 0x0000, 0x0000, 0x0000, 0x0000, 0x0000, 0x0000, 0x0000, 0x0000, 0x0000, 0x0000, 0x0000, 0x0000, 0x0000,
    0x0000, 0x0000, 0x0000, 0x0000, 0x0000, 0x0000, 0x0000, 0x0000, 0x0000, 0x0000, 0x0000, 0x0000, 0x0000, 0x0000, 0x0000, 0x0000,
    0x0000, 0x0000, 0x0000, 0x0000, 0x0000, 0x0000, 0x0000, 0x0000, 0x0000, 0x0000, 0x0000, 0x0000, 0x0000, 0x0000, 0x0000, 0x0000,
    0x0000, 0x0000, 0x0000, 0x0000, 0x0000, 0x0000, 0x0000, 0x0000, 0x0000, 0x0000, 0x0000, 0x0000, 0x0000, 0x0000, 0x0000, 0x0000,
    0x0000, 0x0000, 0x0000, 0x0000, 0x0000, 0x0000, 0x0000, 0x0000, 0x0000, 0x0000, 0x0000, 0x0000, 0x0000, 0x0000, 0x0000, 0x0000,
    0x0000, 0x0000, 0x0000, 0x0000, 0x0000, 0x0000, 0x0000, 0x0000, 0x0000, 0x0000, 0x0000, 0x0000, 0x0000, 0x0000, 0x0000, 0x0000,
    0x0000, 0x0000, 0x0000, 0x0000, 0x0000, 0x0000, 0xFFFF, 0xCE5B, 0xD69B, 0xCE7B, 0xDF1D, 0xCE9B, 0xB5F9, 0xB5F9, 0xB5D9, 0xB5D8,
    0xB5B8, 0xAD98, 0xAD57, 0xA516, 0x9CD4, 0x9473, 0x9473, 0xB4F5, 0xA4D5, 0xACF5, 0x83F2, 0x7BD1, 0x8C52, 0x9CB4, 0xA515, 0xAD57,
    0xB597, 0xB5B8, 0xB5B8, 0xBDD8, 0xC639, 0xE71C, 0xDEBA, 0xD67A, 0xD67A, 0xE73D, 0x0000, 0x0000, 0x0000, 0x0000, 0x0000, 0x0000,
    0x0000, 0x0000, 0x0000, 0x0000, 0x0000, 0x0000, 0x0000, 0x0000, 0x0000, 0x0000, 0x0000, 0x0000, 0x0000, 0x0000, 0x0000, 0x0000,
    0x0000, 0x0000, 0x0000, 0x0000, 0x0000, 0x0000, 0x0000, 0x0000, 0x0000, 0x0000, 0x0000, 0x0000, 0x0000, 0x0000, 0x0000, 0x0000,
    0x0000, 0x0000, 0x0000, 0x0000, 0x0000, 0x0000, 0x0000, 0x0000, 0x0000, 0x0000, 0x0000, 0x0000, 0x0000, 0x0000, 0x0000, 0x0000,
    0x0000, 0x0000, 0x0000, 0x0000, 0x0000, 0x0000, 0x0000, 0x0000, 0x0000, 0x0000, 0x0000, 0x0000, 0x0000, 0x0000, 0x0000, 0x0000,
    0x0000, 0x0000, 0x0000, 0x0000, 0x0000, 0x0000, 0x0000, 0x0000, 0x0000, 0x0000, 0x0000, 0x0000, 0x0000, 0x0000, 0x0000, 0x0000,
    0x0000, 0x0000, 0x0000, 0x0000, 0x0000, 0x0000, 0x0000, 0x0000, 0x0000, 0x0000, 0x0000, 0x0000, 0x0000, 0x0000, 0x0000, 0x0000,
    0x0000, 0x0000, 0x0000, 0x0000, 0x0000, 0x0000, 0x0000, 0x0000, 0x0000, 0x0000, 0x0000, 0x0000, 0x0000, 0x0000, 0x0000, 0x0000,
    0x0000, 0x0000, 0x0000, 0x0000, 0x0000, 0x0000, 0x0000, 0x0000, 0x0000, 0x0000, 0x0000, 0x0000, 0x0000, 0x0000, 0x0000, 0x0000,
    0x0000, 0x0000, 0x0000, 0x0000, 0x0000, 0x0000, 0x0000, 0x0000, 0x0000, 0x0000, 0x0000, 0x0000, 0x0000, 0x0000, 0x0000, 0x0000,
    0x0000, 0x0000, 0x0000, 0x0000, 0x0000, 0x0000, 0x0000, 0x0000, 0x0000, 0x0000, 0x0000, 0x0000, 0x0000, 0x0000, 0x0000, 0x0000,
    0x0000, 0x0000, 0x0000, 0x0000, 0x0000, 0x0000, 0x0000, 0x0000, 0x0000, 0x0000, 0x0000, 0x0000, 0x0000, 0x0000, 0x0000, 0x0000,
    0x0000, 0x0000, 0x0000, 0x0000, 0x0000, 0x0000, 0x0000, 0x0000, 0x0000, 0x0000, 0x0000, 0x0000, 0x0000, 0x0000, 0x0000, 0x0000,
    0x0000, 0x0000, 0x0000, 0x0000, 0x0000, 0xFFFF, 0xFFFF, 0x0000, 0xCE7B, 0xD6BC, 0xDF1D, 0xB65B, 0xAE1A, 0xAE19, 0xAE19, 0xADF9,
    0xADD9, 0xADD8, 0xAD98, 0xA557, 0x9D16, 0x9494, 0x9473, 0xA4B4, 0x9C94, 0x9C94, 0x8412, 0x8433, 0x8CB4, 0x9D16, 0xA577, 0xADB8,
    0xB5D8, 0xB5D9, 0xB5F9, 0xB5F9, 0xBE19, 0xDEFC, 0xE6FB, 0xD69A, 0xEF3E, 0xEF3D, 0xFFFF, 0x0000, 0x0000, 0x0000, 0x0000, 0x0000,
    0x0000, 0x0000, 0x0000, 0x0000, 0x0000, 0x0000, 0x0000, 0x0000, 0x0000, 0x0000, 0x0000, 0x0000, 0x0000, 0x0000, 0x0000, 0x0000,
    0x0000, 0x0000, 0x0000, 0x0000, 0x0000, 0x0000, 0x0000, 0x0000, 0x0000, 0x0000, 0x0000, 0x0000, 0x0000, 0x0000, 0x0000, 0x0000,
    0x0000, 0x0000, 0x0000, 0x0000, 0x0000, 0x0000, 0x0000, 0x0000, 0x0000, 0x0000, 0x0000, 0x0000, 0x0000, 0x0000, 0x0000, 0x0000,
    0x0000, 0x0000, 0x0000, 0x0000, 0x0000, 0x0000, 0x0000, 0x0000, 0x0000, 0x0000, 0x0000, 0x0000, 0x0000, 0x0000, 0x0000, 0x0000,
    0x0000, 0x0000, 0x0000, 0x0000, 0x0000, 0x0000, 0x0000, 0x0000, 0x0000, 0x0000, 0x0000, 0x0000, 0x0000, 0x0000, 0x0000, 0x0000,
    0x0000, 0x0000, 0x0000, 0x0000, 0x0000, 0x0000, 0x0000, 0x0000, 0x0000, 0x0000, 0x0000, 0x0000, 0x0000, 0x0000, 0x0000, 0x0000,
    0x0000, 0x0000, 0x0000, 0x0000, 0x0000, 0x0000, 0x0000, 0x0000, 0x0000, 0x0000, 0x0000, 0x0000, 0x0000, 0x0000, 0x0000, 0x0000,
    0x0000, 0x0000, 0x0000, 0x0000, 0x0000, 0x0000, 0x0000, 0x0000, 0x0000, 0x0000, 0x0000, 0x0000, 0x0000, 0x0000, 0x0000, 0x0000,
    0x0000, 0x0000, 0x0000, 0x0000, 0x0000, 0x0000, 0x0000, 0x0000, 0x0000, 0x0000, 0x0000, 0x0000, 0x0000, 0x0000, 0x0000, 0x0000,
    0x0000, 0x0000, 0x0000, 0x0000, 0x0000, 0x0000, 0x0000, 0x0000, 0x0000, 0x0000, 0x0000, 0x0000, 0x0000, 0x0000, 0x0000, 0x0000,
    0x0000, 0x0000, 0x0000, 0x0000, 0x0000, 0x0000, 0x0000, 0x0000, 0x0000, 0x0000, 0x0000, 0x0000, 0x0000, 0x0000, 0x0000, 0x0000,
    0x0000, 0x0000, 0x0000, 0x0000, 0x0000, 0x0000, 0x0000, 0x0000, 0x0000, 0x0000, 0x0000, 0x0000, 0x0000, 0x0000, 0x0000, 0x0000,
    0x0000, 0x0000, 0x0000, 0x0000, 0x0000, 0xC63B, 0xD69C, 0xD6BC, 0xCE9B, 0xDF1D, 0xC6DC, 0xAE3A, 0xAE3A, 0xAE1A, 0xA61A, 0xA619,
    0xA5F9, 0xA5F9, 0xA5B8, 0xA578, 0xAD97, 0x9CD5, 0x9494, 0x9C94, 0x73B1, 0x9474, 0x8433, 0x8494, 0x9516, 0x9D78, 0xA5B8, 0xADD9,
    0xADF9, 0xAE19, 0xB619, 0xB619, 0xB619, 0xCEBB, 0xEF3C, 0xDEBB, 0xDEBB, 0xDEBB, 0xD67B, 0x0000, 0x0000, 0x0000, 0x0000, 0x0000,
    0x0000, 0x0000, 0x0000, 0x0000, 0x0000, 0x0000, 0x0000, 0x0000, 0x0000, 0x0000, 0x0000, 0x0000, 0x0000, 0x0000, 0x0000, 0x0000,
    0x0000, 0x0000, 0x0000, 0x0000, 0x0000, 0x0000, 0x0000, 0x0000, 0x0000, 0x0000, 0x0000, 0x0000, 0x0000, 0x0000, 0x0000, 0x0000,
    0x0000, 0x0000, 0x0000, 0x0000, 0x0000, 0x0000, 0x0000, 0x0000, 0x0000, 0x0000, 0x0000, 0x0000, 0x0000, 0x0000, 0x0000, 0x0000,
    0x0000, 0x0000, 0x0000, 0x0000, 0x0000, 0x0000, 0x0000, 0x0000, 0x0000, 0x0000, 0x0000, 0x0000, 0x0000, 0x0000, 0x0000, 0x0000,
    0x0000, 0x0000, 0x0000, 0x0000, 0x0000, 0x0000, 0x0000, 0x0000, 0x0000, 0x0000, 0x0000, 0x0000, 0x0000, 0x0000, 0x0000, 0x0000,
    0x0000, 0x0000, 0x0000, 0x0000, 0x0000, 0x0000, 0x0000, 0x0000, 0x0000, 0x0000, 0x0000, 0x0000, 0x0000, 0x0000, 0x0000, 0x0000,
    0x0000, 0x0000, 0x0000, 0x0000, 0x0000, 0x0000, 0x0000, 0x0000, 0x0000, 0x0000, 0x0000, 0x0000, 0x0000, 0x0000, 0x0000, 0x0000,
    0x0000, 0x0000, 0x0000, 0x0000, 0x0000, 0x0000, 0x0000, 0x0000, 0x0000, 0x0000, 0x0000, 0x0000, 0x0000, 0x0000, 0x0000, 0x0000,
    0x0000, 0x0000, 0x0000, 0x0000, 0x0000, 0x0000, 0x0000, 0x0000, 0x0000, 0x0000, 0x0000, 0x0000, 0x0000, 0x0000, 0x0000, 0x0000,
    0x0000, 0x0000, 0x0000, 0x0000, 0x0000, 0x0000, 0x0000, 0x0000, 0x0000, 0x0000, 0x0000, 0x0000, 0x0000, 0x0000, 0x0000, 0x0000,
    0x0000, 0x0000, 0x0000, 0x0000, 0x0000, 0x0000, 0x0000, 0x0000, 0x0000, 0x0000, 0x0000, 0x0000, 0x0000, 0x0000, 0x0000, 0x0000,
    0x0000, 0x0000, 0x0000, 0x0000, 0x0000, 0x0000, 0x0000, 0x0000, 0x0000, 0x0000, 0x0000, 0x0000, 0x0000, 0x0000, 0x0000, 0x0000,
    0x0000, 0x0000, 0x0000, 0x0000, 0xFFFF, 0xDEDC, 0x9DBA, 0xCE9B, 0xD6DC, 0xCF1D, 0xAE5B, 0xA63A, 0xA63A, 0xA63A, 0xA61A, 0xA61A,
    0xA61A, 0xA5FA, 0x9DD9, 0x9DB8, 0xADD9, 0x9D16, 0x9494, 0x9C74, 0xFE7A, 0x8C74, 0x8494, 0x8D16, 0x9D78, 0x9DD9, 0xA5F9, 0xAE19,
    0xAE1A, 0xAE3A, 0xAE3A, 0xAE3A, 0xAE3A, 0xBE5A, 0xDF1C, 0xDEDB, 0xD67B, 0xC619, 0xE6FC, 0x0000, 0x0000, 0x0000, 0x0000, 0x0000,
    0x0000, 0x0000, 0x0000, 0x0000, 0x0000, 0x0000, 0x0000, 0x0000, 0x0000, 0x0000, 0x0000, 0x0000, 0x0000, 0x0000, 0x0000, 0x0000,
    0x0000, 0x0000, 0x0000, 0x0000, 0x0000, 0x0000, 0x0000, 0x0000, 0x0000, 0x0000, 0x0000, 0x0000, 0x0000, 0x0000, 0x0000, 0x0000,
    0x0000, 0x0000, 0x0000, 0x0000, 0x0000, 0x0000, 0x0000, 0x0000, 0x0000, 0x0000, 0x0000, 0x0000, 0x0000, 0x0000, 0x0000, 0x0000,
    0x0000, 0x0000, 0x0000, 0x0000, 0x0000, 0x0000, 0x0000, 0x0000, 0x0000, 0x0000, 0x0000, 0x0000, 0x0000, 0x0000, 0x0000, 0x0000,
    0x0000, 0x0000, 0x0000, 0x0000, 0x0000, 0x0000, 0x0000, 0x0000, 0x0000, 0x0000, 0x0000, 0x0000, 0x0000, 0x0000, 0x0000, 0x0000,
    0x0000, 0x0000, 0x0000, 0x0000, 0x0000, 0x0000, 0x0000, 0x0000, 0x0000, 0x0000, 0x0000, 0x0000, 0x0000, 0x0000, 0x0000, 0x0000,
    0x0000, 0x0000, 0x0000, 0x0000, 0x0000, 0x0000, 0x0000, 0x0000, 0x0000, 0x0000, 0x0000, 0x0000, 0x0000, 0x0000, 0x0000, 0x0000,
    0x0000, 0x0000, 0x0000, 0x0000, 0x0000, 0x0000, 0x0000, 0x0000, 0x0000, 0x0000, 0x0000, 0x0000, 0x0000, 0x0000, 0x0000, 0x0000,
    0x0000, 0x0000, 0x0000, 0x0000, 0x0000, 0x0000, 0x0000, 0x0000, 0x0000, 0x0000, 0x0000, 0x0000, 0x0000, 0x0000, 0x0000, 0x0000,
    0x0000, 0x0000, 0x0000, 0x0000, 0x0000, 0x0000, 0x0000, 0x0000, 0x0000, 0x0000, 0x0000, 0x0000, 0x0000, 0x0000, 0x0000, 0x0000,
    0x0000, 0x0000, 0x0000, 0x0000, 0x0000, 0x0000, 0x0000, 0x0000, 0x0000, 0x0000, 0x0000, 0x0000, 0x0000, 0x0000, 0x0000, 0x0000,
    0x0000, 0x0000, 0x0000, 0x0000, 0x0000, 0x0000, 0x0000, 0x0000, 0x0000, 0x0000, 0x0000, 0x0000, 0x0000, 0x0000, 0x0000, 0x0000,
    0x0000, 0x0000, 0x0000, 0x0000, 0xFFFF, 0xCE9C, 0xD6BC, 0xC69C, 0xBE9C, 0xAE7C, 0x9E3B, 0x9E3B, 0xA63B, 0xAE5B, 0x9E3B, 0x9E1A,
    0x9E1A, 0x9E1A, 0x9DF9, 0x95D9, 0x9DD9, 0x9D57, 0x8CB5, 0x9473, 0x9CB4, 0x7C74, 0x84F6, 0x9598, 0x9DD9, 0x9DF9, 0xA61A, 0xA61A,
    0xA63A, 0xAE3A, 0xAE3A, 0xAE3A, 0xAE3A, 0xAE3A, 0xB65A, 0xC67A, 0xCE7A, 0xDE9B, 0xD67B, 0xCE5A, 0x0000, 0x0000, 0x0000, 0x0000,
    0x0000, 0x0000, 0x0000, 0x0000, 0x0000, 0x0000, 0x0000, 0x0000, 0x0000, 0x0000, 0x0000, 0x0000, 0x0000, 0x0000, 0x0000, 0x0000,
    0x0000, 0x0000, 0x0000, 0x0000, 0x0000, 0x0000, 0x0000, 0x0000, 0x0000, 0x0000, 0x0000, 0x0000, 0x0000, 0x0000, 0x0000, 0x0000,
    0x0000, 0x0000, 0x0000, 0x0000, 0x0000, 0x0000, 0x0000, 0x0000, 0x0000, 0x0000, 0x0000, 0x0000, 0x0000, 0x0000, 0x0000, 0x0000,
    0x0000, 0x0000, 0x0000, 0x0000, 0x0000, 0x0000, 0x0000, 0x0000, 0x0000, 0x0000, 0x0000, 0x0000, 0x0000, 0x0000, 0x0000, 0x0000,
    0x0000, 0x0000, 0x0000, 0x0000, 0x0000, 0x0000, 0x0000, 0x0000, 0x0000, 0x0000, 0x0000, 0x0000, 0x0000, 0x0000, 0x0000, 0x0000,
    0x0000, 0x0000, 0x0000, 0x0000, 0x0000, 0x0000, 0x0000, 0x0000, 0x0000, 0x0000, 0x0000, 0x0000, 0x0000, 0x0000, 0x0000, 0x0000,
    0x0000, 0x0000, 0x0000, 0x0000, 0x0000, 0x0000, 0x0000, 0x0000, 0x0000, 0x0000, 0x0000, 0x0000, 0x0000, 0x0000, 0x0000, 0x0000,
    0x0000, 0x0000, 0x0000, 0x0000, 0x0000, 0x0000, 0x0000, 0x0000, 0x0000, 0x0000, 0x0000, 0x0000, 0x0000, 0x0000, 0x0000, 0x0000,
    0x0000, 0x0000, 0x0000, 0x0000, 0x0000, 0x0000, 0x0000, 0x0000, 0x0000, 0x0000, 0x0000, 0x0000, 0x0000, 0x0000, 0x0000, 0x0000,
    0x0000, 0x0000, 0x0000, 0x0000, 0x0000, 0x0000, 0x0000, 0x0000, 0x0000, 0x0000, 0x0000, 0x0000, 0x0000, 0x0000, 0x0000, 0x0000,
    0x0000, 0x0000, 0x0000, 0x0000, 0x0000, 0x0000, 0x0000, 0x0000, 0x0000, 0x0000, 0x0000, 0x0000, 0x0000, 0x0000, 0x0000, 0x0000,
    0x0000, 0x0000, 0x0000, 0x0000, 0x0000, 0x0000, 0x0000, 0x0000, 0x0000, 0x0000, 0x0000, 0x0000, 0x0000, 0x0000, 0x0000, 0x0000,
    0x0000, 0x0000, 0x0000, 0x0000, 0xDEDC, 0x8E1B, 0xCEBC, 0xB67C, 0xA63B, 0x9E3B, 0x9E3B, 0x9E3B, 0x9E3B, 0x9E3B, 0x9E3B, 0xAE5B,
    0xBE9C, 0xA63A, 0x9E1A, 0x95D9, 0xA5F9, 0x9D98, 0x84B5, 0x8C53, 0x8C95, 0x7495, 0x9557, 0x95B9, 0x95D9, 0x9E1A, 0x9E1A, 0xA63A,
    0xA63A, 0xAE5A, 0xAE5A, 0xAE3A, 0xAE3A, 0xAE3A, 0xAE3A, 0xB63A, 0xC65A, 0xCE5A, 0xBE1A, 0xE6BB, 0x0000, 0x0000, 0x0000, 0x0000,
    0x0000, 0x0000, 0x0000, 0x0000, 0x0000, 0x0000, 0x0000, 0x0000, 0x0000, 0x0000, 0x0000, 0x0000, 0x0000, 0x0000, 0x0000, 0x0000,
    0x0000, 0x0000, 0x0000, 0x0000, 0x0000, 0x0000, 0x0000, 0x0000, 0x0000, 0x0000, 0x0000, 0x0000, 0x0000, 0x0000, 0x0000, 0x0000,
    0x0000, 0x0000, 0x0000, 0x0000, 0x0000, 0x0000, 0x0000, 0x0000, 0x0000, 0x0000, 0x0000, 0x0000, 0x0000, 0x0000, 0x0000, 0x0000,
    0x0000, 0x0000, 0x0000, 0x0000, 0x0000, 0x0000, 0x0000, 0x0000, 0x0000, 0x0000, 0x0000, 0x0000, 0x0000, 0x0000, 0x0000, 0x0000,
    0x0000, 0x0000, 0x0000, 0x0000, 0x0000, 0x0000, 0x0000, 0x0000, 0x0000, 0x0000, 0x0000, 0x0000, 0x0000, 0x0000, 0x0000, 0x0000,
    0x0000, 0x0000, 0x0000, 0x0000, 0x0000, 0x0000, 0x0000, 0x0000, 0x0000, 0x0000, 0x0000, 0x0000, 0x0000, 0x0000, 0x0000, 0x0000,
    0x0000, 0x0000, 0x0000, 0x0000, 0x0000, 0x0000, 0x0000, 0x0000, 0x0000, 0x0000, 0x0000, 0x0000, 0x0000, 0x0000, 0x0000, 0x0000,
    0x0000, 0x0000, 0x0000, 0x0000, 0x0000, 0x0000, 0x0000, 0x0000, 0x0000, 0x0000, 0x0000, 0x0000, 0x0000, 0x0000, 0x0000, 0x0000,
    0x0000, 0x0000, 0x0000, 0x0000, 0x0000, 0x0000, 0x0000, 0x0000, 0x0000, 0x0000, 0x0000, 0x0000, 0x0000, 0x0000, 0x0000, 0x0000,
    0x0000, 0x0000, 0x0000, 0x0000, 0x0000, 0x0000, 0x0000, 0x0000, 0x0000, 0x0000, 0x0000, 0x0000, 0x0000, 0x0000, 0x0000, 0x0000,
    0x0000, 0x0000, 0x0000, 0x0000, 0x0000, 0x0000, 0x0000, 0x0000, 0x0000, 0x0000, 0x0000, 0x0000, 0x0000, 0x0000, 0x0000, 0x0000,
    0x0000, 0x0000, 0x0000, 0x0000, 0x0000, 0x0000, 0x0000, 0x0000, 0x0000, 0x0000, 0x0000, 0x0000, 0x0000, 0x0000, 0x0000, 0x0000,
    0x0000, 0x0000, 0x0000, 0x0000, 0xCEBC, 0xE71E, 0xBE9C, 0xAE7B, 0xA63B, 0x9E3B, 0x9E3B, 0x9E3B, 0x9E3B, 0x9E3B, 0xA63B, 0xBEBC,
    0xC6DC, 0xAE7B, 0xAE5B, 0x9DFA, 0x9DFA, 0x95B9, 0x7C95, 0x8C53, 0x8495, 0x7495, 0x8D78, 0x8D98, 0x95D9, 0x9E1A, 0x9E1A, 0x9E1A,
    0xAE5B, 0xC6BC, 0xB65B, 0xAE5A, 0xAE5A, 0xAE3A, 0xB67B, 0xB65A, 0xB63A, 0xC65A, 0xFFFF, 0xCE5A, 0x0000, 0x0000, 0x0000, 0x0000,
    0x0000, 0x0000, 0x0000, 0x0000, 0x0000, 0x0000, 0x0000, 0x0000, 0x0000, 0x0000, 0x0000, 0x0000, 0x0000, 0x0000, 0x0000, 0x0000,
    0x0000, 0x0000, 0x0000, 0x0000, 0x0000, 0x0000, 0x0000, 0x0000, 0x0000, 0x0000, 0x0000, 0x0000, 0x0000, 0x0000, 0x0000, 0x0000,
    0x0000, 0x0000, 0x0000, 0x0000, 0x0000, 0x0000, 0x0000, 0x0000, 0x0000, 0x0000, 0x0000, 0x0000, 0x0000, 0x0000, 0x0000, 0x0000,
    0x0000, 0x0000, 0x0000, 0x0000, 0x0000, 0x0000, 0x0000, 0x0000, 0x0000, 0x0000, 0x0000, 0x0000, 0x0000, 0x0000, 0x0000, 0x0000,
    0x0000, 0x0000, 0x0000, 0x0000, 0x0000, 0x0000, 0x0000, 0x0000, 0x0000, 0x0000, 0x0000, 0x0000, 0x0000, 0x0000, 0x0000, 0x0000,
    0x0000, 0x0000, 0x0000, 0x0000, 0x0000, 0x0000, 0x0000, 0x0000, 0x0000, 0x0000, 0x0000, 0x0000, 0x0000, 0x0000, 0x0000, 0x0000,
    0x0000, 0x0000, 0x0000, 0x0000, 0x0000, 0x0000, 0x0000, 0x0000, 0x0000, 0x0000, 0x0000, 0x0000, 0x0000, 0x0000, 0x0000, 0x0000,
    0x0000, 0x0000, 0x0000, 0x0000, 0x0000, 0x0000, 0x0000, 0x0000, 0x0000, 0x0000, 0x0000, 0x0000, 0x0000, 0x0000, 0x0000, 0x0000,
    0x0000, 0x0000, 0x0000, 0x0000, 0x0000, 0x0000, 0x0000, 0x0000, 0x0000, 0x0000, 0x0000, 0x0000, 0x0000, 0x0000, 0x0000, 0x0000,
    0x0000, 0x0000, 0x0000, 0x0000, 0x0000, 0x0000, 0x0000, 0x0000, 0x0000, 0x0000, 0x0000, 0x0000, 0x0000, 0x0000, 0x0000, 0x0000,
    0x0000, 0x0000, 0x0000, 0x0000, 0x0000, 0x0000, 0x0000, 0x0000, 0x0000, 0x0000, 0x0000, 0x0000, 0x0000, 0x0000, 0x0000, 0x0000,
    0x0000, 0x0000, 0x0000, 0x0000, 0x0000, 0x0000, 0x0000, 0x0000, 0x0000, 0x0000, 0x0000, 0x0000, 0x0000, 0x0000, 0x0000, 0x0000,
    0x0000, 0x0000, 0x0000, 0x0000, 0xBE9C, 0xD6FD, 0xBE7C, 0xAE5B, 0xA63B, 0x961B, 0x9E3B, 0xA65B, 0x9E3B, 0x9E3B, 0xA63B, 0xAE5B,
    0xAE5B, 0xAE5B, 0xA63A, 0x9DFA, 0x95D9, 0x8D98, 0x7495, 0x8C34, 0x7C96, 0x6C96, 0x8558, 0x8578, 0x8DB9, 0x95D9, 0x9DFA, 0xA63A,
    0xA63B, 0xA63A, 0xAE5A, 0xAE5A, 0xAE3A, 0xA63A, 0xB65A, 0xB65A, 0xAE1A, 0xBE3A, 0xD65A, 0xC63A, 0x0000, 0x0000, 0x0000, 0x0000,
    0x0000, 0x0000, 0x0000, 0x0000, 0x0000, 0x0000, 0x0000, 0x0000, 0x0000, 0x0000, 0x0000, 0x0000, 0x0000, 0x0000, 0x0000, 0x0000,
    0x0000, 0x0000, 0x0000, 0x0000, 0x0000, 0x0000, 0x0000, 0x0000, 0x0000, 0x0000, 0x0000, 0x0000, 0x0000, 0x0000, 0x0000, 0x0000,
    0x0000, 0x0000, 0x0000, 0x0000, 0x0000, 0x0000, 0x0000, 0x0000, 0x0000, 0x0000, 0x0000, 0x0000, 0x0000, 0x0000, 0x0000, 0x0000,
    0x0000, 0x0000, 0x0000, 0x0000, 0x0000, 0x0000, 0x0000, 0x0000, 0x0000, 0x0000, 0x0000, 0x0000, 0x0000, 0x0000, 0x0000, 0x0000,
    0x0000, 0x0000, 0x0000, 0x0000, 0x0000, 0x0000, 0x0000, 0x0000, 0x0000, 0x0000, 0x0000, 0x0000, 0x0000, 0x0000, 0x0000, 0x0000,
    0x0000, 0x0000, 0x0000, 0x0000, 0x0000, 0x0000, 0x0000, 0x0000, 0x0000, 0x0000, 0x0000, 0x0000, 0x0000, 0x0000, 0x0000, 0x0000,
    0x0000, 0x0000, 0x0000, 0x0000, 0x0000, 0x0000, 0x0000, 0x0000, 0x0000, 0x0000, 0x0000, 0x0000, 0x0000, 0x0000, 0x0000, 0x0000,
    0x0000, 0x0000, 0x0000, 0x0000, 0x0000, 0x0000, 0x0000, 0x0000, 0x0000, 0x0000, 0x0000, 0x0000, 0x0000, 0x0000, 0x0000, 0x0000,
    0x0000, 0x0000, 0x0000, 0x0000, 0x0000, 0x0000, 0x0000, 0x0000, 0x0000, 0x0000, 0x0000, 0x0000, 0x0000, 0x0000, 0x0000, 0x0000,
    0x0000, 0x0000, 0x0000, 0x0000, 0x0000, 0x0000, 0x0000, 0x0000, 0x0000, 0x0000, 0x0000, 0x0000, 0x0000, 0x0000, 0x0000, 0x0000,
    0x0000, 0x0000, 0x0000, 0x0000, 0x0000, 0x0000, 0x0000, 0x0000, 0x0000, 0x0000, 0x0000, 0x0000, 0x0000, 0x0000, 0x0000, 0x0000,
    0x0000, 0x0000, 0x0000, 0x0000, 0x0000, 0x0000, 0x0000, 0x0000, 0x0000, 0x0000, 0x0000, 0x0000, 0x0000, 0x0000, 0x0000, 0x0000,
    0x0000, 0x0000, 0x0000, 0x0000, 0xAE3B, 0xCEBC, 0xAE5B, 0x9E1A, 0x9DFA, 0x95FA, 0x95FA, 0x961A, 0x9E1A, 0x9E1A, 0xA63B, 0xA63A,
    0x9E1A, 0xA61A, 0x9DFA, 0x95FA, 0x8DB9, 0x7D58, 0x6C75, 0x8C34, 0x7C76, 0x6475, 0x7D17, 0x7D58, 0x8598, 0x8DB9, 0x95D9, 0x9DFA,
    0x9E1A, 0x9E1A, 0xA61A, 0xA63A, 0xA61A, 0xA61A, 0xA61A, 0xA61A, 0xADF9, 0xB619, 0xCE3A, 0xBE19, 0x0000, 0x0000, 0x0000, 0x0000,
    0x0000, 0x0000, 0x0000, 0x0000, 0x0000, 0x0000, 0x0000, 0x0000, 0x0000, 0x0000, 0x0000, 0x0000, 0x0000, 0x0000, 0x0000, 0x0000,
    0x0000, 0x0000, 0x0000, 0x0000, 0x0000, 0x0000, 0x0000, 0x0000, 0x0000, 0x0000, 0x0000, 0x0000, 0x0000, 0x0000, 0x0000, 0x0000,
    0x0000, 0x0000, 0x0000, 0x0000, 0x0000, 0x0000, 0x0000, 0x0000, 0x0000, 0x0000, 0x0000, 0x0000, 0x0000, 0x0000, 0x0000, 0x0000,
    0x0000, 0x0000, 0x0000, 0x0000, 0x0000, 0x0000, 0x0000, 0x0000, 0x0000, 0x0000, 0x0000, 0x0000, 0x0000, 0x0000, 0x0000, 0x0000,
    0x0000, 0x0000, 0x0000, 0x0000, 0x0000, 0x0000, 0x0000, 0x0000, 0x0000, 0x0000, 0x0000, 0x0000, 0x0000, 0x0000, 0x0000, 0x0000,
    0x0000, 0x0000, 0x0000, 0x0000, 0x0000, 0x0000, 0x0000, 0x0000, 0x0000, 0x0000, 0x0000, 0x0000, 0x0000, 0x0000, 0x0000, 0x0000,
    0x0000, 0x0000, 0x0000, 0x0000, 0x0000, 0x0000, 0x0000, 0x0000, 0x0000, 0x0000, 0x0000, 0x0000, 0x0000, 0x0000, 0x0000, 0x0000,
    0x0000, 0x0000, 0x0000, 0x0000, 0x0000, 0x0000, 0x0000, 0x0000, 0x0000, 0x0000, 0x0000, 0x0000, 0x0000, 0x0000, 0x0000, 0x0000,
    0x0000, 0x0000, 0x0000, 0x0000, 0x0000, 0x0000, 0x0000, 0x0000, 0x0000, 0x0000, 0x0000, 0x0000, 0x0000, 0x0000, 0x0000, 0x0000,
    0x0000, 0x0000, 0x0000, 0x0000, 0x0000, 0x0000, 0x0000, 0x0000, 0x0000, 0x0000, 0x0000, 0x0000, 0x0000, 0x0000, 0x0000, 0x0000,
    0x0000, 0x0000, 0x0000, 0x0000, 0x0000, 0x0000, 0x0000, 0x0000, 0x0000, 0x0000, 0x0000, 0x0000, 0x0000, 0x0000, 0x0000, 0x0000,
    0x0000, 0x0000, 0x0000, 0x0000, 0x0000, 0x0000, 0x0000, 0x0000, 0x0000, 0x0000, 0x0000, 0x0000, 0x0000, 0x0000, 0x0000, 0x0000,
    0x0000, 0x0000, 0x0000, 0x0000, 0x9DD9, 0xC67B, 0xA61A, 0x95B9, 0x95B9, 0x8DB9, 0x95D9, 0x95D9, 0x95D9, 0x95D9, 0x95F9, 0x95F9,
    0x95D9, 0x95D9, 0x95D9, 0x95D9, 0x8599, 0x7517, 0x6C34, 0x8BD3, 0x6BF5, 0x5415, 0x6C96, 0x74F7, 0x7D37, 0x8578, 0x8D98, 0x95B9,
    0x95D9, 0x95D9, 0x95D9, 0x95D9, 0x9DD9, 0x9DD9, 0x9DD9, 0x9DD9, 0xA5D9, 0xADD9, 0xBDF9, 0xADD8, 0x0000, 0x0000, 0x0000, 0x0000,
    0x0000, 0x0000, 0x0000, 0x0000, 0x0000, 0x0000, 0x0000, 0x0000, 0x0000, 0x0000, 0x0000, 0x0000, 0x0000, 0x0000, 0x0000, 0x0000,
    0x0000, 0x0000, 0x0000, 0x0000, 0x0000, 0x0000, 0x0000, 0x0000, 0x0000, 0x0000, 0x0000, 0x0000, 0x0000, 0x0000, 0x0000, 0x0000,
    0x0000, 0x0000, 0x0000, 0x0000, 0x0000, 0x0000, 0x0000, 0x0000, 0x0000, 0x0000, 0x0000, 0x0000, 0x0000, 0x0000, 0x0000, 0x0000,
    0x0000, 0x0000, 0x0000, 0x0000, 0x0000, 0x0000, 0x0000, 0x0000, 0x0000, 0x0000, 0x0000, 0x0000, 0x0000, 0x0000, 0x0000, 0x0000,
    0x0000, 0x0000, 0x0000, 0x0000, 0x0000, 0x0000, 0x0000, 0x0000, 0x0000, 0x0000, 0x0000, 0x0000, 0x0000, 0x0000, 0x0000, 0x0000,
    0x0000, 0x0000, 0x0000, 0x0000, 0x0000, 0x0000, 0x0000, 0x0000, 0x0000, 0x0000, 0x0000, 0x0000, 0x0000, 0x0000, 0x0000, 0x0000,
    0x0000, 0x0000, 0x0000, 0x0000, 0x0000, 0x0000, 0x0000, 0x0000, 0x0000, 0x0000, 0x0000, 0x0000, 0x0000, 0x0000, 0x0000, 0x0000,
    0x0000, 0x0000, 0x0000, 0x0000, 0x0000, 0x0000, 0x0000, 0x0000, 0x0000, 0x0000, 0x0000, 0x0000, 0x0000, 0x0000, 0x0000, 0x0000,
    0x0000, 0x0000, 0x0000, 0x0000, 0x0000, 0x0000, 0x0000, 0x0000, 0x0000, 0x0000, 0x0000, 0x0000, 0x0000, 0x0000, 0x0000, 0x0000,
    0x0000, 0x0000, 0x0000, 0x0000, 0x0000, 0x0000, 0x0000, 0x0000, 0x0000, 0x0000, 0x0000, 0x0000, 0x0000, 0x0000, 0x0000, 0x0000,
    0x0000, 0x0000, 0x0000, 0x0000, 0x0000, 0x0000, 0x0000, 0x0000, 0x0000, 0x0000, 0x0000, 0x0000, 0x0000, 0x0000, 0x0000, 0x0000,
    0x0000, 0x0000, 0x0000, 0x0000, 0x0000, 0x0000, 0x0000, 0x0000, 0x0000, 0x0000, 0x0000, 0x0000, 0x0000, 0x0000, 0x0000, 0x0000,
    0x0000, 0x0000, 0x0000, 0x0000, 0x8D78, 0xBE3A, 0x9DB8, 0x8D78, 0x8558, 0x8558, 0x8578, 0x8578, 0x8D98, 0x8D98, 0x8D98, 0x8D98,
    0x8D98, 0x8D98, 0x8D98, 0x8578, 0x7D37, 0x6CB6, 0x63B3, 0x7B11, 0x63B4, 0x4BD5, 0x5C35, 0x6C96, 0x74D6, 0x7D17, 0x7D37, 0x8558,
    0x8578, 0x8D78, 0x8D78, 0x8D78, 0x8D78, 0x8D78, 0x9578, 0x9578, 0x9D98, 0xA598, 0xB5B8, 0xA598, 0x0000, 0x0000, 0x0000, 0x0000,
    0x0000, 0x0000, 0x0000, 0x0000, 0x0000, 0x0000, 0x0000, 0x0000, 0x0000, 0x0000, 0x0000, 0x0000, 0x0000, 0x0000, 0x0000, 0x0000,
    0x0000, 0x0000, 0x0000, 0x0000, 0x0000, 0x0000, 0x0000, 0x0000, 0x0000, 0x0000, 0x0000, 0x0000, 0x0000, 0x0000, 0x0000, 0x0000,
    0x0000, 0x0000, 0x0000, 0x0000, 0x0000, 0x0000, 0x0000, 0x0000, 0x0000, 0x0000, 0x0000, 0x0000, 0x0000, 0x0000, 0x0000, 0x0000,
    0x0000, 0x0000, 0x0000, 0x0000, 0x0000, 0x0000, 0x0000, 0x0000, 0x0000, 0x0000, 0x0000, 0x0000, 0x0000, 0x0000, 0x0000, 0x0000,
    0x0000, 0x0000, 0x0000, 0x0000, 0x0000, 0x0000, 0x0000, 0x0000, 0x0000, 0x0000, 0x0000, 0x0000, 0x0000, 0x0000, 0x0000, 0x0000,
    0x0000, 0x0000, 0x0000, 0x0000, 0x0000, 0x0000, 0x0000, 0x0000, 0x0000, 0x0000, 0x0000, 0x0000, 0x0000, 0x0000, 0x0000, 0x0000,
    0x0000, 0x0000, 0x0000, 0x0000, 0x0000, 0x0000, 0x0000, 0x0000, 0x0000, 0x0000, 0x0000, 0x0000, 0x0000, 0x0000, 0x0000, 0x0000,
    0x0000, 0x0000, 0x0000, 0x0000, 0x0000, 0x0000, 0x0000, 0x0000, 0x0000, 0x0000, 0x0000, 0x0000, 0x0000, 0x0000, 0x0000, 0x0000,
    0x0000, 0x0000, 0x0000, 0x0000, 0x0000, 0x0000, 0x0000, 0x0000, 0x0000, 0x0000, 0x0000, 0x0000, 0x0000, 0x0000, 0x0000, 0x0000,
    0x0000, 0x0000, 0x0000, 0x0000, 0x0000, 0x0000, 0x0000, 0x0000, 0x0000, 0x0000, 0x0000, 0x0000, 0x0000, 0x0000, 0x0000, 0x0000,
    0x0000, 0x0000, 0x0000, 0x0000, 0x0000, 0x0000, 0x0000, 0x0000, 0x0000, 0x0000, 0x0000, 0x0000, 0x0000, 0x0000, 0x0000, 0x0000,
    0x0000, 0x0000, 0x0000, 0x0000, 0x0000, 0x0000, 0x0000, 0x0000, 0x0000, 0x0000, 0x0000, 0x0000, 0x0000, 0x0000, 0x0000, 0x0000,
    0x0000, 0x0000, 0x0000, 0x0000, 0x84D5, 0xB5D9, 0x9537, 0x7CD6, 0x7CD6, 0x74D6, 0x7CF6, 0x7CF6, 0x7CF7, 0x7D17, 0x7D17, 0x7D17,
    0x7CF6, 0x7CF6, 0x74F6, 0x74D6, 0x6CB6, 0x5C35, 0x5B52, 0x6AAF, 0x63B4, 0x4395, 0x53F5, 0x5C35, 0x6475, 0x6C95, 0x74B6, 0x74D6,
    0x7CF6, 0x7CF6, 0x7CF6, 0x7CF6, 0x8516, 0x8516, 0x8516, 0x8D16, 0x9537, 0x9D37, 0xAD57, 0x9D37, 0x0000, 0x0000, 0x0000, 0x0000,
    0x0000, 0x0000, 0x0000, 0x0000, 0x0000, 0x0000, 0x0000, 0x0000, 0x0000, 0x0000, 0x0000, 0x0000, 0x0000, 0x0000, 0x0000, 0x0000,
    0x0000, 0x0000, 0x0000, 0x0000, 0x0000, 0x0000, 0x0000, 0x0000, 0x0000, 0x0000, 0x0000, 0x0000, 0x0000, 0x0000, 0x0000, 0x0000,
    0x0000, 0x0000, 0x0000, 0x0000, 0x0000, 0x0000, 0x0000, 0x0000, 0x0000, 0x0000, 0x0000, 0x0000, 0x0000, 0x0000, 0x0000, 0x0000,
    0x0000, 0x0000, 0x0000, 0x0000, 0x0000, 0x0000, 0x0000, 0x0000, 0x0000, 0x0000, 0x0000, 0x0000, 0x0000, 0x0000, 0x0000, 0x0000,
    0x0000, 0x0000, 0x0000, 0x0000, 0x0000, 0x0000, 0x0000, 0x0000, 0x0000, 0x0000, 0x0000, 0x0000, 0x0000, 0x0000, 0x0000, 0x0000,
    0x0000, 0x0000, 0x0000, 0x0000, 0x0000, 0x0000, 0x0000, 0x0000, 0x0000, 0x0000, 0x0000, 0x0000, 0x0000, 0x0000, 0x0000, 0x0000,
    0x0000, 0x0000, 0x0000, 0x0000, 0x0000, 0x0000, 0x0000, 0x0000, 0x0000, 0x0000, 0x0000, 0x0000, 0x0000, 0x0000, 0x0000, 0x0000,
    0x0000, 0x0000, 0x0000, 0x0000, 0x0000, 0x0000, 0x0000, 0x0000, 0x0000, 0x0000, 0x0000, 0x0000, 0x0000, 0x0000, 0x0000, 0x0000,
    0x0000, 0x0000, 0x0000, 0x0000, 0x0000, 0x0000, 0x0000, 0x0000, 0x0000, 0x0000, 0x0000, 0x0000, 0x0000, 0x0000, 0x0000, 0x0000,
    0x0000, 0x0000, 0x0000, 0x0000, 0x0000, 0x0000, 0x0000, 0x0000, 0x0000, 0x0000, 0x0000, 0x0000, 0x0000, 0x0000, 0x0000, 0x0000,
    0x0000, 0x0000, 0x0000, 0x0000, 0x0000, 0x0000, 0x0000, 0x0000, 0x0000, 0x0000, 0x0000, 0x0000, 0x0000, 0x0000, 0x0000, 0x0000,
    0x0000, 0x0000, 0x0000, 0x0000, 0x0000, 0x0000, 0x0000, 0x0000, 0x0000, 0x0000, 0x0000, 0x0000, 0x0000, 0x0000, 0x0000, 0x0000,
    0x0000, 0x0000, 0x0000, 0x0000, 0x8CB5, 0xB5B8, 0x8CD6, 0x7454, 0x6C54, 0x6C54, 0x6C54, 0x6C54, 0x6C75, 0x6C75, 0x7475, 0x6C75,
    0x6C75, 0x6C75, 0x6C55, 0x6455, 0x6455, 0x5BD4, 0x6312, 0x72F0, 0x63B4, 0x4B75, 0x4BB5, 0x53F5, 0x5C14, 0x6434, 0x6C34, 0x6C54,
    0x6C75, 0x7475, 0x7475, 0x7495, 0x7495, 0x7495, 0x7C95, 0x84B5, 0x8CF6, 0x94F6, 0xAD36, 0x9CF6, 0x0000, 0x0000, 0x0000, 0x0000,
    0x0000, 0x0000, 0x0000, 0x0000, 0x0000, 0x0000, 0x0000, 0x0000, 0x0000, 0x0000, 0x0000, 0x0000, 0x0000, 0x0000, 0x0000, 0x0000,
    0x0000, 0x0000, 0x0000, 0x0000, 0x0000, 0x0000, 0x0000, 0x0000, 0x0000, 0x0000, 0x0000, 0x0000, 0x0000, 0x0000, 0x0000, 0x0000,
    0x0000, 0x0000, 0x0000, 0x0000, 0x0000, 0x0000, 0x0000, 0x0000, 0x0000, 0x0000, 0x0000, 0x0000, 0x0000, 0x0000, 0x0000, 0x0000,
    0x0000, 0x0000, 0x0000, 0x0000, 0x0000, 0x0000, 0x0000, 0x0000, 0x0000, 0x0000, 0x0000, 0x0000, 0x0000, 0x0000, 0x0000, 0x0000,
    0x0000, 0x0000, 0x0000, 0x0000, 0x0000, 0x0000, 0x0000, 0x0000, 0x0000, 0x0000, 0x0000, 0x0000, 0x0000, 0x0000, 0x0000, 0x0000,
    0x0000, 0x0000, 0x0000, 0x0000, 0x0000, 0x0000, 0x0000, 0x0000, 0x0000, 0x0000, 0x0000, 0x0000, 0x0000, 0x0000, 0x0000, 0x0000,
    0x0000, 0x0000, 0x0000, 0x0000, 0x0000, 0x0000, 0x0000, 0x0000, 0x0000, 0x0000, 0x0000, 0x0000, 0x0000, 0x0000, 0x0000, 0x0000,
    0x0000, 0x0000, 0x0000, 0x0000, 0x0000, 0x0000, 0x0000, 0x0000, 0x0000, 0x0000, 0x0000, 0x0000, 0x0000, 0x0000, 0x0000, 0x0000,
    0x0000, 0x0000, 0x0000, 0x0000, 0x0000, 0x0000, 0x0000, 0x0000, 0x0000, 0x0000, 0x0000, 0x0000, 0x0000, 0x0000, 0x0000, 0x0000,
    0x0000, 0x0000, 0x0000, 0x0000, 0x0000, 0x0000, 0x0000, 0x0000, 0x0000, 0x0000, 0x0000, 0x0000, 0x0000, 0x0000, 0x0000, 0x0000,
    0x0000, 0x0000, 0x0000, 0x0000, 0x0000, 0x0000, 0x0000, 0x0000, 0x0000, 0x0000, 0x0000, 0x0000, 0x0000, 0x0000, 0x0000, 0x0000,
    0x0000, 0x0000, 0x0000, 0x0000, 0x0000, 0x0000, 0x0000, 0x0000, 0x0000, 0x0000, 0x0000, 0x0000, 0x0000, 0x0000, 0x0000, 0x0000,
    0x0000, 0x0000, 0x0000, 0x0000, 0x9CF6, 0xBDB8, 0x94D5, 0x7C54, 0x7413, 0x6C13, 0x6C13, 0x6C14, 0x6C14, 0x6C14, 0x6C14, 0x6C14,
    0x6C14, 0x6C14, 0x6C34, 0x6C34, 0x6C34, 0x6BD4, 0x7352, 0x72F0, 0x6B72, 0x5353, 0x5394, 0x53B4, 0x5BD3, 0x63F3, 0x63F3, 0x6C13,
    0x6C14, 0x6C34, 0x6C34, 0x7434, 0x7434, 0x7434, 0x7C54, 0x7C74, 0x8CB5, 0x94D5, 0xAD16, 0x9CF6, 0x0000, 0x0000, 0x0000, 0x0000,
    0x0000, 0x0000, 0x0000, 0x0000, 0x0000, 0x0000, 0x0000, 0x0000, 0x0000, 0x0000, 0x0000, 0x0000, 0x0000, 0x0000, 0x0000, 0x0000,
    0x0000, 0x0000, 0x0000, 0x0000, 0x0000, 0x0000, 0x0000, 0x0000, 0x0000, 0x0000, 0x0000, 0x0000, 0x0000, 0x0000, 0x0000, 0x0000,
    0x0000, 0x0000, 0x0000, 0x0000, 0x0000, 0x0000, 0x0000, 0x0000, 0x0000, 0x0000, 0x0000, 0x0000, 0x0000, 0x0000, 0x0000, 0x0000,
    0x0000, 0x0000, 0x0000, 0x0000, 0x0000, 0x0000, 0x0000, 0x0000, 0x0000, 0x0000, 0x0000, 0x0000, 0x0000, 0x0000, 0x0000, 0x0000,
    0x0000, 0x0000, 0x0000, 0x0000, 0x0000, 0x0000, 0x0000, 0x0000, 0x0000, 0x0000, 0x0000, 0x0000, 0x0000, 0x0000, 0x0000, 0x0000,
    0x0000, 0x0000, 0x0000, 0x0000, 0x0000, 0x0000, 0x0000, 0x0000, 0x0000, 0x0000, 0x0000, 0x0000, 0x0000, 0x0000, 0x0000, 0x0000,
    0x0000, 0x0000, 0x0000, 0x0000, 0x0000, 0x0000, 0x0000, 0x0000, 0x0000, 0x0000, 0x0000, 0x0000, 0x0000, 0x0000, 0x0000, 0x0000,
    0x0000, 0x0000, 0x0000, 0x0000, 0x0000, 0x0000, 0x0000, 0x0000, 0x0000, 0x0000, 0x0000, 0x0000, 0x0000, 0x0000, 0x0000, 0x0000,
    0x0000, 0x0000, 0x0000, 0x0000, 0x0000, 0x0000, 0x0000, 0x0000, 0x0000, 0x0000, 0x0000, 0x0000, 0x0000, 0x0000, 0x0000, 0x0000,
    0x0000, 0x0000, 0x0000, 0x0000, 0x0000, 0x0000, 0x0000, 0x0000, 0x0000, 0x0000, 0x0000, 0x0000, 0x0000, 0x0000, 0x0000, 0x0000,
    0x0000, 0x0000, 0x0000, 0x0000, 0x0000, 0x0000, 0x0000, 0x0000, 0x0000, 0x0000, 0x0000, 0x0000, 0x0000, 0x0000, 0x0000, 0x0000,
    0x0000, 0x0000, 0x0000, 0x0000, 0x0000, 0x0000, 0x0000, 0x0000, 0x0000, 0x0000, 0x0000, 0x0000, 0x0000, 0x0000, 0x0000, 0x0000,
    0x0000, 0x0000, 0x0000, 0x0000, 0xB577, 0xD63B, 0xA516, 0x9494, 0x8433, 0x7C13, 0x7413, 0x7413, 0x7413, 0x7433, 0x7434, 0x7434,
    0x7C34, 0x7C54, 0x7C74, 0x8495, 0x8495, 0x8435, 0x6B32, 0x524E, 0x520C, 0x5AF1, 0x6BD5, 0x6C15, 0x6BF4, 0x6BF4, 0x6C13, 0x6C13,
    0x7413, 0x7413, 0x7413, 0x7413, 0x7413, 0x7433, 0x7C34, 0x8C94, 0x9CF6, 0xAD16, 0xFFFF, 0xAD16, 0x0000, 0x0000, 0x0000, 0x0000,
    0x0000, 0x0000, 0x0000, 0x0000, 0x0000, 0x0000, 0x0000, 0x0000, 0x0000, 0x0000, 0x0000, 0x0000, 0x0000, 0x0000, 0x0000, 0x0000,
    0x0000, 0x0000, 0x0000, 0x0000, 0x0000, 0x0000, 0x0000, 0x0000, 0x0000, 0x0000, 0x0000, 0x0000, 0x0000, 0x0000, 0x0000, 0x0000,
    0x0000, 0x0000, 0x0000, 0x0000, 0x0000, 0x0000, 0x0000, 0x0000, 0x0000, 0x0000, 0x0000, 0x0000, 0x0000, 0x0000, 0x0000, 0x0000,
    0x0000, 0x0000, 0x0000, 0x0000, 0x0000, 0x0000, 0x0000, 0x0000, 0x0000, 0x0000, 0x0000, 0x0000, 0x0000, 0x0000, 0x0000, 0x0000,
    0x0000, 0x0000, 0x0000, 0x0000, 0x0000, 0x0000, 0x0000, 0x0000, 0x0000, 0x0000, 0x0000, 0x0000, 0x0000, 0x0000, 0x0000, 0x0000,
    0x0000, 0x0000, 0x0000, 0x0000, 0x0000, 0x0000, 0x0000, 0x0000, 0x0000, 0x0000, 0x0000, 0x0000, 0x0000, 0x0000, 0x0000, 0x0000,
    0x0000, 0x0000, 0x0000, 0x0000, 0x0000, 0x0000, 0x0000, 0x0000, 0x0000, 0x0000, 0x0000, 0x0000, 0x0000, 0x0000, 0x0000, 0x0000,
    0x0000, 0x0000, 0x0000, 0x0000, 0x0000, 0x0000, 0x0000, 0x0000, 0x0000, 0x0000, 0x0000, 0x0000, 0x0000, 0x0000, 0x0000, 0x0000,
    0x0000, 0x0000, 0x0000, 0x0000, 0x0000, 0x0000, 0x0000, 0x0000, 0x0000, 0x0000, 0x0000, 0x0000, 0x0000, 0x0000, 0x0000, 0x0000,
    0x0000, 0x0000, 0x0000, 0x0000, 0x0000, 0x0000, 0x0000, 0x0000, 0x0000, 0x0000, 0x0000, 0x0000, 0x0000, 0x0000, 0x0000, 0x0000,
    0x0000, 0x0000, 0x0000, 0x0000, 0x0000, 0x0000, 0x0000, 0x0000, 0x0000, 0x0000, 0x0000, 0x0000, 0x0000, 0x0000, 0x0000, 0x0000,
    0x0000, 0x0000, 0x0000, 0x0000, 0x0000, 0x0000, 0x0000, 0x0000, 0x0000, 0x0000, 0x0000, 0x0000, 0x0000, 0x0000, 0x0000, 0x0000,
    0x0000, 0x0000, 0x0000, 0x0000, 0xCE19, 0x7332, 0xB557, 0x9496, 0x8455, 0x9CF6, 0x9CB6, 0x9495, 0x8C95, 0x8C75, 0x8C75, 0x8475,
    0x8C75, 0x8475, 0x8C75, 0x94B6, 0x9C97, 0x9436, 0x7B73, 0x5A2A, 0x49CA, 0x6B53, 0x73B5, 0x7C36, 0x8456, 0x8476, 0x7C76, 0x8496,
    0x8495, 0x8475, 0x8C95, 0x9495, 0x9495, 0x9C95, 0xA4B5, 0xAD16, 0xB537, 0xB4F6, 0xACF6, 0xC536, 0x0000, 0x0000, 0x0000, 0x0000,
    0x0000, 0x0000, 0x0000, 0x0000, 0x0000, 0x0000, 0x0000, 0x0000, 0x0000, 0x0000, 0x0000, 0x0000, 0x0000, 0x0000, 0x0000, 0x0000,
    0x0000, 0x0000, 0x0000, 0x0000, 0x0000, 0x0000, 0x0000, 0x0000, 0x0000, 0x0000, 0x0000, 0x0000, 0x0000, 0x0000, 0x0000, 0x0000,
    0x0000, 0x0000, 0x0000, 0x0000, 0x0000, 0x0000, 0x0000, 0x0000, 0x0000, 0x0000, 0x0000, 0x0000, 0x0000, 0x0000, 0x0000, 0x0000,
    0x0000, 0x0000, 0x0000, 0x0000, 0x0000, 0x0000, 0x0000, 0x0000, 0x0000, 0x0000, 0x0000, 0x0000, 0x0000, 0x0000, 0x0000, 0x0000,
    0x0000, 0x0000, 0x0000, 0x0000, 0x0000, 0x0000, 0x0000, 0x0000, 0x0000, 0x0000, 0x0000, 0x0000, 0x0000, 0x0000, 0x0000, 0x0000,
    0x0000, 0x0000, 0x0000, 0x0000, 0x0000, 0x0000, 0x0000, 0x0000, 0x0000, 0x0000, 0x0000, 0x0000, 0x0000, 0x0000, 0x0000, 0x0000,
    0x0000, 0x0000, 0x0000, 0x0000, 0x0000, 0x0000, 0x0000, 0x0000, 0x0000, 0x0000, 0x0000, 0x0000, 0x0000, 0x0000, 0x0000, 0x0000,
    0x0000, 0x0000, 0x0000, 0x0000, 0x0000, 0x0000, 0x0000, 0x0000, 0x0000, 0x0000, 0x0000, 0x0000, 0x0000, 0x0000, 0x0000, 0x0000,
    0x0000, 0x0000, 0x0000, 0x0000, 0x0000, 0x0000, 0x0000, 0x0000, 0x0000, 0x0000, 0x0000, 0x0000, 0x0000, 0x0000, 0x0000, 0x0000,
    0x0000, 0x0000, 0x0000, 0x0000, 0x0000, 0x0000, 0x0000, 0x0000, 0x0000, 0x0000, 0x0000, 0x0000, 0x0000, 0x0000, 0x0000, 0x0000,
    0x0000, 0x0000, 0x0000, 0x0000, 0x0000, 0x0000, 0x0000, 0x0000, 0x0000, 0x0000, 0x0000, 0x0000, 0x0000, 0x0000, 0x0000, 0x0000,
    0x0000, 0x0000, 0x0000, 0x0000, 0x0000, 0x0000, 0x0000, 0x0000, 0x0000, 0x0000, 0x0000, 0x0000, 0x0000, 0x0000, 0x0000, 0x0000,
    0x0000, 0x0000, 0x0000, 0x0000, 0xFFFD, 0xA497, 0xBD58, 0x9477, 0x8437, 0xBD1A, 0xC53A, 0xACD9, 0x9CB9, 0x8CB8, 0x7457, 0x8457,
    0x8C97, 0x9498, 0xA477, 0xB477, 0xA437, 0x9C77, 0x9C76, 0x8395, 0xFB60, 0x83D3, 0x7372, 0x83B4, 0x93F7, 0x8C17, 0x8C17, 0x94B8,
    0x7C98, 0x6C37, 0x7C58, 0x8C98, 0x9C97, 0xAC77, 0xA436, 0xACB6, 0xACD7, 0x8B91, 0x9C34, 0xB537, 0x0000, 0x0000, 0x0000, 0x0000,
    0x0000, 0x0000, 0x0000, 0x0000, 0x0000, 0x0000, 0x0000, 0x0000, 0x0000, 0x0000, 0x0000, 0x0000, 0x0000, 0x0000, 0x0000, 0x0000,
    0x0000, 0x0000, 0x0000, 0x0000, 0x0000, 0x0000, 0x0000, 0x0000, 0x0000, 0x0000, 0x0000, 0x0000, 0x0000, 0x0000, 0x0000, 0x0000,
    0x0000, 0x0000, 0x0000, 0x0000, 0x0000, 0x0000, 0x0000, 0x0000, 0x0000, 0x0000, 0x0000, 0x0000, 0x0000, 0x0000, 0x0000, 0x0000,
    0x0000, 0x0000, 0x0000, 0x0000, 0x0000, 0x0000, 0x0000, 0x0000, 0x0000, 0x0000, 0x0000, 0x0000, 0x0000, 0x0000, 0x0000, 0x0000,
    0x0000, 0x0000, 0x0000, 0x0000, 0x0000, 0x0000, 0x0000, 0x0000, 0x0000, 0x0000, 0x0000, 0x0000, 0x0000, 0x0000, 0x0000, 0x0000,
    0x0000, 0x0000, 0x0000, 0x0000, 0x0000, 0x0000, 0x0000, 0x0000, 0x0000, 0x0000, 0x0000, 0x0000, 0x0000, 0x0000, 0x0000, 0x0000,
    0x0000, 0x0000, 0x0000, 0x0000, 0x0000, 0x0000, 0x0000, 0x0000, 0x0000, 0x0000, 0x0000, 0x0000, 0x0000, 0x0000, 0x0000, 0x0000,
    0x0000, 0x0000, 0x0000, 0x0000, 0x0000, 0x0000, 0x0000, 0x0000, 0x0000, 0x0000, 0x0000, 0x0000, 0x0000, 0x0000, 0x0000, 0x0000,
    0x0000, 0x0000, 0x0000, 0x0000, 0x0000, 0x0000, 0x0000, 0x0000, 0x0000, 0x0000, 0x0000, 0x0000, 0x0000, 0x0000, 0x0000, 0x0000,
    0x0000, 0x0000, 0x0000, 0x0000, 0x0000, 0x0000, 0x0000, 0x0000, 0x0000, 0x0000, 0x0000, 0x0000, 0x0000, 0x0000, 0x0000, 0x0000,
    0x0000, 0x0000, 0x0000, 0x0000, 0x0000, 0x0000, 0x0000, 0x0000, 0x0000, 0x0000, 0x0000, 0x0000, 0x0000, 0x0000, 0x0000, 0x0000,
    0x0000, 0x0000, 0x0000, 0x0000, 0x0000, 0x0000, 0x0000, 0x0000, 0x0000, 0x0000, 0x0000, 0x0000, 0x0000, 0x0000, 0x0000, 0x0000,
    0x0000, 0x0000, 0x0000, 0x0000, 0xFFDD, 0xB517, 0xCDB9, 0x9456, 0x83D5, 0x8BD6, 0x9C37, 0x9477, 0x8C98, 0x6C78, 0x4BD6, 0x6C17,
    0x8C77, 0x8C57, 0x7B94, 0x8BB4, 0x9415, 0x8BD3, 0x83D2, 0x9413, 0x4A0C, 0x6B0F, 0x6AEF, 0x7311, 0x7B74, 0x83D6, 0x8C16, 0x7C37,
    0x53D6, 0x4396, 0x4B96, 0x5396, 0x6396, 0x7B95, 0x8395, 0x8BF4, 0x9C74, 0xCDDC, 0x8BB0, 0x0000, 0x0000, 0x0000, 0x0000, 0x0000,
    0x0000, 0x0000, 0x0000, 0x0000, 0x0000, 0x0000, 0x0000, 0x0000, 0x0000, 0x0000, 0x0000, 0x0000, 0x0000, 0x0000, 0x0000, 0x0000,
    0x0000, 0x0000, 0x0000, 0x0000, 0x0000, 0x0000, 0x0000, 0x0000, 0x0000, 0x0000, 0x0000, 0x0000, 0x0000, 0x0000, 0x0000, 0x0000,
    0x0000, 0x0000, 0x0000, 0x0000, 0x0000, 0x0000, 0x0000, 0x0000, 0x0000, 0x0000, 0x0000, 0x0000, 0x0000, 0x0000, 0x0000, 0x0000,
    0x0000, 0x0000, 0x0000, 0x0000, 0x0000, 0x0000, 0x0000, 0x0000, 0x0000, 0x0000, 0x0000, 0x0000, 0x0000, 0x0000, 0x0000, 0x0000,
    0x0000, 0x0000, 0x0000, 0x0000, 0x0000, 0x0000, 0x0000, 0x0000, 0x0000, 0x0000, 0x0000, 0x0000, 0x0000, 0x0000, 0x0000, 0x0000,
    0x0000, 0x0000, 0x0000, 0x0000, 0x0000, 0x0000, 0x0000, 0x0000, 0x0000, 0x0000, 0x0000, 0x0000, 0x0000, 0x0000, 0x0000, 0x0000,
    0x0000, 0x0000, 0x0000, 0x0000, 0x0000, 0x0000, 0x0000, 0x0000, 0x0000, 0x0000, 0x0000, 0x0000, 0x0000, 0x0000, 0x0000, 0x0000,
    0x0000, 0x0000, 0x0000, 0x0000, 0x0000, 0x0000, 0x0000, 0x0000, 0x0000, 0x0000, 0x0000, 0x0000, 0x0000, 0x0000, 0x0000, 0x0000,
    0x0000, 0x0000, 0x0000, 0x0000, 0x0000, 0x0000, 0x0000, 0x0000, 0x0000, 0x0000, 0x0000, 0x0000, 0x0000, 0x0000, 0x0000, 0x0000,
    0x0000, 0x0000, 0x0000, 0x0000, 0x0000, 0x0000, 0x0000, 0x0000, 0x0000, 0x0000, 0x0000, 0x0000, 0x0000, 0x0000, 0x0000, 0x0000,
    0x0000, 0x0000, 0x0000, 0x0000, 0x0000, 0x0000, 0x0000, 0x0000, 0x0000, 0x0000, 0x0000, 0x0000, 0x0000, 0x0000, 0x0000, 0x0000,
    0x0000, 0x0000, 0x0000, 0x0000, 0x0000, 0x0000, 0x0000, 0x0000, 0x0000, 0x0000, 0x0000, 0x0000, 0x0000, 0x0000, 0x0000, 0x0000,
    0x0000, 0x0000, 0x0000, 0x0000, 0x0000, 0x8C37, 0x83D4, 0x62CD, 0x62F0, 0x5AAF, 0x5AB0, 0x5AD0, 0x5AF1, 0x4B12, 0x42B1, 0x4AD1,
    0x52D0, 0x52AF, 0x4A6E, 0x4A6E, 0x5ACE, 0xFFFF, 0x8BF3, 0x9413, 0x00AF, 0x7372, 0x30E4, 0x524C, 0x526E, 0x52AF, 0x5AD0, 0x52D0,
    0x4AD1, 0x3AD1, 0x3AB1, 0x4270, 0x4290, 0x4A6F, 0x528F, 0x5A8E, 0x0000, 0x6ACE, 0x8BD1, 0x0000, 0x0000, 0x0000, 0x0000, 0x0000,
    0x0000, 0x0000, 0x0000, 0x0000, 0x0000, 0x0000, 0x0000, 0x0000, 0x0000, 0x0000, 0x0000, 0x0000, 0x0000, 0x0000, 0x0000, 0x0000,
    0x0000, 0x0000, 0x0000, 0x0000, 0x0000, 0x0000, 0x0000, 0x0000, 0x0000, 0x0000, 0x0000, 0x0000, 0x0000, 0x0000, 0x0000, 0x0000,
    0x0000, 0x0000, 0x0000, 0x0000, 0x0000, 0x0000, 0x0000, 0x0000, 0x0000, 0x0000, 0x0000, 0x0000, 0x0000, 0x0000, 0x0000, 0x0000,
    0x0000, 0x0000, 0x0000, 0x0000, 0x0000, 0x0000, 0x0000, 0x0000, 0x0000, 0x0000, 0x0000, 0x0000, 0x0000, 0x0000, 0x0000, 0x0000,
    0x0000, 0x0000, 0x0000, 0x0000, 0x0000, 0x0000, 0x0000, 0x0000, 0x0000, 0x0000, 0x0000, 0x0000, 0x0000, 0x0000, 0x0000, 0x0000,
    0x0000, 0x0000, 0x0000, 0x0000, 0x0000, 0x0000, 0x0000, 0x0000, 0x0000, 0x0000, 0x0000, 0x0000, 0x0000, 0x0000, 0x0000, 0x0000,
    0x0000, 0x0000, 0x0000, 0x0000, 0x0000, 0x0000, 0x0000, 0x0000, 0x0000, 0x0000, 0x0000, 0x0000, 0x0000, 0x0000, 0x0000, 0x0000,
    0x0000, 0x0000, 0x0000, 0x0000, 0x0000, 0x0000, 0x0000, 0x0000, 0x0000, 0x0000, 0x0000, 0x0000, 0x0000, 0x0000, 0x0000, 0x0000,
    0x0000, 0x0000, 0x0000, 0x0000, 0x0000, 0x0000, 0x0000, 0x0000, 0x0000, 0x0000, 0x0000, 0x0000, 0x0000, 0x0000, 0x0000, 0x0000,
    0x0000, 0x0000, 0x0000, 0x0000, 0x0000, 0x0000, 0x0000, 0x0000, 0x0000, 0x0000, 0x0000, 0x0000, 0x0000, 0x0000, 0x0000, 0x0000,
    0x0000, 0x0000, 0x0000, 0x0000, 0x0000, 0x0000, 0x0000, 0x0000, 0x0000, 0x0000, 0x0000, 0x0000, 0x0000, 0x0000, 0x0000, 0x0000,
    0x0000, 0x0000, 0x0000, 0x0000, 0x0000, 0x0000, 0x0000, 0x0000, 0x0000, 0x0000, 0x0000, 0x0000, 0x0000, 0x0000, 0x0000, 0x0000,
    0x0000, 0x0000, 0x0000, 0x0000, 0x0000, 0xCDD7, 0x0008, 0x83D3, 0x7393, 0x8C17, 0xBD5C, 0xE6DF, 0xFFFF, 0xAFFF, 0x4E3F, 0x969F,
    0xBE3F, 0xA53B, 0x7BD6, 0x7B94, 0x83B3, 0x62CF, 0x9C55, 0x0000, 0x6AEC, 0x6AEC, 0x5A6C, 0x62D0, 0x7B95, 0x9CDB, 0xD67F, 0xD7FF,
    0xFAE0, 0xF344, 0xF960, 0x7DDF, 0x751E, 0x845A, 0x7BB6, 0x7B73, 0x8370, 0x8370, 0x0000, 0x0000, 0x0000, 0x0000, 0x0000, 0x0000,
    0x0000, 0x0000, 0x0000, 0x0000, 0x0000, 0x0000, 0x0000, 0x0000, 0x0000, 0x0000, 0x0000, 0x0000, 0x0000, 0x0000, 0x0000, 0x0000,
    0x0000, 0x0000, 0x0000, 0x0000, 0x0000, 0x0000, 0x0000, 0x0000, 0x0000, 0x0000, 0x0000, 0x0000, 0x0000, 0x0000, 0x0000, 0x0000,
    0x0000, 0x0000, 0x0000, 0x0000, 0x0000, 0x0000, 0x0000, 0x0000, 0x0000, 0x0000, 0x0000, 0x0000, 0x0000, 0x0000, 0x0000, 0x0000,
    0x0000, 0x0000, 0x0000, 0x0000, 0x0000, 0x0000, 0x0000, 0x0000, 0x0000, 0x0000, 0x0000, 0x0000, 0x0000, 0x0000, 0x0000, 0x0000,
    0x0000, 0x0000, 0x0000, 0x0000, 0x0000, 0x0000, 0x0000, 0x0000, 0x0000, 0x0000, 0x0000, 0x0000, 0x0000, 0x0000, 0x0000, 0x0000,
    0x0000, 0x0000, 0x0000, 0x0000, 0x0000, 0x0000, 0x0000, 0x0000, 0x0000, 0x0000, 0x0000, 0x0000, 0x0000, 0x0000, 0x0000, 0x0000,
    0x0000, 0x0000, 0x0000, 0x0000, 0x0000, 0x0000, 0x0000, 0x0000, 0x0000, 0x0000, 0x0000, 0x0000, 0x0000, 0x0000, 0x0000, 0x0000,
    0x0000, 0x0000, 0x0000, 0x0000, 0x0000, 0x0000, 0x0000, 0x0000, 0x0000, 0x0000, 0x0000, 0x0000, 0x0000, 0x0000, 0x0000, 0x0000,
    0x0000, 0x0000, 0x0000, 0x0000, 0x0000, 0x0000, 0x0000, 0x0000, 0x0000, 0x0000, 0x0000, 0x0000, 0x0000, 0x0000, 0x0000, 0x0000,
    0x0000, 0x0000, 0x0000, 0x0000, 0x0000, 0x0000, 0x0000, 0x0000, 0x0000, 0x0000, 0x0000, 0x0000, 0x0000, 0x0000, 0x0000, 0x0000,
    0x0000, 0x0000, 0x0000, 0x0000, 0x0000, 0x0000, 0x0000, 0x0000, 0x0000, 0x0000, 0x0000, 0x0000, 0x0000, 0x0000, 0x0000, 0x0000,
    0x0000, 0x0000, 0x0000, 0x0000, 0x0000, 0x0000, 0x0000, 0x0000, 0x0000, 0x0000, 0x0000, 0x0000, 0x0000, 0x0000, 0x0000, 0x0000,
    0x0000, 0x0000, 0x0000, 0x0000, 0x0000, 0x0000, 0x0000, 0x0000, 0x0000, 0x0000, 0x0000, 0x0000, 0x0000, 0x0000, 0x0000, 0x0000,
    0x0000, 0x0000, 0x0000, 0x0000, 0x0000, 0x0000, 0x0000, 0x0000, 0x0000, 0x0000, 0x0000, 0x0000, 0x0000, 0x0000, 0x0000, 0x01B9,
    0xE3C8, 0xDBA8, 0xFBC6, 0xFBC6, 0x0000, 0x0000, 0x0000, 0x0000, 0x0000, 0x0000, 0x0000, 0x0000, 0x0000, 0x0000, 0x0000, 0x0000,
    0x0000, 0x0000, 0x0000, 0x0000, 0x0000, 0x0000, 0x0000, 0x0000, 0x0000, 0x0000, 0x0000, 0x0000, 0x0000, 0x0000, 0x0000, 0x0000,
    0x0000, 0x0000, 0x0000, 0x0000, 0x0000, 0x0000, 0x0000, 0x0000, 0x0000, 0x0000, 0x0000, 0x0000, 0x0000, 0x0000, 0x0000, 0x0000,
    0x0000, 0x0000, 0x0000, 0x0000, 0x0000, 0x0000, 0x0000, 0x0000, 0x0000, 0x0000, 0x0000, 0x0000, 0x0000, 0x0000, 0x0000, 0x0000,
    0x0000, 0x0000, 0x0000, 0x0000, 0x0000, 0x0000, 0x0000, 0x0000, 0x0000, 0x0000, 0x0000, 0x0000, 0x0000, 0x0000, 0x0000, 0x0000,
    0x0000, 0x0000, 0x0000, 0x0000, 0x0000, 0x0000, 0x0000, 0x0000, 0x0000, 0x0000, 0x0000, 0x0000, 0x0000, 0x0000, 0x0000, 0x0000,
    0x0000, 0x0000, 0x0000, 0x0000, 0x0000, 0x0000, 0x0000, 0x0000, 0x0000, 0x0000, 0x0000, 0x0000, 0x0000, 0x0000, 0x0000, 0x0000,
    0x0000, 0x0000, 0x0000, 0x0000, 0x0000, 0x0000, 0x0000, 0x0000, 0x0000, 0x0000, 0x0000, 0x0000, 0x0000, 0x0000, 0x0000, 0x0000,
    0x0000, 0x0000, 0x0000, 0x0000, 0x0000, 0x0000, 0x0000, 0x0000, 0x0000, 0x0000, 0x0000, 0x0000, 0x0000, 0x0000, 0x0000, 0x0000,
    0x0000, 0x0000, 0x0000, 0x0000, 0x0000, 0x0000, 0x0000, 0x0000, 0x0000, 0x0000, 0x0000, 0x0000, 0x0000, 0x0000, 0x0000, 0x0000,
    0x0000, 0x0000, 0x0000, 0x0000, 0x0000, 0x0000, 0x0000, 0x0000, 0x0000, 0x0000, 0x0000, 0x0000, 0x0000, 0x0000, 0x0000, 0x0000,
    0x0000, 0x0000, 0x0000, 0x0000, 0x0000, 0x0000, 0x0000, 0x0000, 0x0000, 0x0000, 0x0000, 0x0000, 0x0000, 0x0000, 0x0000, 0x0000,
    0x0000, 0x0000, 0x0000, 0x0000, 0x0000, 0x0000, 0x0000, 0x0000, 0x0000, 0x0000, 0x0000, 0x0000, 0x0000, 0x0000, 0x0000, 0x0000,
    0x0000, 0x0000, 0x0000, 0x0000, 0x0000, 0x0000, 0x0000, 0x0000, 0x0000, 0x0000, 0x0000, 0x0000, 0x0000, 0x0000, 0x0000, 0x0000,
    0x0000, 0x0000, 0x0000, 0x0000, 0x0000, 0x0000, 0x0000, 0x0000, 0x0000, 0x0000, 0x0000, 0x0000, 0x0000, 0x0000, 0x0000, 0x0000,
    0x0000, 0x0000, 0x0000, 0x0000, 0x0000, 0x0000, 0x0000, 0x0000, 0x0000, 0x0000, 0x0000, 0x0000, 0x0000, 0x0000, 0x0000, 0x0000,
    0x0000, 0x0000, 0x0000, 0x0000, 0x0000, 0x0000, 0x0000, 0x0000, 0x0000, 0x0000, 0x0000, 0x0000, 0x0000, 0x0000, 0x0000, 0x0000,
    0x0000, 0x0000, 0x0000, 0x0000, 0x0000, 0x0000, 0x0000, 0x0000, 0x0000, 0x0000, 0x0000, 0x0000, 0x0000, 0x0000, 0x0000, 0x0000,
    0x0000, 0x0000, 0x0000, 0x0000, 0x0000, 0x0000, 0x0000, 0x0000, 0x0000, 0x0000, 0x0000, 0x0000, 0x0000, 0x0000, 0x0000, 0x0000,
    0x0000, 0x0000, 0x0000, 0x0000, 0x0000, 0x0000, 0x0000, 0x0000, 0x0000, 0x0000, 0x0000, 0x0000, 0x0000, 0x0000, 0x0000, 0x0000,
    0x0000, 0x0000, 0x0000, 0x0000, 0x0000, 0x0000, 0x0000, 0x0000, 0x0000, 0x0000, 0x0000, 0x0000, 0x0000, 0x0000, 0x0000, 0x0000,
    0x0000, 0x0000, 0x0000, 0x0000, 0x0000, 0x0000, 0x0000, 0x0000, 0x0000, 0x0000, 0x0000, 0x0000, 0x0000, 0x0000, 0x0000, 0x0000,
    0x0000, 0x0000, 0x0000, 0x0000, 0x0000, 0x0000, 0x0000, 0x0000, 0x0000, 0x0000, 0x0000, 0x0000, 0x0000, 0x0000, 0x0000, 0x0000,
    0x0000, 0x0000, 0x0000, 0x0000, 0x0000, 0x0000, 0x0000, 0x0000, 0x0000, 0x0000, 0x0000, 0x0000, 0x0000, 0x0000, 0x0000, 0x0000,
    0x0000, 0x0000, 0x0000, 0x0000, 0x0000, 0x0000, 0x0000, 0x0000, 0x0000, 0x0000, 0x0000, 0x0000, 0x0000, 0x0000, 0x0000, 0x0000,
    0x0000, 0x0000, 0x0000, 0x0000, 0x0000, 0x0000, 0x0000, 0x0000, 0x0000, 0x0000, 0x0000, 0x0000, 0x0000, 0x0000, 0x0000, 0x0000,
    0x0000, 0x0000, 0x0000, 0x0000, 0x0000, 0x0000, 0x0000, 0x0000, 0x0000, 0x0000, 0x0000, 0x0000, 0x0000, 0x0000, 0x0000, 0x0000,
    0x0000, 0x0000, 0x0000, 0x0000, 0x0000, 0x0000, 0x0000, 0x0000, 0x0000, 0x0000, 0x0000, 0x0000, 0x0000, 0x0000, 0x0000, 0x0000,
    0x0000, 0x0000, 0x0000, 0x0000, 0x0000, 0x0000, 0x0000, 0x0000, 0x0000, 0x0000, 0x0000, 0x0000, 0x0000, 0x0000, 0x0000, 0x0000,
    0x0000, 0x0000, 0x0000, 0x0000, 0x0000, 0x0000, 0x0000, 0x0000, 0x0000, 0x0000, 0x0000, 0x0000, 0x0000, 0x0000, 0x0000, 0x0000,
    0x0000, 0x0000, 0x0000, 0x0000, 0x0000, 0x0000, 0x0000, 0x0000, 0x0000, 0x0000, 0x0000, 0x0000, 0x0000, 0x0000, 0x0000, 0x0000,
    0x0000, 0x0000, 0x0000, 0x0000, 0x0000, 0x0000, 0x0000, 0x0000, 0x0000, 0x0000, 0x0000, 0x0000, 0x0000, 0x0000, 0x0000, 0x0000,
    0x0000, 0x0000, 0x0000, 0x0000, 0x0000, 0x0000, 0x0000, 0x0000, 0x0000, 0x0000, 0x0000, 0x0000, 0x0000, 0x0000, 0x0000, 0x0000,
    0x0000, 0x0000, 0x0000, 0x0000, 0x0000, 0x0000, 0x0000, 0x0000, 0x0000, 0x0000, 0x0000, 0x0000, 0x0000, 0x0000, 0x0000, 0x0000,
    0x0000, 0x0000, 0x0000, 0x0000, 0x0000, 0x0000, 0x0000, 0x0000, 0x0000, 0x0000, 0x0000, 0x0000, 0x0000, 0x0000, 0x0000, 0x0000,
    0x0000, 0x0000, 0x0000, 0x0000, 0x0000, 0x0000, 0x0000, 0x0000, 0x0000, 0x0000, 0x0000, 0x0000, 0x0000, 0x0000, 0x0000, 0x0000,
    0x0000, 0x0000, 0x0000, 0x0000, 0x0000, 0x0000, 0x0000, 0x0000, 0x0000, 0x0000, 0x0000, 0x0000, 0x0000, 0x0000, 0x0000, 0x0000,
    0x0000, 0x0000, 0x0000, 0x0000, 0x0000, 0x0000, 0x0000, 0x0000, 0x0000, 0x0000, 0x0000, 0x0000, 0x0000, 0x0000, 0x0000, 0x0000,
    0x0000, 0x0000, 0x0000, 0x0000, 0x0000, 0x0000, 0x0000, 0x0000, 0x0000, 0x0000, 0x0000, 0x0000, 0x0000, 0x0000, 0x0000, 0x0000,
    0x0000, 0x0000, 0x0000, 0x0000, 0x0000, 0x0000, 0x0000, 0x0000, 0x0000, 0x0000, 0x0000, 0x0000, 0x0000, 0x0000, 0x0000, 0x0000,
    0x0000, 0x0000, 0x0000, 0x0000, 0x0000, 0x0000, 0x0000, 0x0000, 0x0000, 0x0000, 0x0000, 0x0000, 0x0000, 0x0000, 0x0000, 0x0000,
    0x0000, 0x0000, 0x0000, 0x0000, 0x0000, 0x0000, 0x0000, 0x0000, 0x0000, 0x0000, 0x0000, 0x0000, 0x0000, 0x0000, 0x0000, 0x0000,
    0x0000, 0x0000, 0x0000, 0x0000, 0x0000, 0x0000, 0x0000, 0x0000, 0x0000, 0x0000, 0x0000, 0x0000, 0x0000, 0x0000, 0x0000, 0x0000,
    0x0000, 0x0000, 0x0000, 0x0000, 0x0000, 0x0000, 0x0000, 0x0000, 0x0000, 0x0000, 0x0000, 0x0000, 0x0000, 0x0000, 0x0000, 0x0000,
    0x0000, 0x0000, 0x0000, 0x0000, 0x0000, 0x0000, 0x0000, 0x0000, 0x0000, 0x0000, 0x0000, 0x0000, 0x0000, 0x0000, 0x0000, 0x0000,
    0x0000, 0x0000, 0x0000, 0x0000, 0x0000, 0x0000, 0x0000, 0x0000, 0x0000, 0x0000, 0x0000, 0x0000, 0x0000, 0x0000, 0x0000, 0x0000,
    0x0000, 0x0000, 0x0000, 0x0000, 0x0000, 0x0000, 0x0000, 0x0000, 0x0000, 0x0000, 0x0000, 0x0000, 0x0000, 0x0000, 0x0000, 0x0000,
    0x0000, 0x0000, 0x0000, 0x0000, 0x0000, 0x0000, 0x0000, 0x0000, 0x0000, 0x0000, 0x0000, 0x0000, 0x0000, 0x0000, 0x0000, 0x0000,
    0x0000, 0x0000, 0x0000, 0x0000, 0x0000, 0x0000, 0x0000, 0x0000, 0x0000, 0x0000, 0x0000, 0x0000, 0x0000, 0x0000, 0x0000, 0x0000,
    0x0000, 0x0000, 0x0000, 0x0000, 0x0000, 0x0000, 0x0000, 0x0000, 0x0000, 0x0000, 0x0000, 0x0000, 0x0000, 0x0000, 0x0000, 0x0000,
    0x0000, 0x0000, 0x0000, 0x0000, 0x0000, 0x0000, 0x0000, 0x0000, 0x0000, 0x0000, 0x0000, 0x0000, 0x0000, 0x0000, 0x0000, 0x0000,
    0x0000, 0x0000, 0x0000, 0x0000, 0x0000, 0x0000, 0x0000, 0x0000, 0x0000, 0x0000, 0x0000, 0x0000, 0x0000, 0x0000, 0x0000, 0x0000,
    0x0000, 0x0000, 0x0000, 0x0000, 0x0000, 0x0000, 0x0000, 0x0000, 0x0000, 0x0000, 0x0000, 0x0000, 0x0000, 0x0000, 0x0000, 0x0000,
    0x0000, 0x0000, 0x0000, 0x0000, 0x0000, 0x0000, 0x0000, 0x0000, 0x0000, 0x0000, 0x0000, 0x0000, 0x0000, 0x0000, 0x0000, 0x0000,
    0x0000, 0x0000, 0x0000, 0x0000, 0x0000, 0x0000, 0x0000, 0x0000, 0x0000, 0x0000, 0x0000, 0x0000, 0x0000, 0x0000, 0x0000, 0x0000,
    0x0000, 0x0000, 0x0000, 0x0000, 0x0000, 0x0000, 0x0000, 0x0000, 0x0000, 0x0000, 0x0000, 0x0000, 0x0000, 0x0000, 0x0000, 0x0000,
    0x0000, 0x0000, 0x0000, 0x0000, 0x0000, 0x0000, 0x0000, 0x0000, 0x0000, 0x0000, 0x0000, 0x0000, 0x0000, 0x0000, 0x0000, 0x0000,
    0x0000, 0x0000, 0x0000, 0x0000, 0x0000, 0x0000, 0x0000, 0x0000, 0x0000, 0x0000, 0x0000, 0x0000, 0x0000, 0x0000, 0x0000, 0x0000,
    0x0000, 0x0000, 0x0000, 0x0000, 0x0000, 0x0000, 0x0000, 0x0000, 0x0000, 0x0000, 0x0000, 0x0000, 0x0000, 0x0000, 0x0000, 0x0000,
    0x0000, 0x0000, 0x0000, 0x0000, 0x0000, 0x0000, 0x0000, 0x0000, 0x0000, 0x0000, 0x0000, 0x0000, 0x0000, 0x0000, 0x0000, 0x0000,
    0x0000, 0x0000, 0x0000, 0x0000, 0x0000, 0x0000, 0x0000, 0x0000, 0x0000, 0x0000, 0x0000, 0x0000, 0x0000, 0x0000, 0x0000, 0x0000,
    0x0000, 0x0000, 0x0000, 0x0000, 0x0000, 0x0000, 0x0000, 0x0000, 0x0000, 0x0000, 0x0000, 0x0000, 0x0000, 0x0000, 0x0000, 0x0000,
    0x0000, 0x0000, 0x0000, 0x0000, 0x0000, 0x0000, 0x0000, 0x0000, 0x0000, 0x0000, 0x0000, 0x0000, 0x0000, 0x0000, 0x0000, 0x0000,
    0x0000, 0x0000, 0x0000, 0x0000, 0x0000, 0x0000, 0x0000, 0x0000, 0x0000, 0x0000, 0x0000, 0x0000, 0x0000, 0x0000, 0x0000, 0x0000,
    0x0000, 0x0000, 0x0000, 0x0000, 0x0000, 0x0000, 0x0000, 0x0000, 0x0000, 0x0000, 0x0000, 0x0000, 0x0000, 0x0000, 0x0000, 0x0000,
    0x0000, 0x0000, 0x0000, 0x0000, 0x0000, 0x0000, 0x0000, 0x0000, 0x0000, 0x0000, 0x0000, 0x0000, 0x0000, 0x0000, 0x0000, 0x0000,
    0x0000, 0x0000, 0x0000, 0x0000, 0x0000, 0x0000, 0x0000, 0x0000, 0x0000, 0x0000, 0x0000, 0x0000, 0x0000, 0x0000, 0x0000, 0x0000,
    0x0000, 0x0000, 0x0000, 0x0000, 0x0000, 0x0000, 0x0000, 0x0000, 0x0000, 0x0000, 0x0000, 0x0000, 0x0000, 0x0000, 0x0000, 0x0000,
    0x0000, 0x0000, 0x0000, 0x0000, 0x0000, 0x0000, 0x0000, 0x0000, 0x0000, 0x0000, 0x0000, 0x0000, 0x0000, 0x0000, 0x0000, 0x0000,
    0x0000, 0x0000, 0x0000, 0x0000, 0x0000, 0x0000, 0x0000, 0x0000, 0x0000, 0x0000, 0x0000, 0x0000, 0x0000, 0x0000, 0x0000, 0x0000,
    0x0000, 0x0000, 0x0000, 0x0000, 0x0000, 0x0000, 0x0000, 0x0000, 0x0000, 0x0000, 0x0000, 0x0000, 0x0000, 0x0000, 0x0000, 0x0000,
    0x0000, 0x0000, 0x0000, 0x0000, 0x0000, 0x0000, 0x0000, 0x0000, 0x0000, 0x0000, 0x0000, 0x0000, 0x0000, 0x0000, 0x0000, 0x0000,
    0x0000, 0x0000, 0x0000, 0x0000, 0x0000, 0x0000, 0x0000, 0x0000, 0x0000, 0x0000, 0x0000, 0x0000, 0x0000, 0x0000, 0x0000, 0x0000,
    0x0000, 0x0000, 0x0000, 0x0000, 0x0000, 0x0000, 0x0000, 0x0000, 0x0000, 0x0000, 0x0000, 0x0000, 0x0000, 0x0000, 0x0000, 0x0000,
    0x0000, 0x0000, 0x0000, 0x0000, 0x0000, 0x0000, 0x0000, 0x0000, 0x0000, 0x0000, 0x0000, 0x0000, 0x0000, 0x0000, 0x0000, 0x0000,
    0x0000, 0x0000, 0x0000, 0x0000, 0x0000, 0x0000, 0x0000, 0x0000, 0x0000, 0x0000, 0x0000, 0x0000, 0x0000, 0x0000, 0x0000, 0x0000,
    0x0000, 0x0000, 0x0000, 0x0000, 0x0000, 0x0000, 0x0000, 0x0000, 0x0000, 0x0000, 0x0000, 0x0000, 0x0000, 0x0000, 0x0000, 0x0000,
    0x0000, 0x0000, 0x0000, 0x0000, 0x0000, 0x0000, 0x0000, 0x0000, 0x0000, 0x0000, 0x0000, 0x0000, 0x0000, 0x0000, 0x0000, 0x0000,
    0x0000, 0x0000, 0x0000, 0x0000, 0x0000, 0x0000, 0x0000, 0x0000, 0x0000, 0x0000, 0x0000, 0x0000, 0x0000, 0x0000, 0x0000, 0x0000,
    0x0000, 0x0000, 0x0000, 0x0000, 0x0000, 0x0000, 0x0000, 0x0000, 0x0000, 0x0000, 0x0000, 0x0000, 0x0000, 0x0000, 0x0000, 0x0000,
    0x0000, 0x0000, 0x0000, 0x0000, 0x0000, 0x0000, 0x0000, 0x0000, 0x0000, 0x0000, 0x0000, 0x0000, 0x0000, 0x0000, 0x0000, 0x0000,
    0x0000, 0x0000, 0x0000, 0x0000, 0x0000, 0x0000, 0x0000, 0x0000, 0x0000, 0x0000, 0x0000, 0x0000, 0x0000, 0x0000, 0x0000, 0x0000,
    0x0000, 0x0000, 0x0000, 0x0000, 0x0000, 0x0000, 0x0000, 0x0000, 0x0000, 0x0000, 0x0000, 0x0000, 0x0000, 0x0000, 0x0000, 0x0000,
    0x0000, 0x0000, 0x0000, 0x0000, 0x0000, 0x0000, 0x0000, 0x0000, 0x0000, 0x0000, 0x0000, 0x0000, 0x0000, 0x0000, 0x0000, 0x0000,
    0x0000, 0x0000, 0x0000, 0x0000, 0x0000, 0x0000, 0x0000, 0x0000, 0x0000, 0x0000, 0x0000, 0x0000, 0x0000, 0x0000, 0x0000, 0x0000,
    0x0000, 0x0000, 0x0000, 0x0000, 0x0000, 0x0000, 0x0000, 0x0000, 0x0000, 0x0000, 0x0000, 0x0000, 0x0000, 0x0000, 0x0000, 0x0000,
    0x0000, 0x0000, 0x0000, 0x0000, 0x0000, 0x0000, 0x0000, 0x0000, 0x0000, 0x0000, 0x0000, 0x0000, 0x0000, 0x0000, 0x0000, 0x0000,
    0x0000, 0x0000, 0x0000, 0x0000, 0x0000, 0x0000, 0x0000, 0x0000, 0x0000, 0x0000, 0x0000, 0x0000, 0x0000, 0x0000, 0x0000, 0x0000,
    0x0000, 0x0000, 0x0000, 0x0000, 0x0000, 0x0000, 0x0000, 0x0000, 0x0000, 0x0000, 0x0000, 0x0000, 0x0000, 0x0000, 0x0000, 0x0000,
    0x0000, 0x0000, 0x0000, 0x0000, 0x0000, 0x0000, 0x0000, 0x0000, 0x0000, 0x0000, 0x0000, 0x0000, 0x0000, 0x0000, 0x0000, 0x0000,
    0x0000, 0x0000, 0x0000, 0x0000, 0x0000, 0x0000, 0x0000, 0x0000, 0x0000, 0x0000, 0x0000, 0x0000, 0x0000, 0x0000, 0x0000, 0x0000,
    0x0000, 0x0000, 0x0000, 0x0000, 0x0000, 0x0000, 0x0000, 0x0000, 0x0000, 0x0000, 0x0000, 0x0000, 0x0000, 0x0000, 0x0000, 0x0000,
    0x0000, 0x0000, 0x0000, 0x0000, 0x0000, 0x0000, 0x0000, 0x0000, 0x0000, 0x0000, 0x0000, 0x0000, 0x0000, 0x0000, 0x0000, 0x0000,
    0x0000, 0x0000, 0x0000, 0x0000, 0x0000, 0x0000, 0x0000, 0x0000, 0x0000, 0x0000, 0x0000, 0x0000, 0x0000, 0x0000, 0x0000, 0x0000,
    0x0000, 0x0000, 0x0000, 0x0000, 0x0000, 0x0000, 0x0000, 0x0000, 0x0000, 0x0000, 0x0000, 0x0000, 0x0000, 0x0000, 0x0000, 0x0000,
    0x0000, 0x0000, 0x0000, 0x0000, 0x0000, 0x0000, 0x0000, 0x0000, 0x0000, 0x0000, 0x0000, 0x0000, 0x0000, 0x0000, 0x0000, 0x0000,
    0x0000, 0x0000, 0x0000, 0x0000, 0x0000, 0x0000, 0x0000, 0x0000, 0x0000, 0x0000, 0x0000, 0x0000, 0x0000, 0x0000, 0x0000, 0x0000,
    0x0000, 0x0000, 0x0000, 0x0000, 0x0000, 0x0000, 0x0000, 0x0000, 0x0000, 0x0000, 0x0000, 0x0000, 0x0000, 0x0000, 0x0000, 0x0000,
    0x0000, 0x0000, 0x0000, 0x0000, 0x0000, 0x0000, 0x0000, 0x0000, 0x0000, 0x0000, 0x0000, 0x0000, 0x0000, 0x0000, 0x0000, 0x0000,
    0x0000, 0x0000, 0x0000, 0x0000, 0x0000, 0x0000, 0x0000, 0x0000, 0x0000, 0x0000, 0x0000, 0x0000, 0x0000, 0x0000, 0x0000, 0x0000,
    0x0000, 0x0000, 0x0000, 0x0000, 0x0000, 0x0000, 0x0000, 0x0000, 0x0000, 0x0000, 0x0000, 0x0000, 0x0000, 0x0000, 0x0000, 0x0000,
    0x0000, 0x0000, 0x0000, 0x0000, 0x0000, 0x0000, 0x0000, 0x0000, 0x0000, 0x0000, 0x0000, 0x0000, 0x0000, 0x0000, 0x0000, 0x0000,
    0x0000, 0x0000, 0x0000, 0x0000, 0x0000, 0x0000, 0x0000, 0x0000, 0x0000, 0x0000, 0x0000, 0x0000, 0x0000, 0x0000, 0x0000, 0x0000,
    0x0000, 0x0000, 0x0000, 0x0000, 0x0000, 0x0000, 0x0000, 0x0000, 0x0000, 0x0000, 0x0000, 0x0000, 0x0000, 0x0000, 0x0000, 0x0000,
    0x0000, 0x0000, 0x0000, 0x0000, 0x0000, 0x0000, 0x0000, 0x0000, 0x0000, 0x0000, 0x0000, 0x0000, 0x0000, 0x0000, 0x0000, 0x0000,
    0x0000, 0x0000, 0x0000, 0x0000, 0x0000, 0x0000, 0x0000, 0x0000, 0x0000, 0x0000, 0x0000, 0x0000, 0x0000, 0x0000, 0x0000, 0x0000,
    0x0000, 0x0000, 0x0000, 0x0000, 0x0000, 0x0000, 0x0000, 0x0000, 0x0000, 0x0000, 0x0000, 0x0000, 0x0000, 0x0000, 0x0000, 0x0000,
    0x0000, 0x0000, 0x0000, 0x0000, 0x0000, 0x0000, 0x0000, 0x0000, 0x0000, 0x0000, 0x0000, 0x0000, 0x0000, 0x0000, 0x0000, 0x0000,
    0x0000, 0x0000, 0x0000, 0x0000, 0x0000, 0x0000, 0x0000, 0x0000, 0x0000, 0x0000, 0x0000, 0x0000, 0x0000, 0x0000, 0x0000, 0x0000,
    0x0000, 0x0000, 0x0000, 0x0000, 0x0000, 0x0000, 0x0000, 0x0000, 0x0000, 0x0000, 0x0000, 0x0000, 0x0000, 0x0000, 0x0000, 0x0000,
    0x0000, 0x0000, 0x0000, 0x0000, 0x0000, 0x0000, 0x0000, 0x0000, 0x0000, 0x0000, 0x0000, 0x0000, 0x0000, 0x0000, 0x0000, 0x0000,
    0x0000, 0x0000, 0x0000, 0x0000, 0x0000, 0x0000, 0x0000, 0x0000, 0x0000, 0x0000, 0x0000, 0x0000, 0x0000, 0x0000, 0x0000, 0x0000,
    0x0000, 0x0000, 0x0000, 0x0000, 0x0000, 0x0000, 0x0000, 0x0000, 0x0000, 0x0000, 0x0000, 0x0000, 0x0000, 0x0000, 0x0000, 0x0000,
    0x0000, 0x0000, 0x0000, 0x0000, 0x0000, 0x0000, 0x0000, 0x0000, 0x0000, 0x0000, 0x0000, 0x0000, 0x0000, 0x0000, 0x0000, 0x0000,
    0x0000, 0x0000, 0x0000, 0x0000, 0x0000, 0x0000, 0x0000, 0x0000, 0x0000, 0x0000, 0x0000, 0x0000, 0x0000, 0x0000, 0x0000, 0x0000,
    0x0000, 0x0000, 0x0000, 0x0000, 0x0000, 0x0000, 0x0000, 0x0000, 0x0000, 0x0000, 0x0000, 0x0000, 0x0000, 0x0000, 0x0000, 0x0000,
    0x0000, 0x0000, 0x0000, 0x0000, 0x0000, 0x0000, 0x0000, 0x0000, 0x0000, 0x0000, 0x0000, 0x0000, 0x0000, 0x0000, 0x0000, 0x0000,
    0x0000, 0x0000, 0x0000, 0x0000, 0x0000, 0x0000, 0x0000, 0x0000, 0x0000, 0x0000, 0x0000, 0x0000, 0x0000, 0x0000, 0x0000, 0x0000,
    0x0000, 0x0000, 0x0000, 0x0000, 0x0000, 0x0000, 0x0000, 0x0000, 0x0000, 0x0000, 0x0000, 0x0000, 0x0000, 0x0000, 0x0000, 0x0000,
    0x0000, 0x0000, 0x0000, 0x0000, 0x0000, 0x0000, 0x0000, 0x0000, 0x0000, 0x0000, 0x0000, 0x0000, 0x0000, 0x0000, 0x0000, 0x0000,
    0x0000, 0x0000, 0x0000, 0x0000, 0x0000, 0x0000, 0x0000, 0x0000, 0x0000, 0x0000, 0x0000, 0x0000, 0x0000, 0x0000, 0x0000, 0x0000,
    0x0000, 0x0000, 0x0000, 0x0000, 0x0000, 0x0000, 0x0000, 0x0000, 0x0000, 0x0000, 0x0000, 0x0000, 0x0000, 0x0000, 0x0000, 0x0000,
    0x0000, 0x0000, 0x0000, 0x0000, 0x0000, 0x0000, 0x0000, 0x0000, 0x0000, 0x0000, 0x0000, 0x0000, 0x0000, 0x0000, 0x0000, 0x0000,
    0x0000, 0x0000, 0x0000, 0x0000, 0x0000, 0x0000, 0x0000, 0x0000, 0x0000, 0x0000, 0x0000, 0x0000, 0x0000, 0x0000, 0x0000, 0x0000,
    0x0000, 0x0000, 0x0000, 0x0000, 0x0000, 0x0000, 0x0000, 0x0000, 0x0000, 0x0000, 0x0000, 0x0000, 0x0000, 0x0000, 0x0000, 0x0000,
    0x0000, 0x0000, 0x0000, 0x0000, 0x0000, 0x0000, 0x0000, 0x0000, 0x0000, 0x0000, 0x0000, 0x0000, 0x0000, 0x0000, 0x0000, 0x0000,
    0x0000, 0x0000, 0x0000, 0x0000, 0x0000, 0x0000, 0x0000, 0x0000, 0x0000, 0x0000, 0x0000, 0x0000, 0x0000, 0x0000, 0x0000, 0x0000,
    0x0000, 0x0000, 0x0000, 0x0000, 0x0000, 0x0000, 0x0000, 0x0000, 0x0000, 0x0000, 0x0000, 0x0000, 0x0000, 0x0000, 0x0000, 0x0000,
    0x0000, 0x0000, 0x0000, 0x0000, 0x0000, 0x0000, 0x0000, 0x0000, 0x0000, 0x0000, 0x0000, 0x0000, 0x0000, 0x0000, 0x0000, 0x0000,
    0x0000, 0x0000, 0x0000, 0x0000, 0x0000, 0x0000, 0x0000, 0x0000, 0x0000, 0x0000, 0x0000, 0x0000, 0x0000, 0x0000, 0x0000, 0x0000,
    0x0000, 0x0000, 0x0000, 0x0000, 0x0000, 0x0000, 0x0000, 0x0000, 0x0000, 0x0000, 0x0000, 0x0000, 0x0000, 0x0000, 0x0000, 0x0000,
    0x0000, 0x0000, 0x0000, 0x0000, 0x0000, 0x0000, 0x0000, 0x0000, 0x0000, 0x0000, 0x0000, 0x0000, 0x0000, 0x0000, 0x0000, 0x0000,
    0x0000, 0x0000, 0x0000, 0x0000, 0x0000, 0x0000, 0x0000, 0x0000, 0x0000, 0x0000, 0x0000, 0x0000, 0x0000, 0x0000, 0x0000, 0x0000,
    0x0000, 0x0000, 0x0000, 0x0000, 0x0000, 0x0000, 0x0000, 0x0000, 0x0000, 0x0000, 0x0000, 0x0000, 0x0000, 0x0000, 0x0000, 0x0000,
    0x0000, 0x0000, 0x0000, 0x0000, 0x0000, 0x0000, 0x0000, 0x0000, 0x0000, 0x0000, 0x0000, 0x0000, 0x0000, 0x0000, 0x0000, 0x0000,
    0x0000, 0x0000, 0x0000, 0x0000, 0x0000, 0x0000, 0x0000, 0x0000, 0x0000, 0x0000, 0x0000, 0x0000, 0x0000, 0x0000, 0x0000, 0x0000,
    0x0000, 0x0000, 0x0000, 0x0000, 0x0000, 0x0000, 0x0000, 0x0000, 0x0000, 0x0000, 0x0000, 0x0000, 0x0000, 0x0000, 0x0000, 0x0000,
    0x0000, 0x0000, 0x0000, 0x0000, 0x0000, 0x0000, 0x0000, 0x0000, 0x0000, 0x0000, 0x0000, 0x0000, 0x0000, 0x0000, 0x0000, 0x0000,
    0x0000, 0x0000, 0x0000, 0x0000, 0x0000, 0x0000, 0x0000, 0x0000, 0x0000, 0x0000, 0x0000, 0x0000, 0x0000, 0x0000, 0x0000, 0x0000,
    0x0000, 0x0000, 0x0000, 0x0000, 0x0000, 0x0000, 0x0000, 0x0000, 0x0000, 0x0000, 0x0000, 0x0000, 0x0000, 0x0000, 0x0000, 0x0000,
    0x0000, 0x0000, 0x0000, 0x0000, 0x0000, 0x0000, 0x0000, 0x0000, 0x0000, 0x0000, 0x0000, 0x0000, 0x0000, 0x0000, 0x0000, 0x0000,
    0x0000, 0x0000, 0x0000, 0x0000, 0x0000, 0x0000, 0x0000, 0x0000, 0x0000, 0x0000, 0x0000, 0x0000, 0x0000, 0x0000, 0x0000, 0x0000,
    0x0000, 0x0000, 0x0000, 0x0000, 0x0000, 0x0000, 0x0000, 0x0000, 0x0000, 0x0000, 0x0000, 0x0000, 0x0000, 0x0000, 0x0000, 0x0000,
    0x0000, 0x0000, 0x0000, 0x0000, 0x0000, 0x0000, 0x0000, 0x0000, 0x0000, 0x0000, 0x0000, 0x0000, 0x0000, 0x0000, 0x0000, 0x0000,
    0x0000, 0x0000, 0x0000, 0x0000, 0x0000, 0x0000, 0x0000, 0x0000, 0x0000, 0x0000, 0x0000, 0x0000, 0x0000, 0x0000, 0x0000, 0x0000,
    0x0000, 0x0000, 0x0000, 0x0000, 0x0000, 0x0000, 0x0000, 0x0000, 0x0000, 0x0000, 0x0000, 0x0000, 0x0000, 0x0000, 0x0000, 0x0000,
    0x0000, 0x0000, 0x0000, 0x0000, 0x0000, 0x0000, 0x0000, 0x0000, 0x0000, 0x0000, 0x0000, 0x0000, 0x0000, 0x0000, 0x0000, 0x0000,
    0x0000, 0x0000, 0x0000, 0x0000, 0x0000, 0x0000, 0x0000, 0x0000, 0x0000, 0x0000, 0x0000, 0x0000, 0x0000, 0x0000, 0x0000, 0x0000,
    0x0000, 0x0000, 0x0000, 0x0000, 0x0000, 0x0000, 0x0000, 0x0000, 0x0000, 0x0000, 0x0000, 0x0000, 0x0000, 0x0000, 0x0000, 0x0000,
    0x0000, 0x0000, 0x0000, 0x0000, 0x0000, 0x0000, 0x0000, 0x0000, 0x0000, 0x0000, 0x0000, 0x0000, 0x0000, 0x0000, 0x0000, 0x0000,
    0x0000, 0x0000, 0x0000, 0x0000, 0x0000, 0x0000, 0x0000, 0x0000, 0x0000, 0x0000, 0x0000, 0x0000, 0x0000, 0x0000, 0x0000, 0x0000,
    0x0000, 0x0000, 0x0000, 0x0000, 0x0000, 0x0000, 0x0000, 0x0000, 0x0000, 0x0000, 0x0000, 0x0000, 0x0000, 0x0000, 0x0000, 0x0000,
    0x0000, 0x0000, 0x0000, 0x0000, 0x0000, 0x0000, 0x0000, 0x0000, 0x0000, 0x0000, 0x0000, 0x0000, 0x0000, 0x0000, 0x0000, 0x0000,
    0x0000, 0x0000, 0x0000, 0x0000, 0x0000, 0x0000, 0x0000, 0x0000, 0x0000, 0x0000, 0x0000, 0x0000, 0x0000, 0x0000, 0x0000, 0x0000,
    0x0000, 0x0000, 0x0000, 0x0000, 0x0000, 0x0000, 0x0000, 0x0000, 0x0000, 0x0000, 0x0000, 0x0000, 0x0000, 0x0000, 0x0000, 0x0000,
    0x0000, 0x0000, 0x0000, 0x0000, 0x0000, 0x0000, 0x0000, 0x0000, 0x0000, 0x0000, 0x0000, 0x0000, 0x0000, 0x0000, 0x0000, 0x0000,
    0x0000, 0x0000, 0x0000, 0x0000, 0x0000, 0x0000, 0x0000, 0x0000, 0x0000, 0x0000, 0x0000, 0x0000, 0x0000, 0x0000, 0x0000, 0x0000,
    0x0000, 0x0000, 0x0000, 0x0000, 0x0000, 0x0000, 0x0000, 0x0000, 0x0000, 0x0000, 0x0000, 0x0000, 0x0000, 0x0000, 0x0000, 0x0000,
    0x0000, 0x0000, 0x0000, 0x0000, 0x0000, 0x0000, 0x0000, 0x0000, 0x0000, 0x0000, 0x0000, 0x0000, 0x0000, 0x0000, 0x0000, 0x0000,
    0x0000, 0x0000, 0x0000, 0x0000, 0x0000, 0x0000, 0x0000, 0x0000, 0x0000, 0x0000, 0x0000, 0x0000, 0x0000, 0x0000, 0x0000, 0x0000,
    0x0000, 0x0000, 0x0000, 0x0000, 0x0000, 0x0000, 0x0000, 0x0000, 0x0000, 0x0000, 0x0000, 0x0000, 0x0000, 0x0000, 0x0000, 0x0000,
    0x0000, 0x0000, 0x0000, 0x0000, 0x0000, 0x0000, 0x0000, 0x0000, 0x0000, 0x0000, 0x0000, 0x0000, 0x0000, 0x0000, 0x0000, 0x0000,
    0x0000, 0x0000, 0x0000, 0x0000, 0x0000, 0x0000, 0x0000, 0x0000, 0x0000, 0x0000, 0x0000, 0x0000, 0x0000, 0x0000, 0x0000, 0x0000,
    0x0000, 0x0000, 0x0000, 0x0000, 0x0000, 0x0000, 0x0000, 0x0000, 0x0000, 0x0000, 0x0000, 0x0000, 0x0000, 0x0000, 0x0000, 0x0000,
    0x0000, 0x0000, 0x0000, 0x0000, 0x0000, 0x0000, 0x0000, 0x0000, 0x0000, 0x0000, 0x0000, 0x0000, 0x0000, 0x0000, 0x0000, 0x0000,
    0x0000, 0x0000, 0x0000, 0x0000, 0x0000, 0x0000, 0x0000, 0x0000, 0x0000, 0x0000, 0x0000, 0x0000, 0x0000, 0x0000, 0x0000, 0x0000,
    0x0000, 0x0000, 0x0000, 0x0000, 0x0000, 0x0000, 0x0000, 0x0000, 0x0000, 0x0000, 0x0000, 0x0000, 0x0000, 0x0000, 0x0000, 0x0000,
    0x0000, 0x0000, 0x0000, 0x0000, 0x0000, 0x0000, 0x0000, 0x0000, 0x0000, 0x0000, 0x0000, 0x0000, 0x0000, 0x0000, 0x0000, 0x0000,
    0x0000, 0x0000, 0x0000, 0x0000, 0x0000, 0x0000, 0x0000, 0x0000, 0x0000, 0x0000, 0x0000, 0x0000, 0x0000, 0x0000, 0x0000, 0x0000,
    0x0000, 0x0000, 0x0000, 0x0000, 0x0000, 0x0000, 0x0000, 0x0000, 0x0000, 0x0000, 0x0000, 0x0000, 0x0000, 0x0000, 0x0000, 0x0000,
    0x0000, 0x0000, 0x0000, 0x0000, 0x0000, 0x0000, 0x0000, 0x0000, 0x0000, 0x0000, 0x0000, 0x0000, 0x0000, 0x0000, 0x0000, 0x0000,
    0x0000, 0x0000, 0x0000, 0x0000, 0x0000, 0x0000, 0x0000, 0x0000, 0x0000, 0x0000, 0x0000, 0x0000, 0x0000, 0x0000, 0x0000, 0x0000,
    0x0000, 0x0000, 0x0000, 0x0000, 0x0000, 0x0000, 0x0000, 0x0000, 0x0000, 0x0000, 0x0000, 0x0000, 0x0000, 0x0000, 0x0000, 0x0000,
    0x0000, 0x0000, 0x0000, 0x0000, 0x0000, 0x0000, 0x0000, 0x0000, 0x0000, 0x0000, 0x0000, 0x0000, 0x0000, 0x0000, 0x0000, 0x0000,
    0x0000, 0x0000, 0x0000, 0x0000, 0x0000, 0x0000, 0x0000, 0x0000, 0x0000, 0x0000, 0x0000, 0x0000, 0x0000, 0x0000, 0x0000, 0x0000,
    0x0000, 0x0000, 0x0000, 0x0000, 0x0000, 0x0000, 0x0000, 0x0000, 0x0000, 0x0000, 0x0000, 0x0000, 0x0000, 0x0000, 0x0000, 0x0000,
    0x0000, 0x0000, 0x0000, 0x0000, 0x0000, 0x0000, 0x0000, 0x0000, 0x0000, 0x0000, 0x0000, 0x0000, 0x0000, 0x0000, 0x0000, 0x0000,
    0x0000, 0x0000, 0x0000, 0x0000, 0x0000, 0x0000, 0x0000, 0x0000, 0x0000, 0x0000, 0x0000, 0x0000, 0x0000, 0x0000, 0x0000, 0x0000,
    0x0000, 0x0000, 0x0000, 0x0000, 0x0000, 0x0000, 0x0000, 0x0000, 0x0000, 0x0000, 0x0000, 0x0000, 0x0000, 0x0000, 0x0000, 0x0000,
    0x0000, 0x0000, 0x0000, 0x0000, 0x0000, 0x0000, 0x0000, 0x0000, 0x0000, 0x0000, 0x0000, 0x0000, 0x0000, 0x0000, 0x0000, 0x0000,
    0x0000, 0x0000, 0x0000, 0x0000, 0x0000, 0x0000, 0x0000, 0x0000, 0x0000, 0x0000, 0x0000, 0x0000, 0x0000, 0x0000, 0x0000, 0x0000,
    0x0000, 0x0000, 0x0000, 0x0000, 0x0000, 0x0000, 0x0000, 0x0000, 0x0000, 0x0000, 0x0000, 0x0000, 0x0000, 0x0000, 0x0000, 0x0000,
    0x0000, 0x0000, 0x0000, 0x0000, 0x0000, 0x0000, 0x0000, 0x0000, 0x0000, 0x0000, 0x0000, 0x0000, 0x0000, 0x0000, 0x0000, 0x0000,
    0x0000, 0x0000, 0x0000, 0x0000, 0x0000, 0x0000, 0x0000, 0x0000, 0x0000, 0x0000, 0x0000, 0x0000, 0x0000, 0x0000, 0x0000, 0x0000,
    0x0000, 0x0000, 0x0000, 0x0000, 0x0000, 0x0000, 0x0000, 0x0000, 0x0000, 0x0000, 0x0000, 0x0000, 0x0000, 0x0000, 0x0000, 0x0000,
    0x0000, 0x0000, 0x0000, 0x0000, 0x0000, 0x0000, 0x0000, 0x0000, 0x0000, 0x0000, 0x0000, 0x0000, 0x0000, 0x0000, 0x0000, 0x0000,
    0x0000, 0x0000, 0x0000, 0x0000, 0x0000, 0x0000, 0x0000, 0x0000, 0x0000, 0x0000, 0x0000, 0x0000, 0x0000, 0x0000, 0x0000, 0x0000,
    0x0000, 0x0000, 0x0000, 0x0000, 0x0000, 0x0000, 0x0000, 0x0000, 0x0000, 0x0000, 0x0000, 0x0000, 0x0000, 0x0000, 0x0000, 0x0000,
    0x0000, 0x0000, 0x0000, 0x0000, 0x0000, 0x0000, 0x0000, 0x0000, 0x0000, 0x0000, 0x0000, 0x0000, 0x0000, 0x0000, 0x0000, 0x0000,
    0x0000, 0x0000, 0x0000, 0x0000, 0x0000, 0x0000, 0x0000, 0x0000, 0x0000, 0x0000, 0x0000, 0x0000, 0x0000, 0x0000, 0x0000, 0x0000,
    0x0000, 0x0000, 0x0000, 0x0000, 0x0000, 0x0000, 0x0000, 0x0000, 0x0000, 0x0000, 0x0000, 0x0000, 0x0000, 0x0000, 0x0000, 0x0000,
    0x0000, 0x0000, 0x0000, 0x0000, 0x0000, 0x0000, 0x0000, 0x0000, 0x0000, 0x0000, 0x0000, 0x0000, 0x0000, 0x0000, 0x0000, 0x0000,
    0x0000, 0x0000, 0x0000, 0x0000, 0x0000, 0x0000, 0x0000, 0x0000, 0x0000, 0x0000, 0x0000, 0x0000, 0x0000, 0x0000, 0x0000, 0x0000,
    0x0000, 0x0000, 0x0000, 0x0000, 0x0000, 0x0000, 0x0000, 0x0000, 0x0000, 0x0000, 0x0000, 0x0000, 0x0000, 0x0000, 0x0000, 0x0000,
    0x0000, 0x0000, 0x0000, 0x0000, 0x0000, 0x0000, 0x0000, 0x0000, 0x0000, 0x0000, 0x0000, 0x0000, 0x0000, 0x0000, 0x0000, 0x0000,
    0x0000, 0x0000, 0x0000, 0x0000, 0x0000, 0x0000, 0x0000, 0x0000, 0x0000, 0x0000, 0x0000, 0x0000, 0x0000, 0x0000, 0x0000, 0x0000,
    0x0000, 0x0000, 0x0000, 0x0000, 0x0000, 0x0000, 0x0000, 0x0000, 0x0000, 0x0000, 0x0000, 0x0000, 0x0000, 0x0000, 0x0000, 0x0000,
    0x0000, 0x0000, 0x0000, 0x0000, 0x0000, 0x0000, 0x0000, 0x0000, 0x0000, 0x0000, 0x0000, 0x0000, 0x0000, 0x0000, 0x0000, 0x0000,
    0x0000, 0x0000, 0x0000, 0x0000, 0x0000, 0x0000, 0x0000, 0x0000, 0x0000, 0x0000, 0x0000, 0x0000, 0x0000, 0x0000, 0x0000, 0x0000,
    0x0000, 0x0000, 0x0000, 0x0000, 0x0000, 0x0000, 0x0000, 0x0000, 0x0000, 0x0000, 0x0000, 0x0000, 0x0000, 0x0000, 0x0000, 0x0000,
    0x0000, 0x0000, 0x0000, 0x0000, 0x0000, 0x0000, 0x0000, 0x0000, 0x0000, 0x0000, 0x0000, 0x0000, 0x0000, 0x0000, 0x0000, 0x0000,
    0x0000, 0x0000, 0x0000, 0x0000, 0x0000, 0x0000, 0x0000, 0x0000, 0x0000, 0x0000, 0x0000, 0x0000, 0x0000, 0x0000, 0x0000, 0x0000,
    0x0000, 0x0000, 0x0000, 0x0000, 0x0000, 0x0000, 0x0000, 0x0000, 0x0000, 0x0000, 0x0000, 0x0000, 0x0000, 0x0000, 0x0000, 0x0000,
    0x0000, 0x0000, 0x0000, 0x0000, 0x0000, 0x0000, 0x0000, 0x0000, 0x0000, 0x0000, 0x0000, 0x0000, 0x0000, 0x0000, 0x0000, 0x0000,
    0x0000, 0x0000, 0x0000, 0x0000, 0x0000, 0x0000, 0x0000, 0x0000, 0x0000, 0x0000, 0x0000, 0x0000, 0x0000, 0x0000, 0x0000, 0x0000,
    0x0000, 0x0000, 0x0000, 0x0000, 0x0000, 0x0000, 0x0000, 0x0000, 0x0000, 0x0000, 0x0000, 0x0000, 0x0000, 0x0000, 0x0000, 0x0000,
    0x0000, 0x0000, 0x0000, 0x0000, 0x0000, 0x0000, 0x0000, 0x0000, 0x0000, 0x0000, 0x0000, 0x0000, 0x0000, 0x0000, 0x0000, 0x0000,
    0x0000, 0x0000, 0x0000, 0x0000, 0x0000, 0x0000, 0x0000, 0x0000, 0x0000, 0x0000, 0x0000, 0x0000, 0x0000, 0x0000, 0x0000, 0x0000,
    0x0000, 0x0000, 0x0000, 0x0000, 0x0000, 0x0000, 0x0000, 0x0000, 0x0000, 0x0000, 0x0000, 0x0000, 0x0000, 0x0000, 0x0000, 0x0000,
    0x0000, 0x0000, 0x0000, 0x0000, 0x0000, 0x0000, 0x0000, 0x0000, 0x0000, 0x0000, 0x0000, 0x0000, 0x0000, 0x0000, 0x0000, 0x0000,
    0x0000, 0x0000, 0x0000, 0x0000, 0x0000, 0x0000, 0x0000, 0x0000, 0x0000, 0x0000, 0x0000, 0x0000, 0x0000, 0x0000, 0x0000, 0x0000,
    0x0000, 0x0000, 0x0000, 0x0000, 0x0000, 0x0000, 0x0000, 0x0000, 0x0000, 0x0000, 0x0000, 0x0000, 0x0000, 0x0000, 0x0000, 0x0000,
    0x0000, 0x0000, 0x0000, 0x0000, 0x0000, 0x0000, 0x0000, 0x0000, 0x0000, 0x0000, 0x0000, 0x0000, 0x0000, 0x0000, 0x0000, 0x0000,
    0x0000, 0x0000, 0x0000, 0x0000, 0x0000, 0x0000, 0x0000, 0x0000, 0x0000, 0x0000, 0x0000, 0x0000, 0x0000, 0x0000, 0x0000, 0x0000,
    0x0000, 0x0000, 0x0000, 0x0000, 0x0000, 0x0000, 0x0000, 0x0000, 0x0000, 0x0000, 0x0000, 0x0000, 0x0000, 0x0000, 0x0000, 0x0000,
    0x0000, 0x0000, 0x0000, 0x0000, 0x0000, 0x0000, 0x0000, 0x0000, 0x0000, 0x0000, 0x0000, 0x0000, 0x0000, 0x0000, 0x0000, 0x0000,
    0x0000, 0x0000, 0x0000, 0x0000, 0x0000, 0x0000, 0x0000, 0x0000, 0x0000, 0x0000, 0x0000, 0x0000, 0x0000, 0x0000, 0x0000, 0x0000,
    0x0000, 0x0000, 0x0000, 0x0000, 0x0000, 0x0000, 0x0000, 0x0000, 0x0000, 0x0000, 0x0000, 0x0000, 0x0000, 0x0000, 0x0000, 0x0000,
    0x0000, 0x0000, 0x0000, 0x0000, 0x0000, 0x0000, 0x0000, 0x0000, 0x0000, 0x0000, 0x0000, 0x0000, 0x0000, 0x0000, 0x0000, 0x0000,
    0x0000, 0x0000, 0x0000, 0x0000, 0x0000, 0x0000, 0x0000, 0x0000, 0x0000, 0x0000, 0x0000, 0x0000, 0x0000, 0x0000, 0x0000, 0x0000,
    0x0000, 0x0000, 0x0000, 0x0000, 0x0000, 0x0000, 0x0000, 0x0000, 0x0000, 0x0000, 0x0000, 0x0000, 0x0000, 0x0000, 0x0000, 0x0000,
    0x0000, 0x0000, 0x0000, 0x0000, 0x0000, 0x0000, 0x0000, 0x0000, 0x0000, 0x0000, 0x0000, 0x0000, 0x0000, 0x0000, 0x0000, 0x0000,
    0x0000, 0x0000, 0x0000, 0x0000, 0x0000, 0x0000, 0x0000, 0x0000, 0x0000, 0x0000, 0x0000, 0x0000, 0x0000, 0x0000, 0x0000, 0x0000,
    0x0000, 0x0000, 0x0000, 0x0000, 0x0000, 0x0000, 0x0000, 0x0000, 0x0000, 0x0000, 0x0000, 0x0000, 0x0000, 0x0000, 0x0000, 0x0000,
    0x0000, 0x0000, 0x0000, 0x0000, 0x0000, 0x0000, 0x0000, 0x0000, 0x0000, 0x0000, 0x0000, 0x0000, 0x0000, 0x0000, 0x0000, 0x0000,
    0x0000, 0x0000, 0x0000, 0x0000, 0x0000, 0x0000, 0x0000, 0x0000, 0x0000, 0x0000, 0x0000, 0x0000, 0x0000, 0x0000, 0x0000, 0x0000,
    0x0000, 0x0000, 0x0000, 0x0000, 0x0000, 0x0000, 0x0000, 0x0000, 0x0000, 0x0000, 0x0000, 0x0000, 0x0000, 0x0000, 0x0000, 0x0000,
    0x0000, 0x0000, 0x0000, 0x0000, 0x0000, 0x0000, 0x0000, 0x0000, 0x0000, 0x0000, 0x0000, 0x0000, 0x0000, 0x0000, 0x0000, 0x0000,
    0x0000, 0x0000, 0x0000, 0x0000, 0x0000, 0x0000, 0x0000, 0x0000, 0x0000, 0x0000, 0x0000, 0x0000, 0x0000, 0x0000, 0x0000, 0x0000,
    0x0000, 0x0000, 0x0000, 0x0000, 0x0000, 0x0000, 0x0000, 0x0000, 0x0000, 0x0000, 0x0000, 0x0000, 0x0000, 0x0000, 0x0000, 0x0000,
    0x0000, 0x0000, 0x0000, 0x0000, 0x0000, 0x0000, 0x0000, 0x0000, 0x0000, 0x0000, 0x0000, 0x0000, 0x0000, 0x0000, 0x0000, 0x0000,
    0x0000, 0x0000, 0x0000, 0x0000, 0x0000, 0x0000, 0x0000, 0x0000, 0x0000, 0x0000, 0x0000, 0x0000, 0x0000, 0x0000, 0x0000, 0x0000,
    0x0000, 0x0000, 0x0000, 0x0000, 0x0000, 0x0000, 0x0000, 0x0000, 0x0000, 0x0000, 0x0000, 0x0000, 0x0000, 0x0000, 0x0000, 0x0000,
    0x0000, 0x0000, 0x0000, 0x0000, 0x0000, 0x0000, 0x0000, 0x0000, 0x0000, 0x0000, 0x0000, 0x0000, 0x0000, 0x0000, 0x0000, 0x0000,
    0x0000, 0x0000, 0x0000, 0x0000, 0x0000, 0x0000, 0x0000, 0x0000, 0x0000, 0x0000, 0x0000, 0x0000, 0x0000, 0x0000, 0x0000, 0x0000,
    0x0000, 0x0000, 0x0000, 0x0000, 0x0000, 0x0000, 0x0000, 0x0000, 0x0000, 0x0000, 0x0000, 0x0000, 0x0000, 0x0000, 0x0000, 0x0000,
    0x0000, 0x0000, 0x0000, 0x0000, 0x0000, 0x0000, 0x0000, 0x0000, 0x0000, 0x0000, 0x0000, 0x0000, 0x0000, 0x0000, 0x0000, 0x0000,
    0x0000, 0x0000, 0x0000, 0x0000, 0x0000, 0x0000, 0x0000, 0x0000, 0x0000, 0x0000, 0x0000, 0x0000, 0x0000, 0x0000, 0x0000, 0x0000,
    0x0000, 0x0000, 0x0000, 0x0000, 0x0000, 0x0000, 0x0000, 0x0000, 0x0000, 0x0000, 0x0000, 0x0000, 0x0000, 0x0000, 0x0000, 0x0000,
    0x0000, 0x0000, 0x0000, 0x0000, 0x0000, 0x0000, 0x0000, 0x0000, 0x0000, 0x0000, 0x0000, 0x0000, 0x0000, 0x0000, 0x0000, 0x0000,
    0x0000, 0x0000, 0x0000, 0x0000, 0x0000, 0x0000, 0x0000, 0x0000, 0x0000, 0x0000, 0x0000, 0x0000, 0x0000, 0x0000, 0x0000, 0x0000,
    0x0000, 0x0000, 0x0000, 0x0000, 0x0000, 0x0000, 0x0000, 0x0000, 0x0000, 0x0000, 0x0000, 0x0000, 0x0000, 0x0000, 0x0000, 0x0000,
    0x0000, 0x0000, 0x0000, 0x0000, 0x0000, 0x0000, 0x0000, 0x0000, 0x0000, 0x0000, 0x0000, 0x0000, 0x0000, 0x0000, 0x0000, 0x0000,
    0x0000, 0x0000, 0x0000, 0x0000, 0x0000, 0x0000, 0x0000, 0x0000, 0x0000, 0x0000, 0x0000, 0x0000, 0x0000, 0x0000, 0x0000, 0x0000,
    0x0000, 0x0000, 0x0000, 0x0000, 0x0000, 0x0000, 0x0000, 0x0000, 0x0000, 0x0000, 0x0000, 0x0000, 0x0000, 0x0000, 0x0000, 0x0000,
    0x0000, 0x0000, 0x0000, 0x0000, 0x0000, 0x0000, 0x0000, 0x0000, 0x0000, 0x0000, 0x0000, 0x0000, 0x0000, 0x0000, 0x0000, 0x0000,
    0x0000, 0x0000, 0x0000, 0x0000, 0x0000, 0x0000, 0x0000, 0x0000, 0x0000, 0x0000, 0x0000, 0x0000, 0x0000, 0x0000, 0x0000, 0x0000,
    0x0000, 0x0000, 0x0000, 0x0000, 0x0000, 0x0000, 0x0000, 0x0000, 0x0000, 0x0000, 0x0000, 0x0000, 0x0000, 0x0000, 0x0000, 0x0000,
    0x0000, 0x0000, 0x0000, 0x0000, 0x0000, 0x0000, 0x0000, 0x0000, 0x0000, 0x0000, 0x0000, 0x0000, 0x0000, 0x0000, 0x0000, 0x0000,
    0x0000, 0x0000, 0x0000, 0x0000, 0x0000, 0x0000, 0x0000, 0x0000, 0x0000, 0x0000, 0x0000, 0x0000, 0x0000, 0x0000, 0x0000, 0x0000,
    0x0000, 0x0000, 0x0000, 0x0000, 0x0000, 0x0000, 0x0000, 0x0000, 0x0000, 0x0000, 0x0000, 0x0000, 0x0000, 0x0000, 0x0000, 0x0000,
    0x0000, 0x0000, 0x0000, 0x0000, 0x0000, 0x0000, 0x0000, 0x0000, 0x0000, 0x0000, 0x0000, 0x0000, 0x0000, 0x0000, 0x0000, 0x0000,
    0x0000, 0x0000, 0x0000, 0x0000, 0x0000, 0x0000, 0x0000, 0x0000, 0x0000, 0x0000, 0x0000, 0x0000, 0x0000, 0x0000, 0x0000, 0x0000,
    0x0000, 0x0000, 0x0000, 0x0000, 0x0000, 0x0000, 0x0000, 0x0000, 0x0000, 0x0000, 0x0000, 0x0000, 0x0000, 0x0000, 0x0000, 0x0000,
    0x0000, 0x0000, 0x0000, 0x0000, 0x0000, 0x0000, 0x0000, 0x0000, 0x0000, 0x0000, 0x0000, 0x0000, 0x0000, 0x0000, 0x0000, 0x0000,
    0x0000, 0x0000, 0x0000, 0x0000, 0x0000, 0x0000, 0x0000, 0x0000, 0x0000, 0x0000, 0x0000, 0x0000, 0x0000, 0x0000, 0x0000, 0x0000,
    0x0000, 0x0000, 0x0000, 0x0000, 0x0000, 0x0000, 0x0000, 0x0000, 0x0000, 0x0000, 0x0000, 0x0000, 0x0000, 0x0000, 0x0000, 0x0000,
    0x0000, 0x0000, 0x0000, 0x0000, 0x0000, 0x0000, 0x0000, 0x0000, 0x0000, 0x0000, 0x0000, 0x0000, 0x0000, 0x0000, 0x0000, 0x0000,
    0x0000, 0x0000, 0x0000, 0x0000, 0x0000, 0x0000, 0x0000, 0x0000, 0x0000, 0x0000, 0x0000, 0x0000, 0x0000, 0x0000, 0x0000, 0x0000,
    0x0000, 0x0000, 0x0000, 0x0000, 0x0000, 0x0000, 0x0000, 0x0000, 0x0000, 0x0000, 0x0000, 0x0000, 0x0000, 0x0000, 0x0000, 0x0000,
    0x0000, 0x0000, 0x0000, 0x0000, 0x0000, 0x0000, 0x0000, 0x0000, 0x0000, 0x0000, 0x0000, 0x0000, 0x0000, 0x0000, 0x0000, 0x0000,
    0x0000, 0x0000, 0x0000, 0x0000, 0x0000, 0x0000, 0x0000, 0x0000, 0x0000, 0x0000, 0x0000, 0x0000, 0x0000, 0x0000, 0x0000, 0x0000,
    0x0000, 0x0000, 0x0000, 0x0000, 0x0000, 0x0000, 0x0000, 0x0000, 0x0000, 0x0000, 0x0000, 0x0000, 0x0000, 0x0000, 0x0000, 0x0000,
    0x0000, 0x0000, 0x0000, 0x0000, 0x0000, 0x0000, 0x0000, 0x0000, 0x0000, 0x0000, 0x0000, 0x0000, 0x0000, 0x0000, 0x0000, 0x0000,
    0x0000, 0x0000, 0x0000, 0x0000, 0x0000, 0x0000, 0x0000, 0x0000, 0x0000, 0x0000, 0x0000, 0x0000, 0x0000, 0x0000, 0x0000, 0x0000,
    0x0000, 0x0000, 0x0000, 0x0000, 0x0000, 0x0000, 0x0000, 0x0000, 0x0000, 0x0000, 0x0000, 0x0000, 0x0000, 0x0000, 0x0000, 0x0000,
    0x0000, 0x0000, 0x0000, 0x0000, 0x0000, 0x0000, 0x0000, 0x0000, 0x0000, 0x0000, 0x0000, 0x0000, 0x0000, 0x0000, 0x0000, 0x0000,
    0x0000, 0x0000, 0x0000, 0x0000, 0x0000, 0x0000, 0x0000, 0x0000, 0x0000, 0x0000, 0x0000, 0x0000, 0x0000, 0x0000, 0x0000, 0x0000,
    0x0000, 0x0000, 0x0000, 0x0000, 0x0000, 0x0000, 0x0000, 0x0000, 0x0000, 0x0000, 0x0000, 0x0000, 0x0000, 0x0000, 0x0000, 0x0000,
    0x0000, 0x0000, 0x0000, 0x0000, 0x0000, 0x0000, 0x0000, 0x0000, 0x0000, 0x0000, 0x0000, 0x0000, 0x0000, 0x0000, 0x0000, 0x0000,
    0x0000, 0x0000, 0x0000, 0x0000, 0x0000, 0x0000, 0x0000, 0x0000, 0x0000, 0x0000, 0x0000, 0x0000, 0x0000, 0x0000, 0x0000, 0x0000,
    0x0000, 0x0000, 0x0000, 0x0000, 0x0000, 0x0000, 0x0000, 0x0000, 0x0000, 0x0000, 0x0000, 0x0000, 0x0000, 0x0000, 0x0000, 0x0000,
    0x0000, 0x0000, 0x0000, 0x0000, 0x0000, 0x0000, 0x0000, 0x0000, 0x0000, 0x0000, 0x0000, 0x0000, 0x0000, 0x0000, 0x0000, 0x0000,
    0x0000, 0x0000, 0x0000, 0x0000, 0x0000, 0x0000, 0x0000, 0x0000, 0x0000, 0x0000, 0x0000, 0x0000, 0x0000, 0x0000, 0x0000, 0x0000,
    0x0000, 0x0000, 0x0000, 0x0000, 0x0000, 0x0000, 0x0000, 0x0000, 0x0000, 0x0000, 0x0000, 0x0000, 0x0000, 0x0000, 0x0000, 0x0000,
    0x0000, 0x0000, 0x0000, 0x0000, 0x0000, 0x0000, 0x0000, 0x0000, 0x0000, 0x0000, 0x0000, 0x0000, 0x0000, 0x0000, 0x0000, 0x0000,
    0x0000, 0x0000, 0x0000, 0x0000, 0x0000, 0x0000, 0x0000, 0x0000, 0x0000, 0x0000, 0x0000, 0x0000, 0x0000, 0x0000, 0x0000, 0x0000,
};
