// Auto-generated from huoguo.png
// Size: 240x240 pixels
// Format: RGB565

#include <stdint.h>

const uint16_t emotion_huoguo_image_width = 240;
const uint16_t emotion_huoguo_image_height = 240;
const uint16_t emotion_huoguo_image_data[] = {
    0xBD73, 0x93AA, 0x9BAB, 0x93CB, 0x93CB, 0x93AA, 0x9BAB, 0x93AA, 0x9BAB, 0x9BAB, 0x9BAB, 0x93AA, 0x93AA, 0x9BAB, 0x93AA, 0x93AA,
    0x5A47, 0x3985, 0x2944, 0x3985, 0x3985, 0x3985, 0x2944, 0x39C5, 0x39C5, 0x3985, 0x4A06, 0x8329, 0x8B49, 0x9BAB, 0xA3EB, 0xA40C,
    0xA40C, 0x9BAB, 0x5A47, 0x3985, 0x3985, 0x3985, 0x39C5, 0x39C5, 0x39C5, 0x39C5, 0x3985, 0x3985, 0x39C5, 0x39C5, 0x3985, 0x3985,
    0x3985, 0x39C5, 0x4A27, 0x62A8, 0x62A8, 0x62A8, 0x6AE9, 0x62A8, 0x62A8, 0x62A8, 0x7309, 0x7309, 0x7309, 0x7309, 0x7309, 0x7309,
    0x6AE9, 0x7309, 0x7309, 0x7309, 0x7B2A, 0x7B2A, 0x7309, 0x62A8, 0x4A06, 0x4A06, 0x6AE9, 0x62A8, 0x62A8, 0x7309, 0x62A8, 0x5A47,
    0x5247, 0x5247, 0x5247, 0x5A47, 0x5A47, 0x5A88, 0x5AA9, 0x62A8, 0x6AE9, 0x7309, 0x7B2A, 0x838B, 0x9C0D, 0x8BEE, 0x83CD, 0x8BEE,
    0x8BEE, 0x7BAD, 0x7BAD, 0x9C0D, 0x9C0D, 0x8BEE, 0x8BEE, 0x83CD, 0x83CD, 0x8BEE, 0x8C2E, 0x9C4F, 0x9C0D, 0x8BEE, 0x83CD, 0x83CD,
    0x83CD, 0x83CD, 0x8BEE, 0x9C0D, 0x9C0D, 0x9C4F, 0xA490, 0xACD0, 0xACD0, 0xACF1, 0xAD12, 0xAD12, 0xB533, 0xAD12, 0xACD0, 0xA490,
    0xA490, 0x9C0D, 0x9C4F, 0xB533, 0xDE96, 0xE6D8, 0xEED9, 0xEED9, 0xEED9, 0xE6F9, 0xE6F9, 0xEED9, 0xE6F9, 0xE6F9, 0xE6F9, 0xE6F9,
    0xE6F9, 0xE6F9, 0xEED9, 0xEED9, 0xEED9, 0xEED9, 0xEED9, 0xEED9, 0xEED9, 0xEED9, 0xEED9, 0xEED9, 0xEED9, 0xEED9, 0xEED9, 0xEED9,
    0xEEF8, 0xEED9, 0xEED9, 0xEED9, 0xEED9, 0xEED9, 0xEED9, 0xEED9, 0xEED9, 0xEED9, 0xEED9, 0xEED9, 0xEED9, 0xD5F5, 0x9C0D, 0x93CB,
    0x8BAB, 0x93CB, 0x93CB, 0x8BAB, 0x8BAB, 0x836A, 0x836A, 0x836A, 0x836A, 0x838B, 0x836A, 0x8BAB, 0x8B8B, 0x838B, 0x836A, 0x836A,
    0x836A, 0x838B, 0x838B, 0x8B8B, 0x93CC, 0xAC2C, 0xBCCE, 0xCD51, 0xDDD0, 0xDDF3, 0xE611, 0xE611, 0xDDF3, 0xDDD0, 0xDDD0, 0xD56E,
    0xBCAE, 0xAC2C, 0x93CC, 0x93CB, 0x8BAB, 0x8BAB, 0x8BAB, 0x93CB, 0x8BAB, 0x8BAB, 0x8B8B, 0x8BAB, 0x93CB, 0x9BEC, 0x9C0D, 0xA46E,
    0xAC2C, 0x9BEC, 0x93CB, 0x8BAB, 0x8BAB, 0x8BAB, 0x93CB, 0x93CB, 0x93CB, 0x93CB, 0x93CC, 0xAC2C, 0xAC2C, 0xA46E, 0xAC6D, 0xAC6D,
    0xBD73, 0x93AA, 0x9BAB, 0x9BAB, 0x9BAB, 0x9BAB, 0x9BAB, 0x93AA, 0x93AA, 0x93AA, 0x9BCB, 0x9BCB, 0x93AA, 0x9BAB, 0x93CB, 0x9BAB,
    0x5A88, 0x3985, 0x3985, 0x3985, 0x3985, 0x3985, 0x3985, 0x3985, 0x3985, 0x3985, 0x41E6, 0x8329, 0x8B49, 0x93AA, 0xA3EB, 0xA40C,
    0xA40C, 0x9BCB, 0x62A8, 0x3985, 0x3985, 0x39C5, 0x3985, 0x3985, 0x3985, 0x39C5, 0x3985, 0x3985, 0x3985, 0x41E6, 0x39C5, 0x3985,
    0x3985, 0x39C5, 0x5247, 0x62A8, 0x5A88, 0x62A8, 0x6AE9, 0x62A8, 0x62A8, 0x5A88, 0x7309, 0x7309, 0x7309, 0x7309, 0x7309, 0x7309,
    0x7309, 0x7309, 0x7309, 0x6AE9, 0x7309, 0x7309, 0x7309, 0x62A8, 0x4A27, 0x5A47, 0x7309, 0x62A8, 0x62A8, 0x7309, 0x5A47, 0x4A27,
    0x4A27, 0x4A27, 0x5247, 0x5A47, 0x5A47, 0x5A88, 0x5A88, 0x62A8, 0x6AE9, 0x7309, 0x7B2A, 0x836A, 0x8BEE, 0x83CD, 0x83CD, 0x9C0D,
    0x9C0D, 0x83CD, 0x83CD, 0x83CD, 0x83CD, 0x83CD, 0x83CD, 0x838B, 0x838B, 0x83CD, 0x8C2E, 0x9C4F, 0x9C4F, 0x9C0D, 0x8BEE, 0x83CD,
    0x83CD, 0x8BEE, 0x9C0D, 0x9C0D, 0x8C2E, 0x9C4F, 0xACD0, 0xACD0, 0xACD0, 0xACF1, 0xB533, 0xBD73, 0xBD73, 0xB533, 0xACF1, 0xACD0,
    0xACD0, 0xACD0, 0xA490, 0xB533, 0xDE78, 0xE6D8, 0xEED9, 0xE6F9, 0xE6F9, 0xE6F9, 0xE6F9, 0xEED9, 0xE6F9, 0xE6F9, 0xE6F9, 0xE6F9,
    0xE6F9, 0xEED9, 0xEED9, 0xEED9, 0xEED9, 0xEED9, 0xEED9, 0xEED9, 0xEED9, 0xEED9, 0xEED9, 0xEED9, 0xEED9, 0xEED9, 0xEED9, 0xEED9,
    0xE6F9, 0xEEF8, 0xEED9, 0xEED9, 0xEED9, 0xEEF8, 0xEED9, 0xEED9, 0xEED9, 0xEED9, 0xEED9, 0xEED9, 0xEED9, 0xD5D4, 0x9C0D, 0x93CB,
    0x8BAB, 0x93CB, 0x93CB, 0x8BAB, 0x8B8B, 0x836A, 0x836A, 0x836A, 0x836A, 0x8B8B, 0x836A, 0x8B8B, 0x8BAB, 0x8BAB, 0x8BAB, 0x8B8B,
    0x838B, 0x838B, 0x9BEC, 0xBCAE, 0xDDD0, 0xDDF3, 0xE611, 0xE611, 0xE611, 0xE611, 0xE611, 0xE611, 0xE611, 0xE611, 0xE611, 0xE611,
    0xE611, 0xDDD0, 0xBCCE, 0x9BEC, 0x8BAB, 0x8BAB, 0x8BAB, 0x8BAB, 0x8BAB, 0x8BAB, 0x8BAB, 0x8BAB, 0x8BAB, 0x8BAB, 0x93CB, 0x93CB,
    0x93CC, 0x9C0D, 0x9C0D, 0x9C0D, 0x9C0D, 0x93CB, 0x8BAB, 0x8BAB, 0x8BAB, 0x8BAB, 0x93CB, 0x93CB, 0x93CB, 0x93CC, 0xA40C, 0xA40C,
    0xB533, 0x8B8B, 0x9BAB, 0x9BAB, 0x9BAB, 0x93AA, 0x93AA, 0x93CB, 0xA3EB, 0xA40C, 0xA3EB, 0x9BEC, 0x93AA, 0x93AA, 0x93AA, 0x9BAB,
    0x62A8, 0x3985, 0x3985, 0x3985, 0x3985, 0x3985, 0x3985, 0x3985, 0x3985, 0x3985, 0x39C5, 0x7309, 0x8B49, 0x93AA, 0xA40C, 0xA3EB,
    0x9BEC, 0x93CC, 0x62A8, 0x39C5, 0x3985, 0x3985, 0x3985, 0x3985, 0x39C5, 0x3985, 0x3985, 0x3985, 0x3985, 0x39C5, 0x39C5, 0x39C5,
    0x41E6, 0x4A06, 0x5A47, 0x6AE9, 0x62A8, 0x62A8, 0x6AE9, 0x62A8, 0x6AE9, 0x6A66, 0x7309, 0x7309, 0x7309, 0x8329, 0x6AE9, 0x7309,
    0x6AE9, 0x7309, 0x7309, 0x6AE9, 0x7309, 0x7309, 0x7309, 0x62A8, 0x4A06, 0x5A47, 0x7309, 0x62A8, 0x7309, 0x7309, 0x5247, 0x4A27,
    0x5247, 0x5247, 0x5A47, 0x5A47, 0x5A47, 0x5A88, 0x62A8, 0x62A8, 0x6AE9, 0x7309, 0x7B2A, 0x836A, 0x83CD, 0x8BEE, 0x8BEE, 0x8C2E,
    0x8C2E, 0x9C0D, 0x8BEE, 0x83CD, 0x7BAD, 0x7BAD, 0x838B, 0x836A, 0x736C, 0x838B, 0x9C0D, 0x9C4F, 0x9C4F, 0x9C4F, 0x9C0D, 0x9C0D,
    0x8C2E, 0x9C0D, 0x9C4F, 0x9C0D, 0x9C4F, 0xA490, 0xACD0, 0xACD0, 0xACF1, 0xB533, 0xBD73, 0xBD73, 0xB533, 0xAD12, 0xACF1, 0xAD12,
    0xAD12, 0xAD12, 0xAD12, 0xBD73, 0xDE78, 0xEED9, 0xE6F9, 0xE6F9, 0xE6F9, 0xE6F9, 0xEED9, 0xEED9, 0xE6F9, 0xE6F9, 0xEF19, 0xE6F9,
    0xEF19, 0xE6F9, 0xEED9, 0xEED9, 0xEED9, 0xEED9, 0xEED9, 0xEED9, 0xEED9, 0xEED9, 0xEED9, 0xEED9, 0xEED9, 0xEED9, 0xE6F9, 0xEED9,
    0xEED9, 0xEED9, 0xEEF8, 0xE6F9, 0xEED9, 0xEED9, 0xEED9, 0xEED9, 0xEEF8, 0xEED9, 0xEED9, 0xEED9, 0xEED9, 0xD5D4, 0x9C0D, 0x93CB,
    0x93CB, 0x93CB, 0x93CB, 0x8BAB, 0x8BAB, 0x836A, 0x838B, 0x836A, 0x836A, 0x838B, 0x836A, 0x838B, 0x8BAB, 0x8BAB, 0x8BAB, 0x8BAB,
    0xA3EB, 0xBCEF, 0xDDD0, 0xE611, 0xE611, 0xE611, 0xDDD0, 0xD56E, 0xC4EF, 0xBCAE, 0xBC8D, 0xBCCE, 0xCD2C, 0xD56E, 0xDDD0, 0xE611,
    0xE611, 0xE611, 0xE611, 0xD56E, 0xAC2C, 0x8B8B, 0x8BAB, 0x8BAB, 0x93CB, 0x8BAB, 0x8B8B, 0x8BAB, 0x8B8B, 0x8BAB, 0x93CB, 0x8BAB,
    0x8BAB, 0x8BAB, 0x93CB, 0x93CC, 0x9C0D, 0x9C0D, 0x9C0D, 0x9C0D, 0x93CC, 0x8BAB, 0x8BAB, 0x8BAB, 0x8BAB, 0x93CB, 0x93CB, 0x93CB,
    0xCD73, 0x9BAB, 0x93AA, 0x93AA, 0x9BAB, 0x9BCB, 0xA3EB, 0xA3EB, 0x9BEC, 0x9BCB, 0x9BCB, 0x9BCB, 0x9BAB, 0x93AA, 0x93AA, 0x9BAB,
    0x7309, 0x39C5, 0x3985, 0x3985, 0x3985, 0x3985, 0x3985, 0x3985, 0x3985, 0x3985, 0x41E6, 0x6AE9, 0x8B49, 0x938A, 0xA40C, 0x9BEC,
    0x93AA, 0x93AA, 0x6AE9, 0x39C5, 0x3985, 0x39C5, 0x3985, 0x3985, 0x3985, 0x3985, 0x3985, 0x39C5, 0x41E6, 0x4A27, 0x5A47, 0x5A47,
    0x5A47, 0x4A27, 0x5A47, 0x6AE9, 0x6AE9, 0x62A8, 0x6AE9, 0x62A8, 0x62A8, 0x62A8, 0x7309, 0x7B2A, 0x7309, 0x7309, 0x7309, 0x7309,
    0x7309, 0x7309, 0x7309, 0x6AE9, 0x6AE9, 0x6AE9, 0x6AE9, 0x62A8, 0x5247, 0x62A8, 0x6AE9, 0x6AE9, 0x7309, 0x62A8, 0x4A27, 0x4A27,
    0x4A27, 0x5247, 0x5268, 0x5268, 0x5268, 0x5A88, 0x62A8, 0x6AE9, 0x6AE9, 0x6B0A, 0x7B2A, 0x7B2A, 0x7B2A, 0x83CD, 0x8BEE, 0x9C0D,
    0x8BEE, 0x8BEE, 0x9C0D, 0x83CD, 0x7BAD, 0x838B, 0x836A, 0x836A, 0x736C, 0x838B, 0x8C2E, 0xA490, 0x9C4F, 0x9C4F, 0x9C4F, 0xA490,
    0x9C4F, 0xA490, 0x9C4F, 0x9C4F, 0xA490, 0xACD0, 0xACD0, 0xAD12, 0xB533, 0xBD73, 0xBD73, 0xB533, 0xAD12, 0xAD12, 0xAD12, 0xAD12,
    0xACF1, 0xACF1, 0xB533, 0xC5B4, 0xDE78, 0xEED9, 0xEED9, 0xEED9, 0xEED9, 0xEED9, 0xE6F9, 0xE6F9, 0xE6F9, 0xE6F9, 0xE6F9, 0xE6F9,
    0xE6F9, 0xE6F9, 0xE6F9, 0xE6F9, 0xEED9, 0xEED9, 0xEED9, 0xEED9, 0xEED9, 0xEED9, 0xEED9, 0xEED9, 0xEED9, 0xEED9, 0xEEF8, 0xEED9,
    0xEED9, 0xEED9, 0xEED9, 0xEED9, 0xE6F9, 0xEED9, 0xEED9, 0xEED9, 0xEED9, 0xEED9, 0xEED9, 0xEED9, 0xEED9, 0xD5D4, 0x9C0D, 0x93CB,
    0x93CB, 0x93CC, 0x93CB, 0x8BAB, 0x8BAB, 0x836A, 0x838B, 0x836A, 0x836A, 0x838B, 0x836A, 0x8B8B, 0x8B8B, 0x8B8B, 0x93CB, 0xB48E,
    0xDDD0, 0xE611, 0xE611, 0xDDD0, 0xCD2C, 0xAC6D, 0x9BEC, 0x8B8B, 0x838B, 0x838B, 0x8B8B, 0x8B8B, 0x8BAB, 0x93CC, 0xAC2C, 0xBCAE,
    0xD56E, 0xDDD0, 0xE611, 0xE611, 0xDDD0, 0xAC6D, 0x8BAB, 0x8BAB, 0x8BAB, 0x8BAB, 0x8BAB, 0x8BAB, 0x8BAB, 0x8BAB, 0x8BAB, 0x8BAB,
    0x8BAB, 0x8BAB, 0x93CB, 0x8BAB, 0x8BAB, 0x93CB, 0x93CC, 0x9C0D, 0x9C0D, 0x9C0D, 0x9C0D, 0x9BEC, 0x93CC, 0x8BAB, 0x8BAB, 0x8BAB,
    0xB533, 0x93AA, 0x93CB, 0x9BEC, 0x9BEC, 0x9BAB, 0x9BAB, 0x9BAB, 0x9BAB, 0x9BAB, 0x9BCB, 0x93AA, 0x9BAB, 0x938A, 0x93AA, 0x93AA,
    0x8329, 0x41E6, 0x3985, 0x3985, 0x3985, 0x39C5, 0x39C5, 0x3985, 0x3985, 0x3985, 0x39C5, 0x62A8, 0x8B49, 0x836A, 0x9BCB, 0x9BEC,
    0x93CB, 0x93AA, 0x7309, 0x39C5, 0x39C5, 0x3985, 0x39C5, 0x3985, 0x3985, 0x3985, 0x3985, 0x3985, 0x41E6, 0x5A47, 0x5A47, 0x5A47,
    0x5A47, 0x4A27, 0x5A47, 0x62A8, 0x6AE9, 0x62A8, 0x6AE9, 0x62A8, 0x62A8, 0x62A8, 0x7309, 0x7B2A, 0x7309, 0x7309, 0x7309, 0x7309,
    0x7309, 0x7309, 0x7309, 0x7309, 0x7309, 0x7309, 0x7309, 0x6AE9, 0x5A47, 0x62A8, 0x7309, 0x7B2A, 0x7309, 0x62A8, 0x5247, 0x4A27,
    0x4A27, 0x5247, 0x5A47, 0x5268, 0x5268, 0x5A88, 0x62A8, 0x6AE9, 0x6AE9, 0x7309, 0x7309, 0x7309, 0x7B2A, 0x836A, 0x7BAD, 0x83CD,
    0x8BEE, 0x8BEE, 0x93CC, 0x83CD, 0x836A, 0x7B2A, 0x6B4B, 0x7B2A, 0x7309, 0x836A, 0x8BEE, 0xA490, 0xA490, 0x9C4F, 0xA490, 0xA490,
    0xACD0, 0xA490, 0xA490, 0xACD0, 0xACF1, 0xACF1, 0xAD12, 0xB533, 0xBD73, 0xBD73, 0xBD73, 0xB533, 0xAD12, 0xAD12, 0xAD12, 0xAD12,
    0xACD0, 0xACF1, 0xAD12, 0xC5B4, 0xE697, 0xEED9, 0xE6DA, 0xEED9, 0xE6D8, 0xE6F9, 0xE6F9, 0xEED9, 0xE6F9, 0xE6F9, 0xE6F9, 0xE6F9,
    0xE6F9, 0xE6F9, 0xEED9, 0xEED9, 0xEED9, 0xEED9, 0xE6D8, 0xEED9, 0xEED9, 0xEED9, 0xEED9, 0xEED9, 0xEED9, 0xEED9, 0xEED9, 0xEED9,
    0xEED9, 0xEED9, 0xEED9, 0xEEF8, 0xEED9, 0xEEF8, 0xEED9, 0xEED9, 0xEED9, 0xEED9, 0xEED9, 0xEED9, 0xEED9, 0xCDB4, 0x9C0D, 0x93CB,
    0x8BAB, 0x93CB, 0x93CB, 0x8BAB, 0x8BAB, 0x836A, 0x8B8B, 0x836A, 0x838B, 0x8B8B, 0x8B8B, 0x93CB, 0x93CC, 0xA40C, 0xC4EF, 0xE611,
    0xE611, 0xDDD0, 0xC4EF, 0xAC2C, 0x93CB, 0x8BAB, 0x8BAB, 0x8B8B, 0x838B, 0x836A, 0x836A, 0x836A, 0x838B, 0x8B8B, 0x8B8B, 0x8B8B,
    0x93CC, 0xBCAE, 0xDDD0, 0xE611, 0xE611, 0xDDD0, 0xAC2C, 0x8B8B, 0x8BAB, 0x8B8B, 0x8BAB, 0x8BAB, 0x8BAB, 0x93CC, 0x93CB, 0x93CB,
    0x93CB, 0x8BAB, 0x8BAB, 0x8BAB, 0x8BAB, 0x8BAB, 0x93CB, 0x8BAB, 0x93CB, 0x93CC, 0x9BEC, 0x9C0D, 0x9C0D, 0x9C0D, 0x9C0D, 0x93CC,
    0xCD73, 0x9BEC, 0x9BEC, 0x93CB, 0x8B8B, 0x8B6A, 0x93AA, 0x8B8B, 0x8329, 0x8329, 0x938A, 0x938A, 0x93AA, 0x93AA, 0x93AA, 0x8BAB,
    0x8B6A, 0x4A06, 0x39C5, 0x3985, 0x3985, 0x39C5, 0x39C5, 0x3985, 0x3985, 0x3985, 0x39C5, 0x62A8, 0x8B49, 0x8B6A, 0x9BAB, 0x9BEC,
    0xA3EB, 0x9BCB, 0x7B2A, 0x41E6, 0x39C5, 0x3985, 0x39C5, 0x39C5, 0x3985, 0x3985, 0x3985, 0x3985, 0x3985, 0x41E6, 0x5A47, 0x5A47,
    0x4A06, 0x41E6, 0x5A47, 0x6AE9, 0x6AE9, 0x62A8, 0x6AE9, 0x62A8, 0x62A8, 0x62A8, 0x7B2A, 0x7B2A, 0x7309, 0x7309, 0x7309, 0x7AE8,
    0x7309, 0x7309, 0x7309, 0x7309, 0x7B2A, 0x7B2A, 0x7309, 0x6AE9, 0x5A88, 0x7309, 0x7B2A, 0x6AE9, 0x7309, 0x62A8, 0x5247, 0x4A27,
    0x5247, 0x5A47, 0x5A47, 0x5268, 0x5A47, 0x5A88, 0x62A8, 0x62A8, 0x6AE9, 0x62EA, 0x6AE9, 0x6AE9, 0x6B0A, 0x7B2A, 0x7B2A, 0x836A,
    0x736C, 0x838B, 0x83CD, 0x836A, 0x7B2A, 0x7309, 0x6AE9, 0x6AE9, 0x62EA, 0x7B2A, 0x83CD, 0x9C4F, 0x9C4F, 0x9C4F, 0xA490, 0xA490,
    0xACD0, 0xACD0, 0xACF1, 0xACF1, 0xAD12, 0xAD12, 0xB533, 0xBD73, 0xB533, 0xB533, 0xB533, 0xB533, 0xAD12, 0xAD12, 0xAD12, 0xACF1,
    0xACF1, 0xAD12, 0xBD73, 0xC5D5, 0xE6B8, 0xEED9, 0xEED9, 0xEED9, 0xEED9, 0xE6F9, 0xE6F9, 0xEED9, 0xEED9, 0xEED9, 0xE6F9, 0xE6F9,
    0xEED9, 0xEED9, 0xE6F9, 0xE6F9, 0xEED9, 0xEED9, 0xEED9, 0xEED9, 0xEED9, 0xEED9, 0xEED9, 0xEEF8, 0xEED9, 0xEED9, 0xEED9, 0xEED9,
    0xEED9, 0xEF19, 0xEED9, 0xEED9, 0xEED9, 0xEF19, 0xEED9, 0xEED9, 0xEEF8, 0xEED9, 0xEED9, 0xEED9, 0xE6D8, 0xCDB4, 0x9C0D, 0x93CB,
    0x8BAB, 0x93CB, 0x93CB, 0x8BAB, 0x8BAB, 0x836A, 0x8B8B, 0x836A, 0x838B, 0x8B8B, 0x836A, 0x838B, 0xAC2C, 0xD56E, 0xE611, 0xE611,
    0xD56E, 0xAC4D, 0x8BAB, 0x8B8B, 0x8B8B, 0x8BAB, 0x8BAB, 0x8BAB, 0x93CB, 0x8BAB, 0x8BAB, 0x838B, 0x838B, 0x838B, 0x836A, 0x836A,
    0x838B, 0x8BAB, 0xAC6D, 0xDDD0, 0xE611, 0xE611, 0xD56E, 0x8B8B, 0x836A, 0x838B, 0x8B8B, 0x8BAB, 0x8B8B, 0x8B8B, 0x8B8B, 0x8BAB,
    0x93CB, 0x93CB, 0x93CC, 0x93CB, 0x93CB, 0x93CB, 0x8BAB, 0x8BAB, 0x93CB, 0x93CB, 0x93CC, 0x93CB, 0x93CC, 0x93CC, 0x9BEC, 0x9C0D,
    0xBD73, 0x93AA, 0x93AA, 0x93AA, 0x93AA, 0x938A, 0x8B49, 0x6AE9, 0x72A7, 0x7AE8, 0x8B6A, 0x93AA, 0x93AA, 0x93AA, 0x93AA, 0x93AA,
    0x8B8B, 0x5A47, 0x39C5, 0x39C5, 0x39C5, 0x39C5, 0x3985, 0x3985, 0x3985, 0x3985, 0x39C5, 0x62A8, 0x8B49, 0x8B8B, 0x9BCB, 0xA3EB,
    0xA40C, 0xA40C, 0x836A, 0x41E6, 0x39C5, 0x39C5, 0x39C5, 0x3985, 0x3985, 0x3985, 0x3985, 0x3985, 0x3985, 0x39C5, 0x4A06, 0x5A47,
    0x5A47, 0x5A47, 0x5A88, 0x6AE9, 0x6AE9, 0x62A8, 0x6AE9, 0x6AE9, 0x6AE9, 0x6AE9, 0x8329, 0x7B2A, 0x7309, 0x7309, 0x7B2A, 0x7309,
    0x7309, 0x7309, 0x7B2A, 0x7309, 0x7B2A, 0x7B2A, 0x7B2A, 0x6AE9, 0x6AE9, 0x836A, 0x7309, 0x6AE9, 0x7B2A, 0x62A8, 0x5247, 0x5247,
    0x5A47, 0x5268, 0x5A88, 0x5268, 0x5A88, 0x5A88, 0x5AA9, 0x62A8, 0x6AE9, 0x6AE9, 0x6AE9, 0x6AE9, 0x6AE9, 0x7309, 0x7B2A, 0x7B2A,
    0x7309, 0x7309, 0x7309, 0x6AE9, 0x62EA, 0x6AE9, 0x62EA, 0x6AE9, 0x62EA, 0x7B2A, 0x7BAD, 0x8BEE, 0x8C2E, 0x9C4F, 0xA490, 0xA490,
    0xACD0, 0xACF1, 0xAD12, 0xB533, 0xB533, 0xBD73, 0xB533, 0xAD12, 0xACF1, 0xACF1, 0xAD12, 0xAD12, 0xB533, 0xAD12, 0xAD12, 0xAD12,
    0xB533, 0xBD73, 0xC5B4, 0xCE15, 0xE6B8, 0xE6D8, 0xEED9, 0xEED9, 0xE6F9, 0xEED9, 0xE6F9, 0xE6F9, 0xEED9, 0xEED9, 0xE6F9, 0xEED9,
    0xEED9, 0xEED9, 0xEED9, 0xE6F9, 0xEED9, 0xEED9, 0xEED9, 0xEED9, 0xEED9, 0xEED9, 0xEED9, 0xEED9, 0xEED9, 0xEEF8, 0xEED9, 0xEEF8,
    0xEEF8, 0xEED9, 0xEED9, 0xEED9, 0xEED9, 0xEED9, 0xEED9, 0xEED9, 0xEED9, 0xEED9, 0xEED9, 0xEED9, 0xE6D8, 0xCDB4, 0x9C0D, 0x93CB,
    0x8BAB, 0x93CB, 0x93CB, 0x8BAB, 0x8BAB, 0x836A, 0x8B8B, 0x836A, 0x838B, 0x8B8B, 0x836A, 0x9BEC, 0xD56E, 0xE611, 0xE611, 0xD56E,
    0xAC2C, 0x93CB, 0x93CB, 0x8BAB, 0x8BAB, 0x8BAB, 0x8B8B, 0x8BAB, 0x8BAB, 0x8BAB, 0x8BAB, 0x93CB, 0x93CB, 0x93CB, 0x8BAB, 0x8B8B,
    0x838B, 0x838B, 0x8B8B, 0xAC4D, 0xDDD0, 0xE611, 0xE611, 0xAC4D, 0x8B49, 0x836A, 0x836A, 0x836A, 0x836A, 0x8B8B, 0x8B8B, 0x8B8B,
    0x8BAB, 0x8BAB, 0x93CB, 0x93CC, 0x93CC, 0x93CC, 0x93CC, 0x93CC, 0x93CB, 0x93CB, 0x93CB, 0x93CB, 0x93CB, 0x93CC, 0x93CC, 0x93CC,
    0xCD73, 0x93AA, 0x93AA, 0x9BAB, 0x8B49, 0x6AE9, 0x62A8, 0x6AE9, 0x8329, 0x8329, 0x8B49, 0x93AA, 0x9BAB, 0x9BAB, 0x9BAB, 0x93AA,
    0x93AA, 0x5A47, 0x39C5, 0x3985, 0x39C5, 0x39C5, 0x3985, 0x3985, 0x39C5, 0x3985, 0x3985, 0x5A47, 0x7B2A, 0x836A, 0x9BCB, 0xA40C,
    0xAC2C, 0xA40C, 0x8B6A, 0x4A06, 0x3985, 0x39C5, 0x3985, 0x3985, 0x3985, 0x3985, 0x3985, 0x39C5, 0x39C5, 0x3985, 0x3985, 0x41E6,
    0x4A06, 0x4A27, 0x5A47, 0x6AE9, 0x6AE9, 0x62A8, 0x6AE9, 0x6AE9, 0x7AE8, 0x6AE9, 0x7B2A, 0x7309, 0x7309, 0x7309, 0x7309, 0x7309,
    0x7309, 0x7309, 0x7309, 0x6AE9, 0x7309, 0x7309, 0x7B2A, 0x6AE9, 0x6AE9, 0x836A, 0x6AE9, 0x6AE9, 0x7B2A, 0x6AE9, 0x5A47, 0x5A47,
    0x5A47, 0x5A47, 0x5A88, 0x5268, 0x5A88, 0x5A88, 0x5AA9, 0x62A8, 0x6AE9, 0x6AE9, 0x7309, 0x6AE9, 0x6AE9, 0x6AE9, 0x6B0A, 0x7309,
    0x6AE9, 0x6AE9, 0x62EA, 0x62A8, 0x62A8, 0x62A8, 0x6AE9, 0x6AE9, 0x7309, 0x7B2A, 0x83CD, 0x8BEE, 0x9C4F, 0x9C4F, 0xA490, 0xACD0,
    0xACF1, 0xACF1, 0xAD12, 0xB533, 0xBD73, 0xB533, 0xAD12, 0xACF1, 0xACD0, 0xACF1, 0xACF1, 0xAD12, 0xB533, 0xB533, 0xAD12, 0xB533,
    0xBD73, 0xBD94, 0xC5B4, 0xC5D5, 0xDE78, 0xE6D8, 0xEED9, 0xE6F9, 0xE6F9, 0xE6F9, 0xE6F9, 0xEED9, 0xEED9, 0xEED9, 0xEED9, 0xEED9,
    0xEED9, 0xEED9, 0xE6F9, 0xEED9, 0xEED9, 0xEED9, 0xEED9, 0xEED9, 0xEED9, 0xEED9, 0xEED9, 0xEED9, 0xEED9, 0xE6D8, 0xEED9, 0xEED9,
    0xEED9, 0xEED9, 0xEED9, 0xEEF8, 0xEED9, 0xEED9, 0xEED9, 0xEEF8, 0xEED9, 0xEED9, 0xEED9, 0xEED9, 0xE6D8, 0xCDB4, 0x9C0D, 0x93CB,
    0x93CB, 0x93CB, 0x93CB, 0x8BAB, 0x93CB, 0x836A, 0x8B8B, 0x836A, 0x838B, 0x838B, 0x93CB, 0xC530, 0xE611, 0xE611, 0xD56E, 0xA40C,
    0x838B, 0x8B8B, 0x93CB, 0x93CC, 0x93CC, 0x93CB, 0x93CB, 0x8BAB, 0x8BAB, 0x8B8B, 0x8B8B, 0x8BAB, 0x8BAB, 0x93CB, 0x93CB, 0x93CB,
    0x93CB, 0x93CB, 0x8BAB, 0x8BAB, 0xBCAE, 0xE611, 0xE611, 0xD56E, 0x93AA, 0x838B, 0x838B, 0x836A, 0x836A, 0x836A, 0x836A, 0x836A,
    0x8B8B, 0x8BAB, 0x8BAB, 0x8BAB, 0x93CB, 0x93CC, 0x9BEC, 0x9BEC, 0x9BEC, 0x93CC, 0x93CC, 0x93CB, 0x93CB, 0x93CB, 0x93CB, 0x93CC,
    0xB533, 0x7309, 0x8B6A, 0x93AA, 0x6AE9, 0x5A88, 0x62A8, 0x8B49, 0x8B6A, 0x8329, 0x8B49, 0x93AA, 0x9BAB, 0x9BAB, 0x93AA, 0x93AA,
    0x93CB, 0x62A8, 0x39C5, 0x3985, 0x39C5, 0x39C5, 0x3985, 0x3985, 0x39C5, 0x3985, 0x3985, 0x5A47, 0x8329, 0x8B49, 0x9BAB, 0xAC2C,
    0xAC2C, 0xA40C, 0x8B6A, 0x4A06, 0x39C5, 0x39C5, 0x39C5, 0x3985, 0x3985, 0x3985, 0x3985, 0x39C5, 0x39C5, 0x3985, 0x39C5, 0x39C5,
    0x39C5, 0x39C5, 0x5247, 0x7309, 0x6AE9, 0x62A8, 0x6AE9, 0x6AE9, 0x6AE9, 0x6AE9, 0x7B2A, 0x7309, 0x7B2A, 0x7B2A, 0x7309, 0x7309,
    0x7309, 0x7309, 0x7309, 0x7309, 0x7B2A, 0x7B2A, 0x7309, 0x6AE9, 0x62A8, 0x6AE9, 0x62A8, 0x5A88, 0x7309, 0x6AE9, 0x5A47, 0x5A47,
    0x5268, 0x5268, 0x5A88, 0x5268, 0x5A88, 0x5AA9, 0x5AA9, 0x62A8, 0x62A8, 0x6AE9, 0x6AE9, 0x7309, 0x7309, 0x7309, 0x7309, 0x7309,
    0x6B0A, 0x6AE9, 0x6AE9, 0x62A8, 0x62A8, 0x6AE9, 0x6AE9, 0x7309, 0x7B2A, 0x838B, 0x8BEE, 0x9C4F, 0x9C4F, 0xA490, 0xACD0, 0xACD0,
    0xACD0, 0xAD12, 0xAD12, 0xB533, 0xB533, 0xAD12, 0xACF1, 0xACF1, 0xACF1, 0xAD12, 0xB533, 0xB533, 0xBD73, 0xAD12, 0xAD12, 0xB533,
    0xBD73, 0xBD94, 0xBD94, 0xC5D5, 0xDE78, 0xE6F9, 0xE6F9, 0xE6F9, 0xE6F9, 0xEED9, 0xEED9, 0xEED9, 0xEED9, 0xEED9, 0xEED9, 0xEED9,
    0xEED9, 0xEED9, 0xEED9, 0xEED9, 0xEED9, 0xEED9, 0xEED9, 0xEED9, 0xEED9, 0xEED9, 0xEED9, 0xEED9, 0xEED9, 0xEED9, 0xEED9, 0xEED9,
    0xEED9, 0xEED9, 0xEEF8, 0xEED9, 0xEED9, 0xEED9, 0xEED9, 0xEED9, 0xEED9, 0xEED9, 0xEED9, 0xE6D8, 0xE6D8, 0xCD93, 0x9BEC, 0x93CB,
    0x8BAB, 0x93CB, 0x93CB, 0x93CB, 0x8BAB, 0x836A, 0x8B8B, 0x836A, 0x838B, 0x8BAB, 0xBCAE, 0xE611, 0xE611, 0xDDD0, 0xAC4D, 0x8B8B,
    0x8B8B, 0x838B, 0x838B, 0x8B8B, 0x93CB, 0x93CB, 0x93CC, 0x93CC, 0x93CC, 0x93CB, 0x93CB, 0x8BAB, 0x8BAB, 0x8BAB, 0x8B8B, 0x8BAB,
    0x8BAB, 0x8BAB, 0x93CB, 0x93CB, 0xAC2C, 0xDDD0, 0xE611, 0xDDD0, 0xA40C, 0x7B2A, 0x836A, 0x838B, 0x838B, 0x8B8B, 0x836A, 0x836A,
    0x836A, 0x8B49, 0x836A, 0x838B, 0x8B8B, 0x8BAB, 0x8BAB, 0x93CB, 0x93CB, 0x8BAB, 0x93CC, 0x93CC, 0x93CC, 0x93CC, 0x93CC, 0x93CC,
    0x9CB1, 0x62A8, 0x8329, 0x93AA, 0x8329, 0x7309, 0x8B49, 0x93AA, 0x938A, 0x8B49, 0x8B6A, 0x9BAB, 0x93AA, 0x93AA, 0x93AA, 0x8B8B,
    0x9BAB, 0x6AE9, 0x39C5, 0x39C5, 0x3985, 0x3985, 0x3985, 0x39C5, 0x39C5, 0x3985, 0x3985, 0x4A27, 0x7B2A, 0x836A, 0x93CB, 0xAC2C,
    0xAC2C, 0xA40C, 0x8B6A, 0x4A27, 0x39C5, 0x39C5, 0x3985, 0x3985, 0x3985, 0x3985, 0x3985, 0x39C5, 0x39C5, 0x39C5, 0x39C5, 0x39C5,
    0x3985, 0x39C5, 0x4A27, 0x6AE9, 0x6AE9, 0x62A8, 0x6AE9, 0x6AE9, 0x6AE9, 0x7AE8, 0x7309, 0x7B2A, 0x7B2A, 0x7B2A, 0x7309, 0x7309,
    0x7309, 0x7309, 0x7309, 0x6AE9, 0x7B2A, 0x7B2A, 0x7B2A, 0x7309, 0x62A8, 0x5A88, 0x5A88, 0x6AE9, 0x7B2A, 0x62A8, 0x5247, 0x5A47,
    0x5A47, 0x5A88, 0x5A88, 0x5A88, 0x5A88, 0x62A8, 0x62A8, 0x62A8, 0x62C9, 0x62A8, 0x62C9, 0x6AE9, 0x6AE9, 0x7309, 0x6B0A, 0x7309,
    0x7309, 0x7309, 0x7309, 0x62EA, 0x6AE9, 0x6AE9, 0x6B0A, 0x836A, 0x838B, 0x8BEE, 0x9C4F, 0xA490, 0xA490, 0xACD0, 0xACD0, 0xACD0,
    0xACF1, 0xAD12, 0xAD12, 0xAD12, 0xAD12, 0xACF1, 0xAD12, 0xACF1, 0xAD12, 0xB533, 0xB533, 0xB533, 0xB533, 0xAD12, 0xB533, 0xBD73,
    0xBD73, 0xBD94, 0xBD94, 0xC5D5, 0xE6B8, 0xEED9, 0xEED9, 0xEED9, 0xEED9, 0xE6DA, 0xEED9, 0xEED9, 0xEED9, 0xEED9, 0xEED9, 0xEED9,
    0xEED9, 0xEED9, 0xEED9, 0xEED9, 0xEED9, 0xE6D8, 0xE6D8, 0xEED9, 0xEED9, 0xEED9, 0xEED9, 0xEED9, 0xEED9, 0xEED9, 0xEED9, 0xEED9,
    0xEED9, 0xEED9, 0xEED9, 0xEED9, 0xEED9, 0xEED9, 0xEED9, 0xEED9, 0xEED9, 0xEED9, 0xEED9, 0xE6D8, 0xE6D8, 0xBD94, 0x93CC, 0x93CB,
    0x93CB, 0x93CC, 0x8BAB, 0x93CB, 0x8BAB, 0x836A, 0x8BAB, 0x836A, 0x838B, 0xAC2C, 0xDDD0, 0xE611, 0xDDD0, 0xBCAE, 0x8BAB, 0x8BAB,
    0x8BAB, 0x8BAB, 0x8BAB, 0x8B8B, 0x8B8B, 0x838B, 0x8BAB, 0x8B8B, 0x8BAB, 0x93CB, 0x93CC, 0x93CC, 0x93CC, 0x93CC, 0x8BAB, 0x8B8B,
    0x8BAB, 0x8BAB, 0x8B8B, 0x8BAB, 0x93CB, 0xC4EF, 0xE611, 0xE611, 0xBCCE, 0x8B8B, 0x838B, 0x838B, 0x836A, 0x836A, 0x836A, 0x836A,
    0x8B6A, 0x8B6A, 0x836A, 0x8B49, 0x836A, 0x8B49, 0x836A, 0x8B8B, 0x8B8B, 0x836A, 0x838B, 0x93CB, 0x93CB, 0x93CB, 0x9BEC, 0x9BEC,
    0xACF1, 0x6AE9, 0x8B6A, 0x9BAB, 0x93AA, 0x93AA, 0x938A, 0x938A, 0x8B6A, 0x8B49, 0x8B49, 0x93AA, 0x93AA, 0x93AA, 0x9BAB, 0x93AA,
    0x93CB, 0x7B2A, 0x39C5, 0x39C5, 0x39C5, 0x3985, 0x3985, 0x39C5, 0x39C5, 0x39C5, 0x3985, 0x4A27, 0x8329, 0x8B49, 0x93CB, 0xAC2C,
    0xAC2C, 0xA3EB, 0x8B8B, 0x5A47, 0x39C5, 0x39C5, 0x3985, 0x39C5, 0x39C5, 0x39C5, 0x39C5, 0x3985, 0x39C5, 0x3985, 0x39C5, 0x39C5,
    0x39C5, 0x39C5, 0x4A27, 0x62A8, 0x62A8, 0x62A8, 0x6AE9, 0x6AE9, 0x7309, 0x6AE9, 0x7309, 0x7309, 0x7B2A, 0x7B2A, 0x7309, 0x7309,
    0x7B2A, 0x7309, 0x7309, 0x6AE9, 0x7309, 0x7B2A, 0x7B2A, 0x6AE9, 0x62A8, 0x62A8, 0x7309, 0x7B2A, 0x7B2A, 0x62A8, 0x5A47, 0x5247,
    0x5A47, 0x5A88, 0x5A47, 0x5A88, 0x62A8, 0x5AA9, 0x5AA9, 0x62A8, 0x62A8, 0x62A8, 0x62A8, 0x6AE9, 0x6AE9, 0x6AE9, 0x7309, 0x7309,
    0x6B0A, 0x7309, 0x6B2B, 0x7309, 0x7309, 0x6B0A, 0x836A, 0x83CD, 0x8BEE, 0x9C4F, 0xA490, 0xA490, 0xACD0, 0xACD0, 0xA490, 0xACF1,
    0xAD12, 0xAD12, 0xACF1, 0xACF1, 0xACF1, 0xACF1, 0xACF1, 0xACF1, 0xAD12, 0xAD12, 0xAD12, 0xB533, 0xB533, 0xB533, 0xBD73, 0xBD73,
    0xBD73, 0xBD73, 0xBD94, 0xC5D5, 0xDE78, 0xEED9, 0xEED9, 0xEED9, 0xEED9, 0xEED9, 0xEED9, 0xE6D8, 0xEED9, 0xE6F9, 0xEED9, 0xEED9,
    0xEED9, 0xEED9, 0xE6D8, 0xEED9, 0xEED9, 0xE6D8, 0xE6D8, 0xEED9, 0xEED9, 0xE6D8, 0xE6D8, 0xEED9, 0xEED9, 0xEED9, 0xEED9, 0xE6D8,
    0xEED9, 0xEED9, 0xEED9, 0xEED9, 0xEED9, 0xEED9, 0xE6D8, 0xEED9, 0xEED9, 0xEED9, 0xEED9, 0xE6D8, 0xE6D8, 0xCD73, 0x93CC, 0x93CB,
    0x93CB, 0x93CC, 0x8BAB, 0x93CB, 0x8BAB, 0x838B, 0x8BAB, 0x836A, 0x8BAB, 0xD56E, 0xE611, 0xE611, 0xCD2C, 0x9BEC, 0x8B8B, 0x8BAB,
    0x8BAB, 0x8BAB, 0x838B, 0x8BAB, 0x8BAB, 0x8BAB, 0x8BAB, 0x8BAB, 0x8B8B, 0x838B, 0x838B, 0x838B, 0x8BAB, 0x93CC, 0x93CC, 0x93CC,
    0x93CC, 0x93CB, 0x8BAB, 0x8BAB, 0x8B8B, 0xBCAE, 0xE611, 0xE611, 0xCD2C, 0x8BAB, 0x8BAB, 0x8BAB, 0x8BAB, 0x8B8B, 0x838B, 0x836A,
    0x836A, 0x836A, 0x836A, 0x836A, 0x836A, 0x8B6A, 0x836A, 0x836A, 0x836A, 0x836A, 0x836A, 0x8B8B, 0x93AA, 0x93AA, 0x93CB, 0x93CB,
    0xC532, 0x93AA, 0x93AA, 0x938A, 0x93AA, 0x9BAB, 0x9BAB, 0x9BAB, 0x8B8B, 0x8329, 0x7309, 0x93AA, 0x93AA, 0x93AA, 0x9BAB, 0x93CB,
    0x93CB, 0x836A, 0x41E6, 0x39C5, 0x39C5, 0x39C5, 0x39C5, 0x39C5, 0x39C5, 0x39C5, 0x39C5, 0x4A06, 0x7309, 0x8B49, 0x93AA, 0xA40C,
    0xA40C, 0xA40C, 0x93CB, 0x6A66, 0x41E6, 0x39C5, 0x3985, 0x39C5, 0x39C5, 0x39C5, 0x3985, 0x3985, 0x39C5, 0x39C5, 0x39C5, 0x39C5,
    0x41E6, 0x39C5, 0x4A27, 0x62A8, 0x62A8, 0x62A8, 0x6AE9, 0x6AE9, 0x7309, 0x6AE9, 0x7B2A, 0x7B2A, 0x7309, 0x7B2A, 0x7309, 0x7309,
    0x7309, 0x7309, 0x7309, 0x7309, 0x7B2A, 0x7309, 0x7309, 0x6AE9, 0x62A8, 0x7309, 0x7B2A, 0x7B2A, 0x7309, 0x5A88, 0x5268, 0x5247,
    0x5A47, 0x5268, 0x5A88, 0x5A88, 0x62A8, 0x5AA9, 0x5AA9, 0x62A8, 0x62A8, 0x62A8, 0x6AE9, 0x6AE9, 0x62C9, 0x6AE9, 0x7309, 0x6AE9,
    0x7309, 0x7309, 0x7309, 0x7309, 0x7309, 0x7B2A, 0x7BAD, 0x9C0D, 0x9C4F, 0xACD0, 0xACF1, 0xAD12, 0xAD12, 0xACF1, 0xACF1, 0xAD12,
    0xAD12, 0xACF1, 0xACF1, 0xACF1, 0xACF1, 0xACF1, 0xACD0, 0xACF1, 0xAD12, 0xB533, 0xB533, 0xB533, 0xC532, 0xB533, 0xB533, 0xB533,
    0xB533, 0xBD73, 0xBD94, 0xC5D5, 0xDE78, 0xE6D8, 0xEED9, 0xE6D8, 0xEED9, 0xE6D8, 0xEED9, 0xEED9, 0xE6F9, 0xEED9, 0xEED9, 0xEED9,
    0xEED9, 0xE6D8, 0xE6D8, 0xEED9, 0xEED9, 0xE6D8, 0xEED9, 0xEED9, 0xEED9, 0xEED9, 0xEED9, 0xEED9, 0xEED9, 0xEED9, 0xEED9, 0xEED9,
    0xE6D8, 0xEED9, 0xEED9, 0xEED9, 0xEED9, 0xEED9, 0xEED9, 0xEED9, 0xEED9, 0xE6D8, 0xEED9, 0xE6D8, 0xE6D8, 0xBD94, 0x93CC, 0x93CB,
    0x93CB, 0x93CC, 0x8BAB, 0x93CB, 0x8BAB, 0x838B, 0x8BAB, 0x836A, 0xAC6D, 0xDDD0, 0xE611, 0xDDD0, 0xAC6D, 0x8BAB, 0x8B8B, 0x8BAB,
    0x8BAB, 0x8BAB, 0x8BAB, 0x8BAB, 0x8B8B, 0x8BAB, 0x8BAB, 0x8BAB, 0x8BAB, 0x8BAB, 0x8BAB, 0x838B, 0x838B, 0x838B, 0x838B, 0x8BAB,
    0x93CB, 0x93CC, 0x93CC, 0x93CC, 0x93CB, 0xAC4D, 0xDDD0, 0xE611, 0xD56E, 0x8BAB, 0x8B8B, 0x8B8B, 0x8BAB, 0x8BAB, 0x8BAB, 0x8BAB,
    0x8BAB, 0x8B8B, 0x838B, 0x836A, 0x836A, 0x8B49, 0x836A, 0x838B, 0x836A, 0x836A, 0x836A, 0x836A, 0x836A, 0x836A, 0x838B, 0x8B8B,
    0xBD73, 0x938A, 0x93AA, 0x9BAB, 0x9BCB, 0x9BAB, 0x8B8B, 0x938A, 0x93AA, 0x93AA, 0x8B6A, 0x8B8B, 0x8BAB, 0x938A, 0x93CB, 0x93CB,
    0x9BAB, 0x8B6A, 0x41E6, 0x39C5, 0x39C5, 0x41E6, 0x39C5, 0x39C5, 0x39C5, 0x39C5, 0x39C5, 0x4A06, 0x7309, 0x836A, 0x938A, 0xA3EB,
    0xA40C, 0x9BEC, 0x93CB, 0x62A8, 0x41E6, 0x39C5, 0x39C5, 0x39C5, 0x39C5, 0x39C5, 0x39C5, 0x39C5, 0x41E6, 0x39C5, 0x39C5, 0x39C5,
    0x39C5, 0x39C5, 0x4A06, 0x62A8, 0x62A8, 0x62A8, 0x6AE9, 0x7309, 0x7309, 0x6AE9, 0x7309, 0x7B2A, 0x7B2A, 0x7B2A, 0x7B2A, 0x7309,
    0x7B2A, 0x7B2A, 0x7B2A, 0x7309, 0x7309, 0x7B2A, 0x7B2A, 0x7309, 0x7309, 0x7B2A, 0x7309, 0x7309, 0x7309, 0x5A88, 0x5268, 0x5268,
    0x5268, 0x5268, 0x5A88, 0x5A88, 0x5AA9, 0x5AA9, 0x62A8, 0x62A8, 0x5AA9, 0x62A8, 0x6AE9, 0x6AE9, 0x6AE9, 0x6AE9, 0x62EA, 0x6AE9,
    0x7309, 0x7B2A, 0x7309, 0x7B2A, 0x836A, 0x8BAB, 0x9C4F, 0xBCF2, 0xC532, 0xCD72, 0xCD93, 0xCDB4, 0xCDB4, 0xCD93, 0xCD93, 0xBD94,
    0xB533, 0xAD12, 0xACF1, 0xACF1, 0xACF1, 0xACF1, 0xACF1, 0xB533, 0xB533, 0xB533, 0xAD12, 0xAD12, 0xAD12, 0xB533, 0xB533, 0xB533,
    0xB533, 0xBD73, 0xB533, 0xBD94, 0xDE96, 0xE6D8, 0xE6D8, 0xEED9, 0xDEB9, 0xE6D8, 0xEED9, 0xE6F9, 0xEED9, 0xEED9, 0xEED9, 0xEED9,
    0xEED9, 0xE6D8, 0xEED9, 0xEED9, 0xE6D8, 0xE6D8, 0xEED9, 0xEED9, 0xEED9, 0xEED9, 0xEED9, 0xEED9, 0xE6D8, 0xE6D8, 0xEED9, 0xEED9,
    0xEED9, 0xEED9, 0xE6D8, 0xEED9, 0xEED9, 0xEED9, 0xEED9, 0xEED9, 0xEED9, 0xEED9, 0xEED9, 0xEED9, 0xE6D8, 0xCD73, 0x93CC, 0x93CB,
    0x93CB, 0x93CC, 0x8BAB, 0x8BAB, 0x8BAB, 0x838B, 0x8BAB, 0x8BAB, 0xC530, 0xE611, 0xE611, 0xC4EF, 0x93CC, 0x8BAB, 0x838B, 0x8BAB,
    0x8BAB, 0x8BAB, 0x8BAB, 0x8BAB, 0x838B, 0x8BAB, 0x8BAB, 0x83CD, 0x838B, 0x8BAB, 0x8BAB, 0x838B, 0x8BAB, 0x838B, 0x838B, 0x838B,
    0x838B, 0x838B, 0x838B, 0x8BAB, 0x93CB, 0xAC2C, 0xDDD0, 0xE611, 0xD56E, 0x93CC, 0x8BAB, 0x8B8B, 0x8B8B, 0x8B8B, 0x8B8B, 0x8BAB,
    0x8BAB, 0x8BAB, 0x8BAB, 0x8BAB, 0x8B8B, 0x838B, 0x836A, 0x836A, 0x7B2A, 0x836A, 0x836A, 0x836A, 0x836A, 0x8B6A, 0x836A, 0x836A,
    0xC532, 0x9BAB, 0x9BCB, 0x93AA, 0x8B8B, 0x8B8B, 0x8B49, 0x7309, 0x8329, 0x938A, 0x9BCB, 0x93AA, 0x8B8B, 0x93AA, 0x93CB, 0x93CB,
    0x9BAB, 0x8B8B, 0x4A27, 0x41E6, 0x41E6, 0x39C5, 0x39C5, 0x41E6, 0x4A06, 0x41E6, 0x39C5, 0x4A06, 0x6AE9, 0x8B49, 0x8B8B, 0xA3EB,
    0xA3EB, 0x9BEC, 0x93CC, 0x62A8, 0x39C5, 0x39C5, 0x39C5, 0x39C5, 0x41E6, 0x39C5, 0x39C5, 0x41E6, 0x41E6, 0x39C5, 0x39C5, 0x41E6,
    0x41E6, 0x39C5, 0x4A27, 0x62A8, 0x62A8, 0x62A8, 0x6AE9, 0x7309, 0x7309, 0x6AE9, 0x7B2A, 0x7B2A, 0x7B2A, 0x7B2A, 0x7309, 0x7309,
    0x7B2A, 0x7309, 0x7B2A, 0x7309, 0x7B2A, 0x7B2A, 0x7B2A, 0x7309, 0x6AE9, 0x6AE9, 0x7B2A, 0x7309, 0x7309, 0x62A8, 0x5268, 0x5A47,
    0x5A88, 0x5A88, 0x5A88, 0x5A88, 0x62A8, 0x5AA9, 0x62A8, 0x62A8, 0x62A8, 0x6AE9, 0x6AE9, 0x6AE9, 0x6AE9, 0x6AE9, 0x7309, 0x7309,
    0x7B2A, 0x7309, 0x7B2A, 0x836A, 0x9C0D, 0xBCCF, 0xC510, 0xCD51, 0xCD72, 0xCD93, 0xCDB4, 0xCDB4, 0xCDB4, 0xCDB4, 0xD5D4, 0xD5F5,
    0xD5D4, 0xCD93, 0xCD73, 0xB533, 0xAD12, 0xACF1, 0xAD12, 0xB533, 0xAD12, 0xAD12, 0xAD12, 0xAD12, 0xB533, 0xB533, 0xB533, 0xB533,
    0xBD73, 0xAD12, 0xACF1, 0xBD94, 0xDE78, 0xE6B8, 0xE6D8, 0xE6B8, 0xE6D8, 0xE6D8, 0xEED9, 0xE6F9, 0xEED9, 0xEED9, 0xEED9, 0xEED9,
    0xEED9, 0xEED9, 0xE6D8, 0xEED9, 0xE6D8, 0xE6D8, 0xEED9, 0xEED9, 0xEED9, 0xEED9, 0xEED9, 0xE6D8, 0xE6D8, 0xEED9, 0xEED9, 0xE6D8,
    0xE6D8, 0xEED9, 0xEED9, 0xEED9, 0xEED9, 0xEEF8, 0xE6D8, 0xEED9, 0xEED9, 0xEED9, 0xEED9, 0xEED9, 0xE6D8, 0xC532, 0x93CC, 0x93CB,
    0x93CB, 0x93CC, 0x93CB, 0x93CB, 0x8BAB, 0x838B, 0x8B8B, 0xAC2C, 0xDDD0, 0xE611, 0xDDD0, 0xAC4D, 0x8BAB, 0x8BAB, 0x838B, 0x8BAB,
    0x8BAB, 0x8BAB, 0x8BAB, 0x8BAB, 0x838B, 0x8BAB, 0x8BAB, 0x8BAB, 0x8BAB, 0x8BAB, 0x8B8B, 0x838B, 0x8BAB, 0x8B8B, 0x838B, 0x8B8B,
    0x8B8B, 0x8BAB, 0x838B, 0x838B, 0x838B, 0x93CC, 0xDDD0, 0xE611, 0xD56E, 0x93CC, 0x93CB, 0x93CB, 0x8BAB, 0x8BAB, 0x8B8B, 0x838B,
    0x8B8B, 0x8B8B, 0x8B8B, 0x8BAB, 0x8BAB, 0x8BAB, 0x8B8B, 0x8B8B, 0x8B8B, 0x838B, 0x836A, 0x7B2A, 0x7B2A, 0x8B49, 0x836A, 0x8B6A,
    0xBD94, 0x93AA, 0x8B49, 0x8B49, 0x8B8B, 0x8BAB, 0x836A, 0x7309, 0x8B6A, 0x9BAB, 0x9BAB, 0x93AA, 0x93AA, 0x9BAB, 0x9BAB, 0x9BAB,
    0x93AA, 0x8BAB, 0x5A47, 0x41E6, 0x41E6, 0x41E6, 0x39C5, 0x41E6, 0x4A06, 0x4A06, 0x41E6, 0x4A06, 0x6AE9, 0x8B49, 0x8B8B, 0xA40C,
    0xA3EB, 0x9BAB, 0x9BEC, 0x6AE9, 0x41E6, 0x41E6, 0x41E6, 0x4A06, 0x41E6, 0x41E6, 0x41E6, 0x41E6, 0x41E6, 0x41E6, 0x41E6, 0x39C5,
    0x39C5, 0x41E6, 0x5247, 0x62A8, 0x5A88, 0x62A8, 0x6AE9, 0x7309, 0x7309, 0x6AE9, 0x7B2A, 0x7B2A, 0x7B2A, 0x7309, 0x7309, 0x7309,
    0x7309, 0x7309, 0x7B2A, 0x6AE9, 0x7309, 0x7B2A, 0x7B2A, 0x6AE9, 0x7309, 0x6AE9, 0x7B2A, 0x7B2A, 0x7309, 0x5A88, 0x5268, 0x5268,
    0x5A88, 0x5A88, 0x62A8, 0x5A88, 0x62A8, 0x5AA9, 0x62A8, 0x62C9, 0x62A8, 0x6AE9, 0x6AE9, 0x6AE9, 0x62C9, 0x6AE9, 0x6AE9, 0x62EA,
    0x7B2A, 0x838B, 0xA46E, 0xBCCF, 0xBCCF, 0xC510, 0xC530, 0xCD73, 0xCD93, 0xCD93, 0xCD93, 0xCDB4, 0xD5D4, 0xD5D4, 0xD5D4, 0xD5F5,
    0xD5F5, 0xD5D4, 0xD5D4, 0xD5D4, 0xCDB4, 0xBD94, 0xBD94, 0xB533, 0xACF1, 0xAD12, 0xB533, 0xB533, 0xB533, 0xB533, 0xB533, 0xBD73,
    0xB533, 0xACD0, 0xACD0, 0xBD73, 0xDE96, 0xE6B8, 0xE6D8, 0xE6B8, 0xE6D8, 0xEED9, 0xE6F9, 0xEED9, 0xEED9, 0xEED9, 0xEEF8, 0xEED9,
    0xEED9, 0xEED9, 0xEED9, 0xEED9, 0xE6D8, 0xEED9, 0xEED9, 0xEED9, 0xEED9, 0xE6D8, 0xE6D8, 0xE6D8, 0xE6D8, 0xEED9, 0xEED9, 0xE6D8,
    0xEED9, 0xEED9, 0xEED9, 0xEED9, 0xEED9, 0xEEF8, 0xE6D8, 0xEED9, 0xEED9, 0xE6D8, 0xE6D8, 0xE6D8, 0xE6D8, 0xC532, 0x93CC, 0x93CB,
    0x93CC, 0x93CB, 0x8BAB, 0x93CB, 0x8BAB, 0x838B, 0x8BAB, 0xBCAE, 0xE611, 0xE611, 0xC530, 0x93CC, 0x8BAB, 0x93CB, 0x838B, 0x8BAB,
    0x8BAB, 0x8BAB, 0x8BAB, 0x8B8B, 0x838B, 0x8BAB, 0x8BAB, 0x838B, 0x838B, 0x8BAB, 0x8B8B, 0x8B8B, 0x8BAB, 0x8B8B, 0x838B, 0x838B,
    0x8BAB, 0x8BAB, 0x8B8B, 0x8BAB, 0x8BAB, 0xA40C, 0xDDD0, 0xE611, 0xD56E, 0x93CB, 0x838B, 0x838B, 0x8B8B, 0x93CC, 0x93CC, 0x93CB,
    0x93CB, 0x8B8B, 0x8B8B, 0x8B8B, 0x8B8B, 0x838B, 0x8B8B, 0x8B8B, 0x8BAB, 0x8B8B, 0x8BAB, 0x8B8B, 0x838B, 0x836A, 0x8B49, 0x8B49,
    0xB533, 0x8329, 0x8B49, 0x8B6A, 0x938A, 0x8B8B, 0x938A, 0x93CB, 0x9BEC, 0x9BCB, 0x9BAB, 0x9BAB, 0x93CC, 0x8B6A, 0x93CB, 0x9BAB,
    0x93AA, 0x93AA, 0x5A88, 0x39C5, 0x41E6, 0x41E6, 0x41E6, 0x41E6, 0x41E6, 0x41E6, 0x41E6, 0x4A27, 0x6AE9, 0x8B49, 0x8B6A, 0xA40C,
    0xA3EB, 0x9BCB, 0x9BCB, 0x6AE9, 0x4A06, 0x4A06, 0x4A06, 0x41E6, 0x41E6, 0x39C5, 0x41E6, 0x41E6, 0x41E6, 0x41E6, 0x4A06, 0x41E6,
    0x41E6, 0x4A06, 0x5247, 0x62A8, 0x62A8, 0x62A8, 0x7309, 0x7309, 0x7309, 0x7309, 0x7B2A, 0x7B2A, 0x7309, 0x7309, 0x7B2A, 0x7B2A,
    0x7B2A, 0x7B2A, 0x7B2A, 0x6AE9, 0x7309, 0x836A, 0x7B2A, 0x6AE9, 0x7309, 0x7B2A, 0x7B2A, 0x7B2A, 0x7B2A, 0x62A8, 0x5268, 0x5A88,
    0x5A88, 0x62A8, 0x5A88, 0x62A8, 0x5AA9, 0x62A8, 0x62A8, 0x62A8, 0x62A8, 0x6AE9, 0x62C9, 0x6AE9, 0x6AE9, 0x6AE9, 0x7309, 0x838B,
    0xA46E, 0xBCCF, 0xC530, 0xCD51, 0xCD51, 0xC530, 0xC530, 0xCD51, 0xCD93, 0xCDB4, 0xCDB4, 0xD5D4, 0xD5D4, 0xD5D4, 0xD5F5, 0xD5F5,
    0xD5F5, 0xD5F5, 0xD5D4, 0xD5F5, 0xD5D4, 0xD5F5, 0xD5F5, 0xCDB4, 0xCD93, 0xCD73, 0xBD73, 0xB533, 0xB533, 0xB533, 0xB533, 0xB533,
    0xACD0, 0xA490, 0xACD0, 0xB533, 0xDE96, 0xE6B8, 0xE6B8, 0xE6D8, 0xEED9, 0xEED9, 0xEED9, 0xEED9, 0xEED9, 0xEED9, 0xE6D8, 0xEED9,
    0xE6D8, 0xEED9, 0xEED9, 0xEED9, 0xEED9, 0xEED9, 0xE6D8, 0xE6D8, 0xEED9, 0xE6D8, 0xE6D8, 0xE6D8, 0xE6D8, 0xEED9, 0xEED9, 0xEED9,
    0xEED9, 0xEED9, 0xEED9, 0xEEF8, 0xEED9, 0xEED9, 0xEED9, 0xEED9, 0xE6D8, 0xE6D8, 0xEED9, 0xE6D8, 0xE6B8, 0xC532, 0x93CC, 0x93CC,
    0x93CC, 0x93CB, 0x93CB, 0x93CB, 0x8BAB, 0x838B, 0x93CC, 0xD56E, 0xE611, 0xE611, 0xBCAE, 0x8BAB, 0x93CB, 0x8BAB, 0x838B, 0x8BAB,
    0x8BAB, 0x8BAB, 0x8B8B, 0x8B8B, 0x838B, 0x8B8B, 0x838B, 0x838B, 0x838B, 0x8BAB, 0x838B, 0x8BAB, 0x8BAB, 0x838B, 0x838B, 0x8B8B,
    0x8BAB, 0x8BAB, 0x8B8B, 0x8BAB, 0x8BAB, 0xAC6D, 0xE611, 0xE611, 0xCD2C, 0x93CB, 0x8BAB, 0x8BAB, 0x8B8B, 0x8BAB, 0x8BAB, 0x93CB,
    0x93CC, 0x93CC, 0x93CC, 0x93CB, 0x8BAB, 0x8B8B, 0x838B, 0x8B8B, 0x8B8B, 0x8B8B, 0x8B8B, 0x8B8B, 0x8BAB, 0x8BAB, 0x8B8B, 0x8BAB,
    0xB533, 0x8B6A, 0x8B8B, 0x8B6A, 0x93AA, 0x9BAB, 0x9BAB, 0x93CB, 0x93CC, 0x93CC, 0x9BEC, 0x9BCB, 0x9BAB, 0x938A, 0x93AA, 0x9BAB,
    0x93AA, 0x8BAB, 0x6AE9, 0x39C5, 0x41E6, 0x41E6, 0x41E6, 0x41E6, 0x41E6, 0x41E6, 0x41E6, 0x4A06, 0x6AE9, 0x8329, 0x836A, 0xA3EB,
    0x9BEC, 0x9BEC, 0xA3EB, 0x7309, 0x4A06, 0x4A06, 0x41E6, 0x41E6, 0x41E6, 0x41E6, 0x41E6, 0x41E6, 0x4A06, 0x41E6, 0x41E6, 0x4A27,
    0x4A27, 0x4A27, 0x5A47, 0x6AE9, 0x62A8, 0x6AE9, 0x7309, 0x6AE9, 0x7309, 0x7309, 0x7B2A, 0x7B2A, 0x7309, 0x7309, 0x7B2A, 0x7B2A,
    0x7B2A, 0x7B2A, 0x7B2A, 0x7309, 0x7309, 0x7B2A, 0x7B2A, 0x7309, 0x7309, 0x7B2A, 0x7309, 0x7B2A, 0x7B2A, 0x62A8, 0x5A88, 0x5A88,
    0x5A88, 0x5AA9, 0x5A88, 0x5AA9, 0x62A8, 0x62A8, 0x62A8, 0x62C9, 0x62A8, 0x62A8, 0x6AE9, 0x6AE9, 0x7309, 0x838B, 0xA46E, 0xBCEF,
    0xC510, 0xC510, 0xCD51, 0xCD72, 0xCD51, 0xCD51, 0xCD51, 0xCD51, 0xCD72, 0xCD93, 0xCDB4, 0xD5D4, 0xD5D4, 0xD5D4, 0xD5F5, 0xD5F5,
    0xD5F5, 0xD5F5, 0xD5F5, 0xD5F5, 0xD5F5, 0xD5F5, 0xD5D4, 0xD5D4, 0xD5F5, 0xD5F5, 0xCDB4, 0xCD93, 0xBD94, 0xB533, 0xB533, 0xAD12,
    0x9C4F, 0x9C4F, 0xA490, 0xB533, 0xDE96, 0xE6B8, 0xE6B8, 0xE6D8, 0xEED9, 0xEED9, 0xEED9, 0xEED9, 0xE6D8, 0xE6D8, 0xE6D8, 0xE6D8,
    0xE6D8, 0xEED9, 0xE6D8, 0xE6D8, 0xEED9, 0xE6D8, 0xE6D8, 0xE6D8, 0xEED9, 0xE6D8, 0xE6D8, 0xEED9, 0xE6D8, 0xE6D8, 0xEED9, 0xEED9,
    0xEED9, 0xE6D8, 0xEED9, 0xEED9, 0xEED9, 0xEED9, 0xEED9, 0xEED9, 0xE6D8, 0xE6D8, 0xE6D8, 0xE6D8, 0xE6B8, 0xAD12, 0x93CC, 0x93CB,
    0x93CC, 0x93CB, 0x93CB, 0x93CB, 0x8BAB, 0x838B, 0xAC2C, 0xDDD0, 0xE611, 0xDDD0, 0xA40C, 0x8BAB, 0x93CB, 0x8BAB, 0x838B, 0x8BAB,
    0x8BAB, 0x8BAB, 0x8B8B, 0x8B8B, 0x8BAB, 0x8BEE, 0x8C2E, 0x8C2E, 0x8BEE, 0x93CB, 0x838B, 0x8BAB, 0x8BAB, 0x8B8B, 0x838B, 0x8B8B,
    0x8BAB, 0x8B8B, 0x838B, 0x8BAB, 0x93CC, 0xD56E, 0xE611, 0xE611, 0xC4EF, 0x8BAB, 0x8BAB, 0x8BAB, 0x93CB, 0x8BAB, 0x8B8B, 0x8B8B,
    0x838B, 0x8BAB, 0x8BAB, 0x93CB, 0x9BEC, 0x93CC, 0x93CB, 0x8BAB, 0x8B8B, 0x838B, 0x8B8B, 0x8B8B, 0x8B8B, 0x8B8B, 0x8B8B, 0x8BAB,
    0xB533, 0x938A, 0x93AA, 0x93CB, 0x9BAB, 0x9BAB, 0x93CC, 0x93CC, 0x9BCB, 0x9BAB, 0x93CC, 0x9BCB, 0x9BAB, 0x93CC, 0x9BCB, 0x9BAB,
    0x93AA, 0x8BAB, 0x6AE9, 0x41E6, 0x41E6, 0x41E6, 0x41E6, 0x41E6, 0x41E6, 0x41E6, 0x41E6, 0x41E6, 0x6AE9, 0x836A, 0x836A, 0x9BEC,
    0x9BAB, 0x93CC, 0x9BEC, 0x836A, 0x4A27, 0x41E6, 0x41E6, 0x41E6, 0x4A06, 0x41E6, 0x41E6, 0x4A06, 0x4A06, 0x41E6, 0x4A06, 0x4A06,
    0x41E6, 0x41E6, 0x5247, 0x62A8, 0x62A8, 0x62A8, 0x7309, 0x7309, 0x7309, 0x6AE9, 0x7B2A, 0x7B2A, 0x7B2A, 0x6AE9, 0x7B2A, 0x7B2A,
    0x7309, 0x7309, 0x7B2A, 0x7309, 0x7B2A, 0x7B2A, 0x7B2A, 0x7309, 0x7309, 0x7B2A, 0x7309, 0x7B2A, 0x7B2A, 0x62A8, 0x5A88, 0x5AA9,
    0x5AA9, 0x5A88, 0x5A88, 0x62A8, 0x62A8, 0x62A8, 0x62C9, 0x62A8, 0x62A8, 0x62A8, 0x7309, 0x838B, 0xA46E, 0xBCEF, 0xC510, 0xC530,
    0xC530, 0xC530, 0xCD51, 0xC530, 0xCD51, 0xCD72, 0xCD72, 0xCD51, 0xCD72, 0xCD93, 0xCDB4, 0xCDB4, 0xCDB4, 0xCDB4, 0xD5F5, 0xD5F5,
    0xD5F5, 0xD5F5, 0xD5F5, 0xD5F5, 0xD5F5, 0xD5D4, 0xD5F5, 0xD5D4, 0xD5D4, 0xD5F5, 0xD5D4, 0xD5F5, 0xD5D4, 0xCDB4, 0xCDB4, 0xC532,
    0xA46E, 0xA46E, 0xA490, 0xAD12, 0xDE96, 0xE6B8, 0xE6D8, 0xE6D8, 0xE6D8, 0xDEB9, 0xE6D8, 0xDEB9, 0xEED9, 0xE6D8, 0xEED9, 0xE6D8,
    0xE6D8, 0xE6D8, 0xE6D8, 0xE6D8, 0xE6D8, 0xE6D8, 0xE6B8, 0xE6D8, 0xEED9, 0xE6D8, 0xE6D8, 0xE6B8, 0xE6D8, 0xE6D8, 0xE6D8, 0xEED9,
    0xEED9, 0xEED9, 0xEED9, 0xE6D8, 0xEED9, 0xEED9, 0xEED9, 0xEED9, 0xE6D8, 0xE6D8, 0xE6D8, 0xE6D8, 0xE6B7, 0xAD12, 0x93CC, 0x93CC,
    0x93CB, 0x93CB, 0x93CB, 0x93CB, 0x8BAB, 0x838B, 0xAC2C, 0xDDD0, 0xE611, 0xD56E, 0x93CC, 0x8BAB, 0x93CB, 0x8BAB, 0x838B, 0x8BAB,
    0x8BAB, 0x8BAB, 0x8BAB, 0x8BEE, 0x84B4, 0x6C56, 0x5BF5, 0x5BF5, 0x6C56, 0x9470, 0x8BEE, 0x8BAB, 0x8B8B, 0x8B8B, 0x838B, 0x8B8B,
    0x8BAB, 0x838B, 0x838B, 0x8BAB, 0xAC6D, 0xDDD0, 0xDDD0, 0xE5CE, 0xBCCE, 0x8BAB, 0x8BAB, 0x8BAB, 0x93CB, 0x8BAB, 0x8BAB, 0x8BAB,
    0x8BAB, 0x93CB, 0x8BAB, 0x8BAB, 0x93CB, 0x8BAB, 0x93CB, 0x93CC, 0x93CC, 0x93CC, 0x93CB, 0x8BAB, 0x8B8B, 0x838B, 0x8B8B, 0x8BAB,
    0xBD73, 0x93AA, 0x9BAB, 0x93CB, 0x9BCB, 0x9BCB, 0x93CB, 0x93CC, 0x93CB, 0x93CB, 0x93AA, 0x9BEC, 0x93CC, 0x93CC, 0xA3EB, 0x9BAB,
    0x93CB, 0x8B8B, 0x7309, 0x41E6, 0x41E6, 0x41E6, 0x41E6, 0x41E6, 0x41E6, 0x51E5, 0x41E6, 0x4A06, 0x62A8, 0x836A, 0x838B, 0x9BCB,
    0x93AA, 0x93CC, 0x93CC, 0x836A, 0x5247, 0x4A06, 0x41E6, 0x4A06, 0x4A06, 0x41E6, 0x41E6, 0x41E6, 0x4A06, 0x4A06, 0x4A06, 0x4A06,
    0x41E6, 0x41E6, 0x4A27, 0x5A88, 0x62A8, 0x62A8, 0x7309, 0x7309, 0x7309, 0x7309, 0x7309, 0x7B2A, 0x7B2A, 0x7309, 0x7B2A, 0x7B2A,
    0x7B2A, 0x7B2A, 0x7B2A, 0x7309, 0x7B2A, 0x7B2A, 0x7B2A, 0x7309, 0x7B2A, 0x836A, 0x7B2A, 0x7B2A, 0x7B2A, 0x62A8, 0x5A88, 0x5A88,
    0x62A8, 0x5AA9, 0x62A8, 0x62A8, 0x62A8, 0x62C9, 0x62A8, 0x6AE9, 0x6AE9, 0x838B, 0xA46E, 0xBCEF, 0xC510, 0xC510, 0xC530, 0xC530,
    0xC4EF, 0xC510, 0xCD51, 0xC530, 0xCD51, 0xCD51, 0xCD51, 0xCD51, 0xCD51, 0xCD93, 0xCD93, 0xCD93, 0xCDB4, 0xD5D4, 0xD5D4, 0xD5F5,
    0xD5F5, 0xD5F5, 0xD615, 0xD615, 0xD5F5, 0xD5D4, 0xD5D4, 0xD5D4, 0xD5D4, 0xD5D4, 0xCDB4, 0xD5D4, 0xD5D4, 0xD5D4, 0xD5D4, 0xCD93,
    0xCD72, 0xC532, 0xBCF2, 0xC532, 0xD615, 0xDE78, 0xE6B8, 0xE6B8, 0xE6B8, 0xE6D8, 0xE6D8, 0xE6B8, 0xE6D8, 0xE6D8, 0xE6B8, 0xE6B8,
    0xDEB9, 0xE6B8, 0xE6D8, 0xE6D8, 0xE6D8, 0xE6D8, 0xE6D8, 0xEED9, 0xEED9, 0xE6D8, 0xE6D8, 0xE6D8, 0xEED9, 0xE6B8, 0xE6D8, 0xE6D8,
    0xE6D8, 0xEED9, 0xEED9, 0xEED9, 0xEED9, 0xEED9, 0xEED9, 0xEED9, 0xEED9, 0xEED9, 0xE6D8, 0xE6D8, 0xE6B7, 0xBCF2, 0x93CC, 0x93CC,
    0x93CB, 0x93CB, 0x93CC, 0x93CB, 0x8BAB, 0x838B, 0xA46E, 0xDDD0, 0xE611, 0xD56E, 0x93CB, 0x8BAB, 0x8BAB, 0x8BAB, 0x838B, 0x8BAB,
    0x8BAB, 0x8BAB, 0x83CD, 0x9470, 0x7CD7, 0x5BF5, 0x6B4B, 0x5BF5, 0x6C56, 0x5BF5, 0x8C2E, 0x8BAB, 0x8B8B, 0x838B, 0x838B, 0x8B8B,
    0x8BAB, 0x8B8B, 0x8BAB, 0x8BAB, 0xB48E, 0xDDD0, 0xDDD0, 0xD56E, 0xBCAE, 0x8BAB, 0x8BAB, 0x8BAB, 0x8BAB, 0x8BAB, 0x8BAB, 0x8BAB,
    0x8BAB, 0x93CB, 0x8BAB, 0x8BAB, 0x8BAB, 0x838B, 0x8B8B, 0x838B, 0x8B8B, 0x8BAB, 0x93CC, 0x93CC, 0x93CC, 0x93CB, 0x8BAB, 0x8BAB,
    0xBD73, 0x9BAB, 0x9BEC, 0x93CC, 0x9BAB, 0x9BAB, 0x93CB, 0x93AA, 0x93CC, 0x93CB, 0x93CB, 0x93CB, 0x93CB, 0x93CB, 0x9BEC, 0x9BAB,
    0x93CB, 0x8B8B, 0x836A, 0x4A06, 0x41E6, 0x41E6, 0x41E6, 0x41E6, 0x41E6, 0x41E6, 0x41E6, 0x41E6, 0x62A8, 0x8B49, 0x836A, 0x9BAB,
    0x93CB, 0x93CB, 0x93CC, 0x8B8B, 0x4A27, 0x41E6, 0x41E6, 0x4A06, 0x41E6, 0x41E6, 0x4A06, 0x41E6, 0x4A06, 0x4A06, 0x4A06, 0x4A06,
    0x41E6, 0x41E6, 0x5247, 0x62A8, 0x6AE9, 0x6AE9, 0x7309, 0x7B2A, 0x7309, 0x7309, 0x7B2A, 0x7B2A, 0x7B2A, 0x7B2A, 0x7B2A, 0x7309,
    0x7B2A, 0x7B2A, 0x7B2A, 0x7309, 0x7B2A, 0x7B2A, 0x7B2A, 0x7309, 0x7309, 0x7B2A, 0x7B2A, 0x7B2A, 0x7B2A, 0x62A8, 0x5A88, 0x5A88,
    0x5A88, 0x62A8, 0x62A8, 0x5AA9, 0x62A8, 0x62A8, 0x7309, 0x838B, 0xA46E, 0xBCEF, 0xC510, 0xC510, 0xC510, 0xBCEF, 0xBCEF, 0xC4EF,
    0xC4EF, 0xC510, 0xC530, 0xC530, 0xC530, 0xC530, 0xC530, 0xC530, 0xCD51, 0xCD72, 0xCD93, 0xCD93, 0xCDB4, 0xD5D4, 0xD5D4, 0xD5D4,
    0xD5F5, 0xD615, 0xD615, 0xD615, 0xD5F5, 0xD5F5, 0xD5F5, 0xD5F5, 0xD5D4, 0xCDB4, 0xCDB4, 0xD5D4, 0xCDB4, 0xD5D4, 0xCDB4, 0xCD93,
    0xCD93, 0xCD72, 0xCD72, 0xCD72, 0xCD72, 0xCD93, 0xCDB4, 0xD615, 0xDE76, 0xE697, 0xE6B8, 0xE6B8, 0xE6B8, 0xE6B8, 0xE6B8, 0xE6D8,
    0xE6B8, 0xE6B8, 0xE6B8, 0xE6D8, 0xEED9, 0xE6B8, 0xEED9, 0xE6B8, 0xE6D8, 0xE6D8, 0xE6B8, 0xE6D8, 0xE6D8, 0xE6D8, 0xE6D8, 0xE6D8,
    0xE6D8, 0xE6D8, 0xEED9, 0xEED9, 0xEED9, 0xE6D8, 0xE6D8, 0xEED9, 0xEED9, 0xE6D8, 0xE6D8, 0xE6D8, 0xE697, 0xACF1, 0x93CC, 0x93CC,
    0x93CC, 0x83CD, 0x93CB, 0x93CB, 0x8BAB, 0x838B, 0xAC6D, 0xDDD0, 0xE611, 0xD56E, 0x8BAB, 0x8BAB, 0x8BAB, 0x8BAB, 0x8BAB, 0x8BAB,
    0x8BAB, 0x8BAB, 0x93CB, 0x5BF5, 0x5BF5, 0x6C56, 0x5BF5, 0x5BF5, 0x5BF5, 0x5BF5, 0x5BF5, 0x8BAB, 0x838B, 0x8B8B, 0x838B, 0x8BAB,
    0x8BAB, 0x8B8B, 0x8BAB, 0x8BAB, 0xAC6D, 0xDDD0, 0xE611, 0xD56E, 0xCD2C, 0xBCCE, 0x93CC, 0x8BAB, 0x8BAB, 0x8B8B, 0x8BAB, 0x8BAB,
    0x8BAB, 0x8BAB, 0x8BAB, 0x93CB, 0x8B8B, 0x838B, 0x8B8B, 0x8B8B, 0x8B8B, 0x838B, 0x838B, 0x8B8B, 0x8BAB, 0x93CC, 0x9BEC, 0x93CC,
    0xBD94, 0x9BAB, 0x9BAB, 0x9BAB, 0x8B8B, 0x93AA, 0x93CB, 0x93CB, 0x9BEC, 0x93CB, 0x8B8B, 0x8B8B, 0x8BAB, 0x9BAB, 0x9BEC, 0x93CC,
    0x93CB, 0x8B8B, 0x838B, 0x4A27, 0x41E6, 0x41E6, 0x41E6, 0x41E6, 0x41E6, 0x41E6, 0x41E6, 0x41E6, 0x62A8, 0x836A, 0x8B6A, 0x9BCB,
    0x9BEC, 0x93CB, 0x9BEC, 0x8B8B, 0x5247, 0x41E6, 0x41E6, 0x41E6, 0x4A06, 0x4A06, 0x4A06, 0x41E6, 0x4A06, 0x4A06, 0x4A06, 0x41E6,
    0x4A06, 0x4A06, 0x5247, 0x6AE9, 0x6AE9, 0x6AE9, 0x7309, 0x7309, 0x7309, 0x7309, 0x7309, 0x7B2A, 0x7309, 0x7B2A, 0x7B2A, 0x7309,
    0x7B2A, 0x7B2A, 0x7B2A, 0x7309, 0x7B2A, 0x7B2A, 0x7B2A, 0x7309, 0x7309, 0x7B2A, 0x836A, 0x7B2A, 0x7B2A, 0x62A8, 0x5A88, 0x5A88,
    0x62A8, 0x62A8, 0x62A8, 0x62A8, 0x6AE9, 0x838B, 0xA46E, 0xBCEF, 0xC510, 0xC510, 0xC4EF, 0xBCCE, 0xBCAE, 0xBCAE, 0xBCEF, 0xBCEF,
    0xBCEF, 0xC510, 0xC510, 0xC530, 0xCD51, 0xC530, 0xCD51, 0xCD51, 0xCD51, 0xCD72, 0xCD93, 0xCDB4, 0xCDB4, 0xD5D4, 0xD5D4, 0xD5D4,
    0xD5F5, 0xD615, 0xD615, 0xD5F5, 0xD5F5, 0xD5F5, 0xD5F5, 0xD5D4, 0xCDB4, 0xCDB4, 0xCD93, 0xCDB4, 0xCDB4, 0xCDB4, 0xCDB4, 0xCD72,
    0xCD72, 0xCD72, 0xCD72, 0xCD72, 0xCD72, 0xCD51, 0xCD51, 0xCD51, 0xCD51, 0xCD93, 0xD5D4, 0xDE36, 0xDE96, 0xE6B8, 0xE6B8, 0xE6B8,
    0xE6B8, 0xE6B8, 0xE6B8, 0xE6D8, 0xE6B8, 0xE6D8, 0xE6D8, 0xE6B8, 0xE6B8, 0xE6D8, 0xE6D8, 0xE6B8, 0xE6B8, 0xE6D8, 0xE6D8, 0xE6D8,
    0xEED9, 0xE6D8, 0xE6D8, 0xEED9, 0xEED9, 0xE6D8, 0xE6D8, 0xE6D8, 0xE6D8, 0xE6D8, 0xE6D8, 0xE6D8, 0xE697, 0xACD0, 0x93CC, 0x93CC,
    0x93CB, 0x93CB, 0x93CC, 0x93CB, 0x8BAB, 0x838B, 0xAC6D, 0xDDD0, 0xDDD0, 0xCD2C, 0x8BAB, 0x8BAB, 0x8BAB, 0x8BAB, 0x838B, 0x8BAB,
    0x9C0D, 0xA490, 0xACF1, 0xADD9, 0x9D98, 0x7CD7, 0x6C56, 0x5BF5, 0x6C56, 0x8D37, 0xA555, 0xACF1, 0x9C4F, 0x93CC, 0x8BAB, 0x8BAB,
    0x8B8B, 0x8B8B, 0x8B8B, 0x93CB, 0xBCCE, 0xDDD0, 0xE611, 0xD56E, 0xBCAE, 0xD56E, 0xAC2C, 0x8BAB, 0x8BAB, 0x838B, 0x8BAB, 0x8BAB,
    0x8BAB, 0x8BAB, 0x93CB, 0x8BAB, 0x838B, 0x838B, 0x8B8B, 0x8B8B, 0x8BAB, 0x838B, 0x8B8B, 0x8B8B, 0x836A, 0x838B, 0x8BAB, 0x93CC,
    0xBD73, 0x93AA, 0x8B8B, 0x8BAB, 0x838B, 0x8B8B, 0x93CB, 0x8B8B, 0x93CB, 0x93AA, 0x8B6A, 0x93AA, 0x8BAB, 0x93CB, 0x9BEC, 0x9BCB,
    0x93CB, 0x93AA, 0x8BAB, 0x5A47, 0x41E6, 0x41E6, 0x41E6, 0x41E6, 0x41E6, 0x41E6, 0x41E6, 0x41E6, 0x6A66, 0x836A, 0x8B6A, 0x9BCB,
    0xA40C, 0xA40C, 0xAC2C, 0x8BAB, 0x5A47, 0x4A06, 0x4A06, 0x4A06, 0x4A06, 0x41E6, 0x4A06, 0x4A06, 0x4A06, 0x4A06, 0x4A06, 0x4A06,
    0x4A06, 0x4A06, 0x5247, 0x62A8, 0x62A8, 0x6AE9, 0x7309, 0x7309, 0x7309, 0x7309, 0x7B2A, 0x7B2A, 0x7309, 0x7B2A, 0x7309, 0x7309,
    0x7B2A, 0x7B2A, 0x7B2A, 0x7309, 0x7B2A, 0x7B2A, 0x7B2A, 0x7309, 0x7309, 0x7B2A, 0x7B2A, 0x7B2A, 0x7B2A, 0x62A8, 0x5A88, 0x5AA9,
    0x62A8, 0x62A8, 0x6AE9, 0x838B, 0xA46E, 0xBCEF, 0xC510, 0xC510, 0xC510, 0xC510, 0xC4EF, 0xBCEF, 0xBCCE, 0xBCEF, 0xBCEF, 0xC4EF,
    0xBCEF, 0xC510, 0xC510, 0xC510, 0xCD51, 0xCD72, 0xCD51, 0xCD51, 0xCD72, 0xCD93, 0xCDB4, 0xCDB4, 0xCDB4, 0xD5D4, 0xD5D4, 0xD5F5,
    0xD615, 0xD5F5, 0xD615, 0xD615, 0xD5F5, 0xD5D4, 0xD5F5, 0xCDB4, 0xCD93, 0xCD93, 0xCD93, 0xCD93, 0xCDB4, 0xCDB4, 0xCDB4, 0xCD93,
    0xCD72, 0xCD72, 0xCD72, 0xCD72, 0xCD72, 0xCD51, 0xCD51, 0xC530, 0xC530, 0xC530, 0xC530, 0xC530, 0xCD72, 0xCDB4, 0xD615, 0xDE76,
    0xE6B8, 0xE6B8, 0xE6B8, 0xE6B8, 0xE6B8, 0xE6B8, 0xE6B7, 0xE6B8, 0xE6B8, 0xE6D8, 0xE6D8, 0xE6D8, 0xE6D8, 0xE6D8, 0xE6D8, 0xE6D8,
    0xE6D8, 0xEED9, 0xE6D8, 0xE6D8, 0xE6D8, 0xE6D8, 0xE6D8, 0xE6D8, 0xE6D8, 0xEED9, 0xE6D8, 0xE6D8, 0xE697, 0xACD0, 0x93CC, 0x93CC,
    0x93CC, 0x93CB, 0x93CC, 0x93CB, 0x8BAB, 0x8B8B, 0xB48E, 0xDDD0, 0xE5CE, 0xD56E, 0x93CB, 0x8BAB, 0x8BAB, 0x93CB, 0xA46E, 0xBD73,
    0xCE15, 0xBE19, 0xD6BA, 0xDEFB, 0xE71B, 0xE6FA, 0xD6BA, 0xD6BA, 0xE6DA, 0xD6BA, 0xD6BA, 0xD6BA, 0xBE19, 0xC5D5, 0xAD12, 0x9C0D,
    0x8B8B, 0x8B8B, 0x8BAB, 0xAC2C, 0xCD2C, 0xDDD0, 0xDDD0, 0xBCAE, 0xBC8D, 0xD56E, 0xA3EB, 0x8BAB, 0x8BAB, 0x9C0D, 0xA490, 0xACF1,
    0x9CB1, 0x9CB1, 0x9470, 0x83CD, 0x836A, 0x8B8B, 0x838B, 0x8B8B, 0x8BAB, 0x838B, 0x8BAB, 0x8BAB, 0x8B8B, 0x838B, 0x8BAB, 0x93CC,
    0xBD73, 0x8B8B, 0x836A, 0x8BAB, 0x93AA, 0x93AA, 0x93CB, 0x8B6A, 0x93AA, 0x93CB, 0x838B, 0x93AA, 0x9BAB, 0x93CB, 0x9BEC, 0x9BEC,
    0x93CB, 0x93AA, 0x93CB, 0x5A88, 0x41E6, 0x41E6, 0x41E6, 0x41E6, 0x41E6, 0x41E6, 0x41E6, 0x41E6, 0x62A8, 0x836A, 0x8B6A, 0x93CC,
    0xA40C, 0xA40C, 0xA40C, 0x8BAB, 0x5A47, 0x4A06, 0x4A06, 0x4A06, 0x4A06, 0x4A06, 0x4A06, 0x4A06, 0x4A06, 0x4A27, 0x4A06, 0x4A06,
    0x4A06, 0x4A27, 0x5A47, 0x62A8, 0x62A8, 0x6AE9, 0x7309, 0x6AE9, 0x7309, 0x7309, 0x7B2A, 0x7B2A, 0x7309, 0x7B2A, 0x7309, 0x7B2A,
    0x7B2A, 0x7B2A, 0x7B2A, 0x7309, 0x7B2A, 0x7B2A, 0x7B2A, 0x7309, 0x7B2A, 0x836A, 0x836A, 0x836A, 0x7B2A, 0x62A8, 0x5AA9, 0x5AA9,
    0x6AE9, 0x838B, 0xA46E, 0xBCCF, 0xC510, 0xC4EF, 0xC4EF, 0xC510, 0xC4EF, 0xC4EF, 0xBCEF, 0xBCEF, 0xC4EF, 0xBCEF, 0xBCEF, 0xC4EF,
    0xC4EF, 0xC510, 0xC530, 0xC530, 0xC530, 0xCD51, 0xCD73, 0xCD72, 0xCD72, 0xCD93, 0xCDB4, 0xCDB4, 0xD5D4, 0xD5D4, 0xD5F5, 0xD5F5,
    0xD5F5, 0xD615, 0xD5F5, 0xD5F5, 0xD5F5, 0xD5D4, 0xD5D4, 0xCDB4, 0xCD93, 0xCD72, 0xCD72, 0xCD93, 0xCDB4, 0xCDB4, 0xCDB4, 0xCD93,
    0xCD93, 0xCD72, 0xCD72, 0xCD51, 0xCD51, 0xCD51, 0xC530, 0xC510, 0xBCEF, 0xC4EF, 0xC510, 0xC510, 0xC510, 0xC510, 0xC530, 0xCD51,
    0xCD93, 0xD5F5, 0xDE36, 0xE697, 0xE6B8, 0xE6B8, 0xE6D8, 0xE6B8, 0xE6B7, 0xE6B8, 0xE6D8, 0xE6D8, 0xE6B8, 0xE6D8, 0xE6D8, 0xEED9,
    0xE6D8, 0xEED9, 0xE6D8, 0xE6D8, 0xE6D8, 0xE6D8, 0xE6D8, 0xE6D8, 0xE6D8, 0xE6D8, 0xE6D8, 0xE6B8, 0xE697, 0xACD0, 0x93CC, 0x93CC,
    0x93CB, 0x93CC, 0x93CC, 0x93CB, 0x8B8B, 0x8BAB, 0xC4EF, 0xDDD0, 0xDDD0, 0xBCCE, 0x8B8B, 0x8BAB, 0x9C4F, 0xBD94, 0xBE19, 0xADD9,
    0x8D37, 0x8D37, 0xC67A, 0xE71B, 0xE6FA, 0xEF3B, 0xEF5C, 0xEF3B, 0xEF3B, 0xE6DA, 0xDEFB, 0xC67A, 0x9D98, 0x9D98, 0x9D98, 0xC5D5,
    0xACF1, 0x93CB, 0x8BAB, 0xC510, 0xD655, 0xE611, 0xE5CE, 0xBCCE, 0xD56E, 0xBCCE, 0x93CC, 0xA490, 0xBD94, 0xDE78, 0xE6FA, 0xEF3B,
    0xD6BA, 0xADD9, 0x84B4, 0x8C2E, 0x9C0D, 0x8BAB, 0x838B, 0x8B8B, 0x8BAB, 0x838B, 0x8BAB, 0x8B8B, 0x838B, 0x838B, 0x93CB, 0x93CC,
    0xBD94, 0x93CB, 0x93AA, 0x9BCB, 0x9BEC, 0x9BAB, 0x93CB, 0x8B8B, 0x8B8B, 0x93CC, 0x8B8B, 0x93AA, 0x93CB, 0x93AA, 0x93CC, 0x9BEC,
    0x93CC, 0x93CB, 0x93CB, 0x62A8, 0x41E6, 0x41E6, 0x41E6, 0x41E6, 0x41E6, 0x41E6, 0x41E6, 0x41E6, 0x5A47, 0x836A, 0x836A, 0x93CC,
    0xA40C, 0xAC2C, 0xAC2C, 0x93CB, 0x5A47, 0x4A06, 0x4A06, 0x4A06, 0x4A06, 0x4A06, 0x4A06, 0x4A06, 0x4A06, 0x4A06, 0x4A27, 0x4A27,
    0x4A27, 0x5247, 0x5A47, 0x62A8, 0x6AE9, 0x6AE9, 0x7309, 0x7309, 0x7309, 0x7309, 0x7B2A, 0x7B2A, 0x7B2A, 0x7B2A, 0x7309, 0x7B2A,
    0x7B2A, 0x7309, 0x7B2A, 0x7309, 0x7B2A, 0x7B2A, 0x7B2A, 0x7309, 0x7B2A, 0x836A, 0x7B2A, 0x836A, 0x7B2A, 0x6AE9, 0x6AE9, 0x838B,
    0xA46E, 0xBCEF, 0xC4EF, 0xC4EF, 0xC4EF, 0xC4EF, 0xBCEF, 0xC4EF, 0xC4EF, 0xBCEF, 0xC4EF, 0xBCEF, 0xBCEF, 0xBCEF, 0xC4EF, 0xBCEF,
    0xC4EF, 0xC510, 0xC510, 0xC510, 0xCD51, 0xCD51, 0xCD73, 0xCD72, 0xCD93, 0xD5D4, 0xD5D4, 0xD5D4, 0xD5D4, 0xD5D4, 0xD5F5, 0xD5F5,
    0xD5F5, 0xD5F5, 0xD615, 0xD5F5, 0xD5D4, 0xD5D4, 0xD5D4, 0xCDB4, 0xCD93, 0xCD72, 0xCD72, 0xCD93, 0xCDB4, 0xCDB4, 0xCDB4, 0xCD93,
    0xCD93, 0xCD51, 0xCD51, 0xCD51, 0xCD51, 0xCD51, 0xC530, 0xC510, 0xC4EF, 0xBCEF, 0xBCCF, 0xBCCF, 0xBCCF, 0xBCEF, 0xC4EF, 0xC510,
    0xC510, 0xC510, 0xC530, 0xCD72, 0xD5D4, 0xDE36, 0xDE96, 0xE6B8, 0xE6D8, 0xE6B8, 0xE6D8, 0xE6B8, 0xE6D8, 0xE6D8, 0xE6D8, 0xE6D8,
    0xE6D8, 0xEED9, 0xE6D8, 0xE6D8, 0xE6D8, 0xE6D8, 0xE6D8, 0xE6D8, 0xE6D8, 0xE6D8, 0xE6D8, 0xF6B9, 0xDE96, 0xACD0, 0x93CC, 0x93CC,
    0x93CC, 0x93CC, 0x93CC, 0x93CB, 0x93CC, 0xBCAE, 0xDDD0, 0xDDD0, 0xE5CE, 0xB48E, 0x8BAB, 0xACD0, 0xCE36, 0xC67A, 0xBE19, 0x9D98,
    0x8D37, 0x8D37, 0xD6BA, 0xEF3B, 0xE71B, 0xDEFB, 0xDEFB, 0xD6BA, 0xD6BA, 0xDEFB, 0xE71B, 0xDEFB, 0xC67A, 0x9D98, 0x8D37, 0x9D98,
    0xC67A, 0xC5B4, 0xACF1, 0xDEB9, 0xEF3B, 0xE655, 0xE5CE, 0xE5CE, 0xD56E, 0xC510, 0xBD94, 0xE6DA, 0xEF3B, 0xF77C, 0xF77C, 0xF77C,
    0xF77C, 0xEF3B, 0xDEFB, 0xE6DA, 0xDEB9, 0xAD12, 0x8B8B, 0x838B, 0x8BAB, 0x838B, 0x8B8B, 0x838B, 0x838B, 0x836A, 0x8BAB, 0x93CB,
    0xBD73, 0x9BCB, 0x9BCB, 0x9BAB, 0x93CB, 0x838B, 0x93CB, 0x9BAB, 0x8B8B, 0x9BCB, 0x8B8B, 0x8B8B, 0x93CB, 0x93CC, 0x93CC, 0xA3EB,
    0x9BCB, 0x93CB, 0x93CB, 0x6AE9, 0x41E6, 0x41E6, 0x41E6, 0x4A06, 0x4A06, 0x41E6, 0x41E6, 0x41E6, 0x6A66, 0x836A, 0x836A, 0x93CB,
    0xA40C, 0xA40C, 0xA40C, 0x93CC, 0x5A88, 0x4A06, 0x4A06, 0x4A06, 0x4A06, 0x4A06, 0x41E6, 0x4A06, 0x4A27, 0x4A27, 0x4A27, 0x4A27,
    0x4A27, 0x4A27, 0x5A47, 0x62A8, 0x6AE9, 0x6AE9, 0x7309, 0x7309, 0x7309, 0x7B2A, 0x7B2A, 0x7309, 0x7B2A, 0x7B2A, 0x7B2A, 0x7B2A,
    0x7B2A, 0x7309, 0x7B2A, 0x7309, 0x7B2A, 0x7B2A, 0x7B2A, 0x7309, 0x7B2A, 0x836A, 0x7B2A, 0x836A, 0x836A, 0x8BAB, 0xA46E, 0xBCEF,
    0xC510, 0xC510, 0xC4EF, 0xBCEF, 0xBCEF, 0xBCEF, 0xBCEF, 0xC4EF, 0xC4EF, 0xC4EF, 0xC4EF, 0xBCEF, 0xBCEF, 0xC4EF, 0xC4EF, 0xC4EF,
    0xC510, 0xBCEF, 0xBCEF, 0xBCEF, 0xCD51, 0xCD93, 0xCD93, 0xCD93, 0xCDB4, 0xD5D4, 0xD5D4, 0xD5D4, 0xCDB4, 0xD5D4, 0xD5F5, 0xD5F5,
    0xD5F5, 0xD615, 0xD5F5, 0xD5D4, 0xD5D4, 0xD5D4, 0xCDB4, 0xCDB4, 0xCD93, 0xCD93, 0xCD93, 0xCD93, 0xCDB4, 0xCDB4, 0xCDB4, 0xCDB4,
    0xD5D4, 0xCD72, 0xCD51, 0xC530, 0xC530, 0xC530, 0xC530, 0xC510, 0xBCEF, 0xBCEF, 0xBCEF, 0xBCCE, 0xBCCF, 0xBCCF, 0xBCAE, 0xBCAE,
    0xBCAE, 0xBCCF, 0xBCEF, 0xBCEF, 0xC510, 0xC510, 0xCD51, 0xCDB4, 0xD615, 0xDE96, 0xE697, 0xE6B8, 0xE6B8, 0xE6D8, 0xE6B8, 0xE6D8,
    0xE6D8, 0xE6D8, 0xE6D8, 0xE6D8, 0xE6D8, 0xE6B8, 0xE6D8, 0xE6D8, 0xEED9, 0xE6D8, 0xE6D8, 0xE6D8, 0xDE96, 0xA490, 0x93CC, 0x93CC,
    0x93CC, 0x8BEE, 0x93CC, 0x9C0D, 0xD56E, 0xE5CE, 0xDDD0, 0xD56E, 0xD56E, 0xAC6D, 0xB533, 0xD6BA, 0xE71B, 0xBE19, 0xBE19, 0xE71B,
    0xDEFB, 0xDEFB, 0xEF3B, 0xEF5C, 0xE71B, 0xC67A, 0x9D98, 0x8D37, 0x8D37, 0xADD9, 0xC67A, 0xD6BA, 0xE71B, 0xE71B, 0xE71B, 0xC67A,
    0xD6BA, 0xDEFB, 0xDEB9, 0xEF1A, 0xE6DA, 0x9CB1, 0xCD2C, 0xE5CE, 0xDDD0, 0xDEB9, 0xDE78, 0xEF1A, 0xEF5C, 0xEF5C, 0xEF5C, 0xEF1A,
    0xE6DA, 0xDEB9, 0xE6DA, 0xEF1A, 0xEF3B, 0xDEB9, 0x9C4F, 0x8B8B, 0x8BAB, 0x838B, 0x8B8B, 0x838B, 0x838B, 0x838B, 0x93CB, 0x93CB,
    0xB533, 0x8B8B, 0x838B, 0x836A, 0x93CB, 0x8B8B, 0x8BAB, 0x93CB, 0x8B8B, 0x93CB, 0x93AA, 0x93AA, 0x93CC, 0x9BCB, 0x9BEC, 0xA40C,
    0x93CC, 0x93CB, 0x93CB, 0x7309, 0x41E6, 0x41E6, 0x41E6, 0x4A06, 0x4A06, 0x41E6, 0x41E6, 0x41E6, 0x5A47, 0x7B2A, 0x836A, 0x8BAB,
    0x9BEC, 0x9BEC, 0x9BEC, 0x93CC, 0x5A88, 0x4A06, 0x4A06, 0x4A06, 0x4A27, 0x4A27, 0x4A06, 0x4A27, 0x4A27, 0x4A27, 0x4A06, 0x4A27,
    0x4A27, 0x4A27, 0x5A47, 0x62A8, 0x62A8, 0x6AE9, 0x7309, 0x7309, 0x7309, 0x7B2A, 0x7B2A, 0x7B2A, 0x7B2A, 0x7B2A, 0x7B2A, 0x7B2A,
    0x7B2A, 0x7B2A, 0x7B2A, 0x7309, 0x7B2A, 0x7B2A, 0x7B2A, 0x7309, 0x7B2A, 0x7B2A, 0x836A, 0x93CC, 0xAC6D, 0xBCCE, 0xBCEF, 0xC4EF,
    0xC510, 0xC4EF, 0xBCEF, 0xBCCF, 0xBCEF, 0xBCEF, 0xBCEF, 0xBCEF, 0xBCEF, 0xBCEF, 0xBCCE, 0xBCCE, 0xC4EF, 0xC4EF, 0xC510, 0xC4EF,
    0xBCEF, 0xBCEF, 0xBCEF, 0xC510, 0xC530, 0xCD51, 0xCD93, 0xCDB4, 0xCDB4, 0xCDB4, 0xD5D4, 0xD5D4, 0xD5D4, 0xD5D4, 0xDDF3, 0xD5D4,
    0xD5D4, 0xD5F5, 0xD5F5, 0xD5F5, 0xD5D4, 0xD5D4, 0xCDB4, 0xCDB4, 0xCDB4, 0xCDB4, 0xCDB4, 0xCD93, 0xCDB4, 0xCD93, 0xCDB4, 0xCDB4,
    0xD5D4, 0xCD93, 0xCD51, 0xC530, 0xC530, 0xCD51, 0xC530, 0xBCEF, 0xBCEF, 0xBCEF, 0xBCCF, 0xBCAE, 0xBCCF, 0xBCEF, 0xBCCF, 0xBCAE,
    0xBCAE, 0xBCAE, 0xB48E, 0xB48E, 0xBCAE, 0xBCCF, 0xBCEF, 0xBCEF, 0xC510, 0xC530, 0xCD93, 0xD5F5, 0xDE36, 0xE697, 0xE6B8, 0xE6D8,
    0xE6B8, 0xE6B8, 0xE6B8, 0xE6B8, 0xE6D8, 0xE6D8, 0xE6B8, 0xE6D8, 0xE6B8, 0xE6D8, 0xE6D8, 0xE6B8, 0xDE96, 0xB48E, 0x93CC, 0x93CC,
    0x93CC, 0x93CC, 0x93CB, 0xBC8D, 0xE5CE, 0xBCCE, 0xBCCE, 0xD56E, 0xD56E, 0xAD12, 0xE6DA, 0xDEFB, 0xEF3B, 0xD6BA, 0xC67A, 0xEF5C,
    0xF77C, 0xF77C, 0xF77C, 0xE71B, 0xADD9, 0x8D37, 0x8D37, 0x7CD7, 0x7CD7, 0x7CD7, 0x8D37, 0xC67A, 0xE71B, 0xEF3B, 0xEF3B, 0xE71B,
    0xDEFB, 0xE71B, 0xDEFB, 0xDEFB, 0xADD9, 0x6B4B, 0x7BAD, 0xC4EF, 0xD615, 0xE6F9, 0xC5B4, 0xCE36, 0xEF3B, 0xEF3B, 0xD657, 0xACF1,
    0x9C0D, 0x9C4F, 0xCE15, 0xDEB9, 0xE6F9, 0xEF1A, 0xB533, 0x8BAB, 0x8B8B, 0x838B, 0x8B8B, 0x838B, 0x838B, 0x838B, 0x93CB, 0x93CB,
    0xB533, 0x8329, 0x836A, 0x836A, 0x8BAB, 0x8BAB, 0x8B8B, 0x93CC, 0x8B8B, 0x93CC, 0x93CC, 0x93CB, 0x93CC, 0x9BEC, 0x9BEC, 0x9BEC,
    0x9BCB, 0x93CC, 0x93CB, 0x7B2A, 0x4A06, 0x41E6, 0x41E6, 0x4A06, 0x4A06, 0x41E6, 0x4A06, 0x4A06, 0x5A47, 0x7B2A, 0x836A, 0x8BAB,
    0x93CC, 0x93CC, 0x93CC, 0x93CC, 0x62A8, 0x4A27, 0x4A06, 0x4A06, 0x4A27, 0x4A27, 0x4A27, 0x4A27, 0x4A27, 0x4A27, 0x4A27, 0x5A47,
    0x5247, 0x4A27, 0x5A88, 0x6AE9, 0x6AE9, 0x6AE9, 0x7309, 0x7309, 0x7309, 0x7B2A, 0x7B2A, 0x7B2A, 0x7B2A, 0x7B2A, 0x7B2A, 0x7B2A,
    0x7B2A, 0x7309, 0x7B2A, 0x7309, 0x7B2A, 0x7B2A, 0x7309, 0x7309, 0x836A, 0x93CC, 0xAC6D, 0xBCEF, 0xC4EF, 0xBCEF, 0xBCEF, 0xBCEF,
    0xBCEF, 0xBCEF, 0xBCEF, 0xBCEF, 0xBCEF, 0xBCEF, 0xBCEF, 0xC4EF, 0xBCEF, 0xBCAE, 0xBCCE, 0xC4EF, 0xC4EF, 0xC4EF, 0xC4EF, 0xC4EF,
    0xC4EF, 0xC510, 0xC510, 0xC510, 0xC510, 0xC530, 0xCD51, 0xCD93, 0xCDB4, 0xCDB4, 0xCDB4, 0xD5D4, 0xD5D4, 0xD5D4, 0xD5D4, 0xD5F5,
    0xD5D4, 0xD5D4, 0xD5D4, 0xCDB4, 0xCDB4, 0xCDB4, 0xCDB4, 0xCDB4, 0xCD93, 0xCDB4, 0xCDB4, 0xCDB4, 0xD5D4, 0xCDB4, 0xCDB4, 0xD5D4,
    0xD5D4, 0xCDB4, 0xCD72, 0xCD51, 0xC530, 0xCD51, 0xC530, 0xC510, 0xC510, 0xC510, 0xBCEF, 0xBCCF, 0xBCCF, 0xBCCE, 0xBCCE, 0xBCCE,
    0xBCCE, 0xBCCE, 0xBCAE, 0xBCAE, 0xB48E, 0xB48E, 0xB48E, 0xB48E, 0xBCAE, 0xBCAE, 0xBCCF, 0xBCEF, 0xC510, 0xCD72, 0xD5D4, 0xDE36,
    0xDE96, 0xE6B8, 0xE6B7, 0xE6B8, 0xE6B8, 0xE6B8, 0xE6D8, 0xE6B8, 0xE6D8, 0xE6B8, 0xE6B8, 0xE6B8, 0xDE76, 0xA490, 0x93CC, 0x93CB,
    0x93CB, 0x93CC, 0x93CC, 0xC4EF, 0xE5CE, 0xAC6D, 0xA46E, 0xD56E, 0xC530, 0xCE15, 0xE71B, 0xDEFB, 0xE71B, 0xEF5C, 0xEF5C, 0xF77C,
    0xF77C, 0xEF5C, 0xDEFB, 0xBE19, 0x9D98, 0x7CD7, 0x7CD7, 0x8D37, 0x9D98, 0x7CD7, 0x7CD7, 0x9D98, 0xBE19, 0xC67A, 0xE71B, 0xEF3B,
    0xEF3B, 0xE71B, 0xE6DA, 0xE6DA, 0xA555, 0x6B0A, 0x62EA, 0x8C2E, 0xD657, 0xEF1A, 0xDE78, 0xE6F9, 0xEF3B, 0xC5D5, 0x9C0D, 0x838B,
    0x838B, 0x8BAB, 0xBD94, 0xE6FA, 0xE6DA, 0xEF1A, 0xBD94, 0x93CB, 0x838B, 0x838B, 0x8B8B, 0x838B, 0x838B, 0x838B, 0x93CB, 0x93CB,
    0xB533, 0x8B49, 0x836A, 0x836A, 0x8BAB, 0x93CC, 0x8B8B, 0x93CC, 0x93CC, 0x9BAB, 0x9BEC, 0x9BEC, 0x9BEC, 0x9BEC, 0xA3EB, 0xA3EB,
    0xA3EB, 0x9BCB, 0x93CB, 0x836A, 0x4A27, 0x4A06, 0x4A06, 0x4A06, 0x4A06, 0x4A06, 0x4A06, 0x4A06, 0x5A47, 0x8B49, 0x836A, 0x8BAB,
    0x9BEC, 0x93CC, 0x93CB, 0x93CC, 0x62A8, 0x4A27, 0x4A27, 0x4A06, 0x4A06, 0x4A27, 0x4A27, 0x4A06, 0x4A27, 0x4A27, 0x4A27, 0x5247,
    0x5247, 0x5247, 0x5A47, 0x62A8, 0x62A8, 0x6AE9, 0x7309, 0x7309, 0x7B2A, 0x7B2A, 0x7B2A, 0x7B2A, 0x7B2A, 0x7B2A, 0x7B2A, 0x7B2A,
    0x7B2A, 0x7B2A, 0x7B2A, 0x7309, 0x7B2A, 0x7B2A, 0x836A, 0x93CB, 0xAC6D, 0xBCEF, 0xC4EF, 0xBCEF, 0xBCEF, 0xBCEF, 0xBCEF, 0xBCCE,
    0xBCCE, 0xBCEF, 0xBCEF, 0xBCEF, 0xBCEF, 0xBCEF, 0xBCEF, 0xBCEF, 0xBCCE, 0xBCEF, 0xC4EF, 0xC4EF, 0xBCEF, 0xC4EF, 0xC4EF, 0xC4EF,
    0xC510, 0xC510, 0xC4EF, 0xC4EF, 0xC510, 0xC510, 0xC510, 0xC532, 0xCD93, 0xD5D4, 0xD5D4, 0xD5D4, 0xD5D4, 0xD5D4, 0xCDB4, 0xD5D4,
    0xCDB4, 0xCDB4, 0xD5D4, 0xCDB4, 0xCDB4, 0xCD93, 0xCD93, 0xCD93, 0xCDB4, 0xCDB4, 0xCDB4, 0xD5D4, 0xD5D4, 0xCDB4, 0xCDB4, 0xD5D4,
    0xCDB4, 0xD5D4, 0xCD72, 0xCD51, 0xCD51, 0xCD72, 0xCD51, 0xC530, 0xC530, 0xC530, 0xC530, 0xC510, 0xC4EF, 0xC4EF, 0xBCEF, 0xBCEF,
    0xBCEF, 0xBCEF, 0xBCEF, 0xBCCE, 0xBCCE, 0xBCCE, 0xBCAE, 0xBCAE, 0xB48E, 0xAC6D, 0xB48E, 0xBCAE, 0xBCAE, 0xBCCF, 0xBCEF, 0xC510,
    0xCD51, 0xCDB4, 0xD615, 0xDE96, 0xE6B8, 0xE6B8, 0xE6B8, 0xE6D8, 0xE6B7, 0xE6B8, 0xE6B8, 0xE6B8, 0xE655, 0xA490, 0x93CC, 0x8BEE,
    0x93CC, 0x93CC, 0xACF1, 0xDE34, 0xE5CE, 0xE5CE, 0xD56E, 0xDDD0, 0xC5B4, 0xD6BA, 0xE6FA, 0xE6FA, 0xDEFB, 0xEF5C, 0xF77C, 0xF77C,
    0xF77C, 0xEF3B, 0xBE19, 0x9D98, 0x7CD7, 0x6C56, 0x7CD7, 0x7CD7, 0x7CD7, 0x6C56, 0x6C56, 0x7CD7, 0x8D37, 0xBE19, 0xE71B, 0xEF5C,
    0xEF3B, 0xE6DA, 0xDEFB, 0xE6DA, 0xADD9, 0x9470, 0x8BEE, 0xBD73, 0xE6FA, 0xE6FA, 0xE6FA, 0xEF3B, 0xDE78, 0x9C0D, 0x838B, 0x838B,
    0x838B, 0x8BAB, 0xAD12, 0xE6FA, 0xE6FA, 0xE6FA, 0xC5D5, 0x93CC, 0x838B, 0x838B, 0x8B8B, 0x836A, 0x838B, 0x838B, 0x93CB, 0x93CB,
    0xBD73, 0x8B6A, 0x8B8B, 0x93CB, 0x93CB, 0x9BEC, 0x93CB, 0x93CC, 0x9BEC, 0xA3EB, 0x9BEC, 0x9BEC, 0xA3EB, 0xA40C, 0xA3EB, 0x93CC,
    0x93CC, 0x9BEC, 0x93CB, 0x8B6A, 0x5247, 0x41E6, 0x4A06, 0x4A06, 0x4A27, 0x4A06, 0x4A06, 0x4A06, 0x5A47, 0x7B2A, 0x836A, 0x8B8B,
    0x9BEC, 0x9BEC, 0x93CC, 0x93CB, 0x6AE9, 0x4A06, 0x4A27, 0x4A27, 0x4A27, 0x4A27, 0x4A27, 0x4A27, 0x5247, 0x5247, 0x4A27, 0x5247,
    0x5247, 0x5247, 0x5A47, 0x6AE9, 0x6AE9, 0x6AE9, 0x7309, 0x7309, 0x7309, 0x7B2A, 0x7B2A, 0x7B2A, 0x7B2A, 0x7B2A, 0x7B2A, 0x7B2A,
    0x7B2A, 0x7B2A, 0x7B2A, 0x7309, 0x836A, 0x93CB, 0xAC6D, 0xBCCF, 0xBCEF, 0xBCEF, 0xBCEF, 0xBCEF, 0xBCEF, 0xBCAE, 0xBCCE, 0xBCEF,
    0xBCEF, 0xBCEF, 0xBCCE, 0xBCEF, 0xBCEF, 0xBCEF, 0xBCCE, 0xBCEF, 0xBCEF, 0xBCEF, 0xC4EF, 0xC4EF, 0xBCEF, 0xC4EF, 0xC4EF, 0xC4EF,
    0xBCEF, 0xBCEF, 0xC4EF, 0xC4EF, 0xBCEF, 0xBCEF, 0xC510, 0xC510, 0xCD72, 0xCDB4, 0xCDB4, 0xD5D4, 0xD5F5, 0xD5D4, 0xCDB4, 0xD5D4,
    0xCDB4, 0xCDB4, 0xCDB4, 0xCD93, 0xCD93, 0xCD93, 0xCDB4, 0xCDB4, 0xD5D4, 0xD5D4, 0xD5D4, 0xD5D4, 0xD5F5, 0xCDB4, 0xCDB4, 0xD5F5,
    0xD5F5, 0xD5F5, 0xCD93, 0xCD72, 0xCD51, 0xCD51, 0xCD72, 0xCD51, 0xC530, 0xC530, 0xC530, 0xC510, 0xC4EF, 0xC510, 0xC510, 0xC4EF,
    0xBCEF, 0xBCEF, 0xBCEF, 0xBCEF, 0xBCEF, 0xBCEF, 0xBCEF, 0xBCEF, 0xBCCE, 0xBCAE, 0xB48E, 0xB48E, 0xB48E, 0xBCAE, 0xBCAE, 0xBCAE,
    0xBCCE, 0xBCEF, 0xC510, 0xCD51, 0xCD93, 0xD5F5, 0xDE76, 0xE697, 0xE6B8, 0xE6B8, 0xE6B8, 0xE6B8, 0xDE36, 0xA46E, 0x93CC, 0x93CC,
    0x93CC, 0x93CC, 0xBD73, 0xEF1A, 0xDDD0, 0xE5CE, 0xE5CE, 0xEE94, 0xE6DA, 0xD6BA, 0xE6DA, 0xEF1A, 0xDEFB, 0xDEFB, 0xEF3B, 0xF77C,
    0xF77C, 0xEF5C, 0xDEFB, 0xBE19, 0x8D37, 0x7CD7, 0x7CD7, 0x7CD7, 0x7CD7, 0x7CD7, 0x8D37, 0xBE19, 0xDEFB, 0xEF3B, 0xEF5C, 0xEF3B,
    0xDEFB, 0xE6DA, 0xEF1A, 0xDEB9, 0xC67A, 0xBE19, 0xDE78, 0xEF1A, 0xEF3B, 0xE6DA, 0xEF1A, 0xEF3B, 0xB533, 0x838B, 0x838B, 0x838B,
    0x838B, 0x838B, 0xACF1, 0xE6FA, 0xEF1A, 0xE6FA, 0xC5D5, 0x93CB, 0x838B, 0x838B, 0x8B8B, 0x836A, 0x836A, 0x838B, 0x93CC, 0x8BAB,
    0xBD73, 0x9BCB, 0x93CB, 0x93CC, 0x93CB, 0x9BCB, 0x9BEC, 0xA3EB, 0xA3EB, 0xA3EB, 0xA40C, 0xA40C, 0xA3EB, 0x9BEC, 0x93CC, 0x9BEC,
    0xA3EB, 0x9BEC, 0x8BAB, 0x8B8B, 0x5A47, 0x4A06, 0x4A06, 0x4A06, 0x4A06, 0x4A06, 0x4A27, 0x4A06, 0x5A47, 0x7B2A, 0x836A, 0x8B8B,
    0xA3EB, 0xA40C, 0x9BEC, 0x93CC, 0x6AE9, 0x4A27, 0x4A27, 0x4A27, 0x4A27, 0x4A27, 0x4A27, 0x5247, 0x5247, 0x5247, 0x5247, 0x5247,
    0x5247, 0x5A47, 0x5A88, 0x6AE9, 0x6AE9, 0x6AE9, 0x7309, 0x7309, 0x7309, 0x7B2A, 0x7B2A, 0x7B2A, 0x7B2A, 0x7B2A, 0x836A, 0x7B2A,
    0x7B2A, 0x7B2A, 0x836A, 0x93CB, 0xA46E, 0xBCCF, 0xBCEF, 0xBCCE, 0xBCCE, 0xBCEF, 0xBCEF, 0xBCEF, 0xBCCE, 0xBCAE, 0xBCAE, 0xBCAE,
    0xBCCE, 0xBCEF, 0xBCEF, 0xBCEF, 0xBCEF, 0xBCCE, 0xBCCE, 0xBCEF, 0xBCEF, 0xBCEF, 0xBCEF, 0xC4EF, 0xC4EF, 0xC4EF, 0xBCEF, 0xBCEF,
    0xBCEF, 0xBCEF, 0xBCEF, 0xBCAE, 0xBCAE, 0xBCEF, 0xC530, 0xCD51, 0xCD93, 0xCDB4, 0xCD93, 0xCDB4, 0xD5D4, 0xD5D4, 0xCDB4, 0xD5D4,
    0xCDB4, 0xD5D4, 0xCDB4, 0xCD93, 0xCD93, 0xCDB4, 0xC5B4, 0xCDB4, 0xD5D4, 0xCDB4, 0xCDB4, 0xD5D4, 0xD5F5, 0xCDB4, 0xCDB4, 0xD5F5,
    0xD5F5, 0xD615, 0xCDB4, 0xCD93, 0xCD93, 0xCD72, 0xCD72, 0xCD51, 0xC530, 0xC510, 0xC530, 0xC530, 0xC510, 0xC510, 0xC530, 0xC510,
    0xC510, 0xC4EF, 0xC4EF, 0xC4EF, 0xC4EF, 0xBCEF, 0xBCEF, 0xBCEF, 0xBCEF, 0xBCEF, 0xBCEF, 0xBCCE, 0xBCAE, 0xBCAE, 0xB48E, 0xB48E,
    0xBCAE, 0xBCAE, 0xBCCF, 0xBCEF, 0xBCEF, 0xBCEF, 0xC510, 0xCD72, 0xD5D4, 0xDE36, 0xDE96, 0xE697, 0xDE36, 0xA46E, 0x93CC, 0x93CC,
    0x93CC, 0x93CC, 0xA490, 0xE6DA, 0xCE36, 0x9470, 0xAD0E, 0xE6F9, 0xEF5C, 0xE6DA, 0xE6DA, 0xE6DA, 0xE71B, 0xE6FA, 0xDEFB, 0xE71B,
    0xEF3B, 0xEF3B, 0xEF5C, 0xEF3B, 0xE71B, 0xDEFB, 0xD6BA, 0xD6BA, 0xD6BA, 0xDEFB, 0xE71B, 0xEF5C, 0xEF5C, 0xEF3B, 0xDEFB, 0xDEFB,
    0xDEFB, 0xEF1A, 0xE6DA, 0xE6DA, 0xE71B, 0xD6BA, 0xDEFB, 0xEF3B, 0xEF1A, 0xE6DA, 0xEF3B, 0xDEB9, 0x9C4F, 0x838B, 0x838B, 0x838B,
    0x838B, 0x838B, 0xACD0, 0xE6FA, 0xEF1A, 0xEF1A, 0xC5D5, 0x93CB, 0x838B, 0x838B, 0x8B8B, 0x838B, 0x836A, 0x838B, 0x93CC, 0x8BAB,
    0xBD73, 0x93AA, 0x93CB, 0x9BEC, 0xA3EB, 0xA3EB, 0xA3EB, 0xA40C, 0xA40C, 0xA40C, 0x9BEC, 0x93CC, 0x93CC, 0x9BEC, 0xA40C, 0x9BEC,
    0x93CC, 0x93CB, 0x93CB, 0x8B8B, 0x5A88, 0x4A06, 0x4A06, 0x4A06, 0x4A06, 0x4A06, 0x4A27, 0x4A06, 0x5A47, 0x7B2A, 0x836A, 0x8BAB,
    0xA40C, 0x9BEC, 0xA40C, 0x9BEC, 0x7309, 0x5A47, 0x4A27, 0x4A27, 0x4A27, 0x4A27, 0x5247, 0x5247, 0x5247, 0x5A47, 0x5247, 0x5247,
    0x5247, 0x5A47, 0x5A88, 0x62A8, 0x62A8, 0x6AE9, 0x7309, 0x7B2A, 0x7B2A, 0x7B2A, 0x7B2A, 0x7B2A, 0x7B2A, 0x836A, 0x836A, 0x7B2A,
    0x836A, 0x93CB, 0xA46E, 0xBCCF, 0xBCEF, 0xBCCE, 0xBCCE, 0xBCCE, 0xBCCE, 0xBCCE, 0xBCCF, 0xBCAE, 0xBCAE, 0xBCAE, 0xBCAE, 0xBCAE,
    0xBCAE, 0xBCAE, 0xBCCE, 0xBCCE, 0xBCCE, 0xBCCE, 0xBCEF, 0xBCEF, 0xBCCE, 0xBCCE, 0xBCEF, 0xBCEF, 0xBCCE, 0xBCCE, 0xBCEF, 0xBCEF,
    0xBCAE, 0xBCAE, 0xBCAE, 0xBCAE, 0xB48E, 0xBCCF, 0xC510, 0xCD51, 0xCD72, 0xCD72, 0xCD72, 0xCD93, 0xCDB4, 0xCDB4, 0xCDB4, 0xCDB4,
    0xCDB4, 0xCDB4, 0xCDB4, 0xCDB4, 0xD5D4, 0xD5D4, 0xD5D4, 0xD5F5, 0xD5F5, 0xD5D4, 0xD5D4, 0xCDB4, 0xCDB4, 0xCDB4, 0xD5D4, 0xD5D4,
    0xD5F5, 0xD5F5, 0xCDB4, 0xCD72, 0xCD72, 0xCD72, 0xCD72, 0xCD72, 0xCD51, 0xC530, 0xC510, 0xC4EF, 0xC510, 0xC510, 0xC510, 0xC510,
    0xC4EF, 0xC4EF, 0xBCEF, 0xBCEF, 0xC4EF, 0xC4EF, 0xC4EF, 0xBCEF, 0xBCCE, 0xBCAE, 0xBCCE, 0xBCCE, 0xBCCE, 0xBCEF, 0xBCCE, 0xBCAE,
    0xBCAE, 0xBCAE, 0xB48E, 0xBCAE, 0xBCAE, 0xBCAE, 0xBCAE, 0xBCAE, 0xBCCE, 0xC510, 0xCD51, 0xCDB4, 0xCDB4, 0xA46E, 0x9BEC, 0x93CC,
    0x93CC, 0x93CC, 0x9C0D, 0xC5B4, 0xE6DA, 0x84B4, 0x7BAD, 0xD657, 0xF77C, 0xE6DA, 0xC67A, 0xDEFB, 0xE6DA, 0xE6FA, 0xE71B, 0xE71B,
    0xDEFB, 0xDEFB, 0xE71B, 0xE71B, 0xE71B, 0xE71B, 0xEF3B, 0xE71B, 0xEF3B, 0xE71B, 0xE71B, 0xE6FA, 0xDEFB, 0xDEFB, 0xE6FA, 0xEF1A,
    0xE6FA, 0xE6DA, 0xE6DA, 0xE71B, 0xDEFB, 0xADD9, 0xBE19, 0xE6DA, 0xE6F9, 0xE6F9, 0xEF3B, 0xCE15, 0x93CB, 0x838B, 0x838B, 0x838B,
    0x83CD, 0x838B, 0xACF1, 0xE6FA, 0xEF1A, 0xEF1A, 0xC5B4, 0x93CB, 0x836A, 0x838B, 0x8B8B, 0x836A, 0x836A, 0x8B8B, 0x93CC, 0x8BAB,
    0xBD94, 0x9BEC, 0x9BEC, 0x9BEC, 0xA3EB, 0xA40C, 0xA40C, 0xA40C, 0x9BCB, 0x93CC, 0x93CC, 0x9BEC, 0x9BEC, 0x93CC, 0x93CC, 0x93CC,
    0x93CB, 0x93CB, 0x8BAB, 0x8BAB, 0x62A8, 0x4A06, 0x41E6, 0x4A06, 0x4A06, 0x4A27, 0x4A06, 0x4A06, 0x5A47, 0x7309, 0x836A, 0x8B8B,
    0x9BEC, 0x9BEC, 0xA40C, 0xA40C, 0x7309, 0x5247, 0x5247, 0x4A27, 0x4A27, 0x5247, 0x5A47, 0x4A27, 0x5247, 0x5A47, 0x5247, 0x5247,
    0x5A47, 0x5A47, 0x5A88, 0x6AE9, 0x6AE9, 0x6AE9, 0x7309, 0x7309, 0x7309, 0x7B2A, 0x7B2A, 0x7B2A, 0x7B2A, 0x836A, 0x836A, 0x93CB,
    0xA46E, 0xBCAE, 0xBCCE, 0xBCEF, 0xBCCE, 0xBCCE, 0xBCCE, 0xBCAE, 0xBCAE, 0xBCAE, 0xBCAE, 0xBCAE, 0xBCAE, 0xBCAE, 0xBCAE, 0xB48E,
    0xBCAE, 0xBCAE, 0xBCAE, 0xBCAE, 0xBCCE, 0xBCEF, 0xBCCE, 0xBCCE, 0xBCCE, 0xBCEF, 0xBCCE, 0xBCCF, 0xBCEF, 0xBCEF, 0xBCCE, 0xBCAE,
    0xB48E, 0xBCCF, 0xBCEF, 0xBCEF, 0xBCEF, 0xC4EF, 0xC510, 0xC510, 0xCD51, 0xCD51, 0xCD51, 0xCD72, 0xCD93, 0xCDB4, 0xCDB4, 0xCDB4,
    0xCDB4, 0xCDB4, 0xD5D4, 0xCDB4, 0xD5D4, 0xD5D4, 0xD5D4, 0xD615, 0xD5F5, 0xD5F5, 0xD615, 0xD5F5, 0xD5D4, 0xD5D4, 0xCDB4, 0xCDB4,
    0xD5F5, 0xD5F5, 0xCDB4, 0xCD72, 0xCD72, 0xCD51, 0xCD51, 0xCD51, 0xCD72, 0xCD72, 0xC530, 0xC510, 0xC4EF, 0xBCEF, 0xBCEF, 0xC4EF,
    0xC4EF, 0xC4EF, 0xBCEF, 0xBCCE, 0xBCCE, 0xBCCE, 0xBCEF, 0xBCEF, 0xBCEF, 0xBCCE, 0xBCCE, 0xBCAE, 0xBCAE, 0xBCEF, 0xBCCE, 0xBCCE,
    0xBCCE, 0xBCCE, 0xBCCE, 0xBCAE, 0xBCAE, 0xBCAE, 0xBCAE, 0xBCAE, 0xBCAE, 0xBCAE, 0xBCAE, 0xBCCE, 0xBCEF, 0xB48E, 0xAC2C, 0x9C0D,
    0x9BEC, 0x93CC, 0x93CC, 0xA490, 0xDE78, 0xC67A, 0x9470, 0xCE15, 0xF77C, 0xE6FA, 0xC67A, 0xD6BA, 0xDEFB, 0xE6FA, 0xE6FA, 0xE6FA,
    0xEF1A, 0xE71B, 0xE71B, 0xE6FA, 0xDEFB, 0xDEFB, 0xDEFB, 0xDEFB, 0xDEFB, 0xDEFB, 0xDEFB, 0xE71B, 0xE71B, 0xEF1A, 0xE6FA, 0xE6DA,
    0xE6DA, 0xE6DA, 0xEF1A, 0xDEFB, 0xC67A, 0xADD9, 0xADD9, 0xC67A, 0xDEB9, 0xEF1A, 0xE6FA, 0xAD12, 0x838B, 0x7BAD, 0x838B, 0x838B,
    0x838B, 0x8BAB, 0xB533, 0xEF1A, 0xEF1A, 0xEF1A, 0xBD94, 0x8BAB, 0x838B, 0x8B8B, 0x8B8B, 0x836A, 0x838B, 0x8BAB, 0x93CC, 0x8BAB,
    0xBD94, 0x9BEC, 0xA3EB, 0xA40C, 0xA40C, 0x9BEC, 0x93CB, 0x93CB, 0x9BEC, 0x9BEC, 0x9BEC, 0x93CB, 0x93CB, 0x8BAB, 0x93CB, 0x93CB,
    0x93CB, 0x93CB, 0x8B8B, 0x8BAB, 0x6AE9, 0x4A27, 0x4A06, 0x4A06, 0x4A27, 0x5247, 0x4A06, 0x4A27, 0x5A47, 0x7B2A, 0x838B, 0x8B8B,
    0xA3EB, 0xA40C, 0x9BEC, 0x9BEC, 0x7309, 0x4A27, 0x5247, 0x5247, 0x5247, 0x5A47, 0x5A47, 0x5247, 0x5268, 0x5268, 0x5A47, 0x5268,
    0x5A47, 0x5A47, 0x5A88, 0x6AE9, 0x6AE9, 0x6AE9, 0x7309, 0x7309, 0x7B2A, 0x7B2A, 0x7B2A, 0x7B2A, 0x836A, 0x93CB, 0xA46E, 0xBCAE,
    0xBCCE, 0xBCCE, 0xBCCE, 0xBCAE, 0xBCAE, 0xBCAE, 0xBCAE, 0xBCAE, 0xBCAE, 0xBCAE, 0xBCAE, 0xBCAE, 0xBCAE, 0xBCAE, 0xBCAE, 0xBCAE,
    0xBCAE, 0xBCAE, 0xBCAE, 0xBCAE, 0xBCCE, 0xBCCE, 0xBCAE, 0xBCCE, 0xBCEF, 0xBCCE, 0xBCAE, 0xBCCF, 0xBCCF, 0xBCAE, 0xAC6D, 0xAC2C,
    0xB48E, 0xBCCE, 0xBCEF, 0xBCEF, 0xBCEF, 0xC4EF, 0xC510, 0xC510, 0xC510, 0xC510, 0xC530, 0xC530, 0xCD72, 0xCD93, 0xCDB4, 0xCDB4,
    0xCDB4, 0xCDB4, 0xCDB4, 0xD5D4, 0xD5D4, 0xD5D4, 0xD5D4, 0xD5F5, 0xD5F5, 0xD5F5, 0xD615, 0xD5F5, 0xD5F5, 0xD615, 0xD5F5, 0xD5D4,
    0xD5F5, 0xD5D4, 0xCD93, 0xCD51, 0xC530, 0xCD51, 0xCD51, 0xCD51, 0xCD72, 0xCD72, 0xCD51, 0xC530, 0xC510, 0xC510, 0xBCEF, 0xBCCF,
    0xBCCE, 0xBCCF, 0xBCCE, 0xBCEF, 0xBCEF, 0xBCEF, 0xBCEF, 0xBCCF, 0xBCAE, 0xBCCE, 0xBCEF, 0xBCEF, 0xBCEF, 0xBCEF, 0xBCAE, 0xBCAE,
    0xBCCE, 0xBCCE, 0xBCCE, 0xBCCE, 0xBCCE, 0xBCAE, 0xBCCF, 0xBCEF, 0xC530, 0xC532, 0xC530, 0xBCEF, 0xBCAE, 0xBCAE, 0xBCAE, 0xB48E,
    0xAC6D, 0xA46E, 0x9C0D, 0xA46E, 0xD657, 0xEF3B, 0xE6DA, 0xDEFB, 0xEF5C, 0xEF3B, 0xE6DA, 0xE71B, 0xDEFB, 0xDEFB, 0xDEFB, 0xE6FA,
    0xE6FA, 0xE6FA, 0xE6FA, 0xE6FA, 0xE6FA, 0xEF1A, 0xEF1A, 0xEF1A, 0xE6FA, 0xE6FA, 0xEF1A, 0xE6FA, 0xE6FA, 0xE6DA, 0xE6DA, 0xE6DA,
    0xE71B, 0xEF3B, 0xE6FA, 0xBE19, 0x8D37, 0xADD9, 0xC67A, 0xD6BA, 0xDE78, 0xEF1A, 0xD657, 0x9C0D, 0x838B, 0x838B, 0x838B, 0x838B,
    0x838B, 0x83CD, 0xBD94, 0xEF3B, 0xEF1A, 0xEF1A, 0xB533, 0x838B, 0x838B, 0x8B8B, 0x8BAB, 0x8BAB, 0x93CB, 0x93CB, 0x93CC, 0x8B8B,
    0xBD94, 0xA3EB, 0x9BEC, 0x93CC, 0x93CC, 0x93CB, 0x9BEC, 0xA40C, 0x9BEC, 0x93CB, 0x93CC, 0x8BAB, 0x93CB, 0x8BAB, 0x8B8B, 0x8BAB,
    0x93CB, 0x93CC, 0x93CB, 0x8BAB, 0x7309, 0x4A06, 0x4A06, 0x4A06, 0x4A27, 0x4A27, 0x4A27, 0x4A06, 0x5247, 0x7309, 0x8B8B, 0x8BAB,
    0xA3EB, 0xA40C, 0xA40C, 0x9BEC, 0x7B2A, 0x5247, 0x4A27, 0x5247, 0x5268, 0x5247, 0x5247, 0x5247, 0x5A47, 0x5268, 0x5268, 0x5268,
    0x5A88, 0x5A88, 0x62A8, 0x62A8, 0x6AE9, 0x6AE9, 0x7B2A, 0x836A, 0x7B2A, 0x7B2A, 0x836A, 0x8BAB, 0xAC2C, 0xBCAE, 0xBCCE, 0xBCCE,
    0xBCAE, 0xBCAE, 0xBCAE, 0xBCAE, 0xBCAE, 0xBCAE, 0xBCAE, 0xBCAE, 0xBCAE, 0xBCAE, 0xBCAE, 0xBCAE, 0xBCAE, 0xBCAE, 0xBCAE, 0xBCAE,
    0xBCAE, 0xBCAE, 0xBCAE, 0xBCAE, 0xBCAE, 0xBCAE, 0xBCCF, 0xBCCF, 0xBCCE, 0xBCCE, 0xBCAE, 0xBCAE, 0xB48E, 0xAC6D, 0xA46E, 0xAC6D,
    0xBCAE, 0xBCEF, 0xBCEF, 0xC4EF, 0xC4EF, 0xC510, 0xBCEF, 0xBCEF, 0xBCEF, 0xC510, 0xC510, 0xC530, 0xC530, 0xCD51, 0xCD93, 0xD5D4,
    0xCDB4, 0xD5D4, 0xD5D4, 0xCDB4, 0xCDB4, 0xD5D4, 0xD5F5, 0xD5F5, 0xD5F5, 0xD615, 0xD615, 0xD615, 0xD615, 0xDE36, 0xD615, 0xD5F5,
    0xD615, 0xD5D4, 0xCD93, 0xCD73, 0xCD51, 0xC532, 0xC510, 0xC530, 0xCD51, 0xCD51, 0xCD72, 0xCD51, 0xC530, 0xC530, 0xBCEF, 0xBCAE,
    0xBCAE, 0xB48E, 0xB48E, 0xBCAE, 0xBCAE, 0xBCCE, 0xBCCE, 0xBCCE, 0xBCAE, 0xBCCE, 0xBCCE, 0xBCAE, 0xBCAE, 0xBCAE, 0xBCAE, 0xBCCE,
    0xBCCF, 0xBCCE, 0xBCCE, 0xBCAE, 0xBCAE, 0xC510, 0xD5F5, 0xDE78, 0xDEB9, 0xDEB9, 0xDE78, 0xDE78, 0xCD93, 0xBCCF, 0xBCAE, 0xBCAE,
    0xBCAE, 0xBCAE, 0xBCAE, 0xBD94, 0xDEFB, 0xE6FA, 0xEF3B, 0xEF3B, 0xEF5C, 0xEF3B, 0xE6DA, 0xDEFB, 0xEF3B, 0xEF3B, 0xE71B, 0xE6FA,
    0xE6FA, 0xDEFB, 0xDEFB, 0xDEFB, 0xE6DA, 0xE6DA, 0xE6FA, 0xE6DA, 0xE6DA, 0xE6DA, 0xE6DA, 0xE6DA, 0xE6DA, 0xE6FA, 0xE71B, 0xEF3B,
    0xEF3B, 0xD6BA, 0xADD9, 0x8D37, 0x8D37, 0xC67A, 0xD6BA, 0xE71B, 0xE6DA, 0xDE78, 0xACF1, 0x838B, 0x838B, 0x8BAB, 0x8BAB, 0x838B,
    0x838B, 0x83CD, 0xCE15, 0xEF3B, 0xEF1A, 0xE6F9, 0xACF1, 0x838B, 0x838B, 0x8B8B, 0x8BAB, 0x93CB, 0x8B8B, 0x8B8B, 0x93CC, 0x8B8B,
    0xBD73, 0x93CB, 0x93CC, 0x9BEC, 0x9BEC, 0x9BEC, 0x93CC, 0x93AA, 0x93CC, 0x93CB, 0x93CB, 0x8BAB, 0x8BAB, 0x93CB, 0x93CB, 0x93CC,
    0x93CB, 0x93CC, 0x93CC, 0x8BAB, 0x7B2A, 0x4A27, 0x4A06, 0x4A06, 0x4A27, 0x4A06, 0x4A27, 0x4A27, 0x5247, 0x7309, 0x838B, 0x8B8B,
    0x9BEC, 0xA40C, 0xA40C, 0x9BEC, 0x7B2A, 0x5247, 0x5247, 0x5A47, 0x5268, 0x5247, 0x5A47, 0x5A47, 0x5A47, 0x5268, 0x5268, 0x5A88,
    0x5A88, 0x5A47, 0x5A88, 0x62A8, 0x62A8, 0x7B2A, 0xB533, 0xD5D4, 0xB533, 0xBD94, 0xC5D5, 0xCD93, 0xC530, 0xBCEF, 0xBCAE, 0xBCAE,
    0xBCAE, 0xBCAE, 0xBCAE, 0xBCAE, 0xB48E, 0xB48E, 0xBCCF, 0xBCCF, 0xBCF2, 0xBCCF, 0xBCAE, 0xBCAE, 0xBCAE, 0xBCAE, 0xBCCE, 0xBCEF,
    0xC530, 0xCD93, 0xD5D4, 0xCDB4, 0xCD51, 0xBCEF, 0xBCCF, 0xBCCF, 0xBCAE, 0xBCAE, 0xB48E, 0xBCAE, 0xBCAE, 0xBCAE, 0xBCCF, 0xBCCE,
    0xBCCE, 0xBCEF, 0xC4EF, 0xBCEF, 0xBCEF, 0xBCEF, 0xBCEF, 0xBCEF, 0xC510, 0xC510, 0xC510, 0xC510, 0xC510, 0xC530, 0xCD51, 0xCDB4,
    0xCDB4, 0xCDB4, 0xCDB4, 0xCDB4, 0xCDB4, 0xD5D4, 0xD5D4, 0xD5D4, 0xD5F5, 0xD615, 0xDE36, 0xD615, 0xD615, 0xD615, 0xD615, 0xD615,
    0xDE36, 0xD5D4, 0xCD93, 0xCD72, 0xCD72, 0xCD72, 0xCD51, 0xCD72, 0xCD51, 0xC532, 0xC532, 0xC530, 0xC530, 0xC530, 0xBCEF, 0xBCCE,
    0xBCAE, 0xBCAE, 0xB48E, 0xB48E, 0xBCAE, 0xBCAE, 0xBCAE, 0xBCAE, 0xBCAE, 0xBCAE, 0xBCAE, 0xBCAE, 0xBCCE, 0xBCCE, 0xBCCE, 0xBCAE,
    0xBCAE, 0xBCAE, 0xBCCF, 0xBCCE, 0xCD51, 0xDEB9, 0xE6DA, 0xDE78, 0xCE15, 0xBD73, 0xA490, 0xC5B4, 0xE6FA, 0xCD93, 0xBCCF, 0xBCAE,
    0xBCAE, 0xBCAE, 0xBCEF, 0xDE78, 0xE71B, 0xDEFB, 0xE71B, 0xEF3B, 0xEF5C, 0xEF3B, 0xD6BA, 0x9D98, 0xBE19, 0xDEFB, 0xE71B, 0xEF3B,
    0xEF3B, 0xEF3B, 0xE71B, 0xE71B, 0xE6FA, 0xDEFB, 0xDEFB, 0xE6FA, 0xE6FA, 0xE6FA, 0xE71B, 0xE71B, 0xEF3B, 0xEF3B, 0xE71B, 0xD6BA,
    0xBE19, 0xBE19, 0x9D98, 0x9D98, 0xBE19, 0xD6BA, 0xDEFB, 0xEF3B, 0xE6DA, 0xAD12, 0x8BAB, 0x838B, 0x838B, 0x8BAB, 0x8BAB, 0x838B,
    0x838B, 0x9C0D, 0xDE78, 0xEF3B, 0xEF1A, 0xDEB9, 0x9C4F, 0x838B, 0x8BAB, 0x8B8B, 0x838B, 0x8B8B, 0x836A, 0x838B, 0x93CB, 0x8B8B,
    0xBD94, 0x9BEC, 0x9BEC, 0x93CB, 0x93CC, 0x93CB, 0x93CB, 0x8BAB, 0x93CB, 0x8BAB, 0x93CB, 0x8BAB, 0x93CC, 0x93CC, 0x93CB, 0x93CC,
    0x93CB, 0x93CC, 0x93CC, 0x8BAB, 0x836A, 0x5247, 0x4A06, 0x4A27, 0x4A27, 0x4A06, 0x4A27, 0x5247, 0x5A47, 0x7309, 0x8B8B, 0x8BAB,
    0x9BEC, 0xA40C, 0x9BEC, 0x9BEC, 0x7B2A, 0x5A47, 0x5247, 0x5247, 0x5A47, 0x5247, 0x5A47, 0x5268, 0x5A47, 0x5268, 0x5A47, 0x5A47,
    0x5268, 0x5A47, 0x5A88, 0x62A8, 0x62A8, 0x9C4F, 0xEDD5, 0xEE15, 0xEE36, 0xF6D9, 0xF6FA, 0xEE78, 0xEE36, 0xD5D4, 0xC530, 0xBCAE,
    0xBCAE, 0xB48E, 0xAC6D, 0xAC6D, 0xBCCF, 0xCDB4, 0xDE36, 0xDE78, 0xEE78, 0xD615, 0xC530, 0xBCCE, 0xBCAE, 0xCD51, 0xEDD5, 0xEE36,
    0xF6B9, 0xF6FA, 0xF6FA, 0xEF1A, 0xE6F9, 0xD657, 0xCD51, 0xBCAE, 0xAC6D, 0xB48E, 0xBCCF, 0xBCEF, 0xBCEF, 0xBCCE, 0xBCCE, 0xBCEF,
    0xBCEF, 0xBCEF, 0xBCEF, 0xBCCF, 0xBCEF, 0xBCEF, 0xC4EF, 0xC4EF, 0xC4EF, 0xC4EF, 0xC510, 0xC510, 0xC530, 0xC530, 0xC530, 0xCD72,
    0xCD93, 0xCD93, 0xCDB4, 0xCDB4, 0xCDB4, 0xD5D4, 0xCDB4, 0xCDB4, 0xD5F5, 0xDE36, 0xD615, 0xDE36, 0xD615, 0xD615, 0xD615, 0xD615,
    0xD615, 0xD5F5, 0xCD93, 0xCD72, 0xCD93, 0xCD72, 0xCD72, 0xCD72, 0xCD72, 0xCD72, 0xCD51, 0xC530, 0xC510, 0xC510, 0xBCCF, 0xBCCE,
    0xC4EF, 0xBCEF, 0xBCAE, 0xBCAE, 0xBCCE, 0xBCAE, 0xBCCE, 0xBCCE, 0xBCCE, 0xBCAE, 0xBCAE, 0xBCAE, 0xBCCE, 0xBCCE, 0xBCEF, 0xBCEF,
    0xBCCE, 0xBCCE, 0xBCCF, 0xBCCF, 0xD615, 0xE71B, 0xDEB9, 0xD657, 0xCE15, 0xC5D5, 0xCE15, 0xE6FA, 0xF77C, 0xE6F9, 0xC532, 0xBCAE,
    0xBCAE, 0xBCAE, 0xC532, 0xEF1A, 0xEF3B, 0xE71B, 0xDEFB, 0xE71B, 0xEF3B, 0xDEFB, 0xC67A, 0x8D37, 0x9D98, 0xBE19, 0xC67A, 0xC67A,
    0xDEFB, 0xDEFB, 0xE71B, 0xE71B, 0xE71B, 0xEF3B, 0xE71B, 0xE71B, 0xE71B, 0xE71B, 0xE71B, 0xDEFB, 0xD6BA, 0xBE19, 0xADD9, 0x8D37,
    0x7CD7, 0x8D37, 0xADD9, 0xC67A, 0xD6BA, 0xDEFB, 0xEF3B, 0xEF5C, 0xE6FA, 0xAD12, 0x838B, 0x838B, 0x838B, 0x83CD, 0x8B8B, 0x838B,
    0x838B, 0xACD0, 0xE6FA, 0xEF3B, 0xEF3B, 0xD657, 0x9C0D, 0x838B, 0x8BAB, 0x838B, 0x836A, 0x8B8B, 0x836A, 0x838B, 0x93CB, 0x8B8B,
    0xBD94, 0x93CC, 0x93CC, 0x93CB, 0x93CC, 0x93CB, 0x93CB, 0x8BAB, 0x93CB, 0x93CB, 0x9BEC, 0x93CB, 0x93CB, 0x93CC, 0x93CB, 0x93CB,
    0x93CB, 0x93CC, 0x93CC, 0x8BAB, 0x8B8B, 0x5A47, 0x4A27, 0x4A27, 0x4A27, 0x4A27, 0x4A27, 0x4A27, 0x5247, 0x7309, 0x8B8B, 0x8B8B,
    0x9BEC, 0xA40C, 0x9BEC, 0x9BEC, 0x836A, 0x5A47, 0x5247, 0x5247, 0x5247, 0x5A47, 0x5A47, 0x5A88, 0x5A47, 0x5A47, 0x5268, 0x5A88,
    0x5A47, 0x5268, 0x5A88, 0x6AE9, 0x836A, 0xB3EE, 0xE46F, 0xE42E, 0xE4B0, 0xEDD5, 0xEDD5, 0xED94, 0xEDD5, 0xEE15, 0xEE36, 0xEE15,
    0xCDB4, 0xC510, 0xBCCF, 0xCD72, 0xEE36, 0xEE57, 0xEE57, 0xEE57, 0xEE57, 0xEE36, 0xEDD5, 0xED12, 0xE4B0, 0xE4D1, 0xED53, 0xEDD5,
    0xEE57, 0xEE78, 0xF6D9, 0xF6FA, 0xF6FA, 0xF6FA, 0xE6B8, 0xCD51, 0xBCAE, 0xBCAE, 0xBCAE, 0xBCAE, 0xBCCE, 0xBCCE, 0xBCEF, 0xBCEF,
    0xBCEF, 0xBCCF, 0xBCCF, 0xBCEF, 0xBCEF, 0xBCEF, 0xBCEF, 0xC4EF, 0xBCEF, 0xC4EF, 0xC510, 0xC510, 0xC510, 0xC510, 0xC530, 0xCD51,
    0xCD72, 0xCD72, 0xCD93, 0xCDB4, 0xCD93, 0xCD93, 0xCD93, 0xD5D4, 0xD615, 0xDE36, 0xD615, 0xD5F5, 0xD5F5, 0xD615, 0xD5F5, 0xD5F5,
    0xD615, 0xD615, 0xCDB4, 0xCD93, 0xCD93, 0xCD93, 0xCD93, 0xCD93, 0xCD72, 0xCD72, 0xCD72, 0xC530, 0xBCEF, 0xBCCF, 0xB48E, 0xBCAE,
    0xBCCE, 0xBCCE, 0xBCCE, 0xBCCE, 0xBCCE, 0xBCAE, 0xBCAE, 0xBCAE, 0xBCCF, 0xBCCF, 0xBCCE, 0xBCCE, 0xBCCE, 0xBCCE, 0xBCAE, 0xBCAE,
    0xBCCE, 0xBCCE, 0xBCCE, 0xBCCE, 0xCD51, 0xDE36, 0xE6DA, 0xEF3B, 0xEF5C, 0xEF5C, 0xF77C, 0xF77C, 0xEF5C, 0xEF5C, 0xDE78, 0xBCEF,
    0xBCAE, 0xBCCF, 0xBD73, 0xD6BA, 0xD6BA, 0xEF3B, 0xEF3B, 0xE71B, 0xDEFB, 0xD6BA, 0xBE19, 0xBE19, 0xADD9, 0xBE19, 0x9D98, 0x9D98,
    0xADD9, 0x9D98, 0xC67A, 0xBE19, 0x9D98, 0xC67A, 0xBE19, 0xBE19, 0xBE19, 0xBE19, 0xC67A, 0xADD9, 0xADD9, 0xBE19, 0x7CD7, 0x8D37,
    0x9D98, 0xBE19, 0xD6BA, 0xD6BA, 0xDEFB, 0xEF3B, 0xEF5C, 0xEF3B, 0xD6BA, 0xC5B4, 0x83CD, 0x838B, 0x838B, 0x8BAB, 0x838B, 0x838B,
    0x8BAB, 0xBD94, 0xEF3B, 0xEF3B, 0xEF1A, 0xC5B4, 0x93CB, 0x8B8B, 0x838B, 0x836A, 0x836A, 0x838B, 0x836A, 0x838B, 0x93CB, 0x93CB,
    0xBD94, 0x93CB, 0x93CC, 0x93AA, 0x8BAB, 0x8BAB, 0x93CB, 0x93CC, 0x9BEC, 0x93CC, 0x9BEC, 0x93CC, 0x93CB, 0x93CC, 0x93CC, 0x93CB,
    0x93CB, 0x93CC, 0x93CC, 0x8BAB, 0x8B8B, 0x5A88, 0x4A06, 0x4A27, 0x5247, 0x4A27, 0x4A27, 0x4A27, 0x5247, 0x6AE9, 0x836A, 0x8B8B,
    0x9BEC, 0x9BEC, 0x9BEC, 0x9BEC, 0x836A, 0x5268, 0x5268, 0x5A47, 0x5247, 0x5268, 0x5268, 0x5268, 0x5268, 0x5268, 0x5A88, 0x5A88,
    0x5A47, 0x5A88, 0x6AE9, 0x93CC, 0xAC6D, 0xBC4C, 0xDC0E, 0xE46F, 0xED12, 0xED94, 0xEE15, 0xEE78, 0xF6D9, 0xF6FA, 0xF6FA, 0xF73A,
    0xF73A, 0xEED9, 0xDE36, 0xEE36, 0xEE36, 0xEE57, 0xF6D9, 0xF6FA, 0xF6FA, 0xF6FA, 0xF6D9, 0xEE78, 0xED94, 0xE4D1, 0xE42E, 0xE42E,
    0xED53, 0xEE36, 0xEE78, 0xF6D9, 0xF6D9, 0xF6D9, 0xF6B9, 0xEE57, 0xCD73, 0xBCCF, 0xBCAE, 0xBCAE, 0xBCCF, 0xBCCF, 0xBCCE, 0xBCCE,
    0xBCCE, 0xBCEF, 0xBCEF, 0xBCCE, 0xBCCF, 0xBCEF, 0xBCEF, 0xBCEF, 0xBCEF, 0xC4EF, 0xC4EF, 0xC510, 0xC510, 0xC510, 0xC530, 0xCD51,
    0xCD72, 0xCD72, 0xCD72, 0xCD93, 0xCD72, 0xCD93, 0xCDB4, 0xD5D4, 0xD615, 0xD615, 0xD5F5, 0xD5F5, 0xD5D4, 0xD5F5, 0xD5F5, 0xD5D4,
    0xD5F5, 0xD615, 0xD5F5, 0xD5D4, 0xCD93, 0xCD93, 0xCD93, 0xCD93, 0xCD93, 0xCD93, 0xCD51, 0xC510, 0xBCCF, 0xB48E, 0xB48E, 0xBCAE,
    0xB48E, 0xA46E, 0xBCAE, 0xBCCE, 0xBCCE, 0xBCCE, 0xBCAE, 0xBCAE, 0xBCAE, 0xBCAE, 0xBCAE, 0xBCAE, 0xBCAE, 0xBCCE, 0xBCCE, 0xBCCF,
    0xBCAE, 0xBCCE, 0xBCCE, 0xBCCE, 0xBCCE, 0xBCCE, 0xC510, 0xC5B4, 0xDEB9, 0xEF3B, 0xEF5C, 0xEF5C, 0xEF5C, 0xEF5C, 0xEF3B, 0xD5F5,
    0xBCCF, 0xACD0, 0x84B4, 0x9D98, 0x8D37, 0xDEFB, 0xEF5C, 0xEF5C, 0xEF5C, 0xEF5C, 0xE71B, 0xDEFB, 0xD6BA, 0xD6BA, 0xBE19, 0xADD9,
    0x9D98, 0x8D37, 0xADD9, 0x9D98, 0x9D98, 0xBE19, 0x9D98, 0x9D98, 0x8D37, 0x8D37, 0xBE19, 0xADD9, 0x9D98, 0xC67A, 0xC67A, 0xC67A,
    0xD6BA, 0xD6BA, 0xDEFB, 0xEF3B, 0xEF5C, 0xEF5C, 0xEF3B, 0xE71B, 0xBE19, 0xADD9, 0x8C2E, 0x838B, 0x838B, 0x8BAB, 0x8B8B, 0x838B,
    0x9C0D, 0xDE78, 0xEF3B, 0xEF3B, 0xE6FA, 0xACF1, 0x838B, 0x838B, 0x838B, 0x836A, 0x836A, 0x838B, 0x836A, 0x8B8B, 0x93CB, 0x8BAB,
    0xBD73, 0x8BAB, 0x8BAB, 0x93CB, 0x93CB, 0x93CB, 0x93CB, 0x93CB, 0x9BEC, 0x93CB, 0x93CC, 0x93CC, 0x93CB, 0x9BEC, 0x93CC, 0x93CB,
    0x93CB, 0x93CB, 0x93CC, 0x93CB, 0x93CB, 0x62A8, 0x4A06, 0x4A27, 0x5247, 0x5247, 0x4A27, 0x5247, 0x5247, 0x6AE9, 0x836A, 0x8B8B,
    0x9BEC, 0x9BEC, 0xA40C, 0x9BEC, 0x836A, 0x5268, 0x5A47, 0x5A88, 0x5268, 0x5A47, 0x5A88, 0x5A47, 0x5A88, 0x5A88, 0x5A47, 0x5A88,
    0x6AE9, 0x8B8B, 0xA46E, 0xBCAE, 0xBCAE, 0xDC0E, 0xE42E, 0xEDD5, 0xEDD5, 0xEDD5, 0xF6B9, 0xF6D9, 0xF6B9, 0xF6B9, 0xF6D9, 0xF6D9,
    0xF6D9, 0xF6D9, 0xEE78, 0xEE36, 0xEE78, 0xF6D9, 0xF6FA, 0xF6FA, 0xF6D9, 0xEE57, 0xEE36, 0xEDD5, 0xED94, 0xED94, 0xED12, 0xE4B0,
    0xE42E, 0xE4D1, 0xEE36, 0xEE78, 0xF6B9, 0xEE78, 0xEE36, 0xEE15, 0xEDD5, 0xCD72, 0xCD51, 0xCD51, 0xC530, 0xBCEF, 0xBCAE, 0xBCCF,
    0xBCEF, 0xBCEF, 0xBCAE, 0xBCCF, 0xBCEF, 0xBCEF, 0xBCEF, 0xBCEF, 0xBCEF, 0xC4EF, 0xC4EF, 0xC4EF, 0xBCEF, 0xC510, 0xC530, 0xC530,
    0xCD51, 0xCD72, 0xCD93, 0xCD72, 0xCD72, 0xCD93, 0xCD93, 0xD5D4, 0xD615, 0xD615, 0xD615, 0xD5F5, 0xD5D4, 0xD5F5, 0xD5F5, 0xD5D4,
    0xD5D4, 0xD5D4, 0xD5F5, 0xD5F5, 0xCDB4, 0xCD93, 0xCD93, 0xCDB4, 0xCD93, 0xCD72, 0xCD51, 0xC510, 0xC4EF, 0xBCEF, 0xBCEF, 0xBCEF,
    0xBCAE, 0xAC2C, 0xA46E, 0xB48E, 0xBCAE, 0xBCCE, 0xBCCE, 0xC4EF, 0xC4EF, 0xBCCE, 0xBCCE, 0xBCAE, 0xBCAE, 0xBCAE, 0xBCAE, 0xBCAE,
    0xBCAE, 0xBCAE, 0xBCAE, 0xBCAE, 0xBCCE, 0xBCCE, 0xBCCE, 0xBCCE, 0xC532, 0xDE78, 0xEF3B, 0xEF5C, 0xEF5C, 0xEF3B, 0xEF5C, 0xE6FA,
    0xC532, 0x9CB1, 0x7CD7, 0x8D37, 0x8D37, 0xD6BA, 0xF77C, 0xEF5C, 0xF77C, 0xF77C, 0xF77C, 0xEF5C, 0xE71B, 0xDEFB, 0xDEFB, 0xDEFB,
    0xD6BA, 0xC67A, 0xC67A, 0xBE19, 0xC67A, 0xC67A, 0xBE19, 0xBE19, 0xBE19, 0xBE19, 0xC67A, 0xD6BA, 0xD6BA, 0xD6BA, 0xD6BA, 0xDEFB,
    0xE71B, 0xEF3B, 0xEF5C, 0xEF5C, 0xEF3B, 0xEF3B, 0xC67A, 0xADD9, 0x7CD7, 0x8D37, 0x9470, 0x838B, 0x838B, 0x8BAB, 0x838B, 0x8BAB,
    0xAD12, 0xEF1A, 0xEF3B, 0xEF3B, 0xDE78, 0x9C0D, 0x838B, 0x838B, 0x836A, 0x836A, 0x836A, 0x838B, 0x836A, 0x8B8B, 0x93CB, 0x8B8B,
    0xBD73, 0x93CB, 0x93CC, 0x93CB, 0x93CB, 0x93CB, 0x9BEC, 0x93CC, 0x93CC, 0x93CB, 0x93CC, 0x9BEC, 0x93CC, 0x93CC, 0x93CC, 0x93CB,
    0x93CC, 0x93CB, 0x9BEC, 0x93CB, 0x93CB, 0x6AE9, 0x5247, 0x4A27, 0x4A27, 0x5247, 0x4A27, 0x4A27, 0x4A27, 0x6AE9, 0x838B, 0x8B8B,
    0x9BEC, 0xA40C, 0x9BEC, 0x9BEC, 0x836A, 0x5A88, 0x5268, 0x5268, 0x5268, 0x5A88, 0x5A88, 0x5A88, 0x5A88, 0x62A8, 0x62A8, 0x838B,
    0xA46E, 0xC510, 0xCD51, 0xC530, 0xDC90, 0xDC0E, 0xE4B0, 0xEDD5, 0xED53, 0xEE57, 0xF6FA, 0xF6B9, 0xF6D9, 0xF6D9, 0xEE36, 0xED94,
    0xED94, 0xEE36, 0xEE36, 0xEE15, 0xEE15, 0xEE36, 0xF6B9, 0xEE36, 0xED12, 0xE4D1, 0xED12, 0xE4D1, 0xE4D1, 0xE4B0, 0xE4D1, 0xED53,
    0xE4D1, 0xE4B0, 0xED12, 0xEE15, 0xEE15, 0xED53, 0xED53, 0xEE15, 0xEE78, 0xF6B9, 0xEED9, 0xF6FA, 0xE6B8, 0xDE36, 0xCD51, 0xBCEF,
    0xBCCF, 0xBCCF, 0xBCCE, 0xBCCE, 0xBCCE, 0xBCEF, 0xBCEF, 0xBCEF, 0xC4EF, 0xBCEF, 0xBCCF, 0xBCCF, 0xBCEF, 0xC510, 0xC510, 0xC510,
    0xCD51, 0xCD72, 0xCD93, 0xCD72, 0xCD72, 0xCD72, 0xCD93, 0xD5D4, 0xD5F5, 0xD5F5, 0xD615, 0xD5F5, 0xD5D4, 0xD5F5, 0xD5D4, 0xD5D4,
    0xD5D4, 0xCDB4, 0xD5D4, 0xD5F5, 0xD5F5, 0xD5D4, 0xCDB4, 0xCDB4, 0xCD72, 0xCD73, 0xCD51, 0xC510, 0xC510, 0xC4EF, 0xBCEF, 0xBCCF,
    0xB48E, 0xB48E, 0xBCCE, 0xBCEF, 0xBCAE, 0xB48E, 0xB48E, 0xBCAE, 0xBCCE, 0xBCCE, 0xBCCE, 0xC4EF, 0xC4EF, 0xC4EF, 0xBCEF, 0xBCCE,
    0xBCCE, 0xBCCE, 0xBCAE, 0xBCAE, 0xBCAE, 0xBCCE, 0xBCCE, 0xBCCE, 0xBCEF, 0xCD51, 0xE6DA, 0xEF5C, 0xEF3B, 0xEF5C, 0xEF5C, 0xEF3B,
    0xD657, 0x84B4, 0x6C56, 0x7CD7, 0x8D37, 0xD6BA, 0xEF3B, 0xEF5C, 0xF77C, 0xF77C, 0xF77C, 0xF77C, 0xEF5C, 0xEF5C, 0xEF5C, 0xE71B,
    0xE71B, 0xDEFB, 0xDEFB, 0xDEFB, 0xDEFB, 0xDEFB, 0xDEFB, 0xD6BA, 0xDEFB, 0xDEFB, 0xDEFB, 0xDEFB, 0xE71B, 0xE71B, 0xEF3B, 0xEF5C,
    0xEF5C, 0xEF5C, 0xEF5C, 0xE71B, 0xD6BA, 0xDEFB, 0x9D98, 0x7CD7, 0x6C56, 0x7CD7, 0x9CB1, 0x838B, 0x838B, 0x838B, 0x838B, 0x8BEE,
    0xD657, 0xEF3B, 0xEF3B, 0xEF1A, 0xBD73, 0x838B, 0x838B, 0x838B, 0x836A, 0x836A, 0x836A, 0x838B, 0x836A, 0x8BAB, 0x93CB, 0x838B,
    0xBD94, 0x9BEC, 0x93CB, 0x93CB, 0x93CC, 0x93CC, 0x9BEC, 0x93CB, 0x93CB, 0x93CB, 0x93CC, 0x9BEC, 0x93CC, 0x93CC, 0x93CC, 0x93CB,
    0x93CC, 0x93CB, 0x9BEC, 0x93CB, 0x93CB, 0x7309, 0x5247, 0x5247, 0x5247, 0x4A27, 0x5247, 0x5247, 0x5247, 0x6AE9, 0x838B, 0x8B8B,
    0x93CC, 0xA40C, 0x9BEC, 0x9BEC, 0x836A, 0x5A88, 0x5A88, 0x7309, 0x736C, 0x7B2A, 0x5AA9, 0x5A88, 0x7B2A, 0x9C4F, 0xB533, 0xD5F5,
    0xDE36, 0xDE36, 0xEE15, 0xED94, 0xDCD1, 0xE46F, 0xDD12, 0xED53, 0xED53, 0xF6B9, 0xF6D9, 0xF6D9, 0xF6D9, 0xEDD5, 0xDD12, 0xE4D1,
    0xED94, 0xEDD5, 0xED12, 0xED12, 0xED12, 0xED53, 0xED53, 0xED12, 0xE46F, 0xE4D1, 0xE4B0, 0xE4D1, 0xE46F, 0xE4B0, 0xED53, 0xEDD5,
    0xEE15, 0xEE36, 0xEE36, 0xEE78, 0xEE15, 0xED12, 0xE4D1, 0xEE15, 0xF6B9, 0xF6D9, 0xF6D9, 0xF6B9, 0xF6B9, 0xEE78, 0xEE15, 0xC530,
    0xBCAE, 0xBCCE, 0xBCCE, 0xBCCE, 0xBCEF, 0xBCCF, 0xBCCF, 0xBCEF, 0xBCEF, 0xBCAE, 0xBCAE, 0xBCCF, 0xC510, 0xC510, 0xC510, 0xC510,
    0xCD51, 0xCD51, 0xCD72, 0xCD93, 0xCD72, 0xCD72, 0xCD93, 0xD5D4, 0xD5F5, 0xD615, 0xD615, 0xD5F5, 0xD5F5, 0xD5F5, 0xD5D4, 0xD5D4,
    0xD5F5, 0xCDB4, 0xCDB4, 0xD5F5, 0xD615, 0xD5D4, 0xCDB4, 0xCDB4, 0xCD72, 0xCD72, 0xCD51, 0xC530, 0xC510, 0xBCEF, 0xBCAE, 0xB48E,
    0xBCAE, 0xC4EF, 0xC4EF, 0xBCEF, 0xBCAE, 0xBCCF, 0xBCEF, 0xBCCF, 0xAC6D, 0xA46E, 0xB48E, 0xBCCE, 0xBCCE, 0xC4EF, 0xC4EF, 0xC4EF,
    0xBCCE, 0xBCAE, 0xBCAE, 0xBCAE, 0xBCAE, 0xBCAE, 0xBCAE, 0xBCEF, 0xBCEF, 0xBCEF, 0xD615, 0xEF3B, 0xEF3B, 0xEF5C, 0xEF5C, 0xEF5C,
    0xE71B, 0xADD9, 0x7CD7, 0x7CD7, 0xADD9, 0xBE19, 0xBE19, 0xEF3B, 0xF77C, 0xEF5C, 0xF77C, 0xEF5C, 0xF77C, 0xF77C, 0xEF5C, 0xF77C,
    0xEF5C, 0xF77C, 0xF77C, 0xEF5C, 0xEF5C, 0xEF3B, 0xEF5C, 0xF77C, 0xEF5C, 0xEF3B, 0xEF5C, 0xF77C, 0xF77C, 0xEF5C, 0xEF5C, 0xEF5C,
    0xE71B, 0xC67A, 0xC67A, 0xBE19, 0xD6BA, 0xD6BA, 0x9D98, 0xBE19, 0x7CD7, 0x8D37, 0xBD94, 0x8BAB, 0x838B, 0x838B, 0x838B, 0xB533,
    0xEF1A, 0xEF3B, 0xEF3B, 0xDE78, 0x9C0D, 0x836A, 0x836A, 0x8B8B, 0x8B8B, 0x838B, 0x838B, 0x838B, 0x836A, 0x93CB, 0x93CC, 0x838B,
    0xBD94, 0x9BEC, 0x93CC, 0x93CC, 0x93CC, 0x93CC, 0x9BEC, 0x8B8B, 0x8B8B, 0x93CB, 0x93CC, 0x9BEC, 0x93CB, 0x9BEC, 0x93CC, 0x93CB,
    0x93CC, 0x93CB, 0x9BEC, 0x93CB, 0x8BAB, 0x7309, 0x5247, 0x4A27, 0x4A27, 0x5247, 0x4A27, 0x5247, 0x5A47, 0x6AE9, 0x8B8B, 0x8B8B,
    0x93CC, 0xA40C, 0x9BEC, 0x9BEC, 0x836A, 0x6AE9, 0xA490, 0xD657, 0xDEB9, 0xDE78, 0xB533, 0xACF1, 0xD657, 0xE6F9, 0xF6FA, 0xF6FA,
    0xF6FA, 0xF6FA, 0xF6B9, 0xEE57, 0xED94, 0xED12, 0xDD12, 0xE4D1, 0xED94, 0xF6D9, 0xF6D9, 0xF6D9, 0xEE36, 0xE42E, 0xDB8C, 0xE42E,
    0xED53, 0xE4B0, 0xE4B0, 0xE4D1, 0xE4B0, 0xE4B0, 0xE4D1, 0xE4D1, 0xE4D1, 0xE4D1, 0xE4D1, 0xE42E, 0xE4D1, 0xEE36, 0xEE57, 0xF6B9,
    0xF6D9, 0xF73A, 0xF73A, 0xF6FA, 0xF6FA, 0xF6B9, 0xEE36, 0xEDD5, 0xED12, 0xED53, 0xED94, 0xEE78, 0xF6FA, 0xF6FA, 0xF6D9, 0xE6B8,
    0xCDB4, 0xC4EF, 0xBCEF, 0xBCEF, 0xBCAE, 0xBCCF, 0xBCEF, 0xBCEF, 0xBCCF, 0xBCCF, 0xBCCF, 0xBCEF, 0xC510, 0xC4EF, 0xC510, 0xC530,
    0xC530, 0xCD51, 0xCD51, 0xCD93, 0xCD93, 0xCD72, 0xCD93, 0xCDB4, 0xD5D4, 0xD615, 0xD615, 0xD615, 0xD5F5, 0xD5F5, 0xD5D4, 0xD5D4,
    0xD5D4, 0xCDB4, 0xD5D4, 0xD5D4, 0xD5F5, 0xD5D4, 0xD5D4, 0xCDB4, 0xCD72, 0xCD72, 0xCD51, 0xC530, 0xC510, 0xC4EF, 0xBCEF, 0xBCAE,
    0xBCEF, 0xBCEF, 0xBCEF, 0xBCEF, 0xBCEF, 0xBCEF, 0xBCCF, 0xB48E, 0xAC6D, 0xB48E, 0xBCCF, 0xBCCE, 0xBCAE, 0xBCAE, 0xB48E, 0xBCAE,
    0xBCAE, 0xAC6D, 0xB48E, 0xBCAE, 0xBCAE, 0xBCAE, 0xBCAE, 0xBCEF, 0xBCEF, 0xBCEF, 0xCD72, 0xE6FA, 0xEF3B, 0xEF5C, 0xEF3B, 0xEF5C,
    0xEF5C, 0xC67A, 0x8D37, 0x7CD7, 0x8D37, 0x7CD7, 0x9D98, 0xE71B, 0xF77C, 0xF77C, 0xF77C, 0xEF3B, 0xE71B, 0xEF3B, 0xEF3B, 0xEF3B,
    0xEF5C, 0xF77C, 0xF77C, 0xEF5C, 0xEF5C, 0xEF5C, 0xF77C, 0xEF5C, 0xEF5C, 0xEF5C, 0xEF5C, 0xEF5C, 0xEF5C, 0xEF5C, 0xEF5C, 0xEF3B,
    0xD6BA, 0xBE19, 0x9D98, 0x7CD7, 0xBE19, 0xDEFB, 0xC67A, 0xDEFB, 0xC67A, 0xD6BA, 0xCE36, 0x8BEE, 0x838B, 0x838B, 0x9C4F, 0xDEB9,
    0xEF3B, 0xEF3B, 0xEF1A, 0xB533, 0x838B, 0x838B, 0x838B, 0x838B, 0x838B, 0x8B8B, 0x8B8B, 0x8B8B, 0x8BAB, 0x93CC, 0x93CB, 0x838B,
    0xBD94, 0x9BEC, 0x9BEC, 0x9BEC, 0x9BEC, 0x93CB, 0x9BEC, 0x93CB, 0x93CB, 0x93CB, 0x93CC, 0x9BEC, 0x93CB, 0x9BEC, 0x9BEC, 0x93CB,
    0x93CC, 0x93CB, 0x93CC, 0x93CC, 0x93CB, 0x7B2A, 0x5A47, 0x4A27, 0x4A27, 0x5247, 0x4A27, 0x4A27, 0x5247, 0x6AE9, 0x8B8B, 0x8B8B,
    0x9BEC, 0x9BEC, 0x9BEC, 0x9BEC, 0x93CC, 0xB533, 0xEE78, 0xF6B9, 0xF6D9, 0xF6FA, 0xF6D9, 0xF6B9, 0xEE78, 0xEE57, 0xF6D9, 0xF6FA,
    0xF6D9, 0xEE36, 0xEE15, 0xEDD5, 0xEDD5, 0xEE15, 0xEE15, 0xED53, 0xEDD5, 0xEE78, 0xEE78, 0xEE78, 0xED12, 0xDB8C, 0xDB8C, 0xE46F,
    0xE4B0, 0xE46F, 0xE4B0, 0xE46F, 0xE4D1, 0xED53, 0xEE36, 0xEE78, 0xEE78, 0xEE57, 0xED94, 0xED12, 0xEDD5, 0xEDD5, 0xEE57, 0xF6FA,
    0xF6FA, 0xF6D9, 0xEE57, 0xEDD5, 0xED94, 0xEE15, 0xF6B9, 0xEE78, 0xED94, 0xE4B0, 0xE46F, 0xEE36, 0xF6FA, 0xF6FA, 0xF6D9, 0xEE78,
    0xF6B9, 0xD5F5, 0xC510, 0xB48E, 0xBCAE, 0xBCEF, 0xBCEF, 0xBCEF, 0xBCEF, 0xBCCF, 0xBCCF, 0xC4EF, 0xC4EF, 0xC510, 0xC530, 0xC530,
    0xC530, 0xCD72, 0xCD72, 0xCD93, 0xCDB4, 0xCDB4, 0xCD93, 0xCDB4, 0xCDB4, 0xD5F5, 0xD5F5, 0xD5F5, 0xD615, 0xD5D4, 0xD5D4, 0xD5D4,
    0xD5F5, 0xD5D4, 0xCDB4, 0xD5D4, 0xD5F5, 0xD5F5, 0xD5D4, 0xCD93, 0xCD93, 0xCD72, 0xCD51, 0xC530, 0xC510, 0xC510, 0xBCEF, 0xBCAE,
    0xBCCE, 0xBCEF, 0xBCEF, 0xC4EF, 0xC4EF, 0xBCAE, 0xA46E, 0xB48E, 0xBCCF, 0xBCEF, 0xBCEF, 0xBCCF, 0xBCAE, 0xAC2C, 0x9BEC, 0xAC4D,
    0xBCAE, 0xBCEF, 0xBCCE, 0xBCAE, 0xBCAE, 0xBCAE, 0xBCCE, 0xBCEF, 0xC4EF, 0xBCEF, 0xC510, 0xDEB9, 0xEF5C, 0xEF5C, 0xEF5C, 0xEF5C,
    0xEF5C, 0xDEFB, 0x9D98, 0x7CD7, 0x7CD7, 0x8D37, 0xD6BA, 0xEF5C, 0xE71B, 0xD6BA, 0xC67A, 0x9D98, 0x7CD7, 0x9D98, 0x9D98, 0xC67A,
    0xEF5C, 0xDEFB, 0xD6BA, 0xEF3B, 0xEF3B, 0xE71B, 0xDEFB, 0xE71B, 0xEF5C, 0xEF5C, 0xE71B, 0xBE19, 0xADD9, 0xE71B, 0xEF5C, 0xE71B,
    0xDEFB, 0xEF3B, 0xDEFB, 0x9D98, 0x9D98, 0xD6BA, 0xE71B, 0xEF3B, 0xEF3B, 0xE6DA, 0xCE36, 0x8C2E, 0x836A, 0x83CD, 0xC5D5, 0xEF3B,
    0xEF3B, 0xEF3B, 0xCE36, 0x9C0D, 0x838B, 0x838B, 0x8B8B, 0x838B, 0x838B, 0x838B, 0x836A, 0x8B8B, 0x8BAB, 0x8BAB, 0x8BAB, 0x838B,
    0xBD94, 0x9BEC, 0x9BEC, 0x9BEC, 0x9BEC, 0x93CC, 0x93CC, 0x9BEC, 0x9BEC, 0x93CC, 0x9BEC, 0x9BEC, 0x93CC, 0x9BEC, 0x9BEC, 0x93CB,
    0x93CC, 0x93CB, 0x93CC, 0x93CC, 0x93CB, 0x836A, 0x5A47, 0x4A27, 0x4A27, 0x4A27, 0x5247, 0x5247, 0x5247, 0x6AE9, 0x838B, 0x8BAB,
    0x9BEC, 0x9BEC, 0x9BEC, 0x9C0D, 0xBCEF, 0xEDD5, 0xED53, 0xED53, 0xEE57, 0xEE78, 0xED94, 0xED53, 0xED53, 0xED94, 0xEE57, 0xEE78,
    0xED94, 0xED12, 0xED53, 0xEE36, 0xF6B9, 0xF6D9, 0xF6FA, 0xF6D9, 0xEE78, 0xEE78, 0xEE57, 0xEE36, 0xE4B0, 0xDC0E, 0xDBCD, 0xE46F,
    0xE42E, 0xE42E, 0xE42E, 0xE4B0, 0xEE15, 0xF6D9, 0xF6D9, 0xF6B9, 0xEE78, 0xEE78, 0xEE78, 0xEE78, 0xEE36, 0xEE15, 0xF6B9, 0xF6FA,
    0xF6D9, 0xEDD5, 0xE4D1, 0xE4B0, 0xE4D1, 0xED12, 0xEE15, 0xEE78, 0xEE78, 0xEDD5, 0xED12, 0xEE15, 0xEE78, 0xEE15, 0xED12, 0xE4B0,
    0xE4D1, 0xEE15, 0xCD93, 0xB48E, 0xBCCF, 0xBCEF, 0xBCEF, 0xBCEF, 0xBCCF, 0xBCCF, 0xBCEF, 0xC4EF, 0xC510, 0xC510, 0xC530, 0xCD51,
    0xCD51, 0xCD72, 0xCD72, 0xCDB4, 0xD5D4, 0xD5D4, 0xCDB4, 0xCD93, 0xCDB4, 0xD5F5, 0xD5F5, 0xD5D4, 0xD5F5, 0xD5F5, 0xD5D4, 0xD5D4,
    0xD5F5, 0xD5D4, 0xCDB4, 0xD5F5, 0xD615, 0xD5F5, 0xCDB4, 0xCD93, 0xCD93, 0xCD72, 0xCD72, 0xCD51, 0xC530, 0xC510, 0xBCEF, 0xBCAE,
    0xBCEF, 0xC4EF, 0xC4EF, 0xBCEF, 0xBCCE, 0xBCAE, 0xB48E, 0xBCCF, 0xBCEF, 0xBCEF, 0xBCCF, 0xB48E, 0xAC6D, 0xAC6D, 0xBCAE, 0xBCCF,
    0xBCEF, 0xBCEF, 0xBCCE, 0xBCAE, 0xBCCE, 0xBCCE, 0xBCCE, 0xBCCE, 0xBCCE, 0xBCEF, 0xBCEF, 0xD657, 0xEF5C, 0xEF5C, 0xEF3B, 0xEF5C,
    0xEF5C, 0xEF5C, 0xC67A, 0x7CD7, 0x6C56, 0x9D98, 0xEF3B, 0xEF5C, 0xD6BA, 0x9D98, 0x7CD7, 0x6C56, 0x6C56, 0x6C56, 0x6C56, 0x9D98,
    0xDEFB, 0x8D37, 0x7CD7, 0xD6BA, 0xE71B, 0xADD9, 0x9D98, 0xADD9, 0xDEFB, 0xEF5C, 0xE71B, 0xADD9, 0x9D98, 0xE71B, 0xEF3B, 0xEF3B,
    0xDEFB, 0xD6BA, 0xC67A, 0xC67A, 0xD6BA, 0xD6BA, 0xD6BA, 0xDEFB, 0xD6BA, 0xADD9, 0xBE19, 0x9470, 0x838B, 0xB533, 0xEF1A, 0xEF3B,
    0xEF3B, 0xDEB9, 0xA490, 0x838B, 0x836A, 0x838B, 0x838B, 0x836A, 0x838B, 0x838B, 0x836A, 0x8B8B, 0x838B, 0x93CB, 0x93CB, 0x838B,
    0xBD94, 0x93CC, 0x93CC, 0x9BEC, 0x93CC, 0x93CC, 0x93CB, 0x9BEC, 0x9BEC, 0x93CC, 0x9BEC, 0x9BEC, 0x93CC, 0x9BEC, 0x9BEC, 0x93CC,
    0x93CC, 0x93CC, 0x93CC, 0x93CC, 0x93CB, 0x8B8B, 0x6AE9, 0x62A8, 0x5268, 0x5247, 0x4A27, 0x5247, 0x5A47, 0x6AE9, 0x8B8B, 0x8B8B,
    0x93CC, 0x9BEC, 0x9BEC, 0xBCAE, 0xE552, 0xE4D1, 0xE4B0, 0xED12, 0xEE36, 0xEE15, 0xED53, 0xEDD5, 0xEE57, 0xF6B9, 0xF6D9, 0xF6B9,
    0xEDD5, 0xDD12, 0xEE15, 0xF6D9, 0xF6FA, 0xF6D9, 0xEE78, 0xEE15, 0xED94, 0xED53, 0xED94, 0xEDD5, 0xED53, 0xDD12, 0xDBCD, 0xDBCD,
    0xDC0E, 0xDBCD, 0xE42E, 0xEDD5, 0xF6FA, 0xF6D9, 0xF6B9, 0xF6D9, 0xF6FA, 0xF6FA, 0xF73A, 0xF73A, 0xF6FA, 0xF6D9, 0xF6D9, 0xF6D9,
    0xEE15, 0xE46F, 0xE46F, 0xE46F, 0xE4B0, 0xED12, 0xED12, 0xED53, 0xEDD5, 0xEE15, 0xEDD5, 0xEDD5, 0xEE36, 0xDD12, 0xE46F, 0xE42E,
    0xDC0E, 0xED12, 0xD5F5, 0xBCCF, 0xBCCE, 0xBCEF, 0xBCCE, 0xBCCF, 0xBCAE, 0xBCEF, 0xBCEF, 0xC4EF, 0xC510, 0xC530, 0xCD51, 0xCD72,
    0xCD72, 0xCD93, 0xCD93, 0xCDB4, 0xD5D4, 0xD5F5, 0xD5D4, 0xCDB4, 0xD5D4, 0xD5F5, 0xD5D4, 0xCDB4, 0xD5F5, 0xD5F5, 0xD5D4, 0xD5D4,
    0xD5F5, 0xD5F5, 0xD5F5, 0xD615, 0xD615, 0xD5D4, 0xD5D4, 0xCDB4, 0xCD93, 0xCD72, 0xCD72, 0xCD51, 0xC510, 0xC4EF, 0xBCEF, 0xC4EF,
    0xC510, 0xC4EF, 0xBCEF, 0xBCEF, 0xBCEF, 0xBCEF, 0xBCEF, 0xBCEF, 0xBCCE, 0xBCAE, 0xB48E, 0xB48E, 0xBCAE, 0xBCCE, 0xBCCE, 0xBCCE,
    0xBCCF, 0xBCCE, 0xBCEF, 0xC4EF, 0xC4EF, 0xBCCE, 0xBCAE, 0xBCAE, 0xBCAE, 0xBCAE, 0xBCAE, 0xCE36, 0xEF3B, 0xEF5C, 0xEF5C, 0xEF5C,
    0xEF5C, 0xEF5C, 0xE71B, 0x9D98, 0x6C56, 0xADD9, 0xEF5C, 0xEF5C, 0xEF3B, 0xDEFB, 0x8D37, 0x7CD7, 0x6C56, 0x7CD7, 0xBE19, 0xDEFB,
    0xD6BA, 0x7CD7, 0x8D37, 0xDEFB, 0xD6BA, 0xBE19, 0xD6BA, 0xD6BA, 0xE71B, 0xDEFB, 0xC67A, 0xDEFB, 0xC67A, 0x9D98, 0xADD9, 0xD6BA,
    0xEF3B, 0xDEFB, 0xC67A, 0xD6BA, 0xE71B, 0xBE19, 0xADD9, 0x8D37, 0x7CD7, 0x9D98, 0xBE19, 0x9CB1, 0xACD0, 0xE6DA, 0xEF3B, 0xEF3B,
    0xE6FA, 0xB533, 0x8BAB, 0x836A, 0x838B, 0x8B8B, 0x838B, 0x836A, 0x836A, 0x838B, 0x838B, 0x8B8B, 0x838B, 0x93CB, 0x93CB, 0x838B,
    0xBD94, 0x93CC, 0x93CB, 0x93CB, 0x93CB, 0x93CC, 0x93CC, 0x9BEC, 0x9BEC, 0x93CB, 0x9BEC, 0x9BEC, 0x93CC, 0x9BEC, 0x9BEC, 0x93CC,
    0x93CC, 0x93CC, 0x93CC, 0x93CC, 0x8BAB, 0x93CB, 0x8BAB, 0x8BAB, 0x836A, 0x7309, 0x62A8, 0x5268, 0x5A47, 0x6AE9, 0x838B, 0x8B8B,
    0x93CC, 0xA46E, 0xC532, 0xCDB4, 0xED12, 0xE4D1, 0xED53, 0xEE36, 0xEE15, 0xEE15, 0xF6D9, 0xF73A, 0xF73A, 0xF73A, 0xF73A, 0xF73A,
    0xF6FA, 0xF6B9, 0xF6B9, 0xF6B9, 0xEE57, 0xED94, 0xED12, 0xED12, 0xED53, 0xED53, 0xE4D1, 0xED12, 0xED12, 0xED12, 0xE4D1, 0xDC0E,
    0xDB8C, 0xDB8C, 0xE4D1, 0xF6B9, 0xF6D9, 0xF6B9, 0xF6D9, 0xF6FA, 0xF6FA, 0xF6FA, 0xF6D9, 0xF6B9, 0xEE78, 0xF6D9, 0xF6B9, 0xF6B9,
    0xEE15, 0xE4B0, 0xDC0E, 0xE42E, 0xE46F, 0xE4D1, 0xED94, 0xEDD5, 0xED94, 0xEDD5, 0xEE15, 0xEDD5, 0xEE36, 0xE552, 0xE42E, 0xE42E,
    0xDBCD, 0xE4B0, 0xEE15, 0xC510, 0xBCCE, 0xBCEF, 0xBCEF, 0xBCCE, 0xBCCE, 0xBCEF, 0xBCEF, 0xC4EF, 0xCD51, 0xCD51, 0xCD51, 0xCD72,
    0xCD93, 0xCDB4, 0xCDB4, 0xCDB4, 0xD5D4, 0xD5F5, 0xD5F5, 0xD5F5, 0xD5F5, 0xD5F5, 0xD5D4, 0xD5D4, 0xD5F5, 0xD5D4, 0xD5F5, 0xD5F5,
    0xD615, 0xD615, 0xD615, 0xD615, 0xD5D4, 0xCDB4, 0xD5D4, 0xCDB4, 0xCD93, 0xCD72, 0xCD51, 0xC510, 0xC510, 0xC510, 0xC510, 0xBCEF,
    0xBCEF, 0xC4EF, 0xC4EF, 0xC4EF, 0xC4EF, 0xBCEF, 0xBCEF, 0xBCCE, 0xBCAE, 0xBCAE, 0xBCAE, 0xBCCE, 0xBCCE, 0xBCAE, 0xBCAE, 0xBCAE,
    0xBCCE, 0xC4EF, 0xC4EF, 0xBCEF, 0xBCCE, 0xBCEF, 0xBCCE, 0xBCCE, 0xBCAE, 0xBCAE, 0xBCAE, 0xCE15, 0xEF3B, 0xEF5C, 0xEF5C, 0xEF5C,
    0xEF3B, 0xEF5C, 0xEF5C, 0xD6BA, 0xADD9, 0xDEFB, 0xEF5C, 0xEF5C, 0xEF5C, 0xF77C, 0xD6BA, 0xADD9, 0x8D37, 0x8D37, 0xC67A, 0xE71B,
    0xDEFB, 0xC67A, 0xD6BA, 0xEF3B, 0xC67A, 0xD6BA, 0xEF5C, 0xEF5C, 0xDEFB, 0x8D37, 0x6C56, 0x8D37, 0x8D37, 0x5BF5, 0x5BF5, 0x8D37,
    0xBE19, 0xADD9, 0xD6BA, 0xDEFB, 0xDEFB, 0x8D37, 0x6C56, 0x8D37, 0x7CD7, 0x8D37, 0x9D98, 0xC5B4, 0xDE78, 0xEF3B, 0xEF3B, 0xEF3B,
    0xC5D5, 0x83CD, 0x838B, 0x838B, 0x838B, 0x838B, 0x838B, 0x8B8B, 0x838B, 0x838B, 0x838B, 0x8B8B, 0x838B, 0x8BAB, 0x93CB, 0x8B8B,
    0xBD94, 0x9BCB, 0x93CB, 0x8BAB, 0x8BAB, 0x93CC, 0x93CC, 0x9BEC, 0x9BEC, 0x93CC, 0x93CC, 0x9BEC, 0x93CC, 0x9BEC, 0x9BEC, 0x93CC,
    0x93CC, 0x93CC, 0x93CC, 0x9BEC, 0x8BAB, 0x8BAB, 0x836A, 0x838B, 0x93CB, 0x93CB, 0x8BAB, 0x836A, 0x6AE9, 0x7309, 0x838B, 0x93CC,
    0xAD12, 0xD657, 0xF6B9, 0xED94, 0xED53, 0xEE15, 0xEE57, 0xEDD5, 0xEDD5, 0xF6D9, 0xF6FA, 0xF6FA, 0xF6FA, 0xF6FA, 0xF6FA, 0xF6FA,
    0xF6D9, 0xF6B9, 0xF6B9, 0xEE78, 0xED94, 0xE4D1, 0xED94, 0xEDD5, 0xE4D1, 0xE4B0, 0xED12, 0xE4D1, 0xE4D1, 0xED53, 0xEDD5, 0xED94,
    0xE46F, 0xDBCD, 0xED53, 0xEE78, 0xEE78, 0xEE78, 0xF6D9, 0xF6FA, 0xF6D9, 0xEE78, 0xEE36, 0xED53, 0xED53, 0xED53, 0xED12, 0xED12,
    0xED53, 0xEDD5, 0xED53, 0xE4D1, 0xE4D1, 0xEDD5, 0xED12, 0xD32B, 0xCAC9, 0xD32B, 0xE4B0, 0xEE15, 0xEDD5, 0xED94, 0xE46F, 0xE42E,
    0xDB8C, 0xE46F, 0xEE15, 0xCD73, 0xBCEF, 0xBCCE, 0xBCCE, 0xBCAE, 0xBCEF, 0xBCEF, 0xBCEF, 0xC530, 0xCD51, 0xCD51, 0xCD51, 0xCD93,
    0xCD93, 0xCD93, 0xCDB4, 0xD5D4, 0xD5F5, 0xD615, 0xD5F5, 0xD5F5, 0xD5D4, 0xD5F5, 0xD5F5, 0xD5F5, 0xD5D4, 0xD5D4, 0xD5F5, 0xD615,
    0xD615, 0xD615, 0xD615, 0xD5F5, 0xCDB4, 0xCDB4, 0xD5D4, 0xCDB4, 0xCD72, 0xCD51, 0xC530, 0xC530, 0xC510, 0xC4EF, 0xBCEF, 0xBCEF,
    0xC510, 0xC510, 0xC4EF, 0xBCEF, 0xBCEF, 0xBCCE, 0xBCAE, 0xBCAE, 0xBCAE, 0xBCEF, 0xBCCE, 0xBCAE, 0xBCAE, 0xBCAE, 0xBCAE, 0xBCEF,
    0xBCEF, 0xBCEF, 0xBCCE, 0xBCAE, 0xBCCE, 0xBCCE, 0xBCCE, 0xBCAE, 0xBCAE, 0xBCAE, 0xBCCF, 0xCE36, 0xEF3B, 0xEF5C, 0xEF5C, 0xEF5C,
    0xEF5C, 0xEF5C, 0xEF5C, 0xF77C, 0xE71B, 0xE71B, 0xEF5C, 0xEF5C, 0xEF5C, 0xEF5C, 0xBE19, 0x9D98, 0xD6BA, 0xDEFB, 0xBE19, 0xADD9,
    0xC67A, 0xC67A, 0xD6BA, 0xDEFB, 0xADD9, 0xD6BA, 0xBE19, 0xADD9, 0x9D98, 0x6C56, 0x6C56, 0x6C56, 0x6C56, 0x6C56, 0x5BF5, 0x6C56,
    0x6C56, 0x5BF5, 0x8D37, 0xD6BA, 0xDEFB, 0xBE19, 0xADD9, 0xADD9, 0x6C56, 0x6C56, 0x9D98, 0xDEB9, 0xEF1A, 0xEF3B, 0xEF3B, 0xE6B8,
    0xBCCF, 0x9BEC, 0x93CB, 0x8B8B, 0x838B, 0x838B, 0x838B, 0x838B, 0x8BAB, 0x838B, 0x838B, 0x838B, 0x838B, 0x8B8B, 0x93CC, 0x93CB,
    0xBD94, 0x93CC, 0x93CC, 0x93CB, 0x8BAB, 0x93CC, 0x93CC, 0x9BEC, 0x9BEC, 0x93CC, 0x93CC, 0x9BEC, 0x93CB, 0x9BEC, 0x9BEC, 0x93CC,
    0x93CC, 0x93CC, 0x93CC, 0x93CC, 0x93CB, 0x8BAB, 0x62A8, 0x5A88, 0x6AE9, 0x7B2A, 0x838B, 0x8BAB, 0x8B8B, 0x838B, 0xA46E, 0xCE15,
    0xE6FA, 0xEF3B, 0xEE36, 0xDD12, 0xED94, 0xF6B9, 0xEDD5, 0xED94, 0xEE78, 0xF6FA, 0xF6FA, 0xF6FA, 0xF6FA, 0xF6D9, 0xEE15, 0xED53,
    0xE552, 0xED94, 0xEE36, 0xEE36, 0xEDD5, 0xED94, 0xEDD5, 0xED53, 0xE46F, 0xE42E, 0xED12, 0xED94, 0xEE78, 0xF6D9, 0xF6FA, 0xF6FA,
    0xF6D9, 0xEE57, 0xEE57, 0xEE57, 0xEE57, 0xEE36, 0xF6B9, 0xF6B9, 0xEE78, 0xEE36, 0xE4D1, 0xDBCD, 0xE42E, 0xE4D1, 0xED12, 0xE4D1,
    0xE4B0, 0xE4D1, 0xED53, 0xED94, 0xEE36, 0xED53, 0xD32B, 0xCA68, 0xCA68, 0xCAC9, 0xDBCD, 0xED53, 0xEDD5, 0xEDD5, 0xE4B0, 0xE42E,
    0xDC0E, 0xE4B0, 0xEE57, 0xE6DA, 0xD5F5, 0xBCEF, 0xBCAE, 0xBCAE, 0xBCEF, 0xBCEF, 0xC4EF, 0xCD51, 0xCD51, 0xCD51, 0xCD72, 0xCD93,
    0xCD93, 0xCDB4, 0xD5F5, 0xD615, 0xD615, 0xD5F5, 0xD5D4, 0xD5D4, 0xD5D4, 0xD5F5, 0xD615, 0xD5F5, 0xD5D4, 0xD5F5, 0xD615, 0xDE36,
    0xD615, 0xD615, 0xDE36, 0xD5F5, 0xCDB4, 0xCDB4, 0xCDB4, 0xCDB4, 0xCD51, 0xC530, 0xCD51, 0xC530, 0xBCEF, 0xBCEF, 0xC4EF, 0xC4EF,
    0xC4EF, 0xC4EF, 0xC4EF, 0xBCEF, 0xBCAE, 0xBCAE, 0xBCAE, 0xBCEF, 0xBCEF, 0xBCEF, 0xBCCE, 0xB48E, 0xBCAE, 0xBCEF, 0xBCEF, 0xBCEF,
    0xBCCE, 0xBCCE, 0xBCCE, 0xBCCE, 0xBCCE, 0xBCAE, 0xBCAE, 0xBCAE, 0xBCAE, 0xBCCE, 0xBCCE, 0xD615, 0xEF3B, 0xEF5C, 0xEF5C, 0xEF5C,
    0xEF5C, 0xEF5C, 0xEF5C, 0xEF5C, 0xEF5C, 0xE71B, 0xE71B, 0xEF5C, 0xEF5C, 0xEF3B, 0xC67A, 0xC67A, 0xEF3B, 0xDEFB, 0xBE19, 0xADD9,
    0xD6BA, 0xDEFB, 0xD6BA, 0xDEFB, 0xD6BA, 0xC67A, 0x6C56, 0x6C56, 0x6C56, 0x6C56, 0x5BF5, 0x5BF5, 0x5BF5, 0x5BF5, 0x5BF5, 0x5BF5,
    0x6C56, 0x5BF5, 0x6C56, 0x9D98, 0xE71B, 0xDEFB, 0xD6BA, 0xC67A, 0x8D37, 0x9D98, 0xD6BA, 0xE6DA, 0xEF1A, 0xEF3B, 0xEF1A, 0xCD93,
    0xBCAE, 0xBCCE, 0xBCAE, 0xAC6D, 0xAC2C, 0x93CC, 0x8BAB, 0x838B, 0x8B8B, 0x838B, 0x836A, 0x838B, 0x838B, 0x838B, 0x8BAB, 0x93CC,
    0xBD73, 0x93CB, 0x93CC, 0x93CC, 0x93CB, 0x93CC, 0x93CC, 0x9BEC, 0x9BEC, 0x93CC, 0x93CC, 0x9BEC, 0x93CB, 0x9BEC, 0x9BEC, 0x93CC,
    0x93CC, 0x93CC, 0x93CC, 0x9BEC, 0x93CB, 0x93CB, 0x6AE9, 0x5A47, 0x5A47, 0x5A47, 0x5A88, 0x6AE9, 0x8BAB, 0xAD12, 0xDEB9, 0xEF1A,
    0xEF3B, 0xF6FA, 0xED94, 0xE4D1, 0xEE15, 0xEE57, 0xED53, 0xEE36, 0xF6FA, 0xF6FA, 0xF6FA, 0xF6FA, 0xEE78, 0xED53, 0xE4D1, 0xED53,
    0xED94, 0xEDD5, 0xED53, 0xED12, 0xE4D1, 0xE4D1, 0xED12, 0xE4D1, 0xED12, 0xED12, 0xED53, 0xF6B9, 0xF6FA, 0xF6FA, 0xF6FA, 0xF6D9,
    0xF6FA, 0xF6FA, 0xF6D9, 0xEE78, 0xEE36, 0xEE36, 0xEE57, 0xEE36, 0xEE57, 0xED53, 0xE42E, 0xDB8C, 0xE42E, 0xED53, 0xEDD5, 0xED94,
    0xED94, 0xED94, 0xED53, 0xED94, 0xEE15, 0xCBCC, 0xCA68, 0xCAC9, 0xD32B, 0xDB8C, 0xE42E, 0xED53, 0xED94, 0xEDD5, 0xE46F, 0xDBCD,
    0xE42E, 0xED12, 0xEE78, 0xEF3B, 0xEF3B, 0xDE36, 0xC510, 0xBCAE, 0xBCCE, 0xBCCE, 0xC510, 0xCD51, 0xCD51, 0xCD51, 0xCD72, 0xCDB4,
    0xD5D4, 0xD5F5, 0xD5F5, 0xD5F5, 0xD5F5, 0xD5D4, 0xD5D4, 0xD5D4, 0xD5F5, 0xD615, 0xDE36, 0xD615, 0xD5F5, 0xD615, 0xD615, 0xD615,
    0xD615, 0xDE36, 0xD615, 0xD615, 0xD5D4, 0xCDB4, 0xCDB4, 0xCD93, 0xCD72, 0xCD51, 0xC530, 0xC510, 0xC4EF, 0xC4EF, 0xC4EF, 0xBCEF,
    0xBCEF, 0xBCEF, 0xBCCF, 0xBCAE, 0xBCAE, 0xBCCE, 0xBCEF, 0xBCEF, 0xBCCE, 0xBCCE, 0xBCEF, 0xBCCE, 0xBCCE, 0xBCCE, 0xBCCE, 0xBCCE,
    0xBCCE, 0xBCCE, 0xBCAE, 0xBCAE, 0xBCAE, 0xBCAE, 0xBCAE, 0xBCCF, 0xBCCE, 0xBCCE, 0xBCCF, 0xCE36, 0xEF3B, 0xEF5C, 0xEF5C, 0xEF5C,
    0xEF5C, 0xEF5C, 0xEF5C, 0xEF5C, 0xEF5C, 0xEF3B, 0xE71B, 0xEF3B, 0xEF5C, 0xEF5C, 0xEF3B, 0xEF5C, 0xEF5C, 0xBE19, 0x6C56, 0x7CD7,
    0xBE19, 0xE71B, 0xD6BA, 0xEF3B, 0xEF3B, 0xBE19, 0x6C56, 0x5BF5, 0x5BF5, 0x5BF5, 0x5BF5, 0x5BF5, 0x5BF5, 0x6C56, 0x5BF5, 0x5BF5,
    0x5BF5, 0x5BF5, 0x5BF5, 0x8D37, 0xC67A, 0xDEFB, 0xD6BA, 0xC67A, 0x9D98, 0xADD9, 0xC67A, 0xE6DA, 0xEF1A, 0xEF3B, 0xD657, 0xC4EF,
    0xBCCE, 0xBCCE, 0xBCCE, 0xBCCE, 0xBCCE, 0xBCCE, 0xBCAE, 0xAC6D, 0xA40C, 0x93CB, 0x8BAB, 0x838B, 0x838B, 0x838B, 0x8BAB, 0x93CB,
    0xBD73, 0x93CB, 0x93CB, 0x93CC, 0x93CC, 0x9BEC, 0x93CB, 0x9BEC, 0x9BEC, 0x9BEC, 0x93CC, 0x9BEC, 0x93CC, 0x9BEC, 0x9BEC, 0x93CC,
    0x93CC, 0x93CC, 0x93CC, 0x9BEC, 0x93CB, 0x93CB, 0x6AE9, 0x5268, 0x5A47, 0x5A88, 0x6AE9, 0x93CC, 0xBD94, 0xE6FA, 0xEF1A, 0xEED9,
    0xE6D8, 0xF6B9, 0xED94, 0xED53, 0xEE78, 0xEDD5, 0xEDD5, 0xF6B9, 0xF6FA, 0xF6FA, 0xF6FA, 0xF6D9, 0xED94, 0xE4D1, 0xED12, 0xE4D1,
    0xE4D1, 0xE4B0, 0xE4B0, 0xED12, 0xED12, 0xED94, 0xEE36, 0xEE78, 0xF6B9, 0xEE78, 0xEE15, 0xEE57, 0xF6B9, 0xF6D9, 0xF6FA, 0xF6FA,
    0xF6D9, 0xEE15, 0xED53, 0xED12, 0xED12, 0xED53, 0xEE15, 0xEE15, 0xEDD5, 0xE4B0, 0xE46F, 0xE46F, 0xED53, 0xED53, 0xDB8C, 0xCAC9,
    0xD32B, 0xE4D1, 0xEDD5, 0xEE15, 0xED53, 0xD32B, 0xD32B, 0xDBCD, 0xDC0E, 0xDB8C, 0xDBCD, 0xED53, 0xED94, 0xED94, 0xDC0E, 0xDBCD,
    0xE46F, 0xEDD5, 0xF6D9, 0xEF3B, 0xEF5C, 0xEF3B, 0xD657, 0xC510, 0xBCCE, 0xBCCE, 0xC510, 0xCD51, 0xCD72, 0xCD93, 0xCDB4, 0xD5D4,
    0xD5F5, 0xD5F5, 0xD5F5, 0xD5F5, 0xD5F5, 0xD5F5, 0xD5F5, 0xD5F5, 0xD615, 0xDE36, 0xDE36, 0xDE36, 0xDE36, 0xDE36, 0xD615, 0xDE36,
    0xDE36, 0xDE36, 0xD615, 0xD615, 0xD5F5, 0xD5D4, 0xCDB4, 0xCD72, 0xCD51, 0xC530, 0xC510, 0xC4EF, 0xC4EF, 0xC4EF, 0xC4EF, 0xBCEF,
    0xBCCF, 0xBCAE, 0xBCAE, 0xBCCE, 0xBCEF, 0xBCEF, 0xBCAE, 0xBCAE, 0xBCCE, 0xBCEF, 0xBCEF, 0xBCEF, 0xBCEF, 0xBCCE, 0xBCAE, 0xBCCE,
    0xBCCE, 0xBCCE, 0xBCAE, 0xBCAE, 0xBCAE, 0xBCAE, 0xBCAE, 0xBCAE, 0xBCAE, 0xBCCE, 0xBCEF, 0xCE36, 0xEF3B, 0xEF5C, 0xEF5C, 0xEF5C,
    0xEF3B, 0xEF5C, 0xF77C, 0xEF5C, 0xEF5C, 0xEF5C, 0xE71B, 0xE71B, 0xEF5C, 0xEF5C, 0xEF5C, 0xE71B, 0xEF3B, 0xD6BA, 0x8D37, 0x8D37,
    0xD6BA, 0xE71B, 0xD6BA, 0xDEFB, 0xADD9, 0x7CD7, 0x6C56, 0x5BF5, 0x5BF5, 0x6C56, 0x7CD7, 0x7CD7, 0x6C56, 0x6C56, 0x7CD7, 0x7CD7,
    0x7CD7, 0x5BF5, 0x5BF5, 0x6C56, 0x6C56, 0x9D98, 0xDEFB, 0xD6BA, 0xADD9, 0x8D37, 0xADD9, 0xE6DA, 0xEF1A, 0xDEB9, 0xC532, 0xBCAE,
    0xBCCE, 0xC4EF, 0xC4EF, 0xBCCE, 0xBCCE, 0xBCCE, 0xBCCE, 0xBCCE, 0xBCCE, 0xBCAE, 0xB46D, 0xAC2C, 0x9BEC, 0x93CB, 0x93CB, 0x8BAB,
    0xBD73, 0x93CB, 0x93CB, 0x93CC, 0x93CC, 0x93CC, 0x93CB, 0x9BEC, 0x9BEC, 0x93CC, 0x93CC, 0x9BEC, 0x93CC, 0x9BEC, 0x9BEC, 0x9BEC,
    0x93CC, 0x93CC, 0x93CC, 0x9BEC, 0x93CB, 0x93CB, 0x7309, 0x5A88, 0x6AE9, 0x8BAB, 0xAC6D, 0xCDB4, 0xEF1A, 0xEF3B, 0xE6F9, 0xF6FA,
    0xEED9, 0xEE36, 0xED94, 0xED94, 0xEE78, 0xED94, 0xEE78, 0xF6D9, 0xF6FA, 0xF6FA, 0xF6D9, 0xEE15, 0xED12, 0xE4D1, 0xED12, 0xE4B0,
    0xE46F, 0xE42E, 0xE46F, 0xED94, 0xEE78, 0xF6FA, 0xEF3B, 0xF73A, 0xF6FA, 0xF6FA, 0xF6FA, 0xF6D9, 0xF6D9, 0xF6B9, 0xF6B9, 0xEE78,
    0xEDD5, 0xE4D1, 0xE4D1, 0xED12, 0xE4D1, 0xED53, 0xEE15, 0xEE15, 0xEDD5, 0xE4D1, 0xE4B0, 0xED53, 0xED53, 0xD32B, 0xCA68, 0xCA68,
    0xD32B, 0xDBCD, 0xED53, 0xEE15, 0xE4D1, 0xDBCD, 0xE42E, 0xE42E, 0xDBCD, 0xDB8C, 0xE4B0, 0xEDD5, 0xED94, 0xE4D1, 0xDC0E, 0xE4B0,
    0xED94, 0xEE78, 0xF6FA, 0xEF3B, 0xEF5C, 0xEF5C, 0xEF3B, 0xD657, 0xC510, 0xBCCE, 0xC4EF, 0xCD51, 0xCD93, 0xCDB4, 0xCDB4, 0xCDB4,
    0xD5D4, 0xD5D4, 0xD5D4, 0xD5D4, 0xD615, 0xDE36, 0xD615, 0xDE36, 0xDE36, 0xDE36, 0xD657, 0xDE36, 0xDE36, 0xDE36, 0xDE36, 0xDE36,
    0xD615, 0xD615, 0xD615, 0xD615, 0xD615, 0xD5F5, 0xCD93, 0xCD51, 0xC530, 0xC530, 0xC510, 0xC4EF, 0xC4EF, 0xC4EF, 0xBCEF, 0xBCAE,
    0xB48E, 0xBCAE, 0xBCEF, 0xBCEF, 0xBCCE, 0xBCAE, 0xBCAE, 0xBCCE, 0xBCAE, 0xBCAE, 0xBCCE, 0xBCCE, 0xBCAE, 0xBCAE, 0xBCAE, 0xBCCE,
    0xBCAE, 0xBCAE, 0xB48E, 0xB48E, 0xBCAE, 0xBCAE, 0xBCAE, 0xBCAE, 0xBCCE, 0xBCCE, 0xBCCE, 0xD5F5, 0xEF3B, 0xEF5C, 0xEF5C, 0xEF5C,
    0xEF5C, 0xEF5C, 0xEF5C, 0xEF5C, 0xEF5C, 0xEF5C, 0xEF3B, 0xE71B, 0xEF5C, 0xEF5C, 0xEF5C, 0xE71B, 0xDEFB, 0xE71B, 0xE71B, 0xDEFB,
    0xD6BA, 0xE71B, 0xDEFB, 0xADD9, 0x6C56, 0x6C56, 0x5BF5, 0x5BF5, 0x7CD7, 0x6C56, 0x6C56, 0x7CD7, 0x6C56, 0x5BF5, 0x6C56, 0x5BF5,
    0x5BF5, 0x5BF5, 0x6C56, 0x6C56, 0x7CD7, 0x9D98, 0xDEFB, 0xDEFB, 0xDEFB, 0xC67A, 0xD6BA, 0xE6DA, 0xE6DA, 0xCD93, 0xBCAE, 0xBCAE,
    0xBCCE, 0xBCCE, 0xBCCE, 0xBCAE, 0xBCAE, 0xBCCE, 0xBCCE, 0xC4EF, 0xBCCE, 0xBCCE, 0xBCCE, 0xBCCE, 0xBCAE, 0xBCAE, 0xAC2C, 0x9BEC,
    0xBD73, 0x8BAB, 0x93CC, 0x93CC, 0x9BEC, 0x93CC, 0x93CB, 0x9BEC, 0x9BEC, 0x9BEC, 0x93CC, 0x9BEC, 0x93CC, 0x93CC, 0x9BEC, 0x9BEC,
    0x93CC, 0x93CC, 0x93CC, 0x9BEC, 0x93CB, 0x93CB, 0x838B, 0x8BAB, 0xAC4D, 0xBCAE, 0xCD93, 0xEF1A, 0xEF3B, 0xE6F9, 0xF6FA, 0xF6FA,
    0xF6FA, 0xEE78, 0xEDD5, 0xED94, 0xEE57, 0xEDD5, 0xF6D9, 0xF6FA, 0xF6FA, 0xF6FA, 0xEE57, 0xED94, 0xED12, 0xE46F, 0xE46F, 0xED12,
    0xE42E, 0xDC0E, 0xED94, 0xF6D9, 0xF73A, 0xF73A, 0xF6FA, 0xF6D9, 0xF6D9, 0xF73A, 0xF73A, 0xF6D9, 0xF6B9, 0xEE36, 0xEE15, 0xEDD5,
    0xED94, 0xED53, 0xE4D1, 0xE46F, 0xE4B0, 0xE4B0, 0xED94, 0xEE15, 0xEE15, 0xEE15, 0xED53, 0xEE15, 0xCBCC, 0xCAC9, 0xCAC9, 0xD32B,
    0xDB8C, 0xDC0E, 0xED12, 0xEDD5, 0xE552, 0xE46F, 0xDC0E, 0xDC0E, 0xDC0E, 0xE46F, 0xED94, 0xEE36, 0xEE36, 0xEDD5, 0xEDD5, 0xEE36,
    0xEE78, 0xEED9, 0xEF3B, 0xEF5C, 0xEF5C, 0xEF5C, 0xEF5C, 0xEF3B, 0xD5F5, 0xBCEF, 0xBCEF, 0xC530, 0xCD72, 0xCD93, 0xCD93, 0xCD93,
    0xCDB4, 0xCDB4, 0xD5D4, 0xD5F5, 0xDE36, 0xDE36, 0xDE36, 0xD657, 0xD657, 0xD657, 0xD657, 0xD657, 0xDE36, 0xDE36, 0xDE36, 0xD615,
    0xD615, 0xD615, 0xD615, 0xD5F5, 0xD615, 0xD5F5, 0xCD93, 0xCD51, 0xCD51, 0xC510, 0xC4EF, 0xC4EF, 0xC4EF, 0xBCAE, 0xB48E, 0xBCAE,
    0xBCEF, 0xBCEF, 0xBCCF, 0xBCCE, 0xBCAE, 0xBCAE, 0xBCAE, 0xBCAE, 0xBCAE, 0xBCAE, 0xBCCE, 0xBCAE, 0xBCAE, 0xBCCE, 0xBCAE, 0xBCAE,
    0xBCAE, 0xB48E, 0xB48E, 0xBCAE, 0xBCAE, 0xBCAE, 0xBCAE, 0xBCAE, 0xBCCE, 0xBCCE, 0xBCCF, 0xD5D4, 0xEF3B, 0xEF5C, 0xEF5C, 0xEF5C,
    0xEF3B, 0xEF5C, 0xF77C, 0xEF3B, 0xEF5C, 0xEF5C, 0xEF3B, 0xE71B, 0xEF3B, 0xEF5C, 0xEF3B, 0xD6BA, 0x8D37, 0xADD9, 0xEF3B, 0xE71B,
    0xD6BA, 0xE71B, 0xDEFB, 0xADD9, 0x7CD7, 0x6C56, 0x5BF5, 0x6C56, 0x7CD7, 0x5BF5, 0x5BF5, 0x6C56, 0x6C56, 0x6C56, 0x6C56, 0x6C56,
    0x5BF5, 0x6C56, 0x6C56, 0x5BF5, 0x6C56, 0x8D37, 0xD6BA, 0xADD9, 0xD6BA, 0xE71B, 0xE6FA, 0xCE36, 0xC532, 0xBCAE, 0xBCAE, 0xBCAE,
    0xBCCE, 0xBCCE, 0xBCAE, 0xBCAE, 0xBCAE, 0xB48E, 0xBCAE, 0xBCCE, 0xC4EF, 0xC4EF, 0xC4EF, 0xBCCE, 0xBCCE, 0xBCCE, 0xBCCE, 0xBCCE,
    0xBD73, 0x8B8B, 0x93CC, 0x93CC, 0x93CC, 0x93CC, 0x93CC, 0x9BEC, 0x9BEC, 0x9BEC, 0x93CC, 0x9BEC, 0x93CC, 0x93CC, 0x9BEC, 0x9BEC,
    0x93CC, 0x93CC, 0x9BEC, 0x9BEC, 0x9BEC, 0xAC2C, 0xAC4D, 0xB46D, 0xBCAE, 0xC510, 0xDEB9, 0xF77C, 0xEF3B, 0xE6F9, 0xF6FA, 0xF6D9,
    0xEE78, 0xEE15, 0xED12, 0xED12, 0xEE36, 0xEE15, 0xF6D9, 0xF6FA, 0xF6FA, 0xF6B9, 0xED94, 0xEDD5, 0xED12, 0xE4B0, 0xE42E, 0xE46F,
    0xE42E, 0xED12, 0xF6B9, 0xF6FA, 0xF73A, 0xF6FA, 0xF6D9, 0xF6FA, 0xF6FA, 0xF6B9, 0xEE15, 0xEE36, 0xEDD5, 0xED53, 0xE4D1, 0xE4D1,
    0xED53, 0xED94, 0xE46F, 0xE42E, 0xE42E, 0xED53, 0xED94, 0xDCD1, 0xE4B0, 0xEDD5, 0xEE57, 0xEDD5, 0xD32B, 0xCAC9, 0xD32B, 0xD32B,
    0xDBCD, 0xE4B0, 0xED94, 0xED94, 0xED94, 0xE42E, 0xDBCD, 0xE42E, 0xE4B0, 0xED53, 0xEE15, 0xEE15, 0xED94, 0xED94, 0xEDD5, 0xEE36,
    0xEED9, 0xEF3B, 0xEF3B, 0xEF5C, 0xEF5C, 0xEF5C, 0xEF5C, 0xEF5C, 0xE6FA, 0xCD51, 0xBCCE, 0xC510, 0xCD72, 0xCD72, 0xCD72, 0xCD93,
    0xCDB4, 0xD5D4, 0xD5F5, 0xD615, 0xDE36, 0xDE36, 0xD657, 0xD657, 0xDE36, 0xDE36, 0xD657, 0xD657, 0xD657, 0xDE36, 0xD615, 0xD615,
    0xD615, 0xD615, 0xD5F5, 0xD5F5, 0xD615, 0xD5F5, 0xCDB4, 0xCD51, 0xC530, 0xC530, 0xC510, 0xBCCF, 0xBCAE, 0xBCAE, 0xBCCE, 0xBCEF,
    0xBCCE, 0xBCCE, 0xBCAE, 0xBCEF, 0xBCCE, 0xBCAE, 0xBCCE, 0xBCCE, 0xBCCE, 0xBCAE, 0xBCCE, 0xBCAE, 0xBCAE, 0xAC6D, 0xAC6D, 0xBCAE,
    0xBCAE, 0xBCAE, 0xBCAE, 0xBCAE, 0xBCAE, 0xBCCE, 0xBCAE, 0xBCCE, 0xBCCE, 0xBCCE, 0xBCAE, 0xCD72, 0xEF1A, 0xEF3B, 0xEF5C, 0xEF5C,
    0xEF5C, 0xEF3B, 0xEF5C, 0xEF5C, 0xEF5C, 0xEF5C, 0xEF5C, 0xE71B, 0xEF3B, 0xEF5C, 0xEF5C, 0xBE19, 0x7CD7, 0x9D98, 0xDEFB, 0xD6BA,
    0xDEFB, 0xD6BA, 0x8D37, 0x6C56, 0x5BF5, 0x6C56, 0x6C56, 0x6C56, 0x7CD7, 0x7CD7, 0x6C56, 0x5BF5, 0x5BF5, 0x5BF5, 0x5BF5, 0x5BF5,
    0x6C56, 0x7CD7, 0x6C56, 0x7CD7, 0x7CD7, 0x8D37, 0xADD9, 0x7CD7, 0xADD9, 0xD6BA, 0xDEB9, 0xCD73, 0xBCAE, 0xBCAE, 0xBCAE, 0xBCAE,
    0xBCAE, 0xBCAE, 0xBCAE, 0xBCAE, 0xBCAE, 0xBC8D, 0xBCAE, 0xBCAE, 0xBCAE, 0xBCAE, 0xBCCE, 0xC4EF, 0xC4EF, 0xC4EF, 0xBCCE, 0xBCCE,
    0xBD73, 0x8B8B, 0x93CB, 0x93CC, 0x93CC, 0x93CC, 0x93CC, 0x9BEC, 0x9BEC, 0x9BEC, 0x93CC, 0x9BEC, 0x93CC, 0x93CC, 0x9BEC, 0x93CC,
    0x93CC, 0x93CC, 0x9BEC, 0xAC2C, 0xAC6D, 0xB46D, 0xBCAE, 0xBCAE, 0xBCAE, 0xD5F5, 0xEF5C, 0xEF5C, 0xF6FA, 0xF6FA, 0xF6D9, 0xEE36,
    0xED53, 0xE4B0, 0xE42E, 0xDC0E, 0xED53, 0xEE15, 0xF6D9, 0xF6FA, 0xF6FA, 0xEE78, 0xED53, 0xEE15, 0xE4D1, 0xE4D1, 0xE4B0, 0xE4B0,
    0xE4B0, 0xEE15, 0xF6FA, 0xF73A, 0xF6FA, 0xF6D9, 0xF6FA, 0xF6FA, 0xEE36, 0xED12, 0xE4D1, 0xED12, 0xED94, 0xEE15, 0xEDD5, 0xED94,
    0xED53, 0xED53, 0xE4D1, 0xDBCD, 0xED12, 0xED53, 0xD32B, 0xCA68, 0xCA68, 0xDBCD, 0xEDD5, 0xED94, 0xD32B, 0xDB8C, 0xDC0E, 0xDBCD,
    0xE46F, 0xED12, 0xED94, 0xDC90, 0xED53, 0xED53, 0xED53, 0xED53, 0xED94, 0xED53, 0xED94, 0xED12, 0xE46F, 0xE4D1, 0xED53, 0xED94,
    0xF6B9, 0xEF3B, 0xEF3B, 0xEF5C, 0xEF5C, 0xEF5C, 0xEF5C, 0xEF5C, 0xEF3B, 0xDE36, 0xBCCF, 0xBCEF, 0xCD51, 0xCD73, 0xCD51, 0xCD93,
    0xD5D4, 0xD5F5, 0xD615, 0xDE36, 0xDE36, 0xD657, 0xD657, 0xDE36, 0xDE36, 0xDE36, 0xD657, 0xDE36, 0xDE36, 0xDE36, 0xD615, 0xD615,
    0xD615, 0xD615, 0xD5F5, 0xD5F5, 0xD5F5, 0xD5F5, 0xD5D4, 0xCD51, 0xC530, 0xC510, 0xBCCF, 0xBCAE, 0xBCCE, 0xBCEF, 0xBCEF, 0xBCCE,
    0xBCAE, 0xBCCE, 0xBCEF, 0xBCCE, 0xC4EF, 0xBCEF, 0xBCCE, 0xBCCE, 0xBCCE, 0xBCCE, 0xBCCE, 0xBCAE, 0xB48E, 0xB48E, 0xBCAE, 0xBCAE,
    0xBCAE, 0xBCAE, 0xBCCE, 0xBCCE, 0xBCCE, 0xBCCE, 0xBCCE, 0xBCCE, 0xBCCE, 0xBCAE, 0xBCCE, 0xC510, 0xDEB9, 0xEF3B, 0xEF3B, 0xEF5C,
    0xEF3B, 0xEF5C, 0xEF5C, 0xEF5C, 0xEF3B, 0xEF5C, 0xEF3B, 0xE71B, 0xEF3B, 0xEF5C, 0xEF5C, 0xE71B, 0xDEFB, 0xD6BA, 0xD6BA, 0xC67A,
    0xE71B, 0xC67A, 0x7CD7, 0x6C56, 0x5BF5, 0x6C56, 0x7CD7, 0x6C56, 0x5BF5, 0x5BF5, 0x5BF5, 0x5BF5, 0x6C56, 0x6C56, 0x6C56, 0x6C56,
    0x6C56, 0x7CD7, 0x6C56, 0x6C56, 0x8D37, 0xBE19, 0xD6BA, 0xBE19, 0x7CD7, 0x7CD7, 0xBE19, 0xC532, 0xBCAE, 0xBCCE, 0xBCCE, 0xBCAE,
    0xBCAE, 0xBCAE, 0xBCAE, 0xBCAE, 0xBCAE, 0xBCAE, 0xBCAE, 0xBCAE, 0xBCAE, 0xBC8D, 0xBCAE, 0xBCAE, 0xBCCE, 0xC4EF, 0xC4EF, 0xC4EF,
    0xBD94, 0x8B8B, 0x93CB, 0x93CB, 0x93CB, 0x93CC, 0x93CC, 0x9BEC, 0x9BEC, 0x9BEC, 0x93CC, 0x9BEC, 0x93CC, 0x93CB, 0x9BEC, 0x93CC,
    0x9BEC, 0xAC2C, 0xB44D, 0xB46D, 0xBC8D, 0xBCAE, 0xBCAE, 0xBCAE, 0xC510, 0xE6F9, 0xF77C, 0xEF3B, 0xF6FA, 0xF6D9, 0xEE15, 0xED53,
    0xED53, 0xE4B0, 0xE46F, 0xE46F, 0xE42E, 0xDD12, 0xEE57, 0xF6D9, 0xF6D9, 0xEE78, 0xED53, 0xEE36, 0xE4B0, 0xE42E, 0xE42E, 0xE46F,
    0xED12, 0xEE78, 0xF6D9, 0xF73A, 0xF6D9, 0xF6D9, 0xF6FA, 0xEE36, 0xE4D1, 0xED53, 0xED53, 0xED53, 0xEDD5, 0xDC0E, 0xD32B, 0xDB8C,
    0xDD12, 0xEDD5, 0xED94, 0xE46F, 0xED94, 0xE42E, 0xCAC9, 0xCA68, 0xCA68, 0xD32B, 0xED53, 0xEDD5, 0xE42E, 0xDB8C, 0xDB8C, 0xDC0E,
    0xED12, 0xEE15, 0xED53, 0xDC90, 0xDCD1, 0xED12, 0xED12, 0xE4B0, 0xE4B0, 0xED94, 0xED94, 0xED94, 0xE4D1, 0xE42E, 0xED53, 0xED94,
    0xEE15, 0xF6FA, 0xEF3B, 0xEF3B, 0xEF5C, 0xEF5C, 0xEF5C, 0xEF5C, 0xEF5C, 0xE6F9, 0xC510, 0xBCAE, 0xC510, 0xC532, 0xCD73, 0xCDB4,
    0xD615, 0xD615, 0xD615, 0xDE36, 0xD657, 0xDE36, 0xDE36, 0xDE36, 0xDE36, 0xDE36, 0xDE36, 0xDE36, 0xDE36, 0xD615, 0xD615, 0xD615,
    0xDE36, 0xD5F5, 0xD5F5, 0xD5F5, 0xD5D4, 0xD5F5, 0xD5D4, 0xCD51, 0xBCEF, 0xBCCF, 0xBCCE, 0xBCCE, 0xBCCE, 0xBCAE, 0xBCAE, 0xBCCE,
    0xBCEF, 0xBCCE, 0xBCEF, 0xBCCE, 0xBCEF, 0xBCCE, 0xBCCE, 0xBCCE, 0xBCCE, 0xBCCE, 0xBCAE, 0xBCAE, 0xBCAE, 0xBCAE, 0xBCAE, 0xBCAE,
    0xBCCE, 0xBCCE, 0xBCCE, 0xBCAE, 0xBCAE, 0xBCAE, 0xBCCE, 0xBCCE, 0xBCAE, 0xBCAE, 0xBCCE, 0xBCCF, 0xD5F5, 0xE71B, 0xEF3B, 0xEF3B,
    0xEF3B, 0xEF5C, 0xEF3B, 0xEF5C, 0xEF5C, 0xEF3B, 0xEF3B, 0xE6FA, 0xEF3B, 0xEF5C, 0xEF5C, 0xE71B, 0xADD9, 0x8D37, 0x9D98, 0xC67A,
    0xD6BA, 0xDEFB, 0xADD9, 0x7CD7, 0x6C56, 0x6C56, 0x7CD7, 0x7CD7, 0x7CD7, 0x6C56, 0x6C56, 0x6C56, 0x6C56, 0x5BF5, 0x5BF5, 0x5BF5,
    0x6C56, 0x7CD7, 0x6C56, 0x6C56, 0x7CD7, 0xC67A, 0xEF3B, 0xE6FA, 0xADD9, 0xADD9, 0xCE36, 0xBCEF, 0xBCAE, 0xBCCE, 0xBCAE, 0xBCAE,
    0xBCCE, 0xBCAE, 0xBCCE, 0xBCAE, 0xBCAE, 0xBCAE, 0xBC8D, 0xBC8D, 0xBCAE, 0xBCAE, 0xBCAE, 0xBCAE, 0xBCAE, 0xBCAE, 0xBCAE, 0xBCCE,
    0xBD94, 0x93CB, 0x93CB, 0x93CB, 0x93CB, 0x93CC, 0x9BEC, 0x9BEC, 0x93CC, 0x93CC, 0x93CC, 0x9BEC, 0x93CC, 0x93CB, 0x9BEC, 0xAC2C,
    0xB44D, 0xB46D, 0xBC8D, 0xBCAE, 0xB46D, 0xB46D, 0xBCAE, 0xBCAE, 0xCDB4, 0xEF5C, 0xF77C, 0xEF1A, 0xF6D9, 0xEE36, 0xED94, 0xED94,
    0xED94, 0xE4D1, 0xED12, 0xE4B0, 0xDC0E, 0xE42E, 0xED12, 0xEE57, 0xF6D9, 0xF6B9, 0xED94, 0xEE36, 0xED53, 0xE42E, 0xE42E, 0xE42E,
    0xED53, 0xF6B9, 0xF6FA, 0xF6FA, 0xF6B9, 0xF6FA, 0xF6D9, 0xED12, 0xE46F, 0xED94, 0xEE57, 0xEE15, 0xCBCC, 0xCA68, 0xCA68, 0xCA68,
    0xD32B, 0xED12, 0xEDD5, 0xE4D1, 0xED53, 0xDB8C, 0xD32B, 0xCAC9, 0xD32B, 0xDB8C, 0xED53, 0xEE15, 0xED94, 0xE4D1, 0xE4B0, 0xED53,
    0xEE15, 0xEE15, 0xED94, 0xED53, 0xED53, 0xED12, 0xE4B0, 0xE46F, 0xED12, 0xE4B0, 0xDB8C, 0xDC0E, 0xED94, 0xDC90, 0xE4D1, 0xED53,
    0xED94, 0xF6B9, 0xEF3B, 0xEF3B, 0xEF3B, 0xEF5C, 0xEF5C, 0xEF5C, 0xEF5C, 0xE71B, 0xCD73, 0xB48E, 0xBCEF, 0xCD51, 0xCDB4, 0xD5F5,
    0xD615, 0xD615, 0xDE36, 0xDE36, 0xDE36, 0xDE36, 0xDE36, 0xDE36, 0xDE36, 0xDE36, 0xDE36, 0xD615, 0xDE36, 0xD615, 0xD5F5, 0xD615,
    0xD615, 0xD5D4, 0xD5D4, 0xD5D4, 0xD5D4, 0xD5D4, 0xCDB4, 0xCD51, 0xC510, 0xC4EF, 0xBCEF, 0xBCAE, 0xBCAE, 0xBCCE, 0xC4EF, 0xBCEF,
    0xBCEF, 0xBCCE, 0xBCEF, 0xBCCE, 0xBCCE, 0xBCCE, 0xBCEF, 0xBCCE, 0xBCCE, 0xBCCE, 0xBCCE, 0xBCAE, 0xBCAE, 0xBCAE, 0xBCAE, 0xBCCE,
    0xBCCE, 0xBCCE, 0xBCAE, 0xBCAE, 0xBCAE, 0xBCAE, 0xBCAE, 0xBCAE, 0xBCAE, 0xBCAE, 0xBCAE, 0xBCCF, 0xC510, 0xDE78, 0xEF3B, 0xEF3B,
    0xEF3B, 0xEF3B, 0xEF3B, 0xEF3B, 0xEF5C, 0xEF3B, 0xEF3B, 0xE71B, 0xE71B, 0xEF5C, 0xEF5C, 0xEF3B, 0xC67A, 0xADD9, 0xC67A, 0xE71B,
    0xE71B, 0xC67A, 0xD6BA, 0xBE19, 0x7CD7, 0x6C56, 0x5BF5, 0x6C56, 0x7CD7, 0x7CD7, 0x5BF5, 0x5BF5, 0x6C56, 0x5BF5, 0x5BF5, 0x6C56,
    0x8D37, 0x7CD7, 0x6C56, 0x7CD7, 0xADD9, 0xC67A, 0xBE19, 0xC67A, 0xC67A, 0xC67A, 0xCE15, 0xBCAE, 0xBCAE, 0xBCAE, 0xBCAE, 0xBCAE,
    0xBCCE, 0xBCCE, 0xBCCE, 0xBCCE, 0xBCAE, 0xBCAE, 0xBCAE, 0xBCAE, 0xBCAE, 0xBCAE, 0xBCAE, 0xBCAE, 0xBC8D, 0xBCAE, 0xBCCE, 0xBCAE,
    0xBD94, 0x93CB, 0x8BAB, 0x93CC, 0x93CC, 0x93CC, 0x9BEC, 0x9BEC, 0x93CC, 0x9BEC, 0x93CC, 0x93CC, 0x9BEC, 0xAC2C, 0xB46D, 0xB46D,
    0xBC8D, 0xB46D, 0xB46D, 0xB48E, 0xBCAE, 0xB48E, 0xB46D, 0xB48E, 0xDE36, 0xF77C, 0xEF5C, 0xF6FA, 0xEE78, 0xED94, 0xED94, 0xED12,
    0xED94, 0xEDD5, 0xED12, 0xE4D1, 0xED53, 0xEE15, 0xEDD5, 0xED94, 0xED94, 0xEDD5, 0xED94, 0xEDD5, 0xEDD5, 0xE4B0, 0xE46F, 0xE46F,
    0xED53, 0xF6D9, 0xF6FA, 0xF6D9, 0xF6B9, 0xF6FA, 0xEE78, 0xED12, 0xE46F, 0xED12, 0xEE36, 0xDCD1, 0xCAC9, 0xCAC9, 0xD32B, 0xCAC9,
    0xCAC9, 0xE46F, 0xEDD5, 0xED12, 0xED12, 0xCAC9, 0xCAC9, 0xDB8C, 0xE42E, 0xE42E, 0xED94, 0xEE15, 0xEE15, 0xEE15, 0xEE15, 0xED94,
    0xED12, 0xDD12, 0xED53, 0xED53, 0xED94, 0xED53, 0xED12, 0xED53, 0xED53, 0xDBCD, 0xDBCD, 0xE42E, 0xED12, 0xED53, 0xED12, 0xE4D1,
    0xED94, 0xF6B9, 0xEF3B, 0xEF3B, 0xEF3B, 0xEF5C, 0xEF5C, 0xEF5C, 0xEF5C, 0xEF3B, 0xCDB4, 0xBCAE, 0xC510, 0xCD73, 0xC5B4, 0xC5D5,
    0xCE15, 0xCE15, 0xCE15, 0xC5D5, 0xC5D5, 0xC5B4, 0xC5D5, 0xC5B4, 0xC5D5, 0xC5D5, 0xC5B4, 0xC5B4, 0xC5B4, 0xBD94, 0xC5B4, 0xC5B4,
    0xBD94, 0xBD73, 0xBD94, 0xBD73, 0xC532, 0xBD73, 0xCD73, 0xC532, 0xC510, 0xBCEF, 0xBCCE, 0xBCEF, 0xC4EF, 0xC4EF, 0xBCEF, 0xBCCE,
    0xBCCE, 0xBCCE, 0xBCCE, 0xBCCE, 0xBCCE, 0xBCCE, 0xBCCE, 0xBCCE, 0xBCAE, 0xBCAE, 0xBCAE, 0xBCAE, 0xBCAE, 0xBCCE, 0xBCCE, 0xBCAE,
    0xBCAE, 0xBCAE, 0xBCAE, 0xBCAE, 0xBCAE, 0xBCAE, 0xBCAE, 0xBCAE, 0xBCAE, 0xBCAE, 0xBCAE, 0xBCCF, 0xBCCF, 0xCD73, 0xE6DA, 0xEF3B,
    0xEF3B, 0xEF3B, 0xEF3B, 0xEF3B, 0xEF3B, 0xEF3B, 0xEF3B, 0xDEFB, 0xEF3B, 0xEF5C, 0xEF5C, 0xEF5C, 0xEF3B, 0xC67A, 0xD6BA, 0xD6BA,
    0xDEFB, 0xBE19, 0xDEFB, 0xD6BA, 0x7CD7, 0x6C56, 0x6C56, 0x6C56, 0x6C56, 0x8D37, 0x7CD7, 0x6C56, 0x6C56, 0x7CD7, 0x7CD7, 0x7CD7,
    0x6C56, 0x6C56, 0x6C56, 0x7CD7, 0xBE19, 0x8D37, 0x7CD7, 0x8D37, 0x9D98, 0xC67A, 0xAD12, 0xAC4D, 0xB46D, 0xBCAE, 0xBCAE, 0xBCAE,
    0xBCAE, 0xBCAE, 0xBCCE, 0xBCCE, 0xBCCE, 0xBCAE, 0xBCAE, 0xBCCE, 0xBCCE, 0xBCAE, 0xBCAE, 0xBCAE, 0xBCAE, 0xBCAE, 0xBC8D, 0xBCAE,
    0xBD94, 0x93CC, 0x8BAB, 0x93CC, 0x93CC, 0x93CC, 0x93CC, 0x9BEC, 0x9BEC, 0x9BEC, 0x9BEC, 0xAC2C, 0xB44D, 0xBC8D, 0xBC8D, 0xBC8D,
    0xB46D, 0xB46D, 0xB46D, 0xAC6D, 0xB46D, 0xB48E, 0xBCAE, 0xBCCF, 0xE6B8, 0xF77C, 0xEF5C, 0xE6FA, 0xEE57, 0xED53, 0xED53, 0xDC90,
    0xED94, 0xED94, 0xED53, 0xEE36, 0xF6D9, 0xF6FA, 0xF6D9, 0xEE15, 0xED53, 0xE4D1, 0xDC0E, 0xE42E, 0xED94, 0xED12, 0xE4D1, 0xE4B0,
    0xED94, 0xF6D9, 0xF6B9, 0xF6B9, 0xF6B9, 0xF6FA, 0xEE57, 0xED12, 0xE46F, 0xE4B0, 0xED94, 0xBB4A, 0xCAC9, 0xD32B, 0xD32B, 0xCAC9,
    0xDB8C, 0xE4D1, 0xED94, 0xDCD1, 0xED53, 0xD32B, 0xD32B, 0xE46F, 0xE4B0, 0xE4D1, 0xEE15, 0xED94, 0xED53, 0xED12, 0xE4D1, 0xE46F,
    0xED12, 0xED94, 0xDD12, 0xDC90, 0xE4D1, 0xED53, 0xEDD5, 0xEDD5, 0xE4D1, 0xDB8C, 0xDC0E, 0xE42E, 0xED12, 0xED94, 0xE4D1, 0xE4B0,
    0xED94, 0xF6B9, 0xEF1A, 0xE6FA, 0xE6DA, 0xDEB9, 0xD657, 0xCE36, 0xC5D5, 0xC5B4, 0xAD12, 0xACD0, 0xAD12, 0xB533, 0xBD94, 0xC5B4,
    0xBD94, 0xBD94, 0xBD94, 0xBD73, 0xBD73, 0xB533, 0xBD73, 0xA555, 0xBD73, 0xBD73, 0xBD73, 0xBD73, 0xBD73, 0xBD73, 0xA555, 0xB533,
    0xAD12, 0xAD12, 0xAD12, 0xACF1, 0x9CB1, 0x9CB1, 0xACF1, 0x9CB1, 0x9470, 0x8C2E, 0x9C0D, 0x9C0D, 0x9C4F, 0xA46E, 0xAC6D, 0xB48E,
    0xBCAE, 0xBCAE, 0xBCCE, 0xBCCE, 0xBCCE, 0xBCCE, 0xBCAE, 0xBCAE, 0xBCAE, 0xB46D, 0xBCAE, 0xBCCE, 0xBCCE, 0xBCAE, 0xBCAE, 0xBCAE,
    0xBCAE, 0xBCCE, 0xBCAE, 0xBCAE, 0xBCAE, 0xBCAE, 0xBCAE, 0xBCAE, 0xBCAE, 0xBCAE, 0xBCAE, 0xBCAE, 0xBCAE, 0xBCAE, 0xCD73, 0xDE78,
    0xEF1A, 0xEF3B, 0xEF3B, 0xEF3B, 0xEF3B, 0xEF3B, 0xE6FA, 0xDEFB, 0xEF3B, 0xEF5C, 0xEF5C, 0xEF5C, 0xE71B, 0x9D98, 0x7CD7, 0x7CD7,
    0x9D98, 0x9D98, 0xD6BA, 0xE71B, 0xD6BA, 0xADD9, 0x8D37, 0x6C56, 0x5BF5, 0x6C56, 0x6C56, 0x6C56, 0x6C56, 0x6C56, 0x6C56, 0x7CD7,
    0x6C56, 0x5BF5, 0x7CD7, 0xADD9, 0xC67A, 0x9D98, 0x9D98, 0x8D37, 0xADD9, 0xCE36, 0xA46E, 0x9BEC, 0x9BEC, 0xA40C, 0xAC2C, 0xB46D,
    0xBCAE, 0xBCAE, 0xBCAE, 0xBCAE, 0xBCAE, 0xBCAE, 0xBCAE, 0xBCCE, 0xBCCE, 0xBCCE, 0xBCCE, 0xBCCE, 0xBCAE, 0xBCAE, 0xBCAE, 0xBCAE,
    0xBD94, 0x9BEC, 0x93CC, 0x9BEC, 0x93CC, 0x93CC, 0x93CC, 0x9BEC, 0xA3EB, 0xAC2C, 0xB46D, 0xBC8D, 0xBC8D, 0xB46D, 0xAC6D, 0xAC6D,
    0xAC6D, 0xAC6D, 0xAC6D, 0xB46D, 0xBCAE, 0xBCAE, 0xBCAE, 0xBCCF, 0xDEB9, 0xF77C, 0xF77C, 0xEF3B, 0xEE57, 0xED53, 0xE552, 0xE4D1,
    0xEDD5, 0xE552, 0xEE15, 0xF6FA, 0xF6FA, 0xF6FA, 0xEE78, 0xEDD5, 0xEE15, 0xEDD5, 0xE46F, 0xD32B, 0xDC0E, 0xE4B0, 0xE4B0, 0xED12,
    0xEDD5, 0xF6D9, 0xF6D9, 0xF6B9, 0xF6B9, 0xF6D9, 0xEE36, 0xE4B0, 0xE42E, 0xE4D1, 0xDD12, 0xCAC9, 0xD32B, 0xDB8C, 0xD32B, 0xD32B,
    0xE46F, 0xED94, 0xED53, 0xE4B0, 0xEDD5, 0xE4D1, 0xE42E, 0xE4B0, 0xED12, 0xED94, 0xE4D1, 0xE46F, 0xED12, 0xED94, 0xED12, 0xE4B0,
    0xED94, 0xE46F, 0xDB8C, 0xD32B, 0xDB8C, 0xE46F, 0xED94, 0xEDD5, 0xE4D1, 0xDC0E, 0xE46F, 0xE46F, 0xE552, 0xE552, 0xDC90, 0xDC90,
    0xC532, 0xBD73, 0xBD73, 0xACF1, 0x9CB1, 0xA490, 0xA490, 0x9CB1, 0x9CB1, 0x9CB1, 0x9CB1, 0x9CB1, 0xAD12, 0xB533, 0xBD94, 0xBD94,
    0xBD94, 0xADD9, 0xBD73, 0xB533, 0xA555, 0xB533, 0xBD94, 0xBD73, 0xBD73, 0xBD94, 0xBD94, 0xBD94, 0xBD73, 0xBD73, 0xBD73, 0xA555,
    0xB533, 0xA555, 0xACF1, 0xACF1, 0x9CB1, 0xA490, 0x9CB1, 0x9470, 0x8C2E, 0x8BEE, 0x7BAD, 0x736C, 0x736C, 0x736C, 0x7BAD, 0x7BAD,
    0x83CD, 0x8BEE, 0x9C0D, 0xA46E, 0xA46E, 0xAC6D, 0xB48E, 0xBCAE, 0xBCAE, 0xBCAE, 0xBCAE, 0xBCAE, 0xBCAE, 0xBCAE, 0xBCAE, 0xBCAE,
    0xBCAE, 0xBCAE, 0xBCAE, 0xBCAE, 0xBCAE, 0xBCAE, 0xBCAE, 0xBCCF, 0xBCAE, 0xBCAE, 0xBCAE, 0xBCAE, 0xBCCF, 0xBCAE, 0xB48E, 0xC510,
    0xD5D4, 0xDEB9, 0xE6FA, 0xEF1A, 0xE71B, 0xE6FA, 0xDEFB, 0xE71B, 0xEF3B, 0xEF5C, 0xEF5C, 0xEF5C, 0xEF3B, 0xD6BA, 0x9D98, 0x6C56,
    0x9D98, 0xC67A, 0xC67A, 0xDEFB, 0xBE19, 0x9D98, 0x7CD7, 0x5BF5, 0x6C56, 0x6C56, 0x5BF5, 0x7CD7, 0x7CD7, 0x7CD7, 0x7CD7, 0xBE19,
    0xADD9, 0x9D98, 0xBE19, 0xDEFB, 0xC67A, 0x9D98, 0x7CD7, 0x9D98, 0xC67A, 0xB533, 0x9BEC, 0x9BEC, 0x9BEC, 0x9BEC, 0xA3EB, 0xA40C,
    0xAC2C, 0xB44D, 0xB46D, 0xBCAE, 0xBCAE, 0xBCAE, 0xBCAE, 0xBCAE, 0xBCAE, 0xBCAE, 0xBCCE, 0xBCCE, 0xBCCE, 0xBCCE, 0xBCAE, 0xBCAE,
    0xBD94, 0x93CC, 0x93CC, 0x9BEC, 0x9BEC, 0x93CC, 0x9BEC, 0xAC2C, 0xBC8D, 0xBC8D, 0xBC8D, 0xB46D, 0xAC6D, 0xAC4D, 0xAC4D, 0xAC6D,
    0xAC6D, 0xB48E, 0xBCAE, 0xBCAE, 0xBCAE, 0xB48E, 0xB48E, 0xBCCF, 0xDEB9, 0xEF5C, 0xF77C, 0xF77C, 0xF6B9, 0xED53, 0xED12, 0xED94,
    0xEDD5, 0xED94, 0xF6B9, 0xF6FA, 0xF6FA, 0xF6D9, 0xEDD5, 0xED53, 0xED94, 0xEDD5, 0xED53, 0xE42E, 0xDC0E, 0xDB8C, 0xDB8C, 0xE42E,
    0xE4D1, 0xEE57, 0xF6D9, 0xF6D9, 0xF6D9, 0xF6B9, 0xEE36, 0xE4B0, 0xE46F, 0xED53, 0xDC0E, 0xCAC9, 0xD32B, 0xDB8C, 0xDB8C, 0xDC0E,
    0xE4D1, 0xEE15, 0xE4D1, 0xDC0E, 0xE4D1, 0xEE15, 0xEDD5, 0xED94, 0xED94, 0xDD12, 0xDC90, 0xE46F, 0xE42E, 0xED12, 0xED94, 0xE552,
    0xED12, 0xDB8C, 0xDBCD, 0xDC0E, 0xDC0E, 0xE46F, 0xED53, 0xED94, 0xDD12, 0xCBCC, 0xB3EE, 0xB3EE, 0x9C4F, 0x8C2E, 0x8BEE, 0x83CD,
    0x83CD, 0x8BEE, 0x8C2E, 0x83CD, 0x8BEE, 0x8BEE, 0x8C2E, 0x9470, 0x9CB1, 0xACF1, 0xACF1, 0xACF1, 0xAD12, 0xBD73, 0xBD94, 0xADD9,
    0xBD94, 0xBD94, 0xA555, 0xB533, 0xAD12, 0xB533, 0xB533, 0xAD12, 0xB533, 0xBD73, 0xBD73, 0xA555, 0xAD12, 0xB533, 0xB533, 0xAD12,
    0xB533, 0xAD12, 0xAD12, 0x9CB1, 0xA490, 0x9CB1, 0xACF1, 0x9470, 0x9470, 0x8C2E, 0x8BEE, 0x83CD, 0x7BAD, 0x7BAD, 0x736C, 0x6B4B,
    0x6B4B, 0x734C, 0x734C, 0x736C, 0x736C, 0x7BAD, 0x83CD, 0x8BEE, 0x9C0D, 0xA46E, 0xAC6D, 0xB48E, 0xBCAE, 0xBCAE, 0xBCAE, 0xBCAE,
    0xBCAE, 0xBCAE, 0xBCAE, 0xBCAE, 0xBCAE, 0xBCAE, 0xBCAE, 0xBCAE, 0xBCAE, 0xBCAE, 0xBCAE, 0xBCAE, 0xBCAE, 0xB48E, 0xBCAE, 0xBCAE,
    0xBCAE, 0xBCCF, 0xBD94, 0xDEB9, 0xDEFB, 0xDEFB, 0xE71B, 0xEF3B, 0xEF3B, 0xEF3B, 0xEF3B, 0xEF5C, 0xEF5C, 0xEF5C, 0xE71B, 0xADD9,
    0xD6BA, 0xEF3B, 0xEF3B, 0xE71B, 0x9D98, 0x8D37, 0xADD9, 0x9D98, 0xADD9, 0x9D98, 0x9D98, 0xBE19, 0xADD9, 0xC67A, 0xC67A, 0xD6BA,
    0xDEFB, 0xDEFB, 0xE71B, 0xC67A, 0xBE19, 0xD6BA, 0xC67A, 0xE6DA, 0xCE15, 0x9C0D, 0x93CC, 0x9BAB, 0x9BCB, 0x9BEC, 0xA3EB, 0xA40C,
    0xAC2C, 0xAC2C, 0xAC2C, 0xAC2C, 0xB46D, 0xBC8D, 0xBCAE, 0xBCAE, 0xBCAE, 0xBCAE, 0xBCAE, 0xBCAE, 0xBCAE, 0xBCAE, 0xBCCE, 0xBCCE,
    0xBD94, 0x9BCB, 0x93CC, 0x9BEC, 0xA40C, 0xAC2C, 0xB46D, 0xBCAE, 0xBC8D, 0xAC6D, 0xAC4D, 0xAC4D, 0xAC6D, 0xAC6D, 0xAC6D, 0xB46D,
    0xB46D, 0xB48E, 0xB48E, 0xB48E, 0xAC6D, 0xAC6D, 0xB48E, 0xBCCF, 0xDE78, 0xEF5C, 0xF77C, 0xF77C, 0xEF3B, 0xEE36, 0xE552, 0xED12,
    0xED53, 0xEDD5, 0xF6FA, 0xF6FA, 0xF6FA, 0xEE36, 0xED53, 0xED53, 0xED53, 0xED53, 0xED12, 0xDC0E, 0xDC0E, 0xE46F, 0xE46F, 0xDC0E,
    0xDB8C, 0xDC90, 0xED94, 0xEE78, 0xF6D9, 0xF6B9, 0xEE36, 0xED12, 0xE4B0, 0xEDD5, 0xCBCC, 0xCAC9, 0xD32B, 0xDB8C, 0xE4B0, 0xED12,
    0xEDD5, 0xEE15, 0xED53, 0xE42E, 0xDB8C, 0xDC0E, 0xE46F, 0xE4D1, 0xED12, 0xED12, 0xE4B0, 0xE552, 0xE4B0, 0xE42E, 0xED94, 0xEDD5,
    0xED53, 0xDBCD, 0xDBCD, 0xE46F, 0xDC90, 0xBC70, 0xBC70, 0x9C4F, 0x9C0D, 0x7BAD, 0x736C, 0x6B4B, 0x734C, 0x734C, 0x734C, 0x736C,
    0x7BAD, 0x83CD, 0x8C2E, 0x8BEE, 0x8BEE, 0x8BEE, 0x8C2E, 0x9470, 0x9CB1, 0xACF1, 0x9CB1, 0x9470, 0xACF1, 0xBD73, 0xBD73, 0xBD73,
    0xBD73, 0xA555, 0xAD12, 0xACF1, 0x9CB1, 0xACF1, 0xACF1, 0x9CB1, 0xAD12, 0xB533, 0xAD12, 0xACF1, 0xACF1, 0xAD12, 0xACF1, 0x9CB1,
    0x9CB1, 0x9470, 0x9470, 0x8BEE, 0x83CD, 0x8BEE, 0x9470, 0x83CD, 0x736C, 0x6B0A, 0x6B0A, 0x6B2B, 0x6B4B, 0x736C, 0x7BAD, 0x7BAD,
    0x7BAD, 0x7BAD, 0x736C, 0x736C, 0x734C, 0x734C, 0x6B4B, 0x6B4B, 0x734C, 0x736C, 0x7BAD, 0x83CD, 0x93CC, 0x9C0D, 0xA46E, 0xB48E,
    0xBCAE, 0xBCAE, 0xB46D, 0xBCAE, 0xBCAE, 0xBCAE, 0xBCAE, 0xBCAE, 0xBCAE, 0xBCAE, 0xBCAE, 0xB48E, 0xBCAE, 0xBCAE, 0xBCAE, 0xBCAE,
    0xB46D, 0xB48E, 0xBCAE, 0xC5D5, 0xEF1A, 0xEF3B, 0xE71B, 0xEF3B, 0xEF3B, 0xEF3B, 0xEF3B, 0xEF3B, 0xDEFB, 0xBE19, 0xBE19, 0xADD9,
    0x9D98, 0xBE19, 0xDEFB, 0xEF3B, 0xDEFB, 0xC67A, 0xD6BA, 0xE71B, 0xE71B, 0xD6BA, 0xC67A, 0xDEFB, 0xC67A, 0xE71B, 0xD6BA, 0xD6BA,
    0xBE19, 0xADD9, 0xDEFB, 0xADD9, 0x9D98, 0xDEFB, 0xEF1A, 0xDE78, 0xA490, 0x9BAB, 0x9BAB, 0x9BAB, 0x9BCB, 0x9BEC, 0x9BEC, 0xA3EB,
    0xA40C, 0xAC2C, 0xAC2C, 0xAC2C, 0xAC2C, 0xAC2C, 0xAC4D, 0xB44D, 0xB46D, 0xBCAE, 0xBCAE, 0xBCAE, 0xBC8D, 0xBC8D, 0xBCAE, 0xBCAE,
    0xBD94, 0x9BEC, 0xA40C, 0xAC4D, 0xBC8D, 0xBC8D, 0xB44D, 0xAC4D, 0xAC2C, 0xAC2C, 0xAC6D, 0xAC6D, 0xAC6D, 0xAC6D, 0xAC6D, 0xB48E,
    0xB48E, 0xB48E, 0xAC6D, 0xAC6D, 0xB48E, 0xB46D, 0xAC6D, 0xB48E, 0xCE15, 0xEF3B, 0xEF5C, 0xF77C, 0xEF5C, 0xEF3B, 0xE6B8, 0xED94,
    0xED53, 0xEDD5, 0xF6FA, 0xF73A, 0xF6FA, 0xEE15, 0xED53, 0xED53, 0xED53, 0xEDD5, 0xE4B0, 0xDBCD, 0xE42E, 0xE4D1, 0xE4D1, 0xE4D1,
    0xED53, 0xED53, 0xE46F, 0xE4D1, 0xEDD5, 0xEE78, 0xEE78, 0xED53, 0xED12, 0xEE36, 0xDC90, 0xCAC9, 0xDBCD, 0xE4D1, 0xED53, 0xED53,
    0xED12, 0xED53, 0xED94, 0xED53, 0xED12, 0xDBCD, 0xDB8C, 0xE4D1, 0xED12, 0xDB8C, 0xDB8C, 0xE4B0, 0xE4B0, 0xDC0E, 0xED12, 0xEDD5,
    0xE552, 0xBC4C, 0xB3EE, 0x9BEC, 0x83CD, 0x7BAD, 0x734C, 0x6B2B, 0x6B2B, 0x6B2B, 0x6B4B, 0x736C, 0x736C, 0x734C, 0x734C, 0x734C,
    0x6B4B, 0x736C, 0x7BAD, 0x7BAD, 0x7BAD, 0x7BAD, 0x8C2E, 0xA490, 0x9CB1, 0x9CB1, 0xA490, 0xA490, 0xAD12, 0xBD73, 0xBD73, 0xA555,
    0xBD73, 0xB533, 0xACF1, 0x9CB1, 0x9CB1, 0x9CB1, 0x9CB1, 0x9CB1, 0xAD12, 0xB533, 0xAD12, 0xACF1, 0xACF1, 0xAD12, 0xACF1, 0xACF1,
    0x9470, 0x8BEE, 0x7BAD, 0x7BAD, 0x7BAD, 0x8BEE, 0x8BEE, 0x7BAD, 0x62EA, 0x5AA9, 0x5A88, 0x5AA9, 0x5AA9, 0x5AA9, 0x5AA9, 0x62C9,
    0x62EA, 0x6B0A, 0x6B4B, 0x734C, 0x736C, 0x7BAD, 0x7BAD, 0x7BAD, 0x736C, 0x734C, 0x6B2B, 0x6B2B, 0x6B4B, 0x734C, 0x736C, 0x83CD,
    0x93CC, 0x9C0D, 0xAC6D, 0xBCAE, 0xBCAE, 0xBCAE, 0xBCAE, 0xBCAE, 0xB48E, 0xAC6D, 0xB48E, 0xBCAE, 0xBCAE, 0xBCAE, 0xB48E, 0xB48E,
    0xBCAE, 0xBCAE, 0xBCAE, 0xBCCF, 0xDE36, 0xE6FA, 0xEF3B, 0xEF3B, 0xEF3B, 0xEF3B, 0xEF3B, 0xEF3B, 0xADD9, 0x6C56, 0x6C56, 0x6C56,
    0x6C56, 0x7CD7, 0xC67A, 0xEF3B, 0xEF3B, 0xDEFB, 0xBE19, 0xDEFB, 0xDEFB, 0xD6BA, 0xD6BA, 0xD6BA, 0xD6BA, 0xC67A, 0xDEFB, 0xBE19,
    0x6C56, 0x8D37, 0xE71B, 0xDEFB, 0xC67A, 0xDEFB, 0xD657, 0xA490, 0x93CB, 0x9BAB, 0x9BAB, 0x93CB, 0x9BAB, 0x9BEC, 0x9BEC, 0xA3EB,
    0xAC2C, 0xAC2C, 0xAC2C, 0xAC2C, 0xAC2C, 0xAC2C, 0xAC2C, 0xAC2C, 0xAC4D, 0xBCAE, 0xBCAE, 0xBC8D, 0xBC8D, 0xBC8D, 0xBC8D, 0xBC8D,
    0xCD93, 0xAC4D, 0xB46D, 0xB46D, 0xB44D, 0xAC4D, 0xAC4D, 0xAC6D, 0xAC6D, 0xAC6D, 0xA46E, 0xA46E, 0xAC6D, 0xAC6D, 0xB48E, 0xAC6D,
    0xAC6D, 0xAC6D, 0xB48E, 0xAC6D, 0xAC6D, 0xB48E, 0xB48E, 0xB48E, 0xCD73, 0xE71B, 0xEF5C, 0xF77C, 0xF77C, 0xEF5C, 0xEF5C, 0xEF1A,
    0xEE57, 0xEE36, 0xF6FA, 0xF6FA, 0xF6D9, 0xEDD5, 0xED53, 0xED94, 0xEDD5, 0xED94, 0xE46F, 0xE42E, 0xE4B0, 0xE4D1, 0xED12, 0xEE15,
    0xF6B9, 0xEE36, 0xED12, 0xED12, 0xED94, 0xED53, 0xED53, 0xED53, 0xED12, 0xEE15, 0xEE15, 0xED12, 0xE552, 0xED12, 0xE46F, 0xDBCD,
    0xDBCD, 0xE46F, 0xE4D1, 0xED53, 0xED53, 0xED12, 0xE4B0, 0xED53, 0xE42E, 0xD32B, 0xDB8C, 0xE46F, 0xE46F, 0xCBCC, 0xBC70, 0x9C4F,
    0x83CD, 0x736C, 0x6B2B, 0x6B2B, 0x6B4B, 0x734C, 0x734C, 0x734C, 0x734C, 0x6B4B, 0x6B2B, 0x6B2B, 0x62EA, 0x62C9, 0x62C9, 0x62C9,
    0x62EA, 0x734C, 0x7BAD, 0x7BAD, 0x7BAD, 0x8C2E, 0xA490, 0x9CB1, 0x9CB1, 0x9CB1, 0x9470, 0xACF1, 0xBD73, 0xBD73, 0xBD73, 0xBD94,
    0xBD73, 0xACF1, 0x9CB1, 0x9CB1, 0x9470, 0x9470, 0x9CB1, 0x9CB1, 0xB533, 0xA555, 0xAD12, 0xACF1, 0xAD12, 0xACF1, 0xA555, 0x9CB1,
    0x8C2E, 0x7BAD, 0x734C, 0x734C, 0x7BAD, 0x8BEE, 0x8BEE, 0x736C, 0x5AA9, 0x5A88, 0x5AA9, 0x5A88, 0x5A88, 0x5A88, 0x5A88, 0x5AA9,
    0x5AA9, 0x5AA9, 0x5AA9, 0x5A88, 0x62C9, 0x5AA9, 0x62C9, 0x6B2B, 0x736C, 0x7BAD, 0x83CD, 0x8BEE, 0x83CD, 0x736C, 0x734C, 0x6B4B,
    0x734C, 0x736C, 0x7BAD, 0x83CD, 0x9C0D, 0xA46E, 0xAC6D, 0xB48E, 0xBCAE, 0xBCAE, 0xBCAE, 0xBCAE, 0xBCAE, 0xB48E, 0xB48E, 0xBCAE,
    0xBCAE, 0xBCAE, 0xBCAE, 0xBCAE, 0xACF1, 0xC5D5, 0xDEFB, 0xE71B, 0xEF3B, 0xEF3B, 0xE71B, 0xDEFB, 0x8D37, 0x6C56, 0x5BF5, 0x6C56,
    0x6C56, 0x9D98, 0xC67A, 0xDEFB, 0xE71B, 0xD6BA, 0x8D37, 0x9D98, 0xBE19, 0xE71B, 0xE71B, 0xD6BA, 0xD6BA, 0xD6BA, 0xE71B, 0xD6BA,
    0xADD9, 0xBE19, 0xEF1A, 0xEF3B, 0xE71B, 0xBE19, 0xA490, 0x8BAB, 0x93CB, 0x9BAB, 0x9BAB, 0x9BAB, 0x9BAB, 0x9BEC, 0x9BEC, 0xA40C,
    0xAC2C, 0xAC4D, 0xAC4D, 0xAC2C, 0xAC2C, 0xAC2C, 0xAC2C, 0xAC2C, 0xAC2C, 0xB44D, 0xB46D, 0xB46D, 0xBCAE, 0xB46D, 0xB46D, 0xB44D,
    0xD5D4, 0xB46D, 0xAC6D, 0xAC6D, 0xB48E, 0xB48E, 0xB48E, 0xB48E, 0xAC6D, 0xAC2C, 0xAC6D, 0xB48E, 0xB48E, 0xAC6D, 0xAC6D, 0xAC4D,
    0xAC6D, 0xAC6D, 0xAC6D, 0xB48E, 0xB48E, 0xB46D, 0xBCAE, 0xB48E, 0xBCCF, 0xDE78, 0xEF5C, 0xF77C, 0xF77C, 0xF77C, 0xF77C, 0xF77C,
    0xEF3B, 0xEED9, 0xF6D9, 0xF6FA, 0xF6D9, 0xEDD5, 0xED53, 0xED53, 0xED94, 0xED94, 0xED12, 0xE4B0, 0xE46F, 0xED53, 0xEE78, 0xF6D9,
    0xF6B9, 0xEE36, 0xEE57, 0xF6B9, 0xEE36, 0xE4B0, 0xDBCD, 0xE42E, 0xDD12, 0xEDD5, 0xEDD5, 0xED94, 0xEDD5, 0xE4D1, 0xD32B, 0xDBCD,
    0xED12, 0xED53, 0xED12, 0xED12, 0xED94, 0xED53, 0xE4D1, 0xED94, 0xDBCD, 0xD32B, 0xBB4A, 0xB3EE, 0x93CC, 0x7BAD, 0x6B4B, 0x62EA,
    0x62C9, 0x62EA, 0x6B0A, 0x734C, 0x736C, 0x734C, 0x6B2B, 0x62EA, 0x62C9, 0x62C9, 0x5AA9, 0x62C9, 0x62C9, 0x62C9, 0x62C9, 0x62C9,
    0x62EA, 0x736C, 0x83CD, 0x83CD, 0x8C2E, 0x9470, 0x9470, 0x9CB1, 0x9470, 0x9470, 0x9CB1, 0xB533, 0xBD73, 0xBD73, 0xBD94, 0xBD94,
    0xAD12, 0x9CB1, 0x9CB1, 0x9CB1, 0x8C2E, 0x9470, 0x9CB1, 0xAD12, 0xBD73, 0xB533, 0xAD12, 0xACF1, 0xAD12, 0x9CB1, 0xAD12, 0x9CB1,
    0x9470, 0x8BEE, 0x7BAD, 0x7BAD, 0x8BEE, 0x8BEE, 0x83CD, 0x6B2B, 0x5A88, 0x5A88, 0x5A88, 0x5A88, 0x5AA9, 0x5A88, 0x5AA9, 0x5A88,
    0x5A88, 0x5A88, 0x5A88, 0x5A88, 0x5AA9, 0x5AA9, 0x5A88, 0x5A88, 0x5AA9, 0x5AA9, 0x6B4B, 0x8BEE, 0x8BEE, 0x8BEE, 0x8C2E, 0x8BEE,
    0x7BAD, 0x736C, 0x734C, 0x6B4B, 0x734C, 0x736C, 0x7BAD, 0x93CC, 0xA46E, 0xB48E, 0xBCAE, 0xB48E, 0xB46D, 0xBCAE, 0xBCAE, 0xBCAE,
    0xBCAE, 0xBCAE, 0xBCCE, 0xBCAE, 0xBCAE, 0xA490, 0xA555, 0xBE19, 0xD6BA, 0xE6FA, 0xDEFB, 0xADD9, 0x7CD7, 0x6C56, 0x6C56, 0x6C56,
    0x7CD7, 0x7CD7, 0x7CD7, 0x7CD7, 0xD6BA, 0xEF1A, 0xD6BA, 0xBE19, 0xD6BA, 0xE71B, 0xEF3B, 0xDEFB, 0xBE19, 0xDEFB, 0xEF3B, 0xE6FA,
    0xE71B, 0xE71B, 0xE6FA, 0xD6BA, 0xADD9, 0x9CB1, 0x8BAB, 0x938A, 0x93AA, 0x9BAB, 0x9BAB, 0x9BCB, 0x9BEC, 0xA3EB, 0xA40C, 0xAC2C,
    0xAC2C, 0xAC4D, 0xAC2C, 0xAC2C, 0xAC2C, 0xAC2C, 0xAC2C, 0xAC2C, 0xAC2C, 0xAC2C, 0xAC4D, 0xAC6D, 0xAC6D, 0xB46D, 0xBC8D, 0xBC8D,
    0xD5D4, 0xB46D, 0xB48E, 0xB48E, 0xB48E, 0xA46E, 0xAC2C, 0xAC4D, 0xAC6D, 0xB46D, 0xB48E, 0xB48E, 0xAC4D, 0xAC4D, 0xAC6D, 0xAC6D,
    0xAC6D, 0xAC6D, 0xBCAE, 0xB48E, 0xB48E, 0xBCAE, 0xB46D, 0xB46D, 0xAC2C, 0xC532, 0xEF1A, 0xF77C, 0xF77C, 0xF77C, 0xF77C, 0xF77C,
    0xEF5C, 0xEF1A, 0xF6B9, 0xF6B9, 0xF6D9, 0xEE36, 0xED12, 0xE4B0, 0xED53, 0xEE15, 0xEDD5, 0xED12, 0xED12, 0xEE78, 0xF6FA, 0xEE78,
    0xEE36, 0xF6B9, 0xF6FA, 0xF6FA, 0xEE15, 0xED12, 0xED53, 0xED94, 0xE4D1, 0xED12, 0xE4D1, 0xDC0E, 0xE4B0, 0xED94, 0xE46F, 0xED53,
    0xED53, 0xDB8C, 0xCAC9, 0xCAC9, 0xDC0E, 0xED53, 0xED12, 0xDD12, 0xB3EE, 0x8B6A, 0x736C, 0x6B2B, 0x62EA, 0x62EA, 0x62EA, 0x6B0A,
    0x6B2B, 0x6B2B, 0x62EA, 0x62C9, 0x62C9, 0x5AA9, 0x5AA9, 0x5A88, 0x5AA9, 0x5AA9, 0x5AA9, 0x62C9, 0x62C9, 0x62C9, 0x62C9, 0x6B0A,
    0x736C, 0x8BEE, 0x7BAD, 0x83CD, 0x8C2E, 0xA490, 0xA490, 0x9CB1, 0xA490, 0x9CB1, 0xAD12, 0xBD73, 0xBD73, 0xBD73, 0xBD94, 0xBD94,
    0xA555, 0xA490, 0x9CB1, 0x9CB1, 0x9470, 0x8C2E, 0x9CB1, 0xAD12, 0xB533, 0xA555, 0xB533, 0xAD12, 0xACF1, 0x9CB1, 0xACF1, 0x9CB1,
    0x9470, 0x8C2E, 0x8C2E, 0x8C2E, 0x8C2E, 0x8BEE, 0x736C, 0x62C9, 0x5A88, 0x5A88, 0x5A88, 0x5A88, 0x5A88, 0x5A88, 0x5A88, 0x5A88,
    0x5A88, 0x5A88, 0x5A88, 0x5AA9, 0x5A88, 0x5268, 0x5A88, 0x5AA9, 0x62C9, 0x734C, 0x7BAD, 0x62EA, 0x6B4B, 0x7BAD, 0x7BAD, 0x7BAD,
    0x8BEE, 0x8BEE, 0x8BEE, 0x7BAD, 0x736C, 0x734C, 0x734C, 0x6B4B, 0x736C, 0x7BAD, 0x93CC, 0xAC2C, 0xB48E, 0xBCAE, 0xBCCE, 0xBCAE,
    0xBCAE, 0xBCCE, 0xBCAE, 0xBCAE, 0xBCAE, 0xB48E, 0x9CB1, 0x8D37, 0x8D37, 0xBE19, 0xD6BA, 0xD6BA, 0xD6BA, 0xC67A, 0xC67A, 0x9D98,
    0xBE19, 0xBE19, 0xADD9, 0xADD9, 0xDEFB, 0xEF3B, 0xE71B, 0xC67A, 0xDEFB, 0xEF3B, 0xEF3B, 0xDEFB, 0xADD9, 0xDEFB, 0xE6FA, 0xD6BA,
    0xD6BA, 0xC67A, 0xADD9, 0xADD9, 0x84B4, 0x8BEE, 0x9BAB, 0x9BAB, 0x9BAB, 0x9BAB, 0x9BCB, 0x9BCB, 0x9BCB, 0x9BEC, 0xA40C, 0xAC2C,
    0xAC4D, 0xAC4D, 0xAC4D, 0xAC2C, 0xAC2C, 0xAC2C, 0xAC2C, 0xA46E, 0xAC4D, 0xAC2C, 0xAC4D, 0xAC4D, 0xAC4D, 0xAC4D, 0xAC6D, 0xAC6D,
    0xD5D4, 0xB48E, 0xAC6D, 0xA46E, 0xA46E, 0xAC6D, 0xAC6D, 0xB46D, 0xB48E, 0xB48E, 0xAC6D, 0xAC4D, 0xAC6D, 0xAC6D, 0xAC6D, 0xAC6D,
    0xB46D, 0xB46D, 0xB46D, 0xB46D, 0xB46D, 0xB46D, 0xAC4D, 0xAC2C, 0xAC2C, 0xA46E, 0xDE36, 0xEF3B, 0xF77C, 0xF77C, 0xF77C, 0xF77C,
    0xF77C, 0xEF3B, 0xE6DA, 0xDE78, 0xEE78, 0xEE57, 0xED12, 0xE46F, 0xED12, 0xEDD5, 0xE4D1, 0xE4B0, 0xED94, 0xF6D9, 0xF6D9, 0xEE57,
    0xEE78, 0xF6FA, 0xF6FA, 0xF6B9, 0xED94, 0xED12, 0xEE15, 0xDCD1, 0xDC0E, 0xDC90, 0xED53, 0xE4D1, 0xE42E, 0xED12, 0xED94, 0xED94,
    0xDC0E, 0xCAC9, 0xCA68, 0xD32B, 0xDC0E, 0xBC70, 0x9C0D, 0x83CD, 0x734C, 0x6B0A, 0x6B0A, 0x62EA, 0x6B2B, 0x6B4B, 0x6B2B, 0x62EA,
    0x5AA9, 0x5268, 0x5A88, 0x5A88, 0x5A88, 0x5A88, 0x5A88, 0x5A88, 0x5AA9, 0x5AA9, 0x62C9, 0x62C9, 0x62C9, 0x62C9, 0x6B2B, 0x7BAD,
    0x8C2E, 0x8C2E, 0x83CD, 0x8BEE, 0x8C2E, 0xA490, 0x9CB1, 0x9CB1, 0x9CB1, 0xACF1, 0xAD12, 0xBD73, 0xA555, 0xBD94, 0xBD94, 0xBD73,
    0xB533, 0x9CB1, 0x9CB1, 0x9CB1, 0x9470, 0x9470, 0x9CB1, 0xAD12, 0xB533, 0xB533, 0xB533, 0xA555, 0x9CB1, 0xACF1, 0xAD12, 0x9CB1,
    0x9470, 0x9470, 0x9470, 0x8C2E, 0x8BEE, 0x7BAD, 0x6B0A, 0x5AA9, 0x5A88, 0x5A88, 0x5268, 0x5268, 0x5A88, 0x5A88, 0x5AA9, 0x5A88,
    0x5A88, 0x5A88, 0x5A88, 0x5A88, 0x5268, 0x5AA9, 0x5AA9, 0x6B2B, 0x7BAD, 0x6B2B, 0x5247, 0x4A06, 0x6B2B, 0x7BAD, 0x736C, 0x734C,
    0x736C, 0x7BAD, 0x83CD, 0x8BEE, 0x8BEE, 0x8BEE, 0x7BAD, 0x736C, 0x734C, 0x734C, 0x734C, 0x736C, 0x83CD, 0x9C0D, 0xAC6D, 0xBCAE,
    0xBCAE, 0xBCAE, 0xBCAE, 0xBCAE, 0xB46D, 0xAC4D, 0xB48E, 0xC5B4, 0x8D37, 0x8D37, 0x9D98, 0x9D98, 0xC67A, 0xC67A, 0xC67A, 0xD6BA,
    0xD6BA, 0xDEFB, 0xDEFB, 0xDEFB, 0xDEFB, 0xDEFB, 0xDEFB, 0xD6BA, 0xD6BA, 0xDEFB, 0xDEFB, 0xD6BA, 0xADD9, 0xC67A, 0xC67A, 0xBE19,
    0xBE19, 0x8D37, 0x6C56, 0xA555, 0xACF1, 0x93CB, 0x9BAB, 0x9BCB, 0x9BCB, 0xA3EB, 0xA3EB, 0xA3EB, 0x9BEC, 0x9BEC, 0xA3EB, 0xAC2C,
    0xAC4D, 0xAC4D, 0xAC2C, 0xAC4D, 0xAC6D, 0xAC6D, 0xB48E, 0xBCAE, 0xBCCF, 0xBCCF, 0xBCCF, 0xBCEF, 0xBCCF, 0xBCCF, 0xBCCF, 0xBCCF,
    0xCDB4, 0xAC2C, 0xAC4D, 0xAC6D, 0xAC6D, 0xAC6D, 0xAC6D, 0xAC6D, 0xAC6D, 0xAC4D, 0xAC6D, 0xB46D, 0xAC6D, 0xAC6D, 0xB48E, 0xB48E,
    0xB48E, 0xB46D, 0xBC8D, 0xB46D, 0xAC4D, 0xAC2C, 0xAC2C, 0xAC6D, 0xAC4D, 0xAC2C, 0xBCCF, 0xDE78, 0xEF3B, 0xF77C, 0xF77C, 0xF77C,
    0xF77C, 0xF77C, 0xEF3B, 0xE6DA, 0xDE78, 0xEE57, 0xEE15, 0xDD12, 0xE4D1, 0xED94, 0xE4D1, 0xE46F, 0xEDD5, 0xF6FA, 0xF6D9, 0xEE78,
    0xF6D9, 0xF6FA, 0xF6D9, 0xEE57, 0xEE15, 0xEE15, 0xDD12, 0xD32B, 0xDBCD, 0xE42E, 0xE4B0, 0xED53, 0xED94, 0xED12, 0xEDD5, 0xED12,
    0xD32B, 0xDB8C, 0xBB4A, 0xABAB, 0x8BAB, 0x6B4B, 0x6B0A, 0x62EA, 0x62EA, 0x6B2B, 0x6B4B, 0x6B0A, 0x62C9, 0x5A88, 0x5268, 0x5247,
    0x5247, 0x5247, 0x5268, 0x5268, 0x5A88, 0x5A88, 0x5A88, 0x5AA9, 0x5AA9, 0x5AA9, 0x62C9, 0x5AA9, 0x62C9, 0x62C9, 0x6B2B, 0x83CD,
    0x8C2E, 0x8C2E, 0x8BEE, 0x8BEE, 0x8C2E, 0xA490, 0x9CB1, 0x9CB1, 0xACF1, 0xACF1, 0xAD12, 0xB533, 0xBD73, 0xBD73, 0xBD94, 0xBD94,
    0xA555, 0xAD12, 0xACF1, 0x9CB1, 0xA490, 0x9CB1, 0xAD12, 0xB533, 0xA555, 0xB533, 0xA555, 0xAD12, 0xACF1, 0xAD12, 0xAD12, 0x9CB1,
    0x9470, 0x9470, 0x8C2E, 0x8BEE, 0x83CD, 0x734C, 0x62C9, 0x5AA9, 0x5A88, 0x5A88, 0x5A88, 0x5A88, 0x5A88, 0x5A88, 0x5AA9, 0x5A88,
    0x5AA9, 0x5A88, 0x5A88, 0x5A88, 0x62C9, 0x6B2B, 0x736C, 0x6B2B, 0x5268, 0x41E6, 0x41E6, 0x5247, 0x734C, 0x736C, 0x736C, 0x736C,
    0x734C, 0x734C, 0x6B4B, 0x6B4B, 0x736C, 0x7BAD, 0x7BAD, 0x8BEE, 0x8BEE, 0x8BEE, 0x736C, 0x734C, 0x6B4B, 0x734C, 0x736C, 0x83CD,
    0x9C0D, 0xB48E, 0xBCAE, 0xAC6D, 0xAC6D, 0xAC4D, 0xAC2C, 0xBCCF, 0xCE15, 0xBE19, 0x8D37, 0x6C56, 0x9D98, 0xADD9, 0x8D37, 0xBE19,
    0xADD9, 0xADD9, 0xBE19, 0xBE19, 0xBE19, 0xC67A, 0xD6BA, 0xD6BA, 0xC67A, 0xC67A, 0xBE19, 0xBE19, 0xBE19, 0xC67A, 0xC67A, 0x7CD7,
    0x6C56, 0x84B4, 0x9D98, 0xBD94, 0x9C0D, 0x8B8B, 0x93AA, 0x9BAB, 0x9BAB, 0x9BCB, 0x9BCB, 0xA3EB, 0xA3EB, 0xA40C, 0xAC2C, 0xAC6D,
    0xB48E, 0xBCF2, 0xC532, 0xCDB4, 0xCE15, 0xD657, 0xDE78, 0xDEB9, 0xDEB9, 0xDEB9, 0xE6DA, 0xE6DA, 0xE6DA, 0xE6DA, 0xE6DA, 0xDEB9,
    0xCE15, 0xBCCF, 0xBCEF, 0xBCEF, 0xBCEF, 0xBCEF, 0xBCCF, 0xBCCF, 0xB48E, 0xBCAE, 0xB48E, 0xB48E, 0xB48E, 0xBCCF, 0xA5AE, 0xB5B1,
    0xA5AE, 0xAD0E, 0xAC6D, 0xAC2C, 0xAC2C, 0xAC6D, 0xAC6D, 0xAC6D, 0xAC6D, 0xAC2C, 0x9BEC, 0xACD0, 0xDE78, 0xEF3B, 0xF77C, 0xF77C,
    0xF77C, 0xF77C, 0xF77C, 0xEF3B, 0xE6FA, 0xDE78, 0xDE78, 0xEE36, 0xED53, 0xED53, 0xED53, 0xE4B0, 0xEDD5, 0xF6FA, 0xF6B9, 0xF6B9,
    0xF6FA, 0xF6FA, 0xF6B9, 0xEDD5, 0xEE57, 0xEE36, 0xDB8C, 0xD32B, 0xDBCD, 0xDC0E, 0xDBCD, 0xE4B0, 0xED94, 0xED94, 0xEDD5, 0xDD12,
    0xBB4A, 0xABAB, 0x836A, 0x6B2B, 0x62C9, 0x62C9, 0x62EA, 0x734C, 0x6B2B, 0x62C9, 0x5268, 0x5247, 0x4A27, 0x4A27, 0x4A27, 0x4A27,
    0x5247, 0x5268, 0x5A88, 0x5A88, 0x5A88, 0x5A88, 0x5A88, 0x5A88, 0x5AA9, 0x5AA9, 0x5AA9, 0x5AA9, 0x62C9, 0x62EA, 0x6B4B, 0x83CD,
    0x9470, 0x9470, 0x8C2E, 0x8BEE, 0x8C2E, 0xA490, 0xA490, 0x9CB1, 0xACF1, 0xACF1, 0xAD12, 0xB533, 0xBD73, 0xA555, 0xBD94, 0xBD73,
    0xBD73, 0xB533, 0xAD12, 0xACF1, 0x9CB1, 0xAD12, 0xB533, 0xBD73, 0xB533, 0xB533, 0xAD12, 0xACF1, 0xA555, 0xAD12, 0xAD12, 0x9CB1,
    0xA490, 0x9470, 0x8C2E, 0x8C2E, 0x83CD, 0x6B2B, 0x62C9, 0x62C9, 0x62C9, 0x5AA9, 0x5A88, 0x5A88, 0x5A88, 0x5AA9, 0x5A88, 0x5A88,
    0x5A88, 0x5AA9, 0x5A88, 0x62C9, 0x7BAD, 0x736C, 0x5A88, 0x41E6, 0x39C5, 0x39C5, 0x41E6, 0x5A88, 0x734C, 0x736C, 0x736C, 0x734C,
    0x734C, 0x734C, 0x6B4B, 0x6B4B, 0x734C, 0x6B2B, 0x62EA, 0x6B2B, 0x7BAD, 0x8BEE, 0x8BEE, 0x8C2E, 0x83CD, 0x736C, 0x734C, 0x6B4B,
    0x734C, 0x7BAD, 0x93CC, 0xAC2C, 0xAC6D, 0xAC4D, 0xB44D, 0xB46D, 0xBCCF, 0xBD94, 0xD657, 0xC67A, 0xADD9, 0xADD9, 0x8D37, 0x7CD7,
    0x5BF5, 0x7CD7, 0x8D37, 0x5BF5, 0x6C56, 0x9D98, 0xBE19, 0x7CD7, 0x7CD7, 0x9D98, 0x7CD7, 0x6C56, 0x6C56, 0x8D37, 0xADD9, 0x9D98,
    0xBE19, 0xD657, 0xBD94, 0x9C0D, 0x938A, 0x93AA, 0x9BAB, 0x9BAB, 0x9BAB, 0x93AA, 0x9BCB, 0xAC2C, 0xBCCF, 0xCD73, 0xD5F5, 0xDE78,
    0xDEB9, 0xE6DA, 0xDEFB, 0xDEFB, 0xDEFB, 0xDEFB, 0xDEFB, 0xE71B, 0xE71B, 0xE71B, 0xDEFB, 0xD6BA, 0xD6BA, 0xDEFB, 0xDEFB, 0xDEFB,
    0xEF5C, 0xE6F9, 0xE6FA, 0xE6FA, 0xEF1A, 0xE6FA, 0xE6FA, 0xE6F9, 0xDE78, 0xCDF3, 0xB5B1, 0xB5B1, 0xA5AE, 0xADCF, 0xB5EF, 0xB5EF,
    0xADCF, 0xB5EF, 0xAD0E, 0xAC6D, 0xAC6D, 0xB44D, 0xB44D, 0xAC6D, 0xAC6D, 0xAC4D, 0x9BCB, 0x93AA, 0xA490, 0xD657, 0xEF1A, 0xEF5C,
    0xF77C, 0xF77C, 0xF77C, 0xF77C, 0xEF5C, 0xEF3B, 0xE6DA, 0xDE78, 0xD657, 0xEE15, 0xED94, 0xED12, 0xED94, 0xF6D9, 0xF6B9, 0xF6B9,
    0xF6FA, 0xF6FA, 0xF6B9, 0xEDD5, 0xEDD5, 0xED53, 0xDB8C, 0xDB8C, 0xDC0E, 0xDC0E, 0xDB8C, 0xE42E, 0xED12, 0xED94, 0xBCF2, 0x9C0D,
    0x6B4B, 0x62EA, 0x62C9, 0x62C9, 0x62EA, 0x6B4B, 0x62EA, 0x5AA9, 0x5247, 0x4A27, 0x4A27, 0x4A27, 0x4A27, 0x4A27, 0x4A27, 0x5247,
    0x5247, 0x5268, 0x5A88, 0x5268, 0x5A88, 0x5AA9, 0x5A88, 0x5AA9, 0x5AA9, 0x5AA9, 0x5AA9, 0x62C9, 0x62C9, 0x62EA, 0x734C, 0x8BEE,
    0x9470, 0x9470, 0x9470, 0x9470, 0x9470, 0x9CB1, 0x9CB1, 0xA490, 0xA490, 0x9CB1, 0x9CB1, 0xAD12, 0xB533, 0xBD73, 0xBD94, 0xBD94,
    0xA555, 0xB533, 0xAD12, 0xAD12, 0xB533, 0xBD73, 0xBD73, 0xBD73, 0xA555, 0xBD73, 0xAD12, 0xACF1, 0xAD12, 0xAD12, 0xA555, 0xACF1,
    0xA490, 0x8C2E, 0x8BEE, 0x8C2E, 0x7BAD, 0x6B0A, 0x62C9, 0x62C9, 0x62C9, 0x5AA9, 0x5AA9, 0x5AA9, 0x5AA9, 0x5AA9, 0x5AA9, 0x5AA9,
    0x5AA9, 0x62C9, 0x734C, 0x7BAD, 0x62C9, 0x4A27, 0x41E6, 0x41E6, 0x41E6, 0x41E6, 0x41E6, 0x5AA9, 0x734C, 0x736C, 0x734C, 0x734C,
    0x734C, 0x6B4B, 0x6B4B, 0x6B4B, 0x6B2B, 0x6B2B, 0x6B2B, 0x6B2B, 0x6B2B, 0x6B0A, 0x6B2B, 0x7BAD, 0x8BEE, 0x8C2E, 0x8C2E, 0x7BAD,
    0x6B4B, 0x6B0A, 0x6B4B, 0x736C, 0x93CC, 0xAC4D, 0xB46D, 0xBC8D, 0xB46D, 0xAC6D, 0xB48E, 0xC532, 0xCE15, 0xDE78, 0xC67A, 0xBE19,
    0xADD9, 0x9D98, 0x8D37, 0x84B4, 0x8D37, 0xC67A, 0x8D37, 0x6C56, 0x7CD7, 0x9D98, 0x8D37, 0x9D98, 0xADD9, 0xC67A, 0xD6BA, 0xDE78,
    0xC5B4, 0xA490, 0x8BAB, 0x93AA, 0x9BAB, 0x9BCB, 0x9BCB, 0x9BEC, 0xAC2C, 0xBCF2, 0xC5D5, 0xDE78, 0xE6DA, 0xDEFB, 0xDEFB, 0xDEFB,
    0xDEFB, 0xE71B, 0xE71B, 0xDEFB, 0xBE19, 0xC67A, 0xADD9, 0xDEFB, 0xEF3B, 0xDEFB, 0xE71B, 0x9D98, 0x7CD7, 0x9D98, 0xC67A, 0xD6BA,
    0xF77D, 0xF77C, 0xEF5C, 0xF77C, 0xF77C, 0xEF3B, 0xE6DA, 0xDE76, 0xC653, 0xC651, 0xBE12, 0xBE12, 0xB5EF, 0xA5AE, 0xA5AE, 0xB5EF,
    0xADCF, 0xB5EF, 0xC651, 0xB5B1, 0xBCCF, 0xBCAE, 0xB46D, 0xB46D, 0xAC6D, 0xAC2C, 0x9BAB, 0x93AA, 0x8B6A, 0x9C0D, 0xCE15, 0xE6F9,
    0xEF3B, 0xEF5C, 0xF77C, 0xF77C, 0xF77C, 0xF77C, 0xEF3B, 0xEF1A, 0xDEB9, 0xDE78, 0xDE36, 0xED94, 0xE552, 0xEE57, 0xF6B9, 0xEE78,
    0xF6D9, 0xF6D9, 0xF6D9, 0xEE36, 0xED94, 0xED12, 0xDB8C, 0xDB8C, 0xDB8C, 0xE42E, 0xE42E, 0xE42E, 0xBC70, 0x9C0D, 0x6B0A, 0x62C9,
    0x5AA9, 0x5AA9, 0x62EA, 0x6B2B, 0x62C9, 0x5247, 0x4A27, 0x4A06, 0x4A06, 0x5247, 0x5247, 0x5247, 0x5247, 0x5247, 0x4A27, 0x5247,
    0x5247, 0x5A88, 0x5A88, 0x5A88, 0x5AA9, 0x5AA9, 0x5A88, 0x5AA9, 0x5AA9, 0x5AA9, 0x5AA9, 0x62C9, 0x62C9, 0x62EA, 0x734C, 0x8BEE,
    0x8C2E, 0xA490, 0x9CB1, 0x9CB1, 0x9470, 0x9CB1, 0x9CB1, 0x9470, 0x9470, 0x9470, 0x9470, 0x9CB1, 0xAD12, 0xBD73, 0xBD73, 0xBD94,
    0xBD73, 0xB533, 0xA555, 0xB533, 0xBD73, 0xBD94, 0xBD73, 0xBD73, 0xBD73, 0xBD73, 0xAD12, 0xACF1, 0xA555, 0xAD12, 0xAD12, 0xACF1,
    0xA490, 0x8C2E, 0x8BEE, 0x8BEE, 0x734C, 0x62EA, 0x62EA, 0x62C9, 0x62C9, 0x62C9, 0x62C9, 0x5AA9, 0x5AA9, 0x5AA9, 0x5AA9, 0x5AA9,
    0x6B2B, 0x7BAD, 0x6B4B, 0x5268, 0x4A06, 0x4A06, 0x41E6, 0x41E6, 0x41E6, 0x41E6, 0x4A06, 0x62EA, 0x736C, 0x736C, 0x734C, 0x734C,
    0x6B4B, 0x6B2B, 0x6B4B, 0x6B4B, 0x6B2B, 0x6B0A, 0x6B0A, 0x6B4B, 0x6B2B, 0x6B0A, 0x6B0A, 0x6B2B, 0x6B2B, 0x736C, 0x8BEE, 0x8C2E,
    0x8C2E, 0x83CD, 0x734C, 0x6B2B, 0x6B2B, 0x736C, 0x93CC, 0xAC6D, 0xB46D, 0xB46D, 0xB46D, 0xAC4D, 0xAC6D, 0xB48E, 0xC532, 0xC5B4,
    0xCE15, 0xD657, 0xDE78, 0xDEB9, 0xDEB9, 0xE6DA, 0xE6DA, 0xD6BA, 0xD6BA, 0xE6DA, 0xDEB9, 0xDE78, 0xD657, 0xC5B4, 0xACF1, 0xA46E,
    0x93CB, 0x9BCB, 0xA3EB, 0xA40C, 0xA40C, 0xAC4D, 0xBCCF, 0xCDB4, 0xDEB9, 0xE6FA, 0xDEFB, 0xDEFB, 0xDEFB, 0xE71B, 0xEF3B, 0xEF3B,
    0xEF5C, 0xE71B, 0xDEFB, 0xE71B, 0x9D98, 0xADD9, 0x9D98, 0xD6BA, 0xC67A, 0x8D37, 0xADD9, 0xADD9, 0x9D98, 0x9D98, 0xBE19, 0xC67A,
    0xF77D, 0xEF3B, 0xEF3B, 0xE6FA, 0xD615, 0xCD73, 0xBCCF, 0xB48E, 0xA5AE, 0xB5EF, 0xB5EF, 0xB5EF, 0xB5EF, 0xA58E, 0xA5AE, 0xB5EF,
    0xADCF, 0xADCF, 0xC651, 0xCE93, 0xD655, 0xD657, 0xCDB4, 0xC510, 0xB48E, 0xA40C, 0x9BAB, 0x93AA, 0x938A, 0x8B6A, 0x93CC, 0xC532,
    0xDEB9, 0xEF1A, 0xEF3B, 0xEF3B, 0xE6FA, 0xE6DA, 0xE6DA, 0xDEB9, 0xDE78, 0xDE78, 0xD657, 0xD657, 0xD615, 0xEE36, 0xEE78, 0xEE78,
    0xF6B9, 0xF6D9, 0xF6D9, 0xEE78, 0xED94, 0xED12, 0xD32B, 0xD32B, 0xD32B, 0xDBCD, 0xBC4C, 0x938A, 0x6B0A, 0x5AA9, 0x5A88, 0x5AA9,
    0x62EA, 0x62C9, 0x5A88, 0x5268, 0x4A27, 0x4A06, 0x4A27, 0x5247, 0x4A27, 0x4A06, 0x4A27, 0x5247, 0x4A27, 0x5247, 0x5247, 0x5268,
    0x5268, 0x5A88, 0x5A88, 0x5A88, 0x5A88, 0x5A88, 0x5A88, 0x5AA9, 0x5AA9, 0x5AA9, 0x5AA9, 0x62C9, 0x62C9, 0x62C9, 0x734C, 0x8BEE,
    0x8BEE, 0x9470, 0x9CB1, 0x9CB1, 0x9CB1, 0x9CB1, 0x9CB1, 0x9470, 0x8C2E, 0x8C2E, 0x8C2E, 0x9470, 0xAD12, 0xBD73, 0xA555, 0xBD73,
    0xBD94, 0xBD73, 0xBD73, 0xBD73, 0xBD73, 0xBD94, 0xBD94, 0xBD73, 0xBD73, 0xBD73, 0xAD12, 0xAD12, 0xAD12, 0xAD12, 0xAD12, 0xACF1,
    0xA490, 0x8C2E, 0x8BEE, 0x7BAD, 0x6B0A, 0x62EA, 0x62EA, 0x62C9, 0x62C9, 0x62C9, 0x5AA9, 0x62C9, 0x5AA9, 0x5AA9, 0x62C9, 0x736C,
    0x83CD, 0x62C9, 0x4A06, 0x41E6, 0x41E6, 0x41E6, 0x39C5, 0x41E6, 0x39C5, 0x39C5, 0x4A27, 0x6B4B, 0x736C, 0x736C, 0x736C, 0x734C,
    0x734C, 0x6B4B, 0x6B2B, 0x6B2B, 0x6B4B, 0x6B4B, 0x6B0A, 0x6B0A, 0x6B2B, 0x6B0A, 0x6B2B, 0x6B2B, 0x6B0A, 0x6B0A, 0x6B2B, 0x736C,
    0x83CD, 0x9470, 0x8C2E, 0x7BAD, 0x6B2B, 0x6B0A, 0x6B2B, 0x736C, 0x9C0D, 0xAC6D, 0xAC6D, 0xB46D, 0xB46D, 0xB46D, 0xB46D, 0xB46D,
    0xB48E, 0xB48E, 0xBCCF, 0xBCCF, 0xBCF2, 0xC532, 0xB533, 0xAD12, 0xAD12, 0xACF1, 0xA490, 0xA46E, 0x9C0D, 0x9BEC, 0xA3EB, 0xA40C,
    0xAC2C, 0xAC2C, 0xAC2C, 0xAC6D, 0xC532, 0xDE36, 0xE6DA, 0xE71B, 0xE71B, 0xDEFB, 0xDEFB, 0xE71B, 0xD6BA, 0xD6BA, 0xE71B, 0xEF5C,
    0xEF3B, 0xBE19, 0x8D37, 0xADD9, 0x9D98, 0xD6BA, 0xD6BA, 0xBE19, 0xADD9, 0xBE19, 0xBE19, 0xC5D5, 0xD5D4, 0xD5D4, 0xEE15, 0xEDD5,
    0xDE78, 0xBCCF, 0xBCF2, 0xBCCF, 0x9BCB, 0xA36A, 0x9B29, 0xA36A, 0x9BCB, 0xB48E, 0xA5AE, 0xB5EF, 0xB5EF, 0xA58E, 0xA5AE, 0xB5EF,
    0xADCF, 0xADCF, 0xBE12, 0xC651, 0xC653, 0xDED6, 0xEF1A, 0xE6F9, 0xD657, 0xC532, 0xAC2C, 0x9BCB, 0x9BAB, 0x8B8B, 0x938A, 0x8BAB,
    0xA490, 0xB533, 0xACF1, 0x9470, 0x8C2E, 0x8BEE, 0x7BAD, 0x736C, 0x736C, 0x7BAD, 0x8BEE, 0xA490, 0xB533, 0xC5B4, 0xD5F5, 0xEE36,
    0xEE57, 0xEE78, 0xF6B9, 0xEE78, 0xEDD5, 0xED53, 0xE42E, 0xDB8C, 0xDB8C, 0xA36A, 0x7309, 0x5AA9, 0x5A88, 0x5AA9, 0x62C9, 0x62C9,
    0x5A88, 0x4A27, 0x4A06, 0x4A27, 0x4A27, 0x4A06, 0x4A06, 0x4A27, 0x4A27, 0x4A27, 0x4A27, 0x5247, 0x4A27, 0x5247, 0x5247, 0x5268,
    0x5268, 0x5268, 0x5A88, 0x5A88, 0x5AA9, 0x5AA9, 0x5AA9, 0x5AA9, 0x5AA9, 0x62C9, 0x62C9, 0x62EA, 0x62EA, 0x62EA, 0x734C, 0x8BEE,
    0x8BEE, 0x8C2E, 0x9CB1, 0x9CB1, 0x9CB1, 0x9470, 0x9CB1, 0x9CB1, 0x8C2E, 0x8BEE, 0x8BEE, 0x8C2E, 0xACF1, 0xB533, 0xB533, 0xB533,
    0xBD73, 0xBD94, 0xBD73, 0xBD94, 0xCD73, 0xCD93, 0xBD94, 0xCD73, 0xCD73, 0xCD73, 0xC532, 0xC532, 0xBCF2, 0xBCF2, 0xBCF2, 0xBCF2,
    0xB48E, 0x9BEC, 0x938A, 0x8329, 0x7AE8, 0x7AE8, 0x7AE8, 0x6AE9, 0x6AE9, 0x6AE9, 0x6AE9, 0x62C9, 0x5AA9, 0x6B0A, 0x8BEE, 0x7BAD,
    0x5268, 0x4A06, 0x4A06, 0x41E6, 0x41E6, 0x41E6, 0x41E6, 0x4A06, 0x39C5, 0x41E6, 0x5268, 0x734C, 0x736C, 0x734C, 0x734C, 0x6B4B,
    0x6B4B, 0x6B4B, 0x6B4B, 0x6B4B, 0x6B2B, 0x6B4B, 0x6B2B, 0x6B2B, 0x6B2B, 0x6B0A, 0x6B0A, 0x6B2B, 0x6B0A, 0x6B2B, 0x6B4B, 0x6B2B,
    0x6B4B, 0x736C, 0x7BAD, 0x8C2E, 0x8C2E, 0x7BAD, 0x6B2B, 0x6B0A, 0x6B4B, 0x7BAD, 0x9C0D, 0xAC6D, 0xBCAE, 0xBCAE, 0xBC8D, 0xBC8D,
    0xB46D, 0xB46D, 0xB46D, 0xB46D, 0xAC6D, 0xAC4D, 0xAC2C, 0xAC2C, 0xB42C, 0xB42C, 0xAC2C, 0xA40C, 0xAC2C, 0xAC4D, 0xAC4D, 0xAC2C,
    0xAC2C, 0xAC4D, 0xC510, 0xDE36, 0xE6FA, 0xDEFB, 0xDEFB, 0xE71B, 0xDEFB, 0xDEFB, 0xE71B, 0xE71B, 0xADD9, 0x7CD7, 0xADD9, 0xDEFB,
    0xC67A, 0xDEFB, 0xC67A, 0x9D98, 0x7CD7, 0xC67A, 0xDE78, 0xD657, 0xD657, 0xEE36, 0xED94, 0xED12, 0xED12, 0xED53, 0xED53, 0xED12,
    0xBCF2, 0x8AE7, 0x9B29, 0x9B29, 0x9B29, 0x8AE7, 0x8AE7, 0x9B29, 0x9B29, 0xA36A, 0xAC2C, 0xAD0E, 0xADCF, 0xA5AE, 0xA58E, 0xADCF,
    0xADCF, 0xADCF, 0xB5EF, 0xB5EF, 0xB5EF, 0xB5EF, 0xC651, 0xE717, 0xEF5C, 0xEF1A, 0xD657, 0xC510, 0xAC2C, 0x93CB, 0x838B, 0x7B2A,
    0x62EA, 0x6B2B, 0x6B0A, 0x6B2B, 0x6B0A, 0x62EA, 0x62C9, 0x5A88, 0x62C9, 0x62EA, 0x6B0A, 0x6B0A, 0x6B2B, 0x734C, 0x736C, 0x8C2E,
    0xACF1, 0xCD73, 0xD5F5, 0xEE15, 0xEE36, 0xED94, 0xDCD1, 0xABAB, 0x6AE9, 0x5AA9, 0x5A88, 0x5AA9, 0x62EA, 0x62C9, 0x5A88, 0x5247,
    0x4A06, 0x4A06, 0x4A06, 0x4A27, 0x4A27, 0x4A27, 0x4A06, 0x4A27, 0x5247, 0x4A27, 0x4A27, 0x5247, 0x5247, 0x5247, 0x5268, 0x5268,
    0x5268, 0x5A88, 0x5A88, 0x5A88, 0x5A88, 0x5AA9, 0x5AA9, 0x62C9, 0x62C9, 0x62C9, 0x62C9, 0x62C9, 0x62EA, 0x62EA, 0x6B4B, 0x8BEE,
    0x8BEE, 0x8BEE, 0x9CB1, 0x9CB1, 0x9CB1, 0x9C4F, 0x9C4F, 0xA490, 0x9C0D, 0x9BEC, 0xA3EB, 0xAC0B, 0xBCCE, 0xC530, 0xCD51, 0xC510,
    0xBCF2, 0xCD73, 0xCD73, 0xCD73, 0xCD73, 0xD5D4, 0xCD93, 0xC532, 0xCD73, 0xC532, 0xBCF2, 0xBCF2, 0xBC70, 0xBC70, 0xBCEF, 0xC4EF,
    0xB44D, 0x9AA8, 0x8A65, 0x8A06, 0x8A06, 0x8A65, 0x8A65, 0x8A65, 0x8A65, 0x8A65, 0x8AE7, 0x8AE7, 0x8B8B, 0x8C2E, 0x6B2B, 0x4A06,
    0x41E6, 0x4A06, 0x41E6, 0x41E6, 0x41E6, 0x41E6, 0x41E6, 0x41E6, 0x41E6, 0x41E6, 0x5AA9, 0x736C, 0x734C, 0x734C, 0x6B4B, 0x734C,
    0x6B2B, 0x6B4B, 0x6B4B, 0x6B4B, 0x6B2B, 0x6B2B, 0x6B2B, 0x6B2B, 0x6B2B, 0x6B2B, 0x6B0A, 0x6B0A, 0x6B0A, 0x6B2B, 0x6B4B, 0x6B4B,
    0x734C, 0x6B4B, 0x734C, 0x736C, 0x8BEE, 0x9470, 0x8C2E, 0x7BAD, 0x6B2B, 0x6B0A, 0x736C, 0x83CD, 0xAC2C, 0xB46D, 0xBC8D, 0xBC8D,
    0xB46D, 0xBC8D, 0xB46D, 0xB46D, 0xB46D, 0xAC6D, 0xAC4D, 0xB44D, 0xAC6D, 0xB44D, 0xB44D, 0xB44D, 0xB44D, 0xB44D, 0xB44D, 0xB44D,
    0xBCCF, 0xD5F5, 0xE6FA, 0xE71B, 0xDEFB, 0xDEFB, 0xD6BA, 0xC67A, 0x9D98, 0x9D98, 0xDEFB, 0xEF3B, 0xDEFB, 0xADD9, 0xC67A, 0xC67A,
    0x9D98, 0xE6DA, 0xE6F9, 0xCE36, 0xC5B4, 0xEE15, 0xEE15, 0xEDD5, 0xED12, 0xE4D1, 0xE4B0, 0xED53, 0xEDD5, 0xEDD5, 0xE4D1, 0xE42E,
    0xBCF2, 0x9BAB, 0x93AA, 0x9B29, 0x9B29, 0x9B29, 0x9B29, 0xA36A, 0x9B29, 0xA36A, 0xBCAE, 0xAC4D, 0xAD0E, 0xA5AE, 0x9D6D, 0xADCF,
    0xADCF, 0xADCF, 0xB5EF, 0xB5EF, 0xADCF, 0xADCF, 0xADCF, 0xC653, 0xEF3B, 0xEF5C, 0xEF5C, 0xEF1A, 0xBD73, 0x736C, 0x62EA, 0x62EA,
    0x62C9, 0x62EA, 0x62C9, 0x5AA9, 0x5247, 0x4A27, 0x4A06, 0x39C5, 0x41E6, 0x4A06, 0x5247, 0x62C9, 0x62EA, 0x62EA, 0x5268, 0x62C9,
    0x6B0A, 0x62EA, 0x734C, 0x83CD, 0x9C4F, 0x8BEE, 0x6B0A, 0x5AA9, 0x5A88, 0x5AA9, 0x62C9, 0x62C9, 0x5A88, 0x4A27, 0x4A06, 0x4A06,
    0x4A06, 0x4A06, 0x4A06, 0x4A06, 0x4A27, 0x4A27, 0x4A06, 0x4A27, 0x4A27, 0x4A27, 0x5247, 0x5247, 0x5247, 0x5247, 0x5268, 0x5268,
    0x5A88, 0x5A88, 0x5A88, 0x5AA9, 0x5AA9, 0x5AA9, 0x62C9, 0x62C9, 0x62C9, 0x62C9, 0x62C9, 0x62C9, 0x62C9, 0x62C9, 0x6B0A, 0x838B,
    0x93CB, 0x93CB, 0x9C4F, 0xACD0, 0xBCCF, 0xA46E, 0xB3EE, 0xABEB, 0xA36A, 0x9B29, 0x9AA8, 0xA36A, 0xBCEF, 0xC530, 0xCD72, 0xBCF2,
    0xBCF2, 0xBCF2, 0xCD73, 0xC532, 0xC532, 0xC532, 0xCD73, 0xCD93, 0xCD73, 0xE552, 0xC532, 0xBCF2, 0xBCF2, 0xBC70, 0xB3EE, 0xBC70,
    0xABAB, 0x9AA8, 0x8A06, 0x9B29, 0x9AA8, 0x8A06, 0x8A65, 0x79C4, 0x8A65, 0x79C4, 0x9B29, 0xABEB, 0x9C0D, 0x62C9, 0x41E6, 0x41E6,
    0x4A06, 0x41E6, 0x41E6, 0x41E6, 0x41E6, 0x39C5, 0x41E6, 0x41E6, 0x41E6, 0x41E6, 0x62EA, 0x736C, 0x734C, 0x6B4B, 0x6B4B, 0x6B4B,
    0x6B4B, 0x734C, 0x6B4B, 0x6B4B, 0x6B2B, 0x6B2B, 0x6B2B, 0x6B4B, 0x6B2B, 0x6B0A, 0x6B2B, 0x6B2B, 0x6B4B, 0x6B4B, 0x6B4B, 0x6B2B,
    0x734C, 0x734C, 0x6B4B, 0x6B4B, 0x6B4B, 0x734C, 0x8BEE, 0x8C2E, 0x83CD, 0x6B4B, 0x6B2B, 0x6B2B, 0x736C, 0x93CC, 0xAC6D, 0xBC8D,
    0xB46D, 0xAC4D, 0xAC2C, 0xAC4D, 0xAC2C, 0xAC4D, 0xAC6D, 0xB44D, 0xAC6D, 0xB46D, 0xB46D, 0xB46D, 0xB46D, 0xB46D, 0xB46D, 0xC532,
    0xDEB9, 0xE71B, 0xDEFB, 0xDEFB, 0xE71B, 0xC67A, 0x9D98, 0x7CD7, 0x8D37, 0xADD9, 0xC67A, 0xDEB9, 0xEF1A, 0xE6FA, 0xF6D9, 0xDE78,
    0xEE15, 0xEE15, 0xEE15, 0xED94, 0xED12, 0xE4D1, 0xE4B0, 0xE4D1, 0xE4B0, 0xE46F, 0xED12, 0xED53, 0xE4D1, 0xE46F, 0xE46F, 0xE42E,
    0xBCF2, 0x9BCB, 0x938A, 0x8AE7, 0xA36A, 0xA36A, 0x9B29, 0x9B29, 0x9B29, 0xA36A, 0xBCCE, 0xABEB, 0xA40C, 0x9D6D, 0x9D6D, 0xADCF,
    0xA58E, 0xA5AE, 0xB5EF, 0xA5AE, 0xA5AE, 0xA5AE, 0xA5AE, 0xBE12, 0xE6F9, 0xEF5C, 0xEF3B, 0xCE15, 0x8BEE, 0x6B4B, 0x62C9, 0x5268,
    0x4A27, 0x4A06, 0x3985, 0x2944, 0x2944, 0x20E3, 0x20E3, 0x20E3, 0x20E3, 0x2944, 0x2944, 0x2944, 0x39C5, 0x5268, 0x5A88, 0x5A88,
    0x5AA9, 0x62C9, 0x62C9, 0x5AA9, 0x5AA9, 0x5A88, 0x5A88, 0x5AA9, 0x62EA, 0x62EA, 0x5A88, 0x5247, 0x4A06, 0x4A06, 0x4A27, 0x4A06,
    0x4A27, 0x4A06, 0x4A06, 0x4A27, 0x4A27, 0x4A27, 0x4A27, 0x4A27, 0x4A27, 0x4A27, 0x5247, 0x5268, 0x5268, 0x5268, 0x5A88, 0x5A88,
    0x5A88, 0x5AA9, 0x5AA9, 0x5AA9, 0x5AA9, 0x62C9, 0x62C9, 0x62C9, 0x62C9, 0x62C9, 0x62C9, 0x62A8, 0x6A66, 0x6A66, 0x8A06, 0xA1E5,
    0xBA06, 0xCAC9, 0xCBCC, 0xAD0E, 0xA5AE, 0xA490, 0x93AA, 0x9B29, 0x9AA8, 0x8A06, 0x79C4, 0x9AA8, 0xB3EE, 0xBC70, 0xBCCF, 0xBCCF,
    0xBCF2, 0xCD72, 0xDDF3, 0xCD93, 0xCD73, 0xBCF2, 0xBCF2, 0xCD73, 0xC532, 0xCD73, 0xC532, 0xBCF2, 0xC532, 0xB5B1, 0xAD0E, 0xACD0,
    0xABEB, 0xD32B, 0xCA68, 0xCAC9, 0xB287, 0xB287, 0xAB09, 0x9AA8, 0xAB09, 0x8A06, 0xB3EE, 0x8C2E, 0x5A88, 0x41E6, 0x41E6, 0x41E6,
    0x4A06, 0x41E6, 0x41E6, 0x41E6, 0x39C5, 0x41E6, 0x41E6, 0x41E6, 0x41E6, 0x4A27, 0x6B2B, 0x736C, 0x734C, 0x6B4B, 0x6B4B, 0x6B4B,
    0x734C, 0x734C, 0x6B4B, 0x6B4B, 0x6B4B, 0x6B4B, 0x6B4B, 0x6B4B, 0x6B2B, 0x6B2B, 0x6B2B, 0x6B4B, 0x734C, 0x734C, 0x6B4B, 0x734C,
    0x734C, 0x734C, 0x734C, 0x6B4B, 0x6B4B, 0x6B4B, 0x6B4B, 0x734C, 0x8BEE, 0x8C2E, 0x7BAD, 0x6B4B, 0x6B0A, 0x6B2B, 0x7BAD, 0x9C0D,
    0xAC6D, 0xAC2C, 0xAC2C, 0xAC2C, 0xAC2C, 0xB46D, 0xB46D, 0xB46D, 0xB46D, 0xBC8D, 0xBC8D, 0xBC8D, 0xB46D, 0xBCAE, 0xCD93, 0xE6FA,
    0xDEFB, 0xDEFB, 0xD6BA, 0xD6BA, 0xF6FA, 0xDEB9, 0xD657, 0xC5D5, 0xC5D5, 0xD657, 0xDE36, 0xEDD5, 0xEDD5, 0xED94, 0xED94, 0xEDD5,
    0xED94, 0xED12, 0xE4D1, 0xE4D1, 0xE4D1, 0xED12, 0xE4B0, 0xE42E, 0xE42E, 0xE4B0, 0xED53, 0xE4B0, 0xE42E, 0xE42E, 0xE42E, 0xE46F,
    0xBCF2, 0x9B29, 0x8AE7, 0x9B29, 0x9B29, 0xA36A, 0x9B29, 0x8AE7, 0xA36A, 0xBC4C, 0xBC8D, 0xABAB, 0x93AA, 0x8D0C, 0x9D6D, 0xA58E,
    0x9D6D, 0xA5AE, 0xA58E, 0x9D6D, 0xA58E, 0xA58E, 0xA58E, 0xA5AE, 0xC653, 0xE6FA, 0xC5B4, 0x7BAD, 0x734C, 0x6B0A, 0x41E6, 0x39C5,
    0x2944, 0x20E3, 0x20E3, 0x20E3, 0x2944, 0x3985, 0x41E6, 0x41E6, 0x4A06, 0x5268, 0x4A06, 0x39C5, 0x3985, 0x39C5, 0x3985, 0x41E6,
    0x5AA9, 0x62C9, 0x5A88, 0x5A88, 0x5A88, 0x5A88, 0x62EA, 0x6B2B, 0x5AA9, 0x5247, 0x4A27, 0x4A06, 0x4A27, 0x4A06, 0x4A06, 0x4A06,
    0x4A27, 0x4A06, 0x4A27, 0x4A27, 0x4A06, 0x4A27, 0x4A27, 0x4A27, 0x5247, 0x5247, 0x5268, 0x5268, 0x5A88, 0x5A88, 0x5A88, 0x5A88,
    0x5AA9, 0x5AA9, 0x5AA9, 0x62C9, 0x62C9, 0x62C9, 0x62A8, 0x62A8, 0x62A8, 0x6A66, 0x79C4, 0x9164, 0x9164, 0xB102, 0xB964, 0xCA68,
    0xD32B, 0xDB8C, 0xD32B, 0xB48E, 0xA58E, 0x952D, 0x93CC, 0x9B29, 0x9AA8, 0x79C4, 0x79C4, 0x8A06, 0x9AA8, 0xABAB, 0xB3EE, 0xB3EE,
    0xBC70, 0xC532, 0xCD93, 0xD5D4, 0xCDB4, 0xBCF2, 0xBCF2, 0xBCF2, 0xBCF2, 0xBCF2, 0xBCF2, 0xBCF2, 0xB533, 0xB5B1, 0xAD0E, 0xA490,
    0x9BCB, 0xCAC9, 0xCAC9, 0xCA68, 0xC9E5, 0xC9E5, 0xC9E5, 0xB964, 0xA1E5, 0xA36A, 0x8BEE, 0x5A88, 0x4A06, 0x4A06, 0x41E6, 0x41E6,
    0x41E6, 0x41E6, 0x41E6, 0x41E6, 0x39C5, 0x41E6, 0x4A06, 0x41E6, 0x4A06, 0x5268, 0x734C, 0x736C, 0x734C, 0x734C, 0x734C, 0x6B2B,
    0x6B4B, 0x734C, 0x734C, 0x6B4B, 0x6B4B, 0x6B4B, 0x6B4B, 0x6B4B, 0x6B2B, 0x6B2B, 0x6B2B, 0x6B4B, 0x6B4B, 0x6B4B, 0x734C, 0x734C,
    0x6B4B, 0x734C, 0x734C, 0x6B4B, 0x6B4B, 0x6B4B, 0x6B4B, 0x6B2B, 0x734C, 0x736C, 0x8BEE, 0x9470, 0x7BAD, 0x6B2B, 0x6B2B, 0x734C,
    0x83CD, 0xAC2C, 0xAC6D, 0xAC6D, 0xB46D, 0xBC8D, 0xBC8D, 0xBCAE, 0xBC8D, 0xBC8D, 0xBC8D, 0xBCAE, 0xBCAE, 0xCDB4, 0xE6FA, 0xDEFB,
    0xDEFB, 0xE71B, 0xADD9, 0xD657, 0xEE78, 0xEE15, 0xF6B9, 0xF6B9, 0xEE36, 0xEE15, 0xEE36, 0xED53, 0xE4B0, 0xE46F, 0xE4B0, 0xED12,
    0xEDD5, 0xED53, 0xE4B0, 0xE46F, 0xE46F, 0xE46F, 0xE42E, 0xE42E, 0xE46F, 0xE4D1, 0xED12, 0xE46F, 0xDC0E, 0xDBCD, 0xDC0E, 0xDC0E,
    0xC532, 0x9B29, 0x9B29, 0xA36A, 0xA36A, 0x9B29, 0x9B29, 0xA36A, 0xAC0B, 0xBC4C, 0xA36A, 0xA36A, 0x8B6A, 0x8CEC, 0x954D, 0xA58E,
    0xAD0E, 0x9CCC, 0xAC6D, 0xAC6D, 0xAC6D, 0xB48E, 0xAD0E, 0xA5AE, 0xADCF, 0xAD0E, 0x7BAD, 0x83CD, 0x6B2B, 0x41E6, 0x2944, 0x2944,
    0x20E3, 0x3985, 0x5A88, 0x7309, 0x838B, 0x93CB, 0x9BAB, 0x93CB, 0x93CC, 0xA46E, 0xACD0, 0xACD0, 0x8C2E, 0x62C9, 0x3985, 0x41E6,
    0x62C9, 0x5AA9, 0x5268, 0x5268, 0x5AA9, 0x6B0A, 0x62C9, 0x5268, 0x4A06, 0x4A06, 0x4A27, 0x4A06, 0x4A27, 0x4A27, 0x4A06, 0x4A06,
    0x4A27, 0x4A27, 0x4A27, 0x4A27, 0x4A27, 0x5247, 0x4A27, 0x5247, 0x5247, 0x5268, 0x5268, 0x5A88, 0x5A88, 0x5A88, 0x5A88, 0x5AA9,
    0x5AA9, 0x5AA9, 0x5AA9, 0x62A8, 0x62A8, 0x7AE8, 0x8329, 0x8AE7, 0x8A65, 0x9164, 0xA1E5, 0xBA06, 0xB964, 0xB964, 0xC9E5, 0xD32B,
    0xCAC9, 0xDBCD, 0xCAC9, 0xA40C, 0x84CB, 0x946B, 0x93CB, 0x938A, 0x9B29, 0x8A06, 0x8A06, 0xA247, 0xAB09, 0xAB09, 0x9B29, 0xDC0E,
    0xDC90, 0xBC70, 0xDCD1, 0xCD93, 0xCDB4, 0xCD73, 0xBCF2, 0xBCF2, 0xB533, 0xC532, 0xBCF2, 0xBCF2, 0xBCF2, 0xBCF2, 0x9C4F, 0x93CB,
    0x8AE7, 0x9AA8, 0xAB09, 0xAB09, 0xD32B, 0xD32B, 0xDB8C, 0xCAC9, 0xBB4A, 0x83CD, 0x5A88, 0x4A06, 0x4A06, 0x41E6, 0x41E6, 0x41E6,
    0x41E6, 0x41E6, 0x39C5, 0x39C5, 0x41E6, 0x41E6, 0x41E6, 0x4A06, 0x4A06, 0x5AA9, 0x736C, 0x734C, 0x734C, 0x734C, 0x734C, 0x6B4B,
    0x6B4B, 0x734C, 0x736C, 0x734C, 0x6B4B, 0x6B4B, 0x6B2B, 0x6B4B, 0x6B4B, 0x6B4B, 0x6B2B, 0x6B4B, 0x6B4B, 0x6B4B, 0x734C, 0x734C,
    0x6B4B, 0x734C, 0x734C, 0x6B4B, 0x6B4B, 0x6B4B, 0x6B2B, 0x6B4B, 0x6B4B, 0x6B0A, 0x6B2B, 0x83CD, 0x8C2E, 0x8BEE, 0x734C, 0x6B2B,
    0x6B4B, 0x736C, 0x9C0D, 0xB46D, 0xB46D, 0xBC8D, 0xBC8D, 0xBC8D, 0xBCAE, 0xBC8D, 0xBCAE, 0xBCAE, 0xCD93, 0xE6FA, 0xDEFB, 0xDEFB,
    0xDEFB, 0xC67A, 0x8D37, 0xBE19, 0xEE57, 0xE4D1, 0xED53, 0xEE57, 0xF6B9, 0xEE36, 0xEE36, 0xEDD5, 0xE4B0, 0xE4B0, 0xE46F, 0xE46F,
    0xED12, 0xED12, 0xE46F, 0xE42E, 0xDC0E, 0xDBCD, 0xDC0E, 0xE42E, 0xE42E, 0xE4B0, 0xE42E, 0xE42E, 0xE46F, 0xE4B0, 0xED12, 0xED94,
    0xCD73, 0x9BAB, 0xA36A, 0xA36A, 0xA36A, 0x9B29, 0xA36A, 0xBC4C, 0xAC0B, 0x9B29, 0x8AE7, 0x8AE7, 0x8329, 0x8C09, 0x9CCC, 0x9CCC,
    0xA40C, 0xABEB, 0xABEB, 0xABAB, 0xABAB, 0xABEB, 0xAC0B, 0xBCCF, 0xAD0E, 0x736C, 0x6B4B, 0x736C, 0x4A27, 0x2944, 0x2944, 0x2944,
    0x7BAD, 0xACD0, 0xAC6D, 0xAC6D, 0xAC4D, 0xAC2C, 0xAC2C, 0x9BEC, 0x9BEC, 0x9BEC, 0x9BEC, 0xA46E, 0xB48E, 0xA490, 0x62C9, 0x5268,
    0x62C9, 0x5A88, 0x5A88, 0x6B0A, 0x6B2B, 0x5A88, 0x4A27, 0x4A27, 0x5247, 0x4A27, 0x4A27, 0x4A27, 0x4A06, 0x4A27, 0x4A06, 0x4A27,
    0x4A06, 0x4A27, 0x4A27, 0x5247, 0x5247, 0x5247, 0x5247, 0x5268, 0x5268, 0x5A88, 0x5A88, 0x5A88, 0x5A88, 0x5AA9, 0x5AA9, 0x5AA9,
    0x5AA9, 0x62A8, 0x72A7, 0x8A65, 0x8A65, 0xAB66, 0xAB09, 0xA1E5, 0xB964, 0xBA06, 0xDB8C, 0xDBCD, 0xC9E5, 0xCA68, 0xC9E5, 0xC9E5,
    0xC9E5, 0xCA68, 0xBA06, 0x7AE8, 0x7AE8, 0x8B49, 0x938A, 0xABAB, 0xB3EE, 0xBB4A, 0xCAC9, 0xCAC9, 0xE346, 0x9AA8, 0x9AA8, 0xDB8C,
    0xE42E, 0xDC90, 0xDC90, 0xE4D1, 0xED53, 0xED94, 0xE552, 0xE552, 0xC532, 0xC532, 0xC532, 0xBCF2, 0xBCF2, 0xBC70, 0xB3EE, 0xB3EE,
    0x9AA8, 0x8A06, 0x8A06, 0x8A06, 0x8A06, 0x8A06, 0x9AA8, 0xBC70, 0x83CD, 0x5268, 0x4A06, 0x4A06, 0x4A06, 0x41E6, 0x41E6, 0x41E6,
    0x41E6, 0x41E6, 0x41E6, 0x41E6, 0x4A27, 0x4A06, 0x4A06, 0x4A06, 0x4A27, 0x62EA, 0x736C, 0x734C, 0x734C, 0x734C, 0x734C, 0x734C,
    0x736C, 0x734C, 0x734C, 0x734C, 0x6B4B, 0x6B4B, 0x734C, 0x6B4B, 0x6B4B, 0x6B4B, 0x6B4B, 0x734C, 0x734C, 0x734C, 0x734C, 0x734C,
    0x734C, 0x734C, 0x6B4B, 0x6B4B, 0x6B4B, 0x6B4B, 0x6B2B, 0x6B4B, 0x6B2B, 0x6B2B, 0x6B2B, 0x6B4B, 0x736C, 0x83CD, 0x8C2E, 0x8BEE,
    0x734C, 0x6B2B, 0x736C, 0x93CC, 0xAC6D, 0xB46D, 0xBC8D, 0xBC8D, 0xBC8D, 0xBC8D, 0xBCAE, 0xC530, 0xE6DA, 0xDEFB, 0xD6BA, 0xEF3B,
    0xDEFB, 0xBE19, 0xADD9, 0xBE19, 0xEE78, 0xE4B0, 0xDC0E, 0xE46F, 0xED94, 0xF6B9, 0xEE57, 0xEE36, 0xE4D1, 0xE46F, 0xE42E, 0xDC0E,
    0xE4B0, 0xE46F, 0xDC0E, 0xE42E, 0xDBCD, 0xDBCD, 0xDBCD, 0xDC0E, 0xE46F, 0xE4B0, 0xE4D1, 0xED12, 0xED53, 0xED12, 0xED53, 0xEE36,
    0xBD73, 0x9BAB, 0xA36A, 0xA36A, 0xABAB, 0xA36A, 0xABAB, 0xAC0B, 0x9B29, 0x7AE8, 0x8AE7, 0x8AE7, 0x8AE7, 0x8B6A, 0xA3EB, 0xAC0B,
    0xABEB, 0xABAB, 0xABAB, 0xA36A, 0xA36A, 0xABEB, 0xA36A, 0x938A, 0x7B2A, 0x736C, 0x6B0A, 0x4A06, 0x2944, 0x2944, 0x39C5, 0x8C09,
    0xDE76, 0xDEB9, 0xBCEF, 0xAC6D, 0xAC6D, 0xAC6D, 0xAC4D, 0xAC2C, 0xAC2C, 0xA40C, 0x9BEC, 0x9BCB, 0x9BAB, 0x8B8B, 0x6AE9, 0x5AA9,
    0x5AA9, 0x5AA9, 0x6B2B, 0x6B0A, 0x5268, 0x4A27, 0x4A27, 0x4A27, 0x4A27, 0x4A27, 0x5247, 0x4A27, 0x5247, 0x4A27, 0x4A27, 0x4A27,
    0x4A27, 0x5247, 0x5247, 0x5247, 0x5247, 0x5268, 0x5247, 0x5A88, 0x5A88, 0x5A88, 0x5A88, 0x5A88, 0x5AA9, 0x5AA9, 0x5AA9, 0x6A66,
    0x6A66, 0x8A65, 0x9AA8, 0xB287, 0x9164, 0xB102, 0xB102, 0xB964, 0xCA68, 0xCAC9, 0xDB8C, 0xCA68, 0xC9E5, 0xCA68, 0xC9E5, 0xC9E5,
    0xBA06, 0xA1E5, 0x79C4, 0x79C4, 0x8A06, 0x9AA8, 0xB3EE, 0xBC70, 0xDC0E, 0xCAC9, 0xCA68, 0xCAC9, 0xB287, 0xA247, 0x8A65, 0xAB09,
    0xBC70, 0xDCD1, 0xDC90, 0xDCD1, 0xDCD1, 0xDCD1, 0xDD12, 0xE552, 0xDD12, 0xDD12, 0xDCD1, 0xDC90, 0xBC70, 0xBC70, 0xB3EE, 0xB3EE,
    0xABAB, 0x9AA8, 0x9AA8, 0xA247, 0x8A06, 0x8A65, 0x9BEC, 0x8BEE, 0x5268, 0x4A06, 0x4A06, 0x4A06, 0x4A06, 0x4A06, 0x4A06, 0x41E6,
    0x4A06, 0x4A06, 0x4A06, 0x4A27, 0x5247, 0x4A27, 0x4A06, 0x5247, 0x5268, 0x6B4B, 0x736C, 0x734C, 0x734C, 0x736C, 0x734C, 0x736C,
    0x734C, 0x734C, 0x734C, 0x734C, 0x734C, 0x734C, 0x734C, 0x6B4B, 0x6B4B, 0x6B4B, 0x734C, 0x734C, 0x734C, 0x734C, 0x734C, 0x734C,
    0x734C, 0x734C, 0x734C, 0x6B4B, 0x6B2B, 0x6B2B, 0x6B4B, 0x6B4B, 0x6B2B, 0x6B4B, 0x6B4B, 0x6B2B, 0x6B4B, 0x734C, 0x7BAD, 0x9470,
    0x9470, 0x7BAD, 0x734C, 0x734C, 0x83CD, 0xAC6D, 0xBCAE, 0xBCAE, 0xBC8D, 0xBC8D, 0xBCAE, 0xD657, 0xE71B, 0xD6BA, 0xEF3B, 0xEF5C,
    0xEF3B, 0xDEFB, 0xADD9, 0xBE19, 0xF6B9, 0xED12, 0xDBCD, 0xDBCD, 0xE42E, 0xEE15, 0xEE78, 0xEE15, 0xE4D1, 0xDBCD, 0xDBCD, 0xDBCD,
    0xE46F, 0xE42E, 0xDBCD, 0xDC0E, 0xE46F, 0xE4B0, 0xE4D1, 0xED53, 0xEE15, 0xEDD5, 0xE4D1, 0xE4B0, 0xE4B0, 0xE4B0, 0xE4D1, 0xED12,
    0xBD94, 0x9C0D, 0x9BEC, 0xA36A, 0xABAB, 0xABAB, 0xA36A, 0x8AE7, 0x72A7, 0x72A7, 0x8AE7, 0x8AE7, 0x7AE8, 0x8B49, 0xABEB, 0xABEB,
    0xABAB, 0xA36A, 0xA36A, 0xABAB, 0xABAB, 0xABAB, 0xA36A, 0x62A8, 0x5AA9, 0x736C, 0x5AA9, 0x39C5, 0x2944, 0x3985, 0x8C09, 0xB5EF,
    0xC653, 0xE6F9, 0xD5F5, 0xB46D, 0xAC6D, 0xB46D, 0xB46D, 0xB46D, 0xAC6D, 0xAC4D, 0xA40C, 0x9BEC, 0x8BAB, 0x7309, 0x5AA9, 0x5A88,
    0x62C9, 0x6B2B, 0x62C9, 0x4A27, 0x4A06, 0x4A27, 0x4A27, 0x4A27, 0x4A06, 0x4A27, 0x5247, 0x4A27, 0x4A27, 0x4A27, 0x4A27, 0x4A27,
    0x4A27, 0x5247, 0x5268, 0x5268, 0x5268, 0x5268, 0x5268, 0x5A88, 0x5A88, 0x5A88, 0x5A88, 0x5A88, 0x5A88, 0x6A66, 0x79C4, 0x8A06,
    0x79C4, 0xAB66, 0xC3A7, 0xBA06, 0xC9E5, 0xCA68, 0xC9E5, 0xD32B, 0xED53, 0xE4D1, 0xDC0E, 0xD32B, 0xCA68, 0xBA06, 0x9164, 0x7143,
    0x7143, 0x79C4, 0x79C4, 0x8A06, 0x8A06, 0xABAB, 0xDCD1, 0xDB8C, 0xCA68, 0xBA06, 0xCA68, 0xB287, 0xA247, 0xA247, 0x9AA8, 0x9B29,
    0xB3EE, 0xBC70, 0xBCF2, 0xBCF2, 0xCD73, 0xCD73, 0xCD73, 0xE552, 0xCD73, 0xDD12, 0xBCF2, 0xBC70, 0xBC70, 0xBCF2, 0xB3EE, 0xABAB,
    0xB3EE, 0xABAB, 0xAB09, 0xA247, 0x9AA8, 0x9BEC, 0x8BEE, 0x5A88, 0x4A27, 0x4A06, 0x4A06, 0x4A06, 0x4A27, 0x5247, 0x5247, 0x4A27,
    0x5247, 0x5247, 0x5268, 0x5247, 0x5247, 0x5268, 0x5268, 0x62EA, 0x8C2E, 0xB533, 0x9CB1, 0x9470, 0x83CD, 0x7BAD, 0x734C, 0x734C,
    0x734C, 0x736C, 0x734C, 0x734C, 0x736C, 0x734C, 0x734C, 0x734C, 0x734C, 0x736C, 0x736C, 0x734C, 0x734C, 0x734C, 0x734C, 0x736C,
    0x734C, 0x6B4B, 0x6B4B, 0x6B4B, 0x6B2B, 0x6B4B, 0x6B4B, 0x6B2B, 0x6B2B, 0x6B4B, 0x6B4B, 0x6B4B, 0x734C, 0x6B4B, 0x6B4B, 0x736C,
    0x8C2E, 0x8C2E, 0x7BAD, 0x6B2B, 0x6B4B, 0x7BAD, 0xA46E, 0xBCAE, 0xBCAE, 0xBCAE, 0xCD72, 0xE71B, 0xDEFB, 0xD6BA, 0xBE19, 0xADD9,
    0xBE19, 0xD6BA, 0xC67A, 0xD657, 0xF6B9, 0xED94, 0xDBCD, 0xDBCD, 0xDC0E, 0xED94, 0xEE57, 0xED94, 0xE4D1, 0xDBCD, 0xE42E, 0xE4B0,
    0xE552, 0xEDD5, 0xED94, 0xED94, 0xED94, 0xED94, 0xED53, 0xED12, 0xED53, 0xEDD5, 0xE4D1, 0xE42E, 0xE42E, 0xE4B0, 0xED94, 0xED53,
    0xC532, 0x93CC, 0x9C0D, 0x938A, 0x9B29, 0x8AE7, 0x8AE7, 0x72A7, 0x72A7, 0x8A65, 0x7AE8, 0x8AE7, 0x8AE7, 0xABEB, 0xABEB, 0xABAB,
    0xA36A, 0xA36A, 0xA36A, 0x9B29, 0xA36A, 0xABAB, 0x8B49, 0x5268, 0x6B0A, 0x62C9, 0x39C5, 0x2944, 0x2944, 0x63C7, 0xADCF, 0xADCF,
    0xB5B1, 0xE697, 0xDEB9, 0xBCCF, 0xAC6D, 0xBCAE, 0xB48E, 0xAC6D, 0xAC6D, 0xAC6D, 0xAC4D, 0x9BEC, 0x7B2A, 0x5AA9, 0x5A88, 0x62EA,
    0x6B2B, 0x5A88, 0x4A27, 0x4A27, 0x4A06, 0x4A27, 0x4A27, 0x4A27, 0x4A27, 0x4A27, 0x4A27, 0x4A27, 0x4A27, 0x5247, 0x5247, 0x5247,
    0x5247, 0x5268, 0x5268, 0x5268, 0x5A88, 0x5A88, 0x5A88, 0x5A88, 0x5A88, 0x5A88, 0x5A47, 0x6A66, 0x79C4, 0x79C4, 0x7143, 0x79C4,
    0x79C4, 0x8A65, 0x8A65, 0x7143, 0x9164, 0xBA06, 0xA1E5, 0xA1E5, 0xAB09, 0xAB09, 0x9AA8, 0x8A06, 0x79C4, 0x5943, 0x5943, 0x7143,
    0x7143, 0x79C4, 0x79C4, 0x8A06, 0xB287, 0xCAC9, 0xDB8C, 0xCA68, 0xBA06, 0xBA06, 0xA247, 0x8A06, 0x8A06, 0x8A06, 0x9AA8, 0x9AA8,
    0xABAB, 0xBC70, 0xBCF2, 0xBCF2, 0xCD73, 0xCD73, 0xCD73, 0xCD73, 0xBCF2, 0xBCF2, 0xBC70, 0xB3EE, 0xBC70, 0xBCF2, 0xBC70, 0xB3EE,
    0xABAB, 0xBB4A, 0xAB09, 0x9AA8, 0xABAB, 0x8BEE, 0x5A88, 0x4A27, 0x4A06, 0x4A06, 0x4A27, 0x4A27, 0x5268, 0x5A88, 0x5A88, 0x5A88,
    0x5268, 0x5A88, 0x5A88, 0x5268, 0x5268, 0x62EA, 0x8C2E, 0xBD94, 0xCE36, 0xCE15, 0xC5D5, 0xC5D5, 0xC5B4, 0xB533, 0x9CB1, 0x8C2E,
    0x83CD, 0x736C, 0x734C, 0x734C, 0x736C, 0x734C, 0x734C, 0x736C, 0x734C, 0x736C, 0x736C, 0x734C, 0x734C, 0x734C, 0x736C, 0x734C,
    0x734C, 0x734C, 0x6B4B, 0x6B4B, 0x6B4B, 0x6B4B, 0x6B2B, 0x6B2B, 0x6B4B, 0x6B4B, 0x6B4B, 0x6B4B, 0x734C, 0x734C, 0x6B4B, 0x734C,
    0x736C, 0x7BAD, 0x8BEE, 0x7BAD, 0x6B2B, 0x6B4B, 0x7BAD, 0xA46E, 0xBCAE, 0xBCCF, 0xD657, 0xE71B, 0xD6BA, 0xBE19, 0x7CD7, 0x6C56,
    0x7CD7, 0x9D98, 0xE6DA, 0xEE57, 0xEE36, 0xEE36, 0xE46F, 0xDC0E, 0xE4D1, 0xEDD5, 0xEE36, 0xEE36, 0xEDD5, 0xED53, 0xED12, 0xED12,
    0xED53, 0xEE36, 0xEE15, 0xED12, 0xE4D1, 0xE4D1, 0xE46F, 0xE42E, 0xE42E, 0xE4B0, 0xED12, 0xE4B0, 0xE42E, 0xE4D1, 0xEDD5, 0xE46F,
    0xCD73, 0x93AA, 0x93CC, 0x8B49, 0x8AE7, 0x7AE8, 0x8AE7, 0x9B29, 0xA36A, 0x8AE7, 0x72A7, 0x8AE7, 0xA36A, 0xABEB, 0xABAB, 0xABAB,
    0xABAB, 0xABAB, 0xA36A, 0x9B29, 0xA36A, 0xA36A, 0x62A8, 0x5AA9, 0x62EA, 0x5A88, 0x3985, 0x20E3, 0x5A88, 0xA58E, 0xADCF, 0xA5AE,
    0xB5EF, 0xC653, 0xE6F9, 0xC532, 0xAC6D, 0xAC6D, 0xAC6D, 0xAC6D, 0xB46D, 0xB46D, 0xA40C, 0x6B0A, 0x5AA9, 0x5268, 0x62C9, 0x6B0A,
    0x5A88, 0x4A06, 0x4A27, 0x4A27, 0x4A06, 0x4A27, 0x4A27, 0x5247, 0x5247, 0x4A27, 0x4A27, 0x5247, 0x5247, 0x5268, 0x5268, 0x5247,
    0x5247, 0x5268, 0x5268, 0x5268, 0x5A88, 0x5A88, 0x5A88, 0x5A88, 0x5A47, 0x79C4, 0x79C4, 0x79C4, 0x7143, 0x5943, 0x79C4, 0xAB66,
    0xBC69, 0x5943, 0x3861, 0x3861, 0x3861, 0x5943, 0x8A06, 0x7143, 0x79C4, 0x7143, 0x6082, 0x48A1, 0x5061, 0x6082, 0x6082, 0x5943,
    0x7143, 0x7143, 0xA247, 0xAB09, 0xCA68, 0xCA68, 0xBA06, 0xBA06, 0xBA06, 0x8A06, 0x79C4, 0x79C4, 0x8A06, 0x8A06, 0x9AA8, 0xAB09,
    0xABAB, 0xB3EE, 0xBC70, 0xBC70, 0xC532, 0xCD73, 0xC532, 0xCD73, 0xBCF2, 0xBC70, 0xBC70, 0xB3EE, 0xBC70, 0xBC70, 0xBC70, 0xDCD1,
    0xDC0E, 0xBB4A, 0xAB09, 0xB3EE, 0x8C2E, 0x5AA9, 0x5247, 0x4A27, 0x4A06, 0x4A27, 0x5247, 0x5268, 0x5A88, 0x5268, 0x5A88, 0x5A88,
    0x5A88, 0x5A88, 0x5A88, 0x5AA9, 0x7BAD, 0xAD12, 0xC5D5, 0xC5D5, 0xC5B4, 0xBD73, 0xBD73, 0xBD94, 0xC5B4, 0xC5D5, 0xC5D5, 0xC5D5,
    0xBD94, 0xACF1, 0x9470, 0x8BEE, 0x7BAD, 0x734C, 0x734C, 0x736C, 0x736C, 0x736C, 0x734C, 0x736C, 0x736C, 0x734C, 0x6B4B, 0x6B4B,
    0x734C, 0x6B4B, 0x6B4B, 0x6B4B, 0x6B4B, 0x6B4B, 0x6B2B, 0x6B4B, 0x6B4B, 0x734C, 0x734C, 0x734C, 0x734C, 0x734C, 0x734C, 0x736C,
    0x734C, 0x734C, 0x736C, 0x8BEE, 0x7BAD, 0x6B2B, 0x6B4B, 0x7BAD, 0x9C0D, 0xC530, 0xE6FA, 0xDEFB, 0xD6BA, 0xBE19, 0x9D98, 0x9D98,
    0x9D98, 0xADD9, 0xEE78, 0xED94, 0xED12, 0xED94, 0xED94, 0xEDD5, 0xEE15, 0xEE57, 0xF6B9, 0xF6D9, 0xF6B9, 0xED53, 0xE46F, 0xE4B0,
    0xE4D1, 0xED53, 0xEE36, 0xED12, 0xE42E, 0xE42E, 0xDC0E, 0xDC0E, 0xDBCD, 0xDBCD, 0xE4B0, 0xE4D1, 0xE46F, 0xED94, 0xED12, 0xDBCD,
    0xCD73, 0x9BCB, 0x93AA, 0x7AE8, 0x72A7, 0x72A7, 0x72A7, 0x8AE7, 0x8329, 0x72A7, 0x72A7, 0xABEB, 0xAC0B, 0xABAB, 0xA36A, 0xA36A,
    0xA36A, 0xABAB, 0xA36A, 0xA36A, 0xA36A, 0x9B29, 0x5A88, 0x6B2B, 0x62C9, 0x5247, 0x2944, 0x3985, 0x946B, 0xB5EF, 0xA5AE, 0xA5AE,
    0xB5EF, 0xBE12, 0xE6B7, 0xCDB4, 0xAC2C, 0xAC4D, 0xB46D, 0xB46D, 0xAC6D, 0xA40C, 0x6B0A, 0x5A88, 0x5268, 0x62C9, 0x62EA, 0x5247,
    0x4A06, 0x4A27, 0x4A27, 0x4A27, 0x4A06, 0x4A06, 0x4A27, 0x5247, 0x4A27, 0x4A27, 0x5247, 0x5247, 0x5247, 0x5247, 0x5268, 0x5268,
    0x5268, 0x5268, 0x5268, 0x5A88, 0x5A88, 0x5A88, 0x5A47, 0x79C4, 0x79C4, 0x79C4, 0x7143, 0x8A65, 0x8A65, 0x8A65, 0xCCCA, 0xB3C8,
    0xB3C8, 0x5943, 0x3861, 0x3861, 0x48A1, 0x79C4, 0xB3C8, 0x79C4, 0x6A66, 0x7143, 0x5061, 0x5061, 0x48A1, 0x48A1, 0x48A1, 0x6082,
    0x7143, 0x79C4, 0xB3EE, 0xB3EE, 0xCAC9, 0xCAC9, 0xB287, 0xA1E5, 0x8A06, 0x79C4, 0x8A06, 0x9164, 0x8A06, 0x8A06, 0x9AA8, 0xA36A,
    0xB3EE, 0xB3EE, 0xB3EE, 0xB3EE, 0xBCF2, 0xC532, 0xBCF2, 0xC532, 0xBCF2, 0xBC70, 0xBC70, 0xB3EE, 0xBC70, 0xBC70, 0xBCF2, 0xDDF3,
    0xDD12, 0xCBCC, 0xB3EE, 0xA490, 0x62C9, 0x5247, 0x5247, 0x4A06, 0x4A06, 0x5247, 0x5268, 0x5A88, 0x5AA9, 0x5AA9, 0x5A88, 0x5A88,
    0x5AA9, 0x5AA9, 0x6B0A, 0x9470, 0xBD94, 0xC532, 0xBC70, 0xABAB, 0x9AA8, 0x9AA8, 0xB3EE, 0xBD73, 0xB533, 0xAC4D, 0xB3EE, 0xBCF2,
    0xC5B4, 0xCE15, 0xC5D5, 0xBD94, 0xACF1, 0x8C2E, 0x7BAD, 0x736C, 0x734C, 0x734C, 0x734C, 0x736C, 0x736C, 0x734C, 0x6B4B, 0x734C,
    0x6B4B, 0x6B4B, 0x6B4B, 0x6B4B, 0x6B4B, 0x6B4B, 0x6B2B, 0x6B4B, 0x6B4B, 0x734C, 0x734C, 0x734C, 0x734C, 0x734C, 0x734C, 0x734C,
    0x734C, 0x734C, 0x734C, 0x736C, 0x83CD, 0x7BAD, 0x6B4B, 0x6B4B, 0x7BAD, 0xACF1, 0xEF1A, 0xD6BA, 0xDEFB, 0xDEFB, 0xC67A, 0xBE19,
    0xBE19, 0xC67A, 0xEE36, 0xED12, 0xE4B0, 0xE4D1, 0xEE15, 0xEE36, 0xE552, 0xED12, 0xED94, 0xEE78, 0xEE78, 0xED53, 0xE46F, 0xE46F,
    0xE46F, 0xE4B0, 0xEE15, 0xED94, 0xE46F, 0xE42E, 0xE42E, 0xDBCD, 0xDBCD, 0xDBCD, 0xE42E, 0xED53, 0xED94, 0xED12, 0xDBCD, 0xDBCD,
    0xCD73, 0x9BCB, 0x8329, 0x6A66, 0x6A66, 0x5A47, 0x62A8, 0x6AE9, 0x6AE9, 0x8329, 0x93AA, 0xB42C, 0xB42C, 0xB42C, 0xAC0B, 0xA36A,
    0xA36A, 0xABAB, 0x9B29, 0x9B29, 0xA36A, 0x8329, 0x5AA9, 0x6B0A, 0x5268, 0x39C5, 0x2944, 0x5AA9, 0xA5AE, 0xB5EF, 0xADCF, 0xB5EF,
    0xB5EF, 0xBE12, 0xEF39, 0xD5F5, 0xAC6D, 0xAC6D, 0xAC4D, 0xAC2C, 0x9BEC, 0x7309, 0x5A88, 0x5268, 0x62C9, 0x62C9, 0x4A27, 0x4A06,
    0x4A27, 0x4A27, 0x4A06, 0x5247, 0x4A27, 0x4A27, 0x4A27, 0x5247, 0x5247, 0x5247, 0x5268, 0x5268, 0x5268, 0x5268, 0x5268, 0x5268,
    0x5268, 0x5A88, 0x5A88, 0x5A88, 0x5A47, 0x79C4, 0x79C4, 0x7143, 0x6082, 0x79C4, 0x8A06, 0x9B29, 0xAB66, 0x5943, 0x8A65, 0x8A65,
    0x7143, 0x7881, 0x6082, 0x6082, 0x6082, 0x6082, 0x7143, 0x7881, 0x7881, 0x7881, 0x88A2, 0xA0C2, 0x88A2, 0x7881, 0x5943, 0x6082,
    0x5943, 0x8A06, 0xCBCC, 0xCBCC, 0xB287, 0xA247, 0xA1E5, 0x8A06, 0x8A06, 0x8A06, 0x9AA8, 0x9B29, 0xA36A, 0xAC2C, 0xBCAE, 0xC530,
    0xCD51, 0xAC6D, 0xB3EE, 0xB3EE, 0xBC70, 0xBCF2, 0xBCF2, 0xBCF2, 0xBCF2, 0xBCF2, 0xBC70, 0xBC70, 0xBC70, 0xBCF2, 0xBCF2, 0xBCF2,
    0xBC70, 0xB3EE, 0xACD0, 0x6B2B, 0x5247, 0x5247, 0x4A27, 0x4A27, 0x5247, 0x5268, 0x5A88, 0x5A88, 0x5AA9, 0x5AA9, 0x5A88, 0x5A88,
    0x62C9, 0x7BAD, 0xAD12, 0xC5D5, 0xBCF2, 0xBB4A, 0xBB4A, 0xA247, 0x9164, 0x9164, 0x9AA8, 0xC532, 0xB42C, 0xA1E5, 0xA1E5, 0xB287,
    0xB3EE, 0xBD94, 0xC5B4, 0xC5B4, 0xC5D5, 0xC5D5, 0xBD73, 0x9CB1, 0x8BEE, 0x736C, 0x734C, 0x736C, 0x736C, 0x734C, 0x734C, 0x734C,
    0x6B4B, 0x734C, 0x734C, 0x6B4B, 0x6B4B, 0x6B4B, 0x6B4B, 0x6B4B, 0x734C, 0x6B4B, 0x734C, 0x734C, 0x734C, 0x734C, 0x736C, 0x734C,
    0x734C, 0x734C, 0x734C, 0x6B4B, 0x734C, 0x7BAD, 0x7BAD, 0x6B2B, 0x734C, 0x8BEE, 0xCE15, 0xD6BA, 0xE71B, 0xC67A, 0x9D98, 0xADD9,
    0xDEFB, 0xEF3B, 0xDE78, 0xED53, 0xE4B0, 0xE4B0, 0xEE36, 0xEE78, 0xE4D1, 0xE46F, 0xE46F, 0xEDD5, 0xF6B9, 0xEDD5, 0xE46F, 0xE42E,
    0xE46F, 0xE46F, 0xED94, 0xEE36, 0xED12, 0xE42E, 0xDBCD, 0xDBCD, 0xDBCD, 0xDBCD, 0xE42E, 0xEDD5, 0xEE15, 0xE42E, 0xDB8C, 0xDBCD,
    0xCD73, 0x93AA, 0x7309, 0x5347, 0x8C09, 0x946B, 0x9CCC, 0x9CCC, 0x9CCC, 0xAC4D, 0xAC0B, 0xABAB, 0xA36A, 0xA36A, 0xABEB, 0xAC0B,
    0xABAB, 0xA36A, 0x9B29, 0xA36A, 0xA36A, 0x72A7, 0x5AA9, 0x6B0A, 0x5A88, 0x5A88, 0x3985, 0x744A, 0xB5EF, 0xADCF, 0xADCF, 0xBE12,
    0xB5EF, 0xDE76, 0xEF5C, 0xD5F5, 0xAC2C, 0xAC2C, 0xAC2C, 0xA40C, 0x7B2A, 0x5A88, 0x5268, 0x62C9, 0x5AA9, 0x4A27, 0x4A06, 0x4A27,
    0x4A27, 0x4A06, 0x4A27, 0x5247, 0x4A27, 0x4A27, 0x5247, 0x5247, 0x5247, 0x5247, 0x5268, 0x5268, 0x5268, 0x5247, 0x5268, 0x5A88,
    0x5A88, 0x5A88, 0x5A47, 0x79C4, 0x79C4, 0x7143, 0x5943, 0xA247, 0x8A06, 0xA247, 0xDAC4, 0x79C4, 0x48A1, 0x5061, 0x5061, 0x5061,
    0x7881, 0xA0C2, 0xB102, 0xB102, 0xB102, 0xB102, 0xB102, 0xB102, 0xB964, 0xB964, 0xC9E5, 0xC9E5, 0xC9E5, 0xBA06, 0x7AE8, 0x5943,
    0x5943, 0x7143, 0x8A06, 0x8A65, 0x8AE7, 0xA36A, 0xA40C, 0xAC6D, 0xAD0E, 0xCD51, 0xB5B1, 0xB5B1, 0xB5B1, 0xBCEF, 0xB48E, 0xAC2C,
    0xABEB, 0xB3EE, 0xB3EE, 0xB3EE, 0xBCF2, 0xBCF2, 0xBCF2, 0xC532, 0xBCF2, 0xBCF2, 0xC532, 0xBCF2, 0xBCF2, 0xBCF2, 0xBCF2, 0xBCF2,
    0xBC70, 0xACD0, 0x7BAD, 0x5247, 0x5247, 0x5247, 0x5247, 0x5247, 0x5268, 0x5A88, 0x5A88, 0x5A88, 0x5AA9, 0x5AA9, 0x5AA9, 0x62EA,
    0x9C4F, 0xBD94, 0xC5B4, 0xC5B4, 0xCD73, 0xBB4A, 0xAB09, 0x9AA8, 0x9AA8, 0xABEB, 0xC510, 0xBD73, 0xBCCF, 0xA247, 0xA1E5, 0xA1E5,
    0x9AA8, 0xBD73, 0xBD94, 0xBD94, 0xC5B4, 0xCE15, 0xCE15, 0xC5D5, 0xC5B4, 0xAD12, 0x8C2E, 0x7BAD, 0x736C, 0x734C, 0x736C, 0x734C,
    0x6B4B, 0x734C, 0x734C, 0x6B4B, 0x6B2B, 0x6B4B, 0x6B4B, 0x6B4B, 0x6B4B, 0x734C, 0x734C, 0x734C, 0x736C, 0x734C, 0x734C, 0x736C,
    0x734C, 0x734C, 0x734C, 0x6B4B, 0x6B4B, 0x734C, 0x7BAD, 0x7BAD, 0x6B4B, 0x734C, 0x8C2E, 0xCE15, 0xE71B, 0xDEFB, 0xBE19, 0xBE19,
    0xE71B, 0xEF5C, 0xE6FA, 0xE6B8, 0xEDD5, 0xED12, 0xEDD5, 0xF6B9, 0xE4D1, 0xE42E, 0xDBCD, 0xE4D1, 0xF6B9, 0xEE36, 0xE46F, 0xDC0E,
    0xE42E, 0xE42E, 0xE4D1, 0xEE36, 0xEE15, 0xE4B0, 0xDB8C, 0xDB8C, 0xDBCD, 0xDBCD, 0xE42E, 0xEDD5, 0xED12, 0xDB8C, 0xDB8C, 0xDB8C,
    0xCD73, 0xA3EB, 0x9BCB, 0xA40C, 0xA40C, 0xAC2C, 0xAC6D, 0xB48E, 0xBCCF, 0xBCCF, 0xB46D, 0xABAB, 0xA36A, 0x9B29, 0x9B29, 0xABEB,
    0xAC0B, 0xABAB, 0x9B29, 0x9B29, 0x9B29, 0x62A8, 0x62C9, 0x5AA9, 0x5AA9, 0x5268, 0x41E6, 0x9CCC, 0xADCF, 0xA5AE, 0xA5AE, 0xADCF,
    0xC653, 0xE6FA, 0xEF3B, 0xC5B4, 0xAC2C, 0xAC6D, 0xAC2C, 0x7B2A, 0x5A88, 0x5268, 0x62C9, 0x5AA9, 0x4A27, 0x4A06, 0x4A27, 0x4A27,
    0x4A27, 0x4A06, 0x4A27, 0x4A27, 0x5247, 0x5247, 0x5247, 0x5247, 0x5247, 0x5268, 0x5268, 0x5268, 0x5268, 0x5268, 0x5A88, 0x5A88,
    0x5A47, 0x51E5, 0x79C4, 0x7143, 0x6082, 0x5061, 0x6082, 0xBA06, 0xBB4A, 0xB287, 0xA1E5, 0x9164, 0x3861, 0x5061, 0x6082, 0x7881,
    0x9164, 0xB102, 0xB964, 0xB964, 0xC9E5, 0xCA68, 0xC9E5, 0xCA68, 0xD32B, 0xCAC9, 0xD32B, 0xCAC9, 0xC9E5, 0xBA06, 0x7C8A, 0x7C8A,
    0x8C09, 0x8C09, 0x946B, 0x9CCC, 0x9CCC, 0x9CCC, 0x9CCC, 0x9CCC, 0xAC6D, 0xA40C, 0x9BAB, 0x9B29, 0x9AA8, 0x8A65, 0xA247, 0x9AA8,
    0x9B29, 0xB3EE, 0xBC70, 0xDCD1, 0xDD12, 0xCD73, 0xC532, 0xC532, 0xBCF2, 0xBCF2, 0xBCF2, 0xBCF2, 0xBCF2, 0xBCF2, 0xBC70, 0xB3EE,
    0xBC70, 0x9470, 0x5268, 0x5247, 0x5247, 0x5247, 0x5247, 0x5268, 0x5A88, 0x5AA9, 0x5AA9, 0x5AA9, 0x5AA9, 0x5AA9, 0x6B4B, 0x9CB1,
    0xC5D5, 0xC5B4, 0xBD94, 0xC5B4, 0xCE15, 0xC532, 0xBCAE, 0xBCCF, 0xBCF2, 0xBD94, 0xBD94, 0xC5B4, 0xC5D5, 0xBC70, 0xAB09, 0xAB09,
    0xBCF2, 0xCE36, 0xC5D5, 0xC5B4, 0xC5B4, 0xC5B4, 0xC5B4, 0xBD94, 0xC5B4, 0xCE15, 0xC5D5, 0xB533, 0x9470, 0x7BAD, 0x736C, 0x734C,
    0x6B4B, 0x6B4B, 0x734C, 0x6B4B, 0x6B2B, 0x6B4B, 0x6B4B, 0x6B4B, 0x734C, 0x734C, 0x734C, 0x736C, 0x736C, 0x734C, 0x734C, 0x736C,
    0x736C, 0x734C, 0x6B4B, 0x6B4B, 0x734C, 0x6B4B, 0x734C, 0x7BAD, 0x7BAD, 0x6B4B, 0x734C, 0x8C2E, 0xD657, 0xD6BA, 0xADD9, 0xBE19,
    0xD6BA, 0xD6BA, 0xDEFB, 0xDEFB, 0xC67A, 0xDE36, 0xEE36, 0xF6B9, 0xED53, 0xDBCD, 0xDBCD, 0xE4B0, 0xEE78, 0xEE15, 0xE46F, 0xDBCD,
    0xE42E, 0xE42E, 0xE46F, 0xED53, 0xED53, 0xDC0E, 0xDB8C, 0xDBCD, 0xE42E, 0xDBCD, 0xE42E, 0xED53, 0xDC0E, 0xDB8C, 0xDBCD, 0xDB8C,
    0xCD93, 0xABEB, 0xA36A, 0xA36A, 0x9B29, 0x9B29, 0x9B29, 0x9B29, 0x9B29, 0xABEB, 0xB42C, 0xABEB, 0xABAB, 0xA36A, 0xA36A, 0xA36A,
    0xABEB, 0xAC0B, 0xA36A, 0x9B29, 0x9B29, 0x5A88, 0x5A88, 0x5A88, 0x5AA9, 0x41E6, 0x4A27, 0x8D0C, 0xA58E, 0xA5AE, 0xADCF, 0xADCF,
    0xE697, 0xEF3B, 0xEF1A, 0xC532, 0xAC6D, 0xAC6D, 0x836A, 0x5AA9, 0x5268, 0x62EA, 0x5AA9, 0x4A06, 0x4A06, 0x4A06, 0x4A06, 0x4A27,
    0x4A27, 0x5247, 0x4A27, 0x5247, 0x5247, 0x5247, 0x5247, 0x5247, 0x5268, 0x5268, 0x5247, 0x5268, 0x5268, 0x5A88, 0x5A47, 0x51E5,
    0x79C4, 0x7143, 0x5943, 0x5061, 0x48A1, 0x5943, 0x5943, 0x6082, 0x9164, 0xA1E5, 0xA1E5, 0xA1E5, 0x7881, 0x88A2, 0xA0C2, 0x9164,
    0xA0C2, 0xA0C2, 0xA0C2, 0xB102, 0xC9E5, 0xCAC9, 0xCAC9, 0xDBCD, 0xDB8C, 0xD32B, 0xCA68, 0xCA68, 0xB964, 0x8A65, 0x8B6A, 0x7AE8,
    0x6A66, 0x79C4, 0x79C4, 0x79C4, 0x79C4, 0x79C4, 0x8A06, 0x8A06, 0x8A65, 0x8A06, 0x8A06, 0x8A06, 0x8A06, 0x8A06, 0x9AA8, 0x9AA8,
    0xA36A, 0xBC70, 0xCD51, 0xDD12, 0xE552, 0xED53, 0xE552, 0xDD12, 0xDD12, 0xDCD1, 0xBCF2, 0xBCF2, 0xBC70, 0xABAB, 0x9AA8, 0xABAB,
    0xACD0, 0x62EA, 0x5247, 0x5247, 0x5247, 0x5268, 0x5268, 0x5A88, 0x5A88, 0x5AA9, 0x5AA9, 0x62C9, 0x62C9, 0x7BAD, 0xB533, 0xC5D5,
    0xC5B4, 0xC5B4, 0xC5B4, 0xC5D5, 0xC5D5, 0xCE36, 0xC5D5, 0xC5B4, 0xC5B4, 0xC5B4, 0xC5D5, 0xC5D5, 0xCE15, 0xC5D5, 0xBD94, 0xBD94,
    0xCE15, 0xCE36, 0xC5D5, 0xC5D5, 0xC5D5, 0xC5D5, 0xC5B4, 0xC5B4, 0xC5B4, 0xC5D5, 0xC5D5, 0xCE36, 0xCE15, 0xBD73, 0x9470, 0x7BAD,
    0x734C, 0x734C, 0x734C, 0x6B4B, 0x6B4B, 0x734C, 0x6B4B, 0x6B4B, 0x734C, 0x734C, 0x734C, 0x736C, 0x736C, 0x734C, 0x736C, 0x736C,
    0x736C, 0x734C, 0x6B4B, 0x734C, 0x6B4B, 0x6B4B, 0x734C, 0x734C, 0x7BAD, 0x7BAD, 0x6B2B, 0x734C, 0x9470, 0x9D98, 0x7CD7, 0x8D37,
    0x9D98, 0x9D98, 0xADD9, 0xDEFB, 0xD6BA, 0xC67A, 0xEDD5, 0xEE57, 0xED94, 0xE42E, 0xDC0E, 0xE4D1, 0xEE57, 0xEDD5, 0xE42E, 0xDBCD,
    0xDC0E, 0xDBCD, 0xDC0E, 0xE4D1, 0xE4B0, 0xDB8C, 0xDB8C, 0xDB8C, 0xDB8C, 0xDB8C, 0xE46F, 0xED12, 0xDB8C, 0xDC0E, 0xE46F, 0xE46F,
    0xCD73, 0xA36A, 0x9B29, 0xABAB, 0xABEB, 0xAC4D, 0x9B29, 0x9B29, 0x8AE7, 0x9B29, 0x9B29, 0xA36A, 0x9B29, 0x8AE7, 0xA36A, 0xABAB,
    0xA36A, 0xABAB, 0xABEB, 0xA36A, 0x8B49, 0x5AA9, 0x6B0A, 0x5AA9, 0x5A88, 0x4A06, 0x5268, 0x8CEC, 0xA58E, 0xADCF, 0xC651, 0xC651,
    0xDE96, 0xEF5C, 0xE6DA, 0xBCCF, 0xAC4D, 0x838B, 0x5AA9, 0x5A88, 0x62EA, 0x62C9, 0x4A06, 0x4A06, 0x4A06, 0x4A06, 0x4A27, 0x5247,
    0x5247, 0x5247, 0x5247, 0x5268, 0x5268, 0x5247, 0x5268, 0x5268, 0x5247, 0x5247, 0x5268, 0x5A88, 0x5A88, 0x5A47, 0x79C4, 0x79C4,
    0x7143, 0x5061, 0x5061, 0x5061, 0x5061, 0x8A65, 0x8A06, 0x79C4, 0x48A1, 0x5943, 0x7143, 0x7143, 0x6082, 0x6082, 0x6082, 0x6082,
    0x6082, 0x5061, 0x6082, 0x6082, 0x7881, 0x88A2, 0xA0C2, 0xB102, 0xB102, 0xB102, 0xB102, 0xA0C2, 0x7143, 0x8AE7, 0xBC69, 0x79C4,
    0x6082, 0x6082, 0x6082, 0x6082, 0x7143, 0x7143, 0x8A06, 0xA247, 0xA36A, 0xBC70, 0xBC70, 0xBC70, 0xAB09, 0x8A06, 0x9AA8, 0x9B29,
    0xB3EE, 0xBC70, 0xBCEF, 0xCD72, 0xCD73, 0xCD73, 0xDD12, 0xDD12, 0xDCD1, 0xDC90, 0xBC70, 0xBC70, 0xBC70, 0xABAB, 0x9AA8, 0xA490,
    0x7BAD, 0x5247, 0x5247, 0x5247, 0x5247, 0x5268, 0x5A88, 0x5A88, 0x5A88, 0x5AA9, 0x5AA9, 0x62EA, 0x8BEE, 0xBD73, 0xC5B4, 0xC5B4,
    0xC5B4, 0xC5D5, 0xC5D5, 0xC5D5, 0xCE15, 0xCE15, 0xCE15, 0xCE15, 0xCE15, 0xCE15, 0xCE15, 0xCE15, 0xCDF3, 0xCE15, 0xC5D5, 0xCE15,
    0xCE15, 0xCE15, 0xCE15, 0xCE15, 0xCE15, 0xCE15, 0xC5D5, 0xC5D5, 0xC5D5, 0xC5B4, 0xC5B4, 0xCE15, 0xCE36, 0xC5D5, 0xC5B4, 0xB533,
    0x9470, 0x7BAD, 0x734C, 0x734C, 0x736C, 0x736C, 0x734C, 0x734C, 0x734C, 0x734C, 0x736C, 0x736C, 0x734C, 0x736C, 0x736C, 0x736C,
    0x736C, 0x734C, 0x734C, 0x734C, 0x6B2B, 0x6B4B, 0x6B4B, 0x6B4B, 0x734C, 0x8BEE, 0x7BAD, 0x6B2B, 0x736C, 0x9470, 0x8D37, 0x8D37,
    0x9D98, 0x8D37, 0x9D98, 0xBE19, 0xC67A, 0xDEB9, 0xEDD5, 0xEDD5, 0xEE15, 0xE4B0, 0xDC0E, 0xED53, 0xEE36, 0xED94, 0xE42E, 0xDB8C,
    0xDB8C, 0xDB8C, 0xDB8C, 0xE4B0, 0xE46F, 0xD32B, 0xD32B, 0xDB8C, 0xDBCD, 0xE42E, 0xED53, 0xEDD5, 0xED94, 0xEE36, 0xEE78, 0xF6B9,
    0xCD73, 0xA36A, 0xA36A, 0x9B29, 0xABEB, 0xB46D, 0x9B29, 0x9B29, 0x8AE7, 0x8AE7, 0x8AE7, 0x8AE7, 0x8AE7, 0x8AE7, 0x9B29, 0xA36A,
    0xA36A, 0xABEB, 0xB42C, 0xABEB, 0x8B49, 0x5A88, 0x62C9, 0x62C9, 0x5AA9, 0x4A27, 0x4A27, 0x9CCC, 0xB5EF, 0xC651, 0xC651, 0xD655,
    0xEF1A, 0xEF5C, 0xCE36, 0xAC6D, 0x838B, 0x5AA9, 0x5268, 0x5AA9, 0x62C9, 0x4A06, 0x39C5, 0x41E6, 0x4A06, 0x4A27, 0x5247, 0x5247,
    0x5268, 0x5247, 0x5247, 0x5268, 0x5268, 0x5268, 0x5268, 0x5268, 0x5247, 0x5268, 0x5A88, 0x5A47, 0x51E5, 0x79C4, 0x7143, 0x6082,
    0x48A1, 0x5061, 0x5061, 0x5061, 0x6082, 0x7881, 0x9164, 0xBA06, 0x7881, 0x5061, 0x5061, 0x5061, 0x6082, 0x5061, 0x6082, 0x5061,
    0x5061, 0x5061, 0x5061, 0x5061, 0x6082, 0x5061, 0x6082, 0x6082, 0x6082, 0x6082, 0x6082, 0x5061, 0x48A1, 0x79C4, 0x8A65, 0x6082,
    0x48A1, 0x5943, 0x7143, 0x8A06, 0x9AA8, 0xABAB, 0xBC70, 0xDC90, 0xE4CE, 0xED94, 0xEE36, 0xEE78, 0xE552, 0xA36A, 0x9B29, 0xABAB,
    0xBC70, 0xB3EE, 0xBC70, 0xBCF2, 0xC532, 0xCD73, 0xCD73, 0xBCF2, 0xBCF2, 0xBC70, 0xBC70, 0xBC70, 0xBC8D, 0xABAB, 0xB3EE, 0xA490,
    0x5AA9, 0x4A27, 0x4A27, 0x5268, 0x5268, 0x5A88, 0x5A88, 0x5AA9, 0x5AA9, 0x5AA9, 0x62EA, 0x8C2E, 0xBD94, 0xC5B4, 0xC5B4, 0xC5B4,
    0xC5D5, 0xCDF3, 0xCE15, 0xCE15, 0xCE15, 0xCE15, 0xCE36, 0xCE36, 0xCE15, 0xCE36, 0xCE36, 0xCE36, 0xCE36, 0xCE15, 0xCE36, 0xCE36,
    0xCE15, 0xCE15, 0xCE36, 0xCE15, 0xCE15, 0xCE15, 0xCE15, 0xCE15, 0xC5D5, 0xC5D5, 0xC5D5, 0xC5B4, 0xC5B4, 0xC5B4, 0xC5B4, 0xC5D5,
    0xC5B4, 0xAD12, 0x8C2E, 0x736C, 0x736C, 0x736C, 0x736C, 0x734C, 0x734C, 0x736C, 0x736C, 0x736C, 0x736C, 0x736C, 0x736C, 0x736C,
    0x736C, 0x734C, 0x734C, 0x734C, 0x6B4B, 0x6B4B, 0x6B4B, 0x6B4B, 0x734C, 0x736C, 0x8BEE, 0x736C, 0x6B4B, 0x7BAD, 0xA555, 0xBE19,
    0xADD9, 0x8D37, 0x9D98, 0xDEFB, 0xD6BA, 0xDE78, 0xEE15, 0xE552, 0xEE36, 0xE4D1, 0xED12, 0xEE36, 0xEE15, 0xED53, 0xDC0E, 0xDB8C,
    0xDBCD, 0xDC0E, 0xDC0E, 0xE4D1, 0xE46F, 0xDC0E, 0xE42E, 0xE4B0, 0xE4B0, 0xED12, 0xEE15, 0xEE78, 0xF6B9, 0xEE78, 0xF6B9, 0xF6B9,
    0xC532, 0xA36A, 0x9B29, 0x9B29, 0xA36A, 0x9B29, 0x9B29, 0x9B29, 0x8AE7, 0x9B29, 0xA36A, 0x8AE7, 0x7AE8, 0x9B29, 0x9B29, 0x9B29,
    0xA36A, 0xABEB, 0xAC0B, 0xABEB, 0x93AA, 0x5268, 0x5268, 0x62C9, 0x5A88, 0x5247, 0x4A06, 0x946B, 0xC651, 0xC651, 0xC653, 0xE6D8,
    0xEF5C, 0xEF1A, 0xC532, 0x93CC, 0x62C9, 0x5A88, 0x5A88, 0x62C9, 0x4A06, 0x39C5, 0x41E6, 0x4A06, 0x41E6, 0x4A27, 0x5247, 0x5247,
    0x5268, 0x5268, 0x5268, 0x5268, 0x5268, 0x5268, 0x5A88, 0x5A88, 0x5268, 0x5A88, 0x5A47, 0x79C4, 0x79C4, 0x7143, 0x48A1, 0x5061,
    0x7881, 0xA1E5, 0x88A2, 0x7881, 0x7143, 0x7143, 0xB287, 0x9164, 0x88A2, 0x7881, 0x6082, 0x5061, 0x5061, 0x6082, 0x5061, 0x6082,
    0x6082, 0x6082, 0x6082, 0x6082, 0x6082, 0x6082, 0x5061, 0x5061, 0x5061, 0x5061, 0x5061, 0x5061, 0x6082, 0x6082, 0x7143, 0x8A06,
    0xA36A, 0xB3EE, 0xCD51, 0xE552, 0xDD12, 0xE4CE, 0xE48C, 0xDC29, 0xE4CE, 0xE552, 0xED50, 0xF591, 0xF591, 0xE4D1, 0xBC70, 0xB3EE,
    0xBC70, 0xBC70, 0xBC70, 0xDCD1, 0xC530, 0xCD72, 0xBCF2, 0xBCF2, 0xBC70, 0xB3EE, 0xB3EE, 0xABAB, 0x9AA8, 0x9AA8, 0xACD0, 0x736C,
    0x5247, 0x4A27, 0x5247, 0x5A88, 0x5A88, 0x5A88, 0x5AA9, 0x5AA9, 0x5AA9, 0x62EA, 0x9470, 0xC5B4, 0xC5D5, 0xC5B4, 0xC5B4, 0xC5D5,
    0xCE15, 0xCE15, 0xCE15, 0xCE36, 0xCE36, 0xCE36, 0xCE36, 0xCE36, 0xD655, 0xCE36, 0xD655, 0xCE36, 0xD655, 0xCE36, 0xCE36, 0xCE36,
    0xCE36, 0xCE36, 0xCE36, 0xCE36, 0xCE36, 0xCE36, 0xCE36, 0xCE15, 0xCE36, 0xCE15, 0xC5D5, 0xC5D5, 0xC5B4, 0xC5B4, 0xC5B4, 0xC5B4,
    0xCE36, 0xCE36, 0xC5D5, 0xACF1, 0x83CD, 0x736C, 0x736C, 0x736C, 0x736C, 0x736C, 0x736C, 0x734C, 0x736C, 0x7BAD, 0x736C, 0x736C,
    0x736C, 0x734C, 0x734C, 0x734C, 0x734C, 0x6B4B, 0x6B4B, 0x6B4B, 0x6B4B, 0x734C, 0x736C, 0x83CD, 0x734C, 0x734C, 0x8BEE, 0xA555,
    0xD6BA, 0xDEFB, 0xDEFB, 0xEF3B, 0xE71B, 0xE6DA, 0xEE36, 0xDD12, 0xEDD5, 0xEE57, 0xEE78, 0xEE57, 0xEE57, 0xEE36, 0xED53, 0xED12,
    0xED12, 0xEDD5, 0xEE15, 0xED94, 0xED12, 0xE4B0, 0xE4D1, 0xE4D1, 0xE4B0, 0xE46F, 0xE4D1, 0xED12, 0xEE15, 0xF6B9, 0xF6B9, 0xF6D9,
    0xC532, 0x9B29, 0x9B29, 0xA36A, 0xA36A, 0x9B29, 0x9B29, 0x9B29, 0x9B29, 0x9B29, 0x9B29, 0x9B29, 0x9B29, 0x9B29, 0x8AE7, 0x8AE7,
    0xA36A, 0xA36A, 0xABAB, 0xABAB, 0x9BEC, 0x5AA9, 0x4A06, 0x62EA, 0x62C9, 0x5A88, 0x4A27, 0x6B2B, 0xC653, 0xCE93, 0xDE96, 0xEF3B,
    0xEF3B, 0xD657, 0x9C0D, 0x6B2B, 0x62C9, 0x5A88, 0x62EA, 0x5247, 0x3985, 0x39C5, 0x41E6, 0x41E6, 0x4A06, 0x4A06, 0x5247, 0x5247,
    0x5268, 0x5268, 0x5A88, 0x5A88, 0x5A88, 0x5A88, 0x5A88, 0x5A88, 0x5A88, 0x5A47, 0x79C4, 0x7143, 0x6082, 0x5061, 0x5061, 0x9164,
    0xA1E5, 0xA1E5, 0x9164, 0xA1E5, 0xC3A7, 0x9AA8, 0x9164, 0x7881, 0x7881, 0x88A2, 0x7881, 0x6082, 0x5061, 0x6082, 0x6082, 0x5061,
    0x6082, 0x5061, 0x6082, 0x5061, 0x5061, 0x6082, 0x6082, 0x6082, 0x6082, 0x7143, 0x79C4, 0xA247, 0xAB09, 0xCBCC, 0xDC90, 0xED53,
    0xEE36, 0xEE15, 0xED94, 0xDC29, 0xE346, 0xDC29, 0xEC28, 0xE3C8, 0xE4D1, 0xF591, 0xE48C, 0xE48C, 0xED50, 0xED50, 0xED53, 0xDCD1,
    0xBC70, 0xBC70, 0xBC70, 0xBC70, 0xBC70, 0xBCF2, 0xBCF2, 0xBCF2, 0xBC70, 0xAB09, 0xAB09, 0xAB09, 0xA247, 0xABAB, 0xA490, 0x5AA9,
    0x4A27, 0x4A27, 0x5268, 0x5AA9, 0x5A88, 0x5A88, 0x5AA9, 0x5AA9, 0x6B0A, 0x9CB1, 0xC5D5, 0xC5B4, 0xC5B4, 0xC5B4, 0xCDF3, 0xCE15,
    0xCE15, 0xCE15, 0xD615, 0xCE36, 0xCE36, 0xD615, 0xCE36, 0xCE36, 0xD655, 0xD657, 0xD655, 0xD657, 0xDE76, 0xDE76, 0xDE76, 0xDE76,
    0xD655, 0xD655, 0xCE36, 0xCE36, 0xCE36, 0xCE36, 0xCE36, 0xCE36, 0xCE36, 0xCE15, 0xCE15, 0xCE15, 0xC5D5, 0xC5D5, 0xC5B4, 0xC5B4,
    0xCE15, 0xD657, 0xCE36, 0xCE15, 0xBD94, 0x9470, 0x7BAD, 0x736C, 0x736C, 0x736C, 0x736C, 0x734C, 0x736C, 0x736C, 0x736C, 0x736C,
    0x736C, 0x734C, 0x734C, 0x6B4B, 0x734C, 0x6B4B, 0x6B4B, 0x6B4B, 0x6B4B, 0x734C, 0x6B4B, 0x7BAD, 0x83CD, 0x6B2B, 0x736C, 0x9470,
    0xDE78, 0xC67A, 0xBE19, 0xD6BA, 0xD6BA, 0xDEFB, 0xEE78, 0xED53, 0xE4CE, 0xEE15, 0xEE57, 0xEE57, 0xF6B9, 0xF6D9, 0xEE78, 0xED53,
    0xE4D1, 0xED53, 0xED53, 0xE4B0, 0xE4B0, 0xE4B0, 0xED94, 0xE4D1, 0xE46F, 0xE42E, 0xE42E, 0xE42E, 0xED12, 0xEE78, 0xF6B9, 0xF6B9,
    0xC532, 0x9B29, 0x9B29, 0xA36A, 0xA36A, 0x9B29, 0x9B29, 0xA36A, 0xAC0B, 0xA36A, 0x9B29, 0x9B29, 0xA36A, 0x8AE7, 0x72A7, 0x8AE7,
    0xA36A, 0xA36A, 0xABAB, 0xABAB, 0x9CCC, 0x8C2E, 0x5268, 0x5A88, 0x5AA9, 0x5268, 0x5268, 0x5247, 0x9CB1, 0xDE96, 0xEF1A, 0xEF5C,
    0xE6FA, 0xAD12, 0x7B2A, 0x62C9, 0x5268, 0x62EA, 0x5AA9, 0x39C5, 0x39C5, 0x41E6, 0x41E6, 0x41E6, 0x4A06, 0x4A06, 0x4A27, 0x5247,
    0x5268, 0x5268, 0x5A88, 0x5A88, 0x5A88, 0x5A88, 0x5A88, 0x5A88, 0x51E5, 0x79C4, 0x7143, 0x48A1, 0x48A1, 0x79C4, 0x8A06, 0x9AA8,
    0x8A06, 0x48A1, 0x79C4, 0xBC69, 0xB406, 0x8A65, 0x6082, 0x7881, 0x88A2, 0x7881, 0x88A2, 0x7881, 0x5061, 0x5061, 0x5061, 0x6082,
    0x5061, 0x6082, 0x6082, 0x7143, 0x7143, 0x8A06, 0xA247, 0xAB09, 0xBC70, 0xCD73, 0xE552, 0xDBCD, 0xE346, 0xDAC4, 0xE346, 0xE48C,
    0xE48C, 0xE3C8, 0xE346, 0xDAC4, 0xDAC4, 0xE3C8, 0xE3C8, 0xE3C8, 0xE4CE, 0xE48C, 0xF46A, 0xF50D, 0xF50D, 0xED50, 0xF591, 0xE552,
    0xC532, 0xBCF2, 0xC510, 0xBC70, 0xBC70, 0xBC70, 0xBC70, 0xBCF2, 0xB3EE, 0xAB09, 0xAB09, 0xAB09, 0x9AA8, 0xBC70, 0x7BAD, 0x5247,
    0x4A27, 0x5247, 0x5A88, 0x5AA9, 0x5A88, 0x5A88, 0x5AA9, 0x6B0A, 0x9CB1, 0xC5D5, 0xC5B4, 0xC5B4, 0xCDF3, 0xC653, 0xC653, 0xCDF3,
    0xCE15, 0xCE15, 0xCDF3, 0xCE36, 0xCE36, 0xCE36, 0xCE36, 0xD655, 0xD655, 0xD655, 0xD655, 0xDE76, 0xDE76, 0xD657, 0xD655, 0xD657,
    0xD657, 0xDE76, 0xDE76, 0xDE76, 0xD657, 0xD655, 0xD655, 0xCE36, 0xCE36, 0xCE36, 0xCE36, 0xCE15, 0xCE15, 0xC5D5, 0xC5D5, 0xC5D5,
    0xC5B4, 0xC5B4, 0xC5D5, 0xC5B4, 0xC5D5, 0xC5D5, 0x9CB1, 0x83CD, 0x736C, 0x736C, 0x736C, 0x736C, 0x7BAD, 0x736C, 0x736C, 0x736C,
    0x736C, 0x734C, 0x734C, 0x734C, 0x6B4B, 0x6B4B, 0x734C, 0x6B4B, 0x6B4B, 0x734C, 0x6B4B, 0x6B4B, 0x83CD, 0x736C, 0x734C, 0x7BAD,
    0xAD12, 0xADD9, 0x8D37, 0x8D37, 0xBE19, 0xBE19, 0xC67A, 0xDE36, 0xE552, 0xE552, 0xED94, 0xEE57, 0xEDD5, 0xED94, 0xF6D9, 0xEE15,
    0xE4D1, 0xE4D1, 0xE4B0, 0xE46F, 0xE46F, 0xE4D1, 0xED94, 0xE4B0, 0xE46F, 0xE46F, 0xE42E, 0xE42E, 0xE4B0, 0xEE15, 0xEE36, 0xEDD5,
    0xC532, 0xA36A, 0xA36A, 0xA36A, 0xA36A, 0x9B29, 0x9B29, 0x9B29, 0xA36A, 0x9B29, 0x9B29, 0x8AE7, 0x9B29, 0x9B29, 0x9B29, 0x8AE7,
    0xABAB, 0xABEB, 0xA36A, 0x9BCB, 0x9CCC, 0xAD0E, 0x62C9, 0x5247, 0x5AA9, 0x5AA9, 0x5247, 0x4A27, 0x62C9, 0xC5D5, 0xEF5C, 0xEF3B,
    0xCE15, 0x7BAD, 0x62EA, 0x5A88, 0x5268, 0x62C9, 0x41E6, 0x39C5, 0x41E6, 0x41E6, 0x41E6, 0x4A06, 0x4A06, 0x4A27, 0x4A27, 0x5247,
    0x5268, 0x5A88, 0x5A88, 0x5A88, 0x5A88, 0x5A88, 0x5A47, 0x51E5, 0x79C4, 0x8A06, 0x8AE7, 0x5943, 0x5943, 0xBC69, 0xCCCA, 0x5943,
    0x48A1, 0x48A1, 0x79C4, 0x79C4, 0x7143, 0x6082, 0x6082, 0x7881, 0x7881, 0x7881, 0x7881, 0x6082, 0x6082, 0x6082, 0x7143, 0x7143,
    0x8A06, 0xAB09, 0xCBCC, 0xCBCC, 0xDC90, 0xDC90, 0xE42E, 0xE4CE, 0xEE15, 0xF6B9, 0xED53, 0xDAC4, 0xCA68, 0xDAC4, 0xDAC4, 0xDAC4,
    0xDAC4, 0xDAC4, 0xDAC4, 0xDAC4, 0xE346, 0xE3C8, 0xE3C8, 0xE3C8, 0xE3C8, 0xEC28, 0xEC28, 0xE48C, 0xF50D, 0xED50, 0xF591, 0xF5D2,
    0xC532, 0xBC70, 0xBC70, 0xBC70, 0xBC70, 0xBC70, 0xBCF2, 0xBC70, 0xB3EE, 0xAB09, 0x9AA8, 0xAB09, 0xABAB, 0xACF1, 0x62C9, 0x4A27,
    0x5247, 0x5A88, 0x5AA9, 0x5A88, 0x5A88, 0x5AA9, 0x6B0A, 0x9CB1, 0xC5D5, 0xC5B4, 0xC5B4, 0xCDF3, 0xCE93, 0xD6B4, 0xCE93, 0xCE93,
    0xC653, 0xCE15, 0xCE36, 0xD655, 0xCE36, 0xD655, 0xD655, 0xD655, 0xD655, 0xD657, 0xDE76, 0xD655, 0xD657, 0xDE76, 0xDE76, 0xD655,
    0xDE76, 0xD655, 0xDE76, 0xDE76, 0xDE76, 0xDE76, 0xD657, 0xDE76, 0xD657, 0xCE36, 0xD615, 0xCDF3, 0xD615, 0xD615, 0xCDF3, 0xCDF3,
    0xCDF3, 0xC5D5, 0xC5B4, 0xC5B4, 0xBD94, 0xC5B4, 0xC5D5, 0xB533, 0x8C2E, 0x7BAD, 0x736C, 0x7BAD, 0x736C, 0x736C, 0x736C, 0x736C,
    0x734C, 0x736C, 0x736C, 0x734C, 0x734C, 0x6B4B, 0x6B4B, 0x6B4B, 0x6B4B, 0x6B4B, 0x6B4B, 0x6B4B, 0x736C, 0x83CD, 0x736C, 0x734C,
    0x83CD, 0xC5D5, 0xBE19, 0xC67A, 0xE71B, 0xDEFB, 0xD6BA, 0xC67A, 0xBE19, 0xDEB9, 0xEE78, 0xEE78, 0xE552, 0xE4B0, 0xEE57, 0xEE78,
    0xE4D1, 0xE46F, 0xE46F, 0xE46F, 0xE46F, 0xED12, 0xED94, 0xE42E, 0xE42E, 0xE46F, 0xE42E, 0xE46F, 0xE4B0, 0xED94, 0xEDD5, 0xED12,
    0xC532, 0xA36A, 0xA36A, 0xA36A, 0xA36A, 0x9B29, 0x9B29, 0x9B29, 0x9B29, 0x9B29, 0x9B29, 0x9B29, 0x9B29, 0xA36A, 0xABEB, 0xABEB,
    0xABAB, 0xBC4C, 0xABEB, 0xA3EB, 0xA58E, 0xA5AE, 0x8C09, 0x5268, 0x5A88, 0x6B2B, 0x62EA, 0x5A88, 0x4A27, 0x734C, 0xCE36, 0xDE78,
    0x9C4F, 0x62EA, 0x62C9, 0x5268, 0x6B0A, 0x4A27, 0x3985, 0x3985, 0x39C5, 0x41E6, 0x41E6, 0x41E6, 0x4A27, 0x4A27, 0x4A27, 0x5247,
    0x5268, 0x5268, 0x5268, 0x5A88, 0x5A88, 0x5A47, 0x79C4, 0x7143, 0x5943, 0x79C4, 0xB406, 0x8A65, 0xB3C8, 0xB3C8, 0x8AE7, 0x6082,
    0x6082, 0x7143, 0xAB09, 0x7143, 0x6082, 0x5943, 0x79C4, 0x79C4, 0x6082, 0x6082, 0x6082, 0x7143, 0x9AA8, 0xBC70, 0xC532, 0xDD12,
    0xE4B0, 0xE4B0, 0xDC29, 0xDC29, 0xDC29, 0xED50, 0xE48C, 0xF591, 0xF6B9, 0xEE78, 0xE48C, 0xDAC4, 0xDAC4, 0xDAC4, 0xE346, 0xE346,
    0xE3C8, 0xDC29, 0xE48C, 0xE48C, 0xE4CE, 0xE4CE, 0xF50D, 0xF46A, 0xF46A, 0xEC28, 0xEC28, 0xF46A, 0xE48C, 0xF50D, 0xF591, 0xF5D2,
    0xED94, 0xBC70, 0xBC70, 0x9C4F, 0xBC70, 0xBCF2, 0xBCF2, 0xBC70, 0xBC8D, 0xABAB, 0xAB09, 0x9AA8, 0xB3EE, 0x9470, 0x5268, 0x5247,
    0x5268, 0x5A88, 0x5AA9, 0x5AA9, 0x5A88, 0x62EA, 0x9CB1, 0xC5D5, 0xC5B4, 0xC5B4, 0xC5B4, 0xBE12, 0xCE93, 0xCE93, 0xCE93, 0xD6B4,
    0xD6B4, 0xD655, 0xCE36, 0xCE36, 0xD655, 0xD655, 0xD655, 0xD657, 0xD655, 0xD657, 0xDE76, 0xDE76, 0xD657, 0xDE76, 0xDE76, 0xD657,
    0xDE76, 0xD657, 0xDE76, 0xDE76, 0xD657, 0xDE76, 0xD657, 0xDE76, 0xDE76, 0xD655, 0xDE34, 0xEE94, 0xEEF5, 0xEEF5, 0xEE94, 0xEE94,
    0xEE94, 0xEE94, 0xE655, 0xDE34, 0xCDB4, 0xC5B4, 0xC5B4, 0xC5D5, 0xBD94, 0xA490, 0x7BAD, 0x736C, 0x736C, 0x736C, 0x736C, 0x736C,
    0x736C, 0x736C, 0x734C, 0x734C, 0x734C, 0x734C, 0x6B4B, 0x6B4B, 0x6B4B, 0x6B4B, 0x6B4B, 0x734C, 0x734C, 0x736C, 0x7BAD, 0x6B4B,
    0x734C, 0x9470, 0xE6DA, 0xE71B, 0xE71B, 0xE71B, 0xDEFB, 0xC67A, 0xADD9, 0xBE19, 0xDEB9, 0xEE78, 0xED53, 0xE42E, 0xED94, 0xEE78,
    0xED12, 0xE46F, 0xE42E, 0xE42E, 0xE46F, 0xED12, 0xED12, 0xE46F, 0xE42E, 0xE42E, 0xE42E, 0xE42E, 0xE4B0, 0xED53, 0xED94, 0xED94,
    0xC532, 0xABAB, 0xABAB, 0xA36A, 0xA36A, 0xA36A, 0x9B29, 0x9B29, 0x9B29, 0x9B29, 0xA36A, 0x9B29, 0xA36A, 0x9B29, 0xABEB, 0xAC0B,
    0xABAB, 0xAC0B, 0xB42C, 0x9CCC, 0xA58E, 0xA58E, 0x952D, 0x62EA, 0x5AA9, 0x62C9, 0x5A88, 0x5268, 0x4A27, 0x5268, 0x6B4B, 0x83CD,
    0x62EA, 0x62C9, 0x5268, 0x62C9, 0x5A88, 0x39C5, 0x3985, 0x3985, 0x39C5, 0x41E6, 0x41E6, 0x4A06, 0x4A06, 0x4A06, 0x4A27, 0x5247,
    0x5268, 0x5247, 0x5268, 0x5A88, 0x5A47, 0x79C4, 0x8A06, 0x79C4, 0x48A1, 0x48A1, 0x5943, 0x79C4, 0xCBCC, 0xCAC9, 0xBA06, 0x88A2,
    0xA1E5, 0x9164, 0x9164, 0x6A66, 0x8B49, 0x8C09, 0x8C09, 0x8AE7, 0x5943, 0x8A65, 0xBCF2, 0xD5D4, 0xF6B9, 0xEE78, 0xF5D2, 0xE48C,
    0xE3C8, 0xE346, 0xE346, 0xE3C8, 0xE4CE, 0xF591, 0xED50, 0xF5D2, 0xF591, 0xF50D, 0xE3C8, 0xEBC5, 0xE3C8, 0xF46A, 0xE48C, 0xF46A,
    0xF46A, 0xF46A, 0xF46A, 0xEC28, 0xEC28, 0xEC28, 0xEC28, 0xEC28, 0xEC28, 0xEC28, 0xEC28, 0xEC28, 0xF46A, 0xF50D, 0xF591, 0xF5D2,
    0xED94, 0xDD12, 0xBC70, 0xBC70, 0xBC70, 0xCD73, 0xBC70, 0xB3EE, 0xBC4C, 0xBC70, 0xB3EE, 0xBB4A, 0xBCCF, 0x7BAD, 0x4A27, 0x5247,
    0x5A88, 0x5AA9, 0x5A88, 0x5A88, 0x62C9, 0x9470, 0xC5D5, 0xC5B4, 0xC5B4, 0xC5D5, 0xCE15, 0xCDF3, 0xCE93, 0xD6B4, 0xCE93, 0xCE93,
    0xCE93, 0xD6B4, 0xD6B4, 0xD655, 0xD655, 0xD655, 0xD657, 0xD655, 0xDE76, 0xDE76, 0xDE76, 0xDE76, 0xDE76, 0xDE76, 0xDE76, 0xDE76,
    0xDE76, 0xDE76, 0xD657, 0xDE76, 0xDE76, 0xDE76, 0xDE76, 0xDE76, 0xD657, 0xD655, 0xEE94, 0xEF15, 0xF736, 0xEF15, 0xF736, 0xF736,
    0xEF15, 0xEF15, 0xEF15, 0xEEF5, 0xEE94, 0xDE34, 0xDDF3, 0xCDB4, 0xC5D5, 0xC5D5, 0x9CB1, 0x7BAD, 0x736C, 0x736C, 0x736C, 0x736C,
    0x736C, 0x736C, 0x736C, 0x734C, 0x734C, 0x734C, 0x734C, 0x734C, 0x6B4B, 0x6B4B, 0x734C, 0x734C, 0x6B4B, 0x6B4B, 0x7BAD, 0x736C,
    0x6B4B, 0x734C, 0xA555, 0xDEFB, 0xEF3B, 0xEF3B, 0xDEFB, 0x9D98, 0x9D98, 0x9D98, 0xC67A, 0xEE78, 0xED94, 0xE4B0, 0xE552, 0xEE57,
    0xED12, 0xE46F, 0xDC0E, 0xDC0E, 0xE42E, 0xE4D1, 0xE4D1, 0xE4B0, 0xDC0E, 0xE42E, 0xDC0E, 0xE42E, 0xE46F, 0xE4D1, 0xED53, 0xEDD5,
    0xCD73, 0xABAB, 0xABAB, 0xABAB, 0x9BCB, 0x9BCB, 0xA36A, 0xA36A, 0x9B29, 0x9B29, 0x9B29, 0x9B29, 0x9B29, 0xA36A, 0xAC0B, 0x9BCB,
    0x9BAB, 0x946B, 0xAD0E, 0xA58E, 0xA5AE, 0xA58E, 0x954D, 0x946B, 0x5AA9, 0x4A27, 0x4A27, 0x5A88, 0x5268, 0x4A27, 0x5268, 0x5A88,
    0x5AA9, 0x5268, 0x5268, 0x62C9, 0x41E6, 0x3985, 0x39C5, 0x3985, 0x39C5, 0x41E6, 0x41E6, 0x41E6, 0x4A06, 0x4A27, 0x5247, 0x5247,
    0x5247, 0x4A27, 0x5247, 0x5247, 0x51E5, 0x7143, 0x79C4, 0x8A65, 0x9164, 0x9164, 0xB102, 0xB964, 0xBA06, 0x9164, 0xA0C2, 0xB964,
    0xBA06, 0xB287, 0x938A, 0x63C7, 0x6A66, 0x5943, 0x48A1, 0x48A1, 0x5943, 0xCD51, 0xEE78, 0xEE36, 0xF591, 0xE48C, 0xE3C8, 0xEBC5,
    0xE346, 0xE346, 0xE346, 0xE48C, 0xF50D, 0xF46A, 0xE48C, 0xF4CB, 0xEC28, 0xEBC5, 0xEBC5, 0xEBC5, 0xEBC5, 0xEBC5, 0xEC28, 0xEBC5,
    0xEBC5, 0xEBC5, 0xEBC5, 0xEBC5, 0xEBC5, 0xEBC5, 0xEBC5, 0xE3C8, 0xEC28, 0xEC28, 0xEC28, 0xEC28, 0xF46A, 0xF4CB, 0xED50, 0xF5D2,
    0xF591, 0xF591, 0xBCF2, 0xBC70, 0xBC70, 0xBC70, 0xB3EE, 0xABAB, 0xBC4C, 0xDCD1, 0xDD12, 0xDC90, 0xB533, 0x62C9, 0x5247, 0x5268,
    0x5A88, 0x5AA9, 0x5A88, 0x5AA9, 0x8C2E, 0xC5D5, 0xC5B4, 0xC5B4, 0xC5D5, 0xCE15, 0xCE15, 0xCDF3, 0xBE12, 0xC653, 0xCE93, 0xCE93,
    0xCE93, 0xD6B4, 0xD6B4, 0xDED6, 0xDE76, 0xDE76, 0xD655, 0xDE76, 0xDE76, 0xDE76, 0xDE76, 0xDE96, 0xDE76, 0xDE96, 0xDE76, 0xDE78,
    0xDE76, 0xDE76, 0xDE76, 0xDE76, 0xDE76, 0xDE78, 0xDE76, 0xDE76, 0xD655, 0xDE34, 0xEEF5, 0xEF15, 0xF736, 0xF736, 0xF736, 0xEF15,
    0xEF15, 0xEF15, 0xEF15, 0xEF15, 0xEF15, 0xEF15, 0xEEF5, 0xE655, 0xCDF3, 0xC5B4, 0xC5D5, 0xAD12, 0x83CD, 0x736C, 0x736C, 0x736C,
    0x736C, 0x736C, 0x736C, 0x736C, 0x734C, 0x6B4B, 0x6B4B, 0x6B4B, 0x6B4B, 0x6B4B, 0x734C, 0x6B4B, 0x6B2B, 0x6B4B, 0x736C, 0x7BAD,
    0x6B4B, 0x6B2B, 0x8C2E, 0xC67A, 0xDEFB, 0xE71B, 0xBE19, 0x9D98, 0x8D37, 0x8D37, 0xADD9, 0xE6B8, 0xEDD5, 0xED53, 0xED94, 0xEE15,
    0xE4D1, 0xDBCD, 0xDB8C, 0xDBCD, 0xE42E, 0xE4B0, 0xE46F, 0xDBCD, 0xDBCD, 0xDC0E, 0xDC0E, 0xDC0E, 0xE46F, 0xE4D1, 0xED94, 0xEE36,
    0xCD73, 0xA36A, 0xA36A, 0x946B, 0xAD0E, 0xAD0E, 0xAD0E, 0x9CCC, 0x946B, 0x9BCB, 0xA36A, 0x9B29, 0xA36A, 0x8C09, 0x9CCC, 0x9CCC,
    0x9D6D, 0xA5AE, 0xADCF, 0xA58E, 0xA5AE, 0x9D6D, 0xBE12, 0xE6DA, 0xA490, 0x41E6, 0x4A27, 0x62EA, 0x5268, 0x4A06, 0x4A27, 0x5A88,
    0x5268, 0x4A27, 0x62C9, 0x5268, 0x3985, 0x3985, 0x3985, 0x39C5, 0x39C5, 0x41E6, 0x41E6, 0x41E6, 0x4A06, 0x4A27, 0x4A27, 0x4A27,
    0x5247, 0x4A27, 0x4A06, 0x51E5, 0x7143, 0x7143, 0x7881, 0x88A2, 0xCAC9, 0xAB09, 0xA0C2, 0x88A2, 0x88A2, 0xBA06, 0xD32B, 0xDAC4,
    0xC9E5, 0xC9E5, 0x79C4, 0x3861, 0x3861, 0x3861, 0x3861, 0x3861, 0x5943, 0xDC29, 0xF4CB, 0xF4CB, 0xE4CE, 0xF4CB, 0xF46A, 0xDC29,
    0xCCCA, 0xB3C8, 0xAB09, 0xDC29, 0xEC28, 0xEBC5, 0xEBC5, 0xEB64, 0xEB64, 0xEB64, 0xEBC5, 0xEBC5, 0xEBC5, 0xEBC5, 0xEBC5, 0xEBC5,
    0xEBC5, 0xEBC5, 0xEBC5, 0xEC28, 0xEBC5, 0xEC28, 0xEBC5, 0xEC28, 0xEC28, 0xEC28, 0xEC28, 0xEC28, 0xEC28, 0xF46A, 0xED50, 0xF5D2,
    0xF591, 0xF591, 0xED53, 0xBC70, 0xB3EE, 0xB3EE, 0xABAB, 0xABAB, 0xBC70, 0xBC70, 0xBC4C, 0xBCCE, 0xACF1, 0x5268, 0x5247, 0x5A88,
    0x5AA9, 0x5AA9, 0x5AA9, 0x83CD, 0xC5B4, 0xC5D5, 0xC5B4, 0xC5D5, 0xCE15, 0xCE15, 0xCE15, 0xCDF3, 0xCDF3, 0xBE12, 0xC651, 0xCE93,
    0xD6B4, 0xD6B4, 0xD6B4, 0xD6B4, 0xDED6, 0xDED6, 0xDE76, 0xDE76, 0xDE76, 0xDE76, 0xDE76, 0xDE76, 0xDE96, 0xDE96, 0xDE96, 0xDE76,
    0xDE96, 0xDE96, 0xDE96, 0xDE96, 0xDE96, 0xDE76, 0xDE78, 0xDE76, 0xD655, 0xDDF3, 0xEE94, 0xEF15, 0xEF15, 0xEF15, 0xF736, 0xEF15,
    0xF736, 0xEF15, 0xEF15, 0xEF15, 0xEF15, 0xEF15, 0xEF15, 0xEEF5, 0xEE94, 0xDDF3, 0xC5B4, 0xC5D5, 0xB533, 0x8BEE, 0x736C, 0x736C,
    0x736C, 0x736C, 0x736C, 0x736C, 0x734C, 0x6B4B, 0x6B4B, 0x6B4B, 0x6B4B, 0x6B4B, 0x6B4B, 0x6B2B, 0x6B4B, 0x6B4B, 0x6B2B, 0x7BAD,
    0x734C, 0x6B2B, 0x734C, 0xAD12, 0xDEFB, 0xDEFB, 0xD6BA, 0xC67A, 0xC67A, 0xC67A, 0xADD9, 0xDE78, 0xEE57, 0xEE15, 0xEE15, 0xEE57,
    0xED94, 0xE4B0, 0xE42E, 0xE46F, 0xED12, 0xED12, 0xED12, 0xED12, 0xED53, 0xED94, 0xEDD5, 0xEE15, 0xEE57, 0xEE57, 0xEE57, 0xEE57,
    0xCDF3, 0xAC6D, 0x9CCC, 0xA5AE, 0xA5AE, 0x8D0C, 0xA58E, 0xADCF, 0xA58E, 0xAD0E, 0x9CCC, 0x946B, 0x9CCC, 0x9D6D, 0xA58E, 0xA5AE,
    0xADCF, 0xADCF, 0xADCF, 0xA58E, 0xA5AE, 0xC653, 0xEF3B, 0xF77C, 0xDE78, 0x736C, 0x4A06, 0x5247, 0x4A27, 0x5247, 0x5247, 0x5AA9,
    0x5247, 0x5247, 0x5AA9, 0x41E6, 0x3985, 0x3985, 0x3985, 0x39C5, 0x39C5, 0x41E6, 0x41E6, 0x41E6, 0x4A06, 0x4A27, 0x4A27, 0x4A27,
    0x4A27, 0x4A06, 0x79C4, 0x79C4, 0x7143, 0x7143, 0xB287, 0xA0C2, 0x9164, 0x7881, 0x7881, 0x9164, 0xBA06, 0xCAC9, 0xED12, 0xCAC9,
    0xC9E5, 0xC9E5, 0x7881, 0x3861, 0x3861, 0x3861, 0x5061, 0x5943, 0x8A06, 0xDC29, 0xF50D, 0xF54E, 0xF4CB, 0xF46A, 0xEC28, 0xBC69,
    0xBCCE, 0x9B29, 0xB287, 0xE346, 0xEB64, 0xEBC5, 0xEB64, 0xEBC5, 0xEB64, 0xEBC5, 0xEBC5, 0xEB64, 0xEBC5, 0xEBC5, 0xEBC5, 0xEBC5,
    0xEBC5, 0xEBC5, 0xEBC5, 0xEBC5, 0xEBC5, 0xEC28, 0xDC29, 0xCCCA, 0xE48C, 0xDC29, 0xCCCA, 0xDC29, 0xEC28, 0xF46A, 0xED50, 0xF591,
    0xF591, 0xF591, 0xF591, 0xE552, 0xB3EE, 0xABAB, 0xABAB, 0xABAB, 0xB3EE, 0xB3EE, 0xABAB, 0xBC70, 0xA490, 0x5247, 0x5247, 0x5A88,
    0x5AA9, 0x5AA9, 0x734C, 0xBD73, 0xC5D5, 0xC5B4, 0xC5D5, 0xCE15, 0xCE15, 0xCDF3, 0xCE36, 0xCE36, 0xD615, 0xCDF3, 0xBE12, 0xC651,
    0xCE93, 0xD6B4, 0xD6B4, 0xD6B4, 0xD6B4, 0xDED6, 0xDED6, 0xDED6, 0xDE76, 0xDE76, 0xDE76, 0xDE78, 0xDE76, 0xDE76, 0xDE96, 0xDE78,
    0xDE76, 0xDE78, 0xDE76, 0xDE78, 0xDE96, 0xDE96, 0xDE76, 0xDE76, 0xD655, 0xD5D4, 0xCD72, 0xDE34, 0xEF15, 0xF736, 0xEF15, 0xEF15,
    0xEF15, 0xEF15, 0xEF15, 0xEEF5, 0xEF15, 0xF736, 0xEF15, 0xEF15, 0xEEF5, 0xEE94, 0xDDF3, 0xC5B4, 0xCE15, 0xB533, 0x8BEE, 0x736C,
    0x736C, 0x736C, 0x736C, 0x736C, 0x734C, 0x734C, 0x734C, 0x734C, 0x6B4B, 0x6B4B, 0x6B4B, 0x6B4B, 0x6B4B, 0x6B2B, 0x6B2B, 0x736C,
    0x7BAD, 0x6B2B, 0x6B4B, 0x734C, 0xACF1, 0xDEB9, 0xDEFB, 0xDEFB, 0xE71B, 0xE71B, 0xD6BA, 0xDE78, 0xF6B9, 0xEE78, 0xEE57, 0xEE57,
    0xEE57, 0xEE36, 0xEE36, 0xEE36, 0xEE57, 0xEE36, 0xEE36, 0xEE57, 0xEE57, 0xEE57, 0xEE36, 0xEDD5, 0xED94, 0xE552, 0xDD12, 0xDCD1,
    0xBE12, 0x84CB, 0x8D0C, 0xADCF, 0x8D0C, 0x63C7, 0x744A, 0xAD0E, 0xA5AE, 0xA5AE, 0xA58E, 0xA5AE, 0xA5AE, 0x9D6D, 0x9D6D, 0xADCF,
    0xADCF, 0xADCF, 0x9D6D, 0xB5B1, 0xDE78, 0xEF3B, 0xEF1A, 0xE6F9, 0xEF1A, 0xBD73, 0x5268, 0x4A06, 0x5247, 0x5247, 0x5A88, 0x62C9,
    0x5247, 0x5A88, 0x5247, 0x39C5, 0x3985, 0x3985, 0x39C5, 0x41E6, 0x41E6, 0x41E6, 0x41E6, 0x4A06, 0x4A06, 0x4A06, 0x4A06, 0x4A27,
    0x4A06, 0x51E5, 0x9164, 0xA1E5, 0x7143, 0x88A2, 0x9164, 0xA0C2, 0xA0C2, 0xA0C2, 0xA0C2, 0xCA68, 0xCA68, 0xB964, 0xC9E5, 0xB964,
    0xB102, 0x88A2, 0x48A1, 0x5943, 0x7143, 0x8A65, 0xAB66, 0xDC29, 0xE48C, 0xF4CB, 0xEC28, 0xEBC5, 0xEBC5, 0xEBC5, 0xEB64, 0xC3A7,
    0xB3C8, 0xCAC9, 0xDAC4, 0xEB64, 0xEB64, 0xEBC5, 0xEB64, 0xEBC5, 0xE3C8, 0xEBC5, 0xEBC5, 0xEBC5, 0xEBC5, 0xEBC5, 0xEBC5, 0xEBC5,
    0xEBC5, 0xEBC5, 0xEBC5, 0xC3A7, 0xC3A7, 0xB3C8, 0xB3C8, 0xCCCA, 0xCCCA, 0xBC69, 0xCD2C, 0xDC29, 0xEC28, 0xF46A, 0xED50, 0xF591,
    0xF591, 0xF591, 0xED50, 0xED50, 0xDCD1, 0xABAB, 0xABAB, 0xB3EE, 0xB44D, 0xABAB, 0xA36A, 0xBCF2, 0x8BEE, 0x5247, 0x5268, 0x5A88,
    0x5AA9, 0x62EA, 0xACF1, 0xC5D5, 0xC5B4, 0xC5D5, 0xCE15, 0xCE15, 0xCE15, 0xCE36, 0xCE36, 0xD655, 0xCE36, 0xCE36, 0xCDF3, 0xCDF3,
    0xBE12, 0xC651, 0xD6B4, 0xDED6, 0xDED6, 0xDED6, 0xDED6, 0xDED6, 0xE717, 0xDED6, 0xDE76, 0xDE76, 0xDE96, 0xDE76, 0xDE76, 0xDE76,
    0xDE96, 0xDE96, 0xDE96, 0xDE96, 0xDE96, 0xDE96, 0xDE96, 0xDE76, 0xDE76, 0xD615, 0xCD93, 0xDE34, 0xEF15, 0xF736, 0xEF15, 0xEF15,
    0xEEF5, 0xEF15, 0xEF15, 0xEF15, 0xEEF5, 0xEF15, 0xEF15, 0xEF15, 0xF736, 0xEEF5, 0xEE94, 0xDE34, 0xC5B4, 0xCE15, 0xBD73, 0x83CD,
    0x736C, 0x736C, 0x736C, 0x734C, 0x734C, 0x734C, 0x734C, 0x6B4B, 0x6B4B, 0x6B4B, 0x6B4B, 0x6B4B, 0x6B2B, 0x6B2B, 0x6B2B, 0x6B4B,
    0x7BAD, 0x6B4B, 0x6B4B, 0x6B4B, 0x6AE9, 0x8BEE, 0xBD94, 0xDEB9, 0xE6FA, 0xDEFB, 0xDEFB, 0xE6DA, 0xE6F9, 0xE6B8, 0xDE36, 0xD5D4,
    0xCD93, 0xCD73, 0xC532, 0xCD93, 0xEE15, 0xEE15, 0xEE15, 0xEDD5, 0xED94, 0xED94, 0xE552, 0xDD12, 0xDD12, 0xDCD1, 0xDD12, 0xDD12,
    0xBE12, 0x7C8A, 0x8CEC, 0xA58E, 0x744A, 0x6C29, 0x7C8A, 0x84CB, 0x9CCC, 0x952D, 0xA58E, 0xADCF, 0xB5EF, 0xADCF, 0xA58E, 0xADCF,
    0xB5EF, 0xC653, 0xDE76, 0xE6FA, 0xEF1A, 0xE6FA, 0xE6FA, 0xDEB9, 0xBD73, 0x8BAB, 0x62A8, 0x41E6, 0x4A27, 0x5247, 0x62C9, 0x5A88,
    0x4A27, 0x5AA9, 0x41E6, 0x39C5, 0x39C5, 0x3985, 0x39C5, 0x41E6, 0x41E6, 0x41E6, 0x4A06, 0x4A06, 0x4A06, 0x4A06, 0x4A06, 0x4A06,
    0x51E5, 0x79C4, 0xA1E5, 0x7143, 0x48A1, 0x3861, 0x5061, 0x5061, 0x88A2, 0xB102, 0xB102, 0xC9E5, 0xB964, 0xBA06, 0xCBCC, 0xBA06,
    0x7881, 0x79C4, 0xABAB, 0xDC29, 0xEC28, 0xEC28, 0xEC28, 0xEC28, 0xEBC5, 0xEBC5, 0xEBC5, 0xEBC5, 0xEB64, 0xEB64, 0xEB64, 0xE346,
    0xDAC4, 0xDAC4, 0xEB64, 0xEB64, 0xEB64, 0xEB64, 0xEBC5, 0xBC69, 0xCCCA, 0xE3C8, 0xDC29, 0xCCCA, 0xE3C8, 0xEBC5, 0xEBC5, 0xEBC5,
    0xEBC5, 0xEBC5, 0xEB64, 0x8A65, 0x8A65, 0x8A65, 0x9AA8, 0xCCCA, 0xB406, 0xCCCA, 0xCD2C, 0xDC29, 0xEC28, 0xF4CB, 0xED50, 0xF591,
    0xF591, 0xF591, 0xED50, 0xED50, 0xED50, 0xBC4C, 0xB3EE, 0xBC8D, 0xB3EE, 0xA36A, 0x93AA, 0xBCF2, 0x736C, 0x5268, 0x5A88, 0x5AA9,
    0x62C9, 0x9C4F, 0xC5D5, 0xC5B4, 0xC5B4, 0xCE15, 0xCE36, 0xCE15, 0xCE36, 0xCE36, 0xCE36, 0xD655, 0xD655, 0xD655, 0xD655, 0xD615,
    0xCDF3, 0xBE12, 0xC651, 0xCE93, 0xD6B4, 0xDED6, 0xDED6, 0xE717, 0xDED6, 0xE717, 0xE717, 0xDE96, 0xDE76, 0xDE96, 0xE6D8, 0xDEB9,
    0xDE96, 0xDE96, 0xDE96, 0xDE96, 0xDE78, 0xDE96, 0xDE78, 0xDE76, 0xDE76, 0xCE36, 0xD615, 0xEEF5, 0xEF15, 0xEF15, 0xF736, 0xEF15,
    0xEF15, 0xEEF5, 0xEF15, 0xEF15, 0xEEF5, 0xEF15, 0xEEF5, 0xEF15, 0xEF15, 0xEF15, 0xEF15, 0xEE94, 0xCDB4, 0xC5B4, 0xCE36, 0xB533,
    0x83CD, 0x736C, 0x734C, 0x734C, 0x734C, 0x734C, 0x734C, 0x6B4B, 0x6B4B, 0x6B4B, 0x6B2B, 0x6B2B, 0x6B2B, 0x6B2B, 0x6B2B, 0x6B4B,
    0x736C, 0x736C, 0x6B2B, 0x734C, 0x7309, 0x7AE8, 0x836A, 0x9C0D, 0xBD73, 0xDE78, 0xE71B, 0xE71B, 0xDEFB, 0xE6DA, 0xE6FA, 0xDEB9,
    0xCE15, 0xADD9, 0xA555, 0xA555, 0xADD9, 0xBE19, 0xBE19, 0xC67A, 0xDEB9, 0xE6F9, 0xE6DA, 0xDE78, 0xC67A, 0xE6FA, 0xEF1A, 0xEF1A,
    0xCE93, 0x954D, 0xA58E, 0x8D0C, 0x84CB, 0xAD12, 0xAD12, 0xAD0E, 0x8D0C, 0x9CCC, 0x9CCC, 0x9D6D, 0xA5AE, 0xADCF, 0xBE12, 0xC653,
    0xDED6, 0xEF39, 0xEF1A, 0xE6FA, 0xE6FA, 0xE6F9, 0xC5B4, 0x9C0D, 0x8329, 0x7AE8, 0x8B49, 0x62A8, 0x4A27, 0x5A88, 0x62EA, 0x5247,
    0x5268, 0x5268, 0x39C5, 0x39C5, 0x39C5, 0x39C5, 0x39C5, 0x41E6, 0x41E6, 0x41E6, 0x4A06, 0x41E6, 0x4A06, 0x4A06, 0x4A06, 0x51E5,
    0x7143, 0x7143, 0x5943, 0x3861, 0x3861, 0x3861, 0x5061, 0x88A2, 0xB102, 0xC9E5, 0xCAC9, 0xB102, 0xB102, 0xCAC9, 0xB3C8, 0x9CCC,
    0xA3EB, 0xB42C, 0xF50D, 0xEC28, 0xEBC5, 0xEBC5, 0xEBC5, 0xEB64, 0xEB64, 0xEB64, 0xEB64, 0xEBC5, 0xEB64, 0xEB64, 0xEB64, 0xEB64,
    0xEB64, 0xEB64, 0xEB64, 0xEB64, 0xEB64, 0xEB64, 0xEB64, 0xC3A7, 0xBC69, 0xBC69, 0xB406, 0xB3C8, 0xC3A7, 0xEBC5, 0xEBC5, 0xEBC5,
    0xEBC5, 0xEBC5, 0xEBC5, 0xDAC4, 0xB287, 0xE346, 0xE346, 0xC3A7, 0xC3A7, 0xB3C8, 0xB3C8, 0xE3C8, 0xF46A, 0xF50D, 0xED50, 0xF591,
    0xF5D2, 0xF591, 0xED50, 0xF50D, 0xF50D, 0xE552, 0xC4EF, 0xBCAE, 0xAC2C, 0xAC0B, 0xAC2C, 0xAD12, 0x62EA, 0x5268, 0x5A88, 0x62C9,
    0x7BAD, 0xBD94, 0xC5D5, 0xC5B4, 0xCE15, 0xCE15, 0xCE15, 0xD615, 0xCE36, 0xD655, 0xD655, 0xCE36, 0xD655, 0xD655, 0xD655, 0xD655,
    0xD655, 0xCE36, 0xCDF3, 0xBE12, 0xC651, 0xCE93, 0xD6B4, 0xDED6, 0xE717, 0xE717, 0xE717, 0xDED6, 0xDED6, 0xE6F9, 0xF77C, 0xF77C,
    0xE6F9, 0xDE96, 0xDE96, 0xDE96, 0xDE96, 0xDE96, 0xDE96, 0xDE96, 0xDE76, 0xD655, 0xD615, 0xE655, 0xEEF5, 0xEF15, 0xF736, 0xEF15,
    0xEF15, 0xEF15, 0xEEF5, 0xEEF5, 0xEEF5, 0xEEF5, 0xEEF5, 0xEEF5, 0xEF15, 0xEF15, 0xEF15, 0xEEF5, 0xDE34, 0xC5B4, 0xC5D5, 0xCE36,
    0xAD12, 0x7BAD, 0x736C, 0x736C, 0x734C, 0x734C, 0x6B4B, 0x6B4B, 0x6B4B, 0x6B2B, 0x6B2B, 0x6B2B, 0x6B2B, 0x6B2B, 0x6B2B, 0x6B2B,
    0x6B2B, 0x736C, 0x6B2B, 0x6B4B, 0x6B2B, 0x7B2A, 0x8B49, 0x8329, 0x8B49, 0x93CC, 0xACF1, 0xCE15, 0xE6DA, 0xE71B, 0xE71B, 0xE6FA,
    0xDEFB, 0xD6BA, 0xC67A, 0xBE19, 0xADD9, 0x9D98, 0x9D98, 0x9D98, 0xBE19, 0xC67A, 0xBE19, 0xBE19, 0x8D37, 0xC67A, 0xEF3B, 0xEF3B,
    0xCE93, 0xA58E, 0xADCF, 0xA5AE, 0xB5B1, 0xD657, 0xD655, 0xCE15, 0xCDF3, 0xCDF3, 0xD657, 0xE6DA, 0xE6FA, 0xDEB9, 0xE6F9, 0xE6FA,
    0xEF1A, 0xEF1A, 0xEF1A, 0xDEB9, 0xC5B4, 0x9C0D, 0x7309, 0x7AE8, 0x8329, 0x8B6A, 0x938A, 0x836A, 0x5268, 0x62C9, 0x62C9, 0x4A27,
    0x5A88, 0x4A06, 0x3985, 0x3985, 0x39C5, 0x41E6, 0x41E6, 0x41E6, 0x4A06, 0x41E6, 0x4A06, 0x4A06, 0x4A06, 0x4A27, 0x51E5, 0x5943,
    0x7143, 0x48A1, 0x3861, 0x3861, 0x3861, 0x6082, 0xB102, 0xCA68, 0xCA68, 0xDC90, 0xDB8C, 0xB102, 0xA0C2, 0x7143, 0x8C09, 0xDED6,
    0xC651, 0xBC69, 0xED12, 0xEC28, 0xEB64, 0xEB64, 0xEB64, 0xEB64, 0xEB64, 0xEB64, 0xEB64, 0xEB64, 0xEB64, 0xEB64, 0xEB64, 0xEB64,
    0xEB64, 0xEB64, 0xEB64, 0xEB64, 0xEB64, 0xEB64, 0xEB64, 0xC3A7, 0xCCCA, 0xB3C8, 0xBC69, 0xBC8D, 0xAB09, 0xEB64, 0xEBC5, 0xEBC5,
    0xEBC5, 0xEBC5, 0xEBC5, 0xEBC5, 0xEBC5, 0xEBC5, 0xEBC5, 0xEB64, 0xEBC5, 0xEBC5, 0xE346, 0xEC28, 0xF46A, 0xF50D, 0xF591, 0xF5D2,
    0xF591, 0xED50, 0xF50D, 0xF50D, 0xF50D, 0xED50, 0xDCD1, 0xABEB, 0xBCAE, 0xB42C, 0x93AA, 0xACF1, 0x62C9, 0x5268, 0x5AA9, 0x6B2B,
    0xAD12, 0xC5D5, 0xC5B4, 0xC5D5, 0xCE36, 0xCE15, 0xCE15, 0xCE36, 0xCE36, 0xD655, 0xCE36, 0xD655, 0xD655, 0xD655, 0xD657, 0xDE76,
    0xDE76, 0xD655, 0xD655, 0xD615, 0xC653, 0xBE12, 0xC651, 0xCE93, 0xD6B4, 0xDED6, 0xE717, 0xDED6, 0xE717, 0xEF5C, 0xF77D, 0xF77D,
    0xEF3B, 0xE697, 0xDE96, 0xDE96, 0xE697, 0xDE96, 0xDE96, 0xDE78, 0xDE76, 0xDE76, 0xD655, 0xCDB4, 0xDDF3, 0xEE94, 0xEF15, 0xEF15,
    0xEF15, 0xEF15, 0xEEF5, 0xEEF5, 0xEEF5, 0xEEF5, 0xEEF5, 0xEEF5, 0xEF15, 0xEF15, 0xF736, 0xEF15, 0xE655, 0xC5B4, 0xC5D5, 0xC5D5,
    0xCE15, 0x9CB1, 0x736C, 0x736C, 0x734C, 0x6B4B, 0x6B4B, 0x734C, 0x6B4B, 0x6B2B, 0x6B2B, 0x6B2B, 0x6B2B, 0x6B2B, 0x6B2B, 0x6B2B,
    0x6B2B, 0x734C, 0x734C, 0x6B2B, 0x734C, 0x7B2A, 0x8B49, 0x8B6A, 0x8B49, 0x8329, 0x8329, 0x836A, 0x9C0D, 0xAD12, 0xCE36, 0xDEB9,
    0xE71B, 0xEF1A, 0xE6FA, 0xE6FA, 0xDEFB, 0xE6DA, 0xD6BA, 0xDEFB, 0xDEFB, 0xD6BA, 0xD6BA, 0xE71B, 0xC67A, 0xC67A, 0xE71B, 0xE71B,
    0xD6B4, 0xADCF, 0xADCF, 0xBE12, 0xDEB9, 0xE6DA, 0xE6FA, 0xE6FA, 0xEF1A, 0xEF3B, 0xEF3B, 0xEF3B, 0xEF1A, 0xEF1A, 0xEF1A, 0xE6FA,
    0xE6DA, 0xCE36, 0xACF1, 0x83CD, 0x7AE8, 0x7AE8, 0x8329, 0x8B49, 0x8B6A, 0x93AA, 0xA40C, 0xA46E, 0x6AE9, 0x5AA9, 0x5268, 0x4A27,
    0x5A88, 0x39C5, 0x39C5, 0x39C5, 0x39C5, 0x39C5, 0x41E6, 0x4A06, 0x4A06, 0x41E6, 0x4A06, 0x4A06, 0x4A06, 0x4A06, 0x51E5, 0x79C4,
    0x48A1, 0x3861, 0x3861, 0x5061, 0x88A2, 0xB964, 0xCA68, 0xDB8C, 0xD32B, 0xD32B, 0xA0C2, 0x88A2, 0x6082, 0x51E5, 0xBE12, 0xDED6,
    0xAD0E, 0xAB66, 0xDC90, 0xE4CE, 0xEB64, 0xEB64, 0xEB64, 0xEB64, 0xEB64, 0xEB64, 0xEB64, 0xEB64, 0xEB64, 0xEB64, 0xEB64, 0xEB64,
    0xDAC4, 0xEB64, 0xEB64, 0xEB64, 0xEB64, 0xEB64, 0xEB64, 0xE346, 0xB287, 0xBA06, 0xB287, 0xC3A7, 0xCAC9, 0xEB64, 0xEBC5, 0xEBC5,
    0xEBC5, 0xEBC5, 0xEBC5, 0xEBC5, 0xEBC5, 0xEBC5, 0xEBC5, 0xEBC5, 0xE3C8, 0xEBC5, 0xEC28, 0xEC28, 0xF46A, 0xF50D, 0xF591, 0xF591,
    0xED50, 0xF50D, 0xF50D, 0xE4CE, 0xF50D, 0xF4CB, 0xED50, 0xBC4C, 0xA36A, 0xA36A, 0xA36A, 0xACD0, 0x5AA9, 0x5A88, 0x62C9, 0x8C2E,
    0xC5B4, 0xC5B4, 0xC5D5, 0xCE36, 0xCE15, 0xD615, 0xCE36, 0xD655, 0xCE36, 0xD655, 0xD655, 0xD655, 0xD657, 0xDE76, 0xDE76, 0xDE76,
    0xD657, 0xDE76, 0xDE76, 0xDEB9, 0xE6F9, 0xDE96, 0xCDF3, 0xBE12, 0xC651, 0xCE93, 0xD6B4, 0xDED6, 0xDED6, 0xEF5C, 0xF77D, 0xF77D,
    0xEF5C, 0xE697, 0xDE96, 0xE697, 0xDE96, 0xDE96, 0xE697, 0xDE96, 0xDE76, 0xDE76, 0xD657, 0xD5F5, 0xCD51, 0xCD72, 0xDE34, 0xEEF5,
    0xEF15, 0xEF15, 0xEF15, 0xEEF5, 0xEEF5, 0xEEF5, 0xEE94, 0xEEF5, 0xEF15, 0xEF15, 0xF736, 0xEF15, 0xEE94, 0xCDB4, 0xCE15, 0xC5D5,
    0xC5D5, 0xC5D5, 0x8C2E, 0x736C, 0x734C, 0x6B4B, 0x734C, 0x6B4B, 0x6B2B, 0x6B2B, 0x6B2B, 0x6B2B, 0x6B2B, 0x6B4B, 0x6B2B, 0x6B0A,
    0x6B0A, 0x6B4B, 0x736C, 0x6B2B, 0x734C, 0x7B2A, 0x8B8B, 0x938A, 0x8B49, 0x8B49, 0x8B49, 0x8B49, 0x8329, 0x8329, 0x8B49, 0x83CD,
    0xA490, 0xBD73, 0xCE15, 0xDE78, 0xE6DA, 0xE6FA, 0xE71B, 0xE71B, 0xE71B, 0xE71B, 0xE71B, 0xE71B, 0xE71B, 0xE6FA, 0xE71B, 0xE71B,
    0xEF5C, 0xE6F9, 0xE6F9, 0xEF1A, 0xEF3B, 0xEF3B, 0xEF3B, 0xEF3B, 0xEF1A, 0xEF1A, 0xEF1A, 0xEF1A, 0xE6FA, 0xDE78, 0xC5D5, 0xACF1,
    0x8BEE, 0x7B2A, 0x7AE8, 0x7AE8, 0x8329, 0x8329, 0x8B49, 0x938A, 0x9BCB, 0xA40C, 0xAC6D, 0xC510, 0x736C, 0x5AA9, 0x5247, 0x5268,
    0x5268, 0x39C5, 0x41E6, 0x39C5, 0x39C5, 0x41E6, 0x41E6, 0x4A06, 0x4A06, 0x4A06, 0x4A06, 0x4A27, 0x4A06, 0x51E5, 0x79C4, 0x9AA8,
    0x5943, 0x3861, 0x6082, 0xA0C2, 0xB964, 0xD32B, 0xE42E, 0xCA68, 0xB964, 0xA0C2, 0x7881, 0x5061, 0x3861, 0x8B6A, 0xDED6, 0xCE93,
    0x8B6A, 0x9AA8, 0xCAC9, 0xE4D1, 0xE48C, 0xEB64, 0xEB64, 0xEB64, 0xEB64, 0xEB64, 0xEB64, 0xEB64, 0xEB64, 0xDAC4, 0xEB64, 0xEB64,
    0xEB64, 0xEB64, 0xEB64, 0xEB64, 0xEB64, 0xEB64, 0xEB64, 0xEB64, 0xEB64, 0xDAC4, 0xDAC4, 0xDAC4, 0xE346, 0xEBC5, 0xEBC5, 0xEBC5,
    0xEBC5, 0xEBC5, 0xEBC5, 0xEBC5, 0xEBC5, 0xEBC5, 0xEC28, 0xEBC5, 0xEBC5, 0xDC29, 0xF46A, 0xEC28, 0xF46A, 0xF50D, 0xF591, 0xF591,
    0xED50, 0xF50D, 0xF50D, 0xE4CE, 0xF4CB, 0xE48C, 0xE48C, 0xDD12, 0xABAB, 0xA36A, 0xB3EE, 0x9CB1, 0x5AA9, 0x5AA9, 0x734C, 0xB533,
    0xC5D5, 0xC5B4, 0xCE15, 0xCE36, 0xCE15, 0xCE15, 0xCE36, 0xD655, 0xD655, 0xCE36, 0xD655, 0xDE76, 0xD655, 0xDE76, 0xDE76, 0xDE76,
    0xDE76, 0xD655, 0xE697, 0xEF5C, 0xF77C, 0xEF3B, 0xE697, 0xCDF3, 0xCDF3, 0xC651, 0xCE93, 0xD6B4, 0xD6B4, 0xEF5C, 0xF77C, 0xF77C,
    0xEF3B, 0xE697, 0xDE96, 0xDE96, 0xE697, 0xDE96, 0xDE96, 0xDE78, 0xDE96, 0xDE96, 0xDE76, 0xD655, 0xD5F5, 0xCD72, 0xDDD0, 0xDE34,
    0xEEF5, 0xEF15, 0xEF15, 0xEF15, 0xEF15, 0xEEF5, 0xEF15, 0xEF15, 0xEF15, 0xEF15, 0xEF15, 0xEF15, 0xE655, 0xCD93, 0xCE15, 0xCE15,
    0xC5B4, 0xCE15, 0xBD94, 0x83CD, 0x734C, 0x734C, 0x734C, 0x6B2B, 0x6B2B, 0x6B4B, 0x6B2B, 0x6B2B, 0x6B4B, 0x6B2B, 0x6B2B, 0x62EA,
    0x6B0A, 0x6B0A, 0x736C, 0x6B2B, 0x6B4B, 0x734C, 0x8BAB, 0x9BAB, 0x93AA, 0x938A, 0x938A, 0x8B6A, 0x8B49, 0x8B6A, 0x8B49, 0x8B49,
    0x8B49, 0x8329, 0x7B2A, 0x838B, 0x9C0D, 0xA490, 0xAD12, 0xBD73, 0xC5D5, 0xCE15, 0xD657, 0xDE78, 0xDEB9, 0xDEB9, 0xE6DA, 0xE6DA,
    0xF77D, 0xEF1A, 0xEF1A, 0xEF1A, 0xEF3B, 0xEF3B, 0xEF1A, 0xE6FA, 0xDEB9, 0xD657, 0xC5B4, 0xACF1, 0x8C2E, 0x836A, 0x7309, 0x72A7,
    0x7AE8, 0x8329, 0x8B49, 0x8B49, 0x8B49, 0x8B6A, 0x9BAB, 0xA3EB, 0xAC2C, 0xAC4D, 0xB46D, 0xAC2C, 0x6B0A, 0x62C9, 0x4A27, 0x5A88,
    0x4A06, 0x39C5, 0x39C5, 0x39C5, 0x41E6, 0x41E6, 0x41E6, 0x41E6, 0x4A06, 0x4A06, 0x4A27, 0x4A27, 0x51E5, 0x5943, 0x9164, 0x79C4,
    0x48A1, 0x7881, 0xB102, 0xC9E5, 0xCA68, 0xDC0E, 0xCAC9, 0xB102, 0x88A2, 0x6082, 0x5061, 0x3861, 0x5943, 0xA5AE, 0xE717, 0x9D6D,
    0x51E5, 0x5943, 0xA247, 0xBB4A, 0xED50, 0xEBC5, 0xEB64, 0xEB64, 0xEB64, 0xEBC5, 0xEB64, 0xEB64, 0xEB64, 0xEB64, 0xEB64, 0xDAC4,
    0xEB64, 0xEB64, 0xEB64, 0xEB64, 0xEB64, 0xEB64, 0xEB64, 0xEB64, 0xEB64, 0xEB64, 0xEB64, 0xEB64, 0xEBC5, 0xEBC5, 0xEBC5, 0xEBC5,
    0xEBC5, 0xEBC5, 0xEBC5, 0xEBC5, 0xEBC5, 0xEBC5, 0xEBC5, 0xEBC5, 0xEBC5, 0xCCCA, 0xD56E, 0xDC29, 0xF46A, 0xF46A, 0xED50, 0xF591,
    0xED50, 0xF50D, 0xF50D, 0xF50D, 0xE4CE, 0xF4CB, 0xF4CB, 0xE4CE, 0xBC4C, 0x9AA8, 0xB3EE, 0x9470, 0x5A88, 0x62C9, 0x9470, 0xC5D5,
    0xC5B4, 0xC5D5, 0xCE15, 0xCDF3, 0xCE15, 0xD615, 0xD655, 0xCE36, 0xD655, 0xD655, 0xD655, 0xDE76, 0xD657, 0xDE76, 0xDE76, 0xDE76,
    0xDE76, 0xD655, 0xE6B7, 0xEF5C, 0xF77C, 0xEF5C, 0xEF39, 0xDE76, 0xD655, 0xCDF3, 0xBE12, 0xCE93, 0xD6B4, 0xEF3B, 0xF77C, 0xEF5C,
    0xEF39, 0xDE96, 0xDE96, 0xE697, 0xE697, 0xE697, 0xE697, 0xE697, 0xE697, 0xDE78, 0xDE96, 0xDE76, 0xDE76, 0xCE36, 0xD5F5, 0xCD93,
    0xDE34, 0xEEF5, 0xEF15, 0xEF15, 0xEF15, 0xEF15, 0xEF15, 0xEF15, 0xEF15, 0xEF15, 0xEF15, 0xEEF5, 0xDE34, 0xBD94, 0xC5D5, 0xC5D5,
    0xC5D5, 0xC5B4, 0xCE15, 0xACF1, 0x736C, 0x734C, 0x6B4B, 0x6B2B, 0x6B2B, 0x6B2B, 0x6B2B, 0x6B4B, 0x6B2B, 0x6B2B, 0x6B0A, 0x62EA,
    0x62EA, 0x6B0A, 0x736C, 0x6B4B, 0x6B2B, 0x6B2B, 0x8B8B, 0xA40C, 0xAC2C, 0xAC2C, 0x9BAB, 0x938A, 0x938A, 0x8B6A, 0x8B6A, 0x938A,
    0x938A, 0x8B6A, 0x8B6A, 0x8B49, 0x8329, 0x8329, 0x8329, 0x8329, 0x8329, 0x836A, 0x836A, 0x836A, 0x838B, 0x83CD, 0x9C0D, 0xA490,
    0xE6DA, 0xCE15, 0xC5D5, 0xBD94, 0xB533, 0xACF1, 0xA490, 0x8C2E, 0x838B, 0x7B2A, 0x6AE9, 0x72A7, 0x72A7, 0x7AE8, 0x7AE8, 0x7AE8,
    0x8329, 0x8B49, 0x8B49, 0x8B6A, 0x9BAB, 0xA3EB, 0xAC2C, 0xAC4D, 0xAC4D, 0xAC4D, 0xAC4D, 0x93CC, 0x62EA, 0x5A88, 0x4A06, 0x5268,
    0x39C5, 0x39C5, 0x39C5, 0x39C5, 0x41E6, 0x41E6, 0x4A06, 0x4A06, 0x4A06, 0x4A06, 0x4A06, 0x4A27, 0x51E5, 0x7143, 0x7143, 0x48A1,
    0x88A2, 0xB102, 0xD32B, 0xCA68, 0xB102, 0xB102, 0xB102, 0xA0C2, 0x6082, 0x3861, 0x3861, 0x3861, 0x8B49, 0xDED6, 0xCE93, 0x8B6A,
    0x48A1, 0x48A1, 0x7143, 0xA1E5, 0xDC0E, 0xE48C, 0xEB64, 0xEB64, 0xEB64, 0xEB64, 0xEB64, 0xEB64, 0xDAC4, 0xEB64, 0xDAC4, 0xEB64,
    0xDAC4, 0xEB64, 0xDAC4, 0xEB64, 0xEB64, 0xEB64, 0xEB64, 0xEB64, 0xEBC5, 0xEB64, 0xEB64, 0xEBC5, 0xEBC5, 0xEB64, 0xEBC5, 0xEBC5,
    0xEBC5, 0xEBC5, 0xEBC5, 0xEBC5, 0xEBC5, 0xEBC5, 0xEBC5, 0xEBC5, 0xEC28, 0xDC29, 0xBC69, 0xBC69, 0xCD2C, 0xE48C, 0xE4CE, 0xED50,
    0xED50, 0xF591, 0xF591, 0xED50, 0xE4CE, 0xD56E, 0xD56E, 0xE48C, 0xE48C, 0xA36A, 0xA46E, 0x9470, 0x5AA9, 0x736C, 0xBD73, 0xC5D5,
    0xCE15, 0xCE36, 0xCE15, 0xCE15, 0xD615, 0xCE36, 0xCE36, 0xD655, 0xD655, 0xD655, 0xD655, 0xDE76, 0xDE76, 0xDE76, 0xDE76, 0xDE76,
    0xDE76, 0xD655, 0xDE76, 0xEF3B, 0xF77C, 0xEF5C, 0xEF3B, 0xE6B7, 0xDE76, 0xD655, 0xCDF3, 0xBE12, 0xCE93, 0xEF39, 0xEF5C, 0xEF3B,
    0xEF19, 0xDE76, 0xDE96, 0xE697, 0xE697, 0xE697, 0xE697, 0xE697, 0xE697, 0xDE96, 0xDE96, 0xDE96, 0xDE76, 0xDE76, 0xD655, 0xD5F5,
    0xCD72, 0xDDF3, 0xEE94, 0xEEF5, 0xEEF5, 0xEF15, 0xEF15, 0xEF15, 0xEF15, 0xEEF5, 0xEE94, 0xDE34, 0xCDB4, 0xC5B4, 0xC5D5, 0xC5D5,
    0xC5D5, 0xC5D5, 0xC5D5, 0xC5D5, 0x8C2E, 0x734C, 0x6B4B, 0x6B2B, 0x6B2B, 0x6B2B, 0x6B2B, 0x6B2B, 0x6B2B, 0x6B2B, 0x6B0A, 0x62EA,
    0x62EA, 0x6B2B, 0x736C, 0x736C, 0x6B0A, 0x6B2B, 0x838B, 0xAC2C, 0xAC2C, 0xA40C, 0xA3EB, 0xA3EB, 0xA3EB, 0x9BCB, 0x93AA, 0x93AA,
    0x938A, 0x93AA, 0x938A, 0x8B6A, 0x8B49, 0x8B6A, 0x8B6A, 0x8B6A, 0x8B49, 0x8B49, 0x8B6A, 0x93CC, 0xA490, 0xBD73, 0xCE36, 0xDE78,
    0xACF1, 0x6AE9, 0x6AE9, 0x6AE9, 0x62A8, 0x72A7, 0x72A7, 0x72A7, 0x7AE8, 0x7AE8, 0x7AE8, 0x7AE8, 0x7309, 0x8329, 0x8B49, 0x8B49,
    0x8B6A, 0x938A, 0x9BAB, 0xA40C, 0xAC4D, 0xB44D, 0xAC4D, 0xAC2C, 0xAC4D, 0xAC4D, 0xAC6D, 0x8BAB, 0x62C9, 0x5A88, 0x4A06, 0x5268,
    0x3985, 0x39C5, 0x39C5, 0x39C5, 0x39C5, 0x41E6, 0x4A06, 0x4A06, 0x4A06, 0x4A27, 0x4A27, 0x4A06, 0x7143, 0x9164, 0x79C4, 0x7881,
    0xB964, 0xC9E5, 0xD32B, 0xC9E5, 0xB102, 0xA0C2, 0x88A2, 0x6082, 0x3861, 0x3861, 0x3861, 0x5943, 0xA5AE, 0xE717, 0xA58E, 0x51E5,
    0x5943, 0xB3C8, 0x9AA8, 0xA1E5, 0xCAC9, 0xE4CE, 0xEC28, 0xEB64, 0xEB64, 0xE346, 0xCD2C, 0xDDD0, 0xE4CE, 0xE3C8, 0xE346, 0xDAC4,
    0xDAC4, 0xEB64, 0xEB64, 0xEB64, 0xEB64, 0xEB64, 0xEB64, 0xEB64, 0xEBC5, 0xEBC5, 0xEBC5, 0xEBC5, 0xEB64, 0xEBC5, 0xEBC5, 0xEBC5,
    0xEB64, 0xEBC5, 0xEBC5, 0xEBC5, 0xEBC5, 0xEBC5, 0xEBC5, 0xEBC5, 0xDC29, 0xAD0E, 0xBC69, 0xBC69, 0xCCCA, 0xDC29, 0xF46A, 0xF50D,
    0xED50, 0xDDD0, 0xE611, 0xCD2C, 0xD56E, 0xCD72, 0xBE12, 0xCD2C, 0xDC29, 0xCBCC, 0xA46E, 0x8C2E, 0x62EA, 0x8C2E, 0xC5D5, 0xC5D5,
    0xCE36, 0xCE36, 0xCE15, 0xD615, 0xCE36, 0xCE36, 0xD655, 0xD655, 0xD655, 0xD657, 0xDE76, 0xDE76, 0xDE76, 0xDE76, 0xDE76, 0xDE76,
    0xDE76, 0xD655, 0xD655, 0xE717, 0xEF5C, 0xEF5C, 0xEF3B, 0xE717, 0xDE76, 0xDE76, 0xCE36, 0xCDF3, 0xC653, 0xE717, 0xEF3B, 0xEF39,
    0xE717, 0xD655, 0xDE96, 0xE697, 0xE697, 0xE697, 0xE697, 0xE697, 0xE697, 0xE697, 0xDE96, 0xDE96, 0xDE96, 0xE697, 0xE6B7, 0xDE78,
    0xD5F5, 0xCD93, 0xDDD0, 0xDDD0, 0xDDF3, 0xDDF3, 0xDE34, 0xEE94, 0xEE94, 0xE655, 0xDDF3, 0xCD51, 0xBCF2, 0xACF1, 0xACF1, 0xAD12,
    0xBD73, 0xBD94, 0xC5B4, 0xCE15, 0xB533, 0x736C, 0x6B4B, 0x6B4B, 0x6B2B, 0x6B2B, 0x6B2B, 0x6B2B, 0x6B2B, 0x6B2B, 0x6B0A, 0x62EA,
    0x6B2B, 0x6B2B, 0x734C, 0x736C, 0x6B0A, 0x6B4B, 0x836A, 0xA40C, 0xA40C, 0xA40C, 0xA40C, 0xAC2C, 0xAC2C, 0xAC2C, 0xAC2C, 0xA40C,
    0x9BCB, 0x9BAB, 0x938A, 0x8B49, 0x938A, 0x938A, 0x938A, 0x938A, 0x9C0D, 0xACF1, 0xCE15, 0xDEB9, 0xEF3B, 0xEF5C, 0xF77C, 0xF77C,
    0xAD12, 0x8329, 0x7AE8, 0x7AE8, 0x7AE8, 0x7AE8, 0x7AE8, 0x8329, 0x8329, 0x8329, 0x8329, 0x8B49, 0x8B6A, 0x8B6A, 0x8B6A, 0x93AA,
    0x9BAB, 0xA40C, 0xAC4D, 0xAC4D, 0xAC2C, 0xAC2C, 0xAC2C, 0xAC2C, 0xAC4D, 0xB46D, 0xB46D, 0x838B, 0x62C9, 0x5268, 0x4A27, 0x5247,
    0x39C5, 0x39C5, 0x39C5, 0x39C5, 0x41E6, 0x4A06, 0x4A06, 0x4A06, 0x4A27, 0x4A27, 0x4A27, 0x51E5, 0x7143, 0x48A1, 0x3861, 0x7881,
    0x8A06, 0x63C7, 0x8329, 0xA1E5, 0xA0C2, 0x88A2, 0x6082, 0x3861, 0x3861, 0x3861, 0x48A1, 0x8B6A, 0xDED6, 0xCE93, 0x8C09, 0x5943,
    0x8A65, 0xCCCA, 0x8AE7, 0x9164, 0xB287, 0xCBCC, 0xE48C, 0xEB64, 0xEB64, 0xEB64, 0xBC69, 0xB5EF, 0xCE93, 0xCE93, 0xD56E, 0xDC29,
    0xEB64, 0xEB64, 0xEB64, 0xEB64, 0xEB64, 0xEB64, 0xDC29, 0xDC29, 0xBC69, 0xCCCA, 0xDC29, 0xEBC5, 0xEB64, 0xEBC5, 0xEB64, 0xEBC5,
    0xEC28, 0xE3C8, 0xEBC5, 0xEBC5, 0xEBC5, 0xEBC5, 0xEBC5, 0xEBC5, 0xC3A7, 0xBC69, 0xB3C8, 0xE346, 0xE3C8, 0xEC28, 0xF46A, 0xF4CB,
    0xF50D, 0xE4CE, 0xE4CE, 0xBC4C, 0xCD2C, 0xCD2C, 0xD56E, 0xE4CE, 0xDC29, 0xDC29, 0xBCCF, 0x8BEE, 0x734C, 0xAD12, 0xC5D5, 0xC5D5,
    0xCE36, 0xCE15, 0xCE15, 0xD615, 0xCE36, 0xD655, 0xD655, 0xD655, 0xD655, 0xD655, 0xD657, 0xDE76, 0xDE76, 0xDE76, 0xDE76, 0xDE96,
    0xDE76, 0xDE76, 0xD615, 0xDE76, 0xEF39, 0xEF3B, 0xEF39, 0xE717, 0xDE76, 0xDE76, 0xD655, 0xD615, 0xC653, 0xE717, 0xEF39, 0xEF39,
    0xE697, 0xDE76, 0xE697, 0xE697, 0xE697, 0xE697, 0xE697, 0xE697, 0xE697, 0xE697, 0xE697, 0xE697, 0xE6F9, 0xEF5C, 0xF77C, 0xEF3B,
    0xDEB9, 0xD655, 0xD615, 0xD5D4, 0xCDB4, 0xCD93, 0xCD93, 0xCD72, 0xC510, 0xAC4D, 0x9BCB, 0x93AA, 0x938A, 0x938A, 0x8329, 0x8B49,
    0x93AA, 0x9BEC, 0xA490, 0xB533, 0xC5D5, 0x8C2E, 0x6B4B, 0x6B4B, 0x6B2B, 0x6B4B, 0x6B2B, 0x6B2B, 0x6B2B, 0x6B0A, 0x62EA, 0x6B0A,
    0x6B2B, 0x6B2B, 0x6B4B, 0x736C, 0x6B2B, 0x6B4B, 0x7B2A, 0x9BEC, 0xA40C, 0xAC2C, 0xAC2C, 0xAC2C, 0xAC2C, 0xAC2C, 0xAC4D, 0xAC2C,
    0xA40C, 0x9BCB, 0x938A, 0x93AA, 0x9BAB, 0x9BCB, 0xA46E, 0xCD73, 0xDEB9, 0xEF3B, 0xEF5C, 0xF77C, 0xEF5C, 0xEF5C, 0xEF5C, 0xEF3B,
    0xE6DA, 0xCE15, 0xBD94, 0xB533, 0xA490, 0x9C0D, 0x93CB, 0x8B8B, 0x8B6A, 0x8B49, 0x8B6A, 0x938A, 0x93AA, 0x9BAB, 0x9BCB, 0xAC2C,
    0xAC4D, 0xB44D, 0xAC4D, 0xA40C, 0x9BEC, 0xAC2C, 0xAC6D, 0xAC6D, 0xAC4D, 0xAC6D, 0xAC2C, 0x836A, 0x62EA, 0x4A06, 0x5247, 0x4A27,
    0x39C5, 0x41E6, 0x41E6, 0x41E6, 0x41E6, 0x4A06, 0x4A06, 0x4A06, 0x4A06, 0x4A27, 0x51E5, 0x7143, 0x8A06, 0x79C4, 0x3861, 0x3861,
    0x5A47, 0x6C29, 0x7CEB, 0x5347, 0x7143, 0x5061, 0x3861, 0x3861, 0x3861, 0x3861, 0x51E5, 0xADCF, 0xDED6, 0x9D6D, 0xBC69, 0xBC69,
    0x8AE7, 0x8A65, 0x48A1, 0x5943, 0xA247, 0xB287, 0xE42E, 0xEC28, 0xEB64, 0xEB64, 0xEB64, 0xE346, 0xC3A7, 0xCD2C, 0xC651, 0xCE93,
    0xDDD0, 0xCCCA, 0xEBC5, 0xEB64, 0xEB64, 0xE346, 0xCCCA, 0xCD2C, 0xB406, 0x8C09, 0xCCCA, 0xE3C8, 0xEB64, 0xEB64, 0xEB64, 0xDC29,
    0xD56E, 0xCD2C, 0xE3C8, 0xEBC5, 0xEBC5, 0xEBC5, 0xEBC5, 0xEBC5, 0xEBC5, 0xEB64, 0xE346, 0xEBC5, 0xEBC5, 0xEC28, 0xE3C8, 0xF46A,
    0xF50D, 0xF4CB, 0xE48C, 0xDC29, 0xDC29, 0xE48C, 0xF4CB, 0xDC29, 0xDC29, 0xCBCC, 0xBCF2, 0x7BAD, 0x8BEE, 0xC5B4, 0xC5B4, 0xC5D5,
    0xCDF3, 0xCE15, 0xCE36, 0xCE36, 0xD655, 0xD655, 0xD655, 0xD655, 0xD655, 0xDE76, 0xD655, 0xDE76, 0xDE76, 0xDE76, 0xDE76, 0xDE76,
    0xDE76, 0xDE76, 0xD655, 0xC653, 0xDED6, 0xEF39, 0xEF39, 0xE717, 0xD6B4, 0xDE76, 0xDE76, 0xC653, 0xCE93, 0xDED6, 0xE717, 0xE717,
    0xD6B4, 0xDE76, 0xE697, 0xE697, 0xE697, 0xE697, 0xE697, 0xDE78, 0xE697, 0xE697, 0xE697, 0xE717, 0xEF3B, 0xF77C, 0xF77D, 0xEF5C,
    0xE717, 0xDE76, 0xDE76, 0xDE76, 0xD655, 0xCE36, 0xCD72, 0xAC2C, 0x938A, 0xA36A, 0x9B29, 0x9B29, 0x9B29, 0x8AE7, 0x9B29, 0xBCAE,
    0xCD93, 0xC510, 0x9B29, 0x8B6A, 0xACF1, 0xB533, 0x736C, 0x6B4B, 0x6B2B, 0x6B2B, 0x6B2B, 0x6B2B, 0x6B2B, 0x62EA, 0x6B0A, 0x6B2B,
    0x6B2B, 0x6B2B, 0x6B4B, 0x7BAD, 0x6B0A, 0x6B2B, 0x6B2B, 0x93CC, 0xA40C, 0xAC2C, 0xAC2C, 0xAC2C, 0xAC2C, 0xAC2C, 0xAC4D, 0xAC2C,
    0xA3EB, 0x93AA, 0x9BAB, 0xA40C, 0xB48E, 0xC5B4, 0xE6DA, 0xEF5C, 0xF77C, 0xEF5C, 0xEF5C, 0xEF3B, 0xF6FA, 0xF6B9, 0xEE57, 0xEE15,
    0xF77D, 0xEF3B, 0xEF3B, 0xEF3B, 0xEF1A, 0xE6F9, 0xDE78, 0xC5D5, 0xAD12, 0xA46E, 0x9BEC, 0x9BCB, 0xA3EB, 0xAC2C, 0xAC4D, 0xB44D,
    0xAC2C, 0xA3EB, 0xAC2C, 0xAC2C, 0xAC4D, 0xAC6D, 0xAC4D, 0xAC6D, 0xAC6D, 0xAC6D, 0xAC2C, 0x7B2A, 0x62EA, 0x4A06, 0x5247, 0x4A06,
    0x39C5, 0x39C5, 0x41E6, 0x41E6, 0x41E6, 0x4A06, 0x4A06, 0x4A06, 0x4A06, 0x4A27, 0x51E5, 0x7143, 0x8A65, 0x79C4, 0x3861, 0x3861,
    0x3985, 0x5347, 0x5347, 0x39C5, 0x48A1, 0x3861, 0x3861, 0x3861, 0x3861, 0x48A1, 0x8C09, 0xD6B4, 0xC651, 0x8B49, 0x8A65, 0xB3C8,
    0xAB66, 0x8A06, 0x48A1, 0x48A1, 0x8A06, 0xA247, 0xAB09, 0xE48C, 0xEBC5, 0xEB64, 0xEB64, 0xEB64, 0xEB64, 0xE346, 0xC3A7, 0xCCCA,
    0xB5EF, 0xCE93, 0xB5EF, 0xCCCA, 0xEB64, 0xE346, 0xB406, 0xBC69, 0xBC69, 0xAB66, 0xC3A7, 0xEB64, 0xEB64, 0xEB64, 0xEBC5, 0xCD2C,
    0xD56E, 0xBC69, 0xE3C8, 0xE3C8, 0xEBC5, 0xEBC5, 0xEBC5, 0xEBC5, 0xEBC5, 0xEBC5, 0xEC28, 0xF46A, 0xEC28, 0xEC28, 0xEC28, 0xF46A,
    0xF4CB, 0xF4CB, 0xF50D, 0xF50D, 0xE4CE, 0xE4CE, 0xDC0E, 0xBB4A, 0xAB09, 0x9B29, 0xACF1, 0x7BAD, 0x9CB1, 0xCE15, 0xC5B4, 0xCE15,
    0xCE15, 0xCDF3, 0xD615, 0xCE36, 0xD655, 0xD655, 0xD655, 0xD657, 0xD655, 0xDE76, 0xDE76, 0xDE76, 0xDE76, 0xDE76, 0xDE76, 0xDE76,
    0xDE76, 0xDE76, 0xDE76, 0xD615, 0xC653, 0xE717, 0xE717, 0xE717, 0xD6B4, 0xDE76, 0xDE76, 0xD655, 0xD6B4, 0xDED6, 0xE717, 0xE717,
    0xCE93, 0xDE96, 0xE697, 0xE697, 0xE6B7, 0xE697, 0xE697, 0xE697, 0xE697, 0xDE96, 0xE717, 0xEF39, 0xEF5C, 0xF77C, 0xEF5C, 0xEF39,
    0xDED6, 0xDE76, 0xDE96, 0xDE96, 0xDE76, 0xCDB4, 0xA40C, 0x8AE7, 0x9B29, 0xABAB, 0x9B29, 0x9B29, 0x9B29, 0x9B29, 0xC510, 0xE6B8,
    0xEED9, 0xCDB4, 0x9B29, 0x8AE7, 0x8B49, 0xACF1, 0x8C2E, 0x6B4B, 0x6B2B, 0x6B2B, 0x6B2B, 0x6B2B, 0x6B0A, 0x6B0A, 0x6B2B, 0x6B2B,
    0x6B2B, 0x6B2B, 0x6B4B, 0x736C, 0x6B0A, 0x6B2B, 0x6B2B, 0x93CB, 0xAC2C, 0xAC2C, 0xAC2C, 0xAC4D, 0xAC4D, 0xAC4D, 0xAC4D, 0xA40C,
    0xA3EB, 0x9BEC, 0xAC6D, 0xCD73, 0xDEB9, 0xEF3B, 0xEF5C, 0xEF5C, 0xEF5C, 0xEF1A, 0xF6D9, 0xEE57, 0xEE15, 0xED94, 0xED53, 0xED53,
    0xF77D, 0xF73A, 0xEF39, 0xEEF8, 0xEF1A, 0xF77C, 0xF77C, 0xF77C, 0xEF3B, 0xE6DA, 0xCE36, 0xC532, 0xB48E, 0xAC6D, 0xAC4D, 0xAC2C,
    0xAC2C, 0xAC2C, 0xAC4D, 0xAC6D, 0xB44D, 0xAC4D, 0xAC6D, 0xAC6D, 0xAC6D, 0xB46D, 0xAC4D, 0x836A, 0x62C9, 0x4A27, 0x5247, 0x41E6,
    0x39C5, 0x39C5, 0x39C5, 0x41E6, 0x4A06, 0x4A06, 0x4A06, 0x4A06, 0x4A27, 0x4A06, 0x5943, 0xA247, 0xB3C8, 0x5943, 0x48A1, 0x6082,
    0x8A65, 0x79C4, 0x48A1, 0x3861, 0x3861, 0x3861, 0x3861, 0x3861, 0x48A1, 0x72A7, 0xB5EF, 0xD6B4, 0x9D6D, 0xAB66, 0x79C4, 0x5943,
    0x9164, 0xB102, 0xB287, 0x8A06, 0x7143, 0x8A06, 0xA247, 0xCBCC, 0xEC28, 0xEB64, 0xEBC5, 0xEB64, 0xEBC5, 0xEB64, 0xEB64, 0xE346,
    0xC3A7, 0xCCCA, 0xADCF, 0xC651, 0xD56E, 0xBC69, 0xDC29, 0x9AA8, 0x9AA8, 0xCAC9, 0xEB64, 0xEB64, 0xEB64, 0xEB64, 0xE3C8, 0xD56E,
    0xBC69, 0xAB09, 0xBB4A, 0xABAB, 0xC3A7, 0xEBC5, 0xEB64, 0xEBC5, 0xEC28, 0xF46A, 0xEC28, 0xEC28, 0xE3C8, 0xEC28, 0xF46A, 0xF50D,
    0xED50, 0xE4CE, 0xE4D1, 0xF591, 0xE552, 0xBC4C, 0xABAB, 0xAB09, 0x9AA8, 0x938A, 0xACF1, 0x83CD, 0xBD73, 0xC5D5, 0xC5B4, 0xCE15,
    0xCE15, 0xCE36, 0xCE36, 0xD655, 0xD655, 0xCE36, 0xD655, 0xD655, 0xD655, 0xD657, 0xD655, 0xD615, 0xD655, 0xD655, 0xD655, 0xD655,
    0xDE76, 0xDE76, 0xDE76, 0xD655, 0xCDF3, 0xD6B4, 0xE717, 0xDED6, 0xDED6, 0xDE76, 0xD655, 0xCE93, 0xD6B4, 0xDED6, 0xD6B4, 0xDED6,
    0xD655, 0xDE96, 0xE697, 0xE697, 0xE697, 0xE697, 0xE697, 0xE697, 0xE697, 0xDED6, 0xE717, 0xEF3B, 0xEF5C, 0xEF39, 0xEF39, 0xDED6,
    0xCE93, 0xDE76, 0xDE96, 0xDE96, 0xD655, 0xA46E, 0x938A, 0xA36A, 0xA36A, 0xABEB, 0x9B29, 0x9B29, 0xA36A, 0xBCCE, 0xE6B8, 0xEF19,
    0xEED9, 0xC510, 0x9B29, 0x8AE7, 0x7AE8, 0x8B6A, 0x9C0D, 0x734C, 0x6B2B, 0x6B2B, 0x6B2B, 0x6B0A, 0x62EA, 0x6B0A, 0x6B2B, 0x6B2B,
    0x6B2B, 0x6B0A, 0x6B2B, 0x734C, 0x6B2B, 0x6B2B, 0x6B2B, 0x8B8B, 0xAC2C, 0xAC4D, 0xAC4D, 0xAC2C, 0xAC6D, 0xAC2C, 0xA3EB, 0xA40C,
    0xAC4D, 0xBCEF, 0xDE36, 0xEF1A, 0xEF5C, 0xEF5C, 0xEF3B, 0xF6FA, 0xEE78, 0xEE15, 0xED94, 0xED94, 0xED53, 0xED50, 0xED53, 0xED94,
    0xF77D, 0xEF19, 0xEE94, 0xDE34, 0xE6D8, 0xEF5C, 0xEF5C, 0xF77C, 0xF77C, 0xF77C, 0xF77C, 0xEF3B, 0xDEB9, 0xCDB4, 0xBCCF, 0xAC2C,
    0xAC2C, 0xB44D, 0xAC4D, 0xAC2C, 0xAC2C, 0xAC6D, 0xAC6D, 0xAC6D, 0xB46D, 0xB46D, 0xAC4D, 0x838B, 0x62C9, 0x4A27, 0x5247, 0x41E6,
    0x39C5, 0x39C5, 0x39C5, 0x41E6, 0x41E6, 0x4A06, 0x4A06, 0x4A06, 0x4A27, 0x51E5, 0x7143, 0xAB66, 0xCCCA, 0x79C4, 0x7881, 0xB964,
    0xCA68, 0x8A06, 0x3861, 0x3861, 0x3861, 0x3861, 0x3861, 0x3861, 0x51E5, 0x9CCC, 0xD6B4, 0xB5EF, 0x8B49, 0xB406, 0x8AE7, 0x7143,
    0xB964, 0xC9E5, 0xCA68, 0xCA68, 0xA1E5, 0x8A06, 0xA1E5, 0xAB09, 0xDC29, 0xEBC5, 0xEB64, 0xEBC5, 0xEB64, 0xEB64, 0xEBC5, 0xEB64,
    0xEB64, 0xEB64, 0xE346, 0xBC69, 0xB5EF, 0xC651, 0xCD2C, 0xAB66, 0x9AA8, 0xDC29, 0xE3C8, 0xEBC5, 0xE3C8, 0xEB64, 0xEB64, 0xE346,
    0xCAC9, 0xBA06, 0xA247, 0xA247, 0xCAC9, 0xE3C8, 0xEC28, 0xF46A, 0xF4CB, 0xF46A, 0xE3C8, 0xF46A, 0xE48C, 0xF50D, 0xED50, 0xDC90,
    0xDC90, 0xCBCC, 0xCBCC, 0xBC4C, 0xBC4C, 0xB3EE, 0xB3EE, 0xABAB, 0xBC4C, 0xAC6D, 0xA490, 0x8BEE, 0xC5D5, 0xC5B4, 0xC5B4, 0xCDF3,
    0xCE15, 0xD615, 0xCE36, 0xCE36, 0xD655, 0xD655, 0xD655, 0xD655, 0xD655, 0xD615, 0xDE34, 0xDE34, 0xE655, 0xEE94, 0xEE94, 0xEE94,
    0xE655, 0xDE34, 0xD615, 0xD655, 0xD615, 0xC653, 0xDED6, 0xEEF5, 0xD6B4, 0xCE93, 0xC653, 0xD6B4, 0xD6B4, 0xCE93, 0xD6B4, 0xD6B4,
    0xD655, 0xE697, 0xE697, 0xE697, 0xE6B7, 0xE697, 0xE697, 0xE697, 0xE697, 0xDED6, 0xEF39, 0xEF39, 0xEF39, 0xE717, 0xD6B4, 0xCE93,
    0xD655, 0xDE96, 0xDE96, 0xDE96, 0xC5B4, 0x93AA, 0xBCAE, 0xD615, 0xDE36, 0xDDF3, 0xCD51, 0xBC8D, 0xB44D, 0xDE34, 0xEF19, 0xF6FA,
    0xDE96, 0xB42C, 0xABAB, 0x9B29, 0x8AE7, 0x8AE7, 0x8329, 0x6B2B, 0x6B2B, 0x6B2B, 0x6B2B, 0x62EA, 0x6B0A, 0x6B2B, 0x6B0A, 0x6B0A,
    0x6B2B, 0x6B0A, 0x6B0A, 0x736C, 0x6B2B, 0x6B2B, 0x6B0A, 0x836A, 0xAC4D, 0xAC6D, 0xAC2C, 0xAC2C, 0xAC2C, 0xA40C, 0xA40C, 0xAC4D,
    0xC530, 0xDEB9, 0xEF3B, 0xEF3B, 0xEF1A, 0xEED9, 0xEE78, 0xEDD5, 0xED94, 0xED12, 0xED12, 0xED53, 0xED94, 0xEE15, 0xEE36, 0xEE57,
    0xF73A, 0xE655, 0xDE34, 0xDE34, 0xDE96, 0xEF3B, 0xEF5C, 0xEF5C, 0xF77C, 0xF77C, 0xF77C, 0xF77C, 0xF77C, 0xEF5C, 0xE6DA, 0xCDB4,
    0xBCAE, 0xAC4D, 0xAC4D, 0xAC4D, 0xAC2C, 0xAC4D, 0xB46D, 0xB46D, 0xB46D, 0xB46D, 0xAC4D, 0x7B2A, 0x62C9, 0x5247, 0x5247, 0x41E6,
    0x39C5, 0x39C5, 0x41E6, 0x41E6, 0x41E6, 0x4A06, 0x4A06, 0x4A06, 0x4A27, 0x51E5, 0x7143, 0x8A65, 0x8A65, 0x48A1, 0x48A1, 0x7143,
    0x5943, 0x48A1, 0x3861, 0x3861, 0x3861, 0x3861, 0x3861, 0x48A1, 0x8C09, 0xC651, 0xD6B4, 0x946B, 0x79C4, 0x8A65, 0x8A06, 0x7143,
    0xA1E5, 0xB287, 0xB964, 0xC9E5, 0xBA06, 0x79C4, 0x8A06, 0xA1E5, 0xBB4A, 0xEC28, 0xEB64, 0xEB64, 0xEBC5, 0xEB64, 0xEB64, 0xEB64,
    0xEB64, 0xEB64, 0xEB64, 0xEB64, 0xC3A7, 0xCCCA, 0xB5EF, 0xADCF, 0xBC69, 0xB406, 0xBC4C, 0xBC4C, 0xC3A7, 0xEB64, 0xEB64, 0xEB64,
    0xEB64, 0xEB64, 0xE3C8, 0xE48C, 0xF50D, 0xF591, 0xF591, 0xED50, 0xE4CE, 0xE48C, 0xDB8C, 0xBB4A, 0xAB09, 0xAB09, 0xAB09, 0xB287,
    0xAB09, 0xAB09, 0xAB09, 0xBB4A, 0xAB09, 0xABAB, 0xB3EE, 0xAC0B, 0xBC4C, 0xBCCF, 0x8C2E, 0x9C4F, 0xCE15, 0xC5B4, 0xC5D5, 0xCE15,
    0xD615, 0xD615, 0xCE36, 0xD615, 0xD655, 0xCE36, 0xD655, 0xD615, 0xDDF3, 0xDE34, 0xEE94, 0xEEF5, 0xEF15, 0xEF15, 0xF736, 0xEF15,
    0xEEF5, 0xEE94, 0xDE34, 0xD655, 0xD655, 0xC653, 0xD6B4, 0xD6B4, 0xDED6, 0xC653, 0xCE93, 0xD6B4, 0xC651, 0xC651, 0xD6B4, 0xCE93,
    0xD655, 0xE697, 0xE697, 0xE6B7, 0xE697, 0xE697, 0xE697, 0xDE96, 0xDED6, 0xE717, 0xEF39, 0xE717, 0xDED6, 0xCE93, 0xC653, 0xD655,
    0xDE76, 0xDE96, 0xDE96, 0xDE96, 0xACF1, 0x8329, 0xAC6D, 0xDE96, 0xF73A, 0xF73A, 0xF73A, 0xE6D8, 0xE655, 0xE6D8, 0xEF19, 0xF73A,
    0xCD93, 0xABEB, 0xABEB, 0xA36A, 0x8AE7, 0x8AE7, 0x72A7, 0x6AE9, 0x6B2B, 0x6B2B, 0x6B0A, 0x6B0A, 0x6B2B, 0x6B2B, 0x6B0A, 0x6B2B,
    0x6B2B, 0x6B0A, 0x6B0A, 0x736C, 0x6B4B, 0x6B2B, 0x6B0A, 0x62EA, 0xA40C, 0xAC6D, 0xAC4D, 0xAC4D, 0xA40C, 0xAC2C, 0xAC6D, 0xC532,
    0xE6DA, 0xEF5C, 0xEF3B, 0xF6B9, 0xEE78, 0xEE15, 0xED53, 0xED53, 0xED53, 0xED94, 0xEE15, 0xEE57, 0xEE57, 0xEE15, 0xED94, 0xED94,
    0xEEF8, 0xDE34, 0xDE34, 0xDE34, 0xE655, 0xEF3B, 0xEF5C, 0xEF5C, 0xEF3B, 0xEF5C, 0xEF5C, 0xF77C, 0xEF5C, 0xF77C, 0xF77C, 0xEF3B,
    0xDE96, 0xC530, 0xAC6D, 0xAC2C, 0xAC4D, 0xB46D, 0xAC6D, 0xB46D, 0xB46D, 0xB48E, 0xAC2C, 0x6B0A, 0x62C9, 0x5247, 0x4A27, 0x41E6,
    0x39C5, 0x39C5, 0x39C5, 0x41E6, 0x41E6, 0x4A06, 0x4A06, 0x4A27, 0x4A06, 0x5943, 0x8A06, 0xBC69, 0xB406, 0x5943, 0x79C4, 0xBC69,
    0x79C4, 0x48A1, 0x3861, 0x3861, 0x3861, 0x3861, 0x48A1, 0x72A7, 0xA58E, 0xCE93, 0xA5AE, 0x6A66, 0x8A65, 0xB406, 0x79C4, 0x7143,
    0xCBCC, 0xA247, 0x79C4, 0xBA06, 0xB964, 0x5943, 0x8A06, 0xA1E5, 0xB287, 0xE48C, 0xEC28, 0xEB64, 0xEB64, 0xEBC5, 0xEB64, 0xEB64,
    0xEB64, 0xEB64, 0xEB64, 0xEB64, 0xEB64, 0xE346, 0xC3A7, 0xCD2C, 0xB5EF, 0x9CCC, 0xAB66, 0xCAC9, 0xE346, 0xEB64, 0xEC28, 0xEC28,
    0xEBC5, 0xF46A, 0xF5D2, 0xEE15, 0xEDD5, 0xED94, 0xDC90, 0xCBCC, 0xBB4A, 0xBB4A, 0xAB09, 0xB287, 0xB287, 0x9AA8, 0xB287, 0xA247,
    0x9AA8, 0x9AA8, 0xAB09, 0x9AA8, 0xAB09, 0xBCCE, 0xBC8D, 0xB42C, 0xABEB, 0xA490, 0x7BAD, 0xA490, 0xCE15, 0xC5B4, 0xC5D5, 0xCE15,
    0xCE15, 0xD615, 0xD615, 0xD5F5, 0xDDF3, 0xDE34, 0xDE34, 0xDE34, 0xE655, 0xEE94, 0xEF15, 0xF736, 0xF736, 0xF736, 0xF736, 0xF736,
    0xF736, 0xEF15, 0xEEF5, 0xEE94, 0xDE34, 0xCDF3, 0xCE93, 0xD6B4, 0xDED6, 0xCE93, 0xCE93, 0xC651, 0xB5EF, 0xB5EF, 0xDED6, 0xC653,
    0xDE76, 0xE697, 0xE697, 0xE697, 0xE6B7, 0xE697, 0xE697, 0xE697, 0xE717, 0xF736, 0xDED6, 0xD6B4, 0xC653, 0xC653, 0xDE76, 0xDE76,
    0xDE96, 0xDE96, 0xDE96, 0xDE76, 0xA46E, 0x8AE7, 0x8AE7, 0x9BCB, 0xCD93, 0xE697, 0xEF19, 0xF73A, 0xF73A, 0xEF19, 0xEF19, 0xF6FA,
    0xDDF3, 0xC4EF, 0xB42C, 0xA36A, 0x8AE7, 0x8AE7, 0x8AE7, 0x6AE9, 0x6B2B, 0x6B0A, 0x6B0A, 0x6B2B, 0x6B2B, 0x6B0A, 0x6B2B, 0x6B2B,
    0x6B2B, 0x6B2B, 0x6B0A, 0x736C, 0x734C, 0x6B4B, 0x6B2B, 0x5AA9, 0x6AE9, 0x838B, 0x838B, 0x836A, 0x7B2A, 0x7B2A, 0x838B, 0x9470,
    0xACF1, 0xBD73, 0xC5B4, 0xEDD5, 0xED94, 0xED12, 0xED12, 0xED53, 0xEE15, 0xF6B9, 0xEE78, 0xEDD5, 0xED94, 0xED53, 0xED12, 0xED12,
    0xEEF8, 0xDDF3, 0xDE34, 0xDE34, 0xDE34, 0xEF1A, 0xEF3B, 0xEF39, 0xEF39, 0xEF19, 0xEF1A, 0xEF3B, 0xEF5C, 0xF77C, 0xF77C, 0xF77C,
    0xF77C, 0xE6FA, 0xCD93, 0xB48E, 0xB46D, 0xB46D, 0xB46D, 0xB46D, 0xB46D, 0xB46D, 0xAC2C, 0x7B2A, 0x62EA, 0x5247, 0x4A27, 0x41E6,
    0x39C5, 0x41E6, 0x39C5, 0x41E6, 0x41E6, 0x4A06, 0x4A06, 0x4A06, 0x51E5, 0x7143, 0x79C4, 0x8AE7, 0xAB66, 0x8A65, 0x8A65, 0xB3C8,
    0x8A65, 0xB287, 0x8A06, 0x48A1, 0x3861, 0x3861, 0x51E5, 0x8D0C, 0xB5EF, 0xC651, 0x63C7, 0x48A1, 0x48A1, 0x5943, 0x48A1, 0x6082,
    0x8A06, 0x7143, 0xAB09, 0xDC29, 0x9164, 0x48A1, 0x79C4, 0x8A06, 0xA247, 0xBB4A, 0xE48C, 0xEBC5, 0xEB64, 0xEB64, 0xEB64, 0xEB64,
    0xEB64, 0xEB64, 0xEB64, 0xEB64, 0xEB64, 0xEB64, 0xEB64, 0xE346, 0xBC69, 0xCD2C, 0xE3C8, 0xEB64, 0xEB64, 0xEC28, 0xF4CB, 0xF50D,
    0xED50, 0xF5D2, 0xED53, 0xDC90, 0xCBCC, 0xCBCC, 0xAB09, 0xAB09, 0xBB4A, 0xBB4A, 0xBB4A, 0xBB4A, 0x9AA8, 0xA247, 0xB287, 0xB287,
    0xB287, 0xB287, 0xA247, 0x9AA8, 0x9AA8, 0xABAB, 0xA36A, 0xBB4A, 0xB42C, 0x9C4F, 0x734C, 0xACF1, 0xCE15, 0xC5B4, 0xCDF3, 0xCE15,
    0xCE15, 0xD5D4, 0xDDF3, 0xE655, 0xEE94, 0xEEF5, 0xEE94, 0xEE94, 0xEE94, 0xEF15, 0xF736, 0xF736, 0xF736, 0xF736, 0xF736, 0xF736,
    0xF736, 0xF736, 0xEF15, 0xEEF5, 0xE655, 0xDDF3, 0xC653, 0xCE93, 0xDED6, 0xCE93, 0xC651, 0xCE93, 0xA58E, 0xC651, 0xD6B4, 0xC653,
    0xDE76, 0xE697, 0xE697, 0xE697, 0xE697, 0xE697, 0xD6B4, 0xE717, 0xE717, 0xDED6, 0xCE93, 0xC653, 0xE697, 0xE6FA, 0xE6FA, 0xE6F9,
    0xE697, 0xDE96, 0xDE96, 0xDE76, 0x9C0D, 0x8AE7, 0x8AE7, 0x72A7, 0x9B29, 0x9BAB, 0xB44D, 0xD615, 0xEF19, 0xEF19, 0xF73A, 0xF73A,
    0xEF19, 0xEED9, 0xE655, 0xC510, 0xA36A, 0x9B29, 0x8329, 0x62A8, 0x6B0A, 0x6B2B, 0x6B2B, 0x6B2B, 0x6B0A, 0x6B0A, 0x6B2B, 0x6B2B,
    0x6B2B, 0x6B0A, 0x6B0A, 0x736C, 0x734C, 0x6B4B, 0x6B0A, 0x5AA9, 0x62EA, 0x6B0A, 0x6B0A, 0x62EA, 0x736C, 0x6B0A, 0x6B2B, 0x736C,
    0x6B4B, 0x734C, 0x6B4B, 0x83CD, 0xB3EE, 0xDD12, 0xEE15, 0xEE78, 0xF6D9, 0xEE57, 0xED94, 0xED53, 0xED53, 0xED12, 0xED12, 0xED12,
    0xEEF8, 0xDDF3, 0xDDF3, 0xDDF3, 0xDE34, 0xEED9, 0xEF19, 0xEF19, 0xF73A, 0xF73A, 0xEF39, 0xEF19, 0xEF1A, 0xEF3B, 0xEF5C, 0xEF5C,
    0xF77C, 0xF77C, 0xEF3B, 0xD5F5, 0xBCAE, 0xAC6D, 0xB46D, 0xB46D, 0xAC6D, 0xAC6D, 0xAC2C, 0x7B2A, 0x6B0A, 0x5247, 0x4A27, 0x41E6,
    0x39C5, 0x39C5, 0x41E6, 0x41E6, 0x41E6, 0x4A06, 0x4A06, 0x4A06, 0x51E5, 0x7143, 0xAB09, 0xC3A7, 0x8AE7, 0xAB66, 0xB406, 0x8AE7,
    0x79C4, 0xC3A7, 0xAB66, 0x48A1, 0x3861, 0x5943, 0x8C09, 0xB5EF, 0xB5EF, 0x9CCC, 0x5943, 0x3861, 0x3861, 0x5061, 0x5061, 0x79C4,
    0x8AE7, 0x5943, 0x9164, 0xA1E5, 0x5943, 0x5943, 0x8A06, 0x8A06, 0x8A06, 0xB287, 0xE4CE, 0xEC28, 0xEB64, 0xEB64, 0xEB64, 0xEB64,
    0xEB64, 0xEB64, 0xEB64, 0xEB64, 0xEB64, 0xEBC5, 0xE3C8, 0xF46A, 0xF50D, 0xF50D, 0xEC28, 0xF46A, 0xF46A, 0xEC28, 0xDC29, 0xCBCC,
    0xCBCC, 0xCBCC, 0xBB4A, 0xB287, 0xA247, 0xAB09, 0xA247, 0x8A06, 0x8A06, 0x8A06, 0xA247, 0xBB4A, 0x9AA8, 0x8A06, 0x8A06, 0xA247,
    0xB287, 0x9AA8, 0xA247, 0x9AA8, 0x9B29, 0xBC8D, 0x9AA8, 0x8A06, 0xAC2C, 0x83CD, 0x734C, 0xAD12, 0xCE15, 0xC5B4, 0xCDF3, 0xCDF3,
    0xD5F5, 0xDE34, 0xEE94, 0xEF15, 0xF736, 0xEF15, 0xEF15, 0xEE94, 0xEEF5, 0xF736, 0xF736, 0xF736, 0xF736, 0xF736, 0xF736, 0xF736,
    0xF736, 0xF736, 0xF736, 0xEEF5, 0xEE94, 0xDDF3, 0xC651, 0xCE93, 0xD6B4, 0xC651, 0xCE93, 0xB5EF, 0x954D, 0xD6B4, 0xCE93, 0xC653,
    0xDE96, 0xE697, 0xE697, 0xE697, 0xDE96, 0xDED6, 0xE717, 0xE717, 0xD6B4, 0xCE93, 0xD6B4, 0xEF39, 0xF77C, 0xEF5C, 0xEF3B, 0xEF5C,
    0xEF39, 0xDE96, 0xDE96, 0xD657, 0xA490, 0x8AE7, 0x8AE7, 0x8AE7, 0x8AE7, 0x9B29, 0xA36A, 0xD615, 0xF6FA, 0xF6FA, 0xEED9, 0xD615,
    0xE6B8, 0xF6FA, 0xF73A, 0xEED9, 0xCDB4, 0xABEB, 0x72A7, 0x62A8, 0x6B0A, 0x6B2B, 0x6B2B, 0x6B2B, 0x6B2B, 0x6B2B, 0x6B2B, 0x6B2B,
    0x6B2B, 0x62EA, 0x6B0A, 0x7BAD, 0x734C, 0x6B2B, 0x6B0A, 0x62EA, 0x62EA, 0x62EA, 0x6B0A, 0x6B0A, 0x6B2B, 0x62EA, 0x5A88, 0x5A88,
    0x5AA9, 0x62EA, 0x6B0A, 0x6B4B, 0x734C, 0xA490, 0xE6B8, 0xF6B9, 0xEE15, 0xED12, 0xE4D1, 0xED12, 0xED12, 0xED12, 0xED12, 0xED12,
    0xE6D8, 0xDDF3, 0xDE34, 0xE697, 0xEEF8, 0xEF19, 0xF73A, 0xF73A, 0xEF39, 0xF73A, 0xF73A, 0xF73A, 0xEF39, 0xEF19, 0xEF1A, 0xEF3B,
    0xEF3B, 0xEF5C, 0xF77C, 0xEF3B, 0xD615, 0xBCAE, 0xAC6D, 0xAC6D, 0xAC6D, 0xAC2C, 0xAC2C, 0x836A, 0x6B2B, 0x5268, 0x4A06, 0x41E6,
    0x41E6, 0x41E6, 0x41E6, 0x41E6, 0x4A06, 0x4A06, 0x4A06, 0x4A06, 0x51E5, 0x7143, 0x8A65, 0xC3A7, 0xAB66, 0x9B29, 0xAB66, 0xBC69,
    0x6A66, 0x7143, 0x5943, 0x48A1, 0x48A1, 0x8329, 0x954D, 0xC651, 0xA58E, 0x6A66, 0x3861, 0x5061, 0x5061, 0x5061, 0x48A1, 0xB3C8,
    0xCCCA, 0x5943, 0x6082, 0x7143, 0x8AE7, 0xB3C8, 0x8A65, 0x8A06, 0x8A06, 0xA247, 0xCBCC, 0xE4CE, 0xEBC5, 0xEB64, 0xEB64, 0xEB64,
    0xEB64, 0xEBC5, 0xEC28, 0xEC28, 0xF46A, 0xF54E, 0xEE15, 0xEE57, 0xEE36, 0xED50, 0xE48C, 0xDC0E, 0xBB4A, 0xB287, 0xA247, 0xB287,
    0xA247, 0xA1E5, 0xA247, 0xA247, 0xB287, 0xA247, 0x8A06, 0x8A06, 0x8A06, 0x8A06, 0xA247, 0xAB09, 0xA247, 0x8A06, 0x8A06, 0xA247,
    0x8A65, 0x8A65, 0xA247, 0xAB09, 0x9AA8, 0xA36A, 0xBC69, 0xAC0B, 0x9C4F, 0x6B2B, 0x736C, 0xB533, 0xCE15, 0xC5B4, 0xCDF3, 0xDDF3,
    0xE655, 0xEEF5, 0xEF15, 0xF736, 0xF736, 0xF736, 0xF736, 0xEF15, 0xEF15, 0xF736, 0xF736, 0xEF15, 0xF736, 0xF736, 0xEF15, 0xF736,
    0xF736, 0xF736, 0xF736, 0xEF15, 0xEE94, 0xDDF3, 0xBE12, 0xC651, 0xD6B4, 0xCE93, 0xC653, 0x8CEC, 0xB5EF, 0xD6B4, 0xC653, 0xD655,
    0xDE96, 0xE697, 0xE697, 0xD6B4, 0xDED6, 0xE717, 0xDED6, 0xCE93, 0xCE93, 0xDED6, 0xEF3B, 0xEF5C, 0xEF3B, 0xEF3B, 0xEF5C, 0xEF5C,
    0xEF39, 0xE697, 0xDE96, 0xDE76, 0xC532, 0x8B49, 0x8AE7, 0x7AE8, 0x9B29, 0x8AE7, 0xABEB, 0xDE96, 0xEF19, 0xF73A, 0xD5D4, 0x9BCB,
    0x9BAB, 0xAC4D, 0xC510, 0xCD72, 0xCD51, 0xAC4D, 0x72A7, 0x7309, 0x736C, 0x6B4B, 0x6B2B, 0x6B2B, 0x6B2B, 0x6B0A, 0x6B2B, 0x6B2B,
    0x6B0A, 0x62EA, 0x6B4B, 0x7BAD, 0x6B4B, 0x6B2B, 0x6B0A, 0x62C9, 0x5268, 0x5247, 0x41E6, 0x39C5, 0x39C5, 0x39C5, 0x39C5, 0x41E6,
    0x4A06, 0x41E6, 0x5AA9, 0x62EA, 0x6B0A, 0x6B4B, 0xB533, 0xEDD5, 0xED12, 0xED12, 0xED53, 0xED94, 0xED53, 0xE4D1, 0xE4D1, 0xE4D1,
    0xEF19, 0xE697, 0xEEF8, 0xEF19, 0xEF19, 0xEF19, 0xEF39, 0xF73A, 0xF73A, 0xEF39, 0xEF39, 0xEF39, 0xF73A, 0xF73A, 0xEF39, 0xF73A,
    0xEF19, 0xEF19, 0xEF1A, 0xF77C, 0xEF3B, 0xCDB4, 0xAC6D, 0xAC4D, 0xAC4D, 0xAC2C, 0xAC4D, 0x8B8B, 0x6B0A, 0x5AA9, 0x4A06, 0x4A06,
    0x39C5, 0x39C5, 0x41E6, 0x4A06, 0x51E5, 0x4A06, 0x4A06, 0x51E5, 0x51E5, 0x9AA8, 0xDC29, 0xAB66, 0x9B29, 0xBC4C, 0x8A65, 0x79C4,
    0x48A1, 0x3861, 0x3861, 0x3861, 0x6A66, 0x8D0C, 0x954D, 0xA58E, 0x63C7, 0x48A1, 0x3861, 0x5061, 0x5061, 0x5061, 0x5061, 0x5943,
    0x5943, 0x48A1, 0x48A1, 0x48A1, 0xB3C8, 0xCCCA, 0x8A65, 0xA247, 0x8A06, 0xA1E5, 0xA247, 0xE42E, 0xF46A, 0xEBC5, 0xEC28, 0xF46A,
    0xF50D, 0xF591, 0xF5D2, 0xF5D2, 0xF5D2, 0xEE15, 0xEDD5, 0xDC90, 0xCBCC, 0xB287, 0xA247, 0xB287, 0xA247, 0xA1E5, 0xA247, 0xAB09,
    0xA247, 0xA247, 0xB287, 0xA247, 0x8A06, 0x8A06, 0x8A06, 0x9AA8, 0xB3C8, 0x8AE7, 0x9AA8, 0xAB09, 0xA247, 0x8A06, 0x9AA8, 0x9AA8,
    0xA247, 0x8A06, 0x9B29, 0xD56E, 0xB3C8, 0x8A65, 0xBC69, 0xC4EF, 0x8BEE, 0x62EA, 0x7BAD, 0xBD94, 0xCE15, 0xC5B4, 0xCDB4, 0xDE34,
    0xEE94, 0xEF15, 0xF736, 0xF736, 0xF736, 0xF736, 0xEF15, 0xEF15, 0xF736, 0xF736, 0xEF15, 0xEF15, 0xEF15, 0xEF15, 0xEF15, 0xF736,
    0xF736, 0xF736, 0xF736, 0xEF15, 0xEEF5, 0xDE34, 0xB5EF, 0xC651, 0xD6B4, 0xCE93, 0x9D6D, 0x8D0C, 0xD6B4, 0xCE93, 0xBE12, 0xD655,
    0xE697, 0xDE96, 0xD6B4, 0xDED6, 0xE717, 0xDED6, 0xCE93, 0xCE93, 0xE717, 0xEF39, 0xEF39, 0xEF39, 0xE717, 0xE717, 0xE717, 0xE717,
    0xDE76, 0xDE96, 0xDE96, 0xDE76, 0xC5B4, 0x9BEC, 0x8AE7, 0x8AE7, 0x8AE7, 0x7AE8, 0xABEB, 0xDE96, 0xEF19, 0xEED9, 0xAC6D, 0x9B29,
    0x72A7, 0x8A65, 0x8AE7, 0x8AE7, 0x8AE7, 0x8AE7, 0x6A66, 0x9C0D, 0x8C2E, 0x6B4B, 0x6B2B, 0x6B2B, 0x6B0A, 0x6B0A, 0x6B2B, 0x6B0A,
    0x6B0A, 0x6B0A, 0x6B4B, 0x7BAD, 0x6B4B, 0x62EA, 0x5247, 0x41E6, 0x3985, 0x3985, 0x3985, 0x3985, 0x3985, 0x3985, 0x3985, 0x39C5,
    0x4A06, 0x41E6, 0x5268, 0x62EA, 0x6B4B, 0x736C, 0x838B, 0xDCD1, 0xED12, 0xED12, 0xED53, 0xE4D1, 0xE4B0, 0xE4B0, 0xED12, 0xED53,
    0xF77D, 0xF73A, 0xEF39, 0xEF19, 0xEF39, 0xEF19, 0xF73A, 0xEF39, 0xEF19, 0xF73A, 0xEF19, 0xF77A, 0xF73A, 0xF73A, 0xF73A, 0xF73A,
    0xEF39, 0xE6D8, 0xE697, 0xEF3B, 0xF77C, 0xE6F9, 0xC510, 0xAC2C, 0xAC2C, 0xAC2C, 0xAC2C, 0x8B8B, 0x6B0A, 0x62C9, 0x4A27, 0x4A27,
    0x41E6, 0x41E6, 0x4A06, 0x4A06, 0x4A06, 0x4A06, 0x4A06, 0x4A06, 0x5943, 0x79C4, 0xAB66, 0x79C4, 0x48A1, 0x5943, 0x48A1, 0x3861,
    0x3861, 0x3861, 0x3861, 0x51E5, 0x84CB, 0x954D, 0x954D, 0x7C8A, 0x5943, 0x3861, 0x5061, 0x5061, 0x5061, 0x5061, 0x5061, 0x5061,
    0x5061, 0x7881, 0x88A2, 0x5061, 0x48A1, 0x5943, 0x7143, 0x8A65, 0x8A06, 0x8A06, 0xA247, 0xCBCC, 0xE4CE, 0xF591, 0xF5D2, 0xEE36,
    0xEDD5, 0xE552, 0xDC90, 0xCBCC, 0xBB4A, 0xCBCC, 0xCBCC, 0xA247, 0xA1E5, 0x9164, 0x8A06, 0xA1E5, 0xA247, 0xA1E5, 0xAB09, 0xB287,
    0xA247, 0xA247, 0xA247, 0x8A06, 0x79C4, 0x8A06, 0xBC69, 0xB3C8, 0xA36A, 0x7AE8, 0x79C4, 0x8A06, 0x8A06, 0xA1E5, 0xBB4A, 0xB287,
    0xAB09, 0x79C4, 0x8A65, 0xBC69, 0xAB66, 0x8A65, 0x8AE7, 0x9C4F, 0x6B0A, 0x6B0A, 0x7BAD, 0xC5B4, 0xCDF3, 0xC5B4, 0xDDF3, 0xEE94,
    0xEEF5, 0xEF15, 0xF736, 0xF736, 0xF736, 0xEF15, 0xEF15, 0xEF15, 0xEF15, 0xEF15, 0xEEF5, 0xEEF5, 0xEF15, 0xF736, 0xF736, 0xF736,
    0xF736, 0xF736, 0xEF15, 0xEEF5, 0xE655, 0xCDF3, 0xADCF, 0xC651, 0xCE93, 0xB5EF, 0x84CB, 0xB5EF, 0xD6B4, 0xC653, 0xBE12, 0xDE76,
    0xDE76, 0xD6B4, 0xDED6, 0xE717, 0xD6B4, 0xCE93, 0xCE93, 0xE717, 0xE717, 0xE717, 0xDED6, 0xD6B4, 0xD6B4, 0xCE93, 0xD655, 0xD655,
    0xDE76, 0xE697, 0xDE96, 0xDE76, 0xCE15, 0xC532, 0x9BEC, 0x9B29, 0x8AE7, 0x9B29, 0xA36A, 0xDDF3, 0xEED9, 0xCD73, 0x9B29, 0x8AE7,
    0x8AE7, 0x72A7, 0x6A66, 0x6A66, 0x6A66, 0x6A66, 0x7AE8, 0xB533, 0x9CB1, 0x6B4B, 0x6B2B, 0x6B0A, 0x6B2B, 0x6B2B, 0x6B0A, 0x6B0A,
    0x6B0A, 0x6B0A, 0x734C, 0x7BAD, 0x6B2B, 0x6B0A, 0x39C5, 0x3985, 0x3985, 0x3985, 0x39C5, 0x39C5, 0x41E6, 0x5268, 0x5A88, 0x5268,
    0x41E6, 0x39C5, 0x5247, 0x62C9, 0x736C, 0x6B4B, 0x62A8, 0xCBCC, 0xE46F, 0xED12, 0xED12, 0xE46F, 0xE46F, 0xE4D1, 0xED12, 0xE4D1,
    0xF77C, 0xEF19, 0xEF39, 0xF73A, 0xF73A, 0xEF19, 0xEF39, 0xEF19, 0xEF19, 0xEF19, 0xEF19, 0xEF19, 0xEF39, 0xF73A, 0xEF39, 0xF73A,
    0xEEF8, 0xE655, 0xE655, 0xEF1A, 0xF77C, 0xF77C, 0xCE36, 0xA46E, 0xAC2C, 0xA40C, 0xA40C, 0x9BEC, 0x6B2B, 0x62EA, 0x5268, 0x4A06,
    0x41E6, 0x4A06, 0x4A06, 0x4A06, 0x4A06, 0x4A06, 0x4A06, 0x4A27, 0x5943, 0x8A06, 0x9AA8, 0x79C4, 0x3861, 0x3861, 0x3861, 0x3861,
    0x3861, 0x3861, 0x51E5, 0x8C09, 0x8D0C, 0x8D0C, 0x9CCC, 0x6A66, 0x3861, 0x5061, 0x5061, 0x5061, 0x5061, 0x5061, 0x5061, 0x5061,
    0x88A2, 0xB964, 0xB102, 0x5061, 0x48A1, 0xA1E5, 0xBA06, 0x9164, 0x79C4, 0x8A06, 0xA247, 0xDB8C, 0xDC0E, 0xEE15, 0xDD12, 0xCBCC,
    0xB287, 0xB287, 0xB287, 0xA1E5, 0xA1E5, 0xB287, 0xBB4A, 0xAB09, 0xA247, 0xA247, 0xA1E5, 0x8A06, 0x8A06, 0x8A06, 0xA247, 0x9AA8,
    0xAB09, 0xA247, 0x8A06, 0x79C4, 0x7143, 0x8A06, 0xC3A7, 0xAB09, 0xA247, 0x79C4, 0x8A06, 0xBB4A, 0xA1E5, 0xB287, 0xAB09, 0x9AA8,
    0xCD2C, 0x9B29, 0x8A65, 0xCCCA, 0xB3C8, 0xB46D, 0xB48E, 0x83CD, 0x5AA9, 0x6B2B, 0x83CD, 0xC5D5, 0xC5B4, 0xCD72, 0xDDF3, 0xEE94,
    0xEF15, 0xEF15, 0xF736, 0xEF15, 0xF736, 0xEF15, 0xEF15, 0xEF15, 0xEF15, 0xEEF5, 0xEF15, 0xEF15, 0xF736, 0xF736, 0xF736, 0xF736,
    0xF736, 0xF736, 0xEF15, 0xE655, 0xCD72, 0xA5AE, 0xA5AE, 0xC651, 0xCE93, 0x954D, 0x952D, 0xCE93, 0xD6B4, 0xC651, 0xBE12, 0xC653,
    0xCE93, 0xDED6, 0xDED6, 0xD6B4, 0xC651, 0xCE93, 0xDED6, 0xDED6, 0xD6B4, 0xCE93, 0xC653, 0xD655, 0xD655, 0xDE76, 0xDE96, 0xE697,
    0xE697, 0xE697, 0xE697, 0xDE96, 0xCE36, 0xC5D5, 0xBD94, 0x9BEC, 0x9B29, 0xA36A, 0x8AE7, 0xB44D, 0xCD72, 0xA36A, 0x72A7, 0x7AE8,
    0x8AE7, 0x8AE7, 0x72A7, 0x6A66, 0x6A66, 0x7AE8, 0xA490, 0xC5D5, 0xAD12, 0x734C, 0x6B2B, 0x6B2B, 0x6B2B, 0x6B0A, 0x62EA, 0x6B0A,
    0x6B2B, 0x62EA, 0x736C, 0x736C, 0x6B2B, 0x62C9, 0x3985, 0x3985, 0x4A06, 0x5A47, 0x6AE9, 0x838B, 0xB533, 0xD657, 0xDE78, 0xCD93,
    0x9C0D, 0x5247, 0x5268, 0x62EA, 0x734C, 0x62C9, 0x5268, 0xABAB, 0xE4D1, 0xED12, 0xE4B0, 0xE46F, 0xE4B0, 0xE4B0, 0xE46F, 0xE46F,
    0xF77C, 0xEF19, 0xEF19, 0xEF39, 0xEF19, 0xEF19, 0xEF19, 0xF73A, 0xEF19, 0xEF39, 0xEF19, 0xEF19, 0xEF19, 0xEF19, 0xEF39, 0xEEF8,
    0xE655, 0xDE34, 0xDE34, 0xE6F9, 0xF77C, 0xF77C, 0xE6FA, 0xACD0, 0x9BEC, 0xAC2C, 0xAC4D, 0xAC2C, 0x836A, 0x6B0A, 0x5AA9, 0x4A27,
    0x41E6, 0x41E6, 0x4A06, 0x4A06, 0x4A27, 0x4A27, 0x4A06, 0x51E5, 0x5943, 0x8A06, 0xAB66, 0x9B29, 0x48A1, 0x3861, 0x3861, 0x3861,
    0x3861, 0x5943, 0x8C09, 0x8D0C, 0x63C7, 0x6A66, 0x6A66, 0x48A1, 0x3861, 0x5061, 0x5061, 0x5061, 0x5061, 0x6082, 0x5061, 0x7881,
    0xA1E5, 0xB964, 0xA0C2, 0x5061, 0x6082, 0xCA68, 0xCA68, 0xA0C2, 0x7143, 0x8A06, 0xA247, 0xDB8C, 0xCBCC, 0xDCD1, 0xCBCC, 0xCBCC,
    0xBB4A, 0xAB09, 0xA247, 0x8A06, 0x8A06, 0xA247, 0xA247, 0x8A06, 0x8A06, 0xA247, 0xA1E5, 0x8A06, 0xA1E5, 0x8A06, 0xA1E5, 0xA247,
    0xAB66, 0x8A06, 0x8A06, 0xAB66, 0xA247, 0xA1E5, 0xB287, 0xAB09, 0x9AA8, 0x8A65, 0x9AA8, 0xC3A7, 0xAB09, 0xCCCA, 0xCCCA, 0x72A7,
    0x8AE7, 0x8AE7, 0x79C4, 0x9AA8, 0xA247, 0xB42C, 0xACD0, 0x62EA, 0x62C9, 0x6B2B, 0x8BEE, 0xC5D5, 0xC5B4, 0xCD72, 0xCDB4, 0xEEF5,
    0xEF15, 0xEF15, 0xF736, 0xF736, 0xEF15, 0xEF15, 0xEEF5, 0xEEF5, 0xEF15, 0xEF15, 0xEF15, 0xEF15, 0xEF15, 0xEF15, 0xEF15, 0xF736,
    0xF736, 0xF736, 0xEF15, 0xE655, 0xC530, 0x952D, 0x9D6D, 0xC651, 0xB5EF, 0x8CEC, 0xB5EF, 0xD6B4, 0xCE93, 0xB5EF, 0xC651, 0xCE93,
    0xDED6, 0xDED6, 0xCE93, 0xC651, 0xCE93, 0xD6B4, 0xCE93, 0xCE93, 0xD655, 0xDE76, 0xDE96, 0xE697, 0xE697, 0xE6B7, 0xE6B7, 0xE6D8,
    0xE6B7, 0xE6B7, 0xE697, 0xDE96, 0xDE76, 0xCE36, 0xCE36, 0xBD94, 0xAC2C, 0xABEB, 0x9B29, 0x9B29, 0x9B29, 0x9B29, 0x8AE7, 0x9B29,
    0x8AE7, 0x7AE8, 0x72A7, 0x72A7, 0x838B, 0xACF1, 0xBD73, 0xC5D5, 0xBD73, 0x734C, 0x6B2B, 0x6B2B, 0x6B2B, 0x6B0A, 0x6B0A, 0x6B2B,
    0x6B0A, 0x6B0A, 0x7BAD, 0x734C, 0x6B2B, 0x5A88, 0x5A47, 0x8B49, 0x9BAB, 0xA40C, 0xAC4D, 0xBCEF, 0xDEB9, 0xEF3B, 0xEF1A, 0xEE57,
    0xD5D4, 0x6B2B, 0x5268, 0x6B0A, 0x6B2B, 0x62C9, 0x5268, 0xB3EE, 0xED94, 0xED94, 0xED12, 0xED12, 0xE4B0, 0xE46F, 0xE4B0, 0xED12,
    0xF77A, 0xEEF8, 0xEEF8, 0xEF19, 0xEF19, 0xEF19, 0xEF19, 0xEF19, 0xF736, 0xEF19, 0xF73A, 0xEF19, 0xEF19, 0xEF19, 0xEE94, 0xE655,
    0xDE34, 0xE655, 0xE655, 0xE6D8, 0xEF5C, 0xEF5C, 0xEF5C, 0xBD94, 0xAC2C, 0xAC4D, 0xAC4D, 0xAC6D, 0x8BAB, 0x62EA, 0x62EA, 0x5268,
    0x41E6, 0x41E6, 0x4A06, 0x4A06, 0x51E5, 0x4A27, 0x4A27, 0x4A06, 0x5943, 0x7143, 0x79C4, 0x48A1, 0x3861, 0x3861, 0x3861, 0x3861,
    0x10A1, 0x6A66, 0x84CB, 0x63C7, 0x51E5, 0x8A65, 0x7143, 0x3861, 0x5061, 0x5061, 0x5061, 0x5061, 0x5061, 0x5061, 0x5061, 0x9164,
    0xC9E5, 0xB102, 0xA0C2, 0x5061, 0x48A1, 0xA0C2, 0xA0C2, 0xBA06, 0xBB4A, 0x9AA8, 0xA247, 0xB287, 0xBB4A, 0xDC0E, 0xCBCC, 0xCBCC,
    0xAB09, 0xBB4A, 0xAB09, 0xAB09, 0xA247, 0xA247, 0xA1E5, 0x8A06, 0xA247, 0x8A06, 0xA247, 0xA247, 0xB287, 0xA1E5, 0x8A06, 0x8A06,
    0x9164, 0x7143, 0xA247, 0xCCCA, 0xB3C8, 0xA247, 0x9AA8, 0x8A65, 0xBC69, 0xBC69, 0xB3C8, 0xBC69, 0xB3C8, 0xC3A7, 0xA247, 0xB287,
    0xB287, 0x7143, 0x9AA8, 0xCAC9, 0xBA06, 0xABEB, 0x83CD, 0x5AA9, 0x62EA, 0x6B4B, 0x9C4F, 0xCE15, 0xC5B4, 0xCD51, 0xCD93, 0xEEF5,
    0xEF15, 0xF736, 0xF736, 0xEF15, 0xEF15, 0xEEF5, 0xEEF5, 0xEF15, 0xEEF5, 0xEF15, 0xEF15, 0xEF15, 0xEF15, 0xF736, 0xF736, 0xF736,
    0xF736, 0xEF15, 0xE655, 0xB5B1, 0x952D, 0x7CEB, 0xA5AE, 0xC651, 0x954D, 0x954D, 0xCE93, 0xCE93, 0xC651, 0xC651, 0xCE93, 0xD6B4,
    0xD6B4, 0xC651, 0xC651, 0xCE93, 0xCE93, 0xCE93, 0xC653, 0xDE76, 0xE697, 0xE6B7, 0xE6B7, 0xE6B7, 0xE6B7, 0xE6B7, 0xE6B7, 0xE6B7,
    0xE6B7, 0xE6B7, 0xE6B7, 0xE697, 0xDE96, 0xDE76, 0xCE36, 0xC5D5, 0xBD94, 0xBCCF, 0xAC2C, 0x938A, 0x8329, 0x9B29, 0x8329, 0x8AE7,
    0x8329, 0x8329, 0x93CB, 0xA490, 0xB533, 0xBD73, 0xBD94, 0xC5D5, 0xBD73, 0x736C, 0x6B2B, 0x6B2B, 0x6B0A, 0x6B0A, 0x6B0A, 0x62EA,
    0x62EA, 0x6B4B, 0x7BAD, 0x6B4B, 0x6B2B, 0x5AA9, 0x8B6A, 0x9BEC, 0xA3EB, 0xA40C, 0xAC4D, 0xC510, 0xE6F9, 0xEF3B, 0xE6F9, 0xEE57,
    0xD5D4, 0x6B0A, 0x62C9, 0x6B2B, 0x62EA, 0x62C9, 0x5A47, 0xABAB, 0xE4B0, 0xE4B0, 0xED12, 0xED12, 0xED12, 0xED53, 0xED53, 0xED94,
    0xEF5C, 0xEEF8, 0xE6D8, 0xEEF8, 0xEEF8, 0xEF19, 0xEF39, 0xEF19, 0xEF39, 0xF73A, 0xF73A, 0xEF19, 0xEF19, 0xE697, 0xE655, 0xDE34,
    0xE655, 0xDE34, 0xE655, 0xE6B7, 0xEF5C, 0xEF5C, 0xEF5C, 0xD657, 0xAC6D, 0xAC2C, 0xAC4D, 0xAC6D, 0x93CC, 0x6B0A, 0x62EA, 0x5AA9,
    0x4A27, 0x41E6, 0x41E6, 0x4A06, 0x4A06, 0x4A06, 0x4A27, 0x51E5, 0x5943, 0x8A06, 0x8A06, 0x48A1, 0x3861, 0x0861, 0x3861, 0x3861,
    0x48A1, 0x6A66, 0x5347, 0x3985, 0x7143, 0xBB4A, 0xA1E5, 0x5061, 0x3861, 0x5061, 0x5061, 0x5061, 0x5061, 0x6082, 0x6082, 0xB287,
    0xB964, 0xB102, 0xB102, 0x6082, 0x5943, 0xB287, 0xA1E5, 0x9164, 0xCAC9, 0xA247, 0xA247, 0xB287, 0xBB4A, 0xCBCC, 0xB287, 0xA1E5,
    0xA247, 0xA1E5, 0xA247, 0x9AA8, 0x8A06, 0xA247, 0x8A06, 0x9AA8, 0xA36A, 0xA247, 0x79C4, 0x9164, 0xCA68, 0xCA68, 0x9164, 0x7143,
    0x79C4, 0x7143, 0x8A06, 0xB406, 0x8A65, 0xAB66, 0xBC69, 0x8A65, 0xAB66, 0xBC69, 0x8A65, 0xB3C8, 0xCCCA, 0xAB09, 0x6082, 0x9164,
    0xB964, 0xA1E5, 0xB287, 0xCA68, 0xBB4A, 0x9C4F, 0x62C9, 0x62C9, 0x6B0A, 0x734C, 0x9CB1, 0xCE15, 0xC5B4, 0xCD51, 0xCD93, 0xEE94,
    0xEF15, 0xF736, 0xF736, 0xEF15, 0xEF15, 0xEEF5, 0xEEF5, 0xEEF5, 0xEF15, 0xEF15, 0xEF15, 0xEF15, 0xEF15, 0xF736, 0xF736, 0xF736,
    0xF736, 0xEEF5, 0xDDD0, 0xAD0E, 0x7CEB, 0x8CEC, 0xB5EF, 0xADCF, 0x8D0C, 0xB5EF, 0xC651, 0xC651, 0xC651, 0xCE93, 0xD6B4, 0xCE93,
    0xC651, 0xB5EF, 0xC651, 0xCE93, 0xC653, 0xD655, 0xDE96, 0xE6B7, 0xE6B7, 0xE6B7, 0xE6B7, 0xE6D8, 0xE6B7, 0xE6B7, 0xE6D8, 0xE6B7,
    0xE6B7, 0xE6B7, 0xE6B7, 0xE6B7, 0xE697, 0xDE96, 0xDE76, 0xCE36, 0xCE15, 0xC5B4, 0xBD94, 0xB533, 0xACF1, 0xA490, 0xA46E, 0xA490,
    0xACD0, 0xAD12, 0xBD73, 0xBD94, 0xBD94, 0xBD94, 0xC5B4, 0xCE15, 0xBD94, 0x736C, 0x6B2B, 0x6B2B, 0x6B0A, 0x62EA, 0x6B0A, 0x6B0A,
    0x6B0A, 0x736C, 0x7BAD, 0x6B0A, 0x62EA, 0x62A8, 0x9BAB, 0x9BEC, 0xA3EB, 0xA40C, 0xAC2C, 0xC532, 0xE6FA, 0xEF3B, 0xEED9, 0xEE57,
    0xBCF2, 0x5AA9, 0x62C9, 0x6B2B, 0x62C9, 0x5A88, 0x5A47, 0xB3EE, 0xE42E, 0xE42E, 0xE4B0, 0xE4B0, 0xE4B0, 0xE4B0, 0xE4D1, 0xE4D1,
    0xF77D, 0xF73A, 0xEF19, 0xEEF8, 0xEEF8, 0xEEF8, 0xEEF8, 0xEEF8, 0xEF19, 0xF73A, 0xEF39, 0xEEF8, 0xE655, 0xDE34, 0xDE34, 0xDE34,
    0xE655, 0xE655, 0xDE34, 0xDE96, 0xEF3B, 0xEF5C, 0xEF5C, 0xE6DA, 0xB48E, 0xAC2C, 0xAC4D, 0xAC6D, 0xAC4D, 0x7B2A, 0x6B0A, 0x62EA,
    0x5268, 0x41E6, 0x4A06, 0x4A06, 0x51E5, 0x4A27, 0x4A27, 0x4A06, 0x5943, 0x7143, 0x48A1, 0x3861, 0x3861, 0x3861, 0x3861, 0x9164,
    0xC9E5, 0xBA06, 0x7143, 0x7881, 0x7881, 0xA1E5, 0x9164, 0x5061, 0x5061, 0x5061, 0x5061, 0x6082, 0x5061, 0x5061, 0x79C4, 0xD32B,
    0xCAC9, 0xB102, 0xB102, 0x6082, 0x8A65, 0xCD2C, 0xB3C8, 0xA0C2, 0xB964, 0xB964, 0xA1E5, 0xCAC9, 0xBB4A, 0xBB4A, 0x8A06, 0xA1E5,
    0x8A06, 0xA1E5, 0x8A06, 0x8A06, 0x8A06, 0x8A06, 0x8A06, 0xBCAE, 0xD56E, 0xB3C8, 0x9AA8, 0x7143, 0xB964, 0xC9E5, 0x9164, 0x9AA8,
    0xBC69, 0x8A65, 0x8A65, 0xBC69, 0x8AE7, 0xCCCA, 0xB3C8, 0xB287, 0xCAC9, 0xB3C8, 0x8AE7, 0x8AE7, 0x9B29, 0x79C4, 0x79C4, 0x9164,
    0xB964, 0xA1E5, 0x9164, 0xA1E5, 0xB3EE, 0x6B4B, 0x5AA9, 0x62EA, 0x6B2B, 0x736C, 0xAD12, 0xC5D5, 0xC5B4, 0xCD72, 0xCD93, 0xEE94,
    0xEEF5, 0xEF15, 0xEF15, 0xF736, 0xEF15, 0xEF15, 0xEF15, 0xEF15, 0xEEF5, 0xEF15, 0xEF15, 0xEF15, 0xF736, 0xF736, 0xF736, 0xF736,
    0xEF15, 0xEE94, 0xA5AE, 0x8CEC, 0x7CEB, 0x9D6D, 0xC651, 0x954D, 0xA58E, 0xB5EF, 0xB5EF, 0xB5EF, 0xCE93, 0xCE93, 0xB5EF, 0xB5EF,
    0xC651, 0xB5EF, 0xC651, 0xC653, 0xDE76, 0xE697, 0xE6B7, 0xE6B7, 0xE6B7, 0xE6D8, 0xE6B7, 0xE6D8, 0xE6B7, 0xE6D8, 0xE6B7, 0xE6B7,
    0xE6D8, 0xE6B7, 0xE6B7, 0xE697, 0xDEB9, 0xE697, 0xE697, 0xDE76, 0xD655, 0xCE36, 0xCE15, 0xC5D5, 0xC5B4, 0xC5B4, 0xC5B4, 0xC5B4,
    0xC5B4, 0xC5B4, 0xC5B4, 0xC5B4, 0xC5D5, 0xC5D5, 0xC5D5, 0xCE15, 0xBD94, 0x736C, 0x6B2B, 0x6B0A, 0x62EA, 0x6B0A, 0x6B0A, 0x62EA,
    0x6B2B, 0x7BAD, 0x734C, 0x6B0A, 0x5AA9, 0x7309, 0x9BCB, 0x9BCB, 0xA3EB, 0xAC2C, 0xA3EB, 0xC532, 0xEF1A, 0xEF3B, 0xE6B8, 0xEE36,
    0x9C4F, 0x62C9, 0x6B0A, 0x6B2B, 0x62EA, 0x5247, 0x62A8, 0xCD73, 0xED53, 0xE4D1, 0xE46F, 0xE42E, 0xE46F, 0xE46F, 0xE46F, 0xE42E,
    0xF77D, 0xEF39, 0xEF39, 0xF73A, 0xEF39, 0xF73A, 0xEF19, 0xEF19, 0xEF19, 0xEEF8, 0xE6D8, 0xE655, 0xDE34, 0xDE34, 0xDE34, 0xE655,
    0xDE34, 0xE655, 0xE655, 0xE655, 0xEF3B, 0xEF5C, 0xEF5C, 0xE6F9, 0xBCCF, 0xAC2C, 0xAC4D, 0xAC6D, 0xAC6D, 0x838B, 0x6B0A, 0x62EA,
    0x5268, 0x41E6, 0x41E6, 0x4A06, 0x4A06, 0x51E5, 0x4A06, 0x51E5, 0x5943, 0x79C4, 0x8AE7, 0x79C4, 0x48A1, 0x3861, 0x3861, 0x7143,
    0xB964, 0xB964, 0xB102, 0xB964, 0x8A06, 0x5943, 0x6082, 0x7143, 0x6082, 0x5061, 0x5061, 0x5061, 0x5061, 0x6082, 0xAB09, 0xCAC9,
    0xCAC9, 0xB102, 0xB102, 0x6082, 0x6A66, 0x8A65, 0x79C4, 0xAB09, 0xB287, 0x9164, 0x8A06, 0xAB66, 0xC3A7, 0xBB4A, 0xA247, 0x8A06,
    0x8A06, 0x79C4, 0x9164, 0x8A06, 0xB3EE, 0x9AA8, 0x9164, 0xAB09, 0xAB66, 0x8A65, 0x8A06, 0x5943, 0x8A06, 0x9164, 0x7143, 0x8AE7,
    0x8AE7, 0x79C4, 0x79C4, 0xAB66, 0x79C4, 0xBC69, 0xAB66, 0xC9E5, 0xC9E5, 0x79C4, 0xB42C, 0xA36A, 0xA247, 0xA1E5, 0xD32B, 0xB287,
    0x7143, 0x79C4, 0x48A1, 0x8B49, 0x8BEE, 0x5A88, 0x62C9, 0x62EA, 0x6B2B, 0x7BAD, 0xBD73, 0xC5D5, 0xC5B4, 0xCD93, 0xCD51, 0xDDF3,
    0xEEF5, 0xEF15, 0xF736, 0xF736, 0xF736, 0xF736, 0xF736, 0xF736, 0xF736, 0xF736, 0xF736, 0xF736, 0xF736, 0xF736, 0xF736, 0xEF15,
    0xEEF5, 0xB5B1, 0x8D0C, 0x7CEB, 0x8CEC, 0xB5EF, 0xB5EF, 0xA5AE, 0xADCF, 0xA58E, 0xB5EF, 0xCE93, 0xB5EF, 0xA58E, 0xA5AE, 0xB5EF,
    0xB5EF, 0xC651, 0xC653, 0xDE76, 0xE697, 0xE6B7, 0xE6B7, 0xE6D8, 0xE6B7, 0xE6B7, 0xE6D8, 0xE717, 0xE6D8, 0xE6D8, 0xE6D8, 0xE6B7,
    0xE6B7, 0xE6B7, 0xE6D8, 0xE6B7, 0xE6B7, 0xE6B7, 0xE697, 0xE697, 0xDE96, 0xDE78, 0xD657, 0xD655, 0xCE36, 0xCE15, 0xCE15, 0xCE15,
    0xCE15, 0xCE15, 0xCE15, 0xCE15, 0xCE15, 0xCE15, 0xC5D5, 0xCE36, 0xBD73, 0x736C, 0x6B2B, 0x6B0A, 0x6B0A, 0x6B0A, 0x62EA, 0x62EA,
    0x6B4B, 0x7BAD, 0x6B0A, 0x62EA, 0x5A88, 0x8B49, 0x9BAB, 0x9BCB, 0x9BCB, 0xA3EB, 0xA3EB, 0xC532, 0xEF1A, 0xEF3B, 0xEED9, 0xCD93,
    0x736C, 0x62EA, 0x734C, 0x62EA, 0x4A27, 0x4A06, 0x836A, 0xEE15, 0xF6B9, 0xEE36, 0xE4D1, 0xE46F, 0xE46F, 0xE46F, 0xE46F, 0xE4B0,
    0xF77D, 0xEF39, 0xEF19, 0xEF19, 0xF73A, 0xF73A, 0xEF39, 0xF73A, 0xEF39, 0xEF19, 0xDE96, 0xDE34, 0xDE34, 0xDE34, 0xDE34, 0xE655,
    0xDE34, 0xE655, 0xDE34, 0xE655, 0xEF3B, 0xEF5C, 0xEF5C, 0xE6F9, 0xBCCF, 0xAC2C, 0xAC4D, 0xAC6D, 0xAC6D, 0x9BEC, 0x6B0A, 0x62EA,
    0x5AA9, 0x4A27, 0x41E6, 0x41E6, 0x51E5, 0x4A06, 0x4A06, 0x51E5, 0x5943, 0x7143, 0x9164, 0xBA06, 0xBA06, 0x9164, 0x3861, 0x3861,
    0x48A1, 0x5061, 0x88A2, 0xBA06, 0xBB4A, 0x9164, 0xA0C2, 0xBA06, 0xB287, 0x6082, 0x5061, 0x5061, 0x5061, 0x7143, 0xDC0E, 0xDB8C,
    0xC9E5, 0xB102, 0xA0C2, 0x79C4, 0xCCCA, 0xB3C8, 0x79C4, 0xBC69, 0xAC0B, 0x79C4, 0xB3C8, 0xBC69, 0xAB66, 0xAB66, 0xC3A7, 0x79C4,
    0x79C4, 0xA247, 0x8A06, 0x9164, 0x9AA8, 0xA1E5, 0xB102, 0x88A2, 0x79C4, 0xAB66, 0x9AA8, 0xAB66, 0xCCCA, 0x9AA8, 0x79C4, 0x8AE7,
    0x8A65, 0x8A65, 0x7143, 0xB287, 0xA247, 0xAB09, 0x8AE7, 0xB964, 0xA0C2, 0x79C4, 0x79C4, 0x8AE7, 0xB406, 0xCAC9, 0xA1E5, 0xA1E5,
    0x79C4, 0x9AA8, 0x7AE8, 0x8C2E, 0x62EA, 0x5AA9, 0x62C9, 0x6B0A, 0x6B2B, 0x8BEE, 0xC5D5, 0xC5B4, 0xC5B4, 0xCDF3, 0xCD72, 0xCDB4,
    0xEE94, 0xEEF5, 0xEF15, 0xEF15, 0xF736, 0xEF15, 0xF736, 0xF736, 0xF736, 0xF736, 0xF736, 0xEF15, 0xEF15, 0xEEF5, 0xEE94, 0xDE34,
    0xB5B1, 0x8D0C, 0x7CEB, 0x7CEB, 0xA58E, 0xB5EF, 0xADCF, 0xA58E, 0x954D, 0xB5EF, 0xC651, 0xA58E, 0x7CEB, 0x954D, 0xADCF, 0xB5EF,
    0xB5EF, 0xDDD0, 0xDDF3, 0xE655, 0xE697, 0xE6B7, 0xE6B7, 0xE6D8, 0xE6B7, 0xE717, 0xE6D8, 0xE6B7, 0xE6D8, 0xE6B7, 0xE6D8, 0xE6B7,
    0xE6D8, 0xE6B7, 0xE6B7, 0xE6B7, 0xE6B7, 0xE6B7, 0xE6B7, 0xE6B7, 0xE697, 0xE697, 0xDE96, 0xDE96, 0xDE96, 0xDE76, 0xDE76, 0xDE76,
    0xDE76, 0xD657, 0xD655, 0xCE36, 0xCE15, 0xCE15, 0xC5D5, 0xCE36, 0xAD12, 0x734C, 0x6B2B, 0x6B2B, 0x6B2B, 0x62EA, 0x62EA, 0x6B0A,
    0x7BAD, 0x736C, 0x6B0A, 0x62C9, 0x5A88, 0x938A, 0x9BCB, 0x9BCB, 0xA3EB, 0xA3EB, 0x9BCB, 0xC532, 0xE6FA, 0xEF3B, 0xF6FA, 0xACF1,
    0x62C9, 0x734C, 0x6B4B, 0x5A88, 0x41E6, 0x4A27, 0xB3EE, 0xED94, 0xEE57, 0xEDD5, 0xE4D1, 0xE4B0, 0xE4B0, 0xE46F, 0xED53, 0xEDD5,
    0xF77C, 0xEF19, 0xEF19, 0xEF19, 0xF73A, 0xF73A, 0xEF39, 0xF73A, 0xEF39, 0xE6D8, 0xDE34, 0xDDF3, 0xDE34, 0xDE34, 0xDE34, 0xDE34,
    0xDE34, 0xE655, 0xDE96, 0xE6F9, 0xEF5C, 0xEF5C, 0xEF3B, 0xE6DA, 0xBCCF, 0xAC2C, 0xAC2C, 0xAC2C, 0xAC2C, 0xAC4D, 0x836A, 0x6B0A,
    0x62C9, 0x5268, 0x41E6, 0x41E6, 0x41E6, 0x51E5, 0x41E6, 0x51E5, 0x51E5, 0x9164, 0xB964, 0xDB8C, 0xDC90, 0xBA06, 0x7881, 0x3861,
    0x10A1, 0x3861, 0x9164, 0xDB8C, 0xBA06, 0x88A2, 0x6082, 0x7881, 0x7143, 0x6082, 0x5061, 0x5061, 0x5061, 0x9AA8, 0xDC0E, 0xDB8C,
    0xB964, 0xB102, 0xA0C2, 0x6082, 0x8A65, 0x9B29, 0xB3C8, 0xAB66, 0x8A65, 0xB3C8, 0x9B29, 0xC530, 0xDE36, 0xCD72, 0xBC4C, 0x8A65,
    0x9AA8, 0xCCCA, 0xB287, 0xBA06, 0x9164, 0xB102, 0xCA68, 0x7143, 0x8AE7, 0xCCCA, 0x8AE7, 0x9AA8, 0xC3A7, 0x8A06, 0x79C4, 0xBC69,
    0xAB66, 0x8AE7, 0x9164, 0xBA06, 0xDBCD, 0xD32B, 0xB287, 0x9164, 0x79C4, 0xB3C8, 0x8A65, 0x8AE7, 0xB3C8, 0xC3A7, 0x79C4, 0x8A65,
    0x8AE7, 0xB3C8, 0xB48E, 0x736C, 0x5A88, 0x5AA9, 0x62EA, 0x6B0A, 0x734C, 0xA490, 0xCE15, 0xC5B4, 0xCDF3, 0xCDB4, 0xCDB4, 0xCDB4,
    0xDDF3, 0xDE34, 0xEE94, 0xEEF5, 0xEEF5, 0xEEF5, 0xEEF5, 0xEEF5, 0xEEF5, 0xEEF5, 0xEE94, 0xDE34, 0xDDF3, 0xDDD0, 0xC530, 0xAD0E,
    0x8CEC, 0x7CEB, 0x8D0C, 0xA58E, 0xA58E, 0xA58E, 0x954D, 0x954D, 0xADCF, 0xADCF, 0x8D0C, 0x744A, 0x8CEC, 0xA58E, 0xADCF, 0xADCF,
    0xD56E, 0xE552, 0xDD12, 0xE552, 0xDE34, 0xE6B7, 0xE6B7, 0xE6D8, 0xE6D8, 0xE6D8, 0xE6B7, 0xEEF8, 0xE6B7, 0xE6D8, 0xE6D8, 0xE6B7,
    0xE6D8, 0xE6D8, 0xE6B7, 0xE6D8, 0xE6B7, 0xE6B7, 0xE6B7, 0xE6B7, 0xE697, 0xE697, 0xE697, 0xE6B8, 0xE697, 0xDE96, 0xDE96, 0xDE96,
    0xDE76, 0xDE76, 0xD657, 0xD655, 0xCE36, 0xCE36, 0xCE36, 0xD657, 0x9CB1, 0x6B4B, 0x6B2B, 0x6B2B, 0x62EA, 0x62EA, 0x62EA, 0x6B4B,
    0x83CD, 0x6B2B, 0x6B0A, 0x5A88, 0x6AE9, 0x9BAB, 0x9BCB, 0x9BCB, 0xA3EB, 0x9BCB, 0x9BCB, 0xBCCF, 0xE6F9, 0xEF3B, 0xE6DA, 0x8BEE,
    0x6B4B, 0x7BAD, 0x62EA, 0x5268, 0x41E6, 0x5A88, 0xDCD1, 0xED53, 0xED94, 0xED12, 0xE4B0, 0xE4D1, 0xE4B0, 0xED12, 0xEE36, 0xEDD5,
    0xF77D, 0xEF39, 0xEEF8, 0xEF19, 0xEF39, 0xEF39, 0xF73A, 0xEF39, 0xEEF8, 0xE655, 0xDDF3, 0xDDF3, 0xDE34, 0xDE34, 0xDE34, 0xDE34,
    0xE655, 0xDE96, 0xEF1A, 0xEF5C, 0xEF5C, 0xEF5C, 0xEF5C, 0xDE78, 0xB48E, 0xB48E, 0xB48E, 0xAC4D, 0xAC6D, 0xB46D, 0x93CC, 0x6B0A,
    0x62EA, 0x5AA9, 0x4A27, 0x41E6, 0x41E6, 0x4A06, 0x41E6, 0x51E5, 0x5943, 0x9164, 0xB102, 0xBA06, 0xB287, 0xB964, 0xA0C2, 0x7881,
    0x48A1, 0x7881, 0xBA06, 0xDC0E, 0xD32B, 0xA247, 0x5061, 0x3861, 0x5061, 0x5061, 0x5061, 0x5061, 0x6082, 0xAB09, 0xBA06, 0xB964,
    0xB102, 0xB102, 0xA0C2, 0x5061, 0x48A1, 0x8AE7, 0xCD2C, 0xB3C8, 0x8A65, 0xBC69, 0xBC8D, 0xEF19, 0xF77C, 0xF77A, 0xEF39, 0xE655,
    0xC530, 0xBC4C, 0xCAC9, 0xDAC4, 0x9164, 0x6082, 0x8A06, 0x6A66, 0x8AE7, 0xB3C8, 0x8A65, 0x9AA8, 0x8A06, 0x5943, 0x6A66, 0x79C4,
    0x9B29, 0xC3A7, 0xB964, 0xDB8C, 0xD32B, 0xC9E5, 0xB287, 0x79C4, 0xB406, 0xCCCA, 0x8AE7, 0xBC69, 0x8A65, 0x79C4, 0x79C4, 0xB3C8,
    0xB3C8, 0x9BEC, 0x8C2E, 0x5AA9, 0x5AA9, 0x62C9, 0x62EA, 0x6B0A, 0x736C, 0xB533, 0xCE15, 0xC5D5, 0xCDF3, 0xCDF3, 0xCDF3, 0xCDF3,
    0xCDF3, 0xCD93, 0xCDB4, 0xDDF3, 0xDDF3, 0xDDF3, 0xDE34, 0xDE34, 0xDDF3, 0xDDD0, 0xC530, 0xC4EF, 0xC4EF, 0xAD0E, 0x8D0C, 0x8CEC,
    0x952D, 0x9D6D, 0xA58E, 0xA58E, 0x954D, 0x8CEC, 0x952D, 0xADCF, 0xA58E, 0x7CEB, 0x744A, 0x7C8A, 0x954D, 0xA58E, 0xB5EF, 0xCDF3,
    0xCD72, 0xD56E, 0xD56E, 0xC4EF, 0xDDF3, 0xE6B7, 0xE6D8, 0xE6B7, 0xE6B7, 0xE6D8, 0xE6D8, 0xE6D8, 0xE6D8, 0xE6D8, 0xE6D8, 0xEEF8,
    0xE6B7, 0xE6D8, 0xE6D8, 0xE6B7, 0xE6B7, 0xE6B7, 0xE6B8, 0xE6B7, 0xE6B7, 0xE6B7, 0xE6B7, 0xE6D8, 0xE697, 0xE697, 0xE697, 0xE697,
    0xDE96, 0xDE78, 0xDE76, 0xD657, 0xCE36, 0xD657, 0xD657, 0xCE36, 0x9470, 0x6B4B, 0x6B2B, 0x62EA, 0x62EA, 0x6B0A, 0x6B0A, 0x7BAD,
    0x7BAD, 0x62EA, 0x62C9, 0x5A47, 0x8B6A, 0x9BCB, 0x9BCB, 0xA3EB, 0x9BCB, 0xA3EB, 0xA3EB, 0xA46E, 0xDE78, 0xEF3B, 0xB533, 0x6B4B,
    0x7BAD, 0x736C, 0x62C9, 0x5268, 0x39C5, 0x93AA, 0xED12, 0xED94, 0xED53, 0xED12, 0xE4D1, 0xE4D1, 0xE4D1, 0xEDD5, 0xEE15, 0xEE57,
    0xEF5C, 0xEEF8, 0xEEF8, 0xEF19, 0xEF19, 0xEF39, 0xEF19, 0xEEF8, 0xE655, 0xDE34, 0xDE34, 0xDDF3, 0xDE34, 0xDE34, 0xDE34, 0xE655,
    0xE655, 0xE6F9, 0xEF5C, 0xEF5C, 0xEF5C, 0xEF5C, 0xEF3B, 0xCE36, 0xAC2C, 0xAC6D, 0xB48E, 0xAC6D, 0xB46D, 0xB46D, 0xAC6D, 0x7B2A,
    0x6B0A, 0x62C9, 0x5A88, 0x4A06, 0x41E6, 0x51E5, 0x51E5, 0x41E6, 0x51E5, 0x6082, 0x88A2, 0xA0C2, 0xB964, 0xD32B, 0xBA06, 0xB102,
    0xA1E5, 0x7143, 0xB102, 0xB102, 0xB964, 0xB964, 0x7881, 0x5061, 0x5061, 0x5061, 0x5061, 0x5061, 0x7881, 0xBA06, 0xB102, 0xB102,
    0xB102, 0xB102, 0x88A2, 0x5061, 0x5061, 0x5943, 0x79C4, 0x5943, 0x5943, 0xA36A, 0xE6B8, 0xF77A, 0xF77C, 0xF77C, 0xF77A, 0xF77A,
    0xF77A, 0xEF19, 0xEE57, 0xE552, 0xABEB, 0x79C4, 0x8AE7, 0xCCCA, 0xAB66, 0x8A65, 0x79C4, 0xC3A7, 0x8A65, 0x8A65, 0xD56E, 0xBC69,
    0x8A06, 0x9164, 0xB964, 0xE42E, 0xCA68, 0xB102, 0xBA06, 0x9AA8, 0x6A66, 0x79C4, 0x5943, 0x8AE7, 0x79C4, 0xAB66, 0xAC0B, 0x79C4,
    0x8B6A, 0x9470, 0x62C9, 0x5A88, 0x62C9, 0x62EA, 0x62EA, 0x6B2B, 0x8BEE, 0xC5B4, 0xCE15, 0xCE36, 0xCDF3, 0xD5F5, 0xD615, 0xD615,
    0xD5F5, 0xCDF3, 0xD5D4, 0xCDB4, 0xCD72, 0xCD72, 0xCD72, 0xCD72, 0xBC8D, 0xC3A7, 0xBB4A, 0xAB09, 0xB42C, 0xAD0E, 0x954D, 0xA58E,
    0xA58E, 0x954D, 0x952D, 0x8D0C, 0x8CEC, 0x952D, 0xA5AE, 0x954D, 0x7CEB, 0x7C8A, 0x6C29, 0x954D, 0x954D, 0xA5AE, 0xBE12, 0xDE76,
    0xD615, 0xCD72, 0xE552, 0xDDD0, 0xE655, 0xE6B7, 0xE6D8, 0xE6D8, 0xEEF8, 0xE6B7, 0xE717, 0xE6B7, 0xE717, 0xE6D8, 0xE717, 0xE6B7,
    0xE6D8, 0xE6D8, 0xE6B7, 0xE6D8, 0xE6D8, 0xE6B7, 0xE6B7, 0xE6B7, 0xE6B7, 0xE6B7, 0xEED9, 0xE6D8, 0xE697, 0xE697, 0xE697, 0xDE78,
    0xE697, 0xDE96, 0xDE76, 0xD657, 0xCE36, 0xDE78, 0xD657, 0xCE36, 0x8BEE, 0x6B2B, 0x6B2B, 0x62EA, 0x6B0A, 0x6B0A, 0x734C, 0x83CD,
    0x6B4B, 0x62EA, 0x5268, 0x6AE9, 0x9BCB, 0x9BCB, 0x9BCB, 0x9BCB, 0xA3EB, 0xA3EB, 0xA3EB, 0xA40C, 0xD5F5, 0xC5D5, 0x734C, 0x6B4B,
    0x7BAD, 0x62EA, 0x5268, 0x5268, 0x5A47, 0xDCD1, 0xED12, 0xED53, 0xED12, 0xE4D1, 0xE4D1, 0xE4D1, 0xED12, 0xED94, 0xEDD5, 0xF6B9,
    0xF77C, 0xEF19, 0xEF19, 0xEEF8, 0xEEF8, 0xEF19, 0xEEF8, 0xE655, 0xDE34, 0xDE34, 0xDE34, 0xDDF3, 0xDE34, 0xE655, 0xE655, 0xDE34,
    0xE6D8, 0xEF3B, 0xEF5C, 0xEF5C, 0xEF5C, 0xEF5C, 0xEF3B, 0xCD73, 0xAC2C, 0xAC4D, 0xAC6D, 0xAC6D, 0xAC6D, 0xAC4D, 0xB46D, 0x93CC,
    0x62EA, 0x6B0A, 0x62C9, 0x5268, 0x41E6, 0x39C5, 0x51E5, 0x41E6, 0x51E5, 0x5943, 0x7881, 0xA0C2, 0xB964, 0xCAC9, 0xB964, 0xB102,
    0xB102, 0x6082, 0x88A2, 0xB964, 0xB964, 0xA0C2, 0x88A2, 0x5061, 0x5061, 0x5061, 0x5061, 0x6082, 0xB102, 0xB102, 0xB102, 0xB102,
    0xB102, 0xB102, 0x88A2, 0x5061, 0x5061, 0x5061, 0x5061, 0x5061, 0x79C4, 0xD5F5, 0xF77A, 0xF77A, 0xF77A, 0xF77A, 0xF77A, 0xF77A,
    0xF77A, 0xF77A, 0xF77A, 0xF77A, 0xF77A, 0xDE96, 0xDDD0, 0xD56E, 0xBC69, 0x8A65, 0x5943, 0xA247, 0x8A06, 0x8AE7, 0xAB66, 0xC3A7,
    0xC3A7, 0xBB4A, 0xB964, 0xCA68, 0xB964, 0xB102, 0xA1E5, 0x5943, 0x3861, 0x3861, 0x79C4, 0xBC69, 0x8A65, 0x8A65, 0xAB66, 0x72A7,
    0x9C4F, 0x6B2B, 0x5A88, 0x5AA9, 0x62C9, 0x62EA, 0x6B0A, 0x734C, 0xA490, 0xCE36, 0xCE15, 0xCE36, 0xD5F5, 0xD615, 0xD615, 0xD615,
    0xD615, 0xD655, 0xD615, 0xD615, 0xD615, 0xCDF3, 0xD5F5, 0xCDB4, 0xBCCE, 0xCBCC, 0xB3C8, 0xABEB, 0x9CCC, 0xA58E, 0xA58E, 0x954D,
    0x8D0C, 0x8CEC, 0x8CEC, 0x7CEB, 0x952D, 0xA58E, 0x8D0C, 0x7CEB, 0x7CEB, 0x6C29, 0x7C8A, 0xA58E, 0x954D, 0xADCF, 0xD655, 0xE697,
    0xDE96, 0xDE96, 0xDE76, 0xDE96, 0xE6B7, 0xE6B7, 0xE6B7, 0xE6D8, 0xE6B7, 0xE6D8, 0xE6D8, 0xE6D8, 0xE6D8, 0xE6D8, 0xE6D8, 0xE6D8,
    0xE6D8, 0xE6D8, 0xE6D8, 0xE6D8, 0xE6D8, 0xE6B7, 0xE6B7, 0xE697, 0xE6B7, 0xEED9, 0xEED9, 0xE6B7, 0xE6B7, 0xE697, 0xE697, 0xE697,
    0xDE96, 0xDE78, 0xDE76, 0xD655, 0xCE36, 0xDE78, 0xD657, 0xC5D5, 0x7BAD, 0x6B0A, 0x6B0A, 0x6B0A, 0x6B2B, 0x6B2B, 0x7BAD, 0x736C,
    0x6B0A, 0x5AA9, 0x5A47, 0x938A, 0x9BCB, 0x9BCB, 0x9BAB, 0x9BCB, 0x9BCB, 0xA3EB, 0x9BCB, 0x9BCB, 0x9C4F, 0x7BAD, 0x736C, 0x6B4B,
    0x62C9, 0x4A27, 0x4A06, 0x4A27, 0x93CC, 0xED53, 0xED12, 0xED53, 0xE4D1, 0xE4D1, 0xE4D1, 0xE4D1, 0xED12, 0xED12, 0xEDD5, 0xF6B9,
    0xF77C, 0xEF39, 0xEF39, 0xEF39, 0xEF39, 0xEEF8, 0xE655, 0xDDF3, 0xDE34, 0xDE34, 0xDE34, 0xDDF3, 0xDDF3, 0xE655, 0xE655, 0xE6B8,
    0xEF3B, 0xEF5C, 0xEF5C, 0xEF5C, 0xEF5C, 0xEF5C, 0xDEB9, 0xB48E, 0xAC2C, 0xAC4D, 0xAC2C, 0xAC2C, 0xAC4D, 0xAC4D, 0xAC6D, 0xA46E,
    0x83CD, 0x6B4B, 0x6B0A, 0x5AA9, 0x4A27, 0x41E6, 0x51E5, 0x51E5, 0x4A06, 0x51E5, 0x6082, 0x88A2, 0xB102, 0xB102, 0xB964, 0xBA06,
    0xB102, 0x6082, 0x88A2, 0xB964, 0xC9E5, 0xA0C2, 0x88A2, 0x7881, 0x5061, 0x5061, 0x5061, 0x9164, 0xC9E5, 0xCA68, 0xC9E5, 0xB102,
    0xB102, 0xA0C2, 0x7881, 0x5061, 0x5061, 0x5061, 0x5061, 0x79C4, 0xCD72, 0xF77A, 0xF77A, 0xF77C, 0xEF39, 0xEE94, 0xF736, 0xF77A,
    0xF77A, 0xF77A, 0xF77D, 0xF77A, 0xF77A, 0xF77A, 0xF77A, 0xF73A, 0xE6D8, 0xCDB4, 0xBCAE, 0xB3C8, 0xAB66, 0xB3C8, 0x8AE7, 0xAB66,
    0xCCCA, 0xAB66, 0xB964, 0xC9E5, 0xB102, 0xB102, 0x9164, 0x3861, 0x48A1, 0x48A1, 0x79C4, 0x8A65, 0x79C4, 0x79C4, 0x6A66, 0xA490,
    0x7BAD, 0x5268, 0x5AA9, 0x62C9, 0x62EA, 0x62EA, 0x6B0A, 0x7BAD, 0xBD73, 0xCE36, 0xCE36, 0xD615, 0xD615, 0xD615, 0xD615, 0xD655,
    0xD655, 0xD655, 0xD655, 0xD655, 0xD655, 0xD655, 0xD655, 0xD615, 0xCD72, 0xAD0E, 0x9D6D, 0xA58E, 0x954D, 0x954D, 0x8D0C, 0x8CEC,
    0x8D0C, 0x8D0C, 0x8CEC, 0x8D0C, 0x954D, 0x952D, 0x7CEB, 0x7CEB, 0x744A, 0x6C29, 0x9D6D, 0x954D, 0xA58E, 0xBE12, 0xDE96, 0xE6B7,
    0xE6B7, 0xE6B7, 0xE6B7, 0xE6B7, 0xE6D8, 0xE6D8, 0xE6D8, 0xE6D8, 0xE717, 0xE6B7, 0xEEF8, 0xE6D8, 0xE6D8, 0xE6D8, 0xE6D8, 0xE6B7,
    0xEEF8, 0xE6B7, 0xE6D8, 0xE6D8, 0xE6B7, 0xE6B7, 0xE6B7, 0xE6B7, 0xE6D8, 0xE6F9, 0xE6B7, 0xE6B7, 0xE6B7, 0xE697, 0xE697, 0xE697,
    0xE697, 0xDE96, 0xDE76, 0xDE36, 0xD657, 0xDE78, 0xD657, 0xBD73, 0x734C, 0x6B0A, 0x6B2B, 0x6B0A, 0x6B0A, 0x736C, 0x7BAD, 0x6B0A,
    0x62C9, 0x5AA9, 0x7309, 0x9BCB, 0x9BCB, 0x9BAB, 0x9BAB, 0x9BCB, 0x9BCB, 0x9BCB, 0x9BAB, 0x8BAB, 0x734C, 0x736C, 0x83CD, 0x6B0A,
    0x5247, 0x5247, 0x4A27, 0x7B2A, 0xCDB4, 0xED53, 0xE4D1, 0xED12, 0xE4D1, 0xE4B0, 0xE4D1, 0xED94, 0xED53, 0xE4B0, 0xED53, 0xEE78,
    0xEF5C, 0xEF19, 0xEF19, 0xEF19, 0xEF39, 0xE697, 0xDE34, 0xDE34, 0xDE34, 0xDE34, 0xDE34, 0xDDF3, 0xDDF3, 0xE655, 0xE6D8, 0xEF3B,
    0xEF3B, 0xEF5C, 0xEF5C, 0xEF5C, 0xEF5C, 0xEF3B, 0xC5B4, 0xA40C, 0xAC2C, 0xAC2C, 0xAC2C, 0xAC2C, 0xAC2C, 0xAC4D, 0xAC6D, 0xB48E,
    0xBD73, 0x7BAD, 0x6B2B, 0x62C9, 0x5A88, 0x4A06, 0x41E6, 0x51E5, 0x4A06, 0x4A06, 0x5943, 0x7881, 0xA0C2, 0xA0C2, 0xB287, 0xDC90,
    0xBA06, 0x7881, 0x6082, 0xB102, 0xB102, 0xA0C2, 0xA0C2, 0x7881, 0x5061, 0x5061, 0x88A2, 0xB964, 0xCA68, 0xDB8C, 0xC9E5, 0xB102,
    0xB102, 0xA0C2, 0x6082, 0x5061, 0x5061, 0x5061, 0x79C4, 0xC530, 0xF73A, 0xF77A, 0xF77A, 0xF77A, 0xF77A, 0xEEF5, 0xEF39, 0xF77A,
    0xF77A, 0xF77A, 0xF77A, 0xF77A, 0xF77A, 0xF77A, 0xF73A, 0xF77A, 0xF77A, 0xF77A, 0xF77A, 0xEE94, 0xB3C8, 0xAB66, 0xBC69, 0xAB66,
    0x8A65, 0x7143, 0xB964, 0xD32B, 0xB964, 0xB102, 0x7143, 0x48A1, 0xA36A, 0xB3C8, 0xAB66, 0xAB09, 0xAB66, 0xCCCA, 0xA46E, 0x83CD,
    0x5A88, 0x5A88, 0x5AA9, 0x62EA, 0x6AE9, 0x62EA, 0x6B2B, 0x8C2E, 0xCE15, 0xCE15, 0xD655, 0xD615, 0xD615, 0xD615, 0xD655, 0xD655,
    0xD655, 0xD655, 0xD655, 0xD655, 0xD655, 0xD615, 0xBE12, 0xB5EF, 0xA5AE, 0x954D, 0x954D, 0x8D0C, 0x8CEC, 0x8D0C, 0x952D, 0x952D,
    0x8D0C, 0x8CEC, 0x7CEB, 0x952D, 0x954D, 0x952D, 0x7CEB, 0x7C8A, 0x6C29, 0x8CEC, 0xA58E, 0x954D, 0xA5AE, 0xD655, 0xE697, 0xE6B7,
    0xE6B7, 0xE6B7, 0xE6B7, 0xE6D8, 0xE6B7, 0xE6D8, 0xE6D8, 0xE6D8, 0xE6B7, 0xEEF8, 0xE6B7, 0xE6D8, 0xE6B7, 0xEEF8, 0xE6D8, 0xEEF8,
    0xE6B7, 0xEEF8, 0xE6D8, 0xE6D8, 0xE6B7, 0xE6B7, 0xE6B7, 0xE6D8, 0xEF19, 0xE6D8, 0xE6B7, 0xE697, 0xE6B7, 0xE6B7, 0xE697, 0xE697,
    0xDE96, 0xDE96, 0xDE76, 0xDE36, 0xDE78, 0xD657, 0xCE36, 0xA490, 0x6B2B, 0x6B0A, 0x6B0A, 0x6B0A, 0x6B4B, 0x83CD, 0x734C, 0x62C9,
    0x62C9, 0x8BEE, 0x8B8B, 0x9BAB, 0x9BAB, 0x93AA, 0x93AA, 0x9BAB, 0x9BCB, 0x9BAB, 0x8B8B, 0x734C, 0x736C, 0x83CD, 0x8BEE, 0x5A88,
    0x5247, 0x4A27, 0x5247, 0xAD12, 0xF6B9, 0xEDD5, 0xED12, 0xED12, 0xE4D1, 0xE46F, 0xE4B0, 0xED53, 0xED94, 0xE46F, 0xE4B0, 0xED94,
    0xF73A, 0xE697, 0xE6B7, 0xEEF8, 0xEEF8, 0xE655, 0xDE34, 0xDE34, 0xDE34, 0xDE34, 0xDE34, 0xD615, 0xE697, 0xE6FA, 0xEF3B, 0xEF5C,
    0xEF5C, 0xEF5C, 0xEF5C, 0xEF5C, 0xEF5C, 0xDEB9, 0xA46E, 0x93CB, 0xAC2C, 0xAC2C, 0xAC2C, 0xAC2C, 0xAC4D, 0xAC4D, 0xAC4D, 0xB48E,
    0xDE36, 0xAD12, 0x6B4B, 0x62EA, 0x5AA9, 0x5A88, 0x4A06, 0x51E5, 0x51E5, 0x5A47, 0x51E5, 0x6082, 0x88A2, 0xA1E5, 0xA1E5, 0xDC90,
    0xDB8C, 0x9164, 0x48A1, 0xA0C2, 0xB102, 0xA0C2, 0xA0C2, 0x88A2, 0x5061, 0x6082, 0x9164, 0xBA06, 0xCAC9, 0xC9E5, 0xC9E5, 0xB964,
    0xB102, 0x9164, 0x5061, 0x5061, 0x5061, 0x7143, 0xC530, 0xF73A, 0xF77A, 0xF77C, 0xF77A, 0xF77A, 0xF77A, 0xF77A, 0xF77A, 0xF77A,
    0xF77A, 0xF736, 0xF77A, 0xF77A, 0xF77A, 0xF736, 0xEE94, 0xF77A, 0xF77A, 0xF77A, 0xEEF5, 0xF54E, 0xAB66, 0xAB66, 0xC3A7, 0xC3A7,
    0x79C4, 0x9164, 0xCA68, 0xC9E5, 0xB964, 0xB102, 0x6082, 0x48A1, 0xBC4C, 0xAB66, 0x8A65, 0xB3C8, 0x8AE7, 0xA46E, 0x8BEE, 0x5268,
    0x5A88, 0x5AA9, 0x62EA, 0x62EA, 0x62EA, 0x62EA, 0x736C, 0xAD12, 0xCE36, 0xCE36, 0xCE36, 0xD615, 0xD615, 0xD655, 0xD655, 0xD655,
    0xD655, 0xD655, 0xDE34, 0xCDF3, 0xB5B1, 0xA5AE, 0xA58E, 0x954D, 0x952D, 0x952D, 0x952D, 0xA58E, 0xB5B1, 0xA5AE, 0x952D, 0x8D0C,
    0x8CEC, 0x7CEB, 0x8D0C, 0x9D6D, 0xA58E, 0x8CEC, 0x7CEB, 0x744A, 0x744A, 0xA5AE, 0x954D, 0x9D6D, 0xB5B1, 0xDE76, 0xE6B7, 0xE6B7,
    0xE6B7, 0xE6B7, 0xE6D8, 0xE6D8, 0xEEF8, 0xE6D8, 0xE717, 0xE6D8, 0xE6D8, 0xE6B7, 0xE6D8, 0xEEF8, 0xE6D8, 0xE6B7, 0xE6D8, 0xE6B7,
    0xE6D8, 0xE6B7, 0xE6D8, 0xE6B7, 0xE6B7, 0xE6B7, 0xE6B7, 0xEEF8, 0xEEF8, 0xE6B7, 0xE6B7, 0xE6B7, 0xE6B7, 0xE697, 0xE697, 0xDE78,
    0xDE96, 0xDE76, 0xDE76, 0xD657, 0xDE78, 0xCE36, 0xCE15, 0x83CD, 0x6B2B, 0x6B0A, 0x6B0A, 0x6B0A, 0x83CD, 0x736C, 0x6B0A, 0x5AA9,
    0x8C2E, 0xACF1, 0x8B6A, 0x9BAB, 0x9BAB, 0x9BAB, 0x9BAB, 0x9BAB, 0x9BAB, 0x8B6A, 0x734C, 0x736C, 0x6B4B, 0x734C, 0x62C9, 0x5247,
    0x4A06, 0x4A06, 0x83CD, 0xD615, 0xF6B9, 0xEE78, 0xED94, 0xED12, 0xE4D1, 0xE46F, 0xE46F, 0xE4B0, 0xED12, 0xE4D1, 0xE46F, 0xE4B0,
    0xF73A, 0xE6B7, 0xE697, 0xE697, 0xDE96, 0xE655, 0xDE34, 0xDE34, 0xDE34, 0xE655, 0xDE34, 0xE655, 0xE6FA, 0xEF3B, 0xEF5C, 0xEF5C,
    0xEF5C, 0xEF5C, 0xEF5C, 0xEF5C, 0xEF1A, 0xB533, 0x8B8B, 0xA3EB, 0xAC2C, 0xAC2C, 0xAC2C, 0xAC2C, 0xAC2C, 0xAC4D, 0xAC6D, 0xBCCF,
    0xD657, 0xDE36, 0x9C4F, 0x6B4B, 0x6B0A, 0x5AA9, 0x5268, 0x41E6, 0x51E5, 0x4A27, 0x51E5, 0x48A1, 0x7881, 0x9164, 0x9164, 0xB287,
    0xBA06, 0xB964, 0x7143, 0x6082, 0xA0C2, 0xA0C2, 0xA0C2, 0x88A2, 0x6082, 0x48A1, 0x72A7, 0x6C29, 0x6C29, 0x8C09, 0x8AE7, 0xB964,
    0xB964, 0x7143, 0x5061, 0x5061, 0x5061, 0xB3C8, 0xEE94, 0xF736, 0xF77A, 0xF77A, 0xF77D, 0xF77A, 0xF77A, 0xF77A, 0xF77A, 0xF77A,
    0xF77A, 0xF77A, 0xF77A, 0xF77A, 0xF77A, 0xF77A, 0xF77A, 0xF77A, 0xF77A, 0xF77A, 0xE5CE, 0xEB64, 0xA1E5, 0x7143, 0x7143, 0x5943,
    0x48A1, 0xA247, 0xED12, 0xDC0E, 0xC9E5, 0x9164, 0x79C4, 0x6A66, 0x8AE7, 0xBC69, 0x9B29, 0xCCCA, 0xAC6D, 0x8BEE, 0x5268, 0x5268,
    0x5AA9, 0x62C9, 0x62EA, 0x62EA, 0x62EA, 0x7309, 0x8BEE, 0xC5D5, 0xCE15, 0xD615, 0xD615, 0xD615, 0xD615, 0xD655, 0xD655, 0xDE34,
    0xC653, 0xBE12, 0xADCF, 0xA58E, 0x954D, 0x8D0C, 0x8D0C, 0x952D, 0x9D6D, 0xB5B1, 0xCDF3, 0xB5B1, 0x9D6D, 0x952D, 0x9D6D, 0x952D,
    0x7CEB, 0x8CEC, 0x954D, 0xB5B1, 0x954D, 0x7CEB, 0x744A, 0x7C8A, 0x952D, 0xADCF, 0x954D, 0xA58E, 0xCDF3, 0xE697, 0xE6B7, 0xE6B7,
    0xE6B7, 0xE6D8, 0xE6D8, 0xE6D8, 0xE6D8, 0xE6D8, 0xE6D8, 0xE6D8, 0xE6D8, 0xE6D8, 0xE6D8, 0xE6D8, 0xE6B7, 0xEEF8, 0xE6B7, 0xEEF8,
    0xE6B7, 0xE6D8, 0xE6B7, 0xE6B7, 0xE6B7, 0xE6B7, 0xEED9, 0xEED9, 0xE6B7, 0xE6B7, 0xE6B7, 0xE6B7, 0xE6B7, 0xE697, 0xE697, 0xDE96,
    0xDE96, 0xDE76, 0xDE36, 0xDE36, 0xD657, 0xD657, 0xBD94, 0x734C, 0x6B0A, 0x6B0A, 0x62EA, 0x736C, 0x7BAD, 0x6B4B, 0x5AA9, 0x62EA,
    0xBD94, 0xB533, 0x938A, 0x9BAB, 0x93AA, 0x93AA, 0x93AA, 0x938A, 0x7B2A, 0x736C, 0x7BAD, 0x7BAD, 0x6B2B, 0x62C9, 0x5A88, 0x41E6,
    0x39C5, 0x736C, 0xDE78, 0xEE57, 0xEE36, 0xEE78, 0xEE57, 0xED94, 0xED12, 0xE46F, 0xE4B0, 0xE4B0, 0xE46F, 0xE4B0, 0xE46F, 0xE46F,
    0xEF3B, 0xEEF8, 0xEEF8, 0xE6D8, 0xEEF5, 0xE655, 0xDE34, 0xDE34, 0xDE34, 0xDE34, 0xDE34, 0xE697, 0xEF3B, 0xEF5C, 0xEF5C, 0xEF5C,
    0xEF5C, 0xEF5C, 0xEF5C, 0xEF3B, 0xCE15, 0x93CB, 0x93AA, 0xAC2C, 0xAC2C, 0xAC2C, 0xA40C, 0xAC2C, 0xAC6D, 0xB46D, 0xB46D, 0xBCCF,
    0xD657, 0xD657, 0xC5D5, 0x8BEE, 0x734C, 0x6B0A, 0x62C9, 0x5247, 0x51E5, 0x4A06, 0x4A27, 0x51E5, 0x6082, 0x88A2, 0x88A2, 0x88A2,
    0xA0C2, 0xB102, 0x9164, 0x48A1, 0x7881, 0xA0C2, 0xA0C2, 0x88A2, 0x7881, 0x48A1, 0x2944, 0x42E6, 0x744A, 0x7CEB, 0x63E9, 0x8A65,
    0x6082, 0x5061, 0x5061, 0x5061, 0x6082, 0xC3A7, 0xF4CB, 0xE5CE, 0xE5CE, 0xEE94, 0xEEF5, 0xF736, 0xF77A, 0xF77A, 0xF77A, 0xF77A,
    0xF77A, 0xF77A, 0xF77A, 0xF77A, 0xF77A, 0xF77A, 0xF77A, 0xF77A, 0xF77A, 0xE611, 0xEBC5, 0xC9E5, 0x88A2, 0x5061, 0x3861, 0x3861,
    0x5061, 0x9164, 0xD32B, 0xCAC9, 0xB964, 0x7143, 0xA36A, 0xB3C8, 0x8AE7, 0xCD2C, 0x9B29, 0x9C0D, 0x9C4F, 0x5268, 0x5247, 0x5A88,
    0x5AA9, 0x62EA, 0x62EA, 0x6AE9, 0x62EA, 0x734C, 0xAD12, 0xCE15, 0xC5D5, 0xCDF3, 0xD615, 0xD615, 0xD655, 0xD615, 0xBE12, 0xADCF,
    0xA5AE, 0x954D, 0x952D, 0x8D0C, 0x8D0C, 0x9D6D, 0xB5B1, 0xCDF3, 0xD655, 0xCDF3, 0xA58E, 0x8D0C, 0x9D6D, 0xB5B1, 0x9D6D, 0x7CEB,
    0x7CEB, 0x952D, 0xB5B1, 0xB5B1, 0x7CEB, 0x7C8A, 0x7C8A, 0x952D, 0xA58E, 0xA5AE, 0x954D, 0xA5AE, 0xD655, 0xE6B7, 0xE6B7, 0xE6B7,
    0xE6D8, 0xE6D8, 0xE6D8, 0xE6D8, 0xEEF8, 0xE6D8, 0xEEF8, 0xE6D8, 0xE6D8, 0xE6D8, 0xEEF8, 0xE6B7, 0xE6D8, 0xE6D8, 0xEEF8, 0xE6B7,
    0xE6B7, 0xE6B7, 0xE6B7, 0xE6B7, 0xE6B7, 0xE6D8, 0xEEF8, 0xE6B7, 0xE6B7, 0xE6B7, 0xE6B7, 0xE6B7, 0xE6B7, 0xE697, 0xE697, 0xDE78,
    0xDE36, 0xBC8D, 0xBC4C, 0xBC8D, 0xCDB4, 0xD657, 0xA490, 0x6B0A, 0x62EA, 0x62EA, 0x6B4B, 0x7BAD, 0x6B4B, 0x62C9, 0x5A88, 0x9C4F,
    0xCE15, 0xB533, 0x938A, 0x9BAB, 0x938A, 0x93AA, 0x8B49, 0x7309, 0x6B0A, 0x7BAD, 0x8BEE, 0x8BEE, 0x5AA9, 0x39C5, 0x39C5, 0x39C5,
    0x62C9, 0xCE15, 0xEF5C, 0xEF3B, 0xEE78, 0xEE36, 0xF6B9, 0xEE78, 0xEDD5, 0xE4D1, 0xE42E, 0xE42E, 0xE42E, 0xE42E, 0xDC0E, 0xDBCD,
    0xF73A, 0xEEF8, 0xE6D8, 0xEEF8, 0xEEF8, 0xDE96, 0xDE34, 0xDE34, 0xDE34, 0xDE34, 0xE655, 0xE6FA, 0xEF5C, 0xEF5C, 0xEF3B, 0xEF3B,
    0xEF5C, 0xEF5C, 0xEF3B, 0xD657, 0x9C0D, 0x836A, 0x9BEC, 0xAC2C, 0xAC2C, 0xA40C, 0xAC2C, 0xAC6D, 0xAC6D, 0xB46D, 0xAC6D, 0xB48E,
    0xD657, 0xD657, 0xDE36, 0xBD73, 0x7BAD, 0x736C, 0x6B0A, 0x5AA9, 0x4A27, 0x4A06, 0x5A47, 0x4A27, 0x5943, 0x7881, 0x88A2, 0xA0C2,
    0xB287, 0xDC0E, 0xBA06, 0x6082, 0x48A1, 0x88A2, 0xA0C2, 0xA0C2, 0x88A2, 0x6082, 0x3861, 0x48A1, 0x5347, 0x63E9, 0x5B88, 0x5943,
    0x5061, 0x5061, 0x3861, 0x5061, 0xA247, 0xC3A7, 0xEBC5, 0xEC28, 0xF46A, 0xF4CB, 0xF54E, 0xE5CE, 0xE611, 0xEF15, 0xF736, 0xEF39,
    0xF77A, 0xF77A, 0xF77A, 0xF77A, 0xF77A, 0xF77A, 0xF77A, 0xF77A, 0xEEF5, 0xEC28, 0xDAC4, 0xA0C2, 0x7881, 0x6082, 0x5061, 0x5061,
    0x5061, 0xA0C2, 0xB964, 0xB964, 0xCA68, 0x79C4, 0x5943, 0x8A65, 0x8A65, 0xAB66, 0xB48E, 0x9470, 0x5A88, 0x5247, 0x5A88, 0x5AA9,
    0x62C9, 0x62EA, 0x62EA, 0x62EA, 0x6B0A, 0x8C2E, 0xC5D5, 0xC5D5, 0xD5D4, 0xCDF3, 0xCDF3, 0xBE12, 0xB5EF, 0xA5AE, 0x954D, 0x952D,
    0x8D0C, 0x8D0C, 0x952D, 0xB5B1, 0xCDF3, 0xD655, 0xDE76, 0xD655, 0xA5AE, 0x952D, 0x952D, 0xB5B1, 0xCDF3, 0xA58E, 0x7CEB, 0x7CEB,
    0x952D, 0xBE12, 0xCDF3, 0x952D, 0x7CEB, 0x744A, 0x952D, 0xA58E, 0xA5AE, 0xA58E, 0xA58E, 0xB5B1, 0xDE96, 0xE6B7, 0xE6B7, 0xE6D8,
    0xE6D8, 0xE6B7, 0xE717, 0xE6D8, 0xE6B7, 0xE6D8, 0xEEF8, 0xE6D8, 0xE6D8, 0xEEF8, 0xE6D8, 0xE6D8, 0xE6D8, 0xEEF8, 0xE6D8, 0xE6B7,
    0xE6B7, 0xE6B7, 0xE6B7, 0xE6B7, 0xE6D8, 0xEEF8, 0xE6D8, 0xE697, 0xE6B7, 0xE6B7, 0xE6B7, 0xE6B7, 0xE6B7, 0xE697, 0xDE96, 0xDE96,
    0xD615, 0xABEB, 0xB287, 0xB42C, 0xCE36, 0xCE15, 0x7BAD, 0x62EA, 0x62EA, 0x6B4B, 0x7BAD, 0x6B4B, 0x62EA, 0x5268, 0x7BAD, 0xB533,
    0xCE15, 0xAD12, 0x938A, 0x9BAB, 0x8B6A, 0x7B2A, 0x6B2B, 0x6B4B, 0x83CD, 0x736C, 0x62C9, 0x4A27, 0x39C5, 0x3985, 0x3985, 0x4A06,
    0xA490, 0xDEB9, 0xEF3B, 0xEF5C, 0xEF3B, 0xE6B8, 0xEE57, 0xF6B9, 0xF6B9, 0xEE15, 0xED12, 0xE46F, 0xE46F, 0xE4B0, 0xE4B0, 0xE42E,
    0xF73A, 0xEEF8, 0xEEF8, 0xEEF5, 0xF6B9, 0xEE94, 0xDE34, 0xDE34, 0xDE34, 0xDE76, 0xE6FA, 0xEF5C, 0xEF3B, 0xEF3B, 0xEF3B, 0xEF5C,
    0xEF5C, 0xEF1A, 0xDE36, 0x9C0D, 0x8B49, 0x93AA, 0xA3EB, 0xA40C, 0xAC2C, 0xAC4D, 0xAC4D, 0xB44D, 0xB46D, 0xAC6D, 0xAC2C, 0xA46E,
    0xDE36, 0xD657, 0xDE36, 0xDE36, 0xAD12, 0x736C, 0x736C, 0x6B0A, 0x5AA9, 0x5247, 0x4A27, 0x5A47, 0x51E5, 0x6082, 0x88A2, 0xA0C2,
    0xBA06, 0xCAC9, 0xBA06, 0x9164, 0x3861, 0x5061, 0x88A2, 0xA0C2, 0x88A2, 0x88A2, 0x5061, 0x3861, 0x6A66, 0x6A66, 0x5943, 0x3861,
    0x5061, 0x3861, 0x5061, 0x5061, 0x79C4, 0xBA06, 0xC9E5, 0xDAC4, 0xEB64, 0xEBC5, 0xEC28, 0xEC28, 0xF4CB, 0xE5CE, 0xE611, 0xEE94,
    0xF736, 0xF736, 0xF77A, 0xF77A, 0xF77A, 0xF77A, 0xEF39, 0xEEF5, 0xF4CB, 0xDAC4, 0xB102, 0xA0C2, 0x7881, 0x6082, 0x6082, 0x5061,
    0x5061, 0x9164, 0xCA68, 0xC9E5, 0xC9E5, 0x7143, 0x5943, 0xB3C8, 0xAC0B, 0xA46E, 0x8C2E, 0x5268, 0x5247, 0x5268, 0x5AA9, 0x5AA9,
    0x62C9, 0x62EA, 0x62EA, 0x6B0A, 0x736C, 0xBD73, 0xCE15, 0xCDF3, 0xCDF3, 0xCDF3, 0xB5B1, 0x9D6D, 0x952D, 0x8D0C, 0x8CEC, 0x952D,
    0xA58E, 0xBE12, 0xD615, 0xDE76, 0xDE76, 0xD655, 0xB5B1, 0x954D, 0x8D0C, 0xA5AE, 0xCDF3, 0xCE15, 0x9D6D, 0x7CEB, 0x7CEB, 0x954D,
    0xBE12, 0xCE36, 0xA58E, 0x7CEB, 0x744A, 0x8CEC, 0xB5B1, 0x9D6D, 0xA58E, 0x954D, 0xA58E, 0xCDF3, 0xE697, 0xE6B7, 0xE6D8, 0xE6B7,
    0xE6D8, 0xE6D8, 0xE6D8, 0xE6B7, 0xEEF8, 0xE6D8, 0xE6B7, 0xEEF8, 0xE6D8, 0xE6D8, 0xE6D8, 0xE6D8, 0xEEF8, 0xEF19, 0xEED9, 0xE6B8,
    0xE697, 0xE655, 0xDE96, 0xE6D8, 0xE6D8, 0xE6D8, 0xE6B7, 0xE6B7, 0xE6B7, 0xE6B7, 0xE697, 0xE697, 0xE697, 0xDE78, 0xDE96, 0xD5F5,
    0xCD93, 0xCD93, 0xCD73, 0xD5D4, 0xDE78, 0xACF1, 0x6B0A, 0x62EA, 0x6B2B, 0x7BAD, 0x734C, 0x62EA, 0x5268, 0x62EA, 0xAD12, 0xBD73,
    0xCE15, 0xACF1, 0x836A, 0x7B2A, 0x736C, 0x734C, 0x736C, 0x7BAD, 0x5A88, 0x5268, 0x5268, 0x4A27, 0x3985, 0x2944, 0x4A27, 0x836A,
    0x9C0D, 0xBD94, 0xE6DA, 0xEF3B, 0xEF5C, 0xEF3B, 0xE6F9, 0xE6B8, 0xEE78, 0xF6B9, 0xF6B9, 0xEE36, 0xEDD5, 0xEE15, 0xEE15, 0xEDD5,
    0xF73A, 0xE6D8, 0xEEF8, 0xEEF8, 0xEEF8, 0xE6D8, 0xDE34, 0xDDF3, 0xDE76, 0xEF1A, 0xEF3B, 0xEF3B, 0xEF3B, 0xEF5C, 0xF77C, 0xEF5C,
    0xEF1A, 0xCE36, 0x9C0D, 0x8329, 0x8B6A, 0x9BEC, 0xA40C, 0xAC2C, 0xAC4D, 0xAC4D, 0xB44D, 0xAC6D, 0xAC4D, 0xAC4D, 0xAC6D, 0xA46E,
    0xD615, 0xD657, 0xDE36, 0xD615, 0xD615, 0xACF1, 0x736C, 0x736C, 0x62EA, 0x5AA9, 0x5247, 0x4A27, 0x5A47, 0x5943, 0x6082, 0x88A2,
    0xA0C2, 0xA0C2, 0xCAC9, 0xA1E5, 0x48A1, 0x3861, 0x5061, 0x88A2, 0xA0C2, 0xA1E5, 0xA247, 0xA247, 0x7143, 0x6082, 0x5061, 0x5061,
    0x5061, 0x5061, 0x5061, 0x5061, 0x7881, 0xA0C2, 0xB102, 0xB964, 0xC9E5, 0xDAC4, 0xEB64, 0xEBC5, 0xEBC5, 0xEC28, 0xF46A, 0xF4CB,
    0xE5CE, 0xE5CE, 0xEEF5, 0xF77A, 0xF77A, 0xF736, 0xEF15, 0xF54E, 0xDAC4, 0xB964, 0x88A2, 0x7881, 0x6082, 0x6082, 0x7881, 0x6082,
    0x7881, 0xCAC9, 0xDBCD, 0xD32B, 0xC9E5, 0x88A2, 0x48A1, 0x6A66, 0x9C4F, 0x8BEE, 0x5247, 0x4A27, 0x5268, 0x5A88, 0x5AA9, 0x62C9,
    0x62C9, 0x62EA, 0x6B0A, 0x6B4B, 0xA490, 0xCE15, 0xC5D5, 0xCDF3, 0xCDF3, 0xD5F5, 0xBE12, 0x9D6D, 0x952D, 0xA58E, 0xB5B1, 0xCDF3,
    0xD655, 0xDE76, 0xDE76, 0xDE76, 0xBE12, 0x9D6D, 0x8D0C, 0x9D6D, 0xBE12, 0xDE76, 0xD655, 0xA58E, 0x7CEB, 0x7CEB, 0x952D, 0xCDF3,
    0xD655, 0xB5B1, 0x7CEB, 0x7C8A, 0x7C8A, 0xB5B1, 0xB5B1, 0x954D, 0x9D6D, 0x954D, 0xA58E, 0xD655, 0xE6B7, 0xE6B7, 0xE6B7, 0xE6B7,
    0xEEF8, 0xE6B7, 0xEEF8, 0xE6B7, 0xE6D8, 0xE6D8, 0xE6D8, 0xE6D8, 0xE6B7, 0xE6D8, 0xE6B7, 0xE6D8, 0xE6D8, 0xEED9, 0xE6B7, 0xD615,
    0xDC90, 0xCBCC, 0xCBCC, 0xCDB4, 0xE6B7, 0xE6B7, 0xE6B7, 0xE6B7, 0xE6B7, 0xE6B7, 0xE6B7, 0xE697, 0xE6B7, 0xDE36, 0xC530, 0xBB4A,
    0xB287, 0xABAB, 0xCDB4, 0xD657, 0xCE15, 0x7BAD, 0x62EA, 0x6B4B, 0x7BAD, 0x734C, 0x6B2B, 0x5AA9, 0x5A88, 0xA490, 0xB533, 0xACD0,
    0xA490, 0x7BAD, 0x62EA, 0x62C9, 0x6B4B, 0x6B4B, 0x62C9, 0x5268, 0x39C5, 0x41E6, 0x4A27, 0x41E6, 0x2944, 0x5247, 0x93AA, 0x9BEC,
    0x8BAB, 0x9BEC, 0xBD94, 0xDEB9, 0xEF1A, 0xEF3B, 0xEF5C, 0xEF3B, 0xEED9, 0xEE78, 0xEE78, 0xF6B9, 0xF6B9, 0xF6B9, 0xEE78, 0xEE78,
    0xEF1A, 0xE697, 0xE6B7, 0xE6D8, 0xEEF8, 0xE6B7, 0xDE34, 0xDE96, 0xEF1A, 0xEF3B, 0xEF3B, 0xEF3B, 0xEF5C, 0xF77C, 0xEF3B, 0xE6F9,
    0xC5D5, 0x93CC, 0x8329, 0x8B49, 0x9BCB, 0xA40C, 0xA40C, 0xAC2C, 0xAC4D, 0xAC4D, 0xAC4D, 0xAC2C, 0xAC4D, 0xB46D, 0xB46D, 0xAC2C,
    0xC5D5, 0xD657, 0xDE36, 0xD615, 0xD615, 0xD615, 0xA490, 0x734C, 0x736C, 0x6B0A, 0x62C9, 0x5268, 0x5A47, 0x4A27, 0x5943, 0x7881,
    0x88A2, 0xA0C2, 0xDC90, 0xCAC9, 0x7143, 0x3861, 0x3861, 0x6082, 0x88A2, 0xB287, 0xDC90, 0xDC0E, 0xB964, 0xA0C2, 0x88A2, 0x88A2,
    0x88A2, 0x7881, 0x7881, 0x7881, 0x9164, 0xA0C2, 0xA0C2, 0xA0C2, 0xB102, 0xB964, 0xB964, 0xC9E5, 0xDAC4, 0xEB64, 0xEB64, 0xEBC5,
    0xEC28, 0xF46A, 0xE5CE, 0xE611, 0xEE94, 0xF736, 0xEE94, 0xEBC5, 0xC9E5, 0xA0C2, 0x7881, 0x6082, 0x5061, 0x5061, 0x7881, 0x6082,
    0x7881, 0xCA68, 0xCA68, 0xC9E5, 0xB964, 0x7881, 0x51E5, 0x8C2E, 0x7BAD, 0x4A27, 0x4A06, 0x5268, 0x5A88, 0x5A88, 0x5AA9, 0x62C9,
    0x62EA, 0x62EA, 0x7309, 0x8BEE, 0xC5B4, 0xD5F5, 0xCDF3, 0xD5F5, 0xD615, 0xD655, 0xD615, 0xCDF3, 0xCDF3, 0xD655, 0xD655, 0xDE76,
    0xDE76, 0xDE76, 0xC653, 0xA5AE, 0x952D, 0x954D, 0xB5B1, 0xD655, 0xDE76, 0xD655, 0xA58E, 0x7CEB, 0x7CEB, 0x952D, 0xCDF3, 0xD655,
    0xCDF3, 0x952D, 0x7C8A, 0x7C8A, 0xA58E, 0xD655, 0xB5B1, 0x952D, 0x954D, 0x954D, 0xADCF, 0xDE76, 0xE6B7, 0xE6B7, 0xE6B7, 0xE6D8,
    0xE6D8, 0xE6D8, 0xE6B7, 0xE6D8, 0xE6D8, 0xEEF8, 0xE6B7, 0xE6D8, 0xE6B7, 0xEEF8, 0xE6B7, 0xE6D8, 0xE6D8, 0xE6B7, 0xE697, 0xDD12,
    0xB287, 0xB287, 0xBA06, 0xBB4A, 0xDE96, 0xE6B7, 0xE6B7, 0xE6B7, 0xE6B7, 0xE6B7, 0xE697, 0xE6B7, 0xE697, 0xDCD1, 0xB287, 0xBA06,
    0xA1E5, 0xA247, 0xCD73, 0xDE78, 0xACF1, 0x6B2B, 0x734C, 0x83CD, 0x736C, 0x6B2B, 0x6B0A, 0x4A27, 0x6B2B, 0x8C2E, 0x7BAD, 0x6B4B,
    0x6B0A, 0x6B4B, 0x62C9, 0x6B0A, 0x736C, 0x5AA9, 0x41E6, 0x39C5, 0x3985, 0x3985, 0x39C5, 0x3985, 0x62A8, 0x93CC, 0xAC2C, 0xAC2C,
    0x9BCB, 0x93AA, 0x93CC, 0xC532, 0xDE78, 0xE6FA, 0xEF3B, 0xEF5C, 0xEF5C, 0xEF1A, 0xF6B9, 0xEE57, 0xEE36, 0xEE57, 0xEE57, 0xEE15,
    0xF77D, 0xEF3B, 0xEF1A, 0xEED9, 0xEEF8, 0xE697, 0xDE76, 0xEF1A, 0xEF3B, 0xEF3B, 0xEF5C, 0xF77C, 0xEF5C, 0xEF1A, 0xDEB9, 0xB533,
    0x8B8B, 0x8329, 0x8B49, 0x93AA, 0xA3EB, 0xA40C, 0xAC2C, 0xAC2C, 0xAC2C, 0xAC2C, 0xAC2C, 0xAC6D, 0xAC6D, 0xB46D, 0xB46D, 0xAC2C,
    0xC5B4, 0xD657, 0xDE36, 0xDE36, 0xD615, 0xDE36, 0xBD94, 0x8BEE, 0x6B0A, 0x736C, 0x734C, 0x62EA, 0x5AA9, 0x5A47, 0x51E5, 0x48A1,
    0x7881, 0xA0C2, 0xCAC9, 0xDB8C, 0x9164, 0x3861, 0x18C2, 0x3861, 0x6082, 0x7143, 0x9164, 0xA0C2, 0xA0C2, 0xA0C2, 0xA0C2, 0xA0C2,
    0xA0C2, 0xB102, 0xB102, 0xB102, 0x88A2, 0x88A2, 0x88A2, 0xA0C2, 0xA0C2, 0xA0C2, 0xB102, 0xB102, 0xB964, 0xC9E5, 0xC9E5, 0xDAC4,
    0xEB64, 0xEBC5, 0xEBC5, 0xF4CB, 0xF4CB, 0xE5CE, 0xDC29, 0xBA06, 0xA0C2, 0x88A2, 0x6082, 0x5061, 0x5061, 0x5061, 0x6082, 0x6082,
    0x7881, 0xB964, 0xD32B, 0xDBCD, 0xCA68, 0x8A06, 0x8C2E, 0x6B2B, 0x4A06, 0x4A06, 0x5247, 0x5268, 0x5A88, 0x5AA9, 0x62C9, 0x62EA,
    0x6AE9, 0x6B0A, 0x7BAD, 0xBD73, 0xCE15, 0xC5D5, 0xCDF3, 0xD5F5, 0xD615, 0xDE76, 0xE697, 0xDE76, 0xD655, 0xDE76, 0xDE76, 0xDE76,
    0xD655, 0xB5B1, 0x952D, 0x952D, 0xA5AE, 0xCDF3, 0xDE76, 0xDE96, 0xD655, 0xA5AE, 0x7CEB, 0x7CEB, 0x952D, 0xCDF3, 0xD655, 0xC653,
    0x9D6D, 0x7CEB, 0x7C8A, 0x952D, 0xCDF3, 0xD655, 0xA58E, 0x8D0C, 0x954D, 0x954D, 0xBE12, 0xDE96, 0xE6B7, 0xE6B7, 0xE6B7, 0xE6B7,
    0xE6B7, 0xE6D8, 0xE6B7, 0xE6B7, 0xE6B7, 0xE6B7, 0xE6D8, 0xE6B7, 0xE6B7, 0xE6B7, 0xE6B7, 0xE6D8, 0xE6B7, 0xE6B7, 0xE697, 0xD615,
    0xBC4C, 0xBB4A, 0xBB4A, 0xBC4C, 0xCD72, 0xDE96, 0xE6B7, 0xE697, 0xE697, 0xE697, 0xE6B7, 0xE6B8, 0xD5D4, 0xDB8C, 0xCAC9, 0xA247,
    0x9164, 0xABAB, 0xDE36, 0xCE15, 0x7BAD, 0x734C, 0x7BAD, 0x736C, 0x6B0A, 0x6B0A, 0x6B0A, 0x62C9, 0x6B0A, 0x6B0A, 0x6B2B, 0x734C,
    0x6B4B, 0x6B0A, 0x734C, 0x8C2E, 0x62C9, 0x39C5, 0x3985, 0x39C5, 0x41E6, 0x3985, 0x41E6, 0x7309, 0x9BEC, 0xAC2C, 0xAC2C, 0xAC2C,
    0xAC2C, 0x9BCB, 0x93AA, 0x93CB, 0xA490, 0xDE36, 0xE6F9, 0xEF1A, 0xEF3B, 0xEF5C, 0xEF5C, 0xEF1A, 0xE6B8, 0xEE78, 0xEE78, 0xEE57,
    0xF77D, 0xF77C, 0xEF5C, 0xEF5C, 0xEF3B, 0xEF3B, 0xEF3B, 0xEF5C, 0xEF5C, 0xEF5C, 0xEF3B, 0xEF3B, 0xE6F9, 0xCE15, 0x9C4F, 0x8329,
    0x8329, 0x8B49, 0x938A, 0x9BAB, 0xA3EB, 0xAC2C, 0xAC2C, 0xA40C, 0xAC2C, 0xAC4D, 0xAC6D, 0xAC6D, 0xAC6D, 0xB46D, 0xB46D, 0xAC2C,
    0xB533, 0xDE96, 0xDE36, 0xD615, 0xD615, 0xDE36, 0xC5B4, 0xACD0, 0x736C, 0x62C9, 0x7BAD, 0x736C, 0x62EA, 0x5AA9, 0x5A47, 0x51E5,
    0x48A1, 0x7881, 0xB102, 0xDB8C, 0xBA06, 0x5943, 0x9AA8, 0x8A06, 0x48A1, 0x48A1, 0x5061, 0x6082, 0x6082, 0x7881, 0x7143, 0x9164,
    0x7881, 0x7881, 0x7881, 0x6082, 0x6082, 0x7881, 0x88A2, 0x88A2, 0xA0C2, 0xA0C2, 0xA0C2, 0xB102, 0xA0C2, 0xB102, 0xB964, 0xB964,
    0xC9E5, 0xDAC4, 0xDAC4, 0xEB64, 0xEC28, 0xF46A, 0xDAC4, 0xB102, 0x88A2, 0x7881, 0x6082, 0x5061, 0x5061, 0x5061, 0x5061, 0x5061,
    0x5061, 0xA0C2, 0xCAC9, 0xD32B, 0xCBCC, 0x9C4F, 0x62C9, 0x41E6, 0x4A06, 0x4A27, 0x5268, 0x5268, 0x5A88, 0x62C9, 0x62EA, 0x62EA,
    0x62EA, 0x734C, 0xACF1, 0xCE15, 0xCDF3, 0xCDF3, 0xD5F5, 0xD615, 0xD655, 0xD655, 0xDE76, 0xDE76, 0xDE76, 0xE655, 0xDE76, 0xDE96,
    0xD655, 0xB5B1, 0xA5AE, 0xCDF3, 0xDE76, 0xDE96, 0xDE96, 0xDE76, 0xA5AE, 0x7CEB, 0x7CEB, 0x952D, 0xCDF3, 0xDE76, 0xD655, 0xA5AE,
    0x7CEB, 0x7CEB, 0x84CB, 0xC5B4, 0xDE76, 0xD655, 0x954D, 0x952D, 0x954D, 0x954D, 0xCDF3, 0xE697, 0xE6B7, 0xE6B7, 0xE6B7, 0xE6B7,
    0xE6B7, 0xE6B7, 0xE6B7, 0xE6D8, 0xE6B7, 0xE6B7, 0xE6D8, 0xE6B7, 0xE6B7, 0xE6B7, 0xE6D8, 0xE6B7, 0xE6B7, 0xE6B7, 0xE6B7, 0xDE96,
    0xDE36, 0xD5D4, 0xCD72, 0xBC69, 0xB3C8, 0xDDF3, 0xE6B7, 0xE6B7, 0xE6B7, 0xE6B7, 0xE6D8, 0xE697, 0xCD72, 0xCAC9, 0xAB09, 0xB287,
    0x9AA8, 0xCD73, 0xD657, 0xA490, 0x734C, 0x7BAD, 0x734C, 0x6B0A, 0x6B2B, 0x6B4B, 0x734C, 0x6B2B, 0x62EA, 0x62EA, 0x62C9, 0x62EA,
    0x62EA, 0x5A88, 0x62C9, 0x62C9, 0x4A06, 0x3985, 0x2944, 0x3985, 0x41E6, 0x62A8, 0x93CB, 0xAC2C, 0xA40C, 0xAC2C, 0xAC2C, 0xAC2C,
    0xAC2C, 0xAC2C, 0xA3EB, 0x9BAB, 0x93AA, 0x93CC, 0xB533, 0xDE78, 0xE6F9, 0xEF3B, 0xEF5C, 0xEF5C, 0xEF5C, 0xEF3B, 0xEF1A, 0xE6F9,
    0xF77D, 0xEF5C, 0xEF5C, 0xEF5C, 0xEF5C, 0xEF5C, 0xEF5C, 0xEF5C, 0xEF3B, 0xEF1A, 0xE6F9, 0xD657, 0xACF1, 0x836A, 0x7309, 0x8329,
    0x8B6A, 0x93AA, 0x9BAB, 0x9BEC, 0xA40C, 0xAC2C, 0x9BEC, 0x9BAB, 0xAC2C, 0xAC6D, 0xAC4D, 0xAC6D, 0xAC6D, 0xB46D, 0xB46D, 0xAC2C,
    0xACD0, 0xD657, 0xDE36, 0xD615, 0xD615, 0xD615, 0xD5D4, 0xAD12, 0x8C2E, 0x5268, 0x5A88, 0x736C, 0x734C, 0x6B0A, 0x62C9, 0x5A88,
    0x51E5, 0x48A1, 0x7881, 0xB287, 0xBA06, 0x8A06, 0xDC29, 0xAB66, 0x5943, 0x8A06, 0x8A06, 0x7143, 0x6082, 0x5943, 0xB3C8, 0xBC69,
    0x7143, 0x5061, 0x5061, 0x5061, 0x6082, 0x7881, 0x7881, 0x7881, 0x88A2, 0x88A2, 0xA0C2, 0xA0C2, 0xA0C2, 0xA0C2, 0xA0C2, 0xB102,
    0xB102, 0xB964, 0xB964, 0xC9E5, 0xDAC4, 0xDAC4, 0xB964, 0x88A2, 0x7881, 0x6082, 0x5061, 0x5061, 0x5061, 0x5061, 0x5061, 0x5061,
    0x5061, 0x6082, 0xA1E5, 0xCBCC, 0x9C4F, 0x5A88, 0x41E6, 0x4A06, 0x4A27, 0x5247, 0x5247, 0x5268, 0x62C9, 0x62C9, 0x62C9, 0x6AE9,
    0x6B4B, 0xA490, 0xCE15, 0xD5F5, 0xD5D4, 0xD5F5, 0xD615, 0xD615, 0xD655, 0xD655, 0xD655, 0xE655, 0xDE76, 0xDE76, 0xDE96, 0xDE76,
    0xDE96, 0xDE76, 0xDE76, 0xDE96, 0xDE96, 0xDE96, 0xDE76, 0xA5AE, 0x7CEB, 0x7CEB, 0x8D0C, 0xCDF3, 0xDE76, 0xDE76, 0xB5B1, 0x8CEC,
    0x7CEB, 0x7CEB, 0xA5AE, 0xD655, 0xDE96, 0xCDF3, 0x952D, 0x8D0C, 0x8D0C, 0x9D6D, 0xC653, 0xE697, 0xE697, 0xE6B7, 0xE6B7, 0xE6B7,
    0xDE96, 0xDE76, 0xE655, 0xD655, 0xD655, 0xE655, 0xDE96, 0xE6B7, 0xE6B7, 0xE6B7, 0xE6B7, 0xE6B7, 0xE6B7, 0xE6B7, 0xE6B7, 0xE697,
    0xE697, 0xDE96, 0xD615, 0xCD72, 0xCD72, 0xDE96, 0xE697, 0xE6B7, 0xE6B7, 0xEED9, 0xE6B7, 0xDE96, 0xD5F5, 0xBCEF, 0xBC4C, 0xBCAE,
    0xCD93, 0xD657, 0xBD73, 0x83CD, 0x736C, 0x6B2B, 0x6B0A, 0x6B0A, 0x6B2B, 0x734C, 0x62C9, 0x5AA9, 0x5AA9, 0x62C9, 0x5247, 0x5268,
    0x5268, 0x39C5, 0x3985, 0x39C5, 0x39C5, 0x3985, 0x39C5, 0x5A47, 0x8B49, 0x9BEC, 0xAC2C, 0xA40C, 0xA40C, 0xA40C, 0xAC2C, 0xAC2C,
    0xAC2C, 0xAC4D, 0xAC2C, 0x9BCB, 0x8B6A, 0x8329, 0x8B6A, 0x9C4F, 0xBD94, 0xDE78, 0xE6FA, 0xEF1A, 0xEF3B, 0xEF5C, 0xF77C, 0xF77C,
    0xF77D, 0xF77D, 0xEF5C, 0xEF5C, 0xEF5C, 0xEF3B, 0xEF3B, 0xEF1A, 0xE6DA, 0xCE15, 0xACF1, 0x8BAB, 0x7309, 0x7AE8, 0x8329, 0x8B49,
    0x93AA, 0x9BCB, 0x9BCB, 0x9BCB, 0xA40C, 0xAC2C, 0x93CC, 0xAC2C, 0xAC6D, 0xAC6D, 0xAC4D, 0xAC6D, 0xAC6D, 0xAC4D, 0xAC2C, 0xA40C,
    0x9C4F, 0xDE36, 0xDE36, 0xD615, 0xD615, 0xD615, 0xD5F5, 0xB533, 0xA490, 0x62EA, 0x4A06, 0x4A06, 0x6B4B, 0x736C, 0x6B2B, 0x62EA,
    0x5A88, 0x51E5, 0x5943, 0x9AA8, 0xBB4A, 0x7143, 0x8A65, 0x79C4, 0x7143, 0xCA68, 0xBA06, 0xB287, 0xBA06, 0x8A06, 0xB3C8, 0xB406,
    0x7143, 0x5061, 0x5061, 0x5061, 0x6082, 0x6082, 0x7881, 0x7881, 0x88A2, 0xA1E5, 0xA1E5, 0x88A2, 0x88A2, 0xA0C2, 0xA0C2, 0xA0C2,
    0xA0C2, 0xB102, 0xB102, 0xB102, 0xC9E5, 0xD32B, 0x9164, 0x7881, 0x7881, 0x6082, 0x5061, 0x5061, 0x5061, 0x5061, 0x7143, 0x9164,
    0x5061, 0x5943, 0x9BEC, 0x83CD, 0x4A27, 0x39C5, 0x4A06, 0x4A06, 0x4A27, 0x5247, 0x5268, 0x5AA9, 0x62C9, 0x62C9, 0x62C9, 0x6B0A,
    0x9C4F, 0xC5D5, 0xCE15, 0xD5D4, 0xD5F5, 0xD615, 0xD615, 0xD655, 0xD655, 0xE655, 0xE655, 0xDE76, 0xDE76, 0xDE96, 0xE655, 0xDE96,
    0xDE96, 0xDE96, 0xDE96, 0xE697, 0xDE96, 0xD655, 0xB5B1, 0x8CEC, 0x7CEB, 0x8D0C, 0xBE12, 0xDE76, 0xDE96, 0xBE12, 0x8D0C, 0x7CEB,
    0x7CEB, 0x952D, 0xC653, 0xDE96, 0xDE96, 0xCDF3, 0x952D, 0x8D0C, 0x8D0C, 0xA58E, 0xD655, 0xE697, 0xE697, 0xDE96, 0xD5F5, 0xC510,
    0xB48E, 0xAC4D, 0xAC2C, 0xA40C, 0xAC2C, 0xB44D, 0xBCAE, 0xBCEF, 0xCD51, 0xCDB4, 0xD655, 0xE697, 0xE6B7, 0xE6B7, 0xE6B7, 0xE6B7,
    0xE697, 0xE697, 0xDE96, 0xDE96, 0xE697, 0xE6B7, 0xE697, 0xE6B7, 0xEEF8, 0xE6D8, 0xE697, 0xDE96, 0xD655, 0xCE36, 0xD5F5, 0xDE36,
    0xDE78, 0xC5D5, 0x8C2E, 0x736C, 0x6B0A, 0x62EA, 0x6B0A, 0x6B0A, 0x62EA, 0x62C9, 0x39C5, 0x4A06, 0x41E6, 0x39C5, 0x3985, 0x4A06,
    0x3985, 0x2944, 0x2944, 0x3985, 0x39C5, 0x5A47, 0x8329, 0x9BCB, 0xA3EB, 0xA3EB, 0xA40C, 0xA3EB, 0xA40C, 0xAC2C, 0xAC2C, 0xAC2C,
    0xAC2C, 0xB44D, 0xAC2C, 0x93AA, 0x8B6A, 0x938A, 0x938A, 0x8B6A, 0x836A, 0x9C0D, 0xBD73, 0xD657, 0xE6F9, 0xEF1A, 0xEF3B, 0xEF3B,
    0xF77D, 0xEF5C, 0xEF3B, 0xEF3B, 0xEF1A, 0xE6F9, 0xDE78, 0xBD94, 0x9C4F, 0x838B, 0x8329, 0x8329, 0x8329, 0x8B49, 0x8B6A, 0x938A,
    0x9BCB, 0xA40C, 0x9BEC, 0x9BEC, 0xAC2C, 0xAC4D, 0xA40C, 0xAC4D, 0xAC6D, 0xAC4D, 0xAC4D, 0xAC4D, 0xAC2C, 0xA40C, 0xAC2C, 0xAC6D,
    0x9C0D, 0xC5D5, 0xD657, 0xD615, 0xD615, 0xD615, 0xD615, 0xBD73, 0xA490, 0x734C, 0x5268, 0x4A27, 0x4A27, 0x5AA9, 0x736C, 0x736C,
    0x6B0A, 0x5AA9, 0x5A47, 0x72A7, 0x9B29, 0x7143, 0xA247, 0xA1E5, 0x7143, 0x9164, 0x7143, 0x9164, 0xB287, 0xA247, 0xCCCA, 0xBC69,
    0x79C4, 0x79C4, 0x79C4, 0x6082, 0x5061, 0x6082, 0x6082, 0x7881, 0x88A2, 0xA1E5, 0x9164, 0x88A2, 0x88A2, 0x88A2, 0x88A2, 0x88A2,
    0xA0C2, 0xA0C2, 0xA0C2, 0xA0C2, 0xA0C2, 0xA1E5, 0x7881, 0x7881, 0x6082, 0x5061, 0x5061, 0x5061, 0x5061, 0x6082, 0xB964, 0xA1E5,
    0x6A66, 0x8BEE, 0x734C, 0x41E6, 0x39C5, 0x41E6, 0x4A06, 0x4A06, 0x4A27, 0x5268, 0x5A88, 0x62C9, 0x62C9, 0x62C9, 0x62EA, 0x8C2E,
    0xC5B4, 0xD615, 0xCDF3, 0xD615, 0xD655, 0xD615, 0xD655, 0xD655, 0xE655, 0xD655, 0xDE76, 0xDE76, 0xE655, 0xDE96, 0xDE96, 0xDE96,
    0xDE96, 0xE697, 0xDE96, 0xDE96, 0xDE76, 0xB5B1, 0x8D0C, 0x7CEB, 0x8D0C, 0xB5B1, 0xDE76, 0xDE96, 0xCDF3, 0x954D, 0x7CEB, 0x7CEB,
    0x8CEC, 0xBE12, 0xDE76, 0xE697, 0xDE96, 0xBE12, 0x952D, 0x8D0C, 0x8D0C, 0xA5AE, 0xDE76, 0xDE96, 0xCDB4, 0xBCCF, 0xB48E, 0xC510,
    0xC510, 0xBCEF, 0xBC8D, 0xABEB, 0xABAB, 0xABEB, 0xABEB, 0xABAB, 0x9BAB, 0xA3EB, 0xAC6D, 0xCD51, 0xD615, 0xE697, 0xE6B7, 0xE6B7,
    0xE697, 0xE6B7, 0xE6B7, 0xE6B7, 0xE6B7, 0xE6B7, 0xE6B7, 0xEEF8, 0xE6D8, 0xE6B7, 0xE697, 0xDE96, 0xDE76, 0xD655, 0xDE78, 0xDE78,
    0xCE15, 0x9470, 0x734C, 0x6B2B, 0x6B0A, 0x6B2B, 0x734C, 0x6B0A, 0x5268, 0x4A06, 0x39C5, 0x41E6, 0x3985, 0x3985, 0x39C5, 0x5268,
    0x39C5, 0x2944, 0x41E6, 0x62A8, 0x8329, 0x93AA, 0x9BCB, 0x9BCB, 0x9BAB, 0xA3EB, 0xA3EB, 0xA3EB, 0xA40C, 0xAC2C, 0xAC2C, 0xAC2C,
    0xAC4D, 0xAC2C, 0x9BAB, 0x9BCB, 0xAC2C, 0x9BCB, 0x938A, 0x8B6A, 0x8B6A, 0x8B6A, 0x8B6A, 0x93CC, 0xACD0, 0xC5B4, 0xDE78, 0xE6F9,
    0xF77D, 0xEF1A, 0xE6F9, 0xD657, 0xC5B4, 0xA490, 0x8BAB, 0x8329, 0x7AE8, 0x8329, 0x8329, 0x8B49, 0x8B49, 0x93AA, 0x9BCB, 0xA3EB,
    0xAC2C, 0xAC2C, 0x9BCB, 0x9BAB, 0xAC4D, 0xAC6D, 0xAC4D, 0xAC6D, 0xAC4D, 0xAC2C, 0xA40C, 0xAC2C, 0xAC2C, 0xAC4D, 0xB44D, 0xAC4D,
    0x9C0D, 0xBD73, 0xD657, 0xD615, 0xD615, 0xD615, 0xD615, 0xC5B4, 0xACF1, 0x8BEE, 0x5268, 0x5AA9, 0x6B0A, 0x41E6, 0x4A27, 0x6B0A,
    0x7BAD, 0x6B4B, 0x62EA, 0x62A8, 0x79C4, 0x6082, 0xA1E5, 0xA1E5, 0x7143, 0x3861, 0x5943, 0xAB09, 0xC3A7, 0xA247, 0xAB66, 0xAB66,
    0x8A65, 0xC3A7, 0xC3A7, 0x8A06, 0x5061, 0x5061, 0x6082, 0x6082, 0x7881, 0x88A2, 0x7881, 0x7881, 0x7881, 0x7881, 0x88A2, 0x88A2,
    0x88A2, 0x88A2, 0x88A2, 0xA0C2, 0x88A2, 0x7881, 0x7881, 0x7881, 0x6082, 0x5061, 0x5061, 0x5061, 0x6082, 0x6082, 0xBA06, 0xA36A,
    0x8C2E, 0x62C9, 0x39C5, 0x41E6, 0x41E6, 0x4A06, 0x4A27, 0x4A27, 0x5247, 0x5A88, 0x5A88, 0x5AA9, 0x5AA9, 0x62C9, 0x8BEE, 0xC5B4,
    0xCE15, 0xCDF3, 0xD615, 0xD655, 0xD615, 0xD655, 0xDE34, 0xD655, 0xD655, 0xE655, 0xDE76, 0xE655, 0xDE96, 0xE697, 0xE697, 0xDE96,
    0xDE96, 0xDE96, 0xE697, 0xDE96, 0xB5EF, 0x8D0C, 0x7CEB, 0x8CEC, 0xB5B1, 0xDE76, 0xDE96, 0xD655, 0xA58E, 0x8D0C, 0x7CEB, 0x8CEC,
    0xB5B1, 0xD655, 0xDE96, 0xDE96, 0xDE96, 0xBE12, 0x952D, 0x8D0C, 0x8D0C, 0xADCF, 0xD655, 0xCD72, 0xB44D, 0xB42C, 0xBCAE, 0xDE96,
    0xEF19, 0xE6D8, 0xDE96, 0xCD72, 0xB42C, 0xBC8D, 0xC530, 0xCD93, 0xDDF3, 0xD615, 0xD5F5, 0xC510, 0xAC4D, 0xCD93, 0xE697, 0xE6B7,
    0xE6B7, 0xE6B7, 0xE6B7, 0xE6B7, 0xE6B7, 0xE6B7, 0xE6D8, 0xE6D8, 0xE6B7, 0xE697, 0xDE96, 0xDE76, 0xD657, 0xDE78, 0xDE78, 0xC5D5,
    0x9470, 0x734C, 0x6B2B, 0x6B2B, 0x5A88, 0x39C5, 0x41E6, 0x39C5, 0x39C5, 0x41E6, 0x41E6, 0x41E6, 0x3985, 0x3985, 0x39C5, 0x5268,
    0x5A47, 0x62A8, 0x8B49, 0x9BAB, 0x9BAB, 0x9BAB, 0x9BAB, 0x9BAB, 0x9BCB, 0x9BCB, 0x9BCB, 0xA40C, 0xAC2C, 0xAC2C, 0xA40C, 0xAC2C,
    0xAC2C, 0x9BCB, 0xA3EB, 0xAC2C, 0xAC2C, 0xA40C, 0x9BCB, 0x93AA, 0x938A, 0x938A, 0x8B6A, 0x8B6A, 0x8B6A, 0x8B8B, 0x9C0D, 0xACD0,
    0xDEB9, 0xAD12, 0x9C0D, 0x836A, 0x7309, 0x7AE8, 0x7AE8, 0x8329, 0x8329, 0x8B49, 0x8B49, 0x938A, 0x9BCB, 0xA3EB, 0xA40C, 0xA40C,
    0xAC2C, 0xAC2C, 0xAC2C, 0xAC2C, 0xAC4D, 0xAC2C, 0xA40C, 0x9BEC, 0x9BEC, 0xAC2C, 0xAC2C, 0xAC2C, 0x93AA, 0x93AA, 0xA40C, 0xAC2C,
    0x9BEC, 0xA490, 0xD657, 0xCE36, 0xD615, 0xD615, 0xD615, 0xD5F5, 0xB533, 0xA490, 0x62C9, 0x5A88, 0x736C, 0x62EA, 0x41E6, 0x3985,
    0x62C9, 0x734C, 0x736C, 0x734C, 0x62C9, 0x79C4, 0x7143, 0x6082, 0x3861, 0x3861, 0x48A1, 0x8A06, 0xA1E5, 0x7143, 0x48A1, 0x5943,
    0x8A65, 0x8A65, 0x5943, 0x7143, 0x8A65, 0x7143, 0x5061, 0x6082, 0x7881, 0x7881, 0x7881, 0x7881, 0x7881, 0x7881, 0x7881, 0x7881,
    0x7881, 0x7881, 0x88A2, 0x88A2, 0x88A2, 0x7881, 0x6082, 0x6082, 0x6082, 0x5061, 0x5061, 0x7881, 0x88A2, 0x7143, 0x9BEC, 0x8BEE,
    0x5247, 0x3985, 0x41E6, 0x4A06, 0x4A06, 0x4A27, 0x4A27, 0x5247, 0x5A88, 0x5AA9, 0x5AA9, 0x5AA9, 0x62EA, 0x83CD, 0xC5B4, 0xCE36,
    0xD5F5, 0xCE36, 0xDE76, 0xD615, 0xD655, 0xD655, 0xD655, 0xE655, 0xE655, 0xE655, 0xDE76, 0xDE96, 0xE697, 0xE6B7, 0xE697, 0xE697,
    0xE697, 0xE697, 0xE697, 0xDE96, 0xD655, 0xB5B1, 0x952D, 0xB5B1, 0xD655, 0xE697, 0xE697, 0xD655, 0xB5B1, 0x8D0C, 0x7CEB, 0xA58E,
    0xD655, 0xDE96, 0xE697, 0xE697, 0xE697, 0xCE36, 0xB5B1, 0xA5AE, 0xA58E, 0xB5B1, 0xC530, 0xB46D, 0xBC8D, 0xBC4C, 0xB42C, 0xBCEF,
    0xDE96, 0xF73A, 0xF6FA, 0xE6D8, 0xDDF3, 0xE655, 0xEEF8, 0xF73A, 0xF73A, 0xE6B8, 0xCD72, 0xAC0B, 0x9B29, 0x938A, 0xC532, 0xE697,
    0xE6B7, 0xE6B7, 0xE6B7, 0xE6B7, 0xE6B7, 0xE6D8, 0xE6D8, 0xE6B7, 0xE697, 0xE697, 0xDE76, 0xD657, 0xDE78, 0xD657, 0xB533, 0x8C2E,
    0x734C, 0x734C, 0x62EA, 0x39C5, 0x2944, 0x2944, 0x3985, 0x3985, 0x41E6, 0x4A06, 0x41E6, 0x4A06, 0x5A88, 0x6B4B, 0x9C4F, 0xBD73,
    0x838B, 0x8329, 0x938A, 0x93AA, 0x93AA, 0x93AA, 0x9BAB, 0x9BAB, 0x9BCB, 0x9BAB, 0x9BEC, 0xA40C, 0xAC2C, 0xAC2C, 0xAC2C, 0xAC2C,
    0xA3EB, 0xA40C, 0xAC2C, 0xAC2C, 0xA40C, 0xA40C, 0xAC2C, 0xA40C, 0x9BCB, 0x93AA, 0x93AA, 0x93AA, 0x938A, 0x938A, 0x938A, 0x8B49,
    0xACD0, 0x72A7, 0x72A7, 0x7AE8, 0x8329, 0x8329, 0x8329, 0x8B49, 0x8B6A, 0x93AA, 0x9BAB, 0x9BCB, 0xA3EB, 0xAC2C, 0xA40C, 0xAC2C,
    0xAC2C, 0xAC2C, 0xAC2C, 0xAC2C, 0xA40C, 0x9BEC, 0xA3EB, 0xAC2C, 0xAC4D, 0xAC2C, 0x9BEC, 0x836A, 0x8329, 0x93AA, 0x9BEC, 0xAC4D,
    0xAC4D, 0x9C0D, 0xCE15, 0xDE36, 0xD615, 0xD615, 0xD615, 0xD615, 0xBD94, 0xACF1, 0x736C, 0x5A88, 0x736C, 0x6B4B, 0x62EA, 0x5268,
    0x2944, 0x41E6, 0x6B2B, 0x736C, 0x6B2B, 0x62EA, 0x6A66, 0x3985, 0x3861, 0x3861, 0x3861, 0x3861, 0x3861, 0x48A1, 0x8A65, 0x8A65,
    0xCCCA, 0xB406, 0x5943, 0x8AE7, 0xCD2C, 0x8A65, 0x5061, 0x6082, 0x5061, 0x6082, 0x7881, 0x7881, 0x7881, 0x7881, 0x7881, 0x7881,
    0x7881, 0x7881, 0x7881, 0x88A2, 0x7881, 0x7881, 0x6082, 0x6082, 0x5061, 0x6082, 0x7881, 0x9164, 0xB287, 0x9C0D, 0x734C, 0x41E6,
    0x3985, 0x39C5, 0x4A06, 0x4A06, 0x5247, 0x5247, 0x4A27, 0x5268, 0x5A88, 0x5AA9, 0x5AA9, 0x62C9, 0x83CD, 0xBD94, 0xCE36, 0xD5F5,
    0xD615, 0xDE76, 0xD655, 0xD615, 0xD655, 0xD655, 0xD655, 0xE655, 0xDE76, 0xDE76, 0xDE96, 0xE6B7, 0xE697, 0xDE96, 0xDE96, 0xE697,
    0xE697, 0xE697, 0xE697, 0xE697, 0xDE96, 0xDE96, 0xD655, 0xDE76, 0xDE96, 0xE697, 0xE697, 0xDE96, 0xDE76, 0xB5B1, 0xB5B1, 0xD655,
    0xE697, 0xE697, 0xE697, 0xE697, 0xE697, 0xDE96, 0xDE76, 0xD655, 0xD615, 0xCD51, 0xB44D, 0xBCCE, 0xBCCE, 0xB42C, 0xAC0B, 0xB42C,
    0xBCEF, 0xDE96, 0xF73A, 0xF6FA, 0xEF19, 0xF6FA, 0xEF19, 0xEE57, 0xCD51, 0xB42C, 0xABEB, 0xABAB, 0xABAB, 0xABAB, 0x9BCB, 0xD5D4,
    0xE6B7, 0xE6B7, 0xE6B7, 0xE6B7, 0xE6B7, 0xE6B7, 0xE6B7, 0xE697, 0xDE96, 0xDE76, 0xDE76, 0xDE78, 0xCE36, 0x9CB1, 0x7BAD, 0x734C,
    0x734C, 0x5A88, 0x2944, 0x2944, 0x6B4B, 0x8BEE, 0x5268, 0x62EA, 0x9C4F, 0xAD12, 0xAD12, 0xACF1, 0xB533, 0xBD73, 0xCE15, 0xBD73,
    0x7B2A, 0x8B49, 0x8B6A, 0x938A, 0x938A, 0x93AA, 0x9BAB, 0x9BAB, 0x93AA, 0x9BCB, 0xA3EB, 0xA40C, 0xA40C, 0xAC2C, 0xAC2C, 0xA3EB,
    0xA40C, 0xAC2C, 0xAC2C, 0xAC2C, 0xA40C, 0xAC2C, 0xAC2C, 0xAC2C, 0xAC2C, 0xA40C, 0xA3EB, 0x9BCB, 0x93AA, 0x9BAB, 0x93AA, 0x938A,
    0xACF1, 0x7AE8, 0x8329, 0x8329, 0x8B49, 0x8B49, 0x938A, 0x9BAB, 0x9BCB, 0x9BCB, 0xA3EB, 0xA3EB, 0xA40C, 0xA40C, 0xA40C, 0xAC2C,
    0xA40C, 0xA40C, 0xA3EB, 0x9BEC, 0xA3EB, 0xAC2C, 0xB44D, 0xB44D, 0xAC2C, 0x938A, 0x72A7, 0x7309, 0x8B49, 0x93CC, 0xAC4D, 0xBCAE,
    0xBC8D, 0x93CC, 0xB533, 0xD657, 0xD5F5, 0xD5F5, 0xD615, 0xD615, 0xD5D4, 0xB533, 0x9C4F, 0x5AA9, 0x6B4B, 0x734C, 0x6B0A, 0x83CD,
    0x62EA, 0x2944, 0x2944, 0x5A88, 0x6B2B, 0x6B4B, 0x6B4B, 0x62EA, 0x51E5, 0x48A1, 0x3861, 0x3861, 0x48A1, 0x8A06, 0xC3A7, 0x9AA8,
    0xAB66, 0xAB66, 0x5943, 0x8A06, 0x9AA8, 0x7143, 0x6082, 0x6082, 0x6082, 0x6082, 0x6082, 0x7881, 0x7881, 0x7881, 0x7881, 0x7881,
    0x7881, 0x7881, 0x7881, 0x7881, 0x7881, 0x6082, 0x6082, 0x6082, 0x7881, 0x88A2, 0xA1E5, 0xABAB, 0x8BEE, 0x5A88, 0x3985, 0x3985,
    0x39C5, 0x4A06, 0x4A06, 0x4A27, 0x4A27, 0x5247, 0x5247, 0x5A88, 0x5AA9, 0x5AA9, 0x62C9, 0x83CD, 0xBD94, 0xCE36, 0xCE36, 0xD655,
    0xDE36, 0xD615, 0xD615, 0xD655, 0xE655, 0xD655, 0xE655, 0xDE76, 0xDE76, 0xDE96, 0xE697, 0xE697, 0xE697, 0xDE96, 0xE697, 0xE697,
    0xE697, 0xE697, 0xE697, 0xE697, 0xE697, 0xE697, 0xE697, 0xE697, 0xE697, 0xE697, 0xE697, 0xE697, 0xDE96, 0xDE96, 0xDE96, 0xE697,
    0xEED9, 0xEED9, 0xE6D8, 0xE6F9, 0xE6D8, 0xE697, 0xE697, 0xDE96, 0xD615, 0xB46D, 0xB44D, 0xBC8D, 0xBC8D, 0xBC4C, 0xBC4C, 0xC530,
    0xDE34, 0xE6B8, 0xEF19, 0xF6FA, 0xF6FA, 0xEF19, 0xE6D8, 0xDE34, 0xBCCE, 0xAC0B, 0xBC4C, 0xAC0B, 0xABEB, 0xA36A, 0x9B29, 0xB48E,
    0xDE96, 0xE6B7, 0xE6B7, 0xE6B7, 0xE6B7, 0xE6B7, 0xE697, 0xE697, 0xDE76, 0xDE76, 0xD657, 0xC5B4, 0x9470, 0x736C, 0x734C, 0x6B0A,
    0x41E6, 0x18C2, 0x39C5, 0x8BEE, 0xACF1, 0x8C2E, 0x5A88, 0x736C, 0xA490, 0xB533, 0xBD73, 0xB533, 0xC532, 0xBD73, 0xCE15, 0xA490,
    0x7B2A, 0x8B49, 0x8B6A, 0x938A, 0x938A, 0x93AA, 0x93AA, 0x93AA, 0x9BAB, 0xA3EB, 0xA40C, 0xA40C, 0xA40C, 0xA3EB, 0x9BCB, 0xA3EB,
    0xAC2C, 0xAC2C, 0xAC2C, 0xA40C, 0xAC2C, 0xAC2C, 0xAC2C, 0xAC2C, 0xAC2C, 0xAC4D, 0xAC2C, 0xAC2C, 0xAC2C, 0xA40C, 0x9BCB, 0x9BCB,
    0xAD12, 0x8329, 0x8B6A, 0x938A, 0x9BAB, 0x9BAB, 0x9BCB, 0xA3EB, 0xA3EB, 0x9BCB, 0x9BAB, 0xA3EB, 0xA40C, 0x93CC, 0xA3EB, 0xA3EB,
    0x93CC, 0x9BEC, 0x9BEC, 0xAC2C, 0xAC6D, 0xAC6D, 0xB44D, 0xAC2C, 0xA40C, 0xA3EB, 0x8B8B, 0x8B49, 0x9BAB, 0xAC6D, 0xBCAE, 0xBCAE,
    0xBCAE, 0xA40C, 0x9C4F, 0xDE36, 0xDE36, 0xD5F5, 0xD615, 0xD615, 0xD5F5, 0xC5B4, 0xACF1, 0x736C, 0x62EA, 0x734C, 0x62EA, 0x83CD,
    0x9470, 0x6B0A, 0x2944, 0x20E3, 0x3985, 0x62C9, 0x736C, 0x7BAD, 0x6B0A, 0x5AA9, 0x51E5, 0x48A1, 0x5943, 0xB406, 0xB406, 0x8A65,
    0xAB66, 0xAB66, 0x9AA8, 0x8A65, 0xA247, 0x9164, 0xB102, 0xA0C2, 0xA0C2, 0xA0C2, 0xA0C2, 0xA0C2, 0xA0C2, 0xB102, 0xA1E5, 0xB287,
    0xAB09, 0xA1E5, 0x9164, 0x88A2, 0x88A2, 0x7881, 0x7881, 0x88A2, 0xB964, 0xAB09, 0x9C0D, 0x6B4B, 0x41E6, 0x3985, 0x39C5, 0x39C5,
    0x41E6, 0x4A27, 0x4A27, 0x4A27, 0x5247, 0x5268, 0x5A88, 0x5A88, 0x5AA9, 0x62C9, 0x83CD, 0xBD94, 0xCE36, 0xD5F5, 0xD5F5, 0xD615,
    0xD615, 0xD615, 0xD655, 0xD655, 0xD655, 0xE655, 0xDE76, 0xDE76, 0xDE96, 0xDE96, 0xDE96, 0xDE96, 0xDE96, 0xE697, 0xDE96, 0xE697,
    0xE697, 0xEE94, 0xE697, 0xE697, 0xE697, 0xDE96, 0xE697, 0xE697, 0xE6B7, 0xE6B7, 0xE6B7, 0xE6D8, 0xE6D8, 0xE6F9, 0xE6FA, 0xEF1A,
    0xEF19, 0xE6D8, 0xEEF8, 0xEED9, 0xE6B8, 0xE6B7, 0xE697, 0xDE96, 0xCD93, 0xAC0B, 0xB44D, 0xC4EF, 0xBCCE, 0xBC8D, 0xCDB4, 0xE6B8,
    0xE6F9, 0xF73A, 0xEF19, 0xDE96, 0xEF19, 0xF73A, 0xF6FA, 0xEF19, 0xE655, 0xBCAE, 0xB42C, 0xB42C, 0xABAB, 0x9B29, 0x9B29, 0x9BCB,
    0xD615, 0xE697, 0xE6B7, 0xE6B7, 0xE6B7, 0xE697, 0xE697, 0xDE96, 0xD657, 0xC5D5, 0xACF1, 0x7BAD, 0x736C, 0x6B4B, 0x5A88, 0x2944,
    0x10A1, 0x3985, 0x8C2E, 0xACF1, 0x9CB1, 0x7BAD, 0x5AA9, 0x8BEE, 0x9C4F, 0xA490, 0xACD0, 0xAD12, 0xB533, 0xBD94, 0xC5D5, 0x83CD,
    0x8329, 0x8B49, 0x8B6A, 0x8B6A, 0x8B6A, 0x93AA, 0x93AA, 0x9BAB, 0x9BCB, 0xA40C, 0xAC2C, 0xAC2C, 0xB42C, 0xA40C, 0x93AA, 0xA3EB,
    0xAC2C, 0xAC2C, 0xAC2C, 0xAC2C, 0xAC2C, 0xA40C, 0xAC2C, 0xAC2C, 0xAC4D, 0xAC4D, 0xAC2C, 0xAC4D, 0xB44D, 0xAC2C, 0xAC4D, 0xB44D,
    0xC532, 0x93AA, 0x9BAB, 0x9BCB, 0xA40C, 0xA40C, 0xA3EB, 0x9BCB, 0x9BCB, 0x93AA, 0x93AA, 0x9BCB, 0x9BAB, 0x9BCB, 0x9BEC, 0x9BEC,
    0x9BAB, 0xA40C, 0xAC4D, 0xAC6D, 0xAC6D, 0xB44D, 0xAC2C, 0xAC2C, 0xAC4D, 0xAC2C, 0xA40C, 0xAC2C, 0xBCAE, 0xBCAE, 0xBC8D, 0xBC8D,
    0xB46D, 0xAC4D, 0x93CC, 0xBD94, 0xD657, 0xD5F5, 0xD5F5, 0xD5F5, 0xD5F5, 0xD5D4, 0xBD73, 0xA490, 0x6B0A, 0x6B2B, 0x62EA, 0x7BAD,
    0x9470, 0x8C2E, 0x62EA, 0x20E3, 0x10A1, 0x18C2, 0x39C5, 0x62EA, 0x6B4B, 0x734C, 0x6B2B, 0x5A88, 0x51E5, 0x6A66, 0x5943, 0x79C4,
    0xCCCA, 0xC3A7, 0x79C4, 0x8A65, 0xC3A7, 0xA1E5, 0xBA06, 0xCAC9, 0xCAC9, 0xC9E5, 0xCA68, 0xCA68, 0xB102, 0xB102, 0xB964, 0xC9E5,
    0xD32B, 0xBA06, 0xBB4A, 0xCBCC, 0xCAC9, 0xB964, 0xB102, 0xBA06, 0xABAB, 0x7BAD, 0x5268, 0x3985, 0x3985, 0x39C5, 0x41E6, 0x41E6,
    0x4A06, 0x4A27, 0x4A27, 0x5247, 0x5268, 0x5A88, 0x5A88, 0x5A88, 0x62A8, 0x8BEE, 0xC5D5, 0xDE78, 0xD5F5, 0xCDF3, 0xCDF3, 0xD615,
    0xD615, 0xD655, 0xDE34, 0xE655, 0xD655, 0xE655, 0xDE76, 0xE655, 0xDE96, 0xDE96, 0xEE94, 0xE697, 0xDE96, 0xDE96, 0xE697, 0xDE96,
    0xE697, 0xE697, 0xE6B8, 0xE6B7, 0xE6D8, 0xEED9, 0xE6F9, 0xE6F9, 0xE6F9, 0xEED9, 0xE6D8, 0xE6D8, 0xEED9, 0xE6F9, 0xEEF8, 0xE6D8,
    0xE6B7, 0xE6B7, 0xE6B7, 0xE697, 0xE697, 0xE697, 0xE697, 0xDE96, 0xC532, 0xABEB, 0xBC8D, 0xC530, 0xC530, 0xCD93, 0xE6D8, 0xF73A,
    0xF73A, 0xEE57, 0xCD51, 0xBCAE, 0xDDF3, 0xF73A, 0xEF3B, 0xF73A, 0xF6FA, 0xDDF3, 0xBC4C, 0xB42C, 0xAC0B, 0xABAB, 0xA36A, 0x938A,
    0xCD93, 0xE697, 0xE697, 0xE697, 0xE697, 0xDE96, 0xDE76, 0xCE15, 0xAD12, 0x8BEE, 0x736C, 0x736C, 0x62EA, 0x41E6, 0x18C2, 0x0861,
    0x20E3, 0x6B0A, 0xACF1, 0xACF1, 0x9CB1, 0x62EA, 0x734C, 0x9C4F, 0x8C2E, 0x8C2E, 0x8C2E, 0xA490, 0xAD12, 0xC5D5, 0xACF1, 0x7B2A,
    0x8B49, 0x8B6A, 0x8B6A, 0x8B49, 0x938A, 0x93AA, 0x9BAB, 0x9BAB, 0xA3EB, 0xA40C, 0xB42C, 0xB42C, 0xABEB, 0x9BCB, 0x9BCB, 0xAC2C,
    0xB42C, 0xAC2C, 0xAC2C, 0xAC2C, 0xAC2C, 0xAC2C, 0xAC2C, 0xB44D, 0xB44D, 0xAC4D, 0xB44D, 0xB46D, 0xAC4D, 0xB44D, 0xB46D, 0xB46D,
    0xCD73, 0x9BAB, 0x9BAB, 0x9BCB, 0x9BCB, 0xA3EB, 0xA40C, 0x9BCB, 0x9BAB, 0x93AA, 0x9BCB, 0x9BEC, 0x9BAB, 0x93CC, 0xA40C, 0xA3EB,
    0xAC2C, 0xB44D, 0xB46D, 0xAC6D, 0xAC4D, 0xAC2C, 0xAC4D, 0xAC4D, 0xAC2C, 0xA40C, 0xAC6D, 0xBCAE, 0xBCAE, 0xB46D, 0xB46D, 0xB46D,
    0xB46D, 0xB46D, 0x9BEC, 0xA490, 0xCE36, 0xDE36, 0xD5F5, 0xCE15, 0xD5F5, 0xD5F5, 0xBD94, 0xAD12, 0x8BEE, 0x6B0A, 0x6B0A, 0x6B4B,
    0x9470, 0x9470, 0x7BAD, 0x4A27, 0x20E3, 0x10A1, 0x10A1, 0x20E3, 0x39C5, 0x6B2B, 0x7BAD, 0x6B0A, 0x6B0A, 0x6AE9, 0x5A47, 0x5943,
    0x79C4, 0x5943, 0x79C4, 0xAB66, 0x8A65, 0x7881, 0x9164, 0xB287, 0xCBCC, 0xCBCC, 0xB287, 0x9164, 0xA0C2, 0xA0C2, 0xB102, 0xB102,
    0xB964, 0xB102, 0xB964, 0xBB4A, 0xD32B, 0xBA06, 0x9AA8, 0x8BAB, 0x62C9, 0x39C5, 0x3985, 0x39C5, 0x39C5, 0x41E6, 0x4A06, 0x4A06,
    0x4A27, 0x5247, 0x5247, 0x5268, 0x5A88, 0x5A88, 0x5A88, 0x62C9, 0x8C2E, 0xCE15, 0xD657, 0xD655, 0xD5F5, 0xD5F5, 0xD615, 0xD615,
    0xD655, 0xDE34, 0xD655, 0xD655, 0xE655, 0xE655, 0xE655, 0xDE76, 0xDE96, 0xDE96, 0xDE96, 0xE697, 0xE697, 0xE697, 0xE697, 0xE6B7,
    0xE6B7, 0xE6B7, 0xE6D8, 0xE6F9, 0xE6F9, 0xE6F9, 0xEF19, 0xEEF8, 0xE6D8, 0xE6B7, 0xE6B7, 0xE697, 0xE6B7, 0xE6B7, 0xE697, 0xE6B7,
    0xE6B7, 0xE6B7, 0xE6B7, 0xE6B7, 0xE697, 0xE697, 0xDE96, 0xDE76, 0xC510, 0xABEB, 0xB42C, 0xBC4C, 0xC4EF, 0xE655, 0xF6FA, 0xEE78,
    0xCD51, 0xB42C, 0xABAB, 0xABEB, 0xBC4C, 0xD615, 0xF73A, 0xEF3B, 0xF73A, 0xE6D8, 0xBCAE, 0xABEB, 0xBC4C, 0xAC0B, 0xABEB, 0x8B6A,
    0xCD72, 0xE697, 0xE697, 0xDE96, 0xDE76, 0xCE36, 0xB533, 0x8BEE, 0x736C, 0x736C, 0x6B4B, 0x5247, 0x20E3, 0x10A1, 0x0861, 0x20E3,
    0x41E6, 0x8BEE, 0xACF1, 0xACF1, 0x8BEE, 0x62C9, 0x8BEE, 0x8C2E, 0x8C2E, 0x8C2E, 0x8C2E, 0x9C4F, 0xAD12, 0xC5B4, 0x9C0D, 0x8329,
    0x8B49, 0x8B6A, 0x8B49, 0x8B6A, 0x93AA, 0x93AA, 0x9BAB, 0x9BCB, 0xA40C, 0xA3EB, 0xA3EB, 0xA3EB, 0x9BCB, 0xA3EB, 0xB42C, 0xB42C,
    0xB42C, 0xAC2C, 0xAC2C, 0xAC2C, 0xAC2C, 0xAC2C, 0xB44D, 0xB44D, 0xB44D, 0xB46D, 0xB46D, 0xB44D, 0xB44D, 0xBC8D, 0xBC8D, 0xB46D,
    0xCE15, 0xACD0, 0xACD0, 0xBCCF, 0xBCCF, 0xBCCF, 0xB48E, 0xB48E, 0xB48E, 0xAC6D, 0xAC2C, 0xAC2C, 0xA3EB, 0xA3EB, 0xAC2C, 0xAC4D,
    0xAC6D, 0xB46D, 0xAC6D, 0xAC4D, 0xAC2C, 0xAC4D, 0xAC4D, 0xAC2C, 0xAC4D, 0xBCAE, 0xBCAE, 0xBC8D, 0xB46D, 0xB46D, 0xB46D, 0xB46D,
    0xB46D, 0xB46D, 0xAC2C, 0x9C0D, 0xBD73, 0xD657, 0xD615, 0xD5F5, 0xD5F5, 0xD5F5, 0xD5D4, 0xBD73, 0xACF1, 0x7BAD, 0x62EA, 0x6B0A,
    0x8BEE, 0x9470, 0x7BAD, 0x5268, 0x41E6, 0x20E3, 0x10A1, 0x0861, 0x10A1, 0x20E3, 0x41E6, 0x5AA9, 0x6B2B, 0x734C, 0x6B0A, 0x62C9,
    0x5A47, 0x51E5, 0xAB66, 0xCCCA, 0x8A65, 0x3861, 0x5061, 0x6082, 0x7881, 0x7881, 0x7881, 0x7881, 0x7881, 0x88A2, 0x88A2, 0x88A2,
    0xA0C2, 0xA0C2, 0xA0C2, 0xA0C2, 0xA1E5, 0x8B8B, 0x6B2B, 0x4A06, 0x3985, 0x3985, 0x39C5, 0x39C5, 0x41E6, 0x4A06, 0x4A27, 0x4A27,
    0x4A27, 0x5247, 0x5268, 0x5A88, 0x5A88, 0x5A88, 0x62EA, 0xA490, 0xCE36, 0xD657, 0xCE36, 0xD615, 0xCDF3, 0xD615, 0xD615, 0xDE34,
    0xD655, 0xD655, 0xD655, 0xE655, 0xDE76, 0xDE96, 0xE697, 0xE6D8, 0xE6F9, 0xEF1A, 0xEF3B, 0xEF3B, 0xEF3B, 0xEF1A, 0xEF19, 0xEEF8,
    0xEEF8, 0xE6D8, 0xEEF8, 0xEEF8, 0xEEF8, 0xEED9, 0xE6F9, 0xE6F9, 0xEF19, 0xEF1A, 0xEF39, 0xEF19, 0xE6F9, 0xE6D8, 0xE6B7, 0xE6B7,
    0xE6B7, 0xE6B7, 0xE697, 0xE697, 0xE6B7, 0xE697, 0xDE96, 0xDE76, 0xC532, 0x9BAB, 0xA36A, 0xBC4C, 0xBCCE, 0xDDF3, 0xCD93, 0xBC4C,
    0xABEB, 0xABAB, 0xA36A, 0xABEB, 0xBC4C, 0xBC8D, 0xCD72, 0xEED9, 0xF73A, 0xEF19, 0xC4EF, 0xAC0B, 0xB42C, 0xA36A, 0xABAB, 0x93AA,
    0xCDB4, 0xDE96, 0xDE96, 0xCE36, 0xB533, 0x8C2E, 0x736C, 0x734C, 0x734C, 0x5AA9, 0x2944, 0x10A1, 0x0861, 0x0861, 0x20E3, 0x39C5,
    0x5268, 0x9470, 0xAD12, 0x9CB1, 0x6B4B, 0x736C, 0x9C4F, 0x8C2E, 0x8BEE, 0x8BEE, 0x8BEE, 0x9470, 0xBD94, 0xAD12, 0x836A, 0x8329,
    0x8B49, 0x8B49, 0x8B49, 0x938A, 0x938A, 0x93AA, 0x9BCB, 0xA40C, 0xA3EB, 0xA40C, 0xA3EB, 0x9BCB, 0xA40C, 0xAC4D, 0xAC2C, 0xAC2C,
    0xAC2C, 0xAC2C, 0xAC2C, 0xAC2C, 0xAC4D, 0xB44D, 0xB44D, 0xB44D, 0xB46D, 0xBC8D, 0xB46D, 0xB44D, 0xBC8D, 0xBC8D, 0xBC8D, 0xAC4D,
    0xF77D, 0xEF3B, 0xEF3B, 0xEF3B, 0xEF3B, 0xEF3B, 0xEF1A, 0xEF1A, 0xE6F9, 0xDEB9, 0xDE78, 0xDE36, 0xD5D4, 0xCD73, 0xC510, 0xBCEF,
    0xBCAE, 0xB46D, 0xB44D, 0xAC4D, 0xAC4D, 0xAC2C, 0xAC2C, 0xAC6D, 0xBCAE, 0xB46D, 0xB46D, 0xB46D, 0xB46D, 0xB46D, 0xB46D, 0xB46D,
    0xBC8D, 0xB46D, 0xAC6D, 0x93CC, 0xA490, 0xC5D5, 0xDE36, 0xD5F5, 0xD5F5, 0xC5D5, 0xD5D4, 0xC5B4, 0xB533, 0xA490, 0x734C, 0x62EA,
    0x7BAD, 0x9470, 0x8BEE, 0x5268, 0x4A27, 0x4A06, 0x2944, 0x10A1, 0x10A1, 0x10A1, 0x10A1, 0x20E3, 0x39C5, 0x5AA9, 0x6B0A, 0x6B2B,
    0x6B4B, 0x62EA, 0x6AE9, 0x72A7, 0x5943, 0x3861, 0x3861, 0x79C4, 0x8A65, 0x48A1, 0x48A1, 0x48A1, 0x6082, 0x6082, 0x5061, 0x48A1,
    0x6082, 0x6082, 0x79C4, 0x9B29, 0x736C, 0x5247, 0x3985, 0x3985, 0x39C5, 0x39C5, 0x39C5, 0x41E6, 0x4A27, 0x4A27, 0x4A27, 0x4A27,
    0x5247, 0x5268, 0x5268, 0x5A88, 0x5A88, 0x6B4B, 0xACF1, 0xCE15, 0xDE36, 0xD657, 0xD615, 0xD5F5, 0xD615, 0xD615, 0xD655, 0xD615,
    0xD655, 0xE655, 0xD655, 0xE655, 0xE697, 0xE6F9, 0xE6F9, 0xEF19, 0xF73A, 0xEF39, 0xEF19, 0xEF19, 0xEF19, 0xEEF8, 0xEEF8, 0xEEF8,
    0xEEF8, 0xE6D8, 0xE6D8, 0xE6D8, 0xE6D8, 0xE6D8, 0xE6D8, 0xE6B7, 0xE6D8, 0xE6D8, 0xE6D8, 0xEEF8, 0xE6F9, 0xEF1A, 0xEF19, 0xEF19,
    0xEF1A, 0xEF19, 0xE6D8, 0xE697, 0xE697, 0xE697, 0xDE96, 0xDE76, 0xCDB4, 0xA3EB, 0xA36A, 0xBC8D, 0xBCCE, 0xC4EF, 0xBCCE, 0xBC4C,
    0xB42C, 0xAC0B, 0xABEB, 0xAC0B, 0xBC4C, 0xBC4C, 0xABEB, 0xB46D, 0xD5F5, 0xE6B8, 0xC530, 0xAC0B, 0xAC0B, 0xABEB, 0x938A, 0x9C0D,
    0xD615, 0xCE15, 0xAD12, 0x8C2E, 0x7BAD, 0x736C, 0x6B4B, 0x5AA9, 0x3985, 0x10A1, 0x0861, 0x0861, 0x0861, 0x20E3, 0x39C5, 0x4A06,
    0x6B0A, 0xACF1, 0xAD12, 0x8C2E, 0x6B2B, 0x8C2E, 0x9C4F, 0x8C2E, 0x8BEE, 0x8BEE, 0x8BEE, 0xACD0, 0xBD94, 0x9C0D, 0x7B2A, 0x8B49,
    0x8B49, 0x8B49, 0x8B6A, 0x938A, 0x93AA, 0x9BAB, 0x9BCB, 0x9BCB, 0xA3EB, 0x9BCB, 0x9BAB, 0xA40C, 0xB42C, 0xB42C, 0xAC2C, 0xAC2C,
    0xAC2C, 0xAC2C, 0xB44D, 0xB44D, 0xB46D, 0xB46D, 0xB46D, 0xB46D, 0xBC8D, 0xB46D, 0xB44D, 0xB46D, 0xBC8D, 0xB46D, 0xB44D, 0xB44D,
    0xF77D, 0xF77D, 0xF77D, 0xEF5C, 0xD6B4, 0xD6B4, 0xEF3B, 0xF77C, 0xF77D, 0xF77D, 0xF77D, 0xF77D, 0xF77C, 0xF77C, 0xEF3B, 0xE6FA,
    0xDE78, 0xCD93, 0xAD0E, 0xB48E, 0xB48E, 0xAC6D, 0xB46D, 0xBC8D, 0xB46D, 0xB46D, 0xB46D, 0xB46D, 0xB46D, 0xB46D, 0xB46D, 0xB46D,
    0xB46D, 0xB46D, 0xAC6D, 0xA40C, 0x93CC, 0xACF1, 0xCE15, 0xCE36, 0xD5F5, 0xD5D4, 0xD5D4, 0xC5B4, 0xBD73, 0xB533, 0x9C4F, 0x6B2B,
    0x6B4B, 0x8C2E, 0x8C2E, 0x5AA9, 0x4A06, 0x5247, 0x4A27, 0x39C5, 0x20E3, 0x10A1, 0x10A1, 0x0861, 0x10A1, 0x18C2, 0x3985, 0x5A88,
    0x736C, 0x7BAD, 0x736C, 0x6B2B, 0x6AE9, 0x5A47, 0x51E5, 0xB3C8, 0xCCCA, 0x8A65, 0x8A65, 0x7143, 0xB964, 0xB287, 0x6082, 0x3861,
    0x5943, 0x7309, 0x83CD, 0x62C9, 0x39C5, 0x3985, 0x3985, 0x39C5, 0x39C5, 0x39C5, 0x41E6, 0x4A06, 0x4A27, 0x4A27, 0x4A27, 0x5247,
    0x5268, 0x5268, 0x5A88, 0x5AA9, 0x83CD, 0xBD73, 0xCE15, 0xCE36, 0xD657, 0xD615, 0xD5F5, 0xD615, 0xD615, 0xD615, 0xDE34, 0xD655,
    0xDE34, 0xD655, 0xE655, 0xDE96, 0xE655, 0xE655, 0xE655, 0xDE96, 0xDE96, 0xDE96, 0xE655, 0xE655, 0xE655, 0xE655, 0xE655, 0xE655,
    0xE655, 0xE655, 0xE655, 0xE655, 0xDE96, 0xE697, 0xE6B8, 0xE6B7, 0xE6D8, 0xE6D8, 0xE6D8, 0xE6D8, 0xEED9, 0xEEF8, 0xEF19, 0xEF19,
    0xEF3B, 0xF73A, 0xEEF8, 0xEEF5, 0xE697, 0xDE96, 0xDE96, 0xD655, 0xD5F5, 0xBCCF, 0x9BCB, 0xAC0B, 0xBC4C, 0xC4EF, 0xC4EF, 0xBC4C,
    0xBCCE, 0xBCCE, 0xBC8D, 0xBC4C, 0xBC4C, 0xBC4C, 0xAC0B, 0xA36A, 0xABEB, 0xBCCE, 0xBCCE, 0xBC4C, 0xABEB, 0xA36A, 0x8329, 0xACD0,
    0xACF1, 0x8BEE, 0x736C, 0x734C, 0x6B4B, 0x5AA9, 0x3985, 0x18C2, 0x0861, 0x0861, 0x0861, 0x10A1, 0x20E3, 0x39C5, 0x41E6, 0x4A27,
    0x8BEE, 0xAD12, 0x9CB1, 0x734C, 0x83CD, 0x9C4F, 0x8C2E, 0x8C2E, 0x8BEE, 0x8BEE, 0x8C2E, 0xBD94, 0xACF1, 0x836A, 0x8329, 0x8B49,
    0x8329, 0x8B49, 0x8B6A, 0x93AA, 0x9BAB, 0x9BCB, 0x9BCB, 0x9BCB, 0xA3EB, 0xA3EB, 0xA40C, 0xAC4D, 0xB42C, 0xAC4D, 0xAC4D, 0xAC2C,
    0xAC2C, 0xB44D, 0xB46D, 0xB46D, 0xB46D, 0xB46D, 0xBC8D, 0xBC8D, 0xB46D, 0xB44D, 0xB46D, 0xBC8D, 0xB46D, 0xB44D, 0xB44D, 0xBC8D,
    0xF77D, 0xEF39, 0xEF3B, 0xDED6, 0xA5AE, 0x954D, 0xA5AE, 0xBE12, 0xCE93, 0xD6B4, 0xE6FA, 0xF77C, 0xEF5C, 0xEF3B, 0xEF3B, 0xE6DA,
    0xC653, 0xA5AE, 0xADCF, 0xADCF, 0xA5AE, 0xA58E, 0xAD0E, 0xBCAE, 0xB46D, 0xB44D, 0xB44D, 0xB46D, 0xB46D, 0xB46D, 0xB46D, 0xB44D,
    0xB44D, 0xB44D, 0xB46D, 0xAC6D, 0x8BAB, 0x8C2E, 0xAD12, 0xCE36, 0xD615, 0xD5D4, 0xC5B4, 0xBD94, 0xBD94, 0xB533, 0xACF1, 0x8C2E,
    0x6B2B, 0x7BAD, 0x8C2E, 0x6B4B, 0x4A06, 0x4A27, 0x5247, 0x5268, 0x5247, 0x2944, 0x10A1, 0x10A1, 0x10A1, 0x10A1, 0x10A1, 0x18C2,
    0x3985, 0x5268, 0x6B2B, 0x7BAD, 0x7BAD, 0x736C, 0x6B2B, 0x7B2A, 0x8B49, 0x9B29, 0xBC69, 0xA1E5, 0xB964, 0xC9E5, 0xA1E5, 0x72A7,
    0x83CD, 0x6B0A, 0x41E6, 0x3985, 0x3985, 0x39C5, 0x39C5, 0x39C5, 0x41E6, 0x4A06, 0x4A06, 0x4A06, 0x4A27, 0x4A27, 0x5247, 0x5268,
    0x5268, 0x5268, 0x62C9, 0x9C4F, 0xC5B4, 0xCE15, 0xD655, 0xD655, 0xD615, 0xCDF3, 0xD615, 0xD615, 0xD655, 0xD655, 0xD655, 0xD655,
    0xD655, 0xE655, 0xD655, 0xE655, 0xE655, 0xE655, 0xE655, 0xE655, 0xE655, 0xE655, 0xE655, 0xDE96, 0xDE96, 0xE697, 0xE6B8, 0xE6D8,
    0xE6F9, 0xEF19, 0xF6FA, 0xF73A, 0xF73A, 0xEF1A, 0xEF19, 0xE6D8, 0xE6B7, 0xE6B7, 0xE6B7, 0xE6B7, 0xE697, 0xE6B7, 0xE6B7, 0xE6B7,
    0xEEF8, 0xEEF8, 0xE6B7, 0xEE94, 0xE655, 0xDE96, 0xDE96, 0xDE76, 0xD615, 0xC5B4, 0xB48E, 0xA36A, 0xA36A, 0xAC0B, 0xBC8D, 0xBCCE,
    0xC4EF, 0xE4CE, 0xBCCE, 0xBC4C, 0xABEB, 0xB42C, 0xAC0B, 0xABAB, 0xABEB, 0xABEB, 0xABEB, 0xAC0B, 0x9B29, 0x8B49, 0x7B2A, 0x83CD,
    0x7BAD, 0x736C, 0x6B0A, 0x5268, 0x2944, 0x18C2, 0x0861, 0x0861, 0x0861, 0x10A1, 0x10A1, 0x2944, 0x41E6, 0x41E6, 0x41E6, 0x62C9,
    0x9CB1, 0xACF1, 0x83CD, 0x7BAD, 0x8C2E, 0x8C2E, 0x8C2E, 0x8BEE, 0x8BEE, 0x8BEE, 0xAD12, 0xB533, 0x8BEE, 0x7B2A, 0x8B49, 0x8B49,
    0x8B6A, 0x8B6A, 0x938A, 0x93AA, 0x9BAB, 0x9BAB, 0x9BAB, 0xA3EB, 0xA40C, 0xA40C, 0xAC4D, 0xAC4D, 0xAC4D, 0xB44D, 0xAC2C, 0xAC4D,
    0xB44D, 0xB46D, 0xB46D, 0xB46D, 0xB46D, 0xBC8D, 0xBC8D, 0xBC8D, 0xB46D, 0xBC8D, 0xBC8D, 0xB44D, 0xAC4D, 0xB44D, 0xB46D, 0xB46D,
    0xDED6, 0xADCF, 0xC653, 0xDE96, 0xBE12, 0xA5AE, 0x9D6D, 0x952D, 0x954D, 0x952D, 0xA58E, 0xBE12, 0xB5B1, 0x9D6D, 0xA58E, 0x9D6D,
    0x9D6D, 0xA5AE, 0xADCF, 0xA5AE, 0xA5AE, 0xA5AE, 0xA5AE, 0xCDF3, 0xD5D4, 0xC510, 0xBCAE, 0xB46D, 0xB46D, 0xB46D, 0xB44D, 0xB44D,
    0xB44D, 0xB46D, 0xB46D, 0xB46D, 0xA40C, 0x8BAB, 0xA490, 0xB533, 0xCE36, 0xC5D5, 0xBD73, 0xBD73, 0xBD73, 0xBD94, 0xBD73, 0xAD12,
    0x8C2E, 0x736C, 0x8BEE, 0x83CD, 0x5268, 0x4A06, 0x5247, 0x5268, 0x62EA, 0x5AA9, 0x3985, 0x18C2, 0x10A1, 0x10A1, 0x10A1, 0x0861,
    0x10A1, 0x10A1, 0x20E3, 0x39C5, 0x62C9, 0x7BAD, 0x736C, 0x734C, 0x734C, 0x736C, 0x7B2A, 0x8A06, 0x9164, 0xA247, 0x8BAB, 0x6B0A,
    0x4A06, 0x3985, 0x39C5, 0x39C5, 0x39C5, 0x39C5, 0x39C5, 0x41E6, 0x41E6, 0x4A06, 0x4A27, 0x4A27, 0x4A27, 0x5247, 0x5247, 0x5268,
    0x5A88, 0x734C, 0xAD12, 0xCE15, 0xC5D5, 0xCE15, 0xCE36, 0xD5F5, 0xD5F5, 0xD615, 0xD615, 0xDE34, 0xD615, 0xD655, 0xDE34, 0xE655,
    0xD655, 0xD655, 0xE655, 0xDE96, 0xDE96, 0xE697, 0xE6B7, 0xE6D8, 0xE6F9, 0xEF19, 0xEF1A, 0xEF3B, 0xEF3B, 0xEF5C, 0xEF5C, 0xEF5C,
    0xEF5C, 0xEF3B, 0xEF3B, 0xEF3B, 0xEF3B, 0xF73A, 0xEF1A, 0xEF1A, 0xEF1A, 0xEF3B, 0xEF3B, 0xEF3B, 0xEF3B, 0xEF1A, 0xEEF8, 0xE6D8,
    0xE6B7, 0xEE94, 0xE655, 0xDE34, 0xE655, 0xDE96, 0xE697, 0xDE96, 0xD655, 0xCE15, 0xC5B4, 0xB48E, 0x93AA, 0xA36A, 0xABAB, 0xABEB,
    0xAC0B, 0xBC4C, 0xBC4C, 0xBC4C, 0xBC4C, 0xAC0B, 0xABEB, 0xAC0B, 0xABEB, 0xA36A, 0x8B49, 0x8B6A, 0x7B2A, 0x736C, 0x736C, 0x734C,
    0x6B0A, 0x5247, 0x2944, 0x10A1, 0x0861, 0x10A1, 0x10A1, 0x10A1, 0x10A1, 0x18C2, 0x2944, 0x41E6, 0x41E6, 0x41E6, 0x4A06, 0x83CD,
    0xACF1, 0x8C2E, 0x7BAD, 0x8C2E, 0x9C0D, 0x8C2E, 0x8BEE, 0x8BEE, 0x8BEE, 0xA490, 0xBD73, 0xA490, 0x836A, 0x8329, 0x8B6A, 0x8B6A,
    0x8B6A, 0x938A, 0x93AA, 0x93AA, 0x9BAB, 0x9BCB, 0x9BCB, 0xA40C, 0xA40C, 0xAC2C, 0xB42C, 0xAC4D, 0xB44D, 0xAC4D, 0xB44D, 0xB46D,
    0xBC8D, 0xB46D, 0xB46D, 0xB46D, 0xBC8D, 0xBC8D, 0xBC8D, 0xB46D, 0xBC8D, 0xBC8D, 0xB44D, 0xB44D, 0xB42C, 0xB42C, 0xBC8D, 0xBC4C,
    0xDE76, 0xB5B1, 0xCDF3, 0xD5F5, 0xD5F5, 0xD5F5, 0xD5D4, 0xBD94, 0xCDF3, 0xB5B1, 0x8D0C, 0x8D0C, 0x8D0C, 0x7CEB, 0x8CEC, 0x8D0C,
    0xA5AE, 0xA5AE, 0x954D, 0xA58E, 0xA58E, 0x9D6D, 0xA58E, 0xD655, 0xF77C, 0xEF1A, 0xD657, 0xCD51, 0xBCAE, 0xAC4D, 0xB44D, 0xB46D,
    0xB46D, 0xB46D, 0xB44D, 0xB46D, 0xB44D, 0x93CC, 0x9C0D, 0xA490, 0xBD73, 0xCE15, 0xC5B4, 0xBD94, 0xBD94, 0xBD94, 0xBD94, 0xBD73,
    0xAD12, 0x8C2E, 0x7BAD, 0x8BEE, 0x6B0A, 0x4A06, 0x4A27, 0x5247, 0x62C9, 0x6B2B, 0x5AA9, 0x4A27, 0x20E3, 0x10A1, 0x10A1, 0x10A1,
    0x10A1, 0x10A1, 0x10A1, 0x18C2, 0x18C2, 0x2944, 0x41E6, 0x62EA, 0x7BAD, 0x7BAD, 0x7BAD, 0x83CD, 0x736C, 0x6B4B, 0x62C9, 0x41E6,
    0x39C5, 0x3985, 0x39C5, 0x39C5, 0x39C5, 0x39C5, 0x41E6, 0x41E6, 0x4A06, 0x4A27, 0x5247, 0x4A27, 0x4A27, 0x5247, 0x5268, 0x62C9,
    0x8C2E, 0xC5B4, 0xCE15, 0xCE15, 0xCE36, 0xCE15, 0xCDF3, 0xD5F5, 0xD615, 0xD615, 0xD615, 0xC653, 0xD615, 0xDE34, 0xE655, 0xDE96,
    0xE6D8, 0xE6FA, 0xEF3B, 0xEF3B, 0xEF5C, 0xF77C, 0xF77C, 0xF77C, 0xF77C, 0xF77C, 0xEF5C, 0xEF3B, 0xEF5C, 0xEF3B, 0xEF3B, 0xEF3B,
    0xEF3B, 0xEF5C, 0xEF5C, 0xEF5C, 0xEF3B, 0xEF3B, 0xEF3B, 0xEF1A, 0xEF19, 0xEF19, 0xEED9, 0xE6D8, 0xE697, 0xDE96, 0xE655, 0xDE34,
    0xDE34, 0xDE34, 0xDE34, 0xE655, 0xDE96, 0xE697, 0xDE96, 0xDE96, 0xD655, 0xD615, 0xD5F5, 0xC5B4, 0xC532, 0xB48E, 0x9BEC, 0x9BAB,
    0xA36A, 0xA36A, 0xA36A, 0x9B29, 0xABEB, 0xABAB, 0x9B29, 0x9BAB, 0x93AA, 0x836A, 0x6B4B, 0x734C, 0x736C, 0x6B2B, 0x62C9, 0x41E6,
    0x20E3, 0x10A1, 0x0861, 0x0861, 0x10A1, 0x10A1, 0x0861, 0x10A1, 0x20E3, 0x3985, 0x5247, 0x4A06, 0x41E6, 0x41E6, 0x62C9, 0x9CB1,
    0x9470, 0x7BAD, 0x8C2E, 0x8BEE, 0x8BEE, 0x8BEE, 0x8BEE, 0x8BEE, 0x9C4F, 0xBD73, 0xACD0, 0x83CD, 0x7309, 0x8B6A, 0x8B6A, 0x8B6A,
    0x938A, 0x93AA, 0x938A, 0x938A, 0x9BCB, 0x9BCB, 0xA40C, 0xA40C, 0xAC2C, 0xAC2C, 0xAC4D, 0xB44D, 0xAC4D, 0xB44D, 0xBC8D, 0xBC8D,
    0xBC8D, 0xBC8D, 0xB46D, 0xBC8D, 0xBC8D, 0xB46D, 0xB46D, 0xBC8D, 0xBC8D, 0xB46D, 0xB46D, 0xBC4C, 0xB42C, 0xB42C, 0xBC4C, 0xBC4C,
    0xE6DA, 0xD5F5, 0xCDB4, 0xCD93, 0xCDB4, 0xCDB4, 0xCDB4, 0xD5D4, 0xCDB4, 0xCD93, 0xCD73, 0xAD0E, 0x8CEC, 0x7CEB, 0x952D, 0xA5AE,
    0x9D6D, 0x8CEC, 0x8D0C, 0x954D, 0x8D0C, 0x8D0C, 0x954D, 0xC653, 0xF77C, 0xF77D, 0xF77D, 0xEF1A, 0xDE36, 0xC510, 0xB48E, 0xB44D,
    0xAC6D, 0xB46D, 0xB44D, 0xAC6D, 0xB44D, 0xAC2C, 0x8BAB, 0x8C2E, 0xA490, 0xBD73, 0xCE15, 0xC5B4, 0xBD94, 0xBD94, 0xBD94, 0xBD94,
    0xBD94, 0xB533, 0x9C4F, 0x7BAD, 0x736C, 0x5247, 0x4A06, 0x5247, 0x5A88, 0x6B2B, 0x62EA, 0x6B2B, 0x5AA9, 0x2944, 0x18C2, 0x10A1,
    0x10A1, 0x10A1, 0x10A1, 0x18C2, 0x10A1, 0x18C2, 0x18C2, 0x20E3, 0x3985, 0x4A27, 0x62EA, 0x7BAD, 0x83CD, 0x83CD, 0x736C, 0x6B0A,
    0x62C9, 0x5A88, 0x4A27, 0x41E6, 0x41E6, 0x41E6, 0x41E6, 0x41E6, 0x4A06, 0x4A06, 0x4A27, 0x5247, 0x5247, 0x5A88, 0x736C, 0xAD12,
    0xCE15, 0xC5D5, 0xC5D5, 0xD5F5, 0xCDF3, 0xCDF3, 0xCDF3, 0xCDF3, 0xD615, 0xD615, 0xD615, 0xDE34, 0xDE96, 0xDE36, 0xE6D8, 0xEF5C,
    0xF77C, 0xF77C, 0xEF5C, 0xEF5C, 0xEF5C, 0xEF5C, 0xEF5C, 0xEF5C, 0xEF5C, 0xEF5C, 0xEF5C, 0xEF3B, 0xEF3B, 0xEF3B, 0xEF1A, 0xE6F9,
    0xE6D8, 0xE697, 0xDE96, 0xE655, 0xDE34, 0xDE34, 0xDDF3, 0xDDF3, 0xDDF3, 0xDDF3, 0xDDF3, 0xDDF3, 0xDDF3, 0xDDF3, 0xDDF3, 0xDE34,
    0xE655, 0xE655, 0xDE96, 0xDE96, 0xE697, 0xE697, 0xE697, 0xDE96, 0xDE76, 0xDE76, 0xCE36, 0xCE15, 0xC5B4, 0xBD94, 0xBD73, 0xAD12,
    0xB48E, 0xA46E, 0xA3EB, 0x93AA, 0x938A, 0x836A, 0x836A, 0x736C, 0x736C, 0x736C, 0x734C, 0x62C9, 0x4A27, 0x2944, 0x18C2, 0x10A1,
    0x10A1, 0x10A1, 0x0861, 0x10A1, 0x10A1, 0x10A1, 0x18C2, 0x20E3, 0x5268, 0x5268, 0x4A27, 0x4A06, 0x41E6, 0x4A27, 0x8BEE, 0xA490,
    0x83CD, 0x8BEE, 0x8C2E, 0x8BEE, 0x8BEE, 0x8BEE, 0x83CD, 0x8C2E, 0xAD12, 0xAD12, 0x9C0D, 0x7309, 0x8B49, 0x8B6A, 0x8B6A, 0x938A,
    0x93AA, 0x938A, 0x938A, 0x9BAB, 0x9BCB, 0x9BCB, 0xA40C, 0xAC2C, 0xAC2C, 0xAC4D, 0xB44D, 0xB44D, 0xB46D, 0xB46D, 0xBC8D, 0xBC8D,
    0xBC8D, 0xBC8D, 0xBC8D, 0xBC8D, 0xBC8D, 0xB46D, 0xB46D, 0xBC8D, 0xBC8D, 0xB46D, 0xB44D, 0xB42C, 0xBC4C, 0xBC4C, 0xBC4C, 0xBC4C,
    0xE6DA, 0xCD93, 0xCDB4, 0xCD93, 0xCD72, 0xCD73, 0xD5F5, 0xDE36, 0xCDB4, 0xCD93, 0xCD73, 0xCD73, 0xB533, 0x952D, 0x9D6D, 0x8D0C,
    0x7C8A, 0x8D0C, 0x952D, 0x8D0C, 0x8D0C, 0x954D, 0x9D6D, 0xBE12, 0xEF39, 0xF77C, 0xF77D, 0xF77D, 0xF77C, 0xE6FA, 0xD5F5, 0xBCEF,
    0xB46D, 0xAC6D, 0xB44D, 0xB44D, 0xAC4D, 0xAC2C, 0x9BEC, 0x93CB, 0x9C4F, 0xA490, 0xBD94, 0xCE15, 0xC5B4, 0xBD94, 0xBD94, 0xBD94,
    0xC5B4, 0xBD94, 0xB533, 0xA490, 0x7BAD, 0x62C9, 0x4A06, 0x4A27, 0x5247, 0x62EA, 0x6B0A, 0x6B0A, 0x736C, 0x62EA, 0x39C5, 0x20E3,
    0x18C2, 0x10A1, 0x18C2, 0x18C2, 0x18C2, 0x18C2, 0x18C2, 0x18C2, 0x18C2, 0x18C2, 0x20E3, 0x3985, 0x5268, 0x62EA, 0x6B4B, 0x7BAD,
    0x7BAD, 0x736C, 0x734C, 0x6B0A, 0x62EA, 0x5AA9, 0x5268, 0x5247, 0x4A27, 0x4A27, 0x4A27, 0x5268, 0x6B0A, 0x9470, 0xC5B4, 0xCE15,
    0xC5D5, 0xC5B4, 0xC5B4, 0xC5B4, 0xCDF3, 0xD5F5, 0xD615, 0xD615, 0xDE34, 0xD615, 0xD615, 0xD655, 0xDE76, 0xD655, 0xE655, 0xE6B7,
    0xE6D8, 0xE6B8, 0xE6D8, 0xEED9, 0xEED9, 0xEED9, 0xE6D8, 0xE6D8, 0xE6B7, 0xE6B7, 0xDE96, 0xE655, 0xE655, 0xDE34, 0xDDF3, 0xDDF3,
    0xDDF3, 0xDDF3, 0xDDD0, 0xDDF3, 0xDDF3, 0xDDF3, 0xDDF3, 0xDDF3, 0xEE15, 0xDDF3, 0xDE34, 0xDDF3, 0xE552, 0xDCD1, 0xDCD1, 0xDDD0,
    0xDE96, 0xDE96, 0xE697, 0xE697, 0xE697, 0xE697, 0xE697, 0xE697, 0xE697, 0xDE96, 0xDE76, 0xDE36, 0xD615, 0xC5D5, 0xBD94, 0xB533,
    0xACF1, 0xA490, 0x8C2E, 0x83CD, 0x736C, 0x734C, 0x734C, 0x6B4B, 0x62EA, 0x4A27, 0x3985, 0x20E3, 0x10A1, 0x10A1, 0x10A1, 0x10A1,
    0x10A1, 0x0861, 0x10A1, 0x10A1, 0x10A1, 0x18C2, 0x2944, 0x5268, 0x62EA, 0x5247, 0x4A06, 0x4A06, 0x41E6, 0x6B0A, 0x9470, 0x8BEE,
    0x8C2E, 0x8C2E, 0x8BEE, 0x8BEE, 0x8BEE, 0x83CD, 0x8BEE, 0xACF1, 0xB533, 0x9C4F, 0x836A, 0x7B2A, 0x8B6A, 0x938A, 0x938A, 0x93AA,
    0x938A, 0x938A, 0x93AA, 0x9BCB, 0x9BCB, 0xA3EB, 0xAC2C, 0xAC4D, 0xAC4D, 0xAC4D, 0xB44D, 0xB46D, 0xB46D, 0xBC8D, 0xBC8D, 0xBC8D,
    0xBC8D, 0xBC8D, 0xBC8D, 0xBC8D, 0xB46D, 0xB46D, 0xB46D, 0xBC8D, 0xB44D, 0xB42C, 0xB42C, 0xBC4C, 0xBC8D, 0xB46D, 0xBC4C, 0xBC4C,
    0xD657, 0xC532, 0xCD73, 0xCD93, 0xCDB4, 0xCD93, 0xCD93, 0xD5D4, 0xCDB4, 0xCD73, 0xC532, 0xC532, 0xCD93, 0xB5B1, 0x8D0C, 0x84CB,
    0x84CB, 0x9D6D, 0x952D, 0x952D, 0x8D0C, 0x954D, 0x9D6D, 0x9D6D, 0xB5EF, 0xEF3B, 0xF77D, 0xF77D, 0xF77D, 0xF77D, 0xF77C, 0xDEB9,
    0xC532, 0xAC6D, 0xB44D, 0xAC4D, 0xAC2C, 0xAC4D, 0xAC4D, 0x9BEC, 0x8BEE, 0x8C2E, 0x9C4F, 0xBD94, 0xCE15, 0xC5B4, 0xBD94, 0xC5B4,
    0xC5B4, 0xBD94, 0xBD94, 0xBD73, 0x9CB1, 0x7BAD, 0x5A88, 0x4A06, 0x5247, 0x5AA9, 0x6B0A, 0x62EA, 0x736C, 0x736C, 0x62EA, 0x5247,
    0x2944, 0x18C2, 0x18C2, 0x18C2, 0x18C2, 0x18C2, 0x18C2, 0x18C2, 0x18C2, 0x18C2, 0x18C2, 0x18C2, 0x18C2, 0x20E3, 0x3985, 0x4A27,
    0x5AA9, 0x734C, 0x736C, 0x7BAD, 0x83CD, 0x7BAD, 0x734C, 0x6B4B, 0x6B0A, 0x62C9, 0x5AA9, 0x6B2B, 0xACD0, 0xBD94, 0xBD94, 0xC5B4,
    0xCE15, 0xC5B4, 0xCDF3, 0xD5F5, 0xCDF3, 0xD615, 0xCDF3, 0xD615, 0xD615, 0xC653, 0xD615, 0xDE34, 0xD615, 0xDE34, 0xD615, 0xDE34,
    0xDE34, 0xD615, 0xD615, 0xDE34, 0xDE34, 0xDDF3, 0xDDF3, 0xDDF3, 0xDDF3, 0xDDF3, 0xDDF3, 0xDDF3, 0xDDF3, 0xDDF3, 0xDE34, 0xDDF3,
    0xD615, 0xDE34, 0xE655, 0xE655, 0xE655, 0xE655, 0xDE96, 0xDE96, 0xE655, 0xED94, 0xDD12, 0xDC0E, 0xCAC9, 0xCAC9, 0xCAC9, 0xCBCC,
    0xDE34, 0xE6B7, 0xE697, 0xE697, 0xE6B7, 0xE697, 0xE6B7, 0xE697, 0xDE96, 0xDE76, 0xD615, 0xC5B4, 0xB533, 0xACD0, 0x9C4F, 0x8BEE,
    0x83CD, 0x7BAD, 0x734C, 0x6B4B, 0x6B0A, 0x5AA9, 0x4A06, 0x3985, 0x20E3, 0x10A1, 0x10A1, 0x10A1, 0x10A1, 0x10A1, 0x10A1, 0x10A1,
    0x10A1, 0x10A1, 0x18C2, 0x18C2, 0x20E3, 0x2944, 0x41E6, 0x62EA, 0x5AA9, 0x4A27, 0x4A06, 0x41E6, 0x5A88, 0x7BAD, 0x83CD, 0x8BEE,
    0x8BEE, 0x83CD, 0x8BEE, 0x83CD, 0x83CD, 0x8BEE, 0xACD0, 0xB533, 0x9C4F, 0x83CD, 0x7309, 0x8B6A, 0x938A, 0x93AA, 0x93AA, 0x9BAB,
    0x9BAB, 0x9BEC, 0xAC2C, 0xA46E, 0xA46E, 0xAC6D, 0xB48E, 0xB46D, 0xB46D, 0xB44D, 0xB46D, 0xB46D, 0xB46D, 0xBC8D, 0xBC8D, 0xBC8D,
    0xBC8D, 0xBC8D, 0xBC8D, 0xB46D, 0xB46D, 0xBC8D, 0xBC8D, 0xB44D, 0xB42C, 0xB42C, 0xB46D, 0xB46D, 0xB46D, 0xBC4C, 0xB46D, 0xB42C,
    0xD657, 0xC532, 0xCD73, 0xCD73, 0xCD73, 0xCD93, 0xD5D4, 0xCD73, 0xCD51, 0xCD73, 0xCD73, 0xCD73, 0xCD73, 0xCD73, 0xAD0E, 0x8D0C,
    0x952D, 0x952D, 0x954D, 0x952D, 0x7CEB, 0x9D6D, 0xA58E, 0x954D, 0xA58E, 0xEF39, 0xF77D, 0xF77D, 0xF77D, 0xF77D, 0xF77D, 0xF77D,
    0xEF1A, 0xCDB4, 0xB48E, 0xAC2C, 0xAC4D, 0xB44D, 0xB44D, 0xAC2C, 0x93CC, 0x83CD, 0x9C4F, 0xA490, 0xBD94, 0xCE15, 0xC5B4, 0xC5B4,
    0xC5B4, 0xBD94, 0xC5B4, 0xC5B4, 0xBD73, 0xACF1, 0x8BEE, 0x5A88, 0x4A06, 0x5268, 0x62EA, 0x62EA, 0x6B0A, 0x736C, 0x734C, 0x62C9,
    0x4A27, 0x3985, 0x20E3, 0x18C2, 0x18C2, 0x18C2, 0x18C2, 0x18C2, 0x20E3, 0x18C2, 0x18C2, 0x18C2, 0x18C2, 0x18C2, 0x18C2, 0x18C2,
    0x20E3, 0x2944, 0x39C5, 0x5268, 0x6B0A, 0x6B4B, 0x736C, 0x7BAD, 0x736C, 0x7BAD, 0x736C, 0x736C, 0x7BAD, 0x7BAD, 0x83CD, 0x8C2E,
    0xA490, 0xACF1, 0xB533, 0xBD94, 0xCDF3, 0xD5F5, 0xD615, 0xD615, 0xD615, 0xD615, 0xD655, 0xD615, 0xD655, 0xD655, 0xD655, 0xD655,
    0xD655, 0xDE34, 0xD655, 0xDE34, 0xDE36, 0xE655, 0xDE36, 0xDE36, 0xE655, 0xE655, 0xE655, 0xE655, 0xE655, 0xDE96, 0xDE96, 0xDE96,
    0xE697, 0xE697, 0xE697, 0xE697, 0xE6B8, 0xE697, 0xDE96, 0xDE34, 0xCD51, 0xDC0E, 0xCAC9, 0xCAC9, 0xBA06, 0xBA06, 0xB287, 0xCBCC,
    0xD615, 0xE697, 0xDE96, 0xDE76, 0xD655, 0xCE15, 0xBD94, 0xB533, 0xACD0, 0x9C4F, 0x8BEE, 0x83CD, 0x7BAD, 0x736C, 0x736C, 0x736C,
    0x6B2B, 0x62EA, 0x5268, 0x39C5, 0x2944, 0x20E3, 0x10A1, 0x10A1, 0x10A1, 0x10A1, 0x10A1, 0x10A1, 0x10A1, 0x10A1, 0x10A1, 0x18C2,
    0x10A1, 0x18C2, 0x18C2, 0x20E3, 0x3985, 0x41E6, 0x5A88, 0x62EA, 0x5247, 0x4A27, 0x41E6, 0x4A06, 0x62EA, 0x83CD, 0x8BEE, 0x8BEE,
    0x83CD, 0x83CD, 0x83CD, 0x83CD, 0x8BEE, 0xACD0, 0xBD73, 0xA490, 0x83CD, 0x7309, 0x8B6A, 0x93CC, 0xA46E, 0xBCCF, 0xBD73, 0xC5D5,
    0xCE36, 0xDE78, 0xDEB9, 0xDEB9, 0xE6DA, 0xDEB9, 0xDEB9, 0xE697, 0xDE78, 0xDE36, 0xD5D4, 0xCD72, 0xC530, 0xBCCE, 0xBCAE, 0xBC8D,
    0xBC8D, 0xBC8D, 0xB46D, 0xB46D, 0xBC8D, 0xBC8D, 0xB44D, 0xB42C, 0xB42C, 0xB44D, 0xB46D, 0xBC4C, 0xB46D, 0xB44D, 0xAC2C, 0xA40C,
    0xD657, 0xCD73, 0xCD93, 0xCD73, 0xCD73, 0xCD93, 0xDE36, 0xCD73, 0xC532, 0xCDB4, 0xCDB4, 0xCDB4, 0xCD93, 0xC532, 0xB533, 0x8CEC,
    0x8D0C, 0x8D0C, 0x8D0C, 0x954D, 0x8CEC, 0x954D, 0xA58E, 0x954D, 0xBE12, 0xEF3B, 0xF77C, 0xF77D, 0xF77D, 0xF77D, 0xF77D, 0xF77D,
    0xF77D, 0xEF3B, 0xD5F5, 0xB48E, 0xB44D, 0xB44D, 0xAC4D, 0xAC4D, 0xA3EB, 0x836A, 0x83CD, 0x9C4F, 0xA490, 0xBD94, 0xCE15, 0xC5B4,
    0xC5B4, 0xC5B4, 0xBD94, 0xBD94, 0xBD94, 0xBD94, 0xB533, 0x9C4F, 0x62EA, 0x5268, 0x5AA9, 0x6B0A, 0x62EA, 0x734C, 0x736C, 0x6B2B,
    0x5A88, 0x41E6, 0x39C5, 0x2944, 0x20E3, 0x18C2, 0x18C2, 0x20E3, 0x20E3, 0x18C2, 0x18C2, 0x18C2, 0x18C2, 0x18C2, 0x18C2, 0x18C2,
    0x18C2, 0x18C2, 0x18C2, 0x18C2, 0x20E3, 0x2944, 0x3985, 0x4A27, 0x5AA9, 0x6B2B, 0x734C, 0x736C, 0x7BAD, 0x736C, 0x736C, 0x6B4B,
    0x6B4B, 0x734C, 0x736C, 0x7BAD, 0x8BEE, 0x9C4F, 0xACD0, 0xACF1, 0xB533, 0xBD94, 0xCDB4, 0xD5F5, 0xD615, 0xD615, 0xD655, 0xD655,
    0xE655, 0xDE76, 0xDE76, 0xDE76, 0xDE96, 0xE655, 0xDE96, 0xDE96, 0xDE96, 0xDE96, 0xDE96, 0xE697, 0xE697, 0xE697, 0xE697, 0xE697,
    0xE697, 0xE697, 0xE697, 0xE697, 0xDE96, 0xDE96, 0xDE36, 0xDDF3, 0xBC8D, 0xCBCC, 0xBB4A, 0xBB4A, 0xAB09, 0xABAB, 0xBC8D, 0xC532,
    0xB533, 0xAD12, 0xA490, 0x9C4F, 0x8BEE, 0x7BAD, 0x7BAD, 0x736C, 0x734C, 0x736C, 0x7BAD, 0x6B4B, 0x6B4B, 0x62EA, 0x5A88, 0x4A06,
    0x2944, 0x20E3, 0x18C2, 0x10A1, 0x10A1, 0x10A1, 0x10A1, 0x10A1, 0x10A1, 0x10A1, 0x10A1, 0x10A1, 0x10A1, 0x18C2, 0x18C2, 0x18C2,
    0x18C2, 0x18C2, 0x2944, 0x39C5, 0x41E6, 0x4A06, 0x62C9, 0x5AA9, 0x5247, 0x4A06, 0x41E6, 0x5A88, 0x736C, 0x8BEE, 0x83CD, 0x7BAD,
    0x7BAD, 0x83CD, 0x83CD, 0x83CD, 0xA490, 0xB533, 0xA490, 0x8BEE, 0x83CD, 0x9C4F, 0xBD94, 0xD657, 0xE6FA, 0xEF3B, 0xEF5C, 0xF77C,
    0xF77C, 0xF77C, 0xEF5C, 0xF77C, 0xF77C, 0xF77C, 0xF77D, 0xF77C, 0xF77D, 0xF77D, 0xF77C, 0xEF5C, 0xEF3B, 0xE6DA, 0xD657, 0xCDB4,
    0xC530, 0xBCAE, 0xB46D, 0xBC8D, 0xBC4C, 0xB42C, 0xB42C, 0xAC4D, 0xB44D, 0xBC4C, 0xBC4C, 0xBC8D, 0xB46D, 0xB42C, 0xAC2C, 0xAC2C,
    0xDE78, 0xCD72, 0xCD93, 0xCD73, 0xCD73, 0xCD73, 0xD5F5, 0xD5D4, 0xD5F5, 0xDE36, 0xCDB4, 0xC532, 0xCD73, 0xCD93, 0xC532, 0x84CB,
    0x7C8A, 0x84CB, 0x7C8A, 0x7C8A, 0x7C8A, 0x952D, 0xA58E, 0xA58E, 0xB5B1, 0xDE76, 0xEF3B, 0xEF5C, 0xEF39, 0xE717, 0xE717, 0xEF39,
    0xF77C, 0xF77D, 0xEF5C, 0xD5F5, 0xB48E, 0xAC4D, 0xAC4D, 0xAC2C, 0x938A, 0x7B2A, 0x836A, 0x93CC, 0x9C4F, 0xA490, 0xBD73, 0xCE15,
    0xC5D5, 0xC5B4, 0xBD94, 0xC5B4, 0xBD94, 0xBD94, 0xBD94, 0xBD73, 0xACD0, 0x7BAD, 0x5AA9, 0x62C9, 0x62EA, 0x6B0A, 0x736C, 0x736C,
    0x62EA, 0x4A06, 0x41E6, 0x3985, 0x20E3, 0x2944, 0x20E3, 0x20E3, 0x20E3, 0x20E3, 0x20E3, 0x18C2, 0x18C2, 0x18C2, 0x18C2, 0x18C2,
    0x18C2, 0x18C2, 0x18C2, 0x18C2, 0x18C2, 0x18C2, 0x18C2, 0x18C2, 0x18C2, 0x20E3, 0x2944, 0x39C5, 0x5268, 0x62C9, 0x734C, 0x6B2B,
    0x736C, 0x7BAD, 0x7BAD, 0x734C, 0x736C, 0x734C, 0x6B4B, 0x6B4B, 0x7BAD, 0x7BAD, 0x7BAD, 0x8BEE, 0x8C2E, 0x9C4F, 0xA490, 0xACD0,
    0xACF1, 0xB533, 0xBD73, 0xBD94, 0xBD94, 0xC5B4, 0xC5B4, 0xC5B4, 0xC5D5, 0xD5F5, 0xD5F5, 0xD5F5, 0xD5F5, 0xD5F5, 0xD5F5, 0xD5F5,
    0xCDF3, 0xC5B4, 0xCDB4, 0xC5B4, 0xBD94, 0xB533, 0xAD12, 0xACD0, 0xA46E, 0x9C4F, 0x9C0D, 0x93CC, 0x83CD, 0x83CD, 0x83CD, 0x7BAD,
    0x736C, 0x736C, 0x734C, 0x736C, 0x6B4B, 0x6B4B, 0x6B2B, 0x6B2B, 0x62C9, 0x5A88, 0x4A27, 0x3985, 0x2944, 0x18C2, 0x18C2, 0x18C2,
    0x10A1, 0x18C2, 0x10A1, 0x10A1, 0x10A1, 0x10A1, 0x10A1, 0x10A1, 0x10A1, 0x18C2, 0x18C2, 0x18C2, 0x18C2, 0x18C2, 0x18C2, 0x18C2,
    0x20E3, 0x3985, 0x4A06, 0x41E6, 0x41E6, 0x5A88, 0x62EA, 0x5247, 0x4A27, 0x41E6, 0x5A88, 0x7BAD, 0x8BEE, 0x7BAD, 0x7BAD, 0x7BAD,
    0x838B, 0x7BAD, 0x83CD, 0xA490, 0xB533, 0xA490, 0xA490, 0xBD73, 0xDE78, 0xEF3B, 0xF77C, 0xF77C, 0xEF5C, 0xEF3B, 0xEF3B, 0xE71B,
    0xEF3B, 0xE71B, 0xEF3B, 0xEF3B, 0xEF3B, 0xEF3B, 0xEF5C, 0xEF5C, 0xF77C, 0xF77C, 0xF77C, 0xF77C, 0xF77D, 0xF77D, 0xF77D, 0xF77C,
    0xEF3B, 0xDE78, 0xCD93, 0xBCCE, 0xB44D, 0xB42C, 0xB42C, 0xBC4C, 0xBC8D, 0xBC8D, 0xBC4C, 0xB44D, 0xB44D, 0xAC4D, 0xAC2C, 0xB42C,
    0xDE78, 0xCD93, 0xCD93, 0xCD73, 0xC532, 0xC532, 0xD5F5, 0xD5F5, 0xCDB4, 0xD5D4, 0xCDB4, 0xC510, 0xC532, 0xC532, 0xC532, 0x9CCC,
    0x744A, 0x744A, 0x8CEC, 0x84CB, 0x84CB, 0x8CEC, 0x8D0C, 0xA58E, 0xA5AE, 0xADCF, 0xC653, 0xC653, 0xB5EF, 0xADCF, 0xB5EF, 0xBE12,
    0xD6B4, 0xEF5C, 0xF77D, 0xEF3B, 0xCD93, 0xAC6D, 0xAC4D, 0xAC2C, 0x93AA, 0x938A, 0x93AA, 0x8B8B, 0x9C0D, 0x9C4F, 0xA490, 0xB533,
    0xCE15, 0xC5D5, 0xC5B4, 0xBD94, 0xBD94, 0xBD94, 0xBD94, 0xBD94, 0xBD73, 0xAD12, 0x8C2E, 0x6B2B, 0x62EA, 0x62EA, 0x6B2B, 0x736C,
    0x734C, 0x5A88, 0x41E6, 0x3985, 0x2944, 0x5268, 0x5247, 0x3985, 0x20E3, 0x20E3, 0x20E3, 0x20E3, 0x20E3, 0x18C2, 0x18C2, 0x18C2,
    0x18C2, 0x18C2, 0x20E3, 0x18C2, 0x18C2, 0x18C2, 0x18C2, 0x18C2, 0x18C2, 0x20E3, 0x18C2, 0x18C2, 0x18C2, 0x20E3, 0x20E3, 0x2944,
    0x3985, 0x41E6, 0x4A06, 0x5268, 0x62C9, 0x6B2B, 0x6B4B, 0x736C, 0x9470, 0x8C2E, 0x83CD, 0x7BAD, 0x736C, 0x734C, 0x736C, 0x7BAD,
    0x736C, 0x7BAD, 0x7BAD, 0x7BAD, 0x7BAD, 0x7BAD, 0x7BAD, 0x736C, 0x7BAD, 0x7BAD, 0x7BAD, 0x7BAD, 0x83CD, 0x7BAD, 0x7BAD, 0x83CD,
    0x83CD, 0x7BAD, 0x83CD, 0x83CD, 0x7BAD, 0x7BAD, 0x7BAD, 0x7BAD, 0x7BAD, 0x7BAD, 0x7BAD, 0x7BAD, 0x736C, 0x7BAD, 0x7BAD, 0x6B4B,
    0x6B2B, 0x62EA, 0x5AA9, 0x5A88, 0x41E6, 0x3985, 0x2944, 0x20E3, 0x18C2, 0x10A1, 0x10A1, 0x10A1, 0x10A1, 0x10A1, 0x10A1, 0x10A1,
    0x10A1, 0x10A1, 0x10A1, 0x10A1, 0x10A1, 0x10A1, 0x10A1, 0x10A1, 0x18C2, 0x18C2, 0x18C2, 0x18C2, 0x18C2, 0x20E3, 0x2944, 0x4A06,
    0x41E6, 0x4A06, 0x4A06, 0x41E6, 0x4A06, 0x62C9, 0x5AA9, 0x4A27, 0x4A27, 0x62C9, 0x83CD, 0x83CD, 0x7BAD, 0x838B, 0x7BAD, 0x838B,
    0x7BAD, 0x83CD, 0xA490, 0xAD12, 0xACF1, 0xBD94, 0xE6DA, 0xEF5C, 0xF77C, 0xEF3B, 0xEF1A, 0xE71B, 0xEF1A, 0xE71B, 0xEF1A, 0xE71B,
    0xEF3B, 0xEF3B, 0xE71B, 0xEF3B, 0xEF3B, 0xEF5C, 0xEF5C, 0xEF5C, 0xF77C, 0xF77C, 0xF77C, 0xF77D, 0xF77C, 0xF77D, 0xF77D, 0xF77D,
    0xF77D, 0xF77D, 0xEF5C, 0xDEB9, 0xCD93, 0xBCAE, 0xB46D, 0xB46D, 0xB44D, 0xB44D, 0xB44D, 0xB44D, 0xB42C, 0xB42C, 0xB42C, 0xB42C,
    0xD657, 0xCD73, 0xCD73, 0xCD73, 0xC532, 0xCD51, 0xCD93, 0xCDB4, 0xC532, 0xC532, 0xCD51, 0xC530, 0xBCCF, 0xBCF2, 0xB533, 0xBD73,
    0xBD94, 0xBD94, 0xD5D4, 0xCDB4, 0xBD94, 0xB533, 0x8D0C, 0x952D, 0x954D, 0x954D, 0x9D6D, 0xA5AE, 0xADCF, 0xA5AE, 0xA5AE, 0xB5EF,
    0xB5EF, 0xE717, 0xF77D, 0xF77D, 0xE6FA, 0xC532, 0xAC2C, 0x9BEC, 0x9BCB, 0xA3EB, 0xA3EB, 0x93AA, 0x836A, 0x93CC, 0x9C4F, 0xA490,
    0xACF1, 0xC5B4, 0xCE15, 0xC5B4, 0xBD94, 0xBD94, 0xBD73, 0xBD73, 0xBD94, 0xBD94, 0xBD73, 0xACF1, 0x8BEE, 0x6B4B, 0x62C9, 0x6B2B,
    0x736C, 0x6B0A, 0x4A27, 0x3985, 0x3985, 0x62C9, 0x6B0A, 0x62EA, 0x41E6, 0x20E3, 0x18C2, 0x20E3, 0x20E3, 0x20E3, 0x20E3, 0x20E3,
    0x20E3, 0x20E3, 0x20E3, 0x18C2, 0x18C2, 0x18C2, 0x18C2, 0x18C2, 0x18C2, 0x18C2, 0x18C2, 0x20E3, 0x20E3, 0x20E3, 0x18C2, 0x18C2,
    0x18C2, 0x18C2, 0x18C2, 0x20E3, 0x20E3, 0x20E3, 0x2944, 0x3985, 0x41E6, 0x4A27, 0x5268, 0x5AA9, 0x62C9, 0x6B0A, 0x734C, 0x7BAD,
    0x7BAD, 0x8C2E, 0x8BEE, 0x8C2E, 0x8C2E, 0x8BEE, 0x7BAD, 0x736C, 0x736C, 0x6B4B, 0x736C, 0x6B4B, 0x734C, 0x734C, 0x736C, 0x7BAD,
    0x736C, 0x734C, 0x6B4B, 0x734C, 0x6B4B, 0x6B4B, 0x6B4B, 0x62EA, 0x62C9, 0x5AA9, 0x5268, 0x5247, 0x4A06, 0x39C5, 0x3985, 0x2944,
    0x20E3, 0x20E3, 0x18C2, 0x18C2, 0x10A1, 0x18C2, 0x18C2, 0x18C2, 0x10A1, 0x10A1, 0x18C2, 0x10A1, 0x10A1, 0x10A1, 0x10A1, 0x10A1,
    0x10A1, 0x10A1, 0x10A1, 0x10A1, 0x10A1, 0x10A1, 0x18C2, 0x18C2, 0x18C2, 0x18C2, 0x18C2, 0x20E3, 0x3985, 0x5A88, 0x734C, 0x5AA9,
    0x41E6, 0x4A06, 0x41E6, 0x41E6, 0x5A88, 0x62C9, 0x5247, 0x5A88, 0x734C, 0x8BEE, 0x83CD, 0x7BAD, 0x736C, 0x736C, 0x7BAD, 0x7BAD,
    0x83CD, 0xA490, 0xB533, 0xBD73, 0xDE78, 0xEF5C, 0xEF5C, 0xE71B, 0xE6FA, 0xE6FA, 0xE71B, 0xE71B, 0xEF1A, 0xEF1A, 0xEF1A, 0xEF3B,
    0xEF3B, 0xEF3B, 0xEF3B, 0xEF3B, 0xEF3B, 0xEF3B, 0xEF5C, 0xF77C, 0xF77C, 0xF77C, 0xF77D, 0xF77D, 0xF77D, 0xF77D, 0xF77D, 0xF77D,
    0xF77D, 0xF77D, 0xF77D, 0xF77D, 0xF77C, 0xDEB9, 0xCD51, 0xBC8D, 0xB44D, 0xB44D, 0xB44D, 0xB44D, 0xAC4D, 0xAC4D, 0xB44D, 0xB46D,
    0xDE78, 0xCD73, 0xC532, 0xC532, 0xCD73, 0xCD73, 0xC532, 0xC532, 0xBCF2, 0xC532, 0xC510, 0xC510, 0xAD12, 0xCD93, 0xCDB4, 0xD5D4,
    0xD615, 0xD657, 0xD5F5, 0xCDB4, 0xCD93, 0xCDB4, 0xCD72, 0xB5B1, 0x9D6D, 0x7C8A, 0x952D, 0xA5AE, 0xA5AE, 0xA58E, 0xA58E, 0xADCF,
    0xB5EF, 0xCE93, 0xEF5C, 0xF77C, 0xF77C, 0xE6B8, 0xAC6D, 0xA40C, 0xA40C, 0xA40C, 0x9BAB, 0x8B6A, 0x8B6A, 0x8B49, 0x93CC, 0x9C4F,
    0xA490, 0xACD0, 0xBD73, 0xCE15, 0xC5D5, 0xBD94, 0xBD73, 0xBD94, 0xBD94, 0xBD94, 0xBD94, 0xBD94, 0xBD73, 0x9CB1, 0x7BAD, 0x62EA,
    0x6B0A, 0x734C, 0x62C9, 0x39C5, 0x3985, 0x5A88, 0x6B0A, 0x6B0A, 0x5247, 0x20E3, 0x10A1, 0x10A1, 0x20E3, 0x20E3, 0x20E3, 0x20E3,
    0x20E3, 0x18C2, 0x20E3, 0x20E3, 0x20E3, 0x20E3, 0x18C2, 0x18C2, 0x20E3, 0x18C2, 0x18C2, 0x20E3, 0x18C2, 0x18C2, 0x18C2, 0x18C2,
    0x18C2, 0x20E3, 0x20E3, 0x20E3, 0x20E3, 0x20E3, 0x18C2, 0x20E3, 0x20E3, 0x18C2, 0x18C2, 0x18C2, 0x18C2, 0x18C2, 0x20E3, 0x20E3,
    0x2944, 0x2944, 0x2944, 0x3985, 0x3985, 0x39C5, 0x3985, 0x3985, 0x39C5, 0x3985, 0x39C5, 0x3985, 0x3985, 0x3985, 0x3985, 0x3985,
    0x3985, 0x2944, 0x2944, 0x2944, 0x2944, 0x20E3, 0x20E3, 0x20E3, 0x18C2, 0x18C2, 0x18C2, 0x18C2, 0x18C2, 0x18C2, 0x18C2, 0x18C2,
    0x18C2, 0x18C2, 0x18C2, 0x18C2, 0x18C2, 0x18C2, 0x18C2, 0x18C2, 0x18C2, 0x18C2, 0x18C2, 0x10A1, 0x18C2, 0x18C2, 0x10A1, 0x10A1,
    0x18C2, 0x10A1, 0x10A1, 0x10A1, 0x18C2, 0x18C2, 0x18C2, 0x18C2, 0x18C2, 0x20E3, 0x2944, 0x5A88, 0x736C, 0x8BEE, 0x736C, 0x4A27,
    0x41E6, 0x41E6, 0x39C5, 0x4A27, 0x62C9, 0x5AA9, 0x62EA, 0x83CD, 0x8BEE, 0x83CD, 0x7BAD, 0x838B, 0x736C, 0x838B, 0x736C, 0x83CD,
    0xACD0, 0xB533, 0xCE15, 0xE71B, 0xF77C, 0xEF3B, 0xE6FA, 0xE6FA, 0xE71B, 0xE6FA, 0xE6FA, 0xE71B, 0xEF1A, 0xEF1A, 0xE71B, 0xEF1A,
    0xE71B, 0xE71B, 0xEF3B, 0xEF3B, 0xEF3B, 0xEF3B, 0xEF5C, 0xF77C, 0xF77C, 0xF77C, 0xF77C, 0xF77D, 0xF77C, 0xF77D, 0xF77C, 0xF77D,
    0xF77D, 0xF77D, 0xF77D, 0xF77D, 0xF77D, 0xF77D, 0xEF1A, 0xD5F5, 0xBCAE, 0xB44D, 0xAC4D, 0xB42C, 0xAC4D, 0xB44D, 0xBC8D, 0xB46D,
    0xE6B8, 0xC532, 0xCD73, 0xCD73, 0xC532, 0xC532, 0xC532, 0xBCCF, 0xBCF2, 0xC510, 0xBCF2, 0xC510, 0xCDB4, 0xD5F5, 0xCDB4, 0xCDB4,
    0xD5D4, 0xD5D4, 0xD5D4, 0xCD93, 0xCD93, 0xCDB4, 0xD5D4, 0xD615, 0xCDB4, 0xB533, 0xA58E, 0x9D6D, 0xA58E, 0xA58E, 0xA5AE, 0xADCF,
    0xA5AE, 0xBE12, 0xEF39, 0xF77C, 0xF77C, 0xEF3B, 0xCD73, 0xA40C, 0xA3EB, 0xA40C, 0x93AA, 0x938A, 0x93AA, 0x8B6A, 0x8B49, 0x8BAB,
    0x9C4F, 0xA490, 0xACD0, 0xB533, 0xC5D5, 0xCE15, 0xC5B4, 0xBD94, 0xBD94, 0xBD94, 0xC5B4, 0xBD94, 0xBD73, 0xBD73, 0xAD12, 0x9470,
    0x736C, 0x6B0A, 0x62EA, 0x5268, 0x3985, 0x41E6, 0x62EA, 0x6B0A, 0x5268, 0x18C2, 0x10A1, 0x10A1, 0x10A1, 0x10A1, 0x18C2, 0x18C2,
    0x20E3, 0x20E3, 0x20E3, 0x20E3, 0x20E3, 0x20E3, 0x20E3, 0x20E3, 0x20E3, 0x20E3, 0x20E3, 0x18C2, 0x18C2, 0x18C2, 0x18C2, 0x18C2,
    0x18C2, 0x18C2, 0x20E3, 0x20E3, 0x20E3, 0x20E3, 0x20E3, 0x20E3, 0x20E3, 0x20E3, 0x18C2, 0x18C2, 0x18C2, 0x18C2, 0x10A1, 0x10A1,
    0x18C2, 0x18C2, 0x18C2, 0x18C2, 0x10A1, 0x10A1, 0x18C2, 0x10A1, 0x10A1, 0x10A1, 0x18C2, 0x18C2, 0x18C2, 0x18C2, 0x18C2, 0x18C2,
    0x18C2, 0x18C2, 0x18C2, 0x18C2, 0x18C2, 0x18C2, 0x18C2, 0x18C2, 0x18C2, 0x18C2, 0x18C2, 0x18C2, 0x18C2, 0x18C2, 0x18C2, 0x18C2,
    0x18C2, 0x18C2, 0x18C2, 0x18C2, 0x18C2, 0x18C2, 0x18C2, 0x20E3, 0x18C2, 0x18C2, 0x18C2, 0x18C2, 0x18C2, 0x18C2, 0x10A1, 0x18C2,
    0x18C2, 0x18C2, 0x18C2, 0x18C2, 0x18C2, 0x18C2, 0x18C2, 0x18C2, 0x2944, 0x5247, 0x6B4B, 0x8BEE, 0x8C2E, 0x8BEE, 0x5AA9, 0x41E6,
    0x41E6, 0x41E6, 0x41E6, 0x5A88, 0x62C9, 0x736C, 0x8BEE, 0x83CD, 0x7BAD, 0x7BAD, 0x838B, 0x736C, 0x736C, 0x736C, 0x9C0D, 0xACD0,
    0xACF1, 0xCE15, 0xEF5C, 0xEF5C, 0xE6FA, 0xE6FA, 0xE6FA, 0xE6FA, 0xE6FA, 0xE6FA, 0xE6FA, 0xE6FA, 0xE71B, 0xEF1A, 0xEF1A, 0xEF1A,
    0xEF1A, 0xE6FA, 0xEF19, 0xEF1A, 0xEF39, 0xEF39, 0xEF3B, 0xEF3B, 0xEF3B, 0xEF5C, 0xF77C, 0xF77C, 0xF77D, 0xF77C, 0xF77D, 0xF77D,
    0xF77D, 0xF77D, 0xF77D, 0xF77D, 0xF77D, 0xF77D, 0xF77D, 0xEF5C, 0xDE36, 0xBCAE, 0xAC4D, 0xB44D, 0xB44D, 0xB46D, 0xBC8D, 0xB44D,
    0xDEB9, 0xC532, 0xACD0, 0xC532, 0xCD72, 0xC532, 0xBCF2, 0xBCF2, 0xBCCF, 0xC532, 0xD5F5, 0xD615, 0xD5F5, 0xCDB4, 0xCD72, 0xCD72,
    0xCD72, 0xCD93, 0xCD93, 0xCD72, 0xCD72, 0xCD72, 0xCDB4, 0xD5D4, 0xCDB4, 0xCDB4, 0xAD0E, 0x84CB, 0x952D, 0xA5AE, 0xADCF, 0xA58E,
    0x9D6D, 0xC653, 0xEF3B, 0xF77C, 0xF77C, 0xF77C, 0xDE78, 0xA46E, 0xAC2C, 0x9BCB, 0x93AA, 0x93AA, 0x938A, 0x8B6A, 0x938A, 0x8B6A,
    0x838B, 0x9C0D, 0xACD0, 0xACD0, 0xACD0, 0xC5B4, 0xCE36, 0xC5D5, 0xBD94, 0xBD94, 0xBD94, 0xBD73, 0xBD73, 0xBD73, 0xBD73, 0xBD73,
    0xAD12, 0x9C4F, 0x736C, 0x62EA, 0x4A27, 0x3985, 0x5268, 0x6B0A, 0x5A88, 0x18C2, 0x0861, 0x10A1, 0x18C2, 0x10A1, 0x0861, 0x0861,
    0x10A1, 0x18C2, 0x20E3, 0x20E3, 0x20E3, 0x20E3, 0x20E3, 0x20E3, 0x20E3, 0x20E3, 0x20E3, 0x18C2, 0x18C2, 0x18C2, 0x18C2, 0x10A1,
    0x18C2, 0x10A1, 0x10A1, 0x18C2, 0x18C2, 0x20E3, 0x20E3, 0x20E3, 0x18C2, 0x18C2, 0x18C2, 0x20E3, 0x20E3, 0x18C2, 0x18C2, 0x18C2,
    0x18C2, 0x18C2, 0x18C2, 0x18C2, 0x10A1, 0x18C2, 0x18C2, 0x18C2, 0x18C2, 0x18C2, 0x18C2, 0x18C2, 0x18C2, 0x20E3, 0x18C2, 0x18C2,
    0x20E3, 0x18C2, 0x18C2, 0x18C2, 0x20E3, 0x18C2, 0x18C2, 0x18C2, 0x18C2, 0x18C2, 0x20E3, 0x20E3, 0x20E3, 0x18C2, 0x18C2, 0x18C2,
    0x20E3, 0x18C2, 0x18C2, 0x18C2, 0x18C2, 0x18C2, 0x20E3, 0x18C2, 0x18C2, 0x20E3, 0x18C2, 0x18C2, 0x18C2, 0x18C2, 0x20E3, 0x18C2,
    0x18C2, 0x18C2, 0x18C2, 0x20E3, 0x18C2, 0x18C2, 0x18C2, 0x20E3, 0x4A06, 0x736C, 0x8BEE, 0x8BEE, 0x8BEE, 0x6B4B, 0x4A06, 0x41E6,
    0x41E6, 0x41E6, 0x5268, 0x6B4B, 0x83CD, 0x8BEE, 0x7BAD, 0x7BAD, 0x838B, 0x7BAD, 0x7BAD, 0x836A, 0x7BAD, 0x9C4F, 0xACF1, 0xA490,
    0xBD73, 0xEF3B, 0xEF5C, 0xE6FA, 0xE6FA, 0xE6FA, 0xE6FA, 0xE6FA, 0xE6FA, 0xE71B, 0xE6FA, 0xE6FA, 0xE6F9, 0xEED9, 0xE6B7, 0xE697,
    0xEE94, 0xE655, 0xDE34, 0xDE34, 0xDE34, 0xE611, 0xE611, 0xDE34, 0xEE94, 0xEE94, 0xEF19, 0xEF39, 0xEF3B, 0xEF5C, 0xF77C, 0xF77D,
    0xF77D, 0xF77D, 0xF77D, 0xF77D, 0xF77D, 0xF77D, 0xF77D, 0xF77D, 0xF77C, 0xD657, 0xBCAE, 0xB44D, 0xB46D, 0xB46D, 0xB44D, 0xB42C,
    0xDEB9, 0xCD73, 0x9C0D, 0xA46E, 0xBCCF, 0xC510, 0xBCCF, 0xBCF2, 0xC510, 0xD5D4, 0xDE36, 0xDE36, 0xD615, 0xCD93, 0xCD73, 0xD5D4,
    0xCDB4, 0xCD73, 0xCD73, 0xCD73, 0xCD93, 0xCD73, 0xCD93, 0xD5F5, 0xD5D4, 0xCD73, 0xCD51, 0x84CB, 0x8CEC, 0xA5AE, 0xADCF, 0x9D6D,
    0xADCF, 0xDE96, 0xF77C, 0xF77C, 0xF77C, 0xF77D, 0xEF1A, 0xC510, 0xA3EB, 0x93AA, 0x9BAB, 0x93AA, 0x938A, 0x93AA, 0x938A, 0x938A,
    0x8B6A, 0x8B6A, 0x9C0D, 0xA490, 0xACD0, 0xACF1, 0xBD73, 0xCE15, 0xCE36, 0xC5D5, 0xBD73, 0xBD73, 0xBD73, 0xBD94, 0xBD73, 0xBD94,
    0xBD73, 0xBD94, 0xB533, 0xA490, 0x736C, 0x4A27, 0x39C5, 0x5A88, 0x5A88, 0x20E3, 0x0861, 0x0861, 0x10A1, 0x18C2, 0x18C2, 0x10A1,
    0x0861, 0x0861, 0x0861, 0x10A1, 0x18C2, 0x20E3, 0x20E3, 0x20E3, 0x20E3, 0x2944, 0x20E3, 0x20E3, 0x18C2, 0x10A1, 0x10A1, 0x10A1,
    0x10A1, 0x10A1, 0x18C2, 0x10A1, 0x10A1, 0x18C2, 0x18C2, 0x20E3, 0x18C2, 0x18C2, 0x18C2, 0x20E3, 0x20E3, 0x18C2, 0x10A1, 0x10A1,
    0x18C2, 0x18C2, 0x18C2, 0x10A1, 0x10A1, 0x18C2, 0x18C2, 0x18C2, 0x18C2, 0x18C2, 0x18C2, 0x18C2, 0x18C2, 0x20E3, 0x20E3, 0x20E3,
    0x20E3, 0x18C2, 0x18C2, 0x18C2, 0x20E3, 0x18C2, 0x18C2, 0x20E3, 0x20E3, 0x20E3, 0x20E3, 0x20E3, 0x20E3, 0x18C2, 0x20E3, 0x20E3,
    0x20E3, 0x20E3, 0x18C2, 0x20E3, 0x20E3, 0x20E3, 0x20E3, 0x18C2, 0x20E3, 0x18C2, 0x18C2, 0x20E3, 0x20E3, 0x18C2, 0x20E3, 0x20E3,
    0x18C2, 0x18C2, 0x18C2, 0x18C2, 0x10A1, 0x10A1, 0x20E3, 0x2944, 0x5AA9, 0x83CD, 0x8BEE, 0x8BEE, 0x7BAD, 0x5268, 0x41E6, 0x41E6,
    0x4A27, 0x62EA, 0x8BEE, 0x8C2E, 0x83CD, 0x7BAD, 0x838B, 0x7BAD, 0x7BAD, 0x838B, 0x7BAD, 0x8BEE, 0xACD0, 0xACF1, 0x9C0D, 0xA490,
    0xE6FA, 0xF77C, 0xE6FA, 0xE6FA, 0xE6DA, 0xE6FA, 0xDEFB, 0xE6FA, 0xE6FA, 0xE6FA, 0xE6D8, 0xDE96, 0xDE34, 0xE611, 0xE5CE, 0xE5CE,
    0xE5CE, 0xD56E, 0xE5CE, 0xE5CE, 0xE5CE, 0xE5CE, 0xE5CE, 0xE5CE, 0xE5CE, 0xE5CE, 0xE611, 0xDE34, 0xEE94, 0xE6B7, 0xEF19, 0xEF3B,
    0xF77C, 0xF77D, 0xF77D, 0xF77D, 0xF77D, 0xF77D, 0xF77D, 0xF77C, 0xF77C, 0xF77C, 0xD615, 0xBCAE, 0xB44D, 0xB42C, 0xA40C, 0x9BEC,
    0xDEB9, 0xC532, 0xA46E, 0x9C0D, 0xA46E, 0xA46E, 0xA46E, 0xB48E, 0xCDB4, 0xD615, 0xD5F5, 0xD5F5, 0xD615, 0xCDB4, 0xCD93, 0xCD93,
    0xCD73, 0xCD72, 0xCD73, 0xCD73, 0xCD93, 0xCD93, 0xD5D4, 0xD5F5, 0xCD93, 0xC532, 0xC532, 0xC532, 0xA58E, 0xB5EF, 0xADCF, 0xA5AE,
    0xB5EF, 0xDED6, 0xF77C, 0xF77C, 0xF77C, 0xF77C, 0xEF5C, 0xCDB4, 0xA40C, 0x9BAB, 0x93AA, 0x93AA, 0x9BAB, 0x93AA, 0x93AA, 0x93AA,
    0x93AA, 0x938A, 0x8B6A, 0x93CB, 0x9C4F, 0xACD0, 0xACF1, 0xAD12, 0xBD94, 0xCE36, 0xCE15, 0xC5B4, 0xBD73, 0xBD73, 0xBD73, 0xBD73,
    0xBD94, 0xBD94, 0xBD94, 0xBD73, 0xAD12, 0xA490, 0x734C, 0x5268, 0x4A06, 0x2944, 0x10A1, 0x10A1, 0x10A1, 0x10A1, 0x18C2, 0x20E3,
    0x20E3, 0x20E3, 0x10A1, 0x0861, 0x0861, 0x0861, 0x10A1, 0x18C2, 0x20E3, 0x20E3, 0x20E3, 0x20E3, 0x20E3, 0x18C2, 0x18C2, 0x18C2,
    0x10A1, 0x10A1, 0x10A1, 0x10A1, 0x10A1, 0x18C2, 0x18C2, 0x20E3, 0x20E3, 0x20E3, 0x20E3, 0x20E3, 0x20E3, 0x18C2, 0x18C2, 0x18C2,
    0x18C2, 0x10A1, 0x10A1, 0x10A1, 0x10A1, 0x18C2, 0x18C2, 0x18C2, 0x18C2, 0x18C2, 0x20E3, 0x18C2, 0x20E3, 0x20E3, 0x20E3, 0x20E3,
    0x18C2, 0x18C2, 0x18C2, 0x20E3, 0x20E3, 0x18C2, 0x18C2, 0x20E3, 0x20E3, 0x20E3, 0x20E3, 0x20E3, 0x20E3, 0x2944, 0x2944, 0x2944,
    0x20E3, 0x20E3, 0x2944, 0x20E3, 0x2944, 0x2944, 0x20E3, 0x20E3, 0x20E3, 0x18C2, 0x20E3, 0x20E3, 0x20E3, 0x20E3, 0x20E3, 0x18C2,
    0x10A1, 0x10A1, 0x10A1, 0x10A1, 0x10A1, 0x18C2, 0x20E3, 0x39C5, 0x736C, 0x8BEE, 0x8BEE, 0x8BEE, 0x62C9, 0x41E6, 0x4A27, 0x62EA,
    0x8BEE, 0x9C4F, 0x8C2E, 0x83CD, 0x83CD, 0x7BAD, 0x7BAD, 0x838B, 0x7BAD, 0x83CD, 0x9C4F, 0xAD12, 0xACD0, 0x8BEE, 0x83CD, 0xC5D5,
    0xF77D, 0xE6FA, 0xE6DA, 0xE6FA, 0xE6FA, 0xE6FA, 0xE6FA, 0xE6FA, 0xE6D8, 0xE655, 0xE611, 0xDDD0, 0xD56E, 0xCD2C, 0xCD2C, 0xCD2C,
    0xCD2C, 0xCD2C, 0xCD2C, 0xCD2C, 0xCD2C, 0xAD0E, 0xD56E, 0xCD2C, 0xAD0E, 0xD56E, 0xE5CE, 0xE5CE, 0xE5CE, 0xE5CE, 0xE611, 0xEE94,
    0xEEF8, 0xF73A, 0xF77C, 0xF77D, 0xF77D, 0xF77D, 0xF77C, 0xF77D, 0xF77C, 0xF77D, 0xEF3B, 0xCD73, 0xA40C, 0x9BCB, 0xA3EB, 0xAC2C,
    0xDE78, 0xCD73, 0xACF1, 0x9C0D, 0x9C0D, 0x9C0D, 0x9C0D, 0x9C0D, 0xCD73, 0xD5D4, 0xCDB4, 0xCD93, 0xCD73, 0xCD93, 0xCD73, 0xCD73,
    0xCD72, 0xCD73, 0xCD51, 0xCD73, 0xCDB4, 0xCD93, 0xCD93, 0xD5D4, 0xCD93, 0xC532, 0xC510, 0xCD73, 0xCD72, 0xB5B1, 0xADCF, 0xA5AE,
    0xADCF, 0xE717, 0xF77C, 0xF77C, 0xF77C, 0xF77C, 0xF77C, 0xDE36, 0xAC2C, 0x9BAB, 0x9BCB, 0x9BCB, 0x9BCB, 0x93AA, 0x93AA, 0x9BAB,
    0x9BAB, 0x9BAB, 0x93AA, 0x93AA, 0x8BAB, 0x9C0D, 0xACD0, 0xACF1, 0xACD0, 0xAD12, 0xC5D5, 0xD657, 0xCE15, 0xBD94, 0xBD73, 0xBD73,
    0xBD94, 0xBD94, 0xBD94, 0xBD73, 0xAD12, 0xAD12, 0xB533, 0xACF1, 0x8BEE, 0x5AA9, 0x20E3, 0x0861, 0x10A1, 0x0861, 0x10A1, 0x18C2,
    0x20E3, 0x2944, 0x2944, 0x20E3, 0x10A1, 0x0861, 0x0861, 0x0861, 0x0861, 0x10A1, 0x18C2, 0x18C2, 0x20E3, 0x20E3, 0x20E3, 0x20E3,
    0x18C2, 0x18C2, 0x18C2, 0x18C2, 0x10A1, 0x10A1, 0x18C2, 0x18C2, 0x18C2, 0x18C2, 0x20E3, 0x20E3, 0x20E3, 0x18C2, 0x18C2, 0x18C2,
    0x18C2, 0x18C2, 0x18C2, 0x10A1, 0x18C2, 0x20E3, 0x20E3, 0x20E3, 0x18C2, 0x18C2, 0x18C2, 0x20E3, 0x20E3, 0x20E3, 0x20E3, 0x20E3,
    0x18C2, 0x18C2, 0x18C2, 0x20E3, 0x20E3, 0x20E3, 0x20E3, 0x20E3, 0x20E3, 0x20E3, 0x20E3, 0x20E3, 0x20E3, 0x2944, 0x2944, 0x2944,
    0x2944, 0x2944, 0x20E3, 0x20E3, 0x20E3, 0x20E3, 0x18C2, 0x20E3, 0x20E3, 0x20E3, 0x20E3, 0x20E3, 0x18C2, 0x18C2, 0x10A1, 0x0861,
    0x0861, 0x0861, 0x10A1, 0x10A1, 0x10A1, 0x18C2, 0x2944, 0x6B0A, 0x8BEE, 0x8BEE, 0x83CD, 0x6B2B, 0x5268, 0x6B0A, 0x8BEE, 0xA490,
    0xA490, 0x9C4F, 0x8BEE, 0x83CD, 0x83CD, 0x7BAD, 0x7BAD, 0x7BAD, 0x8C2E, 0xACF1, 0xAD12, 0x9C4F, 0x8BEE, 0x838B, 0x8BEE, 0xE6FA,
    0xEF3B, 0xE6DA, 0xE6FA, 0xE6DA, 0xE6FA, 0xE6FA, 0xE6F9, 0xE697, 0xDDF3, 0xD56E, 0xCD2C, 0xCCCA, 0xCCCA, 0xCCCA, 0xCD2C, 0xCD2C,
    0xD56E, 0xCD2C, 0x84CB, 0x84CB, 0x9D6D, 0x7C8A, 0x9CCC, 0x946B, 0x63C7, 0x9CCC, 0xCD2C, 0xCD2C, 0xD56E, 0xD56E, 0xE5CE, 0xE5CE,
    0xE611, 0xEE94, 0xEF19, 0xEF5C, 0xF77D, 0xF77D, 0xF77D, 0xF77D, 0xF77C, 0xF77C, 0xF77D, 0xDE78, 0x9C0D, 0x9BCB, 0xAC2C, 0xB44D,
    0xDE78, 0xB533, 0xA490, 0x7BAD, 0x838B, 0x838B, 0x7BAD, 0x9C4F, 0xCD93, 0xCD93, 0xCD73, 0xCD73, 0xCD73, 0xCD73, 0xCD73, 0xCD73,
    0xCD73, 0xCD51, 0xCD73, 0xCD73, 0xCD73, 0xCD73, 0xC532, 0xCD93, 0xD5D4, 0xCD73, 0xBCF2, 0xC532, 0xC530, 0xA5AE, 0xB5EF, 0xADCF,
    0xBE12, 0xEF3B, 0xF77C, 0xF77C, 0xF77C, 0xF77C, 0xF77C, 0xDE78, 0xA46E, 0x9BAB, 0x9BAB, 0x9BCB, 0x9BAB, 0x9BAB, 0x93AA, 0x9BAB,
    0x9BAB, 0x9BAB, 0x9BCB, 0x9BCB, 0x9BAB, 0x8B8B, 0x93CC, 0xA46E, 0xACD0, 0xACD0, 0xACF1, 0xBD73, 0xCE36, 0xDE78, 0xCE15, 0xC5B4,
    0xBD94, 0xBD94, 0xBD73, 0xB533, 0xACF1, 0xACF1, 0xAD12, 0xBD73, 0xC5B4, 0xBD94, 0x9CB1, 0x6B0A, 0x3985, 0x18C2, 0x0861, 0x18C2,
    0x20E3, 0x2944, 0x2944, 0x3985, 0x3985, 0x2944, 0x18C2, 0x10A1, 0x0861, 0x0861, 0x0861, 0x0861, 0x10A1, 0x10A1, 0x18C2, 0x20E3,
    0x20E3, 0x20E3, 0x20E3, 0x20E3, 0x20E3, 0x18C2, 0x18C2, 0x18C2, 0x18C2, 0x18C2, 0x20E3, 0x20E3, 0x18C2, 0x18C2, 0x18C2, 0x18C2,
    0x18C2, 0x18C2, 0x18C2, 0x18C2, 0x20E3, 0x20E3, 0x20E3, 0x20E3, 0x20E3, 0x18C2, 0x18C2, 0x20E3, 0x18C2, 0x20E3, 0x18C2, 0x20E3,
    0x20E3, 0x18C2, 0x20E3, 0x20E3, 0x20E3, 0x20E3, 0x20E3, 0x20E3, 0x20E3, 0x20E3, 0x2944, 0x20E3, 0x20E3, 0x2944, 0x20E3, 0x2944,
    0x20E3, 0x20E3, 0x20E3, 0x20E3, 0x20E3, 0x20E3, 0x20E3, 0x20E3, 0x20E3, 0x18C2, 0x18C2, 0x10A1, 0x10A1, 0x0861, 0x0861, 0x0861,
    0x0861, 0x10A1, 0x10A1, 0x10A1, 0x18C2, 0x2944, 0x62C9, 0x8BEE, 0x8BEE, 0x7BAD, 0x736C, 0x736C, 0x8BEE, 0xA490, 0xACD0, 0xACD0,
    0xA490, 0x9C0D, 0x8BEE, 0x83CD, 0x7BAD, 0x7BAD, 0x8BEE, 0xACD0, 0xB533, 0xACD0, 0x9C0D, 0x83CD, 0x836A, 0x7309, 0xACD0, 0xEF5C,
    0xE71B, 0xE6DA, 0xE6DA, 0xDEFB, 0xE6FA, 0xEED9, 0xE655, 0xDDD0, 0xCD2C, 0xCCCA, 0xCCCA, 0xCCCA, 0xCD2C, 0xD56E, 0x9CCC, 0x9CCC,
    0x9CCC, 0x84CB, 0x63E9, 0x63C7, 0x63C7, 0x6C29, 0x6C29, 0x946B, 0x744A, 0x9CCC, 0x9CCC, 0xCCCA, 0xCD2C, 0xCD2C, 0xCD2C, 0xCD2C,
    0xD56E, 0xE5CE, 0xE611, 0xEEF8, 0xEF5C, 0xF77D, 0xF77D, 0xF77D, 0xF77D, 0xF77C, 0xF77D, 0xEF3B, 0xBCF2, 0xAC2C, 0xB44D, 0xB46D,
    0xDEB9, 0xBD94, 0x946B, 0x6C29, 0x6C29, 0x63C7, 0x744A, 0xAD0E, 0xCDB4, 0xCD51, 0xC532, 0xC532, 0xCD93, 0xD5D4, 0xCD72, 0xC532,
    0xC532, 0xCD93, 0xD5D4, 0xCD93, 0xCD73, 0xCD73, 0xC532, 0xCD73, 0xD5D4, 0xCD93, 0xC532, 0xC532, 0x9CCC, 0x8CEC, 0xADCF, 0xBE12,
    0xDEB9, 0xF77C, 0xF77C, 0xF77C, 0xF77C, 0xF77C, 0xF77C, 0xE6DA, 0xB48E, 0xA40C, 0xAC2C, 0xA40C, 0x9BCB, 0x93AA, 0x93AA, 0x9BAB,
    0x9BCB, 0x9BCB, 0x9BAB, 0x9BCB, 0x9BCB, 0x9BAB, 0x93AA, 0x93AA, 0x9C0D, 0xA490, 0xACF1, 0xACF1, 0xAD12, 0xBD94, 0xD657, 0xDE78,
    0xCE36, 0xC5B4, 0xBD73, 0xB533, 0xACF1, 0xACF1, 0xAD12, 0xBD73, 0xBD94, 0xCE15, 0xDEB9, 0xE6DA, 0xC5D5, 0x9470, 0x5AA9, 0x2944,
    0x20E3, 0x2944, 0x2944, 0x2944, 0x2944, 0x3985, 0x3985, 0x3985, 0x2944, 0x18C2, 0x0861, 0x0861, 0x0861, 0x0861, 0x0861, 0x10A1,
    0x10A1, 0x10A1, 0x18C2, 0x18C2, 0x20E3, 0x20E3, 0x20E3, 0x18C2, 0x18C2, 0x20E3, 0x20E3, 0x10A1, 0x18C2, 0x18C2, 0x18C2, 0x20E3,
    0x18C2, 0x20E3, 0x20E3, 0x20E3, 0x20E3, 0x20E3, 0x20E3, 0x20E3, 0x20E3, 0x20E3, 0x20E3, 0x20E3, 0x18C2, 0x20E3, 0x20E3, 0x20E3,
    0x20E3, 0x20E3, 0x20E3, 0x20E3, 0x20E3, 0x20E3, 0x20E3, 0x20E3, 0x20E3, 0x20E3, 0x20E3, 0x20E3, 0x20E3, 0x20E3, 0x20E3, 0x20E3,
    0x20E3, 0x20E3, 0x20E3, 0x20E3, 0x20E3, 0x18C2, 0x18C2, 0x10A1, 0x10A1, 0x10A1, 0x10A1, 0x0861, 0x0861, 0x0861, 0x0861, 0x0861,
    0x0861, 0x10A1, 0x10A1, 0x18C2, 0x2944, 0x62C9, 0x7BAD, 0x7BAD, 0x7BAD, 0x83CD, 0x8C2E, 0xA490, 0xA490, 0xACD0, 0xACD0, 0xB48E,
    0x9C4F, 0x8BEE, 0x8BEE, 0x83CD, 0x8BEE, 0xA490, 0xB533, 0xAD12, 0x9C4F, 0x8BEE, 0x83CD, 0x836A, 0x7309, 0x8329, 0xBD94, 0xF77C,
    0xE6FA, 0xE6DA, 0xE6F9, 0xE6FA, 0xE6F9, 0xE655, 0xDDD0, 0xCD2C, 0xCCCA, 0xCCCA, 0xBC69, 0xBC69, 0xDE34, 0xEF1A, 0xD655, 0x9CCC,
    0x63E9, 0x6C29, 0x63C7, 0x63C7, 0x5B88, 0x63C7, 0x63C7, 0x6C29, 0x744A, 0x744A, 0x6C29, 0x9CCC, 0xCCCA, 0xCCCA, 0xD56E, 0xCD2C,
    0xCD2C, 0xD56E, 0xE5CE, 0xE611, 0xEEF5, 0xEF5C, 0xF77D, 0xF77D, 0xF77D, 0xF77C, 0xF77C, 0xF77D, 0xD615, 0xB44D, 0xB46D, 0xB46D,
    0xDEB9, 0xD5D4, 0xCDB4, 0xCDB4, 0xCDB4, 0xBD94, 0xAD0E, 0xACF1, 0xCD93, 0xC532, 0xCD93, 0xD5F5, 0xDE36, 0xDE36, 0xCD73, 0xC532,
    0xCD93, 0xD5D4, 0xD5D4, 0xCD73, 0xC532, 0xCD73, 0xC532, 0xCD51, 0xCD93, 0xCD73, 0xCD72, 0xC532, 0x744A, 0x744A, 0xADCF, 0xC653,
    0xE6F9, 0xF77D, 0xF77C, 0xF77C, 0xF77C, 0xF77C, 0xF77C, 0xE6DA, 0xA46E, 0x9BAB, 0x9BCB, 0xA40C, 0xAC2C, 0xA40C, 0xA3EB, 0xA3EB,
    0x9BCB, 0x9BAB, 0x9BCB, 0x9BCB, 0x9BAB, 0x9BAB, 0x9BAB, 0x93AA, 0x8B49, 0x8BAB, 0x9C4F, 0xACD0, 0xACF1, 0xACF1, 0xACF1, 0xBD94,
    0xD657, 0xDEB9, 0xDE36, 0xC5B4, 0xBD73, 0xB533, 0xBD73, 0xBD73, 0xC5B4, 0xDE78, 0xE6DA, 0xE6FA, 0xE6FA, 0xE6F9, 0xDE78, 0xBD73,
    0x8BEE, 0x62C9, 0x41E6, 0x3985, 0x2944, 0x2944, 0x2944, 0x3985, 0x3985, 0x3985, 0x3985, 0x2944, 0x18C2, 0x0861, 0x0861, 0x0861,
    0x0861, 0x0861, 0x0861, 0x0861, 0x0861, 0x0861, 0x10A1, 0x10A1, 0x10A1, 0x18C2, 0x18C2, 0x18C2, 0x18C2, 0x18C2, 0x18C2, 0x20E3,
    0x20E3, 0x20E3, 0x20E3, 0x20E3, 0x20E3, 0x20E3, 0x20E3, 0x18C2, 0x20E3, 0x20E3, 0x20E3, 0x20E3, 0x20E3, 0x20E3, 0x20E3, 0x20E3,
    0x20E3, 0x20E3, 0x20E3, 0x20E3, 0x20E3, 0x20E3, 0x20E3, 0x20E3, 0x20E3, 0x20E3, 0x20E3, 0x20E3, 0x20E3, 0x20E3, 0x20E3, 0x18C2,
    0x18C2, 0x18C2, 0x18C2, 0x18C2, 0x18C2, 0x10A1, 0x10A1, 0x10A1, 0x0861, 0x0861, 0x0861, 0x0861, 0x0861, 0x0861, 0x0861, 0x0861,
    0x10A1, 0x10A1, 0x18C2, 0x2944, 0x5AA9, 0x734C, 0x7BAD, 0x8BEE, 0x9C4F, 0x9C4F, 0x9C4F, 0x9C4F, 0xA46E, 0xA490, 0xACD0, 0xA490,
    0xA490, 0x8C2E, 0x8C2E, 0xA490, 0xB533, 0xB533, 0xA490, 0x8BEE, 0x8BEE, 0x8BAB, 0x7B2A, 0x7309, 0x8329, 0x8B49, 0xC5D5, 0xF77D,
    0xE6FA, 0xE6DA, 0xE6DA, 0xE6DA, 0xDE96, 0xDDD0, 0xCD2C, 0xCCCA, 0xBC69, 0xCCCA, 0xD56E, 0xD56E, 0xDDF3, 0xE697, 0xDE96, 0xAD0E,
    0x63E9, 0x63E9, 0x63C7, 0x63C7, 0x5B88, 0x63C7, 0xBE12, 0xE697, 0xBE12, 0x744A, 0x6C29, 0x84CB, 0x84CB, 0x9D6D, 0xC653, 0xB5B1,
    0xCCCA, 0xCCCA, 0xCD2C, 0xD56E, 0xE611, 0xEEF8, 0xF77C, 0xF77D, 0xF77D, 0xF77D, 0xEF5C, 0xF77D, 0xDE78, 0xB46D, 0xB44D, 0xB42C,
    0xDE78, 0xCD93, 0xCDB4, 0xCDB4, 0xD5D4, 0xD5D4, 0xD5D4, 0xCD93, 0xCD73, 0xC532, 0xCD73, 0xCDB4, 0xCD93, 0xD615, 0xDE36, 0xD5D4,
    0xD615, 0xD5D4, 0xCD51, 0xC530, 0xC510, 0xC532, 0xC532, 0xCD93, 0xCD93, 0xCD73, 0xCD73, 0xC510, 0x744A, 0x7C8A, 0xB5EF, 0xC653,
    0xEF39, 0xF77C, 0xF77C, 0xF77C, 0xF77C, 0xF77C, 0xF77C, 0xE6DA, 0xBCCF, 0xAC2C, 0x9BEC, 0x93AA, 0x9BAB, 0xA3EB, 0xA40C, 0xA40C,
    0xA3EB, 0x9BCB, 0x9BCB, 0x9BCB, 0x9BCB, 0x9BAB, 0x93AA, 0x93AA, 0x93AA, 0x9BAB, 0x93AA, 0x93CC, 0x9C4F, 0xACD0, 0xACF1, 0xACF1,
    0xAD12, 0xC5B4, 0xD657, 0xDE78, 0xD657, 0xDE36, 0xCE15, 0xCE15, 0xD657, 0xDE78, 0xE6DA, 0xE6F9, 0xDEB9, 0xDEB9, 0xDE78, 0xD657,
    0xCE36, 0xC5B4, 0xACF1, 0x8BEE, 0x6B0A, 0x5247, 0x39C5, 0x3985, 0x2944, 0x3985, 0x3985, 0x3985, 0x39C5, 0x3985, 0x2944, 0x20E3,
    0x10A1, 0x0861, 0x0861, 0x0861, 0x0861, 0x0861, 0x0861, 0x0861, 0x0861, 0x10A1, 0x10A1, 0x0861, 0x0861, 0x10A1, 0x10A1, 0x10A1,
    0x10A1, 0x10A1, 0x18C2, 0x18C2, 0x18C2, 0x18C2, 0x20E3, 0x18C2, 0x18C2, 0x20E3, 0x20E3, 0x20E3, 0x20E3, 0x20E3, 0x20E3, 0x18C2,
    0x18C2, 0x18C2, 0x20E3, 0x20E3, 0x18C2, 0x18C2, 0x18C2, 0x18C2, 0x10A1, 0x10A1, 0x10A1, 0x10A1, 0x0861, 0x0861, 0x0861, 0x10A1,
    0x18C2, 0x18C2, 0x20E3, 0x20E3, 0x20E3, 0x10A1, 0x0861, 0x0861, 0x0861, 0x0861, 0x0861, 0x0861, 0x0861, 0x0861, 0x0861, 0x10A1,
    0x18C2, 0x2944, 0x4A06, 0x6B0A, 0x83CD, 0x8BEE, 0x8C2E, 0x9C4F, 0x9C4F, 0x9C4F, 0x8C2E, 0x8C2E, 0xA490, 0xACD0, 0xA490, 0xA490,
    0xACD0, 0xACF1, 0xBD73, 0xBD73, 0xA490, 0x9C0D, 0x83CD, 0x83CD, 0x836A, 0x7309, 0x8329, 0x7AE8, 0x8329, 0xA40C, 0xCE15, 0xF77D,
    0xE6FA, 0xE6DA, 0xE6DA, 0xE6D8, 0xDDF3, 0xCD2C, 0xCCCA, 0xBC69, 0xB406, 0xCD2C, 0xEEF8, 0xEEF8, 0xE697, 0xDE34, 0xB5B1, 0x744A,
    0x5B88, 0x6C29, 0x84CB, 0x9CCC, 0x6C29, 0x63C7, 0xC653, 0xEEF8, 0xE6D8, 0x9CCC, 0x63C7, 0x7C8A, 0x63C7, 0x744A, 0x9CCC, 0x9CCC,
    0xDDF3, 0xDDF3, 0xD56E, 0xCD2C, 0xE5CE, 0xDE34, 0xEF39, 0xF77D, 0xF77C, 0xF77C, 0xEF5C, 0xF77C, 0xDEB9, 0xBCAE, 0xB42C, 0xAC4D,
    0xE6F9, 0xDE36, 0xD5F5, 0xCDB4, 0xCD73, 0xCD73, 0xCD73, 0xCDB4, 0xD5D4, 0xCDB4, 0xC510, 0xBCF2, 0xC532, 0xC532, 0xD615, 0xDE36,
    0xCDB4, 0xC532, 0xC530, 0xC532, 0xC510, 0xC532, 0xCD93, 0xCD93, 0xCD93, 0xCD73, 0xCD72, 0xC532, 0x84CB, 0x952D, 0xC653, 0xC653,
    0xEF3B, 0xF77C, 0xF77C, 0xF77C, 0xF77C, 0xF77C, 0xF77C, 0xDEB9, 0xB48E, 0xAC4D, 0xAC4D, 0xAC2C, 0xA3EB, 0x9BAB, 0x9BAB, 0xA3EB,
    0xA3EB, 0x9BCB, 0x9BAB, 0x9BCB, 0x9BCB, 0x93AA, 0x9BAB, 0x9BAB, 0x9BAB, 0x9BAB, 0x93AA, 0x938A, 0x93AA, 0x9BEC, 0xA46E, 0xACD0,
    0xACF1, 0xACF1, 0xAD12, 0xBD73, 0xCE36, 0xDEB9, 0xE6DA, 0xE6DA, 0xE6F9, 0xE6F9, 0xE6F9, 0xDEB9, 0xD657, 0xCE36, 0xC5B4, 0xBD73,
    0xB533, 0xB533, 0xB533, 0xB533, 0xAD12, 0xACD0, 0x8C2E, 0x736C, 0x62C9, 0x5247, 0x39C5, 0x3985, 0x3985, 0x3985, 0x3985, 0x3985,
    0x3985, 0x2944, 0x2944, 0x20E3, 0x18C2, 0x10A1, 0x0861, 0x0861, 0x0861, 0x20E3, 0x10A1, 0x0861, 0x0861, 0x0861, 0x0861, 0x0861,
    0x0861, 0x0861, 0x0861, 0x0861, 0x0861, 0x0861, 0x0861, 0x0861, 0x0861, 0x0861, 0x0861, 0x0861, 0x0861, 0x0861, 0x0861, 0x0861,
    0x0861, 0x0861, 0x0861, 0x0861, 0x0861, 0x0861, 0x0861, 0x0861, 0x0861, 0x0861, 0x0861, 0x0861, 0x0861, 0x10A1, 0x18C2, 0x2944,
    0x2944, 0x2944, 0x20E3, 0x10A1, 0x0861, 0x0861, 0x0861, 0x0861, 0x0861, 0x0861, 0x0861, 0x0861, 0x0861, 0x18C2, 0x2944, 0x4A27,
    0x62EA, 0x7BAD, 0x8BEE, 0x8C2E, 0x8C2E, 0x8C2E, 0x8C2E, 0x8C2E, 0x9C4F, 0x9C4F, 0x8C2E, 0x9C0D, 0x9C4F, 0xA490, 0xA490, 0xBCF2,
    0xBD73, 0xBD73, 0xACF1, 0x9C0D, 0x8BEE, 0x83CD, 0x838B, 0x7B2A, 0x8329, 0x8329, 0x7AE8, 0x8B49, 0xAC2C, 0xBCAE, 0xCDB4, 0xF77C,
    0xE6FA, 0xE6DA, 0xE6DA, 0xDE96, 0xDDD0, 0xCCCA, 0xBC69, 0xB406, 0xB406, 0xCCCA, 0xDE34, 0xDDF3, 0xE655, 0xEE94, 0xE655, 0xAD0E,
    0x63C7, 0x84CB, 0xA5AE, 0xB5B1, 0x84CB, 0x63C7, 0x84CB, 0xB5B1, 0xB5B1, 0x7C8A, 0x84CB, 0x9CCC, 0x63C7, 0x5B88, 0x63E9, 0xAD0E,
    0xEEF8, 0xF77A, 0xE6D8, 0xD56E, 0xCD2C, 0xE5CE, 0xE6D8, 0xEF5C, 0xF77C, 0xF77C, 0xEF5C, 0xF77C, 0xDEB9, 0xB48E, 0xAC2C, 0xB44D,
    0xDEB9, 0xCDB4, 0xCD93, 0xCD93, 0xCD93, 0xCD73, 0xCD93, 0xD5D4, 0xD5D4, 0xCD93, 0xC510, 0xA46E, 0xBCCF, 0xC510, 0xC532, 0xD5D4,
    0xCD93, 0xC532, 0xC532, 0xC532, 0xCD73, 0xCDB4, 0xCDB4, 0xCD73, 0xCD93, 0xCD93, 0xCD93, 0xCD51, 0x9D6D, 0xBE12, 0xBE12, 0xC653,
    0xEF3B, 0xF77C, 0xF77C, 0xF77C, 0xF77C, 0xF77C, 0xF77C, 0xDE36, 0xA46E, 0xAC2C, 0xAC4D, 0xAC6D, 0xB46D, 0xAC4D, 0xA40C, 0x9BEC,
    0x9BAB, 0x93AA, 0x938A, 0x9BAB, 0x9BAB, 0x9BAB, 0x9BAB, 0x9BAB, 0x9BAB, 0x9BAB, 0x9BAB, 0x9BAB, 0x9BAB, 0x9BAB, 0x93CB, 0x9C0D,
    0xA490, 0xACF1, 0xACF1, 0xACF1, 0xAD12, 0xBD73, 0xCE15, 0xDEB9, 0xE6FA, 0xEF3B, 0xEF1A, 0xE6DA, 0xDE36, 0xC5B4, 0xBD73, 0xB533,
    0xAD12, 0xACF1, 0xAD12, 0xACF1, 0xACF1, 0xACF1, 0xACF1, 0xACF1, 0xACD0, 0x9C4F, 0x8C2E, 0x7BAD, 0x62EA, 0x5A88, 0x4A27, 0x41E6,
    0x3985, 0x3985, 0x3985, 0x3985, 0x3985, 0x3985, 0x2944, 0x2944, 0x2944, 0x2944, 0x20E3, 0x10A1, 0x0861, 0x0861, 0x0861, 0x0861,
    0x0861, 0x0861, 0x0861, 0x0861, 0x0861, 0x0861, 0x0861, 0x0861, 0x0861, 0x0861, 0x0861, 0x0861, 0x0861, 0x0861, 0x0861, 0x0861,
    0x0861, 0x0861, 0x0861, 0x0861, 0x0861, 0x0861, 0x0861, 0x0861, 0x0861, 0x10A1, 0x20E3, 0x20E3, 0x2944, 0x3985, 0x3985, 0x2944,
    0x20E3, 0x10A1, 0x0861, 0x0861, 0x0861, 0x0861, 0x0861, 0x0861, 0x10A1, 0x20E3, 0x3985, 0x4A06, 0x62C9, 0x736C, 0x8BEE, 0x8C2E,
    0x9C4F, 0x9C4F, 0x8C2E, 0x8C2E, 0x8C2E, 0x9C0D, 0x8C2E, 0x9C4F, 0x9C4F, 0x8C2E, 0x8C2E, 0x8C2E, 0xA490, 0xB533, 0xBD94, 0xBD73,
    0xACD0, 0x9C4F, 0x9C0D, 0x8BEE, 0x838B, 0x7B2A, 0x8329, 0x8329, 0x8329, 0x6AE9, 0x938A, 0xB44D, 0xBCAE, 0xBCAE, 0xC530, 0xEF3B,
    0xEF3B, 0xE6DA, 0xE6DA, 0xE655, 0xD56E, 0xCCCA, 0xBC69, 0xB406, 0xB406, 0xB406, 0xB406, 0xB406, 0xDDD0, 0xDDF3, 0xE655, 0xE655,
    0x946B, 0xAD0E, 0xA5AE, 0x6C29, 0x9CCC, 0x9CCC, 0x6C29, 0x63E9, 0x63C7, 0x5B88, 0x6C29, 0x7C8A, 0x6C29, 0x744A, 0x63C7, 0xAD0E,
    0xE6D8, 0xEEF8, 0xE6B7, 0xCD2C, 0xCCCA, 0xE5CE, 0xEE94, 0xEF3B, 0xF77C, 0xF77C, 0xEF3B, 0xF77C, 0xD657, 0xAC4D, 0xAC4D, 0xB46D,
    0xDE78, 0xCD73, 0xCD73, 0xCD93, 0xCD93, 0xCD93, 0xCD93, 0xCD73, 0xD5D4, 0xD5D4, 0xC532, 0xA46E, 0xA46E, 0xBCF2, 0xBCF2, 0xCD51,
    0xCD93, 0xCDB4, 0xCD72, 0xCD93, 0xD5D4, 0xD5F5, 0xCD93, 0xCD72, 0xC510, 0xC510, 0xC530, 0xACF1, 0xA5AE, 0xC653, 0xBE12, 0xDEB9,
    0xEF3B, 0xF77C, 0xF77C, 0xF77C, 0xF77C, 0xF77C, 0xEF5C, 0xC5B4, 0xAC2C, 0xB44D, 0xAC6D, 0xAC6D, 0xAC2C, 0xAC4D, 0xAC6D, 0xAC6D,
    0xAC4D, 0xA40C, 0x9BCB, 0x938A, 0x938A, 0x9BAB, 0x9BCB, 0x9BCB, 0x9BCB, 0x9BCB, 0x9BCB, 0x9BCB, 0x9BCB, 0xB48E, 0xCD93, 0xD5F5,
    0xD615, 0xD5F5, 0xCD73, 0xB533, 0xAD12, 0xAD12, 0xB533, 0xBD73, 0xC5B4, 0xCE36, 0xE6DA, 0xE6FA, 0xE6DA, 0xD657, 0xC5B4, 0xB533,
    0xAD12, 0xACF1, 0xACF1, 0xACF1, 0xACF1, 0xACD0, 0xACD0, 0xACD0, 0x9CB1, 0xACD0, 0xACD0, 0xACD0, 0xACD0, 0xA490, 0x9C4F, 0x8BEE,
    0x736C, 0x6B0A, 0x5AA9, 0x5247, 0x4A06, 0x41E6, 0x39C5, 0x3985, 0x3985, 0x3985, 0x3985, 0x3985, 0x2944, 0x2944, 0x2944, 0x20E3,
    0x20E3, 0x20E3, 0x18C2, 0x18C2, 0x18C2, 0x10A1, 0x10A1, 0x0861, 0x10A1, 0x0861, 0x10A1, 0x10A1, 0x10A1, 0x10A1, 0x10A1, 0x10A1,
    0x18C2, 0x18C2, 0x20E3, 0x20E3, 0x2944, 0x2944, 0x2944, 0x3985, 0x3985, 0x3985, 0x39C5, 0x3985, 0x2944, 0x2944, 0x18C2, 0x10A1,
    0x0861, 0x0861, 0x0861, 0x10A1, 0x20E3, 0x2944, 0x4A06, 0x62C9, 0x736C, 0x8BEE, 0x8C2E, 0x8C2E, 0x8C2E, 0x9C4F, 0x9C4F, 0x9C4F,
    0x9C4F, 0x8C2E, 0x8BEE, 0x8C2E, 0x8C2E, 0x8C2E, 0x9C0D, 0x8C2E, 0x9C4F, 0x9C4F, 0xACD0, 0xB533, 0xBD94, 0xB533, 0xACD0, 0x9C4F,
    0x9C4F, 0x9C0D, 0x83CD, 0x7B2A, 0x7309, 0x8B49, 0x8B49, 0x7AE8, 0x72A7, 0x93AA, 0xB46D, 0xBCAE, 0xBCAE, 0xBCAE, 0xBCAE, 0xD657,
    0xF77D, 0xE6F9, 0xE6DA, 0xDE34, 0xCD2C, 0xCCCA, 0xBC69, 0xB406, 0xB406, 0xB406, 0xB3C8, 0xB406, 0xCD72, 0xDE34, 0xDE34, 0xAD0E,
    0x63C7, 0x744A, 0x744A, 0x5B88, 0x9CCC, 0xAD0E, 0x63C7, 0x5B88, 0x63C7, 0x5B88, 0x7C8A, 0xAD0E, 0x744A, 0x8C09, 0x63C7, 0xAD0E,
    0xE655, 0xE655, 0xDDF3, 0xCD2C, 0xBC69, 0xCD2C, 0xE611, 0xEF39, 0xF77C, 0xEF5C, 0xEF3B, 0xF77C, 0xD5D4, 0xAC4D, 0xB44D, 0xB44D,
    0xDEB9, 0xD5F5, 0xCD93, 0xCD73, 0xD5D4, 0xCDB4, 0xCD73, 0xC532, 0xCD73, 0xCDB4, 0xCD73, 0xBCCF, 0xA46E, 0xBCCF, 0xBCF2, 0xBCCF,
    0xBCF2, 0xC532, 0xCD93, 0xCD73, 0xCD93, 0xCD93, 0xCD73, 0xCD51, 0xBCCF, 0xBCCF, 0xBCCF, 0xAD0E, 0xADCF, 0xBE12, 0xDE76, 0xEF3B,
    0xEF5C, 0xF77C, 0xF77C, 0xF77C, 0xF77C, 0xF77C, 0xEF1A, 0xBCF2, 0xA40C, 0xB44D, 0xAC4D, 0xAC2C, 0xAC4D, 0xAC6D, 0xAC6D, 0xB44D,
    0xAC4D, 0xAC2C, 0xAC2C, 0xAC2C, 0xA3EB, 0xA3EB, 0xA3EB, 0x9BCB, 0x9BCB, 0x9BEC, 0x9BCB, 0x9BCB, 0xB48E, 0xDE78, 0xF73A, 0xF73A,
    0xF73A, 0xF73A, 0xE6F9, 0xE6B8, 0xD5F5, 0xB533, 0xACF1, 0xB533, 0xAD12, 0xB533, 0xBD94, 0xC5B4, 0xCE36, 0xDE78, 0xDEB9, 0xD657,
    0xC5D5, 0xBD94, 0xB533, 0xAD12, 0xACF1, 0xACD0, 0x9CB1, 0x9CB1, 0xA490, 0xACD0, 0xA490, 0xA490, 0xACD0, 0xACD0, 0xACD0, 0xACD0,
    0xACD0, 0xACD0, 0xA490, 0x9C4F, 0x8C2E, 0x83CD, 0x736C, 0x6B0A, 0x62C9, 0x5A88, 0x4A27, 0x41E6, 0x41E6, 0x39C5, 0x3985, 0x3985,
    0x3985, 0x3985, 0x3985, 0x3985, 0x3985, 0x3985, 0x3985, 0x3985, 0x3985, 0x3985, 0x3985, 0x3985, 0x3985, 0x3985, 0x3985, 0x3985,
    0x3985, 0x3985, 0x39C5, 0x39C5, 0x39C5, 0x3985, 0x3985, 0x3985, 0x3985, 0x2944, 0x2944, 0x20E3, 0x20E3, 0x2944, 0x2944, 0x39C5,
    0x5247, 0x62C9, 0x736C, 0x8C2E, 0x9CB1, 0xACF1, 0xAD12, 0xAD12, 0xACD0, 0xA490, 0x9C4F, 0x8C2E, 0x8C2E, 0x8C2E, 0x8C2E, 0x8C2E,
    0x8C2E, 0x8C2E, 0x8C2E, 0x8C2E, 0x9C0D, 0x8C2E, 0x9C4F, 0xA490, 0xAD12, 0xBD94, 0xBD94, 0xB533, 0xACD0, 0xA490, 0x9C4F, 0x9C0D,
    0x83CD, 0x836A, 0x8329, 0x8329, 0x8B6A, 0x8B6A, 0x7AE8, 0x8329, 0x9BEC, 0xAC2C, 0xBC8D, 0xBCAE, 0xBC8D, 0xB44D, 0xBC4C, 0xC532,
    0xEF3B, 0xEF3B, 0xDEB9, 0xDE34, 0xCD2C, 0xCCCA, 0xBC69, 0xB406, 0xB406, 0xB406, 0xB406, 0xDDD0, 0xEF19, 0xEEF8, 0xEE94, 0x9CCC,
    0x63C7, 0x63C7, 0x5347, 0x9CCC, 0xAD0E, 0x6C29, 0x5B88, 0x5347, 0x5B88, 0x63C7, 0x6C29, 0x9CCC, 0x63C7, 0x63C7, 0x5B88, 0x946B,
    0xD56E, 0xDE34, 0xEE94, 0xD56E, 0xB406, 0xCCCA, 0xE611, 0xEF19, 0xEF5C, 0xEF3B, 0xF77C, 0xEF1A, 0xBCF2, 0xAC4D, 0xB44D, 0xB44D,
    0xE6DA, 0xDE36, 0xD5F5, 0xCDB4, 0xD5D4, 0xCD93, 0xCD93, 0xCD93, 0xCD73, 0xCD51, 0xC532, 0xC532, 0x946B, 0x9C0D, 0xBCCF, 0xBCCF,
    0xBCCF, 0xBCF2, 0xCD73, 0xCD73, 0xC530, 0xC510, 0xCD93, 0xCD51, 0xBCCF, 0xA46E, 0x9CCC, 0xA5AE, 0xB5EF, 0xCDF3, 0xE6FA, 0xEF5C,
    0xF77C, 0xF77C, 0xF77C, 0xF77C, 0xF77C, 0xEF5C, 0xDE78, 0x9C0D, 0xA40C, 0xAC4D, 0xAC4D, 0xB44D, 0xAC6D, 0xAC6D, 0xAC6D, 0xAC2C,
    0xAC2C, 0xAC4D, 0xB44D, 0xB44D, 0xB44D, 0xAC4D, 0xAC2C, 0xA40C, 0xA40C, 0xA3EB, 0x9BCB, 0xA46E, 0xDE36, 0xF6D9, 0xF6D9, 0xF6D9,
    0xF6D9, 0xF6B9, 0xF6D9, 0xF6FA, 0xF6FA, 0xDE36, 0xBCCF, 0xACD0, 0xACD0, 0xACF1, 0xAD12, 0xAD12, 0xB533, 0xBD73, 0xBD94, 0xC5D5,
    0xD657, 0xDE78, 0xD657, 0xCE15, 0xBD94, 0xB533, 0xAD12, 0xACF1, 0xACD0, 0xACD0, 0xACD0, 0xACD0, 0xACD0, 0xACD0, 0xACD0, 0xACD0,
    0xACD0, 0xACF1, 0xACF1, 0xACF1, 0xACF1, 0xACF1, 0xACD0, 0xACD0, 0xACD0, 0xA490, 0xA490, 0x9C4F, 0x8BEE, 0x83CD, 0x7BAD, 0x736C,
    0x6B0A, 0x62EA, 0x62C9, 0x5A88, 0x5A88, 0x5268, 0x5247, 0x4A27, 0x4A06, 0x4A06, 0x4A06, 0x41E6, 0x4A06, 0x4A06, 0x41E6, 0x41E6,
    0x41E6, 0x4A06, 0x4A27, 0x4A27, 0x5247, 0x5247, 0x5268, 0x5A88, 0x5AA9, 0x62C9, 0x6B0A, 0x736C, 0x8C2E, 0x9CB1, 0xAD12, 0xBD94,
    0xC5D5, 0xCE15, 0xCE15, 0xCE15, 0xBD94, 0xAD12, 0xACD0, 0xACD0, 0xA490, 0x9470, 0x9C4F, 0x8C2E, 0x8C2E, 0x9C4F, 0x9C4F, 0x9C4F,
    0x9C4F, 0xA490, 0xACD0, 0xACD0, 0xACF1, 0xB533, 0xBD94, 0xBD94, 0xB533, 0xACF1, 0xACD0, 0xA490, 0x9C4F, 0x9C0D, 0x8BAB, 0x7B2A,
    0x7309, 0x8329, 0x8B6A, 0x938A, 0x836A, 0x8329, 0x7B2A, 0xAC2C, 0xAC4D, 0xAC4D, 0xBC8D, 0xB46D, 0xBC4C, 0xBC4C, 0xBC4C, 0xB48E,
    0xCE15, 0xEF5C, 0xE6FA, 0xE655, 0xD56E, 0xCCCA, 0xBC69, 0xB406, 0xB406, 0xB406, 0xB406, 0xD56E, 0xDDF3, 0xDE34, 0xEE94, 0xAD0E,
    0x9CCC, 0x9CCC, 0x63C7, 0x9CCC, 0x9CCC, 0x744A, 0x9CCC, 0x6C29, 0x63C7, 0x9CCC, 0xB5B1, 0xD655, 0xAD0E, 0x63C7, 0x8C09, 0xDE34,
    0xDDF3, 0xC530, 0xCD2C, 0xBC69, 0xB406, 0xCCCA, 0xE611, 0xEF19, 0xEF3B, 0xEF3B, 0xF77D, 0xCE36, 0xAC2C, 0xAC2C, 0xB42C, 0xAC2C,
    0xDEB9, 0xCDB4, 0xCD93, 0xCD73, 0xCD73, 0xC532, 0xC532, 0xCD73, 0xCD73, 0xC532, 0xC532, 0xCD51, 0x946B, 0x5B88, 0x6C29, 0x946B,
    0x946B, 0xA490, 0xACF1, 0xC510, 0xC510, 0xCD51, 0xCD51, 0xC510, 0xAD0E, 0xAD0E, 0xA58E, 0xB5EF, 0xB5EF, 0xC653, 0xEF1A, 0xEF5C,
    0xF77C, 0xF77C, 0xF77C, 0xF77C, 0xEF5C, 0xEF1A, 0xBD73, 0x93CB, 0xA40C, 0xAC4D, 0xAC4D, 0xB44D, 0xB44D, 0xAC4D, 0xAC4D, 0xAC4D,
    0xB44D, 0xB44D, 0xB44D, 0xB44D, 0xAC4D, 0xAC2C, 0xAC2C, 0xAC2C, 0xAC2C, 0xAC2C, 0xB44D, 0xCD73, 0xEE78, 0xF6B9, 0xF6D9, 0xF6FA,
    0xF6D9, 0xF6B9, 0xEE57, 0xEE78, 0xF6B9, 0xEF19, 0xDE36, 0xD5D4, 0xCE15, 0xCE15, 0xCE15, 0xC5D5, 0xC5B4, 0xC5B4, 0xBD94, 0xBD94,
    0xBD73, 0xBD94, 0xC5B4, 0xCE15, 0xDE36, 0xDE36, 0xCE36, 0xC5D5, 0xBD94, 0xB533, 0xAD12, 0xACF1, 0xACD0, 0xACD0, 0xACF1, 0xACF1,
    0xACD0, 0xACF1, 0xAD12, 0xAD12, 0xAD12, 0xACF1, 0xACF1, 0xACF1, 0xACD0, 0xACD0, 0xACF1, 0xACF1, 0xACD0, 0xACD0, 0xACF1, 0xACF1,
    0xACD0, 0xA490, 0xA490, 0xA490, 0x9C4F, 0x9C4F, 0x9C4F, 0x8C2E, 0x8C2E, 0x8BEE, 0x8BEE, 0x8BEE, 0x8BEE, 0x8BEE, 0x8BEE, 0x8BEE,
    0x8BEE, 0x8BEE, 0x8BEE, 0x8BEE, 0x8BEE, 0x8C2E, 0x8C2E, 0x8C2E, 0x8C2E, 0x9C4F, 0x9CB1, 0xB533, 0xC5D5, 0xC5D5, 0xCE15, 0xCE36,
    0xCE15, 0xCE15, 0xCE15, 0xC5B4, 0xBD73, 0xACD0, 0x9CB1, 0xA490, 0xA490, 0xA490, 0x9C4F, 0x9C4F, 0x9C4F, 0xA490, 0xACD0, 0xAD12,
    0xB533, 0xBD94, 0xC5B4, 0xC5B4, 0xBD94, 0xB533, 0xACF1, 0xACD0, 0xA490, 0xA490, 0x9C4F, 0x9C0D, 0x838B, 0x7B2A, 0x7309, 0x8329,
    0x8B6A, 0x93CB, 0x93AA, 0x8B49, 0x8B49, 0x9BCB, 0xA40C, 0xAC6D, 0xBC8D, 0xB46D, 0xBC4C, 0xBC4C, 0xBC4C, 0xBC8D, 0xBC8D, 0xBCAE,
    0xACD0, 0xC67A, 0xF77C, 0xEED9, 0xDDD0, 0xCD2C, 0xBC69, 0xB406, 0xB406, 0xB406, 0xB406, 0xB406, 0xB3C8, 0xBCAE, 0xC4EF, 0x93AA,
    0x7309, 0x5B88, 0x42E6, 0x6C29, 0x744A, 0x5B88, 0x744A, 0x63C7, 0x9CCC, 0xDE96, 0xEF19, 0xEF39, 0xDE34, 0xCD72, 0xCD51, 0xDE34,
    0xEEF8, 0xC4EF, 0xAB66, 0xB406, 0xBC69, 0xCD2C, 0xE655, 0xEF39, 0xEF3B, 0xF77C, 0xE6DA, 0xB48E, 0x9BCB, 0xA3EB, 0xA40C, 0xA40C,
    0xDEB9, 0xCD93, 0xC532, 0xC532, 0xCD72, 0xCD51, 0xC532, 0xC532, 0xC532, 0xC532, 0xC532, 0xCD51, 0xC532, 0x744A, 0x5B88, 0x63C7,
    0x5347, 0x5B88, 0x63C7, 0x6C29, 0x9CCC, 0xAD0E, 0xAD0E, 0xAD0E, 0x9CCC, 0x8D0C, 0xA58E, 0xA5AE, 0xB5EF, 0xBE12, 0xC653, 0xDED6,
    0xEF5C, 0xEF5C, 0xF77C, 0xEF5C, 0xEF5C, 0xDE78, 0x9C4F, 0x93AA, 0xAC2C, 0xAC4D, 0xAC4D, 0xAC4D, 0xAC4D, 0xAC4D, 0xB44D, 0xAC6D,
    0xB44D, 0xB44D, 0xB44D, 0xAC2C, 0xAC2C, 0xAC2C, 0xAC2C, 0xAC6D, 0xBCCF, 0xBCEF, 0xDC90, 0xDD12, 0xDD12, 0xDD12, 0xED94, 0xEE57,
    0xF6D9, 0xF73A, 0xF6FA, 0xF6B9, 0xEE36, 0xEE36, 0xF6B9, 0xF6D9, 0xF73A, 0xF77C, 0xF77C, 0xF77C, 0xEF5C, 0xEF3B, 0xEF3B, 0xE6FA,
    0xE6DA, 0xDEB9, 0xDE78, 0xCE36, 0xCE15, 0xC5D5, 0xC5D5, 0xCE15, 0xCE15, 0xCE15, 0xCE15, 0xC5D5, 0xBD94, 0xB533, 0xB533, 0xAD12,
    0xACF1, 0xACF1, 0xAD12, 0xAD12, 0xACF1, 0xACD0, 0xACF1, 0xACD0, 0xACD0, 0xACD0, 0xACF1, 0xACF1, 0xACD0, 0xACD0, 0xACD0, 0xACD0,
    0x9CB1, 0xA490, 0xA490, 0xA490, 0xA490, 0xA490, 0xA490, 0xA490, 0xA490, 0xA490, 0xA490, 0x9C4F, 0x9C4F, 0x9C4F, 0x9C4F, 0x9C4F,
    0x9C4F, 0x8C2E, 0x8C2E, 0x9C4F, 0x8C2E, 0x8C2E, 0x8C2E, 0x8C2E, 0x8C2E, 0x8C2E, 0x9CB1, 0xB533, 0xBD94, 0xBD94, 0xC5D5, 0xC5D5,
    0xCE15, 0xCE15, 0xC5D5, 0xC5B4, 0xAD12, 0xA490, 0xA490, 0xA490, 0xACD0, 0xACD0, 0xACF1, 0xAD12, 0xB533, 0xBD94, 0xC5D5, 0xCE15,
    0xC5D5, 0xC5B4, 0xB533, 0xACD0, 0xA490, 0xACD0, 0xA490, 0xA490, 0x9C4F, 0x83CD, 0x836A, 0x7309, 0x8329, 0x8329, 0x8B6A, 0x93AA,
    0x9BAB, 0x9BAB, 0x8B6A, 0x938A, 0xA40C, 0xAC2C, 0xB44D, 0xBC8D, 0xBC8D, 0xBC8D, 0xBC4C, 0xB44D, 0xBC8D, 0xBCAE, 0xBCAE, 0xBCAE,
    0xA46E, 0x9CB1, 0xC67A, 0xEF5C, 0xE6B7, 0xD56E, 0xCCCA, 0xB406, 0xB406, 0xB406, 0xB406, 0xAB66, 0xAB66, 0xAB66, 0x8AE7, 0x8AE7,
    0x8AE7, 0x93AA, 0x8C09, 0x5347, 0x5347, 0x5347, 0x9CCC, 0x9CCC, 0x8C09, 0xD56E, 0xDE34, 0xDDF3, 0xCD2C, 0xDDD0, 0xDDD0, 0xD56E,
    0xDDF3, 0xBCCE, 0xB3C8, 0xB406, 0xCCCA, 0xD56E, 0xE6B7, 0xEF1A, 0xF77D, 0xE71B, 0xACF1, 0x93AA, 0x938A, 0x9BAB, 0xA3EB, 0xAC0B,
    0xDEB9, 0xCD72, 0xC532, 0xCD73, 0xCDB4, 0xCD93, 0xCD93, 0xCD73, 0xC532, 0xC510, 0xC532, 0xC532, 0xCD51, 0x946B, 0x5B88, 0x63C7,
    0x63C7, 0x6C29, 0x6C29, 0x63C7, 0x6C29, 0x84CB, 0x84CB, 0x744A, 0x84CB, 0x9D6D, 0xA5AE, 0xADCF, 0xADCF, 0xADCF, 0xADCF, 0xBE12,
    0xEF3B, 0xF77C, 0xF77C, 0xEF3B, 0xE6FA, 0xBD73, 0x8B8B, 0x9BAB, 0xAC2C, 0xAC4D, 0xAC2C, 0xAC2C, 0xAC4D, 0xB44D, 0xB44D, 0xB44D,
    0xB44D, 0xAC4D, 0xAC2C, 0xAC4D, 0xB48E, 0xC510, 0xD5D4, 0xD657, 0xEDD5, 0xDCD1, 0xDC90, 0xDC90, 0xDC90, 0xE46F, 0xE46F, 0xE46F,
    0xE4B0, 0xED94, 0xF6D9, 0xF73A, 0xF6D9, 0xEDD5, 0xED94, 0xEE57, 0xF6B9, 0xEF3B, 0xF77C, 0xF77C, 0xF77C, 0xEF5C, 0xEF5C, 0xEF3B,
    0xEF3B, 0xEF5C, 0xEF3B, 0xEF3B, 0xEF3B, 0xEF1A, 0xE6FA, 0xDEB9, 0xD657, 0xCE15, 0xC5D5, 0xC5D5, 0xCE15, 0xCE15, 0xCE15, 0xD5F5,
    0xC5D5, 0xC5B4, 0xBD94, 0xBD73, 0xB533, 0xACF1, 0xACF1, 0xACD0, 0xACD0, 0xACD0, 0xACF1, 0xACF1, 0xACD0, 0xACD0, 0xACD0, 0xACF1,
    0xA490, 0xA490, 0xA490, 0xA490, 0xA490, 0xA490, 0xA490, 0x9C4F, 0xA490, 0xA490, 0x9C4F, 0x9C4F, 0x9C4F, 0x9C4F, 0x9C4F, 0x9C4F,
    0x8C2E, 0x8C2E, 0x8C2E, 0x9C4F, 0x8C2E, 0x8C2E, 0x8C2E, 0x8C2E, 0x8C2E, 0x9C4F, 0xA490, 0xACF1, 0xB533, 0xBD94, 0xC5B4, 0xC5D5,
    0xCE15, 0xC5D5, 0xC5D5, 0xBD94, 0xAD12, 0xACF1, 0xAD12, 0xB533, 0xBD94, 0xC5B4, 0xCE15, 0xCE15, 0xC5D5, 0xBD94, 0xBD73, 0xAD12,
    0xACD0, 0xACD0, 0xACD0, 0xA490, 0xA490, 0xA490, 0xA490, 0x946B, 0x838B, 0x836A, 0x836A, 0x836A, 0x8B6A, 0x938A, 0x9BAB, 0x9BCB,
    0x9BAB, 0x9BAB, 0x9BCB, 0xAC2C, 0xB46D, 0xB46D, 0xBC8D, 0xBC8D, 0xB44D, 0xB44D, 0xB46D, 0xBC8D, 0xBC8D, 0xBCAE, 0xBC8D, 0xB44D,
    0xB44D, 0xA46E, 0xA555, 0xC67A, 0xEF3B, 0xEED9, 0xDDD0, 0xCCCA, 0xB406, 0xB406, 0xB406, 0xB406, 0xAB66, 0xAB66, 0xAB66, 0xAB66,
    0x8AE7, 0xBC69, 0xC510, 0x8329, 0x836A, 0x8C09, 0x8C09, 0x946B, 0xAD0E, 0xDE34, 0xE655, 0xC4EF, 0xBC69, 0xDDF3, 0xDDF3, 0xB3C8,
    0xB406, 0xB406, 0xB406, 0xBC69, 0xCD2C, 0xDE34, 0xEF19, 0xF77C, 0xE71B, 0xAD12, 0x838B, 0x8B49, 0x8B6A, 0x93AA, 0xAC0B, 0xB42C,
    0xD657, 0xCD51, 0xCD93, 0xCD93, 0xCDB4, 0xCD93, 0xCD51, 0xCD51, 0xC510, 0xCD51, 0xCD93, 0xC530, 0xAD0E, 0x63E9, 0x63C7, 0x744A,
    0x84CB, 0x8D0C, 0x8D0C, 0x8D0C, 0x8D0C, 0x8CEC, 0x8D0C, 0x9D6D, 0xADCF, 0xA5AE, 0x954D, 0x9D6D, 0x9D6D, 0xA58E, 0xA5AE, 0xC653,
    0xEF3B, 0xF77C, 0xF77C, 0xEF1A, 0xCE36, 0x93CC, 0x938A, 0xA3EB, 0xAC2C, 0xAC2C, 0xAC4D, 0xAC4D, 0xB44D, 0xB44D, 0xB44D, 0xB44D,
    0xB44D, 0xB48E, 0xC510, 0xD5F5, 0xDEB9, 0xEF3B, 0xEF3B, 0xF6B9, 0xEDD5, 0xED53, 0xED53, 0xED12, 0xE4B0, 0xE46F, 0xE42E, 0xDBCD,
    0xDBCD, 0xDC0E, 0xDD12, 0xEE78, 0xF6FA, 0xEE57, 0xED12, 0xED53, 0xEE36, 0xF6D9, 0xF6FA, 0xF6FA, 0xF6D9, 0xE6F9, 0xF6FA, 0xF6FA,
    0xF6FA, 0xF6FA, 0xF6FA, 0xF73A, 0xF6FA, 0xF73A, 0xEF3B, 0xF77C, 0xF77C, 0xEF3B, 0xE6FA, 0xDE78, 0xCE15, 0xBD94, 0xBD73, 0xBD94,
    0xC5B4, 0xCE15, 0xCE36, 0xDE36, 0xCE15, 0xC5D5, 0xC5D5, 0xBD94, 0xB533, 0xB533, 0xB533, 0xAD12, 0xACF1, 0xACD0, 0xACF1, 0xACD0,
    0xACD0, 0xA490, 0xA490, 0xA490, 0xA490, 0xA490, 0xA490, 0x9C4F, 0xA490, 0xA490, 0xA490, 0x9C4F, 0x8C2E, 0x9C4F, 0x9C4F, 0x8C2E,
    0x9C0D, 0x8C2E, 0x9C0D, 0x8C2E, 0x8C2E, 0x9C0D, 0x8C2E, 0x9C0D, 0x8C2E, 0x9C4F, 0xA490, 0xACF1, 0xB533, 0xC5B4, 0xCE36, 0xD657,
    0xDE78, 0xDE78, 0xDEB9, 0xDE78, 0xCE36, 0xCE15, 0xC5B4, 0xBD94, 0xBD94, 0xBD73, 0xB533, 0xACF1, 0xACD0, 0xA490, 0xA490, 0xA490,
    0xA490, 0xA490, 0x9C0D, 0x93CC, 0x8BEE, 0x9CCC, 0xA5AE, 0xA5AE, 0x9D6D, 0x9D6D, 0x954D, 0x9CCC, 0x93CC, 0x9BAB, 0x9BCB, 0x9BAB,
    0x93AA, 0xAC2C, 0xB44D, 0xB46D, 0xB46D, 0xBC8D, 0xBC8D, 0xBC4C, 0xB42C, 0xB42C, 0xAC6D, 0xA46E, 0xA46E, 0xA46E, 0xAC4D, 0xB46D,
    0xBC8D, 0xBCAE, 0xACD0, 0xA555, 0xBE19, 0xDEFB, 0xEF3B, 0xE655, 0xCD2C, 0xBC69, 0xB406, 0xB3C8, 0xB406, 0xB3C8, 0xAB66, 0xAB66,
    0xAB66, 0xAB66, 0xAB66, 0x8AE7, 0x9B29, 0x938A, 0x8329, 0x946B, 0xDDF3, 0xEEF8, 0xEF19, 0xDE96, 0xAC2C, 0xBC69, 0xBC69, 0xAB66,
    0xB406, 0xB406, 0xBC69, 0xCD2C, 0xDE34, 0xEF19, 0xF77C, 0xDEFB, 0xAD12, 0x838B, 0x8B49, 0x8B49, 0x8B49, 0x9BAB, 0xB42C, 0xB42C,
    0xD657, 0xCD73, 0xD5F5, 0xDE36, 0xD5F5, 0xCD72, 0xC510, 0xCD73, 0xCD73, 0xCD73, 0xCD51, 0xCD51, 0xAD0E, 0x5B88, 0x5B88, 0x6C29,
    0x84CB, 0x952D, 0x84CB, 0x84CB, 0x8D0C, 0x954D, 0xA58E, 0xADCF, 0xA5AE, 0x9D6D, 0xA5AE, 0xB5B1, 0xBE12, 0xBE12, 0xDE76, 0xEF3B,
    0xF77C, 0xEF5C, 0xEF1A, 0xDE96, 0xA46E, 0x8B6A, 0x93AA, 0xA40C, 0xAC2C, 0xAC4D, 0xAC4D, 0xAC4D, 0xAC4D, 0xAC2C, 0xAC6D, 0xBCCF,
    0xCD93, 0xDE78, 0xEF1A, 0xF77C, 0xF77C, 0xF73A, 0xEE15, 0xDD12, 0xDD12, 0xE46F, 0xE42E, 0xE4B0, 0xDC90, 0xDC0E, 0xDC0E, 0xDC0E,
    0xDBCD, 0xDBCD, 0xDC0E, 0xE4B0, 0xEE15, 0xF6D9, 0xEDD5, 0xE4D1, 0xED53, 0xEE15, 0xEE57, 0xEE78, 0xF6B9, 0xF6D9, 0xF6D9, 0xF6FA,
    0xF73A, 0xF73A, 0xF6FA, 0xF6FA, 0xF73A, 0xF73A, 0xF73A, 0xF73A, 0xEF5C, 0xF77C, 0xF77C, 0xF77C, 0xEF5C, 0xE6FA, 0xDE78, 0xC5B4,
    0xB533, 0xAD12, 0xB533, 0xBD73, 0xBD73, 0xBD94, 0xC5D5, 0xCE15, 0xCE15, 0xCE36, 0xCE36, 0xCE36, 0xCE15, 0xC5D5, 0xC5B4, 0xBD94,
    0xBD73, 0xBD73, 0xB533, 0xAD12, 0xACF1, 0xACF1, 0xACD0, 0xACD0, 0xACD0, 0xACD0, 0xA490, 0xA490, 0xA490, 0xA490, 0xA490, 0xA490,
    0xA490, 0xA490, 0x9CB1, 0xACF1, 0xACF1, 0xAD12, 0xB533, 0xB533, 0xBD73, 0xBD94, 0xCE15, 0xCE36, 0xDE78, 0xDEB9, 0xDEB9, 0xDEB9,
    0xDEB9, 0xDE78, 0xCE36, 0xC5D5, 0xBD73, 0xACF1, 0xA490, 0xA490, 0xACD0, 0xACD0, 0xACD0, 0xACD0, 0xA490, 0xA490, 0x9C4F, 0x9C0D,
    0x838B, 0x836A, 0x8329, 0x8329, 0x946B, 0xA5AE, 0xADCF, 0xADCF, 0xADCF, 0xADCF, 0xA5AE, 0xA5AE, 0x9CCC, 0x9BCB, 0x9BCB, 0xA3EB,
    0x946B, 0xA46E, 0xA46E, 0xAC6D, 0xBC8D, 0xBC8D, 0xBC4C, 0xB44D, 0xAC6D, 0x946B, 0x7C8A, 0x84CB, 0x84CB, 0x7C8A, 0x946B, 0xAC6D,
    0xBC8D, 0xBCAE, 0xBCAE, 0xACF1, 0xBE19, 0xBE19, 0xC67A, 0xE71B, 0xE6FA, 0xDE34, 0xCD2C, 0xBC69, 0xB406, 0xB3C8, 0xAB66, 0xAB66,
    0xAB66, 0xAB66, 0x8AE7, 0xAB66, 0x8AE7, 0x8A65, 0x8AE7, 0xDDD0, 0xE655, 0xDE34, 0xE697, 0xE655, 0xBC69, 0xAB66, 0xB3C8, 0xB406,
    0xBC69, 0xCCCA, 0xD56E, 0xE6B7, 0xEF5C, 0xE71B, 0xC67A, 0xA555, 0x83CD, 0x8B49, 0x8B49, 0x8B49, 0x8B6A, 0x9BCB, 0xAC0B, 0xAC0B,
    0xDE78, 0xCD93, 0xC532, 0xC532, 0xC532, 0xC510, 0xC532, 0xCD93, 0xC532, 0xBCEF, 0xBCCF, 0xCD73, 0xAD12, 0x6C29, 0x744A, 0x744A,
    0x744A, 0x7C8A, 0x84CB, 0x8CEC, 0x8D0C, 0x9D6D, 0xADCF, 0xADCF, 0xA58E, 0xCDF3, 0xD657, 0xDEB9, 0xE6F9, 0xEF3B, 0xF77C, 0xF77C,
    0xEF5C, 0xEF3B, 0xDEB9, 0xACF1, 0x838B, 0x8B6A, 0x9BCB, 0xAC2C, 0xAC4D, 0xAC4D, 0xAC4D, 0xAC4D, 0xAC6D, 0xBCEF, 0xD5F5, 0xE6F9,
    0xEF5C, 0xF77C, 0xF77C, 0xEF5C, 0xEF1A, 0xEDD5, 0xDC90, 0xE42E, 0xE42E, 0xDC0E, 0xDC0E, 0xDC0E, 0xED12, 0xED53, 0xE4B0, 0xE42E,
    0xDC0E, 0xDBCD, 0xDB8C, 0xDC0E, 0xE46F, 0xEE36, 0xEE36, 0xE4D1, 0xDD12, 0xEE36, 0xF6B9, 0xF6B9, 0xEE57, 0xEE36, 0xEE15, 0xEE15,
    0xEE57, 0xF6D9, 0xF6FA, 0xF6D9, 0xF6FA, 0xF6FA, 0xF73A, 0xF73A, 0xF6FA, 0xF73A, 0xEF5C, 0xF77C, 0xF77C, 0xF77C, 0xF77D, 0xEF3B,
    0xDEB9, 0xCE15, 0xBD73, 0xACF1, 0xACD0, 0xAD12, 0xAD12, 0xAD12, 0xACF1, 0xB533, 0xB533, 0xBD73, 0xBD94, 0xBD94, 0xC5B4, 0xC5D5,
    0xC5D5, 0xC5D5, 0xC5D5, 0xC5D5, 0xC5D5, 0xCDB4, 0xCD93, 0xC5B4, 0xC5D5, 0xC5D5, 0xC5D5, 0xC5D5, 0xC5D5, 0xC5D5, 0xC5D5, 0xC5D5,
    0xCE15, 0xC5D5, 0xC5D5, 0xC5D5, 0xCE15, 0xCE15, 0xC5D5, 0xC5D5, 0xC5B4, 0xC5B4, 0xBD94, 0xBD73, 0xBD73, 0xBD73, 0xB533, 0xB533,
    0xAD12, 0xACF1, 0xA490, 0xACD0, 0xACD0, 0xACD0, 0xACD0, 0xACD0, 0xA490, 0x9C4F, 0x9C0D, 0x93CC, 0x838B, 0x836A, 0x7B2A, 0x8B49,
    0x8B49, 0x8B6A, 0x938A, 0x8C09, 0xA58E, 0xA5AE, 0xA5AE, 0xA5AE, 0xA5AE, 0xA5AE, 0xA58E, 0xA5AE, 0xA58E, 0x946B, 0xAC2C, 0x946B,
    0x9CCC, 0x952D, 0x8D0C, 0x946B, 0xAC4D, 0xAC2C, 0xAC2C, 0x946B, 0x7C8A, 0x7C8A, 0x7C8A, 0x7C8A, 0x84CB, 0x7C8A, 0x7C8A, 0xAC6D,
    0xBCAE, 0xBC8D, 0xBC8D, 0xB48E, 0xB533, 0xC67A, 0xC67A, 0xBE19, 0xC67A, 0xDEFB, 0xEF1A, 0xE6B7, 0xDDF3, 0xCD2C, 0xBC69, 0xB406,
    0xB406, 0xAB66, 0xAB66, 0xAB66, 0xAB66, 0xAB66, 0xAB66, 0xB3C8, 0xCD2C, 0xCD2C, 0xCD2C, 0xCD2C, 0xBC69, 0xB406, 0xCCCA, 0xCD2C,
    0xDDF3, 0xE6D8, 0xEF3B, 0xE71B, 0xD6BA, 0xBE19, 0xA555, 0x8BEE, 0x8B49, 0x8329, 0x8329, 0x8B49, 0x938A, 0x9BCB, 0xAC0B, 0xAC0B,
    0xE6B8, 0xC532, 0xC510, 0xC510, 0xBCEF, 0xC530, 0xCD93, 0xCD73, 0xC510, 0xBCCF, 0xBCF2, 0xC532, 0x63E9, 0x5347, 0x63C7, 0x6C29,
    0x744A, 0x8D0C, 0x954D, 0x8CEC, 0x7C8A, 0x84CB, 0xA5AE, 0xA5AE, 0xBE12, 0xDE78, 0xE6DA, 0xEF3B, 0xF77C, 0xF77C, 0xF77D, 0xF77C,
    0xEF1A, 0xDEB9, 0xAD12, 0x838B, 0x8B6A, 0x93AA, 0xAC2C, 0xAC4D, 0xAC4D, 0xAC4D, 0xAC6D, 0xC510, 0xDE36, 0xEF1A, 0xF77C, 0xF77C,
    0xF77C, 0xEF5C, 0xEF3B, 0xF6FA, 0xEDD5, 0xDCD1, 0xE4B0, 0xDC90, 0xE46F, 0xDC0E, 0xDC0E, 0xDC0E, 0xE4D1, 0xEE15, 0xEDD5, 0xED53,
    0xED12, 0xE4B0, 0xDB8C, 0xDBCD, 0xDBCD, 0xED53, 0xEE57, 0xEE78, 0xF6D9, 0xF6FA, 0xF73A, 0xF6FA, 0xF6FA, 0xF6D9, 0xF6B9, 0xEE36,
    0xED94, 0xEE15, 0xF6D9, 0xF6FA, 0xF6FA, 0xF6D9, 0xF6D9, 0xF6FA, 0xF6FA, 0xF6FA, 0xF73A, 0xF77C, 0xF77C, 0xF77C, 0xF77C, 0xF77C,
    0xF77D, 0xEF5C, 0xE6FA, 0xCE15, 0xAD12, 0xACD0, 0xACD0, 0xACD0, 0xA490, 0xACD0, 0xACD0, 0xACD0, 0xACD0, 0xACD0, 0xACD0, 0xACF1,
    0xACF1, 0xACF1, 0xACF1, 0xACF1, 0xBCF2, 0xAD12, 0xAD12, 0xAD12, 0xACF1, 0xACF1, 0xACF1, 0xACD0, 0xACF1, 0xACD0, 0xACD0, 0xACD0,
    0xACD0, 0xACD0, 0xACD0, 0xACD0, 0xACD0, 0xACD0, 0xACD0, 0xACD0, 0xACD0, 0xACD0, 0xACF1, 0xACF1, 0xACF1, 0xAD12, 0xAD12, 0xAD12,
    0xAD12, 0xACD0, 0x9C4F, 0x9C4F, 0x9C4F, 0x8BEE, 0x8BAB, 0x838B, 0x838B, 0x836A, 0x7B2A, 0x836A, 0x836A, 0x8B6A, 0x93AA, 0x93AA,
    0x93AA, 0x9BAB, 0x9BEC, 0x952D, 0xA5AE, 0xA5AE, 0xA58E, 0xA5AE, 0xADCF, 0xA5AE, 0xA58E, 0xA5AE, 0xA5AE, 0x9CCC, 0x946B, 0x8CEC,
    0x8D0C, 0x8CEC, 0x8CEC, 0x84CB, 0x7C8A, 0x7C8A, 0x7C8A, 0x7C8A, 0x7C8A, 0x7C8A, 0x7C8A, 0x7C8A, 0x7C8A, 0x744A, 0x744A, 0x946B,
    0xAC6D, 0xB46D, 0xB46D, 0xBC8D, 0xB48E, 0xBD73, 0xDE78, 0xD6BA, 0xC67A, 0xBE19, 0xC67A, 0xD6BA, 0xE71B, 0xEF3B, 0xE6F9, 0xDE96,
    0xDDF3, 0xCD72, 0xCD2C, 0xCCCA, 0xBC69, 0xBC69, 0xBC69, 0xBC69, 0xBC69, 0xBCCE, 0xCD2C, 0xD56E, 0xDDD0, 0xE655, 0xEED9, 0xEF1A,
    0xEF3B, 0xDEFB, 0xC67A, 0xBE19, 0xBE19, 0xC5D5, 0x9C4F, 0x8329, 0x8329, 0x8329, 0x8329, 0x8B6A, 0x93AA, 0x9BCB, 0xAC0B, 0xB42C,
    0xDE78, 0xCD73, 0xCD73, 0xC532, 0xCD51, 0xCD93, 0xCDB4, 0xC532, 0xC510, 0xC532, 0xC532, 0x946B, 0x42E6, 0x42E6, 0x5347, 0x5B88,
    0x63C7, 0x63E9, 0x7C8A, 0x952D, 0x8CEC, 0x8D0C, 0xA5AE, 0xBE12, 0xDEB9, 0xEF1A, 0xEF5C, 0xF77C, 0xF77C, 0xF77D, 0xEF5C, 0xEF1A,
    0xDEB9, 0xB533, 0x8B8B, 0x8B49, 0x938A, 0xA3EB, 0xAC2C, 0xAC4D, 0xB44D, 0xBCEF, 0xDE36, 0xEF1A, 0xF77C, 0xF77C, 0xF77C, 0xEF5C,
    0xEF3B, 0xF6FA, 0xF6D9, 0xEE36, 0xED94, 0xED53, 0xDCD1, 0xE42E, 0xDC0E, 0xDC0E, 0xDC0E, 0xDB8C, 0xDB8C, 0xE42E, 0xE46F, 0xE42E,
    0xED53, 0xED53, 0xDBCD, 0xDB8C, 0xDC90, 0xEE78, 0xF73A, 0xF73A, 0xF73A, 0xF73A, 0xF73A, 0xF73A, 0xF73A, 0xF6FA, 0xF6FA, 0xF6FA,
    0xEE78, 0xEE15, 0xEE15, 0xEE78, 0xF6D9, 0xF6D9, 0xF6D9, 0xF6B9, 0xF6D9, 0xF6FA, 0xF6D9, 0xEF3B, 0xF77C, 0xF77C, 0xF77C, 0xF77C,
    0xF77C, 0xF77D, 0xF77D, 0xEF5C, 0xE6F9, 0xD5D4, 0xB48E, 0x9BEC, 0x9BEC, 0xAC2C, 0x9C0D, 0xA46E, 0xA46E, 0xA46E, 0xA46E, 0xA490,
    0xA490, 0xA490, 0xACD0, 0xB48E, 0xACD0, 0xACD0, 0xACD0, 0xACD0, 0xACD0, 0xACD0, 0xACD0, 0xA490, 0xACD0, 0xACD0, 0xACD0, 0xACD0,
    0xACD0, 0xACD0, 0xACD0, 0xACD0, 0xACD0, 0xACD0, 0xACD0, 0xACD0, 0xACD0, 0xACD0, 0xA490, 0xA490, 0xA490, 0x9C4F, 0x9C4F, 0x9C0D,
    0x93CC, 0x8BAB, 0x7B2A, 0x7B2A, 0x8329, 0x8329, 0x8B49, 0x938A, 0x938A, 0x8B6A, 0x8C09, 0xAD0E, 0x9CCC, 0x9C0D, 0x93CC, 0x9BCB,
    0x9BCB, 0x9BCB, 0x946B, 0xA58E, 0xA58E, 0xA58E, 0xA5AE, 0xADCF, 0xA5AE, 0xA58E, 0xA58E, 0xA58E, 0x9D6D, 0x952D, 0x8D0C, 0x8D0C,
    0x84CB, 0x7C8A, 0x84CB, 0x7C8A, 0x7C8A, 0x7C8A, 0x7C8A, 0x744A, 0x744A, 0x744A, 0x744A, 0x744A, 0x744A, 0x744A, 0x6C29, 0x63E9,
    0x8C09, 0xAC6D, 0xB46D, 0xB46D, 0xB46D, 0xBCAE, 0xC532, 0xD657, 0xE6DA, 0xDEFB, 0xD6BA, 0xC67A, 0xC67A, 0xC67A, 0xD6BA, 0xDEFB,
    0xE71B, 0xE71B, 0xE71B, 0xEF1A, 0xE6FA, 0xE6F9, 0xE6F9, 0xE6F9, 0xE6F9, 0xEF1A, 0xEF1A, 0xE71B, 0xE71B, 0xE71B, 0xD6BA, 0xC67A,
    0xC67A, 0xBE19, 0xC67A, 0xD6BA, 0xCE15, 0x9C0D, 0x8329, 0x8329, 0x7AE8, 0x8329, 0x8B49, 0x8B6A, 0x938A, 0x9BCB, 0xAC0B, 0xAC0B,
    0xDE78, 0xCD73, 0xCD72, 0xCD72, 0xCD72, 0xCD72, 0xCD72, 0x8C09, 0x5B88, 0x8C09, 0x63E9, 0x63C7, 0x63C7, 0x63C7, 0x6C29, 0x744A,
    0x744A, 0x744A, 0x7C8A, 0x8CEC, 0x8D0C, 0x8D0C, 0xB5B1, 0xDEB9, 0xEF3B, 0xF77C, 0xF77C, 0xF77C, 0xEF5C, 0xEF3B, 0xE6FA, 0xE6B8,
    0xAD12, 0x838B, 0x8B49, 0x8B6A, 0x9BCB, 0xAC2C, 0xAC2C, 0xBCAE, 0xCDB4, 0xE6F9, 0xF77C, 0xF77C, 0xEF5C, 0xEF5C, 0xEF5C, 0xEF3B,
    0xF6FA, 0xF6D9, 0xF6FA, 0xF6FA, 0xF6D9, 0xF6B9, 0xEE36, 0xDD12, 0xE42E, 0xDBCD, 0xDBCD, 0xDBCD, 0xDB8C, 0xDB8C, 0xDBCD, 0xDB8C,
    0xE42E, 0xED94, 0xE42E, 0xE4D1, 0xEE57, 0xEE78, 0xEE15, 0xED94, 0xED53, 0xED94, 0xEE36, 0xEE57, 0xF6D9, 0xF6FA, 0xF6D9, 0xF6D9,
    0xF6FA, 0xF6FA, 0xEE57, 0xEDD5, 0xEE57, 0xF6D9, 0xF6FA, 0xF6D9, 0xEE78, 0xEE78, 0xF6D9, 0xF6FA, 0xEF5C, 0xF77C, 0xF77C, 0xF77C,
    0xF77C, 0xF77C, 0xF77C, 0xF77C, 0xF77C, 0xEF5C, 0xDEB9, 0xB533, 0x93CC, 0x8B6A, 0x8B6A, 0x8B6A, 0x93AA, 0x93AA, 0x93AA, 0x9BCB,
    0xABEB, 0xAC0B, 0xB42C, 0xB42C, 0xAC4D, 0xAC2C, 0x9C0D, 0x9C0D, 0x9C0D, 0xAC2C, 0x9C0D, 0x9C0D, 0x9C0D, 0x9C0D, 0x9C0D, 0x9C0D,
    0x9C0D, 0x93CC, 0x93CC, 0x93CC, 0x93CB, 0x8BAB, 0x8BAB, 0x8BAB, 0x8B8B, 0x8B8B, 0x8B8B, 0x8B6A, 0x8B6A, 0x8B6A, 0x8B49, 0x8B6A,
    0x8B6A, 0x8B49, 0x8B49, 0x938A, 0x93AA, 0x9BAB, 0x9BCB, 0x9BCB, 0x9BEC, 0x9CCC, 0xA5AE, 0xADCF, 0xADCF, 0x9D6D, 0x946B, 0x9BEC,
    0xA3EB, 0xA3EB, 0x9CCC, 0xA58E, 0x9D6D, 0xA58E, 0xA58E, 0xA5AE, 0xA5AE, 0xA58E, 0xA58E, 0x9D6D, 0x952D, 0x8D0C, 0x8CEC, 0x84CB,
    0x7C8A, 0x84CB, 0x84CB, 0x7C8A, 0x84CB, 0x84CB, 0x84CB, 0x7C8A, 0x7C8A, 0x7C8A, 0x7C8A, 0x744A, 0x744A, 0x6C29, 0x63E9, 0x63E9,
    0x63E9, 0x946B, 0xB44D, 0xB46D, 0xBCAE, 0xBCAE, 0xBCAE, 0xBCF2, 0xCE15, 0xDEB9, 0xE6FA, 0xE6FA, 0xE6DA, 0xE6DA, 0xD6BA, 0xC67A,
    0xC67A, 0xC67A, 0xC67A, 0xD6BA, 0xD6BA, 0xD6BA, 0xD6BA, 0xD6BA, 0xD6BA, 0xD6BA, 0xC67A, 0xC67A, 0xC67A, 0xC67A, 0xD6BA, 0xD6BA,
    0xD6BA, 0xE6DA, 0xDE78, 0xBD73, 0x93CB, 0x8329, 0x7AE8, 0x7AE8, 0x8329, 0x8329, 0x8B49, 0x8B6A, 0x9BAB, 0xABEB, 0xAC0B, 0xAC2C,
    0xBE12, 0x9CCC, 0xAD0E, 0xC510, 0xCD72, 0xCD73, 0xAD0E, 0x5B88, 0x42E6, 0x5347, 0x5B88, 0x63C7, 0x7C8A, 0x7C8A, 0x7C8A, 0x8CEC,
    0x8D0C, 0x8CEC, 0x84CB, 0x7C8A, 0x8CEC, 0x8D0C, 0xD655, 0xF77C, 0xF77C, 0xF77C, 0xF77C, 0xEF5C, 0xEF1A, 0xE6F9, 0xD657, 0xA490,
    0x836A, 0x8329, 0x8B6A, 0x9BAB, 0xA40C, 0xAC4D, 0xC510, 0xDE78, 0xEF5C, 0xF77C, 0xEF5C, 0xEF3B, 0xEF5C, 0xEF5C, 0xEF3B, 0xF6FA,
    0xF73A, 0xF73A, 0xEF3B, 0xEF3B, 0xEF3B, 0xEF3B, 0xF73A, 0xF6D9, 0xED94, 0xE46F, 0xDBCD, 0xDBCD, 0xDBCD, 0xDB8C, 0xDBCD, 0xDB8C,
    0xDB8C, 0xED12, 0xED12, 0xED94, 0xED53, 0xE4D1, 0xE4B0, 0xE42E, 0xDC0E, 0xE42E, 0xED53, 0xED53, 0xED53, 0xEE36, 0xF6D9, 0xF6D9,
    0xF6D9, 0xF6FA, 0xF6FA, 0xEE57, 0xEE15, 0xEE78, 0xF6D9, 0xF6D9, 0xEE78, 0xEE36, 0xEE78, 0xF6D9, 0xEF3B, 0xF77C, 0xF77C, 0xF77C,
    0xF77C, 0xF77C, 0xF77C, 0xF77C, 0xF77C, 0xF77C, 0xEF5C, 0xEF3B, 0xCE36, 0xA46E, 0x9BAB, 0x93AA, 0x9BAB, 0x93AA, 0xABAB, 0xABAB,
    0x9BAB, 0x93AA, 0x93AA, 0x93AA, 0x9BAB, 0xABAB, 0x938A, 0x8B6A, 0x8B6A, 0x8B6A, 0x8B49, 0x8329, 0x8329, 0x8329, 0x8B49, 0x7309,
    0x8329, 0x8B49, 0x8B49, 0x8B6A, 0x8B6A, 0x938A, 0x938A, 0x938A, 0x93AA, 0x9BAB, 0x9BAB, 0x9BAB, 0x9BAB, 0x9BAB, 0x938A, 0x8B6A,
    0x8B49, 0x938A, 0x9BCB, 0xA3EB, 0xA3EB, 0xA3EB, 0xA3EB, 0xA3EB, 0x946B, 0xA5AE, 0xADCF, 0xADCF, 0xA5AE, 0xA58E, 0x9CCC, 0x8C09,
    0x744A, 0x8C09, 0x84CB, 0x954D, 0xA58E, 0xA5AE, 0x9D6D, 0xA58E, 0xA5AE, 0xA58E, 0x9D6D, 0x952D, 0x8D0C, 0x8CEC, 0x84CB, 0x84CB,
    0x84CB, 0x8CEC, 0x84CB, 0x84CB, 0x84CB, 0x84CB, 0x84CB, 0x84CB, 0x8D0C, 0x8D0C, 0x8CEC, 0x8CEC, 0x84CB, 0x6C29, 0x63C7, 0x63E9,
    0x6C29, 0x6C29, 0xAC4D, 0xBCAE, 0xBCAE, 0xB46D, 0xBC8D, 0xBC8D, 0xB48E, 0xB533, 0xCE36, 0xE6DA, 0xE6FA, 0xE6FA, 0xE6FA, 0xE6FA,
    0xDEFB, 0xDEFB, 0xDEFB, 0xE6DA, 0xD6BA, 0xD6BA, 0xD6BA, 0xD6BA, 0xDEFB, 0xD6BA, 0xD6BA, 0xE6DA, 0xE6DA, 0xE6DA, 0xDEFB, 0xE6DA,
    0xDEB9, 0xCE15, 0xA490, 0x836A, 0x7AE8, 0x7AE8, 0x7AE8, 0x8329, 0x8329, 0x8329, 0x8B49, 0x93AA, 0x9BCB, 0xABEB, 0xAC0B, 0xA40C,
    0xCDF3, 0x8CEC, 0x84CB, 0x9CCC, 0xAD0E, 0x9CCC, 0x9CCC, 0x7C8A, 0x63C7, 0x63C7, 0x744A, 0x63E9, 0x744A, 0x8CEC, 0x7C8A, 0x7C8A,
    0x8CEC, 0x8D0C, 0x8CEC, 0x8D0C, 0x952D, 0xB5B1, 0xEF1A, 0xF77C, 0xF77C, 0xF77C, 0xEF3B, 0xE6FA, 0xDEB9, 0xC5B4, 0x9C0D, 0x7AE8,
    0x7AE8, 0x8B49, 0x9BAB, 0xA40C, 0xAC6D, 0xCD93, 0xE6FA, 0xF77D, 0xF77C, 0xEF5C, 0xEF5C, 0xEF5C, 0xEF5C, 0xF6FA, 0xEE57, 0xEE15,
    0xEE57, 0xF6B9, 0xF6FA, 0xF73A, 0xF73A, 0xEF3B, 0xEF3B, 0xF73A, 0xF6D9, 0xEDD5, 0xDCD1, 0xDC0E, 0xDB8C, 0xDB8C, 0xDB8C, 0xDB8C,
    0xDC0E, 0xE552, 0xED94, 0xED94, 0xED94, 0xED53, 0xED53, 0xE4B0, 0xDC0E, 0xDBCD, 0xE4B0, 0xED94, 0xE4B0, 0xE4D1, 0xEE15, 0xF6B9,
    0xF6D9, 0xF6D9, 0xF6FA, 0xF6FA, 0xF6D9, 0xF6D9, 0xF6B9, 0xF6B9, 0xEE78, 0xEE15, 0xEE15, 0xF6B9, 0xF6FA, 0xF77C, 0xF77C, 0xF77C,
    0xEF5C, 0xEF3B, 0xF77C, 0xF77C, 0xF77D, 0xF77C, 0xF77C, 0xF77C, 0xF77C, 0xDEB9, 0xBCF2, 0xAC0B, 0xABEB, 0xAC0B, 0xAC0B, 0x9BCB,
    0x9BCB, 0x93CB, 0x93CB, 0x93CB, 0x93CB, 0xABEB, 0xABEB, 0x9BAB, 0x9BCB, 0x9BCB, 0x938A, 0x938A, 0x9BAB, 0x93AA, 0x8B49, 0x8B49,
    0x9BAB, 0x9BCB, 0x9BCB, 0x9BCB, 0x9BCB, 0x9BCB, 0x9BAB, 0x9BCB, 0x9BCB, 0x9BAB, 0x9BAB, 0x9BAB, 0x9BAB, 0x9BAB, 0x938A, 0x8B49,
    0x93AA, 0xA3EB, 0xA3EB, 0x9BCB, 0xA3EB, 0xA40C, 0xA40C, 0xA40C, 0xAD0E, 0xA5AE, 0xADCF, 0xA58E, 0xA5AE, 0xA5AE, 0x954D, 0x744A,
    0x744A, 0x744A, 0x7C8A, 0x954D, 0x954D, 0xA58E, 0x954D, 0x9D6D, 0xA58E, 0x952D, 0x952D, 0x952D, 0x8CEC, 0x7C8A, 0x84CB, 0x84CB,
    0x8CEC, 0x84CB, 0x7C8A, 0x744A, 0x744A, 0x84CB, 0x84CB, 0x84CB, 0x8CEC, 0x84CB, 0x8CEC, 0x8D0C, 0x8CEC, 0x84CB, 0x744A, 0x63E9,
    0x63E9, 0x6C29, 0x946B, 0xB46D, 0xB46D, 0xBC8D, 0xBC8D, 0xB46D, 0xB44D, 0xAC4D, 0xA46E, 0xACF1, 0xC5D5, 0xDE78, 0xE6DA, 0xE6DA,
    0xE6DA, 0xE6FA, 0xE6FA, 0xE6FA, 0xE6FA, 0xE6FA, 0xE6FA, 0xE6FA, 0xE6FA, 0xE6FA, 0xE6DA, 0xE6FA, 0xE6DA, 0xE6DA, 0xDE78, 0xC5B4,
    0xA490, 0x838B, 0x7AE8, 0x7AE8, 0x8329, 0x8329, 0x8329, 0x8329, 0x8329, 0x9B29, 0x938A, 0x9BCB, 0xABEB, 0xAC0B, 0xA40C, 0x9BCB,
    0xE6DA, 0xCDF3, 0xB5B1, 0xB5B1, 0xBE12, 0xA5AE, 0x952D, 0xB5B1, 0xA5AE, 0x952D, 0x952D, 0x8CEC, 0x744A, 0x84CB, 0x9D6D, 0xA58E,
    0x9D6D, 0xA58E, 0xC653, 0xDED6, 0xDEB9, 0xEF3B, 0xF77C, 0xF77C, 0xEF5C, 0xEF1A, 0xE6F9, 0xD657, 0xACF1, 0x838B, 0x7309, 0x8B49,
    0x8B6A, 0x938A, 0x9BCB, 0xB48E, 0xD615, 0xEF3B, 0xF77C, 0xEF5C, 0xEF5C, 0xEF5C, 0xEF3B, 0xEF3B, 0xEE78, 0xDD12, 0xE42E, 0xE42E,
    0xE42E, 0xDC90, 0xDD12, 0xEE15, 0xF6B9, 0xF6FA, 0xF73A, 0xF73A, 0xF6FA, 0xF6B9, 0xED53, 0xE42E, 0xDBCD, 0xDB8C, 0xDB8C, 0xE4D1,
    0xED94, 0xE552, 0xE4B0, 0xDC90, 0xE4D1, 0xED12, 0xE4D1, 0xE4D1, 0xE46F, 0xDC0E, 0xE46F, 0xED12, 0xE42E, 0xE46F, 0xE4D1, 0xEDD5,
    0xF6D9, 0xF6D9, 0xEE78, 0xF6D9, 0xF6FA, 0xF6FA, 0xF6D9, 0xF6B9, 0xEE78, 0xEE15, 0xEDD5, 0xEE36, 0xF6D9, 0xF77C, 0xF77C, 0xF77C,
    0xEF5C, 0xEF1A, 0xEF3B, 0xEF5C, 0xE6F9, 0xEF1A, 0xF77C, 0xF77C, 0xF77C, 0xEF3B, 0xEE57, 0xCD51, 0xBC4C, 0xAC0B, 0xAC0B, 0xB42C,
    0xAC0B, 0xAC0B, 0xABEB, 0xABEB, 0x9BCB, 0x9BCB, 0xAC0B, 0xA3EB, 0xA3EB, 0x9BAB, 0x93AA, 0x9BCB, 0x9BAB, 0x8B6A, 0x938A, 0x9BCB,
    0x9BEC, 0x9BCB, 0xA3EB, 0xA3EB, 0x9BCB, 0x9BAB, 0x9BCB, 0x9BAB, 0x8B6A, 0x8B6A, 0x8B6A, 0x93AA, 0x9BAB, 0x8B6A, 0x8B49, 0x9BAB,
    0xA3EB, 0xA3EB, 0xA3EB, 0xA3EB, 0xA3EB, 0xA40C, 0xA40C, 0xAC2C, 0x9D6D, 0xA5AE, 0xADCF, 0xA58E, 0xA5AE, 0xA5AE, 0xA58E, 0x744A,
    0x744A, 0x63E9, 0x84CB, 0x9D6D, 0x952D, 0x954D, 0x952D, 0x9D6D, 0x954D, 0x8CEC, 0x8CEC, 0x84CB, 0x7C8A, 0x7C8A, 0x7C8A, 0x8CEC,
    0x84CB, 0x7C8A, 0x63E9, 0x63E9, 0x7C8A, 0x84CB, 0x7C8A, 0x84CB, 0x84CB, 0x7C8A, 0x8CEC, 0x8CEC, 0x84CB, 0x84CB, 0x84CB, 0x6C29,
    0x63E9, 0x6C29, 0x8C09, 0xB46D, 0xBC8D, 0xB46D, 0xB46D, 0xA46E, 0x946B, 0xAC2C, 0xAC2C, 0x9BAB, 0x93CB, 0xA490, 0xC5B4, 0xD657,
    0xDE78, 0xDEB9, 0xE6DA, 0xE6DA, 0xE6DA, 0xDEFB, 0xE6DA, 0xE6DA, 0xE6DA, 0xE6DA, 0xD6BA, 0xDE78, 0xD657, 0xBD94, 0x9C0D, 0x8B49,
    0x7AE8, 0x7AE8, 0x7AE8, 0x8329, 0x7AE8, 0x8329, 0x8329, 0x8329, 0x8B49, 0x93AA, 0x9BAB, 0xABEB, 0xABEB, 0xABEB, 0x9BCB, 0x9BCB,
    0xE6F9, 0xD655, 0xD655, 0xD655, 0xCE36, 0xCE36, 0xD657, 0xDE78, 0xDEB9, 0xDE76, 0xC653, 0xBE12, 0xB5B1, 0xBE12, 0xDE76, 0xDE78,
    0xDE76, 0xDEB9, 0xEF3B, 0xF77D, 0xF77D, 0xF77D, 0xEF3B, 0xEF1A, 0xE6FA, 0xDEB9, 0xBD94, 0x9C0D, 0x8329, 0x8329, 0x8329, 0x8B6A,
    0x9BEC, 0xAC2C, 0xB48E, 0xDE36, 0xEF5C, 0xF77C, 0xEF5C, 0xEF5C, 0xEF5C, 0xEF5C, 0xF6FA, 0xEE15, 0xDCD1, 0xDC0E, 0xDC0E, 0xE42E,
    0xDC0E, 0xDC0E, 0xE42E, 0xE4B0, 0xDD12, 0xEE15, 0xF6D9, 0xF6FA, 0xF6FA, 0xF6D9, 0xEE36, 0xE42E, 0xDBCD, 0xDBCD, 0xE42E, 0xED53,
    0xED12, 0xE42E, 0xDC0E, 0xDC0E, 0xDC0E, 0xE46F, 0xE42E, 0xE42E, 0xDC0E, 0xE42E, 0xE42E, 0xE46F, 0xDC0E, 0xE46F, 0xE46F, 0xED12,
    0xEE57, 0xF6D9, 0xEE36, 0xEDD5, 0xF6B9, 0xF6FA, 0xF6FA, 0xF6D9, 0xF6B9, 0xEE36, 0xED94, 0xEE15, 0xF6B9, 0xEF5C, 0xF77C, 0xEF5C,
    0xF6D9, 0xEE78, 0xF73A, 0xD657, 0xA490, 0xDE78, 0xF77C, 0xEF5C, 0xF6FA, 0xEE15, 0xF5D2, 0xEE36, 0xE552, 0xBC4C, 0xAC0B, 0xAC0B,
    0xABEB, 0xAC0B, 0xAC0B, 0xABEB, 0xABEB, 0xABEB, 0xAC0B, 0xA3EB, 0x9BAB, 0x9BAB, 0x9BEC, 0x9BCB, 0x938A, 0x93AA, 0x9BEC, 0x9BEC,
    0xA3EB, 0xA3EB, 0xA3EB, 0x9BCB, 0x9BAB, 0x9BCB, 0x9BCB, 0x9BAB, 0x8B49, 0x8B49, 0x938A, 0x93AA, 0x8B49, 0x8B6A, 0x9BCB, 0xA3EB,
    0xA3EB, 0x9BCB, 0xA3EB, 0xA40C, 0xA40C, 0xAC2C, 0xA40C, 0xAC2C, 0xAD0E, 0xA58E, 0xA5AE, 0xA5AE, 0xA5AE, 0xA5AE, 0xA58E, 0x7C8A,
    0x6C29, 0x63C7, 0x84CB, 0x952D, 0x8D0C, 0x952D, 0x8CEC, 0x8CEC, 0x84CB, 0x7C8A, 0x84CB, 0x8CEC, 0x7C8A, 0x744A, 0x7C8A, 0x8CEC,
    0x7C8A, 0x63E9, 0x5B88, 0x744A, 0x84CB, 0x7C8A, 0x7C8A, 0x7C8A, 0x7C8A, 0x84CB, 0x8CEC, 0x84CB, 0x7C8A, 0x84CB, 0x8CEC, 0x744A,
    0x63E9, 0x63E9, 0x8C09, 0xB46D, 0xB46D, 0xAC6D, 0x946B, 0x6C29, 0x6C29, 0x744A, 0x946B, 0x8C09, 0x93AA, 0x8B6A, 0x9C0D, 0xACD0,
    0xBD73, 0xC5D5, 0xCE36, 0xD657, 0xD657, 0xD657, 0xDE78, 0xD657, 0xD657, 0xCE36, 0xCE15, 0xBD94, 0xACD0, 0x93CB, 0x8329, 0x8329,
    0x7AE8, 0x7AE8, 0x7AE8, 0x7AE8, 0x8329, 0x8329, 0x8B49, 0x8B6A, 0x93AA, 0x9BAB, 0xABEB, 0xABEB, 0x9BCB, 0x9BCB, 0xABEB, 0xABEB,
    0xEF1A, 0xDE96, 0xDE78, 0xDE78, 0xDEB9, 0xE6DA, 0xE6FA, 0xEF1A, 0xEF5C, 0xEF5C, 0xEF5C, 0xEF3B, 0xEF3B, 0xEF3B, 0xEF3B, 0xEF5C,
    0xEF5C, 0xF77C, 0xF77D, 0xF77C, 0xEF3B, 0xEF1A, 0xE6F9, 0xDEB9, 0xC5B4, 0x9C4F, 0x7B2A, 0x8329, 0x8329, 0x8B49, 0x93AA, 0xA3EB,
    0xAC2C, 0xBCCF, 0xD657, 0xEF5C, 0xF77C, 0xEF5C, 0xEF5C, 0xEF5C, 0xEF3B, 0xF6D9, 0xED94, 0xDCD1, 0xDC90, 0xE4B0, 0xE4B0, 0xDC90,
    0xDC90, 0xE4B0, 0xDC90, 0xDC90, 0xDC0E, 0xE4B0, 0xED94, 0xF6B9, 0xF6D9, 0xF6B9, 0xEE15, 0xDCD1, 0xDD12, 0xEDD5, 0xEE36, 0xEE57,
    0xEE36, 0xEDD5, 0xED53, 0xED94, 0xE552, 0xE4D1, 0xE4B0, 0xE46F, 0xDC0E, 0xE42E, 0xE42E, 0xE42E, 0xE42E, 0xE4B0, 0xE46F, 0xE4B0,
    0xEDD5, 0xF6B9, 0xEE78, 0xED53, 0xED94, 0xF6B9, 0xF6FA, 0xF6D9, 0xF6B9, 0xEE78, 0xEDD5, 0xEE15, 0xF6B9, 0xEF5C, 0xF73A, 0xEE15,
    0xED94, 0xF6FA, 0xCE15, 0x5A88, 0x5268, 0xBD94, 0xF6D9, 0xF5D2, 0xED50, 0xF50D, 0xF591, 0xEE57, 0xF6FA, 0xD5F5, 0xA46E, 0x9BEC,
    0x9BEC, 0xA40C, 0xAC0B, 0xA3EB, 0xABEB, 0xAC0B, 0xAC0B, 0x9BCB, 0x9BAB, 0x9BEC, 0x9BCB, 0x938A, 0x8B8B, 0x93AA, 0x9BCB, 0x9BCB,
    0x9BEC, 0xA3EB, 0x9BCB, 0x9BCB, 0x9BAB, 0x9BCB, 0x9BCB, 0x9BCB, 0x9BAB, 0x9BAB, 0x93AA, 0x8B6A, 0x938A, 0xA3EB, 0xA3EB, 0xA3EB,
    0xA3EB, 0xA3EB, 0xA40C, 0xA40C, 0xAC2C, 0xAC2C, 0xA40C, 0xAC2C, 0x9CCC, 0xA5AE, 0xADCF, 0xADCF, 0xA5AE, 0xA5AE, 0xA5AE, 0x7C8A,
    0x5B88, 0x63C7, 0x8CEC, 0x8D0C, 0x8CEC, 0x7C8A, 0x744A, 0x744A, 0x6C29, 0x7C8A, 0x8CEC, 0x84CB, 0x84CB, 0x7C8A, 0x84CB, 0x84CB,
    0x744A, 0x63C7, 0x63C7, 0x744A, 0x7C8A, 0x744A, 0x7C8A, 0x7C8A, 0x84CB, 0x84CB, 0x84CB, 0x7C8A, 0x7C8A, 0x84CB, 0x84CB, 0x7C8A,
    0x63E9, 0x63E9, 0x946B, 0xBC8D, 0xAC6D, 0x8C09, 0x6C29, 0x6C29, 0x744A, 0x6C29, 0x744A, 0x6C29, 0x8C09, 0x8BAB, 0x8BAB, 0x836A,
    0x8B8B, 0x93CC, 0x9C4F, 0xACD0, 0xACF1, 0xAD12, 0xAD12, 0xAD12, 0xACD0, 0xA490, 0x9C0D, 0x8B8B, 0x8B49, 0x8329, 0x8329, 0x7AE8,
    0x7AE8, 0x8329, 0x8329, 0x8329, 0x8B49, 0x8B6A, 0x93AA, 0x9BAB, 0x9BAB, 0xA3EB, 0xABEB, 0x9BCB, 0x9BCB, 0xA3EB, 0xAC0B, 0xAC0B,
    0xF77D, 0xEF3B, 0xEF3B, 0xEF5C, 0xEF5C, 0xF77C, 0xF77C, 0xF77D, 0xF77D, 0xF77C, 0xF77D, 0xF77D, 0xF77C, 0xF77D, 0xF77C, 0xF77D,
    0xF77C, 0xEF3B, 0xEF1A, 0xE6FA, 0xE6F9, 0xDE78, 0xBD94, 0x9C0D, 0x7B2A, 0x7AE8, 0x7AE8, 0x8329, 0x8B49, 0x93AA, 0xA40C, 0xAC2C,
    0xBCAE, 0xD657, 0xEF5C, 0xEF5C, 0xEF5C, 0xEF5C, 0xEF5C, 0xEF3B, 0xEE78, 0xDD12, 0xE4D1, 0xED12, 0xDC0E, 0xDC0E, 0xDCD1, 0xDC90,
    0xDC0E, 0xDC0E, 0xDC0E, 0xDC0E, 0xDBCD, 0xE46F, 0xE46F, 0xED53, 0xEE78, 0xEE57, 0xEE36, 0xF6B9, 0xF73A, 0xEF5C, 0xEF5C, 0xEF5C,
    0xEF3B, 0xEF3B, 0xF73A, 0xF6FA, 0xF6B9, 0xEE36, 0xEE15, 0xED53, 0xE42E, 0xE42E, 0xE42E, 0xE46F, 0xE4B0, 0xE46F, 0xE42E, 0xE4B0,
    0xED12, 0xEDD5, 0xF6D9, 0xEE57, 0xED53, 0xEDD5, 0xF6D9, 0xF6D9, 0xF6B9, 0xEE78, 0xEDD5, 0xEE15, 0xF6B9, 0xEE78, 0xED50, 0xED50,
    0xEE78, 0xEE36, 0xBC8D, 0x51E5, 0x6A66, 0xBC4C, 0xF50D, 0xF4CB, 0xF50D, 0xF591, 0xEE57, 0xEF3B, 0xEF3B, 0xEF3B, 0xD5D4, 0xAC2C,
    0x9BCB, 0x9BCB, 0xAC0B, 0xAC0B, 0xA3EB, 0xABEB, 0xABEB, 0xABEB, 0xA3EB, 0x9BCB, 0x8B6A, 0x8329, 0x8B6A, 0x9BAB, 0x9BCB, 0x9BCB,
    0x9BCB, 0x9BCB, 0x9BAB, 0x9BAB, 0x9BAB, 0x9BCB, 0x9BCB, 0x9BAB, 0x938A, 0x8B6A, 0x8B49, 0x93AA, 0xA3EB, 0x9BCB, 0xA3EB, 0xA3EB,
    0xA40C, 0xAC2C, 0xA40C, 0xAC2C, 0xAC2C, 0xAC2C, 0xAC2C, 0xAC2C, 0xB42C, 0xAD0E, 0xADCF, 0xADCF, 0xA5AE, 0xADCF, 0xA5AE, 0x6C29,
    0x5347, 0x63E9, 0x8D0C, 0x84CB, 0x744A, 0x744A, 0x7C8A, 0x744A, 0x744A, 0x8CEC, 0x8CEC, 0x7C8A, 0x7C8A, 0x84CB, 0x84CB, 0x744A,
    0x63E9, 0x63C7, 0x6C29, 0x84CB, 0x84CB, 0x8CEC, 0x8D0C, 0x8D0C, 0x8CEC, 0x84CB, 0x7C8A, 0x744A, 0x7C8A, 0x7C8A, 0x84CB, 0x84CB,
    0x6C29, 0x6C29, 0xAC4D, 0xA46E, 0x6C29, 0x63E9, 0x6C29, 0x6C29, 0x6C29, 0x744A, 0x6C29, 0x6C29, 0x744A, 0x6C29, 0x8BAB, 0x8B6A,
    0x938A, 0x938A, 0x8B6A, 0x8329, 0x8329, 0x8B49, 0x8B49, 0x8329, 0x8329, 0x8329, 0x8329, 0x8329, 0x8B49, 0x8329, 0x8329, 0x8329,
    0x8B49, 0x8B49, 0x8B49, 0x8B6A, 0x93AA, 0x9BCB, 0x9BCB, 0x9BCB, 0x9BCB, 0xA3EB, 0x9BCB, 0x9BCB, 0xABEB, 0xA40C, 0xAC0B, 0xABEB,
    0xF77D, 0xF77D, 0xF77D, 0xF77D, 0xF77D, 0xF77D, 0xF77D, 0xF77D, 0xF77D, 0xF77C, 0xF77C, 0xF77C, 0xEF5C, 0xEF3B, 0xEF3B, 0xEF1A,
    0xE6FA, 0xE6F9, 0xE6DA, 0xD657, 0xB533, 0x93CC, 0x7309, 0x7AE8, 0x7AE8, 0x8329, 0x8B49, 0x938A, 0x9BAB, 0xA3EB, 0xAC2C, 0xAC6D,
    0xD615, 0xEF5C, 0xF77C, 0xEF5C, 0xEF5C, 0xEF5C, 0xEF3B, 0xEE78, 0xDD12, 0xE4B0, 0xE4D1, 0xE4D1, 0xE4B0, 0xDC0E, 0xDC0E, 0xE46F,
    0xDC0E, 0xDC0E, 0xCBCC, 0xDC0E, 0xDB8C, 0xDC0E, 0xDC0E, 0xDC0E, 0xED94, 0xEE78, 0xF73A, 0xEF5C, 0xEF5C, 0xEF5C, 0xEF5C, 0xEF5C,
    0xEF5C, 0xEF5C, 0xEF3B, 0xEF5C, 0xEF3B, 0xF6FA, 0xF6FA, 0xF6B9, 0xED53, 0xE4D1, 0xE4B0, 0xE42E, 0xE42E, 0xE4B0, 0xE42E, 0xE46F,
    0xE4D1, 0xED12, 0xEE78, 0xF6FA, 0xEE15, 0xED12, 0xEE57, 0xF6D9, 0xF6B9, 0xEE57, 0xEDD5, 0xEDD5, 0xED50, 0xF46A, 0xF46A, 0xED50,
    0xE4CE, 0xDC29, 0xDC29, 0xE3C8, 0xE48C, 0xF50D, 0xF4CB, 0xF50D, 0xF591, 0xEE36, 0xF6D9, 0xF6D9, 0xF73A, 0xEF5C, 0xEF3B, 0xCD93,
    0x9BCB, 0x9BAB, 0xAC0B, 0xAC0B, 0x9BEC, 0xABEB, 0xABEB, 0xABEB, 0xA3EB, 0x93AA, 0x8B6A, 0x938A, 0x9BCB, 0x9BCB, 0x9BCB, 0x9BCB,
    0x9BCB, 0x9BAB, 0x938A, 0x93AA, 0x9BAB, 0x9BCB, 0x9BAB, 0x938A, 0x8B49, 0x938A, 0x9BAB, 0x9BCB, 0x9BCB, 0xA3EB, 0xA3EB, 0xA3EB,
    0xAC2C, 0xAC2C, 0xA40C, 0xAC2C, 0xAC2C, 0xAC4D, 0xB48E, 0xBCCF, 0xBCEF, 0xA5AE, 0xADCF, 0xADCF, 0xA5AE, 0xADCF, 0xA58E, 0x63C7,
    0x5347, 0x744A, 0x84CB, 0x744A, 0x744A, 0x744A, 0x7C8A, 0x7C8A, 0x8D0C, 0x952D, 0x7C8A, 0x7C8A, 0x8CEC, 0x8CEC, 0x7C8A, 0x6C29,
    0x5B88, 0x6C29, 0x8D0C, 0x954D, 0x954D, 0x952D, 0x952D, 0x952D, 0x952D, 0x8D0C, 0x8CEC, 0x6C29, 0x744A, 0x7C8A, 0x84CB, 0x84CB,
    0x6C29, 0x8C09, 0x9C0D, 0x63E9, 0x63E9, 0x63E9, 0x63E9, 0x6C29, 0x6C29, 0x744A, 0x6C29, 0x63E9, 0x744A, 0x744A, 0x8C09, 0x9BEC,
    0x9BCB, 0x9BAB, 0x8B6A, 0x8B49, 0x8B49, 0x8B49, 0x8B6A, 0x8B49, 0x8B49, 0x8B6A, 0x8B6A, 0x938A, 0x8B6A, 0x8B49, 0x8B49, 0x8B6A,
    0x938A, 0x93AA, 0x93AA, 0x9BCB, 0xA40C, 0xABEB, 0xABEB, 0xABEB, 0x9BCB, 0x9BCB, 0xA3EB, 0xAC0B, 0xABEB, 0xABEB, 0xABEB, 0x9BAB,
    0xF77D, 0xF77D, 0xF77D, 0xF77C, 0xF77C, 0xF77C, 0xF77C, 0xEF5C, 0xEF5C, 0xEF3B, 0xEF1A, 0xEF1A, 0xE6FA, 0xE6FA, 0xE6F9, 0xDEB9,
    0xDE36, 0xBD73, 0xA46E, 0x838B, 0x7309, 0x8329, 0x8329, 0x7AE8, 0x7AE8, 0x8329, 0x938A, 0xA3EB, 0xAC2C, 0xA40C, 0xAC2C, 0xCD73,
    0xEF3B, 0xF77C, 0xEF5C, 0xEF5C, 0xEF5C, 0xEF3B, 0xEED9, 0xEE36, 0xEE36, 0xEE57, 0xEE78, 0xEE36, 0xED53, 0xDC90, 0xE46F, 0xDC90,
    0xE4B0, 0xE42E, 0xDB8C, 0xDC0E, 0xDB8C, 0xD32B, 0xDB8C, 0xDB8C, 0xDCD1, 0xEDD5, 0xEDD5, 0xEDD5, 0xEDD5, 0xEDD5, 0xEDD5, 0xEE15,
    0xEE36, 0xEE57, 0xF6B9, 0xF6FA, 0xF73A, 0xEF3B, 0xEF3B, 0xF73A, 0xEE57, 0xDD12, 0xED12, 0xE46F, 0xDC0E, 0xE4B0, 0xE46F, 0xE42E,
    0xE46F, 0xE4D1, 0xED53, 0xF6D9, 0xF6B9, 0xED53, 0xED94, 0xEE78, 0xEE78, 0xED94, 0xE4CE, 0xE48C, 0xF46A, 0xF46A, 0xF50D, 0xE48C,
    0xE48C, 0xF4CB, 0xF50D, 0xF50D, 0xF50D, 0xF50D, 0xF4CB, 0xE4CE, 0xF591, 0xEE78, 0xEED9, 0xEF3B, 0xF77C, 0xEF5C, 0xEF5C, 0xE6F9,
    0xBCF2, 0x9BEC, 0xA3EB, 0xAC0B, 0x9BCB, 0xABEB, 0xABEB, 0x9BCB, 0x9BCB, 0x93AA, 0x9BAB, 0x9BCB, 0x9BCB, 0x9BCB, 0x9BCB, 0x9BCB,
    0x9BCB, 0x9BAB, 0x9BAB, 0x9BAB, 0x9BAB, 0x9BAB, 0x93AA, 0x8B49, 0x8B49, 0x9BAB, 0xA3EB, 0x9BCB, 0x9BEC, 0xA3EB, 0xA3EB, 0xAC2C,
    0xAC4D, 0xB48E, 0xBCEF, 0xCD73, 0xD5F5, 0xDE78, 0xE6DA, 0xE6FA, 0xCE36, 0xADCF, 0xADCF, 0xA5AE, 0xA5AE, 0xADCF, 0x9D6D, 0x5B88,
    0x5B88, 0x7C8A, 0x84CB, 0x7C8A, 0x7C8A, 0x7C8A, 0x8CEC, 0x954D, 0x952D, 0x7C8A, 0x744A, 0x8CEC, 0x8D0C, 0x84CB, 0x744A, 0x63E9,
    0x6C29, 0x8CEC, 0x954D, 0x952D, 0x8CEC, 0x8CEC, 0x8CEC, 0x8CEC, 0x8CEC, 0x84CB, 0x8D0C, 0x744A, 0x6C29, 0x7C8A, 0x84CB, 0x84CB,
    0x5B88, 0x5347, 0x5B88, 0x5B88, 0x63C7, 0x63E9, 0x63E9, 0x63E9, 0x6C29, 0x6C29, 0x63E9, 0x63E9, 0x6C29, 0x744A, 0x744A, 0x8C09,
    0xAC2C, 0xA40C, 0xA3EB, 0x9BCB, 0x9BCB, 0x9BCB, 0x9BAB, 0x9BAB, 0x9BAB, 0x9BCB, 0x9BCB, 0x9BAB, 0x938A, 0x938A, 0x93AA, 0x93AA,
    0x9BAB, 0x9BAB, 0xA3EB, 0xAC2C, 0xB42C, 0xAC0B, 0xABEB, 0x9BCB, 0xABEB, 0xAC0B, 0xA40C, 0x9BCB, 0xABEB, 0x9BCB, 0x93AA, 0x9BAB,
    0xF77D, 0xEF1A, 0xEF1A, 0xEF1A, 0xE6FA, 0xE6FA, 0xEF1A, 0xEF1A, 0xE6FA, 0xE6F9, 0xE6DA, 0xDEB9, 0xCE36, 0xBD94, 0xACF1, 0x9C0D,
    0x836A, 0x7309, 0x7AE8, 0x8329, 0x8329, 0x8329, 0x8B49, 0x8B6A, 0x93AA, 0x93AA, 0x8B6A, 0x93AA, 0xA3EB, 0xAC2C, 0xBCF2, 0xE6F9,
    0xF77C, 0xEF5C, 0xEF5C, 0xEF5C, 0xF73A, 0xEE78, 0xE552, 0xDCD1, 0xDCD1, 0xDD12, 0xDD12, 0xEDD5, 0xEE57, 0xEE36, 0xED53, 0xE4D1,
    0xDBCD, 0xDB8C, 0xD32B, 0xDB8C, 0xD32B, 0xCAC9, 0xCAC9, 0xDBCD, 0xE4B0, 0xDCD1, 0xE4B0, 0xE4B0, 0xE4B0, 0xE46F, 0xDC0E, 0xDBCD,
    0xDBCD, 0xDC0E, 0xE42E, 0xE4D1, 0xED53, 0xEE36, 0xF6FA, 0xEF3B, 0xF6FA, 0xEE36, 0xED53, 0xE4B0, 0xDBCD, 0xDC0E, 0xE46F, 0xE42E,
    0xDC0E, 0xE4D1, 0xE4B0, 0xEE36, 0xF6D9, 0xEDD5, 0xDD12, 0xEE15, 0xEDD5, 0xE48C, 0xF46A, 0xF4CB, 0xF4CB, 0xF4CB, 0xF46A, 0xF4CB,
    0xF50D, 0xF50D, 0xF50D, 0xF50D, 0xF4CB, 0xF50D, 0xE4CE, 0xED50, 0xEE78, 0xF6FA, 0xF6FA, 0xEF1A, 0xF6FA, 0xF6FA, 0xF6FA, 0xEF3B,
    0xDE78, 0xB48E, 0xABEB, 0xABEB, 0xABEB, 0xABEB, 0x9BAB, 0x93AA, 0x93AA, 0x9BAB, 0x9BAB, 0x9BCB, 0x9BCB, 0x9BCB, 0x9BCB, 0x9BCB,
    0x9BCB, 0x9BCB, 0x9BAB, 0x9BAB, 0x9BAB, 0x938A, 0x8B49, 0x938A, 0x9BAB, 0x9BCB, 0x9BCB, 0xA3EB, 0xA40C, 0xAC2C, 0xBCCF, 0xCD73,
    0xDE36, 0xDEB9, 0xEF1A, 0xEF5C, 0xF77C, 0xF77C, 0xF77C, 0xE6FA, 0xB5EF, 0xA5AE, 0xA5AE, 0xA58E, 0xA58E, 0xA5AE, 0xA58E, 0x5B88,
    0x63E9, 0x7C8A, 0x84CB, 0x7C8A, 0x84CB, 0x8D0C, 0x9D6D, 0x8CEC, 0x84CB, 0x744A, 0x8CEC, 0x952D, 0x8CEC, 0x8D0C, 0x7C8A, 0x744A,
    0x84CB, 0x8D0C, 0x8D0C, 0x8CEC, 0x8CEC, 0x8D0C, 0x8D0C, 0x8CEC, 0x84CB, 0x84CB, 0x8D0C, 0x744A, 0x6C29, 0x7C8A, 0x84CB, 0x744A,
    0x5347, 0x42E6, 0x5B88, 0x5B88, 0x5B88, 0x63E9, 0x63E9, 0x6C29, 0x6C29, 0x63E9, 0x63E9, 0x6C29, 0x6C29, 0x6C29, 0x744A, 0x8C09,
    0xAC2C, 0xAC0B, 0xAC2C, 0xAC0B, 0xAC0B, 0xA40C, 0xA40C, 0xA40C, 0xA3EB, 0xA3EB, 0x9BCB, 0x93AA, 0x938A, 0x9BAB, 0x9BAB, 0x9BCB,
    0x9BCB, 0xA3EB, 0xB42C, 0xB42C, 0xAC0B, 0x9BCB, 0x9BCB, 0xABEB, 0xABEB, 0x9BCB, 0xABEB, 0x9BCB, 0x9BAB, 0x938A, 0x9BCB, 0xAC0B,
    0xEF1A, 0xDE78, 0xDE78, 0xDE78, 0xD657, 0xD657, 0xCE36, 0xC5B4, 0xBD73, 0xACF1, 0x9C4F, 0x83CD, 0x836A, 0x8329, 0x7AE8, 0x7AE8,
    0x7AE8, 0x8329, 0x8329, 0x8329, 0x8B49, 0x93AA, 0x9BAB, 0x9BCB, 0xAC2C, 0xAC2C, 0xA3EB, 0x93AA, 0x93AA, 0xAC2C, 0xD657, 0xF77C,
    0xEF5C, 0xEF3B, 0xEF5C, 0xF6FA, 0xEDD5, 0xDC90, 0xDC0E, 0xDBCD, 0xDC0E, 0xDB8C, 0xCBCC, 0xDBCD, 0xDC90, 0xEDD5, 0xEE57, 0xED94,
    0xDB8C, 0xD32B, 0xD32B, 0xCAC9, 0xCAC9, 0xDB8C, 0xDD12, 0xEE57, 0xF6B9, 0xEE78, 0xEE36, 0xEDD5, 0xEDD5, 0xEDD5, 0xED94, 0xDD12,
    0xE42E, 0xDBCD, 0xDBCD, 0xDBCD, 0xE46F, 0xE46F, 0xEE36, 0xF73A, 0xF73A, 0xF6FA, 0xEE15, 0xE4B0, 0xE46F, 0xDB8C, 0xDC0E, 0xDBCD,
    0xDBCD, 0xE4D1, 0xE46F, 0xED94, 0xF6D9, 0xEE57, 0xDCD1, 0xE4D1, 0xE48C, 0xF46A, 0xF4CB, 0xF50D, 0xF50D, 0xF4CB, 0xF54E, 0xF50D,
    0xF46A, 0xF4CB, 0xF50D, 0xF50D, 0xF4CB, 0xE4CE, 0xED50, 0xEE78, 0xF6D9, 0xF6D9, 0xF6B9, 0xF6D9, 0xF73A, 0xEF5C, 0xEF5C, 0xF77C,
    0xEF3B, 0xCDB4, 0xAC0B, 0xABEB, 0xABAB, 0xABAB, 0x93AA, 0x8B6A, 0x938A, 0x9BAB, 0x9BAB, 0x9BCB, 0x9BAB, 0x9BAB, 0x9BCB, 0x9BCB,
    0x9BCB, 0x9BAB, 0x8B49, 0x8B6A, 0x8B6A, 0x8329, 0x938A, 0x9BAB, 0x9BCB, 0x9BCB, 0xAC2C, 0xB48E, 0xCD73, 0xD657, 0xE6F9, 0xEF5C,
    0xF77C, 0xF77C, 0xF77C, 0xF77C, 0xF77C, 0xF77C, 0xEF3B, 0xC653, 0xA5AE, 0xA5AE, 0xA58E, 0x9D6D, 0xA58E, 0x9D6D, 0xA5AE, 0x63C7,
    0x744A, 0x84CB, 0x84CB, 0x84CB, 0x954D, 0xA58E, 0x8CEC, 0x744A, 0x7C8A, 0x84CB, 0x952D, 0x8CEC, 0x8CEC, 0x8CEC, 0x744A, 0x7C8A,
    0x8D0C, 0x8D0C, 0x8D0C, 0x8D0C, 0x952D, 0x8D0C, 0x8CEC, 0x84CB, 0x84CB, 0x8CEC, 0x8CEC, 0x744A, 0x7C8A, 0x84CB, 0x84CB, 0x5B88,
    0x42E6, 0x42E6, 0x5347, 0x5B88, 0x5B88, 0x63E9, 0x63E9, 0x6C29, 0x63E9, 0x63E9, 0x6C29, 0x744A, 0x6C29, 0x744A, 0x744A, 0x6C29,
    0xAC2C, 0xB42C, 0xB42C, 0xB42C, 0xAC2C, 0xAC2C, 0xAC2C, 0xAC2C, 0xA40C, 0xA3EB, 0x9BAB, 0x93AA, 0x9BAB, 0x9BCB, 0x9BCB, 0x9BCB,
    0xA40C, 0xB42C, 0xB42C, 0xAC0B, 0x9BCB, 0x9BCB, 0xABEB, 0xABEB, 0x9BCB, 0x9BAB, 0x9BCB, 0x93AA, 0x9BAB, 0xABEB, 0xB42C, 0xB42C,
    0xB533, 0x838B, 0x838B, 0x838B, 0x836A, 0x7B2A, 0x7309, 0x7AE8, 0x7AE8, 0x72A7, 0x7AE8, 0x72A7, 0x72A7, 0x7AE8, 0x8329, 0x8B49,
    0x8329, 0x8329, 0x8B49, 0x93AA, 0x9BEC, 0xA3EB, 0xA40C, 0xAC2C, 0xAC2C, 0xAC2C, 0xAC2C, 0xAC2C, 0xA40C, 0xC532, 0xEF1A, 0xEF5C,
    0xEF5C, 0xF73A, 0xF6B9, 0xED94, 0xDD12, 0xDCD1, 0xE4B0, 0xE42E, 0xDBCD, 0xCBCC, 0xDB8C, 0xDBCD, 0xDBCD, 0xDC90, 0xED94, 0xEE15,
    0xDC0E, 0xCAC9, 0xCA68, 0xCA68, 0xBB4A, 0xDD12, 0xEE57, 0xF6B9, 0xEE78, 0xEDD5, 0xE4B0, 0xE42E, 0xDC0E, 0xE42E, 0xE4B0, 0xED12,
    0xED94, 0xE4B0, 0xDC0E, 0xDC0E, 0xDC0E, 0xDC0E, 0xEDD5, 0xF73A, 0xF73A, 0xF73A, 0xF6B9, 0xDD12, 0xED12, 0xDC0E, 0xDC0E, 0xDB8C,
    0xDB8C, 0xE4B0, 0xDC0E, 0xED53, 0xF6D9, 0xEE57, 0xE46F, 0xDC29, 0xF4CB, 0xF4CB, 0xF54E, 0xF591, 0xF591, 0xF54E, 0xF54E, 0xF50D,
    0xED50, 0xF591, 0xF5D2, 0xF5D2, 0xF591, 0xEDD5, 0xEE57, 0xE6B8, 0xF6D9, 0xF6FA, 0xE6D8, 0xEF3B, 0xF77C, 0xF77C, 0xF77C, 0xF77C,
    0xF77C, 0xF6D9, 0xBCAE, 0xABEB, 0xABEB, 0x9BAB, 0x93AA, 0x938A, 0x938A, 0x9BAB, 0x9BAB, 0x9BAB, 0x9BAB, 0x9BCB, 0x9BCB, 0x9BCB,
    0x93AA, 0x8B49, 0x8B49, 0x8B49, 0x8B49, 0x938A, 0x9BAB, 0x9BAB, 0xAC2C, 0xBCEF, 0xD5F5, 0xE6DA, 0xEF3B, 0xF77C, 0xF77C, 0xF77C,
    0xF77C, 0xF77C, 0xEF5C, 0xF77C, 0xF77C, 0xEF5C, 0xEF1A, 0xBE12, 0xA58E, 0x954D, 0x9D6D, 0xA58E, 0xA58E, 0x954D, 0xA5AE, 0x744A,
    0x63E9, 0x7C8A, 0x84CB, 0x954D, 0xA58E, 0xA58E, 0x7C8A, 0x6C29, 0x8CEC, 0x954D, 0x8D0C, 0x84CB, 0x8CEC, 0x7C8A, 0x7C8A, 0x952D,
    0x8CEC, 0x84CB, 0x8D0C, 0x8D0C, 0x952D, 0x952D, 0x8D0C, 0x84CB, 0x84CB, 0x8CEC, 0x744A, 0x744A, 0x7C8A, 0x84CB, 0x744A, 0x42E6,
    0x42E6, 0x42E6, 0x5B88, 0x5B88, 0x5B88, 0x63E9, 0x63E9, 0x63E9, 0x63E9, 0x744A, 0x6C29, 0x6C29, 0x6C29, 0x744A, 0x6C29, 0x8C09,
    0xAC4D, 0xB42C, 0xB42C, 0xAC2C, 0xB42C, 0xAC2C, 0xA3EB, 0xA3EB, 0x9BCB, 0x9BAB, 0x9BAB, 0x9BCB, 0x9BCB, 0x9BCB, 0xA3EB, 0xAC0B,
    0xB42C, 0xB42C, 0xAC0B, 0x9BCB, 0xABEB, 0xAC0B, 0xABEB, 0xABEB, 0x9BAB, 0x938A, 0x938A, 0x9BCB, 0xB42C, 0xB44D, 0xB42C, 0xA40C,
    0xACF1, 0x72A7, 0x72A7, 0x72A7, 0x72A7, 0x7AE8, 0x72A7, 0x7AE8, 0x7AE8, 0x7AE8, 0x7AE8, 0x8329, 0x8B49, 0x8329, 0x8329, 0x8B49,
    0x938A, 0x9BCB, 0x9BCB, 0x9BAB, 0xA3EB, 0xAC2C, 0xAC2C, 0xA40C, 0xAC2C, 0xAC2C, 0xAC2C, 0xAC4D, 0xB48E, 0xDE78, 0xF77C, 0xEF5C,
    0xF73A, 0xEE15, 0xE552, 0xDD12, 0xDC90, 0xDC0E, 0xDBCD, 0xDBCD, 0xDB8C, 0xDBCD, 0xDC0E, 0xDC0E, 0xDB8C, 0xDB8C, 0xDC90, 0xED94,
    0xDCD1, 0xCAC9, 0xB287, 0xDBCD, 0xE4D1, 0xED12, 0xED53, 0xE4D1, 0xE4B0, 0xE46F, 0xDBCD, 0xDB8C, 0xDBCD, 0xDBCD, 0xDBCD, 0xDBCD,
    0xE4B0, 0xEE15, 0xED53, 0xED12, 0xE42E, 0xDBCD, 0xED53, 0xF6FA, 0xF73A, 0xF73A, 0xF6D9, 0xED94, 0xE4D1, 0xDC0E, 0xDC0E, 0xDB8C,
    0xD32B, 0xD32B, 0xD32B, 0xED12, 0xEE57, 0xDD12, 0xDC29, 0xF4CB, 0xF50D, 0xF591, 0xF5D2, 0xF5D2, 0xF591, 0xF54E, 0xF54E, 0xED50,
    0xEE15, 0xEE15, 0xF5D2, 0xED50, 0xE4CE, 0xED50, 0xEE15, 0xEE57, 0xEE78, 0xEE78, 0xF6D9, 0xEF3B, 0xF77C, 0xF77C, 0xF77C, 0xF77C,
    0xEF5C, 0xEF1A, 0xCD93, 0xAC0B, 0xABAB, 0x93AA, 0x93AA, 0x938A, 0x8B6A, 0x8B6A, 0x8B6A, 0x93AA, 0x9BCB, 0x9BCB, 0x9BAB, 0x938A,
    0x8B49, 0x8B49, 0x8B49, 0x8B49, 0x9BAB, 0x9BCB, 0xA40C, 0xBCEF, 0xDE36, 0xEF1A, 0xEF5C, 0xF77C, 0xF77C, 0xF77C, 0xF77C, 0xF77C,
    0xF77C, 0xF77C, 0xF77C, 0xF77C, 0xEF5C, 0xEF5C, 0xE6F9, 0xBE12, 0xA58E, 0x954D, 0x8D0C, 0x952D, 0xA58E, 0x954D, 0xA58E, 0x7C8A,
    0x5B88, 0x63E9, 0x952D, 0xA58E, 0xA58E, 0x9D6D, 0x744A, 0x6C29, 0x954D, 0x9D6D, 0x84CB, 0x8CEC, 0x8CEC, 0x84CB, 0x952D, 0x84CB,
    0x7C8A, 0x8CEC, 0x8D0C, 0x952D, 0x952D, 0x952D, 0x8D0C, 0x8D0C, 0x8D0C, 0x7C8A, 0x6C29, 0x7C8A, 0x7C8A, 0x7C8A, 0x5347, 0x42E6,
    0x42E6, 0x42E6, 0x5B88, 0x5347, 0x63C7, 0x63E9, 0x63C7, 0x63E9, 0x63E9, 0x63E9, 0x63E9, 0x6C29, 0x6C29, 0x6C29, 0x8C09, 0xAC2C,
    0xAC4D, 0xAC4D, 0xAC2C, 0xAC2C, 0xAC2C, 0xA40C, 0xA3EB, 0x9BCB, 0x9BCB, 0xA40C, 0xA3EB, 0xA3EB, 0xA3EB, 0xA3EB, 0xAC2C, 0xB42C,
    0xBC4C, 0xB42C, 0xABEB, 0xABEB, 0xAC0B, 0xABEB, 0xABEB, 0xABEB, 0x9BAB, 0x93AA, 0xABEB, 0xBC4C, 0xBC4C, 0xAC2C, 0xA40C, 0xAC2C,
    0xB533, 0x8B49, 0x8B49, 0x8329, 0x8329, 0x7AE8, 0x7AE8, 0x8329, 0x8B49, 0x8B49, 0x8B49, 0x8B49, 0x8B6A, 0x93AA, 0x9BCB, 0x9BCB,
    0x9BAB, 0x9BCB, 0xA40C, 0xA40C, 0xA3EB, 0xA3EB, 0xA40C, 0xAC2C, 0xAC2C, 0xB42C, 0xAC2C, 0xAC4D, 0xCD73, 0xEF3B, 0xEF5C, 0xF6FA,
    0xEE36, 0xDCD1, 0xDC90, 0xDC0E, 0xDBCD, 0xDBCD, 0xDB8C, 0xDBCD, 0xDB8C, 0xDB8C, 0xDBCD, 0xD32B, 0xDB8C, 0xD32B, 0xDB8C, 0xDC90,
    0xE552, 0xCBCC, 0xDC90, 0xED53, 0xED94, 0xED12, 0xE4D1, 0xE42E, 0xDC0E, 0xE42E, 0xE42E, 0xDBCD, 0xDBCD, 0xDC0E, 0xDBCD, 0xDC0E,
    0xDC0E, 0xED94, 0xEE15, 0xEE36, 0xEE15, 0xE4B0, 0xDD12, 0xF6D9, 0xF6FA, 0xF6FA, 0xF6FA, 0xEE78, 0xED12, 0xDBCD, 0xDB8C, 0xDB8C,
    0xCAC9, 0xCAC9, 0xD32B, 0xED12, 0xED12, 0xE48C, 0xF50D, 0xF591, 0xF5D2, 0xF591, 0xEDD5, 0xEE15, 0xF5D2, 0xF50D, 0xE48C, 0xF591,
    0xF591, 0xED50, 0xED50, 0xF5D2, 0xED50, 0xF50D, 0xED50, 0xF5D2, 0xEE36, 0xEE78, 0xF6D9, 0xEF5C, 0xF77C, 0xF77C, 0xEF5C, 0xEF3B,
    0xF6FA, 0xF73A, 0xEE57, 0xB42C, 0x9BAB, 0x93AA, 0x93AA, 0x938A, 0x8B49, 0x8329, 0x8B49, 0x9BAB, 0x9BCB, 0x9BAB, 0x938A, 0x8B49,
    0x8B49, 0x8B49, 0x8B49, 0x9BAB, 0xA40C, 0xBCCF, 0xCE36, 0xEF1A, 0xF77C, 0xF77C, 0xF77C, 0xEF5C, 0xEF5C, 0xF77C, 0xF77C, 0xF77C,
    0xEF5C, 0xF77C, 0xF77C, 0xEF5C, 0xEF5C, 0xEF5C, 0xEF1A, 0xC653, 0xA58E, 0x954D, 0x9D6D, 0x954D, 0x952D, 0x952D, 0xA58E, 0x7C8A,
    0x5B88, 0x6C29, 0xA5AE, 0x954D, 0xA58E, 0x8CEC, 0x63E9, 0x6C29, 0x84CB, 0x9D6D, 0x7C8A, 0x8D0C, 0x8CEC, 0x954D, 0x84CB, 0x744A,
    0x8CEC, 0x8D0C, 0x954D, 0x952D, 0x8D0C, 0x8CEC, 0x84CB, 0x84CB, 0x8CEC, 0x744A, 0x6C29, 0x744A, 0x744A, 0x5B88, 0x5247, 0x42E6,
    0x42E6, 0x5347, 0x5347, 0x5347, 0x63E9, 0x63C7, 0x5B88, 0x5B88, 0x5B88, 0x63E9, 0x63E9, 0x6C29, 0x744A, 0x6C29, 0x8C09, 0xAC4D,
    0xAC4D, 0xAC4D, 0xAC4D, 0xAC2C, 0xAC2C, 0xAC2C, 0xA40C, 0xA3EB, 0xA40C, 0xA40C, 0xA40C, 0xAC2C, 0xAC2C, 0xB42C, 0xBC4C, 0xBC4C,
    0xB42C, 0xAC0B, 0xABEB, 0xAC0B, 0xAC0B, 0xABEB, 0x9BCB, 0x9BAB, 0x9BAB, 0xABEB, 0xBC4C, 0xB44D, 0xA40C, 0xA40C, 0xAC2C, 0xAC2C,
    0xAD12, 0x8B6A, 0x9BAB, 0x9BAB, 0x93AA, 0x938A, 0x8B6A, 0x8B6A, 0x8B6A, 0x93AA, 0x9BCB, 0x9BAB, 0x93AA, 0x93AA, 0x9BAB, 0xA3EB,
    0xA40C, 0xA40C, 0xA3EB, 0xA3EB, 0xA40C, 0xA40C, 0xA3EB, 0xA3EB, 0xAC2C, 0xAC4D, 0xAC2C, 0xAC6D, 0xDE36, 0xEF5C, 0xF6FA, 0xF6B9,
    0xEE36, 0xE552, 0xE552, 0xE552, 0xDD12, 0xDD12, 0xDCD1, 0xDC0E, 0xDBCD, 0xDB8C, 0xD32B, 0xDB8C, 0xDBCD, 0xDB8C, 0xD32B, 0xCBCC,
    0xED94, 0xEE57, 0xF6B9, 0xF6B9, 0xF6B9, 0xEE78, 0xEE36, 0xED53, 0xE4B0, 0xE42E, 0xE42E, 0xE42E, 0xE42E, 0xE42E, 0xDC0E, 0xE42E,
    0xDC0E, 0xE4B0, 0xE46F, 0xE46F, 0xED94, 0xEE15, 0xED53, 0xEE57, 0xF6D9, 0xF6D9, 0xF6D9, 0xF6D9, 0xEE57, 0xE4B0, 0xDB8C, 0xDBCD,
    0xCAC9, 0xCAC9, 0xD32B, 0xDC90, 0xE4CE, 0xED50, 0xF591, 0xF591, 0xF5D2, 0xF5D2, 0xF5D2, 0xEDD5, 0xED50, 0xDC29, 0xE4CE, 0xF5D2,
    0xE552, 0xE48C, 0xE48C, 0xE4CE, 0xF5D2, 0xEE15, 0xEE15, 0xEE36, 0xEE36, 0xEE36, 0xE6B8, 0xF6D9, 0xF6FA, 0xF6FA, 0xF6FA, 0xF6FA,
    0xF6FA, 0xF6FA, 0xEED9, 0xC510, 0x9BAB, 0x93AA, 0x9BAB, 0x93AA, 0x8B6A, 0x938A, 0x9BAB, 0x9BCB, 0x9BCB, 0x9BAB, 0x8B6A, 0x8B6A,
    0x8B49, 0x938A, 0x9BEC, 0xB48E, 0xC5B4, 0xE6F9, 0xF77C, 0xF77C, 0xF77C, 0xF77C, 0xF77C, 0xF77C, 0xF77C, 0xF77C, 0xEF5C, 0xF77C,
    0xEF5C, 0xF77C, 0xEF5C, 0xF77C, 0xEF5C, 0xEF5C, 0xEF3B, 0xE697, 0xA5AE, 0x954D, 0x954D, 0x952D, 0x952D, 0x8CEC, 0xA58E, 0x6C29,
    0x5B88, 0x8D0C, 0xA5AE, 0x954D, 0x954D, 0x744A, 0x63E9, 0x7C8A, 0x6C29, 0x8D0C, 0x84CB, 0x954D, 0x954D, 0x7C8A, 0x6C29, 0x84CB,
    0x8CEC, 0x952D, 0x952D, 0x8D0C, 0x8D0C, 0x8CEC, 0x8CEC, 0x8CEC, 0x84CB, 0x7C8A, 0x8CEC, 0x8D0C, 0x7C8A, 0x5347, 0x42E6, 0x42E6,
    0x42E6, 0x42E6, 0x42E6, 0x5347, 0x5B88, 0x5347, 0x5347, 0x5B88, 0x5B88, 0x63E9, 0x63E9, 0x6C29, 0x6C29, 0x6C29, 0xAC2C, 0xAC4D,
    0xAC2C, 0xAC2C, 0xAC2C, 0xAC2C, 0xAC2C, 0xA3EB, 0x9BCB, 0xA40C, 0xA3EB, 0xA40C, 0xB42C, 0xA40C, 0xAC0B, 0xB44D, 0xBC4C, 0xB42C,
    0xAC0B, 0xAC0B, 0xAC0B, 0xAC0B, 0xABEB, 0x9BAB, 0x93AA, 0x9BCB, 0xAC0B, 0xBC4C, 0xB42C, 0xA40C, 0xA40C, 0xAC2C, 0xAC2C, 0xA40C,
    0xCD73, 0x9BAB, 0x9BAB, 0x9BCB, 0xA3EB, 0xA3EB, 0xA3EB, 0xA3EB, 0x9BAB, 0x938A, 0x93AA, 0x9BCB, 0xA3EB, 0xA3EB, 0x9BCB, 0x9BAB,
    0x9BAB, 0x9BCB, 0xA40C, 0xA40C, 0xA3EB, 0xA3EB, 0xA40C, 0xA40C, 0xA40C, 0xAC2C, 0xAC2C, 0xBCCF, 0xE6DA, 0xEF3B, 0xEE78, 0xEE15,
    0xEE15, 0xEE57, 0xF6D9, 0xF6FA, 0xF6FA, 0xF73A, 0xF6D9, 0xEE15, 0xDD12, 0xDBCD, 0xD32B, 0xD32B, 0xDB8C, 0xD32B, 0xCAC9, 0xDC0E,
    0xED53, 0xED53, 0xED12, 0xE4D1, 0xED12, 0xED94, 0xEDD5, 0xEE36, 0xEE15, 0xED53, 0xE46F, 0xE42E, 0xDC0E, 0xDBCD, 0xDB8C, 0xDBCD,
    0xE46F, 0xE46F, 0xDC0E, 0xDBCD, 0xDC0E, 0xE4D1, 0xEDD5, 0xEE15, 0xEE78, 0xF6B9, 0xEE57, 0xEE78, 0xF6B9, 0xEE15, 0xE42E, 0xDB8C,
    0xCA68, 0xCAC9, 0xDB8C, 0xE4CE, 0xF54E, 0xF591, 0xF5D2, 0xF591, 0xE552, 0xF591, 0xF591, 0xF50D, 0xDC29, 0xE48C, 0xF591, 0xF591,
    0xED94, 0xE48C, 0xBC4C, 0xE48C, 0xE4CE, 0xED50, 0xF591, 0xEE15, 0xEE15, 0xF5D2, 0xEE36, 0xF6B9, 0xF6B9, 0xF6B9, 0xF6B9, 0xF6B9,
    0xF6D9, 0xF73A, 0xEF5C, 0xD5F5, 0x9BEC, 0x93AA, 0x938A, 0x938A, 0x938A, 0x93AA, 0x9BCB, 0x9BCB, 0x9BCB, 0x9BCB, 0x9BAB, 0x93AA,
    0x9BAB, 0xAC2C, 0xC510, 0xDE78, 0xEF3B, 0xF77C, 0xEF5C, 0xF77C, 0xEF5C, 0xF77C, 0xEF5C, 0xF77C, 0xEF5C, 0xF77C, 0xEF5C, 0xF77C,
    0xF77C, 0xEF5C, 0xEF5C, 0xEF5C, 0xEF5C, 0xEF3B, 0xEF3B, 0xE6F9, 0xADCF, 0x952D, 0x9D6D, 0x8D0C, 0x84CB, 0x8D0C, 0xA58E, 0x63C7,
    0x6C29, 0xADCF, 0x9D6D, 0x954D, 0x8CEC, 0x63E9, 0x6C29, 0x84CB, 0x6C29, 0x84CB, 0x954D, 0xA5AE, 0x7C8A, 0x6C29, 0x7C8A, 0x8D0C,
    0x954D, 0x9D6D, 0x954D, 0x952D, 0x8CEC, 0x84CB, 0x7C8A, 0x7C8A, 0x8CEC, 0x954D, 0x9D6D, 0x9D6D, 0x9D6D, 0x952D, 0x8CEC, 0x744A,
    0x5347, 0x5347, 0x5B88, 0x63E9, 0x5B88, 0x5347, 0x5347, 0x5B88, 0x5B88, 0x63E9, 0x6C29, 0x6C29, 0x6C29, 0x8C09, 0xAC2C, 0x8C09,
    0x8C09, 0x8C09, 0x8C09, 0x8C09, 0x9BEC, 0x9BCB, 0xA40C, 0xABEB, 0xA40C, 0xB42C, 0xAC0B, 0xA40C, 0xB42C, 0xBC4C, 0xB42C, 0xAC0B,
    0xAC0B, 0xAC0B, 0xAC0B, 0xABEB, 0x9BAB, 0x93AA, 0xABEB, 0xB42C, 0xB44D, 0xB42C, 0xAC2C, 0xAC2C, 0xAC2C, 0xAC2C, 0xA40C, 0xAC2C,
    0xCDB4, 0xAC2C, 0xA3EB, 0x9BCB, 0x9BCB, 0xA3EB, 0xAC2C, 0xAC2C, 0xAC2C, 0xA40C, 0x9BAB, 0x93AA, 0x9BAB, 0xA40C, 0xAC2C, 0xAC2C,
    0xA40C, 0xA3EB, 0x9BEC, 0xA3EB, 0xA40C, 0xAC2C, 0xA40C, 0xA40C, 0xAC2C, 0xAC2C, 0xAC2C, 0xC532, 0xEF1A, 0xF6FA, 0xEE57, 0xEE78,
    0xF6FA, 0xF6FA, 0xF6FA, 0xF6FA, 0xF73A, 0xEF3B, 0xF73A, 0xF6FA, 0xF6B9, 0xED94, 0xDC0E, 0xD32B, 0xD32B, 0xDB8C, 0xDC90, 0xED53,
    0xED53, 0xED12, 0xED12, 0xED53, 0xED94, 0xED12, 0xE4D1, 0xE4D1, 0xED53, 0xEE57, 0xED94, 0xE4B0, 0xE42E, 0xDBCD, 0xDBCD, 0xDC0E,
    0xE4B0, 0xE42E, 0xDBCD, 0xDBCD, 0xDB8C, 0xDBCD, 0xE4D1, 0xED53, 0xEE15, 0xEE57, 0xEE15, 0xED94, 0xEE36, 0xEE57, 0xE4B0, 0xCAC9,
    0xB287, 0xBB4A, 0xE4CE, 0xF54E, 0xF54E, 0xF591, 0xF5D2, 0xE552, 0xD56E, 0xED50, 0xE4CE, 0xDC29, 0xE4CE, 0xE552, 0xF591, 0xE552,
    0xED94, 0xBC4C, 0xE4CE, 0xE48C, 0xE48C, 0xE4CE, 0xEDD5, 0xEE36, 0xF591, 0xF591, 0xEE78, 0xEF3B, 0xEF5C, 0xEF3B, 0xF6FA, 0xF73A,
    0xEF5C, 0xF77C, 0xF77C, 0xDEB9, 0xAC2C, 0x9BAB, 0x93AA, 0x8B6A, 0x8B49, 0x9BAB, 0x9BCB, 0x9BCB, 0x93AA, 0x93AA, 0x93AA, 0x9BAB,
    0xAC6D, 0xCDB4, 0xE6FA, 0xF77C, 0xF77C, 0xEF5C, 0xF77C, 0xF77C, 0xEF5C, 0xF77A, 0xF77C, 0xF77C, 0xEF5C, 0xF77C, 0xEF5C, 0xEF5C,
    0xEF5C, 0xEF5C, 0xEF5C, 0xEF5C, 0xF73A, 0xE6F9, 0xD655, 0xBE12, 0x954D, 0x8CEC, 0x954D, 0x9D6D, 0x8CEC, 0xA58E, 0x84CB, 0x63C7,
    0x952D, 0xADCF, 0x954D, 0x954D, 0x8CEC, 0x6C29, 0x63E9, 0x8CEC, 0x744A, 0xA58E, 0xADCF, 0x84CB, 0x6C29, 0x7C8A, 0x952D, 0xA58E,
    0x954D, 0x952D, 0x8D0C, 0x8CEC, 0x84CB, 0x7C8A, 0x7C8A, 0x8CEC, 0x8D0C, 0x954D, 0x9D6D, 0x9D6D, 0xA58E, 0x9D6D, 0x954D, 0x9D6D,
    0x8CEC, 0x84CB, 0x8D0C, 0x952D, 0x8CEC, 0x744A, 0x5347, 0x5B88, 0x5B88, 0x6C29, 0x744A, 0x744A, 0x744A, 0x6C29, 0x63C7, 0x63E9,
    0x6C29, 0x6C29, 0x744A, 0x744A, 0x8C09, 0x9BEC, 0xA40C, 0xAC0B, 0xB42C, 0xB42C, 0xAC2C, 0xB42C, 0xBC4C, 0xB42C, 0xABEB, 0xAC0B,
    0xAC0B, 0xAC0B, 0xA3EB, 0x9BCB, 0x9BCB, 0xA40C, 0xAC2C, 0xB44D, 0xB44D, 0xAC2C, 0xAC2C, 0xAC2C, 0xAC2C, 0xA40C, 0xAC2C, 0xB42C,
    0xCDB4, 0xAC4D, 0xAC2C, 0xAC2C, 0xA40C, 0x9BCB, 0xA3EB, 0xAC2C, 0xAC2C, 0xAC2C, 0xAC2C, 0xA40C, 0x9BCB, 0x9BAB, 0xA3EB, 0xAC2C,
    0xAC4D, 0xAC4D, 0xAC2C, 0xAC2C, 0xA3EB, 0xA40C, 0xAC2C, 0xAC2C, 0xAC2C, 0xB42C, 0xAC4D, 0xCDB4, 0xEF3B, 0xF6B9, 0xF6D9, 0xF6D9,
    0xEE78, 0xEE78, 0xEE78, 0xF6B9, 0xF6D9, 0xF6FA, 0xF73A, 0xF73A, 0xF6D9, 0xF6D9, 0xEDD5, 0xDC0E, 0xDC90, 0xEE36, 0xF6FA, 0xF73A,
    0xF6FA, 0xF6FA, 0xF6FA, 0xF6FA, 0xF6FA, 0xF6D9, 0xF6B9, 0xEE36, 0xEDD5, 0xEDD5, 0xEE36, 0xED94, 0xE4D1, 0xE42E, 0xE46F, 0xE4B0,
    0xE42E, 0xDBCD, 0xDB8C, 0xDBCD, 0xE42E, 0xDC0E, 0xDC0E, 0xE42E, 0xED53, 0xEE15, 0xEDD5, 0xE4D1, 0xED12, 0xEDD5, 0xDC90, 0xB287,
    0xCBCC, 0xED50, 0xF54E, 0xF50D, 0xF54E, 0xED50, 0xF591, 0xF591, 0xF591, 0xCD2C, 0xDC29, 0xDC29, 0xF591, 0xED94, 0xE552, 0xED94,
    0xE552, 0xBC4C, 0xE4CE, 0xE48C, 0xED50, 0xF591, 0xED94, 0xF5D2, 0xED50, 0xEDD5, 0xF6D9, 0xEF3B, 0xEF3B, 0xEF3B, 0xEF3B, 0xF77C,
    0xF77C, 0xF77C, 0xF77C, 0xE6FA, 0xBCCF, 0x9BCB, 0x938A, 0x8B6A, 0x93AA, 0x9BCB, 0x9BCB, 0x93AA, 0x8B6A, 0x93AA, 0xA3EB, 0xB48E,
    0xDE36, 0xEF3B, 0xF77C, 0xEF5C, 0xEF5C, 0xF77C, 0xF77C, 0xEF5C, 0xF77C, 0xF77C, 0xF77C, 0xEF5C, 0xEF5C, 0xEF5C, 0xEF5C, 0xEF5C,
    0xEF5C, 0xEF5C, 0xEF3B, 0xEF3B, 0xE717, 0xBE12, 0x8D0C, 0x952D, 0x952D, 0x8D0C, 0xA5AE, 0xB5EF, 0xA5AE, 0x7C8A, 0x63C7, 0x7C8A,
    0xADCF, 0xA58E, 0x952D, 0x952D, 0x744A, 0x5B88, 0x6C29, 0x8D0C, 0xA58E, 0xC653, 0x952D, 0x84CB, 0x954D, 0xA5AE, 0xA5AE, 0x9D6D,
    0x954D, 0x952D, 0x954D, 0x952D, 0x8D0C, 0x84CB, 0x84CB, 0x8CEC, 0x8D0C, 0x952D, 0x954D, 0x9D6D, 0x9D6D, 0x954D, 0x954D, 0x9D6D,
    0x9D6D, 0x952D, 0x954D, 0x954D, 0x954D, 0x952D, 0x7C8A, 0x5B88, 0x5B88, 0x63E9, 0x63E9, 0x63E9, 0x63E9, 0x63E9, 0x63E9, 0x6C29,
    0x7C8A, 0x7C8A, 0x7C8A, 0x7C8A, 0x7C8A, 0x7C8A, 0x9C0D, 0xAC2C, 0xAC4D, 0xB42C, 0xB44D, 0xBC4C, 0xB42C, 0xAC0B, 0xAC0B, 0xAC0B,
    0xABEB, 0xABEB, 0x9BAB, 0x9BCB, 0xAC0B, 0xAC2C, 0xAC4D, 0xB44D, 0xB42C, 0xAC2C, 0xAC4D, 0xAC2C, 0xA40C, 0xAC2C, 0xB42C, 0xAC2C,
    0xD5D4, 0xAC6D, 0xAC6D, 0xB46D, 0xAC6D, 0xAC2C, 0xA40C, 0xA3EB, 0xAC2C, 0xAC2C, 0xAC2C, 0xB42C, 0xAC4D, 0xAC2C, 0x9BCB, 0xA3EB,
    0xAC2C, 0xAC4D, 0xB44D, 0xAC4D, 0xAC2C, 0xAC2C, 0xA40C, 0xAC2C, 0xAC2C, 0xB42C, 0xAC4D, 0xDE36, 0xF6FA, 0xF6B9, 0xF6B9, 0xED94,
    0xED94, 0xEE78, 0xF6B9, 0xF6B9, 0xEE78, 0xEE78, 0xF6D9, 0xF6FA, 0xF6FA, 0xF6D9, 0xEE78, 0xEE15, 0xF6D9, 0xF73A, 0xF6FA, 0xF6FA,
    0xF6FA, 0xF6FA, 0xF6FA, 0xF6FA, 0xF73A, 0xF73A, 0xF73A, 0xF73A, 0xF73A, 0xF6FA, 0xF6B9, 0xEE36, 0xEDD5, 0xED53, 0xEDD5, 0xE4D1,
    0xDBCD, 0xDB8C, 0xD32B, 0xDB8C, 0xDC0E, 0xE4B0, 0xE42E, 0xDB8C, 0xE4B0, 0xED94, 0xED94, 0xED12, 0xE4B0, 0xE4D1, 0xDBCD, 0xCBCC,
    0xF5D2, 0xF591, 0xF591, 0xF54E, 0xF54E, 0xF591, 0xF5D2, 0xF5D2, 0xCD2C, 0xDC29, 0xDC29, 0xCCCA, 0xF5D2, 0xEDD5, 0xED94, 0xEDD5,
    0xDD12, 0xE4CE, 0xE4CE, 0xE4CE, 0xE4CE, 0xDBCD, 0xDBCD, 0xED50, 0xF591, 0xEE15, 0xF6D9, 0xEF1A, 0xEF1A, 0xEF3B, 0xEF5C, 0xF77C,
    0xF77C, 0xF77C, 0xF77C, 0xEF3B, 0xC532, 0x9BAB, 0x93AA, 0x9BAB, 0x9BCB, 0x9BAB, 0x938A, 0x9BAB, 0xA3EB, 0xAC2C, 0xBCCF, 0xDE78,
    0xEF5C, 0xEF5C, 0xEF5C, 0xEF5C, 0xEF5C, 0xEF5C, 0xEF5C, 0xF77C, 0xF77C, 0xEF5C, 0xEF5C, 0xEF5C, 0xEF5C, 0xEF5C, 0xEF5C, 0xF73A,
    0xEF5C, 0xF73A, 0xEF1A, 0xE6F9, 0xBE12, 0xADCF, 0xA58E, 0x952D, 0xA5AE, 0xADCF, 0xC651, 0xB5EF, 0x744A, 0x5B88, 0x6C29, 0xA5AE,
    0xA58E, 0x9D6D, 0x8D0C, 0x84CB, 0x63C7, 0x63C7, 0x8CEC, 0xBE12, 0xD6B4, 0xBE12, 0xADCF, 0xB5EF, 0xA5AE, 0xA58E, 0x9D6D, 0x954D,
    0x954D, 0x9D6D, 0x954D, 0x8D0C, 0x84CB, 0x7C8A, 0x84CB, 0x8CEC, 0x8CEC, 0x952D, 0x952D, 0x9D6D, 0x952D, 0x954D, 0x9D6D, 0x9D6D,
    0x954D, 0x952D, 0x954D, 0x952D, 0x954D, 0x954D, 0x952D, 0x6C29, 0x5347, 0x5347, 0x5B88, 0x63C7, 0x63E9, 0x744A, 0x84CB, 0x8CEC,
    0x8CEC, 0x7C8A, 0x744A, 0x744A, 0x84CB, 0x84CB, 0x7C8A, 0xAC2C, 0xB42C, 0xB44D, 0xBC4C, 0xBC4C, 0xB42C, 0xB42C, 0xAC0B, 0xABEB,
    0xABEB, 0x9BAB, 0xA3EB, 0xA40C, 0xAC2C, 0xAC2C, 0xAC4D, 0xAC2C, 0xAC4D, 0xAC4D, 0xAC2C, 0xA40C, 0xB42C, 0xB42C, 0xAC0B, 0xAC0B,
    0xCDB4, 0xAC4D, 0xAC4D, 0xB44D, 0xB46D, 0xB46D, 0xAC4D, 0xAC2C, 0xA40C, 0xB42C, 0xB44D, 0xAC4D, 0xAC4D, 0xAC4D, 0xAC4D, 0xA3EB,
    0x9BAB, 0xA3EB, 0xAC4D, 0xB44D, 0xAC4D, 0xAC2C, 0xAC2C, 0xAC2C, 0xAC2C, 0xAC2C, 0xAC6D, 0xDE78, 0xF6D9, 0xEE78, 0xEDD5, 0xE552,
    0xEE36, 0xEDD5, 0xEE36, 0xF6D9, 0xF6D9, 0xEE57, 0xEE36, 0xEE78, 0xF6D9, 0xF6B9, 0xEE57, 0xEE78, 0xF6D9, 0xF6B9, 0xEE78, 0xF6B9,
    0xF6B9, 0xEE78, 0xEE78, 0xEE78, 0xEE78, 0xF6D9, 0xF6FA, 0xF73A, 0xF73A, 0xF73A, 0xF73A, 0xF6D9, 0xEE36, 0xEE36, 0xEE57, 0xE42E,
    0xDB8C, 0xDB8C, 0xDB8C, 0xDB8C, 0xDB8C, 0xDC0E, 0xE46F, 0xDB8C, 0xDC0E, 0xED12, 0xED53, 0xED94, 0xE4B0, 0xDC29, 0xEC28, 0xF4CB,
    0xF5D2, 0xEE36, 0xF5D2, 0xF54E, 0xF50D, 0xF54E, 0xF54E, 0xF50D, 0xDC29, 0xF4CB, 0xF50D, 0xE552, 0xF5D2, 0xEDD5, 0xEE15, 0xEDD5,
    0xE4CE, 0xE48C, 0xE4CE, 0xE4CE, 0xE48C, 0xDAC4, 0xE346, 0xE4CE, 0xF591, 0xEDD5, 0xE6B8, 0xEF1A, 0xEF3B, 0xEF3B, 0xEF5C, 0xF77C,
    0xF77C, 0xF77C, 0xF77C, 0xEF5C, 0xBD94, 0x9BAB, 0x9BAB, 0x9BAB, 0x93AA, 0x93AA, 0x9BCB, 0xA3EB, 0xAC2C, 0xBCEF, 0xDEB9, 0xEF5C,
    0xEF5C, 0xEF5C, 0xEF5C, 0xEF5C, 0xF77C, 0xEF5C, 0xEF5C, 0xF77A, 0xEF5C, 0xEF5C, 0xEF5C, 0xEF5C, 0xF73A, 0xEF5C, 0xEF3B, 0xEF3B,
    0xEF1A, 0xE6FA, 0xE6F9, 0xE697, 0xB5EF, 0xB5EF, 0xADCF, 0xA5AE, 0xBE12, 0xCE93, 0xADCF, 0x6C29, 0x5B88, 0x744A, 0xA58E, 0xADCF,
    0x952D, 0x954D, 0x84CB, 0x6C29, 0x63E9, 0x8D0C, 0xC653, 0xE717, 0xDED6, 0xBE12, 0xA5AE, 0x9D6D, 0x954D, 0x9D6D, 0xA58E, 0x9D6D,
    0x954D, 0x8D0C, 0x84CB, 0x7C8A, 0x7C8A, 0x84CB, 0x84CB, 0x84CB, 0x8CEC, 0x952D, 0x954D, 0x952D, 0x8D0C, 0x952D, 0x952D, 0x9D6D,
    0x954D, 0x954D, 0x952D, 0x952D, 0x952D, 0x952D, 0x9D6D, 0x8CEC, 0x5347, 0x5347, 0x5B88, 0x5B88, 0x744A, 0x6C29, 0x744A, 0x8CEC,
    0x7C8A, 0x63E9, 0x63E9, 0x6C29, 0x744A, 0x84CB, 0x84CB, 0x946B, 0xB44D, 0xBC4C, 0xBC4C, 0xB42C, 0xAC0B, 0xAC0B, 0xABEB, 0x9BCB,
    0x9BCB, 0xA3EB, 0xAC2C, 0xAC2C, 0xAC2C, 0xAC2C, 0xAC2C, 0xB42C, 0xAC2C, 0xAC2C, 0xA40C, 0xB42C, 0xB42C, 0xAC2C, 0xAC0B, 0xAC0B,
    0xCDB4, 0xAC2C, 0xAC2C, 0xAC2C, 0xAC4D, 0xAC4D, 0xAC4D, 0xAC4D, 0xAC2C, 0xAC2C, 0xAC6D, 0xB46D, 0xB44D, 0xAC4D, 0xB44D, 0xAC4D,
    0xA40C, 0xA40C, 0xAC2C, 0xAC2C, 0xB42C, 0xAC2C, 0xB42C, 0xAC4D, 0xAC4D, 0xAC2C, 0xBCAE, 0xE6B8, 0xEED9, 0xEE15, 0xE552, 0xEE36,
    0xDD12, 0xCAC9, 0xCAC9, 0xDC0E, 0xEE15, 0xF6B9, 0xEE36, 0xEE36, 0xEE78, 0xF6B9, 0xEE36, 0xEE78, 0xF6B9, 0xF6D9, 0xF6D9, 0xF6D9,
    0xF6FA, 0xF6FA, 0xF6FA, 0xF6B9, 0xEE36, 0xEE36, 0xEE78, 0xF6D9, 0xF6FA, 0xF6FA, 0xF6FA, 0xF6D9, 0xF6B9, 0xDD12, 0xED94, 0xDC90,
    0xDBCD, 0xDBCD, 0xDBCD, 0xE42E, 0xDB8C, 0xDB8C, 0xE42E, 0xDBCD, 0xDBCD, 0xE4B0, 0xDD12, 0xE4D1, 0xDC29, 0xF46A, 0xF4CB, 0xF46A,
    0xF50D, 0xEE57, 0xEE15, 0xF54E, 0xF50D, 0xF4CB, 0xF4CB, 0xF4CB, 0xCCCA, 0xF50D, 0xF5D2, 0xEDD5, 0xEE15, 0xEE15, 0xDDF3, 0xDD12,
    0xE48C, 0xE4CE, 0xED50, 0xE4CE, 0xE3C8, 0xDAC4, 0xDAC4, 0xE48C, 0xF591, 0xEE15, 0xE6F9, 0xEF3B, 0xF73A, 0xED94, 0xEE15, 0xF6FA,
    0xEF5C, 0xEF5C, 0xF77C, 0xF77C, 0xD5D4, 0x9BEC, 0x9BAB, 0x93AA, 0x9BAB, 0xA3EB, 0xA3EB, 0xA3EB, 0xBCCF, 0xDE78, 0xEF5C, 0xEF5C,
    0xEF5C, 0xEF5C, 0xEF5C, 0xF77C, 0xEF5C, 0xEF5C, 0xEF5C, 0xEF5C, 0xEF5C, 0xEF3B, 0xEF5C, 0xEF5C, 0xEF5C, 0xEF3B, 0xEF1A, 0xE6F9,
    0xE6F9, 0xE6F9, 0xE6F9, 0xDE76, 0xBE12, 0xB5EF, 0xB5EF, 0xC651, 0xCE93, 0xA5AE, 0x744A, 0x6C29, 0x7C8A, 0xA58E, 0xC651, 0x954D,
    0x8CEC, 0x8D0C, 0x744A, 0x744A, 0xA5AE, 0xDED6, 0xDED6, 0xC651, 0xA58E, 0x952D, 0x952D, 0x952D, 0x8CEC, 0x84CB, 0x7C8A, 0x744A,
    0x744A, 0x6C29, 0x744A, 0x7C8A, 0x84CB, 0x84CB, 0x84CB, 0x8CEC, 0x8D0C, 0x952D, 0x8D0C, 0x8D0C, 0x952D, 0x954D, 0x9D6D, 0x954D,
    0x952D, 0x952D, 0x954D, 0x954D, 0x954D, 0x954D, 0x9D6D, 0x952D, 0x5B88, 0x42E6, 0x5347, 0x63E9, 0x6C29, 0x6C29, 0x6C29, 0x744A,
    0x6C29, 0x6C29, 0x744A, 0x744A, 0x6C29, 0x7C8A, 0x946B, 0xAC2C, 0xB44D, 0xBC4C, 0xB42C, 0xAC0B, 0xAC0B, 0xABEB, 0xABEB, 0x9BCB,
    0x9BCB, 0xA40C, 0xAC2C, 0xAC2C, 0xAC2C, 0xAC2C, 0xAC2C, 0xB42C, 0xAC2C, 0xAC2C, 0xB42C, 0xAC2C, 0xAC0B, 0xB42C, 0xB42C, 0xAC0B,
    0xCD93, 0xAC2C, 0xAC2C, 0xAC2C, 0xAC2C, 0xAC2C, 0xAC2C, 0xA40C, 0xAC4D, 0xAC4D, 0xAC2C, 0xAC2C, 0xAC2C, 0xB44D, 0xB44D, 0xB44D,
    0xB44D, 0xB44D, 0xAC4D, 0xAC2C, 0xAC2C, 0xB42C, 0xB42C, 0xB42C, 0xAC4D, 0xAC4D, 0xBCAE, 0xDEB9, 0xF6FA, 0xEE36, 0xED94, 0xEE78,
    0xDD12, 0xCAC9, 0xBA06, 0xBA06, 0xB287, 0xDD12, 0xF6B9, 0xEE78, 0xEE36, 0xEE57, 0xEE57, 0xF6D9, 0xEE36, 0xDCD1, 0xDC0E, 0xDC0E,
    0xDC90, 0xE552, 0xF6B9, 0xF73A, 0xF6B9, 0xEE15, 0xEDD5, 0xEE36, 0xF6D9, 0xF6FA, 0xF6D9, 0xEE78, 0xF6B9, 0xED94, 0xDD12, 0xE4D1,
    0xDC0E, 0xDC0E, 0xDB8C, 0xD32B, 0xD32B, 0xD32B, 0xDB8C, 0xD32B, 0xDB8C, 0xE42E, 0xE42E, 0xE48C, 0xEC28, 0xF46A, 0xF4CB, 0xF4CB,
    0xF4CB, 0xF5D2, 0xEE36, 0xF5D2, 0xF54E, 0xF50D, 0xF54E, 0xE5CE, 0xF54E, 0xE5CE, 0xEE57, 0xEE15, 0xEE15, 0xEDD5, 0xE552, 0xE4CE,
    0xE4CE, 0xE4CE, 0xE4CE, 0xDC29, 0xE346, 0xDAC4, 0xDAC4, 0xE48C, 0xEDD5, 0xEE78, 0xE6FA, 0xEF3B, 0xEE15, 0xE3C8, 0xE48C, 0xDD12,
    0xF6FA, 0xF77C, 0xF77C, 0xF77C, 0xC5D5, 0x93CC, 0x93AA, 0x9BAB, 0x9BCB, 0xA3EB, 0xA40C, 0xB48E, 0xDE78, 0xEF5C, 0xEF5C, 0xEF5C,
    0xEF5C, 0xEF5C, 0xF77C, 0xEF5C, 0xEF5C, 0xF77C, 0xEF5C, 0xEF5C, 0xEF5C, 0xEF5C, 0xEF5C, 0xEF3B, 0xEF1A, 0xE6F9, 0xE6F9, 0xE6F9,
    0xE6F9, 0xE6F9, 0xE697, 0xC653, 0xB5EF, 0xC651, 0xC653, 0xCE93, 0xA5AE, 0x744A, 0x744A, 0x84CB, 0xA5AE, 0xCE93, 0xADCF, 0x7C8A,
    0x8CEC, 0x8D0C, 0x952D, 0xC653, 0xDED6, 0xCE93, 0xB5B1, 0xA58E, 0x952D, 0x7C8A, 0x744A, 0x744A, 0x6C29, 0x63E9, 0x63E9, 0x6C29,
    0x6C29, 0x744A, 0x7C8A, 0x7C8A, 0x7C8A, 0x84CB, 0x8CEC, 0x84CB, 0x8D0C, 0x8CEC, 0x952D, 0x954D, 0x954D, 0x954D, 0x952D, 0x8D0C,
    0x952D, 0x9D6D, 0xA58E, 0x9D6D, 0x9D6D, 0x9D6D, 0x9D6D, 0x954D, 0x6C29, 0x42E6, 0x5347, 0x63C7, 0x6C29, 0x6C29, 0x6C29, 0x6C29,
    0x6C29, 0x6C29, 0x6C29, 0x63E9, 0x63E9, 0x744A, 0x946B, 0xB42C, 0xB42C, 0xB42C, 0xB42C, 0xAC0B, 0xA3EB, 0xA3EB, 0xA3EB, 0x9BCB,
    0xA40C, 0xAC2C, 0xA40C, 0xA40C, 0xA40C, 0xAC2C, 0xAC2C, 0xB42C, 0xAC2C, 0xB42C, 0xB42C, 0xAC0B, 0xB42C, 0xB42C, 0xB42C, 0xB42C,
    0xBD94, 0xA3EB, 0xAC2C, 0xAC2C, 0xAC2C, 0xAC2C, 0xAC4D, 0xAC2C, 0xAC2C, 0xAC4D, 0xB44D, 0xAC4D, 0xAC2C, 0xAC2C, 0xB46D, 0xB46D,
    0xAC4D, 0xB44D, 0xB44D, 0xAC4D, 0xAC4D, 0xAC4D, 0xB42C, 0xAC2C, 0xB42C, 0xB42C, 0xBCAE, 0xE6B8, 0xEF3B, 0xF6D9, 0xEE57, 0xEE78,
    0xED94, 0xDBCD, 0xCA68, 0xBA06, 0xA1E5, 0xBA06, 0xDCD1, 0xF6B9, 0xEE78, 0xEE15, 0xEE78, 0xEE57, 0xE46F, 0xCAC9, 0xBA06, 0xBA06,
    0xBA06, 0xBA06, 0xBB4A, 0xED53, 0xF6FA, 0xF6B9, 0xEE36, 0xEE15, 0xEE15, 0xF6B9, 0xF6FA, 0xF6D9, 0xF6D9, 0xF6D9, 0xEE57, 0xEE15,
    0xED12, 0xDC0E, 0xD32B, 0xCAC9, 0xD32B, 0xD32B, 0xD32B, 0xDB8C, 0xDB8C, 0xDBCD, 0xF46A, 0xF50D, 0xF4CB, 0xF46A, 0xF4CB, 0xF4CB,
    0xF4CB, 0xF54E, 0xEE15, 0xDE34, 0xE5CE, 0xE5CE, 0xE611, 0xE611, 0xEE57, 0xEE78, 0xEE57, 0xEE36, 0xEE36, 0xE552, 0xDC29, 0xE48C,
    0xED50, 0xF591, 0xE4CE, 0xE3C8, 0xE346, 0xDAC4, 0xDAC4, 0xE4B0, 0xEE57, 0xEED9, 0xEF1A, 0xF6D9, 0xE48C, 0xE346, 0xE346, 0xE3C8,
    0xF6B9, 0xF77C, 0xF77C, 0xF77C, 0xC5D5, 0x93CC, 0x93AA, 0x8B6A, 0x9BAB, 0xA3EB, 0xAC2C, 0xD615, 0xEF5C, 0xEF5C, 0xEF5C, 0xF77C,
    0xF77C, 0xF77C, 0xEF5C, 0xEF5C, 0xEF5C, 0xEF5C, 0xEF5C, 0xF77A, 0xEF3B, 0xEF5C, 0xF73A, 0xE6FA, 0xE6F9, 0xE6F9, 0xE6F9, 0xE6DA,
    0xE697, 0xD6B4, 0xC653, 0xB5EF, 0xC651, 0xCE93, 0xD6B4, 0xA5AE, 0x7C8A, 0x7C8A, 0x8CEC, 0xB5B1, 0xCE93, 0xC651, 0x84CB, 0x7C8A,
    0xA5AE, 0xC653, 0xDED6, 0xD6B4, 0xC653, 0xC651, 0x9D6D, 0x6C29, 0x63C7, 0x63E9, 0x84CB, 0x8CEC, 0x7C8A, 0x744A, 0x84CB, 0x84CB,
    0x744A, 0x7C8A, 0x744A, 0x84CB, 0x952D, 0x952D, 0x84CB, 0x8CEC, 0x8D0C, 0x8D0C, 0x8D0C, 0x8CEC, 0x8D0C, 0x952D, 0x952D, 0x952D,
    0xA58E, 0xA5AE, 0xA58E, 0x9D6D, 0x9D6D, 0x9D6D, 0x954D, 0x9D6D, 0x7C8A, 0x5347, 0x5B88, 0x63C7, 0x63E9, 0x6C29, 0x63E9, 0x5B88,
    0x5347, 0x5B88, 0x5B88, 0x5347, 0x63E9, 0x8C09, 0xAC2C, 0xB42C, 0xB42C, 0xB42C, 0xAC0B, 0xAC0B, 0xA3EB, 0x93AA, 0x9BCB, 0xAC2C,
    0xAC2C, 0xA40C, 0xA3EB, 0xA40C, 0xAC2C, 0xB42C, 0xAC2C, 0xB42C, 0xAC4D, 0xB42C, 0xB42C, 0xB42C, 0xB44D, 0xB42C, 0xB42C, 0xB44D,
    0xCDB4, 0xAC2C, 0xAC2C, 0xA40C, 0xAC2C, 0xAC2C, 0xAC2C, 0xAC4D, 0xAC4D, 0xAC2C, 0xAC4D, 0xB44D, 0xB46D, 0xB44D, 0xB46D, 0xB44D,
    0xB42C, 0xB44D, 0xB44D, 0xB42C, 0xAC4D, 0xB42C, 0xB42C, 0xB42C, 0xB42C, 0xAC2C, 0xB46D, 0xDE78, 0xEF5C, 0xF6FA, 0xF6D9, 0xEE78,
    0xEE36, 0xE4B0, 0xD32B, 0xCA68, 0xBA06, 0xA1E5, 0xBA06, 0xDD12, 0xF6B9, 0xEE57, 0xEE78, 0xEE36, 0xE4B0, 0xDB8C, 0xCA68, 0xBA06,
    0xC9E5, 0xBA06, 0xB964, 0xBA06, 0xDC90, 0xF6B9, 0xF6FA, 0xF6B9, 0xEE36, 0xEE15, 0xEE57, 0xF6D9, 0xF6FA, 0xF6FA, 0xF6D9, 0xF6FA,
    0xEE57, 0xDC90, 0xD32B, 0xCAC9, 0xCAC9, 0xD32B, 0xCAC9, 0xD32B, 0xD32B, 0xE3C8, 0xF4CB, 0xF54E, 0xF54E, 0xF4CB, 0xF50D, 0xF50D,
    0xF50D, 0xF54E, 0xF5D2, 0xEE78, 0xEE57, 0xEE94, 0xEE57, 0xEE78, 0xF6B9, 0xEE78, 0xEE57, 0xED94, 0xE4CE, 0xE48C, 0xE4CE, 0xED50,
    0xE4CE, 0xE4CE, 0xE4CE, 0xE3C8, 0xE346, 0xDAC4, 0xDAC4, 0xDD12, 0xDEB9, 0xE6F9, 0xE6FA, 0xED94, 0xE3C8, 0xE346, 0xDAC4, 0xE3C8,
    0xEE78, 0xF77C, 0xF77C, 0xEF5C, 0xBD94, 0x93CB, 0x93AA, 0x9BAB, 0x9BAB, 0x93AA, 0xC532, 0xEF3B, 0xF77C, 0xEF5C, 0xEF5C, 0xF77C,
    0xF77C, 0xEF5C, 0xEF5C, 0xEF5C, 0xEF5C, 0xEF5C, 0xEF5C, 0xEF5C, 0xEF3B, 0xEF3B, 0xE6F9, 0xE6F9, 0xE6F9, 0xDEB9, 0xE697, 0xD6B4,
    0xD6B4, 0xCE93, 0xBE12, 0xC653, 0xDED6, 0xCE93, 0x9D6D, 0x7C8A, 0x84CB, 0xA5AE, 0xCE93, 0xD6B4, 0xC653, 0x9D6D, 0x9D6D, 0xC653,
    0xE717, 0xDED6, 0xD6B4, 0xCE93, 0xB5B1, 0x8CEC, 0x744A, 0x63E9, 0x744A, 0x7C8A, 0x8CEC, 0x8CEC, 0x7C8A, 0x8D0C, 0x952D, 0x7C8A,
    0x744A, 0x7C8A, 0x952D, 0x9D6D, 0x8D0C, 0x8CEC, 0x84CB, 0x7C8A, 0x7C8A, 0x84CB, 0x84CB, 0x8CEC, 0x8D0C, 0x8D0C, 0x952D, 0xA5AE,
    0xA5AE, 0x9D6D, 0x9D6D, 0x9D6D, 0x9D6D, 0x9D6D, 0x9D6D, 0x9D6D, 0x7C8A, 0x42E6, 0x42E6, 0x5347, 0x5B88, 0x6C29, 0x63C7, 0x5B88,
    0x5B88, 0x5347, 0x5347, 0x5B88, 0x8C09, 0xAC2C, 0xB42C, 0xAC0B, 0xAC2C, 0xAC0B, 0xAC0B, 0xAC0B, 0xABEB, 0xA3EB, 0xAC2C, 0xAC2C,
    0xA3EB, 0xA3EB, 0xA40C, 0xAC2C, 0xAC2C, 0xAC2C, 0xAC2C, 0xB42C, 0xB42C, 0xB42C, 0xB44D, 0xB44D, 0xB42C, 0xAC0B, 0xB42C, 0xB44D,
    0xCDB4, 0xAC2C, 0xAC4D, 0xB44D, 0xAC2C, 0xAC2C, 0xA40C, 0xAC2C, 0xAC2C, 0xAC4D, 0xB44D, 0xAC2C, 0xAC4D, 0xB46D, 0xAC2C, 0xA3EB,
    0xAC2C, 0xAC4D, 0xB42C, 0xB42C, 0xAC4D, 0xAC4D, 0xB42C, 0xAC0B, 0xAC2C, 0xAC4D, 0xAC6D, 0xDE36, 0xF77C, 0xF73A, 0xE6F9, 0xF6B9,
    0xEE15, 0xE46F, 0xDB8C, 0xCAC9, 0xCAC9, 0xCAC9, 0xCAC9, 0xBB4A, 0xEDD5, 0xEE78, 0xEE78, 0xEE78, 0xED94, 0xDC0E, 0xD32B, 0xCAC9,
    0xCA68, 0xBA06, 0xBA06, 0xCA68, 0xCAC9, 0xDD12, 0xF6D9, 0xF6FA, 0xF6D9, 0xEE78, 0xEE15, 0xEE15, 0xF6B9, 0xF6FA, 0xF6FA, 0xF6FA,
    0xF6FA, 0xEE15, 0xDBCD, 0xD32B, 0xCAC9, 0xCAC9, 0xCAC9, 0xCAC9, 0xE3C8, 0xF46A, 0xF4CB, 0xF54E, 0xF591, 0xF50D, 0xF4CB, 0xF54E,
    0xF54E, 0xF54E, 0xF5D2, 0xEE57, 0xF6D9, 0xF6D9, 0xEED9, 0xF6B9, 0xEE57, 0xED94, 0xE48C, 0xC3A7, 0xE3C8, 0xDC29, 0xDC29, 0xE4CE,
    0xED50, 0xF50D, 0xE48C, 0xE3C8, 0xE346, 0xE346, 0xE346, 0xED94, 0xE6DA, 0xE6F9, 0xEE78, 0xE48C, 0xE3C8, 0xDAC4, 0xE346, 0xE48C,
    0xF6D9, 0xF77C, 0xF77C, 0xEF5C, 0xBD73, 0x93CB, 0x9BCB, 0x9BCB, 0x93AA, 0xA46E, 0xE6DA, 0xF77C, 0xEF5C, 0xEF5C, 0xEF5C, 0xEF5C,
    0xEF5C, 0xEF5C, 0xEF5C, 0xEF5C, 0xEF5C, 0xEF3B, 0xEF5C, 0xF73A, 0xEF1A, 0xEED9, 0xE6B7, 0xE6B7, 0xDED6, 0xDED6, 0xDED6, 0xDED6,
    0xD6B4, 0xCE93, 0xD6B4, 0xDED6, 0xC653, 0xA5AE, 0xA5AE, 0xBE12, 0xCE93, 0xD6B4, 0xCE93, 0xC651, 0xC651, 0xCE93, 0xE717, 0xE717,
    0xDED6, 0xD6B4, 0xCE93, 0xA5AE, 0x8CEC, 0x952D, 0x952D, 0x7C8A, 0x744A, 0x84CB, 0x8CEC, 0x8D0C, 0x954D, 0x9D6D, 0x7C8A, 0x744A,
    0x84CB, 0xA58E, 0x9D6D, 0x84CB, 0x7C8A, 0x744A, 0x744A, 0x744A, 0x84CB, 0x7C8A, 0x84CB, 0x8CEC, 0x952D, 0xA58E, 0xADCF, 0xA58E,
    0x954D, 0x954D, 0x954D, 0x9D6D, 0x9D6D, 0x954D, 0x954D, 0x9D6D, 0x6C29, 0x42E6, 0x42E6, 0x5347, 0x63E9, 0x63E9, 0x5347, 0x5347,
    0x5B88, 0x5B88, 0x63C7, 0x6C29, 0x946B, 0x946B, 0x946B, 0xAC2C, 0xAC0B, 0xAC0B, 0xAC0B, 0xAC2C, 0xA40C, 0xAC2C, 0xAC2C, 0xA3EB,
    0x9BCB, 0xA3EB, 0xAC2C, 0xAC2C, 0xAC2C, 0xAC0B, 0xB42C, 0xB42C, 0xB42C, 0xB42C, 0xB42C, 0xB42C, 0xAC0B, 0xB42C, 0xB42C, 0xB44D,
    0xD5F5, 0xAC4D, 0xAC2C, 0xAC4D, 0xB44D, 0xB46D, 0xB44D, 0xAC2C, 0xA40C, 0xA3EB, 0xAC2C, 0xAC4D, 0xB44D, 0xAC4D, 0xAC2C, 0xAC2C,
    0xA40C, 0xA3EB, 0xAC2C, 0xB42C, 0xB44D, 0xB44D, 0xB42C, 0xB42C, 0xAC2C, 0xAC2C, 0xAC2C, 0xD5D4, 0xEF5C, 0xEF5C, 0xF6FA, 0xF6D9,
    0xEE36, 0xED12, 0xDC0E, 0xD32B, 0xD32B, 0xDC90, 0xDCD1, 0xBB4A, 0xDC0E, 0xEE78, 0xEE57, 0xEE78, 0xEE36, 0xE552, 0xE46F, 0xE42E,
    0xDB8C, 0xDB8C, 0xDC0E, 0xDD12, 0xEDD5, 0xEE36, 0xEE15, 0xEE78, 0xF6FA, 0xF6FA, 0xF6B9, 0xEE36, 0xEE36, 0xF6D9, 0xF6FA, 0xF6FA,
    0xF6FA, 0xF6D9, 0xED12, 0xDB8C, 0xDB8C, 0xCAC9, 0xCA68, 0xE346, 0xF46A, 0xF4CB, 0xF50D, 0xF54E, 0xF50D, 0xF4CB, 0xF50D, 0xF54E,
    0xF591, 0xF5D2, 0xF5D2, 0xEE36, 0xEE78, 0xEE57, 0xEE15, 0xED94, 0xDC90, 0xC3A7, 0xE3C8, 0xDC29, 0xE48C, 0xE48C, 0xE48C, 0xE48C,
    0xE4CE, 0xE4CE, 0xE48C, 0xE3C8, 0xEBC5, 0xE3C8, 0xDBCD, 0xEDD5, 0xE6DA, 0xE6F9, 0xED94, 0xEC28, 0xE346, 0xE346, 0xE3C8, 0xE48C,
    0xE6B8, 0xEF5C, 0xF77C, 0xF73A, 0xACF1, 0x8B6A, 0x93AA, 0x93AA, 0x9BEC, 0xD5D4, 0xEF3B, 0xEF5C, 0xEF5C, 0xEF5C, 0xEF5C, 0xEF5C,
    0xEF5C, 0xEF5C, 0xEF5C, 0xEF5C, 0xF73A, 0xEF1A, 0xEF1A, 0xEF19, 0xE717, 0xE717, 0xE717, 0xE717, 0xE717, 0xDED6, 0xDED6, 0xDED6,
    0xDED6, 0xE717, 0xDED6, 0xCE93, 0xCE93, 0xCE93, 0xD6B4, 0xD6B4, 0xCE93, 0xCE93, 0xCE93, 0xDED6, 0xE717, 0xEF39, 0xE717, 0xDED6,
    0xD6B4, 0xC653, 0xBE12, 0xB5EF, 0xA5AE, 0x84CB, 0x6C29, 0x63C7, 0x744A, 0x8CEC, 0x954D, 0xADCF, 0xA58E, 0x744A, 0x744A, 0x952D,
    0xB5B1, 0x952D, 0x744A, 0x6C29, 0x744A, 0x744A, 0x7C8A, 0x8CEC, 0x8CEC, 0x952D, 0x9D6D, 0xA5AE, 0xA58E, 0x9D6D, 0x952D, 0x954D,
    0x952D, 0x954D, 0x954D, 0x9D6D, 0x9D6D, 0x9D6D, 0x9D6D, 0x84CB, 0x5347, 0x42E6, 0x42E6, 0x5B88, 0x63C7, 0x63C7, 0x6C29, 0x744A,
    0x7C8A, 0x84CB, 0x84CB, 0x84CB, 0x84CB, 0x84CB, 0x84CB, 0x946B, 0x946B, 0xA40C, 0xAC0B, 0xAC2C, 0xAC2C, 0xAC2C, 0xA3EB, 0x9BCB,
    0xA3EB, 0xAC2C, 0xAC2C, 0xAC2C, 0xAC0B, 0xB42C, 0xB42C, 0xB42C, 0xB44D, 0xB42C, 0xB42C, 0xAC0B, 0xB42C, 0xB42C, 0xB44D, 0xB44D,
    0xD657, 0xC530, 0xBCCE, 0xB44D, 0xAC2C, 0xAC4D, 0xB44D, 0xB46D, 0xAC4D, 0xA3EB, 0xA40C, 0xAC2C, 0xAC2C, 0xAC4D, 0xB44D, 0xAC4D,
    0xAC2C, 0xAC2C, 0xA40C, 0xA3EB, 0xAC2C, 0xB42C, 0xB42C, 0xB42C, 0xB42C, 0xB42C, 0xAC2C, 0xC532, 0xEF3B, 0xF77C, 0xEF3B, 0xF6FA,
    0xEE78, 0xEE15, 0xDD12, 0xDBCD, 0xD32B, 0xDC0E, 0xED94, 0xD32B, 0xB287, 0xE552, 0xEE57, 0xEE15, 0xEE36, 0xEE57, 0xEE15, 0xED94,
    0xED94, 0xEDD5, 0xEE36, 0xEE15, 0xEDD5, 0xEE15, 0xEDD5, 0xEE57, 0xF6D9, 0xF6FA, 0xF6FA, 0xF6B9, 0xEE36, 0xEE36, 0xF6D9, 0xF6FA,
    0xF6D9, 0xF6D9, 0xEDD5, 0xDBCD, 0xE42E, 0xCAC9, 0xCAC9, 0xE3C8, 0xF46A, 0xF4CB, 0xF54E, 0xF50D, 0xF50D, 0xF54E, 0xF54E, 0xF54E,
    0xF591, 0xF5D2, 0xF591, 0xF5D2, 0xEE15, 0xE552, 0xDC90, 0xCBCC, 0xCBCC, 0xC3A7, 0xE3C8, 0xE48C, 0xE4CE, 0xF50D, 0xF50D, 0xED50,
    0xED50, 0xE4CE, 0xF46A, 0xE3C8, 0xE3C8, 0xEC28, 0xE42E, 0xDE36, 0xE6DA, 0xE6B8, 0xF50D, 0xEC28, 0xE3C8, 0xE3C8, 0xE3C8, 0xE4B0,
    0xE6F9, 0xEF5C, 0xF77C, 0xE6F9, 0xA46E, 0x93AA, 0x93AA, 0x93AA, 0xB48E, 0xEED9, 0xF77C, 0xF77C, 0xEF5C, 0xEF5C, 0xF77C, 0xEF5C,
    0xEF5C, 0xEF5C, 0xF73A, 0xEF1A, 0xEF1A, 0xEF1A, 0xEF3B, 0xEF39, 0xEF39, 0xEF39, 0xE717, 0xE717, 0xE717, 0xE6FA, 0xEF39, 0xE717,
    0xE717, 0xDED6, 0xD6B4, 0xD6B4, 0xD6B4, 0xCE93, 0xCE93, 0xD6B4, 0xDED6, 0xE717, 0xEF39, 0xEF39, 0xEF39, 0xE717, 0xDED6, 0xD6B4,
    0xCE93, 0xCE93, 0xCE93, 0xB5EF, 0xA58E, 0x954D, 0x8D0C, 0x8CEC, 0x84CB, 0x8CEC, 0xB5EF, 0xB5EF, 0x7C8A, 0x7C8A, 0xA5AE, 0xB5B1,
    0x84CB, 0x6C29, 0x744A, 0x84CB, 0x952D, 0x9D6D, 0xA58E, 0xA58E, 0xA5AE, 0xA58E, 0x952D, 0x8D0C, 0x8CEC, 0x8CEC, 0x8D0C, 0x952D,
    0x954D, 0x9D6D, 0x9D6D, 0x954D, 0x954D, 0x9D6D, 0x9D6D, 0x63E9, 0x42E6, 0x42E6, 0x5347, 0x63E9, 0x744A, 0x7C8A, 0x84CB, 0x84CB,
    0x84CB, 0x84CB, 0x7C8A, 0x7C8A, 0x84CB, 0x84CB, 0x8CEC, 0x8CEC, 0x84CB, 0x946B, 0xAC2C, 0xAC2C, 0xAC2C, 0xA3EB, 0x9BCB, 0xA3EB,
    0xAC2C, 0xAC2C, 0xAC2C, 0xAC2C, 0xB42C, 0xB42C, 0xB42C, 0xB44D, 0xB42C, 0xAC0B, 0xAC0B, 0xB42C, 0xB42C, 0xB42C, 0xBCAE, 0xBCAE,
    0xDE78, 0xC530, 0xC4EF, 0xC530, 0xBCCE, 0xB44D, 0xAC2C, 0xAC2C, 0xB44D, 0xB44D, 0xAC4D, 0xAC2C, 0xAC2C, 0xAC2C, 0xAC4D, 0xAC2C,
    0xB42C, 0xB44D, 0xB42C, 0xAC2C, 0xAC2C, 0xA40C, 0xAC0B, 0xB42C, 0xB44D, 0xB42C, 0xB44D, 0xBCCF, 0xE6F9, 0xF77C, 0xF77C, 0xEF3B,
    0xE6F9, 0xEE78, 0xEE15, 0xE552, 0xDCD1, 0xE552, 0xEDD5, 0xDB8C, 0xBA06, 0xDC0E, 0xEE78, 0xEDD5, 0xDC90, 0xED94, 0xEE36, 0xEE15,
    0xEE36, 0xEE15, 0xED94, 0xDD12, 0xDC90, 0xDC90, 0xDC90, 0xDD12, 0xED94, 0xF6B9, 0xF6FA, 0xF6FA, 0xF6B9, 0xEE15, 0xEE78, 0xF6D9,
    0xF6D9, 0xF6D9, 0xEE57, 0xDC0E, 0xDB8C, 0xD32B, 0xE48C, 0xF4CB, 0xF46A, 0xF46A, 0xF50D, 0xF54E, 0xF54E, 0xF591, 0xF5D2, 0xF5D2,
    0xF54E, 0xED50, 0xF5D2, 0xEE36, 0xEE15, 0xE552, 0xDD12, 0xE4CE, 0xDC29, 0xDC29, 0xDC29, 0xE48C, 0xF50D, 0xE4CE, 0xE48C, 0xE4CE,
    0xE4CE, 0xF50D, 0xF46A, 0xE3C8, 0xF46A, 0xEC28, 0xE4CE, 0xDE78, 0xE6DA, 0xEE15, 0xE4CE, 0xF46A, 0xF46A, 0xDC29, 0xEC28, 0xED53,
    0xEF3B, 0xEF5C, 0xF77C, 0xD657, 0xA40C, 0x9BCB, 0x93AA, 0x9BAB, 0xBD94, 0xEF3B, 0xEF5C, 0xEF5C, 0xF77C, 0xF77C, 0xEF5C, 0xF77C,
    0xEF5C, 0xEF3B, 0xEF1A, 0xEF3B, 0xEF5C, 0xEF5C, 0xEF3B, 0xEF39, 0xEF39, 0xEF3B, 0xEF39, 0xEF3B, 0xEF39, 0xE717, 0xE717, 0xDED6,
    0xDED6, 0xD6B4, 0xCE93, 0xD6B4, 0xD6B4, 0xDED6, 0xE717, 0xEF39, 0xEF39, 0xEF39, 0xEF39, 0xE717, 0xDED6, 0xD6B4, 0xD6B4, 0xD6B4,
    0xC651, 0xADCF, 0x952D, 0x7C8A, 0x6C29, 0x6C29, 0x744A, 0x8CEC, 0x7C8A, 0x9D6D, 0xC653, 0x8D0C, 0x8CEC, 0xBE12, 0xB5B1, 0x84CB,
    0x8CEC, 0x9D6D, 0xB5B1, 0xA5AE, 0xA58E, 0x952D, 0x8D0C, 0x8CEC, 0x84CB, 0x84CB, 0x84CB, 0x8CEC, 0x8D0C, 0x8D0C, 0x8D0C, 0x952D,
    0x9D6D, 0x9D6D, 0x9D6D, 0x9D6D, 0x9D6D, 0x9D6D, 0x8D0C, 0x42E6, 0x42E6, 0x5B88, 0x6C29, 0x744A, 0x744A, 0x744A, 0x7C8A, 0x7C8A,
    0x84CB, 0x7C8A, 0x744A, 0x7C8A, 0x84CB, 0x84CB, 0x84CB, 0x7C8A, 0x744A, 0x7C8A, 0xA46E, 0xAC2C, 0xA3EB, 0x9BCB, 0xA3EB, 0xA40C,
    0xAC2C, 0xAC0B, 0xAC2C, 0xB42C, 0xB42C, 0xB42C, 0xB42C, 0xB42C, 0xB42C, 0x9BCB, 0xABEB, 0xBC4C, 0xB42C, 0xB42C, 0xB46D, 0x9BAB,
    0xCDB4, 0xAC6D, 0xC510, 0xCD72, 0xC510, 0xBCCE, 0xBCAE, 0xB44D, 0xAC2C, 0xAC2C, 0xB44D, 0xBC8D, 0xB46D, 0xB44D, 0xAC2C, 0xA40C,
    0xAC2C, 0xB42C, 0xB42C, 0xB42C, 0xB42C, 0xB42C, 0xAC2C, 0xAC2C, 0xAC2C, 0xB42C, 0xB44D, 0xB46D, 0xD657, 0xF77C, 0xF77C, 0xF77C,
    0xEF3B, 0xE6F9, 0xF6B9, 0xEE36, 0xEDD5, 0xEE15, 0xEDD5, 0xDC0E, 0xD32B, 0xCBCC, 0xEE57, 0xEE15, 0xDC90, 0xEDD5, 0xEE15, 0xD5D4,
    0xEE57, 0xEE15, 0xED94, 0xED94, 0xEDD5, 0xEE15, 0xED94, 0xE552, 0xDD12, 0xE552, 0xF6B9, 0xF6FA, 0xF6D9, 0xEE78, 0xEE15, 0xEE78,
    0xF6D9, 0xF6D9, 0xEE78, 0xDCD1, 0xDB8C, 0xDC0E, 0xEE15, 0xEE57, 0xEE15, 0xF50D, 0xF46A, 0xF4CB, 0xF54E, 0xF591, 0xF5D2, 0xF5D2,
    0xF5D2, 0xF591, 0xEE15, 0xEE36, 0xEE15, 0xF591, 0xE4CE, 0xE48C, 0xE48C, 0xE48C, 0xE4CE, 0xED50, 0xED50, 0xF50D, 0xE4CE, 0xE4CE,
    0xE48C, 0xF50D, 0xF46A, 0xEC28, 0xEC28, 0xDC29, 0xE552, 0xDEB9, 0xDEB9, 0xED50, 0xF46A, 0xF4CB, 0xF4CB, 0xF46A, 0xE48C, 0xEE57,
    0xEF5C, 0xEF5C, 0xEF3B, 0xCD73, 0x9BAB, 0x93AA, 0x938A, 0xAC2C, 0xDE78, 0xEF5C, 0xEF5C, 0xEF5C, 0xEF5C, 0xF77C, 0xEF5C, 0xEF5C,
    0xEF3B, 0xEF1A, 0xEF5C, 0xF77C, 0xEF3B, 0xEF3B, 0xEF3B, 0xEF3B, 0xEF3B, 0xEF3B, 0xEF3B, 0xEF39, 0xE717, 0xE717, 0xDED6, 0xDED6,
    0xDED6, 0xE717, 0xE717, 0xEF39, 0xEF39, 0xEF3B, 0xEF3B, 0xEF3B, 0xEF39, 0xEF39, 0xE717, 0xDED6, 0xDED6, 0xD6B4, 0xBE12, 0x952D,
    0x84CB, 0x63E9, 0x5B88, 0x5B88, 0x63E9, 0x7C8A, 0x8CEC, 0x8D0C, 0x84CB, 0xBE12, 0xBE12, 0xA5AE, 0xC653, 0xC653, 0xB5B1, 0xBE12,
    0xB5B1, 0x9D6D, 0x8CEC, 0x8CEC, 0x8CEC, 0x8CEC, 0x8CEC, 0x8D0C, 0x952D, 0x8D0C, 0x8CEC, 0x8CEC, 0x8D0C, 0x952D, 0x952D, 0x954D,
    0x9D6D, 0x9D6D, 0x9D6D, 0x9D6D, 0x9D6D, 0x9D6D, 0x6C29, 0x42E6, 0x5347, 0x63E9, 0x6C29, 0x63E9, 0x63E9, 0x744A, 0x744A, 0x7C8A,
    0x7C8A, 0x744A, 0x6C29, 0x7C8A, 0x84CB, 0x7C8A, 0x7C8A, 0x744A, 0x6C29, 0x7C8A, 0x9CCC, 0xA40C, 0x9BCB, 0xA3EB, 0xA40C, 0xAC2C,
    0xAC0B, 0xAC0B, 0xB42C, 0xB42C, 0xB42C, 0xB42C, 0xB42C, 0xAC0B, 0xAC0B, 0x9BAB, 0xAC0B, 0xBC4C, 0xBC69, 0xABEB, 0x8B6A, 0x7AE8,
    0xC532, 0x8B6A, 0x93CC, 0xAC6D, 0xC510, 0xC530, 0xBCCE, 0xBCCE, 0xBCAE, 0xB44D, 0xAC2C, 0xAC4D, 0xBCAE, 0xBC8D, 0xB44D, 0xAC2C,
    0xAC2C, 0xB42C, 0xA40C, 0xAC2C, 0xB42C, 0xB42C, 0xB42C, 0xB42C, 0xB42C, 0xB42C, 0xB42C, 0xB44D, 0xCD93, 0xEF3B, 0xF77C, 0xF77C,
    0xF77C, 0xEF3B, 0xEF1A, 0xEED9, 0xEE78, 0xEE15, 0xEDD5, 0xED53, 0xDCD1, 0xE552, 0xEE78, 0xE552, 0xE552, 0xEE78, 0xEE57, 0xEE78,
    0xDD12, 0xBB4A, 0xB287, 0xB287, 0xAB09, 0xCBCC, 0xCBCC, 0xDCD1, 0xED94, 0xEE36, 0xEE36, 0xF6D9, 0xF6D9, 0xF6B9, 0xEE15, 0xEE36,
    0xF6B9, 0xF6B9, 0xF6B9, 0xED12, 0xD32B, 0xDC90, 0xEE15, 0xEE57, 0xEE78, 0xEE78, 0xED50, 0xF4CB, 0xF50D, 0xF54E, 0xF591, 0xF591,
    0xF591, 0xF5D2, 0xEE15, 0xE552, 0xE4CE, 0xE4D1, 0xE4CE, 0xE48C, 0xDC29, 0xDC29, 0xE48C, 0xE4CE, 0xF50D, 0xF50D, 0xED50, 0xE4CE,
    0xE3C8, 0xE48C, 0xF50D, 0xEC28, 0xEC28, 0xE4CE, 0xDE36, 0xDEB9, 0xEE15, 0xDC29, 0xF46A, 0xF46A, 0xF46A, 0xF46A, 0xED50, 0xF73A,
    0xF77C, 0xF77C, 0xE6F9, 0xB48E, 0x938A, 0x93AA, 0x9BAB, 0xBCF2, 0xEF1A, 0xEF5C, 0xEF5C, 0xEF5C, 0xEF5C, 0xF77C, 0xEF5C, 0xEF3B,
    0xEF1A, 0xEF5C, 0xF77C, 0xEF5C, 0xEF5C, 0xEF5C, 0xEF5C, 0xEF5C, 0xEF3B, 0xEF39, 0xE717, 0xE717, 0xE717, 0xE717, 0xEF39, 0xEF3B,
    0xEF3B, 0xEF3B, 0xEF5C, 0xEF3B, 0xF77A, 0xEF3B, 0xEF39, 0xEF39, 0xE717, 0xE717, 0xDED6, 0xDED6, 0xC651, 0x952D, 0x7C8A, 0x952D,
    0x8CEC, 0x744A, 0x8CEC, 0x954D, 0x952D, 0x952D, 0x8D0C, 0x8D0C, 0xB5B1, 0xDED6, 0xD6B4, 0xE717, 0xE717, 0xCE93, 0xBE12, 0x954D,
    0x84CB, 0x8CEC, 0x8D0C, 0x952D, 0x8D0C, 0x8CEC, 0x7C8A, 0x7C8A, 0x84CB, 0x8D0C, 0x952D, 0x952D, 0x954D, 0x9D6D, 0x9D6D, 0x9D6D,
    0x9D6D, 0x9D6D, 0x9D6D, 0x9D6D, 0x954D, 0x744A, 0x42E6, 0x42E6, 0x5B88, 0x63C7, 0x5B88, 0x63E9, 0x744A, 0x7C8A, 0x7C8A, 0x7C8A,
    0x744A, 0x6C29, 0x744A, 0x744A, 0x744A, 0x7C8A, 0x7C8A, 0x84CB, 0x84CB, 0x8CEC, 0x84CB, 0x9BEC, 0x9BCB, 0xA40C, 0xAC0B, 0xAC0B,
    0xAC2C, 0xB42C, 0xB42C, 0xB42C, 0xB42C, 0xB42C, 0xAC0B, 0xAC0B, 0xABEB, 0xAC0B, 0xBC4C, 0xBC8D, 0xABEB, 0x9B29, 0x7AE8, 0x72A7,
    0xC532, 0x8B49, 0x8B49, 0x938A, 0x9BCB, 0xB48E, 0xAC4D, 0xC4EF, 0xC530, 0xBCCE, 0xBCCE, 0xBC8D, 0xB44D, 0xB44D, 0xAC2C, 0xB42C,
    0xB42C, 0xB42C, 0xA3EB, 0xA40C, 0xAC2C, 0xB42C, 0xB42C, 0xB42C, 0xB44D, 0xB44D, 0xB42C, 0xB42C, 0xBCCF, 0xDEB9, 0xF77C, 0xF77C,
    0xF77C, 0xF77C, 0xF77C, 0xEF1A, 0xE6F9, 0xE6D8, 0xEE57, 0xEE57, 0xEE78, 0xEE78, 0xEE57, 0xEDD5, 0xEE78, 0xDE36, 0xEE57, 0xEE15,
    0xCBCC, 0xCAC9, 0xCA68, 0xBA06, 0xCAC9, 0xCAC9, 0xA1E5, 0xA1E5, 0xAB09, 0xEDD5, 0xED94, 0xEE15, 0xF6FA, 0xF6D9, 0xEE36, 0xEDD5,
    0xEE78, 0xF6B9, 0xEE78, 0xED12, 0xCAC9, 0xDC29, 0xF50D, 0xF54E, 0xF5D2, 0xF5D2, 0xF591, 0xF50D, 0xF50D, 0xF50D, 0xF54E, 0xF50D,
    0xED50, 0xEE36, 0xEE36, 0xED94, 0xED50, 0xE4CE, 0xE4CE, 0xE4CE, 0xED50, 0xDC29, 0xF46A, 0xF4CB, 0xF50D, 0xF4CB, 0xF4CB, 0xE48C,
    0xF46A, 0xEC28, 0xEC28, 0xEC28, 0xF46A, 0xE4CE, 0xF591, 0xED50, 0xF50D, 0xF46A, 0xF46A, 0xF46A, 0xE48C, 0xE48C, 0xEE57, 0xF77C,
    0xF77C, 0xEF5C, 0xD5F5, 0x93CC, 0x93AA, 0xA3EB, 0xAC4D, 0xCD93, 0xEF3B, 0xEF5C, 0xEF5C, 0xEF5C, 0xF77C, 0xF77C, 0xEF5C, 0xEF3B,
    0xEF3B, 0xF77C, 0xF77C, 0xF77C, 0xF77C, 0xEF5C, 0xEF5C, 0xEF3B, 0xEF39, 0xEF19, 0xEF39, 0xEF3B, 0xEF5C, 0xF77C, 0xF77C, 0xEF5C,
    0xEF5C, 0xEF3B, 0xEF39, 0xEF39, 0xE717, 0xE717, 0xE717, 0xE717, 0xDED6, 0xD6B4, 0xC651, 0xA5AE, 0x84CB, 0x8D0C, 0xADCF, 0x9D6D,
    0x8D0C, 0xA5AE, 0xA5AE, 0x8CEC, 0x8D0C, 0x952D, 0xA58E, 0xC653, 0xE717, 0xEF39, 0xE717, 0xDED6, 0xC653, 0xADCF, 0xA58E, 0x9D6D,
    0xA58E, 0xA58E, 0x9D6D, 0x9D6D, 0x954D, 0x952D, 0x8D0C, 0x84CB, 0x7C8A, 0x7C8A, 0x8CEC, 0x952D, 0x954D, 0x954D, 0x9D6D, 0xA58E,
    0xA58E, 0xA58E, 0x9D6D, 0x8D0C, 0x63E9, 0x42E6, 0x42E6, 0x42E6, 0x5347, 0x63C7, 0x7C8A, 0x8D0C, 0x8D0C, 0x8D0C, 0x8D0C, 0x8CEC,
    0x8CEC, 0x84CB, 0x7C8A, 0x84CB, 0x8D0C, 0x9D6D, 0xA58E, 0xA58E, 0xA58E, 0x9D6D, 0x8D0C, 0x8C09, 0xA3EB, 0xABEB, 0xA40C, 0xAC0B,
    0xB42C, 0xB42C, 0xB42C, 0xB42C, 0xB42C, 0xAC0B, 0xAC0B, 0xAC0B, 0xB42C, 0xBC4C, 0xBCCE, 0xCD51, 0xAC2C, 0x7AE8, 0x7AE8, 0x6A66,
    0xC532, 0x8B49, 0x8B49, 0x8B6A, 0x8B49, 0x938A, 0x938A, 0xB48E, 0xCD51, 0xC530, 0xBCCE, 0xBCCE, 0xBCCE, 0xB46D, 0xA40C, 0x9BCB,
    0xA40C, 0xAC2C, 0xAC2C, 0xA40C, 0x9BCB, 0xA40C, 0xB42C, 0xB44D, 0xB44D, 0xB44D, 0xB44D, 0xB44D, 0xB44D, 0xCDB4, 0xEF3B, 0xF77C,
    0xF77C, 0xF77C, 0xF77C, 0xF77C, 0xEF3B, 0xEF3B, 0xE6FA, 0xEED9, 0xE6B8, 0xEE57, 0xDE36, 0xD657, 0xDE36, 0xD5D4, 0xEE57, 0xED94,
    0xDC0E, 0xD32B, 0xCAC9, 0xD32B, 0xDC90, 0xCBCC, 0xCAC9, 0xBA06, 0xBB4A, 0xED94, 0xCBCC, 0xBC4C, 0xF6D9, 0xF6D9, 0xEE57, 0xEDD5,
    0xF6B9, 0xF6B9, 0xEE57, 0xDD12, 0xCAC9, 0xE3C8, 0xF46A, 0xF4CB, 0xF50D, 0xF54E, 0xF54E, 0xF54E, 0xF5D2, 0xF5D2, 0xF5D2, 0xF591,
    0xED50, 0xF5D2, 0xEDD5, 0xF591, 0xED50, 0xCBCC, 0xDB8C, 0xDB8C, 0xE4CE, 0xF50D, 0xE48C, 0xE48C, 0xE4CE, 0xF50D, 0xF50D, 0xF4CB,
    0xF4CB, 0xF46A, 0xF46A, 0xF46A, 0xE3C8, 0xDC29, 0xF4CB, 0xF50D, 0xF50D, 0xF46A, 0xEC28, 0xF46A, 0xE48C, 0xED94, 0xF73A, 0xF77C,
    0xF77C, 0xE6F9, 0xBCCF, 0x9BAB, 0xA3EB, 0xB42C, 0xB46D, 0xD615, 0xEF5C, 0xEF5C, 0xEF5C, 0xEF5C, 0xF77C, 0xF77C, 0xEF5C, 0xEF1A,
    0xEF19, 0xEF5C, 0xF77C, 0xEF5C, 0xEF3B, 0xEF3B, 0xEF3B, 0xEF39, 0xEF19, 0xEF3B, 0xF77D, 0xF77D, 0xF77D, 0xF77C, 0xEF5C, 0xEF3B,
    0xEF3B, 0xEF39, 0xE717, 0xE717, 0xE717, 0xE717, 0xE717, 0xDED6, 0xC653, 0xB5EF, 0xA5AE, 0x954D, 0xA5AE, 0xBE12, 0xA5AE, 0xADCF,
    0xBE12, 0x9D6D, 0x7C8A, 0x8CEC, 0xADCF, 0xC653, 0xDED6, 0xEF39, 0xEF39, 0xDED6, 0xC653, 0xB5EF, 0xA58E, 0x954D, 0x954D, 0x954D,
    0x9D6D, 0x954D, 0x954D, 0x8D0C, 0x8D0C, 0x8CEC, 0x8CEC, 0x8CEC, 0x84CB, 0x7C8A, 0x84CB, 0x8CEC, 0x952D, 0x954D, 0x9D6D, 0x9D6D,
    0x954D, 0x8CEC, 0x6C29, 0x5347, 0x42E6, 0x42E6, 0x42E6, 0x5B88, 0x744A, 0x8D0C, 0x954D, 0x954D, 0x954D, 0x952D, 0x8D0C, 0x8CEC,
    0x8D0C, 0x8D0C, 0x954D, 0xA58E, 0xA58E, 0xA58E, 0xA58E, 0xA58E, 0xA58E, 0xA58E, 0x954D, 0x9C0D, 0xA3EB, 0xA40C, 0xAC0B, 0xAC2C,
    0xAC0B, 0xAC2C, 0xB42C, 0xB42C, 0xAC0B, 0xABEB, 0xABEB, 0xAC2C, 0xBCAE, 0xBCCE, 0xAC6D, 0xAC6D, 0x93AA, 0x72A7, 0x72A7, 0x6A66,
    0xC532, 0x8B49, 0x8B49, 0x8B49, 0x8B49, 0x8B6A, 0x8B6A, 0x938A, 0x9BCB, 0xA40C, 0xA3EB, 0xBCAE, 0xC4EF, 0xBCAE, 0xBCAE, 0xB46D,
    0xA40C, 0xA3EB, 0xA3EB, 0xA40C, 0xB42C, 0xAC2C, 0xAC2C, 0xB42C, 0xB44D, 0xB42C, 0xB44D, 0xB46D, 0xBC8D, 0xBCCF, 0xDE78, 0xF77C,
    0xF77C, 0xF77C, 0xF77C, 0xF77C, 0xF77C, 0xF77C, 0xEF5C, 0xEF3B, 0xEF3B, 0xE6F9, 0xDE78, 0xDE36, 0xD657, 0xD657, 0xDE96, 0xED94,
    0xDC0E, 0xDB8C, 0xD32B, 0xCBCC, 0xDCD1, 0xDD12, 0xDD12, 0xDCD1, 0xE552, 0xCBCC, 0x9164, 0x9AA8, 0xEE78, 0xF6D9, 0xEE78, 0xEDD5,
    0xEE78, 0xEE78, 0xEE57, 0xDCD1, 0xCAC9, 0xE3C8, 0xF46A, 0xF4CB, 0xF50D, 0xF54E, 0xF591, 0xF54E, 0xF591, 0xF5D2, 0xF5D2, 0xF5D2,
    0xF591, 0xF591, 0xEE15, 0xF591, 0xE4CE, 0xC3A7, 0xDC29, 0xDB8C, 0xE48C, 0xE48C, 0xE4CE, 0xF50D, 0xF591, 0xF54E, 0xF50D, 0xF4CB,
    0xF46A, 0xF46A, 0xF46A, 0xEC28, 0xE3C8, 0xF4CB, 0xF4CB, 0xF4CB, 0xF46A, 0xF46A, 0xEC28, 0xF46A, 0xED50, 0xF6B9, 0xEF5C, 0xF77C,
    0xEF3B, 0xD5F5, 0xA40C, 0xA3EB, 0xA40C, 0xB42C, 0xBCAE, 0xDE78, 0xEF5C, 0xEF5C, 0xEF5C, 0xEF5C, 0xF77C, 0xEF5C, 0xEF5C, 0xEF1A,
    0xEEF8, 0xEF1A, 0xEF5C, 0xEF3B, 0xEF3B, 0xEF3B, 0xEF3B, 0xEF19, 0xEF3B, 0xF77D, 0xF77D, 0xF77C, 0xF77C, 0xEF5C, 0xEF3B, 0xEF39,
    0xEF39, 0xEF39, 0xE717, 0xE717, 0xE717, 0xD6B4, 0xCE93, 0xC651, 0xC651, 0xB5EF, 0xA5AE, 0xB5EF, 0xC651, 0xB5EF, 0xC653, 0xC651,
    0x952D, 0x8CEC, 0xA5AE, 0xCE93, 0xE717, 0xEF39, 0xEF39, 0xE717, 0xDED6, 0xCE93, 0xC651, 0xB5EF, 0xA5AE, 0xA5AE, 0xA58E, 0xA58E,
    0x9D6D, 0x954D, 0x954D, 0x7C8A, 0x744A, 0x7C8A, 0x7C8A, 0x84CB, 0x7C8A, 0x7C8A, 0x744A, 0x7C8A, 0x84CB, 0x84CB, 0x744A, 0x63E9,
    0x5B88, 0x5347, 0x42E6, 0x42E6, 0x42E6, 0x5B88, 0x744A, 0x84CB, 0x8CEC, 0x8D0C, 0x8D0C, 0x8D0C, 0x8D0C, 0x8D0C, 0x8CEC, 0x8CEC,
    0x8D0C, 0x954D, 0x954D, 0x9D6D, 0xA58E, 0x9D6D, 0x9D6D, 0x9D6D, 0x9D6D, 0xA58E, 0x952D, 0x9C0D, 0xA3EB, 0xA40C, 0xAC0B, 0xAC0B,
    0xAC0B, 0xAC0B, 0xB42C, 0xAC0B, 0xABEB, 0xABEB, 0xA40C, 0xBCAE, 0xC530, 0xC510, 0x93CB, 0x8329, 0x7AE8, 0x6A66, 0x6A66, 0x6A66,
    0xC532, 0x8B6A, 0x8B49, 0x8B49, 0x8B49, 0x8B6A, 0x9B29, 0x8B6A, 0x8B49, 0x7AE8, 0x8329, 0xA46E, 0xC530, 0xC510, 0xBCCE, 0xB46D,
    0xB42C, 0xAC0B, 0xAC2C, 0xA40C, 0xAC2C, 0xAC4D, 0xAC4D, 0xB42C, 0xB44D, 0xB44D, 0xB42C, 0xB46D, 0xBC8D, 0xB46D, 0xC532, 0xEF1A,
    0xF77C, 0xF77C, 0xEF5C, 0xF77C, 0xF77C, 0xF77C, 0xF77C, 0xF77C, 0xF77C, 0xEF5C, 0xEF3B, 0xE6DA, 0xDE78, 0xDE78, 0xD657, 0xEE15,
    0xDD12, 0xE42E, 0xDB8C, 0xD32B, 0xCAC9, 0xBB4A, 0xDCD1, 0xE552, 0xCBCC, 0xA1E5, 0x9164, 0xA247, 0xEE36, 0xF6D9, 0xEE57, 0xED94,
    0xEE57, 0xEE57, 0xEE15, 0xDCD1, 0xBC4C, 0xEC28, 0xF46A, 0xF4CB, 0xF4CB, 0xF54E, 0xF54E, 0xF591, 0xF54E, 0xF591, 0xF591, 0xF54E,
    0xED50, 0xF591, 0xF5D2, 0xF591, 0xED50, 0xE4CE, 0xE4CE, 0xE48C, 0xE4CE, 0xE4CE, 0xF591, 0xF591, 0xF54E, 0xF4CB, 0xF4CB, 0xF46A,
    0xF46A, 0xF46A, 0xE3C8, 0xE3C8, 0xEC28, 0xF4CB, 0xF4CB, 0xF46A, 0xF46A, 0xF46A, 0xF46A, 0xE48C, 0xEE57, 0xEF3B, 0xF77C, 0xEF5C,
    0xDE78, 0xA46E, 0x9BCB, 0xA3EB, 0xAC2C, 0xB44D, 0xBCCF, 0xDEB9, 0xF77C, 0xEF5C, 0xEF5C, 0xEF5C, 0xEF5C, 0xEF5C, 0xEF5C, 0xEF19,
    0xE697, 0xE697, 0xEF3B, 0xEF5C, 0xEF5C, 0xEF5C, 0xEF39, 0xEF3B, 0xF77D, 0xF77D, 0xF77C, 0xF77C, 0xEF5C, 0xEF3B, 0xEF39, 0xEF39,
    0xEF39, 0xE717, 0xDED6, 0xD6B4, 0xCE93, 0xC651, 0xC653, 0xC653, 0xBE12, 0xADCF, 0xC651, 0xC653, 0xC651, 0xCE93, 0xC653, 0xBE12,
    0xBE12, 0xDED6, 0xEF39, 0xEF3B, 0xEF39, 0xE717, 0xDED6, 0xD6B4, 0xCE93, 0xBE12, 0xB5EF, 0xADCF, 0x9D6D, 0x952D, 0x952D, 0x954D,
    0x954D, 0x954D, 0x7C8A, 0x63C7, 0x5B88, 0x5B88, 0x5B88, 0x63C7, 0x63E9, 0x5B88, 0x63E9, 0x7C8A, 0x6C29, 0x5B88, 0x5347, 0x42E6,
    0x42E6, 0x42E6, 0x5347, 0x5B88, 0x63E9, 0x6C29, 0x744A, 0x7C8A, 0x7C8A, 0x84CB, 0x84CB, 0x8CEC, 0x8CEC, 0x8CEC, 0x8CEC, 0x8D0C,
    0x952D, 0x952D, 0x952D, 0x9D6D, 0xA58E, 0xA58E, 0x9D6D, 0x9D6D, 0x9D6D, 0x9D6D, 0x952D, 0xA3EB, 0xABEB, 0xAC0B, 0xAC0B, 0xAC0B,
    0xAC0B, 0xAC0B, 0xAC0B, 0xABEB, 0xABEB, 0xB44D, 0xC4EF, 0xBCCE, 0x9BEC, 0x8B6A, 0x8329, 0x72A7, 0x6A66, 0x72A7, 0x72A7, 0x6A66,
    0xC532, 0x8B6A, 0x8B49, 0x8B49, 0x8329, 0x8B49, 0x8B49, 0x8B6A, 0x8B49, 0x7AE8, 0x7AE8, 0x8329, 0x93CC, 0xAC2C, 0xBCEF, 0xBCEF,
    0xBCAE, 0xB46D, 0xB42C, 0xA40C, 0xA3EB, 0xAC2C, 0xAC2C, 0xB42C, 0xB42C, 0xB44D, 0xB44D, 0xAC2C, 0xB44D, 0xB46D, 0xAC4D, 0xC5B4,
    0xEF3B, 0xEF5C, 0xF77C, 0xF77C, 0xEF5C, 0xF77C, 0xF77C, 0xF77C, 0xF77C, 0xF77C, 0xF77C, 0xEF3B, 0xE6FA, 0xDEB9, 0xDE78, 0xEE57,
    0xEDD5, 0xE42E, 0xDBCD, 0xDB8C, 0xCAC9, 0xBA06, 0xA1E5, 0xA247, 0xCBCC, 0xCAC9, 0xBA06, 0xB287, 0xEE15, 0xF6D9, 0xEE15, 0xE552,
    0xEE36, 0xEE36, 0xE552, 0xCD93, 0xC532, 0xE3C8, 0xEC28, 0xF46A, 0xF4CB, 0xF4CB, 0xF4CB, 0xF50D, 0xF50D, 0xF50D, 0xF54E, 0xF591,
    0xF5D2, 0xF5D2, 0xED50, 0xED50, 0xE4CE, 0xF50D, 0xE4CE, 0xF50D, 0xF50D, 0xED50, 0xF5D2, 0xF54E, 0xF4CB, 0xF46A, 0xF46A, 0xF46A,
    0xF46A, 0xF46A, 0xEC28, 0xE346, 0xF46A, 0xF46A, 0xF46A, 0xF46A, 0xF4CB, 0xF46A, 0xE46F, 0xEE36, 0xEF3B, 0xF77C, 0xF77C, 0xEF1A,
    0xAD12, 0x8329, 0x8329, 0x93AA, 0xB42C, 0xB44D, 0xBCEF, 0xE6F9, 0xEF5C, 0xEF5C, 0xEF5C, 0xEF5C, 0xEF5C, 0xEF5C, 0xEF5C, 0xEF19,
    0xE697, 0xE6B7, 0xEF39, 0xEF5C, 0xEF5C, 0xEF3B, 0xE6FA, 0xF77C, 0xF77D, 0xF77C, 0xF77C, 0xEF5C, 0xEF3B, 0xEF39, 0xEF39, 0xE717,
    0xDED6, 0xD6B4, 0xCE93, 0xC651, 0xC653, 0xCE93, 0xC653, 0xC651, 0xB5EF, 0xC653, 0xCE93, 0xC653, 0xD6B4, 0xDED6, 0xE717, 0xE717,
    0xEF3B, 0xEF3B, 0xEF39, 0xE717, 0xE717, 0xDED6, 0xC653, 0xA58E, 0x84CB, 0x744A, 0x744A, 0x7C8A, 0x8CEC, 0x9D6D, 0x9D6D, 0x8D0C,
    0x7C8A, 0x63E9, 0x5B88, 0x63C7, 0x42E6, 0x42E6, 0x42E6, 0x42E6, 0x5B88, 0x5B88, 0x63E9, 0x5347, 0x42E6, 0x42E6, 0x42E6, 0x42E6,
    0x5347, 0x5B88, 0x63C7, 0x63C7, 0x5B88, 0x63C7, 0x63E9, 0x63E9, 0x63E9, 0x6C29, 0x6C29, 0x6C29, 0x6C29, 0x6C29, 0x6C29, 0x744A,
    0x744A, 0x84CB, 0x952D, 0x9D6D, 0x9D6D, 0x9D6D, 0xA58E, 0xA58E, 0xA58E, 0x9D6D, 0x9CCC, 0xA3EB, 0xAC0B, 0xA40C, 0xAC0B, 0xABEB,
    0xAC0B, 0xAC0B, 0xABEB, 0xA3EB, 0xAC4D, 0xC510, 0xC530, 0xA40C, 0x72A7, 0x5A47, 0x72A7, 0x72A7, 0x6A66, 0x72A7, 0x72A7, 0x6A66,
    0xACF1, 0x8329, 0x8B49, 0x8B6A, 0x8B49, 0x8B49, 0x8B49, 0x9B29, 0x8B49, 0x8329, 0x8329, 0x8329, 0x8329, 0x8329, 0xA40C, 0xB48E,
    0xBCAE, 0xBCCF, 0xBCEF, 0xAC6D, 0xAC2C, 0xBC8D, 0xBC8D, 0xB44D, 0xB44D, 0xAC0B, 0xAC0B, 0x9BCB, 0x93CB, 0xAC2C, 0xB44D, 0xAC6D,
    0xDE36, 0xEF5C, 0xF77C, 0xF77C, 0xF77C, 0xF77C, 0xF77C, 0xF77C, 0xF77C, 0xF77C, 0xF77C, 0xF77C, 0xEF5C, 0xEF3B, 0xE6DA, 0xDE78,
    0xEE36, 0xED94, 0xED12, 0xDC0E, 0xD32B, 0xCAC9, 0xB287, 0xA1E5, 0xB287, 0xCBCC, 0xDB8C, 0xBB4A, 0xEDD5, 0xF6D9, 0xEE15, 0xDD12,
    0xEDD5, 0xED94, 0xCDB4, 0xCE15, 0xCDB4, 0xDC29, 0xEC28, 0xF46A, 0xF46A, 0xF4CB, 0xF50D, 0xF50D, 0xF50D, 0xF54E, 0xF5D2, 0xF5D2,
    0xF5D2, 0xF54E, 0xED50, 0xF591, 0xF591, 0xF591, 0xED50, 0xF54E, 0xF50D, 0xED50, 0xF591, 0xF50D, 0xF4CB, 0xF46A, 0xF46A, 0xEC28,
    0xF46A, 0xF46A, 0xE3C8, 0xE3C8, 0xF46A, 0xF46A, 0xF46A, 0xF46A, 0xF46A, 0xE4D1, 0xEE57, 0xEF1A, 0xEF5C, 0xF77C, 0xEF3B, 0xC5B4,
    0x836A, 0x8329, 0x8B6A, 0x938A, 0x938A, 0x9BCB, 0xBCCF, 0xE6F9, 0xEF5C, 0xF77C, 0xF77C, 0xEF5C, 0xEF5C, 0xEF5C, 0xEF3B, 0xEED9,
    0xE655, 0xDE96, 0xEEF8, 0xEF3B, 0xEF39, 0xEEF8, 0xEF1A, 0xF77D, 0xF77C, 0xEF5C, 0xEF5C, 0xEF3B, 0xEF39, 0xEF19, 0xE717, 0xD6B4,
    0xCE93, 0xC653, 0xC653, 0xCE93, 0xCE93, 0xCE93, 0xCE93, 0xC653, 0xD6B4, 0xDED6, 0xE717, 0xEF39, 0xEF39, 0xEF3B, 0xEF3B, 0xEF3B,
    0xEF3B, 0xEF39, 0xE717, 0xDED6, 0xC653, 0x9D6D, 0x84CB, 0x7C8A, 0x7C8A, 0x6C29, 0x63E9, 0x6C29, 0x7C8A, 0x954D, 0x744A, 0x63C7,
    0x5347, 0x42E6, 0x5B88, 0x63E9, 0x5347, 0x5347, 0x5347, 0x5347, 0x63C7, 0x6C29, 0x63C7, 0x5B88, 0x63C7, 0x63E9, 0x63E9, 0x6C29,
    0x744A, 0x7C8A, 0x84CB, 0x744A, 0x5B88, 0x5B88, 0x5B88, 0x63C7, 0x5B88, 0x5B88, 0x5B88, 0x5B88, 0x63C7, 0x63E9, 0x6C29, 0x744A,
    0x744A, 0x744A, 0x744A, 0x8D0C, 0x9D6D, 0xA58E, 0xA58E, 0xA58E, 0x9D6D, 0x9D6D, 0x946B, 0xA3EB, 0xABEB, 0xAC0B, 0xABEB, 0xAC0B,
    0xABEB, 0xABEB, 0xA3EB, 0xA40C, 0xBCAE, 0xBCAE, 0x93CB, 0x7AE8, 0x6A66, 0x5A47, 0x72A7, 0x72A7, 0x6A66, 0x72A7, 0x6A66, 0x5A47,
    0xACD0, 0x6A66, 0x7AE8, 0x8329, 0x8B49, 0x8B6A, 0x8B49, 0x8B49, 0x8B49, 0x8329, 0x8329, 0x8329, 0x8329, 0x7AE8, 0x8329, 0x8B49,
    0x8B49, 0xAC4D, 0xC510, 0xC510, 0xC510, 0xC4EF, 0xBCCE, 0xBCAE, 0xBCAE, 0xBC8D, 0xBC4C, 0xB44D, 0x9BEC, 0xA40C, 0xA40C, 0xA40C,
    0xB48E, 0xDE78, 0xEF5C, 0xF77C, 0xF77C, 0xF77C, 0xF77C, 0xF77C, 0xF77C, 0xF77C, 0xEF5C, 0xF77C, 0xF77C, 0xEF5C, 0xEF3B, 0xE6FA,
    0xDE78, 0xEE15, 0xED94, 0xDC90, 0xDC0E, 0xDB8C, 0xCAC9, 0xCAC9, 0xB287, 0xBB4A, 0xDC90, 0xCBCC, 0xED94, 0xF6D9, 0xEE36, 0xDD12,
    0xE552, 0xCDB4, 0xCE15, 0xD657, 0xD657, 0xE48C, 0xEC28, 0xF4CB, 0xF4CB, 0xF591, 0xEE36, 0xEE57, 0xF591, 0xF54E, 0xF54E, 0xF54E,
    0xF54E, 0xF54E, 0xF591, 0xF54E, 0xF54E, 0xF591, 0xF54E, 0xF50D, 0xF50D, 0xF54E, 0xF54E, 0xF4CB, 0xF46A, 0xF46A, 0xF46A, 0xF46A,
    0xF46A, 0xE3C8, 0xE346, 0xEC28, 0xF46A, 0xF46A, 0xE48C, 0xE4CE, 0xED94, 0xDEB9, 0xEF3B, 0xF77C, 0xEF5C, 0xEF3B, 0xCE36, 0x8BAB,
    0x7AE8, 0x8329, 0x938A, 0x9BCB, 0x9BAB, 0x938A, 0xAC2C, 0xDEB9, 0xF77C, 0xF77C, 0xF77C, 0xF77C, 0xEF5C, 0xEF3B, 0xEF3B, 0xEF19,
    0xE697, 0xE697, 0xE6B7, 0xEEF8, 0xE6B7, 0xEE94, 0xEF39, 0xEF5C, 0xEF5C, 0xEF5C, 0xEF3B, 0xEF39, 0xEF19, 0xEF39, 0xE6FA, 0xEF39,
    0xE6FA, 0xEF39, 0xE6FA, 0xEF39, 0xEF39, 0xEF1A, 0xEF39, 0xEF3B, 0xEF3B, 0xEF3B, 0xEF3B, 0xEF3B, 0xEF3B, 0xEF3B, 0xEF3B, 0xEF39,
    0xEF39, 0xE717, 0xCE93, 0xA5AE, 0x84CB, 0x7C8A, 0x8D0C, 0x8CEC, 0x7C8A, 0x744A, 0x8CEC, 0x954D, 0xA58E, 0x8CEC, 0x63E9, 0x63C7,
    0x5B88, 0x5B88, 0x6C29, 0x63E9, 0x5347, 0x5347, 0x5B88, 0x84CB, 0x952D, 0x84CB, 0x6C29, 0x744A, 0x744A, 0x84CB, 0x8CEC, 0x8D0C,
    0x8D0C, 0x8D0C, 0x952D, 0x8D0C, 0x84CB, 0x7C8A, 0x6C29, 0x5B88, 0x5B88, 0x63C7, 0x63C7, 0x63E9, 0x63E9, 0x6C29, 0x6C29, 0x6C29,
    0x744A, 0x744A, 0x744A, 0x6C29, 0x8CEC, 0x9D6D, 0xA58E, 0xA58E, 0xA58E, 0x9CCC, 0xA3EB, 0xABEB, 0xABEB, 0xABEB, 0xAC0B, 0xABEB,
    0xABEB, 0xA3EB, 0xA3EB, 0xAC4D, 0xBCCE, 0xA3EB, 0x7AE8, 0x72A7, 0x6A66, 0x6A66, 0x72A7, 0x72A7, 0x6A66, 0x6A66, 0x5A47, 0x6A66,
    0xACD0, 0x72A7, 0x72A7, 0x72A7, 0x7AE8, 0x8329, 0x8B49, 0x8B49, 0x9B29, 0x8329, 0x8329, 0x9B29, 0x8329, 0x8329, 0x8329, 0x7AE8,
    0x72A7, 0x8B6A, 0xA3EB, 0xB46D, 0xC510, 0xCD51, 0xC530, 0xC4EF, 0xBCCE, 0xBCCE, 0xBCCE, 0xBCCE, 0xBC8D, 0xB44D, 0xA3EB, 0xA40C,
    0xA3EB, 0xBCCF, 0xDE78, 0xEF3B, 0xEF5C, 0xF77C, 0xF77C, 0xF77C, 0xF77C, 0xF77C, 0xF77C, 0xF77C, 0xF77C, 0xF77C, 0xF77C, 0xEF5C,
    0xEF3B, 0xEED9, 0xEE57, 0xEDD5, 0xE552, 0xDC90, 0xDCD1, 0xED94, 0xE552, 0xED94, 0xEE15, 0xDC90, 0xE552, 0xF6D9, 0xEE15, 0xDD12,
    0xCDB4, 0xCE36, 0xD657, 0xDE78, 0xDEB9, 0xE552, 0xEC28, 0xF50D, 0xF5D2, 0xEE78, 0xF6B9, 0xEE36, 0xF50D, 0xF4CB, 0xF50D, 0xF50D,
    0xF54E, 0xF591, 0xF54E, 0xF4CB, 0xF50D, 0xF54E, 0xF4CB, 0xF50D, 0xF4CB, 0xED50, 0xED50, 0xF4CB, 0xF46A, 0xF46A, 0xEC28, 0xF46A,
    0xE3C8, 0xE346, 0xE3C8, 0xF46A, 0xE48C, 0xE4CE, 0xE552, 0xEE57, 0xEF1A, 0xEF5C, 0xEF5C, 0xF77C, 0xEF3B, 0xD657, 0x9C0D, 0x8B49,
    0x8B49, 0x938A, 0x93AA, 0x93AA, 0x9BCB, 0xABEB, 0xAC2C, 0xDE78, 0xF77C, 0xEF5C, 0xEF5C, 0xF77C, 0xEF5C, 0xEF5C, 0xEF3B, 0xEF1A,
    0xE6D8, 0xEEF8, 0xE6B7, 0xE655, 0xE655, 0xE655, 0xEF19, 0xEF5C, 0xEF3B, 0xEF3B, 0xEF39, 0xEF39, 0xEF5C, 0xF77C, 0xF77C, 0xF77C,
    0xF77C, 0xEF5C, 0xEF5C, 0xEF5C, 0xEF5C, 0xEF5C, 0xEF5C, 0xEF5C, 0xEF5C, 0xEF3B, 0xEF5C, 0xEF3B, 0xEF3B, 0xEF39, 0xEF39, 0xE717,
    0xDED6, 0xBE12, 0x9D6D, 0x8CEC, 0x8D0C, 0x9D6D, 0x9D6D, 0x952D, 0x952D, 0x954D, 0xA5AE, 0xADCF, 0xA5AE, 0x84CB, 0x6C29, 0x63E9,
    0x63C7, 0x6C29, 0x6C29, 0x5B88, 0x63E9, 0x84CB, 0xA58E, 0x952D, 0x7C8A, 0x7C8A, 0x8CEC, 0x952D, 0x952D, 0x8D0C, 0x8CEC, 0x8CEC,
    0x8D0C, 0x9D6D, 0xA5AE, 0x954D, 0x8CEC, 0x84CB, 0x744A, 0x6C29, 0x6C29, 0x6C29, 0x63E9, 0x63E9, 0x63E9, 0x63E9, 0x6C29, 0x6C29,
    0x6C29, 0x744A, 0x744A, 0x6C29, 0x7C8A, 0x9D6D, 0xA58E, 0xA58E, 0x9CCC, 0xA3EB, 0x9BCB, 0x9BCB, 0xA3EB, 0xABEB, 0xABEB, 0x9BCB,
    0xA3EB, 0xA3EB, 0xAC2C, 0xBCCE, 0xAC2C, 0x8B49, 0x72A7, 0x72A7, 0x6A66, 0x6A66, 0x72A7, 0x6A66, 0x5A47, 0x5A47, 0x6A66, 0x6A66,
    0xACF1, 0x7AE8, 0x72A7, 0x72A7, 0x72A7, 0x72A7, 0x7AE8, 0x8329, 0x8B49, 0x8329, 0x8329, 0x8329, 0x8329, 0x8329, 0x8329, 0x8329,
    0x8329, 0x8B49, 0x8B49, 0x8B49, 0xAC2C, 0xBCEF, 0xCD51, 0xC510, 0xBCCE, 0xC4EF, 0xBCCE, 0xBCCE, 0xBCCE, 0xBCCE, 0xBC8D, 0xB44D,
    0xABEB, 0xAC2C, 0xBCCF, 0xD657, 0xEF3B, 0xEF5C, 0xF77C, 0xF77C, 0xF77C, 0xF77C, 0xF77A, 0xF77C, 0xF77C, 0xF77C, 0xF77C, 0xF77C,
    0xF77C, 0xEF5C, 0xEF1A, 0xEED9, 0xEE57, 0xEE15, 0xEE36, 0xEE15, 0xDCD1, 0xDC90, 0xDCD1, 0xDB8C, 0xE552, 0xF6B9, 0xED94, 0xCD93,
    0xDE36, 0xD657, 0xDEB9, 0xDEB9, 0xDEB9, 0xD657, 0xE552, 0xEE15, 0xEE78, 0xEE57, 0xF5D2, 0xF54E, 0xF50D, 0xF50D, 0xF54E, 0xF591,
    0xF54E, 0xF54E, 0xF50D, 0xED50, 0xF54E, 0xF54E, 0xF50D, 0xF4CB, 0xF4CB, 0xF46A, 0xF591, 0xF591, 0xF4CB, 0xF46A, 0xEC28, 0xE3C8,
    0xE346, 0xE3C8, 0xE48C, 0xDD12, 0xEDD5, 0xDE78, 0xE6FA, 0xEF3B, 0xF77C, 0xF77C, 0xF77C, 0xEF3B, 0xD657, 0x9C4F, 0x8B49, 0x8B6A,
    0x9BCB, 0xA40C, 0xA40C, 0x9BCB, 0x93AA, 0x9BAB, 0xA40C, 0xDE36, 0xF77C, 0xF77C, 0xEF5C, 0xF77C, 0xEF5C, 0xEF5C, 0xEF5C, 0xF73A,
    0xEED9, 0xE6D8, 0xE6D8, 0xDE96, 0xE655, 0xE697, 0xE6F9, 0xEF3B, 0xEF39, 0xEEF8, 0xE6D8, 0xEF3B, 0xEF5C, 0xEF5C, 0xEF5C, 0xEF5C,
    0xF77C, 0xF77C, 0xF77C, 0xF77C, 0xF77C, 0xF77C, 0xEF5C, 0xEF5C, 0xEF3B, 0xEF3B, 0xEF39, 0xEF39, 0xE717, 0xE717, 0xDED6, 0xCE93,
    0xBE12, 0xB5EF, 0xB5EF, 0xC651, 0xC653, 0xC653, 0xC651, 0xBE12, 0xADCF, 0xA58E, 0xA5AE, 0xA58E, 0xA58E, 0xA58E, 0x7C8A, 0x7C8A,
    0x744A, 0x744A, 0x7C8A, 0x9D6D, 0xBE12, 0xBE12, 0xA58E, 0x952D, 0xA58E, 0xA5AE, 0x9D6D, 0x952D, 0x8D0C, 0x8CEC, 0x84CB, 0x8CEC,
    0x8CEC, 0x8D0C, 0x952D, 0x952D, 0x8CEC, 0x84CB, 0x84CB, 0x8CEC, 0x8D0C, 0x7C8A, 0x6C29, 0x63E9, 0x6C29, 0x6C29, 0x6C29, 0x63E9,
    0x6C29, 0x6C29, 0x6C29, 0x744A, 0x952D, 0x9D6D, 0x9D6D, 0x946B, 0x93CC, 0x9BCB, 0x9BCB, 0x9BCB, 0xABEB, 0xABEB, 0x9BCB, 0xA3EB,
    0xA40C, 0xAC2C, 0xBCAE, 0x9BEC, 0x7AE8, 0x72A7, 0x72A7, 0x72A7, 0x6A66, 0x5A47, 0x6A66, 0x51E5, 0x51E5, 0x5A47, 0x6A66, 0x6A66,
    0xACF1, 0x7AE8, 0x7AE8, 0x72A7, 0x72A7, 0x72A7, 0x6A66, 0x72A7, 0x7AE8, 0x8329, 0x8329, 0x9B29, 0x8329, 0x9B29, 0x7AE8, 0x7AE8,
    0x72A7, 0x8329, 0x8B49, 0x8329, 0x8B49, 0x93AA, 0xAC2C, 0xBCCF, 0xB48E, 0xC4EF, 0xC4EF, 0xBCCE, 0xE4CE, 0xBCCE, 0xBCCE, 0xBC8D,
    0xB46D, 0xB44D, 0xA3EB, 0xAC6D, 0xCE36, 0xEF3B, 0xEF5C, 0xF77C, 0xEF5C, 0xF77C, 0xF77C, 0xF77C, 0xF77C, 0xF77C, 0xF77C, 0xF77C,
    0xF77C, 0xF77C, 0xF77C, 0xEF5C, 0xEF1A, 0xF6D9, 0xEE57, 0xEE36, 0xEDD5, 0xED94, 0xE552, 0xED53, 0xEE57, 0xEE36, 0xD5D4, 0xDE36,
    0xDE78, 0xDEB9, 0xDEB9, 0xE6DA, 0xEF1A, 0xEF1A, 0xDE96, 0xEE15, 0xEE36, 0xF591, 0xF4CB, 0xF4CB, 0xF50D, 0xF50D, 0xF54E, 0xF54E,
    0xF54E, 0xF50D, 0xF54E, 0xF5D2, 0xF54E, 0xF50D, 0xF50D, 0xF50D, 0xF46A, 0xEC28, 0xF4CB, 0xF5D2, 0xF50D, 0xF46A, 0xE48C, 0xDCD1,
    0xCD72, 0xD5F5, 0xDE78, 0xE6DA, 0xEF1A, 0xEF5C, 0xEF5C, 0xEF5C, 0xF77C, 0xF77C, 0xEF3B, 0xCE36, 0x9C0D, 0x8B49, 0x8B49, 0x9BAB,
    0xA40C, 0xAC2C, 0xAC2C, 0xAC4D, 0xAC2C, 0x9BCB, 0x9BAB, 0xCDB4, 0xEF5C, 0xF77C, 0xEF5C, 0xF77C, 0xF77C, 0xF77C, 0xEF5C, 0xEF3B,
    0xE6F9, 0xE655, 0xDE96, 0xE697, 0xE697, 0xEF1A, 0xEF19, 0xEF19, 0xEED9, 0xE6D8, 0xEEF8, 0xEF19, 0xEF3B, 0xEF5C, 0xF77C, 0xF77C,
    0xF77C, 0xF77C, 0xF77C, 0xEF5C, 0xEF5C, 0xEF3B, 0xEF3B, 0xEF3B, 0xEF39, 0xEF39, 0xE717, 0xE717, 0xD6B4, 0xD6B4, 0xCE93, 0xCE93,
    0xD6B4, 0xD6B4, 0xCE93, 0xC653, 0xB5EF, 0xA5AE, 0xA58E, 0x9D6D, 0x952D, 0x954D, 0xA58E, 0xA58E, 0x954D, 0x954D, 0x7C8A, 0x84CB,
    0x952D, 0xB5B1, 0xCE93, 0xD6B4, 0xC653, 0xB5EF, 0xADCF, 0xA5AE, 0xA58E, 0x952D, 0x952D, 0x952D, 0x952D, 0x954D, 0x952D, 0x952D,
    0x8D0C, 0x8CEC, 0x8CEC, 0x8CEC, 0x8D0C, 0x8D0C, 0x8D0C, 0x8D0C, 0x952D, 0x954D, 0x8CEC, 0x7C8A, 0x8CEC, 0x954D, 0x84CB, 0x744A,
    0x63E9, 0x63C7, 0x63C7, 0x946B, 0x946B, 0x946B, 0x93CB, 0x93AA, 0x93AA, 0x9BAB, 0x9BCB, 0x9BCB, 0x9BCB, 0x9BCB, 0xA3EB, 0xAC2C,
    0xAC6D, 0xBCCE, 0xA40C, 0x7AE8, 0x72A7, 0x72A7, 0x72A7, 0x6A66, 0x6A66, 0x6A66, 0x72A7, 0x51E5, 0x51E5, 0x6A66, 0x6A66, 0x72A7,
    0xACD0, 0x7AE8, 0x7AE8, 0x7AE8, 0x7AE8, 0x72A7, 0x6A66, 0x72A7, 0x72A7, 0x72A7, 0x7AE8, 0x8329, 0x8329, 0x8329, 0x8AE7, 0x8329,
    0x6A66, 0x6A66, 0x7AE8, 0x8329, 0x8B49, 0x8B49, 0x8329, 0x8B49, 0x9BCB, 0xC510, 0xC530, 0xBCCE, 0xC4EF, 0xC4EF, 0xBCCE, 0xBC8D,
    0xBCAE, 0xBC8D, 0xAC0B, 0x9BCB, 0xAC2C, 0xCDB4, 0xE6FA, 0xEF5C, 0xF77C, 0xF77C, 0xEF5C, 0xF77C, 0xF77C, 0xF77C, 0xF77C, 0xF77C,
    0xF77A, 0xF77C, 0xF77C, 0xF77C, 0xEF5C, 0xEF5C, 0xEF3B, 0xE6F9, 0xE6B8, 0xEE57, 0xEE57, 0xEE57, 0xDE36, 0xDE36, 0xD657, 0xDE78,
    0xDEB9, 0xDEB9, 0xE6DA, 0xEF1A, 0xEF3B, 0xEF3B, 0xF6FA, 0xEE57, 0xF591, 0xF46A, 0xEC28, 0xF46A, 0xF46A, 0xF4CB, 0xF50D, 0xF50D,
    0xF4CB, 0xF4CB, 0xF5D2, 0xEE57, 0xF54E, 0xF4CB, 0xF46A, 0xF46A, 0xEC28, 0xEBC5, 0xEC28, 0xED50, 0xED50, 0xCD73, 0xDE36, 0xDEB9,
    0xE6F9, 0xEF1A, 0xEF3B, 0xEF3B, 0xEF5C, 0xEF5C, 0xEF5C, 0xEF5C, 0xEF5C, 0xEF1A, 0xC5B4, 0x93CC, 0x8329, 0x8B49, 0x93AA, 0xA3EB,
    0xAC2C, 0xAC4D, 0xB44D, 0xAC4D, 0xAC2C, 0xB42C, 0xAC2C, 0xC532, 0xEF3B, 0xF77C, 0xF77C, 0xEF5C, 0xF77C, 0xF77A, 0xF77C, 0xEF5C,
    0xEF19, 0xE697, 0xE697, 0xDE96, 0xDE96, 0xE6B7, 0xE6B7, 0xE697, 0xE697, 0xE6D8, 0xE6D8, 0xEF19, 0xEF3B, 0xF77C, 0xF77C, 0xF77C,
    0xF77C, 0xEF5C, 0xEF5C, 0xEF5C, 0xEF3B, 0xEF3B, 0xEF39, 0xEF39, 0xE717, 0xDED6, 0xDED6, 0xDED6, 0xE697, 0xDED6, 0xDED6, 0xDED6,
    0xC653, 0xB5EF, 0xA5AE, 0xA58E, 0xA5AE, 0xADCF, 0xADCF, 0xADCF, 0x9D6D, 0x954D, 0x954D, 0x8D0C, 0x8CEC, 0x8D0C, 0xA58E, 0xC653,
    0xD6B4, 0xD6B4, 0xC651, 0xA5AE, 0x8CEC, 0x744A, 0x63E9, 0x63C7, 0x63C7, 0x63E9, 0x6C29, 0x744A, 0x84CB, 0x8CEC, 0x8CEC, 0x84CB,
    0x84CB, 0x7C8A, 0x84CB, 0x84CB, 0x8CEC, 0x8D0C, 0x8D0C, 0x952D, 0x954D, 0x952D, 0x8D0C, 0x8D0C, 0x954D, 0x9D6D, 0x946B, 0x93CB,
    0x8B6A, 0x8B6A, 0x8B6A, 0x938A, 0x938A, 0x938A, 0x938A, 0x93AA, 0x93AA, 0x9BAB, 0xABAB, 0x9BAB, 0x9BAB, 0x9BCB, 0xA40C, 0xB46D,
    0xC4EF, 0xAC6D, 0x7AE8, 0x72A7, 0x72A7, 0x72A7, 0x6A66, 0x6A66, 0x6A66, 0x72A7, 0x6A66, 0x5A47, 0x6A66, 0x6A66, 0x72A7, 0x72A7,
    0xACF1, 0x72A7, 0x72A7, 0x7AE8, 0x7AE8, 0x7AE8, 0x7AE8, 0x72A7, 0x62A8, 0x72A7, 0x6A66, 0x72A7, 0x7AE8, 0x8329, 0x8329, 0x8329,
    0x7AE8, 0x7AE8, 0x72A7, 0x7AE8, 0x8B49, 0x8B49, 0x8329, 0x7AE8, 0x938A, 0xA3EB, 0xAC4D, 0xB48E, 0xC510, 0xC4EF, 0xC4EF, 0xC4EF,
    0xBCCE, 0xBC8D, 0xB46D, 0xAC0B, 0x9BAB, 0x9BCB, 0xACF1, 0xDE78, 0xEF3B, 0xEF5C, 0xEF5C, 0xEF5C, 0xF77C, 0xF77C, 0xF77C, 0xF77C,
    0xF77C, 0xF77C, 0xF77C, 0xF77C, 0xF77C, 0xF77C, 0xF77C, 0xF77C, 0xEF5C, 0xEF3B, 0xEF1A, 0xE6F9, 0xDEB9, 0xDEB9, 0xDEB9, 0xDEB9,
    0xDEB9, 0xDEB9, 0xE6DA, 0xE6F9, 0xE6F9, 0xE6F9, 0xE6F9, 0xDEB9, 0xEE15, 0xE4CE, 0xEC28, 0xEC28, 0xEC28, 0xF46A, 0xF4CB, 0xF46A,
    0xF46A, 0xF4CB, 0xEE36, 0xEE57, 0xF591, 0xF46A, 0xEC28, 0xEC28, 0xEBC5, 0xE3C8, 0xEC28, 0xE552, 0xDE36, 0xDEB9, 0xEF1A, 0xEF5C,
    0xEF5C, 0xEF5C, 0xEF5C, 0xEF5C, 0xEF3B, 0xEF5C, 0xEF5C, 0xEF3B, 0xDEB9, 0xB533, 0x8B8B, 0x8329, 0x8B49, 0x9BAB, 0xA40C, 0xAC4D,
    0xAC4D, 0xAC2C, 0xB44D, 0xB46D, 0xAC4D, 0xAC2C, 0xAC2C, 0xBCCF, 0xE6F9, 0xF77C, 0xEF5C, 0xEF5C, 0xEF5C, 0xF77C, 0xEF5C, 0xEF5C,
    0xEF3B, 0xEED9, 0xE6FA, 0xEED9, 0xE697, 0xE655, 0xE655, 0xE655, 0xE6B7, 0xE697, 0xEEF8, 0xEF19, 0xEF1A, 0xEF5C, 0xEF5C, 0xEF5C,
    0xEF5C, 0xEF5C, 0xEF3B, 0xEF3B, 0xEF39, 0xEF19, 0xE717, 0xE717, 0xE6B7, 0xE717, 0xE717, 0xEEF8, 0xE717, 0xD6B4, 0xC651, 0xADCF,
    0xA5AE, 0xADCF, 0xB5EF, 0xB5EF, 0xB5EF, 0xB5EF, 0xADCF, 0xA58E, 0xA5AE, 0x8D0C, 0x8CEC, 0x952D, 0xBE12, 0xD6B4, 0xDED6, 0xCE93,
    0xADCF, 0x8D0C, 0x7C8A, 0x7C8A, 0x84CB, 0x84CB, 0x84CB, 0x7C8A, 0x744A, 0x744A, 0x744A, 0x744A, 0x744A, 0x744A, 0x744A, 0x7C8A,
    0x7C8A, 0x84CB, 0x84CB, 0x84CB, 0x84CB, 0x84CB, 0x84CB, 0x8CEC, 0x8CEC, 0x8D0C, 0x8D0C, 0x952D, 0x952D, 0xA58E, 0x8C09, 0x8B6A,
    0x8B6A, 0x8B6A, 0x8B6A, 0x938A, 0x938A, 0x938A, 0x938A, 0x93AA, 0xA36A, 0x93AA, 0xA36A, 0x9BAB, 0x9BAB, 0xA3EB, 0xB44D, 0xBCCE,
    0xB48E, 0x8B49, 0x72A7, 0x72A7, 0x6A66, 0x72A7, 0x72A7, 0x6A66, 0x6A66, 0x6A66, 0x5A47, 0x6A66, 0x6A66, 0x6A66, 0x72A7, 0x72A7,
    0xACF1, 0x72A7, 0x7AE8, 0x72A7, 0x7AE8, 0x72A7, 0x7AE8, 0x7AE8, 0x72A7, 0x72A7, 0x6A66, 0x72A7, 0x72A7, 0x72A7, 0x7AE8, 0x7AE8,
    0x7AE8, 0x7AE8, 0x7AE8, 0x7AE8, 0x8329, 0x8B49, 0x8329, 0x7AE8, 0x938A, 0x93AA, 0x8B6A, 0x9BAB, 0xBCAE, 0xBCEF, 0xC4EF, 0xC530,
    0xC4EF, 0xBCCE, 0xBC8D, 0xB44D, 0xAC0B, 0x9BCB, 0x9BAB, 0xA46E, 0xC5B4, 0xE6DA, 0xEF3B, 0xEF5C, 0xF77C, 0xEF5C, 0xF77C, 0xF77C,
    0xF77C, 0xF77C, 0xF77C, 0xF77C, 0xF77C, 0xF77C, 0xF77C, 0xF77C, 0xF77C, 0xF77C, 0xF77C, 0xF77C, 0xF77C, 0xEF5C, 0xEF3B, 0xEF3B,
    0xEF3B, 0xEF1A, 0xEF1A, 0xEF1A, 0xE6FA, 0xE6FA, 0xE6F9, 0xE6F9, 0xE6DA, 0xEE57, 0xED94, 0xE48C, 0xEC28, 0xEC28, 0xEC28, 0xEBC5,
    0xEBC5, 0xE48C, 0xEE57, 0xEE57, 0xF54E, 0xF46A, 0xE3C8, 0xEC28, 0xE48C, 0xDD12, 0xEE15, 0xDEB9, 0xEF1A, 0xEF3B, 0xEF3B, 0xEF5C,
    0xEF5C, 0xEF5C, 0xEF5C, 0xF77C, 0xEF3B, 0xEF3B, 0xEF1A, 0xCE36, 0xA490, 0x836A, 0x8329, 0x8B49, 0x93AA, 0xAC2C, 0xB44D, 0xAC6D,
    0xAC4D, 0xB44D, 0xB44D, 0xAC2C, 0xAC4D, 0xB46D, 0xB46D, 0xB46D, 0xD615, 0xEF5C, 0xEF5C, 0xEF5C, 0xF77C, 0xF77C, 0xF77C, 0xEF5C,
    0xEF3B, 0xEEF8, 0xEF19, 0xEF39, 0xE6D8, 0xE6D8, 0xEF3B, 0xE6F9, 0xE697, 0xE655, 0xE6D8, 0xE6D8, 0xEED9, 0xEF5C, 0xEF5C, 0xEF5C,
    0xEF3B, 0xEF3B, 0xEF39, 0xEF19, 0xEEF8, 0xE717, 0xE717, 0xEF19, 0xEF39, 0xEF39, 0xDED6, 0xCE93, 0xC651, 0xB5EF, 0xADCF, 0xB5EF,
    0xC651, 0xC651, 0xBE12, 0xB5EF, 0xB5EF, 0xA5AE, 0x954D, 0xA5AE, 0xADCF, 0xADCF, 0xC653, 0xDED6, 0xE717, 0xC653, 0x9D6D, 0x744A,
    0x5B88, 0x5B88, 0x5B88, 0x63C7, 0x6C29, 0x7C8A, 0x84CB, 0x8D0C, 0x954D, 0x8D0C, 0x7C8A, 0x8CEC, 0x8CEC, 0x8CEC, 0x84CB, 0x7C8A,
    0x744A, 0x744A, 0x744A, 0x744A, 0x744A, 0x7C8A, 0x8CEC, 0x8D0C, 0x8D0C, 0x8D0C, 0x952D, 0x8D0C, 0x9D6D, 0xAD0E, 0x8B8B, 0x8B6A,
    0x8B6A, 0x8B6A, 0x8B6A, 0x938A, 0x938A, 0x938A, 0x938A, 0xA36A, 0x938A, 0x93AA, 0x93AA, 0x9BCB, 0xB42C, 0xBC8D, 0xBCEF, 0xBCAE,
    0x8B6A, 0x7AE8, 0x72A7, 0x6A66, 0x72A7, 0x72A7, 0x72A7, 0x6A66, 0x5A47, 0x6A66, 0x6A66, 0x6A66, 0x6A66, 0x72A7, 0x72A7, 0x72A7,
    0xACF1, 0x7AE8, 0x7AE8, 0x72A7, 0x7AE8, 0x72A7, 0x72A7, 0x7AE8, 0x7AE8, 0x72A7, 0x72A7, 0x62A8, 0x6A66, 0x6A66, 0x6A66, 0x72A7,
    0x72A7, 0x7AE8, 0x72A7, 0x72A7, 0x7AE8, 0x8329, 0x8329, 0x7AE8, 0x938A, 0x938A, 0x8B49, 0x8B6A, 0x93AA, 0x93AA, 0xAC6D, 0xC510,
    0xBCEF, 0xC4EF, 0xBCCE, 0xBC8D, 0xBC4C, 0xB42C, 0x9BCB, 0x93AA, 0x9BEC, 0xBCCF, 0xD5F5, 0xE6F9, 0xEF3B, 0xEF5C, 0xF77C, 0xEF5C,
    0xF77C, 0xEF5C, 0xF77C, 0xF77C, 0xF77C, 0xF77C, 0xF77C, 0xF77D, 0xF77C, 0xF77C, 0xF77C, 0xF77C, 0xF77C, 0xF77C, 0xF77C, 0xF77C,
    0xF77C, 0xF77C, 0xF77C, 0xF77C, 0xF77C, 0xEF5C, 0xEF5C, 0xEF5C, 0xEF5C, 0xEF3B, 0xEF1A, 0xE6B8, 0xEDD5, 0xE552, 0xE4CE, 0xE48C,
    0xEC28, 0xE48C, 0xEDD5, 0xEE15, 0xF591, 0xE4CE, 0xDD12, 0xEDD5, 0xDE78, 0xE6FA, 0xEF3B, 0xEF3B, 0xEF5C, 0xEF5C, 0xEF3B, 0xEF3B,
    0xEF5C, 0xEF5C, 0xEF3B, 0xEF3B, 0xEF1A, 0xDE78, 0xB533, 0x8BAB, 0x8329, 0x8329, 0x8B49, 0x9BAB, 0xA3EB, 0xAC2C, 0xAC4D, 0xB46D,
    0xB46D, 0xB46D, 0xB46D, 0xB46D, 0xAC2C, 0xAC2C, 0xBCAE, 0xAC6D, 0xC532, 0xEF1A, 0xEF5C, 0xEF5C, 0xF77C, 0xEF5C, 0xEF5C, 0xEF5C,
    0xEF5C, 0xEF1A, 0xE6F9, 0xEF1A, 0xEED9, 0xEF1A, 0xF77C, 0xEF5C, 0xEF19, 0xE6B7, 0xE6B7, 0xE6B7, 0xE6B7, 0xEF3B, 0xEF3B, 0xEF3B,
    0xEF39, 0xEF19, 0xEEF8, 0xE717, 0xEF19, 0xEF39, 0xEF39, 0xEF19, 0xDED6, 0xCE93, 0xBE12, 0xB5EF, 0xB5EF, 0xB5EF, 0xC651, 0xC651,
    0xC651, 0xC651, 0xC651, 0xB5EF, 0xA58E, 0xA58E, 0xB5EF, 0xCE93, 0xDED6, 0xE717, 0xE717, 0xD6B4, 0xA5AE, 0x7C8A, 0x63E9, 0x63E9,
    0x6C29, 0x6C29, 0x744A, 0x744A, 0x744A, 0x84CB, 0x84CB, 0x84CB, 0x8CEC, 0x954D, 0x84CB, 0x744A, 0x84CB, 0xA5AE, 0xBE12, 0xB5B1,
    0x8CEC, 0x7C8A, 0x84CB, 0x7C8A, 0x7C8A, 0x7C8A, 0x84CB, 0x84CB, 0x84CB, 0x8CEC, 0x8D0C, 0x952D, 0xB5B1, 0xA490, 0x8B6A, 0x8B49,
    0x8B6A, 0x8B6A, 0x8B6A, 0x9B29, 0x938A, 0x938A, 0x938A, 0x938A, 0x938A, 0x938A, 0xABEB, 0xB46D, 0xBCCE, 0xC4EF, 0xBCAE, 0x8B6A,
    0x7AE8, 0x7AE8, 0x6A66, 0x72A7, 0x72A7, 0x72A7, 0x6A66, 0x51E5, 0x5A47, 0x6A66, 0x6A66, 0x6A66, 0x72A7, 0x72A7, 0x72A7, 0x6A66,
    0xACF1, 0x7AE8, 0x7AE8, 0x7AE8, 0x7AE8, 0x7AE8, 0x72A7, 0x72A7, 0x72A7, 0x7AE8, 0x7AE8, 0x72A7, 0x6A66, 0x6A66, 0x62A8, 0x6A66,
    0x6A66, 0x72A7, 0x72A7, 0x72A7, 0x72A7, 0x72A7, 0x7AE8, 0x7AE8, 0x8B6A, 0x938A, 0x8B49, 0x8B49, 0x8B49, 0x8329, 0x9BAB, 0xA3EB,
    0xBCAE, 0xC4EF, 0xBCCE, 0xBCAE, 0xBC8D, 0xBC8D, 0xB42C, 0xA3EB, 0x9BCB, 0x9BAB, 0x9BEC, 0xBCCF, 0xCE15, 0xE6F9, 0xEF3B, 0xEF5C,
    0xF77C, 0xF77C, 0xF77C, 0xEF5C, 0xF77C, 0xF77C, 0xF77C, 0xF77C, 0xF77C, 0xF77C, 0xF77C, 0xF77C, 0xF77C, 0xF77D, 0xF77C, 0xF77C,
    0xF77C, 0xF77C, 0xF77C, 0xF77C, 0xF77C, 0xF77C, 0xF77C, 0xF77C, 0xF77C, 0xF77C, 0xF77C, 0xEF5C, 0xEF3B, 0xE6FA, 0xEED9, 0xDE78,
    0xEE36, 0xEE36, 0xEE57, 0xDE78, 0xE6B8, 0xDEB9, 0xE6FA, 0xEF3B, 0xEF3B, 0xEF5C, 0xEF5C, 0xEF3B, 0xEF3B, 0xEF5C, 0xEF3B, 0xEF5C,
    0xEF5C, 0xEF5C, 0xEF1A, 0xDEB9, 0xBD94, 0x9C0D, 0x8329, 0x7AE8, 0x7AE8, 0x8329, 0x93AA, 0xA40C, 0xAC2C, 0xAC2C, 0xAC4D, 0xB44D,
    0xB44D, 0xB46D, 0xBC8D, 0xBC8D, 0xB46D, 0xB44D, 0xB44D, 0xA40C, 0xAC6D, 0xDE36, 0xEF5C, 0xEF5C, 0xEF5C, 0xF77C, 0xF77C, 0xEF5C,
    0xEF5C, 0xEF3B, 0xE6F9, 0xE6F9, 0xEEF8, 0xE6FA, 0xEF5C, 0xEF5C, 0xEF5C, 0xEF3B, 0xEF19, 0xE6D8, 0xEED9, 0xEF39, 0xEF39, 0xEF39,
    0xEF39, 0xEF39, 0xEF39, 0xEF3B, 0xEF39, 0xE717, 0xDED6, 0xCE93, 0xBE12, 0xB5EF, 0xB5EF, 0xC651, 0xC651, 0xC653, 0xCE93, 0xC651,
    0xC653, 0xCE93, 0xC651, 0xADCF, 0xBE12, 0xD6B4, 0xE717, 0xE717, 0xE717, 0xDED6, 0xCE93, 0xA5AE, 0x8CEC, 0x84CB, 0x84CB, 0x7C8A,
    0x7C8A, 0x7C8A, 0x84CB, 0x8CEC, 0x84CB, 0x84CB, 0x84CB, 0x8CEC, 0x8CEC, 0x8D0C, 0x952D, 0x8D0C, 0x8D0C, 0x952D, 0x952D, 0xB5B1,
    0xB5B1, 0x8D0C, 0x8CEC, 0x8CEC, 0x8CEC, 0x84CB, 0x84CB, 0x84CB, 0x8CEC, 0x8CEC, 0x8D0C, 0xB5B1, 0xC5D5, 0x93CC, 0x8B49, 0x8B6A,
    0x8B6A, 0x8B6A, 0x8B6A, 0x938A, 0x938A, 0x9B29, 0x938A, 0x938A, 0xA36A, 0xA3EB, 0xB42C, 0xBC8D, 0xBCCE, 0xBCAE, 0x838B, 0x7AE8,
    0x7AE8, 0x72A7, 0x6A66, 0x72A7, 0x72A7, 0x72A7, 0x5A47, 0x51E5, 0x5A47, 0x6A66, 0x6A66, 0x72A7, 0x72A7, 0x6A66, 0x6A66, 0x72A7,
    0xACF1, 0x7AE8, 0x7AE8, 0x7AE8, 0x7AE8, 0x7AE8, 0x72A7, 0x72A7, 0x72A7, 0x72A7, 0x72A7, 0x7AE8, 0x7AE8, 0x72A7, 0x72A7, 0x6A66,
    0x6A66, 0x6A66, 0x6A66, 0x6A66, 0x72A7, 0x72A7, 0x72A7, 0x72A7, 0x8B49, 0x938A, 0x8B49, 0x8B49, 0x8329, 0x8329, 0x938A, 0x938A,
    0x9BCB, 0xA40C, 0xA3EB, 0xAC6D, 0xCD51, 0xC530, 0xBCAE, 0xB42C, 0xABEB, 0x9BCB, 0x9BAB, 0x93AA, 0x9BEC, 0xB48E, 0xC5B4, 0xDEB9,
    0xEF3B, 0xEF5C, 0xEF5C, 0xEF5C, 0xEF5C, 0xF77C, 0xF77C, 0xF77C, 0xF77C, 0xF77C, 0xF77C, 0xF77C, 0xF77C, 0xF77C, 0xF77D, 0xF77C,
    0xF77C, 0xF77D, 0xF77D, 0xF77C, 0xF77C, 0xF77C, 0xF77C, 0xF77C, 0xF77C, 0xF77C, 0xF77C, 0xF77C, 0xF77C, 0xF77C, 0xF77C, 0xEF5C,
    0xEF3B, 0xEF3B, 0xEF3B, 0xEF3B, 0xEF5C, 0xEF5C, 0xEF5C, 0xEF5C, 0xEF3B, 0xEF3B, 0xEF5C, 0xEF5C, 0xEF5C, 0xEF5C, 0xEF3B, 0xEF3B,
    0xEF1A, 0xE6B8, 0xBD94, 0x9C0D, 0x8329, 0x72A7, 0x7AE8, 0x7AE8, 0x8B49, 0x938A, 0x9BAB, 0xA3EB, 0xAC2C, 0xAC2C, 0xAC4D, 0xB44D,
    0xB44D, 0xB44D, 0xB46D, 0xBC8D, 0xB46D, 0xB42C, 0xB42C, 0xB42C, 0xAC0B, 0xC510, 0xE6FA, 0xEF5C, 0xF77C, 0xF77C, 0xEF5C, 0xF77C,
    0xF77C, 0xEF5C, 0xEF3B, 0xEED9, 0xDE96, 0xE655, 0xE6D8, 0xEF3B, 0xEF5C, 0xEF5C, 0xEF3B, 0xE6D8, 0xEEF8, 0xEF19, 0xEF39, 0xEF39,
    0xEF1A, 0xEF39, 0xEF19, 0xEEF8, 0xE6B7, 0xCE93, 0xC653, 0xC651, 0xC651, 0xC653, 0xCE93, 0xCE93, 0xCE93, 0xCE93, 0xCE93, 0xCE93,
    0xCE93, 0xCE93, 0xCE93, 0xDED6, 0xEF39, 0xEF39, 0xE717, 0xDED6, 0xD6B4, 0xCE93, 0xBE12, 0xBE12, 0xBE12, 0xC653, 0xC653, 0xC653,
    0xBE12, 0xA5AE, 0x8CEC, 0x84CB, 0x8CEC, 0x8CEC, 0x8CEC, 0x8CEC, 0x8CEC, 0x8CEC, 0x8CEC, 0x8CEC, 0x8CEC, 0x8D0C, 0x8D0C, 0x9D6D,
    0xDE76, 0xCE36, 0xA5AE, 0x8D0C, 0x84CB, 0x84CB, 0x8CEC, 0x84CB, 0x8CEC, 0x9D6D, 0xCDF3, 0xDE96, 0xACF1, 0x8B6A, 0x8B49, 0x8B49,
    0x8B49, 0x8B6A, 0x938A, 0x938A, 0x8B6A, 0x8B6A, 0x8B6A, 0x938A, 0x9BCB, 0xBC4C, 0xBCCE, 0xC4EF, 0xBCCF, 0x8B8B, 0x7AE8, 0x7AE8,
    0x7AE8, 0x6A66, 0x72A7, 0x72A7, 0x72A7, 0x6A66, 0x5A47, 0x6A66, 0x6A66, 0x6A66, 0x6A66, 0x72A7, 0x6A66, 0x6A66, 0x72A7, 0x72A7,
    0x9C4F, 0x5A47, 0x72A7, 0x7AE8, 0x7AE8, 0x7AE8, 0x7AE8, 0x72A7, 0x7AE8, 0x72A7, 0x7AE8, 0x72A7, 0x7AE8, 0x7AE8, 0x7AE8, 0x72A7,
    0x6A66, 0x62A8, 0x6A66, 0x62A8, 0x6A66, 0x72A7, 0x72A7, 0x7AE8, 0x8329, 0x8B49, 0x8B49, 0x8B49, 0x8B49, 0x8329, 0x8B6A, 0x8B6A,
    0x8B6A, 0x8B49, 0x7AE8, 0x93CB, 0xBCCF, 0xCD51, 0xCD51, 0xBCCE, 0xB44D, 0xA40C, 0x9BCB, 0x9BAB, 0x93AA, 0x8B49, 0x8B49, 0x9C0D,
    0xB533, 0xD657, 0xE6F9, 0xF73A, 0xEF3B, 0xEF5C, 0xEF5C, 0xEF5C, 0xF77C, 0xF77C, 0xF77C, 0xF77C, 0xF77C, 0xF77C, 0xF77C, 0xF77C,
    0xF77C, 0xF77C, 0xF77C, 0xF77C, 0xF77C, 0xEF5C, 0xF77C, 0xF77C, 0xF77C, 0xF77C, 0xF77C, 0xF77C, 0xF77C, 0xF77C, 0xF77C, 0xF77C,
    0xEF5C, 0xEF5C, 0xEF5C, 0xEF5C, 0xEF5C, 0xEF5C, 0xEF3B, 0xEF5C, 0xEF5C, 0xEF3B, 0xEF5C, 0xEF5C, 0xEF3B, 0xEF1A, 0xE6F9, 0xDE36,
    0xB533, 0x93CC, 0x7309, 0x62A8, 0x72A7, 0x7AE8, 0x8329, 0x8B49, 0x93AA, 0x9BCB, 0xA3EB, 0x9BCB, 0xA3EB, 0xA40C, 0xAC2C, 0xAC4D,
    0xB44D, 0xB44D, 0xB44D, 0xB46D, 0xB46D, 0xB42C, 0xB42C, 0xB42C, 0xABEB, 0xAC2C, 0xD615, 0xEF3B, 0xEF5C, 0xF77C, 0xEF5C, 0xF77C,
    0xEF5C, 0xEF5C, 0xEF5C, 0xEF3B, 0xE6B7, 0xDE34, 0xE655, 0xEED9, 0xEF3B, 0xEF3B, 0xEF3B, 0xE6D8, 0xE6B7, 0xEEF8, 0xEF19, 0xEF19,
    0xEF19, 0xEEF8, 0xE6B7, 0xCE93, 0xC653, 0xC653, 0xCE93, 0xCE93, 0xCE93, 0xCE93, 0xCE93, 0xD6B4, 0xD6B4, 0xD6B4, 0xDED6, 0xDED6,
    0xE717, 0xEF39, 0xEF3B, 0xEF39, 0xE717, 0xDED6, 0xD6B4, 0xCE93, 0xCE93, 0xC653, 0xCE93, 0xCE93, 0xCE93, 0xCE93, 0xCE93, 0xCE93,
    0xC653, 0xC653, 0xBE12, 0x9D6D, 0x8CEC, 0x8CEC, 0x8CEC, 0x8D0C, 0x8D0C, 0x8D0C, 0x8D0C, 0x8CEC, 0x8D0C, 0x952D, 0x954D, 0xB5B1,
    0xDEB9, 0xEED9, 0xDEB9, 0xDE76, 0xBE12, 0xA5AE, 0xA5AE, 0xB5B1, 0xCDF3, 0xDE78, 0xE6DA, 0xD5D4, 0x93CB, 0x8B49, 0x8B49, 0x8B6A,
    0x8B6A, 0x9B29, 0x8B6A, 0x9B29, 0x8B49, 0x8B49, 0x8B6A, 0x9BCB, 0xBC8D, 0xB42C, 0xBC8D, 0xBCEF, 0x93CB, 0x8329, 0x7AE8, 0x7AE8,
    0x7AE8, 0x6A66, 0x72A7, 0x72A7, 0x6A66, 0x51E5, 0x51E5, 0x5A47, 0x6A66, 0x6A66, 0x6A66, 0x6A66, 0x6A66, 0x72A7, 0x72A7, 0x72A7,
    0x8C2E, 0x39C5, 0x51E5, 0x5A47, 0x7AE8, 0x8329, 0x7AE8, 0x7AE8, 0x72A7, 0x72A7, 0x72A7, 0x72A7, 0x72A7, 0x72A7, 0x7AE8, 0x7AE8,
    0x72A7, 0x72A7, 0x6A66, 0x6A66, 0x6A66, 0x6A66, 0x6A66, 0x72A7, 0x7AE8, 0x8329, 0x8329, 0x8B49, 0x8B49, 0x8B49, 0x938A, 0x8B6A,
    0x8B6A, 0x8329, 0x72A7, 0x7AE8, 0x8329, 0x9BEC, 0xBCAE, 0xBCCF, 0xBCEF, 0xB46D, 0x9BAB, 0x938A, 0x938A, 0x93AA, 0x8B49, 0x72A7,
    0x72A7, 0x838B, 0xA46E, 0xBD73, 0xDE36, 0xDEB9, 0xEF1A, 0xEF1A, 0xEF3B, 0xEF5C, 0xEF5C, 0xEF5C, 0xF77C, 0xEF5C, 0xF77C, 0xF77C,
    0xEF5C, 0xEF5C, 0xEF5C, 0xEF5C, 0xEF5C, 0xEF5C, 0xEF5C, 0xF77C, 0xEF5C, 0xEF5C, 0xF77C, 0xF77C, 0xF77C, 0xF77C, 0xF77C, 0xF77C,
    0xEF5C, 0xF77C, 0xF77C, 0xEF5C, 0xEF3B, 0xEF5C, 0xEF5C, 0xEF5C, 0xEF5C, 0xF73A, 0xEF1A, 0xEED9, 0xD657, 0xCD93, 0xACD0, 0x8B8B,
    0x6AE9, 0x6A66, 0x6A66, 0x62A8, 0x72A7, 0x8329, 0x8B6A, 0x93AA, 0x9BCB, 0xA3EB, 0xA3EB, 0xA3EB, 0xAC2C, 0xAC2C, 0xA3EB, 0xA40C,
    0xAC4D, 0xB44D, 0xB44D, 0xAC4D, 0xB46D, 0xBC8D, 0xB46D, 0xB42C, 0xA40C, 0xB44D, 0xBCEF, 0xE6B8, 0xEF5C, 0xF77C, 0xF77C, 0xEF5C,
    0xF77C, 0xEF5C, 0xEF5C, 0xEF5C, 0xEF3B, 0xE6D8, 0xE6D8, 0xE6B7, 0xEF19, 0xEF39, 0xEEF8, 0xE6D8, 0xE6F9, 0xE6F9, 0xEEF8, 0xE6B7,
    0xE6B7, 0xDE96, 0xCE93, 0xCE93, 0xCE93, 0xD6B4, 0xD6B4, 0xD6B4, 0xDED6, 0xDED6, 0xDED6, 0xE717, 0xE717, 0xE717, 0xEF39, 0xEF39,
    0xEF39, 0xEF3B, 0xEF39, 0xE717, 0xDED6, 0xCE93, 0xCE93, 0xCE93, 0xCE93, 0xC653, 0xC653, 0xC653, 0xCE93, 0xC653, 0xD655, 0xD655,
    0xD655, 0xDE76, 0xDE78, 0xD655, 0xA5AE, 0x952D, 0x952D, 0x8D0C, 0x952D, 0x952D, 0x952D, 0x952D, 0x952D, 0x9D6D, 0xBE12, 0xE697,
    0xEED9, 0xE6DA, 0xE6DA, 0xE6F9, 0xEED9, 0xDEB9, 0xDEB9, 0xDEB9, 0xE6F9, 0xE6FA, 0xDE78, 0xA46E, 0x8B49, 0x8B49, 0x8B49, 0x8B6A,
    0x8B6A, 0x8B6A, 0x8B49, 0x938A, 0x9BCB, 0xA3EB, 0xA3EB, 0xA40C, 0xAC4D, 0xAC0B, 0xAC2C, 0x93AA, 0x8329, 0x7AE8, 0x7AE8, 0x7AE8,
    0x72A7, 0x72A7, 0x72A7, 0x6A66, 0x51E5, 0x51E5, 0x5A47, 0x6A66, 0x6A66, 0x6A66, 0x6A66, 0x6A66, 0x6A66, 0x72A7, 0x72A7, 0x6A66,
    0x8C2E, 0x51E5, 0x51E5, 0x4A27, 0x83CD, 0x9C0D, 0x836A, 0x8329, 0x7AE8, 0x7AE8, 0x7AE8, 0x7AE8, 0x72A7, 0x72A7, 0x72A7, 0x7AE8,
    0x7AE8, 0x7AE8, 0x72A7, 0x72A7, 0x6A66, 0x6A66, 0x6A66, 0x6A66, 0x6A66, 0x72A7, 0x7AE8, 0x8329, 0x8329, 0x8329, 0x8B49, 0x8B6A,
    0x8B6A, 0x8B49, 0x7AE8, 0x72A7, 0x7AE8, 0x7AE8, 0x8329, 0x8B49, 0xAC6D, 0xBCCE, 0xAC2C, 0x9BCB, 0xA40C, 0x938A, 0x7AE8, 0x7AE8,
    0x8329, 0x7AE8, 0x7AE8, 0x8329, 0x8B8B, 0x9C0D, 0xACF1, 0xC5B4, 0xD657, 0xDEB9, 0xE6F9, 0xEF1A, 0xEF3B, 0xEF3B, 0xEF5C, 0xEF5C,
    0xEF3B, 0xEF3B, 0xEF5C, 0xEF5C, 0xEF5C, 0xEF5C, 0xEF5C, 0xEF5C, 0xEF5C, 0xEF5C, 0xF77C, 0xF77C, 0xEF5C, 0xEF5C, 0xEF3B, 0xEF5C,
    0xEF5C, 0xEF3B, 0xEF3B, 0xEF3B, 0xEF3B, 0xEF3B, 0xEF1A, 0xE6F9, 0xE6B8, 0xD615, 0xBD73, 0xA490, 0x93CB, 0x8329, 0x7AE8, 0x7AE8,
    0x7AE8, 0x7AE8, 0x7AE8, 0x72A7, 0x72A7, 0x8B49, 0x938A, 0x93AA, 0x9BAB, 0xA40C, 0xA40C, 0xA40C, 0xAC2C, 0xAC2C, 0xAC2C, 0xAC2C,
    0xAC2C, 0xB42C, 0xB44D, 0xB44D, 0xB44D, 0xAC4D, 0xB42C, 0xB42C, 0xB44D, 0xB46D, 0xBC8D, 0xCD51, 0xE6F9, 0xEF5C, 0xEF5C, 0xF77C,
    0xEF5C, 0xEF5C, 0xEF5C, 0xEF5C, 0xEF5C, 0xE6FA, 0xEED9, 0xEEF8, 0xE6B7, 0xE6B7, 0xE6B7, 0xEF1A, 0xEF5C, 0xEF3B, 0xEED9, 0xE6B7,
    0xEF19, 0xEF39, 0xEF39, 0xEF39, 0xEF39, 0xEF39, 0xEF39, 0xEF39, 0xEF39, 0xEF39, 0xEF39, 0xEF1A, 0xEF3B, 0xEF3B, 0xEF3B, 0xEF39,
    0xEF39, 0xE717, 0xDED6, 0xD6B4, 0xCE93, 0xCE93, 0xCE93, 0xCE93, 0xCE93, 0xCE93, 0xCE93, 0xD655, 0xD655, 0xDE76, 0xDE78, 0xDEB9,
    0xDEB9, 0xDEB9, 0xDEB9, 0xDEB9, 0xCE36, 0xB5B1, 0x9D6D, 0x954D, 0x9D6D, 0x9D6D, 0x9D6D, 0x9D6D, 0xB5B1, 0xDE76, 0xDEB9, 0xE6DA,
    0xEED9, 0xE6DA, 0xE6F9, 0xEED9, 0xE6DA, 0xE6F9, 0xE6F9, 0xEF1A, 0xEF3B, 0xE6F9, 0xAD12, 0x8B6A, 0x8B49, 0x8B49, 0x8B6A, 0x8B6A,
    0x8B6A, 0x8B6A, 0xABEB, 0xB46D, 0xBC8D, 0xBC8D, 0xBC8D, 0xBC8D, 0xB46D, 0xA40C, 0x8B6A, 0x8329, 0x7AE8, 0x7AE8, 0x7AE8, 0x7AE8,
    0x7AE8, 0x72A7, 0x6A66, 0x51E5, 0x51E5, 0x5A47, 0x6A66, 0x6A66, 0x6A66, 0x6A66, 0x6A66, 0x72A7, 0x72A7, 0x72A7, 0x6A66, 0x72A7,
    0x8C2E, 0x39C5, 0x5A47, 0x7BAD, 0x9CB1, 0xACF1, 0xA490, 0x8BEE, 0x836A, 0x7AE8, 0x7AE8, 0x8329, 0x7AE8, 0x72A7, 0x72A7, 0x72A7,
    0x7AE8, 0x7AE8, 0x7AE8, 0x7AE8, 0x72A7, 0x6A66, 0x62A8, 0x6A66, 0x6A66, 0x6A66, 0x6A66, 0x72A7, 0x8329, 0x8329, 0x8329, 0x8B49,
    0x8B6A, 0x8B49, 0x7AE8, 0x72A7, 0x72A7, 0x72A7, 0x72A7, 0x72A7, 0x8B49, 0x93AA, 0xAC2C, 0xAC2C, 0x8329, 0x72A7, 0x8329, 0xA3EB,
    0x9BCB, 0x938A, 0x8329, 0x7AE8, 0x7AE8, 0x7AE8, 0x8329, 0x8B49, 0x8BAB, 0x9C0D, 0xACF1, 0xBD73, 0xC5D5, 0xDE36, 0xE697, 0xEED9,
    0xE6F9, 0xF6FA, 0xEF1A, 0xEF1A, 0xEF1A, 0xEF1A, 0xEF1A, 0xF73A, 0xF73A, 0xF73A, 0xEF3B, 0xF73A, 0xEF3B, 0xEF3B, 0xEF1A, 0xEF1A,
    0xE6F9, 0xE6F9, 0xE6B8, 0xDE78, 0xDE36, 0xC5B4, 0xAD12, 0xA490, 0x9C0D, 0x836A, 0x7309, 0x7AE8, 0x7AE8, 0x72A7, 0x72A7, 0x7AE8,
    0x7AE8, 0x8329, 0x8B49, 0x8B6A, 0x8B6A, 0x8B6A, 0x8B6A, 0x93AA, 0x9BCB, 0xA3EB, 0xA3EB, 0xA40C, 0xAC2C, 0xA40C, 0xA40C, 0xAC2C,
    0xB42C, 0xB42C, 0xB44D, 0xB42C, 0xAC0B, 0xA40C, 0xA40C, 0xB42C, 0xBC4C, 0xBC4C, 0xBC8D, 0xBC8D, 0xCD72, 0xE6F9, 0xEF5C, 0xF77C,
    0xF77C, 0xEF5C, 0xEF5C, 0xEF5C, 0xEF3B, 0xEF3B, 0xEEF8, 0xEED9, 0xE6D8, 0xE6F9, 0xEF39, 0xEF3B, 0xEF3B, 0xEF19, 0xEEF8, 0xEF3B,
    0xEF5C, 0xEF5C, 0xEF5C, 0xEF5C, 0xEF5C, 0xEF3B, 0xEF3B, 0xEF3B, 0xEF3B, 0xEF3B, 0xEF3B, 0xEF3B, 0xEF3B, 0xEF39, 0xE717, 0xE717,
    0xDED6, 0xD6B4, 0xCE93, 0xC653, 0xCE93, 0xCE93, 0xC653, 0xD655, 0xD655, 0xD657, 0xDE76, 0xDE78, 0xDEB9, 0xE6DA, 0xE6F9, 0xE6FA,
    0xEF1A, 0xEF1A, 0xEF1A, 0xE6FA, 0xE6F9, 0xDE78, 0xCDF3, 0xB5B1, 0xB5B1, 0xCDF3, 0xCDF3, 0xD655, 0xDEB9, 0xE6F9, 0xE6F9, 0xE6F9,
    0xE6F9, 0xE6F9, 0xEF1A, 0xEF1A, 0xEF1A, 0xEF3B, 0xEF3B, 0xEF3B, 0xE6FA, 0xBD94, 0x8BAB, 0x8B49, 0x8B49, 0x8B6A, 0x8B6A, 0x938A,
    0x938A, 0xA40C, 0xBCAE, 0xBCCE, 0xB46D, 0x93AA, 0x9BAB, 0xBCAE, 0xAC4D, 0x8B6A, 0x8329, 0x8329, 0x7AE8, 0x7AE8, 0x7AE8, 0x7AE8,
    0x72A7, 0x6A66, 0x51E5, 0x5A47, 0x6A66, 0x6A66, 0x6A66, 0x6A66, 0x72A7, 0x6A66, 0x6A66, 0x72A7, 0x72A7, 0x6A66, 0x72A7, 0x72A7,
    0x9470, 0x62EA, 0x8C2E, 0xACF1, 0xACF1, 0xACF1, 0xACF1, 0xACF1, 0xA490, 0x93CB, 0x8B49, 0x8329, 0x7AE8, 0x7AE8, 0x7AE8, 0x72A7,
    0x72A7, 0x72A7, 0x7AE8, 0x7AE8, 0x7AE8, 0x72A7, 0x72A7, 0x6A66, 0x62A8, 0x6A66, 0x6A66, 0x6A66, 0x72A7, 0x72A7, 0x8329, 0x8B49,
    0x8B49, 0x8B49, 0x7AE8, 0x72A7, 0x7AE8, 0x72A7, 0x72A7, 0x72A7, 0x7AE8, 0x7AE8, 0x8B49, 0x72A7, 0x7309, 0x9BCB, 0x9BEC, 0xBCAE,
    0xBCAE, 0xAC2C, 0x9BAB, 0x8B49, 0x7AE8, 0x8329, 0x8B49, 0x8B49, 0x8329, 0x8329, 0x8329, 0x8329, 0x838B, 0x8BAB, 0x93CC, 0x9C4F,
    0xA490, 0xACF1, 0xB533, 0xCD73, 0xCD93, 0xCDB4, 0xC5D5, 0xD5F5, 0xD5F5, 0xCE15, 0xD5F5, 0xD5F5, 0xD5D4, 0xC5B4, 0xBD94, 0xB533,
    0xACF1, 0xA46E, 0x9C0D, 0x93CB, 0x838B, 0x8329, 0x7AE8, 0x7AE8, 0x7AE8, 0x7AE8, 0x7AE8, 0x7AE8, 0x7AE8, 0x72A7, 0x7AE8, 0x8329,
    0x8329, 0x8B6A, 0x938A, 0x9BCB, 0xA40C, 0xA40C, 0x9BCB, 0x938A, 0x8B6A, 0x8B6A, 0x9BCB, 0xA40C, 0xAC0B, 0xA40C, 0xA40C, 0xAC2C,
    0xAC2C, 0xA40C, 0xA40C, 0xA40C, 0xAC2C, 0x9BAB, 0x9BAB, 0xB44D, 0xBC8D, 0xBC8D, 0xBC8D, 0xBC8D, 0xBC8D, 0xCD93, 0xE6F9, 0xEF5C,
    0xEF5C, 0xEF5C, 0xEF5C, 0xEF5C, 0xEF5C, 0xEF3B, 0xEF3B, 0xEED9, 0xE6D8, 0xEEF8, 0xEF19, 0xEF39, 0xEF19, 0xE6B7, 0xDE96, 0xE6D8,
    0xEF3B, 0xEF3B, 0xEF3B, 0xEF3B, 0xEF3B, 0xEF5C, 0xEF5C, 0xEF5C, 0xEF3B, 0xEF3B, 0xEF3B, 0xEF39, 0xE717, 0xE717, 0xDED6, 0xD6B4,
    0xCE93, 0xC653, 0xC653, 0xD655, 0xD655, 0xDE76, 0xDE78, 0xDE78, 0xDEB9, 0xDEB9, 0xE6DA, 0xE6FA, 0xEF1A, 0xEF1A, 0xEF3B, 0xEF3B,
    0xEF3B, 0xEF3B, 0xEF3B, 0xEF1A, 0xE6FA, 0xE6F9, 0xDEB9, 0xDE78, 0xDEB9, 0xE6FA, 0xEF3B, 0xEF3B, 0xEF3B, 0xEF3B, 0xEF3B, 0xEF3B,
    0xEF5C, 0xEF5C, 0xEF5C, 0xEF5C, 0xEF5C, 0xEF5C, 0xEF5C, 0xEF1A, 0xC5B4, 0x93CC, 0x8B49, 0x8B49, 0x8B6A, 0x8B6A, 0x938A, 0x938A,
    0xAC2C, 0xBCAE, 0xBCAE, 0xB44D, 0x9BCB, 0x93AA, 0x8B6A, 0x9BCB, 0x8329, 0x8329, 0x8329, 0x7AE8, 0x7AE8, 0x8329, 0x7AE8, 0x7AE8,
    0x5A47, 0x51E5, 0x51E5, 0x6A66, 0x6A66, 0x6A66, 0x6A66, 0x72A7, 0x6A66, 0x72A7, 0x72A7, 0x72A7, 0x6A66, 0x72A7, 0x6AE9, 0x83CD,
    0xC5B4, 0x9CB1, 0xACF1, 0xACF1, 0xACF1, 0x9CB1, 0xACF1, 0xAD12, 0xACF1, 0xACD0, 0x9C0D, 0x836A, 0x8329, 0x7AE8, 0x7AE8, 0x7AE8,
    0x7AE8, 0x7AE8, 0x72A7, 0x7AE8, 0x7AE8, 0x7AE8, 0x7AE8, 0x72A7, 0x72A7, 0x62A8, 0x6A66, 0x6A66, 0x6A66, 0x6A66, 0x72A7, 0x8329,
    0x8329, 0x8329, 0x7AE8, 0x72A7, 0x7AE8, 0x7AE8, 0x72A7, 0x72A7, 0x7AE8, 0x7AE8, 0x7AE8, 0x5A47, 0x72A7, 0x8B49, 0xA46E, 0xC530,
    0xC530, 0xBCEF, 0xAC6D, 0x9BAB, 0x938A, 0x938A, 0x8B6A, 0x8B6A, 0x8B6A, 0x8B6A, 0x8B49, 0x8329, 0x8329, 0x8329, 0x7AE8, 0x7AE8,
    0x7AE8, 0x7AE8, 0x8329, 0x8329, 0x8329, 0x7B2A, 0x836A, 0x836A, 0x836A, 0x836A, 0x836A, 0x7B2A, 0x8329, 0x8329, 0x8329, 0x7AE8,
    0x7AE8, 0x72A7, 0x72A7, 0x7AE8, 0x7AE8, 0x7AE8, 0x7AE8, 0x8329, 0x7AE8, 0x8329, 0x8329, 0x8329, 0x8329, 0x8B49, 0x8B49, 0x8B49,
    0x938A, 0x93AA, 0x9BCB, 0xA40C, 0xAC2C, 0xAC2C, 0xAC4D, 0xAC4D, 0xA3EB, 0x8B6A, 0x8B49, 0x938A, 0xA3EB, 0xABEB, 0xA40C, 0xA3EB,
    0xA3EB, 0xA40C, 0xA3EB, 0xA3EB, 0xA3EB, 0x9BAB, 0xA3EB, 0xBC4C, 0xBC8D, 0xBC4C, 0xBC4C, 0xBC4C, 0xBC4C, 0xBC8D, 0xCD73, 0xE6FA,
    0xEF5C, 0xEF5C, 0xEF5C, 0xEF5C, 0xEF5C, 0xEF5C, 0xEF3B, 0xEF1A, 0xE6D8, 0xE6B7, 0xEEF8, 0xE6D8, 0xE6B7, 0xE697, 0xE655, 0xE6B7,
    0xEEF8, 0xEF39, 0xEF3B, 0xF77A, 0xEF3B, 0xEF3B, 0xEF3B, 0xEF3B, 0xEF39, 0xEF39, 0xEF39, 0xE717, 0xE717, 0xDED6, 0xCE93, 0xC653,
    0xC653, 0xD655, 0xD657, 0xDE78, 0xDE78, 0xDE78, 0xDEB9, 0xE6DA, 0xE6FA, 0xEF1A, 0xEF3B, 0xEF3B, 0xEF3B, 0xEF3B, 0xEF3B, 0xEF3B,
    0xEF3B, 0xEF1A, 0xEF1A, 0xE6F9, 0xEED9, 0xDEB9, 0xE6DA, 0xEF1A, 0xEF5C, 0xEF5C, 0xEF5C, 0xEF5C, 0xEF5C, 0xEF5C, 0xEF5C, 0xF77C,
    0xF77C, 0xEF5C, 0xEF5C, 0xEF5C, 0xEF3B, 0xEF5C, 0xEF3B, 0xCE15, 0x9BEC, 0x8B49, 0x8B49, 0x8B6A, 0x8B6A, 0x938A, 0x938A, 0xAC2C,
    0xBCAE, 0xBCAE, 0xBCAE, 0xB42C, 0xB44D, 0xB42C, 0x8B6A, 0x8329, 0x72A7, 0x7AE8, 0x8329, 0x7AE8, 0x7AE8, 0x8329, 0x7AE8, 0x6A66,
    0x51E5, 0x5A47, 0x5A47, 0x6A66, 0x6A66, 0x6A66, 0x6A66, 0x6A66, 0x72A7, 0x72A7, 0x72A7, 0x6A66, 0x72A7, 0x72A7, 0x838B, 0xA490,
};
