// Auto-generated from sleep.png
// Size: 240x240 pixels
// Format: RGB565

#include <stdint.h>

const uint16_t emotion_sleep_image_width = 240;
const uint16_t emotion_sleep_image_height = 240;
const uint16_t emotion_sleep_image_data[] = {
    0xFF3D, 0xFF3D, 0xFF1D, 0xFF1D, 0xFF1D, 0xFF1D, 0xFF1D, 0xF6FD, 0xF6FD, 0xF6FD, 0xF6FC, 0xF6FD, 0xF71D, 0xF71D, 0xF71D, 0xF71D,
    0xF71D, 0xF71D, 0xF71D, 0xF71D, 0xF71D, 0xEEFD, 0xBE7D, 0x8DFD, 0x85FD, 0x85FD, 0x861D, 0x861D, 0x861D, 0x861D, 0x861D, 0x861D,
    0x861D, 0x85FE, 0x861D, 0x861D, 0x861D, 0x861D, 0x85FE, 0x85FD, 0x861D, 0x85FD, 0x85FD, 0x861E, 0x861D, 0x861D, 0x861D, 0x861E,
    0x861D, 0x861D, 0x861D, 0x861D, 0x861E, 0x861D, 0x861D, 0x861D, 0x861D, 0x861D, 0x861D, 0x861E, 0x861D, 0x861D, 0x861D, 0x861E,
    0x861D, 0x861D, 0x861D, 0x861D, 0x861D, 0x861D, 0x861D, 0x861D, 0x861D, 0x861D, 0x861D, 0x861D, 0x861D, 0x861D, 0x861D, 0x861E,
    0x861D, 0x861D, 0x861D, 0x861E, 0x861D, 0x861D, 0x861D, 0x861E, 0x85FE, 0x861D, 0x861D, 0x861D, 0x85FE, 0x85FD, 0x861D, 0x861D,
    0x861D, 0x861D, 0x861D, 0x861E, 0x861D, 0x861D, 0x861D, 0x861D, 0x861D, 0x861D, 0x85FD, 0x861D, 0x861E, 0x861D, 0x861D, 0x861D,
    0x861E, 0x861D, 0x85FD, 0x861D, 0x861D, 0x861D, 0x861D, 0x861E, 0x861D, 0x861D, 0x85FD, 0x861D, 0x861D, 0x861D, 0x85FD, 0x861D,
    0x85FE, 0x85FD, 0x861D, 0x861D, 0x85FD, 0x861D, 0x861D, 0x85FE, 0x861D, 0x85FD, 0x861D, 0x861D, 0x85FE, 0x861D, 0x85FD, 0x85FD,
    0x85FD, 0x85FD, 0x85FD, 0x85FD, 0x85FE, 0x861D, 0x861D, 0x861D, 0x861D, 0x861D, 0x861D, 0x861D, 0x861D, 0x85FD, 0x85FD, 0x861D,
    0x861E, 0x861D, 0x861E, 0x861E, 0x861E, 0x861D, 0x861D, 0x861D, 0x861D, 0x861E, 0x861D, 0x861D, 0x861D, 0x861E, 0x861D, 0x85FD,
    0x861D, 0x861D, 0x861D, 0x861D, 0x85FE, 0x861D, 0x861D, 0x861D, 0x861E, 0x861D, 0x861D, 0x861D, 0x861D, 0x861E, 0x861D, 0x861D,
    0x861D, 0x861D, 0x861D, 0x861D, 0x861D, 0x861D, 0x861D, 0x861D, 0x861E, 0x861D, 0x861D, 0x861D, 0x861D, 0x861D, 0x861D, 0x861D,
    0x861D, 0x861E, 0x861D, 0x861D, 0x861D, 0x861E, 0x861E, 0x861E, 0x861E, 0x861D, 0x861D, 0x861D, 0x861E, 0x861E, 0x861D, 0x861D,
    0x85FD, 0x861D, 0x861D, 0x861D, 0x861D, 0x861E, 0x861E, 0x861E, 0x861E, 0x861D, 0x861E, 0x861D, 0x861D, 0x861E, 0x861E, 0x861E,
    0xFF3D, 0xFF1D, 0xFF1D, 0xFF1D, 0xFF1D, 0xFF1D, 0xF71C, 0xF6FD, 0xF6FD, 0xF6FD, 0xF6FD, 0xF6FD, 0xF71D, 0xF71D, 0xF71C, 0xF71D,
    0xF71D, 0xF6FD, 0xF71D, 0xF71D, 0xEEDD, 0xD69D, 0xB63D, 0x9E1D, 0x961D, 0x961D, 0x8E1D, 0x85FD, 0x85FE, 0x85FD, 0x85FD, 0x861D,
    0x861D, 0x861D, 0x861D, 0x861D, 0x861D, 0x861D, 0x861D, 0x85FD, 0x85FD, 0x85FD, 0x861D, 0x861D, 0x861D, 0x861D, 0x861D, 0x861D,
    0x861D, 0x861D, 0x861D, 0x861D, 0x861D, 0x861D, 0x861D, 0x861D, 0x861D, 0x861D, 0x861D, 0x861D, 0x861D, 0x861D, 0x861D, 0x861D,
    0x861E, 0x861D, 0x861D, 0x861D, 0x861D, 0x861D, 0x861D, 0x861D, 0x861D, 0x861D, 0x861D, 0x861D, 0x85FD, 0x861D, 0x861D, 0x861D,
    0x861D, 0x861D, 0x861D, 0x861D, 0x861E, 0x861D, 0x861D, 0x861D, 0x861D, 0x861D, 0x861D, 0x861D, 0x861D, 0x85FD, 0x861D, 0x861D,
    0x861D, 0x861D, 0x861D, 0x861D, 0x861D, 0x861D, 0x861D, 0x861D, 0x861E, 0x861D, 0x861D, 0x861D, 0x861D, 0x861D, 0x861D, 0x861D,
    0x861D, 0x861D, 0x861D, 0x861D, 0x861D, 0x861D, 0x861D, 0x85FD, 0x85FD, 0x85FD, 0x85FD, 0x85FD, 0x85FD, 0x85FD, 0x85FD, 0x85FD,
    0x85FD, 0x85FD, 0x85FE, 0x85FD, 0x85FD, 0x85FD, 0x85FD, 0x861D, 0x85FD, 0x85FD, 0x861D, 0x861D, 0x85FD, 0x85FD, 0x85FD, 0x85FD,
    0x85FD, 0x85FD, 0x85FD, 0x85FD, 0x85FD, 0x85FD, 0x861E, 0x861D, 0x85FD, 0x861D, 0x861D, 0x861D, 0x861D, 0x85FD, 0x861D, 0x861D,
    0x861D, 0x861D, 0x861D, 0x861D, 0x861D, 0x85FD, 0x861D, 0x861D, 0x861D, 0x861D, 0x861E, 0x861E, 0x861D, 0x861D, 0x861D, 0x861D,
    0x861D, 0x861D, 0x861D, 0x861D, 0x85FD, 0x861D, 0x861D, 0x861D, 0x861D, 0x861E, 0x861D, 0x861D, 0x861D, 0x861D, 0x861D, 0x861E,
    0x85FD, 0x85FD, 0x861D, 0x861D, 0x861D, 0x861D, 0x861D, 0x861D, 0x861D, 0x85FD, 0x861D, 0x861D, 0x861D, 0x861D, 0x85FD, 0x85FD,
    0x861D, 0x861D, 0x861D, 0x861E, 0x861D, 0x861D, 0x861D, 0x861E, 0x861D, 0x861D, 0x861D, 0x861D, 0x861D, 0x861D, 0x861D, 0x861D,
    0x861D, 0x861D, 0x861D, 0x861D, 0x861D, 0x861E, 0x861E, 0x861D, 0x861D, 0x861D, 0x861D, 0x861D, 0x861D, 0x861D, 0x861E, 0x861E,
    0xFF3D, 0xFF1D, 0xFF1D, 0xFF1D, 0xFF1D, 0xF6FD, 0xF6FD, 0xF6DD, 0xF6DD, 0xF6FD, 0xF6FD, 0xF6FD, 0xF6FD, 0xF6FD, 0xF6FD, 0xF6FD,
    0xEEDD, 0xEEDD, 0xEEDD, 0xE6BD, 0xDEBC, 0xDEBD, 0xD6BD, 0xD69D, 0xD69D, 0xC67D, 0xB65D, 0xA63C, 0x9E1D, 0xA63D, 0xAE3D, 0xA63D,
    0x961D, 0x85FE, 0x861D, 0x85FD, 0x85FD, 0x861D, 0x861D, 0x861D, 0x85FD, 0x861D, 0x861D, 0x861D, 0x861D, 0x861D, 0x861D, 0x861D,
    0x861D, 0x861D, 0x861D, 0x861D, 0x861D, 0x861E, 0x861D, 0x861D, 0x861D, 0x861D, 0x861D, 0x861D, 0x861D, 0x861D, 0x861E, 0x861D,
    0x861D, 0x861D, 0x861D, 0x861D, 0x861D, 0x861D, 0x861D, 0x861D, 0x861D, 0x861E, 0x861D, 0x861D, 0x85FE, 0x85FD, 0x861D, 0x861D,
    0x861D, 0x861D, 0x861D, 0x861D, 0x861D, 0x861D, 0x861D, 0x861D, 0x861D, 0x861D, 0x861D, 0x861D, 0x861D, 0x861D, 0x861D, 0x861D,
    0x861D, 0x861D, 0x861D, 0x861D, 0x861D, 0x861D, 0x861D, 0x861D, 0x861D, 0x861D, 0x861D, 0x861D, 0x861D, 0x861D, 0x861D, 0x861D,
    0x861D, 0x861D, 0x861E, 0x85FD, 0x85FD, 0x85FE, 0x85FD, 0x85FD, 0x863E, 0x865E, 0x8E3E, 0x863E, 0x863E, 0x8E3E, 0x8E3E, 0x863E,
    0x861E, 0x85FD, 0x85FD, 0x85FD, 0x85FD, 0x85FD, 0x85FE, 0x861D, 0x861D, 0x85FE, 0x85FD, 0x861D, 0x861D, 0x85FD, 0x85FD, 0x85FD,
    0x85FD, 0x85FD, 0x861D, 0x861D, 0x85FD, 0x85FD, 0x861D, 0x861D, 0x85FD, 0x861D, 0x861E, 0x861D, 0x861D, 0x85FE, 0x861D, 0x85FD,
    0x861D, 0x861D, 0x861D, 0x861E, 0x861D, 0x861D, 0x861D, 0x861D, 0x861D, 0x861D, 0x861D, 0x861D, 0x861D, 0x861D, 0x861E, 0x861E,
    0x861D, 0x861E, 0x861D, 0x861D, 0x861D, 0x861D, 0x861D, 0x861D, 0x861D, 0x861D, 0x861D, 0x861D, 0x861D, 0x861D, 0x861D, 0x861D,
    0x861D, 0x861D, 0x861D, 0x85FE, 0x861D, 0x861D, 0x861D, 0x861D, 0x861D, 0x861D, 0x861D, 0x861D, 0x861E, 0x861D, 0x861D, 0x861D,
    0x861D, 0x861D, 0x861D, 0x861D, 0x861D, 0x861D, 0x861D, 0x861E, 0x861D, 0x861D, 0x861E, 0x861D, 0x861D, 0x861D, 0x861E, 0x861D,
    0x861D, 0x861D, 0x861D, 0x861D, 0x861D, 0x861D, 0x861D, 0x861D, 0x861D, 0x861D, 0x861D, 0x861D, 0x861D, 0x861D, 0x861E, 0x861E,
    0xFF1D, 0xFF1D, 0xFF1D, 0xFF1D, 0xFEFD, 0xF6FC, 0xF6FD, 0xF6FC, 0xF6FD, 0xF6FD, 0xF6FD, 0xF6FD, 0xF6FD, 0xF6FD, 0xF6FD, 0xEEDD,
    0xEEDC, 0xEEDD, 0xE6BC, 0xE6BC, 0xEEFD, 0xF71D, 0xF71D, 0xF71D, 0xF6FD, 0xEEDD, 0xE6BD, 0xDE9D, 0xD6BD, 0xDEBD, 0xDEBD, 0xD6BD,
    0xC67D, 0xA63D, 0x8E1D, 0x85FD, 0x861D, 0x85FD, 0x861D, 0x861D, 0x85FE, 0x861D, 0x861D, 0x861D, 0x861E, 0x861D, 0x861D, 0x861D,
    0x861D, 0x861D, 0x861E, 0x861D, 0x861D, 0x861D, 0x85FD, 0x85FD, 0x85FD, 0x861D, 0x861D, 0x861D, 0x861E, 0x861D, 0x861D, 0x861D,
    0x861D, 0x85FD, 0x861D, 0x861D, 0x861D, 0x861D, 0x861E, 0x861D, 0x861D, 0x861D, 0x861D, 0x861D, 0x861D, 0x85FD, 0x85FD, 0x861D,
    0x85FD, 0x861D, 0x861D, 0x861D, 0x861D, 0x861D, 0x861D, 0x861D, 0x861D, 0x861D, 0x861D, 0x861D, 0x861D, 0x861D, 0x861D, 0x861D,
    0x861D, 0x861D, 0x861D, 0x861D, 0x861D, 0x861D, 0x861D, 0x861D, 0x861D, 0x861D, 0x861D, 0x861D, 0x861D, 0x861D, 0x861D, 0x861E,
    0x861D, 0x861D, 0x861D, 0x85FD, 0x861D, 0x85FD, 0x861E, 0x85FD, 0x6D19, 0x7476, 0x7455, 0x7434, 0x7454, 0x7475, 0x6CB6, 0x7518,
    0x7D7A, 0x7DDD, 0x863E, 0x863E, 0x863E, 0x85FD, 0x85FD, 0x85FD, 0x85FD, 0x85FD, 0x85FD, 0x85FD, 0x85FD, 0x85FD, 0x85FD, 0x85FD,
    0x85FD, 0x85FD, 0x85FD, 0x861D, 0x85FD, 0x85FD, 0x85FD, 0x85FD, 0x861D, 0x861D, 0x861D, 0x861D, 0x861D, 0x85FD, 0x85FD, 0x85FD,
    0x861D, 0x85FD, 0x861D, 0x861D, 0x861D, 0x861D, 0x85FE, 0x861D, 0x861D, 0x861D, 0x861D, 0x861E, 0x861E, 0x861D, 0x861D, 0x861D,
    0x861D, 0x861D, 0x861D, 0x861E, 0x861D, 0x861D, 0x861E, 0x861D, 0x861D, 0x861D, 0x861E, 0x861D, 0x861D, 0x861D, 0x861D, 0x861D,
    0x861D, 0x861D, 0x861D, 0x85FD, 0x85FD, 0x85FD, 0x85FD, 0x85FD, 0x861D, 0x861D, 0x861E, 0x861D, 0x861D, 0x861D, 0x861E, 0x861D,
    0x861D, 0x861D, 0x861D, 0x861D, 0x861E, 0x861D, 0x861D, 0x861D, 0x861D, 0x861D, 0x861D, 0x861D, 0x861D, 0x861D, 0x861E, 0x861D,
    0x861D, 0x861D, 0x861D, 0x861D, 0x861D, 0x861E, 0x861D, 0x861D, 0x861E, 0x861D, 0x861D, 0x861D, 0x861D, 0x861D, 0x861D, 0x861E,
    0xFF1D, 0xFF1D, 0xFF1D, 0xFF1D, 0xFEFD, 0xFEFD, 0xFEFD, 0xFF1D, 0xFF1D, 0xF6FC, 0xF6FD, 0xF6FD, 0xF6FD, 0xF6FC, 0xEEDC, 0xEEDC,
    0xEEDD, 0xF6FD, 0xF6FD, 0xF71D, 0xF71D, 0xF71D, 0xF71D, 0xF71D, 0xEEFD, 0xEEFD, 0xEEFD, 0xEF1D, 0xF71D, 0xF71D, 0xEEFD, 0xEEFD,
    0xE6DD, 0xD69D, 0xB65D, 0x9E1D, 0x85FD, 0x85FE, 0x861D, 0x861D, 0x861E, 0x861E, 0x861D, 0x861D, 0x861D, 0x861D, 0x861D, 0x861D,
    0x861D, 0x861D, 0x861D, 0x861D, 0x861D, 0x861D, 0x861D, 0x85FD, 0x861D, 0x85FE, 0x861E, 0x861D, 0x861D, 0x861E, 0x85FD, 0x861D,
    0x861D, 0x85FD, 0x85FD, 0x861D, 0x85FD, 0x861D, 0x861D, 0x861D, 0x861D, 0x85FD, 0x861D, 0x861D, 0x861D, 0x85FD, 0x85FE, 0x85FD,
    0x85FD, 0x861D, 0x861D, 0x861D, 0x861D, 0x861D, 0x861E, 0x861E, 0x861D, 0x861D, 0x861D, 0x861D, 0x861D, 0x861D, 0x861D, 0x861D,
    0x861D, 0x861D, 0x85FE, 0x861D, 0x861D, 0x861E, 0x861D, 0x861D, 0x861D, 0x861D, 0x861D, 0x861D, 0x861D, 0x861D, 0x861D, 0x861D,
    0x861D, 0x861D, 0x861D, 0x861D, 0x85FD, 0x8E1E, 0x7D5A, 0x7B91, 0xABD1, 0xD453, 0xDC95, 0xDC95, 0xDC95, 0xD474, 0xC433, 0xB3F2,
    0xA3D1, 0x93B2, 0x83F3, 0x7476, 0x7519, 0x7DBB, 0x861E, 0x863E, 0x861D, 0x85FD, 0x85FD, 0x85FD, 0x85FD, 0x85FD, 0x85FD, 0x85FD,
    0x861D, 0x861D, 0x85FD, 0x85FE, 0x85FD, 0x85FD, 0x85FD, 0x85FD, 0x861D, 0x861D, 0x85FD, 0x861D, 0x861D, 0x85FD, 0x85FE, 0x85FE,
    0x861D, 0x861D, 0x85FE, 0x85FD, 0x861D, 0x861D, 0x85FD, 0x861D, 0x85FD, 0x861D, 0x861D, 0x861D, 0x861D, 0x861D, 0x861E, 0x861D,
    0x861D, 0x861D, 0x861E, 0x861E, 0x861D, 0x861D, 0x861E, 0x861D, 0x861D, 0x861D, 0x861D, 0x85FD, 0x861E, 0x861D, 0x861D, 0x861D,
    0x861D, 0x861D, 0x85FD, 0x85FD, 0x85FD, 0x85FD, 0x85FD, 0x85FE, 0x85FD, 0x85FD, 0x861E, 0x861D, 0x861D, 0x861D, 0x861D, 0x861D,
    0x861D, 0x861D, 0x861D, 0x861D, 0x861D, 0x861D, 0x861D, 0x85FD, 0x861D, 0x861D, 0x861D, 0x861E, 0x861D, 0x861D, 0x861D, 0x861D,
    0x861D, 0x861D, 0x861D, 0x861D, 0x861D, 0x861D, 0x861D, 0x861D, 0x861D, 0x861D, 0x861D, 0x861D, 0x861D, 0x861E, 0x861E, 0x861E,
    0xF71C, 0xFF1D, 0xFF1D, 0xFEFD, 0xFEFD, 0xFF1D, 0xFF1D, 0xFF1D, 0xFF1D, 0xFEFD, 0xF6FD, 0xF6DD, 0xEEDD, 0xEEBD, 0xEEDC, 0xF6FD,
    0xF71C, 0xF71D, 0xF71D, 0xF71D, 0xF71D, 0xF71D, 0xF71D, 0xF6FD, 0xEEFD, 0xF71D, 0xF71D, 0xF71D, 0xF71D, 0xF71D, 0xEF1D, 0xEEFD,
    0xEEFD, 0xE6DD, 0xDEBD, 0xC67D, 0x9E1D, 0x861D, 0x861D, 0x861D, 0x861D, 0x861D, 0x861D, 0x861D, 0x861D, 0x861D, 0x861D, 0x861D,
    0x861D, 0x861D, 0x861D, 0x861D, 0x861D, 0x861E, 0x85FD, 0x861D, 0x861D, 0x861D, 0x861D, 0x861D, 0x861D, 0x861D, 0x85FD, 0x861D,
    0x85FD, 0x85FD, 0x85FD, 0x861D, 0x85FD, 0x861D, 0x861D, 0x861D, 0x861D, 0x85FD, 0x85FD, 0x861D, 0x861D, 0x861D, 0x861D, 0x85FD,
    0x861D, 0x861D, 0x861D, 0x861D, 0x861D, 0x861D, 0x861D, 0x861D, 0x861D, 0x861D, 0x861D, 0x85FD, 0x861D, 0x861D, 0x861D, 0x861D,
    0x861D, 0x861D, 0x861D, 0x861D, 0x861D, 0x861D, 0x861D, 0x861D, 0x861D, 0x85FD, 0x861D, 0x861D, 0x861D, 0x861D, 0x861D, 0x861D,
    0x861D, 0x861D, 0x85FE, 0x85FD, 0x861D, 0x7DBB, 0x8BB1, 0xF4F6, 0xFD59, 0xFD58, 0xFD59, 0xFD38, 0xFD38, 0xFD38, 0xFD58, 0xFD59,
    0xFD58, 0xFD38, 0xECF6, 0xDC95, 0xBC13, 0x9BF2, 0x8434, 0x74D7, 0x759B, 0x861D, 0x861E, 0x85FD, 0x85FD, 0x85FD, 0x85FD, 0x85FD,
    0x85FD, 0x85FD, 0x85FD, 0x861D, 0x85FD, 0x861D, 0x861D, 0x85FD, 0x861D, 0x861D, 0x85FD, 0x85FD, 0x85FD, 0x861D, 0x861D, 0x85FD,
    0x85FD, 0x861D, 0x861D, 0x861D, 0x861D, 0x861D, 0x85FD, 0x861D, 0x861D, 0x861D, 0x861D, 0x861D, 0x861D, 0x861D, 0x861D, 0x861E,
    0x861D, 0x861D, 0x861D, 0x861D, 0x861D, 0x861D, 0x861D, 0x861D, 0x861D, 0x861D, 0x861D, 0x85FD, 0x85FD, 0x861D, 0x861D, 0x861D,
    0x861D, 0x861D, 0x85FD, 0x85FE, 0x85FD, 0x861D, 0x861D, 0x85FD, 0x85FD, 0x861D, 0x861D, 0x861D, 0x861D, 0x861D, 0x861D, 0x861D,
    0x861D, 0x861D, 0x861D, 0x861D, 0x861D, 0x861D, 0x861D, 0x85FE, 0x85FD, 0x861D, 0x861D, 0x861D, 0x861D, 0x861D, 0x861D, 0x861D,
    0x861D, 0x861D, 0x861D, 0x861D, 0x861D, 0x861D, 0x861D, 0x861D, 0x861D, 0x861D, 0x861D, 0x861E, 0x861D, 0x861D, 0x861E, 0x861E,
    0xFF1D, 0xFEFD, 0xFEFC, 0xFEFC, 0xFEFD, 0xFEFD, 0xFEFC, 0xFEFD, 0xFEFD, 0xFEFD, 0xF6FD, 0xF6DD, 0xF6DC, 0xEEDC, 0xF6FD, 0xF6FD,
    0xF71D, 0xF71D, 0xF71D, 0xF71D, 0xF71D, 0xF71D, 0xF6FD, 0xF71D, 0xF71D, 0xF71D, 0xF71D, 0xF71D, 0xF71D, 0xF71D, 0xEEFD, 0xEEFD,
    0xEEFD, 0xEEFD, 0xEEFD, 0xDEBD, 0xB65D, 0x8E1D, 0x861D, 0x861E, 0x861D, 0x861D, 0x861D, 0x861D, 0x861D, 0x85FD, 0x861D, 0x861D,
    0x861D, 0x861E, 0x861D, 0x861D, 0x861D, 0x861D, 0x861D, 0x861D, 0x861D, 0x861D, 0x861D, 0x861D, 0x861D, 0x861D, 0x861D, 0x861D,
    0x861D, 0x861D, 0x861D, 0x85FD, 0x85FD, 0x85FD, 0x861D, 0x85FD, 0x85FD, 0x861D, 0x861D, 0x861D, 0x861D, 0x861D, 0x861D, 0x85FD,
    0x861D, 0x861D, 0x861D, 0x861D, 0x861D, 0x861D, 0x861D, 0x861D, 0x861D, 0x861D, 0x861D, 0x861D, 0x85FD, 0x861D, 0x861D, 0x861D,
    0x861D, 0x861D, 0x861D, 0x85FD, 0x861D, 0x861D, 0x861D, 0x861D, 0x85FD, 0x861D, 0x861D, 0x85FD, 0x85FD, 0x85FD, 0x861D, 0x861D,
    0x85FD, 0x85FD, 0x85FD, 0x85FD, 0x863E, 0x7C55, 0xE4B5, 0xFD39, 0xF4D7, 0xF4D7, 0xFCD7, 0xF4D7, 0xF4D7, 0xF4D7, 0xF4D7, 0xF4D7,
    0xF4D7, 0xF4D7, 0xFCF8, 0xFD38, 0xFD38, 0xFD38, 0xF4D6, 0xCC54, 0xABF3, 0x8C34, 0x7D18, 0x7DBC, 0x861E, 0x861D, 0x85DD, 0x85FD,
    0x85FD, 0x85FD, 0x85FD, 0x85FD, 0x861D, 0x861D, 0x85FD, 0x861D, 0x85FD, 0x85FD, 0x85FD, 0x85FD, 0x85FD, 0x85FD, 0x861D, 0x861D,
    0x85FE, 0x85FD, 0x861D, 0x861D, 0x861D, 0x861D, 0x85FD, 0x861D, 0x861D, 0x861D, 0x861E, 0x861D, 0x861D, 0x861D, 0x861D, 0x85FD,
    0x861D, 0x861D, 0x861D, 0x861D, 0x861D, 0x85FD, 0x861D, 0x85FD, 0x861D, 0x861D, 0x85FD, 0x85FD, 0x85FD, 0x85FD, 0x85FD, 0x85FD,
    0x85FD, 0x85FD, 0x85FD, 0x85FD, 0x85FD, 0x861D, 0x861D, 0x85FD, 0x85FD, 0x861D, 0x861D, 0x861D, 0x861D, 0x861D, 0x861D, 0x861D,
    0x861D, 0x861D, 0x85FD, 0x85FD, 0x861D, 0x85FD, 0x85FD, 0x861D, 0x861D, 0x861D, 0x861D, 0x861D, 0x861D, 0x85FD, 0x861D, 0x861D,
    0x861D, 0x861D, 0x861D, 0x861D, 0x861D, 0x861D, 0x861D, 0x861D, 0x861D, 0x861D, 0x861D, 0x861D, 0x861D, 0x861D, 0x861D, 0x861E,
    0xFEFD, 0xFEDC, 0xFEDD, 0xFEDC, 0xFEFC, 0xFEDD, 0xFEBC, 0xFEBC, 0xFEDD, 0xFEFD, 0xFEFC, 0xFEFC, 0xF6FD, 0xF6FD, 0xF6FD, 0xF6FD,
    0xF6FD, 0xF6FD, 0xF71D, 0xF71D, 0xF6FD, 0xF6FD, 0xF6FD, 0xF6FD, 0xF71D, 0xF71D, 0xF71D, 0xF71D, 0xF71D, 0xF6FD, 0xEEFD, 0xEEFD,
    0xEEFD, 0xEEFD, 0xEEFD, 0xDEBD, 0xBE5D, 0x8E1D, 0x861D, 0x861D, 0x861D, 0x861D, 0x861D, 0x861D, 0x861D, 0x85FE, 0x861E, 0x861D,
    0x861E, 0x861E, 0x861D, 0x861D, 0x861D, 0x861D, 0x861D, 0x861D, 0x861D, 0x861E, 0x861D, 0x861D, 0x861D, 0x861D, 0x861D, 0x861E,
    0x861D, 0x861D, 0x861E, 0x85FD, 0x85FD, 0x85FE, 0x861D, 0x861D, 0x861D, 0x861D, 0x861D, 0x861D, 0x861D, 0x861E, 0x861D, 0x861D,
    0x861D, 0x861D, 0x861D, 0x861E, 0x85FD, 0x861D, 0x861E, 0x861D, 0x861D, 0x85FE, 0x861D, 0x861D, 0x85FD, 0x861D, 0x861D, 0x861D,
    0x861D, 0x861D, 0x861D, 0x861D, 0x861D, 0x861D, 0x861D, 0x85FD, 0x861D, 0x861D, 0x861E, 0x85FD, 0x85FD, 0x85FE, 0x85FD, 0x85FD,
    0x85FD, 0x85FD, 0x85FD, 0x861D, 0x7D9B, 0xA3D2, 0xFD17, 0xF4D7, 0xF4D7, 0xF4F7, 0xFCF7, 0xFCD7, 0xFCD7, 0xFCD7, 0xFCD7, 0xFCD7,
    0xF4D6, 0xF4D7, 0xFCD7, 0xF4B6, 0xF4B6, 0xFCD7, 0xFCF7, 0xFD38, 0xFD38, 0xF4D6, 0xD455, 0xA414, 0x84B7, 0x7D9B, 0x861E, 0x861E,
    0x85FD, 0x85FD, 0x85FD, 0x85FD, 0x85FD, 0x85FD, 0x85FE, 0x85FD, 0x85FD, 0x85FD, 0x85FD, 0x861D, 0x861D, 0x861D, 0x85FE, 0x861D,
    0x85FD, 0x85FD, 0x861D, 0x861D, 0x85FE, 0x85FD, 0x85FD, 0x85FE, 0x861D, 0x861D, 0x85FE, 0x861E, 0x861D, 0x861D, 0x861D, 0x861D,
    0x861D, 0x861D, 0x85FE, 0x861D, 0x861D, 0x85FD, 0x85FD, 0x85FD, 0x85FE, 0x85FD, 0x85FD, 0x85FE, 0x85FD, 0x85FD, 0x85FD, 0x85FD,
    0x85FD, 0x85FD, 0x861D, 0x85FD, 0x861D, 0x861D, 0x861D, 0x85FD, 0x85FD, 0x861D, 0x861D, 0x861D, 0x861E, 0x861E, 0x861D, 0x861E,
    0x85FD, 0x85FD, 0x85FE, 0x85FE, 0x85FD, 0x85FD, 0x861D, 0x861D, 0x861D, 0x861D, 0x861D, 0x861D, 0x861D, 0x85FD, 0x85FD, 0x861D,
    0x861D, 0x861D, 0x861D, 0x861D, 0x861D, 0x861D, 0x861D, 0x861D, 0x861D, 0x861D, 0x861D, 0x861D, 0x861D, 0x861D, 0x861D, 0x861D,
    0xFEFD, 0xFEFC, 0xFEFD, 0xFF1D, 0xFF1C, 0xFEFD, 0xFEFC, 0xFEFC, 0xFEDC, 0xFEDC, 0xFEFC, 0xFEFC, 0xF6FC, 0xF6FD, 0xF6DD, 0xF6DC,
    0xF6FC, 0xF6FD, 0xF6FD, 0xF6FD, 0xF6FD, 0xF71C, 0xF6FD, 0xF6FD, 0xF6FD, 0xF6FD, 0xF71D, 0xF71C, 0xF71D, 0xF71D, 0xF6FD, 0xF6FD,
    0xF6FD, 0xEEFD, 0xE6DD, 0xCE9D, 0xAE3D, 0x8E1D, 0x861D, 0x861D, 0x85FE, 0x861D, 0x861D, 0x85FD, 0x861D, 0x861D, 0x861D, 0x861D,
    0x861D, 0x861D, 0x861D, 0x861D, 0x85FD, 0x861D, 0x861E, 0x861D, 0x861D, 0x861D, 0x861D, 0x861D, 0x861D, 0x861D, 0x861D, 0x861D,
    0x861D, 0x861D, 0x861D, 0x861D, 0x861D, 0x861D, 0x861D, 0x85FD, 0x861D, 0x861D, 0x861D, 0x861E, 0x861D, 0x861D, 0x861D, 0x861D,
    0x861D, 0x861D, 0x861D, 0x861D, 0x85FD, 0x861D, 0x861D, 0x861D, 0x861D, 0x861D, 0x861D, 0x861D, 0x861D, 0x861D, 0x861D, 0x861D,
    0x861D, 0x861D, 0x861D, 0x861D, 0x861D, 0x861D, 0x861D, 0x861D, 0x861E, 0x861D, 0x861D, 0x861D, 0x861D, 0x861D, 0x861D, 0x85FD,
    0x861D, 0x861D, 0x85FD, 0x8E3E, 0x7C97, 0xD434, 0xFD18, 0xF4D7, 0xF4D7, 0xF4D7, 0xFCD6, 0xF4D6, 0xFCD7, 0xFCD7, 0xFCD6, 0xFCD7,
    0xFCD6, 0xFCD7, 0xFCD7, 0xFCD7, 0xFCD7, 0xFCD7, 0xF4D6, 0xF4D7, 0xF4D7, 0xFCF6, 0xFD38, 0xFD17, 0xE495, 0xB414, 0x8C75, 0x757B,
    0x861E, 0x861D, 0x85FC, 0x85FD, 0x85FD, 0x85FD, 0x85FD, 0x85FD, 0x85FD, 0x85FD, 0x85FD, 0x85FD, 0x85FD, 0x861D, 0x861D, 0x85FD,
    0x85FD, 0x85FE, 0x861D, 0x861D, 0x85FD, 0x85FD, 0x861D, 0x85FD, 0x861D, 0x861D, 0x861D, 0x861D, 0x861D, 0x861D, 0x861D, 0x85FD,
    0x85FD, 0x861D, 0x861D, 0x85FD, 0x85FD, 0x85FD, 0x85FD, 0x861D, 0x85FD, 0x85FE, 0x861D, 0x85FD, 0x861D, 0x861D, 0x85FD, 0x85FD,
    0x85FD, 0x85FD, 0x861D, 0x85FD, 0x85FD, 0x85FD, 0x861D, 0x85FD, 0x85FD, 0x85FD, 0x861D, 0x861D, 0x861D, 0x861E, 0x861D, 0x861D,
    0x85FD, 0x861D, 0x861D, 0x85FD, 0x85FD, 0x85FD, 0x85FD, 0x85FD, 0x85FD, 0x861D, 0x861D, 0x85FD, 0x85FD, 0x85FD, 0x85FD, 0x861D,
    0x861D, 0x861D, 0x861D, 0x85FD, 0x85FD, 0x861D, 0x861D, 0x861D, 0x861D, 0x861D, 0x861D, 0x861D, 0x861D, 0x861D, 0x861D, 0x861D,
    0xFF1D, 0xFF1C, 0xFEFD, 0xFEFC, 0xFEFD, 0xFF1D, 0xFF1D, 0xFF1D, 0xFF1D, 0xFF1D, 0xFEFD, 0xFF1D, 0xFF1D, 0xF6FC, 0xF6FD, 0xF6DC,
    0xF6DC, 0xF6DD, 0xF6FD, 0xF6FD, 0xF6FD, 0xF6FC, 0xF6FD, 0xF6FD, 0xF6FD, 0xF6FD, 0xF6FD, 0xF6FD, 0xF6FD, 0xF71D, 0xF71D, 0xF6FD,
    0xEEFD, 0xE6DD, 0xD69D, 0xBE5D, 0x9E1D, 0x8DFD, 0x861D, 0x85FD, 0x85FE, 0x85FD, 0x85FD, 0x861D, 0x85FD, 0x861D, 0x861D, 0x861D,
    0x861D, 0x861D, 0x85FD, 0x861D, 0x85FD, 0x861D, 0x85FD, 0x861D, 0x861E, 0x861D, 0x861D, 0x861D, 0x861D, 0x861D, 0x861D, 0x861D,
    0x861D, 0x85FD, 0x85FD, 0x861D, 0x861D, 0x861D, 0x861D, 0x861D, 0x861D, 0x861D, 0x861D, 0x861E, 0x861D, 0x861D, 0x861D, 0x861D,
    0x861D, 0x861D, 0x861D, 0x861D, 0x861D, 0x85FD, 0x861D, 0x861D, 0x85FD, 0x861D, 0x861D, 0x861D, 0x861D, 0x861D, 0x861D, 0x861D,
    0x861D, 0x861D, 0x861D, 0x861D, 0x861D, 0x861D, 0x861D, 0x861D, 0x861D, 0x861D, 0x861D, 0x861D, 0x861D, 0x861D, 0x861D, 0x85FD,
    0x85FD, 0x85FD, 0x85FD, 0x861E, 0x8BF3, 0xF4B6, 0xFCD7, 0xF4D7, 0xFCD7, 0xFCD7, 0xFCD7, 0xF4D7, 0xFCD7, 0xF4D7, 0xF4D7, 0xFCD7,
    0xF4D6, 0xFCD7, 0xFCD7, 0xFCD7, 0xFCD7, 0xFCD7, 0xFCD6, 0xFCD7, 0xFCD7, 0xF4D7, 0xF4D6, 0xF4D7, 0xFCF7, 0xFD17, 0xF4B6, 0xBC13,
    0x8455, 0x7D9B, 0x863E, 0x85FD, 0x85FD, 0x85FD, 0x85FD, 0x85FD, 0x85FD, 0x85FD, 0x861D, 0x85FD, 0x85FD, 0x85FD, 0x85FD, 0x85FD,
    0x85FD, 0x85FD, 0x85FD, 0x861D, 0x85FD, 0x85FD, 0x85FD, 0x85FD, 0x85FD, 0x85FD, 0x861D, 0x861D, 0x861D, 0x861D, 0x861D, 0x85FD,
    0x85FD, 0x85FD, 0x85FD, 0x85FD, 0x85FD, 0x85FD, 0x85FD, 0x85FD, 0x85FD, 0x861D, 0x85FD, 0x861D, 0x85FD, 0x85FD, 0x85FD, 0x85FD,
    0x85FD, 0x85FD, 0x85FD, 0x85FD, 0x85FD, 0x85FD, 0x85FD, 0x85FD, 0x85FD, 0x85FD, 0x85FD, 0x861D, 0x85FD, 0x861D, 0x85FD, 0x861D,
    0x85FD, 0x85FD, 0x85FD, 0x861D, 0x85FD, 0x85FD, 0x85FD, 0x861D, 0x85FD, 0x861D, 0x85FD, 0x85FD, 0x85FD, 0x861D, 0x861D, 0x861D,
    0x861D, 0x861D, 0x861D, 0x85FD, 0x861D, 0x861D, 0x861D, 0x861D, 0x861D, 0x861D, 0x861E, 0x861D, 0x861D, 0x861D, 0x861D, 0x861E,
    0xFF1D, 0xFEFC, 0xFEDC, 0xFEDC, 0xFEDC, 0xFEDC, 0xFEFD, 0xFF1D, 0xFF1C, 0xFF1C, 0xFF1D, 0xFF1D, 0xFF1D, 0xFF1D, 0xFF1D, 0xFEFD,
    0xF6DC, 0xF6DC, 0xF6FD, 0xF6FC, 0xF6FC, 0xF6FD, 0xF6FD, 0xF6FD, 0xEEDC, 0xF6DC, 0xF6DD, 0xF6FD, 0xF6FD, 0xF6FD, 0xEEFD, 0xEEDD,
    0xE6DD, 0xDEBD, 0xCE9D, 0xBE5D, 0x9E1D, 0x85FD, 0x85FD, 0x85FD, 0x861D, 0x85FD, 0x85FD, 0x861D, 0x861D, 0x85FD, 0x85FD, 0x85FD,
    0x85FD, 0x85FD, 0x85FD, 0x85FD, 0x861E, 0x861D, 0x861D, 0x861D, 0x861D, 0x861D, 0x861D, 0x861D, 0x861D, 0x861E, 0x861D, 0x861D,
    0x861D, 0x85FD, 0x85FD, 0x85FD, 0x861D, 0x861D, 0x861D, 0x861D, 0x861D, 0x861D, 0x861D, 0x85FD, 0x85FD, 0x861D, 0x861D, 0x861D,
    0x861D, 0x861D, 0x861D, 0x861D, 0x861D, 0x861D, 0x861D, 0x85FD, 0x85FD, 0x861D, 0x861D, 0x861D, 0x861D, 0x861E, 0x861D, 0x861D,
    0x861D, 0x861D, 0x861D, 0x861D, 0x861D, 0x861D, 0x861D, 0x861D, 0x861D, 0x861D, 0x861D, 0x861D, 0x861D, 0x861D, 0x861D, 0x85FD,
    0x85FD, 0x85FD, 0x8E1E, 0x7D7B, 0xABD2, 0xFCF7, 0xF4D7, 0xF4D7, 0xFCD7, 0xFCD7, 0xFCD7, 0xF4D7, 0xFCD7, 0xFCD7, 0xF4D7, 0xFCD7,
    0xFCD7, 0xF4D7, 0xFCD7, 0xFCD7, 0xFCD7, 0xFCD7, 0xFCD7, 0xFCD7, 0xFCD7, 0xFCD7, 0xFCD7, 0xFCD7, 0xF4D7, 0xF4D6, 0xFCF7, 0xFCF7,
    0xF495, 0xABD2, 0x7C76, 0x7DFD, 0x861E, 0x85DD, 0x85FD, 0x85FD, 0x85FD, 0x85FD, 0x85FD, 0x85FD, 0x85FD, 0x85FD, 0x85FD, 0x85FD,
    0x85FD, 0x85FD, 0x85FD, 0x85FD, 0x85FD, 0x861D, 0x85FD, 0x861D, 0x861D, 0x85FD, 0x861D, 0x861D, 0x861D, 0x861D, 0x85FD, 0x85FD,
    0x85FD, 0x85FD, 0x85FD, 0x85FD, 0x85FD, 0x861D, 0x85FD, 0x85FD, 0x85FD, 0x861D, 0x85FD, 0x85FD, 0x85FD, 0x85FD, 0x85FD, 0x85FD,
    0x85FD, 0x85FD, 0x85FD, 0x85FD, 0x85FD, 0x85FD, 0x85FD, 0x85FD, 0x85FD, 0x861D, 0x85FD, 0x85FD, 0x85FD, 0x85FD, 0x85FD, 0x85FD,
    0x85FD, 0x85FD, 0x85FD, 0x861D, 0x85FD, 0x85FD, 0x85FD, 0x85FD, 0x85FD, 0x85FD, 0x861D, 0x861D, 0x861D, 0x861D, 0x861D, 0x861D,
    0x85FD, 0x85FD, 0x861D, 0x85FD, 0x861D, 0x861D, 0x861D, 0x861D, 0x861D, 0x861D, 0x861E, 0x861D, 0x861D, 0x861D, 0x861D, 0x861E,
    0xFEFC, 0xFEFC, 0xFEFC, 0xFEDC, 0xFEDC, 0xFEDC, 0xFEFC, 0xFEFC, 0xFEFD, 0xFEFD, 0xFEFC, 0xFEFC, 0xFEFD, 0xFF1C, 0xFF1D, 0xFEFC,
    0xF6DC, 0xF6DC, 0xF6DD, 0xF6DD, 0xF6FC, 0xF6FC, 0xF6FD, 0xF6DD, 0xF6DC, 0xF6DD, 0xF6FC, 0xF6FC, 0xEEDD, 0xEEBD, 0xE69D, 0xE6BC,
    0xE6DD, 0xE6BD, 0xD69D, 0xC65D, 0xA61D, 0x8E1D, 0x85FE, 0x85FE, 0x861D, 0x85FD, 0x85FD, 0x85FD, 0x85FD, 0x85FD, 0x861D, 0x861D,
    0x85FD, 0x85FE, 0x85FD, 0x861D, 0x861D, 0x861E, 0x861D, 0x861D, 0x861D, 0x861D, 0x861E, 0x85FE, 0x861D, 0x861D, 0x861D, 0x861D,
    0x861D, 0x861D, 0x861D, 0x861D, 0x861D, 0x861D, 0x861D, 0x861D, 0x861D, 0x861D, 0x861D, 0x861D, 0x861D, 0x861D, 0x861D, 0x861E,
    0x861D, 0x861D, 0x861D, 0x861D, 0x861D, 0x861D, 0x861D, 0x861D, 0x85FD, 0x85FD, 0x861D, 0x861D, 0x861D, 0x861D, 0x861D, 0x861D,
    0x861D, 0x861D, 0x861D, 0x861E, 0x861D, 0x861D, 0x861D, 0x861D, 0x861D, 0x861D, 0x861D, 0x861D, 0x861D, 0x85FD, 0x85FD, 0x85FD,
    0x861D, 0x85FD, 0x8E3E, 0x74D8, 0xD413, 0xFCF7, 0xF4D7, 0xFCD7, 0xFCD7, 0xFCD6, 0xFCD7, 0xFCD6, 0xFCD7, 0xFCD7, 0xFCD7, 0xFCD7,
    0xFCD6, 0xF4D7, 0xFCD7, 0xFCD7, 0xFCD6, 0xFCD7, 0xFCD7, 0xFCD7, 0xFCD7, 0xFCD6, 0xFCD7, 0xFCD7, 0xFCD7, 0xFCD7, 0xFCD7, 0xF4D6,
    0xFCF7, 0xFD17, 0xDC33, 0x8BD3, 0x7D3A, 0x863E, 0x85FD, 0x85FD, 0x85FD, 0x85FD, 0x85FD, 0x85FD, 0x85FD, 0x861D, 0x85FD, 0x85FD,
    0x85FE, 0x85FD, 0x861D, 0x85FD, 0x85FD, 0x85FD, 0x861D, 0x861D, 0x861D, 0x861D, 0x861D, 0x861D, 0x861D, 0x861D, 0x85FD, 0x85FD,
    0x85FD, 0x861D, 0x85FD, 0x85FD, 0x85FE, 0x85FD, 0x85FD, 0x85FD, 0x85FD, 0x85FD, 0x861D, 0x85FD, 0x85FD, 0x85FD, 0x85FD, 0x85FD,
    0x85FD, 0x85FD, 0x861D, 0x85FD, 0x85FD, 0x85FD, 0x85FD, 0x85FD, 0x85FD, 0x85FE, 0x85FD, 0x85FD, 0x85FD, 0x85FD, 0x85FD, 0x85FD,
    0x85FD, 0x85FD, 0x85FD, 0x85FD, 0x85FD, 0x861D, 0x861D, 0x85FD, 0x85FD, 0x861D, 0x861D, 0x861D, 0x861D, 0x85FE, 0x861D, 0x861D,
    0x85FD, 0x861D, 0x861D, 0x85FD, 0x861D, 0x861D, 0x861D, 0x861D, 0x861D, 0x861D, 0x861D, 0x861D, 0x861D, 0x861D, 0x861D, 0x861E,
    0xFEBC, 0xFE9C, 0xFE9C, 0xFE9C, 0xFEBC, 0xFEDC, 0xFEDC, 0xFEDC, 0xFEDC, 0xFEDC, 0xFEDC, 0xFEFC, 0xFEFC, 0xFEFC, 0xFF1C, 0xFEFC,
    0xFEDC, 0xFEFC, 0xF6DC, 0xF6DC, 0xF6FC, 0xF6FD, 0xF6DD, 0xF6DD, 0xF6DC, 0xF6FD, 0xF6FD, 0xF6FC, 0xF6FC, 0xEEDC, 0xEEDD, 0xEEDC,
    0xEEDC, 0xE6DD, 0xDEBC, 0xCE7D, 0xB63D, 0x961D, 0x85FD, 0x861D, 0x85FD, 0x85FD, 0x85FD, 0x85FE, 0x861D, 0x85FD, 0x85FE, 0x861D,
    0x861D, 0x85FD, 0x85FD, 0x85FD, 0x861D, 0x85FE, 0x85FD, 0x861D, 0x861D, 0x861D, 0x861D, 0x861E, 0x861D, 0x861D, 0x861D, 0x861D,
    0x861D, 0x861D, 0x861E, 0x861D, 0x861D, 0x861D, 0x85FD, 0x85FD, 0x861D, 0x861E, 0x861D, 0x861D, 0x861D, 0x861D, 0x861D, 0x85FD,
    0x85FD, 0x861D, 0x861D, 0x861D, 0x861D, 0x861D, 0x861D, 0x85FD, 0x85FD, 0x85FD, 0x861D, 0x861D, 0x861D, 0x861D, 0x861D, 0x861D,
    0x861D, 0x861D, 0x861D, 0x85FD, 0x861D, 0x861D, 0x861D, 0x861D, 0x861D, 0x861D, 0x861E, 0x85FD, 0x861D, 0x85FD, 0x85FD, 0x85FD,
    0x85FD, 0x85FD, 0x863E, 0x7C54, 0xEC75, 0xFCD7, 0xFCD6, 0xFCD7, 0xFCD7, 0xFCD7, 0xFCD7, 0xFCD7, 0xFCD7, 0xFCD7, 0xFCD7, 0xFCD7,
    0xFCD7, 0xFCD7, 0xFCD7, 0xFCD7, 0xF4D7, 0xFCD7, 0xFCD7, 0xFCD7, 0xFCD7, 0xFCD7, 0xFCD6, 0xFCD7, 0xFCD7, 0xFCD7, 0xFCD7, 0xFCD7,
    0xF4D7, 0xF4D7, 0xFCF7, 0xFCB6, 0xB3B2, 0x7496, 0x861D, 0x85FD, 0x85DD, 0x85FD, 0x85FD, 0x85FD, 0x85FD, 0x85FD, 0x85FD, 0x85FD,
    0x85FD, 0x85FD, 0x85FD, 0x85FD, 0x85FD, 0x85FD, 0x861D, 0x85FE, 0x85FD, 0x861D, 0x85FD, 0x85FD, 0x85FD, 0x861D, 0x85FD, 0x85FD,
    0x85FD, 0x85FD, 0x85FD, 0x861D, 0x85FD, 0x85FD, 0x85FD, 0x85FD, 0x85FD, 0x85FD, 0x861D, 0x85FD, 0x85FE, 0x85FD, 0x85FD, 0x85FD,
    0x85FD, 0x85FD, 0x85FD, 0x85FD, 0x85FD, 0x85FD, 0x85FD, 0x85FD, 0x85DD, 0x85FD, 0x85FD, 0x85FD, 0x861E, 0x861E, 0x861D, 0x861D,
    0x85FD, 0x85FD, 0x85FD, 0x85FD, 0x85FD, 0x85FD, 0x861D, 0x85FD, 0x861D, 0x861D, 0x861D, 0x861D, 0x861D, 0x861D, 0x861D, 0x85FD,
    0x861D, 0x861D, 0x861D, 0x85FD, 0x861D, 0x861D, 0x861D, 0x861D, 0x861D, 0x861D, 0x861D, 0x861D, 0x861E, 0x861D, 0x861E, 0x861E,
    0xFE5B, 0xFE3B, 0xFE3B, 0xFE5B, 0xFE7B, 0xFE7B, 0xFE7C, 0xFE7B, 0xFE7C, 0xFE9B, 0xFEBC, 0xFEBC, 0xFEDC, 0xFEFC, 0xFEFC, 0xFEFC,
    0xFEFC, 0xFEFC, 0xFEDC, 0xFEFC, 0xFEFD, 0xFEDC, 0xF6DC, 0xF6DD, 0xF6DC, 0xF6DC, 0xF6DD, 0xF6DC, 0xF6FC, 0xF6FC, 0xF6DD, 0xF6FC,
    0xF6FD, 0xF6FD, 0xEEDD, 0xDE9D, 0xC65D, 0xA63D, 0x8E1D, 0x85FD, 0x85FD, 0x861D, 0x85FD, 0x85FE, 0x85FD, 0x85FD, 0x85FD, 0x85FD,
    0x85FD, 0x85FD, 0x861D, 0x85FD, 0x861D, 0x85FD, 0x85FD, 0x861D, 0x861D, 0x861D, 0x861D, 0x861D, 0x861D, 0x861D, 0x861D, 0x861E,
    0x861E, 0x861D, 0x861D, 0x861D, 0x861D, 0x861D, 0x861D, 0x85FD, 0x861D, 0x85FD, 0x861D, 0x85FD, 0x85FD, 0x861D, 0x85FD, 0x85FD,
    0x85FD, 0x861D, 0x861D, 0x861E, 0x861D, 0x861D, 0x861D, 0x861D, 0x861D, 0x861D, 0x861D, 0x861D, 0x861D, 0x861D, 0x85FD, 0x861D,
    0x861D, 0x861D, 0x861D, 0x85FD, 0x85FD, 0x85FD, 0x861D, 0x861D, 0x85FD, 0x861D, 0x861D, 0x861D, 0x861D, 0x85FD, 0x85FD, 0x85FD,
    0x85FD, 0x85FD, 0x85FD, 0x93F2, 0xFCB6, 0xF4D7, 0xFCD6, 0xFCD7, 0xFCD7, 0xFCD7, 0xFCD7, 0xFCD7, 0xFCD7, 0xFCD7, 0xFCD7, 0xFCD7,
    0xF4D7, 0xFCD6, 0xFCD7, 0xF4D7, 0xF4D7, 0xFCD7, 0xFCD7, 0xFCD7, 0xFCD7, 0xF4D7, 0xFCD6, 0xFCD7, 0xFCD7, 0xFCD7, 0xFCD7, 0xFCD7,
    0xF4D7, 0xF4D7, 0xF4D7, 0xFCD7, 0xFCF7, 0xD413, 0x7C13, 0x7DDC, 0x861D, 0x85DD, 0x85FD, 0x85FD, 0x861D, 0x85FD, 0x85FD, 0x861D,
    0x85FD, 0x85FD, 0x861D, 0x861D, 0x85FE, 0x85FD, 0x85FD, 0x85FD, 0x85FD, 0x861D, 0x85FD, 0x85FD, 0x85FD, 0x85FD, 0x85FD, 0x85FD,
    0x85FD, 0x85FD, 0x85FD, 0x861D, 0x85FD, 0x85FD, 0x85FD, 0x85FD, 0x85FD, 0x85FD, 0x85FD, 0x85FD, 0x85FD, 0x85FD, 0x85FD, 0x85FD,
    0x85FD, 0x85FD, 0x85FD, 0x85FD, 0x85FD, 0x85FD, 0x861D, 0x861D, 0x863E, 0x863E, 0x861D, 0x7DFD, 0x7DDC, 0x7DBB, 0x7D9B, 0x7DBB,
    0x7DDC, 0x861D, 0x863E, 0x861E, 0x85FD, 0x85FD, 0x861D, 0x85FD, 0x85FD, 0x861D, 0x861D, 0x861D, 0x861D, 0x861D, 0x85FD, 0x85FD,
    0x861D, 0x861D, 0x861D, 0x861D, 0x861D, 0x861D, 0x861D, 0x85FD, 0x861D, 0x861D, 0x861D, 0x861D, 0x861E, 0x861E, 0x861E, 0x8E1E,
    0xFE3B, 0xFE1B, 0xFE3B, 0xFE3B, 0xFE3B, 0xFE3B, 0xFE3B, 0xFE3B, 0xFE5C, 0xFE7B, 0xFE7B, 0xFE7B, 0xFE9C, 0xFEDC, 0xFEFC, 0xFEFD,
    0xFEFD, 0xFEFC, 0xFEFC, 0xFEDC, 0xFEDC, 0xFEBC, 0xFEDC, 0xFEDC, 0xFEFC, 0xF6DC, 0xF6DC, 0xF6DC, 0xF6DD, 0xF6BD, 0xF6BC, 0xF6DD,
    0xF6FD, 0xF6FD, 0xF6FC, 0xEEDD, 0xDE9D, 0xBE5D, 0x95FD, 0x85FD, 0x861D, 0x85FD, 0x861D, 0x861D, 0x861D, 0x85FD, 0x85FD, 0x85FD,
    0x85FD, 0x85FD, 0x85FD, 0x861D, 0x861D, 0x85FD, 0x861D, 0x861D, 0x85FE, 0x85FD, 0x861D, 0x861D, 0x85FE, 0x861D, 0x861D, 0x861D,
    0x861D, 0x861D, 0x861D, 0x861D, 0x861D, 0x861E, 0x85FD, 0x861D, 0x861D, 0x861D, 0x861D, 0x861D, 0x85FE, 0x85FD, 0x861D, 0x861D,
    0x861D, 0x861D, 0x861D, 0x861D, 0x861D, 0x861D, 0x861D, 0x861D, 0x861D, 0x861D, 0x861D, 0x861D, 0x861D, 0x85FD, 0x85FD, 0x861D,
    0x861E, 0x861D, 0x861D, 0x861D, 0x85FD, 0x85FD, 0x861D, 0x861D, 0x861D, 0x861D, 0x861D, 0x861D, 0x861D, 0x85FD, 0x85FD, 0x85FD,
    0x85FD, 0x8E1E, 0x7D9C, 0xABF2, 0xFCF7, 0xF4B7, 0xFCD7, 0xFCD7, 0xFCD7, 0xFCD7, 0xFCD7, 0xF4D6, 0xFCD6, 0xFCD6, 0xFCD7, 0xFCD7,
    0xF4D7, 0xF4D7, 0xFCD7, 0xF4D6, 0xFCD6, 0xFCD7, 0xFCD7, 0xFCD6, 0xFCD7, 0xF4D7, 0xFCD7, 0xFCD7, 0xFCD6, 0xFCD7, 0xFCD7, 0xFCD6,
    0xFCD6, 0xFCD6, 0xF4D6, 0xFCD7, 0xF4D7, 0xFCF8, 0xEC54, 0x83D2, 0x7DBB, 0x8E1E, 0x85DD, 0x85FD, 0x85FD, 0x85FE, 0x85FD, 0x85FD,
    0x85FD, 0x85FD, 0x85FD, 0x861D, 0x861D, 0x861D, 0x861D, 0x85FD, 0x85FD, 0x85FD, 0x85FD, 0x85FD, 0x861D, 0x85FD, 0x85FD, 0x85FD,
    0x861D, 0x85FD, 0x85FD, 0x85FD, 0x861D, 0x85FD, 0x85FD, 0x85FD, 0x85FD, 0x861D, 0x861D, 0x85FD, 0x85FD, 0x85FD, 0x85FD, 0x85FD,
    0x85FD, 0x85FD, 0x85FD, 0x861E, 0x861E, 0x7DFD, 0x759B, 0x7519, 0x7CB7, 0x8435, 0x8C14, 0x9C13, 0xA3F2, 0xA412, 0xAC12, 0xAC13,
    0xA413, 0x9414, 0x7CB6, 0x7D9B, 0x863D, 0x85FD, 0x85FD, 0x85FD, 0x861D, 0x85FD, 0x85FE, 0x861D, 0x861D, 0x861D, 0x85FD, 0x85FD,
    0x861D, 0x861D, 0x861D, 0x861D, 0x861D, 0x861D, 0x861D, 0x861D, 0x861D, 0x861D, 0x861D, 0x861D, 0x861D, 0x861D, 0x861D, 0x861E,
    0xFE7C, 0xFE5C, 0xFE5C, 0xFE3B, 0xFE1B, 0xFE1B, 0xFE1B, 0xFE1B, 0xFE3B, 0xFE3B, 0xFE1B, 0xFE1B, 0xFE3B, 0xFE7C, 0xFEBC, 0xFEFC,
    0xFEDC, 0xFEDC, 0xFEDC, 0xFEBC, 0xFE9C, 0xFE7C, 0xFE7C, 0xFEBC, 0xFEDC, 0xFEDC, 0xF6DC, 0xF6DC, 0xF6BC, 0xF69C, 0xF69C, 0xF6DD,
    0xF6DC, 0xEEDD, 0xEEDD, 0xEEDC, 0xE6BD, 0xCE7C, 0x961D, 0x85FD, 0x85FD, 0x85FD, 0x85FD, 0x85FE, 0x85FD, 0x85FD, 0x85FD, 0x85FD,
    0x861D, 0x861D, 0x85FD, 0x861E, 0x861D, 0x861D, 0x861D, 0x861D, 0x85FD, 0x85FD, 0x861E, 0x861D, 0x861E, 0x861D, 0x861D, 0x85FE,
    0x861D, 0x85FD, 0x861D, 0x861D, 0x861D, 0x861D, 0x85FD, 0x85FD, 0x861D, 0x861D, 0x861D, 0x861D, 0x85FD, 0x85FD, 0x861D, 0x861D,
    0x861D, 0x861D, 0x861D, 0x861E, 0x861D, 0x861D, 0x861D, 0x861D, 0x85FD, 0x861D, 0x861D, 0x85FD, 0x85FD, 0x85FD, 0x85FD, 0x861D,
    0x861D, 0x861D, 0x861D, 0x861D, 0x85FD, 0x85FD, 0x85FD, 0x85FE, 0x861E, 0x861D, 0x85FD, 0x861D, 0x861D, 0x861D, 0x861D, 0x85FD,
    0x85FD, 0x8E3E, 0x7D5A, 0xBC12, 0xFCF7, 0xF4B7, 0xFCD7, 0xFCD7, 0xFCD7, 0xFCD7, 0xFCD7, 0xF4D7, 0xFCD7, 0xFCD7, 0xFCD7, 0xFCD7,
    0xF4D7, 0xF4D6, 0xF4D7, 0xF4D7, 0xF4D7, 0xFCD7, 0xFCD7, 0xFCD7, 0xFCD7, 0xFCD7, 0xFCD7, 0xFCD7, 0xFCD7, 0xFCD7, 0xFCD7, 0xFCD7,
    0xFCD7, 0xFCD7, 0xFCD7, 0xFCD7, 0xFCD7, 0xF4D6, 0xFCF8, 0xEC95, 0x8B91, 0x7D9B, 0x861E, 0x85FD, 0x85FD, 0x85FD, 0x85FD, 0x85FD,
    0x85FD, 0x85FD, 0x85FD, 0x85FD, 0x85FE, 0x85FD, 0x85FD, 0x85FD, 0x85FD, 0x85FD, 0x85FD, 0x85FD, 0x85FD, 0x85FD, 0x85FD, 0x85FD,
    0x861D, 0x85FD, 0x861D, 0x85FD, 0x85FD, 0x85FD, 0x85FD, 0x85FD, 0x85FE, 0x85FE, 0x85FD, 0x85FD, 0x85FD, 0x85FD, 0x85FD, 0x85FD,
    0x861E, 0x861E, 0x7DDD, 0x7D5A, 0x84B7, 0x9455, 0xAC34, 0xCC54, 0xE475, 0xECB5, 0xF4D7, 0xFCF7, 0xFCF7, 0xFCF8, 0xFCF7, 0xFCF7,
    0xFCD7, 0xF4B6, 0xE454, 0xBC34, 0x94F8, 0x85FE, 0x85FD, 0x85FD, 0x85FD, 0x85FD, 0x85FD, 0x85FD, 0x85FD, 0x85FD, 0x85FD, 0x85FD,
    0x861D, 0x861D, 0x861D, 0x861D, 0x861D, 0x861D, 0x861D, 0x861D, 0x861D, 0x861D, 0x861D, 0x861D, 0x861D, 0x861D, 0x861D, 0x861D,
    0xFE9C, 0xFE7B, 0xFE5C, 0xFE3B, 0xFDFB, 0xFDFB, 0xFDFB, 0xFDFB, 0xFDFB, 0xFDFA, 0xFDFA, 0xFDFB, 0xFE1B, 0xFE5B, 0xFE9C, 0xFEBC,
    0xFE9C, 0xFE7C, 0xFE5B, 0xFE3B, 0xFE5B, 0xFE7B, 0xFE7C, 0xFEBC, 0xFEBC, 0xF6BC, 0xF6BC, 0xF69C, 0xF69C, 0xF67C, 0xF67C, 0xF69D,
    0xEEBD, 0xE69C, 0xE69D, 0xE6BD, 0xE6BD, 0xBE5D, 0x8E1D, 0x85FD, 0x85FD, 0x861D, 0x861D, 0x85FD, 0x85FD, 0x85FD, 0x861D, 0x85FD,
    0x861D, 0x85FD, 0x861D, 0x861E, 0x861E, 0x861D, 0x861D, 0x85FD, 0x85FD, 0x861D, 0x861D, 0x861D, 0x861D, 0x861D, 0x861D, 0x861D,
    0x861D, 0x85FD, 0x861D, 0x861D, 0x861D, 0x861D, 0x861D, 0x861D, 0x861E, 0x861D, 0x861D, 0x861D, 0x85FD, 0x861D, 0x861D, 0x861D,
    0x861D, 0x861D, 0x861D, 0x861E, 0x861D, 0x85FD, 0x861D, 0x861D, 0x85FD, 0x861D, 0x85FD, 0x861D, 0x85FE, 0x861D, 0x861D, 0x861D,
    0x861D, 0x861D, 0x861D, 0x861D, 0x861D, 0x85FD, 0x861D, 0x861D, 0x861D, 0x861D, 0x861D, 0x861D, 0x85FD, 0x861D, 0x85FD, 0x85FD,
    0x85FD, 0x8E3E, 0x7CF8, 0xCC13, 0xFCF7, 0xF4B6, 0xFCD7, 0xFCD7, 0xFCD7, 0xFCD7, 0xFCD6, 0xFCD7, 0xFCD7, 0xFCD7, 0xFCD7, 0xFCD7,
    0xF4D7, 0xF4D7, 0xF4D7, 0xF4D6, 0xF4D7, 0xFCD7, 0xFCD6, 0xF4D7, 0xFCD7, 0xFCD7, 0xFCD7, 0xFCD7, 0xFCD7, 0xFCD7, 0xFCD7, 0xFCD7,
    0xFCD7, 0xFCD7, 0xFCD7, 0xFCF7, 0xFCD7, 0xFCD7, 0xF4D7, 0xFCF7, 0xF496, 0x8B91, 0x7DBB, 0x8E1E, 0x85FD, 0x85FD, 0x85FD, 0x85FD,
    0x85FD, 0x85FD, 0x85FD, 0x861D, 0x85FD, 0x85FD, 0x85FD, 0x85FD, 0x85FD, 0x85FD, 0x85FD, 0x861D, 0x85FD, 0x85FE, 0x861D, 0x85FD,
    0x85FD, 0x85FD, 0x85FD, 0x85FD, 0x85FD, 0x85FD, 0x85FD, 0x85FD, 0x85FD, 0x85FD, 0x85FD, 0x85FD, 0x85FD, 0x85FD, 0x861D, 0x861D,
    0x7D7B, 0x84B6, 0xA475, 0xCC75, 0xECD6, 0xFCF7, 0xFD17, 0xFD17, 0xFCF7, 0xFCD7, 0xFCD7, 0xF4D6, 0xF4B6, 0xF4B7, 0xF4B6, 0xF4B6,
    0xF4B7, 0xF4D7, 0xFCD7, 0xFCD7, 0xE455, 0x9D19, 0x861E, 0x85FD, 0x85FD, 0x85FD, 0x85FD, 0x85FD, 0x85FD, 0x85FD, 0x85FD, 0x861D,
    0x861D, 0x861D, 0x861D, 0x861D, 0x861D, 0x861D, 0x861D, 0x861D, 0x85FD, 0x861D, 0x861D, 0x861D, 0x861D, 0x861D, 0x861D, 0x861E,
    0xFE3B, 0xFE1B, 0xFE1B, 0xFDFA, 0xFDFA, 0xFDFB, 0xFDFB, 0xFDFB, 0xFDFB, 0xFDFA, 0xFDFA, 0xFDFB, 0xFE3B, 0xFE5B, 0xFE5C, 0xFE5B,
    0xFE3B, 0xFE1B, 0xFE1B, 0xFE1B, 0xFE3B, 0xFE9C, 0xFEBC, 0xFEBC, 0xF6BC, 0xF69C, 0xF69C, 0xF67C, 0xF67C, 0xF67B, 0xF67B, 0xF67C,
    0xE69C, 0xD67C, 0xD67D, 0xDE9D, 0xC67C, 0x9E1D, 0x8DFE, 0x85FD, 0x85FD, 0x85FD, 0x85FD, 0x85FD, 0x861D, 0x85FD, 0x861D, 0x861E,
    0x85FD, 0x85FD, 0x861D, 0x85FD, 0x85FD, 0x861D, 0x861D, 0x85FD, 0x861D, 0x861D, 0x85FD, 0x85FD, 0x861D, 0x861D, 0x861D, 0x861D,
    0x861D, 0x85FD, 0x85FD, 0x85FE, 0x85FE, 0x861D, 0x861D, 0x861D, 0x861E, 0x861D, 0x861D, 0x861E, 0x85FD, 0x85FD, 0x861D, 0x861D,
    0x861D, 0x861D, 0x85FD, 0x85FD, 0x861D, 0x861D, 0x861D, 0x861D, 0x861E, 0x861D, 0x861D, 0x861D, 0x85FD, 0x85FD, 0x85FD, 0x85FE,
    0x861D, 0x861D, 0x861D, 0x861D, 0x861D, 0x861D, 0x861D, 0x861D, 0x861D, 0x861D, 0x861D, 0x85FD, 0x85FE, 0x861D, 0x861D, 0x85FD,
    0x85FD, 0x8E3E, 0x7C97, 0xDC14, 0xFCF7, 0xF4D7, 0xFCD7, 0xFCD7, 0xFCD7, 0xFCD7, 0xFCD7, 0xF4D7, 0xFCD7, 0xFCD6, 0xFCD7, 0xFCD7,
    0xFCD7, 0xF4D7, 0xFCD7, 0xFCD6, 0xF4D7, 0xFCD7, 0xFCD7, 0xFCD7, 0xFCD7, 0xFCD7, 0xFCD7, 0xFCD7, 0xFCD7, 0xFCD7, 0xFCD7, 0xFCD7,
    0xFCD7, 0xFCF6, 0xFCD7, 0xFCD7, 0xFCD7, 0xF4D7, 0xFCD6, 0xF4D6, 0xFCF7, 0xEC75, 0x8392, 0x7DDD, 0x861D, 0x85FD, 0x85FD, 0x85FD,
    0x85FD, 0x85FD, 0x85FD, 0x85FD, 0x85FD, 0x85FD, 0x85FD, 0x85FD, 0x85FD, 0x85FE, 0x85FD, 0x861D, 0x85FD, 0x85FD, 0x85FD, 0x85FD,
    0x85FE, 0x85FD, 0x85FD, 0x85FD, 0x85FD, 0x85FD, 0x85FD, 0x85FD, 0x85FD, 0x85FD, 0x85FD, 0x85DD, 0x861E, 0x861D, 0x7539, 0x8C75,
    0xBC54, 0xE4D6, 0xFD18, 0xFD18, 0xFCF7, 0xF4D7, 0xF4B6, 0xF4D6, 0xFCB7, 0xF4D7, 0xF4D7, 0xF4D7, 0xF4D7, 0xF4D7, 0xF4D6, 0xF4B6,
    0xF4D7, 0xFCB7, 0xF4D6, 0xF4B6, 0xFCD7, 0xCC55, 0x859B, 0x861D, 0x85FD, 0x85FD, 0x85FD, 0x85FD, 0x861D, 0x85FD, 0x861D, 0x861D,
    0x861D, 0x861D, 0x861D, 0x861D, 0x861D, 0x861D, 0x861D, 0x861D, 0x861D, 0x861D, 0x861D, 0x861D, 0x861D, 0x861D, 0x861D, 0x861E,
    0xFE1B, 0xFDFB, 0xFDFA, 0xFDFB, 0xFDFB, 0xFDFB, 0xFE1A, 0xFDFB, 0xFDFB, 0xFDFB, 0xFDFB, 0xFDFB, 0xFE1B, 0xFE1B, 0xFE1B, 0xFE1B,
    0xFE1B, 0xFE1A, 0xFDFB, 0xFE1B, 0xFE7B, 0xFE9C, 0xFE9C, 0xFE7C, 0xF67C, 0xF67B, 0xFE5B, 0xF65B, 0xF63B, 0xF63C, 0xF65C, 0xEE7C,
    0xD65C, 0xC67C, 0xCE7D, 0xC65D, 0xA61D, 0x8DFD, 0x8DFD, 0x85FD, 0x85FD, 0x8DFD, 0x961D, 0x9E1D, 0x961D, 0x861D, 0x861D, 0x861D,
    0x8DFD, 0x85FD, 0x861D, 0x85FD, 0x85FD, 0x861D, 0x861D, 0x861D, 0x861D, 0x861D, 0x861D, 0x85FD, 0x861D, 0x85FD, 0x85FD, 0x861D,
    0x85FD, 0x85FD, 0x861D, 0x861D, 0x85FD, 0x861E, 0x861D, 0x861D, 0x861D, 0x861D, 0x861D, 0x861D, 0x85FD, 0x861D, 0x861D, 0x861D,
    0x861D, 0x861D, 0x85FD, 0x861D, 0x85FE, 0x861D, 0x861D, 0x861D, 0x861D, 0x861D, 0x861D, 0x861D, 0x85FD, 0x85FD, 0x85FD, 0x861D,
    0x861D, 0x861D, 0x861D, 0x861D, 0x861D, 0x861D, 0x861D, 0x861D, 0x861E, 0x861D, 0x85FD, 0x85FD, 0x85FD, 0x85FD, 0x85FD, 0x85FD,
    0x85FD, 0x8E3E, 0x7C75, 0xE434, 0xFCF7, 0xF4D6, 0xF4D6, 0xFCD7, 0xF4D7, 0xFCD7, 0xFCD7, 0xFCD7, 0xFCD7, 0xFCD7, 0xFCD7, 0xFCD7,
    0xFCD7, 0xFCD7, 0xFCD7, 0xFCD7, 0xFCD7, 0xFCD7, 0xFCD7, 0xFCD6, 0xFCD6, 0xFCD7, 0xFCD6, 0xF4D6, 0xFCD7, 0xFCD7, 0xFCD7, 0xFCD7,
    0xFCD7, 0xFCD7, 0xFCD7, 0xFCD7, 0xFCD7, 0xF4D7, 0xF4D7, 0xF4D7, 0xF4D6, 0xFD17, 0xE434, 0x73B2, 0x861E, 0x85FD, 0x85FD, 0x85FD,
    0x85FD, 0x85FD, 0x861D, 0x85FD, 0x85FD, 0x85FD, 0x85FD, 0x861D, 0x861D, 0x85FD, 0x85FD, 0x85FD, 0x85FD, 0x85FD, 0x85FD, 0x85FD,
    0x861D, 0x861D, 0x85FD, 0x85FD, 0x85FD, 0x85FD, 0x85FD, 0x85FD, 0x85FD, 0x85DD, 0x861D, 0x863E, 0x7D3A, 0x8413, 0xBC34, 0xF4F7,
    0xFD17, 0xFCF7, 0xF4D7, 0xF4B6, 0xF4D6, 0xFCD7, 0xFCD7, 0xFCD6, 0xFCD7, 0xFCD7, 0xF4D7, 0xF4D7, 0xF4D6, 0xF4D7, 0xF4D6, 0xF4D7,
    0xF4D6, 0xF4D7, 0xF4D7, 0xF4D7, 0xFCD7, 0xEC75, 0x84B6, 0x863E, 0x85FD, 0x85FD, 0x85FD, 0x861D, 0x85FD, 0x85FD, 0x861D, 0x861D,
    0x861D, 0x861D, 0x861D, 0x861D, 0x861D, 0x861D, 0x861D, 0x861D, 0x861D, 0x861D, 0x861D, 0x861D, 0x861D, 0x861D, 0x861E, 0x861E,
    0xFE1B, 0xFDDB, 0xFDFB, 0xFDFB, 0xFDFB, 0xFDFA, 0xFDFA, 0xFDFA, 0xFDDA, 0xFDDB, 0xFDDB, 0xFDFB, 0xFDFB, 0xFDFB, 0xFDFA, 0xFDFB,
    0xFDFB, 0xFDFB, 0xFE1B, 0xFE5B, 0xFE9C, 0xFE9C, 0xFE7C, 0xFE7C, 0xFE7C, 0xF63B, 0xF63B, 0xF61B, 0xF61B, 0xF63B, 0xF65C, 0xDE5C,
    0xC63D, 0xBE5D, 0xBE5D, 0xB65D, 0x9E1D, 0x8DFD, 0x8DFD, 0x85FD, 0x8E1D, 0x9E1D, 0xBE3D, 0xBE5D, 0xAE3D, 0x961D, 0x8E1D, 0x8E1D,
    0x8DFD, 0x861D, 0x85FD, 0x861D, 0x861D, 0x85FD, 0x861D, 0x861D, 0x85FE, 0x861D, 0x85FD, 0x85FD, 0x861D, 0x85FD, 0x85FE, 0x85FD,
    0x861D, 0x861D, 0x861D, 0x861D, 0x861D, 0x861D, 0x861D, 0x861D, 0x861D, 0x861D, 0x861D, 0x861D, 0x85FE, 0x85FD, 0x861D, 0x8E1D,
    0x861D, 0x861D, 0x85FD, 0x861D, 0x85FD, 0x861D, 0x861D, 0x861D, 0x861D, 0x861D, 0x861D, 0x861D, 0x861D, 0x85FD, 0x85FD, 0x861D,
    0x861D, 0x861D, 0x861D, 0x861D, 0x861D, 0x861D, 0x861D, 0x861D, 0x861D, 0x861D, 0x8DFD, 0x85FD, 0x85FD, 0x85FD, 0x85FD, 0x85FD,
    0x85FD, 0x863E, 0x7C55, 0xE454, 0xFCF7, 0xF4D7, 0xFCD6, 0xFCD7, 0xF4D7, 0xFCD7, 0xFCD7, 0xFCD7, 0xFCD6, 0xFCD7, 0xFCD7, 0xFCD7,
    0xFCD7, 0xFCD7, 0xFCD7, 0xFCD7, 0xFCD7, 0xFCD7, 0xFCD7, 0xFCD6, 0xFCD7, 0xFCD7, 0xFCD6, 0xFCD7, 0xF4D7, 0xFCD7, 0xFCD7, 0xF4D7,
    0xFCD7, 0xFCD7, 0xFCD7, 0xFCD7, 0xFCD7, 0xF4D7, 0xF4D7, 0xF4D7, 0xF4D7, 0xF4D6, 0xFCF8, 0xCBF2, 0x6C75, 0x8E3F, 0x85DD, 0x85FD,
    0x85FD, 0x85FD, 0x861D, 0x85FD, 0x85FD, 0x85FD, 0x85FD, 0x85FD, 0x85FD, 0x85FD, 0x85FD, 0x85FD, 0x85FD, 0x85FD, 0x85FD, 0x85FD,
    0x85FD, 0x85FD, 0x85FD, 0x85FD, 0x85FD, 0x85FD, 0x85FD, 0x85FD, 0x85DD, 0x8E3E, 0x7D9C, 0x7C34, 0xB433, 0xF4D6, 0xFD18, 0xFCD7,
    0xF4B6, 0xF4B6, 0xFCB7, 0xF4B7, 0xF4D6, 0xF4D7, 0xF4D7, 0xFCD6, 0xFCD7, 0xFCD7, 0xFCD6, 0xFCD7, 0xF4D7, 0xF4D6, 0xF4D6, 0xFCD7,
    0xFCD7, 0xF4D7, 0xF4D7, 0xFCD7, 0xF4B6, 0xFCB6, 0xA3F3, 0x7DDD, 0x861D, 0x85FD, 0x85FE, 0x85FD, 0x85FD, 0x85FD, 0x861D, 0x861D,
    0x861D, 0x861D, 0x861D, 0x861D, 0x861D, 0x861D, 0x861D, 0x861D, 0x85FD, 0x861D, 0x861D, 0x861D, 0x861D, 0x861D, 0x861D, 0x861E,
    0xFDFB, 0xFDDA, 0xFDDB, 0xFDDB, 0xFDDB, 0xFDDA, 0xFDDA, 0xFDDA, 0xFDDA, 0xFDDB, 0xFDDB, 0xFDFB, 0xFDFB, 0xFDFB, 0xFDFB, 0xFDFB,
    0xFDFA, 0xFDFB, 0xFE1B, 0xFE7C, 0xFEBC, 0xFEBC, 0xFE9C, 0xFE7B, 0xFE5B, 0xF65B, 0xF63C, 0xEE3C, 0xEE3C, 0xE65C, 0xCE3D, 0xB63C,
    0xBE5C, 0xBE5D, 0xB65D, 0xAE3D, 0x961D, 0x8E1D, 0x8DFD, 0x85FD, 0x95FD, 0xBE3D, 0xC65D, 0xC65D, 0xBE3D, 0xB63D, 0xAE3D, 0x9E1D,
    0x8DFD, 0x8E1D, 0x8DFD, 0x861D, 0x861D, 0x861E, 0x85FD, 0x85FD, 0x85FD, 0x85FD, 0x85FD, 0x861D, 0x85FD, 0x861D, 0x861D, 0x861D,
    0x861D, 0x861D, 0x861D, 0x861D, 0x861D, 0x861D, 0x861D, 0x85FD, 0x85FD, 0x85FD, 0x861D, 0x85FD, 0x85FD, 0x85FD, 0x861D, 0x861D,
    0x861D, 0x861D, 0x861D, 0x85FD, 0x85FD, 0x85FD, 0x861D, 0x861D, 0x861D, 0x861D, 0x85FD, 0x85FD, 0x861D, 0x861D, 0x85FE, 0x861D,
    0x861D, 0x861D, 0x85FD, 0x861D, 0x85FD, 0x85FD, 0x861D, 0x861D, 0x861D, 0x85FD, 0x85FD, 0x85FD, 0x85FD, 0x85FD, 0x85FD, 0x85FD,
    0x85FD, 0x863E, 0x7C35, 0xEC55, 0xFCF7, 0xF4D7, 0xFCD7, 0xFCD7, 0xF4D7, 0xFCD7, 0xFCD6, 0xFCD7, 0xFCD7, 0xFCD7, 0xFCD7, 0xFCD7,
    0xFCD6, 0xF4D7, 0xF4D7, 0xFCD7, 0xFCD7, 0xFCD7, 0xF4D7, 0xFCD7, 0xFCD7, 0xFCD7, 0xFCD7, 0xFCD7, 0xFCD6, 0xFCD7, 0xF4D6, 0xF4D7,
    0xFCD7, 0xFCD7, 0xF4D7, 0xFCD7, 0xFCD7, 0xFCD7, 0xFCD7, 0xFCD7, 0xF4D7, 0xFCD7, 0xF4D7, 0xFCF8, 0xAB91, 0x74F8, 0x863E, 0x85FD,
    0x85FD, 0x85FD, 0x85FD, 0x861D, 0x85FD, 0x85FD, 0x85FD, 0x85FD, 0x85FD, 0x861D, 0x85FD, 0x85FD, 0x85FD, 0x861D, 0x85FD, 0x85FD,
    0x85FD, 0x85FD, 0x85FD, 0x85FD, 0x85FD, 0x85FD, 0x85DD, 0x85FD, 0x861E, 0x74F7, 0x93D2, 0xE4B6, 0xFD38, 0xFCF7, 0xF4B6, 0xF4D7,
    0xF4D7, 0xF4D6, 0xFCD7, 0xFCB7, 0xFCD7, 0xFCD7, 0xF4D7, 0xF4D7, 0xFCD7, 0xFCD7, 0xFCD7, 0xFCD6, 0xF4D7, 0xFCD7, 0xF4D7, 0xFCD7,
    0xFCD7, 0xFCD6, 0xF4D7, 0xFCD7, 0xF4B7, 0xFCD7, 0xC3F3, 0x7519, 0x8E3E, 0x85FD, 0x85FD, 0x85FD, 0x85FD, 0x861D, 0x861D, 0x861D,
    0x861D, 0x85FD, 0x861D, 0x85FD, 0x85FD, 0x861D, 0x861D, 0x861D, 0x861D, 0x85FD, 0x861D, 0x861D, 0x861D, 0x861D, 0x861D, 0x861D,
    0xFE1B, 0xFDFB, 0xFDDA, 0xFDDA, 0xFDDA, 0xFDDA, 0xFDBA, 0xFDBA, 0xFDBA, 0xFDDA, 0xFDDA, 0xFDDA, 0xFDFB, 0xFDFA, 0xFDFA, 0xFDDA,
    0xFDDB, 0xFDDB, 0xFDFB, 0xFE3B, 0xFE5B, 0xFE5B, 0xFE7C, 0xF67B, 0xF65B, 0xF67C, 0xF69C, 0xDE5C, 0xC63C, 0xBE3C, 0xAE1D, 0xA61D,
    0xAE3D, 0xAE3D, 0xA61D, 0x961D, 0x8DFD, 0x8DFE, 0x961D, 0x9E1D, 0xBE3D, 0xDE7D, 0xCE5C, 0xBE5C, 0xBE5D, 0xBE3D, 0xBE3D, 0xAE1D,
    0x961D, 0x8E1D, 0x8E1D, 0x861D, 0x861D, 0x861D, 0x861D, 0x85FD, 0x85FD, 0x85FE, 0x85FD, 0x85FD, 0x85FE, 0x85FD, 0x861D, 0x861D,
    0x861D, 0x861D, 0x861D, 0x861D, 0x861D, 0x861D, 0x861D, 0x85FD, 0x85FD, 0x85FD, 0x861D, 0x861D, 0x85FD, 0x85FE, 0x85FE, 0x861D,
    0x861D, 0x861D, 0x861D, 0x85FD, 0x85FD, 0x85FD, 0x85FD, 0x861D, 0x861D, 0x861D, 0x861D, 0x85FD, 0x861D, 0x861D, 0x861D, 0x861D,
    0x861D, 0x85FD, 0x85FE, 0x861D, 0x861D, 0x85FE, 0x861D, 0x85FD, 0x861D, 0x861D, 0x85FD, 0x85FE, 0x85FD, 0x85FD, 0x861D, 0x85FD,
    0x8DFD, 0x863E, 0x8454, 0xEC54, 0xFCF7, 0xF4D7, 0xFCD7, 0xFCD7, 0xF4D7, 0xFCD7, 0xFCD7, 0xFCD7, 0xFCD6, 0xFCD7, 0xFCD7, 0xFCD7,
    0xFCD7, 0xF4D7, 0xF4D6, 0xF4D7, 0xFCD7, 0xFCD7, 0xFCD7, 0xFCD6, 0xFCD7, 0xFCD7, 0xFCD7, 0xFCD7, 0xFCD7, 0xFCD7, 0xFCD7, 0xF4D6,
    0xFCD7, 0xFCD7, 0xFCD7, 0xFCD7, 0xFCD7, 0xFCD7, 0xFCD7, 0xFCD7, 0xFCD7, 0xFCD7, 0xF4D7, 0xF4D7, 0xFCB6, 0x8B71, 0x7DDC, 0x861E,
    0x85FD, 0x85FD, 0x85FE, 0x85FD, 0x85FD, 0x85FD, 0x85FD, 0x85FD, 0x85FD, 0x85FD, 0x85FD, 0x861D, 0x85FD, 0x85FD, 0x85FD, 0x85FD,
    0x861D, 0x861D, 0x85FD, 0x85FE, 0x85FD, 0x85FD, 0x861E, 0x85FD, 0x7C34, 0xBBF2, 0xFD17, 0xFCF8, 0xF4B7, 0xF4D6, 0xFCD7, 0xFCD6,
    0xFCD7, 0xFCD7, 0xFCD7, 0xFCD6, 0xFCD6, 0xFCD7, 0xFCD7, 0xFCD7, 0xFCD7, 0xFCD7, 0xFCD7, 0xF4D7, 0xF4D7, 0xFCD6, 0xFCD7, 0xFCD7,
    0xFCD7, 0xFCD7, 0xFCD7, 0xFCD6, 0xF4B6, 0xFCD7, 0xE434, 0x7C76, 0x863E, 0x85FD, 0x85FD, 0x85FE, 0x85FD, 0x861D, 0x861D, 0x861D,
    0x861D, 0x861D, 0x861D, 0x861D, 0x85FD, 0x861D, 0x861D, 0x861D, 0x861D, 0x861D, 0x861D, 0x861D, 0x85FD, 0x861D, 0x861D, 0x861D,
    0xFE1B, 0xFDFA, 0xFDDA, 0xFDDB, 0xFDDA, 0xFDDA, 0xFDDA, 0xFDBA, 0xFDBA, 0xFDDA, 0xFDBA, 0xFDDA, 0xFDDB, 0xFDDB, 0xFDDB, 0xFDDA,
    0xFDDA, 0xFDDB, 0xFDDA, 0xFE1B, 0xFE3B, 0xFE1B, 0xFE3B, 0xFE5B, 0xFE5B, 0xF65B, 0xFE9C, 0xE67C, 0xCE3C, 0xD65C, 0xCE5C, 0xC63D,
    0xB63D, 0x9E1C, 0x9DFD, 0xAE1D, 0xAE1C, 0xB61D, 0xCE5C, 0xDE5C, 0xE69C, 0xF6BD, 0xE69C, 0xCE5C, 0xC63C, 0xBE3D, 0xBE3D, 0xAE3D,
    0x9E1D, 0x961D, 0x8E1D, 0x861D, 0x8E1D, 0x8DFE, 0x861D, 0x861D, 0x861D, 0x861D, 0x8DFD, 0x8DFD, 0x85FD, 0x861D, 0x861D, 0x861D,
    0x861D, 0x861D, 0x861D, 0x861D, 0x861D, 0x861D, 0x861D, 0x85FD, 0x85FD, 0x85FE, 0x861D, 0x861D, 0x861D, 0x85FD, 0x85FD, 0x861D,
    0x861D, 0x861D, 0x861D, 0x85FD, 0x85FD, 0x85FD, 0x85FD, 0x861D, 0x861D, 0x861D, 0x861D, 0x85FD, 0x861D, 0x861D, 0x861D, 0x861D,
    0x861D, 0x861D, 0x85FD, 0x861D, 0x861D, 0x861D, 0x861D, 0x85FD, 0x85FD, 0x861D, 0x861D, 0x861D, 0x85FD, 0x85FD, 0x85FD, 0x85FD,
    0x8DFD, 0x863E, 0x8455, 0xEC75, 0xFCF7, 0xF4D6, 0xFCD7, 0xF4D7, 0xF4D6, 0xF4D6, 0xFCD7, 0xFCD7, 0xFCD7, 0xFCD7, 0xFCD7, 0xFCD7,
    0xFCD7, 0xF4D7, 0xF4D7, 0xF4D7, 0xFCD7, 0xFCD7, 0xFCB7, 0xFCD7, 0xFCD7, 0xFCD6, 0xFCD7, 0xFCD7, 0xFCD7, 0xFCD7, 0xFCD7, 0xF4D7,
    0xF4D7, 0xFCD7, 0xF4D7, 0xF4D7, 0xFCD7, 0xF4D7, 0xFCD7, 0xFCD7, 0xFCD7, 0xFCD7, 0xF4D7, 0xF4B6, 0xFCF7, 0xDC34, 0x73F3, 0x8E3E,
    0x85FD, 0x85FD, 0x85FD, 0x85FD, 0x85FD, 0x85FD, 0x85FD, 0x85FD, 0x85FD, 0x85FD, 0x85FD, 0x85FD, 0x85FD, 0x85FD, 0x85FD, 0x85FD,
    0x85FD, 0x85FD, 0x85FD, 0x85FD, 0x85FD, 0x8E1E, 0x7DBB, 0x7BD2, 0xDC74, 0xFD38, 0xF4D7, 0xF4B6, 0xFCD7, 0xF4D7, 0xF4D7, 0xFCD7,
    0xFCD7, 0xFCD7, 0xFCD7, 0xFCB7, 0xF4D7, 0xFCD7, 0xFCD6, 0xFCD7, 0xFCD7, 0xF4D7, 0xFCD6, 0xFCD7, 0xF4D7, 0xFCD7, 0xFCD7, 0xFCD7,
    0xFCD7, 0xFCD7, 0xF4D7, 0xFCD7, 0xFCB6, 0xFCB7, 0xFC96, 0x8BF3, 0x861D, 0x85FD, 0x85FD, 0x85FD, 0x861D, 0x861D, 0x861D, 0x861D,
    0x861D, 0x861D, 0x861D, 0x85FD, 0x861D, 0x861D, 0x861D, 0x861D, 0x861D, 0x861D, 0x861D, 0x861D, 0x861D, 0x861D, 0x861D, 0x8E1D,
    0xFDFA, 0xFDDA, 0xFDDA, 0xFDDA, 0xFDDA, 0xFDDA, 0xFDBA, 0xFDBA, 0xFDBA, 0xFDDA, 0xFDDA, 0xFDDB, 0xFDDA, 0xFDDB, 0xFDDB, 0xFDDA,
    0xFDDA, 0xFDDA, 0xFDFB, 0xFE1B, 0xFE3B, 0xFE1B, 0xFE1B, 0xFE1B, 0xFE1B, 0xF63B, 0xF65C, 0xEE5C, 0xE67C, 0xEE9C, 0xEE9C, 0xEE9C,
    0xDE7C, 0xBE3C, 0xCE3C, 0xE67C, 0xE67C, 0xE67C, 0xEE9C, 0xF69C, 0xF6BC, 0xF6DC, 0xF6DC, 0xEEBD, 0xDE7C, 0xC63C, 0xB61C, 0xAE1D,
    0xAE1D, 0xA61D, 0x9E1D, 0x961D, 0xA61D, 0xA61D, 0x95FD, 0x8DFD, 0x8E1D, 0x861D, 0x85FD, 0x85FD, 0x861D, 0x85FD, 0x85FD, 0x85FD,
    0x861D, 0x861D, 0x861D, 0x861D, 0x85FD, 0x861D, 0x861D, 0x85FD, 0x861D, 0x861D, 0x861D, 0x861D, 0x861D, 0x861D, 0x861D, 0x85FD,
    0x85FD, 0x861D, 0x861D, 0x861D, 0x8E1D, 0x85FD, 0x85FD, 0x861D, 0x861D, 0x861D, 0x861D, 0x861D, 0x861D, 0x861D, 0x861D, 0x861D,
    0x861D, 0x8E1D, 0x861D, 0x861E, 0x861D, 0x861D, 0x861D, 0x85FD, 0x861D, 0x861D, 0x861D, 0x861D, 0x85FD, 0x861D, 0x85FD, 0x85FD,
    0x85FD, 0x863E, 0x7C75, 0xE454, 0xFCF7, 0xF4D6, 0xF4D6, 0xFCD7, 0xF4B6, 0xF4B6, 0xFCD7, 0xFCD6, 0xFCD7, 0xFCD7, 0xFCD6, 0xFCD7,
    0xFCD7, 0xF4D7, 0xFCD7, 0xFCD6, 0xFCD7, 0xFCD7, 0xFCD7, 0xFCD7, 0xFCD7, 0xFCD6, 0xF4D6, 0xFCD7, 0xFCD7, 0xFCD6, 0xFCD7, 0xF4D6,
    0xF4D7, 0xFCD7, 0xFCD7, 0xFCD7, 0xFCD7, 0xFCD7, 0xFCD7, 0xFCD6, 0xFCD7, 0xFCD7, 0xFCD7, 0xFCD7, 0xF4D7, 0xFD17, 0xB392, 0x74F9,
    0x8E1E, 0x85FD, 0x85FD, 0x85FD, 0x85FD, 0x85FD, 0x85FD, 0x85FD, 0x85FD, 0x85FD, 0x85FD, 0x861D, 0x85FD, 0x85FD, 0x85FD, 0x85FD,
    0x85FD, 0x85FD, 0x85FD, 0x85FD, 0x8E1E, 0x7D9B, 0x83B1, 0xEC96, 0xFD18, 0xF4B6, 0xF4D6, 0xFCD6, 0xFCD7, 0xF4D7, 0xF4D7, 0xFCD7,
    0xFCD6, 0xFCD7, 0xFCD7, 0xF4D7, 0xFCD7, 0xFCD7, 0xFCD6, 0xFCD6, 0xFCD7, 0xF4D7, 0xF4D6, 0xFCD7, 0xF4D6, 0xF4D7, 0xFCD7, 0xF4D6,
    0xFCD7, 0xFCD6, 0xFCD6, 0xFCD7, 0xFCD6, 0xF4B7, 0xFCD7, 0x9BD2, 0x7DBC, 0x8E1E, 0x85FD, 0x85FD, 0x85FD, 0x85FD, 0x861D, 0x861D,
    0x85FD, 0x861D, 0x861D, 0x861D, 0x861D, 0x861D, 0x861D, 0x861D, 0x861D, 0x861D, 0x861D, 0x861D, 0x861D, 0x861D, 0x861D, 0x8E1D,
    0xFDBA, 0xFDBA, 0xFDBA, 0xFDBA, 0xFDBA, 0xFDBB, 0xFDBA, 0xFDBA, 0xFDBB, 0xFDBA, 0xFDBA, 0xFDBA, 0xFDDA, 0xFDDA, 0xFDDA, 0xFDDA,
    0xFDDB, 0xFDFB, 0xFE1B, 0xFE3B, 0xFE3B, 0xFE1B, 0xFDFB, 0xFDFB, 0xF61B, 0xFE1B, 0xF63B, 0xF65C, 0xF67C, 0xF67C, 0xF67C, 0xF67C,
    0xEE7C, 0xE65C, 0xE65C, 0xEE7C, 0xF69C, 0xF6BD, 0xF6DC, 0xF6DC, 0xF6DC, 0xF6BC, 0xF6BC, 0xF6BD, 0xF6BC, 0xE69D, 0xC63D, 0xAE1C,
    0xAE1D, 0xB61D, 0xB63D, 0xB63D, 0xB63D, 0xB63D, 0xA61D, 0x8DFD, 0x85FD, 0x8DFD, 0x861D, 0x861D, 0x861D, 0x861D, 0x85FD, 0x85FD,
    0x861D, 0x861D, 0x861E, 0x861D, 0x85FD, 0x85FE, 0x85FD, 0x85FD, 0x861D, 0x861D, 0x861D, 0x861D, 0x861D, 0x861E, 0x861D, 0x861D,
    0x85FD, 0x861D, 0x861D, 0x85FD, 0x861D, 0x861D, 0x861E, 0x861D, 0x85FD, 0x85FE, 0x85FD, 0x85FD, 0x8DFD, 0x85FD, 0x861D, 0x861D,
    0x861D, 0x861E, 0x861D, 0x861D, 0x861D, 0x861D, 0x861D, 0x85FE, 0x861D, 0x861D, 0x85FE, 0x861D, 0x85FD, 0x85FE, 0x85FD, 0x85FD,
    0x85FD, 0x8E3E, 0x7C96, 0xE434, 0xFCF7, 0xF4B7, 0xFCD7, 0xFCD6, 0xF495, 0xFCD7, 0xFCD7, 0xFCD7, 0xFCD7, 0xFCD7, 0xFCD7, 0xFCD7,
    0xFCD7, 0xFCD7, 0xFCD7, 0xFCD7, 0xFCD7, 0xFCD7, 0xFCD7, 0xFCD6, 0xFCD7, 0xFCD7, 0xFCD7, 0xFCD6, 0xFCD7, 0xFCD7, 0xFCD7, 0xF4D7,
    0xFCD7, 0xFCD7, 0xFCD7, 0xFCD7, 0xFCD7, 0xFCD7, 0xFCD7, 0xFCD7, 0xF4D7, 0xFCD7, 0xFCD7, 0xFCD7, 0xF4D7, 0xFCD7, 0xF4B6, 0x83B1,
    0x85FD, 0x85FD, 0x85FD, 0x85FD, 0x85FD, 0x85FD, 0x85FD, 0x85FD, 0x861D, 0x85FD, 0x85FE, 0x85FD, 0x85FD, 0x85FD, 0x85FD, 0x85FD,
    0x85FD, 0x85FD, 0x85FD, 0x8E1D, 0x7DBB, 0x83B1, 0xF4B6, 0xFCF7, 0xF4B7, 0xFCB7, 0xFCB7, 0xF4D7, 0xFCD7, 0xF4D7, 0xFCD7, 0xFCB7,
    0xF4D6, 0xFCD7, 0xFCD7, 0xF4D6, 0xFCD6, 0xFCD7, 0xFCD7, 0xFCD7, 0xFCD6, 0xFCD7, 0xF4D7, 0xF4D7, 0xF4D7, 0xF4D7, 0xF4D6, 0xF4D7,
    0xFCD7, 0xFCD6, 0xFCD7, 0xFCD7, 0xFCD6, 0xF4B6, 0xFCF8, 0xBBD2, 0x7D5A, 0x8E3E, 0x85FD, 0x85FD, 0x861D, 0x85FD, 0x861D, 0x861D,
    0x861D, 0x861D, 0x861D, 0x861D, 0x861D, 0x861D, 0x861D, 0x861D, 0x861D, 0x861D, 0x861D, 0x861D, 0x861D, 0x861E, 0x861E, 0x8E1E,
    0xFDDA, 0xFDBA, 0xFDBA, 0xFDBA, 0xFDBA, 0xFDBA, 0xFDBA, 0xFDBA, 0xFDBA, 0xFDBA, 0xFDBA, 0xFDBA, 0xFDDA, 0xFDBA, 0xFDDA, 0xFDDA,
    0xFDFA, 0xFE1B, 0xFE1B, 0xFE1B, 0xFE1B, 0xFE1B, 0xFDFB, 0xFE1B, 0xF61B, 0xFDFB, 0xFE1B, 0xF63B, 0xF63B, 0xF63B, 0xF63B, 0xF65C,
    0xF67C, 0xEE7C, 0xF67C, 0xF6BC, 0xFEBC, 0xF6BC, 0xF6BC, 0xFEBC, 0xF6BC, 0xF69C, 0xF69C, 0xF69C, 0xF6BC, 0xF6BC, 0xDE5D, 0xBE3C,
    0xB63C, 0xBE3D, 0xC65C, 0xC63C, 0xBE3C, 0xBE3D, 0xAE1D, 0x95FD, 0x861D, 0x8E1D, 0x8DFD, 0x8DFD, 0x8E1D, 0x861D, 0x861D, 0x8DFE,
    0x8E1D, 0x861D, 0x861E, 0x861D, 0x861D, 0x861D, 0x861D, 0x861D, 0x861D, 0x85FD, 0x861D, 0x861D, 0x8E1D, 0x8E1D, 0x8E1D, 0x85FD,
    0x85FD, 0x85FD, 0x861D, 0x85FD, 0x8DFD, 0x861D, 0x861D, 0x861D, 0x861D, 0x861D, 0x861D, 0x85FD, 0x861D, 0x861D, 0x861D, 0x861D,
    0x861D, 0x861D, 0x861D, 0x8E1D, 0x8E1D, 0x861D, 0x861D, 0x861D, 0x85FD, 0x861D, 0x861D, 0x85FD, 0x861D, 0x861D, 0x85FD, 0x85FD,
    0x85FD, 0x8E3E, 0x7CD8, 0xD414, 0xFCF7, 0xF4B6, 0xFCD7, 0xF496, 0xF496, 0xFCD7, 0xFCD6, 0xFCD6, 0xFCD7, 0xFCD6, 0xFCD7, 0xFCD7,
    0xFCD6, 0xFCD7, 0xFCD7, 0xFCD7, 0xFCD6, 0xFCD6, 0xFCD7, 0xFCD7, 0xFCD7, 0xF4D6, 0xFCD7, 0xFCD7, 0xFCD7, 0xF4D7, 0xF4D6, 0xF4D6,
    0xF4D7, 0xFCD7, 0xF4D6, 0xF4D7, 0xFCD6, 0xFCD7, 0xFCD7, 0xFCD7, 0xF4D7, 0xFCF7, 0xFCD7, 0xFCD7, 0xFCD6, 0xF4D7, 0xFCF7, 0xCBF2,
    0x74D7, 0x8E3E, 0x85FD, 0x861D, 0x85FD, 0x85FD, 0x85FD, 0x85FD, 0x85FD, 0x85FD, 0x85FD, 0x85FD, 0x85FD, 0x861D, 0x85FD, 0x85FD,
    0x85FD, 0x85FD, 0x861D, 0x85DC, 0x7BB1, 0xECB6, 0xFCF8, 0xF4B6, 0xF4B7, 0xFCB7, 0xFCD6, 0xF4D7, 0xFCD7, 0xF4D6, 0xF4D7, 0xF4D7,
    0xF4D6, 0xF4D6, 0xFCD7, 0xFCD7, 0xFCD7, 0xFCD7, 0xFCD6, 0xF4D7, 0xF4B7, 0xF4B7, 0xFCD7, 0xF4D6, 0xFCD6, 0xFCD7, 0xF4D6, 0xF4D6,
    0xFCD7, 0xF4D6, 0xFCD7, 0xFCD7, 0xFCD6, 0xF4B6, 0xFCF7, 0xCBF2, 0x74D8, 0x8E3E, 0x85FD, 0x85FD, 0x85FD, 0x861D, 0x861D, 0x861D,
    0x861D, 0x861D, 0x861D, 0x861D, 0x861D, 0x861E, 0x861D, 0x861E, 0x861D, 0x861D, 0x861D, 0x861D, 0x861D, 0x861D, 0x861D, 0x8E1D,
    0xFDBA, 0xFDBA, 0xFDBA, 0xFDBA, 0xFD9A, 0xFDBA, 0xFDBA, 0xFDBA, 0xFDBA, 0xFDBA, 0xFDBA, 0xFDDA, 0xFDDA, 0xFDDA, 0xFDDB, 0xFDFB,
    0xFDFB, 0xFDFB, 0xFDFB, 0xFDFB, 0xFDFB, 0xFDFB, 0xF5FB, 0xFE1B, 0xFE1B, 0xFE1B, 0xF61B, 0xF5FB, 0xF61B, 0xF61B, 0xF63B, 0xF65B,
    0xF67C, 0xF67B, 0xF69C, 0xF69C, 0xFE7C, 0xF67C, 0xFE7C, 0xFE7C, 0xF67C, 0xF67C, 0xF69C, 0xF69C, 0xF69C, 0xF69C, 0xE67C, 0xC63C,
    0xBE3C, 0xC63D, 0xC65C, 0xC63D, 0xB63D, 0xB63C, 0xAE1D, 0x9E1D, 0x8E1D, 0x8DFD, 0x8E1D, 0x861D, 0x861E, 0x861D, 0x861D, 0x8E1D,
    0x8E1D, 0x8E1D, 0x8E1D, 0x861D, 0x861D, 0x861D, 0x85FD, 0x861D, 0x861D, 0x861D, 0x85FD, 0x861D, 0x8E1D, 0x861D, 0x861D, 0x85FD,
    0x85FD, 0x861D, 0x861D, 0x85FD, 0x861D, 0x85FD, 0x861D, 0x861D, 0x861D, 0x8E1D, 0x861D, 0x861D, 0x8E1D, 0x861D, 0x861D, 0x861D,
    0x861D, 0x85FD, 0x8E1D, 0x8E1D, 0x861D, 0x861D, 0x861D, 0x861D, 0x85FD, 0x85FD, 0x861D, 0x8DFD, 0x861D, 0x85FD, 0x861D, 0x8DFD,
    0x85FD, 0x8E3E, 0x7D3A, 0xCBF3, 0xFCF7, 0xF4D6, 0xF4B6, 0xEC75, 0xF4D7, 0xF4B7, 0xFCD6, 0xF4D6, 0xFCD7, 0xFCD7, 0xFCD7, 0xFCD7,
    0xFCD6, 0xFCD7, 0xFCD7, 0xFCD7, 0xFCD7, 0xFCD6, 0xFCD6, 0xFCD7, 0xFCD7, 0xF4D7, 0xFCD7, 0xFCD7, 0xFCD7, 0xFCD7, 0xF4D6, 0xF4D6,
    0xF4D7, 0xF4D7, 0xF4D7, 0xF4D7, 0xFCD6, 0xFCD7, 0xFCD7, 0xFCD7, 0xFCD7, 0xFCD7, 0xFCD6, 0xFCD7, 0xFCD7, 0xFCD7, 0xF4D7, 0xFCB6,
    0x8B92, 0x85DC, 0x85FD, 0x85FD, 0x85FD, 0x85FD, 0x85FD, 0x85FD, 0x85FD, 0x85FD, 0x85FD, 0x85FD, 0x85FD, 0x85FD, 0x85FD, 0x85FD,
    0x85FD, 0x85FD, 0x861D, 0x73F3, 0xDC54, 0xFD18, 0xF4D6, 0xFCD6, 0xF4D7, 0xFCD7, 0xFCD7, 0xF4D7, 0xFCD7, 0xFCD6, 0xF4D7, 0xF4D7,
    0xF4D7, 0xFCD7, 0xFCD7, 0xFCD6, 0xFCD7, 0xFCD7, 0xFCD7, 0xF4D7, 0xF4B7, 0xF4B7, 0xFCD7, 0xF4D6, 0xFCD6, 0xFCD7, 0xF4D7, 0xF4D6,
    0xFCD7, 0xFCD6, 0xF4D7, 0xF4D7, 0xFCB7, 0xF4B6, 0xFCF7, 0xDC33, 0x7C96, 0x863E, 0x85FD, 0x85FD, 0x85FD, 0x85FD, 0x85FD, 0x861D,
    0x861D, 0x861D, 0x85FD, 0x85FD, 0x861D, 0x8E1D, 0x8E1D, 0x8E1E, 0x861D, 0x861D, 0x861D, 0x861D, 0x861D, 0x861D, 0x8E1D, 0x8E1D,
    0xFDBB, 0xFDBA, 0xFDBA, 0xFDBA, 0xFDBA, 0xFDBA, 0xFDDB, 0xFDDA, 0xFDDA, 0xFDDA, 0xFDDA, 0xFDDB, 0xFDDB, 0xFDDB, 0xFDDB, 0xFDFB,
    0xFDFB, 0xF5FB, 0xFDFB, 0xFDFA, 0xF5FB, 0xF5FB, 0xF5FB, 0xF61B, 0xF5FB, 0xF5FB, 0xF5FB, 0xF5FB, 0xF61B, 0xF61B, 0xF63B, 0xF65C,
    0xF67C, 0xF67B, 0xF65B, 0xF65B, 0xF65B, 0xF65C, 0xF63B, 0xF63B, 0xF65B, 0xF67C, 0xF67C, 0xF67C, 0xF69C, 0xF69C, 0xDE5C, 0xBE3C,
    0xAE1C, 0xB63D, 0xB63D, 0xAE1D, 0xA61D, 0x9E1D, 0x9E1D, 0x961D, 0x8E1D, 0x85FE, 0x8DFD, 0x8E1D, 0x8E1D, 0x8E1D, 0x8E1D, 0x8E1D,
    0x8E1D, 0x8E1D, 0x861D, 0x861D, 0x861D, 0x861D, 0x861D, 0x861D, 0x85FD, 0x85FD, 0x861D, 0x861D, 0x8E1D, 0x861E, 0x861D, 0x85FD,
    0x861D, 0x85FD, 0x85FD, 0x861D, 0x861D, 0x85FD, 0x861D, 0x861E, 0x861D, 0x8E1D, 0x861D, 0x861D, 0x861E, 0x861E, 0x861D, 0x861D,
    0x861D, 0x861D, 0x861D, 0x861D, 0x861D, 0x8E1D, 0x861D, 0x861D, 0x861D, 0x861D, 0x85FD, 0x85FD, 0x861D, 0x861D, 0x861D, 0x8DFD,
    0x85FD, 0x8E1E, 0x7D9B, 0xBBF2, 0xFCD7, 0xF4B7, 0xEC55, 0xF4B6, 0xF4D6, 0xF4D7, 0xFCD7, 0xFCD7, 0xFCD6, 0xFCD7, 0xFCD7, 0xFCD7,
    0xFCD7, 0xFCD7, 0xFCD6, 0xFCD7, 0xFCD7, 0xFCD7, 0xFCD7, 0xFCD7, 0xFCD7, 0xFCD7, 0xFCD7, 0xFCD7, 0xFCD7, 0xFCD7, 0xF4D7, 0xF4B7,
    0xF4D6, 0xF4B6, 0xF4B6, 0xF4D7, 0xF4D7, 0xFCD7, 0xFCD6, 0xFCD6, 0xFCD7, 0xFCD7, 0xFCD7, 0xF4D7, 0xFCD7, 0xFCD7, 0xF4B7, 0xFCF7,
    0xCBD3, 0x7C97, 0x8E3E, 0x85FD, 0x85FD, 0x85FD, 0x85FD, 0x85FD, 0x85FD, 0x85FD, 0x85FD, 0x85FD, 0x85FD, 0x85FD, 0x85FD, 0x85FD,
    0x85FC, 0x8E3E, 0x7C96, 0xCC13, 0xFCF8, 0xF4D6, 0xFCD7, 0xFCD7, 0xFCD7, 0xFCD6, 0xFCD7, 0xF4D7, 0xF4D7, 0xF4D7, 0xF4D7, 0xFCD6,
    0xF4D7, 0xFCD7, 0xFCD7, 0xFCD7, 0xFCD7, 0xFCD7, 0xFCD7, 0xFCD7, 0xF4D7, 0xF4B6, 0xFCD7, 0xF4D7, 0xF4D7, 0xFCD6, 0xFCD7, 0xF4D7,
    0xFCD7, 0xF4D7, 0xF4D7, 0xF4D6, 0xF4B6, 0xF4B6, 0xFCD7, 0xE454, 0x7C55, 0x863E, 0x85FD, 0x85FD, 0x85FD, 0x85FD, 0x861D, 0x861D,
    0x861D, 0x861D, 0x861D, 0x861D, 0x861D, 0x8E1D, 0x8E1D, 0x8E1E, 0x861D, 0x861D, 0x8E1D, 0x861D, 0x861D, 0x8E1D, 0x8E1D, 0x8E1D,
    0xF5FB, 0xF5DB, 0xF5DB, 0xF5DB, 0xF5DB, 0xF5DB, 0xF5DB, 0xF5DB, 0xF5DB, 0xFDDB, 0xFDDA, 0xFDDB, 0xF5DB, 0xE5DB, 0xE5DB, 0xEDFB,
    0xF5FB, 0xFDFB, 0xFDFB, 0xF5FB, 0xF5FB, 0xF5FB, 0xF5FB, 0xF5FB, 0xF5FB, 0xF5FB, 0xFDFB, 0xF5FB, 0xFDFB, 0xFE1B, 0xF61B, 0xF63B,
    0xFE7C, 0xF67C, 0xF63C, 0xF63B, 0xF65B, 0xF63B, 0xF65C, 0xFE5C, 0xFE5B, 0xF65B, 0xF67B, 0xF67C, 0xF67C, 0xE65C, 0xCE3C, 0xA61D,
    0x9DFD, 0xAE1D, 0xB63C, 0xAE1D, 0x9E1D, 0x961D, 0x8E1D, 0x8E1D, 0x8E1D, 0x8E1D, 0x8DFD, 0x8DFE, 0x8E1D, 0x8E1D, 0x8E1D, 0x8E1D,
    0x8E1D, 0x8E1D, 0x861D, 0x861D, 0x861D, 0x8DFD, 0x861D, 0x861D, 0x861D, 0x861D, 0x861D, 0x8DFD, 0x8E1D, 0x8E1D, 0x8E1D, 0x85FE,
    0x861D, 0x861D, 0x861D, 0x861D, 0x85FD, 0x861D, 0x861D, 0x8E1D, 0x8E1D, 0x861D, 0x861D, 0x861D, 0x861D, 0x8E1D, 0x861D, 0x861D,
    0x861D, 0x861D, 0x861D, 0x8E1E, 0x8E1E, 0x8E1D, 0x861D, 0x861D, 0x861D, 0x861D, 0x861D, 0x861D, 0x861D, 0x8DFD, 0x8E1D, 0x8DFD,
    0x8E1D, 0x8E1D, 0x85DD, 0x9BF3, 0xFCD6, 0xEC75, 0xE455, 0xFCD7, 0xF4B7, 0xF4D6, 0xFCD7, 0xFCD7, 0xFCD7, 0xFCD7, 0xFCD7, 0xFCD7,
    0xFCD6, 0xFCD7, 0xFCD7, 0xFCD7, 0xFCD7, 0xFCD7, 0xF4D7, 0xF4D7, 0xFCD7, 0xFCD6, 0xFCD7, 0xFCD7, 0xFCD7, 0xFCD7, 0xF4D6, 0xF4B6,
    0xF4B6, 0xF4B7, 0xFCB7, 0xFCD7, 0xFCD7, 0xFCD7, 0xFCD7, 0xF4D7, 0xF4D6, 0xFCD7, 0xF4D7, 0xF4D7, 0xFCD7, 0xFCD6, 0xFCD7, 0xFCD7,
    0xFCB6, 0x8BB2, 0x85FD, 0x85FD, 0x85FD, 0x85FD, 0x85FD, 0x85FD, 0x85FD, 0x85FD, 0x85FD, 0x85FD, 0x85FD, 0x85FD, 0x85FD, 0x85FD,
    0x8E1E, 0x757A, 0xA3D1, 0xFD18, 0xF4B7, 0xF4D7, 0xFCD6, 0xF4D7, 0xF4D7, 0xFCD7, 0xFCD7, 0xF4D7, 0xFCD6, 0xF4D6, 0xF4D7, 0xFCB7,
    0xFCD7, 0xF4D6, 0xFCD7, 0xF4D7, 0xFCD7, 0xFCD7, 0xFCD6, 0xFCD7, 0xF4D7, 0xF4B7, 0xFCD6, 0xFCD7, 0xF4D6, 0xFCD7, 0xFCD7, 0xF4D7,
    0xFCD7, 0xFCD6, 0xF4D7, 0xFCD7, 0xFCB7, 0xF4B6, 0xFCD7, 0xE455, 0x7C35, 0x8E3E, 0x85FD, 0x85FD, 0x85FD, 0x85FE, 0x861D, 0x861D,
    0x861D, 0x861D, 0x861D, 0x861D, 0x861D, 0x8E1D, 0x8E1D, 0x8E1E, 0x861D, 0x861D, 0x861D, 0x861D, 0x8E1D, 0x8E1D, 0x8E1D, 0x8E1D,
    0xF5FB, 0xF5FB, 0xF5FB, 0xF5FB, 0xF5FB, 0xF5FB, 0xF5FB, 0xF5FB, 0xF5DB, 0xF5DB, 0xF5DB, 0xEDDB, 0xD5FB, 0xBDFC, 0xBDFC, 0xCDFC,
    0xE5FB, 0xF5FB, 0xFDFB, 0xF5FB, 0xF5FB, 0xF5FB, 0xF5FB, 0xF5FB, 0xF5FB, 0xF5FB, 0xF5FB, 0xFDFB, 0xFDFB, 0xFE1B, 0xFE1B, 0xFE3B,
    0xF65B, 0xF65C, 0xF63B, 0xFE3B, 0xF63B, 0xFE3B, 0xF63C, 0xF63B, 0xF65B, 0xFE7C, 0xFE7C, 0xF67C, 0xF67B, 0xE65C, 0xC63C, 0xA61C,
    0xAE1D, 0xB63D, 0xBE3D, 0xA61D, 0x9E1D, 0x8DFD, 0x8E1D, 0x8E1D, 0x8E1D, 0x8E1D, 0x8E1D, 0x85FD, 0x861D, 0x8E1D, 0x861D, 0x8E1D,
    0x8E1D, 0x861D, 0x861E, 0x861D, 0x861D, 0x8DFD, 0x861D, 0x861D, 0x8E1D, 0x85FD, 0x861D, 0x85FD, 0x8DFD, 0x8E1D, 0x8E1D, 0x8E1E,
    0x861D, 0x861D, 0x861D, 0x85FD, 0x85FD, 0x85FD, 0x8DFD, 0x8E1D, 0x861D, 0x85FD, 0x861D, 0x861D, 0x8E1D, 0x8E1D, 0x861D, 0x8E1D,
    0x8E1D, 0x861D, 0x8DFD, 0x8DFE, 0x861D, 0x861D, 0x8E1D, 0x861D, 0x861D, 0x8DFD, 0x861E, 0x861D, 0x861D, 0x8E1D, 0x8E1D, 0x8E1D,
    0x8DFD, 0x8DFD, 0x861D, 0x8C14, 0xF475, 0xE434, 0xF4B6, 0xFCD7, 0xF4D7, 0xFCD6, 0xFCD7, 0xFCD7, 0xFCD7, 0xFCD6, 0xFCD7, 0xFCD7,
    0xF4D6, 0xF4D7, 0xFCD7, 0xFCD7, 0xFCD7, 0xF4D7, 0xF4B7, 0xF4D6, 0xFCD7, 0xFCD7, 0xFCD7, 0xFCD7, 0xFCD7, 0xFCD7, 0xFCD7, 0xF4B6,
    0xF4D7, 0xFCF7, 0xECB6, 0xEC75, 0xEC75, 0xF496, 0xFCD7, 0xFCD7, 0xFCD7, 0xFCD6, 0xF4D7, 0xFCD7, 0xFCD7, 0xFCD7, 0xFCD7, 0xF4D7,
    0xFCF8, 0xBBD2, 0x7519, 0x8E3E, 0x85DD, 0x85FD, 0x85FD, 0x85FD, 0x85FD, 0x85FD, 0x85FD, 0x85FD, 0x85FD, 0x85FD, 0x85FD, 0x85FD,
    0x85FD, 0x7BD2, 0xEC95, 0xFCF7, 0xF4B7, 0xF4D7, 0xFCD6, 0xFCD7, 0xFCD7, 0xFCD7, 0xFCD6, 0xF4D7, 0xFCD7, 0xFCD6, 0xF4B7, 0xFCB7,
    0xFCD6, 0xFCD6, 0xF4D7, 0xF4D7, 0xFCD6, 0xF4D7, 0xF4D6, 0xFCD6, 0xFCD7, 0xFCD7, 0xF4D6, 0xFCD7, 0xF4D7, 0xFCD7, 0xFCD6, 0xFCD7,
    0xFCD7, 0xFCD6, 0xFCD7, 0xFCD7, 0xFCB7, 0xF4B6, 0xFCF7, 0xE455, 0x7C34, 0x863E, 0x85FD, 0x85FD, 0x85FD, 0x85FE, 0x861D, 0x861D,
    0x861D, 0x861D, 0x8E1D, 0x861D, 0x861D, 0x861D, 0x861E, 0x861D, 0x861D, 0x85FD, 0x861D, 0x861D, 0x8E1D, 0x8E1D, 0x861D, 0x861D,
    0xF5FB, 0xEDFB, 0xF5FB, 0xF5FB, 0xF5FB, 0xF5FB, 0xF5DB, 0xF5DB, 0xF5DB, 0xF5DB, 0xE5FB, 0xD5FC, 0xC5FC, 0xADFD, 0xA61D, 0xAE1C,
    0xCDFC, 0xEDFB, 0xF5FB, 0xEDFB, 0xEDFC, 0xEDFB, 0xEDFC, 0xEDFC, 0xEDFB, 0xF5FB, 0xF5FB, 0xFDFB, 0xFDFB, 0xFE1B, 0xFE1B, 0xFE1C,
    0xFE3B, 0xF61B, 0xF63B, 0xFE3B, 0xF63B, 0xF65B, 0xF65B, 0xF63B, 0xFE3C, 0xF65C, 0xF65C, 0xF65C, 0xF65C, 0xEE5C, 0xDE3D, 0xBE3C,
    0xB63C, 0xB63D, 0xAE1D, 0x95FD, 0x8E1D, 0x8DFD, 0x8E1D, 0x8E1D, 0x8E1D, 0x8E1D, 0x8E1D, 0x8DFD, 0x8E1D, 0x8E1D, 0x861D, 0x8DFE,
    0x861E, 0x861D, 0x8E1D, 0x85FD, 0x861D, 0x8DFD, 0x8DFD, 0x8DFD, 0x861D, 0x861D, 0x861D, 0x8DFD, 0x8DFD, 0x8E1D, 0x861D, 0x8E1D,
    0x8E1D, 0x861D, 0x861D, 0x85FE, 0x85FE, 0x85FD, 0x85FD, 0x8E1E, 0x861D, 0x8E1D, 0x861D, 0x85FD, 0x861D, 0x861D, 0x861D, 0x8E1D,
    0x861D, 0x861D, 0x8E1D, 0x8DFD, 0x861D, 0x861D, 0x861D, 0x85FE, 0x85FE, 0x861D, 0x861D, 0x861E, 0x861D, 0x8E1D, 0x8E1D, 0x8E1D,
    0x8DFE, 0x8DFD, 0x8E3E, 0x8476, 0xCBB2, 0xEC95, 0xFCD6, 0xF4D6, 0xFCD7, 0xFCD7, 0xFCD7, 0xFCD7, 0xFCD7, 0xFCD7, 0xFCD7, 0xFCD7,
    0xFCD7, 0xFCD7, 0xFCD7, 0xFCD7, 0xFCD7, 0xF4D6, 0xF4D7, 0xF4D7, 0xFCD7, 0xFCD7, 0xFCD6, 0xFCD7, 0xFCD7, 0xFCD7, 0xF4D7, 0xFCB7,
    0xFCD7, 0xDC14, 0xD371, 0xD372, 0xD372, 0xD392, 0xD3D2, 0xE454, 0xFCD7, 0xFCF7, 0xFCD6, 0xF4D6, 0xFCD7, 0xFCD7, 0xFCD6, 0xFCD6,
    0xFCF7, 0xEC75, 0x7C34, 0x861E, 0x85FD, 0x85FD, 0x85FD, 0x85FD, 0x85FD, 0x85FD, 0x8DFD, 0x85FD, 0x85FD, 0x85FD, 0x85FC, 0x8E3E,
    0x74B7, 0xBBD1, 0xFCF8, 0xF4B6, 0xFCD7, 0xFCB7, 0xFCD7, 0xF4D7, 0xFCD7, 0xF4D7, 0xF4B6, 0xF4B7, 0xFCB7, 0xFCB7, 0xFCD7, 0xFCD6,
    0xFCB6, 0xFCD7, 0xFCD6, 0xF4D7, 0xFCD7, 0xFCB7, 0xF4D6, 0xFCD6, 0xFCD7, 0xFCD7, 0xFCD7, 0xFCD7, 0xFCD7, 0xFCD7, 0xFCD7, 0xFCD7,
    0xFCD7, 0xFCD7, 0xFCD6, 0xFCD7, 0xFCB6, 0xF4B7, 0xFCF7, 0xE454, 0x7C55, 0x863E, 0x85FD, 0x861D, 0x861D, 0x861D, 0x861D, 0x861D,
    0x861D, 0x861D, 0x8E1D, 0x861D, 0x8E1D, 0x8E1E, 0x8E1E, 0x861D, 0x861D, 0x861D, 0x861D, 0x8E1D, 0x861D, 0x861D, 0x8E1D, 0x8E1D,
    0xEDFC, 0xEDFB, 0xF5FB, 0xF5FB, 0xF5DB, 0xF5DB, 0xF5DB, 0xF5DB, 0xF5DB, 0xF5FB, 0xE5FB, 0xDDFC, 0xCDFC, 0xB5FC, 0xA61D, 0xA61D,
    0xBDFC, 0xD5FC, 0xD5FC, 0xCDFC, 0xCDFC, 0xCE1B, 0xD5FC, 0xDE1C, 0xE61B, 0xF5FB, 0xF5FB, 0xF5FB, 0xF5FB, 0xFE1B, 0xFE1B, 0xFE1B,
    0xFE1B, 0xFE1B, 0xF63B, 0xF63C, 0xEE3C, 0xEE3B, 0xEE5C, 0xF63C, 0xEE3C, 0xEE3B, 0xEE3B, 0xF63C, 0xEE3C, 0xD63C, 0xC63C, 0xAE1D,
    0x9E1D, 0x9E1D, 0x961D, 0x8E1D, 0x8E1D, 0x8E1D, 0x8E1D, 0x8E1D, 0x8E1E, 0x8E1D, 0x8E1D, 0x8E1D, 0x8DFD, 0x8E1D, 0x8E1D, 0x8E1D,
    0x861D, 0x861D, 0x8E1D, 0x861D, 0x8DFD, 0x8DFD, 0x8E1D, 0x8E1D, 0x861D, 0x861D, 0x8E1D, 0x8E1D, 0x85FE, 0x85FD, 0x861D, 0x861D,
    0x861D, 0x8E1D, 0x8E1D, 0x861D, 0x8E1D, 0x861D, 0x861D, 0x861D, 0x861D, 0x8E1E, 0x861D, 0x861D, 0x85FD, 0x85FD, 0x8DFD, 0x8E1D,
    0x8DFE, 0x861D, 0x861D, 0x861D, 0x861D, 0x8DFD, 0x8E1D, 0x861D, 0x8E1D, 0x8E1D, 0x8E1D, 0x8E1D, 0x861D, 0x8E1D, 0x861D, 0x8E1D,
    0x8DFD, 0x8DFD, 0x8E3E, 0x74F7, 0xAB50, 0xFCF8, 0xF4B6, 0xFCD7, 0xFCD7, 0xFCD7, 0xFCD6, 0xFCD6, 0xFCD6, 0xFCD6, 0xFCD7, 0xFCD7,
    0xFCD7, 0xFCD7, 0xFCD7, 0xFCD6, 0xF4D6, 0xFCD7, 0xFCD7, 0xF4D6, 0xFCD7, 0xF4D7, 0xFCD7, 0xFCD7, 0xFCD7, 0xFCD7, 0xF4D7, 0xFCD6,
    0xDC13, 0xD351, 0xE3B3, 0xE3B3, 0xE3B3, 0xE3B3, 0xDB93, 0xCB71, 0xCB91, 0xE414, 0xFCB7, 0xFCD7, 0xF4D6, 0xF4D7, 0xF4D7, 0xFCD7,
    0xF4D6, 0xFCD7, 0xA3B1, 0x7DBC, 0x8DFD, 0x85FD, 0x85FD, 0x85FD, 0x85FD, 0x85FD, 0x85FD, 0x85FD, 0x85FD, 0x85FD, 0x85FD, 0x85DD,
    0x8391, 0xF4B6, 0xF4D7, 0xF4D7, 0xFCB7, 0xFCD7, 0xFCD7, 0xF4D6, 0xF4D6, 0xF4D6, 0xF4D6, 0xF4B6, 0xFCB6, 0xFCB6, 0xF4B7, 0xFCB6,
    0xFCB6, 0xF4B7, 0xF4D7, 0xF4B6, 0xF4B6, 0xFCB7, 0xF4B7, 0xF4D7, 0xFCD7, 0xFCD7, 0xFCD7, 0xFCD6, 0xFCD6, 0xF4D6, 0xF4D6, 0xF4D7,
    0xFCD7, 0xFCD6, 0xFCB7, 0xFCD7, 0xFCD6, 0xFCB6, 0xFCD7, 0xDC34, 0x7C75, 0x8E3E, 0x85FD, 0x8DFD, 0x861D, 0x861D, 0x85FD, 0x861D,
    0x861D, 0x861D, 0x861D, 0x861D, 0x861D, 0x861E, 0x861D, 0x861D, 0x861D, 0x861D, 0x861D, 0x8E1D, 0x8E1D, 0x8E1D, 0x8E1D, 0x8E1D,
    0xEDFB, 0xF5DB, 0xF5DB, 0xF5FB, 0xFDDB, 0xFDDB, 0xFDDB, 0xFDDB, 0xFDDB, 0xF5FB, 0xE5FC, 0xD5FC, 0xC5FC, 0xBDFC, 0xB61C, 0xAE1D,
    0xA61D, 0xADFD, 0xADFD, 0xB5FC, 0xBE1C, 0xC61C, 0xCE1C, 0xDE1C, 0xEE1B, 0xF5FB, 0xF5FB, 0xF5FB, 0xF61B, 0xF61B, 0xF61B, 0xF61B,
    0xF63B, 0xF63B, 0xF63B, 0xF63B, 0xF63C, 0xEE3C, 0xDE3C, 0xD61C, 0xC61C, 0xB5FC, 0xBDFC, 0xC61C, 0xBE1D, 0xA5FD, 0x95FD, 0x8DFD,
    0x8E1D, 0x8E1D, 0x8E1D, 0x8E1D, 0x8E1D, 0x8E1D, 0x8E1D, 0x8E1D, 0x8E1E, 0x8E1D, 0x8E1D, 0x8E1D, 0x8E1D, 0x8E1D, 0x8E1D, 0x8E1D,
    0x8E1D, 0x8E1D, 0x8E1E, 0x861D, 0x8DFD, 0x8E1D, 0x861D, 0x861D, 0x8E1D, 0x8E1D, 0x8E1D, 0x8E1D, 0x8E1E, 0x8E1D, 0x8E1D, 0x8E1D,
    0x8DFD, 0x861D, 0x8E1D, 0x861D, 0x8E1D, 0x861D, 0x861D, 0x8E1D, 0x8E1D, 0x8E1D, 0x861D, 0x861D, 0x8E1D, 0x8DFD, 0x8DFD, 0x8E1D,
    0x8DFD, 0x861D, 0x8E1D, 0x861D, 0x861D, 0x8E1D, 0x8DFD, 0x8E1D, 0x8DFD, 0x861D, 0x861D, 0x861D, 0x861D, 0x8DFD, 0x8E1D, 0x8DFD,
    0x8DFD, 0x85FD, 0x8E3E, 0x7CB6, 0xD434, 0xFCF7, 0xF4D7, 0xFCD7, 0xFCD7, 0xFCD7, 0xFCD7, 0xFCD7, 0xFCD7, 0xFCD6, 0xFCD7, 0xFCD7,
    0xFCD7, 0xF4D7, 0xFCD7, 0xF4D6, 0xF4D6, 0xFCD7, 0xFCD7, 0xFCD7, 0xFCD7, 0xF4D7, 0xFCD7, 0xFCD7, 0xFCD6, 0xFCD7, 0xFCD7, 0xF4B6,
    0xCB71, 0xE3B3, 0xDB92, 0xE3B3, 0xE3B3, 0xE3B3, 0xE3B3, 0xE3B3, 0xDBB3, 0xD352, 0xCB72, 0xEC75, 0xFCD7, 0xFCB7, 0xF4B6, 0xFCD7,
    0xF4D6, 0xFCF7, 0xCBF3, 0x7CD8, 0x8E5F, 0x8E1E, 0x8E1E, 0x85FD, 0x85FD, 0x861D, 0x861D, 0x8E1E, 0x85FD, 0x85DC, 0x8E3E, 0x6C96,
    0xC3F2, 0xFD18, 0xF4B6, 0xFCD7, 0xFCD6, 0xFCD7, 0xF4D7, 0xF4B6, 0xF4B6, 0xFCB7, 0xFCB6, 0xFCB7, 0xFCB7, 0xFCB6, 0xFCB6, 0xFCB7,
    0xFCB6, 0xFCB6, 0xFCB6, 0xF4B6, 0xF4D6, 0xFCB7, 0xFCB7, 0xFCD7, 0xFCD7, 0xFCD6, 0xFCD7, 0xFCD7, 0xF4D7, 0xFCD7, 0xFCD6, 0xF4D7,
    0xFCD7, 0xFCD7, 0xFCB7, 0xFCD7, 0xFCD7, 0xFCB6, 0xFCF7, 0xD413, 0x7C96, 0x8E5E, 0x85FD, 0x861D, 0x861D, 0x861D, 0x861D, 0x861D,
    0x861D, 0x861D, 0x861D, 0x861D, 0x861D, 0x861D, 0x861D, 0x861D, 0x861D, 0x861D, 0x861D, 0x861D, 0x861D, 0x8E1D, 0x8E1D, 0x8E1D,
    0xF5FA, 0xEDDB, 0xF5DB, 0xF5DB, 0xF5DB, 0xF5DB, 0xFDDB, 0xFDDB, 0xFDDA, 0xEDFB, 0xCDFC, 0xBDFC, 0xB5FC, 0xB5FC, 0xB5FD, 0xA61D,
    0xA61D, 0xA61D, 0xB61D, 0xC61C, 0xC61C, 0xCE1C, 0xD5FC, 0xE5FC, 0xEDFB, 0xF5FB, 0xEDFB, 0xEE1B, 0xF61B, 0xF61B, 0xF61B, 0xF61C,
    0xF63B, 0xF61B, 0xF61C, 0xF63B, 0xF63C, 0xE63C, 0xD63C, 0xBE1C, 0xA61C, 0x8DFD, 0x8DFD, 0x961D, 0x8E1D, 0x8E1D, 0x8E1D, 0x8E1D,
    0x8E1D, 0x8DFD, 0x8E1D, 0x8E1E, 0x8E1D, 0x8E1D, 0x8E1E, 0x8E1D, 0x8E1D, 0x8E1D, 0x8E1D, 0x8E1D, 0x8E1D, 0x8E1D, 0x8E1D, 0x8E1E,
    0x8E1D, 0x8DFD, 0x8E1D, 0x861E, 0x8E1D, 0x8E1D, 0x861D, 0x861D, 0x8E1E, 0x8E1D, 0x8E1E, 0x8E1D, 0x861D, 0x8E1D, 0x8E1D, 0x8DFD,
    0x8E1D, 0x8E1D, 0x861D, 0x8E1E, 0x8E1E, 0x8E1D, 0x8E1D, 0x8E1D, 0x8E1D, 0x8E1D, 0x8E1D, 0x861D, 0x8DFE, 0x8E1D, 0x8E1D, 0x8E1D,
    0x861D, 0x8E1D, 0x8DFD, 0x8E1D, 0x8E1D, 0x8E1D, 0x8DFD, 0x8DFD, 0x85FE, 0x861D, 0x8E1D, 0x8E1D, 0x861D, 0x8E1D, 0x8DFD, 0x8DFD,
    0x8DFD, 0x8DFD, 0x85FD, 0x93F2, 0xF4B6, 0xF4D7, 0xFCD7, 0xFCD7, 0xFCD7, 0xFCD7, 0xFCD7, 0xFCD7, 0xFCD7, 0xFCD7, 0xFCD7, 0xFCD7,
    0xFCD7, 0xF4D6, 0xFCD7, 0xF4D7, 0xF4D7, 0xFCD7, 0xFCD7, 0xFCD7, 0xFCD6, 0xF4D6, 0xFCD7, 0xFCB7, 0xFCB6, 0xFCD7, 0xFCD7, 0xFCD7,
    0xCB51, 0xDB73, 0xE3B3, 0xE393, 0xE3B3, 0xE3B3, 0xE3B3, 0xE3B3, 0xE3B3, 0xE3B4, 0xDB92, 0xCB51, 0xD3F3, 0xFCB6, 0xFCB7, 0xFCB7,
    0xFCB7, 0xFCD7, 0xEC75, 0x7C14, 0x755A, 0x7CD8, 0x755A, 0x861D, 0x7DFD, 0x7D9B, 0x7D5A, 0x7D9B, 0x85FD, 0x8E1E, 0x85FD, 0x83B2,
    0xFCD6, 0xF4D7, 0xF4D6, 0xFCB7, 0xFCB7, 0xFCB7, 0xF4B7, 0xF4B6, 0xFCD7, 0xFCD7, 0xF4B6, 0xF496, 0xF496, 0xF476, 0xF496, 0xFCB7,
    0xFCB7, 0xFCD7, 0xFCB6, 0xFCB6, 0xFCB7, 0xFCD6, 0xFCD7, 0xFCD7, 0xFCD7, 0xF4D7, 0xF4D7, 0xFCD7, 0xF4D7, 0xFCB7, 0xFCB7, 0xF4B7,
    0xFCD7, 0xFCD7, 0xFCD6, 0xFCD7, 0xFCD7, 0xF4B7, 0xFCF7, 0xCBF2, 0x7CF8, 0x8E5E, 0x861D, 0x8E1D, 0x85FD, 0x8E1D, 0x8E1D, 0x861D,
    0x861D, 0x861D, 0x861D, 0x861D, 0x8E1D, 0x861D, 0x861D, 0x861D, 0x861D, 0x861D, 0x861D, 0x861D, 0x861D, 0x8E1D, 0x8E1D, 0x8E1E,
    0xE5DC, 0xDDDC, 0xDDDB, 0xD5DC, 0xD5DC, 0xDDDB, 0xE5DB, 0xE5DB, 0xDDDB, 0xC5FC, 0xADFD, 0xA5FD, 0xADFD, 0xB5FC, 0xA5FD, 0x9E1D,
    0xA61D, 0xAE1D, 0xBDFD, 0xCDFC, 0xCE1C, 0xD61C, 0xDDFC, 0xEDFB, 0xEDFB, 0xEDFB, 0xEE1C, 0xEDFC, 0xEE1C, 0xEE1C, 0xEE1B, 0xF61B,
    0xF61B, 0xF61B, 0xFE1C, 0xF61C, 0xE61B, 0xD61C, 0xC61C, 0xA5FD, 0x95FD, 0x8DFD, 0x8DFD, 0x8DFD, 0x8E1E, 0x8E1E, 0x8E1D, 0x8DFE,
    0x8DFD, 0x8DFD, 0x8E1D, 0x8E1D, 0x861D, 0x861D, 0x861D, 0x8E1E, 0x861E, 0x8E1D, 0x8E1D, 0x861D, 0x8E1D, 0x8E1D, 0x8E1D, 0x861D,
    0x8E1D, 0x8E1D, 0x8E1D, 0x8E1E, 0x8E1E, 0x8E1D, 0x861D, 0x8E1D, 0x8E1E, 0x8E1D, 0x8E1D, 0x8E1E, 0x8E1D, 0x8E1D, 0x8E1D, 0x8DFD,
    0x8E1D, 0x8E1D, 0x861D, 0x8E1D, 0x8E1D, 0x8E1D, 0x8E1D, 0x8E1D, 0x8E1E, 0x8E1D, 0x8E1D, 0x861D, 0x8E1D, 0x8E1D, 0x8E1D, 0x8E1E,
    0x8E1D, 0x8E1D, 0x8E1D, 0x8E1D, 0x8E1D, 0x8E1D, 0x8E1D, 0x8E1D, 0x8E1D, 0x8E1D, 0x8E1D, 0x8E1D, 0x85FE, 0x861D, 0x8E1D, 0x8E1D,
    0x8DFD, 0x8E3E, 0x7D5A, 0xB3F3, 0xFCF7, 0xF4B7, 0xFCD7, 0xFCD7, 0xFCD7, 0xFCD7, 0xFCD6, 0xF4D7, 0xFCD7, 0xF4D6, 0xF4D7, 0xFCD7,
    0xFCD7, 0xF4D7, 0xFCD7, 0xF4D6, 0xF4D7, 0xFCD7, 0xFCD6, 0xFCD7, 0xFCD7, 0xF4D7, 0xFCD7, 0xFCD7, 0xFCD7, 0xFCD7, 0xF4D7, 0xFCF7,
    0xEC75, 0xC330, 0xDB72, 0xE3B3, 0xDBB3, 0xDB93, 0xE3B3, 0xE3B3, 0xE3B3, 0xE393, 0xE3B3, 0xE3B3, 0xD372, 0xCBB2, 0xEC96, 0xFCD7,
    0xF4B6, 0xF4B6, 0xFCD7, 0xA32F, 0xB3B1, 0xDC33, 0xBBF3, 0x7BD3, 0x9413, 0xB3D2, 0xBBF3, 0xABF2, 0x9413, 0x8519, 0x7519, 0xBBD2,
    0xFCF8, 0xF4B6, 0xFCB7, 0xFCB6, 0xFCB7, 0xF4B6, 0xFCD7, 0xFCD6, 0xEC55, 0xE414, 0xE3D3, 0xE3D3, 0xE3B4, 0xE3B4, 0xE3B3, 0xE3D4,
    0xEC14, 0xF476, 0xFCB7, 0xFCB6, 0xF4B7, 0xFCD7, 0xF4D7, 0xF4D7, 0xFCD7, 0xFCB7, 0xFCD7, 0xFCD6, 0xFCB6, 0xFCD7, 0xFCD6, 0xF4B6,
    0xFCD7, 0xFCB7, 0xFCB7, 0xFCD7, 0xFCD6, 0xF4B6, 0xFCD7, 0xBBB2, 0x7D3A, 0x8E3E, 0x8DFD, 0x8E1D, 0x861D, 0x861D, 0x861D, 0x861D,
    0x861D, 0x861D, 0x861D, 0x861D, 0x861D, 0x861D, 0x861D, 0x8E1D, 0x8E1D, 0x861D, 0x861D, 0x8E1D, 0x8E1D, 0x8E1D, 0x8E1D, 0x8E1E,
    0xD5FC, 0xD5FC, 0xCDFC, 0xBDFC, 0xB5FD, 0xADFC, 0xB5FC, 0xADDC, 0xA5FD, 0x9DFD, 0x961D, 0x9E1D, 0xA61D, 0xA5FD, 0x9E1D, 0x961D,
    0x961D, 0xADFD, 0xBDFD, 0xC5FC, 0xCDFC, 0xD5FC, 0xDDFC, 0xEDFC, 0xEDFB, 0xE5FC, 0xEE1B, 0xE5FC, 0xDE1C, 0xDE1C, 0xE5FC, 0xEE1B,
    0xF61B, 0xF61B, 0xFE1B, 0xF61B, 0xDE1B, 0xC61C, 0xADFD, 0x95FD, 0x8E1D, 0x8DFD, 0x8DFD, 0x8E1D, 0x8E1D, 0x961D, 0x961D, 0x8DFD,
    0x8E1D, 0x8E1D, 0x861D, 0x8E1D, 0x9E3D, 0xA63D, 0xA63D, 0x9E3D, 0x961D, 0x8E1D, 0x861D, 0x861E, 0x861D, 0x861D, 0x8E1D, 0x8E1D,
    0x861D, 0x8E1D, 0x8E1D, 0x8E1D, 0x8E1D, 0x8E1D, 0x861D, 0x8E1D, 0x8E1D, 0x8E1D, 0x8E1D, 0x8E1D, 0x8E1D, 0x8E1D, 0x8E1D, 0x861D,
    0x8E1D, 0x8E1D, 0x861D, 0x8E1D, 0x8E1D, 0x8E1D, 0x8E1D, 0x8E1D, 0x8E1E, 0x8E1D, 0x861D, 0x861D, 0x8E1D, 0x8E1D, 0x8DFD, 0x8E1D,
    0x8E1D, 0x8E1D, 0x8E1D, 0x8E1D, 0x8E1D, 0x8E1D, 0x8E1D, 0x8E1D, 0x8E1D, 0x8E1D, 0x8E1D, 0x8E1D, 0x861D, 0x8E1D, 0x8E1D, 0x8E1D,
    0x8DFD, 0x8E3E, 0x7C96, 0xDC34, 0xFCF7, 0xF4D6, 0xFCD6, 0xFCD7, 0xFCD7, 0xFCD7, 0xF4D7, 0xF4D6, 0xF4D7, 0xF4D6, 0xF4D7, 0xFCD7,
    0xFCD7, 0xFCD7, 0xFCD7, 0xFCD6, 0xFCD7, 0xFCD7, 0xF4D7, 0xFCD7, 0xFCD7, 0xFCD7, 0xFCD7, 0xFCD7, 0xFCD7, 0xFCD6, 0xFCD7, 0xF4D6,
    0xFCF7, 0xEC95, 0xC351, 0xCB51, 0xE3B3, 0xE3B3, 0xE3B3, 0xDBB3, 0xDBB3, 0xE3B3, 0xE3B3, 0xDBB3, 0xE3B3, 0xDB93, 0xC391, 0xEC75,
    0xFCD7, 0xF4B6, 0xFCD7, 0xCBD2, 0xE475, 0xFCF8, 0xFCF7, 0xDC13, 0xE413, 0xFCD7, 0xFCD7, 0xFCD7, 0xFC96, 0xC413, 0x72EF, 0xECB6,
    0xFCD7, 0xF4B6, 0xFCB6, 0xF4B6, 0xFCB7, 0xFCD7, 0xEC75, 0xD3B2, 0xD392, 0xDB93, 0xE3B3, 0xE3B3, 0xE3B3, 0xE3B3, 0xE3B3, 0xE3B3,
    0xE3B3, 0xE3B3, 0xEBF4, 0xF496, 0xFCD6, 0xFCD6, 0xF4D7, 0xFCD6, 0xFCD7, 0xFCD7, 0xFCD6, 0xFCB6, 0xFCD6, 0xFCD7, 0xFCD6, 0xFCD7,
    0xFCD7, 0xFCB7, 0xFCD7, 0xFCD7, 0xFCD6, 0xF4B6, 0xFCD7, 0xA3B2, 0x7D9B, 0x8E1E, 0x8DFD, 0x8DFD, 0x861D, 0x85FD, 0x861D, 0x861D,
    0x861D, 0x861D, 0x8E1D, 0x8E1D, 0x861D, 0x861D, 0x8E1D, 0x8E1D, 0x8E1D, 0x861D, 0x8E1D, 0x8E1D, 0x8E1D, 0x8E1D, 0x8E1D, 0x8E1E,
    0xCDFC, 0xBDFC, 0xB5FC, 0xADFC, 0x9DFD, 0x961D, 0x95FD, 0x95FD, 0x961D, 0x961D, 0x961D, 0x961D, 0x961D, 0x961D, 0x961D, 0x961D,
    0x961D, 0xA61C, 0xB5FC, 0xB5FC, 0xBDFC, 0xC5FC, 0xDDFB, 0xE5FC, 0xE5FC, 0xE5FC, 0xE5FB, 0xE5FC, 0xDE1C, 0xD61C, 0xCDFC, 0xE5FB,
    0xEDFB, 0xEDFB, 0xE5FB, 0xDDFC, 0xCDFC, 0xADFC, 0x95FD, 0x8DFD, 0x8E1D, 0x8DFD, 0x8E1D, 0x8E1D, 0x961D, 0xAE1D, 0xAE1C, 0x961D,
    0x8DFD, 0x961D, 0x9E1D, 0xB63D, 0xD67D, 0xDE9D, 0xDE9C, 0xDE9C, 0xBE5C, 0x9E1D, 0x9E1D, 0xAE3D, 0xA63D, 0x961D, 0x8DFD, 0x8DFE,
    0x8E1D, 0x8E1D, 0x8E1D, 0x8E1D, 0x8E1D, 0x8E1D, 0x8E1D, 0x8E1D, 0x8E1D, 0x8E1D, 0x8E1D, 0x8E1D, 0x8E1D, 0x8E1D, 0x8E1D, 0x861D,
    0x8E1D, 0x8E1D, 0x8E1D, 0x8E1D, 0x8E1D, 0x8E1D, 0x8E1D, 0x8E1D, 0x861D, 0x8E1D, 0x8E1D, 0x8E1D, 0x8E1D, 0x8E1D, 0x8E1D, 0x8E1D,
    0x8E1D, 0x8E1D, 0x8E1D, 0x8E1D, 0x8E1D, 0x8E1D, 0x8E1D, 0x8E1D, 0x8E1D, 0x8E1D, 0x8E1D, 0x8E1D, 0x8E1D, 0x8E1D, 0x8E1D, 0x8E1D,
    0x8DFD, 0x861E, 0x8BF3, 0xF494, 0xFCD7, 0xF4D6, 0xFCD6, 0xFCD7, 0xFCD7, 0xFCD7, 0xF4D7, 0xF4D6, 0xFCD7, 0xFCB7, 0xF4D7, 0xFCD7,
    0xFCD7, 0xFCD7, 0xFCD7, 0xFCD7, 0xFCD7, 0xFCD7, 0xFCD7, 0xFCD6, 0xFCD7, 0xFCD7, 0xFCD6, 0xFCD7, 0xF4D7, 0xFCD7, 0xFCD7, 0xFCD7,
    0xF4D6, 0xFCF7, 0xF4D6, 0xD3F3, 0xCB71, 0xD351, 0xDB73, 0xE3B3, 0xE3B3, 0xE3B3, 0xE3B3, 0xE3B3, 0xE393, 0xE3B3, 0xDB92, 0xCB71,
    0xE454, 0xFCD6, 0xFCD7, 0xDC34, 0xCBD2, 0xFCF7, 0xF4B6, 0xFCD7, 0xDC13, 0xF496, 0xF4D6, 0xF4B7, 0xF4B7, 0xFCF7, 0xDC13, 0xCBF2,
    0xFCF6, 0xF4B6, 0xF496, 0xFCD6, 0xF4B5, 0xD3D2, 0xD372, 0xDB93, 0xE3B3, 0xE3B3, 0xE3B3, 0xE3B3, 0xE3B3, 0xE3B3, 0xE3B3, 0xE3B3,
    0xE3B3, 0xE3D3, 0xDB93, 0xE414, 0xFCF6, 0xFCD6, 0xF4D6, 0xFCD6, 0xFCD7, 0xF4D7, 0xFCD6, 0xFCD7, 0xFCD6, 0xFCD7, 0xFCB7, 0xFCD7,
    0xFCD6, 0xFCB7, 0xFCB7, 0xFCD7, 0xFCB7, 0xFCD7, 0xFCB6, 0x8BB2, 0x85FD, 0x8DFD, 0x8DFD, 0x8E1D, 0x8E1D, 0x861D, 0x861D, 0x861D,
    0x861D, 0x861D, 0x8E1D, 0x8E1D, 0x8E1D, 0x8E1D, 0x861D, 0x8E1D, 0x8E1D, 0x8E1D, 0x8E1D, 0x8E1D, 0x8E1E, 0x8E1E, 0x8E1D, 0x8E1E,
    0xADFC, 0xA5FD, 0x9DFD, 0x961D, 0x961D, 0x961D, 0x8E1D, 0x961D, 0x961D, 0x8E1D, 0x961D, 0x961D, 0x961D, 0x961E, 0x961D, 0x961D,
    0x961D, 0xA5FD, 0xADFD, 0xADFD, 0xADFD, 0xBDFC, 0xCDFC, 0xD5FC, 0xD5FB, 0xDDFB, 0xDDFC, 0xDDFC, 0xD5FC, 0xCDFC, 0xBDFD, 0xC5FC,
    0xD5FC, 0xCDFC, 0xB5FC, 0xA5FC, 0x9DFD, 0x8DFD, 0x8E1D, 0x8E1D, 0x8E1D, 0x8E1D, 0x8E1D, 0x961D, 0x961E, 0x9E1D, 0xA61D, 0x9E1D,
    0xB63D, 0xCE5D, 0xCE5D, 0xBE3C, 0xD67C, 0xE6BC, 0xEEBD, 0xE69D, 0xD65C, 0xCE5C, 0xDE9D, 0xE6BC, 0xE6BD, 0xD67C, 0xAE3C, 0x8E1D,
    0x8E1D, 0x8E1D, 0x8E1D, 0x8E1D, 0x8E1D, 0x8E1D, 0x8E1D, 0x8E1D, 0x8E1D, 0x8E1D, 0x8E1E, 0x8E1D, 0x8E1D, 0x8E1D, 0x8E1D, 0x8E1D,
    0x8E1D, 0x8E1D, 0x8E1D, 0x8E1D, 0x8E1D, 0x8E1D, 0x8E1D, 0x8E1D, 0x8E1D, 0x8E1D, 0x8E1D, 0x8E1D, 0x8E1D, 0x8E1D, 0x8DFE, 0x8E1D,
    0x8E1D, 0x8E1D, 0x8E1D, 0x8E1D, 0x8E1D, 0x8E1D, 0x8E1D, 0x8E1D, 0x8E1D, 0x8E1E, 0x8E1D, 0x8E1D, 0x8E1D, 0x8E1D, 0x8E1D, 0x8DFD,
    0x8E1D, 0x85BC, 0x9BD2, 0xFCD6, 0xF4D7, 0xFCD7, 0xFCD7, 0xFCD7, 0xFCD7, 0xFCD7, 0xFCD7, 0xF4D7, 0xFCD7, 0xFCD7, 0xF4D7, 0xFCD7,
    0xFCD7, 0xFCD7, 0xFCD7, 0xFCD7, 0xF4D7, 0xFCD7, 0xF4D7, 0xFCD7, 0xFCD7, 0xFCD7, 0xFCD7, 0xFCD7, 0xF4D6, 0xF4D7, 0xFCD7, 0xFCD7,
    0xFCD7, 0xF4D7, 0xFCD7, 0xFCF7, 0xF4B6, 0xE414, 0xD3B2, 0xCB72, 0xD372, 0xDB92, 0xE393, 0xE393, 0xE3B3, 0xE393, 0xE3B3, 0xDBB3,
    0xCB71, 0xE434, 0xFCD7, 0xEC75, 0xBB91, 0xFCD7, 0xF4B6, 0xFCD7, 0xEC55, 0xEC75, 0xFCF7, 0xF4D7, 0xF4D6, 0xF4B6, 0xFCF8, 0xCBB2,
    0xE454, 0xFCB7, 0xFCB7, 0xE455, 0xCB71, 0xD372, 0xE3D4, 0xE3B3, 0xE3B3, 0xE3B3, 0xE3B3, 0xE3B3, 0xE3B3, 0xE3B3, 0xE3B3, 0xE3B3,
    0xE3B3, 0xE3D3, 0xDB93, 0xE414, 0xFCF7, 0xFCD7, 0xFCD7, 0xFCD7, 0xFCD7, 0xF4D6, 0xF4D6, 0xFCD7, 0xFCD7, 0xFCD7, 0xFCD7, 0xFCD7,
    0xFCD7, 0xFCD6, 0xFCD7, 0xFCD7, 0xFCB7, 0xFCD7, 0xF475, 0x8413, 0x8E3E, 0x8DFD, 0x8DFD, 0x8DFD, 0x8DFD, 0x8DFD, 0x861D, 0x8E1D,
    0x8E1D, 0x8E1D, 0x8E1D, 0x861D, 0x8E1D, 0x8E1D, 0x8E1D, 0x8E1D, 0x8E1D, 0x8E1D, 0x8E1D, 0x8E1D, 0x8E1D, 0x8E1E, 0x8E1D, 0x8E1E,
    0x961D, 0x961D, 0x961D, 0x961D, 0x961E, 0x961D, 0x961D, 0x961D, 0x961D, 0x961D, 0x961D, 0x961D, 0x961D, 0x961D, 0x961D, 0x961D,
    0x961D, 0x961D, 0x9E1D, 0x9E1D, 0x95FD, 0x9DFC, 0xA5FD, 0xADFD, 0xB5FC, 0xBDFC, 0xBDFC, 0xBDFC, 0xC5FC, 0xC61C, 0xADFD, 0xA5FD,
    0xA5FD, 0x9DFD, 0x95FD, 0x8E1D, 0x8DFD, 0x8DFD, 0x8E1D, 0x8E1D, 0x8DFD, 0x8DFD, 0x961D, 0x961D, 0x961D, 0x8E1D, 0x961D, 0x9E1D,
    0xB63C, 0xCE5C, 0xCE5D, 0xBE3C, 0xCE5C, 0xEE9C, 0xEE9C, 0xEE9C, 0xEE9C, 0xEE9C, 0xEEBD, 0xEEDC, 0xEEBD, 0xEEBD, 0xCE5D, 0xA61D,
    0x8E1D, 0x8E1D, 0x8E1D, 0x8E1D, 0x8E1D, 0x8E1D, 0x8E1D, 0x8DFD, 0x8E1D, 0x8E1D, 0x8E1D, 0x8E1D, 0x8E1D, 0x8E1D, 0x8E1D, 0x8E1D,
    0x8E1E, 0x8E1D, 0x8E1D, 0x8E1D, 0x8E1D, 0x8E1D, 0x8E1D, 0x8E1D, 0x8E1D, 0x8E1D, 0x8E1D, 0x8E1D, 0x8E1D, 0x8E1D, 0x8E1D, 0x8E1D,
    0x8E1D, 0x8E1D, 0x8E1E, 0x8E1D, 0x8E1D, 0x8E1D, 0x8E1D, 0x8E1D, 0x8E1D, 0x8E1E, 0x8E1D, 0x8E1D, 0x8E1D, 0x8E1D, 0x8E1D, 0x8DFD,
    0x8E1D, 0x7D7B, 0xABD2, 0xFCD7, 0xF4D7, 0xF4D7, 0xFCD7, 0xFCD7, 0xFCD7, 0xFCD7, 0xFCD7, 0xFCD7, 0xFCD7, 0xFCD7, 0xFCD6, 0xFCD7,
    0xFCD7, 0xFCD7, 0xFCD6, 0xFCD7, 0xF4D7, 0xF4D7, 0xF4D7, 0xF4D7, 0xFCD7, 0xFCD7, 0xFCD7, 0xFCD7, 0xF4D6, 0xFCD7, 0xFCD7, 0xFCD6,
    0xFCD7, 0xFCD7, 0xFCD7, 0xF4D7, 0xFCD7, 0xFCF7, 0xFCD7, 0xEC96, 0xDC34, 0xDBD3, 0xD392, 0xD372, 0xDB72, 0xE393, 0xE3B3, 0xE3B4,
    0xE3B3, 0xCB71, 0xE454, 0xFCD6, 0xBB70, 0xF4D6, 0xFCB7, 0xFCD7, 0xF496, 0xE454, 0xFCF7, 0xF4D7, 0xFCD7, 0xFCD6, 0xFCD7, 0xF495,
    0xCBD2, 0xFCD7, 0xDC13, 0xCB51, 0xDBB3, 0xE3B3, 0xE3B4, 0xE3B3, 0xE3B3, 0xE3B3, 0xE3B3, 0xE3D3, 0xE3B3, 0xE3B3, 0xDBB3, 0xE3B3,
    0xE3B4, 0xDB93, 0xDB93, 0xF4B6, 0xFCD7, 0xFCD6, 0xFCD6, 0xFCD7, 0xFCD7, 0xFCD6, 0xFCD7, 0xFCD7, 0xFCD7, 0xFCD7, 0xFCD7, 0xFCD7,
    0xFCD7, 0xFCD6, 0xFCD7, 0xFCD7, 0xF4B7, 0xFCD7, 0xDC13, 0x7C76, 0x8E3E, 0x8DFD, 0x8DFD, 0x861D, 0x8DFD, 0x8E1D, 0x861D, 0x8E1D,
    0x8E1D, 0x861D, 0x8E1D, 0x861E, 0x8E1D, 0x8E1D, 0x8E1D, 0x8E1D, 0x8E1D, 0x8E1D, 0x8E1D, 0x8E1D, 0x8E1D, 0x8E1D, 0x8E1D, 0x8E1D,
    0x9E1D, 0x961D, 0x961D, 0x961D, 0x961D, 0x961D, 0x961D, 0x961D, 0x961D, 0x961D, 0x961D, 0x961D, 0x961D, 0x961D, 0x961D, 0x961D,
    0x961D, 0x961D, 0x961D, 0x961D, 0x961D, 0x95FD, 0x95FD, 0x961D, 0x961D, 0x9DFD, 0x9DFD, 0xA61D, 0xADFD, 0xAE1D, 0x9DFD, 0x961D,
    0x8DFD, 0x8E1D, 0x8DFD, 0x961D, 0x95FD, 0x95FD, 0x95FD, 0x95FD, 0x8E1D, 0x95FD, 0x95FD, 0x961D, 0x961D, 0x961D, 0xAE1D, 0xB61D,
    0xBE3C, 0xC63C, 0xBE3C, 0xA61D, 0xB61D, 0xC61C, 0xCE3C, 0xD63C, 0xD63C, 0xCE3C, 0xD65D, 0xE69C, 0xEEBC, 0xDE7C, 0xBE1C, 0x9DFD,
    0x8E1D, 0x8E1D, 0x8E1D, 0x8E1D, 0x8E1D, 0x8E1D, 0x8E1D, 0x8E1D, 0x8E1D, 0x8E1D, 0x8E1D, 0x8E1D, 0x8E1D, 0x8E1E, 0x8E1D, 0x8E1D,
    0x8E1D, 0x8E1D, 0x8E1D, 0x8E1D, 0x8E1D, 0x8E1D, 0x8E1D, 0x8E1D, 0x8E1D, 0x8E1D, 0x8E1D, 0x8E1D, 0x8E1D, 0x8E1D, 0x8E1D, 0x8E1D,
    0x8E1D, 0x8E1D, 0x8E1E, 0x8E1D, 0x8E1D, 0x8E1D, 0x8E1D, 0x8E1D, 0x8E1D, 0x8E1D, 0x8E1D, 0x8E1D, 0x8E1D, 0x8E1D, 0x8E1D, 0x8DFD,
    0x8E3E, 0x7D39, 0xBBD2, 0xFCD8, 0xF4D7, 0xFCD7, 0xFCD7, 0xFCD7, 0xFCD7, 0xFCD7, 0xFCD7, 0xFCD7, 0xFCD7, 0xFCD7, 0xF4D7, 0xF4D7,
    0xFCD7, 0xFCD6, 0xFCD6, 0xFCD7, 0xFCD7, 0xFCD7, 0xFCD7, 0xFCD6, 0xFCD7, 0xFCD6, 0xFCD7, 0xFCD7, 0xFCD6, 0xFCD7, 0xFCD7, 0xFCB7,
    0xFCD7, 0xFCD7, 0xFCD7, 0xFCD7, 0xFCD7, 0xF4D6, 0xF4D6, 0xFCD6, 0xFCD7, 0xFCD6, 0xF496, 0xE455, 0xDC13, 0xD3B2, 0xD372, 0xD372,
    0xDB72, 0xE393, 0xCB51, 0xEC95, 0xC391, 0xEC96, 0xFCD7, 0xFCD7, 0xFCD7, 0xF496, 0xFCD7, 0xFCD7, 0xF4D7, 0xFCD6, 0xFCB6, 0xFCD7,
    0xD3F3, 0xC3B1, 0xCB51, 0xE3B3, 0xDBB3, 0xDBB3, 0xE3B3, 0xE3B3, 0xE3B3, 0xE3B3, 0xE3B3, 0xE3B3, 0xE3B4, 0xE3B3, 0xE3D3, 0xE393,
    0xD351, 0xD392, 0xF496, 0xFCD7, 0xFCD6, 0xFCD6, 0xF4D6, 0xFCD7, 0xFCD7, 0xFCD7, 0xFCD7, 0xF4D7, 0xF4D7, 0xFCD7, 0xFCD7, 0xFCD7,
    0xFCD7, 0xFCB7, 0xFCD7, 0xFCD6, 0xF4B6, 0xFCF7, 0xB391, 0x7519, 0x8E3E, 0x8DFD, 0x8DFD, 0x8DFE, 0x8DFD, 0x8E1D, 0x8E1D, 0x8E1D,
    0x8E1D, 0x8E1D, 0x8E1D, 0x8E1E, 0x8E1D, 0x8E1D, 0x8E1D, 0x8E1D, 0x8E1D, 0x8E1D, 0x8E1D, 0x8E1D, 0x8E1D, 0x8E1D, 0x8E1D, 0x8E1E,
    0xA61D, 0x961D, 0x961D, 0x961D, 0x961D, 0x961D, 0x961D, 0x961D, 0x961D, 0x961D, 0x961D, 0x961D, 0x961D, 0x8E1D, 0x8E1D, 0x961D,
    0x961D, 0x961D, 0x961E, 0x961D, 0x961D, 0x961D, 0x961D, 0x961D, 0x961D, 0x961D, 0x961D, 0x95FD, 0x9E1D, 0x9E1D, 0x9DFD, 0xA5FD,
    0x9E1D, 0x961D, 0x95FD, 0x961D, 0x9DFD, 0xA5FC, 0xADFC, 0xA5FD, 0x9DFD, 0x9DFD, 0x9DFD, 0x9DFD, 0x961D, 0x9E1D, 0xC63D, 0xCE3D,
    0xC63C, 0xC63D, 0xAE1D, 0x95FD, 0x95FD, 0x961D, 0x9DFD, 0xADFD, 0xADFC, 0xB61C, 0xD67C, 0xEE9C, 0xE69C, 0xD65C, 0xAE1D, 0x8DFD,
    0x8E1D, 0x8E1D, 0x8E1D, 0x8E1D, 0x8E1D, 0x8E1D, 0x8E1D, 0x8E1D, 0x8E1D, 0x8E1D, 0x8E1E, 0x8E1E, 0x8E1D, 0x8E1D, 0x8E1D, 0x8E1E,
    0x8E1D, 0x8E1D, 0x8E1D, 0x8E1D, 0x8E1E, 0x8E1D, 0x8E1D, 0x8E1D, 0x8E1D, 0x8E1D, 0x8E1D, 0x8E1D, 0x8E1D, 0x8E1D, 0x8E1E, 0x8E1D,
    0x8E1D, 0x8E1D, 0x8E1D, 0x8E1D, 0x8E1D, 0x8E1D, 0x8E1D, 0x8E1D, 0x8E1E, 0x8E1D, 0x8E1D, 0x8E1D, 0x8E1D, 0x8E1D, 0x8DFD, 0x8DFD,
    0x963E, 0x7D19, 0xC3D2, 0xFCD7, 0xFCB6, 0xFCD6, 0xFCD6, 0xFCD7, 0xFCD7, 0xFCD6, 0xFCD7, 0xFCD6, 0xFCD7, 0xFCD7, 0xF4D6, 0xFCD6,
    0xF4D6, 0xFCD6, 0xFCD7, 0xFCD6, 0xFCD7, 0xFCD7, 0xFCB7, 0xFCD7, 0xFCD7, 0xFCD6, 0xFCD6, 0xFCD7, 0xFCD7, 0xFCD6, 0xFCD7, 0xFCD6,
    0xFCD7, 0xFCD7, 0xFCD7, 0xFCD6, 0xFCD7, 0xFCD6, 0xFCD7, 0xFCD6, 0xF4B6, 0xF4D6, 0xFCD7, 0xFCD7, 0xFCF7, 0xFCD6, 0xEC95, 0xE454,
    0xDBF4, 0xD3B2, 0xCB51, 0xC330, 0xBB70, 0xEC96, 0xFCD7, 0xF4D6, 0xFCD7, 0xFCD6, 0xFCD7, 0xFCD7, 0xF4D6, 0xFCD7, 0xFCD7, 0xFCD7,
    0xDC34, 0xB30F, 0xEBD3, 0xE3B3, 0xE3B3, 0xE3B3, 0xE3B3, 0xE3B3, 0xE3B3, 0xE3B3, 0xE3B3, 0xDB92, 0xD372, 0xCB51, 0xCB51, 0xCB72,
    0xE414, 0xF4D7, 0xFCD7, 0xF4B7, 0xFCD7, 0xFCD7, 0xF4D6, 0xF4D6, 0xFCD7, 0xF4D7, 0xFCD6, 0xFCD7, 0xF4D6, 0xFCD7, 0xF4D7, 0xFCD6,
    0xFCD6, 0xFCD7, 0xF4D6, 0xFCD7, 0xF4B6, 0xFCF7, 0xBB71, 0x8539, 0x8E3E, 0x8DFD, 0x8DFD, 0x8E1D, 0x8E1D, 0x8E1D, 0x8E1D, 0x8E1D,
    0x8E1D, 0x8E1D, 0x8E1D, 0x861D, 0x8E1D, 0x8E1D, 0x8E1D, 0x8E1D, 0x8E1D, 0x8E1D, 0x8E1D, 0x8E1D, 0x8E1D, 0x8E1D, 0x8E1D, 0x8E1E,
    0xA61D, 0x961D, 0x961D, 0x961D, 0x961D, 0x961D, 0x961D, 0x961D, 0x961E, 0x961D, 0x961D, 0x961D, 0x961D, 0x8E1D, 0x961D, 0x961D,
    0x961E, 0x961D, 0x961D, 0x961D, 0x961D, 0x961D, 0x961D, 0x961D, 0x961D, 0x961D, 0x961D, 0x961D, 0x9E1D, 0xAE1D, 0xBE1C, 0xD61D,
    0xCE1C, 0xBE1C, 0xB5FD, 0xA5FD, 0x9DFD, 0xA5FD, 0xADFD, 0xADFC, 0xADFC, 0xADFD, 0xA5FD, 0x9DFD, 0x961D, 0x961D, 0x9E1D, 0x9E1D,
    0x9E1D, 0x95FD, 0x8DFD, 0x8E1D, 0x8E1D, 0x8E1D, 0x8E1D, 0x8E1D, 0x8DFD, 0xA61D, 0xC65D, 0xC63D, 0xB61D, 0xB61D, 0x961D, 0x8E1D,
    0x8E1D, 0x8E1D, 0x8E1D, 0x8E1D, 0x8E1D, 0x8E1E, 0x8E1D, 0x8E1D, 0x8E1D, 0x8E1D, 0x8E1D, 0x8E1D, 0x8E1D, 0x8E1D, 0x8E1D, 0x8E1D,
    0x8E1D, 0x8E1D, 0x8E1D, 0x8E1D, 0x8E1D, 0x8E1D, 0x8E1D, 0x8E1D, 0x8E1D, 0x8E1E, 0x8E1D, 0x8E1D, 0x8E1D, 0x8E1D, 0x8E1D, 0x8E1D,
    0x8E1D, 0x8E1E, 0x8E1D, 0x8E1D, 0x8E1D, 0x8E1D, 0x8E1D, 0x8E1D, 0x8E1D, 0x8E1D, 0x8E1D, 0x8E1D, 0x8E1D, 0x8DFE, 0x8DFD, 0x8DFD,
    0x961E, 0x7CF8, 0xC3F2, 0xFCF7, 0xFCB7, 0xFCD7, 0xFCD7, 0xFCD7, 0xFCD7, 0xFCD7, 0xF4D7, 0xF4D7, 0xFCD7, 0xFCD7, 0xF4D7, 0xF4D7,
    0xF4D7, 0xFCD7, 0xF4D7, 0xFCD6, 0xF4D7, 0xF4D7, 0xF4D6, 0xFCD7, 0xFCD7, 0xFCD7, 0xFCD7, 0xFCD6, 0xFCD7, 0xFCD7, 0xFCD7, 0xFCD7,
    0xFCD7, 0xFCD7, 0xFCD7, 0xF4D7, 0xF4D7, 0xF4D7, 0xF4D7, 0xFCD7, 0xFCD7, 0xFCD7, 0xFCD6, 0xF4D6, 0xF4D7, 0xFCD7, 0xFCD7, 0xFCF7,
    0xFCD7, 0xF4D6, 0xEC95, 0xDC34, 0xB330, 0xEC95, 0xFCD7, 0xFCB7, 0xFCD7, 0xFCD7, 0xFCD7, 0xFCD7, 0xFCD7, 0xFCD7, 0xFCB7, 0xFCD7,
    0xEC96, 0xB30F, 0xCB71, 0xCB71, 0xD372, 0xCB72, 0xCB92, 0xCB71, 0xCB51, 0xC351, 0xC371, 0xCB91, 0xCBB2, 0xDC14, 0xEC76, 0xF4D7,
    0xFCD7, 0xF4D7, 0xF4D6, 0xF4D6, 0xFCD6, 0xFCD7, 0xFCD7, 0xF4D6, 0xFCD7, 0xFCD6, 0xFCD6, 0xFCD7, 0xF4D7, 0xFCD7, 0xF4D7, 0xF4D7,
    0xFCD7, 0xFCD7, 0xF4D7, 0xFCD7, 0xFCD6, 0xF4D7, 0xF496, 0x9456, 0x861E, 0x8DFD, 0x8DFD, 0x8DFD, 0x8E1D, 0x8E1D, 0x8E1D, 0x8E1D,
    0x8E1D, 0x8E1D, 0x8E1D, 0x8E1D, 0x8E1D, 0x8E1D, 0x8E1D, 0x8E1D, 0x8E1D, 0x8E1D, 0x8E1D, 0x8E1D, 0x8E1D, 0x8E1D, 0x8E1D, 0x8E1D,
    0xA61D, 0x9E1D, 0xA61D, 0x9E1D, 0x961D, 0x961D, 0x961D, 0x961D, 0x961D, 0x961D, 0x961D, 0x961D, 0x961D, 0x961D, 0x961D, 0x961D,
    0x961D, 0x961D, 0x961D, 0x961D, 0x961D, 0x961D, 0x961D, 0x9E1D, 0x9E1D, 0xA61D, 0xADFD, 0xAE1D, 0xA5FD, 0xA5FD, 0xCE1C, 0xE63C,
    0xEE3C, 0xE61C, 0xDE1C, 0xCE1C, 0xB5FC, 0xADFD, 0xA5FD, 0x9DFD, 0x9DFD, 0x9DFD, 0x95FD, 0x961D, 0x961D, 0x961D, 0x8E1D, 0x8E1D,
    0x8E1D, 0x8E1D, 0x8E1D, 0x8E1D, 0x8E1D, 0x8E1E, 0x8E1D, 0x8E1D, 0x8E1D, 0x961D, 0x961D, 0x961D, 0x8E1D, 0x8E1D, 0x8E1D, 0x8E1D,
    0x8E1D, 0x8E1D, 0x8E1E, 0x8E1D, 0x8E1D, 0x8E1E, 0x8E1D, 0x8E1D, 0x8E1D, 0x8E1D, 0x8E1D, 0x8E1D, 0x8E1D, 0x8E1D, 0x8E1D, 0x8E1D,
    0x8E1D, 0x8E1D, 0x8E1D, 0x8E1E, 0x8E1D, 0x8E1D, 0x8E1E, 0x8E1D, 0x8E1D, 0x8E1E, 0x8E1D, 0x8E1D, 0x8E1D, 0x8E1D, 0x8E1D, 0x8E1D,
    0x8E1D, 0x8E1D, 0x8E1D, 0x8E1D, 0x8E1D, 0x8E1D, 0x8E1D, 0x8E1D, 0x8E1D, 0x8E1D, 0x8E1E, 0x8E1D, 0x8E1D, 0x8E1D, 0x8E1D, 0x8DFD,
    0x963E, 0x7D19, 0xC3D2, 0xFCF7, 0xF4D6, 0xFCD7, 0xFCD7, 0xFCD6, 0xFCD6, 0xFCD7, 0xF4D6, 0xF4B6, 0xF4D7, 0xF4D6, 0xF4D7, 0xFCD7,
    0xF4D6, 0xF4D7, 0xFCD7, 0xF4D7, 0xF4D7, 0xFCD7, 0xFCD7, 0xFCD6, 0xFCD7, 0xFCD6, 0xFCD7, 0xFCD7, 0xFCD7, 0xFCD7, 0xFCD7, 0xFCD7,
    0xFCD7, 0xFCD6, 0xFCD6, 0xFCD7, 0xFCD6, 0xF4D7, 0xF4D7, 0xF4D7, 0xF4D7, 0xFCD7, 0xF4D7, 0xF4D7, 0xFCD7, 0xF4D6, 0xF4D7, 0xFCD7,
    0xFCB6, 0xFCD6, 0xFCD7, 0xFCF7, 0xCBB2, 0xEC96, 0xFCD6, 0xFCB7, 0xFCD7, 0xFCD6, 0xFCD7, 0xFCD7, 0xF4D7, 0xFCD7, 0xFCB7, 0xFCD7,
    0xECB6, 0xBB70, 0xEC55, 0xE455, 0xEC75, 0xEC75, 0xEC75, 0xEC75, 0xEC96, 0xECB6, 0xF4D6, 0xFCD7, 0xFCD7, 0xFCD7, 0xFCD7, 0xFCB7,
    0xF4B6, 0xFCD6, 0xFCD7, 0xFCD7, 0xFCD7, 0xFCD7, 0xFCD7, 0xFCD7, 0xFCD6, 0xF4D6, 0xFCD7, 0xFCD6, 0xF4D6, 0xF4D7, 0xF4D6, 0xF4D7,
    0xFCB7, 0xFCD6, 0xFCD7, 0xFCD7, 0xFCB6, 0xF4B6, 0xFCD7, 0xBC13, 0x859B, 0x8E3E, 0x8DFD, 0x8E1D, 0x8E1D, 0x8E1D, 0x8E1D, 0x8E1D,
    0x8E1D, 0x8E1D, 0x8E1D, 0x8E1D, 0x8E1D, 0x8E1D, 0x8E1D, 0x8E1D, 0x8E1D, 0x8E1E, 0x8E1D, 0x8E1D, 0x8E1D, 0x8E1D, 0x8E1D, 0x8E1D,
    0xC5FC, 0xC5FB, 0xC5FC, 0xB5FD, 0x9E1D, 0x961D, 0x961D, 0x961D, 0x961D, 0x961D, 0x961D, 0x961D, 0x961D, 0x961D, 0x961D, 0x961D,
    0x961D, 0x961D, 0x961D, 0x961D, 0x961D, 0x961D, 0x961D, 0x961D, 0x9E1D, 0xA61D, 0xBDFC, 0xCDFC, 0xC61C, 0xC5FC, 0xD61C, 0xDE1C,
    0xDE1C, 0xDE1C, 0xDE1C, 0xD61C, 0xCE1C, 0xC61C, 0xB5FC, 0x9DFD, 0x961D, 0x961D, 0x8E1D, 0x961D, 0x961D, 0x8E1D, 0x8E1D, 0x8E1D,
    0x8E1D, 0x8E1D, 0x8E1E, 0x8E1D, 0x8E1D, 0x8E1D, 0x8E1D, 0x8E1D, 0x8E1D, 0x8E1D, 0x8E1D, 0x8E1D, 0x8E1D, 0x8E1D, 0x8E1D, 0x8E1D,
    0x8E1D, 0x8E1D, 0x8E1D, 0x8E1D, 0x8E1D, 0x8E1D, 0x8E1D, 0x8E1D, 0x8E1D, 0x8E1D, 0x8E1D, 0x8E1D, 0x8E1D, 0x8E1D, 0x8E1D, 0x8E1D,
    0x8E1D, 0x8E1D, 0x8E1D, 0x8E1D, 0x8E1D, 0x8E1D, 0x8E1D, 0x8E1D, 0x8E1D, 0x8E1D, 0x8E1D, 0x8E1E, 0x8E1D, 0x8E1D, 0x8E1D, 0x8E1E,
    0x8E1D, 0x8E1D, 0x8E1D, 0x8E1D, 0x8E1D, 0x8E1D, 0x8E1D, 0x8E1D, 0x8E1D, 0x8E1D, 0x8E1D, 0x8E1D, 0x8E1D, 0x8E1D, 0x8E1D, 0x8DFD,
    0x8E1D, 0x7D39, 0xB3B2, 0xFCF7, 0xF4D6, 0xFCD6, 0xFCD6, 0xFCD7, 0xFCD7, 0xFCD7, 0xFCD6, 0xF4D6, 0xF4D7, 0xFCD7, 0xFCD6, 0xFCD7,
    0xFCD6, 0xFCD7, 0xFCD7, 0xFCD7, 0xFCD7, 0xFCD6, 0xFCD7, 0xFCD7, 0xFCD7, 0xFCD6, 0xFCD7, 0xFCD7, 0xFCD7, 0xFCD7, 0xF4D6, 0xFCD6,
    0xFCD7, 0xFCD7, 0xFCD6, 0xFCD7, 0xFCD6, 0xFCD6, 0xFCD7, 0xF4D7, 0xF4D7, 0xFCD6, 0xFCD7, 0xF4D7, 0xFCD7, 0xF4D6, 0xFCD6, 0xFCD7,
    0xFCD7, 0xFCD7, 0xFCD6, 0xFCB6, 0xCBB2, 0xF4B6, 0xFCB6, 0xFCB6, 0xFCD6, 0xF4D6, 0xFCD7, 0xFCD7, 0xFCD7, 0xFCD7, 0xFCB6, 0xFCD7,
    0xEC96, 0xC3B1, 0xFCF7, 0xFCD7, 0xFCD7, 0xFCD7, 0xFCD7, 0xFCD6, 0xFCD6, 0xFCD7, 0xFCB7, 0xFCB6, 0xF4B6, 0xF4B6, 0xF4B6, 0xFCD7,
    0xF4B7, 0xFCD6, 0xFCD6, 0xFCD7, 0xFCD7, 0xFCD7, 0xFCD6, 0xFCD6, 0xFCD7, 0xF4D7, 0xFCD7, 0xF4D6, 0xF4D6, 0xF4D7, 0xF4D7, 0xF4D6,
    0xFCD7, 0xFCD6, 0xFCD6, 0xFCD7, 0xFCB7, 0xFCB6, 0xFCF7, 0xE454, 0x7CB7, 0x8E3E, 0x8DFC, 0x8E1D, 0x8E1D, 0x8E1D, 0x8E1D, 0x8E1D,
    0x8E1D, 0x8E1D, 0x8E1D, 0x8E1D, 0x8E1D, 0x8E1D, 0x8E1D, 0x8E1D, 0x8E1D, 0x8E1D, 0x8E1D, 0x8E1D, 0x8E1D, 0x8E1D, 0x8E1D, 0x8E1D,
    0xE5FC, 0xDDDB, 0xDDDC, 0xCDFC, 0xADFD, 0x961D, 0x961D, 0x961D, 0x961D, 0x961D, 0x961D, 0x961D, 0x961D, 0x961D, 0x961D, 0x961D,
    0x961E, 0x961D, 0x961D, 0x961D, 0x961D, 0x961D, 0x961D, 0x961D, 0x961D, 0x9E1D, 0xB5FD, 0xD61C, 0xDDFC, 0xD61C, 0xCE1C, 0xB61C,
    0xAE1D, 0xB5FC, 0xD61C, 0xD61C, 0xCE1C, 0xCE1C, 0xB5FD, 0x9E1D, 0x961D, 0x961D, 0x961D, 0x961D, 0x961D, 0x8E1D, 0x8E1D, 0x8E1D,
    0x8E1D, 0x8E1D, 0x8E1E, 0x8E1D, 0x8E1E, 0x8E1D, 0x8E1D, 0x8E1D, 0x8E1D, 0x8E1D, 0x8E1D, 0x8E1D, 0x8E1D, 0x8E1E, 0x8E1D, 0x8E1D,
    0x8E1D, 0x8E1D, 0x8E1D, 0x8E1D, 0x8E1D, 0x8E1D, 0x8E1D, 0x8E1D, 0x8E1E, 0x8E1D, 0x8E1D, 0x8E1D, 0x8E1D, 0x8E1D, 0x8E1D, 0x8E1D,
    0x8E1D, 0x8E1E, 0x8E1D, 0x8E1D, 0x8E1D, 0x8E1D, 0x8E1D, 0x8E1D, 0x8E1D, 0x8E1D, 0x8E1D, 0x8E1E, 0x8E1D, 0x8E1D, 0x8E1D, 0x8E1D,
    0x8E1D, 0x8E1D, 0x8E1D, 0x8E1D, 0x8E1D, 0x8E1D, 0x8E1D, 0x8E1D, 0x8E1D, 0x8E1E, 0x8E1D, 0x8E1D, 0x8E1D, 0x8E1D, 0x8E1D, 0x8DFD,
    0x961D, 0x857B, 0xABB2, 0xFCD7, 0xFCB7, 0xFCD7, 0xFCD7, 0xFCD6, 0xFCD6, 0xFCD7, 0xFCD7, 0xFCD7, 0xFCD6, 0xFCD7, 0xFCD7, 0xFCD7,
    0xFCD7, 0xFCD7, 0xFCD6, 0xFCD7, 0xFCD7, 0xFCD7, 0xFCD7, 0xFCD7, 0xFCD7, 0xF4D7, 0xF4D7, 0xFCD7, 0xFCD6, 0xFCD7, 0xFCD7, 0xF4D7,
    0xF4D7, 0xFCD6, 0xFCD7, 0xFCD7, 0xFCD7, 0xFCD7, 0xFCD6, 0xFCD6, 0xFCD7, 0xFCD7, 0xFCD7, 0xFCD7, 0xFCD7, 0xFCD6, 0xFCD7, 0xFCD7,
    0xFCB6, 0xFCD6, 0xFCB7, 0xF495, 0xCBD2, 0xFCD6, 0xF4B6, 0xFCB7, 0xFCD7, 0xF4B6, 0xFCD7, 0xFCD7, 0xF476, 0xF496, 0xFCB6, 0xFCD6,
    0xEC55, 0xC3D2, 0xFCF7, 0xF4D6, 0xF4D6, 0xF4D6, 0xF4D7, 0xF4D6, 0xF4D6, 0xFCD6, 0xFCB7, 0xFCD7, 0xFCD7, 0xF4D6, 0xF4D7, 0xFCD6,
    0xFCD7, 0xFCD7, 0xFCD7, 0xFCD6, 0xFCD7, 0xFCD6, 0xFCD6, 0xFCD7, 0xFCD7, 0xF4D6, 0xFCD7, 0xF4D7, 0xF4D6, 0xF4D6, 0xF4D7, 0xF4D7,
    0xFCD7, 0xFCD6, 0xFCD6, 0xFCD6, 0xFCB7, 0xFCB6, 0xFCD6, 0xFC96, 0x9434, 0x861D, 0x8DFD, 0x8DFD, 0x8DFD, 0x8DFD, 0x8E1D, 0x8E1D,
    0x8E1D, 0x8E1D, 0x8E1D, 0x8E1D, 0x8E1D, 0x8E1D, 0x8E1D, 0x8E1D, 0x8E1D, 0x8E1D, 0x8E1D, 0x8E1D, 0x8E1D, 0x8E1D, 0x8E1D, 0x8E1D,
    0xEDFC, 0xEDDB, 0xEDDB, 0xE5DB, 0xC5FC, 0x9E1D, 0x961D, 0x961D, 0x9E1D, 0x961D, 0x961D, 0x961D, 0x961D, 0x961D, 0x961D, 0x961D,
    0x961D, 0x961D, 0x961D, 0x961D, 0x961D, 0x961D, 0x961D, 0x961D, 0x961D, 0x961D, 0x9E1D, 0xB61C, 0xBDFD, 0xBDFD, 0xAE1D, 0x9E1D,
    0x961D, 0xA61D, 0xB5FD, 0xB5FD, 0xADFD, 0xADFC, 0x9DFD, 0x961D, 0x961D, 0x961D, 0x961D, 0x961D, 0x961D, 0x8E1D, 0x8E1D, 0x961D,
    0x961D, 0x8E1D, 0x8E1D, 0x8E1D, 0x961D, 0x961D, 0x8E1D, 0x8E1D, 0x8E1D, 0x8E1D, 0x8E1D, 0x8E1D, 0x8E1D, 0x8E1D, 0x8E1D, 0x8E1D,
    0x8E1D, 0x8E1D, 0x8E1D, 0x8E1D, 0x8E1D, 0x8E1D, 0x8E1D, 0x8E1D, 0x8E1D, 0x8E1D, 0x8E1D, 0x8E1E, 0x8E1D, 0x8E1D, 0x8E1D, 0x8E1E,
    0x8E1D, 0x8E1D, 0x8E1D, 0x8E1D, 0x8E1D, 0x8E1D, 0x8E1D, 0x8E1D, 0x8E1D, 0x8E1D, 0x8E1D, 0x8E1D, 0x8E1D, 0x8E1D, 0x8E1D, 0x8E1D,
    0x8E1D, 0x8E1D, 0x8E1D, 0x8E1D, 0x8E1D, 0x8E1D, 0x8E1D, 0x8E1D, 0x8E1D, 0x8E1D, 0x8E1D, 0x8E1D, 0x8E1D, 0x8E1D, 0x8E1D, 0x8E1D,
    0x95FD, 0x85FD, 0x93B1, 0xFCB6, 0xFCD7, 0xFCD6, 0xFCD7, 0xFCD7, 0xFCD7, 0xFCD7, 0xFCD7, 0xF4D7, 0xFCD7, 0xFCD7, 0xFCD6, 0xFCD7,
    0xFCD7, 0xF4D7, 0xFCD6, 0xFCD6, 0xFCD6, 0xFCD7, 0xFCD7, 0xFCD7, 0xFCD7, 0xFCD6, 0xFCD7, 0xFCD7, 0xF4D7, 0xFCD6, 0xFCD7, 0xFCD7,
    0xF4D7, 0xF4D7, 0xFCD7, 0xFCD7, 0xFCD7, 0xFCD7, 0xFCD7, 0xFCD6, 0xFCD6, 0xFCD7, 0xFCD7, 0xFCD7, 0xFCD7, 0xF4D6, 0xF4D7, 0xFCD7,
    0xF4B7, 0xF4B6, 0xFD18, 0xE434, 0xD3D3, 0xFCB7, 0xF496, 0xF496, 0xF4B6, 0xFCD7, 0xF475, 0xE3D3, 0xE392, 0xDB93, 0xF455, 0xFCF7,
    0xDBF3, 0xD413, 0xFCF7, 0xFCB6, 0xFCB7, 0xF4D7, 0xFCD7, 0xF4D6, 0xF4B6, 0xFCD7, 0xFCB7, 0xFCB7, 0xFCD7, 0xF4D7, 0xFCD7, 0xFCD7,
    0xFCD7, 0xFCD7, 0xFCD7, 0xF4D6, 0xFCD7, 0xFCD6, 0xFCD6, 0xFCD7, 0xFCD7, 0xF4D7, 0xFCD6, 0xFCB7, 0xF4B6, 0xF4D6, 0xF4D7, 0xF4D6,
    0xFCD7, 0xFCD7, 0xFCD6, 0xFCD7, 0xFCB7, 0xFCB7, 0xF4B6, 0xFCD7, 0xABF3, 0x7DBB, 0x8E1D, 0x8DFD, 0x8E1D, 0x8E1D, 0x8E1D, 0x8E1D,
    0x8E1D, 0x8E1D, 0x8E1D, 0x8E1D, 0x8E1D, 0x8E1D, 0x8E1D, 0x8E1D, 0x8E1D, 0x8E1D, 0x8E1D, 0x8E1D, 0x8E1D, 0x8E1D, 0x8E1D, 0x8E1D,
    0xEDDB, 0xEDDB, 0xEDDB, 0xEDDB, 0xD5FC, 0xB5FC, 0xAE1C, 0xB5FD, 0xB5FD, 0xA61D, 0x961D, 0x961D, 0x961D, 0x961D, 0x961D, 0x961D,
    0x961D, 0x961D, 0x961E, 0x961D, 0x961D, 0x961D, 0x961D, 0x961D, 0x961D, 0x961D, 0x961D, 0x961D, 0x961D, 0x961D, 0x961D, 0x961D,
    0x961D, 0x961D, 0x961D, 0x961D, 0x961D, 0x961D, 0x961D, 0x961E, 0x961D, 0x961D, 0x961D, 0x961D, 0x961D, 0x8E1D, 0x961D, 0x961D,
    0x961D, 0x961D, 0x961D, 0x961D, 0x961D, 0x961D, 0x8E1D, 0x8E1D, 0x961D, 0x961D, 0x8E1D, 0x8E1E, 0x8E1D, 0x8E1D, 0x8E1D, 0x8E1D,
    0x8E1D, 0x8E1D, 0x8E1D, 0x8E1D, 0x8E1D, 0x8E1D, 0x8E1D, 0x8E1D, 0x8E1D, 0x8E1E, 0x8E1D, 0x8E1D, 0x8E1D, 0x8E1D, 0x8E1D, 0x8E1E,
    0x8E1D, 0x8E1D, 0x8E1D, 0x8E1D, 0x8E1D, 0x8E1D, 0x8E1D, 0x8E1D, 0x8E1D, 0x8E1E, 0x8E1D, 0x8E1D, 0x8E1D, 0x8E1D, 0x8E1D, 0x8E1D,
    0x8E1D, 0x8E1D, 0x8E1D, 0x8E1E, 0x8E1D, 0x8E1D, 0x8E1D, 0x8E1D, 0x8E1D, 0x8E1D, 0x8E1D, 0x8E1D, 0x8E1D, 0x8E1D, 0x8E1D, 0x8E1D,
    0x8DFD, 0x8E3E, 0x8454, 0xEC54, 0xFCF7, 0xFCD6, 0xFCD7, 0xFCD7, 0xFCD7, 0xFCD6, 0xFCD7, 0xF4D6, 0xF4D7, 0xFCD6, 0xFCD6, 0xFCD7,
    0xFCD6, 0xFCD7, 0xFCD7, 0xF4D7, 0xFCD6, 0xFCD7, 0xFCD7, 0xFCD7, 0xFCD7, 0xFCD6, 0xFCD7, 0xF4D7, 0xF4D7, 0xFCD6, 0xFCD7, 0xF4D6,
    0xFCD7, 0xFCD7, 0xFCD7, 0xFCD7, 0xFCD6, 0xFCD7, 0xFCD7, 0xFCD7, 0xF4D6, 0xFCD6, 0xFCD7, 0xFCB7, 0xFCD6, 0xF4B6, 0xF4B6, 0xF4B6,
    0xFCD7, 0xFCF7, 0xD412, 0xAB0E, 0xFC96, 0xFCD7, 0xFCB7, 0xFCD7, 0xFCB6, 0xE3F4, 0xD372, 0xDB72, 0xDB72, 0xDB72, 0xE3B3, 0xF455,
    0xBB50, 0xF4B6, 0xFCD7, 0xFCD7, 0xFCB7, 0xF4D7, 0xFCD6, 0xF4B6, 0xF4D6, 0xFCD7, 0xFCD6, 0xF4B7, 0xF4D6, 0xF4D6, 0xFCD7, 0xFCD7,
    0xFCD6, 0xF4D6, 0xF4D7, 0xF4B7, 0xFCD6, 0xFCD7, 0xFCD6, 0xFCD6, 0xFCD7, 0xFCB7, 0xFCD6, 0xFCB6, 0xFCD6, 0xFCD7, 0xFCD6, 0xFCD7,
    0xFCD7, 0xFCD6, 0xF4D6, 0xFCD7, 0xFCB7, 0xFCD6, 0xF4B7, 0xFCD8, 0xC413, 0x7D39, 0x8E3E, 0x8DFD, 0x8E1D, 0x8E1E, 0x8E1D, 0x8E1D,
    0x8E1D, 0x8E1D, 0x8E1D, 0x8E1D, 0x8E1D, 0x8E1D, 0x8E1D, 0x8E1D, 0x8E1D, 0x8E1D, 0x8E1D, 0x8E1D, 0x8E1D, 0x8E1D, 0x8E1D, 0x8E1D,
    0xEDDB, 0xEDDB, 0xEDDC, 0xE5DC, 0xD5FB, 0xCDFC, 0xC5FC, 0xCDFC, 0xCDFC, 0xB5FD, 0x9DFD, 0x9E1D, 0x961D, 0x961D, 0x961D, 0x961D,
    0x961D, 0x961D, 0x961D, 0x961D, 0x961D, 0x961D, 0x961D, 0x961E, 0x961D, 0x961D, 0x961E, 0x961D, 0x961D, 0x961D, 0x961D, 0x961D,
    0x961D, 0x961D, 0x961D, 0x961D, 0x961D, 0x961D, 0x961D, 0x961D, 0x961D, 0x961D, 0x961D, 0x961E, 0x961D, 0x961D, 0x961E, 0x961D,
    0x961D, 0x961D, 0x961D, 0x961D, 0x961D, 0x961D, 0x961D, 0x961D, 0x961D, 0x961D, 0x961D, 0x961D, 0x961D, 0x961D, 0x8E1D, 0x8E1E,
    0x8E1D, 0x8E1D, 0x8E1D, 0x8E1D, 0x8E1D, 0x8E1D, 0x8E1D, 0x8E1D, 0x8E1D, 0x8E1D, 0x8E1D, 0x8E1D, 0x961D, 0x8E1D, 0x8E1D, 0x8E1D,
    0x8E1D, 0x8E1D, 0x8E1D, 0x961E, 0x961D, 0x8E1D, 0x8E1D, 0x961D, 0x8E1D, 0x8E1D, 0x8E1D, 0x8E1D, 0x8E1D, 0x8E1D, 0x8E1D, 0x8E1D,
    0x8E1D, 0x8E1D, 0x8E1D, 0x8E1D, 0x8E1D, 0x8E1D, 0x8E1D, 0x8E1E, 0x8E1E, 0x8E1D, 0x8E1D, 0x8E1D, 0x8E1D, 0x961D, 0x961D, 0x8DFD,
    0x8DFE, 0x965E, 0x5B90, 0xC391, 0xFCF7, 0xF4B6, 0xFCD6, 0xFCD6, 0xF4D6, 0xFCD7, 0xFCD7, 0xF4D7, 0xF4D7, 0xFCD6, 0xFCD6, 0xFCD7,
    0xFCD6, 0xFCD7, 0xFCD7, 0xFCD7, 0xFCD7, 0xFCD6, 0xFCD7, 0xFCD7, 0xFCD7, 0xFCD6, 0xFCD6, 0xF4D6, 0xF4B6, 0xF4D6, 0xFCD6, 0xF4D7,
    0xFCD7, 0xFCD7, 0xFCD7, 0xFCD7, 0xFCD7, 0xFCD7, 0xFCD7, 0xF4D7, 0xF4D7, 0xFCD6, 0xFCB7, 0xFCB6, 0xF4B6, 0xFCB6, 0xFCF7, 0xFCF7,
    0xD413, 0x726B, 0x2904, 0x4146, 0x7A2B, 0x92CD, 0xA30F, 0x9ACE, 0x928D, 0xBAEF, 0xDB52, 0xE393, 0xEB93, 0xEBB3, 0xE393, 0xBB10,
    0xE434, 0xFCD6, 0xF4B6, 0xFCD6, 0xFCB7, 0xF4D6, 0xF4D6, 0xF4D6, 0xF4B7, 0xFCB7, 0xFCD6, 0xF4D7, 0xF4D7, 0xF4D6, 0xFCD7, 0xFCD6,
    0xFCD7, 0xF4D7, 0xF4D6, 0xF4B6, 0xF4D6, 0xFCB7, 0xFCD6, 0xFCD6, 0xFCD7, 0xFCD7, 0xFCD7, 0xFCD7, 0xF4D7, 0xFCD7, 0xFCD7, 0xFCD7,
    0xFCB7, 0xFCD6, 0xF4D6, 0xFCD7, 0xFCB7, 0xFCB7, 0xF4D6, 0xFCF7, 0xDC34, 0x7CD7, 0x8E3E, 0x8DFD, 0x8E1D, 0x8E1D, 0x8E1D, 0x8E1D,
    0x8E1D, 0x8E1D, 0x8E1D, 0x8E1D, 0x8E1D, 0x8E1D, 0x8E1D, 0x8E1D, 0x8E1D, 0x8E1D, 0x8E1D, 0x8E1D, 0x8E1D, 0x8E1D, 0x8E1D, 0x8E1D,
    0xDDFC, 0xDDDB, 0xDDDC, 0xD5FC, 0xCDFC, 0xCDFC, 0xD5FC, 0xD5FC, 0xD5FC, 0xC5FC, 0xB5FC, 0xBDFD, 0xBDFC, 0xA5FC, 0x961D, 0x961D,
    0x961D, 0x961D, 0x961D, 0x961D, 0x961D, 0x961D, 0x961D, 0x961D, 0x961D, 0x961D, 0x961D, 0x961D, 0x961D, 0x961D, 0x961D, 0x961D,
    0x961D, 0x961D, 0x961D, 0x961D, 0x961D, 0x961D, 0x961D, 0x961D, 0x961D, 0x961D, 0x961D, 0x961D, 0x961D, 0x961D, 0x961D, 0x961D,
    0x961D, 0x961D, 0x961D, 0x961D, 0x961D, 0x961D, 0x961D, 0x961D, 0x961E, 0x961D, 0x961D, 0x961D, 0x961D, 0x961D, 0x961D, 0x961D,
    0x961D, 0x961D, 0x961D, 0x961D, 0x961D, 0x961D, 0x961D, 0x961D, 0x961D, 0x961D, 0x961D, 0x961D, 0x961D, 0x961D, 0x961D, 0x961D,
    0x961D, 0x961D, 0x8E1D, 0x961D, 0x961D, 0x961D, 0x961D, 0x961D, 0x961D, 0x961D, 0x961D, 0x961D, 0x961D, 0x8E1D, 0x8E1D, 0x8E1D,
    0x8E1D, 0x961D, 0x961D, 0x961D, 0x961D, 0x961D, 0x8E1D, 0x8E1D, 0x8E1D, 0x8E1D, 0x961D, 0x961D, 0x961D, 0x961D, 0x8DFD, 0x8E1D,
    0x961D, 0x6390, 0x39A7, 0x7AAC, 0xFCD7, 0xF4B6, 0xFCB6, 0xFCD7, 0xF4D6, 0xFCD7, 0xFCD6, 0xFCD6, 0xFCD7, 0xFCD6, 0xFCD6, 0xFCD7,
    0xFCD6, 0xFCD7, 0xFCD7, 0xFCD6, 0xFCD7, 0xFCD7, 0xFCD7, 0xF4D6, 0xFCD7, 0xF4D7, 0xFCD6, 0xFCD6, 0xF4B6, 0xF4D7, 0xFCD6, 0xFCD6,
    0xF4D7, 0xF4D7, 0xF4D7, 0xFCD7, 0xFCD7, 0xFCD7, 0xFCD7, 0xFCD6, 0xF4D6, 0xF4B6, 0xF4B6, 0xFCD7, 0xFD17, 0xF4B6, 0xBB91, 0x6A09,
    0x2904, 0x18C3, 0x2925, 0x2124, 0x18E3, 0x20E3, 0x20E3, 0x18E3, 0x20E3, 0x3125, 0x4987, 0x61E9, 0x7209, 0x720A, 0x5187, 0x5187,
    0xCC12, 0xFCF7, 0xFCB6, 0xF4B6, 0xF4B7, 0xF4B6, 0xF4D6, 0xFCD6, 0xFCB7, 0xFCD7, 0xFCB7, 0xF4D7, 0xFCD7, 0xF4D7, 0xF4D7, 0xFCD7,
    0xFCD6, 0xF4D7, 0xF4B6, 0xF4B6, 0xF4B6, 0xFCB7, 0xFCB7, 0xFCD6, 0xFCD7, 0xFCB7, 0xFCD7, 0xFCD6, 0xFCB6, 0xFCD7, 0xFCD6, 0xFCD7,
    0xFCD7, 0xFCD7, 0xFCD7, 0xFCD7, 0xFCD6, 0xFCD7, 0xF4D7, 0xFCF7, 0xEC74, 0x8475, 0x8E3E, 0x8DFD, 0x8E1D, 0x8E1D, 0x8E1D, 0x8E1D,
    0x8E1D, 0x8E1D, 0x8E1D, 0x8E1D, 0x8E1D, 0x8E1D, 0x8E1D, 0x8E1D, 0x8E1D, 0x8E1D, 0x8E1D, 0x8E1E, 0x8E1D, 0x8E1D, 0x8E1D, 0x8E1D,
    0xD5FC, 0xCDFC, 0xCDFC, 0xCDFC, 0xCDFC, 0xD5FC, 0xCDFC, 0xC5FC, 0xC5FC, 0xC5FC, 0xD5FC, 0xE5FB, 0xDDFB, 0xC5FC, 0xB5FC, 0xBDFD,
    0xB5FD, 0x9E1D, 0x961D, 0x961D, 0x961D, 0x961D, 0x961D, 0x961D, 0x961D, 0x961D, 0x961D, 0x961D, 0x961D, 0x961D, 0x961D, 0x961D,
    0x961D, 0x961D, 0x961D, 0x961D, 0x961E, 0x961D, 0x961D, 0x961D, 0x961E, 0x961D, 0x961D, 0x961D, 0x961D, 0x961D, 0x961D, 0x961D,
    0x961D, 0x961D, 0x961D, 0x961D, 0x961D, 0x961D, 0x961D, 0x961D, 0x961E, 0x961D, 0x961D, 0x961D, 0x961D, 0x961D, 0x961D, 0x961D,
    0x961D, 0x961D, 0x961D, 0x961D, 0x961D, 0x961D, 0x961D, 0x961D, 0x961D, 0x961D, 0x961D, 0x961D, 0x961E, 0x961D, 0x961D, 0x961D,
    0x961D, 0x961D, 0x961D, 0x961D, 0x961D, 0x961D, 0x961D, 0x961D, 0x961D, 0x961D, 0x961D, 0x961D, 0x961D, 0x961D, 0x961D, 0x961D,
    0x961E, 0x961D, 0x961D, 0x961D, 0x961D, 0x961D, 0x961D, 0x8E1D, 0x961D, 0x961D, 0x961D, 0x961D, 0x961D, 0x8DFD, 0x8E1D, 0x8E1D,
    0x534F, 0x41C7, 0x5249, 0x3986, 0xC3B2, 0xFCF8, 0xF4B6, 0xFCD6, 0xFCD6, 0xFCD7, 0xFCD7, 0xFCD6, 0xFCD7, 0xFCD6, 0xFCD7, 0xFCD7,
    0xFCD7, 0xFCD7, 0xFCD7, 0xFCD7, 0xFCD6, 0xFCD7, 0xFCD7, 0xFCD6, 0xFCD7, 0xF4D7, 0xFCD7, 0xFCD7, 0xFCD6, 0xFCD7, 0xFCD7, 0xFCD6,
    0xFCD6, 0xF4D6, 0xF4D6, 0xF4D7, 0xFCD7, 0xFCB7, 0xF4B7, 0xF4B6, 0xFCD6, 0xFCF7, 0xFCF7, 0xE474, 0xA32E, 0x51C8, 0x20E4, 0x20E3,
    0x2924, 0x2925, 0x2924, 0x2924, 0x2924, 0x2924, 0x2924, 0x2925, 0x2924, 0x2124, 0x2104, 0x2103, 0x2103, 0x1904, 0x2104, 0x2104,
    0x2904, 0x8AAD, 0xF4B6, 0xFCF7, 0xF4B6, 0xF4B6, 0xFCD7, 0xFCD6, 0xF4D6, 0xFCD6, 0xFCD6, 0xF4D7, 0xFCD6, 0xFCD6, 0xFCD7, 0xFCD7,
    0xFCD6, 0xF4D6, 0xF4D7, 0xF4B6, 0xF4D6, 0xFCB7, 0xFCB7, 0xFCD7, 0xFCD7, 0xFCD7, 0xFCD7, 0xFCB6, 0xFCD6, 0xFCD7, 0xFCD6, 0xFCD7,
    0xFCD7, 0xFCD6, 0xFCD7, 0xFCD7, 0xFCD6, 0xF4D6, 0xF4D7, 0xFCD7, 0xF495, 0x8C34, 0x8E3E, 0x8DFD, 0x8E1D, 0x8E1D, 0x8E1D, 0x8E1D,
    0x8E1D, 0x8E1D, 0x8E1D, 0x8E1D, 0x8E1D, 0x8E1D, 0x8E1D, 0x8E1D, 0x8E1D, 0x8E1D, 0x8E1D, 0x8E1D, 0x8E1D, 0x8E1D, 0x8E1D, 0x8E1D,
    0xC5FC, 0xC5FC, 0xC5FC, 0xC5FC, 0xC5FC, 0xBDFC, 0xB5FD, 0xB5FC, 0xB5FD, 0xBDFC, 0xDDFC, 0xF5FC, 0xF5FB, 0xEDFC, 0xE5FC, 0xE5FB,
    0xD5FC, 0xB5FD, 0xA61D, 0x9E1D, 0x961D, 0x961D, 0x961D, 0x961D, 0x961D, 0x961D, 0x961D, 0x961D, 0x961D, 0x961D, 0x961D, 0x961E,
    0x961D, 0x961D, 0x961D, 0x961D, 0x961D, 0x961D, 0x961D, 0x961D, 0x961D, 0x961D, 0x961D, 0x961E, 0x961D, 0x961D, 0x961D, 0x961D,
    0x963D, 0x961D, 0x961D, 0x961E, 0x961D, 0x961D, 0x961D, 0x961D, 0x961D, 0x961D, 0x961D, 0x961D, 0x961D, 0x961D, 0x961D, 0x961E,
    0x961E, 0x961D, 0x961D, 0x961D, 0x961D, 0x961D, 0x961D, 0x961E, 0x961D, 0x961D, 0x961E, 0x961D, 0x961D, 0x961D, 0x961D, 0x961D,
    0x961D, 0x961D, 0x961D, 0x961E, 0x961E, 0x961D, 0x961D, 0x961D, 0x961D, 0x961D, 0x961D, 0x961D, 0x961E, 0x961D, 0x961D, 0x961D,
    0x961D, 0x961D, 0x961E, 0x961D, 0x961D, 0x961D, 0x961D, 0x961E, 0x961E, 0x961D, 0x961D, 0x961D, 0x8E1D, 0x961D, 0x961D, 0x5350,
    0x41C8, 0x524A, 0x39C7, 0x2104, 0x4166, 0xE454, 0xFCF8, 0xF4B6, 0xF4D6, 0xFCD7, 0xFCD7, 0xFCD7, 0xFCD7, 0xFCD6, 0xFCD6, 0xFCD7,
    0xFCD7, 0xFCD6, 0xFCD7, 0xFCD7, 0xFCB7, 0xFCD7, 0xFCD7, 0xFCD7, 0xFCD6, 0xFCD7, 0xFCD7, 0xFCD7, 0xFCB7, 0xFCD7, 0xFCB7, 0xF4D7,
    0xF4D7, 0xF4B7, 0xF4B6, 0xF4B6, 0xF4B6, 0xFCB6, 0xFCF7, 0xFD17, 0xF4B6, 0xC3D2, 0x7A6B, 0x3946, 0x20E3, 0x2104, 0x2925, 0x2925,
    0x2924, 0x2924, 0x2924, 0x2924, 0x2925, 0x2925, 0x2924, 0x2924, 0x2924, 0x2924, 0x2924, 0x2924, 0x2925, 0x2925, 0x2924, 0x2925,
    0x2924, 0x18C3, 0x51A8, 0xD3F3, 0xFCF7, 0xF4B6, 0xF4B6, 0xFCD6, 0xFCD7, 0xFCB7, 0xFCD7, 0xFCD7, 0xFCD6, 0xF4D6, 0xFCD6, 0xFCD7,
    0xFCD7, 0xFCD7, 0xF4B6, 0xF4B7, 0xFCD7, 0xFCD6, 0xFCB6, 0xFCD7, 0xFCD7, 0xFCD7, 0xFCD7, 0xFCD7, 0xFCB7, 0xFCD7, 0xFCD7, 0xFCD7,
    0xFCD7, 0xFCD7, 0xFCD6, 0xFCD7, 0xFCB7, 0xFCD7, 0xF4D7, 0xFCD7, 0xF496, 0x9414, 0x8E1E, 0x8DFD, 0x8E1D, 0x8E1D, 0x8E1D, 0x8E1D,
    0x8E1D, 0x8E1D, 0x8E1D, 0x8E1D, 0x8E1D, 0x8E1D, 0x8E1D, 0x8E1D, 0x8E1D, 0x8E1D, 0x8E1D, 0x8E1D, 0x8E1D, 0x8E1D, 0x8E1D, 0x961D,
    0xC5FC, 0xC5FC, 0xD5FC, 0xDDFC, 0xCDFC, 0xC5FC, 0xBDFC, 0xBDFC, 0xBDFC, 0xC5FC, 0xE5FB, 0xF5FC, 0xFE1B, 0xFDFB, 0xF5FB, 0xF5FB,
    0xE5FB, 0xCDFC, 0xBDFC, 0xAE1D, 0x9E1D, 0x961D, 0x961D, 0x961D, 0x961D, 0x961D, 0x961D, 0x961D, 0x961D, 0x961D, 0x961D, 0x961D,
    0x961D, 0x961D, 0x961D, 0x961D, 0x961D, 0x961D, 0x961D, 0x961D, 0x961D, 0x961D, 0x961D, 0x961D, 0x961D, 0x961D, 0x961D, 0x961E,
    0x961E, 0x961D, 0x961D, 0x961D, 0x961D, 0x961D, 0x961D, 0x961D, 0x961D, 0x961D, 0x961D, 0x961D, 0x961D, 0x961D, 0x961D, 0x961D,
    0x961D, 0x961D, 0x961D, 0x961D, 0x961D, 0x961D, 0x961D, 0x961D, 0x961E, 0x961D, 0x961D, 0x961D, 0x961D, 0x961D, 0x961D, 0x961D,
    0x961D, 0x961D, 0x961D, 0x961D, 0x961D, 0x961D, 0x961D, 0x961D, 0x961E, 0x961D, 0x961D, 0x961D, 0x961E, 0x961D, 0x961D, 0x961D,
    0x961D, 0x961D, 0x961D, 0x961D, 0x961D, 0x961D, 0x961D, 0x961D, 0x961D, 0x961D, 0x961D, 0x961D, 0x8DFD, 0x963E, 0x5B91, 0x41C7,
    0x524A, 0x39C7, 0x2924, 0x2925, 0x2104, 0x4187, 0xCBF3, 0xFCF8, 0xFCD7, 0xF4B6, 0xF4B6, 0xF4D6, 0xFCD6, 0xFCD6, 0xFCD6, 0xFCD6,
    0xFCD7, 0xF4D6, 0xF4D7, 0xFCD6, 0xFCD7, 0xFCD7, 0xF4D6, 0xFCD7, 0xF4D7, 0xF4D7, 0xF4D7, 0xF4D6, 0xF4B6, 0xF4B6, 0xF4B6, 0xF4B6,
    0xF4B6, 0xFCB6, 0xFCD7, 0xFCF7, 0xFCF8, 0xF4B6, 0xCBF2, 0x8ACC, 0x49A7, 0x2904, 0x20E3, 0x2124, 0x2925, 0x2924, 0x2924, 0x2924,
    0x2924, 0x2924, 0x2924, 0x2924, 0x2924, 0x2924, 0x2924, 0x2924, 0x2924, 0x2925, 0x2924, 0x2924, 0x2924, 0x2925, 0x2924, 0x2924,
    0x2924, 0x2925, 0x20E4, 0x3124, 0x9AEE, 0xFCD7, 0xFCD7, 0xF4B6, 0xFCB6, 0xFCD7, 0xFCD6, 0xFCD6, 0xFCD6, 0xFCB7, 0xFCD7, 0xFCD7,
    0xFCD6, 0xFCB7, 0xFCB6, 0xFCB6, 0xFCB7, 0xFCD7, 0xFCB7, 0xFCD7, 0xFCD7, 0xFCD7, 0xFCD7, 0xFCD6, 0xFCD6, 0xFCD7, 0xFCD6, 0xF4D7,
    0xFCD7, 0xFCD7, 0xF4D6, 0xFCD7, 0xFCD6, 0xFCD7, 0xF4D7, 0xF4D6, 0xFC95, 0x8C13, 0x863D, 0x8E1D, 0x8E1D, 0x8E1D, 0x8E1D, 0x8E1D,
    0x8E1D, 0x8E1D, 0x8E1D, 0x8E1D, 0x8E1D, 0x8E1D, 0x8E1D, 0x8E1D, 0x8E1D, 0x8E1D, 0x8E1D, 0x8E1D, 0x8E1D, 0x8E1D, 0x8E1D, 0x961D,
    0xE5FB, 0xEDDB, 0xF5BB, 0xF5DB, 0xF5DB, 0xEDDB, 0xE5FC, 0xE5DB, 0xE5FC, 0xEDFB, 0xF5FB, 0xF5FB, 0xF61B, 0xFDFB, 0xF5FB, 0xEDFB,
    0xDDFC, 0xCDFC, 0xC5FC, 0xB5FC, 0xA61D, 0x9E1D, 0x9E1D, 0x9E1D, 0x961D, 0x961D, 0x961D, 0x961E, 0x961D, 0x961D, 0x961D, 0x961D,
    0x961D, 0x961D, 0x961D, 0x961D, 0x961D, 0x961D, 0x961D, 0x961D, 0x961D, 0x961D, 0x961D, 0x961D, 0x961D, 0x961D, 0x961D, 0x961E,
    0x961D, 0x961D, 0x961D, 0x961D, 0x961D, 0x961D, 0x961D, 0x961D, 0x961D, 0x961D, 0x961D, 0x961D, 0x961D, 0x961D, 0x961D, 0x961D,
    0x961D, 0x961D, 0x961D, 0x961D, 0x961D, 0x961D, 0x961D, 0x961D, 0x961D, 0x961D, 0x961D, 0x961D, 0x961D, 0x961D, 0x961D, 0x961D,
    0x961D, 0x961D, 0x961D, 0x961D, 0x961D, 0x961D, 0x961D, 0x961D, 0x961E, 0x961D, 0x961D, 0x961D, 0x961D, 0x961D, 0x961D, 0x961D,
    0x961D, 0x961D, 0x961D, 0x961E, 0x961D, 0x961D, 0x961D, 0x961D, 0x961D, 0x961D, 0x961D, 0x95FD, 0x9E3E, 0x63F3, 0x39C7, 0x5249,
    0x41C7, 0x2924, 0x2924, 0x2925, 0x2925, 0x2104, 0x3125, 0x8AAD, 0xE454, 0xFCF7, 0xFCF7, 0xFCD7, 0xFCB6, 0xF4B6, 0xF4B6, 0xF4B6,
    0xF4B7, 0xF4B6, 0xF4B6, 0xF4B6, 0xF4B6, 0xF4B6, 0xF4B6, 0xF4B6, 0xF4B6, 0xF4B6, 0xF4B6, 0xF4B6, 0xF4B7, 0xFCD6, 0xFCD7, 0xFCF7,
    0xFCF8, 0xFCD6, 0xE474, 0xBB90, 0x828C, 0x49A7, 0x2904, 0x20E3, 0x2104, 0x2925, 0x2925, 0x2924, 0x2924, 0x2924, 0x2924, 0x2924,
    0x2925, 0x2924, 0x2924, 0x2924, 0x2924, 0x2924, 0x2924, 0x2924, 0x2925, 0x2925, 0x2924, 0x2924, 0x2924, 0x2925, 0x2924, 0x2924,
    0x2924, 0x2924, 0x2925, 0x2924, 0x20E4, 0x61E9, 0xDC33, 0xFCF7, 0xFCB6, 0xF4B6, 0xFCB6, 0xFCB6, 0xFCD6, 0xFCB7, 0xFCB6, 0xFCD7,
    0xFCD6, 0xFCD7, 0xFCD7, 0xFCD6, 0xF4D7, 0xF4D7, 0xFCB7, 0xFCD6, 0xF4D7, 0xF4D6, 0xF4D6, 0xFCD7, 0xF4D7, 0xFCD7, 0xF4D6, 0xF4D7,
    0xFCD7, 0xFCD7, 0xF4D7, 0xFCD7, 0xFCD6, 0xFCD7, 0xFCD6, 0xFCB7, 0xF475, 0x8C14, 0x8E3D, 0x8E1D, 0x8E1D, 0x8E1D, 0x8E1D, 0x8E1D,
    0x8E1D, 0x8E1D, 0x8E1D, 0x8E1D, 0x8E1D, 0x8E1D, 0x8E1D, 0x8E1D, 0x8E1D, 0x8E1D, 0x8E1D, 0x8E1D, 0x8E1D, 0x8E1D, 0x8E1D, 0x8E1D,
    0xF5DB, 0xF5DB, 0xF5DB, 0xF5DB, 0xF5DB, 0xFDDB, 0xFDDB, 0xFDDB, 0xFDDB, 0xFDFB, 0xFDFB, 0xFDFB, 0xFDFB, 0xFDFB, 0xEDFB, 0xDDFC,
    0xCDFC, 0xC5FC, 0xBDFC, 0xB5FD, 0xADFD, 0xA61D, 0xA61D, 0x9E1D, 0x961D, 0x961D, 0x961D, 0x961D, 0x961D, 0x961D, 0x961D, 0x961D,
    0x961D, 0x961D, 0x961D, 0x961D, 0x961D, 0x961D, 0x961D, 0x961D, 0x961D, 0x961D, 0x961D, 0x961D, 0x961D, 0x961D, 0x961D, 0x961D,
    0x961D, 0x961E, 0x961D, 0x961D, 0x961D, 0x961D, 0x961D, 0x961D, 0x961D, 0x961D, 0x961D, 0x961D, 0x961D, 0x961D, 0x961D, 0x961D,
    0x961E, 0x961D, 0x961D, 0x961D, 0x961D, 0x961D, 0x961D, 0x961D, 0x961D, 0x961D, 0x961D, 0x961D, 0x961D, 0x961D, 0x961D, 0x961D,
    0x961D, 0x961D, 0x961D, 0x961D, 0x961D, 0x961D, 0x961D, 0x961D, 0x961D, 0x961D, 0x961D, 0x961D, 0x961D, 0x961D, 0x961D, 0x961D,
    0x961D, 0x961D, 0x961D, 0x961D, 0x961D, 0x961D, 0x961D, 0x961D, 0x961D, 0x961D, 0x95FD, 0x9E5E, 0x7496, 0x39C7, 0x4A2A, 0x41E8,
    0x2925, 0x2924, 0x2924, 0x2924, 0x2924, 0x2924, 0x2924, 0x18E3, 0x3946, 0x7A6B, 0xBB91, 0xE474, 0xFCB7, 0xFCF7, 0xFCF7, 0xFCF7,
    0xFCF7, 0xFCF7, 0xFCF8, 0xFCF7, 0xFCF7, 0xFCF7, 0xFCF7, 0xFCF7, 0xFCD7, 0xFCD7, 0xFCF7, 0xFCF7, 0xFCD7, 0xF495, 0xDC33, 0xBB90,
    0x8AAC, 0x59E9, 0x3945, 0x20E3, 0x18E3, 0x2104, 0x2925, 0x2925, 0x2924, 0x2924, 0x2924, 0x2924, 0x2924, 0x2924, 0x2924, 0x2924,
    0x2924, 0x2924, 0x2924, 0x2924, 0x2924, 0x2925, 0x2924, 0x2924, 0x2924, 0x2924, 0x2925, 0x2924, 0x2924, 0x2924, 0x2925, 0x2924,
    0x2924, 0x2924, 0x2924, 0x2924, 0x2925, 0x20E4, 0x3125, 0x9B0E, 0xFCD6, 0xFCD7, 0xF4B6, 0xFCB6, 0xFCD6, 0xFCB6, 0xFCB6, 0xFCB7,
    0xFCD6, 0xFCD6, 0xFCD6, 0xFCD6, 0xFCD6, 0xF4D7, 0xF4D6, 0xFCD6, 0xFCD6, 0xF4D6, 0xF4D6, 0xF4D7, 0xF4D6, 0xF4D7, 0xF4D7, 0xF4D7,
    0xF4D6, 0xF4D7, 0xFCD7, 0xFCD7, 0xFCD7, 0xF4D7, 0xFCD6, 0xFCD7, 0xF475, 0x8C35, 0x8E3E, 0x8DFD, 0x8E1D, 0x8E1D, 0x8E1D, 0x961D,
    0x961D, 0x8E1D, 0x8E1D, 0x8E1D, 0x8E1D, 0x8E1D, 0x8E1D, 0x8E1D, 0x8E1D, 0x8E1D, 0x961D, 0x961D, 0x961D, 0x8E1D, 0x8E1D, 0x961D,
    0xE5DB, 0xE5BB, 0xE5BB, 0xE5DB, 0xE5BC, 0xEDDB, 0xF5DB, 0xF5DB, 0xF5DB, 0xF5FB, 0xFDFB, 0xFDFB, 0xF5FB, 0xEDDC, 0xD5FC, 0xC5FC,
    0xBDFC, 0xB61C, 0xA61D, 0xA61D, 0xA61D, 0xA61D, 0xA61D, 0x9E1D, 0x9E1D, 0x961D, 0x9E1D, 0x961D, 0x961D, 0x961D, 0x961D, 0x961D,
    0x961D, 0x961E, 0x961D, 0x961D, 0x961D, 0x961D, 0x961D, 0x961D, 0x961D, 0x961D, 0x961D, 0x961D, 0x961D, 0x961D, 0x961D, 0x961D,
    0x961D, 0x961D, 0x961D, 0x961D, 0x961D, 0x961E, 0x961D, 0x961D, 0x961E, 0x961D, 0x961D, 0x961D, 0x961D, 0x961D, 0x961D, 0x961D,
    0x961D, 0x961D, 0x961D, 0x961D, 0x961D, 0x961D, 0x961D, 0x961D, 0x961D, 0x961D, 0x961D, 0x961D, 0x961D, 0x961D, 0x961D, 0x961D,
    0x961D, 0x961D, 0x961D, 0x961D, 0x961D, 0x961D, 0x961D, 0x961D, 0x961D, 0x961D, 0x961D, 0x961D, 0x961D, 0x961D, 0x961D, 0x961D,
    0x961D, 0x961D, 0x961D, 0x961D, 0x961D, 0x961D, 0x961D, 0x961D, 0x961D, 0x95FD, 0x9E3E, 0x8559, 0x39E8, 0x4A29, 0x4208, 0x2945,
    0x2924, 0x2924, 0x2925, 0x2924, 0x2924, 0x2925, 0x2924, 0x2925, 0x2124, 0x18E3, 0x20E4, 0x3946, 0x51C8, 0x7A4B, 0xAB2F, 0xBB91,
    0xC3B2, 0xCBD2, 0xD3D3, 0xD3F3, 0xD3D3, 0xD3F3, 0xD3D3, 0xCBB2, 0xD3D2, 0xCBD2, 0x9B0E, 0x7A4B, 0x59E8, 0x4166, 0x3124, 0x20E4,
    0x18E3, 0x2104, 0x2104, 0x2925, 0x2925, 0x2924, 0x2924, 0x2924, 0x2924, 0x2924, 0x2925, 0x2924, 0x2924, 0x2925, 0x2924, 0x2924,
    0x2924, 0x2924, 0x2924, 0x2925, 0x2924, 0x2924, 0x2924, 0x2924, 0x2924, 0x2924, 0x2924, 0x2924, 0x2924, 0x2924, 0x2925, 0x2925,
    0x2924, 0x2924, 0x2924, 0x2924, 0x2924, 0x2925, 0x2904, 0x20E3, 0x59E8, 0xD413, 0xFCD7, 0xFCB6, 0xF4B6, 0xF4B6, 0xFCB6, 0xFCD7,
    0xF4B6, 0xFCD6, 0xFCD6, 0xFCB7, 0xF4D6, 0xF4D7, 0xF4B7, 0xFCB6, 0xFCB7, 0xF4B6, 0xF4D6, 0xF4B7, 0xF4D7, 0xF4D7, 0xF4D7, 0xF4D7,
    0xF4D7, 0xFCD7, 0xFCB7, 0xFCD7, 0xFCD7, 0xF4D7, 0xF4B6, 0xFCD7, 0xE454, 0x8475, 0x8E3E, 0x8DFD, 0x961D, 0x961D, 0x961D, 0x961D,
    0x961D, 0x8E1D, 0x961D, 0x961D, 0x961D, 0x961D, 0x961D, 0x961D, 0x961D, 0x8E1D, 0x961D, 0x961D, 0x961D, 0x8E1D, 0x961D, 0x961D,
    0xDDDB, 0xDDDB, 0xDDDB, 0xDDDC, 0xD5BC, 0xD5DB, 0xD5DB, 0xE5DB, 0xEDDB, 0xF5DB, 0xF5DB, 0xF5DB, 0xE5DB, 0xCDDC, 0xB5FC, 0xAE1D,
    0xA61D, 0xA61D, 0x9E1D, 0x9E1D, 0x9E1D, 0x9E1D, 0x9E1D, 0x9E1D, 0x9E1D, 0x961D, 0x961D, 0x9E3D, 0x9E1D, 0x9E1D, 0x9E1D, 0x9E1D,
    0x9E1D, 0x9E1D, 0x961D, 0x961D, 0x961D, 0x961D, 0x961D, 0x961D, 0x961E, 0x963D, 0x961D, 0x961D, 0x961E, 0x961D, 0x961D, 0x961D,
    0x961D, 0x961D, 0x961D, 0x961D, 0x961D, 0x961D, 0x961D, 0x961D, 0x961D, 0x961D, 0x961D, 0x961D, 0x961D, 0x961D, 0x961D, 0x961D,
    0x961D, 0x961D, 0x961D, 0x961D, 0x961D, 0x961D, 0x961D, 0x961D, 0x961D, 0x961D, 0x961D, 0x961D, 0x961D, 0x961D, 0x961D, 0x963D,
    0x961D, 0x961D, 0x961D, 0x961D, 0x961D, 0x961D, 0x961D, 0x961D, 0x961D, 0x961D, 0x961D, 0x961D, 0x961D, 0x961D, 0x961D, 0x961D,
    0x961D, 0x961D, 0x961D, 0x961D, 0x961D, 0x961D, 0x961D, 0x961D, 0x961D, 0x961D, 0x95DB, 0x426B, 0x41E7, 0x4A29, 0x3165, 0x2925,
    0x2924, 0x2924, 0x2924, 0x2924, 0x2924, 0x2924, 0x2924, 0x2924, 0x2924, 0x2925, 0x2944, 0x2104, 0x20E4, 0x9B0F, 0xDC55, 0xDC14,
    0xD413, 0xCBD3, 0xCBD2, 0xCBD3, 0xCBD2, 0xCBD2, 0xD3D3, 0xE434, 0xCBD2, 0x6A0A, 0x18A2, 0x10A2, 0x18E3, 0x2104, 0x2924, 0x2924,
    0x2925, 0x2925, 0x2925, 0x2924, 0x2924, 0x2924, 0x2924, 0x2925, 0x2924, 0x2924, 0x2924, 0x2924, 0x2924, 0x2924, 0x2924, 0x2924,
    0x2924, 0x2925, 0x2924, 0x2924, 0x2924, 0x2924, 0x2925, 0x2924, 0x2924, 0x2924, 0x2924, 0x2924, 0x2925, 0x2924, 0x2924, 0x2924,
    0x2924, 0x2924, 0x2924, 0x2924, 0x2924, 0x2924, 0x2925, 0x2924, 0x20E4, 0x2904, 0x8AAD, 0xEC75, 0xFCF7, 0xF4B6, 0xF4B6, 0xFCD6,
    0xFCB7, 0xF4D6, 0xFCD6, 0xFCB7, 0xFCB7, 0xFCD6, 0xF4B6, 0xFCD7, 0xFCD6, 0xFCB6, 0xFCB7, 0xFCD6, 0xFCD6, 0xF4D7, 0xF4D7, 0xF4D7,
    0xFCD7, 0xFCD6, 0xF4D6, 0xFCD7, 0xF4D7, 0xFCD6, 0xF4B6, 0xFCD8, 0xD412, 0x84F7, 0x963E, 0x8DFD, 0x961D, 0x961D, 0x961D, 0x961D,
    0x961D, 0x961D, 0x961D, 0x961D, 0x961D, 0x961D, 0x961D, 0x961D, 0x961D, 0x961D, 0x961D, 0x961D, 0x961D, 0x961D, 0x961D, 0x961D,
    0xD5DC, 0xCDDC, 0xC5DC, 0xC5FC, 0xBDFC, 0xB5FC, 0xBDDC, 0xD5DB, 0xE5BB, 0xE5DB, 0xE5DB, 0xDDDB, 0xCDDC, 0xADFC, 0x9E1D, 0x9E1D,
    0x9E1D, 0x9E1D, 0x9E1D, 0x9E1D, 0x9E1E, 0x9E1D, 0x9E1D, 0x9E1D, 0x9E1D, 0x9E1D, 0x9E1D, 0x9E1D, 0x9E1D, 0x9E1D, 0x9E1D, 0x9E1D,
    0x9E1D, 0x9E1D, 0x9E1D, 0x9E1D, 0x9E1D, 0x9E1E, 0x9E1D, 0x9E1D, 0x9E1E, 0x961D, 0x9E1D, 0x9E1D, 0x9E1D, 0x9E1D, 0x961D, 0x9E1D,
    0x9E1D, 0x961D, 0x961D, 0x961D, 0x961D, 0x961D, 0x961D, 0x961D, 0x961D, 0x961E, 0x961D, 0x961D, 0x961D, 0x961D, 0x961D, 0x961D,
    0x961D, 0x961D, 0x961D, 0x961D, 0x961D, 0x961D, 0x961D, 0x961D, 0x961D, 0x961D, 0x961D, 0x961D, 0x961D, 0x961D, 0x961E, 0x961D,
    0x961D, 0x961D, 0x961D, 0x961D, 0x961D, 0x961D, 0x961D, 0x961D, 0x961D, 0x961D, 0x961D, 0x961D, 0x961D, 0x961D, 0x961D, 0x961D,
    0x961D, 0x961D, 0x961D, 0x961D, 0x961D, 0x961D, 0x961D, 0x961D, 0x95FD, 0x9E3E, 0x532F, 0x39C7, 0x4A29, 0x3186, 0x2924, 0x2925,
    0x2924, 0x2924, 0x2924, 0x2924, 0x2924, 0x2924, 0x2925, 0x2925, 0x2924, 0x2925, 0x2925, 0x2904, 0xB390, 0xFD18, 0xFCD7, 0xFCF8,
    0xFCF7, 0xFCF7, 0xFCF7, 0xFCF7, 0xFCD7, 0xFD18, 0xFCB6, 0x9AEE, 0x3945, 0x20E3, 0x2925, 0x2925, 0x2925, 0x2925, 0x2925, 0x2924,
    0x2924, 0x2924, 0x2924, 0x2925, 0x2924, 0x2924, 0x2924, 0x2924, 0x2924, 0x2924, 0x2924, 0x2924, 0x2924, 0x2924, 0x2925, 0x2925,
    0x2924, 0x2924, 0x2925, 0x2924, 0x2924, 0x2924, 0x2924, 0x2924, 0x2924, 0x2924, 0x2924, 0x2924, 0x2924, 0x2924, 0x2924, 0x2924,
    0x2924, 0x2924, 0x2925, 0x2925, 0x2924, 0x2924, 0x2925, 0x2924, 0x2925, 0x2924, 0x18C3, 0x4146, 0xAB4F, 0xFCD6, 0xFCF7, 0xF4B6,
    0xF4B6, 0xF4B6, 0xF4B6, 0xF4B6, 0xF4D6, 0xF4B6, 0xF4D6, 0xFCD7, 0xFCB7, 0xFCB7, 0xFCD7, 0xFCD7, 0xFCB6, 0xFCD6, 0xF4D6, 0xF4D6,
    0xF4D7, 0xF4D7, 0xF4D6, 0xF4D6, 0xF4D7, 0xFCD6, 0xF4B6, 0xFCD7, 0xB3D2, 0x857A, 0x963E, 0x961D, 0x961D, 0x961D, 0x961D, 0x961D,
    0x961D, 0x961D, 0x961D, 0x961D, 0x961D, 0x961D, 0x961D, 0x961D, 0x961D, 0x961D, 0x961D, 0x961D, 0x961D, 0x961D, 0x961D, 0x961D,
    0xBDFC, 0xBDFC, 0xB5FC, 0xB5FC, 0xB5FD, 0xADFC, 0xB5FC, 0xC5DC, 0xC5DC, 0xC5DC, 0xC5DC, 0xBDFC, 0xAE1D, 0x9E1D, 0x9E1D, 0x9E1D,
    0x9E1D, 0x9E1D, 0x9E1D, 0x9E1D, 0x9E1D, 0x9E3D, 0x9E1D, 0x9E1D, 0x9E1D, 0x9E1D, 0x9E1D, 0x9E1D, 0x9E1D, 0x9E1D, 0x9E3D, 0x9E1D,
    0x9E1D, 0x9E1D, 0x9E1D, 0x9E3D, 0x9E3D, 0x9E1D, 0x9E1D, 0x9E1D, 0x9E1D, 0x9E1D, 0x9E1D, 0x9E1D, 0x9E1D, 0x9E1D, 0x9E1D, 0x9E1D,
    0x9E1D, 0x9E1D, 0x9E1D, 0x9E1D, 0x9E1D, 0x9E1D, 0x9E1D, 0x9E1D, 0x9E1D, 0x9E1D, 0x9E1D, 0x9E1D, 0x9E1D, 0x961D, 0x961D, 0x961D,
    0x9E1D, 0x9E1D, 0x9E1D, 0x9E1D, 0x9E1D, 0x9E1D, 0x9E1D, 0x9E1D, 0x961D, 0x9E1D, 0x9E1D, 0x9E1D, 0x961D, 0x961D, 0x9E1D, 0x9E1D,
    0x9E1D, 0x9E1D, 0x961D, 0x961D, 0x961D, 0x961D, 0x961D, 0x961D, 0x961D, 0x961D, 0x961D, 0x961D, 0x961D, 0x961D, 0x961D, 0x9E1D,
    0x9E1D, 0x961D, 0x961D, 0x961D, 0x961D, 0x961D, 0x961D, 0x95FC, 0x9E5E, 0x6C33, 0x39A6, 0x5249, 0x39A7, 0x2124, 0x2924, 0x2924,
    0x2924, 0x2924, 0x2925, 0x2925, 0x2924, 0x2924, 0x2924, 0x2924, 0x2925, 0x2924, 0x20E3, 0xA34F, 0xFD18, 0xF4B6, 0xF4D6, 0xF4D6,
    0xF4D6, 0xF4B6, 0xF4B6, 0xFCB6, 0xFCD7, 0xBBB1, 0x4987, 0x18C3, 0x2104, 0x2944, 0x2924, 0x2924, 0x2924, 0x2924, 0x2924, 0x2924,
    0x2924, 0x2924, 0x2924, 0x2924, 0x2924, 0x2924, 0x2924, 0x2924, 0x2924, 0x2924, 0x2925, 0x2925, 0x2924, 0x2924, 0x2924, 0x2924,
    0x2924, 0x2924, 0x2924, 0x2924, 0x2924, 0x2925, 0x2924, 0x2924, 0x2924, 0x2924, 0x2924, 0x2924, 0x2924, 0x2924, 0x2924, 0x2925,
    0x2925, 0x2924, 0x2924, 0x2924, 0x2924, 0x2924, 0x2924, 0x2924, 0x2924, 0x2925, 0x2925, 0x2104, 0x20E3, 0x59C8, 0xC3B1, 0xFCD7,
    0xFCF7, 0xFCB6, 0xF4B6, 0xF4B6, 0xF4B6, 0xF4B6, 0xF4D6, 0xF4D6, 0xFCD6, 0xF4B7, 0xFCD6, 0xFCD6, 0xFCB6, 0xFCB7, 0xF4D7, 0xF4D6,
    0xF4D6, 0xF4D6, 0xF4B6, 0xFCD7, 0xFCD7, 0xFCB7, 0xFCB7, 0xF496, 0x93D3, 0x8E1D, 0x961D, 0x961D, 0x961D, 0x961D, 0x961D, 0x961D,
    0x961D, 0x961D, 0x961D, 0x961D, 0x961D, 0x961D, 0x961D, 0x961D, 0x961D, 0x961D, 0x961D, 0x961D, 0x961D, 0x961D, 0x961D, 0x961D,
    0xB5FC, 0xB5FC, 0xB5FD, 0xB5FD, 0xADFD, 0xADFD, 0xADFD, 0xADFD, 0xADFD, 0xADFD, 0xAE1D, 0xA61D, 0x9E1D, 0x9E1D, 0x9E1D, 0x9E1D,
    0x9E1D, 0x9E1D, 0x9E1D, 0x9E1D, 0x9E1D, 0x9E1D, 0x9E1D, 0x9E1D, 0x9E1D, 0x9E1D, 0x9E1D, 0x9E1D, 0x9E1D, 0x9E1D, 0x9E1D, 0x9E1D,
    0x9E1D, 0x9E1D, 0x9E1D, 0x9E1D, 0x9E1D, 0x9E1D, 0x9E1D, 0x9E1D, 0x9E1D, 0x9E1D, 0x9E1D, 0x9E1D, 0x9E1D, 0x9E1D, 0x9E1D, 0x9E1D,
    0x9E1D, 0x9E1D, 0x9E1D, 0x9E1D, 0x9E1D, 0x9E1D, 0x9E1D, 0x9E1D, 0x9E1D, 0x9E1D, 0x9E1D, 0x9E1D, 0x9E1D, 0x9E1D, 0x9E1D, 0x9E1D,
    0x9E3D, 0x9E3D, 0x9E1D, 0x9E3D, 0x9E1D, 0x9E1D, 0x9E1D, 0x9E1D, 0x9E1D, 0x9E1D, 0x9E1D, 0x9E1D, 0x9E3D, 0x9E1D, 0x9E1D, 0x9E1D,
    0x9E1D, 0x9E1D, 0x9E1D, 0x9E1D, 0x9E1D, 0x9E1D, 0x9E1D, 0x9E1D, 0x9E1D, 0x9E1D, 0x9E1D, 0x9E1D, 0x9E1D, 0x9E1D, 0x9E1D, 0x9E1D,
    0x9E1D, 0x9E1D, 0x9E1D, 0x9E1D, 0x961D, 0x961D, 0x95FD, 0x9E5E, 0x7CF7, 0x39A7, 0x4A29, 0x41E8, 0x2925, 0x2925, 0x2924, 0x2924,
    0x2925, 0x2924, 0x2924, 0x2924, 0x2924, 0x2924, 0x2924, 0x2925, 0x2925, 0x20E3, 0x8ACD, 0xFD18, 0xF4D7, 0xF4D7, 0xF4D7, 0xFCD7,
    0xFCD7, 0xF4B6, 0xFCF7, 0xEC74, 0x7A4B, 0x2904, 0x2104, 0x2925, 0x2924, 0x2924, 0x2924, 0x2924, 0x2904, 0x2924, 0x2924, 0x2924,
    0x2924, 0x2924, 0x2924, 0x2924, 0x2924, 0x2924, 0x2925, 0x2924, 0x2924, 0x2924, 0x2924, 0x2924, 0x2924, 0x2924, 0x2924, 0x2924,
    0x2925, 0x2924, 0x2924, 0x2924, 0x2924, 0x2924, 0x2924, 0x2924, 0x2924, 0x2924, 0x2924, 0x2924, 0x2924, 0x2924, 0x2924, 0x2924,
    0x2924, 0x2924, 0x2924, 0x2924, 0x2924, 0x2924, 0x2924, 0x2924, 0x2924, 0x2924, 0x2924, 0x2924, 0x2945, 0x20E3, 0x20C3, 0x61C8,
    0xC391, 0xFCD7, 0xFCF7, 0xFCB7, 0xF4B6, 0xF4B6, 0xF4B6, 0xF4D6, 0xFCD7, 0xF4B7, 0xFCD6, 0xFCB7, 0xFCB6, 0xF4D7, 0xFCB7, 0xF4B6,
    0xF4D7, 0xFCB6, 0xF4B7, 0xFCD7, 0xFCD6, 0xF4B6, 0xFCF7, 0xCBF2, 0x84B7, 0x965E, 0x95FD, 0x961D, 0x961D, 0x961D, 0x961D, 0x961D,
    0x961D, 0x961D, 0x961D, 0x961D, 0x961D, 0x961D, 0x961D, 0x961D, 0x961D, 0x961D, 0x961D, 0x961D, 0x961D, 0x961D, 0x961D, 0x961D,
    0xB5FC, 0xB5FC, 0xB5FD, 0xB5FC, 0xB5FD, 0xADFD, 0xADFC, 0xADFC, 0xB5FD, 0xAE1D, 0xA61D, 0x9E1D, 0x9E1D, 0x9E1D, 0x9E1D, 0x9E1D,
    0x9E1D, 0x9E1D, 0x9E1D, 0x9E1D, 0x9E1D, 0x9E1D, 0x9E1E, 0x9E1D, 0x9E1D, 0x9E1D, 0x9E1D, 0x9E1D, 0x9E1D, 0x9E1D, 0x9E1D, 0x9E1D,
    0x9E1D, 0x9E1D, 0x9E1D, 0x9E1D, 0x9E1D, 0x9E1D, 0x9E3D, 0x9E1D, 0x9E1D, 0x9E1D, 0x9E1D, 0x9E1D, 0x9E1D, 0x9E1D, 0x9E1D, 0x9E1D,
    0x9E1D, 0x9E1D, 0x9E1D, 0x9E1D, 0x9E1D, 0x9E1D, 0x9E1D, 0x9E1D, 0x9E1D, 0x9E1D, 0x9E1D, 0x9E1D, 0x9E1D, 0x9E1D, 0x9E1D, 0x9E1D,
    0x9E3D, 0x9E1D, 0x9E1E, 0x9E3D, 0x9E1D, 0x9E1D, 0x9E1D, 0x9E1D, 0x9E1D, 0x9E1D, 0x9E3D, 0x9E3D, 0x9E1D, 0x9E1E, 0x9E1D, 0x9E1D,
    0x9E1D, 0x9E1D, 0x9E1D, 0x9E1D, 0x9E1D, 0x9E1D, 0x9E1D, 0x9E1D, 0x9E1D, 0x9E1D, 0x9E1D, 0x9E1D, 0x9E1D, 0x9E1D, 0x9E1D, 0x9E1D,
    0x9E1D, 0x9E1D, 0x9E1D, 0x9E1D, 0x961D, 0x961D, 0x9E1D, 0x8D9B, 0x4A8B, 0x41E8, 0x4A29, 0x3166, 0x2924, 0x2925, 0x2125, 0x2924,
    0x2924, 0x2924, 0x2924, 0x2924, 0x2924, 0x2925, 0x2925, 0x2944, 0x20E3, 0x6A4A, 0xFCF7, 0xF4B7, 0xFCD7, 0xFCD6, 0xFCD7, 0xF4D7,
    0xF4D7, 0xFCF8, 0xBBB1, 0x4166, 0x18E3, 0x2925, 0x2925, 0x2924, 0x2924, 0x2924, 0x2925, 0x2924, 0x2924, 0x2924, 0x2924, 0x2924,
    0x2925, 0x2924, 0x2924, 0x2925, 0x2924, 0x2925, 0x2925, 0x2924, 0x2924, 0x2924, 0x2924, 0x2924, 0x2924, 0x2924, 0x2925, 0x2924,
    0x2924, 0x2924, 0x2924, 0x2924, 0x2925, 0x2924, 0x2924, 0x2925, 0x2924, 0x2924, 0x2925, 0x2924, 0x2924, 0x2924, 0x2924, 0x2924,
    0x2924, 0x2924, 0x2925, 0x2924, 0x2924, 0x2924, 0x2924, 0x2924, 0x2925, 0x2924, 0x2924, 0x2925, 0x2924, 0x2925, 0x2925, 0x18C3,
    0x1882, 0x5187, 0xAB4F, 0xEC75, 0xFCF7, 0xFCD7, 0xFCB7, 0xF4B6, 0xF4B6, 0xF4B6, 0xFCB6, 0xFCB6, 0xF4B7, 0xF4B7, 0xFCB6, 0xF4B7,
    0xF4B7, 0xFCB6, 0xF4B7, 0xFCB7, 0xF4B6, 0xFCD7, 0xF496, 0x8BB1, 0x95FD, 0x961D, 0x961D, 0x961D, 0x961D, 0x961D, 0x961D, 0x961D,
    0x961D, 0x961D, 0x961D, 0x961D, 0x961D, 0x961D, 0x961D, 0x961D, 0x961D, 0x961D, 0x961D, 0x961D, 0x961D, 0x961D, 0x961D, 0x961D,
    0xBDFC, 0xBDFC, 0xBDFC, 0xBDFC, 0xBDFC, 0xBDFC, 0xBDFC, 0xBDFC, 0xB5FC, 0xAE1D, 0xA61D, 0x9E1D, 0x9E1D, 0x9E1D, 0x9E1D, 0x9E1D,
    0x9E1D, 0x9E1D, 0x9E1D, 0x9E1D, 0x9E1D, 0x9E3D, 0x9E1D, 0x9E1D, 0x9E3D, 0x9E1D, 0x9E1D, 0x9E3D, 0x9E1D, 0x9E1D, 0x9E1D, 0x9E1D,
    0x9E1D, 0x9E1D, 0x9E1D, 0x9E1D, 0x9E3D, 0x9E1D, 0x9E1D, 0x9E1D, 0x9E1D, 0x9E1D, 0x9E1D, 0x9E1D, 0x9E1D, 0x9E1D, 0x9E1D, 0x9E1D,
    0x9E1D, 0x9E1D, 0x9E1D, 0x9E1D, 0x9E1D, 0x9E1D, 0x9E1D, 0x9E1D, 0x9E1C, 0x9E1D, 0x9E1D, 0x9E1D, 0x9E1D, 0x9E3D, 0x9E1D, 0x9E1D,
    0x9E1D, 0x9E1D, 0x9E1D, 0x9E1D, 0x9E1D, 0x9E1D, 0x9E1D, 0x9E1D, 0x9E1D, 0x9E1D, 0x9E1D, 0x9E1D, 0x9E1D, 0x9E3D, 0x9E1D, 0x9E1D,
    0x9E1D, 0x9E1D, 0x9E1C, 0x9E1D, 0x9E1D, 0x9E1D, 0x9E1D, 0x9E1D, 0x9E1D, 0x9E1D, 0x9E1D, 0x9E1D, 0x9E1D, 0x9E1D, 0x9E1D, 0x9E1D,
    0x9E1D, 0x9E1D, 0x9E1D, 0x9E1D, 0x9E1D, 0x9E1D, 0x95DB, 0x6BD1, 0x41C8, 0x4A49, 0x39A6, 0x2924, 0x2924, 0x2924, 0x2924, 0x2924,
    0x2924, 0x2924, 0x2925, 0x2925, 0x2924, 0x2924, 0x2925, 0x2104, 0x49A7, 0xECB6, 0xFCD7, 0xF4B6, 0xFCD7, 0xFCD7, 0xF4B6, 0xFCF7,
    0xFCD6, 0x8ACD, 0x2904, 0x2104, 0x2925, 0x2924, 0x2924, 0x2924, 0x2924, 0x2924, 0x2924, 0x2924, 0x2924, 0x2924, 0x2924, 0x2924,
    0x2925, 0x2924, 0x2924, 0x2924, 0x2924, 0x2924, 0x2924, 0x2924, 0x2924, 0x2924, 0x2924, 0x2925, 0x2925, 0x2924, 0x2924, 0x2925,
    0x2924, 0x2925, 0x2924, 0x2924, 0x2924, 0x2925, 0x2924, 0x2924, 0x2924, 0x2924, 0x2924, 0x2924, 0x2924, 0x2924, 0x2924, 0x2924,
    0x2925, 0x2924, 0x2924, 0x2925, 0x2924, 0x2924, 0x2924, 0x2924, 0x2924, 0x2924, 0x2924, 0x2924, 0x2924, 0x2924, 0x2924, 0x2924,
    0x2104, 0x0861, 0x0861, 0x3105, 0x8A8C, 0xC3B1, 0xE454, 0xFCD7, 0xFCF8, 0xFCD7, 0xFCD7, 0xFCB6, 0xF4B6, 0xF4B7, 0xF4B6, 0xF4B6,
    0xF4B7, 0xF4B6, 0xF4B6, 0xFCD7, 0xFCF7, 0xFCB6, 0x9B50, 0x8559, 0x9E3E, 0x961D, 0x961D, 0x9E1D, 0x961D, 0x961D, 0x961D, 0x961D,
    0x961D, 0x961D, 0x9E1D, 0x9E1D, 0x9E1D, 0x9E1D, 0x961D, 0x961D, 0x9E1D, 0x961D, 0x961D, 0x9E1D, 0x961D, 0x961D, 0x961D, 0x9E1D,
    0xCDFC, 0xCDDC, 0xCDFB, 0xCDDC, 0xCDDC, 0xC5DC, 0xBDFC, 0xB5FC, 0xAE1D, 0xA61D, 0xA61D, 0xA61D, 0x9E1D, 0x9E1D, 0x9E1D, 0x9E1D,
    0x9E1D, 0x9E1D, 0x9E1D, 0x9E1D, 0x9E1D, 0x9E1D, 0x9E1D, 0x9E1D, 0x9E1D, 0x9E1D, 0x9E1D, 0x9E1D, 0x9E1D, 0x9E1D, 0x9E1D, 0x9E1D,
    0x9E1D, 0x9E1D, 0x9E1D, 0x9E1D, 0x9E3D, 0x9E1D, 0x9E1D, 0x9E1D, 0x9E1D, 0x9E1D, 0x9E1D, 0x9E1D, 0x9E1D, 0x9E1D, 0x9E1D, 0x9E1D,
    0x9E1D, 0x9E1D, 0x9E1D, 0x9E1D, 0x9E1D, 0x9E1D, 0x9E1D, 0x9E1D, 0x9E1D, 0x9E1D, 0x9E1D, 0x9E1D, 0x9E1D, 0x9E1D, 0x9E1D, 0x9E1D,
    0x9E1D, 0x9E1D, 0x9E1D, 0x9E1D, 0x9E1D, 0x9E1D, 0x9E1D, 0x9E1D, 0x9E1D, 0x9E1D, 0x9E1D, 0x9E1D, 0x9E1D, 0x9E3D, 0x9E3D, 0x9E1D,
    0x9E1D, 0x9E1D, 0x9E1D, 0x9E1D, 0x9E1D, 0x9E1D, 0x9E1D, 0x9E1D, 0x9E1D, 0x9E1D, 0x9E1D, 0x9E1D, 0x9E1D, 0x9E1D, 0x9E1D, 0x9E1D,
    0x9E1D, 0x9E1D, 0x9E1D, 0x961D, 0x9E3D, 0x95BB, 0x8517, 0x424A, 0x4A08, 0x41E8, 0x2925, 0x2925, 0x2924, 0x2124, 0x2924, 0x2925,
    0x2924, 0x2924, 0x2924, 0x2924, 0x2924, 0x2924, 0x2924, 0x3124, 0xCC13, 0xFCF8, 0xF4B6, 0xF4D7, 0xFCD7, 0xF4B6, 0xFCF7, 0xE475,
    0x6209, 0x18E3, 0x2924, 0x2925, 0x2924, 0x2924, 0x2924, 0x2924, 0x2924, 0x2924, 0x2924, 0x2924, 0x2924, 0x2924, 0x2924, 0x2924,
    0x2924, 0x2924, 0x2924, 0x2924, 0x2924, 0x2924, 0x2924, 0x2925, 0x2924, 0x2924, 0x2924, 0x2924, 0x2924, 0x2924, 0x2924, 0x2924,
    0x2924, 0x2924, 0x2924, 0x2924, 0x2924, 0x2924, 0x2925, 0x2924, 0x2924, 0x2924, 0x2924, 0x2924, 0x2924, 0x2924, 0x2924, 0x2924,
    0x2924, 0x2924, 0x2924, 0x2924, 0x2924, 0x2924, 0x2924, 0x2924, 0x2924, 0x2924, 0x2925, 0x2924, 0x2904, 0x2924, 0x2924, 0x2924,
    0x2925, 0x2924, 0x18A3, 0x0060, 0x30C4, 0x9A8D, 0x9A6D, 0x9AAD, 0xB32F, 0xD3D2, 0xEC54, 0xFC96, 0xFCB6, 0xFCD7, 0xFCD7, 0xFCD7,
    0xFCF7, 0xFCF7, 0xFCD7, 0xFCB6, 0xD413, 0x8B91, 0x8539, 0x9E5E, 0x95FD, 0x961D, 0x9E1D, 0x9E1D, 0x961D, 0x961D, 0x961D, 0x9E1D,
    0x9E1D, 0x9E1D, 0x9E1D, 0x9E1D, 0x9E1D, 0x9E1D, 0x9E1D, 0x9E1D, 0x9E1D, 0x9E1D, 0x9E1D, 0x9E1D, 0x9E1D, 0x9E1D, 0x9E1D, 0x9E1D,
    0xCDFB, 0xCDDC, 0xCDFB, 0xCDFC, 0xBDFC, 0xADFD, 0xA61D, 0xA61D, 0xA63D, 0xA63D, 0x9E1D, 0xA61D, 0x9E1D, 0x9E1D, 0xA61D, 0xA61D,
    0x9E1D, 0x9E1D, 0x9E1D, 0x9E1D, 0x9E1D, 0x9E1D, 0x9E1D, 0x9E3D, 0x9E1D, 0x9E1D, 0x9E1D, 0x9E1D, 0x9E1D, 0x9E1D, 0x9E1D, 0x9E1D,
    0x9E1D, 0x9E1D, 0x9E1D, 0x9E3D, 0x9E1D, 0x9E1D, 0x9E1D, 0x9E1D, 0x9E1D, 0x9E1D, 0x9E1D, 0x9E1D, 0x9E1D, 0x9E1D, 0x9E1D, 0x9E1D,
    0x9E1D, 0x9E1D, 0x9E1D, 0x9E1D, 0x9E1D, 0x9E1D, 0x9E1D, 0x9E1D, 0x9E1D, 0x9E1D, 0x9E1D, 0x9E1D, 0x9E1D, 0x9E1D, 0x9E1D, 0x9E1D,
    0x9E1D, 0x9E1D, 0x9E1D, 0x9E1D, 0x9E1D, 0x9E1D, 0x9E1D, 0x9E1D, 0x9E1D, 0x9E1D, 0x9E1D, 0x9E1D, 0x9E1D, 0x9E1D, 0x9E1D, 0x9E1D,
    0x9E1D, 0x9E1D, 0x9E1D, 0x9E1D, 0x9E1D, 0x9E1D, 0x9E1D, 0x9E1D, 0x9E1D, 0x9E1D, 0x9E1D, 0x9E1D, 0x9E1D, 0x9E1D, 0x9E1D, 0x9E1D,
    0x9E1D, 0x9E1D, 0x961D, 0x9E3D, 0x95BB, 0x959A, 0x6390, 0x41C7, 0x4A29, 0x3165, 0x2124, 0x2925, 0x2924, 0x2924, 0x2924, 0x2924,
    0x2924, 0x2925, 0x2924, 0x2924, 0x2924, 0x2925, 0x20E3, 0xA32F, 0xFCF8, 0xF4B6, 0xFCB7, 0xF4D7, 0xF4B6, 0xFCF7, 0xD413, 0x4987,
    0x20E4, 0x2925, 0x2924, 0x2924, 0x2924, 0x2925, 0x2924, 0x2924, 0x2924, 0x2924, 0x2925, 0x2924, 0x2924, 0x2924, 0x2925, 0x2924,
    0x2924, 0x2924, 0x2924, 0x2925, 0x2925, 0x2924, 0x2924, 0x2924, 0x2924, 0x2925, 0x2924, 0x2924, 0x2924, 0x2924, 0x2925, 0x2924,
    0x2924, 0x2924, 0x2925, 0x2924, 0x2924, 0x2924, 0x2924, 0x2924, 0x2925, 0x2924, 0x2924, 0x2924, 0x2924, 0x2924, 0x2925, 0x2924,
    0x2924, 0x2924, 0x2924, 0x2924, 0x2924, 0x2924, 0x2924, 0x2924, 0x2924, 0x2924, 0x2924, 0x2924, 0x2925, 0x2924, 0x2924, 0x2924,
    0x2924, 0x2925, 0x2925, 0x18C3, 0x0861, 0x69A9, 0xE372, 0xCB31, 0x71CA, 0x5B2F, 0x8433, 0x8B92, 0x9B71, 0xAB71, 0xBB91, 0xBB92,
    0xBBB1, 0xB391, 0xA3B1, 0x8BD2, 0x7C75, 0x8DDC, 0x9E3E, 0x961D, 0x961D, 0x9E1D, 0x9E1D, 0x9E1D, 0x961D, 0x961D, 0x9E1D, 0x9E1D,
    0x9E3D, 0x9E1D, 0x9E1D, 0x9E1D, 0x9E1D, 0x9E1D, 0x9E1D, 0x9E1D, 0x9E1D, 0x9E1D, 0x9E1D, 0x9E1D, 0x9E1D, 0x9E1D, 0x9E1D, 0x9E3D,
    0xC5FC, 0xC5DD, 0xBDFC, 0xB61D, 0xA61D, 0xA61D, 0xA63D, 0xA63D, 0xA61D, 0xA63D, 0xA61D, 0xA61D, 0x9E1D, 0x9E1D, 0xA61D, 0xA61D,
    0x9E1D, 0xA61D, 0xA61E, 0x9E1D, 0x9E3D, 0xA61D, 0x9E1D, 0x9E3D, 0x9E3D, 0x9E1D, 0x9E1D, 0x9E3D, 0x9E1D, 0x9E1D, 0x9E1D, 0x9E1D,
    0x9E3D, 0x9E1D, 0x9E3D, 0x9E3D, 0x9E1D, 0x9E1D, 0x9E1D, 0x9E1D, 0x9E1D, 0x9E1D, 0x9E1D, 0x9E1D, 0x9E1D, 0x9E1D, 0x9E1D, 0x9E3D,
    0x9E1D, 0x9E1D, 0x9E1D, 0x9E1D, 0x9E1D, 0x9E1D, 0x9E1D, 0x9E1D, 0x9E1D, 0x9E1D, 0x9E1D, 0x9E1E, 0x9E1D, 0x9E1D, 0x9E1D, 0x9E1D,
    0x9E1D, 0x9E1D, 0x9E1D, 0x9E1D, 0x9E1D, 0x9E1D, 0x9E1D, 0x9E1D, 0x9E1D, 0x9E1D, 0x9E1D, 0x9E1D, 0x9E1D, 0x9E1D, 0x9E1D, 0x9E1D,
    0x9E1D, 0x9E3D, 0x9E1D, 0x9E1D, 0x9E1D, 0x9E1D, 0x9E1D, 0x9E1D, 0x9E1D, 0x9E1D, 0x9E1D, 0x9E3D, 0x9E3D, 0x9E1D, 0x9E1D, 0x9E1D,
    0x9E1D, 0x9E1D, 0x9E3D, 0x95FC, 0x8D7A, 0x8539, 0x41E8, 0x4A29, 0x39A7, 0x2924, 0x2924, 0x2924, 0x2924, 0x2924, 0x2924, 0x2924,
    0x2924, 0x2924, 0x2925, 0x2924, 0x2925, 0x20E3, 0x6A2A, 0xFCF7, 0xF4B7, 0xF4D6, 0xF4B6, 0xF4B6, 0xFD17, 0xC3D1, 0x3925, 0x2104,
    0x2944, 0x2924, 0x2925, 0x2924, 0x2924, 0x2924, 0x2924, 0x2924, 0x2924, 0x2924, 0x2924, 0x2924, 0x2925, 0x2924, 0x2924, 0x2924,
    0x2924, 0x2924, 0x2924, 0x2924, 0x2924, 0x2924, 0x2925, 0x2924, 0x2924, 0x2924, 0x2924, 0x2924, 0x2924, 0x2924, 0x2924, 0x2924,
    0x2925, 0x2924, 0x2924, 0x2924, 0x2924, 0x2924, 0x2924, 0x2924, 0x2924, 0x2924, 0x2925, 0x2924, 0x2924, 0x2924, 0x2924, 0x2924,
    0x2924, 0x2924, 0x2924, 0x2924, 0x2925, 0x2924, 0x2924, 0x2924, 0x2924, 0x2924, 0x2924, 0x2924, 0x2924, 0x2924, 0x2924, 0x2925,
    0x2924, 0x2924, 0x2924, 0x2924, 0x18C3, 0x0861, 0x924C, 0xE373, 0xCB10, 0x6B30, 0x965E, 0x8DFD, 0x85BC, 0x857A, 0x8559, 0x7D39,
    0x7D39, 0x855A, 0x85BB, 0x961D, 0x9E5F, 0x9E1D, 0x961D, 0x9E1D, 0x9E1D, 0x9E1D, 0x9E1D, 0x9E1D, 0x9E1D, 0x9E1D, 0x9E1D, 0x9E1D,
    0x9E1D, 0x9E1D, 0x9E1D, 0x9E1D, 0x9E1D, 0x9E1D, 0x9E1D, 0x9E1D, 0x9E3D, 0x9E1D, 0x9E3D, 0x9E3D, 0x9E1D, 0x9E1D, 0x9E1D, 0x9E1D,
    0xB61D, 0xAE1D, 0xA61D, 0xA61D, 0xA61D, 0xA61D, 0xA61D, 0xA63D, 0xA61D, 0xA61D, 0xA61D, 0xA61D, 0xA61D, 0xA61D, 0xA61D, 0xA61D,
    0x9E1D, 0xA63D, 0xA63D, 0xA63D, 0xA63D, 0x9E3D, 0x9E1D, 0xA61D, 0x9E3D, 0x9E3D, 0x9E1D, 0x9E1D, 0x9E1D, 0x9E1D, 0x9E1D, 0x9E1D,
    0x9E1D, 0x9E1D, 0x9E1D, 0x9E1D, 0x9E1D, 0x9E3D, 0x9E1D, 0x9E1D, 0x9E1D, 0x9E1D, 0x9E1D, 0x9E1D, 0x9E1D, 0x9E1D, 0x9E1E, 0x9E1D,
    0x9E1D, 0x9E1D, 0x9E1D, 0x9E1D, 0x9E1D, 0x9E1D, 0x9E1D, 0x9E1D, 0x9E1D, 0x9E1D, 0x9E1D, 0x9E1D, 0x9E1D, 0x9E1D, 0x9E1D, 0x9E1D,
    0x9E1D, 0x9E1D, 0x9E1D, 0x9E1D, 0x9E1D, 0x9E1D, 0x9E1D, 0x9E1D, 0x9E1D, 0x9E1D, 0x9E1D, 0x9E1D, 0x9E1D, 0x9E1D, 0x9E1D, 0x9E1D,
    0x9E1D, 0x9E1D, 0x9E3D, 0x9E3D, 0x9E3D, 0x9E1D, 0x9E1D, 0x9E1D, 0x9E1D, 0x9E1D, 0x9E3D, 0x9E3D, 0x9E3D, 0x9E3D, 0x9E1D, 0x9E1D,
    0x9E1D, 0x9E1D, 0x9E1D, 0x8D59, 0x9DFD, 0x530E, 0x41E8, 0x4A08, 0x2925, 0x2924, 0x2924, 0x2904, 0x2924, 0x2924, 0x2924, 0x2924,
    0x2924, 0x2924, 0x2925, 0x2924, 0x2104, 0x3946, 0xDC74, 0xFCD7, 0xF4B6, 0xF4B6, 0xF4B6, 0xFCF7, 0xB371, 0x3124, 0x2124, 0x2925,
    0x2924, 0x2924, 0x2924, 0x2924, 0x2924, 0x2924, 0x2925, 0x2924, 0x2924, 0x2924, 0x2924, 0x2924, 0x2924, 0x2924, 0x2924, 0x2924,
    0x2925, 0x2924, 0x2924, 0x2925, 0x2924, 0x2924, 0x2924, 0x2924, 0x2924, 0x2924, 0x2925, 0x2924, 0x2924, 0x2924, 0x2924, 0x2924,
    0x2925, 0x2924, 0x2924, 0x2924, 0x2925, 0x2924, 0x2924, 0x2925, 0x2924, 0x2924, 0x2924, 0x2924, 0x2924, 0x2924, 0x2924, 0x2924,
    0x2924, 0x2924, 0x2924, 0x2924, 0x2924, 0x2924, 0x2924, 0x2924, 0x2924, 0x2925, 0x2924, 0x2925, 0x2925, 0x2924, 0x2924, 0x2924,
    0x2924, 0x2924, 0x2924, 0x2924, 0x2924, 0x18C3, 0x28A3, 0xC2F1, 0xE373, 0xA26D, 0x7496, 0x9E5E, 0x961D, 0x9E3E, 0x9E3D, 0x9E3E,
    0x9E3E, 0x9E3D, 0x9E3D, 0x9E1D, 0x95FD, 0x9E1D, 0x9E1D, 0x9E1D, 0x9E1D, 0x9E1D, 0x9E1D, 0x9E1D, 0x9E1D, 0x9E1D, 0x9E1D, 0x9E1D,
    0x9E1D, 0x9E1D, 0x9E1D, 0x9E1D, 0x9E1D, 0x9E1D, 0x9E1D, 0x9E1D, 0x9E1D, 0x9E1D, 0x9E1D, 0x9E3D, 0x9E3D, 0x9E1D, 0x9E1D, 0x9E1D,
    0xAE3D, 0xA63D, 0xA61D, 0xA61D, 0xA61D, 0xA61D, 0xA63D, 0xA63D, 0xA61D, 0xA61D, 0xA61D, 0xA61D, 0xA63D, 0xA61D, 0xA63D, 0xA61D,
    0xA61D, 0xA63D, 0xA63D, 0xA63D, 0xA63D, 0xA63D, 0xA61D, 0xA61D, 0xA61D, 0xA63D, 0xA61D, 0xA61D, 0xA61D, 0xA61D, 0xA61D, 0xA61D,
    0xA61D, 0x9E3D, 0xA61D, 0xA61D, 0x9E3D, 0x9E3D, 0x9E1D, 0x9E1D, 0x9E1D, 0x9E1D, 0x9E1D, 0x9E1D, 0x9E1D, 0x9E1D, 0x9E1D, 0x9E1D,
    0x9E1D, 0x9E1D, 0x9E1D, 0x9E1D, 0x9E1D, 0x9E1D, 0x9E1D, 0x9E1D, 0x9E1D, 0x9E3D, 0x9E1D, 0x9E1D, 0x9E1D, 0x9E1D, 0x9E1D, 0x9E1D,
    0x9E1D, 0x9E1D, 0x9E1D, 0x9E1D, 0x9E1D, 0x9E1D, 0x9E1D, 0x9E1D, 0x9E1D, 0x9E1D, 0x9E1D, 0x9E1D, 0x9E1D, 0x9E1D, 0x9E1D, 0x9E1D,
    0x9E1D, 0x9E1D, 0x9E3D, 0x9E3D, 0x9E1D, 0x9E1D, 0x9E1D, 0x9E1D, 0x9E1D, 0x9E1D, 0x9E3D, 0x9E1D, 0x9E1D, 0x9E1D, 0x9E1D, 0x9E1D,
    0x9E1D, 0x9E1D, 0x8D79, 0x9E1D, 0x7CD6, 0x41C7, 0x4A49, 0x3186, 0x2924, 0x2924, 0x2924, 0x2904, 0x2924, 0x2924, 0x2924, 0x2924,
    0x2925, 0x2924, 0x2924, 0x2924, 0x20E3, 0xA32F, 0xFCF7, 0xF4B6, 0xFCB6, 0xF4B6, 0xFCF7, 0xAB70, 0x2905, 0x2125, 0x2925, 0x2924,
    0x2924, 0x2924, 0x2924, 0x2924, 0x2925, 0x2924, 0x2924, 0x2924, 0x2924, 0x2924, 0x2924, 0x2924, 0x2924, 0x2924, 0x2924, 0x2924,
    0x2925, 0x2924, 0x2924, 0x2924, 0x2924, 0x2924, 0x2924, 0x2924, 0x2925, 0x2924, 0x2924, 0x2924, 0x2924, 0x2924, 0x2924, 0x2924,
    0x2924, 0x2924, 0x2924, 0x2924, 0x2925, 0x2924, 0x2924, 0x2924, 0x2924, 0x2924, 0x2924, 0x2924, 0x2924, 0x2924, 0x2924, 0x2924,
    0x2924, 0x2924, 0x2924, 0x2924, 0x2924, 0x2924, 0x2924, 0x2924, 0x2925, 0x2925, 0x2924, 0x2924, 0x2925, 0x2924, 0x2924, 0x2924,
    0x2924, 0x2924, 0x2924, 0x2924, 0x2904, 0x2924, 0x1081, 0x5967, 0xDB53, 0xD311, 0x72CE, 0x961C, 0x961D, 0x961D, 0x961D, 0x961D,
    0x961D, 0x9E1D, 0x9E1D, 0x9E1D, 0x9E1D, 0x9E1D, 0x9E1D, 0x9E1D, 0x9E1D, 0x9E1D, 0x9E1D, 0x9E1D, 0x9E1D, 0x9E1D, 0x9E1D, 0x9E1D,
    0x9E1D, 0x9E1D, 0x9E1D, 0x9E1D, 0x9E1D, 0x9E1D, 0x9E1D, 0x9E1D, 0x9E1D, 0x9E1D, 0x9E1D, 0x9E1D, 0x9E1D, 0x9E1D, 0x9E1D, 0x9E1D,
    0xAE3D, 0xA63D, 0xA63D, 0xA61D, 0xA61D, 0xA61D, 0xA63D, 0xA61D, 0xA61D, 0xA61D, 0xA63D, 0xA63D, 0xA61D, 0xA63D, 0xA63D, 0xA61D,
    0xA61D, 0xA63D, 0xA63D, 0xA63D, 0xA63D, 0xA63D, 0xA61D, 0xA61D, 0xA63D, 0xA61D, 0xA63D, 0xA61D, 0xA61D, 0xA61D, 0xA61D, 0xA63D,
    0xA63D, 0xA63D, 0xA61D, 0xA63D, 0xA61D, 0xA61D, 0xA61D, 0x9E1D, 0x9E1D, 0xA63D, 0xA63D, 0xA61D, 0x9E3D, 0x9E1D, 0x9E1D, 0x9E3D,
    0x9E1D, 0x9E1D, 0x9E3D, 0x9E1D, 0x9E1D, 0x9E1D, 0x9E1D, 0x9E1D, 0x9E1E, 0x9E1D, 0x9E1D, 0x9E1D, 0x9E1D, 0x9E1D, 0x9E1D, 0x9E1D,
    0x9E1D, 0x9E1D, 0x9E1D, 0x9E3D, 0x9E1D, 0x9E1D, 0x9E1D, 0x9E1D, 0x9E1D, 0x9E1D, 0x9E1D, 0x9E1D, 0xA61E, 0x9E1D, 0x9E1D, 0x9E1D,
    0x9E1D, 0x9E1D, 0x9E3D, 0x9E3D, 0x9E3D, 0xA61D, 0x9E1D, 0x9E1D, 0x9E1D, 0x9E1D, 0x9E1D, 0x9E1D, 0x9E1D, 0x9E1D, 0x9E1D, 0x9E1D,
    0xA63E, 0x957A, 0x95DB, 0x9E1E, 0x4A8B, 0x41E8, 0x41E8, 0x2924, 0x2924, 0x2924, 0x2924, 0x2924, 0x2924, 0x2925, 0x2924, 0x2924,
    0x2924, 0x2925, 0x2924, 0x1903, 0x59E9, 0xFCB7, 0xF4B6, 0xF4D6, 0xF4B6, 0xFCF8, 0xB370, 0x2904, 0x2924, 0x2924, 0x2924, 0x2924,
    0x2924, 0x2925, 0x2924, 0x2924, 0x2924, 0x2925, 0x2924, 0x2924, 0x2924, 0x2925, 0x2924, 0x2924, 0x2924, 0x2925, 0x2924, 0x2924,
    0x2924, 0x2924, 0x2924, 0x2924, 0x2924, 0x2924, 0x2925, 0x2924, 0x2924, 0x2924, 0x2924, 0x2924, 0x2924, 0x2925, 0x2924, 0x2924,
    0x2924, 0x2924, 0x2924, 0x2924, 0x2924, 0x2924, 0x2924, 0x2924, 0x2924, 0x2924, 0x2924, 0x2924, 0x2924, 0x2924, 0x2924, 0x2924,
    0x2924, 0x2925, 0x2925, 0x2924, 0x2924, 0x2924, 0x2925, 0x2924, 0x2924, 0x2924, 0x2924, 0x2924, 0x2924, 0x2924, 0x2924, 0x2924,
    0x2924, 0x2924, 0x2924, 0x2924, 0x2924, 0x2925, 0x2925, 0x1082, 0x9A6C, 0xEB93, 0x9A8E, 0x7C96, 0x9E5E, 0x95FC, 0x9E1D, 0x9E1D,
    0x9E1D, 0x9E1D, 0x9E1D, 0x9E1D, 0x9E1D, 0x9E1D, 0x9E1D, 0x9E1D, 0x9E1D, 0x9E1D, 0x9E1E, 0x9E1D, 0x9E1D, 0x9E1D, 0x9E1D, 0x9E1D,
    0x9E1D, 0x9E1D, 0x9E1D, 0x9E1D, 0x9E1D, 0x9E1D, 0x9E1D, 0x9E1D, 0x9E1D, 0x9E1D, 0x9E1D, 0x9E1D, 0x9E1D, 0x9E1D, 0x9E1D, 0x9E3D,
    0xAE3D, 0xA63D, 0xA63D, 0xA61D, 0xA63D, 0xA61D, 0xA61D, 0xA61D, 0xA61D, 0xA63D, 0xA61D, 0xA61D, 0xA63D, 0xA63D, 0xA63D, 0xA63D,
    0xA63D, 0xA61D, 0xA63D, 0xA63D, 0xA61D, 0xA61D, 0xA61D, 0xA61D, 0xA61D, 0xA61D, 0xA61D, 0xA61D, 0xA61D, 0xA61D, 0xA61D, 0xA61D,
    0xA63D, 0xA63D, 0xA61D, 0xA63D, 0xA63D, 0xA63D, 0xA61D, 0xA61D, 0xA61D, 0xA63D, 0xA63D, 0xA61D, 0xA61D, 0xA61D, 0xA61D, 0xA63D,
    0xA61D, 0xA61D, 0xA61D, 0xA61D, 0x9E1D, 0xA61D, 0x9E1D, 0xA61D, 0xA61D, 0xA61D, 0x9E1D, 0x9E1D, 0xA61D, 0x9E1D, 0x9E1D, 0x9E1D,
    0x9E1D, 0x9E1D, 0xA61D, 0xA61D, 0xA61D, 0xA63D, 0xA61D, 0xA61D, 0xA61D, 0xA61D, 0xA61D, 0xA63D, 0xA61D, 0xA61D, 0xA61D, 0xA61D,
    0xA61D, 0xA61D, 0xA61D, 0xA61D, 0xA61D, 0xA61D, 0xA61D, 0xA61D, 0xA61D, 0xA61D, 0xA61D, 0xA61D, 0x9E1D, 0x9E1D, 0x9E1D, 0xA63D,
    0x95BB, 0x8D7A, 0xA67E, 0x7454, 0x39A7, 0x4A29, 0x3165, 0x2925, 0x2925, 0x2924, 0x2925, 0x2924, 0x2924, 0x2924, 0x2924, 0x2924,
    0x2925, 0x2924, 0x2925, 0x2904, 0xCBF2, 0xFCD7, 0xF4B6, 0xF4B6, 0xFCF7, 0xBBB1, 0x2924, 0x2925, 0x2925, 0x2924, 0x2924, 0x2924,
    0x2924, 0x2924, 0x2924, 0x2924, 0x2925, 0x2924, 0x2924, 0x2924, 0x2924, 0x2924, 0x2924, 0x2924, 0x2924, 0x2924, 0x2924, 0x2924,
    0x2925, 0x2924, 0x2924, 0x2924, 0x2924, 0x2924, 0x2924, 0x2924, 0x2925, 0x2924, 0x2924, 0x2924, 0x2924, 0x2924, 0x2924, 0x2925,
    0x2924, 0x2924, 0x2924, 0x2924, 0x2925, 0x2924, 0x2924, 0x2924, 0x2924, 0x2924, 0x2924, 0x2924, 0x2924, 0x2924, 0x2924, 0x2924,
    0x2924, 0x2924, 0x2924, 0x2924, 0x2924, 0x2924, 0x2924, 0x2924, 0x2925, 0x2924, 0x2924, 0x2924, 0x2924, 0x2924, 0x2924, 0x2924,
    0x2924, 0x2924, 0x2924, 0x2924, 0x2924, 0x2924, 0x2925, 0x18E3, 0x3905, 0xD331, 0xD311, 0x730F, 0x963D, 0x9E1D, 0x9E1D, 0x9E1D,
    0x9E1D, 0x9E1D, 0x9E1D, 0x9E1D, 0x9E1D, 0x9E1D, 0x9E1D, 0x9E1D, 0x9E1D, 0x9E1D, 0x9E1D, 0x9E1D, 0x9E1D, 0x9E1D, 0x9E3D, 0x9E3D,
    0x9E1D, 0x9E3D, 0x9E1D, 0x9E1D, 0x9E1D, 0x9E1D, 0x9E1D, 0x9E1D, 0x9E1D, 0x9E1D, 0x9E1D, 0x9E1D, 0x9E1D, 0x9E1D, 0x9E1D, 0x9E3D,
    0xAE3D, 0xA63D, 0xA63D, 0xA61D, 0xA61D, 0xA61D, 0xA61D, 0xA61D, 0xA63D, 0xA63D, 0xA63D, 0xA61D, 0xA63D, 0xA63D, 0xA61D, 0xA61D,
    0xA61D, 0xA61D, 0xA63D, 0xA63D, 0xA61D, 0xA63D, 0xA61D, 0xA61D, 0xA61D, 0xA61D, 0xA61D, 0xA61D, 0xA63D, 0xA61D, 0xA63D, 0xA61D,
    0xA61D, 0xA63D, 0xA61D, 0xA63D, 0xA61D, 0xA61D, 0xA61D, 0xA61D, 0xA61D, 0xA63D, 0xA61D, 0xA61D, 0xA61D, 0xA61D, 0xA61D, 0xA61D,
    0xA61D, 0xA61D, 0xA61D, 0xA61D, 0xA61D, 0xA61D, 0xA61D, 0xA63D, 0xA63D, 0xA61D, 0xA61D, 0xA61D, 0xA61D, 0xA61D, 0xA61D, 0xA61D,
    0xA61D, 0xA61D, 0xA61D, 0xA61D, 0xA63D, 0xA61D, 0xA61D, 0xA61D, 0xA61D, 0xA61D, 0xA61D, 0xA61D, 0xA61D, 0xA61D, 0xA61D, 0xA61D,
    0xA61D, 0xA61D, 0xA61D, 0xA61D, 0xA61D, 0xA61D, 0xA61D, 0xA61D, 0xA61D, 0xA61D, 0xA61D, 0xA61D, 0xA61D, 0x9E1D, 0xA63D, 0x9DFC,
    0x8D79, 0x9E3D, 0x9DDB, 0x4A4A, 0x4A08, 0x39C7, 0x2924, 0x2924, 0x2925, 0x2924, 0x2924, 0x2924, 0x2925, 0x2924, 0x2924, 0x2924,
    0x2925, 0x2925, 0x20E3, 0x828C, 0xFCF7, 0xF4B6, 0xF4B6, 0xFCF7, 0xC3D2, 0x3125, 0x2124, 0x2924, 0x2925, 0x2924, 0x2924, 0x2924,
    0x2925, 0x2924, 0x2924, 0x2924, 0x2925, 0x2924, 0x2924, 0x2925, 0x2924, 0x2924, 0x2924, 0x2924, 0x2924, 0x2924, 0x2924, 0x2924,
    0x2925, 0x2924, 0x2924, 0x2924, 0x2924, 0x2924, 0x2924, 0x2924, 0x2924, 0x2925, 0x2924, 0x2924, 0x2924, 0x2924, 0x2924, 0x2924,
    0x2924, 0x2924, 0x2924, 0x2924, 0x2924, 0x2924, 0x2924, 0x2924, 0x2924, 0x2924, 0x2924, 0x2924, 0x2924, 0x2925, 0x2924, 0x2924,
    0x2924, 0x2924, 0x2924, 0x2924, 0x2924, 0x2924, 0x2924, 0x2924, 0x2924, 0x2924, 0x2924, 0x2924, 0x2924, 0x2924, 0x2924, 0x2924,
    0x2924, 0x2924, 0x2924, 0x2924, 0x2924, 0x2924, 0x2924, 0x2924, 0x10A2, 0x820B, 0xEB74, 0x926C, 0x7CF8, 0xA65E, 0x9E1D, 0x9E1D,
    0x9E1D, 0x9E1D, 0x9E1D, 0x9E1D, 0x9E1D, 0x9E1D, 0x9E1D, 0x9E1D, 0x9E1D, 0x9E1D, 0x9E1D, 0x9E1D, 0x9E1D, 0x9E1D, 0x9E1D, 0x9E3D,
    0x9E3D, 0x9E1D, 0x9E1D, 0x9E1D, 0x9E1D, 0x9E1D, 0x9E1D, 0x9E1D, 0x9E1D, 0x9E1D, 0x9E3D, 0x9E1D, 0x9E1D, 0x9E3D, 0x9E1D, 0xA63D,
    0xAE3D, 0xAE3D, 0xA63D, 0xA63D, 0xA63D, 0xA61D, 0xA61D, 0xA61D, 0xA61D, 0xA63D, 0xA63D, 0xA61D, 0xA61D, 0xA63D, 0xA63D, 0xA61D,
    0xA61D, 0xA61D, 0xA63D, 0xA63D, 0xA63D, 0xA63D, 0xA61D, 0xA61D, 0xA61D, 0xA61D, 0xA61D, 0xA61D, 0xA61D, 0xA63D, 0xA63D, 0xA61D,
    0xA61D, 0xA61D, 0xA61D, 0xA61D, 0xA61D, 0xA63D, 0xA61D, 0xA61D, 0xA61D, 0xA61D, 0xA61D, 0xA61D, 0xA63C, 0xA61D, 0xA61D, 0xA61D,
    0xA61D, 0xA61D, 0xA63D, 0xA61D, 0xA61D, 0xA63D, 0xA61D, 0xA61D, 0xA61D, 0xA61D, 0xA61D, 0xA61D, 0xA61D, 0xA61D, 0xA61D, 0xA61D,
    0xA63D, 0xA61D, 0xA61D, 0xA61D, 0xA61D, 0xA61D, 0xA63D, 0xA61D, 0xA61D, 0xA63D, 0xA61D, 0xA61D, 0xA61D, 0xA61D, 0xA61D, 0xA61D,
    0xA61D, 0xA61D, 0xA61D, 0xA61D, 0xA63D, 0xA61D, 0xA61D, 0xA61D, 0xA61D, 0xA61D, 0xA61D, 0xA61C, 0xA61D, 0x9E1D, 0x9E1D, 0x8D5A,
    0x9DFC, 0xA65E, 0x6BF2, 0x39A8, 0x4A08, 0x2945, 0x2924, 0x2924, 0x2924, 0x2924, 0x2924, 0x2924, 0x2925, 0x2924, 0x2924, 0x2924,
    0x2925, 0x2904, 0x3125, 0xDC34, 0xFCD7, 0xF496, 0xFCD7, 0xDC34, 0x3946, 0x2104, 0x2924, 0x2924, 0x2924, 0x2924, 0x2924, 0x2924,
    0x2925, 0x2924, 0x2924, 0x2924, 0x2924, 0x2924, 0x2924, 0x2924, 0x2925, 0x2924, 0x2924, 0x2924, 0x2904, 0x2945, 0x2925, 0x2924,
    0x2924, 0x2924, 0x2924, 0x2924, 0x2904, 0x2904, 0x2924, 0x2924, 0x2924, 0x2925, 0x2924, 0x2924, 0x2925, 0x2924, 0x2924, 0x2924,
    0x2925, 0x2924, 0x2924, 0x2924, 0x2924, 0x2924, 0x2924, 0x2924, 0x2925, 0x2925, 0x2924, 0x2924, 0x2924, 0x2924, 0x2924, 0x2924,
    0x2925, 0x2924, 0x2924, 0x2924, 0x2925, 0x2924, 0x2924, 0x2924, 0x2924, 0x2924, 0x2924, 0x2924, 0x2924, 0x2925, 0x2924, 0x2924,
    0x2924, 0x2924, 0x2924, 0x2924, 0x2924, 0x2924, 0x2924, 0x2904, 0x2103, 0x3125, 0xCB12, 0xC2D0, 0x6B70, 0xA65E, 0x9E1C, 0x9E1D,
    0x9E1D, 0x9E1D, 0x9E1D, 0x9E1D, 0x9E1D, 0x9E1D, 0x9E1D, 0x9E1D, 0x9E1D, 0x9E1D, 0x9E1D, 0x9E1D, 0x9E1D, 0x9E1D, 0x9E1D, 0x9E3D,
    0x9E1D, 0x9E1D, 0x9E3D, 0x9E3D, 0x9E1D, 0x9E3D, 0x9E1D, 0x9E1D, 0x9E3D, 0x9E3D, 0x9E3D, 0x9E1D, 0x9E1D, 0x9E3D, 0xA61D, 0xA61D,
    0xAE3D, 0xAE3D, 0xAE3D, 0xAE3D, 0xA63D, 0xA63D, 0xAE3D, 0xA61D, 0xA63D, 0xA63D, 0xA63D, 0xAE1D, 0xA61D, 0xA61D, 0xA63D, 0xA61D,
    0xA61D, 0xA63D, 0xAE3D, 0xA63D, 0xA63D, 0xA63D, 0xAE3D, 0xA61D, 0xA61D, 0xA61D, 0xA63D, 0xA61D, 0xA61D, 0xA61D, 0xA61D, 0xA61D,
    0xA61D, 0xA61D, 0xA61D, 0xA61D, 0xA63D, 0xA63D, 0xA61D, 0xA61D, 0xA61D, 0xA61D, 0xA61D, 0xA61D, 0xA61D, 0xA61D, 0xA61D, 0xA61D,
    0xA61D, 0xA61D, 0xA61D, 0xA61D, 0xA61D, 0xA61D, 0xA61D, 0xA61D, 0xA61D, 0xA63D, 0xA63D, 0xA61D, 0xA61D, 0xA61D, 0xA61D, 0xA61D,
    0xA61D, 0xA61D, 0xA61D, 0xA61D, 0xA61D, 0xA61D, 0xA61D, 0xA61D, 0xA61D, 0xA61D, 0xA61D, 0xA63D, 0xA61D, 0xA61D, 0xA61D, 0xA61D,
    0xA61D, 0xA61D, 0xA61D, 0xA61D, 0xA61D, 0xA61D, 0xA61D, 0xA61D, 0xA61D, 0xA61D, 0xA61D, 0xA61D, 0xA61D, 0xA63D, 0x957A, 0x9DDB,
    0xA63E, 0x959A, 0x4229, 0x4A09, 0x39A7, 0x2124, 0x2924, 0x2924, 0x2925, 0x2924, 0x2924, 0x2924, 0x2925, 0x2924, 0x2925, 0x2924,
    0x2945, 0x18E3, 0x828C, 0xFCF7, 0xF4B6, 0xFCB6, 0xEC95, 0x51A8, 0x2104, 0x2924, 0x2924, 0x2924, 0x2925, 0x2924, 0x2924, 0x2924,
    0x2924, 0x2924, 0x2925, 0x2924, 0x2924, 0x2924, 0x2924, 0x2924, 0x2924, 0x2924, 0x2924, 0x2104, 0x2945, 0x2945, 0x2924, 0x2924,
    0x2924, 0x2925, 0x2924, 0x2924, 0x2924, 0x2924, 0x2924, 0x2924, 0x2924, 0x2924, 0x2924, 0x2924, 0x2924, 0x2924, 0x2924, 0x2924,
    0x2924, 0x2924, 0x2924, 0x2924, 0x2904, 0x2925, 0x2924, 0x2924, 0x2924, 0x2924, 0x2924, 0x2904, 0x2924, 0x2924, 0x2924, 0x2924,
    0x2924, 0x2924, 0x2924, 0x2924, 0x2924, 0x2924, 0x2924, 0x2924, 0x2924, 0x2925, 0x2924, 0x2924, 0x2924, 0x2924, 0x2924, 0x2925,
    0x2924, 0x2924, 0x2924, 0x2924, 0x2924, 0x2924, 0x2924, 0x2904, 0x2924, 0x1903, 0x820B, 0xEB73, 0x7A8D, 0x8D9B, 0x9E1D, 0x9E1D,
    0x9E1D, 0x9E1D, 0x9E1D, 0xA61D, 0xA61D, 0xA61D, 0xA61D, 0xA61D, 0x9E1D, 0xA61D, 0xA61D, 0xA61D, 0xA61D, 0xA61D, 0xA61D, 0xA61D,
    0xA61D, 0xA63D, 0xA63D, 0xA63D, 0xA63D, 0x9E3D, 0x9E3D, 0xA63D, 0xA63D, 0x9E3D, 0xA61D, 0xA61D, 0x9E3D, 0xA63D, 0xA63D, 0xA63D,
    0xAE3D, 0xAE3D, 0xAE3D, 0xAE3D, 0xAE3D, 0xAE1D, 0xAE1D, 0xAE1D, 0xAE1D, 0xAE3D, 0xAE3D, 0xAE3D, 0xAE3D, 0xAE3D, 0xAE3D, 0xAE1D,
    0xAE1D, 0xAE3D, 0xAE3D, 0xAE3D, 0xAE3D, 0xAE1D, 0xAE3D, 0xAE3D, 0xAE1D, 0xAE1D, 0xAE3D, 0xAE1D, 0xAE1D, 0xA61D, 0xAE1D, 0xAE1D,
    0xA61D, 0xA61D, 0xA63D, 0xA61D, 0xA61D, 0xA61D, 0xA61D, 0xA61D, 0xA61D, 0xA61D, 0xA61D, 0xA61D, 0xA61D, 0xA61D, 0xA61D, 0xA61D,
    0xA61D, 0xA61D, 0xA61D, 0xA61D, 0xA63D, 0xA61D, 0xA63D, 0xA61D, 0xA61D, 0xA63D, 0xA61D, 0xA61D, 0xA61D, 0xA61D, 0xA61D, 0xA63D,
    0xA61D, 0xA61D, 0xA61D, 0xA61D, 0xA61D, 0xA61D, 0xA61D, 0xA61D, 0xA63D, 0xA61D, 0xA61D, 0xA63D, 0xA61D, 0xA61D, 0xA63D, 0xA61D,
    0xA61D, 0xA61D, 0xA61D, 0xA61D, 0xA61D, 0xA61D, 0xA61D, 0xA61D, 0xA61D, 0xA61D, 0xA61D, 0xA61D, 0xA63D, 0x9DBB, 0x957A, 0x9E1D,
    0xA65E, 0x6390, 0x41C7, 0x4A08, 0x2925, 0x2924, 0x2925, 0x2924, 0x2924, 0x2924, 0x2924, 0x2924, 0x2924, 0x2924, 0x2924, 0x2924,
    0x2124, 0x3125, 0xDC34, 0xFCD7, 0xF4B7, 0xFCB7, 0x6A2A, 0x20E4, 0x2925, 0x2924, 0x2925, 0x2924, 0x2924, 0x2924, 0x2924, 0x2924,
    0x2924, 0x2924, 0x2924, 0x2924, 0x2924, 0x2924, 0x2925, 0x2924, 0x2924, 0x2925, 0x2924, 0x2925, 0x2945, 0x2104, 0x2924, 0x2924,
    0x2924, 0x2924, 0x2924, 0x2924, 0x2924, 0x2924, 0x2924, 0x2924, 0x2924, 0x2924, 0x2925, 0x2924, 0x2924, 0x2925, 0x2924, 0x2924,
    0x2924, 0x2924, 0x2924, 0x2904, 0x2104, 0x2924, 0x2924, 0x2924, 0x2924, 0x2924, 0x2924, 0x2924, 0x2924, 0x2924, 0x2924, 0x2924,
    0x2924, 0x2925, 0x2924, 0x2924, 0x2924, 0x2924, 0x2924, 0x2925, 0x2924, 0x2924, 0x2924, 0x2924, 0x2924, 0x2924, 0x2924, 0x2924,
    0x2924, 0x2924, 0x2924, 0x2925, 0x2924, 0x2924, 0x2924, 0x2924, 0x2925, 0x2104, 0x3945, 0xDB32, 0xAA6E, 0x7476, 0xA65E, 0x9DFD,
    0x9E1D, 0x9E1D, 0xA61D, 0xA61D, 0xA61D, 0xA61D, 0xA61D, 0xA61D, 0xA61D, 0xA61D, 0xA61D, 0xA61D, 0xA61D, 0xA61D, 0xA61D, 0xA61D,
    0xA61D, 0xA63D, 0xA63D, 0xA61D, 0xA63D, 0xA63D, 0xA61D, 0xA61D, 0xA63D, 0xA61D, 0xA61D, 0xA61D, 0xA61D, 0xA63D, 0xA63D, 0xA63D,
    0xAE3D, 0xAE3D, 0xAE3D, 0xAE1D, 0xAE1D, 0xAE1D, 0xAE1D, 0xAE1D, 0xAE1D, 0xAE1D, 0xAE3D, 0xAE3D, 0xAE3D, 0xAE1D, 0xAE1D, 0xAE1D,
    0xAE1D, 0xAE1D, 0xAE1D, 0xAE1D, 0xAE1D, 0xAE1D, 0xAE1D, 0xAE1D, 0xAE1D, 0xAE1D, 0xAE1D, 0xAE1D, 0xAE1D, 0xAE1D, 0xAE1D, 0xAE1D,
    0xAE1D, 0xAE1D, 0xAE1D, 0xAE1D, 0xA63D, 0xAE3D, 0xAE1D, 0xAE1D, 0xAE1D, 0xA63D, 0xA61D, 0xA61D, 0xA61D, 0xA61D, 0xA61D, 0xA61D,
    0xA61D, 0xA61D, 0xA61D, 0xA61D, 0xA61D, 0xA61D, 0xA61D, 0xA61D, 0xA61D, 0xA61D, 0xA61D, 0xA63D, 0xA61D, 0xA61D, 0xA61D, 0xA61D,
    0xA61D, 0xA61D, 0xA61D, 0xA61D, 0xA61D, 0xA61D, 0xA61D, 0xA61D, 0xA61D, 0xA61D, 0xA61D, 0xA61D, 0xA61D, 0xA61D, 0xA61D, 0xA63D,
    0xA61D, 0xA61D, 0xA61D, 0xA61D, 0xA63D, 0xA61D, 0xA61D, 0xA61D, 0xA61D, 0xA61D, 0xA61D, 0xA61D, 0xA61C, 0x9579, 0x9DFD, 0xA63E,
    0x8D59, 0x39E8, 0x4A09, 0x3166, 0x2904, 0x2924, 0x2924, 0x2924, 0x2924, 0x2925, 0x2924, 0x2924, 0x2924, 0x2924, 0x2924, 0x2925,
    0x18E3, 0x7A6B, 0xFCD8, 0xF496, 0xFCD7, 0x92CD, 0x20E4, 0x2925, 0x2924, 0x2924, 0x2924, 0x2924, 0x2924, 0x2925, 0x2924, 0x2924,
    0x2924, 0x2924, 0x2924, 0x2925, 0x2924, 0x2924, 0x2925, 0x2925, 0x2924, 0x2924, 0x2924, 0x2924, 0x2104, 0x2924, 0x2104, 0x2924,
    0x2924, 0x2924, 0x2924, 0x2924, 0x2924, 0x2924, 0x2924, 0x2924, 0x2924, 0x2924, 0x2925, 0x2925, 0x2924, 0x2924, 0x2924, 0x2924,
    0x2924, 0x2924, 0x2924, 0x2904, 0x2924, 0x2924, 0x2924, 0x2924, 0x2924, 0x2924, 0x2924, 0x2924, 0x2924, 0x2924, 0x2924, 0x2925,
    0x2924, 0x2924, 0x2924, 0x2924, 0x2924, 0x2924, 0x2924, 0x2924, 0x2924, 0x2924, 0x2925, 0x2924, 0x2924, 0x2924, 0x2924, 0x2924,
    0x2925, 0x2924, 0x2924, 0x2925, 0x2924, 0x2924, 0x2924, 0x2924, 0x2924, 0x2925, 0x18E4, 0x928C, 0xD311, 0x6B50, 0xA63E, 0x9DFD,
    0xA61D, 0xA61D, 0xA61D, 0xA61D, 0xA61D, 0xA61D, 0xA61D, 0xA61D, 0xA61D, 0xA61D, 0xA61D, 0xA61D, 0xA61D, 0xA61D, 0xA61D, 0xA61D,
    0xA61D, 0xA63D, 0xA61D, 0xA63D, 0xA63D, 0xA63D, 0xA61D, 0xA61D, 0xA63D, 0xA63D, 0xA61D, 0xA61D, 0xA61D, 0xA63D, 0xA63D, 0xA63D,
    0xAE3D, 0xAE3D, 0xAE1D, 0xAE1D, 0xAE1D, 0xAE1D, 0xAE1D, 0xAE1D, 0xAE1D, 0xAE3D, 0xAE3D, 0xAE3D, 0xAE1D, 0xAE1D, 0xAE1D, 0xAE1D,
    0xAE1D, 0xAE1D, 0xAE1D, 0xAE1D, 0xAE1D, 0xAE1D, 0xAE1D, 0xAE1D, 0xAE1D, 0xAE1D, 0xAE1D, 0xAE1D, 0xAE1D, 0xAE1D, 0xAE1D, 0xAE1D,
    0xAE1D, 0xAE1D, 0xAE1D, 0xAE1D, 0xAE1D, 0xAE1D, 0xAE1D, 0xAE1D, 0xAE1D, 0xAE1D, 0xAE1D, 0xAE3D, 0xAE3D, 0xAE1D, 0xAE1D, 0xA61D,
    0xA61D, 0xA63D, 0xAE1D, 0xAE1D, 0xAE1D, 0xA61D, 0xA63D, 0xA61D, 0xA61D, 0xA61D, 0xA61D, 0xA61D, 0xAE1D, 0xAE1D, 0xA63D, 0xA61D,
    0xA61D, 0xA61D, 0xA61D, 0xAE1D, 0xA63D, 0xA61D, 0xA61D, 0xA61D, 0xAE1D, 0xA61D, 0xA61D, 0xA61D, 0xA61D, 0xAE1D, 0xA61D, 0xA63D,
    0xA61D, 0xA61D, 0xA61D, 0xA61D, 0xA61D, 0xA61D, 0xA61D, 0xA61D, 0xA61D, 0xA61D, 0xA61C, 0xA63D, 0x9D9A, 0x9DDC, 0xA61D, 0xAE5D,
    0x5B0E, 0x39A7, 0x39A7, 0x2924, 0x2924, 0x2925, 0x2924, 0x2924, 0x2924, 0x2924, 0x2924, 0x2925, 0x2924, 0x2924, 0x2924, 0x2925,
    0x2924, 0xCBF2, 0xFCB7, 0xFCD7, 0xBBB1, 0x2904, 0x2925, 0x2924, 0x2924, 0x2925, 0x2924, 0x2924, 0x2924, 0x2924, 0x2924, 0x2925,
    0x2924, 0x2924, 0x2924, 0x2924, 0x2924, 0x2924, 0x2924, 0x2924, 0x2924, 0x2924, 0x2925, 0x2104, 0x2924, 0x2104, 0x2904, 0x2924,
    0x2924, 0x2924, 0x2924, 0x2925, 0x2924, 0x2924, 0x2924, 0x2924, 0x2924, 0x2924, 0x2924, 0x2924, 0x2924, 0x2924, 0x2925, 0x2925,
    0x2924, 0x2925, 0x2925, 0x2904, 0x2924, 0x2924, 0x2924, 0x2924, 0x2925, 0x2924, 0x2924, 0x2924, 0x2924, 0x2924, 0x2924, 0x2924,
    0x2924, 0x2924, 0x2925, 0x2925, 0x2924, 0x2924, 0x2925, 0x2924, 0x2924, 0x2924, 0x2924, 0x2924, 0x2925, 0x2924, 0x2924, 0x2924,
    0x2924, 0x2924, 0x2924, 0x2924, 0x2924, 0x2924, 0x2924, 0x2925, 0x2924, 0x2924, 0x20E4, 0x4987, 0xDB52, 0x7AAD, 0x95DC, 0xA63D,
    0xA61D, 0xA61D, 0xA61D, 0xA61D, 0xA61D, 0xA61D, 0xA61D, 0xA61D, 0xA61D, 0xA61D, 0xA61D, 0xA61D, 0xA61D, 0xA61D, 0xA61D, 0xA61D,
    0xA61D, 0xA63D, 0xA63D, 0xA63D, 0xA63D, 0xA63D, 0xA63D, 0xA63D, 0xA63D, 0xA63D, 0xA61D, 0xA61D, 0xA61D, 0xA63D, 0xA63D, 0xA63D,
    0xB63D, 0xAE3D, 0xAE1D, 0xAE1D, 0xAE3D, 0xAE1D, 0xAE3D, 0xAE3D, 0xAE3D, 0xAE3D, 0xAE3D, 0xAE3D, 0xAE3D, 0xAE1D, 0xAE1D, 0xAE1D,
    0xAE1D, 0xAE1D, 0xAE1D, 0xAE1D, 0xAE1D, 0xAE1D, 0xAE1D, 0xAE3D, 0xAE1D, 0xAE1D, 0xAE1D, 0xAE3D, 0xAE1D, 0xAE1D, 0xAE1D, 0xAE1D,
    0xAE1D, 0xAE1D, 0xAE1D, 0xAE1D, 0xAE1D, 0xAE1D, 0xAE3D, 0xAE1D, 0xAE1D, 0xAE1D, 0xAE1D, 0xAE1D, 0xAE1D, 0xAE1D, 0xAE1D, 0xAE1D,
    0xAE1D, 0xAE1D, 0xAE1D, 0xAE1D, 0xAE3D, 0xAE3D, 0xAE3D, 0xAE1D, 0xAE3D, 0xAE1D, 0xAE1D, 0xAE1D, 0xAE1D, 0xAE1D, 0xAE1D, 0xAE1D,
    0xAE1D, 0xAE1D, 0xAE1D, 0xAE1D, 0xAE1D, 0xAE1D, 0xAE1D, 0xAE1D, 0xAE1D, 0xAE1D, 0xAE1D, 0xAE1D, 0xAE3D, 0xAE1D, 0xAE1D, 0xAE1D,
    0xAE1D, 0xAE1D, 0xAE1D, 0xAE1D, 0xAE1D, 0xAE1D, 0xAE1D, 0xAE1D, 0xAE1D, 0xA61D, 0xAE3D, 0xA5DB, 0x959A, 0xA61D, 0xA63E, 0x84D6,
    0x39A7, 0x39C7, 0x2925, 0x2924, 0x2924, 0x2924, 0x2924, 0x2924, 0x2924, 0x2924, 0x2924, 0x2924, 0x2924, 0x2924, 0x2925, 0x20E4,
    0x59E8, 0xFCB6, 0xFCB7, 0xE455, 0x4166, 0x2104, 0x2925, 0x2924, 0x2924, 0x2924, 0x2924, 0x2924, 0x2924, 0x2924, 0x2924, 0x2924,
    0x2924, 0x2924, 0x2924, 0x2924, 0x2924, 0x2924, 0x2925, 0x2924, 0x2924, 0x2924, 0x20E4, 0x2924, 0x2924, 0x2104, 0x2924, 0x2924,
    0x2924, 0x2924, 0x2924, 0x2924, 0x2924, 0x2924, 0x2924, 0x2924, 0x2924, 0x2924, 0x2925, 0x2924, 0x2924, 0x2924, 0x2924, 0x2924,
    0x2924, 0x2924, 0x2924, 0x2924, 0x2924, 0x2924, 0x2924, 0x2924, 0x2924, 0x2924, 0x2924, 0x2924, 0x2924, 0x2924, 0x2924, 0x2924,
    0x2924, 0x2924, 0x2924, 0x2924, 0x2924, 0x2924, 0x2924, 0x2924, 0x2924, 0x2924, 0x2924, 0x2924, 0x2924, 0x2924, 0x2924, 0x2924,
    0x2924, 0x2924, 0x2924, 0x2925, 0x2924, 0x2924, 0x2924, 0x2924, 0x2924, 0x2905, 0x2904, 0x2104, 0xBACF, 0xA28D, 0x84F7, 0xAE5E,
    0xA61D, 0xA63D, 0xA61D, 0xA61D, 0xA61D, 0xA61D, 0xA61D, 0xA61D, 0xA63D, 0xA61D, 0xA61D, 0xA61D, 0xA61D, 0xA61D, 0xA63D, 0xA61D,
    0xA61D, 0xA63D, 0xA63D, 0xA61D, 0xA61D, 0xA61D, 0xA63D, 0xA63D, 0xA63D, 0xA63D, 0xA61D, 0xA61D, 0xA61D, 0xA61D, 0xA63D, 0xAE3D,
    0xB63D, 0xAE3D, 0xAE3D, 0xAE1D, 0xAE3D, 0xAE3D, 0xAE3D, 0xAE3D, 0xAE3D, 0xAE3D, 0xAE3D, 0xAE3D, 0xAE3D, 0xAE3D, 0xAE1D, 0xAE1D,
    0xAE3D, 0xAE1D, 0xAE1D, 0xAE1D, 0xAE1D, 0xAE1D, 0xAE1D, 0xAE3D, 0xAE3D, 0xAE1D, 0xAE1D, 0xAE1D, 0xAE1D, 0xAE1D, 0xAE1C, 0xAE1D,
    0xAE3D, 0xAE1D, 0xAE1D, 0xAE1D, 0xAE3D, 0xAE1D, 0xAE1D, 0xAE1D, 0xAE1D, 0xAE1D, 0xAE1D, 0xAE1D, 0xAE1D, 0xAE1D, 0xAE1D, 0xAE1D,
    0xAE1D, 0xAE1D, 0xAE3D, 0xAE1D, 0xAE1D, 0xAE1D, 0xAE1D, 0xAE1D, 0xAE1D, 0xAE3D, 0xAE1D, 0xAE1D, 0xAE1D, 0xAE1D, 0xAE1D, 0xAE1D,
    0xAE1D, 0xAE1D, 0xAE1D, 0xAE1D, 0xAE1D, 0xAE1D, 0xAE1D, 0xAE1D, 0xAE1D, 0xAE1D, 0xAE1D, 0xAE1D, 0xAE1D, 0xAE1D, 0xAE1D, 0xAE1D,
    0xAE1D, 0xAE1D, 0xAE1D, 0xAE1D, 0xAE1D, 0xAE1D, 0xAE1D, 0xAE1D, 0xAE1D, 0xAE1D, 0xAE1D, 0x9579, 0xA61C, 0xA61D, 0xA61D, 0x4AAC,
    0x39C7, 0x3166, 0x2945, 0x2925, 0x2924, 0x2924, 0x2924, 0x2924, 0x2924, 0x2924, 0x2924, 0x2924, 0x2924, 0x2924, 0x2925, 0x20E3,
    0xA32F, 0xFCD7, 0xFCB7, 0x722A, 0x2104, 0x2924, 0x2924, 0x2925, 0x2924, 0x2924, 0x2924, 0x2924, 0x2924, 0x2924, 0x2924, 0x2924,
    0x2924, 0x2924, 0x2924, 0x2924, 0x2924, 0x2924, 0x2924, 0x2925, 0x2924, 0x20E3, 0x2104, 0x2924, 0x2904, 0x2924, 0x2924, 0x2924,
    0x2924, 0x2924, 0x2924, 0x2924, 0x2924, 0x2924, 0x2924, 0x2924, 0x2924, 0x2924, 0x2924, 0x2925, 0x2924, 0x2924, 0x2924, 0x2924,
    0x2925, 0x2924, 0x2104, 0x2924, 0x2924, 0x2924, 0x2924, 0x2924, 0x2924, 0x2924, 0x2924, 0x2924, 0x2924, 0x2924, 0x2924, 0x2925,
    0x2924, 0x2924, 0x2924, 0x2924, 0x2925, 0x2924, 0x2924, 0x2924, 0x2924, 0x2924, 0x2924, 0x2924, 0x2924, 0x2924, 0x2924, 0x2924,
    0x2924, 0x2924, 0x2924, 0x2925, 0x2925, 0x2924, 0x2924, 0x2924, 0x2925, 0x2924, 0x2924, 0x18E3, 0x7A0A, 0xC2CF, 0x73D2, 0xAE5E,
    0xA61D, 0xA63D, 0xA61D, 0xA61D, 0xA61D, 0xA61D, 0xA61D, 0xA61D, 0xA61D, 0xA61D, 0xA61D, 0xA61D, 0xA61D, 0xA61D, 0xA63D, 0xA61D,
    0xA61D, 0xA63D, 0xA63D, 0xA61D, 0xA61D, 0xA61D, 0xA61D, 0xA63D, 0xA63D, 0xA63D, 0xA63D, 0xA61D, 0xA63D, 0xAE3D, 0xAE3D, 0xAE3D,
    0xB63D, 0xAE3D, 0xAE1D, 0xAE3D, 0xAE3D, 0xAE3D, 0xAE1D, 0xAE3D, 0xAE1D, 0xAE3D, 0xAE3D, 0xAE3D, 0xAE3D, 0xAE3D, 0xAE3D, 0xAE3D,
    0xAE1D, 0xAE3D, 0xAE3D, 0xAE1D, 0xAE1D, 0xAE1D, 0xAE1D, 0xAE3D, 0xAE3D, 0xAE1D, 0xAE1D, 0xAE1D, 0xAE1D, 0xAE1D, 0xAE1D, 0xAE1D,
    0xAE1D, 0xAE1D, 0xAE1D, 0xAE1D, 0xAE1D, 0xAE1D, 0xAE1D, 0xAE1D, 0xAE1D, 0xAE1D, 0xAE1D, 0xAE1D, 0xAE1D, 0xAE1D, 0xAE1D, 0xAE1D,
    0xAE1D, 0xAE1D, 0xAE3D, 0xAE3D, 0xAE3D, 0xAE1D, 0xAE1D, 0xAE1D, 0xAE1D, 0xAE1D, 0xAE1D, 0xAE1D, 0xAE1D, 0xAE1D, 0xAE1D, 0xAE1D,
    0xAE1D, 0xAE1D, 0xAE1D, 0xAE1D, 0xAE1D, 0xAE1D, 0xAE1D, 0xAE1D, 0xAE1D, 0xAE1D, 0xAE1D, 0xAE1D, 0xAE3D, 0xAE1D, 0xAE1D, 0xAE1D,
    0xAE1D, 0xAE1D, 0xAE1D, 0xAE1D, 0xAE1D, 0xAE1D, 0xAE1D, 0xAE1D, 0xAE1D, 0xAE3D, 0x9D9B, 0x9DBB, 0xA61D, 0xAE5E, 0x7C54, 0x39A7,
    0x39A7, 0x2905, 0x2924, 0x2924, 0x2924, 0x2924, 0x2924, 0x2925, 0x2924, 0x2924, 0x2905, 0x2924, 0x2924, 0x2905, 0x2904, 0x3145,
    0xDC14, 0xFCF8, 0xA32F, 0x2103, 0x2945, 0x2925, 0x2924, 0x2924, 0x2924, 0x2924, 0x2924, 0x2925, 0x2924, 0x2924, 0x2924, 0x2925,
    0x2924, 0x2925, 0x2925, 0x2924, 0x2924, 0x2924, 0x2924, 0x2924, 0x2104, 0x2104, 0x2925, 0x2924, 0x2924, 0x2924, 0x2924, 0x2924,
    0x2924, 0x2924, 0x2925, 0x2925, 0x2924, 0x2924, 0x2925, 0x2924, 0x2924, 0x2924, 0x2924, 0x2924, 0x2924, 0x2924, 0x2925, 0x2924,
    0x2924, 0x2924, 0x2104, 0x2924, 0x2104, 0x2904, 0x2924, 0x2925, 0x2924, 0x2925, 0x2925, 0x2924, 0x2924, 0x2924, 0x2924, 0x2924,
    0x2924, 0x2904, 0x2905, 0x2924, 0x2924, 0x2924, 0x2924, 0x2924, 0x2925, 0x2904, 0x2924, 0x2925, 0x2924, 0x2924, 0x2925, 0x2925,
    0x2924, 0x2924, 0x2924, 0x2924, 0x2924, 0x2924, 0x2925, 0x2924, 0x2924, 0x2924, 0x2924, 0x2104, 0x3946, 0xC2D0, 0x72EF, 0xA63D,
    0xA61D, 0xA61D, 0xA61D, 0xA61D, 0xA61D, 0xA61D, 0xA61D, 0xA61D, 0xA63D, 0xAE1D, 0xA61D, 0xA61D, 0xAE1D, 0xAE1D, 0xA63D, 0xAE3D,
    0xAE1D, 0xA61D, 0xA61D, 0xA61D, 0xA61D, 0xAE3D, 0xAE3D, 0xAE3D, 0xAE3D, 0xAE3D, 0xAE3D, 0xA63D, 0xAE3D, 0xAE3D, 0xAE3D, 0xAE3D,
    0xB63D, 0xAE3D, 0xB63D, 0xB63D, 0xAE3D, 0xB61D, 0xAE1D, 0xAE3D, 0xB63D, 0xAE3D, 0xAE1D, 0xAE3D, 0xAE3D, 0xAE3D, 0xAE3D, 0xB63D,
    0xAE3D, 0xAE1D, 0xAE1D, 0xAE1D, 0xAE1D, 0xAE3C, 0xAE1D, 0xAE3D, 0xB63C, 0xAE1D, 0xAE1D, 0xAE3C, 0xAE1D, 0xAE1D, 0xAE1D, 0xAE1D,
    0xAE1D, 0xAE1D, 0xAE1D, 0xAE1D, 0xAE3C, 0xAE1D, 0xAE3D, 0xAE1D, 0xAE1D, 0xAE1D, 0xAE1D, 0xAE1D, 0xAE1D, 0xAE1D, 0xAE1D, 0xAE3D,
    0xAE1D, 0xAE3D, 0xAE3D, 0xAE3D, 0xAE3D, 0xAE1D, 0xAE3D, 0xAE3D, 0xAE1D, 0xAE1D, 0xAE1D, 0xAE1D, 0xAE1D, 0xAE1D, 0xAE3C, 0xAE1D,
    0xAE1D, 0xAE1D, 0xAE1D, 0xAE3D, 0xAE3D, 0xAE1D, 0xAE1D, 0xAE1D, 0xAE3D, 0xAE3D, 0xAE3D, 0xAE1D, 0xAE3C, 0xAE3D, 0xAE1D, 0xAE1D,
    0xAE1D, 0xAE1D, 0xAE3C, 0xAE1D, 0xAE1D, 0xAE1C, 0xAE1D, 0xAE1D, 0xAE1C, 0xADFC, 0x9D7A, 0xA61D, 0xA63D, 0xA5DB, 0x422A, 0x41C8,
    0x2945, 0x2124, 0x2924, 0x2924, 0x2924, 0x2925, 0x2924, 0x2924, 0x2925, 0x2924, 0x2924, 0x2924, 0x2924, 0x2924, 0x20E3, 0x59E9,
    0xFCD7, 0xDC54, 0x3946, 0x2124, 0x2924, 0x2924, 0x2925, 0x2924, 0x2924, 0x2925, 0x2924, 0x2924, 0x2925, 0x2924, 0x2924, 0x2925,
    0x2924, 0x2924, 0x2924, 0x2924, 0x2924, 0x2924, 0x2924, 0x2104, 0x20E3, 0x2924, 0x2924, 0x2924, 0x2924, 0x2924, 0x2924, 0x2924,
    0x2924, 0x2924, 0x2924, 0x2925, 0x2924, 0x2924, 0x2924, 0x2924, 0x2924, 0x2924, 0x2924, 0x2904, 0x2924, 0x2924, 0x2924, 0x2924,
    0x2924, 0x2904, 0x2104, 0x2924, 0x2104, 0x2924, 0x2924, 0x2924, 0x2924, 0x2924, 0x2924, 0x2924, 0x2924, 0x2924, 0x2924, 0x2924,
    0x2904, 0x2924, 0x2924, 0x2924, 0x2924, 0x2924, 0x2924, 0x2924, 0x2924, 0x2904, 0x2924, 0x2924, 0x2924, 0x2924, 0x2924, 0x2924,
    0x2924, 0x2924, 0x2924, 0x2925, 0x2924, 0x2924, 0x2924, 0x2924, 0x2924, 0x2924, 0x2924, 0x2924, 0x20E4, 0xA26D, 0x82AD, 0x95BA,
    0xAE3D, 0xA61C, 0xA61D, 0xAE1D, 0xAE1D, 0xAE1D, 0xAE1D, 0xAE1D, 0xAE1D, 0xAE1D, 0xAE3D, 0xAE1D, 0xAE1D, 0xAE1D, 0xAE3D, 0xAE3D,
    0xAE3D, 0xAE1D, 0xAE1D, 0xAE1D, 0xAE3D, 0xAE3D, 0xAE3D, 0xAE3D, 0xAE3D, 0xAE3D, 0xAE3D, 0xAE3D, 0xAE3D, 0xAE3D, 0xAE3D, 0xAE3D,
    0xB63D, 0xB63C, 0xB61D, 0xB61D, 0xB61D, 0xB61D, 0xB63D, 0xB63D, 0xB63D, 0xB61D, 0xB61D, 0xB63D, 0xB63D, 0xAE3D, 0xB63D, 0xAE3D,
    0xAE3D, 0xB61D, 0xB61D, 0xB61D, 0xAE1D, 0xAE3C, 0xAE1D, 0xB61D, 0xB61D, 0xAE1D, 0xAE1D, 0xAE1C, 0xAE1D, 0xAE1D, 0xAE1D, 0xAE3D,
    0xAE1D, 0xAE1D, 0xAE1D, 0xAE3D, 0xAE1D, 0xAE3D, 0xAE3D, 0xAE3D, 0xAE1D, 0xAE1C, 0xAE1D, 0xAE1D, 0xAE1D, 0xAE1D, 0xAE3D, 0xAE3C,
    0xAE1D, 0xAE3D, 0xAE1D, 0xAE1D, 0xAE3D, 0xAE3C, 0xAE1D, 0xAE1D, 0xAE1D, 0xAE3D, 0xAE1D, 0xAE1D, 0xAE1D, 0xAE1D, 0xAE3D, 0xAE3D,
    0xAE1D, 0xAE3D, 0xAE3D, 0xAE3D, 0xAE1C, 0xAE1D, 0xAE1D, 0xAE1D, 0xAE3D, 0xAE3D, 0xAE3D, 0xAE3D, 0xAE3D, 0xAE1D, 0xAE1D, 0xAE1D,
    0xAE1D, 0xAE3D, 0xAE3C, 0xAE1D, 0xAE1D, 0xAE1D, 0xAE1D, 0xAE1D, 0xAE3D, 0x9D9B, 0xA5DC, 0xA61D, 0xAE7E, 0x6B90, 0x39A7, 0x3986,
    0x2924, 0x2924, 0x2924, 0x2924, 0x2924, 0x2924, 0x2924, 0x2924, 0x2924, 0x2925, 0x2924, 0x2924, 0x2924, 0x2925, 0x18E3, 0x92CE,
    0xFD18, 0x724B, 0x20E3, 0x2925, 0x2924, 0x2924, 0x2924, 0x2924, 0x2924, 0x2925, 0x2924, 0x2924, 0x2924, 0x2925, 0x2924, 0x2924,
    0x2924, 0x2924, 0x2924, 0x2925, 0x2924, 0x2924, 0x2924, 0x20E4, 0x2104, 0x2924, 0x2924, 0x2924, 0x2924, 0x2925, 0x2924, 0x2924,
    0x2904, 0x2904, 0x2924, 0x2924, 0x2924, 0x2924, 0x2924, 0x2924, 0x2924, 0x2924, 0x2924, 0x2904, 0x2924, 0x2924, 0x2924, 0x2924,
    0x2924, 0x2904, 0x2924, 0x2924, 0x2104, 0x2924, 0x2924, 0x2924, 0x2924, 0x2924, 0x2924, 0x2925, 0x2924, 0x2924, 0x2924, 0x2924,
    0x2925, 0x2924, 0x2924, 0x2924, 0x2924, 0x2924, 0x2924, 0x2924, 0x2924, 0x2104, 0x2904, 0x2924, 0x2924, 0x2924, 0x2924, 0x2924,
    0x2925, 0x2924, 0x2924, 0x2924, 0x2925, 0x2924, 0x2924, 0x2924, 0x2924, 0x2924, 0x2925, 0x2924, 0x18E3, 0x71EA, 0x928D, 0x84F7,
    0xAE5E, 0xA61C, 0xAE1D, 0xAE1D, 0xAE1D, 0xAE3D, 0xAE3D, 0xAE1D, 0xAE1D, 0xAE1D, 0xAE1D, 0xAE3D, 0xAE3D, 0xAE1D, 0xAE3D, 0xAE3D,
    0xAE1D, 0xAE1D, 0xAE1D, 0xAE1D, 0xAE1D, 0xAE1D, 0xAE3D, 0xAE3D, 0xAE3D, 0xAE3D, 0xAE1D, 0xAE1D, 0xAE3D, 0xAE3D, 0xAE3D, 0xAE3D,
    0xB63D, 0xB63D, 0xB61D, 0xB63D, 0xB61D, 0xB63D, 0xB61D, 0xB61D, 0xB61D, 0xB61C, 0xB61D, 0xB61D, 0xB63D, 0xB63D, 0xB63D, 0xB63D,
    0xB63D, 0xB61D, 0xB61D, 0xB61C, 0xB61D, 0xB61D, 0xB63D, 0xB63D, 0xB63D, 0xB61D, 0xB61D, 0xB61D, 0xB61D, 0xB63D, 0xAE1D, 0xB61D,
    0xB61D, 0xB61D, 0xB61D, 0xB61D, 0xB61D, 0xB61D, 0xB61D, 0xB63D, 0xB61D, 0xAE1D, 0xAE1D, 0xAE3D, 0xAE3D, 0xAE1D, 0xAE1D, 0xAE1D,
    0xAE3D, 0xAE3C, 0xAE1D, 0xAE1D, 0xAE1D, 0xAE1D, 0xAE1D, 0xAE1D, 0xAE1D, 0xAE1D, 0xAE3D, 0xAE1D, 0xAE1D, 0xAE1D, 0xAE1D, 0xAE3D,
    0xAE3D, 0xAE3D, 0xAE3D, 0xAE1D, 0xAE1D, 0xAE1C, 0xAE1D, 0xAE1D, 0xAE1D, 0xAE1D, 0xAE1D, 0xAE3D, 0xAE1D, 0xAE1D, 0xAE1D, 0xAE1D,
    0xAE1C, 0xAE1D, 0xAE1D, 0xAE1D, 0xAE1C, 0xAE1D, 0xAE1D, 0xAE1D, 0xADFC, 0x9D9A, 0xAE1C, 0xAE3E, 0x9D59, 0x39C8, 0x41E8, 0x2924,
    0x2924, 0x2925, 0x2924, 0x2924, 0x2924, 0x2925, 0x2924, 0x2924, 0x2924, 0x2924, 0x2924, 0x2925, 0x2924, 0x2924, 0x2904, 0xD3D3,
    0xC3B2, 0x20E4, 0x2924, 0x2924, 0x2924, 0x2904, 0x2904, 0x2924, 0x2924, 0x2904, 0x2924, 0x2924, 0x2924, 0x2924, 0x2924, 0x2925,
    0x2924, 0x2924, 0x2924, 0x2924, 0x2924, 0x2925, 0x2104, 0x20E4, 0x2924, 0x2924, 0x2925, 0x2924, 0x2924, 0x2924, 0x2925, 0x2924,
    0x2104, 0x2924, 0x2924, 0x2925, 0x2925, 0x2924, 0x2924, 0x2924, 0x2924, 0x2925, 0x2904, 0x2904, 0x2904, 0x2924, 0x2924, 0x2924,
    0x2924, 0x2904, 0x2904, 0x2104, 0x2104, 0x2924, 0x2924, 0x2924, 0x2925, 0x2924, 0x2924, 0x2924, 0x2924, 0x2924, 0x2924, 0x2924,
    0x2924, 0x2924, 0x2925, 0x2924, 0x2924, 0x2924, 0x2925, 0x2904, 0x2924, 0x2924, 0x2104, 0x2924, 0x2925, 0x2924, 0x2924, 0x2924,
    0x2924, 0x2924, 0x2924, 0x2924, 0x2924, 0x2924, 0x2925, 0x2925, 0x2924, 0x2924, 0x2924, 0x2924, 0x2104, 0x4166, 0x9A6D, 0x7C13,
    0xAE7F, 0xAE1D, 0xAE1D, 0xAE3D, 0xAE3D, 0xAE1D, 0xAE1D, 0xAE1D, 0xAE1D, 0xAE1D, 0xAE1D, 0xAE1D, 0xAE3D, 0xAE3D, 0xAE3D, 0xAE1D,
    0xAE1D, 0xAE1D, 0xAE1D, 0xAE1D, 0xAE1D, 0xAE1D, 0xAE3D, 0xAE1D, 0xAE3D, 0xAE3D, 0xAE1D, 0xAE1D, 0xAE1D, 0xAE3D, 0xAE3D, 0xAE3D,
    0xB63D, 0xB63D, 0xB63D, 0xB63D, 0xB63D, 0xB63D, 0xB63D, 0xB63D, 0xB61D, 0xB61D, 0xB61D, 0xB63D, 0xB63D, 0xB63D, 0xB61D, 0xB61D,
    0xB63D, 0xB61D, 0xB61D, 0xB61D, 0xB63D, 0xB63D, 0xB61D, 0xB61D, 0xB61D, 0xB61D, 0xB61D, 0xB61D, 0xB63D, 0xB63D, 0xB61D, 0xB61D,
    0xB61D, 0xB61D, 0xB61D, 0xB63D, 0xB61D, 0xB61D, 0xB61D, 0xB63D, 0xB63D, 0xB61D, 0xB61D, 0xB61D, 0xB63D, 0xB63D, 0xB63D, 0xB61D,
    0xB61D, 0xB61D, 0xB61D, 0xB61D, 0xB63D, 0xB61D, 0xB63D, 0xAE3D, 0xAE1C, 0xB61D, 0xAE1D, 0xAE1D, 0xB61D, 0xB61D, 0xB61D, 0xB63D,
    0xB63D, 0xB63D, 0xB63D, 0xB61D, 0xB63D, 0xB63D, 0xAE1D, 0xB61D, 0xB63D, 0xB63D, 0xB61D, 0xB61D, 0xB63D, 0xAE1D, 0xB61D, 0xAE1D,
    0xAE1C, 0xAE1D, 0xAE1D, 0xAE1D, 0xB61D, 0xAE1D, 0xAE1D, 0xB63D, 0xA5BB, 0xA5DB, 0xAE1D, 0xB63D, 0x5AED, 0x41C7, 0x3186, 0x2924,
    0x2924, 0x2924, 0x2924, 0x2925, 0x2924, 0x2924, 0x2924, 0x2924, 0x2924, 0x2924, 0x2924, 0x2924, 0x2924, 0x2104, 0x4967, 0xDC14,
    0x4987, 0x2104, 0x2924, 0x2924, 0x2924, 0x2924, 0x2924, 0x2904, 0x2904, 0x2924, 0x2924, 0x2924, 0x2924, 0x2924, 0x2924, 0x2924,
    0x2924, 0x2924, 0x2924, 0x2924, 0x2924, 0x2924, 0x20E3, 0x2924, 0x2924, 0x2924, 0x2924, 0x2924, 0x2925, 0x2924, 0x2924, 0x2924,
    0x2104, 0x2924, 0x2924, 0x2924, 0x2924, 0x2924, 0x2924, 0x2924, 0x2924, 0x2924, 0x2904, 0x2904, 0x2924, 0x2924, 0x2924, 0x2924,
    0x2905, 0x2904, 0x2904, 0x3144, 0x2924, 0x2904, 0x2924, 0x2924, 0x2924, 0x2924, 0x2904, 0x2924, 0x2924, 0x2924, 0x2924, 0x2924,
    0x2924, 0x2924, 0x2924, 0x2924, 0x2925, 0x2924, 0x2924, 0x2104, 0x2924, 0x2924, 0x2104, 0x2924, 0x2924, 0x2924, 0x2924, 0x2924,
    0x2924, 0x2924, 0x2924, 0x2924, 0x2924, 0x2924, 0x2924, 0x2924, 0x2925, 0x2925, 0x2924, 0x2924, 0x2924, 0x2904, 0x8A2B, 0x7B70,
    0xAE5D, 0xAE1D, 0xAE1D, 0xAE1D, 0xAE1D, 0xAE1D, 0xAE1D, 0xAE1D, 0xAE3D, 0xAE3D, 0xAE3D, 0xAE3D, 0xAE3D, 0xAE3D, 0xAE3D, 0xAE1D,
    0xAE3D, 0xAE3D, 0xAE1D, 0xAE1D, 0xAE3D, 0xAE3D, 0xAE3D, 0xAE3D, 0xAE3D, 0xAE1D, 0xAE3D, 0xAE3D, 0xAE1D, 0xAE3D, 0xAE3D, 0xAE3D,
    0xB63D, 0xB63D, 0xB63D, 0xB63D, 0xB63D, 0xB63D, 0xB63D, 0xB63C, 0xB61D, 0xB61D, 0xB63D, 0xB63D, 0xB61D, 0xB61D, 0xB63D, 0xB63D,
    0xB61D, 0xB63D, 0xB63D, 0xB61D, 0xB63D, 0xB63D, 0xB61D, 0xB61D, 0xB63C, 0xB61D, 0xB61D, 0xB63C, 0xB61D, 0xB61D, 0xB61D, 0xB63C,
    0xB61D, 0xB61D, 0xB63D, 0xB61D, 0xB61D, 0xB61D, 0xB61D, 0xB61D, 0xB63C, 0xB61D, 0xB63D, 0xB63D, 0xB63C, 0xB61D, 0xB61D, 0xB61D,
    0xB61D, 0xB61D, 0xB61D, 0xB63D, 0xB61D, 0xB61D, 0xB61D, 0xB61D, 0xB63D, 0xB61D, 0xB61D, 0xB61D, 0xB63C, 0xB63D, 0xB63D, 0xB63D,
    0xB63D, 0xB63D, 0xB61D, 0xB63C, 0xB63D, 0xB61D, 0xB61D, 0xB63D, 0xB63D, 0xAE1D, 0xB61D, 0xB61D, 0xB61D, 0xB61D, 0xB61D, 0xB61D,
    0xAE1D, 0xB63D, 0xB63D, 0xAE1D, 0xB61D, 0xAE1C, 0xAE1D, 0xAE1C, 0x9D79, 0xA5FD, 0xB67E, 0x8495, 0x39C8, 0x41E8, 0x2925, 0x2924,
    0x2924, 0x2924, 0x2924, 0x2925, 0x2924, 0x2924, 0x2924, 0x2924, 0x2924, 0x2924, 0x2924, 0x2924, 0x2924, 0x18E3, 0x724A, 0x92ED,
    0x18E3, 0x2925, 0x2925, 0x2924, 0x2924, 0x2924, 0x2924, 0x2924, 0x2904, 0x2924, 0x2924, 0x2924, 0x2924, 0x2924, 0x2924, 0x2924,
    0x2924, 0x2924, 0x2924, 0x2924, 0x2924, 0x2103, 0x20E4, 0x2924, 0x2924, 0x2924, 0x2924, 0x2924, 0x2904, 0x2924, 0x2924, 0x2104,
    0x2924, 0x2924, 0x2924, 0x2925, 0x2924, 0x2924, 0x2924, 0x2924, 0x2924, 0x2904, 0x2904, 0x2924, 0x2924, 0x2924, 0x2924, 0x2924,
    0x2925, 0x2924, 0x2104, 0x49C6, 0x3145, 0x2904, 0x2924, 0x2924, 0x2924, 0x2924, 0x2924, 0x2924, 0x2924, 0x2924, 0x2925, 0x2924,
    0x2924, 0x2924, 0x2924, 0x2924, 0x2925, 0x2924, 0x2924, 0x2104, 0x2924, 0x2924, 0x2103, 0x2925, 0x2924, 0x2924, 0x2924, 0x2924,
    0x2924, 0x2924, 0x2924, 0x2925, 0x2924, 0x2924, 0x2924, 0x2924, 0x2925, 0x2924, 0x2924, 0x2924, 0x2924, 0x2104, 0x69A9, 0x7B0E,
    0xA5DB, 0xAE3D, 0xAE1D, 0xAE3D, 0xAE3D, 0xAE3D, 0xAE1D, 0xAE1D, 0xAE3D, 0xAE1D, 0xAE1D, 0xAE1D, 0xAE3D, 0xAE3D, 0xAE3D, 0xAE3D,
    0xAE3D, 0xAE3D, 0xAE3D, 0xAE1D, 0xAE1D, 0xAE3D, 0xAE3D, 0xAE3D, 0xAE3D, 0xAE3D, 0xAE3D, 0xAE3D, 0xAE3D, 0xAE3D, 0xAE3D, 0xAE3D,
    0xB63D, 0xB63D, 0xB63D, 0xB63D, 0xB63D, 0xB63D, 0xB61D, 0xB61D, 0xB63D, 0xB63D, 0xB61D, 0xB61D, 0xB63D, 0xB63D, 0xB63D, 0xB61D,
    0xB63D, 0xB63C, 0xB63D, 0xB61D, 0xB61D, 0xB61D, 0xB61D, 0xB61D, 0xB61D, 0xB61D, 0xB61D, 0xB61D, 0xB61D, 0xB61D, 0xB61D, 0xB61D,
    0xB63D, 0xB61D, 0xB63D, 0xB61D, 0xB61D, 0xB63C, 0xB63D, 0xB63D, 0xB61D, 0xB61D, 0xB61D, 0xB61D, 0xB63D, 0xB63D, 0xB61D, 0xB61D,
    0xB61D, 0xB63D, 0xB63D, 0xB63D, 0xB63D, 0xB61D, 0xB61D, 0xB61D, 0xB63D, 0xB63C, 0xB61D, 0xB61D, 0xB61D, 0xB61D, 0xB61D, 0xB61D,
    0xB61D, 0xB63D, 0xB61D, 0xB61D, 0xB61D, 0xB61D, 0xB61D, 0xB61D, 0xB61D, 0xB61D, 0xB61D, 0xB61D, 0xB61D, 0xB61C, 0xB63C, 0xB61D,
    0xB61D, 0xB63D, 0xB61D, 0xB61D, 0xB61D, 0xB61D, 0xB63D, 0xADDB, 0x9D9A, 0xAE3D, 0xA5DB, 0x52AC, 0x4208, 0x3186, 0x2104, 0x2924,
    0x2924, 0x2924, 0x2924, 0x2924, 0x2924, 0x2924, 0x2924, 0x2905, 0x2925, 0x2924, 0x2924, 0x2925, 0x2924, 0x2104, 0x6A09, 0x4166,
    0x2104, 0x2924, 0x2924, 0x2924, 0x2924, 0x2924, 0x2924, 0x2924, 0x2924, 0x2924, 0x2924, 0x2925, 0x2905, 0x2924, 0x2924, 0x2925,
    0x2924, 0x2924, 0x2924, 0x2924, 0x2904, 0x20E3, 0x2924, 0x2924, 0x2924, 0x2924, 0x2924, 0x2924, 0x2904, 0x2924, 0x2104, 0x2104,
    0x2925, 0x2925, 0x2924, 0x2905, 0x2924, 0x2924, 0x2924, 0x2924, 0x2904, 0x2904, 0x2924, 0x2904, 0x2904, 0x2924, 0x2924, 0x2924,
    0x2924, 0x2904, 0x2924, 0x6289, 0x2904, 0x2925, 0x2924, 0x2924, 0x2925, 0x2924, 0x2924, 0x2924, 0x2925, 0x2924, 0x2924, 0x2924,
    0x2924, 0x2924, 0x2924, 0x2924, 0x2924, 0x2924, 0x2924, 0x2104, 0x2925, 0x2904, 0x2104, 0x2924, 0x2925, 0x2924, 0x2924, 0x2924,
    0x2924, 0x2925, 0x2924, 0x2924, 0x2924, 0x2924, 0x2924, 0x2924, 0x2924, 0x2924, 0x2924, 0x2924, 0x2925, 0x2104, 0x4146, 0x72AC,
    0x9D7A, 0xAE3D, 0xAE1D, 0xAE3D, 0xAE3D, 0xAE3D, 0xAE3D, 0xAE3D, 0xB63D, 0xAE1D, 0xAE1D, 0xAE3C, 0xAE3D, 0xAE3D, 0xAE3D, 0xAE3D,
    0xB61D, 0xB63D, 0xAE1D, 0xAE1D, 0xAE1D, 0xAE3D, 0xAE3D, 0xAE3D, 0xB61D, 0xB63D, 0xB63D, 0xB63D, 0xB63D, 0xB63D, 0xB63D, 0xB63D,
    0xBE3D, 0xB63C, 0xB63D, 0xB63D, 0xB63D, 0xB63D, 0xB63D, 0xB63D, 0xB63D, 0xB63D, 0xB63C, 0xB61D, 0xB63D, 0xB63D, 0xB63C, 0xB61D,
    0xB63D, 0xB61D, 0xB63D, 0xB63D, 0xB61D, 0xB63C, 0xB61C, 0xB63C, 0xB63C, 0xB61D, 0xB63C, 0xB63D, 0xB61D, 0xB63D, 0xB63C, 0xB61D,
    0xB63D, 0xB63D, 0xB63D, 0xB61D, 0xB61D, 0xB61D, 0xB63D, 0xB63D, 0xB61D, 0xB61D, 0xB61C, 0xB63D, 0xB63D, 0xB61D, 0xB63D, 0xB61D,
    0xB61D, 0xB61D, 0xB63C, 0xB63D, 0xB61D, 0xB61D, 0xB61D, 0xB63D, 0xB61D, 0xB61D, 0xB61D, 0xB61D, 0xB61D, 0xB63D, 0xB63C, 0xB63D,
    0xB63C, 0xB61D, 0xB61D, 0xB61D, 0xB61D, 0xB61D, 0xB63C, 0xB61C, 0xB61D, 0xB61D, 0xB63D, 0xB63C, 0xB61D, 0xB61D, 0xB63D, 0xB61D,
    0xB61D, 0xB61D, 0xB63C, 0xB61D, 0xB61C, 0xB61D, 0xB63D, 0xA59A, 0xA5DC, 0xB65E, 0x7C33, 0x4A49, 0x39C7, 0x2925, 0x2924, 0x2924,
    0x2925, 0x2925, 0x2924, 0x2924, 0x2924, 0x2925, 0x2924, 0x2924, 0x2924, 0x2924, 0x2924, 0x2924, 0x2924, 0x2925, 0x2925, 0x2924,
    0x2924, 0x2924, 0x2924, 0x2924, 0x2925, 0x2925, 0x2924, 0x2924, 0x2924, 0x2925, 0x2924, 0x2924, 0x2924, 0x2924, 0x2924, 0x2924,
    0x2924, 0x2924, 0x2924, 0x2924, 0x2103, 0x2104, 0x2924, 0x2924, 0x2924, 0x2925, 0x2924, 0x2924, 0x2924, 0x2924, 0x2104, 0x2924,
    0x2924, 0x2924, 0x2924, 0x2904, 0x2924, 0x2924, 0x2924, 0x2924, 0x2904, 0x2924, 0x2924, 0x2904, 0x2924, 0x2925, 0x2924, 0x2924,
    0x2924, 0x20E3, 0x5208, 0x72EB, 0x20C3, 0x2924, 0x2924, 0x2924, 0x2924, 0x2924, 0x2904, 0x2924, 0x2924, 0x2924, 0x2924, 0x2924,
    0x2924, 0x2904, 0x2924, 0x2924, 0x2924, 0x2924, 0x2924, 0x2103, 0x2924, 0x2924, 0x2904, 0x2904, 0x2924, 0x2924, 0x2925, 0x2924,
    0x2924, 0x2924, 0x2924, 0x2924, 0x2924, 0x2925, 0x2925, 0x2924, 0x2924, 0x2924, 0x2904, 0x2124, 0x2924, 0x2124, 0x3125, 0x622A,
    0x9D58, 0xB63C, 0xAE3D, 0xAE3D, 0xB63C, 0xB63D, 0xB63D, 0xB63D, 0xB61D, 0xB63D, 0xB61D, 0xB63D, 0xB63D, 0xB63D, 0xB63D, 0xB63D,
    0xB63D, 0xB63D, 0xB63D, 0xB63D, 0xB63D, 0xB63D, 0xB63D, 0xB63D, 0xB63D, 0xB63D, 0xB63D, 0xB63D, 0xB63D, 0xB63D, 0xB63D, 0xB63D,
    0xBE3D, 0xB63D, 0xB63D, 0xBE3D, 0xBE3C, 0xB61D, 0xB61D, 0xB61D, 0xB61D, 0xB61D, 0xB63D, 0xB63D, 0xB63D, 0xB63D, 0xBE3D, 0xB63D,
    0xB63D, 0xB63D, 0xB63D, 0xB61D, 0xB63D, 0xB63C, 0xB63D, 0xB61D, 0xB63C, 0xB61D, 0xB61D, 0xB61D, 0xB61D, 0xB61D, 0xB63D, 0xBE3D,
    0xB63D, 0xB61D, 0xBE3D, 0xB61D, 0xB61D, 0xB63D, 0xB63D, 0xB63D, 0xB63D, 0xB61D, 0xB61D, 0xB61D, 0xB63C, 0xB61D, 0xB61D, 0xB61D,
    0xB61D, 0xB61D, 0xB63D, 0xB63D, 0xB63D, 0xB63D, 0xB63D, 0xB63D, 0xB61D, 0xB61D, 0xB61D, 0xB63C, 0xB63D, 0xB63D, 0xB61D, 0xB63D,
    0xB63D, 0xB61C, 0xB61D, 0xB61D, 0xB61D, 0xB63D, 0xB61D, 0xB61C, 0xB63D, 0xB63D, 0xB63D, 0xB61D, 0xB61D, 0xB61D, 0xB63D, 0xB63C,
    0xB61D, 0xB61D, 0xB63D, 0xB61D, 0xB61D, 0xB63C, 0xB61C, 0x9D7A, 0xB63D, 0x9D59, 0x632E, 0x4A09, 0x3165, 0x2104, 0x2924, 0x2924,
    0x2925, 0x2924, 0x2924, 0x2924, 0x2924, 0x2924, 0x2924, 0x2924, 0x2924, 0x2924, 0x2924, 0x2924, 0x2924, 0x2924, 0x2924, 0x2924,
    0x2924, 0x2924, 0x2924, 0x2924, 0x2924, 0x2924, 0x2924, 0x2924, 0x2924, 0x2924, 0x2924, 0x2924, 0x2924, 0x2924, 0x2924, 0x2924,
    0x2924, 0x2924, 0x2924, 0x2924, 0x20E3, 0x2924, 0x2924, 0x2924, 0x2924, 0x2925, 0x2924, 0x2924, 0x2924, 0x2904, 0x2104, 0x2924,
    0x2924, 0x2924, 0x2924, 0x2924, 0x2924, 0x2924, 0x2924, 0x2924, 0x2924, 0x2924, 0x2924, 0x2924, 0x2924, 0x2924, 0x2924, 0x2924,
    0x2924, 0x18C3, 0x8BAE, 0x62A9, 0x20C3, 0x2924, 0x2924, 0x2924, 0x2924, 0x2904, 0x2924, 0x2924, 0x2924, 0x2924, 0x2924, 0x2924,
    0x2924, 0x2905, 0x2924, 0x2924, 0x2924, 0x2924, 0x2904, 0x2104, 0x2924, 0x2924, 0x3965, 0x2904, 0x2924, 0x2924, 0x2924, 0x2924,
    0x2924, 0x2924, 0x2924, 0x2924, 0x2924, 0x2924, 0x2925, 0x2924, 0x2924, 0x2924, 0x2124, 0x2124, 0x2924, 0x2124, 0x2904, 0x3987,
    0x9517, 0xAE1C, 0xAE3D, 0xAE3D, 0xB63D, 0xB63D, 0xB61D, 0xB61D, 0xB61D, 0xB63D, 0xB61D, 0xB63D, 0xB63D, 0xB63D, 0xB61D, 0xB61D,
    0xB61D, 0xB63D, 0xB63D, 0xB61D, 0xB63D, 0xB63D, 0xB63D, 0xB63D, 0xB63D, 0xB63D, 0xB63D, 0xB63D, 0xB63D, 0xB63D, 0xB63D, 0xB63D,
    0xBE1D, 0xB63D, 0xBE3D, 0xBE3D, 0xBE3D, 0xBE3D, 0xBE3C, 0xBE3C, 0xBE3C, 0xBE1D, 0xBE1D, 0xBE1D, 0xB61D, 0xBE3D, 0xBE3D, 0xBE3C,
    0xBE1D, 0xBE1D, 0xBE1D, 0xBE1D, 0xBE1D, 0xBE3C, 0xBE1D, 0xBE1D, 0xBE1D, 0xBE1D, 0xBE1D, 0xBE1D, 0xBE3C, 0xBE1D, 0xBE1D, 0xBE1D,
    0xBE1D, 0xBE1D, 0xBE1D, 0xB63C, 0xB61D, 0xB61D, 0xB61D, 0xB61D, 0xB61D, 0xB61D, 0xB61D, 0xB61D, 0xB61D, 0xB61D, 0xB63D, 0xB61D,
    0xB61C, 0xB61D, 0xB61D, 0xB61D, 0xBE3D, 0xB63D, 0xB63D, 0xB63D, 0xB61D, 0xB61D, 0xB61D, 0xB61D, 0xB61D, 0xB61D, 0xB61D, 0xB61D,
    0xB61D, 0xB61D, 0xB61D, 0xB61D, 0xB61C, 0xB63D, 0xB63D, 0xB61D, 0xB61D, 0xB61D, 0xB61D, 0xB63D, 0xB61D, 0xB63D, 0xB61D, 0xB61D,
    0xB61D, 0xB61D, 0xB63D, 0xB61D, 0xB61D, 0xB63D, 0xADDB, 0xA59A, 0xB63C, 0x7C33, 0x5AAC, 0x39A7, 0x2925, 0x2924, 0x2904, 0x2924,
    0x2924, 0x2924, 0x2925, 0x2924, 0x2924, 0x2924, 0x2924, 0x2925, 0x2925, 0x2924, 0x2924, 0x2924, 0x2924, 0x2924, 0x2924, 0x2924,
    0x2925, 0x2924, 0x2924, 0x2924, 0x2924, 0x2924, 0x2924, 0x2925, 0x2924, 0x2924, 0x2924, 0x2924, 0x2905, 0x2924, 0x2924, 0x2924,
    0x2924, 0x2924, 0x2924, 0x2104, 0x20E4, 0x2924, 0x2924, 0x2904, 0x2924, 0x2924, 0x2924, 0x2924, 0x2924, 0x2104, 0x2924, 0x2924,
    0x2925, 0x2924, 0x2924, 0x2924, 0x2924, 0x2924, 0x2924, 0x2924, 0x2924, 0x2924, 0x2924, 0x2924, 0x2924, 0x2924, 0x2904, 0x2924,
    0x2904, 0x3965, 0xC534, 0x39A6, 0x2904, 0x2925, 0x2924, 0x2924, 0x2924, 0x2924, 0x2924, 0x2924, 0x2924, 0x2925, 0x2924, 0x2904,
    0x2924, 0x2924, 0x2924, 0x2924, 0x2924, 0x2924, 0x2904, 0x2103, 0x2905, 0x3145, 0x5A28, 0x2103, 0x2924, 0x2924, 0x2924, 0x2924,
    0x2924, 0x2925, 0x2924, 0x2924, 0x2924, 0x2924, 0x2924, 0x2924, 0x2924, 0x2924, 0x2924, 0x2924, 0x2904, 0x2904, 0x2904, 0x2945,
    0x8CD6, 0xADDC, 0xB63D, 0xB61D, 0xB63D, 0xB61D, 0xB61D, 0xB61D, 0xB61D, 0xB63C, 0xB63D, 0xB63D, 0xB63D, 0xB63D, 0xB63D, 0xB63D,
    0xB61D, 0xB63D, 0xB63D, 0xB63D, 0xB63D, 0xB63D, 0xB63D, 0xB63D, 0xB63D, 0xB63D, 0xB63D, 0xB63D, 0xB63D, 0xB63D, 0xB63D, 0xB63D,
    0xBE3D, 0xBE3C, 0xBE1D, 0xBE3C, 0xBE3C, 0xBE3D, 0xBE1D, 0xBE1D, 0xBE1D, 0xBE1C, 0xBE1C, 0xBE1D, 0xBE1D, 0xBE3D, 0xBE1D, 0xBE1D,
    0xBE1D, 0xBE1D, 0xBE1D, 0xBE1D, 0xBE1D, 0xBE3C, 0xBE1D, 0xBE3C, 0xBE1C, 0xBE1C, 0xBE1D, 0xBE1D, 0xBE1D, 0xBE1D, 0xBE3C, 0xBE1D,
    0xBE1D, 0xBE1C, 0xBE1D, 0xBE1D, 0xBE1D, 0xBE1D, 0xBE1D, 0xBE1D, 0xBE1D, 0xBE1D, 0xBE1C, 0xBE1D, 0xBE3C, 0xBE1D, 0xB61D, 0xB61D,
    0xB61D, 0xB63D, 0xB63C, 0xB63D, 0xBE3D, 0xBE3C, 0xBE1D, 0xBE1D, 0xBE1D, 0xBE1D, 0xB61D, 0xB61D, 0xB61D, 0xBE3D, 0xBE1C, 0xBE1D,
    0xBE3C, 0xBE1D, 0xB61D, 0xB61D, 0xB61D, 0xBE1D, 0xB63C, 0xB61C, 0xB61D, 0xB61C, 0xB61D, 0xB61D, 0xBE1D, 0xBE1D, 0xBE3D, 0xBE1D,
    0xBE1D, 0xBE3D, 0xBE3C, 0xBE1D, 0xB61C, 0xBE3D, 0xA57A, 0xAE1C, 0x9D38, 0x6B90, 0x4A29, 0x3166, 0x2104, 0x2924, 0x2104, 0x2925,
    0x2924, 0x2924, 0x2924, 0x2924, 0x2924, 0x2924, 0x2924, 0x2924, 0x2924, 0x2924, 0x2924, 0x2924, 0x2905, 0x2904, 0x2924, 0x2924,
    0x2924, 0x2924, 0x2924, 0x2925, 0x2924, 0x2924, 0x2924, 0x2924, 0x2924, 0x2924, 0x2924, 0x2924, 0x2924, 0x2924, 0x2924, 0x2924,
    0x2905, 0x2924, 0x2924, 0x20E3, 0x2904, 0x2925, 0x2924, 0x2924, 0x2925, 0x2924, 0x2904, 0x2924, 0x2104, 0x2104, 0x2924, 0x2924,
    0x2924, 0x2924, 0x2924, 0x2924, 0x2924, 0x2924, 0x2924, 0x2924, 0x2924, 0x2924, 0x2924, 0x2924, 0x2924, 0x2924, 0x2904, 0x2944,
    0x18C3, 0x834C, 0xCD53, 0x20E4, 0x2924, 0x2924, 0x2904, 0x2924, 0x2924, 0x2904, 0x2924, 0x2924, 0x2924, 0x2924, 0x2924, 0x2924,
    0x2925, 0x2924, 0x2924, 0x2924, 0x2924, 0x2924, 0x2904, 0x2904, 0x2924, 0x3145, 0x72EB, 0x2104, 0x2924, 0x2925, 0x2924, 0x2924,
    0x2924, 0x2925, 0x2924, 0x2924, 0x2925, 0x2924, 0x2924, 0x2924, 0x2924, 0x2924, 0x2904, 0x2924, 0x2904, 0x2924, 0x2124, 0x2104,
    0x8495, 0xADBB, 0xB61D, 0xB61D, 0xB63C, 0xB63D, 0xB61D, 0xB63C, 0xB61D, 0xB63D, 0xB63D, 0xB63D, 0xB63D, 0xB63D, 0xB63D, 0xB63D,
    0xB63D, 0xB63D, 0xB63D, 0xB63D, 0xB63D, 0xB63D, 0xB63D, 0xB63D, 0xB63D, 0xB63D, 0xB63D, 0xB63D, 0xB63D, 0xB63D, 0xB63D, 0xB63D,
    0xBE3D, 0xBE3D, 0xBE1D, 0xBE3D, 0xBE1C, 0xBE1D, 0xBE1D, 0xBE1D, 0xBE1D, 0xBE1D, 0xBE1C, 0xBE1D, 0xBE1D, 0xBE1D, 0xBE3D, 0xBE3D,
    0xBE1D, 0xBE1C, 0xBE1D, 0xBE1D, 0xBE1D, 0xBE1D, 0xBE1D, 0xBE1D, 0xBE1C, 0xBE1C, 0xBE1D, 0xBE1D, 0xBE1D, 0xBE1D, 0xBE1C, 0xBE1D,
    0xBE1D, 0xBE1D, 0xBE1D, 0xBE1D, 0xBE1D, 0xBE1D, 0xBE1D, 0xBE1D, 0xBE1D, 0xBE1D, 0xBE1D, 0xBE1D, 0xBE3C, 0xBE1D, 0xBE1C, 0xBE1D,
    0xBE1D, 0xBE1D, 0xBE1C, 0xBE1D, 0xBE1D, 0xBE1D, 0xBE1D, 0xBE1D, 0xBE3D, 0xBE3D, 0xBE1D, 0xBE1D, 0xBE1C, 0xBE3D, 0xBE1D, 0xBE3D,
    0xBE3D, 0xBE1D, 0xBE1D, 0xBE1D, 0xBE1D, 0xBE1D, 0xBE1C, 0xBE1C, 0xBE1D, 0xBE1D, 0xBE1D, 0xBE1D, 0xBE1D, 0xBE3D, 0xBE3D, 0xBE1D,
    0xBE3D, 0xBE3D, 0xBE1D, 0xBE1D, 0xBE1D, 0xBE3D, 0xA57A, 0xADDB, 0x8454, 0x630E, 0x39C7, 0x2925, 0x2124, 0x2104, 0x2104, 0x2924,
    0x2924, 0x2924, 0x2924, 0x2925, 0x2924, 0x2924, 0x2924, 0x2924, 0x2924, 0x2924, 0x2924, 0x2924, 0x2104, 0x2924, 0x2924, 0x2924,
    0x2924, 0x2924, 0x2924, 0x2924, 0x2924, 0x2924, 0x2924, 0x2924, 0x2924, 0x2924, 0x2924, 0x2924, 0x2925, 0x2924, 0x2924, 0x2924,
    0x2925, 0x2924, 0x2904, 0x2103, 0x2925, 0x2924, 0x2924, 0x2924, 0x2924, 0x2924, 0x2924, 0x2924, 0x20E4, 0x2924, 0x2924, 0x2924,
    0x2924, 0x2924, 0x2924, 0x2924, 0x2924, 0x2924, 0x2924, 0x2924, 0x2924, 0x2924, 0x2924, 0x2924, 0x2924, 0x2904, 0x2924, 0x2924,
    0x2904, 0xD5B5, 0xA430, 0x18C2, 0x2925, 0x2924, 0x2904, 0x2924, 0x2924, 0x2924, 0x2924, 0x2924, 0x2924, 0x2924, 0x2924, 0x2924,
    0x2924, 0x2924, 0x2924, 0x2924, 0x2924, 0x2924, 0x2904, 0x2904, 0x2124, 0x3965, 0x93AE, 0x2904, 0x2924, 0x2924, 0x2924, 0x2924,
    0x2924, 0x2924, 0x2924, 0x2924, 0x2924, 0x2924, 0x2924, 0x2924, 0x2924, 0x2924, 0x2104, 0x2904, 0x2904, 0x2924, 0x2104, 0x20E3,
    0x7C54, 0xADBB, 0xB61C, 0xB61D, 0xB63C, 0xB63D, 0xB63D, 0xB61D, 0xB63D, 0xB63D, 0xB63D, 0xB63D, 0xB63D, 0xB63D, 0xB63D, 0xB63D,
    0xB63D, 0xB63D, 0xB63D, 0xB63D, 0xB63D, 0xB63D, 0xB63D, 0xB63D, 0xB63D, 0xB63D, 0xB63D, 0xB63D, 0xB63D, 0xB63D, 0xB63D, 0xB63D,
    0xC63D, 0xBE1D, 0xBE1C, 0xBE1D, 0xBE1D, 0xBE1D, 0xBE3D, 0xBE1D, 0xBE1D, 0xBE1D, 0xBE1D, 0xBE1D, 0xBE1D, 0xBE1D, 0xBE3C, 0xBE1D,
    0xBE1D, 0xBE3C, 0xBE1D, 0xBE1C, 0xBE1C, 0xBE1D, 0xBE1C, 0xBE1D, 0xBE1D, 0xBE1C, 0xBE1C, 0xBE1C, 0xBE1C, 0xBE1D, 0xBE1D, 0xBE1D,
    0xBE1D, 0xBE1D, 0xBE3C, 0xBE1D, 0xBE1D, 0xBE3C, 0xBE1C, 0xBE1D, 0xBE1D, 0xBE1D, 0xBE1C, 0xBE1D, 0xBE1D, 0xBE1D, 0xBE1C, 0xBE1C,
    0xBE1D, 0xBE1D, 0xBE1D, 0xBE1D, 0xBE1D, 0xBE1D, 0xBE3C, 0xBE1D, 0xBE1D, 0xBE3C, 0xBE1C, 0xBE1D, 0xBE1C, 0xBE1D, 0xBE1D, 0xBE3C,
    0xBE1D, 0xBE1D, 0xBE1D, 0xBE1C, 0xBE1C, 0xBE1D, 0xBE1D, 0xBE1C, 0xBE1C, 0xBE1D, 0xBE1C, 0xBE1C, 0xBE1D, 0xBE1C, 0xBE3C, 0xBE3D,
    0xBE3D, 0xBE3D, 0xBE1D, 0xBE1C, 0xBE3D, 0xB5FC, 0xAD9A, 0x9D58, 0x7BF2, 0x4A2A, 0x3186, 0x2104, 0x2124, 0x2104, 0x2904, 0x2924,
    0x2924, 0x2924, 0x2924, 0x2924, 0x2924, 0x2924, 0x2904, 0x2924, 0x2924, 0x2924, 0x2924, 0x2924, 0x2104, 0x2924, 0x2925, 0x2924,
    0x2924, 0x2924, 0x2924, 0x2924, 0x2924, 0x2924, 0x2924, 0x2924, 0x2924, 0x2924, 0x2924, 0x2924, 0x2924, 0x2924, 0x2924, 0x2924,
    0x2924, 0x2924, 0x2104, 0x2104, 0x2924, 0x2924, 0x2925, 0x2924, 0x2924, 0x2924, 0x2924, 0x2104, 0x2104, 0x2924, 0x2904, 0x2924,
    0x2924, 0x2924, 0x2924, 0x2924, 0x2924, 0x2924, 0x2924, 0x2924, 0x2924, 0x2924, 0x2924, 0x2924, 0x2904, 0x3145, 0x3144, 0x20E3,
    0x72EB, 0xFEDA, 0x6ACA, 0x20C3, 0x2924, 0x2924, 0x2904, 0x2924, 0x2924, 0x2924, 0x2924, 0x2924, 0x2924, 0x2924, 0x2924, 0x2924,
    0x2924, 0x2924, 0x2924, 0x2924, 0x2904, 0x2924, 0x2904, 0x2924, 0x2103, 0x41C6, 0xAC71, 0x2903, 0x2924, 0x2924, 0x2924, 0x2924,
    0x2924, 0x2924, 0x2924, 0x2924, 0x2924, 0x2924, 0x2924, 0x2924, 0x2924, 0x2924, 0x2104, 0x2904, 0x2904, 0x2924, 0x2104, 0x18C3,
    0x7C13, 0xADBB, 0xB5FC, 0xB63D, 0xB63D, 0xB63D, 0xB63D, 0xB61D, 0xB63C, 0xB63D, 0xB63D, 0xB63C, 0xB63D, 0xBE3D, 0xB63D, 0xB63D,
    0xB63D, 0xB63D, 0xB63D, 0xB63D, 0xBE3D, 0xB63D, 0xB63D, 0xBE3D, 0xBE3D, 0xB63D, 0xB63D, 0xB63D, 0xB63D, 0xB63D, 0xBE3D, 0xBE3D,
    0xC63D, 0xBE3D, 0xBE1D, 0xBE3C, 0xBE3D, 0xBE3D, 0xBE1D, 0xBE1D, 0xBE1D, 0xBE1C, 0xBE1D, 0xBE1C, 0xBE3D, 0xBE1D, 0xBE1D, 0xBE1D,
    0xBE1D, 0xBE1D, 0xBE3C, 0xBE3D, 0xBE3C, 0xBE1D, 0xBE1D, 0xBE1C, 0xBE1D, 0xBE1D, 0xBE1D, 0xBE1C, 0xBE1D, 0xBE1D, 0xBE1D, 0xBE1D,
    0xBE1D, 0xBE1D, 0xBE1D, 0xBE1D, 0xBE1D, 0xBE1D, 0xBE1D, 0xBE1C, 0xBE1D, 0xBE1D, 0xBE1D, 0xBE1D, 0xBE1D, 0xBE1D, 0xBE1D, 0xBE1C,
    0xBE1C, 0xBE3D, 0xBE1D, 0xBE1D, 0xBE1C, 0xBE1D, 0xBE1D, 0xBE1D, 0xBE1D, 0xBE1D, 0xBE1D, 0xBE1C, 0xBE1D, 0xBE3D, 0xBE1D, 0xBE1D,
    0xBE1D, 0xBE1D, 0xBE1D, 0xBE1D, 0xBE1D, 0xBE1D, 0xBE1D, 0xBE1C, 0xBE1C, 0xBE1D, 0xBE1D, 0xBE3D, 0xBE1D, 0xBE3D, 0xBE3D, 0xBE3C,
    0xBE3D, 0xBE3D, 0xBE1D, 0xBE1D, 0xBE3D, 0xB5DB, 0xA59A, 0x94D7, 0x6B4F, 0x41C7, 0x2945, 0x2104, 0x2104, 0x2104, 0x2905, 0x2924,
    0x2904, 0x2904, 0x2924, 0x2924, 0x2924, 0x2924, 0x2924, 0x2904, 0x2924, 0x2924, 0x2924, 0x2104, 0x2924, 0x2924, 0x2924, 0x2924,
    0x2924, 0x2924, 0x2925, 0x2924, 0x2924, 0x2924, 0x2924, 0x2924, 0x2924, 0x2924, 0x2924, 0x2924, 0x2924, 0x2924, 0x2924, 0x2924,
    0x2924, 0x2924, 0x20E3, 0x2924, 0x2924, 0x2924, 0x2925, 0x2924, 0x2924, 0x2924, 0x2924, 0x3145, 0x2924, 0x2924, 0x2924, 0x2924,
    0x2924, 0x2924, 0x2924, 0x2924, 0x2924, 0x2924, 0x41A6, 0x3124, 0x2924, 0x2924, 0x2925, 0x20E4, 0x41A6, 0x49C7, 0x2104, 0x3144,
    0xD595, 0xEE58, 0x41A6, 0x2904, 0x2924, 0x2924, 0x2924, 0x2924, 0x2924, 0x2924, 0x2924, 0x2924, 0x2924, 0x2924, 0x2924, 0x2925,
    0x2924, 0x2924, 0x2924, 0x2904, 0x2924, 0x2924, 0x2904, 0x2924, 0x20E4, 0x5A48, 0xC534, 0x2904, 0x2924, 0x2924, 0x2924, 0x2924,
    0x2924, 0x2924, 0x2924, 0x2905, 0x2924, 0x2924, 0x2904, 0x2924, 0x2924, 0x2924, 0x2104, 0x2104, 0x2904, 0x2924, 0x2924, 0x18C3,
    0x73F2, 0xADDB, 0xADDB, 0xBE3D, 0xB61D, 0xB63D, 0xB63D, 0xB61D, 0xB61D, 0xB63D, 0xB63D, 0xB63D, 0xB63D, 0xBE3C, 0xB63D, 0xBE3D,
    0xBE3D, 0xBE3D, 0xBE3D, 0xB63D, 0xB63D, 0xB63D, 0xBE3D, 0xBE3D, 0xBE3D, 0xBE3D, 0xBE3D, 0xBE3D, 0xBE3D, 0xBE3D, 0xBE3D, 0xBE3D,
    0xC63D, 0xBE3C, 0xBE3D, 0xBE3C, 0xBE1D, 0xBE1D, 0xC63D, 0xC63C, 0xC63D, 0xC63D, 0xBE1D, 0xBE3D, 0xC63D, 0xC63D, 0xC63D, 0xBE1D,
    0xBE1D, 0xBE1D, 0xBE3C, 0xC63D, 0xBE1D, 0xBE3C, 0xC63D, 0xBE3D, 0xBE1D, 0xBE1D, 0xBE1D, 0xBE1C, 0xBE1D, 0xBE3C, 0xBE1D, 0xBE1D,
    0xBE3D, 0xBE3D, 0xBE1D, 0xBE1D, 0xBE1D, 0xBE1D, 0xBE1C, 0xBE1C, 0xBE1D, 0xBE1C, 0xBE1C, 0xBE1D, 0xBE1D, 0xBE1D, 0xBE1D, 0xBE1C,
    0xBE1D, 0xBE1D, 0xBE1D, 0xBE1D, 0xBE1D, 0xBE1D, 0xBE1D, 0xBE1D, 0xBE3D, 0xBE1D, 0xBE1D, 0xBE1C, 0xBE1D, 0xBE1D, 0xBE1D, 0xBE1D,
    0xBE1D, 0xBE1D, 0xBE1D, 0xBE1D, 0xBE1D, 0xBE1D, 0xBE1D, 0xBE1C, 0xBE1C, 0xBE1D, 0xBE3C, 0xBE3D, 0xBE3D, 0xBE3D, 0xBE1D, 0xBE1C,
    0xBE1D, 0xBE3D, 0xBE1C, 0xBE1D, 0xBE3D, 0xB5BB, 0x9D18, 0x8C95, 0x526B, 0x39A6, 0x2104, 0x2124, 0x2104, 0x2104, 0x2924, 0x2924,
    0x2924, 0x2904, 0x2904, 0x2924, 0x2924, 0x2925, 0x2924, 0x2924, 0x2924, 0x2925, 0x2924, 0x2104, 0x2924, 0x2924, 0x2924, 0x2904,
    0x2924, 0x2924, 0x2924, 0x2924, 0x2924, 0x2924, 0x2925, 0x2924, 0x2924, 0x2925, 0x2924, 0x2924, 0x2924, 0x2924, 0x2924, 0x2924,
    0x2924, 0x2104, 0x2104, 0x2925, 0x2924, 0x2924, 0x2924, 0x2924, 0x2924, 0x2104, 0x3986, 0x3965, 0x2924, 0x2925, 0x2924, 0x2924,
    0x2924, 0x2924, 0x2925, 0x2924, 0x20E3, 0x5207, 0x3985, 0x2104, 0x2924, 0x2924, 0x2904, 0x3144, 0x7B0B, 0x3145, 0x20C3, 0x834C,
    0xFF1A, 0xBCF3, 0x2904, 0x2924, 0x3145, 0x3965, 0x2904, 0x2924, 0x2904, 0x2904, 0x2924, 0x2904, 0x2924, 0x2924, 0x2924, 0x2924,
    0x2924, 0x2924, 0x2924, 0x2104, 0x2924, 0x2924, 0x2904, 0x2924, 0x20C3, 0x72EB, 0xD595, 0x2904, 0x2924, 0x2924, 0x2924, 0x2924,
    0x2924, 0x2924, 0x2924, 0x2924, 0x2924, 0x2924, 0x2924, 0x2925, 0x2924, 0x2924, 0x2104, 0x2104, 0x2924, 0x2924, 0x2124, 0x18C3,
    0x73D1, 0xADFC, 0xADBA, 0xBE3D, 0xB61D, 0xB63C, 0xBE3D, 0xB61D, 0xBE3D, 0xBE3D, 0xBE3D, 0xBE3D, 0xBE3D, 0xBE3C, 0xBE3D, 0xBE3D,
    0xBE3D, 0xBE3D, 0xBE3D, 0xBE3D, 0xBE3D, 0xBE3D, 0xBE3D, 0xBE3D, 0xBE3D, 0xBE3D, 0xBE3D, 0xBE3D, 0xBE3D, 0xBE3D, 0xBE3D, 0xBE3D,
    0xC63D, 0xC63D, 0xBE3D, 0xC63C, 0xC61D, 0xC61D, 0xC61D, 0xC63D, 0xC63D, 0xC61C, 0xC61D, 0xC63D, 0xC63D, 0xC63C, 0xC63D, 0xC63C,
    0xC63D, 0xC63D, 0xC63D, 0xC63D, 0xC61D, 0xC61D, 0xC61D, 0xC63C, 0xC61D, 0xC61D, 0xBE1D, 0xBE1D, 0xC63D, 0xC63D, 0xBE1D, 0xBE3C,
    0xC63D, 0xBE1D, 0xBE1D, 0xBE3D, 0xBE1C, 0xBE1D, 0xBE1C, 0xBE1C, 0xBE1D, 0xBE3D, 0xBE3D, 0xBE3C, 0xBE3C, 0xBE1D, 0xBE1D, 0xBE1D,
    0xBE1D, 0xBE3D, 0xBE1D, 0xBE1D, 0xBE3D, 0xBE1D, 0xBE1C, 0xBE3D, 0xBE1C, 0xBE1D, 0xBE1D, 0xBE1D, 0xBE1D, 0xBE1D, 0xBE1D, 0xBE1D,
    0xBE1C, 0xBE1D, 0xBE1D, 0xBE1D, 0xBE1D, 0xBE1C, 0xBE1C, 0xBE1D, 0xBE1D, 0xBE1D, 0xBE1C, 0xC63D, 0xBE1C, 0xBE1D, 0xBE1D, 0xBE1D,
    0xBE1D, 0xBE1D, 0xBE1D, 0xBE1D, 0xBE3D, 0xAD9A, 0x94D6, 0x7BD1, 0x41E8, 0x3166, 0x2104, 0x2104, 0x2104, 0x2924, 0x2924, 0x2924,
    0x2924, 0x2904, 0x2905, 0x2924, 0x2924, 0x2925, 0x2924, 0x2924, 0x2924, 0x2924, 0x2104, 0x2904, 0x2924, 0x2924, 0x2924, 0x2924,
    0x2924, 0x2924, 0x2924, 0x2924, 0x2924, 0x2924, 0x2925, 0x2924, 0x2924, 0x2924, 0x2924, 0x2924, 0x2924, 0x2924, 0x2924, 0x2924,
    0x2924, 0x2104, 0x2104, 0x2924, 0x2924, 0x2924, 0x2924, 0x2924, 0x2904, 0x3144, 0x5228, 0x2904, 0x2924, 0x2924, 0x2924, 0x2924,
    0x2924, 0x2924, 0x2925, 0x20C3, 0x6289, 0x5228, 0x20E3, 0x2924, 0x2924, 0x2945, 0x18C3, 0x8B6D, 0x6ACA, 0x18C3, 0x41A6, 0xDDF6,
    0xFEFA, 0x8B8D, 0x20C3, 0x2904, 0x49C7, 0x3985, 0x2104, 0x2924, 0x2924, 0x2924, 0x2924, 0x2904, 0x2924, 0x2924, 0x2924, 0x2924,
    0x2924, 0x2924, 0x2904, 0x2104, 0x2924, 0x2924, 0x2904, 0x2944, 0x18C3, 0x93CE, 0xDDD6, 0x2904, 0x2924, 0x2924, 0x2924, 0x2924,
    0x2924, 0x2924, 0x2924, 0x2924, 0x2924, 0x2924, 0x2924, 0x2925, 0x2924, 0x2924, 0x2104, 0x2104, 0x2924, 0x2924, 0x2124, 0x18C3,
    0x6B90, 0xB61C, 0xA579, 0xBE3D, 0xB61C, 0xBE3C, 0xBE3D, 0xBE1D, 0xBE3C, 0xBE3D, 0xBE3D, 0xBE3D, 0xBE3D, 0xBE3D, 0xBE3D, 0xBE3D,
    0xBE3D, 0xBE3D, 0xBE3D, 0xBE3D, 0xBE3D, 0xBE3D, 0xBE3D, 0xBE3D, 0xBE3D, 0xBE3D, 0xBE3D, 0xBE3D, 0xBE3D, 0xBE3D, 0xBE3D, 0xBE3D,
    0xC63D, 0xC63D, 0xC63D, 0xC63D, 0xC63D, 0xC63C, 0xC63D, 0xC63D, 0xC63C, 0xC61D, 0xC61D, 0xC61D, 0xC63D, 0xC61D, 0xC61D, 0xC63C,
    0xC63C, 0xC63C, 0xC61D, 0xC63D, 0xC63C, 0xC63D, 0xC61C, 0xC61D, 0xC61D, 0xC61C, 0xC63C, 0xC63C, 0xC63C, 0xC61D, 0xC63C, 0xC63C,
    0xC61D, 0xBE1D, 0xBE1D, 0xC61C, 0xBE1C, 0xBE1C, 0xBE1D, 0xBE1D, 0xC63C, 0xC63C, 0xC63C, 0xC61D, 0xC63D, 0xBE1C, 0xBE1C, 0xBE3C,
    0xBE1C, 0xC61D, 0xC63C, 0xBE1D, 0xBE3D, 0xBE1D, 0xBE1D, 0xBE1D, 0xBE1C, 0xBE1C, 0xBE1D, 0xBE1D, 0xC63C, 0xC61D, 0xC61C, 0xC61D,
    0xBE1D, 0xBE1D, 0xBE1D, 0xC61D, 0xBE1C, 0xBE1D, 0xBE1C, 0xBE1D, 0xBE1D, 0xBE1D, 0xBE1D, 0xC63D, 0xBE3C, 0xBE3C, 0xC63C, 0xBE1D,
    0xBE3D, 0xC61C, 0xBE3C, 0xBE1C, 0xC63D, 0xAD79, 0x9495, 0x62ED, 0x41C7, 0x2945, 0x2104, 0x2124, 0x2945, 0x2924, 0x2905, 0x2904,
    0x2924, 0x2924, 0x2924, 0x2904, 0x2924, 0x2924, 0x2924, 0x2924, 0x2924, 0x2924, 0x2103, 0x2924, 0x2924, 0x2924, 0x2924, 0x2924,
    0x2924, 0x2924, 0x2905, 0x2925, 0x2924, 0x2924, 0x2924, 0x2924, 0x2924, 0x2924, 0x2924, 0x2924, 0x2924, 0x2924, 0x2924, 0x2924,
    0x2924, 0x2103, 0x2924, 0x2924, 0x2924, 0x2924, 0x2924, 0x2925, 0x20E4, 0x6289, 0x41A5, 0x2104, 0x2924, 0x2924, 0x2924, 0x2924,
    0x2924, 0x2925, 0x18A2, 0x6AEA, 0x7B4C, 0x20E4, 0x2925, 0x2924, 0x2944, 0x18C3, 0x62AA, 0xBCF2, 0x2924, 0x28E4, 0xAC71, 0xFEDA,
    0xEE58, 0x5207, 0x2103, 0x3145, 0x6289, 0x2924, 0x2924, 0x2924, 0x2924, 0x2924, 0x2904, 0x2904, 0x2924, 0x2924, 0x2924, 0x2925,
    0x2924, 0x2924, 0x2103, 0x2904, 0x2924, 0x2924, 0x2924, 0x2925, 0x20C3, 0xBCD2, 0xDDB6, 0x2904, 0x2924, 0x2924, 0x2924, 0x2924,
    0x2924, 0x2924, 0x2924, 0x2925, 0x2925, 0x2924, 0x2924, 0x2924, 0x2924, 0x2924, 0x2104, 0x2104, 0x2924, 0x2924, 0x2925, 0x18C2,
    0x6B70, 0xBE1D, 0xA57A, 0xBE3D, 0xBE3C, 0xBE3D, 0xBE3D, 0xBE1D, 0xBE3D, 0xBE3D, 0xBE3C, 0xBE3C, 0xBE1D, 0xBE1D, 0xBE3D, 0xBE3D,
    0xBE1D, 0xBE3D, 0xBE3D, 0xBE3D, 0xBE3D, 0xBE3D, 0xBE3D, 0xBE3D, 0xBE3D, 0xBE3D, 0xBE3D, 0xBE3D, 0xBE3D, 0xBE3D, 0xBE3D, 0xBE3D,
    0xC63D, 0xC63D, 0xC61D, 0xC63D, 0xC61D, 0xC61D, 0xC61D, 0xC63D, 0xC63D, 0xC61D, 0xC61D, 0xC61D, 0xC61D, 0xC61D, 0xC63C, 0xC61D,
    0xC61D, 0xC61C, 0xC61D, 0xC61D, 0xC63D, 0xC61D, 0xC61D, 0xC63D, 0xC63D, 0xC61D, 0xC63D, 0xC63C, 0xC61D, 0xC61D, 0xC61C, 0xC61D,
    0xC61C, 0xC61C, 0xC61C, 0xC61D, 0xC61D, 0xC61C, 0xC61C, 0xC61D, 0xC63C, 0xC63D, 0xC61D, 0xC61D, 0xC63C, 0xC61D, 0xC61D, 0xC63C,
    0xC61D, 0xC61D, 0xC63C, 0xC61D, 0xC61D, 0xC61C, 0xC61C, 0xC61C, 0xC61D, 0xC61C, 0xC63C, 0xC63D, 0xC63C, 0xC61D, 0xC61D, 0xC61D,
    0xC61D, 0xC61D, 0xC61D, 0xC61D, 0xC63D, 0xC61D, 0xC61C, 0xC61C, 0xC61D, 0xC61C, 0xC61C, 0xC63D, 0xC61D, 0xC61D, 0xC63C, 0xC61D,
    0xC63D, 0xC63D, 0xC63D, 0xC61C, 0xC63D, 0xB5BB, 0x8C74, 0x4A29, 0x39A7, 0x2104, 0x2104, 0x3186, 0x3166, 0x2104, 0x2924, 0x2924,
    0x2924, 0x2904, 0x2924, 0x2904, 0x2924, 0x2924, 0x2924, 0x2924, 0x2924, 0x2104, 0x2104, 0x2924, 0x2924, 0x2904, 0x2904, 0x2924,
    0x2924, 0x2924, 0x2924, 0x2924, 0x2924, 0x2924, 0x2924, 0x2924, 0x2924, 0x2924, 0x2924, 0x2924, 0x2924, 0x2924, 0x2924, 0x2924,
    0x2104, 0x2104, 0x2924, 0x2924, 0x2924, 0x2924, 0x2944, 0x18E3, 0x5A48, 0x730B, 0x20E3, 0x2924, 0x2924, 0x2924, 0x2904, 0x2924,
    0x2924, 0x18A2, 0x7B2C, 0xA450, 0x2904, 0x2924, 0x2925, 0x3145, 0x20E4, 0x41A6, 0xE5F6, 0x6ACB, 0x18A2, 0x72EB, 0xFE99, 0xFEB9,
    0xC513, 0x2904, 0x20E4, 0x5A49, 0x6289, 0x20E3, 0x2924, 0x2924, 0x2924, 0x2924, 0x2904, 0x2924, 0x2924, 0x2924, 0x2924, 0x2924,
    0x2924, 0x2924, 0x2924, 0x2924, 0x2904, 0x3145, 0x3965, 0x2104, 0x3144, 0xDDF6, 0xD575, 0x2904, 0x2924, 0x2924, 0x2924, 0x2924,
    0x2924, 0x2924, 0x2924, 0x2924, 0x2924, 0x2924, 0x2924, 0x2924, 0x2924, 0x2924, 0x2104, 0x2104, 0x2924, 0x2924, 0x2924, 0x18C3,
    0x6B6F, 0xBE3D, 0xA559, 0xBE3D, 0xBE3D, 0xBE3D, 0xBE3D, 0xBE3D, 0xBE3D, 0xBE3D, 0xBE1D, 0xBE3D, 0xBE3C, 0xBE1D, 0xBE3D, 0xBE1D,
    0xBE1D, 0xBE3D, 0xBE3D, 0xBE3D, 0xBE3D, 0xBE3D, 0xBE3D, 0xBE3D, 0xBE3D, 0xBE3D, 0xBE3D, 0xBE3D, 0xBE3D, 0xBE3D, 0xC63D, 0xBE3D,
    0xC63D, 0xC63C, 0xC61D, 0xC61D, 0xC61C, 0xC61D, 0xC61D, 0xC61C, 0xC61D, 0xC61C, 0xC61C, 0xC61C, 0xC61D, 0xC61D, 0xC61C, 0xC61C,
    0xC61D, 0xC61D, 0xC63C, 0xC63C, 0xC63D, 0xC63D, 0xC61D, 0xC63D, 0xC63C, 0xC61D, 0xC61D, 0xC61C, 0xC61D, 0xC61D, 0xC63C, 0xC63C,
    0xC61C, 0xC61D, 0xC61C, 0xC63D, 0xC61C, 0xC61D, 0xC63C, 0xC61C, 0xC61D, 0xC61D, 0xC61C, 0xC61D, 0xC61C, 0xC61C, 0xC61D, 0xC61C,
    0xC61D, 0xC61D, 0xC61D, 0xC63C, 0xC61C, 0xC61D, 0xC61C, 0xC61C, 0xC61C, 0xC61D, 0xC61C, 0xC61C, 0xC63D, 0xC61C, 0xC63C, 0xC61D,
    0xC63C, 0xC61C, 0xC61D, 0xC61C, 0xC63C, 0xC61D, 0xC63C, 0xC63C, 0xC63C, 0xC61D, 0xC61C, 0xC63D, 0xC63C, 0xC61D, 0xC61D, 0xC63D,
    0xC63D, 0xC63D, 0xC61C, 0xC61D, 0xC63D, 0xB5BA, 0x7BD1, 0x41E8, 0x3186, 0x20E4, 0x2124, 0x4208, 0x2924, 0x2924, 0x2904, 0x2924,
    0x2924, 0x2904, 0x2904, 0x2924, 0x2924, 0x2924, 0x2924, 0x2925, 0x2925, 0x2103, 0x2104, 0x2904, 0x2924, 0x2904, 0x2904, 0x2924,
    0x2924, 0x2924, 0x2924, 0x2924, 0x2924, 0x2924, 0x2924, 0x2924, 0x2924, 0x2924, 0x2924, 0x2924, 0x2925, 0x2924, 0x2924, 0x2925,
    0x2104, 0x2104, 0x2924, 0x2924, 0x2924, 0x2924, 0x2104, 0x3985, 0xAC70, 0x3164, 0x2904, 0x2924, 0x2924, 0x2924, 0x2945, 0x2104,
    0x20E3, 0x9C0E, 0xCD53, 0x3145, 0x2924, 0x2924, 0x3145, 0x2104, 0x3965, 0xDDD6, 0xC513, 0x20C3, 0x49C7, 0xE617, 0xF699, 0xFEB9,
    0x7B2C, 0x20C3, 0x3144, 0xA40F, 0x4186, 0x2904, 0x2924, 0x2925, 0x2924, 0x2904, 0x2904, 0x2924, 0x2924, 0x2924, 0x2924, 0x2924,
    0x2924, 0x2924, 0x3965, 0x2924, 0x2104, 0x49C6, 0x3986, 0x20E3, 0x5A48, 0xFEB9, 0xC513, 0x28E4, 0x2924, 0x2924, 0x2924, 0x2924,
    0x2924, 0x2904, 0x2924, 0x2924, 0x2924, 0x2924, 0x2924, 0x2904, 0x2924, 0x2924, 0x2104, 0x2104, 0x2924, 0x2925, 0x2924, 0x18C3,
    0x634F, 0xC65D, 0xA559, 0xBE1D, 0xBE3D, 0xBE3D, 0xBE3D, 0xBE3D, 0xBE3C, 0xBE3D, 0xBE3C, 0xBE3D, 0xBE3C, 0xBE3D, 0xBE1D, 0xBE1D,
    0xBE3D, 0xBE3D, 0xBE3D, 0xBE3D, 0xBE3D, 0xBE3D, 0xBE3D, 0xBE3D, 0xBE3D, 0xBE3D, 0xBE3D, 0xBE3D, 0xBE3D, 0xC63D, 0xC63D, 0xC63D,
    0xCE3D, 0xC63C, 0xC63D, 0xC63D, 0xC63C, 0xC63C, 0xC63C, 0xC63C, 0xC61C, 0xC61C, 0xC61C, 0xC61C, 0xC63C, 0xC61C, 0xC61D, 0xC61C,
    0xC63C, 0xC61C, 0xC61D, 0xCE1D, 0xCE3D, 0xCE3C, 0xCE1C, 0xCE1D, 0xC61C, 0xC61C, 0xC63C, 0xC63C, 0xC61C, 0xC61C, 0xC61D, 0xC61C,
    0xC63C, 0xC61C, 0xC61D, 0xC63C, 0xC63C, 0xC63C, 0xC61D, 0xC61D, 0xC61D, 0xC63C, 0xC63C, 0xC61D, 0xC61D, 0xC61C, 0xC61C, 0xC63C,
    0xC61C, 0xC61D, 0xC61D, 0xC63C, 0xC61C, 0xC61C, 0xC61D, 0xC61D, 0xC61C, 0xC61C, 0xC63D, 0xC61D, 0xC61D, 0xC61C, 0xC61C, 0xC61D,
    0xC61D, 0xC61C, 0xC61D, 0xC63C, 0xC63C, 0xC61D, 0xC61D, 0xC61C, 0xC61C, 0xC61C, 0xC61D, 0xC61D, 0xC63C, 0xC61C, 0xC61D, 0xC61D,
    0xC61D, 0xC63C, 0xC63C, 0xC61D, 0xC61D, 0xA518, 0x630D, 0x41C7, 0x2945, 0x18C3, 0x39A7, 0x41E8, 0x2104, 0x2924, 0x2904, 0x2904,
    0x2924, 0x2924, 0x2924, 0x2924, 0x2904, 0x2924, 0x2924, 0x2924, 0x2904, 0x20E4, 0x2924, 0x2904, 0x2924, 0x2924, 0x2904, 0x2104,
    0x2924, 0x2924, 0x2904, 0x2925, 0x2924, 0x2924, 0x2924, 0x2924, 0x2924, 0x2925, 0x2924, 0x2924, 0x2924, 0x2924, 0x2924, 0x2924,
    0x2103, 0x2904, 0x2924, 0x2924, 0x2924, 0x2924, 0x20E3, 0xBCF3, 0x7B2C, 0x20C3, 0x3144, 0x2925, 0x2944, 0x2904, 0x20E3, 0x41C6,
    0xC513, 0xDDD6, 0x3986, 0x2904, 0x3145, 0x3145, 0x20E3, 0x4186, 0xCD74, 0xFEB9, 0x4A07, 0x2924, 0xCD74, 0xFEB9, 0xF698, 0xE5F6,
    0x41A6, 0x18A2, 0x838D, 0xA40F, 0x20C3, 0x3145, 0x2924, 0x2924, 0x2924, 0x2103, 0x2924, 0x2924, 0x2924, 0x2924, 0x2924, 0x2924,
    0x2104, 0x3965, 0x41A6, 0x2104, 0x2924, 0x6268, 0x3165, 0x18C3, 0x8B8D, 0xFF1B, 0xB4B2, 0x20E3, 0x2924, 0x2924, 0x2924, 0x2924,
    0x2924, 0x2924, 0x2924, 0x2924, 0x2925, 0x2924, 0x2104, 0x2104, 0x2924, 0x2924, 0x2104, 0x2103, 0x2924, 0x2904, 0x2924, 0x18C2,
    0x634F, 0xC65E, 0xAD79, 0xBE1C, 0xBE3D, 0xBE1C, 0xBE3C, 0xBE3D, 0xBE3D, 0xBE3D, 0xBE3C, 0xBE3C, 0xC63D, 0xBE3D, 0xBE3D, 0xC63D,
    0xBE3D, 0xBE3D, 0xC63D, 0xBE3D, 0xC63D, 0xC63D, 0xC63D, 0xC63D, 0xC63D, 0xC63D, 0xC63D, 0xC63D, 0xC63D, 0xC63D, 0xC63D, 0xC63D,
    0xCE3D, 0xC63C, 0xC63C, 0xC61C, 0xC61D, 0xC61D, 0xC61D, 0xC61C, 0xC63C, 0xC63C, 0xC61C, 0xC61C, 0xC61C, 0xC61C, 0xCE1C, 0xCE1C,
    0xCE1D, 0xCE1C, 0xC61C, 0xC61C, 0xC61D, 0xC61C, 0xC61C, 0xC63C, 0xC61C, 0xC61C, 0xCE1D, 0xCE1C, 0xCE3C, 0xCE3C, 0xCE1C, 0xC61C,
    0xC61D, 0xC61C, 0xC61C, 0xC61C, 0xC61C, 0xC61D, 0xC61C, 0xC61C, 0xC61D, 0xC63D, 0xC63C, 0xC61C, 0xC61C, 0xC61C, 0xC61D, 0xC61C,
    0xC61C, 0xC63C, 0xC61C, 0xC61C, 0xC61D, 0xC61C, 0xC61D, 0xC61C, 0xC61C, 0xC61C, 0xC63C, 0xC61C, 0xC61C, 0xC61C, 0xC61C, 0xC61C,
    0xC61C, 0xC63C, 0xC61D, 0xC61C, 0xC61C, 0xC61C, 0xC61C, 0xC61C, 0xC61D, 0xC61C, 0xC61C, 0xC61D, 0xC61C, 0xC61D, 0xC61D, 0xC61C,
    0xC63C, 0xC63D, 0xC63C, 0xC63D, 0xC61C, 0x9CD6, 0x528B, 0x39C7, 0x2924, 0x20E3, 0x526A, 0x3186, 0x2104, 0x2924, 0x2924, 0x2924,
    0x2924, 0x2904, 0x2924, 0x2924, 0x2924, 0x2925, 0x2924, 0x2924, 0x2104, 0x2104, 0x2924, 0x2104, 0x2924, 0x2924, 0x2924, 0x2904,
    0x2924, 0x2925, 0x2924, 0x2924, 0x2924, 0x2924, 0x2924, 0x2924, 0x2924, 0x2924, 0x2924, 0x2924, 0x2924, 0x2924, 0x2924, 0x2924,
    0x2104, 0x2924, 0x2924, 0x2925, 0x2924, 0x20C3, 0xACB0, 0xCD74, 0x2924, 0x3145, 0x2924, 0x20E4, 0x20E3, 0x3966, 0x8BAE, 0xEE57,
    0xDDD6, 0x41A6, 0x2904, 0x3145, 0x2904, 0x20E3, 0x5A48, 0xD5B5, 0xFF1A, 0x93CE, 0x20E3, 0xB4D2, 0xFEDA, 0xEE58, 0xFEDA, 0xA430,
    0x18A2, 0x49E7, 0xE5F6, 0x5208, 0x20E4, 0x3124, 0x2924, 0x2924, 0x2904, 0x2904, 0x2924, 0x2924, 0x2924, 0x2924, 0x2924, 0x2924,
    0x2103, 0x5A28, 0x3986, 0x20E4, 0x39A6, 0x72CB, 0x2104, 0x2904, 0xC512, 0xFF3A, 0xA450, 0x20C3, 0x2925, 0x2924, 0x2924, 0x2924,
    0x2924, 0x2924, 0x2924, 0x2924, 0x2904, 0x2904, 0x2104, 0x2104, 0x2924, 0x2924, 0x2104, 0x2104, 0x2924, 0x2924, 0x2924, 0x18C3,
    0x634F, 0xC65E, 0xAD79, 0xBDFB, 0xC63D, 0xBE3D, 0xC63D, 0xC63D, 0xC63D, 0xC63D, 0xC63D, 0xC63D, 0xC63D, 0xC63D, 0xC63D, 0xC63D,
    0xC63D, 0xC63D, 0xC63D, 0xC63D, 0xC63D, 0xC63D, 0xC63D, 0xC63D, 0xC63D, 0xC63D, 0xC63D, 0xC63D, 0xC63D, 0xC63D, 0xC63D, 0xC63D,
    0xCE3D, 0xC63D, 0xC63C, 0xCE1C, 0xCE3C, 0xCE3C, 0xCE3D, 0xCE3C, 0xC63C, 0xCE3C, 0xCE1C, 0xCE1C, 0xCE1C, 0xCE1C, 0xCE1D, 0xCE3C,
    0xCE3C, 0xCE1C, 0xCE3D, 0xC61C, 0xC61C, 0xCE1C, 0xCE1C, 0xCE1C, 0xCE1C, 0xC61C, 0xCE1C, 0xCE1C, 0xCE1C, 0xCE1C, 0xCE1C, 0xC61C,
    0xC61C, 0xC61C, 0xC61C, 0xC61C, 0xC61C, 0xC61C, 0xCE1C, 0xCE1C, 0xC63C, 0xCE3C, 0xCE1C, 0xC61C, 0xC61C, 0xC61C, 0xC61C, 0xCE1C,
    0xCE1C, 0xCE1C, 0xC61C, 0xCE1C, 0xCE1C, 0xC61C, 0xC61C, 0xC61C, 0xC61C, 0xCE1C, 0xCE1C, 0xCE1D, 0xCE1C, 0xC61C, 0xC61C, 0xCE1C,
    0xCE1C, 0xC61C, 0xCE1C, 0xC61C, 0xC61C, 0xC61C, 0xC61C, 0xC61C, 0xC61C, 0xC61C, 0xC61C, 0xC61C, 0xC63C, 0xC61C, 0xCE1C, 0xC61D,
    0xC61C, 0xCE3C, 0xC61C, 0xC61C, 0xCE3C, 0x8C74, 0x4A2A, 0x39A7, 0x20E3, 0x2945, 0x5AAB, 0x2104, 0x2124, 0x2924, 0x2924, 0x2904,
    0x2924, 0x2924, 0x2924, 0x2924, 0x2924, 0x2924, 0x2924, 0x2924, 0x2104, 0x2924, 0x2924, 0x2904, 0x2924, 0x2924, 0x2924, 0x2924,
    0x2924, 0x2924, 0x2924, 0x2924, 0x2924, 0x2924, 0x2924, 0x2924, 0x2924, 0x2924, 0x2924, 0x2924, 0x2924, 0x2924, 0x2924, 0x2904,
    0x2104, 0x2924, 0x2924, 0x2924, 0x28E3, 0xA450, 0xFEB9, 0x5207, 0x20C3, 0x3124, 0x3965, 0x5A49, 0x9C0F, 0xE5F7, 0xFEFA, 0xEE57,
    0x5207, 0x2904, 0x3145, 0x3145, 0x49E7, 0x93EE, 0xEE78, 0xFEDA, 0xCD54, 0x3965, 0xAC91, 0xFEDA, 0xF678, 0xF698, 0xF678, 0x5208,
    0x28E3, 0xCD74, 0xBCF2, 0x20E3, 0x3125, 0x2924, 0x2924, 0x2924, 0x2904, 0x2924, 0x2924, 0x2924, 0x2924, 0x2924, 0x2924, 0x2904,
    0x3965, 0x72CA, 0x2924, 0x20E4, 0x72EA, 0x6289, 0x18C3, 0x5208, 0xEE58, 0xFEFA, 0x93CE, 0x18C3, 0x2925, 0x2924, 0x2904, 0x2924,
    0x2924, 0x2924, 0x2924, 0x2924, 0x2104, 0x2924, 0x2104, 0x2104, 0x2924, 0x2924, 0x2103, 0x2104, 0x2924, 0x2924, 0x2104, 0x18C3,
    0x6B4F, 0xC65E, 0xAD7A, 0xBDDB, 0xC63D, 0xC63C, 0xC63D, 0xC63D, 0xC63D, 0xC63D, 0xC63C, 0xC63D, 0xC63D, 0xC63D, 0xC63D, 0xC63D,
    0xC63D, 0xC63D, 0xC63D, 0xC63D, 0xC63D, 0xC63D, 0xC63D, 0xC63D, 0xC63D, 0xC63D, 0xC63D, 0xC63D, 0xC63D, 0xC63D, 0xC63D, 0xC63C,
    0xCE3D, 0xCE3C, 0xCE3C, 0xCE3D, 0xCE3C, 0xCE3D, 0xCE3C, 0xCE3C, 0xCE1D, 0xCE3C, 0xCE3C, 0xCE3C, 0xCE3C, 0xCE3C, 0xCE3C, 0xCE3C,
    0xCE1C, 0xCE1D, 0xCE1D, 0xCE1D, 0xCE3C, 0xCE1C, 0xCE1C, 0xCE1C, 0xCE3C, 0xCE1C, 0xCE1C, 0xCE3C, 0xCE1D, 0xCE1D, 0xCE1C, 0xCE1C,
    0xCE1C, 0xCE1D, 0xCE1C, 0xCE1C, 0xCE1C, 0xCE1C, 0xCE1D, 0xCE1D, 0xCE3C, 0xCE1C, 0xCE1C, 0xCE1C, 0xCE3C, 0xCE1C, 0xCE1C, 0xCE3C,
    0xCE1D, 0xCE1D, 0xCE1C, 0xCE1C, 0xCE1C, 0xCE1D, 0xCE1C, 0xCE1C, 0xCE1C, 0xCE1C, 0xCE1C, 0xCE1D, 0xCE1C, 0xCE1C, 0xCE1C, 0xCE1C,
    0xCE1C, 0xCE3C, 0xCE1C, 0xCE3C, 0xCE3C, 0xCE1D, 0xCE1C, 0xC61C, 0xCE3C, 0xCE1C, 0xCE1C, 0xCE1C, 0xCE1C, 0xCE1C, 0xCE3C, 0xCE1D,
    0xC63C, 0xCE3C, 0xCE1C, 0xCE1C, 0xCE3D, 0x7BB1, 0x41E8, 0x39A6, 0x18C3, 0x4A09, 0x526B, 0x18E3, 0x2924, 0x2924, 0x2924, 0x2924,
    0x2924, 0x2924, 0x2924, 0x2925, 0x2924, 0x2924, 0x2924, 0x2924, 0x2104, 0x2924, 0x2904, 0x2924, 0x2924, 0x2904, 0x2924, 0x2924,
    0x2924, 0x2924, 0x2925, 0x2924, 0x2924, 0x2924, 0x2924, 0x2925, 0x2925, 0x2924, 0x2924, 0x2924, 0x2924, 0x2924, 0x2924, 0x2104,
    0x2103, 0x2945, 0x20E4, 0x2924, 0xAC91, 0xFEFA, 0xEE18, 0xA470, 0xB4B1, 0xC533, 0xDDF6, 0xF699, 0xFEDA, 0xFEB9, 0xF678, 0xF658,
    0xD5B5, 0xCD74, 0xC554, 0xD595, 0xEE37, 0xFEB9, 0xF698, 0xEE38, 0x7B2C, 0xBCF2, 0xFEFA, 0xF678, 0xF678, 0xFEFA, 0xAC91, 0x28C3,
    0xAC71, 0xFEDA, 0x5A68, 0x2903, 0x3144, 0x2924, 0x3125, 0x3124, 0x2924, 0x2924, 0x2924, 0x2924, 0x2924, 0x2924, 0x2925, 0x20C3,
    0x72CA, 0x6AA9, 0x20C3, 0x3125, 0xA44F, 0x41A6, 0x18A3, 0x93EF, 0xFED9, 0xFEB9, 0x7B0C, 0x18C3, 0x2924, 0x2924, 0x2104, 0x2924,
    0x2924, 0x2924, 0x2924, 0x2924, 0x2104, 0x2924, 0x2104, 0x2104, 0x2925, 0x2925, 0x2103, 0x2104, 0x2924, 0x2924, 0x2104, 0x18C3,
    0x6B70, 0xCE7E, 0xB59A, 0xBDDB, 0xC63D, 0xC63C, 0xC63D, 0xC63D, 0xC63C, 0xC63C, 0xC63C, 0xC63D, 0xC63D, 0xC63D, 0xC63C, 0xC63C,
    0xC63C, 0xC63D, 0xC63C, 0xC63D, 0xC63D, 0xC63D, 0xC63D, 0xC63D, 0xC63D, 0xC63D, 0xC63D, 0xC63C, 0xC63D, 0xC63D, 0xC63C, 0xC63C,
    0xCE3D, 0xCE3C, 0xCE3D, 0xCE3D, 0xCE3C, 0xCE1D, 0xCE3D, 0xCE1C, 0xCE1C, 0xCE1C, 0xCE1C, 0xCE1C, 0xCE3C, 0xCE1D, 0xCE3D, 0xCE3C,
    0xCE1C, 0xCE3C, 0xCE3C, 0xCE3C, 0xCE3C, 0xCE1C, 0xCE1D, 0xCE1D, 0xCE1C, 0xCE1C, 0xCE1D, 0xCE1C, 0xCE1C, 0xCE1C, 0xCE1C, 0xCE1C,
    0xCE1C, 0xCE1C, 0xCE3C, 0xCE1C, 0xCE1C, 0xCE1C, 0xCE1C, 0xCE1C, 0xCE1C, 0xCE1C, 0xCE1C, 0xCE1D, 0xCE3C, 0xCE1C, 0xCE1D, 0xCE3C,
    0xCE3C, 0xCE1C, 0xCE1C, 0xCE1D, 0xCE3C, 0xCE3C, 0xCE1C, 0xCE1C, 0xCE1C, 0xCE3C, 0xCE3C, 0xCE1C, 0xCE1C, 0xCE1C, 0xCE1C, 0xCE1D,
    0xCE1D, 0xCE1C, 0xCE1D, 0xCE1C, 0xCE3C, 0xCE1C, 0xCE1C, 0xCE1C, 0xCE3C, 0xCE1C, 0xCE1C, 0xCE1C, 0xCE1C, 0xCE1C, 0xCE3C, 0xCE1C,
    0xCE3C, 0xCE1C, 0xCE1C, 0xCE1C, 0xCE5D, 0x6B2F, 0x41C7, 0x3187, 0x18C3, 0x62CC, 0x41E8, 0x20E4, 0x2924, 0x2924, 0x2924, 0x2924,
    0x2924, 0x2924, 0x2924, 0x2924, 0x2924, 0x2924, 0x2924, 0x2104, 0x2104, 0x2924, 0x2924, 0x2925, 0x2924, 0x2924, 0x2104, 0x2924,
    0x2924, 0x2924, 0x2924, 0x2924, 0x2924, 0x2924, 0x2924, 0x2924, 0x2924, 0x2924, 0x2924, 0x2924, 0x2925, 0x2924, 0x2924, 0x2904,
    0x2924, 0x20C3, 0x49E7, 0xCD54, 0xFEFA, 0xF698, 0xF699, 0xFEFA, 0xFEFA, 0xFED9, 0xFEB9, 0xFEB9, 0xFE99, 0xFEB9, 0xFEB9, 0xFEB9,
    0xFEDA, 0xFEDA, 0xFEFA, 0xFF1A, 0xFEFA, 0xFEDA, 0xFEF9, 0xF698, 0xEE57, 0xFED9, 0xF678, 0xF678, 0xFEB8, 0xEE58, 0x6A68, 0xA450,
    0xFF1B, 0xB4D1, 0x3104, 0x3145, 0x3125, 0x3945, 0x4145, 0x2925, 0x2925, 0x2924, 0x2924, 0x2924, 0x2924, 0x2924, 0x2924, 0x3145,
    0xAC50, 0x3986, 0x18C2, 0x72EB, 0xA450, 0x20C3, 0x3985, 0xDDD6, 0xFEB9, 0xFE98, 0x5A48, 0x20E3, 0x2925, 0x2904, 0x2104, 0x2924,
    0x2924, 0x2924, 0x2924, 0x2904, 0x2104, 0x2904, 0x2103, 0x2924, 0x2924, 0x2924, 0x20E3, 0x2104, 0x2924, 0x2925, 0x2104, 0x18C3,
    0x7390, 0xCE7E, 0xB5BA, 0xBDBA, 0xC63D, 0xC61D, 0xC63C, 0xC63D, 0xC63C, 0xC63C, 0xC63C, 0xC63C, 0xC63C, 0xC63D, 0xC63C, 0xC63C,
    0xC63C, 0xC63C, 0xC63C, 0xC63C, 0xC63C, 0xC63C, 0xC63C, 0xC63C, 0xC63C, 0xC63C, 0xC63C, 0xC63C, 0xC63C, 0xC63C, 0xC63C, 0xCE3C,
    0xCE3D, 0xCE3C, 0xCE3D, 0xCE3C, 0xCE1C, 0xCE1C, 0xCE3C, 0xCE1C, 0xCE1C, 0xCE3C, 0xD63C, 0xD65C, 0xD65C, 0xD65C, 0xD63C, 0xD63C,
    0xD63C, 0xCE3C, 0xCE3C, 0xCE1C, 0xCE1C, 0xCE1C, 0xCE1C, 0xCE1C, 0xCE1C, 0xCE1C, 0xCE1C, 0xCE1C, 0xCE1C, 0xCE1C, 0xCE1C, 0xCE1C,
    0xCE1C, 0xCE1C, 0xCE1C, 0xCE1C, 0xCE1D, 0xCE1C, 0xCE1C, 0xCE1C, 0xCE1C, 0xCE1C, 0xCE1C, 0xCE1D, 0xCE3C, 0xCE1C, 0xCE1C, 0xCE1C,
    0xCE1C, 0xCE1C, 0xCE1C, 0xCE1C, 0xCE1C, 0xCE1C, 0xCE1C, 0xCE1C, 0xCE1D, 0xCE1C, 0xCE1C, 0xCE1C, 0xCE1C, 0xCE1C, 0xCE1C, 0xCE1D,
    0xCE1C, 0xCE1C, 0xCE1C, 0xCE1C, 0xCE1C, 0xCE1C, 0xCE1C, 0xCE1C, 0xCE1C, 0xCE1C, 0xCE1C, 0xCE1C, 0xCE1C, 0xCE1C, 0xCE1C, 0xCE1C,
    0xCE1C, 0xCE1C, 0xCE3C, 0xCE1C, 0xD65D, 0x6B2F, 0x41C7, 0x3166, 0x2104, 0x7B6F, 0x3186, 0x2104, 0x2104, 0x2924, 0x2924, 0x2924,
    0x2904, 0x2104, 0x2924, 0x2924, 0x2924, 0x2924, 0x2924, 0x2104, 0x2924, 0x2924, 0x2924, 0x2924, 0x2924, 0x2904, 0x2104, 0x2924,
    0x2924, 0x2924, 0x2924, 0x2924, 0x2924, 0x2904, 0x2924, 0x2924, 0x2924, 0x2924, 0x2924, 0x2924, 0x2924, 0x2924, 0x2924, 0x18C2,
    0x2904, 0x7B4C, 0xEE58, 0xFEF9, 0xF698, 0xF699, 0xF698, 0xF678, 0xF678, 0xF678, 0xF698, 0xEE37, 0xE5D6, 0xD575, 0xCD54, 0xBCF2,
    0xAC71, 0xA430, 0x93EE, 0x8BAD, 0x8B8E, 0x9BEF, 0xAC91, 0xD595, 0xF678, 0xFEDA, 0xFEDA, 0xF698, 0xF698, 0xEE37, 0xDDD5, 0xFED9,
    0xF699, 0x6A89, 0x20C3, 0x28E3, 0x3104, 0x4966, 0x3125, 0x3145, 0x3145, 0x2924, 0x2924, 0x2924, 0x2924, 0x3145, 0x20C2, 0x93AD,
    0x9C0F, 0x20C3, 0x3124, 0xCD53, 0x6ACB, 0x1882, 0x836C, 0xFED9, 0xF698, 0xEE37, 0x4186, 0x2904, 0x2924, 0x2904, 0x2104, 0x2924,
    0x2924, 0x2924, 0x2924, 0x2104, 0x2104, 0x2924, 0x2104, 0x2924, 0x2924, 0x2924, 0x20E4, 0x2924, 0x2924, 0x2924, 0x2104, 0x18E3,
    0x7BD1, 0xCE7E, 0xB5BA, 0xBDBA, 0xCE3D, 0xC61D, 0xC63C, 0xC63C, 0xC63C, 0xC63C, 0xC63D, 0xC63C, 0xC63C, 0xC63C, 0xC63C, 0xC63C,
    0xC63C, 0xC63C, 0xC63C, 0xC63C, 0xC63C, 0xC63C, 0xC63C, 0xC63C, 0xC63C, 0xC63C, 0xC63C, 0xCE3C, 0xCE3C, 0xC63C, 0xC63C, 0xCE3C,
    0xCE3D, 0xCE3C, 0xCE3C, 0xCE3C, 0xCE1C, 0xCE1C, 0xCE3C, 0xD63C, 0xDE5C, 0xE69C, 0xEEDC, 0xF6FD, 0xF71C, 0xF6FC, 0xF6FC, 0xF6FD,
    0xEEFC, 0xEEDC, 0xE67C, 0xD63C, 0xD63C, 0xCE1C, 0xCE1C, 0xCE1C, 0xCE1C, 0xCE1C, 0xCE1C, 0xCE1C, 0xCE1C, 0xCE1C, 0xCE1C, 0xCE1C,
    0xCE1C, 0xCE1C, 0xCE3C, 0xCE1C, 0xCE1D, 0xCE1C, 0xCE1C, 0xCE1C, 0xCE1C, 0xCE1C, 0xCE1C, 0xCE1C, 0xCE1C, 0xCE1C, 0xCE1C, 0xCE1C,
    0xCE1C, 0xCE1C, 0xCE1C, 0xCE1C, 0xCE1C, 0xCE1C, 0xCE1C, 0xCE1C, 0xCE1D, 0xCE1C, 0xCE1C, 0xCE1C, 0xCE1D, 0xCE1C, 0xCE1C, 0xCE1C,
    0xCE1C, 0xCE1C, 0xCE1C, 0xCE1C, 0xCE1C, 0xCE1C, 0xCE1C, 0xCE1C, 0xCE1C, 0xCE1C, 0xCE3C, 0xCE3C, 0xCE1D, 0xCE1C, 0xCE1C, 0xCE3C,
    0xCE1C, 0xCE1C, 0xCE1C, 0xCE1C, 0xD65D, 0x7350, 0x41C7, 0x2945, 0x3187, 0x7B8F, 0x2124, 0x2924, 0x2104, 0x2924, 0x2924, 0x2924,
    0x2905, 0x2104, 0x2924, 0x2924, 0x2924, 0x2924, 0x2924, 0x2103, 0x2924, 0x2924, 0x2924, 0x2924, 0x2924, 0x2104, 0x2104, 0x2924,
    0x2924, 0x2924, 0x2924, 0x2924, 0x2925, 0x2905, 0x2924, 0x2924, 0x2924, 0x2925, 0x2924, 0x2924, 0x2924, 0x2925, 0x2104, 0x5A48,
    0xC554, 0xFEDA, 0xFEB9, 0xF698, 0xF698, 0xF699, 0xF699, 0xF698, 0xF699, 0xF699, 0xF698, 0xEE37, 0xE617, 0xEE37, 0xEE58, 0xEE57,
    0xEE57, 0xEE57, 0xE616, 0xD5B5, 0xC533, 0xA451, 0x836D, 0x6AAA, 0x5A49, 0x7B0C, 0xB4D2, 0xF678, 0xFEFA, 0xFE99, 0xFEB9, 0xF698,
    0xF698, 0xDDB6, 0xB4D2, 0xA42F, 0xA3EE, 0x5A07, 0x2904, 0x20E3, 0x20E3, 0x2924, 0x3125, 0x3145, 0x3145, 0x20E3, 0x5228, 0xE5F6,
    0x5207, 0x18A2, 0x836D, 0xDDB5, 0x2904, 0x3965, 0xDDD6, 0xFE99, 0xFEB9, 0xCD54, 0x2904, 0x2904, 0x3144, 0x2924, 0x2904, 0x2924,
    0x2924, 0x2104, 0x2925, 0x3165, 0x2104, 0x2904, 0x2104, 0x2924, 0x2924, 0x2104, 0x20E4, 0x2924, 0x2924, 0x2104, 0x2104, 0x20E3,
    0x83F2, 0xCE7D, 0xBDDB, 0xBDBA, 0xCE3C, 0xC61C, 0xC63D, 0xC63C, 0xC63C, 0xC63D, 0xC63D, 0xC63C, 0xCE3C, 0xCE3C, 0xCE3D, 0xC63D,
    0xCE3C, 0xCE3D, 0xC63C, 0xCE3C, 0xCE3C, 0xCE3D, 0xCE3D, 0xC63D, 0xC63C, 0xC63C, 0xC63C, 0xCE3C, 0xCE3C, 0xCE3C, 0xCE3C, 0xCE3C,
    0xCE3C, 0xCE3D, 0xCE3D, 0xCE3C, 0xD65C, 0xDE7C, 0xE6BC, 0xEEDC, 0xF71D, 0xF73D, 0xFF3D, 0xFF3D, 0xFF3D, 0xFF3D, 0xFF3D, 0xFF5D,
    0xFF3D, 0xFF3D, 0xFF1D, 0xF6FC, 0xEEDD, 0xE69C, 0xDE5C, 0xD63C, 0xCE1C, 0xCE1C, 0xCE1C, 0xCE1C, 0xCE1C, 0xCE1C, 0xCE1C, 0xCE1C,
    0xD61C, 0xCE1C, 0xCE1C, 0xCE1C, 0xCE1C, 0xCE1C, 0xCE1C, 0xCE1C, 0xCE1C, 0xCE1C, 0xCE1C, 0xCE1D, 0xCE1C, 0xCE1C, 0xCE1C, 0xCE1C,
    0xCE1C, 0xCE1C, 0xCE1C, 0xCE1C, 0xCE1C, 0xCE1C, 0xCE1C, 0xCE1C, 0xCE1C, 0xCE1C, 0xCE1D, 0xCE1C, 0xCE1C, 0xCE1C, 0xCE1C, 0xCE1D,
    0xCE1C, 0xCE1C, 0xCE1C, 0xCE1C, 0xCE1C, 0xCE1C, 0xCE1C, 0xCE1C, 0xCE1C, 0xCE1C, 0xCE1D, 0xCE3C, 0xCE1C, 0xCE1C, 0xCE1D, 0xCE1C,
    0xCE1C, 0xCE1C, 0xCE1C, 0xCE1C, 0xD67D, 0x83B1, 0x41C7, 0x2124, 0x4A29, 0x7B6E, 0x20E3, 0x2925, 0x2104, 0x2924, 0x2925, 0x2924,
    0x2924, 0x2104, 0x2925, 0x2924, 0x2924, 0x2924, 0x2104, 0x20E4, 0x2925, 0x2924, 0x2924, 0x2924, 0x2924, 0x2103, 0x2104, 0x2924,
    0x2905, 0x2924, 0x2924, 0x2924, 0x2924, 0x2924, 0x2924, 0x2924, 0x2924, 0x2924, 0x2924, 0x2905, 0x2924, 0x2104, 0x3985, 0xE637,
    0xFEFA, 0xF678, 0xF698, 0xF699, 0xF699, 0xFE99, 0xFE99, 0xF699, 0xF698, 0xF698, 0xF699, 0xFEB9, 0xFEB9, 0xFEB9, 0xFEB9, 0xFEB9,
    0xFEB9, 0xFEB9, 0xFEB9, 0xFED9, 0xFEFA, 0xFF1A, 0xFF1A, 0xFEB9, 0xD5B5, 0x9C2F, 0x62A9, 0x5A68, 0xAC90, 0xF698, 0xF698, 0xF699,
    0xF698, 0xFEB9, 0xFEDA, 0xFEDA, 0xFEDA, 0xEE57, 0xC553, 0x93EE, 0x6269, 0x3965, 0x2903, 0x20E3, 0x20C3, 0x4185, 0xDDD5, 0xB491,
    0x20C3, 0x49E7, 0xF678, 0x93AD, 0x1882, 0x9BEE, 0xFED9, 0xEE58, 0xFEDA, 0xA450, 0x20C3, 0x3124, 0x3985, 0x2904, 0x2924, 0x2924,
    0x2924, 0x2104, 0x41A5, 0x41A6, 0x2104, 0x2104, 0x2104, 0x2924, 0x2924, 0x20E3, 0x2104, 0x2924, 0x2924, 0x2104, 0x2104, 0x20E3,
    0x8433, 0xCE5D, 0xBDDB, 0xBDBA, 0xCE3C, 0xC61C, 0xCE3C, 0xCE3C, 0xCE3D, 0xCE3C, 0xCE3C, 0xCE3C, 0xCE3D, 0xCE3C, 0xCE3C, 0xCE3C,
    0xCE3C, 0xCE3C, 0xCE3C, 0xCE3C, 0xCE3C, 0xCE3C, 0xCE3C, 0xCE3C, 0xCE3C, 0xCE3C, 0xCE3C, 0xCE3C, 0xCE3C, 0xCE3C, 0xCE3C, 0xCE3C,
    0xD63C, 0xCE3C, 0xD63C, 0xE67C, 0xEEDC, 0xF71D, 0xFF3D, 0xFF3D, 0xFF3D, 0xFF5D, 0xFF3C, 0xFF3D, 0xFF3D, 0xFF3D, 0xFF3D, 0xFF3D,
    0xFF3D, 0xFF3D, 0xFF3D, 0xFF3D, 0xFF3D, 0xFF3D, 0xF6FD, 0xE69C, 0xD63C, 0xCE1C, 0xCE1C, 0xCE1C, 0xCE1C, 0xD61C, 0xD61C, 0xD61C,
    0xD61C, 0xCE1C, 0xCE1C, 0xCE1C, 0xD61C, 0xCE1C, 0xCE1C, 0xCE1C, 0xCE1C, 0xCE1C, 0xCE1C, 0xCE1C, 0xCE1C, 0xCE1C, 0xCE1C, 0xCE1C,
    0xCE1C, 0xD61C, 0xCE1C, 0xCE1C, 0xCE1C, 0xCE1C, 0xCE1C, 0xD61C, 0xD61C, 0xCE1C, 0xCE1C, 0xCE1C, 0xCE1C, 0xD61C, 0xCE1C, 0xCE1C,
    0xD61C, 0xCE1C, 0xCE1C, 0xCE1C, 0xCE1C, 0xCE1C, 0xCE1C, 0xCE1C, 0xCE1C, 0xCE1C, 0xCE1C, 0xCE1C, 0xCE1C, 0xCE1C, 0xCE1C, 0xCE1C,
    0xCE1C, 0xCE1C, 0xCE1C, 0xCE1C, 0xDE7E, 0x8C33, 0x41C7, 0x20E4, 0x62CD, 0x730D, 0x18C3, 0x2124, 0x2104, 0x2924, 0x2924, 0x2925,
    0x2924, 0x2104, 0x2924, 0x2924, 0x2924, 0x2924, 0x2104, 0x2104, 0x2924, 0x2924, 0x2924, 0x2924, 0x2905, 0x2104, 0x2924, 0x2924,
    0x2904, 0x2924, 0x2924, 0x2925, 0x2924, 0x2924, 0x2924, 0x2924, 0x2924, 0x2925, 0x2924, 0x2924, 0x2924, 0x20E4, 0x5A69, 0xF6B9,
    0xF678, 0xF699, 0xF699, 0xF698, 0xF699, 0xF699, 0xF698, 0xF699, 0xFE99, 0xF698, 0xF698, 0xF698, 0xF698, 0xF699, 0xF699, 0xF698,
    0xF699, 0xF698, 0xF698, 0xF698, 0xF699, 0xF698, 0xF698, 0xFE99, 0xFED9, 0xFF1A, 0xFEDA, 0xD575, 0x8B6D, 0xA42F, 0xF699, 0xF698,
    0xF698, 0xF698, 0xF678, 0xF678, 0xF698, 0xFE99, 0xFEDA, 0xFEF9, 0xFEB9, 0xE5F7, 0xBCF2, 0x9BEE, 0x836C, 0xD595, 0xEE37, 0x4185,
    0x3945, 0xD5B5, 0xEE58, 0x3144, 0x5A49, 0xF698, 0xF698, 0xF678, 0xFEB9, 0x730B, 0x18A3, 0x41A6, 0x49C6, 0x2104, 0x2924, 0x2924,
    0x2924, 0x2104, 0x6248, 0x3144, 0x2104, 0x20E4, 0x2104, 0x2924, 0x2924, 0x20E3, 0x2104, 0x2924, 0x2924, 0x2104, 0x2124, 0x20E3,
    0x8C54, 0xCE5D, 0xC5DB, 0xBD9A, 0xCE3C, 0xCE1C, 0xCE3D, 0xCE3C, 0xCE1D, 0xCE3C, 0xCE3C, 0xCE3C, 0xCE3C, 0xCE3C, 0xCE3C, 0xCE3C,
    0xCE3C, 0xCE3C, 0xCE3C, 0xCE3C, 0xCE3C, 0xCE3C, 0xCE3C, 0xCE3C, 0xCE3C, 0xCE3C, 0xCE3C, 0xCE3C, 0xCE3C, 0xCE3C, 0xCE3C, 0xCE3C,
    0xE67C, 0xE65B, 0xE69C, 0xF6FC, 0xFF3C, 0xFF3D, 0xFF3D, 0xFF3D, 0xFF3D, 0xFF3D, 0xFF3D, 0xFF3D, 0xFF3D, 0xFF3D, 0xFF3D, 0xFF3D,
    0xFF3D, 0xFF3D, 0xFF3D, 0xFF3D, 0xFF3D, 0xFF3D, 0xFF3D, 0xFF1D, 0xEEBC, 0xDE3C, 0xD61C, 0xCE1D, 0xD61C, 0xD61C, 0xD61C, 0xD61C,
    0xD61C, 0xD61C, 0xD61C, 0xD61C, 0xD61C, 0xD61C, 0xD61C, 0xD61C, 0xD61C, 0xD61C, 0xD61C, 0xD61C, 0xD63C, 0xD61C, 0xD61C, 0xD61D,
    0xD61C, 0xD61C, 0xD61C, 0xD61C, 0xD61C, 0xD61C, 0xD61C, 0xD61C, 0xD61C, 0xD61C, 0xD61C, 0xD61C, 0xD63C, 0xD63C, 0xD61C, 0xD61C,
    0xD63C, 0xD61C, 0xD61C, 0xD61C, 0xD61C, 0xD61C, 0xD61C, 0xD61C, 0xD61C, 0xD63C, 0xD61C, 0xD61C, 0xD61C, 0xD63C, 0xD63C, 0xD61D,
    0xD61C, 0xD63C, 0xD63C, 0xCE1C, 0xDE7D, 0xA4D6, 0x41C8, 0x20E4, 0x734F, 0x62CC, 0x18E3, 0x2104, 0x20E4, 0x2924, 0x2924, 0x2924,
    0x2104, 0x2104, 0x2924, 0x2925, 0x2924, 0x2924, 0x2104, 0x2104, 0x2924, 0x2924, 0x2924, 0x2924, 0x2104, 0x2104, 0x2924, 0x2924,
    0x2924, 0x2924, 0x2924, 0x2924, 0x2924, 0x2924, 0x2924, 0x2924, 0x2924, 0x2924, 0x2924, 0x2924, 0x2925, 0x18C3, 0x7B2C, 0xFEFA,
    0xF699, 0xF699, 0xF699, 0xFEB8, 0xFE99, 0xF699, 0xF698, 0xF699, 0xF699, 0xF699, 0xF699, 0xF699, 0xF699, 0xF698, 0xF699, 0xF698,
    0xF699, 0xF698, 0xF698, 0xF699, 0xF699, 0xF699, 0xF699, 0xF698, 0xF698, 0xF698, 0xF698, 0xFEDA, 0xFEFA, 0xEE57, 0xF678, 0xF699,
    0xF699, 0xF698, 0xF698, 0xF698, 0xF699, 0xF698, 0xF698, 0xF678, 0xF699, 0xFEBA, 0xFEFA, 0xFEFA, 0xFED9, 0xFEDA, 0xCD33, 0x6269,
    0xCD74, 0xFF3B, 0x8B6D, 0x49E7, 0xE638, 0xFEB9, 0xF678, 0xFE99, 0xEE37, 0x49C7, 0x28E4, 0x72CA, 0x3965, 0x2924, 0x2924, 0x2924,
    0x2104, 0x3965, 0x7AEA, 0x20E3, 0x2104, 0x20E3, 0x2924, 0x2924, 0x2104, 0x20E3, 0x2924, 0x2924, 0x2924, 0x20E4, 0x2924, 0x20E4,
    0x9495, 0xCE3D, 0xC5DB, 0xBD9A, 0xCE3C, 0xCE1C, 0xCE1C, 0xCE1C, 0xCE3D, 0xCE3D, 0xCE3C, 0xCE3C, 0xCE3C, 0xCE3D, 0xCE3C, 0xCE3C,
    0xCE3C, 0xCE3C, 0xCE3C, 0xCE3C, 0xCE3C, 0xCE3C, 0xCE3C, 0xCE3C, 0xCE3C, 0xCE3C, 0xCE3C, 0xCE3D, 0xCE3D, 0xCE3D, 0xCE3C, 0xCE3C,
    0xF6DD, 0xF6DC, 0xF71D, 0xFF3D, 0xFF3D, 0xFF3D, 0xFF3C, 0xFF3D, 0xFF3D, 0xFF3D, 0xFF3D, 0xFF3D, 0xFF3D, 0xFF3D, 0xFF3D, 0xFF3D,
    0xFF3D, 0xFF3C, 0xFF3D, 0xFF3D, 0xFF3D, 0xFF3D, 0xFF3D, 0xFF3D, 0xFF1D, 0xEEBC, 0xDE5C, 0xD61C, 0xD61C, 0xD61C, 0xD61C, 0xD61C,
    0xD61C, 0xD61C, 0xD61C, 0xD61C, 0xD61C, 0xD63C, 0xD61C, 0xD61C, 0xD61C, 0xD61C, 0xD61C, 0xD61C, 0xD61C, 0xD61C, 0xD61C, 0xD61C,
    0xD61C, 0xD61C, 0xD61C, 0xD61C, 0xD61C, 0xD61C, 0xD61C, 0xD61C, 0xD61C, 0xD61C, 0xD63C, 0xD61C, 0xD61C, 0xD61C, 0xD61C, 0xD61C,
    0xD61C, 0xD61C, 0xD61C, 0xD61C, 0xD61C, 0xD61C, 0xD61C, 0xD61C, 0xD61C, 0xD61C, 0xD61C, 0xD63C, 0xD61C, 0xD63C, 0xD63C, 0xD61C,
    0xD61C, 0xD63C, 0xD61C, 0xD61C, 0xDE5D, 0xC5BA, 0x4A29, 0x20E4, 0x83D1, 0x5A8B, 0x20E4, 0x2104, 0x20E3, 0x2924, 0x2924, 0x2924,
    0x2104, 0x2104, 0x2924, 0x2924, 0x2924, 0x2924, 0x2104, 0x2924, 0x2904, 0x2924, 0x2924, 0x2924, 0x2104, 0x2104, 0x2925, 0x2924,
    0x2924, 0x2924, 0x2924, 0x2924, 0x2924, 0x2924, 0x2924, 0x2924, 0x2924, 0x2924, 0x2924, 0x2924, 0x2944, 0x20C3, 0x9C0F, 0xFEFA,
    0xF698, 0xF699, 0xFE99, 0xFE99, 0xF699, 0xF699, 0xF699, 0xF698, 0xF698, 0xF698, 0xF698, 0xF698, 0xF698, 0xF698, 0xF699, 0xF698,
    0xF699, 0xF699, 0xF699, 0xF698, 0xF698, 0xF698, 0xF699, 0xF699, 0xF698, 0xF699, 0xF699, 0xF698, 0xF698, 0xFEB9, 0xF698, 0xF698,
    0xF698, 0xF698, 0xF699, 0xF698, 0xF698, 0xF699, 0xF698, 0xF698, 0xF698, 0xF698, 0xF678, 0xF678, 0xF678, 0xF698, 0xF698, 0xFEB9,
    0xFED9, 0xF698, 0xC4F2, 0xE637, 0xFEB9, 0xF698, 0xF678, 0xFED9, 0xBCF2, 0x20C2, 0x72CA, 0x7B0B, 0x20E3, 0x3125, 0x2924, 0x2925,
    0x20E3, 0x72CA, 0x6269, 0x18C3, 0x2904, 0x2104, 0x2924, 0x2924, 0x2103, 0x20E3, 0x2924, 0x2924, 0x2104, 0x20E4, 0x2924, 0x2104,
    0x9CD6, 0xD63D, 0xC5FB, 0xBD9A, 0xCE3C, 0xCE1C, 0xCE1C, 0xCE1C, 0xCE3C, 0xCE3C, 0xCE3C, 0xCE3C, 0xCE3C, 0xCE3C, 0xCE3C, 0xCE3C,
    0xCE3C, 0xCE3C, 0xCE3C, 0xCE3C, 0xCE3C, 0xCE3C, 0xCE3C, 0xCE3C, 0xCE3C, 0xCE3C, 0xCE3C, 0xCE3C, 0xCE3C, 0xD65C, 0xDE5C, 0xDE5C,
    0xFF3C, 0xFF3D, 0xFF3D, 0xFF3D, 0xFF3D, 0xFF3D, 0xFF3D, 0xFF1D, 0xFF1D, 0xFF3D, 0xFF3D, 0xFF3C, 0xFF1D, 0xFF1D, 0xFF3D, 0xFF3D,
    0xFF3D, 0xFF3D, 0xFF3D, 0xFF3D, 0xFF3D, 0xFF3D, 0xFF3D, 0xFF3D, 0xFF3D, 0xFF1D, 0xEEBC, 0xDE3C, 0xD61C, 0xD61C, 0xD61C, 0xD61C,
    0xD61C, 0xD61C, 0xD61C, 0xD61C, 0xD61C, 0xD61C, 0xD61C, 0xD61C, 0xD63C, 0xD61C, 0xD61C, 0xD63C, 0xD61C, 0xD61C, 0xD61C, 0xD61C,
    0xD61C, 0xD63C, 0xD61C, 0xD61C, 0xD63C, 0xD61D, 0xD61C, 0xD61C, 0xD61D, 0xD61C, 0xD61C, 0xD61C, 0xD61C, 0xD63C, 0xD61C, 0xD61C,
    0xD61C, 0xD61C, 0xD61C, 0xD61C, 0xD61C, 0xD61C, 0xD63C, 0xD61C, 0xD63C, 0xD61C, 0xD61C, 0xD63C, 0xD61C, 0xD63C, 0xD61C, 0xD61C,
    0xD63C, 0xD61C, 0xD61C, 0xD63C, 0xD61C, 0xDE5D, 0x6B0D, 0x20E4, 0x9432, 0x526A, 0x20E4, 0x2104, 0x20E3, 0x2924, 0x2904, 0x2924,
    0x2104, 0x2104, 0x2924, 0x2924, 0x2924, 0x2924, 0x2104, 0x2924, 0x2924, 0x2924, 0x2904, 0x2924, 0x2104, 0x2104, 0x2924, 0x2924,
    0x2924, 0x2924, 0x2905, 0x2924, 0x2924, 0x2925, 0x2924, 0x2924, 0x2924, 0x2924, 0x2925, 0x2904, 0x2924, 0x20E4, 0xBCF3, 0xFEFA,
    0xF698, 0xF699, 0xF699, 0xF699, 0xF699, 0xF699, 0xF699, 0xF698, 0xF699, 0xF699, 0xF698, 0xF699, 0xF698, 0xF698, 0xF699, 0xF699,
    0xF698, 0xF699, 0xF699, 0xF699, 0xF699, 0xF698, 0xF699, 0xF698, 0xF698, 0xF698, 0xF699, 0xF699, 0xFE99, 0xF699, 0xF698, 0xF699,
    0xF698, 0xF698, 0xF698, 0xF699, 0xF698, 0xF698, 0xF698, 0xF699, 0xFE99, 0xF699, 0xF698, 0xF698, 0xF698, 0xF698, 0xF699, 0xF698,
    0xF698, 0xF699, 0xFEDA, 0xFEB9, 0xF678, 0xF698, 0xF678, 0xFEDA, 0x832C, 0x51E7, 0xBCB1, 0x3945, 0x2925, 0x3124, 0x2924, 0x2904,
    0x3144, 0xA42F, 0x3965, 0x2103, 0x3144, 0x2904, 0x2904, 0x2904, 0x20E3, 0x2104, 0x2924, 0x2924, 0x20E4, 0x2104, 0x2924, 0x2104,
    0xA4F7, 0xD63D, 0xC5FB, 0xBD9A, 0xCE3C, 0xCE1C, 0xCE3C, 0xCE1C, 0xCE3C, 0xCE3C, 0xCE3D, 0xCE3C, 0xCE3C, 0xCE3C, 0xCE3C, 0xCE3C,
    0xCE3C, 0xCE3C, 0xCE3C, 0xCE3C, 0xCE3C, 0xCE3C, 0xCE3C, 0xCE3C, 0xCE3C, 0xCE3C, 0xCE3C, 0xD63C, 0xD63C, 0xDE5C, 0xDE5C, 0xDE5C,
    0xFF3D, 0xFF3C, 0xFF3D, 0xFF3D, 0xFF3D, 0xFF1D, 0xFF1D, 0xFF1C, 0xFF1C, 0xFF1D, 0xFF1D, 0xFF3D, 0xFF3D, 0xFF3D, 0xFF3D, 0xFF3D,
    0xFF3D, 0xFF3D, 0xFF3D, 0xFF3D, 0xFF3D, 0xFF3D, 0xFF3D, 0xFF3D, 0xFF3D, 0xFF3D, 0xFF1D, 0xEEBC, 0xDE3C, 0xD63C, 0xD61C, 0xD61C,
    0xD63C, 0xD61C, 0xD61C, 0xD61C, 0xD61C, 0xD61C, 0xD63C, 0xD61C, 0xD61C, 0xD63C, 0xD63C, 0xD63C, 0xD61C, 0xD61C, 0xD61C, 0xD63C,
    0xD61C, 0xD61C, 0xD61C, 0xD63C, 0xD63C, 0xD61C, 0xD61C, 0xD63C, 0xD63C, 0xD61C, 0xD61C, 0xD63C, 0xD61C, 0xD61C, 0xD61C, 0xD61C,
    0xD61C, 0xD63C, 0xD63C, 0xD63C, 0xD63C, 0xD63C, 0xD61C, 0xD61C, 0xD63C, 0xD63C, 0xD63C, 0xD63C, 0xD63C, 0xD63C, 0xD63C, 0xD63C,
    0xD61C, 0xD61C, 0xD63C, 0xD61C, 0xD61C, 0xDE7D, 0xA4B6, 0x2104, 0x9C53, 0x524A, 0x20E4, 0x20E4, 0x2103, 0x2924, 0x2104, 0x2904,
    0x2104, 0x2104, 0x2924, 0x2924, 0x2924, 0x2104, 0x2104, 0x2924, 0x2924, 0x2925, 0x2924, 0x2924, 0x20E3, 0x2104, 0x2924, 0x2905,
    0x2924, 0x2924, 0x2924, 0x2924, 0x2924, 0x2924, 0x2924, 0x2924, 0x2924, 0x2924, 0x2924, 0x2924, 0x2925, 0x2924, 0xD595, 0xFEDA,
    0xF698, 0xF699, 0xF699, 0xF699, 0xF699, 0xF699, 0xF699, 0xF699, 0xF699, 0xF698, 0xF699, 0xF698, 0xF698, 0xF699, 0xF698, 0xF698,
    0xF699, 0xF699, 0xF699, 0xF699, 0xF698, 0xF699, 0xF699, 0xF699, 0xF699, 0xF698, 0xF699, 0xF699, 0xF699, 0xF699, 0xF699, 0xF699,
    0xF698, 0xF699, 0xF699, 0xF698, 0xF699, 0xF699, 0xF699, 0xF699, 0xFE99, 0xF698, 0xF699, 0xF699, 0xF699, 0xF698, 0xF699, 0xF699,
    0xF699, 0xF699, 0xF698, 0xF698, 0xF698, 0xF698, 0xF698, 0xF699, 0xD5B5, 0xEE37, 0xCD53, 0x4186, 0x20E4, 0x2924, 0x3145, 0x18A3,
    0x93AD, 0x93AD, 0x18A2, 0x3965, 0x41A5, 0x2104, 0x2924, 0x2104, 0x20E3, 0x2104, 0x2904, 0x2924, 0x20E4, 0x2924, 0x2925, 0x2925,
    0xAD17, 0xD63C, 0xCDFB, 0xBD9A, 0xCE1C, 0xCE1C, 0xCE1C, 0xCE1C, 0xCE3C, 0xCE1C, 0xCE3C, 0xCE3C, 0xCE3C, 0xCE3C, 0xCE3D, 0xCE3C,
    0xCE3C, 0xCE3C, 0xCE3C, 0xCE3C, 0xCE3C, 0xCE3C, 0xCE3C, 0xD63C, 0xD63C, 0xDE5C, 0xE67C, 0xEE9C, 0xEE9C, 0xE65C, 0xDE3C, 0xDE5C,
    0xFF3D, 0xFF3D, 0xFF1D, 0xFF3C, 0xFF1D, 0xFF1D, 0xFF1D, 0xFF1C, 0xFF1C, 0xFF1C, 0xFF3C, 0xFF3C, 0xFF3D, 0xFF3C, 0xFF3C, 0xFF3C,
    0xFF3D, 0xFF3D, 0xFF3D, 0xFF3D, 0xFF3D, 0xFF3D, 0xFF3D, 0xFF3C, 0xFF3D, 0xFF3D, 0xFF1D, 0xFF1D, 0xEE9C, 0xDE3B, 0xD61C, 0xD61C,
    0xD61C, 0xD61C, 0xD63C, 0xD61C, 0xD61C, 0xD61D, 0xD61C, 0xD61C, 0xD61C, 0xD61C, 0xD61C, 0xD63C, 0xD61C, 0xD61C, 0xD61C, 0xD61C,
    0xD61C, 0xD61C, 0xD61C, 0xD63C, 0xD61C, 0xD61C, 0xD63C, 0xD61C, 0xD61C, 0xD61D, 0xD61C, 0xD61C, 0xD61C, 0xD61C, 0xD61C, 0xD61C,
    0xD61C, 0xD61C, 0xD61C, 0xD61C, 0xD61C, 0xD63C, 0xD61C, 0xD61C, 0xD61C, 0xD61C, 0xD63C, 0xD61C, 0xD63C, 0xD63D, 0xD61D, 0xD61C,
    0xD61C, 0xD61D, 0xD61C, 0xD63C, 0xD61C, 0xD63C, 0xD61C, 0x49E9, 0x9433, 0x5A6B, 0x20E3, 0x20E4, 0x2104, 0x2924, 0x2104, 0x2924,
    0x2103, 0x2104, 0x2905, 0x2924, 0x2924, 0x2104, 0x2104, 0x2924, 0x2924, 0x2924, 0x2924, 0x2905, 0x20E3, 0x2104, 0x2924, 0x2924,
    0x2924, 0x2924, 0x2924, 0x2924, 0x2924, 0x2924, 0x2925, 0x2924, 0x2924, 0x2905, 0x2924, 0x2924, 0x2104, 0x3985, 0xE617, 0xFEB9,
    0xF698, 0xF699, 0xF698, 0xF699, 0xF698, 0xF699, 0xF699, 0xF698, 0xF698, 0xF698, 0xF699, 0xF699, 0xF698, 0xF699, 0xF699, 0xF699,
    0xF698, 0xF698, 0xF698, 0xF699, 0xF699, 0xF698, 0xF698, 0xF698, 0xF698, 0xF699, 0xF699, 0xF698, 0xF699, 0xF699, 0xF699, 0xF699,
    0xF698, 0xF699, 0xF699, 0xF698, 0xF698, 0xF698, 0xF698, 0xF699, 0xFE99, 0xF699, 0xF698, 0xF698, 0xF699, 0xF698, 0xF699, 0xF698,
    0xF698, 0xF698, 0xF699, 0xF699, 0xF698, 0xF698, 0xFEB9, 0xFEDA, 0xFF1A, 0xFEDA, 0xFE99, 0xEE37, 0x93AE, 0x3124, 0x18A2, 0x6269,
    0xDDB5, 0x4186, 0x20E3, 0x6A89, 0x3145, 0x2104, 0x2904, 0x20E4, 0x2104, 0x2104, 0x2905, 0x2104, 0x20E4, 0x2924, 0x2924, 0x2925,
    0xAD18, 0xD63D, 0xCDFC, 0xBD99, 0xCE1C, 0xCE3C, 0xCE3C, 0xD61C, 0xCE3C, 0xCE3C, 0xD63C, 0xCE3D, 0xCE3D, 0xCE3C, 0xCE3C, 0xD63C,
    0xCE3C, 0xD63C, 0xD63C, 0xD63C, 0xD63C, 0xD63C, 0xDE3C, 0xE67C, 0xEE9C, 0xF6BC, 0xF6BC, 0xF6BC, 0xF6BC, 0xF69C, 0xEE9C, 0xF6BC,
    0xFF3D, 0xFF1D, 0xFF1D, 0xFF1D, 0xFF1C, 0xFF1C, 0xFF1C, 0xFF1C, 0xFF1C, 0xFF1D, 0xFF1C, 0xFF1C, 0xFF1D, 0xFF1D, 0xFF1D, 0xFF3C,
    0xFF3C, 0xFF3D, 0xFF3D, 0xFF3D, 0xFF3D, 0xFF3D, 0xFF3C, 0xFF3D, 0xFF1D, 0xFF1C, 0xFF1C, 0xFF1C, 0xFEFC, 0xE67C, 0xD61C, 0xD61C,
    0xD61C, 0xD61C, 0xD61C, 0xD61C, 0xD63C, 0xD61C, 0xD61C, 0xD61C, 0xD61C, 0xD61C, 0xD61C, 0xD61C, 0xD61C, 0xD61C, 0xD63C, 0xD61C,
    0xD61C, 0xD61C, 0xD61C, 0xD61C, 0xD61C, 0xD61C, 0xD61C, 0xD61C, 0xD63C, 0xD61C, 0xD63C, 0xD61C, 0xD61C, 0xD61C, 0xD61C, 0xD61C,
    0xD61C, 0xD61C, 0xD61C, 0xD61C, 0xD63C, 0xD63C, 0xD61C, 0xD61C, 0xD63C, 0xD61C, 0xD61C, 0xD61C, 0xD63C, 0xD61C, 0xD63C, 0xD63C,
    0xD63C, 0xD63C, 0xD61C, 0xD61C, 0xD61C, 0xD61C, 0xE67D, 0x7B90, 0x93F2, 0x62CC, 0x20E3, 0x2124, 0x2104, 0x2924, 0x2104, 0x2924,
    0x2103, 0x2104, 0x2924, 0x2924, 0x2924, 0x2104, 0x2924, 0x2924, 0x2924, 0x2924, 0x2924, 0x2924, 0x20E3, 0x2104, 0x2924, 0x2924,
    0x2904, 0x2924, 0x2925, 0x2924, 0x2924, 0x2924, 0x2924, 0x2924, 0x2924, 0x2924, 0x2924, 0x2924, 0x20E4, 0x4A07, 0xF699, 0xF6B9,
    0xF698, 0xF699, 0xF699, 0xF698, 0xF698, 0xF699, 0xF699, 0xF699, 0xF699, 0xF698, 0xF698, 0xF698, 0xF699, 0xF698, 0xF699, 0xF698,
    0xF699, 0xF699, 0xF698, 0xF698, 0xF698, 0xF698, 0xF699, 0xF698, 0xF698, 0xF698, 0xF699, 0xF699, 0xF699, 0xF698, 0xF698, 0xF699,
    0xF699, 0xF698, 0xF698, 0xF698, 0xF698, 0xFE99, 0xF698, 0xF698, 0xFEB9, 0xF699, 0xF699, 0xF699, 0xF698, 0xF698, 0xF699, 0xF699,
    0xF699, 0xF698, 0xF698, 0xFEB9, 0xE5F6, 0xB491, 0x93EE, 0x8B6D, 0x93EE, 0xBD13, 0xF679, 0xFEFA, 0xFEF9, 0xC513, 0x8B4D, 0xE5F6,
    0x836C, 0x1062, 0x72CA, 0x72EA, 0x18C3, 0x2924, 0x2103, 0x2103, 0x2104, 0x2904, 0x2924, 0x20E3, 0x2104, 0x2924, 0x2905, 0x2925,
    0xB538, 0xD63C, 0xCDFB, 0xBD9A, 0xCE3C, 0xCE3C, 0xD63C, 0xD61D, 0xD63C, 0xD63C, 0xD63C, 0xD63C, 0xD63C, 0xD63C, 0xD63C, 0xD63C,
    0xD63C, 0xD63C, 0xD63C, 0xD61C, 0xD63C, 0xE67C, 0xEE9C, 0xF6DC, 0xF6DC, 0xF6DC, 0xF6BC, 0xF6BC, 0xF6BC, 0xF6BC, 0xFEBC, 0xFEBC,
    0xFF3D, 0xFF1D, 0xFF1D, 0xFF1D, 0xFF1D, 0xFF1C, 0xFF1C, 0xFF1C, 0xFF1D, 0xFF1C, 0xFF1C, 0xFF1D, 0xFF1D, 0xFF1D, 0xFF3D, 0xFF3C,
    0xFF1C, 0xFF1C, 0xFF1D, 0xFF3D, 0xFF3D, 0xFF3D, 0xFF3D, 0xFF1D, 0xFF1D, 0xFEFC, 0xFEFC, 0xFF1C, 0xFF1C, 0xEE9C, 0xDE3C, 0xD61C,
    0xD63C, 0xD61C, 0xD61C, 0xD61C, 0xD63C, 0xD63C, 0xD61C, 0xD61C, 0xD61C, 0xD61C, 0xD61C, 0xD61C, 0xD61C, 0xD61C, 0xD61C, 0xD61C,
    0xD61C, 0xD61C, 0xD61C, 0xD61C, 0xD61C, 0xD61C, 0xD61C, 0xD61C, 0xD61C, 0xD61C, 0xD61C, 0xDE1C, 0xD61C, 0xD61C, 0xD61C, 0xD61C,
    0xD61C, 0xD61C, 0xD61C, 0xD63C, 0xD63C, 0xDE1C, 0xD63C, 0xD63C, 0xD61C, 0xD63C, 0xD63C, 0xD63C, 0xD63C, 0xD61C, 0xD63C, 0xD61C,
    0xD63C, 0xD61C, 0xD61C, 0xD61C, 0xD63C, 0xD61C, 0xDE5D, 0xB517, 0x9C33, 0x730E, 0x18E3, 0x2945, 0x2925, 0x2924, 0x2924, 0x2924,
    0x20E3, 0x2904, 0x2924, 0x2925, 0x2924, 0x2104, 0x2104, 0x2924, 0x2924, 0x2924, 0x2924, 0x2924, 0x20E3, 0x2924, 0x2904, 0x2904,
    0x2904, 0x2904, 0x2904, 0x2924, 0x2924, 0x2924, 0x2924, 0x2924, 0x2924, 0x2924, 0x2924, 0x2924, 0x20E3, 0x5A89, 0xFED9, 0xF698,
    0xF699, 0xF699, 0xF699, 0xF698, 0xF699, 0xF699, 0xF699, 0xF699, 0xF698, 0xF698, 0xF698, 0xF699, 0xF699, 0xF698, 0xF699, 0xFE99,
    0xFE99, 0xF699, 0xF699, 0xF699, 0xF699, 0xF698, 0xF699, 0xF698, 0xF699, 0xF699, 0xF698, 0xF699, 0xF699, 0xF698, 0xF699, 0xFE99,
    0xF699, 0xFE99, 0xF698, 0xF698, 0xF699, 0xF699, 0xF699, 0xF699, 0xFE99, 0xFE99, 0xF699, 0xF698, 0xF698, 0xF699, 0xF698, 0xF699,
    0xF699, 0xF698, 0xF698, 0xF698, 0xF699, 0xF678, 0xE617, 0xC553, 0x93CE, 0x5A48, 0x5207, 0x9C30, 0xF699, 0xFED9, 0xFEFA, 0xE5F6,
    0x3965, 0x6AAA, 0xCD53, 0x3144, 0x2104, 0x2924, 0x2103, 0x2103, 0x2104, 0x2924, 0x2104, 0x2104, 0x2924, 0x2924, 0x2124, 0x2945,
    0xB558, 0xD63C, 0xCDFB, 0xBD9A, 0xD63C, 0xD61C, 0xD63C, 0xD63C, 0xD63C, 0xD63C, 0xD63C, 0xD63C, 0xD63C, 0xD63C, 0xD63C, 0xD63C,
    0xD63C, 0xD63C, 0xD63C, 0xDE5C, 0xEE9C, 0xF6DC, 0xF6DC, 0xF6FC, 0xF6DC, 0xF6DC, 0xF6BC, 0xFEDC, 0xFEDC, 0xFEBC, 0xF69C, 0xF67C,
    0xFF3D, 0xFF1D, 0xFF1D, 0xFF1D, 0xFF1C, 0xFF1D, 0xFF1D, 0xFF1D, 0xFF1D, 0xFF1C, 0xFF1C, 0xFF1C, 0xFF1D, 0xFF1C, 0xFF1C, 0xFF1C,
    0xFF1D, 0xFF1C, 0xFF1C, 0xFF1D, 0xFF1D, 0xFF1C, 0xFF1D, 0xFF1D, 0xFF1C, 0xFF1D, 0xFEFC, 0xFF1C, 0xFEFD, 0xEE9C, 0xDE3C, 0xD63B,
    0xD63C, 0xD61C, 0xDE1C, 0xDE1C, 0xDE1C, 0xDE1C, 0xDE3C, 0xD61C, 0xDE1C, 0xDE1C, 0xDE1C, 0xDE1C, 0xDE1C, 0xDE1C, 0xDE1C, 0xDE1C,
    0xDE1C, 0xDE1C, 0xDE1C, 0xDE1C, 0xDE1C, 0xDE1C, 0xDE1C, 0xDE1C, 0xDE1C, 0xDE1C, 0xDE1C, 0xDE1C, 0xDE1C, 0xDE1C, 0xDE1C, 0xDE1C,
    0xDE1C, 0xDE1C, 0xDE1D, 0xDE3C, 0xDE3C, 0xDE1D, 0xDE1C, 0xDE1C, 0xDE1C, 0xDE1C, 0xDE3C, 0xDE3C, 0xDE3C, 0xDE1C, 0xDE1C, 0xDE1C,
    0xDE1C, 0xDE1C, 0xDE1C, 0xDE1C, 0xDE1C, 0xD61C, 0xD63C, 0xD61B, 0xCDDB, 0x8BB1, 0x18C3, 0x3986, 0x3986, 0x2104, 0x2924, 0x2924,
    0x20E3, 0x2904, 0x2924, 0x2924, 0x2924, 0x20E4, 0x2924, 0x2905, 0x2924, 0x2924, 0x2925, 0x2904, 0x20E3, 0x2925, 0x2904, 0x2104,
    0x2924, 0x2904, 0x2924, 0x2104, 0x2104, 0x2924, 0x2904, 0x2924, 0x2924, 0x2924, 0x2924, 0x2925, 0x20C3, 0x730B, 0xFEDA, 0xF699,
    0xFE98, 0xF699, 0xF699, 0xF698, 0xF698, 0xF698, 0xF699, 0xF698, 0xF698, 0xF678, 0xF699, 0xF698, 0xF699, 0xF699, 0xF699, 0xF699,
    0xF699, 0xF698, 0xF699, 0xF699, 0xF698, 0xF699, 0xF699, 0xF698, 0xF698, 0xF699, 0xF699, 0xF698, 0xF699, 0xF699, 0xF699, 0xFEB9,
    0xF699, 0xFE99, 0xF699, 0xF698, 0xF699, 0xF699, 0xF698, 0xF699, 0xFE99, 0xF699, 0xF699, 0xF699, 0xF698, 0xF699, 0xF699, 0xF698,
    0xF698, 0xF698, 0xF699, 0xF698, 0xF698, 0xF699, 0xFEB9, 0xFEFA, 0xFEFB, 0xFEBA, 0xC533, 0x6AAA, 0x6AAA, 0xE616, 0xFE99, 0xF678,
    0xE5F6, 0xFE97, 0x72EA, 0x18A2, 0x2924, 0x2104, 0x2104, 0x20E3, 0x2904, 0x2924, 0x20E4, 0x2104, 0x2904, 0x2924, 0x2124, 0x2966,
    0xBD79, 0xD63C, 0xCDFC, 0xBD7A, 0xD61C, 0xD63C, 0xD63C, 0xD63C, 0xD63C, 0xD63C, 0xD63C, 0xD63D, 0xD63C, 0xD63C, 0xD63C, 0xD63C,
    0xD63C, 0xDE5C, 0xEE9C, 0xF6BC, 0xF6DC, 0xF6DC, 0xF6BC, 0xF6BC, 0xF6BC, 0xFEBC, 0xFEBC, 0xFEBC, 0xFE9C, 0xFE7B, 0xFE5B, 0xF63B,
    0xFF3D, 0xFF3C, 0xFF1D, 0xFF1D, 0xFF1C, 0xFF1D, 0xFF3D, 0xFF1C, 0xFF1C, 0xFF1C, 0xFF1C, 0xFF1C, 0xFF1C, 0xFEFC, 0xFEFC, 0xFEFC,
    0xFEFC, 0xFEFC, 0xFEFC, 0xFEFC, 0xFEFC, 0xFF1C, 0xFF1C, 0xFF1D, 0xFF1C, 0xFF1C, 0xFF1C, 0xFEFC, 0xFEBC, 0xEE7C, 0xDE1C, 0xDE1C,
    0xDE1C, 0xDE1C, 0xDE1C, 0xDE1C, 0xDE3C, 0xDE1C, 0xDE1C, 0xDE1C, 0xDE1C, 0xDE1C, 0xDE1C, 0xDE1C, 0xDE1C, 0xDE1C, 0xDE1C, 0xDE3C,
    0xDE1C, 0xDE1C, 0xDE1C, 0xDE1C, 0xDE1C, 0xDE1C, 0xDE1C, 0xDE1C, 0xDE3C, 0xDE1C, 0xDE1C, 0xDE1C, 0xDE1C, 0xDE1C, 0xDE3C, 0xDE1C,
    0xDE1C, 0xDE1C, 0xDE1C, 0xDE3C, 0xDE3C, 0xDE1C, 0xDE1C, 0xDE1C, 0xDE3C, 0xDE1C, 0xDE1C, 0xDE1C, 0xDE3C, 0xDE3C, 0xDE1C, 0xDE1C,
    0xDE1C, 0xDE1C, 0xDE3C, 0xDE1C, 0xDE1C, 0xDE3C, 0xDE1C, 0xDE1C, 0xE67D, 0xACF6, 0x2104, 0x39A7, 0x4A08, 0x20E4, 0x2925, 0x2924,
    0x20E3, 0x2104, 0x2924, 0x2924, 0x2904, 0x20E4, 0x2924, 0x2924, 0x2925, 0x2924, 0x2924, 0x2104, 0x20E3, 0x2924, 0x2924, 0x2104,
    0x2924, 0x2924, 0x2904, 0x2104, 0x2104, 0x2924, 0x2924, 0x2924, 0x2924, 0x2924, 0x2924, 0x2944, 0x18C3, 0x838D, 0xFEFA, 0xF699,
    0xFEB8, 0xF698, 0xF699, 0xF699, 0xF698, 0xF698, 0xF699, 0xF678, 0xFEB9, 0xFED9, 0xF678, 0xF699, 0xF698, 0xF699, 0xF698, 0xF698,
    0xF699, 0xF699, 0xF698, 0xF699, 0xF698, 0xF698, 0xFEB9, 0xFEB9, 0xF698, 0xF698, 0xF699, 0xF699, 0xF699, 0xF698, 0xF698, 0xFE99,
    0xF699, 0xF699, 0xF699, 0xF698, 0xF699, 0xF699, 0xF698, 0xF699, 0xF698, 0xF698, 0xF699, 0xF699, 0xF699, 0xF698, 0xF699, 0xF699,
    0xF699, 0xF698, 0xF698, 0xF699, 0xF699, 0xF699, 0xF699, 0xF698, 0xF678, 0xF698, 0xFEDA, 0xFEFA, 0xB4D1, 0x834C, 0xEE37, 0xFE99,
    0xFEBA, 0xEE37, 0x5A48, 0x5208, 0x41A6, 0x20E3, 0x2103, 0x20E3, 0x2924, 0x2104, 0x2104, 0x2924, 0x2924, 0x2925, 0x2104, 0x3166,
    0xBD79, 0xD63C, 0xD61B, 0xC599, 0xD61C, 0xD63C, 0xD63C, 0xD63C, 0xD63C, 0xD63C, 0xD63C, 0xD61C, 0xD63C, 0xD63C, 0xD63C, 0xD63C,
    0xDE3C, 0xEE9C, 0xF6DC, 0xF6DC, 0xF6BC, 0xEE7C, 0xE65C, 0xEE7C, 0xF67C, 0xF67B, 0xF67B, 0xF65B, 0xF63B, 0xF63B, 0xF63C, 0xEE3C,
    0xFF3D, 0xFF1C, 0xFF3D, 0xFF3D, 0xFF3D, 0xFF3D, 0xFF1C, 0xFF1C, 0xFF1C, 0xFF1C, 0xFEFC, 0xFEFC, 0xFEDC, 0xFEDB, 0xFEDC, 0xFEDC,
    0xFEDC, 0xFEDC, 0xFEDC, 0xFEFC, 0xFEFD, 0xFF1C, 0xFEFC, 0xFEFC, 0xFEFD, 0xFEFC, 0xFEFC, 0xFEBB, 0xFE7B, 0xF65B, 0xE63C, 0xDE1C,
    0xDE1C, 0xDE3C, 0xDE1C, 0xDE1C, 0xDE1C, 0xDE1C, 0xDE1C, 0xDE1C, 0xDE1C, 0xDE1C, 0xDE1C, 0xDE3C, 0xDE1C, 0xDE1C, 0xDE1C, 0xDE1C,
    0xDE1C, 0xDE1C, 0xDE1C, 0xDE1C, 0xDE1C, 0xDE1C, 0xDE1C, 0xDE1C, 0xDE1C, 0xDE1C, 0xDE1C, 0xDE1C, 0xDE1C, 0xDE1C, 0xDE1C, 0xDE3C,
    0xDE1C, 0xDE1C, 0xDE1C, 0xDE3C, 0xDE3C, 0xDE3C, 0xDE1C, 0xDE1C, 0xDE3C, 0xDE1C, 0xDE1C, 0xDE1C, 0xDE1C, 0xDE1C, 0xDE1C, 0xDE1C,
    0xDE1C, 0xDE1C, 0xDE3C, 0xDE1C, 0xDE1C, 0xDE1C, 0xDE3C, 0xDE3C, 0xDE3C, 0xD5FB, 0x39A7, 0x3166, 0x62CC, 0x20E3, 0x2924, 0x2924,
    0x20E3, 0x2104, 0x2924, 0x2924, 0x2904, 0x20E4, 0x2924, 0x2924, 0x2924, 0x2925, 0x2924, 0x2104, 0x20E3, 0x2924, 0x2904, 0x2904,
    0x2924, 0x2904, 0x2924, 0x2104, 0x2104, 0x2924, 0x2924, 0x2924, 0x2924, 0x2904, 0x2924, 0x2945, 0x18C3, 0x93EE, 0xFEFA, 0xF679,
    0xF698, 0xF699, 0xF699, 0xF699, 0xF698, 0xF699, 0xF698, 0xFEFA, 0xA42F, 0xC513, 0xFF1B, 0xF678, 0xF698, 0xF699, 0xF699, 0xF698,
    0xF699, 0xF699, 0xF699, 0xF699, 0xF698, 0xEE16, 0xDD53, 0xEDB6, 0xFE98, 0xF699, 0xF698, 0xF699, 0xF699, 0xF698, 0xF699, 0xF699,
    0xF699, 0xF699, 0xF699, 0xF698, 0xF699, 0xF699, 0xF699, 0xF699, 0xF699, 0xF698, 0xF699, 0xFE99, 0xFE99, 0xF699, 0xF698, 0xF698,
    0xF699, 0xF698, 0xF699, 0xF699, 0xF699, 0xF699, 0xF699, 0xF698, 0xF699, 0xF699, 0xF699, 0xF678, 0xFEFA, 0xDDD5, 0xD594, 0xFEB9,
    0xF678, 0xF698, 0xF698, 0xE616, 0x41C7, 0x20E3, 0x20E3, 0x2904, 0x2924, 0x20E4, 0x2924, 0x2924, 0x2904, 0x2924, 0x2104, 0x3166,
    0xC59A, 0xD61C, 0xD5FB, 0xBD79, 0xD61C, 0xD63C, 0xD63C, 0xD63C, 0xD63C, 0xD63C, 0xD63C, 0xDE3C, 0xDE3C, 0xDE3C, 0xE63C, 0xE65C,
    0xEE7C, 0xF6BC, 0xF6BC, 0xF6BC, 0xEE7C, 0xDE3C, 0xDE1C, 0xE63C, 0xE63C, 0xE63C, 0xEE3C, 0xF63B, 0xF63C, 0xEE3C, 0xE63C, 0xE63C,
    0xFF3D, 0xFF1C, 0xFF1C, 0xFF3C, 0xFF3C, 0xFF1C, 0xFF1D, 0xFF1C, 0xFF1C, 0xFEFC, 0xFEDC, 0xFEBC, 0xFE9B, 0xFE9B, 0xFE9B, 0xFEBB,
    0xFEDC, 0xFEDC, 0xFEFC, 0xFEFC, 0xFEFC, 0xFEDC, 0xFEDC, 0xFEDC, 0xFEDC, 0xFEBC, 0xFEBC, 0xFE9C, 0xFE9B, 0xF65B, 0xEE3B, 0xDE1C,
    0xDE1C, 0xDE1C, 0xDE1C, 0xDE1C, 0xDE1C, 0xDE1C, 0xDE1C, 0xDE1C, 0xDE1C, 0xDE1C, 0xDE1C, 0xDE1C, 0xDE1C, 0xDE1C, 0xDE1C, 0xDE1C,
    0xDE1C, 0xDE1C, 0xDE1C, 0xDE1C, 0xDE1C, 0xDE1C, 0xDE1C, 0xDE1C, 0xDE1C, 0xDE1C, 0xDE1C, 0xDE1C, 0xDE1C, 0xDE1C, 0xDE1C, 0xDE1C,
    0xDE1C, 0xDE1C, 0xDE1C, 0xDE1C, 0xDE1C, 0xDE3C, 0xDE1C, 0xDE1C, 0xDE1C, 0xDE1C, 0xDE1C, 0xDE1C, 0xDE1C, 0xDE1C, 0xDE1C, 0xDE1C,
    0xDE1C, 0xDE1C, 0xDE1C, 0xDE1C, 0xDE1C, 0xDE1C, 0xDE1C, 0xDE1C, 0xDDFC, 0xE67D, 0x734E, 0x2104, 0x8390, 0x2104, 0x2924, 0x2924,
    0x20E3, 0x2104, 0x2924, 0x2924, 0x2104, 0x20E3, 0x2104, 0x2924, 0x2924, 0x2924, 0x2924, 0x2104, 0x18C3, 0x2924, 0x2904, 0x2904,
    0x2924, 0x2924, 0x2924, 0x2104, 0x2104, 0x2924, 0x2904, 0x2924, 0x2924, 0x2924, 0x2904, 0x2945, 0x20C3, 0x9C2F, 0xFEFA, 0xF679,
    0xF699, 0xF698, 0xF698, 0xF699, 0xF698, 0xFE99, 0xE617, 0xCD34, 0x7B2B, 0x20C2, 0xAC71, 0xFEFA, 0xFEB9, 0xF678, 0xF679, 0xF698,
    0xF698, 0xF698, 0xF698, 0xF699, 0xF698, 0xF678, 0xEDF7, 0xD513, 0xE5B6, 0xFEB9, 0xF698, 0xF698, 0xF699, 0xF698, 0xF699, 0xF699,
    0xF699, 0xF698, 0xF699, 0xF698, 0xF698, 0xF698, 0xF698, 0xF699, 0xF699, 0xF698, 0xF698, 0xFE99, 0xF699, 0xF699, 0xF699, 0xF698,
    0xF699, 0xF698, 0xF699, 0xF699, 0xF699, 0xF698, 0xF699, 0xF699, 0xF698, 0xFEB9, 0xFE99, 0xF699, 0xF678, 0xFEB9, 0xFEB9, 0xF698,
    0xF698, 0xF678, 0xFEFA, 0x9C0F, 0x18A2, 0x20E3, 0x20E3, 0x2924, 0x20E4, 0x2924, 0x2924, 0x2904, 0x2904, 0x2924, 0x2104, 0x3186,
    0xC59A, 0xD61C, 0xD5FB, 0xC599, 0xD63C, 0xD63C, 0xDE3C, 0xDE1C, 0xDE1C, 0xDE3C, 0xE63C, 0xE63C, 0xE63C, 0xE63C, 0xE65C, 0xE65C,
    0xEE7C, 0xEE7C, 0xEE7C, 0xE65C, 0xDE3C, 0xDE3C, 0xE63C, 0xE63C, 0xDE3C, 0xDE1C, 0xDE1C, 0xE63C, 0xE63C, 0xE63C, 0xDE3C, 0xE63C,
    0xFF3C, 0xFF1C, 0xFF1C, 0xFF1C, 0xFF1C, 0xFF1C, 0xFF1C, 0xFF1C, 0xFEFC, 0xFEDC, 0xFEBB, 0xFE7B, 0xFE7B, 0xFE7B, 0xFE9B, 0xFEBB,
    0xFEDC, 0xFEBC, 0xFE9C, 0xFE9B, 0xFE9B, 0xFE9B, 0xFE7B, 0xFE7B, 0xFE7B, 0xFE5B, 0xFE7B, 0xFE7B, 0xFE7B, 0xF65B, 0xF63B, 0xE63C,
    0xDE1C, 0xDE1C, 0xDE1C, 0xDE1C, 0xDE1C, 0xDE1C, 0xDE1C, 0xDE1C, 0xDE1C, 0xDE1C, 0xDE1C, 0xDE1C, 0xDE1C, 0xDE1C, 0xDE1C, 0xDE1C,
    0xDE1C, 0xDE1C, 0xDE1C, 0xDE1C, 0xDE3C, 0xDE1C, 0xDE1C, 0xDE1C, 0xDE1C, 0xDE1C, 0xDE1C, 0xDE1C, 0xDE1C, 0xDE1C, 0xDE1C, 0xDE1C,
    0xDE1C, 0xDE1C, 0xDE1C, 0xDE1C, 0xDE1C, 0xDE1C, 0xDE1C, 0xDE1C, 0xDE1C, 0xDE1C, 0xDE1C, 0xDE1C, 0xDE1C, 0xDE1C, 0xDE1C, 0xDE1D,
    0xDE1C, 0xDE1C, 0xDE1C, 0xDE1C, 0xDE1C, 0xDE1C, 0xDE1C, 0xDE1C, 0xDE1C, 0xE65D, 0xBD37, 0x2904, 0x9412, 0x39A7, 0x2104, 0x2925,
    0x20E3, 0x2104, 0x2924, 0x2925, 0x2104, 0x20E3, 0x2924, 0x2924, 0x2924, 0x2924, 0x2924, 0x2104, 0x18C3, 0x2924, 0x2924, 0x2924,
    0x2924, 0x2924, 0x2924, 0x2104, 0x2104, 0x2924, 0x2924, 0x2925, 0x2925, 0x2904, 0x2904, 0x2924, 0x20E3, 0xAC70, 0xFEFA, 0xF698,
    0xF698, 0xF698, 0xF699, 0xF678, 0xF678, 0xF678, 0xF658, 0xE617, 0xCD54, 0x3944, 0x0020, 0x6ACA, 0xDDF7, 0xFEFA, 0xFEB9, 0xF678,
    0xF678, 0xF678, 0xF699, 0xF698, 0xF698, 0xF699, 0xFEB9, 0xFEB9, 0xF698, 0xF698, 0xF699, 0xF698, 0xF699, 0xF698, 0xF699, 0xF699,
    0xF699, 0xF699, 0xF698, 0xF698, 0xF698, 0xF699, 0xF698, 0xF698, 0xF698, 0xF698, 0xF699, 0xF699, 0xF698, 0xF698, 0xF699, 0xF699,
    0xF699, 0xF698, 0xF698, 0xF699, 0xF699, 0xF699, 0xF698, 0xF698, 0xF698, 0xF699, 0xF699, 0xF699, 0xF698, 0xF698, 0xF699, 0xF699,
    0xF698, 0xFEB9, 0xEE37, 0x3985, 0x1082, 0x2104, 0x2104, 0x20E3, 0x2904, 0x2925, 0x2924, 0x2924, 0x2924, 0x2924, 0x2104, 0x3987,
    0xCDBA, 0xDE1C, 0xD5FB, 0xC579, 0xD63C, 0xDE3C, 0xDE3C, 0xDE3C, 0xDE1C, 0xDE1C, 0xDE3B, 0xDE3C, 0xDE3C, 0xDE1C, 0xDE1C, 0xDE3C,
    0xDE1C, 0xDE3C, 0xDE3C, 0xDE3C, 0xDE1C, 0xDE3C, 0xDE3C, 0xDE3C, 0xDE3C, 0xDE3C, 0xDE3C, 0xDE3C, 0xDE3C, 0xDE3C, 0xDE3C, 0xE63C,
    0xFF1C, 0xFF1C, 0xFEFC, 0xFEFC, 0xFEFC, 0xFEFC, 0xFEFC, 0xFEFC, 0xFEDC, 0xFEBB, 0xFE7B, 0xFE5A, 0xFE5B, 0xFE7B, 0xFEBB, 0xFEBB,
    0xFE9B, 0xFE7B, 0xFE5B, 0xFE3B, 0xFE3A, 0xFE3B, 0xFE3B, 0xFE3B, 0xFE1A, 0xFE1B, 0xFE3B, 0xFE3B, 0xFE3B, 0xFE3B, 0xF63B, 0xE63C,
    0xDE1C, 0xDE1C, 0xDE1C, 0xDE1C, 0xDE1C, 0xDE1C, 0xDE1C, 0xDE1C, 0xDE3C, 0xDE1C, 0xDE1C, 0xDE1C, 0xDE1C, 0xDE3C, 0xDE1C, 0xDE1C,
    0xDE1C, 0xDE1C, 0xDE1C, 0xDE1C, 0xDE3C, 0xDE1C, 0xDE1C, 0xDE1C, 0xDE1C, 0xDE1C, 0xDE1C, 0xDE1C, 0xDE3C, 0xDE1C, 0xDE1C, 0xDE1C,
    0xDE1C, 0xDE1C, 0xDE1C, 0xDE1C, 0xDE1C, 0xDE1C, 0xDE1C, 0xDE1C, 0xDE1C, 0xDE1C, 0xDE1C, 0xDE1C, 0xDE1C, 0xDE1C, 0xDE1C, 0xDE1C,
    0xDE1C, 0xDE1C, 0xDE1C, 0xDE1C, 0xDE1C, 0xDE1C, 0xDE1C, 0xDE1C, 0xDE3C, 0xDE1C, 0xEE7D, 0x5A4A, 0x83B1, 0x62CC, 0x18C3, 0x2925,
    0x20E3, 0x2104, 0x2924, 0x2924, 0x2104, 0x20E3, 0x2924, 0x2924, 0x2925, 0x2924, 0x2925, 0x2104, 0x18C3, 0x2924, 0x2924, 0x2924,
    0x2924, 0x2924, 0x2925, 0x2104, 0x2104, 0x2924, 0x2924, 0x2924, 0x2924, 0x2924, 0x2904, 0x2925, 0x20C3, 0xAC91, 0xFEFA, 0xF679,
    0xF698, 0xF699, 0xF698, 0xF678, 0xF678, 0xF678, 0xFE99, 0xE5F6, 0xB4B1, 0xDDD6, 0x5A48, 0x0000, 0x20E3, 0x836D, 0xDDB6, 0xFED9,
    0xFEFA, 0xFED9, 0xFEB9, 0xF699, 0xF698, 0xF698, 0xF679, 0xFE99, 0xFE99, 0xFE99, 0xF699, 0xF699, 0xF698, 0xF698, 0xF698, 0xF698,
    0xF699, 0xF699, 0xF699, 0xF698, 0xF699, 0xF699, 0xF698, 0xF699, 0xF699, 0xF698, 0xF699, 0xF698, 0xF699, 0xF698, 0xF699, 0xF699,
    0xF698, 0xF698, 0xF698, 0xF698, 0xF699, 0xF699, 0xF699, 0xFE99, 0xF699, 0xF699, 0xF698, 0xF699, 0xF699, 0xF698, 0xF699, 0xF698,
    0xF678, 0xFEFA, 0x93CE, 0x1061, 0x20E3, 0x2104, 0x20E3, 0x2104, 0x2924, 0x2904, 0x2924, 0x2924, 0x2924, 0x2924, 0x2104, 0x39A7,
    0xCDDB, 0xDE3C, 0xD5FC, 0xC579, 0xDE3C, 0xDE1C, 0xDE3C, 0xDE3C, 0xDE3C, 0xDE1C, 0xDE3C, 0xDE3C, 0xDE3C, 0xDE1C, 0xDE3C, 0xDE3C,
    0xDE3C, 0xDE3C, 0xDE3C, 0xDE3C, 0xDE3C, 0xDE3C, 0xDE3C, 0xDE3C, 0xDE3C, 0xDE3C, 0xDE3C, 0xDE3C, 0xDE3C, 0xDE3C, 0xE63C, 0xE63C,
    0xFF1C, 0xFEFC, 0xFEDC, 0xFEDC, 0xFEDC, 0xFEDC, 0xFEFC, 0xFEFC, 0xFEBB, 0xFE9B, 0xFE5B, 0xFE5B, 0xFE7B, 0xFE9B, 0xFE9B, 0xFE7B,
    0xFE3A, 0xFE3A, 0xFE1A, 0xFE3A, 0xFE5B, 0xFE7B, 0xFE9C, 0xFEBC, 0xFE9B, 0xFE7B, 0xFE5B, 0xFE1A, 0xFE3B, 0xF63B, 0xEE3B, 0xE61C,
    0xDE1C, 0xDE1C, 0xDE1C, 0xDE1C, 0xDE1C, 0xDE1C, 0xDE1C, 0xDE1C, 0xDE1C, 0xDE1C, 0xDE1C, 0xDE1C, 0xDE1C, 0xDE1C, 0xDE1C, 0xDE1C,
    0xDE1C, 0xDE1C, 0xDE1C, 0xDE1C, 0xE61C, 0xDE1C, 0xDE1C, 0xE61C, 0xDE1C, 0xDE1C, 0xE63C, 0xE61C, 0xDE3C, 0xDE1C, 0xDE1C, 0xE61C,
    0xDE1C, 0xDE1C, 0xDE1C, 0xDE1C, 0xE61C, 0xE61C, 0xE61C, 0xE61C, 0xDE1C, 0xE61C, 0xDE1C, 0xE61C, 0xE61C, 0xDE1C, 0xDE1C, 0xDE1C,
    0xDE1C, 0xDE1C, 0xDE1C, 0xDE1C, 0xDE3C, 0xDE1C, 0xDE1C, 0xE61C, 0xE63C, 0xDE1C, 0xEE5D, 0xB4D6, 0x6ACD, 0xA473, 0x18C3, 0x2944,
    0x20E4, 0x20E3, 0x2924, 0x2924, 0x2104, 0x18C3, 0x2104, 0x2925, 0x2925, 0x2924, 0x2924, 0x2104, 0x18C3, 0x2924, 0x2924, 0x2924,
    0x2924, 0x2924, 0x2924, 0x2104, 0x2104, 0x2924, 0x2924, 0x2924, 0x2104, 0x3165, 0x3985, 0x2925, 0x20E3, 0xAC91, 0xFEFA, 0xF678,
    0xF699, 0xF678, 0xF678, 0xF678, 0xFE58, 0xF678, 0xF658, 0xFE58, 0xFEB9, 0xCD13, 0xA3EF, 0x9BEF, 0x1061, 0x0000, 0x1882, 0x5A48,
    0x9C0F, 0xCD74, 0xEE17, 0xF698, 0xFEB9, 0xFED9, 0xFEB9, 0xF678, 0xF699, 0xF699, 0xF698, 0xF699, 0xF698, 0xF699, 0xF698, 0xF698,
    0xF699, 0xF699, 0xF699, 0xF698, 0xF699, 0xF699, 0xF698, 0xF699, 0xF699, 0xFE99, 0xF699, 0xF698, 0xF699, 0xF699, 0xF698, 0xF698,
    0xF698, 0xF699, 0xF698, 0xF698, 0xF698, 0xF698, 0xF699, 0xF698, 0xF699, 0xF699, 0xF699, 0xF699, 0xF699, 0xF698, 0xF699, 0xF698,
    0xFEB9, 0xDDD6, 0x3144, 0x18A2, 0x2104, 0x18A2, 0x20E3, 0x2924, 0x2924, 0x2924, 0x2924, 0x2924, 0x2924, 0x2925, 0x20E4, 0x39C7,
    0xCDFB, 0xDE1C, 0xD5FB, 0xC579, 0xDE3C, 0xDE1C, 0xDE3C, 0xDE3C, 0xDE3C, 0xDE1C, 0xDE3C, 0xDE3C, 0xDE3C, 0xDE1C, 0xDE3C, 0xDE3C,
    0xDE3C, 0xDE3C, 0xDE3C, 0xDE3C, 0xDE3C, 0xDE3C, 0xDE3C, 0xDE3C, 0xDE3C, 0xDE3C, 0xDE3C, 0xDE3C, 0xDE3C, 0xE63C, 0xE63C, 0xE63C,
    0xFEFC, 0xFEFC, 0xFEFC, 0xFEFC, 0xFEDC, 0xFEDC, 0xFEDC, 0xFEDC, 0xFE9C, 0xFE9B, 0xFE7B, 0xFE9B, 0xFE9B, 0xFE7B, 0xFE9B, 0xFE9C,
    0xFE7B, 0xFE5B, 0xFE5B, 0xFE7B, 0xFEDC, 0xFF1C, 0xFF1C, 0xFF1C, 0xFF1C, 0xFF1C, 0xFEDC, 0xFEBC, 0xFEBC, 0xFEDC, 0xF6BC, 0xEE7C,
    0xE63C, 0xE61C, 0xDE1C, 0xE61C, 0xE61C, 0xE61C, 0xE61C, 0xE61C, 0xE61C, 0xE61C, 0xE61C, 0xE61C, 0xE61C, 0xE61C, 0xE61C, 0xE61C,
    0xE61C, 0xE61C, 0xE61C, 0xE61C, 0xE61C, 0xE61C, 0xE61C, 0xE61C, 0xE61C, 0xE61C, 0xE61C, 0xE63C, 0xE61C, 0xE61C, 0xE61C, 0xE61C,
    0xE63C, 0xE61C, 0xE61C, 0xE61C, 0xE61C, 0xE61C, 0xE61C, 0xE63C, 0xE61C, 0xE61C, 0xE61C, 0xE61C, 0xE61C, 0xE61C, 0xE61C, 0xE61C,
    0xE61C, 0xE61C, 0xE61C, 0xDE1C, 0xE63C, 0xE61C, 0xE61C, 0xE63C, 0xE61C, 0xE61C, 0xDE1C, 0xE65D, 0x8BD1, 0xBD17, 0x41C8, 0x2103,
    0x2104, 0x20E4, 0x2924, 0x2924, 0x2904, 0x18C3, 0x2104, 0x2924, 0x2924, 0x2924, 0x2924, 0x2104, 0x18C3, 0x2104, 0x2924, 0x2924,
    0x2924, 0x2904, 0x2904, 0x2103, 0x2104, 0x2904, 0x2924, 0x2924, 0x2104, 0x3986, 0x5228, 0x2104, 0x20E3, 0xAC71, 0xFEFA, 0xF678,
    0xF698, 0xFE78, 0xF678, 0xF658, 0xFE58, 0xF658, 0xF658, 0xF657, 0xF637, 0xEDD7, 0xFE99, 0xC4F2, 0x8BAD, 0x8B8D, 0x28E3, 0x0000,
    0x0000, 0x0020, 0x20C3, 0x2924, 0x3986, 0x41C7, 0x5207, 0x9C0F, 0xF698, 0xF699, 0xF699, 0xF698, 0xF699, 0xF699, 0xF699, 0xF699,
    0xF698, 0xF699, 0xF699, 0xF698, 0xF698, 0xF698, 0xF698, 0xF699, 0xF698, 0xF699, 0xF699, 0xF698, 0xF698, 0xF698, 0xF699, 0xF698,
    0xF698, 0xF699, 0xF699, 0xF699, 0xF698, 0xF698, 0xF699, 0xF698, 0xF698, 0xF698, 0xF698, 0xF699, 0xF698, 0xF698, 0xF699, 0xF678,
    0xFED9, 0x730B, 0x1061, 0x18A2, 0x18A2, 0x1082, 0x20E4, 0x2924, 0x2924, 0x2924, 0x2904, 0x2924, 0x2924, 0x2924, 0x20E3, 0x41C8,
    0xD61B, 0xDE1C, 0xD5FB, 0xC579, 0xDE3C, 0xDE3C, 0xDE3C, 0xDE1C, 0xDE1C, 0xDE1C, 0xDE1C, 0xDE3C, 0xDE3C, 0xDE3C, 0xDE3C, 0xDE3C,
    0xDE3C, 0xDE3C, 0xDE3C, 0xDE3C, 0xDE3C, 0xDE3C, 0xDE3C, 0xDE3C, 0xDE3C, 0xDE3C, 0xE63C, 0xE63C, 0xE63C, 0xE63C, 0xE63C, 0xE63C,
    0xFF1C, 0xFF1C, 0xFF1C, 0xFEFC, 0xFEFC, 0xFEFC, 0xFEDC, 0xFEBB, 0xFE9B, 0xFEBB, 0xFEBC, 0xFE9B, 0xFE7B, 0xFE9B, 0xFEFC, 0xFF1D,
    0xFF1C, 0xFEFC, 0xFEDC, 0xFF1C, 0xFF3D, 0xFF3D, 0xFF3D, 0xFF3D, 0xFF3D, 0xFF3D, 0xFF3D, 0xFF3D, 0xFF1D, 0xFF1D, 0xFF1D, 0xF6FD,
    0xF69C, 0xE65B, 0xE61C, 0xE63C, 0xE61C, 0xE61C, 0xE61C, 0xE61C, 0xE61C, 0xE61C, 0xE61C, 0xE61C, 0xE63C, 0xE63C, 0xE61C, 0xE63C,
    0xE61C, 0xE61C, 0xE61C, 0xE61C, 0xE63C, 0xE61C, 0xE61C, 0xE61C, 0xE61C, 0xE61C, 0xE61C, 0xE61C, 0xE61C, 0xE61C, 0xE61C, 0xE61C,
    0xE61C, 0xE61C, 0xE61C, 0xE61C, 0xE61C, 0xE61C, 0xE61C, 0xE61C, 0xE61C, 0xE61C, 0xE61C, 0xE63C, 0xE61C, 0xE63C, 0xE61C, 0xE61C,
    0xE61C, 0xE61C, 0xE61C, 0xE61C, 0xE61C, 0xE61C, 0xE61C, 0xE63C, 0xE63C, 0xE63C, 0xE61C, 0xE63C, 0xD5BA, 0xD5BA, 0x93F2, 0x18C3,
    0x2124, 0x20E3, 0x2924, 0x2924, 0x2924, 0x18C3, 0x2104, 0x2924, 0x2925, 0x2924, 0x2924, 0x2104, 0x18C3, 0x20E3, 0x2924, 0x2924,
    0x2924, 0x2924, 0x2924, 0x2104, 0x2104, 0x2924, 0x2904, 0x2924, 0x2104, 0x41A7, 0x6ACA, 0x2104, 0x20E3, 0xA430, 0xFEFA, 0xF678,
    0xF678, 0xF678, 0xF658, 0xFE58, 0xFE38, 0xFE38, 0xFE38, 0xFE38, 0xFE37, 0xFE58, 0xEDF6, 0xD575, 0xFEB9, 0xF658, 0x8B6D, 0xBD13,
    0x6AAA, 0x6269, 0x3985, 0x49E7, 0x41A6, 0x730B, 0xCD54, 0xEE58, 0xF699, 0xF699, 0xF699, 0xF699, 0xF698, 0xF699, 0xFE99, 0xF699,
    0xF698, 0xF699, 0xF698, 0xF698, 0xF699, 0xF699, 0xF698, 0xF699, 0xF698, 0xF698, 0xF698, 0xF698, 0xF699, 0xFE99, 0xFEB9, 0xFEB9,
    0xFEB9, 0xF698, 0xF698, 0xF699, 0xF698, 0xF699, 0xF699, 0xF699, 0xF699, 0xF699, 0xF698, 0xF699, 0xF698, 0xF698, 0xF698, 0xFED9,
    0xBD13, 0x18A2, 0x18A2, 0x1082, 0x1082, 0x18A2, 0x2104, 0x2924, 0x2904, 0x2924, 0x2924, 0x2924, 0x2924, 0x2925, 0x20E3, 0x4A09,
    0xDE1B, 0xDE1C, 0xD5FB, 0xC579, 0xDE3C, 0xDE3C, 0xDE3C, 0xE63C, 0xE63C, 0xE65C, 0xE65C, 0xE63C, 0xE63C, 0xE63C, 0xDE3C, 0xDE3C,
    0xDE3C, 0xDE3C, 0xDE3C, 0xDE3C, 0xDE3C, 0xDE3C, 0xDE3C, 0xE63C, 0xE63C, 0xE63C, 0xE63C, 0xE63C, 0xE63C, 0xE63C, 0xE63C, 0xE61C,
    0xFF3D, 0xFF3C, 0xFF1C, 0xFEFC, 0xFEFC, 0xFEFC, 0xFEDC, 0xFEBC, 0xFEDC, 0xFEFC, 0xFEFC, 0xFEDC, 0xFEDC, 0xFEFC, 0xFF3D, 0xFF3D,
    0xFF3D, 0xFF3D, 0xFF3D, 0xFF3D, 0xFF3D, 0xFF3C, 0xFF3D, 0xFF3D, 0xFF3D, 0xFF3D, 0xFF3C, 0xFF3D, 0xFF3D, 0xFF3D, 0xFF1C, 0xFF1D,
    0xFEFD, 0xF6BC, 0xE63C, 0xE61C, 0xE61C, 0xE61C, 0xE61C, 0xE61C, 0xE61C, 0xE61C, 0xE61C, 0xE61C, 0xE61C, 0xE61C, 0xE61C, 0xE61C,
    0xE61C, 0xE61C, 0xE61C, 0xE61C, 0xE61C, 0xE61C, 0xE61C, 0xE61B, 0xE61C, 0xE61C, 0xE61C, 0xE61C, 0xE61C, 0xE61C, 0xE61C, 0xE61C,
    0xE61C, 0xE61C, 0xE63C, 0xE63C, 0xE63C, 0xE61C, 0xE63C, 0xE61C, 0xE61C, 0xE61C, 0xE61C, 0xE61C, 0xE61C, 0xE61C, 0xE61C, 0xE61C,
    0xE61C, 0xE61C, 0xE61C, 0xE61C, 0xE61C, 0xE61C, 0xE63C, 0xE63C, 0xE63C, 0xE63C, 0xE61C, 0xE61C, 0xE61C, 0xE63C, 0xDDFB, 0x5229,
    0x18E3, 0x2904, 0x2924, 0x2924, 0x2924, 0x18C3, 0x20E3, 0x2925, 0x2925, 0x2924, 0x2924, 0x2104, 0x18C3, 0x18C3, 0x2104, 0x2924,
    0x2905, 0x2904, 0x2924, 0x2104, 0x2103, 0x2924, 0x2904, 0x2924, 0x2104, 0x41C7, 0x8BAD, 0x2904, 0x20E3, 0x93CE, 0xFEFA, 0xF678,
    0xF678, 0xF658, 0xF658, 0xF638, 0xF638, 0xFE38, 0xFE37, 0xFE38, 0xFE37, 0xF617, 0xFE38, 0xFE58, 0xFE57, 0xE5B6, 0xE5D6, 0xFEFA,
    0xC4F3, 0xFEB9, 0xCD33, 0xD5B5, 0xFE98, 0xEE37, 0xFEFA, 0xF698, 0xF699, 0xF699, 0xF698, 0xF699, 0xF699, 0xF698, 0xFE99, 0xF699,
    0xF698, 0xF698, 0xF699, 0xF698, 0xF699, 0xF699, 0xF698, 0xF698, 0xF698, 0xF699, 0xF698, 0xF698, 0xF699, 0xF658, 0xDD94, 0xD553,
    0xEE17, 0xFEB9, 0xF698, 0xF699, 0xF699, 0xF698, 0xF699, 0xF698, 0xF699, 0xF699, 0xF699, 0xF698, 0xF698, 0xF699, 0xF698, 0xF678,
    0x49C6, 0x0841, 0x18A2, 0x1082, 0x1082, 0x18A2, 0x2104, 0x2924, 0x2924, 0x2924, 0x2924, 0x2924, 0x2924, 0x2925, 0x20E3, 0x5229,
    0xDE3B, 0xDE1C, 0xDDFB, 0xCD79, 0xE63C, 0xE63C, 0xEE5C, 0xEE5C, 0xEE5C, 0xEE5C, 0xEE3C, 0xE63C, 0xE63C, 0xE63C, 0xE61C, 0xE63C,
    0xE61C, 0xE63C, 0xE63C, 0xE63C, 0xE63C, 0xE63C, 0xE63C, 0xE63C, 0xE63C, 0xE63C, 0xE63C, 0xE63C, 0xE63C, 0xE63C, 0xE63C, 0xE61C,
    0xFF1D, 0xFF1C, 0xFEFC, 0xFEDB, 0xFEDB, 0xFEDC, 0xFEDC, 0xFEFC, 0xFF1C, 0xFF3C, 0xFF3C, 0xFF3D, 0xFF3D, 0xFF3C, 0xFF3D, 0xFF3D,
    0xFF3D, 0xFF3D, 0xFF3D, 0xFF1C, 0xFF3D, 0xFF3C, 0xFF3D, 0xFF3C, 0xFF3C, 0xFF3D, 0xFF3D, 0xFF1D, 0xFF1D, 0xFF3D, 0xFF3C, 0xFF1D,
    0xFF1C, 0xFEFC, 0xF69C, 0xE63C, 0xE61C, 0xE63C, 0xE61C, 0xE61C, 0xE61C, 0xE61C, 0xE61C, 0xE61C, 0xE61B, 0xE61C, 0xE61C, 0xE61C,
    0xE61C, 0xE63C, 0xE63B, 0xE61C, 0xE61C, 0xE61C, 0xE61C, 0xE61C, 0xE61C, 0xE61C, 0xE61C, 0xE61C, 0xE61C, 0xE61C, 0xE61C, 0xE61C,
    0xE63B, 0xE63C, 0xE63C, 0xE61C, 0xE61C, 0xE61C, 0xE63B, 0xE61C, 0xE61C, 0xE63C, 0xE61C, 0xE61C, 0xE61C, 0xE61C, 0xE61C, 0xE61C,
    0xE61C, 0xE61C, 0xE61C, 0xE61C, 0xE63C, 0xE61C, 0xE61C, 0xE61C, 0xE61C, 0xE63C, 0xE63C, 0xE61B, 0xE61C, 0xE61B, 0xEE5D, 0xC558,
    0x3146, 0x39A7, 0x2945, 0x2904, 0x2924, 0x20E3, 0x20E3, 0x2924, 0x2924, 0x2924, 0x2924, 0x2104, 0x20C4, 0x18A2, 0x20E3, 0x2924,
    0x2904, 0x2904, 0x2924, 0x2104, 0x2104, 0x2924, 0x2924, 0x2924, 0x2104, 0x3986, 0xB490, 0x3145, 0x20C3, 0x836C, 0xFEDA, 0xF678,
    0xF659, 0xF658, 0xFE58, 0xFE37, 0xF638, 0xFE38, 0xFE37, 0xFE17, 0xFE17, 0xFE17, 0xFE17, 0xF617, 0xF617, 0xFE58, 0xFE58, 0xF637,
    0xF638, 0xF657, 0xF637, 0xEE17, 0xFE99, 0xF678, 0xF678, 0xF698, 0xF698, 0xF699, 0xF698, 0xF699, 0xF699, 0xF699, 0xF699, 0xF699,
    0xF699, 0xF698, 0xF699, 0xF698, 0xF699, 0xF698, 0xF698, 0xF699, 0xF699, 0xF699, 0xF698, 0xF698, 0xF698, 0xF658, 0xEE16, 0xEE17,
    0xF658, 0xF699, 0xF699, 0xF699, 0xF699, 0xF698, 0xF699, 0xF698, 0xF699, 0xF698, 0xF698, 0xF699, 0xF699, 0xF679, 0xFEFA, 0x93EE,
    0x0840, 0x18A2, 0x1082, 0x1082, 0x1082, 0x18A2, 0x2104, 0x2924, 0x2924, 0x2924, 0x2924, 0x2924, 0x2924, 0x2924, 0x20E3, 0x524A,
    0xE63C, 0xDE1C, 0xDDFB, 0xCD79, 0xE63B, 0xE63C, 0xE63C, 0xE63C, 0xE63C, 0xE63C, 0xE63C, 0xE61C, 0xE61C, 0xE61C, 0xE63C, 0xE63C,
    0xE63C, 0xE63C, 0xE63C, 0xE63C, 0xE63C, 0xE63C, 0xE61C, 0xE63C, 0xE63C, 0xE63C, 0xE63C, 0xE63C, 0xE63C, 0xE63C, 0xE63C, 0xE61C,
    0xFF1C, 0xFEFC, 0xFEDB, 0xFEDC, 0xFEDB, 0xFEDB, 0xFEDB, 0xFEFC, 0xFEFC, 0xFF1C, 0xFF1C, 0xFF3D, 0xFF3D, 0xFF3D, 0xFF3D, 0xFF3C,
    0xFF3C, 0xFF3C, 0xFF1C, 0xFF1C, 0xFF3D, 0xFF3C, 0xFF1C, 0xFF3D, 0xFF3C, 0xFF3D, 0xFF3D, 0xFF1D, 0xFF1C, 0xFF1D, 0xFF1C, 0xFF1D,
    0xFF1D, 0xFF1C, 0xF6FC, 0xEE7C, 0xE61C, 0xE63C, 0xE63C, 0xE63C, 0xE63C, 0xE61C, 0xE61C, 0xE61C, 0xE61C, 0xE61C, 0xE61C, 0xE61C,
    0xE61C, 0xE61C, 0xE61C, 0xE61C, 0xE63C, 0xE61C, 0xE61C, 0xE63C, 0xE61C, 0xE63C, 0xE61C, 0xE61C, 0xE61C, 0xE63C, 0xE63C, 0xE61C,
    0xE61C, 0xE61C, 0xE63C, 0xE61C, 0xE61C, 0xE61C, 0xE61C, 0xE61C, 0xE63C, 0xE61C, 0xE63C, 0xE63C, 0xE61C, 0xE61C, 0xE63B, 0xE61C,
    0xE61C, 0xE61C, 0xE61C, 0xE61C, 0xE61C, 0xE61C, 0xE61C, 0xE61C, 0xE61C, 0xE61C, 0xE61C, 0xE61C, 0xE61C, 0xE61C, 0xE61B, 0xF69D,
    0xAC94, 0x628B, 0x4A08, 0x20E4, 0x2924, 0x2104, 0x18C3, 0x2924, 0x2905, 0x2904, 0x2924, 0x2103, 0x20E3, 0x18A2, 0x18C3, 0x2104,
    0x2924, 0x2104, 0x2924, 0x2904, 0x20E4, 0x2924, 0x2924, 0x2924, 0x2104, 0x3145, 0xCD54, 0x4A07, 0x18C3, 0x6ACA, 0xFEB9, 0xF678,
    0xF658, 0xF658, 0xFE38, 0xFE37, 0xF638, 0xF617, 0xFE37, 0xFDF7, 0xFE17, 0xFE17, 0xF5F7, 0xFE17, 0xF617, 0xF617, 0xF617, 0xF637,
    0xF638, 0xF658, 0xF658, 0xFE78, 0xF678, 0xF678, 0xF679, 0xF698, 0xF698, 0xF699, 0xF698, 0xF698, 0xF698, 0xF699, 0xF698, 0xF698,
    0xF699, 0xF698, 0xF698, 0xF698, 0xF698, 0xF699, 0xF698, 0xF698, 0xF698, 0xF699, 0xF699, 0xF699, 0xFEB9, 0xFEDA, 0xF699, 0xFEB9,
    0xFE99, 0xF698, 0xF698, 0xF698, 0xF699, 0xF698, 0xF698, 0xF698, 0xF698, 0xF699, 0xF698, 0xF698, 0xF698, 0xFEB9, 0xDDD5, 0x28E3,
    0x1081, 0x1082, 0x1082, 0x1082, 0x1082, 0x18A3, 0x2924, 0x2924, 0x2924, 0x2924, 0x2924, 0x2924, 0x2924, 0x2925, 0x18E3, 0x5AAB,
    0xE65C, 0xDE1C, 0xDDDB, 0xCD79, 0xE63C, 0xE61C, 0xE63C, 0xE61C, 0xE61C, 0xE63C, 0xE61C, 0xE63C, 0xE63C, 0xE63C, 0xE63C, 0xE63C,
    0xE63C, 0xE63C, 0xE63C, 0xE63C, 0xE63C, 0xE63C, 0xE63C, 0xE63C, 0xE63C, 0xE63C, 0xE63C, 0xE63C, 0xE63C, 0xE63C, 0xE63C, 0xE61C,
    0xFEFC, 0xFEBC, 0xFEDB, 0xFEFC, 0xFEFC, 0xFEDB, 0xFEDC, 0xFEBB, 0xFEBB, 0xFEBB, 0xFEDC, 0xFF1C, 0xFF1D, 0xFF3D, 0xFF3C, 0xFF1D,
    0xFF1C, 0xFF1C, 0xFF1C, 0xFF1C, 0xFF3C, 0xFF3D, 0xFF1C, 0xFF1C, 0xFF1C, 0xFF1D, 0xFF1D, 0xFF1D, 0xFF1C, 0xFF1C, 0xFF1C, 0xFF1C,
    0xFF1D, 0xFF1D, 0xFF1C, 0xF6DC, 0xEE5C, 0xE61C, 0xE61C, 0xE61C, 0xE61C, 0xE61C, 0xE61C, 0xE61C, 0xE61C, 0xE61C, 0xE61C, 0xE61C,
    0xE61C, 0xE61C, 0xE61C, 0xE61C, 0xE61C, 0xE61C, 0xE61B, 0xE61C, 0xE61C, 0xE63C, 0xE63C, 0xE61C, 0xE61C, 0xE61C, 0xE61C, 0xE63C,
    0xE61C, 0xE61C, 0xE61C, 0xE61C, 0xE61C, 0xE61C, 0xE61C, 0xE61C, 0xE63C, 0xE61C, 0xE61C, 0xE63C, 0xE61C, 0xE61C, 0xE63C, 0xE61C,
    0xE61C, 0xE61C, 0xE61C, 0xE63C, 0xE61C, 0xE61C, 0xE61C, 0xE61C, 0xE61C, 0xE61C, 0xE61C, 0xE61C, 0xE61C, 0xE61C, 0xE61C, 0xE61B,
    0xEE3D, 0xD599, 0x838F, 0x18C3, 0x2945, 0x2104, 0x18C3, 0x2104, 0x2924, 0x2904, 0x2924, 0x20E3, 0x20E3, 0x10A2, 0x18A2, 0x2103,
    0x2924, 0x2104, 0x2904, 0x2904, 0x20E4, 0x2925, 0x2924, 0x2924, 0x2924, 0x2904, 0xD595, 0x7B4C, 0x18A2, 0x5208, 0xF678, 0xFE78,
    0xF658, 0xFE38, 0xFE38, 0xF637, 0xF617, 0xF5F7, 0xFE18, 0xF5D6, 0xFE17, 0xFDF7, 0xF5F6, 0xFE17, 0xF5F7, 0xFE17, 0xF617, 0xF637,
    0xF637, 0xF638, 0xF658, 0xF658, 0xF678, 0xF678, 0xF678, 0xF678, 0xF698, 0xF698, 0xF699, 0xF698, 0xF698, 0xF699, 0xF698, 0xF698,
    0xF698, 0xF698, 0xF698, 0xF699, 0xF698, 0xF698, 0xF698, 0xF698, 0xF698, 0xF698, 0xF698, 0xFED9, 0xD574, 0xAC91, 0xFEFA, 0xFE99,
    0xF678, 0xF699, 0xF698, 0xF698, 0xF698, 0xF698, 0xF698, 0xF699, 0xF698, 0xF698, 0xF698, 0xF698, 0xF698, 0xFED9, 0x6AAA, 0x0841,
    0x10A2, 0x1081, 0x1082, 0x1082, 0x1081, 0x18C3, 0x2924, 0x2924, 0x2924, 0x2924, 0x2924, 0x2904, 0x2924, 0x2924, 0x18C3, 0x6ACC,
    0xEE5C, 0xDE1C, 0xDDDA, 0xCD99, 0xE63C, 0xE61C, 0xE63C, 0xE61C, 0xE63C, 0xE63C, 0xE61C, 0xE63B, 0xE63C, 0xE61C, 0xE61C, 0xE63C,
    0xE63C, 0xE63C, 0xE63C, 0xE63C, 0xE63C, 0xE63C, 0xE63C, 0xE63C, 0xE63C, 0xE61C, 0xE63C, 0xE61C, 0xE61C, 0xE63C, 0xE63C, 0xE63C,
    0xFEDB, 0xFEBB, 0xFEDC, 0xFEFC, 0xFEFC, 0xFEFC, 0xFEFC, 0xFEFC, 0xFEDC, 0xFEDC, 0xFEDC, 0xFEDB, 0xFEFC, 0xFEFC, 0xFF1C, 0xFF1D,
    0xFF1D, 0xFF1D, 0xFF3C, 0xFF1C, 0xFF3D, 0xFF1C, 0xFF1D, 0xFF1C, 0xFF1D, 0xFF1C, 0xFF3D, 0xFF3C, 0xFF1D, 0xFF1D, 0xFF1D, 0xFF1C,
    0xFF1D, 0xFF1D, 0xFF1D, 0xFEFD, 0xF6BC, 0xEE3C, 0xE61C, 0xE61C, 0xE61C, 0xE61C, 0xE61C, 0xE61C, 0xE61C, 0xE61C, 0xE61C, 0xE61B,
    0xE61C, 0xE61C, 0xE61C, 0xE61C, 0xE61C, 0xE61C, 0xE61C, 0xE61C, 0xE61C, 0xE61C, 0xE61C, 0xE61B, 0xE61C, 0xE61C, 0xE61C, 0xE61C,
    0xE61C, 0xE61C, 0xE61C, 0xE61C, 0xE61C, 0xE61C, 0xE61C, 0xE61C, 0xE61C, 0xE61C, 0xE61C, 0xE63C, 0xE61C, 0xE61C, 0xE61C, 0xE61C,
    0xE61C, 0xE61C, 0xE61C, 0xE61C, 0xE61C, 0xE61C, 0xE61C, 0xE61C, 0xE61C, 0xE61C, 0xE61C, 0xE61C, 0xE61B, 0xE61C, 0xE61C, 0xEE1C,
    0xE61C, 0xEE5D, 0xDDFA, 0x3987, 0x2104, 0x2924, 0x20E3, 0x20E4, 0x2924, 0x2904, 0x2924, 0x20E3, 0x2103, 0x18A2, 0x1082, 0x18C3,
    0x2924, 0x2104, 0x2104, 0x2924, 0x20E3, 0x2104, 0x2924, 0x2924, 0x2924, 0x20E3, 0xCD54, 0xBD13, 0x20C3, 0x3965, 0xDDD5, 0xFE99,
    0xF658, 0xF638, 0xFE38, 0xFE38, 0xF617, 0xF5F7, 0xFE17, 0xF5D7, 0xFE17, 0xFDF7, 0xF5D6, 0xFE17, 0xF5F6, 0xFDF7, 0xF5F7, 0xFE17,
    0xF617, 0xF638, 0xF638, 0xF658, 0xFE78, 0xF678, 0xF678, 0xF679, 0xF699, 0xF698, 0xF699, 0xF699, 0xF698, 0xF699, 0xF698, 0xF699,
    0xF698, 0xF699, 0xF698, 0xF698, 0xF699, 0xF698, 0xF699, 0xF698, 0xF698, 0xF698, 0xF678, 0xFEB9, 0xE617, 0x2903, 0x730B, 0xF679,
    0xFEFA, 0xFEB9, 0xF678, 0xF678, 0xF678, 0xF678, 0xF678, 0xF699, 0xFEB9, 0xF698, 0xF699, 0xF678, 0xFED9, 0xBCF2, 0x1082, 0x1082,
    0x1082, 0x1081, 0x1082, 0x1082, 0x1082, 0x20E3, 0x2924, 0x2904, 0x2924, 0x2924, 0x2924, 0x2924, 0x2104, 0x2925, 0x18C3, 0x732E,
    0xEE5D, 0xE61B, 0xDDBA, 0xD5BA, 0xEE3C, 0xE61B, 0xE63C, 0xE61C, 0xE61C, 0xE63C, 0xE61C, 0xE63C, 0xE63C, 0xE61B, 0xE61C, 0xE63C,
    0xE63C, 0xE61C, 0xE63C, 0xE61C, 0xE63C, 0xE63C, 0xE61C, 0xE63C, 0xE61C, 0xE61C, 0xE63C, 0xE63C, 0xE63C, 0xEE3C, 0xEE3C, 0xE63C,
    0xFEBC, 0xFE9B, 0xFEBC, 0xFEFC, 0xFEFC, 0xFF1C, 0xFF1D, 0xFF1C, 0xFEFC, 0xFEFC, 0xFEFC, 0xFEFC, 0xFEBC, 0xFEBB, 0xFEFC, 0xFEFC,
    0xFF1C, 0xFF1D, 0xFF1C, 0xFF1C, 0xFF1D, 0xFF1C, 0xFF1D, 0xFF3C, 0xFF1C, 0xFF1C, 0xFF1D, 0xFF3C, 0xFF1D, 0xFF1C, 0xFF1D, 0xFF1C,
    0xFF1D, 0xFF1C, 0xFF1C, 0xFF1C, 0xFEFC, 0xEE7C, 0xE61C, 0xE61C, 0xEE1C, 0xEE1C, 0xEE1C, 0xEE1B, 0xE61C, 0xEE1C, 0xEE1C, 0xE61C,
    0xEE1C, 0xEE1B, 0xEE1C, 0xEE1C, 0xE61C, 0xE61C, 0xE61B, 0xEE1C, 0xEE1B, 0xEE1C, 0xEE1C, 0xEE1C, 0xEE1C, 0xEE1C, 0xEE1C, 0xEE1C,
    0xEE1C, 0xEE1C, 0xEE1C, 0xEE1C, 0xEE1C, 0xEE1C, 0xE61C, 0xE61C, 0xEE1C, 0xEE1C, 0xE61C, 0xE61C, 0xE61C, 0xEE1C, 0xEE1C, 0xE61C,
    0xE61C, 0xE61C, 0xE61C, 0xE61C, 0xE61B, 0xE61C, 0xEE1C, 0xEE1C, 0xEE1C, 0xE61C, 0xE61C, 0xE61C, 0xEE1C, 0xE61C, 0xEE1B, 0xEE1C,
    0xEE1C, 0xE5FB, 0xF67E, 0x9C12, 0x18C3, 0x2925, 0x39A6, 0x2904, 0x2124, 0x2924, 0x2924, 0x20C3, 0x2104, 0x18C2, 0x1081, 0x18A2,
    0x2904, 0x2104, 0x2103, 0x2924, 0x20E3, 0x2104, 0x2925, 0x2924, 0x2924, 0x20C3, 0xAC70, 0xFEB9, 0x41C6, 0x20C3, 0xBCD2, 0xFEBA,
    0xF658, 0xFE58, 0xFE37, 0xFE38, 0xF617, 0xF5F7, 0xFE17, 0xF5D6, 0xFE17, 0xF5F7, 0xF5D7, 0xFE18, 0xF5D6, 0xFE17, 0xF5D7, 0xFE17,
    0xF5F7, 0xF638, 0xF638, 0xF658, 0xF658, 0xF678, 0xF678, 0xF678, 0xF698, 0xF698, 0xF698, 0xF698, 0xF698, 0xF698, 0xF699, 0xF699,
    0xF698, 0xF699, 0xF699, 0xF698, 0xF698, 0xF698, 0xF698, 0xF698, 0xF679, 0xF698, 0xF678, 0xF698, 0xEE37, 0x93AD, 0x0800, 0x2923,
    0x940F, 0xE5F7, 0xFED9, 0xFEFA, 0xFEFA, 0xFEFA, 0xFEFA, 0xFED9, 0xE616, 0xFE98, 0xF699, 0xF698, 0xF678, 0x49C6, 0x0841, 0x18A2,
    0x1082, 0x1082, 0x1082, 0x1082, 0x1082, 0x2104, 0x2924, 0x2905, 0x2924, 0x2924, 0x2905, 0x2924, 0x2104, 0x2925, 0x18C3, 0x8370,
    0xEE5D, 0xE61B, 0xD5BA, 0xD5BA, 0xEE3C, 0xE61C, 0xE63C, 0xE61C, 0xE63B, 0xE63C, 0xE63C, 0xE63C, 0xE61C, 0xE61C, 0xE61C, 0xE61C,
    0xE61C, 0xE61C, 0xE63C, 0xE61C, 0xE63C, 0xE63C, 0xE61C, 0xE63C, 0xE61C, 0xE61C, 0xE63C, 0xE61C, 0xEE1C, 0xEE1C, 0xEE3C, 0xEE3C,
    0xFE9B, 0xFE9B, 0xFEDC, 0xFEFC, 0xFF1C, 0xFF1C, 0xFF1C, 0xFEFC, 0xFEDC, 0xFEDC, 0xFEDC, 0xFEBB, 0xFE9B, 0xFE9B, 0xFEDC, 0xFEDB,
    0xFEFC, 0xFEFC, 0xFEFC, 0xFEFC, 0xFF1C, 0xFF1C, 0xFF1D, 0xFF1D, 0xFF1C, 0xFF1C, 0xFF1D, 0xFF3C, 0xFF1C, 0xFF1C, 0xFF1C, 0xFF1C,
    0xFF1C, 0xFF1D, 0xFF1C, 0xFF1C, 0xFEFC, 0xF69C, 0xEE3C, 0xE61C, 0xEE1C, 0xEE1C, 0xEE1C, 0xEE1C, 0xEE1C, 0xEE1C, 0xEE1C, 0xEE1C,
    0xEE1C, 0xEE1C, 0xEE1C, 0xEE1C, 0xEE1C, 0xEE1C, 0xEE1C, 0xEE1C, 0xE61B, 0xEE1C, 0xEE1C, 0xEE1C, 0xEE1C, 0xEE1C, 0xEE1C, 0xEE1C,
    0xEE1C, 0xEE1C, 0xEE1C, 0xEE1C, 0xEE1C, 0xEE1C, 0xEE1C, 0xEE1C, 0xEE3B, 0xEE1C, 0xEE1C, 0xEE1C, 0xEE1C, 0xEE1C, 0xEE1C, 0xE61C,
    0xE61C, 0xE61C, 0xEE1C, 0xEE1C, 0xE61C, 0xEE1C, 0xEE1C, 0xEE1C, 0xEE1C, 0xEE1C, 0xEE1C, 0xEE1C, 0xEE1C, 0xEE1C, 0xEE1C, 0xEE1C,
    0xEE3B, 0xEE1C, 0xEE1C, 0xEE5C, 0x5A6B, 0x1882, 0x5249, 0x39A7, 0x20E4, 0x2924, 0x2104, 0x3145, 0x3165, 0x18C3, 0x10A2, 0x1082,
    0x20E3, 0x2924, 0x20E4, 0x2924, 0x20E3, 0x20E3, 0x2924, 0x2924, 0x2924, 0x18C3, 0x836D, 0xFF3B, 0x9C0F, 0x1081, 0x834D, 0xFEBA,
    0xF638, 0xFE38, 0xFE38, 0xFE38, 0xF617, 0xFDF7, 0xFDF7, 0xF5D6, 0xFE17, 0xFDF6, 0xF5F7, 0xFE17, 0xF5D6, 0xF617, 0xF5D6, 0xF617,
    0xF5F7, 0xF617, 0xF638, 0xF658, 0xF658, 0xF678, 0xF678, 0xF678, 0xF698, 0xF698, 0xF699, 0xF698, 0xF699, 0xF698, 0xF699, 0xF699,
    0xF698, 0xF678, 0xF678, 0xF678, 0xF678, 0xF678, 0xF698, 0xF678, 0xF678, 0xF678, 0xF698, 0xF678, 0xF699, 0xDDD5, 0x93CF, 0x3104,
    0x0000, 0x18A2, 0x5207, 0x7B2C, 0x8BAE, 0x8BAD, 0x7B2B, 0x5208, 0xC513, 0xFED9, 0xF678, 0xFEDA, 0x9C2F, 0x0840, 0x1082, 0x1082,
    0x1082, 0x1082, 0x1082, 0x1082, 0x18A2, 0x2104, 0x2904, 0x2904, 0x2924, 0x2104, 0x2904, 0x2924, 0x2104, 0x2925, 0x18C3, 0x8BD1,
    0xEE5D, 0xE61C, 0xD59A, 0xDDDA, 0xEE3C, 0xE61C, 0xE61C, 0xE61C, 0xE61C, 0xE63C, 0xE63B, 0xE61C, 0xEE3C, 0xE61C, 0xE61C, 0xE61C,
    0xE61C, 0xE61C, 0xEE3C, 0xE63C, 0xE63C, 0xE63C, 0xE61C, 0xE63C, 0xEE1C, 0xEE1C, 0xEE3C, 0xEE3C, 0xEE1C, 0xEE3C, 0xEE3C, 0xEE3C,
    0xFEBB, 0xFEDC, 0xFEFC, 0xFEFC, 0xFEFC, 0xFEFC, 0xFEDC, 0xFEBB, 0xFEBB, 0xFE9B, 0xFE9B, 0xFE7B, 0xFE9B, 0xFE9C, 0xFEBC, 0xFEBB,
    0xFEDB, 0xFEFC, 0xFEFC, 0xFEFC, 0xFEFC, 0xFF1C, 0xFF1C, 0xFF1C, 0xFF1C, 0xFF1C, 0xFF1C, 0xFF1C, 0xFF1C, 0xFF1C, 0xFF1C, 0xFEFC,
    0xFEFC, 0xFEFC, 0xFEFC, 0xFEFC, 0xFEFC, 0xF6BC, 0xEE5C, 0xEE1C, 0xEE1C, 0xEE1C, 0xEE1B, 0xEE1C, 0xEE1C, 0xEE1B, 0xEE1C, 0xEE1C,
    0xEE1B, 0xEE1C, 0xEE1B, 0xEE1C, 0xEE1C, 0xEE1C, 0xEE1C, 0xEE1C, 0xEE1B, 0xEE1B, 0xEE1C, 0xEE1C, 0xEE1B, 0xEE1B, 0xEE1B, 0xEE1C,
    0xEE1C, 0xEE1C, 0xEE3B, 0xEE3B, 0xEE1C, 0xEE1C, 0xEE3B, 0xEE1C, 0xEE3C, 0xEE1C, 0xEE1C, 0xEE1C, 0xEE1B, 0xEE1B, 0xEE3C, 0xEE1C,
    0xEE1B, 0xEE1B, 0xEE1B, 0xEE1B, 0xEE1C, 0xEE1C, 0xEE1B, 0xEE1C, 0xEE1C, 0xEE1C, 0xEE1C, 0xEE1B, 0xEE1C, 0xEE3C, 0xEE1C, 0xEE3C,
    0xEE1B, 0xEE1B, 0xEE1B, 0xEE5D, 0xD5B9, 0x3146, 0x41A7, 0x730D, 0x18C3, 0x2925, 0x20E3, 0x3986, 0x4A08, 0x18C2, 0x18A2, 0x1081,
    0x18A2, 0x2924, 0x20E4, 0x2104, 0x2104, 0x20C3, 0x2924, 0x2924, 0x2924, 0x18C3, 0x5A89, 0xFEB9, 0xF679, 0x49E7, 0x3985, 0xF637,
    0xFE78, 0xF658, 0xFE38, 0xF637, 0xFE17, 0xFE17, 0xF5F7, 0xF5D7, 0xFE18, 0xF5F7, 0xF5F7, 0xFE17, 0xF5D7, 0xF617, 0xF5D6, 0xFE17,
    0xF5F7, 0xF617, 0xF637, 0xF658, 0xFE58, 0xF678, 0xF678, 0xF678, 0xF698, 0xF698, 0xF699, 0xF699, 0xF699, 0xF698, 0xF698, 0xFE98,
    0xF679, 0xF678, 0xF678, 0xF678, 0xF678, 0xF678, 0xF678, 0xF698, 0xF698, 0xF698, 0xF698, 0xF698, 0xF698, 0xF658, 0xF678, 0xC4D2,
    0xAC71, 0x3965, 0x20C3, 0x0820, 0x0820, 0x18A2, 0x20C2, 0x8B8D, 0xBCF2, 0xEE58, 0xFE99, 0xEE57, 0x3985, 0x0861, 0x1082, 0x1082,
    0x1082, 0x1082, 0x1082, 0x1082, 0x18C3, 0x2924, 0x2104, 0x2924, 0x2904, 0x2104, 0x2104, 0x2104, 0x2103, 0x2925, 0x18C3, 0x9C12,
    0xEE5D, 0xE61C, 0xD599, 0xDDFA, 0xEE3B, 0xE61C, 0xEE3C, 0xEE1C, 0xEE1C, 0xEE3C, 0xEE3C, 0xEE3C, 0xEE3C, 0xEE3C, 0xEE3C, 0xEE3C,
    0xEE3C, 0xEE3C, 0xEE3C, 0xEE3C, 0xEE3C, 0xEE3C, 0xEE3C, 0xEE3C, 0xEE3C, 0xEE3C, 0xEE3C, 0xEE3C, 0xEE3C, 0xEE3C, 0xEE3C, 0xEE3C,
    0xFEDC, 0xFEDC, 0xFEDC, 0xFEBC, 0xFE9B, 0xFE9B, 0xFE9B, 0xFE5B, 0xFE5B, 0xFE5B, 0xFE5B, 0xFE5B, 0xFE5B, 0xFE5B, 0xFE7B, 0xFE5B,
    0xFE7B, 0xFEBB, 0xFEBB, 0xFEBB, 0xFEBB, 0xFEDC, 0xFEFC, 0xFEFC, 0xFF1C, 0xFF1D, 0xFF1C, 0xFF1C, 0xFF1D, 0xFF1C, 0xFEFC, 0xFEFC,
    0xFEFC, 0xFEFC, 0xFEFC, 0xFEDC, 0xFEDC, 0xFEBC, 0xF65C, 0xEE1C, 0xEE1C, 0xEE1C, 0xEE1C, 0xEE1C, 0xEE1B, 0xEE1C, 0xEE1C, 0xEE1B,
    0xEE1C, 0xEE1C, 0xEE1B, 0xEE1C, 0xEE1C, 0xEE1C, 0xEE1B, 0xEE1C, 0xEE1C, 0xEE1C, 0xEE3B, 0xEE1C, 0xEE1C, 0xEE1B, 0xEE1C, 0xEE1C,
    0xEE1B, 0xEE1C, 0xEE1C, 0xEE1C, 0xEE1C, 0xEE1C, 0xEE1C, 0xEE1C, 0xEE1C, 0xEE1B, 0xEE1B, 0xEE1B, 0xEE1C, 0xEE1C, 0xEE1B, 0xEE1C,
    0xEE1B, 0xEE1C, 0xEE1C, 0xEE1C, 0xEE1C, 0xEE1C, 0xEE1C, 0xEE1C, 0xEE1C, 0xEE1C, 0xEE1C, 0xEE1B, 0xEE1C, 0xEE1C, 0xEE1B, 0xEE3B,
    0xEE1C, 0xEE1C, 0xEE1B, 0xEE1B, 0xF65C, 0xC537, 0x3946, 0xAC73, 0x39A7, 0x20E3, 0x2104, 0x3145, 0x62AC, 0x20E4, 0x18A2, 0x1082,
    0x1082, 0x2104, 0x2103, 0x2103, 0x2924, 0x20C3, 0x2104, 0x2924, 0x2924, 0x2104, 0x3986, 0xE5F6, 0xFEFA, 0xCD54, 0x20C3, 0xAC50,
    0xFEB9, 0xF638, 0xF638, 0xF638, 0xF638, 0xFE17, 0xFE17, 0xF617, 0xFE17, 0xF5F7, 0xFDF7, 0xFE17, 0xF5D6, 0xFE17, 0xF5D6, 0xF617,
    0xF5F7, 0xF617, 0xF638, 0xF658, 0xFE58, 0xF678, 0xF679, 0xF678, 0xF698, 0xF698, 0xF698, 0xF698, 0xF698, 0xF698, 0xF679, 0xF678,
    0xF678, 0xF678, 0xF678, 0xFE78, 0xF679, 0xF678, 0xF678, 0xF679, 0xFE98, 0xF678, 0xF679, 0xF678, 0xF678, 0xFE78, 0xEE37, 0xF678,
    0xF657, 0xBCB2, 0xDD75, 0x9BEE, 0xBCD2, 0xAC50, 0xCD33, 0xD574, 0xFE79, 0xEE58, 0xFED9, 0x93EE, 0x0841, 0x10A2, 0x1082, 0x1082,
    0x1082, 0x1082, 0x1082, 0x1081, 0x20E3, 0x2924, 0x2104, 0x2104, 0x2924, 0x2924, 0x2924, 0x2104, 0x2104, 0x2924, 0x18E3, 0xA474,
    0xEE5D, 0xE61C, 0xD57A, 0xE5FB, 0xEE3B, 0xEE3C, 0xEE3C, 0xEE1B, 0xEE3B, 0xEE3C, 0xEE1C, 0xEE1C, 0xEE1B, 0xEE1C, 0xEE1C, 0xEE3C,
    0xEE3C, 0xEE3C, 0xEE3C, 0xEE1C, 0xEE3C, 0xEE1C, 0xEE3C, 0xEE3C, 0xEE3C, 0xEE3C, 0xEE3C, 0xEE3C, 0xEE3C, 0xEE3C, 0xEE3C, 0xEE3C,
    0xFEDC, 0xFEBB, 0xFE9B, 0xFE7B, 0xFE5A, 0xFE5B, 0xFE5B, 0xFE3A, 0xFE1B, 0xFE1A, 0xF61A, 0xFE3A, 0xFE1B, 0xFE1B, 0xFE3B, 0xFE3A,
    0xFE3A, 0xFE5B, 0xFE5B, 0xFE5B, 0xFE9C, 0xFEDC, 0xFEDC, 0xFEDC, 0xFEFB, 0xFEFC, 0xFF1C, 0xFF1C, 0xFF1C, 0xFEFC, 0xFEFC, 0xFEFC,
    0xFEDC, 0xFEBC, 0xFEBB, 0xFE9B, 0xFEBB, 0xF69C, 0xF65B, 0xEE1B, 0xEE1C, 0xEE1B, 0xEE1B, 0xEE1C, 0xEE1B, 0xEE1B, 0xEE1C, 0xEE1B,
    0xEE1C, 0xEE1C, 0xEE1C, 0xEE1C, 0xEE1B, 0xEE1C, 0xEE1C, 0xEE1C, 0xEE1B, 0xEE1C, 0xEE1C, 0xEE1C, 0xEE1C, 0xEE1C, 0xEE1B, 0xEE1C,
    0xEE1C, 0xEE1B, 0xEE1C, 0xEE1C, 0xEE1C, 0xEE1C, 0xEE1C, 0xEE1C, 0xEE1B, 0xEE1C, 0xEE1C, 0xEE1C, 0xEE3B, 0xEE1C, 0xEE1C, 0xEE3C,
    0xEE3C, 0xEE1C, 0xEE3B, 0xEE1C, 0xEE1C, 0xEE1B, 0xEE1C, 0xEE1C, 0xEE1B, 0xEE1C, 0xEE1C, 0xEE1B, 0xEE1B, 0xEE3C, 0xEE1C, 0xEE1C,
    0xEE1B, 0xEE1B, 0xEE1C, 0xEE1B, 0xEE1B, 0xF67D, 0xBCF6, 0xC537, 0xAC94, 0x20C3, 0x2925, 0x20E4, 0x7B4E, 0x3987, 0x10A2, 0x18A2,
    0x1081, 0x18C3, 0x2904, 0x20E3, 0x2924, 0x20E3, 0x20E3, 0x2924, 0x2904, 0x2924, 0x20E3, 0xBCF2, 0xFED9, 0xFEDA, 0xA430, 0x41C6,
    0xF637, 0xFE78, 0xF638, 0xF638, 0xF637, 0xF637, 0xF618, 0xF618, 0xF638, 0xF617, 0xFE17, 0xFE17, 0xF5D7, 0xFE17, 0xF5F7, 0xF617,
    0xFE18, 0xF617, 0xF637, 0xF658, 0xFE78, 0xF678, 0xF678, 0xF678, 0xF698, 0xF698, 0xF699, 0xF699, 0xF699, 0xF698, 0xF678, 0xFE78,
    0xFE78, 0xF678, 0xFE78, 0xFE78, 0xF678, 0xFE78, 0xF678, 0xF679, 0xF678, 0xF678, 0xF678, 0xFE78, 0xF678, 0xF658, 0xF658, 0xF638,
    0xF637, 0xEDF7, 0xFE78, 0xCD53, 0xFE98, 0xD554, 0xFE78, 0xEE16, 0xF678, 0xFE99, 0xEE37, 0x3145, 0x1061, 0x10A2, 0x1082, 0x1082,
    0x1082, 0x1082, 0x1082, 0x1082, 0x2104, 0x2924, 0x2104, 0x2904, 0x2924, 0x2924, 0x2924, 0x2104, 0x2104, 0x2925, 0x2104, 0xB4D6,
    0xEE5D, 0xE61B, 0xD579, 0xE61B, 0xEE3C, 0xEE3C, 0xEE3C, 0xEE1C, 0xEE1C, 0xEE3C, 0xEE1B, 0xEE3C, 0xEE3C, 0xEE1C, 0xEE1C, 0xEE3C,
    0xEE3C, 0xEE3C, 0xEE3C, 0xEE3C, 0xEE3C, 0xEE3C, 0xEE3C, 0xEE3C, 0xEE1C, 0xEE3C, 0xEE3C, 0xEE3C, 0xEE3C, 0xEE3C, 0xEE3C, 0xEE3C,
    0xFE9B, 0xFE7A, 0xFE5B, 0xFE7B, 0xFE5B, 0xFE3B, 0xFE3A, 0xFE1A, 0xFE1A, 0xFDFA, 0xFDFA, 0xFE1A, 0xFE1A, 0xFE1A, 0xF61B, 0xFE1A,
    0xFE3A, 0xFE5B, 0xFE3B, 0xFE3B, 0xFE5B, 0xFE9B, 0xFEBB, 0xFEDC, 0xFEDC, 0xFEFC, 0xFEFC, 0xFF1C, 0xFEFC, 0xFEFC, 0xFEFC, 0xFEDC,
    0xFEDC, 0xFEBB, 0xFE7B, 0xFE7B, 0xF67B, 0xF65B, 0xF63B, 0xEE1B, 0xEE1C, 0xEE3B, 0xEE3B, 0xEE3C, 0xEE1C, 0xEE1B, 0xEE1B, 0xEE1B,
    0xEE1C, 0xEE1C, 0xEE1C, 0xEE1C, 0xEE1B, 0xEE1B, 0xEE1C, 0xEE1C, 0xEE1B, 0xEE1B, 0xEE3C, 0xEE1C, 0xEE1C, 0xEE3B, 0xEE1B, 0xEE1C,
    0xEE1C, 0xEE1C, 0xEE1C, 0xEE1B, 0xEE1B, 0xEE1C, 0xEE1C, 0xEE3C, 0xEE3C, 0xEE3C, 0xEE1C, 0xEE3C, 0xEE3C, 0xEE3B, 0xEE3C, 0xEE3C,
    0xEE3C, 0xEE3C, 0xEE3B, 0xEE3C, 0xEE3C, 0xEE3C, 0xEE3B, 0xEE1B, 0xEE1B, 0xEE1C, 0xEE1C, 0xEE1C, 0xEE3B, 0xEE3C, 0xEE3C, 0xEE3C,
    0xEE1C, 0xEE1B, 0xEE1C, 0xEE1C, 0xEE1C, 0xEE1C, 0xF65C, 0xEE1C, 0xF65D, 0x7B2E, 0x18C3, 0x18E3, 0x6ACC, 0x732D, 0x1061, 0x18C3,
    0x20E4, 0x1081, 0x2103, 0x20E4, 0x2904, 0x2104, 0x18C3, 0x2104, 0x2924, 0x2924, 0x18C2, 0x7B2C, 0xFEDA, 0xEE78, 0xFEDA, 0xA450,
    0x938C, 0xFE78, 0xFE58, 0xF638, 0xF638, 0xF638, 0xF637, 0xFE18, 0xF638, 0xFE37, 0xFE37, 0xFE17, 0xFE17, 0xFE18, 0xFE17, 0xFE37,
    0xF618, 0xFE38, 0xF638, 0xF658, 0xFE78, 0xF678, 0xF678, 0xF679, 0xF699, 0xF698, 0xF698, 0xF699, 0xFE99, 0xFE98, 0xFE78, 0xFE78,
    0xFE78, 0xFE78, 0xF658, 0xFE58, 0xF658, 0xF678, 0xFE78, 0xF678, 0xF678, 0xF678, 0xFE78, 0xFE78, 0xF658, 0xF658, 0xFE58, 0xF638,
    0xF638, 0xFE38, 0xF637, 0xFE58, 0xF637, 0xFE78, 0xF658, 0xFE78, 0xF658, 0xFEDA, 0x9C10, 0x0840, 0x18A2, 0x1081, 0x1082, 0x1082,
    0x1082, 0x1082, 0x1081, 0x18A2, 0x2104, 0x2924, 0x2924, 0x2924, 0x2924, 0x2924, 0x2104, 0x2904, 0x3986, 0x2905, 0x2926, 0xC538,
    0xEE5C, 0xE5FA, 0xD579, 0xEE3C, 0xEE1C, 0xEE3B, 0xEE3C, 0xEE3C, 0xEE3C, 0xEE3C, 0xEE3C, 0xEE3C, 0xEE3C, 0xEE3C, 0xEE3C, 0xEE3C,
    0xEE3C, 0xEE3C, 0xEE3C, 0xEE3C, 0xEE3C, 0xEE3C, 0xEE3C, 0xEE3C, 0xEE3C, 0xEE3C, 0xEE3C, 0xEE3C, 0xEE3C, 0xEE3C, 0xEE3C, 0xEE3C,
    0xFE3B, 0xF61B, 0xFE3A, 0xFE3A, 0xFE1B, 0xFE1A, 0xFE1A, 0xFDFA, 0xFDFA, 0xFDFA, 0xFDFA, 0xFDFA, 0xFDFA, 0xFDFA, 0xFDFA, 0xFDFA,
    0xFDFA, 0xFE1A, 0xFE3B, 0xFE1A, 0xFE1B, 0xFE3B, 0xFE7B, 0xFEDC, 0xFEFC, 0xFEFC, 0xFEFC, 0xFF1C, 0xFF1C, 0xFF1C, 0xFEFC, 0xFEDC,
    0xFEDC, 0xFEDC, 0xFE9B, 0xF67B, 0xF65B, 0xF63B, 0xF65B, 0xF69C, 0xF6BC, 0xF6DC, 0xF6DC, 0xF6DC, 0xF6BC, 0xF69C, 0xF65C, 0xEE3B,
    0xEE1B, 0xEE3B, 0xEE1C, 0xEE1C, 0xEE1C, 0xEE3B, 0xEE1B, 0xEE1C, 0xEE1C, 0xEE1C, 0xEE3B, 0xEE3B, 0xEE3C, 0xEE1C, 0xEE1B, 0xEE3B,
    0xEE1B, 0xEE1C, 0xEE1C, 0xEE1C, 0xEE1C, 0xEE3B, 0xEE3B, 0xEE3C, 0xEE3C, 0xEE3C, 0xEE3B, 0xEE3C, 0xEE3C, 0xEE3C, 0xEE3C, 0xEE3C,
    0xEE3C, 0xEE3C, 0xEE3C, 0xEE3C, 0xEE3B, 0xEE3C, 0xEE3C, 0xEE1C, 0xEE1B, 0xEE1C, 0xEE1C, 0xEE1C, 0xEE3C, 0xEE3C, 0xEE3B, 0xEE3C,
    0xEE1C, 0xEE1C, 0xEE3C, 0xEE3B, 0xEE3B, 0xEE3C, 0xEE1C, 0xEE1C, 0xEE3B, 0xEE3C, 0x6ACC, 0x18A2, 0x3165, 0xB4D5, 0x3145, 0x1081,
    0x524A, 0x18A3, 0x18A2, 0x2104, 0x20E3, 0x2925, 0x18E3, 0x20E3, 0x2924, 0x2925, 0x2104, 0x41A6, 0xEE37, 0xFE98, 0xF678, 0xFEDA,
    0xD594, 0xD554, 0xF678, 0xFE58, 0xF658, 0xFE38, 0xF638, 0xFE38, 0xF638, 0xF638, 0xFE38, 0xFE37, 0xFE37, 0xFE37, 0xFE38, 0xF638,
    0xF638, 0xF658, 0xF658, 0xF658, 0xFE78, 0xF678, 0xF678, 0xF698, 0xF698, 0xF699, 0xF698, 0xF698, 0xF698, 0xF678, 0xFE79, 0xFE78,
    0xF637, 0xEE16, 0xFE79, 0xF658, 0xFE58, 0xFE78, 0xF678, 0xF678, 0xF679, 0xF678, 0xFE78, 0xFE78, 0xFE58, 0xFE58, 0xF638, 0xF637,
    0xF638, 0xF637, 0xF638, 0xF638, 0xF638, 0xF637, 0xFE38, 0xF638, 0xF658, 0xF678, 0x41C6, 0x0841, 0x1882, 0x1082, 0x1082, 0x1081,
    0x1082, 0x1082, 0x1082, 0x18C2, 0x2924, 0x2924, 0x2904, 0x2904, 0x2924, 0x2924, 0x2104, 0x3145, 0x5A4A, 0x20E3, 0x3987, 0xD599,
    0xEE3C, 0xDDDA, 0xD599, 0xEE3C, 0xEE3C, 0xEE3C, 0xEE3C, 0xEE3C, 0xEE3C, 0xEE3C, 0xEE3C, 0xEE3C, 0xEE3C, 0xEE3C, 0xEE3B, 0xEE3C,
    0xEE3C, 0xEE3C, 0xEE3C, 0xEE3C, 0xEE3C, 0xEE3C, 0xEE3C, 0xEE3C, 0xEE3C, 0xEE3C, 0xEE3C, 0xEE3C, 0xEE3C, 0xEE3C, 0xEE3C, 0xEE3C,
    0xFDFA, 0xFDFA, 0xFDFA, 0xFDDA, 0xFDDA, 0xFDFA, 0xFDFA, 0xFDFA, 0xFDDA, 0xFDDA, 0xFDDA, 0xFDDA, 0xFDDA, 0xFDDA, 0xFDDA, 0xFDFA,
    0xFDFA, 0xFDFA, 0xFDFA, 0xFDFA, 0xFDFA, 0xFE1A, 0xF65A, 0xFEBC, 0xFEFC, 0xFEFC, 0xFEFC, 0xFEFC, 0xFEFC, 0xFF1C, 0xFF1C, 0xFEFC,
    0xFF1C, 0xFF1C, 0xFEFC, 0xFEDC, 0xF69B, 0xF69C, 0xF6DC, 0xFF1D, 0xFF3D, 0xFF3D, 0xFF3D, 0xFF3D, 0xFF3D, 0xFF1D, 0xF6FC, 0xF6BC,
    0xF67C, 0xEE3C, 0xEE1C, 0xEE1C, 0xEE3C, 0xEE1B, 0xEE1C, 0xEE1C, 0xEE1B, 0xEE3B, 0xEE3C, 0xEE1C, 0xF61C, 0xEE1B, 0xEE1B, 0xEE3B,
    0xEE3B, 0xEE1B, 0xEE3B, 0xEE3B, 0xEE1B, 0xEE1C, 0xEE3C, 0xEE1B, 0xEE3C, 0xEE3C, 0xEE3C, 0xEE3C, 0xEE3B, 0xEE1B, 0xEE3C, 0xF61C,
    0xEE3C, 0xF63C, 0xEE3C, 0xEE3C, 0xF63C, 0xF63C, 0xEE3C, 0xEE1B, 0xEE1B, 0xEE1C, 0xEE1C, 0xEE1B, 0xEE1B, 0xEE3C, 0xEE1B, 0xEE3C,
    0xEE3B, 0xEE1B, 0xEE3B, 0xF63C, 0xEE3C, 0xEE3B, 0xF61C, 0xF63C, 0xEE1C, 0xF63C, 0xEE3C, 0x836F, 0x18A2, 0x834F, 0xA453, 0x0000,
    0x6ACB, 0x6AAC, 0x0000, 0x20E3, 0x2924, 0x2904, 0x2103, 0x20E3, 0x20E4, 0x2924, 0x2924, 0x20C3, 0xA450, 0xFEDA, 0xF678, 0xF678,
    0xFEB9, 0xF678, 0xF658, 0xFE58, 0xF658, 0xF658, 0xF658, 0xF638, 0xF638, 0xF637, 0xF638, 0xFE38, 0xFE38, 0xFE38, 0xF638, 0xF638,
    0xF658, 0xF658, 0xF658, 0xF658, 0xF678, 0xF678, 0xF678, 0xF698, 0xF698, 0xF698, 0xF698, 0xF698, 0xF699, 0xF698, 0xF678, 0xFE79,
    0xF638, 0xEE17, 0xFE78, 0xFE78, 0xF637, 0xD594, 0xF699, 0xF678, 0xF678, 0xF678, 0xFE78, 0xF658, 0xF658, 0xFE38, 0xF637, 0xFE17,
    0xF617, 0xF617, 0xF617, 0xF617, 0xF618, 0xF617, 0xF637, 0xF637, 0xFE99, 0xC4F3, 0x1081, 0x1082, 0x1082, 0x1082, 0x1082, 0x1082,
    0x1082, 0x1082, 0x1082, 0x20E3, 0x2924, 0x2904, 0x2924, 0x2924, 0x2904, 0x2925, 0x18E3, 0x41C8, 0x62AC, 0x18C3, 0x49E9, 0xE5FB,
    0xEE3C, 0xDDB9, 0xDDBA, 0xEE3C, 0xEE3C, 0xEE3C, 0xEE3C, 0xEE3C, 0xEE3C, 0xEE3C, 0xEE3B, 0xEE3C, 0xEE3C, 0xEE3C, 0xEE3B, 0xEE3C,
    0xEE3C, 0xEE3C, 0xEE3C, 0xEE3C, 0xEE3C, 0xEE3C, 0xEE3C, 0xEE3C, 0xEE3C, 0xEE3C, 0xEE3C, 0xEE3C, 0xEE3C, 0xEE3C, 0xEE3C, 0xEE3C,
    0xFDDA, 0xF5DA, 0xF5BA, 0xFDBA, 0xFDD9, 0xFDDA, 0xFDFA, 0xFDFA, 0xFDDA, 0xFDDA, 0xFDDA, 0xFDDA, 0xFDDA, 0xF5BA, 0xFDBA, 0xFDDA,
    0xFDDA, 0xFDFA, 0xFDDA, 0xFDDA, 0xFDFA, 0xFE3B, 0xFE9B, 0xFEDC, 0xFEBB, 0xFE9B, 0xFE9B, 0xFEDB, 0xFEDC, 0xFEFC, 0xFEFC, 0xFEFC,
    0xFF1C, 0xFF1D, 0xFF1C, 0xFF1D, 0xFF1C, 0xFEFC, 0xFF1D, 0xFF3D, 0xFF3D, 0xFF3D, 0xFF3D, 0xFF3D, 0xFF3C, 0xFF1D, 0xFF1D, 0xFF1C,
    0xFEFC, 0xF6BC, 0xF65B, 0xEE3C, 0xEE3C, 0xEE1C, 0xEE1C, 0xEE3C, 0xEE1C, 0xEE3C, 0xEE3C, 0xEE1C, 0xEE1B, 0xEE1B, 0xEE1B, 0xEE3C,
    0xF63C, 0xEE3B, 0xF63C, 0xF63B, 0xEE1B, 0xF61C, 0xEE1B, 0xEE1B, 0xF63B, 0xF63C, 0xF63C, 0xF63C, 0xF61C, 0xF63C, 0xF63C, 0xEE1C,
    0xF61C, 0xF63C, 0xF63C, 0xF63C, 0xF63C, 0xF63B, 0xF63C, 0xEE3B, 0xEE1B, 0xEE1C, 0xF61C, 0xEE1B, 0xF63B, 0xF63C, 0xEE1C, 0xF61B,
    0xF63C, 0xEE3C, 0xF63C, 0xF63C, 0xEE3C, 0xF61C, 0xF61C, 0xEE3B, 0xF63C, 0xEE1B, 0xEE3C, 0xFE7D, 0xB4D5, 0x72CD, 0xE5DA, 0x7B4F,
    0x3125, 0xCD57, 0x3967, 0x0020, 0x41A7, 0x5229, 0x20C3, 0x20E3, 0x3985, 0x28E4, 0x2904, 0x2104, 0x49E7, 0xEE58, 0xF698, 0xF698,
    0xF678, 0xF678, 0xFE78, 0xFE58, 0xF678, 0xF658, 0xF658, 0xF658, 0xFE58, 0xFE58, 0xFE58, 0xFE38, 0xFE38, 0xFE58, 0xFE58, 0xFE58,
    0xF658, 0xF658, 0xF678, 0xF679, 0xF678, 0xF678, 0xF679, 0xF698, 0xF698, 0xF698, 0xF699, 0xF698, 0xF698, 0xF698, 0xF698, 0xF698,
    0xFE79, 0xFE98, 0xF678, 0xF678, 0xF657, 0xEE17, 0xF698, 0xF679, 0xF678, 0xF678, 0xF678, 0xFE58, 0xFE58, 0xF637, 0xF617, 0xF617,
    0xF5F7, 0xF617, 0xF5F7, 0xF5F7, 0xF5F7, 0xF617, 0xF637, 0xF617, 0xFE99, 0x7B2B, 0x0840, 0x18A2, 0x1082, 0x1081, 0x1082, 0x1082,
    0x1082, 0x1081, 0x1082, 0x2104, 0x2904, 0x2924, 0x2924, 0x2104, 0x2904, 0x2925, 0x18C2, 0x628B, 0x628C, 0x10A2, 0x62AB, 0xEE3C,
    0xEE1C, 0xD599, 0xE5FB, 0xEE3C, 0xEE3C, 0xEE3B, 0xEE3C, 0xEE3C, 0xEE3B, 0xEE3C, 0xEE3C, 0xEE3C, 0xEE3C, 0xEE3C, 0xEE3B, 0xEE3C,
    0xEE3C, 0xEE3C, 0xEE3C, 0xEE3B, 0xEE3C, 0xEE3C, 0xEE3C, 0xEE3C, 0xEE3C, 0xEE3C, 0xEE3C, 0xEE3C, 0xEE3C, 0xF63C, 0xF63C, 0xEE3C,
    0xFDDA, 0xF5B9, 0xFD9A, 0xFD9A, 0xF599, 0xFD9A, 0xFDBA, 0xFDDA, 0xFDDA, 0xFDBA, 0xFDBA, 0xFDBA, 0xFDB9, 0xFDBA, 0xFDBA, 0xFDBA,
    0xFDB9, 0xFDB9, 0xFDB9, 0xF5BA, 0xFDFA, 0xFE5B, 0xFE9C, 0xFE7C, 0xFE3B, 0xFE1A, 0xFE3B, 0xFE7B, 0xFE7B, 0xFE9B, 0xFEBC, 0xFEDC,
    0xFEDC, 0xFEFC, 0xFF1C, 0xFEFC, 0xFF1C, 0xFF3C, 0xFF3D, 0xFF3D, 0xFF3D, 0xFF1D, 0xFF1D, 0xFF1D, 0xFF1C, 0xFF1C, 0xFF1D, 0xFF1D,
    0xFF1D, 0xFF1C, 0xF6BC, 0xF63C, 0xEE3B, 0xF63B, 0xF61C, 0xF63B, 0xEE3B, 0xEE3B, 0xF63B, 0xF63C, 0xF61B, 0xF61B, 0xEE1B, 0xF61C,
    0xF63C, 0xF63B, 0xF61C, 0xF61C, 0xEE1B, 0xF61C, 0xEE1B, 0xEE1C, 0xF63B, 0xF63B, 0xF63C, 0xF63B, 0xF61C, 0xF63B, 0xF63B, 0xF61C,
    0xF61C, 0xF63C, 0xF63C, 0xF63C, 0xF63C, 0xF63B, 0xF63C, 0xF61C, 0xF63B, 0xF63C, 0xF61B, 0xF61C, 0xF63C, 0xF63B, 0xF61B, 0xF63B,
    0xF63C, 0xF63B, 0xF63B, 0xEE1B, 0xEE1B, 0xF61C, 0xEE1B, 0xEE1C, 0xF61C, 0xEE1B, 0xEE1B, 0xEE1C, 0xF65D, 0xF65C, 0xEE1B, 0xF65C,
    0x9BF2, 0xD578, 0xDD99, 0x3146, 0x0860, 0x93B0, 0x4187, 0x1082, 0x5A48, 0xA42F, 0x3104, 0x20E4, 0x20E3, 0x93CE, 0xFEFA, 0xF679,
    0xF678, 0xF678, 0xF678, 0xFE78, 0xFE79, 0xF678, 0xF658, 0xF658, 0xF658, 0xF658, 0xF658, 0xF658, 0xF658, 0xF658, 0xF658, 0xFE58,
    0xF659, 0xF678, 0xF678, 0xF679, 0xF679, 0xF698, 0xF699, 0xF698, 0xF699, 0xF698, 0xF698, 0xF698, 0xF698, 0xF698, 0xF698, 0xF698,
    0xF698, 0xFE78, 0xF698, 0xF698, 0xF679, 0xFE99, 0xF678, 0xF679, 0xF679, 0xF678, 0xFE78, 0xF658, 0xFE58, 0xF617, 0xFE17, 0xF5F7,
    0xFDF7, 0xF5F7, 0xF5F6, 0xF5F6, 0xFDF7, 0xF5F7, 0xF637, 0xFE38, 0xEDF7, 0x3965, 0x0861, 0x1082, 0x1082, 0x1082, 0x1082, 0x1082,
    0x1082, 0x1082, 0x18A2, 0x2924, 0x2924, 0x2924, 0x2924, 0x2103, 0x2124, 0x2924, 0x18C2, 0x8B8F, 0x5A4A, 0x1082, 0x834F, 0xF67D,
    0xE5FB, 0xD599, 0xEE1B, 0xEE3C, 0xEE3C, 0xEE3C, 0xEE3B, 0xEE3B, 0xEE3C, 0xEE3C, 0xEE3C, 0xEE3B, 0xEE3B, 0xEE3C, 0xEE3C, 0xEE3C,
    0xEE3C, 0xEE3C, 0xEE3C, 0xEE3B, 0xEE3C, 0xEE3B, 0xEE3C, 0xEE3C, 0xEE3C, 0xEE3C, 0xF63C, 0xF63C, 0xF63C, 0xF63C, 0xF63C, 0xF63C,
    0xFDBA, 0xF599, 0xFD99, 0xFD99, 0xFD99, 0xFD99, 0xFDB9, 0xFDB9, 0xFD9A, 0xFD99, 0xFD99, 0xFD99, 0xFD9A, 0xFD99, 0xFDB9, 0xFD9A,
    0xFD9A, 0xFD99, 0xFDBA, 0xF5BA, 0xFE1A, 0xFE7B, 0xFE5B, 0xFDFA, 0xFDFA, 0xFE1A, 0xFE3A, 0xF63B, 0xFE5B, 0xFE9B, 0xFEDB, 0xFEDC,
    0xFEDC, 0xFEBC, 0xFE9B, 0xF67B, 0xFEDC, 0xFF1C, 0xFF1D, 0xFF1C, 0xFF1D, 0xFEFC, 0xFEFC, 0xFEDC, 0xFEFC, 0xFEFC, 0xFEFC, 0xFF1C,
    0xFF1D, 0xFF1D, 0xFEFC, 0xF65B, 0xF61B, 0xF61B, 0xEE1B, 0xF63B, 0xF61C, 0xF61B, 0xF63C, 0xF63B, 0xF61C, 0xF61B, 0xF61B, 0xF63B,
    0xF63B, 0xF61B, 0xF63B, 0xF61B, 0xF61C, 0xF61C, 0xF61B, 0xF61B, 0xF61C, 0xF61B, 0xF61B, 0xF63B, 0xF61C, 0xF61C, 0xF61C, 0xF61B,
    0xF63C, 0xF63C, 0xF63B, 0xF63B, 0xF63B, 0xF63B, 0xF63C, 0xF63C, 0xF63C, 0xF61C, 0xF63B, 0xF63B, 0xF63C, 0xF63C, 0xF61B, 0xF63B,
    0xF63C, 0xF61C, 0xF63C, 0xF61C, 0xF61B, 0xF61C, 0xEE1B, 0xEE1B, 0xF63B, 0xEE3B, 0xEE1B, 0xF63B, 0xEE1B, 0xEE3B, 0xF63C, 0xF61B,
    0xF65D, 0xEDFB, 0xF65C, 0xDDB9, 0x3966, 0x6AAB, 0xBCB5, 0x20C3, 0x18A2, 0xCD53, 0xDDB5, 0x6269, 0x2904, 0x20C3, 0xBCD2, 0xFED9,
    0xF678, 0xF678, 0xF679, 0xF678, 0xF678, 0xFE78, 0xF678, 0xF678, 0xFE78, 0xF659, 0xF658, 0xF678, 0xF658, 0xF678, 0xFE78, 0xF678,
    0xF678, 0xF678, 0xF678, 0xFE78, 0xF678, 0xF698, 0xF699, 0xF698, 0xF698, 0xF699, 0xF699, 0xF698, 0xF698, 0xF699, 0xF699, 0xF699,
    0xF698, 0xF699, 0xF699, 0xF698, 0xF698, 0xF698, 0xF698, 0xF678, 0xF678, 0xF678, 0xFE58, 0xF658, 0xFE58, 0xF617, 0xFE17, 0xF5F7,
    0xFDF7, 0xF5D7, 0xF5F7, 0xF5F7, 0xFDF7, 0xF5F7, 0xF617, 0xFE78, 0xBCB2, 0x1061, 0x1082, 0x1082, 0x1082, 0x1082, 0x1082, 0x1082,
    0x1081, 0x1082, 0x20C3, 0x2924, 0x2924, 0x2904, 0x2104, 0x20E4, 0x2924, 0x2104, 0x2925, 0xAC53, 0x41A7, 0x18A3, 0xA433, 0xF67D,
    0xDDDA, 0xDDB9, 0xF63C, 0xEE3C, 0xF63B, 0xEE3B, 0xEE3C, 0xEE3B, 0xEE3B, 0xEE3C, 0xF63C, 0xEE3B, 0xEE3C, 0xEE3B, 0xEE3C, 0xF63C,
    0xEE3C, 0xF63C, 0xEE3C, 0xEE3B, 0xEE3C, 0xEE3C, 0xEE3C, 0xF63C, 0xF63C, 0xF63C, 0xF63C, 0xF63C, 0xF63C, 0xF63C, 0xF63C, 0xF63C,
    0xFD99, 0xF579, 0xFD79, 0xFD99, 0xFD99, 0xFD9A, 0xFD99, 0xFD99, 0xFD99, 0xFD99, 0xFD99, 0xFD99, 0xFD99, 0xFD99, 0xFDB9, 0xFD9A,
    0xFD99, 0xFDBA, 0xFDB9, 0xFDDA, 0xFDFA, 0xFE1A, 0xFDFA, 0xFDDA, 0xFE1A, 0xFE3B, 0xFE7B, 0xFE9B, 0xFEBC, 0xFEFC, 0xFF1C, 0xFF1C,
    0xFEDC, 0xF65B, 0xF63A, 0xFE7B, 0xFEFC, 0xFF1C, 0xFF1C, 0xFEFC, 0xFEDC, 0xFEDC, 0xFEBB, 0xFEBC, 0xFEDB, 0xFEDC, 0xFEDC, 0xFEFC,
    0xFF1C, 0xFF1D, 0xFEFC, 0xF69C, 0xF63B, 0xEE1B, 0xF61B, 0xF61B, 0xF61C, 0xF63B, 0xF63B, 0xF63B, 0xF61B, 0xF61B, 0xF63B, 0xF63B,
    0xF63B, 0xF63B, 0xF63C, 0xF61B, 0xF61C, 0xF61C, 0xF61B, 0xF61B, 0xF61C, 0xF61C, 0xF61B, 0xF63B, 0xF61C, 0xF63B, 0xF61C, 0xF61B,
    0xF61C, 0xF63C, 0xF63C, 0xF63C, 0xF63C, 0xF63B, 0xF63C, 0xF63C, 0xF61C, 0xF63C, 0xF63C, 0xF63B, 0xF63B, 0xF63C, 0xF63B, 0xF63B,
    0xF63C, 0xF63C, 0xF63C, 0xF63B, 0xF61B, 0xF61C, 0xF61B, 0xEE1B, 0xF63B, 0xF63B, 0xF61C, 0xF63C, 0xF63B, 0xF63B, 0xF63C, 0xF61B,
    0xEE1B, 0xF63C, 0xEDFB, 0xF65C, 0xE5FA, 0x832F, 0xEE1B, 0xAC53, 0x1062, 0x3985, 0xFEB9, 0xFEB9, 0xCD75, 0x9C0E, 0x7B4B, 0xE5F7,
    0xFE99, 0xF678, 0xF698, 0xF678, 0xF678, 0xFE78, 0xFE78, 0xF678, 0xFE78, 0xF679, 0xF678, 0xFE78, 0xF678, 0xF678, 0xF678, 0xF678,
    0xF678, 0xF678, 0xF678, 0xF679, 0xF698, 0xF699, 0xF698, 0xF699, 0xF698, 0xF698, 0xF698, 0xF698, 0xF698, 0xF699, 0xF699, 0xF699,
    0xF698, 0xF699, 0xF699, 0xF698, 0xF698, 0xF698, 0xF698, 0xF699, 0xF698, 0xFE78, 0xFE78, 0xFE58, 0xFE58, 0xFE17, 0xFE18, 0xF5F7,
    0xFE17, 0xF5D7, 0xF5F7, 0xF5F7, 0xFDF7, 0xF5F7, 0xF617, 0xFE79, 0x7B0B, 0x0840, 0x18A2, 0x1082, 0x1082, 0x1082, 0x1082, 0x1082,
    0x1082, 0x1082, 0x2104, 0x2924, 0x2924, 0x2924, 0x2104, 0x2104, 0x2924, 0x18E3, 0x5209, 0xBCB5, 0x2104, 0x2925, 0xCD38, 0xF65D,
    0xDD99, 0xEDFB, 0xF63C, 0xEE3C, 0xEE3B, 0xEE3B, 0xEE3C, 0xEE3B, 0xEE3B, 0xF63C, 0xF63C, 0xF63C, 0xF63B, 0xF63B, 0xF63C, 0xF63C,
    0xF63C, 0xF63C, 0xF63C, 0xF63C, 0xF63C, 0xF63C, 0xEE3C, 0xF63C, 0xF63C, 0xF63C, 0xF63C, 0xF63C, 0xF63C, 0xF63C, 0xF63C, 0xF63C,
    0xFD9A, 0xF579, 0xFD7A, 0xFD9A, 0xFD99, 0xFD99, 0xFD99, 0xFD99, 0xFD99, 0xFD99, 0xFD99, 0xFD9A, 0xFD99, 0xFD99, 0xFD99, 0xFD99,
    0xFD99, 0xFD9A, 0xFDBA, 0xFDBA, 0xFDB9, 0xFDD9, 0xF5DA, 0xFE1B, 0xFE9B, 0xFEDC, 0xFEFC, 0xFEFC, 0xFF1C, 0xFF1C, 0xFF1D, 0xFF1D,
    0xFEFC, 0xFE9B, 0xFE7B, 0xFEDC, 0xFF1C, 0xFEFC, 0xFEDC, 0xFEBB, 0xFEBC, 0xFEDC, 0xFEDC, 0xFEBC, 0xFEDC, 0xFEDC, 0xFEDC, 0xFEDC,
    0xFEFC, 0xFF1C, 0xFF1C, 0xFEFD, 0xF6BC, 0xF65B, 0xF61B, 0xF61B, 0xF61B, 0xF61B, 0xF61C, 0xF63B, 0xF63B, 0xF63B, 0xF61B, 0xF61C,
    0xF61C, 0xF61B, 0xF63B, 0xF61B, 0xF63B, 0xF63B, 0xF61B, 0xF61C, 0xF61C, 0xF63B, 0xF61C, 0xF63B, 0xF63B, 0xF63C, 0xF61C, 0xF61B,
    0xF61C, 0xF63C, 0xF63C, 0xF63C, 0xF61C, 0xF63C, 0xF63C, 0xF63C, 0xF61C, 0xF63B, 0xF63C, 0xF63C, 0xF63C, 0xF63B, 0xF63C, 0xF63B,
    0xF63B, 0xF63B, 0xF61C, 0xF61B, 0xF61B, 0xF63C, 0xF61B, 0xF61C, 0xF63C, 0xF61B, 0xF61C, 0xF63C, 0xF63B, 0xF63B, 0xF63C, 0xF61B,
    0xF63C, 0xF63B, 0xF61B, 0xEE1B, 0xF63B, 0xEE1B, 0xE5DB, 0xFE5D, 0xBCD5, 0x51E8, 0x8BAD, 0xFEDA, 0xFEBA, 0xFEFA, 0xFEB9, 0xF678,
    0xF699, 0xF698, 0xF698, 0xF698, 0xF679, 0xF678, 0xF678, 0xF679, 0xF678, 0xF698, 0xF698, 0xF679, 0xF678, 0xF678, 0xF698, 0xF678,
    0xF679, 0xF699, 0xF698, 0xF698, 0xF698, 0xF698, 0xF698, 0xF699, 0xF699, 0xF699, 0xF698, 0xF699, 0xF698, 0xF698, 0xF698, 0xF699,
    0xF698, 0xF699, 0xF699, 0xF698, 0xF699, 0xF699, 0xF698, 0xF698, 0xF698, 0xFE78, 0xFE78, 0xFE58, 0xFE58, 0xFE18, 0xFE18, 0xFDF7,
    0xFE17, 0xF5F6, 0xFDF7, 0xF5F7, 0xF5F7, 0xF5F7, 0xFE37, 0xF5F7, 0x3965, 0x0861, 0x1082, 0x1082, 0x1082, 0x1082, 0x1081, 0x1082,
    0x1082, 0x18A3, 0x2924, 0x2924, 0x2924, 0x2924, 0x2104, 0x2104, 0x2925, 0x18A2, 0x8B90, 0xA433, 0x1082, 0x49E8, 0xE5FB, 0xEE1B,
    0xDD99, 0xF63C, 0xF63B, 0xF63C, 0xEE3C, 0xEE3C, 0xF63C, 0xF63B, 0xF63C, 0xF63B, 0xF63C, 0xF63C, 0xF63C, 0xF63C, 0xF63C, 0xF63C,
    0xF63C, 0xF63C, 0xF63C, 0xF63C, 0xF63C, 0xF63C, 0xF63C, 0xF63C, 0xF63C, 0xF63C, 0xF63C, 0xF63C, 0xF63C, 0xF63C, 0xF63C, 0xF63C,
    0xFD9A, 0xFD79, 0xFD79, 0xFD99, 0xFD79, 0xFD79, 0xFD79, 0xFD79, 0xFD79, 0xFD99, 0xFD99, 0xFD99, 0xFD99, 0xFD99, 0xFD99, 0xFD99,
    0xF599, 0xFDFA, 0xFE3B, 0xF61A, 0xF61A, 0xFE3A, 0xFE7B, 0xFEBC, 0xFEFC, 0xFEFC, 0xFEDC, 0xFEBC, 0xFEBC, 0xFEFC, 0xFF1C, 0xFF1D,
    0xFF1D, 0xFF1C, 0xFEFC, 0xFEFC, 0xFEFC, 0xFEDC, 0xFEBC, 0xFEBC, 0xFEBC, 0xFEBB, 0xFEBB, 0xFEBB, 0xFEBB, 0xFE9B, 0xFE9B, 0xFEBC,
    0xFEDC, 0xFEFC, 0xFF1C, 0xFF1C, 0xFEFC, 0xF6DC, 0xF69C, 0xF67C, 0xF65C, 0xF63B, 0xF63B, 0xF63B, 0xF67C, 0xF69C, 0xF67C, 0xF67C,
    0xF67C, 0xF67C, 0xF67C, 0xF65C, 0xF65C, 0xF63B, 0xF63B, 0xF63B, 0xF63C, 0xF63B, 0xF61B, 0xF61C, 0xF63C, 0xF61C, 0xF63B, 0xF61C,
    0xF63C, 0xF63C, 0xF63B, 0xF63B, 0xF63B, 0xF63B, 0xF63B, 0xF63C, 0xF61C, 0xF61C, 0xF63B, 0xF63B, 0xF61C, 0xF63B, 0xF61B, 0xF63C,
    0xF63C, 0xF61C, 0xF63B, 0xF61B, 0xF61B, 0xF61C, 0xF61B, 0xF61B, 0xF63B, 0xF61B, 0xF61B, 0xF61B, 0xF61C, 0xF61B, 0xF61B, 0xF63B,
    0xF63C, 0xF63B, 0xEE1B, 0xF61B, 0xEE1B, 0xF61B, 0xF63C, 0xEE1B, 0xFE9D, 0xDDB9, 0x72AA, 0xDDB5, 0xFEB9, 0xF678, 0xF698, 0xFE99,
    0xF699, 0xF699, 0xF698, 0xF698, 0xF698, 0xF699, 0xF698, 0xF698, 0xF699, 0xF698, 0xF698, 0xF698, 0xF678, 0xFE99, 0xF698, 0xF698,
    0xF699, 0xF698, 0xF698, 0xF698, 0xF699, 0xF699, 0xF699, 0xF698, 0xF698, 0xF699, 0xFE98, 0xF698, 0xF699, 0xF699, 0xF699, 0xF698,
    0xF699, 0xF699, 0xF699, 0xF698, 0xF699, 0xF698, 0xF698, 0xF698, 0xF679, 0xF679, 0xF678, 0xFE58, 0xFE58, 0xFE38, 0xFE37, 0xFE37,
    0xFE18, 0xFDF7, 0xFE17, 0xF5F7, 0xF617, 0xF5F7, 0xFE78, 0xBCB2, 0x1061, 0x1082, 0x1082, 0x1082, 0x1082, 0x1082, 0x1082, 0x1082,
    0x1081, 0x20E3, 0x2924, 0x2924, 0x2904, 0x2924, 0x20E4, 0x2104, 0x2924, 0x20E4, 0xC516, 0x7B0D, 0x0861, 0x7B0E, 0xFE7D, 0xDD99,
    0xE5FA, 0xF63C, 0xEE3C, 0xF63C, 0xF63B, 0xF63B, 0xF63C, 0xF63B, 0xF61C, 0xF63C, 0xF63C, 0xF63C, 0xF63B, 0xF63C, 0xF63B, 0xF63C,
    0xF63C, 0xF63C, 0xF63B, 0xF63C, 0xF63C, 0xF63C, 0xF63C, 0xF63C, 0xF63C, 0xF63C, 0xF63C, 0xF63C, 0xF63C, 0xF63C, 0xF63C, 0xF61B,
    0xFD99, 0xFD79, 0xFD79, 0xFD79, 0xFD79, 0xFD79, 0xFD79, 0xFD79, 0xFD79, 0xFD79, 0xFD79, 0xFD99, 0xFD99, 0xFD99, 0xFD99, 0xFD99,
    0xFDDA, 0xFE5B, 0xFE9C, 0xFEBB, 0xFEBC, 0xFEBC, 0xFEBC, 0xFEBC, 0xFEBB, 0xFE7B, 0xFE5B, 0xFE3B, 0xFE7B, 0xFEBB, 0xFEBB, 0xFEDC,
    0xFEFC, 0xFF1C, 0xFF1C, 0xFEFC, 0xFEFC, 0xFEBB, 0xFE7B, 0xFE7B, 0xFE7B, 0xFE5B, 0xFE5B, 0xFE7B, 0xFE5A, 0xFE3B, 0xFE7B, 0xFE9C,
    0xFE9C, 0xFE9B, 0xFE9B, 0xFEBC, 0xFEFC, 0xFF1C, 0xFF1C, 0xFF1D, 0xFEFC, 0xF6DC, 0xF6BC, 0xF69C, 0xF6BC, 0xF6DC, 0xF6DC, 0xF6DC,
    0xF6DC, 0xF6DC, 0xF6BC, 0xF6BC, 0xF69C, 0xF67C, 0xF65B, 0xF65C, 0xF63C, 0xF63B, 0xF63B, 0xF63B, 0xF63C, 0xF63B, 0xF63B, 0xF61C,
    0xF63B, 0xF63B, 0xF63B, 0xF63C, 0xF63B, 0xF63B, 0xF63C, 0xF63B, 0xF63C, 0xF63C, 0xF63C, 0xF61B, 0xF63C, 0xF63C, 0xF61B, 0xF63C,
    0xF61B, 0xF61B, 0xF61B, 0xF61B, 0xF61B, 0xF61B, 0xF61B, 0xF61B, 0xF63C, 0xF63B, 0xF63C, 0xF63B, 0xF61C, 0xF63B, 0xF61B, 0xF61B,
    0xF61B, 0xF63C, 0xFE5C, 0xFE5D, 0xFE5C, 0xFE5C, 0xF65C, 0xEE1B, 0xF65C, 0xA411, 0xD5B5, 0xBCD2, 0xEE37, 0xFEB9, 0xF698, 0xF699,
    0xFE99, 0xF699, 0xF699, 0xF698, 0xF699, 0xF699, 0xF698, 0xF699, 0xF698, 0xF698, 0xF698, 0xF699, 0xF699, 0xF698, 0xF698, 0xF699,
    0xF699, 0xF698, 0xF698, 0xF698, 0xF699, 0xF699, 0xF699, 0xF698, 0xF698, 0xF699, 0xFE99, 0xF699, 0xF699, 0xF698, 0xF698, 0xF698,
    0xF699, 0xF698, 0xF698, 0xF698, 0xF699, 0xF699, 0xF698, 0xF699, 0xF678, 0xF679, 0xF678, 0xF678, 0xF658, 0xFE58, 0xF638, 0xF637,
    0xF637, 0xF617, 0xFE17, 0xF617, 0xF618, 0xF617, 0xFE78, 0x72EA, 0x0820, 0x18A2, 0x1082, 0x1082, 0x1082, 0x1082, 0x1082, 0x1082,
    0x18A2, 0x2104, 0x2924, 0x2924, 0x2924, 0x2104, 0x20E3, 0x2924, 0x20E3, 0x5209, 0xDDD9, 0x41A7, 0x18C3, 0xB4B5, 0xF63C, 0xD579,
    0xF63C, 0xF63C, 0xF63C, 0xF63C, 0xF63B, 0xF63C, 0xF63C, 0xF63C, 0xF63C, 0xF63C, 0xF63B, 0xF63B, 0xF63C, 0xF63C, 0xF63B, 0xF63C,
    0xF63C, 0xF63C, 0xF63C, 0xF63C, 0xF63B, 0xF63C, 0xF63C, 0xF63C, 0xF63C, 0xF63B, 0xF63C, 0xF63C, 0xF63C, 0xF63C, 0xF63B, 0xF63C,
    0xFD99, 0xFD79, 0xFD79, 0xFD79, 0xFD79, 0xFD79, 0xFD79, 0xFD79, 0xFD79, 0xFD79, 0xFD79, 0xFD79, 0xFD99, 0xFD99, 0xFD99, 0xFDBA,
    0xFDDA, 0xFE1A, 0xFE5B, 0xFE9B, 0xFEBB, 0xFE7B, 0xFE3A, 0xFE3B, 0xFDFA, 0xFDFA, 0xFDDA, 0xFDFA, 0xFE3B, 0xFE9C, 0xFE9B, 0xFE9B,
    0xFEBB, 0xFEBC, 0xFEFC, 0xFEFC, 0xFEDC, 0xFE9B, 0xFE3A, 0xFE1A, 0xFE3A, 0xFE1A, 0xFE1A, 0xFE1A, 0xFDDA, 0xFDFA, 0xFE1A, 0xFE1B,
    0xFE1A, 0xFE1B, 0xFE3B, 0xFE5B, 0xFE9B, 0xFEDC, 0xFEFC, 0xFEFC, 0xFEFC, 0xFEFC, 0xF6FC, 0xF6DC, 0xF6DC, 0xF6DC, 0xF6BC, 0xF6BC,
    0xF69C, 0xF69C, 0xF67B, 0xF67B, 0xF67C, 0xF67C, 0xF67C, 0xF65B, 0xF65C, 0xF63C, 0xF63B, 0xF63B, 0xF63C, 0xF63B, 0xF63B, 0xF61C,
    0xF63B, 0xF63B, 0xF63C, 0xF63B, 0xF63C, 0xF61C, 0xF63B, 0xF63B, 0xF63C, 0xF61C, 0xF61C, 0xF61B, 0xF61B, 0xF61C, 0xF63C, 0xF65C,
    0xFE5C, 0xFE5C, 0xFE5C, 0xFE5C, 0xFE5C, 0xFE5C, 0xFE5C, 0xFE3C, 0xF63C, 0xF61B, 0xF61B, 0xF61B, 0xF61B, 0xF61B, 0xEE1B, 0xF63C,
    0xFE5C, 0xEDFB, 0xD537, 0xBCB5, 0xBC95, 0xC4D6, 0xDD99, 0xFE5C, 0xEDDA, 0xA410, 0xFEFA, 0xE616, 0xAC50, 0xFEB9, 0xF698, 0xF698,
    0xF699, 0xF699, 0xF699, 0xF698, 0xF699, 0xF698, 0xF699, 0xF698, 0xF698, 0xF699, 0xF698, 0xF698, 0xF698, 0xF698, 0xFE99, 0xF699,
    0xF699, 0xF699, 0xF698, 0xF698, 0xF698, 0xF698, 0xF699, 0xF699, 0xF698, 0xF698, 0xF699, 0xF698, 0xF698, 0xF699, 0xF698, 0xFE98,
    0xF698, 0xF698, 0xF699, 0xF699, 0xF698, 0xF699, 0xF698, 0xF698, 0xF698, 0xF678, 0xF678, 0xF678, 0xF658, 0xF658, 0xF658, 0xF637,
    0xF637, 0xF638, 0xF637, 0xF637, 0xF637, 0xFE38, 0xE5B6, 0x3104, 0x1061, 0x1082, 0x1082, 0x1082, 0x1081, 0x1082, 0x1082, 0x1082,
    0x18C3, 0x2924, 0x2104, 0x2104, 0x2924, 0x20E4, 0x2104, 0x2944, 0x18C3, 0xA412, 0xC4F6, 0x18A3, 0x41C8, 0xE61B, 0xDD99, 0xEDFB,
    0xF63C, 0xF63B, 0xF63B, 0xF63C, 0xF63C, 0xF63B, 0xF63B, 0xF63B, 0xF63B, 0xF63C, 0xF63B, 0xF63B, 0xF63B, 0xF63C, 0xF63C, 0xF63C,
    0xF63C, 0xF63C, 0xF63C, 0xF63C, 0xF63B, 0xF63C, 0xF63B, 0xF63B, 0xF63B, 0xF63B, 0xF63C, 0xF63C, 0xF63C, 0xF63C, 0xF63B, 0xF63C,
    0xFD99, 0xFD79, 0xFD79, 0xFD79, 0xFD79, 0xFD79, 0xFD79, 0xFD79, 0xFD79, 0xFD79, 0xFD79, 0xFD79, 0xFD99, 0xFD9A, 0xFDBA, 0xFDDA,
    0xFDBA, 0xFDDA, 0xFE3A, 0xFE7B, 0xFE5B, 0xFE1A, 0xFDDA, 0xFDDA, 0xFDDA, 0xFDDA, 0xFDDA, 0xFDDA, 0xFDFA, 0xFE3B, 0xFE9C, 0xFE9B,
    0xFE9B, 0xFE9C, 0xFEBB, 0xFEBB, 0xFE9B, 0xFE9B, 0xFE7B, 0xFE7B, 0xFE5B, 0xFDFA, 0xFDDA, 0xF5DA, 0xFDDA, 0xFDDA, 0xFDDA, 0xFDDA,
    0xFDDA, 0xFE1A, 0xFE3B, 0xF67B, 0xFEBB, 0xFEBC, 0xFEBC, 0xFEBB, 0xFE9B, 0xFE9B, 0xFE9B, 0xF69B, 0xF67C, 0xF67C, 0xF67C, 0xF65C,
    0xF65B, 0xF65B, 0xF65C, 0xF63B, 0xF63B, 0xF65B, 0xF65C, 0xF63B, 0xF65B, 0xF63C, 0xF63C, 0xF63B, 0xF61C, 0xF61C, 0xF61C, 0xF61B,
    0xF63C, 0xF63B, 0xF63C, 0xF63C, 0xF63B, 0xF61C, 0xF61B, 0xF63B, 0xF61B, 0xF61B, 0xF63C, 0xFE5D, 0xFE7C, 0xFE5C, 0xEDFB, 0xE5BA,
    0xDD59, 0xCD17, 0xCD17, 0xCCF7, 0xCCF7, 0xD537, 0xDD58, 0xE599, 0xEDDA, 0xF61C, 0xFE5C, 0xFE5D, 0xFE5C, 0xFE3C, 0xFE5C, 0xE5DA,
    0xC4D6, 0xB453, 0xC4B5, 0xD557, 0xDD97, 0xD536, 0xB473, 0xBCD5, 0xA3D1, 0xD595, 0xFEB9, 0xFEDA, 0xC4F2, 0xB470, 0xFEDA, 0xF698,
    0xF698, 0xF698, 0xF699, 0xF699, 0xF698, 0xF698, 0xF699, 0xF699, 0xF698, 0xF699, 0xF699, 0xF699, 0xF698, 0xF699, 0xFE98, 0xF699,
    0xF699, 0xF699, 0xF698, 0xF698, 0xF698, 0xF698, 0xF698, 0xF699, 0xF698, 0xF698, 0xF699, 0xF699, 0xF698, 0xF699, 0xF698, 0xF699,
    0xF698, 0xF698, 0xF698, 0xF699, 0xF699, 0xFE99, 0xFE99, 0xF698, 0xF698, 0xF678, 0xF678, 0xF678, 0xF678, 0xF658, 0xFE58, 0xFE58,
    0xF658, 0xF638, 0xF638, 0xF638, 0xF617, 0xFE99, 0x9C0F, 0x0841, 0x18A2, 0x1082, 0x1082, 0x1082, 0x1082, 0x1082, 0x1082, 0x1082,
    0x2104, 0x2924, 0x2104, 0x2905, 0x2924, 0x20E3, 0x2924, 0x2104, 0x3986, 0xE5FB, 0x7B2E, 0x1062, 0x93D1, 0xEE1B, 0xDDB9, 0xF63C,
    0xF63C, 0xF63B, 0xF63B, 0xF63B, 0xF63C, 0xF63B, 0xF63B, 0xF63C, 0xF63C, 0xF63B, 0xF63C, 0xF63B, 0xF63C, 0xF63B, 0xF63C, 0xF63C,
    0xF63B, 0xF63C, 0xF63C, 0xF63C, 0xF63B, 0xF63B, 0xF63B, 0xF63B, 0xF63B, 0xF63C, 0xF63C, 0xF63C, 0xF63C, 0xF63C, 0xF63B, 0xF63B,
    0xFD9A, 0xF579, 0xFD79, 0xFD79, 0xF579, 0xFD79, 0xFD79, 0xFD79, 0xFD79, 0xFD79, 0xFD79, 0xFD79, 0xFD79, 0xFD99, 0xFDBA, 0xFDBA,
    0xF5B9, 0xFDDA, 0xFE3A, 0xFE3B, 0xFE1B, 0xFDFA, 0xFDDA, 0xFDBA, 0xFDBA, 0xFDBA, 0xFDBA, 0xFDDA, 0xFDDA, 0xFDFA, 0xFE5B, 0xFE9B,
    0xFE9C, 0xFEBB, 0xFEBC, 0xFEBB, 0xFEBB, 0xFEBC, 0xFEDC, 0xFE9B, 0xFE3B, 0xFE1A, 0xFDFA, 0xFDFA, 0xFDFA, 0xFDDA, 0xFDFA, 0xFDFA,
    0xF5FA, 0xFE3B, 0xFE5B, 0xFE7B, 0xFE7B, 0xFE7B, 0xFE5B, 0xFE3B, 0xFE1B, 0xF63B, 0xF63B, 0xF63B, 0xF63C, 0xF63B, 0xF63B, 0xF63B,
    0xF63B, 0xF61B, 0xF63B, 0xF63B, 0xF63B, 0xF63B, 0xF63C, 0xF63B, 0xF63B, 0xF61B, 0xF61B, 0xF61B, 0xF61B, 0xF61B, 0xF61C, 0xF63B,
    0xF61C, 0xF61C, 0xF63B, 0xF61B, 0xF61B, 0xF61C, 0xF61B, 0xF61B, 0xFE3C, 0xFE7D, 0xF61B, 0xD558, 0xBC94, 0xA432, 0xA412, 0xAC73,
    0xB494, 0xBCD4, 0xBD15, 0xC515, 0xC4F5, 0xC4F5, 0xBCD4, 0xAC73, 0xAC52, 0xA432, 0xAC73, 0xC4D6, 0xD537, 0xDD58, 0xBCD5, 0xB493,
    0xD536, 0xF61A, 0xFE5B, 0xFE3B, 0xFE1B, 0xFDFA, 0xFE7D, 0xCCD4, 0x9BCF, 0xFEDA, 0xF698, 0xF699, 0xFE99, 0xBC0F, 0xBCD2, 0xFEFA,
    0xF678, 0xF698, 0xF698, 0xF699, 0xF699, 0xF698, 0xF698, 0xF698, 0xF699, 0xF699, 0xF699, 0xF699, 0xF698, 0xF699, 0xF699, 0xF698,
    0xF698, 0xF699, 0xF699, 0xF699, 0xF698, 0xF698, 0xF698, 0xF699, 0xF699, 0xF698, 0xF698, 0xFE99, 0xFE99, 0xFEB9, 0xFE99, 0xF698,
    0xF698, 0xF699, 0xF699, 0xF698, 0xFE99, 0xFEB9, 0xF699, 0xF699, 0xF699, 0xF698, 0xF678, 0xF678, 0xF678, 0xFE78, 0xFE58, 0xF658,
    0xF658, 0xF658, 0xF658, 0xF658, 0xF658, 0xF658, 0x41A6, 0x0861, 0x1882, 0x1082, 0x1082, 0x1082, 0x1082, 0x1082, 0x1082, 0x18C3,
    0x2925, 0x2104, 0x2104, 0x2924, 0x2104, 0x20E3, 0x2925, 0x18C3, 0x93B1, 0xEDDB, 0x3166, 0x3987, 0xD578, 0xE5DA, 0xF63C, 0xF61B,
    0xF63C, 0xF63B, 0xF63C, 0xF63B, 0xF63C, 0xF63B, 0xF63C, 0xF63C, 0xF63B, 0xF63B, 0xF63B, 0xF63C, 0xF63C, 0xF63B, 0xF61C, 0xF63B,
    0xF63B, 0xF63B, 0xF63B, 0xF61C, 0xF63C, 0xF63B, 0xF63B, 0xF63B, 0xF63B, 0xF63B, 0xF63C, 0xF63C, 0xF63C, 0xF63C, 0xF63B, 0xF63B,
    0xFD9A, 0xF579, 0xF579, 0xFD79, 0xFD79, 0xF579, 0xF59A, 0xF5BA, 0xFDDA, 0xFDFA, 0xF5B9, 0xFD79, 0xFD99, 0xFD99, 0xFD99, 0xFD99,
    0xFD99, 0xFDBA, 0xFE1A, 0xFDFA, 0xFDDA, 0xFDBA, 0xFD99, 0xFD99, 0xFD99, 0xFD99, 0xFDBA, 0xFDBA, 0xFDBA, 0xFE1A, 0xFE5B, 0xFE5B,
    0xFE7B, 0xFE7B, 0xFE9B, 0xFEBC, 0xFEBC, 0xFEBC, 0xFEBC, 0xFE9B, 0xFE5B, 0xFE3B, 0xFE1B, 0xFE1A, 0xFE1A, 0xFDFA, 0xFDFB, 0xFDFA,
    0xF61A, 0xFE3A, 0xFE3A, 0xFE1B, 0xFE3B, 0xFE1B, 0xFE1B, 0xF61B, 0xF63B, 0xF63C, 0xF63C, 0xF63B, 0xF63B, 0xF63C, 0xF63B, 0xF63B,
    0xF63B, 0xF63B, 0xF63C, 0xF63C, 0xF63B, 0xF63B, 0xF63B, 0xF63B, 0xF63B, 0xF61B, 0xF63B, 0xF63B, 0xF61B, 0xF61C, 0xF61C, 0xF63B,
    0xF61B, 0xF61C, 0xF61B, 0xF61B, 0xF61B, 0xF61B, 0xFE3C, 0xFE5D, 0xE5B9, 0xBC94, 0xA432, 0xB493, 0xCD77, 0xE619, 0xF69B, 0xFEDB,
    0xFEDC, 0xFEDC, 0xFEDC, 0xFEDC, 0xFEDC, 0xFEDD, 0xFEBC, 0xFEBC, 0xFE9B, 0xEE5A, 0xDDD8, 0xD557, 0xBCB4, 0x938F, 0xD577, 0xFE5B,
    0xFE5B, 0xF5FA, 0xFDF9, 0xDCF5, 0x726B, 0x59E8, 0x932F, 0xA3CF, 0xEE78, 0xFEB9, 0xF699, 0xF699, 0xFE99, 0xF5F6, 0xABAD, 0xBCF3,
    0xFEFA, 0xF678, 0xF698, 0xF699, 0xF698, 0xF698, 0xF699, 0xF698, 0xF699, 0xF698, 0xF699, 0xF699, 0xF698, 0xF699, 0xF699, 0xF698,
    0xF698, 0xF698, 0xF699, 0xF699, 0xF699, 0xF698, 0xF698, 0xF698, 0xF698, 0xF698, 0xFE99, 0xF678, 0xEE37, 0xEE17, 0xF658, 0xFEB9,
    0xF699, 0xF698, 0xF699, 0xF699, 0xF698, 0xFEB9, 0xF699, 0xF699, 0xF699, 0xF698, 0xF698, 0xF698, 0xF698, 0xF678, 0xF678, 0xF678,
    0xF658, 0xF658, 0xF658, 0xF638, 0xFEB9, 0xAC70, 0x1061, 0x18A2, 0x1082, 0x1082, 0x1082, 0x1082, 0x1082, 0x1082, 0x1082, 0x2104,
    0x2104, 0x3965, 0x3145, 0x2924, 0x20E3, 0x2924, 0x20E4, 0x41A7, 0xF61C, 0x9BB1, 0x10A2, 0x9BD1, 0xEDFB, 0xF61B, 0xF61B, 0xF61C,
    0xF63C, 0xF63C, 0xF63B, 0xF63B, 0xF63B, 0xF63B, 0xF63B, 0xF63B, 0xF61B, 0xF61B, 0xF63B, 0xF61C, 0xF61C, 0xF61B, 0xF61B, 0xF61B,
    0xF63B, 0xF63B, 0xF63C, 0xF61C, 0xF63C, 0xF63B, 0xF63B, 0xF63B, 0xF63B, 0xF63B, 0xF63B, 0xF63B, 0xF63B, 0xF63C, 0xF63B, 0xF61B,
    0xF5DA, 0xF5BA, 0xF5BA, 0xF59A, 0xF5BA, 0xF5FA, 0xFE1B, 0xFE1B, 0xF63B, 0xF63B, 0xFDDA, 0xFD99, 0xFD79, 0xFD79, 0xFD99, 0xFD99,
    0xF599, 0xFDB9, 0xFDBA, 0xFDBA, 0xFDB9, 0xFDB9, 0xFD99, 0xFD9A, 0xFD99, 0xFD99, 0xFD99, 0xFD99, 0xFDBA, 0xFE1B, 0xFE1A, 0xFE3B,
    0xFE7B, 0xFE5B, 0xFE3B, 0xFE5B, 0xFE7B, 0xFE7B, 0xFE9B, 0xFE9C, 0xFE9B, 0xFE5B, 0xFDFA, 0xFDFA, 0xFDFA, 0xFDFA, 0xFDFA, 0xFE1A,
    0xFE1A, 0xFE1B, 0xF61B, 0xF61B, 0xFE1B, 0xF61C, 0xF63C, 0xF63B, 0xF63B, 0xF63B, 0xF63C, 0xF61C, 0xF63B, 0xF63B, 0xF63B, 0xF63B,
    0xF61B, 0xF63B, 0xF63B, 0xF63B, 0xF63B, 0xF63B, 0xF63B, 0xF63B, 0xF63B, 0xF63C, 0xF63C, 0xF63C, 0xF63B, 0xF63B, 0xF61B, 0xF61C,
    0xF63B, 0xF63B, 0xF63B, 0xF61B, 0xFE3C, 0xFE7D, 0xDD98, 0xAC53, 0xA431, 0xCD56, 0xF69B, 0xFEFC, 0xFEDC, 0xFEBC, 0xFE9B, 0xF67B,
    0xF65B, 0xF63A, 0xF63A, 0xF61A, 0xF5FA, 0xF5FA, 0xF5F9, 0xF5FA, 0xFE1A, 0xFE1A, 0xFE3B, 0xFE5B, 0xFE5B, 0xEDF9, 0xFE5B, 0xF5F9,
    0xF5B9, 0xF5D9, 0xFE1A, 0x6A4A, 0x1061, 0x1881, 0x5248, 0xEE37, 0xFEB9, 0xF698, 0xF699, 0xF698, 0xF699, 0xF678, 0xED53, 0xA3AD,
    0xBCF2, 0xFEDA, 0xF699, 0xF698, 0xF698, 0xF698, 0xF699, 0xF699, 0xF699, 0xF698, 0xF698, 0xF699, 0xF699, 0xF698, 0xF698, 0xF698,
    0xF699, 0xF699, 0xF698, 0xFE98, 0xF698, 0xF698, 0xF699, 0xF698, 0xF698, 0xF698, 0xF678, 0xD554, 0xD534, 0xD554, 0xCD13, 0xCD33,
    0xF658, 0xF698, 0xF698, 0xF698, 0xF698, 0xF699, 0xF698, 0xF698, 0xF699, 0xF698, 0xF698, 0xF698, 0xF698, 0xF678, 0xF678, 0xF679,
    0xFE78, 0xF678, 0xF678, 0xFE78, 0xF638, 0x3986, 0x0841, 0x1081, 0x1082, 0x1082, 0x1082, 0x10A2, 0x20E3, 0x1082, 0x18C3, 0x2104,
    0x3145, 0x6269, 0x2904, 0x2104, 0x20E4, 0x2924, 0x20E3, 0xBC94, 0xEDFB, 0x2926, 0x628B, 0xF65B, 0xF63B, 0xF63C, 0xF61C, 0xF63B,
    0xF63B, 0xF63B, 0xF63B, 0xF63B, 0xF63B, 0xF63B, 0xF63B, 0xF61C, 0xF61C, 0xF61B, 0xF63B, 0xF63B, 0xF61C, 0xF61C, 0xF61B, 0xF63C,
    0xF63B, 0xF63B, 0xF63B, 0xF61B, 0xF63B, 0xF63B, 0xF63B, 0xF63B, 0xF63B, 0xF63B, 0xF63B, 0xF63B, 0xF63B, 0xF63C, 0xF63B, 0xF63B,
    0xFDFA, 0xF5DA, 0xFDDA, 0xFDDA, 0xF5FB, 0xF63B, 0xFE3B, 0xFE3B, 0xFE3B, 0xFE3B, 0xFE1A, 0xF59A, 0xFD79, 0xFD79, 0xFD79, 0xFD79,
    0xFD99, 0xFDBA, 0xFDBA, 0xFD99, 0xFD99, 0xF599, 0xFD99, 0xFD99, 0xFD99, 0xFD79, 0xFD99, 0xFD99, 0xFDBA, 0xFDDA, 0xFDDA, 0xFDFA,
    0xFE3B, 0xFE1A, 0xFDFA, 0xFE1B, 0xFE3B, 0xFE1A, 0xFE3B, 0xFE5B, 0xFE5B, 0xFE1B, 0xFDFB, 0xFE1B, 0xFE1B, 0xF61B, 0xF63B, 0xF63B,
    0xF63B, 0xFE1C, 0xF63B, 0xF63B, 0xF63B, 0xF63B, 0xF63B, 0xFE5C, 0xFE3C, 0xF63B, 0xF63B, 0xF61C, 0xF63B, 0xF63B, 0xF63B, 0xF63C,
    0xF63B, 0xF63B, 0xF63C, 0xF63C, 0xF63C, 0xF63C, 0xF63B, 0xF63B, 0xF63C, 0xF63B, 0xF63B, 0xF63B, 0xF61B, 0xF61B, 0xF61B, 0xF61C,
    0xF63B, 0xF63B, 0xF61B, 0xFE7D, 0xEDDA, 0xAC53, 0xA432, 0xD5B8, 0xFEBC, 0xFEDD, 0xFEBB, 0xF69B, 0xF67B, 0xFE5B, 0xFE3A, 0xF61A,
    0xF5FA, 0xF5FA, 0xF5FA, 0xFDFA, 0xF5FA, 0xF5FA, 0xFDFA, 0xF5FA, 0xFDFA, 0xF5FA, 0xF5FA, 0xF5FA, 0xF5FA, 0xFDFA, 0xF5D9, 0xF5D9,
    0xF5DA, 0xFDFA, 0xF5F9, 0x51E8, 0x49A7, 0xA430, 0xFEB9, 0xFEB9, 0xF698, 0xF6B8, 0xF698, 0xF699, 0xF699, 0xFEB9, 0xF5F6, 0xE513,
    0xABAD, 0xAC71, 0xFEDA, 0xFE98, 0xF679, 0xF699, 0xF698, 0xF698, 0xF698, 0xF699, 0xF699, 0xF698, 0xF699, 0xF698, 0xF698, 0xF699,
    0xF699, 0xF698, 0xF699, 0xF699, 0xF698, 0xF699, 0xF699, 0xF698, 0xF698, 0xF699, 0xF698, 0xFE98, 0xFEB9, 0xFEB9, 0xFE99, 0xE5F6,
    0xF638, 0xF699, 0xF698, 0xF699, 0xF699, 0xF699, 0xF699, 0xF699, 0xF699, 0xF699, 0xF699, 0xF698, 0xF698, 0xF699, 0xF698, 0xF678,
    0xF678, 0xF678, 0xF658, 0xFED9, 0x8B8D, 0x0000, 0x20E3, 0x3986, 0x1082, 0x1082, 0x0861, 0x41C7, 0x20E3, 0x10A2, 0x2104, 0x18C3,
    0x8B6D, 0x49C7, 0x20E3, 0x20E3, 0x2924, 0x18C3, 0x7B2E, 0xFEBE, 0x72CD, 0x4187, 0xEDFA, 0xFE5C, 0xF61B, 0xF63B, 0xF63B, 0xF63B,
    0xF63C, 0xF63B, 0xF63C, 0xF63C, 0xF63B, 0xF63C, 0xF63C, 0xF63B, 0xF63B, 0xF63B, 0xF63C, 0xF63B, 0xF61B, 0xF61C, 0xF63B, 0xF63C,
    0xF63B, 0xF63B, 0xF63B, 0xF63B, 0xF63B, 0xF63C, 0xF63B, 0xF63C, 0xF63B, 0xF63B, 0xF63B, 0xF63B, 0xF63B, 0xF63C, 0xF63C, 0xF63B,
    0xFDBA, 0xF599, 0xFD9A, 0xFDBA, 0xFE1A, 0xFE3B, 0xFE5B, 0xF63B, 0xF63B, 0xFE3B, 0xF63B, 0xF5FA, 0xFDBA, 0xFD99, 0xFDBA, 0xFDDA,
    0xFDFA, 0xF61B, 0xFE1B, 0xFDFA, 0xF5FB, 0xF5DA, 0xF599, 0xFD79, 0xFD79, 0xFD79, 0xFD99, 0xFD99, 0xFD9A, 0xFD9A, 0xFD99, 0xFDBA,
    0xFDBA, 0xFDB9, 0xFDB9, 0xFDFA, 0xFDDA, 0xFDDA, 0xFDFA, 0xFDFA, 0xFDFA, 0xFE1B, 0xF61B, 0xF63C, 0xF63B, 0xF63C, 0xF63C, 0xF63B,
    0xF63C, 0xF63C, 0xF63B, 0xF63B, 0xF63B, 0xF63C, 0xF63B, 0xF63B, 0xF63B, 0xF61B, 0xF63B, 0xF63B, 0xF61B, 0xF63B, 0xF63B, 0xF61C,
    0xF63B, 0xF63B, 0xF63C, 0xF63B, 0xF63C, 0xF63C, 0xF63C, 0xF61B, 0xF63B, 0xF63C, 0xF63B, 0xF63B, 0xF63B, 0xF61B, 0xFE1B, 0xF61B,
    0xF61B, 0xFE3C, 0xFE5C, 0xC4B5, 0x9BF1, 0xD576, 0xFEDC, 0xFEBC, 0xF67B, 0xF67B, 0xFE5B, 0xFE3A, 0xF61A, 0xF5FA, 0xF5FA, 0xF5FA,
    0xF5FA, 0xF5FA, 0xF5FA, 0xF5FA, 0xF5FA, 0xF5FA, 0xFDFA, 0xFDFA, 0xFDFA, 0xF5F9, 0xF5FA, 0xF5FA, 0xFDFA, 0xED98, 0xF5FA, 0xF5FA,
    0xF5FA, 0xFDFA, 0xF5D9, 0xA3F0, 0xF678, 0xFEFA, 0xFE99, 0xF698, 0xF699, 0xF699, 0xF698, 0xF699, 0xF699, 0xF698, 0xFE99, 0xE554,
    0xED13, 0xB3EE, 0xA3EF, 0xF678, 0xFEB9, 0xF678, 0xF699, 0xF698, 0xF698, 0xF698, 0xF699, 0xF698, 0xF698, 0xF699, 0xF698, 0xF698,
    0xF699, 0xF698, 0xF698, 0xF699, 0xF698, 0xF699, 0xF699, 0xF698, 0xF698, 0xF698, 0xF699, 0xF698, 0xF678, 0xF698, 0xF679, 0xFE99,
    0xF698, 0xF698, 0xF699, 0xF698, 0xF699, 0xF698, 0xF698, 0xF699, 0xF698, 0xF698, 0xF699, 0xF699, 0xF698, 0xF698, 0xF699, 0xF678,
    0xF698, 0xF678, 0xFEDA, 0xCD34, 0x1041, 0x2904, 0x93AF, 0x3945, 0x1062, 0x0841, 0x626A, 0x49E8, 0x1082, 0x2104, 0x18A3, 0x9390,
    0x9BD0, 0x18C3, 0x2104, 0x2925, 0x20C3, 0x628B, 0xFE7D, 0xB474, 0x51E9, 0xDD99, 0xFE5C, 0xF61B, 0xF63B, 0xF63C, 0xF63B, 0xF63C,
    0xF63C, 0xF63B, 0xF63C, 0xF63C, 0xF63B, 0xF63B, 0xF63B, 0xF63C, 0xF63B, 0xF63B, 0xF63B, 0xF63C, 0xF63B, 0xF61B, 0xF63B, 0xF63C,
    0xF63C, 0xF63B, 0xF63B, 0xF63B, 0xF63B, 0xF63C, 0xF63C, 0xF63C, 0xF63B, 0xF63B, 0xF63C, 0xF63B, 0xF63B, 0xF63C, 0xF63C, 0xF63C,
    0xF5BA, 0xF5B9, 0xFD99, 0xFD9A, 0xF5BA, 0xF5FA, 0xFE3B, 0xF65B, 0xF65B, 0xFE5C, 0xF65C, 0xFE5B, 0xFE3B, 0xF61B, 0xF61B, 0xFE3B,
    0xF65B, 0xFE5B, 0xFE3B, 0xF63B, 0xF63B, 0xFE1A, 0xFDBA, 0xFD79, 0xFD79, 0xFD79, 0xFD99, 0xFD99, 0xFD79, 0xFD79, 0xFD79, 0xFD99,
    0xFD99, 0xFD99, 0xFDBA, 0xFDBA, 0xFDD9, 0xFDDA, 0xFDFB, 0xFDFB, 0xFE1B, 0xF63B, 0xF63B, 0xF63C, 0xF63B, 0xF63B, 0xF63B, 0xF63B,
    0xF63B, 0xF63B, 0xF63B, 0xF63B, 0xFE3B, 0xF63B, 0xF63B, 0xF63B, 0xF63B, 0xF63B, 0xF63C, 0xF63B, 0xF61C, 0xF63B, 0xF63B, 0xF61C,
    0xF63B, 0xF61B, 0xF63B, 0xF63B, 0xF63B, 0xF63B, 0xF63C, 0xF63B, 0xFE3B, 0xF63B, 0xF61B, 0xF63B, 0xF63B, 0xF63B, 0xF61B, 0xF61B,
    0xFE5D, 0xE5D9, 0xA411, 0xB4B4, 0xFE9C, 0xFEDC, 0xF69B, 0xFE7B, 0xFE5A, 0xF61A, 0xF5FA, 0xF5FA, 0xF5FA, 0xF61A, 0xF5FA, 0xF5FA,
    0xF5FA, 0xF5F9, 0xF5FA, 0xF5FA, 0xF5FA, 0xF5FA, 0xF5F9, 0xF5FA, 0xF5FA, 0xF5FA, 0xF5FA, 0xF5FA, 0xFE1A, 0xE598, 0xF5B9, 0xF5FA,
    0xF5FA, 0xF5F9, 0xFE1A, 0xBC72, 0xEE58, 0xF698, 0xF699, 0xF699, 0xF699, 0xF699, 0xFE98, 0xF698, 0xF699, 0xF699, 0xFEB9, 0xF657,
    0xDCF2, 0xED12, 0xC42F, 0x938D, 0xDDD6, 0xFEFA, 0xF678, 0xF698, 0xF699, 0xF698, 0xF698, 0xF699, 0xF699, 0xF699, 0xF698, 0xF698,
    0xF699, 0xF699, 0xF698, 0xF699, 0xF698, 0xF698, 0xF698, 0xF699, 0xF699, 0xF698, 0xF698, 0xF699, 0xF699, 0xF698, 0xF698, 0xF699,
    0xF698, 0xF699, 0xF699, 0xF698, 0xF699, 0xF699, 0xF698, 0xF698, 0xF698, 0xF698, 0xF698, 0xF699, 0xF699, 0xF698, 0xF698, 0xF698,
    0xF678, 0xFED9, 0xE5F6, 0x3124, 0x5209, 0xD557, 0x5A4A, 0x0020, 0x1061, 0x832E, 0x72ED, 0x1082, 0x18C3, 0x20E3, 0x93D0, 0xE5B9,
    0x3946, 0x18C3, 0x2104, 0x18C3, 0x628C, 0xF61B, 0xCD17, 0x8B6F, 0xE5DA, 0xFE5D, 0xF61B, 0xF63B, 0xF63B, 0xF63C, 0xF63B, 0xF63B,
    0xF63C, 0xF63B, 0xF63B, 0xF63B, 0xF63C, 0xF63B, 0xF63B, 0xF63B, 0xF63B, 0xF63C, 0xF63B, 0xF63B, 0xF63C, 0xF63B, 0xF63B, 0xF63B,
    0xF63C, 0xF63C, 0xF63C, 0xF63C, 0xF63C, 0xF63C, 0xF63B, 0xF63B, 0xF63B, 0xF63B, 0xF63C, 0xF63C, 0xF63C, 0xF63B, 0xF63C, 0xF63B,
    0xF5BA, 0xF5B9, 0xFD9A, 0xFDB9, 0xF5BA, 0xF5DA, 0xFE1B, 0xFE5B, 0xF63B, 0xF63B, 0xFE3B, 0xFE3B, 0xFE5B, 0xFE5B, 0xF63B, 0xF63B,
    0xF63B, 0xFE1B, 0xFE1B, 0xFDFA, 0xFDFB, 0xFDFA, 0xFDBA, 0xF599, 0xFD79, 0xFD79, 0xFD79, 0xF579, 0xF599, 0xFDB9, 0xFDBA, 0xFDDA,
    0xFDDA, 0xFDDA, 0xF5FA, 0xFDFA, 0xFDFA, 0xFE1B, 0xFE1B, 0xF63B, 0xFE3B, 0xF63B, 0xF63B, 0xF63B, 0xF63B, 0xF63B, 0xF63C, 0xF63B,
    0xF63B, 0xF63B, 0xF63B, 0xF63B, 0xF63B, 0xF63B, 0xF63B, 0xF63B, 0xF63B, 0xF63B, 0xF63B, 0xF63B, 0xF63B, 0xF63B, 0xF63B, 0xF63B,
    0xF63B, 0xF61B, 0xF63B, 0xF63B, 0xF63B, 0xF63B, 0xF63B, 0xFE3B, 0xFE3C, 0xFE3B, 0xF63B, 0xF63C, 0xF61B, 0xF61B, 0xFE1B, 0xFE7C,
    0xCD16, 0x9BF1, 0xDDD8, 0xFEDC, 0xFE9B, 0xF67B, 0xFE5B, 0xF61A, 0xF5FA, 0xF5FA, 0xF5FA, 0xF5FA, 0xF5FA, 0xF5FA, 0xF5FA, 0xF5FA,
    0xF5FA, 0xF5FA, 0xF5FA, 0xF5FA, 0xF5FA, 0xF5FA, 0xF5FA, 0xF5FA, 0xF5FA, 0xF5FA, 0xF5FA, 0xF5FA, 0xFE1A, 0xF5B9, 0xED78, 0xFDFA,
    0xF5FA, 0xF5FA, 0xFE3B, 0xC4B4, 0xD595, 0xFEB9, 0xF698, 0xF698, 0xF698, 0xF699, 0xF699, 0xF699, 0xF698, 0xF699, 0xF698, 0xFEB9,
    0xEDB5, 0xDCB1, 0xE513, 0xD4B1, 0x9B6C, 0xBCF2, 0xFEB9, 0xFEB9, 0xF678, 0xF699, 0xF699, 0xF699, 0xF698, 0xF699, 0xF699, 0xF698,
    0xF698, 0xF699, 0xF699, 0xF699, 0xF698, 0xF699, 0xF698, 0xF699, 0xF698, 0xF699, 0xF698, 0xF698, 0xF699, 0xF699, 0xF699, 0xFE99,
    0xF698, 0xF699, 0xF699, 0xFE99, 0xF699, 0xF698, 0xF699, 0xF699, 0xF699, 0xF698, 0xF698, 0xF698, 0xF698, 0xF698, 0xF678, 0xF678,
    0xFEB9, 0xE5D6, 0x728A, 0x9BD1, 0xFE3B, 0x72CC, 0x0000, 0x3145, 0xB473, 0x9390, 0x1062, 0x1882, 0x4187, 0xB494, 0xFE9D, 0x7AED,
    0x10A2, 0x18E3, 0x20C4, 0x7B2E, 0xF65C, 0xEDDA, 0xCD17, 0xF65C, 0xFE5C, 0xF61B, 0xF63C, 0xF63C, 0xF63B, 0xF63B, 0xF63B, 0xF63B,
    0xF63C, 0xF63B, 0xF63B, 0xF63B, 0xF63B, 0xF63B, 0xF63C, 0xF63B, 0xF63B, 0xF63C, 0xF63B, 0xF63C, 0xF63C, 0xF63B, 0xF63B, 0xF63C,
    0xF63C, 0xF63C, 0xF63C, 0xF63C, 0xF63C, 0xF63C, 0xF63B, 0xF63B, 0xF63C, 0xF63C, 0xF63C, 0xF63C, 0xF63C, 0xF63B, 0xF63C, 0xFE3B,
    0xFDDA, 0xF5BA, 0xFDBA, 0xFDDA, 0xFDFA, 0xFE1B, 0xFE3B, 0xFE1B, 0xFE1B, 0xFE1B, 0xFDFB, 0xF61B, 0xFE3B, 0xFE3B, 0xF63C, 0xF63B,
    0xF61B, 0xF5DA, 0xFDBA, 0xFD99, 0xFD99, 0xF599, 0xFD99, 0xF599, 0xF599, 0xF5BA, 0xF5BA, 0xF5DA, 0xFDFA, 0xFDFB, 0xF61B, 0xF61B,
    0xF61B, 0xF61B, 0xF61B, 0xF61B, 0xF61B, 0xF63B, 0xF63B, 0xF63B, 0xF63B, 0xF63B, 0xF63B, 0xF63B, 0xFE3B, 0xF63B, 0xF63B, 0xF63B,
    0xF63B, 0xF63B, 0xF63B, 0xF63B, 0xF63B, 0xF63B, 0xF61B, 0xF63B, 0xF63B, 0xF63B, 0xF63B, 0xF63B, 0xF63B, 0xF63B, 0xF63B, 0xF63B,
    0xFE1B, 0xFE1B, 0xFE3B, 0xF63B, 0xF63B, 0xF63B, 0xF63B, 0xFE1B, 0xFE3B, 0xFE3B, 0xFE1B, 0xF63C, 0xF61B, 0xFE3C, 0xFE5C, 0xB453,
    0xAC52, 0xF69B, 0xFEBC, 0xF67B, 0xFE5B, 0xF61A, 0xFDFA, 0xF5FA, 0xF5FA, 0xF5FA, 0xF5FA, 0xF5FA, 0xF5FA, 0xF5FA, 0xF5FA, 0xF5FA,
    0xF5FA, 0xF5FA, 0xF5FA, 0xF5FA, 0xF5FA, 0xF5FA, 0xFDFA, 0xF5FA, 0xF5FA, 0xF5FA, 0xF5FA, 0xF5FA, 0xFDFA, 0xFDFA, 0xE557, 0xF5F9,
    0xFDFA, 0xF5FA, 0xFE1A, 0xE577, 0xC4D3, 0xFED9, 0xF698, 0xF699, 0xF699, 0xF698, 0xF699, 0xF699, 0xF699, 0xF699, 0xF698, 0xF699,
    0xFE98, 0xE534, 0xDCB1, 0xE4F2, 0xE4F2, 0xABAE, 0x9BCE, 0xE5F7, 0xFEFA, 0xFE98, 0xF678, 0xF699, 0xF699, 0xF698, 0xF699, 0xF698,
    0xF698, 0xF699, 0xF698, 0xF699, 0xF699, 0xF698, 0xFE98, 0xF698, 0xF698, 0xF699, 0xF698, 0xF698, 0xF699, 0xF698, 0xF699, 0xF699,
    0xF699, 0xF698, 0xF699, 0xF699, 0xF698, 0xF698, 0xF698, 0xF699, 0xF699, 0xF698, 0xF698, 0xF698, 0xF698, 0xF698, 0xF678, 0xFED9,
    0xD575, 0x938F, 0xDD79, 0xFE7C, 0x7AED, 0x4166, 0x93D0, 0xDD98, 0x7B0E, 0x1041, 0x3105, 0x832E, 0xE5BA, 0xFEDE, 0xAC73, 0x18A2,
    0x20A3, 0x49C8, 0xB474, 0xFE7C, 0xF63C, 0xF63B, 0xFE5C, 0xFE3C, 0xF61B, 0xF63B, 0xF63B, 0xF63C, 0xF63B, 0xF63B, 0xF63B, 0xF63B,
    0xF63B, 0xF63B, 0xF63B, 0xF63B, 0xF63B, 0xF63B, 0xF63C, 0xF63B, 0xF63B, 0xF63B, 0xF63B, 0xF63C, 0xF63B, 0xF63B, 0xF63B, 0xF63C,
    0xF63C, 0xF63B, 0xF63B, 0xF63C, 0xF63C, 0xF63C, 0xF63B, 0xF63B, 0xF63C, 0xF63B, 0xFE3B, 0xF63B, 0xF63B, 0xF63C, 0xF63C, 0xFE3B,
    0xFE3B, 0xF61B, 0xFE1B, 0xFE1B, 0xFE1B, 0xFE1B, 0xFE1B, 0xFE1B, 0xFE1B, 0xFE1B, 0xFE1B, 0xFE3B, 0xFE3B, 0xFE3B, 0xF63B, 0xF63B,
    0xF63B, 0xFE1B, 0xFDFB, 0xFDDA, 0xFDDA, 0xF5DA, 0xF5DA, 0xF5FB, 0xF5FA, 0xF61B, 0xFE1B, 0xFE3B, 0xFE1B, 0xFE1C, 0xF61B, 0xFE3B,
    0xFE3B, 0xF63C, 0xF63B, 0xF63B, 0xF63B, 0xF63B, 0xF63C, 0xFE3C, 0xFE3B, 0xF63B, 0xF63B, 0xF63B, 0xF63B, 0xF63B, 0xF63B, 0xF63B,
    0xF63B, 0xF63C, 0xFE3B, 0xF63B, 0xF63B, 0xF63B, 0xF63B, 0xF63B, 0xF63B, 0xF63B, 0xF63B, 0xF61C, 0xFE3B, 0xF63B, 0xF63B, 0xF63B,
    0xFE3B, 0xF63B, 0xF63B, 0xF63B, 0xF63B, 0xF63B, 0xF61B, 0xFE1B, 0xFE3B, 0xFE1C, 0xFE1B, 0xF61B, 0xFE5C, 0xF61B, 0xA412, 0xBCF5,
    0xFEFC, 0xFE9B, 0xF67B, 0xFE3A, 0xF5FA, 0xF5FA, 0xF5FA, 0xF5F9, 0xF5F9, 0xF5FA, 0xF5FA, 0xF5FA, 0xF5F9, 0xF5FA, 0xF5FA, 0xF5FA,
    0xF5FA, 0xF5FA, 0xF5FA, 0xF5FA, 0xF5FA, 0xF5FA, 0xF5FA, 0xF5FA, 0xF5FA, 0xF5FA, 0xF5FA, 0xFDFA, 0xF5F9, 0xFE1A, 0xED58, 0xED98,
    0xFE1A, 0xFDFA, 0xF5FA, 0xFDFA, 0xBC73, 0xEE37, 0xFEB9, 0xF699, 0xF699, 0xF698, 0xFE99, 0xFE99, 0xFE99, 0xF698, 0xF698, 0xF698,
    0xF6B8, 0xF657, 0xE4F3, 0xDCD2, 0xDCD2, 0xED13, 0xCC71, 0x936C, 0xB491, 0xF679, 0xFEF9, 0xF698, 0xF679, 0xF699, 0xF698, 0xF698,
    0xF699, 0xF698, 0xF698, 0xF699, 0xF698, 0xF698, 0xF699, 0xF699, 0xF698, 0xF698, 0xF699, 0xF698, 0xF698, 0xF698, 0xF699, 0xFE99,
    0xF699, 0xFE99, 0xF698, 0xF698, 0xF698, 0xF699, 0xF698, 0xF699, 0xF698, 0xF698, 0xF699, 0xF679, 0xF678, 0xFED9, 0xF698, 0xAC71,
    0xA3F1, 0xF61B, 0xFE7D, 0xDD99, 0xC4D6, 0xF63B, 0xF61B, 0x82EE, 0x49C8, 0x93B0, 0xD578, 0xFE7C, 0xFE5C, 0xBCB4, 0x3946, 0x49E8,
    0xA412, 0xEDFA, 0xFE7D, 0xF63C, 0xF63B, 0xFE3B, 0xF63B, 0xF63B, 0xF63C, 0xF63C, 0xF63B, 0xF63B, 0xF63B, 0xF63B, 0xF63B, 0xF63B,
    0xF63B, 0xF63B, 0xF63B, 0xF63B, 0xF63B, 0xF63B, 0xF63B, 0xF63C, 0xF63B, 0xF63B, 0xF63B, 0xF63C, 0xF63C, 0xF63C, 0xF63B, 0xF63C,
    0xF63B, 0xF63B, 0xF63B, 0xF63B, 0xFE3B, 0xFE3B, 0xF63B, 0xF63B, 0xF63B, 0xF63B, 0xF63B, 0xF63B, 0xF63B, 0xF63B, 0xF63B, 0xFE3B,
    0xFE3B, 0xFE3B, 0xF63C, 0xFE3C, 0xFE3B, 0xFE3C, 0xFE1B, 0xFE1B, 0xF63B, 0xFE1B, 0xF63B, 0xFE3B, 0xFE3B, 0xF63B, 0xF63B, 0xF63B,
    0xF63B, 0xFE3B, 0xFE3B, 0xFE3B, 0xF63B, 0xF63B, 0xF63C, 0xFE3C, 0xFE3B, 0xFE3B, 0xF63C, 0xF63B, 0xF63B, 0xFE1B, 0xFE1B, 0xFE3B,
    0xFE3B, 0xFE1B, 0xFE3B, 0xF63B, 0xF63B, 0xF63B, 0xF63B, 0xF63B, 0xFE3B, 0xFE3B, 0xF63B, 0xF63C, 0xF63B, 0xF63B, 0xF63C, 0xF63B,
    0xF63B, 0xFE3B, 0xFE3B, 0xFE3C, 0xFE3B, 0xF63B, 0xF63B, 0xF63B, 0xF63B, 0xF63B, 0xF63B, 0xFE1B, 0xFE3B, 0xFE3B, 0xF63B, 0xFE3C,
    0xFE3B, 0xF63B, 0xF63C, 0xF63B, 0xF63B, 0xF63B, 0xF61B, 0xFE1B, 0xF63B, 0xFE3B, 0xF61B, 0xFE5C, 0xEDFA, 0x9BD0, 0xD597, 0xFEFD,
    0xF69B, 0xF67B, 0xF61A, 0xF5FA, 0xF5FA, 0xF5FA, 0xF5FA, 0xF5FA, 0xF5FA, 0xF5FA, 0xF5FA, 0xF5FA, 0xF5FA, 0xF5FA, 0xF5FA, 0xF5FA,
    0xF5FA, 0xF5FA, 0xF5F9, 0xF5FA, 0xF5FA, 0xF5FA, 0xF5FA, 0xF5FA, 0xF5FA, 0xF5FA, 0xF5FA, 0xFDFA, 0xF5FA, 0xFDFA, 0xF5D9, 0xE537,
    0xFE1A, 0xF5F9, 0xF5FA, 0xFE1A, 0xDD37, 0xC4F3, 0xFED9, 0xF678, 0xF699, 0xF699, 0xFE99, 0xFE99, 0xFE99, 0xF699, 0xF698, 0xF699,
    0xF698, 0xFEB9, 0xF5F6, 0xDCD2, 0xE4D2, 0xDCF2, 0xE513, 0xE4F2, 0xB3EE, 0x9B8D, 0xC513, 0xFE99, 0xFED9, 0xF698, 0xF678, 0xF699,
    0xF699, 0xF699, 0xF698, 0xF699, 0xFE99, 0xF698, 0xF699, 0xF698, 0xF699, 0xF698, 0xF699, 0xF698, 0xF698, 0xF698, 0xF698, 0xF698,
    0xF699, 0xF698, 0xF698, 0xF699, 0xF699, 0xF699, 0xF698, 0xF699, 0xF699, 0xF678, 0xF698, 0xFED9, 0xFEB9, 0xD574, 0x9BAF, 0xBC95,
    0xFE7D, 0xFE3C, 0xF61B, 0xFE3B, 0xFE5C, 0xFE3B, 0xEDDA, 0xDD99, 0xFE3C, 0xFE7D, 0xFE3C, 0xF61B, 0xE5BA, 0xA3D1, 0xC4D5, 0xF61B,
    0xFE7D, 0xFE5C, 0xF63B, 0xF63C, 0xF63B, 0xF63B, 0xF63B, 0xF63B, 0xF63B, 0xF63B, 0xF63B, 0xF63B, 0xF63C, 0xF63C, 0xF63B, 0xF63B,
    0xF63C, 0xF63B, 0xF61B, 0xF63B, 0xF63B, 0xF63B, 0xF63B, 0xF63C, 0xF63B, 0xF63B, 0xF63B, 0xF63B, 0xFE3B, 0xF63B, 0xF63B, 0xFE3B,
    0xFE3B, 0xF63B, 0xF63C, 0xF63C, 0xFE3B, 0xFE3B, 0xF63B, 0xFE3B, 0xF63B, 0xF63B, 0xF63B, 0xF63B, 0xF63B, 0xFE3B, 0xFE3B, 0xFE3B,
    0xFE3C, 0xFE3B, 0xFE3B, 0xF63B, 0xFE3B, 0xF63B, 0xFE1B, 0xF63B, 0xF61B, 0xF63B, 0xF63B, 0xF63B, 0xF63B, 0xFE1B, 0xF63B, 0xF63C,
    0xF63B, 0xFE3B, 0xFE3B, 0xFE3B, 0xF63B, 0xFE3B, 0xFE3B, 0xF63B, 0xF63B, 0xF63B, 0xF63B, 0xF63B, 0xF63B, 0xF63B, 0xFE3B, 0xF63B,
    0xF63B, 0xF61B, 0xFE1B, 0xFE3B, 0xF63B, 0xF63B, 0xF63B, 0xFE3B, 0xFE3B, 0xFE3B, 0xF63B, 0xFE3B, 0xF63B, 0xF63B, 0xF63B, 0xF63B,
    0xF63B, 0xFE3C, 0xFE3B, 0xF63B, 0xF63B, 0xF63B, 0xF63B, 0xF63B, 0xFE1B, 0xF63B, 0xF63B, 0xFE1B, 0xFE3B, 0xFE3B, 0xFE3B, 0xFE3C,
    0xFE3B, 0xFE3B, 0xFE3B, 0xFE3B, 0xF63B, 0xF63B, 0xF63B, 0xFE1B, 0xFE1B, 0xF61B, 0xFE5C, 0xE5B9, 0x9BB0, 0xE5F8, 0xFEDC, 0xF67B,
    0xFE5B, 0xF61A, 0xF5F9, 0xF5FA, 0xF5FA, 0xF5FA, 0xF5FA, 0xF5FA, 0xF5FA, 0xF5FA, 0xF5FA, 0xF5FA, 0xF5FA, 0xF5FA, 0xF5FA, 0xF5FA,
    0xF5FA, 0xF5FA, 0xF5FA, 0xF5FA, 0xF5FA, 0xF5FA, 0xF5FA, 0xF5FA, 0xF5FA, 0xF5FA, 0xF5FA, 0xFDFA, 0xF5FA, 0xF5FA, 0xFE1A, 0xE557,
    0xF5B9, 0xFE1A, 0xF5FA, 0xF5DA, 0xFE1A, 0xBC73, 0xE616, 0xFEB9, 0xF698, 0xF699, 0xFEB9, 0xFE99, 0xFE99, 0xF699, 0xF698, 0xF698,
    0xF699, 0xF698, 0xFEB9, 0xEDB5, 0xDCD2, 0xE4F2, 0xDCF2, 0xE4D2, 0xED13, 0xDCB2, 0xABAD, 0x9BCE, 0xCD34, 0xF698, 0xFEDA, 0xFE99,
    0xF678, 0xF698, 0xF698, 0xF699, 0xF699, 0xF698, 0xF699, 0xF698, 0xF698, 0xF699, 0xF698, 0xF698, 0xF698, 0xF699, 0xF698, 0xF699,
    0xF699, 0xF699, 0xF699, 0xF698, 0xF699, 0xF699, 0xF698, 0xF698, 0xFEB9, 0xFEDA, 0xFEB9, 0xD595, 0xA3F0, 0xAC12, 0xEDBA, 0xFE7D,
    0xF63B, 0xF63C, 0xF63B, 0xF63B, 0xF61B, 0xF61B, 0xFE3C, 0xFE5C, 0xF63B, 0xF61B, 0xF61B, 0xF63B, 0xF61B, 0xFE7D, 0xFE7D, 0xFE3B,
    0xF61B, 0xF63C, 0xFE3C, 0xF63C, 0xF63B, 0xF63B, 0xFE3B, 0xF63B, 0xFE3B, 0xFE3B, 0xF63B, 0xF63B, 0xF63B, 0xF63B, 0xF63B, 0xF63B,
    0xF63B, 0xF63B, 0xF61B, 0xF63B, 0xF63B, 0xF63B, 0xFE3B, 0xFE1B, 0xF63B, 0xF63B, 0xF63B, 0xF63B, 0xF63B, 0xF63B, 0xF63B, 0xFE3B,
    0xF63B, 0xF63C, 0xF63C, 0xF63B, 0xFE3B, 0xFE3B, 0xFE3B, 0xFE3B, 0xF63B, 0xFE3B, 0xFE3B, 0xF63B, 0xF63B, 0xFE3B, 0xF63B, 0xFE3B,
    0xFE3C, 0xFE3B, 0xFE1B, 0xFE3B, 0xFE3B, 0xF63C, 0xF63B, 0xF63B, 0xF63B, 0xF63B, 0xFE1B, 0xFE1B, 0xFE1B, 0xF63B, 0xF63B, 0xFE3C,
    0xFE3B, 0xF63B, 0xFE3B, 0xFE3B, 0xF63C, 0xFE3B, 0xFE3B, 0xFE3B, 0xFE3B, 0xF61B, 0xFE3B, 0xF63B, 0xF63C, 0xF63B, 0xF63B, 0xF63B,
    0xF63B, 0xF63B, 0xFE3B, 0xFE3C, 0xFE3C, 0xFE3B, 0xFE3B, 0xFE3B, 0xFE3C, 0xFE3B, 0xFE3B, 0xFE3B, 0xF63B, 0xF63B, 0xFE3B, 0xFE3B,
    0xF63B, 0xFE3B, 0xFE3B, 0xFE3B, 0xFE3B, 0xF63B, 0xF63B, 0xF63B, 0xF63C, 0xF63B, 0xF63B, 0xF63B, 0xFE3C, 0xFE3B, 0xFE3B, 0xFE3B,
    0xFE3B, 0xFE3B, 0xFE3B, 0xFE3B, 0xFE1B, 0xFE3B, 0xF63B, 0xFE3B, 0xF61B, 0xFE7C, 0xDD78, 0x9BB0, 0xE63A, 0xFEDC, 0xF67B, 0xFE5A,
    0xF5FA, 0xF5FA, 0xF5FA, 0xF5FA, 0xF5F9, 0xF5F9, 0xF5FA, 0xF5FA, 0xF5FA, 0xF5FA, 0xF5FA, 0xF5F9, 0xF5FA, 0xF5FA, 0xF5FA, 0xF5FA,
    0xF5FA, 0xF5FA, 0xF5FA, 0xF5F9, 0xF5FA, 0xF5FA, 0xF5FA, 0xF5F9, 0xF5FA, 0xF5F9, 0xF5FA, 0xF5FA, 0xF5FA, 0xF5FA, 0xFDFA, 0xF5B9,
    0xE537, 0xFDFA, 0xF5FA, 0xFDFA, 0xFE1A, 0xEDB9, 0xB472, 0xFEB9, 0xF698, 0xF699, 0xFE99, 0xF698, 0xFEB8, 0xFEB8, 0xFE99, 0xF699,
    0xF698, 0xF699, 0xF699, 0xF698, 0xE574, 0xE4D2, 0xE4F2, 0xDCF2, 0xDCD2, 0xE4D3, 0xED13, 0xD4B1, 0xABAE, 0x93AE, 0xBCF2, 0xEE58,
    0xFEDA, 0xFEB9, 0xF698, 0xF698, 0xF698, 0xF699, 0xF699, 0xF698, 0xF698, 0xF699, 0xF699, 0xF698, 0xF698, 0xF699, 0xF699, 0xF698,
    0xF698, 0xF698, 0xF679, 0xF678, 0xF698, 0xFEB9, 0xFEDA, 0xFED9, 0xEE36, 0xC513, 0xA410, 0xAC32, 0xDD78, 0xFE7D, 0xFE5C, 0xF63B,
    0xF63B, 0xF63C, 0xF63C, 0xF63B, 0xF63B, 0xF63B, 0xF63B, 0xF63B, 0xF63B, 0xF63B, 0xF63B, 0xF61B, 0xFE3B, 0xF63B, 0xF61B, 0xF63B,
    0xF63B, 0xFE3B, 0xFE3C, 0xF63B, 0xF63B, 0xFE3C, 0xFE3C, 0xF63B, 0xFE3B, 0xFE3B, 0xFE3C, 0xFE3B, 0xF63B, 0xF63B, 0xF63B, 0xF63B,
    0xF63B, 0xF63B, 0xF63B, 0xF63B, 0xF63B, 0xF63B, 0xFE3B, 0xFE3B, 0xF63B, 0xFE3B, 0xFE3C, 0xF63B, 0xFE3B, 0xF63B, 0xFE3C, 0xFE3B,
    0xFE3B, 0xFE3B, 0xFE3B, 0xF63B, 0xF63B, 0xFE3B, 0xFE3B, 0xFE3B, 0xF63B, 0xF63B, 0xF63B, 0xF63B, 0xFE3B, 0xFE3B, 0xFE3B, 0xFE3B,
    0xFE3B, 0xF63B, 0xF65C, 0xFE7C, 0xFE9B, 0xFE9C, 0xFEBC, 0xFEBB, 0xFEBC, 0xFE9C, 0xF67C, 0xFE3B, 0xFE3B, 0xFE1B, 0xFE1B, 0xFE1B,
    0xFE1B, 0xFE3B, 0xFE3B, 0xFE3B, 0xF63B, 0xF63B, 0xFE3C, 0xFE3C, 0xFE3B, 0xFE3B, 0xF63B, 0xFE3B, 0xFE3B, 0xFE3B, 0xFE3B, 0xFE3B,
    0xFE3B, 0xF63B, 0xFE3B, 0xFE3B, 0xFE3B, 0xFE3C, 0xFE3C, 0xFE3B, 0xFE3B, 0xFE3B, 0xFE3B, 0xFE3C, 0xF63B, 0xFE3B, 0xFE3B, 0xF63B,
    0xF63B, 0xFE3B, 0xFE1B, 0xFE3B, 0xFE3B, 0xFE3B, 0xFE3B, 0xFE3B, 0xF63B, 0xFE3B, 0xFE3C, 0xFE3B, 0xFE3B, 0xFE3B, 0xFE3B, 0xF63C,
    0xF63C, 0xF63B, 0xFE3B, 0xFE1B, 0xFE1B, 0xFE3B, 0xFE1B, 0xF61B, 0xFE5D, 0xDD78, 0x9BD0, 0xEE5A, 0xFEBC, 0xF67B, 0xF63B, 0xF5F9,
    0xF5FA, 0xF5FA, 0xF5FA, 0xF5FA, 0xF5FA, 0xF5FA, 0xF5FA, 0xF5FA, 0xF5F9, 0xF5F9, 0xF5FA, 0xF5FA, 0xF5FA, 0xF5FA, 0xF5FA, 0xF5FA,
    0xF5FA, 0xF5FA, 0xF5FA, 0xF5FA, 0xF5FA, 0xF5FA, 0xF5FA, 0xF5FA, 0xF5FA, 0xF5FA, 0xF5FA, 0xF5FA, 0xF5FA, 0xF5F9, 0xF5FA, 0xFE1A,
    0xE538, 0xED98, 0xFE1A, 0xFDFA, 0xF5F9, 0xFE3A, 0xDD16, 0xC4D3, 0xFED9, 0xF698, 0xFE99, 0xF699, 0xFE99, 0xFE99, 0xFE99, 0xF699,
    0xF698, 0xF698, 0xF698, 0xF699, 0xFE78, 0xE554, 0xDCD2, 0xE4D2, 0xE4F2, 0xE4F2, 0xDCD2, 0xE4F3, 0xED33, 0xDCB2, 0xB3CE, 0x936D,
    0xAC50, 0xD5B6, 0xFEB9, 0xFEFA, 0xFEB9, 0xF698, 0xF698, 0xF678, 0xF678, 0xF678, 0xF678, 0xF679, 0xF698, 0xF698, 0xF698, 0xFE99,
    0xFEB9, 0xFED9, 0xFED9, 0xFED9, 0xFE99, 0xEE16, 0xC4F2, 0xA430, 0xA3F1, 0xC4B5, 0xEDDA, 0xFE7C, 0xFE5C, 0xF61B, 0xF63B, 0xF63B,
    0xF63B, 0xF63B, 0xF63B, 0xF63C, 0xF63B, 0xF63B, 0xF63B, 0xF63B, 0xF63C, 0xF63C, 0xF63B, 0xF63B, 0xFE3B, 0xFE3B, 0xFE3B, 0xFE3B,
    0xFE3C, 0xFE3C, 0xF63B, 0xF63B, 0xFE3B, 0xF63B, 0xF63B, 0xF63B, 0xFE3B, 0xFE3B, 0xFE3B, 0xFE3B, 0xFE3C, 0xF63C, 0xF63B, 0xF63B,
    0xF63B, 0xF63B, 0xF63B, 0xF63B, 0xF63B, 0xFE3C, 0xFE3B, 0xF63B, 0xF63C, 0xFE3B, 0xFE3B, 0xF63B, 0xF63C, 0xF63B, 0xFE3C, 0xFE3B,
    0xFE3B, 0xFE3B, 0xFE3B, 0xF63B, 0xFE3B, 0xFE3B, 0xFE3B, 0xFE3B, 0xF63B, 0xF63B, 0xFE3B, 0xF63B, 0xFE3B, 0xFE3B, 0xFE3B, 0xFE3B,
    0xF67C, 0xFE9B, 0xFEBC, 0xFEDC, 0xFEFC, 0xFEFC, 0xFEFC, 0xFEFC, 0xFEFC, 0xFEFC, 0xF6FC, 0xFEDC, 0xFE9B, 0xF67B, 0xF65B, 0xFE3B,
    0xF63B, 0xFE3B, 0xFE3B, 0xFE3B, 0xF63B, 0xFE3B, 0xFE3B, 0xFE3B, 0xFE3B, 0xFE3B, 0xF63B, 0xFE1C, 0xFE1B, 0xFE3B, 0xFE3B, 0xFE3B,
    0xFE3B, 0xFE3B, 0xFE3B, 0xFE3C, 0xFE3B, 0xFE3B, 0xFE3B, 0xFE3B, 0xFE3C, 0xFE3B, 0xFE3B, 0xFE3B, 0xFE3B, 0xFE3B, 0xFE3B, 0xFE3C,
    0xF63B, 0xFE3B, 0xFE3B, 0xFE3B, 0xFE3C, 0xFE3B, 0xFE3B, 0xFE3B, 0xFE3B, 0xFE3B, 0xFE3B, 0xFE3B, 0xFE3C, 0xFE3B, 0xFE3B, 0xFE3B,
    0xFE3B, 0xFE3B, 0xFE3B, 0xFE3B, 0xFE1B, 0xFE1B, 0xF61B, 0xFE5C, 0xDD78, 0x9BAF, 0xF65A, 0xFEBC, 0xF67B, 0xFE3A, 0xF5FA, 0xF5FA,
    0xF5FA, 0xF5FA, 0xF5FA, 0xF5FA, 0xF5FA, 0xF5FA, 0xF5FA, 0xF5FA, 0xF5FA, 0xF5FA, 0xF5F9, 0xF5F9, 0xF5FA, 0xF5FA, 0xF5FA, 0xF5FA,
    0xF5FA, 0xF5FA, 0xF5FA, 0xF5FA, 0xF5FA, 0xF5FA, 0xF5F9, 0xF5FA, 0xF5FA, 0xF5DA, 0xF5FA, 0xFDFA, 0xF5FA, 0xF5FA, 0xF5FA, 0xFDFA,
    0xF5DA, 0xE517, 0xFDF9, 0xF5FA, 0xF5FA, 0xF5DA, 0xFE1B, 0xC4B4, 0xCD34, 0xFEFA, 0xF678, 0xF698, 0xF699, 0xF699, 0xF698, 0xF698,
    0xF699, 0xF698, 0xF699, 0xF698, 0xF699, 0xF678, 0xE533, 0xDCB2, 0xE4F2, 0xE4D2, 0xE4F2, 0xE4F2, 0xDCD2, 0xE4F2, 0xED13, 0xE4F2,
    0xBC0F, 0xA38D, 0x7B0B, 0xAC50, 0xD5B5, 0xF678, 0xFEB9, 0xFED9, 0xFED9, 0xFEDA, 0xFED9, 0xFEDA, 0xFEDA, 0xFED9, 0xF699, 0xEE78,
    0xE616, 0xD575, 0xBCB2, 0xAC10, 0x7AEB, 0x72EC, 0xCCF7, 0xE599, 0xFE3C, 0xFE7D, 0xFE3C, 0xF61B, 0xF61B, 0xF61C, 0xF63B, 0xF63B,
    0xF63C, 0xF63B, 0xF63B, 0xF63B, 0xF63B, 0xF63B, 0xF63C, 0xF63B, 0xF63B, 0xF63B, 0xF63B, 0xF63B, 0xF63B, 0xFE3C, 0xFE3B, 0xFE3C,
    0xFE3B, 0xFE3C, 0xFE3B, 0xFE3B, 0xFE3C, 0xF63B, 0xFE3B, 0xF63B, 0xFE3B, 0xFE3B, 0xFE3C, 0xFE3B, 0xFE3B, 0xFE3B, 0xF63B, 0xF63B,
    0xFE3B, 0xFE3C, 0xFE3B, 0xFE3C, 0xFE3B, 0xF63B, 0xFE3C, 0xFE3B, 0xFE3C, 0xFE3B, 0xFE3B, 0xF63B, 0xF63B, 0xFE3B, 0xFE3B, 0xFE3B,
    0xFE3B, 0xF63B, 0xFE3B, 0xFE3B, 0xFE3B, 0xFE3C, 0xFE3B, 0xFE3B, 0xFE3B, 0xF63B, 0xFE3B, 0xF63B, 0xFE3B, 0xFE3B, 0xFE3B, 0xFE3B,
    0xFEBC, 0xFEDC, 0xF6DC, 0xFEDB, 0xFEDB, 0xFEDC, 0xFEBC, 0xFEBC, 0xFEDB, 0xFEDB, 0xFEFB, 0xFEFC, 0xFEFC, 0xFEFC, 0xFEDC, 0xFEDC,
    0xFEDC, 0xFEBC, 0xFEBC, 0xFE9B, 0xFE5B, 0xFE3B, 0xFE3B, 0xFE3B, 0xFE3B, 0xFE3B, 0xFE3B, 0xFE3C, 0xFE3B, 0xFE3B, 0xFE3B, 0xFE3B,
    0xFE3B, 0xFE3B, 0xFE3C, 0xFE3C, 0xFE3C, 0xFE3B, 0xFE3B, 0xFE3B, 0xFE3B, 0xFE3B, 0xFE3B, 0xFE3C, 0xFE3B, 0xFE3B, 0xFE3C, 0xFE3C,
    0xFE3B, 0xFE3B, 0xFE3B, 0xFE3B, 0xFE3B, 0xFE3B, 0xFE3B, 0xFE3B, 0xFE3B, 0xFE3B, 0xFE3C, 0xFE3C, 0xFE3B, 0xFE3B, 0xFE3B, 0xFE3B,
    0xFE3B, 0xFE3B, 0xFE3B, 0xFE3C, 0xFE1C, 0xF61B, 0xFE5C, 0xE598, 0x9390, 0xEE5A, 0xFEBC, 0xF67B, 0xF63A, 0xF5FA, 0xF5FA, 0xF5FA,
    0xF5FA, 0xF5FA, 0xF5FA, 0xF5FA, 0xF5FA, 0xF5FA, 0xF5FA, 0xF5FA, 0xF5FA, 0xF5FA, 0xF5F9, 0xF5F9, 0xF5FA, 0xF5FA, 0xF5FA, 0xF5FA,
    0xF5FA, 0xF5FA, 0xF5FA, 0xF5FA, 0xF5FA, 0xF5FA, 0xF5FA, 0xF5FA, 0xF5FA, 0xF5D9, 0xF5FA, 0xFDFA, 0xFDFA, 0xF5FA, 0xF5FA, 0xF5F9,
    0xFE1A, 0xED58, 0xED57, 0xFE1A, 0xF5FA, 0xF5FA, 0xF5FA, 0xFE3B, 0xBC73, 0xD595, 0xFEFA, 0xF678, 0xF699, 0xF698, 0xF699, 0xF699,
    0xF699, 0xF699, 0xF699, 0xF698, 0xF698, 0xF6B9, 0xF678, 0xE513, 0xDCD2, 0xE4F2, 0xE4F2, 0xE4F2, 0xE4F2, 0xE4F2, 0xE4D2, 0xE4D2,
    0xF554, 0xB40E, 0x82EA, 0xAB8D, 0x6208, 0x624A, 0x9BAF, 0xA410, 0xAC51, 0xB492, 0xB4B1, 0xB471, 0xAC51, 0xABF0, 0x9BAF, 0x9B8F,
    0xA34E, 0xAB4F, 0xB371, 0xC3B2, 0xD3F3, 0xA34F, 0xAC12, 0xFE3C, 0xFE3B, 0xF61B, 0xF61B, 0xF63B, 0xF63B, 0xF63C, 0xF63B, 0xF63B,
    0xF63C, 0xF63B, 0xF63B, 0xFE3B, 0xF63C, 0xF63B, 0xFE3B, 0xF63B, 0xF63C, 0xF63B, 0xF63B, 0xF63B, 0xF63B, 0xF63C, 0xFE3B, 0xFE3B,
    0xF63B, 0xFE3C, 0xFE3B, 0xFE3B, 0xFE3C, 0xFE3B, 0xFE3B, 0xFE3B, 0xFE3C, 0xFE3C, 0xFE3B, 0xFE3B, 0xFE3B, 0xFE3B, 0xFE3B, 0xF63B,
    0xFE3B, 0xFE3C, 0xFE3C, 0xFE3B, 0xFE3B, 0xFE3B, 0xFE3C, 0xFE3B, 0xFE3C, 0xFE3B, 0xFE3B, 0xFE3B, 0xFE3C, 0xFE3C, 0xFE3B, 0xFE3B,
    0xFE3B, 0xFE3B, 0xFE3B, 0xFE3B, 0xFE3C, 0xFE3C, 0xFE3C, 0xFE3C, 0xFE3B, 0xF63B, 0xFE3B, 0xFE3B, 0xFE3B, 0xFE3C, 0xFE3B, 0xFE3B,
    0xFEDC, 0xF6BC, 0xF6BB, 0xF6BC, 0xFEBB, 0xFE9B, 0xFE7B, 0xFE7B, 0xFE7B, 0xFE7B, 0xF69B, 0xFEDC, 0xF6FC, 0xF6FC, 0xFEFC, 0xFEFC,
    0xFEDB, 0xFEDB, 0xFEDC, 0xFEBC, 0xFE7C, 0xFE3B, 0xFE3B, 0xFE3B, 0xFE3B, 0xFE3B, 0xFE3B, 0xFE3B, 0xFE3B, 0xFE3C, 0xFE3B, 0xFE3B,
    0xFE3B, 0xFE3B, 0xFE3B, 0xFE3B, 0xFE3B, 0xFE3B, 0xFE3B, 0xFE3B, 0xFE3B, 0xFE3B, 0xF63B, 0xFE3C, 0xFE3C, 0xFE3B, 0xFE3B, 0xFE3B,
    0xFE3B, 0xFE3C, 0xFE3B, 0xFE3B, 0xFE3B, 0xF63B, 0xF63B, 0xFE3B, 0xFE3B, 0xFE3B, 0xFE3B, 0xFE3B, 0xFE3B, 0xFE3B, 0xFE3B, 0xFE3B,
    0xFE3B, 0xFE3B, 0xFE3B, 0xFE3B, 0xF61B, 0xFE5C, 0xEDDA, 0x938F, 0xEE3A, 0xFEBC, 0xF67B, 0xF63A, 0xF5FA, 0xF5FA, 0xF5FA, 0xF5FA,
    0xF5FA, 0xF5FA, 0xF5FA, 0xF5FA, 0xF5FA, 0xF5FA, 0xFDFA, 0xF5F9, 0xF5FA, 0xF5FA, 0xF5FA, 0xF5FA, 0xF5FA, 0xF5FA, 0xF5FA, 0xF5FA,
    0xF5FA, 0xF5FA, 0xF619, 0xF5FA, 0xF5FA, 0xF5FA, 0xF5FA, 0xF5FA, 0xFDFA, 0xF5D9, 0xF5B9, 0xFDFA, 0xF5FA, 0xF5FA, 0xF5FA, 0xF5FA,
    0xF5FA, 0xFDFA, 0xDD16, 0xF5D9, 0xFDFA, 0xF5FA, 0xF5F9, 0xFDFA, 0xFE1A, 0xBC72, 0xD575, 0xFEFA, 0xF679, 0xF699, 0xF698, 0xF698,
    0xF699, 0xF699, 0xF699, 0xF698, 0xF698, 0xF698, 0xFEB9, 0xFE77, 0xE533, 0xE4D2, 0xE4F2, 0xE4F2, 0xE4F2, 0xE4F2, 0xE4F2, 0xED13,
    0xC450, 0x932C, 0xDCD1, 0xECF3, 0x934C, 0x7A4B, 0xE414, 0xC392, 0xC391, 0x9AEE, 0xB371, 0xBB92, 0xC3B3, 0xCBB3, 0xD3F4, 0xDC35,
    0xE455, 0xE456, 0xE475, 0xE455, 0xE454, 0xE475, 0xB350, 0x934F, 0xF61B, 0xFE3B, 0xF61B, 0xFE1B, 0xF63B, 0xF63B, 0xF63B, 0xF63B,
    0xF63B, 0xF63B, 0xF63B, 0xF63B, 0xF63B, 0xF63B, 0xF63B, 0xF63B, 0xF63B, 0xF63C, 0xF63B, 0xF63B, 0xF63B, 0xF63B, 0xFE3B, 0xF63C,
    0xF63B, 0xF63B, 0xF63B, 0xF63B, 0xFE3B, 0xFE3B, 0xFE3B, 0xFE3B, 0xFE3B, 0xFE3B, 0xFE3B, 0xFE3C, 0xFE3B, 0xFE3C, 0xF63B, 0xF63B,
    0xFE3B, 0xFE3B, 0xFE3B, 0xFE3C, 0xFE3B, 0xFE3C, 0xFE3B, 0xFE3B, 0xFE3B, 0xFE3B, 0xFE3B, 0xFE3B, 0xFE3B, 0xFE3B, 0xFE3B, 0xFE3B,
    0xFE3B, 0xFE3B, 0xF63B, 0xF63B, 0xFE3C, 0xFE3B, 0xFE3C, 0xFE3C, 0xFE3B, 0xFE3B, 0xFE3B, 0xFE3B, 0xFE3B, 0xFE3C, 0xFE3B, 0xFE3B,
    0xFE9B, 0xF67C, 0xFE7B, 0xFE7B, 0xFE5B, 0xFE5B, 0xFE7B, 0xFE5B, 0xFE3B, 0xFE1B, 0xFE1A, 0xFE3A, 0xFE7B, 0xFE9B, 0xFE9B, 0xFE7B,
    0xFE5B, 0xFE5B, 0xFE3B, 0xFE3B, 0xFE3B, 0xFE3B, 0xFE3B, 0xFE3B, 0xFE3B, 0xFE3B, 0xFE3B, 0xFE3B, 0xFE3B, 0xFE3B, 0xF63B, 0xFE3B,
    0xFE3C, 0xFE3C, 0xFE3B, 0xFE3B, 0xFE3C, 0xFE3B, 0xFE3B, 0xFE3B, 0xFE3B, 0xFE3C, 0xFE3C, 0xFE3B, 0xFE3B, 0xFE3B, 0xFE3B, 0xFE3B,
    0xFE3B, 0xFE3B, 0xFE3B, 0xFE3B, 0xFE3B, 0xFE3C, 0xFE3B, 0xFE3B, 0xFE3C, 0xFE3B, 0xFE3B, 0xFE3B, 0xFE3B, 0xFE3B, 0xFE3C, 0xFE3B,
    0xFE3B, 0xFE3B, 0xFE3B, 0xF63B, 0xFE3C, 0xF5FB, 0x938F, 0xE5D8, 0xFEDC, 0xF67B, 0xFE3B, 0xF5FA, 0xF5FA, 0xF5FA, 0xF5FA, 0xF5FA,
    0xF5FA, 0xF5FA, 0xF5FA, 0xFDFA, 0xF5FA, 0xF5FA, 0xF5FA, 0xF5FA, 0xF5FA, 0xF5FA, 0xFDFA, 0xF5FA, 0xF5FA, 0xF5FA, 0xF5FA, 0xF5F9,
    0xF5FA, 0xF5FA, 0xF5FA, 0xF5FA, 0xF5FA, 0xF5FA, 0xF5FA, 0xF5FA, 0xFDFA, 0xF5D9, 0xF598, 0xFDFA, 0xF5FA, 0xF5FA, 0xF5FA, 0xF5FA,
    0xF5F9, 0xFE1A, 0xF5B9, 0xDCF6, 0xFDFA, 0xF5DA, 0xF5FA, 0xF5FA, 0xFDFA, 0xFE1A, 0xBC73, 0xCD34, 0xFED9, 0xFE99, 0xF678, 0xF699,
    0xF698, 0xF698, 0xF698, 0xF698, 0xF698, 0xF698, 0xF699, 0xF699, 0xF678, 0xED54, 0xDCD2, 0xE4F2, 0xE4F2, 0xE4F2, 0xE4F2, 0xDCD2,
    0x932B, 0xD491, 0xDCB1, 0xDCB1, 0x9B6C, 0xAB50, 0xEC75, 0xDC35, 0xE435, 0xC3B1, 0xE455, 0xE455, 0xE455, 0xDC55, 0xDC35, 0xDC35,
    0xDC34, 0xDC34, 0xDC34, 0xDC35, 0xDC34, 0xDC34, 0xEC75, 0xB351, 0x9B70, 0xFE5C, 0xF61B, 0xFE1B, 0xF61B, 0xF63B, 0xF63B, 0xF63B,
    0xF63B, 0xF63C, 0xF63B, 0xF63B, 0xF63B, 0xFE3B, 0xFE3B, 0xFE3C, 0xFE3B, 0xFE3B, 0xFE3B, 0xF63B, 0xFE3B, 0xF63B, 0xF63B, 0xF63B,
    0xF63B, 0xF63B, 0xF63B, 0xF63C, 0xFE3B, 0xF63B, 0xF63B, 0xF63B, 0xFE3C, 0xF63B, 0xFE3B, 0xFE3C, 0xFE3B, 0xF63B, 0xF63B, 0xFE3B,
    0xFE3B, 0xFE3B, 0xFE3B, 0xFE3B, 0xFE3B, 0xFE3B, 0xFE3B, 0xFE3C, 0xFE3B, 0xFE3B, 0xFE3C, 0xFE3B, 0xF63B, 0xFE3B, 0xFE3B, 0xFE3B,
    0xFE3B, 0xFE3B, 0xFE3B, 0xFE3B, 0xFE3B, 0xFE3B, 0xFE3B, 0xFE3C, 0xFE3C, 0xFE3B, 0xFE3B, 0xFE3B, 0xFE3B, 0xFE3C, 0xFE3B, 0xFE3B,
    0xFE3B, 0xF61A, 0xF5FA, 0xFDFA, 0xFDFB, 0xFE3B, 0xFE5B, 0xFE3A, 0xFE1A, 0xFE1B, 0xFDFB, 0xFE1A, 0xFE1A, 0xFE1B, 0xFE1B, 0xFE1B,
    0xFE1B, 0xFE1B, 0xFE3B, 0xFE3B, 0xFE3B, 0xFE3B, 0xFE3B, 0xFE3B, 0xFE3C, 0xFE3B, 0xFE3B, 0xFE3B, 0xFE3B, 0xFE3B, 0xFE3B, 0xFE3B,
    0xFE3B, 0xFE3B, 0xFE3B, 0xFE3B, 0xFE3B, 0xFE3B, 0xFE3B, 0xFE3B, 0xFE3C, 0xFE3B, 0xFE3B, 0xFE3B, 0xFE3C, 0xFE3B, 0xFE3B, 0xFE3B,
    0xFE3B, 0xFE3B, 0xFE3C, 0xFE3B, 0xFE3B, 0xFE3B, 0xFE3C, 0xFE3B, 0xFE3B, 0xFE3B, 0xFE3B, 0xFE3B, 0xFE3C, 0xFE3B, 0xFE3B, 0xFE3B,
    0xFE3C, 0xFE3B, 0xFE3B, 0xFE3B, 0xFE3B, 0x9BD0, 0xD597, 0xFEDD, 0xF67B, 0xF65B, 0xF5FA, 0xF5FA, 0xF5FA, 0xF5FA, 0xF5FA, 0xF5F9,
    0xF5FA, 0xF5FA, 0xF5FA, 0xF5FA, 0xF5FA, 0xF5FA, 0xF5FA, 0xF5FA, 0xF5F9, 0xFDFA, 0xF599, 0xF599, 0xF61A, 0xF5FA, 0xF5FA, 0xF5FA,
    0xF5FA, 0xF5FA, 0xF5FA, 0xF5FA, 0xF5FA, 0xF5FA, 0xF5F9, 0xF5FA, 0xF5FA, 0xFDFA, 0xED78, 0xF5DA, 0xF5F9, 0xF5FA, 0xF5FA, 0xFDFA,
    0xF5FA, 0xF5FA, 0xFE1A, 0xE558, 0xE537, 0xFE1A, 0xF5FA, 0xF5F9, 0xF5FA, 0xF5FA, 0xFE1B, 0xC4B4, 0xBCB2, 0xF698, 0xFEB9, 0xF678,
    0xF698, 0xF699, 0xF699, 0xF699, 0xF698, 0xF698, 0xF699, 0xF699, 0xF699, 0xFE98, 0xED95, 0xDCD2, 0xE4D2, 0xE4D2, 0xE513, 0x9B6D,
    0xC42F, 0xE4D2, 0xDC91, 0xDCB1, 0x9B2D, 0xD414, 0xDC34, 0xDC35, 0xDC14, 0xBB91, 0xDC34, 0xDC34, 0xDC34, 0xDC34, 0xDC34, 0xDC34,
    0xDC34, 0xDC35, 0xDC34, 0xDC34, 0xDC35, 0xDC35, 0xDC35, 0xEC76, 0xA30F, 0xB453, 0xFE7C, 0xF61B, 0xF63B, 0xF63B, 0xFE3B, 0xF63C,
    0xF63B, 0xF63B, 0xF63B, 0xFE3B, 0xFE3B, 0xFE3B, 0xFE3C, 0xFE3B, 0xFE3C, 0xFE3B, 0xF63C, 0xF63B, 0xF63B, 0xF63B, 0xF63B, 0xFE3B,
    0xFE3C, 0xFE3B, 0xFE5B, 0xF63B, 0xF63C, 0xF63B, 0xF63B, 0xFE3B, 0xF63B, 0xF63B, 0xFE3C, 0xFE3B, 0xFE3B, 0xFE3C, 0xFE3C, 0xFE3B,
    0xFE3B, 0xF63B, 0xF63B, 0xFE3B, 0xFE3C, 0xFE3B, 0xFE3C, 0xFE3C, 0xFE3C, 0xFE3B, 0xFE3B, 0xFE3B, 0xFE3B, 0xFE3B, 0xFE3C, 0xFE3B,
    0xF63B, 0xFE3B, 0xFE3C, 0xFE3B, 0xFE3C, 0xFE3C, 0xFE3C, 0xFE3C, 0xFE3B, 0xFE3B, 0xFE3B, 0xFE3C, 0xFE3B, 0xFE3B, 0xFE3C, 0xFE3B,
    0xFE1B, 0xFDFA, 0xFDFA, 0xFDFA, 0xFDFA, 0xFDFA, 0xFDFB, 0xFDFA, 0xFDFA, 0xFE1A, 0xFDFB, 0xFE1A, 0xFE1B, 0xFE1B, 0xFE3B, 0xFE3B,
    0xFE3B, 0xFE3C, 0xFE3B, 0xFE3B, 0xFE3C, 0xFE3B, 0xFE3B, 0xFE3B, 0xFE3B, 0xFE3B, 0xFE3C, 0xFE3B, 0xFE3B, 0xFE3B, 0xFE3B, 0xFE3B,
    0xFE3B, 0xFE3B, 0xFE3B, 0xFE3B, 0xFE3B, 0xFE3C, 0xFE3C, 0xFE3B, 0xFE3C, 0xFE3C, 0xFE3B, 0xFE3B, 0xFE3B, 0xFE3B, 0xFE3C, 0xFE3C,
    0xFE3B, 0xFE3B, 0xFE3B, 0xFE3B, 0xFE3B, 0xFE3B, 0xFE3B, 0xFE3B, 0xFE3B, 0xFE3C, 0xFE3C, 0xFE3B, 0xFE3C, 0xFE3C, 0xFE3B, 0xFE3B,
    0xFE3B, 0xF63B, 0xF61B, 0xFE5D, 0xAC12, 0xCD35, 0xFEFC, 0xF67B, 0xFE7B, 0xF5FA, 0xFDFA, 0xF5FA, 0xF5FA, 0xF5FA, 0xF5FA, 0xF5F9,
    0xF5FA, 0xF5FA, 0xF5FA, 0xF5FA, 0xF5FA, 0xF5FA, 0xF5FA, 0xF5FA, 0xF5FA, 0xF5FA, 0xF5FA, 0xF578, 0xF578, 0xFDF9, 0xF5FA, 0xF5FA,
    0xF5FA, 0xF5FA, 0xF5FA, 0xF5FA, 0xF5FA, 0xF5FA, 0xF5FA, 0xF5FA, 0xF5F9, 0xFE1A, 0xF598, 0xF5B9, 0xF5FA, 0xF5FA, 0xF5FA, 0xFDFA,
    0xF5FA, 0xF5FA, 0xF5FA, 0xFE1A, 0xDCF6, 0xED58, 0xFE1B, 0xF5DA, 0xF5FA, 0xF5FA, 0xF5FA, 0xFE1B, 0xDD37, 0xB451, 0xDDB5, 0xFEDA,
    0xFEB9, 0xF698, 0xF698, 0xF698, 0xF698, 0xF698, 0xF698, 0xF698, 0xF698, 0xF698, 0xFE99, 0xEDF6, 0xE4F2, 0xE4F2, 0xBC0F, 0xA36C,
    0xE4D1, 0xDCB1, 0xE4F2, 0xB3CE, 0xBB91, 0xE454, 0xDC33, 0xE454, 0xCBD3, 0xCBD2, 0xDC55, 0xDC34, 0xDC34, 0xDC34, 0xDC35, 0xDC35,
    0xDC35, 0xDC35, 0xDC35, 0xDC35, 0xDC34, 0xDC34, 0xDC35, 0xDC35, 0xE455, 0x92EE, 0xE598, 0xFE5C, 0xF61B, 0xF63B, 0xFE3B, 0xF63B,
    0xF63B, 0xF63B, 0xF63C, 0xF63C, 0xFE3B, 0xFE3B, 0xFE3C, 0xFE3B, 0xFE3B, 0xFE3B, 0xF63B, 0xFE3B, 0xFE3C, 0xF63B, 0xFE3B, 0xFE3B,
    0xFE3B, 0xFE3B, 0xFE5B, 0xFE3B, 0xF63B, 0xF63B, 0xFE3B, 0xFE3C, 0xF63B, 0xFE3B, 0xFE3C, 0xFE3C, 0xFE3B, 0xFE3B, 0xFE3B, 0xFE3B,
    0xFE3C, 0xF63B, 0xFE3B, 0xFE3B, 0xFE3B, 0xFE5B, 0xFE3B, 0xFE3B, 0xFE3B, 0xFE3B, 0xFE3B, 0xFE3C, 0xFE3C, 0xF63B, 0xFE3B, 0xFE3B,
    0xFE3B, 0xFE3B, 0xFE3C, 0xFE3C, 0xFE3C, 0xFE3C, 0xFE3B, 0xFE3C, 0xFE3B, 0xFE3B, 0xFE3B, 0xFE3C, 0xFE3B, 0xFE3C, 0xFE3C, 0xFE3B,
    0xFE1B, 0xFE1B, 0xFE1B, 0xFE1B, 0xFDFB, 0xFDFA, 0xFE1A, 0xFE1B, 0xFE1B, 0xFE1B, 0xFE1B, 0xFE1B, 0xFE3B, 0xFE3C, 0xFE3B, 0xFE3B,
    0xFE3B, 0xFE3B, 0xFE3B, 0xFE3B, 0xFE3B, 0xFE3B, 0xFE3B, 0xFE3B, 0xFE3B, 0xFE3B, 0xFE3B, 0xFE3B, 0xFE3B, 0xFE3B, 0xFE3B, 0xFE3B,
    0xFE3B, 0xFE3C, 0xFE3B, 0xFE3B, 0xFE3B, 0xFE3B, 0xFE3B, 0xFE3B, 0xFE3B, 0xFE3B, 0xFE3B, 0xFE3B, 0xFE3B, 0xFE3B, 0xFE3B, 0xFE3B,
    0xFE3B, 0xFE3B, 0xFE3B, 0xFE3B, 0xFE3B, 0xFE3C, 0xFE3C, 0xFE3B, 0xFE3B, 0xFE3B, 0xFE3B, 0xFE3B, 0xFE3B, 0xFE3B, 0xFE3B, 0xFE3B,
    0xFE3C, 0xF61B, 0xFE7D, 0xBC73, 0xB493, 0xFEFD, 0xF67B, 0xFE7B, 0xF61A, 0xF5FA, 0xF5FA, 0xF5FA, 0xF5FA, 0xF5FA, 0xF5FA, 0xF5FA,
    0xF5FA, 0xF5FA, 0xF5FA, 0xF5FA, 0xF5FA, 0xF5FA, 0xF5FA, 0xF5FA, 0xF5FA, 0xF5FA, 0xF5FA, 0xFDFA, 0xF5B9, 0xED37, 0xFDDA, 0xFDFA,
    0xF5F9, 0xF5F9, 0xF5FA, 0xF5FA, 0xF5FA, 0xF5FA, 0xF5FA, 0xF5FA, 0xF5FA, 0xFDFA, 0xF5D9, 0xED98, 0xFDFA, 0xF5FA, 0xF5FA, 0xFDFA,
    0xF5FA, 0xF5FA, 0xF5FA, 0xF5FA, 0xFDFA, 0xD4D5, 0xEDB9, 0xFE1A, 0xF5FA, 0xF5FA, 0xF5F9, 0xF5F9, 0xFE1A, 0xF5B9, 0xBC73, 0xBC92,
    0xE5F6, 0xFED9, 0xFEB9, 0xFE99, 0xF678, 0xF698, 0xF699, 0xF698, 0xF698, 0xF698, 0xF698, 0xFE99, 0xF657, 0xEDB5, 0xABCE, 0xD471,
    0xE4F2, 0xDCB2, 0xB3CE, 0xB390, 0xE435, 0xDC14, 0xDC34, 0xDC34, 0xBB91, 0xDC34, 0xDC35, 0xDC34, 0xDC35, 0xDC34, 0xDC34, 0xDC34,
    0xDC34, 0xDC34, 0xDC34, 0xDC34, 0xDC34, 0xDC35, 0xDC34, 0xDC34, 0xE455, 0xCBB2, 0x9B90, 0xFE5C, 0xF61B, 0xF63B, 0xFE3B, 0xF63B,
    0xF63C, 0xFE3B, 0xF63B, 0xFE3B, 0xFE3B, 0xFE3B, 0xFE3B, 0xFE3B, 0xFE3B, 0xFE3B, 0xF63B, 0xF63B, 0xFE3B, 0xF63B, 0xF63B, 0xFE3B,
    0xFE3B, 0xF63B, 0xFE3C, 0xFE3C, 0xFE3B, 0xFE3B, 0xFE3B, 0xFE3B, 0xFE3B, 0xFE3B, 0xFE3B, 0xFE3B, 0xF63B, 0xFE3B, 0xFE3B, 0xF63B,
    0xFE3B, 0xFE3B, 0xFE3B, 0xFE3B, 0xFE3B, 0xFE3B, 0xFE3B, 0xFE3C, 0xFE3B, 0xFE3B, 0xFE3B, 0xFE3B, 0xFE3B, 0xFE3B, 0xFE3B, 0xFE3B,
    0xFE3B, 0xFE3B, 0xFE3C, 0xFE3B, 0xFE3C, 0xFE3B, 0xFE3B, 0xFE3B, 0xFE3B, 0xFE3B, 0xFE3B, 0xFE3B, 0xFE3B, 0xFE3C, 0xFE3B, 0xFE3B,
    0xFE1B, 0xFE1B, 0xFE1B, 0xFE1B, 0xFE3B, 0xFE3B, 0xFE3B, 0xFE3B, 0xFE3B, 0xFE3B, 0xFE3B, 0xFE3B, 0xFE3B, 0xFE3B, 0xFE3B, 0xFE3B,
    0xFE3B, 0xFE3B, 0xFE3B, 0xFE3B, 0xFE3B, 0xFE3B, 0xFE3B, 0xFE3B, 0xFE3B, 0xF63B, 0xFE3B, 0xFE3B, 0xFE3B, 0xFE3B, 0xFE3B, 0xFE3C,
    0xFE3C, 0xFE3C, 0xFE3C, 0xFE3B, 0xFE3B, 0xFE3B, 0xFE3B, 0xFE3B, 0xFE3B, 0xFE3B, 0xFE3B, 0xFE3B, 0xFE3B, 0xFE3B, 0xFE3B, 0xFE3B,
    0xF63B, 0xFE3B, 0xFE3B, 0xFE3C, 0xFE3C, 0xFE3B, 0xFE3B, 0xFE5B, 0xFE3B, 0xFE3B, 0xFE3B, 0xFE3B, 0xFE3B, 0xFE3B, 0xFE3B, 0xFE3B,
    0xF61B, 0xFE7C, 0xD537, 0xA3F1, 0xFEDC, 0xF69B, 0xFE9B, 0xF63A, 0xF5FA, 0xFDFA, 0xF5FA, 0xF5FA, 0xF5FA, 0xF5F9, 0xF5FA, 0xF5FA,
    0xF5F9, 0xF5FA, 0xF5FA, 0xF5FA, 0xF5FA, 0xF5FA, 0xF5FA, 0xF5FA, 0xF5FA, 0xF5FA, 0xF5FA, 0xF5FA, 0xFE1A, 0xF5D9, 0xED17, 0xFDD9,
    0xF61A, 0xF5FA, 0xF5FA, 0xF5FA, 0xF5FA, 0xF5FA, 0xF5FA, 0xF5FA, 0xFDFA, 0xF5FA, 0xF5F9, 0xED78, 0xFDFA, 0xF5FA, 0xF5FA, 0xF5FA,
    0xF5FA, 0xF5FA, 0xFDFA, 0xF5FA, 0xFDFA, 0xF5D9, 0xD4D5, 0xF5B9, 0xFE1A, 0xF5FA, 0xF5FA, 0xF5FA, 0xF5F9, 0xFDFA, 0xFE3B, 0xE557,
    0xBC73, 0xBC92, 0xDDB6, 0xF698, 0xFED9, 0xFED9, 0xFEB9, 0xF699, 0xF698, 0xF699, 0xF698, 0xF678, 0xFE98, 0xFEB9, 0xFE99, 0xEDD5,
    0xC450, 0xA36E, 0xBB92, 0xE435, 0xDC14, 0xDC14, 0xE455, 0xCBD2, 0xC392, 0xE455, 0xDC34, 0xDC34, 0xDC34, 0xDC34, 0xDC34, 0xDC34,
    0xDC35, 0xDC34, 0xDC34, 0xDC34, 0xDC34, 0xDC35, 0xDC34, 0xDC34, 0xDC34, 0xE455, 0x9AEF, 0xD537, 0xFE5C, 0xF63B, 0xFE3B, 0xFE3B,
    0xFE3B, 0xFE3B, 0xFE3B, 0xFE5B, 0xFE3C, 0xFE3B, 0xFE3B, 0xFE3B, 0xFE3B, 0xFE3B, 0xFE3B, 0xFE3B, 0xFE3B, 0xFE3B, 0xFE3B, 0xFE3B,
    0xFE3B, 0xFE3B, 0xFE3B, 0xFE3B, 0xFE3B, 0xFE3B, 0xFE3B, 0xFE5B, 0xFE3B, 0xFE3B, 0xFE5B, 0xFE3B, 0xFE3B, 0xFE3B, 0xFE3B, 0xFE3B,
    0xFE3B, 0xFE3B, 0xFE3B, 0xFE3B, 0xFE3B, 0xFE3B, 0xFE3B, 0xFE3B, 0xFE3C, 0xFE3B, 0xFE3B, 0xFE3B, 0xFE3C, 0xFE3C, 0xFE3B, 0xFE3C,
    0xFE3C, 0xFE3B, 0xFE3B, 0xFE3B, 0xFE3B, 0xFE5B, 0xFE3B, 0xFE3C, 0xFE3B, 0xFE3B, 0xFE3B, 0xFE5B, 0xFE3B, 0xFE3C, 0xFE3B, 0xFE3B,
    0xFE3C, 0xFE3B, 0xFE3C, 0xFE3B, 0xFE3B, 0xFE3C, 0xFE3B, 0xFE3B, 0xFE3C, 0xFE3B, 0xFE3B, 0xFE3B, 0xFE3B, 0xFE3B, 0xFE3B, 0xFE3B,
    0xFE3B, 0xFE3B, 0xFE3B, 0xFE3B, 0xFE3B, 0xFE3B, 0xFE3B, 0xFE3B, 0xFE3B, 0xFE3C, 0xFE3B, 0xFE3B, 0xFE3C, 0xFE3C, 0xFE3B, 0xFE3B,
    0xFE3B, 0xFE3B, 0xFE3B, 0xFE3B, 0xFE3B, 0xFE3B, 0xF63B, 0xFE3B, 0xFE3B, 0xFE3B, 0xFE3B, 0xFE3C, 0xFE3B, 0xFE3B, 0xFE3C, 0xFE3B,
    0xFE3B, 0xFE3C, 0xFE3B, 0xFE3B, 0xFE3B, 0xFE3B, 0xFE3B, 0xFE3B, 0xFE3B, 0xFE3C, 0xFE3B, 0xFE3B, 0xFE3B, 0xFE3B, 0xFE3C, 0xFE3C,
    0xFE3C, 0xF5FA, 0x9BB0, 0xF65A, 0xFE9C, 0xF69C, 0xF65B, 0xF5FA, 0xFDFA, 0xF5FA, 0xF5FA, 0xF5FA, 0xF5FA, 0xF5FA, 0xF5F9, 0xF5F9,
    0xF5FA, 0xF5FA, 0xF5FA, 0xF5FA, 0xF5FA, 0xF5FA, 0xF5FA, 0xF5FA, 0xF5FA, 0xF5FA, 0xF5FA, 0xF5FA, 0xF5FA, 0xFE1A, 0xF5D9, 0xED16,
    0xFDD9, 0xF5FA, 0xF5FA, 0xF5FA, 0xF5FA, 0xF5FA, 0xF5FA, 0xF5FA, 0xFDFA, 0xF5FA, 0xFDFA, 0xED78, 0xF5B9, 0xFDFA, 0xF5FA, 0xF5FA,
    0xF5FA, 0xFDFA, 0xFDFA, 0xF5F9, 0xF5FA, 0xFE1A, 0xF5D9, 0xD4D5, 0xF5D9, 0xFE1A, 0xF5FA, 0xF5FA, 0xF5FA, 0xF5F9, 0xF5DA, 0xFE1B,
    0xFE1A, 0xE557, 0xC494, 0xBC72, 0xC4D3, 0xD575, 0xE5F6, 0xF657, 0xFE98, 0xFE99, 0xFEB9, 0xFE98, 0xF658, 0xE5B6, 0xC4F2, 0xAC10,
    0xBC73, 0xF5D9, 0xECD7, 0xDC14, 0xDC34, 0xDC34, 0xDC14, 0xBB71, 0xDC14, 0xDC34, 0xDC34, 0xDC34, 0xDC34, 0xDC34, 0xDC35, 0xDC34,
    0xDC34, 0xDC34, 0xDC35, 0xDC35, 0xDC35, 0xDC34, 0xDC34, 0xDC35, 0xDC34, 0xE455, 0xCBB3, 0xA3B1, 0xFE5C, 0xFE1B, 0xFE3B, 0xFE3B,
    0xFE3B, 0xFE3B, 0xFE3C, 0xFE3B, 0xFE3B, 0xFE3B, 0xFE3B, 0xFE3B, 0xFE3C, 0xFE3B, 0xFE3B, 0xFE3B, 0xFE3B, 0xFE3B, 0xFE3C, 0xFE3B,
    0xFE3B, 0xFE3B, 0xFE3B, 0xFE3B, 0xFE3B, 0xFE3C, 0xFE3B, 0xFE3B, 0xFE3B, 0xFE3B, 0xFE5B, 0xFE3B, 0xFE3C, 0xFE3B, 0xFE3B, 0xFE3B,
    0xFE3B, 0xFE3B, 0xFE3C, 0xFE3C, 0xFE3B, 0xFE3B, 0xFE3B, 0xFE3B, 0xFE3B, 0xFE5B, 0xFE3B, 0xFE3C, 0xFE3B, 0xFE3B, 0xFE5B, 0xFE5B,
    0xFE5B, 0xFE5B, 0xFE5B, 0xFE5B, 0xFE3B, 0xFE5B, 0xFE3B, 0xFE3C, 0xFE3B, 0xFE3B, 0xFE3B, 0xFE5B, 0xFE5B, 0xFE3C, 0xFE3B, 0xFE3B,
    0xFE5B, 0xFE3B, 0xFE3C, 0xFE3C, 0xFE3B, 0xFE3B, 0xFE3B, 0xFE3B, 0xFE3B, 0xFE3B, 0xFE3B, 0xFE3B, 0xFE3B, 0xFE3B, 0xFE3B, 0xF63B,
    0xFE3B, 0xFE3C, 0xFE3B, 0xFE3B, 0xFE3B, 0xFE3B, 0xFE3B, 0xFE3C, 0xFE3B, 0xFE3B, 0xFE3B, 0xFE3B, 0xFE3B, 0xFE3B, 0xFE3B, 0xFE3B,
    0xFE5B, 0xFE3B, 0xFE3B, 0xFE3B, 0xFE3B, 0xFE3B, 0xFE3B, 0xFE3B, 0xFE3B, 0xFE3B, 0xFE3B, 0xFE3C, 0xFE3B, 0xFE3B, 0xFE3B, 0xFE3B,
    0xFE3B, 0xFE3B, 0xFE3B, 0xFE3B, 0xFE3B, 0xFE3B, 0xFE3B, 0xFE3B, 0xFE3B, 0xFE3B, 0xFE3C, 0xFE3B, 0xFE3C, 0xFE3B, 0xFE3B, 0xF63C,
    0xFE7C, 0xA3F0, 0xD597, 0xFEDC, 0xF67B, 0xFE7B, 0xF61A, 0xF5FA, 0xF5FA, 0xF5FA, 0xF5FA, 0xF5FA, 0xF5F9, 0xF5F9, 0xF5FA, 0xF5FA,
    0xF5FA, 0xF5FA, 0xF5F9, 0xF5FA, 0xF5FA, 0xF5FA, 0xF5FA, 0xF5FA, 0xF5F9, 0xF5FA, 0xF5FA, 0xF5FA, 0xF5FA, 0xF5FA, 0xFDFA, 0xF599,
    0xED16, 0xFDFA, 0xF5FA, 0xF5FA, 0xF5FA, 0xF5FA, 0xF5F9, 0xF5FA, 0xF5FA, 0xF5F9, 0xFDFA, 0xED98, 0xF598, 0xFDFA, 0xF5FA, 0xF5FA,
    0xF5FA, 0xF5FA, 0xF5FA, 0xF5FA, 0xF5FA, 0xF5F9, 0xFE1A, 0xF5B9, 0xD4D5, 0xED99, 0xFE1A, 0xF5F9, 0xF5FA, 0xF5FA, 0xF5FA, 0xF5FA,
    0xF5F9, 0xFE1A, 0xFE1B, 0xF5DA, 0xDD57, 0xCCD4, 0xBC72, 0xB452, 0xB452, 0xB451, 0xB472, 0xB472, 0xB431, 0xB452, 0xCCD4, 0xF5B9,
    0xFE3B, 0xFDFA, 0xF5D9, 0xE4B6, 0xDC13, 0xE434, 0xBB71, 0xD3F3, 0xE434, 0xDC34, 0xDC34, 0xDC34, 0xDC35, 0xDC34, 0xDC34, 0xDC35,
    0xDC34, 0xDC34, 0xDC34, 0xDC34, 0xDC34, 0xDC34, 0xDC34, 0xDC35, 0xDC34, 0xDC34, 0xE435, 0x9B0F, 0xE599, 0xFE5C, 0xFE3B, 0xFE3B,
    0xFE3B, 0xFE3B, 0xFE3B, 0xFE3B, 0xFE3B, 0xFE3B, 0xFE3B, 0xFE3B, 0xFE3B, 0xFE3C, 0xFE3B, 0xFE3B, 0xFE3B, 0xFE3B, 0xFE3B, 0xFE3B,
    0xFE3B, 0xFE3B, 0xFE3B, 0xFE3B, 0xFE3B, 0xFE5B, 0xFE3B, 0xFE3C, 0xFE3C, 0xFE3B, 0xFE3B, 0xFE3B, 0xFE3B, 0xFE3C, 0xFE3B, 0xFE3B,
    0xFE3B, 0xFE3B, 0xFE3B, 0xFE3B, 0xFE3B, 0xFE3B, 0xFE3B, 0xFE3B, 0xFE3B, 0xFE5B, 0xFE3B, 0xFE3B, 0xFE3B, 0xFE3B, 0xFE5B, 0xFE5B,
    0xFE5B, 0xFE3B, 0xFE5B, 0xFE3B, 0xFE3B, 0xFE5B, 0xFE3B, 0xFE3B, 0xFE3C, 0xFE3B, 0xFE3B, 0xFE5B, 0xFE5B, 0xFE3C, 0xFE5B, 0xFE3B,
    0xFE5C, 0xFE3B, 0xFE3B, 0xFE3C, 0xFE3C, 0xFE3B, 0xFE3C, 0xFE5B, 0xFE5B, 0xFE5B, 0xFE5C, 0xFE3B, 0xFE3B, 0xFE5B, 0xFE3B, 0xFE3B,
    0xFE3B, 0xFE3C, 0xFE3B, 0xFE3B, 0xFE3B, 0xFE3B, 0xFE3B, 0xFE5B, 0xFE3C, 0xFE3B, 0xFE3B, 0xFE3B, 0xFE3B, 0xFE3B, 0xFE3B, 0xFE3B,
    0xFE5B, 0xFE3B, 0xFE3B, 0xFE3B, 0xFE3B, 0xFE3B, 0xFE3B, 0xFE3B, 0xFE3B, 0xFE3B, 0xFE3B, 0xFE5B, 0xFE3B, 0xFE3B, 0xFE3B, 0xFE3B,
    0xFE3B, 0xFE3B, 0xFE3B, 0xFE3B, 0xFE3B, 0xFE3B, 0xFE3B, 0xFE3B, 0xFE3B, 0xFE3B, 0xFE5B, 0xFE3B, 0xFE3B, 0xFE3B, 0xF63B, 0xFE7D,
    0xC4B5, 0xB493, 0xFEFD, 0xF67B, 0xFE7B, 0xFE3A, 0xF5FA, 0xF5FA, 0xF5FA, 0xF5F9, 0xF5FA, 0xF5FA, 0xF5FA, 0xF5FA, 0xF5FA, 0xF5FA,
    0xF5FA, 0xF5FA, 0xF5F9, 0xF5FA, 0xF5FA, 0xF5FA, 0xF5FA, 0xF5FA, 0xF5FA, 0xF5FA, 0xF5FA, 0xF5FA, 0xF5FA, 0xF5FA, 0xF5F9, 0xFE1B,
    0xED77, 0xED37, 0xFDFB, 0xF5FA, 0xF5FA, 0xF5FA, 0xF5F9, 0xF5FA, 0xF5FA, 0xFDDA, 0xFDFA, 0xF5B9, 0xED57, 0xFDFA, 0xF5FA, 0xF5FA,
    0xF5FA, 0xF5FA, 0xF5F9, 0xF5FA, 0xF5FA, 0xF5FA, 0xF5FA, 0xFE1A, 0xF5D9, 0xD4D5, 0xE557, 0xFDFA, 0xFDFA, 0xF5FA, 0xF5FA, 0xF5FA,
    0xF5FA, 0xF5FA, 0xF5FA, 0xF5FA, 0xFE1A, 0xFE3B, 0xFE3A, 0xF5FA, 0xF5D9, 0xED98, 0xED99, 0xF5B9, 0xF5DA, 0xFE1B, 0xFE3B, 0xFDFA,
    0xF5FA, 0xF5FA, 0xF5FA, 0xFDFA, 0xED17, 0xC371, 0xC3D2, 0xE455, 0xDC34, 0xDC34, 0xDC34, 0xDC34, 0xDC35, 0xDC34, 0xDC34, 0xDC35,
    0xDC34, 0xDC34, 0xDC34, 0xDC34, 0xDC34, 0xDC34, 0xDC35, 0xDC34, 0xDC34, 0xDC34, 0xE455, 0xBB71, 0xBC54, 0xFE7D, 0xF61B, 0xFE3B,
    0xFE3B, 0xFE3B, 0xFE3B, 0xFE3B, 0xFE3B, 0xFE3B, 0xFE3B, 0xFE3B, 0xFE3B, 0xFE3B, 0xFE3B, 0xFE3B, 0xFE3B, 0xFE3B, 0xFE3B, 0xFE3B,
    0xFE3B, 0xFE3B, 0xFE3B, 0xFE3B, 0xFE3B, 0xFE5B, 0xFE5B, 0xFE5B, 0xFE5B, 0xFE5B, 0xFE5C, 0xFE5B, 0xFE5B, 0xFE5B, 0xFE3B, 0xFE3B,
    0xFE3B, 0xFE3B, 0xFE3B, 0xFE5B, 0xFE3C, 0xFE5B, 0xFE5B, 0xFE5B, 0xFE3C, 0xFE5B, 0xFE5B, 0xFE5B, 0xFE5B, 0xFE3B, 0xFE5B, 0xFE5B,
    0xFE5B, 0xFE5B, 0xFE5B, 0xFE3B, 0xFE3B, 0xFE5B, 0xFE5B, 0xFE5B, 0xFE3C, 0xFE3C, 0xFE3C, 0xFE3B, 0xFE3B, 0xFE3C, 0xFE3B, 0xFE3B,
    0xFE3C, 0xFE3B, 0xFE3B, 0xFE3B, 0xFE3B, 0xFE5B, 0xFE3C, 0xFE3B, 0xFE5B, 0xFE5B, 0xFE3B, 0xFE3C, 0xFE3B, 0xFE5B, 0xFE3B, 0xFE3B,
    0xFE3C, 0xFE3C, 0xFE3B, 0xFE3B, 0xFE3B, 0xFE3B, 0xFE3B, 0xFE5B, 0xFE3B, 0xFE3B, 0xFE3C, 0xFE3B, 0xFE3B, 0xFE3B, 0xFE3B, 0xFE3B,
    0xFE3C, 0xFE3B, 0xFE3B, 0xFE3B, 0xFE3B, 0xFE3B, 0xFE3B, 0xFE3B, 0xFE3B, 0xFE3C, 0xFE3B, 0xFE3B, 0xFE5B, 0xFE3B, 0xFE3C, 0xFE3B,
    0xFE3B, 0xFE5B, 0xFE3B, 0xFE3B, 0xFE3C, 0xFE3B, 0xFE3B, 0xFE3B, 0xFE3B, 0xFE3C, 0xFE5B, 0xFE5B, 0xFE5B, 0xFE3B, 0xFE5C, 0xEDB9,
    0x9BD0, 0xFE9B, 0xFE9B, 0xFE7B, 0xFE3B, 0xFDFA, 0xF5FA, 0xF5FA, 0xF5FA, 0xF5FA, 0xF5FA, 0xF5FA, 0xF5FA, 0xF5FA, 0xF5FA, 0xF5FA,
    0xF5F9, 0xF5FA, 0xF5FA, 0xF5FA, 0xF5F9, 0xF5FA, 0xF5FA, 0xF5FA, 0xF5FA, 0xF5FA, 0xF61A, 0xFDFA, 0xFDFA, 0xF5FA, 0xF5FA, 0xF5FA,
    0xFE1B, 0xE516, 0xF598, 0xF5FA, 0xFDF9, 0xF5FA, 0xF5FA, 0xF5FA, 0xF5FA, 0xF5FA, 0xF5FA, 0xFDFA, 0xE537, 0xFDD9, 0xF5FA, 0xF5FA,
    0xF5FA, 0xF5FA, 0xF5FA, 0xF5FA, 0xF5FA, 0xF5FA, 0xFDFA, 0xF5FA, 0xFDFA, 0xFE1A, 0xDD16, 0xD4F5, 0xF5D9, 0xFE1A, 0xFDFA, 0xF5FA,
    0xF5FA, 0xFDFA, 0xF5F9, 0xF5FA, 0xF5FA, 0xF5DA, 0xF5F9, 0xF5FA, 0xFDFA, 0xFDFA, 0xFDFA, 0xF5B9, 0xF5DA, 0xF5D9, 0xF5FA, 0xF5FA,
    0xF5FA, 0xF5FA, 0xFDFA, 0xFDFA, 0xDD37, 0xDCD6, 0xECD6, 0xDC34, 0xDC14, 0xDC14, 0xDC14, 0xDC14, 0xDC34, 0xDC34, 0xDC34, 0xDC34,
    0xDC34, 0xDC34, 0xDC14, 0xDC34, 0xDC34, 0xDC34, 0xDC35, 0xDC35, 0xDC35, 0xDC35, 0xDC34, 0xD413, 0xA370, 0xFE3C, 0xFE3B, 0xFE3B,
    0xFE3B, 0xFE3B, 0xFE3B, 0xFE3B, 0xFE3B, 0xFE3B, 0xFE3B, 0xFE3B, 0xFE3B, 0xFE3B, 0xFE3B, 0xFE3B, 0xFE3C, 0xFE3B, 0xFE5B, 0xFE5B,
    0xFE3B, 0xFE3B, 0xFE3B, 0xFE3B, 0xFE3B, 0xFE5B, 0xFE5B, 0xFE3B, 0xFE5B, 0xFE3B, 0xFE5B, 0xFE5B, 0xFE5B, 0xFE5B, 0xFE3B, 0xFE3B,
    0xFE3C, 0xFE3B, 0xFE3B, 0xFE5B, 0xFE5B, 0xFE3B, 0xFE3C, 0xFE5B, 0xFE3B, 0xFE5B, 0xFE5B, 0xFE5C, 0xFE5B, 0xFE3B, 0xFE5B, 0xFE5B,
    0xFE5B, 0xFE5B, 0xFE5B, 0xFE3B, 0xFE3B, 0xFE5B, 0xFE5B, 0xFE5B, 0xFE5B, 0xFE3B, 0xFE3C, 0xFE3B, 0xFE3B, 0xFE3C, 0xFE3B, 0xFE3B,
    0xFE5B, 0xFE5B, 0xFE3B, 0xFE3C, 0xFE3B, 0xFE3B, 0xFE5B, 0xFE3B, 0xFE3C, 0xFE3B, 0xFE3B, 0xFE5B, 0xFE5B, 0xFE3B, 0xFE3B, 0xFE3B,
    0xFE3B, 0xFE3B, 0xFE3C, 0xFE3B, 0xFE3B, 0xFE3B, 0xFE3B, 0xFE3C, 0xFE3B, 0xFE3B, 0xFE3B, 0xFE3B, 0xFE3B, 0xFE3B, 0xFE3B, 0xFE5B,
    0xFE3B, 0xFE3B, 0xFE3B, 0xFE5B, 0xFE3B, 0xFE5B, 0xFE3C, 0xFE3C, 0xFE3B, 0xFE5B, 0xFE3B, 0xFE3B, 0xFE3B, 0xFE3B, 0xFE5B, 0xFE5B,
    0xFE5B, 0xFE3C, 0xFE3B, 0xFE3B, 0xFE3B, 0xFE3B, 0xFE3B, 0xFE3B, 0xFE3B, 0xFE3B, 0xFE5B, 0xFE5C, 0xFE3B, 0xFE3B, 0xFE5C, 0xA3F1,
    0xDDD8, 0xFEBC, 0xF69B, 0xFE5A, 0xFDFA, 0xF5FA, 0xF5FA, 0xF5FA, 0xF5FA, 0xF5FA, 0xF5FA, 0xF5FA, 0xF5FA, 0xF5FA, 0xF5FA, 0xF5FA,
    0xF5FA, 0xF5FA, 0xF5FA, 0xF5FA, 0xF5FA, 0xF5FA, 0xF5FA, 0xF5FA, 0xF5FA, 0xF5FA, 0xF5FA, 0xF5FA, 0xF5FA, 0xF5FA, 0xF5FA, 0xF5F9,
    0xFE1A, 0xF5DA, 0xE4F6, 0xFDFA, 0xF5FA, 0xF5F9, 0xF5FA, 0xF5FA, 0xF5FA, 0xF5FA, 0xF5FA, 0xFDFA, 0xE537, 0xF5B9, 0xFDFA, 0xF5FA,
    0xF5F9, 0xF5FA, 0xF5FA, 0xF5FA, 0xF5FA, 0xF5FA, 0xF5FA, 0xFDFA, 0xF5FA, 0xF5FA, 0xFE1A, 0xED78, 0xDCD6, 0xE537, 0xF5D9, 0xFE1A,
    0xFE1A, 0xF5FA, 0xF5FA, 0xF5FA, 0xF5F9, 0xF5FA, 0xF5FA, 0xF5FA, 0xF5FA, 0xFDFA, 0xF5D9, 0xF5B9, 0xF5DA, 0xF5F9, 0xF5F9, 0xF5FA,
    0xFE1A, 0xFDFA, 0xED58, 0xD4F6, 0xED98, 0xF5DA, 0xF5FA, 0xF599, 0xED17, 0xE4B6, 0xE496, 0xE475, 0xE475, 0xDC55, 0xDC55, 0xDC55,
    0xDC55, 0xDC55, 0xDC34, 0xDC14, 0xDC14, 0xDC14, 0xDC34, 0xDC34, 0xDC34, 0xDC34, 0xDC34, 0xE455, 0x9B0F, 0xE599, 0xFE5C, 0xFE3B,
    0xFE3B, 0xFE3B, 0xFE3B, 0xFE3B, 0xFE3C, 0xFE3B, 0xFE3B, 0xFE3B, 0xFE3B, 0xFE3B, 0xFE3B, 0xFE3B, 0xFE5B, 0xFE5B, 0xFE3B, 0xFE3B,
    0xFE3B, 0xFE3B, 0xFE3B, 0xFE3B, 0xFE3B, 0xFE3B, 0xFE5B, 0xFE3B, 0xFE3B, 0xFE3B, 0xFE5B, 0xFE5B, 0xFE5B, 0xFE5B, 0xFE5B, 0xFE5B,
    0xFE5B, 0xFE5B, 0xFE5B, 0xFE5C, 0xFE5B, 0xFE5B, 0xFE5B, 0xFE5C, 0xFE5B, 0xFE5B, 0xFE5B, 0xFE5B, 0xFE5B, 0xFE3C, 0xFE5B, 0xFE5B,
    0xFE5B, 0xFE5B, 0xFE5B, 0xFE3B, 0xFE5B, 0xFE5B, 0xFE3B, 0xFE3B, 0xFE3B, 0xFE3B, 0xFE3B, 0xFE3B, 0xFE3B, 0xFE3C, 0xFE3B, 0xFE3B,
    0xFE5B, 0xFE5B, 0xFE3C, 0xFE5B, 0xFE5B, 0xFE3C, 0xFE3B, 0xFE3B, 0xFE3B, 0xFE3B, 0xFE3B, 0xFE3B, 0xFE5B, 0xFE3B, 0xFE5B, 0xFE3B,
    0xFE3B, 0xFE5B, 0xFE3B, 0xFE3B, 0xFE3B, 0xFE3B, 0xFE3B, 0xFE3C, 0xFE5B, 0xFE3B, 0xFE3C, 0xFE3B, 0xFE3B, 0xFE5B, 0xFE3B, 0xFE5B,
    0xFE3B, 0xFE3C, 0xFE5B, 0xFE5B, 0xFE3B, 0xFE5B, 0xFE5B, 0xFE3B, 0xFE5B, 0xFE5B, 0xFE3B, 0xFE3C, 0xFE5B, 0xFE3B, 0xFE5C, 0xFE5B,
    0xFE5C, 0xFE5B, 0xFE5B, 0xFE3B, 0xFE5B, 0xFE3C, 0xFE3B, 0xFE5B, 0xFE5B, 0xFE5B, 0xFE5B, 0xFE3C, 0xF63B, 0xFE7C, 0xCCD5, 0xB493,
    0xFEDD, 0xF67B, 0xFE7B, 0xF61A, 0xF5FA, 0xF5FA, 0xF5FA, 0xF5FA, 0xF5FA, 0xF5FA, 0xF5FA, 0xF5FA, 0xF5FA, 0xF5FA, 0xF5FA, 0xF5FA,
    0xF5FA, 0xF5FA, 0xF5FA, 0xF5FA, 0xF5FA, 0xF5F9, 0xF5FA, 0xF5FA, 0xF5FA, 0xF5FA, 0xF5FA, 0xF5FA, 0xF5FA, 0xF5FA, 0xF5FA, 0xF5FA,
    0xF5FA, 0xFE1A, 0xED57, 0xED58, 0xFDFA, 0xF5FA, 0xFDFA, 0xFDFA, 0xF5FA, 0xF5F9, 0xF5FA, 0xFDFA, 0xED78, 0xED78, 0xFE1A, 0xF5FA,
    0xFDFA, 0xF5FA, 0xF5FA, 0xF5FA, 0xF5FA, 0xF5FA, 0xF5FA, 0xF5FA, 0xF5FA, 0xF5FA, 0xF5FA, 0xFE1A, 0xFDFA, 0xE557, 0xD4B5, 0xDCF6,
    0xEDB8, 0xFDFA, 0xFE1A, 0xFDFA, 0xF5FA, 0xF5F9, 0xF5FA, 0xF5FA, 0xF5FA, 0xFDFA, 0xF5D9, 0xF5B9, 0xFDFA, 0xFDFA, 0xFE1A, 0xF5D9,
    0xE558, 0xD4D5, 0xDD16, 0xF5FA, 0xF5D9, 0xED78, 0xFDFA, 0xFE1A, 0xFE1A, 0xFE1A, 0xFDFA, 0xF5DA, 0xF5DA, 0xF5DA, 0xF5D9, 0xF5DA,
    0xF5DA, 0xF5D9, 0xF5B9, 0xF579, 0xED17, 0xE495, 0xDC34, 0xDC14, 0xDC34, 0xDC34, 0xDC34, 0xE475, 0xB350, 0xC4D5, 0xFE7C, 0xF63B,
    0xFE3B, 0xFE3B, 0xFE3B, 0xFE3B, 0xFE3B, 0xFE3B, 0xFE3B, 0xFE3B, 0xFE5B, 0xFE5B, 0xFE3B, 0xFE3B, 0xFE5B, 0xFE5B, 0xFE5B, 0xFE5B,
    0xFE5B, 0xFE5B, 0xFE5B, 0xFE3B, 0xFE5B, 0xFE5B, 0xFE5B, 0xFE5B, 0xFE5B, 0xFE5B, 0xFE5B, 0xFE5B, 0xFE5B, 0xFE5C, 0xFE5B, 0xFE5B,
    0xFE5C, 0xFE5B, 0xFE5B, 0xFE5C, 0xFE5B, 0xFE5B, 0xFE5B, 0xFE5C, 0xFE5B, 0xFE5B, 0xFE5B, 0xFE5B, 0xFE5B, 0xFE5C, 0xFE5B, 0xFE5B,
    0xFE5B, 0xFE5B, 0xFE5B, 0xFE3B, 0xFE3B, 0xFE3B, 0xFE3B, 0xFE5B, 0xFE5B, 0xFE5B, 0xFE5B, 0xFE3B, 0xFE3B, 0xFE3B, 0xFE3B, 0xFE3C,
    0xFE5C, 0xFE5B, 0xFE3C, 0xFE3C, 0xFE5B, 0xFE3B, 0xFE3C, 0xFE3B, 0xFE5B, 0xFE5B, 0xFE3B, 0xFE3C, 0xFE5B, 0xFE5B, 0xFE5B, 0xFE3B,
    0xFE5B, 0xFE5B, 0xFE5B, 0xFE5B, 0xFE5B, 0xFE3B, 0xFE3C, 0xFE5C, 0xFE5B, 0xFE3B, 0xFE3C, 0xFE3B, 0xFE3B, 0xFE5B, 0xFE3B, 0xFE5C,
    0xFE5B, 0xFE5B, 0xFE5B, 0xFE5B, 0xFE3B, 0xFE5B, 0xFE5B, 0xFE5B, 0xFE5B, 0xFE5B, 0xFE5B, 0xFE3C, 0xFE5B, 0xFE5B, 0xFE5C, 0xFE5B,
    0xFE5B, 0xFE5B, 0xFE5B, 0xFE3B, 0xFE3B, 0xFE3B, 0xFE3B, 0xFE5B, 0xFE3B, 0xFE3B, 0xFE5B, 0xFE3B, 0xFE3C, 0xF5FA, 0xA3D0, 0xF67B,
    0xF69B, 0xFE7B, 0xFE1A, 0xF5FA, 0xF5FA, 0xF5FA, 0xF5F9, 0xF5FA, 0xF5FA, 0xF5FA, 0xF5FA, 0xF5FA, 0xF5FA, 0xF5F9, 0xF5FA, 0xF5FA,
    0xF5FA, 0xF5FA, 0xF5FA, 0xF5FA, 0xF5FA, 0xF5FA, 0xF5FA, 0xF5FA, 0xF5FA, 0xF5FA, 0xF5FA, 0xF5FA, 0xF5FA, 0xF5FA, 0xF5FA, 0xF5FA,
    0xFDFA, 0xFDFA, 0xFDD9, 0xE4F6, 0xFDD9, 0xFDFA, 0xFDFA, 0xF5FA, 0xFDFA, 0xFDFA, 0xF5FA, 0xFDFA, 0xF599, 0xED57, 0xFE1A, 0xF5FA,
    0xF5FA, 0xF5FA, 0xF5FA, 0xFDFA, 0xF5FA, 0xF5FA, 0xFDF9, 0xFDFA, 0xFDFA, 0xFDFA, 0xF5FA, 0xF5FA, 0xF5FA, 0xFE1A, 0xF5FA, 0xE558,
    0xD4D5, 0xD4B4, 0xDD16, 0xED78, 0xF5D9, 0xFDFA, 0xFE1A, 0xFE1A, 0xFE1A, 0xFE1A, 0xFDFA, 0xF5B9, 0xF5B9, 0xED58, 0xDCF6, 0xD4D5,
    0xDD17, 0xF5B9, 0xFDFA, 0xFDFA, 0xE557, 0xF5D9, 0xFDFA, 0xF5FA, 0xF5FA, 0xF5FA, 0xF5FA, 0xF5FA, 0xFE1A, 0xFDFA, 0xFDF9, 0xFDFA,
    0xFDFA, 0xFDFA, 0xFDFA, 0xFE1A, 0xFE1B, 0xFDFA, 0xF578, 0xE495, 0xDC14, 0xDC34, 0xDC34, 0xE455, 0xC3B2, 0xABF2, 0xFE7C, 0xF63B,
    0xFE3B, 0xFE3B, 0xFE3B, 0xFE3B, 0xFE3B, 0xFE3B, 0xFE3B, 0xFE3B, 0xFE3C, 0xFE3B, 0xFE3B, 0xFE5B, 0xFE5B, 0xFE5B, 0xFE5B, 0xFE5B,
    0xFE3B, 0xFE5C, 0xFE5B, 0xFE5B, 0xFE5B, 0xFE5B, 0xFE5B, 0xFE5B, 0xFE5B, 0xFE5B, 0xFE5B, 0xFE5B, 0xFE3B, 0xFE3C, 0xFE5C, 0xFE5B,
    0xFE5C, 0xFE5B, 0xFE5B, 0xFE5B, 0xFE5B, 0xFE5C, 0xFE5B, 0xFE5B, 0xFE5B, 0xFE5B, 0xFE5B, 0xFE5B, 0xFE5B, 0xFE5B, 0xFE5B, 0xFE5B,
    0xFE5B, 0xFE5B, 0xFE3B, 0xFE5B, 0xFE5B, 0xFE9C, 0xFEBC, 0xFEBC, 0xFEDC, 0xFEBC, 0xFEBC, 0xFE9C, 0xFE7C, 0xFE5B, 0xFE5B, 0xFE5C,
    0xFE5C, 0xFE5B, 0xFE5B, 0xFE5B, 0xFE5B, 0xFE5B, 0xFE5B, 0xFE5B, 0xFE5C, 0xFE5B, 0xFE5B, 0xFE5B, 0xFE5C, 0xFE5B, 0xFE5B, 0xFE5C,
    0xFE5C, 0xFE5B, 0xFE5B, 0xFE5B, 0xFE5B, 0xFE5B, 0xFE5B, 0xFE5B, 0xFE5B, 0xFE3B, 0xFE5B, 0xFE5B, 0xFE5B, 0xFE5B, 0xFE5B, 0xFE5B,
    0xFE5C, 0xFE5B, 0xFE5B, 0xFE5B, 0xFE3C, 0xFE5B, 0xFE5B, 0xFE5B, 0xFE5B, 0xFE5B, 0xFE5B, 0xFE5B, 0xFE5B, 0xFE5B, 0xFE5B, 0xFE5B,
    0xFE5B, 0xFE5B, 0xFE5B, 0xFE3B, 0xFE3B, 0xFE3B, 0xFE3B, 0xFE5B, 0xFE3C, 0xFE3B, 0xFE3B, 0xF63B, 0xFE7D, 0xB452, 0xCD55, 0xFEDC,
    0xF67B, 0xFE5A, 0xF5FA, 0xF5FA, 0xF5FA, 0xF5FA, 0xF5F9, 0xF5F9, 0xF5FA, 0xF5FA, 0xF5F9, 0xF5FA, 0xF5FA, 0xF5FA, 0xF5FA, 0xF5FA,
    0xF5FA, 0xF5FA, 0xF5F9, 0xF5FA, 0xF5FA, 0xF5FA, 0xF5FA, 0xF5F9, 0xF5FA, 0xF5FA, 0xF5FA, 0xF5FA, 0xF5FA, 0xF5FA, 0xF5FA, 0xF5FA,
    0xF5FA, 0xF5FA, 0xFE1A, 0xED57, 0xED78, 0xFE1A, 0xF5F9, 0xF5F9, 0xFDFA, 0xFDFA, 0xF5FA, 0xF5FA, 0xF5D9, 0xED37, 0xFDFA, 0xF5F9,
    0xFDFA, 0xF5FA, 0xF5FA, 0xFDFA, 0xFDFA, 0xF5FA, 0xFDFA, 0xFDFA, 0xFDFA, 0xFDFA, 0xFDFA, 0xF5FA, 0xFDFA, 0xF5F9, 0xF5FA, 0xFE1A,
    0xFE1A, 0xF5B9, 0xE537, 0xD4F5, 0xCC94, 0xD4B5, 0xD4D5, 0xD4D5, 0xD4D6, 0xD4D6, 0xD4D5, 0xD4D6, 0xD4D5, 0xE517, 0xED78, 0xF5F9,
    0xFE1A, 0xFDFA, 0xFDFA, 0xED78, 0xED78, 0xFE1A, 0xF5FA, 0xFDFA, 0xF5F9, 0xFDFA, 0xFDFA, 0xFDFA, 0xFDFA, 0xFDFA, 0xFDFA, 0xFDFA,
    0xFDFA, 0xFDFA, 0xFDFA, 0xF5F9, 0xF5F9, 0xF5F9, 0xFE1A, 0xFDDA, 0xECF6, 0xDC14, 0xDC35, 0xE434, 0xD413, 0xA370, 0xFE3B, 0xFE3B,
    0xFE3B, 0xFE3C, 0xFE3B, 0xFE5B, 0xFE5B, 0xFE5B, 0xFE5C, 0xFE5B, 0xFE5B, 0xFE5B, 0xFE5B, 0xFE5B, 0xFE5B, 0xFE5B, 0xFE5C, 0xFE5B,
    0xFE5B, 0xFE5B, 0xFE5C, 0xFE5B, 0xFE5B, 0xFE5C, 0xFE3C, 0xFE5B, 0xFE5B, 0xFE5B, 0xFE5C, 0xFE5B, 0xFE5B, 0xFE5B, 0xFE5B, 0xFE5C,
    0xFE5B, 0xFE5B, 0xFE5C, 0xFE5C, 0xFE5B, 0xFE5B, 0xFE5C, 0xFE5B, 0xFE5B, 0xFE5C, 0xFE5C, 0xFE5B, 0xFE5C, 0xFE5B, 0xFE5B, 0xFE5B,
    0xFE5B, 0xFE3B, 0xFE7B, 0xFEBC, 0xFEFC, 0xFEFC, 0xFF1C, 0xFF1C, 0xFF1C, 0xFF1C, 0xFF1C, 0xFF1C, 0xFEFC, 0xFEFC, 0xFEDC, 0xFEDC,
    0xFE5B, 0xFE5B, 0xFE5C, 0xFE5C, 0xFE5B, 0xFE5C, 0xFE5B, 0xFE5B, 0xFE5B, 0xFE5B, 0xFE5C, 0xFE5C, 0xFE5B, 0xFE5B, 0xFE5B, 0xFE5B,
    0xFE5B, 0xFE5B, 0xFE5B, 0xFE5B, 0xFE5B, 0xFE5B, 0xFE5B, 0xFE5C, 0xFE5B, 0xFE5C, 0xFE5B, 0xFE5B, 0xFE5B, 0xFE5B, 0xFE5B, 0xFE5B,
    0xFE5B, 0xFE5B, 0xFE5B, 0xFE5B, 0xFE5B, 0xFE5B, 0xFE5B, 0xFE5B, 0xFE5B, 0xFE5B, 0xFE5B, 0xFE5C, 0xFE5B, 0xFE5B, 0xFE5C, 0xFE5B,
    0xFE5B, 0xFE5B, 0xFE5B, 0xFE3B, 0xFE3B, 0xFE3B, 0xFE3B, 0xFE5B, 0xFE5B, 0xFE5B, 0xFE3B, 0xFE7C, 0xE578, 0xAC31, 0xFEDC, 0xFE7B,
    0xFE7B, 0xF5FA, 0xF5FA, 0xF5FA, 0xF5FA, 0xF5FA, 0xF5FA, 0xF5FA, 0xF5FA, 0xF5FA, 0xF5FA, 0xF5F9, 0xF5FA, 0xF5FA, 0xF5FA, 0xF5F9,
    0xFDFA, 0xF5FA, 0xF5FA, 0xF5FA, 0xF5FA, 0xF5F9, 0xF5FA, 0xF5FA, 0xFDFA, 0xF5FA, 0xF5FA, 0xF5FA, 0xF5FA, 0xF5FA, 0xF5FA, 0xF5FA,
    0xF5FA, 0xF5FA, 0xFDFA, 0xFDD9, 0xE4F6, 0xFDFA, 0xF5FA, 0xF5FA, 0xF5FA, 0xF5FA, 0xF5FA, 0xFDFA, 0xFDFA, 0xED37, 0xFDDA, 0xF5FA,
    0xFDFA, 0xFDFA, 0xFDFA, 0xFDFA, 0xFDFA, 0xFDFA, 0xFDFA, 0xFDFA, 0xFDFA, 0xFDFA, 0xF5FA, 0xF5FA, 0xFDFA, 0xF5FA, 0xF5FA, 0xF5FA,
    0xF5FA, 0xFDFA, 0xFE1A, 0xFE1A, 0xFDFA, 0xF5D9, 0xED98, 0xED78, 0xED98, 0xED98, 0xEDB9, 0xF5DA, 0xFE1A, 0xFE1B, 0xFE1A, 0xF5FA,
    0xF5FA, 0xFDFA, 0xF5D9, 0xE517, 0xFDFA, 0xF5FA, 0xFDFA, 0xFDFA, 0xF5FA, 0xFDFA, 0xF5FA, 0xFDFA, 0xFDFA, 0xFDFA, 0xFDFA, 0xFDFA,
    0xFDF9, 0xFDFA, 0xFDFA, 0xF5FA, 0xFDFA, 0xF5FA, 0xF5F9, 0xF5FA, 0xFDFA, 0xED17, 0xDC14, 0xDC34, 0xE434, 0xA32F, 0xEDD9, 0xFE3C,
    0xFE3B, 0xFE3C, 0xFE5B, 0xFE5C, 0xFE5B, 0xFE5B, 0xFE5C, 0xFE5B, 0xFE5C, 0xFE5C, 0xFE5B, 0xFE5C, 0xFE5C, 0xFE5B, 0xFE5B, 0xFE5B,
    0xFE5B, 0xFE5B, 0xFE5B, 0xFE5B, 0xFE5B, 0xFE5B, 0xFE5B, 0xFE5C, 0xFE5C, 0xFE5B, 0xFE5C, 0xFE5B, 0xFE5C, 0xFE5C, 0xFE5B, 0xFE5B,
    0xFE5C, 0xFE5C, 0xFE5B, 0xFE7C, 0xFE5B, 0xFE5B, 0xFE5B, 0xFE5B, 0xFE5B, 0xFE5B, 0xFE5C, 0xFE5B, 0xFE3C, 0xFE3B, 0xFE3B, 0xFE3B,
    0xFE3B, 0xFE7C, 0xFEDC, 0xFF1C, 0xFF1C, 0xFF1C, 0xFF1C, 0xFF1C, 0xFF1C, 0xFF1C, 0xFF1C, 0xFF1C, 0xFF1C, 0xFF1C, 0xFF1C, 0xFEFC,
    0xFE5C, 0xFE5B, 0xFE5C, 0xFE5C, 0xFE5B, 0xFE5B, 0xFE5B, 0xFE5B, 0xFE5B, 0xFE5B, 0xFE5B, 0xFE5C, 0xFE5B, 0xFE5B, 0xFE5B, 0xFE5B,
    0xFE5B, 0xFE5C, 0xFE5C, 0xFE5B, 0xFE5C, 0xFE5B, 0xFE5B, 0xFE5B, 0xFE5B, 0xFE5B, 0xFE5B, 0xFE5B, 0xFE5B, 0xFE5B, 0xFE5B, 0xFE5C,
    0xFE5B, 0xFE5B, 0xFE5B, 0xFE5B, 0xFE5B, 0xFE5B, 0xFE5B, 0xFE5B, 0xFE5C, 0xFE5B, 0xFE5B, 0xFE5C, 0xFE5B, 0xFE5B, 0xFE5B, 0xFE5B,
    0xFE5B, 0xFE5B, 0xFE5B, 0xFE3B, 0xFE3B, 0xFE5B, 0xFE3B, 0xFE5B, 0xFE5B, 0xFE5B, 0xFE3B, 0xFE7C, 0xABF1, 0xE5F8, 0xFEBC, 0xFE7B,
    0xFE3B, 0xF5FA, 0xF5FA, 0xF5FA, 0xF5FA, 0xF5FA, 0xF5FA, 0xF5FA, 0xF5FA, 0xF5FA, 0xF5FA, 0xF5FA, 0xF5FA, 0xF5FA, 0xFDFA, 0xFDFA,
    0xF5FA, 0xFDFA, 0xF5F9, 0xF5FA, 0xFDFA, 0xF5FA, 0xF5FA, 0xFDFA, 0xFDFA, 0xF5FA, 0xF5FA, 0xF5FA, 0xF5FA, 0xF5FA, 0xF5FA, 0xF5FA,
    0xFDFA, 0xF5FA, 0xF5FA, 0xFE1A, 0xE537, 0xED99, 0xFE1A, 0xF5FA, 0xF5FA, 0xF5FA, 0xF5FA, 0xF5FA, 0xFDFA, 0xED37, 0xF5B9, 0xFDFA,
    0xFDFA, 0xFDFA, 0xF5FA, 0xFDFA, 0xFDFA, 0xFDFA, 0xF5FA, 0xFDFA, 0xFDFA, 0xF5FA, 0xF5FA, 0xF5FA, 0xF5FA, 0xF5FA, 0xF5FA, 0xF5FA,
    0xF5FA, 0xF5FA, 0xF5FA, 0xF5F9, 0xFDFA, 0xFDFA, 0xFE1A, 0xFE1A, 0xFE1A, 0xFE1A, 0xFDFA, 0xFDFA, 0xF5FA, 0xF5DA, 0xF5FA, 0xF5FA,
    0xF5FA, 0xFDFA, 0xE537, 0xF5B9, 0xFDFA, 0xF5FA, 0xFDFA, 0xF5FA, 0xF5FA, 0xFDFA, 0xF5FA, 0xF5FA, 0xFDFA, 0xFDFA, 0xFDFA, 0xFDFA,
    0xFDFA, 0xFDFA, 0xFDFA, 0xF5F9, 0xFDFA, 0xF5FA, 0xF5FA, 0xF5FA, 0xF5FA, 0xFDFA, 0xECF7, 0xDC14, 0xE455, 0xA330, 0xDD77, 0xFE7C,
    0xFE3B, 0xFE5B, 0xFE5B, 0xFE5C, 0xFE5B, 0xFE5B, 0xFE5C, 0xFE5B, 0xFE5C, 0xFE5C, 0xFE5B, 0xFE5B, 0xFE5B, 0xFE5C, 0xFE5B, 0xFE5C,
    0xFE5B, 0xFE5C, 0xFE5B, 0xFE5B, 0xFE5C, 0xFE5B, 0xFE5B, 0xFE5C, 0xFE5C, 0xFE5B, 0xFE5C, 0xFE5B, 0xFE5C, 0xFE5C, 0xFE5B, 0xFE5B,
    0xFE5B, 0xFE5C, 0xFE5B, 0xFE5B, 0xFE5B, 0xFE5C, 0xFE5B, 0xFE5B, 0xFE5C, 0xFE5B, 0xFE5B, 0xFE5B, 0xFE5C, 0xFE7C, 0xFE7C, 0xFE7B,
    0xFE9C, 0xFEFC, 0xFF1C, 0xFF1C, 0xFF1C, 0xFF1C, 0xFF1C, 0xFF1C, 0xFF1C, 0xFF1C, 0xFF1C, 0xFF1C, 0xFF1C, 0xFF1C, 0xFF1C, 0xFF1C,
    0xFE5C, 0xFE5B, 0xFE5B, 0xFE5B, 0xFE5B, 0xFE5B, 0xFE5C, 0xFE5C, 0xFE5B, 0xFE5B, 0xFE5B, 0xFE5C, 0xFE5B, 0xFE5B, 0xFE5C, 0xFE5C,
    0xFE5C, 0xFE5B, 0xFE5B, 0xFE5B, 0xFE5B, 0xFE5B, 0xFE5B, 0xFE5B, 0xFE5B, 0xFE5B, 0xFE5B, 0xFE5C, 0xFE5B, 0xFE5B, 0xFE5B, 0xFE5B,
    0xFE5B, 0xFE5B, 0xFE5B, 0xFE5C, 0xFE5C, 0xFE5B, 0xFE5B, 0xFE5B, 0xFE5B, 0xFE5B, 0xFE5B, 0xFE5B, 0xFE5B, 0xFE5B, 0xFE5B, 0xFE5C,
    0xFE5B, 0xFE5B, 0xFE5B, 0xFE5B, 0xFE5B, 0xFE5B, 0xFE5B, 0xFE5B, 0xFE5B, 0xF63B, 0xFE7C, 0xD516, 0xB493, 0xFEDC, 0xF67B, 0xFE5B,
    0xF5FA, 0xF5FA, 0xFDFA, 0xF5FA, 0xF5FA, 0xF5FA, 0xF5F9, 0xF5FA, 0xFDFA, 0xFDFA, 0xFDFA, 0xFDFA, 0xF5FA, 0xF5FA, 0xFDFA, 0xFDFA,
    0xF5FA, 0xFDFA, 0xFDFA, 0xFDFA, 0xFDFA, 0xF5FA, 0xFDFA, 0xFDFA, 0xFDFA, 0xFDFA, 0xFDF9, 0xF5F9, 0xF5FA, 0xF5FA, 0xF5FA, 0xFDFA,
    0xFDFA, 0xF5FA, 0xF5FA, 0xFDFA, 0xF5B9, 0xE517, 0xFE1A, 0xF5FA, 0xFDFA, 0xFDFA, 0xF5FA, 0xF5FA, 0xFDFB, 0xED57, 0xF599, 0xFDF9,
    0xFDFA, 0xFDFA, 0xF5F9, 0xF5FA, 0xF5FA, 0xF5FA, 0xF5FA, 0xFDFA, 0xFDFA, 0xFDFA, 0xFDFA, 0xF5FA, 0xF5FA, 0xF5F9, 0xF5FA, 0xF5FA,
    0xF5FA, 0xF5FA, 0xFDFA, 0xFDF9, 0xFDFA, 0xFDFA, 0xF5F9, 0xF5FA, 0xF5FA, 0xF5FA, 0xF5FA, 0xF5FA, 0xF5FA, 0xF5FA, 0xFDFA, 0xF5FA,
    0xFE1A, 0xED98, 0xE557, 0xFE1A, 0xF5FA, 0xFDFA, 0xFDFA, 0xFDF9, 0xFDFA, 0xFDFA, 0xF5FA, 0xFDFA, 0xFDFA, 0xFDFA, 0xF5FA, 0xF5FA,
    0xFDFA, 0xFDFA, 0xFDFA, 0xF5FA, 0xF5FA, 0xF5FA, 0xF5FA, 0xF5FA, 0xFDFA, 0xFDFA, 0xFDFA, 0xE495, 0xE434, 0xB351, 0xCCD5, 0xFE7C,
    0xF63B, 0xFE5B, 0xFE5B, 0xFE5B, 0xFE5C, 0xFE5B, 0xFE5B, 0xFE5B, 0xFE5B, 0xFE5B, 0xFE5B, 0xFE5B, 0xFE5C, 0xFE5C, 0xFE5C, 0xFE5B,
    0xFE5B, 0xFE5C, 0xFE5B, 0xFE5B, 0xFE5C, 0xFE5B, 0xFE5B, 0xFE5B, 0xFE5C, 0xFE5C, 0xFE5B, 0xFE5B, 0xFE5B, 0xFE5B, 0xFE5B, 0xFE5B,
    0xFE5B, 0xFE5C, 0xFE5C, 0xFE5B, 0xFE5B, 0xFE5B, 0xFE5B, 0xFE5B, 0xFE5C, 0xFE7C, 0xFEBC, 0xFEDC, 0xFEFC, 0xFEFD, 0xFEFC, 0xFEFC,
    0xFEFC, 0xFF1C, 0xFF1C, 0xFF1C, 0xFF1C, 0xFF1C, 0xFF1C, 0xFF1C, 0xFF1C, 0xFF1C, 0xFF1C, 0xFF1C, 0xFF1C, 0xFF1C, 0xFF1C, 0xFF1C,
    0xFE5C, 0xFE5B, 0xFE5C, 0xFE5C, 0xFE5B, 0xFE5B, 0xFE5B, 0xFE5C, 0xFE5B, 0xFE5B, 0xFE5B, 0xFE5B, 0xFE5B, 0xFE5B, 0xFE5B, 0xFE5B,
    0xFE5B, 0xFE5B, 0xFE5B, 0xFE5B, 0xFE5B, 0xFE5B, 0xFE5B, 0xFE5C, 0xFE5B, 0xFE5B, 0xFE5B, 0xFE5B, 0xFE5B, 0xFE5B, 0xFE5B, 0xFE5B,
    0xFE5B, 0xFE5B, 0xFE7B, 0xFE5B, 0xFE5B, 0xFE5B, 0xFE5B, 0xFE5B, 0xFE5B, 0xFE5B, 0xFE5B, 0xFE5C, 0xFE5B, 0xFE5B, 0xFE5B, 0xFE5B,
    0xFE5B, 0xFE5C, 0xFE5B, 0xFE5B, 0xFE5B, 0xFE5B, 0xFE5B, 0xFE5B, 0xFE5B, 0xFE5B, 0xFE5B, 0xA3F1, 0xEE5A, 0xFEBB, 0xFE7B, 0xF61A,
    0xFDFA, 0xFDFA, 0xFDFA, 0xF5FA, 0xF5FA, 0xF5FA, 0xFDFA, 0xFDFA, 0xFDFA, 0xFDFA, 0xFDFA, 0xFDFA, 0xFDFA, 0xFDFA, 0xFDFA, 0xF5FA,
    0xF5FA, 0xFDFA, 0xFDFA, 0xFDFA, 0xFDFA, 0xF5FA, 0xFDFA, 0xFDF9, 0xFDFA, 0xFDFA, 0xFDFA, 0xFDFA, 0xF5FA, 0xF5FA, 0xFDFA, 0xFDFA,
    0xF5FA, 0xF5F9, 0xF5F9, 0xF5FA, 0xFDFA, 0xE516, 0xF5B9, 0xFDFA, 0xFDFA, 0xFDFA, 0xF5FA, 0xF5FA, 0xFDFA, 0xED58, 0xED98, 0xFDFA,
    0xF5FA, 0xF5FA, 0xF5FA, 0xF5FA, 0xF5FA, 0xF5FA, 0xF5F9, 0xFDFA, 0xF5FA, 0xFDFA, 0xFDFA, 0xF5FA, 0xF5FA, 0xF5FA, 0xF5FA, 0xFDFA,
    0xF5FA, 0xF5FA, 0xF5FA, 0xF5FA, 0xFDFA, 0xFDFA, 0xF5FA, 0xF5FA, 0xFDFA, 0xFDFA, 0xF5F9, 0xFDFA, 0xF5FA, 0xF5FA, 0xFDFA, 0xFDFA,
    0xF5DA, 0xE516, 0xF5FA, 0xF5FA, 0xF5FA, 0xFDFA, 0xFDFA, 0xFDFA, 0xFDFA, 0xFDFA, 0xF5FA, 0xFDFA, 0xF5FA, 0xFDFA, 0xF5FA, 0xFDF9,
    0xFDFA, 0xFDFA, 0xFDFA, 0xF5FA, 0xF5FA, 0xF5FA, 0xF5FA, 0xFDFA, 0xFDFA, 0xF5FA, 0xFDFA, 0xF599, 0xE435, 0xBB71, 0xBC74, 0xFE7C,
    0xF63B, 0xFE5B, 0xFE5B, 0xFE5B, 0xFE5C, 0xFE5B, 0xFE5B, 0xFE5B, 0xFE5B, 0xFE5C, 0xFE5B, 0xFE5B, 0xFE5B, 0xFE5C, 0xFE5C, 0xFE5C,
    0xFE5B, 0xFE5C, 0xFE5B, 0xFE5B, 0xFE5B, 0xFE5B, 0xFE5B, 0xFE5B, 0xFE5B, 0xFE5C, 0xFE7B, 0xFE5B, 0xFE5B, 0xFE5C, 0xFE5B, 0xFE5B,
    0xFE7B, 0xFE5B, 0xFE5B, 0xFE7C, 0xFE5B, 0xFE5B, 0xFE5B, 0xFE7B, 0xFEBC, 0xFEFC, 0xFF1C, 0xFF3C, 0xFF3C, 0xFF1C, 0xFF3C, 0xFF3C,
    0xFF1C, 0xFF1C, 0xFF1C, 0xFF1C, 0xFF1C, 0xFF1C, 0xFF1C, 0xFF1C, 0xFF1C, 0xFF1C, 0xFF1C, 0xFF1C, 0xFF1C, 0xFF1C, 0xFEFC, 0xFEFC,
    0xFE7C, 0xFE5C, 0xFE5B, 0xFE5C, 0xFE5B, 0xFE5B, 0xFE5B, 0xFE5B, 0xFE5B, 0xFE5B, 0xFE5B, 0xFE5B, 0xFE5C, 0xFE5B, 0xFE7B, 0xFE5C,
    0xFE5B, 0xFE5B, 0xFE5B, 0xFE5B, 0xFE5B, 0xFE5C, 0xFE5B, 0xFE5B, 0xFE5B, 0xFE5B, 0xFE5B, 0xFE5B, 0xFE5B, 0xFE5B, 0xFE5B, 0xFE5B,
    0xFE5B, 0xFE5C, 0xFE7B, 0xFE5B, 0xFE5B, 0xFE5B, 0xFE5B, 0xFE5B, 0xFE5B, 0xFE5B, 0xFE5B, 0xFE5B, 0xFE5B, 0xFE5B, 0xFE5B, 0xFE5B,
    0xFE5B, 0xFE5B, 0xFE5B, 0xFE5B, 0xFE5B, 0xFE5C, 0xFE5B, 0xFE5B, 0xF65B, 0xFE9C, 0xCCF5, 0xBCB4, 0xFEDC, 0xF67B, 0xFE3B, 0xFDFA,
    0xFDFA, 0xFDFA, 0xFDFA, 0xFDFA, 0xF5FA, 0xFDFA, 0xFDFA, 0xFDFA, 0xFDFA, 0xFDFA, 0xF5F9, 0xFDFA, 0xFDFA, 0xFDFA, 0xF5FA, 0xF5FA,
    0xFDFA, 0xFDFA, 0xFDFA, 0xFDFA, 0xFDFA, 0xFDFA, 0xFDFA, 0xFDFA, 0xFDFA, 0xFDFA, 0xFDFA, 0xFDFA, 0xF5FA, 0xF5FA, 0xFDFA, 0xF5F9,
    0xFDFA, 0xF5FA, 0xF5F9, 0xF5DA, 0xFDFA, 0xED77, 0xED57, 0xFE1A, 0xF5FA, 0xFDFA, 0xFDFA, 0xFDF9, 0xFE1A, 0xED78, 0xED78, 0xFE1A,
    0xF5FA, 0xF5FA, 0xF5FA, 0xF5F9, 0xF5FA, 0xF5FA, 0xF5F9, 0xFDFA, 0xFDFA, 0xFDFA, 0xFDFA, 0xF5FA, 0xF5FA, 0xF5FA, 0xF5FA, 0xF5FA,
    0xF5FA, 0xF5FA, 0xF5FA, 0xF5FA, 0xF5FA, 0xF5FA, 0xFDFA, 0xF5F9, 0xFDFA, 0xFDFA, 0xF5F9, 0xFDFA, 0xF5FA, 0xF5FA, 0xF5FA, 0xFDFA,
    0xE516, 0xF5B9, 0xFDFA, 0xF5FA, 0xF5FA, 0xFDFA, 0xFDFA, 0xFDFA, 0xFDFA, 0xFDFA, 0xFDFA, 0xFDFA, 0xFDFA, 0xF5FA, 0xF5FA, 0xF5F9,
    0xF5FA, 0xF5B9, 0xF5DA, 0xFDFA, 0xF5B9, 0xF5D9, 0xFDFA, 0xFDFA, 0xFDFA, 0xFDFA, 0xF5FA, 0xFE1A, 0xECF7, 0xC371, 0xB412, 0xFE7C,
    0xFE5B, 0xFE5C, 0xFE5B, 0xFE5B, 0xFE5B, 0xFE5B, 0xFE5B, 0xFE5C, 0xFE5B, 0xFE5B, 0xFE5B, 0xFE5B, 0xFE7B, 0xFE7C, 0xFE7C, 0xFE5B,
    0xFE5B, 0xFE5B, 0xFE5B, 0xFE5B, 0xFE5B, 0xFE5B, 0xFE5B, 0xFE7B, 0xFE7B, 0xFE7B, 0xFE7B, 0xFE7B, 0xFE7B, 0xFE7B, 0xFE7B, 0xFE7B,
    0xFE7B, 0xFE7B, 0xFE5B, 0xFE5B, 0xFE5B, 0xFE5B, 0xFE7B, 0xFEDC, 0xFF1C, 0xFF1C, 0xFF1D, 0xFF3C, 0xFF1C, 0xFF1C, 0xFF1C, 0xFF1C,
    0xFF1C, 0xFF1C, 0xFF1C, 0xFF1C, 0xFF1C, 0xFF1C, 0xFF1C, 0xFF1C, 0xFF1C, 0xFF1C, 0xFF1C, 0xFEFC, 0xFEFC, 0xFEFC, 0xFEFC, 0xFEFC,
    0xFE7B, 0xFE5B, 0xFE5C, 0xFE5C, 0xFE5C, 0xFE5B, 0xFE5B, 0xFE5B, 0xFE5B, 0xFE5B, 0xFE5C, 0xFE5B, 0xFE5B, 0xFE5C, 0xFE5B, 0xFE5C,
    0xFE5B, 0xFE5B, 0xFE5B, 0xFE5B, 0xFE5B, 0xFE5B, 0xFE5C, 0xFE5B, 0xFE5C, 0xFE5B, 0xFE7B, 0xFE5B, 0xFE5B, 0xFE5B, 0xFE5C, 0xFE5B,
    0xFE5B, 0xFE5C, 0xFE5C, 0xFE5B, 0xFE5B, 0xFE5B, 0xFE5B, 0xFE5B, 0xFE5B, 0xFE5B, 0xFE5B, 0xFE5B, 0xFE5C, 0xFE5C, 0xFE5B, 0xFE5B,
    0xFE5B, 0xFE5B, 0xFE5C, 0xFE5B, 0xFE5B, 0xFE5C, 0xFE5C, 0xFE5B, 0xFE5C, 0xF65B, 0xA411, 0xF65A, 0xFE9C, 0xFE7B, 0xFDFA, 0xFDFA,
    0xFDFA, 0xF5FA, 0xFDFA, 0xFDFA, 0xF5FA, 0xFDFA, 0xF5FA, 0xF5FA, 0xFDFA, 0xFDFA, 0xFDFA, 0xFDFA, 0xF5FA, 0xF5FA, 0xF5FA, 0xFDFA,
    0xFDFA, 0xFDFA, 0xFDFA, 0xFDFA, 0xFDFA, 0xFDFA, 0xFDFA, 0xFDFA, 0xF5F9, 0xFDFA, 0xFDFA, 0xF5FA, 0xF5F9, 0xFDFA, 0xF5FA, 0xF5FA,
    0xFDFA, 0xF5FA, 0xFDFA, 0xF5F9, 0xF5FA, 0xF5D9, 0xE516, 0xFDFA, 0xF5FA, 0xFDFA, 0xFDFA, 0xFDFA, 0xFE1A, 0xED99, 0xED57, 0xFDFA,
    0xF5F9, 0xFDFA, 0xF5FA, 0xF5FA, 0xF5FA, 0xF5FA, 0xF5FA, 0xFDFA, 0xF5FA, 0xF5FA, 0xF5FA, 0xF5FA, 0xF5FA, 0xFDFA, 0xF5FA, 0xF5FA,
    0xF5F9, 0xFDFA, 0xFDFA, 0xFDFA, 0xF5FA, 0xFDFA, 0xFDDA, 0xFDDA, 0xF5FA, 0xF5FA, 0xF5FA, 0xF5FA, 0xF5F9, 0xF5FA, 0xFE1A, 0xED58,
    0xED78, 0xFE1A, 0xF5DA, 0xF5FA, 0xFDF9, 0xFDFA, 0xF5FA, 0xFDFA, 0xFDFA, 0xFDFA, 0xFDFA, 0xFDFA, 0xF5FA, 0xF5FA, 0xF5FA, 0xF5FA,
    0xF5F9, 0xED78, 0xF5FA, 0xFDFA, 0xED98, 0xF5F9, 0xF5FA, 0xF5FA, 0xFDFA, 0xF5F9, 0xF5FA, 0xFDFA, 0xFDBA, 0xCBD2, 0xABD1, 0xFE7D,
    0xFE5B, 0xFE5C, 0xFE5B, 0xFE5B, 0xFE5B, 0xFE5B, 0xFE5B, 0xFE5B, 0xFE5B, 0xFE5B, 0xFE5B, 0xFE5B, 0xFE7B, 0xFE7B, 0xFE7B, 0xFE7B,
    0xFE7B, 0xFE7B, 0xFE7B, 0xFE7C, 0xFE7B, 0xFE7B, 0xFE7B, 0xFE7B, 0xFE7B, 0xFE7B, 0xFE7B, 0xFE7B, 0xFE7B, 0xFE7B, 0xFE7C, 0xFE7B,
    0xFE7B, 0xFE7B, 0xFE7B, 0xFE7B, 0xFE5C, 0xFE7B, 0xFEFC, 0xFF1D, 0xFF1D, 0xFF1C, 0xFF1C, 0xFF1C, 0xFF1C, 0xFF3C, 0xFF1C, 0xFF1C,
    0xFF1C, 0xFF1C, 0xFF1C, 0xFF1C, 0xFF3C, 0xFF1C, 0xFF1C, 0xFF1C, 0xFF1C, 0xFEFC, 0xFEFC, 0xFEFC, 0xFEDC, 0xFEDC, 0xFEDC, 0xFEDC,
    0xFE7C, 0xFE7B, 0xFE7B, 0xFE7B, 0xFE5C, 0xFE5B, 0xFE5C, 0xFE5B, 0xFE5B, 0xFE7B, 0xFE5C, 0xFE5B, 0xFE5B, 0xFE5B, 0xFE7B, 0xFE7C,
    0xFE5C, 0xFE5C, 0xFE5B, 0xFE5B, 0xFE5C, 0xFE5B, 0xFE5B, 0xFE7B, 0xFE5C, 0xFE5B, 0xFE7C, 0xFE5B, 0xFE5B, 0xFE5B, 0xFE5C, 0xFE5B,
    0xFE5B, 0xFE5B, 0xFE7B, 0xFE5B, 0xFE5B, 0xFE5C, 0xFE5C, 0xFE5B, 0xFE5C, 0xFE7C, 0xFE7B, 0xFE7B, 0xFE5B, 0xFE5C, 0xFE5C, 0xFE5B,
    0xFE5B, 0xFE5B, 0xFE5B, 0xFE5B, 0xFE7B, 0xFE5B, 0xFE7B, 0xFE5B, 0xFE9C, 0xC4D5, 0xC515, 0xFEDC, 0xF67B, 0xFE3B, 0xF5FA, 0xFDFA,
    0xFDFA, 0xF5FA, 0xF5FA, 0xF5FA, 0xF5FA, 0xF5FA, 0xF5FA, 0xF5FA, 0xFDFA, 0xF5FA, 0xF5FA, 0xF5FA, 0xF5FA, 0xF5FA, 0xFDFA, 0xFDFA,
    0xFDFA, 0xFDFA, 0xFDFA, 0xFDFA, 0xFDFA, 0xFDFA, 0xFDFA, 0xFDFA, 0xF5FA, 0xFDFA, 0xFDFA, 0xFDFA, 0xFDFA, 0xF5FA, 0xF5FA, 0xFDFA,
    0xFDFA, 0xFDFA, 0xFDFA, 0xF5FA, 0xF5FA, 0xFDFA, 0xE517, 0xF5B9, 0xFE1A, 0xF5FA, 0xFDFA, 0xFDFA, 0xFDFA, 0xF5B9, 0xE537, 0xFDFA,
    0xF5FA, 0xFDFA, 0xF5FA, 0xF5FA, 0xF5FA, 0xF5FA, 0xFDFA, 0xFDFA, 0xF5FA, 0xF5FA, 0xF5FA, 0xF5FA, 0xFDFA, 0xFDFA, 0xFDFA, 0xF5FA,
    0xF5FA, 0xF5FA, 0xFDFA, 0xFDFA, 0xFDFA, 0xFDFA, 0xF5DA, 0xF5FA, 0xFDFA, 0xF5FA, 0xF5FA, 0xF5FA, 0xF5F9, 0xFDFA, 0xF599, 0xE537,
    0xFDFA, 0xF5FA, 0xF5FA, 0xF5FA, 0xF5FA, 0xF5FA, 0xF5FA, 0xFDFA, 0xFDFA, 0xFDFA, 0xFDFA, 0xFDFA, 0xF5FA, 0xF5FA, 0xF5FA, 0xFDFA,
    0xF5D9, 0xED58, 0xFDFB, 0xF5D9, 0xED77, 0xF5F9, 0xF5FA, 0xF5DA, 0xF5DA, 0xF5FA, 0xFDFA, 0xF5FA, 0xFE1A, 0xDC95, 0xA390, 0xFE7C,
    0xFE5B, 0xFE5B, 0xFE5C, 0xFE5C, 0xFE5B, 0xFE5B, 0xFE5C, 0xFE7B, 0xFE7B, 0xFE7B, 0xFE7B, 0xFE7B, 0xFE7C, 0xFE7B, 0xFE7B, 0xFE7B,
    0xFE7B, 0xFE7B, 0xFE7B, 0xFE7B, 0xFE7B, 0xFE7B, 0xFE7B, 0xFE7C, 0xFE7B, 0xFE7B, 0xFE7C, 0xFE7B, 0xFE7B, 0xFE7B, 0xFE7B, 0xFE7B,
    0xFE7C, 0xFE7B, 0xFE7B, 0xFE7B, 0xFE7B, 0xFEDC, 0xFF1C, 0xFF1C, 0xFF1C, 0xFF1C, 0xFF1C, 0xFF1D, 0xFF1D, 0xFF1C, 0xFF1C, 0xFF1C,
    0xFF1C, 0xFF1C, 0xFF1C, 0xFF1C, 0xFF3C, 0xFF3C, 0xFF1C, 0xFF1C, 0xFEFC, 0xFEFC, 0xFEFC, 0xFEDC, 0xFEDC, 0xFEDC, 0xFEFC, 0xFEFC,
    0xFE7C, 0xFE5B, 0xFE5B, 0xFE7B, 0xFE5B, 0xFE5B, 0xFE5B, 0xFE5B, 0xFE5B, 0xFE7C, 0xFE7C, 0xFE7B, 0xFE5C, 0xFE5B, 0xFE5B, 0xFE7B,
    0xFE7B, 0xFE7C, 0xFE7B, 0xFE5C, 0xFE7C, 0xFE5B, 0xFE5C, 0xFE7B, 0xFE7C, 0xFE5C, 0xFE7B, 0xFE7B, 0xFE5B, 0xFE5B, 0xFE5B, 0xFE7B,
    0xFE5B, 0xFE5B, 0xFE5B, 0xFE7B, 0xFE5B, 0xFE5C, 0xFE7C, 0xFE7C, 0xFE7B, 0xFE7C, 0xFE7C, 0xFE7C, 0xFE7B, 0xFE7B, 0xFE7B, 0xFE5B,
    0xFE5B, 0xFE7B, 0xFE7C, 0xFE7B, 0xFE7B, 0xFE5C, 0xFE5B, 0xFE7C, 0xF63A, 0xA3F1, 0xF67B, 0xFE9B, 0xFE5B, 0xF5FA, 0xFDFA, 0xFDFA,
    0xFDFA, 0xF5FA, 0xF5FA, 0xF5FA, 0xF5FA, 0xF5FA, 0xF5FA, 0xF5FA, 0xFDFA, 0xFDFA, 0xF5FA, 0xFDFA, 0xFDFA, 0xF5FA, 0xFDFA, 0xFDFA,
    0xF5FA, 0xF5FA, 0xFDFA, 0xFDFA, 0xFDFA, 0xFDFA, 0xFDFA, 0xFDFA, 0xF5FA, 0xFDFA, 0xFDFA, 0xFDFA, 0xFDFA, 0xF5FA, 0xF5FA, 0xFDFA,
    0xFDF9, 0xF5FA, 0xFDFA, 0xFDFA, 0xF5FA, 0xFE1A, 0xED78, 0xE557, 0xFE1A, 0xF5FA, 0xF5FA, 0xFDFA, 0xFDFA, 0xF5B9, 0xE537, 0xFDFA,
    0xF5FA, 0xF5FA, 0xF5FA, 0xF5FA, 0xFDFA, 0xFDFA, 0xFDFA, 0xFDFA, 0xF5FA, 0xF5FA, 0xF5FA, 0xF5FA, 0xFDFA, 0xF5FA, 0xF5FA, 0xFDFA,
    0xF5FA, 0xF5FA, 0xF5FA, 0xFDFA, 0xFDFA, 0xFDFA, 0xF5DA, 0xF5FA, 0xF5FA, 0xF5F9, 0xF5FA, 0xF5FA, 0xFDFA, 0xF5B9, 0xE537, 0xFDFA,
    0xF5FA, 0xF5FA, 0xF5FA, 0xF5FA, 0xF5FA, 0xF5FA, 0xFDFA, 0xFDFA, 0xFDFA, 0xFDFA, 0xFDFA, 0xFDFA, 0xF5FA, 0xF5F9, 0xF5FA, 0xFDFA,
    0xF598, 0xED57, 0xFE1A, 0xF599, 0xED78, 0xFDFA, 0xF5FA, 0xF5FA, 0xF5FA, 0xF5FA, 0xF5FA, 0xFDFA, 0xFDFA, 0xED57, 0xA390, 0xFE5B,
    0xFE5B, 0xFE7B, 0xFE7B, 0xFE7C, 0xFE7B, 0xFE7B, 0xFE7B, 0xFE7B, 0xFE7B, 0xFE7B, 0xFE7B, 0xFE7B, 0xFE7B, 0xFE7B, 0xFE7B, 0xFE7B,
    0xFE7B, 0xFE7B, 0xFE7B, 0xFE7B, 0xFE7B, 0xFE7B, 0xFE7B, 0xFE7B, 0xFE7B, 0xFE7B, 0xFE7B, 0xFE7B, 0xFE7B, 0xFE7B, 0xFE7B, 0xFE7B,
    0xFE7B, 0xFE7B, 0xFE5B, 0xFE7B, 0xFE9B, 0xFEFC, 0xFF1C, 0xFF1C, 0xFF1C, 0xFF1C, 0xFF1C, 0xFF1D, 0xFF1C, 0xFF1C, 0xFF1C, 0xFF1C,
    0xFF1C, 0xFF1C, 0xFF1C, 0xFF1C, 0xFF1C, 0xFF3C, 0xFF1C, 0xFF1C, 0xFEFC, 0xFEFC, 0xFEFC, 0xFEFC, 0xFEFC, 0xFEFC, 0xFEFC, 0xFEFC,
    0xFE7C, 0xFE7B, 0xFE7B, 0xFE7C, 0xFE7B, 0xFE7B, 0xFE7B, 0xFE7B, 0xFE7B, 0xFE7B, 0xFE7B, 0xFE7C, 0xFE7C, 0xFE5C, 0xFE7C, 0xFE7B,
    0xFE7B, 0xFE7B, 0xFE7C, 0xFE7B, 0xFE7B, 0xFE7B, 0xFE7B, 0xFE7C, 0xFE7B, 0xFE7B, 0xFE7B, 0xFE7B, 0xFE7B, 0xFE7B, 0xFE7B, 0xFE7C,
    0xFE7B, 0xFE7C, 0xFE7C, 0xFE7B, 0xFE7B, 0xFE7B, 0xFE7C, 0xFE7C, 0xFE7B, 0xFE7B, 0xFE7B, 0xFE7B, 0xFE7B, 0xFE7B, 0xFE7B, 0xFE7B,
    0xFE7B, 0xFE7B, 0xFE7B, 0xFE7B, 0xFE7C, 0xFE5C, 0xF65B, 0xFEBC, 0xC4B4, 0xC4F5, 0xFEDC, 0xF67B, 0xFE1A, 0xF5FA, 0xF5FA, 0xF5FA,
    0xFDFA, 0xF5FA, 0xFDFA, 0xFDFA, 0xF5FA, 0xFDFA, 0xFDFA, 0xFDFA, 0xFDFA, 0xFDFA, 0xFDFA, 0xFDFA, 0xFDFA, 0xF5F9, 0xFDFA, 0xFDFA,
    0xFDFA, 0xFDFA, 0xF5FA, 0xFDFA, 0xFDFA, 0xFDFA, 0xFDFA, 0xFDFA, 0xF5FA, 0xFDFA, 0xF5FA, 0xF5FA, 0xFDFA, 0xFDFA, 0xF5FA, 0xFDFA,
    0xFDFA, 0xF5F9, 0xF5FA, 0xF5FA, 0xF5FA, 0xFDFA, 0xF5B9, 0xE4F6, 0xFDFA, 0xF5FA, 0xF5F9, 0xF5FA, 0xFDFA, 0xF5B9, 0xE537, 0xFDFA,
    0xF5FA, 0xF5FA, 0xF5FA, 0xF5FA, 0xFDFA, 0xF5FA, 0xFDFA, 0xFDFA, 0xFDFA, 0xFDFA, 0xF5FA, 0xF5FA, 0xFDFA, 0xFDFA, 0xF5F9, 0xFDFA,
    0xFDFA, 0xF5FA, 0xF5FA, 0xFDFA, 0xF5FA, 0xF5FA, 0xF5FA, 0xF5FA, 0xF5FA, 0xFDF9, 0xF5F9, 0xFE1A, 0xF5B9, 0xE537, 0xF5F9, 0xFDFA,
    0xF5FA, 0xF5FA, 0xF5FA, 0xF5FA, 0xFDFA, 0xF5FA, 0xFDFA, 0xFDFA, 0xF5FA, 0xF5FA, 0xFDFA, 0xF5FA, 0xF5FA, 0xF5F9, 0xF5F9, 0xFDFA,
    0xED78, 0xED57, 0xFE1A, 0xED78, 0xF5B9, 0xFDFA, 0xF5FA, 0xF5FA, 0xF5FA, 0xF5FA, 0xF5FA, 0xFDFA, 0xFDFA, 0xF5D9, 0xABF1, 0xF63B,
    0xFE7C, 0xFE7B, 0xFE7B, 0xFE7B, 0xFE7B, 0xFE7B, 0xFE7B, 0xFE7B, 0xFE7B, 0xFE7B, 0xFE7B, 0xFE7B, 0xFE7B, 0xFE7B, 0xFE7B, 0xFE7B,
    0xFE7B, 0xFE7B, 0xFE7B, 0xFE7B, 0xFE7B, 0xFE7B, 0xFE7B, 0xFE7B, 0xFE5B, 0xFE5B, 0xFE7B, 0xFE7B, 0xFE7B, 0xFE7B, 0xFE7B, 0xFE7B,
    0xFE7B, 0xFE7B, 0xFE7B, 0xFEBB, 0xFEFC, 0xFF1C, 0xFF1C, 0xFF1D, 0xFF1D, 0xFF1C, 0xFF1C, 0xFF1C, 0xFF1C, 0xFF1C, 0xFF1C, 0xFF1C,
    0xFF1C, 0xFF1C, 0xFF1C, 0xFF1C, 0xFF1C, 0xFF1C, 0xFF1C, 0xFEFC, 0xFEFC, 0xFF1C, 0xFF1C, 0xFF1C, 0xFF1C, 0xFF1C, 0xFF1C, 0xFF1C,
    0xFE7C, 0xFE7C, 0xFE7C, 0xFE7B, 0xFE7B, 0xFE7C, 0xFE7C, 0xFE7C, 0xFE7C, 0xFE7C, 0xFE7B, 0xFE7C, 0xFE7C, 0xFE7B, 0xFE7B, 0xFE7B,
    0xFE7C, 0xFE7B, 0xFE7B, 0xFE7B, 0xFE7B, 0xFE7B, 0xFE7C, 0xFE7B, 0xFE7B, 0xFE7C, 0xFE7B, 0xFE7B, 0xFE7C, 0xFE7C, 0xFE7B, 0xFE7B,
    0xFE7B, 0xFE7B, 0xFE7B, 0xFE7B, 0xFE7C, 0xFE7B, 0xFE7B, 0xFE7B, 0xFE7B, 0xFE7B, 0xFE7C, 0xFE7C, 0xFE7B, 0xFE7C, 0xFE7C, 0xFE7B,
    0xFE7C, 0xFE7C, 0xFE7B, 0xFE7B, 0xFE7B, 0xFE5B, 0xFE7B, 0xF63B, 0xA3F1, 0xF67B, 0xFE9B, 0xFE5B, 0xF5FA, 0xF5FA, 0xF5FA, 0xFDFA,
    0xF5FA, 0xF5FA, 0xFDFA, 0xFDFA, 0xFDFA, 0xFDFA, 0xFDFA, 0xFDFA, 0xFDFA, 0xFDFA, 0xFDFA, 0xFDFA, 0xFDFA, 0xF5FA, 0xF5FA, 0xF5FA,
    0xF5FA, 0xFDFA, 0xFDFA, 0xF5FA, 0xFDFA, 0xFDFA, 0xFDFA, 0xFDFA, 0xF5FA, 0xFDFA, 0xFDFA, 0xFDFA, 0xFDFA, 0xFDFA, 0xFDFA, 0xFDFA,
    0xFDFA, 0xFDFA, 0xF5FA, 0xF5FA, 0xF5FA, 0xF5FA, 0xFDFA, 0xE517, 0xF5B9, 0xF5FA, 0xF5FA, 0xF5FA, 0xFDFA, 0xF5B9, 0xE517, 0xFDFA,
    0xF5FA, 0xF5FA, 0xF5FA, 0xF5FA, 0xF5FA, 0xF5FA, 0xFDFA, 0xFDFA, 0xFDFA, 0xFDFA, 0xF5FA, 0xF5FA, 0xF5FA, 0xFDFA, 0xFDFA, 0xFDFA,
    0xFDFA, 0xF5FA, 0xF5FA, 0xFDFA, 0xFDFA, 0xF5FA, 0xF5FA, 0xF5F9, 0xF5FA, 0xF5FA, 0xFDFA, 0xF5D9, 0xE537, 0xF5D9, 0xFDFA, 0xF5FA,
    0xF5FA, 0xF5FA, 0xF5FA, 0xFDFA, 0xFDFA, 0xFDFA, 0xFDFA, 0xFDFA, 0xF5FA, 0xF5FA, 0xFDFA, 0xF5FA, 0xFDFA, 0xFDFA, 0xF5DA, 0xFE1A,
    0xE537, 0xED98, 0xFDFA, 0xE557, 0xFDDA, 0xFDFA, 0xF5FA, 0xF5FA, 0xF5FA, 0xF5FA, 0xF5FA, 0xFDFA, 0xFDFA, 0xFDFA, 0xB412, 0xF63A,
    0xFE7B, 0xFE7B, 0xFE7C, 0xFE7B, 0xFE7B, 0xFE7B, 0xFE7B, 0xFE7B, 0xFE7B, 0xFE7B, 0xFE7B, 0xFE7C, 0xFE7B, 0xFE7B, 0xFE7C, 0xFE7C,
    0xFE7B, 0xFE7B, 0xFE7B, 0xFE7B, 0xFE7B, 0xFE7B, 0xFE7C, 0xFE7B, 0xFE7B, 0xFE7B, 0xFE7B, 0xFE7C, 0xFE7C, 0xFE7C, 0xFE7B, 0xFE7B,
    0xFE7C, 0xFEBC, 0xFEDC, 0xFEFC, 0xFF1C, 0xFF1C, 0xFF1C, 0xFF1C, 0xFF1C, 0xFF1C, 0xFF1C, 0xFF1C, 0xFF1C, 0xFF1C, 0xFF1C, 0xFF1C,
    0xFF1C, 0xFF1C, 0xFF1C, 0xFF1C, 0xFF1C, 0xFF1C, 0xFF1C, 0xFF1C, 0xFF1C, 0xFF1C, 0xFF1C, 0xFF1C, 0xFF1C, 0xFF1C, 0xFF1C, 0xFF1C,
    0xFE7C, 0xFE7B, 0xFE7C, 0xFE7C, 0xFE7B, 0xFE7C, 0xFE7B, 0xFE7B, 0xFE7C, 0xFE7B, 0xFE7B, 0xFE7B, 0xFE7C, 0xFE7C, 0xFE7B, 0xFE7B,
    0xFE7B, 0xFE7C, 0xFE7B, 0xFE7B, 0xFE7C, 0xFE7B, 0xFE7B, 0xFE7C, 0xFE7B, 0xFE7B, 0xFE7C, 0xFE7B, 0xFE7B, 0xFE7B, 0xFE7B, 0xFE7B,
    0xFE7B, 0xFE7C, 0xFE7B, 0xFE7B, 0xFE7B, 0xFE7C, 0xFE7B, 0xFE7B, 0xFE7C, 0xFE7B, 0xFE7B, 0xFE7C, 0xFE7B, 0xFE7B, 0xFE7C, 0xFE7B,
    0xFE7B, 0xFE7C, 0xFE7B, 0xFE7B, 0xFE7B, 0xF65B, 0xFEBC, 0xC4D5, 0xC4F5, 0xFEDD, 0xF67B, 0xF61A, 0xFDFA, 0xF5FA, 0xF5F9, 0xFDFA,
    0xF5FA, 0xF5F9, 0xF5FA, 0xF5FA, 0xF5FA, 0xFDFA, 0xFDFA, 0xFDFA, 0xF5FA, 0xF5FA, 0xF5FA, 0xFDFA, 0xFDFA, 0xFDFA, 0xF5FA, 0xF5FA,
    0xF5FA, 0xFDFA, 0xF5F9, 0xF5FA, 0xFDFA, 0xFDF9, 0xFDFA, 0xFDFA, 0xFDFA, 0xFDFA, 0xFDFA, 0xF5FA, 0xFDFA, 0xFDFA, 0xFDFA, 0xFDFA,
    0xFDFA, 0xFDFA, 0xF5FA, 0xF5FA, 0xF5FA, 0xF5FA, 0xFE1A, 0xE537, 0xED78, 0xFDF9, 0xF5FA, 0xF5FA, 0xFDFA, 0xF5B9, 0xE517, 0xFDFA,
    0xF5FA, 0xFDFA, 0xF5FA, 0xF5FA, 0xF5FA, 0xF5FA, 0xF5FA, 0xFDFA, 0xFDFA, 0xFDFA, 0xFDF9, 0xF5FA, 0xF5FA, 0xFDFA, 0xFDFA, 0xFDFA,
    0xFDFA, 0xF5FA, 0xFDFA, 0xFDFA, 0xFDFA, 0xFDFA, 0xF5FA, 0xFDFA, 0xF5FA, 0xF5F9, 0xF5D9, 0xED77, 0xF5D9, 0xFDFA, 0xF5FA, 0xF5F9,
    0xF5FA, 0xF5F9, 0xF5F9, 0xFDFA, 0xF5FA, 0xFDFA, 0xFDFA, 0xFDFA, 0xF5FA, 0xF5FA, 0xF5FA, 0xF5FA, 0xFDFA, 0xFDFA, 0xF5DA, 0xFDFA,
    0xDCF6, 0xF5B9, 0xF5B9, 0xED77, 0xFDFA, 0xF5FA, 0xF5F9, 0xF5FA, 0xF5FA, 0xF5FA, 0xF5FA, 0xF5FA, 0xF5FA, 0xFDFA, 0xB412, 0xF63A,
    0xFE7C, 0xFE7B, 0xFE7B, 0xFE7B, 0xFE7B, 0xFE7B, 0xFE7B, 0xFE7B, 0xFE7B, 0xFE7C, 0xFE7B, 0xFE7B, 0xFE7C, 0xFE7B, 0xFE7B, 0xFE7B,
    0xFE7B, 0xFE7B, 0xFE7B, 0xFE7C, 0xFE7B, 0xFE7B, 0xFE7B, 0xFE7C, 0xFE7B, 0xFE7B, 0xFE7B, 0xFE9B, 0xFE7B, 0xFE7C, 0xFE7B, 0xFE7B,
    0xFEBC, 0xFEFC, 0xFEFC, 0xFEFC, 0xFEFC, 0xFF1C, 0xFEFC, 0xFEFC, 0xFEFC, 0xFEFC, 0xFF1C, 0xFF1C, 0xFF1C, 0xFF1C, 0xFF1C, 0xFF1C,
    0xFF1C, 0xFF1C, 0xFF1C, 0xFF1C, 0xFF1C, 0xFF1C, 0xFF1C, 0xFF1C, 0xFF1C, 0xFF1C, 0xFF1C, 0xFF1C, 0xFF1C, 0xFF1C, 0xFF1C, 0xFF1C,
    0xFE7C, 0xFE7B, 0xFE7C, 0xFE7C, 0xFE7C, 0xFE7B, 0xFE7B, 0xFE7B, 0xFE7C, 0xFE7C, 0xFE7C, 0xFE7B, 0xFE7B, 0xFE7B, 0xFE7C, 0xFE7B,
    0xFE7B, 0xFE7B, 0xFE7B, 0xFE7C, 0xFE7C, 0xFE7B, 0xFE7B, 0xFE7C, 0xFE7C, 0xFE7B, 0xFE7B, 0xFE7B, 0xFE7B, 0xFE7B, 0xFE7C, 0xFE7B,
    0xFE7B, 0xFE7B, 0xFE7C, 0xFE7B, 0xFE7B, 0xFE7B, 0xFE7C, 0xFE7B, 0xFE7C, 0xFE7B, 0xFE7B, 0xFE7C, 0xFE7C, 0xFE7B, 0xFE7B, 0xFE7B,
    0xFE7B, 0xFE7B, 0xFE7C, 0xFE7B, 0xFE7B, 0xFE7B, 0xFE5B, 0xA411, 0xF67B, 0xFE9B, 0xF65B, 0xF5FA, 0xFDFA, 0xF5FA, 0xF5F9, 0xF5FA,
    0xF5FA, 0xF5FA, 0xF5FA, 0xF5FA, 0xF5FA, 0xF5FA, 0xF5FA, 0xFDFA, 0xFDFA, 0xF5FA, 0xFDFA, 0xFDFA, 0xFDFA, 0xFDFA, 0xFDFA, 0xF5FA,
    0xF5FA, 0xFDFA, 0xFDF9, 0xFDFA, 0xFDFA, 0xFDFA, 0xFDFA, 0xFDFA, 0xFDFA, 0xFDFA, 0xF5FA, 0xF5FA, 0xFDFA, 0xF5FA, 0xF5FA, 0xFDFA,
    0xF5FA, 0xF5FA, 0xF5FA, 0xFDFA, 0xF5FA, 0xF5FA, 0xFE1A, 0xED78, 0xE537, 0xFDFA, 0xF5FA, 0xF5FA, 0xFDFA, 0xF5B9, 0xE517, 0xFDFA,
    0xF5FA, 0xFDFA, 0xF5FA, 0xF5FA, 0xF5FA, 0xF5F9, 0xF5FA, 0xFDFA, 0xFDFA, 0xF5FA, 0xF5F9, 0xF5FA, 0xF5FA, 0xF5FA, 0xF5FA, 0xFDFA,
    0xF5F9, 0xF5FA, 0xFDFA, 0xFDFA, 0xFDFA, 0xFDFA, 0xF5FA, 0xF5FA, 0xF5FA, 0xF5F9, 0xEDB8, 0xF5FA, 0xFDFA, 0xF5FA, 0xF5FA, 0xF5F9,
    0xF5FA, 0xF5FA, 0xF5FA, 0xF5FA, 0xFDF9, 0xFDFA, 0xFDFA, 0xFDFA, 0xFDFA, 0xFDFA, 0xF5F9, 0xF5FA, 0xFDFA, 0xFDFA, 0xF5FA, 0xF5FA,
    0xDCD6, 0xFDDA, 0xED58, 0xF5B8, 0xFDFA, 0xF5DA, 0xF5FA, 0xF5FA, 0xF5FA, 0xF5F9, 0xF5FA, 0xF5DA, 0xF5DA, 0xFDFA, 0xB411, 0xF63A,
    0xFE7C, 0xFE7B, 0xFE7B, 0xFE7B, 0xFE7B, 0xFE7C, 0xFE7B, 0xFE7B, 0xFE7B, 0xFE7C, 0xFE7B, 0xFE7B, 0xFE7B, 0xFE7B, 0xFE7B, 0xFE7B,
    0xFE7B, 0xFE7B, 0xFE7B, 0xFE7B, 0xFE7C, 0xFE7B, 0xFE7B, 0xFE7B, 0xFE7B, 0xFE7B, 0xFE7C, 0xFE7B, 0xFE7B, 0xFE7B, 0xFE7C, 0xFE9B,
    0xFEFC, 0xFF1C, 0xFEFC, 0xFEFC, 0xFEFC, 0xFEFC, 0xFEBB, 0xFEDB, 0xFEDC, 0xFEFC, 0xFF1C, 0xFF1C, 0xFF1C, 0xFF1C, 0xFF1C, 0xFF1C,
    0xFF1C, 0xFF1C, 0xFF1C, 0xFF1C, 0xFF1C, 0xFF1C, 0xFF1C, 0xFF1C, 0xFF1C, 0xFF1C, 0xFF1C, 0xFF1C, 0xFF1C, 0xFF1C, 0xFF1C, 0xFEFC,
    0xFE7C, 0xFE7C, 0xFE7B, 0xFE7B, 0xFE7C, 0xFE7C, 0xFE7C, 0xFE7B, 0xFE7B, 0xFE7B, 0xFE7C, 0xFE7C, 0xFE7C, 0xFE7B, 0xFE7B, 0xFE7B,
    0xFE7C, 0xFE7C, 0xFE7B, 0xFE7B, 0xFE7C, 0xFE7C, 0xFE7C, 0xFE7B, 0xFE7C, 0xFE7C, 0xFE7C, 0xFE7C, 0xFE7C, 0xFE7B, 0xFE7B, 0xFE7C,
    0xFE7C, 0xFE7B, 0xFE7B, 0xFE7B, 0xFE7B, 0xFE7C, 0xFE7B, 0xFE7B, 0xFE7B, 0xFE7C, 0xFE7B, 0xFE7B, 0xFE7B, 0xFE7B, 0xFE7C, 0xFE7B,
    0xFE7B, 0xFE7B, 0xFE7C, 0xFE7B, 0xFE5C, 0xFEBC, 0xCD15, 0xC4D5, 0xFEDC, 0xF67B, 0xF61A, 0xF5FA, 0xF5FA, 0xF5FA, 0xF5FA, 0xF5FA,
    0xF5F9, 0xF5FA, 0xF5FA, 0xF5FA, 0xF5FA, 0xF5FA, 0xF5FA, 0xF5FA, 0xFDFA, 0xFDFA, 0xFDFA, 0xFDFA, 0xFDFA, 0xFDFA, 0xFDFA, 0xF5FA,
    0xFDFA, 0xFDFA, 0xFDFA, 0xFDFA, 0xFDF9, 0xFDFA, 0xFDFA, 0xFDFA, 0xFDFA, 0xFDFA, 0xF5FA, 0xF5FA, 0xFDFA, 0xF5FA, 0xF5FA, 0xFDFA,
    0xFDFA, 0xF5FA, 0xF5FA, 0xFDFA, 0xFDFA, 0xF5FA, 0xFDFA, 0xF5D9, 0xDD16, 0xFDFA, 0xF5FA, 0xF5FA, 0xFDFA, 0xF5B9, 0xE516, 0xFDFA,
    0xF5FA, 0xF5FA, 0xF5FA, 0xF5FA, 0xF5FA, 0xF5FA, 0xF5FA, 0xFDFA, 0xFDFA, 0xF5FA, 0xF5FA, 0xF5FA, 0xFDFA, 0xF5FA, 0xF5FA, 0xFDFA,
    0xF5FA, 0xF5FA, 0xF5F9, 0xFDFA, 0xFDFA, 0xFDFA, 0xFDFA, 0xFDFA, 0xF5FA, 0xF5FA, 0xFDFA, 0xFDFA, 0xF5FA, 0xFDFA, 0xF5FA, 0xF5FA,
    0xF5FA, 0xF5FA, 0xF5FA, 0xF5FA, 0xFDFA, 0xFDFA, 0xFDFA, 0xFDFA, 0xFDFA, 0xFDFA, 0xF5FA, 0xF5FA, 0xFDFA, 0xFDFA, 0xFDFA, 0xF5B9,
    0xDCD6, 0xFDF9, 0xE537, 0xF5DA, 0xF5FA, 0xF5F9, 0xF5FA, 0xFDFA, 0xF5DA, 0xF5FA, 0xF5FA, 0xF5DA, 0xF5DA, 0xFDFA, 0xAC12, 0xF63A,
    0xFE7C, 0xFE7B, 0xFE7C, 0xFE7B, 0xFE7B, 0xFE7B, 0xFE7B, 0xFE7B, 0xFE7B, 0xFE7B, 0xFE7B, 0xFE7B, 0xFE7C, 0xFE7B, 0xFE7B, 0xFE7B,
    0xFE7B, 0xFE7B, 0xFE7C, 0xFE7B, 0xFE7B, 0xFE7B, 0xFE7B, 0xFE7B, 0xFE7B, 0xFE7B, 0xFE7C, 0xFE7C, 0xFE7B, 0xFE9B, 0xFE7B, 0xFE9B,
    0xFEDC, 0xFEFC, 0xFEDC, 0xFEFC, 0xFEFC, 0xFE9B, 0xF67B, 0xFEBB, 0xFEBB, 0xFEFC, 0xFF1C, 0xFF1D, 0xFF1C, 0xFF1C, 0xFF1C, 0xFF1C,
    0xFF1C, 0xFF1C, 0xFF3C, 0xFF1C, 0xFF1C, 0xFF1C, 0xFEFC, 0xFEFC, 0xFEFC, 0xFEDC, 0xFEFC, 0xFEFC, 0xFEFC, 0xFEFC, 0xFEFC, 0xFEDC,
    0xFE9C, 0xFE7B, 0xFE7B, 0xFE7C, 0xFE7C, 0xFE7C, 0xFE7B, 0xFE7B, 0xFE7C, 0xFE7C, 0xFE7C, 0xFE7C, 0xFE7C, 0xFE7B, 0xFE7C, 0xFE7B,
    0xFE7B, 0xFE7B, 0xFE7C, 0xFE7C, 0xFE7B, 0xFE7B, 0xFE7B, 0xFE7C, 0xFE7B, 0xFE7B, 0xFE7B, 0xFE7B, 0xFE7C, 0xFE7C, 0xFE7B, 0xFE7B,
    0xFE7B, 0xFE7B, 0xFE7B, 0xFE7B, 0xFE7B, 0xFE7B, 0xFE7C, 0xFE7C, 0xFE7B, 0xFE7B, 0xFE7B, 0xFE7C, 0xFE7B, 0xFE7B, 0xFE7B, 0xFE7B,
    0xFE7B, 0xFE7C, 0xFE7C, 0xFE7B, 0xFE7B, 0xFE9B, 0xAC11, 0xEE3A, 0xFEBB, 0xF63A, 0xFDFA, 0xF5FA, 0xF5FA, 0xF5FA, 0xF5FA, 0xF5FA,
    0xF5FA, 0xF5FA, 0xF5FA, 0xF5FA, 0xF5FA, 0xF5FA, 0xF5FA, 0xF5FA, 0xFDFA, 0xFDFA, 0xFDFA, 0xFDFA, 0xFDF9, 0xFDFA, 0xFDFA, 0xF5FA,
    0xFDFA, 0xFDFA, 0xFDFA, 0xFDFA, 0xFDFA, 0xFDFA, 0xFDFA, 0xFDFA, 0xFDFA, 0xF5FA, 0xF5FA, 0xF5FA, 0xFDFA, 0xF5FA, 0xF5FA, 0xFDFA,
    0xFDFA, 0xF5FA, 0xF5FA, 0xFDFA, 0xFDFA, 0xF5FA, 0xF5FA, 0xFDFA, 0xDCF6, 0xF5D9, 0xF5FA, 0xF5F9, 0xFDFA, 0xF599, 0xE517, 0xFE1A,
    0xF5DA, 0xED98, 0xF5FA, 0xF5FA, 0xFDFA, 0xF5FA, 0xF5FA, 0xFDFA, 0xF5FA, 0xF5FA, 0xF5FA, 0xF5FA, 0xFDFA, 0xFDFA, 0xF5FA, 0xFDFA,
    0xFDFA, 0xF5FA, 0xF5FA, 0xFDFA, 0xF5FA, 0xFDFA, 0xFDFA, 0xFDFA, 0xFDFA, 0xFDF9, 0xF5FA, 0xF5FA, 0xF5FA, 0xF5FA, 0xFDFA, 0xF5FA,
    0xF5FA, 0xF5FA, 0xF5FA, 0xF5FA, 0xFDFA, 0xF5FA, 0xFDFA, 0xFDFA, 0xFDFA, 0xFDFA, 0xF5FA, 0xF5FA, 0xFDFA, 0xF5F9, 0xFDFA, 0xED58,
    0xE4F7, 0xF598, 0xED57, 0xFDFA, 0xF5D9, 0xF5FA, 0xF5D9, 0xF5B9, 0xFDFA, 0xF5DA, 0xF5FA, 0xF5DA, 0xF5D9, 0xFDF9, 0xB412, 0xF63A,
    0xFE7C, 0xFE7B, 0xFE7B, 0xFE7B, 0xFE7C, 0xFE7B, 0xFE7B, 0xFE7B, 0xFE7B, 0xFE7B, 0xFE7B, 0xFE7B, 0xFE7B, 0xFE7B, 0xFE7B, 0xFE7B,
    0xFE7B, 0xFE7B, 0xFE7B, 0xFE7B, 0xFE7B, 0xFE7B, 0xFE7B, 0xFE7B, 0xFE9C, 0xFE7C, 0xFE7B, 0xFE9B, 0xFE9B, 0xFE9C, 0xFE9B, 0xFE7B,
    0xFEBB, 0xFEDC, 0xFEDB, 0xFEFC, 0xFEBB, 0xF65A, 0xFE9B, 0xFE9B, 0xFEBB, 0xFEFC, 0xFF1C, 0xFF1C, 0xFF1C, 0xFF1D, 0xFF1C, 0xFF1C,
    0xFF1C, 0xFF1C, 0xFF1C, 0xFF1C, 0xFF1C, 0xFEFC, 0xFEDC, 0xFEDC, 0xFEDC, 0xFEDB, 0xFEFC, 0xFEDC, 0xFEDB, 0xFEDC, 0xFEBB, 0xFE9B,
    0xFE9C, 0xFE7B, 0xFE7B, 0xFE7C, 0xFE7B, 0xFE7C, 0xFE9B, 0xFE7B, 0xFE7C, 0xFE7C, 0xFE7B, 0xFE9B, 0xFE7C, 0xFE7C, 0xFE9B, 0xFE7C,
    0xFE7C, 0xFE7B, 0xFE7C, 0xFE7C, 0xFE7B, 0xFE7B, 0xFE7B, 0xFE7C, 0xFE7B, 0xFE7C, 0xFE9C, 0xFE7B, 0xFE7C, 0xFE7C, 0xFE7B, 0xFE7B,
    0xFE7C, 0xFE7C, 0xFE7B, 0xFE7B, 0xFE7B, 0xFE7B, 0xFE7C, 0xFE7C, 0xFE7B, 0xFE7C, 0xFE7B, 0xFE7C, 0xFE7B, 0xFE7C, 0xFE7C, 0xFE7B,
    0xFE7B, 0xFE7C, 0xFE7B, 0xF67B, 0xFEBC, 0xD536, 0xB493, 0xFEDC, 0xF67B, 0xF5FA, 0xFDFA, 0xF5FA, 0xF5FA, 0xF5FA, 0xF5FA, 0xF5FA,
    0xFDFA, 0xF5F9, 0xF5FA, 0xF5F9, 0xF5FA, 0xF5FA, 0xF5FA, 0xF5FA, 0xFDFA, 0xFDFA, 0xF5FA, 0xFDFA, 0xFDFA, 0xFDFA, 0xF5FA, 0xF5FA,
    0xFDFA, 0xFDFA, 0xFDFA, 0xFDFA, 0xFDFA, 0xFDF9, 0xFDFA, 0xFDFA, 0xF5F9, 0xF5FA, 0xFDFA, 0xF5FA, 0xFDF9, 0xFDFA, 0xFDFA, 0xFDFA,
    0xFDFA, 0xF5FA, 0xFDFA, 0xFDFA, 0xFDFA, 0xFDFA, 0xF5FA, 0xFE1A, 0xE516, 0xED98, 0xFDFA, 0xF5FA, 0xFE1A, 0xF599, 0xE516, 0xFE1A,
    0xF5B9, 0xED98, 0xFDFA, 0xF5FA, 0xFDFA, 0xFDFA, 0xFDFA, 0xF5DA, 0xF5DA, 0xF5FA, 0xF5FA, 0xF5FA, 0xFDFA, 0xFDF9, 0xF5FA, 0xF5FA,
    0xF5F9, 0xF5FA, 0xF5FA, 0xF5FA, 0xF5FA, 0xFDFA, 0xFDFA, 0xFDFA, 0xFDFA, 0xFDFA, 0xF5FA, 0xFDFA, 0xFDFA, 0xF5FA, 0xFDFA, 0xF5FA,
    0xF5FA, 0xF5FA, 0xF5DA, 0xFDFA, 0xFDF9, 0xF5FA, 0xFDFA, 0xF5FA, 0xF5F9, 0xFDFA, 0xFDFA, 0xF5FA, 0xF5FA, 0xF5DA, 0xFDFA, 0xE517,
    0xE517, 0xE537, 0xF5B9, 0xF5FA, 0xF5D9, 0xFDFA, 0xED98, 0xED78, 0xFDFA, 0xF5D9, 0xF5FA, 0xF5FA, 0xF5FA, 0xF5D9, 0xB412, 0xF65B,
    0xFE9B, 0xFE7C, 0xFE7B, 0xFE7C, 0xFE7C, 0xFE7B, 0xFE9B, 0xFE7B, 0xFE7B, 0xFE7C, 0xFE7B, 0xFE7C, 0xFE7B, 0xFE7B, 0xFE7B, 0xFE7B,
    0xFE7B, 0xFE7B, 0xFE7B, 0xFE7B, 0xFE7B, 0xFE7B, 0xFE9B, 0xFE9B, 0xFE7C, 0xFE9C, 0xFE9B, 0xFE9B, 0xFE9B, 0xFE7B, 0xFE7B, 0xFE7B,
    0xFE9B, 0xFEDB, 0xFEFC, 0xFF1C, 0xFEDB, 0xF69B, 0xFEBB, 0xF69B, 0xFEFC, 0xFF1C, 0xFEFC, 0xFF1C, 0xFF1C, 0xFF1C, 0xFF1C, 0xFF1C,
    0xFF1C, 0xFEFC, 0xFEFC, 0xFEDC, 0xFEDC, 0xFEBB, 0xFEBB, 0xFEDB, 0xFEDC, 0xFEFC, 0xFEFC, 0xFEBB, 0xFEBB, 0xFE9B, 0xFE7B, 0xFE7B,
    0xFE9C, 0xFE7C, 0xFE7C, 0xFE7C, 0xFE7B, 0xFE7C, 0xFE7C, 0xFE7B, 0xFE7C, 0xFE9B, 0xFE7C, 0xFE9C, 0xFE7B, 0xFE7C, 0xFE9C, 0xFE9C,
    0xFE9B, 0xFE9B, 0xFE7B, 0xFE7B, 0xFE7C, 0xFE7C, 0xFE7C, 0xFE7C, 0xFE7B, 0xFE9C, 0xFE9C, 0xFE9B, 0xFE9C, 0xFE9C, 0xFE9C, 0xFE7C,
    0xFE9B, 0xFE7C, 0xFE9B, 0xFE7B, 0xFE7B, 0xFE7B, 0xFE7B, 0xFE9C, 0xFE9C, 0xFE9B, 0xFE9C, 0xFE7C, 0xFE7C, 0xFE7C, 0xFE7C, 0xFE7C,
    0xFE7B, 0xFE7B, 0xFE7B, 0xFE7B, 0xFE9B, 0xAC11, 0xEE19, 0xFEBC, 0xF63A, 0xF5F9, 0xF5FA, 0xF5FA, 0xF5FA, 0xF5FA, 0xF5FA, 0xF5FA,
    0xF5DA, 0xF5D9, 0xFDFA, 0xF5FA, 0xF5FA, 0xF5FA, 0xF5FA, 0xF5FA, 0xFDFA, 0xFDFA, 0xF5FA, 0xFDFA, 0xFDFA, 0xFDFA, 0xF5F9, 0xF5FA,
    0xFDFA, 0xF5FA, 0xF5FA, 0xF5FA, 0xFDFA, 0xFDFA, 0xF5FA, 0xFDFA, 0xF5FA, 0xF5FA, 0xF5FA, 0xF5FA, 0xF5FA, 0xFDFA, 0xFDFA, 0xF5FA,
    0xF5FA, 0xF5F9, 0xFDF9, 0xFDFA, 0xFDFA, 0xFDFA, 0xF5FA, 0xFE1B, 0xE538, 0xED57, 0xFDFA, 0xF5FA, 0xFE1A, 0xED98, 0xE517, 0xFE1A,
    0xF599, 0xED98, 0xFDFA, 0xFDFA, 0xFDFA, 0xFDFA, 0xFDF9, 0xF5FA, 0xF5FA, 0xF5FA, 0xF5FA, 0xF5FA, 0xF5FA, 0xFDFA, 0xF5FA, 0xF5FA,
    0xF5FA, 0xF5FA, 0xF5FA, 0xF5FA, 0xF5FA, 0xFDF9, 0xFDFA, 0xFDFA, 0xFDFA, 0xFDFA, 0xF5F9, 0xF5FA, 0xF5FA, 0xFDFA, 0xF5DA, 0xFDFA,
    0xFDFB, 0xFDFA, 0xFDFA, 0xF5FA, 0xFDFA, 0xFDFA, 0xFDFA, 0xF5FA, 0xFDFA, 0xFDFA, 0xFDFA, 0xF5FA, 0xFDFA, 0xF5DA, 0xFE1A, 0xE4D6,
    0xE4D6, 0xED57, 0xFDFA, 0xF5DA, 0xF5DA, 0xFDFA, 0xE537, 0xF5B9, 0xFDFA, 0xF5FA, 0xFDFA, 0xF5FA, 0xFDFA, 0xF5D9, 0xAC12, 0xF67B,
    0xFE9B, 0xFE7C, 0xFE9B, 0xFE9B, 0xFE7B, 0xFE7B, 0xFE9B, 0xFE7B, 0xFE7C, 0xFE9C, 0xFE9B, 0xFE9C, 0xFE9C, 0xFE9B, 0xFE7B, 0xFE9B,
    0xFE7B, 0xFE7B, 0xFE9B, 0xFE7B, 0xFE9B, 0xFE9B, 0xFE9B, 0xFE9B, 0xFE9B, 0xFE9B, 0xFE9B, 0xFE9B, 0xFE7C, 0xFE9C, 0xFEBC, 0xFEDC,
    0xFEDC, 0xFF1C, 0xFF1C, 0xFF1C, 0xFF1C, 0xFF1C, 0xFEFC, 0xFEFC, 0xFF1C, 0xFF1C, 0xFEFC, 0xFF1C, 0xFF1C, 0xFF1C, 0xFF1C, 0xFF1C,
    0xFEDC, 0xFEBB, 0xFEBB, 0xFE9B, 0xFE9B, 0xFEBB, 0xFEDB, 0xFEDC, 0xFEDC, 0xFEDC, 0xFEDB, 0xFE9B, 0xFE7B, 0xFE7B, 0xFE5A, 0xFE3A,
    0xFE9C, 0xFE7B, 0xFE7B, 0xFE9B, 0xFE7B, 0xFE7C, 0xFE9B, 0xFE7C, 0xFE7C, 0xFE9B, 0xFE9B, 0xFE9C, 0xFE9C, 0xFE7B, 0xFE9B, 0xFE9C,
    0xFE9C, 0xFE9B, 0xFE7B, 0xFE7B, 0xFE9C, 0xFE9B, 0xFE9B, 0xFE9B, 0xFE9B, 0xFE9B, 0xFE9B, 0xFE9B, 0xFE9C, 0xFE9C, 0xFE9B, 0xFE9B,
    0xFE9C, 0xFE9B, 0xFE9B, 0xFE9C, 0xFE9C, 0xFE9B, 0xFE9B, 0xFE9B, 0xFE9C, 0xFE9B, 0xFE9B, 0xFE9B, 0xFE9B, 0xFE9B, 0xFE9B, 0xFE9B,
    0xFE9B, 0xFE9C, 0xFE9B, 0xFEBC, 0xDD97, 0xAC72, 0xFEDC, 0xF65B, 0xF5FA, 0xF5FA, 0xF5FA, 0xF5FA, 0xF5FA, 0xF5FA, 0xF5F9, 0xFDFA,
    0xED98, 0xED98, 0xFE1A, 0xF5FA, 0xF5FA, 0xF5FA, 0xF5F9, 0xF5F9, 0xF5FA, 0xFDFA, 0xFDFA, 0xFDFA, 0xFDFA, 0xFDFA, 0xF5FA, 0xF5FA,
    0xF5FA, 0xFDFA, 0xFDF9, 0xFDFA, 0xF5FA, 0xF5FA, 0xF5FA, 0xFDFA, 0xF5FA, 0xF5FA, 0xF5FA, 0xF5F9, 0xFDFA, 0xFDFA, 0xF5FA, 0xF5FA,
    0xF5FA, 0xF5FA, 0xFDFA, 0xFDFA, 0xFDFA, 0xFDFA, 0xF5F9, 0xFE1A, 0xED78, 0xE517, 0xFDFA, 0xF5F9, 0xFE1A, 0xED78, 0xE537, 0xFE1A,
    0xED78, 0xEDB9, 0xFDFA, 0xF5FA, 0xFDFA, 0xFDFA, 0xFDFA, 0xFDFA, 0xF5FA, 0xFDFA, 0xF5F9, 0xF5F9, 0xF5FA, 0xFDFA, 0xF5FA, 0xF5FA,
    0xF5FA, 0xF5FA, 0xF5FA, 0xFDF9, 0xF5FA, 0xFDFA, 0xFDFA, 0xFDFA, 0xFDFA, 0xFDFA, 0xF5FA, 0xF5FA, 0xF5FA, 0xF5FA, 0xFDFA, 0xF5B9,
    0xC514, 0xCD35, 0xF5B9, 0xFDFA, 0xFDFA, 0xFDFA, 0xF5FA, 0xF5F9, 0xF5F9, 0xFDFA, 0xFDFA, 0xF5FA, 0xF5FA, 0xF5DA, 0xFDFA, 0xDC95,
    0xD494, 0xF5D9, 0xFDFA, 0xF5D9, 0xF5FA, 0xF5D9, 0xE516, 0xFDFA, 0xF5F9, 0xF5FA, 0xF5FA, 0xF5FA, 0xFDFA, 0xF5B9, 0xB432, 0xFE7B,
    0xFE7B, 0xFE7C, 0xFE7C, 0xFE9C, 0xFE7B, 0xFE7B, 0xFE9C, 0xFE9B, 0xFE9B, 0xFE9B, 0xFE9B, 0xFE9B, 0xFE9B, 0xFE9B, 0xFE7B, 0xFE9C,
    0xFE9B, 0xFE9B, 0xFE9B, 0xFE7B, 0xFE9B, 0xFE9C, 0xFE9C, 0xFE9B, 0xFE9B, 0xFE9B, 0xFE9C, 0xFE9B, 0xFEDC, 0xFEFC, 0xFF1C, 0xFF1C,
    0xFF1C, 0xFF1C, 0xFF1C, 0xFF1C, 0xFF1C, 0xFF1C, 0xFF1C, 0xFF1C, 0xFF1C, 0xFF1C, 0xFEFD, 0xFF1C, 0xFF1C, 0xFF1C, 0xFF1C, 0xFEFC,
    0xFEBB, 0xFEBB, 0xFE9B, 0xFE7B, 0xFE7B, 0xFE9B, 0xFEDC, 0xFEDC, 0xFEDC, 0xFEBC, 0xFEBB, 0xFE7B, 0xFE5B, 0xFE3B, 0xFE3A, 0xFE1A,
    0xFE9C, 0xFE9B, 0xFE9C, 0xFE9B, 0xFE9B, 0xFE7C, 0xFE9B, 0xFE9C, 0xFE9C, 0xFE9B, 0xFE9C, 0xFE9C, 0xFE9B, 0xFE9B, 0xFE9B, 0xFE9C,
    0xFE9C, 0xFE9B, 0xFE7B, 0xFE9B, 0xFE9C, 0xFE9B, 0xFE9B, 0xFE9B, 0xFE9B, 0xFE9C, 0xFE9B, 0xFE9B, 0xFE9C, 0xFE9B, 0xFE9B, 0xFE9B,
    0xFE9B, 0xFE9B, 0xFE9B, 0xFE9C, 0xFE9C, 0xFE9B, 0xFE9B, 0xFE9B, 0xFE9C, 0xFE9B, 0xFE9B, 0xFE9B, 0xFE9B, 0xFE9B, 0xFE9B, 0xFE9B,
    0xFE9B, 0xFE9B, 0xFE9B, 0xFEDC, 0xAC52, 0xDDD8, 0xFEBC, 0xF63A, 0xF5FA, 0xFDFA, 0xFDFA, 0xF5F9, 0xF5FA, 0xF5FA, 0xF5F9, 0xFE1A,
    0xE557, 0xED98, 0xFE1A, 0xF5FA, 0xF5FA, 0xF5FA, 0xFDFA, 0xF5FA, 0xF5FA, 0xFDFA, 0xFDFA, 0xFDFA, 0xFDFA, 0xFDFA, 0xF5FA, 0xF5F9,
    0xF5FA, 0xFDFA, 0xFDFA, 0xFDFA, 0xF5FA, 0xF5F9, 0xF5FA, 0xF5FA, 0xF5FA, 0xF5FA, 0xFDFA, 0xF5FA, 0xF5FA, 0xF5FA, 0xF5FA, 0xF5FA,
    0xFDFA, 0xF5FA, 0xF5FA, 0xF5F9, 0xFDFA, 0xFDFA, 0xFDFA, 0xFDFA, 0xF5B9, 0xDCF6, 0xFDFA, 0xF5FA, 0xFE1A, 0xED58, 0xED37, 0xFE1A,
    0xED57, 0xF5D9, 0xFDFA, 0xF5FA, 0xF5FA, 0xF5FA, 0xF5FA, 0xFDFA, 0xF5FA, 0xFDFA, 0xFDFA, 0xFDFA, 0xFDFA, 0xFDFA, 0xFDFA, 0xFDFA,
    0xFDFA, 0xF5FA, 0xFDFA, 0xFDFA, 0xFDFA, 0xFDFA, 0xFDFA, 0xFDFA, 0xFDFA, 0xFDFA, 0xFDFA, 0xFDFA, 0xFDFA, 0xF5FA, 0xFDDA, 0xACF2,
    0x9DF0, 0x9E10, 0xB512, 0xFDDA, 0xF5FA, 0xF5FA, 0xF5FA, 0xF5FA, 0xF5FA, 0xF5FA, 0xF5FA, 0xF5FA, 0xF5FA, 0xFDDA, 0xFDDA, 0xC3F2,
    0xDD16, 0xFE1B, 0xF5DA, 0xF5DA, 0xFDFA, 0xED57, 0xE557, 0xFE1A, 0xF5FA, 0xF5FA, 0xF5FA, 0xF5FA, 0xFDFA, 0xED98, 0xB432, 0xFE9B,
    0xFE7B, 0xFE9C, 0xFE9B, 0xFE9B, 0xFE9B, 0xFE9B, 0xFE9B, 0xFE9B, 0xFE9B, 0xFE9B, 0xFE9B, 0xFE9C, 0xFE9B, 0xFE9B, 0xFE9C, 0xFE9B,
    0xFE9B, 0xFE9B, 0xFE9C, 0xFE9B, 0xFE9B, 0xFE9C, 0xFE9C, 0xFE9B, 0xFE9B, 0xFE9B, 0xFE9C, 0xFEDC, 0xFF1C, 0xFF1C, 0xFF3C, 0xFF1C,
    0xFF1C, 0xFF1C, 0xFF1C, 0xFF1C, 0xFF1C, 0xFF1C, 0xFF1C, 0xFF1C, 0xFF1C, 0xFF1C, 0xFF1D, 0xFF1C, 0xFF1C, 0xFF1C, 0xFEFC, 0xFEDC,
    0xFEBB, 0xFE9B, 0xFE7B, 0xFE5B, 0xFE5B, 0xFE7B, 0xFE9B, 0xFEBB, 0xFE9B, 0xFE9B, 0xFE9B, 0xFE5B, 0xFE3A, 0xFE1A, 0xFE1B, 0xFE1A,
    0xFE9C, 0xFE9C, 0xFE9C, 0xFE9C, 0xFE9B, 0xFE9B, 0xFE9B, 0xFE9B, 0xFE9B, 0xFE9B, 0xFE9C, 0xFE9C, 0xFE9B, 0xFE9C, 0xFE9B, 0xFE9B,
    0xFE9B, 0xFE9C, 0xFE9C, 0xFE9B, 0xFE9C, 0xFE9B, 0xFE9C, 0xFE9C, 0xFE9B, 0xFE9B, 0xFE9B, 0xFE9B, 0xFE9B, 0xFE9B, 0xFE9B, 0xFE9C,
    0xFE9C, 0xFE9B, 0xFE9C, 0xFE9B, 0xFE9B, 0xFE9C, 0xFE9B, 0xFE9B, 0xFE9C, 0xFE9B, 0xFE9C, 0xFE9C, 0xFE9C, 0xFE9B, 0xFE9B, 0xFE9B,
    0xFE9B, 0xFE9B, 0xFEBC, 0xE5D9, 0xAC31, 0xFEBC, 0xF65B, 0xF5FA, 0xF5FA, 0xFDFA, 0xF5FA, 0xF5FA, 0xF5FA, 0xF5FA, 0xF5FA, 0xFE1B,
    0xE517, 0xED78, 0xFE1A, 0xF5FA, 0xF5F9, 0xFDFA, 0xF5FA, 0xF5FA, 0xFDFA, 0xFDFA, 0xFDFA, 0xFDFA, 0xFDFA, 0xFDFA, 0xFDFA, 0xF5FA,
    0xFDFA, 0xFDFA, 0xFDFA, 0xF5DA, 0xF5FA, 0xF5FA, 0xF5FA, 0xF5FA, 0xF5FA, 0xF5FA, 0xF5FA, 0xF5FA, 0xF5FA, 0xF5FA, 0xF5FA, 0xFDFA,
    0xF5F9, 0xFDFA, 0xF5FA, 0xFDFA, 0xF5FA, 0xFDFA, 0xF5FA, 0xFDFA, 0xF5DA, 0xDCF6, 0xFDFA, 0xF5FA, 0xFE1A, 0xE536, 0xED58, 0xFDFA,
    0xE538, 0xF5FA, 0xF5FA, 0xF5FA, 0xF5F9, 0xF5FA, 0xF5FA, 0xF5FA, 0xF5FA, 0xF5FA, 0xFDFA, 0xFDFA, 0xFDFA, 0xFDFA, 0xFDFA, 0xFDFA,
    0xFDFA, 0xFDFA, 0xFDFA, 0xFDFA, 0xFDFA, 0xFDFA, 0xFDFA, 0xFDFA, 0xF5FA, 0xF5FA, 0xF5FA, 0xFDFA, 0xF5FA, 0xFE1A, 0xE577, 0x9D90,
    0xAE91, 0xAE91, 0x9DAF, 0xDD76, 0xFDFA, 0xF5D9, 0xF5FA, 0xF5FA, 0xF5DA, 0xF5FA, 0xF5FA, 0xF5DA, 0xFDF9, 0xFDFA, 0xED78, 0xC413,
    0xFDFA, 0xF5FA, 0xF5DA, 0xFDDA, 0xFDDA, 0xDCF6, 0xF5B9, 0xF5FA, 0xF5FA, 0xF5FA, 0xF5FA, 0xF5FA, 0xFDFA, 0xED78, 0xB452, 0xFEBC,
    0xFE9B, 0xFE9B, 0xFE9B, 0xFE9C, 0xFE9B, 0xFE9B, 0xFE9C, 0xFE9B, 0xFE9C, 0xFE9C, 0xFE9B, 0xFE9B, 0xFE9B, 0xFE9B, 0xFE9B, 0xFE9B,
    0xFE9C, 0xFE9C, 0xFE9B, 0xFE9C, 0xFE9C, 0xFE9B, 0xFE9B, 0xFE9C, 0xFE9C, 0xFE9B, 0xFEBC, 0xFF1C, 0xFF1C, 0xFF1D, 0xFF1C, 0xFF1C,
    0xFF1C, 0xFF1C, 0xFF1C, 0xFF1C, 0xFF1C, 0xFF1D, 0xFF1C, 0xFF1C, 0xFF1C, 0xFF1C, 0xFF1C, 0xFF1C, 0xFEFC, 0xFEDC, 0xFEBC, 0xFE9B,
    0xFE7B, 0xFE7B, 0xFE7B, 0xFE5B, 0xFE5B, 0xFE5B, 0xFE5B, 0xFE5B, 0xFE9B, 0xFE9B, 0xFE5B, 0xFE3A, 0xFE1A, 0xFDFA, 0xFDFA, 0xFDFA,
    0xFE9C, 0xFE9B, 0xFE9B, 0xFE9B, 0xFE9B, 0xFE9B, 0xFE9C, 0xFE9C, 0xFE9B, 0xFE9B, 0xFE9B, 0xFE9C, 0xFE9B, 0xFE9B, 0xFE9C, 0xFE9B,
    0xFE9B, 0xFE9B, 0xFE9B, 0xFE9B, 0xFE9B, 0xFE9B, 0xFE9B, 0xFE9B, 0xFE9B, 0xFE9B, 0xFE9B, 0xFE9C, 0xFE9C, 0xFE9B, 0xFE9B, 0xFE9B,
    0xFE9C, 0xFEBB, 0xFE9C, 0xFE9C, 0xFE9C, 0xFE9B, 0xFE9B, 0xFE9B, 0xFE9B, 0xFE9B, 0xFE9B, 0xFE9B, 0xFE9B, 0xFE9B, 0xFE9B, 0xFE9C,
    0xFE9C, 0xFE9B, 0xFEDC, 0xB493, 0xD576, 0xFEDC, 0xF61A, 0xFDFA, 0xF5FA, 0xF5FA, 0xF5FA, 0xF5FA, 0xF5FA, 0xFDFA, 0xF5F9, 0xFE1A,
    0xDCF6, 0xED98, 0xFE1A, 0xF5FA, 0xF5FA, 0xFDFA, 0xFDF9, 0xFDF9, 0xFDFA, 0xFDF9, 0xFDFA, 0xFDFA, 0xFDFA, 0xFDFA, 0xFDFA, 0xF5FA,
    0xFDFA, 0xFDFA, 0xFDFA, 0xED98, 0xF5D9, 0xFDFA, 0xF5FA, 0xFDFA, 0xF5FA, 0xF5FA, 0xF5FA, 0xF5F9, 0xF5FA, 0xFDFA, 0xF5F9, 0xFDFA,
    0xF5FA, 0xFDFA, 0xFDFA, 0xFDFA, 0xF5FA, 0xF5FA, 0xFDFA, 0xF5DA, 0xFDFA, 0xDCF6, 0xF5D9, 0xFDFA, 0xFE1A, 0xE4F6, 0xED98, 0xF5D9,
    0xE557, 0xFDFA, 0xF5F9, 0xF5DA, 0xF5FA, 0xF5FA, 0xF5FA, 0xFDFA, 0xF5FA, 0xFDFA, 0xFDFA, 0xF5FA, 0xF5FA, 0xFDFA, 0xFDFA, 0xFDFA,
    0xFDFA, 0xF5FA, 0xFDFA, 0xFDF9, 0xFDFA, 0xFDFA, 0xFDF9, 0xFDFA, 0xFDFA, 0xF5FA, 0xF5FA, 0xFDFA, 0xF5FA, 0xFE1A, 0xDD76, 0x9DD0,
    0xA671, 0xAE72, 0x9E10, 0xC534, 0xFDFB, 0xF5D9, 0xF5FA, 0xF5F9, 0xF5DA, 0xF5FA, 0xF5F9, 0xF5FA, 0xF5DA, 0xFE1A, 0xE517, 0xE537,
    0xFE1A, 0xF5DA, 0xFDDA, 0xFDFA, 0xED78, 0xE536, 0xFE1A, 0xF5FA, 0xFDFA, 0xF5DA, 0xFDFA, 0xF5D9, 0xFDFA, 0xE557, 0xB493, 0xFEDC,
    0xFE7B, 0xFE9C, 0xFE9C, 0xFE9B, 0xFE9B, 0xFE9B, 0xFE9C, 0xFE9B, 0xFE9B, 0xFE9B, 0xFE9B, 0xFE9B, 0xFE9C, 0xFE9C, 0xFE9C, 0xFE9B,
    0xFE9B, 0xFE9C, 0xFE9B, 0xFEBB, 0xFE9C, 0xFE9C, 0xFE9B, 0xFE9B, 0xFE9B, 0xFE9B, 0xFEDC, 0xFF1C, 0xFF1C, 0xFF1C, 0xFF1C, 0xFF1C,
    0xFF1C, 0xFF1D, 0xFF1C, 0xFF1C, 0xFF1C, 0xFF1C, 0xFF1C, 0xFF1C, 0xFF1C, 0xFEFC, 0xFEFC, 0xFEDC, 0xFEBB, 0xFE9B, 0xFE7B, 0xFE7B,
    0xFE7B, 0xFE7B, 0xFE7B, 0xFE7B, 0xFE7B, 0xFE7B, 0xFE3A, 0xFE3B, 0xFE5B, 0xFE3B, 0xFE1A, 0xFE1A, 0xFDFA, 0xFDFA, 0xFE1A, 0xFE1A,
    0xFE9C, 0xFE9B, 0xFE9C, 0xFE9B, 0xFE9B, 0xFE9C, 0xFE9B, 0xFE9C, 0xFE9B, 0xFE9B, 0xFE9B, 0xFE9C, 0xFE9B, 0xFE9B, 0xFE9C, 0xFE9C,
    0xFE9C, 0xFE9B, 0xFE9C, 0xFE9B, 0xFE9B, 0xFE9B, 0xFE9B, 0xFE9C, 0xFE9B, 0xFE9B, 0xFE9B, 0xFE9C, 0xFE9C, 0xFE9C, 0xFE9B, 0xFE9C,
    0xFE9B, 0xFE9B, 0xFEBC, 0xFE9C, 0xFE9B, 0xFEBB, 0xFE9C, 0xFE9C, 0xFEBB, 0xFE9C, 0xFE9B, 0xFE9C, 0xFEBB, 0xFE9C, 0xFE9C, 0xFE9C,
    0xFE9B, 0xFEBC, 0xEE3A, 0xAC31, 0xFEBB, 0xFE5B, 0xF5FA, 0xFDFA, 0xF5FA, 0xF5FA, 0xF5FA, 0xF5FA, 0xF5FA, 0xF5FA, 0xF5FA, 0xFE1B,
    0xD4F5, 0xED98, 0xFDFA, 0xF5FA, 0xF5FA, 0xFDFA, 0xFDFA, 0xFDFA, 0xFDFA, 0xFDFA, 0xF5FA, 0xFDFA, 0xFDFA, 0xFDFA, 0xFDFA, 0xF5FA,
    0xF5FA, 0xFDFA, 0xFE1A, 0xF5B9, 0xED78, 0xFE1A, 0xF5FA, 0xFDFA, 0xFDFA, 0xF5FA, 0xFDFA, 0xFDF9, 0xF5FA, 0xF5FA, 0xF5FA, 0xFDFA,
    0xFDFA, 0xF5FA, 0xF5FA, 0xFDFA, 0xF5FA, 0xF5FA, 0xFDFA, 0xF5DA, 0xFE1A, 0xDCF5, 0xF599, 0xFDFA, 0xFDFA, 0xDCF6, 0xF5D9, 0xED98,
    0xED78, 0xFE1A, 0xF5DA, 0xFDFA, 0xF5FA, 0xF5FA, 0xF5FA, 0xF5FA, 0xF5FA, 0xF5FA, 0xF5FA, 0xFDFA, 0xFDFA, 0xFDF9, 0xF5FA, 0xFDFA,
    0xF5FA, 0xF5FA, 0xFDFA, 0xFDF9, 0xFDFA, 0xFDFA, 0xFDFA, 0xF5FA, 0xF5FA, 0xFDFA, 0xFDFA, 0xFDFA, 0xF5FA, 0xFE1A, 0xED98, 0x9D50,
    0xAE91, 0xAE72, 0x9E10, 0xBCF3, 0xFDFB, 0xFDDA, 0xFDBA, 0xFDFA, 0xFDFA, 0xF5FA, 0xF5FA, 0xF5FA, 0xF5FA, 0xFE1A, 0xDCD5, 0xED98,
    0xFDFA, 0xF5DA, 0xF5FA, 0xFDFA, 0xDCF6, 0xF5B9, 0xFDFA, 0xFDFA, 0xFDFA, 0xFDDA, 0xFDFA, 0xF5DA, 0xFE1A, 0xDD37, 0xBCB4, 0xFEDC,
    0xFE7B, 0xFE9B, 0xFE9C, 0xFE9B, 0xFE9C, 0xFE9C, 0xFE9B, 0xFE9C, 0xFE9C, 0xFE9C, 0xFE9B, 0xFE9B, 0xFE9C, 0xFE9C, 0xFE9C, 0xFE9B,
    0xFEBB, 0xFE9C, 0xFE9B, 0xFE9B, 0xFE9B, 0xFE9C, 0xFE9C, 0xFE9B, 0xFE9C, 0xFE9C, 0xFEDC, 0xFF1C, 0xFF1C, 0xFF1C, 0xFF1C, 0xFEFC,
    0xFEFC, 0xFEFC, 0xFEFC, 0xFEFC, 0xFEFC, 0xFEFC, 0xFEFC, 0xFEFC, 0xFEFC, 0xFEDC, 0xFEBB, 0xFE9B, 0xFE7B, 0xFE7B, 0xFE7B, 0xFE7B,
    0xFE7B, 0xFE9B, 0xFE9B, 0xFE7B, 0xFE7B, 0xFE7B, 0xFE3A, 0xF61A, 0xFE1A, 0xFDFA, 0xFDFA, 0xFE1A, 0xFE3B, 0xFE5B, 0xFE3A, 0xFE3A,
    0xFE9C, 0xFE9C, 0xFE9B, 0xFE9C, 0xFE9C, 0xFE9B, 0xFE9B, 0xFE9B, 0xFE9C, 0xFE9C, 0xFE9B, 0xFE9B, 0xFE9C, 0xFE9B, 0xFE9B, 0xFE9C,
    0xFE9B, 0xFE9B, 0xFE9B, 0xFE9B, 0xFE9B, 0xFE9C, 0xFEBB, 0xFE9C, 0xFE9C, 0xFE9C, 0xFEBB, 0xFE9B, 0xFE9C, 0xFE9C, 0xFE9C, 0xFE9C,
    0xFE9B, 0xFE9B, 0xFEBB, 0xFEBC, 0xFEBC, 0xFEBB, 0xFEBB, 0xFE9C, 0xFEBB, 0xFE9C, 0xFE9B, 0xFEBC, 0xFE9C, 0xFE9C, 0xFE9B, 0xFE9B,
    0xFE9B, 0xFEDD, 0xC4F5, 0xCD35, 0xFEDC, 0xF61A, 0xF5F9, 0xF5FA, 0xF5FA, 0xF5F9, 0xF5FA, 0xF5FA, 0xF5FA, 0xF5FA, 0xF5FA, 0xFE1A,
    0xD4D5, 0xED98, 0xFDFA, 0xF5FA, 0xF5FA, 0xFDFA, 0xFDFA, 0xFDFA, 0xF5FA, 0xF5DA, 0xF5F9, 0xFDFA, 0xFDFA, 0xFDFA, 0xF5FA, 0xF5FA,
    0xFDFA, 0xFDFA, 0xFDFA, 0xFDF9, 0xE537, 0xFDFA, 0xF5FA, 0xFDFA, 0xFDFA, 0xF5FA, 0xFDFA, 0xFDFA, 0xF5FA, 0xFDFA, 0xFDFA, 0xFDF9,
    0xFDFA, 0xF5F9, 0xF5F9, 0xF5FA, 0xF5FA, 0xF5FA, 0xF5FA, 0xF5F9, 0xFE1A, 0xE516, 0xED78, 0xFE1A, 0xF5D9, 0xDCD6, 0xF5FA, 0xE557,
    0xF5B9, 0xFDFA, 0xF5FA, 0xFDF9, 0xF5FA, 0xF5FA, 0xF5F9, 0xFDFA, 0xF5FA, 0xF5FA, 0xF5FA, 0xFDF9, 0xFDFA, 0xFDFA, 0xF5FA, 0xF5FA,
    0xFDFA, 0xF5FA, 0xF5FA, 0xFDFA, 0xFDFA, 0xFDFA, 0xFDFA, 0xF5F9, 0xF5FA, 0xFDFA, 0xFDF9, 0xFDF9, 0xFDFA, 0xF5FA, 0xFE1B, 0xCD35,
    0x9D8F, 0xAE91, 0x9DF0, 0xCD35, 0xFDDA, 0xBD13, 0xA531, 0xC513, 0xF5D9, 0xF5F9, 0xF5FA, 0xF5F9, 0xF5FA, 0xFDDA, 0xD4B4, 0xF5D9,
    0xF5FA, 0xF5FA, 0xFDFA, 0xF598, 0xDD16, 0xFE1A, 0xF5DA, 0xF5FA, 0xF5FA, 0xF5FA, 0xF5FA, 0xF5DA, 0xFE1B, 0xD4F6, 0xC4F4, 0xFEDC,
    0xF69B, 0xFE9C, 0xFE9B, 0xFEBB, 0xFE9C, 0xFE9C, 0xFE9B, 0xFE9C, 0xFE9B, 0xFE9C, 0xFE9C, 0xFE9B, 0xFE9B, 0xFE9C, 0xFE9B, 0xFE9C,
    0xFE9C, 0xFE9B, 0xFEBB, 0xFEBB, 0xFEBB, 0xFEBC, 0xFE9C, 0xFEBB, 0xFEBC, 0xFEDC, 0xFEFC, 0xFEFC, 0xFEFC, 0xFEFC, 0xFEDC, 0xFEBB,
    0xFEDB, 0xFEFC, 0xFEFC, 0xFEFC, 0xFEDC, 0xFEDC, 0xFEDC, 0xFEBC, 0xFEBB, 0xFE7B, 0xFE7B, 0xFE7A, 0xFE7B, 0xFE7B, 0xFE7B, 0xFE7B,
    0xFE7B, 0xFE7B, 0xFE5B, 0xFE3B, 0xFE3A, 0xFE1A, 0xFE1A, 0xFE1A, 0xF5FA, 0xFDFA, 0xFDFA, 0xFDFA, 0xFE3B, 0xFE5B, 0xFE3A, 0xFE1A,
    0xFEBB, 0xFE9C, 0xFE9C, 0xFEBC, 0xFEBC, 0xFE9B, 0xFE9B, 0xFE9B, 0xFE9B, 0xFE9B, 0xFE9B, 0xFEBB, 0xFE9C, 0xFE9C, 0xFEBB, 0xFE9C,
    0xFE9C, 0xFE9B, 0xFE9B, 0xFE9C, 0xFE9B, 0xFE9C, 0xFE9C, 0xFE9B, 0xFE9C, 0xFE9C, 0xFE9B, 0xFE9B, 0xFE9C, 0xFE9B, 0xFE9C, 0xFE9B,
    0xFEBB, 0xFE9C, 0xFE9B, 0xFEBB, 0xFE9C, 0xFEBC, 0xFE9B, 0xFE9C, 0xFE9B, 0xFEBB, 0xFE9C, 0xFEBB, 0xFE9C, 0xFE9C, 0xFE9B, 0xFE9B,
    0xFE9B, 0xFE9B, 0xAC11, 0xF65A, 0xFE7B, 0xF5FA, 0xF5FA, 0xF5FA, 0xFDFA, 0xF5FA, 0xF5FA, 0xF5FA, 0xF5FA, 0xF5FA, 0xF5FA, 0xFDFA,
    0xCCB5, 0xF5B9, 0xFDFA, 0xFDFA, 0xFDFA, 0xFDFA, 0xFDFA, 0xF5FA, 0xF5F9, 0xF5FA, 0xF5FA, 0xF5FA, 0xFDFA, 0xFDFA, 0xF5FA, 0xFDFA,
    0xFDFA, 0xFDFA, 0xF5FA, 0xFE1A, 0xE537, 0xF5B9, 0xFDFA, 0xF5FA, 0xFDFA, 0xFDFA, 0xFDFA, 0xFDFA, 0xFDFA, 0xFDFA, 0xFDFA, 0xFDFA,
    0xFDFA, 0xF5FA, 0xF5FA, 0xFDFA, 0xF5FA, 0xFDFA, 0xFDFA, 0xF5DA, 0xFE1A, 0xE537, 0xE537, 0xFE3A, 0xF5B9, 0xDCF6, 0xF5F9, 0xE537,
    0xFDFA, 0xFDFA, 0xF5FA, 0xFDFA, 0xF5FA, 0xF5FA, 0xF5FA, 0xF5FA, 0xF5FA, 0xFDFA, 0xFDFA, 0xFDFA, 0xFDFA, 0xFDFA, 0xF5FA, 0xF5FA,
    0xFDFA, 0xF5FA, 0xF5FA, 0xF5FA, 0xF5FA, 0xF5FA, 0xF5FA, 0xFDFA, 0xFDFA, 0xFDFA, 0xF5FA, 0xF5FA, 0xF5FA, 0xFDFA, 0xF5DA, 0xCD35,
    0x846E, 0x956F, 0x84EE, 0xC515, 0xC513, 0x9DF0, 0xA6B1, 0x95CF, 0xD535, 0xFE1A, 0xFDDA, 0xF5DA, 0xFDFA, 0xED99, 0xCCB5, 0xFE1A,
    0xF5D9, 0xF5F9, 0xFE1A, 0xDCF6, 0xF5B9, 0xFDFA, 0xF5DA, 0xF5DA, 0xF5FA, 0xF5FA, 0xF5FA, 0xF5DA, 0xFE1B, 0xCCB5, 0xCD15, 0xFEDD,
    0xF69B, 0xFE9C, 0xFE9C, 0xFE9C, 0xFE9B, 0xFE9C, 0xFE9B, 0xFE9C, 0xFE9C, 0xFE9B, 0xFE9C, 0xFE9C, 0xFE9C, 0xFE9B, 0xFE9C, 0xFEBC,
    0xFE9C, 0xFE9B, 0xFEBC, 0xFEBC, 0xFEBC, 0xFE9C, 0xFE9C, 0xFEDC, 0xFEFC, 0xFEFC, 0xFEFC, 0xFEBB, 0xFE9B, 0xFE9B, 0xFE7B, 0xFE9B,
    0xFEBC, 0xFEDC, 0xFEDC, 0xFEBB, 0xFE9B, 0xFE9B, 0xFE9B, 0xFE7B, 0xFE5B, 0xFE5B, 0xFE7B, 0xFE7B, 0xFE7B, 0xFE7B, 0xFE5B, 0xFE5A,
    0xFE3A, 0xFE1A, 0xFE1A, 0xFDFA, 0xF5FA, 0xFDFA, 0xFDFA, 0xFDFA, 0xFDDA, 0xFDDA, 0xFDDA, 0xFDFA, 0xFE1A, 0xFE1A, 0xFDFA, 0xFDFA,
    0xFEBC, 0xFE9B, 0xFE9C, 0xFEBC, 0xFEBC, 0xFEBB, 0xFEBB, 0xFEBB, 0xFEBB, 0xFE9C, 0xFE9C, 0xFEBB, 0xFEBC, 0xFE9B, 0xFEBB, 0xFE9B,
    0xFE9C, 0xFE9C, 0xFE9B, 0xFE9B, 0xFEBC, 0xFEBB, 0xFEBC, 0xFEBC, 0xFEBC, 0xFEBB, 0xFE9B, 0xFEBB, 0xFE9B, 0xFEBB, 0xFE9C, 0xFEBB,
    0xFEBB, 0xFEBB, 0xFEBB, 0xFEBB, 0xFEBB, 0xFEBC, 0xFEBB, 0xFEBB, 0xFE9C, 0xFEBB, 0xFEBB, 0xFEBB, 0xFE9C, 0xFEBB, 0xFEBC, 0xFE9B,
    0xFEDC, 0xD577, 0xB493, 0xFEDC, 0xF61A, 0xF5FA, 0xF5FA, 0xFDFA, 0xF5FA, 0xFDFA, 0xF5FA, 0xF5FA, 0xF5FA, 0xF5FA, 0xF5F9, 0xFDFA,
    0xCCB4, 0xF5B9, 0xFDFA, 0xFDFA, 0xFDFA, 0xF5FA, 0xFDFA, 0xF5FA, 0xF5FA, 0xF5FA, 0xF5FA, 0xFDFA, 0xFDFA, 0xF5FA, 0xFDFA, 0xFDF9,
    0xFDFA, 0xFDFA, 0xF5F9, 0xFE1A, 0xED98, 0xE537, 0xFE1A, 0xF5FA, 0xFDF9, 0xFDFA, 0xFDFA, 0xF5FA, 0xF5FA, 0xFDFA, 0xFDFA, 0xFDFA,
    0xFDFA, 0xF5FA, 0xFDFA, 0xFDF9, 0xF5FA, 0xF5FA, 0xF5FA, 0xF5FA, 0xFE1A, 0xED78, 0xDCF6, 0xFE3B, 0xED98, 0xDD16, 0xF5B9, 0xED58,
    0xFE1A, 0xF5FA, 0xFDFA, 0xF5FA, 0xF5FA, 0xF5FA, 0xF5FA, 0xF5FA, 0xF5FA, 0xFDFA, 0xFDFA, 0xFDFA, 0xFDFA, 0xFDFA, 0xF5FA, 0xF5FA,
    0xFDFA, 0xFDFA, 0xFDFA, 0xF5DA, 0xF5FA, 0xF5FA, 0xF5FA, 0xF5FA, 0xF5FA, 0xF5FA, 0xF5DA, 0xF5FA, 0xFDFA, 0xF599, 0xACF2, 0x9DF0,
    0xAE72, 0xAE51, 0xA631, 0x9D70, 0x8D2F, 0xAE92, 0xAE52, 0x9E50, 0xBD13, 0xFE1A, 0xFDF9, 0xF5DA, 0xFDFA, 0xE537, 0xDCF6, 0xFE1B,
    0xF5D9, 0xFDFA, 0xED78, 0xE4F6, 0xFE1A, 0xF5FA, 0xF5DA, 0xF5FA, 0xF5FA, 0xF5F9, 0xFDFA, 0xFDDA, 0xFE1B, 0xC494, 0xD576, 0xFEDD,
    0xF69B, 0xFE9C, 0xFE9C, 0xFE9C, 0xFE9B, 0xFE9C, 0xFE9C, 0xFE9B, 0xFE9C, 0xFEBB, 0xFEBC, 0xFEBB, 0xFE9C, 0xFE9B, 0xFE9C, 0xFEBB,
    0xFE9C, 0xFEBB, 0xFEBB, 0xFEBC, 0xFEBC, 0xFEBB, 0xFEDC, 0xFEFC, 0xFEFC, 0xFEDB, 0xFE9B, 0xFE7A, 0xFE7B, 0xFE7B, 0xFE5B, 0xFE5A,
    0xFE7B, 0xFE9B, 0xFE9B, 0xFE5A, 0xFE3B, 0xFE3A, 0xFE3A, 0xFE3A, 0xFE3B, 0xFE5B, 0xFE7B, 0xFE5B, 0xFE3A, 0xFE1A, 0xFDFA, 0xFDFA,
    0xFDFA, 0xFDFA, 0xFDDA, 0xFDDA, 0xFDFA, 0xFDDA, 0xFDDA, 0xFDDA, 0xFDDA, 0xFDDA, 0xFDFA, 0xFDFA, 0xFDFA, 0xFDFA, 0xFDFA, 0xFDDA,
    0xFEBC, 0xFE9C, 0xFE9B, 0xFEBB, 0xFE9B, 0xFE9B, 0xFE9C, 0xFE9B, 0xFE9B, 0xFE9B, 0xFE9C, 0xFEBB, 0xFEBB, 0xFE9B, 0xFEBB, 0xFEBB,
    0xFE9C, 0xFEBC, 0xFEBB, 0xFEBB, 0xFEBC, 0xFEBC, 0xFEBB, 0xFEBB, 0xFEBB, 0xFEBB, 0xFEBC, 0xFEBB, 0xFEBB, 0xFEBB, 0xFEBB, 0xFEBB,
    0xFEBC, 0xFEBC, 0xFEBB, 0xFEBB, 0xFEBC, 0xFEBC, 0xFEBC, 0xFEBB, 0xFEBC, 0xFEBC, 0xFEBB, 0xFEBB, 0xFEBB, 0xFEBB, 0xFEBC, 0xFE9B,
    0xFEDC, 0xAC52, 0xE5F8, 0xFE7B, 0xF5FA, 0xF5FA, 0xF5FA, 0xF5FA, 0xF5FA, 0xF5FA, 0xF5FA, 0xF5FA, 0xF5FA, 0xF5FA, 0xF5FA, 0xFDFA,
    0xCC94, 0xF5D9, 0xFDFA, 0xFDFA, 0xFDFA, 0xFDF9, 0xF5FA, 0xFDFA, 0xFDFA, 0xFDFA, 0xFDF9, 0xFDFA, 0xF5FA, 0xF5FA, 0xF5FA, 0xF5FA,
    0xFDFA, 0xF5FA, 0xF5FA, 0xF5FA, 0xF5F9, 0xDCF6, 0xF5DA, 0xFDFA, 0xFDFA, 0xFDFA, 0xF5FA, 0xF5FA, 0xFDFA, 0xFDFA, 0xFDFA, 0xFDFA,
    0xFDFA, 0xF5FA, 0xF5FA, 0xF5FA, 0xF5FA, 0xF5FA, 0xF5FA, 0xF5FA, 0xFE1A, 0xF5B9, 0xDCF6, 0xFE1B, 0xE537, 0xE537, 0xED77, 0xF5B9,
    0xFDFA, 0xF5FA, 0xF5FA, 0xF5FA, 0xF5FA, 0xF5FA, 0xF5FA, 0xF5FA, 0xF5FA, 0xFDFA, 0xFDFA, 0xF5FA, 0xFDFA, 0xFDFA, 0xFDFA, 0xFDFA,
    0xFDFA, 0xFDFA, 0xF5F9, 0xF5DA, 0xF5FA, 0xF5FA, 0xF5FA, 0xF5F9, 0xFDFA, 0xF5FA, 0xF5FA, 0xFDFA, 0xF5D9, 0xAD12, 0xA631, 0xAE72,
    0xA651, 0xA651, 0xAE51, 0xAE91, 0x8DAF, 0x95AF, 0xAE92, 0x9E10, 0xBD13, 0xFE1A, 0xF5FA, 0xF5D9, 0xFE1A, 0xD4B4, 0xE557, 0xFDFA,
    0xF5D9, 0xFDFA, 0xDCF6, 0xF5B9, 0xF5FA, 0xF5D9, 0xF5FA, 0xFDFA, 0xFDFA, 0xFDFA, 0xFDFA, 0xF5DA, 0xFE1B, 0xBC73, 0xDDB7, 0xFEDC,
    0xF69B, 0xFE9B, 0xFE9C, 0xFE9C, 0xFE9B, 0xFE9B, 0xFE9C, 0xFE9B, 0xFE9B, 0xFEBB, 0xFEBB, 0xFEBB, 0xFEBC, 0xFE9C, 0xFE9B, 0xFEBB,
    0xFEBB, 0xFEBB, 0xFEBC, 0xFEBC, 0xFEBB, 0xFEBC, 0xFEDC, 0xFEBC, 0xFE9B, 0xFE5A, 0xFE3B, 0xFE5B, 0xFE5A, 0xFE5A, 0xFE3A, 0xFE1A,
    0xFE3A, 0xFE3A, 0xFE1A, 0xFE3A, 0xFE3A, 0xFE3A, 0xFE1A, 0xFE1A, 0xFE3A, 0xFE3A, 0xFE1A, 0xFE1B, 0xFE1A, 0xFDFA, 0xFDFA, 0xFDFA,
    0xFDFA, 0xFDDA, 0xFDDA, 0xF5DA, 0xF5DA, 0xFDBA, 0xFDB9, 0xFDDA, 0xFDDA, 0xFDDA, 0xFDFA, 0xFDFA, 0xFDDA, 0xFDDA, 0xFDD9, 0xFDB9,
    0xFEBB, 0xFEBB, 0xFEBB, 0xFEBC, 0xFEBB, 0xFEBB, 0xFEBB, 0xFEBB, 0xFEBB, 0xFEBC, 0xFEBB, 0xFEBB, 0xFEBC, 0xFEBC, 0xFEBC, 0xFEBB,
    0xFEBB, 0xFEBB, 0xFEBC, 0xFEBB, 0xFEBB, 0xFEBB, 0xFEBB, 0xFEBC, 0xFEBC, 0xFEBB, 0xFEBB, 0xFEBB, 0xFEBB, 0xFEBC, 0xFEBB, 0xFEBC,
    0xFEBB, 0xFEBC, 0xFEBC, 0xFEBB, 0xFEBB, 0xFEBB, 0xFEBC, 0xFEBC, 0xFEBB, 0xFEBB, 0xFEBB, 0xFEBC, 0xFEBC, 0xFEBB, 0xFEBB, 0xFEDC,
    0xE618, 0xB452, 0xFEBC, 0xF61A, 0xF5FA, 0xF5FA, 0xF5FA, 0xF5FA, 0xF5F9, 0xF5F9, 0xF5FA, 0xF5FA, 0xF5FA, 0xFDFA, 0xF5FA, 0xFDFA,
    0xC474, 0xF5D9, 0xFDFA, 0xFDFA, 0xFDFA, 0xFDFA, 0xFDFA, 0xFDFA, 0xFDFA, 0xFDFA, 0xFDFA, 0xFDFA, 0xFDF9, 0xFDF9, 0xF5FA, 0xF5FA,
    0xF5FA, 0xF5F9, 0xF5FA, 0xF5F9, 0xFE1A, 0xE537, 0xED77, 0xFE1A, 0xF5F9, 0xF5F9, 0xF5FA, 0xF5FA, 0xF5FA, 0xFDFA, 0xFDFA, 0xFDFA,
    0xF5F9, 0xF5F9, 0xF5F9, 0xF5DA, 0xF5DA, 0xFDF9, 0xFDFA, 0xF5FA, 0xFDFA, 0xF5D9, 0xD4D5, 0xFE1A, 0xE517, 0xE537, 0xED58, 0xFDFA,
    0xF5DA, 0xFDFA, 0xFDDA, 0xF5FA, 0xFDFA, 0xFDF9, 0xFDFA, 0xFDFA, 0xF5FA, 0xFDFA, 0xFDFA, 0xF5F9, 0xFDFA, 0xFDFA, 0xFDFA, 0xFDFA,
    0xFDFA, 0xFDF9, 0xF5FA, 0xF5FA, 0xF5FA, 0xF5FA, 0xF5FA, 0xF5DA, 0xFDFA, 0xF5F9, 0xF5FA, 0xFE1A, 0xBD34, 0x9E11, 0xAE72, 0xA652,
    0xA651, 0xA651, 0xA651, 0xAE51, 0xA631, 0x8D6F, 0xA691, 0x956F, 0xE598, 0xFDFA, 0xF5DA, 0xF5DA, 0xFDFA, 0xC453, 0xF5B8, 0xF5F9,
    0xFDFA, 0xE557, 0xE537, 0xFE1A, 0xF5D9, 0xFDFA, 0xF5FA, 0xF5F9, 0xFDFA, 0xFDFA, 0xFDFA, 0xF5FA, 0xFE1A, 0xB432, 0xE5F9, 0xFEDD,
    0xFE9C, 0xFEBB, 0xFEBB, 0xFEBB, 0xFEBC, 0xFE9B, 0xFEBB, 0xFE9B, 0xFE9B, 0xFE9C, 0xFEBB, 0xFEBB, 0xFEBB, 0xFEBB, 0xFEBB, 0xFEBC,
    0xFEBB, 0xFEBB, 0xFEBC, 0xFEBC, 0xFEBC, 0xFEFC, 0xFEFB, 0xFEDB, 0xFEBC, 0xFE9B, 0xFE9B, 0xFE9B, 0xFE5A, 0xFE3A, 0xFE1A, 0xFE1A,
    0xFE1A, 0xFDFA, 0xFDFA, 0xFE1A, 0xFE3A, 0xFE1A, 0xFE1A, 0xFE1B, 0xFE1A, 0xFE1A, 0xFE1A, 0xFE1A, 0xFDFA, 0xF5DA, 0xFDDA, 0xFDDA,
    0xFDDA, 0xF5DA, 0xFDDA, 0xF5DA, 0xF5DA, 0xFDB9, 0xFDD9, 0xFDDA, 0xFDFA, 0xFDFA, 0xFDFA, 0xFDDA, 0xFDDA, 0xFDB9, 0xFDB9, 0xFDB9,
    0xFEBC, 0xFEBB, 0xFEBC, 0xFEBC, 0xFEBC, 0xFEBC, 0xFEBC, 0xFEBC, 0xFEBC, 0xFEBC, 0xFEBB, 0xFEBC, 0xFEBB, 0xFEBB, 0xFEBB, 0xFEBB,
    0xFEBC, 0xFEBB, 0xFEBC, 0xFEBB, 0xFEBB, 0xFEBB, 0xFEBC, 0xFEBC, 0xFEBB, 0xFEBC, 0xFEBC, 0xFEBB, 0xFEBC, 0xFEBC, 0xFEBB, 0xFEBC,
    0xFEBC, 0xFEBB, 0xFEBB, 0xFEBB, 0xFEBC, 0xFEBC, 0xFEBC, 0xFEBB, 0xFEBB, 0xFEBC, 0xFEBC, 0xFEBC, 0xFEBB, 0xFEBC, 0xFEBB, 0xFEFC,
    0xBCD4, 0xD577, 0xFE9C, 0xF5FA, 0xF5FA, 0xF5FA, 0xF5FA, 0xF5FA, 0xF5FA, 0xF5FA, 0xF5FA, 0xF5FA, 0xFDFA, 0xF5D9, 0xF5B9, 0xFDFA,
    0xBC53, 0xF5D9, 0xFDFA, 0xFDFA, 0xFDFA, 0xFDFA, 0xFDFA, 0xFDFA, 0xFDFA, 0xF5FA, 0xFDFA, 0xFDFA, 0xFDFA, 0xFDFA, 0xF5FA, 0xF5FA,
    0xF5FA, 0xF5FA, 0xF5FA, 0xF5FA, 0xFE1A, 0xF5B9, 0xDCF6, 0xFDFA, 0xF5D9, 0xF5FA, 0xF5FA, 0xF5FA, 0xF5FA, 0xFDFA, 0xFDFA, 0xFDFA,
    0xFDFA, 0xFDFA, 0xFDF9, 0xF5DA, 0xF5DA, 0xFDFA, 0xF5FA, 0xF5FA, 0xF5FA, 0xFDFA, 0xD4D6, 0xFDDA, 0xE516, 0xDD16, 0xF5B9, 0xFDFA,
    0xF5DA, 0xFDFA, 0xF5FA, 0xF5FA, 0xFDFA, 0xF5FA, 0xFDFA, 0xF5FA, 0xF5FA, 0xFDFA, 0xFDFA, 0xFDFA, 0xF5FA, 0xFDFA, 0xFDFA, 0xFDFA,
    0xFDFA, 0xF5FA, 0xFDFA, 0xFDF9, 0xF5FA, 0xF5FA, 0xFDFA, 0xFDFA, 0xFDFA, 0xF5FA, 0xFDFB, 0xE577, 0xA591, 0xAE72, 0xA651, 0xAE51,
    0xA651, 0xA651, 0xAE71, 0xAE52, 0xAE91, 0x8D6F, 0x9CF0, 0xDD97, 0xFDFA, 0xF5FA, 0xF5DA, 0xFDFA, 0xED98, 0xC454, 0xFDFA, 0xF5DA,
    0xF5B9, 0xDCF5, 0xF5FA, 0xF5DA, 0xF5DA, 0xF5FA, 0xFDFA, 0xFDFA, 0xFDFA, 0xFDFA, 0xFDFA, 0xF5FA, 0xFE1A, 0xB432, 0xEE39, 0xFEBC,
    0xFEBB, 0xFEBC, 0xFEBC, 0xFEBB, 0xFEBC, 0xFEBB, 0xFEBB, 0xFEBB, 0xFEBB, 0xFEBB, 0xFEBC, 0xFEBC, 0xFEBB, 0xFEBB, 0xFEBC, 0xFEBC,
    0xFEBB, 0xFEDC, 0xFEDC, 0xFEFC, 0xFF1C, 0xFF1C, 0xFF1C, 0xFF1C, 0xFF1C, 0xFF1C, 0xFF1C, 0xFEDC, 0xFEDC, 0xFEBB, 0xFE5A, 0xFDFA,
    0xFDDA, 0xFDDA, 0xFDFA, 0xFE1A, 0xF63A, 0xFE3A, 0xFE3A, 0xFE1A, 0xFE1A, 0xFE1A, 0xFDFA, 0xFDDA, 0xFDD9, 0xF5DA, 0xFDDA, 0xFDDA,
    0xFDDA, 0xFDDA, 0xFDDA, 0xFDDA, 0xFDDA, 0xFDD9, 0xFDFA, 0xFDFA, 0xFDFA, 0xFDDA, 0xFDDA, 0xFDB9, 0xFDB9, 0xFDB9, 0xFDB9, 0xFDB9,
    0xFEBC, 0xFEBB, 0xFEBC, 0xFEBC, 0xFEBB, 0xFEBC, 0xFEBC, 0xFEBB, 0xFEBC, 0xFEBC, 0xFEBB, 0xFEBB, 0xFEBC, 0xFEBB, 0xFEBB, 0xFEBB,
    0xFEBC, 0xFEBC, 0xFEBB, 0xFEBB, 0xFEBC, 0xFEBB, 0xFEBC, 0xFEBC, 0xFEDB, 0xFEBC, 0xFEBC, 0xFEBB, 0xFEBC, 0xFEBC, 0xFEBC, 0xFEBC,
    0xFEBC, 0xFEBC, 0xFEBC, 0xFEBC, 0xFEBC, 0xFEBC, 0xFEDB, 0xFEDB, 0xFEBC, 0xFEBC, 0xFEBC, 0xFEBC, 0xFEDB, 0xFEBC, 0xFEDC, 0xF67A,
    0xAC52, 0xFE9B, 0xF61A, 0xF5FA, 0xF5FA, 0xF5FA, 0xF5FA, 0xF5FA, 0xF5FA, 0xF5FA, 0xF5FA, 0xF5FA, 0xFDFA, 0xF5B9, 0xED78, 0xFE1A,
    0xBC53, 0xF5D9, 0xFDFB, 0xFDFA, 0xFDFA, 0xFDFA, 0xFDFA, 0xFDFA, 0xFDFA, 0xF5FA, 0xFDFA, 0xFDFA, 0xFDFA, 0xF5FA, 0xF5FA, 0xF5FA,
    0xF5FA, 0xF5FA, 0xF5FA, 0xFDFA, 0xF5FA, 0xFE1A, 0xDCF6, 0xED78, 0xFDFA, 0xF5DA, 0xF5FA, 0xF5FA, 0xFDFA, 0xFDFA, 0xFDFA, 0xFDFA,
    0xFDFA, 0xFDFA, 0xFDFA, 0xF5F9, 0xF5DA, 0xF5FA, 0xF5FA, 0xF5FA, 0xF5FA, 0xFE1A, 0xD4D6, 0xED99, 0xDCD5, 0xE537, 0xFDFA, 0xF5DA,
    0xFDFA, 0xF5FA, 0xF5FA, 0xF5FA, 0xF5FA, 0xF5FA, 0xFDFA, 0xFDFA, 0xF5FA, 0xFDFA, 0xFDFA, 0xF5FA, 0xF5FA, 0xFDFA, 0xFDFA, 0xFDFA,
    0xFDF9, 0xF5FA, 0xF5FA, 0xFDFA, 0xF5FA, 0xF5FA, 0xFDFA, 0xFDF9, 0xFDFA, 0xF5FA, 0xFDDB, 0xB533, 0xA651, 0xAE52, 0xAE72, 0xA651,
    0xA652, 0xAE71, 0x9DF0, 0x9DD0, 0xAE92, 0x9D90, 0xE578, 0xFE1B, 0xF5D9, 0xF5FA, 0xF5DA, 0xFE1A, 0xDD16, 0xD4B5, 0xFDFB, 0xFDFA,
    0xDCF6, 0xED98, 0xFDFA, 0xF5D9, 0xF5DA, 0xF5FA, 0xFDF9, 0xFDFA, 0xFDFA, 0xFDFA, 0xFDFA, 0xF5FA, 0xFDFA, 0xAC32, 0xF67B, 0xFEBB,
    0xFEBB, 0xFEBB, 0xFEBC, 0xFEBC, 0xFEBB, 0xFEBB, 0xFEBC, 0xFEBB, 0xFEBC, 0xFEBC, 0xFEBB, 0xFEBC, 0xFEBC, 0xFEBB, 0xFEBC, 0xFEDC,
    0xFEFC, 0xFF1C, 0xFF1C, 0xFF1C, 0xFF3C, 0xFF1C, 0xFF1C, 0xFEFC, 0xFEFC, 0xFEFC, 0xFEFC, 0xFEDC, 0xFEDC, 0xFEBC, 0xFE7B, 0xFE1A,
    0xFDDA, 0xFDD9, 0xFDFA, 0xFE3B, 0xFE3A, 0xFE3A, 0xFE3A, 0xFE3B, 0xFE3A, 0xFE3B, 0xFDFA, 0xFDDA, 0xFDFA, 0xFDFA, 0xFDDA, 0xFDDA,
    0xFDDA, 0xFDDA, 0xFDDA, 0xFDD9, 0xFDDA, 0xFDDA, 0xFDFA, 0xFDFA, 0xFDD9, 0xFDB9, 0xFDB9, 0xFDB9, 0xFDB9, 0xFDB9, 0xFDB9, 0xFD99,
    0xFEBC, 0xFEBB, 0xFEBC, 0xFEBC, 0xFEDC, 0xFEBC, 0xFEBB, 0xFEDB, 0xFEBC, 0xFEBC, 0xFEBC, 0xFEDB, 0xFEDC, 0xFEBC, 0xFEBC, 0xFEBC,
    0xFEDB, 0xFEBC, 0xFEBC, 0xFEBC, 0xFEBC, 0xFEDB, 0xFEBC, 0xFEBC, 0xFEBC, 0xFEBB, 0xFEBC, 0xFEDB, 0xFEBC, 0xFEBC, 0xFEBC, 0xFEBB,
    0xFEDC, 0xFEBC, 0xFEBC, 0xFEBC, 0xFEDB, 0xFEBC, 0xFEBC, 0xFEDC, 0xFEBC, 0xFEDB, 0xFEDB, 0xFEBC, 0xFEBC, 0xFEBB, 0xFEFD, 0xCD55,
    0xC4F4, 0xFEBC, 0xF5DA, 0xFDFA, 0xF5FA, 0xF5FA, 0xF5FA, 0xF5FA, 0xF5F9, 0xF5FA, 0xF5FA, 0xF5FA, 0xFDFA, 0xF5D9, 0xE536, 0xFE1A,
    0xC473, 0xF5D9, 0xFDFA, 0xFDFA, 0xFDFA, 0xFDFA, 0xFDFA, 0xFDFA, 0xFDF9, 0xFDFA, 0xFDFA, 0xFDFA, 0xF5F9, 0xF5F9, 0xFDFA, 0xF5FA,
    0xF5FA, 0xF5FA, 0xF5F9, 0xFDFA, 0xF5FA, 0xFE1A, 0xED98, 0xDCF5, 0xFDFA, 0xF5DA, 0xF5FA, 0xF5FA, 0xF5FA, 0xF5FA, 0xF5FA, 0xFDFA,
    0xFDFA, 0xFDF9, 0xFDFA, 0xF5FA, 0xF5FA, 0xFDFA, 0xF5F9, 0xF5FA, 0xF5FA, 0xFE1A, 0xDD16, 0xE537, 0xCC73, 0xF5D9, 0xFDFA, 0xF5FA,
    0xFDFA, 0xFDFA, 0xF5DA, 0xF5FA, 0xF5FA, 0xF5F9, 0xF5FA, 0xFDFA, 0xF5FA, 0xFDFA, 0xFDF9, 0xFDF9, 0xF5FA, 0xFDFA, 0xF5FA, 0xFDFA,
    0xFDF9, 0xF5FA, 0xF5FA, 0xFDFA, 0xF5FA, 0xF5F9, 0xF5FA, 0xF5FA, 0xF5FA, 0xFDFA, 0xE5B8, 0xA591, 0xAE72, 0xA611, 0x95AF, 0xAE71,
    0xA631, 0xAE52, 0x9E10, 0x9E10, 0xAE91, 0x9DB0, 0xDD77, 0xFDFB, 0xF5FA, 0xF5F9, 0xF5D9, 0xFE1B, 0xCC94, 0xE536, 0xFE1A, 0xED58,
    0xE517, 0xFDFB, 0xF5DA, 0xF5F9, 0xF5DA, 0xFDFA, 0xF5FA, 0xF5FA, 0xFDFA, 0xFDF9, 0xF5FA, 0xFDFA, 0xF5B9, 0xAC32, 0xFEBB, 0xFEBC,
    0xFEBC, 0xFEBB, 0xFEBB, 0xFEBC, 0xFEBC, 0xFEBC, 0xFEBC, 0xFEDB, 0xFEBC, 0xFEDC, 0xFEDC, 0xFEFC, 0xFEFC, 0xFF1C, 0xFF1C, 0xFF1C,
    0xFF1D, 0xFF1C, 0xFF1C, 0xFF1C, 0xFEFC, 0xFEFC, 0xFEDB, 0xFEDC, 0xFEBC, 0xFE9B, 0xFE9B, 0xFE9B, 0xFE9B, 0xFE9C, 0xFE7B, 0xFE1A,
    0xFDDA, 0xFDD9, 0xFDFA, 0xFE1A, 0xFDFA, 0xFE1A, 0xFE3A, 0xFE3B, 0xFE3B, 0xFE3B, 0xFE1A, 0xFE3A, 0xFE3B, 0xFDFA, 0xFDFA, 0xFDFA,
    0xFDFA, 0xFDFA, 0xFDDA, 0xF5DA, 0xFDFA, 0xFDFA, 0xFDDA, 0xFDB9, 0xFDB9, 0xFD99, 0xFDB9, 0xFD99, 0xFDB9, 0xFDB9, 0xFDB9, 0xF5B9,
    0xFEBC, 0xFEBB, 0xFEBC, 0xFEBC, 0xFEBC, 0xFEBC, 0xFEBC, 0xFEBC, 0xFEBC, 0xFEBC, 0xFEBC, 0xFEBC, 0xFEBC, 0xFEBB, 0xFEBC, 0xFEBB,
    0xFEBC, 0xFEBC, 0xFEBC, 0xFEBB, 0xFEBC, 0xFEBC, 0xFEBC, 0xFEDB, 0xFEBC, 0xFEBC, 0xFEBC, 0xFEBC, 0xFEBC, 0xFEDC, 0xFEBC, 0xFEBC,
    0xFEBC, 0xFEBB, 0xFEBC, 0xFEBC, 0xFEBC, 0xFEBC, 0xFEBC, 0xFEBB, 0xFEBC, 0xFEBC, 0xFEBC, 0xFEDC, 0xFEBC, 0xFEBB, 0xFEDC, 0xAC52,
    0xEE19, 0xFE3A, 0xFDFA, 0xF5FA, 0xF5FA, 0xF5FA, 0xF5FA, 0xF5FA, 0xF5FA, 0xF5FA, 0xF5FA, 0xF5FA, 0xF5FA, 0xFDDA, 0xE516, 0xFDF9,
    0xC473, 0xF5DA, 0xFDFA, 0xF5FA, 0xFDFA, 0xF5FA, 0xF5FA, 0xF5FA, 0xF5FA, 0xFDFA, 0xFDFA, 0xFDFA, 0xF5FA, 0xF5FA, 0xF5FA, 0xF5FA,
    0xFDFA, 0xF5FA, 0xFDFA, 0xF5FA, 0xF5FA, 0xF5FA, 0xFE1A, 0xDCD5, 0xF598, 0xFDFA, 0xF5FA, 0xFDFA, 0xF5FA, 0xF5FA, 0xF5FA, 0xFDFA,
    0xFDFA, 0xFDFA, 0xFDFA, 0xFDFA, 0xFDFA, 0xFDFA, 0xFDFA, 0xF5FA, 0xF5FA, 0xFE1B, 0xE537, 0xBC12, 0xDD16, 0xFE1A, 0xF5FA, 0xFDFA,
    0xFDFA, 0xFDFA, 0xF5FA, 0xF5FA, 0xF5FA, 0xF5FA, 0xF5FA, 0xF5FA, 0xF5F9, 0xFDFA, 0xFDFA, 0xF5FA, 0xF5FA, 0xF5FA, 0xF5FA, 0xFDFA,
    0xF5F9, 0xF5FA, 0xFDFA, 0xF5FA, 0xF5FA, 0xF5FA, 0xF5F9, 0xF5FA, 0xF5F9, 0xFDFB, 0xCD54, 0xA611, 0xAE72, 0xA611, 0x956E, 0xAE72,
    0xA651, 0xA651, 0xAE52, 0xAE51, 0xAE71, 0x9DB0, 0xDD77, 0xFE1A, 0xF5FA, 0xF5FA, 0xF5DA, 0xFDDA, 0xBC32, 0xF5D9, 0xF5B9, 0xDCF6,
    0xFDFA, 0xF5FA, 0xF5DA, 0xF5FA, 0xFDFA, 0xF5FA, 0xF5DA, 0xF5FA, 0xFDFA, 0xFDFA, 0xF5FA, 0xFDFA, 0xED78, 0xB473, 0xFEFC, 0xFEBB,
    0xFEBC, 0xFEBC, 0xFEBC, 0xFEDC, 0xFEDC, 0xFEDC, 0xFEDC, 0xFEDC, 0xFEFC, 0xFF1C, 0xFF1C, 0xFF1C, 0xFF1D, 0xFF1C, 0xFF1C, 0xFF1C,
    0xFEFC, 0xFEFC, 0xFF1C, 0xFEDC, 0xFE9B, 0xFE7B, 0xFE5B, 0xFE3B, 0xFE3A, 0xFE1A, 0xFE1A, 0xFE1A, 0xFE1A, 0xFE1A, 0xFDFA, 0xFDB9,
    0xFDBA, 0xFDDA, 0xFDFA, 0xFDFA, 0xFDFA, 0xF61A, 0xFE1A, 0xFE3A, 0xFE3B, 0xFE3B, 0xFE3B, 0xFE3B, 0xFE1A, 0xFE1A, 0xFE1A, 0xFE1A,
    0xFDFA, 0xFDDA, 0xFDFA, 0xFDFA, 0xFDFA, 0xFDDA, 0xFDB9, 0xFDB9, 0xFD99, 0xFD99, 0xFDB9, 0xFD99, 0xFDB9, 0xFDB9, 0xFD99, 0xFDB9,
    0xFEDC, 0xFEBC, 0xFEBC, 0xFEBC, 0xFEBC, 0xFEBC, 0xFEBC, 0xFEBC, 0xFEBC, 0xFEBC, 0xFEBC, 0xFEBC, 0xFEBC, 0xFEBC, 0xFEBC, 0xFEBB,
    0xFEBC, 0xFEBC, 0xFEDC, 0xFEBC, 0xFEDC, 0xFEBC, 0xFEBC, 0xFEDB, 0xFEBC, 0xFEBC, 0xFEBC, 0xFEBC, 0xFEBC, 0xFEDC, 0xFEBC, 0xFEBC,
    0xFEDC, 0xFEDC, 0xFEDC, 0xFEDC, 0xFEDC, 0xFEBC, 0xFEBC, 0xFEBC, 0xFEDC, 0xFEDC, 0xFEDC, 0xFEDC, 0xFEBC, 0xFEFC, 0xE619, 0xAC72,
    0xFE9B, 0xF5FA, 0xFDFA, 0xF5FA, 0xF5FA, 0xF5FA, 0xF5FA, 0xF5FA, 0xF5FA, 0xF5FA, 0xF5FA, 0xF5FA, 0xF5F9, 0xFDFA, 0xE517, 0xF5D9,
    0xC473, 0xF5D9, 0xFDFA, 0xF5FA, 0xFDFA, 0xF5FA, 0xF5FA, 0xF5FA, 0xF5FA, 0xFDFA, 0xF5FA, 0xFDFA, 0xF5F9, 0xF5FA, 0xF5FA, 0xF5FA,
    0xF5FA, 0xF5FA, 0xF5FA, 0xF5FA, 0xF5FA, 0xF5FA, 0xFE1A, 0xED78, 0xDCD5, 0xFE1A, 0xF5F9, 0xF5FA, 0xF5FA, 0xF5FA, 0xF5FA, 0xFDFA,
    0xFDF9, 0xFDFA, 0xFDFA, 0xFDFA, 0xFDFA, 0xFDFA, 0xF5FA, 0xF5FA, 0xF5FA, 0xFE1B, 0xE557, 0xABB1, 0xFDFA, 0xF5DA, 0xFDFA, 0xFDFA,
    0xFDFA, 0xF5FA, 0xF5FA, 0xF5FA, 0xFDFA, 0xFDFA, 0xFDFA, 0xF5FA, 0xF5DA, 0xFDFA, 0xFDFA, 0xF5FA, 0xF5FA, 0xF5FA, 0xF5FA, 0xF5FA,
    0xF5FA, 0xFDFA, 0xFDFA, 0xF5FA, 0xF5FA, 0xF5FA, 0xF5FA, 0xF5FA, 0xFDFA, 0xFDDA, 0xAD52, 0xA651, 0xAE52, 0xAE51, 0xAE51, 0xA651,
    0xA651, 0xAE51, 0xA651, 0xA651, 0xAE91, 0x9D90, 0xE578, 0xFE1A, 0xF5FA, 0xF5FA, 0xFDFA, 0xE557, 0xBC33, 0xFE1A, 0xDCF6, 0xF5B9,
    0xFDFA, 0xF5D9, 0xF5DA, 0xF5FA, 0xF5FA, 0xF5FA, 0xF5DA, 0xF5FA, 0xFDFA, 0xFDDA, 0xF5DA, 0xFE1A, 0xE537, 0xBCB4, 0xFF1D, 0xFEBB,
    0xFEDC, 0xFEFC, 0xFEDC, 0xFEDC, 0xFEDC, 0xFEFC, 0xFEFC, 0xFF1C, 0xFF1C, 0xFF1C, 0xFEFC, 0xFEFC, 0xFEFC, 0xFEFC, 0xFEFC, 0xFEFC,
    0xFEDC, 0xFEFC, 0xFEDC, 0xFE7A, 0xFE1A, 0xFDFA, 0xFDD9, 0xFDB9, 0xFDB9, 0xFDB9, 0xFDB9, 0xFDB9, 0xFDB9, 0xFD99, 0xFDB9, 0xFDB9,
    0xFDDA, 0xFDFA, 0xFDFA, 0xFDFA, 0xFDFA, 0xFE1A, 0xFE3B, 0xFE3B, 0xFE3B, 0xFE3B, 0xFE1A, 0xFE1A, 0xFDFA, 0xFDFA, 0xFDFA, 0xFDDA,
    0xFDD9, 0xFDFA, 0xFDFA, 0xFDDA, 0xFDB9, 0xFDB9, 0xFD99, 0xFD99, 0xFD99, 0xFD99, 0xFDB9, 0xFDB9, 0xFDB9, 0xFDB9, 0xFD99, 0xFDB9,
    0xFEDC, 0xFEDC, 0xFEBB, 0xFEBC, 0xFEBB, 0xFEBC, 0xFEDB, 0xFEDB, 0xFEBC, 0xFEBC, 0xFEDC, 0xFEDB, 0xFEDC, 0xFEDC, 0xFEDC, 0xFEDC,
    0xFEDC, 0xFEDC, 0xFEDC, 0xFEDC, 0xFEDC, 0xFEDC, 0xFEDC, 0xFEDC, 0xFEDC, 0xFEDC, 0xFEDB, 0xFEDB, 0xFEDC, 0xFEDC, 0xFEDC, 0xFEDB,
    0xFEDC, 0xFEDC, 0xFEDC, 0xFEDC, 0xFEDC, 0xFEDC, 0xFEBC, 0xFEBC, 0xFEDB, 0xFEDB, 0xFEDB, 0xFEDC, 0xFEDB, 0xFF1D, 0xBCD3, 0xD576,
    0xFE7B, 0xF5FA, 0xF5FA, 0xF5FA, 0xF5FA, 0xF5FA, 0xF5FA, 0xF5FA, 0xF5FA, 0xF5FA, 0xF5FA, 0xF5FA, 0xF5F9, 0xFE1A, 0xE537, 0xED78,
    0xC473, 0xF5D9, 0xFDFA, 0xFDF9, 0xFDFA, 0xF5FA, 0xF5FA, 0xF5FA, 0xFDFA, 0xFDFA, 0xFDFA, 0xFDFA, 0xF5FA, 0xF5FA, 0xFDFA, 0xF5DA,
    0xF5FA, 0xF5FA, 0xF5FA, 0xF5FA, 0xF5FA, 0xF5FA, 0xF5DA, 0xFE1A, 0xD4B5, 0xED99, 0xFDFA, 0xF5D9, 0xF5F9, 0xFDFA, 0xF5FA, 0xFDFA,
    0xFDFA, 0xF5FA, 0xF5FA, 0xFDFA, 0xFDFA, 0xFDFA, 0xF5FA, 0xF5FA, 0xF5FA, 0xFE1A, 0xED78, 0xC453, 0xFE1A, 0xF5DA, 0xFDFA, 0xFDFA,
    0xFDFA, 0xFDFA, 0xF5FA, 0xFDFA, 0xFDFA, 0xFDFA, 0xFDFA, 0xF5FA, 0xF5DA, 0xF5FA, 0xFDFA, 0xF5FA, 0xFDFA, 0xF5FA, 0xF5FA, 0xFDFA,
    0xFDF9, 0xFDFA, 0xFDFA, 0xF5FA, 0xF5F9, 0xF5FA, 0xF5FA, 0xF5FA, 0xFDFA, 0xED98, 0xA591, 0xAE72, 0xAE52, 0xAE51, 0xAE51, 0xA651,
    0xA651, 0xA651, 0xA651, 0xA651, 0xA672, 0xA571, 0xEDB9, 0xFDFA, 0xFDF9, 0xF5D9, 0xFE1B, 0xCC94, 0xD4D5, 0xE536, 0xE558, 0xFDFA,
    0xF5DA, 0xF5DA, 0xF5F9, 0xF5FA, 0xF5F9, 0xFDFA, 0xFDFA, 0xFDFA, 0xFDF9, 0xFDF9, 0xFDDA, 0xFE1B, 0xD4F5, 0xC515, 0xFF3D, 0xFEFC,
    0xFEFC, 0xFEFC, 0xFEFC, 0xFEFC, 0xFEFD, 0xFF1C, 0xFF1C, 0xFEFC, 0xFEDC, 0xFEDC, 0xFEFC, 0xFEFC, 0xFEFC, 0xFF1C, 0xFF1C, 0xFF1C,
    0xFF1C, 0xFEFC, 0xFEDC, 0xFEBB, 0xFE5A, 0xFDD9, 0xFDB9, 0xFD99, 0xFD99, 0xFD99, 0xFD99, 0xFD99, 0xFD99, 0xFDD9, 0xFE1A, 0xFE5B,
    0xFE9B, 0xFEBB, 0xFE9B, 0xFE7B, 0xFE7B, 0xFE7B, 0xFE7B, 0xFE3B, 0xFE3A, 0xFE1A, 0xFDFA, 0xFDDA, 0xFDDA, 0xFDBA, 0xFDB9, 0xFDB9,
    0xFDB9, 0xFDD9, 0xFDB9, 0xF599, 0xF599, 0xFD99, 0xFD99, 0xFDB9, 0xFDB9, 0xFDB9, 0xFDB9, 0xFDB9, 0xFDB9, 0xFDB9, 0xFDB9, 0xF5B9,
    0xFEDC, 0xFEDC, 0xFEDC, 0xFEDC, 0xFEDC, 0xFEDC, 0xFEDC, 0xFEDC, 0xFEDC, 0xFEDC, 0xFEDC, 0xFEDC, 0xFEDC, 0xFEDC, 0xFEDB, 0xFEDC,
    0xFEDC, 0xFEDB, 0xFEDC, 0xFEDC, 0xFEDC, 0xFEDC, 0xFEDC, 0xFEDC, 0xFEDC, 0xFEDC, 0xFEDC, 0xFEDB, 0xFEDC, 0xFEDC, 0xFEDC, 0xFEDC,
    0xFEDB, 0xFEDC, 0xFEDC, 0xFEDC, 0xFEDC, 0xFEDB, 0xFEDB, 0xFEDC, 0xFEDC, 0xFEDC, 0xFEDC, 0xFEDC, 0xFEDC, 0xFEBB, 0xAC32, 0xF63A,
    0xFDFA, 0xFDFA, 0xF5FA, 0xF5FA, 0xF5FA, 0xF5FA, 0xF5FA, 0xF5FA, 0xF5FA, 0xF5F9, 0xF5FA, 0xF5FA, 0xF5FA, 0xFDFA, 0xF599, 0xE537,
    0xBC53, 0xF5B9, 0xFDFB, 0xF5FA, 0xF5FA, 0xF5FA, 0xF5FA, 0xFDFA, 0xFDFA, 0xFDFA, 0xFDFA, 0xFDFA, 0xFDFA, 0xFDFA, 0xF5F9, 0xF5FA,
    0xF5FA, 0xF5FA, 0xF5FA, 0xF5FA, 0xFDFA, 0xFDFA, 0xF5DA, 0xFDFA, 0xED98, 0xDCD5, 0xFE1A, 0xF5DA, 0xFDFA, 0xF5FA, 0xF5FA, 0xFDFA,
    0xF5FA, 0xF5FA, 0xFDF9, 0xFDFA, 0xFDFA, 0xFDFA, 0xFDFA, 0xFDFA, 0xFDFA, 0xFDFA, 0xF5B9, 0xBC53, 0xFDFA, 0xF5DA, 0xFDFA, 0xFDFA,
    0xFDFA, 0xFDFA, 0xF5FA, 0xFDFA, 0xFDFA, 0xFDFA, 0xFDF9, 0xF5FA, 0xF5FA, 0xFDFA, 0xF5FA, 0xFDFA, 0xFDFA, 0xF5FA, 0xFDFA, 0xFDFA,
    0xFDFA, 0xFDFA, 0xF5FA, 0xF5FA, 0xFDFA, 0xFDF9, 0xFDFA, 0xF5D9, 0xFDFA, 0xDD57, 0x9DD0, 0xAE91, 0xAE52, 0xAE52, 0xAE51, 0xAE51,
    0xA652, 0xAE51, 0xA651, 0xA651, 0xA671, 0xAD52, 0xFDDA, 0xF5FA, 0xF5DA, 0xF5D9, 0xFDFA, 0xBC32, 0xD4B4, 0xE557, 0xFDFA, 0xF5D9,
    0xF5DA, 0xF5DA, 0xF5FA, 0xF5FA, 0xF5FA, 0xFDDA, 0xFDDA, 0xFDFA, 0xFDFA, 0xF5FA, 0xF5DA, 0xFE1B, 0xCCB5, 0xCD76, 0xFF3D, 0xFEFC,
    0xFEFC, 0xFEFC, 0xFEFC, 0xFEFC, 0xFEFC, 0xFEFC, 0xFEDC, 0xFEDB, 0xFEDC, 0xFEDC, 0xFEFC, 0xFEFC, 0xFEFC, 0xFEFC, 0xFEDC, 0xFEDC,
    0xFEDC, 0xFEDC, 0xFEBB, 0xFE9B, 0xFE3A, 0xFE1A, 0xFDF9, 0xFDB9, 0xFD99, 0xFD99, 0xF5B9, 0xFDD9, 0xFE1A, 0xFE7B, 0xFE9B, 0xFEBB,
    0xFEBC, 0xFEDC, 0xFEDC, 0xFEDC, 0xFEDC, 0xFEDC, 0xFEBB, 0xFEBB, 0xFE9B, 0xFE7B, 0xFE3A, 0xFE1A, 0xFE1A, 0xFE1A, 0xFE1A, 0xFDFA,
    0xFE1A, 0xFDFA, 0xF5B9, 0xFDB9, 0xF5B9, 0xF5B9, 0xFDB9, 0xFDB9, 0xFDB9, 0xFDB9, 0xFD99, 0xF599, 0xF599, 0xFD99, 0xFDB9, 0xFDB9,
    0xFEDC, 0xFEDC, 0xFEDC, 0xFEDC, 0xFEDC, 0xFEDC, 0xFEDC, 0xFEDC, 0xFEDC, 0xFEDC, 0xFEDB, 0xFEDC, 0xFEDC, 0xFEDC, 0xFEDB, 0xFEDC,
    0xFEDC, 0xFEDB, 0xFEDC, 0xFEDC, 0xFEDC, 0xFEDB, 0xFEDC, 0xFEDC, 0xFEDC, 0xFEDC, 0xFEDC, 0xFEDC, 0xFEDC, 0xFEDC, 0xFEDB, 0xFEDC,
    0xFEDC, 0xFEDC, 0xFEDC, 0xFEDC, 0xFEDC, 0xFEDB, 0xFEDC, 0xFEDB, 0xFEDC, 0xFEDC, 0xFEDC, 0xFEDC, 0xFF1D, 0xDDB7, 0xBCD4, 0xFE7B,
    0xF5D9, 0xF5FA, 0xF5F9, 0xF5FA, 0xF5FA, 0xF5FA, 0xF5FA, 0xF5FA, 0xF5FA, 0xF5FA, 0xF5FA, 0xF5FA, 0xF5FA, 0xF5FA, 0xFDDA, 0xE4F6,
    0xBC32, 0xF5B9, 0xFDFA, 0xF5FA, 0xFDFA, 0xFDFA, 0xFDFA, 0xF5FA, 0xFDFA, 0xFDFA, 0xF5FA, 0xFDFA, 0xFDFA, 0xFDFA, 0xF5FA, 0xF5FA,
    0xF5FA, 0xFDFA, 0xF5F9, 0xF5FA, 0xF5FA, 0xFDFA, 0xFDFA, 0xF5FA, 0xFE1A, 0xD4B5, 0xED78, 0xFDFA, 0xFDFA, 0xFDFA, 0xFDFA, 0xFDFA,
    0xF5FA, 0xF5FA, 0xFDFA, 0xFDFA, 0xFDFA, 0xFDFA, 0xFDFA, 0xF5FA, 0xFDFA, 0xFDFA, 0xFDFA, 0xBC53, 0xF5B9, 0xFDFA, 0xF5FA, 0xFDFA,
    0xFDFA, 0xFDFA, 0xF5FA, 0xFDFA, 0xFDFA, 0xFDFA, 0xF5FA, 0xFDFA, 0xFDFA, 0xFDFA, 0xFDFA, 0xF5FA, 0xFDFA, 0xFDFA, 0xFDFA, 0xFDFA,
    0xFDFA, 0xFDFA, 0xFDFA, 0xF5FA, 0xFDFA, 0xFDFA, 0xF5FA, 0xF5DA, 0xFDFA, 0xD556, 0x9DF0, 0xAE72, 0x958F, 0xAE31, 0xAE51, 0xAE51,
    0xAE52, 0xA611, 0xA631, 0xAE71, 0x9E10, 0xC534, 0xFDFB, 0xF5DA, 0xF5DA, 0xFDFA, 0xED99, 0x9B2E, 0xE537, 0xFDFA, 0xF5D9, 0xF5FA,
    0xF5DA, 0xF5DA, 0xFDFA, 0xF5FA, 0xF5DA, 0xF5FA, 0xFDDA, 0xFDFA, 0xF5FA, 0xF5FA, 0xF5DA, 0xFE3B, 0xBC73, 0xDDB8, 0xFF1D, 0xFEDC,
    0xFEDC, 0xFEDC, 0xFEDC, 0xFEDB, 0xFEDC, 0xFEDC, 0xFEDC, 0xFEDB, 0xFEDC, 0xFEDC, 0xFEDB, 0xFEBB, 0xFE7B, 0xFE5A, 0xFE5A, 0xFE7B,
    0xFE5A, 0xFE1A, 0xF619, 0xF619, 0xFE1A, 0xFE5A, 0xFE3A, 0xFE1A, 0xFE3A, 0xFE5B, 0xFE7B, 0xFEBB, 0xFEBC, 0xFEDC, 0xFEDB, 0xFEBB,
    0xFEDC, 0xFEDC, 0xFEDC, 0xFEDC, 0xFEFC, 0xFEDC, 0xFEFC, 0xFEFC, 0xFEFC, 0xFEDC, 0xFEBC, 0xFEBB, 0xFEBC, 0xFEBC, 0xFEBB, 0xFEBB,
    0xFE9B, 0xFE3A, 0xFDD9, 0xFDB9, 0xFDB9, 0xFDB9, 0xFDB9, 0xFDB9, 0xF5B9, 0xF5B9, 0xF5DA, 0xF5DA, 0xFDFA, 0xFE1A, 0xFE1A, 0xFE3B,
    0xFEFC, 0xFEFC, 0xFEDC, 0xFEDB, 0xFEDB, 0xFEDC, 0xFEDC, 0xFEDC, 0xFEDC, 0xFEDC, 0xFEDB, 0xFEDC, 0xFEDC, 0xFEDB, 0xFEDC, 0xFEDC,
    0xFEDC, 0xFEDC, 0xFEDB, 0xFEDC, 0xFEDC, 0xFEDC, 0xFEDB, 0xFEDC, 0xFEFB, 0xFEDC, 0xFEDC, 0xFEDC, 0xFEDC, 0xFEDC, 0xFEDB, 0xFEDC,
    0xFEDC, 0xFEDC, 0xFEDB, 0xFEDC, 0xFEDC, 0xFEDC, 0xFEDC, 0xFEDC, 0xFEDC, 0xFEDC, 0xFEDB, 0xFEDB, 0xFF1C, 0xB4B3, 0xDDB8, 0xFE3A,
    0xF5FA, 0xF5FA, 0xF5FA, 0xF5FA, 0xF5FA, 0xF5FA, 0xF5F9, 0xF5FA, 0xF5FA, 0xF5FA, 0xF5FA, 0xF5FA, 0xF5FA, 0xF5FA, 0xFE1A, 0xE557,
    0xB3F1, 0xEDB8, 0xFE1A, 0xF5FA, 0xFDFA, 0xFDFA, 0xF5FA, 0xF5FA, 0xFDFA, 0xFDFA, 0xF5F9, 0xFDFA, 0xFDFA, 0xFDFA, 0xFDFA, 0xFDFA,
    0xF5FA, 0xFDFA, 0xFDFA, 0xF5F9, 0xF5FA, 0xF5F9, 0xF5FA, 0xF5FA, 0xFE1A, 0xF5B9, 0xD4B5, 0xFDF9, 0xF5FA, 0xFDFA, 0xF5F9, 0xF5F9,
    0xFDFA, 0xF5FA, 0xFDFA, 0xF5F9, 0xF5FA, 0xFDFA, 0xF5F9, 0xF5F9, 0xFDF9, 0xFDF9, 0xFE1B, 0xC473, 0xED78, 0xFDFA, 0xF5FA, 0xFDF9,
    0xFDFA, 0xFDFA, 0xF5FA, 0xFDF9, 0xFDFA, 0xFDFA, 0xF5FA, 0xFDFA, 0xFDFA, 0xFDFA, 0xFDFA, 0xFDF9, 0xFDFA, 0xFDF9, 0xFDFA, 0xFDFA,
    0xFDFA, 0xF5FA, 0xFDFA, 0xFDF9, 0xF5F9, 0xFDFA, 0xF5FA, 0xF5F9, 0xFDFB, 0xCD56, 0x9DF0, 0xAE92, 0xA610, 0xA632, 0xAE51, 0xA651,
    0xAE72, 0x956E, 0xA610, 0xAE72, 0x9D70, 0xE578, 0xFDFB, 0xF5DA, 0xF5D9, 0xFE1B, 0xCC95, 0xBC52, 0xFE3B, 0xF5DA, 0xF5FA, 0xF5FA,
    0xF5D9, 0xF5DA, 0xFDFA, 0xFDF9, 0xF5FA, 0xFDF9, 0xFDFA, 0xFDFA, 0xFDFA, 0xF5DA, 0xF5DA, 0xFE1A, 0xB432, 0xE639, 0xFEFC, 0xFEDB,
    0xFEDB, 0xFEDC, 0xFEDC, 0xFEDC, 0xFEDB, 0xFEDC, 0xFEDC, 0xFEDB, 0xFE9B, 0xFE9B, 0xFE9B, 0xFE5A, 0xF63A, 0xFE5A, 0xFE5B, 0xFE3A,
    0xFE19, 0xFE3A, 0xFE5A, 0xFE5B, 0xFE9B, 0xFE9C, 0xFEBC, 0xFEBC, 0xFEDC, 0xFEDC, 0xFEDC, 0xFEFC, 0xFEFB, 0xFEDC, 0xFEFB, 0xFEDC,
    0xFEDC, 0xFEFC, 0xFEDC, 0xFEDC, 0xFEFC, 0xFEFC, 0xFEFC, 0xFEDC, 0xFEFC, 0xFEFC, 0xFEFC, 0xFEFC, 0xFEFC, 0xFEFC, 0xFEDC, 0xFEDC,
    0xFE9B, 0xFE3A, 0xFE1A, 0xFDFA, 0xFDFA, 0xFE1A, 0xF61A, 0xFE5B, 0xFE5B, 0xFE7B, 0xFE9B, 0xFEBB, 0xFEBB, 0xFEBB, 0xFEDC, 0xFEBC,
    0xFEFC, 0xFEFC, 0xFEDC, 0xFEDC, 0xFEDC, 0xFEDC, 0xFEDC, 0xFEDC, 0xFEFB, 0xFEDC, 0xFEDC, 0xFEDC, 0xFEDC, 0xFEDC, 0xFEDC, 0xFEDC,
    0xFEDC, 0xFEDC, 0xFEDC, 0xFEDC, 0xFEDC, 0xFEDC, 0xFEDC, 0xFEDC, 0xFEDC, 0xFEDC, 0xFEDC, 0xFEDC, 0xFEDB, 0xFEDC, 0xFEDC, 0xFEDC,
    0xFEDC, 0xFEDC, 0xFEDC, 0xFEDC, 0xFEDC, 0xFEDC, 0xFEDC, 0xFEDC, 0xFEDC, 0xFEDC, 0xFEDC, 0xFEFC, 0xF69A, 0xB472, 0xFE5B, 0xF5FA,
    0xFDFA, 0xF5FA, 0xF5FA, 0xF5FA, 0xFDFA, 0xFDFA, 0xFDFA, 0xF5FA, 0xF5FA, 0xF5FA, 0xF5FA, 0xF5FA, 0xF5FA, 0xF5FA, 0xF5FA, 0xFDFA,
    0xABD1, 0xED98, 0xFE1A, 0xF5FA, 0xF5FA, 0xFDFA, 0xFDFA, 0xFDFA, 0xFDFA, 0xFDFA, 0xFDFA, 0xFDFA, 0xFDFA, 0xFDFA, 0xF5FA, 0xF5FA,
    0xF5FA, 0xFDFA, 0xFDFA, 0xFDFA, 0xF5FA, 0xF5FA, 0xF5FA, 0xFDFA, 0xF5FA, 0xFE1A, 0xDCF6, 0xE517, 0xFE1B, 0xF5DA, 0xF5FA, 0xF5FA,
    0xF5FA, 0xFDFA, 0xFDFA, 0xF5D9, 0xF5FA, 0xFDFA, 0xFDFA, 0xF5FA, 0xFDFA, 0xFDDA, 0xFE1B, 0xCC94, 0xE537, 0xFE1A, 0xF5FA, 0xFDFA,
    0xFDFA, 0xFDFA, 0xF5FA, 0xFDFA, 0xFDFA, 0xFDFA, 0xF5FA, 0xF5FA, 0xFDFA, 0xFDFA, 0xFDFA, 0xFDFA, 0xFDFA, 0xFDFA, 0xFDFA, 0xFDFA,
    0xFDFA, 0xF5F9, 0xFDFA, 0xFDFA, 0xFDFA, 0xFDFA, 0xFDFA, 0xF5DA, 0xFDFB, 0xD556, 0x9DD0, 0xAE72, 0xAE51, 0xAE52, 0xA651, 0xAE51,
    0xA652, 0xAE51, 0xAE71, 0x9E11, 0xBD13, 0xFDFA, 0xF5FA, 0xF5DA, 0xF5DA, 0xFDFA, 0xABD1, 0xE578, 0xFE1A, 0xF5FA, 0xF5FA, 0xF5FA,
    0xF5FA, 0xF5FA, 0xF5FA, 0xF5DA, 0xFDFA, 0xFDFA, 0xF5FA, 0xFDFA, 0xFDFA, 0xF5FA, 0xF5DA, 0xFDFA, 0xB432, 0xF69B, 0xFEFC, 0xFEDC,
    0xFEDC, 0xFEDC, 0xFEDC, 0xFEDC, 0xFEDC, 0xFEDC, 0xFEDC, 0xFEBB, 0xFEBC, 0xFEBC, 0xFEBB, 0xFE9B, 0xFEBB, 0xFEDB, 0xFEBB, 0xFEBB,
    0xFEBB, 0xFEDC, 0xFEDC, 0xFEDC, 0xFEDC, 0xFEFC, 0xFEDC, 0xFEDC, 0xFEDC, 0xFEDC, 0xFEDC, 0xFEDC, 0xFEDC, 0xFEDC, 0xFEDC, 0xFEDC,
    0xFEDC, 0xFEFC, 0xFEFC, 0xFEFC, 0xFEFC, 0xFEFC, 0xFEFC, 0xFEFC, 0xFEFC, 0xFEFC, 0xFEFC, 0xFEFC, 0xFEFC, 0xFEFC, 0xFEFC, 0xFEDC,
    0xFEBB, 0xFEBB, 0xFEBB, 0xFEBB, 0xFEDB, 0xFEDC, 0xFEDC, 0xFEFC, 0xFEFC, 0xFEFC, 0xFEFC, 0xFEDC, 0xFEDB, 0xFEBB, 0xFEBB, 0xFE9B,
    0xFEFC, 0xFEFB, 0xFEDC, 0xFEDC, 0xFEDC, 0xFEDC, 0xFEDC, 0xFEDC, 0xFEDC, 0xFEDC, 0xFEDC, 0xFEDC, 0xFEDC, 0xFEDC, 0xFEDC, 0xFEDC,
    0xFEDC, 0xFEDC, 0xFEDC, 0xFEDC, 0xFEDC, 0xFEDB, 0xFEDC, 0xFEDC, 0xFEDC, 0xFEDC, 0xFEFC, 0xFEDC, 0xFEFC, 0xFEFC, 0xFEFC, 0xFEDC,
    0xFEDC, 0xFEDB, 0xFEDC, 0xFEFC, 0xFEDC, 0xFEFC, 0xFEFC, 0xFEDC, 0xFEDC, 0xFEFC, 0xFEDB, 0xFF3D, 0xCD76, 0xC4F4, 0xFE7B, 0xF5DA,
    0xF5FA, 0xF5FA, 0xF5F9, 0xF5FA, 0xFDFA, 0xFDF9, 0xF5FA, 0xFDFA, 0xF5FA, 0xF5FA, 0xF5FA, 0xF5FA, 0xF5FA, 0xF5FA, 0xF5F9, 0xFE1B,
    0xBC53, 0xE557, 0xFE1A, 0xF5FA, 0xF5FA, 0xFDFA, 0xFDFA, 0xFDFA, 0xFDFA, 0xFDFA, 0xFDFA, 0xFDFA, 0xFDFA, 0xFDFA, 0xFDFA, 0xF5FA,
    0xFDFA, 0xFDFA, 0xFDFA, 0xFDFA, 0xFDFA, 0xF5FA, 0xF5FA, 0xFDFA, 0xF5FA, 0xF5FA, 0xF5FA, 0xD494, 0xF5B9, 0xFDFA, 0xFDDA, 0xF5FA,
    0xF5FA, 0xF5FA, 0xF5FA, 0xF5FA, 0xF5DA, 0xF5FA, 0xF5FA, 0xFDFA, 0xFDFA, 0xFDDA, 0xFE1B, 0xD4D5, 0xD4D5, 0xFE1B, 0xF5FA, 0xF5F9,
    0xFDFA, 0xFDFA, 0xF5FA, 0xFDFA, 0xFDFA, 0xF5FA, 0xF5FA, 0xFDFA, 0xFDFA, 0xFDFA, 0xFDF9, 0xFDFA, 0xFDFA, 0xF5FA, 0xFDFA, 0xF5FA,
    0xF5FA, 0xFDFA, 0xFDFA, 0xFDF9, 0xFDFA, 0xFDFA, 0xF5F9, 0xFDFA, 0xFDFA, 0xED98, 0x9D50, 0xAE92, 0xA651, 0xA651, 0xAE72, 0xAE51,
    0xA632, 0xAE72, 0xA631, 0xA511, 0xF5B9, 0xFDFA, 0xFDFA, 0xF5D9, 0xFDFA, 0xE558, 0xA3B0, 0xFDFA, 0xF5DA, 0xF5FA, 0xF5FA, 0xF5FA,
    0xF5FA, 0xF5FA, 0xF5FA, 0xF5F9, 0xF5FA, 0xFDFA, 0xF5FA, 0xF5FA, 0xF5FA, 0xFDDA, 0xFDFA, 0xF5B9, 0xB432, 0xFEFC, 0xFEFC, 0xFEDC,
    0xFEDC, 0xFEDC, 0xFEDC, 0xFEDC, 0xFEDC, 0xFEDC, 0xFEDC, 0xFEFB, 0xFEDC, 0xFEDC, 0xFEDC, 0xFEDC, 0xFEFC, 0xFEDC, 0xFEDC, 0xFEFC,
    0xFEFB, 0xFEDC, 0xFEDC, 0xFEFC, 0xFEDC, 0xFEDC, 0xFEDC, 0xFEDC, 0xFEFC, 0xFEFC, 0xFEFC, 0xFEFC, 0xFEFC, 0xFEFC, 0xFEFC, 0xFEFC,
    0xFEFC, 0xFEFC, 0xFEFC, 0xFEFC, 0xFEFC, 0xFEFC, 0xFEFC, 0xFEFC, 0xFEFC, 0xFEFC, 0xFEFC, 0xFEFC, 0xFEFC, 0xFEFC, 0xFEFC, 0xFEFC,
    0xFEDC, 0xFEDC, 0xFEDC, 0xFEDC, 0xFEDC, 0xFEDB, 0xFEBB, 0xFEBB, 0xFE9B, 0xFE9B, 0xFE7B, 0xFE5B, 0xFE5B, 0xFE3B, 0xFE3A, 0xFE3B,
    0xFEFC, 0xFEFC, 0xFEDC, 0xFEFC, 0xFEFC, 0xFEFC, 0xFEDC, 0xFEDC, 0xFEFC, 0xFEFC, 0xFEFB, 0xFEFC, 0xFEFC, 0xFEFC, 0xFEFC, 0xFEFC,
    0xFEFC, 0xFEFC, 0xFEFC, 0xFEFC, 0xFEFC, 0xFEFC, 0xFEDC, 0xFEFC, 0xFEFB, 0xFEFC, 0xFEFC, 0xFEFC, 0xFEFC, 0xFEFC, 0xFEFB, 0xFEFC,
    0xFEFC, 0xFEDC, 0xFEFC, 0xFEDC, 0xFEDC, 0xFEDC, 0xFEDC, 0xFEFC, 0xFEFC, 0xFEFC, 0xFEDC, 0xFF1D, 0xAC92, 0xE5D8, 0xFE3A, 0xF5FA,
    0xF5FA, 0xF5FA, 0xF5F9, 0xF5FA, 0xF5FA, 0xF5FA, 0xF5FA, 0xFDFA, 0xF5FA, 0xF5FA, 0xF5FA, 0xF5FA, 0xF5FA, 0xF5FA, 0xF5DA, 0xFE1B,
    0xBC73, 0xDD36, 0xFE1A, 0xF5FA, 0xF5FA, 0xFDFA, 0xF5F9, 0xF5FA, 0xFDFA, 0xFDFA, 0xFDFA, 0xFDFA, 0xFDFA, 0xFDFA, 0xFDFA, 0xF5FA,
    0xFDFA, 0xFDFA, 0xFDFA, 0xF5FA, 0xFDFA, 0xF5F9, 0xF5FA, 0xFDFA, 0xF5FA, 0xF5F9, 0xFE1A, 0xED77, 0xD4D5, 0xFDFB, 0xF5D9, 0xF5FA,
    0xF5FA, 0xF5FA, 0xF5FA, 0xF5DA, 0xF5DA, 0xFDFA, 0xF5FA, 0xFDFA, 0xFDFA, 0xF5F9, 0xFE1B, 0xDD37, 0xC474, 0xFE1B, 0xF5F9, 0xF5F9,
    0xFDFA, 0xFDFA, 0xFDFA, 0xFDFA, 0xFDFA, 0xF5FA, 0xF5FA, 0xF5FA, 0xF5FA, 0xFDFA, 0xFDFA, 0xFDFA, 0xFDFA, 0xFDF9, 0xFDFA, 0xFDFA,
    0xF5FA, 0xF5FA, 0xFDFA, 0xFDF9, 0xFDFA, 0xFDFA, 0xF5FA, 0xFDFA, 0xF5FA, 0xFDFB, 0xBD33, 0x9DEF, 0xA691, 0xA671, 0x95D0, 0xA631,
    0xAE71, 0x9E10, 0xA4F1, 0xED98, 0xFDFA, 0xF5DA, 0xFDFA, 0xF5D9, 0xFE1B, 0xC473, 0xC494, 0xFE3B, 0xF5DA, 0xF5FA, 0xF5FA, 0xFDFA,
    0xFDDA, 0xFDFA, 0xFDFA, 0xF5FA, 0xF5FA, 0xFDF9, 0xFDD9, 0xF5FA, 0xF5FA, 0xF5DA, 0xFDFA, 0xED78, 0xB452, 0xFF1D, 0xFEDB, 0xFEDC,
    0xFEDC, 0xFEDC, 0xFEDC, 0xFEFC, 0xFEDC, 0xFEDC, 0xFEFC, 0xFEFC, 0xFEFC, 0xFEDC, 0xFEFB, 0xFEDC, 0xFEDC, 0xFEDC, 0xFEFC, 0xFEFC,
    0xFEFB, 0xFEFC, 0xFEFC, 0xFEFC, 0xFEFC, 0xFEFC, 0xFEFC, 0xFEFC, 0xFEFC, 0xFEFC, 0xFEFC, 0xFEFC, 0xFEFC, 0xFEFC, 0xFEFC, 0xFEFC,
    0xFEFC, 0xFEFC, 0xFEFC, 0xFEFC, 0xFEFB, 0xFEFC, 0xFEDC, 0xFEBB, 0xFEBB, 0xFEDC, 0xFEDC, 0xFEDB, 0xFEBB, 0xFE9B, 0xFE9B, 0xFE9B,
    0xFE9B, 0xFE7B, 0xFE7B, 0xFE5B, 0xFE5B, 0xFE3A, 0xFE3A, 0xFE3A, 0xFE1A, 0xFE1A, 0xFE1A, 0xFDFA, 0xFE1A, 0xFE1A, 0xFE3B, 0xFE3B,
    0xFEFC, 0xFEFC, 0xFEFC, 0xFEFC, 0xFEFC, 0xFEFC, 0xFEFC, 0xFEFC, 0xFEFC, 0xFEFC, 0xFEFC, 0xFEFC, 0xFEFC, 0xFEFC, 0xFEFC, 0xFEFC,
    0xFEFC, 0xFEFB, 0xFEFC, 0xFEFC, 0xFEFC, 0xFEFC, 0xFEFC, 0xFEFC, 0xFEFC, 0xFEFC, 0xFEFB, 0xFEFC, 0xFEFC, 0xFEFC, 0xFEFC, 0xFEFC,
    0xFEFC, 0xFEFC, 0xFEFB, 0xFEFC, 0xFEDC, 0xFEFB, 0xFEFC, 0xFEFC, 0xFEFC, 0xFEFC, 0xFF1C, 0xEE7A, 0xAC31, 0xFE5B, 0xFDF9, 0xF5FA,
    0xF5FA, 0xF5FA, 0xF5FA, 0xF5FA, 0xF5FA, 0xF5FA, 0xF5F9, 0xF5FA, 0xF5FA, 0xF5F9, 0xF5F9, 0xF5FA, 0xF5FA, 0xF5FA, 0xF5D9, 0xFE3B,
    0xC473, 0xD4F6, 0xFE3A, 0xF5F9, 0xF5FA, 0xFDFA, 0xF5FA, 0xF5FA, 0xFDFA, 0xFDFA, 0xFDF9, 0xFDFA, 0xFDFA, 0xFDFA, 0xFDF9, 0xF5FA,
    0xF5FA, 0xFDFA, 0xF5FA, 0xF5FA, 0xFDFA, 0xF5FA, 0xF5FA, 0xF5FA, 0xF5FA, 0xF5FA, 0xF5DA, 0xFE1A, 0xDCF5, 0xE536, 0xFDFA, 0xF5DA,
    0xF5FA, 0xF5FA, 0xF5F9, 0xF5DA, 0xF5FA, 0xFDFA, 0xF5FA, 0xF5F9, 0xFDFA, 0xF5FA, 0xFDFA, 0xED98, 0xBC33, 0xFE1A, 0xF5DA, 0xFDFA,
    0xFDFA, 0xFDFA, 0xFDFA, 0xFDFA, 0xFDFA, 0xFDFA, 0xFDF9, 0xF5FA, 0xF5FA, 0xFDFA, 0xF5FA, 0xF5F9, 0xFDFA, 0xFDFA, 0xFDFA, 0xFDFA,
    0xFDFA, 0xFDFA, 0xFDFA, 0xFDFA, 0xFDFA, 0xFDFA, 0xF5FA, 0xFDF9, 0xFDF9, 0xFDDA, 0xFDDA, 0xC534, 0xA551, 0xAD71, 0xB4F3, 0xAD31,
    0xAD51, 0xBD14, 0xF5B9, 0xFE1A, 0xF5DA, 0xFDFA, 0xF5DA, 0xFDDA, 0xFDDA, 0xA3B0, 0xEDB9, 0xFDFA, 0xF5FA, 0xF5FA, 0xFDF9, 0xFDF9,
    0xFDFA, 0xFDFA, 0xFDFA, 0xF5DA, 0xF5FA, 0xFDFA, 0xFDDA, 0xFDFA, 0xF5FA, 0xF5DA, 0xFE1B, 0xDD17, 0xBCB3, 0xFF3D, 0xFEDB, 0xFEDC,
    0xFEFC, 0xFEFC, 0xFEFC, 0xFEFB, 0xFEFC, 0xFEFC, 0xFEFC, 0xFEFC, 0xFEFC, 0xFEFC, 0xFEFC, 0xFEFC, 0xFEFC, 0xFEFC, 0xFEFC, 0xFEFC,
    0xFEFC, 0xFEFC, 0xFEFC, 0xFEFC, 0xFEFC, 0xFEFC, 0xFEFC, 0xFEFC, 0xFEFC, 0xFEFC, 0xFEFC, 0xFEFC, 0xFEFC, 0xFEFC, 0xFEFC, 0xFEFC,
    0xFEFC, 0xFEFC, 0xFEFC, 0xFEFC, 0xFEDB, 0xFE9B, 0xF67A, 0xF67A, 0xFE9B, 0xFE9B, 0xFE7B, 0xFE7A, 0xFE5A, 0xF63A, 0xF65A, 0xFE5B,
    0xFE3A, 0xF61A, 0xFE1A, 0xFDFA, 0xFDFA, 0xFDFA, 0xFDFA, 0xFDFA, 0xFDFA, 0xFE1A, 0xFE1A, 0xFE1A, 0xFE3B, 0xFE3B, 0xFE3B, 0xFE3B,
    0xFEFC, 0xFEFC, 0xFEFC, 0xFEFC, 0xFEFC, 0xFEFC, 0xFEFC, 0xFEFC, 0xFEFC, 0xFEFC, 0xFEFC, 0xFEFC, 0xFEFC, 0xFEFC, 0xFEFC, 0xFEFC,
    0xFEFC, 0xFEFC, 0xFEFC, 0xFEFC, 0xFEFC, 0xFEFC, 0xFEFC, 0xFEFC, 0xFEFC, 0xFEFC, 0xFEFC, 0xFEFC, 0xFEFC, 0xFEFC, 0xFEFC, 0xFEFC,
    0xFEFC, 0xFEFC, 0xFEFC, 0xFEFC, 0xFEFC, 0xFEFC, 0xFEFC, 0xFEFC, 0xFEFC, 0xFEDC, 0xFF3D, 0xCD55, 0xC4D4, 0xFE5B, 0xF5DA, 0xFDFA,
    0xF5FA, 0xF5FA, 0xF5FA, 0xF5FA, 0xF5F9, 0xF5FA, 0xF5FA, 0xF5FA, 0xF5FA, 0xF5FA, 0xF5FA, 0xF5FA, 0xF5FA, 0xF5FA, 0xF5DA, 0xFE3B,
    0xCCB4, 0xCCB5, 0xFE3B, 0xF5FA, 0xF5FA, 0xFDFA, 0xFDFA, 0xF5FA, 0xFDF9, 0xFDFA, 0xFDFA, 0xFDFA, 0xFDFA, 0xFDFA, 0xFDFA, 0xF5FA,
    0xF5FA, 0xFDFA, 0xF5FA, 0xF5FA, 0xFDFA, 0xF5FA, 0xF5FA, 0xF5FA, 0xF5FA, 0xF5DA, 0xF5FA, 0xF5DA, 0xF5FA, 0xD4B4, 0xF599, 0xFDFA,
    0xF5DA, 0xF5DA, 0xF5DA, 0xF5DA, 0xF5FA, 0xF5FA, 0xF5FA, 0xF5FA, 0xF5FA, 0xF5DA, 0xF5FA, 0xF5D9, 0xBC12, 0xFDDA, 0xFDFA, 0xF5FA,
    0xFDFA, 0xFDFA, 0xF5DA, 0xF5F9, 0xFDFA, 0xF5FA, 0xFDFA, 0xF5FA, 0xF5FA, 0xFDFA, 0xF5FA, 0xF5FA, 0xFDFA, 0xFDFA, 0xFDFA, 0xFDFA,
    0xFDFA, 0xFDFA, 0xFDFA, 0xFDFA, 0xFDFA, 0xFDFA, 0xF5FA, 0xF5FA, 0xFDFA, 0xF5F9, 0xFDFA, 0xFDFB, 0xF5BA, 0xF5B9, 0xFE1B, 0xFDDA,
    0xF5BA, 0xFDFB, 0xFDFA, 0xF5FA, 0xFDFA, 0xFDDA, 0xF5DA, 0xFE1B, 0xD4F6, 0xAC11, 0xFE3B, 0xF5DA, 0xFDFA, 0xF5FA, 0xFDFA, 0xFDFA,
    0xF5FA, 0xF5FA, 0xFDFA, 0xF5DA, 0xF5FA, 0xF5FA, 0xF5FA, 0xFDFA, 0xFDFA, 0xF5DA, 0xFE1B, 0xD4D5, 0xC515, 0xFF3D, 0xFEDC, 0xFEDC,
    0xFEFB, 0xFEFC, 0xFEFC, 0xFEFC, 0xFEFC, 0xFEFC, 0xFEFC, 0xFEFC, 0xFEFC, 0xFEFC, 0xFEFC, 0xFEFC, 0xFEFC, 0xFEFC, 0xFEFC, 0xFEFC,
    0xFEFC, 0xFEFC, 0xFEFC, 0xFEFC, 0xFEFC, 0xFEFC, 0xFEFC, 0xFEFC, 0xFEFC, 0xFEFC, 0xFEFC, 0xFEFC, 0xFEFC, 0xFEFC, 0xFEFC, 0xFEFC,
    0xFEFC, 0xFEFC, 0xFEFC, 0xFEDC, 0xFEBB, 0xFEBB, 0xFEBB, 0xFEDC, 0xFEDB, 0xFEDB, 0xFE9B, 0xFE9B, 0xFE9B, 0xFE9B, 0xFEBC, 0xFE9B,
    0xFE5A, 0xFE5B, 0xFE3A, 0xFE3A, 0xFE5B, 0xFE5B, 0xFE5B, 0xFE7B, 0xFE7B, 0xFE7B, 0xFE7B, 0xFE7B, 0xFE7B, 0xFE9B, 0xFEBB, 0xFEBB,
    0xFEFC, 0xFEFC, 0xFEFC, 0xFEFC, 0xFEFC, 0xFEFC, 0xFEFC, 0xFEFC, 0xFEFC, 0xFEFC, 0xFEFC, 0xFEFC, 0xFEFC, 0xFEFC, 0xFEFC, 0xFEFC,
    0xFEFC, 0xFEFC, 0xFEFC, 0xFEFC, 0xFEFC, 0xFEFC, 0xFEFC, 0xFEFC, 0xFEFC, 0xFEFC, 0xFEFC, 0xFEFC, 0xFEFC, 0xFEFC, 0xFEFC, 0xFEFC,
    0xFEFC, 0xFEFC, 0xFEFC, 0xFEFC, 0xFEFC, 0xFEFC, 0xFEFC, 0xFEFC, 0xFEFC, 0xFEFC, 0xFF1D, 0xAC72, 0xE598, 0xFE1A, 0xF5FA, 0xF5FA,
    0xF5FA, 0xF5FA, 0xF5FA, 0xF5FA, 0xF5FA, 0xF5FA, 0xF5FA, 0xF5FA, 0xF5FA, 0xFDFA, 0xF5FA, 0xF5F9, 0xF5FA, 0xF5FA, 0xF5F9, 0xFE1B,
    0xD4F5, 0xC474, 0xFE3B, 0xF5F9, 0xF5FA, 0xF5FA, 0xFDFA, 0xFDFA, 0xFDFA, 0xFDFA, 0xFDFA, 0xFDFA, 0xFDFA, 0xFDFA, 0xFDFA, 0xFDF9,
    0xF5FA, 0xF5FA, 0xF5F9, 0xFDFA, 0xFDFA, 0xF5FA, 0xFDFA, 0xFDFA, 0xF5F9, 0xFDFA, 0xF5FA, 0xF5DA, 0xFDFA, 0xED99, 0xD494, 0xFDFA,
    0xFDDA, 0xF5DA, 0xF5FA, 0xF5FA, 0xF5FA, 0xF5FA, 0xF5F9, 0xF5FA, 0xF5FA, 0xF5DA, 0xF5DA, 0xFDFA, 0xBC12, 0xED99, 0xFDFA, 0xFDFA,
    0xFDFA, 0xFDFA, 0xFDFA, 0xFDFA, 0xFDFA, 0xF5FA, 0xF5FA, 0xF5FA, 0xFDFA, 0xFDFA, 0xFDFA, 0xF5FA, 0xFDFA, 0xF5FA, 0xF5FA, 0xFDFA,
    0xF5FA, 0xF5FA, 0xFDFA, 0xFDFA, 0xF5FA, 0xF5FA, 0xF5FA, 0xFDFA, 0xFDFA, 0xFDDA, 0xFDDA, 0xFDDA, 0xFDF9, 0xFDFA, 0xF5FA, 0xF5FA,
    0xF5FA, 0xF5FA, 0xF5FA, 0xFDFA, 0xFDF9, 0xF5D9, 0xF5D9, 0xFE1B, 0xABF1, 0xDD36, 0xFE1B, 0xF5DA, 0xFDFA, 0xFDFA, 0xFDFA, 0xFDFA,
    0xF5D9, 0xF5DA, 0xFDFA, 0xF5F9, 0xF5FA, 0xF5FA, 0xF5DA, 0xF5FA, 0xF5FA, 0xF5D9, 0xFE1B, 0xC494, 0xD597, 0xFF3D, 0xFEDC, 0xFEFC,
    0xFEFC, 0xFEFC, 0xFEFC, 0xFEFC, 0xFEFC, 0xFEFC, 0xFEFC, 0xFEFC, 0xFEFC, 0xFEFC, 0xFEFC, 0xFEFC, 0xFEFC, 0xFEFC, 0xFEFC, 0xFEFC,
    0xFEFC, 0xFEFC, 0xFEFC, 0xFEFC, 0xFEFC, 0xFEFC, 0xFEFC, 0xFEFC, 0xFEFC, 0xFEFC, 0xFEFC, 0xFEFC, 0xFEFC, 0xFEFC, 0xFEFC, 0xFEFC,
    0xFEFC, 0xFEFC, 0xFEFC, 0xFEFC, 0xFEFC, 0xFEFC, 0xFEFC, 0xFEFC, 0xFEFC, 0xFEFC, 0xFEFC, 0xFEFC, 0xFEFC, 0xFEFC, 0xFEDC, 0xFEDB,
    0xFEBB, 0xFEBB, 0xFEBB, 0xFEBB, 0xFEBC, 0xFEDB, 0xFEDB, 0xFEDC, 0xFEDC, 0xFEDC, 0xFEFC, 0xFEFC, 0xFEFC, 0xFEFC, 0xFEFC, 0xFEFC,
    0xFEFC, 0xFEFC, 0xFEFC, 0xFEFC, 0xFEFC, 0xFEFC, 0xFEFC, 0xFEFC, 0xFEFC, 0xFEFC, 0xFEFC, 0xFEFC, 0xFEFC, 0xFEFC, 0xFEFC, 0xFEFC,
    0xFEFC, 0xFEFC, 0xFEFC, 0xFEFC, 0xFEFC, 0xFEFC, 0xFEFC, 0xFEFC, 0xFEFC, 0xFEFC, 0xFEFC, 0xFEFC, 0xFEFC, 0xFF1C, 0xFEFC, 0xFEFC,
    0xFEFC, 0xFEFC, 0xFEFC, 0xFEFC, 0xFEFC, 0xFEFC, 0xFEFC, 0xFEFC, 0xFEFC, 0xFF1C, 0xEE7A, 0xAC31, 0xFE1A, 0xF5DA, 0xF5FA, 0xF5FA,
    0xF5FA, 0xF5FA, 0xF5FA, 0xF5FA, 0xF5FA, 0xF5FA, 0xF5F9, 0xF5FA, 0xF5FA, 0xF5FA, 0xF5FA, 0xF5FA, 0xF5FA, 0xFDFA, 0xF5FA, 0xFE1A,
    0xDD36, 0xBC33, 0xFE3B, 0xF5DA, 0xF5FA, 0xF5F9, 0xF5FA, 0xF5FA, 0xFDFA, 0xF5FA, 0xFDFA, 0xFDFA, 0xFDFA, 0xFDFA, 0xFDFA, 0xFDFA,
    0xF5FA, 0xF5FA, 0xF5FA, 0xFDFA, 0xFDFA, 0xFDFA, 0xFDFA, 0xF5FA, 0xFDFA, 0xFDFA, 0xFDF9, 0xF5FA, 0xF5F9, 0xFE1A, 0xDD36, 0xDCF5,
    0xFE1A, 0xF5DA, 0xFDDA, 0xF5FA, 0xF5FA, 0xF5FA, 0xF5FA, 0xF5FA, 0xF5FA, 0xFDFA, 0xF5DA, 0xFE1B, 0xBC33, 0xE557, 0xFE1A, 0xF5FA,
    0xFDFA, 0xFDFA, 0xFDFA, 0xFDFA, 0xF5FA, 0xF5FA, 0xF5FA, 0xF5FA, 0xF5FA, 0xFDFA, 0xFDFA, 0xFDFA, 0xF5F9, 0xF5FA, 0xF5FA, 0xF5FA,
    0xF5FA, 0xF5FA, 0xFDFA, 0xFDDA, 0xFDFA, 0xFDFA, 0xF5FA, 0xF5F9, 0xF5FA, 0xF5DA, 0xFDDA, 0xFDFA, 0xF5F9, 0xF5FA, 0xFDFA, 0xFDFA,
    0xFDFA, 0xFDFA, 0xFDFA, 0xFDFA, 0xF5DA, 0xF5DA, 0xFDFA, 0xED77, 0xA3B0, 0xFE1A, 0xF5DA, 0xF5D9, 0xFDFA, 0xFDFA, 0xFDFA, 0xFDFA,
    0xF5FA, 0xFDFA, 0xFDFA, 0xF5FA, 0xFDFA, 0xF5F9, 0xF5FA, 0xF5FA, 0xF5FA, 0xF5DA, 0xFE1A, 0xB432, 0xDE19, 0xFF1D, 0xFEFC, 0xFEFB,
    0xFEFC, 0xFEFC, 0xFEFC, 0xFEFC, 0xFEFC, 0xFEFC, 0xFEFC, 0xFEFC, 0xFEFC, 0xFEFC, 0xFEFC, 0xFEFC, 0xFEFC, 0xFEFC, 0xFEFC, 0xFEFC,
    0xFEFC, 0xFEFC, 0xFEFC, 0xFEFC, 0xFEFC, 0xFEFC, 0xFEFC, 0xFEFC, 0xFEFC, 0xFEFC, 0xFEFC, 0xFEFC, 0xFEFC, 0xFEFC, 0xFEFC, 0xFEFC,
    0xFEFC, 0xFEFC, 0xFEFC, 0xFF1C, 0xFF1C, 0xFF1C, 0xFF1C, 0xFF1C, 0xFF1C, 0xFEFC, 0xFEFC, 0xFEFC, 0xFEFC, 0xFEFC, 0xFEFC, 0xFEFC,
    0xFEFC, 0xFEFC, 0xFEFC, 0xFEFC, 0xFEFC, 0xFEFC, 0xFEFC, 0xFF1C, 0xFF1C, 0xFF1C, 0xFF1C, 0xFEFC, 0xFF1C, 0xFF1C, 0xFEFC, 0xFEFC,
    0xFEFC, 0xFEFC, 0xFEFC, 0xFEFC, 0xFEFC, 0xFEFC, 0xFF1C, 0xFEFC, 0xFEFC, 0xFEFC, 0xFEFC, 0xFEFC, 0xFEFC, 0xFEFC, 0xFEFC, 0xFEFC,
    0xFEFC, 0xFEFC, 0xFEFC, 0xFEFC, 0xFEFC, 0xFEFC, 0xFEFC, 0xFEFC, 0xFEFC, 0xFEFC, 0xFEFC, 0xFEFC, 0xFEFC, 0xFEFC, 0xFF1C, 0xFF1C,
    0xFF1C, 0xFEFC, 0xFEFC, 0xFEFC, 0xFEFC, 0xFEFC, 0xFEFC, 0xFEFC, 0xFEFC, 0xFF3D, 0xCD76, 0xBCB4, 0xFE3B, 0xF5D9, 0xF5FA, 0xF5FA,
    0xF5FA, 0xFDFA, 0xF5FA, 0xF5FA, 0xF5FA, 0xF5FA, 0xF5FA, 0xF5FA, 0xF5FA, 0xF5FA, 0xF5FA, 0xF5FA, 0xF5FA, 0xF5FA, 0xF5FA, 0xFDFA,
    0xE578, 0xB411, 0xFE1A, 0xF5F9, 0xF5FA, 0xF5FA, 0xF5FA, 0xF5FA, 0xF5F9, 0xF5FA, 0xF5FA, 0xFDFA, 0xFDF9, 0xFDFA, 0xFDFA, 0xFDFA,
    0xF5FA, 0xF5FA, 0xF5FA, 0xFDFA, 0xF5FA, 0xFDFA, 0xFDFA, 0xFDFA, 0xFDFA, 0xF5FA, 0xF5FA, 0xF5FA, 0xFDFA, 0xF5FA, 0xFE1A, 0xD4D5,
    0xE537, 0xFDFA, 0xF5DA, 0xF5FA, 0xF5FA, 0xFDFA, 0xF5FA, 0xF5FA, 0xF5FA, 0xFDFA, 0xF5DA, 0xFE3B, 0xC474, 0xCCD5, 0xFE3B, 0xF5FA,
    0xFDFA, 0xFDFA, 0xFDDA, 0xFDFA, 0xF5FA, 0xF5F9, 0xF5FA, 0xFDFA, 0xF5FA, 0xFDFA, 0xFDFA, 0xF5FA, 0xF5FA, 0xFDFA, 0xFDDA, 0xFDFA,
    0xF5FA, 0xF5F9, 0xFDFA, 0xFDDA, 0xF5FA, 0xFDFA, 0xFDDA, 0xFDFA, 0xF5FA, 0xF5F9, 0xFDDA, 0xFDFA, 0xFDDA, 0xF5FA, 0xFDFA, 0xFDFA,
    0xF5FA, 0xFDFA, 0xFDFA, 0xFDFA, 0xF5FA, 0xF5D9, 0xFE3B, 0xBC32, 0xCCB4, 0xFE3B, 0xF5DA, 0xFDDA, 0xFDFA, 0xF5F9, 0xF5FA, 0xFDFA,
    0xF5FA, 0xF5FA, 0xFDFA, 0xF5FA, 0xFDDA, 0xFDFA, 0xF5FA, 0xFDDA, 0xF5FA, 0xF5DA, 0xFDFA, 0xAC12, 0xEE9A, 0xFF1C, 0xFEFC, 0xFEFC,
    0xFEFC, 0xFEFC, 0xFEFC, 0xFEFC, 0xFEFC, 0xFEFC, 0xFEFC, 0xFEFC, 0xFEFC, 0xFEFC, 0xFEFC, 0xFEFC, 0xFEFC, 0xFEFC, 0xFEFC, 0xFEFC,
    0xFEFC, 0xFEFC, 0xFEFC, 0xFEFC, 0xFEFC, 0xFEFC, 0xFEFC, 0xFEFC, 0xFEFC, 0xFEFC, 0xFEFC, 0xFF1C, 0xFF1C, 0xFEFC, 0xFEFC, 0xFF1C,
    0xFF1C, 0xFF1C, 0xFF1C, 0xFF1C, 0xFF1C, 0xFF1C, 0xFF1C, 0xFEFC, 0xFF1C, 0xFEFC, 0xFF1C, 0xFEFC, 0xFEFC, 0xFEFC, 0xFEFC, 0xFEFC,
    0xFEFC, 0xFF1C, 0xFEFC, 0xFEFC, 0xFF1C, 0xFF1C, 0xFF1C, 0xFF1C, 0xFF1C, 0xFF1C, 0xFF1C, 0xFF1C, 0xFF1C, 0xFF1C, 0xFF1C, 0xFF1C,
    0xFF1C, 0xFEFC, 0xFEFC, 0xFEFC, 0xFEFC, 0xFEFC, 0xFEFC, 0xFEFC, 0xFEFC, 0xFEFC, 0xFEFC, 0xFEFC, 0xFEFC, 0xFEFC, 0xFEFC, 0xFEFC,
    0xFEFC, 0xFF1C, 0xFEFC, 0xFEFC, 0xFEFC, 0xFEFC, 0xFEFC, 0xFEFC, 0xFEFC, 0xFEFC, 0xFEFC, 0xFEFC, 0xFEFC, 0xFEFC, 0xFEFC, 0xFEFC,
    0xFF1C, 0xFF1C, 0xFEFC, 0xFF1C, 0xFEFC, 0xFF1C, 0xFEFC, 0xFEFC, 0xFEFB, 0xFF3D, 0xAC92, 0xDD77, 0xFE1A, 0xF5FA, 0xF5FA, 0xF5FA,
    0xFDFA, 0xFDFA, 0xF5F9, 0xF5FA, 0xF5FA, 0xF5FA, 0xF5FA, 0xF5FA, 0xF5FA, 0xF5FA, 0xF5FA, 0xF5FA, 0xF5F9, 0xF5FA, 0xF5FA, 0xFDFA,
    0xF5DA, 0xABF1, 0xFDFA, 0xF5FA, 0xF5FA, 0xF5FA, 0xF5F9, 0xF5FA, 0xFDFA, 0xFDFA, 0xF5FA, 0xF5FA, 0xFDFA, 0xFDF9, 0xFDFA, 0xF5FA,
    0xF5FA, 0xFDFA, 0xF5FA, 0xF5FA, 0xF5FA, 0xFDFA, 0xF5FA, 0xFDFA, 0xF5FA, 0xF5FA, 0xFDFA, 0xF5F9, 0xF5FA, 0xFDFA, 0xFDFA, 0xFE1A,
    0xD4B5, 0xED78, 0xFDFA, 0xF5DA, 0xF5FA, 0xFDFA, 0xF5FA, 0xF5FA, 0xF5FA, 0xF5FA, 0xF5F9, 0xFE3B, 0xD4F5, 0xC474, 0xFE3B, 0xF5D9,
    0xFDFA, 0xFDFA, 0xFDDA, 0xFDFA, 0xFDFA, 0xFDFA, 0xFDFA, 0xFDFA, 0xF5FA, 0xFDFA, 0xF5FA, 0xF5FA, 0xFDFA, 0xFDFA, 0xFDFA, 0xFDFA,
    0xFDFA, 0xF5FA, 0xFDFA, 0xF5F9, 0xF5FA, 0xFDFA, 0xFDFA, 0xFDFA, 0xFDFA, 0xF5FA, 0xFDFA, 0xFDFA, 0xF5DA, 0xF5FA, 0xF5FA, 0xF5FA,
    0xFDFA, 0xFDFA, 0xF5FA, 0xF5FA, 0xFDFA, 0xFDFA, 0xF5B9, 0xA390, 0xF5D9, 0xFDFA, 0xF5FA, 0xF5FA, 0xF5FA, 0xF5FA, 0xF5F9, 0xFDFA,
    0xF5FA, 0xFDF9, 0xFDFA, 0xF5FA, 0xFDFA, 0xFDFA, 0xFDDA, 0xFDFA, 0xF5FA, 0xFDFA, 0xFDD9, 0xAC31, 0xF6DB, 0xFEFC, 0xFEFC, 0xFEFC,
    0xFEFC, 0xFEFC, 0xFEFC, 0xFEFC, 0xFEFC, 0xFEFC, 0xFEFC, 0xFEFC, 0xFEFC, 0xFEFC, 0xFEFC, 0xFEFC, 0xFEFC, 0xFEFC, 0xFEFC, 0xFF1C,
    0xFF1C, 0xFEFC, 0xFEFC, 0xFEFC, 0xFEFC, 0xFEFC, 0xFEFC, 0xFF1C, 0xFF1C, 0xFF1C, 0xFF1C, 0xFF1C, 0xFF1C, 0xFF1C, 0xFF1C, 0xFF1C,
    0xFF1C, 0xFF1C, 0xFF1C, 0xFF1C, 0xFF1C, 0xFEFC, 0xFF1C, 0xFF1C, 0xFF1C, 0xFF1C, 0xFF1C, 0xFF1C, 0xFF1C, 0xFF1C, 0xFF1C, 0xFF1C,
    0xFF1C, 0xFF1C, 0xFF1C, 0xFF1C, 0xFF1C, 0xFF1C, 0xFF1C, 0xFF1C, 0xFF1C, 0xFF1C, 0xFF1C, 0xFF1C, 0xFF1C, 0xFF1C, 0xFF1C, 0xFF1C,
    0xFF1C, 0xFEFC, 0xFEFC, 0xFF1C, 0xFEFC, 0xFEFC, 0xFF1C, 0xFEFC, 0xFEFC, 0xFEFC, 0xFEFC, 0xFEFC, 0xFEFC, 0xFEFC, 0xFF1C, 0xFEFC,
    0xFEFC, 0xFF1C, 0xFF1C, 0xFF1C, 0xFEFC, 0xFEFC, 0xFEFC, 0xFEFC, 0xFEFC, 0xFEFC, 0xFEFC, 0xFEFC, 0xFEFC, 0xFEFC, 0xFEFC, 0xFEFC,
    0xFF1C, 0xFF1C, 0xFF1C, 0xFF1C, 0xFF1C, 0xFF1C, 0xFF1C, 0xFEFC, 0xFF1C, 0xF6DB, 0xA411, 0xFDFA, 0xF5FA, 0xF5FA, 0xF5FA, 0xF5FA,
    0xFDFA, 0xFDFA, 0xF5FA, 0xF5FA, 0xF5FA, 0xF5FA, 0xF5F9, 0xF5FA, 0xF5FA, 0xF5FA, 0xF5F9, 0xF5FA, 0xF5FA, 0xF5FA, 0xFDDA, 0xFDFA,
    0xED78, 0xA3B0, 0xF5DA, 0xFDFA, 0xF5DA, 0xF5FA, 0xF5FA, 0xF5FA, 0xFDFA, 0xF5FA, 0xF5F9, 0xF5FA, 0xF5FA, 0xF5FA, 0xF5F9, 0xF5FA,
    0xF5FA, 0xFDFA, 0xFDFA, 0xF5FA, 0xF5FA, 0xF5FA, 0xF5FA, 0xFDFA, 0xFDFA, 0xF5FA, 0xFDFA, 0xF5FA, 0xF5FA, 0xFDFA, 0xFDFA, 0xFE1A,
    0xF5D9, 0xD495, 0xF5B9, 0xFDFA, 0xF5DA, 0xF5FA, 0xF5FA, 0xF5DA, 0xF5FA, 0xF5FA, 0xF5DA, 0xFE1A, 0xE557, 0xB413, 0xFE1B, 0xF5D9,
    0xF5FA, 0xFDDA, 0xFDDA, 0xFDF9, 0xFDFA, 0xFDFA, 0xFDFA, 0xF5FA, 0xF5FA, 0xFDFA, 0xFDFA, 0xFDFA, 0xFDFA, 0xFDFA, 0xFDFA, 0xFDFA,
    0xF5FA, 0xFDFA, 0xFDFA, 0xF5FA, 0xF5FA, 0xFDFA, 0xFDFA, 0xFDF9, 0xF5FA, 0xF5FA, 0xF5FA, 0xF5F9, 0xF5FA, 0xF5FA, 0xF5FA, 0xF5DA,
    0xF5FA, 0xF5FA, 0xF5FA, 0xF5FA, 0xF5DA, 0xFE3B, 0xCC94, 0xC473, 0xFE3B, 0xF5DA, 0xF5FA, 0xF5F9, 0xF5FA, 0xF5DA, 0xF5DA, 0xFDF9,
    0xF5FA, 0xF5FA, 0xFDFA, 0xF5DA, 0xF5DA, 0xFDFA, 0xF5FA, 0xF5DA, 0xF5FA, 0xFDFA, 0xED78, 0xAC52, 0xFF1C, 0xFEFC, 0xFEFC, 0xFEFC,
    0xFEFC, 0xFEFC, 0xFEFC, 0xFEFC, 0xFEFC, 0xFEFC, 0xFEFC, 0xFEFC, 0xFEFC, 0xFEFC, 0xFEFC, 0xFEFC, 0xFEFC, 0xFEFC, 0xFEFC, 0xFF1C,
    0xFF1C, 0xFEFC, 0xFEFC, 0xFEFC, 0xFF1C, 0xFEFC, 0xFEFC, 0xFF1C, 0xFF1C, 0xFF1C, 0xFF1C, 0xFF1C, 0xFF1C, 0xFF1C, 0xFEFC, 0xFEFC,
    0xFF1C, 0xFF1C, 0xFF1C, 0xFF1C, 0xFF1C, 0xFF1C, 0xFF1C, 0xFF1C, 0xFF1C, 0xFF1C, 0xFF1C, 0xFF1C, 0xFF1C, 0xFF1C, 0xFF1C, 0xFF1C,
    0xFF1C, 0xFF1C, 0xFF1C, 0xFF1C, 0xFF1C, 0xFF1C, 0xFF1C, 0xFF1C, 0xFF1C, 0xFF1C, 0xFF1C, 0xFF1C, 0xFF1C, 0xFF1C, 0xFF1C, 0xFF1C,
    0xFF1C, 0xFF1B, 0xFF1C, 0xFF1C, 0xFF1C, 0xFF1C, 0xFF1C, 0xFF1C, 0xFF1C, 0xFF1C, 0xFF1C, 0xFF1C, 0xFF1C, 0xFEFC, 0xFF1C, 0xFF1C,
    0xFF1C, 0xFF1C, 0xFF1C, 0xFF1C, 0xFF1C, 0xFF1B, 0xFF1C, 0xFF1C, 0xFF1C, 0xFEFC, 0xFF1C, 0xFF1C, 0xFEFC, 0xFEFC, 0xFEFC, 0xFEFC,
    0xFF1C, 0xFF1C, 0xFF1C, 0xFF1C, 0xFF1B, 0xFF1C, 0xFF1C, 0xFEFC, 0xFF5D, 0xD5D7, 0xB432, 0xFE3B, 0xF5F9, 0xF5FA, 0xF5FA, 0xFDFA,
    0xFDFA, 0xFDFA, 0xFDFA, 0xF5FA, 0xF5F9, 0xF5FA, 0xF5FA, 0xF5FA, 0xF5F9, 0xF5FA, 0xF5FA, 0xF5FA, 0xF5DA, 0xFDFA, 0xF5D9, 0xE537,
    0xF5D9, 0xABF1, 0xE598, 0xFE1A, 0xF5D9, 0xF5FA, 0xF5FA, 0xF5FA, 0xFDF9, 0xF5FA, 0xFDFA, 0xFDFA, 0xFDF9, 0xF5F9, 0xFDFA, 0xFDFA,
    0xFDFA, 0xFDFA, 0xFDF9, 0xFDFA, 0xFDFA, 0xF5F9, 0xF5FA, 0xFDFA, 0xFDF9, 0xF5FA, 0xFDFA, 0xF5FA, 0xF5FA, 0xF5FA, 0xF5FA, 0xF5FA,
    0xFE1A, 0xF5B9, 0xD4B5, 0xF5B9, 0xFDFA, 0xFDDA, 0xF5F9, 0xF5DA, 0xFDFA, 0xF5F9, 0xF5DA, 0xFDFA, 0xEDB8, 0xB3F1, 0xFDFA, 0xF5DA,
    0xF5F9, 0xFDFA, 0xF5DA, 0xFDFA, 0xFDFA, 0xFDF9, 0xF5FA, 0xFDFA, 0xF5FA, 0xF5FA, 0xF5F9, 0xF5FA, 0xFDFA, 0xFDF9, 0xF5FA, 0xFDFA,
    0xFDF9, 0xF5F9, 0xFDFA, 0xF5FA, 0xF5FA, 0xFDF9, 0xFDFA, 0xFDFA, 0xFDFA, 0xF5F9, 0xF5FA, 0xF5FA, 0xF5DA, 0xF5DA, 0xFDF9, 0xF5F9,
    0xF5FA, 0xFDFA, 0xF5FA, 0xF5DA, 0xFDFA, 0xF5D9, 0xABB0, 0xF5B9, 0xFDFA, 0xF5F9, 0xF5DA, 0xFDDA, 0xF5FA, 0xF5F9, 0xF5F9, 0xFDFA,
    0xF5FA, 0xF5FA, 0xFDFA, 0xFDF9, 0xF5DA, 0xFDFA, 0xF5F9, 0xF5FA, 0xF5DA, 0xFE1A, 0xDD16, 0xB4D3, 0xFF5D, 0xF6FB, 0xFEFC, 0xFEFC,
    0xFF1C, 0xFF1C, 0xFF1C, 0xFEFC, 0xFEFC, 0xFEFC, 0xFF1C, 0xFF1B, 0xFEFC, 0xFF1C, 0xFF1C, 0xFF1C, 0xFF1C, 0xFF1B, 0xFF1C, 0xFF1C,
    0xFF1C, 0xFF1C, 0xFF1C, 0xFF1C, 0xFF1C, 0xFF1C, 0xFF1C, 0xFF1C, 0xFF1C, 0xFF1C, 0xFF1C, 0xFF1C, 0xFF1C, 0xFF1C, 0xFEFC, 0xFF1C,
    0xFF1C, 0xFF1C, 0xFF1C, 0xFF1C, 0xFF1C, 0xFF1C, 0xFF1C, 0xFF1C, 0xFF1C, 0xFF1C, 0xFF1C, 0xFF1C, 0xFF1C, 0xFF1C, 0xFF1C, 0xFF1C,
    0xFF1C, 0xFF1C, 0xFF1C, 0xFF1C, 0xFF1C, 0xFF1C, 0xFF1C, 0xFF1C, 0xFF1C, 0xFF1C, 0xFF1C, 0xFF1C, 0xFF1C, 0xFF1C, 0xFF1C, 0xFF1C,
    0xFF1C, 0xFF1C, 0xFF1C, 0xFF1C, 0xFF1C, 0xFF1C, 0xFF1C, 0xFF1C, 0xFF1C, 0xFF1C, 0xFF1C, 0xFF1C, 0xFF1C, 0xFF1C, 0xFF1C, 0xFF1C,
    0xFF1C, 0xFF1C, 0xFF1C, 0xFF1C, 0xFF1C, 0xFF1C, 0xFF1C, 0xFF1C, 0xFF1C, 0xFF1C, 0xFF1C, 0xFF1C, 0xFF1C, 0xFF1C, 0xFF1C, 0xFF1C,
    0xFF1C, 0xFF1C, 0xFF1C, 0xFF1C, 0xFF1C, 0xFF1C, 0xFF1C, 0xFF1C, 0xFF3D, 0x836E, 0xD515, 0xFE3B, 0xF5FA, 0xF5FA, 0xFDFA, 0xF5FA,
    0xF5FA, 0xF5FA, 0xF5FA, 0xF5FA, 0xF5FA, 0xF5F9, 0xF5FA, 0xF5FA, 0xF5FA, 0xF5FA, 0xF5FA, 0xF5FA, 0xFDFA, 0xF5D9, 0xE537, 0xED98,
    0xFE5B, 0xB432, 0xDD36, 0xFE1A, 0xF5DA, 0xF5FA, 0xFDFA, 0xF5FA, 0xFDFA, 0xF5F9, 0xFDFA, 0xFDFA, 0xF5FA, 0xF5FA, 0xFDFA, 0xFDFA,
    0xFDFA, 0xF5FA, 0xF5F9, 0xF5FA, 0xFDFA, 0xFDFA, 0xF5FA, 0xFDFA, 0xFDF9, 0xFDFA, 0xF5FA, 0xF5FA, 0xF5FA, 0xF5FA, 0xF5FA, 0xF5FA,
    0xF5FA, 0xFE1A, 0xF5B9, 0xD4B5, 0xF5B9, 0xFDFA, 0xF5F9, 0xF5FA, 0xFDFA, 0xFDFA, 0xF5FA, 0xF5FA, 0xFDFA, 0xB412, 0xEDB8, 0xFDFA,
    0xF5DA, 0xF5FA, 0xF5FA, 0xFDFA, 0xFDFA, 0xF5FA, 0xF5FA, 0xF5FA, 0xF5FA, 0xF5FA, 0xF5D9, 0xF5DA, 0xFDFA, 0xFDFA, 0xFDFA, 0xFDFA,
    0xF5F9, 0xFDFA, 0xFDFA, 0xFDFA, 0xF5FA, 0xFDFA, 0xFDF9, 0xFDFA, 0xFDFA, 0xFDFA, 0xFDFA, 0xFDFA, 0xF5DA, 0xFDDA, 0xFDFA, 0xF5F9,
    0xFDFA, 0xFDFA, 0xF5DA, 0xF5D9, 0xFE3A, 0xCC94, 0xBC53, 0xFE3B, 0xF5DA, 0xFDDA, 0xF5D9, 0xF5FA, 0xFDFA, 0xFDFA, 0xFDFA, 0xFDFA,
    0xF5FA, 0xF5FA, 0xF5FA, 0xF5F9, 0xF5FA, 0xFDFA, 0xFDFA, 0xF5FA, 0xFDD9, 0xFE1A, 0xCCB5, 0xC535, 0xFF5D, 0xF6FC, 0xFEFC, 0xFEFC,
    0xFF1C, 0xFF1C, 0xFF1C, 0xFF1C, 0xFF1C, 0xFF1C, 0xFF1C, 0xFF1C, 0xFF1C, 0xFF1C, 0xFF1C, 0xFF1C, 0xFF1C, 0xFF1C, 0xFF1C, 0xFF1C,
    0xFF1C, 0xFF1C, 0xFF1C, 0xFF1C, 0xFF1C, 0xFF1C, 0xFF1C, 0xFF1C, 0xFF1C, 0xFEFC, 0xFEFC, 0xFEFB, 0xFEDB, 0xFEDC, 0xFEDC, 0xFEDB,
    0xFEDB, 0xFEDB, 0xFEDB, 0xFEDB, 0xFEDC, 0xFEDC, 0xFEDC, 0xFEDB, 0xFEDC, 0xFEDB, 0xFEDB, 0xFEDB, 0xFEDC, 0xFEDB, 0xFEFC, 0xFEFC,
    0xFF1C, 0xFF1C, 0xFF1C, 0xFF1C, 0xFF1C, 0xFF1C, 0xFF1C, 0xFF1C, 0xFF1C, 0xFF1C, 0xFF1C, 0xFF1C, 0xFF1C, 0xFF1C, 0xFF1C, 0xFF1C,
    0xFF1C, 0xFF1C, 0xFF1C, 0xFF1C, 0xFF1C, 0xFF1C, 0xFF1C, 0xFF1C, 0xFF1C, 0xFF1C, 0xFF1C, 0xFF1C, 0xFF1C, 0xFF1C, 0xFF1C, 0xFF1C,
    0xFF1C, 0xFF1C, 0xFF1C, 0xFF1C, 0xFF1C, 0xFF1C, 0xFF1C, 0xFF1C, 0xFF1C, 0xFF1C, 0xFF1C, 0xFF1C, 0xFF1C, 0xFF1C, 0xFF1C, 0xFF1C,
    0xFF1C, 0xFF1C, 0xFF1C, 0xFF1C, 0xFF1C, 0xFF1C, 0xF6FC, 0xFF5D, 0xBCD4, 0x7ACC, 0xF5F9, 0xFDFA, 0xF5FA, 0xF5FA, 0xF5FA, 0xF5FA,
    0xF5FA, 0xF5FA, 0xF5FA, 0xF5FA, 0xF5FA, 0xF5FA, 0xF5FA, 0xF5FA, 0xF5FA, 0xF5FA, 0xF5FA, 0xFDFA, 0xF5B8, 0xE537, 0xF5D9, 0xFDFA,
    0xFE3B, 0xC473, 0xCCD5, 0xFE1B, 0xF5DA, 0xF5FA, 0xF5FA, 0xF5FA, 0xFDFA, 0xFDFA, 0xFDFA, 0xFDFA, 0xFDFA, 0xF5FA, 0xFDFA, 0xFDFA,
    0xFDF9, 0xF5FA, 0xF5FA, 0xF5FA, 0xFDFA, 0xFDFA, 0xF5FA, 0xFDFA, 0xFDFA, 0xFDFA, 0xF5F9, 0xF5FA, 0xF5FA, 0xF5FA, 0xF5FA, 0xF5FA,
    0xFDFA, 0xF5DA, 0xFE1A, 0xF5B9, 0xD4D5, 0xF5B9, 0xFDFA, 0xF5DA, 0xFDFA, 0xF5FA, 0xF5FA, 0xF5DA, 0xFE1B, 0xBC33, 0xE537, 0xFE1A,
    0xF5DA, 0xF5DA, 0xF5FA, 0xFDFA, 0xFDFA, 0xFDDA, 0xFDFA, 0xFDFA, 0xF5F9, 0xF5FA, 0xF5DA, 0xF5DA, 0xF5F9, 0xF5F9, 0xF5FA, 0xFDFA,
    0xFDFA, 0xFDFA, 0xFDF9, 0xF5FA, 0xF5FA, 0xF5FA, 0xF5FA, 0xF5FA, 0xFDFA, 0xFDFA, 0xFDFA, 0xFDFA, 0xF5FA, 0xF5FA, 0xF5FA, 0xF5FA,
    0xFDFA, 0xF5F9, 0xF5DA, 0xF5FA, 0xF5DA, 0xABB0, 0xEDD9, 0xFDFA, 0xF5DA, 0xF5DA, 0xF5DA, 0xF5FA, 0xFDFA, 0xFDFA, 0xFDFA, 0xFDFA,
    0xFDFA, 0xF5FA, 0xF5DA, 0xF5FA, 0xF5FA, 0xFDFA, 0xF5FA, 0xF5FA, 0xF5DA, 0xFE1B, 0xC473, 0xD5B6, 0xFF3D, 0xFEFC, 0xFF1C, 0xFF1C,
    0xFF1C, 0xFF1C, 0xFF1C, 0xFF1C, 0xFF1C, 0xFF1C, 0xFF1C, 0xFF1C, 0xFF1C, 0xFF1C, 0xFF1C, 0xFF1C, 0xFF1C, 0xFF1C, 0xFF1C, 0xFF1C,
    0xFF1C, 0xFF1C, 0xFF1C, 0xFEFC, 0xFEDC, 0xFEDB, 0xFEBB, 0xFE9B, 0xFE7A, 0xFE5A, 0xF65A, 0xF63A, 0xF63A, 0xF63A, 0xF63A, 0xF63A,
    0xF65A, 0xF65A, 0xF65A, 0xF65A, 0xF65A, 0xF65A, 0xFE7B, 0xF67A, 0xFE7A, 0xF67B, 0xF69B, 0xFE9B, 0xFE9B, 0xFEBB, 0xFEDB, 0xFEFC,
    0xFF1C, 0xFF1C, 0xFF1C, 0xFF1C, 0xFF1C, 0xFF1C, 0xFF1C, 0xFF1C, 0xFF1C, 0xFF1C, 0xFF1C, 0xFF1C, 0xFF1C, 0xFF1C, 0xFF1C, 0xFF1C,
    0xFF1C, 0xFF1C, 0xFF1C, 0xFF1C, 0xFF1C, 0xFF1C, 0xFF1C, 0xFF1C, 0xFF1C, 0xFF1C, 0xFF1C, 0xFF1C, 0xFF1C, 0xFF1C, 0xFF1C, 0xFF1C,
    0xFF1C, 0xFF1C, 0xFF1C, 0xFF1C, 0xFF1C, 0xFF1C, 0xFF1C, 0xFF1C, 0xFF1C, 0xFF1C, 0xFF1C, 0xFF1C, 0xFF1C, 0xFF1C, 0xFF1C, 0xFF1C,
    0xFF1C, 0xFF1C, 0xFF1C, 0xFF1C, 0xFF1C, 0xF6FC, 0xFF5D, 0xDDF9, 0x9BAF, 0xBC52, 0xFE1A, 0xF5DA, 0xF5FA, 0xF5FA, 0xF5FA, 0xF5FA,
    0xF5FA, 0xF5FA, 0xF5FA, 0xF5FA, 0xF5FA, 0xF5FA, 0xF5FA, 0xFDFA, 0xF5F9, 0xF5FA, 0xFDFA, 0xED79, 0xED37, 0xFDFA, 0xFDFA, 0xF5FA,
    0xFE3B, 0xD4D5, 0xBC73, 0xFE3A, 0xF5D9, 0xF5FA, 0xF5DA, 0xF5DA, 0xFDFA, 0xFDFA, 0xFDFA, 0xFDFA, 0xFDF9, 0xF5FA, 0xFDFA, 0xFDFA,
    0xFDFA, 0xFDFA, 0xFDFA, 0xFDFA, 0xFDFA, 0xFDFA, 0xF5FA, 0xFDF9, 0xFDFA, 0xF5FA, 0xF5FA, 0xF5FA, 0xF5FA, 0xF5FA, 0xF5FA, 0xFDFA,
    0xFDFA, 0xFDFA, 0xF5FA, 0xFDFB, 0xF5B9, 0xD4F5, 0xF598, 0xFDFA, 0xF5FA, 0xF5FA, 0xF5DA, 0xF5D9, 0xFE3A, 0xC494, 0xD4D6, 0xFE1B,
    0xF5D9, 0xF5FA, 0xF5FA, 0xFDFA, 0xFDFA, 0xFDD9, 0xFDFA, 0xFDFA, 0xF5DA, 0xF5F9, 0xFDFA, 0xFDDA, 0xFDFA, 0xFDFA, 0xF5FA, 0xFDFA,
    0xF5F9, 0xFDFA, 0xFDFA, 0xF5FA, 0xF5FA, 0xFDFA, 0xFDFA, 0xFDFA, 0xFDFA, 0xF5FA, 0xF5FA, 0xFDFA, 0xF5DA, 0xF5FA, 0xFDF9, 0xFDDA,
    0xFDFA, 0xFDFA, 0xF5D9, 0xFE3B, 0xCC94, 0xC473, 0xFE3B, 0xF5D9, 0xF5FA, 0xFDFA, 0xFDDA, 0xF5DA, 0xFDFA, 0xFDFA, 0xF5FA, 0xF5FA,
    0xF5DA, 0xF5FA, 0xFDFA, 0xF5DA, 0xF5FA, 0xFDFA, 0xF5FA, 0xFDFA, 0xF5D9, 0xFE1B, 0xB452, 0xE659, 0xFF3C, 0xFF1C, 0xFF1C, 0xFF1C,
    0xFF1C, 0xFF1C, 0xFF1C, 0xFF1C, 0xFF1C, 0xFF1C, 0xFF1C, 0xFF1C, 0xFF1C, 0xFF1C, 0xFF1C, 0xFF1C, 0xFF1C, 0xFF1C, 0xFF1C, 0xFF1C,
    0xFEFC, 0xFEFB, 0xFEDB, 0xFEBB, 0xF67B, 0xF67A, 0xF67A, 0xF67A, 0xF67B, 0xF67B, 0xF67A, 0xF69A, 0xFE9B, 0xFE9B, 0xFE9B, 0xFEBB,
    0xFEBB, 0xFEBB, 0xFEBB, 0xFEDC, 0xFEDC, 0xFEDB, 0xFEDC, 0xFEFC, 0xFEFC, 0xFEFC, 0xFEFC, 0xFF1C, 0xFF1C, 0xFEFD, 0xFF1C, 0xFF1C,
    0xFF1C, 0xFF1C, 0xFF1C, 0xFF1C, 0xFF1C, 0xFF1C, 0xFF1C, 0xFF1C, 0xFF1C, 0xFF1C, 0xFF1C, 0xFF1C, 0xFF1C, 0xFF1C, 0xFF1C, 0xFF1C,
    0xFF1C, 0xFF1C, 0xFF1C, 0xFF1C, 0xFF1C, 0xFF1C, 0xFF1C, 0xFF1C, 0xFF1C, 0xFF1C, 0xFF1C, 0xFF1C, 0xFF1C, 0xFF1C, 0xFF1C, 0xFF1C,
    0xFF1C, 0xFF1C, 0xFF1C, 0xFF1C, 0xFF1C, 0xFF1C, 0xFF1C, 0xFF1C, 0xFF1C, 0xFF1C, 0xFF1C, 0xFF1C, 0xFF1C, 0xFF1C, 0xFF1C, 0xFF1C,
    0xFF1C, 0xFF1C, 0xFF1C, 0xFF1C, 0xFF1C, 0xFF3C, 0xF6BB, 0xB452, 0xC4B4, 0xCCD5, 0xFE1B, 0xF5DA, 0xF5FA, 0xF5FA, 0xF5FA, 0xF5FA,
    0xF5FA, 0xF5FA, 0xF5FA, 0xF5FA, 0xF5FA, 0xF5FA, 0xF5FA, 0xF5FA, 0xF5FA, 0xFDDA, 0xED57, 0xED78, 0xFE1A, 0xFDFA, 0xF5FA, 0xF5FA,
    0xFE1A, 0xE557, 0xB412, 0xFE1A, 0xF5DA, 0xF5FA, 0xF5DA, 0xF5DA, 0xFDFA, 0xFDFA, 0xFDFA, 0xFDFA, 0xFDFA, 0xF5FA, 0xFDFA, 0xFDFA,
    0xFDFA, 0xFDFA, 0xFDFA, 0xFDFA, 0xFDFA, 0xFDF9, 0xF5FA, 0xFDFA, 0xFDFA, 0xF5FA, 0xF5FA, 0xF5FA, 0xF5FA, 0xF5FA, 0xF5FA, 0xFDFA,
    0xFDFA, 0xFDFA, 0xFDFA, 0xF5FA, 0xFE1A, 0xF5F9, 0xDCF6, 0xED57, 0xFE1A, 0xFDD9, 0xF5DA, 0xF5DA, 0xFE1A, 0xD4F6, 0xC474, 0xFE1B,
    0xF5D9, 0xF5FA, 0xF5FA, 0xFDFA, 0xFDDA, 0xFDDA, 0xF5F9, 0xF5DA, 0xF5DA, 0xFDF9, 0xF5FA, 0xFDFA, 0xFDDA, 0xFDFA, 0xFDFA, 0xFDFA,
    0xF5FA, 0xFDFA, 0xFDFA, 0xFDDA, 0xF5FA, 0xFDFA, 0xF5FA, 0xF5FA, 0xFDFA, 0xF5FA, 0xF5FA, 0xF5FA, 0xF5DA, 0xF5FA, 0xFDDA, 0xFDDA,
    0xF5FA, 0xF5F9, 0xFDDA, 0xF5BA, 0xABB0, 0xF5D9, 0xFDFA, 0xF5DA, 0xF5FA, 0xF5FA, 0xF5DA, 0xF5DA, 0xFDFA, 0xF5FA, 0xF5FA, 0xF5FA,
    0xF5DA, 0xF5FA, 0xFDFA, 0xFDDA, 0xF5DA, 0xFDFA, 0xF5F9, 0xFDFA, 0xF5D9, 0xFE1B, 0x9B90, 0xBCF4, 0xFF7D, 0xFEFC, 0xFF1C, 0xFF1C,
    0xFF1C, 0xFF1C, 0xFF1C, 0xFF1C, 0xFF1C, 0xFF1C, 0xFF1C, 0xFF1C, 0xFF1C, 0xFF1C, 0xFF1C, 0xFF1C, 0xFF1C, 0xFF1C, 0xFF1C, 0xFF1C,
    0xFEFC, 0xFEFC, 0xFEFC, 0xFEDC, 0xFEDC, 0xFEFC, 0xFEFC, 0xFEFC, 0xFEFC, 0xFEFC, 0xFF1C, 0xFF1C, 0xFF1C, 0xFF1C, 0xFF1C, 0xFF1C,
    0xFF1D, 0xFF1C, 0xFF1C, 0xFF1C, 0xFF1C, 0xFF1C, 0xFF1C, 0xFF1C, 0xFF1C, 0xFF1C, 0xFF1C, 0xFF1C, 0xFF1C, 0xFF1C, 0xFF1C, 0xFF1C,
    0xFF1C, 0xFF1C, 0xFF1C, 0xFF1C, 0xFF1C, 0xFF1C, 0xFF1C, 0xFF1C, 0xFF1C, 0xFF1C, 0xFF1C, 0xFF1C, 0xFF1C, 0xFF1C, 0xFF1C, 0xFF1C,
    0xFF1C, 0xFF1C, 0xFF1C, 0xFF1C, 0xFF1C, 0xFF1C, 0xFF1C, 0xFF1C, 0xFF1C, 0xFF1C, 0xFF1C, 0xFF1C, 0xFF1C, 0xFF1C, 0xFF1C, 0xFF1C,
    0xFF1C, 0xFF1C, 0xFF1C, 0xFF1C, 0xFF1C, 0xFF1C, 0xFF1C, 0xFF1C, 0xFF1C, 0xFF1C, 0xFF1C, 0xFF1C, 0xFF1C, 0xFF1C, 0xFF1C, 0xFF1C,
    0xFF1C, 0xFF1C, 0xFF1C, 0xFF1C, 0xFF1C, 0xFF5C, 0xB472, 0xE577, 0xC474, 0xE577, 0xFDFA, 0xF5FA, 0xF5FA, 0xF5FA, 0xFDFA, 0xF5FA,
    0xF5FA, 0xF5FA, 0xF5FA, 0xF5FA, 0xF5FA, 0xF5FA, 0xF5FA, 0xFE1A, 0xF5B9, 0xED17, 0xF5B8, 0xFE1A, 0xF5FA, 0xF5FA, 0xF5FA, 0xF5FA,
    0xFDFA, 0xF5B9, 0xABD1, 0xFDFA, 0xF5FA, 0xF5FA, 0xF5DA, 0xF5DA, 0xFDFA, 0xFDFA, 0xFDFA, 0xFDFA, 0xFDFA, 0xF5F9, 0xFDF9, 0xF5FA,
    0xF5FA, 0xF5FA, 0xFDFA, 0xFDFA, 0xFDFA, 0xF5FA, 0xF5FA, 0xF5FA, 0xF5FA, 0xF5FA, 0xF5FA, 0xF5FA, 0xF5FA, 0xF5FA, 0xF5FA, 0xF5FA,
    0xF5FA, 0xF5F9, 0xFDF9, 0xF5FA, 0xF5FA, 0xFDFA, 0xFDFA, 0xE517, 0xE537, 0xFDFA, 0xFDFA, 0xF5DA, 0xFDFA, 0xE578, 0xBC32, 0xFE1A,
    0xF5DA, 0xF5F9, 0xFDFA, 0xFDDA, 0xFDDA, 0xFDFA, 0xF5F9, 0xFDDA, 0xFDDA, 0xF5FA, 0xFDFA, 0xFDFA, 0xFDDA, 0xF5FA, 0xF5FA, 0xF5FA,
    0xFDFA, 0xF5FA, 0xFDDA, 0xFDDA, 0xF5DA, 0xF5F9, 0xFDFA, 0xF5FA, 0xFDFA, 0xFDFA, 0xFDF9, 0xF5FA, 0xF5DA, 0xFDFA, 0xFDFA, 0xF5DA,
    0xF5DA, 0xF5DA, 0xFE1B, 0xC474, 0xC494, 0xFE3B, 0xF5DA, 0xF5FA, 0xF5DA, 0xF5FA, 0xF5DA, 0xF5FA, 0xF5FA, 0xF5FA, 0xF5F9, 0xF5F9,
    0xF5DA, 0xF5DA, 0xF5FA, 0xF5DA, 0xF5DA, 0xF5DA, 0xF5FA, 0xF5FA, 0xFDFA, 0xF5DA, 0xB3F2, 0xB412, 0xC535, 0xFF5D, 0xFEFC, 0xFF1C,
    0xFF1C, 0xFF1C, 0xFF1C, 0xFF1B, 0xFF1C, 0xFF1C, 0xFF1C, 0xFF1C, 0xFF1C, 0xFF1C, 0xFF1C, 0xFF1C, 0xFF1C, 0xFF1C, 0xFF1C, 0xFF1C,
    0xFF1C, 0xFF1C, 0xFF1C, 0xFF1C, 0xFF1C, 0xFF1C, 0xFF1C, 0xFF1C, 0xFF1C, 0xFF1C, 0xFF1C, 0xFF1C, 0xFF1C, 0xFF1D, 0xFF1C, 0xFF1C,
    0xFF1C, 0xFF1C, 0xFF1C, 0xFF1C, 0xFF1C, 0xFF1D, 0xFF1C, 0xFF1C, 0xFF1C, 0xFF1C, 0xFF1C, 0xFF1C, 0xFF3C, 0xFF1C, 0xFF1C, 0xFF1C,
    0xFF1C, 0xFF1C, 0xFF1C, 0xFF1C, 0xFF1C, 0xFF1C, 0xFF1C, 0xFF1C, 0xFF1C, 0xFF1C, 0xFF1C, 0xFF1C, 0xFF1C, 0xFF1C, 0xFF1C, 0xFF1C,
    0xFF1C, 0xFF1C, 0xFF1C, 0xFF1C, 0xFF1C, 0xFF1C, 0xFF1C, 0xFF1C, 0xFF1C, 0xFF1C, 0xFF1C, 0xFF1C, 0xFF1C, 0xFF1C, 0xFF1C, 0xFF1C,
    0xFF1C, 0xFF1C, 0xFF1C, 0xFF1C, 0xFF1C, 0xFF1C, 0xFF1C, 0xFF3C, 0xFF1C, 0xFF1C, 0xFF1C, 0xFF1C, 0xFF1C, 0xFF1C, 0xFF1C, 0xFF1C,
    0xFF1C, 0xFF1C, 0xFF1C, 0xFEFC, 0xFF5E, 0xCD76, 0xC494, 0xFE1A, 0xC453, 0xFDFA, 0xF5F9, 0xF5FA, 0xF5FA, 0xF5FA, 0xF5FA, 0xF5FA,
    0xF5FA, 0xF5FA, 0xF5F9, 0xF5FA, 0xF5FA, 0xF5FA, 0xFDFA, 0xF598, 0xED38, 0xF5B9, 0xFE1A, 0xF5FA, 0xF5FA, 0xF5FA, 0xF5F9, 0xF5F9,
    0xF5F9, 0xFDFA, 0xABD1, 0xED98, 0xFDFA, 0xF5DA, 0xF5FA, 0xF5F9, 0xFDFA, 0xF5FA, 0xFDF9, 0xFDFA, 0xFDDA, 0xFDDA, 0xFDFA, 0xF5FA,
    0xF5FA, 0xF5FA, 0xFDF9, 0xF5F9, 0xFDF9, 0xF5F9, 0xFDFA, 0xFDFA, 0xF5FA, 0xF5FA, 0xFDFA, 0xF5F9, 0xFDFA, 0xF5FA, 0xF5FA, 0xF5FA,
    0xF5FA, 0xF5FA, 0xF5FA, 0xF5FA, 0xF5FA, 0xF5FA, 0xFDF9, 0xFDFA, 0xE557, 0xDD16, 0xF5B9, 0xFDFA, 0xF5FA, 0xF5B9, 0xB412, 0xFDD9,
    0xFDDA, 0xFDFA, 0xFDFA, 0xFDD9, 0xFDDA, 0xFDDA, 0xF5FA, 0xFDFA, 0xFDDA, 0xF5FA, 0xFDF9, 0xFDF9, 0xFDFA, 0xF5F9, 0xF5DA, 0xFDFA,
    0xFDFA, 0xF5DA, 0xFDDA, 0xFDF9, 0xF5F9, 0xFDFA, 0xFDDA, 0xF5FA, 0xFDFA, 0xF5DA, 0xF5FA, 0xFDFA, 0xF5FA, 0xFDDA, 0xF5F9, 0xF5D9,
    0xF5D9, 0xFDFA, 0xED98, 0xABD1, 0xF5FA, 0xF5DA, 0xF5FA, 0xF5FA, 0xF5F9, 0xF5FA, 0xF5FA, 0xF5F9, 0xF5FA, 0xF5DA, 0xFDDA, 0xF5DA,
    0xF5D9, 0xF5DA, 0xF5DA, 0xF5D9, 0xF5D9, 0xF5D9, 0xF5DA, 0xF5FA, 0xFDFA, 0xF5D9, 0xB3F2, 0xFE3B, 0xB411, 0xCD76, 0xFF5D, 0xF6FC,
    0xFF1C, 0xFF1C, 0xFF1C, 0xFF1C, 0xFF1C, 0xFF1C, 0xFF1C, 0xFF1C, 0xFF1C, 0xFF1C, 0xFF1C, 0xFF1C, 0xFF1C, 0xFF1C, 0xFF1C, 0xFF1C,
    0xFF1C, 0xFF1C, 0xFF1C, 0xFF1C, 0xFF3C, 0xFF1C, 0xFF1C, 0xFF1C, 0xFF1C, 0xFF1C, 0xFF1C, 0xFF1C, 0xFF1C, 0xFF1C, 0xFF1C, 0xFF1C,
    0xFF1C, 0xFF1C, 0xFF1C, 0xFF1C, 0xFF1C, 0xFF1C, 0xFF1C, 0xFF1C, 0xFF1C, 0xFF1C, 0xFF1D, 0xFF1C, 0xFF1C, 0xFF1C, 0xFF1C, 0xFF1C,
    0xFF1C, 0xFF1C, 0xFF1C, 0xFF1C, 0xFF1C, 0xFF1C, 0xFF1C, 0xFF1C, 0xFF1C, 0xFF1C, 0xFF1C, 0xFF1C, 0xFF1C, 0xFF1C, 0xFF1C, 0xFF1C,
    0xFF1C, 0xFF1C, 0xFF1C, 0xFF1C, 0xFF1C, 0xFF1C, 0xFF1C, 0xFF1C, 0xFF1C, 0xFF1C, 0xFF1C, 0xFF1C, 0xFF1C, 0xFF1C, 0xFF1C, 0xFF1C,
    0xFF1C, 0xFF1C, 0xFF1C, 0xFF1C, 0xFF1C, 0xFF1C, 0xFF1C, 0xFF1C, 0xFF1C, 0xFF1C, 0xFF1C, 0xFF1C, 0xFF1C, 0xFF1C, 0xFF1C, 0xFF1C,
    0xFF1C, 0xFF1C, 0xFF1C, 0xFF5D, 0xEE9A, 0xAC11, 0xFDFA, 0xF5D9, 0xED99, 0xFDFA, 0xF5FA, 0xF5FA, 0xF5FA, 0xF5FA, 0xF5FA, 0xF5FA,
    0xF5FA, 0xF5FA, 0xF5FA, 0xF5FA, 0xFDFA, 0xFDFA, 0xED58, 0xED78, 0xFDFA, 0xF5FA, 0xF5FA, 0xF5FA, 0xF5FA, 0xF5FA, 0xF5FA, 0xF5FA,
    0xF5F9, 0xFE3B, 0xB432, 0xDD36, 0xFE1A, 0xF5FA, 0xFDFA, 0xFDFA, 0xFDFA, 0xFDFA, 0xFDFA, 0xFDFA, 0xFDFA, 0xF5FA, 0xFDFA, 0xF5FA,
    0xF5FA, 0xF5FA, 0xF5FA, 0xF5FA, 0xF5FA, 0xF5F9, 0xFDFA, 0xFDFA, 0xF5FA, 0xF5FA, 0xFDFA, 0xF5FA, 0xF5FA, 0xF5FA, 0xF5FA, 0xF5FA,
    0xF5FA, 0xF5FA, 0xF5FA, 0xF5FA, 0xF5FA, 0xF5FA, 0xF5DA, 0xF5DA, 0xFDFA, 0xED98, 0xDCD6, 0xED99, 0xFDFA, 0xFDFA, 0xBC32, 0xED98,
    0xFDFA, 0xFDFA, 0xF5FA, 0xF5FA, 0xFDDA, 0xF5DA, 0xF5DA, 0xF5FA, 0xF5FA, 0xF5FA, 0xFDFA, 0xFDFA, 0xFDFA, 0xFDF9, 0xFDFA, 0xFDFA,
    0xFDFA, 0xFDFA, 0xFDFA, 0xFDFA, 0xF5FA, 0xF5FA, 0xFDDA, 0xFDFA, 0xFDFA, 0xF5FA, 0xF5FA, 0xFDFA, 0xFDD9, 0xF5B9, 0xF5FA, 0xFDDA,
    0xF5DA, 0xFE1B, 0xBC32, 0xD4F6, 0xFE1B, 0xF5D9, 0xF5FA, 0xF5FA, 0xF5FA, 0xF5FA, 0xF5FA, 0xF5FA, 0xF5F9, 0xF5FA, 0xF5FA, 0xF5DA,
    0xF5D9, 0xF5DA, 0xF5FA, 0xF5FA, 0xF5FA, 0xFDFA, 0xFDFA, 0xFDFA, 0xFDFA, 0xF5D9, 0xBC53, 0xF5F9, 0xFE1A, 0xA3D0, 0xE659, 0xFF3D,
    0xFF1C, 0xFF1C, 0xFF1C, 0xFF1C, 0xFF1C, 0xFF1C, 0xFF1C, 0xFF1C, 0xFF1C, 0xFF1C, 0xFF3C, 0xFF1C, 0xFF1C, 0xFF1C, 0xFF3C, 0xFF1C,
    0xFF1C, 0xFF1C, 0xFF1C, 0xFF1C, 0xFF3C, 0xFF3C, 0xFF1C, 0xFF3C, 0xFF3C, 0xFF1C, 0xFF3C, 0xFF3C, 0xFF3C, 0xFF3D, 0xFF3C, 0xFF3C,
    0xFF3C, 0xFF1C, 0xFF3C, 0xFF3C, 0xFF1C, 0xFF1C, 0xFF1C, 0xFF1C, 0xFF1C, 0xFF3C, 0xFF1C, 0xFF1C, 0xFF1C, 0xFF3C, 0xFF1C, 0xFF1C,
    0xFF1C, 0xFF1C, 0xFF1C, 0xFF1C, 0xFF1C, 0xFF1C, 0xFF3C, 0xFF1C, 0xFF1C, 0xFF1C, 0xFF1C, 0xFF1C, 0xFF1C, 0xFF1C, 0xFF1C, 0xFF1C,
    0xFF3C, 0xFF1C, 0xFF1C, 0xFF1C, 0xFF1C, 0xFF1C, 0xFF1C, 0xFF1C, 0xFF1C, 0xFF1C, 0xFF1C, 0xFF1C, 0xFF1C, 0xFF1C, 0xFF1C, 0xFF1C,
    0xFF1C, 0xFF1C, 0xFF1C, 0xFF1C, 0xFF1C, 0xFF3C, 0xFF1C, 0xFF1C, 0xFF1C, 0xFF1C, 0xFF1C, 0xFF1C, 0xFF3C, 0xFF1C, 0xFF1C, 0xFF1C,
    0xFF1C, 0xFF1C, 0xFF1C, 0xFF5D, 0xB452, 0xE558, 0xFE1B, 0xF5FA, 0xFE1A, 0xF5F9, 0xF5FA, 0xF5FA, 0xF5FA, 0xF5FA, 0xF5FA, 0xF5FA,
    0xF5F9, 0xF5FA, 0xF5FA, 0xFDFA, 0xF5D9, 0xED57, 0xF599, 0xFE1A, 0xF5FA, 0xF5FA, 0xF5FA, 0xF5FA, 0xF5FA, 0xF5FA, 0xF5FA, 0xF5FA,
    0xF5FA, 0xFE3B, 0xCC94, 0xCCB4, 0xFE1B, 0xF5DA, 0xFDFA, 0xFDFA, 0xFDFA, 0xF5FA, 0xF5FA, 0xF5FA, 0xFDFA, 0xF5FA, 0xFDFA, 0xFDFA,
    0xF5FA, 0xF5FA, 0xF5F9, 0xF5FA, 0xF5FA, 0xF5FA, 0xF5FA, 0xF5FA, 0xF5FA, 0xF5FA, 0xF5FA, 0xF5FA, 0xF5FA, 0xFDFA, 0xF5FA, 0xF5FA,
    0xF5FA, 0xF5FA, 0xF5FA, 0xF5FA, 0xF5FA, 0xF5FA, 0xF5FA, 0xF5DA, 0xF5DA, 0xFDFA, 0xF5D9, 0xDCD5, 0xE537, 0xFE3B, 0xC473, 0xDD16,
    0xFE1B, 0xF5FA, 0xF5DA, 0xF5DA, 0xF5D9, 0xF5D9, 0xF5DA, 0xFDFA, 0xF5FA, 0xFDFA, 0xF5FA, 0xFDFA, 0xFDFA, 0xFDFA, 0xFDFA, 0xFDFA,
    0xFDFA, 0xFDF9, 0xFDFA, 0xF5FA, 0xF5DA, 0xF5DA, 0xF5FA, 0xF5DA, 0xFDF9, 0xF5DA, 0xFDFA, 0xF5D9, 0xED58, 0xF5DA, 0xF5FA, 0xF5D9,
    0xFDFB, 0xE557, 0xB3F1, 0xFE1A, 0xF5DA, 0xF5D9, 0xF5FA, 0xF5FA, 0xF5FA, 0xF5FA, 0xF5FA, 0xF5DA, 0xF5FA, 0xF5FA, 0xFDFA, 0xFDFA,
    0xFDFA, 0xFDFA, 0xFDD9, 0xF5B9, 0xF599, 0xF599, 0xF598, 0xF5D9, 0xFDDA, 0xFDFA, 0xCC94, 0xED78, 0xFE1B, 0xE558, 0xAC52, 0xFF3D,
    0xFF1C, 0xFF1C, 0xFF1C, 0xFF1C, 0xFF1C, 0xFF1C, 0xFF1C, 0xFF1C, 0xFF1C, 0xFF1C, 0xFF1C, 0xFF1C, 0xFF1C, 0xFF1C, 0xFF3C, 0xFF1C,
    0xFF1C, 0xFF1D, 0xFF3C, 0xFF1C, 0xFF1C, 0xFF3C, 0xFF1C, 0xFF1C, 0xFF1C, 0xFF1C, 0xFF1C, 0xFF3C, 0xFF1C, 0xFF1D, 0xFF1C, 0xFF1C,
    0xFF3C, 0xFF1C, 0xFF3C, 0xFF3C, 0xFF3C, 0xFF1C, 0xFF3C, 0xFF3C, 0xFF3C, 0xFF3C, 0xFF1C, 0xFF3C, 0xFF3D, 0xFF3C, 0xFF1C, 0xFF1C,
    0xFF1C, 0xFF3C, 0xFF3C, 0xFF3C, 0xFF3C, 0xFF3C, 0xFF3C, 0xFF3C, 0xFF1C, 0xFF1C, 0xFF3C, 0xFF3C, 0xFF3C, 0xFF3C, 0xFF3C, 0xFF3C,
    0xFF3C, 0xFF1C, 0xFF1C, 0xFF1C, 0xFF1C, 0xFF1C, 0xFF1C, 0xFF1C, 0xFF1C, 0xFF1C, 0xFF1C, 0xFF1C, 0xFF1C, 0xFF3C, 0xFF1C, 0xFF1C,
    0xFF1C, 0xFF3C, 0xFF3C, 0xFF1C, 0xFF1C, 0xFF1C, 0xFF1C, 0xFF1C, 0xFF1C, 0xFF1C, 0xFF1C, 0xFF1C, 0xFF1C, 0xFF1C, 0xFF3C, 0xFF1C,
    0xFF1C, 0xF71C, 0xFF7D, 0xCD96, 0xBC73, 0xFE3B, 0xF5D9, 0xF5FA, 0xF5FA, 0xF5FA, 0xF5FA, 0xF5FA, 0xF5FA, 0xF5FA, 0xF5FA, 0xF5DA,
    0xF5DA, 0xF5FA, 0xFDFA, 0xF598, 0xED78, 0xF5D9, 0xFDFA, 0xF5FA, 0xF5FA, 0xF5FA, 0xF5FA, 0xF5FA, 0xF5FA, 0xF5FA, 0xF5F9, 0xF5FA,
    0xF5FA, 0xFE1B, 0xDD36, 0xBC32, 0xFE1B, 0xF5DA, 0xF5FA, 0xFDF9, 0xF5FA, 0xF5FA, 0xF5F9, 0xF5FA, 0xFDFA, 0xF5FA, 0xF5FA, 0xFDFA,
    0xF5FA, 0xF5FA, 0xF5F9, 0xF5FA, 0xF5FA, 0xF5FA, 0xF5FA, 0xFDFA, 0xF5FA, 0xF5FA, 0xF5FA, 0xF5F9, 0xF5FA, 0xFDFA, 0xFDF9, 0xF5FA,
    0xF5FA, 0xF5DA, 0xF5DA, 0xF5DA, 0xF5D9, 0xF5DA, 0xF5D9, 0xF5D9, 0xF5DA, 0xF5D9, 0xF5FA, 0xF5FA, 0xDD17, 0xED58, 0xD4D5, 0xCCB4,
    0xFE1B, 0xF5DA, 0xF5D9, 0xF5DA, 0xF5DA, 0xF5DA, 0xF5FA, 0xFDFA, 0xF5FA, 0xFDFA, 0xF5FA, 0xFDFA, 0xFDFA, 0xFDDA, 0xFDDA, 0xFDFA,
    0xF5FA, 0xFDFA, 0xFDFA, 0xF5F9, 0xF5DA, 0xF5FA, 0xF5F9, 0xF5DA, 0xFDFA, 0xFDFA, 0xF578, 0xE4D6, 0xF599, 0xFDFA, 0xFDDA, 0xF5D9,
    0xFE1A, 0xB3F1, 0xDD57, 0xFE1A, 0xF5DA, 0xF5DA, 0xFDDA, 0xF5FA, 0xF5FA, 0xF5FA, 0xFDFA, 0xFDFA, 0xFDFA, 0xF5D9, 0xF598, 0xED57,
    0xE537, 0xE517, 0xE517, 0xE537, 0xED57, 0xED77, 0xED78, 0xF598, 0xF5B9, 0xFDDA, 0xF5D9, 0xF5D9, 0xF5D9, 0xFE1B, 0xBC53, 0xDE18,
    0xFF5D, 0xFF1C, 0xFF1C, 0xFF1C, 0xFF1C, 0xFF1C, 0xFF1C, 0xFF3C, 0xFF1C, 0xFF3C, 0xFF1C, 0xFF1C, 0xFF1C, 0xFF1C, 0xFF1C, 0xFF1C,
    0xFF3C, 0xFF1C, 0xFF1C, 0xFF3C, 0xFF1C, 0xFF1C, 0xFF1C, 0xFF1C, 0xFF1C, 0xFF1C, 0xFF1C, 0xFF3C, 0xFF1C, 0xFF1C, 0xFF1C, 0xFF1C,
    0xFF1C, 0xFF1C, 0xFF1C, 0xFF1C, 0xFF3C, 0xFF1C, 0xFF1C, 0xFF3C, 0xFF3C, 0xFF3C, 0xFF1C, 0xFF1C, 0xFF3C, 0xFF3C, 0xFF1C, 0xFF3C,
    0xFF1C, 0xFF3C, 0xFF3C, 0xFF3C, 0xFF3C, 0xFF3C, 0xFF3C, 0xFF3C, 0xFF1C, 0xFF3C, 0xFF3C, 0xFF3C, 0xFF3C, 0xFF3C, 0xFF3C, 0xFF3C,
    0xFF3C, 0xFF1C, 0xFF1C, 0xFF1C, 0xFF1C, 0xFF1C, 0xFF1C, 0xFF3C, 0xFF3C, 0xFF1C, 0xFF1C, 0xFF1C, 0xFF1C, 0xFF1C, 0xFF1C, 0xFF1C,
    0xFF1C, 0xFF1C, 0xFF1C, 0xFF1C, 0xFF1C, 0xFF1C, 0xFF1C, 0xFF1C, 0xFF1C, 0xFF1C, 0xFF1C, 0xFF1C, 0xFF1C, 0xFF1C, 0xFF1C, 0xFF1C,
    0xFF1C, 0xFF3D, 0xEEDB, 0xAC11, 0xF5FA, 0xFDFA, 0xFDFA, 0xF5FA, 0xF5FA, 0xF5FA, 0xF5FA, 0xF5FA, 0xF5FA, 0xF5FA, 0xF5FA, 0xF5FA,
    0xFDFA, 0xF5D9, 0xED78, 0xF578, 0xFDFA, 0xF5FA, 0xF5FA, 0xF5FA, 0xF5FA, 0xF5FA, 0xF5FA, 0xF5FA, 0xF5FA, 0xF5FA, 0xFDFA, 0xFDFA,
    0xF5FA, 0xFDFA, 0xF5B9, 0xABD0, 0xFDFA, 0xFDFA, 0xFDFA, 0xF5FA, 0xF5FA, 0xF5FA, 0xF5FA, 0xFDFA, 0xFDFA, 0xF5FA, 0xF5FA, 0xF5FA,
    0xF5FA, 0xFDFA, 0xF5FA, 0xF5FA, 0xF5FA, 0xF5FA, 0xF5FA, 0xF5FA, 0xF5FA, 0xF5FA, 0xF5FA, 0xF5FA, 0xF5FA, 0xF5FA, 0xF5DA, 0xF5FA,
    0xF5FA, 0xF5FA, 0xFDFA, 0xFDFA, 0xFDFA, 0xFDFA, 0xFDFA, 0xFDFA, 0xFDFA, 0xFDFA, 0xFDFA, 0xFE1A, 0xFE3B, 0xF599, 0xD495, 0xBC53,
    0xFE1B, 0xF5D9, 0xF5DA, 0xF5FA, 0xFDFA, 0xFDFA, 0xFDFA, 0xFDFA, 0xFDFA, 0xFDFA, 0xFDFA, 0xFDFA, 0xFDFA, 0xFDFA, 0xFDFA, 0xFDFA,
    0xF5FA, 0xFDFA, 0xFDFA, 0xF5FA, 0xF5FA, 0xFDFA, 0xFDDA, 0xFDFA, 0xFDD9, 0xED17, 0xDC54, 0xED58, 0xFDFA, 0xF5DA, 0xFDDA, 0xFE1B,
    0xD4D6, 0xBC32, 0xFE1B, 0xF5D9, 0xF5DA, 0xF5DA, 0xF5FA, 0xF5DA, 0xFDFA, 0xFDFA, 0xF5B9, 0xED57, 0xE516, 0xDCF6, 0xE537, 0xED58,
    0xED99, 0xF5B9, 0xF5D9, 0xFDFA, 0xFDFA, 0xFDFA, 0xFDFA, 0xFDFA, 0xF5DA, 0xF5DA, 0xFDDA, 0xF5DA, 0xF5D9, 0xFE1A, 0xD4F6, 0xBCF4,
    0xFF7D, 0xF71C, 0xFF1C, 0xFF1C, 0xFF1C, 0xFF1C, 0xFF1C, 0xFF1C, 0xFF1C, 0xFF1C, 0xFF1C, 0xFF1C, 0xFF1C, 0xFF1C, 0xFF1C, 0xFF1C,
    0xFF1C, 0xFF1C, 0xFF1C, 0xFF1C, 0xFF1C, 0xFF1C, 0xFF1C, 0xFF1C, 0xFF1C, 0xFF1C, 0xFF1C, 0xFF1C, 0xFF1C, 0xFF1C, 0xFF1C, 0xFF1C,
    0xFF1C, 0xFF1C, 0xFF1C, 0xFF1C, 0xFF1C, 0xFF1C, 0xFF1C, 0xFF1C, 0xFF1C, 0xFF1C, 0xFF1C, 0xFF1C, 0xFF1C, 0xFF1C, 0xFF1C, 0xFF1C,
    0xFF1C, 0xFF3C, 0xFF3C, 0xFF3C, 0xFF3C, 0xFF1C, 0xFF3C, 0xFF3C, 0xFF1C, 0xFF3C, 0xFF3C, 0xFF3C, 0xFF3C, 0xFF3C, 0xFF3C, 0xFF3C,
    0xFF3C, 0xFF1C, 0xFF1C, 0xFF3C, 0xFF1C, 0xFF3C, 0xFF3C, 0xFF1C, 0xFF3C, 0xFF1C, 0xFF1C, 0xFF1C, 0xFF1C, 0xFF1C, 0xFF1C, 0xFF1C,
    0xFF1C, 0xFF1C, 0xFF1C, 0xFF1C, 0xFF1C, 0xFF3C, 0xFF1C, 0xFF1C, 0xFF1C, 0xFF1C, 0xFF1C, 0xFF1C, 0xFF1C, 0xFF1C, 0xFF1C, 0xFF1C,
    0xF71C, 0xFF5D, 0xBCB3, 0xDD16, 0xFE1B, 0xF5FA, 0xF5FA, 0xF5FA, 0xF5FA, 0xF5FA, 0xF5FA, 0xF5FA, 0xF5FA, 0xF5FA, 0xFDFA, 0xFDFA,
    0xF598, 0xF578, 0xF5D9, 0xFDFA, 0xF5FA, 0xF5FA, 0xF5FA, 0xF5FA, 0xF5FA, 0xF5FA, 0xF5FA, 0xF5FA, 0xFDFA, 0xFDDA, 0xFDD9, 0xFDD9,
    0xFDFA, 0xF5FA, 0xFE1A, 0xABD0, 0xED78, 0xFE1A, 0xF5FA, 0xF5FA, 0xF5FA, 0xF5FA, 0xF5FA, 0xFDFA, 0xFDFA, 0xF5FA, 0xF5FA, 0xF5FA,
    0xF5FA, 0xF5FA, 0xFDDA, 0xF5FA, 0xF5FA, 0xF5FA, 0xF5FA, 0xF5FA, 0xF5FA, 0xFDFA, 0xF5FA, 0xF5FA, 0xF5FA, 0xFDFA, 0xFDFA, 0xFDFA,
    0xFDFA, 0xF5B9, 0xED98, 0xE557, 0xDD16, 0xDCF6, 0xD4B5, 0xD495, 0xD4B5, 0xCCB4, 0xD4B5, 0xD4D5, 0xD4F5, 0xE557, 0xDCF6, 0xA3B0,
    0xFE1B, 0xFE1B, 0xFDDA, 0xF5DA, 0xF5FA, 0xFDDA, 0xF5FA, 0xFDFA, 0xFDFA, 0xFDFA, 0xFDFA, 0xFDFA, 0xFDDA, 0xFDFA, 0xF5FA, 0xF5FA,
    0xF5FA, 0xF5FA, 0xF5FA, 0xF5DA, 0xFDDA, 0xFDFA, 0xFDFA, 0xF558, 0xE495, 0xD414, 0xE517, 0xFDFA, 0xF5DA, 0xFDDA, 0xFDDA, 0xF5B9,
    0xB3F1, 0xF5B9, 0xFDDA, 0xF5DA, 0xF5DA, 0xF5FA, 0xFDFA, 0xFDFA, 0xF5B9, 0xE537, 0xDCF6, 0xE537, 0xED98, 0xF5D9, 0xFDFA, 0xFDFA,
    0xFDFA, 0xFDFA, 0xF5FA, 0xF5D9, 0xF5D9, 0xF5D9, 0xF5D9, 0xF5DA, 0xF5DA, 0xF5DA, 0xFDDA, 0xF5DA, 0xF5DA, 0xFDFA, 0xED78, 0xAC72,
    0xFF5D, 0xFF1C, 0xFF1C, 0xFF1C, 0xFF1C, 0xFF1C, 0xFF1C, 0xFF1C, 0xFF1C, 0xFF1C, 0xFF1C, 0xFF1C, 0xFF1C, 0xFF1C, 0xFF1C, 0xFF1C,
    0xFF1C, 0xFF1C, 0xFF1C, 0xFF1C, 0xFF1C, 0xFF1C, 0xFF1C, 0xFF1C, 0xFF1C, 0xFF1C, 0xFF1C, 0xFF1C, 0xFF1C, 0xFF1C, 0xFF1C, 0xFF1C,
    0xFF1C, 0xFF1C, 0xFF1C, 0xFF1C, 0xFF1C, 0xFF1C, 0xFF1C, 0xFF1C, 0xFF1C, 0xFF1C, 0xFF1C, 0xFF1C, 0xFF1C, 0xFF1C, 0xFF1C, 0xFF1C,
    0xFF1C, 0xFF3C, 0xFF3C, 0xFF3C, 0xFF3C, 0xFF1C, 0xFF1C, 0xFF3C, 0xFF3C, 0xFF3C, 0xFF3C, 0xFF3C, 0xFF1C, 0xFF3C, 0xFF3C, 0xFF3C,
    0xFF3C, 0xFF3C, 0xFF3C, 0xFF3C, 0xFF1C, 0xFF3C, 0xFF3C, 0xFF3C, 0xFF1C, 0xFF1C, 0xFF1C, 0xFF1C, 0xFF1C, 0xFF1C, 0xFF1C, 0xFF1C,
    0xFF1C, 0xFF3C, 0xFF1C, 0xFF3C, 0xFF3C, 0xFF3C, 0xFF3C, 0xFF3C, 0xFF3C, 0xFF1C, 0xFF1C, 0xFF1C, 0xFF1C, 0xFF3C, 0xFF3C, 0xF71C,
    0xFF5D, 0xDDF8, 0xB453, 0xFE3B, 0xF5D9, 0xF5FA, 0xF5FA, 0xF5FA, 0xF5FA, 0xF5FA, 0xF5FA, 0xF5FA, 0xF5FA, 0xFDFA, 0xF5D9, 0xED78,
    0xF598, 0xF5FA, 0xFDFA, 0xF5FA, 0xF5FA, 0xFDFA, 0xF5FA, 0xF5FA, 0xF5FA, 0xF5FA, 0xF5FA, 0xF5D9, 0xF5B9, 0xF5B9, 0xFDD9, 0xFDFA,
    0xF5FA, 0xF5D9, 0xFE3B, 0xBC32, 0xD4D5, 0xFE3B, 0xF5FA, 0xF5DA, 0xFDFA, 0xF5FA, 0xF5FA, 0xF5FA, 0xF5FA, 0xF5FA, 0xFDFA, 0xFDFA,
    0xF5FA, 0xF5FA, 0xF5FA, 0xF5FA, 0xF5FA, 0xF5FA, 0xF5FA, 0xF5FA, 0xF5FA, 0xFDFA, 0xF5FA, 0xF5FA, 0xF5FA, 0xF5DA, 0xF599, 0xED58,
    0xE537, 0xE537, 0xE537, 0xE557, 0xED78, 0xED98, 0xEDB9, 0xEDB9, 0xF5B9, 0xEDB9, 0xED98, 0xE578, 0xE557, 0xDD16, 0xD4D5, 0xABD0,
    0xBC32, 0xCCB5, 0xED98, 0xFE1B, 0xFDFA, 0xF5DA, 0xF5FA, 0xFDFA, 0xF5FA, 0xF5FA, 0xFDFA, 0xF5FA, 0xFDFA, 0xFDFA, 0xFDFA, 0xFDFA,
    0xFDFA, 0xF5DA, 0xF5FA, 0xFDFA, 0xFDFA, 0xF599, 0xE4D6, 0xDC54, 0xDC34, 0xE4B6, 0xF5DA, 0xF5FA, 0xFDDA, 0xF5DA, 0xFE1B, 0xC473,
    0xCCF5, 0xFE1B, 0xF5D9, 0xF5DA, 0xFDFA, 0xFDD9, 0xF5B8, 0xE557, 0xED57, 0xED98, 0xFDFA, 0xFDFA, 0xFDFA, 0xFDFA, 0xFDFA, 0xFDFA,
    0xFDDA, 0xF5D9, 0xF5B9, 0xF5D9, 0xFDDA, 0xFDFA, 0xFDDA, 0xFDDA, 0xF5FA, 0xF5DA, 0xFDFA, 0xF5FA, 0xFDDA, 0xFDFA, 0xED78, 0xAC52,
    0xFF3D, 0xFF1C, 0xFF1C, 0xFF1C, 0xFF1C, 0xFF1C, 0xFF1C, 0xFF1C, 0xFF1C, 0xFF1C, 0xFF1C, 0xFF1C, 0xFF1C, 0xFF1C, 0xFF1C, 0xFF1C,
    0xFF1C, 0xFF3C, 0xFF3C, 0xFF3C, 0xFF3C, 0xFF3C, 0xFF3C, 0xFF3C, 0xFF3C, 0xFF3C, 0xFF3C, 0xFF3C, 0xFF3C, 0xFF3C, 0xFF3C, 0xFF1C,
    0xFF1C, 0xFF1C, 0xFF3C, 0xFF3C, 0xFF3C, 0xFF3C, 0xFF1C, 0xFF1C, 0xFF1C, 0xFF1C, 0xFF1C, 0xFF1C, 0xFF3C, 0xFF3C, 0xFF3C, 0xFF3C,
    0xFF3C, 0xFF3C, 0xFF3C, 0xFF3C, 0xFF3C, 0xFF3C, 0xFF3C, 0xFF3C, 0xFF3C, 0xFF3C, 0xFF3C, 0xFF3C, 0xFF3C, 0xFF3C, 0xFF3C, 0xFF3C,
    0xFF3C, 0xFF3C, 0xFF3C, 0xFF3C, 0xFF1C, 0xFF1C, 0xFF1C, 0xFF1C, 0xFF1C, 0xFF1C, 0xFF1C, 0xFF1C, 0xFF1C, 0xFF1C, 0xFF3C, 0xFF3C,
    0xFF3C, 0xFF3C, 0xFF3C, 0xFF3C, 0xFF3C, 0xFF3C, 0xFF3C, 0xFF3C, 0xFF3C, 0xFF3C, 0xFF3C, 0xFF3C, 0xFF3C, 0xFF3C, 0xFF3C, 0xFF1C,
    0xFF3C, 0xAC32, 0xED99, 0xFDFA, 0xF5FA, 0xF5FA, 0xF5FA, 0xF5FA, 0xF5FA, 0xFDFA, 0xF5FA, 0xFDFA, 0xFDDA, 0xF558, 0xED78, 0xF5D9,
    0xFDFA, 0xF5FA, 0xF5FA, 0xF5FA, 0xF5FA, 0xF5FA, 0xF5FA, 0xFDFA, 0xF5FA, 0xFDFA, 0xFDB9, 0xF598, 0xF5B9, 0xFDFA, 0xFDFA, 0xFDFA,
    0xFDFA, 0xF5FA, 0xFE3B, 0xD4F6, 0xB433, 0xFE3B, 0xF5DA, 0xF5FA, 0xFDFA, 0xFDFA, 0xFDFA, 0xF5FA, 0xF5FA, 0xFDFA, 0xFDFA, 0xF5FA,
    0xF5FA, 0xFDFA, 0xFDFA, 0xFDFA, 0xF5FA, 0xF5FA, 0xF5FA, 0xF5FA, 0xF5FA, 0xF5FA, 0xFDFA, 0xF5FA, 0xF5FA, 0xF5B9, 0xED78, 0xF5B9,
    0xF5D9, 0xFDFA, 0xFE1A, 0xFE1A, 0xFDFA, 0xFDFA, 0xFDFA, 0xFDFA, 0xFDFA, 0xFDFA, 0xFE1A, 0xFE1A, 0xFE1A, 0xFE1B, 0xFE1A, 0xFE1A,
    0xED98, 0xCCB5, 0xB3F1, 0xC453, 0xF5B9, 0xFDFA, 0xF5DA, 0xFDFA, 0xF5FA, 0xF5FA, 0xFDFA, 0xF5FA, 0xFDFA, 0xFDFA, 0xFDFA, 0xFDFA,
    0xFDFA, 0xFDFA, 0xFDFA, 0xF599, 0xE4F6, 0xDC54, 0xDC54, 0xDC54, 0xE495, 0xF5D9, 0xFDFA, 0xF5DA, 0xF5DA, 0xFDFA, 0xE557, 0xBC32,
    0xFE1A, 0xF5D9, 0xFDDA, 0xF5B9, 0xED78, 0xED57, 0xED98, 0xF5B9, 0xFDDA, 0xFDFA, 0xFDFA, 0xFDFA, 0xF5D9, 0xED58, 0xE4F6, 0xDC95,
    0xDC54, 0xDC54, 0xDC54, 0xDC54, 0xDC54, 0xE495, 0xF558, 0xFDFA, 0xF5DA, 0xF5DA, 0xF5FA, 0xFDFA, 0xFDDA, 0xFE1A, 0xE537, 0xB493,
    0xFF7D, 0xF71C, 0xFF1C, 0xFF1C, 0xFF1C, 0xFF1C, 0xFF1C, 0xFF1C, 0xFF1C, 0xFF1C, 0xFF1C, 0xFF3C, 0xFF3C, 0xFF3C, 0xFF3C, 0xFF3C,
    0xFF3C, 0xFF3C, 0xFF3C, 0xFF3C, 0xFF3C, 0xFF3C, 0xFF3C, 0xFF3C, 0xFF3C, 0xFF3C, 0xFF3C, 0xFF3C, 0xFF3C, 0xFF3C, 0xFF3C, 0xFF3C,
    0xFF3C, 0xFF3C, 0xFF3C, 0xFF3C, 0xFF3C, 0xFF3C, 0xFF3C, 0xFF3C, 0xFF3C, 0xFF3C, 0xFF3C, 0xFF3C, 0xFF3C, 0xFF3C, 0xFF3C, 0xFF3C,
    0xFF3C, 0xFF3C, 0xFF3C, 0xFF3C, 0xFF3C, 0xFF3C, 0xFF3C, 0xFF3C, 0xFF3C, 0xFF3C, 0xFF3C, 0xFF3C, 0xFF3C, 0xFF3C, 0xFF3C, 0xFF3C,
    0xFF3C, 0xFF3C, 0xFF3C, 0xFF3C, 0xFF1C, 0xFF1C, 0xFF1C, 0xFF1C, 0xFF1C, 0xFF3C, 0xFF1C, 0xFF3C, 0xFF3C, 0xFF1C, 0xFF3C, 0xFF3C,
    0xFF3C, 0xFF3C, 0xFF3C, 0xFF3C, 0xFF3C, 0xFF3C, 0xFF3C, 0xFF3C, 0xFF3C, 0xFF3C, 0xFF3C, 0xFF3C, 0xFF3C, 0xFF3C, 0xF71C, 0xFF7D,
    0xCD76, 0xC494, 0xFE3B, 0xF5DA, 0xF5FA, 0xF5FA, 0xF5FA, 0xF5FA, 0xF5FA, 0xF5FA, 0xFDFA, 0xF598, 0xED37, 0xF598, 0xFDFA, 0xF5FA,
    0xF5FA, 0xFDFA, 0xF5FA, 0xF5FA, 0xF5FA, 0xF5FA, 0xFDFA, 0xFDF9, 0xFDB9, 0xF598, 0xFDB9, 0xFDD9, 0xF5FA, 0xFDFA, 0xF5FA, 0xFDFA,
    0xFDFA, 0xFDFA, 0xFE1A, 0xF5B9, 0xABD1, 0xFE1A, 0xFDDA, 0xF5DA, 0xFDFA, 0xF5FA, 0xF5FA, 0xF5FA, 0xFDFA, 0xFDFA, 0xFDFA, 0xF5FA,
    0xF5FA, 0xFDFA, 0xFDFA, 0xF5FA, 0xF5FA, 0xF5FA, 0xF5FA, 0xF5FA, 0xF5FA, 0xFDFA, 0xF5FA, 0xF5FA, 0xF5FA, 0xF5FA, 0xFDFA, 0xFDFA,
    0xFDFA, 0xF5FA, 0xF5FA, 0xF5DA, 0xF5FA, 0xFDFA, 0xFDFA, 0xF5FA, 0xFDFA, 0xF5FA, 0xFDFA, 0xFDDA, 0xF5FA, 0xFDDA, 0xF5D9, 0xFDDA,
    0xFDFA, 0xFE3B, 0xFDFA, 0xD4D5, 0xABB0, 0xE558, 0xFE1B, 0xF5D9, 0xF5DA, 0xF5FA, 0xF5FA, 0xF5FA, 0xF5FA, 0xFDFA, 0xFDFA, 0xFDFA,
    0xFDFA, 0xF578, 0xECF6, 0xDC55, 0xDC34, 0xDC54, 0xDC54, 0xDC55, 0xF599, 0xFDFA, 0xF5DA, 0xF5DA, 0xF5D9, 0xFDFA, 0xBC12, 0xED98,
    0xFDFA, 0xF5D9, 0xED98, 0xED58, 0xF599, 0xF5B9, 0xFDFA, 0xFDFA, 0xFDFA, 0xF5B9, 0xED57, 0xDCD6, 0xDCB5, 0xDCD6, 0xE517, 0xED78,
    0xF598, 0xF5B9, 0xF5B9, 0xF579, 0xED58, 0xE4F6, 0xED37, 0xFDDA, 0xFDFA, 0xFDFA, 0xF5FA, 0xF5DA, 0xF5DA, 0xFE1B, 0xCC94, 0xC575,
    0xFF7D, 0xF71C, 0xFF1C, 0xFF1C, 0xFF1C, 0xFF1C, 0xFF1C, 0xFF1C, 0xFF1C, 0xFF3C, 0xFF3C, 0xFF3C, 0xFF3C, 0xFF3C, 0xFF3C, 0xFF3C,
    0xFF3C, 0xFF3C, 0xFF3C, 0xFF3C, 0xFF3C, 0xFF3C, 0xFF3C, 0xFF3C, 0xFF3C, 0xFF3C, 0xFF3C, 0xFF3C, 0xFF3C, 0xFF3C, 0xFF3C, 0xFF3C,
    0xFF3C, 0xFF3C, 0xFF3C, 0xFF3C, 0xFF3C, 0xFF3C, 0xFF3C, 0xFF3C, 0xFF3C, 0xFF3C, 0xFF3C, 0xFF3C, 0xFF3C, 0xFF3C, 0xFF3C, 0xFF3C,
    0xFF3C, 0xFF3C, 0xFF3C, 0xFF3C, 0xFF3C, 0xFF3C, 0xFF3C, 0xFF3C, 0xFF3C, 0xFF3C, 0xFF3C, 0xFF3C, 0xFF3C, 0xFF3C, 0xFF3C, 0xFF3C,
    0xFF3C, 0xFF3C, 0xFF3C, 0xFF1C, 0xFF1C, 0xFF3C, 0xFF3C, 0xFF3C, 0xFF3C, 0xFF3C, 0xFF3C, 0xFF3C, 0xFF3C, 0xFF3C, 0xFF3C, 0xFF3C,
    0xFF3C, 0xFF3C, 0xFF3C, 0xFF3C, 0xFF3C, 0xFF3C, 0xFF3C, 0xFF3C, 0xFF3C, 0xFF3C, 0xFF3C, 0xFF3C, 0xFF3C, 0xFF3C, 0xFF3C, 0xF71C,
    0xAC31, 0xF5D9, 0xFDFA, 0xF5FA, 0xF5FA, 0xF5FA, 0xF5FA, 0xF5FA, 0xFDFA, 0xF5B9, 0xED37, 0xED58, 0xF5FA, 0xFDFA, 0xFDFA, 0xF5FA,
    0xF5FA, 0xF5FA, 0xF5FA, 0xF5FA, 0xFDFA, 0xFDFA, 0xFDB9, 0xF598, 0xF5B8, 0xFDD9, 0xF5FA, 0xF5FA, 0xFDFA, 0xFDFA, 0xF5DA, 0xF5FA,
    0xF5FA, 0xF5FA, 0xF5F9, 0xFE1B, 0xABD1, 0xE578, 0xFDFA, 0xF5DA, 0xF5FA, 0xFDFA, 0xF5FA, 0xFDFA, 0xFDFA, 0xF5FA, 0xFDFA, 0xFDFA,
    0xF5FA, 0xF5FA, 0xF5FA, 0xF5FA, 0xF5FA, 0xF5FA, 0xF5FA, 0xF5FA, 0xF5FA, 0xF5FA, 0xF5FA, 0xF5FA, 0xF5FA, 0xFDFA, 0xF5FA, 0xF5FA,
    0xF5FA, 0xF5FA, 0xF5FA, 0xF5FA, 0xF5FA, 0xF5FA, 0xF5FA, 0xF5DA, 0xFDFA, 0xF5FA, 0xFDFA, 0xFDFA, 0xF5DA, 0xFDDA, 0xFDFA, 0xFDFA,
    0xFDDA, 0xF5FA, 0xF5DA, 0xFE1B, 0xED99, 0xABB1, 0xED78, 0xFE1A, 0xF5DA, 0xF5FA, 0xF5FA, 0xF5DA, 0xFDFA, 0xFDFA, 0xFDD9, 0xF578,
    0xECD6, 0xDC54, 0xDC34, 0xDC54, 0xDC55, 0xDC55, 0xDC34, 0xED58, 0xFE1A, 0xF5DA, 0xFDDA, 0xF5DA, 0xFE1A, 0xD4D5, 0xCCD5, 0xFE1A,
    0xF5D9, 0xF599, 0xF599, 0xFDD9, 0xFDDA, 0xFDFA, 0xFDFA, 0xF599, 0xE516, 0xDCD6, 0xE516, 0xED98, 0xFDDA, 0xFE1A, 0xFDFA, 0xFDFA,
    0xFDFA, 0xFDFA, 0xFDFA, 0xFDFA, 0xFDFA, 0xFDFA, 0xF599, 0xF599, 0xF599, 0xF598, 0xF5DA, 0xFDFA, 0xF5DA, 0xFDFA, 0xAC11, 0xE69A,
    0xFF3D, 0xFF1C, 0xFF1C, 0xFF1C, 0xFF1C, 0xFF1C, 0xFF3C, 0xFF3C, 0xFF3C, 0xFF3C, 0xFF3C, 0xFF3C, 0xFF3C, 0xFF3C, 0xFF3C, 0xFF3C,
    0xFF3C, 0xFF3C, 0xFF3C, 0xFF3C, 0xFF3C, 0xFF3C, 0xFF3C, 0xFF3C, 0xFF3C, 0xFF3C, 0xFF3C, 0xFF3C, 0xFF3C, 0xFF3C, 0xFF1C, 0xFF1C,
    0xFF3C, 0xFF3C, 0xFF3C, 0xFF3C, 0xFF3C, 0xFF3C, 0xFF3C, 0xFF3C, 0xFF3C, 0xFF3C, 0xFF3C, 0xFF3C, 0xFF3C, 0xFF3C, 0xFF3C, 0xFF3D,
    0xFF3C, 0xFF3C, 0xFF3C, 0xFF3C, 0xFF3C, 0xFF3C, 0xFF3C, 0xFF3D, 0xFF3C, 0xFF3C, 0xFF3D, 0xFF3C, 0xFF3C, 0xFF3C, 0xFF3C, 0xFF3C,
    0xFF3C, 0xFF3C, 0xFF3C, 0xFF3C, 0xFF1C, 0xFF3C, 0xFF3C, 0xFF3C, 0xFF3C, 0xFF3C, 0xFF3C, 0xFF3C, 0xFF3C, 0xFF3C, 0xFF3C, 0xFF3C,
    0xFF3C, 0xFF3C, 0xFF3C, 0xFF3C, 0xFF3C, 0xFF3C, 0xFF3C, 0xFF3C, 0xFF3C, 0xFF3C, 0xFF3C, 0xFF3C, 0xFF3C, 0xF71C, 0xFF7D, 0xCDB6,
    0xC4B4, 0xFE3B, 0xF5DA, 0xF5FA, 0xF5FA, 0xF5FA, 0xF5FA, 0xFDFA, 0xF599, 0xED37, 0xF599, 0xFE1A, 0xF5FA, 0xF5FA, 0xFDFA, 0xF5FA,
    0xF5FA, 0xF5FA, 0xF5FA, 0xFDFA, 0xFDD9, 0xF598, 0xF598, 0xFDD9, 0xFDFA, 0xFDFA, 0xFDDA, 0xFDDA, 0xF5FA, 0xF5FA, 0xF5FA, 0xF5FA,
    0xF5FA, 0xF5FA, 0xF5F9, 0xFE3B, 0xC494, 0xCC94, 0xFE3B, 0xF5DA, 0xF5FA, 0xFDFA, 0xFDFA, 0xFDFA, 0xFDFA, 0xF5FA, 0xF5FA, 0xF5FA,
    0xF5FA, 0xF5FA, 0xF5FA, 0xF5FA, 0xF5FA, 0xF5FA, 0xF5FA, 0xF5FA, 0xF5FA, 0xF5FA, 0xF5FA, 0xF5FA, 0xFDFA, 0xFDFA, 0xFDFA, 0xFDFA,
    0xF5FA, 0xF5FA, 0xFDFA, 0xF5FA, 0xF5FA, 0xF5FA, 0xF5FA, 0xF5FA, 0xF5FA, 0xF5FA, 0xF5FA, 0xF5FA, 0xF5DA, 0xF5FA, 0xFDFA, 0xF5FA,
    0xFDFA, 0xF5FA, 0xF5F9, 0xF5D9, 0xFE1B, 0xED78, 0xABD1, 0xFDFA, 0xF5DA, 0xF5FA, 0xFDFA, 0xFDFA, 0xFDD9, 0xED37, 0xE495, 0xDC34,
    0xDC34, 0xDC54, 0xDC54, 0xDC54, 0xDC54, 0xDC34, 0xED37, 0xFDFA, 0xF5FA, 0xFDFA, 0xF5DA, 0xFDFA, 0xED98, 0xBC53, 0xFDFA, 0xF5DA,
    0xF5D9, 0xFDD9, 0xFDDA, 0xFDFA, 0xFDFA, 0xF598, 0xE516, 0xE4F6, 0xED78, 0xFDDA, 0xFDFA, 0xFDFA, 0xFDFA, 0xF5DA, 0xF5DA, 0xFDDA,
    0xF5FA, 0xF5FA, 0xFDFA, 0xF5FA, 0xF5FA, 0xFDDA, 0xF5DA, 0xF5D9, 0xF5B9, 0xED58, 0xE516, 0xE557, 0xFE1A, 0xE557, 0xB492, 0xFF5D,
    0xF71C, 0xFF1C, 0xFF1C, 0xFF3C, 0xFF3C, 0xFF3C, 0xFF3C, 0xFF3C, 0xFF3C, 0xFF3C, 0xFF3C, 0xFF3C, 0xFF3C, 0xFF3C, 0xFF3C, 0xFF3C,
    0xFF3C, 0xFF3C, 0xFF3C, 0xFF3C, 0xFF3C, 0xFF3C, 0xFF3C, 0xFF3C, 0xFF3C, 0xFF3C, 0xFF3C, 0xFF3C, 0xFF3C, 0xFF3C, 0xFF3C, 0xFF3C,
    0xFF3C, 0xFF3C, 0xFF3C, 0xFF3C, 0xFF3C, 0xFF3C, 0xFF3C, 0xFF3C, 0xFF3C, 0xFF3C, 0xFF3C, 0xF71C, 0xEEFC, 0xEEFC, 0xF71C, 0xF71C,
    0xF71C, 0xF71C, 0xF71C, 0xF71C, 0xF71C, 0xF71C, 0xF71C, 0xF71C, 0xF71C, 0xF71C, 0xF71C, 0xF71C, 0xFF3C, 0xFF3C, 0xFF3C, 0xFF3C,
    0xFF3C, 0xFF3C, 0xFF3D, 0xFF3C, 0xF71C, 0xFF3C, 0xFF3C, 0xFF3C, 0xFF3C, 0xFF3C, 0xFF3C, 0xFF3C, 0xFF3C, 0xFF3C, 0xFF3C, 0xFF3C,
    0xFF3C, 0xFF3C, 0xFF3C, 0xFF3C, 0xFF3C, 0xFF3C, 0xFF3C, 0xFF3C, 0xFF3C, 0xFF3C, 0xFF3C, 0xFF3C, 0xFF3C, 0xFF3C, 0xFF5D, 0xB4B3,
    0xED98, 0xFE1A, 0xF5FA, 0xFDFA, 0xF5FA, 0xF5FA, 0xF5FA, 0xF5DA, 0xF599, 0xFDFA, 0xFDFA, 0xF5DA, 0xF5FA, 0xF5FA, 0xFDFA, 0xF5FA,
    0xF5FA, 0xFDFA, 0xFDD9, 0xF578, 0xF598, 0xFDD9, 0xFDFA, 0xF5FA, 0xF5FA, 0xFDFA, 0xFDDA, 0xF5DA, 0xF5FA, 0xF5FA, 0xF5FA, 0xF5FA,
    0xF5FA, 0xF5FA, 0xF5FA, 0xFE1A, 0xE557, 0xB3F1, 0xFE1B, 0xF5DA, 0xF5FA, 0xFDFA, 0xF5FA, 0xFDFA, 0xFDFA, 0xF5FA, 0xF5FA, 0xF5FA,
    0xF5FA, 0xF5FA, 0xF5FA, 0xF5FA, 0xF5FA, 0xF5FA, 0xF5FA, 0xF5FA, 0xF5FA, 0xF5FA, 0xF5FA, 0xF5FA, 0xFDFA, 0xFDFA, 0xF5FA, 0xF5FA,
    0xFDFA, 0xF5FA, 0xF5FA, 0xF5FA, 0xF5FA, 0xF5FA, 0xF5FA, 0xF5FA, 0xF5FA, 0xF5FA, 0xF5FA, 0xF5FA, 0xF5FA, 0xF5FA, 0xF5FA, 0xF5FA,
    0xF5FA, 0xF5FA, 0xFDDA, 0xF5FA, 0xF5D9, 0xFE3B, 0xC474, 0xCCB5, 0xFE3B, 0xFDDA, 0xF599, 0xECF7, 0xE475, 0xDC34, 0xDC34, 0xDC54,
    0xDC54, 0xDC34, 0xDC34, 0xDC55, 0xDC34, 0xECF7, 0xFDFA, 0xFDDA, 0xFDFA, 0xFDDA, 0xF5DA, 0xFDFA, 0xC453, 0xE577, 0xFDFA, 0xF5D9,
    0xF5D9, 0xF5DA, 0xFDFA, 0xF599, 0xE4D6, 0xDCF6, 0xF599, 0xFDFA, 0xFDFA, 0xF5FA, 0xF5DA, 0xF5DA, 0xFDDA, 0xFDDA, 0xF5DA, 0xF5FA,
    0xF5FA, 0xF5FA, 0xF5FA, 0xF5FA, 0xF5FA, 0xFDDA, 0xF5DA, 0xF5FA, 0xF5FA, 0xFDFA, 0xFDB9, 0xE517, 0xDCF6, 0xABD0, 0xE67A, 0xFF3D,
    0xFF1C, 0xFF3C, 0xFF3C, 0xFF3C, 0xFF3C, 0xFF3C, 0xFF3C, 0xFF3C, 0xFF3C, 0xFF3C, 0xFF3C, 0xFF3C, 0xFF3C, 0xFF3C, 0xFF3C, 0xFF3C,
    0xFF3C, 0xFF3C, 0xFF3C, 0xFF3C, 0xFF3C, 0xFF3C, 0xFF3C, 0xFF3C, 0xFF3C, 0xFF3C, 0xFF3C, 0xFF3C, 0xFF3C, 0xFF3C, 0xFF3C, 0xFF3C,
    0xFF3C, 0xFF3C, 0xFF3C, 0xFF3C, 0xFF3C, 0xFF3C, 0xFF3C, 0xFF3C, 0xFF3C, 0xFF3C, 0xFF3C, 0xF71C, 0xEF1C, 0xEF1C, 0xE6DB, 0xEF1C,
    0xE71C, 0xEF1C, 0xEF1C, 0xEF3D, 0xEEFB, 0xEF1C, 0xEF1C, 0xEF5C, 0xEEFB, 0xEF1C, 0xEF3C, 0xEF1C, 0xF71C, 0xFF3D, 0xFF3C, 0xFF3C,
    0xFF3C, 0xFF3C, 0xFF3C, 0xFF3C, 0xFF3C, 0xFF3C, 0xFF3C, 0xFF3C, 0xFF3C, 0xFF3C, 0xFF3C, 0xFF3C, 0xFF3C, 0xFF3C, 0xFF3C, 0xFF3C,
    0xFF3C, 0xFF3C, 0xFF3C, 0xFF3C, 0xFF3C, 0xFF3C, 0xFF3C, 0xFF3C, 0xFF3C, 0xFF3C, 0xFF3C, 0xFF3C, 0xFF3C, 0xFF3D, 0xF6FB, 0xAC72,
    0xFDFA, 0xF5FA, 0xF5FA, 0xFDFA, 0xF5FA, 0xF5FA, 0xF5FA, 0xF5FA, 0xFDFA, 0xFDFA, 0xF5DA, 0xF5FA, 0xF5FA, 0xF5FA, 0xF5FA, 0xFDFA,
    0xFDFA, 0xF5B9, 0xF578, 0xF5B9, 0xFDFA, 0xF5FA, 0xF5FA, 0xF5FA, 0xF5DA, 0xF5FA, 0xF5FA, 0xF5DA, 0xFDFA, 0xFDFA, 0xFDFA, 0xF5FA,
    0xF5FA, 0xF5FA, 0xFDFA, 0xFDFA, 0xFDFA, 0xABD1, 0xED99, 0xFDFA, 0xF5FA, 0xF5FA, 0xF5FA, 0xFDFA, 0xF5FA, 0xF5FA, 0xF5FA, 0xF5FA,
    0xF5FA, 0xF5FA, 0xF5FA, 0xF5FA, 0xF5FA, 0xF5FA, 0xF5FA, 0xFDFA, 0xF5FA, 0xF5FA, 0xF5FA, 0xF5FA, 0xFDFA, 0xF5FA, 0xF5FA, 0xF5FA,
    0xF5FA, 0xF5FA, 0xF5FA, 0xF5FA, 0xF5FA, 0xF5FA, 0xF5FA, 0xF5FA, 0xFDFA, 0xF5FA, 0xF5FA, 0xF5FA, 0xF5FA, 0xF5FA, 0xF5FA, 0xF5FA,
    0xFDFA, 0xFDFA, 0xF5FA, 0xF5FA, 0xF5FA, 0xFDFA, 0xF5B9, 0xABD1, 0xF558, 0xE4D6, 0xDC55, 0xDC34, 0xDC34, 0xDC54, 0xDC54, 0xDC54,
    0xDC34, 0xDC34, 0xDC55, 0xDC34, 0xE4D6, 0xFDFA, 0xFDDA, 0xFDDA, 0xFDFA, 0xF5DA, 0xFE1B, 0xD4D5, 0xC453, 0xFE1A, 0xF5D9, 0xF5D9,
    0xFDFA, 0xFDD9, 0xE4F6, 0xDC95, 0xED78, 0xFDFA, 0xFDFA, 0xFDFA, 0xFDFA, 0xFDFA, 0xF5FA, 0xF5FA, 0xFDFA, 0xFDDA, 0xF5DA, 0xF5FA,
    0xF5FA, 0xF5FA, 0xFDFA, 0xF5FA, 0xF5FA, 0xF5FA, 0xFDDA, 0xFDDA, 0xFDFA, 0xF5DA, 0xFDDA, 0xFDFB, 0xF5B9, 0xABD1, 0xCD96, 0xFF5D,
    0xF71C, 0xFF3C, 0xFF3C, 0xFF3C, 0xFF3C, 0xFF3C, 0xFF3C, 0xFF3C, 0xFF3C, 0xFF3C, 0xFF3C, 0xFF3C, 0xFF3C, 0xFF1C, 0xFF3C, 0xFF3C,
    0xFF3C, 0xFF3C, 0xFF3C, 0xFF3C, 0xFF3C, 0xFF3C, 0xFF3C, 0xFF3C, 0xFF3C, 0xFF3C, 0xFF3C, 0xFF3C, 0xFF3C, 0xFF3C, 0xFF3C, 0xFF3C,
    0xFF3C, 0xFF3C, 0xFF3C, 0xFF3C, 0xFF3C, 0xFF3C, 0xFF3C, 0xFF3C, 0xFF3C, 0xFF3C, 0xFF3D, 0xF71C, 0xEF1C, 0xE71C, 0xE6DB, 0xEF1C,
    0xE6FB, 0xE6DB, 0xEF3C, 0xEF5C, 0xEEFB, 0xEF1C, 0xE6DB, 0xEF3C, 0xE6BA, 0xEF1C, 0xE6FB, 0xEF1C, 0xF71C, 0xFF3D, 0xFF3C, 0xFF3C,
    0xFF3C, 0xFF3C, 0xFF3C, 0xFF3C, 0xFF3C, 0xFF3C, 0xFF3C, 0xFF3C, 0xFF3C, 0xFF3C, 0xFF3C, 0xFF3C, 0xFF3C, 0xFF3C, 0xFF3D, 0xFF3C,
    0xFF3C, 0xFF3C, 0xFF3C, 0xFF3C, 0xFF3C, 0xFF3C, 0xFF3C, 0xFF3C, 0xFF3C, 0xFF3C, 0xFF3C, 0xFF3C, 0xFF3C, 0xFF5D, 0xE679, 0xB472,
    0xFE1B, 0xF5FA, 0xF5FA, 0xF5FA, 0xF5FA, 0xF5FA, 0xF5FA, 0xF5FA, 0xF5FA, 0xF5FA, 0xF5FA, 0xF5FA, 0xF5FA, 0xF5DA, 0xFDFA, 0xFDFA,
    0xF578, 0xF578, 0xFDDA, 0xFDFA, 0xF5FA, 0xF5FA, 0xF5FA, 0xF5DA, 0xF5DA, 0xF5DA, 0xF5FA, 0xF5FA, 0xFDFA, 0xFDFA, 0xF5FA, 0xF5FA,
    0xF5FA, 0xF5FA, 0xFDFA, 0xF5FA, 0xFE3B, 0xC473, 0xCCD5, 0xFE1B, 0xF5FA, 0xF5FA, 0xFDFA, 0xF5FA, 0xF5FA, 0xF5FA, 0xF5FA, 0xF5FA,
    0xF5FA, 0xF5FA, 0xF5FA, 0xF5FA, 0xF5FA, 0xF5DA, 0xF5FA, 0xF5FA, 0xF5FA, 0xF5FA, 0xF5FA, 0xF5FA, 0xF5FA, 0xF5FA, 0xF5FA, 0xF5FA,
    0xF5FA, 0xF5FA, 0xF5FA, 0xF5FA, 0xF5FA, 0xF5FA, 0xF5FA, 0xF5FA, 0xF5FA, 0xF5FA, 0xF5FA, 0xF5FA, 0xF5FA, 0xF5FA, 0xF5FA, 0xF5FA,
    0xFDFA, 0xFDFA, 0xF5FA, 0xFDFA, 0xFDFA, 0xF5DA, 0xFE3B, 0xBC33, 0xC391, 0xE455, 0xDC34, 0xDC54, 0xDC54, 0xDC34, 0xDC54, 0xDC54,
    0xDC34, 0xDC54, 0xDC34, 0xE495, 0xF5D9, 0xFDFA, 0xF5DA, 0xFDDA, 0xF5FA, 0xFDDA, 0xF5B9, 0x9B0E, 0xE516, 0xFDFA, 0xFDDA, 0xFDDA,
    0xF558, 0xD454, 0xDCB5, 0xFDDA, 0xFDFA, 0xFDDA, 0xFDDA, 0xFDFA, 0xFDFA, 0xFDFA, 0xFDDA, 0xF5FA, 0xFDFA, 0xFDDA, 0xFDFA, 0xF5FA,
    0xF5FA, 0xFDFA, 0xFDFA, 0xF5DA, 0xFDFA, 0xF5FA, 0xF5DA, 0xFDDA, 0xFDDA, 0xF5DA, 0xFDDA, 0xF5DA, 0xFDFA, 0xFE1B, 0xBC12, 0xD596,
    0xFF7E, 0xF71C, 0xFF3C, 0xFF3C, 0xFF3C, 0xFF3C, 0xFF3C, 0xFF3C, 0xFF3C, 0xFF3C, 0xFF3C, 0xFF3C, 0xFF3C, 0xFF3C, 0xFF3C, 0xFF3C,
    0xFF3C, 0xFF3C, 0xFF3C, 0xFF3C, 0xFF3C, 0xFF3C, 0xFF3C, 0xFF3C, 0xFF3C, 0xFF3C, 0xFF3C, 0xFF3C, 0xFF3C, 0xFF3C, 0xFF3C, 0xFF3C,
    0xFF3C, 0xFF3C, 0xFF3C, 0xFF3C, 0xFF3C, 0xFF3C, 0xFF3C, 0xFF3C, 0xFF3C, 0xFF3C, 0xFF3D, 0xF71C, 0xEF1C, 0xEF1C, 0xEEDB, 0xEF1C,
    0xE6FB, 0xEEDB, 0xEF1C, 0xEEFB, 0xEF1C, 0xEEFB, 0xEEFB, 0xEF3C, 0xE6DB, 0xE6FB, 0xEF1C, 0xEF1C, 0xF71C, 0xFF3C, 0xFF3C, 0xFF3C,
    0xFF3C, 0xFF3C, 0xFF3C, 0xFF3C, 0xFF3C, 0xFF3C, 0xFF3C, 0xFF3C, 0xFF3C, 0xFF3C, 0xFF3C, 0xFF3C, 0xFF3D, 0xFF3C, 0xFF3C, 0xFF3C,
    0xFF3C, 0xFF3C, 0xFF3C, 0xFF3C, 0xFF3C, 0xFF3C, 0xFF3C, 0xFF3C, 0xFF3C, 0xFF3C, 0xFF3C, 0xFF3C, 0xFF3C, 0xFF7D, 0xDE18, 0xBC73,
    0xFE3B, 0xF5DA, 0xFDFA, 0xFDFA, 0xF5FA, 0xF5FA, 0xF5FA, 0xF5DA, 0xF5FA, 0xF5FA, 0xF5FA, 0xF5FA, 0xF5FA, 0xFDFA, 0xFDB9, 0xF537,
    0xF599, 0xFDFA, 0xF5FA, 0xF5DA, 0xFDFA, 0xF5FA, 0xF5DA, 0xF5FA, 0xF5DA, 0xF5FA, 0xF5FA, 0xF5FA, 0xFDFA, 0xFDFA, 0xF5FA, 0xF5FA,
    0xF5FA, 0xF5FA, 0xFDFA, 0xF5FA, 0xFE1B, 0xE537, 0xB3F2, 0xFE1B, 0xF5F9, 0xFDFA, 0xF5FA, 0xF5FA, 0xF5FA, 0xF5FA, 0xF5FA, 0xF5DA,
    0xF5FA, 0xFDFA, 0xF5FA, 0xF5FA, 0xF5FA, 0xF5FA, 0xF5FA, 0xFDFA, 0xFDDA, 0xF5FA, 0xF5FA, 0xF5FA, 0xFDFA, 0xF5FA, 0xF5FA, 0xF5FA,
    0xF5FA, 0xF5FA, 0xF5FA, 0xF5FA, 0xF5FA, 0xFDFA, 0xF5FA, 0xF5FA, 0xF5FA, 0xF5FA, 0xF5FA, 0xF5FA, 0xF5FA, 0xF5DA, 0xF5FA, 0xF5FA,
    0xF5FA, 0xF5FA, 0xF5FA, 0xFDFA, 0xFDFA, 0xF5DA, 0xFDFA, 0xE558, 0xAB2F, 0xE475, 0xDC34, 0xDC34, 0xDC34, 0xDC34, 0xDC34, 0xDC54,
    0xDC54, 0xDC34, 0xDC75, 0xF599, 0xFDFA, 0xFDDA, 0xF5DA, 0xF5DA, 0xF5DA, 0xFE1B, 0xB3F2, 0xA30F, 0xF558, 0xFDDA, 0xFDDA, 0xE4D6,
    0xD413, 0xED37, 0xFDFA, 0xFDFA, 0xF5DA, 0xFDDA, 0xFDDA, 0xFDDA, 0xFDDA, 0xFDFA, 0xFDFA, 0xFDDA, 0xFDDA, 0xFDDA, 0xFDDA, 0xFDDA,
    0xF5DA, 0xFDDA, 0xFDDA, 0xFDDA, 0xFDDA, 0xF5DA, 0xF5DA, 0xFDDA, 0xFDDA, 0xFDDA, 0xFDDA, 0xF5DA, 0xF5DA, 0xFDDA, 0xFDFB, 0xABF1,
    0xDE18, 0xFF7D, 0xF71C, 0xFF3C, 0xFF3C, 0xFF3C, 0xFF3C, 0xFF3C, 0xFF3C, 0xFF3C, 0xFF3C, 0xFF3C, 0xFF3C, 0xFF3C, 0xFF3C, 0xFF3C,
    0xFF3C, 0xFF3C, 0xFF3C, 0xFF3C, 0xFF3C, 0xFF3C, 0xFF3C, 0xFF3C, 0xFF3C, 0xFF3C, 0xFF3C, 0xFF3C, 0xFF3C, 0xFF3C, 0xFF3C, 0xFF3C,
    0xFF3C, 0xFF3C, 0xFF3C, 0xFF3C, 0xFF3C, 0xFF3C, 0xFF3C, 0xFF3C, 0xFF3C, 0xFF3C, 0xFF3C, 0xFF3C, 0xF71C, 0xF71C, 0xF71C, 0xF71C,
    0xF71C, 0xF71C, 0xF71C, 0xFF3C, 0xF71C, 0xF71C, 0xF71C, 0xF71C, 0xF71C, 0xF71C, 0xF71C, 0xF71C, 0xFF3C, 0xFF3C, 0xFF3C, 0xFF3C,
    0xFF3C, 0xFF3C, 0xFF3C, 0xFF3C, 0xFF3C, 0xFF3C, 0xFF3C, 0xFF3C, 0xFF3C, 0xFF3C, 0xFF3C, 0xFF3C, 0xFF3C, 0xFF3C, 0xFF3C, 0xFF3C,
    0xFF3C, 0xFF3C, 0xFF3C, 0xFF3C, 0xFF3C, 0xFF3C, 0xFF3C, 0xFF3C, 0xFF3C, 0xFF3C, 0xFF3C, 0xFF3C, 0xF73C, 0xFF7D, 0xDE18, 0xC494,
    0xFE3B, 0xF5DA, 0xFDFA, 0xFDFA, 0xF5FA, 0xFDFA, 0xFDFA, 0xF5FA, 0xF5FA, 0xFDFA, 0xF5DA, 0xF5FA, 0xFE1A, 0xF578, 0xECF7, 0xF5B9,
    0xF5FA, 0xF5FA, 0xFDFA, 0xF5FA, 0xFDFA, 0xF5FA, 0xF5FA, 0xFDFA, 0xF5FA, 0xF5FA, 0xFDFA, 0xFDFA, 0xF5FA, 0xFDFA, 0xF5FA, 0xF5FA,
    0xF5FA, 0xF5FA, 0xFDFA, 0xFDFA, 0xFDFA, 0xFDFA, 0xABD1, 0xED99, 0xFDFA, 0xFDDA, 0xF5DA, 0xFDFA, 0xF5FA, 0xFDFA, 0xFDFA, 0xF5FA,
    0xFDFA, 0xFDFA, 0xF5FA, 0xF5FA, 0xF5FA, 0xF5FA, 0xFDFA, 0xFDDA, 0xFDDA, 0xF5FA, 0xF5FA, 0xF5FA, 0xFDFA, 0xFDFA, 0xFDFA, 0xF5FA,
    0xF5FA, 0xF5FA, 0xF5FA, 0xFDFA, 0xFDDA, 0xFDFA, 0xFDFA, 0xF5FA, 0xFDFA, 0xFDFA, 0xF5FA, 0xFDFA, 0xF5FA, 0xF5FA, 0xF5FA, 0xF5FA,
    0xF5FA, 0xF5FA, 0xF5DA, 0xFDFA, 0xFDFA, 0xF5FA, 0xF5DA, 0xFE1A, 0xAB90, 0xD413, 0xDC55, 0xDC34, 0xDC34, 0xDC34, 0xDC34, 0xDC55,
    0xDC54, 0xDC54, 0xF578, 0xFDFA, 0xF5D9, 0xFDDA, 0xFDDA, 0xF5DA, 0xFE1B, 0xD4D6, 0x92ED, 0xD413, 0xF599, 0xF5B9, 0xDC55, 0xD413,
    0xF578, 0xFDFA, 0xFDDA, 0xFDDA, 0xFDDA, 0xF5DA, 0xFDDA, 0xFDDA, 0xFDDA, 0xFDFA, 0xFDFA, 0xFDDA, 0xFDDA, 0xFDDA, 0xF5DA, 0xFDFA,
    0xFDFA, 0xFDFA, 0xFDFA, 0xFDFA, 0xFDFA, 0xFDFA, 0xFDFA, 0xFDDA, 0xFDDA, 0xFDDA, 0xFDDA, 0xFDDA, 0xF5DA, 0xF5DA, 0xFDFA, 0xF5B9,
    0xA3F1, 0xF6FC, 0xFF3D, 0xFF3C, 0xFF3C, 0xFF3C, 0xFF3C, 0xFF3C, 0xFF3C, 0xFF3C, 0xFF3C, 0xFF3C, 0xFF3C, 0xFF3C, 0xFF3C, 0xFF3C,
    0xFF3C, 0xFF3C, 0xFF3C, 0xFF3C, 0xFF3C, 0xFF3C, 0xFF3C, 0xFF3C, 0xFF3C, 0xFF3C, 0xFF3C, 0xFF3C, 0xFF3C, 0xFF3D, 0xFF3C, 0xFF3C,
    0xFF3C, 0xFF3C, 0xFF3C, 0xFF3C, 0xFF3C, 0xFF3C, 0xFF3C, 0xFF3C, 0xFF3C, 0xFF3C, 0xFF3C, 0xFF3C, 0xFF3D, 0xFF3D, 0xFF3D, 0xFF3D,
    0xFF3C, 0xFF3D, 0xFF3D, 0xFF3C, 0xFF3D, 0xFF3C, 0xFF3C, 0xFF3D, 0xFF3C, 0xFF3C, 0xFF3D, 0xFF3D, 0xFF3D, 0xFF3D, 0xFF3D, 0xFF3D,
    0xFF3C, 0xFF3C, 0xFF3C, 0xFF3C, 0xFF3C, 0xFF3C, 0xFF3C, 0xFF3C, 0xFF3C, 0xFF3C, 0xFF3C, 0xFF3C, 0xFF3C, 0xFF3C, 0xFF3C, 0xFF3C,
    0xFF3C, 0xFF3C, 0xFF3C, 0xFF3C, 0xFF3C, 0xFF3C, 0xFF3C, 0xFF3C, 0xFF3C, 0xFF3C, 0xFF3C, 0xFF3C, 0xFF3C, 0xFF7D, 0xDE18, 0xC493,
    0xFE3B, 0xF5DA, 0xFDFA, 0xFDFA, 0xF5FA, 0xFDFA, 0xFDFA, 0xF5FA, 0xFDFA, 0xFDDA, 0xFDDA, 0xFDFA, 0xF558, 0xECD6, 0xFDD9, 0xF5FA,
    0xF5DA, 0xF5FA, 0xF5FA, 0xF5FA, 0xFDFA, 0xF5FA, 0xFDFA, 0xFDFA, 0xF5FA, 0xFDFA, 0xFDFA, 0xFDFA, 0xFDFA, 0xFDFA, 0xFDFA, 0xFDFA,
    0xFDFA, 0xFDFA, 0xFDFA, 0xFDFA, 0xF5DA, 0xFE3B, 0xC473, 0xCC95, 0xFE3B, 0xF5D9, 0xFDDA, 0xFDFA, 0xFDFA, 0xFDFA, 0xFDFA, 0xFDFA,
    0xFDFA, 0xFDFA, 0xFDFA, 0xFDFA, 0xFDFA, 0xFDFA, 0xFDFA, 0xFDFA, 0xFDFA, 0xFDFA, 0xFDFA, 0xFDFA, 0xFDFA, 0xFDFA, 0xFDFA, 0xFDFA,
    0xFDFA, 0xF5FA, 0xF5FA, 0xFDFA, 0xFDDA, 0xFDFA, 0xFDFA, 0xFDFA, 0xFDFA, 0xFDFA, 0xFDFA, 0xFDFA, 0xF5FA, 0xF5FA, 0xFDFA, 0xFDFA,
    0xF5FA, 0xF5FA, 0xF5DA, 0xFDFA, 0xFDFA, 0xF5FA, 0xF5DA, 0xFE1B, 0xC474, 0xB370, 0xE455, 0xDC34, 0xDC34, 0xDC34, 0xDC34, 0xDC55,
    0xDC34, 0xED38, 0xFDFA, 0xF5DA, 0xF5DA, 0xF5DA, 0xF5DA, 0xFDFA, 0xF599, 0x92ED, 0xC371, 0xE4B6, 0xF578, 0xD414, 0xDC34, 0xF599,
    0xFDFA, 0xFDDA, 0xFDDA, 0xFDDA, 0xFDDA, 0xFDDA, 0xFDDA, 0xFDDA, 0xFDDA, 0xFDDA, 0xFDDA, 0xFDDA, 0xF5DA, 0xFDDA, 0xFDD9, 0xF578,
    0xED37, 0xED17, 0xED17, 0xED17, 0xED37, 0xF578, 0xF5B9, 0xFDFA, 0xFDDA, 0xFDDA, 0xFDDA, 0xFDDA, 0xFDDA, 0xFDFA, 0xFDDA, 0xFE3B,
    0xD4D5, 0xBCF4, 0xFF7D, 0xF71C, 0xFF3C, 0xFF3C, 0xFF3C, 0xFF3C, 0xFF3C, 0xFF3C, 0xFF3C, 0xFF3C, 0xFF3C, 0xFF3C, 0xFF3C, 0xFF3C,
    0xFF3C, 0xFF3C, 0xFF3C, 0xFF3C, 0xFF3C, 0xFF3C, 0xFF3C, 0xFF3C, 0xFF3C, 0xFF3C, 0xFF3C, 0xFF3C, 0xFF3C, 0xFF3C, 0xFF3C, 0xFF3C,
    0xFF3C, 0xFF3C, 0xFF3C, 0xFF3C, 0xFF3C, 0xFF3C, 0xFF3C, 0xFF3C, 0xFF3C, 0xFF3C, 0xFF3C, 0xFF3C, 0xFF3C, 0xFF3C, 0xFF3C, 0xFF3C,
    0xFF3C, 0xFF3C, 0xFF3C, 0xFF3C, 0xFF3C, 0xFF3C, 0xFF3C, 0xFF3C, 0xFF3C, 0xFF3C, 0xFF3C, 0xFF3C, 0xFF3C, 0xFF3C, 0xFF3C, 0xFF3C,
    0xFF3C, 0xFF3C, 0xFF3C, 0xFF3C, 0xFF3C, 0xFF3C, 0xFF3C, 0xFF3C, 0xFF3C, 0xFF3C, 0xFF3C, 0xFF3C, 0xFF3C, 0xFF3D, 0xFF3D, 0xFF3C,
    0xFF3C, 0xFF3C, 0xFF3C, 0xFF3D, 0xFF3C, 0xFF3C, 0xFF3C, 0xFF3C, 0xFF3C, 0xFF3C, 0xFF3C, 0xFF3C, 0xFF3C, 0xFF7D, 0xDE18, 0xC474,
    0xFE3B, 0xF5DA, 0xFDFA, 0xFDFA, 0xF5FA, 0xFDFA, 0xFDFA, 0xFDFA, 0xFDFA, 0xFDFA, 0xFDFA, 0xF578, 0xECB6, 0xFDDA, 0xFE1A, 0xF5D9,
    0xFDDA, 0xFDFA, 0xFDDA, 0xFDFA, 0xFDFA, 0xFDFA, 0xFDFA, 0xFDFA, 0xFDFA, 0xFDFA, 0xFDFA, 0xFDFA, 0xFDFA, 0xFDFA, 0xFDFA, 0xFDFA,
    0xFDFA, 0xFDFA, 0xFDFA, 0xFDFA, 0xFDFA, 0xFE1B, 0xE578, 0xB3D1, 0xFE1A, 0xF5DA, 0xFDDA, 0xFDFA, 0xFDFA, 0xFDFA, 0xFDFA, 0xFDDA,
    0xFDFA, 0xFDFA, 0xFDFA, 0xFDFA, 0xFDFA, 0xF5FA, 0xFDFA, 0xFDFA, 0xFDFA, 0xFDFA, 0xFDFA, 0xFDFA, 0xFDFA, 0xFDFA, 0xFDFA, 0xFDFA,
    0xFDFA, 0xF5FA, 0xFDFA, 0xFDFA, 0xFDDA, 0xFDFA, 0xFDFA, 0xFDFA, 0xFDFA, 0xFDFA, 0xFDFA, 0xFDFA, 0xFDDA, 0xFDFA, 0xFDFA, 0xFDDA,
    0xF5FA, 0xF5FA, 0xF5FA, 0xFDFA, 0xFDFA, 0xFDFA, 0xFDDA, 0xFDFA, 0xE578, 0xA34F, 0xE434, 0xDC34, 0xDC34, 0xDC34, 0xDC35, 0xDC34,
    0xECF7, 0xFDFA, 0xFDDA, 0xFDDA, 0xF5DA, 0xF5DA, 0xF5DA, 0xFE1B, 0xABB1, 0xA2EE, 0xDBD3, 0xECF7, 0xDC14, 0xDC34, 0xF599, 0xFDDA,
    0xFDDA, 0xFDDA, 0xFDDA, 0xFDFA, 0xFDDA, 0xFDDA, 0xFDFA, 0xFDDA, 0xFDDA, 0xFDFA, 0xFDDA, 0xFDFA, 0xFDFA, 0xF558, 0xE4F6, 0xE537,
    0xED78, 0xF5B9, 0xF5B9, 0xF5B9, 0xF599, 0xED78, 0xED37, 0xED58, 0xFDD9, 0xFDDA, 0xFDFA, 0xFDDA, 0xFDDA, 0xFDFA, 0xFDDA, 0xFDDA,
    0xFDFA, 0xAC11, 0xEEBB, 0xFF3D, 0xFF3C, 0xFF3C, 0xFF3C, 0xFF3C, 0xFF3C, 0xFF3C, 0xFF3C, 0xFF3C, 0xFF3C, 0xFF3C, 0xFF3C, 0xFF3C,
    0xFF3C, 0xFF3C, 0xFF3C, 0xFF3C, 0xFF3C, 0xFF3C, 0xFF3C, 0xFF3C, 0xFF3C, 0xFF3C, 0xFF3C, 0xFF3C, 0xFF3C, 0xFF3C, 0xFF3C, 0xFF3C,
    0xFF3C, 0xFF3C, 0xFF3C, 0xFF3C, 0xFF3C, 0xFF3C, 0xFF3C, 0xFF3C, 0xFF3C, 0xFF3C, 0xFF3C, 0xFF3C, 0xFF3D, 0xFF3C, 0xFF3D, 0xFF3D,
    0xFF3D, 0xFF3D, 0xFF3C, 0xFF3C, 0xFF3C, 0xFF3C, 0xFF3C, 0xFF3C, 0xFF3C, 0xFF3C, 0xFF3D, 0xFF3D, 0xFF3D, 0xFF5D, 0xFF3C, 0xFF3D,
};
