// Auto-generated from shock.png
// Size: 240x240 pixels
// Format: RGB565

#include <stdint.h>

const uint16_t emotion_sad_image_width = 240;
const uint16_t emotion_sad_image_height = 240;
const uint16_t emotion_sad_image_data[] = {
    0xCE3C, 0xCE3C, 0xCE3C, 0xCE3C, 0xCE3C, 0xCE3C, 0xCE3C, 0xCE3C, 0xCE3C, 0xCE3C, 0xCE3C, 0xCE3C, 0xCE3C, 0xCE3C, 0xCE3C, 0xCE5C,
    0xCE3C, 0xCE3C, 0xCE3C, 0xCE3C, 0xCE3C, 0xCE3C, 0xCE3C, 0xCE3C, 0xCE3B, 0xCE3C, 0xCE3C, 0xCE3C, 0xCE3C, 0xCE3C, 0xCE3B, 0xCE3C,
    0xCE3C, 0xCE3C, 0xC63C, 0xCE3C, 0xC63C, 0xC63C, 0xC63C, 0xC63C, 0xC63B, 0xC63C, 0xC63C, 0xC63C, 0xC63B, 0xC61C, 0xC63C, 0xC63C,
    0xC63C, 0xC63C, 0xC63B, 0xBE1C, 0xC63C, 0xBE3C, 0xBE3C, 0xBE3C, 0xBE1C, 0xBE3C, 0xB63C, 0xB61C, 0xB61B, 0xB61C, 0xB61C, 0xB61C,
    0xB63B, 0xB63C, 0xB61C, 0xB61C, 0xB61C, 0xB61C, 0xB63C, 0xB63C, 0xBE1C, 0xBE1C, 0xBE1C, 0xBE3C, 0xBE3C, 0xB63C, 0xB63C, 0xB61C,
    0xB63C, 0xB63C, 0xBE1C, 0xBE1C, 0xB61C, 0xB63B, 0xB61C, 0xB61C, 0xB61C, 0xB61C, 0xB63C, 0xAE1C, 0xAE1C, 0xAE1C, 0xAE1C, 0xB61C,
    0xB61C, 0xAE1C, 0xAE3C, 0xAE3C, 0xAE3C, 0xAE3C, 0xAE3C, 0xAE1C, 0xAE1C, 0xAE3B, 0xAE1C, 0xA63C, 0xA61C, 0xA61C, 0xA63C, 0xA63B,
    0xA61C, 0xA61C, 0x9E1C, 0x9E1C, 0x9E3C, 0x9E1C, 0x9E3C, 0x963C, 0x961C, 0x961B, 0x961C, 0x961C, 0x961C, 0x963B, 0x961C, 0x961C,
    0x961C, 0x963C, 0x963C, 0x963B, 0x963C, 0x961C, 0x961C, 0x8E1C, 0x8E1C, 0x8E1C, 0x8E1C, 0x8E1C, 0x8E1C, 0x8E3C, 0x8E1C, 0x8E1C,
    0x8E1C, 0x8E3C, 0x8E1C, 0x8E1C, 0x8E1C, 0x8E1C, 0x8E1C, 0x8E1C, 0x8E1C, 0x8E1C, 0x8E3C, 0x8E3C, 0x8E3C, 0x8E1C, 0x8E1C, 0x8E1C,
    0x8E1C, 0x8E1C, 0x8E3C, 0x8E1C, 0x8E1C, 0x8E1C, 0x8E1B, 0x8E1C, 0x8E1C, 0x861C, 0x861C, 0x8E3C, 0x8E1C, 0x8E1C, 0x8E1C, 0x861C,
    0x8E1C, 0x8E1C, 0x8E1C, 0x8E1C, 0x861C, 0x8E1C, 0x8E1C, 0x8E1C, 0x8E1C, 0x8E1C, 0x8E1B, 0x8E1C, 0x8E1C, 0x8E1C, 0x8E1C, 0x8E1C,
    0x8E1B, 0x861C, 0x8E1C, 0x8E1C, 0x8E1C, 0x8E1C, 0x8E1C, 0x8E1C, 0x8E1C, 0x8E1C, 0x8E1C, 0x8E1C, 0x8E1C, 0x8E1C, 0x8E1B, 0x8E1C,
    0x8E1C, 0x861C, 0x861C, 0x861C, 0x861B, 0x861C, 0x861C, 0x861C, 0x861C, 0x861C, 0x861C, 0x8E1C, 0x8E1C, 0x8E1C, 0x8E1B, 0x861B,
    0x861C, 0x861C, 0x8E1C, 0x861C, 0x8E1C, 0x8E1C, 0x8E1C, 0x8E1C, 0x8E1C, 0x8E1C, 0x8E1C, 0x8E1C, 0x8E1C, 0x8E3C, 0x8E3C, 0x8E3C,
    0xCE3C, 0xCE3C, 0xCE3B, 0xCE3C, 0xCE3C, 0xCE3C, 0xCE3B, 0xCE3C, 0xCE3C, 0xCE3C, 0xCE3C, 0xCE3C, 0xCE3C, 0xCE3B, 0xCE3B, 0xCE3C,
    0xCE3B, 0xCE3B, 0xCE3C, 0xCE3C, 0xCE3C, 0xCE3C, 0xCE3B, 0xCE3C, 0xCE3C, 0xCE3C, 0xCE3B, 0xCE3C, 0xCE3C, 0xCE3C, 0xCE1C, 0xC63C,
    0xC63C, 0xC63C, 0xC63B, 0xC63C, 0xC63C, 0xC63B, 0xC63B, 0xC63C, 0xC63C, 0xC63C, 0xC61B, 0xC61C, 0xC61C, 0xC61C, 0xC63C, 0xC61C,
    0xC63C, 0xBE3C, 0xBE3C, 0xBE1C, 0xBE3C, 0xBE1C, 0xB63B, 0xB61C, 0xB61C, 0xB63B, 0xB63B, 0xB63C, 0xB63C, 0xB61C, 0xB61C, 0xB63B,
    0xB61C, 0xB61C, 0xB61B, 0xB63B, 0xB63B, 0xB61C, 0xB61C, 0xB61C, 0xB61C, 0xB61C, 0xBE1B, 0xB61B, 0xB61C, 0xB63B, 0xB63B, 0xB61C,
    0xB61C, 0xB61C, 0xB61B, 0xB61B, 0xB61C, 0xB61C, 0xB61C, 0xB61B, 0xAE1C, 0xAE1C, 0xAE1C, 0xAE1C, 0xAE1C, 0xAE1C, 0xAE1B, 0xB61B,
    0xAE1C, 0xAE1B, 0xAE3B, 0xAE3C, 0xAE3C, 0xAE3C, 0xAE1C, 0xAE1B, 0xA61C, 0xA61C, 0xA61C, 0xA63B, 0xA61C, 0xA61C, 0xA61C, 0x9E1C,
    0x9E1C, 0x9E1C, 0x9E1C, 0x961B, 0x9E1C, 0x961B, 0x963B, 0x961B, 0x961C, 0x961B, 0x961C, 0x961B, 0x961C, 0x961C, 0x961C, 0x8E1C,
    0x8E3C, 0x961C, 0x961C, 0x961C, 0x961C, 0x961C, 0x8E1C, 0x8E1B, 0x8E1C, 0x8E1C, 0x8E1B, 0x8E1B, 0x8E1C, 0x8E1C, 0x8E1C, 0x8E1C,
    0x8E1C, 0x8E1C, 0x8E1C, 0x8E1B, 0x8E1C, 0x8E1C, 0x8E1C, 0x8E1C, 0x8E1C, 0x8E1C, 0x8E1C, 0x8E1B, 0x8E1C, 0x8E1C, 0x8E1B, 0x8E1B,
    0x8E1C, 0x861C, 0x8E1C, 0x8E1C, 0x8E1B, 0x8E1C, 0x861B, 0x8E1B, 0x8E1B, 0x861C, 0x8E1C, 0x8E1C, 0x861C, 0x8E1C, 0x861C, 0x861B,
    0x8E1B, 0x8E1C, 0x8E1B, 0x8E1B, 0x8E1C, 0x8E1C, 0x861C, 0x861C, 0x8E1B, 0x8E1C, 0x8E1C, 0x8E1C, 0x8E1B, 0x8E1C, 0x861C, 0x861C,
    0x861B, 0x861C, 0x861C, 0x861C, 0x861B, 0x861C, 0x861C, 0x861B, 0x8E1B, 0x861C, 0x861C, 0x861C, 0x861B, 0x861C, 0x861C, 0x861C,
    0x8E1B, 0x861C, 0x861C, 0x861C, 0x861C, 0x861C, 0x861C, 0x861C, 0x861B, 0x861C, 0x861C, 0x861B, 0x8E1B, 0x861C, 0x861C, 0x861C,
    0x861C, 0x861C, 0x861C, 0x861C, 0x861C, 0x861C, 0x861C, 0x8E1C, 0x8E1C, 0x8E1C, 0x8E1C, 0x8E1C, 0x8E1C, 0x8E1C, 0x8E3C, 0x8E3C,
    0xCE3C, 0xCE3C, 0xCE3C, 0xCE3C, 0xCE3C, 0xCE3C, 0xCE3C, 0xCE3C, 0xCE3C, 0xCE3C, 0xCE3C, 0xCE3C, 0xCE3C, 0xCE3C, 0xCE3B, 0xCE3C,
    0xCE3C, 0xCE3C, 0xCE3C, 0xCE3C, 0xCE3C, 0xCE3C, 0xCE3C, 0xCE3B, 0xCE3C, 0xCE3C, 0xCE3C, 0xCE3C, 0xC63C, 0xCE3C, 0xC63C, 0xC63B,
    0xC63C, 0xC63C, 0xC63C, 0xC63C, 0xC61C, 0xC63C, 0xC63C, 0xC63C, 0xC63C, 0xC63C, 0xC61C, 0xBE1C, 0xBE1C, 0xBE3C, 0xBE1C, 0xBE1C,
    0xBE1C, 0xBE3C, 0xBE1C, 0xBE1C, 0xB63C, 0xB61C, 0xB63C, 0xB63C, 0xB61C, 0xB63C, 0xB63C, 0xB63C, 0xAE1C, 0xAE1B, 0xAE1C, 0xAE1B,
    0xAE3C, 0xAE1C, 0xAE1C, 0xAE1C, 0xB61C, 0xB61C, 0xB61C, 0xB61C, 0xB61B, 0xB61C, 0xB61C, 0xB63C, 0xB61C, 0xB61C, 0xB61C, 0xB61C,
    0xB61C, 0xB61C, 0xB61C, 0xB61C, 0xB61C, 0xB61C, 0xAE1C, 0xAE1C, 0xAE1C, 0xAE1C, 0xAE3C, 0xAE1C, 0xAE1C, 0xAE1C, 0xAE1C, 0xAE1B,
    0xAE1C, 0xAE1C, 0xAE1C, 0xA61C, 0xA61C, 0xA61C, 0xAE1C, 0xA61C, 0xA61C, 0xA61C, 0xA61C, 0x9E1C, 0x9E1C, 0x9E1C, 0x9E1C, 0x9E1C,
    0x9E1B, 0x961C, 0x961C, 0x961C, 0x961C, 0x961C, 0x961C, 0x961C, 0x961B, 0x961B, 0x961C, 0x8E1C, 0x8E1C, 0x961C, 0x8E1C, 0x8E1C,
    0x961C, 0x961C, 0x9E1C, 0x961C, 0x961C, 0x8E1C, 0x8E1C, 0x8E1C, 0x8E1C, 0x8E1C, 0x8E1C, 0x8E1C, 0x8E1C, 0x8E1C, 0x8E1C, 0x8E1C,
    0x8E1C, 0x8E1C, 0x8E1C, 0x8E1C, 0x8E1C, 0x8E1C, 0x8E1C, 0x8E1C, 0x8E1C, 0x8E1B, 0x8E1C, 0x8E1C, 0x8E1C, 0x8E1C, 0x8E1C, 0x8E1C,
    0x861C, 0x861C, 0x8E1C, 0x861C, 0x861C, 0x8E1B, 0x8E1C, 0x8E1C, 0x8E1C, 0x8E1C, 0x8E1C, 0x8E1C, 0x861C, 0x8E1B, 0x8E1C, 0x861C,
    0x8E1B, 0x8E1C, 0x8E1C, 0x8E1C, 0x8E1C, 0x8E1C, 0x8E1C, 0x8E1C, 0x8E1C, 0x861C, 0x861C, 0x861B, 0x861C, 0x861C, 0x861C, 0x861C,
    0x861C, 0x861C, 0x861C, 0x861C, 0x861B, 0x861C, 0x861C, 0x861C, 0x861C, 0x861C, 0x861B, 0x861C, 0x861C, 0x861C, 0x861C, 0x861C,
    0x861C, 0x861C, 0x8E1B, 0x861C, 0x861C, 0x861C, 0x861B, 0x861C, 0x861C, 0x861C, 0x861C, 0x861C, 0x861C, 0x861C, 0x861C, 0x861C,
    0x861C, 0x861C, 0x861C, 0x861C, 0x861C, 0x861C, 0x861C, 0x861C, 0x861C, 0x861C, 0x8E1C, 0x8E1C, 0x8E1C, 0x8E3C, 0x8E3C, 0x8E1C,
    0xCE3C, 0xCE3B, 0xCE3C, 0xCE3C, 0xCE3C, 0xCE3C, 0xCE3C, 0xCE3B, 0xCE3C, 0xCE3C, 0xCE3C, 0xCE3B, 0xCE3C, 0xCE3C, 0xCE3C, 0xCE3C,
    0xCE3C, 0xCE3C, 0xCE3C, 0xCE3C, 0xCE3C, 0xCE3B, 0xCE3C, 0xCE3C, 0xC63C, 0xC63C, 0xCE3C, 0xC63B, 0xC63C, 0xC63C, 0xC63C, 0xC63C,
    0xC63C, 0xC61C, 0xC63C, 0xC63C, 0xC61C, 0xC61C, 0xC63C, 0xC63C, 0xBE1C, 0xBE1B, 0xBE1C, 0xBE1C, 0xBE1C, 0xBE1C, 0xBE3C, 0xBE3C,
    0xBE1C, 0xB63C, 0xB61C, 0xB63C, 0xB63B, 0xB61C, 0xB63C, 0xB61C, 0xB63C, 0xAE3C, 0xAE1C, 0xAE1B, 0xAE1C, 0xAE1C, 0xAE1C, 0xAE1C,
    0xAE3C, 0xAE1C, 0xB61C, 0xB61B, 0xB61C, 0xB61C, 0xB61C, 0xB61C, 0xB61C, 0xB61C, 0xB63C, 0xB61C, 0xB63C, 0xB61C, 0xB61C, 0xB61B,
    0xB61C, 0xB61C, 0xAE1B, 0xAE1C, 0xAE1C, 0xAE1C, 0xAE1C, 0xAE1C, 0xAE3C, 0xAE1C, 0xAE1C, 0xAE1C, 0xAE1C, 0xAE1C, 0xAE1C, 0xA61C,
    0xA61C, 0xA61C, 0xA61C, 0xA61B, 0xA61C, 0xA61C, 0xA61B, 0x9E1C, 0x9E1C, 0x9E1C, 0x9E1C, 0x9E1C, 0x9E1B, 0x961C, 0x961C, 0x961C,
    0x961B, 0x961B, 0x961C, 0x961C, 0x961C, 0x961C, 0x961C, 0x8E1B, 0x8E1B, 0x8E1C, 0x961C, 0x961C, 0x8E1C, 0x8E1C, 0x8E1C, 0x961C,
    0x963B, 0x9E1C, 0x961C, 0x961C, 0x8E1C, 0x8E1C, 0x8E1C, 0x8E1C, 0x8E1C, 0x8E1C, 0x8E1C, 0x8E1C, 0x8E1B, 0x8E1C, 0x8E1C, 0x8E1B,
    0x8E1C, 0x8E1C, 0x8E1C, 0x8E1C, 0x8E1B, 0x8E1C, 0x8E1C, 0x8E1C, 0x8E1C, 0x8E1B, 0x8E1C, 0x8E1C, 0x8E1C, 0x8E1C, 0x8E1C, 0x861C,
    0x861B, 0x861C, 0x861C, 0x861B, 0x861C, 0x8E1C, 0x861C, 0x861C, 0x861C, 0x861B, 0x861C, 0x8E1C, 0x8E1C, 0x8E1B, 0x8E1C, 0x8E1C,
    0x8E1C, 0x8E1B, 0x8E1B, 0x8E1C, 0x8E1B, 0x8E1C, 0x8E1C, 0x8E1B, 0x861C, 0x861C, 0x861C, 0x861B, 0x861C, 0x861B, 0x861C, 0x861B,
    0x861C, 0x861C, 0x861C, 0x861C, 0x8E1C, 0x861C, 0x861C, 0x861C, 0x861B, 0x861B, 0x861C, 0x861B, 0x861C, 0x861C, 0x861C, 0x861C,
    0x861C, 0x861B, 0x861C, 0x861C, 0x861C, 0x861C, 0x861C, 0x861C, 0x861C, 0x861C, 0x861C, 0x861C, 0x861B, 0x861B, 0x861C, 0x861C,
    0x861C, 0x861C, 0x861C, 0x861C, 0x861C, 0x861C, 0x861C, 0x861C, 0x861C, 0x861C, 0x861C, 0x8E1C, 0x8E1C, 0x8E1C, 0x8E1C, 0x8E1C,
    0xCE3C, 0xCE3C, 0xCE3C, 0xCE3B, 0xCE3C, 0xCE3C, 0xCE3C, 0xC63C, 0xC63C, 0xCE3C, 0xCE3C, 0xCE3C, 0xCE3C, 0xCE3C, 0xCE3C, 0xCE3C,
    0xC63C, 0xC63C, 0xCE3C, 0xCE3C, 0xCE3C, 0xCE3C, 0xC63C, 0xC63B, 0xC61C, 0xC61C, 0xC63C, 0xC63C, 0xC63C, 0xC63B, 0xC63C, 0xBE3C,
    0xBE1B, 0xBE1B, 0xBE3B, 0xBE1C, 0xBE1C, 0xBE1C, 0xBE1C, 0xBE1C, 0xBE1C, 0xBE1C, 0xBE1C, 0xBE1B, 0xB61B, 0xB61B, 0xB61C, 0xB61C,
    0xB61C, 0xB63B, 0xB61C, 0xAE1C, 0xAE1C, 0xAE1C, 0xAE3B, 0xAE3C, 0xAE3C, 0xAE1C, 0xAE1C, 0xAE1C, 0xAE1C, 0xAE1C, 0xAE1C, 0xAE3C,
    0xAE3B, 0xB61C, 0xB61C, 0xB61C, 0xB61C, 0xB61B, 0xB61C, 0xB61C, 0xB63C, 0xB61C, 0xB61B, 0xB61C, 0xB61C, 0xB61C, 0xB61C, 0xAE1B,
    0xAE1C, 0xAE1C, 0xAE1C, 0xAE1C, 0xAE3B, 0xAE1C, 0xAE1C, 0xAE1C, 0xAE1C, 0xAE1C, 0xAE1B, 0xAE1C, 0xAE1C, 0xA61C, 0xA61B, 0xA61B,
    0xA61C, 0xA61C, 0xA61C, 0xA61C, 0x9E1B, 0x9E1C, 0x9E1C, 0x9E1C, 0x9E1B, 0x9E1C, 0x961C, 0x961C, 0x961B, 0x961C, 0x961B, 0x961B,
    0x961B, 0x961B, 0x961C, 0x961B, 0x961C, 0x8E1C, 0x8E1C, 0x8E1C, 0x8E1C, 0x8E1C, 0x8E1C, 0x8E1C, 0x8E1B, 0x961C, 0x961C, 0x961C,
    0x961C, 0x961C, 0x8E1B, 0x8E1B, 0x8E1C, 0x8E1C, 0x8E1C, 0x8E1B, 0x8E1C, 0x8E1C, 0x8E1C, 0x8E1C, 0x8E1B, 0x8E1C, 0x8E1C, 0x8E1C,
    0x8E1C, 0x8E1B, 0x8E1C, 0x8E1C, 0x8E1C, 0x8E1C, 0x8E1B, 0x861C, 0x861C, 0x8E1B, 0x8E1C, 0x861B, 0x861B, 0x861B, 0x861C, 0x861C,
    0x861B, 0x861C, 0x861C, 0x861B, 0x861B, 0x861B, 0x861B, 0x861C, 0x861C, 0x861B, 0x861B, 0x8E1B, 0x8E1B, 0x861B, 0x861C, 0x861B,
    0x861B, 0x861B, 0x861C, 0x861C, 0x861B, 0x861B, 0x861C, 0x861C, 0x861C, 0x861B, 0x861B, 0x861B, 0x8E1C, 0x861B, 0x861B, 0x861B,
    0x861B, 0x861B, 0x861C, 0x861B, 0x861B, 0x861C, 0x861C, 0x861C, 0x861C, 0x861C, 0x861C, 0x861C, 0x861C, 0x861B, 0x861C, 0x861C,
    0x861C, 0x861C, 0x861C, 0x861B, 0x861C, 0x861C, 0x861C, 0x861B, 0x861B, 0x861B, 0x861C, 0x861C, 0x861C, 0x861B, 0x861C, 0x861C,
    0x861C, 0x861C, 0x861C, 0x861C, 0x861C, 0x861C, 0x861C, 0x861C, 0x861C, 0x861C, 0x861C, 0x8E1C, 0x8E1C, 0x8E1C, 0x8E1C, 0x8E1C,
    0xCE3C, 0xCE3C, 0xCE3C, 0xCE3C, 0xCE3C, 0xCE3B, 0xC63C, 0xC63C, 0xCE3C, 0xCE3C, 0xCE3C, 0xCE3C, 0xCE3C, 0xCE3C, 0xC63C, 0xC63C,
    0xC63B, 0xC63B, 0xC63C, 0xC63C, 0xC63C, 0xC63B, 0xC63C, 0xC61C, 0xC63C, 0xC63B, 0xC63B, 0xBE1C, 0xC63C, 0xBE3C, 0xBE1B, 0xBE1B,
    0xBE1B, 0xBE1C, 0xBE1C, 0xBE1C, 0xBE1B, 0xBE3B, 0xBE3C, 0xBE1C, 0xB61B, 0xB61B, 0xB61B, 0xB61C, 0xB61B, 0xB61B, 0xB61B, 0xB61B,
    0xB61C, 0xAE1C, 0xAE1C, 0xAE1C, 0xAE3C, 0xAE3C, 0xAE3C, 0xAE3C, 0xAE3B, 0xA61C, 0xAE1C, 0xAE1C, 0xAE1B, 0xAE1B, 0xAE1C, 0xAE1C,
    0xB61C, 0xB61C, 0xB61C, 0xB61C, 0xB61B, 0xB61C, 0xB61C, 0xB61C, 0xB61C, 0xB61C, 0xB61C, 0xB61C, 0xB61B, 0xAE1B, 0xAE1B, 0xAE1C,
    0xAE1C, 0xAE1C, 0xAE1B, 0xAE1B, 0xAE1C, 0xAE1C, 0xAE1B, 0xAE3C, 0xA61B, 0xA61C, 0xA61C, 0xA61B, 0xA61B, 0xA61C, 0xA61C, 0xA61C,
    0xA61B, 0x9E1B, 0x9E1B, 0x9E1C, 0x9E1B, 0x9E1B, 0x9E1B, 0x9E1B, 0x961C, 0x961C, 0x961C, 0x961B, 0x961B, 0x961B, 0x961C, 0x961B,
    0x961B, 0x8E1B, 0x8E1C, 0x8E1C, 0x8E1C, 0x8E1B, 0x8E1B, 0x8E1C, 0x8E1C, 0x8E1B, 0x8E1C, 0x8E1C, 0x961C, 0x961C, 0x961C, 0x961C,
    0x8E1C, 0x8E1C, 0x8E1C, 0x8E1C, 0x8E1C, 0x8E1C, 0x8E1C, 0x8E1C, 0x8E1C, 0x8E1B, 0x8E1C, 0x8E1C, 0x8E1C, 0x8E1C, 0x8E1C, 0x861C,
    0x861C, 0x8E1C, 0x8E1C, 0x8E1B, 0x8E1B, 0x8E1C, 0x8E1C, 0x861C, 0x861C, 0x861C, 0x8E1C, 0x861C, 0x861C, 0x861B, 0x861B, 0x8E1C,
    0x8E1C, 0x861B, 0x861B, 0x861B, 0x861B, 0x861C, 0x861B, 0x861B, 0x8E1C, 0x861B, 0x861B, 0x861B, 0x861B, 0x861B, 0x861C, 0x861C,
    0x861C, 0x861B, 0x861B, 0x861B, 0x861C, 0x861B, 0x861B, 0x861B, 0x861B, 0x861C, 0x861C, 0x861B, 0x861B, 0x861B, 0x861B, 0x861C,
    0x861B, 0x861B, 0x861C, 0x861C, 0x861C, 0x861C, 0x861B, 0x861B, 0x8E1C, 0x861C, 0x861B, 0x861B, 0x861B, 0x861C, 0x861C, 0x861C,
    0x861B, 0x861C, 0x861C, 0x861C, 0x861B, 0x861B, 0x861B, 0x861C, 0x861C, 0x861B, 0x861B, 0x861C, 0x861C, 0x861C, 0x861C, 0x861C,
    0x861C, 0x861C, 0x861C, 0x861C, 0x861C, 0x861C, 0x861C, 0x861C, 0x861C, 0x861C, 0x8E1C, 0x8E1C, 0x8E1C, 0x8E1C, 0x8E1C, 0x8E1C,
    0xCE3C, 0xCE3C, 0xCE3C, 0xCE3C, 0xC63C, 0xC63C, 0xC63C, 0xCE3C, 0xCE3C, 0xCE3C, 0xC63B, 0xC63C, 0xC63C, 0xC63C, 0xC63C, 0xC63C,
    0xC63C, 0xC63B, 0xC63C, 0xC63C, 0xC63C, 0xC63C, 0xBE3C, 0xBE1C, 0xBE1C, 0xBE1B, 0xBE3C, 0xBE3C, 0xBE3C, 0xBE1C, 0xBE3B, 0xBE1C,
    0xBE1B, 0xBE1B, 0xBE1C, 0xBE1B, 0xB61C, 0xB61B, 0xB61C, 0xB61C, 0xB63B, 0xB61C, 0xB61C, 0xAE1B, 0xAE1B, 0xAE1B, 0xAE1C, 0xAE1C,
    0xAE1C, 0xAE1C, 0xAE1B, 0xAE1C, 0xA61C, 0xA61C, 0xA61C, 0xA61C, 0xAE1C, 0xAE1C, 0xAE3C, 0xAE1C, 0xAE1C, 0xAE1C, 0xAE1C, 0xB61C,
    0xB63C, 0xB61C, 0xB61C, 0xB61C, 0xB61C, 0xB61C, 0xB61B, 0xB61B, 0xB61C, 0xB61B, 0xB61B, 0xAE1C, 0xAE1B, 0xAE1B, 0xAE1B, 0xAE1C,
    0xAE1C, 0xAE1C, 0xAE1B, 0xAE1B, 0xAE1C, 0xAE1B, 0xA61C, 0xA61C, 0xA61B, 0xA61C, 0xA61B, 0xA61B, 0xA61C, 0xA61C, 0xA61C, 0x9E1C,
    0x9E1C, 0x9E1B, 0x9E1B, 0x961C, 0x961B, 0x961B, 0x961B, 0x961C, 0x961C, 0x961C, 0x961C, 0x961C, 0x961C, 0x8E1C, 0x8E1B, 0x8E1B,
    0x8E1C, 0x8E1B, 0x8E1C, 0x8E1B, 0x8E1C, 0x8E1C, 0x8E1C, 0x8E1C, 0x8E1C, 0x8E1B, 0x8E1C, 0x8E1C, 0x961C, 0x961C, 0x8E1C, 0x8E1C,
    0x8E1B, 0x8E1B, 0x8E1C, 0x8E1B, 0x8E1C, 0x8E1C, 0x8E1B, 0x8E1B, 0x8E1B, 0x8E1C, 0x8E1C, 0x8E1C, 0x8E1C, 0x8E1B, 0x8E1C, 0x861C,
    0x861C, 0x8E1C, 0x8E1C, 0x861C, 0x861C, 0x861C, 0x8E1C, 0x861B, 0x861C, 0x861C, 0x861B, 0x861C, 0x861C, 0x861C, 0x861B, 0x861B,
    0x8E1C, 0x8E1B, 0x8E1B, 0x8E1B, 0x861B, 0x861C, 0x861C, 0x861C, 0x861C, 0x861C, 0x861C, 0x861B, 0x861B, 0x861C, 0x861B, 0x861B,
    0x861B, 0x861B, 0x861B, 0x861B, 0x861C, 0x861B, 0x861B, 0x861C, 0x861C, 0x861C, 0x861B, 0x861C, 0x861B, 0x861B, 0x861C, 0x861B,
    0x861B, 0x861C, 0x861C, 0x861C, 0x861B, 0x861B, 0x861B, 0x861B, 0x861C, 0x861C, 0x861B, 0x861B, 0x861B, 0x861C, 0x861C, 0x861C,
    0x861B, 0x861B, 0x861C, 0x861C, 0x861B, 0x861C, 0x861B, 0x861B, 0x861B, 0x861B, 0x861B, 0x861C, 0x861C, 0x861C, 0x861B, 0x8E1B,
    0x861C, 0x861C, 0x861C, 0x861C, 0x861C, 0x8E1C, 0x8E1C, 0x861C, 0x861C, 0x861C, 0x8E1C, 0x8E1C, 0x8E1C, 0x8E1C, 0x8E1C, 0x8E1C,
    0xCE3C, 0xCE3C, 0xC63C, 0xC63C, 0xC63B, 0xC63C, 0xC63C, 0xCE3C, 0xC63C, 0xC63C, 0xC63C, 0xC63C, 0xC63C, 0xC63C, 0xC63C, 0xC63C,
    0xC63C, 0xC63C, 0xC63C, 0xBE3C, 0xBE3C, 0xBE3C, 0xBE1C, 0xBE1C, 0xBE1B, 0xBE1C, 0xBE3C, 0xBE3B, 0xBE1C, 0xBE1C, 0xBE1B, 0xBE1B,
    0xB61C, 0xB61C, 0xB63B, 0xB63C, 0xB61C, 0xB61C, 0xB61B, 0xB61B, 0xAE1C, 0xAE1C, 0xAE1C, 0xAE1C, 0xAE1B, 0xAE1C, 0xAE1C, 0xA61B,
    0xA61C, 0xA61C, 0xA61B, 0xA61B, 0xA63B, 0xA61C, 0xAE3B, 0xAE1C, 0xAE1C, 0xAE1C, 0xAE1B, 0xAE1C, 0xAE1C, 0xAE1C, 0xAE1C, 0xAE1C,
    0xAE3C, 0xAE1C, 0xAE1C, 0xAE1B, 0xAE1C, 0xB61C, 0xB61C, 0xB61C, 0xB61B, 0xAE1C, 0xAE1B, 0xAE1B, 0xAE1B, 0xAE1C, 0xAE1B, 0xAE1B,
    0xAE1C, 0xA61C, 0xA61B, 0xA61C, 0xA61B, 0xA61B, 0xA61C, 0xA61C, 0x9E1C, 0x9E1C, 0x9E1C, 0x9E1C, 0x9E1C, 0x9E1C, 0x9E1B, 0x9E1B,
    0x961B, 0x961C, 0x961B, 0x961B, 0x961B, 0x961C, 0x961B, 0x961C, 0x961C, 0x961B, 0x961C, 0x961C, 0x961C, 0x8E1C, 0x8E1C, 0x8E1C,
    0x8E1C, 0x8E1C, 0x8E1C, 0x8E1B, 0x8E1C, 0x8E1C, 0x8E1C, 0x8E1B, 0x8E1C, 0x8E1C, 0x8E1C, 0x8E1C, 0x8E1C, 0x8E1C, 0x8E1C, 0x8E1C,
    0x8E1B, 0x8E1C, 0x8E1C, 0x8E1C, 0x8E1C, 0x8E1C, 0x8E1C, 0x8E1B, 0x8E1C, 0x8E1C, 0x8E1C, 0x8E1B, 0x8E1C, 0x8E1C, 0x8E1C, 0x861C,
    0x861C, 0x861B, 0x861C, 0x861C, 0x861C, 0x861C, 0x861C, 0x861B, 0x861B, 0x8E1B, 0x861C, 0x861B, 0x861C, 0x861C, 0x861C, 0x861B,
    0x8E1B, 0x861B, 0x8E1B, 0x861B, 0x861C, 0x861C, 0x861B, 0x861C, 0x861C, 0x861C, 0x861C, 0x861C, 0x861B, 0x861B, 0x861C, 0x861B,
    0x861B, 0x861B, 0x861C, 0x861B, 0x861B, 0x861B, 0x861C, 0x861B, 0x861C, 0x861C, 0x861B, 0x861C, 0x861B, 0x861B, 0x861C, 0x861C,
    0x861B, 0x861B, 0x861C, 0x861C, 0x861B, 0x8E1B, 0x861C, 0x861C, 0x861B, 0x861B, 0x861C, 0x861B, 0x861C, 0x861C, 0x861B, 0x861C,
    0x861C, 0x861B, 0x861C, 0x861C, 0x861C, 0x861C, 0x861B, 0x861C, 0x861B, 0x861B, 0x861B, 0x861C, 0x861B, 0x861B, 0x861B, 0x861B,
    0x861C, 0x861C, 0x861C, 0x861C, 0x861C, 0x8E1C, 0x8E1C, 0x861C, 0x861C, 0x861C, 0x8E1C, 0x8E1C, 0x8E1C, 0x8E1C, 0x8E1C, 0x8E3C,
    0xCE3C, 0xC63B, 0xC63C, 0xC63C, 0xC63B, 0xC63C, 0xC63C, 0xC63B, 0xC63C, 0xC63C, 0xC61C, 0xC63C, 0xC63C, 0xC63C, 0xBE3C, 0xBE3C,
    0xBE3B, 0xBE3C, 0xBE3C, 0xBE1C, 0xBE3C, 0xBE3B, 0xBE1B, 0xBE1C, 0xBE3B, 0xBE1B, 0xBE3C, 0xBE3B, 0xB61C, 0xB61C, 0xB61C, 0xB61B,
    0xB61C, 0xB61C, 0xB61C, 0xB63C, 0xB61B, 0xAE1C, 0xAE1C, 0xAE1C, 0xAE1C, 0xAE3B, 0xA63B, 0xA61C, 0xA61B, 0xA61B, 0xA61B, 0xA61B,
    0xA61B, 0xA61C, 0xA61C, 0xA61B, 0xA63B, 0xAE1C, 0xAE1C, 0xAE1C, 0xAE3B, 0xAE1B, 0xAE1C, 0xAE1C, 0xAE1C, 0xAE3C, 0xAE3B, 0xAE1C,
    0xAE1C, 0xAE1B, 0xAE1C, 0xAE1B, 0xAE1B, 0xAE1B, 0xAE1C, 0xAE1C, 0xAE1B, 0xAE1C, 0xAE1C, 0xAE1C, 0xAE1B, 0xAE1B, 0xAE1C, 0xA61B,
    0xA61C, 0xA61B, 0xA61B, 0xA61C, 0xA61C, 0xA61B, 0x9E1C, 0x9E1B, 0x9E1B, 0x9E1C, 0x9E1B, 0x9E1C, 0x9E1B, 0x961B, 0x961C, 0x961C,
    0x961B, 0x961B, 0x961C, 0x961C, 0x961C, 0x961C, 0x8E1B, 0x8E1B, 0x8E1C, 0x8E1B, 0x8E1C, 0x8E1C, 0x8E1B, 0x8E1B, 0x8E1C, 0x8E1C,
    0x8E1B, 0x8E1C, 0x8E1C, 0x8E1C, 0x8E1C, 0x8E1B, 0x8E1B, 0x8E1C, 0x8E1C, 0x8E1C, 0x8E1B, 0x8E1B, 0x8E1C, 0x8E1C, 0x8E1C, 0x8E1C,
    0x8E1B, 0x8E1B, 0x861B, 0x861C, 0x8E1B, 0x8E1B, 0x861C, 0x861C, 0x861C, 0x861B, 0x861C, 0x861C, 0x861C, 0x861C, 0x861B, 0x861B,
    0x861C, 0x8E1C, 0x861B, 0x861C, 0x861B, 0x861B, 0x861C, 0x861C, 0x861B, 0x861B, 0x861C, 0x861C, 0x861C, 0x861B, 0x861B, 0x861C,
    0x8E1B, 0x861C, 0x861B, 0x861B, 0x861B, 0x861C, 0x861B, 0x861B, 0x861B, 0x861B, 0x8E1B, 0x861C, 0x861C, 0x861B, 0x861C, 0x861C,
    0x861C, 0x861B, 0x861B, 0x861C, 0x861B, 0x861C, 0x861C, 0x861B, 0x861C, 0x861C, 0x861B, 0x861C, 0x861C, 0x861B, 0x861C, 0x861C,
    0x861C, 0x861B, 0x861C, 0x861C, 0x861C, 0x861B, 0x861B, 0x861C, 0x861C, 0x861C, 0x861C, 0x861B, 0x861B, 0x861C, 0x861B, 0x861C,
    0x861C, 0x861B, 0x861B, 0x861C, 0x861C, 0x861B, 0x861B, 0x861C, 0x861C, 0x861B, 0x861B, 0x861B, 0x861C, 0x861B, 0x861C, 0x861B,
    0x861C, 0x861C, 0x861C, 0x861C, 0x8E1B, 0x8E1B, 0x861C, 0x861C, 0x861B, 0x861C, 0x8E1C, 0x8E1C, 0x8E1C, 0x8E1C, 0x8E1C, 0x8E1C,
    0xC63C, 0xC63C, 0xC63C, 0xC63C, 0xC63C, 0xC63C, 0xC63C, 0xC63C, 0xC63C, 0xBE1C, 0xBE1C, 0xBE3C, 0xBE3C, 0xBE3C, 0xBE3C, 0xBE3C,
    0xBE1C, 0xBE3C, 0xBE3B, 0xBE3C, 0xBE3C, 0xBE3B, 0xBE1C, 0xBE1C, 0xBE1C, 0xBE1C, 0xB61C, 0xB63B, 0xB61C, 0xB61B, 0xB61C, 0xB61C,
    0xB61C, 0xAE1B, 0xAE1C, 0xAE1C, 0xAE1C, 0xAE1C, 0xAE1C, 0xA61C, 0xA61C, 0xA61B, 0xA61C, 0xA61B, 0xA61C, 0xA61B, 0xA61C, 0xA61B,
    0xA61C, 0xA61B, 0xA61C, 0xA61B, 0xAE1C, 0xAE1B, 0xAE1C, 0xAE1C, 0xAE1B, 0xAE1C, 0xAE1C, 0xAE1C, 0xAE1C, 0xAE1C, 0xAE3C, 0xAE3C,
    0xAE1C, 0xAE1C, 0xAE1C, 0xAE1C, 0xAE1C, 0xAE1B, 0xAE1C, 0xAE1C, 0xAE1B, 0xAE1B, 0xAE1B, 0xAE1C, 0xA61C, 0xA61C, 0xA61C, 0xA61B,
    0xA61C, 0xA61C, 0xA61B, 0x9E1C, 0x9E1C, 0x9E1C, 0x9E1C, 0x9E1C, 0x9E1B, 0x9E1C, 0x9E1C, 0x961C, 0x961B, 0x961B, 0x961B, 0x961C,
    0x961C, 0x961C, 0x961C, 0x8E1C, 0x8E1B, 0x8E1C, 0x8E1B, 0x8E1C, 0x8E1B, 0x8E1C, 0x8E1C, 0x8E1C, 0x8E1B, 0x8E1B, 0x8E1B, 0x8E1C,
    0x8E1C, 0x8E1C, 0x8E1B, 0x8E1C, 0x8E1C, 0x8E1C, 0x8E1C, 0x8E1C, 0x8E1B, 0x8E1C, 0x8E1B, 0x8E1B, 0x8E1B, 0x8E1C, 0x8E1C, 0x8E1C,
    0x861B, 0x861B, 0x861B, 0x861C, 0x861B, 0x861C, 0x861B, 0x861B, 0x861B, 0x861B, 0x861C, 0x861C, 0x861C, 0x861C, 0x861C, 0x861B,
    0x861B, 0x861C, 0x861C, 0x861C, 0x861B, 0x861C, 0x861C, 0x861C, 0x861C, 0x861C, 0x861B, 0x861C, 0x861B, 0x861B, 0x8E1B, 0x8E1B,
    0x8E1B, 0x8E1B, 0x8E1C, 0x861B, 0x861C, 0x861B, 0x861C, 0x861B, 0x8E1B, 0x861B, 0x8E1B, 0x861B, 0x861B, 0x861C, 0x861B, 0x861B,
    0x861C, 0x861C, 0x861C, 0x861B, 0x861B, 0x861C, 0x861C, 0x861B, 0x861C, 0x861C, 0x861C, 0x861C, 0x861C, 0x861C, 0x861C, 0x861C,
    0x861C, 0x861C, 0x861C, 0x861B, 0x861C, 0x861B, 0x861B, 0x861C, 0x861C, 0x861C, 0x861C, 0x861B, 0x861B, 0x861B, 0x861C, 0x861C,
    0x861C, 0x861B, 0x861B, 0x861B, 0x861C, 0x861C, 0x861C, 0x861B, 0x861C, 0x861B, 0x861C, 0x861C, 0x861B, 0x861B, 0x861C, 0x861C,
    0x861B, 0x861C, 0x861C, 0x861C, 0x8E1B, 0x8E1B, 0x861B, 0x8E1B, 0x8E1B, 0x861C, 0x861C, 0x861C, 0x8E1C, 0x8E1C, 0x8E1C, 0x8E1C,
    0xC63C, 0xBE3C, 0xBE3C, 0xBE3C, 0xBE3C, 0xBE3C, 0xBE3C, 0xBE3C, 0xBE3C, 0xBE1B, 0xBE1C, 0xBE1C, 0xBE3C, 0xBE3C, 0xBE3C, 0xBE3B,
    0xBE1C, 0xBE3C, 0xBE3C, 0xBE3B, 0xBE3C, 0xBE1C, 0xBE1C, 0xBE1B, 0xB61C, 0xB61C, 0xB63C, 0xB61C, 0xB61C, 0xAE1B, 0xAE1C, 0xAE1C,
    0xAE1C, 0xAE1C, 0xAE1C, 0xA61C, 0xA61C, 0xA61C, 0xA61C, 0x9E1C, 0x9E1B, 0x9E1C, 0x9E1C, 0x9E1C, 0x9E1B, 0x9E1B, 0xA61C, 0xA61C,
    0xA61B, 0xA61B, 0xA61B, 0xA61C, 0xA61C, 0xAE1C, 0xAE1C, 0xAE1C, 0xAE3B, 0xAE1C, 0xAE1C, 0xAE1C, 0xAE1B, 0xAE1C, 0xAE1C, 0xAE1C,
    0xAE1B, 0xAE1C, 0xAE1C, 0xAE1C, 0xAE1C, 0xAE1B, 0xAE1B, 0xAE1C, 0xA61C, 0xA61B, 0xA61C, 0xA61C, 0xA61B, 0xA61C, 0xA61C, 0xA61C,
    0xA61B, 0x9E1C, 0x9E1C, 0x9E1C, 0x9E1B, 0x9E1C, 0x9E1C, 0x961C, 0x961C, 0x961C, 0x961B, 0x961C, 0x961C, 0x961C, 0x961B, 0x961C,
    0x8E1B, 0x8E1C, 0x8E1C, 0x8E1C, 0x8E1B, 0x8E1C, 0x8E1C, 0x8E1C, 0x8E1B, 0x8E1C, 0x8E1C, 0x8E1C, 0x8E1C, 0x8E1B, 0x8E1B, 0x8E1B,
    0x8E1C, 0x8E1C, 0x8E1C, 0x8E1C, 0x8E1C, 0x8E1C, 0x8E1C, 0x8E1C, 0x8E1B, 0x8E1C, 0x8E1C, 0x8E1C, 0x8E1B, 0x8E1B, 0x861B, 0x861C,
    0x861C, 0x861B, 0x861B, 0x861B, 0x861B, 0x861C, 0x861B, 0x861B, 0x861B, 0x861B, 0x861C, 0x861C, 0x861C, 0x861C, 0x861C, 0x861B,
    0x861B, 0x861B, 0x861B, 0x861C, 0x861C, 0x861C, 0x861B, 0x861C, 0x861C, 0x861C, 0x861C, 0x861C, 0x861C, 0x861B, 0x85FC, 0x8E1B,
    0x8E1B, 0x8E1B, 0x8E1C, 0x861C, 0x861C, 0x861B, 0x861C, 0x861C, 0x861C, 0x861B, 0x861B, 0x861B, 0x861B, 0x861C, 0x861B, 0x861B,
    0x861C, 0x861C, 0x861C, 0x861B, 0x85FC, 0x861B, 0x861C, 0x861C, 0x861C, 0x861B, 0x861C, 0x861C, 0x861C, 0x861C, 0x861C, 0x861C,
    0x8E1B, 0x861C, 0x861C, 0x861B, 0x861B, 0x861B, 0x861B, 0x861C, 0x861C, 0x8E1C, 0x8E1C, 0x861C, 0x861C, 0x861B, 0x861B, 0x861C,
    0x861C, 0x861C, 0x861B, 0x861B, 0x861B, 0x861C, 0x8E1C, 0x861C, 0x861C, 0x861C, 0x861C, 0x861C, 0x861B, 0x861C, 0x861B, 0x861C,
    0x861B, 0x861B, 0x861B, 0x861C, 0x8E1C, 0x8E1B, 0x8E1B, 0x8E1B, 0x861B, 0x861C, 0x861C, 0x8E1C, 0x8E1C, 0x8E1C, 0x8E1C, 0x8E1C,
    0xBE3C, 0xBE3C, 0xBE3C, 0xBE3C, 0xBE3C, 0xBE3C, 0xBE3B, 0xBE3B, 0xBE3C, 0xBE3C, 0xBE1B, 0xBE3B, 0xBE3C, 0xBE3C, 0xBE3C, 0xBE3B,
    0xBE1B, 0xB61B, 0xB61C, 0xB61C, 0xB61B, 0xB61B, 0xB61B, 0xB61C, 0xB61B, 0xAE1C, 0xAE3B, 0xAE1B, 0xAE1C, 0xAE1C, 0xAE1C, 0xAE1B,
    0xA61C, 0xA61C, 0x9E1C, 0x9E1B, 0x9E1C, 0x9E1C, 0x9E1C, 0x9E1C, 0x9E1B, 0x9E1B, 0x9E1B, 0x9E1C, 0x9E1B, 0x9E1B, 0xA61B, 0xA63B,
    0xA63B, 0xA61C, 0xA61C, 0xA61B, 0xA61B, 0xA61C, 0xA61B, 0xA61C, 0xAE1B, 0xAE1B, 0xAE1C, 0xAE1C, 0xAE1B, 0xAE3B, 0xAE1C, 0xAE1C,
    0xAE1C, 0xAE1B, 0xAE1C, 0xAE1B, 0xAE1C, 0xAE1C, 0xA61C, 0xA61B, 0xA61B, 0xA61C, 0xA61C, 0xA61C, 0xA61B, 0x9E1B, 0x9E1C, 0x9E1C,
    0x9E1B, 0x9E1B, 0x9E1B, 0x961B, 0x961C, 0x961B, 0x961C, 0x961B, 0x961B, 0x961C, 0x961C, 0x961C, 0x8E1B, 0x8E1B, 0x8E1C, 0x8E1C,
    0x8E1B, 0x8E1B, 0x8E1C, 0x8E1C, 0x8E1C, 0x8E1B, 0x8E1B, 0x8E1B, 0x8E1C, 0x8E1B, 0x8E1C, 0x8E1B, 0x8E1B, 0x8E1C, 0x8E1C, 0x8E1B,
    0x8E1B, 0x8E1B, 0x8E1C, 0x8E1B, 0x8E1B, 0x8E1B, 0x8E1C, 0x8E1C, 0x8E1C, 0x8E1B, 0x8E1B, 0x861B, 0x861C, 0x8E1B, 0x8E1B, 0x8E1B,
    0x861B, 0x861C, 0x861C, 0x861C, 0x861B, 0x861B, 0x861C, 0x861B, 0x8E1B, 0x8E1B, 0x8E1C, 0x861C, 0x861C, 0x861B, 0x861B, 0x861B,
    0x861B, 0x8E1B, 0x861B, 0x861B, 0x861B, 0x861B, 0x861C, 0x861C, 0x861B, 0x861C, 0x861C, 0x861B, 0x861C, 0x861B, 0x861B, 0x861B,
    0x85FC, 0x861B, 0x861B, 0x861C, 0x861C, 0x861B, 0x861B, 0x861B, 0x861B, 0x861B, 0x861C, 0x861C, 0x861B, 0x861B, 0x861C, 0x861C,
    0x861C, 0x861B, 0x861B, 0x861B, 0x861C, 0x861C, 0x861B, 0x861B, 0x861B, 0x861C, 0x861B, 0x861C, 0x861B, 0x861B, 0x861C, 0x861C,
    0x861B, 0x861B, 0x861C, 0x861C, 0x861B, 0x861B, 0x861B, 0x861C, 0x861C, 0x861C, 0x861B, 0x861B, 0x861B, 0x861C, 0x861B, 0x861C,
    0x861B, 0x861B, 0x861B, 0x861C, 0x861B, 0x861B, 0x861B, 0x861C, 0x861C, 0x861B, 0x861B, 0x861B, 0x861C, 0x861C, 0x861C, 0x8E1C,
    0x861C, 0x861C, 0x861B, 0x861B, 0x861C, 0x861B, 0x861B, 0x861B, 0x861B, 0x8E1C, 0x8E1C, 0x8E1C, 0x8E1C, 0x8E1C, 0x8E1C, 0x8E1C,
    0xBE3C, 0xBE3C, 0xBE3C, 0xBE3C, 0xBE1B, 0xBE1C, 0xBE3C, 0xBE3B, 0xBE3C, 0xBE1B, 0xB61C, 0xB63C, 0xBE3C, 0xB63C, 0xB63B, 0xB63C,
    0xB61B, 0xB61B, 0xB61B, 0xB61B, 0xB61B, 0xB61B, 0xB61C, 0xAE1C, 0xAE1B, 0xAE1C, 0xAE1C, 0xAE1B, 0xAE1C, 0xA61C, 0xA61C, 0x9E1C,
    0x9E1B, 0x9E1C, 0x9E1B, 0x9E1B, 0x9E1B, 0x961B, 0x961C, 0x961B, 0x961B, 0x961C, 0x9E1C, 0x9E1C, 0x9E1B, 0xA61B, 0xA61C, 0xA63B,
    0xA61B, 0xA61C, 0xA61C, 0xA61C, 0xA61B, 0xA61C, 0xA61B, 0xAE1C, 0xAE1C, 0xA61B, 0xAE1B, 0xAE1C, 0xA61B, 0xA61C, 0xA61C, 0xA61C,
    0xAE1C, 0xAE1B, 0xAE1C, 0xA61B, 0xA61B, 0xA61C, 0xA61B, 0xA61C, 0xA61B, 0x9E1C, 0x9E1B, 0x9E1B, 0x9E1C, 0x9E1B, 0x9E1B, 0x9E1C,
    0x961B, 0x961B, 0x961C, 0x961C, 0x961C, 0x961B, 0x961C, 0x961C, 0x961B, 0x8E1C, 0x8E1B, 0x8E1C, 0x8E1B, 0x8E1B, 0x8E1C, 0x8E1B,
    0x8E1C, 0x8E1B, 0x8E1B, 0x8E1C, 0x8E1C, 0x8DFB, 0x8DFB, 0x8E1C, 0x8E1C, 0x8E1B, 0x8E1C, 0x8E1C, 0x8E1B, 0x8E1C, 0x8E1C, 0x8E1C,
    0x8E1B, 0x8E1B, 0x8E1C, 0x8E1B, 0x861B, 0x861B, 0x8E1B, 0x861B, 0x861C, 0x861B, 0x861B, 0x861C, 0x861C, 0x861B, 0x861B, 0x861C,
    0x861C, 0x861C, 0x861C, 0x861C, 0x861C, 0x861B, 0x861C, 0x861B, 0x861B, 0x861B, 0x861B, 0x861B, 0x861C, 0x861B, 0x861B, 0x861B,
    0x861C, 0x861C, 0x861C, 0x861C, 0x861B, 0x861C, 0x861C, 0x861B, 0x861C, 0x861C, 0x861C, 0x861C, 0x861B, 0x861B, 0x861B, 0x861B,
    0x861B, 0x861B, 0x861B, 0x861C, 0x861C, 0x861B, 0x861B, 0x861C, 0x861B, 0x861B, 0x861C, 0x861B, 0x861B, 0x861B, 0x861B, 0x861C,
    0x861B, 0x861B, 0x861B, 0x861B, 0x861B, 0x861B, 0x861C, 0x861C, 0x861C, 0x861C, 0x861B, 0x861C, 0x861C, 0x861C, 0x861C, 0x861B,
    0x861B, 0x861C, 0x861C, 0x861C, 0x861B, 0x861B, 0x861C, 0x861B, 0x861C, 0x861C, 0x861B, 0x861B, 0x861B, 0x861C, 0x861C, 0x861C,
    0x861C, 0x861B, 0x861C, 0x861B, 0x861B, 0x861B, 0x861B, 0x861C, 0x861B, 0x861B, 0x861B, 0x861B, 0x861B, 0x861C, 0x861B, 0x861C,
    0x861C, 0x8E1B, 0x8E1B, 0x861B, 0x861B, 0x8E1C, 0x861B, 0x8E1C, 0x861B, 0x8E1B, 0x8E1B, 0x8E1C, 0x8E1C, 0x8E1C, 0x8E1C, 0x8E1C,
    0xBE3C, 0xB63B, 0xB63C, 0xBE3C, 0xBE1C, 0xBE3C, 0xBE3C, 0xBE3B, 0xBE1C, 0xB61B, 0xB61B, 0xB61C, 0xB61B, 0xB61C, 0xB63B, 0xB63C,
    0xB61C, 0xB63B, 0xB61B, 0xB61B, 0xAE1C, 0xAE1B, 0xAE1C, 0xAE1C, 0xA61C, 0xA61C, 0xA61C, 0xA61C, 0x9E1C, 0x9E1C, 0x9E1B, 0x961C,
    0x961B, 0x961C, 0x961B, 0x961B, 0x961B, 0x961B, 0x961C, 0x961C, 0x961C, 0x9E1B, 0x9E1B, 0x9E1C, 0x9E1C, 0xA61C, 0xA61C, 0xA61B,
    0xA61C, 0xA61C, 0xA61B, 0xA61C, 0xA61B, 0xA61B, 0xA61B, 0xA61B, 0xA61C, 0xA61B, 0xA61B, 0xA61B, 0xA61C, 0xA61C, 0xA61B, 0xA61C,
    0xA61C, 0xA61B, 0xA61C, 0xA61C, 0xA61B, 0xA61C, 0xA61B, 0x9E1C, 0x9E1C, 0x9E1B, 0x9E1B, 0x9E1B, 0x9E1C, 0x9E1B, 0x961B, 0x961B,
    0x961C, 0x961C, 0x961B, 0x961C, 0x961C, 0x961B, 0x8E1B, 0x8E1C, 0x8E1B, 0x8E1C, 0x8E1B, 0x8E1B, 0x8E1C, 0x8E1B, 0x8E1B, 0x8E1C,
    0x8E1C, 0x8E1B, 0x8E1B, 0x8E1B, 0x8E1B, 0x8E1C, 0x8E1B, 0x8DFC, 0x8E1C, 0x8E1B, 0x8E1C, 0x8E1C, 0x8E1B, 0x8E1C, 0x8E1C, 0x8E1B,
    0x8E1C, 0x8E1B, 0x861C, 0x861B, 0x861B, 0x861C, 0x861B, 0x861B, 0x861B, 0x861C, 0x861B, 0x861C, 0x861C, 0x861B, 0x861B, 0x861C,
    0x861C, 0x861C, 0x861C, 0x861B, 0x861C, 0x861C, 0x861C, 0x861C, 0x861B, 0x861C, 0x861B, 0x861B, 0x861B, 0x861C, 0x861B, 0x861B,
    0x861C, 0x861C, 0x861C, 0x861C, 0x861C, 0x861C, 0x861C, 0x861B, 0x861C, 0x861C, 0x861C, 0x861C, 0x861B, 0x861B, 0x861B, 0x861B,
    0x861B, 0x861B, 0x861B, 0x861B, 0x861C, 0x861C, 0x861B, 0x861B, 0x861B, 0x861B, 0x861B, 0x861B, 0x861B, 0x861B, 0x861B, 0x861B,
    0x85FB, 0x861C, 0x861B, 0x861B, 0x861B, 0x861C, 0x861C, 0x861C, 0x861C, 0x861C, 0x861C, 0x861C, 0x861C, 0x861C, 0x861B, 0x861B,
    0x861B, 0x861C, 0x861B, 0x861C, 0x861B, 0x861B, 0x861C, 0x861B, 0x861C, 0x861B, 0x861C, 0x861B, 0x861C, 0x861C, 0x861C, 0x861C,
    0x861C, 0x861B, 0x861B, 0x861C, 0x861B, 0x861C, 0x861B, 0x861B, 0x861B, 0x861B, 0x861C, 0x861B, 0x861B, 0x861B, 0x861C, 0x861B,
    0x8E1B, 0x8E1B, 0x861B, 0x861B, 0x8E1B, 0x861C, 0x861C, 0x8E1C, 0x861B, 0x8E1B, 0x8E1C, 0x8E1C, 0x8E1C, 0x8E1C, 0x8E1C, 0x8E1C,
    0xB63C, 0xB63B, 0xBE3B, 0xBE3B, 0xBE3B, 0xBE3C, 0xBE3B, 0xB61C, 0xB61C, 0xB61C, 0xB63B, 0xB61B, 0xB61C, 0xB61B, 0xB63B, 0xB61C,
    0xB61C, 0xAE3C, 0xAE1B, 0xAE1C, 0xAE1C, 0xAE1B, 0xA61B, 0xA61B, 0x9E1B, 0x9E1C, 0x9E1B, 0x9E1C, 0x961C, 0x961C, 0x961B, 0x961B,
    0x961C, 0x961B, 0x961B, 0x961C, 0x961C, 0x961C, 0x961B, 0x961B, 0x9E1C, 0x9E1B, 0x9E1B, 0x9E1B, 0xA61B, 0xA61B, 0xA61B, 0xA61C,
    0xA61C, 0xA61C, 0xA61B, 0xA61B, 0xA61C, 0xA61B, 0xA61B, 0xA61C, 0xA61C, 0xA61C, 0xA61B, 0xA61B, 0xA61C, 0xA61B, 0xA63B, 0xA61B,
    0xA61B, 0xA61B, 0xA61C, 0xA61B, 0xA61C, 0x9E1C, 0x9E1B, 0x9E1B, 0x9E1C, 0x9E1C, 0x961B, 0x9E1B, 0x9E1C, 0x961C, 0x961C, 0x961B,
    0x961C, 0x961C, 0x961B, 0x8E1B, 0x8E1B, 0x8E1B, 0x8E1B, 0x8E1B, 0x8E1C, 0x961C, 0x8E1B, 0x8E1B, 0x8E1B, 0x8E1C, 0x8E1B, 0x8E1B,
    0x8E1C, 0x8E1C, 0x8E1C, 0x8E1B, 0x8E1C, 0x8E1C, 0x8E1B, 0x8E1B, 0x8E1B, 0x8E1B, 0x8E1C, 0x8E1B, 0x8E1C, 0x8E1C, 0x8E1C, 0x861B,
    0x861B, 0x861C, 0x861B, 0x861B, 0x861C, 0x861C, 0x861C, 0x861B, 0x861B, 0x861C, 0x861B, 0x861B, 0x861B, 0x8E1B, 0x8E1B, 0x861B,
    0x861B, 0x861C, 0x861B, 0x861B, 0x861B, 0x861C, 0x861B, 0x861B, 0x861C, 0x861C, 0x861B, 0x861B, 0x861B, 0x861C, 0x861B, 0x861B,
    0x861B, 0x861B, 0x861B, 0x861B, 0x861B, 0x861C, 0x861C, 0x861B, 0x861B, 0x861C, 0x861C, 0x861B, 0x861B, 0x85FC, 0x85FB, 0x861B,
    0x861B, 0x861C, 0x861B, 0x861B, 0x861B, 0x861B, 0x861B, 0x861B, 0x861B, 0x861B, 0x861C, 0x861B, 0x861B, 0x861B, 0x861B, 0x861B,
    0x861B, 0x861C, 0x861C, 0x861B, 0x861B, 0x861C, 0x861C, 0x861B, 0x861B, 0x861B, 0x861B, 0x861C, 0x861B, 0x861C, 0x861C, 0x861B,
    0x861B, 0x861B, 0x861C, 0x861C, 0x861B, 0x861C, 0x861C, 0x861C, 0x861B, 0x861B, 0x861C, 0x861B, 0x861B, 0x861B, 0x861B, 0x8E1B,
    0x861B, 0x861B, 0x861C, 0x861C, 0x861B, 0x861B, 0x861C, 0x861B, 0x861B, 0x861C, 0x861C, 0x861B, 0x861B, 0x861B, 0x861C, 0x861B,
    0x861B, 0x861B, 0x861B, 0x8E1B, 0x861B, 0x861C, 0x8E1B, 0x8E1C, 0x861B, 0x861B, 0x8E1C, 0x8E1C, 0x8E1B, 0x8E1C, 0x8E1C, 0x8E1C,
    0xB63C, 0xB63C, 0xBE3C, 0xBE3C, 0xBE3B, 0xB63C, 0xB61C, 0xB61C, 0xB61B, 0xB61C, 0xB63C, 0xB63C, 0xB63C, 0xB61C, 0xAE3B, 0xAE1B,
    0xAE1C, 0xAE1C, 0xAE1C, 0xA63C, 0xA61C, 0x9E1B, 0x9E1C, 0x9E1C, 0x961B, 0x961C, 0x961C, 0x961C, 0x961B, 0x961C, 0x961C, 0x961C,
    0x961B, 0x961C, 0x961B, 0x961B, 0x961C, 0x961C, 0x961C, 0x9E1B, 0x9E1C, 0x9E1B, 0xA61C, 0xA61C, 0xA61B, 0xA61B, 0xA61C, 0xA61B,
    0xA61B, 0xA61B, 0xA61B, 0xA61C, 0xA61B, 0xA61B, 0xA61B, 0xA61B, 0xA61C, 0xA61C, 0xA61C, 0xA61B, 0xA61C, 0xA61B, 0xA61B, 0x9E1C,
    0xA61C, 0xA61B, 0x9E1C, 0x9E1C, 0x9E1B, 0x9E1B, 0x9E1C, 0x961C, 0x961C, 0x961B, 0x961C, 0x961B, 0x961C, 0x961B, 0x961C, 0x961B,
    0x8E1C, 0x8E1C, 0x8E1C, 0x8E1C, 0x8E1C, 0x8E1B, 0x8E1C, 0x8E1C, 0x8E1B, 0x8E1B, 0x8E1C, 0x8E1C, 0x8E1C, 0x8E1B, 0x8E1C, 0x8E1B,
    0x8E1B, 0x8E1B, 0x8E1C, 0x8E1B, 0x8E1B, 0x8E1B, 0x8E1B, 0x8E1C, 0x8E1C, 0x8E1B, 0x8E1C, 0x861C, 0x861B, 0x861B, 0x861B, 0x861B,
    0x861C, 0x861B, 0x861C, 0x861B, 0x861B, 0x861B, 0x861C, 0x861C, 0x861C, 0x861C, 0x861B, 0x861C, 0x861C, 0x861B, 0x861B, 0x861C,
    0x861B, 0x861B, 0x861B, 0x861B, 0x861C, 0x85FB, 0x861B, 0x861B, 0x861B, 0x861B, 0x861B, 0x861C, 0x861B, 0x861C, 0x861C, 0x861C,
    0x861C, 0x861B, 0x861B, 0x861C, 0x861C, 0x861C, 0x861B, 0x861C, 0x861C, 0x861B, 0x861B, 0x861C, 0x861B, 0x85FB, 0x85FB, 0x85FC,
    0x85FB, 0x85FC, 0x861B, 0x85FB, 0x85FC, 0x861C, 0x861B, 0x861B, 0x861B, 0x861B, 0x861B, 0x861B, 0x861C, 0x861C, 0x861B, 0x861B,
    0x861B, 0x861B, 0x861B, 0x861C, 0x861B, 0x861C, 0x861C, 0x861B, 0x861C, 0x861C, 0x861B, 0x861B, 0x861C, 0x861C, 0x861B, 0x861B,
    0x861C, 0x861C, 0x861C, 0x861C, 0x861B, 0x861B, 0x861B, 0x861C, 0x861B, 0x8E1B, 0x8E1C, 0x861B, 0x861C, 0x861C, 0x861B, 0x861B,
    0x861C, 0x861B, 0x861B, 0x861B, 0x861B, 0x861C, 0x861B, 0x8E1C, 0x861C, 0x861B, 0x861B, 0x861B, 0x8E1C, 0x8E1B, 0x861C, 0x861B,
    0x861B, 0x861B, 0x8E1B, 0x8E1B, 0x861B, 0x861C, 0x8E1C, 0x8E1B, 0x861B, 0x861B, 0x8E1B, 0x8E1B, 0x8E1C, 0x8E1C, 0x8E1C, 0x8E1C,
    0xB63C, 0xB63B, 0xB61C, 0xB63C, 0xB63C, 0xB61C, 0xAE1C, 0xAE1C, 0xAE1B, 0xB63C, 0xB63C, 0xB61C, 0xAE1C, 0xAE1C, 0xAE1C, 0xAE1C,
    0xA61C, 0xA61C, 0x9E1C, 0x9E1C, 0x961C, 0x961B, 0x961C, 0x961C, 0x961C, 0x961B, 0x961B, 0x961C, 0x961B, 0x961C, 0x961C, 0x961C,
    0x961C, 0x961B, 0x961C, 0x961C, 0x961B, 0x961C, 0x9E1C, 0x9E1B, 0xA61C, 0xA63B, 0xA63C, 0xA61C, 0xA61B, 0xA61B, 0xA61B, 0xA61C,
    0xA61B, 0xA61C, 0xA61B, 0xA61C, 0xA61C, 0xA61B, 0xA61C, 0xA61C, 0xA61C, 0xA61B, 0xA61B, 0xA61B, 0xA61C, 0x9E1C, 0x9E1B, 0xA61C,
    0xA61C, 0x9E1C, 0x9E1B, 0x9E1C, 0x961C, 0x961C, 0x961B, 0x961C, 0x961C, 0x961B, 0x961C, 0x961B, 0x961B, 0x8E1B, 0x8E1C, 0x8E1C,
    0x8E1C, 0x8E1C, 0x8E1B, 0x8E1C, 0x8E1B, 0x8E1C, 0x8E1B, 0x8E1C, 0x8E1C, 0x8E1B, 0x8E1C, 0x8E1B, 0x8E1C, 0x8E1B, 0x8E1B, 0x8E1C,
    0x8E1B, 0x8E1B, 0x8E1C, 0x8E1C, 0x8E1B, 0x8E1C, 0x8E1B, 0x8E1C, 0x8E1C, 0x861B, 0x861B, 0x861B, 0x861C, 0x861B, 0x861B, 0x861B,
    0x861C, 0x861B, 0x861B, 0x861C, 0x861B, 0x861B, 0x861C, 0x861C, 0x861B, 0x861C, 0x861B, 0x861B, 0x861C, 0x861B, 0x861B, 0x861B,
    0x861C, 0x861B, 0x861B, 0x861B, 0x861C, 0x85FC, 0x861B, 0x861C, 0x861B, 0x861B, 0x861C, 0x861B, 0x861B, 0x861C, 0x861C, 0x861B,
    0x861C, 0x861C, 0x861B, 0x861B, 0x861C, 0x861C, 0x861C, 0x861B, 0x861B, 0x861C, 0x861B, 0x861C, 0x861B, 0x85FB, 0x85FB, 0x861B,
    0x85FB, 0x85FC, 0x861B, 0x85FB, 0x85FC, 0x85FC, 0x861B, 0x861B, 0x861B, 0x861C, 0x861B, 0x861B, 0x861B, 0x861C, 0x861B, 0x861B,
    0x861C, 0x861B, 0x861B, 0x861C, 0x861B, 0x861C, 0x861B, 0x861B, 0x861C, 0x861C, 0x861B, 0x861B, 0x861C, 0x861C, 0x861C, 0x861B,
    0x861B, 0x861C, 0x861B, 0x861B, 0x861C, 0x85FB, 0x85FB, 0x861B, 0x861B, 0x8E1B, 0x861C, 0x861B, 0x861B, 0x861C, 0x861B, 0x861B,
    0x861B, 0x861C, 0x861C, 0x861C, 0x861B, 0x861C, 0x861C, 0x8E1B, 0x861C, 0x861B, 0x861B, 0x861B, 0x8E1C, 0x8E1B, 0x861B, 0x861B,
    0x861B, 0x861B, 0x8E1B, 0x8E1B, 0x8E1B, 0x8E1C, 0x861C, 0x861C, 0x8E1B, 0x8E1B, 0x8E1B, 0x8E1B, 0x8E1C, 0x8E1C, 0x8E1C, 0x8E1C,
    0xB63C, 0xB63B, 0xB63C, 0xB63B, 0xAE3B, 0xAE1C, 0xAE1C, 0xAE1C, 0xAE1B, 0xAE3B, 0xAE3B, 0xAE1C, 0xAE3C, 0xA61C, 0xA61C, 0x9E1C,
    0x9E1C, 0x961C, 0x961C, 0x961C, 0x961C, 0x961B, 0x961C, 0x961C, 0x961B, 0x961C, 0x961C, 0x961C, 0x961C, 0x961B, 0x963B, 0x961C,
    0x961C, 0x961B, 0x9E1C, 0x9E1C, 0x9E1B, 0x9E1C, 0xA61C, 0xA61C, 0xA63B, 0xAE3C, 0xA61B, 0xA61B, 0xA61B, 0x9E1B, 0xA61C, 0xA61C,
    0x9E1C, 0x9E1C, 0x9E1B, 0xA61B, 0x9E1C, 0x9E1B, 0xA61C, 0xA61C, 0x9E1C, 0x9E1B, 0x9E1B, 0x9E1C, 0x9E1B, 0x9E1B, 0x9E1B, 0x9E1C,
    0x9E1B, 0x9E1B, 0x9E1C, 0x961C, 0x961C, 0x961B, 0x961B, 0x961B, 0x961C, 0x961B, 0x961B, 0x8E1C, 0x8E1C, 0x8E1C, 0x8E1B, 0x8E1C,
    0x8E1B, 0x8E1C, 0x8E1B, 0x8E1C, 0x8E1B, 0x8E1B, 0x8E1C, 0x8E1C, 0x8E1C, 0x8E1B, 0x8E1B, 0x8E1B, 0x8E1C, 0x8E1B, 0x8E1B, 0x8E1C,
    0x8E1C, 0x8E1C, 0x8E1B, 0x8E1C, 0x8E1C, 0x8E1B, 0x8E1B, 0x861B, 0x861B, 0x861B, 0x861B, 0x861C, 0x861C, 0x861C, 0x861B, 0x861B,
    0x861C, 0x861B, 0x861B, 0x861C, 0x861C, 0x861C, 0x861C, 0x861C, 0x861C, 0x861B, 0x861B, 0x861B, 0x861B, 0x861B, 0x861B, 0x861B,
    0x861C, 0x861B, 0x861B, 0x861B, 0x861B, 0x861C, 0x861B, 0x861C, 0x861C, 0x861C, 0x861C, 0x861C, 0x861C, 0x861B, 0x861B, 0x861B,
    0x861C, 0x861B, 0x861B, 0x861B, 0x861C, 0x861C, 0x861C, 0x861B, 0x861B, 0x861C, 0x861B, 0x861B, 0x861C, 0x861B, 0x861C, 0x861B,
    0x861C, 0x861B, 0x861B, 0x861B, 0x861B, 0x861B, 0x861B, 0x85FB, 0x861C, 0x85FC, 0x861B, 0x861B, 0x861B, 0x861C, 0x861B, 0x861B,
    0x861C, 0x861C, 0x861C, 0x861C, 0x861C, 0x861B, 0x861C, 0x861B, 0x861C, 0x861B, 0x861B, 0x861C, 0x861C, 0x861C, 0x861C, 0x861B,
    0x861B, 0x861C, 0x861B, 0x861B, 0x85FC, 0x85FC, 0x85FB, 0x861B, 0x861C, 0x861B, 0x861B, 0x861B, 0x861B, 0x861B, 0x861B, 0x861B,
    0x861B, 0x85FC, 0x861C, 0x861B, 0x861B, 0x8E1C, 0x861C, 0x861B, 0x861C, 0x861C, 0x861C, 0x861C, 0x8E1C, 0x8E1C, 0x861B, 0x861B,
    0x861B, 0x861B, 0x861B, 0x861B, 0x8E1C, 0x8E1B, 0x861C, 0x861C, 0x8E1B, 0x8E1B, 0x8E1C, 0x8E1B, 0x8E1B, 0x8E1C, 0x8E1C, 0x8E1C,
    0xB63C, 0xAE3C, 0xAE3B, 0xAE1C, 0xAE1C, 0xAE1C, 0xAE1B, 0xAE1C, 0xAE1C, 0xAE1C, 0xA61B, 0xA61C, 0x9E1B, 0x9E1B, 0x961B, 0x961C,
    0x961B, 0x961B, 0x961C, 0x961C, 0x961C, 0x961C, 0x961B, 0x961C, 0x961C, 0x9E1C, 0x9E3B, 0x9E1B, 0x961C, 0x961C, 0x961B, 0x9E1C,
    0x9E1C, 0x9E1B, 0x9E1B, 0x9E1B, 0x9E1B, 0xA61B, 0xA63B, 0xA61C, 0xAE1B, 0xA61B, 0xA61B, 0x9E1C, 0x9E1B, 0x9E1B, 0x9E1B, 0x9E1B,
    0x9E1B, 0x9E1C, 0x9E1C, 0x9E1C, 0x9E1C, 0x9E1B, 0x9E1B, 0x9E1B, 0x9E1B, 0x9E1B, 0x9E1B, 0x9E1C, 0x9E1B, 0x9E1B, 0x9E1B, 0x961B,
    0x961C, 0x961B, 0x961B, 0x961B, 0x961B, 0x961C, 0x961B, 0x961B, 0x8E1C, 0x8E1C, 0x8E1B, 0x8E1B, 0x8E1C, 0x8E1B, 0x8E1B, 0x8E1C,
    0x8E1B, 0x8E1C, 0x8E1B, 0x8E1B, 0x8E1C, 0x8E1B, 0x8E1C, 0x8E1B, 0x8E1B, 0x8E1C, 0x8E1C, 0x8E1B, 0x8E1C, 0x8E1C, 0x8E1B, 0x8E1B,
    0x8E1B, 0x8E1B, 0x861B, 0x861C, 0x861C, 0x861B, 0x861B, 0x861B, 0x861C, 0x861B, 0x861B, 0x861B, 0x861C, 0x861B, 0x8E1C, 0x8E1B,
    0x8E1C, 0x861B, 0x861B, 0x861B, 0x861C, 0x861C, 0x861B, 0x861C, 0x861C, 0x861B, 0x861B, 0x861B, 0x861C, 0x861B, 0x861B, 0x861B,
    0x861B, 0x861B, 0x861C, 0x861C, 0x861C, 0x861B, 0x861C, 0x861B, 0x861C, 0x861C, 0x861B, 0x861C, 0x861C, 0x861B, 0x861B, 0x861B,
    0x861C, 0x861C, 0x861B, 0x861B, 0x861B, 0x85FC, 0x85FC, 0x861B, 0x861B, 0x861C, 0x861B, 0x861B, 0x8E1B, 0x861B, 0x861B, 0x861B,
    0x861B, 0x861B, 0x861B, 0x861B, 0x861B, 0x861C, 0x85FB, 0x85FB, 0x861B, 0x861B, 0x861B, 0x861B, 0x861B, 0x861B, 0x8E1B, 0x861B,
    0x861B, 0x861B, 0x861B, 0x861B, 0x861C, 0x861B, 0x861B, 0x861C, 0x861B, 0x861C, 0x861C, 0x861C, 0x861B, 0x861B, 0x861B, 0x861C,
    0x861B, 0x861B, 0x861B, 0x861B, 0x861B, 0x861B, 0x861B, 0x861B, 0x861B, 0x861B, 0x861B, 0x861B, 0x861B, 0x861C, 0x861C, 0x861B,
    0x861B, 0x861B, 0x861B, 0x861C, 0x861C, 0x861C, 0x861B, 0x861B, 0x861B, 0x861B, 0x861B, 0x861B, 0x8E1B, 0x8E1C, 0x8E1B, 0x861B,
    0x861B, 0x861B, 0x861B, 0x861C, 0x861C, 0x861B, 0x861C, 0x861C, 0x8E1B, 0x8E1B, 0x8E1C, 0x8E1B, 0x8E1C, 0x8E1C, 0x8E1C, 0x8E1C,
    0xAE3C, 0xAE3C, 0xAE3C, 0xAE3C, 0xAE3B, 0xAE3B, 0xA61C, 0xA61B, 0xA61B, 0x9E1C, 0x9E1B, 0x961B, 0x961C, 0x961C, 0x961B, 0x961C,
    0x8E1C, 0x8E1C, 0x961C, 0x961C, 0x961B, 0x961C, 0x961C, 0x963B, 0x9E1C, 0x9E1C, 0x9E1C, 0x9E1B, 0x961B, 0x961B, 0x9E1B, 0x9E1B,
    0x9E1B, 0x9E1C, 0xA61B, 0xA61C, 0xA61C, 0xA61B, 0xA63C, 0xA61C, 0xA61B, 0x9E1B, 0x9E1B, 0x9E1B, 0x9E1B, 0x9E1B, 0x9E1C, 0x9E1C,
    0x9E1B, 0x9E1C, 0x9E1C, 0x9E1B, 0x9E1B, 0x9E1C, 0x9E1B, 0x961B, 0x9E1C, 0x9E1B, 0x9E1C, 0x961C, 0x961B, 0x961B, 0x961C, 0x961B,
    0x961B, 0x961C, 0x961B, 0x961B, 0x961B, 0x961B, 0x8E1B, 0x8E1B, 0x8E1B, 0x8E1C, 0x8E1B, 0x8E1B, 0x8E1C, 0x8E1B, 0x8E1B, 0x8E1B,
    0x8E1B, 0x8E1B, 0x8E1C, 0x8E1B, 0x8E1C, 0x8E1B, 0x8E1B, 0x8E1B, 0x8E1B, 0x8E1C, 0x8E1C, 0x8E1B, 0x8E1B, 0x8E1C, 0x8E1B, 0x8E1B,
    0x8E1C, 0x8E1C, 0x861B, 0x861C, 0x861C, 0x861B, 0x8E1C, 0x861B, 0x861B, 0x861B, 0x861B, 0x861B, 0x861B, 0x8E1B, 0x8E1C, 0x8E1B,
    0x861B, 0x861B, 0x861C, 0x861B, 0x861C, 0x861C, 0x861B, 0x861C, 0x861B, 0x861B, 0x861C, 0x861B, 0x861B, 0x861B, 0x861B, 0x861B,
    0x861B, 0x861B, 0x861C, 0x861C, 0x861B, 0x861B, 0x861C, 0x861B, 0x861B, 0x861C, 0x861B, 0x861C, 0x861C, 0x861B, 0x861B, 0x861C,
    0x861B, 0x861B, 0x861B, 0x861B, 0x85FB, 0x85FC, 0x85FB, 0x861B, 0x861B, 0x8E1B, 0x861C, 0x8DFB, 0x8E1B, 0x861C, 0x861B, 0x861B,
    0x861B, 0x861B, 0x861B, 0x861C, 0x861B, 0x861B, 0x85FB, 0x861B, 0x861B, 0x861B, 0x861B, 0x861B, 0x861B, 0x861B, 0x8E1C, 0x861C,
    0x861B, 0x861C, 0x861C, 0x861B, 0x861C, 0x861B, 0x861B, 0x861C, 0x861C, 0x861C, 0x861C, 0x861C, 0x861B, 0x861B, 0x861B, 0x861B,
    0x861B, 0x861B, 0x861B, 0x861C, 0x861B, 0x861C, 0x85FC, 0x861B, 0x861B, 0x861B, 0x861B, 0x861C, 0x861C, 0x861B, 0x861B, 0x861B,
    0x861B, 0x8E1B, 0x861C, 0x861C, 0x861C, 0x861B, 0x861B, 0x861C, 0x861B, 0x861B, 0x861C, 0x8E1B, 0x8E1B, 0x8E1B, 0x8E1B, 0x8E1B,
    0x861B, 0x861B, 0x8E1B, 0x861C, 0x861C, 0x861B, 0x861C, 0x8E1C, 0x8E1B, 0x8E1C, 0x8E1C, 0x8E1C, 0x8E1C, 0x8E1C, 0x8E1C, 0x8E1C,
    0xAE3B, 0xAE3C, 0xAE1C, 0xAE1C, 0xA61C, 0xA61B, 0x9E1B, 0x9E1B, 0x961B, 0x961C, 0x961C, 0x961B, 0x8E1C, 0x8E1C, 0x8E1C, 0x8E1C,
    0x8E1C, 0x961C, 0x961B, 0x961C, 0x961C, 0x961B, 0x961C, 0x9E1C, 0x9E1C, 0x9E1C, 0x9E1C, 0x961B, 0x961C, 0x9E1C, 0x9E1C, 0x9E1B,
    0x9E1C, 0xA61C, 0x9E1C, 0xA61C, 0xA61B, 0xA61B, 0xA61B, 0x9E1B, 0x9E1B, 0x9E1B, 0x9E1C, 0x9E1C, 0x9E1C, 0x9E1B, 0x9E1B, 0x9E1B,
    0x9E1C, 0x9E1B, 0x9E1C, 0x9E1B, 0x9E1B, 0x9E1C, 0x961C, 0x961B, 0x961C, 0x961B, 0x961C, 0x961B, 0x961C, 0x961B, 0x961B, 0x961B,
    0x961B, 0x961C, 0x961B, 0x8E1B, 0x8E1B, 0x8E1C, 0x8E1C, 0x8E1C, 0x8E1B, 0x8E1C, 0x8E1C, 0x8E1C, 0x8E1C, 0x8E1C, 0x8E1B, 0x8E1B,
    0x8E1C, 0x8E1C, 0x8E1B, 0x8E1C, 0x8E1C, 0x8E1C, 0x8E1B, 0x8E1B, 0x8E1B, 0x8E1C, 0x8E1C, 0x8E1C, 0x8E1B, 0x8E1B, 0x85FC, 0x861B,
    0x8E1C, 0x861B, 0x8E1B, 0x861B, 0x861B, 0x8E1C, 0x8E1B, 0x8E1C, 0x861B, 0x861C, 0x861B, 0x8E1B, 0x861B, 0x861C, 0x861C, 0x861C,
    0x861B, 0x861C, 0x861C, 0x861C, 0x861C, 0x861C, 0x861C, 0x861B, 0x861B, 0x861C, 0x861B, 0x861C, 0x861C, 0x861C, 0x861C, 0x861C,
    0x861B, 0x861B, 0x861B, 0x861C, 0x861B, 0x861B, 0x861C, 0x861C, 0x861B, 0x861C, 0x861C, 0x861C, 0x861B, 0x861C, 0x861B, 0x861B,
    0x85FB, 0x85FC, 0x85FB, 0x861B, 0x861B, 0x85FB, 0x85FB, 0x85FC, 0x85FB, 0x861B, 0x8E1C, 0x861C, 0x861B, 0x8E1C, 0x85FB, 0x861B,
    0x861B, 0x861C, 0x8E1B, 0x861B, 0x861C, 0x861B, 0x861C, 0x861B, 0x861B, 0x861B, 0x861B, 0x861C, 0x861C, 0x861B, 0x861B, 0x861C,
    0x861B, 0x861C, 0x861B, 0x861B, 0x861B, 0x861C, 0x861C, 0x861B, 0x861C, 0x861C, 0x861C, 0x861B, 0x861B, 0x861B, 0x861B, 0x861B,
    0x861C, 0x861B, 0x861B, 0x85FC, 0x85FC, 0x861B, 0x861B, 0x861B, 0x861B, 0x861B, 0x861C, 0x8E1B, 0x861C, 0x861C, 0x861C, 0x861C,
    0x861C, 0x861B, 0x861C, 0x861B, 0x861C, 0x861B, 0x861B, 0x861C, 0x861C, 0x8E1B, 0x861B, 0x861B, 0x861B, 0x8E1B, 0x8E1C, 0x8E1B,
    0x8E1B, 0x8E1B, 0x8E1B, 0x861B, 0x861C, 0x8E1B, 0x8E1C, 0x8E1C, 0x8E1B, 0x8E1C, 0x8E1C, 0x8E1C, 0x8E1C, 0x8E1C, 0x8E1C, 0x8E1C,
    0xAE3C, 0xA63C, 0xA63C, 0x9E1B, 0x9E1C, 0x9E1C, 0x961C, 0x961B, 0x8E1B, 0x8E1B, 0x8E1C, 0x8E1B, 0x8E1C, 0x8E1B, 0x8E1B, 0x8E1B,
    0x961C, 0x961C, 0x961B, 0x961C, 0x961C, 0x961B, 0x9E1B, 0x9E1B, 0x9E1C, 0x9E1B, 0x9E1C, 0x9E1B, 0x9E1B, 0x9E1B, 0x9E1C, 0xA61C,
    0x9E1C, 0x9E1B, 0x9E1B, 0xA61C, 0xA61C, 0x9E1C, 0x9E1B, 0x9E1B, 0x9E1C, 0x9E1C, 0x9E1B, 0x961B, 0x961B, 0x961B, 0x961C, 0x961B,
    0x9E1C, 0x961B, 0x961C, 0x961B, 0x961B, 0x961B, 0x961B, 0x961B, 0x961B, 0x961C, 0x961C, 0x961B, 0x961C, 0x961C, 0x8E1B, 0x8E1B,
    0x8E1B, 0x8E1C, 0x8E1C, 0x8E1C, 0x8E1C, 0x8E1B, 0x8E1B, 0x8E1C, 0x8E1C, 0x8E1C, 0x8E1B, 0x8E1B, 0x8E1C, 0x8E1C, 0x8E1C, 0x8E1B,
    0x8E1C, 0x8E1C, 0x8E1B, 0x8E1B, 0x8E1B, 0x8E1B, 0x8E1C, 0x8DFC, 0x8DFB, 0x8E1B, 0x8E1B, 0x8E1C, 0x8E1B, 0x8E1B, 0x8E1B, 0x8E1B,
    0x8E1B, 0x8DFC, 0x8DFC, 0x861B, 0x861B, 0x861C, 0x861B, 0x861B, 0x8E1B, 0x861B, 0x861B, 0x861C, 0x861B, 0x861B, 0x861B, 0x861B,
    0x861B, 0x861B, 0x861B, 0x861B, 0x861C, 0x861C, 0x861C, 0x861C, 0x861C, 0x861C, 0x861C, 0x861B, 0x861B, 0x861C, 0x861C, 0x861C,
    0x861C, 0x861B, 0x861B, 0x861B, 0x861B, 0x861B, 0x861B, 0x861B, 0x861C, 0x861C, 0x861C, 0x861C, 0x861B, 0x861C, 0x861C, 0x861B,
    0x861B, 0x861B, 0x861B, 0x85FC, 0x861B, 0x861B, 0x861B, 0x85FB, 0x85FB, 0x861B, 0x861B, 0x861B, 0x861B, 0x861B, 0x85FC, 0x85FC,
    0x85FB, 0x85FB, 0x8DFC, 0x8E1B, 0x8E1B, 0x861B, 0x861B, 0x861C, 0x861C, 0x861C, 0x861B, 0x861B, 0x861C, 0x861B, 0x861B, 0x861B,
    0x861B, 0x861B, 0x861C, 0x861C, 0x861B, 0x861B, 0x861C, 0x861C, 0x861C, 0x861B, 0x861C, 0x861C, 0x861C, 0x861C, 0x861B, 0x861B,
    0x861C, 0x861B, 0x861B, 0x861B, 0x861B, 0x861B, 0x861B, 0x85FC, 0x861B, 0x861B, 0x861C, 0x861B, 0x861C, 0x861B, 0x861B, 0x861C,
    0x861C, 0x861C, 0x861C, 0x861B, 0x861B, 0x861B, 0x861B, 0x861B, 0x8E1B, 0x8E1B, 0x861B, 0x861C, 0x8E1C, 0x861B, 0x8E1C, 0x8E1B,
    0x861B, 0x861B, 0x861B, 0x8E1C, 0x8E1C, 0x8E1C, 0x8E1C, 0x8E1C, 0x8E1C, 0x8E1C, 0x8E1C, 0x8E1C, 0x8E1C, 0x8E1C, 0x8E1C, 0x8E1C,
    0xA63C, 0x9E3C, 0x9E3C, 0x9E1C, 0x961C, 0x961B, 0x8E1C, 0x8E1C, 0x8E1C, 0x8E1C, 0x8E1C, 0x8E1B, 0x8E1C, 0x8E1C, 0x8E1C, 0x961B,
    0x961B, 0x961C, 0x961C, 0x961C, 0x961B, 0x9E1B, 0x9E1B, 0xA61C, 0x9E1B, 0x9E1B, 0x9E1B, 0x9E1B, 0x9E1B, 0x9E1B, 0x9E1C, 0x9E1B,
    0x9E1C, 0x9E1C, 0xA61C, 0x9E1B, 0x9E1B, 0x961C, 0x961B, 0x961B, 0x961B, 0x961B, 0x961B, 0x961C, 0x961C, 0x961B, 0x961B, 0x961B,
    0x961B, 0x961C, 0x961C, 0x961B, 0x961B, 0x961C, 0x961B, 0x961C, 0x961B, 0x961B, 0x8E1B, 0x8E1B, 0x8E1B, 0x8E1C, 0x8E1C, 0x8E1C,
    0x8E1C, 0x8E1C, 0x8E1C, 0x8E1C, 0x8E1C, 0x8E1B, 0x8E1C, 0x8E1C, 0x8E1C, 0x8E1C, 0x8E1C, 0x8E1C, 0x8E1B, 0x8E1C, 0x8E1B, 0x8E1B,
    0x8E1B, 0x8E1B, 0x8DFB, 0x8DFB, 0x8DFB, 0x8DFB, 0x8DFB, 0x8DFB, 0x8DFB, 0x8DFB, 0x8DFB, 0x8E1B, 0x8E1B, 0x8DFB, 0x8DFB, 0x8DFB,
    0x8E1B, 0x8DFB, 0x8E1C, 0x8E1B, 0x8E1B, 0x8E1B, 0x8E1B, 0x861B, 0x8E1B, 0x861B, 0x861B, 0x861B, 0x861B, 0x861C, 0x861C, 0x861C,
    0x861C, 0x861C, 0x861C, 0x861C, 0x861C, 0x861B, 0x861C, 0x861C, 0x861C, 0x861B, 0x861B, 0x861B, 0x861C, 0x861C, 0x861B, 0x861B,
    0x861B, 0x861B, 0x861B, 0x861B, 0x861B, 0x861B, 0x861C, 0x861B, 0x861C, 0x861B, 0x861B, 0x861B, 0x861B, 0x861B, 0x861B, 0x861B,
    0x861B, 0x861B, 0x861B, 0x861B, 0x8E1B, 0x8E1B, 0x85FB, 0x85FB, 0x85FB, 0x85FB, 0x85FB, 0x85FB, 0x85FB, 0x85FB, 0x85FB, 0x85FB,
    0x85FB, 0x85FB, 0x85FB, 0x861B, 0x861B, 0x8DFB, 0x861B, 0x8E1B, 0x861B, 0x861B, 0x861C, 0x861B, 0x861B, 0x861B, 0x861C, 0x861C,
    0x861C, 0x861B, 0x861B, 0x861B, 0x861B, 0x861C, 0x861C, 0x861C, 0x861C, 0x861C, 0x861C, 0x861C, 0x861C, 0x861C, 0x861B, 0x861C,
    0x861C, 0x861B, 0x861C, 0x861C, 0x861B, 0x861B, 0x861B, 0x861C, 0x861B, 0x861B, 0x861B, 0x8E1B, 0x861C, 0x861C, 0x861C, 0x861C,
    0x8E1C, 0x861C, 0x861B, 0x861B, 0x861B, 0x8E1B, 0x8E1B, 0x8E1C, 0x8E1C, 0x861C, 0x861B, 0x8E1C, 0x8E1B, 0x8E1B, 0x8E1B, 0x8E1B,
    0x861B, 0x861B, 0x8E1B, 0x8E1B, 0x8E1B, 0x8E1B, 0x8E1B, 0x8E1B, 0x8E1C, 0x8E1C, 0x8E1C, 0x8E1C, 0x8E1C, 0x8E1C, 0x8E1C, 0x8E1C,
    0x9E3C, 0x963B, 0x961B, 0x961C, 0x8E1C, 0x8E1B, 0x8E1B, 0x8E1B, 0x8E1C, 0x8E1B, 0x8E1B, 0x8E1C, 0x8E1C, 0x8E1C, 0x961C, 0x961B,
    0x961B, 0x963B, 0x9E1C, 0x9E1C, 0x9E3B, 0xA61B, 0xA61B, 0x9E1C, 0x9E1C, 0x9E1B, 0x9E1B, 0x9E1B, 0x9E1B, 0x9E1B, 0x9E1B, 0x9E1C,
    0x9E1C, 0x9E1C, 0x9E1C, 0x961B, 0x961B, 0x961B, 0x961C, 0x961C, 0x961B, 0x961C, 0x961B, 0x961C, 0x961C, 0x961B, 0x961B, 0x961B,
    0x961B, 0x961B, 0x961B, 0x961C, 0x961C, 0x961C, 0x961C, 0x961B, 0x8E1B, 0x8E1B, 0x8E1C, 0x8E1C, 0x8E1B, 0x8E1B, 0x8E1B, 0x8E1C,
    0x8E1C, 0x8E1C, 0x8E1B, 0x8E1C, 0x8E1B, 0x8E1B, 0x8E1B, 0x8E1C, 0x8E1C, 0x8E1C, 0x8E1C, 0x8E1C, 0x8E1B, 0x8E1B, 0x8E1B, 0x8E1C,
    0x8E1B, 0x8DFB, 0x8DFB, 0x8E1B, 0x861C, 0x861C, 0x861C, 0x861C, 0x861C, 0x861C, 0x861B, 0x8E1B, 0x8DFB, 0x8DFB, 0x8DFB, 0x8DFB,
    0x8DFB, 0x8E1B, 0x8E1B, 0x8DFC, 0x8DFB, 0x8E1B, 0x8E1B, 0x861B, 0x861B, 0x861B, 0x861B, 0x861B, 0x861B, 0x861B, 0x861B, 0x861B,
    0x861C, 0x861C, 0x861C, 0x861C, 0x861B, 0x861B, 0x861B, 0x861C, 0x861C, 0x861B, 0x861B, 0x861B, 0x861B, 0x861B, 0x861B, 0x861B,
    0x861B, 0x861B, 0x861B, 0x861B, 0x861C, 0x861B, 0x861C, 0x861C, 0x861B, 0x861B, 0x861B, 0x861B, 0x861C, 0x861B, 0x861B, 0x861B,
    0x861B, 0x861B, 0x861B, 0x861B, 0x85FB, 0x85FB, 0x85FB, 0x85FB, 0x85FB, 0x85FB, 0x85FB, 0x85FC, 0x861C, 0x861B, 0x861B, 0x861C,
    0x861C, 0x85FB, 0x85FB, 0x85FB, 0x85FC, 0x861B, 0x861B, 0x8E1B, 0x861B, 0x861B, 0x861B, 0x861B, 0x861B, 0x85FC, 0x861C, 0x861C,
    0x861C, 0x861B, 0x861B, 0x861B, 0x861C, 0x861B, 0x861B, 0x861B, 0x861B, 0x861B, 0x861C, 0x861C, 0x861C, 0x861B, 0x861B, 0x861B,
    0x861B, 0x8E1C, 0x861B, 0x861C, 0x861C, 0x85FB, 0x85FB, 0x861B, 0x85FC, 0x861C, 0x861B, 0x861B, 0x861B, 0x861C, 0x861C, 0x861B,
    0x861B, 0x861B, 0x861B, 0x8E1C, 0x8E1B, 0x8E1C, 0x8E1C, 0x861C, 0x861C, 0x861B, 0x861B, 0x8E1B, 0x8E1C, 0x8E1C, 0x861B, 0x861B,
    0x8E1B, 0x861B, 0x861B, 0x8E1C, 0x8E1B, 0x8E1B, 0x8E1B, 0x8E1B, 0x8E1B, 0x8E1B, 0x8E1C, 0x8E1C, 0x8E1C, 0x8E1C, 0x8E1C, 0x8E1C,
    0x9E3C, 0x961C, 0x961C, 0x8E1C, 0x8E1C, 0x8E1C, 0x8E1C, 0x8E1C, 0x8E1C, 0x8E1C, 0x8E1C, 0x961C, 0x961C, 0x961B, 0x961B, 0x961C,
    0x961C, 0x9E1C, 0x9E3C, 0x9E1C, 0xA61C, 0xA61C, 0x9E1C, 0x9E1C, 0x9E1B, 0x961C, 0x961C, 0x9E1B, 0x9E1C, 0x9E1C, 0x9E1B, 0x9E1C,
    0x9E1C, 0x961B, 0x961B, 0x961C, 0x961C, 0x961C, 0x961B, 0x8E1B, 0x961B, 0x961B, 0x961C, 0x961C, 0x961C, 0x961C, 0x961C, 0x8E1B,
    0x961C, 0x961C, 0x8E1B, 0x961C, 0x8E1B, 0x8E1B, 0x8E1B, 0x8E1B, 0x8E1C, 0x8E1C, 0x8E1B, 0x8E1C, 0x8E1C, 0x8E1C, 0x8E1C, 0x8E1C,
    0x8E1C, 0x8E1C, 0x8E1C, 0x8E1C, 0x8E1C, 0x8E1C, 0x8E1B, 0x8E1C, 0x8E1C, 0x8E1B, 0x8E1B, 0x8E1B, 0x8E1B, 0x8E1C, 0x8E1B, 0x8E1B,
    0x8E1B, 0x8DFB, 0x861B, 0x85DA, 0x8D58, 0x8D38, 0x8D17, 0x9517, 0x8D38, 0x8558, 0x859A, 0x85DA, 0x85FB, 0x861B, 0x8E3C, 0x8E1B,
    0x8E1B, 0x8DFB, 0x8DFB, 0x85FB, 0x85FB, 0x8DFB, 0x8DFB, 0x85FC, 0x861B, 0x861B, 0x85FC, 0x85FB, 0x861B, 0x85FC, 0x861C, 0x861B,
    0x861B, 0x861C, 0x861B, 0x861B, 0x861B, 0x861C, 0x861C, 0x861B, 0x861C, 0x861C, 0x861B, 0x861C, 0x861C, 0x861B, 0x861C, 0x861C,
    0x861B, 0x861C, 0x861C, 0x861B, 0x861B, 0x861B, 0x861B, 0x861B, 0x861B, 0x861B, 0x85FC, 0x861B, 0x861B, 0x861B, 0x8DFB, 0x8DFB,
    0x85FC, 0x861B, 0x85FB, 0x85FB, 0x85FB, 0x85DB, 0x85FB, 0x85FC, 0x861B, 0x861B, 0x7DFB, 0x7DBA, 0x8579, 0x8558, 0x8538, 0x8558,
    0x8579, 0x7DDA, 0x861C, 0x85FB, 0x85FB, 0x861B, 0x861B, 0x85FC, 0x8E1B, 0x861C, 0x861C, 0x85FB, 0x861B, 0x861B, 0x861B, 0x861B,
    0x861B, 0x861B, 0x861C, 0x861B, 0x861B, 0x8E1B, 0x861B, 0x861C, 0x861C, 0x861B, 0x861B, 0x861C, 0x861C, 0x861B, 0x861C, 0x861C,
    0x861B, 0x861B, 0x861B, 0x861B, 0x861B, 0x861B, 0x85FB, 0x85FB, 0x861B, 0x861B, 0x861B, 0x861B, 0x861C, 0x861C, 0x861B, 0x861C,
    0x861C, 0x861B, 0x861C, 0x861C, 0x861B, 0x8E1C, 0x861C, 0x861C, 0x861B, 0x861B, 0x861C, 0x8E1C, 0x8E1B, 0x8E1B, 0x861B, 0x861B,
    0x861B, 0x8E1B, 0x8E1C, 0x8E1C, 0x8E1B, 0x8E1B, 0x8E1B, 0x8E1B, 0x8E1B, 0x8E1C, 0x8E1C, 0x8E1C, 0x8E1C, 0x8E1C, 0x8E1C, 0x8E1C,
    0x963C, 0x963B, 0x8E1C, 0x8E1C, 0x8E3B, 0x961C, 0x8E1C, 0x8E1B, 0x8E1C, 0x8E1C, 0x961C, 0x961B, 0x961C, 0x961C, 0x961C, 0x9E1B,
    0x9E1B, 0x9E1C, 0xA61C, 0xA63C, 0xA61C, 0x9E1B, 0x9E1B, 0x961C, 0x963B, 0x961C, 0x961C, 0x9E3B, 0x9E1C, 0x961B, 0x9E3C, 0x9E1B,
    0x961B, 0x961C, 0x961C, 0x961B, 0x8E1B, 0x8E1C, 0x8E1C, 0x8E1B, 0x8E1C, 0x961B, 0x961B, 0x961C, 0x8E1B, 0x8E1B, 0x8E1C, 0x8E1B,
    0x8E1B, 0x8E1B, 0x8E1C, 0x8E1C, 0x8E1B, 0x8E1C, 0x8E1C, 0x8E1C, 0x8E1B, 0x8E1C, 0x8E1C, 0x8E1C, 0x8E1C, 0x8E1C, 0x8E1B, 0x8E1C,
    0x8E1C, 0x8E1C, 0x8E1C, 0x8E1B, 0x8E1B, 0x8E1B, 0x8E1B, 0x8E1C, 0x8E1B, 0x8E1C, 0x8E1C, 0x8E1C, 0x8E1B, 0x8E1B, 0x8E1C, 0x8E1B,
    0x8DFB, 0x861B, 0x8D17, 0xBC54, 0xDC54, 0xE454, 0xEC54, 0xEC54, 0xE434, 0xDC34, 0xD434, 0xC454, 0xAC74, 0x9CD5, 0x8D37, 0x8599,
    0x85FB, 0x863C, 0x8E1C, 0x8DFB, 0x8DFB, 0x85FB, 0x85FB, 0x85FB, 0x85FC, 0x8E1B, 0x8DFB, 0x8DFB, 0x8E1B, 0x85FC, 0x861B, 0x861B,
    0x861B, 0x861B, 0x861C, 0x861B, 0x861B, 0x861B, 0x861C, 0x861C, 0x861C, 0x861C, 0x861B, 0x861B, 0x861C, 0x861B, 0x861B, 0x861C,
    0x861B, 0x861B, 0x861B, 0x861B, 0x861B, 0x861B, 0x861C, 0x861B, 0x861B, 0x861B, 0x85FB, 0x85FB, 0x861B, 0x85FB, 0x861B, 0x861B,
    0x85FC, 0x85FB, 0x85FB, 0x85FB, 0x861B, 0x861C, 0x85FB, 0x7DBA, 0x8D37, 0x94D5, 0xAC95, 0xC474, 0xD454, 0xDC54, 0xDC54, 0xDC54,
    0xD434, 0xB454, 0x8CF6, 0x85FB, 0x85FB, 0x85FB, 0x861B, 0x85FC, 0x8E1B, 0x8E1B, 0x861B, 0x861B, 0x861B, 0x861B, 0x8E1C, 0x861C,
    0x861C, 0x861B, 0x861B, 0x861C, 0x861B, 0x861B, 0x861C, 0x861B, 0x8E1B, 0x861C, 0x861B, 0x861B, 0x8E1C, 0x8E1B, 0x861C, 0x861B,
    0x85FB, 0x861B, 0x861B, 0x8E1C, 0x8E1C, 0x861B, 0x85FB, 0x85FB, 0x861B, 0x861B, 0x861C, 0x861B, 0x861B, 0x861C, 0x861B, 0x861B,
    0x861C, 0x861B, 0x861B, 0x861C, 0x8E1C, 0x8E1B, 0x8E1B, 0x8E1C, 0x8E1C, 0x8E1C, 0x8E1B, 0x8E1C, 0x8E1C, 0x8E1B, 0x8E1B, 0x8E1C,
    0x8E1B, 0x8E1C, 0x8E1C, 0x8E1C, 0x8E1C, 0x8E1B, 0x8E1B, 0x8E1B, 0x8E1C, 0x8E1C, 0x8E1C, 0x8E1B, 0x8E1C, 0x8E1C, 0x8E1C, 0x8E1C,
    0x963C, 0x8E3B, 0x961C, 0x961C, 0x8E1C, 0x8E1C, 0x8E1C, 0x961B, 0x961C, 0x961C, 0x961C, 0x961C, 0x961B, 0x961B, 0x9E1C, 0x9E1B,
    0x9E1B, 0x9E1C, 0xA61C, 0x9E1C, 0x9E1C, 0x9E1B, 0x961B, 0x961B, 0x961C, 0x961B, 0x961C, 0x961B, 0x961C, 0x961C, 0x961C, 0x961B,
    0x961B, 0x961B, 0x8E1C, 0x8E1C, 0x8E1C, 0x8E1C, 0x8E1C, 0x8E1C, 0x8E1C, 0x8E1B, 0x8E1B, 0x8E1C, 0x8E1C, 0x8E1B, 0x8E1C, 0x8E1B,
    0x8E1C, 0x8E1C, 0x8E1C, 0x8E1B, 0x8E1C, 0x8E1B, 0x8E1C, 0x8E1C, 0x8E1C, 0x8E1C, 0x8E1C, 0x8E1C, 0x8E1C, 0x8E1C, 0x8E1B, 0x8E1C,
    0x8E1C, 0x8E1B, 0x8E1B, 0x8E1B, 0x8E1B, 0x8E1C, 0x8E1C, 0x8E1C, 0x8E1B, 0x8E1B, 0x8E1C, 0x8E1C, 0x8E1B, 0x8E1B, 0x8E1B, 0x8DFB,
    0x861C, 0x94F6, 0xDC34, 0xFC75, 0xF496, 0xF476, 0xF475, 0xF475, 0xF475, 0xF475, 0xFC76, 0xFC75, 0xF475, 0xF454, 0xE434, 0xCC34,
    0xAC54, 0x8CB5, 0x8578, 0x85FB, 0x861C, 0x861B, 0x85FB, 0x85FB, 0x85FB, 0x85FC, 0x85FB, 0x8DFB, 0x8E1B, 0x85FB, 0x861B, 0x861C,
    0x861B, 0x861B, 0x861B, 0x861C, 0x861B, 0x861B, 0x861B, 0x861C, 0x861C, 0x861C, 0x861B, 0x861B, 0x861B, 0x861C, 0x861B, 0x861B,
    0x861B, 0x861C, 0x861B, 0x861C, 0x861B, 0x861B, 0x861B, 0x861C, 0x861B, 0x8DFB, 0x861B, 0x861B, 0x861B, 0x85FC, 0x85FB, 0x85FB,
    0x85FB, 0x85FB, 0x861C, 0x861B, 0x7DB9, 0x8CF6, 0xA474, 0xBC34, 0xDC34, 0xF455, 0xF475, 0xF475, 0xF476, 0xF475, 0xF475, 0xF475,
    0xF475, 0xFC76, 0xE434, 0x94D6, 0x861B, 0x85FB, 0x85FB, 0x85FB, 0x861B, 0x861B, 0x8E1B, 0x8E1C, 0x861C, 0x861B, 0x861B, 0x861B,
    0x861C, 0x861B, 0x861B, 0x861B, 0x861B, 0x861B, 0x861C, 0x861B, 0x861B, 0x861C, 0x8E1C, 0x861B, 0x861B, 0x861B, 0x861B, 0x861C,
    0x85FC, 0x861B, 0x861B, 0x861B, 0x8E1C, 0x861B, 0x861B, 0x861B, 0x861B, 0x861B, 0x861C, 0x861B, 0x861B, 0x861C, 0x861C, 0x861B,
    0x861C, 0x861B, 0x8E1C, 0x8E1C, 0x8E1C, 0x8E1B, 0x8E1B, 0x8E1B, 0x8DFC, 0x8E1C, 0x8E1B, 0x8E1B, 0x8E1B, 0x8E1C, 0x8E1C, 0x8E1B,
    0x8E1B, 0x8E1B, 0x8E1B, 0x8E1C, 0x8E1C, 0x8E1C, 0x8E1B, 0x8E1C, 0x8E1C, 0x8E1C, 0x8E1C, 0x8E1C, 0x8E1C, 0x8E1B, 0x8E1C, 0x8E1C,
    0x961C, 0x8E1C, 0x961C, 0x961B, 0x961C, 0x961C, 0x961C, 0x961C, 0x961B, 0x963B, 0x961C, 0x9E1C, 0x9E1C, 0x9E1B, 0x9E1C, 0x9E1B,
    0x9E1C, 0x9E1C, 0x9E1C, 0x961B, 0x961C, 0x961C, 0x961C, 0x961B, 0x8E1C, 0x8E1C, 0x961C, 0x961C, 0x961C, 0x961B, 0x8E1C, 0x8E1C,
    0x961C, 0x8E1C, 0x8E1C, 0x8E1C, 0x8E1C, 0x8E1C, 0x8E1C, 0x8E1B, 0x8E1B, 0x8E1C, 0x8E1C, 0x8E1B, 0x8E1C, 0x8E1C, 0x8E1C, 0x8E1C,
    0x8E1C, 0x8E1B, 0x8E1C, 0x8E1C, 0x8E1C, 0x8E1C, 0x8E1C, 0x8E1C, 0x8E1C, 0x8E1C, 0x8E1C, 0x8E1C, 0x8E1C, 0x8E1C, 0x8E1C, 0x8E1B,
    0x8E1B, 0x8E1B, 0x8E1C, 0x8E1C, 0x8E1B, 0x8E1B, 0x8E1B, 0x8E1B, 0x8E1C, 0x8E1C, 0x8E1B, 0x8E1C, 0x8E1C, 0x8DFC, 0x8DFB, 0x8E1C,
    0x8559, 0xD434, 0xFC96, 0xEC75, 0xF475, 0xF475, 0xF475, 0xF476, 0xF475, 0xF475, 0xF475, 0xEC75, 0xF476, 0xF496, 0xF496, 0xFC96,
    0xF455, 0xEC34, 0xD433, 0xB454, 0x8CD6, 0x85B9, 0x861B, 0x861B, 0x8DFB, 0x85FB, 0x85FB, 0x85FC, 0x861B, 0x861B, 0x861B, 0x861B,
    0x861B, 0x861C, 0x861C, 0x861C, 0x861B, 0x861B, 0x861C, 0x861C, 0x861B, 0x861C, 0x861C, 0x861B, 0x861B, 0x861B, 0x861C, 0x861C,
    0x861B, 0x861B, 0x861B, 0x861B, 0x861B, 0x861C, 0x861B, 0x85FB, 0x861B, 0x861B, 0x85FC, 0x85FB, 0x85FB, 0x85FB, 0x85FB, 0x85FB,
    0x861C, 0x85FB, 0x8538, 0x9C95, 0xC453, 0xE434, 0xF455, 0xF475, 0xF475, 0xF476, 0xEC75, 0xEC75, 0xEC75, 0xF475, 0xF475, 0xF475,
    0xF475, 0xEC75, 0xFC75, 0xC413, 0x8599, 0x861B, 0x85FB, 0x861B, 0x85FC, 0x85FB, 0x8E1B, 0x8E1B, 0x861B, 0x861C, 0x861C, 0x861B,
    0x861C, 0x861B, 0x861C, 0x861C, 0x861B, 0x861B, 0x8E1C, 0x861B, 0x861B, 0x861B, 0x861B, 0x861C, 0x861C, 0x861B, 0x861B, 0x861B,
    0x861C, 0x861C, 0x8E1C, 0x8E1B, 0x8E1C, 0x861B, 0x861B, 0x861C, 0x861B, 0x861B, 0x861C, 0x861C, 0x861B, 0x861B, 0x861B, 0x861B,
    0x8E1C, 0x8E1C, 0x8E1C, 0x8E1B, 0x8E1B, 0x8E1C, 0x8E1C, 0x8DFB, 0x8DFB, 0x8E1B, 0x8E1B, 0x8E1C, 0x8E1B, 0x8E1B, 0x8E1B, 0x8E1C,
    0x8E1B, 0x8E1B, 0x8E1B, 0x8E1C, 0x8E1C, 0x8E1C, 0x8E1C, 0x8E1C, 0x8E1C, 0x8E1C, 0x8E1C, 0x8E1C, 0x8E1C, 0x8E1B, 0x8E1C, 0x8E1C,
    0x963B, 0x961C, 0x961C, 0x961C, 0x961C, 0x961C, 0x963B, 0x961B, 0x961C, 0x9E1C, 0x961B, 0x9E3B, 0x9E1B, 0x9E1C, 0x9E1C, 0x9E1B,
    0x961C, 0x961C, 0x961C, 0x961C, 0x961B, 0x961C, 0x961B, 0x8E1C, 0x8E1C, 0x961C, 0x961B, 0x961C, 0x8E1C, 0x8E1C, 0x8E1C, 0x8E1C,
    0x8E1C, 0x8E1C, 0x8E1C, 0x8E1B, 0x8E1B, 0x8E1B, 0x8E1C, 0x8E1C, 0x8E1B, 0x8E1C, 0x8E1C, 0x8E1C, 0x8E1C, 0x8E1C, 0x8E1C, 0x8E1C,
    0x8E1C, 0x8E1C, 0x8E1C, 0x8E1B, 0x8E1C, 0x8E1C, 0x8E1C, 0x8E1C, 0x8E1B, 0x8E1C, 0x8E1C, 0x8E1C, 0x8E1B, 0x8E1B, 0x8E1B, 0x8E1B,
    0x8E1B, 0x8E1B, 0x8E1B, 0x8E1B, 0x8E1B, 0x8E1C, 0x8E1C, 0x8E1B, 0x8E1B, 0x8E1C, 0x8E1C, 0x8E1C, 0x8E1B, 0x8E1B, 0x8DFB, 0x861B,
    0xA495, 0xF475, 0xF475, 0xF475, 0xF475, 0xF475, 0xF475, 0xF475, 0xF475, 0xF475, 0xF475, 0xF475, 0xF475, 0xF475, 0xF475, 0xF475,
    0xF475, 0xF475, 0xFC75, 0xFC75, 0xE434, 0xC433, 0x9495, 0x8599, 0x861B, 0x861B, 0x85FB, 0x85FB, 0x85FB, 0x85FB, 0x85FB, 0x861B,
    0x8E1B, 0x85FB, 0x861B, 0x861C, 0x861B, 0x861B, 0x861B, 0x861C, 0x861C, 0x861B, 0x861B, 0x861B, 0x861C, 0x861C, 0x861C, 0x861B,
    0x861B, 0x861B, 0x861C, 0x861B, 0x861B, 0x861B, 0x861B, 0x85FB, 0x85FB, 0x861B, 0x85FB, 0x85FB, 0x85FB, 0x85FB, 0x861C, 0x85FB,
    0x8538, 0xA474, 0xD433, 0xF475, 0xFC95, 0xF476, 0xF475, 0xEC75, 0xEC75, 0xF475, 0xF475, 0xF475, 0xF475, 0xF475, 0xF475, 0xF475,
    0xF456, 0xF475, 0xF476, 0xEC34, 0x8CF7, 0x861C, 0x8DFB, 0x8DFB, 0x85FB, 0x861B, 0x8E1C, 0x8E1C, 0x861B, 0x861B, 0x8E1B, 0x861B,
    0x861C, 0x861B, 0x861B, 0x8E1C, 0x8E1C, 0x8E1C, 0x8E1B, 0x861B, 0x861B, 0x861C, 0x861B, 0x861B, 0x861B, 0x861B, 0x861B, 0x861C,
    0x861B, 0x8E1B, 0x8E1B, 0x861B, 0x861C, 0x861B, 0x861B, 0x861B, 0x861C, 0x861C, 0x861B, 0x861B, 0x861B, 0x861C, 0x8E1B, 0x8E1B,
    0x8E1B, 0x8E1B, 0x8E1C, 0x8E1C, 0x8E1C, 0x8E1B, 0x8E1B, 0x8E1B, 0x8E1B, 0x8E1B, 0x8E1B, 0x8E1B, 0x8E1C, 0x8E1C, 0x8E1B, 0x8E1B,
    0x8E1B, 0x8E1B, 0x8E1B, 0x8E1B, 0x8E1C, 0x8E1C, 0x8E1C, 0x8E1C, 0x8E3B, 0x8E1C, 0x8E1C, 0x8E1C, 0x961B, 0x961C, 0x961C, 0x963C,
    0x963B, 0x961C, 0x961C, 0x961C, 0x963B, 0x961C, 0x963C, 0x963B, 0x9E1C, 0x9E1C, 0x9E3C, 0x9E1B, 0x9E1C, 0x9E1C, 0x961C, 0x961C,
    0x961B, 0x961C, 0x961C, 0x961B, 0x961B, 0x961C, 0x8E1B, 0x8E1C, 0x8E1B, 0x8E1C, 0x8E1C, 0x8E1B, 0x8E1C, 0x8E1C, 0x8E1B, 0x8E1B,
    0x8E1C, 0x8E1C, 0x8E1B, 0x8E1C, 0x8E1C, 0x8E1B, 0x8E1C, 0x8E1C, 0x8E1B, 0x8E1B, 0x8E1B, 0x8E1C, 0x8E1B, 0x8E1B, 0x8E1C, 0x8E1B,
    0x8E1B, 0x8E1C, 0x8E1C, 0x8E1B, 0x8E1C, 0x8E1C, 0x8E1C, 0x8E1C, 0x8E1C, 0x8E1C, 0x8E1C, 0x8E1C, 0x8E1B, 0x8E1B, 0x8E1B, 0x8E1B,
    0x8E1B, 0x8E1B, 0x8E1C, 0x8E1B, 0x8E1B, 0x8E1C, 0x8E1C, 0x8E1B, 0x8E1B, 0x8E1C, 0x8E1B, 0x8E1B, 0x8E1B, 0x8DFB, 0x8E1C, 0x8599,
    0xC434, 0xFC95, 0xEC75, 0xF475, 0xF475, 0xF475, 0xF476, 0xF475, 0xF475, 0xF475, 0xF475, 0xF475, 0xF475, 0xF475, 0xF475, 0xF475,
    0xF475, 0xF475, 0xF475, 0xF476, 0xF475, 0xFC75, 0xEC34, 0xC414, 0x9495, 0x7D99, 0x861C, 0x85FB, 0x85FB, 0x85FB, 0x85FB, 0x8DFB,
    0x8DFB, 0x8DFB, 0x85FC, 0x861B, 0x861C, 0x861B, 0x861B, 0x861C, 0x861C, 0x861B, 0x861B, 0x861B, 0x861C, 0x8E1B, 0x8E1B, 0x861C,
    0x861B, 0x861B, 0x861C, 0x861B, 0x861B, 0x8DFB, 0x85FC, 0x8E1B, 0x861B, 0x85FB, 0x85FB, 0x85FB, 0x861B, 0x861B, 0x8558, 0x9C74,
    0xD454, 0xF475, 0xF495, 0xF476, 0xEC75, 0xF475, 0xF475, 0xF475, 0xF475, 0xF475, 0xF475, 0xF475, 0xF475, 0xF475, 0xF475, 0xF475,
    0xF475, 0xF475, 0xF475, 0xFC55, 0xA475, 0x85FB, 0x8DFC, 0x85FB, 0x861B, 0x861B, 0x8E1C, 0x861B, 0x861B, 0x861B, 0x861C, 0x861C,
    0x861B, 0x8E1B, 0x8E1B, 0x8E1B, 0x8E1C, 0x8E1B, 0x8E1B, 0x861B, 0x861B, 0x861C, 0x861B, 0x861C, 0x8E1C, 0x8E1B, 0x861C, 0x861B,
    0x861B, 0x861B, 0x861C, 0x861C, 0x861B, 0x861B, 0x861B, 0x861B, 0x861C, 0x8E1C, 0x8E1B, 0x8E1B, 0x8E1B, 0x8E1C, 0x8E1B, 0x8E1B,
    0x8E1C, 0x8E1B, 0x8E1C, 0x8E1C, 0x8E1C, 0x8E1B, 0x8E1B, 0x8DFC, 0x8E1B, 0x8E1B, 0x8E1C, 0x8E1B, 0x8E1B, 0x8E1C, 0x8E1B, 0x8E1B,
    0x8E1B, 0x8E1B, 0x8E1B, 0x8E1B, 0x8E1C, 0x8E1B, 0x8E1C, 0x8E1C, 0x8E1C, 0x8E1C, 0x8E1C, 0xA63C, 0xBE7C, 0xCE9C, 0xCE7C, 0xC67C,
    0x963C, 0x961B, 0x961C, 0x9E1C, 0x963C, 0x963C, 0x961C, 0x9E1C, 0x9E1C, 0x961C, 0x961C, 0x961C, 0x961B, 0x961C, 0x961B, 0x961C,
    0x961B, 0x961B, 0x961B, 0x961B, 0x961C, 0x8E1C, 0x8E1C, 0x8E1C, 0x8E1C, 0x8E1C, 0x8E1C, 0x8E1C, 0x8E1C, 0x8E1C, 0x8E1B, 0x8E1C,
    0x8E1B, 0x8E1C, 0x8E1C, 0x8E1C, 0x8E1C, 0x8E1B, 0x8E1B, 0x8E1C, 0x8E1C, 0x8E1B, 0x8E1C, 0x8E1C, 0x8E1C, 0x8E1B, 0x8E1C, 0x8E1C,
    0x8E1B, 0x8E1C, 0x8E1C, 0x8E1C, 0x8E1C, 0x8E1C, 0x8E1C, 0x8E1C, 0x8E1C, 0x8E1B, 0x8E1B, 0x8E1C, 0x8E1C, 0x8E1C, 0x8E1B, 0x8E1C,
    0x8E1C, 0x8E1B, 0x8E1C, 0x8E1C, 0x8E1B, 0x8E1C, 0x8E1B, 0x8E1C, 0x8E1C, 0x8E1B, 0x8E1B, 0x8E1B, 0x8DFB, 0x8DFB, 0x8E1C, 0x8D17,
    0xE434, 0xF495, 0xF475, 0xF476, 0xF476, 0xF475, 0xF475, 0xF476, 0xF475, 0xF475, 0xF475, 0xF475, 0xF475, 0xF475, 0xF475, 0xF475,
    0xF475, 0xF475, 0xF475, 0xF475, 0xF475, 0xF476, 0xF475, 0xFC75, 0xEC35, 0xBC13, 0x84F7, 0x85FB, 0x8E1C, 0x85FB, 0x8DFB, 0x8DFB,
    0x8DFC, 0x861B, 0x861B, 0x8DFB, 0x861B, 0x861B, 0x861B, 0x861B, 0x861B, 0x861B, 0x861B, 0x85FC, 0x85FC, 0x861C, 0x861B, 0x861C,
    0x861B, 0x861B, 0x861B, 0x861B, 0x8E1C, 0x8E1B, 0x8DFB, 0x8DFB, 0x85FB, 0x85FB, 0x8DFB, 0x861C, 0x85DA, 0x94B5, 0xCC13, 0xF475,
    0xF496, 0xEC75, 0xEC75, 0xF475, 0xF475, 0xF475, 0xF475, 0xF475, 0xF475, 0xF475, 0xF475, 0xF475, 0xF475, 0xF475, 0xF475, 0xF475,
    0xF475, 0xF475, 0xF475, 0xFC75, 0xBC33, 0x85DA, 0x8DFB, 0x85FB, 0x85FC, 0x861B, 0x8E1C, 0x861B, 0x861C, 0x8E1C, 0x8E1B, 0x861B,
    0x8E1B, 0x8E1C, 0x8E1B, 0x861B, 0x8E1B, 0x8E1C, 0x861C, 0x861B, 0x861C, 0x861C, 0x861B, 0x861B, 0x8E1C, 0x8E1B, 0x861B, 0x861B,
    0x861B, 0x861C, 0x861B, 0x861B, 0x8E1B, 0x8E1B, 0x8E1B, 0x8E1B, 0x8E1B, 0x8E1C, 0x8E1B, 0x8E1B, 0x8DFC, 0x8E1C, 0x8E1B, 0x8E1B,
    0x8E1C, 0x8E1C, 0x8E1B, 0x8E1C, 0x8E1C, 0x8E1C, 0x8E1B, 0x8E1B, 0x8E1C, 0x8E1B, 0x8E1C, 0x8E1B, 0x8E1B, 0x8E1C, 0x8E1B, 0x8E1B,
    0x8E1B, 0x8E1C, 0x8E1C, 0x8E1C, 0x8E1C, 0x8E1C, 0x8E1C, 0x8E1C, 0x8E1C, 0x961C, 0xB65C, 0xDEBC, 0xEEDC, 0xEEDC, 0xF6DC, 0xEEDC,
    0x9E3C, 0x963B, 0x9E3C, 0x9E3B, 0x963C, 0x961C, 0x961B, 0x961C, 0x961C, 0x963B, 0x963B, 0x961C, 0x961C, 0x961C, 0x961B, 0x961C,
    0x8E1C, 0x8E1C, 0x8E1B, 0x8E1B, 0x8E1C, 0x8E1C, 0x8E1B, 0x8E1B, 0x8E1B, 0x8E1C, 0x8E1B, 0x8E1C, 0x8E1C, 0x8E1C, 0x8E1B, 0x8E1B,
    0x8E1C, 0x8E1C, 0x8E1B, 0x8E1C, 0x8E1C, 0x8E1B, 0x8E1C, 0x8E1C, 0x8E1C, 0x8E1B, 0x8E1B, 0x8E1B, 0x8E1B, 0x8E1B, 0x8E1B, 0x8E1B,
    0x8E1C, 0x8E1C, 0x8E1B, 0x8E1B, 0x8E1C, 0x8E1C, 0x8E1B, 0x8E1C, 0x8E1C, 0x8E1C, 0x8E1C, 0x8E1C, 0x8E1C, 0x8E1C, 0x8E1B, 0x8E1B,
    0x8E1B, 0x8E1B, 0x8E1C, 0x8E1B, 0x8E1C, 0x8E1C, 0x8E1B, 0x8E1B, 0x8E1C, 0x8E1C, 0x8E1B, 0x8E1B, 0x8DFC, 0x8DFB, 0x861B, 0x9CB5,
    0xF455, 0xF475, 0xF475, 0xF475, 0xF475, 0xF475, 0xF475, 0xF475, 0xF475, 0xF476, 0xF475, 0xF475, 0xF475, 0xF475, 0xF475, 0xF475,
    0xF476, 0xF475, 0xF475, 0xF475, 0xF475, 0xF475, 0xF475, 0xEC75, 0xF475, 0xFC75, 0xDC34, 0x9C74, 0x7D99, 0x861C, 0x8DFB, 0x8DFB,
    0x85FB, 0x8DFB, 0x8DFB, 0x8E1B, 0x85FC, 0x85FC, 0x85FB, 0x85FC, 0x85FB, 0x85FB, 0x861B, 0x861B, 0x861B, 0x861B, 0x861B, 0x861B,
    0x861B, 0x861B, 0x8E1C, 0x8E1B, 0x8E1B, 0x8DFC, 0x85FB, 0x85FB, 0x85FB, 0x85FC, 0x861C, 0x8558, 0xB453, 0xEC54, 0xFC96, 0xF475,
    0xEC75, 0xF475, 0xF475, 0xF475, 0xF475, 0xF475, 0xF475, 0xF475, 0xF475, 0xF475, 0xF455, 0xF475, 0xF475, 0xF476, 0xF455, 0xF475,
    0xF475, 0xF475, 0xF475, 0xFC76, 0xD434, 0x8579, 0x8E1C, 0x85FB, 0x861B, 0x85FB, 0x8E1C, 0x8E1B, 0x861B, 0x8E1C, 0x861C, 0x8E1B,
    0x8E1B, 0x8E1C, 0x8E1C, 0x8E1B, 0x8E1B, 0x8E1C, 0x861C, 0x8E1B, 0x8E1B, 0x8E1B, 0x861B, 0x861B, 0x8E1B, 0x8E1B, 0x861C, 0x861B,
    0x861B, 0x861B, 0x861C, 0x8E1B, 0x8E1B, 0x8E1C, 0x8E1C, 0x8E1C, 0x8E1C, 0x8E1C, 0x8E1C, 0x8E1B, 0x8E1B, 0x8E1B, 0x8E1B, 0x8E1B,
    0x8E1B, 0x8E1B, 0x8E1C, 0x8E1C, 0x8E1B, 0x8E1C, 0x8E1C, 0x8E1B, 0x8E1B, 0x8E1C, 0x8E1C, 0x8E1B, 0x8E1C, 0x8E1B, 0x8E1C, 0x8E1B,
    0x8E1B, 0x8E1C, 0x8E1C, 0x8E1C, 0x8E1B, 0x8E1C, 0x8E1C, 0x8E1C, 0x961B, 0xB65C, 0xDEBC, 0xF6DC, 0xF6DC, 0xEEDC, 0xF6DC, 0xF6DC,
    0x9E3C, 0x963C, 0x961C, 0x961C, 0x963B, 0x961C, 0x961B, 0x961C, 0x961B, 0x961C, 0x961C, 0x961C, 0x961C, 0x961C, 0x8E1B, 0x8E1C,
    0x8E1C, 0x8E1C, 0x8E1B, 0x8E1C, 0x8E1C, 0x8E1C, 0x8E1C, 0x8E1C, 0x8E1B, 0x8E1B, 0x8E1C, 0x8E1C, 0x8E1C, 0x8E1C, 0x8E1B, 0x8E1B,
    0x8E1C, 0x8E1C, 0x8E1B, 0x8E1C, 0x8E1C, 0x8E1B, 0x8E1B, 0x8E1B, 0x8E1C, 0x8E1C, 0x8E1C, 0x8E1C, 0x8E1B, 0x8E1B, 0x8E1C, 0x8E1C,
    0x8E1C, 0x8E1C, 0x8E1C, 0x8E1C, 0x8E1C, 0x8E1C, 0x8E1C, 0x8E1C, 0x8E1C, 0x8E1C, 0x8E1C, 0x8E1C, 0x8E1C, 0x8E1B, 0x8E1B, 0x8E1C,
    0x8E1C, 0x8E1C, 0x8E1C, 0x8E1B, 0x8E1B, 0x8E1B, 0x8E1C, 0x8E1B, 0x8E1B, 0x8E1B, 0x8E1B, 0x8E1B, 0x8DFC, 0x8E1B, 0x85FB, 0xAC74,
    0xF455, 0xF475, 0xF475, 0xF475, 0xF475, 0xF475, 0xF475, 0xF475, 0xF475, 0xF475, 0xF475, 0xF475, 0xF475, 0xF475, 0xF475, 0xF475,
    0xF475, 0xF475, 0xF475, 0xF475, 0xF475, 0xF475, 0xF475, 0xF475, 0xF475, 0xEC75, 0xF475, 0xF455, 0xB413, 0x7D37, 0x863C, 0x85FB,
    0x85FB, 0x85FB, 0x8DFB, 0x8E1B, 0x861B, 0x85FB, 0x85FB, 0x85FB, 0x861B, 0x85FC, 0x861B, 0x861B, 0x861C, 0x861B, 0x861B, 0x861B,
    0x861B, 0x861B, 0x8E1B, 0x85FB, 0x85FB, 0x85FB, 0x85FB, 0x85FB, 0x861B, 0x7DFB, 0x8CB5, 0xD433, 0xF475, 0xF476, 0xEC75, 0xF475,
    0xF475, 0xF475, 0xF475, 0xF475, 0xF475, 0xF475, 0xF475, 0xF455, 0xF455, 0xF475, 0xF455, 0xF475, 0xF475, 0xF475, 0xF475, 0xF475,
    0xF475, 0xF475, 0xF475, 0xF475, 0xE434, 0x8537, 0x861B, 0x85FB, 0x861B, 0x85FB, 0x861B, 0x8E1B, 0x8E1B, 0x8E1B, 0x8E1B, 0x8E1B,
    0x8E1B, 0x8E1C, 0x8E1C, 0x8E1C, 0x8E1B, 0x8E1B, 0x8E1C, 0x8E1B, 0x8E1B, 0x8E1C, 0x861B, 0x861C, 0x8E1B, 0x861B, 0x8E1B, 0x861B,
    0x861B, 0x861B, 0x8E1B, 0x8E1B, 0x8E1B, 0x8E1C, 0x8E1C, 0x8E1B, 0x8E1B, 0x8E1C, 0x8E1C, 0x8E1B, 0x8E1B, 0x8E1C, 0x8E1B, 0x8E1C,
    0x8E1C, 0x8E1B, 0x8E1C, 0x8E1B, 0x8E1C, 0x8E1C, 0x8E1C, 0x8E1B, 0x8E1B, 0x8E1B, 0x8E1C, 0x8E1B, 0x8E1B, 0x8E1B, 0x8E1C, 0x8E1B,
    0x8E1B, 0x8E1C, 0x8E1C, 0x8E3B, 0x8E3B, 0x8E1C, 0x8E1C, 0x8E1B, 0xA63B, 0xD69C, 0xEEDC, 0xF6DD, 0xEEDC, 0xEEDC, 0xF6FC, 0xF6FC,
    0x963C, 0x963B, 0x961C, 0x961C, 0x961C, 0x961B, 0x8E1C, 0x961C, 0x961B, 0x961C, 0x961C, 0x8E1C, 0x8E1C, 0x8E1C, 0x8E1C, 0x8E1B,
    0x8E1C, 0x8E1C, 0x8E1C, 0x8E1C, 0x8E1C, 0x8E1B, 0x8E1C, 0x8E1C, 0x8E1C, 0x8E1C, 0x8E1C, 0x8E1C, 0x8E1B, 0x8E1C, 0x8E1C, 0x8E1C,
    0x8E1C, 0x8E1B, 0x8E1C, 0x8E1B, 0x8E1C, 0x8E1C, 0x8E1C, 0x8E1B, 0x8E1C, 0x8E1C, 0x8E1C, 0x8E1C, 0x8E1C, 0x8E1B, 0x8E1B, 0x8E1C,
    0x8E1B, 0x8E1C, 0x8E1C, 0x8E1C, 0x8E1C, 0x8E1C, 0x8E1C, 0x8E1C, 0x8E1C, 0x8E1C, 0x8E1C, 0x8E1C, 0x8E1C, 0x8E1B, 0x8E1B, 0x8E1C,
    0x8E1C, 0x8E1C, 0x8E1C, 0x8E1C, 0x8E1B, 0x8E1B, 0x8E1B, 0x8E1C, 0x8E1C, 0x8E1B, 0x8E1C, 0x8E1B, 0x8DFB, 0x8E1B, 0x85DA, 0xB434,
    0xFC75, 0xF475, 0xF475, 0xF476, 0xF476, 0xF475, 0xF475, 0xF475, 0xF475, 0xF475, 0xF475, 0xF475, 0xF476, 0xF475, 0xF475, 0xF475,
    0xF475, 0xF475, 0xF475, 0xF475, 0xF475, 0xF475, 0xF475, 0xF455, 0xF476, 0xF475, 0xF475, 0xF475, 0xF475, 0xC3F3, 0x8D17, 0x861C,
    0x85FB, 0x8DFB, 0x8DFB, 0x8DFB, 0x861B, 0x861B, 0x861C, 0x85FB, 0x861B, 0x861C, 0x861B, 0x861B, 0x861C, 0x861C, 0x861B, 0x861B,
    0x861B, 0x861B, 0x8DFB, 0x85FB, 0x85FC, 0x85FB, 0x85FB, 0x861C, 0x7DDA, 0x9C74, 0xE454, 0xF476, 0xEC55, 0xF475, 0xF475, 0xF475,
    0xF476, 0xF455, 0xF455, 0xF475, 0xF475, 0xF475, 0xF455, 0xF455, 0xF455, 0xF455, 0xF455, 0xF455, 0xF475, 0xF475, 0xF475, 0xF476,
    0xF475, 0xF475, 0xF475, 0xF475, 0xEC34, 0x8CD7, 0x861C, 0x85FB, 0x85FB, 0x85FB, 0x861B, 0x8E1B, 0x8E1C, 0x8E1C, 0x8E1B, 0x8E1C,
    0x8E1B, 0x8E1B, 0x8E1B, 0x8E1C, 0x8E1B, 0x8E1B, 0x8E1C, 0x861B, 0x8E1C, 0x861C, 0x861B, 0x8E1B, 0x8E1B, 0x8E1B, 0x8E1B, 0x8E1B,
    0x8E1B, 0x8E1C, 0x8E1B, 0x8E1B, 0x8E1C, 0x8E1B, 0x8E1B, 0x8E1C, 0x8E1C, 0x8E1C, 0x8E1C, 0x8E1B, 0x8DFC, 0x8E1C, 0x8E1C, 0x8E1C,
    0x8E1B, 0x8E1C, 0x8E1B, 0x8E1C, 0x8E1B, 0x8E1C, 0x8E1B, 0x8E1B, 0x8E1C, 0x8E1B, 0x8E1B, 0x8E1C, 0x8E1C, 0x8E1B, 0x8E1C, 0x8E1C,
    0x8E1C, 0x8E1C, 0x8E1B, 0x8E1B, 0x8E1B, 0x8E1C, 0x8E1B, 0x8E1B, 0xBE5C, 0xEEDC, 0xF6FC, 0xF6DC, 0xEEBC, 0xEEDC, 0xF6FC, 0xF6FC,
    0x963C, 0x963B, 0x961C, 0x961C, 0x961C, 0x961C, 0x8E1C, 0x8E1C, 0x8E1C, 0x8E1B, 0x8E1B, 0x8E1C, 0x8E1C, 0x8E1B, 0x8E1C, 0x8E1C,
    0x8E1C, 0x8E1C, 0x8E1C, 0x8E1C, 0x8E1C, 0x8E1B, 0x8E1C, 0x8E1B, 0x8E1B, 0x8E1C, 0x8E1C, 0x8E1C, 0x8E1C, 0x8E1C, 0x8E1B, 0x8E1C,
    0x8E1C, 0x8E1B, 0x8E1C, 0x8E1C, 0x8E1C, 0x8E1C, 0x8E1C, 0x8E1C, 0x8E1C, 0x8E1C, 0x8E1C, 0x8E1C, 0x8E1B, 0x8E1B, 0x8E1C, 0x8E1C,
    0x8E1C, 0x8E1B, 0x8E1B, 0x8E1B, 0x8E1C, 0x8E1B, 0x8E1C, 0x8E1C, 0x8E1C, 0x8E1C, 0x8E1B, 0x8E1C, 0x8E1C, 0x8E1B, 0x8E1B, 0x8E1C,
    0x8E1B, 0x8E1C, 0x8E1B, 0x8E1C, 0x8E1C, 0x8E1C, 0x8E1B, 0x8E1B, 0x8E1C, 0x8E1B, 0x8E1B, 0x8E1C, 0x8DFB, 0x8DFB, 0x85BA, 0xC434,
    0xFC75, 0xEC75, 0xF475, 0xF475, 0xF475, 0xF475, 0xF475, 0xF475, 0xF476, 0xF475, 0xF475, 0xF475, 0xF475, 0xF475, 0xF475, 0xF475,
    0xF475, 0xF475, 0xF475, 0xF475, 0xF475, 0xF475, 0xF455, 0xF455, 0xF475, 0xF475, 0xF475, 0xF475, 0xEC75, 0xFC75, 0xD413, 0x84F6,
    0x863C, 0x8DFB, 0x85FB, 0x861B, 0x85FC, 0x85FC, 0x861B, 0x861B, 0x861B, 0x861C, 0x861B, 0x861B, 0x861B, 0x861B, 0x861B, 0x861B,
    0x85FC, 0x8DFB, 0x8DFB, 0x861B, 0x85FB, 0x85FB, 0x861B, 0x7D9A, 0xAC54, 0xF455, 0xF475, 0xEC55, 0xF455, 0xF475, 0xF475, 0xF475,
    0xF475, 0xF475, 0xF455, 0xF475, 0xF475, 0xF455, 0xF455, 0xF475, 0xF455, 0xF455, 0xF475, 0xF455, 0xF455, 0xF455, 0xF455, 0xF475,
    0xF455, 0xF475, 0xF475, 0xF475, 0xEC34, 0x94B5, 0x861B, 0x85FB, 0x85FB, 0x85FC, 0x861B, 0x8E1B, 0x8E1B, 0x8E1C, 0x8E1B, 0x8E1B,
    0x8E1C, 0x8E1B, 0x8E1C, 0x8E1B, 0x8E1C, 0x861B, 0x85FB, 0x8E1B, 0x8E1B, 0x8E1B, 0x8E1B, 0x8E1C, 0x8E1C, 0x8E1C, 0x8E1C, 0x8E1B,
    0x8E1B, 0x861C, 0x8E1C, 0x8E1B, 0x8E1C, 0x8E1C, 0x8E1C, 0x8E1B, 0x8E1C, 0x8E1C, 0x8E1C, 0x8E1B, 0x8E1B, 0x8E1B, 0x8E1B, 0x8E1B,
    0x8E1B, 0x8E1C, 0x8E1C, 0x8E1B, 0x8E1B, 0x8E1B, 0x8E1B, 0x8E1B, 0x8E1C, 0x8E1B, 0x8E1B, 0x8E1B, 0x8E1B, 0x8E1C, 0x8E1B, 0x8E1C,
    0x8E1C, 0x8E1C, 0x8E1B, 0x8E1B, 0x8E1B, 0x8E1C, 0x8E1B, 0x961B, 0xCE9C, 0xF6DC, 0xF6FC, 0xEEDC, 0xEEDC, 0xF6FC, 0xF6FC, 0xF6FC,
    0x963C, 0x961C, 0x8E1C, 0x961C, 0x961C, 0x8E1C, 0x8E1B, 0x8E1C, 0x8E1C, 0x8E1C, 0x8E1C, 0x8E1C, 0x8E1C, 0x8E1C, 0x8E1C, 0x8E1C,
    0x8E1C, 0x8E1B, 0x8E1C, 0x8E1C, 0x8E1C, 0x8E1C, 0x8E1C, 0x8E1C, 0x8E1B, 0x8E1C, 0x8E1C, 0x8E1C, 0x8E1C, 0x8E1C, 0x8E1B, 0x8E1C,
    0x8E1C, 0x8E1C, 0x8E1B, 0x8E1B, 0x8E1B, 0x8E1B, 0x8E1C, 0x8E1C, 0x8E1B, 0x8E1C, 0x8E1C, 0x8E1C, 0x8E1B, 0x8E1B, 0x8E1C, 0x8E1C,
    0x8E1C, 0x8E1C, 0x8E1B, 0x8E1C, 0x8E1B, 0x8E1C, 0x8E1C, 0x8E1C, 0x8E1C, 0x8E1C, 0x8E1B, 0x8E1C, 0x8E1B, 0x8E1C, 0x8E1C, 0x8E1C,
    0x8E1B, 0x8E1B, 0x8E1B, 0x8E1C, 0x8E1C, 0x8E1C, 0x8E1C, 0x8E1C, 0x8E1C, 0x8E1B, 0x8E1B, 0x8E1B, 0x8DFB, 0x8E1B, 0x7DB9, 0xC413,
    0xFC75, 0xEC75, 0xF475, 0xF475, 0xF475, 0xF475, 0xF475, 0xF475, 0xF475, 0xF475, 0xF475, 0xF475, 0xF475, 0xF475, 0xF475, 0xF475,
    0xF475, 0xF475, 0xF475, 0xF475, 0xF475, 0xF475, 0xF455, 0xF475, 0xF475, 0xF475, 0xF475, 0xF475, 0xF475, 0xEC75, 0xFC95, 0xCBF3,
    0x7D16, 0x8E3C, 0x85FB, 0x85FB, 0x8DFB, 0x8DFB, 0x8DFB, 0x861B, 0x85FB, 0x861B, 0x861B, 0x861B, 0x861C, 0x861B, 0x861B, 0x861B,
    0x861B, 0x8DFB, 0x8DFB, 0x85FB, 0x85FB, 0x861C, 0x7D99, 0xAC53, 0xF495, 0xF475, 0xEC75, 0xF475, 0xF455, 0xF455, 0xF455, 0xF475,
    0xF455, 0xF455, 0xF455, 0xF475, 0xF475, 0xF455, 0xF475, 0xF455, 0xF455, 0xF475, 0xF475, 0xF475, 0xF475, 0xF475, 0xF475, 0xF475,
    0xF455, 0xF475, 0xF475, 0xF455, 0xEC34, 0x9495, 0x861B, 0x85FB, 0x85FB, 0x8DFB, 0x8E1B, 0x8E1B, 0x8E1B, 0x8E1C, 0x8E1B, 0x8E1B,
    0x8E1B, 0x8E1B, 0x8E1B, 0x8E1B, 0x8E1C, 0x8E1B, 0x8E1B, 0x8E1B, 0x861B, 0x8E1C, 0x8E1B, 0x8E1C, 0x8E1B, 0x8E1C, 0x8E1B, 0x8E1C,
    0x8E1B, 0x8E1C, 0x8E1C, 0x8E1C, 0x8E1B, 0x8E1B, 0x8E1B, 0x8E1B, 0x8E1B, 0x8E1C, 0x8E1B, 0x8E1B, 0x8E1B, 0x8E1C, 0x8E1B, 0x8E1B,
    0x8E1B, 0x8E1C, 0x8E1B, 0x8E1B, 0x8E1B, 0x8E1C, 0x8E1C, 0x8E1B, 0x8E1C, 0x8E1C, 0x8E1B, 0x8E1B, 0x8E1B, 0x8E1C, 0x8E1B, 0x8E1B,
    0x8E1B, 0x8E1C, 0x8E1B, 0x8E1B, 0x8E1B, 0x8E1B, 0x8E1B, 0x9E3B, 0xD69C, 0xF6DC, 0xF6FC, 0xF6FC, 0xF6FC, 0xF6FC, 0xF6FC, 0xF6FC,
    0x963C, 0x961C, 0x8E3C, 0x8E1C, 0x961C, 0x8E1C, 0x8E1B, 0x8E1C, 0x8E1C, 0x8E1C, 0x8E1C, 0x8E1C, 0x8E1C, 0x8E1C, 0x8E1B, 0x8E1C,
    0x8E1C, 0x8E1B, 0x8E1C, 0x8E1C, 0x8E1C, 0x8E1C, 0x8E1B, 0x8E1C, 0x8E1C, 0x8E1C, 0x8E1C, 0x8E1C, 0x8E1C, 0x8E1C, 0x8E1B, 0x8E1B,
    0x8E1C, 0x8E1C, 0x8E1B, 0x8E1B, 0x8E1B, 0x8E1B, 0x8E1C, 0x8E1C, 0x8E1B, 0x8E1C, 0x8E1C, 0x8E1B, 0x8E1B, 0x8E1B, 0x8E1B, 0x8E1C,
    0x8E1C, 0x8E1C, 0x8E1C, 0x8E1B, 0x8E1B, 0x8E1C, 0x8E1B, 0x8E1C, 0x8E1C, 0x8E1B, 0x8E1B, 0x8E1C, 0x8E1C, 0x8E1C, 0x8E1C, 0x8E1B,
    0x8E1C, 0x8E1B, 0x8E1B, 0x8E1B, 0x8E1B, 0x8E1C, 0x8E1C, 0x8E1B, 0x8E1C, 0x8E1C, 0x8E1B, 0x8E1B, 0x8DFB, 0x8E1B, 0x8599, 0xC413,
    0xFC75, 0xEC75, 0xF475, 0xF475, 0xF475, 0xF475, 0xF475, 0xF475, 0xF475, 0xF475, 0xF475, 0xF475, 0xF475, 0xF475, 0xF475, 0xF475,
    0xF475, 0xF475, 0xF475, 0xF475, 0xF475, 0xF475, 0xF455, 0xF475, 0xF475, 0xF475, 0xF475, 0xF475, 0xF475, 0xF475, 0xEC75, 0xFC75,
    0xBBF3, 0x8558, 0x8E1C, 0x85FB, 0x8DFB, 0x8DFB, 0x8E1B, 0x8DFB, 0x861B, 0x861B, 0x861B, 0x861B, 0x861B, 0x861B, 0x861B, 0x8E1B,
    0x8E1B, 0x861B, 0x85FB, 0x85FB, 0x8E1C, 0x7DBA, 0xAC54, 0xF475, 0xF475, 0xF475, 0xF475, 0xF455, 0xF455, 0xF455, 0xF455, 0xF455,
    0xF455, 0xF455, 0xF455, 0xF455, 0xF455, 0xF455, 0xF455, 0xF455, 0xF455, 0xF475, 0xF475, 0xF475, 0xF475, 0xF455, 0xF475, 0xF475,
    0xF455, 0xF455, 0xF455, 0xF455, 0xF434, 0x9475, 0x861B, 0x85FB, 0x861B, 0x85FB, 0x8E1C, 0x861C, 0x8E1B, 0x8E1B, 0x8E1C, 0x8E1B,
    0x8E1B, 0x8E1C, 0x8E1B, 0x8E1B, 0x8E1B, 0x8E1B, 0x8E1B, 0x8E1C, 0x8E1B, 0x8E1C, 0x8E1B, 0x8E1B, 0x8E1B, 0x8E1B, 0x8E1B, 0x8E1C,
    0x8E1B, 0x8E1B, 0x8E1C, 0x8E1B, 0x8E1B, 0x8DFC, 0x8E1B, 0x8E1B, 0x8E1B, 0x8E1C, 0x8E1B, 0x8E1C, 0x8E1B, 0x8E1C, 0x8E1B, 0x8E3B,
    0x8E1B, 0x8E1B, 0x8E1B, 0x8E1C, 0x8E1C, 0x8E1C, 0x8E1C, 0x961B, 0x9E3C, 0x961C, 0x8E1B, 0x8E1B, 0x961B, 0x8E1B, 0x961B, 0x961B,
    0x8E1B, 0x961B, 0x8E1C, 0x961B, 0x961B, 0xA63B, 0x9E1B, 0x9E1B, 0xC65B, 0xE6BC, 0xF6FC, 0xF6FC, 0xF6FC, 0xF6FC, 0xF6FC, 0xF6FC,
    0x963C, 0x8E1C, 0x8E1C, 0x8E1C, 0x8E1C, 0x8E1C, 0x8E1C, 0x8E1B, 0x8E1C, 0x8E1C, 0x8E1C, 0x8E1B, 0x8E1C, 0x8E1C, 0x8E1C, 0x8E1C,
    0x8E1C, 0x8E1C, 0x8E1C, 0x8E1C, 0x8E1B, 0x8E1C, 0x8E1C, 0x8E1C, 0x8E1C, 0x8E1C, 0x8E1C, 0x8E1C, 0x8E1C, 0x8E1B, 0x8E1C, 0x8E1B,
    0x8E1C, 0x8E1C, 0x8E1C, 0x8E1B, 0x8E1C, 0x8E1B, 0x8E1B, 0x8E1B, 0x8E1B, 0x8E1C, 0x8E1C, 0x8E1B, 0x8E1C, 0x8E1B, 0x8E1C, 0x8E1C,
    0x8E1C, 0x8E1C, 0x8E1C, 0x8E1B, 0x8E1B, 0x8E1C, 0x8E1C, 0x8E1C, 0x8E1C, 0x8E1C, 0x8E1C, 0x8E1C, 0x8E1C, 0x8E3C, 0x8E1C, 0x8E1C,
    0x8E1C, 0x8E1C, 0x8E1B, 0x8E1B, 0x8E1B, 0x8E1C, 0x8E1C, 0x8E1C, 0x8E1B, 0x8E1C, 0x8E1C, 0x8E1B, 0x8DFB, 0x8E1B, 0x859A, 0xC414,
    0xFC55, 0xEC75, 0xF475, 0xEC55, 0xF475, 0xF475, 0xF475, 0xF475, 0xF475, 0xF475, 0xF475, 0xF475, 0xF475, 0xF475, 0xF456, 0xF475,
    0xF475, 0xF475, 0xF475, 0xF475, 0xF475, 0xF475, 0xF475, 0xF475, 0xF475, 0xF475, 0xF475, 0xF475, 0xF475, 0xF475, 0xF475, 0xF475,
    0xF475, 0xAC13, 0x85BA, 0x861B, 0x85FB, 0x85FB, 0x8DFB, 0x8E1B, 0x85FB, 0x85FB, 0x85FB, 0x85FC, 0x85FB, 0x861C, 0x861B, 0x8E1B,
    0x8E1B, 0x85FB, 0x85FB, 0x85FB, 0x7DFA, 0xA474, 0xF455, 0xF476, 0xF475, 0xF475, 0xF475, 0xF455, 0xF455, 0xF455, 0xF455, 0xF455,
    0xF455, 0xF455, 0xF455, 0xF455, 0xF475, 0xF455, 0xF455, 0xF455, 0xF475, 0xF475, 0xF455, 0xF455, 0xF475, 0xF455, 0xF455, 0xF455,
    0xF455, 0xF455, 0xF475, 0xF455, 0xF434, 0x9495, 0x861B, 0x85FB, 0x8DFB, 0x8DFB, 0x8E1B, 0x8E1C, 0x8E1C, 0x8E1B, 0x8E1C, 0x8E1C,
    0x8E1B, 0x8E1C, 0x8E1C, 0x8E1C, 0x8E1B, 0x8E1B, 0x8E1B, 0x8E1B, 0x8E1B, 0x8E1B, 0x8E1C, 0x8E1B, 0x8E1C, 0x8E1B, 0x8E1C, 0x8E1C,
    0x8E1C, 0x8E1B, 0x8E1C, 0x8E1C, 0x8E1B, 0x8E1C, 0x8E1C, 0x8E1B, 0x8E1C, 0x8E1B, 0x8E1B, 0x8DFB, 0x8DFC, 0x8E1B, 0x8E1C, 0x8E1B,
    0x8E1B, 0x8E1B, 0x8E1B, 0x8E1B, 0x8E1C, 0x9E1B, 0xB65B, 0xCE9C, 0xD69C, 0xD69C, 0xBE7B, 0xAE3B, 0x961C, 0x961C, 0x9E1C, 0x9E3B,
    0x961B, 0x963B, 0xA63B, 0xBE3B, 0xCE7C, 0xDE9C, 0xD69C, 0xC67C, 0xCE7B, 0xE69C, 0xF6DC, 0xF6FC, 0xF6FC, 0xF6FC, 0xF6FC, 0xF6FC,
    0x961C, 0x8E1C, 0x8E1C, 0x8E1B, 0x8E1C, 0x8E1C, 0x8E1C, 0x8E1B, 0x8E1C, 0x8E1C, 0x8E1C, 0x8E1C, 0x8E1C, 0x8E1C, 0x8E1C, 0x8E1C,
    0x8E1C, 0x8E1C, 0x8E1C, 0x8E1C, 0x8E1C, 0x8E1B, 0x8E1C, 0x8E1C, 0x8E1C, 0x8E1C, 0x8E1C, 0x8E1C, 0x8E1C, 0x8E1B, 0x8E1C, 0x8E1B,
    0x8E1C, 0x8E1B, 0x8E1C, 0x8E1C, 0x8E1C, 0x8E1C, 0x8E1C, 0x8E1C, 0x8E1C, 0x8E1C, 0x8E1C, 0x8E1B, 0x8E1C, 0x8E1B, 0x8E1C, 0x8E1C,
    0x8E1C, 0x8E1B, 0x8E1C, 0x8E1B, 0x8E1C, 0x8E1C, 0x8E1B, 0x8E1C, 0x8E1C, 0x8E1C, 0x8E1C, 0x8E3C, 0x8E1C, 0x8E1C, 0x8E1B, 0x8E1B,
    0x8E1C, 0x8E1C, 0x8E1C, 0x8E1C, 0x8E1C, 0x8E1C, 0x8E1C, 0x8E1C, 0x8E1B, 0x8E1B, 0x8E1B, 0x8E1B, 0x8DFB, 0x8E1B, 0x85BA, 0xC414,
    0xFC55, 0xF475, 0xEC54, 0xEC54, 0xF475, 0xF455, 0xF475, 0xF475, 0xF475, 0xF475, 0xF475, 0xF475, 0xF475, 0xF475, 0xF475, 0xF475,
    0xF475, 0xF475, 0xF476, 0xF475, 0xF475, 0xF476, 0xF475, 0xF475, 0xF475, 0xF475, 0xF475, 0xF475, 0xF475, 0xF475, 0xF475, 0xF475,
    0xF475, 0xF454, 0x9454, 0x85FB, 0x8DFB, 0x8DFB, 0x8DFB, 0x85FB, 0x8DFB, 0x8DFC, 0x85FB, 0x85FB, 0x85FB, 0x85FB, 0x8E1B, 0x8DFB,
    0x8DFB, 0x85FB, 0x85FB, 0x861B, 0x94B5, 0xEC55, 0xF475, 0xEC75, 0xF475, 0xF475, 0xF475, 0xF475, 0xF475, 0xF475, 0xF455, 0xF455,
    0xF455, 0xF455, 0xF455, 0xF455, 0xF475, 0xF455, 0xF475, 0xF455, 0xF475, 0xF475, 0xF455, 0xF455, 0xF475, 0xF475, 0xF475, 0xF455,
    0xF455, 0xF475, 0xF475, 0xF475, 0xF434, 0x9495, 0x861C, 0x85FB, 0x861B, 0x861B, 0x8E1B, 0x8E1B, 0x8E1C, 0x8E1B, 0x8E1B, 0x8E1B,
    0x8E1B, 0x8E1B, 0x8E1C, 0x8E1C, 0x8E1B, 0x8E1C, 0x8E1C, 0x8E1B, 0x8E1B, 0x8E1B, 0x8E1C, 0x8E1C, 0x8E1C, 0x8E1B, 0x8E1C, 0x8E1B,
    0x8E1C, 0x8E1B, 0x8E1B, 0x8E1B, 0x8E1B, 0x8E1B, 0x8E1C, 0x8DFC, 0x8E1B, 0x8E1B, 0x8DFC, 0x8E1B, 0x8E1B, 0x8E1B, 0x8E1B, 0x8E1C,
    0x8E1C, 0x8E1B, 0x8E1C, 0x961B, 0xAE3B, 0xCE7C, 0xE6DC, 0xEEDC, 0xF6FC, 0xEEDC, 0xEEDC, 0xDEBD, 0xBE5C, 0xBE5B, 0xD69C, 0xD69C,
    0xC67C, 0xC65B, 0xD67C, 0xEEBC, 0xEEDC, 0xF6DC, 0xF6DC, 0xF6DC, 0xEEBC, 0xEEBC, 0xF6DC, 0xF6FC, 0xF6FC, 0xF6FC, 0xF6FC, 0xF6FC,
    0x961C, 0x8E1C, 0x8E1C, 0x8E1B, 0x8E1C, 0x8E1C, 0x8E1C, 0x8E1C, 0x8E1C, 0x8E1C, 0x8E1C, 0x8E1C, 0x8E1C, 0x8E1C, 0x8E1C, 0x8E1B,
    0x8E1C, 0x8E1C, 0x8E1C, 0x8E1C, 0x8E1C, 0x8E1C, 0x8E1C, 0x8E1C, 0x8E1C, 0x8E1C, 0x8E1C, 0x8E1C, 0x8E1C, 0x8E1C, 0x8E1C, 0x8E1B,
    0x8E1B, 0x8E1C, 0x8E1B, 0x8E1C, 0x8E1B, 0x8E1C, 0x8E1C, 0x8E1C, 0x8E1C, 0x8E1C, 0x8E1C, 0x8E1B, 0x8E1B, 0x8E1B, 0x8E1C, 0x8E1C,
    0x8E1C, 0x8E1B, 0x8E1C, 0x8E1B, 0x8E1C, 0x8E1C, 0x8E1B, 0x8E1C, 0x8E1B, 0x8E1C, 0x8E1C, 0x8E1C, 0x8E3C, 0x8E1C, 0x8E1C, 0x8E1B,
    0x8E1B, 0x8E1B, 0x8E1C, 0x8E1C, 0x8E1C, 0x8E1C, 0x8E1C, 0x8E1C, 0x8E1B, 0x8E1C, 0x8E1B, 0x8E1B, 0x8DFB, 0x8DFB, 0x7DDA, 0xBC14,
    0xFC55, 0xF475, 0xE434, 0xEC75, 0xF475, 0xF455, 0xF475, 0xF475, 0xF475, 0xF475, 0xF475, 0xF475, 0xF475, 0xF475, 0xF475, 0xF475,
    0xF475, 0xF475, 0xF476, 0xF475, 0xF475, 0xF475, 0xF475, 0xF475, 0xF475, 0xF475, 0xF475, 0xF475, 0xF455, 0xF475, 0xF475, 0xF475,
    0xF475, 0xF495, 0xDC13, 0x84F7, 0x861C, 0x8DFB, 0x8DFC, 0x85FB, 0x8DFB, 0x8DFB, 0x85FB, 0x85FB, 0x85FB, 0x8E1B, 0x8E1B, 0x8DFB,
    0x8DFB, 0x85FB, 0x8E1C, 0x8537, 0xD434, 0xF476, 0xEC75, 0xF475, 0xF475, 0xF475, 0xF455, 0xF455, 0xF455, 0xF475, 0xF455, 0xF455,
    0xF455, 0xF455, 0xF455, 0xF455, 0xF455, 0xF455, 0xF455, 0xF475, 0xF455, 0xF455, 0xF455, 0xF455, 0xF475, 0xF475, 0xF455, 0xF455,
    0xF455, 0xF455, 0xF475, 0xF475, 0xEC34, 0x94B5, 0x861C, 0x85FB, 0x861B, 0x861B, 0x8E1B, 0x8E1B, 0x861B, 0x8E1B, 0x8E1B, 0x8E1B,
    0x8E1B, 0x8E1B, 0x8E1C, 0x8E1C, 0x8E1C, 0x8E1B, 0x8E1C, 0x8E1C, 0x8E1B, 0x8E1B, 0x8E1B, 0x8E1B, 0x85FC, 0x8DFB, 0x8E1B, 0x8E1B,
    0x8E1B, 0x8E1B, 0x8E1B, 0x8E1B, 0x8E1B, 0x8E1B, 0x8E1B, 0x8DFC, 0x8E1B, 0x8E1B, 0x8E1B, 0x8E1B, 0x8E1B, 0x8E1B, 0x8E1B, 0x8E1C,
    0x8E1C, 0x8E1C, 0x8E1B, 0xA63B, 0xCE9C, 0xEEDC, 0xF6DC, 0xEEDC, 0xEEDC, 0xE6BC, 0xE6BB, 0xE6BC, 0xDE9C, 0xE6BC, 0xF6DC, 0xF6DC,
    0xF6DC, 0xEEBC, 0xF6BC, 0xF6DC, 0xF6DC, 0xF6DC, 0xF6DC, 0xF6DC, 0xEEBC, 0xF6BC, 0xF6DC, 0xF6DC, 0xF6DC, 0xF6FC, 0xF6FC, 0xF6FC,
    0x963B, 0x8E1B, 0x8E1B, 0x8E1C, 0x8E1C, 0x8E1B, 0x8E1B, 0x8E1B, 0x8E1B, 0x8E1C, 0x8E1B, 0x8E1C, 0x8E1C, 0x8E1C, 0x8E1C, 0x8E1B,
    0x8E1B, 0x8E1B, 0x8E1B, 0x8E1B, 0x8E1B, 0x8E1C, 0x8E1B, 0x8E1C, 0x8E1C, 0x8E1B, 0x8E1B, 0x8E1B, 0x8E1B, 0x8E1C, 0x8E1B, 0x8E1B,
    0x8E1B, 0x8E1C, 0x8E1C, 0x8E1B, 0x8E1B, 0x8E1B, 0x8E1C, 0x8E1C, 0x8E1B, 0x8E3B, 0x8E3B, 0x8E3B, 0x8E1C, 0x8E1B, 0x8E1B, 0x8E1B,
    0x8E1B, 0x8E1B, 0x8E1B, 0x8E1C, 0x8E1B, 0x8E1C, 0x8E1C, 0x8E1C, 0x8E1B, 0x8E1B, 0x8E1C, 0x8E1C, 0x8E1B, 0x8E1B, 0x8E1B, 0x8E1B,
    0x8E1C, 0x8E1B, 0x8E1B, 0x8E1B, 0x8E1B, 0x8E1B, 0x8E1B, 0x8E1B, 0x8E1B, 0x8E1C, 0x8E1C, 0x8E1C, 0x8E1B, 0x8DFB, 0x85FB, 0xB414,
    0xFC56, 0xEC34, 0xE434, 0xF475, 0xF475, 0xF475, 0xF475, 0xF475, 0xF475, 0xF455, 0xF475, 0xF475, 0xF475, 0xF475, 0xF476, 0xF475,
    0xF475, 0xF475, 0xF475, 0xF475, 0xF475, 0xF475, 0xF475, 0xF475, 0xF475, 0xF455, 0xF475, 0xF475, 0xF475, 0xF475, 0xF475, 0xF475,
    0xF475, 0xEC75, 0xFC75, 0xB413, 0x85B9, 0x861B, 0x85FB, 0x85FB, 0x85FB, 0x8DFB, 0x8DFB, 0x8DFB, 0x8DFB, 0x8E1B, 0x8E1B, 0x861B,
    0x8DFB, 0x8E1B, 0x7DBA, 0xB433, 0xF475, 0xEC75, 0xF475, 0xF475, 0xF455, 0xF455, 0xF455, 0xF455, 0xF455, 0xF455, 0xF455, 0xF455,
    0xF455, 0xF455, 0xF455, 0xF455, 0xF455, 0xF455, 0xF455, 0xF455, 0xF455, 0xF455, 0xF455, 0xF455, 0xF455, 0xF455, 0xF455, 0xF475,
    0xF455, 0xF455, 0xF455, 0xF455, 0xEC34, 0x8CD6, 0x861C, 0x85FB, 0x861B, 0x861B, 0x8E1B, 0x8E1B, 0x8E1B, 0x8E1B, 0x8E1C, 0x8DFC,
    0x8E1C, 0x8E1B, 0x8E1B, 0x8E1B, 0x8E1C, 0x8E1C, 0x8E1B, 0x8E1B, 0x8E1B, 0x8E1C, 0x8E1C, 0x8E1B, 0x8E1B, 0x861B, 0x861B, 0x8E1B,
    0x8E1B, 0x8E1B, 0x8E1B, 0x8DFC, 0x8DFC, 0x8E1B, 0x8E1B, 0x8E1B, 0x8E1C, 0x8E1B, 0x8E1B, 0x8E1B, 0x8E1B, 0x8E1C, 0x8E1C, 0x8E1B,
    0x8E1B, 0x8E1B, 0x9E3B, 0xBE5C, 0xDE9B, 0xEEDC, 0xEEDC, 0xEEBC, 0xE6BC, 0xE6BC, 0xE6BB, 0xE6BB, 0xEEDC, 0xF6DD, 0xF6DC, 0xF6DC,
    0xF6DC, 0xF6DC, 0xF6DC, 0xF6DC, 0xF6BC, 0xF6BC, 0xF6BC, 0xF6BC, 0xF6BC, 0xF6DC, 0xF6BC, 0xF6DC, 0xF6DC, 0xF6DC, 0xF6DC, 0xF6DC,
    0x963C, 0x8E1C, 0x8E1C, 0x8E1C, 0x8E1C, 0x8E1C, 0x8E1C, 0x8E1C, 0x8E1C, 0x8E1C, 0x8E1B, 0x8E1C, 0x8E1B, 0x8E1B, 0x8E1B, 0x8E1C,
    0x8E1C, 0x8E1B, 0x8E1B, 0x8E1B, 0x8E1B, 0x8E1C, 0x8E1C, 0x8E1C, 0x8E1C, 0x8E1C, 0x8E1C, 0x8E1C, 0x8E1C, 0x8E1C, 0x8E3B, 0x8E1C,
    0x8E1B, 0x8E1B, 0x8E1B, 0x8E1C, 0x8E1C, 0x8E1B, 0x8E1B, 0x8E1C, 0x8E1B, 0x8E3B, 0x8E1C, 0x8E3B, 0x8E1B, 0x8E1C, 0x8E1B, 0x8E1B,
    0x8E1C, 0x8E1C, 0x8E1B, 0x8E1C, 0x8E1B, 0x8E1B, 0x8E1B, 0x8E1C, 0x8E1C, 0x8E1B, 0x8E1B, 0x8E1C, 0x8E1B, 0x8E1B, 0x8E1B, 0x8E1B,
    0x8E1B, 0x8E1C, 0x8E1B, 0x8E1C, 0x8E1B, 0x8E1C, 0x8E1B, 0x8E1B, 0x8E1C, 0x8E1B, 0x8E1B, 0x8E1B, 0x8E1B, 0x8DFB, 0x861B, 0xA455,
    0xF455, 0xDC13, 0xEC55, 0xF476, 0xF475, 0xF475, 0xF475, 0xF475, 0xF475, 0xF476, 0xF455, 0xF455, 0xF475, 0xF475, 0xF475, 0xF475,
    0xF475, 0xF475, 0xF475, 0xF455, 0xF475, 0xF475, 0xF475, 0xF475, 0xF475, 0xF455, 0xF455, 0xF475, 0xF475, 0xF475, 0xF475, 0xF475,
    0xF475, 0xF455, 0xF455, 0xEC34, 0x9495, 0x861B, 0x85FB, 0x8E1B, 0x8DFB, 0x8DFB, 0x8DFB, 0x8DFB, 0x8DFB, 0x8E1B, 0x8DFB, 0x8DFB,
    0x85FB, 0x861C, 0x94B5, 0xEC34, 0xF475, 0xEC55, 0xF455, 0xF475, 0xF455, 0xF455, 0xF455, 0xF455, 0xF455, 0xF455, 0xF455, 0xF455,
    0xF455, 0xF455, 0xF455, 0xF455, 0xF455, 0xF455, 0xF456, 0xF455, 0xF455, 0xF455, 0xF455, 0xF455, 0xF455, 0xF455, 0xF455, 0xF475,
    0xF455, 0xF455, 0xF455, 0xF455, 0xE414, 0x8CF6, 0x861B, 0x85FB, 0x8DFB, 0x85FB, 0x8DFC, 0x8E1B, 0x8E1B, 0x8DFC, 0x8E1B, 0x8E1B,
    0x8E1B, 0x8E1B, 0x8E1C, 0x8E1B, 0x8E1C, 0x8E1C, 0x8E1B, 0x8E1B, 0x8E1C, 0x8E1B, 0x8E1C, 0x8E1C, 0x861B, 0x861B, 0x8DFC, 0x8E1C,
    0x8E1B, 0x8E1B, 0x8E1B, 0x8E1B, 0x8E1B, 0x8E1B, 0x8E1C, 0x8E1B, 0x8E1B, 0x8E3C, 0x8E1B, 0x8E1B, 0x8E1B, 0x8E1B, 0x8E1B, 0x961C,
    0x9E3C, 0xA63B, 0xB65C, 0xD69C, 0xEEBC, 0xEEDC, 0xEEDC, 0xEEBC, 0xEEDC, 0xEEDC, 0xF6BC, 0xF6DC, 0xF6DC, 0xF6DC, 0xF6DC, 0xF6DC,
    0xF6DC, 0xF6BC, 0xF6DC, 0xF6BC, 0xF69C, 0xF67B, 0xF67B, 0xF67B, 0xF6BC, 0xF6BC, 0xF6BC, 0xF6DC, 0xF6DC, 0xF6DC, 0xF6DC, 0xF6DC,
    0x963C, 0x8E3B, 0x8E1C, 0x8E1C, 0x8E1B, 0x8E1C, 0x8E1B, 0x8E1B, 0x8E1C, 0x8E1B, 0x8E1C, 0x8E1B, 0x8E1C, 0x8E1B, 0x8E1B, 0x8E1B,
    0x8E1B, 0x8E1C, 0x8E1B, 0x8E1B, 0x8E1C, 0x8E1B, 0x8E1C, 0x8E1C, 0x8E1B, 0x8E1C, 0x8E1C, 0x8E1B, 0x8E1C, 0x8E1C, 0x8E1B, 0x8E1B,
    0x8E1C, 0x8E1C, 0x8E1B, 0x8E1B, 0x8E1B, 0x8E1B, 0x8E1B, 0x8E1B, 0x8E1B, 0x8E1B, 0x8E1B, 0x8E1C, 0x8E3B, 0x8E1B, 0x8E1C, 0x8E1B,
    0x8E1B, 0x8E1B, 0x8E1B, 0x8E1C, 0x8E1B, 0x8E1C, 0x8E1B, 0x8E1B, 0x8E1B, 0x8E1C, 0x8E1B, 0x8E1B, 0x8E1C, 0x8E1B, 0x8E1B, 0x8E1C,
    0x8E1B, 0x8E1B, 0x8E1C, 0x8E1B, 0x8E1B, 0x8E1C, 0x8E1B, 0x8E1B, 0x8E1B, 0x8E1C, 0x8E1B, 0x8E1B, 0x8E1B, 0x8DFB, 0x8E1C, 0x9CB6,
    0xEC13, 0xDC13, 0xF475, 0xF475, 0xF475, 0xF475, 0xF476, 0xF475, 0xF475, 0xF476, 0xF455, 0xF455, 0xF475, 0xF475, 0xF475, 0xF475,
    0xF475, 0xF475, 0xF475, 0xF475, 0xF475, 0xF475, 0xF475, 0xF455, 0xF455, 0xF455, 0xF455, 0xF455, 0xF455, 0xF455, 0xF475, 0xF455,
    0xF455, 0xF455, 0xF455, 0xFC55, 0xCBF3, 0x8558, 0x8E1B, 0x8DFB, 0x8DFB, 0x8DFB, 0x8E1B, 0x8DFB, 0x8DFC, 0x8E1B, 0x8DFB, 0x8DFB,
    0x8E1B, 0x8579, 0xC413, 0xF475, 0xEC55, 0xF475, 0xF455, 0xF455, 0xF455, 0xF455, 0xF455, 0xF455, 0xF455, 0xF455, 0xF455, 0xF455,
    0xF455, 0xF455, 0xF455, 0xF455, 0xF455, 0xF455, 0xF455, 0xF455, 0xF455, 0xF455, 0xF455, 0xF455, 0xF455, 0xF455, 0xF455, 0xF455,
    0xF455, 0xF455, 0xEC55, 0xF455, 0xDBF4, 0x8537, 0x861B, 0x85FB, 0x8DFB, 0x8E1B, 0x8E1C, 0x8E1B, 0x8E1B, 0x8E1B, 0x8E1C, 0x8E1B,
    0x8E1B, 0x8E1B, 0x8E1C, 0x8E1C, 0x8E1B, 0x8E1B, 0x8E1C, 0x8E1B, 0x8E1C, 0x8E1C, 0x8E1B, 0x8E1C, 0x8E1C, 0x8E1B, 0x8E1C, 0x8E1C,
    0x8E1B, 0x8E1B, 0x8E1B, 0x8E1C, 0x8E1B, 0x8E1B, 0x8E1B, 0x8E1C, 0x8E1B, 0x8E1B, 0x8E1C, 0x8E1B, 0x8E1B, 0x8E1C, 0x8E1B, 0x961B,
    0xBE5C, 0xCE7B, 0xCE7C, 0xE69C, 0xEEDC, 0xEEBC, 0xF6DC, 0xF6DC, 0xF6DC, 0xF6DC, 0xF6DC, 0xF6DD, 0xF6DC, 0xF6DC, 0xF6DC, 0xF6FC,
    0xF6DC, 0xF6DC, 0xF6DC, 0xF6DC, 0xF6DC, 0xF6BC, 0xF67B, 0xF69B, 0xF6BC, 0xF6BC, 0xF6DC, 0xF6DC, 0xF6DC, 0xF6DC, 0xF6DC, 0xF6DC,
    0x963B, 0x8E3B, 0x8E1C, 0x8E1B, 0x8E1B, 0x8E1C, 0x8E1B, 0x8E1B, 0x8E1B, 0x8E1C, 0x8E1C, 0x8E1B, 0x8E1B, 0x8E1B, 0x8E1C, 0x8E1B,
    0x8E1B, 0x8E1B, 0x8E1C, 0x8E1C, 0x8E1C, 0x8E1B, 0x8E1B, 0x8E1C, 0x8E1C, 0x8E1B, 0x8E1B, 0x8E1B, 0x8E1B, 0x8E1B, 0x8E1C, 0x8E1B,
    0x8E1B, 0x8E1B, 0x8E1C, 0x8E1C, 0x8E1B, 0x8E1B, 0x8E1C, 0x8E1B, 0x8E1C, 0x8E1B, 0x8E1B, 0x8E1C, 0x8E1B, 0x8E1B, 0x8E1B, 0x8E1B,
    0x8E1B, 0x8E1B, 0x8E1C, 0x8E1B, 0x8E1B, 0x8E1B, 0x8E1C, 0x8E1C, 0x8E1B, 0x8E1B, 0x8E1C, 0x8E1C, 0x8E1C, 0x8E1B, 0x8E1B, 0x8E1B,
    0x8E1B, 0x8E1B, 0x8E1B, 0x8E1B, 0x8E1B, 0x8E1B, 0x8E1B, 0x8E1B, 0x8E1B, 0x8E1B, 0x8E1C, 0x8E1C, 0x8E1B, 0x8DFB, 0x8E1B, 0x9518,
    0xD3B2, 0xDC13, 0xF495, 0xF475, 0xF475, 0xF475, 0xF475, 0xF475, 0xF475, 0xF475, 0xF455, 0xF455, 0xF475, 0xF475, 0xF455, 0xF475,
    0xF475, 0xF475, 0xF475, 0xF455, 0xF455, 0xF475, 0xF474, 0xF455, 0xF475, 0xF475, 0xF475, 0xF475, 0xF475, 0xF475, 0xF455, 0xF455,
    0xF455, 0xF475, 0xF455, 0xF455, 0xF434, 0x9455, 0x85FC, 0x8DFB, 0x85FB, 0x8DFB, 0x8E1B, 0x8E1B, 0x8DFB, 0x8DFB, 0x85FB, 0x85FB,
    0x861B, 0x9C95, 0xF454, 0xEC55, 0xEC55, 0xF475, 0xF475, 0xF455, 0xF455, 0xF455, 0xF455, 0xF455, 0xF455, 0xF475, 0xF475, 0xF455,
    0xF455, 0xF475, 0xF455, 0xF455, 0xF455, 0xF455, 0xF455, 0xF455, 0xF455, 0xF455, 0xF455, 0xF455, 0xF455, 0xF455, 0xF455, 0xF475,
    0xF455, 0xF455, 0xF455, 0xFC55, 0xCBF3, 0x8579, 0x861B, 0x85FB, 0x8DFB, 0x8E1B, 0x8E1B, 0x8E1B, 0x8E1C, 0x8E1B, 0x8E1B, 0x8E1B,
    0x8E1C, 0x8E1B, 0x8E1B, 0x8E1B, 0x8E1C, 0x8E1C, 0x8E1C, 0x8E1B, 0x8E1B, 0x8E1C, 0x8E1B, 0x8E1B, 0x8E1B, 0x8E1B, 0x8E1B, 0x8E1B,
    0x8E1C, 0x8E1B, 0x8E1B, 0x8E1B, 0x8E1C, 0x8E1B, 0x8E1B, 0x8E1B, 0x8E1C, 0x8E1C, 0x8E1C, 0x8E1B, 0x961B, 0x9E3B, 0xA63B, 0xA63B,
    0xC67C, 0xD69B, 0xDE9C, 0xE6BC, 0xEEBC, 0xF6DC, 0xF6DC, 0xF6DC, 0xF6BC, 0xF6DC, 0xF6DC, 0xF6DC, 0xF6DC, 0xF6DC, 0xF6DC, 0xFEDC,
    0xFEDC, 0xF6DC, 0xFEDC, 0xFEDC, 0xF6FC, 0xF6DC, 0xF6BC, 0xF69C, 0xF69C, 0xF6BC, 0xF6DC, 0xF6DC, 0xF6DC, 0xF6DC, 0xF6DC, 0xF6BC,
    0xB65C, 0xAE5B, 0x9E1C, 0xA63C, 0xA63C, 0x961C, 0x8E1C, 0x8E1C, 0x8E1B, 0x8E1B, 0x8E1C, 0x8E1C, 0x8E1C, 0x8E1B, 0x8E1C, 0x8E1C,
    0x8E1C, 0x8E1C, 0x8E1C, 0x8E1B, 0x8E1C, 0x8E1B, 0x8E1B, 0x8E1B, 0x8E1C, 0x8E1B, 0x8E1C, 0x8E1C, 0x8E1B, 0x8E1B, 0x8E1C, 0x8E1B,
    0x8E1C, 0x8E1B, 0x8E1C, 0x8E1C, 0x8E1C, 0x8E1C, 0x8E1B, 0x8E1B, 0x8E1C, 0x8E1B, 0x8E1B, 0x8E1B, 0x8E1B, 0x8E1B, 0x8E1C, 0x8E1B,
    0x8E1C, 0x8E1B, 0x8E1B, 0x8E1C, 0x8E1C, 0x8E1B, 0x8E1C, 0x8E1C, 0x8E1C, 0x8E1C, 0x8E1B, 0x8E1B, 0x8E1B, 0x8E1C, 0x8E1B, 0x8E1B,
    0x8E1B, 0x8E1B, 0x8E1C, 0x8E1C, 0x8E1C, 0x8E1B, 0x8E1B, 0x8E1B, 0x8E1C, 0x8E1B, 0x8E1B, 0x8E1B, 0x8E1B, 0x8DFB, 0x8E1C, 0x8599,
    0xAB50, 0xEC55, 0xF475, 0xF475, 0xF475, 0xF475, 0xF475, 0xF475, 0xF475, 0xF475, 0xF455, 0xF455, 0xF455, 0xF475, 0xF475, 0xF475,
    0xF475, 0xF475, 0xF475, 0xF455, 0xF475, 0xF455, 0xF455, 0xF455, 0xEC34, 0xE3D3, 0xDBD3, 0xDBD3, 0xE3F3, 0xEC55, 0xF475, 0xF455,
    0xF455, 0xF455, 0xF455, 0xEC55, 0xFC75, 0xCBF2, 0x8558, 0x8E1C, 0x85FB, 0x8DFB, 0x8DFB, 0x8DFB, 0x8E1B, 0x8DFB, 0x8DFB, 0x861B,
    0x7D99, 0xCC33, 0xF475, 0xEC55, 0xF455, 0xF455, 0xF455, 0xF455, 0xF455, 0xF475, 0xF455, 0xEC34, 0xDBD3, 0xDBB2, 0xDB92, 0xDB92,
    0xE3B3, 0xEBF4, 0xF435, 0xF455, 0xF455, 0xEC55, 0xF455, 0xF455, 0xF455, 0xF455, 0xF455, 0xF455, 0xF455, 0xF455, 0xF455, 0xF455,
    0xF455, 0xF475, 0xF475, 0xEC14, 0xA3D2, 0x85DA, 0x8DFB, 0x85FB, 0x8DFB, 0x8DFB, 0x8E1B, 0x8E1B, 0x8E1B, 0x8E1C, 0x8E1C, 0x8E1B,
    0x8E1C, 0x8E1B, 0x8E1C, 0x8E1C, 0x8E1B, 0x8E1B, 0x8E1C, 0x8E1B, 0x8E1B, 0x8E1B, 0x8E1C, 0x8E1B, 0x8E1C, 0x8E1B, 0x8E1B, 0x8E1B,
    0x8E1C, 0x8E1B, 0x8E1C, 0x8E1B, 0x8E1C, 0x8E1B, 0x8E1C, 0x8E1C, 0x8E1B, 0x8E1B, 0x8E1B, 0x8E1B, 0x9E3B, 0xBE5B, 0xCE7C, 0xCE7B,
    0xD69C, 0xD69C, 0xD67B, 0xE69B, 0xEEBC, 0xF6BC, 0xEEBC, 0xEE9B, 0xEE9C, 0xF6BC, 0xF69C, 0xF69C, 0xF69B, 0xF69B, 0xF6BB, 0xFEDC,
    0xFEDC, 0xF6DC, 0xF6DC, 0xF6DC, 0xF6DC, 0xF6BC, 0xF6BC, 0xF69B, 0xF67B, 0xF67B, 0xF67B, 0xF67B, 0xF69B, 0xF6BC, 0xF69B, 0xF65B,
    0xCE7C, 0xC67C, 0xBE5C, 0xCE7C, 0xCE7B, 0xB65C, 0x961B, 0x8E1B, 0x8E1B, 0x8E1C, 0x8E1B, 0x8E1B, 0x8E1B, 0x8E1B, 0x8E1B, 0x8E1B,
    0x8E1B, 0x8E1B, 0x8E1C, 0x8E1B, 0x8E1B, 0x8E1C, 0x8E1C, 0x8E1B, 0x8E1B, 0x8E1B, 0x8E1C, 0x8E1C, 0x8E1B, 0x8E1B, 0x8E1C, 0x8E1C,
    0x8E1C, 0x8E1C, 0x8E1C, 0x8E1B, 0x8E1B, 0x8E1C, 0x8E1C, 0x8E1B, 0x8E1B, 0x8E1B, 0x8E1B, 0x8E1B, 0x8E1B, 0x8E1B, 0x8E1B, 0x8E1C,
    0x8E1C, 0x8E1B, 0x8E1C, 0x8E1B, 0x8E1B, 0x8E1B, 0x8E1C, 0x8E1C, 0x8E1B, 0x8E1C, 0x8E1B, 0x8E1C, 0x8E1B, 0x8E1B, 0x8E1C, 0x8E1B,
    0x8E1B, 0x8E1B, 0x8E1B, 0x8E1C, 0x8E1C, 0x8E1B, 0x8E1B, 0x8E1B, 0x8E1B, 0x8E1C, 0x8E1B, 0x8E1C, 0x8E1B, 0x8DFB, 0x8E1B, 0x7DDA,
    0x9BB1, 0xF475, 0xEC75, 0xF475, 0xF475, 0xF455, 0xF475, 0xF475, 0xF455, 0xF455, 0xF455, 0xF455, 0xF455, 0xF475, 0xF455, 0xF475,
    0xF475, 0xF475, 0xF455, 0xF455, 0xEC55, 0xF475, 0xE434, 0xD392, 0xD352, 0xD351, 0xD351, 0xD351, 0xD331, 0xD351, 0xDBB3, 0xEC35,
    0xF475, 0xF455, 0xF455, 0xF455, 0xF475, 0xEC34, 0x9474, 0x861C, 0x8DFB, 0x8DFB, 0x8DFB, 0x8DFB, 0x8DFB, 0x8DFB, 0x8DDB, 0x861B,
    0x94B5, 0xEC34, 0xF475, 0xF455, 0xF455, 0xF455, 0xF455, 0xF475, 0xF455, 0xDBF2, 0xCB71, 0xCB51, 0xCB31, 0xD331, 0xD331, 0xD331,
    0xD331, 0xD331, 0xDB52, 0xEC14, 0xF455, 0xEC55, 0xF455, 0xF455, 0xF455, 0xF455, 0xF455, 0xF455, 0xF455, 0xF455, 0xF455, 0xF455,
    0xF455, 0xF455, 0xF475, 0xF435, 0x93B1, 0x85FB, 0x85FB, 0x85FB, 0x8DFB, 0x8DFB, 0x8DFB, 0x8E1B, 0x8E1B, 0x8E1C, 0x8E1C, 0x8E1B,
    0x8E1C, 0x8E1B, 0x8E1C, 0x8E1C, 0x8E1C, 0x8E1B, 0x8E1B, 0x8E1B, 0x8E1B, 0x8E1B, 0x8E1B, 0x8E1B, 0x8E1B, 0x8E1B, 0x8E1B, 0x8E1B,
    0x8E1B, 0x8E1C, 0x8E1C, 0x8E1B, 0x8E1C, 0x8E1B, 0x8E1B, 0x8E1B, 0x8E1B, 0x8E1B, 0x8E1B, 0x8E1B, 0x961B, 0xAE3B, 0xCE7C, 0xDE9C,
    0xDE9C, 0xDE9C, 0xD67B, 0xE69C, 0xE6BC, 0xE69C, 0xDE7C, 0xE67B, 0xEE9B, 0xEE9B, 0xF67B, 0xF65B, 0xF65B, 0xF69B, 0xF6DC, 0xF6FC,
    0xFEDC, 0xFEDC, 0xF6DC, 0xF6DC, 0xF6BC, 0xF6BC, 0xF6BC, 0xF6BC, 0xF6BC, 0xF67B, 0xF65B, 0xF63B, 0xF63B, 0xF65B, 0xF65B, 0xF65B,
    0xC67B, 0xCE7C, 0xD69C, 0xD69C, 0xD67B, 0xCE7C, 0xBE5B, 0xA63B, 0x961C, 0x8E1C, 0x8E1B, 0x8E1B, 0x8E1C, 0x8E1C, 0x8E1B, 0x8E1B,
    0x8E1C, 0x8E1C, 0x8E1C, 0x8E1C, 0x8E1B, 0x8E1B, 0x8E1B, 0x8E1C, 0x8E1B, 0x8E1C, 0x8E1B, 0x8E1B, 0x8E1C, 0x8E1C, 0x8E1B, 0x8E1B,
    0x8E1C, 0x8E1C, 0x8E1B, 0x8E1B, 0x8E1B, 0x8E1B, 0x8E1C, 0x8E1C, 0x8E1B, 0x8E1B, 0x8E1B, 0x8E1B, 0x8E1B, 0x8E1B, 0x8E1B, 0x8E1B,
    0x8E1C, 0x8E1C, 0x8E1C, 0x8E1B, 0x8E1B, 0x8E1C, 0x8E1B, 0x8E1B, 0x8E1B, 0x8E1B, 0x8E1B, 0x8E1C, 0x8E1B, 0x8E1B, 0x8E1B, 0x8E1B,
    0x8E1B, 0x8E1B, 0x8E1B, 0x8E3B, 0x8E1B, 0x8E1B, 0x8E1B, 0x8E1B, 0x8E1B, 0x8E1C, 0x8E1B, 0x8E1B, 0x8DFB, 0x8DFB, 0x8E1B, 0x85B9,
    0xBC33, 0xFC95, 0xEC75, 0xF475, 0xF475, 0xF475, 0xF455, 0xF475, 0xF455, 0xF455, 0xF455, 0xF455, 0xF475, 0xF475, 0xF455, 0xF475,
    0xF475, 0xF475, 0xF475, 0xF456, 0xF475, 0xE414, 0xD351, 0xD351, 0xDB52, 0xD351, 0xD352, 0xDB72, 0xDB71, 0xDB52, 0xD351, 0xCB51,
    0xE3F3, 0xF475, 0xF455, 0xF455, 0xF455, 0xFC56, 0xBC14, 0x7DB9, 0x85FB, 0x8E1B, 0x863B, 0x863C, 0x861C, 0x861C, 0x861B, 0x7DDA,
    0xB433, 0xF455, 0xEC75, 0xF455, 0xF455, 0xF455, 0xF455, 0xDBF3, 0xC371, 0xC330, 0xD331, 0xD352, 0xD352, 0xD351, 0xD351, 0xD351,
    0xD351, 0xD351, 0xD331, 0xDB72, 0xF455, 0xF455, 0xF455, 0xF455, 0xF455, 0xF475, 0xF455, 0xF455, 0xF455, 0xF455, 0xF455, 0xF455,
    0xF456, 0xF475, 0xF475, 0xFC76, 0xC413, 0x7D79, 0x8E1B, 0x8DFB, 0x8E1B, 0x8E1B, 0x8E1B, 0x8E1B, 0x8E1B, 0x8E1B, 0x8E1C, 0x8E1B,
    0x8E1B, 0x8E1B, 0x8E1B, 0x8E1B, 0x8E1C, 0x8E1C, 0x8E1B, 0x8E1B, 0x8E1B, 0x8E1B, 0x8E1B, 0x8E1C, 0x8E1B, 0x8E1B, 0x8E1C, 0x8E1B,
    0x8E1B, 0x8E1B, 0x8E1C, 0x8E1C, 0x8E1B, 0x8E1B, 0x8E3B, 0x8E1C, 0x8E1B, 0x8E1B, 0x8E1B, 0x8E1B, 0x9E1C, 0xB65C, 0xD69B, 0xDE9C,
    0xDE9C, 0xD69B, 0xDE9C, 0xDE9C, 0xDE9C, 0xDE7B, 0xDE7B, 0xE67C, 0xF69B, 0xF67B, 0xF65B, 0xF65B, 0xF69C, 0xF6BC, 0xFEDC, 0xF6FC,
    0xFEFC, 0xF6FC, 0xFEDC, 0xFEDC, 0xFEDC, 0xFEDC, 0xF6DC, 0xF69B, 0xF69C, 0xF69B, 0xF69B, 0xF67B, 0xF63B, 0xF61A, 0xF61A, 0xF63B,
    0xC65C, 0xB63B, 0xBE5B, 0xCE7C, 0xD67C, 0xC67B, 0xBE5C, 0xBE5C, 0xA63C, 0x961C, 0x8E1C, 0x8E1C, 0x8E1B, 0x8E1C, 0x8E1B, 0x8E1B,
    0x8E1B, 0x8E1B, 0x8E1B, 0x8E1C, 0x8E1C, 0x8E1B, 0x8E1C, 0x8E1C, 0x8E1B, 0x8E1C, 0x8E1C, 0x8E1B, 0x8E1C, 0x8E1B, 0x8E1B, 0x8E1C,
    0x8E1B, 0x8E1C, 0x8E1B, 0x8E1C, 0x8E1B, 0x8E1B, 0x8E1B, 0x8E1B, 0x8E1B, 0x8E1B, 0x8E1C, 0x8E1C, 0x8E1C, 0x8E1C, 0x8E1C, 0x8E1B,
    0x8E1B, 0x8E1C, 0x8E1B, 0x8E1C, 0x8E1B, 0x8E1C, 0x8E1B, 0x8E1B, 0x8E1B, 0x8E1B, 0x8E1B, 0x8E1C, 0x8E1B, 0x8E3B, 0x8E1B, 0x8E1C,
    0x8E1B, 0x8E1B, 0x8E1C, 0x8E1B, 0x8E1B, 0x8E1B, 0x8E1B, 0x8E1B, 0x8E1B, 0x8E1B, 0x8E1B, 0x8E1B, 0x8DFB, 0x8DFB, 0x8E1C, 0x8D58,
    0xD414, 0xF475, 0xEC75, 0xF476, 0xF475, 0xF455, 0xF455, 0xF455, 0xF455, 0xF455, 0xF475, 0xF455, 0xF475, 0xF475, 0xF475, 0xF475,
    0xF455, 0xF455, 0xF475, 0xF475, 0xEC34, 0xD351, 0xD352, 0xDB52, 0xD352, 0xD352, 0xD352, 0xD352, 0xD351, 0xD352, 0xDB72, 0xD352,
    0xCB31, 0xD3B2, 0xF455, 0xF455, 0xF455, 0xF455, 0xE434, 0x84F7, 0x863C, 0x8579, 0x8D17, 0x9CD6, 0x9CB6, 0x94D6, 0x8D79, 0x8538,
    0xD413, 0xF456, 0xF455, 0xF455, 0xF456, 0xEC34, 0xCB71, 0xC310, 0xD331, 0xD352, 0xD351, 0xD351, 0xD351, 0xD351, 0xD331, 0xD331,
    0xD332, 0xD331, 0xD331, 0xE3F4, 0xF455, 0xF455, 0xF455, 0xF455, 0xF455, 0xF475, 0xF455, 0xF455, 0xF455, 0xF455, 0xF475, 0xF475,
    0xF455, 0xF455, 0xF475, 0xF455, 0xE434, 0x8CF7, 0x861C, 0x8DFB, 0x8DFB, 0x8E1B, 0x8E1B, 0x8E1B, 0x8E1C, 0x8E1B, 0x8E1B, 0x8E1B,
    0x8E1B, 0x8E1B, 0x8E1B, 0x8E1B, 0x8E1B, 0x8E1B, 0x8E1B, 0x8E1B, 0x8E1C, 0x8E1C, 0x8E1B, 0x8E1C, 0x8E1C, 0x8E1B, 0x8E1C, 0x8E1B,
    0x8E1B, 0x8E1B, 0x8E1B, 0x8E1C, 0x8E1C, 0x8E1C, 0x8E1B, 0x961C, 0x8E1B, 0x8E1B, 0x8E1B, 0x8E1B, 0xAE3B, 0xD69C, 0xDE9C, 0xDE9C,
    0xD67C, 0xD67B, 0xD67B, 0xD67B, 0xD65B, 0xD67C, 0xDE7B, 0xEE9B, 0xF69B, 0xF67B, 0xF67B, 0xF6BB, 0xF6BC, 0xF6DC, 0xF6DC, 0xF6DC,
    0xF6FC, 0xF6DC, 0xF6DC, 0xF6DC, 0xF6DC, 0xF6DC, 0xF6BC, 0xF69B, 0xF67B, 0xF65B, 0xF65B, 0xF63B, 0xF5DA, 0xF5BA, 0xF5FA, 0xF65B,
    0xBE5C, 0xBE3B, 0xB63B, 0xC65C, 0xCE7C, 0xC67C, 0xBE5B, 0xB65B, 0x9E1C, 0x8E1B, 0x8E1B, 0x8E1C, 0x8E1B, 0x8E1B, 0x961B, 0x961C,
    0x961C, 0x961B, 0x961C, 0x8E1B, 0x8E1C, 0x8E1B, 0x8E1B, 0x8E1B, 0x8E1B, 0x8E1B, 0x8E1B, 0x961B, 0x961C, 0x8E1C, 0x8E1B, 0x8E1C,
    0x8E1C, 0x8E1B, 0x8E1B, 0x8E1C, 0x8E1C, 0x8E1B, 0x8E1C, 0x8E1C, 0x8E1C, 0x8E1B, 0x8E1B, 0x8E1B, 0x8E1B, 0x8E1C, 0x8E1C, 0x8E1C,
    0x8E1C, 0x8E1C, 0x8E1B, 0x8E1B, 0x8E1C, 0x8E1C, 0x8E1B, 0x8E1B, 0x8E1C, 0x8E1B, 0x8E1C, 0x8E1C, 0x8E1C, 0x8E1B, 0x8E3B, 0x8E1C,
    0x8E1B, 0x8E1B, 0x8E1B, 0x8E1B, 0x8E1B, 0x8E1B, 0x8E1B, 0x8E1B, 0x8E1B, 0x8E1B, 0x8E1B, 0x8E1B, 0x8DFB, 0x8DFB, 0x8E1C, 0x94D5,
    0xEC14, 0xF475, 0xF475, 0xF475, 0xF475, 0xF455, 0xF455, 0xF455, 0xF455, 0xF455, 0xF475, 0xF475, 0xF455, 0xF475, 0xF475, 0xF475,
    0xF455, 0xF455, 0xF475, 0xF475, 0xDB93, 0xD351, 0xDB71, 0xDB52, 0xD352, 0xD351, 0xD351, 0xD351, 0xD352, 0xD352, 0xD352, 0xD351,
    0xD352, 0xC330, 0xCB71, 0xF455, 0xF455, 0xF455, 0xF434, 0x9453, 0x8CD5, 0xCC33, 0xEC34, 0xF434, 0xF434, 0xF434, 0xDC34, 0xA3B1,
    0xE433, 0xF455, 0xEC55, 0xF475, 0xDBF3, 0xC330, 0xCB31, 0xDB52, 0xD352, 0xD332, 0xD351, 0xD352, 0xD352, 0xD351, 0xD331, 0xCB30,
    0xCB31, 0xDB72, 0xEC14, 0xF475, 0xF455, 0xF455, 0xF475, 0xF475, 0xF455, 0xF455, 0xF455, 0xF455, 0xF455, 0xF455, 0xF455, 0xF455,
    0xF455, 0xF455, 0xF455, 0xF455, 0xF435, 0xA474, 0x85FB, 0x8DFB, 0x8DFB, 0x8E1B, 0x8E1B, 0x8E1B, 0x8E1B, 0x8E1C, 0x8E1B, 0x8E1B,
    0x8E1B, 0x8E1C, 0x8E1B, 0x8E1B, 0x8E1B, 0x8E1B, 0x8E1B, 0x8E1B, 0x8E1B, 0x8E1C, 0x8E1C, 0x8E1B, 0x8E1B, 0x8E1B, 0x8E1B, 0x8E1B,
    0x8E1B, 0x8E1B, 0x8E1B, 0x8E1B, 0x961B, 0x9E3B, 0xA63B, 0xAE3C, 0xB65B, 0xAE5B, 0xA63B, 0x9E1C, 0xA61B, 0xBE5B, 0xCE7C, 0xC65B,
    0xC65B, 0xCE7C, 0xD67B, 0xD67B, 0xCE5B, 0xC65B, 0xDE7B, 0xEE7B, 0xF67B, 0xF67B, 0xF69C, 0xF6BC, 0xF6DC, 0xF6DC, 0xFEDC, 0xF6DC,
    0xF6DC, 0xFEDC, 0xF6DC, 0xF6DC, 0xF6BC, 0xF6BC, 0xF67B, 0xF63B, 0xF5FA, 0xF5DA, 0xF5DA, 0xF5BA, 0xF5B9, 0xF5BA, 0xF5FA, 0xF63A,
    0xC65C, 0xC65B, 0xC65B, 0xCE5B, 0xCE5C, 0xCE7C, 0xBE5B, 0xA63B, 0x961C, 0x8E1B, 0x8E1B, 0x961B, 0x961C, 0x961B, 0x8E3B, 0x8E1C,
    0x8E1C, 0x8E1B, 0x8E1B, 0x8E1B, 0x8E1C, 0x8E1C, 0x8E1B, 0x8E1B, 0x8E1B, 0x8E1C, 0x8E1B, 0x8E1B, 0x8E1C, 0x8E1C, 0x8E1B, 0x8E1B,
    0x8E1C, 0x8E1C, 0x8E1B, 0x8E1C, 0x8E1C, 0x8E1B, 0x8E1B, 0x8E1B, 0x8E1C, 0x8E1B, 0x8E1B, 0x8E1B, 0x8E1B, 0x8E1B, 0x8E1C, 0x8E1B,
    0x8E1C, 0x8E1C, 0x8E1B, 0x8E1B, 0x8E1C, 0x8E1C, 0x8E1B, 0x8E1C, 0x8E1C, 0x8E1B, 0x8E1B, 0x8E1B, 0x8E1C, 0x8E1C, 0x8E1B, 0x8E1B,
    0x8E1B, 0x8E1B, 0x8E1C, 0x8E1B, 0x8E1C, 0x8E1C, 0x8E1B, 0x8E1B, 0x8E1B, 0x8E1C, 0x8E1B, 0x8E1B, 0x8E1C, 0x8DFB, 0x8E1B, 0xA475,
    0xF434, 0xF475, 0xF475, 0xF475, 0xF475, 0xF455, 0xF455, 0xF455, 0xF455, 0xF475, 0xF475, 0xF475, 0xF475, 0xF455, 0xF455, 0xF475,
    0xF456, 0xF455, 0xF475, 0xF475, 0xE3F4, 0xCB51, 0xCB51, 0xD331, 0xD331, 0xD351, 0xD352, 0xD352, 0xD352, 0xD352, 0xD352, 0xD351,
    0xD351, 0xD352, 0xCB10, 0xCB71, 0xF455, 0xF455, 0xF455, 0xB390, 0xDC13, 0xFC76, 0xF475, 0xF475, 0xF475, 0xF475, 0xF475, 0xEC55,
    0xD3D2, 0xF455, 0xF475, 0xD3B2, 0xBB10, 0xD352, 0xDB52, 0xD351, 0xD352, 0xD332, 0xD331, 0xCB31, 0xCB30, 0xCB31, 0xCB71, 0xD3B2,
    0xE414, 0xF475, 0xF475, 0xF475, 0xF455, 0xF455, 0xF455, 0xF455, 0xF455, 0xF455, 0xF455, 0xF455, 0xF455, 0xF456, 0xF455, 0xF455,
    0xF475, 0xF455, 0xF455, 0xF455, 0xF455, 0xC414, 0x859A, 0x8E1B, 0x8DFB, 0x8DFB, 0x8E1B, 0x8E1B, 0x8E1B, 0x8E1B, 0x8E1B, 0x8E1B,
    0x8E1B, 0x8E1C, 0x8E1C, 0x8E1B, 0x8E1B, 0x8E1B, 0x8E1C, 0x8E1B, 0x8E1B, 0x8E1B, 0x8E1B, 0x8E1C, 0x8E1B, 0x8E1B, 0x8E1C, 0x9E3C,
    0xA63C, 0xAE5B, 0xA63C, 0x961C, 0x9E3B, 0xC67C, 0xD69C, 0xE6BC, 0xE6BC, 0xE6BC, 0xCE9C, 0xBE5B, 0xB63B, 0xBE5B, 0xCE7B, 0xCE5B,
    0xCE7B, 0xD67B, 0xD67B, 0xD67B, 0xCE5B, 0xC63B, 0xE67B, 0xF67B, 0xF67B, 0xF69B, 0xF69C, 0xF6BC, 0xF6BB, 0xF6BC, 0xF6BC, 0xF69B,
    0xF69B, 0xFEBC, 0xF6BC, 0xF6BC, 0xF6BC, 0xF69C, 0xF63A, 0xF5DA, 0xF5B9, 0xF599, 0xF5B9, 0xF599, 0xF599, 0xF5BA, 0xF5FA, 0xF5FA,
    0xC65B, 0xC65B, 0xCE5C, 0xCE7B, 0xC65B, 0xC65B, 0xB65C, 0x961B, 0x961B, 0x961C, 0x961C, 0x961C, 0x961B, 0x8E1C, 0x8E1B, 0x8E1B,
    0x8E1B, 0x8E1C, 0x8E1B, 0x8E1B, 0x8E1B, 0x8E1B, 0x8E1C, 0x8E1C, 0x8E1B, 0x963B, 0xA63C, 0xAE5C, 0xAE5C, 0xAE5C, 0xA63C, 0x963B,
    0x8E1B, 0x8E1C, 0x8E1B, 0x8E1B, 0x8E1B, 0x8E1C, 0x8E1C, 0x8E1B, 0x8E1C, 0x8E1B, 0x8E1C, 0x8E1C, 0x8E1C, 0x8E1B, 0x8E1C, 0x8E1C,
    0x8E1B, 0x8E1B, 0x8E1C, 0x8E1C, 0x8E1C, 0x8E1C, 0x8E1C, 0x8E1B, 0x8E1C, 0x8E1C, 0x8E1C, 0x8E1B, 0x8E1C, 0x8E1C, 0x8E1C, 0x8E1C,
    0x8E1C, 0x8E1C, 0x8E1C, 0x8E1B, 0x8E1B, 0x8E1B, 0x8E1C, 0x8E1C, 0x8E1C, 0x8E1B, 0x8E1C, 0x8E1B, 0x8E1B, 0x8E1B, 0x85FA, 0xB434,
    0xFC55, 0xEC75, 0xF475, 0xF456, 0xF455, 0xF455, 0xF455, 0xF455, 0xF455, 0xF475, 0xF475, 0xF475, 0xF456, 0xF455, 0xF456, 0xF475,
    0xF475, 0xF455, 0xF475, 0xF455, 0xF475, 0xEC55, 0xE3F3, 0xDBD3, 0xD393, 0xD372, 0xCB51, 0xCB51, 0xCB51, 0xCB51, 0xD331, 0xD332,
    0xD352, 0xD352, 0xDB52, 0xCB31, 0xCB71, 0xF455, 0xEC35, 0xD3D3, 0xF475, 0xEC75, 0xF475, 0xF455, 0xF456, 0xF455, 0xF455, 0xF496,
    0xDBF3, 0xEC14, 0xDBD2, 0xC2F0, 0xD332, 0xD331, 0xCB10, 0xC311, 0xC330, 0xC350, 0xCB92, 0xD3B2, 0xDBF3, 0xE434, 0xEC55, 0xF475,
    0xF476, 0xF475, 0xF475, 0xF475, 0xF455, 0xF455, 0xF455, 0xF455, 0xF455, 0xF455, 0xF455, 0xF455, 0xF475, 0xF455, 0xF455, 0xF456,
    0xF455, 0xF455, 0xF455, 0xF455, 0xF475, 0xDC13, 0x8D38, 0x8E3B, 0x8DFB, 0x8E1B, 0x8E1B, 0x8E1B, 0x8E1C, 0x8E1C, 0x8E1B, 0x8E1C,
    0x8E1B, 0x8E1B, 0x8E1B, 0x8E1C, 0x8E1B, 0x8E1C, 0x8E1C, 0x8E1B, 0x8E1C, 0x8E1C, 0x8E1B, 0x8E1B, 0x9E3C, 0xA63C, 0xAE5C, 0xCE9C,
    0xE6BC, 0xE6BC, 0xDE9C, 0xB63B, 0xAE3B, 0xCE7B, 0xDEBC, 0xE6BC, 0xEEBC, 0xEEBC, 0xEEBC, 0xDE9C, 0xD69C, 0xD67C, 0xDE9B, 0xEEBC,
    0xEEBC, 0xDE7B, 0xD67B, 0xD67B, 0xD67B, 0xDE5C, 0xEE7B, 0xF67B, 0xF69B, 0xF69B, 0xF6BC, 0xF6BC, 0xF69C, 0xF69B, 0xF67B, 0xF67B,
    0xF67B, 0xF69B, 0xF69C, 0xF6BC, 0xF69B, 0xF63B, 0xF5FA, 0xF5B9, 0xF599, 0xF59A, 0xF599, 0xF599, 0xF599, 0xF5BA, 0xF5DA, 0xF5DA,
    0xCE5C, 0xC65B, 0xC65B, 0xC65B, 0xAE3C, 0xA63B, 0x9E3B, 0x8E1C, 0x961C, 0x8E1C, 0x8E1B, 0x8E1C, 0x961B, 0x8E1B, 0x8E1C, 0x8E1B,
    0x8E1C, 0x961B, 0x961C, 0x961B, 0x9E3B, 0xAE3C, 0x9E3C, 0x9E1B, 0xAE5C, 0xCE9C, 0xDEBC, 0xE6DC, 0xE6DC, 0xE6BC, 0xD69C, 0xBE7C,
    0xA63B, 0x961B, 0x8E1C, 0x8E1B, 0x8E1B, 0x8E1B, 0x8E1B, 0x8E1B, 0x8E1C, 0x8E1B, 0x8E1B, 0x8E1C, 0x8E1C, 0x8E1C, 0x8E1B, 0x8E1C,
    0x8E1C, 0x8E1C, 0x8E1B, 0x8E1C, 0x8E1C, 0x8E1B, 0x8E1B, 0x8E1C, 0x8E1C, 0x8E1C, 0x8E1B, 0x8E1C, 0x8E1C, 0x8E1B, 0x8E1B, 0x8E1B,
    0x8E1B, 0x8E1C, 0x8E1B, 0x8E1C, 0x8E1B, 0x8E1B, 0x8E1B, 0x8E1B, 0x8E1C, 0x8E1B, 0x8E1B, 0x8E1C, 0x8E1B, 0x8E1B, 0x85BA, 0xCC34,
    0xF475, 0xF475, 0xF475, 0xF455, 0xF475, 0xF455, 0xF455, 0xF455, 0xF455, 0xF455, 0xF475, 0xF475, 0xF456, 0xF475, 0xF455, 0xF475,
    0xF475, 0xF455, 0xF475, 0xF475, 0xF475, 0xF475, 0xF475, 0xF475, 0xF475, 0xEC55, 0xEC55, 0xE434, 0xDBF4, 0xD3D2, 0xD392, 0xCB51,
    0xC331, 0xCB31, 0xCB50, 0xD352, 0xCB31, 0xD371, 0xEC34, 0xDBF3, 0xF475, 0xF475, 0xF475, 0xF475, 0xF475, 0xF455, 0xF455, 0xF476,
    0xE434, 0xC351, 0xB2EF, 0xBAEF, 0xBB10, 0xC371, 0xD3B2, 0xDBF3, 0xE434, 0xEC55, 0xF475, 0xF475, 0xF475, 0xF475, 0xF475, 0xF455,
    0xF455, 0xF475, 0xF455, 0xF455, 0xF455, 0xF455, 0xF455, 0xF455, 0xF455, 0xF455, 0xF455, 0xF455, 0xF455, 0xF455, 0xF455, 0xF455,
    0xF455, 0xF455, 0xF455, 0xF455, 0xF475, 0xEC34, 0x8CB6, 0x8E1C, 0x8DFB, 0x8E1B, 0x8E1B, 0x8E1B, 0x8E1B, 0x8E1C, 0x8E1B, 0x8E1B,
    0x8E1C, 0x8E1B, 0x8E1B, 0x8E1B, 0x8E1B, 0x8E1C, 0x8E1C, 0x8E1B, 0x8E1B, 0x8E1B, 0x9E3C, 0xAE3B, 0xCE9C, 0xE6BC, 0xE6BC, 0xEEDC,
    0xEEDC, 0xEEBC, 0xEEBC, 0xDE9C, 0xDE7C, 0xE69C, 0xE69C, 0xDE7B, 0xE69C, 0xEEBC, 0xF6DC, 0xF6DC, 0xEEBC, 0xE69C, 0xEEBB, 0xF6DC,
    0xEEBC, 0xE67C, 0xD65B, 0xD65B, 0xDE5A, 0xEE7B, 0xF67B, 0xF67B, 0xF69B, 0xF6BC, 0xF69C, 0xF69C, 0xF69C, 0xF67B, 0xF67B, 0xF67B,
    0xF67B, 0xF67B, 0xF69B, 0xF67B, 0xF65B, 0xF5DA, 0xF599, 0xF599, 0xF599, 0xF599, 0xF599, 0xF579, 0xF599, 0xF59A, 0xF599, 0xF599,
    0xC67C, 0xB63B, 0xA61B, 0x9E1C, 0x961B, 0x8E1C, 0x961B, 0x961B, 0x963B, 0x9E3C, 0x9E3B, 0x9E3B, 0x961C, 0x8E1C, 0x8E1B, 0x8E1B,
    0x9E3B, 0xBE7C, 0xCE9C, 0xCE9C, 0xD69C, 0xE6BC, 0xD69C, 0xCE7C, 0xE6DC, 0xF6DC, 0xF6FC, 0xF6FD, 0xF6FC, 0xF6FC, 0xE6BB, 0xDEBC,
    0xDEBC, 0xBE7C, 0x961B, 0x8E1B, 0x8E1B, 0x8E1C, 0x8E1C, 0x8E1C, 0x8E1B, 0x8E1B, 0x8E1B, 0x8E1C, 0x8E1B, 0x8E1C, 0x8E1C, 0x8E1C,
    0x8E1C, 0x961C, 0x8E1B, 0x8E1C, 0x8E1C, 0x8E1B, 0x8E1C, 0x8E1C, 0x8E1C, 0x8E1C, 0x8E1C, 0x8E1C, 0x8E1B, 0x8E1B, 0x8E1B, 0x8E1B,
    0x8E1B, 0x8E1B, 0x8E1B, 0x8E1C, 0x8E1B, 0x8E1B, 0x8E1B, 0x8E1B, 0x8E1B, 0x8E1B, 0x8E1C, 0x8E1B, 0x8E1B, 0x8E1C, 0x8578, 0xD414,
    0xFC75, 0xF475, 0xF455, 0xF455, 0xF475, 0xF475, 0xF475, 0xF475, 0xF475, 0xF475, 0xF475, 0xF475, 0xF455, 0xF475, 0xF475, 0xF475,
    0xF475, 0xF475, 0xF475, 0xF475, 0xF475, 0xF475, 0xF455, 0xF455, 0xF455, 0xF475, 0xF475, 0xF475, 0xF475, 0xF475, 0xF475, 0xEC74,
    0xE434, 0xE413, 0xD3B2, 0xCB51, 0xD351, 0xC330, 0xCB71, 0xDC14, 0xF475, 0xF475, 0xF475, 0xF475, 0xF475, 0xF475, 0xF455, 0xF476,
    0xE414, 0xA2AE, 0xCBB2, 0xDC13, 0xEC55, 0xF475, 0xF475, 0xF475, 0xF475, 0xF455, 0xF455, 0xF455, 0xF455, 0xF455, 0xF455, 0xF455,
    0xF455, 0xF475, 0xF455, 0xF455, 0xF455, 0xF455, 0xF475, 0xF455, 0xF455, 0xF455, 0xF455, 0xF455, 0xF475, 0xF455, 0xF455, 0xF475,
    0xF455, 0xF455, 0xF475, 0xF455, 0xF475, 0xF455, 0x9C74, 0x861C, 0x8E1B, 0x8E1B, 0x8E1B, 0x8E1B, 0x8E1B, 0x8E1C, 0x8E1B, 0x8E1C,
    0x8E1C, 0x8E1B, 0x8E1C, 0x8E1B, 0x8E1C, 0x8E1B, 0x8E1B, 0x8E1B, 0x8E1B, 0x9E3B, 0xC67C, 0xDE9C, 0xEEBC, 0xF6DC, 0xF6DC, 0xF6DC,
    0xF6DC, 0xF6BC, 0xF69C, 0xF69C, 0xF6BC, 0xF6BC, 0xF69C, 0xEE5B, 0xEE7B, 0xEE9C, 0xF6DC, 0xF6DC, 0xF6DC, 0xF6DC, 0xF6DC, 0xF6BC,
    0xEE9B, 0xE65B, 0xDE3B, 0xDE3B, 0xEE5A, 0xF65B, 0xF67B, 0xF67B, 0xF69B, 0xF69C, 0xF69C, 0xF69B, 0xF69B, 0xF65B, 0xF67B, 0xF69B,
    0xF67B, 0xF67B, 0xF63A, 0xF5FA, 0xF5FA, 0xF5B9, 0xF599, 0xF599, 0xF599, 0xF599, 0xF579, 0xF579, 0xF579, 0xF59A, 0xF599, 0xF599,
    0xAE3B, 0x9E1B, 0x961B, 0x961C, 0x961B, 0x961B, 0x9E3B, 0xAE5C, 0xC67C, 0xD69C, 0xDEBC, 0xDEBB, 0xCE9C, 0xAE3C, 0x961B, 0xA63B,
    0xD69C, 0xEEDC, 0xF6DC, 0xF6DC, 0xF6DC, 0xF6DC, 0xF6BC, 0xEEBC, 0xF6DC, 0xEEBC, 0xEEBB, 0xE69B, 0xEEBC, 0xF6DC, 0xF6DC, 0xF6DC,
    0xF6FC, 0xEEDC, 0xB65B, 0x9E1C, 0x961B, 0x961B, 0x8E1B, 0x8E1B, 0x8E1B, 0x8E1C, 0x8E1B, 0x8E1B, 0x8E1C, 0x8E1C, 0x8E1B, 0x8E1C,
    0x8E1C, 0x8E1C, 0x8E3C, 0x8E1B, 0x8E1B, 0x8E1C, 0x8E3B, 0x8E1C, 0x8E1C, 0x8E3B, 0x8E3C, 0x8E1C, 0x8E1B, 0x8E1C, 0x8E1C, 0x8E1B,
    0x8E1C, 0x8E1B, 0x8E1B, 0x8E1B, 0x8E1B, 0x8E1C, 0x8E1C, 0x8E1B, 0x8E1B, 0x8E1C, 0x8E1B, 0x8E1B, 0x8E1B, 0x8E3B, 0x8D37, 0xDC14,
    0xFC75, 0xF475, 0xF455, 0xF455, 0xF476, 0xF475, 0xF475, 0xF475, 0xF475, 0xF475, 0xF455, 0xF455, 0xF455, 0xF475, 0xF475, 0xF475,
    0xF475, 0xF475, 0xF475, 0xF475, 0xF475, 0xF475, 0xF475, 0xF475, 0xF475, 0xF475, 0xF475, 0xF475, 0xF475, 0xF475, 0xF455, 0xF455,
    0xF475, 0xF475, 0xF475, 0xF455, 0xEC34, 0xDBF3, 0xB30E, 0xCBB2, 0xF476, 0xF475, 0xF475, 0xF475, 0xF475, 0xF455, 0xF455, 0xFC75,
    0xD371, 0xD392, 0xFC96, 0xF475, 0xF475, 0xEC55, 0xEC55, 0xEC54, 0xF455, 0xF455, 0xF454, 0xF455, 0xF455, 0xF455, 0xF455, 0xF455,
    0xF455, 0xF455, 0xF455, 0xF455, 0xF455, 0xF455, 0xF455, 0xF455, 0xF455, 0xF455, 0xF455, 0xF475, 0xF475, 0xF455, 0xF475, 0xF475,
    0xF455, 0xF455, 0xF475, 0xF455, 0xEC75, 0xFC55, 0xB434, 0x85FB, 0x8E1B, 0x8E1B, 0x8E1B, 0x8E1B, 0x8E1B, 0x8E1C, 0x8E3B, 0x8E1B,
    0x8E1B, 0x8E1C, 0x8E1B, 0x8E1B, 0x8E1B, 0x8E1B, 0x8E1B, 0x8E1C, 0x961B, 0xA63C, 0xDE9C, 0xEEBC, 0xF6DC, 0xF6BC, 0xF6BC, 0xF6BC,
    0xF6BC, 0xF65B, 0xF61A, 0xF63B, 0xF67B, 0xF65B, 0xF63A, 0xF61A, 0xEE1A, 0xEE7B, 0xF6BC, 0xF6DC, 0xF6DC, 0xF6DC, 0xF6BC, 0xF69B,
    0xEE7B, 0xEE3A, 0xEE1B, 0xF63B, 0xF65B, 0xF67B, 0xF67B, 0xF67B, 0xF69B, 0xF69B, 0xF69B, 0xF69B, 0xF69B, 0xF67B, 0xF65B, 0xF65B,
    0xF63A, 0xF61B, 0xF5DA, 0xF5B9, 0xF599, 0xF599, 0xF599, 0xF579, 0xF579, 0xF579, 0xF599, 0xF599, 0xF599, 0xF599, 0xF599, 0xF599,
    0x961B, 0x961C, 0x961B, 0x961B, 0xA63C, 0xB65C, 0xCE9C, 0xE6DC, 0xF6DC, 0xF6DD, 0xF6DD, 0xF6DC, 0xF6DC, 0xDE9C, 0xB65B, 0xC67B,
    0xEEBC, 0xF6DC, 0xEEBB, 0xEEBC, 0xF6BC, 0xF69B, 0xEE7B, 0xF6BB, 0xEEBC, 0xEEBC, 0xE69C, 0xDE7B, 0xDE7B, 0xEEBC, 0xEEBC, 0xEEBC,
    0xEEDC, 0xE6BC, 0xCE7B, 0xBE5B, 0xAE5B, 0x961B, 0x8E1C, 0x961C, 0x961B, 0x8E1C, 0x8E1C, 0x8E1B, 0x8E1B, 0x8E1C, 0x8E1C, 0x8E1C,
    0x8E1C, 0x8E1B, 0x8E1C, 0x8E1B, 0x8E1B, 0x8E1C, 0x8E1C, 0x8E1C, 0x8E1C, 0x8E1C, 0x8E1C, 0x8E1C, 0x8E1B, 0x8E1C, 0x8E1C, 0x8E1C,
    0x8E1B, 0x8E1B, 0x8E1B, 0x8E1B, 0x8E1B, 0x8E1B, 0x8E1B, 0x8E1B, 0x8E1B, 0x8E1C, 0x8E1C, 0x8E1B, 0x8DFB, 0x8E3C, 0x8D17, 0xE434,
    0xF475, 0xF475, 0xF455, 0xF475, 0xF475, 0xF455, 0xF455, 0xF475, 0xF455, 0xF455, 0xF475, 0xF455, 0xF475, 0xF475, 0xF455, 0xF475,
    0xF475, 0xF455, 0xF475, 0xF475, 0xF475, 0xF475, 0xF475, 0xF475, 0xF475, 0xF475, 0xF475, 0xF475, 0xF475, 0xF455, 0xF455, 0xF455,
    0xF455, 0xF455, 0xF455, 0xF475, 0xF475, 0xF476, 0xEC34, 0xD3D3, 0xF475, 0xEC55, 0xF455, 0xF455, 0xF455, 0xF455, 0xF435, 0xE392,
    0xCB10, 0xD392, 0xF455, 0xEC55, 0xF455, 0xF455, 0xF455, 0xF455, 0xF455, 0xF455, 0xF455, 0xF455, 0xF455, 0xF455, 0xF475, 0xF455,
    0xF455, 0xF455, 0xF455, 0xF455, 0xF475, 0xF455, 0xF455, 0xF455, 0xF455, 0xF455, 0xF456, 0xF455, 0xF475, 0xF455, 0xF455, 0xF455,
    0xF455, 0xF455, 0xF475, 0xF455, 0xF455, 0xFC75, 0xB3D2, 0x85BA, 0x8E1C, 0x8E1B, 0x8E1B, 0x8E1B, 0x8E1B, 0x8E1B, 0x8E1C, 0x8E1C,
    0x8E1B, 0x8E1C, 0x8E1C, 0x8E1C, 0x8E1B, 0x8E1B, 0x8E1B, 0x961C, 0x961B, 0xB63B, 0xE67C, 0xF69C, 0xF69B, 0xF67B, 0xF67B, 0xF65B,
    0xF63A, 0xF5DA, 0xF5B9, 0xF5BA, 0xF5FA, 0xF61B, 0xEDFA, 0xEDD9, 0xEE3A, 0xF67B, 0xF67B, 0xF69B, 0xF69C, 0xF69B, 0xF67B, 0xF69B,
    0xF69C, 0xF69B, 0xF67B, 0xF67B, 0xF65B, 0xF67B, 0xF67B, 0xF69C, 0xF69C, 0xF69B, 0xF69C, 0xF67B, 0xF65B, 0xF65B, 0xF61A, 0xF5DA,
    0xF5B9, 0xF5DA, 0xF5BA, 0xF5B9, 0xF599, 0xF599, 0xF579, 0xF579, 0xF579, 0xF579, 0xF599, 0xF59A, 0xF599, 0xF599, 0xF599, 0xF579,
    0x963C, 0x961C, 0x961B, 0xA63C, 0xD67C, 0xEEDC, 0xF6FC, 0xF6FC, 0xF6FC, 0xF6FC, 0xF6FC, 0xF6FC, 0xF6DC, 0xF6DC, 0xEEBC, 0xE6BC,
    0xEEBC, 0xE69C, 0xDE7B, 0xEE9B, 0xF6BC, 0xF6BB, 0xF69B, 0xF6DC, 0xF6DC, 0xF6DC, 0xF6DC, 0xEEBB, 0xE69B, 0xEEDC, 0xF6BC, 0xEEBB,
    0xEEBC, 0xE69C, 0xD69B, 0xCE7B, 0xBE5B, 0xA63C, 0x961B, 0x8E1B, 0x8E1C, 0x961B, 0x8E1B, 0x8E1B, 0x8E1C, 0x8E1C, 0x8E1C, 0x8E1B,
    0x8E1C, 0x8E1C, 0x8E1C, 0x8E1C, 0x8E1B, 0x8E1C, 0x8E1C, 0x8E1C, 0x8E1C, 0x8E1C, 0x8E1C, 0x8E3B, 0x8E1C, 0x8E3C, 0x8E1C, 0x8E1C,
    0x8E1B, 0x8E1C, 0x8E1C, 0x8E1B, 0x8E1B, 0x8E1C, 0x8E1C, 0x8E1C, 0x8E1B, 0x8E1C, 0x8E1C, 0x8E1C, 0x8DFB, 0x8E3C, 0x8D17, 0xE433,
    0xF475, 0xF475, 0xF475, 0xF475, 0xF475, 0xF455, 0xF455, 0xF475, 0xF475, 0xF475, 0xF475, 0xF455, 0xF475, 0xF455, 0xF455, 0xF475,
    0xF475, 0xF475, 0xF475, 0xF475, 0xF475, 0xF475, 0xF475, 0xF475, 0xF475, 0xF475, 0xF475, 0xF475, 0xF455, 0xF475, 0xF475, 0xF455,
    0xF455, 0xF455, 0xF455, 0xF455, 0xF455, 0xF475, 0xE434, 0xC330, 0xF434, 0xF475, 0xF475, 0xF475, 0xF455, 0xEBF4, 0xD351, 0xD331,
    0xCB10, 0xD3B2, 0xFC76, 0xF455, 0xF455, 0xF455, 0xF455, 0xF455, 0xF455, 0xF455, 0xF455, 0xF475, 0xF455, 0xF455, 0xF475, 0xF475,
    0xF475, 0xF455, 0xF455, 0xF475, 0xF475, 0xF455, 0xF455, 0xF455, 0xF455, 0xF455, 0xF455, 0xF455, 0xF455, 0xF455, 0xF455, 0xF475,
    0xF475, 0xF455, 0xF475, 0xF455, 0xF455, 0xFC55, 0xB392, 0x85B9, 0x8E3C, 0x8E1B, 0x8E1B, 0x8E1C, 0x8E1C, 0x8E1B, 0x8E1C, 0x8E1C,
    0x8E1B, 0x8E1B, 0x8E1B, 0x8E1C, 0x8E3B, 0x8E1C, 0x9E1B, 0xAE3B, 0xB63B, 0xDE7B, 0xF65B, 0xF61A, 0xF5FA, 0xF5FA, 0xF5FA, 0xF5FA,
    0xF5BA, 0xF5BA, 0xF5BA, 0xED99, 0xF5FA, 0xEE5B, 0xE63A, 0xDDD9, 0xE61A, 0xF65B, 0xF63B, 0xF69B, 0xF69B, 0xF65B, 0xF65B, 0xF69B,
    0xF69B, 0xF6BB, 0xF69B, 0xF65B, 0xF63B, 0xF67B, 0xF69B, 0xF69B, 0xF69C, 0xF69B, 0xF67B, 0xF63B, 0xF63B, 0xF63A, 0xF61A, 0xF5FA,
    0xF5B9, 0xF5BA, 0xF5BA, 0xF599, 0xF599, 0xF599, 0xF579, 0xF579, 0xF579, 0xF599, 0xF599, 0xF599, 0xF599, 0xF599, 0xF59A, 0xF59A,
    0x9E3C, 0x961C, 0x963B, 0xB65B, 0xEEDC, 0xF6DC, 0xF6DC, 0xF6DC, 0xF6DC, 0xF6DC, 0xF6DC, 0xF6DC, 0xF6DC, 0xF6DC, 0xF6DC, 0xF6DC,
    0xEEBC, 0xDE5B, 0xDE7B, 0xF6BC, 0xF6BC, 0xF69C, 0xF6BC, 0xF6BB, 0xF69B, 0xF6BC, 0xF6DD, 0xF6DC, 0xF6DC, 0xF6DC, 0xF6DC, 0xF6DC,
    0xEEBC, 0xEEBC, 0xEEDC, 0xE6BC, 0xD69C, 0xC67C, 0xB65C, 0xA63B, 0x961B, 0x8E1C, 0x8E1C, 0x8E1B, 0x8E1B, 0x8E1C, 0x8E1C, 0x8E1C,
    0x8E1C, 0x8E1B, 0x961C, 0x961C, 0x8E1B, 0x8E1C, 0x8E1B, 0x8E1C, 0x8E1C, 0x8E1C, 0x8E1C, 0x8E1C, 0x8E1C, 0x8E1C, 0x8E1C, 0x8E1B,
    0x8E1B, 0x8E1C, 0x8E1C, 0x8E1C, 0x8E1C, 0x8E3C, 0x8E1C, 0x8E1C, 0x8E1B, 0x8E1C, 0x8E1B, 0x8E1B, 0x8E1B, 0x8E3C, 0x8D38, 0xE414,
    0xF475, 0xF455, 0xF455, 0xF455, 0xF455, 0xF455, 0xF455, 0xF455, 0xF455, 0xF475, 0xF475, 0xF455, 0xF475, 0xF455, 0xF455, 0xF475,
    0xF475, 0xF455, 0xF476, 0xF475, 0xF475, 0xF476, 0xF475, 0xF475, 0xF475, 0xF475, 0xF475, 0xF455, 0xF455, 0xF475, 0xF475, 0xF455,
    0xF455, 0xF455, 0xF475, 0xF475, 0xEC34, 0xD3B2, 0xBAF0, 0xB2AF, 0xD331, 0xDBB3, 0xE3D3, 0xDBB3, 0xD351, 0xCB10, 0xCB10, 0xD311,
    0xC2F0, 0xAAAE, 0xD391, 0xE3D2, 0xEBF4, 0xF414, 0xF434, 0xF475, 0xF475, 0xF455, 0xF455, 0xF455, 0xF455, 0xF475, 0xF475, 0xF455,
    0xF475, 0xF475, 0xF455, 0xF475, 0xF455, 0xF455, 0xF455, 0xF455, 0xF455, 0xF455, 0xF455, 0xF455, 0xF475, 0xF475, 0xF455, 0xF455,
    0xF455, 0xF455, 0xF455, 0xF455, 0xF455, 0xFC34, 0xAB51, 0x85BA, 0x8E3C, 0x8E1B, 0x961B, 0x961B, 0x8E1B, 0x8E1B, 0x8E1C, 0x8E1B,
    0x8E1B, 0x8E1B, 0x8E1C, 0x8E1C, 0x8E1C, 0x961C, 0xA63C, 0xBE3B, 0xCE3B, 0xEE5B, 0xF61A, 0xEDDA, 0xEDDA, 0xEDBA, 0xF5B9, 0xF599,
    0xF5BA, 0xF5DA, 0xEDDA, 0xE5DA, 0xE63B, 0xEE5B, 0xEE3A, 0xE5DA, 0xEE1A, 0xF65B, 0xF67B, 0xF69C, 0xF67B, 0xF65A, 0xF69B, 0xF69B,
    0xF65B, 0xF67B, 0xF65B, 0xEE3A, 0xF65B, 0xF67C, 0xF67B, 0xF69B, 0xF69B, 0xF67B, 0xF63A, 0xF61B, 0xF63B, 0xF5FA, 0xF61A, 0xF63B,
    0xF5FA, 0xF5B9, 0xF599, 0xF599, 0xF599, 0xF599, 0xF579, 0xF579, 0xF579, 0xF599, 0xF59A, 0xF59A, 0xF59A, 0xF599, 0xED9A, 0xED9A,
    0xD69C, 0xC67C, 0xCE7C, 0xDE9C, 0xEEDC, 0xF6DC, 0xF6BC, 0xF6BC, 0xF6DC, 0xF6DC, 0xF6BC, 0xF6BC, 0xF6BC, 0xF6BC, 0xF6BC, 0xF6DC,
    0xEEBB, 0xE67B, 0xEE7B, 0xF67B, 0xF65B, 0xF65B, 0xF67B, 0xF67B, 0xF65B, 0xF65B, 0xF69B, 0xF6BB, 0xF6DC, 0xF6DC, 0xF6FC, 0xF6FC,
    0xF6DC, 0xF6BC, 0xF6BC, 0xF6DC, 0xF6DC, 0xEEBC, 0xE6BC, 0xDE9C, 0xB65B, 0x961B, 0x961C, 0x961C, 0x961C, 0x961B, 0x961B, 0x961B,
    0x961B, 0x961C, 0x8E1B, 0x8E1B, 0x8E1B, 0x8E1C, 0x8E1C, 0x8E1C, 0x8E1B, 0x8E1B, 0x8E1C, 0x8E1C, 0x8E1C, 0x8E1B, 0x8E1B, 0x8E1B,
    0x8E1C, 0x8E1C, 0x8E1B, 0x8E1C, 0x8E1C, 0x8E1C, 0x8E1C, 0x8E1C, 0x8E1B, 0x8E1C, 0x8E1C, 0x8E1C, 0x8E1B, 0x8E3B, 0x8D78, 0xD413,
    0xF475, 0xF475, 0xF455, 0xF455, 0xF455, 0xF455, 0xF455, 0xF475, 0xF455, 0xF455, 0xF455, 0xF455, 0xF475, 0xF455, 0xF455, 0xF455,
    0xF455, 0xF455, 0xF475, 0xF475, 0xF455, 0xF475, 0xF475, 0xF475, 0xF475, 0xF455, 0xF455, 0xF455, 0xF455, 0xEC55, 0xF455, 0xF455,
    0xF475, 0xEC55, 0xDBF3, 0xD372, 0xCB31, 0xD330, 0xDB51, 0xBAF0, 0xD331, 0xDB31, 0xDB31, 0xDB11, 0xDB31, 0xDB32, 0xDB31, 0xDB52,
    0xC2CF, 0xBAAE, 0xC2CF, 0xB2AE, 0xBACF, 0xD331, 0xDB52, 0xE393, 0xEBF4, 0xEC34, 0xF475, 0xF475, 0xF455, 0xF455, 0xF475, 0xF455,
    0xF455, 0xF455, 0xF455, 0xF455, 0xF455, 0xF455, 0xF455, 0xF455, 0xF455, 0xF455, 0xF455, 0xF455, 0xF455, 0xF475, 0xF475, 0xF475,
    0xF455, 0xF455, 0xF475, 0xF455, 0xF475, 0xEBD3, 0xA330, 0x85DB, 0x8E3B, 0x8E1B, 0x961C, 0x961C, 0x8E1B, 0x8E1B, 0x8E1C, 0x8E1C,
    0x8E1C, 0x8E1B, 0x8E1B, 0x8E1B, 0x961C, 0x961B, 0x961B, 0xA61B, 0xCE1B, 0xEE1B, 0xEDDA, 0xE5BA, 0xDDDB, 0xCDDB, 0xD5DA, 0xDDDA,
    0xCDFA, 0xC5FB, 0xC61B, 0xB61B, 0xBE1B, 0xDE3B, 0xEDFA, 0xEDFA, 0xF63B, 0xF65B, 0xF65B, 0xF63A, 0xF61A, 0xEE3B, 0xF67B, 0xF67B,
    0xF63A, 0xEE1A, 0xEE1A, 0xF61A, 0xF65B, 0xF67B, 0xF67B, 0xF69C, 0xF67B, 0xF61A, 0xF5D9, 0xF5FA, 0xF5FA, 0xEDDA, 0xF61A, 0xF65B,
    0xF61B, 0xF5DA, 0xF599, 0xF579, 0xF579, 0xF579, 0xF579, 0xF579, 0xF59A, 0xED9A, 0xEDBA, 0xED9A, 0xED9A, 0xED9A, 0xEDBA, 0xEDBA,
    0xF6DC, 0xF6DC, 0xF6DC, 0xF6DC, 0xF6DC, 0xF6BC, 0xF6DC, 0xF6DC, 0xF6DC, 0xF6DC, 0xF6DC, 0xF6FC, 0xF6DC, 0xF6BC, 0xF69C, 0xF6BC,
    0xEE9B, 0xF69B, 0xF63B, 0xF61A, 0xF61A, 0xF65B, 0xF65B, 0xF63B, 0xF63B, 0xF61A, 0xF61A, 0xF63A, 0xF67B, 0xF6DC, 0xF6DC, 0xF6DC,
    0xF6FC, 0xF6DC, 0xF6DC, 0xF6BC, 0xF6BC, 0xF6DC, 0xF6DC, 0xEEDC, 0xC67C, 0x961B, 0x961C, 0x961B, 0x961C, 0x961C, 0x961C, 0x961B,
    0x961B, 0x961C, 0x8E1B, 0x8E1C, 0x8E1C, 0x8E1C, 0x8E1C, 0x8E1B, 0x8E1C, 0x8E1B, 0x8E1B, 0x8E1C, 0x8E1B, 0x8E1C, 0x8E1C, 0x8E1C,
    0x8E1C, 0x8E1C, 0x8E1C, 0x8E1C, 0x8E1B, 0x8E1C, 0x8E1B, 0x8E1C, 0x8E1C, 0x8E1C, 0x8E1C, 0x8E1C, 0x8E1B, 0x8E1C, 0x85B9, 0xCC13,
    0xF455, 0xEC75, 0xF455, 0xF455, 0xF455, 0xF455, 0xF455, 0xF455, 0xF455, 0xF455, 0xF455, 0xF455, 0xF455, 0xF455, 0xF455, 0xF475,
    0xF455, 0xF455, 0xF475, 0xF455, 0xF455, 0xF475, 0xF475, 0xF475, 0xF475, 0xF455, 0xF455, 0xF455, 0xF455, 0xF455, 0xF455, 0xEC34,
    0xE3D3, 0xDB92, 0xCB31, 0xC310, 0xBAEF, 0xAA8E, 0x928C, 0x720A, 0x7A2B, 0x926C, 0x8A6C, 0x926C, 0x926C, 0x928C, 0x9A8C, 0x926C,
    0x69C9, 0x7A0A, 0x924C, 0xAA8D, 0xB28E, 0xBAAF, 0xBACF, 0xCAF0, 0xD311, 0xD311, 0xDB72, 0xEBF4, 0xEC35, 0xF455, 0xF475, 0xF455,
    0xF455, 0xF455, 0xF455, 0xF455, 0xF455, 0xF455, 0xF455, 0xF455, 0xF455, 0xF475, 0xF455, 0xF455, 0xF475, 0xF455, 0xF455, 0xF475,
    0xF455, 0xF455, 0xF455, 0xF475, 0xEC35, 0xDB31, 0x9B71, 0x85FB, 0x961B, 0x8E1B, 0x961C, 0x961B, 0x8E1B, 0x8E1C, 0x961B, 0x8E1B,
    0x8E1B, 0x8E1B, 0x8E1B, 0x961B, 0x961C, 0x961B, 0x961B, 0x961B, 0xB61B, 0xE5FB, 0xEDF9, 0xE5DA, 0xCDFB, 0xA61B, 0x9E1B, 0x9E1B,
    0x961B, 0x961B, 0x961B, 0x961B, 0xA61B, 0xC61B, 0xD5FB, 0xE5FA, 0xEE3B, 0xEE3B, 0xE61A, 0xDDFA, 0xDE1B, 0xDE3B, 0xEE5B, 0xEE3B,
    0xEE3A, 0xEE1A, 0xEDFA, 0xF61B, 0xF65B, 0xF67B, 0xF67B, 0xF65B, 0xF61A, 0xF5FA, 0xF5DA, 0xF5FA, 0xF61A, 0xF61A, 0xF63B, 0xF63B,
    0xF5FA, 0xF5DA, 0xF5BA, 0xF5BA, 0xEDBA, 0xEDBA, 0xED99, 0xED9A, 0xEDBA, 0xE5DA, 0xE5DA, 0xEDBA, 0xEDBA, 0xEDDA, 0xE5DA, 0xE5DA,
    0xF6DD, 0xF6DC, 0xF6DD, 0xF6DC, 0xF6DC, 0xF6DC, 0xF6DC, 0xF6DC, 0xF6DD, 0xF6FC, 0xF6FC, 0xF6FC, 0xF6FC, 0xF6DC, 0xF6DC, 0xF6DC,
    0xF69C, 0xF69B, 0xF65B, 0xF65B, 0xF65B, 0xF67B, 0xF67B, 0xF63B, 0xF61A, 0xF5FA, 0xF5DA, 0xF5FA, 0xF63B, 0xF6BC, 0xF6DC, 0xF6DC,
    0xF6DC, 0xF6DC, 0xF6DC, 0xF6DC, 0xEEBC, 0xEE9C, 0xF6DC, 0xE69C, 0xAE3B, 0x961B, 0x961B, 0x961B, 0x961B, 0x961C, 0x961C, 0x961B,
    0x961C, 0x961C, 0x961C, 0x961C, 0x961C, 0x961C, 0x8E1B, 0x8E1B, 0x8E1C, 0x8E1C, 0x8E1B, 0x8E1C, 0x8E1C, 0x8E1C, 0x8E1C, 0x8E1C,
    0x8E1C, 0x8E1C, 0x8E1C, 0x8E1C, 0x8E1C, 0x8E1C, 0x8E1B, 0x8E1C, 0x8E1C, 0x8E1C, 0x8E1B, 0x8E1B, 0x8E1B, 0x8E1C, 0x85FB, 0xB434,
    0xFC35, 0xF455, 0xF455, 0xF456, 0xF455, 0xF455, 0xF456, 0xF455, 0xF455, 0xF456, 0xF455, 0xF455, 0xF455, 0xF455, 0xF455, 0xF455,
    0xF455, 0xF455, 0xF455, 0xF455, 0xF455, 0xF455, 0xF455, 0xF455, 0xF455, 0xF455, 0xEC55, 0xF455, 0xF455, 0xEC34, 0xDBB2, 0xC350,
    0xA2CE, 0x8A4C, 0x61E9, 0x49A7, 0x3986, 0x3166, 0x2965, 0x2965, 0x2965, 0x2965, 0x2965, 0x2966, 0x2966, 0x2965, 0x2966, 0x2965,
    0x2965, 0x2966, 0x2946, 0x3966, 0x49A7, 0x61E9, 0x822B, 0x9A6C, 0xBAAE, 0xD2F0, 0xD2F1, 0xD2F0, 0xD311, 0xDB72, 0xE3F3, 0xEC35,
    0xF455, 0xF455, 0xF455, 0xF455, 0xF455, 0xF455, 0xF455, 0xF455, 0xF455, 0xF455, 0xF455, 0xF455, 0xF455, 0xF455, 0xF455, 0xF475,
    0xF455, 0xF455, 0xF475, 0xF455, 0xDB93, 0xD2F0, 0x93D3, 0x8E3B, 0x961B, 0x8E1B, 0x961C, 0x8E1C, 0x8E1B, 0x961B, 0x8E1B, 0x8E1B,
    0x8E1B, 0x8E1B, 0x8E1C, 0x961B, 0x961B, 0x961B, 0x961C, 0x961B, 0x961C, 0xAE1C, 0xCE1B, 0xCE1B, 0xAE1C, 0x961B, 0x961C, 0x961B,
    0x961B, 0x961B, 0x961B, 0x961B, 0x9E1B, 0x9E1B, 0xA61B, 0xAE1B, 0xBE3B, 0xB61B, 0xAE1B, 0xA61B, 0xBE3B, 0xCE3B, 0xDE3B, 0xE63B,
    0xEE5B, 0xEE3B, 0xEDFB, 0xF61B, 0xF63B, 0xF65B, 0xF63B, 0xF61A, 0xF5D9, 0xF5FA, 0xF61B, 0xF5FA, 0xF61A, 0xF61A, 0xF61A, 0xF61A,
    0xF5FA, 0xF5FA, 0xEDFA, 0xEDFA, 0xE5FA, 0xE5DA, 0xEDBA, 0xEDBA, 0xE5FA, 0xE5FA, 0xE5DA, 0xE5DA, 0xEDDA, 0xE5DA, 0xE5DA, 0xE5DA,
    0xF6DC, 0xF6DC, 0xF6DC, 0xF6DC, 0xF6DC, 0xF6DC, 0xF6DC, 0xF6FC, 0xF6FC, 0xF6FC, 0xF6DC, 0xFEDC, 0xFEDC, 0xF6DC, 0xFEDC, 0xFEDC,
    0xFEDC, 0xF6BC, 0xF69C, 0xF69C, 0xF67B, 0xF63A, 0xF65B, 0xF63B, 0xF5FA, 0xF5DA, 0xF5DA, 0xF5D9, 0xF5FA, 0xF67B, 0xF69C, 0xF69B,
    0xF6BC, 0xF6DC, 0xF6DC, 0xF6BC, 0xF6BB, 0xEE9C, 0xF6BC, 0xDE7B, 0xA61B, 0x961C, 0x961B, 0x961B, 0x961B, 0x961B, 0x8E1C, 0x8E3B,
    0x961B, 0x963B, 0x961B, 0x961B, 0x963B, 0x961C, 0x961C, 0x963C, 0x963B, 0x8E1B, 0x8E1C, 0x8E1C, 0x8E1C, 0x8E1B, 0x8E3B, 0x8E1C,
    0x8E1C, 0x8E1B, 0x8E1C, 0x8E1B, 0x8E1B, 0x8E1B, 0x8E1C, 0x8E1C, 0x8E1B, 0x8E1C, 0x8E1C, 0x8E1C, 0x8E1B, 0x8E1B, 0x8E3C, 0x94B6,
    0xEC14, 0xF475, 0xF454, 0xF455, 0xF475, 0xF475, 0xF455, 0xF455, 0xF455, 0xF455, 0xF455, 0xF455, 0xF455, 0xF455, 0xF455, 0xF455,
    0xF475, 0xF455, 0xF455, 0xF455, 0xF455, 0xF455, 0xF454, 0xF455, 0xF455, 0xF455, 0xF455, 0xEC34, 0xC370, 0x92CD, 0x722A, 0x49C7,
    0x3186, 0x2965, 0x2966, 0x3186, 0x3186, 0x3186, 0x3186, 0x3986, 0x3186, 0x3186, 0x3186, 0x3186, 0x3186, 0x3186, 0x3186, 0x3186,
    0x3185, 0x3186, 0x3186, 0x3186, 0x3186, 0x2985, 0x3166, 0x3986, 0x51A7, 0x69E9, 0xA2AD, 0xD311, 0xDB11, 0xCAF1, 0xCAF0, 0xD330,
    0xDB72, 0xE3D3, 0xEC14, 0xF455, 0xF475, 0xF455, 0xF455, 0xF455, 0xF455, 0xF455, 0xF455, 0xF455, 0xF455, 0xF455, 0xF455, 0xF455,
    0xF455, 0xF475, 0xF455, 0xDB92, 0xD311, 0xC2F0, 0x8C75, 0x8E3C, 0x8DFB, 0x8E1B, 0x961C, 0x8E1B, 0x8E1B, 0x961B, 0x8E1B, 0x8E1B,
    0x8E1C, 0x8E1B, 0x8E1B, 0x961C, 0x961C, 0x961C, 0x961B, 0x963B, 0x963B, 0x963B, 0x961C, 0x961B, 0x963B, 0x963B, 0x961B, 0x961B,
    0x961C, 0x961B, 0x961B, 0x961C, 0x961C, 0x961B, 0x961B, 0x961B, 0x961C, 0x961B, 0x961C, 0x9E1B, 0xB63B, 0xCE3B, 0xDE3B, 0xE65B,
    0xEE5B, 0xEE3A, 0xEE1A, 0xEE1A, 0xEE1A, 0xF61A, 0xF61A, 0xEDFA, 0xEDDA, 0xF5DA, 0xF5FA, 0xF5FA, 0xF5FA, 0xF5DA, 0xF5FA, 0xF5FA,
    0xF61A, 0xF61B, 0xEE1B, 0xE5FA, 0xE5FB, 0xE5DA, 0xE5DA, 0xE5FA, 0xE5FA, 0xDDFA, 0xE5FA, 0xE5DA, 0xE5DA, 0xE5DA, 0xE5DA, 0xE5FA,
    0xF6DC, 0xF6DC, 0xF6DC, 0xF6DC, 0xF6DC, 0xFEDC, 0xF6DC, 0xF6DC, 0xF6DC, 0xF6BC, 0xF6BC, 0xF69B, 0xF6DC, 0xF6DC, 0xF6BC, 0xF6BC,
    0xFEDC, 0xF6BC, 0xF67B, 0xF65B, 0xF61B, 0xF5FA, 0xF61A, 0xF61A, 0xF5DA, 0xF5DA, 0xF5BA, 0xF5B9, 0xF5DA, 0xF61A, 0xF5FA, 0xF5FA,
    0xF63B, 0xF69B, 0xF6BC, 0xF69B, 0xE67B, 0xE67B, 0xEE9B, 0xEE9C, 0xD67B, 0xC65B, 0xBE3B, 0xBE3B, 0xC65B, 0xC65C, 0xAE3B, 0x9E1B,
    0x961B, 0x961B, 0x961C, 0x8E1B, 0x961B, 0x961B, 0x961C, 0x963B, 0x963B, 0x963C, 0x963B, 0x963C, 0x961C, 0x963C, 0x963B, 0x8E1C,
    0x8E1C, 0x8E1C, 0x8E1C, 0x8E1C, 0x8E1C, 0x8E1C, 0x8E1C, 0x8E1C, 0x8E1C, 0x8E1C, 0x8E1C, 0x961C, 0x8E1C, 0x8E1B, 0x8E3C, 0x8599,
    0xCC13, 0xF475, 0xEC55, 0xF455, 0xF455, 0xF456, 0xF475, 0xF455, 0xF455, 0xF455, 0xF475, 0xF475, 0xF475, 0xF455, 0xF455, 0xF475,
    0xF475, 0xF455, 0xF455, 0xF455, 0xF455, 0xF475, 0xF475, 0xEC55, 0xEC55, 0xE3F3, 0xBB50, 0x7A6B, 0x49A7, 0x3166, 0x3165, 0x3186,
    0x3186, 0x3986, 0x3186, 0x3186, 0x3186, 0x3186, 0x3186, 0x3186, 0x3186, 0x3186, 0x3186, 0x3186, 0x3186, 0x3186, 0x3186, 0x3186,
    0x3185, 0x3186, 0x3186, 0x3186, 0x3186, 0x3986, 0x3986, 0x3186, 0x3186, 0x3165, 0x3966, 0x61E8, 0x9A6D, 0xCAF0, 0xDB31, 0xD311,
    0xCAF0, 0xCAF1, 0xD311, 0xDB52, 0xE3B3, 0xEBF3, 0xF434, 0xF455, 0xF455, 0xF455, 0xF455, 0xF455, 0xF475, 0xF475, 0xF475, 0xF455,
    0xF434, 0xE3D3, 0xDB31, 0xCB10, 0xD311, 0xB310, 0x8558, 0x963C, 0x8E1B, 0x8E1B, 0x8E1B, 0x961C, 0x8E1C, 0x961C, 0x8E1B, 0x8E1B,
    0x8E1C, 0x8E1C, 0x961C, 0x961C, 0x961B, 0x961B, 0x961C, 0x963B, 0x961B, 0x961B, 0x961C, 0x963B, 0x963B, 0x963B, 0x961B, 0x961B,
    0x961C, 0x961B, 0x961B, 0x961B, 0x961C, 0x961B, 0x961B, 0x961B, 0x961B, 0x963B, 0x963C, 0x9E3B, 0xAE3B, 0xCE3B, 0xE63B, 0xE63B,
    0xE63B, 0xE63B, 0xE63B, 0xE63B, 0xE61B, 0xEE1B, 0xEE3B, 0xEE1A, 0xEDDA, 0xEDBA, 0xEDBA, 0xF5DA, 0xF5BA, 0xF5BA, 0xF5BA, 0xEDBA,
    0xEDFA, 0xEE1B, 0xE61B, 0xE5FA, 0xE5FB, 0xE5DA, 0xE5FA, 0xDDFA, 0xDDFA, 0xDDFA, 0xE5FA, 0xE5FA, 0xE5FA, 0xE5FA, 0xE5FA, 0xDDFB,
    0xF6DC, 0xF6DC, 0xF6DC, 0xF6DC, 0xF6BC, 0xF6BC, 0xF6BC, 0xF69B, 0xF69B, 0xF67B, 0xF67B, 0xF65B, 0xF65B, 0xF69C, 0xF6BC, 0xF6BC,
    0xF69C, 0xF65B, 0xF61B, 0xF5FA, 0xF5DA, 0xF5BA, 0xF5BA, 0xF5B9, 0xF5DA, 0xF5BA, 0xF59A, 0xF5B9, 0xF5BA, 0xF5BA, 0xF5BA, 0xF5BA,
    0xF5DA, 0xF63B, 0xF69C, 0xF6BC, 0xE65B, 0xD63A, 0xDE5B, 0xEE9B, 0xEE9B, 0xF69C, 0xEE9B, 0xEE7B, 0xF67B, 0xF67C, 0xE67C, 0xCE5B,
    0xA61C, 0x961B, 0x961B, 0x961B, 0x961C, 0x8E1B, 0x961C, 0x963C, 0x963B, 0x963C, 0x963B, 0x963C, 0x963B, 0x963C, 0x963B, 0x8E3B,
    0x8E3B, 0x963C, 0x963C, 0x961B, 0x961B, 0x963B, 0x8E3C, 0x8E1C, 0x8E1C, 0x8E1C, 0x8E1C, 0x961C, 0x8E3B, 0x961C, 0x961B, 0x8E1C,
    0x9CB5, 0xEC34, 0xF455, 0xF455, 0xF455, 0xF455, 0xF455, 0xF455, 0xF455, 0xF455, 0xF475, 0xF475, 0xF455, 0xF455, 0xEC55, 0xF455,
    0xF475, 0xF475, 0xF475, 0xF475, 0xF455, 0xEC14, 0xE413, 0xE413, 0xBB90, 0x7A6B, 0x4187, 0x3166, 0x3186, 0x3186, 0x3186, 0x3186,
    0x3186, 0x3186, 0x3186, 0x3186, 0x3186, 0x3186, 0x3186, 0x3186, 0x3186, 0x3186, 0x3186, 0x3186, 0x3185, 0x3186, 0x3186, 0x3186,
    0x3186, 0x3186, 0x3185, 0x3186, 0x3186, 0x3186, 0x3186, 0x3186, 0x3186, 0x3986, 0x3186, 0x3165, 0x3165, 0x51A7, 0x926D, 0xCAF0,
    0xD311, 0xD311, 0xD311, 0xD311, 0xD2F1, 0xD310, 0xD331, 0xDB52, 0xDB72, 0xE393, 0xE3B3, 0xE3B3, 0xE3D3, 0xE3D3, 0xE3B3, 0xDB72,
    0xD331, 0xD310, 0xCB11, 0xCB11, 0xD2F0, 0x93B1, 0x8E1B, 0x8E1C, 0x8E1C, 0x8E1B, 0x8E1B, 0x961B, 0x961C, 0x8E1C, 0x8E1C, 0x8E1B,
    0x8E1C, 0x8E1B, 0x961C, 0x961B, 0x961B, 0x961B, 0x961B, 0x961B, 0x963B, 0x963B, 0x961B, 0x961B, 0x963C, 0x963B, 0x961B, 0x961B,
    0x963B, 0x963C, 0x961C, 0x961B, 0x961C, 0x961B, 0x961B, 0x963B, 0x963B, 0x963B, 0x9E3B, 0x963C, 0x9E1B, 0xB61B, 0xC63B, 0xCE3B,
    0xCE3B, 0xCE3B, 0xCE3B, 0xD63B, 0xCE3B, 0xD61B, 0xDE3B, 0xE61B, 0xEE1B, 0xEDFA, 0xEDBA, 0xEDBA, 0xED99, 0xED99, 0xEDB9, 0xEDDA,
    0xE5FA, 0xE61B, 0xE5FA, 0xE5FA, 0xE5FA, 0xDDFA, 0xDDFA, 0xDDFB, 0xE5FA, 0xE5FA, 0xE5FB, 0xE5FA, 0xE5FA, 0xE5FA, 0xDE1B, 0xDE1B,
    0xF6DC, 0xF6DC, 0xF6BB, 0xF69C, 0xF65B, 0xF65B, 0xF63A, 0xF61A, 0xF61A, 0xF61B, 0xFE5B, 0xF61A, 0xF5FA, 0xF61A, 0xF65B, 0xF63B,
    0xF61A, 0xF5FA, 0xF5DA, 0xF5BA, 0xF599, 0xF599, 0xF599, 0xF599, 0xF599, 0xF599, 0xF599, 0xF599, 0xF59A, 0xF59A, 0xF599, 0xF5B9,
    0xF5DA, 0xF5FA, 0xF63A, 0xF69C, 0xF67B, 0xE65B, 0xEE7B, 0xEE7C, 0xEE5B, 0xF65B, 0xF63B, 0xF61B, 0xF61A, 0xF61A, 0xF63B, 0xE65B,
    0xBE1B, 0xA61B, 0xA61B, 0xA61B, 0xA61B, 0x9E1B, 0x961B, 0x961C, 0x963B, 0x961C, 0x963C, 0x961C, 0x963B, 0x963B, 0x963B, 0x963B,
    0x963B, 0x963B, 0x963B, 0x963B, 0x961B, 0x963C, 0x963C, 0x963B, 0x963B, 0x961C, 0x961C, 0x961C, 0x963B, 0x961C, 0x8E1B, 0x8E1C,
    0x85FB, 0xB454, 0xF413, 0xFC55, 0xF455, 0xF455, 0xF455, 0xF454, 0xEC55, 0xEC55, 0xEC55, 0xF455, 0xF455, 0xF455, 0xFC76, 0xF475,
    0xF455, 0xEC34, 0xE414, 0xDBF3, 0xD3D3, 0xE454, 0xDC13, 0x8ACC, 0x41C7, 0x3165, 0x3186, 0x3186, 0x3186, 0x3186, 0x3186, 0x3186,
    0x3185, 0x3186, 0x3186, 0x3186, 0x3186, 0x3186, 0x3186, 0x3186, 0x3166, 0x3185, 0x3186, 0x3186, 0x3186, 0x3185, 0x3186, 0x3186,
    0x3185, 0x3186, 0x3186, 0x3186, 0x3185, 0x3185, 0x3186, 0x3186, 0x3186, 0x3186, 0x3186, 0x3186, 0x3186, 0x3165, 0x3165, 0x49A7,
    0x8A2B, 0xBAAF, 0xC2D0, 0xCAF0, 0xD331, 0xD331, 0xD311, 0xD311, 0xD310, 0xCAF0, 0xCAF0, 0xCAF0, 0xCAF0, 0xCAF0, 0xCAF0, 0xCB10,
    0xCB11, 0xD311, 0xD311, 0xD2F0, 0xA30F, 0x8D58, 0x963B, 0x8E1B, 0x8E1B, 0x961B, 0x961C, 0x961C, 0x8E1B, 0x8E3B, 0x8E1B, 0x8E1B,
    0x961B, 0x961B, 0x961B, 0x961B, 0x961C, 0x961C, 0x963B, 0x963B, 0x963B, 0x961B, 0x963B, 0x961B, 0x963B, 0x963B, 0x961C, 0x961C,
    0x961B, 0x961B, 0x961B, 0x961C, 0x963B, 0x963B, 0x963B, 0x963B, 0x963C, 0x961C, 0x963B, 0x963B, 0x963B, 0x9E1C, 0xA61B, 0xA61B,
    0xA61B, 0xB61B, 0xB61B, 0xB63B, 0xB61B, 0xB61A, 0xC61B, 0xCE1B, 0xDE1B, 0xE61B, 0xEDFA, 0xEDBA, 0xED9A, 0xED9A, 0xE5BA, 0xE5FA,
    0xE5FB, 0xE5FB, 0xE5FB, 0xE5FA, 0xDDFA, 0xDDFA, 0xE61A, 0xE61B, 0xE5FB, 0xDDFA, 0xDE1B, 0xDDFA, 0xDDFA, 0xDE1B, 0xDE1B, 0xDE1B,
    0xF6BC, 0xF69C, 0xF65B, 0xF63B, 0xF5FA, 0xF5FA, 0xF5DA, 0xF5DA, 0xF5DA, 0xF5DA, 0xF5FA, 0xF5DA, 0xF5DA, 0xF5DA, 0xEDDA, 0xF5DA,
    0xF5DA, 0xF5B9, 0xF599, 0xF579, 0xF579, 0xF579, 0xF579, 0xF579, 0xF599, 0xF599, 0xF59A, 0xF599, 0xF59A, 0xF599, 0xF599, 0xF5BA,
    0xF5DA, 0xF5BA, 0xF5DA, 0xF63B, 0xF65B, 0xF67B, 0xF67B, 0xF63B, 0xF61A, 0xF5FA, 0xF5DA, 0xF5DA, 0xF5DA, 0xF5DA, 0xF5DA, 0xEE1A,
    0xD61B, 0xBE1B, 0xC61B, 0xBE1B, 0xBE3B, 0xBE1B, 0xAE1B, 0x9E1B, 0x961B, 0x961B, 0x963B, 0x961C, 0x961C, 0x963C, 0x963C, 0x961C,
    0x963C, 0x963C, 0x963C, 0x963B, 0x961B, 0x963C, 0x963B, 0x963C, 0x963B, 0x961C, 0x963C, 0x963B, 0x963C, 0x961B, 0x963B, 0x8E1B,
    0x8E3B, 0x8DDB, 0xA495, 0xD413, 0xEC14, 0xF434, 0xFC76, 0xFC76, 0xFC75, 0xFC76, 0xFC75, 0xF475, 0xEC55, 0xE413, 0xC391, 0xD3D2,
    0xDBF3, 0xDC13, 0xDC13, 0xEC35, 0xF496, 0xBBB1, 0x51E8, 0x3165, 0x3186, 0x3986, 0x3186, 0x3186, 0x3186, 0x3186, 0x3186, 0x3186,
    0x3185, 0x3165, 0x3166, 0x3185, 0x3185, 0x3186, 0x3185, 0x3186, 0x3186, 0x3185, 0x3186, 0x3186, 0x3166, 0x3186, 0x3186, 0x3166,
    0x3185, 0x3185, 0x3186, 0x3186, 0x3186, 0x3186, 0x3186, 0x3185, 0x3186, 0x3186, 0x3185, 0x3186, 0x3186, 0x3186, 0x3986, 0x3186,
    0x3166, 0x69E9, 0xB28E, 0xBAAF, 0xB2AE, 0xB2AE, 0xB2AF, 0xBACF, 0xD310, 0xDB11, 0xDB12, 0xE331, 0xDB31, 0xDB11, 0xDB31, 0xDAF1,
    0xD2D0, 0xD2D0, 0xC2CF, 0xA351, 0x8538, 0x8E3C, 0x8E1B, 0x8E1C, 0x961C, 0x8E1B, 0x8E1C, 0x961C, 0x8E1C, 0x961B, 0x961B, 0x961B,
    0x961B, 0x961B, 0x961B, 0x961B, 0x961C, 0x963B, 0x963C, 0x963C, 0x961C, 0x963C, 0x963B, 0x963C, 0x963C, 0x963B, 0x963C, 0x963C,
    0x963C, 0x961B, 0x961B, 0x961C, 0x963B, 0x963B, 0x963B, 0x963B, 0x963B, 0x961B, 0x963B, 0x963B, 0x9E1B, 0x9E1B, 0x963B, 0x9E1B,
    0x9E1B, 0x9E1B, 0x9E3B, 0x9E1B, 0xAE1B, 0xC63B, 0xCE3B, 0xD63B, 0xDE1A, 0xEE1B, 0xEE1B, 0xEDFA, 0xEDDA, 0xE5BA, 0xE5DA, 0xE5FA,
    0xE5FA, 0xE5FA, 0xE5FA, 0xE5FA, 0xDDFA, 0xDDFA, 0xDDFA, 0xDE1B, 0xDE1B, 0xDE1B, 0xDE1B, 0xDE1B, 0xDE1B, 0xDE1B, 0xDE1B, 0xDE1B,
    0xF6DC, 0xF6BB, 0xF67C, 0xF65B, 0xF63B, 0xF61B, 0xF5FB, 0xF5FA, 0xF5FA, 0xF5FA, 0xF5BA, 0xF5BA, 0xF5DA, 0xF5BA, 0xF5B9, 0xF5BA,
    0xF599, 0xF599, 0xF579, 0xF579, 0xF579, 0xF579, 0xF579, 0xF57A, 0xF599, 0xED99, 0xF59A, 0xF59A, 0xED9A, 0xED9A, 0xED9A, 0xEDBA,
    0xEDDA, 0xEDDA, 0xF5DA, 0xF5FA, 0xF61A, 0xF61A, 0xF61B, 0xF5DA, 0xF5BA, 0xF5BA, 0xF5BA, 0xF5BA, 0xF5BA, 0xF5BA, 0xF5DA, 0xEDFA,
    0xDDFA, 0xCE1B, 0xC61B, 0xC61B, 0xC61B, 0xC61B, 0xBE1B, 0xB61B, 0xA61C, 0x963B, 0x963B, 0x961C, 0x961C, 0x963B, 0x961B, 0x961C,
    0x961C, 0x963C, 0x963C, 0x961B, 0x961B, 0x963C, 0x963B, 0x963C, 0x963C, 0x963B, 0x963C, 0x963B, 0x963C, 0x963B, 0x963B, 0x961B,
    0x8E1B, 0x961B, 0x8E1C, 0x8D98, 0x94F7, 0xA454, 0x92ED, 0x9AEE, 0x9AED, 0x92CD, 0x828B, 0x722A, 0x59E9, 0x4186, 0x92CD, 0xEC54,
    0xF475, 0xF475, 0xFC96, 0xE434, 0x828C, 0x3166, 0x3165, 0x3186, 0x3186, 0x3186, 0x3186, 0x3186, 0x3186, 0x3186, 0x3186, 0x3186,
    0x3166, 0x3165, 0x3166, 0x3185, 0x3185, 0x3185, 0x3185, 0x3186, 0x3186, 0x3186, 0x3186, 0x3186, 0x3166, 0x3186, 0x3186, 0x3166,
    0x3186, 0x3186, 0x3186, 0x3185, 0x3166, 0x3186, 0x3186, 0x3186, 0x3186, 0x3186, 0x3185, 0x3186, 0x3186, 0x3186, 0x3186, 0x3186,
    0x3166, 0x2965, 0x51A7, 0xAA8E, 0xCAF0, 0xC2AF, 0xBAAF, 0x8A2B, 0x4946, 0x5987, 0x71C9, 0x81EA, 0x8A2B, 0x924C, 0x922B, 0x9AEE,
    0x9B92, 0x8C13, 0x8517, 0x85FB, 0x8E3C, 0x8DFB, 0x8E1B, 0x961C, 0x961C, 0x961C, 0x961C, 0x961B, 0x961B, 0x961B, 0x961B, 0x961B,
    0x961B, 0x961B, 0x961B, 0x963B, 0x963B, 0x963B, 0x963C, 0x963B, 0x961C, 0x961C, 0x961C, 0x963B, 0x963B, 0x963B, 0x963C, 0x963C,
    0x963B, 0x961C, 0x961B, 0x963B, 0x963B, 0x963B, 0x963B, 0x963B, 0x963B, 0x963B, 0x963B, 0x961B, 0x961C, 0x9E3B, 0x9E1B, 0xA63B,
    0x9E3B, 0x9E1B, 0xA61B, 0xBE3B, 0xCE3B, 0xD63B, 0xE63B, 0xE63B, 0xE61B, 0xEDFA, 0xEDFA, 0xEDFA, 0xE5DA, 0xE5BA, 0xE5DA, 0xE5FB,
    0xDDFA, 0xDDFA, 0xE5FA, 0xE5FA, 0xE5FA, 0xDDFA, 0xDDFA, 0xDE1B, 0xDE1B, 0xDE1B, 0xDE1B, 0xDE1B, 0xDE1B, 0xDE1B, 0xDE1B, 0xDE1B,
    0xF6DC, 0xF6DC, 0xF6BB, 0xF69B, 0xF65B, 0xF61A, 0xF61A, 0xF61A, 0xF61B, 0xF61A, 0xF5D9, 0xF5DA, 0xF5DA, 0xF5BA, 0xF599, 0xF59A,
    0xED79, 0xED79, 0xED79, 0xED79, 0xED7A, 0xED79, 0xED99, 0xED9A, 0xED99, 0xED9A, 0xED9A, 0xED9A, 0xE59A, 0xE5BA, 0xE5BA, 0xE5BA,
    0xE5DA, 0xE5DA, 0xEDDA, 0xF5DB, 0xF5DA, 0xF5DA, 0xF5DA, 0xF5BA, 0xF5BA, 0xEDBA, 0xEDB9, 0xEDBA, 0xF5BA, 0xEDBA, 0xEDDA, 0xE5DA,
    0xDDDA, 0xDDFB, 0xD5FA, 0xD61A, 0xD61B, 0xCE1B, 0xC61B, 0xB61B, 0xAE1B, 0x9E1B, 0x961C, 0x961B, 0x961C, 0x961C, 0x961B, 0x961B,
    0x9E3B, 0xA63B, 0xA61B, 0xA63B, 0xA63C, 0x9E1C, 0x963B, 0x963B, 0x963C, 0x963C, 0x963B, 0x963B, 0x961C, 0x961C, 0x961B, 0x961B,
    0x961B, 0x961B, 0x961B, 0x961C, 0x8E3C, 0x4B4E, 0x2945, 0x2965, 0x2965, 0x2965, 0x2965, 0x2965, 0x2945, 0x9B0E, 0xFC96, 0xF475,
    0xF456, 0xFC76, 0xCBB1, 0x51E8, 0x2965, 0x3986, 0x3186, 0x3185, 0x3186, 0x3185, 0x3186, 0x3185, 0x3186, 0x3166, 0x3186, 0x3185,
    0x3185, 0x3166, 0x3166, 0x3185, 0x3186, 0x3166, 0x3186, 0x3186, 0x3185, 0x3186, 0x3186, 0x3185, 0x3185, 0x3185, 0x3186, 0x3186,
    0x3186, 0x3166, 0x3186, 0x3185, 0x3185, 0x3186, 0x3186, 0x3185, 0x3166, 0x3166, 0x3186, 0x3186, 0x3186, 0x3186, 0x3186, 0x3185,
    0x3185, 0x3185, 0x3165, 0x3186, 0x8A2B, 0xD2F1, 0xCAF1, 0xD310, 0x820A, 0x18A2, 0x10A2, 0x10A2, 0x10A2, 0x10C3, 0x1082, 0x3208,
    0x85DB, 0x863C, 0x8E3C, 0x8E1C, 0x8E1B, 0x961B, 0x961B, 0x961C, 0x961B, 0x961C, 0x961C, 0x961B, 0x961B, 0x961B, 0x961B, 0x961B,
    0x961B, 0x961C, 0x961C, 0x961B, 0x961B, 0x961B, 0x961C, 0x963B, 0x961B, 0x961B, 0x961B, 0x961B, 0x963B, 0x961B, 0x961C, 0x963C,
    0x963B, 0x961B, 0x961C, 0x963B, 0x963B, 0x963C, 0x963C, 0x963B, 0x963B, 0x963B, 0x963C, 0x963B, 0x9E3C, 0xA63B, 0xBE3B, 0xCE3B,
    0xBE3B, 0xBE1B, 0xCE3B, 0xDE3B, 0xE63A, 0xE63A, 0xE61B, 0xEDFA, 0xEDFA, 0xEDFB, 0xE5DB, 0xE5FA, 0xE5DA, 0xE5DA, 0xE5FA, 0xE5FA,
    0xDDFA, 0xDDFA, 0xE5FA, 0xDDFA, 0xDE1B, 0xDDFA, 0xDE1B, 0xDE1B, 0xDE1B, 0xDE1B, 0xDE1B, 0xDE1B, 0xDE1B, 0xDE1B, 0xD61B, 0xD61B,
    0xF67B, 0xF67B, 0xF67B, 0xF69C, 0xFE7B, 0xF65B, 0xF65B, 0xF63B, 0xF61A, 0xF61B, 0xF61A, 0xF5FA, 0xF5DA, 0xF5BA, 0xF599, 0xF579,
    0xF579, 0xED79, 0xE59A, 0xE5BA, 0xE5BA, 0xED9A, 0xE5BA, 0xDDDB, 0xE5BA, 0xE5BA, 0xE5BA, 0xE5BA, 0xE5DA, 0xE5DA, 0xDDDA, 0xE5DA,
    0xDDDA, 0xDDDA, 0xE5DA, 0xEDDA, 0xEDBA, 0xEDDA, 0xEDBA, 0xEDBA, 0xEDBA, 0xEDBA, 0xEDBA, 0xED9A, 0xEDBA, 0xEDBA, 0xEDBA, 0xE5DA,
    0xDDDA, 0xDDFA, 0xDDFA, 0xDDFB, 0xD5FB, 0xD5FB, 0xC61B, 0xB61B, 0xAE1B, 0xAE1B, 0xB61B, 0xB61B, 0xB63B, 0xB63B, 0xAE1B, 0x9E1B,
    0xA61B, 0xB63B, 0xAE3B, 0xAE3B, 0xAE3B, 0x9E1B, 0x961B, 0x961C, 0x961B, 0x961B, 0x961B, 0x963B, 0x961B, 0x961B, 0x961C, 0x961B,
    0x961B, 0x961B, 0x961B, 0x9E3C, 0x63B0, 0x3165, 0x39A7, 0x3186, 0x3186, 0x31A6, 0x39A6, 0x3166, 0x92ED, 0xFC96, 0xEC55, 0xF455,
    0xFC76, 0xAB4F, 0x4187, 0x3165, 0x3186, 0x3186, 0x3186, 0x3186, 0x3186, 0x3185, 0x3186, 0x3185, 0x3165, 0x3185, 0x3185, 0x3185,
    0x3186, 0x3185, 0x3186, 0x3186, 0x3185, 0x3186, 0x3186, 0x3186, 0x3186, 0x3186, 0x3186, 0x3166, 0x3166, 0x3186, 0x3186, 0x3186,
    0x3186, 0x3186, 0x3186, 0x3186, 0x3166, 0x3186, 0x3186, 0x3186, 0x3186, 0x3186, 0x3186, 0x3166, 0x3186, 0x3186, 0x3186, 0x3186,
    0x3186, 0x3186, 0x3186, 0x3186, 0x3165, 0x71EA, 0xCAF0, 0xCAD0, 0xD311, 0x79EA, 0x18A2, 0x20C3, 0x20C3, 0x20E3, 0x20E3, 0x18A2,
    0x4ACD, 0x963C, 0x8DFB, 0x8E1B, 0x8E1C, 0x961C, 0x961B, 0x963C, 0x963B, 0x963B, 0x961B, 0x961B, 0x961C, 0x961C, 0x963B, 0x961C,
    0x963B, 0x961B, 0x961B, 0x961C, 0x961B, 0x961B, 0x961B, 0x961B, 0x961C, 0x961C, 0x963B, 0x963B, 0x961C, 0x961B, 0x963B, 0x961B,
    0x961B, 0x961B, 0x961B, 0x963B, 0x963B, 0x963B, 0x963B, 0x963C, 0x963B, 0x9E3B, 0x963C, 0xA63B, 0xBE3B, 0xC63B, 0xD61B, 0xE63B,
    0xE61B, 0xE61B, 0xE61B, 0xE61B, 0xEE1B, 0xEE1B, 0xEDFA, 0xEDDA, 0xE5FA, 0xE5FA, 0xE5FB, 0xE5FA, 0xE5DA, 0xE5DA, 0xE5DA, 0xE5FA,
    0xDDFA, 0xDDFA, 0xDDFA, 0xDDFA, 0xDE1B, 0xDDFA, 0xDDFB, 0xDDFB, 0xDE1B, 0xDE1B, 0xD61B, 0xD61B, 0xD61B, 0xD61B, 0xD61B, 0xD61B,
    0xEE3B, 0xEE3A, 0xF67B, 0xF65B, 0xF65B, 0xF65B, 0xF65B, 0xF63B, 0xFE3B, 0xFE5B, 0xF63B, 0xF61B, 0xF5FA, 0xF5BA, 0xF59A, 0xF599,
    0xED79, 0xED9A, 0xDDBA, 0xDDBA, 0xDDBA, 0xE5BA, 0xDDDA, 0xD5DB, 0xDDBA, 0xDDBA, 0xDDDA, 0xDDDA, 0xDDDA, 0xD5FB, 0xD5FA, 0xD5FB,
    0xD5FB, 0xDDDA, 0xE5DA, 0xE5DA, 0xE5BA, 0xE5DA, 0xE5DA, 0xE5BA, 0xEDBA, 0xEDBA, 0xED9A, 0xF59A, 0xED9A, 0xEDBA, 0xDDDA, 0xD5FB,
    0xCDFB, 0xCDFB, 0xC61B, 0xC61B, 0xC61B, 0xC61B, 0xC61B, 0xBE1B, 0xB61B, 0xB61B, 0xBE3B, 0xBE1B, 0xB63B, 0xB63B, 0xB61B, 0xA61B,
    0xA61B, 0xA61B, 0xA61B, 0x9E1B, 0x9E1B, 0x9E1B, 0x961B, 0x961B, 0x961C, 0x963B, 0x961C, 0x961C, 0x961B, 0x961B, 0x961C, 0x961B,
    0x961B, 0x8E1B, 0x9E5C, 0x7473, 0x2986, 0x31A7, 0x3186, 0x3186, 0x3186, 0x31A6, 0x3165, 0x828B, 0xFC76, 0xEC55, 0xEC55, 0xF475,
    0x92ED, 0x3166, 0x3186, 0x3186, 0x3186, 0x3186, 0x3185, 0x3186, 0x3186, 0x3186, 0x3166, 0x3165, 0x3166, 0x3185, 0x3186, 0x3185,
    0x3186, 0x3186, 0x3186, 0x3186, 0x3185, 0x3185, 0x3186, 0x3186, 0x3186, 0x3186, 0x3185, 0x3186, 0x3166, 0x3186, 0x3186, 0x3186,
    0x3166, 0x3186, 0x3186, 0x3186, 0x3166, 0x3186, 0x3185, 0x3186, 0x3186, 0x3186, 0x3186, 0x3166, 0x3186, 0x3186, 0x3186, 0x3186,
    0x3186, 0x3186, 0x3186, 0x3186, 0x3186, 0x2965, 0x69E9, 0xCAD0, 0xCAD0, 0xCAF1, 0x5166, 0x10A2, 0x20E3, 0x18C3, 0x20E3, 0x20E3,
    0x18A3, 0x6C33, 0x965C, 0x8DFA, 0x961C, 0x961C, 0x963B, 0x963B, 0x963B, 0x961B, 0x961B, 0x961B, 0x961B, 0x961C, 0x963B, 0x961B,
    0x961C, 0x961B, 0x961B, 0x961C, 0x961B, 0x961B, 0x961C, 0x963B, 0x961C, 0x961C, 0x961B, 0x961B, 0x961B, 0x961C, 0x963B, 0x961B,
    0x963B, 0x963C, 0x963B, 0x963B, 0x963C, 0x963B, 0x963B, 0x963B, 0x963C, 0x9E3B, 0x9E3B, 0xA61C, 0xC63B, 0xD63B, 0xC61B, 0xCE1B,
    0xDE1B, 0xDE1A, 0xE5FB, 0xE5FB, 0xE5FA, 0xE5FB, 0xE5FA, 0xE5FA, 0xDDFB, 0xDDFA, 0xDDFA, 0xE5DA, 0xE5DA, 0xE5DA, 0xE5FA, 0xDDFB,
    0xDDFA, 0xE5FA, 0xE5FA, 0xE5FA, 0xDDFA, 0xDDFA, 0xDDFB, 0xDDFB, 0xD61B, 0xCE1B, 0xCE1B, 0xCE1B, 0xCE1B, 0xCE1B, 0xCE1B, 0xCE1B,
    0xEE5B, 0xF65B, 0xFE9C, 0xF67B, 0xF63A, 0xF61B, 0xF61B, 0xF5FA, 0xF5FA, 0xF5FA, 0xF5FA, 0xF5FA, 0xF5FA, 0xF5BA, 0xEDBA, 0xEDBA,
    0xEDBA, 0xE5BA, 0xDDDA, 0xDDDA, 0xDDDA, 0xDDBA, 0xDDDA, 0xD5DA, 0xD5DA, 0xD5DA, 0xD5FB, 0xD5FB, 0xCDFB, 0xCE1B, 0xCE1A, 0xCDFB,
    0xD5FB, 0xDDDA, 0xDDDB, 0xDDDB, 0xDDDB, 0xDDDA, 0xDDDA, 0xDDDA, 0xDDDA, 0xE5BA, 0xE5BA, 0xE5BA, 0xE5DA, 0xD5DA, 0xC5FB, 0xBDFB,
    0xBE1B, 0xBE1B, 0xBE1B, 0xBE1B, 0xBE1B, 0xBE1B, 0xB61B, 0xAE1B, 0xA61B, 0xA61B, 0xA61B, 0x9E1C, 0x9E1B, 0x9E1B, 0x9E1C, 0x9E1B,
    0xAE3B, 0xB63B, 0xB63B, 0xB61C, 0xAE1C, 0xAE3B, 0xAE3B, 0xAE3B, 0xAE3B, 0xA63B, 0x9E1B, 0x9E1C, 0x961B, 0x961C, 0x961B, 0x961C,
    0x8E1B, 0x963C, 0x8536, 0x31C8, 0x31A6, 0x31A6, 0x3186, 0x3186, 0x3187, 0x3165, 0x6229, 0xEC54, 0xF455, 0xF475, 0xEC55, 0x828C,
    0x3166, 0x3186, 0x3186, 0x3166, 0x3166, 0x3186, 0x3186, 0x3186, 0x3186, 0x3185, 0x3165, 0x3166, 0x3166, 0x3186, 0x3186, 0x3185,
    0x3166, 0x3186, 0x3186, 0x3186, 0x3186, 0x3186, 0x3186, 0x3166, 0x3186, 0x3185, 0x3185, 0x3186, 0x3186, 0x3185, 0x3186, 0x3166,
    0x3166, 0x3186, 0x3185, 0x3185, 0x3186, 0x3186, 0x3185, 0x3186, 0x3186, 0x3186, 0x3186, 0x3186, 0x3166, 0x3186, 0x3186, 0x3186,
    0x3186, 0x3185, 0x3186, 0x3186, 0x3186, 0x3186, 0x2965, 0x69E9, 0xCAD0, 0xD2D1, 0xB2AE, 0x28E4, 0x18C3, 0x18C3, 0x18C3, 0x20E3,
    0x18C3, 0x2145, 0x8578, 0x963B, 0x8E1B, 0x961B, 0x961B, 0x961C, 0x961C, 0x961C, 0x961B, 0x963B, 0x963B, 0x961C, 0x961B, 0x961B,
    0x961C, 0x961C, 0x961C, 0x961B, 0x961C, 0x961B, 0x963B, 0x963B, 0x961C, 0x961B, 0x963B, 0x961B, 0x961C, 0x961C, 0x963B, 0x963B,
    0x963B, 0x963C, 0x963B, 0x963B, 0x963C, 0x963C, 0x963C, 0x963B, 0x9E3C, 0x9E3C, 0x9E3B, 0x9E3C, 0xA61C, 0xB63B, 0xA63B, 0x9E1B,
    0xAE1B, 0xC61A, 0xD5FA, 0xDDFB, 0xE5FA, 0xE5FB, 0xE5FA, 0xDDFA, 0xD5FB, 0xD5FB, 0xDDFB, 0xE5FA, 0xE5FA, 0xDDDB, 0xDDFA, 0xDDFA,
    0xE5FA, 0xE5FA, 0xE5FA, 0xDDFA, 0xDDFA, 0xDDFA, 0xDDFB, 0xD61B, 0xCE1B, 0xC61B, 0xC63B, 0xCE1B, 0xCE1B, 0xCE1B, 0xCE1B, 0xCE1B,
    0xF67B, 0xF65B, 0xF65B, 0xF63B, 0xF61A, 0xF61A, 0xF5FA, 0xF5FA, 0xF5DA, 0xEDFA, 0xF5DA, 0xF5DA, 0xF5BA, 0xF5BA, 0xEDDA, 0xEDDA,
    0xEDBA, 0xE5DA, 0xE5BA, 0xE5DA, 0xE5DA, 0xE5BA, 0xE5DA, 0xDDDB, 0xCDFA, 0xCDFB, 0xCE1A, 0xC61B, 0xC61B, 0xC61B, 0xC61B, 0xC61B,
    0xCE1B, 0xD5FB, 0xD5FA, 0xD5FB, 0xD5FA, 0xD5FA, 0xD5FA, 0xD5FB, 0xCDFB, 0xCDFB, 0xCDFA, 0xCDFB, 0xCDFB, 0xBE1B, 0xAE1B, 0xA61B,
    0xA61B, 0xA61B, 0xA61B, 0xA61B, 0xA61B, 0xAE1B, 0xA61B, 0x963B, 0x963B, 0x9E3B, 0x963B, 0x961B, 0x963B, 0x961B, 0x963B, 0x963B,
    0x9E3B, 0x9E3B, 0xA63B, 0xA63B, 0xA63B, 0xA63B, 0xA63B, 0xAE3B, 0xA63B, 0xA61B, 0xAE1B, 0xA61B, 0x961B, 0x961B, 0x963B, 0x961B,
    0x961B, 0x95DA, 0x426A, 0x3166, 0x31A7, 0x3186, 0x3186, 0x3186, 0x3186, 0x49C7, 0xD3F3, 0xF475, 0xEC55, 0xF475, 0x828B, 0x3165,
    0x3186, 0x3185, 0x3185, 0x3186, 0x3186, 0x3186, 0x3186, 0x3185, 0x3166, 0x3185, 0x3186, 0x3185, 0x3185, 0x3186, 0x3166, 0x3185,
    0x3186, 0x3186, 0x3186, 0x3185, 0x3186, 0x3186, 0x3185, 0x3185, 0x3186, 0x3186, 0x3186, 0x3185, 0x3186, 0x3185, 0x3186, 0x3185,
    0x3186, 0x3185, 0x3186, 0x3185, 0x3166, 0x3186, 0x3185, 0x3185, 0x3185, 0x3185, 0x3185, 0x3185, 0x3186, 0x3186, 0x3186, 0x3186,
    0x3186, 0x3186, 0x3186, 0x3186, 0x3186, 0x3186, 0x3186, 0x2965, 0x7A2A, 0xCAF1, 0xCAF1, 0x8A0B, 0x18A2, 0x18C3, 0x18C3, 0x18E3,
    0x18E4, 0x18A2, 0x428B, 0x963C, 0x8E1B, 0x961C, 0x961B, 0x961B, 0x963B, 0x963B, 0x961C, 0x961C, 0x961B, 0x961C, 0x963B, 0x963B,
    0x961B, 0x961B, 0x963B, 0x963B, 0x963C, 0x963C, 0x963B, 0x963C, 0x963B, 0x961C, 0x963B, 0x961B, 0x961B, 0x963B, 0x963B, 0x963C,
    0x963B, 0x963C, 0x963B, 0x963B, 0x963B, 0x963B, 0x963B, 0x9E3B, 0x9E3B, 0x9E3C, 0x9E3B, 0x9E3B, 0x9E3B, 0x9E3B, 0x9E3B, 0x9E3B,
    0x9E1C, 0xA61B, 0xAE1B, 0xBE1B, 0xC61B, 0xC61B, 0xC5FB, 0xBE1B, 0xAE1B, 0xB61B, 0xCDFB, 0xDDFA, 0xDDFA, 0xDDFB, 0xDDFA, 0xE5FA,
    0xE5FA, 0xE5FA, 0xDDFA, 0xDDFA, 0xDDFB, 0xDDFB, 0xD61B, 0xC61B, 0xBE1B, 0xBE3B, 0xC61B, 0xC61B, 0xC63B, 0xC61B, 0xC61B, 0xC61B,
    0xF65B, 0xF61B, 0xF5FA, 0xF5FA, 0xF5FA, 0xF61A, 0xEDFB, 0xEDFB, 0xEDFA, 0xEDFA, 0xEDDA, 0xF5DA, 0xF5DA, 0xF5DA, 0xF5DA, 0xF5DA,
    0xF5BA, 0xF5DA, 0xEDBA, 0xE5BA, 0xE5BA, 0xE5BA, 0xE5BA, 0xDDDA, 0xCDFA, 0xC5FB, 0xC61B, 0xC61B, 0xC61B, 0xC61B, 0xC61B, 0xC61B,
    0xC61B, 0xC61B, 0xCE1B, 0xCE1B, 0xCDFB, 0xCE1B, 0xC5FB, 0xC61B, 0xC61A, 0xC61B, 0xBE1B, 0xBE1B, 0xC5FB, 0xBE1B, 0xA61B, 0x9E1B,
    0x961B, 0x961B, 0x961B, 0x963B, 0x961B, 0x9E1C, 0x9E3B, 0x963B, 0x963C, 0x963B, 0x963B, 0x963B, 0x963B, 0x963B, 0x963C, 0x963B,
    0x963C, 0x963B, 0x963B, 0x963B, 0x963B, 0x963B, 0x963B, 0x963B, 0x963B, 0x961B, 0x9E3B, 0x9E1B, 0x961C, 0x961B, 0x961B, 0x8E1B,
    0x9E5C, 0x5B90, 0x2966, 0x31A7, 0x3186, 0x3186, 0x3186, 0x3186, 0x3165, 0xAB4F, 0xFC76, 0xEC34, 0xF475, 0x8AAC, 0x2965, 0x31A6,
    0x3186, 0x3166, 0x3185, 0x3186, 0x3186, 0x3186, 0x3186, 0x3185, 0x3185, 0x3186, 0x3186, 0x3186, 0x3185, 0x3186, 0x3186, 0x3185,
    0x3185, 0x3186, 0x3166, 0x3185, 0x3186, 0x3166, 0x3185, 0x3186, 0x3186, 0x3186, 0x3186, 0x3186, 0x3185, 0x3185, 0x3186, 0x3186,
    0x3186, 0x3186, 0x3186, 0x3186, 0x3166, 0x3185, 0x3186, 0x3185, 0x3185, 0x3186, 0x3185, 0x3186, 0x3186, 0x3186, 0x3186, 0x3166,
    0x3185, 0x3186, 0x3186, 0x3186, 0x3186, 0x3186, 0x3186, 0x3186, 0x3165, 0x926C, 0xD2D1, 0xCAD0, 0x5166, 0x10A3, 0x18C3, 0x18C3,
    0x18C3, 0x20E3, 0x18C3, 0x6C53, 0x965D, 0x8DFB, 0x961B, 0x961B, 0x961B, 0x963B, 0x963B, 0x963B, 0x963B, 0x963B, 0x963C, 0x963B,
    0x963B, 0x961C, 0x963B, 0x963B, 0x961B, 0x963B, 0x963B, 0x961C, 0x963B, 0x963B, 0x963B, 0x963B, 0x963B, 0x963B, 0x963B, 0x963C,
    0x963B, 0x963B, 0x963B, 0x963C, 0x963B, 0x9E3C, 0x9E3C, 0x9E3B, 0x9E3C, 0x9E3C, 0x9E3B, 0x9E3C, 0x9E3B, 0x9E3B, 0x9E3B, 0x9E3B,
    0x9E3C, 0x9E3B, 0x9E3B, 0x9E3C, 0xA63C, 0xA63B, 0xA63B, 0xA63B, 0x9E3B, 0xA63B, 0xB61B, 0xCDFB, 0xDDFB, 0xDDFA, 0xDDFA, 0xDDFA,
    0xDDFA, 0xDDFB, 0xDDFB, 0xD5FB, 0xD61B, 0xCE1B, 0xCE1B, 0xBE1B, 0xB63B, 0xBE3B, 0xBE1B, 0xC61B, 0xC61B, 0xC63B, 0xC61B, 0xBE1B,
    0xF61A, 0xF5FA, 0xF5DA, 0xF5DA, 0xF5FB, 0xEDFA, 0xE5FA, 0xE5FA, 0xEDDA, 0xEDDA, 0xF5DA, 0xF5DA, 0xF5DA, 0xF5DA, 0xF5FA, 0xF5DA,
    0xF5DA, 0xF5DA, 0xF5DA, 0xF5BA, 0xEDBA, 0xEDBA, 0xEDBA, 0xE5DA, 0xD5FB, 0xC5FB, 0xBE1B, 0xBE1B, 0xBE1B, 0xC61B, 0xC61B, 0xC61B,
    0xCE1B, 0xC61B, 0xC61B, 0xBE1B, 0xBE1B, 0xB61B, 0xAE1B, 0xB61B, 0xB61B, 0xAE1B, 0xA61B, 0xAE1B, 0xBE1B, 0xB61B, 0xA61B, 0x961B,
    0x961B, 0x961B, 0x961C, 0x961B, 0x963B, 0x963C, 0x963C, 0x963B, 0x963B, 0x963B, 0x963B, 0x963B, 0x963C, 0x963B, 0x963B, 0x963B,
    0x963C, 0x963B, 0x963B, 0x963B, 0x963B, 0x963C, 0x963C, 0x963C, 0x963B, 0x963C, 0x963C, 0x963B, 0x961B, 0x961B, 0x95FB, 0x963C,
    0x7CF6, 0x31A6, 0x31A6, 0x3186, 0x3186, 0x3186, 0x3186, 0x2945, 0x726A, 0xF475, 0xEC35, 0xF475, 0x9AED, 0x3166, 0x3186, 0x3186,
    0x3186, 0x39A6, 0x3186, 0x3185, 0x3186, 0x3186, 0x3185, 0x3186, 0x3186, 0x3186, 0x3186, 0x3186, 0x3185, 0x3186, 0x3186, 0x3186,
    0x3185, 0x3186, 0x3186, 0x3186, 0x3186, 0x3186, 0x3186, 0x3185, 0x3186, 0x3186, 0x3185, 0x3186, 0x3186, 0x3186, 0x3186, 0x3186,
    0x3185, 0x3186, 0x3186, 0x3166, 0x3186, 0x3185, 0x3186, 0x3166, 0x3186, 0x3186, 0x3186, 0x3186, 0x3185, 0x3166, 0x3185, 0x3186,
    0x3186, 0x3166, 0x3166, 0x3186, 0x3186, 0x3186, 0x3186, 0x3186, 0x3185, 0x3966, 0xAAAE, 0xD2F1, 0xA28D, 0x20C3, 0x18C3, 0x18C3,
    0x18E3, 0x20E4, 0x18C3, 0x29A7, 0x8DDA, 0x961B, 0x961B, 0x961C, 0x961B, 0x963B, 0x961B, 0x961C, 0x963C, 0x963B, 0x961C, 0x961C,
    0x961C, 0x961C, 0x961B, 0x963B, 0x963B, 0x963B, 0x963B, 0x963B, 0x963C, 0x963B, 0x963C, 0x963B, 0x963B, 0x963B, 0x963C, 0x963B,
    0x9E3C, 0x9E3B, 0x9E3C, 0x9E3C, 0x9E3C, 0x9E3B, 0x9E3B, 0x9E3B, 0x9E3B, 0x9E3B, 0x9E3B, 0x9E3B, 0x9E3B, 0x9E3B, 0x9E3C, 0x9E3B,
    0x9E3B, 0x9E3B, 0x9E3B, 0x9E3C, 0x9E3C, 0x9E3B, 0x9E3B, 0x9E3B, 0x9E3C, 0xA63C, 0xA63B, 0xB61B, 0xCDFB, 0xDDFA, 0xDDFA, 0xDDFA,
    0xDDFA, 0xDDFB, 0xD5FB, 0xC61B, 0xBE1B, 0xBE1B, 0xB61C, 0xAE3C, 0xAE3B, 0xB63B, 0xBE3B, 0xBE1B, 0xBE1B, 0xBE1B, 0xBE3B, 0xBE3B,
    0xF5FB, 0xF5DA, 0xF5DA, 0xEDDA, 0xE5FA, 0xDE1B, 0xE5FB, 0xEDFA, 0xEDDA, 0xEDDA, 0xEDDA, 0xF5DA, 0xF5DA, 0xF5DA, 0xF5DA, 0xF5DA,
    0xF5BA, 0xF5BA, 0xF5B9, 0xF599, 0xF59A, 0xF5BA, 0xEDBA, 0xEDBA, 0xD5DA, 0xBDFB, 0xA61B, 0xAE1B, 0xB61B, 0xBE1B, 0xBE1B, 0xC61B,
    0xBE1B, 0xBE1B, 0xAE1B, 0xA61B, 0xAE3B, 0xA63C, 0x9E1B, 0x9E1B, 0x9E1C, 0x9E3B, 0x963B, 0x9E1C, 0x9E3B, 0x963C, 0x961C, 0x963B,
    0x963B, 0x963B, 0x963B, 0x963B, 0x963B, 0x963B, 0x963B, 0x963B, 0x963B, 0x963C, 0x963C, 0x963B, 0x963C, 0x963C, 0x963B, 0x963B,
    0x963B, 0x963B, 0x963C, 0x963B, 0x963B, 0x963B, 0x963B, 0x963B, 0x963C, 0x963C, 0x963B, 0x963B, 0x961B, 0x961B, 0x961B, 0x95FA,
    0x428A, 0x3166, 0x31A6, 0x3186, 0x3185, 0x3186, 0x3186, 0x4187, 0xD3F3, 0xF455, 0xFC75, 0xAB4F, 0x3166, 0x3186, 0x3186, 0x3186,
    0x39A6, 0x39A6, 0x3166, 0x3186, 0x3186, 0x3186, 0x3185, 0x3185, 0x3185, 0x3186, 0x3186, 0x3166, 0x3185, 0x3185, 0x3185, 0x3186,
    0x3185, 0x3185, 0x3185, 0x3185, 0x3186, 0x3186, 0x3186, 0x3186, 0x3186, 0x3186, 0x3186, 0x3186, 0x3185, 0x3186, 0x3186, 0x3186,
    0x3186, 0x3186, 0x3185, 0x3186, 0x3186, 0x3185, 0x3185, 0x3185, 0x3186, 0x3186, 0x3186, 0x3166, 0x3186, 0x3166, 0x3186, 0x3186,
    0x3186, 0x3165, 0x3186, 0x3186, 0x3186, 0x3186, 0x3186, 0x3186, 0x3186, 0x2965, 0x51A8, 0xC2CF, 0xD2F0, 0x5988, 0x10A2, 0x18C3,
    0x18C3, 0x18E3, 0x20E3, 0x18C3, 0x5B90, 0x9E5D, 0x8E1B, 0x961B, 0x961C, 0x961B, 0x961B, 0x961B, 0x963C, 0x963B, 0x961B, 0x961B,
    0x961B, 0x961B, 0x963C, 0x961C, 0x963B, 0x963B, 0x961C, 0x963B, 0x963B, 0x963B, 0x963B, 0x963B, 0x9E3C, 0x963B, 0x9E3C, 0x9E3B,
    0x961B, 0x9E3B, 0x9E3C, 0x9E3B, 0x9E3B, 0x9E3B, 0x9E3B, 0x9E3C, 0x9E3B, 0x9E3B, 0x9E3C, 0x9E3B, 0x9E3B, 0x9E3B, 0x9E3B, 0x9E3B,
    0x9E3C, 0x9E3B, 0x9E3B, 0x9E3B, 0x9E3C, 0x9E3B, 0x9E3B, 0x9E3B, 0x9E3B, 0x9E3C, 0xA63C, 0xA63C, 0xAE1B, 0xBE1B, 0xCDFB, 0xCE1B,
    0xCDFB, 0xCE1B, 0xB61B, 0xA63B, 0xA63B, 0xA63B, 0xA63C, 0xA63C, 0xA63B, 0xAE3B, 0xB63B, 0xB63B, 0xB63B, 0xB63B, 0xAE3B, 0xAE3B,
    0xF5FA, 0xF5DA, 0xEDDA, 0xE5FA, 0xDDFB, 0xDDFB, 0xE5FB, 0xE5FA, 0xEDFA, 0xE5FA, 0xE5FA, 0xE5FA, 0xEDDB, 0xEDDA, 0xEDDA, 0xEDDA,
    0xEDBA, 0xF5BA, 0xF599, 0xF59A, 0xF5BA, 0xF5BA, 0xEDBA, 0xEDBA, 0xDDDA, 0xCDFB, 0xAE1B, 0x9E1B, 0x9E1C, 0xA61B, 0xA61B, 0x9E1B,
    0x9E3B, 0x9E1C, 0x963B, 0x961B, 0x9E3B, 0x9E1C, 0x961B, 0x961B, 0x963B, 0x963B, 0x963B, 0x963C, 0x963B, 0x963B, 0x963C, 0x963C,
    0x963B, 0x963C, 0x963B, 0x963B, 0x963B, 0x963C, 0x963B, 0x963B, 0x963B, 0x963C, 0x963B, 0x963B, 0x963B, 0x963B, 0x963B, 0x963B,
    0x963B, 0x963B, 0x963B, 0x963B, 0x963B, 0x963B, 0x963B, 0x963B, 0x963B, 0x963C, 0x963B, 0x961C, 0x961B, 0x961B, 0x9E5C, 0x63F2,
    0x3166, 0x31A6, 0x3186, 0x3186, 0x3186, 0x3186, 0x2965, 0x92CD, 0xFC56, 0xF455, 0xCBD1, 0x4186, 0x3186, 0x3186, 0x3186, 0x31A6,
    0x39C6, 0x3186, 0x39A6, 0x3186, 0x3186, 0x3186, 0x3185, 0x3185, 0x3186, 0x3186, 0x3186, 0x3186, 0x3186, 0x3185, 0x3185, 0x3185,
    0x3185, 0x3185, 0x3186, 0x3186, 0x3186, 0x3185, 0x3186, 0x3186, 0x3186, 0x3186, 0x3186, 0x3186, 0x3186, 0x3186, 0x3186, 0x3186,
    0x3186, 0x3186, 0x3186, 0x3186, 0x3186, 0x3185, 0x3166, 0x3186, 0x3186, 0x3185, 0x3166, 0x3186, 0x3186, 0x3185, 0x3186, 0x3186,
    0x3186, 0x3166, 0x3186, 0x3186, 0x3186, 0x3186, 0x3186, 0x3186, 0x3186, 0x3186, 0x2945, 0x820B, 0xDAF1, 0xA26D, 0x20C3, 0x18C3,
    0x18E3, 0x18E3, 0x18E3, 0x18E3, 0x2966, 0x8578, 0x963C, 0x961B, 0x961B, 0x961B, 0x961B, 0x961B, 0x963B, 0x963B, 0x963C, 0x961C,
    0x961B, 0x963B, 0x963B, 0x963B, 0x963B, 0x963B, 0x963B, 0x9E3B, 0x963B, 0x963B, 0x9E3C, 0x9E3C, 0x9E3C, 0x9E3B, 0x9E3B, 0x963B,
    0x961B, 0x9E3B, 0x9E3B, 0x9E3C, 0x9E3B, 0x9E3B, 0x9E3B, 0x9E3C, 0x9E3B, 0x9E3B, 0x9E3B, 0x9E3B, 0x9E3B, 0x9E3B, 0x9E3B, 0x9E3B,
    0x9E3B, 0x9E3B, 0x9E3B, 0x9E3C, 0x9E3B, 0x9E3B, 0x9E3B, 0x9E3C, 0x9E3B, 0x9E3B, 0xA63B, 0xA63B, 0xA63B, 0xA63B, 0xAE3B, 0xAE3B,
    0xAE3B, 0xAE3C, 0xA63B, 0xA63C, 0xA63C, 0xA63C, 0xA63C, 0xA63C, 0xA63B, 0xA63B, 0xAE3C, 0xAE3B, 0xAE3C, 0xAE3C, 0xA63B, 0xAE3B,
    0xEDFB, 0xEDFA, 0xE5FA, 0xE5FB, 0xDDFB, 0xDE1A, 0xDE1B, 0xDDFB, 0xDDFB, 0xDE1B, 0xDE1A, 0xDDFB, 0xE5FB, 0xE5DB, 0xE5DB, 0xE5DA,
    0xEDDA, 0xEDBA, 0xEDBA, 0xEDBA, 0xEDDA, 0xEDDA, 0xEDDA, 0xEDDA, 0xEDDA, 0xE5DA, 0xCDFB, 0xB61B, 0xAE1B, 0xA61C, 0x9E1C, 0x963B,
    0x963C, 0x961C, 0x963C, 0x963B, 0x963B, 0x963B, 0x961C, 0x963C, 0x963B, 0x963B, 0x963B, 0x963B, 0x963B, 0x963B, 0x963B, 0x963B,
    0x963B, 0x963C, 0x963B, 0x963C, 0x963B, 0x963C, 0x963C, 0x963B, 0x963B, 0x963B, 0x963C, 0x963C, 0x963B, 0x963B, 0x963B, 0x963B,
    0x963B, 0x963B, 0x963B, 0x963B, 0x963B, 0x963B, 0x963B, 0x963B, 0x963B, 0x963B, 0x963C, 0x961C, 0x961B, 0x963B, 0x8D98, 0x39E8,
    0x3186, 0x31A6, 0x3186, 0x3186, 0x3186, 0x3186, 0x49C7, 0xE413, 0xF435, 0xE434, 0x59E8, 0x2965, 0x3186, 0x3186, 0x3186, 0x39C7,
    0x39A6, 0x4A28, 0x4A08, 0x3166, 0x3186, 0x3185, 0x3186, 0x3185, 0x3186, 0x3186, 0x3185, 0x3185, 0x3186, 0x3186, 0x3186, 0x3185,
    0x3186, 0x3186, 0x3186, 0x3186, 0x3166, 0x3185, 0x3185, 0x3186, 0x3186, 0x3185, 0x3186, 0x3186, 0x3186, 0x3186, 0x3185, 0x3185,
    0x3185, 0x3185, 0x3186, 0x3185, 0x3186, 0x3186, 0x3166, 0x3166, 0x3186, 0x3185, 0x3185, 0x3186, 0x3166, 0x3185, 0x3185, 0x3186,
    0x3186, 0x3186, 0x3186, 0x3185, 0x3186, 0x3186, 0x3186, 0x3165, 0x3166, 0x3186, 0x3166, 0x3966, 0xB28E, 0xD2D0, 0x5166, 0x18A2,
    0x18E3, 0x18E3, 0x18E3, 0x2104, 0x18A2, 0x532E, 0x9E5D, 0x961B, 0x961B, 0x961B, 0x963B, 0x961B, 0x961B, 0x961B, 0x961B, 0x961C,
    0x963C, 0x963B, 0x963B, 0x963B, 0x963C, 0x963B, 0x963B, 0x9E3B, 0x9E3B, 0x9E3B, 0x9E3B, 0x9E3B, 0x9E3B, 0x9E3B, 0x9E3B, 0x9E3B,
    0x9E3B, 0x9E3B, 0x9E3B, 0x9E3C, 0x9E3C, 0x9E3B, 0x9E3B, 0x9E3B, 0x9E3C, 0x9E3C, 0x9E3B, 0x9E3B, 0x9E3B, 0x9E3B, 0x9E3B, 0x9E3B,
    0x9E3B, 0x9E3B, 0x9E3B, 0x9E3C, 0x9E3B, 0x9E3C, 0x9E3B, 0x9E3C, 0x9E3C, 0x9E3B, 0xA63B, 0xA63B, 0xA63C, 0xA63C, 0xA63B, 0xA63C,
    0xA63B, 0xA63B, 0xA63B, 0xA63C, 0xA63C, 0xA63C, 0xA63C, 0xA63C, 0xA63B, 0xA63B, 0xA63C, 0xA65C, 0xA65C, 0xA63C, 0xA63C, 0xA65B,
    0xE61B, 0xDDFB, 0xDDFB, 0xDE1B, 0xDE1B, 0xDE1B, 0xDE1B, 0xDE1B, 0xDE1B, 0xDE1B, 0xDE1A, 0xDDFB, 0xE5FB, 0xEDDA, 0xEDDA, 0xEDDA,
    0xEDDB, 0xEDDA, 0xEDBA, 0xEDDA, 0xEDDA, 0xEDDA, 0xE5DA, 0xE5DB, 0xEDDA, 0xF5DB, 0xEDFA, 0xE5FB, 0xE5FA, 0xDE1A, 0xB61B, 0x9E1B,
    0x963C, 0x9E3B, 0x963B, 0x963B, 0x963C, 0x963C, 0x963B, 0x963B, 0x963B, 0x963B, 0x963C, 0x963C, 0x963C, 0x963C, 0x963C, 0x963B,
    0x963C, 0x963C, 0x963C, 0x963C, 0x963B, 0x963B, 0x963B, 0x963B, 0x963B, 0x963C, 0x963B, 0x963C, 0x963B, 0x963B, 0x963C, 0x963C,
    0x963B, 0x963C, 0x963C, 0x963B, 0x963C, 0x963C, 0x963B, 0x963B, 0x963B, 0x963B, 0x963B, 0x961B, 0x961B, 0x9E5C, 0x5B4F, 0x2965,
    0x31A7, 0x3186, 0x3186, 0x3186, 0x3186, 0x2965, 0x9ACE, 0xFC55, 0xF435, 0x828C, 0x2965, 0x3186, 0x3186, 0x3166, 0x39A6, 0x39A6,
    0x4208, 0x5249, 0x39A6, 0x3165, 0x39A6, 0x39A6, 0x3186, 0x3166, 0x3186, 0x3186, 0x3186, 0x3186, 0x3186, 0x3186, 0x3166, 0x3186,
    0x3186, 0x3186, 0x3185, 0x3186, 0x3165, 0x3166, 0x3186, 0x3185, 0x3186, 0x3186, 0x3186, 0x3166, 0x3186, 0x3186, 0x3186, 0x3186,
    0x3185, 0x3166, 0x3186, 0x3186, 0x3166, 0x3185, 0x3186, 0x3165, 0x3165, 0x3166, 0x3166, 0x3185, 0x3186, 0x3186, 0x3186, 0x3186,
    0x3166, 0x3186, 0x3166, 0x3186, 0x3186, 0x3186, 0x3166, 0x39A6, 0x3186, 0x3186, 0x3186, 0x2944, 0x61A8, 0xD2D0, 0x9A2C, 0x20C3,
    0x20C3, 0x20C3, 0x20E3, 0x18E3, 0x18E3, 0x2145, 0x8579, 0x963C, 0x961B, 0x961B, 0x961C, 0x961C, 0x961B, 0x963B, 0x963B, 0x963B,
    0x963B, 0x963B, 0x963C, 0x963B, 0x963B, 0x963B, 0x9E3B, 0x9E3B, 0x9E3C, 0x9E3B, 0x9E3B, 0x9E3C, 0x9E3B, 0x9E3B, 0x9E3C, 0x9E3C,
    0x9E3B, 0x9E3B, 0x9E3B, 0x9E3B, 0x9E3B, 0x9E3B, 0x9E3C, 0x9E3B, 0x9E3B, 0x9E3B, 0x9E3B, 0x9E3B, 0x9E3C, 0x9E3C, 0x9E3B, 0x9E3C,
    0x9E3C, 0x9E3B, 0x9E3C, 0x9E3C, 0x9E3B, 0x9E3C, 0x9E3B, 0x9E3B, 0xA63B, 0xA63C, 0xA63C, 0xA63C, 0xA63B, 0xA63C, 0xA63B, 0xA63B,
    0xA63B, 0xA63B, 0xA63C, 0xA63C, 0xA63C, 0xA63C, 0xA63C, 0xA63C, 0xA63B, 0xA63B, 0xA65C, 0xA65C, 0xA65C, 0xA63C, 0xA63C, 0xA63B,
    0xDE1B, 0xDE1A, 0xDDFB, 0xDE1B, 0xDE1B, 0xDE1B, 0xD61B, 0xD61A, 0xDE1B, 0xD61B, 0xD5FB, 0xDDFA, 0xE5DB, 0xEDBA, 0xF5DA, 0xF5DA,
    0xF5DA, 0xF5BA, 0xF5BA, 0xEDBA, 0xEDDA, 0xE5DA, 0xDDFA, 0xDDFB, 0xE5FA, 0xEDDA, 0xEDDB, 0xEDDA, 0xEDDA, 0xDDFB, 0xB61B, 0x963B,
    0x963B, 0x963C, 0x963C, 0x963B, 0x9E3B, 0x9E3C, 0x963C, 0x963B, 0x963C, 0x963B, 0x963B, 0x963C, 0x963C, 0x963B, 0x963C, 0x963B,
    0x963C, 0x963C, 0x963C, 0x963B, 0x963B, 0x963C, 0x963B, 0x963B, 0x963B, 0x963B, 0x963C, 0x963B, 0x963C, 0x963B, 0x963B, 0x963C,
    0x963B, 0x963B, 0x963C, 0x963B, 0x963B, 0x963B, 0x963B, 0x963B, 0x963B, 0x963C, 0x961B, 0x961B, 0x965C, 0x8516, 0x31A7, 0x31A6,
    0x3186, 0x3186, 0x3185, 0x3186, 0x3186, 0x41A6, 0xDBF3, 0xFC76, 0xB350, 0x3166, 0x3186, 0x3186, 0x3185, 0x3186, 0x39A7, 0x39A7,
    0x5249, 0x4A08, 0x3186, 0x39A6, 0x39A6, 0x3186, 0x3185, 0x3186, 0x3166, 0x3185, 0x3186, 0x3186, 0x3185, 0x3186, 0x3166, 0x3186,
    0x3186, 0x3186, 0x3186, 0x3186, 0x3165, 0x3185, 0x3186, 0x3186, 0x3186, 0x3186, 0x3185, 0x3185, 0x3186, 0x3185, 0x3185, 0x3186,
    0x3185, 0x3185, 0x3186, 0x3185, 0x3165, 0x3185, 0x3186, 0x3165, 0x3165, 0x3185, 0x3166, 0x3186, 0x3186, 0x3186, 0x3186, 0x3185,
    0x3166, 0x3186, 0x3185, 0x3186, 0x3186, 0x3186, 0x3166, 0x39A6, 0x41E7, 0x3185, 0x3186, 0x3165, 0x2924, 0x9A4C, 0xCAB0, 0x3925,
    0x18C2, 0x18C3, 0x18C3, 0x18E3, 0x20E4, 0x18A2, 0x5B6F, 0x9E5D, 0x961B, 0x963B, 0x961B, 0x961B, 0x9E3B, 0x963B, 0x963B, 0x961B,
    0x963B, 0x963B, 0x9E3B, 0x9E3C, 0x9E3C, 0x9E3B, 0x9E3B, 0x9E3B, 0x9E3B, 0x9E3C, 0x9E3B, 0x9E3B, 0x9E3B, 0x9E3B, 0x9E3B, 0x9E3B,
    0x9E3B, 0x9E3B, 0x9E3B, 0x9E3C, 0x9E3B, 0x9E3B, 0x9E3B, 0x9E3C, 0x9E3C, 0x9E3B, 0x9E3C, 0x9E3B, 0x9E3B, 0x9E3C, 0x9E3B, 0x9E3B,
    0x9E3C, 0x9E3B, 0x9E3B, 0x9E3B, 0xA63B, 0x9E3B, 0x9E3B, 0xA63C, 0xA63B, 0xA63B, 0xA63B, 0xA63C, 0xA63C, 0xA65B, 0xA63B, 0xA63B,
    0xA63B, 0xA63B, 0xA63C, 0xA63C, 0xA63B, 0xA63B, 0xA63B, 0xA63B, 0xA63B, 0xA63C, 0xA65C, 0xA65C, 0xA65C, 0xA65C, 0xA63C, 0xA65B,
    0xDE1B, 0xD61A, 0xD61B, 0xD61B, 0xD61B, 0xD61B, 0xD61B, 0xD61B, 0xD61B, 0xD61B, 0xCE1B, 0xC61B, 0xD5DA, 0xEDBA, 0xF5BA, 0xF5BA,
    0xF5BA, 0xF5DA, 0xEDDA, 0xDDDA, 0xDDFB, 0xDDFA, 0xD5FB, 0xCDFB, 0xD5FB, 0xDDFA, 0xDDFA, 0xD5FA, 0xC5FB, 0xAE1B, 0x9E1C, 0x963B,
    0x9E3B, 0x963B, 0x9E3C, 0x9E3C, 0x9E3B, 0x9E3B, 0x963C, 0x963C, 0x963C, 0x963B, 0x963B, 0x963C, 0x963C, 0x963B, 0x963B, 0x963B,
    0x963B, 0x963B, 0x963C, 0x963C, 0x963C, 0x963B, 0x963C, 0x963C, 0x963B, 0x963B, 0x963C, 0x963B, 0x963C, 0x963B, 0x963B, 0x963C,
    0x963C, 0x963C, 0x963B, 0x963B, 0x963B, 0x963B, 0x963C, 0x963C, 0x963B, 0x961B, 0x961B, 0x961B, 0x963B, 0x4AEC, 0x3166, 0x31A6,
    0x3186, 0x3186, 0x3185, 0x3186, 0x2945, 0x7A6B, 0xFC55, 0xE413, 0x51E8, 0x3186, 0x3186, 0x3186, 0x3185, 0x31A6, 0x3186, 0x41E8,
    0x5249, 0x31A6, 0x39C7, 0x39A7, 0x3186, 0x3186, 0x3185, 0x3186, 0x3186, 0x3186, 0x3186, 0x3185, 0x39A6, 0x3186, 0x3166, 0x3166,
    0x3186, 0x3186, 0x3186, 0x3166, 0x2945, 0x3185, 0x3185, 0x3186, 0x3186, 0x3186, 0x3185, 0x3185, 0x3186, 0x3166, 0x3185, 0x3186,
    0x3185, 0x3185, 0x3186, 0x3186, 0x3165, 0x3165, 0x3186, 0x3166, 0x3165, 0x3186, 0x3186, 0x3186, 0x3186, 0x3186, 0x3185, 0x3165,
    0x3166, 0x3186, 0x3186, 0x3186, 0x3185, 0x3186, 0x3186, 0x3166, 0x4A08, 0x39C7, 0x3165, 0x3186, 0x2944, 0x5167, 0xCAD0, 0x69C9,
    0x10A2, 0x18C3, 0x18C3, 0x18E3, 0x18E4, 0x18C3, 0x29A6, 0x8DBA, 0x963B, 0x961B, 0x963B, 0x963C, 0x9E3C, 0x963B, 0x9E3B, 0x9E1B,
    0x963C, 0x963B, 0x9E3B, 0x9E3B, 0x9E3C, 0x9E3C, 0x9E3B, 0x9E3B, 0x9E3B, 0x9E3B, 0x9E3C, 0x9E3B, 0x9E3B, 0x9E3B, 0x9E3C, 0x9E3C,
    0x9E3C, 0x9E3B, 0x9E3B, 0x9E3B, 0x9E3C, 0x9E3B, 0x9E3B, 0x9E3B, 0x9E3C, 0x9E3C, 0x9E3C, 0x9E3B, 0x9E3B, 0x9E3B, 0x9E3C, 0x9E3B,
    0x9E3B, 0x9E3B, 0x9E3B, 0x9E3B, 0x9E3C, 0x9E3B, 0xA63B, 0xA63B, 0xA63C, 0xA63B, 0xA63B, 0xA63B, 0xA63C, 0xA63C, 0xA63B, 0xA63B,
    0xA63B, 0xA63B, 0xA63B, 0xA63B, 0xA63B, 0xA63C, 0xA63C, 0xA63B, 0xA63C, 0xA63C, 0xA65C, 0xA65C, 0xA65C, 0xA65C, 0xA63C, 0xA65C,
    0xD61B, 0xD61B, 0xCE1B, 0xCE1B, 0xCE1B, 0xCE1B, 0xCE1B, 0xCE1B, 0xCE1B, 0xC61B, 0xAE1B, 0xA63B, 0xAE1B, 0xCDFB, 0xE5DA, 0xF5BA,
    0xF5BA, 0xF5BA, 0xE5DA, 0xE5DA, 0xDDFB, 0xD5FA, 0xC5FB, 0xB61B, 0xBE1B, 0xBE1B, 0xB61B, 0xA61B, 0x9E3B, 0x9E3B, 0x9E3B, 0x963C,
    0x9E3C, 0x9E3B, 0x9E3C, 0x9E3B, 0x963C, 0x963C, 0x963B, 0x963B, 0x963B, 0x963C, 0x963B, 0x963B, 0x963B, 0x963B, 0x963C, 0x963C,
    0x963C, 0x963B, 0x963C, 0x963C, 0x963C, 0x963B, 0x963B, 0x963B, 0x963B, 0x963C, 0x963B, 0x963B, 0x963B, 0x963C, 0x963B, 0x963B,
    0x963B, 0x963C, 0x963C, 0x963C, 0x963B, 0x963B, 0x963B, 0x963B, 0x963C, 0x961B, 0x961B, 0x9E5D, 0x74B5, 0x3186, 0x31A7, 0x3186,
    0x3185, 0x3186, 0x3186, 0x3186, 0x3165, 0xBB50, 0xFC76, 0x8AAD, 0x2945, 0x3186, 0x3185, 0x3186, 0x3186, 0x3186, 0x3986, 0x5249,
    0x41E7, 0x3186, 0x39A6, 0x3186, 0x3185, 0x3186, 0x3186, 0x3186, 0x3185, 0x3186, 0x3186, 0x3986, 0x39A6, 0x3165, 0x3185, 0x3186,
    0x3186, 0x3166, 0x3186, 0x39A6, 0x41C7, 0x3166, 0x3186, 0x3186, 0x3185, 0x3186, 0x3186, 0x3185, 0x3185, 0x3185, 0x3185, 0x3186,
    0x3186, 0x3186, 0x3185, 0x3185, 0x3165, 0x3165, 0x3186, 0x3186, 0x3145, 0x3166, 0x3186, 0x3186, 0x3186, 0x3186, 0x3166, 0x3166,
    0x3185, 0x3185, 0x3186, 0x3186, 0x3186, 0x3186, 0x3185, 0x3185, 0x41C7, 0x4A29, 0x3165, 0x3166, 0x3165, 0x2104, 0x9A4D, 0xA26D,
    0x18A2, 0x18C3, 0x18C3, 0x18C3, 0x18C3, 0x20E4, 0x18C3, 0x6432, 0x9E7D, 0x961B, 0x963B, 0x9E3B, 0x9E3B, 0x9E3C, 0x9E1B, 0x9E3B,
    0x9E3B, 0x9E3B, 0x9E3C, 0x9E3C, 0x9E3C, 0x9E3B, 0x9E3C, 0x9E3B, 0x9E3B, 0x9E3B, 0x9E3B, 0x9E3C, 0x9E3C, 0x9E3B, 0x9E3B, 0x9E3B,
    0x9E3B, 0x9E3C, 0x9E3C, 0x9E3B, 0x9E3B, 0x9E3B, 0x9E3C, 0x9E3C, 0x9E3B, 0x9E3B, 0x9E3C, 0x9E3C, 0x9E3B, 0x9E3B, 0x9E3B, 0x9E3B,
    0x9E3C, 0x9E3C, 0x9E3B, 0x9E3B, 0x9E3B, 0xA63B, 0xA63C, 0xA63B, 0xA63C, 0xA63B, 0xA63C, 0xA63C, 0xA63B, 0xA63B, 0xA63B, 0xA63B,
    0xA63B, 0xA63B, 0xA63B, 0xA63B, 0xA63B, 0xA63C, 0xA63C, 0xA63C, 0xA63C, 0xA65C, 0xA65C, 0xA65C, 0xA65C, 0xA65C, 0xA65C, 0xA65C,
    0xCE3B, 0xCE1B, 0xCE1B, 0xCE1B, 0xCE1B, 0xCE3B, 0xCE1B, 0xC61B, 0xC61B, 0xBE1B, 0xA61B, 0x9E3B, 0x9E3B, 0x9E3B, 0xB61B, 0xC5FB,
    0xD5DB, 0xDDDA, 0xE5DB, 0xDDDB, 0xD5FB, 0xBE1B, 0xA61B, 0xA61C, 0xA63B, 0x9E3B, 0x9E3B, 0x9E3C, 0x9E3B, 0x9E3C, 0x9E3B, 0x963B,
    0x9E3B, 0x9E3B, 0x9E3B, 0x963C, 0x963B, 0x963B, 0x963C, 0x963C, 0x963B, 0x963B, 0x963B, 0x963B, 0x963B, 0x963B, 0x963B, 0x963B,
    0x963C, 0x963C, 0x963C, 0x963C, 0x963C, 0x963B, 0x963B, 0x963C, 0x963B, 0x963B, 0x963C, 0x963C, 0x963B, 0x963B, 0x963B, 0x963C,
    0x963C, 0x963C, 0x963B, 0x963B, 0x963B, 0x963C, 0x963B, 0x963B, 0x963B, 0x961B, 0x961B, 0x95FB, 0x428B, 0x3186, 0x31A6, 0x3186,
    0x3186, 0x3186, 0x3186, 0x2965, 0x51C8, 0xEC14, 0xD3D2, 0x4186, 0x3186, 0x3186, 0x3166, 0x3186, 0x3186, 0x3186, 0x39A6, 0x4A08,
    0x3185, 0x3165, 0x3186, 0x3186, 0x3186, 0x3186, 0x3186, 0x3186, 0x3186, 0x3186, 0x3186, 0x3186, 0x3186, 0x3186, 0x3166, 0x3186,
    0x3185, 0x3186, 0x2945, 0x5A49, 0x6289, 0x2945, 0x3186, 0x3186, 0x3186, 0x3186, 0x3186, 0x3185, 0x3185, 0x3185, 0x3185, 0x3185,
    0x3185, 0x3186, 0x3186, 0x3186, 0x3185, 0x3165, 0x3186, 0x3186, 0x3986, 0x3185, 0x3166, 0x3186, 0x3186, 0x3186, 0x3186, 0x3165,
    0x3166, 0x3186, 0x3186, 0x3186, 0x3186, 0x3186, 0x3166, 0x39C7, 0x41C7, 0x4A29, 0x39C7, 0x3165, 0x3186, 0x2124, 0x5187, 0xBAAF,
    0x38E5, 0x18C2, 0x20C3, 0x18C3, 0x18E3, 0x20E3, 0x18C3, 0x3A4A, 0x963B, 0x961B, 0x9E1B, 0x9E3B, 0x9E3B, 0x9E3B, 0x9E3B, 0x9E3B,
    0x9E3B, 0x9E3B, 0x9E3B, 0x9E3B, 0x9E3C, 0x9E3C, 0x9E3B, 0x9E3B, 0x9E3B, 0x9E3C, 0x9E3B, 0x9E3B, 0x9E3B, 0x9E3B, 0x9E3C, 0x9E3C,
    0x9E3B, 0x9E3B, 0x9E3B, 0x9E3B, 0x9E3C, 0x9E3B, 0x9E3B, 0x9E3B, 0x9E3C, 0x9E3C, 0x9E3B, 0x9E3B, 0x9E3B, 0x9E3B, 0x9E3B, 0x9E3B,
    0x9E3B, 0x9E3B, 0xA63B, 0xA63C, 0xA63C, 0xA63B, 0xA63B, 0xA63C, 0xA63B, 0xA63B, 0xA63B, 0xA63B, 0xA63C, 0xA63C, 0xA63B, 0xA63B,
    0xA63B, 0xA63B, 0xA63B, 0xA63B, 0xA63C, 0xA63C, 0xA63C, 0xA65C, 0xA63C, 0xA65C, 0xA65C, 0xA65C, 0xA65C, 0xA65C, 0xA65C, 0xA65C,
    0xCE1B, 0xC61B, 0xC61B, 0xC61B, 0xC61B, 0xC61B, 0xBE1B, 0xBE1B, 0xC61B, 0xB61B, 0x9E1B, 0x9E3B, 0x9E3C, 0x9E3C, 0x963B, 0x9E3B,
    0x9E3B, 0xAE1B, 0xB61B, 0xAE1B, 0xA61B, 0x9E3B, 0x9E3B, 0x9E3C, 0x9E3B, 0x9E3C, 0x9E3C, 0x9E3B, 0x9E3C, 0x9E3B, 0x9E3B, 0x9E3B,
    0x9E3B, 0x963C, 0x963B, 0x963B, 0x963B, 0x963B, 0x963C, 0x963C, 0x963B, 0x963B, 0x963B, 0x963C, 0x963B, 0x963C, 0x963C, 0x963B,
    0x963C, 0x963C, 0x963C, 0x963C, 0x963B, 0x963C, 0x963B, 0x963B, 0x963B, 0x963B, 0x963C, 0x963C, 0x963B, 0x963B, 0x963B, 0x963C,
    0x963B, 0x963B, 0x963C, 0x963B, 0x963B, 0x963C, 0x9E3C, 0x963B, 0x963B, 0x961B, 0x9E5C, 0x6C53, 0x3166, 0x31A7, 0x3186, 0x3186,
    0x3186, 0x3186, 0x3186, 0x2945, 0x826B, 0xFC75, 0x724B, 0x2965, 0x3186, 0x3186, 0x3186, 0x3186, 0x3186, 0x3186, 0x3186, 0x3186,
    0x3186, 0x3186, 0x3186, 0x3186, 0x3186, 0x3185, 0x3186, 0x3186, 0x3186, 0x3185, 0x3186, 0x3186, 0x3185, 0x3186, 0x3186, 0x3186,
    0x3185, 0x3186, 0x2945, 0x8B6D, 0x5A48, 0x2945, 0x3186, 0x3186, 0x3186, 0x3185, 0x3185, 0x3185, 0x3186, 0x3185, 0x3185, 0x3186,
    0x3185, 0x3186, 0x3186, 0x3186, 0x3185, 0x3186, 0x3186, 0x3165, 0x49E7, 0x49E7, 0x2966, 0x3186, 0x3186, 0x3186, 0x3186, 0x3186,
    0x3165, 0x3186, 0x3185, 0x3186, 0x3185, 0x3186, 0x3166, 0x3986, 0x41E7, 0x4A08, 0x4A08, 0x3165, 0x3186, 0x3145, 0x2904, 0x9A4C,
    0x5968, 0x10A2, 0x20E3, 0x18C3, 0x18C3, 0x18E3, 0x20E3, 0x2104, 0x7CF6, 0x9E5C, 0x961B, 0x9E3C, 0x9E3B, 0x9E3B, 0x9E3C, 0x9E3B,
    0x9E3B, 0x9E3B, 0x9E3B, 0x9E3B, 0x9E3C, 0x9E3B, 0x9E3B, 0x9E3B, 0x9E3B, 0x9E3C, 0x9E3B, 0x9E3B, 0x9E3C, 0x9E3B, 0x9E3C, 0x9E3C,
    0x9E3B, 0x9E3B, 0x9E3C, 0x9E3C, 0x9E3B, 0x9E3B, 0x9E3B, 0x9E3B, 0x9E3C, 0x9E3C, 0x9E3B, 0x9E3B, 0x9E3B, 0x9E3C, 0x9E3B, 0x9E3B,
    0xA63C, 0xA63B, 0xA63B, 0xA63B, 0xA63B, 0xA65B, 0xA63B, 0xA63C, 0xA63B, 0xA63C, 0xA63C, 0xA63C, 0xA63C, 0xA63C, 0xA63B, 0xA63C,
    0xA63B, 0xA63B, 0xA65C, 0xA63C, 0xA63C, 0xA65C, 0xA65C, 0xA65C, 0xA65C, 0xA65C, 0xA65C, 0xA65C, 0xA65C, 0xAE5C, 0xAE5C, 0xAE5C,
    0xC61B, 0xC61B, 0xC61C, 0xC61B, 0xC61B, 0xBE1B, 0xAE1B, 0xB61B, 0xBE3B, 0xA63B, 0x9E3C, 0x9E3C, 0x9E3B, 0x9E3B, 0x9E3B, 0x9E3B,
    0x9E3B, 0x9E3C, 0x963C, 0x9E3C, 0x9E3C, 0x9E3B, 0x9E3C, 0x9E3C, 0x9E3C, 0x9E3C, 0x9E3C, 0x9E3B, 0x9E3B, 0x9E3B, 0x9E3B, 0x9E3C,
    0x9E3B, 0x963B, 0x963B, 0x963B, 0x963B, 0x963B, 0x963B, 0x963B, 0x963B, 0x963B, 0x963C, 0x963C, 0x963C, 0x963C, 0x963C, 0x963C,
    0x963C, 0x963C, 0x963C, 0x963C, 0x963B, 0x963C, 0x963B, 0x963B, 0x963C, 0x963B, 0x963B, 0x963B, 0x963B, 0x963B, 0x963C, 0x963C,
    0x9E3C, 0x963B, 0x963C, 0x963C, 0x963B, 0x963C, 0x9E3B, 0x963C, 0x961B, 0x963B, 0x95DA, 0x4249, 0x3186, 0x31A6, 0x3185, 0x3186,
    0x3186, 0x3186, 0x3186, 0x3146, 0xB330, 0xCBB2, 0x3166, 0x3186, 0x3186, 0x3186, 0x3165, 0x3166, 0x3186, 0x3185, 0x3186, 0x3186,
    0x3186, 0x3185, 0x3185, 0x3186, 0x3186, 0x3186, 0x3165, 0x3186, 0x3186, 0x3186, 0x3186, 0x3166, 0x3185, 0x3186, 0x3186, 0x3186,
    0x3186, 0x3165, 0x49E7, 0xBC71, 0x41C7, 0x3165, 0x3185, 0x3185, 0x3165, 0x3185, 0x3185, 0x3186, 0x3166, 0x3186, 0x3185, 0x3186,
    0x3186, 0x3186, 0x3186, 0x3186, 0x3986, 0x5A48, 0x3186, 0x3166, 0x49E8, 0x6AAA, 0x2965, 0x3186, 0x3186, 0x3186, 0x3186, 0x3186,
    0x3166, 0x3166, 0x3186, 0x3186, 0x3186, 0x3186, 0x3186, 0x3165, 0x41C7, 0x41E7, 0x5228, 0x3186, 0x3186, 0x3166, 0x2103, 0x61A8,
    0x79C9, 0x10A2, 0x20E3, 0x18C3, 0x18C3, 0x18E4, 0x2104, 0x18A2, 0x532E, 0x9E5C, 0x961B, 0x9E3C, 0x9E3C, 0x9E3B, 0x9E3B, 0x9E3B,
    0x9E3B, 0x9E3B, 0x9E3B, 0x9E3B, 0x9E3B, 0x9E3B, 0x9E3B, 0x9E3B, 0x9E3C, 0x9E3C, 0x9E3B, 0x9E3B, 0x9E3C, 0x9E3B, 0x9E3B, 0x9E3B,
    0x9E3C, 0x9E3C, 0x9E3B, 0x9E3B, 0x9E3B, 0x9E3B, 0x9E3B, 0x9E3B, 0x9E3B, 0x9E3C, 0x9E3C, 0x9E3B, 0x9E3C, 0x9E3C, 0xA63C, 0xA63C,
    0xA63C, 0xA63C, 0xA63C, 0xA63C, 0xA63B, 0xA63C, 0xA63B, 0xA63B, 0xA63B, 0xA63C, 0xA63C, 0xA63B, 0xA63B, 0xA63C, 0xA63C, 0xA63C,
    0xA63B, 0xA65C, 0xA65C, 0xA65C, 0xA65C, 0xA65C, 0xA65C, 0xA65C, 0xA65C, 0xA65C, 0xA65C, 0xA65C, 0xA65C, 0xAE5C, 0xAE5C, 0xAE5C,
    0xBE1B, 0xBE3B, 0xC61B, 0xBE1B, 0xBE1B, 0xB63B, 0xAE3B, 0xBE1B, 0xBE3B, 0xA63B, 0x9E3B, 0x9E3C, 0x9E3C, 0x9E3B, 0x9E3B, 0x9E3C,
    0x9E3C, 0x9E3C, 0x9E3B, 0x9E3B, 0x9E3C, 0x9E3B, 0x9E3B, 0x9E3B, 0x9E3B, 0x9E3C, 0x9E3B, 0x9E3B, 0x9E3C, 0x9E3B, 0x9E3B, 0x9E3C,
    0x963C, 0x963B, 0x963B, 0x963C, 0x963C, 0x963B, 0x963B, 0x963B, 0x963C, 0x963B, 0x963B, 0x9E3B, 0x963B, 0x963B, 0x963B, 0x963B,
    0x963B, 0x963B, 0x963B, 0x9E3B, 0x9E3C, 0x963B, 0x963B, 0x963B, 0x963C, 0x9E3C, 0x963B, 0x963B, 0x963C, 0x9E3B, 0x963B, 0x9E3B,
    0x9E3B, 0x9E3C, 0x9E3C, 0x9E3B, 0x9E3C, 0x9E3C, 0x963B, 0x963B, 0x961B, 0x9E5C, 0x63D0, 0x2986, 0x31A7, 0x3186, 0x3186, 0x3186,
    0x3186, 0x3186, 0x3185, 0x3986, 0xD3D2, 0x724A, 0x2945, 0x3186, 0x3186, 0x3166, 0x3186, 0x3185, 0x3186, 0x3186, 0x3186, 0x3186,
    0x3166, 0x3166, 0x3186, 0x3186, 0x3186, 0x3166, 0x3165, 0x3185, 0x3185, 0x3186, 0x3186, 0x3185, 0x3185, 0x3186, 0x3186, 0x3185,
    0x3186, 0x2924, 0x834C, 0xBC70, 0x3165, 0x3186, 0x3186, 0x3186, 0x3185, 0x3186, 0x3185, 0x3185, 0x3185, 0x3185, 0x3185, 0x3185,
    0x3185, 0x3186, 0x3186, 0x3185, 0x3986, 0x72CB, 0x3986, 0x3186, 0x41C6, 0x8B8D, 0x3986, 0x3186, 0x3186, 0x3186, 0x3186, 0x3185,
    0x3185, 0x3165, 0x3186, 0x3186, 0x3186, 0x3186, 0x3186, 0x3185, 0x3186, 0x3986, 0x4208, 0x39A6, 0x3165, 0x3166, 0x2924, 0x3125,
    0x71C9, 0x18C3, 0x18C3, 0x18E2, 0x18C3, 0x18E3, 0x20E3, 0x18C3, 0x29A7, 0x95DA, 0x9E3C, 0x9E3B, 0x9E3B, 0x9E3B, 0x9E3B, 0x9E3B,
    0x9E3B, 0x9E3C, 0x9E3C, 0x9E3B, 0x9E3B, 0x9E3B, 0x9E3C, 0x9E3B, 0x9E3B, 0x9E3B, 0x9E3B, 0x9E3B, 0x9E3B, 0x9E3B, 0x9E3C, 0x9E3C,
    0x9E3B, 0x9E3C, 0x9E3C, 0x9E3B, 0x9E3B, 0x9E3C, 0x9E3C, 0x9E3B, 0x9E3B, 0x9E3B, 0x9E3C, 0xA63B, 0xA63B, 0xA63B, 0xA63B, 0xA63B,
    0xA65B, 0xA63C, 0xA63C, 0xA63C, 0xA63B, 0xA63B, 0xA63C, 0xA63B, 0xA63B, 0xA63C, 0xA63C, 0xA63B, 0xA65C, 0xA65C, 0xA63C, 0xA63C,
    0xA63C, 0xA63C, 0xA63C, 0xA63C, 0xA65C, 0xA65C, 0xA65C, 0xA65C, 0xA65C, 0xA65C, 0xAE5C, 0xAE5C, 0xAE5C, 0xAE5C, 0xAE5C, 0xAE5C,
    0xBE1B, 0xBE1B, 0xBE1B, 0xBE1B, 0xBE1B, 0xB61B, 0xBE3B, 0xBE3B, 0xB63B, 0xAE3B, 0x9E3B, 0x9E3C, 0x9E3C, 0x9E3B, 0x9E3B, 0x9E3C,
    0x9E3B, 0x9E3C, 0x9E3B, 0x9E3B, 0x9E3B, 0x9E3B, 0x9E3B, 0x9E3C, 0x9E3B, 0x9E3C, 0x9E3C, 0x9E3B, 0x9E3B, 0x9E3B, 0x963B, 0x963B,
    0x9E3C, 0x963B, 0x963B, 0x963C, 0x963C, 0x963B, 0x963B, 0x963B, 0x9E3C, 0x9E3B, 0x9E3B, 0x9E3B, 0x963B, 0x963B, 0x963B, 0x963B,
    0x963B, 0x963B, 0x9E3B, 0x9E3B, 0x963B, 0x963B, 0x963B, 0x963B, 0x963C, 0x963B, 0x963B, 0x963B, 0x9E3B, 0x9E3B, 0x9E3B, 0x9E3C,
    0x9E3B, 0x9E3B, 0x9E3C, 0x963B, 0x963C, 0x963C, 0x963B, 0x961B, 0x9E3C, 0x8D78, 0x39C8, 0x31A6, 0x3186, 0x3186, 0x3186, 0x3185,
    0x3186, 0x3186, 0x2965, 0x6209, 0xBB70, 0x3165, 0x3186, 0x3186, 0x3186, 0x3165, 0x3186, 0x3186, 0x3186, 0x3186, 0x3186, 0x3185,
    0x3166, 0x3186, 0x3186, 0x3185, 0x3166, 0x3165, 0x3166, 0x3166, 0x3166, 0x3185, 0x3186, 0x3185, 0x3186, 0x3186, 0x3186, 0x3186,
    0x3186, 0x39A6, 0xCCD2, 0x9BAD, 0x2945, 0x3186, 0x3186, 0x3186, 0x3185, 0x3186, 0x3185, 0x3185, 0x3186, 0x3185, 0x3186, 0x3186,
    0x3185, 0x3186, 0x3186, 0x3165, 0x39A6, 0x836C, 0x39A6, 0x3986, 0x3186, 0xA40F, 0x5228, 0x3165, 0x3186, 0x3186, 0x3186, 0x3186,
    0x3186, 0x3165, 0x3186, 0x3186, 0x3186, 0x3186, 0x3186, 0x3186, 0x3185, 0x3165, 0x3186, 0x3186, 0x3166, 0x3186, 0x2945, 0x2104,
    0x4145, 0x20C3, 0x18C3, 0x18C3, 0x18C3, 0x18E3, 0x18E3, 0x20E4, 0x18C3, 0x7474, 0xA67D, 0x9E1B, 0x9E3B, 0x9E3B, 0x9E3B, 0x9E3B,
    0x9E3B, 0x9E3C, 0x9E3C, 0x9E3C, 0x9E3B, 0x9E3B, 0x9E3C, 0x9E3B, 0x9E3B, 0x9E3B, 0x9E3B, 0x9E3C, 0x9E3B, 0x9E3B, 0x9E3C, 0x9E3B,
    0x9E3B, 0x9E3B, 0x9E3C, 0x9E3C, 0x9E3B, 0x9E3C, 0x9E3C, 0x9E3B, 0xA63B, 0xA63B, 0xA63C, 0xA63C, 0xA63C, 0xA63C, 0xA63B, 0xA63B,
    0xA63C, 0xA63B, 0xA63B, 0xA63B, 0xA63B, 0xA63C, 0xA63C, 0xA65C, 0xA65B, 0xA63B, 0xA63C, 0xA63B, 0xA65C, 0xA65B, 0xA63C, 0xA63C,
    0xA65C, 0xA63C, 0xA63C, 0xA63C, 0xA65C, 0xA65C, 0xA65C, 0xA65C, 0xA65C, 0xAE5C, 0xAE5C, 0xAE5C, 0xAE5C, 0xAE5C, 0xAE5C, 0xAE5C,
    0xB61B, 0xB61B, 0xB61C, 0xB61C, 0xB61B, 0xB63B, 0xB63B, 0xA63B, 0xA63B, 0xA63C, 0xA63B, 0x9E3C, 0x9E3B, 0x9E3C, 0x9E3B, 0x9E3B,
    0x9E3B, 0x9E3C, 0x9E3C, 0x9E3B, 0x9E3B, 0x9E3B, 0x9E3C, 0x9E3C, 0x9E3C, 0x9E3C, 0x9E3B, 0x9E3C, 0x9E3B, 0x9E3B, 0x963B, 0x963C,
    0x963B, 0x9E3C, 0x9E3C, 0x963B, 0x963B, 0x9E3B, 0x9E3C, 0x9E3B, 0x9E3B, 0x9E3B, 0x963C, 0x963C, 0x963B, 0x963B, 0x963B, 0x963C,
    0x963B, 0x963B, 0x9E3B, 0x9E3C, 0x963B, 0x9E3B, 0x963C, 0x963B, 0x963B, 0x963C, 0x963C, 0x963B, 0x9E3B, 0x9E3B, 0x9E3B, 0x9E3C,
    0x9E3C, 0x9E3C, 0x9E3B, 0x963B, 0x963B, 0x963B, 0x963B, 0x961B, 0x9E3C, 0x530D, 0x2966, 0x31A6, 0x3186, 0x3186, 0x3186, 0x3186,
    0x3186, 0x3186, 0x2945, 0x7A6B, 0x724B, 0x2945, 0x3186, 0x3186, 0x3165, 0x3165, 0x3186, 0x3186, 0x3166, 0x3186, 0x3186, 0x3166,
    0x3185, 0x3185, 0x3166, 0x3186, 0x3145, 0x3166, 0x3165, 0x3166, 0x3166, 0x3186, 0x3186, 0x3186, 0x3186, 0x3185, 0x3185, 0x3986,
    0x2945, 0x7B0B, 0xE574, 0x7AEB, 0x2965, 0x3186, 0x3186, 0x3186, 0x3185, 0x3186, 0x3185, 0x3186, 0x3186, 0x3186, 0x3186, 0x3185,
    0x3186, 0x3185, 0x3186, 0x3165, 0x41A6, 0x9BEE, 0x39A6, 0x31A6, 0x3165, 0xAC2F, 0x7B0B, 0x2945, 0x3186, 0x3186, 0x3186, 0x3186,
    0x3186, 0x3166, 0x3166, 0x3186, 0x3186, 0x3186, 0x3186, 0x3186, 0x3186, 0x3186, 0x3185, 0x3166, 0x3186, 0x3186, 0x3165, 0x2904,
    0x20E3, 0x18C3, 0x18C3, 0x18C3, 0x18C3, 0x18E3, 0x18E3, 0x20E4, 0x18A2, 0x4AAC, 0xA65D, 0x9E3B, 0x9E3C, 0x9E3C, 0x9E3B, 0x9E3C,
    0x9E3B, 0x9E3B, 0x9E3B, 0x9E3C, 0x9E3B, 0x9E3B, 0x9E3C, 0x9E3B, 0x9E3C, 0x9E3C, 0x9E3B, 0x9E3C, 0x9E3B, 0x9E3B, 0x9E3B, 0x9E3C,
    0x9E3C, 0x9E3C, 0x9E3B, 0x9E3C, 0x9E3C, 0xA63B, 0xA63B, 0xA63C, 0xA63C, 0xA63C, 0xA63C, 0xA63C, 0xA63C, 0xA63C, 0xA63B, 0xA63B,
    0xA63B, 0xA63C, 0xA65B, 0xA63B, 0xA63B, 0xA63C, 0xA63C, 0xA65B, 0xA63C, 0xA65B, 0xA63C, 0xA63C, 0xA63C, 0xA63C, 0xA63C, 0xA65C,
    0xA65C, 0xA65C, 0xA63C, 0xA65C, 0xA65C, 0xA65C, 0xAE5C, 0xAE5C, 0xAE5C, 0xAE5C, 0xAE5C, 0xAE5C, 0xAE5C, 0xAE5C, 0xAE3C, 0xAE3C,
    0xB63C, 0xAE3B, 0xAE3B, 0xAE3B, 0xAE3B, 0xA63B, 0xA63C, 0x9E3C, 0x9E3B, 0x9E3B, 0x9E3B, 0x9E3C, 0x9E3B, 0x9E3B, 0x9E3C, 0x9E3C,
    0x9E3C, 0x9E3C, 0x9E3C, 0x9E3B, 0x9E3B, 0x9E3B, 0x9E3C, 0x9E3B, 0x9E3B, 0x9E3C, 0x9E3C, 0x9E3C, 0x9E3B, 0x9E3B, 0x963B, 0x963C,
    0x963C, 0x9E3B, 0x9E3C, 0x9E3C, 0x9E3B, 0x9E3B, 0x9E3B, 0x9E3B, 0x9E3B, 0x9E3B, 0x9E3B, 0x9E3B, 0x963B, 0x963B, 0x9E3B, 0x9E3C,
    0x9E3C, 0x9E3B, 0x963B, 0x963B, 0x9E3C, 0x9E3B, 0x9E3C, 0x9E3C, 0x9E3C, 0x9E3C, 0x9E3B, 0x963B, 0x9E3B, 0x9E3B, 0x9E3B, 0x9E3C,
    0x9E3B, 0x9E3B, 0x9E3B, 0x9E3C, 0x963C, 0x963C, 0x961B, 0x9E5C, 0x7CB4, 0x3186, 0x31A7, 0x3186, 0x3186, 0x3186, 0x3186, 0x3186,
    0x3186, 0x3186, 0x3165, 0x49C7, 0x39A6, 0x3165, 0x3186, 0x3186, 0x3166, 0x3186, 0x3186, 0x3185, 0x3186, 0x3186, 0x3186, 0x3166,
    0x3186, 0x3186, 0x3186, 0x3165, 0x3165, 0x3186, 0x3185, 0x3166, 0x3186, 0x3185, 0x3186, 0x3186, 0x3186, 0x3186, 0x3186, 0x3185,
    0x41C7, 0xC491, 0xE554, 0x6269, 0x3165, 0x3186, 0x3186, 0x3186, 0x3186, 0x3186, 0x3185, 0x3185, 0x3185, 0x3185, 0x3186, 0x3186,
    0x3186, 0x3186, 0x3186, 0x3165, 0x41C7, 0xAC50, 0x39A6, 0x3986, 0x2945, 0xAC4F, 0xA40F, 0x2945, 0x3986, 0x3186, 0x3186, 0x3186,
    0x3186, 0x3185, 0x3165, 0x3186, 0x3186, 0x3186, 0x3186, 0x3185, 0x3185, 0x3186, 0x3185, 0x3186, 0x3166, 0x3186, 0x3186, 0x2924,
    0x2104, 0x18C3, 0x18C3, 0x18C3, 0x18C3, 0x18E3, 0x18E3, 0x18E4, 0x18E3, 0x2165, 0x8D99, 0x9E5C, 0x9E3B, 0x9E3C, 0x9E3B, 0x9E3B,
    0x9E3C, 0x9E3C, 0x9E3C, 0x9E3B, 0x9E3C, 0x9E3C, 0x9E3C, 0x9E3B, 0x9E3B, 0x9E3B, 0x9E3B, 0x9E3B, 0x9E3B, 0x9E3C, 0x9E3C, 0x9E3B,
    0xA65B, 0xA63C, 0xA63B, 0xA63B, 0xA63C, 0xA63C, 0xA63C, 0xA63C, 0xA63C, 0xA63B, 0xA63C, 0xA63B, 0xA63B, 0xA63B, 0xA63B, 0xA63C,
    0xA63C, 0xA63C, 0xA63C, 0xA63C, 0xA65B, 0xA63C, 0xA63C, 0xA65B, 0xA63C, 0xA63C, 0xA63C, 0xA63C, 0xA63B, 0xA63C, 0xA63B, 0xA65C,
    0xA65C, 0xA65C, 0xA65C, 0xA65C, 0xA65C, 0xAE5C, 0xAE5C, 0xAE5C, 0xAE5C, 0xAE5C, 0xAE5C, 0xAE5C, 0xAE5C, 0xAE5C, 0xAE5C, 0xAE5C,
    0xAE3C, 0xA63B, 0xA63B, 0xA63C, 0xA63B, 0xA63C, 0xA63C, 0xA63C, 0xA63B, 0x9E3B, 0x9E3B, 0x9E3C, 0x9E3B, 0x9E3C, 0x9E3C, 0x9E3C,
    0x9E3B, 0x9E3B, 0x9E3C, 0x9E3B, 0x9E3B, 0x9E3B, 0x9E3C, 0x9E3C, 0x9E3B, 0x9E3B, 0x9E3B, 0x9E3C, 0x9E3B, 0x9E3C, 0x963B, 0x963C,
    0x9E3C, 0x9E3C, 0x9E3C, 0x9E3C, 0x9E3C, 0x9E3B, 0x9E3C, 0x9E3C, 0x9E3B, 0x9E3B, 0x9E3B, 0x9E3C, 0x9E3B, 0x9E3B, 0x9E3B, 0x9E3C,
    0x9E3B, 0x9E3B, 0x9E3B, 0x9E3C, 0x9E3B, 0x9E3B, 0x9E3C, 0x9E3B, 0x9E3B, 0x9E3B, 0x9E3B, 0x9E3C, 0x9E3B, 0x9E3B, 0x9E3B, 0x9E3C,
    0x9E3B, 0x9E3B, 0x9E3B, 0x9E3C, 0x9E3C, 0x961B, 0x963C, 0x95D9, 0x4229, 0x3186, 0x31A6, 0x3186, 0x3186, 0x3186, 0x3186, 0x3186,
    0x3186, 0x3186, 0x3186, 0x2945, 0x3186, 0x3185, 0x3186, 0x3186, 0x3166, 0x3186, 0x3186, 0x3186, 0x3186, 0x3186, 0x3186, 0x3186,
    0x3186, 0x3186, 0x3185, 0x3165, 0x3186, 0x3186, 0x3186, 0x3186, 0x3186, 0x3185, 0x3186, 0x3186, 0x3186, 0x3185, 0x3186, 0x3145,
    0x8B6C, 0xE594, 0xD553, 0x49E7, 0x3166, 0x3185, 0x3185, 0x3186, 0x3186, 0x3185, 0x3185, 0x3185, 0x3186, 0x3185, 0x3186, 0x3186,
    0x3186, 0x3185, 0x3185, 0x3165, 0x5228, 0xBCB1, 0x39A6, 0x3986, 0x2945, 0xA42F, 0xCD13, 0x3165, 0x3986, 0x3186, 0x3186, 0x3186,
    0x3186, 0x3185, 0x3165, 0x3186, 0x3186, 0x3186, 0x3186, 0x3186, 0x3186, 0x3186, 0x3185, 0x3185, 0x3186, 0x3186, 0x3186, 0x2944,
    0x2104, 0x20E3, 0x18C3, 0x18C3, 0x18C3, 0x18E3, 0x18E3, 0x18E3, 0x20E4, 0x18C3, 0x6C32, 0xA67D, 0x9E1B, 0x9E3B, 0x9E3B, 0x9E3B,
    0x9E3B, 0x9E3B, 0x9E3B, 0x9E3B, 0x9E3C, 0x9E3B, 0x9E3B, 0x9E3B, 0x9E3C, 0x9E3C, 0x9E3B, 0xA63B, 0x9E3B, 0x9E3C, 0xA63C, 0xA63B,
    0xA63B, 0xA63C, 0xA63C, 0xA63C, 0xA63C, 0xA63C, 0xA63C, 0xA63B, 0xA63C, 0xA63C, 0xA63B, 0xA63B, 0xA63B, 0xA63C, 0xA65B, 0xA63C,
    0xA65B, 0xA63C, 0xA63B, 0xA63C, 0xA63B, 0xA63C, 0xA63C, 0xA63B, 0xA63B, 0xA63C, 0xA63C, 0xA63B, 0xA63C, 0xA63C, 0xA65B, 0xA65C,
    0xA65C, 0xA65C, 0xA65C, 0xA65C, 0xAE5C, 0xAE5C, 0xAE5C, 0xAE5C, 0xAE5C, 0xAE5C, 0xAE5C, 0xAE5C, 0xAE3C, 0xAE5C, 0xAE5C, 0xAE5C,
    0xA63C, 0x9E3C, 0x9E5B, 0xA63C, 0x9E3C, 0x9E3C, 0x9E3B, 0x9E3B, 0x9E3B, 0x9E3C, 0x9E3C, 0x9E3C, 0x9E3C, 0x9E3C, 0x9E3B, 0x9E3C,
    0x9E3B, 0x9E3B, 0x9E3B, 0x9E3B, 0x9E3B, 0x9E3B, 0x9E3B, 0x9E3C, 0x9E3B, 0x9E3B, 0x9E3B, 0x9E3B, 0x9E3B, 0x9E3C, 0x9E3B, 0x9E3C,
    0x9E3C, 0x9E3C, 0x9E3B, 0x9E3B, 0x9E3B, 0x9E3B, 0x9E3B, 0x9E3B, 0x9E3B, 0x9E3B, 0x9E3B, 0x9E3B, 0x9E3B, 0x9E3B, 0x9E3B, 0x9E3B,
    0x9E3B, 0x9E3C, 0x9E3B, 0x9E3B, 0x9E3B, 0x9E3B, 0x9E3B, 0x9E3B, 0x9E3B, 0x9E3B, 0x9E3B, 0x9E3C, 0x9E3B, 0x9E3B, 0x9E3B, 0x9E3B,
    0x9E3C, 0x9E3B, 0x9E3B, 0x9E3B, 0x9E1B, 0x961B, 0x9E5C, 0x5B6F, 0x2965, 0x31A7, 0x3186, 0x3185, 0x3186, 0x3185, 0x3185, 0x3186,
    0x3186, 0x3186, 0x3165, 0x3165, 0x3186, 0x3186, 0x3186, 0x3165, 0x3166, 0x3186, 0x3166, 0x3186, 0x3186, 0x3186, 0x3186, 0x3185,
    0x3186, 0x3186, 0x3165, 0x3165, 0x3186, 0x3186, 0x3186, 0x3186, 0x3186, 0x3185, 0x3186, 0x3185, 0x3186, 0x3185, 0x3185, 0x4A07,
    0xCCF2, 0xF5F6, 0xBCF2, 0x3185, 0x3186, 0x3165, 0x3185, 0x3185, 0x3186, 0x3185, 0x3186, 0x3185, 0x3186, 0x3186, 0x3165, 0x3185,
    0x3185, 0x3185, 0x3985, 0x2945, 0x6289, 0xC4F2, 0x3986, 0x39A6, 0x3145, 0xA42F, 0xEDF6, 0x4A07, 0x3166, 0x3186, 0x3186, 0x3186,
    0x3186, 0x3186, 0x3165, 0x3185, 0x3186, 0x3185, 0x3186, 0x3186, 0x3186, 0x3185, 0x3186, 0x3185, 0x3185, 0x3166, 0x3185, 0x2944,
    0x2904, 0x20E3, 0x18C3, 0x20C3, 0x20E3, 0x20E3, 0x18E3, 0x18E3, 0x20E4, 0x18C2, 0x426A, 0x9E5C, 0x9E3B, 0x9E3B, 0x9E3B, 0x9E3B,
    0x9E3B, 0x9E3B, 0x9E3B, 0xA63B, 0xA63C, 0xA63C, 0xA63B, 0xA63C, 0xA63B, 0x9E3C, 0xA63B, 0xA63B, 0xA63B, 0xA63C, 0xA63C, 0xA63C,
    0xA63B, 0xA63B, 0xA63B, 0xA63C, 0xA65B, 0xA63C, 0xA63B, 0xA63B, 0xA63B, 0xA63C, 0xA63B, 0xA63C, 0xA63B, 0xA65C, 0xA63C, 0xA63C,
    0xA63B, 0xA63C, 0xA63C, 0xA63C, 0xA63C, 0xA63C, 0xA63C, 0xA63C, 0xA63B, 0xA63C, 0xA63C, 0xA63B, 0xA65B, 0xA63C, 0xA65C, 0xAE5C,
    0xA65C, 0xAE5C, 0xAE5C, 0xAE5C, 0xAE5C, 0xAE5B, 0xAE5C, 0xAE5C, 0xAE5C, 0xAE5C, 0xAE5C, 0xAE5C, 0xAE5C, 0xAE5C, 0xAE5C, 0xAE5C,
    0xA65C, 0x9E3C, 0x9E3C, 0x9E3C, 0x9E3C, 0x9E3C, 0x9E3C, 0x9E3B, 0x9E3C, 0x9E3C, 0x9E3C, 0x9E3B, 0x9E3C, 0x9E3C, 0x9E3B, 0x9E3C,
    0x9E3C, 0x9E3B, 0x9E3B, 0x9E3B, 0x9E3B, 0x9E3B, 0x9E3C, 0x9E3B, 0x9E3B, 0x9E3B, 0x9E3C, 0x9E3B, 0x9E3B, 0x9E3B, 0x9E3C, 0x9E3C,
    0x9E3B, 0x9E3C, 0x9E3C, 0x9E3B, 0x9E3C, 0x9E3B, 0x9E3B, 0x9E3B, 0x9E3B, 0x9E3B, 0x9E3C, 0x9E3B, 0x9E3C, 0x9E3B, 0x9E3B, 0x9E3B,
    0x9E3B, 0x9E3B, 0x9E3C, 0x9E3B, 0x9E3B, 0x9E3C, 0x9E3C, 0x9E3B, 0x9E3C, 0x9E3B, 0x9E3C, 0x9E3B, 0x9E3B, 0x9E3B, 0x9E3C, 0x9E3B,
    0x9E3B, 0x9E3B, 0x9E3B, 0x9E3B, 0x961B, 0x9E5C, 0x74B5, 0x3186, 0x31A6, 0x3186, 0x3186, 0x3186, 0x3186, 0x3186, 0x3186, 0x3186,
    0x3186, 0x3186, 0x3165, 0x3166, 0x3186, 0x3186, 0x3186, 0x3165, 0x3186, 0x3186, 0x3166, 0x3186, 0x3185, 0x3166, 0x3166, 0x3186,
    0x3186, 0x3186, 0x3165, 0x3186, 0x3186, 0x3186, 0x3186, 0x3186, 0x3186, 0x3186, 0x3186, 0x3186, 0x3165, 0x3986, 0x3166, 0x9BCF,
    0xE5B5, 0xFE78, 0x9BEE, 0x2945, 0x3186, 0x3186, 0x3186, 0x3186, 0x3186, 0x3186, 0x3186, 0x3186, 0x3185, 0x3186, 0x3186, 0x3186,
    0x3165, 0x39C6, 0x41C6, 0x2925, 0x7B0B, 0xCD12, 0x3185, 0x3986, 0x3165, 0xA450, 0xFE58, 0x6ACA, 0x2945, 0x3186, 0x3185, 0x3186,
    0x3186, 0x3186, 0x3165, 0x3165, 0x3186, 0x3186, 0x3186, 0x3166, 0x3186, 0x3185, 0x3186, 0x3166, 0x3186, 0x3166, 0x3166, 0x3165,
    0x2924, 0x20E3, 0x18C3, 0x20E3, 0x20E3, 0x20E3, 0x18E3, 0x18E3, 0x18E3, 0x18E4, 0x2145, 0x8D78, 0x9E5C, 0x9E1B, 0x9E3B, 0x9E3C,
    0x9E3B, 0x9E3C, 0xA63B, 0xA63C, 0xA63B, 0xA63C, 0xA63B, 0xA63B, 0xA63C, 0xA63B, 0xA63C, 0xA63B, 0xA63B, 0xA63B, 0xA63C, 0xA63B,
    0xA63C, 0xA63B, 0xA63B, 0xA63C, 0xA63B, 0xA63B, 0xA63C, 0xA63B, 0xA63B, 0xA63C, 0xA63B, 0xA63B, 0xA63C, 0xA63B, 0xA63C, 0xA63C,
    0xA63C, 0xA63B, 0xA63C, 0xA63B, 0xA63C, 0xA63B, 0xA63B, 0xA63C, 0xA63C, 0xA63B, 0xA63C, 0xA63C, 0xA65C, 0xA65B, 0xA65C, 0xAE5C,
    0xAE5C, 0xAE5C, 0xAE5C, 0xAE5C, 0xAE5C, 0xAE5B, 0xAE5C, 0xAE5C, 0xAE5C, 0xAE5C, 0xAE5C, 0xAE5C, 0xAE5C, 0xAE5C, 0xAE5C, 0xAE5C,
    0xA63C, 0x9E3B, 0x9E3C, 0x9E3C, 0x9E3C, 0x9E5C, 0x9E3C, 0x9E3B, 0x9E3C, 0x9E3B, 0x9E3C, 0x9E3B, 0x9E3C, 0x9E3B, 0x9E3C, 0x9E3C,
    0x9E3C, 0x9E3C, 0x9E3B, 0x9E3B, 0x9E3C, 0x9E3B, 0x9E3B, 0x9E3B, 0x9E3C, 0x9E3B, 0x9E3C, 0x9E3B, 0x9E3C, 0x9E3C, 0x9E3C, 0x9E3B,
    0x9E3B, 0x9E3B, 0x9E3B, 0x9E3B, 0x9E3B, 0x9E3C, 0x9E3B, 0x9E3B, 0x9E3C, 0x9E3B, 0x9E3B, 0x9E3B, 0x9E3C, 0x9E3B, 0x9E3C, 0x9E3B,
    0x9E3B, 0x9E3B, 0x9E3C, 0x9E3B, 0x9E3B, 0x9E3B, 0x9E3B, 0x9E3B, 0x9E3B, 0x9E3C, 0x9E3B, 0x9E3B, 0x9E3C, 0x9E3B, 0x9E3B, 0x9E3B,
    0x9E3B, 0x9E3B, 0x9E1B, 0x961B, 0x9E3C, 0x95B9, 0x3A09, 0x3186, 0x31A6, 0x3186, 0x3186, 0x3186, 0x3186, 0x3186, 0x3186, 0x3185,
    0x3186, 0x3166, 0x2965, 0x3186, 0x3186, 0x3186, 0x3165, 0x3165, 0x3186, 0x3186, 0x3166, 0x3186, 0x3186, 0x3186, 0x3186, 0x3186,
    0x3186, 0x3165, 0x3166, 0x3185, 0x3186, 0x3186, 0x3186, 0x3186, 0x3186, 0x3186, 0x3186, 0x3186, 0x3186, 0x3165, 0x6289, 0xDD74,
    0xEE16, 0xF657, 0x72CA, 0x2945, 0x3186, 0x3186, 0x3186, 0x3186, 0x3185, 0x3186, 0x3185, 0x3185, 0x3186, 0x3186, 0x3186, 0x3986,
    0x3165, 0x5228, 0x41C7, 0x2124, 0x93CE, 0xC4F3, 0x3165, 0x3986, 0x3165, 0xAC91, 0xFE98, 0x8B8D, 0x2944, 0x3986, 0x3186, 0x3185,
    0x3186, 0x3186, 0x3165, 0x2945, 0x3186, 0x3186, 0x3186, 0x3165, 0x3166, 0x3186, 0x3186, 0x3186, 0x3186, 0x3166, 0x3166, 0x3165,
    0x2924, 0x2104, 0x18C3, 0x20E3, 0x20E3, 0x18E3, 0x18E3, 0x18E3, 0x18E3, 0x2103, 0x18A3, 0x6BF1, 0xA67C, 0x9E1B, 0x9E3B, 0x9E3B,
    0xA63B, 0xA63B, 0xA63B, 0xA63C, 0xA63B, 0xA63C, 0xA63C, 0xA63B, 0xA63B, 0xA63B, 0xA63C, 0xA63B, 0xA63B, 0xA63B, 0xA63C, 0xA63B,
    0xA63C, 0xA63B, 0xA63B, 0xA63B, 0xA63B, 0xA63B, 0xA63B, 0xA63C, 0xA63B, 0xA63B, 0xA63C, 0xA63B, 0xA63C, 0xA63C, 0xA63C, 0xA65C,
    0xA65C, 0xA63B, 0xA63B, 0xA63B, 0xA63C, 0xA63B, 0xA63B, 0xA63B, 0xA63B, 0xAE3B, 0xAE3B, 0xAE3C, 0xAE3C, 0xAE5B, 0xAE5C, 0xAE5C,
    0xAE5C, 0xAE5C, 0xAE5C, 0xAE5C, 0xAE5C, 0xAE5C, 0xAE5C, 0xAE5C, 0xAE5C, 0xAE5C, 0xAE5C, 0xAE5C, 0xAE5C, 0xAE5C, 0xAE5C, 0xAE5C,
    0xA63C, 0x9E3C, 0x9E3C, 0x9E5C, 0x9E5C, 0x9E5C, 0x9E3C, 0x9E3C, 0x9E3B, 0x9E5B, 0x9E3C, 0x9E3B, 0x9E3C, 0x9E3B, 0x9E3B, 0x9E3C,
    0x9E3C, 0x9E3C, 0x9E3B, 0x9E3C, 0x9E3C, 0x9E3C, 0x9E3B, 0x9E3B, 0x9E3B, 0x9E3B, 0x9E3C, 0x9E3B, 0x9E3C, 0x9E3B, 0x9E3C, 0x9E3B,
    0x9E3B, 0x9E3B, 0x9E3B, 0x9E3B, 0x9E3B, 0x9E3C, 0x9E3B, 0x9E3B, 0x9E3B, 0x9E3B, 0x9E3C, 0x9E3B, 0x9E3B, 0x9E3B, 0x9E3C, 0x9E3B,
    0x9E3B, 0x9E3B, 0x9E3C, 0x9E3B, 0x9E3B, 0x9E3B, 0x9E3B, 0x9E3B, 0x9E3B, 0x9E3C, 0x9E3C, 0x9E3B, 0x9E3C, 0x9E3C, 0x9E3B, 0x9E3B,
    0x9E3B, 0x9E3B, 0x9E1B, 0x9E1B, 0xA63C, 0x52EC, 0x2965, 0x31A7, 0x3186, 0x3186, 0x3185, 0x3186, 0x3186, 0x3186, 0x3186, 0x3186,
    0x3186, 0x3166, 0x3165, 0x3186, 0x3185, 0x3186, 0x3165, 0x3166, 0x3186, 0x3166, 0x3186, 0x3186, 0x3185, 0x3186, 0x3186, 0x3186,
    0x3186, 0x3145, 0x3186, 0x3186, 0x3186, 0x3186, 0x3186, 0x3186, 0x3185, 0x3186, 0x3186, 0x3165, 0x3186, 0x3986, 0xB491, 0xEE16,
    0xF637, 0xE5D5, 0x49E7, 0x3185, 0x3165, 0x3186, 0x3186, 0x3186, 0x3185, 0x3186, 0x3186, 0x3186, 0x3186, 0x3186, 0x3186, 0x3186,
    0x3165, 0x6AAA, 0x39A7, 0x2944, 0xB491, 0xB491, 0x2945, 0x39A6, 0x3165, 0xBCF2, 0xFEB9, 0xB491, 0x3165, 0x3986, 0x3186, 0x3186,
    0x3186, 0x3185, 0x3185, 0x2945, 0x3166, 0x3185, 0x3185, 0x3165, 0x3166, 0x3186, 0x3186, 0x3185, 0x3166, 0x3165, 0x3166, 0x3165,
    0x2904, 0x2104, 0x18C3, 0x18C3, 0x20E3, 0x18E3, 0x18E3, 0x18C3, 0x18E3, 0x20E3, 0x18A3, 0x424A, 0xA63B, 0x9E1B, 0x9E3B, 0xA63B,
    0xA63B, 0xA63B, 0xA63C, 0xA63C, 0xA63B, 0xA63B, 0xA63C, 0xA63C, 0xA63C, 0xA63B, 0xA63B, 0xA63B, 0xA63C, 0xA63C, 0xA63C, 0xA63B,
    0xA63B, 0xA63B, 0xA63B, 0xA63B, 0xA63B, 0xA63B, 0xA63B, 0xA63C, 0xA63C, 0xA63C, 0xAE3C, 0xAE3C, 0xA63C, 0xAE3B, 0xA63B, 0xAE5B,
    0xA63C, 0xA63B, 0xAE3B, 0xAE5C, 0xAE5C, 0xAE5C, 0xAE3C, 0xAE3C, 0xAE5B, 0xAE3B, 0xAE5B, 0xAE3C, 0xAE5C, 0xAE5C, 0xAE5C, 0xAE5C,
    0xAE5C, 0xAE5C, 0xAE5C, 0xAE5C, 0xAE5C, 0xAE5C, 0xAE5C, 0xAE5C, 0xAE5C, 0xAE5C, 0xAE5C, 0xAE5C, 0xAE5C, 0xAE5C, 0xAE5C, 0xAE5C,
    0xA65B, 0x9E5C, 0x9E5C, 0xA63C, 0xA65C, 0xA65B, 0xA65C, 0xA63C, 0x9E3C, 0x9E3C, 0x9E5C, 0x9E3C, 0x9E3C, 0x9E3C, 0x9E3C, 0x9E3B,
    0x9E3B, 0x9E3B, 0x9E3C, 0x9E3C, 0x9E3B, 0x9E3B, 0x9E3B, 0x9E3C, 0x9E3B, 0x9E3B, 0x9E3B, 0x9E3B, 0x9E3B, 0x9E3C, 0x9E3B, 0x9E3C,
    0x9E3B, 0x9E3C, 0x9E3C, 0x9E3B, 0x9E3B, 0x9E3B, 0x9E3B, 0x9E3B, 0x9E3B, 0x9E3B, 0x9E3C, 0x9E3C, 0x9E3C, 0x9E3B, 0x9E3B, 0x9E3B,
    0x9E3B, 0x9E3C, 0x9E3B, 0x9E3B, 0x9E3B, 0x9E3C, 0x9E3C, 0x9E3C, 0x9E3B, 0x9E3B, 0x9E3C, 0x9E3C, 0x9E3B, 0x9E3B, 0x9E3B, 0x9E3B,
    0x9E3B, 0x9E3B, 0x9E1B, 0xA65C, 0x63B0, 0x2965, 0x31A7, 0x3186, 0x3186, 0x3186, 0x3186, 0x3186, 0x3185, 0x3185, 0x3186, 0x3186,
    0x3186, 0x3165, 0x3186, 0x3186, 0x3186, 0x3166, 0x2965, 0x3186, 0x3186, 0x3166, 0x3186, 0x3185, 0x3186, 0x3166, 0x3166, 0x3186,
    0x3165, 0x3165, 0x3186, 0x3186, 0x3186, 0x3185, 0x3185, 0x3185, 0x3186, 0x3186, 0x3165, 0x3185, 0x3165, 0x7B0B, 0xEDD6, 0xEE17,
    0xFE58, 0xC4F2, 0x3165, 0x3186, 0x3185, 0x3185, 0x3185, 0x3186, 0x3166, 0x3985, 0x3185, 0x3185, 0x3186, 0x3186, 0x3185, 0x3165,
    0x41C7, 0x7B2B, 0x3165, 0x39A5, 0xDD94, 0x9C0E, 0x2944, 0x3986, 0x39A6, 0xCD74, 0xFE78, 0xCD53, 0x3986, 0x3186, 0x3986, 0x3165,
    0x3186, 0x3186, 0x3165, 0x39A6, 0x3185, 0x3185, 0x3186, 0x3165, 0x3165, 0x3186, 0x3166, 0x3166, 0x3166, 0x3165, 0x3165, 0x3165,
    0x2924, 0x2104, 0x20C3, 0x18C3, 0x18C3, 0x18E3, 0x18E3, 0x18E3, 0x18E3, 0x18E3, 0x18E3, 0x2124, 0x8D57, 0xA65C, 0xA63B, 0xA63C,
    0xA63C, 0xA63B, 0xA63B, 0xA63B, 0xA63C, 0xA63B, 0xA63B, 0xA63B, 0xA63B, 0xA63C, 0xA63C, 0xA63B, 0xA63B, 0xA63B, 0xA63B, 0xA63B,
    0xA63B, 0xA63C, 0xA63B, 0xA63C, 0xA63C, 0xA63B, 0xA63B, 0xA63B, 0xA63C, 0xA63C, 0xAE5B, 0xAE5C, 0xA65B, 0xAE5C, 0xAE3C, 0xAE5B,
    0xAE5B, 0xAE3B, 0xAE3B, 0xAE5C, 0xAE5B, 0xAE3C, 0xAE3C, 0xAE3C, 0xAE3C, 0xAE5C, 0xAE5B, 0xAE5B, 0xAE5C, 0xAE5C, 0xAE5B, 0xAE5C,
    0xAE5C, 0xAE5C, 0xAE5C, 0xAE5C, 0xAE5C, 0xAE5C, 0xAE5C, 0xAE5C, 0xAE5C, 0xAE5C, 0xAE5C, 0xAE5C, 0xAE5C, 0xAE5C, 0xAE5C, 0xAE5C,
    0xA65C, 0xA65C, 0xA65C, 0xA65C, 0xA65C, 0xA63C, 0xA63C, 0xA63C, 0x9E3C, 0x9E3C, 0x9E5B, 0x9E3C, 0x9E3C, 0x9E5B, 0x9E3B, 0x9E3C,
    0x9E3C, 0x9E3B, 0x9E3C, 0x9E3C, 0x9E3B, 0x9E3B, 0x9E3C, 0x9E3C, 0x9E3B, 0x9E3C, 0x9E3C, 0x9E3B, 0x9E3C, 0x9E3C, 0x9E3B, 0x9E3C,
    0x9E3B, 0x9E3B, 0x9E3B, 0x9E3B, 0x9E3C, 0x9E3B, 0x9E3B, 0x9E3C, 0x9E3B, 0x9E3B, 0x9E3C, 0x9E3C, 0x9E3B, 0x9E3C, 0x9E3C, 0x9E3B,
    0x9E3C, 0x9E3C, 0x9E3B, 0x9E3C, 0x9E3C, 0x9E3B, 0x9E3B, 0x9E3C, 0x9E3C, 0x9E3C, 0x9E3B, 0x9E3C, 0x9E3B, 0x9E3B, 0x9E3B, 0x9E3C,
    0x9E3B, 0x9E1B, 0xA65C, 0x7CB4, 0x31E8, 0x3187, 0x3186, 0x3186, 0x3186, 0x3186, 0x3186, 0x3186, 0x3186, 0x3186, 0x3185, 0x3186,
    0x3165, 0x3165, 0x3186, 0x3166, 0x3186, 0x3166, 0x3165, 0x3186, 0x3186, 0x3166, 0x3186, 0x3186, 0x3186, 0x3186, 0x3186, 0x3186,
    0x3165, 0x3186, 0x3186, 0x3186, 0x3186, 0x3185, 0x3186, 0x3166, 0x3186, 0x3186, 0x3165, 0x3186, 0x49C7, 0xCD13, 0xF637, 0xEE16,
    0xFE78, 0x9BCE, 0x2945, 0x3186, 0x3186, 0x3186, 0x3185, 0x3186, 0x3186, 0x3186, 0x3186, 0x3186, 0x3185, 0x3185, 0x3986, 0x2945,
    0x628A, 0x7B2B, 0x2925, 0x5248, 0xF637, 0x834D, 0x3145, 0x3165, 0x4A07, 0xE5D6, 0xF657, 0xE5D5, 0x4A07, 0x3165, 0x3986, 0x3165,
    0x3186, 0x3186, 0x3165, 0x5228, 0x41E7, 0x3165, 0x3186, 0x3165, 0x3165, 0x3186, 0x3186, 0x3186, 0x3186, 0x3165, 0x3166, 0x3165,
    0x2924, 0x2904, 0x20C3, 0x18C3, 0x18C3, 0x18E3, 0x18E3, 0x20E3, 0x18C3, 0x18E3, 0x20E4, 0x18A2, 0x63D0, 0xAE7D, 0xA61B, 0xA63B,
    0xA63B, 0xA63B, 0xA63B, 0xA63B, 0xA63C, 0xA63B, 0xA63B, 0xA63B, 0xA63C, 0xA63C, 0xA63B, 0xA63C, 0xA63B, 0xA63B, 0xA63C, 0xA63C,
    0xA63B, 0xA63C, 0xA63B, 0xA63B, 0xAE3B, 0xAE3C, 0xA63C, 0xA63B, 0xA63B, 0xA63C, 0xAE5C, 0xAE5C, 0xAE5C, 0xAE5C, 0xAE5C, 0xAE3C,
    0xAE3B, 0xAE3B, 0xAE3C, 0xAE3C, 0xAE3B, 0xAE3C, 0xAE3B, 0xAE5B, 0xAE5B, 0xAE3B, 0xAE3C, 0xAE5B, 0xAE5B, 0xAE5C, 0xAE5C, 0xAE5C,
    0xAE5C, 0xAE5C, 0xAE5C, 0xAE5C, 0xAE5C, 0xAE5C, 0xAE5C, 0xAE5C, 0xAE5C, 0xAE5C, 0xB65C, 0xAE5C, 0xAE5C, 0xAE5C, 0xAE5C, 0xB65C,
    0xA65C, 0xA65B, 0xA63C, 0xA65C, 0xA65B, 0xA63C, 0xA63C, 0xA63B, 0xA63C, 0x9E5C, 0x9E3C, 0xA65B, 0xA63C, 0xA63B, 0x9E3B, 0x9E3B,
    0x9E3B, 0xA63C, 0xA63B, 0x9E3C, 0x9E3C, 0x9E3B, 0xA63C, 0x9E3C, 0x9E3B, 0x9E3C, 0x9E3C, 0x9E3B, 0x9E3C, 0x9E3C, 0x9E3C, 0xA63C,
    0xA63C, 0xA63B, 0xA63B, 0x9E3B, 0x9E3B, 0xA63C, 0x9E3B, 0x9E3B, 0x9E3C, 0x9E3B, 0x9E3C, 0x9E3C, 0x9E3B, 0x9E3C, 0x9E3C, 0x9E3B,
    0x9E3C, 0x9E3C, 0x9E3B, 0x9E3B, 0x9E3B, 0x9E3C, 0x9E3B, 0x9E3C, 0x9E3B, 0x9E3C, 0x9E3B, 0x9E3C, 0x9E3C, 0x9E3B, 0x9E3B, 0x9E3C,
    0x9E1B, 0xA67C, 0x8516, 0x5B6E, 0x4209, 0x3186, 0x3186, 0x3186, 0x3185, 0x3186, 0x3185, 0x3186, 0x3185, 0x3186, 0x3186, 0x3186,
    0x3165, 0x3166, 0x3186, 0x3166, 0x3186, 0x3165, 0x3166, 0x3186, 0x3185, 0x3166, 0x3186, 0x3186, 0x3186, 0x3186, 0x3186, 0x3186,
    0x3165, 0x3186, 0x3186, 0x3185, 0x3185, 0x3186, 0x3185, 0x3165, 0x3186, 0x39A6, 0x41C7, 0x2945, 0x93AD, 0xF637, 0xF637, 0xF617,
    0xF637, 0x6ACA, 0x2945, 0x3166, 0x3986, 0x3986, 0x3186, 0x3185, 0x3185, 0x3186, 0x3186, 0x3986, 0x3986, 0x3985, 0x3986, 0x3145,
    0x93AD, 0x6ACA, 0x2904, 0x8B8D, 0xFE57, 0x6AAA, 0x3165, 0x3165, 0x62A9, 0xF637, 0xEE37, 0xF637, 0x6289, 0x3165, 0x3986, 0x3165,
    0x3186, 0x3986, 0x3165, 0x5229, 0x6289, 0x2945, 0x3186, 0x3165, 0x3165, 0x3186, 0x3186, 0x3185, 0x3165, 0x3165, 0x3186, 0x3165,
    0x2924, 0x2904, 0x20E3, 0x18C3, 0x18C3, 0x18C3, 0x20E3, 0x18C3, 0x18C3, 0x18E3, 0x20E4, 0x18C3, 0x3A29, 0xA63B, 0xA63C, 0xA63B,
    0xAE3B, 0xAE3B, 0xAE3C, 0xAE5B, 0xAE3B, 0xA63B, 0xA63C, 0xA63B, 0xA63C, 0xA63C, 0xA63B, 0xA63C, 0xA63B, 0xA63B, 0xAE3C, 0xAE3B,
    0xAE3B, 0xAE3B, 0xAE3B, 0xAE3C, 0xAE3B, 0xAE3B, 0xA63B, 0xAE3C, 0xAE3B, 0xAE5C, 0xAE5C, 0xAE5C, 0xAE5C, 0xAE5C, 0xAE5C, 0xAE5C,
    0xAE3C, 0xAE3B, 0xAE3C, 0xAE3C, 0xAE3B, 0xAE3B, 0xAE5C, 0xAE5C, 0xAE5B, 0xAE5C, 0xAE5B, 0xAE3C, 0xAE5B, 0xAE5C, 0xAE5C, 0xAE5C,
    0xAE5C, 0xAE5C, 0xAE5C, 0xAE5C, 0xAE5C, 0xAE5C, 0xAE5C, 0xAE5C, 0xAE5C, 0xAE5C, 0xB65C, 0xAE5C, 0xB65C, 0xB65C, 0xB65C, 0xB65C,
    0xA65C, 0xA65B, 0xA63C, 0xA63C, 0xA63C, 0xA63B, 0xA65B, 0xA65B, 0xA65C, 0xA65C, 0xA63C, 0xA63B, 0xA63B, 0xA63B, 0xA63C, 0x9E3B,
    0x9E5B, 0xA63C, 0xA63C, 0xA63C, 0xA63C, 0x9E3B, 0xA63B, 0xA63C, 0xA63B, 0xA63B, 0xA63B, 0xA63B, 0xA63B, 0x9E3C, 0x9E3C, 0x9E3B,
    0xA63B, 0xA63B, 0xA63C, 0xA63B, 0xA63B, 0xA63B, 0xA63C, 0x9E3C, 0x9E3C, 0x9E3B, 0x9E5B, 0x9E3C, 0xA63C, 0xA63B, 0xA63B, 0xA63B,
    0xA63B, 0xA63B, 0xA63C, 0xA63B, 0xA63B, 0xA63B, 0x9E3C, 0x9E3C, 0xA63B, 0xA63B, 0xA63C, 0x9E3C, 0x9E3C, 0x9E3B, 0x9E3B, 0x9E1B,
    0xA67C, 0x8536, 0x6BF1, 0x5B4E, 0x2965, 0x31A6, 0x3186, 0x3186, 0x3185, 0x3186, 0x3186, 0x3186, 0x3185, 0x3185, 0x3186, 0x3186,
    0x3166, 0x3186, 0x3185, 0x3186, 0x3186, 0x2965, 0x3165, 0x3186, 0x3165, 0x3186, 0x3186, 0x3186, 0x3185, 0x3186, 0x3186, 0x3166,
    0x3165, 0x3185, 0x3186, 0x3186, 0x3166, 0x3186, 0x3165, 0x3185, 0x3165, 0x6AAA, 0x49E7, 0x5227, 0xDDB5, 0xF637, 0xF637, 0xF637,
    0xE5B5, 0x49E7, 0x41A6, 0x41C6, 0x3185, 0x3985, 0x3185, 0x3186, 0x3185, 0x3986, 0x3985, 0x3985, 0x3986, 0x3986, 0x3165, 0x49C7,
    0xC4D2, 0x4A07, 0x3165, 0xC513, 0xEDF6, 0x4A07, 0x3165, 0x2945, 0x8B6D, 0xFE78, 0xEE16, 0xFE77, 0x7B2B, 0x3145, 0x39A6, 0x3165,
    0x3166, 0x3986, 0x3165, 0x5228, 0x834C, 0x2945, 0x3186, 0x3166, 0x3165, 0x3186, 0x3185, 0x3186, 0x3165, 0x3165, 0x3185, 0x3166,
    0x2924, 0x2904, 0x20E3, 0x18E2, 0x18C3, 0x20C3, 0x20E3, 0x18C3, 0x18E3, 0x18E3, 0x18E3, 0x20E3, 0x2105, 0x9537, 0xC67C, 0xD65C,
    0xDE9C, 0xDE9C, 0xDE9C, 0xDE9C, 0xD67C, 0xC67C, 0xB65C, 0xAE5B, 0xA63C, 0xA63C, 0xA63C, 0xAE3B, 0xAE3B, 0xAE5B, 0xAE3B, 0xAE3C,
    0xAE3C, 0xAE3B, 0xAE3C, 0xAE3C, 0xAE3C, 0xAE3C, 0xAE3B, 0xAE5C, 0xAE5C, 0xAE5C, 0xAE5C, 0xAE5B, 0xAE5B, 0xAE5C, 0xAE5C, 0xAE5C,
    0xAE3C, 0xAE5B, 0xAE3B, 0xAE5C, 0xAE5C, 0xAE5C, 0xAE5B, 0xAE3C, 0xAE3C, 0xAE5C, 0xAE5B, 0xAE5B, 0xAE5C, 0xAE5C, 0xAE5C, 0xAE5C,
    0xAE5C, 0xAE5C, 0xAE5C, 0xAE5C, 0xAE5C, 0xAE5C, 0xB65C, 0xAE5C, 0xAE5C, 0xAE5C, 0xB65C, 0xB65C, 0xB65C, 0xB65C, 0xB65C, 0xB63C,
    0xA65C, 0xA65C, 0xA63C, 0xA63B, 0xA63C, 0xA63C, 0xA65C, 0x9E5C, 0xA65C, 0xA63B, 0xA65B, 0xA65C, 0xA63B, 0xA63B, 0xA63C, 0xA63C,
    0x9E3C, 0xA63C, 0xA63C, 0xA63B, 0xA63C, 0xA63B, 0xA63B, 0xA63B, 0xA63B, 0xA63C, 0xA63C, 0xA63B, 0xA63B, 0x9E3B, 0x9E3C, 0x9E3C,
    0xA63C, 0xA63B, 0xA63B, 0xA63C, 0xA63C, 0xA63C, 0xA63C, 0xA63B, 0xA63C, 0xA63C, 0xA63C, 0xA63B, 0xA63B, 0xA63B, 0xA63C, 0xA63B,
    0xA63C, 0xA63B, 0xA63C, 0xA63B, 0xA63C, 0xA63B, 0xA63B, 0xA63C, 0xA63C, 0xA63C, 0xA63C, 0x9E3B, 0x9E3C, 0x9E3C, 0x9E1B, 0xA65C,
    0x8D57, 0x63F2, 0x84D5, 0x31A7, 0x3186, 0x3186, 0x3186, 0x3186, 0x3186, 0x3186, 0x3186, 0x3186, 0x3186, 0x3166, 0x3186, 0x3186,
    0x3165, 0x3186, 0x3186, 0x3186, 0x3185, 0x2965, 0x3166, 0x3186, 0x3165, 0x3186, 0x3186, 0x3186, 0x3186, 0x3186, 0x3186, 0x3165,
    0x3185, 0x3186, 0x3186, 0x3165, 0x3186, 0x3186, 0x3185, 0x3165, 0x5228, 0x93CE, 0x3144, 0xAC50, 0xFE58, 0xF637, 0xEE36, 0xFE78,
    0xBCD1, 0x3165, 0x6ACA, 0x41C7, 0x3165, 0x3986, 0x3986, 0x3985, 0x3985, 0x3986, 0x3986, 0x3986, 0x3986, 0x3986, 0x2945, 0x836C,
    0xC4D2, 0x3165, 0x5A69, 0xF637, 0xCD34, 0x41A7, 0x41A6, 0x3165, 0xB491, 0xFE78, 0xEE17, 0xFE78, 0x8BAD, 0x3145, 0x39A6, 0x3186,
    0x3986, 0x3986, 0x3165, 0x4A07, 0xA42F, 0x3165, 0x3185, 0x3165, 0x3145, 0x3186, 0x3186, 0x3185, 0x3165, 0x2945, 0x3166, 0x3165,
    0x2104, 0x2904, 0x20E3, 0x18C3, 0x18E3, 0x20E3, 0x20E3, 0x18C3, 0x18C3, 0x18E3, 0x18E3, 0x2104, 0x18A2, 0x73AF, 0xF6FD, 0xEEBC,
    0xF6BC, 0xF6BC, 0xF6BC, 0xF6BC, 0xF6BC, 0xEE9C, 0xDE7C, 0xCE7B, 0xBE5C, 0xAE5B, 0xAE3C, 0xAE3B, 0xAE3C, 0xAE3B, 0xB65B, 0xBE5B,
    0xC67C, 0xCE7C, 0xCE7C, 0xC65B, 0xBE5B, 0xAE3C, 0xAE3C, 0xAE3C, 0xAE5C, 0xAE5B, 0xAE5C, 0xAE5C, 0xAE5C, 0xAE5B, 0xAE3C, 0xAE3C,
    0xAE5C, 0xAE5B, 0xAE3C, 0xAE5B, 0xAE3C, 0xAE3C, 0xAE3C, 0xAE3B, 0xAE3C, 0xAE5C, 0xAE5C, 0xAE5C, 0xAE5C, 0xAE5C, 0xAE5B, 0xAE5C,
    0xAE5C, 0xAE5C, 0xAE5C, 0xAE5C, 0xAE5C, 0xAE5C, 0xB65C, 0xB65C, 0xAE5C, 0xB65C, 0xB65C, 0xB65C, 0xB65C, 0xB65C, 0xB65C, 0xB65C,
    0xA65C, 0xA65C, 0xA65C, 0xA63B, 0xA63C, 0xA63C, 0xA65C, 0xA63C, 0xA65C, 0xA63B, 0xA63B, 0xA63C, 0xA65B, 0xA63C, 0xA63C, 0xA65C,
    0xA63C, 0xA63C, 0x9E3C, 0x9E3B, 0xA63B, 0xA63B, 0xA63B, 0xA63B, 0xA63B, 0xA63B, 0xA63C, 0xA63B, 0xA63B, 0x9E3B, 0xA63C, 0xA63C,
    0xA63C, 0xA63B, 0xA63B, 0xA63B, 0xA63B, 0xA63C, 0xA63C, 0xA63C, 0xA65B, 0xA63C, 0xA63B, 0xA63B, 0xA63B, 0xA63B, 0xA63B, 0xA63B,
    0xA63B, 0xA63B, 0xA63B, 0xA63B, 0xA63B, 0xA63C, 0xA63C, 0xA63C, 0xA63B, 0xA63C, 0xA63C, 0xA63C, 0x9E3B, 0x9E1B, 0xA67C, 0x8D37,
    0x63B0, 0x9DFA, 0x52ED, 0x2965, 0x31A6, 0x3186, 0x3186, 0x3186, 0x3186, 0x3186, 0x3186, 0x3186, 0x3185, 0x3186, 0x3186, 0x3186,
    0x3186, 0x3186, 0x3166, 0x3186, 0x3186, 0x2945, 0x3186, 0x3186, 0x3165, 0x3186, 0x3185, 0x3186, 0x3186, 0x3186, 0x3185, 0x3165,
    0x3185, 0x3186, 0x3185, 0x3165, 0x3186, 0x41C6, 0x6269, 0x2925, 0xAC50, 0x7B0C, 0x5228, 0xEE17, 0xF637, 0xF637, 0xEE17, 0xFE78,
    0x8B6D, 0x5207, 0x93CD, 0x3166, 0x39A6, 0x39A6, 0x3986, 0x3986, 0x3986, 0x39A6, 0x39A6, 0x39A6, 0x39A6, 0x39A6, 0x3985, 0xD554,
    0xA40F, 0x2924, 0xA42F, 0xFE98, 0xAC50, 0x41A7, 0x62AA, 0x41E6, 0xDD95, 0xF637, 0xEE17, 0xFE78, 0xA40F, 0x3145, 0x39A6, 0x41C6,
    0x41A6, 0x3986, 0x3165, 0x49E7, 0xC4D2, 0x41C7, 0x3165, 0x3165, 0x3145, 0x3186, 0x3186, 0x3185, 0x3165, 0x2944, 0x3186, 0x3165,
    0x2104, 0x2904, 0x20E3, 0x18C3, 0x18C3, 0x20E3, 0x20E3, 0x18C3, 0x18E3, 0x18C3, 0x18E3, 0x20E4, 0x18C3, 0x41E7, 0xE67B, 0xF69C,
    0xEE9B, 0xF69B, 0xEE7B, 0xF65B, 0xF65B, 0xF67B, 0xF67B, 0xEE7C, 0xE67B, 0xD65B, 0xC65B, 0xBE5B, 0xB65B, 0xBE5B, 0xD65C, 0xDE7B,
    0xDE7B, 0xE67C, 0xDE7B, 0xDE7C, 0xCE5B, 0xBE5C, 0xBE5C, 0xB63B, 0xAE5C, 0xAE5C, 0xAE5B, 0xAE5C, 0xAE5C, 0xAE5C, 0xAE5C, 0xAE3B,
    0xAE5B, 0xAE5B, 0xAE5B, 0xAE5B, 0xAE3B, 0xAE5C, 0xAE5C, 0xAE5C, 0xAE5C, 0xAE5C, 0xAE5C, 0xAE5C, 0xAE5C, 0xAE3C, 0xAE5B, 0xAE5C,
    0xAE5C, 0xB65C, 0xAE5C, 0xB65C, 0xB65C, 0xB65C, 0xB65C, 0xB65C, 0xB65C, 0xB65C, 0xB65C, 0xB65C, 0xB65C, 0xB63C, 0xB65C, 0xB65C,
    0xA65C, 0xA65C, 0xA65C, 0xA63C, 0xA63B, 0xA63C, 0xA65B, 0xA65B, 0xA63C, 0xA65C, 0xA65B, 0xA65B, 0xA63C, 0xA63C, 0xA63B, 0xA65C,
    0xA65C, 0xA65C, 0xA63C, 0xA65C, 0xA65B, 0xA65B, 0xA65B, 0xA63B, 0xA63B, 0xA63C, 0xA65B, 0xA65B, 0xA63C, 0xA63C, 0xA63C, 0xA65B,
    0xA65B, 0xA63C, 0xA63B, 0xA63B, 0xA63B, 0xA63B, 0xA63C, 0xA63C, 0xA63B, 0xA63B, 0xA63B, 0xA63B, 0xA63B, 0xA63B, 0xA63C, 0xA65B,
    0xA63B, 0xA63C, 0xA63C, 0xA65B, 0xA63B, 0xA63C, 0xA63C, 0xA63B, 0xA63B, 0xA63C, 0xA63B, 0x9E3B, 0xA63C, 0xA67C, 0x7CD4, 0x5B90,
    0xA61B, 0x84D5, 0x2965, 0x31A6, 0x3186, 0x3186, 0x3186, 0x3185, 0x3186, 0x3186, 0x3186, 0x3186, 0x3186, 0x3186, 0x3186, 0x3166,
    0x3186, 0x3185, 0x3165, 0x3166, 0x3166, 0x3165, 0x3186, 0x3185, 0x3165, 0x3186, 0x3186, 0x3186, 0x3185, 0x3186, 0x3165, 0x3165,
    0x3186, 0x3186, 0x3165, 0x3166, 0x3165, 0x7B2B, 0x49E7, 0x628A, 0xE5F6, 0x4A08, 0xAC71, 0xFE78, 0xEE16, 0xF637, 0xF637, 0xEE17,
    0x5207, 0x940E, 0x72EA, 0x2904, 0x3165, 0x3165, 0x3165, 0x3965, 0x3165, 0x3165, 0x3165, 0x3165, 0x3165, 0x2925, 0x836C, 0xF637,
    0x5A48, 0x5A49, 0xEE17, 0xFE78, 0x72EB, 0x6AEA, 0x72EA, 0x6ACB, 0xFE58, 0xF616, 0xEE17, 0xFE78, 0xB490, 0x3165, 0x3986, 0x5208,
    0x49E7, 0x3186, 0x3185, 0x41E7, 0xDD94, 0x5A49, 0x2945, 0x3186, 0x2945, 0x3185, 0x3186, 0x3186, 0x3165, 0x2924, 0x3186, 0x2945,
    0x20E4, 0x2904, 0x20E3, 0x18C3, 0x18C3, 0x20E3, 0x20E3, 0x18C3, 0x18E3, 0x18C3, 0x18E3, 0x20E3, 0x20E4, 0x18E3, 0xB4D5, 0xF69C,
    0xEE5B, 0xF65B, 0xF63B, 0xF65B, 0xF67B, 0xF67B, 0xF67B, 0xEE7B, 0xEE5B, 0xE65B, 0xDE5C, 0xDE5B, 0xDE5B, 0xDE5B, 0xDE5B, 0xDE5B,
    0xDE5B, 0xDE7B, 0xDE5C, 0xC63C, 0xBE5B, 0xBE5B, 0xC65C, 0xB65B, 0xAE3C, 0xAE3C, 0xAE5B, 0xAE5C, 0xAE5B, 0xAE5C, 0xAE5B, 0xAE5C,
    0xB65C, 0xAE5B, 0xAE5C, 0xAE5C, 0xAE5C, 0xAE5B, 0xAE5C, 0xAE3C, 0xAE5C, 0xAE5C, 0xB65C, 0xAE5C, 0xB65C, 0xB65C, 0xAE5B, 0xAE5C,
    0xB65C, 0xB65C, 0xB65C, 0xB65C, 0xB65C, 0xB65C, 0xB65B, 0xB65C, 0xB65C, 0xB65C, 0xB65C, 0xB65C, 0xB65C, 0xB65C, 0xB65C, 0xB65C,
    0xA65C, 0xA63C, 0xA63C, 0xA63C, 0xA63B, 0xA63C, 0xA63C, 0xA63C, 0xA63C, 0xA65C, 0xA65C, 0xA65C, 0xA63B, 0xA63B, 0xA63B, 0xA63C,
    0xA65B, 0xA65B, 0xA63C, 0xA65C, 0xA65C, 0xA63C, 0xA63C, 0xA63C, 0xA65B, 0xA65C, 0xA65C, 0xA65B, 0xA65C, 0xA63C, 0xA63C, 0xA63C,
    0xA65B, 0xA63C, 0xA63B, 0xA63B, 0xA63B, 0xA63B, 0xA63B, 0xA63B, 0xA63B, 0xA63B, 0xA63C, 0xA63C, 0xA63B, 0xA63C, 0xA63C, 0xA63C,
    0xA65C, 0xA65C, 0xA63B, 0xA63C, 0xA63B, 0xA63C, 0xA63C, 0xA63B, 0xA63B, 0xA63B, 0xA63B, 0xA67C, 0x9DFB, 0x6C32, 0x6390, 0x9DFB,
    0xA61B, 0x4A6A, 0x3166, 0x31A6, 0x3186, 0x3186, 0x3186, 0x3186, 0x3185, 0x3186, 0x3186, 0x3186, 0x3186, 0x3185, 0x3185, 0x3186,
    0x3186, 0x3166, 0x3166, 0x3166, 0x3165, 0x3165, 0x3186, 0x3166, 0x3165, 0x3186, 0x3186, 0x3186, 0x3165, 0x3186, 0x3165, 0x3165,
    0x3186, 0x3185, 0x3165, 0x2945, 0x6289, 0xA42F, 0x3165, 0xD574, 0xCD33, 0x62AA, 0xF637, 0xF637, 0xF637, 0xEE17, 0xFE57, 0xCD13,
    0x832C, 0xF657, 0x9C0E, 0xA430, 0xAC71, 0xB4B1, 0xBCD2, 0xBCD2, 0xBCD2, 0xB4B1, 0xAC90, 0xA450, 0x9C0E, 0x93CE, 0xE5D6, 0xE5D5,
    0x836C, 0xD574, 0xFE57, 0xE5F6, 0x834C, 0xD554, 0xB4B0, 0xDDB5, 0xFE57, 0xEE16, 0xEE16, 0xFE78, 0xBCD2, 0x3986, 0x3186, 0x6ACA,
    0x5A48, 0x3165, 0x3165, 0x4A08, 0xEE16, 0x730B, 0x2945, 0x3185, 0x2945, 0x3185, 0x3166, 0x3185, 0x3165, 0x2904, 0x3165, 0x2924,
    0x20E3, 0x2104, 0x20C3, 0x18C3, 0x18C3, 0x20E3, 0x20E3, 0x18C3, 0x18C3, 0x18C3, 0x18E3, 0x18E3, 0x2104, 0x10C2, 0x6AEC, 0xEE3B,
    0xE5FA, 0xEDFA, 0xEE1A, 0xF65B, 0xEE5B, 0xEE5B, 0xEE5B, 0xEE5B, 0xEE5B, 0xEE5B, 0xEE5B, 0xEE5B, 0xEE5B, 0xE65B, 0xDE5B, 0xD65B,
    0xC65B, 0xC65B, 0xBE5B, 0xB63B, 0xBE3B, 0xBE5B, 0xB65B, 0xAE3B, 0xAE3C, 0xAE5C, 0xAE5C, 0xAE5C, 0xAE5C, 0xAE5C, 0xB65C, 0xB65C,
    0xB65C, 0xB65C, 0xAE5C, 0xB65C, 0xB65C, 0xB63C, 0xAE5B, 0xAE3C, 0xB65C, 0xB65C, 0xB65C, 0xB65B, 0xB65B, 0xB65C, 0xB65C, 0xB65C,
    0xB65C, 0xB65C, 0xB65C, 0xB65C, 0xB65C, 0xB63B, 0xB63B, 0xB63C, 0xB65C, 0xB65C, 0xB65C, 0xB65C, 0xB65C, 0xB65C, 0xB65C, 0xBE5C,
    0xA65C, 0xA65B, 0xA63C, 0xA63B, 0xA63B, 0xA63C, 0xA63C, 0xA63C, 0xA63C, 0xA65C, 0xA65C, 0xA63C, 0xA63B, 0xA63C, 0xA63C, 0xA63C,
    0xA63C, 0xA63B, 0xA63C, 0xA63C, 0xA63C, 0xA63B, 0xA63C, 0xA63C, 0xA63C, 0xA63C, 0xA63C, 0xA63C, 0xA63C, 0xA63C, 0xA65B, 0xA63C,
    0xA63B, 0xA63C, 0xA63B, 0xA63B, 0xA63C, 0xA63B, 0xA63B, 0xA63B, 0xA63C, 0xA63B, 0xA63B, 0xA63C, 0xA63C, 0xA63C, 0xA65C, 0xA63C,
    0xA63C, 0xA63C, 0xA63B, 0xA63C, 0xA63C, 0xA63C, 0xA63C, 0xA63B, 0xA63C, 0xA65C, 0xA63B, 0x84F6, 0x6C12, 0x7CB5, 0x9DDA, 0xAE7D,
    0x7C73, 0x2965, 0x31A7, 0x3186, 0x3186, 0x3166, 0x3185, 0x3186, 0x3186, 0x3186, 0x3186, 0x3186, 0x3186, 0x3186, 0x3186, 0x3186,
    0x3186, 0x3166, 0x3165, 0x3186, 0x3165, 0x3165, 0x3186, 0x3165, 0x3165, 0x3186, 0x3186, 0x3165, 0x3166, 0x3186, 0x2945, 0x3185,
    0x3986, 0x3165, 0x3165, 0x3185, 0xC512, 0x834C, 0x7B2C, 0xFEB9, 0xAC90, 0xBCF3, 0xFE78, 0xEE37, 0xEE17, 0xF637, 0xFE78, 0xF637,
    0xD574, 0x836D, 0xA430, 0xFEB9, 0xFE78, 0xFE78, 0xFE78, 0xFE78, 0xFE78, 0xFE78, 0xFE78, 0xFE78, 0xFE78, 0xFE78, 0xF637, 0xF636,
    0xFE78, 0xF657, 0xF637, 0xF616, 0xF637, 0xF678, 0x8B8D, 0x9C0F, 0xF657, 0xFE78, 0xEE16, 0xF657, 0xBCF2, 0x3166, 0x3165, 0x93CD,
    0x6289, 0x3165, 0x3165, 0x5A69, 0xFE57, 0x93CE, 0x2945, 0x3185, 0x2945, 0x3186, 0x3186, 0x3165, 0x3165, 0x2104, 0x3145, 0x2904,
    0x20E3, 0x2104, 0x20C3, 0x18C2, 0x18C3, 0x18C3, 0x20E3, 0x18C3, 0x18C3, 0x18C3, 0x18E3, 0x18E3, 0x18E3, 0x18E3, 0x3166, 0xCD58,
    0xE5FB, 0xE5DA, 0xE5DA, 0xE5FA, 0xEE1A, 0xEE3B, 0xF65B, 0xF65B, 0xEE3B, 0xEE3B, 0xDE3B, 0xCE3B, 0xC63B, 0xC63B, 0xBE3B, 0xB63B,
    0xB63B, 0xB63C, 0xB63C, 0xB63C, 0xB63B, 0xB63C, 0xAE3C, 0xAE5B, 0xAE5C, 0xAE3C, 0xAE5C, 0xAE5B, 0xB65C, 0xB65C, 0xB65C, 0xB65C,
    0xB65C, 0xB65C, 0xB65C, 0xB65C, 0xB65B, 0xB63C, 0xB63C, 0xB63C, 0xB65B, 0xB65C, 0xB65C, 0xB65C, 0xB65C, 0xB65C, 0xB65C, 0xAE3C,
    0xAE3C, 0xB65C, 0xB65C, 0xB65C, 0xB65C, 0xB63B, 0xB63B, 0xB65C, 0xB65C, 0xB65C, 0xBE5C, 0xB65C, 0xB65C, 0xB65C, 0xBE5C, 0xBE5C,
    0xAE5C, 0xA65B, 0xA65B, 0xA63B, 0xA65B, 0xA63C, 0xA63B, 0xA63C, 0xA63C, 0xA63C, 0xA65B, 0xA63C, 0xA63C, 0xA63B, 0xA63B, 0xA63C,
    0xA63C, 0xA63C, 0xA65B, 0xA65C, 0xA63C, 0xA63C, 0xA63B, 0xA63C, 0xA63B, 0xA63C, 0xA63C, 0xA63C, 0xA63C, 0xA63C, 0xA63C, 0xA63B,
    0xA63C, 0xA63B, 0xA63B, 0xA63C, 0xA63C, 0xA63B, 0xA63B, 0xA63B, 0xA63C, 0xA63B, 0xA63B, 0xA63B, 0xA65B, 0xA63C, 0xA63C, 0xA63C,
    0xA63C, 0xA63C, 0xA63B, 0xA63B, 0xA63C, 0xA65C, 0xA65C, 0xA67C, 0xA63B, 0x8D37, 0x7453, 0x7CB4, 0x9DFA, 0x95B9, 0xA63B, 0xA5FA,
    0x426A, 0x3186, 0x31A6, 0x3186, 0x3186, 0x2966, 0x3186, 0x3185, 0x3186, 0x3186, 0x3185, 0x3186, 0x3186, 0x3186, 0x3186, 0x3185,
    0x3186, 0x3186, 0x3185, 0x3186, 0x3165, 0x3165, 0x3186, 0x3165, 0x3166, 0x3186, 0x3186, 0x3165, 0x3186, 0x3186, 0x41E7, 0x3986,
    0x3986, 0x3186, 0x2924, 0x838D, 0xF657, 0x72EA, 0xD594, 0xF657, 0xE5D5, 0xEE37, 0xF637, 0xFE78, 0xFE98, 0xEE17, 0xBCB2, 0x72EB,
    0x49E6, 0x838D, 0xE5F6, 0xF637, 0xEE37, 0xF637, 0xF637, 0xEE36, 0xEE36, 0xEE37, 0xEE37, 0xEE17, 0xEE17, 0xEE36, 0xF637, 0xF637,
    0xF637, 0xF637, 0xF637, 0xF637, 0xF637, 0xF657, 0xDDB4, 0x6269, 0x6249, 0xBCB1, 0xF658, 0xFE98, 0xDDB5, 0x7B2C, 0x5A28, 0xBCD1,
    0x5228, 0x3165, 0x3165, 0x730B, 0xFE98, 0xAC50, 0x3145, 0x3185, 0x2944, 0x3186, 0x3186, 0x3185, 0x3145, 0x2104, 0x2945, 0x20E3,
    0x20E3, 0x2104, 0x20C3, 0x18C3, 0x20E3, 0x18C3, 0x18E3, 0x18C3, 0x18C3, 0x20C3, 0x18E3, 0x18E3, 0x18E3, 0x2103, 0x18A3, 0x8BF2,
    0xE65B, 0xD5DA, 0xD5DA, 0xDDFA, 0xDDFA, 0xE5FA, 0xE61B, 0xE61B, 0xE61A, 0xD61B, 0xC63B, 0xB63B, 0xB63B, 0xB63C, 0xAE3C, 0xB63B,
    0xB63B, 0xB63B, 0xAE3C, 0xB63B, 0xAE5B, 0xAE3C, 0xAE3C, 0xB65C, 0xB65B, 0xB63B, 0xB63C, 0xB65B, 0xB65B, 0xB65B, 0xB65B, 0xB63C,
    0xB65C, 0xB65C, 0xB65C, 0xB65C, 0xB65B, 0xB65B, 0xB63C, 0xB65C, 0xB65B, 0xB65C, 0xB65C, 0xB65C, 0xB65C, 0xB63B, 0xAE3C, 0xB65C,
    0xB63C, 0xB65C, 0xB65C, 0xB65C, 0xB65C, 0xB65C, 0xB63C, 0xB65C, 0xBE5C, 0xBE5C, 0xBE5C, 0xBE5C, 0xBE5C, 0xBE5C, 0xBE5C, 0xBE5C,
    0xAE5C, 0xA65C, 0xA63C, 0xA63C, 0xA65C, 0xA63C, 0xA65C, 0xA63B, 0xA65B, 0xA65C, 0xA65C, 0xA63C, 0xA63C, 0xA63C, 0xA65C, 0xA65C,
    0xA63C, 0xA63C, 0xA63C, 0xA63B, 0xA63C, 0xA63C, 0xA63C, 0xA63C, 0xA63C, 0xA63C, 0xA63C, 0xA63C, 0xA63B, 0xA63C, 0xA63C, 0xA63C,
    0xA63C, 0xA63C, 0xA63B, 0xA63B, 0xA63B, 0xA63C, 0xA63C, 0xA63C, 0xA63C, 0xA63B, 0xA63C, 0xA63C, 0xA63C, 0xA63C, 0xA63C, 0xA63C,
    0xA65B, 0xA63B, 0xA63C, 0xA63C, 0xA63B, 0xA61B, 0x95B9, 0x8516, 0x7C94, 0x7CF6, 0x9DDA, 0xAE7D, 0x95B9, 0x9DB9, 0xAE7D, 0x7C73,
    0x2966, 0x31A6, 0x3186, 0x3186, 0x2965, 0x3185, 0x3186, 0x3186, 0x3186, 0x3186, 0x3186, 0x3185, 0x3186, 0x3186, 0x3166, 0x3186,
    0x3186, 0x3186, 0x3186, 0x3186, 0x3165, 0x3165, 0x3186, 0x3165, 0x3165, 0x3185, 0x3186, 0x3165, 0x3166, 0x39A6, 0x7B2C, 0x3985,
    0x3986, 0x3165, 0x5248, 0xE5F6, 0xF637, 0xDD95, 0xF657, 0xFE58, 0xFE98, 0xFE78, 0xE616, 0xC4F3, 0x834C, 0x5228, 0x5A27, 0x8B8D,
    0xD595, 0xFE98, 0xF657, 0xF637, 0xF637, 0xF637, 0xF637, 0xF637, 0xF637, 0xF637, 0xF637, 0xF637, 0xF637, 0xF637, 0xF637, 0xF637,
    0xF637, 0xF637, 0xF637, 0xF637, 0xF637, 0xF637, 0xF657, 0xF637, 0xA430, 0x5208, 0x628A, 0xAC71, 0xEE16, 0xFEB8, 0xF636, 0xEE16,
    0x93AE, 0x5A49, 0x3165, 0x9BEF, 0xFE98, 0xBCD2, 0x3165, 0x3986, 0x39A6, 0x3165, 0x3185, 0x3186, 0x2945, 0x2104, 0x2104, 0x20E3,
    0x20E3, 0x2104, 0x20C3, 0x18C3, 0x18C3, 0x18C3, 0x18E3, 0x18C3, 0x18C3, 0x18C3, 0x18E3, 0x18E3, 0x18E3, 0x20E4, 0x18C2, 0x4A4A,
    0xC63B, 0xC61B, 0xBE1B, 0xC61B, 0xBE1B, 0xC61B, 0xC61B, 0xBE1B, 0xBE3B, 0xB63C, 0xB63C, 0xB63B, 0xB63B, 0xB63B, 0xB65B, 0xB63B,
    0xB63C, 0xAE3C, 0xB63B, 0xB63C, 0xB63C, 0xB63B, 0xB63B, 0xB63C, 0xB63C, 0xB65B, 0xB65C, 0xB65C, 0xB63C, 0xB63C, 0xB63C, 0xB63B,
    0xB65C, 0xB65C, 0xB65B, 0xB65C, 0xB63C, 0xB63C, 0xB65C, 0xB63C, 0xB63C, 0xB65B, 0xB65C, 0xB65C, 0xB63C, 0xB63B, 0xB63C, 0xB63B,
    0xB63C, 0xB63C, 0xB63C, 0xB65C, 0xB65C, 0xB65C, 0xB65C, 0xBE5C, 0xBE5C, 0xBE5C, 0xBE5C, 0xBE5C, 0xBE5C, 0xBE5C, 0xBE5C, 0xBE5C,
    0xAE5C, 0xAE5B, 0xA65C, 0xAE5C, 0xA65C, 0xA63B, 0xA65C, 0xA63C, 0xA63C, 0xA65C, 0xAE5B, 0xA63C, 0xA63B, 0xA65B, 0xA65C, 0xA65C,
    0xA65C, 0xA65C, 0xA63C, 0xA63B, 0xA63C, 0xA65B, 0xA63C, 0xA63B, 0xA63B, 0xA63B, 0xA63B, 0xA63C, 0xA63C, 0xA63C, 0xA63B, 0xA63C,
    0xA63C, 0xA63B, 0xA63C, 0xA63B, 0xA63B, 0xA63B, 0xA63C, 0xA63C, 0xA63C, 0xA63B, 0xA63B, 0xA63C, 0xA63B, 0xA63C, 0xA63B, 0xA63C,
    0xA63C, 0xA63B, 0x9DD9, 0x9598, 0x8D57, 0x8516, 0x8D37, 0x9599, 0xA61B, 0xAE7C, 0xAE5C, 0xA61B, 0x8D78, 0xA63B, 0xA61B, 0x4A8B,
    0x3186, 0x31A6, 0x31A6, 0x2965, 0x2966, 0x3186, 0x3185, 0x3186, 0x3186, 0x3185, 0x3186, 0x3166, 0x3186, 0x3186, 0x3186, 0x3186,
    0x3186, 0x3186, 0x3185, 0x3186, 0x3165, 0x3165, 0x3186, 0x3165, 0x3166, 0x3186, 0x3185, 0x3165, 0x2945, 0x5A69, 0xAC70, 0x3185,
    0x39A6, 0x7B2C, 0xC513, 0xFE57, 0xEE16, 0xEE16, 0xDDB4, 0xCD33, 0xAC70, 0x8B8D, 0x6AAA, 0x6AAA, 0x8B8D, 0xC513, 0xEE37, 0xFEB8,
    0xF658, 0xEE37, 0xF637, 0xF637, 0xF637, 0xF637, 0xF637, 0xF637, 0xF637, 0xF637, 0xF637, 0xF637, 0xF637, 0xF637, 0xF637, 0xF637,
    0xF637, 0xF637, 0xF637, 0xF637, 0xF637, 0xF637, 0xEE37, 0xF637, 0xFE98, 0xEE37, 0xAC50, 0x6AA9, 0x6269, 0x8B8D, 0xCD13, 0xEE16,
    0xFE98, 0xF637, 0xC512, 0xDD94, 0xFE57, 0xCD33, 0x39A6, 0x41A6, 0x5A48, 0x3165, 0x3185, 0x3186, 0x2945, 0x2104, 0x20E3, 0x20E3,
    0x20E3, 0x20E3, 0x18C3, 0x18E3, 0x18C3, 0x18C3, 0x20E3, 0x18C3, 0x18C3, 0x18C3, 0x18E3, 0x18E3, 0x18E3, 0x18E3, 0x20E3, 0x2104,
    0x9517, 0xB65C, 0xAE1B, 0xB63B, 0xB63B, 0xB63B, 0xB63B, 0xB63B, 0xB63B, 0xB63B, 0xB63B, 0xB63B, 0xB63B, 0xB63C, 0xB63B, 0xB63C,
    0xB63B, 0xB63C, 0xB63C, 0xB63B, 0xB63C, 0xB63C, 0xB63C, 0xB63C, 0xB63C, 0xB63C, 0xB63C, 0xB63B, 0xB63B, 0xB63C, 0xB63C, 0xB65C,
    0xB65B, 0xB65C, 0xB65C, 0xB63B, 0xB63B, 0xB63C, 0xB63C, 0xB63B, 0xB63C, 0xB63B, 0xB63B, 0xB63B, 0xB63B, 0xB63B, 0xB63B, 0xB63C,
    0xB65C, 0xB65C, 0xB65C, 0xB63B, 0xBE5C, 0xBE5C, 0xBE5C, 0xBE5C, 0xBE5C, 0xBE5C, 0xBE5C, 0xBE5C, 0xBE5C, 0xBE5C, 0xBE5C, 0xBE5C,
    0xAE5C, 0xAE5C, 0xAE3C, 0xAE5C, 0xAE5B, 0xAE5C, 0xAE5C, 0xAE3C, 0xA63C, 0xA65C, 0xA65B, 0xA63C, 0xAE3C, 0xAE3C, 0xAE5C, 0xAE5C,
    0xA63C, 0xA63C, 0xA63C, 0xA63C, 0xA63B, 0xAE3B, 0xAE3C, 0xAE3B, 0xA63B, 0xA63C, 0xA63C, 0xA63C, 0xA63B, 0xAE3B, 0xAE5B, 0xAE3C,
    0xAE5C, 0xAE3C, 0xAE3C, 0xA63C, 0xA63C, 0xAE3C, 0xAE3C, 0xAE5C, 0xAE5B, 0xA63B, 0xA63B, 0xA63C, 0xA65B, 0xA63B, 0xA63B, 0xA63C,
    0xA63B, 0xA63B, 0xA61A, 0xA61B, 0xA63B, 0xAE5C, 0xAE7C, 0xAE5C, 0xA63B, 0xA61B, 0xAE5C, 0x9DB9, 0x9599, 0xAE7D, 0x84B4, 0x3187,
    0x31A6, 0x3186, 0x31A6, 0x39C7, 0x3186, 0x3186, 0x3185, 0x3186, 0x3186, 0x3186, 0x3186, 0x3186, 0x3166, 0x3166, 0x3186, 0x3166,
    0x3186, 0x3186, 0x3186, 0x3186, 0x3165, 0x3165, 0x3186, 0x3165, 0x3166, 0x3186, 0x3165, 0x3185, 0x2945, 0x7B4C, 0xD594, 0x3986,
    0x5228, 0xEDF7, 0xF677, 0xE5D6, 0xCD54, 0xC512, 0xB4B1, 0xAC71, 0xB4B1, 0xC512, 0xDDB5, 0xF658, 0xFE99, 0xFE78, 0xF637, 0xEE36,
    0xF637, 0xF637, 0xF637, 0xF637, 0xF637, 0xF637, 0xF637, 0xF637, 0xF637, 0xF637, 0xF637, 0xF637, 0xF637, 0xF637, 0xF637, 0xF637,
    0xF637, 0xF637, 0xF637, 0xF636, 0xF637, 0xF637, 0xF637, 0xF637, 0xF637, 0xF657, 0xFE98, 0xF678, 0xD554, 0x9C0F, 0x834C, 0x834C,
    0x9BEF, 0xBCD1, 0xE5B5, 0xEE16, 0xF657, 0xDD94, 0x41C6, 0x5207, 0x72EB, 0x2924, 0x3165, 0x3186, 0x2924, 0x2104, 0x20E3, 0x20E3,
    0x20E3, 0x20E3, 0x18C3, 0x18C3, 0x18C3, 0x18C3, 0x18E3, 0x18C3, 0x18C3, 0x18C3, 0x18E3, 0x20E3, 0x18E3, 0x18E3, 0x20E4, 0x10A2,
    0x636F, 0xBE7C, 0xAE1B, 0xAE3B, 0xB63C, 0xB63B, 0xB63B, 0xB63B, 0xB63C, 0xB63B, 0xB63B, 0xB63C, 0xB63C, 0xB63C, 0xB63B, 0xB63B,
    0xB63B, 0xB63C, 0xB63C, 0xB63B, 0xB63C, 0xB63C, 0xB63C, 0xB63C, 0xB63C, 0xB63C, 0xB63B, 0xB63B, 0xB63B, 0xB63C, 0xB65B, 0xB63C,
    0xB65C, 0xB65C, 0xB65C, 0xB63B, 0xB63B, 0xB63B, 0xB63B, 0xB63B, 0xB63C, 0xB63C, 0xB63C, 0xB65C, 0xB63C, 0xB63C, 0xB65B, 0xBE5C,
    0xBE5C, 0xBE5C, 0xBE5B, 0xBE5C, 0xBE5C, 0xBE5C, 0xBE5C, 0xBE5C, 0xBE5C, 0xBE5C, 0xBE5C, 0xBE5C, 0xBE5C, 0xBE5C, 0xBE5C, 0xBE5C,
    0xAE5C, 0xAE5C, 0xAE5B, 0xAE5C, 0xAE5C, 0xAE5C, 0xAE5B, 0xAE5C, 0xAE3C, 0xAE3C, 0xAE3B, 0xAE3C, 0xAE5C, 0xAE3B, 0xAE5B, 0xAE5C,
    0xAE5C, 0xAE5B, 0xAE3C, 0xAE3C, 0xAE3B, 0xAE3B, 0xAE3B, 0xAE3C, 0xA63C, 0xAE3C, 0xAE3B, 0xAE3C, 0xAE3C, 0xAE3C, 0xAE3B, 0xAE3C,
    0xAE3C, 0xAE5B, 0xAE3B, 0xAE3C, 0xAE3C, 0xAE5B, 0xAE5B, 0xAE3B, 0xAE3B, 0xAE3C, 0xAE5B, 0xAE3C, 0xAE3B, 0xAE3B, 0xAE3B, 0xAE3B,
    0xAE3B, 0xAE3C, 0xAE5C, 0xAE5C, 0xAE5C, 0xAE3B, 0xAE3B, 0xAE3B, 0xAE3B, 0xA63B, 0xAE3B, 0x9578, 0xA61B, 0xAE3C, 0x52EC, 0x3186,
    0x39A7, 0x3165, 0x4A8B, 0x4A49, 0x2966, 0x3187, 0x3186, 0x3186, 0x3186, 0x3186, 0x3185, 0x3185, 0x3165, 0x3185, 0x3185, 0x3186,
    0x3186, 0x3186, 0x3186, 0x3186, 0x3166, 0x3165, 0x3186, 0x3165, 0x3185, 0x3186, 0x3166, 0x3186, 0x2945, 0x9C2F, 0xFE78, 0x5248,
    0x8B8D, 0xFE78, 0xEE16, 0xF637, 0xF637, 0xF657, 0xF658, 0xFE78, 0xFE79, 0xFE78, 0xF657, 0xF637, 0xEE37, 0xEE17, 0xF637, 0xF637,
    0xF637, 0xF637, 0xF637, 0xF637, 0xF637, 0xF637, 0xF636, 0xF637, 0xF637, 0xF637, 0xF637, 0xF637, 0xF637, 0xF637, 0xF637, 0xF637,
    0xF637, 0xF637, 0xF637, 0xF637, 0xF637, 0xF637, 0xF637, 0xF637, 0xF637, 0xF637, 0xF636, 0xF637, 0xF658, 0xFE98, 0xFE58, 0xE5F6,
    0xD574, 0xCD33, 0xCD33, 0xE5D6, 0xF657, 0xE5B5, 0x41C6, 0x72CA, 0x938D, 0x2924, 0x3186, 0x3165, 0x2924, 0x20E3, 0x20E3, 0x20E3,
    0x20E3, 0x20E3, 0x18C3, 0x18C3, 0x18C3, 0x18C3, 0x18C3, 0x18C3, 0x18C3, 0x18C3, 0x20C3, 0x20E3, 0x18E3, 0x18E3, 0x20E3, 0x18C2,
    0x31A7, 0xADFA, 0xAE3B, 0xAE3B, 0xB63B, 0xB63B, 0xB63B, 0xB63B, 0xB63B, 0xB63C, 0xB63C, 0xB63B, 0xB63B, 0xB63B, 0xB63C, 0xB63C,
    0xB63B, 0xB63B, 0xB63B, 0xB63B, 0xB63B, 0xB63C, 0xB63B, 0xB65B, 0xB65B, 0xB63C, 0xB63B, 0xB63C, 0xB63B, 0xB63C, 0xB63C, 0xB65C,
    0xB65B, 0xB65C, 0xB63C, 0xB63C, 0xB63C, 0xB63C, 0xB63C, 0xB63B, 0xB65B, 0xB65C, 0xBE5B, 0xBE5B, 0xBE5B, 0xBE3C, 0xBE3B, 0xBE3C,
    0xBE5C, 0xBE5C, 0xBE5C, 0xBE5C, 0xBE5C, 0xBE5C, 0xBE5C, 0xBE5C, 0xBE5C, 0xBE5C, 0xBE5C, 0xBE5C, 0xBE5C, 0xBE5C, 0xBE5C, 0xBE5C,
    0xAE5C, 0xAE5C, 0xAE5C, 0xAE5C, 0xAE5C, 0xAE5C, 0xAE5C, 0xAE5C, 0xAE5C, 0xAE3C, 0xAE3C, 0xAE5C, 0xAE3C, 0xAE3C, 0xAE5B, 0xAE5C,
    0xAE5C, 0xAE5C, 0xAE3C, 0xAE3C, 0xAE3B, 0xAE3C, 0xAE3B, 0xAE3B, 0xAE3C, 0xAE5C, 0xAE5C, 0xAE3C, 0xAE3C, 0xAE3B, 0xAE3C, 0xAE3B,
    0xAE5B, 0xAE3C, 0xAE3B, 0xAE3C, 0xAE3C, 0xAE3B, 0xAE3B, 0xAE3C, 0xAE5C, 0xAE3C, 0xAE3C, 0xAE3B, 0xAE3C, 0xAE3B, 0xAE5C, 0xAE3B,
    0xAE3B, 0xAE5B, 0xAE3C, 0xAE3C, 0xAE3C, 0xAE3C, 0xAE3C, 0xAE5B, 0xAE3C, 0xAE3C, 0xA5FA, 0x9578, 0xB67C, 0x9557, 0x31C8, 0x31A6,
    0x3186, 0x39E7, 0x6BB0, 0x3186, 0x3186, 0x3186, 0x3186, 0x3186, 0x3185, 0x3166, 0x3186, 0x3185, 0x3166, 0x3186, 0x3186, 0x3186,
    0x3186, 0x3186, 0x3166, 0x3186, 0x3166, 0x3165, 0x3186, 0x3165, 0x3185, 0x3186, 0x3165, 0x3165, 0x3165, 0xC4F3, 0xFE99, 0xC533,
    0xD574, 0xF657, 0xF637, 0xF637, 0xF637, 0xF637, 0xF637, 0xF617, 0xEE17, 0xEE17, 0xF637, 0xF657, 0xF657, 0xF657, 0xF657, 0xF657,
    0xF637, 0xF637, 0xF637, 0xF637, 0xF637, 0xF637, 0xF637, 0xF637, 0xF637, 0xF637, 0xF637, 0xF637, 0xF637, 0xF637, 0xF637, 0xF637,
    0xF637, 0xF637, 0xF637, 0xF637, 0xF637, 0xF637, 0xF637, 0xF657, 0xF657, 0xF658, 0xF637, 0xF637, 0xEE17, 0xEE17, 0xEE37, 0xF637,
    0xF657, 0xFE58, 0xF658, 0xF637, 0xF657, 0xE5D5, 0x41C6, 0xBC92, 0x93AD, 0x3165, 0x41A6, 0x3165, 0x2924, 0x20E4, 0x20E3, 0x20E3,
    0x20E3, 0x18C3, 0x18C3, 0x18C3, 0x18C3, 0x18E3, 0x20C3, 0x18C3, 0x18C3, 0x18C3, 0x18C3, 0x18C3, 0x18E3, 0x18E3, 0x18E4, 0x18E4,
    0x10C2, 0x8494, 0xB67C, 0xAE1B, 0xB63B, 0xB63B, 0xB63B, 0xB63C, 0xB63C, 0xB63B, 0xB63C, 0xB63C, 0xB63C, 0xB63B, 0xB63C, 0xB63C,
    0xB63C, 0xB63B, 0xB63B, 0xB63C, 0xB63B, 0xB63C, 0xB63C, 0xB63B, 0xB63C, 0xB63C, 0xB63B, 0xB63C, 0xB63C, 0xB63B, 0xB63C, 0xB63C,
    0xBE5C, 0xBE5C, 0xBE3C, 0xBE3B, 0xBE3B, 0xBE3B, 0xBE3B, 0xBE3C, 0xBE3C, 0xBE3C, 0xBE5C, 0xBE5C, 0xBE3C, 0xBE3C, 0xBE3C, 0xBE3C,
    0xBE5C, 0xBE5C, 0xBE5C, 0xBE5C, 0xBE5C, 0xBE5C, 0xBE5C, 0xBE5C, 0xBE5C, 0xBE5B, 0xBE5C, 0xBE5C, 0xBE5C, 0xBE5C, 0xBE5C, 0xBE5C,
    0xAE5C, 0xAE5B, 0xAE5C, 0xAE5C, 0xAE5C, 0xAE5C, 0xAE5C, 0xAE5C, 0xAE5C, 0xAE5C, 0xAE5C, 0xAE5B, 0xAE5C, 0xAE3C, 0xAE5C, 0xAE5C,
    0xAE5B, 0xAE5C, 0xAE5B, 0xAE3C, 0xAE3C, 0xAE3B, 0xAE3C, 0xAE3C, 0xAE3C, 0xAE3B, 0xAE5C, 0xAE5B, 0xAE3C, 0xAE5B, 0xAE3C, 0xAE5B,
    0xAE5C, 0xAE3C, 0xAE3C, 0xAE3C, 0xAE3C, 0xAE3C, 0xAE3B, 0xAE3B, 0xAE3C, 0xAE5B, 0xAE3B, 0xAE3B, 0xAE3C, 0xAE3C, 0xAE3C, 0xAE3B,
    0xAE3C, 0xAE3C, 0xAE3C, 0xAE3B, 0xAE5C, 0xAE5C, 0xAE3C, 0xAE3C, 0xAE3B, 0xAE5C, 0x9DB9, 0x9DB9, 0xB67D, 0x6BD0, 0x2966, 0x31C7,
    0x2945, 0x636E, 0x638F, 0x2945, 0x3186, 0x3186, 0x3186, 0x3186, 0x3186, 0x3186, 0x3186, 0x2965, 0x3166, 0x3186, 0x3186, 0x3185,
    0x3166, 0x3186, 0x3185, 0x3186, 0x3165, 0x3165, 0x3186, 0x3165, 0x3185, 0x3166, 0x3165, 0x3185, 0x41C6, 0xDD95, 0xF657, 0xF657,
    0xF657, 0xF637, 0xF637, 0xF637, 0xF637, 0xF637, 0xF636, 0xF637, 0xF657, 0xF658, 0xEE16, 0xE5B5, 0xD574, 0xD554, 0xD554, 0xDDB5,
    0xF637, 0xF637, 0xF637, 0xF637, 0xF637, 0xF637, 0xF637, 0xF637, 0xF637, 0xF637, 0xF637, 0xF637, 0xF637, 0xF637, 0xF637, 0xF637,
    0xF637, 0xF637, 0xF637, 0xF637, 0xF637, 0xF637, 0xEE17, 0xE5D6, 0xE5D5, 0xE5D6, 0xEE16, 0xF637, 0xF657, 0xF637, 0xF637, 0xF637,
    0xF637, 0xF637, 0xF637, 0xF637, 0xF637, 0xE5F6, 0xBCD2, 0xFE38, 0x7B0B, 0x6268, 0x49E6, 0x2945, 0x2904, 0x20E3, 0x20E3, 0x20E3,
    0x20E3, 0x18C3, 0x18C3, 0x18C3, 0x18C3, 0x18C3, 0x20C3, 0x18C3, 0x18E3, 0x18C3, 0x18C3, 0x18C3, 0x18E3, 0x18E3, 0x18E3, 0x2104,
    0x18C3, 0x52CC, 0xB67C, 0xAE1B, 0xB63B, 0xB63B, 0xB63B, 0xB63B, 0xB63B, 0xB63C, 0xB63C, 0xB63C, 0xB63C, 0xB63B, 0xB63C, 0xB63B,
    0xB63C, 0xB63B, 0xB65C, 0xB65C, 0xB63C, 0xB65C, 0xB63C, 0xB63C, 0xB63B, 0xB63B, 0xBE3C, 0xB63B, 0xBE5B, 0xBE5B, 0xBE5C, 0xBE5B,
    0xBE5B, 0xBE5B, 0xBE5C, 0xBE5B, 0xBE3C, 0xBE5B, 0xBE5B, 0xBE3C, 0xBE3C, 0xBE5C, 0xBE5C, 0xBE3C, 0xBE5C, 0xBE5B, 0xBE5C, 0xBE5C,
    0xBE5C, 0xBE5C, 0xBE5C, 0xBE5C, 0xBE5C, 0xBE5C, 0xBE5C, 0xBE5C, 0xBE5C, 0xBE5C, 0xBE5C, 0xBE5C, 0xBE5C, 0xBE5C, 0xBE5C, 0xBE5B,
    0xB65C, 0xAE5C, 0xAE5C, 0xAE5B, 0xAE5C, 0xAE3C, 0xAE5C, 0xAE5C, 0xAE5C, 0xAE5B, 0xAE5C, 0xAE5C, 0xAE3C, 0xAE3B, 0xAE3B, 0xAE3B,
    0xAE3C, 0xAE3C, 0xAE5C, 0xAE3C, 0xAE3C, 0xAE3C, 0xAE3C, 0xAE3B, 0xAE3C, 0xAE3C, 0xAE3C, 0xAE3C, 0xAE3C, 0xAE5B, 0xAE3C, 0xAE5C,
    0xAE3C, 0xAE3B, 0xAE3B, 0xAE3C, 0xAE3C, 0xAE3C, 0xAE3C, 0xAE3B, 0xAE3C, 0xAE3C, 0xAE3C, 0xAE5B, 0xAE3B, 0xAE3C, 0xAE3C, 0xAE3C,
    0xAE3C, 0xAE5B, 0xAE3B, 0xAE3B, 0xAE3B, 0xAE3B, 0xAE5B, 0xAE3B, 0xAE3B, 0xAE5C, 0x9D98, 0xA5FA, 0xAE1B, 0x4A6A, 0x3186, 0x31A7,
    0x39C8, 0x8CF6, 0x4A4A, 0x2966, 0x3186, 0x3185, 0x3165, 0x3166, 0x3186, 0x3186, 0x3185, 0x3165, 0x3186, 0x3186, 0x3166, 0x3186,
    0x3186, 0x3186, 0x3166, 0x3186, 0x3185, 0x3165, 0x3186, 0x3165, 0x3185, 0x3165, 0x5208, 0x39A6, 0x4A08, 0xE5F6, 0xF657, 0xF636,
    0xF637, 0xF637, 0xF638, 0xF637, 0xF637, 0xF637, 0xF637, 0xF637, 0xE5D5, 0xCD33, 0xCD33, 0xD574, 0xE5D5, 0xEE17, 0xF637, 0xEDF6,
    0xF637, 0xF637, 0xF637, 0xF637, 0xF637, 0xF637, 0xF637, 0xF637, 0xF637, 0xF637, 0xF637, 0xF637, 0xF637, 0xF637, 0xF637, 0xF637,
    0xF637, 0xF637, 0xF637, 0xF637, 0xF637, 0xF637, 0xE5F6, 0xD594, 0xDDB5, 0xD594, 0xD554, 0xCD34, 0xD554, 0xE5F6, 0xF658, 0xF637,
    0xF637, 0xF637, 0xF637, 0xF637, 0xF637, 0xF637, 0xFE77, 0xF636, 0x7B0A, 0xA3CE, 0x41C6, 0x2924, 0x2104, 0x20E3, 0x20E3, 0x20C3,
    0x18C3, 0x18C3, 0x18C3, 0x18C3, 0x18C3, 0x18E3, 0x18C3, 0x18C3, 0x18C3, 0x18C3, 0x18C3, 0x18E3, 0x18C3, 0x18E3, 0x18E3, 0x18C3,
    0x4A6A, 0x31A7, 0xA598, 0xB65C, 0xB63B, 0xB63B, 0xB63C, 0xB63B, 0xB63B, 0xB65B, 0xB65C, 0xB63C, 0xB63C, 0xB63B, 0xB63B, 0xB63B,
    0xB63C, 0xBE5C, 0xBE5C, 0xBE5B, 0xBE3B, 0xB63C, 0xB63C, 0xBE3C, 0xBE3C, 0xBE3B, 0xBE3C, 0xBE3C, 0xBE5B, 0xBE5B, 0xBE3B, 0xBE3B,
    0xBE5C, 0xBE5C, 0xBE5C, 0xBE5B, 0xBE5B, 0xBE5B, 0xBE5B, 0xBE5C, 0xBE5B, 0xBE5C, 0xBE5C, 0xBE5C, 0xBE5C, 0xBE5B, 0xBE5C, 0xBE5C,
    0xBE5C, 0xBE5C, 0xBE5C, 0xBE5C, 0xBE5C, 0xBE5C, 0xBE5C, 0xBE5C, 0xBE5C, 0xBE5C, 0xBE5C, 0xBE5B, 0xBE5C, 0xBE5C, 0xC65C, 0xC65C,
    0xB65C, 0xAE5C, 0xAE5B, 0xAE3C, 0xAE3C, 0xAE5C, 0xAE5B, 0xAE5C, 0xAE5C, 0xAE5C, 0xAE5C, 0xAE5C, 0xAE5C, 0xAE3C, 0xAE3C, 0xAE5B,
    0xAE3B, 0xAE5C, 0xAE5C, 0xAE5C, 0xAE3B, 0xAE3B, 0xAE3B, 0xAE3C, 0xAE3B, 0xAE3B, 0xAE3C, 0xAE3C, 0xAE3C, 0xAE3C, 0xAE5C, 0xAE5B,
    0xAE5C, 0xAE3C, 0xAE3C, 0xAE5B, 0xAE5B, 0xAE3B, 0xAE5C, 0xAE5C, 0xAE5B, 0xAE5C, 0xAE5C, 0xAE5C, 0xAE5C, 0xAE5C, 0xAE5B, 0xAE5C,
    0xAE5B, 0xAE5C, 0xAE5B, 0xAE3B, 0xAE3C, 0xAE3C, 0xAE3C, 0xAE3C, 0xAE3B, 0xB65B, 0x9D78, 0xAE3B, 0x8D16, 0x31A7, 0x39A7, 0x2965,
    0x6BB0, 0x9517, 0x3186, 0x3186, 0x3186, 0x3186, 0x3166, 0x3166, 0x3185, 0x3186, 0x3166, 0x3166, 0x3185, 0x3185, 0x3186, 0x3186,
    0x3186, 0x3186, 0x3186, 0x3186, 0x3186, 0x3165, 0x3165, 0x3165, 0x3185, 0x2945, 0x6AEA, 0x4A07, 0x5A69, 0xF637, 0xF637, 0xF637,
    0xF637, 0xF637, 0xF637, 0xF637, 0xF637, 0xF637, 0xE5F6, 0xD574, 0xE5B5, 0xF637, 0xF637, 0xE5D5, 0xCD33, 0xBCB1, 0xBCD2, 0xDD94,
    0xF637, 0xF637, 0xF637, 0xF637, 0xF637, 0xF637, 0xF637, 0xF637, 0xF637, 0xF637, 0xF637, 0xF637, 0xF637, 0xF637, 0xF637, 0xF637,
    0xF637, 0xF637, 0xF637, 0xF637, 0xF637, 0xF637, 0xF637, 0xF617, 0xEE16, 0xEE16, 0xF637, 0xFE57, 0xEE16, 0xD574, 0xD574, 0xEDF6,
    0xF637, 0xF637, 0xF637, 0xF637, 0xF637, 0xF637, 0xF637, 0xEDF6, 0xB470, 0xC471, 0x39A6, 0x2924, 0x20E3, 0x20E3, 0x20E3, 0x18C3,
    0x18C3, 0x18C3, 0x18C3, 0x18C3, 0x18C3, 0x18C3, 0x18C3, 0x18C3, 0x18C3, 0x18C3, 0x18C3, 0x18C3, 0x18C3, 0x18E3, 0x20E4, 0x1083,
    0x5AEC, 0x4249, 0x73F1, 0xBE9D, 0xB63B, 0xB63B, 0xB63B, 0xB63B, 0xB63B, 0xB63C, 0xB65C, 0xB65B, 0xB63B, 0xB63B, 0xB63B, 0xBE3C,
    0xBE3C, 0xBE3B, 0xBE5B, 0xBE3C, 0xBE3C, 0xBE3B, 0xBE5B, 0xBE5B, 0xBE3B, 0xBE5B, 0xBE5B, 0xBE5B, 0xBE5B, 0xBE5C, 0xBE3C, 0xBE3B,
    0xBE5B, 0xBE5C, 0xBE5C, 0xBE5C, 0xBE5C, 0xBE5C, 0xBE5B, 0xBE5C, 0xBE5C, 0xBE5B, 0xBE5B, 0xBE5B, 0xBE5B, 0xBE5C, 0xBE5C, 0xBE5C,
    0xBE5B, 0xBE5C, 0xBE5C, 0xBE5C, 0xBE5C, 0xBE5C, 0xBE5C, 0xBE5C, 0xBE5C, 0xBE5C, 0xBE5C, 0xBE5C, 0xC65C, 0xC65C, 0xC65C, 0xC65C,
    0xB65C, 0xAE5C, 0xAE5C, 0xAE3C, 0xAE3B, 0xAE3C, 0xAE3C, 0xAE3C, 0xAE5C, 0xAE5C, 0xAE5B, 0xAE5C, 0xAE5C, 0xAE5C, 0xAE5C, 0xB65C,
    0xAE5C, 0xB65B, 0xB65C, 0xB65C, 0xAE5B, 0xAE5C, 0xAE5B, 0xB65C, 0xB65C, 0xB65C, 0xB65C, 0xB65C, 0xB65C, 0xB65C, 0xB65B, 0xB65C,
    0xAE5C, 0xAE5C, 0xAE5C, 0xAE5C, 0xAE3B, 0xAE5B, 0xB65C, 0xB65C, 0xB65B, 0xB65C, 0xAE5C, 0xAE3C, 0xB65C, 0xB65C, 0xB65C, 0xB65C,
    0xAE5C, 0xAE3C, 0xAE5B, 0xB63C, 0xB63C, 0xAE5C, 0xAE3C, 0xAE3B, 0xAE3B, 0xB63B, 0x9D78, 0xB65C, 0x73D0, 0x3186, 0x31A7, 0x39C7,
    0xA5B9, 0x73F1, 0x2965, 0x31A6, 0x3186, 0x3186, 0x3185, 0x3186, 0x3186, 0x3186, 0x2965, 0x3166, 0x3186, 0x3186, 0x3186, 0x3186,
    0x3186, 0x3186, 0x3186, 0x3186, 0x3186, 0x3165, 0x3165, 0x3185, 0x3185, 0x2925, 0x836C, 0x6ACA, 0x62AA, 0xF658, 0xF637, 0xF637,
    0xF637, 0xF637, 0xF637, 0xF637, 0xEE17, 0xF637, 0xFE57, 0xEE16, 0xC4F2, 0x834C, 0x49E7, 0x2924, 0x20C3, 0x1061, 0x1881, 0xB491,
    0xFE58, 0xF637, 0xF637, 0xF637, 0xF637, 0xF637, 0xF637, 0xF637, 0xF637, 0xF637, 0xF637, 0xF637, 0xF637, 0xF637, 0xF637, 0xF637,
    0xF637, 0xF637, 0xF637, 0xF636, 0xF637, 0xEE37, 0xFE77, 0xAC71, 0x3144, 0x3985, 0x5207, 0x7AEB, 0xAC70, 0xE5F6, 0xF637, 0xEE16,
    0xF617, 0xF637, 0xF637, 0xF637, 0xF637, 0xF637, 0xF637, 0xF657, 0xEDB5, 0xBC50, 0x3985, 0x2103, 0x20E3, 0x20E3, 0x18C3, 0x18C3,
    0x18C3, 0x18C3, 0x18C3, 0x18C3, 0x18C3, 0x18C3, 0x18C3, 0x18C3, 0x18C3, 0x18C3, 0x18C3, 0x18C3, 0x18E3, 0x18E3, 0x20E3, 0x18A2,
    0x422A, 0x73D0, 0x424A, 0xBE5C, 0xB63C, 0xB63B, 0xB63B, 0xB63C, 0xB63B, 0xB63C, 0xB63C, 0xB63B, 0xB63B, 0xB63C, 0xB63B, 0xB63B,
    0xBE3B, 0xBE3C, 0xBE5B, 0xBE5B, 0xBE3B, 0xBE5B, 0xBE5B, 0xBE5B, 0xBE3C, 0xBE3C, 0xBE5B, 0xBE3B, 0xBE3B, 0xBE3B, 0xBE3C, 0xBE5B,
    0xBE5C, 0xBE5C, 0xBE5C, 0xBE5C, 0xBE5B, 0xBE5C, 0xBE5C, 0xBE3C, 0xBE5C, 0xBE5C, 0xBE5B, 0xBE5C, 0xBE5C, 0xBE5C, 0xBE5B, 0xBE5C,
    0xBE5B, 0xBE3C, 0xBE3C, 0xBE5B, 0xBE5C, 0xC65C, 0xC65C, 0xC65C, 0xC65C, 0xC65C, 0xC65C, 0xC65C, 0xC65C, 0xC65C, 0xC65C, 0xC65C,
    0xB65C, 0xB65C, 0xB65C, 0xB65C, 0xB65C, 0xB63C, 0xB63C, 0xB63C, 0xAE3C, 0xB65C, 0xAE5C, 0xB65C, 0xB65C, 0xB65C, 0xB65C, 0xB65C,
    0xB65C, 0xB65C, 0xB65C, 0xB65C, 0xB65C, 0xB63B, 0xB63C, 0xB65C, 0xB65B, 0xB65C, 0xB65C, 0xB65C, 0xAE3C, 0xB65C, 0xB65C, 0xB63C,
    0xB65C, 0xB63C, 0xB65B, 0xB63C, 0xB63C, 0xB63C, 0xB63B, 0xB63C, 0xB63C, 0xB63C, 0xB63C, 0xB63C, 0xB63C, 0xB63C, 0xB63C, 0xB63B,
    0xB63C, 0xB63C, 0xB63C, 0xB63B, 0xB63B, 0xB63B, 0xB63B, 0xB63C, 0xB63B, 0xB63C, 0x9D98, 0xAE1A, 0x52CC, 0x31A6, 0x2966, 0x636F,
    0xB65C, 0x52CC, 0x2965, 0x31A6, 0x3186, 0x3166, 0x3166, 0x3186, 0x3186, 0x3186, 0x2965, 0x3186, 0x3186, 0x3166, 0x3186, 0x3186,
    0x3186, 0x3186, 0x3186, 0x3166, 0x3186, 0x3186, 0x3166, 0x3165, 0x3165, 0x2925, 0x8B8D, 0xAC70, 0x6AAA, 0xFE78, 0xF637, 0xF637,
    0xF637, 0xF637, 0xF637, 0xEE16, 0xF657, 0xF637, 0xAC50, 0x41A6, 0x18A2, 0x0020, 0x1061, 0x18C2, 0x20E3, 0x83AF, 0x7B8E, 0x836C,
    0xF617, 0xF637, 0xF637, 0xF637, 0xF637, 0xF637, 0xF637, 0xF637, 0xF637, 0xF637, 0xF637, 0xF637, 0xF637, 0xF637, 0xF637, 0xF637,
    0xF637, 0xF637, 0xF637, 0xF637, 0xF637, 0xF638, 0xE5D6, 0x6289, 0x5248, 0x2903, 0x1041, 0x1082, 0x1082, 0x3145, 0x7B0B, 0xD594,
    0xFE78, 0xF637, 0xF637, 0xF637, 0xF637, 0xF637, 0xF637, 0xF637, 0xED94, 0xBC30, 0x49C6, 0x20E3, 0x20E3, 0x20E3, 0x18C3, 0x18C3,
    0x18C3, 0x18C3, 0x18C3, 0x18C3, 0x18C3, 0x20E3, 0x18C3, 0x18C3, 0x20E3, 0x18C3, 0x18C3, 0x18C3, 0x18C3, 0x18E3, 0x18E3, 0x18C3,
    0x2945, 0x9D16, 0x39E8, 0x9D57, 0xBE5C, 0xB63B, 0xB63C, 0xB63C, 0xB63C, 0xB63C, 0xB63B, 0xBE3C, 0xBE3C, 0xBE3B, 0xBE3C, 0xBE3C,
    0xBE5B, 0xBE3B, 0xBE3B, 0xBE3B, 0xBE3B, 0xBE3B, 0xBE3C, 0xBE3C, 0xBE3B, 0xBE3B, 0xBE3B, 0xBE3B, 0xBE3C, 0xBE3C, 0xBE3B, 0xBE3C,
    0xBE5C, 0xBE5C, 0xBE3C, 0xBE5C, 0xBE5C, 0xBE5C, 0xBE5C, 0xBE3C, 0xBE5B, 0xBE5C, 0xBE3C, 0xC63C, 0xBE5B, 0xBE3B, 0xC63C, 0xBE3C,
    0xBE3C, 0xBE5C, 0xBE5C, 0xC63C, 0xC65C, 0xC65C, 0xC65C, 0xC65C, 0xC65C, 0xC65C, 0xC65C, 0xC65B, 0xC65C, 0xC65C, 0xC65C, 0xC65C,
    0xB65C, 0xB65B, 0xB65C, 0xB65C, 0xB65B, 0xB63C, 0xB65C, 0xB65B, 0xB65C, 0xB65C, 0xB65C, 0xB65C, 0xB65C, 0xB65C, 0xB65C, 0xB65C,
    0xB65B, 0xB63C, 0xB65C, 0xB63C, 0xB63C, 0xB65B, 0xB63B, 0xB63C, 0xB65B, 0xB65C, 0xB65C, 0xB65B, 0xB65C, 0xB65C, 0xB63C, 0xB65C,
    0xB65C, 0xB63C, 0xB65C, 0xB65C, 0xB65B, 0xB65C, 0xB65C, 0xB65C, 0xB65C, 0xB65B, 0xB65B, 0xB63C, 0xB65C, 0xB65B, 0xB63C, 0xB65B,
    0xB65C, 0xB65C, 0xB65C, 0xB63B, 0xB63B, 0xB63C, 0xB63C, 0xB63C, 0xB63B, 0xB63B, 0xADFA, 0x9D77, 0x4209, 0x31A7, 0x31C7, 0x9557,
    0xADFA, 0x4208, 0x3186, 0x3186, 0x3185, 0x3166, 0x3166, 0x3186, 0x3185, 0x3166, 0x3166, 0x3186, 0x3185, 0x3185, 0x3186, 0x3166,
    0x3186, 0x3186, 0x3185, 0x3166, 0x3166, 0x3185, 0x3166, 0x3185, 0x3185, 0x2924, 0x7B4C, 0xF637, 0xC4F2, 0xF657, 0xF637, 0xF637,
    0xF637, 0xF637, 0xEE17, 0xFE78, 0xD574, 0x5207, 0x18C2, 0x4207, 0x3186, 0x83EF, 0x4A08, 0x20A2, 0x18A2, 0x6B2D, 0xF75D, 0xE638,
    0xEE16, 0xF637, 0xF637, 0xF637, 0xF637, 0xF636, 0xF637, 0xF637, 0xF637, 0xF637, 0xF636, 0xF637, 0xF637, 0xF637, 0xF637, 0xF637,
    0xF636, 0xF637, 0xF637, 0xF637, 0xF637, 0xF637, 0xE5D5, 0xDE38, 0xA4B2, 0x39A6, 0x4A08, 0x20C3, 0x20E3, 0x18C2, 0x1082, 0x20C3,
    0x9BEF, 0xF657, 0xF637, 0xF637, 0xF636, 0xF637, 0xF637, 0xF637, 0xE554, 0xCCB1, 0x5A28, 0x18A2, 0x20E3, 0x20C2, 0x18C3, 0x18C3,
    0x18C3, 0x18C3, 0x18C3, 0x18E2, 0x18C3, 0x18C3, 0x18C3, 0x18C3, 0x20E3, 0x18E2, 0x18C3, 0x18C3, 0x18C3, 0x18E3, 0x18E3, 0x20E4,
    0x18C3, 0x9D16, 0x5AED, 0x6BB0, 0xC69C, 0xB63B, 0xBE3C, 0xBE3B, 0xBE3B, 0xBE3C, 0xBE5B, 0xBE3B, 0xBE5B, 0xBE5B, 0xBE3B, 0xBE3B,
    0xBE3C, 0xBE3B, 0xBE3B, 0xBE3C, 0xBE3C, 0xBE3B, 0xBE3B, 0xBE3B, 0xBE3C, 0xBE3C, 0xBE3C, 0xBE5B, 0xBE5B, 0xBE3C, 0xBE5B, 0xBE5B,
    0xC65C, 0xC65B, 0xC65B, 0xC65C, 0xC63C, 0xC65B, 0xBE5B, 0xBE3C, 0xBE3C, 0xBE3C, 0xBE5B, 0xC65B, 0xC65C, 0xC65C, 0xC65C, 0xC65B,
    0xC63C, 0xC65B, 0xC65B, 0xC63B, 0xC65C, 0xC65C, 0xC65C, 0xC65C, 0xC65C, 0xC65C, 0xC65C, 0xC65C, 0xC65C, 0xC65C, 0xC65C, 0xC65C,
    0xB65C, 0xB65C, 0xB65C, 0xB65C, 0xB63C, 0xB63C, 0xB65C, 0xB65C, 0xB65C, 0xB65C, 0xB65C, 0xB65C, 0xB65C, 0xB65C, 0xB65C, 0xB65C,
    0xB65C, 0xB63C, 0xB63C, 0xB63C, 0xB63C, 0xB65B, 0xB65B, 0xB65C, 0xB65C, 0xB65C, 0xB65C, 0xB65B, 0xB65C, 0xB65B, 0xB65C, 0xB65B,
    0xB65C, 0xB65B, 0xB65C, 0xB65C, 0xB65B, 0xB65C, 0xB65C, 0xB65C, 0xB63C, 0xB63B, 0xB63B, 0xB63B, 0xB63C, 0xB63B, 0xB63C, 0xB63B,
    0xB63B, 0xB63B, 0xB63C, 0xB63B, 0xB63C, 0xB63B, 0xB63C, 0xB63B, 0xB63B, 0xB63B, 0xBE5C, 0x8CB4, 0x31C7, 0x3186, 0x52CC, 0xBE7C,
    0x9516, 0x3186, 0x3186, 0x3186, 0x3186, 0x3165, 0x3186, 0x3186, 0x3186, 0x3165, 0x3166, 0x3186, 0x3186, 0x3186, 0x3186, 0x3165,
    0x3186, 0x3186, 0x3185, 0x3186, 0x3166, 0x3166, 0x3185, 0x3186, 0x3185, 0x2104, 0x72EB, 0xFE58, 0xF658, 0xF637, 0xF637, 0xF637,
    0xF637, 0xEE17, 0xFE78, 0xC513, 0x2903, 0x4A08, 0xC5F7, 0x83CF, 0x8C30, 0xFFFF, 0x8C30, 0x1061, 0x20E3, 0x20C3, 0xBD96, 0xF6BA,
    0xF637, 0xF637, 0xF637, 0xF637, 0xF637, 0xF637, 0xF637, 0xF637, 0xF637, 0xF637, 0xF637, 0xF637, 0xF637, 0xF637, 0xF637, 0xF637,
    0xF637, 0xF637, 0xF637, 0xF637, 0xF637, 0xF637, 0xF658, 0xE699, 0x4A28, 0xBD76, 0xDE9A, 0x3165, 0x20C2, 0x18A2, 0x62EB, 0x736D,
    0x1082, 0x7B0B, 0xF657, 0xF637, 0xF637, 0xF637, 0xF637, 0xF637, 0xDD33, 0xD4F2, 0x51E7, 0x18A2, 0x20C3, 0x18C3, 0x18C3, 0x18C3,
    0x18C3, 0x18C3, 0x18C3, 0x18C2, 0x18C3, 0x18C3, 0x18C3, 0x18C3, 0x18C3, 0x18C3, 0x18C3, 0x18C3, 0x18C3, 0x18E3, 0x18E3, 0x20E3,
    0x10A2, 0x8453, 0x8C94, 0x426A, 0xBE5C, 0xBE3B, 0xBE3C, 0xBE3B, 0xBE3B, 0xBE3B, 0xBE3C, 0xBE3B, 0xBE3B, 0xBE3B, 0xBE3C, 0xBE3B,
    0xBE3C, 0xBE3B, 0xBE3B, 0xBE3B, 0xBE3C, 0xBE3C, 0xBE3C, 0xBE3C, 0xBE3C, 0xBE3C, 0xBE3C, 0xBE3B, 0xBE3B, 0xBE3B, 0xBE3C, 0xC63B,
    0xC63C, 0xC63B, 0xC63B, 0xC65B, 0xBE3C, 0xBE3B, 0xC63C, 0xC63B, 0xC63C, 0xC65C, 0xC65C, 0xC65C, 0xC65C, 0xC65C, 0xC65B, 0xC63B,
    0xC63C, 0xC65B, 0xC65B, 0xC63B, 0xC65C, 0xC65B, 0xC65C, 0xC65C, 0xC65C, 0xC65C, 0xC65C, 0xC65C, 0xC65C, 0xC65C, 0xC65C, 0xCE3B,
    0xB65C, 0xB65C, 0xB65C, 0xB65B, 0xB65C, 0xB65C, 0xB63C, 0xB63C, 0xB63C, 0xB63B, 0xB63C, 0xB63C, 0xB63C, 0xB63C, 0xB63C, 0xB65C,
    0xB63C, 0xB63C, 0xB63B, 0xB63B, 0xB63C, 0xB63C, 0xB63C, 0xB65B, 0xB65B, 0xB63C, 0xB63C, 0xB63C, 0xB63B, 0xB63B, 0xB63C, 0xB63C,
    0xB63C, 0xB63C, 0xB63C, 0xB63C, 0xB63C, 0xB63C, 0xB63C, 0xB63C, 0xB63C, 0xB63C, 0xB63C, 0xB63B, 0xB63B, 0xB63B, 0xB63C, 0xB63C,
    0xB63C, 0xB65B, 0xB65B, 0xB63C, 0xB63C, 0xB63B, 0xB63C, 0xB63C, 0xB63B, 0xB61B, 0xBE7C, 0x7C11, 0x3186, 0x31A7, 0x8473, 0xC69D,
    0x8452, 0x2965, 0x3187, 0x3186, 0x3166, 0x3165, 0x3186, 0x3186, 0x3186, 0x3165, 0x3186, 0x3186, 0x3186, 0x3186, 0x3186, 0x3166,
    0x3185, 0x3166, 0x3186, 0x3185, 0x3185, 0x3185, 0x3186, 0x3166, 0x3186, 0x2124, 0x62A9, 0xF637, 0xEE17, 0xF637, 0xF637, 0xF637,
    0xF637, 0xF657, 0xDDB5, 0x3965, 0x7BAE, 0xEF3D, 0xE6DB, 0x3145, 0x83EF, 0xE6BA, 0x5248, 0x1882, 0x20E3, 0x18A2, 0x9451, 0xF6FA,
    0xEE17, 0xF637, 0xF637, 0xF637, 0xF637, 0xF637, 0xF637, 0xF637, 0xF637, 0xF637, 0xF637, 0xF637, 0xF637, 0xF637, 0xF637, 0xF637,
    0xF637, 0xF637, 0xF637, 0xF637, 0xF637, 0xF637, 0xFE99, 0xB514, 0x3165, 0xE6BA, 0xDE9B, 0x3165, 0x18A2, 0x18A2, 0x39A6, 0xE6DB,
    0xAD34, 0x20E3, 0x93AD, 0xFE98, 0xEE17, 0xF637, 0xF637, 0xF637, 0xDD13, 0xCCB1, 0x3965, 0x18C2, 0x20C3, 0x20E3, 0x18C3, 0x18C3,
    0x18C3, 0x18C3, 0x18C3, 0x18C3, 0x18C3, 0x18C3, 0x18C3, 0x18C3, 0x20C3, 0x18C3, 0x18C3, 0x18C3, 0x18C3, 0x18C3, 0x18E3, 0x20E3,
    0x10A2, 0x634E, 0xBDFA, 0x3A09, 0xA578, 0xBE5C, 0xBE3C, 0xBE3B, 0xBE3B, 0xBE5B, 0xBE3C, 0xBE3C, 0xBE3C, 0xBE3C, 0xBE3B, 0xBE3B,
    0xBE3B, 0xBE3C, 0xBE3C, 0xBE3B, 0xBE3C, 0xBE3B, 0xBE3C, 0xBE3C, 0xBE3B, 0xBE3B, 0xC63B, 0xC63C, 0xC63B, 0xC63B, 0xC63B, 0xBE3B,
    0xBE3C, 0xC63C, 0xC63B, 0xC65B, 0xC63B, 0xC63C, 0xC63C, 0xC63C, 0xC63C, 0xC63C, 0xC65B, 0xC65C, 0xC65C, 0xC63C, 0xC63B, 0xC63B,
    0xC65C, 0xC65C, 0xC65B, 0xC65B, 0xC65B, 0xC65B, 0xC65B, 0xC65C, 0xC65C, 0xC65C, 0xCE5C, 0xCE5C, 0xCE5C, 0xCE5B, 0xCE5B, 0xCE5C,
    0xBE5B, 0xB65B, 0xB65C, 0xB65C, 0xB65C, 0xB65C, 0xB65C, 0xB65C, 0xB65C, 0xB65C, 0xB65C, 0xB65B, 0xB65C, 0xB63C, 0xB65C, 0xB65C,
    0xB65C, 0xB65C, 0xB63C, 0xB63C, 0xB65B, 0xB63C, 0xB63C, 0xB65C, 0xB65C, 0xB63C, 0xB65B, 0xB63B, 0xB63C, 0xB63C, 0xB65C, 0xB65B,
    0xB65C, 0xB63C, 0xB63C, 0xB65C, 0xB63B, 0xB65C, 0xB65C, 0xB63C, 0xB65B, 0xB63C, 0xB63C, 0xB63C, 0xB63B, 0xB65C, 0xB63B, 0xB65B,
    0xB63B, 0xB63C, 0xB65C, 0xB63B, 0xB63B, 0xB63C, 0xB63B, 0xB63C, 0xB63B, 0xB61B, 0xBE5C, 0x634F, 0x2986, 0x4229, 0xADB9, 0xBE7D,
    0x6BAF, 0x2965, 0x31A7, 0x3186, 0x3165, 0x3166, 0x3186, 0x3186, 0x3165, 0x3165, 0x3186, 0x3186, 0x3185, 0x3186, 0x3186, 0x3166,
    0x3186, 0x3185, 0x3185, 0x3185, 0x3186, 0x3185, 0x3185, 0x3185, 0x3186, 0x3165, 0x6289, 0xF637, 0xF637, 0xF637, 0xF637, 0xF637,
    0xEE16, 0xFE98, 0x7B2B, 0x6B2C, 0xEF5E, 0xEF3D, 0xAD35, 0x20C2, 0x2104, 0x3165, 0x18A2, 0x20C2, 0x20E2, 0x1882, 0x7BAF, 0xF6FB,
    0xEE17, 0xF637, 0xF637, 0xF637, 0xF637, 0xF637, 0xF637, 0xF637, 0xF617, 0xF617, 0xF617, 0xF617, 0xF617, 0xF617, 0xF617, 0xF617,
    0xF617, 0xF637, 0xF637, 0xF637, 0xF637, 0xEE16, 0xFEB9, 0x9410, 0x1861, 0x6AEB, 0x5A8A, 0x1882, 0x20C3, 0x20C3, 0x18C2, 0xAD55,
    0xF79E, 0xAD34, 0x4186, 0xE5D5, 0xF657, 0xF637, 0xF637, 0xEDF6, 0xDD12, 0xBC6F, 0x2903, 0x18C3, 0x20C3, 0x20E3, 0x18C3, 0x18C3,
    0x18C3, 0x18C3, 0x18C3, 0x18C3, 0x18C3, 0x18C3, 0x18C3, 0x18C3, 0x20E3, 0x18C3, 0x18C3, 0x18C3, 0x18C3, 0x18C3, 0x18C3, 0x20E3,
    0x18A2, 0x528B, 0xCE9D, 0x52CC, 0x8452, 0xC69D, 0xBE3B, 0xBE5B, 0xBE3B, 0xBE3C, 0xBE3B, 0xBE3C, 0xBE5B, 0xBE5B, 0xBE3C, 0xBE3C,
    0xBE3B, 0xBE5B, 0xC65B, 0xC63B, 0xBE3B, 0xC63B, 0xC63B, 0xBE3B, 0xBE3C, 0xBE3C, 0xBE3B, 0xC63B, 0xC63B, 0xC63B, 0xC63B, 0xC65B,
    0xC65B, 0xC65B, 0xC63C, 0xC63C, 0xC63B, 0xC65B, 0xC65B, 0xC65C, 0xC65C, 0xC65C, 0xC65B, 0xC65C, 0xC65C, 0xC63C, 0xC65B, 0xC65B,
    0xC65B, 0xC65B, 0xC65B, 0xC65B, 0xC65B, 0xC65B, 0xC65B, 0xCE5C, 0xCE5C, 0xCE5C, 0xCE5B, 0xCE5C, 0xCE5C, 0xCE3C, 0xCE3C, 0xD63C,
    0xBE5C, 0xB65C, 0xB65C, 0xB65C, 0xB65B, 0xB65C, 0xB65C, 0xB65B, 0xB65C, 0xB65C, 0xB65C, 0xB65B, 0xB65C, 0xB63C, 0xB65C, 0xB65C,
    0xB65C, 0xB65C, 0xB65C, 0xB65C, 0xB65C, 0xB65C, 0xB65C, 0xB65C, 0xB65B, 0xB65C, 0xB65C, 0xB63B, 0xB63C, 0xB63C, 0xB65C, 0xB65C,
    0xBE5C, 0xBE5C, 0xB65C, 0xB65C, 0xB65C, 0xB65B, 0xBE5C, 0xB65C, 0xB65B, 0xB65C, 0xB63C, 0xB63C, 0xB65B, 0xB65C, 0xBE5C, 0xBE5B,
    0xBE5C, 0xBE5C, 0xBE5C, 0xB65C, 0xB65B, 0xB63C, 0xB65B, 0xB65C, 0xB63C, 0xB63B, 0xB63B, 0x52CC, 0x2965, 0x634E, 0xBE5C, 0xBE5B,
    0x5B0D, 0x2965, 0x31A7, 0x3186, 0x3165, 0x3186, 0x3186, 0x3186, 0x3165, 0x2965, 0x3186, 0x3186, 0x3186, 0x3186, 0x3165, 0x3166,
    0x3186, 0x3186, 0x3186, 0x3186, 0x3186, 0x3185, 0x3186, 0x3186, 0x2945, 0x62A9, 0x8B4C, 0xE5B6, 0xF657, 0xF637, 0xF637, 0xF637,
    0xF637, 0xEE16, 0x6ACA, 0xCE39, 0xE6FC, 0xEF3D, 0x9CB2, 0x18A2, 0x2103, 0x20C2, 0x20C3, 0x20C3, 0x2903, 0x18A2, 0x7BAF, 0xF6DB,
    0xEE36, 0xF637, 0xF637, 0xF637, 0xF637, 0xF617, 0xF617, 0xF617, 0xF617, 0xF617, 0xF617, 0xF617, 0xF617, 0xF616, 0xF617, 0xF617,
    0xF617, 0xF617, 0xF637, 0xF637, 0xF637, 0xF616, 0xFEB9, 0x7B8E, 0x1861, 0x1882, 0x1881, 0x20C3, 0x18A2, 0x18A2, 0x18A2, 0x9CB3,
    0xE71D, 0xEF3C, 0x6B0C, 0x9C0F, 0xFE98, 0xEE16, 0xF637, 0xEDD5, 0xDCF2, 0xA3CE, 0x6A68, 0x3145, 0x18C3, 0x20E3, 0x20E3, 0x18C3,
    0x18C3, 0x18C3, 0x18C3, 0x18C3, 0x20C3, 0x18C3, 0x18C3, 0x18C3, 0x20E3, 0x18C3, 0x18C3, 0x18C3, 0x18C3, 0x18C3, 0x18E3, 0x18E3,
    0x18A2, 0x4209, 0xC67C, 0x8432, 0x5B2D, 0xC67D, 0xBE3B, 0xBE3B, 0xBE3B, 0xBE3C, 0xBE3B, 0xBE3C, 0xC63C, 0xC65B, 0xC63C, 0xC63B,
    0xBE3B, 0xC63B, 0xC63B, 0xC63C, 0xC63B, 0xC63B, 0xC63B, 0xC63B, 0xC63B, 0xC63B, 0xC63B, 0xC63B, 0xC63B, 0xC65C, 0xC65B, 0xC63B,
    0xC63C, 0xC63B, 0xC63C, 0xC63B, 0xC63B, 0xC65B, 0xC65B, 0xC65C, 0xC65B, 0xC65B, 0xC65C, 0xC65B, 0xC65B, 0xC63C, 0xC65B, 0xC65B,
    0xC63B, 0xC65B, 0xCE5B, 0xCE5B, 0xCE5B, 0xCE3B, 0xCE5B, 0xCE5C, 0xCE5C, 0xCE5B, 0xCE5C, 0xCE5C, 0xD63C, 0xD63C, 0xD63B, 0xD63C,
    0xBE5C, 0xBE5C, 0xBE5C, 0xBE5C, 0xBE5C, 0xBE5C, 0xBE5C, 0xBE5C, 0xBE5C, 0xBE5C, 0xBE5C, 0xBE5C, 0xB63B, 0xB63C, 0xBE5C, 0xBE5C,
    0xBE5B, 0xB65B, 0xB65C, 0xB65C, 0xBE5C, 0xBE5C, 0xBE5C, 0xBE5C, 0xBE5C, 0xBE5C, 0xBE5C, 0xBE5C, 0xBE5C, 0xBE5C, 0xBE5B, 0xBE5C,
    0xBE5B, 0xBE5C, 0xBE5C, 0xBE5C, 0xBE3C, 0xBE5B, 0xBE5C, 0xBE5C, 0xBE5C, 0xBE5B, 0xBE3B, 0xBE3C, 0xBE5C, 0xBE5B, 0xBE3C, 0xBE5C,
    0xBE5C, 0xBE5C, 0xBE5C, 0xBE3C, 0xBE5C, 0xBE3C, 0xBE5B, 0xBE3C, 0xBE3C, 0xBE5B, 0xB5FA, 0x4A6A, 0x3186, 0x8C93, 0xC67C, 0xB61A,
    0x4A8B, 0x2965, 0x31A6, 0x3186, 0x2965, 0x3186, 0x3186, 0x3186, 0x3165, 0x3165, 0x3166, 0x3166, 0x3186, 0x3185, 0x3165, 0x3186,
    0x3186, 0x3186, 0x3186, 0x3186, 0x3186, 0x3186, 0x3185, 0x3186, 0x2945, 0x830A, 0xA40E, 0xD575, 0xF657, 0xF637, 0xF637, 0xF637,
    0xF637, 0xEE16, 0xDDD6, 0xE6DC, 0xDEBB, 0xEF5D, 0x9CB2, 0x20C3, 0x5A09, 0x4986, 0x1082, 0x3945, 0x832D, 0x3124, 0x9450, 0xF6DA,
    0xF616, 0xF637, 0xF637, 0xF617, 0xF617, 0xF617, 0xF616, 0xF617, 0xF617, 0xF5F7, 0xF5F6, 0xF5F7, 0xF5F7, 0xF5F7, 0xF5F7, 0xF5F7,
    0xF617, 0xF617, 0xF617, 0xF637, 0xF637, 0xF617, 0xFEB9, 0x7B8E, 0x28C3, 0x6208, 0x3124, 0x10A1, 0x2904, 0x49C7, 0x18A2, 0x9CB2,
    0xEF1D, 0xE71C, 0xACF3, 0x9BEE, 0xFE98, 0xEE16, 0xF637, 0xE594, 0xDCF2, 0x9B8D, 0xABEE, 0x3965, 0x18C3, 0x20E3, 0x18E3, 0x18C3,
    0x18C3, 0x18C3, 0x18C3, 0x18C3, 0x18C3, 0x18C3, 0x18C3, 0x18C3, 0x20C3, 0x18C3, 0x18C3, 0x18C3, 0x18C3, 0x18C3, 0x18E3, 0x18E3,
    0x18C3, 0x39C8, 0xBE3B, 0xAD78, 0x4A8B, 0xBE1B, 0xC63C, 0xBE3B, 0xC63C, 0xC63C, 0xC63B, 0xC63B, 0xC63C, 0xC63B, 0xC63B, 0xC63B,
    0xC63B, 0xC63C, 0xC63B, 0xC63B, 0xC63B, 0xC63B, 0xC63B, 0xC65B, 0xC63B, 0xC63C, 0xC63C, 0xC63B, 0xC63B, 0xC65C, 0xC65C, 0xC65B,
    0xC65C, 0xC65B, 0xC65B, 0xC65C, 0xC65B, 0xC63C, 0xC65B, 0xC65B, 0xC65B, 0xC65B, 0xC65B, 0xC65B, 0xC65B, 0xC63B, 0xCE3B, 0xCE5B,
    0xCE3B, 0xCE3B, 0xCE3B, 0xCE3B, 0xCE5B, 0xCE3B, 0xCE3B, 0xCE5C, 0xD65C, 0xD63B, 0xD63C, 0xD63C, 0xD63B, 0xD63B, 0xD63B, 0xD63C,
    0xBE5C, 0xBE5C, 0xBE5C, 0xBE5C, 0xBE5C, 0xBE5C, 0xBE5B, 0xBE5C, 0xBE5C, 0xBE5B, 0xBE5B, 0xBE5C, 0xBE3C, 0xBE5C, 0xBE5B, 0xB65C,
    0xB65C, 0xB65C, 0xB65B, 0xBE5C, 0xBE5C, 0xBE5B, 0xBE5B, 0xBE5B, 0xBE5B, 0xBE5C, 0xBE5B, 0xBE5B, 0xBE5C, 0xBE5C, 0xBE5B, 0xBE5B,
    0xBE5C, 0xBE5B, 0xBE5B, 0xBE5C, 0xBE3C, 0xBE5B, 0xBE5B, 0xBE5B, 0xBE5C, 0xBE5B, 0xBE5B, 0xBE5B, 0xBE5B, 0xBE5C, 0xBE5C, 0xBE5B,
    0xBE5C, 0xBE5C, 0xBE5B, 0xBE5B, 0xBE5C, 0xBE5B, 0xBE5B, 0xBE5C, 0xBE3C, 0xBE5C, 0xADDA, 0x4229, 0x39E8, 0xA598, 0xC67C, 0xB5D9,
    0x4229, 0x3186, 0x3186, 0x3186, 0x2965, 0x3186, 0x3185, 0x3185, 0x3165, 0x3166, 0x3185, 0x3186, 0x3166, 0x3166, 0x3165, 0x3186,
    0x3166, 0x3166, 0x3185, 0x3185, 0x3185, 0x3185, 0x3186, 0x3186, 0x2945, 0x7AEB, 0xAC30, 0xCD54, 0xFE58, 0xF637, 0xF637, 0xF637,
    0xF637, 0xF637, 0xF657, 0xE6DB, 0xDEDB, 0xE73D, 0xAD96, 0x3945, 0x7249, 0x6A28, 0x51A7, 0x5A08, 0x6ACB, 0x3966, 0xBD96, 0xF699,
    0xF616, 0xF617, 0xF617, 0xF616, 0xF5F7, 0xF5F7, 0xF5F6, 0xF5F6, 0xF5F6, 0xF5F7, 0xF5F6, 0xF5F6, 0xF5F6, 0xF5F6, 0xF5F6, 0xF5F6,
    0xF5F6, 0xF5F7, 0xF617, 0xF616, 0xF616, 0xF617, 0xFEB9, 0x9450, 0x4145, 0x724A, 0x59C8, 0x3125, 0x628B, 0x9C11, 0x3145, 0xB596,
    0xEF1C, 0xDEDB, 0xDE38, 0xE5B5, 0xF657, 0xF637, 0xF637, 0xDD53, 0xD4B1, 0x9B8D, 0xBC50, 0x3964, 0x18C3, 0x20E4, 0x18C3, 0x18C3,
    0x18C3, 0x18C3, 0x18C3, 0x18E2, 0x20E3, 0x18C2, 0x18C3, 0x18C3, 0x18C3, 0x18C3, 0x18C3, 0x18C3, 0x18C2, 0x18C3, 0x18C3, 0x18E3,
    0x18C2, 0x3187, 0xB5DA, 0xC63B, 0x52AB, 0xAD78, 0xC67C, 0xC63B, 0xC65B, 0xC65B, 0xC63B, 0xC63C, 0xC63B, 0xC63B, 0xC63C, 0xC63B,
    0xC65B, 0xC63B, 0xC63C, 0xC63B, 0xC65B, 0xC63C, 0xC63C, 0xC63B, 0xC63B, 0xC63B, 0xC63C, 0xC65B, 0xC65B, 0xC65B, 0xC65B, 0xC65C,
    0xC65B, 0xC65B, 0xC65C, 0xC65C, 0xC65B, 0xC65B, 0xC65C, 0xC65B, 0xCE5B, 0xCE5C, 0xCE3C, 0xCE5B, 0xCE5B, 0xCE5B, 0xCE3C, 0xCE5C,
    0xCE5B, 0xCE3B, 0xCE5C, 0xCE5C, 0xCE3C, 0xD63C, 0xD63B, 0xD63C, 0xD63C, 0xD63B, 0xD63C, 0xD63C, 0xD63B, 0xD65B, 0xD65B, 0xD63C,
    0xBE5C, 0xBE5C, 0xBE5C, 0xBE5C, 0xBE5C, 0xBE5C, 0xBE5C, 0xBE5C, 0xBE5B, 0xBE5B, 0xBE5C, 0xBE5C, 0xBE5C, 0xBE5C, 0xBE5B, 0xBE5C,
    0xBE5C, 0xBE5C, 0xBE5B, 0xBE5B, 0xBE5C, 0xBE5C, 0xBE5C, 0xBE5C, 0xBE5B, 0xBE5C, 0xBE5C, 0xBE5C, 0xBE5C, 0xBE5C, 0xBE3C, 0xBE5C,
    0xBE5C, 0xBE5C, 0xBE5C, 0xBE5B, 0xBE5C, 0xBE5C, 0xBE5C, 0xBE5C, 0xBE5C, 0xBE5C, 0xBE5C, 0xBE5C, 0xBE5C, 0xBE5C, 0xBE5C, 0xBE5C,
    0xBE5B, 0xBE5B, 0xBE5C, 0xBE5C, 0xBE5B, 0xBE5C, 0xBE5C, 0xBE5B, 0xBE3B, 0xBE5C, 0xADB9, 0x39E8, 0x4A8B, 0xBE3B, 0xBE5C, 0xAD99,
    0x39E8, 0x3186, 0x3186, 0x3166, 0x2965, 0x3186, 0x3166, 0x3166, 0x2965, 0x3166, 0x3186, 0x3165, 0x3166, 0x3165, 0x3166, 0x3185,
    0x3186, 0x3166, 0x3166, 0x3186, 0x3186, 0x3185, 0x3166, 0x3186, 0x2945, 0x832B, 0xA3CE, 0xBCF2, 0xFE77, 0xF637, 0xF637, 0xF637,
    0xF637, 0xF637, 0xF637, 0xEE9A, 0xDEDC, 0xE6FB, 0xE6FC, 0x6AEC, 0x726A, 0x82EC, 0x8AED, 0x934F, 0x730C, 0x7BAF, 0xEE9A, 0xF617,
    0xF617, 0xF617, 0xF5F7, 0xF5F6, 0xF5F6, 0xF5F6, 0xF5F6, 0xF5D6, 0xF5D6, 0xF5D6, 0xF5D6, 0xF5D6, 0xF5D6, 0xF5D6, 0xF5D6, 0xF5F6,
    0xF5F6, 0xF5F6, 0xF5F6, 0xF5F7, 0xF5F7, 0xF616, 0xF658, 0xCDD6, 0x5A4A, 0x7A6A, 0x7229, 0x7209, 0x6A2A, 0x5A49, 0x5289, 0xE6DC,
    0xDEDC, 0xE6BB, 0xEE37, 0xF637, 0xF637, 0xF637, 0xF637, 0xDD12, 0xC470, 0x934B, 0xC470, 0x3144, 0x18C2, 0x20E3, 0x18C3, 0x18C3,
    0x18C3, 0x18C3, 0x18C3, 0x18C3, 0x20C3, 0x18C3, 0x18C3, 0x18C3, 0x18C3, 0x18C3, 0x18C3, 0x18C3, 0x18C3, 0x18C3, 0x18C3, 0x18E3,
    0x18C3, 0x2966, 0xAD98, 0xCE9C, 0x634E, 0x94B5, 0xCE9D, 0xC63B, 0xC63B, 0xC63C, 0xC63B, 0xC63C, 0xC63B, 0xC63B, 0xC65B, 0xC63B,
    0xC63B, 0xC65C, 0xC65B, 0xC65C, 0xC65B, 0xC63B, 0xC63B, 0xC63B, 0xC63B, 0xC63B, 0xC63B, 0xC65B, 0xC65C, 0xC63C, 0xC65B, 0xC65C,
    0xC65C, 0xC65B, 0xC65B, 0xCE5B, 0xCE5C, 0xCE3C, 0xCE5B, 0xCE5B, 0xCE5B, 0xCE5B, 0xCE5C, 0xCE3B, 0xCE3B, 0xCE5B, 0xCE5C, 0xCE5C,
    0xD65C, 0xD63B, 0xD63B, 0xD63B, 0xD63B, 0xD63B, 0xD63B, 0xD63C, 0xD63C, 0xD63B, 0xD65B, 0xD65B, 0xD65B, 0xD65B, 0xD65B, 0xD65C,
    0xBE5C, 0xBE5C, 0xBE5C, 0xBE5C, 0xBE5C, 0xBE5C, 0xBE5C, 0xBE5C, 0xBE5B, 0xBE5B, 0xBE5B, 0xBE5C, 0xBE5C, 0xBE5C, 0xBE5C, 0xBE5C,
    0xBE5C, 0xBE5C, 0xBE5C, 0xBE5C, 0xBE5C, 0xBE5B, 0xBE5C, 0xBE5C, 0xBE5C, 0xBE5C, 0xBE5B, 0xBE5C, 0xBE5B, 0xBE5C, 0xBE3B, 0xBE3C,
    0xBE5C, 0xBE5B, 0xBE5C, 0xBE5B, 0xBE5B, 0xBE5C, 0xBE5C, 0xBE5B, 0xBE5C, 0xBE5C, 0xBE5C, 0xBE5C, 0xBE5C, 0xBE5C, 0xBE5B, 0xBE5C,
    0xBE5B, 0xBE5C, 0xBE5B, 0xBE5C, 0xBE5C, 0xBE5B, 0xBE5C, 0xBE5B, 0xBE3B, 0xC65C, 0xADD9, 0x39C8, 0x634E, 0xC67C, 0xBE5B, 0xAD78,
    0x39C7, 0x3186, 0x3186, 0x3166, 0x2965, 0x3186, 0x3165, 0x3166, 0x2966, 0x3185, 0x3186, 0x3166, 0x3166, 0x3165, 0x3166, 0x3185,
    0x3185, 0x3166, 0x3185, 0x3186, 0x3186, 0x3186, 0x3166, 0x3186, 0x2945, 0xA3CE, 0xCCB1, 0xB491, 0xFE78, 0xEE37, 0xF637, 0xF637,
    0xF637, 0xF637, 0xF637, 0xF637, 0xEEFB, 0xDF1D, 0xD71C, 0xCEDC, 0xBDF8, 0xAD35, 0x9C72, 0x8BF0, 0x9C93, 0xE69A, 0xF637, 0xF5F6,
    0xF5F7, 0xF5F6, 0xF5F6, 0xF5F6, 0xF5D6, 0xF5D6, 0xF5D6, 0xF5D6, 0xF5D6, 0xF5D6, 0xF5B6, 0xF5B6, 0xF5B6, 0xF5B6, 0xF5D6, 0xF5D6,
    0xF5D6, 0xF5D6, 0xF5F6, 0xF5F6, 0xF5F7, 0xF5F7, 0xF5F6, 0xF679, 0xBD96, 0x9411, 0x936E, 0x936E, 0xACB3, 0x9C92, 0xC618, 0xEF5D,
    0xE6DB, 0xEE58, 0xEE17, 0xEE37, 0xF637, 0xF637, 0xEDF6, 0xDCF2, 0xB42F, 0x932C, 0xC470, 0x3144, 0x18C2, 0x20E3, 0x18C3, 0x18C3,
    0x18C3, 0x18C3, 0x18C3, 0x18C3, 0x18C3, 0x18C3, 0x18C3, 0x18C3, 0x20E3, 0x18C3, 0x18C3, 0x18C3, 0x18C3, 0x18C3, 0x18E3, 0x18E3,
    0x18C3, 0x2945, 0xAD98, 0xD6BD, 0x7BF1, 0x8412, 0xCE9D, 0xC63B, 0xC63B, 0xC63C, 0xC63B, 0xC63B, 0xC63B, 0xC63B, 0xC63B, 0xC63B,
    0xC65B, 0xC65C, 0xC65B, 0xC65B, 0xC65C, 0xC65B, 0xC63B, 0xC63B, 0xC63B, 0xC65B, 0xC65C, 0xC65B, 0xC65C, 0xC63C, 0xC63B, 0xC65B,
    0xCE5B, 0xCE5C, 0xCE5B, 0xCE5C, 0xCE5B, 0xCE3C, 0xCE3C, 0xCE5B, 0xCE3C, 0xCE5B, 0xCE5B, 0xCE5B, 0xCE3C, 0xCE3C, 0xD63C, 0xD65C,
    0xD63C, 0xD63C, 0xCE3C, 0xCE3C, 0xCE5C, 0xD63B, 0xD63B, 0xD63B, 0xD65B, 0xD65B, 0xD65B, 0xD65B, 0xD65B, 0xD65B, 0xD65B, 0xD65C,
    0xBE5C, 0xBE5C, 0xBE5C, 0xBE5B, 0xBE5B, 0xBE5C, 0xBE5C, 0xBE3C, 0xBE5C, 0xBE5B, 0xBE5B, 0xBE5C, 0xBE5C, 0xBE5B, 0xBE5C, 0xBE5C,
    0xBE5C, 0xBE5C, 0xBE5C, 0xBE5C, 0xBE5C, 0xBE5B, 0xBE5C, 0xBE5B, 0xBE5B, 0xBE5C, 0xBE5C, 0xBE5C, 0xBE5B, 0xBE5B, 0xBE5B, 0xBE5C,
    0xBE5B, 0xBE5B, 0xBE5C, 0xBE5C, 0xBE5C, 0xBE5C, 0xBE5C, 0xBE3C, 0xBE5C, 0xBE5C, 0xBE5C, 0xBE5B, 0xBE5B, 0xBE5B, 0xBE3C, 0xBE3C,
    0xBE3C, 0xBE3B, 0xBE5B, 0xBE3B, 0xBE5C, 0xBE5B, 0xC63C, 0xBE5C, 0xBE3B, 0xC65C, 0xB5FA, 0x3A09, 0x7C11, 0xC67C, 0xC65B, 0xA557,
    0x39C7, 0x31A6, 0x3166, 0x41E8, 0x39E8, 0x3165, 0x3185, 0x3165, 0x2966, 0x3185, 0x3166, 0x3166, 0x3166, 0x3165, 0x3166, 0x3186,
    0x3185, 0x3166, 0x3186, 0x3186, 0x3185, 0x3185, 0x3166, 0x3186, 0x2945, 0xA3CE, 0xD4F2, 0xB470, 0xF658, 0xF637, 0xF637, 0xF637,
    0xF637, 0xF637, 0xF617, 0xF678, 0xD71C, 0xBEFE, 0xC73E, 0xBEDD, 0x7C52, 0x9473, 0xA4D4, 0xBD55, 0xDDD6, 0xEE17, 0xF5F7, 0xF5F6,
    0xF5F6, 0xF5F6, 0xF5D6, 0xF5D6, 0xF5D6, 0xF5D6, 0xF5D6, 0xF5B6, 0xF595, 0xED95, 0xED75, 0xED75, 0xF575, 0xF595, 0xED75, 0xF5B6,
    0xF5D6, 0xF5D6, 0xF5D6, 0xF5F6, 0xF5F6, 0xF5F7, 0xF5F6, 0xF617, 0xD5B6, 0xA492, 0x8BD0, 0xA515, 0xAE5B, 0x9DD9, 0xD75E, 0xCF3E,
    0xDF1C, 0xEE58, 0xEE17, 0xF637, 0xF617, 0xF637, 0xE5B5, 0xD4F2, 0xABEE, 0x830C, 0xABCE, 0x3145, 0x18C3, 0x20E3, 0x18C3, 0x18C3,
    0x18C3, 0x18C3, 0x18C3, 0x18C3, 0x18C3, 0x18E2, 0x18C3, 0x18C3, 0x20E3, 0x18C3, 0x18C3, 0x18E3, 0x18C2, 0x18C3, 0x18A2, 0x18E3,
    0x18C3, 0x2946, 0xB598, 0xD69D, 0x9474, 0x73B0, 0xCE9D, 0xC63B, 0xC63B, 0xC65B, 0xC65B, 0xC63B, 0xC63C, 0xC63C, 0xC63B, 0xC63B,
    0xC65B, 0xC63C, 0xC65B, 0xCE5B, 0xCE5B, 0xC63B, 0xC63B, 0xC65B, 0xC65B, 0xC65C, 0xC65C, 0xC65B, 0xC65B, 0xCE5B, 0xCE5B, 0xCE5B,
    0xCE5C, 0xCE3C, 0xCE5C, 0xCE5B, 0xCE5B, 0xCE3C, 0xCE5C, 0xCE5B, 0xCE3C, 0xD63C, 0xD63C, 0xD63C, 0xCE3C, 0xCE3C, 0xD65B, 0xCE5B,
    0xCE5B, 0xD63C, 0xD63B, 0xD63B, 0xD65B, 0xD65B, 0xD65B, 0xD65B, 0xD65B, 0xD65B, 0xD65B, 0xD65B, 0xD65B, 0xD65B, 0xD65B, 0xD65B,
    0xC65C, 0xBE5C, 0xBE5C, 0xBE5C, 0xBE5B, 0xBE5C, 0xBE5C, 0xBE5C, 0xBE5C, 0xBE5C, 0xBE5B, 0xC65C, 0xBE3B, 0xBE5B, 0xBE5C, 0xC65C,
    0xC65C, 0xBE5B, 0xBE5C, 0xBE5C, 0xBE5C, 0xBE5C, 0xBE5B, 0xBE3C, 0xBE3B, 0xBE3C, 0xBE5B, 0xBE5B, 0xBE5B, 0xBE5C, 0xBE5B, 0xBE3C,
    0xBE3C, 0xBE3C, 0xBE3B, 0xBE3C, 0xBE3B, 0xBE5B, 0xBE3B, 0xBE3B, 0xBE5B, 0xBE5B, 0xC63B, 0xC63C, 0xBE3B, 0xBE3B, 0xC63B, 0xBE3B,
    0xC63B, 0xC63C, 0xBE3B, 0xC65B, 0xC65C, 0xC63B, 0xC65B, 0xC65B, 0xBE3B, 0xC63B, 0xBE3B, 0x4A6B, 0x8C94, 0xCE7C, 0xC65B, 0xA557,
    0x39A7, 0x31A6, 0x2945, 0x5ACB, 0x4A29, 0x2945, 0x3186, 0x3185, 0x2965, 0x3186, 0x3185, 0x3186, 0x3186, 0x3165, 0x3165, 0x3186,
    0x3185, 0x3166, 0x3186, 0x3186, 0x3166, 0x3185, 0x3186, 0x3166, 0x3165, 0xABEF, 0xDCF2, 0xB44F, 0xEE17, 0xF637, 0xF637, 0xF637,
    0xF637, 0xF637, 0xF617, 0xF637, 0xD6DC, 0xCEBC, 0xDE9B, 0xC619, 0xCDF8, 0xDDD7, 0xDD96, 0xF617, 0xFDF7, 0xF5D6, 0xF5D6, 0xF5D6,
    0xF5D6, 0xF5D6, 0xF5D6, 0xF5D6, 0xF5D6, 0xF5D6, 0xF5D6, 0xF595, 0xED75, 0xF575, 0xF575, 0xED75, 0xED75, 0xED75, 0xED75, 0xEDB5,
    0xF5D6, 0xF5D6, 0xF5D6, 0xF5D6, 0xF5D6, 0xF5D6, 0xF5F6, 0xF5D6, 0xF5F7, 0xEE17, 0xDDB6, 0xDDF8, 0xB5F9, 0x9598, 0xC6FD, 0xCEFD,
    0xCEBC, 0xEE99, 0xF616, 0xF636, 0xF617, 0xF637, 0xE574, 0xD4D2, 0x9B6D, 0x8B2C, 0xABEE, 0x3145, 0x18C3, 0x20E3, 0x18C3, 0x18C3,
    0x18C3, 0x18C3, 0x18C3, 0x18C3, 0x20E3, 0x20C3, 0x20C3, 0x18C3, 0x20E3, 0x18C3, 0x18C3, 0x18C3, 0x18C3, 0x18C3, 0x2924, 0x2104,
    0x18C3, 0x2966, 0xB5B8, 0xD69C, 0xA4F5, 0x738F, 0xCE9C, 0xC63B, 0xC63B, 0xCE3C, 0xCE5B, 0xCE3B, 0xCE5B, 0xCE5C, 0xCE5C, 0xC65C,
    0xC65B, 0xCE5C, 0xCE5C, 0xCE5B, 0xCE5B, 0xC65B, 0xC63B, 0xC65B, 0xCE5B, 0xC63C, 0xCE3B, 0xCE5C, 0xCE5B, 0xCE5C, 0xCE3B, 0xCE5B,
    0xCE5B, 0xCE3C, 0xCE3B, 0xCE3C, 0xCE3B, 0xD63C, 0xD63C, 0xCE3C, 0xCE5B, 0xCE5B, 0xCE3C, 0xCE5B, 0xD65B, 0xD65C, 0xD65B, 0xD65B,
    0xD65B, 0xD65B, 0xD63B, 0xD63B, 0xD65B, 0xD65B, 0xD65B, 0xD65B, 0xD65B, 0xD65B, 0xD65B, 0xD65C, 0xD65B, 0xD65B, 0xD65B, 0xD65B,
    0xC65C, 0xC65C, 0xC65B, 0xC65C, 0xC65C, 0xC65C, 0xC65C, 0xC65C, 0xC65C, 0xBE5C, 0xBE5B, 0xBE5B, 0xBE3C, 0xBE5C, 0xBE5B, 0xC65C,
    0xC65C, 0xC65B, 0xC63C, 0xBE3B, 0xBE3B, 0xBE3C, 0xBE5B, 0xBE3B, 0xC63B, 0xC65C, 0xC65B, 0xC65B, 0xC65C, 0xC65C, 0xC63B, 0xC63B,
    0xC63B, 0xC63C, 0xC63B, 0xC63B, 0xC63C, 0xC65B, 0xC65B, 0xC63B, 0xC65B, 0xC65C, 0xC63B, 0xC63B, 0xC63B, 0xBE3B, 0xC63B, 0xC63B,
    0xC63B, 0xC65C, 0xC65B, 0xC65B, 0xC65B, 0xC63C, 0xC63B, 0xC63B, 0xC63C, 0xC63B, 0xC67C, 0x632E, 0x94D5, 0xCE7C, 0xC65C, 0xAD77,
    0x39A7, 0x31A6, 0x2945, 0x73AF, 0x4A4A, 0x2945, 0x3186, 0x3165, 0x2965, 0x3166, 0x3186, 0x3185, 0x3166, 0x2965, 0x3185, 0x3186,
    0x3165, 0x3186, 0x3166, 0x3165, 0x3186, 0x3185, 0x3186, 0x3186, 0x3165, 0xB40F, 0xDD12, 0xB430, 0xDDB5, 0xF657, 0xF637, 0xF636,
    0xF637, 0xF617, 0xF617, 0xF5D5, 0xEE79, 0xE639, 0xEDF8, 0xEE59, 0xF5F7, 0xF5B6, 0xF5B5, 0xF5B6, 0xF5D6, 0xF5D6, 0xF5D6, 0xF5D6,
    0xF5D6, 0xF5D6, 0xF5D6, 0xF5D6, 0xF5D6, 0xF5B6, 0xF5B6, 0xED95, 0xED75, 0xF575, 0xED95, 0xF575, 0xED75, 0xED75, 0xED75, 0xEDB5,
    0xF5B6, 0xF5B6, 0xF5D6, 0xF5D6, 0xF5D6, 0xF5D6, 0xF5D6, 0xF5D6, 0xF5D6, 0xEDB6, 0xEDB5, 0xED75, 0xEDB6, 0xE6BA, 0xD67A, 0xDE59,
    0xE6BA, 0xEE38, 0xF616, 0xF616, 0xF617, 0xF617, 0xDD33, 0xCCB1, 0xABCE, 0xC450, 0xABCD, 0x3144, 0x18C2, 0x20C3, 0x18C3, 0x18C3,
    0x18C3, 0x18C3, 0x18C3, 0x18C3, 0x20E3, 0x20C3, 0x20C3, 0x18C3, 0x20E3, 0x18C3, 0x18C3, 0x18C3, 0x18C3, 0x18C2, 0x524A, 0x2124,
    0x18C3, 0x3166, 0xBDB9, 0xD69C, 0xAD36, 0x738F, 0xCE7C, 0xC63B, 0xCE5B, 0xCE3B, 0xCE3B, 0xCE3B, 0xCE5B, 0xCE5C, 0xCE5B, 0xCE5B,
    0xCE5B, 0xCE5B, 0xCE5C, 0xCE5C, 0xCE5B, 0xCE5B, 0xCE3B, 0xCE3B, 0xCE3B, 0xCE3B, 0xCE5B, 0xCE3C, 0xCE3B, 0xCE5B, 0xCE3B, 0xCE3B,
    0xCE3B, 0xCE3C, 0xD63C, 0xCE3B, 0xCE3C, 0xCE3C, 0xCE5B, 0xCE5C, 0xCE5B, 0xCE5B, 0xD63C, 0xD65B, 0xD65B, 0xD65B, 0xD65B, 0xD65B,
    0xD65B, 0xD65B, 0xD65B, 0xD63B, 0xD65B, 0xD65C, 0xD65B, 0xD65B, 0xD65B, 0xD65B, 0xD65B, 0xD65C, 0xD65B, 0xD65B, 0xD65C, 0xDE5C,
    0xC65C, 0xC65C, 0xC65C, 0xC65C, 0xC65C, 0xC65C, 0xC65C, 0xC65B, 0xC65C, 0xC65C, 0xC65C, 0xC65B, 0xC65C, 0xC65C, 0xC65C, 0xC65C,
    0xC65C, 0xC65C, 0xC65B, 0xC63B, 0xC65C, 0xC65B, 0xC63C, 0xC63B, 0xC63C, 0xC65C, 0xC65C, 0xC65B, 0xC63C, 0xC65C, 0xC63C, 0xC65B,
    0xC63C, 0xC63C, 0xC63C, 0xC65C, 0xC65C, 0xC65C, 0xC65B, 0xC63B, 0xC65B, 0xC65B, 0xC65C, 0xC65B, 0xC65C, 0xC65B, 0xC65B, 0xC65B,
    0xC65C, 0xC65B, 0xC65C, 0xC65C, 0xC65B, 0xC65C, 0xC65C, 0xC65B, 0xC63B, 0xC63B, 0xCE9C, 0x8452, 0x9D16, 0xCE7C, 0xC65C, 0xAD78,
    0x39C7, 0x31A6, 0x2965, 0x8C52, 0x4A4A, 0x2945, 0x3186, 0x3166, 0x3165, 0x3166, 0x3186, 0x3186, 0x3186, 0x2945, 0x3186, 0x3185,
    0x3166, 0x3185, 0x3166, 0x3166, 0x3186, 0x3166, 0x3165, 0x3186, 0x3165, 0xABEE, 0xE532, 0xBC4F, 0xD533, 0xF658, 0xF617, 0xF617,
    0xF617, 0xF617, 0xF5F7, 0xF5D6, 0xEE9A, 0xEDF7, 0xEE79, 0xEDF7, 0xF5B6, 0xF5B6, 0xF5B6, 0xF5B6, 0xF5B6, 0xF5B6, 0xF5D6, 0xF5D6,
    0xF5D6, 0xF5D6, 0xF5D6, 0xF5D6, 0xF5D6, 0xF5D6, 0xF5B6, 0xF5B6, 0xF5B6, 0xF5B6, 0xF5B6, 0xF596, 0xF5B6, 0xF5B6, 0xF5B6, 0xF5D6,
    0xF5D6, 0xF5D6, 0xF5D6, 0xF5D6, 0xF5D6, 0xF5D6, 0xF5D6, 0xF5D6, 0xF5D6, 0xF5D6, 0xF5D6, 0xF5D6, 0xF5B6, 0xF5D6, 0xE679, 0xEE58,
    0xEE59, 0xEDF6, 0xF617, 0xF617, 0xF616, 0xF616, 0xDD13, 0xC470, 0xB3EE, 0xCC70, 0xA38D, 0x3124, 0x18C3, 0x20C3, 0x18C3, 0x20E3,
    0x20E3, 0x18C3, 0x18C3, 0x18C3, 0x20C3, 0x18C3, 0x18C3, 0x18C3, 0x18E3, 0x18C3, 0x18C3, 0x18C3, 0x18C3, 0x18C2, 0x62EC, 0x2925,
    0x18C3, 0x39A7, 0xC5FA, 0xD67C, 0xAD57, 0x7390, 0xD67C, 0xCE3B, 0xCE3B, 0xCE3B, 0xCE3C, 0xCE5B, 0xCE5B, 0xCE5B, 0xCE5B, 0xCE5C,
    0xCE5C, 0xCE5B, 0xCE5C, 0xCE5C, 0xCE5B, 0xCE3B, 0xCE3B, 0xCE3B, 0xCE5B, 0xCE3B, 0xCE3B, 0xCE5B, 0xCE3C, 0xCE5B, 0xCE3C, 0xD63B,
    0xD63B, 0xCE5B, 0xD63B, 0xCE5B, 0xCE3C, 0xD63B, 0xD65B, 0xD63C, 0xD63C, 0xD65B, 0xD63B, 0xD63B, 0xD65B, 0xD65B, 0xD65C, 0xD65B,
    0xD65B, 0xD65B, 0xD65B, 0xD63B, 0xD65B, 0xD65B, 0xD65B, 0xD65C, 0xD65C, 0xD65C, 0xD65C, 0xD65C, 0xD65B, 0xD65B, 0xD65B, 0xD65B,
    0xC65C, 0xC65B, 0xC65C, 0xC65B, 0xC65B, 0xC65C, 0xC65C, 0xC65B, 0xC65B, 0xC65B, 0xC65C, 0xC65B, 0xC65B, 0xC65B, 0xC65B, 0xC65C,
    0xC65C, 0xC65C, 0xC63B, 0xC63B, 0xC65C, 0xC65B, 0xC65B, 0xC65B, 0xC65C, 0xC65C, 0xC65C, 0xC65B, 0xC65C, 0xC65B, 0xC65C, 0xC65B,
    0xC65B, 0xC65B, 0xC65B, 0xC65C, 0xC65C, 0xC65C, 0xC65C, 0xC63B, 0xC63C, 0xC65C, 0xC65B, 0xC65B, 0xC65B, 0xC65B, 0xC65C, 0xC65B,
    0xC65B, 0xC65B, 0xC65C, 0xC65B, 0xC65C, 0xC65B, 0xC65B, 0xC65B, 0xC63B, 0xC63C, 0xCE7C, 0x9D36, 0xA537, 0xCE7C, 0xC65B, 0xB5B9,
    0x4208, 0x3186, 0x3166, 0x94B4, 0x4A6A, 0x2944, 0x3186, 0x3166, 0x3165, 0x3186, 0x3185, 0x3185, 0x3185, 0x2945, 0x3166, 0x3185,
    0x3166, 0x3166, 0x3186, 0x3166, 0x3185, 0x3166, 0x3165, 0x3165, 0x3185, 0xA3EE, 0xD4D1, 0xCC91, 0xC4D2, 0xF657, 0xF616, 0xF617,
    0xF617, 0xF5F7, 0xF5F6, 0xEE17, 0xEE79, 0xEDD6, 0xEE7A, 0xEDD6, 0xF5B5, 0xED95, 0xF5B6, 0xF596, 0xF595, 0xF5B6, 0xF5B6, 0xF5B6,
    0xF5D6, 0xF5D6, 0xF5D6, 0xF5D6, 0xF5D6, 0xF5D6, 0xF5D6, 0xF5D6, 0xF5D6, 0xF5D7, 0xF5D6, 0xF5B6, 0xF5B6, 0xF5D6, 0xF5D6, 0xF5D7,
    0xF5D6, 0xF5D6, 0xF5D6, 0xF5D6, 0xF5D6, 0xF5D6, 0xF5D6, 0xF5D6, 0xF5D6, 0xF5B6, 0xF5B6, 0xF5B6, 0xF5B6, 0xF5B6, 0xEE59, 0xEE38,
    0xEE79, 0xF5D6, 0xF616, 0xF617, 0xF617, 0xEDD6, 0xDCF3, 0xB42F, 0xBC0F, 0xD490, 0x82CA, 0x2903, 0x18C3, 0x18C3, 0x20C3, 0x20C3,
    0x18C3, 0x18C3, 0x18C3, 0x20E3, 0x20E3, 0x18C3, 0x18C3, 0x18C3, 0x18C3, 0x18C3, 0x18C3, 0x18C3, 0x18C3, 0x20E3, 0x736E, 0x2945,
    0x18C3, 0x4209, 0xCE3B, 0xD67C, 0xAD56, 0x73B0, 0xD67D, 0xC63B, 0xCE3B, 0xCE5B, 0xCE3B, 0xCE5C, 0xCE5C, 0xCE5B, 0xCE5B, 0xCE5B,
    0xCE5C, 0xCE5B, 0xCE5C, 0xCE5B, 0xCE5B, 0xCE3B, 0xCE3C, 0xCE3C, 0xCE3B, 0xCE5B, 0xCE3C, 0xCE3B, 0xCE3B, 0xD63B, 0xD63B, 0xD63B,
    0xD63C, 0xD65B, 0xD63B, 0xD65B, 0xD63B, 0xD63B, 0xD63B, 0xD63B, 0xD63B, 0xD63B, 0xD63B, 0xD63C, 0xD65C, 0xD65B, 0xD65C, 0xD65C,
    0xD65B, 0xD65B, 0xD63B, 0xD63B, 0xD65B, 0xD65B, 0xD65C, 0xD65B, 0xD65B, 0xD65B, 0xD65B, 0xD65B, 0xD65B, 0xDE5B, 0xDE5B, 0xDE5B,
    0xC65C, 0xC65C, 0xC65B, 0xC65C, 0xC65B, 0xC65B, 0xC65B, 0xC65B, 0xC65B, 0xC63C, 0xC63C, 0xC65B, 0xC65C, 0xC65C, 0xC65C, 0xC65B,
    0xC65B, 0xC65C, 0xC65B, 0xC63C, 0xC65B, 0xC65B, 0xC65B, 0xC65B, 0xC65B, 0xC65B, 0xC65B, 0xC65B, 0xC65C, 0xC65C, 0xC65B, 0xC65B,
    0xC65B, 0xC63C, 0xC65B, 0xC65B, 0xC65B, 0xC65C, 0xC65C, 0xC63B, 0xC65C, 0xC63B, 0xC63B, 0xC63B, 0xC65B, 0xC65B, 0xC65C, 0xC65C,
    0xC63B, 0xC65B, 0xC65B, 0xC65B, 0xC65C, 0xC65C, 0xC65B, 0xC65C, 0xC65B, 0xC63C, 0xCE5C, 0xBDFA, 0xB5B9, 0xCE5C, 0xC65B, 0xC61B,
    0x4A6A, 0x3186, 0x3186, 0xA536, 0x528B, 0x2945, 0x3186, 0x3166, 0x3165, 0x3166, 0x3186, 0x3186, 0x3165, 0x2945, 0x3186, 0x3186,
    0x3165, 0x3186, 0x3166, 0x3186, 0x3186, 0x3165, 0x3185, 0x3186, 0x3986, 0xCD33, 0xDD74, 0xCC90, 0xB450, 0xF637, 0xF617, 0xF617,
    0xF617, 0xF5F7, 0xF5D6, 0xEE38, 0xEEDB, 0xF699, 0xE659, 0xF5B6, 0xF595, 0xF595, 0xF595, 0xF596, 0xED95, 0xF5B6, 0xF5B6, 0xF5B6,
    0xF5D6, 0xF5D6, 0xF5D6, 0xF5D6, 0xF5D6, 0xF5D6, 0xF5D6, 0xF5F6, 0xEDD6, 0xDD34, 0xF5D6, 0xF5D6, 0xF5D6, 0xDD33, 0xF5D6, 0xF5D6,
    0xF5D6, 0xF5D6, 0xF5D6, 0xF5D6, 0xF5D6, 0xF5D6, 0xF5D6, 0xF5D6, 0xF5B6, 0xF5B6, 0xED95, 0xEDB6, 0xED96, 0xF5B6, 0xEE59, 0xEDF7,
    0xEE79, 0xEDD6, 0xF5F6, 0xF5F6, 0xF617, 0xEDB5, 0xD4D2, 0xABEE, 0xC470, 0xBC0E, 0x9B6D, 0x3124, 0x18C3, 0x20E3, 0x20E3, 0x20E3,
    0x18C3, 0x18C3, 0x18C3, 0x20E3, 0x18C3, 0x18C3, 0x18C3, 0x18C3, 0x18C3, 0x18C3, 0x18C3, 0x18C3, 0x18C2, 0x2904, 0x83F1, 0x2925,
    0x18A2, 0x52AB, 0xD67C, 0xD67C, 0xA4F5, 0x8411, 0xD69C, 0xC63B, 0xCE3B, 0xCE5B, 0xCE5B, 0xCE5B, 0xCE5B, 0xCE5B, 0xCE3B, 0xCE3B,
    0xCE3B, 0xCE3B, 0xCE3B, 0xCE3C, 0xCE5B, 0xCE3B, 0xCE3B, 0xCE3B, 0xCE3B, 0xCE3B, 0xD63B, 0xD63B, 0xD63B, 0xD65B, 0xD65B, 0xD63B,
    0xD65C, 0xD63B, 0xD63B, 0xD63B, 0xD63B, 0xD63B, 0xD65B, 0xD63B, 0xD65B, 0xD65B, 0xD65B, 0xD65B, 0xD65B, 0xD65B, 0xD65B, 0xD65C,
    0xD65B, 0xD65C, 0xD65B, 0xD65B, 0xD65B, 0xD65B, 0xD65B, 0xDE5B, 0xDE5B, 0xDE5B, 0xDE5B, 0xDE5B, 0xDE5B, 0xDE5B, 0xDE5B, 0xDE5B,
    0xC65C, 0xC65C, 0xC65C, 0xC65C, 0xC65C, 0xC65B, 0xC65B, 0xC65B, 0xC65B, 0xC65B, 0xC65B, 0xC65C, 0xC65B, 0xC63C, 0xC65C, 0xC65B,
    0xC65B, 0xC65B, 0xC63C, 0xC63B, 0xC65B, 0xC65C, 0xC65B, 0xC65C, 0xC63C, 0xC65B, 0xC65B, 0xC63B, 0xC63B, 0xC65C, 0xC65B, 0xC63C,
    0xC63B, 0xC63C, 0xC63C, 0xC65B, 0xC65B, 0xC65B, 0xC65C, 0xC65C, 0xC65B, 0xC63B, 0xC63B, 0xC63C, 0xC63C, 0xC63B, 0xC65B, 0xC63B,
    0xC63B, 0xC65C, 0xC65B, 0xC65C, 0xCE5C, 0xCE5C, 0xCE5C, 0xCE5C, 0xCE5B, 0xCE5B, 0xCE3B, 0xCE3C, 0xC63B, 0xC65B, 0xC63B, 0xCE5B,
    0x5ACC, 0x2966, 0x31A6, 0xAD57, 0x5ACC, 0x2945, 0x3186, 0x3166, 0x2965, 0x3186, 0x3186, 0x3186, 0x3165, 0x2944, 0x3186, 0x3166,
    0x3165, 0x3185, 0x3165, 0x3165, 0x3186, 0x3186, 0x3185, 0x3166, 0x3186, 0xCD33, 0xFE77, 0xEDF6, 0xC4F2, 0xE5D6, 0xF637, 0xF617,
    0xF617, 0xF616, 0xF5D6, 0xEE59, 0xF6FC, 0xEE59, 0xEE59, 0xEDB6, 0xED96, 0xF596, 0xF595, 0xF595, 0xED95, 0xF5B6, 0xEDB6, 0xF5D6,
    0xF5D6, 0xF5D6, 0xF5D6, 0xF5F7, 0xF5F6, 0xF5F6, 0xF5F6, 0xF5F7, 0xEDF6, 0xEDB5, 0xF617, 0xF5F6, 0xF5F6, 0xE5B5, 0xEDF6, 0xF5F6,
    0xF5F6, 0xF5F6, 0xF5F6, 0xF5D6, 0xF5D6, 0xF5D6, 0xF5D6, 0xF5D6, 0xEDB6, 0xF5B5, 0xEDB5, 0xF5B6, 0xED95, 0xEDD6, 0xEE59, 0xEDB7,
    0xEE79, 0xEDD7, 0xF5F6, 0xF5F6, 0xF617, 0xE594, 0xD4B1, 0xB40F, 0xB40F, 0xB3EE, 0xB40F, 0x28E3, 0x20C3, 0x20E3, 0x20E3, 0x20E3,
    0x18C3, 0x18C3, 0x18C3, 0x18E3, 0x18C3, 0x18C3, 0x18C3, 0x18C3, 0x18C3, 0x18C3, 0x18C3, 0x18E3, 0x18A2, 0x3186, 0x9452, 0x2104,
    0x18A3, 0x734F, 0xD67C, 0xD67C, 0x9473, 0x9473, 0xD69C, 0xCE3B, 0xCE5B, 0xCE5C, 0xCE5C, 0xCE5B, 0xCE5B, 0xCE5B, 0xCE5B, 0xCE3B,
    0xCE3B, 0xCE3B, 0xCE5B, 0xCE3C, 0xCE3B, 0xCE3B, 0xD65B, 0xD63B, 0xD63B, 0xD63B, 0xD65B, 0xD63B, 0xD65B, 0xD65B, 0xD63B, 0xD63B,
    0xD63B, 0xD63B, 0xD65B, 0xD65B, 0xD65B, 0xD65B, 0xD65B, 0xD65C, 0xD65C, 0xD65B, 0xD65B, 0xD65B, 0xD65B, 0xD65B, 0xD65B, 0xD65B,
    0xD65B, 0xD65B, 0xD65B, 0xD65B, 0xD65B, 0xD65B, 0xD65B, 0xDE5B, 0xDE5B, 0xDE5B, 0xDE5B, 0xDE5B, 0xDE5B, 0xDE5B, 0xDE5B, 0xDE5B,
    0xCE5C, 0xC65C, 0xC65C, 0xC65C, 0xC65C, 0xC65C, 0xC65C, 0xC65C, 0xC65C, 0xC65C, 0xC63B, 0xC63C, 0xC63B, 0xC65B, 0xC65B, 0xC63B,
    0xC63C, 0xC65B, 0xC63B, 0xC63B, 0xC65B, 0xC65B, 0xC65C, 0xC65C, 0xC65C, 0xC65C, 0xC63B, 0xC63B, 0xC63C, 0xC65C, 0xC65B, 0xC65B,
    0xC63B, 0xC63B, 0xC65B, 0xC65B, 0xC63C, 0xC65B, 0xC65B, 0xC65C, 0xC65B, 0xC65B, 0xC63C, 0xCE5C, 0xCE5B, 0xCE5C, 0xCE5C, 0xCE3B,
    0xCE3C, 0xCE5C, 0xCE5B, 0xCE5C, 0xCE5C, 0xCE5B, 0xCE5B, 0xCE5C, 0xCE5C, 0xCE3C, 0xCE5B, 0xCE3B, 0xCE3B, 0xCE3B, 0xC63B, 0xD67C,
    0x738F, 0x2966, 0x3186, 0xAD77, 0x6B4F, 0x2945, 0x3186, 0x3186, 0x2965, 0x3186, 0x3185, 0x3186, 0x3165, 0x2925, 0x3186, 0x3166,
    0x3165, 0x3166, 0x3166, 0x3166, 0x3186, 0x3186, 0x3166, 0x3165, 0x3185, 0xCD54, 0xF637, 0xF637, 0xDDB5, 0xDD75, 0xF637, 0xF617,
    0xF617, 0xF617, 0xF5D6, 0xEE58, 0xEE79, 0xEE38, 0xEE59, 0xF5B6, 0xF596, 0xF5B6, 0xF595, 0xF5B6, 0xED95, 0xF5B6, 0xF5B6, 0xF5D6,
    0xF5D6, 0xF5F6, 0xF5F6, 0xF5F6, 0xF5F7, 0xF5F7, 0xF617, 0xF616, 0xF617, 0xF617, 0xF617, 0xF617, 0xF5F7, 0xF617, 0xF5F7, 0xF5F7,
    0xF5F7, 0xF5F7, 0xF5F7, 0xF5F6, 0xF5D6, 0xF5D6, 0xF5D6, 0xF5D6, 0xF596, 0xF5B6, 0xEDB6, 0xF5B5, 0xED95, 0xEDF7, 0xEE38, 0xEDB6,
    0xEE79, 0xEDF7, 0xF5D6, 0xF5F6, 0xF617, 0xE554, 0xCC91, 0x936C, 0xB3EF, 0xDCD2, 0xABCE, 0x20E3, 0x20E3, 0x20E3, 0x20E3, 0x20E3,
    0x18C3, 0x18C3, 0x18C3, 0x18E3, 0x18C3, 0x18C3, 0x18C3, 0x18C3, 0x18C3, 0x18C3, 0x18C3, 0x20C3, 0x1082, 0x4A4A, 0x9493, 0x18E3,
    0x18C3, 0x8C52, 0xD67C, 0xD67C, 0x7BF1, 0xAD37, 0xD67C, 0xCE3B, 0xCE3C, 0xCE5B, 0xCE3B, 0xCE3C, 0xCE5B, 0xCE3B, 0xCE3C, 0xCE3B,
    0xCE3B, 0xCE3B, 0xD63B, 0xD63B, 0xD65B, 0xD63B, 0xD63B, 0xD63B, 0xD63B, 0xD63B, 0xD65B, 0xD63B, 0xD63B, 0xD63B, 0xD63B, 0xD63C,
    0xD63B, 0xD63B, 0xD63C, 0xD63C, 0xD65B, 0xD65B, 0xD65B, 0xD65B, 0xD65B, 0xD65B, 0xD63B, 0xD65B, 0xD65B, 0xD65B, 0xD65B, 0xD63B,
    0xD65B, 0xDE5B, 0xDE5B, 0xDE5B, 0xDE5B, 0xD63B, 0xD65B, 0xDE5B, 0xDE5B, 0xDE5B, 0xDE5B, 0xDE5B, 0xDE5B, 0xDE5B, 0xDE5B, 0xDE5B,
    0xCE5C, 0xCE5B, 0xCE5C, 0xCE5C, 0xC65B, 0xC65C, 0xCE5C, 0xCE5B, 0xCE5C, 0xC65B, 0xC63B, 0xC65B, 0xC63C, 0xC63C, 0xC65B, 0xC65B,
    0xC65B, 0xCE5C, 0xCE5C, 0xC65B, 0xC65C, 0xC65B, 0xC65B, 0xCE5C, 0xCE5B, 0xC65C, 0xCE3C, 0xC65B, 0xC63C, 0xCE5B, 0xCE5B, 0xCE3B,
    0xCE5B, 0xCE3C, 0xCE5B, 0xCE5B, 0xCE3B, 0xCE3C, 0xCE3B, 0xCE5B, 0xCE5C, 0xCE3B, 0xCE3B, 0xCE3C, 0xCE5B, 0xCE5B, 0xCE3C, 0xCE5B,
    0xCE3B, 0xCE5C, 0xCE5C, 0xCE5B, 0xCE5B, 0xCE5C, 0xCE5C, 0xCE5C, 0xCE5B, 0xCE5C, 0xCE3B, 0xCE3B, 0xCE3C, 0xCE3B, 0xC63B, 0xD67D,
    0x9494, 0x3186, 0x3186, 0xAD57, 0x8412, 0x2945, 0x3186, 0x3186, 0x2965, 0x3166, 0x3166, 0x3186, 0x2945, 0x2924, 0x3186, 0x3165,
    0x3165, 0x3166, 0x3165, 0x3166, 0x3186, 0x3185, 0x3166, 0x3186, 0x2945, 0xBCD1, 0xFEB9, 0xF657, 0xE5F5, 0xD554, 0xF637, 0xF617,
    0xF617, 0xF616, 0xF5F6, 0xEDD6, 0xEE9A, 0xEE9A, 0xEDD6, 0xF5B6, 0xF5B6, 0xF5B5, 0xED95, 0xF5B6, 0xF5B5, 0xF5D6, 0xF5D6, 0xF5D6,
    0xF5F6, 0xF5F6, 0xF5F7, 0xF5F7, 0xF617, 0xF616, 0xF617, 0xF617, 0xF617, 0xF617, 0xF617, 0xF617, 0xF617, 0xF616, 0xF616, 0xF617,
    0xF616, 0xF616, 0xF5F7, 0xF5F7, 0xF5F6, 0xF5F6, 0xF5D6, 0xF5D6, 0xF5B6, 0xF5B5, 0xED96, 0xF5B6, 0xF595, 0xEE18, 0xEE38, 0xEDB5,
    0xEE79, 0xEE17, 0xF5D6, 0xF5F7, 0xF5F6, 0xDD33, 0xBC50, 0xB42F, 0xD4D2, 0xDCF2, 0x9B8D, 0x18C2, 0x20E3, 0x20E3, 0x20E3, 0x18C3,
    0x18C3, 0x18C3, 0x20C3, 0x20E3, 0x20C3, 0x18C3, 0x18C2, 0x18C3, 0x18C3, 0x18C3, 0x18C3, 0x20E3, 0x1082, 0x736E, 0x9493, 0x10A2,
    0x2124, 0xAD37, 0xD67C, 0xC61A, 0x738F, 0xC61A, 0xD65C, 0xCE3B, 0xD63B, 0xCE3B, 0xCE5B, 0xCE3C, 0xD63B, 0xD65B, 0xD63B, 0xD63B,
    0xD63B, 0xD63B, 0xD63B, 0xD63B, 0xD65B, 0xD65B, 0xD63B, 0xD63B, 0xD63B, 0xD63B, 0xD63B, 0xD65B, 0xD63B, 0xD63C, 0xD65B, 0xD63B,
    0xD63C, 0xD63B, 0xD63B, 0xD63B, 0xD63B, 0xD65B, 0xD65B, 0xDE5B, 0xD65B, 0xDE5B, 0xDE5B, 0xD65B, 0xDE5B, 0xDE5B, 0xDE5B, 0xD65B,
    0xD65B, 0xDE5B, 0xDE5B, 0xDE5B, 0xDE5B, 0xD65B, 0xD63B, 0xDE5B, 0xDE5B, 0xDE5B, 0xDE5B, 0xDE5B, 0xDE5B, 0xDE5B, 0xDE5B, 0xDE5B,
    0xCE5C, 0xCE5B, 0xCE5C, 0xCE5C, 0xCE5C, 0xCE5B, 0xCE5B, 0xCE5B, 0xCE5C, 0xCE5C, 0xCE5C, 0xCE5B, 0xCE5B, 0xCE5B, 0xCE5C, 0xCE5B,
    0xCE5B, 0xCE5B, 0xCE3B, 0xCE3C, 0xCE5C, 0xCE5B, 0xCE5B, 0xCE5C, 0xCE5C, 0xCE5B, 0xCE5B, 0xCE5B, 0xCE3B, 0xCE5C, 0xCE5C, 0xCE5B,
    0xCE5B, 0xCE5B, 0xCE5C, 0xCE5B, 0xCE3B, 0xCE3B, 0xCE3C, 0xCE3C, 0xCE3C, 0xCE5B, 0xCE3B, 0xCE3C, 0xCE5C, 0xCE5B, 0xCE5B, 0xCE5B,
    0xCE5B, 0xCE5B, 0xCE3C, 0xCE5B, 0xCE5B, 0xCE5B, 0xCE5C, 0xCE5C, 0xCE5B, 0xCE5B, 0xCE5B, 0xCE5C, 0xCE3C, 0xCE3B, 0xCE3B, 0xCE5C,
    0xBDB9, 0x39E8, 0x2965, 0xA4F5, 0xA4F6, 0x2945, 0x3186, 0x3186, 0x2965, 0x3165, 0x3166, 0x3186, 0x2944, 0x2104, 0x3186, 0x3165,
    0x3166, 0x3186, 0x3185, 0x3186, 0x3186, 0x3166, 0x3165, 0x3185, 0x2965, 0x3965, 0x9BCE, 0xDDB5, 0xEE16, 0xC4F2, 0xEE17, 0xF617,
    0xF617, 0xF616, 0xF5F6, 0xF5F6, 0xEDB6, 0xEDB6, 0xF5D6, 0xF5B6, 0xF5B6, 0xF5B6, 0xF5B6, 0xF5D6, 0xF5D6, 0xF5D6, 0xF5F6, 0xF5F7,
    0xF5F6, 0xF5F6, 0xF5F6, 0xF617, 0xF617, 0xF616, 0xF617, 0xF617, 0xF617, 0xF617, 0xF616, 0xF616, 0xF617, 0xF617, 0xF617, 0xF617,
    0xF616, 0xF617, 0xF617, 0xF5F7, 0xF5F6, 0xF5F6, 0xF5F6, 0xF5D6, 0xF5D6, 0xF5B6, 0xF5B6, 0xF5B6, 0xF5B6, 0xEDF7, 0xEE9A, 0xEE38,
    0xEEBA, 0xF5F7, 0xF5F6, 0xF5F6, 0xEDD6, 0xDCF2, 0xBC2F, 0xC470, 0xD4B1, 0xE533, 0x7AEA, 0x18A2, 0x20E3, 0x20E3, 0x20E3, 0x20C3,
    0x18C3, 0x18C3, 0x20C3, 0x20E2, 0x18C3, 0x18C3, 0x18C3, 0x18C3, 0x18C3, 0x18C2, 0x20C3, 0x20E3, 0x1082, 0x9CB4, 0x8411, 0x1061,
    0x41E8, 0xCE1A, 0xDE9C, 0xA4D5, 0x8C52, 0xD69C, 0xCE3B, 0xD65B, 0xD63B, 0xD63B, 0xD63B, 0xD63B, 0xD65B, 0xD65B, 0xD63B, 0xD63B,
    0xD63C, 0xD65B, 0xD65B, 0xD65B, 0xD63B, 0xD65B, 0xD65B, 0xD63B, 0xD63B, 0xD63B, 0xD63B, 0xD65B, 0xD63B, 0xD63B, 0xD63B, 0xD65B,
    0xD65B, 0xD65B, 0xD65B, 0xD65B, 0xD63B, 0xD65B, 0xDE5B, 0xDE5B, 0xDE5B, 0xDE5B, 0xDE5B, 0xD65B, 0xDE5B, 0xD65B, 0xD65B, 0xDE5B,
    0xDE5B, 0xDE5B, 0xDE5B, 0xDE5B, 0xDE5B, 0xDE5B, 0xDE3B, 0xDE5B, 0xDE5B, 0xDE5B, 0xDE5B, 0xDE5B, 0xDE5B, 0xDE5B, 0xDE5B, 0xDE5B,
    0xCE5C, 0xCE5C, 0xCE5C, 0xCE5B, 0xCE5C, 0xCE5C, 0xCE5C, 0xCE5C, 0xCE5B, 0xCE5B, 0xCE5C, 0xCE5C, 0xCE5C, 0xCE5B, 0xCE5C, 0xCE5B,
    0xCE3C, 0xCE3C, 0xCE3B, 0xCE5B, 0xCE5C, 0xCE5C, 0xCE5C, 0xCE5B, 0xCE5C, 0xCE5C, 0xCE3C, 0xCE3B, 0xCE5B, 0xCE5B, 0xCE5C, 0xCE5C,
    0xCE5C, 0xCE5B, 0xCE5C, 0xCE5B, 0xCE3C, 0xCE5C, 0xCE5C, 0xCE5B, 0xCE5B, 0xCE3C, 0xCE3B, 0xCE5B, 0xCE5B, 0xCE5C, 0xCE5C, 0xCE5C,
    0xCE3B, 0xCE3B, 0xCE3B, 0xCE3C, 0xCE3C, 0xCE5B, 0xCE5C, 0xCE5B, 0xCE5B, 0xCE5C, 0xCE5B, 0xCE5B, 0xCE5B, 0xCE3C, 0xCE3B, 0xCE3B,
    0xD67C, 0x6B4E, 0x2124, 0x8C32, 0xC5D9, 0x39C7, 0x3186, 0x3186, 0x3186, 0x3166, 0x3166, 0x3186, 0x2945, 0x2104, 0x3186, 0x3165,
    0x3165, 0x3186, 0x3186, 0x3186, 0x3185, 0x3185, 0x3166, 0x3166, 0x3165, 0x18C3, 0x1061, 0x2924, 0x3965, 0x5207, 0xEDD6, 0xF637,
    0xF617, 0xF617, 0xF617, 0xF5F7, 0xF5F6, 0xF5D6, 0xF5D6, 0xF5D6, 0xF5D6, 0xF5D6, 0xF5D6, 0xF5D6, 0xF5D6, 0xF5F6, 0xF5F6, 0xF5F6,
    0xF5F7, 0xF5F7, 0xF617, 0xF617, 0xF617, 0xF617, 0xF617, 0xF617, 0xF617, 0xF637, 0xF637, 0xF637, 0xF637, 0xF637, 0xF617, 0xF617,
    0xF617, 0xF617, 0xF617, 0xF617, 0xF617, 0xF5F7, 0xF5F6, 0xF5F6, 0xF5F6, 0xF5D6, 0xF5D6, 0xF5D6, 0xF5D6, 0xF5B6, 0xEE38, 0xF6BA,
    0xF617, 0xF5D6, 0xF5F6, 0xF617, 0xEDB5, 0xD4D1, 0xB40F, 0xD4F1, 0xD4D2, 0x8B0B, 0x20E3, 0x20C3, 0x20C3, 0x20E3, 0x20C3, 0x20C3,
    0x20C3, 0x20C3, 0x18C3, 0x18C3, 0x18C3, 0x20C3, 0x18C3, 0x18C3, 0x18C3, 0x18C3, 0x20E3, 0x18C3, 0x2925, 0xC5D9, 0x6B0D, 0x0861,
    0x6B4E, 0xDE9C, 0xCE1B, 0x7BD0, 0xC5D9, 0xD65B, 0xD63B, 0xD63B, 0xD63B, 0xD65B, 0xD63B, 0xD63B, 0xD63C, 0xD65B, 0xD65B, 0xD65B,
    0xD65B, 0xD65B, 0xD63B, 0xD65B, 0xD63B, 0xDE3B, 0xDE3B, 0xD65B, 0xDE5B, 0xDE5B, 0xDE3B, 0xDE3B, 0xDE3B, 0xD65B, 0xD65B, 0xD65B,
    0xDE5B, 0xDE5B, 0xD65B, 0xD65B, 0xD65B, 0xD65B, 0xDE5B, 0xDE5B, 0xDE5B, 0xDE5B, 0xDE5B, 0xDE5B, 0xDE5B, 0xDE5B, 0xDE5B, 0xDE5B,
    0xDE5B, 0xDE5B, 0xDE5B, 0xDE5B, 0xDE5B, 0xDE5B, 0xDE3B, 0xDE5B, 0xDE5B, 0xDE5B, 0xDE5B, 0xDE5B, 0xDE5B, 0xDE5B, 0xDE5B, 0xDE5B,
    0xCE5B, 0xCE5B, 0xCE5C, 0xCE5C, 0xCE5C, 0xCE5C, 0xCE5B, 0xCE5B, 0xCE5C, 0xCE5C, 0xCE5C, 0xCE5C, 0xCE5C, 0xCE5C, 0xCE5C, 0xCE5B,
    0xCE5B, 0xCE5B, 0xCE5C, 0xCE5C, 0xCE5B, 0xCE5C, 0xCE5B, 0xCE5B, 0xCE5B, 0xCE5B, 0xCE5B, 0xCE5B, 0xCE5C, 0xCE5C, 0xCE5B, 0xCE5B,
    0xCE5C, 0xCE5C, 0xCE5C, 0xCE5B, 0xCE3B, 0xCE3B, 0xCE5C, 0xCE5C, 0xCE5B, 0xCE5B, 0xCE5C, 0xCE5C, 0xCE5B, 0xCE5B, 0xCE5B, 0xCE5B,
    0xCE3C, 0xCE3C, 0xCE3C, 0xCE3B, 0xCE5B, 0xCE5B, 0xCE5B, 0xCE5C, 0xCE5B, 0xCE5B, 0xCE5C, 0xCE5C, 0xCE5B, 0xCE5B, 0xCE3B, 0xCE3B,
    0xD67C, 0xB557, 0x3186, 0x6B2D, 0xD67C, 0x5AAB, 0x3165, 0x2965, 0x526A, 0x5A8B, 0x2925, 0x3186, 0x2944, 0x20E3, 0x3186, 0x3166,
    0x3165, 0x3186, 0x3185, 0x3186, 0x3186, 0x3185, 0x3185, 0x3186, 0x3165, 0x20E3, 0x18C2, 0x18A2, 0x1082, 0x20C2, 0xC513, 0xFE58,
    0xF616, 0xF616, 0xF617, 0xF5F7, 0xF5F7, 0xF5F6, 0xF5F6, 0xF5D6, 0xF5D6, 0xF5F6, 0xF5F6, 0xF5F6, 0xF5F6, 0xF5F6, 0xF5F7, 0xF617,
    0xF617, 0xF616, 0xF617, 0xF617, 0xF617, 0xF636, 0xF637, 0xF637, 0xF637, 0xF637, 0xF637, 0xF637, 0xF637, 0xF637, 0xF637, 0xF637,
    0xF637, 0xF617, 0xF617, 0xF617, 0xF617, 0xF616, 0xF617, 0xF5F7, 0xF5F6, 0xF5F6, 0xF5D6, 0xF5D6, 0xF5D6, 0xF5D6, 0xF5D6, 0xEDD6,
    0xF5D6, 0xF5F6, 0xF5F6, 0xF616, 0xE574, 0xCC91, 0xA3AD, 0xA3AD, 0x51E6, 0x1881, 0x18C2, 0x18C3, 0x20C3, 0x20E3, 0x18C3, 0x18C3,
    0x18C3, 0x18C3, 0x18E3, 0x18C3, 0x20C3, 0x18C3, 0x18C3, 0x18C3, 0x18C3, 0x18C3, 0x20E3, 0x1082, 0x528A, 0xDE7B, 0x4209, 0x18C3,
    0xAD16, 0xDE7C, 0x9453, 0xAD16, 0xDE7C, 0xD63B, 0xD65B, 0xD65B, 0xD65B, 0xD63B, 0xD63B, 0xD63B, 0xD63B, 0xD65B, 0xD65B, 0xD65B,
    0xD65B, 0xD63B, 0xD63B, 0xD63B, 0xDE3B, 0xDE5B, 0xDE5B, 0xDE5B, 0xDE5B, 0xDE3B, 0xDE5B, 0xDE3B, 0xDE3B, 0xDE5B, 0xDE5B, 0xDE3B,
    0xDE5B, 0xDE5B, 0xDE3B, 0xDE3B, 0xDE3B, 0xDE5B, 0xDE5B, 0xDE3B, 0xDE3B, 0xDE3B, 0xDE3B, 0xDE3B, 0xDE3B, 0xDE3C, 0xDE3B, 0xDE3B,
    0xDE3B, 0xDE3B, 0xDE3B, 0xDE3B, 0xDE5B, 0xDE5B, 0xDE5B, 0xDE5B, 0xDE5B, 0xDE5B, 0xDE5B, 0xDE5B, 0xDE5B, 0xDE5B, 0xDE5B, 0xDE5B,
    0xCE5B, 0xCE5B, 0xCE5C, 0xCE5C, 0xCE5B, 0xCE5C, 0xCE5C, 0xCE5B, 0xCE5C, 0xCE5C, 0xCE5B, 0xCE5B, 0xCE5C, 0xCE5C, 0xCE5B, 0xCE5B,
    0xCE5B, 0xCE5B, 0xCE5C, 0xCE5B, 0xCE5B, 0xCE5B, 0xCE5B, 0xCE5B, 0xCE5B, 0xCE5B, 0xCE5B, 0xCE5B, 0xCE5C, 0xCE5C, 0xCE5B, 0xCE5B,
    0xCE5B, 0xCE5C, 0xCE5B, 0xCE3C, 0xCE5C, 0xCE5B, 0xCE5C, 0xCE3C, 0xCE5B, 0xCE5C, 0xCE5B, 0xCE5C, 0xCE5B, 0xCE3B, 0xCE5C, 0xCE5B,
    0xCE3C, 0xCE5C, 0xCE3B, 0xD63B, 0xD65B, 0xD65C, 0xD65B, 0xD65B, 0xD65C, 0xD65B, 0xD65C, 0xD63C, 0xD65B, 0xD63B, 0xD63B, 0xD63B,
    0xCE3B, 0xD67C, 0x736F, 0x3A08, 0xD65C, 0x8C32, 0x2965, 0x2965, 0x528A, 0x8C11, 0x2925, 0x3186, 0x2945, 0x20E3, 0x3165, 0x3166,
    0x3165, 0x3186, 0x3186, 0x3186, 0x3186, 0x3185, 0x3186, 0x3165, 0x3185, 0x2104, 0x18A2, 0x18C2, 0x20C3, 0x1081, 0x8B8D, 0xFE78,
    0xEE16, 0xF617, 0xF617, 0xF617, 0xF617, 0xF5F6, 0xF5F6, 0xF5F6, 0xF5F6, 0xF5F6, 0xF5F7, 0xF5F6, 0xF5F6, 0xF5F7, 0xF617, 0xF617,
    0xF617, 0xF617, 0xF617, 0xF637, 0xF617, 0xF637, 0xF637, 0xF637, 0xF637, 0xF637, 0xF637, 0xF637, 0xF637, 0xF637, 0xF637, 0xF637,
    0xF636, 0xF637, 0xF637, 0xF617, 0xF617, 0xF617, 0xF617, 0xF616, 0xF5F7, 0xF5F6, 0xF5F6, 0xF5F7, 0xF5D7, 0xF5F6, 0xF5F6, 0xF5F6,
    0xF5F6, 0xF5F6, 0xF5F6, 0xF5F6, 0xDD33, 0xBC50, 0x3124, 0x18A2, 0x1081, 0x18C2, 0x18C3, 0x18C3, 0x20E3, 0x20E3, 0x18C3, 0x18C3,
    0x18C3, 0x18C3, 0x18C3, 0x18C3, 0x20C3, 0x18C3, 0x18C2, 0x18C3, 0x18E3, 0x18C3, 0x20E4, 0x18A2, 0x9472, 0xCDF9, 0x2104, 0x4208,
    0xCDFA, 0xAD16, 0xBD77, 0xDE7C, 0xD63B, 0xD63B, 0xD65B, 0xD63B, 0xD63B, 0xDE3B, 0xD63B, 0xD63B, 0xDE3B, 0xDE3B, 0xDE5B, 0xDE3B,
    0xDE3B, 0xD65B, 0xD65B, 0xDE3B, 0xDE5B, 0xDE5B, 0xDE5B, 0xDE5B, 0xDE3C, 0xDE3B, 0xDE5B, 0xDE5B, 0xDE5B, 0xDE3B, 0xDE5B, 0xDE5B,
    0xDE5B, 0xDE5B, 0xDE3B, 0xDE3B, 0xDE3B, 0xDE3B, 0xDE3B, 0xDE3B, 0xDE3B, 0xDE3B, 0xDE3B, 0xDE3B, 0xDE3B, 0xDE3B, 0xDE3B, 0xDE3B,
    0xDE3B, 0xDE5B, 0xDE5B, 0xDE5B, 0xDE5B, 0xDE5B, 0xDE5B, 0xDE5B, 0xDE5B, 0xDE5B, 0xDE5B, 0xDE5B, 0xDE5B, 0xDE5B, 0xDE5B, 0xDE5B,
    0xD65B, 0xCE5B, 0xCE3C, 0xCE3C, 0xCE5C, 0xCE5C, 0xD65C, 0xCE5C, 0xCE5C, 0xCE5C, 0xCE5C, 0xCE5C, 0xCE5B, 0xCE5C, 0xD65B, 0xD65B,
    0xCE5B, 0xCE5B, 0xCE5B, 0xCE5B, 0xCE5C, 0xCE5B, 0xCE3C, 0xCE5C, 0xCE5B, 0xCE5B, 0xD65C, 0xD63B, 0xD65B, 0xD65B, 0xD65C, 0xD65C,
    0xD65B, 0xD63B, 0xD63B, 0xD63B, 0xCE3B, 0xD65B, 0xD65B, 0xD63B, 0xD65B, 0xD65B, 0xD65C, 0xD63C, 0xD63B, 0xD63B, 0xD63C, 0xD63B,
    0xD63B, 0xD63B, 0xD63B, 0xD63C, 0xD65B, 0xD63B, 0xD63B, 0xD65B, 0xD63C, 0xD65B, 0xD65B, 0xD63B, 0xD63B, 0xD63B, 0xD63B, 0xD63C,
    0xD63B, 0xD63B, 0xCE3B, 0x5ACC, 0x9CB4, 0xCE1A, 0x39E8, 0x2966, 0x4208, 0xB577, 0x41E8, 0x3165, 0x2945, 0x20E3, 0x3165, 0x3185,
    0x2965, 0x3186, 0x3185, 0x3166, 0x3166, 0x3185, 0x3166, 0x3166, 0x3186, 0x2924, 0x18A2, 0x18C2, 0x18C3, 0x1882, 0x49C6, 0xEE17,
    0xF617, 0xF617, 0xF636, 0xF617, 0xF617, 0xF617, 0xF5F6, 0xF5F7, 0xF5F7, 0xF5F6, 0xF5F7, 0xF5F7, 0xF616, 0xF617, 0xF617, 0xF617,
    0xF617, 0xF637, 0xF637, 0xF637, 0xF617, 0xF637, 0xF636, 0xF637, 0xF637, 0xF637, 0xF637, 0xF637, 0xF617, 0xF637, 0xF637, 0xF637,
    0xF637, 0xF637, 0xF637, 0xF637, 0xF637, 0xF617, 0xF617, 0xF617, 0xF617, 0xF5F7, 0xF5F6, 0xF5F6, 0xF5F6, 0xF5F6, 0xF5F7, 0xF5F7,
    0xF5F7, 0xF617, 0xF617, 0xEDD6, 0xDD13, 0x936C, 0x1081, 0x18C2, 0x18C3, 0x18A2, 0x18C3, 0x18C3, 0x20E3, 0x20E3, 0x18C2, 0x18E2,
    0x18C3, 0x18C3, 0x18C3, 0x18C3, 0x20C3, 0x18C3, 0x18C2, 0x18C3, 0x18C3, 0x20E3, 0x18C3, 0x3186, 0xD61A, 0xA4B5, 0x18A3, 0x9C94,
    0xDE5C, 0xD61A, 0xDE7B, 0xD63B, 0xD63B, 0xD63B, 0xDE3B, 0xDE3B, 0xDE3C, 0xDE3C, 0xDE3B, 0xDE3B, 0xDE3C, 0xDE5B, 0xDE5B, 0xDE3B,
    0xDE3B, 0xDE3B, 0xDE5B, 0xDE3B, 0xDE3B, 0xDE3B, 0xDE3B, 0xDE5B, 0xDE3B, 0xDE3B, 0xDE3B, 0xDE3B, 0xDE3B, 0xDE3C, 0xDE5B, 0xDE5B,
    0xDE5B, 0xDE5B, 0xDE3B, 0xDE5B, 0xDE5B, 0xDE3B, 0xDE3B, 0xDE3B, 0xDE3B, 0xDE3B, 0xDE3B, 0xDE5B, 0xDE5B, 0xDE3B, 0xDE3B, 0xDE3B,
    0xDE3B, 0xDE5B, 0xDE5B, 0xDE5B, 0xDE5B, 0xDE5B, 0xDE5B, 0xDE5B, 0xDE5B, 0xDE5B, 0xE65B, 0xE65B, 0xE65B, 0xE65B, 0xE65B, 0xE63B,
    0xD63C, 0xD63B, 0xCE3B, 0xD65B, 0xD63B, 0xD63B, 0xD65B, 0xD63C, 0xD65C, 0xD65C, 0xD65B, 0xD65C, 0xD65C, 0xD63B, 0xD65B, 0xD63C,
    0xD63C, 0xD65B, 0xD63B, 0xD63B, 0xD65C, 0xD65B, 0xD63B, 0xD65B, 0xD63B, 0xD63B, 0xD63B, 0xD63B, 0xD63C, 0xD65B, 0xD65B, 0xD63B,
    0xD63C, 0xD63B, 0xD63B, 0xD63B, 0xD63B, 0xD63B, 0xD63B, 0xD63B, 0xD63B, 0xD63B, 0xD65B, 0xD63B, 0xD65B, 0xD63B, 0xD63B, 0xD63B,
    0xD63B, 0xD63C, 0xD63B, 0xD63B, 0xD65C, 0xD63B, 0xD65B, 0xD65B, 0xD63C, 0xD63B, 0xD65B, 0xD63B, 0xD63C, 0xD65B, 0xD65B, 0xD63B,
    0xD63B, 0xD63B, 0xDE5B, 0xC5FA, 0x8C12, 0xD67C, 0x83D0, 0x2945, 0x3186, 0xBD97, 0x83D0, 0x2944, 0x2966, 0x18C3, 0x2944, 0x3185,
    0x2945, 0x3186, 0x3185, 0x3165, 0x3165, 0x3165, 0x3185, 0x3185, 0x3186, 0x2945, 0x18C2, 0x18C2, 0x18A2, 0x18C2, 0x18A2, 0xB491,
    0xFE58, 0xEE17, 0xF617, 0xF617, 0xF617, 0xF617, 0xF616, 0xF616, 0xF616, 0xF616, 0xF617, 0xF616, 0xF616, 0xF617, 0xF617, 0xF616,
    0xF637, 0xF637, 0xF637, 0xF637, 0xF637, 0xEE17, 0xEE37, 0xF657, 0xF658, 0xF658, 0xF657, 0xF657, 0xF657, 0xF657, 0xF658, 0xF637,
    0xF637, 0xF637, 0xF637, 0xF636, 0xF637, 0xF617, 0xF617, 0xF617, 0xF617, 0xF617, 0xF617, 0xF5F7, 0xF616, 0xF5F7, 0xF616, 0xF616,
    0xF616, 0xF616, 0xF617, 0xE574, 0xD4D2, 0x5A07, 0x1082, 0x18C2, 0x18A2, 0x18A2, 0x18C3, 0x18C3, 0x20E3, 0x18C3, 0x18C3, 0x20C3,
    0x18C3, 0x18C3, 0x18C3, 0x18C2, 0x18C3, 0x18C2, 0x18C2, 0x18C3, 0x18C3, 0x20E3, 0x18A2, 0x7B8F, 0xEEDD, 0x62ED, 0x4A29, 0xDE7B,
    0xDE5B, 0xD63B, 0xDE3B, 0xDE5B, 0xDE5B, 0xDE3B, 0xDE3B, 0xDE5B, 0xDE3B, 0xDE5B, 0xDE5B, 0xDE3B, 0xDE3B, 0xDE3B, 0xDE3B, 0xDE3B,
    0xDE3B, 0xDE5B, 0xDE3B, 0xDE3B, 0xDE3B, 0xDE3B, 0xDE3B, 0xDE3B, 0xDE3B, 0xDE3B, 0xDE3B, 0xDE3B, 0xDE5B, 0xDE5B, 0xDE5B, 0xDE3B,
    0xDE5B, 0xDE3B, 0xDE3B, 0xDE3B, 0xDE5B, 0xDE3B, 0xDE3B, 0xDE3B, 0xDE3B, 0xDE5B, 0xDE3B, 0xDE3B, 0xDE5B, 0xDE3B, 0xDE3B, 0xDE3B,
    0xDE3B, 0xDE3B, 0xE65B, 0xDE3B, 0xDE3B, 0xDE3B, 0xE63B, 0xE65B, 0xE65B, 0xE65B, 0xE65B, 0xE65B, 0xE65B, 0xE65B, 0xE65B, 0xE63B,
    0xD63B, 0xD63B, 0xD63B, 0xD63B, 0xD65B, 0xD63C, 0xD65C, 0xD65C, 0xD65C, 0xD65B, 0xD65B, 0xD65B, 0xD63C, 0xD63B, 0xD65B, 0xD63C,
    0xD63B, 0xD63B, 0xD63B, 0xD63B, 0xD63C, 0xD63B, 0xD63B, 0xD63B, 0xD63B, 0xD63B, 0xD63B, 0xD63B, 0xD63B, 0xD63B, 0xD63B, 0xD63B,
    0xD63C, 0xD63B, 0xD65B, 0xD63B, 0xD63B, 0xD63B, 0xD63B, 0xD63B, 0xD63B, 0xD63B, 0xD63B, 0xD63B, 0xD63B, 0xD63B, 0xD63B, 0xD65B,
    0xD63B, 0xD63B, 0xD63B, 0xD63B, 0xD63B, 0xD63B, 0xD63B, 0xD65B, 0xD63B, 0xD65B, 0xD65B, 0xD65B, 0xD63B, 0xD65B, 0xD65B, 0xD63B,
    0xD63B, 0xD63B, 0xD63B, 0xD65B, 0xD61B, 0xCE1A, 0xC5D9, 0x4209, 0x2945, 0x9C73, 0xCDFA, 0x39C7, 0x2945, 0x20E3, 0x2104, 0x3185,
    0x2945, 0x3166, 0x3186, 0x3165, 0x3165, 0x3165, 0x3166, 0x3186, 0x3166, 0x3165, 0x18C2, 0x18A2, 0x18C2, 0x18C2, 0x1082, 0x5A48,
    0xF657, 0xEE16, 0xF637, 0xF637, 0xF617, 0xF617, 0xF617, 0xF616, 0xF617, 0xF616, 0xF617, 0xF617, 0xF617, 0xF617, 0xF617, 0xF637,
    0xF637, 0xF637, 0xF637, 0xF637, 0xF637, 0xF658, 0xF657, 0xE5D5, 0xD574, 0xD574, 0xDD74, 0xDD94, 0xDD95, 0xDD94, 0xDD94, 0xEDF6,
    0xFE58, 0xF637, 0xF637, 0xF637, 0xF637, 0xF637, 0xF637, 0xF637, 0xF617, 0xF617, 0xF617, 0xF616, 0xF616, 0xF617, 0xF617, 0xF616,
    0xF617, 0xF616, 0xEDF6, 0xDD33, 0xB42F, 0x20E3, 0x18A2, 0x18A2, 0x18A2, 0x18C2, 0x18C3, 0x20C3, 0x20E3, 0x18C3, 0x18C3, 0x20C3,
    0x20C2, 0x18C3, 0x18C3, 0x18C3, 0x18C3, 0x18A2, 0x18C2, 0x18C3, 0x20E3, 0x18C3, 0x39A7, 0xCDD9, 0xCE1A, 0x4A29, 0xB536, 0xDE7C,
    0xD63B, 0xDE3B, 0xDE3B, 0xDE3B, 0xDE5B, 0xDE3B, 0xDE3B, 0xDE3B, 0xDE3B, 0xDE3B, 0xDE3B, 0xDE3B, 0xDE3B, 0xDE5B, 0xDE3B, 0xDE3B,
    0xDE3B, 0xDE3B, 0xDE3B, 0xDE3B, 0xDE5B, 0xDE3B, 0xDE3B, 0xDE3B, 0xDE3B, 0xDE3B, 0xDE3B, 0xDE3B, 0xDE3B, 0xDE3B, 0xDE5B, 0xDE3B,
    0xDE3B, 0xDE3B, 0xDE3B, 0xDE3B, 0xDE3B, 0xDE3B, 0xDE3B, 0xDE3B, 0xDE3B, 0xE63B, 0xE63B, 0xE63B, 0xE63B, 0xDE3B, 0xDE3B, 0xDE3B,
    0xDE3B, 0xDE5B, 0xE65B, 0xDE3B, 0xDE3B, 0xDE3B, 0xDE3B, 0xE65B, 0xE65B, 0xE65B, 0xE65B, 0xE65B, 0xE65B, 0xE65B, 0xE65B, 0xE65B,
    0xD63B, 0xD63B, 0xD63C, 0xD63C, 0xD63B, 0xD63B, 0xD63B, 0xD63C, 0xD65B, 0xD63B, 0xD63B, 0xD63C, 0xD63B, 0xD63C, 0xD63B, 0xD65B,
    0xD65B, 0xD63C, 0xD63B, 0xD63B, 0xD63B, 0xD63B, 0xD63C, 0xD63C, 0xD63B, 0xD63B, 0xD63B, 0xD63B, 0xD65B, 0xD63B, 0xD63B, 0xD63C,
    0xD63B, 0xD63B, 0xD63B, 0xD63B, 0xD63B, 0xD63B, 0xD63B, 0xD63B, 0xD63B, 0xD63B, 0xD63B, 0xD63C, 0xD63B, 0xD63B, 0xD63B, 0xD63B,
    0xD63B, 0xD63B, 0xD63B, 0xD63B, 0xD63B, 0xD65B, 0xD63B, 0xD65B, 0xD65B, 0xD65B, 0xD63B, 0xD65B, 0xD65B, 0xD65B, 0xD65B, 0xD63C,
    0xD63B, 0xD63B, 0xD63B, 0xD63B, 0xD65B, 0xD65B, 0xDE7C, 0x9CB4, 0x2945, 0x6B0D, 0xE69D, 0x9431, 0x2924, 0x2104, 0x20E3, 0x3165,
    0x3165, 0x3165, 0x3185, 0x3166, 0x3166, 0x3165, 0x3165, 0x3166, 0x3165, 0x3185, 0x2103, 0x18A2, 0x18C3, 0x18C2, 0x18C3, 0x18C3,
    0xB491, 0xFE78, 0xEE17, 0xF637, 0xF637, 0xF637, 0xF637, 0xF617, 0xF617, 0xF617, 0xF637, 0xF637, 0xF617, 0xF637, 0xF637, 0xF637,
    0xF637, 0xF637, 0xF637, 0xF637, 0xF637, 0xDD74, 0xB470, 0xB491, 0xCD12, 0xD554, 0xDD74, 0xDD75, 0xDD75, 0xD554, 0xCD12, 0xB470,
    0xC4D1, 0xF637, 0xF637, 0xF637, 0xF637, 0xF637, 0xF637, 0xF637, 0xF637, 0xF637, 0xF637, 0xF617, 0xF617, 0xF617, 0xF617, 0xF617,
    0xF617, 0xF637, 0xE594, 0xDD12, 0x6A69, 0x1081, 0x18C2, 0x18A2, 0x18A2, 0x18C3, 0x18C3, 0x20C3, 0x20E3, 0x18C3, 0x18C3, 0x18C3,
    0x18C3, 0x20C3, 0x18C3, 0x18C3, 0x20C3, 0x39A7, 0x18C3, 0x20E3, 0x20E3, 0x18C2, 0x9452, 0xEEBD, 0x9C73, 0x9433, 0xE67C, 0xD63B,
    0xDE3B, 0xDE3B, 0xDE3B, 0xDE3B, 0xDE3B, 0xDE3B, 0xDE3B, 0xDE3B, 0xDE3B, 0xDE3B, 0xDE3B, 0xDE3B, 0xDE5B, 0xDE5B, 0xDE5B, 0xDE5B,
    0xDE3B, 0xDE3B, 0xDE3B, 0xDE3B, 0xDE3B, 0xDE3B, 0xDE3B, 0xDE3B, 0xDE3B, 0xDE3B, 0xDE3B, 0xDE3B, 0xDE3B, 0xDE3C, 0xDE3B, 0xDE3B,
    0xE65B, 0xDE3B, 0xDE5B, 0xE63B, 0xE63B, 0xDE3C, 0xDE3B, 0xDE3B, 0xDE3B, 0xDE5B, 0xDE5B, 0xDE3B, 0xDE3B, 0xDE3B, 0xDE3B, 0xDE3B,
    0xDE3B, 0xE65B, 0xE65B, 0xDE3B, 0xE63B, 0xE63B, 0xE63B, 0xE65B, 0xE65B, 0xE65B, 0xE65B, 0xE65B, 0xE65B, 0xE65B, 0xE65B, 0xE65B,
    0xD65B, 0xD65B, 0xD63B, 0xD65B, 0xD63B, 0xD63B, 0xD65B, 0xD63C, 0xD65B, 0xD63B, 0xD63B, 0xD63B, 0xD63B, 0xD63B, 0xD63B, 0xD63B,
    0xD63B, 0xD65B, 0xD63B, 0xD63B, 0xD63B, 0xD65B, 0xD63B, 0xD65B, 0xD63B, 0xD63B, 0xD63B, 0xD63C, 0xD63B, 0xD63B, 0xD65B, 0xD63B,
    0xD65B, 0xD65B, 0xD63B, 0xD63B, 0xD63B, 0xD63B, 0xD63B, 0xD63B, 0xD63B, 0xD63B, 0xD63B, 0xD63B, 0xD65B, 0xD63B, 0xD65B, 0xD63C,
    0xD65B, 0xD65B, 0xD65B, 0xD63B, 0xD63B, 0xD65B, 0xD65B, 0xD65B, 0xD65B, 0xD65B, 0xD65B, 0xD65B, 0xD65B, 0xD65B, 0xD65B, 0xD63B,
    0xD65B, 0xD63B, 0xD65B, 0xD65C, 0xD63B, 0xD65B, 0xD63B, 0xDE7C, 0x83D0, 0x41E7, 0xCDD9, 0xDE7C, 0x62EC, 0x18C3, 0x2103, 0x2924,
    0x3165, 0x3165, 0x3185, 0x3165, 0x3185, 0x2965, 0x3165, 0x3166, 0x3166, 0x3186, 0x2924, 0x18C2, 0x18A2, 0x20E3, 0x20C2, 0x18A3,
    0x41C6, 0xEDF6, 0xF637, 0xF617, 0xF637, 0xF637, 0xF636, 0xF637, 0xF637, 0xF637, 0xF637, 0xF637, 0xF637, 0xF637, 0xF637, 0xF637,
    0xF637, 0xF637, 0xF637, 0xF637, 0xEE17, 0xC4B1, 0xDDB5, 0xF658, 0xFE58, 0xFE58, 0xFE58, 0xF657, 0xFE57, 0xF657, 0xF658, 0xF657,
    0xC4D2, 0xDDB5, 0xF657, 0xF636, 0xF637, 0xF637, 0xF636, 0xF637, 0xF637, 0xF637, 0xF637, 0xF637, 0xF617, 0xF617, 0xF617, 0xF616,
    0xF637, 0xEDF6, 0xDD13, 0xAC0E, 0x20E3, 0x18A2, 0x18A2, 0x18A2, 0x18A2, 0x18C3, 0x20E3, 0x20E3, 0x18C3, 0x18C3, 0x18C3, 0x18C3,
    0x18C3, 0x18C3, 0x20E3, 0x1082, 0x49E8, 0x5A6A, 0x1082, 0x2104, 0x10A2, 0x62CC, 0xE67C, 0xCDF9, 0xACF5, 0xDE3B, 0xDE3B, 0xDE3B,
    0xDE3B, 0xDE3B, 0xDE3B, 0xDE3B, 0xDE3B, 0xDE3B, 0xDE3B, 0xDE3B, 0xDE3B, 0xDE5B, 0xDE3B, 0xDE3B, 0xDE3B, 0xDE3C, 0xDE3B, 0xDE3B,
    0xDE3B, 0xDE3B, 0xDE3B, 0xDE3B, 0xDE3B, 0xDE3B, 0xDE3B, 0xDE3B, 0xDE5B, 0xDE3B, 0xDE3B, 0xE63B, 0xDE3B, 0xE63B, 0xE63B, 0xE63B,
    0xE63B, 0xE63B, 0xDE3B, 0xE63B, 0xE65B, 0xE63B, 0xE63B, 0xDE3B, 0xE63B, 0xE63B, 0xE63B, 0xE63B, 0xE65B, 0xE63B, 0xE63B, 0xE63B,
    0xE63B, 0xE63B, 0xE63B, 0xE63B, 0xE65B, 0xE65B, 0xE63B, 0xE65B, 0xE65B, 0xE65B, 0xE65B, 0xE65B, 0xE65B, 0xE65B, 0xE65B, 0xE65B,
    0xD65C, 0xD65B, 0xD65B, 0xD65B, 0xD65B, 0xD63B, 0xD65B, 0xD65B, 0xD65B, 0xD65B, 0xD65B, 0xD63B, 0xD63B, 0xD63B, 0xD63B, 0xD65B,
    0xD65B, 0xD65B, 0xD63B, 0xD65B, 0xD65B, 0xD65B, 0xD63B, 0xD63B, 0xD65B, 0xD63B, 0xD65B, 0xD65B, 0xD65B, 0xD65B, 0xD65B, 0xD65B,
    0xD65B, 0xD65B, 0xD65B, 0xD63B, 0xD63B, 0xD63B, 0xD63B, 0xD63B, 0xD65B, 0xD63B, 0xD63B, 0xD63B, 0xD65B, 0xD65B, 0xD65B, 0xD65B,
    0xD65B, 0xDE5B, 0xDE5B, 0xD63B, 0xD65B, 0xDE5B, 0xD65B, 0xD65B, 0xDE3B, 0xDE5B, 0xD65B, 0xD63B, 0xD65B, 0xD63B, 0xD63B, 0xDE3B,
    0xD63B, 0xD63B, 0xD65B, 0xDE5B, 0xDE5B, 0xDE5B, 0xDE3B, 0xD63B, 0xDE5C, 0x83D0, 0x9C93, 0xE69C, 0xCDF9, 0x5249, 0x18C2, 0x2104,
    0x2945, 0x2945, 0x3185, 0x3166, 0x3166, 0x3185, 0x3165, 0x3166, 0x3166, 0x3166, 0x3165, 0x18A2, 0x1081, 0x3986, 0x41C7, 0x18A2,
    0x18A2, 0x72EB, 0xFE77, 0xEE16, 0xF637, 0xF637, 0xF637, 0xF637, 0xF637, 0xF637, 0xF637, 0xF637, 0xF637, 0xF637, 0xF637, 0xF637,
    0xF637, 0xF637, 0xF637, 0xF637, 0xF637, 0xF658, 0xF657, 0xF637, 0xF637, 0xF616, 0xE575, 0xE534, 0xEDD6, 0xF637, 0xF617, 0xF637,
    0xF658, 0xF637, 0xF637, 0xF636, 0xF637, 0xF637, 0xF637, 0xF637, 0xF637, 0xF637, 0xF637, 0xF637, 0xF637, 0xF637, 0xF637, 0xF617,
    0xF637, 0xE574, 0xCCB1, 0x49C6, 0x18A2, 0x18C2, 0x18A2, 0x18A2, 0x18C2, 0x20E3, 0x18C3, 0x18C3, 0x18C3, 0x18C3, 0x18E3, 0x18C3,
    0x18C3, 0x18C3, 0x20E3, 0x18A2, 0x8BD0, 0x3986, 0x18C2, 0x18C2, 0x41C7, 0xCDD9, 0xE65C, 0xD61A, 0xDE3B, 0xDE3B, 0xDE3B, 0xDE3B,
    0xDE3B, 0xDE3B, 0xDE3B, 0xDE3B, 0xDE3B, 0xDE3B, 0xDE3B, 0xDE3B, 0xDE3B, 0xDE3B, 0xDE3B, 0xDE3B, 0xDE3B, 0xDE3B, 0xDE3B, 0xDE3B,
    0xE63B, 0xDE3B, 0xDE3B, 0xDE3B, 0xDE3B, 0xDE3B, 0xDE3B, 0xDE3B, 0xDE3B, 0xDE3B, 0xDE3B, 0xDE3B, 0xE63B, 0xE63B, 0xE63B, 0xE63B,
    0xE63B, 0xE63B, 0xE63B, 0xE63B, 0xE63B, 0xE63B, 0xE63B, 0xE63B, 0xE63B, 0xE63B, 0xE63B, 0xE63B, 0xE65B, 0xE63B, 0xE63B, 0xE63B,
    0xE63B, 0xE63B, 0xE63B, 0xE63B, 0xE65B, 0xE65B, 0xE65B, 0xE63B, 0xE63B, 0xE65B, 0xE65B, 0xE65B, 0xE65B, 0xE65B, 0xE65B, 0xE65B,
    0xD65C, 0xD63B, 0xD65B, 0xD63B, 0xD65B, 0xD65B, 0xD65B, 0xD65B, 0xD63B, 0xD63B, 0xD63B, 0xD63B, 0xD63B, 0xD63B, 0xD63B, 0xD63B,
    0xD63B, 0xD65B, 0xD63B, 0xD63B, 0xD65B, 0xD63B, 0xD63B, 0xD65B, 0xD63B, 0xD63B, 0xD65B, 0xD63B, 0xD63B, 0xD63B, 0xD63B, 0xD65B,
    0xDE3B, 0xDE3B, 0xDE5B, 0xDE3B, 0xD63B, 0xD65B, 0xD63B, 0xD63B, 0xD63B, 0xDE3B, 0xDE3B, 0xDE5B, 0xDE3B, 0xDE3B, 0xDE5B, 0xDE5B,
    0xDE5B, 0xDE5B, 0xDE5B, 0xDE3B, 0xDE5B, 0xDE5B, 0xDE5B, 0xDE5B, 0xDE3B, 0xDE5B, 0xDE5B, 0xDE3B, 0xDE5B, 0xDE3B, 0xDE5B, 0xDE5B,
    0xDE3B, 0xDE3B, 0xDE5B, 0xDE3B, 0xDE3B, 0xDE3B, 0xDE3B, 0xDE3B, 0xDE3B, 0xDE5B, 0xCDD9, 0xDE3B, 0xDE5C, 0xCDD9, 0x5A6A, 0x1082,
    0x4208, 0x5A8B, 0x2924, 0x3185, 0x2965, 0x41E8, 0x5A8A, 0x3145, 0x3186, 0x3166, 0x3165, 0x41E7, 0x20E3, 0x18A3, 0x83AF, 0x3144,
    0x20C2, 0x18C3, 0x8B8D, 0xFE78, 0xF616, 0xF617, 0xF637, 0xF637, 0xF637, 0xF637, 0xF637, 0xF637, 0xF637, 0xF637, 0xF637, 0xF637,
    0xF637, 0xF637, 0xF637, 0xF636, 0xF637, 0xF637, 0xF636, 0xF637, 0xF637, 0xF617, 0xEDF6, 0xF5F6, 0xF617, 0xF637, 0xF637, 0xF637,
    0xF637, 0xF637, 0xF637, 0xF637, 0xF637, 0xF637, 0xF637, 0xF636, 0xF637, 0xF637, 0xF636, 0xF637, 0xF637, 0xF637, 0xF617, 0xF637,
    0xE5B5, 0xDD12, 0x72A9, 0x18A1, 0x18C2, 0x18C2, 0x18A2, 0x20C3, 0x4A08, 0x18C3, 0x20E3, 0x18C3, 0x18C3, 0x20E3, 0x18C2, 0x18C2,
    0x18C3, 0x20E3, 0x1082, 0x6AEC, 0x9C52, 0x1082, 0x41C7, 0x41C8, 0xC577, 0xE65C, 0xDE3B, 0xDE3B, 0xDE3B, 0xDE3B, 0xDE3B, 0xDE3B,
    0xDE3B, 0xDE3B, 0xDE3B, 0xDE3B, 0xDE3B, 0xDE3B, 0xDE3B, 0xDE3B, 0xDE3B, 0xDE3B, 0xDE3B, 0xE63B, 0xDE3B, 0xDE3B, 0xDE3B, 0xDE3B,
    0xDE3B, 0xDE3B, 0xDE3B, 0xDE3B, 0xDE3B, 0xDE3B, 0xDE3B, 0xDE3B, 0xE63B, 0xE63B, 0xE63B, 0xE63B, 0xE63B, 0xE63B, 0xE63B, 0xE63B,
    0xE65B, 0xE65B, 0xE63B, 0xE63B, 0xE63B, 0xE63B, 0xE63B, 0xE63B, 0xE65B, 0xE63B, 0xE63B, 0xE65B, 0xE65B, 0xE65B, 0xE63B, 0xE63B,
    0xE63B, 0xE63B, 0xE63B, 0xE63B, 0xE63B, 0xE63B, 0xE63B, 0xE63B, 0xE63B, 0xE65B, 0xE65B, 0xE65B, 0xE65B, 0xE65B, 0xE65B, 0xE65B,
    0xDE5B, 0xD63B, 0xD65B, 0xD65B, 0xD63B, 0xD65B, 0xD65B, 0xD65B, 0xD63B, 0xD63B, 0xD63B, 0xD63B, 0xD63B, 0xD63B, 0xD63B, 0xD63B,
    0xD63B, 0xD63B, 0xD63B, 0xDE3B, 0xD65B, 0xDE3B, 0xDE3B, 0xDE5B, 0xDE3B, 0xDE3B, 0xDE3B, 0xDE3B, 0xDE3B, 0xDE3B, 0xDE3B, 0xDE3B,
    0xDE3B, 0xDE3C, 0xDE3B, 0xDE3B, 0xDE3B, 0xDE5B, 0xDE3B, 0xDE3B, 0xDE3B, 0xDE3B, 0xDE3B, 0xDE3B, 0xDE3B, 0xDE3B, 0xDE5B, 0xDE5B,
    0xDE5B, 0xDE5B, 0xDE5B, 0xDE5B, 0xDE5B, 0xDE3B, 0xDE5B, 0xDE5B, 0xDE3B, 0xDE3B, 0xDE3B, 0xDE3B, 0xDE3B, 0xDE5B, 0xDE3B, 0xDE3B,
    0xDE3B, 0xDE3B, 0xDE3B, 0xDE5B, 0xDE3B, 0xDE3B, 0xDE3B, 0xDE3B, 0xDE3B, 0xDE5B, 0xDE5B, 0xDE3B, 0xDE3B, 0xDE5B, 0xDE3A, 0x6B0D,
    0x3186, 0xA4B4, 0x41C8, 0x3165, 0x3186, 0x3186, 0x9452, 0x41E7, 0x2965, 0x3186, 0x2945, 0x5AAB, 0xA493, 0x2904, 0x524A, 0xA493,
    0x20E3, 0x18C2, 0x18E3, 0x8B6D, 0xFE57, 0xF637, 0xEE17, 0xF637, 0xF637, 0xF637, 0xF637, 0xF637, 0xF637, 0xF637, 0xF637, 0xF637,
    0xF637, 0xF637, 0xF637, 0xF637, 0xF637, 0xF637, 0xF637, 0xF637, 0xF637, 0xF637, 0xF657, 0xF657, 0xF637, 0xF637, 0xF637, 0xF637,
    0xF637, 0xF637, 0xF637, 0xF637, 0xF637, 0xF637, 0xF637, 0xF637, 0xF637, 0xF637, 0xF637, 0xF637, 0xF637, 0xF637, 0xF637, 0xEDB5,
    0xDD33, 0x7B0B, 0x1882, 0x18C2, 0x18C2, 0x18C3, 0x0841, 0x7B6E, 0x5A8A, 0x1082, 0x20E4, 0x18C3, 0x20E3, 0x18A3, 0x3165, 0x2104,
    0x20E3, 0x18A2, 0x39A7, 0xD5FA, 0x4A29, 0x41E8, 0x9411, 0xBD57, 0xE67C, 0xDE1B, 0xDE3B, 0xDE3B, 0xDE3B, 0xDE3B, 0xDE3B, 0xDE3B,
    0xDE3B, 0xDE3B, 0xDE3B, 0xE63B, 0xE63B, 0xDE3B, 0xE63B, 0xE63B, 0xE63B, 0xE63B, 0xDE3B, 0xDE3B, 0xDE3B, 0xE63B, 0xDE3B, 0xE63B,
    0xE63B, 0xE63B, 0xE63B, 0xE63C, 0xE63B, 0xE63B, 0xE63B, 0xE63B, 0xE63B, 0xDE3B, 0xE63B, 0xE63B, 0xE63B, 0xE65B, 0xE63B, 0xE63B,
    0xE65B, 0xE65B, 0xE63B, 0xE63B, 0xE63B, 0xE63B, 0xE63B, 0xE63B, 0xE63B, 0xE63B, 0xE63B, 0xE63B, 0xE63B, 0xE65B, 0xE65B, 0xE63B,
    0xE63B, 0xE63B, 0xE63B, 0xE63B, 0xE63B, 0xE63B, 0xE63B, 0xE65B, 0xE65B, 0xE65B, 0xE65B, 0xE65B, 0xE65B, 0xE65B, 0xE65B, 0xE65B,
    0xDE3B, 0xD65B, 0xDE5B, 0xDE5B, 0xDE3B, 0xDE5B, 0xDE5B, 0xDE3B, 0xDE3B, 0xDE3B, 0xDE3B, 0xDE3B, 0xDE3B, 0xDE3B, 0xDE3B, 0xDE3B,
    0xDE3B, 0xDE3B, 0xDE3B, 0xDE3B, 0xDE3C, 0xDE3B, 0xDE3B, 0xDE3B, 0xDE3B, 0xDE3B, 0xDE3B, 0xDE3B, 0xDE3B, 0xDE3B, 0xDE3B, 0xDE5B,
    0xDE3B, 0xDE5B, 0xDE5B, 0xDE3B, 0xDE3B, 0xDE3B, 0xDE3B, 0xDE5B, 0xDE3B, 0xDE3B, 0xDE3B, 0xDE3B, 0xDE3B, 0xDE3B, 0xDE5B, 0xDE5B,
    0xDE3B, 0xDE5B, 0xDE3B, 0xDE5B, 0xDE5B, 0xDE3B, 0xDE3B, 0xDE5B, 0xDE3B, 0xDE3B, 0xDE3B, 0xDE5B, 0xDE3B, 0xDE3B, 0xDE3B, 0xDE3B,
    0xDE3B, 0xDE3B, 0xDE3B, 0xDE3B, 0xDE3B, 0xDE3B, 0xDE3B, 0xDE3B, 0xDE5B, 0xDE5B, 0xDE5B, 0xDE5B, 0xDE5B, 0xDE3B, 0xDE5B, 0xE69C,
    0x9C73, 0xACF6, 0xA493, 0x2945, 0x31A6, 0x2945, 0x9431, 0xA4D4, 0x2924, 0x3186, 0x3186, 0x3165, 0xBD56, 0xD5FA, 0x7B4E, 0xBD57,
    0xB4F4, 0x3986, 0x18A2, 0x18A2, 0x72CA, 0xEDF6, 0xFE98, 0xF637, 0xF637, 0xF637, 0xF637, 0xF637, 0xF637, 0xF637, 0xF637, 0xF637,
    0xF637, 0xF637, 0xF637, 0xF637, 0xF637, 0xF637, 0xF637, 0xF637, 0xF637, 0xF637, 0xF637, 0xF637, 0xF637, 0xF637, 0xF637, 0xF637,
    0xF637, 0xF637, 0xF637, 0xF637, 0xF637, 0xF637, 0xF637, 0xF637, 0xF637, 0xF637, 0xF637, 0xF637, 0xF637, 0xF637, 0xEDB5, 0xDD13,
    0x7ACA, 0x1041, 0x3145, 0x2104, 0x18C2, 0x1061, 0x730D, 0xC598, 0x2924, 0x20C3, 0x20E3, 0x20E3, 0x18A2, 0x2945, 0x62CB, 0x20C3,
    0x18C2, 0x2945, 0xC599, 0xACD4, 0x41E8, 0xCD98, 0xDE1B, 0xE65B, 0xDE3B, 0xDE3B, 0xDE3B, 0xDE3B, 0xDE3B, 0xDE3B, 0xDE3B, 0xE63B,
    0xE63B, 0xE63B, 0xE63B, 0xE63B, 0xE63B, 0xE63B, 0xE63B, 0xDE3B, 0xDE3B, 0xE63B, 0xE63B, 0xE63B, 0xE63B, 0xDE3B, 0xDE3B, 0xE63B,
    0xE63B, 0xE63B, 0xE65B, 0xE63B, 0xE63B, 0xE63B, 0xE63B, 0xE63B, 0xE63B, 0xE63B, 0xE63C, 0xE63B, 0xE63B, 0xE63B, 0xE63B, 0xE63B,
    0xE63B, 0xE65B, 0xE63B, 0xE63B, 0xE63B, 0xE63B, 0xE63B, 0xE63B, 0xE63B, 0xE63B, 0xE63B, 0xE63B, 0xE63B, 0xE65B, 0xE65B, 0xE65B,
    0xE63B, 0xE63B, 0xE63B, 0xE65B, 0xE65B, 0xE65B, 0xE65B, 0xE65B, 0xE65B, 0xE65B, 0xE65B, 0xE65B, 0xE65B, 0xE65C, 0xE65B, 0xE65B,
    0xDE3B, 0xDE3B, 0xDE5B, 0xDE5B, 0xDE5B, 0xDE3B, 0xDE3B, 0xDE3B, 0xDE3B, 0xDE5B, 0xDE3B, 0xDE3B, 0xDE3B, 0xDE3B, 0xDE3B, 0xDE3B,
    0xDE3B, 0xDE3B, 0xDE3B, 0xDE3B, 0xDE3B, 0xDE3B, 0xDE3B, 0xDE5B, 0xDE5B, 0xDE3B, 0xDE3B, 0xDE3B, 0xDE3B, 0xDE3B, 0xDE3B, 0xDE3B,
    0xDE3B, 0xDE3B, 0xDE3B, 0xDE3B, 0xDE3B, 0xDE3B, 0xDE3B, 0xDE3B, 0xDE3B, 0xDE3B, 0xDE3B, 0xDE5B, 0xDE3B, 0xDE3B, 0xDE3B, 0xDE3B,
    0xDE3B, 0xDE3B, 0xDE3B, 0xDE3B, 0xDE3B, 0xDE3B, 0xDE5B, 0xDE3B, 0xDE3B, 0xDE3B, 0xDE3B, 0xDE3B, 0xDE3B, 0xDE3B, 0xDE3B, 0xDE3B,
    0xDE3B, 0xDE3B, 0xDE3B, 0xDE3B, 0xDE3B, 0xDE3B, 0xDE3B, 0xDE3B, 0xDE5B, 0xDE5B, 0xDE5B, 0xDE5B, 0xDE3B, 0xDE3B, 0xDE3B, 0xDE3B,
    0xE67C, 0xDE1B, 0xE67C, 0x8BF1, 0x3165, 0x2965, 0x5A8B, 0xE67C, 0x9411, 0x3145, 0x3186, 0x2965, 0x6AEC, 0xEE7C, 0xE67C, 0xDE1A,
    0xEE7C, 0xD5D9, 0x83AF, 0x41E7, 0x18C3, 0x4185, 0xB471, 0xF636, 0xFE57, 0xF637, 0xF637, 0xF637, 0xF637, 0xF637, 0xF637, 0xF637,
    0xF637, 0xF637, 0xF637, 0xF637, 0xF637, 0xF637, 0xF637, 0xF637, 0xF637, 0xF637, 0xF637, 0xF637, 0xF637, 0xF637, 0xF637, 0xF637,
    0xF637, 0xF637, 0xF637, 0xF637, 0xF637, 0xF637, 0xF637, 0xF637, 0xF637, 0xF637, 0xF637, 0xF637, 0xF636, 0xEDB5, 0xC470, 0x51E7,
    0x1061, 0x5A8A, 0x62AB, 0x1061, 0x2924, 0x8BD0, 0xF6DD, 0x83AF, 0x1082, 0x2103, 0x20E4, 0x20E3, 0x18A2, 0x83D0, 0x49E8, 0x1082,
    0x3165, 0xBD36, 0xDE3B, 0x838F, 0xCDB8, 0xEE7C, 0xDE3B, 0xDE3B, 0xDE3B, 0xDE3B, 0xDE3B, 0xDE3B, 0xDE3B, 0xDE3B, 0xE63B, 0xDE3B,
    0xE63B, 0xE63B, 0xE63B, 0xE63C, 0xE63B, 0xE63B, 0xE63B, 0xE63B, 0xE63B, 0xE63B, 0xE63B, 0xE63B, 0xDE3B, 0xDE3B, 0xE63B, 0xE63B,
    0xDE3B, 0xE63B, 0xE63B, 0xE63B, 0xE63B, 0xE63B, 0xE63B, 0xE63C, 0xE63B, 0xE63B, 0xE63B, 0xE63B, 0xE63B, 0xE65B, 0xE63B, 0xE63B,
    0xE63B, 0xE63B, 0xE63B, 0xE65B, 0xE63B, 0xE63B, 0xE63B, 0xE63B, 0xE65B, 0xE63B, 0xE63B, 0xE63C, 0xE63B, 0xE63B, 0xE65B, 0xE65B,
    0xE63B, 0xE63B, 0xE63B, 0xE65B, 0xE65B, 0xE65B, 0xE65B, 0xE65B, 0xE65B, 0xE65B, 0xE65B, 0xE65B, 0xE65B, 0xE65B, 0xE65B, 0xEE5B,
    0xDE5B, 0xDE5B, 0xDE3B, 0xDE5C, 0xDE5B, 0xDE3B, 0xDE5B, 0xDE3B, 0xDE3B, 0xDE3B, 0xDE3B, 0xDE3B, 0xDE3B, 0xDE3B, 0xDE3B, 0xDE3B,
    0xDE5B, 0xDE3B, 0xDE3B, 0xDE3B, 0xDE5B, 0xDE3B, 0xDE5B, 0xDE3B, 0xDE5B, 0xDE5B, 0xDE5B, 0xDE3B, 0xDE3B, 0xDE3B, 0xDE5B, 0xDE3B,
    0xDE3B, 0xDE3B, 0xDE3B, 0xDE3B, 0xDE5B, 0xDE5B, 0xDE3B, 0xDE3B, 0xDE3B, 0xDE5B, 0xDE5B, 0xDE5B, 0xDE5B, 0xDE5B, 0xDE5B, 0xDE3B,
    0xDE3B, 0xDE3B, 0xDE3B, 0xDE3B, 0xDE3B, 0xDE3B, 0xDE3B, 0xDE3B, 0xDE5B, 0xDE3B, 0xDE3B, 0xDE3B, 0xDE5B, 0xDE5B, 0xDE3B, 0xDE5B,
    0xDE3B, 0xDE3B, 0xDE5B, 0xDE5B, 0xDE3B, 0xDE3B, 0xDE3B, 0xDE3B, 0xDE5B, 0xDE5B, 0xDE3B, 0xE63B, 0xDE3B, 0xDE3B, 0xE63B, 0xE63B,
    0xDE3B, 0xE65B, 0xDE3B, 0xE67B, 0x9432, 0x3186, 0x3165, 0xBD36, 0xEEBC, 0x9C73, 0x39A7, 0x2965, 0x3186, 0xACF5, 0xEE7C, 0xDE3A,
    0xDE3B, 0xE65B, 0xEE7C, 0xDE1A, 0xB515, 0x8BD0, 0x838F, 0xBCF4, 0xDD95, 0xF617, 0xFE37, 0xF637, 0xF637, 0xF637, 0xF637, 0xF637,
    0xF637, 0xF637, 0xF637, 0xF637, 0xF637, 0xF637, 0xF637, 0xF637, 0xF637, 0xF637, 0xF637, 0xF637, 0xF637, 0xF637, 0xF637, 0xF637,
    0xF637, 0xF637, 0xF637, 0xF637, 0xF637, 0xF637, 0xF637, 0xF637, 0xF637, 0xF637, 0xF657, 0xEDD5, 0xC491, 0x7ACA, 0x3945, 0x41C8,
    0x9C73, 0xB4F5, 0x49E8, 0x7B4E, 0xCD98, 0xEE9C, 0xD5F9, 0x3986, 0x18C3, 0x20E3, 0x2104, 0x1082, 0x83AF, 0x8BEF, 0x0841, 0x4A29,
    0xC578, 0xEE9C, 0xCDB8, 0xD5FA, 0xE67C, 0xDE1B, 0xDE3B, 0xE63B, 0xE63B, 0xDE3B, 0xE63B, 0xE63B, 0xE63B, 0xE63B, 0xE63B, 0xE63B,
    0xE63B, 0xE63B, 0xE63B, 0xE63B, 0xE63B, 0xE63B, 0xE63B, 0xE63B, 0xE63B, 0xE63B, 0xE63B, 0xE63B, 0xE63B, 0xE63B, 0xE63B, 0xE63B,
    0xE63B, 0xE63B, 0xE63B, 0xE63B, 0xE63B, 0xE63B, 0xE65B, 0xE63B, 0xE63B, 0xE63B, 0xE65B, 0xE65B, 0xE63B, 0xE63B, 0xE63B, 0xE63B,
    0xE65B, 0xE65B, 0xE63B, 0xE63B, 0xE63B, 0xE63B, 0xE65B, 0xE63B, 0xE63B, 0xE65B, 0xE65B, 0xE63B, 0xE63B, 0xE63B, 0xE65B, 0xE65B,
    0xE63B, 0xE65B, 0xE65B, 0xE65B, 0xE65B, 0xE65B, 0xE65B, 0xE65B, 0xE65B, 0xE65B, 0xE65B, 0xEE5B, 0xEE3B, 0xEE5B, 0xEE5B, 0xE63B,
    0xDE5B, 0xDE3B, 0xDE3B, 0xDE3B, 0xDE3B, 0xDE3B, 0xDE3B, 0xDE3B, 0xDE3B, 0xDE3B, 0xDE3B, 0xDE3B, 0xDE5B, 0xDE3B, 0xDE5B, 0xDE3B,
    0xDE3B, 0xDE5B, 0xDE3B, 0xDE3B, 0xDE3B, 0xDE3B, 0xDE3B, 0xDE5B, 0xDE3B, 0xDE3B, 0xDE3B, 0xDE3B, 0xDE3B, 0xDE3B, 0xDE5B, 0xDE3B,
    0xDE3B, 0xDE5B, 0xDE3B, 0xDE5B, 0xDE5B, 0xDE5B, 0xDE3B, 0xDE3B, 0xDE3B, 0xDE3B, 0xDE3B, 0xDE3B, 0xDE3B, 0xDE3B, 0xDE3B, 0xDE3B,
    0xDE3B, 0xDE3B, 0xDE3B, 0xDE3B, 0xDE5B, 0xDE3B, 0xDE3B, 0xDE3B, 0xDE3B, 0xDE3B, 0xDE3B, 0xDE3B, 0xDE3B, 0xDE3B, 0xDE3B, 0xDE3B,
    0xDE5B, 0xDE3B, 0xDE3B, 0xDE3B, 0xDE3B, 0xDE3B, 0xDE3B, 0xDE3B, 0xDE3B, 0xDE3B, 0xDE3B, 0xE63B, 0xE63B, 0xE63B, 0xDE5B, 0xE63B,
    0xE63B, 0xE63B, 0xDE3B, 0xE63B, 0xEE7C, 0xB516, 0x524A, 0x734E, 0xE63B, 0xE65C, 0xC577, 0x62CB, 0x2945, 0x41E8, 0xCDB9, 0xEE7C,
    0xE63B, 0xE63B, 0xDE3A, 0xE63B, 0xEE7C, 0xEE9C, 0xEE7C, 0xDE3B, 0xCD98, 0xCD35, 0xD574, 0xEE16, 0xF658, 0xF657, 0xF637, 0xF636,
    0xF637, 0xF637, 0xF637, 0xF637, 0xF637, 0xF637, 0xF637, 0xF637, 0xF637, 0xF637, 0xF637, 0xF637, 0xF637, 0xF637, 0xF637, 0xF637,
    0xF637, 0xF637, 0xF637, 0xF637, 0xF637, 0xF637, 0xF637, 0xF637, 0xFE57, 0xEDD5, 0xCCF2, 0xAC50, 0x9BF0, 0x8BD0, 0xB4F5, 0xE63B,
    0xEE9C, 0xCD98, 0xD5D9, 0xEE9C, 0xE63B, 0xEE7C, 0x838F, 0x18A2, 0x2104, 0x20E3, 0x1082, 0x734E, 0xBD56, 0x3166, 0x7B4E, 0xDE3A,
    0xE65C, 0xDE3B, 0xE65B, 0xE63B, 0xDE3B, 0xE63B, 0xE63B, 0xE63B, 0xE63B, 0xE63B, 0xE63B, 0xE63B, 0xE63B, 0xE63B, 0xE63B, 0xE63B,
    0xE63B, 0xE63B, 0xE63B, 0xE65B, 0xE63B, 0xE65B, 0xE63B, 0xE63B, 0xE63B, 0xE63B, 0xE63B, 0xE63B, 0xE63B, 0xE63B, 0xE63B, 0xE63B,
    0xE65B, 0xE63B, 0xE63B, 0xE63B, 0xE63B, 0xE63B, 0xE63B, 0xE63B, 0xE63B, 0xE63B, 0xE63B, 0xE63B, 0xE63B, 0xE63B, 0xE63B, 0xE63B,
    0xE65B, 0xE63B, 0xE63B, 0xE63B, 0xE63B, 0xE65B, 0xE65B, 0xE65B, 0xE65B, 0xE65B, 0xE63B, 0xE63B, 0xE63B, 0xE63B, 0xE65B, 0xE63B,
    0xE65B, 0xE65B, 0xE65B, 0xE65B, 0xE65B, 0xE63B, 0xE65B, 0xEE5B, 0xEE5B, 0xEE5B, 0xEE5B, 0xEE5B, 0xEE5B, 0xEE5B, 0xEE3B, 0xEE3B,
    0xDE3B, 0xDE3B, 0xDE3B, 0xDE3B, 0xDE3B, 0xDE3B, 0xDE3B, 0xDE3B, 0xDE3B, 0xDE3B, 0xDE3B, 0xDE3B, 0xDE3B, 0xDE3B, 0xDE3B, 0xDE3B,
    0xDE3B, 0xDE3B, 0xDE3B, 0xDE3B, 0xDE3B, 0xDE3B, 0xDE3B, 0xDE3B, 0xDE5B, 0xDE3B, 0xDE3B, 0xDE3B, 0xDE3B, 0xDE3B, 0xDE3B, 0xDE3B,
    0xDE3B, 0xDE5B, 0xDE5B, 0xDE3B, 0xDE3B, 0xDE3B, 0xDE3B, 0xDE3B, 0xDE3B, 0xDE3B, 0xDE3B, 0xDE3B, 0xDE3B, 0xDE3B, 0xDE3B, 0xDE5B,
    0xDE3B, 0xDE3B, 0xDE3B, 0xDE3B, 0xDE5B, 0xDE3B, 0xDE3B, 0xDE3B, 0xDE3B, 0xDE3B, 0xDE3B, 0xDE3B, 0xDE3B, 0xE63B, 0xE63B, 0xE65C,
    0xE65B, 0xE63B, 0xE63C, 0xE63B, 0xE63B, 0xE63B, 0xE63B, 0xE63B, 0xE63B, 0xE63B, 0xE63B, 0xDE3B, 0xE63B, 0xE63B, 0xE63B, 0xE63B,
    0xE63B, 0xE63B, 0xE63B, 0xE63B, 0xE63B, 0xEE7C, 0xDE1B, 0xACB4, 0xCD98, 0xE63B, 0xE67C, 0xE63B, 0xACD5, 0x62AB, 0x62CC, 0xC578,
    0xE63B, 0xE63B, 0xE63B, 0xE63B, 0xE61B, 0xE61B, 0xE61B, 0xE63B, 0xE65B, 0xE63C, 0xD5B8, 0xC536, 0xCD54, 0xE5B5, 0xF637, 0xFE58,
    0xF637, 0xF637, 0xF637, 0xF637, 0xF637, 0xF637, 0xF637, 0xF637, 0xF637, 0xF637, 0xF637, 0xF637, 0xF637, 0xF637, 0xF637, 0xF637,
    0xF637, 0xF637, 0xF637, 0xEE37, 0xF637, 0xF657, 0xF637, 0xE5B5, 0xC4D1, 0xAC30, 0xB4B4, 0xD5B9, 0xEE7C, 0xEE9D, 0xEE7C, 0xE63B,
    0xDE1B, 0xE65B, 0xE63B, 0xDDFA, 0xEE7B, 0xBD36, 0x3125, 0x2104, 0x20C3, 0x20E3, 0x83B0, 0xE65B, 0xA493, 0xBD37, 0xEE9D, 0xE65B,
    0xDE1B, 0xE63B, 0xE63B, 0xE63B, 0xE63B, 0xE63B, 0xE63B, 0xE63B, 0xE63B, 0xE63B, 0xE63B, 0xE63B, 0xE63B, 0xE63B, 0xE63B, 0xE63B,
    0xE63B, 0xE63B, 0xE63B, 0xE65B, 0xE63B, 0xE63B, 0xE63B, 0xE63B, 0xE63B, 0xE63B, 0xE63B, 0xE63B, 0xE63B, 0xE63B, 0xE63B, 0xE63B,
    0xE63B, 0xE63B, 0xE63B, 0xE63B, 0xE65B, 0xE63B, 0xE63B, 0xE63B, 0xE63B, 0xE63B, 0xE63B, 0xE63B, 0xE63B, 0xE63B, 0xE65B, 0xE63B,
    0xE63B, 0xE65B, 0xE63B, 0xE63B, 0xE63B, 0xE65B, 0xE65B, 0xE63B, 0xE63B, 0xE63B, 0xE63B, 0xE63B, 0xE63B, 0xE63B, 0xE63B, 0xE65B,
    0xE65B, 0xE65B, 0xE65B, 0xE65B, 0xE63B, 0xE63B, 0xE63B, 0xEE5B, 0xEE5B, 0xEE5B, 0xEE5C, 0xEE5B, 0xEE5B, 0xEE5B, 0xEE3B, 0xEE3B,
    0xE65B, 0xDE3B, 0xDE3B, 0xDE3B, 0xDE3B, 0xDE3B, 0xDE3B, 0xDE3B, 0xDE3B, 0xDE3B, 0xDE3B, 0xDE3B, 0xDE3B, 0xDE3B, 0xDE3B, 0xDE5B,
    0xDE5B, 0xDE3B, 0xDE3B, 0xDE3B, 0xDE3B, 0xDE5A, 0xDE3B, 0xDE3B, 0xDE3B, 0xDE3B, 0xDE5B, 0xDE5B, 0xDE5B, 0xDE5B, 0xDE3B, 0xDE5B,
    0xE65B, 0xDE3B, 0xDE3B, 0xDE3B, 0xDE5B, 0xDE3B, 0xDE3B, 0xDE3B, 0xDE3B, 0xDE5B, 0xDE5B, 0xDE3B, 0xDE3B, 0xDE3B, 0xDE3B, 0xE65B,
    0xDE3B, 0xDE3B, 0xDE3B, 0xDE3B, 0xE63B, 0xE63B, 0xE63B, 0xE63B, 0xE63B, 0xE63B, 0xE63B, 0xE63B, 0xE63B, 0xE63B, 0xE63B, 0xE63B,
    0xE63B, 0xE63B, 0xE63B, 0xE63B, 0xE63B, 0xE63B, 0xE63B, 0xE63B, 0xE63B, 0xE63B, 0xE63B, 0xE63B, 0xE63B, 0xE63B, 0xE63B, 0xE63B,
    0xE63B, 0xE63B, 0xE63A, 0xE63B, 0xE63B, 0xE63B, 0xE63B, 0xEE7B, 0xE63A, 0xE63B, 0xE63B, 0xE63B, 0xEE7C, 0xEE5C, 0xCD97, 0xC557,
    0xE63B, 0xE63B, 0xE63B, 0xE63B, 0xE63B, 0xE63B, 0xE63A, 0xE63B, 0xE63B, 0xE63B, 0xE65B, 0xE65B, 0xD5F9, 0xCD77, 0xB4D3, 0xC513,
    0xE5D6, 0xF657, 0xF657, 0xF637, 0xF637, 0xF636, 0xF637, 0xF637, 0xF637, 0xF637, 0xF636, 0xF637, 0xF637, 0xF637, 0xF637, 0xF637,
    0xF636, 0xF637, 0xF657, 0xFE58, 0xEE16, 0xDD94, 0xBCB2, 0xAC72, 0xBD36, 0xD5FA, 0xE65C, 0xE65B, 0xE63B, 0xE61B, 0xE63B, 0xE63B,
    0xE63B, 0xE63B, 0xE61A, 0xEE7C, 0xD5D9, 0x41C8, 0x18A2, 0x18C3, 0x49E8, 0xB4F5, 0xEE9C, 0xDE3B, 0xE65C, 0xEE7C, 0xE63A, 0xE63B,
    0xE63B, 0xE63B, 0xE63B, 0xE63A, 0xE63B, 0xE63B, 0xE63B, 0xE63B, 0xE63B, 0xE63A, 0xE63B, 0xE63B, 0xE63B, 0xE63B, 0xE63B, 0xE63B,
    0xE63B, 0xE63B, 0xE63B, 0xE63B, 0xE63B, 0xE63B, 0xE63B, 0xE63B, 0xE63B, 0xE63B, 0xE63B, 0xE63B, 0xE63B, 0xE63A, 0xE63B, 0xE63B,
    0xE63B, 0xE63B, 0xE63B, 0xE63B, 0xE63B, 0xE63B, 0xE65B, 0xE63B, 0xE63B, 0xE63B, 0xE63B, 0xE63B, 0xE63B, 0xE63B, 0xE63B, 0xE63B,
    0xE63B, 0xE63B, 0xE63B, 0xE63B, 0xE63B, 0xE63B, 0xE63B, 0xE63B, 0xE63B, 0xE63B, 0xE63B, 0xE63B, 0xE65C, 0xE65B, 0xE65B, 0xE65B,
    0xE63B, 0xE63B, 0xE65B, 0xEE3B, 0xEE3B, 0xE63B, 0xE65B, 0xEE5B, 0xEE5B, 0xEE5B, 0xEE5B, 0xEE5B, 0xEE5B, 0xEE5B, 0xEE3B, 0xEE3B,
    0xE65C, 0xDE3B, 0xDE5B, 0xDE5B, 0xDE3B, 0xDE3B, 0xDE3B, 0xDE3B, 0xDE5B, 0xDE3B, 0xDE3B, 0xE65B, 0xE65B, 0xE63B, 0xE63B, 0xDE3B,
    0xDE3B, 0xE63B, 0xE63B, 0xE63B, 0xDE3B, 0xDE3B, 0xDE3B, 0xDE3B, 0xDE3B, 0xDE3B, 0xE63B, 0xDE3B, 0xDE3B, 0xE63B, 0xE63B, 0xE63B,
    0xE63B, 0xE63B, 0xE63B, 0xE63B, 0xE63B, 0xE63B, 0xE63B, 0xE63B, 0xE63B, 0xE63B, 0xE63B, 0xE63B, 0xE63B, 0xE63B, 0xE63B, 0xE63B,
    0xE63B, 0xE63B, 0xE63B, 0xE63B, 0xE63B, 0xE63B, 0xE63B, 0xE63B, 0xE63B, 0xE63B, 0xE63B, 0xE63B, 0xE63B, 0xE63B, 0xE63B, 0xE63B,
    0xE63B, 0xE63B, 0xE63B, 0xE63B, 0xE63B, 0xE63B, 0xE63B, 0xE63B, 0xE63B, 0xE63B, 0xE63B, 0xE63B, 0xE63B, 0xE63B, 0xE63B, 0xE63B,
    0xE63B, 0xE63B, 0xE63B, 0xE63B, 0xE63B, 0xE63B, 0xE63B, 0xE63B, 0xE63B, 0xE63B, 0xE63B, 0xE63B, 0xE63B, 0xE63B, 0xEE7C, 0xEE7C,
    0xE63B, 0xE63B, 0xE63B, 0xE63B, 0xE63B, 0xE63B, 0xE63B, 0xE63B, 0xE63B, 0xE63B, 0xE63B, 0xE63B, 0xE63B, 0xEE7C, 0xC515, 0xB40F,
    0xBC70, 0xC4B1, 0xD533, 0xE5D5, 0xF637, 0xF658, 0xF657, 0xF637, 0xF637, 0xF637, 0xF637, 0xF637, 0xF637, 0xF637, 0xF637, 0xF658,
    0xF657, 0xEE37, 0xDD94, 0xC4D2, 0xB44F, 0x9BCE, 0xCD78, 0xE65B, 0xEE7C, 0xE63B, 0xE63B, 0xE63B, 0xE63B, 0xE63B, 0xE63B, 0xE63B,
    0xE63B, 0xE63B, 0xE63B, 0xBD36, 0x4A08, 0x2925, 0x5A69, 0x9C32, 0xDE1A, 0xEE7C, 0xE63B, 0xE63B, 0xE63B, 0xE63B, 0xE63B, 0xE65B,
    0xE63B, 0xE63B, 0xE63B, 0xE63B, 0xE63B, 0xE63B, 0xE63B, 0xE63B, 0xE63B, 0xE63B, 0xE63B, 0xE63B, 0xE63B, 0xE63B, 0xE63B, 0xE63B,
    0xE63B, 0xE63B, 0xE63B, 0xE63B, 0xE63B, 0xE63B, 0xE63B, 0xE63B, 0xE63B, 0xE63B, 0xE63B, 0xE63B, 0xE63B, 0xE63B, 0xE63B, 0xE63B,
    0xE65B, 0xE63B, 0xE63B, 0xE63B, 0xE63B, 0xE63B, 0xE63B, 0xE63B, 0xE63B, 0xE63B, 0xE63B, 0xE63B, 0xE63B, 0xE63B, 0xE63B, 0xE63B,
    0xE63B, 0xE63B, 0xE63B, 0xE63B, 0xE63B, 0xE63B, 0xE63B, 0xE63B, 0xE63B, 0xE65B, 0xE63B, 0xE65B, 0xE65B, 0xE65B, 0xE65B, 0xE63B,
    0xE63B, 0xE63B, 0xE63B, 0xE65B, 0xEE5B, 0xEE3B, 0xEE5B, 0xEE5B, 0xEE5B, 0xEE5B, 0xEE5B, 0xEE5B, 0xEE5B, 0xEE5B, 0xEE3B, 0xEE3B,
    0xE65C, 0xE63B, 0xDE3B, 0xDE3B, 0xE63B, 0xE63B, 0xE63B, 0xE63B, 0xE63B, 0xE63B, 0xE63B, 0xE63B, 0xE63B, 0xE63B, 0xE63B, 0xE63B,
    0xE63B, 0xE63B, 0xE63B, 0xE63B, 0xE63B, 0xE63B, 0xE63B, 0xE63B, 0xE63B, 0xE63B, 0xE63B, 0xE63B, 0xE63B, 0xE63B, 0xE63B, 0xE63B,
    0xE63B, 0xE63B, 0xE63B, 0xE63B, 0xE63B, 0xE63B, 0xE63B, 0xE63B, 0xE63B, 0xE63B, 0xE63B, 0xE63B, 0xE63B, 0xE63B, 0xE63B, 0xE63B,
    0xE63B, 0xE63B, 0xE63B, 0xE63B, 0xE63B, 0xE63B, 0xE63B, 0xE63B, 0xE63B, 0xE63B, 0xE63B, 0xE63B, 0xE63B, 0xE63B, 0xE63B, 0xE63B,
    0xE63B, 0xE63B, 0xE63B, 0xE63B, 0xE63B, 0xE63B, 0xE63B, 0xE63B, 0xE63B, 0xE63B, 0xE63B, 0xE63B, 0xE63B, 0xE63B, 0xE63B, 0xE63B,
    0xE63B, 0xE63B, 0xE63B, 0xE63B, 0xE63B, 0xE63B, 0xE63B, 0xE63B, 0xE63B, 0xE65B, 0xE63B, 0xE63B, 0xE63B, 0xE63B, 0xE63B, 0xE63B,
    0xE63B, 0xE63B, 0xE63B, 0xE63B, 0xE63B, 0xE63B, 0xE63B, 0xE63B, 0xE63B, 0xE63B, 0xE63B, 0xE63B, 0xE63B, 0xE65B, 0xC516, 0xCC90,
    0xDCD2, 0xCCB1, 0xC470, 0xBC50, 0xBC90, 0xCD12, 0xDD95, 0xEE17, 0xF657, 0xFE77, 0xFE78, 0xFE58, 0xFE77, 0xF657, 0xEDF6, 0xD574,
    0xC4D2, 0xB44F, 0xB42F, 0xC470, 0xD4D1, 0xBC71, 0xDE1B, 0xE63B, 0xE63B, 0xE63B, 0xE63B, 0xE63B, 0xE63B, 0xE63B, 0xE63B, 0xE63B,
    0xE63B, 0xE63B, 0xE63B, 0xC536, 0xB4F5, 0xCD98, 0xE65B, 0xEE9C, 0xE63B, 0xE63B, 0xE63B, 0xE63B, 0xE63B, 0xE63B, 0xE63B, 0xE63B,
    0xE63B, 0xE63B, 0xE63B, 0xE63B, 0xE63B, 0xE63B, 0xE63B, 0xE63B, 0xE63B, 0xE63B, 0xE63B, 0xE63B, 0xE63B, 0xE63B, 0xE63B, 0xE63B,
    0xE63B, 0xE63B, 0xE63B, 0xE63B, 0xE63B, 0xE63B, 0xE63B, 0xE63B, 0xE63B, 0xE63B, 0xE63B, 0xE63B, 0xE63B, 0xE63B, 0xE63B, 0xE63B,
    0xE63B, 0xE63B, 0xE63B, 0xE63B, 0xE63B, 0xE63B, 0xE63B, 0xE63B, 0xE63B, 0xE63B, 0xE63B, 0xE63B, 0xE63B, 0xE63B, 0xE63B, 0xE63B,
    0xE63B, 0xE63B, 0xE63B, 0xE63B, 0xE63B, 0xE63B, 0xE63B, 0xE63B, 0xE63B, 0xE65B, 0xE63B, 0xE65B, 0xE65B, 0xEE3B, 0xEE3B, 0xEE3B,
    0xEE3B, 0xEE5B, 0xEE5B, 0xEE3B, 0xEE5B, 0xEE5B, 0xEE5B, 0xEE5B, 0xEE5B, 0xEE3B, 0xEE5B, 0xEE5B, 0xEE3B, 0xEE3B, 0xEE3B, 0xEE3B,
    0xE65B, 0xE65B, 0xE63B, 0xE63B, 0xE63B, 0xE63B, 0xE63B, 0xE63B, 0xE63B, 0xE63B, 0xE63B, 0xE63B, 0xE63B, 0xE63B, 0xE63B, 0xE63B,
    0xE63B, 0xE63B, 0xE63C, 0xE63B, 0xE63B, 0xE63B, 0xE63B, 0xE63B, 0xE63B, 0xE63B, 0xE63B, 0xE63B, 0xE63B, 0xE63B, 0xE63B, 0xE63B,
    0xE63B, 0xE63B, 0xE63B, 0xE63B, 0xE63B, 0xE63B, 0xE63B, 0xE63B, 0xE63B, 0xE63B, 0xE63B, 0xE63B, 0xE65B, 0xE63B, 0xE63B, 0xE63B,
    0xE63B, 0xE63B, 0xE63B, 0xE63B, 0xE65B, 0xE63B, 0xE63B, 0xE63B, 0xE63B, 0xE63B, 0xE63B, 0xE63C, 0xE63B, 0xE63B, 0xE63B, 0xE63B,
    0xE63B, 0xE63B, 0xE63B, 0xE63B, 0xE63B, 0xE63B, 0xE63B, 0xE63B, 0xE63B, 0xE63B, 0xE63B, 0xE63B, 0xE63B, 0xE63B, 0xE63B, 0xE63C,
    0xE63B, 0xE63B, 0xE63B, 0xE63B, 0xE63B, 0xE63B, 0xE63B, 0xE63B, 0xE63B, 0xE63B, 0xE63B, 0xE63B, 0xE65B, 0xE63B, 0xE63B, 0xE63B,
    0xE63B, 0xE63B, 0xE63B, 0xE63B, 0xE63B, 0xE63B, 0xE63B, 0xEE5B, 0xE65B, 0xE63B, 0xE63B, 0xE65B, 0xE65B, 0xEE7C, 0xC556, 0xD512,
    0xD4B1, 0xD4D2, 0xD4D2, 0xD4D2, 0xD4B1, 0xC470, 0xBC2F, 0xBC50, 0xBC71, 0xC4D1, 0xC4F2, 0xC4D2, 0xBCB1, 0xB44F, 0xAC0F, 0xB42F,
    0xC470, 0xD4D1, 0xDCF2, 0xDCF2, 0xD4D1, 0xBC72, 0xDE1A, 0xE63B, 0xE63B, 0xE63B, 0xE63B, 0xE63B, 0xE63B, 0xE63B, 0xE63B, 0xE63B,
    0xE63B, 0xE63B, 0xE63B, 0xEE5C, 0xEE7C, 0xE65C, 0xE63B, 0xE63B, 0xE63B, 0xE63B, 0xE63B, 0xE63B, 0xE63B, 0xE63B, 0xE63B, 0xE63B,
    0xE63B, 0xE63B, 0xE63B, 0xE63B, 0xE63B, 0xE63B, 0xE63B, 0xE63B, 0xE63B, 0xE63B, 0xE63B, 0xE63B, 0xE63B, 0xE63B, 0xE63B, 0xE63B,
    0xE63B, 0xE63B, 0xE63B, 0xE63B, 0xE63C, 0xE63B, 0xE63B, 0xE63B, 0xE63B, 0xE63B, 0xE63B, 0xE63B, 0xE63B, 0xE63B, 0xE63B, 0xE63B,
    0xE63B, 0xE63B, 0xE63B, 0xE63B, 0xE63B, 0xE63B, 0xE63B, 0xE63B, 0xE63B, 0xE63B, 0xE65B, 0xE63B, 0xE63B, 0xE63B, 0xE63B, 0xE63B,
    0xEE3B, 0xEE3B, 0xEE3B, 0xEE3B, 0xEE3B, 0xEE3B, 0xEE3B, 0xEE3B, 0xEE5B, 0xEE5B, 0xEE3B, 0xEE3B, 0xEE3B, 0xEE3C, 0xEE5B, 0xEE5B,
    0xEE3B, 0xEE5B, 0xEE5B, 0xEE3B, 0xEE3B, 0xEE5B, 0xEE5B, 0xEE5B, 0xEE5B, 0xEE3B, 0xEE5B, 0xEE5B, 0xEE5B, 0xEE5B, 0xEE3B, 0xEE3B,
    0xE65B, 0xE63B, 0xE63C, 0xE63B, 0xE63B, 0xE63B, 0xE63B, 0xE63B, 0xE63B, 0xE63B, 0xE63B, 0xE63B, 0xE63B, 0xE63B, 0xE63B, 0xE63B,
    0xE63B, 0xE65B, 0xE63B, 0xE63B, 0xE63B, 0xE63B, 0xE63B, 0xE63B, 0xE63B, 0xE63B, 0xE63B, 0xE63B, 0xE63B, 0xE63B, 0xE63B, 0xE63B,
    0xE65B, 0xE63B, 0xE63B, 0xE63B, 0xE63B, 0xE65B, 0xE65B, 0xE63B, 0xE63B, 0xE63B, 0xE63B, 0xE63C, 0xE63B, 0xE63B, 0xE63C, 0xE63B,
    0xE63B, 0xE63B, 0xE63B, 0xE63B, 0xE63B, 0xE63B, 0xE63B, 0xE63B, 0xE63B, 0xE63B, 0xE63B, 0xE63B, 0xE63B, 0xE63B, 0xE63B, 0xE63C,
    0xE63B, 0xE63B, 0xE63B, 0xE63B, 0xE63B, 0xE63B, 0xE63B, 0xE63B, 0xE63B, 0xE63B, 0xE63B, 0xE63B, 0xE63B, 0xE63B, 0xE63B, 0xE63B,
    0xE63B, 0xE63B, 0xE63B, 0xE63B, 0xE63B, 0xE63B, 0xE63B, 0xE63B, 0xE63B, 0xE63B, 0xE63B, 0xE63B, 0xE63B, 0xE63B, 0xE63B, 0xE63B,
    0xE63B, 0xE63B, 0xE63A, 0xE63B, 0xE63B, 0xE65B, 0xE63B, 0xCD78, 0xCD57, 0xCD56, 0xCD16, 0xCCF6, 0xC494, 0xBC53, 0xBCB2, 0xF637,
    0xDD33, 0xD4B1, 0xD4B2, 0xD4D1, 0xD4D2, 0xDCF2, 0xDCF2, 0xD4D1, 0xCC91, 0xC470, 0xBC4F, 0xBC30, 0xC471, 0xCC91, 0xD4D1, 0xDCF3,
    0xDCF2, 0xD4D2, 0xD4D2, 0xD4D2, 0xD4D2, 0xB471, 0xDE3B, 0xEE7C, 0xE65B, 0xE65B, 0xE63A, 0xE65B, 0xEE5C, 0xE63B, 0xE63B, 0xE63B,
    0xE63B, 0xE63B, 0xE63B, 0xE61B, 0xE63B, 0xE63B, 0xE63B, 0xE63B, 0xE63B, 0xE63B, 0xE63B, 0xE63B, 0xE63B, 0xE63B, 0xE63B, 0xE63B,
    0xE63B, 0xE63B, 0xE63B, 0xE63B, 0xE63B, 0xE63B, 0xE63B, 0xE63B, 0xE63B, 0xE63B, 0xE63B, 0xE63B, 0xE63B, 0xE63B, 0xE63B, 0xE63B,
    0xE63B, 0xE63B, 0xE63B, 0xE63B, 0xE63B, 0xE63B, 0xE63B, 0xE63B, 0xE63B, 0xE63B, 0xE63B, 0xEE3B, 0xE63B, 0xE63B, 0xE63B, 0xE63B,
    0xE63B, 0xE63B, 0xE63B, 0xE63B, 0xE63B, 0xE63B, 0xE63B, 0xE65B, 0xE63B, 0xE63B, 0xE63B, 0xE63B, 0xEE3B, 0xEE3C, 0xE63B, 0xEE3B,
    0xEE3B, 0xEE3B, 0xEE3B, 0xEE3B, 0xEE3B, 0xEE3B, 0xEE5B, 0xEE5B, 0xEE5B, 0xEE5B, 0xEE3B, 0xEE5B, 0xEE5B, 0xEE3B, 0xEE3B, 0xEE3B,
    0xEE3B, 0xEE3B, 0xEE3B, 0xEE3B, 0xEE3B, 0xEE3B, 0xEE5B, 0xEE5B, 0xEE5B, 0xEE5B, 0xEE5B, 0xEE5B, 0xEE5B, 0xEE5B, 0xEE3B, 0xEE3B,
    0xE65B, 0xE65B, 0xE63B, 0xE63B, 0xE63B, 0xE63B, 0xE63B, 0xE63B, 0xE63B, 0xE63B, 0xE63B, 0xE63B, 0xE63B, 0xE63B, 0xE63B, 0xE63B,
    0xE65B, 0xE65B, 0xE63B, 0xE63B, 0xE63B, 0xE65B, 0xE63B, 0xE63B, 0xE63B, 0xE63B, 0xE63B, 0xE63B, 0xE63B, 0xE63B, 0xE63B, 0xE63B,
    0xE63B, 0xE63B, 0xE63B, 0xE63B, 0xE63B, 0xE63B, 0xE63B, 0xE63B, 0xE63B, 0xE63B, 0xE63B, 0xE63B, 0xE63B, 0xE63B, 0xE63B, 0xE63B,
    0xE63B, 0xE63B, 0xE63B, 0xE63B, 0xE63B, 0xE63B, 0xE63B, 0xE63B, 0xE63B, 0xE63B, 0xE63B, 0xE63B, 0xE63B, 0xE63B, 0xE63B, 0xE63B,
    0xE63B, 0xE63B, 0xE63B, 0xE63B, 0xE63B, 0xE63B, 0xE63B, 0xE63B, 0xE63B, 0xE63B, 0xE63B, 0xE63B, 0xE63B, 0xE63B, 0xE63B, 0xE63B,
    0xE63B, 0xE63B, 0xE63B, 0xE63B, 0xE63B, 0xE63B, 0xE63B, 0xE63B, 0xE63B, 0xE63B, 0xE63B, 0xE63B, 0xE63B, 0xE63B, 0xE63B, 0xE63B,
    0xE63B, 0xE63B, 0xE63B, 0xE63B, 0xEE5C, 0xE61A, 0xC4F5, 0xDD36, 0xED78, 0xDC95, 0xC413, 0xC452, 0xCCB2, 0xCCF3, 0xCD33, 0xF657,
    0xF617, 0xDD33, 0xD4B1, 0xD4D1, 0xD4D2, 0xD4D2, 0xD4D1, 0xD4D1, 0xD4D1, 0xDCD2, 0xDCD2, 0xDCD2, 0xDCD2, 0xD4D1, 0xD4B1, 0xD4B1,
    0xD4D2, 0xD4D2, 0xD4D2, 0xD4D1, 0xDCF2, 0xAC0F, 0xAC52, 0xBCD5, 0xC4D5, 0xC4B5, 0xC494, 0xC494, 0xCD16, 0xDE1B, 0xEE5B, 0xE63B,
    0xE63B, 0xE63B, 0xE63B, 0xE63B, 0xE63B, 0xE63B, 0xE63B, 0xE63B, 0xE63B, 0xE63B, 0xE63B, 0xE63B, 0xE63B, 0xE63B, 0xE63B, 0xE63B,
    0xE63B, 0xE63B, 0xE63B, 0xE63B, 0xE63B, 0xE63B, 0xE63B, 0xE63B, 0xE63B, 0xE63B, 0xE63B, 0xE63B, 0xE63B, 0xE63B, 0xE63B, 0xE63B,
    0xE63B, 0xE63B, 0xE63B, 0xE63B, 0xE63B, 0xE63B, 0xE63B, 0xE63B, 0xE63B, 0xE63B, 0xE63B, 0xE63B, 0xE63B, 0xE63B, 0xEE3B, 0xE63B,
    0xE63B, 0xE63B, 0xE63B, 0xE63B, 0xE63B, 0xE63B, 0xE63B, 0xE65B, 0xEE3B, 0xE63B, 0xEE3B, 0xEE5B, 0xEE5B, 0xEE3B, 0xEE3B, 0xEE3B,
    0xEE3B, 0xEE3B, 0xEE3B, 0xEE3B, 0xEE3B, 0xEE3B, 0xEE3B, 0xEE5B, 0xEE3B, 0xEE3B, 0xEE3B, 0xEE3B, 0xEE3B, 0xEE3B, 0xEE3B, 0xEE5B,
    0xEE3B, 0xEE3B, 0xEE3B, 0xEE3B, 0xEE3B, 0xEE3B, 0xEE3B, 0xEE3B, 0xEE5B, 0xEE5B, 0xEE5B, 0xEE5B, 0xEE5B, 0xEE5B, 0xEE3B, 0xEE3B,
    0xE65B, 0xE65B, 0xE63B, 0xE65B, 0xE63B, 0xE63B, 0xE63B, 0xE63B, 0xE63B, 0xE63B, 0xE63B, 0xE63B, 0xE63B, 0xE63B, 0xE63B, 0xE63C,
    0xE63B, 0xE63B, 0xE63B, 0xE63B, 0xE63B, 0xE63B, 0xE63B, 0xE63B, 0xE63B, 0xE63B, 0xE63B, 0xE63B, 0xE63B, 0xE63B, 0xE63B, 0xE63B,
    0xE63B, 0xE63B, 0xE63B, 0xE63B, 0xE63B, 0xE63B, 0xE63B, 0xE63B, 0xE63B, 0xE63B, 0xE63B, 0xE63B, 0xE63B, 0xE63B, 0xE63B, 0xE63B,
    0xE63B, 0xE63B, 0xE63B, 0xE63B, 0xE63B, 0xE63B, 0xE63B, 0xE63B, 0xE63B, 0xE63B, 0xE63B, 0xE63B, 0xE63B, 0xE63B, 0xE63B, 0xE63B,
    0xE63B, 0xE63B, 0xE63B, 0xE63B, 0xE63B, 0xE63B, 0xE63B, 0xE63B, 0xE63B, 0xE63B, 0xE63B, 0xE63B, 0xE63B, 0xE63B, 0xE65B, 0xE65B,
    0xE63B, 0xE63B, 0xE63B, 0xE63B, 0xE65B, 0xE63B, 0xE63B, 0xEE3B, 0xE63B, 0xE63B, 0xE63B, 0xE63B, 0xE63B, 0xE63B, 0xE63B, 0xE63B,
    0xEE3C, 0xEE5C, 0xE63B, 0xE61A, 0xCD77, 0xBCB4, 0xED98, 0xFDF9, 0xDCF6, 0x9B4F, 0xB451, 0xDDB5, 0xF658, 0xE5B5, 0xE5D6, 0xF657,
    0xF637, 0xF637, 0xDD33, 0xD4B1, 0xD4D2, 0xD4D2, 0xD4D2, 0xD4D1, 0xD4D1, 0xD4B2, 0xD4D1, 0xD4D1, 0xD4D1, 0xD4D1, 0xD4B1, 0xD4D2,
    0xD4D1, 0xD4D2, 0xD4D2, 0xD4D1, 0xDCD1, 0xC470, 0xB40F, 0xABCE, 0xA36E, 0xAB4F, 0xBB70, 0xD3F3, 0xCBD3, 0xBC54, 0xD598, 0xE63B,
    0xE65B, 0xE65B, 0xE63B, 0xE63B, 0xE63B, 0xE63B, 0xE63B, 0xE63B, 0xE63B, 0xE63B, 0xE63B, 0xE63B, 0xE63B, 0xE63B, 0xE63B, 0xE63B,
    0xE63B, 0xE63B, 0xE63B, 0xE63B, 0xE63B, 0xE63B, 0xE63B, 0xE63B, 0xE63B, 0xE63B, 0xE63B, 0xE63B, 0xE63B, 0xE63B, 0xE63B, 0xE63B,
    0xE63B, 0xE63B, 0xE63B, 0xE63B, 0xE63B, 0xE63B, 0xE63B, 0xE63B, 0xE63B, 0xE63B, 0xE65B, 0xE63B, 0xE63B, 0xE63B, 0xEE3B, 0xEE3B,
    0xE65B, 0xE65B, 0xEE3B, 0xEE3B, 0xEE3B, 0xEE3B, 0xEE3B, 0xEE3B, 0xEE3B, 0xEE3B, 0xEE3B, 0xEE3B, 0xEE3B, 0xEE5B, 0xEE5B, 0xEE3B,
    0xEE5B, 0xEE3B, 0xEE3B, 0xEE5B, 0xEE5B, 0xEE5B, 0xEE3B, 0xEE5B, 0xEE5B, 0xEE5B, 0xEE5C, 0xEE5B, 0xEE3B, 0xEE5B, 0xEE3B, 0xEE3B,
    0xEE3B, 0xEE3B, 0xEE5B, 0xEE3B, 0xEE3B, 0xEE3B, 0xEE3B, 0xEE3B, 0xEE3B, 0xEE3B, 0xEE5B, 0xEE5B, 0xEE5B, 0xEE5B, 0xEE3B, 0xEE3B,
    0xE65B, 0xE63B, 0xE63C, 0xE63C, 0xE63B, 0xE63B, 0xE63B, 0xE63B, 0xE63B, 0xE63B, 0xE63B, 0xE63B, 0xE63B, 0xE63B, 0xE63B, 0xE63B,
    0xE63B, 0xE63B, 0xE63B, 0xE63B, 0xE63B, 0xE63B, 0xE63B, 0xE63B, 0xE63B, 0xE63B, 0xE63B, 0xE63B, 0xE63B, 0xE63B, 0xE63B, 0xE63B,
    0xE63B, 0xE63B, 0xE63B, 0xE63B, 0xE63B, 0xE63B, 0xE63B, 0xE63B, 0xE63B, 0xE63B, 0xE63B, 0xE63C, 0xE63B, 0xE63B, 0xE63B, 0xE63B,
    0xE63B, 0xE63B, 0xE63B, 0xE63B, 0xE63B, 0xE63B, 0xE63B, 0xE65B, 0xE63B, 0xE63B, 0xE63B, 0xE63B, 0xE63B, 0xE63B, 0xE63B, 0xE63B,
    0xE63B, 0xE63B, 0xE63B, 0xE63B, 0xE63B, 0xE63B, 0xE63B, 0xE63B, 0xE63B, 0xE63B, 0xE63B, 0xE63B, 0xE63B, 0xE63B, 0xE63B, 0xE63B,
    0xE63B, 0xE63B, 0xE63B, 0xE63B, 0xE63B, 0xEE3B, 0xEE3B, 0xEE3B, 0xEE3B, 0xEE3B, 0xE63B, 0xE63B, 0xE63B, 0xEE5B, 0xEE5C, 0xE63B,
    0xDDF9, 0xCD78, 0xCD17, 0xCD16, 0xB453, 0xE578, 0xF5D9, 0xF5B9, 0xBC52, 0xD594, 0xFE78, 0xF658, 0xF637, 0xEE16, 0xF637, 0xF637,
    0xF637, 0xF637, 0xF637, 0xE554, 0xD4B1, 0xD4B1, 0xD4D2, 0xD4B2, 0xD4D1, 0xD4D2, 0xD4D1, 0xD4D2, 0xD4B2, 0xD4D2, 0xD4D2, 0xD4D2,
    0xD4D1, 0xD4D1, 0xD4D1, 0xD4D2, 0xD4D2, 0xD4D1, 0xCCB1, 0xDD13, 0xD4D1, 0xC470, 0x9B4D, 0xBB91, 0xDC54, 0xD433, 0xC3F3, 0xB3F2,
    0xCD17, 0xDDD9, 0xE65B, 0xEE5B, 0xE63B, 0xE63A, 0xE63B, 0xE63B, 0xE63B, 0xE63B, 0xE63B, 0xE63B, 0xE63B, 0xE63B, 0xE63B, 0xE63B,
    0xE63B, 0xE63B, 0xE63B, 0xE63B, 0xE63B, 0xEE3B, 0xEE3B, 0xEE3B, 0xEE3B, 0xEE3B, 0xEE3B, 0xEE3B, 0xE63B, 0xE63B, 0xE63B, 0xE63B,
    0xE63B, 0xE63B, 0xE63B, 0xE63B, 0xE63B, 0xE63B, 0xE63B, 0xE63B, 0xE63B, 0xEE3B, 0xE63B, 0xE63B, 0xEE3B, 0xEE3B, 0xEE3B, 0xEE3B,
    0xEE3B, 0xEE3B, 0xEE3B, 0xEE3B, 0xEE3B, 0xEE3B, 0xEE3B, 0xEE3B, 0xEE3B, 0xEE3B, 0xEE3B, 0xEE3B, 0xEE3B, 0xEE3C, 0xEE3B, 0xEE3B,
    0xEE3B, 0xEE5B, 0xEE5B, 0xEE3B, 0xEE3B, 0xEE3B, 0xEE3B, 0xEE3B, 0xEE5B, 0xEE5B, 0xEE3B, 0xEE3B, 0xEE3B, 0xEE3B, 0xEE3B, 0xEE3B,
    0xEE3B, 0xEE3B, 0xEE3B, 0xEE3B, 0xEE3B, 0xEE3B, 0xEE3B, 0xEE5B, 0xEE3B, 0xEE3B, 0xEE5B, 0xEE5B, 0xEE3B, 0xEE5B, 0xEE3B, 0xEE3B,
    0xEE5C, 0xE63B, 0xE63B, 0xE63B, 0xE63B, 0xE63B, 0xE63B, 0xE63B, 0xE63B, 0xE63B, 0xE63B, 0xE63B, 0xEE3B, 0xE63B, 0xE63B, 0xE63B,
    0xE63B, 0xE63B, 0xE63B, 0xE63B, 0xE63B, 0xE63B, 0xE63B, 0xE63B, 0xE63B, 0xE63B, 0xE63B, 0xE63B, 0xE63B, 0xE63B, 0xE63B, 0xE63B,
    0xE63B, 0xE65B, 0xE63B, 0xE63B, 0xE63B, 0xE63B, 0xE63B, 0xE63B, 0xE63B, 0xE65B, 0xE63B, 0xE63B, 0xE63B, 0xE63B, 0xE65B, 0xE63B,
    0xE63B, 0xE63B, 0xE63B, 0xE63B, 0xE63B, 0xE63B, 0xE63B, 0xE63B, 0xE63B, 0xE63B, 0xE63B, 0xE63B, 0xE63B, 0xE63B, 0xE63B, 0xE63B,
    0xE63B, 0xE63B, 0xE63B, 0xE63B, 0xEE3B, 0xEE3B, 0xEE3B, 0xEE3B, 0xEE3B, 0xEE3B, 0xEE3B, 0xEE3B, 0xEE3B, 0xEE3B, 0xEE3B, 0xE63B,
    0xEE3B, 0xEE3B, 0xEE3B, 0xEE3B, 0xEE3B, 0xEE3B, 0xE63B, 0xE63B, 0xE63B, 0xEE3B, 0xEE5B, 0xEE5B, 0xE61B, 0xD5B9, 0xCD57, 0xC4F6,
    0xCCF5, 0xDD37, 0xED99, 0xED98, 0xE557, 0xF5D9, 0xF5B8, 0xF599, 0xCCF4, 0xF656, 0xEE17, 0xF637, 0xF637, 0xF637, 0xF637, 0xF637,
    0xF637, 0xF637, 0xF637, 0xF637, 0xE594, 0xD4B1, 0xD4B1, 0xD4D2, 0xD4B2, 0xD4B2, 0xD4D1, 0xD4D1, 0xD4D2, 0xD4D1, 0xD4D2, 0xD4D1,
    0xD4D2, 0xD4D1, 0xD4D1, 0xD4D1, 0xD4D2, 0xD4D2, 0xD4D1, 0xD4D2, 0xD4D2, 0xDCF2, 0xCCB1, 0xB3B1, 0xDC34, 0xD434, 0xDC34, 0xC391,
    0xC3F3, 0xC433, 0xC474, 0xCD36, 0xDDDA, 0xE65B, 0xEE5C, 0xEE3B, 0xE61B, 0xE63B, 0xE63B, 0xE63B, 0xE63B, 0xE63B, 0xE63B, 0xEE3B,
    0xEE3B, 0xEE3B, 0xEE3B, 0xE63B, 0xEE3B, 0xE63B, 0xE63B, 0xE63B, 0xE63B, 0xE63B, 0xE63B, 0xE63B, 0xE63B, 0xE63B, 0xE65B, 0xE63B,
    0xE63B, 0xEE3B, 0xEE3B, 0xEE5B, 0xEE3B, 0xEE3B, 0xEE3B, 0xEE3B, 0xEE3B, 0xEE3B, 0xEE3B, 0xEE3B, 0xEE3B, 0xEE3B, 0xEE3B, 0xEE3B,
    0xEE3B, 0xEE3B, 0xEE3B, 0xEE3B, 0xEE3B, 0xEE3B, 0xEE3B, 0xEE3B, 0xEE3B, 0xEE3B, 0xEE3B, 0xEE5B, 0xEE3B, 0xEE3B, 0xEE3B, 0xEE3B,
    0xEE3B, 0xEE3B, 0xEE3B, 0xEE3B, 0xEE3B, 0xEE3B, 0xEE3B, 0xEE3B, 0xEE3B, 0xEE3B, 0xEE3B, 0xEE3B, 0xEE3B, 0xEE3B, 0xEE3B, 0xEE3B,
    0xEE3B, 0xEE3B, 0xEE3B, 0xEE3B, 0xEE3B, 0xEE3B, 0xEE3B, 0xEE3B, 0xEE3B, 0xEE3B, 0xEE3B, 0xEE5B, 0xEE3B, 0xEE3B, 0xEE3B, 0xF63B,
    0xEE5C, 0xE63B, 0xE63B, 0xE65B, 0xEE3B, 0xE63B, 0xE63B, 0xE63B, 0xE63B, 0xE63B, 0xE63B, 0xE63B, 0xE63B, 0xE63B, 0xE63B, 0xEE3B,
    0xE63B, 0xE63B, 0xE63B, 0xE63B, 0xEE3B, 0xE63B, 0xE63B, 0xE63B, 0xE63B, 0xE63B, 0xE63B, 0xE63B, 0xE63B, 0xE65B, 0xE63B, 0xE63B,
    0xE63B, 0xE63B, 0xE63B, 0xE63B, 0xE63B, 0xE63B, 0xE63B, 0xE63B, 0xEE3B, 0xEE3B, 0xE63B, 0xEE3B, 0xEE5B, 0xEE3B, 0xEE3B, 0xEE3B,
    0xEE3B, 0xEE3B, 0xEE5B, 0xEE3B, 0xEE3B, 0xEE3B, 0xEE3B, 0xEE3B, 0xEE3B, 0xEE3B, 0xEE3B, 0xEE3B, 0xEE3B, 0xEE3B, 0xEE3B, 0xEE3B,
    0xEE3B, 0xEE3B, 0xEE3B, 0xEE3B, 0xEE3B, 0xEE3B, 0xEE3B, 0xEE3B, 0xEE3B, 0xEE3B, 0xEE3B, 0xEE3B, 0xEE3B, 0xEE3B, 0xEE3B, 0xEE3B,
    0xEE3B, 0xEE3B, 0xEE3B, 0xEE3B, 0xEE3B, 0xE63B, 0xEE3B, 0xEE5C, 0xEE5C, 0xE61A, 0xD598, 0xC516, 0xC4F6, 0xCD16, 0xDD57, 0xED99,
    0xF5DA, 0xF5DA, 0xFDD9, 0xE558, 0xED78, 0xF5D9, 0xF5B8, 0xF5D9, 0xD515, 0xE5D5, 0xF657, 0xF637, 0xF637, 0xF637, 0xF637, 0xF637,
    0xF637, 0xF637, 0xF637, 0xF637, 0xF637, 0xEDB5, 0xD4D2, 0xD4B1, 0xD4D2, 0xD4D1, 0xD4B1, 0xD4D2, 0xD4D2, 0xD4D1, 0xD4D2, 0xD4D2,
    0xD4D2, 0xD4D1, 0xD4D1, 0xD4D1, 0xD4D2, 0xD4D2, 0xD4D1, 0xD4D2, 0xD4D2, 0xD4D1, 0xC470, 0xBBB1, 0xDC34, 0xD414, 0xDC34, 0xC3D2,
    0xCBF3, 0xDC54, 0xD413, 0xC3F3, 0xBBF3, 0xBC74, 0xCD57, 0xDE19, 0xEE5B, 0xEE5C, 0xE63B, 0xE63B, 0xE63B, 0xEE3B, 0xEE3B, 0xEE3B,
    0xEE3B, 0xEE3B, 0xEE3B, 0xEE3B, 0xEE3B, 0xE65B, 0xE65B, 0xE63B, 0xE63B, 0xE63B, 0xE65B, 0xEE5B, 0xEE3B, 0xEE5B, 0xEE3B, 0xEE3B,
    0xEE3B, 0xEE3B, 0xEE3B, 0xEE3B, 0xEE3B, 0xEE3B, 0xEE3B, 0xEE3B, 0xEE3B, 0xEE3B, 0xEE3B, 0xEE3B, 0xEE3B, 0xEE3B, 0xEE3B, 0xEE5B,
    0xEE5B, 0xEE3B, 0xEE3B, 0xEE3B, 0xEE3B, 0xEE3B, 0xEE3B, 0xEE3B, 0xEE3B, 0xEE3B, 0xEE3B, 0xEE3B, 0xEE3B, 0xEE3B, 0xEE5B, 0xEE5B,
    0xEE3B, 0xEE3B, 0xEE3B, 0xEE3B, 0xEE3B, 0xEE3B, 0xEE3B, 0xEE3B, 0xEE3B, 0xEE3B, 0xEE3B, 0xEE3B, 0xEE3B, 0xEE3B, 0xEE3B, 0xEE3B,
    0xEE3B, 0xEE3B, 0xEE3B, 0xEE3B, 0xEE3B, 0xEE3B, 0xEE3B, 0xEE3B, 0xEE5B, 0xEE3B, 0xEE5B, 0xEE3B, 0xEE3B, 0xF63B, 0xF63B, 0xF63B,
    0xEE5B, 0xEE3B, 0xEE3B, 0xEE3B, 0xEE3B, 0xEE3B, 0xEE3B, 0xEE3B, 0xEE3B, 0xEE3B, 0xE63B, 0xEE3B, 0xEE3B, 0xEE3B, 0xEE3B, 0xEE3B,
    0xEE3B, 0xEE3B, 0xEE3B, 0xEE3B, 0xEE3B, 0xEE3B, 0xEE3B, 0xEE3B, 0xEE3B, 0xEE3B, 0xEE3B, 0xEE3B, 0xE63B, 0xEE3B, 0xEE3B, 0xEE3B,
    0xEE3B, 0xEE3B, 0xEE3B, 0xEE3B, 0xEE3B, 0xEE3A, 0xEE3B, 0xEE3B, 0xEE3B, 0xEE3B, 0xEE3B, 0xEE3B, 0xEE3B, 0xEE3B, 0xEE3B, 0xEE3B,
    0xEE3B, 0xEE3B, 0xEE3B, 0xEE3B, 0xEE3B, 0xEE3B, 0xEE3B, 0xEE3B, 0xEE3B, 0xEE3B, 0xEE3B, 0xEE3B, 0xEE3B, 0xEE3B, 0xEE3B, 0xEE3B,
    0xEE3B, 0xEE3B, 0xEE3B, 0xEE3B, 0xEE3B, 0xEE3B, 0xEE3B, 0xEE3B, 0xEE3B, 0xEE3B, 0xEE3B, 0xEE3B, 0xEE3B, 0xEE3A, 0xEE3A, 0xEE3B,
    0xEE3B, 0xEE3B, 0xEE3B, 0xEE3B, 0xEE3B, 0xEE5B, 0xE61A, 0xD598, 0xC516, 0xC4F5, 0xD516, 0xE577, 0xF5D9, 0xFDFA, 0xFDF9, 0xF5D9,
    0xF5B9, 0xF5B9, 0xF5D9, 0xED58, 0xED57, 0xF5D9, 0xF5B9, 0xF5D9, 0xED78, 0xD534, 0xF658, 0xF637, 0xF637, 0xF637, 0xF637, 0xF637,
    0xF637, 0xF637, 0xF637, 0xF637, 0xF637, 0xF657, 0xEE16, 0xDD33, 0xD4B1, 0xD4B1, 0xD4D2, 0xD4D1, 0xD4B2, 0xD4B2, 0xD4B2, 0xD4D1,
    0xD4D2, 0xD4D1, 0xD4D2, 0xD4D2, 0xD4D2, 0xD4D2, 0xD4B2, 0xD4D1, 0xD4D1, 0xD4D2, 0xBC2F, 0xC3D2, 0xDC34, 0xD414, 0xDC34, 0xC3D2,
    0xC3D2, 0xDC34, 0xDC34, 0xDC54, 0xDC34, 0xD3F3, 0xC3D3, 0xBC13, 0xBCB5, 0xD598, 0xE63B, 0xEE5B, 0xEE3B, 0xE63B, 0xEE3B, 0xEE5B,
    0xE65B, 0xEE5B, 0xEE3B, 0xEE3B, 0xEE5B, 0xEE3B, 0xEE3B, 0xEE3B, 0xEE3B, 0xEE3B, 0xEE3B, 0xEE3B, 0xEE3B, 0xEE3B, 0xEE3B, 0xEE3B,
    0xEE3B, 0xEE3B, 0xEE3B, 0xEE5B, 0xEE3B, 0xEE3B, 0xEE3B, 0xEE3B, 0xEE5B, 0xEE3B, 0xEE3B, 0xEE3B, 0xEE3B, 0xEE3B, 0xEE3B, 0xEE3B,
    0xEE3B, 0xEE3B, 0xEE3B, 0xEE3B, 0xEE3B, 0xEE3B, 0xEE3B, 0xEE5B, 0xEE3B, 0xEE3B, 0xEE3B, 0xEE3B, 0xEE3B, 0xEE3B, 0xEE3B, 0xEE3B,
    0xEE3B, 0xEE3B, 0xEE3B, 0xEE3B, 0xEE3B, 0xEE3B, 0xEE3B, 0xEE3B, 0xEE3B, 0xEE3B, 0xEE3B, 0xEE3B, 0xEE3B, 0xEE3B, 0xEE3B, 0xEE3B,
    0xEE3B, 0xEE3B, 0xEE3B, 0xEE3B, 0xEE3B, 0xEE3B, 0xEE3B, 0xEE3B, 0xEE3B, 0xEE3B, 0xEE5B, 0xEE3B, 0xEE3B, 0xF63B, 0xF63B, 0xF63B,
    0xEE3B, 0xEE3B, 0xEE3B, 0xEE3B, 0xEE3B, 0xEE3B, 0xEE3B, 0xEE3B, 0xEE3B, 0xEE3B, 0xEE3B, 0xEE3B, 0xEE3B, 0xEE3B, 0xEE3B, 0xEE3B,
    0xEE3B, 0xEE3B, 0xEE3B, 0xEE3B, 0xEE3B, 0xEE3B, 0xEE3B, 0xEE3B, 0xEE3B, 0xEE3B, 0xEE3B, 0xEE3B, 0xEE3B, 0xEE3B, 0xEE3B, 0xEE3B,
    0xEE3B, 0xEE3B, 0xEE3B, 0xEE3B, 0xEE3B, 0xEE3B, 0xEE3B, 0xEE3B, 0xEE3B, 0xEE3B, 0xEE3B, 0xEE3B, 0xEE3B, 0xEE3B, 0xEE3B, 0xEE3B,
    0xEE3B, 0xEE3B, 0xEE3B, 0xEE3B, 0xEE3B, 0xEE3B, 0xEE3B, 0xEE3B, 0xEE3B, 0xEE3B, 0xEE3B, 0xEE3B, 0xEE3B, 0xEE3B, 0xEE3B, 0xEE3B,
    0xEE3B, 0xEE3B, 0xEE3B, 0xEE3B, 0xEE3B, 0xEE3B, 0xEE3B, 0xEE3B, 0xEE3B, 0xEE3B, 0xEE3B, 0xEE3B, 0xEE3B, 0xEE3B, 0xEE3B, 0xEE3B,
    0xEE3B, 0xEE3B, 0xEE3C, 0xF65B, 0xE5FA, 0xCD37, 0xC4D5, 0xCCF5, 0xE577, 0xF5D9, 0xFDFA, 0xF5D9, 0xF5D9, 0xF5D9, 0xF5B9, 0xF5B9,
    0xF5B9, 0xF5B9, 0xF5D9, 0xED98, 0xE517, 0xF5D9, 0xF5B9, 0xF5B9, 0xFDD9, 0xD515, 0xDD95, 0xF677, 0xEE17, 0xF637, 0xF637, 0xF637,
    0xF637, 0xF637, 0xF637, 0xF637, 0xF637, 0xF637, 0xF637, 0xF637, 0xE594, 0xD4D2, 0xD4B1, 0xD4B2, 0xD4D1, 0xD4B2, 0xD4B1, 0xD4D1,
    0xD4D2, 0xD4D1, 0xD4D1, 0xD4D2, 0xD4B2, 0xD4D2, 0xDCF3, 0xD4D2, 0xD4B1, 0xD4D2, 0xB3CF, 0xD413, 0xD414, 0xD434, 0xDC34, 0xBBB2,
    0xCBF3, 0xDC34, 0xD434, 0xD434, 0xD434, 0xDC34, 0xDC34, 0xDC34, 0xCBF3, 0xBBF2, 0xBC33, 0xCD37, 0xE63B, 0xEE5C, 0xEE3B, 0xE63B,
    0xE65B, 0xEE3B, 0xEE3B, 0xEE3B, 0xEE3B, 0xEE3B, 0xEE3B, 0xEE3B, 0xEE3B, 0xEE3B, 0xEE3B, 0xEE3B, 0xEE3B, 0xEE3B, 0xEE3B, 0xEE3B,
    0xEE3B, 0xEE3B, 0xEE3B, 0xEE3B, 0xEE3B, 0xEE3B, 0xEE3B, 0xEE3B, 0xEE3B, 0xEE5B, 0xEE3B, 0xEE3B, 0xEE3B, 0xEE3B, 0xEE3B, 0xEE3B,
    0xEE3B, 0xEE3B, 0xEE3B, 0xEE3B, 0xEE3B, 0xEE3B, 0xEE3B, 0xEE3B, 0xEE3B, 0xEE3B, 0xEE3B, 0xEE3B, 0xEE3B, 0xEE3B, 0xEE3B, 0xEE3B,
    0xEE3B, 0xEE3B, 0xEE3B, 0xEE3B, 0xEE3B, 0xEE3B, 0xEE5B, 0xEE3B, 0xEE3B, 0xEE3B, 0xEE3B, 0xEE3B, 0xEE3B, 0xEE3B, 0xEE3B, 0xEE3B,
    0xEE3B, 0xEE3B, 0xEE3B, 0xEE3B, 0xEE3B, 0xEE3B, 0xEE3B, 0xEE3B, 0xEE5B, 0xEE3B, 0xEE3B, 0xEE3B, 0xEE3B, 0xF63B, 0xF63B, 0xF63B,
    0xEE3B, 0xEE3B, 0xEE3B, 0xEE3B, 0xEE3B, 0xEE3B, 0xEE3B, 0xEE3B, 0xEE3B, 0xEE3B, 0xEE3B, 0xEE3B, 0xEE3B, 0xEE3B, 0xEE3B, 0xEE3B,
    0xEE3B, 0xEE3B, 0xEE3B, 0xEE3B, 0xEE3B, 0xEE3B, 0xEE3B, 0xEE3B, 0xEE3B, 0xEE3B, 0xEE3B, 0xEE3A, 0xEE3B, 0xEE3B, 0xEE3B, 0xEE3B,
    0xEE3B, 0xEE3B, 0xEE3B, 0xEE3B, 0xEE3B, 0xEE3B, 0xEE3B, 0xEE3B, 0xEE3B, 0xEE3B, 0xEE3B, 0xEE3B, 0xEE3B, 0xEE3B, 0xEE3B, 0xEE3B,
    0xEE3B, 0xEE3B, 0xEE3B, 0xEE3B, 0xEE3B, 0xEE3B, 0xEE3B, 0xEE3B, 0xEE3B, 0xEE3B, 0xEE3B, 0xEE3B, 0xEE3B, 0xEE3B, 0xEE3B, 0xEE3B,
    0xEE5B, 0xEE3B, 0xEE3B, 0xEE3B, 0xEE3B, 0xEE3B, 0xEE3B, 0xEE3B, 0xEE3B, 0xEE3B, 0xEE3B, 0xEE3B, 0xEE3B, 0xEE3B, 0xEE3B, 0xEE3A,
    0xEE3B, 0xF65C, 0xDDF9, 0xC516, 0xC4D5, 0xDD37, 0xF5B9, 0xFDFA, 0xF5D9, 0xF5D9, 0xF5B9, 0xF5B9, 0xF5B9, 0xF5B9, 0xF5B9, 0xF5B9,
    0xF5B9, 0xF5B9, 0xF5B9, 0xF5B9, 0xDD16, 0xF5B9, 0xF5D9, 0xF5B9, 0xF598, 0xF5B9, 0xD4F4, 0xE5F6, 0xF637, 0xE5B5, 0xE5B5, 0xEDF7,
    0xF637, 0xF657, 0xF637, 0xF637, 0xF637, 0xF637, 0xF637, 0xF637, 0xF637, 0xEDF6, 0xDD53, 0xD4B1, 0xD4B1, 0xD4B2, 0xD4B1, 0xD4B1,
    0xD4D1, 0xD4B1, 0xD4B1, 0xD4D2, 0xDCD2, 0xD4D2, 0xCC91, 0xC450, 0xD4D1, 0xBC30, 0xC3D1, 0xDC34, 0xD413, 0xD434, 0xD433, 0xBBB1,
    0xD414, 0xDC34, 0xD414, 0xDC34, 0xD434, 0xD434, 0xD434, 0xDC34, 0xDC34, 0xDC54, 0xD413, 0xBBD2, 0xB412, 0xCD16, 0xE63B, 0xEE5B,
    0xEE3B, 0xEE3B, 0xEE3B, 0xEE3B, 0xEE3B, 0xEE3B, 0xEE3B, 0xEE3B, 0xEE5B, 0xEE5B, 0xEE5B, 0xEE3B, 0xEE3B, 0xEE3B, 0xEE3B, 0xEE3B,
    0xEE3B, 0xEE3B, 0xEE3B, 0xEE3B, 0xEE3B, 0xEE3B, 0xEE3B, 0xEE5B, 0xEE3B, 0xEE3B, 0xEE3B, 0xEE3B, 0xEE3B, 0xEE3B, 0xEE3B, 0xEE5B,
    0xEE3B, 0xEE3B, 0xEE3B, 0xEE3B, 0xEE3B, 0xEE3B, 0xEE3B, 0xEE3B, 0xEE3B, 0xEE3B, 0xEE3B, 0xEE3B, 0xEE3B, 0xEE3B, 0xEE3B, 0xEE3B,
    0xEE3B, 0xEE3B, 0xEE3B, 0xEE3B, 0xEE3B, 0xEE3B, 0xEE3B, 0xEE3B, 0xEE3B, 0xEE3B, 0xEE3B, 0xEE3B, 0xEE3B, 0xEE3B, 0xEE3B, 0xEE3B,
    0xEE3B, 0xEE3B, 0xF63B, 0xF63B, 0xF63B, 0xF63B, 0xF63B, 0xF63B, 0xF63B, 0xF63B, 0xF63B, 0xEE3B, 0xEE3B, 0xF63B, 0xF63B, 0xF63B,
    0xEE3C, 0xEE3B, 0xEE3B, 0xEE3B, 0xEE3B, 0xEE3B, 0xEE3B, 0xEE3B, 0xEE3B, 0xEE3B, 0xEE3B, 0xEE3B, 0xEE3B, 0xEE3B, 0xEE3B, 0xEE3B,
    0xEE3B, 0xEE3B, 0xEE3B, 0xEE3B, 0xEE3B, 0xEE3B, 0xEE3B, 0xEE3B, 0xEE3B, 0xEE3B, 0xEE3B, 0xEE3B, 0xEE3B, 0xEE3B, 0xEE3B, 0xEE3B,
    0xEE3B, 0xEE3B, 0xEE3B, 0xEE3B, 0xEE3B, 0xEE3C, 0xEE3B, 0xEE3B, 0xEE3B, 0xEE3B, 0xEE3B, 0xEE3B, 0xEE3B, 0xEE3B, 0xEE3B, 0xEE3B,
    0xEE3B, 0xEE3B, 0xEE3B, 0xEE3B, 0xEE3B, 0xEE3B, 0xEE3B, 0xEE3B, 0xEE3B, 0xEE3B, 0xEE3B, 0xEE3B, 0xEE3B, 0xEE3B, 0xEE3B, 0xEE3B,
    0xEE3B, 0xEE3B, 0xEE3B, 0xEE3B, 0xEE3B, 0xEE3B, 0xEE3B, 0xEE3B, 0xEE3B, 0xEE3B, 0xEE3B, 0xEE3B, 0xEE3B, 0xEE3B, 0xEE1B, 0xEE5B,
    0xEE1B, 0xC516, 0xBCB4, 0xE557, 0xF5D9, 0xFDD9, 0xF5B9, 0xF5B9, 0xF5B9, 0xF5D9, 0xF5B9, 0xF5B9, 0xF5D9, 0xF5B9, 0xF5B8, 0xF5B9,
    0xF5B9, 0xF5B9, 0xF5B9, 0xF5B9, 0xE537, 0xE558, 0xF5B9, 0xE537, 0xED78, 0xF5B9, 0xF599, 0xD4F4, 0xE5D5, 0xF657, 0xE5D5, 0xDD94,
    0xDD94, 0xE5B5, 0xEE16, 0xF657, 0xF637, 0xF637, 0xF637, 0xF637, 0xF637, 0xF637, 0xF637, 0xEDD5, 0xDD33, 0xD4B1, 0xD4B1, 0xD4B2,
    0xD4D1, 0xDCD2, 0xD4D1, 0xCC91, 0xC450, 0xBC2F, 0xBC2F, 0xD4B1, 0xC470, 0xB3B0, 0xDC35, 0xDC14, 0xDC14, 0xDC34, 0xCBF3, 0xBBB1,
    0xDC34, 0xD434, 0xDC34, 0xDC34, 0xD434, 0xD434, 0xDC34, 0xDC34, 0xDC34, 0xD434, 0xD434, 0xDC34, 0xD414, 0xC3D2, 0xB413, 0xCD58,
    0xEE5B, 0xEE3B, 0xEE3B, 0xEE3B, 0xEE3B, 0xEE5B, 0xEE3B, 0xEE3B, 0xEE3B, 0xEE3B, 0xEE3B, 0xEE3B, 0xEE3B, 0xEE3B, 0xEE3B, 0xEE3B,
    0xEE3B, 0xEE3B, 0xEE3B, 0xEE3B, 0xEE3B, 0xEE3B, 0xEE3B, 0xEE3B, 0xEE3B, 0xEE3B, 0xEE3B, 0xEE3B, 0xEE3B, 0xEE3B, 0xEE3B, 0xEE3B,
    0xEE3B, 0xEE3B, 0xEE3B, 0xEE3B, 0xEE3B, 0xEE3B, 0xEE3B, 0xEE3C, 0xEE3B, 0xEE3B, 0xEE3B, 0xEE3B, 0xEE3B, 0xEE3B, 0xEE3B, 0xEE3B,
    0xEE3B, 0xEE3B, 0xEE3B, 0xF63B, 0xEE3B, 0xEE3B, 0xEE3B, 0xEE3B, 0xF63B, 0xEE3B, 0xEE3B, 0xEE3C, 0xF63B, 0xEE3B, 0xEE3B, 0xEE3B,
    0xF63B, 0xF63B, 0xF63B, 0xF63B, 0xF63B, 0xF63B, 0xF63B, 0xF63B, 0xF63B, 0xF63B, 0xF63B, 0xEE3B, 0xF63B, 0xF63B, 0xF63B, 0xF63B,
    0xEE3B, 0xEE3B, 0xEE3B, 0xEE3B, 0xEE3B, 0xEE3B, 0xEE3B, 0xEE3B, 0xEE3B, 0xEE3B, 0xEE3B, 0xEE3B, 0xEE3B, 0xEE3B, 0xEE3B, 0xEE3B,
    0xEE3B, 0xEE3B, 0xEE3B, 0xEE3B, 0xEE3B, 0xEE3B, 0xEE3B, 0xEE3B, 0xEE3B, 0xEE3B, 0xEE3B, 0xEE3B, 0xEE3B, 0xEE3B, 0xEE3B, 0xEE3B,
    0xEE3B, 0xEE3B, 0xEE3B, 0xEE3B, 0xEE3B, 0xEE3B, 0xEE3B, 0xEE3B, 0xEE3B, 0xEE3B, 0xEE3B, 0xEE3B, 0xEE3B, 0xEE3B, 0xEE3B, 0xEE3B,
    0xEE3B, 0xEE3B, 0xEE3B, 0xEE3B, 0xEE3B, 0xEE3B, 0xEE3B, 0xEE3B, 0xEE5B, 0xEE3B, 0xEE3B, 0xEE3B, 0xEE3B, 0xEE3B, 0xEE3B, 0xEE3B,
    0xEE3B, 0xEE3B, 0xEE3B, 0xEE3B, 0xEE3B, 0xEE3B, 0xEE3B, 0xEE3B, 0xEE3B, 0xEE3B, 0xEE3B, 0xEE3B, 0xEE3B, 0xEE3B, 0xF65B, 0xDDB9,
    0xBCB4, 0xD536, 0xF5D9, 0xF5D9, 0xF5B9, 0xF5B9, 0xF5B9, 0xF5B9, 0xF5B9, 0xF5B9, 0xF5B9, 0xF5B9, 0xF5B9, 0xF5B9, 0xF5B9, 0xF5B9,
    0xF5B9, 0xF5B9, 0xF5B9, 0xF5B9, 0xF598, 0xDD16, 0xE577, 0xED78, 0xF5D9, 0xF5B9, 0xF5B9, 0xED98, 0xD4F4, 0xDD75, 0xF657, 0xF657,
    0xEE16, 0xE5B5, 0xDD74, 0xDD75, 0xEDF6, 0xF636, 0xF637, 0xF637, 0xF637, 0xF637, 0xF637, 0xF637, 0xF637, 0xEDD5, 0xDD33, 0xD4D2,
    0xCC91, 0xC450, 0xBC30, 0xBC30, 0xC450, 0xCC91, 0xDCD2, 0xC450, 0xAB8F, 0xD433, 0xDC34, 0xDC14, 0xD414, 0xDC34, 0xBBB1, 0xCBF3,
    0xDC34, 0xD414, 0xD434, 0xDC34, 0xDC34, 0xD434, 0xDC34, 0xDC34, 0xDC34, 0xDC34, 0xDC34, 0xD414, 0xD434, 0xDC33, 0xD3F3, 0xBBB2,
    0xBC74, 0xE61A, 0xEE5B, 0xEE3B, 0xEE3B, 0xEE3B, 0xEE3B, 0xEE3B, 0xEE3B, 0xEE3B, 0xEE3B, 0xEE3B, 0xEE3B, 0xEE3B, 0xEE3B, 0xEE3B,
    0xEE3B, 0xEE3B, 0xEE3B, 0xEE3B, 0xEE3B, 0xEE3B, 0xEE3B, 0xEE3B, 0xEE3B, 0xEE3B, 0xEE3B, 0xEE3B, 0xEE3B, 0xEE3B, 0xEE3B, 0xEE3B,
    0xEE3B, 0xEE3B, 0xEE3B, 0xEE3B, 0xEE3B, 0xEE3B, 0xEE3B, 0xEE3B, 0xEE3B, 0xEE3B, 0xEE3B, 0xEE3B, 0xEE3B, 0xEE3B, 0xEE3B, 0xEE3B,
    0xEE3B, 0xEE3B, 0xEE3B, 0xEE3B, 0xEE3B, 0xEE3B, 0xF63B, 0xEE3B, 0xF63B, 0xEE3B, 0xEE3B, 0xEE3B, 0xF63B, 0xF63B, 0xF63B, 0xF63B,
    0xEE3B, 0xF63B, 0xF63B, 0xF63B, 0xF63B, 0xF63B, 0xEE3B, 0xF63B, 0xF63B, 0xF63B, 0xF63B, 0xF63B, 0xF63B, 0xF63B, 0xF63B, 0xF63B,
    0xEE3B, 0xEE3B, 0xEE3B, 0xEE3B, 0xEE3B, 0xEE3B, 0xEE3B, 0xEE3B, 0xEE3B, 0xEE3B, 0xEE3B, 0xEE3B, 0xEE3B, 0xEE3B, 0xEE3B, 0xEE3B,
    0xEE3B, 0xEE3B, 0xEE3B, 0xEE3B, 0xEE3B, 0xEE3B, 0xEE3B, 0xEE3B, 0xEE3B, 0xEE5B, 0xEE3B, 0xEE3B, 0xEE3B, 0xEE3B, 0xEE3B, 0xEE3B,
    0xEE3B, 0xEE3B, 0xEE3B, 0xEE3B, 0xEE3B, 0xEE3B, 0xEE3B, 0xEE3B, 0xEE3B, 0xEE3B, 0xEE3B, 0xEE3B, 0xEE3B, 0xEE3B, 0xEE3B, 0xEE3B,
    0xEE3B, 0xEE3B, 0xEE3B, 0xEE3B, 0xEE3B, 0xEE3B, 0xEE3B, 0xEE3B, 0xEE3B, 0xEE3B, 0xEE3B, 0xEE3B, 0xEE3B, 0xEE3B, 0xEE3B, 0xEE3B,
    0xEE3B, 0xEE3B, 0xEE3B, 0xEE3B, 0xEE3B, 0xEE3B, 0xEE3B, 0xEE3B, 0xEE3B, 0xEE3B, 0xEE3B, 0xEE3B, 0xEE3B, 0xF65B, 0xCD57, 0xC4B5,
    0xEDB8, 0xFDFA, 0xF5B9, 0xF5B9, 0xF5B9, 0xF5B9, 0xF5D9, 0xF5B9, 0xF5B9, 0xF5B9, 0xF5B9, 0xF5B9, 0xF5B9, 0xF5B9, 0xF5B9, 0xF5B9,
    0xF5B9, 0xF5B9, 0xF5B9, 0xF5B9, 0xF5D9, 0xE557, 0xE557, 0xF5D9, 0xF5B9, 0xF5B9, 0xED77, 0xE557, 0xF5D9, 0xDD36, 0xD554, 0xEDF6,
    0xF657, 0xF657, 0xF637, 0xEDF6, 0xE5D5, 0xEE16, 0xF637, 0xF637, 0xF637, 0xF637, 0xF637, 0xF637, 0xF637, 0xF637, 0xF657, 0xDD95,
    0xCCD2, 0xCCB1, 0xCCB1, 0xD4B2, 0xDCD2, 0xD4B1, 0xBC10, 0xAB90, 0xD413, 0xDC34, 0xD413, 0xD414, 0xDC34, 0xCC13, 0xBBB1, 0xDC34,
    0xD414, 0xD434, 0xD434, 0xDC34, 0xDC34, 0xDC34, 0xDC34, 0xDC34, 0xDC34, 0xDC14, 0xDC14, 0xD414, 0xDC34, 0xDC54, 0xDC95, 0xE495,
    0xCBF3, 0xB3F2, 0xDDD9, 0xF65B, 0xEE3B, 0xEE3B, 0xEE3B, 0xEE3B, 0xEE3B, 0xEE3B, 0xEE3B, 0xEE3B, 0xEE3B, 0xEE3B, 0xEE3B, 0xEE3B,
    0xEE3B, 0xF63B, 0xEE3B, 0xEE3B, 0xEE3B, 0xEE3B, 0xEE3B, 0xEE3B, 0xEE3B, 0xF63B, 0xEE3B, 0xEE3B, 0xF63B, 0xEE3B, 0xEE3B, 0xEE3B,
    0xEE3B, 0xEE3B, 0xEE3B, 0xEE3B, 0xEE3B, 0xEE3B, 0xEE3B, 0xEE3B, 0xEE3B, 0xEE3B, 0xEE3B, 0xEE3B, 0xEE3B, 0xEE3B, 0xEE3B, 0xF63B,
    0xF63B, 0xEE3B, 0xEE3B, 0xEE3B, 0xEE3A, 0xEE3B, 0xF63B, 0xF63B, 0xF63B, 0xF63B, 0xF63B, 0xF63B, 0xF63B, 0xF63B, 0xF63B, 0xF63B,
    0xEE3B, 0xF63B, 0xF63B, 0xEE3B, 0xF63B, 0xF63B, 0xF63B, 0xF63B, 0xF63B, 0xF63B, 0xF63B, 0xF63B, 0xF63B, 0xF63B, 0xF63B, 0xF63B,
    0xEE3B, 0xEE3B, 0xEE3B, 0xEE3B, 0xEE3B, 0xEE3B, 0xEE3B, 0xEE3B, 0xEE3B, 0xEE3B, 0xEE3B, 0xEE3B, 0xEE3B, 0xEE3B, 0xEE3B, 0xEE3B,
    0xEE3B, 0xEE3B, 0xEE3B, 0xEE3B, 0xEE3B, 0xEE3B, 0xEE3B, 0xEE3B, 0xEE3B, 0xEE3B, 0xEE3B, 0xEE3B, 0xEE3B, 0xEE3B, 0xEE3B, 0xEE3B,
    0xEE3B, 0xEE3B, 0xEE3B, 0xEE3B, 0xEE3B, 0xEE3B, 0xEE3B, 0xEE3B, 0xEE3B, 0xEE3B, 0xEE3B, 0xEE3B, 0xEE3B, 0xEE3B, 0xEE3B, 0xEE3B,
    0xEE3B, 0xEE3B, 0xEE3B, 0xEE3B, 0xEE3B, 0xEE3B, 0xEE3B, 0xEE3B, 0xEE3B, 0xEE3B, 0xEE3B, 0xEE3B, 0xEE3B, 0xEE3B, 0xEE3B, 0xEE3B,
    0xEE3B, 0xEE3B, 0xEE3B, 0xEE3B, 0xEE3B, 0xEE3B, 0xEE3B, 0xEE3B, 0xEE3B, 0xEE3B, 0xEE3B, 0xEE1B, 0xF65B, 0xCD37, 0xCCD5, 0xF5D9,
    0xF5B9, 0xF5B9, 0xF5B9, 0xF5B9, 0xF5D9, 0xF5B9, 0xF5B9, 0xF5B9, 0xF5B9, 0xF5B9, 0xF5B9, 0xF5B9, 0xF5B9, 0xF5B9, 0xF5B8, 0xF5B9,
    0xF5B9, 0xF5B9, 0xF5B9, 0xF5B9, 0xF5B9, 0xF5D9, 0xE516, 0xED78, 0xF5D9, 0xED98, 0xDD16, 0xF599, 0xF5B9, 0xF5B9, 0xED78, 0xD4F5,
    0xDD55, 0xEE16, 0xF657, 0xF657, 0xF637, 0xF617, 0xF617, 0xF637, 0xF637, 0xF637, 0xF637, 0xF637, 0xF637, 0xF637, 0xEE17, 0xF637,
    0xF637, 0xF637, 0xEDF6, 0xE574, 0xCC71, 0xBC30, 0xC3F2, 0xDC13, 0xDC13, 0xD414, 0xD414, 0xDC34, 0xD434, 0xBBB1, 0xD413, 0xDC34,
    0xD414, 0xD434, 0xDC14, 0xDC14, 0xDC34, 0xDC34, 0xD414, 0xD414, 0xD413, 0xDC54, 0xE496, 0xED17, 0xF578, 0xF5B9, 0xF5B9, 0xF5B8,
    0xF578, 0xDC75, 0xB3D2, 0xDDB9, 0xF65C, 0xEE3B, 0xEE3B, 0xEE3B, 0xF63B, 0xEE3B, 0xEE3B, 0xEE3B, 0xEE3B, 0xEE3B, 0xEE3B, 0xEE3B,
    0xEE3B, 0xEE3B, 0xEE3B, 0xEE3B, 0xEE3B, 0xEE3B, 0xEE3B, 0xEE3B, 0xEE3B, 0xF63B, 0xEE3B, 0xEE3B, 0xEE3B, 0xEE3B, 0xEE3B, 0xEE3B,
    0xEE3B, 0xEE3B, 0xF63B, 0xEE3B, 0xEE3B, 0xF63B, 0xF63B, 0xF63B, 0xEE3B, 0xEE3B, 0xEE3B, 0xF63B, 0xF63B, 0xF63B, 0xF63B, 0xF63B,
    0xF63B, 0xEE3B, 0xEE3B, 0xF63B, 0xF63B, 0xF63B, 0xF63B, 0xF63B, 0xF63B, 0xF63B, 0xEE3B, 0xF63B, 0xF65B, 0xF63B, 0xF63B, 0xF63B,
    0xF63B, 0xF63B, 0xF63B, 0xF63B, 0xF63B, 0xF63B, 0xF63B, 0xF65B, 0xF63B, 0xF63B, 0xF63B, 0xF63B, 0xF63B, 0xF65B, 0xF63B, 0xF65B,
    0xEE5B, 0xEE3B, 0xEE3B, 0xEE3B, 0xEE3B, 0xEE3B, 0xEE3B, 0xEE3B, 0xEE3B, 0xEE3B, 0xEE3B, 0xEE3B, 0xEE3B, 0xEE3B, 0xEE3B, 0xEE3B,
    0xEE3B, 0xEE3B, 0xEE3B, 0xEE3B, 0xEE3B, 0xEE3A, 0xEE3B, 0xEE3B, 0xEE3B, 0xEE3B, 0xEE3B, 0xEE3A, 0xEE3B, 0xEE3B, 0xEE3B, 0xEE3B,
    0xEE3B, 0xEE3B, 0xEE3B, 0xEE3B, 0xEE3A, 0xEE3B, 0xEE3B, 0xEE3B, 0xEE3B, 0xEE3B, 0xEE3B, 0xEE3B, 0xEE3B, 0xEE3B, 0xF63B, 0xF63B,
    0xF63B, 0xF63B, 0xF63B, 0xEE3B, 0xEE3B, 0xEE3B, 0xEE3B, 0xEE3B, 0xEE3B, 0xEE3B, 0xEE3B, 0xEE3B, 0xEE3B, 0xEE3B, 0xEE3B, 0xEE3B,
    0xEE3B, 0xEE3B, 0xEE3B, 0xEE3B, 0xEE3B, 0xEE3B, 0xEE3B, 0xEE3B, 0xEE3B, 0xEE3B, 0xEE1B, 0xF65C, 0xCD56, 0xCCF5, 0xFDFA, 0xF5B9,
    0xF5B9, 0xF5B9, 0xF5D8, 0xF5B9, 0xF5B9, 0xF5B9, 0xF5B9, 0xF5B9, 0xF5B8, 0xF5B9, 0xF5B9, 0xF5B9, 0xF5B8, 0xF5B9, 0xF5B9, 0xF5B9,
    0xF5B9, 0xF5B8, 0xF5B9, 0xF5B9, 0xF5B9, 0xF5B9, 0xF5B8, 0xDCF6, 0xED99, 0xE557, 0xED57, 0xF5B9, 0xF5B8, 0xF599, 0xF5B9, 0xF5B9,
    0xE557, 0xD515, 0xD534, 0xE5B6, 0xEE16, 0xF637, 0xF637, 0xF637, 0xF637, 0xF637, 0xF637, 0xF637, 0xF637, 0xF657, 0xF637, 0xF657,
    0xF636, 0xEDF6, 0xDDB6, 0xD535, 0xD4F5, 0xED98, 0xF599, 0xED17, 0xDC95, 0xD413, 0xD413, 0xDC34, 0xBBD2, 0xC3F2, 0xDC34, 0xD433,
    0xDC14, 0xDC34, 0xDC13, 0xD414, 0xD413, 0xD433, 0xDC55, 0xE4B6, 0xED37, 0xF598, 0xF5D9, 0xF5D9, 0xF5D9, 0xF5B9, 0xF5B9, 0xF5B9,
    0xF5D9, 0xF5B9, 0xE4B6, 0xB3D1, 0xE5DA, 0xF65B, 0xEE3A, 0xEE3B, 0xF63B, 0xEE3B, 0xF63B, 0xEE3B, 0xEE3B, 0xEE3B, 0xEE3B, 0xEE3B,
    0xEE3B, 0xEE3B, 0xEE3A, 0xEE3B, 0xEE3B, 0xEE3B, 0xEE3B, 0xEE3A, 0xEE3B, 0xEE3B, 0xEE3B, 0xEE3B, 0xEE3B, 0xEE3B, 0xF63B, 0xF63B,
    0xEE3B, 0xF63B, 0xF63B, 0xF63B, 0xF63B, 0xEE3B, 0xEE3A, 0xEE3B, 0xEE3B, 0xEE3B, 0xF63B, 0xF63B, 0xF63B, 0xF63B, 0xF63B, 0xF63B,
    0xF63B, 0xF63A, 0xF63B, 0xF63B, 0xF63B, 0xF63B, 0xF63B, 0xF63B, 0xF63B, 0xF63B, 0xF63A, 0xF63B, 0xF63B, 0xF63B, 0xF63B, 0xF63B,
    0xF63B, 0xF63B, 0xF63B, 0xF63B, 0xF63B, 0xF63B, 0xF63B, 0xF63B, 0xF63B, 0xF63B, 0xF65B, 0xF65B, 0xF65B, 0xF65B, 0xF65B, 0xF63B,
    0xEE3B, 0xEE3B, 0xEE3B, 0xEE3B, 0xEE3B, 0xEE3B, 0xEE3B, 0xEE3B, 0xEE3B, 0xEE3B, 0xEE3B, 0xF63B, 0xEE3B, 0xEE3B, 0xEE3B, 0xEE3B,
    0xEE3B, 0xEE3B, 0xEE3B, 0xEE3B, 0xEE3B, 0xEE3B, 0xEE3B, 0xEE3B, 0xEE3B, 0xEE3B, 0xEE3B, 0xEE3B, 0xEE3B, 0xEE3B, 0xF63B, 0xEE3B,
    0xF63B, 0xEE3B, 0xF63B, 0xF63B, 0xF63B, 0xF63B, 0xF63B, 0xF63B, 0xF63B, 0xF63B, 0xF63B, 0xF63B, 0xF63B, 0xF63B, 0xF63B, 0xF63B,
    0xF63B, 0xF63B, 0xF63B, 0xF63B, 0xF63B, 0xEE3B, 0xEE3B, 0xF63B, 0xF63B, 0xF63B, 0xEE3B, 0xEE3B, 0xEE3B, 0xEE3B, 0xEE3B, 0xEE3B,
    0xEE3B, 0xEE3B, 0xF63B, 0xF63B, 0xEE3B, 0xEE3B, 0xEE3B, 0xF63B, 0xEE3B, 0xEE3A, 0xF65B, 0xDD78, 0xCCD5, 0xF5F9, 0xF5B9, 0xF5B9,
    0xF5B9, 0xF5B9, 0xF5B9, 0xF5B9, 0xF5B9, 0xF5B9, 0xF5B9, 0xF5B9, 0xF5B9, 0xF5B9, 0xF5B9, 0xF5B9, 0xF5B9, 0xF5B9, 0xF5B9, 0xF5B9,
    0xF5B9, 0xF5B9, 0xF5B9, 0xF5B9, 0xF5B9, 0xF5B9, 0xF5D9, 0xED99, 0xDD16, 0xED78, 0xF5B9, 0xF5B9, 0xF5B8, 0xF5B9, 0xF5B9, 0xF5B9,
    0xF5D9, 0xF5D9, 0xE577, 0xDD36, 0xD535, 0xD534, 0xDD95, 0xE5D5, 0xE5D5, 0xE5F6, 0xEDF6, 0xEDF6, 0xE5D6, 0xE5D5, 0xDD95, 0xDD75,
    0xD535, 0xD515, 0xDD56, 0xED99, 0xF5D9, 0xF5D9, 0xF5B9, 0xF5D9, 0xF5B9, 0xED58, 0xE4B6, 0xC3D2, 0xC3D2, 0xDC14, 0xD413, 0xD413,
    0xD413, 0xD414, 0xDC34, 0xDC75, 0xE4D6, 0xED57, 0xF5B9, 0xF5D9, 0xF5D9, 0xF5D9, 0xF5B8, 0xF5B9, 0xF5B9, 0xF5B9, 0xF5B9, 0xF5B9,
    0xF5B9, 0xF5B9, 0xFDD9, 0xDC95, 0xB3F2, 0xEE3B, 0xEE3B, 0xEE3B, 0xF63B, 0xEE3B, 0xF63B, 0xEE3B, 0xEE3B, 0xEE3B, 0xEE3B, 0xEE3B,
    0xF63B, 0xEE3B, 0xEE3B, 0xEE3B, 0xEE3B, 0xEE3B, 0xEE3B, 0xEE3A, 0xEE3B, 0xEE3B, 0xF63B, 0xEE3B, 0xEE3B, 0xF63B, 0xF63B, 0xF63B,
    0xEE3B, 0xF63B, 0xF63B, 0xF63B, 0xF63B, 0xEE3B, 0xF63B, 0xF63B, 0xF63B, 0xF63B, 0xF63B, 0xF63B, 0xF63B, 0xF63B, 0xF63B, 0xF63B,
    0xF65B, 0xF63B, 0xF63B, 0xF65B, 0xF63B, 0xF63B, 0xF63B, 0xF65B, 0xF63B, 0xF63B, 0xF63B, 0xF65B, 0xF63B, 0xF63B, 0xF63B, 0xF63B,
    0xF63B, 0xF63B, 0xF63B, 0xF63B, 0xF63B, 0xF65B, 0xF65B, 0xF65B, 0xF65B, 0xF65B, 0xF65B, 0xF65B, 0xF65B, 0xF65B, 0xF65B, 0xF65B,
    0xF63C, 0xF63B, 0xEE3B, 0xEE3B, 0xEE3B, 0xEE3B, 0xF63B, 0xF63B, 0xF63B, 0xF63B, 0xF63B, 0xF63B, 0xF63B, 0xF63B, 0xF63B, 0xF63B,
    0xF63B, 0xF63B, 0xEE3B, 0xEE3B, 0xF63B, 0xF63B, 0xF63B, 0xF63B, 0xF63B, 0xF63B, 0xF63B, 0xF63B, 0xF63B, 0xF63B, 0xF63B, 0xF63B,
    0xF63B, 0xF63B, 0xF63B, 0xF63B, 0xF63B, 0xF63B, 0xF63B, 0xF63B, 0xF63B, 0xF63B, 0xF63B, 0xF63B, 0xF63B, 0xF63B, 0xF63B, 0xF63B,
    0xF63B, 0xF63B, 0xF63B, 0xF63B, 0xF63B, 0xEE3B, 0xF63B, 0xF63B, 0xF63B, 0xF63B, 0xF63B, 0xF63B, 0xEE3B, 0xEE3B, 0xEE3B, 0xEE3B,
    0xEE3B, 0xF63B, 0xF63B, 0xF63B, 0xF63B, 0xF63B, 0xF63B, 0xEE3B, 0xEE3B, 0xF63B, 0xE5F9, 0xC4B4, 0xF5B9, 0xF5B9, 0xF5B9, 0xF5B9,
    0xF5B9, 0xF5B9, 0xF5B9, 0xF5B9, 0xF5B9, 0xF5B9, 0xF5B9, 0xF5B9, 0xF5B9, 0xF5B9, 0xF5B9, 0xF5B9, 0xF5B9, 0xF5B9, 0xF5B9, 0xF5B9,
    0xF5B9, 0xF5B9, 0xF5B9, 0xF5B9, 0xF5B9, 0xF5B9, 0xF5B9, 0xF5D9, 0xED98, 0xDD16, 0xED57, 0xF5D9, 0xF5B9, 0xF5B9, 0xF5B9, 0xF5B9,
    0xF5B9, 0xF5B9, 0xF5B9, 0xF5D9, 0xF5B8, 0xDCF6, 0xE578, 0xDD37, 0xDD36, 0xD536, 0xD515, 0xD515, 0xD516, 0xDD36, 0xDD57, 0xE578,
    0xF5B9, 0xED98, 0xED78, 0xF5B9, 0xF5B9, 0xF5B9, 0xF5B9, 0xF5B9, 0xF5D9, 0xF598, 0xDD16, 0xE537, 0xED17, 0xE4B5, 0xDC55, 0xE495,
    0xE4D6, 0xED37, 0xED78, 0xF5B9, 0xF5D9, 0xF5D9, 0xF5D9, 0xF5B9, 0xF5B9, 0xF5B9, 0xF5B9, 0xF5B9, 0xF5B9, 0xF5B9, 0xF5B9, 0xF5B9,
    0xF5B9, 0xF5B9, 0xF5B9, 0xF5B9, 0xCBF3, 0xC4B5, 0xF65C, 0xEE1B, 0xEE3B, 0xEE3B, 0xEE3B, 0xEE3B, 0xEE3B, 0xEE3B, 0xEE3B, 0xEE3B,
    0xEE3B, 0xEE3B, 0xEE3B, 0xEE3B, 0xEE3B, 0xEE3B, 0xEE3B, 0xEE3B, 0xEE3B, 0xEE3B, 0xF63B, 0xF63B, 0xF63B, 0xF63B, 0xF63B, 0xF63B,
    0xF63B, 0xF63B, 0xF63B, 0xF63B, 0xF63B, 0xF63B, 0xF63B, 0xF63B, 0xF63B, 0xF63B, 0xF63B, 0xF63B, 0xF63B, 0xF65B, 0xF63B, 0xF63B,
    0xF63B, 0xF63B, 0xF63B, 0xF65B, 0xF63B, 0xF63B, 0xF63B, 0xF63B, 0xF63B, 0xF63B, 0xF63B, 0xF63B, 0xF63B, 0xF63B, 0xF65B, 0xF63B,
    0xF65B, 0xF63B, 0xF63B, 0xF63B, 0xF63B, 0xF65B, 0xF65B, 0xF65B, 0xF65B, 0xF65B, 0xF65B, 0xF65B, 0xF65B, 0xF65B, 0xF63B, 0xF65B,
    0xEE5B, 0xEE3B, 0xF63B, 0xF63B, 0xEE3B, 0xF63B, 0xF63B, 0xF63B, 0xF63B, 0xF63B, 0xF63B, 0xF63B, 0xF63B, 0xF63B, 0xF63B, 0xF63B,
    0xF63B, 0xF63B, 0xF63B, 0xF63B, 0xF63B, 0xF63B, 0xF63B, 0xF63B, 0xF63B, 0xF63B, 0xF63B, 0xF63B, 0xF63B, 0xF63B, 0xF63B, 0xF63B,
    0xF63B, 0xF63B, 0xF63B, 0xF63B, 0xEE3B, 0xF63B, 0xF63B, 0xF63B, 0xF63B, 0xF63B, 0xF63B, 0xF63B, 0xF63B, 0xF63B, 0xF63B, 0xF63B,
    0xF63B, 0xF63B, 0xF63B, 0xF63B, 0xF63B, 0xF63B, 0xF63B, 0xF63B, 0xF63B, 0xF63B, 0xF63B, 0xF63B, 0xF63B, 0xF63B, 0xF63B, 0xF63B,
    0xF63B, 0xF63B, 0xF63B, 0xF63B, 0xF63B, 0xF63B, 0xF63B, 0xEE3B, 0xEE3B, 0xF63B, 0xC4D5, 0xE598, 0xF5D9, 0xF5B9, 0xF5B9, 0xF5B9,
    0xF5B9, 0xF5B9, 0xF5B9, 0xF5B9, 0xF5B9, 0xF5B9, 0xF5B9, 0xF5B9, 0xF5B9, 0xF5B9, 0xF5B9, 0xF5B9, 0xF5B9, 0xF5B9, 0xF5B9, 0xF5B9,
    0xF5B9, 0xF5B9, 0xF5B9, 0xF5B9, 0xF5B9, 0xF5B9, 0xF5B9, 0xF5B9, 0xF5B9, 0xF5B8, 0xDD16, 0xE537, 0xF5B8, 0xF5B9, 0xF5B9, 0xF5B9,
    0xF5B9, 0xF5B9, 0xF5B9, 0xF5B9, 0xED78, 0xE517, 0xFDD9, 0xF5D9, 0xF5D9, 0xF5D9, 0xF5D9, 0xF5D9, 0xF5D9, 0xFDD9, 0xF5D9, 0xF5D9,
    0xF5D9, 0xED98, 0xDD16, 0xF5B9, 0xF598, 0xF5B9, 0xF5B9, 0xF5D9, 0xED78, 0xDCF5, 0xED78, 0xF5D9, 0xF5DA, 0xE557, 0xED58, 0xF5D9,
    0xF5D9, 0xF5D9, 0xF5D9, 0xF5B9, 0xF5B9, 0xF5B9, 0xF5B9, 0xF5B9, 0xF5B9, 0xF5B9, 0xF5B9, 0xF5B9, 0xF5B9, 0xF5B8, 0xF5B9, 0xF5B9,
    0xF5B9, 0xF5B9, 0xF5B9, 0xF5D9, 0xED17, 0xB3B1, 0xDD98, 0xF65B, 0xEE3A, 0xEE3B, 0xEE3B, 0xF63B, 0xEE3B, 0xEE3B, 0xEE3B, 0xEE3B,
    0xEE3B, 0xEE3B, 0xEE3B, 0xEE3B, 0xEE3B, 0xEE3B, 0xF63B, 0xF63B, 0xF63B, 0xF63B, 0xF63B, 0xF63B, 0xF63B, 0xF63B, 0xF63B, 0xF63B,
    0xF63B, 0xF63B, 0xF63B, 0xF63B, 0xF63B, 0xF63B, 0xF63B, 0xF63B, 0xF63B, 0xF63B, 0xF63B, 0xF63B, 0xF63B, 0xF63B, 0xF63B, 0xF63B,
    0xF63B, 0xF63B, 0xF63B, 0xF63B, 0xF63B, 0xF65B, 0xF65B, 0xF63B, 0xF63B, 0xF63B, 0xF65B, 0xF63B, 0xF63B, 0xF63B, 0xF63B, 0xF65B,
    0xF65B, 0xF65B, 0xF65B, 0xF65B, 0xF65B, 0xF65B, 0xF65B, 0xF65B, 0xF65B, 0xF65B, 0xF65B, 0xF65B, 0xF65B, 0xF65B, 0xF65B, 0xF63B,
    0xF65B, 0xF63B, 0xF63B, 0xF63B, 0xF63B, 0xF63B, 0xF63B, 0xF63B, 0xF63B, 0xF63B, 0xF63B, 0xF63B, 0xF63B, 0xF63B, 0xF63B, 0xF63B,
    0xF63B, 0xF63B, 0xF63B, 0xF63B, 0xF63B, 0xF63B, 0xF63B, 0xF63B, 0xF63B, 0xF63B, 0xF63B, 0xF63B, 0xF63B, 0xF63B, 0xF63B, 0xF63B,
    0xF63B, 0xF63B, 0xF63B, 0xF63B, 0xF63B, 0xF63B, 0xF63B, 0xF63B, 0xF63B, 0xF63B, 0xF63B, 0xF63B, 0xF63B, 0xF63B, 0xF63B, 0xF63B,
    0xF63B, 0xF63B, 0xF63B, 0xF63B, 0xF63B, 0xF63B, 0xF63B, 0xF63B, 0xF63B, 0xF63B, 0xF63B, 0xF63B, 0xF63B, 0xF63B, 0xF63B, 0xF63B,
    0xF63B, 0xF63B, 0xF63B, 0xF63B, 0xF63B, 0xF63B, 0xF63B, 0xEE1B, 0xF65B, 0xD557, 0xD516, 0xFDFA, 0xF5B9, 0xF5B9, 0xF5B9, 0xF5B9,
    0xF5B9, 0xF5B9, 0xF5B9, 0xF5B9, 0xF5B9, 0xF5B8, 0xF5B9, 0xF5B9, 0xF5B9, 0xF5B9, 0xF5B9, 0xF5B9, 0xF5B9, 0xF5B9, 0xF5B9, 0xF5B9,
    0xF5B9, 0xF5B9, 0xF5D8, 0xF5B9, 0xF5B9, 0xF5B9, 0xF5B9, 0xF5B9, 0xF5B9, 0xF5B9, 0xF5B9, 0xE558, 0xDD16, 0xED58, 0xF5B9, 0xF5D9,
    0xF5B9, 0xF5B9, 0xF5B9, 0xF5D9, 0xE557, 0xE537, 0xF5B9, 0xF5B9, 0xF5B9, 0xF5B8, 0xF5B9, 0xF5B8, 0xF5B9, 0xF5B9, 0xF5B9, 0xF5B9,
    0xF5B8, 0xF5D9, 0xDD36, 0xED78, 0xF5B9, 0xF5D9, 0xF599, 0xDD36, 0xE537, 0xF5B9, 0xF5D9, 0xF5B9, 0xF5B9, 0xE516, 0xF5B9, 0xF5B9,
    0xF5B9, 0xF5B8, 0xF5B9, 0xF5B9, 0xF5B9, 0xF5B9, 0xF5B9, 0xF5B9, 0xF5B9, 0xF5B9, 0xF5B9, 0xF5B9, 0xF5B9, 0xF5B9, 0xF5B9, 0xF5B9,
    0xF5B9, 0xF5B9, 0xF5B9, 0xF5B9, 0xF599, 0xD433, 0xBC33, 0xF63B, 0xEE3B, 0xEE3A, 0xEE3B, 0xEE3B, 0xEE3B, 0xEE3B, 0xEE3B, 0xEE3B,
    0xEE3B, 0xEE3B, 0xEE3B, 0xF63B, 0xF63B, 0xF63B, 0xF63B, 0xF63B, 0xF63B, 0xF63B, 0xF63A, 0xF63B, 0xF63B, 0xF63B, 0xF63B, 0xF63B,
    0xF63B, 0xF63B, 0xF63B, 0xF63B, 0xF63B, 0xF63B, 0xF63B, 0xF63B, 0xF63B, 0xF63B, 0xF63B, 0xF63B, 0xF63B, 0xF63B, 0xF63B, 0xF63B,
    0xF63B, 0xF63B, 0xF63B, 0xF63B, 0xF63B, 0xF63B, 0xF65B, 0xF65B, 0xF65B, 0xF63B, 0xF63B, 0xF65B, 0xF63B, 0xF63B, 0xF65B, 0xF65B,
    0xF65B, 0xF65B, 0xF63B, 0xF65B, 0xF65B, 0xF65B, 0xF65B, 0xF65B, 0xF65B, 0xF65B, 0xF65B, 0xF65B, 0xF65B, 0xF65B, 0xF65B, 0xF63B,
    0xF63B, 0xF63B, 0xF63B, 0xF63B, 0xF63B, 0xF63B, 0xF63B, 0xF63B, 0xF63B, 0xF63B, 0xF63B, 0xF63B, 0xF63B, 0xF63B, 0xF63B, 0xF63B,
    0xF63B, 0xF63B, 0xF63B, 0xF63B, 0xF63B, 0xF63B, 0xF63B, 0xF63B, 0xF63B, 0xF63B, 0xF63B, 0xF63B, 0xF63B, 0xF63B, 0xF63B, 0xF63B,
    0xF63B, 0xF63B, 0xF63B, 0xF63B, 0xF63B, 0xF63A, 0xF63B, 0xF63B, 0xF63B, 0xF63B, 0xF63B, 0xF63B, 0xF63B, 0xF63B, 0xF63B, 0xF63B,
    0xF63B, 0xF63B, 0xF63B, 0xF63B, 0xF63B, 0xF63B, 0xF63B, 0xF63B, 0xF63B, 0xF63B, 0xF63B, 0xF63B, 0xF63B, 0xF63B, 0xF63B, 0xF63B,
    0xF63B, 0xF63B, 0xF63B, 0xF63B, 0xF63B, 0xF63B, 0xF63B, 0xF63B, 0xEDFA, 0xC4D4, 0xF5D9, 0xF5B9, 0xF5B9, 0xF5B8, 0xF5B9, 0xF5B9,
    0xF5B9, 0xF5B9, 0xF5B9, 0xF5B9, 0xF5B9, 0xF5B9, 0xF5B9, 0xF5B9, 0xF5B9, 0xF5B9, 0xF5B9, 0xF5B9, 0xF5B9, 0xF5B9, 0xF5B9, 0xF5B9,
    0xF5B9, 0xF5B9, 0xF5D8, 0xF5B9, 0xF5B9, 0xF5B9, 0xF5B9, 0xF5B9, 0xF5B9, 0xF5B9, 0xF5B9, 0xF5B9, 0xF598, 0xE537, 0xDD36, 0xE557,
    0xF5B9, 0xF5B9, 0xF5B9, 0xFDD9, 0xE536, 0xE557, 0xF5B8, 0xF5B8, 0xF5B9, 0xF5B9, 0xF5B9, 0xF5B9, 0xF5B9, 0xF5B9, 0xF5B9, 0xF5B9,
    0xF5B9, 0xF5D9, 0xED78, 0xE557, 0xED98, 0xE536, 0xDCF6, 0xED77, 0xF5D9, 0xF5B9, 0xF5B8, 0xF5D9, 0xED57, 0xE537, 0xF5D9, 0xF5B9,
    0xF5B9, 0xF5B9, 0xF5B9, 0xF5B9, 0xF5B9, 0xF5B9, 0xF5B9, 0xF5B9, 0xF5B9, 0xF5B9, 0xF5B9, 0xF5B9, 0xF5B9, 0xF5B9, 0xF5B8, 0xF5D9,
    0xF5B9, 0xF5B9, 0xF5B9, 0xF5B8, 0xF5B9, 0xECD6, 0xBBB1, 0xD557, 0xF65C, 0xEE3A, 0xEE3B, 0xEE3B, 0xEE3B, 0xF63B, 0xEE3B, 0xEE3B,
    0xF63B, 0xF63B, 0xF63B, 0xF63B, 0xF63B, 0xF63B, 0xF63B, 0xF63B, 0xF63B, 0xF63B, 0xF63B, 0xF63B, 0xF63B, 0xF63B, 0xF63B, 0xF63B,
    0xF63B, 0xF63B, 0xF63B, 0xF63B, 0xF63B, 0xF63B, 0xF63B, 0xF63B, 0xF63B, 0xF63B, 0xF63B, 0xF63B, 0xF63B, 0xF63B, 0xF63B, 0xF63B,
    0xF63B, 0xF63B, 0xF63B, 0xF63B, 0xF63B, 0xF63B, 0xF65B, 0xF63B, 0xF63B, 0xF63B, 0xF63B, 0xF65B, 0xF65B, 0xF63B, 0xF65B, 0xF65B,
    0xF65B, 0xF65B, 0xF63B, 0xF63B, 0xF65B, 0xF63B, 0xF63B, 0xF65B, 0xF65B, 0xF65B, 0xF65B, 0xF65B, 0xF65B, 0xF65B, 0xF63B, 0xF63B,
    0xF63B, 0xF63B, 0xF63B, 0xF63B, 0xF63B, 0xF63B, 0xF63B, 0xF63B, 0xF63B, 0xF63B, 0xF63A, 0xF63B, 0xF63B, 0xF63B, 0xF63B, 0xF63B,
    0xF63B, 0xF63B, 0xF63B, 0xF63B, 0xF63B, 0xF63B, 0xF63B, 0xF63B, 0xF63B, 0xF63B, 0xF63B, 0xF63B, 0xF63B, 0xF63B, 0xF63A, 0xF63B,
    0xF63B, 0xF63B, 0xF63B, 0xF63B, 0xF63B, 0xF63B, 0xF63B, 0xF63B, 0xF63B, 0xF63B, 0xF63A, 0xF63B, 0xF63B, 0xF63B, 0xF63B, 0xF63B,
    0xF63B, 0xF63B, 0xF63B, 0xF63B, 0xF63B, 0xF63B, 0xF63B, 0xF63B, 0xF63B, 0xF63B, 0xF63B, 0xF63B, 0xF63B, 0xF63B, 0xF63A, 0xF63B,
    0xF63B, 0xF63B, 0xF63B, 0xF63B, 0xF63B, 0xF63B, 0xF63B, 0xF65B, 0xCD36, 0xDD57, 0xF5D9, 0xF5B9, 0xF5B9, 0xF5B9, 0xF5B9, 0xF5B9,
    0xF5B9, 0xF5B9, 0xF5B8, 0xF5B9, 0xF5B9, 0xF5B9, 0xF5B9, 0xF5B9, 0xF5B9, 0xF5B9, 0xF5B9, 0xF5B8, 0xF5B9, 0xF5B9, 0xF5B9, 0xF5B9,
    0xF5B9, 0xF5B9, 0xF5B9, 0xF5B9, 0xF5B9, 0xF5B9, 0xF5B8, 0xF5B8, 0xF5B9, 0xF5B9, 0xF5B9, 0xF5B8, 0xF5B9, 0xF5B9, 0xF599, 0xE557,
    0xDD16, 0xE537, 0xE557, 0xF598, 0xED58, 0xED98, 0xF5B9, 0xF5B9, 0xF5B9, 0xF5B9, 0xF5B9, 0xF5B8, 0xF5B9, 0xF5D9, 0xF5D9, 0xF5B9,
    0xF5B9, 0xED98, 0xE557, 0xD4F5, 0xDD16, 0xE578, 0xF5B9, 0xF5D9, 0xF5B9, 0xF5B9, 0xF5B9, 0xF5B9, 0xE516, 0xED78, 0xF5D9, 0xF5B8,
    0xF5B9, 0xF5B9, 0xF5B9, 0xF5B9, 0xF5B9, 0xF5B9, 0xF5B9, 0xF5B9, 0xF5D9, 0xF5B9, 0xF5B9, 0xF5B9, 0xF5B9, 0xF5B9, 0xF5B9, 0xF5B9,
    0xF5B9, 0xF5B9, 0xF5B9, 0xF5B8, 0xF5D9, 0xED37, 0xCBF3, 0xB433, 0xF65B, 0xF63B, 0xF63B, 0xF63B, 0xF63A, 0xF63B, 0xF63B, 0xF63B,
    0xF63B, 0xF63B, 0xF63B, 0xF63B, 0xF63B, 0xF63B, 0xF63B, 0xF63A, 0xF63B, 0xF63B, 0xF63B, 0xF63B, 0xF63B, 0xF63B, 0xF63B, 0xF63B,
    0xF63B, 0xF63B, 0xF63B, 0xF63B, 0xF63B, 0xF63B, 0xF63B, 0xF63B, 0xF65B, 0xF63B, 0xF63B, 0xF63B, 0xF63A, 0xF65B, 0xF63A, 0xF63B,
    0xF63B, 0xF65B, 0xF63B, 0xF63B, 0xF65B, 0xF65B, 0xF63B, 0xF63B, 0xF63B, 0xF63B, 0xF63B, 0xF63B, 0xF65B, 0xF63B, 0xF65B, 0xF65B,
    0xF65B, 0xF65B, 0xF63B, 0xF63B, 0xF63B, 0xF63B, 0xF63B, 0xF63B, 0xF65B, 0xF63B, 0xF65B, 0xF65B, 0xF63B, 0xF65B, 0xF65B, 0xF63B,
    0xF65B, 0xF63B, 0xF63B, 0xF63B, 0xF63B, 0xF63B, 0xF63B, 0xF63B, 0xF63B, 0xF63B, 0xF63B, 0xF63B, 0xF63B, 0xF63B, 0xF63B, 0xF63B,
    0xF63B, 0xF63B, 0xF63B, 0xF63B, 0xF63B, 0xF63B, 0xF63B, 0xF63B, 0xF63B, 0xF63B, 0xF63B, 0xF63B, 0xF63B, 0xF63B, 0xF63B, 0xF63B,
    0xF63B, 0xF63B, 0xF63B, 0xF63B, 0xF63B, 0xF63B, 0xF63B, 0xF63B, 0xF63B, 0xF63B, 0xF63B, 0xF63B, 0xF63B, 0xF63B, 0xF63B, 0xF63B,
    0xF63B, 0xF63B, 0xF63B, 0xF63B, 0xF63B, 0xF63B, 0xF63B, 0xF63B, 0xF63B, 0xF63B, 0xF63B, 0xF63B, 0xF63B, 0xF63B, 0xF63B, 0xF63B,
    0xF63B, 0xF63B, 0xF63B, 0xF63B, 0xF63B, 0xF63B, 0xF63B, 0xEDFA, 0xCCF5, 0xF5D9, 0xF5B9, 0xF5B9, 0xF5B9, 0xF5B9, 0xF5B9, 0xF5B9,
    0xF5B9, 0xF5B9, 0xF5B9, 0xF5B9, 0xF5B9, 0xF5B9, 0xF5B9, 0xF5B9, 0xF5B9, 0xF5B9, 0xF5B9, 0xF5B9, 0xF5B9, 0xF5B9, 0xF5B9, 0xF5B9,
    0xF5B9, 0xF5B9, 0xF5B9, 0xF5B9, 0xF5B9, 0xF5B9, 0xF5B9, 0xF5B9, 0xF5B9, 0xF5B9, 0xF5B9, 0xF5B9, 0xF5B8, 0xF5B9, 0xF5B9, 0xF5D9,
    0xF5B9, 0xED98, 0xE557, 0xE516, 0xE536, 0xE537, 0xE557, 0xED57, 0xED77, 0xED78, 0xED78, 0xED78, 0xED78, 0xED77, 0xE557, 0xE537,
    0xDD16, 0xDD36, 0xE577, 0xED98, 0xF5D9, 0xF5D9, 0xF5B9, 0xF5B9, 0xF5B9, 0xF5B9, 0xF5B9, 0xED78, 0xDCF6, 0xF5D9, 0xF5B9, 0xF5B9,
    0xF5B9, 0xF5B9, 0xF5B9, 0xF5B9, 0xF5B9, 0xF5B9, 0xF5B9, 0xF5B9, 0xF5B9, 0xF5B9, 0xF5B9, 0xF5B9, 0xF5B9, 0xF5B9, 0xF5B9, 0xF5B9,
    0xF5B9, 0xF5B9, 0xF5B9, 0xF5B9, 0xF5D9, 0xED78, 0xDC34, 0xBBB2, 0xDD98, 0xF65B, 0xF63B, 0xF63B, 0xF63B, 0xF63B, 0xF63B, 0xF63B,
    0xF63B, 0xF63B, 0xF63B, 0xF63B, 0xF63B, 0xF63B, 0xF63B, 0xF63B, 0xF63B, 0xF63B, 0xF63B, 0xF63B, 0xF63B, 0xF63B, 0xF63B, 0xF63B,
    0xF63B, 0xF63B, 0xF63B, 0xF63B, 0xF63B, 0xF63B, 0xF63B, 0xF63B, 0xF63B, 0xF63B, 0xF63B, 0xF63B, 0xF63B, 0xF63B, 0xF63B, 0xF63B,
    0xF63B, 0xF65B, 0xF65B, 0xF65B, 0xF65B, 0xF63B, 0xF65B, 0xF65B, 0xF63B, 0xF65B, 0xF65B, 0xF65B, 0xF63B, 0xF63B, 0xF63B, 0xF65B,
    0xF65B, 0xF65B, 0xF63B, 0xF63B, 0xF65B, 0xF63B, 0xF63B, 0xF65B, 0xF65B, 0xF65B, 0xF65B, 0xF65B, 0xF65B, 0xF65B, 0xF65B, 0xF65B,
    0xF65B, 0xF65B, 0xF63B, 0xF63B, 0xF63B, 0xF63B, 0xF63B, 0xF63B, 0xF63B, 0xF63B, 0xF63B, 0xF63B, 0xF63B, 0xF63B, 0xF63B, 0xF63B,
    0xF63B, 0xF63B, 0xF63B, 0xF63B, 0xF63B, 0xF63B, 0xF63B, 0xF63B, 0xF63B, 0xF63B, 0xF63B, 0xF63B, 0xF63B, 0xF63B, 0xF63B, 0xF63B,
    0xF63B, 0xF63B, 0xF63B, 0xF63B, 0xF63B, 0xF63B, 0xF63B, 0xF63B, 0xF63B, 0xF63B, 0xF63B, 0xF63B, 0xF63B, 0xF63B, 0xF63B, 0xF63B,
    0xF63B, 0xF63B, 0xF63B, 0xF63B, 0xF63B, 0xF63B, 0xF63B, 0xF63B, 0xF63B, 0xF65B, 0xF63B, 0xF63B, 0xF65B, 0xF63B, 0xF65B, 0xF63B,
    0xF63B, 0xF63B, 0xF63B, 0xF63B, 0xF63B, 0xEE3B, 0xF65B, 0xD536, 0xE557, 0xF5D9, 0xF5B9, 0xF5B9, 0xF5B9, 0xF5B9, 0xF5B9, 0xF5B9,
    0xF5B9, 0xF5B9, 0xF5B9, 0xF5B9, 0xF5B9, 0xF5B9, 0xF5B9, 0xF5B9, 0xF5B9, 0xF5B9, 0xF5B9, 0xF5B9, 0xF5B9, 0xF5B9, 0xF5B9, 0xF5B9,
    0xF5B9, 0xF5B9, 0xF5B9, 0xF5B9, 0xF5B9, 0xF5B9, 0xF5B9, 0xF5B9, 0xF5B9, 0xF5B9, 0xF5B9, 0xF5B9, 0xF5B9, 0xF5B9, 0xF5B9, 0xF5B8,
    0xF5B9, 0xF5B9, 0xF5B9, 0xF5B9, 0xF598, 0xED78, 0xED58, 0xE557, 0xE537, 0xE537, 0xE537, 0xE536, 0xE537, 0xE557, 0xED77, 0xED98,
    0xF5B9, 0xF5D9, 0xF5D9, 0xF5B9, 0xF5B9, 0xF5B9, 0xF5D9, 0xF5B9, 0xF5B9, 0xF5B9, 0xF5D9, 0xE517, 0xED57, 0xF5D9, 0xF5B9, 0xF5B9,
    0xF5B9, 0xF5B9, 0xF5B9, 0xF5B9, 0xF5B9, 0xF5B9, 0xF5B9, 0xF5B9, 0xF5B9, 0xF5B9, 0xF5B9, 0xF5B9, 0xF5B9, 0xF5B9, 0xF5B9, 0xF5B9,
    0xF5B9, 0xF5B9, 0xF5B9, 0xF5B9, 0xF5B9, 0xF599, 0xDC75, 0xCBD2, 0xC494, 0xF65B, 0xEE3B, 0xF63B, 0xF63B, 0xF63B, 0xF63B, 0xF63B,
    0xF63B, 0xF63B, 0xF63B, 0xF63B, 0xF63B, 0xF63B, 0xF63B, 0xF63B, 0xF63B, 0xF63B, 0xF63B, 0xF63B, 0xF63B, 0xF63B, 0xF63B, 0xF63B,
    0xF63B, 0xF63B, 0xF63B, 0xF63B, 0xF63B, 0xF63B, 0xF63B, 0xF63B, 0xF63B, 0xF63B, 0xF63B, 0xF65B, 0xF63B, 0xF63B, 0xF63B, 0xF63B,
    0xF65B, 0xF65B, 0xF65B, 0xF63B, 0xF63B, 0xF63B, 0xF63B, 0xF63B, 0xF63B, 0xF63B, 0xF63B, 0xF63B, 0xF63B, 0xF63B, 0xF63B, 0xF63B,
    0xF63B, 0xF65B, 0xF65B, 0xF65B, 0xF65B, 0xF65B, 0xF65B, 0xF65B, 0xF65B, 0xF65B, 0xF65B, 0xF65B, 0xF65B, 0xF65B, 0xF65B, 0xF65B,
    0xF65B, 0xF65B, 0xF63B, 0xF65B, 0xF65B, 0xF65B, 0xF65B, 0xF63B, 0xF63B, 0xF63B, 0xF63A, 0xF63B, 0xF63B, 0xF63B, 0xF63B, 0xF63B,
    0xF63B, 0xF63B, 0xF63B, 0xF63B, 0xF63B, 0xF63B, 0xF63B, 0xF63B, 0xF63B, 0xF63B, 0xF63B, 0xF63B, 0xF63B, 0xF63B, 0xF63A, 0xF63B,
    0xF63B, 0xF63B, 0xF63B, 0xF63B, 0xF63B, 0xF63B, 0xF63B, 0xF63B, 0xF63B, 0xF63B, 0xF63B, 0xF63B, 0xF63A, 0xF63B, 0xF63B, 0xF63B,
    0xF63B, 0xF63B, 0xF65A, 0xF63B, 0xF63B, 0xF65B, 0xF63B, 0xF63B, 0xF63B, 0xF63B, 0xF65B, 0xF63B, 0xF65B, 0xF65B, 0xF65B, 0xF63B,
    0xF63A, 0xF63B, 0xF63B, 0xF63B, 0xF63B, 0xF63B, 0xEE1A, 0xC4D4, 0xF5D9, 0xF5B9, 0xF5B9, 0xF5B9, 0xF5B9, 0xF5B9, 0xF5B9, 0xF5B9,
    0xF5B9, 0xF5B9, 0xF5B9, 0xF5B9, 0xF5B8, 0xF5B9, 0xF5B9, 0xF5B9, 0xF5B9, 0xF5B9, 0xF5B8, 0xF5B8, 0xF5B9, 0xF5B8, 0xF5B9, 0xF5B9,
    0xF5B9, 0xF5B9, 0xF5B9, 0xF5B9, 0xF5B9, 0xF5B9, 0xF5B9, 0xF5B9, 0xF5B9, 0xF5B9, 0xF5B9, 0xF5B9, 0xF5B9, 0xF5B9, 0xF5B8, 0xF5B8,
    0xF5B9, 0xF5B9, 0xF5B8, 0xF5B9, 0xF5B9, 0xF5B9, 0xF5B9, 0xF5B9, 0xF5B9, 0xF5B9, 0xF5D9, 0xF5B9, 0xF5D9, 0xF5D9, 0xF5D9, 0xF5B9,
    0xF5B9, 0xF5B9, 0xF5B9, 0xF5B8, 0xF5B9, 0xF5B9, 0xF5B9, 0xF5B9, 0xF5B9, 0xF5B9, 0xF598, 0xE4F6, 0xF599, 0xF5B9, 0xF5B9, 0xF5B9,
    0xF5B9, 0xF5B9, 0xF5B9, 0xF5B9, 0xF5B9, 0xF5B9, 0xF5B9, 0xF5B8, 0xF5B9, 0xF5B9, 0xF5B9, 0xF5B9, 0xF5B9, 0xF5B9, 0xF5B9, 0xF5B9,
    0xF5B9, 0xF5B9, 0xF5B9, 0xF5B9, 0xF5B9, 0xF5D9, 0xDC95, 0xD414, 0xB3D2, 0xE5FA, 0xF63B, 0xF63B, 0xF63A, 0xF63B, 0xF63B, 0xF63B,
    0xF63B, 0xF63B, 0xF63B, 0xF63B, 0xF63B, 0xF63B, 0xF63B, 0xF63B, 0xF63B, 0xF63B, 0xF63B, 0xF63B, 0xF63B, 0xF63B, 0xF63B, 0xF65B,
    0xF65A, 0xF63B, 0xF63B, 0xF63B, 0xF63B, 0xF63B, 0xF63B, 0xF63B, 0xF63B, 0xF63B, 0xF63B, 0xF65B, 0xF63B, 0xF63B, 0xF63B, 0xF63B,
    0xF65B, 0xF63B, 0xF63B, 0xF65B, 0xF65B, 0xF63B, 0xF63B, 0xF63B, 0xF63B, 0xF63B, 0xF63B, 0xF63B, 0xF65B, 0xF65B, 0xF63B, 0xF63B,
    0xF65B, 0xF65B, 0xF65B, 0xF65B, 0xF65B, 0xF65B, 0xF65B, 0xF65B, 0xF65B, 0xF65B, 0xF65B, 0xF65B, 0xF65B, 0xF65B, 0xF65B, 0xF65B,
    0xF65B, 0xF63B, 0xF65B, 0xF63B, 0xF65B, 0xF65B, 0xF65B, 0xF65B, 0xF65B, 0xF65B, 0xF65B, 0xF63B, 0xF63B, 0xF63B, 0xF65B, 0xF65B,
    0xF65B, 0xF65B, 0xF65B, 0xF63B, 0xF65B, 0xF65B, 0xF65B, 0xF63B, 0xF63B, 0xF63B, 0xF63B, 0xF63B, 0xF63B, 0xF63B, 0xF63B, 0xF65B,
    0xF63B, 0xF63B, 0xF63B, 0xF63B, 0xF63B, 0xF65B, 0xF63B, 0xF63B, 0xF65B, 0xF65B, 0xF65B, 0xF63B, 0xF63B, 0xF63B, 0xF65B, 0xF65B,
    0xF65B, 0xF63B, 0xF65B, 0xF63B, 0xF63B, 0xF63B, 0xF65B, 0xF65B, 0xF65B, 0xF65B, 0xF65B, 0xF63B, 0xF65B, 0xF65B, 0xF65B, 0xF63B,
    0xF63B, 0xF63B, 0xF63B, 0xF63B, 0xEE3B, 0xF65C, 0xD557, 0xDD16, 0xFDDA, 0xF5B9, 0xF5B9, 0xF5B9, 0xF5B9, 0xF5B9, 0xF5B9, 0xF5B9,
    0xF5B9, 0xF5B8, 0xF598, 0xF5B9, 0xF5B9, 0xF5B9, 0xF5B9, 0xF5B9, 0xF5B9, 0xF5B9, 0xF5B9, 0xF5B9, 0xF5B9, 0xF5B9, 0xF5B9, 0xF5B9,
    0xF5B9, 0xF5B9, 0xF5B8, 0xF5B9, 0xF5B9, 0xF5B9, 0xF5B9, 0xF5B9, 0xF5B9, 0xF5B9, 0xF5B9, 0xF5B9, 0xF5B9, 0xF5B9, 0xF5B9, 0xF5B8,
    0xF5B9, 0xF5B9, 0xF5B9, 0xF5B9, 0xF5B9, 0xF5B9, 0xF5B8, 0xF5B9, 0xF5B9, 0xF5B9, 0xF5B9, 0xF5B9, 0xF5B9, 0xF5B9, 0xF5B9, 0xF5B9,
    0xF5B9, 0xF5B9, 0xF5B9, 0xF5B8, 0xF5B9, 0xF5B9, 0xF5B9, 0xF5B9, 0xF5B9, 0xF5B9, 0xED37, 0xE537, 0xF5B9, 0xF5B9, 0xF5B9, 0xF5B9,
    0xF5B9, 0xF5B9, 0xF5B9, 0xF5B9, 0xF5B9, 0xF5B9, 0xF5B9, 0xF5B9, 0xF5B9, 0xF5B9, 0xF5B9, 0xF5B9, 0xF5B9, 0xF5B9, 0xF5D8, 0xF5D9,
    0xF5B9, 0xF5B9, 0xF5B9, 0xF5B9, 0xF5B9, 0xF5D9, 0xE4D6, 0xDC34, 0xC3D2, 0xCCF6, 0xFE7C, 0xF63B, 0xF63B, 0xF63B, 0xF63B, 0xF63B,
    0xF63B, 0xF63B, 0xF63B, 0xF63B, 0xF63B, 0xF63B, 0xF63B, 0xF63B, 0xF63B, 0xF63B, 0xF63B, 0xF63B, 0xF63B, 0xF65B, 0xF65B, 0xF63B,
    0xF63B, 0xF63B, 0xF63B, 0xF63B, 0xF63B, 0xF63B, 0xF63B, 0xF63B, 0xF63B, 0xF63B, 0xF63B, 0xF63B, 0xF63B, 0xF63B, 0xF63B, 0xF65B,
    0xF65B, 0xF63B, 0xF63B, 0xF63B, 0xF63B, 0xF65B, 0xF65B, 0xF63B, 0xF63B, 0xF63B, 0xF63B, 0xF65B, 0xF65B, 0xF63B, 0xF65B, 0xF63B,
    0xF65B, 0xF65B, 0xF65B, 0xF65B, 0xF65B, 0xF65B, 0xF65B, 0xF65B, 0xF65B, 0xF65B, 0xF65B, 0xF65B, 0xF65B, 0xF65B, 0xF65B, 0xF65B,
    0xF65B, 0xF65B, 0xF63B, 0xF63B, 0xF65B, 0xF65B, 0xF65B, 0xF65B, 0xF63B, 0xF63B, 0xF63B, 0xF63B, 0xF63B, 0xF63B, 0xF65A, 0xF63B,
    0xF63B, 0xF65B, 0xF65B, 0xF63B, 0xF65B, 0xF65B, 0xF65B, 0xF63B, 0xF63B, 0xF63B, 0xF65B, 0xF63B, 0xF63B, 0xF63B, 0xF65B, 0xF65B,
    0xF65B, 0xF63B, 0xF65A, 0xF63B, 0xF63B, 0xF65A, 0xF63B, 0xF63B, 0xF65B, 0xF65B, 0xF63B, 0xF63B, 0xF63B, 0xF63B, 0xF65B, 0xF65B,
    0xF65B, 0xF63B, 0xF63B, 0xF63B, 0xF63B, 0xF63B, 0xF63A, 0xF63B, 0xF63B, 0xF65B, 0xF63B, 0xF63B, 0xF63B, 0xF65B, 0xF63B, 0xF63B,
    0xF63B, 0xF63B, 0xF63B, 0xF63B, 0xF63B, 0xF63B, 0xCCD5, 0xED98, 0xF5B9, 0xF5B9, 0xF5B9, 0xF5B9, 0xF5B9, 0xF5B9, 0xF5B9, 0xF5B9,
    0xF5D9, 0xED57, 0xE537, 0xF5B9, 0xF5B9, 0xF5B9, 0xF5B9, 0xF5B9, 0xF5B9, 0xF5B9, 0xF5B9, 0xF5B9, 0xF5B9, 0xF5B9, 0xF5B9, 0xF5B8,
    0xF5B9, 0xF5B9, 0xF5B9, 0xF5B9, 0xF5B9, 0xF5B9, 0xF5B9, 0xF5B9, 0xF5B9, 0xF5B9, 0xF5B9, 0xF5B9, 0xF5B9, 0xF5B9, 0xF5B9, 0xF5B9,
    0xF5B9, 0xF5B9, 0xF5B9, 0xF5B8, 0xF5B9, 0xF5B9, 0xF5B8, 0xF5B9, 0xF5B9, 0xF5B9, 0xF5B9, 0xF5B9, 0xF5B9, 0xF5B9, 0xF5B9, 0xF5B9,
    0xF5B9, 0xF5B9, 0xF5B9, 0xF5B8, 0xF5B9, 0xF5B9, 0xF5B9, 0xF5B8, 0xF5B9, 0xF599, 0xE516, 0xF598, 0xF5B9, 0xF5B9, 0xF5B9, 0xF5B9,
    0xF5B9, 0xF5B9, 0xF5B9, 0xF5B9, 0xF5B9, 0xF5B9, 0xF5B9, 0xF5B9, 0xF5B9, 0xF5B9, 0xF5B9, 0xF5B9, 0xF5B9, 0xF5B9, 0xF5B8, 0xF5B9,
    0xF5B9, 0xF5B9, 0xF5B9, 0xF5B9, 0xF5B9, 0xF5D9, 0xED17, 0xD414, 0xD3F3, 0xB413, 0xF65B, 0xF63B, 0xF63B, 0xF63B, 0xF63B, 0xF63B,
    0xF63B, 0xF63B, 0xF63B, 0xF63B, 0xF63B, 0xF63B, 0xF63B, 0xF63B, 0xF63B, 0xF63B, 0xF63B, 0xF63B, 0xF63B, 0xF63B, 0xF63B, 0xF63B,
    0xF63B, 0xF63B, 0xF63B, 0xF63B, 0xF65A, 0xF63B, 0xF63B, 0xF63B, 0xF63B, 0xF63B, 0xF65B, 0xF65B, 0xF65B, 0xF65B, 0xF65B, 0xF65B,
    0xF65B, 0xF65B, 0xF65B, 0xF65B, 0xF65B, 0xF63B, 0xF63B, 0xF63B, 0xF65B, 0xF65B, 0xF63B, 0xF65B, 0xF65B, 0xF65B, 0xF65B, 0xF65B,
    0xF65B, 0xF65B, 0xF65B, 0xF65B, 0xF65B, 0xF65B, 0xF65B, 0xF65B, 0xF65B, 0xF65B, 0xF65B, 0xF65B, 0xF65B, 0xF65B, 0xF65B, 0xF65B,
    0xF65B, 0xF65B, 0xF65B, 0xF65B, 0xF63B, 0xF63B, 0xF63B, 0xF63B, 0xF63B, 0xF63B, 0xF63B, 0xF65B, 0xF63B, 0xF63B, 0xF63B, 0xF63B,
    0xF63B, 0xF63B, 0xF63B, 0xF63B, 0xF65B, 0xF63B, 0xF63B, 0xF65B, 0xF63B, 0xF63B, 0xF65B, 0xF63B, 0xF63B, 0xF65B, 0xF63B, 0xF63B,
    0xF63B, 0xF63B, 0xF63B, 0xF65B, 0xF63B, 0xF63B, 0xF63B, 0xF63B, 0xF63B, 0xF63B, 0xF63B, 0xF63B, 0xF63B, 0xF63B, 0xF63B, 0xF63B,
    0xF63B, 0xF65B, 0xF63B, 0xF63B, 0xF63B, 0xF63B, 0xF63B, 0xF63B, 0xF63B, 0xF63B, 0xF63B, 0xF63B, 0xF63B, 0xF65B, 0xF63B, 0xF63B,
    0xF63B, 0xF63B, 0xF63B, 0xF63B, 0xF65B, 0xE5D9, 0xD4F6, 0xF5D9, 0xF5B8, 0xF5B9, 0xF5B9, 0xF5B9, 0xF5B9, 0xF5B9, 0xF5B9, 0xF5B9,
    0xF5B9, 0xE557, 0xE537, 0xF5B9, 0xF5B9, 0xF5B9, 0xF5B9, 0xF5B9, 0xF5B9, 0xF5B9, 0xF5B9, 0xF5B9, 0xF5B9, 0xF5B9, 0xF5B9, 0xF5B9,
    0xF5B9, 0xF5B9, 0xF5B9, 0xF5B9, 0xF5B9, 0xF5B9, 0xF5B9, 0xF5B9, 0xF5B9, 0xF5B9, 0xF5B9, 0xF5B9, 0xF5B9, 0xF5B9, 0xF5B9, 0xF5B9,
    0xF5B9, 0xF5B9, 0xF5B9, 0xF5B9, 0xF5B9, 0xF5B9, 0xF5B9, 0xF5B9, 0xF5B9, 0xF5B9, 0xF5B9, 0xF5B9, 0xF5B9, 0xF5B9, 0xF5B9, 0xF5B9,
    0xF5B9, 0xF5B9, 0xF5B9, 0xF5B9, 0xF5B9, 0xF5B9, 0xF5B9, 0xF5B9, 0xF5D9, 0xED37, 0xED37, 0xF5D9, 0xF5B8, 0xF5B9, 0xF5B9, 0xF5B9,
    0xF5B9, 0xF5B9, 0xF5B9, 0xF5B9, 0xF5B9, 0xF5B9, 0xF5B9, 0xF5B9, 0xF5B9, 0xF5B9, 0xF5B9, 0xF5B9, 0xF5B9, 0xF5B9, 0xF5B9, 0xF5B9,
    0xF5B9, 0xF5B9, 0xF5B9, 0xF5B9, 0xF5B9, 0xF5D9, 0xED38, 0xD413, 0xDC34, 0xB3D1, 0xE5B9, 0xF65B, 0xF63B, 0xF63B, 0xF63B, 0xF63B,
    0xF63B, 0xF63B, 0xF63B, 0xF63B, 0xF63B, 0xF63B, 0xF63B, 0xF63B, 0xF63B, 0xF63B, 0xF63B, 0xF63B, 0xF63B, 0xF63B, 0xF63B, 0xF63B,
    0xF63B, 0xF63B, 0xF65B, 0xF63B, 0xF65B, 0xF65B, 0xF63B, 0xF65B, 0xF65B, 0xF65B, 0xF65B, 0xF65B, 0xF65B, 0xF65B, 0xF63B, 0xF63B,
    0xF65B, 0xF65B, 0xF65B, 0xF65B, 0xF65B, 0xF65B, 0xF65B, 0xF65B, 0xF65B, 0xF65B, 0xF65B, 0xF65B, 0xF65B, 0xF65B, 0xF65B, 0xF65B,
    0xF65B, 0xF65B, 0xF65B, 0xF65B, 0xF65B, 0xF65B, 0xF65B, 0xF65B, 0xF65B, 0xF65B, 0xF65B, 0xF65B, 0xF65B, 0xF65B, 0xF65B, 0xF65B,
    0xF65C, 0xF65B, 0xF65B, 0xF65B, 0xF63B, 0xF63B, 0xF63B, 0xF63B, 0xF63B, 0xF63B, 0xF63B, 0xF63B, 0xF63B, 0xF63A, 0xF63B, 0xF63B,
    0xF63B, 0xF63B, 0xF63B, 0xF63B, 0xF63B, 0xF63B, 0xF63B, 0xF65B, 0xF63B, 0xF63B, 0xF63B, 0xF63B, 0xF65B, 0xF65B, 0xF63B, 0xF63B,
    0xF63B, 0xF63B, 0xF63B, 0xF63B, 0xF63B, 0xF63B, 0xF63B, 0xF63B, 0xF63B, 0xF63B, 0xF63B, 0xF63B, 0xF63B, 0xF63B, 0xF63B, 0xF63B,
    0xF63B, 0xF63B, 0xF63B, 0xF63B, 0xF63B, 0xF63B, 0xF63A, 0xF63B, 0xF63B, 0xF63B, 0xF63B, 0xF63B, 0xF63B, 0xF63B, 0xF63B, 0xF65B,
    0xF63B, 0xF63B, 0xF63B, 0xF63B, 0xF65B, 0xD536, 0xE557, 0xF5D9, 0xF5B9, 0xF5B9, 0xF5B9, 0xF5B9, 0xF5B9, 0xF5B9, 0xF5B9, 0xF5B9,
    0xF5B9, 0xE558, 0xE537, 0xF5B9, 0xF5B9, 0xF5B9, 0xF5B9, 0xF5B9, 0xF5B9, 0xF5B9, 0xF5B9, 0xF5B9, 0xF5B9, 0xF5B9, 0xF5B9, 0xF5B9,
    0xF5B9, 0xF5B9, 0xF5B9, 0xF5B9, 0xF5B9, 0xF5B9, 0xF5B9, 0xF5B9, 0xF5B9, 0xF5B9, 0xF5B9, 0xF5B9, 0xF5B9, 0xF5B9, 0xF5B8, 0xF5B9,
    0xF5B9, 0xF5B9, 0xF5B9, 0xF5B9, 0xF5B9, 0xF5B9, 0xF5B9, 0xF5B9, 0xF5B9, 0xF5B9, 0xF5B9, 0xF5B9, 0xF5B9, 0xF5B9, 0xF5B9, 0xF5B9,
    0xF5B9, 0xF5B9, 0xF5B9, 0xF5B9, 0xF5B9, 0xF5B9, 0xF5B9, 0xF5B8, 0xF5B8, 0xE516, 0xF599, 0xF5B9, 0xF5B8, 0xF5B9, 0xF5B9, 0xF5B9,
    0xF5B9, 0xF5B9, 0xF5B9, 0xF5B9, 0xF5B9, 0xF5B9, 0xF5B9, 0xF5B9, 0xF5B9, 0xF5B9, 0xF5B9, 0xF5B8, 0xF5B9, 0xF5B9, 0xF5B9, 0xF5B9,
    0xF5B8, 0xF598, 0xF5B9, 0xF5B9, 0xF5B9, 0xF5D9, 0xED58, 0xD414, 0xDC34, 0xC3D2, 0xCCF6, 0xFE7C, 0xF63B, 0xF63B, 0xF63B, 0xF63B,
    0xF63B, 0xF63B, 0xF63B, 0xF63B, 0xF63B, 0xF63B, 0xF63B, 0xF63B, 0xF63B, 0xF63B, 0xF63B, 0xF63B, 0xF63B, 0xF63B, 0xF65B, 0xF65B,
    0xF65B, 0xF63B, 0xF63B, 0xF63B, 0xF63B, 0xF63B, 0xF65B, 0xF65C, 0xF65B, 0xF65B, 0xF65B, 0xF65B, 0xF65B, 0xF65B, 0xF65B, 0xF65B,
    0xF65B, 0xF65B, 0xF65B, 0xF65B, 0xF65B, 0xF65B, 0xF65B, 0xF65B, 0xF65B, 0xF65B, 0xF65B, 0xF65B, 0xF65B, 0xF65B, 0xF65B, 0xF65B,
    0xF65B, 0xF65B, 0xF65B, 0xF65B, 0xF65B, 0xF65B, 0xF65B, 0xF65B, 0xF65B, 0xF65B, 0xF65B, 0xF65B, 0xF65B, 0xF65B, 0xF65B, 0xF65B,
    0xF65B, 0xF65B, 0xF65B, 0xF65B, 0xF63B, 0xF63B, 0xF63B, 0xF63B, 0xF63B, 0xF63B, 0xF63B, 0xF63B, 0xF63B, 0xF63B, 0xF63B, 0xF63B,
    0xF63B, 0xF63B, 0xF63B, 0xF63B, 0xF63B, 0xF63B, 0xF63B, 0xF65B, 0xF63B, 0xF63B, 0xF65B, 0xF65B, 0xF65B, 0xF63B, 0xF63B, 0xF63B,
    0xF63B, 0xF63B, 0xF65B, 0xF65B, 0xF63B, 0xF63B, 0xF63B, 0xF63B, 0xF63B, 0xF63B, 0xF63B, 0xF63B, 0xF63B, 0xF63B, 0xF65B, 0xF65B,
    0xF63B, 0xF63B, 0xF63B, 0xF63B, 0xF63B, 0xF63B, 0xF63B, 0xF63B, 0xF63B, 0xF63B, 0xF65B, 0xF65B, 0xF65B, 0xF63B, 0xF63B, 0xF63B,
    0xF63B, 0xF63B, 0xF63B, 0xF63B, 0xF63A, 0xCCF5, 0xF5B9, 0xF5B9, 0xF5B9, 0xF5B9, 0xF5B9, 0xF5B9, 0xF5B9, 0xF5B9, 0xF5B9, 0xF5B9,
    0xF5B9, 0xE557, 0xE537, 0xF5B9, 0xF5B9, 0xF5B9, 0xF5B9, 0xF5B9, 0xF5B9, 0xF5B9, 0xF5B9, 0xF5B9, 0xF5B9, 0xF5B9, 0xF5B9, 0xF5B9,
    0xF5B9, 0xF5B9, 0xF5B9, 0xF5B9, 0xF5B9, 0xF5B9, 0xF5B9, 0xF5B9, 0xF5B9, 0xF5B9, 0xF5B9, 0xF5B9, 0xF5B9, 0xF5B9, 0xF5B9, 0xF5B9,
    0xF5B9, 0xF5B9, 0xF5B9, 0xF5B9, 0xF5B9, 0xF5B9, 0xF5B9, 0xF5B9, 0xF5B9, 0xF5B9, 0xF5B9, 0xF5B9, 0xF5B9, 0xF5B9, 0xF5B9, 0xF5B9,
    0xF5B9, 0xF5B9, 0xF5B9, 0xF5B9, 0xF5B9, 0xF5B9, 0xF5B9, 0xF5B9, 0xED77, 0xED57, 0xF5B9, 0xF5B9, 0xF5B9, 0xF5B9, 0xF5B9, 0xF5B9,
    0xF5B9, 0xF5B9, 0xF5B9, 0xF5B9, 0xF5B9, 0xF5B9, 0xF5B9, 0xF5B9, 0xF5B9, 0xF5B8, 0xED98, 0xF5B9, 0xF598, 0xF5B8, 0xF5B9, 0xF5B9,
    0xED98, 0xDD16, 0xF5D9, 0xF5B9, 0xF5B9, 0xF5B9, 0xF578, 0xDC34, 0xDC34, 0xD3F3, 0xBC33, 0xF65B, 0xF63B, 0xF63B, 0xF63B, 0xF63B,
    0xF63B, 0xF63B, 0xF63B, 0xF63B, 0xF63B, 0xF63B, 0xF63B, 0xF63B, 0xF63B, 0xF63B, 0xF63B, 0xF63B, 0xF65B, 0xF65B, 0xF65B, 0xF65B,
    0xF65B, 0xF65B, 0xF65B, 0xF63B, 0xF65B, 0xF65B, 0xF65B, 0xF65B, 0xF65B, 0xF65B, 0xF65B, 0xF65B, 0xF65B, 0xF65B, 0xF65B, 0xF65B,
    0xF65B, 0xF65B, 0xF65B, 0xF65B, 0xF65B, 0xF65B, 0xF65B, 0xF65B, 0xF65B, 0xF65B, 0xF65B, 0xF65B, 0xF65B, 0xF65B, 0xF65B, 0xF65B,
    0xF65B, 0xF65B, 0xF65B, 0xF65B, 0xF65B, 0xF65B, 0xF65B, 0xF65B, 0xF65B, 0xF65B, 0xF65B, 0xF65B, 0xF65B, 0xF65B, 0xF65B, 0xF65B,
    0xF65B, 0xF65B, 0xF65B, 0xF65B, 0xF65B, 0xF65B, 0xF65B, 0xF63B, 0xF63B, 0xF65B, 0xF63B, 0xF63B, 0xF63B, 0xF63B, 0xF63B, 0xF63B,
    0xF63B, 0xF63A, 0xF63B, 0xF63B, 0xF65B, 0xF63B, 0xF63B, 0xF65B, 0xF65B, 0xF65B, 0xF65B, 0xF65B, 0xF65B, 0xF65B, 0xF65B, 0xF63B,
    0xF65B, 0xF63B, 0xF63B, 0xF63B, 0xF63B, 0xF65B, 0xF65B, 0xF63B, 0xF63B, 0xF63B, 0xF63B, 0xF63B, 0xF65B, 0xF63B, 0xF65B, 0xF65B,
    0xF65B, 0xF65B, 0xF65B, 0xF65B, 0xF65B, 0xF63B, 0xF63B, 0xF63B, 0xF63B, 0xF65B, 0xF65B, 0xF65B, 0xF65B, 0xF65B, 0xF63B, 0xF63B,
    0xF63B, 0xF63B, 0xF63A, 0xF65B, 0xE5D9, 0xD516, 0xF5D9, 0xF5B9, 0xF5B9, 0xF5B9, 0xF5B9, 0xF5B9, 0xF5B9, 0xF5B8, 0xF5B9, 0xF5B9,
    0xF5B9, 0xED57, 0xE537, 0xF5D9, 0xF5B9, 0xF5B9, 0xF5B9, 0xF5B9, 0xED98, 0xF5B9, 0xF5B9, 0xF5B9, 0xF5B9, 0xF5B9, 0xF5B9, 0xF5B9,
    0xF5B9, 0xF5B8, 0xF5B9, 0xF5B9, 0xF5B9, 0xF5B9, 0xF5B9, 0xF5B9, 0xF5B9, 0xF5B9, 0xF5B9, 0xF5B9, 0xF5B9, 0xF5B9, 0xF5B9, 0xF5B8,
    0xF5B9, 0xF5B9, 0xF5B9, 0xF5B9, 0xF5B9, 0xF5B8, 0xF5B9, 0xF5B9, 0xF5B9, 0xF5B9, 0xF5B9, 0xF5B8, 0xF5B9, 0xF5B9, 0xF5B8, 0xF5B9,
    0xF5B9, 0xF5B9, 0xF5B9, 0xF5B9, 0xF5B9, 0xF5B9, 0xF5B9, 0xF5B9, 0xF5B8, 0xF5B8, 0xF5B8, 0xF5B9, 0xF5B9, 0xF5B9, 0xF5B9, 0xF5B9,
    0xF5B9, 0xF5B9, 0xF5B9, 0xF5B9, 0xF5B9, 0xF5B9, 0xF5B9, 0xF5B9, 0xF5B9, 0xF5B9, 0xF598, 0xED17, 0xE4B5, 0xF5D9, 0xF5B8, 0xF5B9,
    0xED98, 0xD516, 0xF5D9, 0xF5B9, 0xF5B9, 0xF5B9, 0xED98, 0xDC54, 0xD414, 0xDC34, 0xB3D2, 0xE5F9, 0xF63B, 0xF63B, 0xF63B, 0xF63B,
    0xF65B, 0xF65B, 0xF63B, 0xF65B, 0xF63B, 0xF63B, 0xF65B, 0xF65B, 0xF65B, 0xF65B, 0xF65B, 0xF65B, 0xF65B, 0xF65B, 0xF65B, 0xF65B,
    0xF65B, 0xF65B, 0xF65B, 0xF65B, 0xF65B, 0xF65B, 0xF65B, 0xF65B, 0xF65B, 0xF65B, 0xF65B, 0xF65B, 0xF65B, 0xF65B, 0xF65B, 0xF65B,
    0xF65B, 0xF65B, 0xF65B, 0xF65B, 0xF65B, 0xF65B, 0xF65B, 0xF65B, 0xF65B, 0xF65B, 0xF65B, 0xF65B, 0xF65B, 0xF65B, 0xF65B, 0xF65B,
    0xF65B, 0xF65B, 0xF65B, 0xF65B, 0xF65B, 0xF65B, 0xF65B, 0xF65B, 0xF65B, 0xF67B, 0xF65B, 0xF65B, 0xF65B, 0xF67B, 0xF67B, 0xF65B,
    0xF65B, 0xF65B, 0xF65B, 0xF65B, 0xF65B, 0xF65B, 0xF65B, 0xF65B, 0xF65B, 0xF65B, 0xF63B, 0xF63B, 0xF63B, 0xF63B, 0xF65B, 0xF63B,
    0xF63B, 0xF65B, 0xF65B, 0xF63B, 0xF65B, 0xF63B, 0xF63B, 0xF63B, 0xF65B, 0xF65B, 0xF65B, 0xF65B, 0xF65B, 0xF65B, 0xF65B, 0xF65B,
    0xF65B, 0xF65B, 0xF65B, 0xF63B, 0xF63B, 0xF65B, 0xF65B, 0xF65B, 0xF65B, 0xF63B, 0xF63B, 0xF65B, 0xF65B, 0xF63B, 0xF65B, 0xF65B,
    0xF65B, 0xF65B, 0xF63B, 0xF63B, 0xF65B, 0xF63B, 0xF65B, 0xF63B, 0xF65B, 0xF65B, 0xF65B, 0xF65B, 0xF65B, 0xF65B, 0xF65B, 0xF65B,
    0xF63B, 0xF63B, 0xF63B, 0xFE5B, 0xD537, 0xE558, 0xF5B9, 0xF5B9, 0xF5B9, 0xF5B9, 0xF5B9, 0xF5B9, 0xF5B9, 0xF5B9, 0xF5B9, 0xF5B9,
    0xF5B9, 0xED57, 0xE536, 0xF5B9, 0xF5B9, 0xF5B9, 0xF5B9, 0xF5B9, 0xDD16, 0xED99, 0xF5D9, 0xF5B9, 0xF5B9, 0xF5B9, 0xF5B9, 0xF5B9,
    0xF5B9, 0xF5B9, 0xF5B9, 0xF5B9, 0xF5B9, 0xF5B9, 0xF5B9, 0xF5B9, 0xF5B9, 0xF5B9, 0xF5B9, 0xF5B9, 0xF5B9, 0xF5B9, 0xF5B9, 0xF5B9,
    0xF5B9, 0xF5B9, 0xF5B9, 0xF5B9, 0xF5B9, 0xF5B9, 0xF5B9, 0xF5B9, 0xF5B9, 0xF5B9, 0xF5B9, 0xF5B9, 0xF5B9, 0xF5B9, 0xF5B9, 0xF5B9,
    0xF5B9, 0xF5B9, 0xF5B9, 0xF5B9, 0xF5B9, 0xF5B9, 0xF5B9, 0xF5B8, 0xF5B9, 0xF5B9, 0xF5B9, 0xF5B8, 0xF5B9, 0xF5B9, 0xF5B9, 0xF5B9,
    0xF5B9, 0xF5B9, 0xF5B9, 0xF5B9, 0xF5B9, 0xF5B9, 0xF5B9, 0xF5B9, 0xF5B9, 0xF5B9, 0xF598, 0xE4D5, 0xDC54, 0xF5B9, 0xF5B9, 0xF5D9,
    0xED78, 0xD516, 0xF5D9, 0xF5B9, 0xF5B9, 0xF5B9, 0xF598, 0xDC34, 0xD414, 0xDC34, 0xBBD2, 0xD557, 0xFE5B, 0xF63B, 0xF63B, 0xF65B,
    0xF63B, 0xF63B, 0xF63B, 0xF65B, 0xF65B, 0xF65B, 0xF65B, 0xF65B, 0xF65B, 0xF65B, 0xF65B, 0xF65B, 0xF65B, 0xF65B, 0xF65B, 0xF65B,
    0xF65B, 0xF65B, 0xF65B, 0xF65B, 0xF65B, 0xF65B, 0xF65B, 0xF65B, 0xF65B, 0xF65B, 0xF65B, 0xF65B, 0xF65B, 0xF65B, 0xF65B, 0xF65B,
    0xF65B, 0xF65B, 0xF65B, 0xF65B, 0xF65B, 0xF65B, 0xF65B, 0xF65B, 0xF65B, 0xF65B, 0xF65B, 0xF65B, 0xF65B, 0xF65B, 0xF65B, 0xF65B,
    0xF65B, 0xF65B, 0xF65B, 0xF65B, 0xF65B, 0xF65B, 0xF65B, 0xF65B, 0xF65B, 0xF65B, 0xF67B, 0xF65B, 0xF67B, 0xF67B, 0xF67B, 0xFE7B,
    0xF65B, 0xF65B, 0xF65B, 0xF65B, 0xF65B, 0xF65B, 0xF65B, 0xF65B, 0xF65B, 0xF65B, 0xF65B, 0xF65B, 0xF65B, 0xF63B, 0xF65B, 0xF65B,
    0xF65B, 0xF65B, 0xF65B, 0xF65B, 0xF65B, 0xF65B, 0xF65B, 0xF65B, 0xF65B, 0xF65B, 0xF65B, 0xF65B, 0xF65B, 0xF65B, 0xF65B, 0xF65B,
    0xF65B, 0xF65B, 0xF65B, 0xF65B, 0xF65B, 0xF65B, 0xF65B, 0xF65B, 0xF65B, 0xF65B, 0xF65B, 0xF65B, 0xF65B, 0xF65B, 0xF65B, 0xF65B,
    0xF65B, 0xF65B, 0xF65B, 0xF65B, 0xF65B, 0xF63B, 0xF63B, 0xF65B, 0xF65B, 0xF65B, 0xF65B, 0xF65B, 0xF65B, 0xF65B, 0xF65B, 0xF63B,
    0xF63B, 0xF63B, 0xF63B, 0xF65B, 0xC494, 0xD4F5, 0xF5B9, 0xF5B9, 0xF5B9, 0xF5B9, 0xF5B9, 0xF5B9, 0xF5B9, 0xF5B9, 0xF5B9, 0xF5B9,
    0xF5B9, 0xED78, 0xDD16, 0xF5B9, 0xF5B9, 0xF5B8, 0xF5B9, 0xF5B9, 0xDCF5, 0xF599, 0xF5B9, 0xF5B9, 0xF5B9, 0xF5B9, 0xF5B9, 0xF5B9,
    0xF5B9, 0xF5B9, 0xF5B9, 0xF5B9, 0xF5B9, 0xF5B9, 0xF5B8, 0xF5B9, 0xF5B9, 0xF5B8, 0xF5B9, 0xF5B9, 0xF5B8, 0xF5B9, 0xF5B9, 0xF5B9,
    0xF5B9, 0xF5B9, 0xF5B9, 0xF5B9, 0xF5B9, 0xF5B9, 0xF5B9, 0xF5D9, 0xF5B9, 0xF5B9, 0xF5B9, 0xF5B9, 0xF5B9, 0xF5B8, 0xF5B9, 0xF5B9,
    0xF5B8, 0xF5B9, 0xF5B9, 0xF5B9, 0xF5B9, 0xF5B9, 0xF5B9, 0xF5B9, 0xF5B9, 0xF5B8, 0xF5B9, 0xF5B9, 0xF5B8, 0xF5B9, 0xF5B9, 0xF5B9,
    0xF5B9, 0xF5B9, 0xF5B8, 0xF5B9, 0xF5B9, 0xF5B9, 0xF5B9, 0xF5B9, 0xF5B9, 0xF5B9, 0xF599, 0xDCD5, 0xD434, 0xF5B8, 0xF5B9, 0xF5D9,
    0xE557, 0xDD16, 0xF5DA, 0xF5B8, 0xF5B9, 0xF5B9, 0xF598, 0xDC34, 0xD414, 0xDC34, 0xCBD3, 0xC4B4, 0xFE7C, 0xF63A, 0xF63B, 0xF65B,
    0xF65B, 0xF65B, 0xF63B, 0xF65B, 0xF65B, 0xF65B, 0xF65B, 0xF65B, 0xF65B, 0xF65B, 0xF65B, 0xF65B, 0xF65B, 0xF65B, 0xF65B, 0xF65B,
    0xF65B, 0xF65B, 0xF65B, 0xF65B, 0xF65B, 0xF65B, 0xF65B, 0xF65B, 0xF65B, 0xF65B, 0xF65B, 0xF65B, 0xF65B, 0xF65B, 0xF65B, 0xF65B,
    0xF65B, 0xF65B, 0xF65B, 0xF65B, 0xF65B, 0xF65B, 0xF65B, 0xF65B, 0xF65B, 0xF65B, 0xF65B, 0xF65B, 0xF65B, 0xF65B, 0xF65B, 0xF65B,
    0xF65B, 0xF65B, 0xF65B, 0xF65B, 0xF65B, 0xF65B, 0xF65B, 0xF67B, 0xF67B, 0xF67B, 0xF67B, 0xF67B, 0xF67B, 0xF67B, 0xF67B, 0xF67B,
    0xF65B, 0xF65B, 0xF65B, 0xF65B, 0xF65B, 0xF65B, 0xF65B, 0xF65B, 0xF65B, 0xF65B, 0xF65B, 0xF65B, 0xF65B, 0xF65B, 0xF63B, 0xF63B,
    0xF65B, 0xF65B, 0xF65B, 0xF65B, 0xF65B, 0xF65A, 0xF65B, 0xF65B, 0xF63B, 0xF65B, 0xF65B, 0xF65B, 0xF65B, 0xF65B, 0xF65B, 0xF65B,
    0xF65B, 0xF65B, 0xF65B, 0xF65B, 0xF65B, 0xF65B, 0xF65B, 0xF65B, 0xF65B, 0xF65B, 0xF65B, 0xF65B, 0xF65B, 0xF65B, 0xF65B, 0xF65A,
    0xF65B, 0xF65B, 0xF65B, 0xF65B, 0xF65B, 0xF65B, 0xF63B, 0xF65B, 0xF65B, 0xF65B, 0xF65B, 0xF65B, 0xF65B, 0xF65B, 0xF65B, 0xF65B,
    0xF63B, 0xF63B, 0xF65B, 0xEDF9, 0xD516, 0xE578, 0xE537, 0xF5B9, 0xF5B9, 0xF5B9, 0xF5B9, 0xF5B9, 0xF5B9, 0xF5B8, 0xF5B9, 0xF5B9,
    0xF5B9, 0xED77, 0xDD36, 0xF5B9, 0xF5B9, 0xF5B9, 0xF5B9, 0xF598, 0xDCF5, 0xF5B9, 0xF5B9, 0xF5B9, 0xF5B9, 0xF5B9, 0xF5B9, 0xF5B9,
    0xF5B9, 0xF5B9, 0xF5B9, 0xF5B9, 0xF5B9, 0xF5B9, 0xF5B8, 0xF5B9, 0xF5B9, 0xF5B9, 0xF5B9, 0xF5B9, 0xF5B8, 0xF5B9, 0xF5B9, 0xF5B9,
    0xF5B9, 0xF5B9, 0xF5B8, 0xF5B9, 0xF5B9, 0xF5B8, 0xF5B9, 0xF5B9, 0xF5B9, 0xF5B9, 0xF5B8, 0xF5B8, 0xF5B9, 0xF5B9, 0xF5B9, 0xF5B9,
    0xF5B8, 0xF5B9, 0xF5B9, 0xF5B9, 0xF5B9, 0xF5B9, 0xF5B9, 0xF5B9, 0xF5B9, 0xF5B8, 0xF5B9, 0xF5B9, 0xF5B9, 0xF5B9, 0xF5B9, 0xF5B8,
    0xF5B9, 0xF5B9, 0xF5B9, 0xF5B9, 0xF5B8, 0xF5B9, 0xF5B9, 0xF5B9, 0xF5B9, 0xF5B9, 0xF5B9, 0xDCD6, 0xD434, 0xF5B9, 0xF5B8, 0xF5D9,
    0xE537, 0xDD17, 0xFDD9, 0xF5B8, 0xF5B9, 0xF5D9, 0xF598, 0xDC34, 0xD414, 0xD433, 0xD413, 0xBC12, 0xF65B, 0xF65B, 0xF65B, 0xF65B,
    0xF65B, 0xF65B, 0xF65B, 0xF65B, 0xF65B, 0xF65B, 0xF65B, 0xF65A, 0xF65B, 0xF65B, 0xF65B, 0xF65B, 0xF65B, 0xF65B, 0xF65B, 0xF65B,
    0xF65B, 0xF65B, 0xF65B, 0xF65B, 0xF65C, 0xF65B, 0xF65B, 0xF65B, 0xF65B, 0xF65B, 0xF65B, 0xF65B, 0xF65B, 0xF65B, 0xF65B, 0xF65B,
    0xF65B, 0xF67B, 0xF65B, 0xF65B, 0xF65B, 0xF65B, 0xF65B, 0xF67B, 0xF67B, 0xF65B, 0xF65B, 0xF67B, 0xF67B, 0xF67B, 0xF67B, 0xF67B,
    0xF65B, 0xF67B, 0xF67B, 0xF67B, 0xF67B, 0xF67B, 0xF67B, 0xF67B, 0xF67B, 0xF67B, 0xF67B, 0xF67B, 0xF67B, 0xF67B, 0xF67B, 0xF67B,
    0xF65C, 0xF65B, 0xF65B, 0xF65B, 0xF65B, 0xF65B, 0xF65B, 0xF65B, 0xF65B, 0xF65B, 0xF65B, 0xF65B, 0xF65B, 0xF65B, 0xF65B, 0xF65B,
    0xF65B, 0xF65B, 0xF65B, 0xF65B, 0xF65B, 0xF65B, 0xF65B, 0xF65B, 0xF65B, 0xF65B, 0xF65B, 0xF65B, 0xF65B, 0xF65B, 0xF65B, 0xF65B,
    0xF65B, 0xF65B, 0xF65B, 0xF65B, 0xF65B, 0xF65B, 0xF65B, 0xF65B, 0xF65B, 0xF65B, 0xF65B, 0xF65B, 0xF65B, 0xF65B, 0xF65B, 0xF65B,
    0xF65B, 0xF65B, 0xF65B, 0xF65B, 0xF65B, 0xF65B, 0xF65B, 0xF65B, 0xF65B, 0xF65B, 0xF65B, 0xF65B, 0xF65B, 0xF65B, 0xF65B, 0xF65B,
    0xF65B, 0xF63B, 0xFE5C, 0xDD97, 0xDD37, 0xF5D9, 0xDD16, 0xF598, 0xF5B9, 0xF5B9, 0xF5B9, 0xF5B9, 0xF5B9, 0xF5B9, 0xF5B9, 0xF5B9,
    0xF5B9, 0xED78, 0xDD16, 0xF5D9, 0xF5B8, 0xF5B9, 0xF5B9, 0xED98, 0xD4F5, 0xF5D9, 0xF5B8, 0xF5B9, 0xF5B9, 0xF5B9, 0xF5B9, 0xF5B9,
    0xF5B9, 0xF5B9, 0xF5B9, 0xF5B9, 0xF5B9, 0xF5B9, 0xF5B9, 0xF5B9, 0xF5B8, 0xF5B9, 0xF5B9, 0xF5B9, 0xF5B9, 0xF5B9, 0xF5B8, 0xF5B9,
    0xF5B9, 0xF5B9, 0xF5B8, 0xF5B9, 0xF5B9, 0xF5B9, 0xF5B9, 0xF5B9, 0xF5B9, 0xF5B9, 0xF5B9, 0xF5B9, 0xF5B8, 0xF5B9, 0xF5B9, 0xF5B9,
    0xF5B9, 0xF5B9, 0xF5D9, 0xF5B9, 0xF5B9, 0xF5B9, 0xF5B9, 0xF5B9, 0xF5B9, 0xF5B9, 0xF5B9, 0xF5B9, 0xF5B9, 0xF5B9, 0xF5B9, 0xF5B9,
    0xF5B9, 0xF5B9, 0xF5B9, 0xF5B9, 0xF5B9, 0xF5B9, 0xF5B9, 0xF5B9, 0xF5B9, 0xF5B9, 0xF5B9, 0xDCF6, 0xCC33, 0xF5B9, 0xF599, 0xF5D9,
    0xDD16, 0xE537, 0xFDDA, 0xF5B9, 0xF5B9, 0xF5D9, 0xF598, 0xDC34, 0xD414, 0xD434, 0xDC34, 0xAB6F, 0xE5D9, 0xFE5C, 0xF65B, 0xF65B,
    0xF65B, 0xF65B, 0xF65B, 0xF65B, 0xF65B, 0xF65B, 0xF65B, 0xF65B, 0xF65B, 0xF65B, 0xF65B, 0xF65B, 0xF65B, 0xF65B, 0xF65B, 0xF65B,
    0xF65B, 0xF65B, 0xF65B, 0xF65B, 0xF65B, 0xF65B, 0xF65B, 0xF65B, 0xF65B, 0xF65B, 0xF65B, 0xF65B, 0xF65B, 0xF65B, 0xF65B, 0xF67B,
    0xF65C, 0xF65B, 0xF65B, 0xF65B, 0xF65B, 0xF65B, 0xF65B, 0xF67B, 0xF67B, 0xF67B, 0xF67B, 0xF67B, 0xF67B, 0xF67B, 0xF67B, 0xF67B,
    0xF67B, 0xF67B, 0xF67B, 0xF67B, 0xF67B, 0xF67B, 0xF67B, 0xF67B, 0xF67B, 0xF67B, 0xF67B, 0xF67B, 0xF67B, 0xF67B, 0xF67B, 0xF67B,
    0xF67B, 0xF65B, 0xF65B, 0xF65B, 0xF65B, 0xF65B, 0xF65B, 0xF65B, 0xF65B, 0xF65B, 0xF65B, 0xF65B, 0xF65B, 0xF65B, 0xF65B, 0xF65B,
    0xF65B, 0xF65B, 0xF65B, 0xF65B, 0xF65B, 0xF65B, 0xF65B, 0xF65B, 0xF65B, 0xF65B, 0xF65B, 0xF65B, 0xF65B, 0xF65B, 0xF65B, 0xF65B,
    0xF65B, 0xF65B, 0xF65B, 0xF65B, 0xF65B, 0xF65B, 0xF65B, 0xF65B, 0xF65B, 0xF65B, 0xF65B, 0xF65B, 0xF65B, 0xF65B, 0xF65B, 0xF65B,
    0xF65B, 0xF65B, 0xF65B, 0xF65B, 0xF65B, 0xF65B, 0xF65B, 0xF65B, 0xF65B, 0xF65B, 0xF65B, 0xF65B, 0xF65B, 0xF65B, 0xF65B, 0xF65B,
    0xF65B, 0xF63B, 0xFE5B, 0xD536, 0xED78, 0xF5D9, 0xE557, 0xE557, 0xF5D9, 0xF5B9, 0xF5B9, 0xF5B9, 0xF5B8, 0xF5B9, 0xF5B9, 0xF5B9,
    0xF5B9, 0xED78, 0xDCF6, 0xF5B9, 0xF5B9, 0xF5B9, 0xF5B9, 0xED77, 0xD4F5, 0xF5D9, 0xF5B9, 0xF5B9, 0xF5B9, 0xF5B9, 0xF5B9, 0xF5B9,
    0xF5B9, 0xF5B9, 0xF5B9, 0xF5B9, 0xF5B9, 0xF5B9, 0xF5B9, 0xF5B9, 0xF5B9, 0xF5B9, 0xF5B9, 0xF5B9, 0xF5B9, 0xF5B9, 0xF5B9, 0xF5B9,
    0xF5B9, 0xF5B9, 0xF5B9, 0xF5B9, 0xF5B9, 0xF5B9, 0xF5B9, 0xF5B9, 0xF5B9, 0xF5B9, 0xF5B9, 0xF5B9, 0xF5B9, 0xF5B9, 0xF5B9, 0xF5B9,
    0xF5B9, 0xF5B9, 0xF5B9, 0xF5B9, 0xF5B9, 0xF5B9, 0xF5B9, 0xF5B9, 0xF5B9, 0xF5B8, 0xF5B9, 0xF5B9, 0xF5B9, 0xF5B9, 0xF5B9, 0xF5B9,
    0xF5B9, 0xF5B9, 0xF5B9, 0xF5B9, 0xF5B9, 0xF5B9, 0xF5B9, 0xF5B9, 0xF5B9, 0xF5B9, 0xF5B9, 0xE4F6, 0xCC33, 0xF5B9, 0xF598, 0xF5D9,
    0xDCF6, 0xE557, 0xF5D9, 0xF5B9, 0xF5B9, 0xF5B9, 0xF578, 0xDC34, 0xD433, 0xDC34, 0xD413, 0xB3B1, 0xD557, 0xFE7B, 0xF65B, 0xF65B,
    0xF65B, 0xF65B, 0xF65B, 0xF65B, 0xF65B, 0xF65B, 0xF65B, 0xF65B, 0xF65B, 0xF65B, 0xF65B, 0xF65B, 0xF65B, 0xF65B, 0xF65B, 0xF65B,
    0xF65B, 0xF65B, 0xF65B, 0xF65B, 0xF65B, 0xF65B, 0xF65B, 0xF67B, 0xF67B, 0xF67B, 0xF67B, 0xF65B, 0xF65B, 0xF67B, 0xF67B, 0xF67B,
    0xF67B, 0xF65B, 0xF65B, 0xF65B, 0xF65B, 0xF65B, 0xF67B, 0xF67B, 0xF67B, 0xF67B, 0xF67B, 0xF67B, 0xF67B, 0xF67B, 0xF67B, 0xF67B,
    0xF67B, 0xF67B, 0xF67B, 0xF67B, 0xF67B, 0xF67B, 0xF67B, 0xF67B, 0xF67B, 0xF67B, 0xF69B, 0xF67B, 0xF67B, 0xF67B, 0xF67B, 0xF67B,
    0xF65B, 0xF65B, 0xF65B, 0xF65B, 0xF65B, 0xF65B, 0xF65B, 0xF67B, 0xF65B, 0xF65B, 0xF65B, 0xF65B, 0xF65B, 0xF65B, 0xF65B, 0xF65B,
    0xF65B, 0xF65B, 0xF65B, 0xF65B, 0xF65B, 0xF65B, 0xF65B, 0xF65B, 0xF65B, 0xF65B, 0xF65B, 0xF65B, 0xF65B, 0xF65B, 0xF65B, 0xF65B,
    0xF65B, 0xF65B, 0xF65B, 0xF65B, 0xF65B, 0xF65B, 0xF65B, 0xF65B, 0xF65B, 0xF65B, 0xF65B, 0xF65B, 0xF65B, 0xF65B, 0xF65B, 0xF65B,
    0xF65B, 0xF65B, 0xF65B, 0xF65B, 0xF65B, 0xF65B, 0xF65B, 0xF65B, 0xF65B, 0xF65B, 0xF65B, 0xF65B, 0xF65B, 0xF65B, 0xF65B, 0xF65B,
    0xF65B, 0xF65B, 0xF63A, 0xD4F5, 0xF5B9, 0xF5B9, 0xED99, 0xDD16, 0xF5B9, 0xF5B9, 0xF5B9, 0xF5B9, 0xF5B9, 0xF5B9, 0xF5B9, 0xF599,
    0xF5B9, 0xED78, 0xDCF5, 0xF5B9, 0xF5B9, 0xF5B8, 0xF5B9, 0xE557, 0xDD16, 0xF5B9, 0xF5B9, 0xF5B9, 0xF5B8, 0xF5B9, 0xF5B9, 0xF5B9,
    0xF5B9, 0xF5B9, 0xF5B9, 0xF5B9, 0xF5B9, 0xF5B9, 0xF5B9, 0xF5B9, 0xF5B9, 0xF5B8, 0xF5B9, 0xF5B9, 0xF5B8, 0xF5B9, 0xF5B9, 0xF5B9,
    0xF5B9, 0xF5B9, 0xF5B9, 0xF5B9, 0xF5B9, 0xF5B9, 0xF5B9, 0xF5B9, 0xF5B9, 0xF5B9, 0xF5B9, 0xF5B9, 0xF5B9, 0xF5B8, 0xF5B9, 0xF5B9,
    0xF5B8, 0xF5B9, 0xF5B9, 0xF5B9, 0xF5B9, 0xF5B9, 0xF5B9, 0xF5B9, 0xF5B9, 0xF5B9, 0xF5B9, 0xF5B9, 0xF5B9, 0xF5B9, 0xF5B9, 0xF5B9,
    0xF5B9, 0xF5B9, 0xF5B9, 0xF5B9, 0xF5B8, 0xF5B9, 0xF5B9, 0xF5B9, 0xF5B9, 0xF5B9, 0xF5B9, 0xE537, 0xCC73, 0xF5B9, 0xED98, 0xF5B9,
    0xD4D6, 0xED78, 0xF5D9, 0xF5B9, 0xF5B9, 0xF5D9, 0xED78, 0xDC14, 0xD434, 0xDC34, 0xCBF3, 0xCBF3, 0xCCB5, 0xFE7B, 0xF65B, 0xF65B,
    0xF65B, 0xF65B, 0xF65B, 0xF65B, 0xF65B, 0xF65B, 0xF65B, 0xF65B, 0xF65B, 0xF65B, 0xF65B, 0xF65B, 0xF67B, 0xF67B, 0xF67B, 0xF67B,
    0xF67B, 0xF67B, 0xF67B, 0xF67B, 0xF67B, 0xF67B, 0xF67B, 0xF67B, 0xF67B, 0xF67B, 0xF67B, 0xF67B, 0xF67B, 0xF67B, 0xF67B, 0xF67B,
    0xF67B, 0xF67B, 0xF65B, 0xF67B, 0xF67B, 0xF67B, 0xF67B, 0xF67B, 0xF67B, 0xF67B, 0xF67B, 0xF67B, 0xF67B, 0xF67B, 0xF67B, 0xF67B,
    0xF67B, 0xF67B, 0xF67B, 0xF67B, 0xF67B, 0xF67B, 0xF67B, 0xF67B, 0xF67B, 0xF67B, 0xF67B, 0xF67B, 0xF67B, 0xF67B, 0xF67B, 0xF67B,
    0xF67B, 0xF65B, 0xF65C, 0xF65C, 0xF65B, 0xF65B, 0xF65B, 0xF65B, 0xF65B, 0xF65B, 0xF65B, 0xF65B, 0xF65B, 0xF65B, 0xF65B, 0xF65B,
    0xF65B, 0xF65B, 0xF65B, 0xF65B, 0xF65B, 0xF65B, 0xF65B, 0xF65B, 0xF65B, 0xF65B, 0xF65B, 0xF65B, 0xF65B, 0xF65B, 0xF65B, 0xF65B,
    0xF65B, 0xF65B, 0xF65B, 0xF65B, 0xF65B, 0xF65B, 0xF65B, 0xF65B, 0xF65B, 0xF65B, 0xF65B, 0xF65C, 0xF65B, 0xF65B, 0xF65C, 0xF65B,
    0xF65B, 0xF65B, 0xF65B, 0xF65B, 0xF65B, 0xF65B, 0xF65B, 0xF65B, 0xF65B, 0xF65B, 0xF65B, 0xF65B, 0xF65B, 0xF65B, 0xF65B, 0xF65C,
    0xF65B, 0xFE7B, 0xE5D9, 0xD516, 0xF5D9, 0xF5B9, 0xF5D9, 0xE517, 0xED78, 0xF5B9, 0xF5B9, 0xF5B9, 0xF5B9, 0xF5B8, 0xF5B8, 0xF5B9,
    0xF5B9, 0xED98, 0xD4D5, 0xF5B9, 0xF5B9, 0xF5B9, 0xF5B9, 0xE516, 0xDD16, 0xF5B9, 0xF5B9, 0xF5B9, 0xF5B9, 0xF5B9, 0xF5B9, 0xF5B9,
    0xF5B9, 0xF5B9, 0xF5D9, 0xF5B9, 0xF5B9, 0xF5B9, 0xF5B9, 0xF5B9, 0xF5B9, 0xF5B9, 0xF5B9, 0xF5B9, 0xF5B9, 0xF5B9, 0xF5B9, 0xF5B9,
    0xF5B9, 0xF5B9, 0xF5B9, 0xF5B9, 0xF5B9, 0xF5B9, 0xF5B8, 0xF5B9, 0xF5B9, 0xF5B9, 0xF5B9, 0xF5B9, 0xF5B9, 0xF5B9, 0xF5B9, 0xF5B9,
    0xF5B9, 0xF5B9, 0xF5B9, 0xF5B9, 0xF5B9, 0xF5B8, 0xF5B9, 0xF5B9, 0xF5B9, 0xF5B9, 0xF5B8, 0xF5B9, 0xF5B9, 0xF5B9, 0xF5B9, 0xF5B9,
    0xF5B9, 0xF5B9, 0xF5B9, 0xF5B9, 0xF5B9, 0xF5B9, 0xF5B9, 0xF5B9, 0xF5B9, 0xF5B9, 0xF5B9, 0xED57, 0xD494, 0xF5B9, 0xF598, 0xF5B8,
    0xD4D5, 0xED98, 0xF5B9, 0xF5B9, 0xF5B9, 0xF5B9, 0xED57, 0xDC14, 0xDC34, 0xCBF3, 0xCBD2, 0xD434, 0xC433, 0xF65B, 0xF65B, 0xF65B,
    0xF65B, 0xF65B, 0xF65B, 0xF65A, 0xF65B, 0xF65B, 0xF67B, 0xF67B, 0xF65B, 0xF67C, 0xF67B, 0xF67B, 0xF67C, 0xF67B, 0xF67B, 0xF67B,
    0xF67B, 0xF67B, 0xF67B, 0xF67B, 0xF67B, 0xF67B, 0xF67B, 0xF67B, 0xF67B, 0xF67B, 0xF67B, 0xF67B, 0xF67B, 0xF67B, 0xF67B, 0xF67B,
    0xF67C, 0xF67B, 0xF67B, 0xF67B, 0xF67B, 0xF67C, 0xF67B, 0xF67B, 0xF67B, 0xF67B, 0xF67B, 0xF69B, 0xF67B, 0xF67B, 0xF67B, 0xF67B,
    0xF67B, 0xF67B, 0xF67B, 0xF67B, 0xF67B, 0xF67B, 0xF67B, 0xF69B, 0xF69B, 0xF67B, 0xF67B, 0xF67B, 0xF67B, 0xF67B, 0xF67B, 0xF67B,
    0xF67B, 0xF67B, 0xF65B, 0xF67B, 0xF65B, 0xF67B, 0xF67B, 0xF67B, 0xF67B, 0xF65B, 0xF65B, 0xF65B, 0xF67B, 0xF65B, 0xF67B, 0xF65B,
    0xF65B, 0xF65B, 0xF65B, 0xF65B, 0xF65B, 0xF67B, 0xF67B, 0xF67B, 0xF67B, 0xF65B, 0xF65B, 0xF65B, 0xF65B, 0xF65B, 0xF65B, 0xF65B,
    0xF65B, 0xF65B, 0xF65B, 0xF65B, 0xF65B, 0xF65B, 0xF67B, 0xF65B, 0xF65B, 0xF67B, 0xF67B, 0xF67B, 0xF67B, 0xF67B, 0xF67B, 0xF67B,
    0xF65B, 0xF65B, 0xF65B, 0xF65B, 0xF65B, 0xF65B, 0xF65B, 0xF65B, 0xF65B, 0xF65B, 0xF65B, 0xF65B, 0xF65B, 0xF65B, 0xF65B, 0xF65B,
    0xF65B, 0xFE9B, 0xDD77, 0xE557, 0xF5D9, 0xF5B9, 0xF5D9, 0xED77, 0xE537, 0xF5B9, 0xF5B8, 0xF5B9, 0xF5B9, 0xF5B9, 0xF5B9, 0xF5B9,
    0xF599, 0xF598, 0xD4D5, 0xF599, 0xF5B9, 0xF5B9, 0xF5B9, 0xDD16, 0xE537, 0xF5B9, 0xF5B9, 0xF5B8, 0xF5B9, 0xF5B9, 0xF5B9, 0xF5B9,
    0xF5B9, 0xF5B9, 0xF5B9, 0xF5B9, 0xF5B9, 0xF5B9, 0xF5B9, 0xF5B9, 0xF5B9, 0xF5B9, 0xF5B9, 0xF5B9, 0xF5B9, 0xF5B9, 0xF5B9, 0xF5B8,
    0xF5B9, 0xF5B9, 0xF5B9, 0xF5B9, 0xF5B9, 0xF5B9, 0xF5B9, 0xF5B9, 0xF5B9, 0xF5B9, 0xF5B9, 0xF5B9, 0xF5B9, 0xF5B9, 0xF5B9, 0xF5B9,
    0xF5B8, 0xF599, 0xF5B9, 0xF598, 0xED98, 0xF599, 0xF5B9, 0xF5B9, 0xF5B9, 0xF5B9, 0xF5B9, 0xF5B9, 0xF5B9, 0xF5B9, 0xF5B9, 0xF5B8,
    0xF5B9, 0xF5B9, 0xF5B9, 0xF5B9, 0xF5B9, 0xF5B9, 0xF5B9, 0xF5B9, 0xF5B9, 0xF5B9, 0xF5B9, 0xED58, 0xD4B4, 0xF5B9, 0xF598, 0xF598,
    0xD4D5, 0xF5B9, 0xF5B9, 0xF5B8, 0xF5B9, 0xF5D9, 0xED37, 0xD413, 0xD434, 0xC3D2, 0xCBF3, 0xDC54, 0xBBF2, 0xE5F9, 0xFE7B, 0xF65B,
    0xF65B, 0xF65B, 0xF65B, 0xF65B, 0xF65B, 0xF65B, 0xF65B, 0xF67B, 0xF67B, 0xF67B, 0xF67B, 0xF67B, 0xF67B, 0xF67B, 0xF67B, 0xF67B,
    0xF67B, 0xF67B, 0xF67B, 0xF67B, 0xF67B, 0xF67B, 0xF67B, 0xF67B, 0xF67B, 0xF67B, 0xF67B, 0xF67B, 0xF67B, 0xF67B, 0xF67B, 0xF67B,
    0xF67B, 0xF67B, 0xF67B, 0xF67B, 0xF69B, 0xF67B, 0xF67B, 0xF67B, 0xF67B, 0xF67B, 0xF67C, 0xF67B, 0xF67B, 0xF67B, 0xF67B, 0xF69B,
    0xF67B, 0xF69B, 0xF67B, 0xF67B, 0xF69B, 0xF69B, 0xF69B, 0xF69B, 0xF69B, 0xF69B, 0xF67B, 0xF67B, 0xF67B, 0xF67B, 0xF67B, 0xF67B,
    0xF67B, 0xF67B, 0xF67B, 0xF67B, 0xF65B, 0xF65B, 0xF67B, 0xF67B, 0xF67B, 0xF67B, 0xF65B, 0xF67B, 0xF67B, 0xF65B, 0xF67B, 0xF67B,
    0xF67B, 0xF67B, 0xF67B, 0xF67B, 0xF67B, 0xF67B, 0xF67B, 0xF67B, 0xF67A, 0xF67B, 0xF67B, 0xF67B, 0xF67B, 0xF67B, 0xF65B, 0xF67B,
    0xF67B, 0xF67B, 0xF67B, 0xF67B, 0xF67B, 0xF67B, 0xF67B, 0xF67B, 0xF67B, 0xF67B, 0xF67B, 0xF67B, 0xF67B, 0xF67B, 0xF67B, 0xF67B,
    0xF67B, 0xF67B, 0xF67B, 0xF67B, 0xF67B, 0xF65B, 0xF67B, 0xF65B, 0xF65B, 0xF65B, 0xF67B, 0xF67B, 0xF67B, 0xF67B, 0xF67B, 0xF67B,
    0xF67B, 0xFE7B, 0xD536, 0xED98, 0xF5B9, 0xF5B9, 0xF5B9, 0xF5B9, 0xDD16, 0xF5B9, 0xF5B8, 0xF5B9, 0xF5B9, 0xF5B9, 0xF5B9, 0xF5B8,
    0xF5B9, 0xF598, 0xD4B5, 0xF599, 0xF5B9, 0xF5B8, 0xF5B9, 0xDCF5, 0xE557, 0xF5B9, 0xF5B9, 0xF5B9, 0xF5B9, 0xF5B9, 0xF5B9, 0xF5B9,
    0xF5B9, 0xF5B9, 0xF5B9, 0xF5B8, 0xF5B9, 0xF5B9, 0xF5B8, 0xF5B8, 0xF5B9, 0xF5B8, 0xF5B9, 0xF5B9, 0xF5B9, 0xF5B9, 0xF5B9, 0xF5B9,
    0xF5B9, 0xF5B9, 0xF5B9, 0xF5B9, 0xF5B9, 0xF5B9, 0xF5B9, 0xF5B9, 0xF5B9, 0xF5B9, 0xF5B9, 0xF5B9, 0xF5B9, 0xF5B8, 0xF599, 0xF5B9,
    0xF5B9, 0xF5B9, 0xDD76, 0xB593, 0xA5B1, 0xBD73, 0xF598, 0xF5B9, 0xF5B9, 0xF5B9, 0xF5B9, 0xF5B9, 0xF5B8, 0xF5B9, 0xF5B9, 0xF5B8,
    0xF5B9, 0xF5B9, 0xF5B9, 0xF5B9, 0xF5B9, 0xF5B9, 0xF5B9, 0xF5B9, 0xF5B8, 0xF5B9, 0xF5B9, 0xED78, 0xD4D5, 0xF599, 0xF5B9, 0xED78,
    0xD4D5, 0xF5B9, 0xF5B9, 0xF5B9, 0xF5B9, 0xF5D9, 0xECF6, 0xD413, 0xD434, 0xC3B2, 0xD414, 0xDC54, 0xC3D2, 0xD577, 0xFE9C, 0xF65B,
    0xF65B, 0xF65B, 0xF65B, 0xF65B, 0xF65B, 0xF67B, 0xF67B, 0xF67B, 0xF67B, 0xF67B, 0xF67B, 0xF67B, 0xF67B, 0xF67B, 0xF67B, 0xF67B,
    0xF67B, 0xF67B, 0xF67B, 0xF69B, 0xF67B, 0xF67B, 0xF67B, 0xF67B, 0xF67B, 0xF67B, 0xF67B, 0xF67B, 0xF67B, 0xF67B, 0xF69B, 0xF67B,
    0xF67B, 0xF67B, 0xF67B, 0xF69B, 0xF69B, 0xF69B, 0xF69B, 0xF67B, 0xF69B, 0xF69B, 0xF67C, 0xF67B, 0xF67B, 0xF67B, 0xF67B, 0xF69B,
    0xF69B, 0xF69B, 0xF69B, 0xF69B, 0xF69B, 0xF69B, 0xF69B, 0xF69B, 0xF69B, 0xF69B, 0xF69B, 0xF69B, 0xF67B, 0xF69B, 0xF69B, 0xF69B,
    0xF67B, 0xF67B, 0xF67C, 0xF67C, 0xF67B, 0xF67B, 0xF67B, 0xF67B, 0xF67B, 0xF67B, 0xF67B, 0xF65B, 0xF67B, 0xF65B, 0xF67B, 0xF67B,
    0xF67B, 0xF67B, 0xF67B, 0xF67B, 0xF67B, 0xF67B, 0xF67B, 0xF67B, 0xF65B, 0xF67B, 0xF67B, 0xF67B, 0xF67B, 0xF67B, 0xF65B, 0xF67B,
    0xF67B, 0xF67B, 0xF67B, 0xF67B, 0xF67B, 0xF67B, 0xF67B, 0xF67B, 0xF67B, 0xF67B, 0xF67B, 0xF67B, 0xF67B, 0xF67B, 0xF67B, 0xF67B,
    0xF67B, 0xF67B, 0xF67B, 0xF67B, 0xF67B, 0xF67B, 0xF67B, 0xF67B, 0xF67B, 0xF67B, 0xF67B, 0xF67B, 0xF67B, 0xF67B, 0xF67B, 0xF67C,
    0xFE7C, 0xEE3A, 0xCD15, 0xF5D9, 0xF5B9, 0xF5B9, 0xF5B9, 0xF5D9, 0xE517, 0xE557, 0xF5B9, 0xF5B9, 0xF5B9, 0xF5B9, 0xF5B9, 0xF5B9,
    0xF5B9, 0xF599, 0xD4B5, 0xED99, 0xF5B9, 0xF5B9, 0xF5B9, 0xD4D5, 0xED77, 0xF5B9, 0xF5B9, 0xF598, 0xF5B9, 0xF5B9, 0xF5B9, 0xF5B9,
    0xF5B9, 0xF5B9, 0xF5B9, 0xF5B9, 0xF5B9, 0xF5B9, 0xF5B9, 0xF5B9, 0xF5B9, 0xF5B9, 0xF5B9, 0xF5B9, 0xF5B9, 0xF5B8, 0xF5B9, 0xF5B9,
    0xF5B9, 0xF5B9, 0xF5B9, 0xF5B9, 0xF5B9, 0xF5B9, 0xF5B9, 0xF5B9, 0xF5B9, 0xF598, 0xF598, 0xFDB9, 0xF599, 0xF599, 0xF599, 0xF5B8,
    0xF5B9, 0xD575, 0xA5B0, 0x95CF, 0x9DD0, 0x9DD0, 0xDD76, 0xF5B9, 0xF5B8, 0xF5B9, 0xF5B9, 0xF5B9, 0xF5B9, 0xF5B9, 0xF5B9, 0xF5B9,
    0xF5B9, 0xF5B9, 0xF5B9, 0xF5B9, 0xF5B9, 0xF5B8, 0xF5B9, 0xF5B9, 0xF5B9, 0xF5B9, 0xF5B9, 0xF599, 0xD4D5, 0xF598, 0xF5D9, 0xE537,
    0xD4F5, 0xF5D9, 0xF5B9, 0xF5B9, 0xF5B9, 0xF5D9, 0xE4D6, 0xDBF3, 0xD414, 0xC3D2, 0xDC34, 0xDC34, 0xCBF3, 0xCCD5, 0xFE9B, 0xF65B,
    0xF67B, 0xF67B, 0xF67B, 0xF67B, 0xF67B, 0xF67B, 0xF67B, 0xF67B, 0xF67B, 0xF67C, 0xF67B, 0xF67B, 0xF67B, 0xF67B, 0xF67B, 0xF67B,
    0xF67B, 0xF67C, 0xF67B, 0xF67B, 0xF67B, 0xF69B, 0xF69B, 0xF67B, 0xF69B, 0xF69B, 0xF69B, 0xF67B, 0xF67C, 0xF67C, 0xF69B, 0xF69B,
    0xF67B, 0xF67B, 0xF69B, 0xF69B, 0xF69B, 0xF67C, 0xF69B, 0xF69B, 0xF69C, 0xF69B, 0xF67B, 0xF67B, 0xF67B, 0xF67B, 0xF69B, 0xF69B,
    0xF69B, 0xF69B, 0xF69B, 0xF69B, 0xF69B, 0xF69B, 0xF69B, 0xF69B, 0xF69B, 0xF69B, 0xF69B, 0xF69B, 0xF69B, 0xF69B, 0xF69B, 0xF69B,
    0xF67B, 0xF67B, 0xF67B, 0xF67B, 0xF67B, 0xF67B, 0xF67B, 0xF67B, 0xF67B, 0xF67B, 0xF67A, 0xF67B, 0xF67B, 0xF67B, 0xF67B, 0xF67B,
    0xF67B, 0xF67B, 0xF67B, 0xF67B, 0xF67B, 0xF67B, 0xF67B, 0xF67B, 0xF67B, 0xF67B, 0xF67B, 0xF67B, 0xF67B, 0xF67B, 0xF67A, 0xF67B,
    0xF67B, 0xF67B, 0xF67B, 0xF67B, 0xF67B, 0xF67B, 0xF67B, 0xF67B, 0xF67B, 0xF67B, 0xF67B, 0xF67B, 0xF67B, 0xF67B, 0xF67B, 0xF67B,
    0xF67B, 0xF67B, 0xF67B, 0xF67B, 0xF67B, 0xF67A, 0xF67B, 0xF67B, 0xF67B, 0xF67B, 0xF67B, 0xF67B, 0xF67B, 0xF67B, 0xF67B, 0xF67B,
    0xFE9B, 0xDDB8, 0xDD36, 0xFDDA, 0xF5B9, 0xF5B9, 0xF5B8, 0xF5B9, 0xED78, 0xDD16, 0xF5B9, 0xF5B9, 0xF5B9, 0xF5B9, 0xF5B9, 0xF5B9,
    0xF5B9, 0xF5B9, 0xD4B5, 0xED78, 0xF5B9, 0xF5B9, 0xF598, 0xD4D5, 0xED99, 0xF5B9, 0xF5B8, 0xF598, 0xF5B9, 0xF5B9, 0xF5B9, 0xF5B9,
    0xF5B9, 0xF5B9, 0xF5B9, 0xF5B9, 0xF5B9, 0xF5B9, 0xF5B9, 0xF5B9, 0xF5B9, 0xF5B9, 0xF5B9, 0xF5B9, 0xF5B9, 0xF5B9, 0xF5B9, 0xF5B8,
    0xF5B9, 0xF5B9, 0xF5B9, 0xF5B9, 0xF5B9, 0xF5B9, 0xF5B9, 0xEDB8, 0xCD75, 0xB593, 0xB593, 0xCD75, 0xF598, 0xF598, 0xF598, 0xF5B9,
    0xDD77, 0x9D90, 0x95B0, 0x9DB0, 0xA5F1, 0xA5D1, 0xDD96, 0xF5B9, 0xF5B9, 0xF5B9, 0xF5B9, 0xF5B9, 0xF5B9, 0xF5B9, 0xF5B9, 0xF5B9,
    0xF5B9, 0xF5B9, 0xF5B9, 0xF5B9, 0xF5B9, 0xF5B9, 0xF5B9, 0xF5B9, 0xF5B9, 0xF5B9, 0xF5B8, 0xF5B9, 0xD4D6, 0xED98, 0xFDD9, 0xDD16,
    0xDD16, 0xF5D9, 0xF5B9, 0xF5B8, 0xF5B9, 0xF5B9, 0xE495, 0xDBF3, 0xCBF3, 0xCBD3, 0xDC34, 0xDC34, 0xD413, 0xBC33, 0xF67B, 0xF65B,
    0xF67B, 0xF67B, 0xF67B, 0xF67B, 0xF67B, 0xF67B, 0xF67B, 0xF67B, 0xF67B, 0xF67B, 0xF67B, 0xF67B, 0xF67B, 0xF67C, 0xF67B, 0xF69B,
    0xF69B, 0xF69B, 0xF67B, 0xF69B, 0xF67B, 0xF67B, 0xF67B, 0xF69B, 0xF69B, 0xF69B, 0xF69B, 0xF67B, 0xF67B, 0xF67B, 0xF69B, 0xF67B,
    0xF69B, 0xF69C, 0xF67B, 0xF69B, 0xF69B, 0xF67B, 0xF67B, 0xF69B, 0xF69B, 0xF69B, 0xF67B, 0xF69B, 0xF69B, 0xF67B, 0xF69B, 0xF69B,
    0xF69B, 0xF67B, 0xF67B, 0xF69B, 0xF69B, 0xF69B, 0xF69B, 0xF69B, 0xF69B, 0xF69B, 0xF69B, 0xF69B, 0xF69B, 0xF69B, 0xF69B, 0xF69B,
    0xF67B, 0xF67B, 0xF67B, 0xF67B, 0xF67B, 0xF67B, 0xF67B, 0xF67B, 0xF67B, 0xF67B, 0xF67B, 0xF67B, 0xF67B, 0xF67B, 0xF67B, 0xF67B,
    0xF67B, 0xF67B, 0xF67B, 0xF67B, 0xF67B, 0xF67B, 0xF67B, 0xF67B, 0xF67B, 0xF67B, 0xF67B, 0xF67B, 0xF67B, 0xF67B, 0xF67B, 0xF67B,
    0xF67B, 0xF67B, 0xF67B, 0xF67B, 0xF67B, 0xF67B, 0xF67B, 0xF67B, 0xF67B, 0xF67B, 0xF67B, 0xF67B, 0xF67B, 0xF67B, 0xF67B, 0xF67B,
    0xF67B, 0xF67B, 0xF67B, 0xF67B, 0xF67B, 0xF67B, 0xF67B, 0xF67B, 0xF67B, 0xF67B, 0xF67B, 0xF67B, 0xF67B, 0xF67B, 0xF67B, 0xF67B,
    0xFE9B, 0xD536, 0xED78, 0xF5D9, 0xF5B9, 0xF5B9, 0xF5B9, 0xF5B9, 0xF5B9, 0xD4F6, 0xF599, 0xF5B9, 0xF5B9, 0xF5B9, 0xF5B9, 0xF5B9,
    0xF5B9, 0xF5D9, 0xD4D5, 0xED58, 0xF5D9, 0xF5B9, 0xF598, 0xD4B5, 0xF599, 0xF5B9, 0xF598, 0xF598, 0xF5B9, 0xF5B9, 0xF5B9, 0xF5B9,
    0xF5B9, 0xF5B9, 0xF5B9, 0xF5B9, 0xF5B9, 0xF5B9, 0xF5B9, 0xF5B9, 0xF5B9, 0xF5B9, 0xF5B9, 0xF5B9, 0xF5B9, 0xF5B9, 0xF5B9, 0xF5B8,
    0xF5B9, 0xF5B9, 0xF5B9, 0xF5B9, 0xF5B9, 0xF5B9, 0xF5B9, 0xCD74, 0x9DD0, 0xA5F0, 0xA5F0, 0x9DD0, 0xBD53, 0xF599, 0xF599, 0xEDB8,
    0xA531, 0x8D8F, 0xA5F1, 0xA611, 0x9E11, 0xB572, 0xEDB8, 0xF5B9, 0xF5B9, 0xF5B9, 0xF5B9, 0xF5B9, 0xF5B9, 0xF5B9, 0xF5B9, 0xF5B9,
    0xF5B9, 0xF5B9, 0xF5B9, 0xF5B9, 0xF5B9, 0xF5B9, 0xF5B9, 0xF5B9, 0xF5B9, 0xF5B9, 0xF5B9, 0xF5B9, 0xDCF6, 0xED78, 0xFDD9, 0xD4D5,
    0xE557, 0xF5B9, 0xF5B9, 0xF5B9, 0xF5B9, 0xF5B9, 0xDC74, 0xDC13, 0xC3B2, 0xCC13, 0xDC34, 0xDC34, 0xDC34, 0xBBF2, 0xEE3A, 0xF67B,
    0xF67B, 0xF67B, 0xF67B, 0xF67B, 0xF67C, 0xF67B, 0xF67B, 0xF67B, 0xF67B, 0xF67B, 0xF67B, 0xF69B, 0xF69B, 0xF67C, 0xF67B, 0xF67B,
    0xF69B, 0xF69B, 0xF69B, 0xF69B, 0xF69B, 0xF69B, 0xF67B, 0xF67B, 0xF67B, 0xF67B, 0xF69B, 0xF67B, 0xF67B, 0xF67B, 0xF69B, 0xF67B,
    0xF69B, 0xF67C, 0xF67B, 0xF69B, 0xF69B, 0xF67B, 0xF67B, 0xF67B, 0xF69B, 0xF69B, 0xF67B, 0xF69B, 0xF67B, 0xF67C, 0xF69B, 0xF69B,
    0xF69B, 0xF67B, 0xF69B, 0xF69B, 0xF69B, 0xF69B, 0xF69B, 0xF69B, 0xF69B, 0xF69B, 0xF69B, 0xF69B, 0xF69B, 0xF69B, 0xF69B, 0xF69B,
    0xF69B, 0xF67B, 0xF69B, 0xF67C, 0xF67B, 0xF67B, 0xF67B, 0xF67B, 0xF67B, 0xF67B, 0xF67B, 0xF67B, 0xF67B, 0xF67B, 0xF67B, 0xF67B,
    0xF67B, 0xF67B, 0xF67B, 0xF67B, 0xF67B, 0xF67B, 0xF67B, 0xF67B, 0xF67B, 0xF67B, 0xF67B, 0xF67B, 0xF67B, 0xF67B, 0xF67B, 0xF67B,
    0xF67B, 0xF67B, 0xF67B, 0xF67B, 0xF67B, 0xF67B, 0xF67B, 0xF67B, 0xF67B, 0xF67B, 0xF67B, 0xF67B, 0xF67B, 0xF67B, 0xF67B, 0xF67B,
    0xF67B, 0xF67B, 0xF67B, 0xF67B, 0xF67B, 0xF67B, 0xF67A, 0xF67B, 0xF67B, 0xF67B, 0xF67B, 0xF67B, 0xF67B, 0xF67B, 0xF67B, 0xF67B,
    0xF65B, 0xCCF5, 0xF5B9, 0xF5B8, 0xF5B9, 0xF5B9, 0xF5B9, 0xF5B9, 0xFDD9, 0xE517, 0xE537, 0xF5D9, 0xF5B9, 0xF5B8, 0xF5B8, 0xF5B9,
    0xF5B9, 0xF5D9, 0xD4D5, 0xE557, 0xF5D9, 0xF5B9, 0xED78, 0xD4D5, 0xF5B9, 0xF5B9, 0xF598, 0xF5B8, 0xF5B9, 0xF5B9, 0xF5B9, 0xF5B8,
    0xF5B9, 0xF5B8, 0xF5B8, 0xF5B9, 0xF5B9, 0xF5B9, 0xF5B9, 0xF5B9, 0xF5B9, 0xF5B9, 0xF5B9, 0xF5B9, 0xF5B9, 0xF5B9, 0xF5B9, 0xF5B9,
    0xF5B9, 0xF5B9, 0xF5B9, 0xF5B8, 0xF5B9, 0xF5B9, 0xF5B8, 0xB592, 0xA611, 0xA5F1, 0x9D8F, 0x9DAF, 0x9DB0, 0xD556, 0xFDB9, 0xB512,
    0x854D, 0x9DF1, 0x9DF0, 0x9DD0, 0xAD91, 0xE597, 0xF5B9, 0xF5B8, 0xF5B9, 0xF5B9, 0xF5B8, 0xF5B9, 0xF5B9, 0xF5B9, 0xF5B9, 0xF5B9,
    0xF5B9, 0xF5B9, 0xF5B9, 0xF5B9, 0xF5B8, 0xF5B9, 0xF5B9, 0xF5B9, 0xF5B9, 0xF5B9, 0xF5B9, 0xF5D9, 0xDD15, 0xE557, 0xFDD9, 0xD4B4,
    0xED98, 0xF5B9, 0xF5B9, 0xF5B9, 0xF5B9, 0xF599, 0xDC34, 0xD3F3, 0xC3B1, 0xDC14, 0xDC14, 0xDC14, 0xDC34, 0xC3D2, 0xDDB8, 0xFE9B,
    0xF67B, 0xF67B, 0xF67B, 0xF67B, 0xF67B, 0xF67B, 0xF67B, 0xF67B, 0xF67B, 0xF67B, 0xF67B, 0xF69B, 0xF69B, 0xF69B, 0xF67B, 0xF67C,
    0xF67B, 0xF69B, 0xF69B, 0xF67B, 0xF69B, 0xF69B, 0xF69B, 0xF69B, 0xF69B, 0xF67B, 0xF69B, 0xF67B, 0xF67B, 0xF67B, 0xF67B, 0xF67B,
    0xF67B, 0xF67B, 0xF67B, 0xF67B, 0xF67B, 0xF67B, 0xF69B, 0xF69B, 0xF69B, 0xF69B, 0xF69B, 0xF69B, 0xF69B, 0xF67B, 0xF67B, 0xF69B,
    0xF69B, 0xF69B, 0xF69B, 0xF69B, 0xF69B, 0xF69B, 0xF69B, 0xF69B, 0xF69B, 0xF69B, 0xF69B, 0xF69B, 0xF69B, 0xF69B, 0xF69B, 0xF69B,
    0xF69B, 0xF67B, 0xF67B, 0xF67B, 0xF67B, 0xF67B, 0xF67B, 0xF67B, 0xF67B, 0xF67B, 0xF67B, 0xF67B, 0xF67B, 0xF67B, 0xF67B, 0xF67B,
    0xF67B, 0xF67B, 0xF67B, 0xF67B, 0xF67B, 0xF67B, 0xF67B, 0xF69B, 0xF67B, 0xF67B, 0xF67B, 0xF67B, 0xF67B, 0xF67B, 0xF67B, 0xF67B,
    0xF67B, 0xF67C, 0xF67B, 0xF67B, 0xF67B, 0xF67B, 0xF67B, 0xF67B, 0xF67B, 0xF67B, 0xF67B, 0xF67B, 0xF67B, 0xF67B, 0xF67B, 0xF67B,
    0xF67B, 0xF67B, 0xF67B, 0xF67B, 0xF67B, 0xF67C, 0xF67B, 0xF67B, 0xF67B, 0xF67B, 0xF67B, 0xF67B, 0xF67B, 0xF67B, 0xF67B, 0xFE9B,
    0xDDD8, 0xD516, 0xF5D9, 0xF5B9, 0xF5B9, 0xF5B9, 0xF5B9, 0xF5B9, 0xF5D9, 0xED78, 0xD4D6, 0xF5D9, 0xF5B9, 0xF5B9, 0xF5B9, 0xF5B9,
    0xF5B9, 0xF5D9, 0xDCF6, 0xE537, 0xF5D9, 0xF5B9, 0xED57, 0xD4F5, 0xF5B9, 0xF5B8, 0xED78, 0xF5B9, 0xF5B9, 0xF5B9, 0xF5B9, 0xF5B9,
    0xF5B9, 0xF5B9, 0xF5B9, 0xF5B9, 0xF5B9, 0xF5B9, 0xF5B9, 0xF5B9, 0xF5B9, 0xF5B9, 0xF5B9, 0xF5B9, 0xF5B9, 0xF5B9, 0xF5B9, 0xF5B9,
    0xF5B9, 0xF5B9, 0xF5B9, 0xF5B9, 0xF5B9, 0xF5B9, 0xF5B9, 0xB572, 0xA610, 0xA611, 0xA611, 0xA5D1, 0x958F, 0xB553, 0xDD16, 0xACD1,
    0xBD73, 0xBD73, 0xBD73, 0xCD75, 0xED98, 0xF5B9, 0xF599, 0xF5B9, 0xF5B9, 0xF5B9, 0xF5B9, 0xF5B9, 0xF5B9, 0xF5B9, 0xF5B9, 0xF5B9,
    0xF5B9, 0xF5B9, 0xF5B9, 0xF5B9, 0xF5B9, 0xF5B9, 0xF5B9, 0xF5B9, 0xF5B9, 0xF5B9, 0xF5B9, 0xF5D9, 0xDD16, 0xE557, 0xF599, 0xCCB5,
    0xF5B9, 0xF5B9, 0xF5B9, 0xF5B9, 0xF5B9, 0xED58, 0xDC34, 0xC3B2, 0xCBF2, 0xDC34, 0xD414, 0xDC34, 0xDC34, 0xCBF2, 0xCD16, 0xFEBC,
    0xF67B, 0xF67C, 0xF67B, 0xF67B, 0xF67B, 0xF67B, 0xF67B, 0xF67B, 0xF67B, 0xF67B, 0xF67B, 0xF67B, 0xF69B, 0xF69B, 0xF69B, 0xF67B,
    0xF67B, 0xF69B, 0xF69B, 0xF67C, 0xF69B, 0xF69B, 0xF69B, 0xF69B, 0xF69B, 0xF67B, 0xF69B, 0xF69B, 0xF69B, 0xF69B, 0xF69B, 0xF69B,
    0xF69B, 0xF69B, 0xF69B, 0xF69B, 0xF69B, 0xF69B, 0xF69B, 0xF67C, 0xF69B, 0xF69B, 0xF69C, 0xF69B, 0xF69B, 0xF69B, 0xF69B, 0xF69B,
    0xF69B, 0xF69B, 0xF69B, 0xF69B, 0xF69B, 0xF69B, 0xF69B, 0xF69B, 0xF69B, 0xF69B, 0xF69B, 0xF69B, 0xF69B, 0xF69B, 0xF69B, 0xF69B,
    0xF69C, 0xF69B, 0xF69B, 0xF69B, 0xF67C, 0xF67B, 0xF69B, 0xF69B, 0xF69B, 0xF67B, 0xF67B, 0xF67B, 0xF67B, 0xF69B, 0xF69B, 0xF67B,
    0xF69B, 0xF69C, 0xF69B, 0xF69B, 0xF69C, 0xF69B, 0xF69B, 0xF69B, 0xF69B, 0xF69B, 0xF69B, 0xF67B, 0xF67B, 0xF69B, 0xF69B, 0xF69B,
    0xF69B, 0xF69B, 0xF69B, 0xF69B, 0xF69B, 0xF67C, 0xF67B, 0xF67B, 0xF67C, 0xF69B, 0xF67B, 0xF67B, 0xF67B, 0xF67B, 0xF67B, 0xF69B,
    0xF67B, 0xF69B, 0xF69B, 0xF69B, 0xF69B, 0xF69B, 0xF67B, 0xF67B, 0xF69B, 0xF67B, 0xF67B, 0xF69B, 0xF69C, 0xF69B, 0xF67B, 0xFEBB,
    0xCD36, 0xE578, 0xF5D9, 0xF5B9, 0xF5B9, 0xF5B9, 0xF5B9, 0xF5B9, 0xF5B8, 0xF5B9, 0xD4D5, 0xED98, 0xF5B9, 0xF5B9, 0xF5B9, 0xF5B8,
    0xF5B9, 0xF5B9, 0xE516, 0xDD16, 0xF5D9, 0xF5B9, 0xE537, 0xDCF5, 0xF5D9, 0xF598, 0xF578, 0xF5B9, 0xF5B9, 0xF5B9, 0xF5B9, 0xF5B9,
    0xF5B9, 0xF5B9, 0xF5B9, 0xF5B8, 0xF5B9, 0xF5B9, 0xF5B8, 0xF5B9, 0xF5B9, 0xF5B9, 0xF5B9, 0xF5B9, 0xF5B9, 0xF5B9, 0xF5B9, 0xF5B9,
    0xF5B9, 0xF5B9, 0xF5B9, 0xF5B9, 0xF5B9, 0xF5B9, 0xF5B9, 0xE577, 0xA591, 0x9DF0, 0xA611, 0xA5F1, 0x9DF0, 0x8D0F, 0xACD1, 0xC594,
    0xD556, 0xE557, 0xFD99, 0xFD99, 0xF5B9, 0xF5B9, 0xF5B9, 0xF5B9, 0xF5B9, 0xF5B9, 0xF5B9, 0xF5B9, 0xF5B8, 0xF5B9, 0xF5B9, 0xF5B9,
    0xF5B9, 0xF5B9, 0xF5B9, 0xF5B9, 0xF5B9, 0xF5B9, 0xF5B9, 0xF5B9, 0xF5B9, 0xF5B9, 0xF5B8, 0xF5D9, 0xDD16, 0xE536, 0xED78, 0xD4D5,
    0xF5D9, 0xF5B9, 0xF5B9, 0xF5B8, 0xF5D9, 0xED17, 0xD3F3, 0xBB91, 0xD434, 0xDC34, 0xDC34, 0xDC34, 0xDC34, 0xD413, 0xC494, 0xF69B,
    0xF67B, 0xF67B, 0xF67B, 0xF67C, 0xF67B, 0xF67B, 0xF67C, 0xF67B, 0xF69B, 0xF69B, 0xF69B, 0xF69B, 0xF69B, 0xF67B, 0xF69B, 0xF69B,
    0xF69B, 0xF69B, 0xF69B, 0xF69B, 0xF69B, 0xF69B, 0xF69B, 0xF69C, 0xF69B, 0xF69B, 0xF69C, 0xF69B, 0xF69B, 0xF69B, 0xF69B, 0xF69B,
    0xF69B, 0xF69B, 0xF69B, 0xF69B, 0xF69C, 0xF69B, 0xF69B, 0xF69B, 0xF69B, 0xF69B, 0xF69B, 0xF69B, 0xF69B, 0xF69B, 0xF69B, 0xF69B,
    0xF69B, 0xF69B, 0xF69B, 0xF69B, 0xF69B, 0xF69B, 0xF69B, 0xF69B, 0xF69B, 0xF69B, 0xF6BB, 0xF6BB, 0xF6BB, 0xF6BB, 0xF69B, 0xF69B,
    0xF69C, 0xF69B, 0xF69B, 0xF69B, 0xF69B, 0xF69B, 0xF69B, 0xF69B, 0xF69B, 0xF69B, 0xF69B, 0xF67B, 0xF67B, 0xF67B, 0xF69B, 0xF69B,
    0xF67C, 0xF67C, 0xF69B, 0xF69B, 0xF69B, 0xF69B, 0xF69B, 0xF69B, 0xF69B, 0xF69B, 0xF69B, 0xF69B, 0xF69B, 0xF69B, 0xF69B, 0xF69B,
    0xF69B, 0xF69B, 0xF69B, 0xF69B, 0xF69B, 0xF69C, 0xF69B, 0xF69B, 0xF69C, 0xF69C, 0xF69B, 0xF69B, 0xF69B, 0xF69B, 0xF69B, 0xF69B,
    0xF67B, 0xF69B, 0xF69B, 0xF69B, 0xF69B, 0xF69B, 0xF69B, 0xF67B, 0xF69B, 0xF67C, 0xF69B, 0xF69B, 0xF69B, 0xF69B, 0xF69B, 0xEE7A,
    0xCD15, 0xF5B9, 0xF5B9, 0xF5B9, 0xF5B9, 0xF5B9, 0xF5B9, 0xF5B9, 0xF5B8, 0xF5D9, 0xE536, 0xE537, 0xF5D9, 0xF5B9, 0xF5B9, 0xF5B9,
    0xF5B9, 0xF5B9, 0xE537, 0xDD16, 0xF5D9, 0xF5B9, 0xDD16, 0xDD16, 0xF5D9, 0xED78, 0xF598, 0xF5B9, 0xF5B9, 0xF5B9, 0xF5B9, 0xF5B8,
    0xF5B9, 0xF5B9, 0xF5B9, 0xF5B9, 0xF5B9, 0xF5B9, 0xF5B9, 0xF5B9, 0xF5B8, 0xF5B9, 0xF5B9, 0xF5B9, 0xF5B9, 0xF5B9, 0xF5B9, 0xF5B9,
    0xF5B9, 0xF5B9, 0xF5B9, 0xF5B9, 0xF5B9, 0xF5B9, 0xF599, 0xF599, 0xE577, 0xD575, 0xBD53, 0x9D10, 0x9D90, 0x9DD0, 0x9DF1, 0x9DF1,
    0x9DF0, 0xA5B1, 0xCD74, 0xF599, 0xF5B8, 0xF5B9, 0xF5B9, 0xF5B8, 0xF5B9, 0xF5B9, 0xF5B9, 0xF5B9, 0xF5B9, 0xF5B9, 0xF5B9, 0xF5B9,
    0xF5B9, 0xF5B9, 0xF5B9, 0xF5B9, 0xF5B9, 0xF5B9, 0xF5B9, 0xF5B9, 0xF5B9, 0xF5B9, 0xF5B9, 0xF5D9, 0xE537, 0xDD16, 0xE537, 0xDD17,
    0xF5D9, 0xF5B9, 0xF5B9, 0xF5B9, 0xF5B9, 0xE4D6, 0xC3B2, 0xC3B2, 0xDC55, 0xD434, 0xDC34, 0xDC34, 0xDC34, 0xDC34, 0xBC13, 0xEE5A,
    0xF69B, 0xF67B, 0xF67B, 0xF67C, 0xF67B, 0xF69B, 0xF67B, 0xF69B, 0xF69B, 0xF69B, 0xF69B, 0xF69B, 0xF69B, 0xF69B, 0xF69B, 0xF69B,
    0xF69B, 0xF69B, 0xF69B, 0xF69B, 0xF69B, 0xF69B, 0xF69B, 0xF69C, 0xF69B, 0xF69B, 0xF69B, 0xF69B, 0xF69B, 0xF69B, 0xF69B, 0xF69B,
    0xF69C, 0xF69B, 0xF69B, 0xF69B, 0xF69B, 0xF69B, 0xF69B, 0xF69B, 0xF69B, 0xF69B, 0xF69B, 0xF69C, 0xF69B, 0xF69B, 0xF69B, 0xF69B,
    0xF69B, 0xF69B, 0xF69B, 0xF69B, 0xF69B, 0xF69B, 0xF6BB, 0xF69B, 0xF69B, 0xF6BB, 0xF6BB, 0xF6BB, 0xF6BB, 0xF6BB, 0xF69B, 0xF69B,
    0xF69B, 0xF69B, 0xF69B, 0xF69C, 0xF69B, 0xF69B, 0xF69B, 0xF69B, 0xF69B, 0xF69B, 0xF69B, 0xF67B, 0xF69B, 0xF67C, 0xF69B, 0xF69B,
    0xF69B, 0xF69B, 0xF69B, 0xF69B, 0xF69B, 0xF69B, 0xF67B, 0xF69B, 0xF69B, 0xF69B, 0xF69B, 0xF69B, 0xF69B, 0xF69B, 0xF69B, 0xF69B,
    0xF69B, 0xF69C, 0xF69B, 0xF69B, 0xF69B, 0xF69B, 0xF69B, 0xF69B, 0xF69B, 0xF69B, 0xF69B, 0xF69B, 0xF69B, 0xF69B, 0xF69B, 0xF69B,
    0xF67B, 0xF67B, 0xF69B, 0xF69B, 0xF69B, 0xF69C, 0xF67C, 0xF69B, 0xF69B, 0xF69B, 0xF69B, 0xF69B, 0xF69B, 0xF69B, 0xFEBC, 0xE5F8,
    0xDD36, 0xF5D9, 0xF5B9, 0xF5B9, 0xF5B9, 0xF5B9, 0xF5B9, 0xF5B9, 0xF5B9, 0xF5B9, 0xED78, 0xD4D6, 0xF5B9, 0xF5B8, 0xF5B9, 0xF5B9,
    0xF5B9, 0xF5B9, 0xED77, 0xD4F5, 0xF5B9, 0xF5B9, 0xDCF5, 0xDD36, 0xF5B9, 0xED58, 0xF598, 0xF5B9, 0xF5B9, 0xF5B9, 0xF5B9, 0xF5B9,
    0xF5B9, 0xF5B8, 0xF5B9, 0xF5B9, 0xF5B9, 0xF5B8, 0xF5B9, 0xF5B9, 0xF5B9, 0xF5B9, 0xF5B8, 0xF5B8, 0xF5B9, 0xF5B9, 0xF5B9, 0xF5B9,
    0xF5B9, 0xF5B9, 0xF5B9, 0xF5B9, 0xF5B9, 0xF5B8, 0xF5B8, 0xF599, 0xFD99, 0xD576, 0xAD92, 0xA611, 0xA611, 0xA631, 0xA611, 0xA611,
    0xA611, 0xA611, 0xA5D0, 0xCD55, 0xF599, 0xF598, 0xF599, 0xF5B9, 0xF5B9, 0xF5B8, 0xF5B8, 0xF5B9, 0xF5B9, 0xF5B9, 0xF5B9, 0xF5B9,
    0xF5B9, 0xF5B9, 0xF5B9, 0xF5B9, 0xF5B9, 0xF5B9, 0xF5B9, 0xF5B9, 0xF5B9, 0xF5B9, 0xF5B9, 0xF5B9, 0xE557, 0xD4F5, 0xDCF5, 0xED77,
    0xF5B9, 0xF5B9, 0xF5B9, 0xF5B8, 0xF5B9, 0xDC95, 0xBB71, 0xD413, 0xDC34, 0xDC34, 0xDC34, 0xDC34, 0xDC34, 0xDC34, 0xBBD2, 0xE5F9,
    0xFE9C, 0xF67B, 0xF67B, 0xF69B, 0xF67B, 0xF69B, 0xF69B, 0xF69B, 0xF69B, 0xF69B, 0xF69B, 0xF69B, 0xF69B, 0xF69B, 0xF69B, 0xF69B,
    0xF69B, 0xF69B, 0xF69B, 0xF69C, 0xF69B, 0xF69B, 0xF69B, 0xF69B, 0xF69B, 0xF69B, 0xF69B, 0xF69B, 0xF69B, 0xF69B, 0xF69B, 0xF69B,
    0xF69B, 0xF69B, 0xF69B, 0xF69B, 0xF69B, 0xF69B, 0xF69B, 0xF69C, 0xF69C, 0xF69B, 0xF69B, 0xF69B, 0xF69B, 0xF69B, 0xF69B, 0xF69B,
    0xF69B, 0xF69B, 0xF69B, 0xF69B, 0xF69B, 0xF6BB, 0xF6BB, 0xF6BB, 0xF6BB, 0xF6BB, 0xF6BC, 0xF6BC, 0xF6BB, 0xF6BB, 0xF6BB, 0xF69B,
    0xF69C, 0xF69B, 0xF69B, 0xF69C, 0xF69B, 0xF69B, 0xF69B, 0xF69B, 0xF69B, 0xF69B, 0xF69B, 0xF69B, 0xF69B, 0xF69B, 0xF69B, 0xF69B,
    0xF69B, 0xF69B, 0xF69B, 0xF69B, 0xF69B, 0xF69B, 0xF69B, 0xF69B, 0xF69B, 0xF69B, 0xF69B, 0xF69B, 0xF69B, 0xF69B, 0xF69B, 0xF69B,
    0xF69B, 0xF69B, 0xF69B, 0xF69B, 0xF69B, 0xF69B, 0xF69B, 0xF69B, 0xF69B, 0xF69B, 0xF69B, 0xF69B, 0xF69B, 0xF69B, 0xF69B, 0xF69B,
    0xF69B, 0xF69B, 0xF69B, 0xF69B, 0xF69B, 0xF69B, 0xF69B, 0xF69B, 0xF69B, 0xF69B, 0xF69B, 0xF69B, 0xF69B, 0xF69B, 0xFEBC, 0xD577,
    0xED98, 0xF5B9, 0xF5B9, 0xF5B9, 0xF5B9, 0xF5B9, 0xF5B9, 0xF5B9, 0xF5B9, 0xF5B8, 0xF5D9, 0xD4F6, 0xED78, 0xF5B9, 0xF5B9, 0xF5B9,
    0xF5B9, 0xF5B9, 0xED98, 0xD4D5, 0xF5B9, 0xF5B9, 0xD4D5, 0xE557, 0xF5B9, 0xF558, 0xF5B9, 0xF5B8, 0xF5B9, 0xF5B9, 0xF5B9, 0xF5B9,
    0xF5B9, 0xF5B9, 0xF5B9, 0xF5B9, 0xF5B9, 0xF5B9, 0xF5B9, 0xF5B9, 0xF5B9, 0xF5B9, 0xF5B9, 0xF5B9, 0xF5B9, 0xF5B9, 0xF5B9, 0xF5B8,
    0xF5B9, 0xF5B9, 0xF5B9, 0xF5B9, 0xF5B9, 0xF5B9, 0xF599, 0xF5B9, 0xCD55, 0xA5D1, 0xA611, 0xA611, 0xA611, 0xA611, 0xA611, 0xA611,
    0xA611, 0xA5F1, 0xA631, 0xA591, 0xE577, 0xF5B9, 0xF5B9, 0xF5B9, 0xF5B9, 0xF5B9, 0xF5B9, 0xF5B9, 0xF5B9, 0xF5B9, 0xF5B9, 0xF5B9,
    0xF5B9, 0xF5B9, 0xF5B9, 0xF5B9, 0xF5B9, 0xF5B9, 0xF5B9, 0xF5B9, 0xF5B9, 0xF5B9, 0xF5B9, 0xF5B9, 0xED78, 0xD4B5, 0xD4D5, 0xF5B8,
    0xF5B9, 0xF5B9, 0xF5B9, 0xF5B9, 0xF578, 0xD413, 0xBB91, 0xDC54, 0xDC34, 0xDC34, 0xDC34, 0xDC34, 0xDC34, 0xDC35, 0xC3D2, 0xD577,
    0xFEBC, 0xF67B, 0xF69B, 0xF69B, 0xF69B, 0xF69B, 0xF69B, 0xF69B, 0xF69B, 0xF69B, 0xF69B, 0xF69B, 0xF69B, 0xF69B, 0xF69B, 0xF69B,
    0xF69B, 0xF69C, 0xF69B, 0xF69B, 0xF69B, 0xF69B, 0xF69B, 0xF69B, 0xF69B, 0xF69B, 0xF69B, 0xF69B, 0xF69B, 0xF69B, 0xF69B, 0xF69B,
    0xF69B, 0xF69B, 0xF69B, 0xF69C, 0xF69B, 0xF69B, 0xF69B, 0xF69B, 0xF69B, 0xF6BB, 0xF69B, 0xF69B, 0xF6BB, 0xF69B, 0xF69B, 0xF69B,
    0xF69B, 0xF6BB, 0xF6BB, 0xF6BB, 0xF6BC, 0xF6BC, 0xF6BC, 0xF6BC, 0xF6BC, 0xF6BC, 0xF6BB, 0xF6BB, 0xF6BB, 0xF6BB, 0xF6BB, 0xF69B,
    0xF69C, 0xF69B, 0xF69C, 0xF69B, 0xF69B, 0xF69C, 0xF69B, 0xF69B, 0xF69C, 0xF69B, 0xF69B, 0xF69B, 0xF69B, 0xF69B, 0xF69B, 0xF69B,
    0xF69B, 0xF69B, 0xF69B, 0xF69B, 0xF69B, 0xF69B, 0xF69B, 0xF69B, 0xF69B, 0xF69C, 0xF69B, 0xF69B, 0xF69C, 0xF69B, 0xF69B, 0xF69B,
    0xF69B, 0xF69B, 0xF69B, 0xF69B, 0xF69B, 0xF69B, 0xF69B, 0xF69B, 0xF69B, 0xF69B, 0xF69B, 0xF69C, 0xF69B, 0xF69B, 0xF67C, 0xF69B,
    0xF69B, 0xF69C, 0xF69B, 0xF69B, 0xF69B, 0xF69B, 0xF69B, 0xF69B, 0xF69B, 0xF69B, 0xF69B, 0xF69B, 0xF69B, 0xFE9C, 0xEE5A, 0xD516,
    0xF5D9, 0xF5B9, 0xF5B9, 0xF5B9, 0xF5B9, 0xF5B9, 0xF5B9, 0xF5B9, 0xF5B8, 0xF5B9, 0xF5D9, 0xE557, 0xDD16, 0xF5B9, 0xF5B9, 0xF5B9,
    0xF5B9, 0xF5B9, 0xF599, 0xD4D5, 0xED98, 0xF5B9, 0xD4B5, 0xED78, 0xF598, 0xED78, 0xF5B9, 0xF5B9, 0xF5B9, 0xF5B9, 0xF5B9, 0xF5B9,
    0xF5B9, 0xF5B9, 0xF5B9, 0xF5B9, 0xF5B9, 0xF5B9, 0xF5B9, 0xF5B9, 0xF5B9, 0xF5B9, 0xF5B9, 0xF5B9, 0xF5B9, 0xF5B9, 0xF5B9, 0xF5B9,
    0xF5B9, 0xF5B9, 0xF5B9, 0xF5B9, 0xF5B9, 0xF598, 0xF5B9, 0xD556, 0xA5B1, 0xAE12, 0xA611, 0xA611, 0xA611, 0xA611, 0xA5F1, 0xA611,
    0xA611, 0xA5F1, 0xA611, 0x9E10, 0xBD53, 0xF5B9, 0xF599, 0xF5B9, 0xF5B9, 0xF5B9, 0xF5B9, 0xF5B9, 0xF5B9, 0xF5B9, 0xF5B9, 0xF5B9,
    0xF5B9, 0xF5B9, 0xF5B9, 0xF5B9, 0xF5B9, 0xF5B9, 0xF5B9, 0xF5B9, 0xF5B9, 0xF5B9, 0xF5B9, 0xF5B9, 0xF598, 0xC494, 0xD4D5, 0xF5B9,
    0xF5B9, 0xF5B9, 0xF5B9, 0xF5B9, 0xED38, 0xC3B1, 0xCBF3, 0xDC35, 0xDC34, 0xDC34, 0xDC34, 0xDC34, 0xDC34, 0xDC34, 0xCBD3, 0xC4D5,
    0xFEDC, 0xF69B, 0xF69B, 0xF69B, 0xF69B, 0xF69B, 0xF69B, 0xF69B, 0xF69C, 0xF69C, 0xF69B, 0xF69C, 0xF69B, 0xF69B, 0xF69C, 0xF69B,
    0xF69B, 0xF69B, 0xF69B, 0xF69B, 0xF69B, 0xF69B, 0xF69B, 0xF69B, 0xF6BB, 0xF6BB, 0xF6BB, 0xF69B, 0xF69B, 0xF69C, 0xF6BB, 0xF69B,
    0xF69B, 0xF69B, 0xF69B, 0xF69B, 0xF69B, 0xF69B, 0xF69B, 0xF69B, 0xF69B, 0xF69B, 0xF69B, 0xF69C, 0xF6BB, 0xF69B, 0xF69B, 0xF69B,
    0xF69B, 0xF6BB, 0xF6BB, 0xF6BB, 0xF6BB, 0xF6BB, 0xF6BB, 0xF6BB, 0xF6BB, 0xF6BB, 0xF6BB, 0xF6BB, 0xF6BB, 0xF6BB, 0xF6BB, 0xF6BB,
    0xF69B, 0xF69B, 0xF69C, 0xF69C, 0xF69B, 0xF69B, 0xF69B, 0xF69B, 0xF69B, 0xF69B, 0xF69B, 0xF69B, 0xF69B, 0xF69B, 0xF69C, 0xF69B,
    0xF69B, 0xF69B, 0xF69B, 0xF69B, 0xF69B, 0xF69B, 0xF69B, 0xF69C, 0xF69B, 0xF69B, 0xF69B, 0xF69B, 0xF69B, 0xF69B, 0xF69B, 0xF69B,
    0xF69B, 0xF69B, 0xF69B, 0xF69B, 0xF69B, 0xF69B, 0xF69B, 0xF69B, 0xF69C, 0xF69B, 0xF69B, 0xF69C, 0xF69B, 0xF69B, 0xF69B, 0xF69B,
    0xF69B, 0xF69B, 0xF69B, 0xF69B, 0xF69B, 0xF69B, 0xF69B, 0xF69B, 0xF69B, 0xF69B, 0xF69B, 0xF69B, 0xF69B, 0xFEDC, 0xDDB8, 0xDD37,
    0xFDD9, 0xF5B8, 0xF5B9, 0xF5D9, 0xF5B9, 0xF5B9, 0xF5B9, 0xF5B9, 0xF5B8, 0xF5B9, 0xF5B9, 0xF5B9, 0xD4D5, 0xF5B8, 0xF5B9, 0xF5B9,
    0xF5B9, 0xF5B9, 0xF5B8, 0xD4D5, 0xED78, 0xF5B9, 0xCC94, 0xED98, 0xF578, 0xF598, 0xF5B9, 0xF5B9, 0xF5B9, 0xF5B9, 0xF5B9, 0xF5B9,
    0xF5B9, 0xF5B8, 0xF5B9, 0xF5B9, 0xF5B9, 0xF5B9, 0xF5B8, 0xF5B9, 0xF5B9, 0xF5B9, 0xF5B9, 0xF5B9, 0xF5B8, 0xF5B9, 0xF5B9, 0xF5B9,
    0xF5B9, 0xF5B9, 0xF5B9, 0xF5B9, 0xF5B9, 0xF5B9, 0xE577, 0xA592, 0xA632, 0xA612, 0xA611, 0xA611, 0xA611, 0xA611, 0xA611, 0xA611,
    0xA611, 0xA611, 0xA5F2, 0xA612, 0xA5B1, 0xE597, 0xF5B9, 0xF599, 0xF5B9, 0xF5B8, 0xF5B9, 0xF5B9, 0xF5B9, 0xF5B9, 0xF5B9, 0xF5B8,
    0xF5B9, 0xF5B9, 0xF5B9, 0xF5B9, 0xF5B8, 0xF5B9, 0xF5B9, 0xF5B9, 0xF5B9, 0xF5B8, 0xF5B9, 0xF5B9, 0xF5D9, 0xABF1, 0xD4D5, 0xFDDA,
    0xF5B9, 0xF5B9, 0xF5B9, 0xF5B8, 0xDC95, 0xC391, 0xDC34, 0xDC34, 0xDC34, 0xDC33, 0xDC34, 0xDC34, 0xDC34, 0xDC34, 0xD413, 0xBC53,
    0xF6BC, 0xF69B, 0xF69B, 0xF69B, 0xF69B, 0xF69C, 0xF69C, 0xF69B, 0xF69B, 0xF69C, 0xF69B, 0xF69B, 0xF69B, 0xF69B, 0xF69B, 0xF6BB,
    0xF69B, 0xF69B, 0xF69B, 0xF69B, 0xF69C, 0xF69B, 0xF69B, 0xF69B, 0xF6BB, 0xF69B, 0xF69B, 0xF6BB, 0xF69B, 0xF69C, 0xF69B, 0xF69B,
    0xF69B, 0xF6BB, 0xF69B, 0xF69B, 0xF69B, 0xF69B, 0xF6BB, 0xF69B, 0xF69C, 0xF6BB, 0xF6BB, 0xF6BB, 0xF6BB, 0xF69B, 0xF6BB, 0xF6BB,
    0xF6BB, 0xF6BB, 0xF6BB, 0xF6BB, 0xF6BB, 0xF6BB, 0xF6BB, 0xF6BB, 0xF6BB, 0xF6BB, 0xF6BB, 0xF6BB, 0xF6BB, 0xF6BB, 0xF6BB, 0xF6BB,
    0xF69C, 0xF69B, 0xF69B, 0xF6BB, 0xF69C, 0xF69B, 0xF69B, 0xF69B, 0xF69B, 0xF69B, 0xF69B, 0xF69B, 0xF69B, 0xF69B, 0xF69C, 0xF69B,
    0xF69B, 0xF69B, 0xF69B, 0xF69B, 0xF69C, 0xF69B, 0xF69B, 0xF69B, 0xF69C, 0xF69B, 0xF69C, 0xF69B, 0xF69B, 0xF69B, 0xF69C, 0xF69B,
    0xF69C, 0xF69B, 0xF69C, 0xF69B, 0xF69B, 0xF69C, 0xF69B, 0xF69B, 0xF69C, 0xF69B, 0xF69B, 0xF69B, 0xF69B, 0xF69B, 0xF69B, 0xF69B,
    0xF69B, 0xF69B, 0xF69B, 0xF69B, 0xF69C, 0xF69B, 0xF69B, 0xF69B, 0xF69B, 0xF69B, 0xF69B, 0xF69B, 0xF69B, 0xFEBB, 0xD536, 0xEDB9,
    0xF5B9, 0xF5B9, 0xF5B9, 0xF5B9, 0xF5B9, 0xF5D9, 0xF5B9, 0xF5B9, 0xF5B9, 0xF5B9, 0xF5B9, 0xFDD9, 0xDCF6, 0xE537, 0xF5D9, 0xF5B9,
    0xF5B9, 0xF5B9, 0xF5B9, 0xDCD5, 0xE557, 0xF599, 0xCCB4, 0xF5B8, 0xED78, 0xF5B9, 0xF5B9, 0xF5B9, 0xF5B9, 0xF5B9, 0xF5B9, 0xF5B9,
    0xF5B9, 0xF5B9, 0xF5B9, 0xF5B9, 0xF5B9, 0xF5B9, 0xF5B8, 0xF5B9, 0xF5B8, 0xF5B9, 0xF5B9, 0xF5B9, 0xF5B9, 0xF5B9, 0xF5B9, 0xF5B9,
    0xF5B9, 0xF5B9, 0xF5B9, 0xF5B9, 0xF5B9, 0xF599, 0xB572, 0xA611, 0xA611, 0xA611, 0xA611, 0xA611, 0xA611, 0xA611, 0xA611, 0xA611,
    0xA611, 0xA611, 0xA611, 0xA611, 0x9DF1, 0xCD75, 0xFD99, 0xF5B9, 0xF5B9, 0xF5B9, 0xF5B9, 0xF5B9, 0xF5B9, 0xF5B9, 0xF5B9, 0xF5B9,
    0xF5B9, 0xF5B9, 0xF5B9, 0xF5B9, 0xF5B9, 0xF5B9, 0xF5B9, 0xF5B9, 0xF5B9, 0xF5B9, 0xF5B9, 0xF5B9, 0xFDD9, 0xABD1, 0xDD37, 0xFDD9,
    0xF5B9, 0xF5B9, 0xF5B9, 0xF598, 0xCBF2, 0xCBD2, 0xDC34, 0xDC34, 0xDC34, 0xDC34, 0xDC34, 0xDC34, 0xDC34, 0xDC34, 0xDC34, 0xBC12,
    0xEE7B, 0xFE9B, 0xF69B, 0xF69C, 0xF69B, 0xF69B, 0xF69C, 0xF69B, 0xF69B, 0xF69B, 0xF69C, 0xF69B, 0xF69C, 0xF69B, 0xF69B, 0xF69B,
    0xF69B, 0xF6BB, 0xF69C, 0xF69B, 0xF6BC, 0xF69B, 0xF69C, 0xF6BC, 0xF6BB, 0xF69B, 0xF69B, 0xF69B, 0xF69B, 0xFEBB, 0xF6BB, 0xF6BB,
    0xF69C, 0xF6BB, 0xF6BC, 0xF6BB, 0xF69C, 0xF6BB, 0xF6BC, 0xF6BB, 0xF6BC, 0xF6BB, 0xF6BB, 0xF6BB, 0xF6BB, 0xF6BB, 0xF6BB, 0xF6BB,
    0xF6BB, 0xF6BB, 0xF6BB, 0xF6BB, 0xF6BB, 0xF6BB, 0xF6BB, 0xF6BB, 0xF6BB, 0xF6BB, 0xF6BB, 0xF6BB, 0xF6BB, 0xF6BB, 0xF6BB, 0xF6BB,
    0xF69C, 0xF69B, 0xF69B, 0xF69B, 0xF69B, 0xF69B, 0xF69C, 0xF69B, 0xF69B, 0xF69B, 0xF69B, 0xF69B, 0xF69B, 0xF69B, 0xF69B, 0xF69B,
    0xF69B, 0xF69B, 0xF69B, 0xF69B, 0xF69B, 0xF69B, 0xF69B, 0xF69B, 0xF69B, 0xF69B, 0xF69B, 0xF69B, 0xF69B, 0xF69B, 0xF69B, 0xF69B,
    0xF69C, 0xF69B, 0xF69B, 0xF69B, 0xF69B, 0xF69C, 0xF69B, 0xF69B, 0xF69B, 0xF69B, 0xF69B, 0xF69B, 0xF69B, 0xF69B, 0xF6BB, 0xF69B,
    0xF69B, 0xF69B, 0xF69B, 0xF69B, 0xF69B, 0xF69B, 0xF69B, 0xF69B, 0xF69B, 0xF69B, 0xF69B, 0xF69B, 0xF6BB, 0xEE3A, 0xD516, 0xFDD9,
    0xF5B9, 0xF5B9, 0xF5B9, 0xF5B9, 0xF5B9, 0xF5D9, 0xF5B9, 0xF5B9, 0xF5B9, 0xF5B9, 0xF5B9, 0xF5B9, 0xED77, 0xD4D5, 0xF5D9, 0xF599,
    0xF5B9, 0xF599, 0xF5B9, 0xDD16, 0xDD36, 0xED78, 0xD4B5, 0xF5B9, 0xED78, 0xF5B9, 0xF5B9, 0xF5B9, 0xF5B9, 0xF5B9, 0xF5B9, 0xF5B9,
    0xF5B9, 0xF5B9, 0xF5B9, 0xF5B9, 0xF5B9, 0xF5B9, 0xF5B9, 0xF5B9, 0xF5B9, 0xF5B9, 0xF5B9, 0xF5B9, 0xF5B9, 0xF5B9, 0xF5B9, 0xF5B9,
    0xF5B9, 0xF5B9, 0xF5B9, 0xF5B9, 0xF5B9, 0xD555, 0xA5B1, 0xA612, 0xA611, 0xA611, 0xA611, 0xA611, 0xA611, 0xA611, 0xA611, 0xA611,
    0xA611, 0xA611, 0xA611, 0xA5F1, 0xA611, 0xB573, 0xF598, 0xF5B9, 0xF5B9, 0xF5B9, 0xF5B9, 0xF5B9, 0xF5B9, 0xF5B9, 0xF5B9, 0xF5B9,
    0xF5B9, 0xF5B9, 0xF5B9, 0xF5B9, 0xF5B9, 0xF5B9, 0xF5B9, 0xF5B9, 0xF5B9, 0xF5B9, 0xF5B9, 0xF5B9, 0xF5B9, 0xCCB4, 0xED58, 0xF5B9,
    0xF5B9, 0xF5B9, 0xF5D9, 0xED17, 0xC392, 0xDC34, 0xDC34, 0xDC34, 0xDC34, 0xDC34, 0xDC34, 0xDC34, 0xDC34, 0xDC34, 0xDC54, 0xBBD2,
    0xDDF9, 0xFEBC, 0xF69B, 0xF69B, 0xF69B, 0xF69B, 0xF69B, 0xF69B, 0xF69B, 0xF6BB, 0xF6BB, 0xF69B, 0xF69C, 0xF69B, 0xF69B, 0xF6BB,
    0xF6BB, 0xF6BB, 0xF6BC, 0xF6BC, 0xF6BC, 0xF6BB, 0xF6BB, 0xF6BB, 0xF6BB, 0xF69B, 0xF69B, 0xF69C, 0xF6BB, 0xF6BB, 0xF6BB, 0xF6BB,
    0xF6BB, 0xF6BB, 0xF6BB, 0xF6BB, 0xF6BB, 0xF6BB, 0xF6BB, 0xF6BB, 0xF6BB, 0xF6BC, 0xF6BB, 0xF6BC, 0xF6BB, 0xF6BB, 0xF6BB, 0xF6BB,
    0xF6BB, 0xF6BB, 0xF6BB, 0xF6BB, 0xF6BB, 0xF6BB, 0xF6BB, 0xF6BB, 0xF6BB, 0xF6BB, 0xF6BB, 0xF6BB, 0xF6BB, 0xF6BB, 0xF6BB, 0xF6BB,
    0xF6BB, 0xF6BB, 0xF69B, 0xF69B, 0xF6BB, 0xF69C, 0xF6BB, 0xF69B, 0xF69B, 0xF69B, 0xF69B, 0xF69B, 0xF69B, 0xF69B, 0xF69B, 0xF69B,
    0xF69B, 0xF69B, 0xF69C, 0xF69C, 0xF69B, 0xF69B, 0xF69B, 0xF69B, 0xF69B, 0xF69B, 0xF69B, 0xF69B, 0xF69B, 0xF69C, 0xF69B, 0xF69B,
    0xF69B, 0xF69C, 0xF69B, 0xF69B, 0xF69B, 0xF69B, 0xF69C, 0xF69C, 0xF69B, 0xF69B, 0xF69B, 0xF69B, 0xF69B, 0xF69B, 0xF69B, 0xF69B,
    0xF69B, 0xF69C, 0xF69B, 0xF6BB, 0xF6BB, 0xF69B, 0xF6BB, 0xF6BB, 0xF69B, 0xF69B, 0xF69B, 0xF69C, 0xFEBC, 0xD597, 0xE557, 0xF5D9,
    0xF5B9, 0xF5B9, 0xF5B9, 0xF5D8, 0xF5B9, 0xF5B9, 0xF5B9, 0xF5B9, 0xF5B9, 0xF5B9, 0xF5B9, 0xF5B9, 0xF5B9, 0xD4D5, 0xED78, 0xF5B9,
    0xF5B9, 0xF5B8, 0xF5B9, 0xE537, 0xDD16, 0xED57, 0xD4D5, 0xF5D9, 0xF5B8, 0xF5B9, 0xF5B9, 0xF5B9, 0xF5B9, 0xF5B9, 0xF5B9, 0xF5B9,
    0xF5B9, 0xF5B9, 0xF5B9, 0xF5B9, 0xF5B9, 0xF5B8, 0xF5B9, 0xF5B8, 0xF5B9, 0xF5B9, 0xF5B9, 0xF5B9, 0xF5B8, 0xF5B9, 0xF5B9, 0xF5B9,
    0xF5B8, 0xF5B9, 0xF599, 0xF5B9, 0xF599, 0xB552, 0xA611, 0xA612, 0xA612, 0xA611, 0xA611, 0xA611, 0xA611, 0xA611, 0xA611, 0xA611,
    0xA611, 0xA611, 0xA612, 0xA5F1, 0xA611, 0xAD92, 0xED78, 0xF5B9, 0xF5B9, 0xF5B9, 0xF5B9, 0xF5B9, 0xF5B9, 0xF5B9, 0xF5B9, 0xF5B9,
    0xF5B9, 0xF5B9, 0xF5B9, 0xF5B9, 0xF5B8, 0xF5B9, 0xF5B9, 0xF5B9, 0xF5B9, 0xF5B9, 0xF5B9, 0xF5B8, 0xF5B9, 0xD4D5, 0xE557, 0xF5D9,
    0xF599, 0xF5B9, 0xF5B9, 0xD454, 0xCBD3, 0xDC34, 0xDC34, 0xDC34, 0xDC34, 0xDC34, 0xDC34, 0xDC34, 0xDC34, 0xDC34, 0xDC54, 0xC3F2,
    0xD576, 0xFEDC, 0xF69B, 0xF6BB, 0xF69C, 0xF69B, 0xF6BB, 0xF6BB, 0xF6BB, 0xF6BB, 0xF6BB, 0xF6BC, 0xF6BB, 0xF6BB, 0xF6BC, 0xF6BC,
    0xF6BB, 0xF6BB, 0xF6BB, 0xF6BC, 0xF6BB, 0xF6BB, 0xF6BB, 0xF6BB, 0xF6BC, 0xF6BC, 0xF6BB, 0xF6BB, 0xF6BB, 0xF6BB, 0xF6BB, 0xF6BB,
    0xF6BB, 0xF6BB, 0xF6BB, 0xF6BC, 0xF6BB, 0xF6BB, 0xF6BB, 0xF6BC, 0xF6BB, 0xF6BB, 0xF6BB, 0xF6BB, 0xF6BC, 0xF6BC, 0xF6BB, 0xF6DB,
    0xF6BB, 0xF6BB, 0xF6BB, 0xF6BB, 0xF6BB, 0xF6BB, 0xF6BB, 0xF6BB, 0xF6BB, 0xF6BB, 0xF6BB, 0xF6BB, 0xF6BB, 0xF6BB, 0xF6BB, 0xF6BB,
    0xF6BC, 0xF6BC, 0xF69C, 0xF69C, 0xF6BB, 0xF6BC, 0xF69C, 0xF69B, 0xF69C, 0xF69B, 0xF69C, 0xF69B, 0xF69B, 0xF69B, 0xF6BB, 0xF69B,
    0xF69B, 0xF6BB, 0xF69B, 0xF69B, 0xF69B, 0xF69B, 0xF69C, 0xF69C, 0xF6BB, 0xF6BC, 0xF6BC, 0xF69B, 0xF69B, 0xF6BB, 0xF6BC, 0xF69B,
    0xF6BB, 0xF6BB, 0xF6BB, 0xF6BB, 0xF6BB, 0xF6BB, 0xF6BB, 0xF6BB, 0xF6BB, 0xF6BB, 0xF6BB, 0xF6BC, 0xF6BB, 0xF6BB, 0xF6BC, 0xF6BB,
    0xF6BC, 0xF6BC, 0xF6BC, 0xF6BC, 0xF6BB, 0xF6BC, 0xF6BB, 0xF6BB, 0xF6BB, 0xF6BB, 0xF6BB, 0xF6BB, 0xF69B, 0xCD15, 0xF5B9, 0xF5B9,
    0xF5B9, 0xF5B8, 0xF5B9, 0xF5B9, 0xF5B9, 0xF5B9, 0xF5B9, 0xF5B9, 0xF5B9, 0xF5B9, 0xF5B9, 0xF5B9, 0xF5D9, 0xE537, 0xDCF6, 0xF5B9,
    0xF5B8, 0xF5B9, 0xF5B9, 0xED78, 0xDCF6, 0xE536, 0xDD16, 0xF5DA, 0xF5B9, 0xF5B9, 0xF5B9, 0xF5B9, 0xF5B9, 0xF5B9, 0xF5B9, 0xF5B9,
    0xF5B9, 0xF5B8, 0xF5B8, 0xF5B9, 0xF5B9, 0xF5B9, 0xF5B9, 0xF5B9, 0xF5B9, 0xF5B9, 0xF5B9, 0xF5B9, 0xF5B9, 0xF5B9, 0xF5B9, 0xF5B9,
    0xF5B9, 0xF5B9, 0xF599, 0xF5B9, 0xD576, 0xA5B1, 0xAE11, 0xA611, 0xA611, 0xA611, 0xA611, 0xA611, 0xA611, 0xA611, 0xA611, 0xA612,
    0xA611, 0xA611, 0xA611, 0xA611, 0xA611, 0xA5B1, 0xE557, 0xF5B9, 0xF5B9, 0xF5B9, 0xF5B9, 0xF5B9, 0xF5B9, 0xF5B9, 0xF5B9, 0xF5B9,
    0xF5B9, 0xF5B9, 0xF5B9, 0xF5B9, 0xF5B9, 0xF5B9, 0xF5B9, 0xF5B9, 0xF5B9, 0xF5B9, 0xF5B9, 0xF5B9, 0xFDD9, 0xD4D5, 0xE537, 0xF5D9,
    0xF5B9, 0xF5B9, 0xF578, 0xD3F3, 0xDC34, 0xDC34, 0xDC34, 0xDC34, 0xDC34, 0xDC14, 0xDC34, 0xDC34, 0xDC14, 0xDC34, 0xDC34, 0xD3F3,
    0xC4D4, 0xFEDC, 0xF69B, 0xF6BB, 0xF6BB, 0xF6BB, 0xF6BB, 0xF6BB, 0xF6BC, 0xF6BC, 0xF6BB, 0xF6BC, 0xF6BC, 0xF6BB, 0xF6BC, 0xF6BB,
    0xF6BC, 0xF6BC, 0xF6BB, 0xF6BC, 0xF6BB, 0xF6BC, 0xF6BB, 0xF6BB, 0xF6BB, 0xF6BC, 0xF6BB, 0xF6BB, 0xF6BC, 0xF6BC, 0xF6BB, 0xF6BB,
    0xF6BC, 0xF6BB, 0xF6BB, 0xF6BB, 0xF6BB, 0xF6BC, 0xF6BB, 0xF6BB, 0xF6BB, 0xF6BB, 0xF6BB, 0xF6BB, 0xF6BB, 0xF6BC, 0xF6BB, 0xF6BB,
    0xF6BB, 0xF6BB, 0xF6BB, 0xF6BB, 0xF6BB, 0xF6BB, 0xF6BB, 0xF6BB, 0xF6BB, 0xF6BB, 0xF6BB, 0xF6BB, 0xF6BB, 0xF6DC, 0xF6BB, 0xF6BB,
    0xF6BC, 0xF6BB, 0xF6BC, 0xF6BB, 0xF6BB, 0xF6BB, 0xF6BC, 0xF6BB, 0xF6BC, 0xF6BB, 0xF6BB, 0xF6BC, 0xF6BB, 0xF6BB, 0xF6BB, 0xF6BB,
    0xF6BB, 0xF6BB, 0xF6BB, 0xF6BB, 0xF6BB, 0xF6BB, 0xF6BB, 0xF6BB, 0xF6BB, 0xF6BB, 0xF6BB, 0xF6BB, 0xF6BB, 0xF6BC, 0xF6BB, 0xF6BC,
    0xF6BB, 0xF6BB, 0xF6BB, 0xF6BB, 0xF6BB, 0xF6BB, 0xF6BB, 0xF6BB, 0xF6BC, 0xF6BB, 0xF6BB, 0xF6BC, 0xF6BB, 0xF6BB, 0xF6BB, 0xF6BB,
    0xF6BC, 0xF6BC, 0xF6BB, 0xF6BB, 0xF6BB, 0xF6BB, 0xF6BB, 0xF6BB, 0xF6BB, 0xF6BB, 0xF6BB, 0xFEDC, 0xE5F9, 0xDD16, 0xFDD9, 0xF5B9,
    0xF5B9, 0xF5B9, 0xF5B9, 0xF5B9, 0xF5B9, 0xF5B9, 0xF5B9, 0xF5B9, 0xF5B9, 0xF5B9, 0xF5B9, 0xF5B9, 0xF5B9, 0xF5B9, 0xD4D5, 0xED99,
    0xF5B9, 0xF5B9, 0xF5B8, 0xF599, 0xDCF6, 0xDCF6, 0xE537, 0xF5D9, 0xF5B9, 0xF5B9, 0xF5B9, 0xF5B9, 0xF5B9, 0xF5B9, 0xF5B9, 0xF5B9,
    0xF5B9, 0xF5B9, 0xF5B9, 0xF5B9, 0xF5B9, 0xF5B9, 0xF5B9, 0xF5B9, 0xF5B9, 0xF5B9, 0xF5B9, 0xF5B9, 0xF5B9, 0xF5B9, 0xF5B9, 0xF5B9,
    0xF5B9, 0xF5B9, 0xF5B9, 0xF5B9, 0xBD53, 0xA5F1, 0xA612, 0xA611, 0xA611, 0xA611, 0xA611, 0xA611, 0xA611, 0xA611, 0xA611, 0xA611,
    0xA611, 0xA611, 0xA611, 0xA611, 0xA611, 0xA5D0, 0xD556, 0xFDB9, 0xF5B9, 0xF5B9, 0xF5B9, 0xF5B9, 0xF5B9, 0xF5B9, 0xF5B9, 0xF5B9,
    0xF5B9, 0xF5B9, 0xF5B9, 0xF5B9, 0xF5B9, 0xF5B9, 0xF5B9, 0xF5B9, 0xF5B9, 0xF5B9, 0xF5B9, 0xF5B9, 0xFDD9, 0xDCF6, 0xDD16, 0xFDD9,
    0xF5B9, 0xF5B9, 0xE4D6, 0xD3F3, 0xDC34, 0xDC34, 0xDC34, 0xDC34, 0xDC34, 0xDC14, 0xDC34, 0xDC34, 0xDC34, 0xDC34, 0xDC34, 0xDC14,
    0xBC32, 0xF69B, 0xF6BB, 0xF6BB, 0xF6BB, 0xF6BB, 0xF6BB, 0xF6BB, 0xF6BC, 0xF6BC, 0xF6BB, 0xF6BB, 0xF6BB, 0xF6BB, 0xF6BB, 0xF6BB,
    0xF6BB, 0xF6BB, 0xF6BB, 0xF6BB, 0xF6BB, 0xF6BB, 0xF6BB, 0xF6BB, 0xF6BB, 0xF6BB, 0xF6BB, 0xF6BB, 0xF6BB, 0xF6BB, 0xF6BB, 0xF6BB,
    0xF6BB, 0xF6BB, 0xF6BB, 0xF6BC, 0xF6BB, 0xF6BB, 0xF6BB, 0xF6BB, 0xF6BB, 0xF6BB, 0xF6BC, 0xF6DB, 0xF6BB, 0xF6BB, 0xF6BB, 0xF6DC,
    0xF6BB, 0xF6BB, 0xF6BB, 0xF6BB, 0xF6BB, 0xF6BB, 0xF6BB, 0xF6BB, 0xF6BB, 0xF6BB, 0xF6BB, 0xF6BB, 0xF6BB, 0xF6DC, 0xF6BB, 0xF6BB,
    0xF6BB, 0xF6BB, 0xF6BB, 0xF6BB, 0xF6BB, 0xF6BB, 0xF6BB, 0xF6BB, 0xF6BC, 0xF6BB, 0xF6BB, 0xF6BB, 0xF6BB, 0xF6BB, 0xF6BB, 0xF6BC,
    0xF6BC, 0xF6BB, 0xF6BB, 0xF6BB, 0xF6BB, 0xF6BB, 0xF6BB, 0xF6BB, 0xF6BB, 0xF6BB, 0xF6BB, 0xF6BB, 0xF6BC, 0xF6BB, 0xF6BB, 0xF6BB,
    0xF6BB, 0xF6BB, 0xF6BB, 0xF6BC, 0xF6BC, 0xF6BB, 0xF6BB, 0xF6BB, 0xF6BC, 0xF6BB, 0xF6BB, 0xF6BB, 0xF6BB, 0xF6BB, 0xF6BB, 0xF6BB,
    0xF6BC, 0xF6BB, 0xF6BB, 0xF6DB, 0xF6BC, 0xF6BB, 0xF6DB, 0xF6BC, 0xF6BC, 0xF6BB, 0xF6BB, 0xFEDC, 0xD536, 0xED78, 0xF5B9, 0xF5B9,
    0xF5B8, 0xF5B9, 0xF5B9, 0xF5B9, 0xF5B9, 0xF5B9, 0xF5B8, 0xF5B8, 0xF5B9, 0xF5B9, 0xF5B9, 0xF5B9, 0xF5B9, 0xF5D9, 0xDD16, 0xDD16,
    0xF5B9, 0xF599, 0xF5B8, 0xF5B8, 0xDD16, 0xD4B4, 0xE557, 0xF5D9, 0xF5B9, 0xF5B9, 0xF5B9, 0xF5B8, 0xF5B9, 0xF5B9, 0xF5B9, 0xF5B9,
    0xF5B9, 0xF5B9, 0xF5B9, 0xF5B9, 0xF5B9, 0xF5B9, 0xF5B8, 0xF5B8, 0xF5B8, 0xF5B8, 0xF5B9, 0xF5B9, 0xF5B9, 0xF5B9, 0xF5B9, 0xF5B8,
    0xF5B8, 0xF5B9, 0xF5B9, 0xED98, 0xAD72, 0xA611, 0xA611, 0xA611, 0xA611, 0xA611, 0xA611, 0xA611, 0xA611, 0xA611, 0xA611, 0xA611,
    0xA611, 0xA611, 0xA611, 0xA611, 0xA611, 0xA5D1, 0xD556, 0xFDB9, 0xF5B9, 0xF5B9, 0xF5B9, 0xF5B9, 0xF5B8, 0xF5B9, 0xF5B9, 0xF5B8,
    0xF5B9, 0xF5B8, 0xF5B9, 0xF5B9, 0xF5B9, 0xF5B9, 0xF5B9, 0xF5B9, 0xF5B8, 0xF5B9, 0xF5B9, 0xF5B8, 0xFDD9, 0xDD17, 0xDCF6, 0xFDD9,
    0xF5B8, 0xF599, 0xDC55, 0xDC13, 0xDC34, 0xDC34, 0xDC34, 0xDC14, 0xDC34, 0xDC34, 0xDC34, 0xDC34, 0xDC34, 0xDC34, 0xDC34, 0xDC34,
    0xBBF2, 0xE61A, 0xFEBC, 0xF6BB, 0xF6BB, 0xF6BB, 0xF6BC, 0xF6BB, 0xF6BB, 0xF6BB, 0xF6BB, 0xF6BC, 0xF6BB, 0xF6BB, 0xF6BC, 0xF6BB,
    0xF6DB, 0xF6BB, 0xF6BC, 0xF6BB, 0xF6DB, 0xF6BC, 0xF6BC, 0xF6BB, 0xF6BB, 0xF6BB, 0xF6BC, 0xF6BB, 0xF6BB, 0xF6BB, 0xF6BB, 0xF6BB,
    0xF6BB, 0xF6BB, 0xF6BC, 0xF6BC, 0xF6BB, 0xF6BB, 0xF6BC, 0xF6BB, 0xF6DB, 0xF6BC, 0xF6BC, 0xF6DB, 0xF6DC, 0xF6DB, 0xF6BC, 0xFEDB,
    0xF6DB, 0xF6DC, 0xF6BB, 0xF6BB, 0xF6DB, 0xF6DC, 0xF6BB, 0xF6BB, 0xF6BB, 0xF6BB, 0xF6DC, 0xF6DC, 0xF6DC, 0xF6DC, 0xF6DC, 0xF6DC,
    0xF6BB, 0xF6BC, 0xF6BC, 0xF6BC, 0xF6BB, 0xF6BC, 0xF6BB, 0xF6BB, 0xF6BB, 0xF6BB, 0xF6BC, 0xF6BC, 0xF6BB, 0xF6BC, 0xF6BB, 0xF6BB,
    0xF6BB, 0xF6BC, 0xF6BB, 0xF6BB, 0xF6BB, 0xF6BB, 0xF6BC, 0xF6BC, 0xF6BB, 0xF6BB, 0xF6BB, 0xF6BB, 0xF6BB, 0xF6BB, 0xF6BB, 0xF6BC,
    0xF6BB, 0xF6BC, 0xF6BC, 0xF6BB, 0xF6BB, 0xF6BC, 0xF6BC, 0xF6BB, 0xF6BB, 0xF6BB, 0xF6BC, 0xF6BC, 0xF6BB, 0xF6BB, 0xF6BC, 0xF6BB,
    0xF6BB, 0xF6BB, 0xF6BB, 0xF6BC, 0xF6BB, 0xF6BB, 0xF6BC, 0xF6BB, 0xF6BB, 0xF6BB, 0xFEDC, 0xEE7A, 0xD516, 0xF5D9, 0xF5B9, 0xF5B9,
    0xF5B9, 0xF5B9, 0xF5B9, 0xF5B9, 0xF5B9, 0xF598, 0xF598, 0xF5B9, 0xF5B9, 0xF5B9, 0xF5B9, 0xF5D9, 0xF5B9, 0xF5B9, 0xF5B9, 0xCC94,
    0xF598, 0xF5B9, 0xF599, 0xF5B9, 0xDD16, 0xCC73, 0xF598, 0xF5B9, 0xF5B9, 0xF5B8, 0xF5B9, 0xF5B9, 0xF5B9, 0xF5B9, 0xF5B9, 0xF5B9,
    0xF5B9, 0xF5B9, 0xF5B9, 0xF5B9, 0xF5B9, 0xF5B9, 0xF5B9, 0xF5B9, 0xF5B9, 0xF5B9, 0xF5B9, 0xF5B9, 0xF5B9, 0xF5B8, 0xF5B9, 0xF5B9,
    0xF599, 0xF5B9, 0xF5B9, 0xE577, 0xA591, 0xA612, 0xA5F2, 0xA611, 0xA611, 0xA611, 0xA611, 0xA611, 0xA612, 0xA611, 0xA611, 0xA611,
    0xA611, 0xA611, 0xA611, 0xA5F1, 0xA612, 0xA5D0, 0xCD55, 0xFDB9, 0xF5B8, 0xF5B9, 0xF5B9, 0xF5B9, 0xF5B8, 0xF5B9, 0xF5B9, 0xF5B9,
    0xF5B9, 0xF5B9, 0xF5B9, 0xF5B9, 0xF5B9, 0xF5B9, 0xF5B9, 0xF5B9, 0xF5B9, 0xF5B9, 0xF5B9, 0xF5B9, 0xF5D9, 0xE537, 0xDCD6, 0xFDDA,
    0xF5B9, 0xED37, 0xDC34, 0xDC34, 0xDC14, 0xDC14, 0xDC34, 0xDC34, 0xDC14, 0xDC34, 0xDC34, 0xDC34, 0xDC14, 0xDC14, 0xDC34, 0xDC35,
    0xC3F2, 0xD597, 0xFEFC, 0xF6BB, 0xF6BB, 0xF6BB, 0xF6BB, 0xF6BB, 0xF6BC, 0xF6BC, 0xF6BB, 0xF6BC, 0xF6BB, 0xF6BB, 0xF6BB, 0xF6BB,
    0xF6BC, 0xF6BC, 0xF6BB, 0xF6BC, 0xF6BB, 0xF6BB, 0xF6BB, 0xF6BC, 0xF6BC, 0xF6BB, 0xF6BC, 0xF6BB, 0xF6BC, 0xF6BC, 0xF6BB, 0xF6BB,
    0xF6BB, 0xF6BB, 0xF6BB, 0xF6BB, 0xF6BC, 0xF6BC, 0xF6BB, 0xF6BC, 0xF6BC, 0xF6BB, 0xF6BB, 0xF6BC, 0xF6DC, 0xF6BB, 0xF6BC, 0xF6DB,
    0xF6DB, 0xF6DB, 0xF6BB, 0xF6BB, 0xF6DB, 0xF6DB, 0xF6DC, 0xF6DB, 0xF6BB, 0xF6DC, 0xF6DC, 0xF6DC, 0xF6DC, 0xF6DC, 0xF6DC, 0xF6DC,
    0xF6BC, 0xF6BB, 0xF6BC, 0xF6BB, 0xF6BB, 0xF6BB, 0xF6BB, 0xF6BC, 0xF6BB, 0xF6BB, 0xF6BB, 0xF6BC, 0xF6BB, 0xF6BB, 0xF6BC, 0xF6BB,
    0xF6BB, 0xF6BB, 0xF6BB, 0xF6BB, 0xF6BC, 0xF6BB, 0xF6BB, 0xF6BB, 0xF6BB, 0xF6BB, 0xF6BB, 0xF6BC, 0xF6BB, 0xF6BB, 0xF6BB, 0xF6BC,
    0xF6BB, 0xF6BB, 0xF6BC, 0xF6BB, 0xF6BB, 0xF6BB, 0xF6BB, 0xF6BB, 0xF6BC, 0xF6BB, 0xF6BB, 0xF6BC, 0xF6BB, 0xF6BB, 0xF6BB, 0xF6BC,
    0xF6BB, 0xF6BB, 0xF6BB, 0xF6BB, 0xF6BC, 0xF6BB, 0xF6BC, 0xF6BB, 0xF6BB, 0xF6BB, 0xFEDC, 0xDDB7, 0xE557, 0xF5D9, 0xF5B9, 0xF5B9,
    0xF5B9, 0xF5B9, 0xF5B8, 0xF5B9, 0xF5B9, 0xF578, 0xF598, 0xF5B9, 0xF5B9, 0xF5B9, 0xF5B9, 0xF5B9, 0xF5B9, 0xF5B8, 0xFDD9, 0xDD16,
    0xE536, 0xF5D9, 0xF598, 0xF5B9, 0xE516, 0xB3D1, 0xF5B9, 0xF5B9, 0xF5B9, 0xF5B9, 0xF5B9, 0xF5B9, 0xF5B9, 0xF5B9, 0xF5B9, 0xF5B9,
    0xF5B9, 0xF5B9, 0xF5B9, 0xF5B9, 0xF5B9, 0xF5B9, 0xF5B8, 0xF5B9, 0xF5B9, 0xF5B9, 0xF5B9, 0xF5B9, 0xF5B9, 0xF5B9, 0xF5B9, 0xF5B8,
    0xF5B9, 0xF5B9, 0xF5D9, 0xDD77, 0xA5B1, 0xA611, 0xA611, 0xA611, 0xA611, 0xA611, 0xA611, 0xA611, 0xA611, 0xA611, 0xA611, 0xA611,
    0xA611, 0xA611, 0xA5F1, 0xA611, 0xA611, 0xA5B1, 0xDD76, 0xFDB9, 0xF5B9, 0xF5B9, 0xF5B9, 0xF5B9, 0xF5B9, 0xF5B9, 0xF5B9, 0xF5B8,
    0xF5B9, 0xF5B9, 0xF5B9, 0xF5B9, 0xF5B9, 0xF5B9, 0xF5B9, 0xF5B9, 0xF5B9, 0xF5B9, 0xF5B8, 0xF5B9, 0xF5D9, 0xE537, 0xD4B5, 0xFDD9,
    0xF598, 0xE475, 0xDC14, 0xDC34, 0xDC14, 0xDC34, 0xDC14, 0xDC34, 0xDC34, 0xDC34, 0xDC34, 0xDC34, 0xDC34, 0xDC14, 0xDC34, 0xDC34,
    0xCBF3, 0xC4D4, 0xFEFC, 0xF6BB, 0xF6BB, 0xF6BB, 0xF6BC, 0xF6BB, 0xF6BC, 0xF6BC, 0xF6BB, 0xF6BB, 0xF6BB, 0xF6BC, 0xF6BB, 0xF6BB,
    0xF6DB, 0xF6BC, 0xF6DC, 0xF6BB, 0xF6BC, 0xF6BB, 0xF6BB, 0xF6DB, 0xF6DB, 0xF6DB, 0xF6BC, 0xF6BB, 0xF6BB, 0xF6BC, 0xF6BB, 0xF6BB,
    0xF6BB, 0xF6BC, 0xF6BB, 0xF6BC, 0xF6BB, 0xF6BC, 0xF6BC, 0xF6BB, 0xF6BC, 0xF6BC, 0xF6BB, 0xF6DC, 0xF6BC, 0xF6BC, 0xF6BC, 0xF6DB,
    0xF6BB, 0xF6DB, 0xF6DB, 0xF6BB, 0xF6DB, 0xF6DB, 0xF6DB, 0xF6DB, 0xF6DC, 0xF6DC, 0xF6DC, 0xF6DC, 0xF6DC, 0xF6DC, 0xF6DC, 0xF6DC,
    0xF6BB, 0xF6BB, 0xF6BC, 0xF6BB, 0xF6BB, 0xF6BC, 0xF6BC, 0xF6BC, 0xF6BB, 0xF6BB, 0xF6BB, 0xF6BC, 0xF6BB, 0xF6BB, 0xF6BC, 0xF6BC,
    0xF6BC, 0xF6BB, 0xF6BC, 0xF6BB, 0xF6BB, 0xF6BB, 0xF6BB, 0xF6BB, 0xF6BB, 0xF6BB, 0xF6BC, 0xF6BC, 0xF6BB, 0xF6BB, 0xF6BB, 0xF6BC,
    0xF6BC, 0xF6BB, 0xF6BC, 0xF6BC, 0xF6BC, 0xF6BB, 0xF6BC, 0xF6BC, 0xF6BB, 0xF6BB, 0xF6BB, 0xF6BB, 0xF6DB, 0xF6BB, 0xF6BC, 0xF6BC,
    0xF6BB, 0xF6BB, 0xF6BB, 0xF6BB, 0xF6BC, 0xF6BB, 0xF6BC, 0xF6BC, 0xF6BC, 0xF6BC, 0xF6BB, 0xCD16, 0xF5B8, 0xF5B9, 0xF5B9, 0xF5B9,
    0xF5B8, 0xF5B9, 0xF5B9, 0xF5B9, 0xF5B9, 0xED78, 0xF598, 0xF5B9, 0xF5B9, 0xF5B9, 0xF5B9, 0xF5B9, 0xF5B9, 0xF5B9, 0xF5B9, 0xED99,
    0xD4B5, 0xF5B9, 0xF599, 0xF5B9, 0xED77, 0xBC32, 0xF5B9, 0xF599, 0xF5B9, 0xF5B9, 0xF5B9, 0xF5B8, 0xF5B9, 0xF5B9, 0xF5B9, 0xF5B9,
    0xF5B9, 0xF5B9, 0xF5B9, 0xF5B9, 0xF5B9, 0xF5B9, 0xF5B9, 0xF5B9, 0xF5B9, 0xF5B8, 0xF5B9, 0xF5B9, 0xF5B9, 0xF5B9, 0xF5B9, 0xF5B8,
    0xF5B9, 0xF5B9, 0xF5B9, 0xDD76, 0xA5B1, 0xA611, 0xA611, 0xA611, 0xA611, 0xA611, 0xA611, 0xA611, 0xA611, 0xA611, 0xA611, 0xA611,
    0xA611, 0xA611, 0xA611, 0xA611, 0xA611, 0xA5B1, 0xE578, 0xF5B9, 0xF5B9, 0xF5B9, 0xF5B9, 0xF5B9, 0xF5B9, 0xF5B9, 0xF5B9, 0xF5B9,
    0xF5B9, 0xF5B8, 0xF5B9, 0xF5B9, 0xF5B9, 0xF5B9, 0xF5B9, 0xF5B8, 0xF5B8, 0xF5B9, 0xF5B9, 0xF5B9, 0xF5B9, 0xE537, 0xCC94, 0xFDD9,
    0xED17, 0xDC14, 0xDC34, 0xDC34, 0xDC34, 0xDC34, 0xDC14, 0xDC34, 0xDC34, 0xDC34, 0xDC34, 0xDC34, 0xDC34, 0xDC34, 0xDC34, 0xDC34,
    0xDC14, 0xBC33, 0xF6BB, 0xF6BB, 0xF6BC, 0xF6BB, 0xF6BB, 0xF6BB, 0xF6BC, 0xF6DB, 0xF6DB, 0xF6BC, 0xF6BC, 0xF6BC, 0xF6BB, 0xF6BB,
    0xF6DB, 0xF6BC, 0xF6DB, 0xF6BB, 0xF6BC, 0xF6BC, 0xF6BC, 0xF6DC, 0xF6DC, 0xF6DB, 0xF6DB, 0xF6DB, 0xF6BC, 0xF6BB, 0xF6BB, 0xF6BB,
    0xF6BC, 0xF6BC, 0xF6BC, 0xF6BB, 0xF6DB, 0xF6BC, 0xF6BC, 0xF6BB, 0xF6BC, 0xF6BC, 0xF6BC, 0xF6BC, 0xF6BB, 0xF6BC, 0xF6BB, 0xF6BB,
    0xF6BB, 0xF6DC, 0xF6DC, 0xF6DC, 0xF6DC, 0xF6DB, 0xF6DB, 0xF6DC, 0xF6DC, 0xF6DC, 0xF6DC, 0xF6DC, 0xF6DC, 0xF6DC, 0xF6DC, 0xF6DC,
    0xF6BB, 0xF6BB, 0xF6BB, 0xF6BC, 0xF6BB, 0xF6BB, 0xF6BB, 0xF6BB, 0xF6BB, 0xF6BC, 0xF6BB, 0xF6BB, 0xF6BB, 0xF6BB, 0xF6BB, 0xF6BB,
    0xF6BB, 0xF6BB, 0xF6BB, 0xF6BB, 0xF6BB, 0xF6BB, 0xF6BB, 0xF6BB, 0xF6BB, 0xF6BB, 0xF6BB, 0xF6BB, 0xF6BB, 0xF6BC, 0xF6BB, 0xF6BC,
    0xF6BB, 0xF6BB, 0xF6BB, 0xF6BB, 0xF6BB, 0xF6BB, 0xF6BB, 0xF6BC, 0xF6BB, 0xF6BB, 0xF6DB, 0xF6BC, 0xF6BB, 0xF6BB, 0xF6BB, 0xF6BB,
    0xF6BB, 0xF6BC, 0xF6BB, 0xF6BB, 0xF6BB, 0xF6BB, 0xF6BB, 0xF6BB, 0xF6BB, 0xFEFC, 0xE618, 0xD516, 0xF5D9, 0xF5B9, 0xF5B8, 0xF5B9,
    0xF5B9, 0xF5B9, 0xF5B9, 0xF5B9, 0xF5B9, 0xED78, 0xF598, 0xF5B9, 0xF5B9, 0xF5B9, 0xF5B9, 0xF5B9, 0xF5B9, 0xF5B8, 0xF5B8, 0xF5D9,
    0xDCF5, 0xE537, 0xF5B9, 0xF5B8, 0xED78, 0xDCF5, 0xF5B9, 0xF5B8, 0xF5B9, 0xF5B9, 0xF5B9, 0xF5B9, 0xF5B9, 0xF5B9, 0xF5B9, 0xF5B8,
    0xF5B9, 0xF5B9, 0xF5B8, 0xF5B9, 0xF5B9, 0xF5B9, 0xF5B9, 0xF5B9, 0xF5B9, 0xF5B9, 0xF5B9, 0xF5B9, 0xF5B9, 0xF5B9, 0xF5B9, 0xF5B9,
    0xF5B9, 0xF5B9, 0xF5B9, 0xE577, 0xA5B1, 0xA611, 0xA611, 0xA611, 0xA611, 0xA611, 0xA611, 0xA611, 0xA611, 0xA611, 0xA611, 0xA611,
    0xA611, 0xA611, 0xA611, 0xA611, 0xA611, 0xAD91, 0xED98, 0xF5B9, 0xF5B9, 0xF5B9, 0xF5B8, 0xF5B8, 0xF5B9, 0xF5B9, 0xF5B9, 0xF5B9,
    0xF5B9, 0xF5B9, 0xF5B9, 0xF5B8, 0xF5B8, 0xF5B8, 0xF5B9, 0xF5B9, 0xF5B9, 0xF5B9, 0xF5B9, 0xF5B8, 0xF5D9, 0xED57, 0xCC74, 0xF5B8,
    0xDC54, 0xDC14, 0xDC34, 0xDC34, 0xDC34, 0xDC14, 0xDC34, 0xDC34, 0xDC34, 0xDC34, 0xDC34, 0xDC34, 0xDC34, 0xDC34, 0xDC34, 0xDC34,
    0xDC54, 0xBBD2, 0xE619, 0xFEFC, 0xF6BB, 0xF6BB, 0xF6DB, 0xF6BB, 0xF6DB, 0xF6BC, 0xF6BB, 0xF6BB, 0xF6DB, 0xF6BB, 0xF6BB, 0xF6BC,
    0xF6BB, 0xF6BC, 0xF6BB, 0xF6BB, 0xF6BB, 0xF6BB, 0xF6BB, 0xF6DB, 0xF6DB, 0xF6DB, 0xF6DB, 0xF6DB, 0xF6BB, 0xF6BC, 0xF6BC, 0xF6BB,
    0xF6BB, 0xF6BB, 0xF6BB, 0xF6BC, 0xF6BB, 0xF6BB, 0xF6BB, 0xF6BB, 0xF6DB, 0xF6BB, 0xF6BB, 0xF6DB, 0xF6BB, 0xF6BC, 0xF6BB, 0xF6DC,
    0xF6BB, 0xF6DC, 0xF6DC, 0xF6DC, 0xF6DC, 0xF6DC, 0xF6DC, 0xF6DC, 0xF6DC, 0xF6DC, 0xF6DC, 0xF6DC, 0xF6DC, 0xF6DC, 0xF6DC, 0xF6DC,
    0xF6DB, 0xF6BC, 0xF6BB, 0xF6BB, 0xF6BB, 0xF6BB, 0xF6BB, 0xF6BB, 0xF6BB, 0xF6BB, 0xF6BB, 0xF6BB, 0xF6BC, 0xF6BC, 0xF6BB, 0xF6BC,
    0xF6BC, 0xF6BB, 0xF6BC, 0xF6BB, 0xF6BB, 0xF6BC, 0xF6BB, 0xF6BB, 0xF6BB, 0xF6BB, 0xF6BB, 0xF6BB, 0xF6BB, 0xF6BB, 0xF6BC, 0xF6BB,
    0xF6BB, 0xF6BC, 0xF6BB, 0xF6BC, 0xF6BC, 0xF6BB, 0xF6BB, 0xF6BB, 0xF6BB, 0xF6BC, 0xF6BC, 0xF6BB, 0xF6BB, 0xF6BB, 0xF6BB, 0xF6BB,
    0xF6BB, 0xF6BB, 0xF6BB, 0xF6BB, 0xF6BB, 0xF6BC, 0xF6BB, 0xF6BB, 0xF6BC, 0xFEDC, 0xD576, 0xE578, 0xF5D9, 0xF5B9, 0xF5B9, 0xF5B9,
    0xF5B9, 0xF5B9, 0xF5B9, 0xF5B9, 0xF5B9, 0xED57, 0xED98, 0xF5B9, 0xF5B9, 0xF5B9, 0xF5B9, 0xF5B8, 0xF5B9, 0xF5B9, 0xF5B9, 0xF5B9,
    0xED78, 0xD4B4, 0xF5B9, 0xF5B9, 0xE557, 0xDD16, 0xF5B9, 0xF5B9, 0xF5B9, 0xF5B9, 0xF5B9, 0xF5B9, 0xF5B8, 0xF5B9, 0xF5B9, 0xF5B8,
    0xF5B9, 0xF5B9, 0xF5B9, 0xF5B9, 0xF5B9, 0xF5B9, 0xF5B9, 0xF5B9, 0xF5B9, 0xF5B9, 0xF5B9, 0xF5B9, 0xF5B9, 0xF5B9, 0xF5B9, 0xF5B9,
    0xF5B9, 0xF5B9, 0xF5B9, 0xED98, 0xAD72, 0xA611, 0xADF1, 0xA611, 0xA611, 0xA611, 0xA611, 0xA611, 0xA611, 0xA611, 0xA611, 0xA611,
    0xA611, 0xA611, 0xA611, 0xA611, 0xA5F1, 0xC555, 0xF5B9, 0xF599, 0xF5B9, 0xF5B9, 0xF5B9, 0xF5B9, 0xF5B9, 0xF5B9, 0xF5B9, 0xF5B9,
    0xF5B9, 0xF5B9, 0xF5B9, 0xF5B9, 0xF5B9, 0xF5B8, 0xF5B9, 0xF5B9, 0xF5B9, 0xF5B9, 0xF5B9, 0xF5B9, 0xF5D8, 0xED58, 0xCC74, 0xE4F6,
    0xD414, 0xDC34, 0xDC34, 0xDC14, 0xDC34, 0xDC34, 0xDC14, 0xDC34, 0xDC34, 0xDC34, 0xDC34, 0xDC34, 0xDC34, 0xDC34, 0xDC34, 0xDC34,
    0xDC54, 0xCBD3, 0xCD36, 0xFEFC, 0xF6BB, 0xF6BB, 0xF6BB, 0xF6BC, 0xF6BB, 0xF6BB, 0xF6BB, 0xF6BB, 0xF6BB, 0xF6BB, 0xF6BB, 0xF6BB,
    0xF6BB, 0xF6BB, 0xF6DC, 0xF6BC, 0xF6BB, 0xF6BC, 0xF6DC, 0xF6DB, 0xF6BB, 0xF6BB, 0xF6DB, 0xF6DC, 0xF6BC, 0xF6BB, 0xF6BB, 0xF6DB,
    0xF6DB, 0xF6DB, 0xF6BB, 0xF6BB, 0xF6BB, 0xF6BB, 0xF6DB, 0xF6BC, 0xF6DB, 0xF6BB, 0xF6BC, 0xF6BB, 0xF6DB, 0xF6DB, 0xF6DB, 0xF6DB,
    0xF6DB, 0xF6DC, 0xF6DB, 0xF6DB, 0xF6DC, 0xF6DC, 0xF6DC, 0xF6DC, 0xF6DC, 0xF6DC, 0xF6DC, 0xF6DC, 0xF6DC, 0xF6DC, 0xF6DC, 0xF6DB,
    0xF6DC, 0xF6BB, 0xF6BC, 0xF6BC, 0xF6BC, 0xF6BB, 0xF6BB, 0xF6BB, 0xF6BC, 0xF6BC, 0xF6BC, 0xF6DB, 0xF6BC, 0xF6BC, 0xF6BC, 0xF6BB,
    0xF6BB, 0xF6BC, 0xF6DB, 0xF6BC, 0xF6BC, 0xF6BB, 0xF6BC, 0xF6BB, 0xF6BC, 0xF6BB, 0xF6DC, 0xF6DB, 0xF6BC, 0xF6BC, 0xF6BC, 0xF6BB,
    0xF6DB, 0xF6BC, 0xF6BC, 0xF6BB, 0xF6BB, 0xF6BB, 0xF6BB, 0xF6BB, 0xF6BC, 0xF6BB, 0xF6BB, 0xF6BC, 0xF6BC, 0xF6BB, 0xF6BB, 0xF6BB,
    0xF6BB, 0xF6BC, 0xF6BC, 0xF6DB, 0xF6DB, 0xF6BC, 0xF6BC, 0xF6BB, 0xF6DC, 0xEE7A, 0xCD15, 0xF5B9, 0xF5B9, 0xF5B8, 0xF5B9, 0xF5B9,
    0xF5B9, 0xF5B9, 0xF5B9, 0xF5B8, 0xF5B9, 0xED57, 0xED78, 0xF5B9, 0xF5B9, 0xF5B9, 0xF5B9, 0xF5B9, 0xF5B9, 0xF5B9, 0xF5B9, 0xF5B8,
    0xF5D9, 0xD4F5, 0xE537, 0xFDDA, 0xE516, 0xE536, 0xF5B9, 0xF5B9, 0xF5B8, 0xF5B9, 0xF5B9, 0xF5B9, 0xF5B9, 0xF5B9, 0xF5B9, 0xF5B9,
    0xF5B9, 0xF5B9, 0xF5B9, 0xF5B8, 0xF5B9, 0xF5B9, 0xF5B8, 0xF5B9, 0xF5B9, 0xF5B9, 0xF5B9, 0xF5B9, 0xF5B8, 0xF5B9, 0xF5B9, 0xF5B9,
    0xF5B9, 0xF5B9, 0xF5B9, 0xFDB9, 0xC554, 0x9DD0, 0xA612, 0xA611, 0xA611, 0xA611, 0xA611, 0xA611, 0xA611, 0xA612, 0xA611, 0xA611,
    0xA611, 0xA611, 0xAE11, 0xA611, 0xAD92, 0xED98, 0xF5B9, 0xF5B9, 0xF5B9, 0xF5B9, 0xF5B9, 0xF5B9, 0xF5B9, 0xF5B9, 0xF5B9, 0xF5B9,
    0xF5B9, 0xF5B9, 0xF5B9, 0xF5B9, 0xF5B9, 0xF5B9, 0xF5B9, 0xF5B9, 0xF5B9, 0xF5B9, 0xF5B9, 0xF5B9, 0xF5B9, 0xF598, 0xC3D2, 0xD434,
    0xDC34, 0xDC34, 0xDC34, 0xDC34, 0xDC34, 0xDC34, 0xDC14, 0xDC34, 0xDC34, 0xDC34, 0xDC34, 0xDC34, 0xDC34, 0xDC34, 0xDC34, 0xDC34,
    0xDC34, 0xD414, 0xBC73, 0xFEDC, 0xF6BB, 0xF6BB, 0xF6BC, 0xF6BB, 0xF6BB, 0xF6DB, 0xF6DC, 0xF6DC, 0xF6BB, 0xF6BB, 0xF6BC, 0xF6DC,
    0xF6BC, 0xF6DB, 0xF6DC, 0xF6BC, 0xF6DC, 0xF6DC, 0xF6DB, 0xFEDC, 0xF6DB, 0xF6DB, 0xF6DC, 0xF6DB, 0xF6DC, 0xF6DC, 0xF6DC, 0xFEDB,
    0xF6DC, 0xF6DB, 0xF6DC, 0xFEDB, 0xF6DC, 0xF6DC, 0xFEDC, 0xFEDC, 0xFEDC, 0xF6DB, 0xF6DC, 0xF6DC, 0xF6DB, 0xF6DB, 0xFEDC, 0xF6DB,
    0xF6DB, 0xF6DB, 0xF6DB, 0xF6DC, 0xF6DC, 0xF6DC, 0xF6DC, 0xF6DC, 0xF6DC, 0xF6DC, 0xF6DC, 0xF6DC, 0xF6DC, 0xF6DC, 0xF6DC, 0xF6DC,
    0xF6DC, 0xF6DC, 0xF6DC, 0xFEDB, 0xF6DC, 0xF6DC, 0xF6BC, 0xF6BB, 0xF6BB, 0xF6DB, 0xF6BC, 0xF6DB, 0xF6DB, 0xF6BB, 0xF6BB, 0xF6DB,
    0xF6DC, 0xF6DC, 0xF6DC, 0xFEDC, 0xF6DC, 0xF6DB, 0xF6DB, 0xF6DB, 0xF6BB, 0xF6BC, 0xF6DC, 0xF6DB, 0xF6DB, 0xF6DB, 0xF6DB, 0xF6DB,
    0xF6DB, 0xF6BB, 0xF6DB, 0xF6DB, 0xF6BC, 0xF6BC, 0xF6BC, 0xF6BB, 0xF6BC, 0xF6BC, 0xF6BB, 0xF6DB, 0xF6BB, 0xF6BB, 0xF6BC, 0xF6DC,
    0xF6DC, 0xF6DB, 0xF6DC, 0xF6DB, 0xF6DB, 0xF6BB, 0xF6BB, 0xF6BB, 0xFEFC, 0xDDD8, 0xDD37, 0xF5D9, 0xF5B9, 0xF5B9, 0xF5B9, 0xF5B9,
    0xF5B9, 0xF5B9, 0xF5B9, 0xF5B9, 0xF5B9, 0xED57, 0xED77, 0xF5B9, 0xF5B9, 0xF5B9, 0xF5B8, 0xF5B9, 0xF5B9, 0xF5B9, 0xF5B9, 0xF5B9,
    0xF5B9, 0xED99, 0xD4B5, 0xFDB9, 0xDCF5, 0xED57, 0xF5B9, 0xF599, 0xF5B9, 0xF5B9, 0xF5B8, 0xF5B9, 0xF5B9, 0xF5B9, 0xF5B9, 0xF5B9,
    0xF5B9, 0xF5B9, 0xF5B9, 0xF5B9, 0xF5B9, 0xF5B9, 0xF5B9, 0xF5B9, 0xF5B8, 0xF5B9, 0xF5B9, 0xF5B9, 0xF5B9, 0xF5B9, 0xF5B9, 0xF5B9,
    0xF5B9, 0xF5B9, 0xF5B9, 0xF5B9, 0xF599, 0xB552, 0xA5F1, 0xA611, 0xA612, 0xA612, 0xA611, 0xA611, 0xA611, 0xA611, 0xA611, 0xA612,
    0xA611, 0xAE11, 0xA611, 0xAD91, 0xE577, 0xF5B9, 0xF599, 0xF5B8, 0xF5B9, 0xF5B9, 0xF599, 0xF5B9, 0xF5B9, 0xF5B9, 0xF5B9, 0xF5B9,
    0xF5B9, 0xF5B9, 0xF5B9, 0xF5B9, 0xF5B9, 0xF5B9, 0xF5B9, 0xF5B9, 0xF5B9, 0xF5B9, 0xF5B9, 0xF5B8, 0xF5B9, 0xF599, 0xBBB1, 0xD3F3,
    0xDC34, 0xDC34, 0xDC14, 0xDC34, 0xDC34, 0xDC34, 0xDC34, 0xDC34, 0xDC34, 0xDC34, 0xDC34, 0xDC34, 0xDC34, 0xDC34, 0xDC34, 0xDC34,
    0xDC34, 0xDC34, 0xBBF2, 0xEE5B, 0xFEDC, 0xF6BB, 0xF6BC, 0xF6BB, 0xF6DB, 0xF6DB, 0xF6DC, 0xF6DC, 0xF6DC, 0xF6DB, 0xF6DB, 0xF6DB,
    0xF6DC, 0xF6DB, 0xF6DC, 0xF6BB, 0xF6DB, 0xF6DC, 0xF6DC, 0xF6DC, 0xF6DB, 0xF6DB, 0xF6DC, 0xF6DC, 0xF6DC, 0xF6DB, 0xF6DB, 0xFEDB,
    0xF6DC, 0xF6DC, 0xF6DC, 0xF6DB, 0xF6DC, 0xF6DC, 0xF6DC, 0xF6DC, 0xF6DB, 0xF6DB, 0xF6DB, 0xF6DC, 0xF6DC, 0xF6DB, 0xF6DC, 0xF6DC,
    0xF6DC, 0xF6DC, 0xF6DC, 0xF6DC, 0xF6DC, 0xF6DC, 0xF6DC, 0xF6DC, 0xF6DC, 0xF6DC, 0xF6DC, 0xF6DC, 0xF6DC, 0xF6DC, 0xF6DC, 0xF6DC,
    0xF6DB, 0xF6DB, 0xFEDB, 0xF6DC, 0xF6DB, 0xF6DB, 0xF6DB, 0xF6DB, 0xF6DC, 0xF6DC, 0xF6DB, 0xFEDB, 0xF6DC, 0xF6BC, 0xF6BB, 0xF6DB,
    0xF6DB, 0xF6DC, 0xF6DC, 0xF6DB, 0xF6DB, 0xF6DB, 0xF6DB, 0xF6DC, 0xF6BB, 0xF6BB, 0xFEDB, 0xF6DB, 0xF6DB, 0xFEDB, 0xFEDB, 0xFEDB,
    0xFEDB, 0xF6BC, 0xF6DC, 0xF6DB, 0xF6DB, 0xF6DB, 0xF6DC, 0xF6DC, 0xF6DB, 0xF6DB, 0xF6DB, 0xF6DC, 0xF6DC, 0xF6DC, 0xF6DC, 0xF6DC,
    0xF6DC, 0xF6DC, 0xF6DB, 0xF6DB, 0xF6DB, 0xF6BC, 0xF6BC, 0xF6BC, 0xF6DB, 0xD536, 0xF5B8, 0xF5B9, 0xF5B9, 0xF5B9, 0xF5B9, 0xF5B9,
    0xF5B9, 0xF5B9, 0xF5B9, 0xF5B9, 0xF5B9, 0xED78, 0xE557, 0xF5B9, 0xF5B9, 0xF5B9, 0xF5B9, 0xF5B9, 0xF5B8, 0xF5B9, 0xF5B9, 0xF5B9,
    0xF5B9, 0xF5D9, 0xDD16, 0xE537, 0xDD16, 0xED78, 0xF5B9, 0xF5B9, 0xF5B9, 0xF5B9, 0xF5B9, 0xF5B9, 0xF5B9, 0xF5B9, 0xF599, 0xF5B9,
    0xF5B9, 0xF5B9, 0xF5B9, 0xF5B9, 0xF5B9, 0xF5B9, 0xF5B9, 0xF5B8, 0xF5B9, 0xF5B9, 0xF5B9, 0xF5B9, 0xF5B9, 0xF5B9, 0xF5B9, 0xF5B9,
    0xF5B9, 0xF5B9, 0xF5B9, 0xF599, 0xF5B9, 0xED98, 0xC574, 0xADB1, 0xA5F0, 0xA611, 0xA611, 0xA611, 0xA611, 0xA631, 0xA611, 0xA611,
    0xA5F1, 0xA5B1, 0xB573, 0xE577, 0xF599, 0xF5B8, 0xF599, 0xF599, 0xF5B9, 0xF5B8, 0xF5B9, 0xF5B9, 0xF5B9, 0xF5B9, 0xF5B9, 0xF5B9,
    0xF5B9, 0xF5B9, 0xF5B9, 0xF5B9, 0xF5B9, 0xF5B9, 0xF5B9, 0xF5B9, 0xF5B9, 0xF5B9, 0xF5B9, 0xF5B9, 0xF5B9, 0xF5B8, 0xC3D1, 0xCBF3,
    0xDC34, 0xDC14, 0xDC14, 0xDC14, 0xDC14, 0xDC34, 0xDC34, 0xDC34, 0xDC34, 0xDC34, 0xDC34, 0xDC34, 0xDC34, 0xDC34, 0xDC34, 0xDC14,
    0xD434, 0xDC34, 0xC3D2, 0xD597, 0xFEFC, 0xF6BB, 0xF6BB, 0xF6DB, 0xF6DB, 0xF6DC, 0xF6DC, 0xF6DB, 0xF6DB, 0xF6DB, 0xF6DB, 0xF6DC,
    0xF6DB, 0xF6DC, 0xF6DC, 0xF6DC, 0xF6DC, 0xF6DC, 0xF6DB, 0xF6DB, 0xF6DB, 0xF6DB, 0xF6DC, 0xF6DC, 0xF6DC, 0xF6DC, 0xF6DC, 0xF6DB,
    0xF6DC, 0xF6DC, 0xF6DC, 0xF6DC, 0xF6DC, 0xF6DC, 0xF6DC, 0xF6DC, 0xF6DC, 0xF6DC, 0xF6DB, 0xF6DB, 0xF6DC, 0xF6DC, 0xF6DC, 0xF6DC,
    0xF6DC, 0xF6DC, 0xF6DC, 0xF6DB, 0xF6DC, 0xF6DC, 0xF6DC, 0xF6DC, 0xF6DC, 0xF6DC, 0xF6DC, 0xF6DC, 0xF6DC, 0xF6DC, 0xF6DC, 0xF6DC,
    0xF6DC, 0xF6DC, 0xF6DC, 0xF6DC, 0xF6DB, 0xF6DB, 0xF6DB, 0xF6DB, 0xF6DC, 0xF6DC, 0xF6DB, 0xF6DC, 0xF6DB, 0xF6DC, 0xF6DC, 0xF6BB,
    0xF6DB, 0xFEDB, 0xF6DC, 0xF6DB, 0xF6DB, 0xF6DB, 0xF6DB, 0xF6DB, 0xF6DB, 0xF6BB, 0xF6DB, 0xF6DB, 0xF6BB, 0xF6DB, 0xFEDB, 0xF6DC,
    0xF6DC, 0xF6DC, 0xFEDC, 0xFEDB, 0xF6DB, 0xF6DB, 0xF6DC, 0xF6BC, 0xF6DB, 0xFEDB, 0xFEDB, 0xF6DC, 0xF6DC, 0xF6DC, 0xF6DC, 0xF6DC,
    0xF6DC, 0xF6DC, 0xF6DB, 0xF6DC, 0xF6DC, 0xF6DB, 0xF6BB, 0xFEFC, 0xE639, 0xD516, 0xFDF9, 0xF5B9, 0xF5B9, 0xF5B9, 0xF5B9, 0xF5B9,
    0xF5B9, 0xF5B9, 0xF5B9, 0xF5B9, 0xF5B9, 0xED78, 0xE536, 0xF5B9, 0xF5B9, 0xF5B9, 0xF5B9, 0xF5B9, 0xF5B9, 0xF5B9, 0xF5B9, 0xF5B9,
    0xF5B9, 0xF5B8, 0xF5B9, 0xCCB4, 0xD4B5, 0xF599, 0xF5B9, 0xF5B9, 0xF5B9, 0xF5B9, 0xF5B9, 0xF5B8, 0xF5B9, 0xF5B9, 0xF599, 0xF5B9,
    0xF5B9, 0xF5B9, 0xF5B9, 0xF5B9, 0xF5B9, 0xF5B8, 0xF5B9, 0xF5B9, 0xF5B9, 0xF5B9, 0xF5B9, 0xF5B9, 0xF5B9, 0xF5B9, 0xF5B9, 0xF5B8,
    0xF5B9, 0xF5B9, 0xF5B9, 0xF599, 0xF5B9, 0xF5B8, 0xF5B9, 0xED77, 0xCD75, 0xBD74, 0xB592, 0xAD92, 0xAD92, 0xAD92, 0xAD72, 0xBD73,
    0xC574, 0xDD77, 0xF5B9, 0xF5B9, 0xF5B9, 0xF5B9, 0xF5B9, 0xF5B9, 0xF5B9, 0xF5B9, 0xF5B9, 0xF5B9, 0xF5B9, 0xF5B9, 0xF5B9, 0xF5B9,
    0xF5B9, 0xF5B9, 0xF5B9, 0xF5B9, 0xF5B9, 0xF5B9, 0xF5B9, 0xF5B9, 0xF5B9, 0xF5B9, 0xF5B9, 0xF5B9, 0xF5B9, 0xF599, 0xC3D2, 0xCBD2,
    0xDC34, 0xDC14, 0xDC34, 0xDC34, 0xDC34, 0xDC34, 0xDC34, 0xDC34, 0xDC34, 0xDC34, 0xDC34, 0xDC34, 0xDC34, 0xDC34, 0xDC34, 0xDC34,
    0xDC34, 0xDC34, 0xCBF3, 0xBCB4, 0xFEFC, 0xF6BB, 0xF6DB, 0xF6DB, 0xF6DB, 0xF6DC, 0xF6DC, 0xF6DC, 0xF6DC, 0xF6DB, 0xF6DB, 0xF6DC,
    0xF6DB, 0xF6DC, 0xF6DC, 0xF6DC, 0xF6DC, 0xF6DC, 0xF6DB, 0xF6DB, 0xF6DC, 0xF6DC, 0xF6DB, 0xF6DC, 0xF6DB, 0xF6DC, 0xF6DC, 0xF6DB,
    0xF6DB, 0xF6DB, 0xF6DB, 0xF6DC, 0xF6DB, 0xF6DC, 0xF6DC, 0xF6DC, 0xF6DC, 0xF6DC, 0xF6DB, 0xF6DB, 0xF6DC, 0xF6DC, 0xF6DB, 0xF6DC,
    0xF6DC, 0xF6DC, 0xF6DC, 0xF6DC, 0xF6DC, 0xF6DC, 0xF6DC, 0xF6DC, 0xF6DC, 0xF6DC, 0xF6DC, 0xF6DC, 0xF6DC, 0xF6DC, 0xF6DC, 0xF6DC,
    0xF6DC, 0xF6DC, 0xF6DC, 0xF6DC, 0xF6DB, 0xF6DC, 0xF6DC, 0xF6DC, 0xF6DC, 0xF6DC, 0xF6DC, 0xF6DC, 0xF6DC, 0xF6DB, 0xF6DB, 0xF6DC,
    0xF6DC, 0xF6DB, 0xF6DB, 0xF6DB, 0xFEDC, 0xFEDB, 0xF6DC, 0xF6DC, 0xF6DB, 0xFEDC, 0xF6DC, 0xF6DB, 0xF6DC, 0xF6DC, 0xF6DB, 0xF6DC,
    0xF6DC, 0xF6DC, 0xFEDB, 0xFEDB, 0xF6BC, 0xF6DC, 0xF6DB, 0xF6DC, 0xF6DC, 0xF6DB, 0xF6DC, 0xF6DC, 0xF6DC, 0xF6DC, 0xF6DC, 0xF6DB,
    0xF6DC, 0xF6DC, 0xF6DC, 0xFEDC, 0xFEDC, 0xF6DB, 0xF6DB, 0xFEFC, 0xD577, 0xED78, 0xFDD9, 0xF5B9, 0xF5B9, 0xF5B9, 0xF5B9, 0xF5B9,
    0xF5B9, 0xF5B9, 0xF5B9, 0xF5B9, 0xF5B9, 0xF599, 0xE4F6, 0xF5B9, 0xF5B9, 0xF5B9, 0xF5B8, 0xF5B9, 0xF5B9, 0xF5B9, 0xF5B9, 0xF5B9,
    0xF5B9, 0xF5B9, 0xFDD9, 0xD4F6, 0xBC53, 0xFDD9, 0xF599, 0xF5B9, 0xF5B9, 0xF5B9, 0xF5B9, 0xF5B9, 0xF5B9, 0xF5B9, 0xF5B8, 0xF5B8,
    0xF5B9, 0xF5B9, 0xF5B9, 0xF5B9, 0xF5B9, 0xF5B9, 0xF5B9, 0xF5B9, 0xF5B9, 0xF5B9, 0xF5B9, 0xF5B9, 0xF5B9, 0xF5B9, 0xF5B9, 0xF5B9,
    0xF5B9, 0xF5B9, 0xF5B9, 0xF5B8, 0xF5B9, 0xF5B9, 0xF599, 0xF5B9, 0xF5B9, 0xF599, 0xF598, 0xED78, 0xED98, 0xED98, 0xF599, 0xF599,
    0xFDB9, 0xF5B9, 0xF5B9, 0xF599, 0xF5B9, 0xF5B9, 0xF5B9, 0xF5B8, 0xF5B9, 0xF5B9, 0xF5B9, 0xF5B8, 0xF5B9, 0xF5B9, 0xF5B9, 0xF5B9,
    0xF5B9, 0xF5B9, 0xF5B9, 0xF5B9, 0xF5B9, 0xF5B9, 0xF5B9, 0xF5B9, 0xF5B9, 0xF5B9, 0xF5B9, 0xF5B8, 0xF5B9, 0xF599, 0xC3D2, 0xC3D2,
    0xDC34, 0xDC14, 0xDC34, 0xDC34, 0xDC34, 0xDC34, 0xDC34, 0xDC34, 0xDC34, 0xDC14, 0xDC14, 0xDC34, 0xDC34, 0xDC34, 0xDC34, 0xDC34,
    0xDC34, 0xDC34, 0xDC14, 0xBC12, 0xEE9A, 0xF6DB, 0xF6DC, 0xF6DC, 0xF6DC, 0xF6DC, 0xF6DB, 0xF6DC, 0xF6DC, 0xF6DC, 0xF6DC, 0xF6DC,
    0xF6DC, 0xF6DC, 0xF6DC, 0xF6DB, 0xF6DB, 0xF6DB, 0xF6DC, 0xF6DC, 0xF6DB, 0xF6DC, 0xF6DC, 0xF6DC, 0xF6DC, 0xF6DC, 0xF6DB, 0xF6DC,
    0xF6DC, 0xF6DC, 0xF6DC, 0xF6DC, 0xF6DB, 0xF6DB, 0xF6DC, 0xF6DC, 0xF6DB, 0xF6DC, 0xF6DC, 0xF6DC, 0xF6DB, 0xF6DC, 0xF6DC, 0xF6DC,
    0xFEDC, 0xF6DC, 0xF6DC, 0xFEDC, 0xF6DC, 0xF6DC, 0xF6DC, 0xF6DC, 0xF6DC, 0xF6DC, 0xF6DC, 0xF6DC, 0xF6DC, 0xF6DC, 0xF6DC, 0xFEDC,
    0xF6DC, 0xF6DB, 0xF6DC, 0xF6DC, 0xF6DB, 0xF6DB, 0xF6DB, 0xF6DB, 0xF6DC, 0xF6DC, 0xF6DC, 0xF6DB, 0xF6DC, 0xF6DC, 0xF6DC, 0xF6DB,
    0xF6DB, 0xF6DC, 0xFEDC, 0xF6DC, 0xFEDC, 0xFEDB, 0xF6DC, 0xF6DC, 0xF6DB, 0xFEDC, 0xF6DC, 0xF6DB, 0xF6DB, 0xF6DB, 0xF6DC, 0xF6DB,
    0xF6DB, 0xF6DC, 0xF6DC, 0xF6DB, 0xF6DB, 0xF6DC, 0xF6DC, 0xF6DC, 0xF6DC, 0xF6DB, 0xF6DB, 0xF6DC, 0xFEDC, 0xF6DB, 0xF6DC, 0xF6DB,
    0xF6DC, 0xF6DC, 0xF6DC, 0xFEDB, 0xFEDB, 0xF6DC, 0xFEDC, 0xF69B, 0xCD15, 0xF5D9, 0xF5B9, 0xF5B9, 0xF5B9, 0xF5B9, 0xF5B8, 0xF5B9,
    0xF5B9, 0xF5B9, 0xF5B9, 0xF5B8, 0xF5B8, 0xF5B9, 0xE4F6, 0xF578, 0xF5B9, 0xF5B9, 0xF5B9, 0xF5B9, 0xF5B8, 0xF5B9, 0xF5B9, 0xF5B9,
    0xF5B9, 0xF5B9, 0xF5B9, 0xED57, 0xD4F5, 0xF5D9, 0xF599, 0xF5B9, 0xF5B8, 0xF5B9, 0xF5B9, 0xF5B9, 0xF5B9, 0xF5B9, 0xF599, 0xF5B9,
    0xF5B9, 0xF5B9, 0xF5B9, 0xF5B9, 0xF5B9, 0xF5B9, 0xF5B8, 0xF5B9, 0xF5B9, 0xF5B8, 0xF5B9, 0xF5B9, 0xF5B8, 0xF5B9, 0xF5B9, 0xF5B9,
    0xF5B8, 0xF5B9, 0xF599, 0xF5B9, 0xF5B9, 0xF5B8, 0xF5B9, 0xF5B8, 0xF598, 0xF5B9, 0xF5B8, 0xF5B8, 0xF5B9, 0xF5B9, 0xF5B9, 0xF5B9,
    0xF599, 0xF599, 0xF5B9, 0xF5B9, 0xF5B9, 0xF5B9, 0xF599, 0xF5B9, 0xF5B9, 0xF5B8, 0xF5B9, 0xF5B9, 0xF5B9, 0xF5B9, 0xF5B9, 0xF5B8,
    0xF5B9, 0xF5B9, 0xF5B8, 0xF5B9, 0xF5B8, 0xF5B9, 0xF5B9, 0xF5B9, 0xF5B9, 0xF5B8, 0xF5B9, 0xF5B9, 0xF5B9, 0xF598, 0xCBF2, 0xC3B2,
    0xDC34, 0xDC14, 0xDC34, 0xDC33, 0xDC14, 0xDC14, 0xDC34, 0xDC34, 0xDC34, 0xDC34, 0xDC34, 0xDC34, 0xDC34, 0xDC34, 0xDC34, 0xDC34,
    0xDC34, 0xDC14, 0xDC34, 0xBBB2, 0xDDD8, 0xFEFC, 0xF6BB, 0xF6DB, 0xF6DC, 0xF6DC, 0xF6DB, 0xF6DC, 0xF6DC, 0xF6DB, 0xF6DC, 0xF6DC,
    0xF6DC, 0xF6DB, 0xF6DC, 0xF6DC, 0xF6DC, 0xF6DB, 0xF6DB, 0xF6DC, 0xF6DC, 0xF6DC, 0xF6DC, 0xF6DB, 0xF6DB, 0xF6DC, 0xF6DB, 0xF6DB,
    0xF6DC, 0xF6DB, 0xF6DB, 0xF6DB, 0xF6DC, 0xF6DB, 0xF6DB, 0xF6DC, 0xF6DC, 0xF6DC, 0xF6DB, 0xF6DC, 0xF6DC, 0xFEDC, 0xF6DC, 0xF6DC,
    0xFEDC, 0xF6DC, 0xF6DC, 0xFEDC, 0xF6DC, 0xF6DC, 0xF6DC, 0xF6DC, 0xF6DC, 0xF6DC, 0xF6DC, 0xF6DC, 0xF6DC, 0xF6DC, 0xFEDC, 0xFEDC,
    0xF6DC, 0xF6DB, 0xFEDC, 0xFEDC, 0xF6DC, 0xF6DC, 0xFEDC, 0xF6DB, 0xF6DC, 0xF6DC, 0xF6DC, 0xFEDC, 0xFEDB, 0xF6DC, 0xF6DC, 0xF6DC,
    0xF6DC, 0xF6DC, 0xF6DC, 0xF6DC, 0xFEDC, 0xFEDB, 0xFEDC, 0xFEDC, 0xF6DC, 0xF6DC, 0xF6DC, 0xF6DB, 0xFEDC, 0xF6DC, 0xF6DC, 0xF6DC,
    0xFEDC, 0xFEDB, 0xF6DC, 0xF6DC, 0xF6DC, 0xF6DB, 0xF6DB, 0xF6DC, 0xF6DC, 0xF6DC, 0xF6DC, 0xFEDC, 0xFEDC, 0xFEDC, 0xF6DC, 0xF6DB,
    0xF6DC, 0xF6DC, 0xF6DC, 0xFEDC, 0xFEDC, 0xF6DB, 0xFEFC, 0xDDF8, 0xDD36, 0xFDD9, 0xF5B9, 0xF5B9, 0xF5B9, 0xF5B9, 0xF5B9, 0xF5B9,
    0xF5B9, 0xF5B9, 0xF5B9, 0xF5B9, 0xF5B9, 0xF5B9, 0xE4F6, 0xED58, 0xF5B9, 0xF5B8, 0xF5B9, 0xF5B9, 0xF5B9, 0xF5B9, 0xF5B9, 0xF5B9,
    0xF5B9, 0xF5B9, 0xF5D9, 0xDD16, 0xDD36, 0xF5D9, 0xF599, 0xF5B9, 0xF5B9, 0xF5B9, 0xF5B9, 0xF5B9, 0xF5B9, 0xF5B9, 0xF5B9, 0xF5B9,
    0xF5B9, 0xF5B9, 0xF5B9, 0xF5B9, 0xF5B9, 0xF5B9, 0xF5B8, 0xF5B9, 0xF5B9, 0xF5B9, 0xF5B9, 0xF5B9, 0xF5B8, 0xF5B9, 0xF5B9, 0xF5B9,
    0xF5B9, 0xF5B9, 0xF5B9, 0xF5B9, 0xF5B9, 0xF5B9, 0xF5B9, 0xF5B9, 0xF599, 0xF5B9, 0xF5B9, 0xF5B9, 0xF5B9, 0xF5B9, 0xF5B9, 0xF5B9,
    0xF5B8, 0xF5B9, 0xF5B9, 0xF599, 0xF5B9, 0xF5B9, 0xF5B8, 0xF599, 0xF5B9, 0xF5B9, 0xF5B9, 0xF5B9, 0xF5B9, 0xF5B9, 0xF5B9, 0xF5B9,
    0xF5B9, 0xF5B9, 0xF5B9, 0xF5B9, 0xF5B9, 0xF5B9, 0xF5B9, 0xF5B9, 0xF5B9, 0xF5B9, 0xF5B8, 0xF5B9, 0xF5B9, 0xF578, 0xCBF2, 0xC3B2,
    0xDC34, 0xDC14, 0xDC34, 0xDC34, 0xDC14, 0xDC14, 0xDC14, 0xDC34, 0xDC34, 0xDC33, 0xDC34, 0xDC34, 0xDC34, 0xDC34, 0xDC34, 0xDC34,
    0xDC34, 0xDC34, 0xDC34, 0xCBF3, 0xC4D4, 0xFEFC, 0xF6BC, 0xF6DB, 0xF6DC, 0xF6DC, 0xF6DC, 0xFEDC, 0xFEDC, 0xF6DB, 0xF6DC, 0xF6DC,
    0xF6DC, 0xF6DC, 0xF6DC, 0xF6DB, 0xF6DC, 0xF6DC, 0xFEDC, 0xFEDC, 0xFEDC, 0xFEDC, 0xFEDC, 0xFEDB, 0xFEDC, 0xFEDC, 0xF6DC, 0xF6DC,
    0xF6DC, 0xF6DB, 0xFEDC, 0xFEDC, 0xF6DC, 0xF6DC, 0xFEDC, 0xF6DB, 0xFEDC, 0xF6DC, 0xF6DC, 0xF6DC, 0xF6DC, 0xFEDC, 0xFEDC, 0xFEDC,
    0xFEDC, 0xF6DC, 0xF6DC, 0xF6DC, 0xF6DC, 0xF6DC, 0xF6DC, 0xF6DC, 0xF6DC, 0xF6DC, 0xF6DC, 0xF6DC, 0xF6DC, 0xF6FC, 0xF6DC, 0xF6DC,
    0xF6DC, 0xF6DC, 0xFEDC, 0xFEDB, 0xFEDC, 0xFEDC, 0xF6DC, 0xF6DC, 0xF6DC, 0xF6DC, 0xF6DC, 0xFEDC, 0xFEDC, 0xF6DC, 0xF6DC, 0xF6DC,
    0xF6DC, 0xF6DC, 0xF6DC, 0xF6DB, 0xFEDC, 0xFEDC, 0xFEDC, 0xFEDB, 0xF6DC, 0xF6DC, 0xF6DC, 0xF6DC, 0xF6DC, 0xF6DB, 0xF6DC, 0xF6DC,
    0xF6DC, 0xF6DC, 0xF6DC, 0xFEDB, 0xF6DC, 0xF6DC, 0xF6DC, 0xF6DC, 0xF6DC, 0xF6DC, 0xF6DC, 0xFEDB, 0xFEDC, 0xFEDC, 0xFEDC, 0xF6DC,
    0xF6DC, 0xF6DB, 0xF6DB, 0xFEDC, 0xFEDC, 0xF6DB, 0xFEFC, 0xCD56, 0xED78, 0xF5B9, 0xF5B9, 0xF5B9, 0xF5B9, 0xF5B9, 0xF5B9, 0xF5B9,
    0xF5B9, 0xF5B9, 0xF5B9, 0xF5B9, 0xF5B9, 0xF5D9, 0xE537, 0xDD16, 0xF5DA, 0xF5B9, 0xF5B9, 0xF5B9, 0xF5B9, 0xF5B9, 0xF5B9, 0xF5B9,
    0xF5B8, 0xF599, 0xFDD9, 0xD4D5, 0xE577, 0xF5D9, 0xF599, 0xF5B9, 0xF5B9, 0xF5B9, 0xF5B9, 0xF5B9, 0xF5B9, 0xF5B9, 0xF5B9, 0xF5B9,
    0xF5B9, 0xF5B9, 0xF5B9, 0xF5B9, 0xF5B8, 0xF5B9, 0xF5B9, 0xF5B9, 0xF5B8, 0xF5B9, 0xF5B9, 0xF5B9, 0xF5B9, 0xF5B9, 0xF5B9, 0xF5B9,
    0xF5B9, 0xF5B9, 0xF5B9, 0xF5B9, 0xF5B9, 0xF5B9, 0xF5B9, 0xF5B9, 0xF5B8, 0xF5B9, 0xF5B9, 0xF5B9, 0xF5B9, 0xF5B9, 0xF5B9, 0xF5B9,
    0xF5B9, 0xF5B9, 0xF5B8, 0xF5B9, 0xF5B9, 0xF5B9, 0xF5B9, 0xF5B9, 0xF5B9, 0xF5B9, 0xF5B9, 0xF5B9, 0xF5B9, 0xF5B9, 0xF5B9, 0xF5B9,
    0xF5B9, 0xF5B9, 0xF5B9, 0xF5B9, 0xF5B9, 0xF5B9, 0xF5B9, 0xF5B8, 0xF5B9, 0xF5B9, 0xF5B9, 0xF5B9, 0xF5B9, 0xF578, 0xCBF3, 0xBB91,
    0xDC34, 0xDC13, 0xDC14, 0xDC14, 0xDC14, 0xDC34, 0xDC34, 0xDC34, 0xDC34, 0xD3F3, 0xDC13, 0xDC34, 0xDC34, 0xDC34, 0xDC34, 0xDC34,
    0xDC34, 0xDC34, 0xDC34, 0xDC34, 0xBC12, 0xF6BB, 0xFEDC, 0xF6DC, 0xF6DC, 0xFEDB, 0xF6DC, 0xF6DC, 0xFEDC, 0xFEDC, 0xF6DB, 0xFEDB,
    0xF6DC, 0xF6DC, 0xF6DC, 0xF6DC, 0xF6DC, 0xF6DC, 0xFEDC, 0xFEDC, 0xF6DC, 0xF6DB, 0xFEDC, 0xFEDC, 0xF6DC, 0xFEDB, 0xF6DC, 0xFEDC,
    0xFEDC, 0xFEDC, 0xFEDC, 0xFEDB, 0xFEDC, 0xF6DC, 0xF6DC, 0xF6DC, 0xF6DC, 0xF6DC, 0xF6DC, 0xF6DC, 0xF6DC, 0xFEDC, 0xFEDB, 0xFEDC,
    0xF6DC, 0xF6DC, 0xF6DC, 0xF6DC, 0xF6DC, 0xF6DC, 0xF6DC, 0xF6DC, 0xF6DC, 0xF6DC, 0xF6DC, 0xF6DC, 0xFEDC, 0xF6FC, 0xF6DC, 0xF6DC,
    0xF6FC, 0xF6DC, 0xF6DC, 0xFEDC, 0xF6DC, 0xF6DC, 0xF6DB, 0xF6DB, 0xF6DC, 0xF6DC, 0xF6DC, 0xFEDB, 0xF6DC, 0xF6DC, 0xF6DC, 0xF6DB,
    0xF6DC, 0xF6DC, 0xFEDC, 0xFEDC, 0xFEDB, 0xFEDB, 0xFEDB, 0xF6DC, 0xF6DC, 0xF6DC, 0xF6DB, 0xF6DB, 0xF6DC, 0xF6DC, 0xF6DC, 0xF6DB,
    0xFEDC, 0xFEDC, 0xFEDC, 0xFEDC, 0xF6DB, 0xF6DC, 0xF6DC, 0xF6DC, 0xFEDB, 0xFEDB, 0xFEDB, 0xF6DC, 0xF6DC, 0xF6DC, 0xF6DC, 0xF6DB,
    0xF6DC, 0xF6DC, 0xF6DC, 0xFEDB, 0xF6DB, 0xF6DC, 0xEE9A, 0xD515, 0xF5D9, 0xF5B9, 0xF5B9, 0xF5B9, 0xF5B9, 0xF5B9, 0xF5B9, 0xF5B9,
    0xF5B9, 0xF5B9, 0xF5B9, 0xF5B9, 0xF5B9, 0xF5B9, 0xED78, 0xD4D5, 0xF5D9, 0xF5B9, 0xF5B9, 0xF5B9, 0xF5B8, 0xF5B9, 0xF5B9, 0xF5B9,
    0xF5B9, 0xF5B8, 0xF5B9, 0xD4B5, 0xED98, 0xF5B9, 0xF5B9, 0xF5B9, 0xF5B9, 0xF5B9, 0xF5B9, 0xF5B9, 0xF5B8, 0xF5B9, 0xF5B9, 0xF5B9,
    0xF5B9, 0xF5B9, 0xF5B9, 0xF599, 0xF5B9, 0xF5B8, 0xF5B9, 0xF5B9, 0xF5B9, 0xF5B9, 0xF5B9, 0xF5B8, 0xF5B9, 0xF5B9, 0xF5B9, 0xF5B9,
    0xF5B9, 0xF5B9, 0xF5B9, 0xF5B9, 0xF5B9, 0xF5B9, 0xF5B9, 0xF5B9, 0xF599, 0xF5B8, 0xF5B9, 0xF5B9, 0xF5B9, 0xF5B9, 0xF5B9, 0xF5B9,
    0xF5B8, 0xF5B9, 0xF5B9, 0xF5B9, 0xF5B9, 0xF5B8, 0xF5B9, 0xF5B9, 0xF5B9, 0xF5B8, 0xF5B9, 0xF5B9, 0xF5B9, 0xF5B9, 0xF5B9, 0xF5B9,
    0xF5B9, 0xF5B9, 0xF5B9, 0xF5B9, 0xF5B9, 0xF5B9, 0xF5B9, 0xF5B9, 0xF5B9, 0xF5B9, 0xF5B9, 0xF5B9, 0xF5B9, 0xED57, 0xD3F3, 0xBB71,
    0xDC35, 0xDC14, 0xDC34, 0xDC14, 0xDC14, 0xDC34, 0xDC14, 0xDC34, 0xDC34, 0xCBD2, 0xDC14, 0xDC34, 0xDC34, 0xDC34, 0xDC34, 0xDC14,
    0xDC34, 0xDC34, 0xD434, 0xDC54, 0xBBD2, 0xDDF8, 0xFEFC, 0xF6DB, 0xF6DC, 0xF6DC, 0xF6DC, 0xF6DC, 0xFEDB, 0xFEDB, 0xFEDC, 0xFEDC,
    0xF6DC, 0xF6DC, 0xFEDC, 0xFEDC, 0xFEDC, 0xF6DC, 0xF6DB, 0xFEDC, 0xFEDC, 0xFEDC, 0xFEDB, 0xFEDB, 0xFEDB, 0xF6DC, 0xFEDC, 0xFEDC,
    0xFEDB, 0xFEDB, 0xF6DC, 0xFEDC, 0xFEDC, 0xF6DC, 0xFEDC, 0xFEDC, 0xFEDC, 0xF6DC, 0xFEDB, 0xFEDC, 0xFEDC, 0xFEDC, 0xFEDB, 0xFEDC,
    0xF6DC, 0xF6DC, 0xFEDC, 0xF6DC, 0xF6DC, 0xF6DC, 0xFEDB, 0xFEDC, 0xFEDC, 0xFEDC, 0xF6DC, 0xFEDC, 0xFEDC, 0xF6FC, 0xF6DC, 0xFEDC,
    0xF6DC, 0xF6DC, 0xF6DC, 0xFEDC, 0xF6DB, 0xFEDC, 0xFEDC, 0xFEDB, 0xF6DC, 0xF6DC, 0xFEDC, 0xFEDB, 0xFEDC, 0xFEDC, 0xFEDB, 0xFEDC,
    0xFEDC, 0xFEDB, 0xFEDC, 0xFEDC, 0xFEDC, 0xF6DC, 0xF6DC, 0xFEDC, 0xFEDB, 0xFEDC, 0xFEDC, 0xFEDB, 0xFEDC, 0xF6DC, 0xF6DC, 0xF6DC,
    0xFEFC, 0xFEDC, 0xFEFC, 0xFEDC, 0xFEDC, 0xFEDB, 0xFEDC, 0xFEDC, 0xFEDB, 0xF6DC, 0xF6DC, 0xF6DC, 0xF6DB, 0xF6DC, 0xFEDC, 0xFEDB,
    0xFEDC, 0xF6DC, 0xF6DC, 0xF6DC, 0xF6DB, 0xFEFD, 0xE5F8, 0xDD56, 0xF5D9, 0xF5B9, 0xF5B9, 0xF5B9, 0xF5B9, 0xF5B9, 0xF5B9, 0xF5B9,
    0xF5B9, 0xF5B9, 0xF5B9, 0xF5B9, 0xF5B9, 0xF5B9, 0xF5B9, 0xDCD5, 0xF598, 0xF5B9, 0xF5B8, 0xF5B9, 0xF5B9, 0xF5B9, 0xF5B9, 0xF5B9,
    0xF5B8, 0xF5B9, 0xF598, 0xD4D5, 0xF5B8, 0xF5B8, 0xF5B9, 0xF5B9, 0xF5B9, 0xF5B9, 0xF5B9, 0xF5B9, 0xF5B8, 0xF5B9, 0xF5B9, 0xF5B9,
    0xF5B9, 0xF5B9, 0xF5B9, 0xF5B9, 0xF5B9, 0xF5B9, 0xF5B9, 0xF5B9, 0xF599, 0xF5B8, 0xF5B9, 0xF5B9, 0xF5B8, 0xF5B9, 0xF5B9, 0xF5B9,
    0xF5B9, 0xF5B9, 0xF5B9, 0xF5B9, 0xF5B9, 0xF5B9, 0xF5B9, 0xF5B9, 0xF5B9, 0xF5B8, 0xF5B9, 0xF5B9, 0xF5B9, 0xF5B8, 0xF5B9, 0xF5B9,
    0xF5B8, 0xF5B9, 0xF5B9, 0xF5B9, 0xF5B9, 0xF5B9, 0xF599, 0xF5B9, 0xF5B9, 0xF5B9, 0xF5B9, 0xF5B9, 0xF5B9, 0xF5B9, 0xF5B9, 0xF5B9,
    0xF5B9, 0xF5B9, 0xF5B9, 0xF5B9, 0xF5B9, 0xF5B9, 0xF5B9, 0xF5B9, 0xF5B9, 0xF5B9, 0xF5B9, 0xF5B9, 0xF5B9, 0xED58, 0xD3F3, 0xBB70,
    0xDC14, 0xDC14, 0xDC34, 0xDC34, 0xDC34, 0xDC34, 0xDC34, 0xDC35, 0xD3F3, 0xC3B2, 0xDC34, 0xDC14, 0xDC14, 0xDC34, 0xDC14, 0xDC14,
    0xDC34, 0xDC34, 0xDC34, 0xDC54, 0xCBF3, 0xC515, 0xFF1C, 0xF6BB, 0xF6DC, 0xF6DC, 0xF6DB, 0xF6DC, 0xFEDC, 0xF6DB, 0xFEDC, 0xFEDC,
    0xF6DC, 0xF6FB, 0xF6DC, 0xF6DC, 0xFEDB, 0xF6DC, 0xF6DC, 0xFEDB, 0xF6DC, 0xFEDC, 0xFEDB, 0xF6DC, 0xFEDC, 0xFEDC, 0xFEDB, 0xFEDC,
    0xFEDC, 0xF6FB, 0xF6DC, 0xFEDC, 0xFEDC, 0xFEDC, 0xFEDC, 0xFEDC, 0xFEDB, 0xFEDC, 0xFEDC, 0xFEDB, 0xFEDC, 0xFEDC, 0xFEDB, 0xFEDC,
    0xFEDC, 0xFEDC, 0xFEDC, 0xFEDC, 0xF6FC, 0xF6DC, 0xFEDC, 0xFEDC, 0xFEDC, 0xF6DC, 0xFEDC, 0xFEDC, 0xFEDC, 0xF6DC, 0xF6DC, 0xFEDC,
    0xF6DC, 0xF6DC, 0xF6DC, 0xFEDC, 0xF6DC, 0xF6DC, 0xFEDC, 0xFEDC, 0xF6DC, 0xF6DC, 0xF6DC, 0xFEDC, 0xFEDB, 0xFEDC, 0xFEDC, 0xFEDC,
    0xFEDB, 0xFEDB, 0xFEDC, 0xFEDC, 0xF6DC, 0xF6FC, 0xF6DC, 0xFEDC, 0xFEDC, 0xFEDC, 0xFEDC, 0xFEDC, 0xFEDC, 0xFEDC, 0xFEDC, 0xFEDC,
    0xF6FC, 0xF6FC, 0xF6DC, 0xFEDC, 0xFEDC, 0xFEDB, 0xFEDC, 0xF6DC, 0xFEDC, 0xF6DB, 0xF6DC, 0xFEDC, 0xFEDC, 0xFEDC, 0xF6DC, 0xF6DC,
    0xF6DC, 0xF6DC, 0xF6DB, 0xF6DC, 0xF6DB, 0xFEFC, 0xD576, 0xED98, 0xF5B9, 0xF5B8, 0xF5B9, 0xF5B9, 0xF5B9, 0xF5B9, 0xF599, 0xF5B9,
    0xF5B9, 0xF5B9, 0xF5B9, 0xF5B9, 0xF5B9, 0xF5B9, 0xF5D9, 0xDCF6, 0xED57, 0xF5B8, 0xF598, 0xF5B9, 0xF5B9, 0xF5B8, 0xF5B8, 0xF5B9,
    0xF5B9, 0xF5B9, 0xED77, 0xD4D6, 0xF5D9, 0xF599, 0xF5B9, 0xF5B9, 0xF5B9, 0xF5B9, 0xF5B9, 0xF5B9, 0xF5B9, 0xF5B9, 0xF5B9, 0xF5B9,
    0xF5B9, 0xF5B9, 0xF5B8, 0xF5B9, 0xF5B9, 0xF5B9, 0xF5B9, 0xF599, 0xF599, 0xF5B9, 0xF5B9, 0xF5B9, 0xF5B9, 0xF5B9, 0xF5B9, 0xF5B9,
    0xF5B9, 0xF5B9, 0xF5B9, 0xF5B9, 0xF5B9, 0xF5B9, 0xF5B8, 0xF5B9, 0xF5B9, 0xF5B9, 0xF5B8, 0xF5B9, 0xF5B9, 0xF5B9, 0xF5B9, 0xF5B9,
    0xF5B9, 0xF598, 0xF5B9, 0xF5B9, 0xF599, 0xF5B8, 0xF5B8, 0xF5B9, 0xF5B9, 0xF5B9, 0xF5B8, 0xF5B9, 0xF5B9, 0xF5B9, 0xF5B9, 0xF5B9,
    0xF5B9, 0xF5B9, 0xF5B9, 0xF5B9, 0xF5B9, 0xF5B9, 0xF5B9, 0xF5B9, 0xF5B9, 0xF5B9, 0xF5B9, 0xF5B9, 0xF5D9, 0xED37, 0xD413, 0xBB70,
    0xDC14, 0xDC14, 0xDC34, 0xDC34, 0xDC34, 0xDC34, 0xDC14, 0xDC34, 0xC3B2, 0xCBF3, 0xDC34, 0xDC34, 0xDC14, 0xDC14, 0xDC34, 0xDC34,
    0xDC34, 0xDC34, 0xDC34, 0xDC34, 0xDC14, 0xBC32, 0xF6DC, 0xF6DC, 0xF6DC, 0xF6DC, 0xF6DC, 0xF6DC, 0xF6DC, 0xF6DC, 0xF6DC, 0xF6DC,
    0xF6DC, 0xF6DC, 0xF6DB, 0xF6DC, 0xFEDC, 0xFEDC, 0xF6DC, 0xF6DB, 0xF6DC, 0xFEDC, 0xFEDC, 0xFEDC, 0xFEDC, 0xFEDC, 0xFEDC, 0xFEDC,
    0xF6DC, 0xF6DC, 0xF6DC, 0xFEDC, 0xF6DB, 0xFEDC, 0xFEDB, 0xFEDC, 0xFEDC, 0xF6DC, 0xF6DC, 0xFEDB, 0xFEDB, 0xF6DC, 0xFEDC, 0xFEDC,
    0xFEDC, 0xF6DC, 0xF6DC, 0xF6DC, 0xF6DC, 0xF6DC, 0xF6DC, 0xF6DC, 0xF6DC, 0xF6DC, 0xF6FC, 0xF6DC, 0xFEDC, 0xF6DC, 0xF6DC, 0xFEDC,
    0xF6FC, 0xF6FB, 0xF6DB, 0xF6DB, 0xF6DC, 0xF6DC, 0xF6DC, 0xF6DC, 0xF6DC, 0xF6FC, 0xF6FB, 0xFEDC, 0xFEDC, 0xFEDB, 0xFEDB, 0xFEDC,
    0xFEDC, 0xFEDC, 0xFEDC, 0xFEDC, 0xF6DC, 0xF6DB, 0xFEDB, 0xFEDB, 0xFEDB, 0xFEDC, 0xFEDB, 0xFEDC, 0xFEDC, 0xFEDC, 0xFEDB, 0xFEDC,
    0xF6DC, 0xF6DC, 0xF6DB, 0xFEDC, 0xFEDC, 0xF6DC, 0xF6DC, 0xF6DC, 0xF6DC, 0xFEDB, 0xFEDB, 0xFEDB, 0xFEFB, 0xFEDC, 0xF6FC, 0xF6FC,
    0xF6DC, 0xF6DC, 0xF6FB, 0xF6DB, 0xFEFC, 0xF6BB, 0xCD15, 0xF5B9, 0xF5B9, 0xF5B9, 0xF5B9, 0xF5B9, 0xF5B9, 0xF5B9, 0xF5B8, 0xF5B8,
    0xF5B8, 0xF5B9, 0xF5B9, 0xF5B9, 0xF5B9, 0xF5B9, 0xF5B9, 0xE557, 0xDCF6, 0xF5B9, 0xF598, 0xF5B9, 0xF5B9, 0xF5B9, 0xF5B9, 0xF5B9,
    0xF5B9, 0xF5D9, 0xE536, 0xDCF5, 0xFDD9, 0xF598, 0xF5B9, 0xF5B9, 0xF5B9, 0xF5B9, 0xF5B9, 0xF5B8, 0xF5B9, 0xF5B9, 0xF5B9, 0xF5B9,
    0xF5B9, 0xF5B9, 0xF5B9, 0xF5B9, 0xF5B9, 0xF5B9, 0xF5B8, 0xF5B8, 0xF5B8, 0xF5B8, 0xF5B9, 0xF5B9, 0xF5B9, 0xF5B9, 0xF5B9, 0xF5B8,
    0xF5B9, 0xF5B9, 0xF5B9, 0xF5B8, 0xF5B9, 0xF599, 0xF5B9, 0xF5B9, 0xF5B9, 0xF5B9, 0xF5B9, 0xF5B8, 0xF5B9, 0xF5B8, 0xF598, 0xF5B8,
    0xF598, 0xE537, 0xF5B9, 0xF5B8, 0xF5B8, 0xF5B9, 0xF5B9, 0xF5B9, 0xF5B9, 0xF599, 0xF5B9, 0xF5B9, 0xF5B9, 0xF5B9, 0xF5B9, 0xF5B8,
    0xF5B9, 0xF5B8, 0xF5B9, 0xF5B9, 0xF5B9, 0xF5B9, 0xF5B9, 0xF5B9, 0xF5B8, 0xF5B9, 0xF5B9, 0xF5B8, 0xF5D9, 0xECF7, 0xDC13, 0xBB91,
    0xD413, 0xDC14, 0xDC34, 0xDC34, 0xDC34, 0xDC34, 0xDC34, 0xD434, 0xBB91, 0xD434, 0xDC14, 0xDC34, 0xDC33, 0xDC14, 0xDC34, 0xDC34,
    0xDC34, 0xDC34, 0xDC34, 0xDC34, 0xDC34, 0xBBD2, 0xDE19, 0xFEFC, 0xF6DB, 0xF6DB, 0xF6DB, 0xFEDC, 0xF6FB, 0xF6DC, 0xF6DC, 0xFEDC,
    0xF6FB, 0xF6DC, 0xF6DC, 0xF6DC, 0xF6DB, 0xF6DC, 0xF6DC, 0xF6DC, 0xFEDC, 0xFEDC, 0xF6DC, 0xF6FB, 0xF6FB, 0xF6FB, 0xF6DB, 0xF6DC,
    0xF6FB, 0xF6DC, 0xF6DC, 0xF6DC, 0xF6FB, 0xF6DB, 0xFEDC, 0xFEDC, 0xF6FB, 0xF6FC, 0xF6DC, 0xF6DC, 0xF6DC, 0xF6DB, 0xF6DC, 0xF6DC,
    0xF6DC, 0xF6DC, 0xF6FC, 0xF6FC, 0xF6FC, 0xF6FC, 0xF6FC, 0xF6DC, 0xF6DC, 0xF6DC, 0xF6FC, 0xF6FC, 0xFEFC, 0xF6FC, 0xF6FC, 0xF6DC,
    0xF6FC, 0xF6FC, 0xF6DC, 0xF6DC, 0xF6DC, 0xF6DC, 0xF6DC, 0xF6FC, 0xF6FC, 0xF6DC, 0xFEDC, 0xFEDC, 0xFEDC, 0xFEDC, 0xFEDB, 0xFEDC,
    0xFEDC, 0xF6DC, 0xF6DB, 0xF6DC, 0xF6DC, 0xFEDC, 0xFEDC, 0xFEDC, 0xFEDB, 0xFEDC, 0xFEDC, 0xFEDC, 0xFEDC, 0xFEFC, 0xFEDC, 0xFEDC,
    0xF6DC, 0xF6DC, 0xF6FC, 0xF6FC, 0xFEDC, 0xF6FC, 0xF6FC, 0xF6FC, 0xF6DC, 0xFEDC, 0xFEDC, 0xF6DC, 0xF6FC, 0xF6FC, 0xF6FC, 0xF6FC,
    0xF6FC, 0xF6FC, 0xFEDC, 0xF6DC, 0xFEFC, 0xE65A, 0xDD36, 0xFDD9, 0xF5B9, 0xF5B9, 0xF5B9, 0xF5B9, 0xF5B9, 0xF5B9, 0xF5B9, 0xF599,
    0xF5B9, 0xF5B9, 0xF5B9, 0xF5B9, 0xF5B9, 0xF5B9, 0xF5B9, 0xED98, 0xD4D5, 0xF5B9, 0xF599, 0xF5B9, 0xF5B9, 0xF5B9, 0xF5B9, 0xF5B8,
    0xF599, 0xFDD9, 0xDCF6, 0xE537, 0xF5B9, 0xF5B8, 0xF5B9, 0xF5B9, 0xF5B9, 0xF5B9, 0xF5B9, 0xF5B9, 0xF5B9, 0xF5B9, 0xF5B9, 0xF5B9,
    0xF5B9, 0xF5B9, 0xF5B9, 0xF5B9, 0xF5B9, 0xF5B9, 0xF5B9, 0xF5B9, 0xF5B9, 0xF5B8, 0xF5B9, 0xF5B9, 0xF5B9, 0xF5B9, 0xF5B9, 0xF5B9,
    0xF5B9, 0xF5B9, 0xF5B9, 0xF5B9, 0xF5B9, 0xF599, 0xF5B9, 0xF5B9, 0xF5B9, 0xF5B9, 0xF5B9, 0xF5B9, 0xF5B9, 0xF598, 0xF598, 0xF5B9,
    0xE537, 0xED78, 0xF5B9, 0xF5B9, 0xF5B9, 0xF5B9, 0xF5B9, 0xF5B9, 0xF5B9, 0xF5B9, 0xF5B9, 0xF5B9, 0xF5B9, 0xF5B9, 0xF5B9, 0xF5B9,
    0xF5B9, 0xF5B9, 0xF5B9, 0xF5B9, 0xF5B9, 0xF5B9, 0xF5B9, 0xF5B9, 0xF5B9, 0xF5B9, 0xF5B9, 0xF5B9, 0xF5D9, 0xE4F6, 0xDC13, 0xBB91,
    0xCBF3, 0xDC34, 0xDC34, 0xDC34, 0xDC34, 0xDC34, 0xDC34, 0xCBD3, 0xBBB1, 0xDC34, 0xDC14, 0xDC34, 0xDC14, 0xDC34, 0xDC34, 0xDC14,
    0xDC34, 0xDC34, 0xDC34, 0xDC34, 0xDC54, 0xCBF3, 0xCD56, 0xFF1C, 0xF6DC, 0xFEDC, 0xFEFB, 0xFEDC, 0xFEDC, 0xF6DB, 0xF6DC, 0xF6DC,
    0xFEDC, 0xF6DC, 0xF6DC, 0xF6DC, 0xF6DB, 0xF6DC, 0xF6DC, 0xF6DC, 0xF6DC, 0xF6DC, 0xF6DC, 0xF6DC, 0xF6DC, 0xF6DC, 0xF6DC, 0xF6DC,
    0xF6DC, 0xF6DC, 0xF6FC, 0xF6FC, 0xF6DC, 0xF6FC, 0xF6FC, 0xF6DC, 0xF6FC, 0xF6FC, 0xF6DC, 0xF6FC, 0xF6FC, 0xF6FB, 0xF6FC, 0xF6FC,
    0xF6FC, 0xF6FC, 0xF6FC, 0xF6FC, 0xF6FC, 0xF6FC, 0xF6FC, 0xF6FC, 0xF6DC, 0xF6DC, 0xF6FC, 0xF6FC, 0xF6FC, 0xF6FC, 0xF6FC, 0xF6FC,
    0xF6FC, 0xF6FC, 0xF6DC, 0xF6DC, 0xF6DC, 0xF6DC, 0xFEDC, 0xF6DC, 0xF6FC, 0xF6DC, 0xFEDC, 0xFEDC, 0xFEDB, 0xFEDC, 0xFEDC, 0xFEDB,
    0xFEDC, 0xF6DC, 0xF6FC, 0xF6DC, 0xF6DC, 0xF6FC, 0xFEDC, 0xFEDC, 0xFEDC, 0xFEDC, 0xF6FC, 0xF6FC, 0xF6FC, 0xF6FC, 0xF6FC, 0xF6FC,
    0xF6FC, 0xF6FC, 0xF6FC, 0xF6FC, 0xF6FC, 0xF6FC, 0xF6FC, 0xF6FC, 0xF6FC, 0xF6DC, 0xFEDC, 0xF6FC, 0xF6FC, 0xF6FC, 0xF6FC, 0xF6FC,
    0xF6FB, 0xF6DC, 0xFEDB, 0xF6DC, 0xFF1C, 0xDDF8, 0xE537, 0xF5D9, 0xF5B9, 0xF5B9, 0xF5B9, 0xF5B9, 0xF5B9, 0xF5B9, 0xF5B9, 0xF599,
    0xF599, 0xF5B9, 0xF5B9, 0xF5B9, 0xF5B9, 0xF5B9, 0xF5B9, 0xF5B9, 0xDCF6, 0xED77, 0xF5B9, 0xF599, 0xF5B9, 0xF5B8, 0xF5B9, 0xF5B9,
    0xF599, 0xFDD9, 0xD4B5, 0xE558, 0xF5B9, 0xF598, 0xF5B9, 0xF5B9, 0xF5B9, 0xF5B8, 0xF5B9, 0xF5B9, 0xF5B9, 0xF5B9, 0xF5B9, 0xF5B9,
    0xF5B9, 0xF5B9, 0xF5B9, 0xF5B9, 0xF5B9, 0xF5B9, 0xF5B9, 0xF5B9, 0xF599, 0xF5B9, 0xF5B9, 0xF5B9, 0xF5B9, 0xF5B8, 0xF5B9, 0xF5B9,
    0xF599, 0xF5B9, 0xF5B9, 0xF599, 0xF5B9, 0xF5B9, 0xF5B9, 0xF5B9, 0xF5B9, 0xF5B9, 0xF5B9, 0xF5B9, 0xF599, 0xF599, 0xF5B9, 0xED57,
    0xE537, 0xF5B8, 0xF599, 0xF5B8, 0xF599, 0xF5B9, 0xF5B9, 0xF5B9, 0xF5B9, 0xF5B9, 0xF5B9, 0xF5B9, 0xF5B9, 0xF5B9, 0xF5B9, 0xF5B9,
    0xF5B9, 0xF5B9, 0xF5B9, 0xF5B9, 0xF5B9, 0xF5B9, 0xF5B9, 0xF5B9, 0xF5B9, 0xF5B9, 0xF5B9, 0xF5B9, 0xF5B9, 0xE4D6, 0xDC14, 0xBBB1,
    0xCBD2, 0xDC34, 0xDC34, 0xDC34, 0xDC34, 0xDC34, 0xDC34, 0xBB91, 0xCBF3, 0xDC34, 0xDC14, 0xDC34, 0xDC14, 0xDC34, 0xDC34, 0xDC14,
    0xDC34, 0xDC34, 0xDC34, 0xDC34, 0xDC54, 0xD413, 0xBC73, 0xF6FC, 0xF6DC, 0xF6DC, 0xF6FC, 0xF6DC, 0xF6FC, 0xF6DC, 0xF6FB, 0xF6FC,
    0xF6DB, 0xF6DC, 0xF6DC, 0xF6DC, 0xF6DC, 0xF6DB, 0xF6DC, 0xF6DC, 0xF6FC, 0xF6FC, 0xF6FC, 0xF6DC, 0xF6DC, 0xF6DC, 0xF6DC, 0xF6DB,
    0xF6FB, 0xF6FC, 0xF6FB, 0xF6FC, 0xF6FB, 0xF6FC, 0xF6FC, 0xF6FB, 0xF6FC, 0xF6FC, 0xF6FC, 0xF6DC, 0xF6FC, 0xF6FC, 0xF6FC, 0xF6FC,
    0xF6FC, 0xF6FC, 0xF6FC, 0xF6FC, 0xF6FC, 0xF6FC, 0xF6FC, 0xF6FC, 0xF6DC, 0xF6FC, 0xF6FC, 0xF6FC, 0xF6FC, 0xF6FC, 0xF6FC, 0xF6FC,
    0xF6FC, 0xF6FC, 0xF6FC, 0xF6FC, 0xF6FC, 0xF6FC, 0xFEFC, 0xF6DC, 0xF6DC, 0xFEDC, 0xFEDB, 0xFEDC, 0xF6DC, 0xFEFC, 0xFEDC, 0xF6DC,
    0xFEFC, 0xF6FC, 0xF6FC, 0xF6FC, 0xF6FC, 0xF6FC, 0xF6FC, 0xF6FC, 0xF6FC, 0xF6FC, 0xF6FC, 0xF6FC, 0xF6FC, 0xF6FC, 0xF6FB, 0xF6FC,
    0xF6FC, 0xF6FB, 0xF6FC, 0xF6FC, 0xF6FC, 0xF6FC, 0xFEFC, 0xF6FC, 0xF6FC, 0xF6FC, 0xF6FB, 0xF6FC, 0xF6FC, 0xF6FC, 0xF6FC, 0xF6FC,
    0xFEDC, 0xF6DC, 0xFEDB, 0xF6DB, 0xFEFC, 0xD596, 0xED77, 0xF5D9, 0xF5B9, 0xF5B9, 0xF5B9, 0xF5B9, 0xF5B9, 0xF599, 0xF5B8, 0xF5B8,
    0xF5B8, 0xF5B9, 0xF5B9, 0xF5B9, 0xF5B9, 0xF5B9, 0xF5B9, 0xF5B9, 0xE537, 0xDD16, 0xF5B9, 0xF599, 0xF5B9, 0xF598, 0xF5B9, 0xF5B9,
    0xF599, 0xF5B9, 0xCCB4, 0xED98, 0xF5B9, 0xF5B9, 0xF5B9, 0xF5B9, 0xF5B9, 0xF5B9, 0xF5B9, 0xF5B8, 0xF5B9, 0xF5B9, 0xF5B8, 0xF5B9,
    0xF5B9, 0xF5B9, 0xF5B9, 0xF5B9, 0xF5B9, 0xF5B9, 0xF5B8, 0xF5B9, 0xF5B8, 0xF5B9, 0xF5B9, 0xF5B8, 0xF599, 0xF599, 0xF5B9, 0xF5B8,
    0xF5B9, 0xF5B9, 0xF5B8, 0xF5B9, 0xF5B9, 0xF5B9, 0xF5B9, 0xF5B9, 0xF5B9, 0xF5B9, 0xF5B9, 0xF5B8, 0xF5B9, 0xF5B9, 0xF598, 0xE516,
    0xF599, 0xF5B9, 0xF5B9, 0xF5B8, 0xF5B9, 0xF5B9, 0xF5B8, 0xF5B9, 0xF5B9, 0xF5B9, 0xF5B9, 0xF5B9, 0xF5B9, 0xF5B9, 0xF5B9, 0xF5B9,
    0xF5B9, 0xF5B9, 0xF5B9, 0xF5B9, 0xF5B9, 0xF5B9, 0xF5B9, 0xF5B9, 0xF5B8, 0xF5B9, 0xF5B9, 0xF5B9, 0xF5B9, 0xE4B6, 0xDC13, 0xC3D1,
    0xC3D2, 0xDC34, 0xDC34, 0xDC34, 0xDC14, 0xDC34, 0xD3F3, 0xB391, 0xDC34, 0xDC14, 0xDC14, 0xDC34, 0xDC14, 0xDC34, 0xDC34, 0xDC34,
    0xDC34, 0xDC34, 0xDC34, 0xDC34, 0xDC34, 0xDC34, 0xBC12, 0xEE9A, 0xFEFC, 0xF6FB, 0xFEFC, 0xF6DC, 0xF6FC, 0xF6FC, 0xF6FC, 0xF6FC,
    0xF6FC, 0xF6FC, 0xF6FC, 0xF6FC, 0xF6FC, 0xF6FC, 0xF6FC, 0xF6FC, 0xF6FC, 0xF6FC, 0xF6FC, 0xF6FC, 0xF6DB, 0xF6FB, 0xF6DB, 0xF6DB,
    0xF6FC, 0xF6FC, 0xF6FC, 0xF6FC, 0xF6FB, 0xF6FC, 0xF6FC, 0xF6FB, 0xF6FC, 0xF6FC, 0xF6FC, 0xF6DC, 0xF6FC, 0xF6FC, 0xF6FC, 0xF6FC,
    0xF6FC, 0xF6FC, 0xF6FC, 0xF6FC, 0xF6FC, 0xF6FC, 0xF6FC, 0xF6FC, 0xF6FC, 0xF6FC, 0xF6FC, 0xF6FC, 0xF6FC, 0xF6FC, 0xF6FC, 0xF6FC,
    0xF6FC, 0xF6FC, 0xF6FC, 0xF6FC, 0xF6FC, 0xF6FC, 0xF6FC, 0xF6DC, 0xF6DC, 0xF6FC, 0xFEFC, 0xF6FC, 0xF6FC, 0xF6FC, 0xF6FC, 0xF6FC,
    0xF6FC, 0xF6FC, 0xF6FC, 0xFEFC, 0xFEFC, 0xF6FC, 0xF6FC, 0xF6FC, 0xF6FC, 0xF6FC, 0xF6FC, 0xF6FC, 0xF6FC, 0xF6FC, 0xF6FC, 0xF6FC,
    0xF6FC, 0xF6FC, 0xF6FC, 0xF6FC, 0xF6FC, 0xF6FC, 0xFEFC, 0xFEFC, 0xF6FC, 0xF6FC, 0xF6FC, 0xF6FC, 0xF6FC, 0xF6FC, 0xF6FC, 0xF6FC,
    0xFEFC, 0xFEFC, 0xFEDC, 0xF6DB, 0xFEFC, 0xD556, 0xED78, 0xF5D9, 0xF5B9, 0xF5B9, 0xF5B9, 0xF5B9, 0xF5B9, 0xF5B9, 0xF5B9, 0xF598,
    0xF5B8, 0xF5B9, 0xF5B9, 0xF5B9, 0xF5B9, 0xF5B9, 0xF5B9, 0xF5B9, 0xED98, 0xDCD5, 0xF599, 0xF5B8, 0xF5B8, 0xF5B9, 0xF5B9, 0xF599,
    0xF5B8, 0xED98, 0xCCB4, 0xF5B9, 0xF5B9, 0xF5B9, 0xF5B9, 0xF5B9, 0xF5B9, 0xF5B9, 0xF5B9, 0xF5B9, 0xF5B9, 0xF5B9, 0xF5B9, 0xF5B9,
    0xF5B9, 0xF5B9, 0xF5B9, 0xF5B9, 0xF5B9, 0xF5B9, 0xF5B9, 0xF5B9, 0xF5B9, 0xF5B9, 0xF5B9, 0xF5B9, 0xF5B8, 0xF5B9, 0xF5B9, 0xF5B9,
    0xF5B9, 0xF5B9, 0xF5B9, 0xF5B9, 0xF5B9, 0xF5B9, 0xF5B9, 0xF5B9, 0xF5B9, 0xF5B9, 0xF5B9, 0xF5B9, 0xF599, 0xF5B9, 0xE516, 0xED78,
    0xF5B9, 0xF599, 0xF599, 0xF5B9, 0xF5B9, 0xF5B9, 0xF5B9, 0xF5B9, 0xF5B9, 0xF5B9, 0xF5B9, 0xF5B9, 0xF5B9, 0xF5B9, 0xF5B9, 0xF5B9,
    0xF5B9, 0xF5B9, 0xF5B9, 0xF5B9, 0xF5B9, 0xF5B9, 0xF5B9, 0xF5B9, 0xF5B9, 0xF5B9, 0xF5B9, 0xF5B9, 0xF5B9, 0xE495, 0xDC13, 0xC3D2,
    0xC3B2, 0xDC34, 0xDC14, 0xDC14, 0xDC14, 0xDC34, 0xBB91, 0xC3D2, 0xDC34, 0xDC14, 0xDC34, 0xDC34, 0xDC14, 0xDC34, 0xDC34, 0xDC34,
    0xDC34, 0xDC34, 0xDC34, 0xDC14, 0xDC14, 0xDC34, 0xC3F2, 0xDDF8, 0xFF1C, 0xF6DC, 0xFEDC, 0xF6DC, 0xF6FC, 0xF6FC, 0xF6FC, 0xF6FC,
    0xF6FC, 0xF6FC, 0xF6FC, 0xF6FC, 0xF6FC, 0xF6FC, 0xF6FC, 0xF6FC, 0xF6FC, 0xF6FC, 0xF6FC, 0xF6FC, 0xF6FC, 0xF6DC, 0xF6DC, 0xF6DC,
    0xF6FC, 0xF6FC, 0xF6FC, 0xF6FC, 0xF6DC, 0xF6FC, 0xF6FC, 0xF6DC, 0xF6DC, 0xF6FC, 0xF6DC, 0xF6DC, 0xF6DC, 0xF6DC, 0xF6FC, 0xF6FC,
    0xF6FC, 0xF6FC, 0xF6FC, 0xF6FC, 0xF6FC, 0xF6FC, 0xF6FC, 0xF6FC, 0xF6FC, 0xF6FC, 0xF6FC, 0xF6FC, 0xF6FC, 0xF6FC, 0xF6FC, 0xF6FC,
    0xF6FC, 0xF6DC, 0xF6DC, 0xF6FC, 0xF6FC, 0xFEFC, 0xF6FC, 0xF6FC, 0xF6FC, 0xFEFC, 0xF6FC, 0xF6FC, 0xF6FC, 0xF6FC, 0xF6FC, 0xF6FC,
    0xF6FC, 0xF6FC, 0xF6FC, 0xF6FC, 0xF6FC, 0xF6FC, 0xF6FC, 0xF6FC, 0xF6FC, 0xF6FC, 0xFEFC, 0xF6FC, 0xF6FC, 0xF6FC, 0xF6FC, 0xF6FC,
    0xF6FC, 0xF6FC, 0xF6FC, 0xF6FC, 0xF6FC, 0xF6FC, 0xFEFC, 0xFEFC, 0xF6FC, 0xF6FC, 0xF6FC, 0xF6FC, 0xF6FC, 0xF6FC, 0xF6FC, 0xF6FC,
    0xF6DC, 0xF6FC, 0xFEDC, 0xF6DB, 0xF6FC, 0xCD56, 0xED98, 0xF5D9, 0xF5B9, 0xF5B9, 0xF5B9, 0xF5B9, 0xF5B9, 0xED78, 0xE516, 0xE517,
    0xE516, 0xED57, 0xF5B9, 0xF5B9, 0xF5B9, 0xF5B9, 0xF5B9, 0xF5B8, 0xF5D9, 0xDCF6, 0xED57, 0xF5B9, 0xF598, 0xF5B9, 0xF5B9, 0xF598,
    0xF5B9, 0xED57, 0xD4B4, 0xF5B9, 0xF599, 0xF5B9, 0xF5B9, 0xF5B9, 0xF5B9, 0xF5B9, 0xF5B9, 0xF5B9, 0xF5B9, 0xF5B9, 0xF5B9, 0xF5B9,
    0xF5B9, 0xF5B9, 0xF5B9, 0xF5B9, 0xF5B9, 0xF5B9, 0xF5B9, 0xF5B9, 0xF5B9, 0xF5B9, 0xF5B9, 0xF5B9, 0xF5B9, 0xF5B9, 0xF5B9, 0xF5B9,
    0xF5B9, 0xF5B9, 0xF5B9, 0xF5B9, 0xF5B9, 0xF5B9, 0xF5B9, 0xF5B9, 0xF5B9, 0xF5B9, 0xF5B9, 0xF598, 0xF5B9, 0xED37, 0xE517, 0xF5B9,
    0xF599, 0xF599, 0xF599, 0xF5B9, 0xF5B9, 0xF5B9, 0xF5B9, 0xF5B9, 0xF5B9, 0xF5B9, 0xF5B9, 0xF5B9, 0xF5B9, 0xF5B9, 0xF5B9, 0xF5B9,
    0xF5B9, 0xF5B9, 0xF5B9, 0xF5B9, 0xF5B9, 0xF5B9, 0xF5B9, 0xF5B9, 0xF5B9, 0xF5B9, 0xF5B9, 0xF599, 0xF5B9, 0xE495, 0xDC13, 0xCBF3,
    0xBB91, 0xDC34, 0xDC14, 0xDC14, 0xDC14, 0xD413, 0xB370, 0xD414, 0xDC14, 0xDC14, 0xDC34, 0xDC34, 0xDC14, 0xDC34, 0xDC34, 0xDC14,
    0xDC14, 0xDC34, 0xDC14, 0xDC34, 0xDC14, 0xDC34, 0xCBD2, 0xD577, 0xFF1C, 0xF6DB, 0xF6DC, 0xF6DC, 0xF6FC, 0xF6DC, 0xF6FC, 0xF6FC,
    0xF6FC, 0xF6FC, 0xF6FC, 0xF6FC, 0xF6FC, 0xF6FC, 0xF6FC, 0xF6FC, 0xF6FC, 0xF6FC, 0xF6FC, 0xF6FC, 0xF6FC, 0xF6FC, 0xF6DC, 0xF6DC,
    0xF6DC, 0xF6DC, 0xF6FC, 0xF6FC, 0xF6DC, 0xF6FC, 0xF6FC, 0xF6DC, 0xF6DC, 0xF6FC, 0xF6DC, 0xF6DC, 0xF6DC, 0xF6DC, 0xF6FC, 0xF6FC,
    0xF6FC, 0xF6FC, 0xF6FC, 0xF6FC, 0xF6FC, 0xF6FC, 0xF6FC, 0xF6FC, 0xF6FC, 0xF6FC, 0xF6FC, 0xF6FC, 0xF6FC, 0xF6FC, 0xF6FC, 0xF6FC,
    0xF6FC, 0xF6FC, 0xF6FC, 0xF6FC, 0xF6FC, 0xFEFC, 0xF6FC, 0xF6FC, 0xF6FC, 0xF6FC, 0xF6FC, 0xF6FC, 0xF6FC, 0xF6FC, 0xF6FC, 0xF6FC,
    0xF6FC, 0xF6FC, 0xF6FC, 0xF6FC, 0xF6FC, 0xF6FC, 0xF6FC, 0xF6FC, 0xF6FC, 0xF6FC, 0xF6FC, 0xF6FC, 0xF6FC, 0xF6FC, 0xF6FC, 0xF6FC,
    0xF6FC, 0xFEFC, 0xFEFC, 0xF6FC, 0xF6FC, 0xF6FC, 0xF6FC, 0xF6FC, 0xF6FC, 0xF6FC, 0xF6FC, 0xF6FC, 0xF6FC, 0xF6FC, 0xF6FC, 0xFEFC,
    0xFEDC, 0xF6FC, 0xFEDC, 0xF6DB, 0xFEFC, 0xD556, 0xED98, 0xF5B9, 0xF5B9, 0xF5B9, 0xF5B9, 0xF5B9, 0xF5B9, 0xED57, 0xDCD5, 0xED37,
    0xF558, 0xED17, 0xE517, 0xF578, 0xF5B9, 0xF5B9, 0xF5B8, 0xF598, 0xF5D9, 0xE557, 0xDCF6, 0xFDD9, 0xF598, 0xF598, 0xF5B8, 0xF598,
    0xF5B9, 0xE516, 0xD4F5, 0xF5D9, 0xF599, 0xF5B9, 0xF5B9, 0xF5B9, 0xF5B9, 0xF5B9, 0xF5B9, 0xF5B9, 0xF5B9, 0xF5B9, 0xF5B9, 0xF5B9,
    0xF5B9, 0xF5B9, 0xF5B9, 0xF5B9, 0xF5B9, 0xF5B9, 0xF5B9, 0xF5B9, 0xF5B9, 0xF5B9, 0xF5B9, 0xF5B9, 0xF5B9, 0xF5B9, 0xF5B9, 0xF5B9,
    0xF5B9, 0xF5B9, 0xF5B9, 0xF5B9, 0xF5B9, 0xF5B9, 0xF5B9, 0xF5B9, 0xF5B9, 0xF5B9, 0xF5B8, 0xF599, 0xF598, 0xE516, 0xF599, 0xF5B9,
    0xF5B9, 0xF5B9, 0xF5B9, 0xF5B9, 0xF5B9, 0xF5B9, 0xF5B9, 0xF5B9, 0xF5B9, 0xF5B9, 0xF5B9, 0xF5B9, 0xF5B9, 0xF5B9, 0xF5B9, 0xF5B9,
    0xF5B9, 0xF5B9, 0xF5B9, 0xF5B9, 0xF5B9, 0xF5B9, 0xF5B9, 0xF5B9, 0xF5B9, 0xF5B9, 0xF5B9, 0xF5B9, 0xF599, 0xDC75, 0xDC13, 0xD3F3,
    0xBB91, 0xDC34, 0xDC14, 0xDC14, 0xDC34, 0xC3B2, 0xC3B2, 0xDC34, 0xDC34, 0xDC14, 0xDC34, 0xDC14, 0xDC14, 0xDC14, 0xDC14, 0xDC14,
    0xDC14, 0xDC34, 0xDC14, 0xDC34, 0xDC34, 0xDC34, 0xCBD2, 0xCD36, 0xFF1C, 0xF6DC, 0xF6DC, 0xF6DC, 0xF6FC, 0xF6DC, 0xF6FC, 0xF6FC,
    0xF6FC, 0xF6FC, 0xF6FC, 0xF6FC, 0xF6FC, 0xF6FC, 0xF6FC, 0xF6FC, 0xF6FC, 0xF6FC, 0xF6FC, 0xF6FC, 0xF6FC, 0xF6FC, 0xF6FC, 0xF6FC,
    0xF6FC, 0xF6FC, 0xF6FC, 0xF6FC, 0xF6FC, 0xF6FC, 0xF6FC, 0xF6FC, 0xF6FC, 0xF6FC, 0xF6FC, 0xF6FC, 0xF6FC, 0xF6FC, 0xF6FC, 0xF6FC,
    0xF6FC, 0xF6FC, 0xF6FC, 0xF6FC, 0xF6FC, 0xF6FC, 0xF6FC, 0xF6FC, 0xF6FC, 0xF6FC, 0xF6FC, 0xF6FC, 0xF6FC, 0xF6FC, 0xF6FC, 0xF6FC,
    0xF6FC, 0xF6FC, 0xF6FC, 0xF6FC, 0xF6FC, 0xF6FC, 0xF6FC, 0xF6FC, 0xF6FC, 0xF6FC, 0xF6FC, 0xF6FC, 0xF6FC, 0xF6FC, 0xF6FC, 0xF6FC,
    0xF6FC, 0xF6FC, 0xF6FC, 0xF6FC, 0xF6FC, 0xF6FC, 0xF6FC, 0xF6FC, 0xF6FC, 0xF6FC, 0xF6FC, 0xF6FC, 0xF6FC, 0xF6FC, 0xF6FC, 0xF6FC,
    0xF6FC, 0xF6FC, 0xF6FC, 0xF6FC, 0xF6FC, 0xF6FC, 0xF6FC, 0xF6FC, 0xF6FC, 0xF6FC, 0xF6FC, 0xF6FC, 0xF6FC, 0xF6FC, 0xF6FC, 0xFEDC,
    0xFEDC, 0xFEFC, 0xFEDC, 0xF6DB, 0xFEFC, 0xD576, 0xED78, 0xF5D9, 0xF5B9, 0xF5B9, 0xF5B9, 0xF5B9, 0xF5B9, 0xF5B9, 0xED78, 0xDCF6,
    0xDCD5, 0xED16, 0xF537, 0xED17, 0xED37, 0xF5B9, 0xF5B8, 0xF5B8, 0xF5B9, 0xF5B9, 0xD4D5, 0xED98, 0xF598, 0xF598, 0xF5B8, 0xF598,
    0xF5B9, 0xDCF6, 0xDD36, 0xF5B9, 0xF599, 0xF5B9, 0xF5B9, 0xF5B9, 0xF5B9, 0xF5B9, 0xF5B9, 0xF5B9, 0xF5B9, 0xF5B9, 0xF5B9, 0xF5B9,
    0xF5B9, 0xF5B9, 0xF5B9, 0xF5B9, 0xF5B9, 0xF5B9, 0xF5B9, 0xF5B9, 0xF5B9, 0xF5B9, 0xF5B9, 0xF5B9, 0xF5B9, 0xF5B9, 0xF5B9, 0xF5B9,
    0xF5B9, 0xF5B9, 0xF5B9, 0xF5B9, 0xF5B9, 0xF5B9, 0xF5B9, 0xF5B9, 0xF5B9, 0xF5B9, 0xF598, 0xF5B9, 0xE516, 0xED78, 0xF5B9, 0xF5B9,
    0xF5B9, 0xF5B9, 0xF5B9, 0xF5B9, 0xF5B9, 0xF5B9, 0xF5B9, 0xF5B9, 0xF5B9, 0xF5B9, 0xF5B9, 0xF5B9, 0xF5B9, 0xF5B9, 0xF5B9, 0xF5B9,
    0xF5B9, 0xF5B9, 0xF5B9, 0xF5B9, 0xF5B9, 0xF5B9, 0xF5B9, 0xF5B9, 0xF5B9, 0xF5B9, 0xF5B9, 0xF5B9, 0xF599, 0xDC75, 0xDC13, 0xD413,
    0xB391, 0xDC34, 0xDC14, 0xDC14, 0xDC14, 0xB370, 0xD413, 0xDC14, 0xDC34, 0xDC14, 0xDC34, 0xDC14, 0xDC34, 0xDC34, 0xDC14, 0xDC14,
    0xDC14, 0xDC14, 0xDC34, 0xDC34, 0xDC34, 0xDC34, 0xCBD2, 0xCD36, 0xFF1C, 0xF6DC, 0xF6DC, 0xFEDC, 0xF6FC, 0xF6DC, 0xF6DC, 0xF6FC,
    0xF6FC, 0xF6FC, 0xF6FC, 0xF6FC, 0xF6FC, 0xF6FC, 0xF6FC, 0xF6FC, 0xF6FC, 0xF6FC, 0xF6FC, 0xF6FC, 0xF6FC, 0xF6FC, 0xF6FC, 0xF6FC,
    0xFEFC, 0xF6FC, 0xF6FC, 0xFEFC, 0xF6FC, 0xF6FC, 0xF6FC, 0xF6FC, 0xF6FC, 0xF6FC, 0xF6FC, 0xF6FC, 0xF6FC, 0xF6FC, 0xF6FC, 0xF6FC,
    0xF6FC, 0xF6FC, 0xF6FC, 0xF6FC, 0xFEFC, 0xF6FC, 0xF6FC, 0xF6FC, 0xF6FC, 0xF6FC, 0xF6FC, 0xF6FC, 0xF6FC, 0xF6FC, 0xF6FC, 0xF6FC,
    0xF6FC, 0xF6FC, 0xF6FC, 0xF6FC, 0xF6FC, 0xF6FC, 0xF6FC, 0xF6FC, 0xF6FC, 0xF6FC, 0xF6FC, 0xF6FC, 0xFEFC, 0xF6FC, 0xF6FC, 0xF6FC,
    0xF6FC, 0xF6FC, 0xF6FC, 0xF6DC, 0xF6FC, 0xF6FC, 0xF6FC, 0xF6FC, 0xF6FC, 0xF6FC, 0xF6FC, 0xF6FC, 0xF6FC, 0xF6FC, 0xF6FC, 0xF6FC,
    0xF6FC, 0xF6FC, 0xF6FC, 0xF6FC, 0xF6FC, 0xF6FC, 0xF6FC, 0xF6FC, 0xF6FC, 0xF6FC, 0xF6FC, 0xF6FC, 0xF6FC, 0xF6FC, 0xF6FC, 0xFEDC,
    0xFEDC, 0xF6DC, 0xFEDC, 0xF6DB, 0xFF1C, 0xD597, 0xE557, 0xF5D9, 0xF5B9, 0xF5B9, 0xF5B9, 0xF5B9, 0xF5B9, 0xF5B9, 0xF5B9, 0xF5B9,
    0xED78, 0xDCF6, 0xDCD6, 0xECF6, 0xED16, 0xED57, 0xF598, 0xF598, 0xF5B8, 0xF5B9, 0xE537, 0xDD16, 0xF5B9, 0xF598, 0xF5B8, 0xF598,
    0xF5B9, 0xD4B5, 0xED57, 0xF5B9, 0xF599, 0xF5B9, 0xF5B9, 0xF5B9, 0xF5B9, 0xF5B9, 0xF5B9, 0xF5B9, 0xF5B9, 0xF5B9, 0xF5B9, 0xF5B9,
    0xF5B9, 0xF5B9, 0xF5B9, 0xF5B9, 0xF5B9, 0xF5B9, 0xF5B9, 0xF5B9, 0xF5B9, 0xF5B9, 0xF5B9, 0xF5B9, 0xF5B9, 0xF5B9, 0xF5B9, 0xF5B9,
    0xF5B9, 0xF5B9, 0xF5B9, 0xF5B9, 0xF5B9, 0xF5B9, 0xF5B9, 0xF5B9, 0xF5B9, 0xF599, 0xF5B9, 0xE537, 0xE537, 0xF5B9, 0xF599, 0xF5B9,
    0xF5B9, 0xF5B9, 0xF5B9, 0xF5B9, 0xF5B9, 0xF5B9, 0xF5B9, 0xF5B9, 0xF5B9, 0xF5B9, 0xF5B9, 0xF5B9, 0xF5B9, 0xF5B9, 0xF5B9, 0xF5B9,
    0xF5B9, 0xF5B9, 0xF5B9, 0xF5B9, 0xF5B9, 0xF5B9, 0xF5B9, 0xF5B9, 0xF5B9, 0xF5B9, 0xF5B9, 0xF5B9, 0xF598, 0xDC54, 0xDC14, 0xDC14,
    0xB371, 0xDC14, 0xDC14, 0xDC34, 0xC392, 0xBBB1, 0xDC34, 0xDC14, 0xDC14, 0xDC34, 0xDC34, 0xDC14, 0xDC14, 0xDC14, 0xDC34, 0xDC14,
    0xDC14, 0xDC14, 0xDC14, 0xDC34, 0xDC34, 0xDC34, 0xCBD2, 0xCD36, 0xFF1C, 0xF6DC, 0xF6DC, 0xFEDC, 0xF6FC, 0xF6DC, 0xF6DC, 0xF6FC,
    0xF6DC, 0xF6DC, 0xF6FC, 0xF6FC, 0xF6FC, 0xF6FC, 0xF6FC, 0xF6FC, 0xF6FC, 0xF6FC, 0xF6FC, 0xF6FC, 0xF6FC, 0xF6FC, 0xF6FC, 0xF6FC,
    0xFEFC, 0xF6FC, 0xF6FC, 0xF6FC, 0xF6FC, 0xF6FC, 0xF6FC, 0xF6FC, 0xF6FC, 0xF6FC, 0xF6FC, 0xF6FC, 0xF6FC, 0xF6FC, 0xF6FC, 0xF6FC,
    0xF6FC, 0xF6FC, 0xF6FC, 0xF6FC, 0xF6FC, 0xF6FC, 0xF6FC, 0xF6FC, 0xF6FC, 0xF6FC, 0xF6FC, 0xF6FC, 0xF6FC, 0xF6FC, 0xF6FC, 0xF6FC,
    0xF6FC, 0xF6FC, 0xF6FC, 0xF6FC, 0xF6FC, 0xF6FC, 0xF6FC, 0xF6FC, 0xF6FC, 0xF6FC, 0xF6FC, 0xF6FC, 0xF6FC, 0xF6FC, 0xF6FC, 0xF6FC,
    0xF6FC, 0xF6FC, 0xF6FC, 0xF6FC, 0xF6FC, 0xF6FC, 0xF6FC, 0xF6FC, 0xF6FC, 0xF6FC, 0xF6FC, 0xF6FC, 0xF6FC, 0xF6FC, 0xF6FC, 0xF6FC,
    0xF6FC, 0xF6FC, 0xF6FC, 0xF6FC, 0xF6FC, 0xF6FC, 0xF6FC, 0xF6FC, 0xF6FC, 0xF6FC, 0xF6FC, 0xF6FC, 0xF6FC, 0xF6FC, 0xF6FC, 0xF6FC,
    0xFEDC, 0xFEDC, 0xFEDC, 0xF6DB, 0xFF1C, 0xDDF8, 0xDD36, 0xFDD9, 0xF5B9, 0xF5B9, 0xF5B9, 0xF5B9, 0xF5B9, 0xF5B9, 0xF5B9, 0xF5B8,
    0xF5B9, 0xF5B9, 0xED98, 0xE516, 0xDCB5, 0xE4F6, 0xED37, 0xF598, 0xF5B8, 0xF5B8, 0xED98, 0xD4D5, 0xF598, 0xF598, 0xF5B9, 0xF598,
    0xF598, 0xD4B4, 0xED98, 0xF599, 0xF599, 0xF599, 0xF5B9, 0xF5B9, 0xF5B9, 0xF5B9, 0xF5B9, 0xF5B9, 0xF5B9, 0xF5B9, 0xF5B9, 0xF5B9,
    0xF5B9, 0xF5B9, 0xF5B9, 0xF5B9, 0xF5B9, 0xF5B9, 0xF5B9, 0xF5B9, 0xF5B9, 0xF5B9, 0xF5B9, 0xF5B9, 0xF5B9, 0xF5B9, 0xF5B9, 0xF5B9,
    0xF5B9, 0xF5B9, 0xF5B9, 0xF5B9, 0xF5B9, 0xF5B9, 0xF5B9, 0xF5B9, 0xF598, 0xF5B9, 0xED78, 0xE516, 0xF5B9, 0xF599, 0xF599, 0xF5B9,
    0xF5B9, 0xF5B9, 0xF5B9, 0xF5B9, 0xF5B9, 0xF5B9, 0xF5B9, 0xF5B9, 0xF5B9, 0xF5B9, 0xF5B9, 0xF5B9, 0xF5B9, 0xF5B9, 0xF5B9, 0xF5B9,
    0xF5B9, 0xF5B9, 0xF5B9, 0xF5B9, 0xF5B9, 0xF5B9, 0xF5B9, 0xF5B9, 0xF5B9, 0xF5B9, 0xF5B9, 0xF5B9, 0xF598, 0xDC34, 0xDC14, 0xDC34,
    0xBB71, 0xD413, 0xDC14, 0xDC14, 0xB371, 0xD434, 0xDC14, 0xDC14, 0xDC14, 0xDC14, 0xDC34, 0xDC14, 0xD414, 0xDC14, 0xD3F3, 0xDC14,
    0xDC34, 0xDC14, 0xDC34, 0xDC34, 0xDC34, 0xDC34, 0xCBD2, 0xD597, 0xFF1C, 0xF6DB, 0xF6DC, 0xF6FC, 0xF6FC, 0xF6FC, 0xF6FC, 0xF6FC,
    0xF6DC, 0xF6FC, 0xF6FC, 0xF6FC, 0xF6FC, 0xF6FC, 0xF6FC, 0xF6FC, 0xF6FC, 0xF6FC, 0xF6FC, 0xF6FC, 0xF6FC, 0xF6FC, 0xF6FC, 0xF6FC,
    0xFEFC, 0xF6FC, 0xF6FC, 0xF6FC, 0xF6FC, 0xF6FC, 0xF6FC, 0xF6FC, 0xF6FC, 0xF6FC, 0xF6FC, 0xF6FC, 0xF6FC, 0xF6FC, 0xF6FC, 0xFEFC,
    0xF6FC, 0xF6FC, 0xF6FC, 0xF6FC, 0xFEFC, 0xFEFC, 0xFEFC, 0xF6FC, 0xF71C, 0xF6FC, 0xFEFC, 0xFEFC, 0xF6FC, 0xF6FC, 0xF6FC, 0xF6FC,
    0xF6FC, 0xF6FC, 0xF6FC, 0xF6FC, 0xF6FC, 0xF6FC, 0xF6FC, 0xF6FC, 0xF6FC, 0xF6FC, 0xF6FC, 0xF6FC, 0xF6FC, 0xF6FC, 0xF6FC, 0xF6FC,
    0xF6FC, 0xF6FC, 0xF6FC, 0xF6FC, 0xF6FC, 0xF6FC, 0xF6FC, 0xF6FC, 0xF6FC, 0xF6FC, 0xF6FC, 0xF6FC, 0xF6FC, 0xF6FC, 0xF6FC, 0xF6FC,
    0xF6FC, 0xF6FC, 0xF6FC, 0xF6FC, 0xF6FC, 0xF6FC, 0xF6FC, 0xF6FC, 0xF6FC, 0xF6FC, 0xF6FC, 0xF6FC, 0xF6FC, 0xF6FC, 0xFEFC, 0xF6FC,
    0xFEDC, 0xFEDC, 0xFEDC, 0xF6DB, 0xFEFC, 0xE659, 0xD516, 0xFDD9, 0xF5B9, 0xF5B9, 0xF5B9, 0xF5B9, 0xF5B9, 0xF5B9, 0xF5B9, 0xF5B9,
    0xF5B9, 0xF5B9, 0xF5B9, 0xF5D9, 0xF598, 0xED37, 0xE4F6, 0xE4F6, 0xF578, 0xF598, 0xF5B9, 0xDD16, 0xE537, 0xF5B9, 0xF599, 0xF5B9,
    0xED78, 0xCC94, 0xF5B9, 0xF599, 0xF5B9, 0xF5B9, 0xF5B9, 0xF5B9, 0xF5B9, 0xF5B9, 0xF5B9, 0xF5B9, 0xF5B9, 0xF5B9, 0xF5B9, 0xF5B9,
    0xF5B9, 0xF5B9, 0xF5B9, 0xF5B9, 0xF5B9, 0xF5B9, 0xF5B9, 0xF5B9, 0xF5B9, 0xF5B9, 0xF5B9, 0xF5B9, 0xF5B9, 0xF5B9, 0xF5B9, 0xF5B9,
    0xF5B9, 0xF5B9, 0xF5B9, 0xF5B9, 0xF5B9, 0xF5B9, 0xF5B9, 0xF599, 0xF5B9, 0xF598, 0xE4F6, 0xF599, 0xF5B9, 0xF599, 0xF5B9, 0xF5B9,
    0xF5B9, 0xF5B9, 0xF5B9, 0xF5B9, 0xF5B9, 0xF5B9, 0xF5B9, 0xF5B9, 0xF5B9, 0xF5B9, 0xF5B9, 0xF5B9, 0xF5B9, 0xF5B9, 0xF5B9, 0xF5B9,
    0xF5B9, 0xF5B9, 0xF5B9, 0xF5B9, 0xF5B9, 0xF5B9, 0xF5B9, 0xF5B9, 0xF5B9, 0xF5B9, 0xF5B9, 0xF5B9, 0xF578, 0xDC14, 0xDC14, 0xDC34,
    0xBB91, 0xD3F3, 0xE434, 0xC392, 0xC3B2, 0xDC54, 0xD414, 0xDC14, 0xDC14, 0xDC14, 0xDC34, 0xD414, 0xDC34, 0xD3F3, 0xC3D2, 0xDC34,
    0xDC14, 0xDC14, 0xDC34, 0xDC34, 0xDC34, 0xDC34, 0xC3D2, 0xDDF8, 0xFF1C, 0xF6DC, 0xF6FC, 0xF6FC, 0xF6FC, 0xF6FC, 0xF6FC, 0xF6FC,
    0xF6FC, 0xF6FC, 0xF6FC, 0xF6FC, 0xF6FC, 0xF6FC, 0xF6FC, 0xF6FC, 0xF6FC, 0xF6FC, 0xF6FC, 0xF6FC, 0xF6FC, 0xF6FC, 0xF6FC, 0xF6FC,
    0xFEFC, 0xF6FC, 0xF6FC, 0xF6FC, 0xF6FC, 0xF6FC, 0xF6FC, 0xF6FC, 0xF6FC, 0xF6FC, 0xF6FC, 0xF6FC, 0xEEDB, 0xEEDB, 0xEEDB, 0xEEDB,
    0xEEDB, 0xF6FB, 0xF6FC, 0xF6FB, 0xF6FC, 0xF6FB, 0xEEDB, 0xEEDB, 0xF6FC, 0xF6FB, 0xEEDB, 0xF6FB, 0xF6FC, 0xF6FC, 0xF6FC, 0xF6FC,
    0xF6FC, 0xF6FC, 0xF6FC, 0xF6FC, 0xF6FC, 0xF6FC, 0xF6FC, 0xF6FC, 0xF6FC, 0xF6FC, 0xF6FC, 0xF6FC, 0xF6FC, 0xF6FC, 0xF6FC, 0xF6FC,
    0xF6FC, 0xF6FC, 0xF6FC, 0xF6FC, 0xF6FC, 0xF6FC, 0xF6FC, 0xF6FC, 0xF6FC, 0xF6FC, 0xF6FC, 0xF6FC, 0xF6FC, 0xF6FC, 0xF6FC, 0xF6FC,
    0xF6FC, 0xF6FC, 0xF6FC, 0xF6FC, 0xF6FC, 0xF6FC, 0xF6FC, 0xF6FC, 0xF6FC, 0xF6FC, 0xF6FC, 0xF6FC, 0xF6FC, 0xF6FC, 0xFEFC, 0xFEDC,
    0xFEDC, 0xFEDC, 0xFEDC, 0xFEDC, 0xFEFC, 0xEE9B, 0xCD15, 0xF5B9, 0xF5B9, 0xF5B9, 0xF5B9, 0xF5B9, 0xF5B9, 0xF5B9, 0xF5B9, 0xF5B9,
    0xF5B9, 0xF5B9, 0xF5B9, 0xF5B9, 0xF5B9, 0xF5D9, 0xF5B9, 0xED57, 0xE516, 0xED37, 0xF598, 0xF598, 0xD4B5, 0xF598, 0xF599, 0xF5B9,
    0xED57, 0xD4B5, 0xF5B9, 0xF598, 0xF5B9, 0xF5B9, 0xF5B9, 0xF5B9, 0xF5B9, 0xF5B9, 0xF5B9, 0xF5B9, 0xF5B9, 0xF5B9, 0xF5B9, 0xF5B9,
    0xF5B9, 0xF5B9, 0xF5B9, 0xF5B9, 0xF5B9, 0xF5B9, 0xF5B9, 0xF5B9, 0xF5B9, 0xF5B9, 0xF5B9, 0xF5B9, 0xF5B9, 0xF5B9, 0xF5B9, 0xF5B9,
    0xF5B9, 0xF5B9, 0xF5B9, 0xF5B9, 0xF5B9, 0xF5B9, 0xF5B9, 0xF599, 0xF599, 0xE516, 0xED78, 0xF5B9, 0xF599, 0xF5B9, 0xF5B9, 0xF5B9,
    0xF5B9, 0xF5B9, 0xF5B9, 0xF5B9, 0xF5B9, 0xF5B9, 0xF5B9, 0xF5B9, 0xF5B9, 0xF5B9, 0xF5B9, 0xF5B9, 0xF5B9, 0xF5B9, 0xF5B9, 0xF5B9,
    0xF5B9, 0xF5B9, 0xF5B9, 0xF5B9, 0xF5B9, 0xF5B9, 0xF5B9, 0xF5B9, 0xF5B9, 0xF5B9, 0xF5B9, 0xF5B9, 0xED58, 0xDC14, 0xDC14, 0xDC34,
    0xBB91, 0xD3F3, 0xD414, 0xB371, 0xDC14, 0xDC34, 0xDC14, 0xDC14, 0xDC14, 0xDC14, 0xDC14, 0xDC34, 0xD414, 0xBB91, 0xD414, 0xD414,
    0xDC14, 0xDC14, 0xDC14, 0xDC34, 0xDC34, 0xDC34, 0xBC12, 0xEE9A, 0xFEFC, 0xF6DC, 0xF6FC, 0xF6FC, 0xF6FC, 0xF6DC, 0xF6FC, 0xF6FC,
    0xF6FC, 0xF6FC, 0xF6FC, 0xF6FC, 0xF6FC, 0xF6FC, 0xF6FC, 0xF6FC, 0xF6FC, 0xF6FC, 0xF6FC, 0xF6FC, 0xF6FC, 0xF6FC, 0xF6FC, 0xF6FC,
    0xFEFC, 0xF6FC, 0xF6FC, 0xF6FC, 0xF6FC, 0xF6FC, 0xF6FC, 0xF6FC, 0xF6FC, 0xF6FC, 0xFEFC, 0xF6DB, 0xE6FC, 0xEF1C, 0xE6BA, 0xE6FB,
    0xE6FB, 0xEEDB, 0xEEDB, 0xEF3C, 0xEEDB, 0xEEFB, 0xEEFB, 0xEF3C, 0xE6BB, 0xEEFB, 0xEF1C, 0xEEFC, 0xF6DB, 0xFEFC, 0xF6FC, 0xF6FC,
    0xF6FC, 0xF6FC, 0xF6FC, 0xF6FC, 0xF6FC, 0xF6FC, 0xF6FC, 0xF6FC, 0xF6FC, 0xF6FC, 0xFEFC, 0xFEFC, 0xF6FC, 0xF6FC, 0xF6FC, 0xF6FC,
    0xF6FC, 0xF6FC, 0xF6FC, 0xF6FC, 0xF6FC, 0xF6FC, 0xF6FC, 0xF6FC, 0xF6FC, 0xF6FC, 0xF6FC, 0xF6DC, 0xF6FC, 0xF6FC, 0xF6FC, 0xF6FC,
    0xF6FC, 0xF6FC, 0xF6FC, 0xF6FC, 0xF6FC, 0xF6FC, 0xF6FC, 0xF6FC, 0xF6FC, 0xF6FC, 0xF6FC, 0xF6FC, 0xF6FC, 0xF6FC, 0xF6FC, 0xFEDC,
    0xFEDC, 0xFEDC, 0xFEDC, 0xFEDC, 0xFEDC, 0xF6DB, 0xCD35, 0xF5B8, 0xF5B9, 0xF5B9, 0xF5B9, 0xF5B9, 0xF5B9, 0xF5B9, 0xF5B9, 0xF5B9,
    0xF5B9, 0xF5B9, 0xF5B9, 0xF598, 0xED78, 0xED78, 0xED78, 0xF598, 0xF5B8, 0xED57, 0xE537, 0xF598, 0xE516, 0xDD16, 0xF5B9, 0xF5D9,
    0xE516, 0xD4D5, 0xF5B9, 0xF598, 0xF5B9, 0xF5B9, 0xF5B9, 0xF5B9, 0xF5B9, 0xF5B9, 0xF5B9, 0xF5B9, 0xF5B9, 0xF5B9, 0xF599, 0xF5B9,
    0xF5B9, 0xF5B9, 0xF5B9, 0xF5B9, 0xF5B9, 0xF5B9, 0xF5B9, 0xF5B9, 0xF5B9, 0xF5B9, 0xF5B9, 0xF5B9, 0xF5B9, 0xF5B9, 0xF5B9, 0xF5B9,
    0xF5B9, 0xF5B9, 0xF5B9, 0xF5B9, 0xF5B9, 0xF5B9, 0xF599, 0xF5B9, 0xE537, 0xED57, 0xF5B9, 0xF599, 0xF5B9, 0xF5B9, 0xF5B9, 0xF5B9,
    0xF5B9, 0xF5B9, 0xF5B9, 0xF5B9, 0xF5B9, 0xF5B9, 0xF5B9, 0xF5B9, 0xF5B9, 0xF5B9, 0xF5B9, 0xF5B9, 0xF5B9, 0xF5B9, 0xF5B9, 0xF5B9,
    0xF5B9, 0xF5B9, 0xF5B9, 0xF5B9, 0xF5B9, 0xF5B9, 0xF5B9, 0xF5B9, 0xF5B9, 0xF5B9, 0xF5B9, 0xF5B9, 0xED37, 0xD414, 0xDC14, 0xDC34,
    0xBB91, 0xCBF3, 0xBB91, 0xCBF3, 0xDC34, 0xDC14, 0xDC14, 0xDC14, 0xDC14, 0xDC14, 0xDC14, 0xDC34, 0xBB91, 0xCBF3, 0xDC34, 0xD414,
    0xDC14, 0xDC14, 0xDC14, 0xDC34, 0xDC34, 0xD413, 0xBC73, 0xF6FC, 0xF6FC, 0xF6FC, 0xF6FC, 0xF6FC, 0xF6FC, 0xF6FC, 0xF6FC, 0xF6FC,
    0xF6FC, 0xF6FC, 0xF6FC, 0xF6FC, 0xF6FC, 0xF6FC, 0xF6FC, 0xF6FC, 0xF6FC, 0xF6FC, 0xF6FC, 0xF6FC, 0xF6FC, 0xF6FC, 0xFEFC, 0xFEFC,
    0xFEFC, 0xFEFC, 0xF6FC, 0xF6FC, 0xF6FC, 0xF6FC, 0xF6FC, 0xF6FC, 0xF6FC, 0xF6FC, 0xFEFC, 0xF6DB, 0xEEFB, 0xE6FB, 0xE6BA, 0xEF1C,
    0xE6DB, 0xE6BA, 0xEF1C, 0xEF3C, 0xEEDB, 0xEEFB, 0xE6BA, 0xEF3C, 0xE69A, 0xEEFC, 0xE6FB, 0xEEFB, 0xF6DB, 0xFEFC, 0xF6FC, 0xF6FC,
    0xFEFC, 0xF6FC, 0xF6FC, 0xF6FC, 0xF6FC, 0xF6FC, 0xF6FC, 0xF6FC, 0xF6FC, 0xF6FC, 0xF6FC, 0xF6FC, 0xF6FC, 0xF6FC, 0xF6FC, 0xF6FC,
    0xF6FC, 0xF6FC, 0xF6FC, 0xF6FC, 0xF6FC, 0xF6FC, 0xF6FC, 0xF6FC, 0xF6FC, 0xF6FC, 0xF6FC, 0xF6DC, 0xF6DC, 0xF6FC, 0xF6FC, 0xF6FC,
    0xF6FC, 0xF6FC, 0xF6FC, 0xF6FC, 0xF6FC, 0xF6FC, 0xF6FC, 0xF6FC, 0xF6FC, 0xF6FC, 0xF6FC, 0xF6FC, 0xF6FC, 0xF6FC, 0xF6FC, 0xF6DC,
    0xFEDC, 0xF6DC, 0xFEDC, 0xFEDC, 0xFEFC, 0xF6BB, 0xCCF5, 0xF5B9, 0xF5B9, 0xF5B9, 0xF5B9, 0xF5B9, 0xF5B9, 0xF5B9, 0xF5B9, 0xF5B9,
    0xED98, 0xE537, 0xE517, 0xE517, 0xE517, 0xED57, 0xED58, 0xED58, 0xF598, 0xF5B9, 0xF598, 0xED78, 0xF578, 0xE516, 0xED58, 0xFDD9,
    0xDCF5, 0xDD16, 0xF5B9, 0xF598, 0xF5B9, 0xF5B9, 0xF5B9, 0xF5B9, 0xF5B9, 0xF5B9, 0xF599, 0xF599, 0xF5B9, 0xF599, 0xF5B9, 0xF5B9,
    0xF5B9, 0xF5B9, 0xF5B9, 0xF5B9, 0xF5B9, 0xF5B9, 0xF5B9, 0xF5B9, 0xF5B9, 0xF5B8, 0xF5B9, 0xF5B9, 0xF5B9, 0xF5B9, 0xF5B9, 0xF5B9,
    0xF5B9, 0xF5B9, 0xF5B9, 0xF5B9, 0xF5B9, 0xF598, 0xF5B9, 0xED58, 0xE517, 0xF5B9, 0xF5B9, 0xF5B9, 0xF5B9, 0xF5B9, 0xF5B9, 0xF5B9,
    0xF5B9, 0xF5B9, 0xF5B9, 0xF5B9, 0xF5B9, 0xF5B9, 0xF5B9, 0xF5B9, 0xF5B9, 0xF5B9, 0xF5B9, 0xF5B9, 0xF5B9, 0xF5B9, 0xF5B9, 0xF5B9,
    0xF5B9, 0xF5B9, 0xF5B9, 0xF5B9, 0xF5B9, 0xF5B9, 0xF5B9, 0xF5B9, 0xF5B9, 0xF5B9, 0xF5B9, 0xF5D9, 0xED17, 0xDBF3, 0xDC14, 0xDC34,
    0xC3B1, 0xB390, 0xCBD2, 0xDC34, 0xD414, 0xDC14, 0xDC14, 0xDC34, 0xDC14, 0xDC14, 0xDC34, 0xC3B2, 0xC3B2, 0xDC34, 0xD414, 0xD414,
    0xDC14, 0xDC14, 0xDC34, 0xDC34, 0xDC34, 0xCBD2, 0xCD56, 0xFF3C, 0xF6DB, 0xF6FC, 0xF6FC, 0xF6FC, 0xF6FC, 0xF6FC, 0xF6FC, 0xF6FC,
    0xF6FC, 0xF6FC, 0xF6FC, 0xF6FC, 0xF6FC, 0xF6FC, 0xF6FC, 0xF6FC, 0xF6FC, 0xF6FC, 0xFEFC, 0xF6FC, 0xF6FC, 0xFEFC, 0xFEFC, 0xF6FC,
    0xFEFC, 0xFEFC, 0xF6FC, 0xFEFC, 0xF6FC, 0xF6FC, 0xF6FC, 0xF6FC, 0xF6FC, 0xF6FC, 0xF6FC, 0xF6DB, 0xEEFB, 0xEEFC, 0xEEBB, 0xEEFC,
    0xE6DB, 0xE6BB, 0xEEFB, 0xEEDB, 0xEEFB, 0xEEDB, 0xEEDB, 0xEF1C, 0xE6BB, 0xE6DB, 0xEEDB, 0xEEFC, 0xF6DB, 0xFEFC, 0xF6FC, 0xF6FC,
    0xFEFC, 0xF6FC, 0xF6FC, 0xF6FC, 0xF6FC, 0xF6FC, 0xF6FC, 0xF6FC, 0xF6FC, 0xF6FC, 0xF6FC, 0xF6FC, 0xF6FC, 0xF6FC, 0xF6FC, 0xF6FC,
    0xF6FC, 0xF6FC, 0xF6FC, 0xF6FC, 0xF6FC, 0xF6FC, 0xF6DC, 0xF6FC, 0xF6FC, 0xF6FC, 0xF6FC, 0xF6DC, 0xF6DC, 0xF6FC, 0xF6FC, 0xF6FC,
    0xF6FC, 0xF6FC, 0xF6FC, 0xF6FC, 0xF6FC, 0xF6FC, 0xF6FC, 0xF6FC, 0xF6FC, 0xF6FC, 0xF6FC, 0xF6FC, 0xF6FC, 0xF6FC, 0xF6FC, 0xF6DC,
    0xFEDC, 0xF6FC, 0xF6DC, 0xF6DB, 0xFF1C, 0xCD36, 0xE537, 0xF5D9, 0xF5B9, 0xF5B9, 0xF5B9, 0xF5B9, 0xF5B9, 0xF5B9, 0xED78, 0xE537,
    0xE537, 0xED58, 0xF598, 0xF5B9, 0xF5B9, 0xF5B9, 0xF5B9, 0xF5B9, 0xF5B9, 0xF5B9, 0xF5B9, 0xF5B9, 0xF598, 0xF598, 0xED78, 0xF5B9,
    0xD4B5, 0xE557, 0xF5B9, 0xF599, 0xF5B9, 0xF5B9, 0xF5B9, 0xF5B9, 0xF5B9, 0xF5B9, 0xF599, 0xF599, 0xF5B9, 0xF599, 0xF599, 0xF5B9,
    0xF5B9, 0xF5B9, 0xF5B9, 0xF5B9, 0xF5B9, 0xF5B9, 0xF5B9, 0xF5B9, 0xF5B9, 0xF5B9, 0xF5B9, 0xF5B9, 0xF5B9, 0xF5B9, 0xF5B9, 0xF5B9,
    0xF5B9, 0xF5B9, 0xF5B9, 0xF5B9, 0xF599, 0xF599, 0xF578, 0xE517, 0xF599, 0xF5B9, 0xF5B9, 0xF5B9, 0xF5B9, 0xF5B9, 0xF5B9, 0xF5B9,
    0xF5B9, 0xF5B8, 0xF5B9, 0xF5B9, 0xF5B9, 0xF5B9, 0xF5B9, 0xF5B9, 0xF5B9, 0xF598, 0xF5B8, 0xF5B9, 0xF5B9, 0xF5B9, 0xF5B9, 0xF5B9,
    0xF5B9, 0xF5B9, 0xF5B9, 0xF5B9, 0xF5B9, 0xF5B9, 0xF5B9, 0xF5B9, 0xF5B9, 0xF5B9, 0xF5B8, 0xF5B9, 0xECF7, 0xD3F3, 0xDC14, 0xDC35,
    0xBB71, 0xBB91, 0xDC34, 0xDC14, 0xDC14, 0xDC14, 0xDC14, 0xDC14, 0xDC14, 0xDC34, 0xCBD2, 0xBBB1, 0xDC34, 0xD414, 0xDC14, 0xDC14,
    0xDC14, 0xDC34, 0xDC14, 0xDC14, 0xDC34, 0xB371, 0xB493, 0xFF3D, 0xF6FC, 0xF6FC, 0xF6FC, 0xF6FC, 0xF6FC, 0xF6FC, 0xF6FC, 0xF6FC,
    0xF6FC, 0xF6FC, 0xF6FC, 0xF6FC, 0xF6FC, 0xF6FC, 0xF6FC, 0xF6FC, 0xF6FC, 0xF6FC, 0xF6FC, 0xF6FC, 0xF6FC, 0xF6FC, 0xF6FC, 0xF6FC,
    0xFEFC, 0xF6FC, 0xF6FC, 0xF6FC, 0xF6FC, 0xF6FC, 0xF6FC, 0xF6FC, 0xF6FC, 0xF6FC, 0xF6FC, 0xF6FC, 0xF6DB, 0xF6DB, 0xF6DB, 0xF6DB,
    0xF6DB, 0xF6DB, 0xF6DB, 0xF6DB, 0xF6DB, 0xF6DB, 0xF6DB, 0xF6DB, 0xF6DB, 0xF6DB, 0xF6DB, 0xF6DB, 0xF6FC, 0xF6FC, 0xF6FC, 0xF6FC,
    0xF6FC, 0xF6FC, 0xF6FC, 0xF6FC, 0xF6FC, 0xF6FC, 0xF6FC, 0xF6FC, 0xF6FC, 0xF6FC, 0xF6FC, 0xF6FC, 0xF6FC, 0xF6FC, 0xF6FC, 0xF6FC,
    0xF6DC, 0xF6FC, 0xF6FC, 0xF6FC, 0xF6FC, 0xF6DC, 0xF6DC, 0xF6FC, 0xF6FC, 0xF6FC, 0xF6FC, 0xF6FC, 0xF6FC, 0xF6FC, 0xF6FC, 0xF6FC,
    0xF6FC, 0xF6FC, 0xF6FC, 0xF6FC, 0xF6FC, 0xF6FC, 0xF6FC, 0xF6FC, 0xF6FC, 0xF6FC, 0xF6FC, 0xF6FC, 0xF6FC, 0xF6FC, 0xF6FC, 0xF6FC,
    0xF6FC, 0xF6FC, 0xF6DB, 0xFF1C, 0xDDF8, 0xCCD5, 0xFDD9, 0xF5B9, 0xF5B9, 0xF5B9, 0xF5B9, 0xF5B9, 0xF598, 0xE537, 0xE537, 0xED98,
    0xF5B9, 0xF5B9, 0xF5B9, 0xF5B9, 0xF5B9, 0xF5B9, 0xF5B9, 0xF5B9, 0xF5B9, 0xF5B9, 0xF5B9, 0xF5B9, 0xF5B9, 0xF5B9, 0xF5B9, 0xF5B9,
    0xD4B4, 0xED78, 0xF599, 0xF599, 0xF5B9, 0xF5B9, 0xF5B9, 0xF5B9, 0xF599, 0xF5B9, 0xF5B9, 0xF5B9, 0xF5B9, 0xF599, 0xF5B9, 0xF5B9,
    0xF5B9, 0xF5B9, 0xF5B9, 0xF5B9, 0xF5B9, 0xF5B9, 0xF5B9, 0xF5B9, 0xF5B9, 0xF5B9, 0xF5B9, 0xF5B9, 0xF5B9, 0xF5B9, 0xF5B9, 0xF5B9,
    0xF5B9, 0xF5B9, 0xF5B9, 0xF5B9, 0xF5B9, 0xF598, 0xE517, 0xF598, 0xF5B9, 0xF5B9, 0xF5B9, 0xF5B9, 0xF5B9, 0xF5B9, 0xF5B9, 0xF5B9,
    0xF5B9, 0xF5B9, 0xF5B9, 0xF5B9, 0xF5B9, 0xF5B9, 0xF5B9, 0xF5B9, 0xF5B9, 0xF5B9, 0xF5B9, 0xF5B9, 0xF5B9, 0xF5B9, 0xF5B9, 0xF5B9,
    0xF5B9, 0xF5B9, 0xF5B9, 0xF5B9, 0xF5B9, 0xF5B9, 0xF5B9, 0xF5B9, 0xF5B9, 0xF5B9, 0xF5B9, 0xF5B9, 0xE4D6, 0xD413, 0xDC14, 0xDC34,
    0xC391, 0xCBD2, 0xDC34, 0xDC14, 0xDC14, 0xDC14, 0xDC14, 0xD414, 0xDC34, 0xCBF3, 0xBB91, 0xDC34, 0xDC14, 0xDC14, 0xDC14, 0xDC14,
    0xDC14, 0xDC14, 0xDC14, 0xDC34, 0xDC34, 0xAB70, 0xB3B1, 0xC4F4, 0xFF1C, 0xF6FC, 0xF6FC, 0xF6FC, 0xF6FC, 0xF6FC, 0xF6FC, 0xF6FC,
    0xF6FC, 0xF6FC, 0xF6FC, 0xF6FC, 0xF6FC, 0xF6FC, 0xF6FC, 0xF6FC, 0xF6FC, 0xF6FC, 0xF6FC, 0xF6FC, 0xF6FC, 0xF6FC, 0xF6FC, 0xF6FC,
    0xFEFC, 0xF6FC, 0xFEFC, 0xFEFC, 0xF6FC, 0xF6FC, 0xF6FC, 0xF6FC, 0xF6FC, 0xF6FC, 0xF6FC, 0xF6FC, 0xFEFC, 0xFEFC, 0xFEFC, 0xFEFC,
    0xFEFC, 0xFEFC, 0xF6FC, 0xF6FC, 0xF6FC, 0xF6FC, 0xF6FC, 0xFEFC, 0xFEFC, 0xF6FC, 0xF6FC, 0xFEFC, 0xF6FC, 0xFEFC, 0xF6FC, 0xF6FC,
    0xFEFC, 0xF6FC, 0xF6FC, 0xF6FC, 0xF6FC, 0xF6FC, 0xF6FC, 0xF6FC, 0xF6FC, 0xF6FC, 0xF6FC, 0xF6FC, 0xF6FC, 0xF6FC, 0xF6FC, 0xF6FC,
    0xF6FC, 0xF6FC, 0xF6FC, 0xF6FC, 0xF6FC, 0xF6FC, 0xF6DC, 0xF6FC, 0xF6FC, 0xF6FC, 0xF6FC, 0xF6DC, 0xF6FC, 0xF6FC, 0xF6FC, 0xF6FC,
    0xF6FC, 0xF6FC, 0xF6FC, 0xF6FC, 0xF6FC, 0xF6FC, 0xF6FC, 0xF6FC, 0xF6FC, 0xF6FC, 0xF6FC, 0xF6FC, 0xF6FC, 0xF6FC, 0xFEFC, 0xF6FC,
    0xF6FC, 0xF6FC, 0xFEFC, 0xEEBB, 0xC4B4, 0xF598, 0xF5B9, 0xF5B9, 0xF5B9, 0xF5B9, 0xF5B9, 0xF598, 0xED37, 0xED78, 0xF5B9, 0xF5B9,
    0xF5B9, 0xF5B9, 0xF5B9, 0xF5B9, 0xF5B9, 0xF5B9, 0xF5B9, 0xF5B9, 0xF5B9, 0xF5B9, 0xF5B8, 0xF5B9, 0xF5B9, 0xF5B9, 0xF5B9, 0xF598,
    0xCC94, 0xF598, 0xF598, 0xF599, 0xF5B9, 0xF5B9, 0xF5B9, 0xF5B9, 0xF599, 0xF5B9, 0xF5B9, 0xF5B9, 0xF5B9, 0xF599, 0xF599, 0xF5B9,
    0xF5B9, 0xF5B9, 0xF5B9, 0xF5B9, 0xF5B9, 0xF5B9, 0xF5B9, 0xF5B9, 0xF5B9, 0xF5B9, 0xF5B9, 0xF5B9, 0xF5B9, 0xF5B9, 0xF5B9, 0xF599,
    0xF5B9, 0xF599, 0xF599, 0xF5B9, 0xF5B9, 0xE537, 0xF578, 0xF5B9, 0xF598, 0xF5B9, 0xF5B9, 0xF5B9, 0xF5B9, 0xF5B9, 0xF5B9, 0xF5B9,
    0xF5B9, 0xF5B9, 0xF5B9, 0xF5B9, 0xF5B9, 0xF5B9, 0xF5B9, 0xF5B9, 0xF5B9, 0xF5B9, 0xF5B9, 0xF5B9, 0xF5B9, 0xF5B9, 0xF5B9, 0xF5B8,
    0xF5B9, 0xF5B9, 0xF5B9, 0xF5B9, 0xF5B9, 0xF5B9, 0xF5B9, 0xF5B9, 0xF5B9, 0xF5B9, 0xF5B9, 0xF5B9, 0xE4B6, 0xD413, 0xDC14, 0xE434,
    0xC391, 0xC3B2, 0xDC34, 0xDC13, 0xDC14, 0xDC14, 0xDC14, 0xDC34, 0xD3F3, 0xBB91, 0xD413, 0xDC14, 0xDC14, 0xDC14, 0xDC14, 0xDC14,
    0xDC14, 0xDC14, 0xDC14, 0xDC34, 0xD3F3, 0xBBB1, 0xE455, 0xC3B2, 0xCD76, 0xFF3C, 0xF6DB, 0xF6FC, 0xF6FC, 0xF6FC, 0xF6FC, 0xF6FC,
    0xF6FC, 0xF6FC, 0xF6FC, 0xF6FC, 0xF6FC, 0xF6FC, 0xF6FC, 0xF6FC, 0xF6FC, 0xF6FC, 0xF6FC, 0xF6FC, 0xF6FC, 0xF6FC, 0xF6FC, 0xF6FC,
    0xF6FC, 0xF6FC, 0xF6FC, 0xFEFC, 0xF6FC, 0xF6FC, 0xF6FC, 0xF6FC, 0xF6FC, 0xF6FC, 0xF6FC, 0xF6FC, 0xF6FC, 0xF6FC, 0xF6FC, 0xF6FC,
    0xF6FC, 0xF6FC, 0xF6FC, 0xF6FC, 0xF6FC, 0xF6FC, 0xF6FC, 0xF6FC, 0xF6FC, 0xF6FC, 0xF6FC, 0xF6FC, 0xF6FC, 0xF6FC, 0xF6FC, 0xF6FC,
    0xFEFC, 0xF6FC, 0xF6FC, 0xF6FC, 0xF6FC, 0xF6FC, 0xF6FC, 0xF6FC, 0xF6FC, 0xF6FC, 0xF6FC, 0xF6FC, 0xF6FC, 0xF6FC, 0xF6FC, 0xF6FC,
    0xF6FC, 0xFEFC, 0xF6FC, 0xF6FC, 0xF6FC, 0xF6FC, 0xF6FC, 0xF6FC, 0xF6FC, 0xF6FC, 0xF6FC, 0xF6DC, 0xF6FC, 0xF6FC, 0xF6FC, 0xF6FC,
    0xF6FC, 0xF6FC, 0xF6FC, 0xF6FC, 0xF6FC, 0xF6FC, 0xF6FC, 0xF6FC, 0xF6FC, 0xF6FC, 0xF6FC, 0xF6FC, 0xF6FC, 0xFEFC, 0xFEFC, 0xF6FC,
    0xF6FC, 0xF6DC, 0xFF1C, 0xDDB7, 0xDD16, 0xFDB9, 0xF598, 0xF5B9, 0xF5B9, 0xF5B9, 0xF5B8, 0xF598, 0xF5B9, 0xF5B9, 0xF5B8, 0xF5B8,
    0xF5B9, 0xF599, 0xF5B9, 0xF5B9, 0xF5B9, 0xF5B9, 0xF5B9, 0xF5B9, 0xF5B9, 0xF5B9, 0xF5B8, 0xF5B9, 0xF5B9, 0xF599, 0xF5B9, 0xED78,
    0xCC94, 0xF598, 0xF598, 0xF599, 0xF5B9, 0xF5B9, 0xF5B9, 0xF5B9, 0xF598, 0xF5B9, 0xF5B9, 0xF599, 0xF5B9, 0xF5B9, 0xF599, 0xF5B9,
    0xF5B9, 0xF5B9, 0xF5B9, 0xF5B9, 0xF5B9, 0xF5B9, 0xF5B9, 0xF5B9, 0xF5B9, 0xF5B9, 0xF5B9, 0xF5B9, 0xF5B9, 0xF5B9, 0xF5B9, 0xF599,
    0xF599, 0xF5B9, 0xF598, 0xF5B9, 0xED57, 0xED57, 0xF5D9, 0xF5B8, 0xF5B8, 0xF5B9, 0xF5B9, 0xF5B9, 0xF5B9, 0xF5B9, 0xF5B9, 0xF5B9,
    0xF5B8, 0xF5B9, 0xF5B9, 0xF5B9, 0xF5B9, 0xF5B9, 0xF5B9, 0xF5B9, 0xF5B9, 0xF5B9, 0xF5B9, 0xF5B9, 0xF5B9, 0xF5B9, 0xF5B9, 0xF5B9,
    0xF5B9, 0xF5B9, 0xF5B9, 0xF5B9, 0xF5B9, 0xF5B9, 0xF5B9, 0xF5B9, 0xF5B9, 0xF5B9, 0xF5B8, 0xF5B9, 0xE495, 0xDC13, 0xDC14, 0xDC34,
    0xC391, 0xC3B2, 0xDC34, 0xDC14, 0xDC14, 0xDC14, 0xDC14, 0xD414, 0xC392, 0xD3F3, 0xDC14, 0xDC14, 0xDC14, 0xDC14, 0xDC14, 0xDC14,
    0xDC34, 0xDC14, 0xDC14, 0xDC14, 0xDC14, 0xDC14, 0xDC34, 0xDC34, 0xBC12, 0xF6DB, 0xFEFC, 0xF6FC, 0xF6FC, 0xF6FC, 0xF6FC, 0xF6FC,
    0xF6FC, 0xF6FC, 0xF6FC, 0xF6FC, 0xF6FC, 0xF6FC, 0xF6FC, 0xF6FC, 0xF6FC, 0xF6FC, 0xF6FC, 0xF6FC, 0xF6FC, 0xF6FC, 0xF6FC, 0xF6FC,
    0xF6FC, 0xF6FC, 0xF6FC, 0xFEFC, 0xF6FC, 0xF6FC, 0xF6FC, 0xF6FC, 0xF6FC, 0xF6FC, 0xF6FC, 0xF6FC, 0xF6FC, 0xF6FC, 0xF6FC, 0xF6FC,
    0xF6FC, 0xF6FC, 0xF6FC, 0xF6FC, 0xF6FC, 0xF6FC, 0xF6FC, 0xF6FC, 0xF6FC, 0xF6FC, 0xF6FC, 0xF6FC, 0xF6FC, 0xF6FC, 0xF6FC, 0xF6FC,
};
