// Auto-generated from think.png
// Size: 240x240 pixels
// Format: RGB565

#include <stdint.h>

const uint16_t emotion_think_image_width = 240;
const uint16_t emotion_think_image_height = 240;
const uint16_t emotion_think_image_data[] = {
    0x7F3E, 0x7F3E, 0x7F3E, 0x7F3E, 0x7F3E, 0x7F3F, 0x7F3E, 0x7F1E, 0x7F1F, 0x7F1F, 0x7F1E, 0x7F1E, 0x7F1F, 0x7F1E, 0x871F, 0x871F,
    0x871F, 0x871E, 0x871F, 0x871F, 0x871F, 0x871F, 0x871F, 0x871F, 0x871F, 0x873F, 0x871F, 0x871F, 0x871F, 0x871F, 0x871F, 0x871F,
    0x871F, 0x871F, 0x871F, 0x871F, 0x871F, 0x871F, 0x871F, 0x871F, 0x871F, 0x871F, 0x871F, 0x871F, 0x871F, 0x871F, 0x871F, 0x871F,
    0x871F, 0x871F, 0x871F, 0x871F, 0x871F, 0x871F, 0x871F, 0x871F, 0x8F1F, 0x8F1F, 0x8F1F, 0x8F1F, 0x8F1F, 0x8F1F, 0x8F1F, 0x8F1F,
    0x8F1F, 0x8F1F, 0x8F1F, 0x8EFF, 0x8EFF, 0x8EFF, 0x8EFF, 0x8F1F, 0x8EFF, 0x8EFF, 0x96DF, 0x9EBF, 0x9EBF, 0x9EBF, 0x9EBF, 0x9EBF,
    0x9EBF, 0x9EBF, 0x9EBF, 0x9EBF, 0x9EBF, 0x9EBF, 0x9EBF, 0x9EBF, 0x9EBF, 0x9EBF, 0x9EBF, 0x9EBF, 0x9EBF, 0x9EBF, 0x9EBF, 0x9EBF,
    0x9EBF, 0x9EBF, 0x9EBF, 0x9EBF, 0x9EBF, 0x9EBF, 0x9EBF, 0x9EBF, 0x9EBF, 0x9EBF, 0x9EBF, 0x9EBF, 0x9EBF, 0x9EBF, 0x9EBF, 0x9EBF,
    0x9EBF, 0x9EBF, 0x9EBF, 0x9EBF, 0x9EBF, 0x9EBF, 0x9EBF, 0x9EBF, 0x9EBF, 0x9EBF, 0x9EBF, 0x9EBF, 0x9EBF, 0x9EBF, 0x9EBF, 0x9EBF,
    0x9EBF, 0x9EBF, 0x9EBF, 0x9EBF, 0x9EBF, 0x9EBF, 0x9EBF, 0x9EBF, 0x9EBF, 0x9EBF, 0x9EBF, 0x9EBF, 0x9EBF, 0x9EBF, 0x9EBF, 0x9EBF,
    0x9EBF, 0x9EBF, 0x9EBF, 0x9EBF, 0x9EBF, 0x9EBF, 0x9EBF, 0x9EBF, 0x9EBF, 0x9EBF, 0x9EBF, 0x9EBF, 0x9EBF, 0x9EBF, 0x9EBF, 0x9EBF,
    0x9EBF, 0x9EBF, 0x9EBF, 0x9EBF, 0x9EBF, 0x9EBF, 0x9EBF, 0x9EBF, 0x9EBF, 0x9EBF, 0x9EBF, 0x9EBF, 0x9EBF, 0x9EBF, 0x9EBF, 0x9EBF,
    0x9EBF, 0x9EBF, 0x9EBF, 0x9EBF, 0x9EBF, 0x9EBF, 0x9EBF, 0x9EBF, 0x9EBF, 0x9EBF, 0x9EBF, 0x9EBF, 0x9EBF, 0x9EBF, 0x9EBF, 0x9EBF,
    0x9EBF, 0x9EBF, 0x9EBF, 0x9EBF, 0x9EBF, 0x9EBF, 0x9EBF, 0x9EBF, 0x9EBF, 0x9EBF, 0x9EBF, 0x9EBF, 0x9EBF, 0x9EBF, 0x9EBF, 0x9EBF,
    0x9EBF, 0x9EBF, 0x9EBF, 0x9EBF, 0x9EBF, 0x9EBF, 0x9EBF, 0x9EBF, 0x9EBF, 0x9EBF, 0x9EBF, 0x9EBF, 0x9EBF, 0x9EBF, 0x9EBF, 0x9EBF,
    0x9EBF, 0x9EBF, 0x9EBF, 0x9EBF, 0x9EBF, 0x9EBF, 0x9EBF, 0x9EBF, 0x9EBF, 0x9EBF, 0x9EBF, 0x9EBF, 0x9EBF, 0x9EBF, 0x9EBF, 0x9EBF,
    0x7F3F, 0x7F3E, 0x7F3E, 0x7F3F, 0x7F3F, 0x7F3E, 0x7F3E, 0x7F1F, 0x7F1F, 0x871E, 0x7F1E, 0x7F1F, 0x871F, 0x873F, 0x871F, 0x871F,
    0x871E, 0x871F, 0x871F, 0x871F, 0x871F, 0x871F, 0x871F, 0x871F, 0x871F, 0x871F, 0x871F, 0x871F, 0x871F, 0x871F, 0x871F, 0x871F,
    0x871F, 0x871F, 0x871F, 0x871F, 0x871F, 0x871F, 0x871F, 0x871F, 0x871F, 0x871F, 0x871F, 0x871F, 0x871F, 0x871F, 0x871F, 0x871F,
    0x871F, 0x871F, 0x871F, 0x8F1F, 0x8F1F, 0x8F1F, 0x8F1F, 0x8F1F, 0x8F1F, 0x8F1F, 0x8F1F, 0x8F1F, 0x8F1F, 0x8F1F, 0x8F1F, 0x8F1F,
    0x8F1F, 0x8F1F, 0x8EFF, 0x8F1F, 0x8F1F, 0x8F1F, 0x8EFF, 0x8EFF, 0x8EFF, 0x8EFF, 0x96FF, 0x9EBF, 0x9EBF, 0x9EBF, 0x9EBF, 0x9EBF,
    0x9EBF, 0x9EBF, 0x9EBF, 0x9EBF, 0x9EBF, 0x9EBF, 0x9EBF, 0x9EBF, 0x9EBF, 0x9EBF, 0x9EBF, 0x9EBF, 0x9EBF, 0x9EBF, 0x9EBF, 0x9EBF,
    0x9EBF, 0x9EBF, 0x9EBF, 0x9EBF, 0x9EBF, 0x9EBF, 0x9EBF, 0x9EBF, 0x9EBF, 0x9EBF, 0x9EBF, 0x9EBF, 0x9EBF, 0x9EBF, 0x9EBF, 0x9EBF,
    0x9EBF, 0x9EBF, 0x9EBF, 0x9EBF, 0x9EBF, 0x9EBF, 0x9EBF, 0x9EBF, 0x9EBF, 0x9EBF, 0x9EBF, 0x9EBF, 0x9EBF, 0x9EBF, 0x9EBF, 0x9EBF,
    0x9EBF, 0x9EBF, 0x9EBF, 0x9EBF, 0x9EBF, 0x9EBF, 0x9EBF, 0x9EBF, 0x9EBF, 0x9EBF, 0x9EBF, 0x9EBF, 0x9EBF, 0x9EBF, 0x9EBF, 0x9EBF,
    0x9EBF, 0x9EBF, 0x9EBF, 0x9EBF, 0x9EBF, 0x9EBF, 0x9EBF, 0x9EBF, 0x9EBF, 0x9EBF, 0x9EBF, 0x9EBF, 0x9EBF, 0x9EBF, 0x9EBF, 0x9EBF,
    0x9EBF, 0x9EBF, 0x9EBF, 0x9EBF, 0x9EBF, 0x9EBF, 0x9EBF, 0x9EBF, 0x9EBF, 0x9EBF, 0x9EBF, 0x9EBF, 0x9EBF, 0x9EBF, 0x9EBF, 0x9EBF,
    0x9EBF, 0x9EBF, 0x9EBF, 0x9EBF, 0x9EBF, 0x9EBF, 0x9EBF, 0x9EBF, 0x9EBF, 0x9EBF, 0x9EBF, 0x9EBF, 0x9EBF, 0x9EBF, 0x9EBF, 0x9EBF,
    0x9EBF, 0x9EBF, 0x9EBF, 0x9EBF, 0x9EBF, 0x9EBF, 0x9EBF, 0x9EBF, 0x9EBF, 0x9EBF, 0x9EBF, 0x9EBF, 0x9EBF, 0x9EBF, 0x9EBF, 0x9EBF,
    0x9EBF, 0x9EBF, 0x9EBF, 0x9EBF, 0x9EBF, 0x9EBF, 0x9EBF, 0x9EBF, 0x9EBF, 0x9EBF, 0x9EBF, 0x9EBF, 0x9EBF, 0x9EBF, 0x9EBF, 0x9EBF,
    0x9EBF, 0x9EBF, 0x9EBF, 0x9EBF, 0x9EBF, 0x9EBF, 0x9EBF, 0x9EBF, 0x9EBF, 0x9EBF, 0x9EBF, 0x9EBF, 0x9EBF, 0x9EBF, 0x9EBF, 0x9EBF,
    0x7F3E, 0x7F1E, 0x7F3F, 0x7F3F, 0x7F3E, 0x7F1E, 0x7F1F, 0x871F, 0x7F1E, 0x871E, 0x871F, 0x871F, 0x871F, 0x871F, 0x871F, 0x871E,
    0x871F, 0x871F, 0x871F, 0x871F, 0x871F, 0x871F, 0x871F, 0x871F, 0x871F, 0x871F, 0x871F, 0x871F, 0x871F, 0x871F, 0x871F, 0x871F,
    0x871F, 0x871F, 0x871F, 0x871F, 0x871F, 0x871F, 0x871F, 0x871F, 0x871F, 0x871F, 0x871F, 0x871F, 0x871F, 0x871F, 0x871F, 0x871F,
    0x871F, 0x871F, 0x8F1F, 0x8F1F, 0x8F1F, 0x8F1F, 0x8F1F, 0x8F1F, 0x8F1F, 0x8F1F, 0x8F1F, 0x8F1F, 0x8F1F, 0x8F1F, 0x8F1F, 0x8F1F,
    0x8EFF, 0x8EFF, 0x8EFF, 0x8EFF, 0x8EFF, 0x8EFF, 0x8EFF, 0x8EFF, 0x8EFF, 0x8F1F, 0x8EFF, 0x9EBF, 0x9EBF, 0x9EBF, 0x9EBF, 0x9EBF,
    0x9EBF, 0x9EBF, 0x9EBF, 0x9EBF, 0x9EBF, 0x9EBF, 0x9EBF, 0x9EBF, 0x9EBF, 0x9EBF, 0x9EBF, 0x9EBF, 0x9EBF, 0x9EBF, 0x9EBF, 0x9EBF,
    0x9EBF, 0x9EBF, 0x9EBF, 0x9EBF, 0x9EBF, 0x9EBF, 0x9EBF, 0x9EBF, 0x9EBF, 0x9EBF, 0x9EBF, 0x9EBF, 0x9EBF, 0x9EBF, 0x9EBF, 0x9EBF,
    0x9EBF, 0x9EBF, 0x9EBF, 0x9EBF, 0x9EBF, 0x9EBF, 0x9EBF, 0x9EBF, 0x9EBF, 0x9EBF, 0x9EBF, 0x9EBF, 0xA6BF, 0xA6DF, 0xA6DF, 0xA6DF,
    0xA6DF, 0xA6DF, 0xA6DF, 0xA6DF, 0x9EBF, 0xA6DF, 0x9E9F, 0x9EBF, 0x9E9F, 0x9EBF, 0x9EBF, 0x9EBF, 0x9EBF, 0x9EBF, 0x9EBF, 0x9EBF,
    0x9EBF, 0x9EBF, 0x9EBF, 0x9EBF, 0x9EBF, 0x9EBF, 0x9EBF, 0x9EBF, 0x9EBF, 0x9EBF, 0x9EBF, 0x9EBF, 0x9EBF, 0x9EBF, 0x9EBF, 0x9EBF,
    0x9EBF, 0x9EBF, 0x9EBF, 0x9EBF, 0x9EBF, 0x9EBF, 0x9EBF, 0x9EBF, 0x9EBF, 0x9EBF, 0x9EBF, 0x9EBF, 0x9EBF, 0x9EBF, 0x9EBF, 0x9EBF,
    0x9EBF, 0x9EBF, 0x9EBF, 0x9EBF, 0x9EBF, 0x9EBF, 0x9EBF, 0x9EBF, 0x9EBF, 0x9EBF, 0x9EBF, 0x9EBF, 0x9EBF, 0x9EBF, 0x9EBF, 0x9EBF,
    0x9EBF, 0x9EBF, 0x9EBF, 0x9EBF, 0x9EBF, 0x9EBF, 0x9EBF, 0x9EBF, 0x9EBF, 0x9EBF, 0x9EBF, 0x9EBF, 0x9EBF, 0x9EBF, 0x9EBF, 0x9EBF,
    0x9EBF, 0x9EBF, 0x9EBF, 0x9EBF, 0x9EBF, 0x9EBF, 0x9EBF, 0x9EBF, 0x9EBF, 0x9EBF, 0x9EBF, 0x9EBF, 0x9EBF, 0x9EBF, 0x9EBF, 0x9EBF,
    0x9EBF, 0x9EBF, 0x9EBF, 0x9EBF, 0x9EBF, 0x9EBF, 0x9EBF, 0x9EBF, 0x9EBF, 0x9EBF, 0x9EBF, 0x9EBF, 0x9EBF, 0x9EBF, 0x9EBF, 0x9EBF,
    0x7F1E, 0x7F3F, 0x7F3F, 0x7F3E, 0x7F3E, 0x871F, 0x871F, 0x871F, 0x871F, 0x871F, 0x871F, 0x871F, 0x871F, 0x871F, 0x871F, 0x871F,
    0x871F, 0x871F, 0x871F, 0x871F, 0x871F, 0x871F, 0x871F, 0x871F, 0x871F, 0x871F, 0x871F, 0x871F, 0x871F, 0x871F, 0x871F, 0x871F,
    0x871F, 0x871F, 0x871F, 0x871F, 0x871F, 0x871F, 0x871F, 0x871F, 0x871F, 0x871F, 0x871F, 0x871F, 0x8F1F, 0x8F1F, 0x8F1F, 0x871F,
    0x8F1F, 0x8F1F, 0x8F1F, 0x8F1F, 0x8F1F, 0x8F1F, 0x8F1F, 0x8F1F, 0x8F1F, 0x8F1F, 0x8F1F, 0x8F1F, 0x8F1F, 0x8F1F, 0x8F1F, 0x8EFF,
    0x8EFF, 0x8EFF, 0x8EFF, 0x8EFF, 0x8EFF, 0x8EFF, 0x8EFF, 0x8EFF, 0x8EFF, 0x8EFF, 0x8EFF, 0x9EBF, 0x9EBF, 0x9EBF, 0x9EBF, 0x9EBF,
    0x9EBF, 0x9EBF, 0x9EBF, 0x9EBF, 0x9EBF, 0x9EBF, 0x9EBF, 0x9EBF, 0x9EBF, 0x9EBF, 0x9EBF, 0x9EBF, 0x9EBF, 0x9EBF, 0x9EBF, 0x9EBF,
    0x9EBF, 0x9EBF, 0x9EBF, 0x9EBF, 0x9EBF, 0x9EBF, 0x9EBF, 0x9EBF, 0x9EBF, 0x9EBF, 0x9EBF, 0x9EBF, 0x9EBF, 0x9EBF, 0x9EBF, 0x9EBF,
    0x9EBF, 0x9EBF, 0x9EBF, 0x9EBF, 0x9EBF, 0x9EBF, 0x9EBF, 0xA6DF, 0xAEFF, 0xB6FF, 0xBF1F, 0xBF1F, 0xBF1F, 0xBF1F, 0xC71F, 0xBF1F,
    0xBF1F, 0xBF1F, 0xBEFF, 0xB6FF, 0xB6FF, 0xB6FF, 0xB6FF, 0xAEDF, 0xAEFF, 0xB6FF, 0xAEFF, 0xA6DF, 0xA6BF, 0x9E9F, 0x9EBF, 0x9EBF,
    0x9EBF, 0x9EBF, 0x9EBF, 0x9EBF, 0x9EBF, 0x9EBF, 0x9EBF, 0x9EBF, 0x9EBF, 0x9EBF, 0x9EBF, 0x9EBF, 0x9EBF, 0x9EBF, 0x9EBF, 0x9EBF,
    0x9EBF, 0x9EBF, 0x9EBF, 0x9EBF, 0x9EBF, 0x9EBF, 0x9EBF, 0x9EBF, 0x9EBF, 0x9EBF, 0x9EBF, 0x9EBF, 0x9EBF, 0x9EBF, 0x9EBF, 0x9EBF,
    0x9EBF, 0x9EBF, 0x9EBF, 0x9EBF, 0x9EBF, 0x9EBF, 0x9EBF, 0x9EBF, 0x9EBF, 0x9EBF, 0x9EBF, 0x9EBF, 0x9EBF, 0x9EBF, 0x9EBF, 0x9EBF,
    0x9EBF, 0x9EBF, 0x9EBF, 0x9EBF, 0x9EBF, 0x9EBF, 0x9EBF, 0x9EBF, 0x9EBF, 0x9EBF, 0x9EBF, 0x9EBF, 0x9EBF, 0x9EBF, 0x9EBF, 0x9EBF,
    0x9EBF, 0x9EBF, 0x9EBF, 0x9EBF, 0x9EBF, 0x9EBF, 0x9EBF, 0x9EBF, 0x9EBF, 0x9EBF, 0x9EBF, 0x9EBF, 0x9EBF, 0x9EBF, 0x9EBF, 0x9EBF,
    0x9EBF, 0x9EBF, 0x9EBF, 0x9EBF, 0x9EBF, 0x9EBF, 0x9EBF, 0x9EBF, 0x9EBF, 0x9EBF, 0x9EBF, 0x9EBF, 0x9EBF, 0x9EBF, 0x9EBF, 0x9EBF,
    0x7F3F, 0x7F3F, 0x7F1E, 0x7F1E, 0x871F, 0x871F, 0x871F, 0x871F, 0x871F, 0x871F, 0x871F, 0x871F, 0x871F, 0x871F, 0x871F, 0x871F,
    0x871F, 0x871F, 0x871F, 0x871F, 0x871F, 0x871F, 0x871F, 0x871F, 0x871F, 0x871F, 0x871F, 0x871F, 0x871F, 0x871F, 0x871F, 0x871F,
    0x871F, 0x871F, 0x871F, 0x871F, 0x871F, 0x871F, 0x871F, 0x871F, 0x871F, 0x871F, 0x871F, 0x8F1F, 0x871F, 0x871F, 0x871F, 0x8F1F,
    0x8F1F, 0x8F1F, 0x8F1F, 0x8F1F, 0x8F1F, 0x8F1F, 0x8F1F, 0x8F1F, 0x8F1F, 0x8EFF, 0x8F1F, 0x8EFF, 0x8F1F, 0x8EFF, 0x8EFF, 0x8EFF,
    0x8EFF, 0x8EFF, 0x8EFF, 0x8EFF, 0x8EFF, 0x8EFF, 0x8EFF, 0x8EFF, 0x8EFF, 0x8EFF, 0x8EFF, 0x9EBF, 0x9EBF, 0x9EBF, 0x9EBF, 0x9EBF,
    0x9EBF, 0x9EBF, 0x9EBF, 0x9EBF, 0x9EBF, 0x9EBF, 0x9EBF, 0x9EBF, 0x9EBF, 0x9EBF, 0x9EBF, 0x9EBF, 0x9EBF, 0x9EBF, 0x9EBF, 0x9EBF,
    0x9EBF, 0x9EBF, 0x9EBF, 0x9EBF, 0x9EBF, 0x9EBF, 0x9EBF, 0x9EBF, 0x9EBF, 0x9EBF, 0x9EBF, 0x9EBF, 0x9EBF, 0x9EBF, 0x9EBF, 0x9EBF,
    0x9EBF, 0x9EBF, 0x9EBF, 0x9EBF, 0xAEFF, 0xB71F, 0xC71F, 0xC71F, 0xC71F, 0xCF1F, 0xC71F, 0xC71F, 0xC6FF, 0xC6FF, 0xC6FF, 0xC6FF,
    0xC6FF, 0xC6DF, 0xBEDF, 0xBEDF, 0xBEDF, 0xB6DF, 0xB6DF, 0xB6DF, 0xB6DF, 0xB6DF, 0xB6DF, 0xB6DF, 0xB6DF, 0xB6FF, 0xAEDF, 0xAEDF,
    0xA6BF, 0x9E9F, 0x9EBF, 0x9EBF, 0x9EBF, 0x9EBF, 0x9EBF, 0x9EBF, 0x9EBF, 0x9EBF, 0x9EBF, 0x9EBF, 0x9EBF, 0x9EBF, 0x9EBF, 0x9EBF,
    0x9EBF, 0x9EBF, 0x9EBF, 0x9EBF, 0x9EBF, 0x9EBF, 0x9EBF, 0x9EBF, 0x9EBF, 0x9EBF, 0x9EBF, 0x9EBF, 0x9EBF, 0x9EBF, 0x9EBF, 0x9EBF,
    0x9EBF, 0x9EBF, 0x9EBF, 0x9EBF, 0x9EBF, 0x9EBF, 0x9EBF, 0x9EBF, 0x9EBF, 0x9EBF, 0x9EBF, 0x9EBF, 0x9EBF, 0x9EBF, 0x9EBF, 0x9EBF,
    0x9EBF, 0x9EBF, 0x9EBF, 0x9EBF, 0x9EBF, 0x9EBF, 0x9EBF, 0x9EBF, 0x9EBF, 0x9EBF, 0x9EBF, 0x9EBF, 0x9EBF, 0x9EBF, 0x9EBF, 0x9EBF,
    0x9EBF, 0x9EBF, 0x9EBF, 0x9EBF, 0x9EBF, 0x9EBF, 0x9EBF, 0x9EBF, 0x9EBF, 0x9EBF, 0x9EBF, 0x9EBF, 0x9EBF, 0x9EBF, 0x9EBF, 0x9EBF,
    0x9EBF, 0x9EBF, 0x9EBF, 0x9EBF, 0x9EBF, 0x9EBF, 0x9EBF, 0x9EBF, 0x9EBF, 0x9EBF, 0x9EBF, 0x9EBF, 0x9EBF, 0x9EBF, 0x9EBF, 0x9EBF,
    0x7F1F, 0x7F1F, 0x871F, 0x871F, 0x871F, 0x871F, 0x871F, 0x871F, 0x871F, 0x871F, 0x871F, 0x871F, 0x871F, 0x871F, 0x871F, 0x871F,
    0x871F, 0x871F, 0x871F, 0x871F, 0x871F, 0x871F, 0x871F, 0x871F, 0x871F, 0x871F, 0x871F, 0x871F, 0x871F, 0x871F, 0x871F, 0x871F,
    0x871F, 0x871F, 0x871F, 0x871F, 0x871F, 0x871F, 0x871F, 0x871F, 0x871F, 0x871F, 0x8F1F, 0x8F1F, 0x8F1F, 0x8F1F, 0x8F1F, 0x8F1F,
    0x8F1F, 0x8F1F, 0x8F1F, 0x8F1F, 0x8F1F, 0x8F1F, 0x8F1F, 0x8F1F, 0x8F1F, 0x8F1F, 0x8F1F, 0x8F1F, 0x8EFF, 0x8EFF, 0x8EFF, 0x8EFF,
    0x8EFF, 0x8EFF, 0x8EFF, 0x8EFF, 0x8EFF, 0x8EFF, 0x8F1F, 0x8EFF, 0x8EFF, 0x8EFF, 0x8EFF, 0x9EDF, 0x9EBF, 0x9EBF, 0x9EBF, 0x9EBF,
    0x9EBF, 0x9EBF, 0x9EBF, 0x9EBF, 0x9EBF, 0x9EBF, 0x9EBF, 0x9EBF, 0x9EBF, 0x9EBF, 0x9EBF, 0x9EBF, 0x9EBF, 0x9EBF, 0x9EBF, 0x9EBF,
    0x9EBF, 0x9EBF, 0x9EBF, 0x9EBF, 0x9EBF, 0x9EBF, 0x9EBF, 0x9EBF, 0x9EBF, 0x9EBF, 0x9EBF, 0x9EBF, 0x9EBF, 0x9EBF, 0x9EBF, 0x9EBF,
    0x9EBF, 0xAEFF, 0xBF1F, 0xC73F, 0xCF3F, 0xCF1F, 0xCF1F, 0xCF1F, 0xCEFF, 0xCEFF, 0xCEFF, 0xC6DF, 0xC6DF, 0xC6BF, 0xC6BF, 0xBEBF,
    0xBEBF, 0xBEBF, 0xBEBF, 0xB69F, 0xB69F, 0xB69F, 0xAE9F, 0xAE9F, 0xAE9F, 0xAE9F, 0xB69F, 0xB6BF, 0xB6BF, 0xB6BF, 0xB6BF, 0xB6DF,
    0xB6DF, 0xB6DF, 0xAEDF, 0xA6DF, 0x9EBF, 0x9EBF, 0x9EBF, 0x9EBF, 0x9EBF, 0x9EBF, 0x9EBF, 0x9EBF, 0x9EBF, 0x9EBF, 0x9EBF, 0x9EBF,
    0x9EBF, 0x9EBF, 0x9EBF, 0x9EBF, 0x9EBF, 0x9EBF, 0x9EBF, 0x9EBF, 0x9EBF, 0x9EBF, 0x9EBF, 0x9EBF, 0x9EBF, 0x9EBF, 0x9EBF, 0x9EBF,
    0x9EBF, 0x9EBF, 0x9EBF, 0x9EBF, 0x9EBF, 0x9EBF, 0x9EBF, 0x9EBF, 0x9EBF, 0x9EBF, 0x9EBF, 0x9EBF, 0x9EBF, 0x9EBF, 0x9EBF, 0x9EBF,
    0x9EBF, 0x9EBF, 0x9EBF, 0x9EBF, 0x9EBF, 0x9EBF, 0x9EBF, 0x9EBF, 0x9EBF, 0x9EBF, 0x9EBF, 0x9EBF, 0x9EBF, 0x9EBF, 0x9EBF, 0x9EBF,
    0x9EBF, 0x9EBF, 0x9EBF, 0x9EBF, 0x9EBF, 0x9EBF, 0x9EBF, 0x9EBF, 0x9EBF, 0x9EBF, 0x9EBF, 0x9EBF, 0x9EBF, 0x9EBF, 0x9EBF, 0x9EBF,
    0x9EBF, 0x9EBF, 0x9EBF, 0x9EBF, 0x9EBF, 0x9EBF, 0x9EBF, 0x9EBF, 0x9EBF, 0x9EBF, 0x9EBF, 0x9EBF, 0x9EBF, 0x9EBF, 0x9EBF, 0x9EBF,
    0x871E, 0x871F, 0x871F, 0x871F, 0x871F, 0x871F, 0x871F, 0x871F, 0x871F, 0x871F, 0x871F, 0x871F, 0x871F, 0x871F, 0x871F, 0x871F,
    0x871F, 0x871F, 0x871F, 0x871F, 0x871F, 0x871F, 0x871F, 0x871F, 0x871F, 0x871F, 0x871F, 0x871F, 0x871F, 0x871F, 0x871F, 0x871F,
    0x871F, 0x871F, 0x871F, 0x871F, 0x871F, 0x871F, 0x871F, 0x871F, 0x871F, 0x8F1F, 0x8F1F, 0x8F1F, 0x8F1F, 0x8F1F, 0x8F1F, 0x8F1F,
    0x8F1F, 0x8F1F, 0x8F1F, 0x8F1F, 0x8F1F, 0x8F1F, 0x8F1F, 0x8F1F, 0x8F1F, 0x8F1F, 0x8EFF, 0x8EFF, 0x8EFF, 0x8EFF, 0x8EFF, 0x8EFF,
    0x8EFF, 0x8EFF, 0x8EFF, 0x8EFF, 0x8EFF, 0x8EFF, 0x8EFF, 0x8EFF, 0x8EFF, 0x8EFF, 0x8EFF, 0x96BF, 0x9EBF, 0x9EBF, 0x9EBF, 0x9EBF,
    0x9EBF, 0x9EBF, 0x9EBF, 0x9EBF, 0x9EBF, 0x9EBF, 0x9EBF, 0x9EBF, 0x9EBF, 0x9EBF, 0x9EBF, 0x9EBF, 0x9EBF, 0x9EBF, 0x9EBF, 0x9EBF,
    0x9EBF, 0x9EBF, 0x9EBF, 0x9EBF, 0x9EBF, 0x9EBF, 0x9EBF, 0x9EBF, 0x9EBF, 0x9EBF, 0x9EBF, 0x9EBF, 0x9EBF, 0x9EBF, 0xAEDF, 0xB6FF,
    0xCF3F, 0xCF3F, 0xCF1F, 0xCF1F, 0xCF1F, 0xCF1F, 0xCF1F, 0xD6FF, 0xD6FF, 0xD6FE, 0xCEDE, 0xCEDE, 0xCEBE, 0xC6BE, 0xC6BE, 0xBE9E,
    0xBE9E, 0xBE9E, 0xBE7E, 0xB67E, 0xB67E, 0xB67E, 0xBEBE, 0xC6FE, 0xB69F, 0xB6BF, 0xAE7F, 0xAE7F, 0xAE7F, 0xB67F, 0xB67F, 0xB69F,
    0xB6BF, 0xB6BF, 0xB6DF, 0xB6DF, 0xB6FF, 0xA6DF, 0xA6DF, 0x9EBF, 0x9EBF, 0x9EBF, 0x9EBF, 0x9EBF, 0x9EBF, 0x9EBF, 0x9EBF, 0x9EBF,
    0x9EBF, 0x9EBF, 0x9EBF, 0x9EBF, 0x9EBF, 0x9EBF, 0x9EBF, 0x9EBF, 0x9EBF, 0x9EBF, 0x9EBF, 0x9EBF, 0x9EBF, 0x9EBF, 0x9EBF, 0x9EBF,
    0x9EBF, 0x9EBF, 0x9EBF, 0x9EBF, 0x9EBF, 0x9EBF, 0x9EBF, 0x9EBF, 0x9EBF, 0x9EBF, 0x9EBF, 0x9EBF, 0x9EBF, 0x9EBF, 0x9EBF, 0x9EBF,
    0x9EBF, 0x9EBF, 0x9EBF, 0x9EBF, 0x9EBF, 0x9EBF, 0x9EBF, 0x9EBF, 0x9EBF, 0x9EBF, 0x9EBF, 0x9EBF, 0x9EBF, 0x9EBF, 0x9EBF, 0x9EBF,
    0x9EBF, 0x9EBF, 0x9EBF, 0x9EBF, 0x9EBF, 0x9EBF, 0x9EBF, 0x9EBF, 0x9EBF, 0x9EBF, 0x9EBF, 0x9EBF, 0x9EBF, 0x9EBF, 0x9EBF, 0x9EBF,
    0x9EBF, 0x9EBF, 0x9EBF, 0x9EBF, 0x9EBF, 0x9EBF, 0x9EBF, 0x9EBF, 0x9EBF, 0x9EBF, 0x9EBF, 0x9EBF, 0x9EBF, 0x9EBF, 0x9EBF, 0x9EBF,
    0x871F, 0x871F, 0x871F, 0x871F, 0x871F, 0x871F, 0x871F, 0x871F, 0x871F, 0x871F, 0x871F, 0x871F, 0x871F, 0x871F, 0x871F, 0x871F,
    0x871F, 0x871F, 0x871F, 0x871F, 0x871F, 0x871F, 0x871F, 0x871F, 0x871F, 0x871F, 0x871F, 0x871F, 0x871F, 0x871F, 0x871F, 0x871F,
    0x871F, 0x871F, 0x8F1F, 0x8F1F, 0x8F1F, 0x8F1F, 0x8F1F, 0x8F1F, 0x8F1F, 0x8F1F, 0x8F1F, 0x8F1F, 0x8EFF, 0x8F1F, 0x8F1F, 0x8F1F,
    0x8F1F, 0x8F1F, 0x8F1F, 0x8F1F, 0x8F1F, 0x8F1F, 0x8F1F, 0x8F1F, 0x8EFF, 0x8EFF, 0x8EFF, 0x8EFF, 0x8EFF, 0x8EFF, 0x8EFF, 0x8EFF,
    0x8EFF, 0x8EFF, 0x8EFF, 0x8EFF, 0x8EFF, 0x8EFF, 0x8EFF, 0x8EFF, 0x8EFF, 0x8EFF, 0x8EFF, 0x96DF, 0x9EBF, 0x9EBF, 0x9EBF, 0x9EBF,
    0x9EBF, 0x9EBF, 0x9EBF, 0x9EBF, 0x9EBF, 0x9EBF, 0x9EBF, 0x9EBF, 0x9EBF, 0x9EBF, 0x9EBF, 0x9EBF, 0x9EBF, 0x9EBF, 0x9EBF, 0x9EBF,
    0x9EBF, 0x9EBF, 0x9EBF, 0x9EBF, 0x9EBF, 0x9EBF, 0x9EBF, 0x9EBF, 0x9EBF, 0x9EBF, 0x9EBF, 0xA6BF, 0xAEFF, 0xC73F, 0xCF3F, 0xCF3F,
    0xCF1F, 0xD71F, 0xD71F, 0xD71F, 0xD71F, 0xD71E, 0xD6FE, 0xD6FE, 0xD6FE, 0xCEDE, 0xCEDE, 0xCEDE, 0xCEBE, 0xC6BE, 0xC6BE, 0xC69E,
    0xBE9E, 0xBE7E, 0xBE7E, 0xBE7E, 0xB67E, 0xB65E, 0xB67E, 0xB65E, 0xAE5E, 0xAE5E, 0xAE5E, 0xAE5E, 0xAE5E, 0xAE5E, 0xAE5E, 0xAE5E,
    0xAE7E, 0xAE7F, 0xB69F, 0xB69F, 0xB6BF, 0xB6DF, 0xB6FF, 0xAEDF, 0xA6BF, 0x9EBF, 0x9EBF, 0x9EBF, 0x9EBF, 0x9EBF, 0x9EBF, 0x9EBF,
    0x9EBF, 0x9EBF, 0x9EBF, 0x9EBF, 0x9EBF, 0x9EBF, 0x9EBF, 0x9EBF, 0x9EBF, 0x9EBF, 0x9EBF, 0x9EBF, 0x9EBF, 0x9EBF, 0x9EBF, 0x9EBF,
    0x9EBF, 0x9EBF, 0x9EBF, 0x9EBF, 0x9EBF, 0x9EBF, 0x9EBF, 0x9EBF, 0x9EBF, 0x9EBF, 0x9EBF, 0x9EBF, 0x9EBF, 0x9EBF, 0x9EBF, 0x9EBF,
    0x9EBF, 0x9EBF, 0x9EBF, 0x9EBF, 0x9EBF, 0x9EBF, 0x9EBF, 0x9EBF, 0x9EBF, 0x9EBF, 0x9EBF, 0x9EBF, 0x9EBF, 0x9EBF, 0x9EBF, 0x9EBF,
    0x9EBF, 0x9EBF, 0x9EBF, 0x9EBF, 0x9EBF, 0x9EBF, 0x9EBF, 0x9EBF, 0x9EBF, 0x9EBF, 0x9EBF, 0x9EBF, 0x9EBF, 0x9EBF, 0x9EBF, 0x9EBF,
    0x9EBF, 0x9EBF, 0x9EBF, 0x9EBF, 0x9EBF, 0x9EBF, 0x9EBF, 0x9EBF, 0x9EBF, 0x9EBF, 0x9EBF, 0x9EBF, 0x9EBF, 0x9EBF, 0x9EBF, 0x9EBF,
    0x871F, 0x871F, 0x871F, 0x871F, 0x871F, 0x871F, 0x871F, 0x871F, 0x871F, 0x871F, 0x871F, 0x871F, 0x871F, 0x871F, 0x871F, 0x871F,
    0x871F, 0x871F, 0x871F, 0x871F, 0x871F, 0x871F, 0x871F, 0x871F, 0x871F, 0x871F, 0x871F, 0x871F, 0x871F, 0x871F, 0x871F, 0x871F,
    0x871F, 0x8F1F, 0x8F1F, 0x8F1F, 0x8F1F, 0x8F1F, 0x8F1F, 0x8F1F, 0x8F1F, 0x8EFF, 0x8F1F, 0x8EFF, 0x8F1F, 0x8EFF, 0x8F1F, 0x8F1F,
    0x8F1F, 0x8F1F, 0x8F1F, 0x8EFF, 0x8EFF, 0x8EFF, 0x8F1F, 0x8EFF, 0x8EFF, 0x8EFF, 0x8EFF, 0x8EFF, 0x8EFF, 0x8EFF, 0x8EFF, 0x8EFF,
    0x8EFF, 0x8EFF, 0x8EFF, 0x8EFF, 0x8EFF, 0x8EFF, 0x8EFF, 0x8EFF, 0x8EFF, 0x96FF, 0x96FF, 0x96DF, 0x9EBF, 0x9EBF, 0x9EBF, 0x9EBF,
    0x9EBF, 0x9EBF, 0x9EBF, 0x9EBF, 0x9EBF, 0x9EBF, 0x9EBF, 0x9EBF, 0x9EBF, 0x9EBF, 0x9EBF, 0x9EBF, 0x9EBF, 0x9EBF, 0x9EBF, 0x9EBF,
    0x9EBF, 0x9EBF, 0x9EBF, 0x9EBF, 0x9EBF, 0x9EBF, 0x9EBF, 0x9EBF, 0x9EBF, 0x9EBF, 0xB6FF, 0xC73F, 0xCF3F, 0xCF3F, 0xCF1F, 0xD71F,
    0xDF1E, 0xDF1E, 0xDEFE, 0xD6FE, 0xD6FE, 0xD6FE, 0xD6FE, 0xD6FE, 0xD6DE, 0xCEDE, 0xCEDE, 0xCEDE, 0xCEBE, 0xCEBE, 0xC6BE, 0xC69E,
    0xC69E, 0xBE9E, 0xBE7E, 0xBE7E, 0xBE7E, 0xBE7E, 0xB67E, 0xB67E, 0xB65E, 0xB65E, 0xB65E, 0xB65E, 0xB65E, 0xB65D, 0xAE3D, 0xAE3D,
    0xAE5E, 0xAE5E, 0xAE5E, 0xAE7E, 0xAE7F, 0xB69F, 0xB6BF, 0xB6DF, 0xB6DF, 0xAEDF, 0x9E9F, 0x9E9F, 0x9EBF, 0x9EBF, 0x9EBF, 0x9EBF,
    0x9EBF, 0x9EBF, 0x9EBF, 0x9EBF, 0x9EBF, 0x9EBF, 0x9EBF, 0x9EBF, 0x9EBF, 0x9EBF, 0x9EBF, 0x9EBF, 0x9EBF, 0x9EBF, 0x9EBF, 0x9EBF,
    0x9EBF, 0x9EBF, 0x9EBF, 0x9EBF, 0x9EBF, 0x9EBF, 0x9EBF, 0x9EBF, 0x9EBF, 0x9EBF, 0x9EBF, 0x9EBF, 0x9EBF, 0x9EBF, 0x9EBF, 0x9EBF,
    0x9EBF, 0x9EBF, 0x9EBF, 0x9EBF, 0x9EBF, 0x9EBF, 0x9EBF, 0x9EBF, 0x9EBF, 0x9EBF, 0x9EBF, 0x9EBF, 0x9EBF, 0x9EBF, 0x9EBF, 0x9EBF,
    0x9EBF, 0x9EBF, 0x9EBF, 0x9EBF, 0x9EBF, 0x9EBF, 0x9EBF, 0x9EBF, 0x9EBF, 0x9EBF, 0x9EBF, 0x9EBF, 0x9EBF, 0x9EBF, 0x9EBF, 0x9EBF,
    0x9EBF, 0x9EBF, 0x9EBF, 0x9EBF, 0x9EBF, 0x9EBF, 0x9EBF, 0x9EBF, 0x9EBF, 0x9EBF, 0x9EBF, 0x9EBF, 0x9EBF, 0x9EBF, 0x9EBF, 0x9EBF,
    0x871F, 0x871F, 0x871F, 0x871F, 0x871F, 0x871F, 0x871F, 0x871F, 0x871F, 0x871F, 0x871F, 0x871F, 0x871F, 0x871F, 0x871F, 0x871F,
    0x871F, 0x871F, 0x871F, 0x871F, 0x871F, 0x871F, 0x871F, 0x871F, 0x871F, 0x871F, 0x871F, 0x871F, 0x871F, 0x8F1F, 0x871F, 0x871F,
    0x8F1F, 0x8F1F, 0x8F1F, 0x8F1F, 0x8F1F, 0x8F1F, 0x8F1F, 0x8F1F, 0x8EFF, 0x8F1F, 0x8EFF, 0x8F1F, 0x8F1F, 0x8F1F, 0x8EFF, 0x8F1F,
    0x8EFF, 0x8EFF, 0x8EFF, 0x8F1F, 0x8EFF, 0x8F1F, 0x8EFF, 0x8EFF, 0x8EFF, 0x8EFF, 0x8EFF, 0x8EFF, 0x8EFF, 0x8EFF, 0x8EFF, 0x8EFF,
    0x8EFF, 0x8EFF, 0x8EFF, 0x8EFF, 0x96FF, 0x96FF, 0x96FF, 0x8EFF, 0x96FF, 0x96FF, 0x96FF, 0x96DF, 0x9EBF, 0x9EBF, 0x9EBF, 0x9EBF,
    0x9EBF, 0x9EBF, 0x9EBF, 0x9EBF, 0x9EBF, 0x9EBF, 0x9EBF, 0x9EBF, 0x9EBF, 0x9EBF, 0x9EBF, 0x9EBF, 0x9EBF, 0x9EBF, 0x9EBF, 0x9EBF,
    0x9EBF, 0x9EBF, 0x9EBF, 0x9EBF, 0x9EBF, 0x9EBF, 0x9EBF, 0x9EBF, 0xB6FF, 0xC73F, 0xCF3F, 0xCF3F, 0xD71F, 0xD73F, 0xDF1E, 0xDF1E,
    0xDEFE, 0xDEFE, 0xDEFE, 0xDEFE, 0xD6FE, 0xD6FE, 0xD6FE, 0xD6FE, 0xD6FE, 0xD6DE, 0xD6DE, 0xCEDE, 0xCEBE, 0xCEBE, 0xC6BE, 0xC69E,
    0xC69E, 0xC69E, 0xBE9E, 0xBE7E, 0xBE7E, 0xBE7E, 0xBE7E, 0xBE5E, 0xBE5E, 0xB65E, 0xB65E, 0xB65E, 0xB65E, 0xB63E, 0xAE3D, 0xAE3D,
    0xAE3D, 0xAE3D, 0xAE3E, 0xAE5E, 0xAE5E, 0xAE7F, 0xB67F, 0xB69F, 0xB6BF, 0xB6DF, 0xB6DF, 0xA6BF, 0x9EBF, 0x9EBF, 0x9EBF, 0x9EBF,
    0x9EBF, 0x9EBF, 0x9EBF, 0x9EBF, 0x9EBF, 0x9EBF, 0x9EBF, 0x9EBF, 0x9EBF, 0x9EBF, 0x9EBF, 0x9EBF, 0x9EBF, 0x9EBF, 0x9EBF, 0x9EBF,
    0x9EBF, 0x9EBF, 0x9EBF, 0x9EBF, 0x9EBF, 0x9EBF, 0x9EBF, 0x9EBF, 0x9EBF, 0x9EBF, 0x9EBF, 0x9EBF, 0x9EBF, 0x9EBF, 0x9EBF, 0x9EBF,
    0x9EBF, 0x9EBF, 0x9EBF, 0x9EBF, 0x9EBF, 0x9EBF, 0x9EBF, 0x9EBF, 0x9EBF, 0x9EBF, 0x9EBF, 0x9EBF, 0x9EBF, 0x9EBF, 0x9EBF, 0x9EBF,
    0x9EBF, 0x9EBF, 0x9EBF, 0x9EBF, 0x9EBF, 0x9EBF, 0x9EBF, 0x9EBF, 0x9EBF, 0x9EBF, 0x9EBF, 0x9EBF, 0x9EBF, 0x9EBF, 0x9EBF, 0x9EBF,
    0x9EBF, 0x9EBF, 0x9EBF, 0x9EBF, 0x9EBF, 0x9EBF, 0x9EBF, 0x9EBF, 0x9EBF, 0x9EBF, 0x9EBF, 0x9EBF, 0x9EBF, 0x9EBF, 0x9EBF, 0x9EBF,
    0x871F, 0x871F, 0x871F, 0x871F, 0x871F, 0x871F, 0x871F, 0x871F, 0x871F, 0x871F, 0x871F, 0x871F, 0x871F, 0x871F, 0x871F, 0x871F,
    0x871F, 0x871F, 0x871F, 0x871F, 0x871F, 0x871F, 0x871F, 0x871F, 0x871F, 0x871F, 0x8F1F, 0x8F1F, 0x8F1F, 0x8F1F, 0x871F, 0x8F1F,
    0x8F1F, 0x8F1F, 0x8F1F, 0x8F1F, 0x8F1F, 0x8F1F, 0x8F1F, 0x8F1F, 0x8EFF, 0x8F1F, 0x8EFF, 0x8EFF, 0x8EFF, 0x8EFF, 0x8EFF, 0x8EFF,
    0x8EFF, 0x8EFF, 0x8EFF, 0x8EFF, 0x8EFF, 0x8EFF, 0x8EFF, 0x8EFF, 0x8EFF, 0x8EFF, 0x8EFF, 0x8EFF, 0x8EFF, 0x8EFF, 0x8EFF, 0x8EFF,
    0x8EFF, 0x8EFF, 0x8EFF, 0x96FF, 0x96FF, 0x96FF, 0x8EFF, 0x96FF, 0x96FF, 0x96FF, 0x96DF, 0x96DF, 0x9EBF, 0x9EBF, 0x9EBF, 0x9EBF,
    0x9EBF, 0x9EBF, 0x9EBF, 0x9EBF, 0x9EBF, 0x9EBF, 0x9EBF, 0x9EBF, 0x9EBF, 0x9EBF, 0x9EBF, 0x9EBF, 0x9EBF, 0x9EBF, 0x9EBF, 0x9EBF,
    0x9EBF, 0x9EBF, 0x9EBF, 0x9EBF, 0x9EBF, 0x9E9F, 0xAEDF, 0xC71F, 0xCF3F, 0xCF3F, 0xD71F, 0xDF1E, 0xDF1E, 0xDF1E, 0xDF1E, 0xDEFE,
    0xDEFD, 0xDEFD, 0xDEFD, 0xDEFD, 0xDEFD, 0xDEFD, 0xD6FE, 0xD6FE, 0xD6FE, 0xD6DE, 0xD6DE, 0xCEDE, 0xCEBE, 0xCEBE, 0xC6BE, 0xC69E,
    0xC69E, 0xC69E, 0xC69E, 0xC69D, 0xBE7D, 0xBE7D, 0xBE7E, 0xBE7D, 0xBE5E, 0xBE5E, 0xBE5E, 0xB65E, 0xB65E, 0xB65E, 0xAE3E, 0xAE3E,
    0xAE3D, 0xAE3D, 0xAE3D, 0xAE3D, 0xAE3E, 0xAE5E, 0xAE5E, 0xAE5E, 0xB67F, 0xB69F, 0xB6BF, 0xB6DF, 0xB6FF, 0xA6BF, 0x9E9F, 0x9EBF,
    0x9EBF, 0x9EBF, 0x9EBF, 0x9EBF, 0x9EBF, 0x9EBF, 0x9EBF, 0x9EBF, 0x9EBF, 0x9EBF, 0x9EBF, 0x9EBF, 0x9EBF, 0x9EBF, 0x9EBF, 0x9EBF,
    0x9EBF, 0x9EBF, 0x9EBF, 0x9EBF, 0x9EBF, 0x9EBF, 0x9EBF, 0x9EBF, 0x9EBF, 0x9EBF, 0x9EBF, 0x9EBF, 0x9EBF, 0x9EBF, 0x9EBF, 0x9EBF,
    0x9EBF, 0x9EBF, 0x9EBF, 0x9EBF, 0x9EBF, 0x9EBF, 0x9EBF, 0x9EBF, 0x9EBF, 0x9EBF, 0x9EBF, 0x9EBF, 0x9EBF, 0x9EBF, 0x9EBF, 0x9EBF,
    0x9EBF, 0x9EBF, 0x9EBF, 0x9EBF, 0x9EBF, 0x9EBF, 0x9EBF, 0x9EBF, 0x9EBF, 0x9EBF, 0x9EBF, 0x9EBF, 0x9EBF, 0x9EBF, 0x9EBF, 0x9EBF,
    0x9EBF, 0x9EBF, 0x9EBF, 0x9EBF, 0x9EBF, 0x9EBF, 0x9EBF, 0x9EBF, 0x9EBF, 0x9EBF, 0x9EBF, 0x9EBF, 0x9EBF, 0x9EBF, 0x9EBF, 0x9EBF,
    0x871F, 0x871F, 0x871F, 0x871F, 0x871F, 0x871F, 0x871F, 0x871F, 0x871F, 0x871F, 0x871F, 0x871F, 0x871F, 0x871F, 0x871F, 0x871F,
    0x871F, 0x871F, 0x871F, 0x871F, 0x871F, 0x871F, 0x871F, 0x871F, 0x8F1F, 0x8F1F, 0x8F1F, 0x8F1F, 0x8F1F, 0x8F1F, 0x8F1F, 0x8F1F,
    0x8F1F, 0x8F1F, 0x8F1F, 0x8F1F, 0x8F1F, 0x8EFF, 0x8F1F, 0x8EFF, 0x8EFF, 0x8F1F, 0x8F1F, 0x8EFF, 0x8F1F, 0x8EFF, 0x8F1F, 0x8EFF,
    0x8F1F, 0x8F1F, 0x8EFF, 0x8EFF, 0x8EFF, 0x8EFF, 0x8EFF, 0x8EFF, 0x8EFF, 0x8EFF, 0x8EFF, 0x8EFF, 0x8EFF, 0x8EFF, 0x8EFF, 0x96FF,
    0x8EFF, 0x96FF, 0x96FF, 0x96FF, 0x96FF, 0x96FF, 0x96FF, 0x96FF, 0x96FF, 0x96FF, 0x96FF, 0x9EDF, 0x9EBF, 0x9EBF, 0x9EBF, 0x9EBF,
    0x9EBF, 0x9EBF, 0x9EBF, 0x9EBF, 0x9EBF, 0x9EBF, 0x9EBF, 0x9EBF, 0x9EBF, 0x9EBF, 0x9EBF, 0x9EBF, 0x9EBF, 0x9EBF, 0x9EBF, 0x9EBF,
    0x9EBF, 0x9EBF, 0x9EBF, 0x9EBF, 0xA6BF, 0xBF1F, 0xCF3F, 0xCF3F, 0xD71F, 0xDF1E, 0xDF1E, 0xDF1D, 0xDF1D, 0xDF1D, 0xDF1D, 0xDF1D,
    0xDEFD, 0xDEFD, 0xDEFD, 0xDEFD, 0xDEFD, 0xDEFD, 0xDEFE, 0xD6FE, 0xD6DE, 0xD6DE, 0xD6DE, 0xCEDE, 0xCEBE, 0xCEBE, 0xCEBE, 0xC6BE,
    0xC69E, 0xC69E, 0xC69E, 0xC69D, 0xC67D, 0xBE7D, 0xBE7D, 0xBE7D, 0xBE7D, 0xBE7D, 0xBE5D, 0xBE5D, 0xB65D, 0xB65E, 0xB65E, 0xAE3E,
    0xAE3D, 0xAE3D, 0xAE3D, 0xAE3D, 0xAE3D, 0xAE3D, 0xAE3E, 0xAE5E, 0xAE5E, 0xB67E, 0xB67E, 0xBE9F, 0xBEDF, 0xB6FF, 0xAEBF, 0x9E9F,
    0x9EBF, 0x9EBF, 0x9EBF, 0x9EBF, 0x9EBF, 0x9EBF, 0x9EBF, 0x9EBF, 0x9EBF, 0x9EBF, 0x9EBF, 0x9EBF, 0x9EBF, 0x9EBF, 0x9EBF, 0x9EBF,
    0x9EBF, 0x9EBF, 0x9EBF, 0x9EBF, 0x9EBF, 0x9EBF, 0x9EBF, 0x9EBF, 0x9EBF, 0x9EBF, 0x9EBF, 0x9EBF, 0x9EBF, 0x9EBF, 0x9EBF, 0x9EBF,
    0x9EBF, 0x9EBF, 0x9EBF, 0x9EBF, 0x9EBF, 0x9EBF, 0x9EBF, 0x9EBF, 0x9EBF, 0x9EBF, 0x9EBF, 0x9EBF, 0x9EBF, 0x9EBF, 0x9EBF, 0x9EBF,
    0x9EBF, 0x9EBF, 0x9EBF, 0x9EBF, 0x9EBF, 0x9EBF, 0x9EBF, 0x9EBF, 0x9EBF, 0x9EBF, 0x9EBF, 0x9EBF, 0x9EBF, 0x9EBF, 0x9EBF, 0x9EBF,
    0x9EBF, 0x9EBF, 0x9EBF, 0x9EBF, 0x9EBF, 0x9EBF, 0x9EBF, 0x9EBF, 0x9EBF, 0x9EBF, 0x9EBF, 0x9EBF, 0x9EBF, 0x9EBF, 0x9EBF, 0x9EBF,
    0x871F, 0x871F, 0x871F, 0x871F, 0x871F, 0x871F, 0x871F, 0x871F, 0x871F, 0x871F, 0x871F, 0x871F, 0x871F, 0x871F, 0x871F, 0x871F,
    0x871F, 0x871F, 0x871F, 0x871F, 0x871F, 0x871F, 0x871F, 0x8F1F, 0x8F1F, 0x8F1F, 0x8F1F, 0x8F1F, 0x8F1F, 0x8F1F, 0x8EFF, 0x8F1F,
    0x8EFF, 0x8F1F, 0x8EFF, 0x8EFF, 0x8EFF, 0x8EFF, 0x8EFF, 0x8EFF, 0x8F1F, 0x8EFF, 0x8F1F, 0x8F1F, 0x8F1F, 0x8EFF, 0x8EFF, 0x8EFF,
    0x8EFF, 0x8EFF, 0x8EFF, 0x8EFF, 0x8EFF, 0x8EFF, 0x8EFF, 0x8EFF, 0x8EFF, 0x8EFF, 0x8EFF, 0x8EFF, 0x8EFF, 0x8EFF, 0x96FF, 0x8EFF,
    0x8EFF, 0x96FF, 0x96FF, 0x96FF, 0x96FF, 0x96FF, 0x96FF, 0x96FF, 0x96FF, 0x96FF, 0x96DF, 0x9EDF, 0x9EBF, 0x9EBF, 0x9EBF, 0x9EBF,
    0x9EBF, 0x9EBF, 0x9EBF, 0x9EBF, 0x9EBF, 0x9EBF, 0x9EBF, 0x9EBF, 0x9EBF, 0x9EBF, 0x9EBF, 0x9EBF, 0x9EBF, 0x9EBF, 0x9EBF, 0x9EBF,
    0x9EBF, 0x9EBF, 0x9EBF, 0xAEDF, 0xCF3F, 0xCF3F, 0xD73F, 0xDF1E, 0xDF1E, 0xDF1D, 0xDF1D, 0xDF1D, 0xDF1D, 0xDF1D, 0xDF1D, 0xDF1D,
    0xDEFD, 0xDEFD, 0xDEFD, 0xDEFD, 0xDEFD, 0xD6FD, 0xD6FE, 0xD6FD, 0xD6DD, 0xD6DE, 0xD6DE, 0xD6DE, 0xCEBE, 0xCEBD, 0xCEBD, 0xCEBD,
    0xC6BD, 0xC69E, 0xC69D, 0xC69D, 0xC69D, 0xC67D, 0xBE7D, 0xBE7D, 0xBE7D, 0xBE5D, 0xBE5D, 0xBE5D, 0xB65D, 0xB65D, 0xB65E, 0xAE3E,
    0xAE3D, 0xAE3D, 0xAE3D, 0xAE3D, 0xAE3D, 0xAE3D, 0xAE3D, 0xAE3E, 0xAE3E, 0xAE5E, 0xB65E, 0xB67E, 0xBE7E, 0xBEBF, 0xB6DF, 0xB6DF,
    0xA6BF, 0x9E9F, 0x9EBF, 0x9EBF, 0x9EBF, 0x9EBF, 0x9EBF, 0x9EBF, 0x9EBF, 0x9EBF, 0x9EBF, 0x9EBF, 0x9EBF, 0x9EBF, 0x9EBF, 0x9EBF,
    0x9EBF, 0x9EBF, 0x9EBF, 0x9EBF, 0x9EBF, 0x9EBF, 0x9EBF, 0x9EBF, 0x9EBF, 0x9EBF, 0x9EBF, 0x9EBF, 0x9EBF, 0x9EBF, 0x9EBF, 0x9EBF,
    0x9EBF, 0x9EBF, 0x9EBF, 0x9EBF, 0x9EBF, 0x9EBF, 0x9EBF, 0x9EBF, 0x9EBF, 0x9EBF, 0x9EBF, 0x9EBF, 0x9EBF, 0x9EBF, 0x9EBF, 0x9EBF,
    0x9EBF, 0x9EBF, 0x9EBF, 0x9EBF, 0x9EBF, 0x9EBF, 0x9EBF, 0x9EBF, 0x9EBF, 0x9EBF, 0x9EBF, 0x9EBF, 0x9EBF, 0x9EBF, 0x9EBF, 0x9EBF,
    0x9EBF, 0x9EBF, 0x9EBF, 0x9EBF, 0x9EBF, 0x9EBF, 0x9EBF, 0x9EBF, 0x9EBF, 0x9EBF, 0x9EBF, 0x9EBF, 0x9EBF, 0x9EBF, 0x9EBF, 0x9EBF,
    0x871F, 0x871F, 0x871F, 0x871F, 0x871F, 0x871F, 0x871F, 0x871F, 0x871F, 0x871F, 0x871F, 0x871F, 0x871F, 0x871F, 0x871F, 0x871F,
    0x871F, 0x871F, 0x871F, 0x871F, 0x8F1F, 0x8F1F, 0x8F1F, 0x8F1F, 0x8F1F, 0x8F1F, 0x8F1F, 0x8F1F, 0x8F1F, 0x8EFF, 0x8F1F, 0x8F1F,
    0x8F1F, 0x8F1F, 0x8EFF, 0x8EFF, 0x8EFF, 0x8EFF, 0x8EFF, 0x8F1F, 0x8EFF, 0x8F1F, 0x8EFF, 0x8EFF, 0x8EFF, 0x8EFF, 0x8EFF, 0x8F1F,
    0x8EFF, 0x8EFF, 0x8EFF, 0x8EFF, 0x8EFF, 0x8EFF, 0x8EFF, 0x8EFF, 0x8EFF, 0x96FF, 0x8EFF, 0x8EFF, 0x8EFF, 0x96FF, 0x96FF, 0x96FF,
    0x96FF, 0x96FF, 0x96FF, 0x96FF, 0x96FF, 0x96FF, 0x96FF, 0x96DF, 0x96FF, 0x96DF, 0x96FF, 0x9EBF, 0x9EBF, 0x9EBF, 0x9EBF, 0x9EBF,
    0x9EBF, 0x9EBF, 0x9EBF, 0x9EBF, 0x9EBF, 0x9EBF, 0x9EBF, 0x9EBF, 0x9EBF, 0x9EBF, 0x9EBF, 0x9EBF, 0x9EBF, 0x9EBF, 0x9EBF, 0x9EBF,
    0x9EBF, 0xA6BF, 0xBF1F, 0xCF3F, 0xCF3F, 0xD71F, 0xDF1E, 0xDF1D, 0xDF1D, 0xDF1D, 0xDF1D, 0xDF1D, 0xDF1D, 0xDF1D, 0xDF1D, 0xDF1D,
    0xDF1D, 0xDEFD, 0xDEFD, 0xDEFD, 0xD6FD, 0xDEFD, 0xDEFD, 0xD6FD, 0xD6FD, 0xD6FD, 0xD6DD, 0xD6DD, 0xD6DD, 0xCEBD, 0xCEBD, 0xCEBD,
    0xCEBD, 0xC6BD, 0xC69D, 0xC69D, 0xC69D, 0xC69D, 0xC67D, 0xBE7D, 0xBE7D, 0xBE7D, 0xBE5D, 0xBE5D, 0xB65D, 0xB65D, 0xB65D, 0xB63D,
    0xB63D, 0xAE3D, 0xAE3D, 0xAE3D, 0xAE3D, 0xAE3D, 0xAE3D, 0xAE3D, 0xAE3D, 0xAE3E, 0xAE5E, 0xB65E, 0xB67E, 0xBE7E, 0xBE9E, 0xB6DF,
    0xB6DF, 0xA6BF, 0x9E9F, 0x9EBF, 0x9EBF, 0x9EBF, 0x9EBF, 0x9EBF, 0x9EBF, 0x9EBF, 0x9EBF, 0x9EBF, 0x9EBF, 0x9EBF, 0x9EBF, 0x9EBF,
    0x9EBF, 0x9EBF, 0x9EBF, 0x9EBF, 0x9EBF, 0x9EBF, 0x9EBF, 0x9EBF, 0x9EBF, 0x9EBF, 0x9EBF, 0x9EBF, 0x9EBF, 0x9EBF, 0x9EBF, 0x9EBF,
    0x9EBF, 0x9EBF, 0x9EBF, 0x9EBF, 0x9EBF, 0x9EBF, 0x9EBF, 0x9EBF, 0x9EBF, 0x9EBF, 0x9EBF, 0x9EBF, 0x9EBF, 0x9EBF, 0x9EBF, 0x9EBF,
    0x9EBF, 0x9EBF, 0x9EBF, 0x9EBF, 0x9EBF, 0x9EBF, 0x9EBF, 0x9EBF, 0x9EBF, 0x9EBF, 0x9EBF, 0x9EBF, 0x9EBF, 0x9EBF, 0x9EBF, 0x9EBF,
    0x9EBF, 0x9EBF, 0x9EBF, 0x9EBF, 0x9EBF, 0x9EBF, 0x9EBF, 0x9EBF, 0x9EBF, 0x9EBF, 0x9EBF, 0x9EBF, 0x9EBF, 0x9EBF, 0x9EBF, 0x9EBF,
    0x871F, 0x871F, 0x871F, 0x871F, 0x871F, 0x871F, 0x871F, 0x871F, 0x871F, 0x871F, 0x871F, 0x871F, 0x871F, 0x871F, 0x871F, 0x871F,
    0x86FF, 0x871F, 0x871F, 0x8F1F, 0x8F1F, 0x8F1F, 0x8F1F, 0x8F1F, 0x8F1F, 0x8F1F, 0x8F1F, 0x8F1F, 0x8F1F, 0x8F1F, 0x8EFF, 0x8F1F,
    0x8F1F, 0x8EFF, 0x8EFF, 0x8EFF, 0x8EFF, 0x8EFF, 0x8EFF, 0x8EFF, 0x8EFF, 0x8EFF, 0x8EFF, 0x8EFF, 0x8EFF, 0x8EFF, 0x8EFF, 0x8EFF,
    0x8EFF, 0x8EFF, 0x8EFF, 0x8EFF, 0x8EFF, 0x8EFF, 0x8EFF, 0x8EFF, 0x8EFF, 0x8EFF, 0x8EFF, 0x96FF, 0x96FF, 0x96FF, 0x96FF, 0x96FF,
    0x96FF, 0x96FF, 0x96FF, 0x96FF, 0x96DF, 0x96DF, 0x96DF, 0x96FF, 0x96FF, 0x96DF, 0x96DF, 0x9EBF, 0x9EBF, 0x9EBF, 0x9EBF, 0x9EBF,
    0x9EBF, 0x9EBF, 0x9EBF, 0x9EBF, 0x9EBF, 0x9EBF, 0x9EBF, 0x9EBF, 0x9EBF, 0x9EBF, 0x9EBF, 0x9EBF, 0x9EBF, 0x9EBF, 0x9EBF, 0x9EBF,
    0xAEDF, 0xC73F, 0xCF3F, 0xD71F, 0xDF3E, 0xDF1E, 0xDF1D, 0xDF1D, 0xE71D, 0xE71D, 0xE6FD, 0xE71D, 0xDF1D, 0xDF1D, 0xDF1D, 0xDF1D,
    0xDF1D, 0xDEFD, 0xDEFD, 0xDEFD, 0xDEFD, 0xDEFD, 0xDEFD, 0xD6FD, 0xD6FD, 0xD6FD, 0xD6DD, 0xD6DD, 0xD6DD, 0xCEDD, 0xCEBD, 0xCEBD,
    0xCEBD, 0xCEBD, 0xCEBD, 0xC69D, 0xC69D, 0xC69D, 0xC69D, 0xC67D, 0xBE7D, 0xBE7D, 0xBE7D, 0xBE5D, 0xBE5D, 0xB65D, 0xB65D, 0xB63D,
    0xB63D, 0xB63D, 0xAE3D, 0xAE3D, 0xAE3D, 0xAE3D, 0xAE3D, 0xAE3D, 0xAE1D, 0xAE3D, 0xAE3E, 0xAE3E, 0xB65E, 0xB67E, 0xBE7E, 0xBE9E,
    0xBEDF, 0xB6DF, 0xAEDF, 0x9E9F, 0x9EBF, 0x9EBF, 0x9EBF, 0x9EBF, 0x9EBF, 0x9EBF, 0x9EBF, 0x9EBF, 0x9EBF, 0x9EBF, 0x9EBF, 0x9EBF,
    0x9EBF, 0x9EBF, 0x9EBF, 0x9EBF, 0x9EBF, 0x9EBF, 0x9EBF, 0x9EBF, 0x9EBF, 0x9EBF, 0x9EBF, 0x9EBF, 0x9EBF, 0x9EBF, 0x9EBF, 0x9EBF,
    0x9EBF, 0x9EBF, 0x9EBF, 0x9EBF, 0x9EBF, 0x9EBF, 0x9EBF, 0x9EBF, 0x9EBF, 0x9EBF, 0x9EBF, 0x9EBF, 0x9EBF, 0x9EBF, 0x9EBF, 0x9EBF,
    0x9EBF, 0x9EBF, 0x9EBF, 0x9EBF, 0x9EBF, 0x9EBF, 0x9EBF, 0x9EBF, 0x9EBF, 0x9EBF, 0x9EBF, 0x9EBF, 0x9EBF, 0x9EBF, 0x9EBF, 0x9EBF,
    0x9EBF, 0x9EBF, 0x9EBF, 0x9EBF, 0x9EBF, 0x9EBF, 0x9EBF, 0x9EBF, 0x9EBF, 0x9EBF, 0x9EBF, 0x9EBF, 0x9EBF, 0x9EBF, 0x9EBF, 0x9EBF,
    0x871F, 0x871F, 0x871F, 0x871F, 0x871F, 0x871F, 0x871F, 0x871F, 0x871F, 0x871F, 0x871F, 0x871F, 0x871F, 0x871F, 0x871F, 0x871F,
    0x871F, 0x871F, 0x8F1F, 0x8F1F, 0x8F1F, 0x8F1F, 0x8F1F, 0x8F1F, 0x8F1F, 0x8F1F, 0x8F1F, 0x8F1F, 0x8F1F, 0x8F1F, 0x8F1F, 0x8F1F,
    0x8EFF, 0x8EFF, 0x8EFF, 0x8EFF, 0x8EFF, 0x8EFF, 0x8EFF, 0x8EFF, 0x8EFF, 0x8EFF, 0x8EFF, 0x8F1F, 0x8EFF, 0x8EFF, 0x8EFF, 0x8EFF,
    0x8EFF, 0x8EFF, 0x8EFF, 0x8EFF, 0x8EFF, 0x8EFF, 0x96FF, 0x96FF, 0x96FF, 0x96FF, 0x96FF, 0x96FF, 0x96FF, 0x96FF, 0x96FF, 0x96FF,
    0x96FF, 0x96FF, 0x96DF, 0x96DF, 0x96FF, 0x96FF, 0x96FF, 0x96DF, 0x96FF, 0x96DF, 0x96FF, 0x9EBF, 0x9EBF, 0x9EBF, 0x9EBF, 0x9EBF,
    0x9EBF, 0x9EBF, 0x9EBF, 0x9EBF, 0x9EBF, 0x9EBF, 0x9EBF, 0x9EBF, 0x9EBF, 0x9EBF, 0x9EBF, 0x9EBF, 0x9EBF, 0x9EBF, 0x9E9F, 0xB6FF,
    0xCF3F, 0xCF1F, 0xD71F, 0xDF3E, 0xDF1D, 0xE71D, 0xE71D, 0xE71D, 0xE71D, 0xE71D, 0xE71D, 0xE71D, 0xE71D, 0xDF1D, 0xDF1D, 0xDF1D,
    0xDEFD, 0xDEFD, 0xDEFD, 0xDEFD, 0xDEFD, 0xDEFD, 0xDEFD, 0xDEFD, 0xD6FD, 0xD6FD, 0xD6DD, 0xD6DD, 0xD6DD, 0xD6DD, 0xCEDD, 0xCEBD,
    0xCEBD, 0xCEBD, 0xCEBD, 0xC69D, 0xC69D, 0xC69D, 0xC69D, 0xC67D, 0xC67D, 0xBE7D, 0xBE7D, 0xBE7D, 0xBE7D, 0xBE5D, 0xB65D, 0xB65D,
    0xB63D, 0xB63D, 0xB63D, 0xAE3D, 0xAE3D, 0xAE3D, 0xAE3D, 0xAE1D, 0xAE1D, 0xAE1D, 0xAE1D, 0xAE3D, 0xAE3D, 0xB65D, 0xBE7E, 0xBE7E,
    0xBE9E, 0xBEBF, 0xBEDF, 0xB6DF, 0xA6BF, 0x9EBF, 0x9EBF, 0x9EBF, 0x9EBF, 0x9EBF, 0x9EBF, 0x9EBF, 0x9EBF, 0x9EBF, 0x9EBF, 0x9EBF,
    0x9EBF, 0x9EBF, 0x9EBF, 0x9EBF, 0x9EBF, 0x9EBF, 0x9EBF, 0x9EBF, 0x9EBF, 0x9EBF, 0x9EBF, 0x9EBF, 0x9EBF, 0x9EBF, 0x9EBF, 0x9EBF,
    0x9EBF, 0x9EBF, 0x9EBF, 0x9EBF, 0x9EBF, 0x9EBF, 0x9EBF, 0x9EBF, 0x9EBF, 0x9EBF, 0x9EBF, 0x9EBF, 0x9EBF, 0x9EBF, 0x9EBF, 0x9EBF,
    0x9EBF, 0x9EBF, 0x9EBF, 0x9EBF, 0x9EBF, 0x9EBF, 0x9EBF, 0x9EBF, 0x9EBF, 0x9EBF, 0x9EBF, 0x9EBF, 0x9EBF, 0x9EBF, 0x9EBF, 0x9EBF,
    0x9EBF, 0x9EBF, 0x9EBF, 0x9EBF, 0x9EBF, 0x9EBF, 0x9EBF, 0x9EBF, 0x9EBF, 0x9EBF, 0x9EBF, 0x9EBF, 0x9EBF, 0x9EBF, 0x9EBF, 0x9EBF,
    0x871F, 0x871F, 0x871F, 0x871F, 0x871F, 0x871F, 0x871F, 0x871F, 0x871F, 0x871F, 0x871F, 0x871F, 0x871F, 0x871F, 0x871F, 0x871F,
    0x8F1F, 0x8F1F, 0x8F1F, 0x8F1F, 0x8F1F, 0x8F1F, 0x8F1F, 0x8F1F, 0x8F1F, 0x8F1F, 0x8F1F, 0x8F1F, 0x8EFF, 0x8EFF, 0x8EFF, 0x8EFF,
    0x8EFF, 0x8EFF, 0x8EFF, 0x8EFF, 0x8EFF, 0x8EFF, 0x8EFF, 0x8EFF, 0x8EFF, 0x8EFF, 0x8EFF, 0x8EFF, 0x8EFF, 0x8EFF, 0x8EFF, 0x8EFF,
    0x8EFF, 0x8EFF, 0x8EFF, 0x8EFF, 0x96FF, 0x96FF, 0x96FF, 0x96FF, 0x96FF, 0x96FF, 0x96FF, 0x96FF, 0x96FF, 0x96FF, 0x96FF, 0x96FF,
    0x96FF, 0x96DF, 0x96FF, 0x96FF, 0x96DF, 0x96FF, 0x96DF, 0x96FF, 0x96DF, 0x96DF, 0x96DF, 0x9EBF, 0x9EBF, 0x9EBF, 0x9EBF, 0x9EBF,
    0x9EBF, 0x9EBF, 0x9EBF, 0x9EBF, 0x9EBF, 0x9EBF, 0x9EBF, 0x9EBF, 0x9EBF, 0x9EBF, 0x9EBF, 0x9EBF, 0x9EBF, 0x9EBF, 0xBEFF, 0xCF3F,
    0xCF1F, 0xD71F, 0xDF1E, 0xE71D, 0xE71D, 0xE71D, 0xE71D, 0xE71D, 0xE71D, 0xE71D, 0xE71D, 0xE71D, 0xE71D, 0xDF1D, 0xDEFD, 0xDEFD,
    0xDEFD, 0xDEFD, 0xDEFD, 0xDEFD, 0xDEFD, 0xDEFD, 0xDEFD, 0xDEFD, 0xD6FD, 0xD6FD, 0xD6DD, 0xD6DD, 0xD6DD, 0xD6DD, 0xD6DD, 0xCEBD,
    0xCEDE, 0xD73E, 0xCEDE, 0xCEDE, 0xCEDE, 0xC6BE, 0xC6BE, 0xC6BE, 0xC69D, 0xC69D, 0xBE7D, 0xBE7D, 0xBE7D, 0xBE7D, 0xBE5D, 0xBE5D,
    0xB65D, 0xB65D, 0xB65D, 0xB63D, 0xAE3D, 0xAE3D, 0xAE1D, 0xAE1D, 0xAE1D, 0xAE1D, 0xAE1D, 0xAE1D, 0xAE3D, 0xAE3D, 0xB65D, 0xB65E,
    0xBE7E, 0xBE9E, 0xBEBF, 0xB6DF, 0xB6DF, 0xA6BF, 0x9EBF, 0x9EBF, 0x9EBF, 0x9EBF, 0x9EBF, 0x9EBF, 0x9EBF, 0x9EBF, 0x9EBF, 0x9EBF,
    0x9EBF, 0x9EBF, 0x9EBF, 0x9EBF, 0x9EBF, 0x9EBF, 0x9EBF, 0x9EBF, 0x9EBF, 0x9EBF, 0x9EBF, 0x9EBF, 0x9EBF, 0x9EBF, 0x9EBF, 0x9EBF,
    0x9EBF, 0x9EBF, 0x9EBF, 0x9EBF, 0x9EBF, 0x9EBF, 0x9EBF, 0x9EBF, 0x9EBF, 0x9EBF, 0x9EBF, 0x9EBF, 0x9EBF, 0x9EBF, 0x9EBF, 0x9EBF,
    0x9EBF, 0x9EBF, 0x9EBF, 0x9EBF, 0x9EBF, 0x9EBF, 0x9EBF, 0x9EBF, 0x9EBF, 0x9EBF, 0x9EBF, 0x9EBF, 0x9EBF, 0x9EBF, 0x9EBF, 0x9EBF,
    0x9EBF, 0x9EBF, 0x9EBF, 0x9EBF, 0x9EBF, 0x9EBF, 0x9EBF, 0x9EBF, 0x9EBF, 0x9EBF, 0x9EBF, 0x9EBF, 0x9EBF, 0x9EBF, 0x9EBF, 0x9EBF,
    0x871F, 0x871F, 0x871F, 0x871F, 0x871F, 0x871F, 0x871F, 0x871F, 0x871F, 0x871F, 0x8F1F, 0x8F1F, 0x8F1F, 0x8F1F, 0x8F1F, 0x8F1F,
    0x8F1F, 0x8F1F, 0x8F1F, 0x8F1F, 0x8F1F, 0x8F1F, 0x8F1F, 0x8F1F, 0x8F1F, 0x8EFF, 0x8F1F, 0x8F1F, 0x8EFF, 0x8EFF, 0x8EFF, 0x8EFF,
    0x8EFF, 0x8EFF, 0x8EFF, 0x8EFF, 0x8EFF, 0x8EFF, 0x8EFF, 0x8EFF, 0x8EFF, 0x8EFF, 0x8EFF, 0x8EFF, 0x8EFF, 0x8EFF, 0x8EFF, 0x8EFF,
    0x8EFF, 0x96FF, 0x96FF, 0x96FF, 0x96FF, 0x96FF, 0x96FF, 0x96FF, 0x96FF, 0x96FF, 0x96FF, 0x96FF, 0x96DF, 0x96FF, 0x96FF, 0x96FF,
    0x96FF, 0x96DF, 0x96FF, 0x96DF, 0x96FF, 0x96DF, 0x96DF, 0x96DF, 0x96DF, 0x96FF, 0x9EDF, 0x9EBF, 0x9EBF, 0x9EBF, 0x9EBF, 0x9EBF,
    0x9EBF, 0x9EBF, 0x9EBF, 0x9EBF, 0x9EBF, 0x9EBF, 0x9EBF, 0x9EBF, 0x9EBF, 0x9EBF, 0x9EBF, 0x9EBF, 0x9E9F, 0xBF1F, 0xCF1F, 0xCF1F,
    0xDF1E, 0xE71E, 0xE71D, 0xE71D, 0xE71D, 0xE71D, 0xE71D, 0xE71D, 0xE71D, 0xE71D, 0xE71D, 0xDF1D, 0xDF1D, 0xDF1D, 0xDF1D, 0xDEFD,
    0xDEFD, 0xDEFD, 0xDEFD, 0xDEFD, 0xDEFD, 0xDEFD, 0xDEFD, 0xDEFD, 0xD6FD, 0xD6FD, 0xD6FD, 0xD6DD, 0xD6DD, 0xD6DD, 0xD6DD, 0xCEDD,
    0xCEDD, 0xD6FE, 0xCEBD, 0xCEBD, 0xCEBD, 0xCEBE, 0xCEBE, 0xC6BE, 0xC6BE, 0xC6BE, 0xC6BE, 0xC69E, 0xBE7D, 0xBE7D, 0xBE5D, 0xBE7D,
    0xBE7E, 0xBE9E, 0xBE9E, 0xBE9E, 0xB69E, 0xB69E, 0xB65E, 0xAE5D, 0xAE3D, 0xAE1D, 0xAE1D, 0xA61D, 0xAE1D, 0xAE1D, 0xAE3D, 0xB63D,
    0xB65E, 0xBE7E, 0xBE9E, 0xBEBF, 0xB6DF, 0xB6DF, 0x9E9F, 0x9EBF, 0x9EBF, 0x9EBF, 0x9EBF, 0x9EBF, 0x9EBF, 0x9EBF, 0x9EBF, 0x9EBF,
    0x9EBF, 0x9EBF, 0x9EBF, 0x9EBF, 0x9EBF, 0x9EBF, 0x9EBF, 0x9EBF, 0x9EBF, 0x9EBF, 0x9EBF, 0x9EBF, 0x9EBF, 0x9EBF, 0x9EBF, 0x9EBF,
    0x9EBF, 0x9EBF, 0x9EBF, 0x9EBF, 0x9EBF, 0x9EBF, 0x9EBF, 0x9EBF, 0x9EBF, 0x9EBF, 0x9EBF, 0x9EBF, 0x9EBF, 0x9EBF, 0x9EBF, 0x9EBF,
    0x9EBF, 0x9EBF, 0x9EBF, 0x9EBF, 0x9EBF, 0x9EBF, 0x9EBF, 0x9EBF, 0x9EBF, 0x9EBF, 0x9EBF, 0x9EBF, 0x9EBF, 0x9EBF, 0x9EBF, 0x9EBF,
    0x9EBF, 0x9EBF, 0x9EBF, 0x9EBF, 0x9EBF, 0x9EBF, 0x9EBF, 0x9EBF, 0x9EBF, 0x9EBF, 0x9EBF, 0x9EBF, 0x9EBF, 0x9EBF, 0x9EBF, 0x9EBF,
    0x871F, 0x871F, 0x871F, 0x871F, 0x871F, 0x871F, 0x871F, 0x871F, 0x871F, 0x8F1F, 0x8F1F, 0x8F1F, 0x8F1F, 0x8F1F, 0x8F1F, 0x8EFF,
    0x8F1F, 0x8EFF, 0x8EFF, 0x8F1F, 0x8EFF, 0x8F1F, 0x8EFF, 0x8F1F, 0x8EFF, 0x8F1F, 0x8EFF, 0x8EFF, 0x8EFF, 0x8EFF, 0x8EFF, 0x8EFF,
    0x8EFF, 0x8EFF, 0x8EFF, 0x8EFF, 0x8EFF, 0x8EFF, 0x8EFF, 0x8EFF, 0x8EFF, 0x8EFF, 0x8EFF, 0x8EFF, 0x8EFF, 0x8EFF, 0x8EFF, 0x8EFF,
    0x96FF, 0x96FF, 0x96FF, 0x96FF, 0x96FF, 0x96FF, 0x96FF, 0x96FF, 0x96DF, 0x96FF, 0x96FF, 0x96FF, 0x96FF, 0x96FF, 0x96DF, 0x96DF,
    0x96DF, 0x96FF, 0x96DF, 0x96DF, 0x96DF, 0x96DF, 0x96DF, 0x96DF, 0x96DF, 0x96DF, 0x9EDF, 0x9EBF, 0x9EBF, 0x9EBF, 0x9EBF, 0x9EBF,
    0x9EBF, 0x9EBF, 0x9EBF, 0x9EBF, 0x9EBF, 0x9EBF, 0x9EBF, 0x9EBF, 0x9EBF, 0x9EBF, 0x9EBF, 0xA6BF, 0xC71F, 0xCF1F, 0xD71F, 0xDF1E,
    0xE71D, 0xE71D, 0xE71D, 0xE71D, 0xE71D, 0xE71D, 0xE71D, 0xE71D, 0xE71D, 0xE71D, 0xE71D, 0xE71D, 0xE71D, 0xE71D, 0xE71D, 0xDF1D,
    0xDEFD, 0xDEFD, 0xDEFD, 0xDEFD, 0xDEFD, 0xDEFD, 0xDEFD, 0xDEFD, 0xD6FD, 0xD6FD, 0xD6FD, 0xD6DD, 0xD6DD, 0xD6DD, 0xD6DD, 0xD6DD,
    0xD6DD, 0xD6DD, 0xD6DD, 0xCEBD, 0xCEBD, 0xCEBD, 0xCE9D, 0xC6BD, 0xC6BE, 0xC6BE, 0xC6BD, 0xC69E, 0xC69E, 0xBE7E, 0xBE7D, 0xBE7D,
    0xBE7D, 0xBE7D, 0xBE7E, 0xBE9E, 0xBE7E, 0xB69E, 0xB69E, 0xB69F, 0xB69F, 0xB69E, 0xAE5E, 0xAE1D, 0xAE1D, 0xA61D, 0xAE1D, 0xAE3D,
    0xB63D, 0xB65D, 0xBE7E, 0xBE9E, 0xBEBF, 0xBEDF, 0xB6DF, 0x9E7E, 0x9EBF, 0x9EBF, 0x9EBF, 0x9EBF, 0x9EBF, 0x9EBF, 0x9EBF, 0x9EBF,
    0x9EBF, 0x9EBF, 0x9EBF, 0x9EBF, 0x9EBF, 0x9EBF, 0x9EBF, 0x9EBF, 0x9EBF, 0x9EBF, 0x9EBF, 0x9EBF, 0x9EBF, 0x9EBF, 0x9EBF, 0x9EBF,
    0x9EBF, 0x9EBF, 0x9EBF, 0x9EBF, 0x9EBF, 0x9EBF, 0x9EBF, 0x9EBF, 0x9EBF, 0x9EBF, 0x9EBF, 0x9EBF, 0x9EBF, 0x9EBF, 0x9EBF, 0x9EBF,
    0x9EBF, 0x9EBF, 0x9EBF, 0x9EBF, 0x9EBF, 0x9EBF, 0x9EBF, 0x9EBF, 0x9EBF, 0x9EBF, 0x9EBF, 0x9EBF, 0x9EBF, 0x9EBF, 0x9EBF, 0x9EBF,
    0x9EBF, 0x9EBF, 0x9EBF, 0x9EBF, 0x9EBF, 0x9EBF, 0x9EBF, 0x9EBF, 0x9EBF, 0x9EBF, 0x9EBF, 0x9EBF, 0x9EBF, 0x9EBF, 0x9EBF, 0x9EBF,
    0x871F, 0x871F, 0x871F, 0x871F, 0x871F, 0x871F, 0x871F, 0x871F, 0x8F1F, 0x8F1F, 0x8F1F, 0x8F1F, 0x8F1F, 0x8F1F, 0x8F1F, 0x8F1F,
    0x8EFF, 0x8F1F, 0x8F1F, 0x8EFF, 0x8F1F, 0x8EFF, 0x8F1F, 0x8EFF, 0x8F1F, 0x8F1F, 0x8EFF, 0x8EFF, 0x8EFF, 0x8EFF, 0x8EFF, 0x8EFF,
    0x8EFF, 0x8EFF, 0x8EFF, 0x8EFF, 0x8EFF, 0x8EFF, 0x8EFF, 0x8EFF, 0x8EFF, 0x8EFF, 0x8EFF, 0x96FF, 0x96FF, 0x96FF, 0x8EFF, 0x96FF,
    0x96FF, 0x96FF, 0x96FF, 0x96FF, 0x96FF, 0x96FF, 0x96FF, 0x96FF, 0x96FF, 0x96FF, 0x96FF, 0x96FF, 0x96DF, 0x96DF, 0x96DF, 0x96DF,
    0x96DF, 0x96DF, 0x96DF, 0x96DF, 0x96DF, 0x96DF, 0x96DF, 0x96DF, 0x96DF, 0x96DF, 0x9EBF, 0x9EBF, 0x9EBF, 0x9EBF, 0x9EBF, 0x9EBF,
    0x9EBF, 0x9EBF, 0x9EBF, 0x9EBF, 0x9EBF, 0x9EBF, 0x9EBF, 0x9EBF, 0x9EBF, 0x9EBF, 0x9E9E, 0xC71F, 0xCF1F, 0xD71F, 0xDF1E, 0xE71D,
    0xE71D, 0xE71D, 0xE71D, 0xE71D, 0xE71D, 0xE71D, 0xE71D, 0xE71D, 0xE71D, 0xE71D, 0xE71D, 0xE71D, 0xE71D, 0xE71D, 0xE71D, 0xDF1D,
    0xDEFD, 0xDEFD, 0xDEFD, 0xDEFD, 0xDEFD, 0xDEFD, 0xDEFD, 0xDEFD, 0xDEFD, 0xDEFD, 0xDEFD, 0xD6FD, 0xD6DD, 0xD6DD, 0xD6DD, 0xD6DD,
    0xD6DD, 0xD6DD, 0xD6DD, 0xD6DD, 0xD6DD, 0xCEBD, 0xCEBD, 0xCEBD, 0xC69D, 0xC69D, 0xC6BE, 0xC69E, 0xC69D, 0xC69D, 0xC69E, 0xBE7D,
    0xC67D, 0xC67D, 0xBE7D, 0xC69D, 0xBE5D, 0xBE7E, 0xB67E, 0xB67E, 0xB69E, 0xB69F, 0xB69F, 0xB69F, 0xB67E, 0xAE3D, 0xA61D, 0xA61D,
    0xAE3D, 0xB63D, 0xB65D, 0xBE7E, 0xC69E, 0xBEBE, 0xBEDF, 0xB6DF, 0x9E9E, 0x9EBF, 0x9EBF, 0x9EBF, 0x9EBF, 0x9EBF, 0x9EBF, 0x9EBF,
    0x9EBF, 0x9EBF, 0x9EBF, 0x9EBF, 0x9EBF, 0x9EBF, 0x9EBF, 0x9EBF, 0x9EBF, 0x9EBF, 0x9EBF, 0x9EBF, 0x9EBF, 0x9EBF, 0x9EBF, 0x9EBF,
    0x9EBF, 0x9EBF, 0x9EBF, 0x9EBF, 0x9EBF, 0x9EBF, 0x9EBF, 0x9EBF, 0x9EBF, 0x9EBF, 0x9EBF, 0x9EBF, 0x9EBF, 0x9EBF, 0x9EBF, 0x9EBF,
    0x9EBF, 0x9EBF, 0x9EBF, 0x9EBF, 0x9EBF, 0x9EBF, 0x9EBF, 0x9EBF, 0x9EBF, 0x9EBF, 0x9EBF, 0x9EBF, 0x9EBF, 0x9EBF, 0x9EBF, 0x9EBF,
    0x9EBF, 0x9EBF, 0x9EBF, 0x9EBF, 0x9EBF, 0x9EBF, 0x9EBF, 0x9EBF, 0x9EBF, 0x9EBF, 0x9EBF, 0x9EBF, 0x9EBF, 0x9EBF, 0x9EBF, 0x9EBF,
    0x871F, 0x871F, 0x871F, 0x8F1F, 0x871F, 0x871F, 0x871F, 0x8F1F, 0x8EFF, 0x8F1F, 0x8EFF, 0x8F1F, 0x8F1F, 0x8F1F, 0x8F1F, 0x8F1F,
    0x8F1F, 0x8EFF, 0x8F1F, 0x8F1F, 0x8EFF, 0x8EFF, 0x8EFF, 0x8EFF, 0x8EFF, 0x8EFF, 0x8EFF, 0x8EFF, 0x8EFF, 0x8EFF, 0x8EFF, 0x8EFF,
    0x8EFF, 0x8EFF, 0x8EFF, 0x8EFF, 0x8EFF, 0x8EFF, 0x8EFF, 0x8EFF, 0x8EFF, 0x8EFF, 0x8EFF, 0x96FF, 0x8EFF, 0x8EFF, 0x96FF, 0x96FF,
    0x96FF, 0x96FF, 0x96FF, 0x96FF, 0x96FF, 0x96FF, 0x96FF, 0x96DF, 0x96DF, 0x96DF, 0x96FF, 0x96DF, 0x96DF, 0x96DF, 0x96DF, 0x96DF,
    0x96DF, 0x96DF, 0x96DF, 0x96DF, 0x96DF, 0x96DF, 0x96DF, 0x96DF, 0x96DF, 0x96DF, 0x9EBF, 0x9EBF, 0x9EBF, 0x9EBF, 0x9EBF, 0x9EBF,
    0x9EBF, 0x9EBF, 0x9EBF, 0x9EBF, 0x9EBF, 0x9EBF, 0x9EBF, 0x9EBF, 0x9EBF, 0x9E9E, 0xC71F, 0xCF1F, 0xD71E, 0xDF1E, 0xE71D, 0xE71D,
    0xE71D, 0xE71D, 0xE71D, 0xE71D, 0xE71D, 0xE71D, 0xE71D, 0xE71D, 0xE71D, 0xE71D, 0xE71D, 0xE71D, 0xE71D, 0xE71D, 0xE71D, 0xDEFD,
    0xDEFD, 0xDEFD, 0xDEFD, 0xDEFD, 0xDEFD, 0xDEFD, 0xDEFD, 0xDEFD, 0xDEFD, 0xDEFD, 0xDEFD, 0xD6DD, 0xD6DD, 0xD6DD, 0xD6DD, 0xD6DD,
    0xD6DD, 0xD6DD, 0xD6DD, 0xD6DD, 0xD6DD, 0xD6DD, 0xCEBD, 0xCEBD, 0xCEBD, 0xCE9D, 0xC69D, 0xC69D, 0xC69E, 0xC69D, 0xC69D, 0xC67D,
    0xBE7D, 0xC67D, 0xC67D, 0xBE7D, 0xBE5D, 0xBE5D, 0xBE5D, 0xB67D, 0xB67E, 0xB67E, 0xB69E, 0xB69F, 0xB69F, 0xB69F, 0xAE5E, 0xAE3D,
    0xA61D, 0xAE3D, 0xB63D, 0xB65D, 0xBE7D, 0xBE7D, 0xBEBE, 0xB6DF, 0xB6DF, 0x9E9F, 0x9EBF, 0x9EBF, 0x9EBF, 0x9EBF, 0x9EBF, 0x9EBF,
    0x9EBF, 0x9EBF, 0x9EBF, 0x9EBF, 0x9EBF, 0x9EBF, 0x9EBF, 0x9EBF, 0x9EBF, 0x9EBF, 0x9EBF, 0x9EBF, 0x9EBF, 0x9EBF, 0x9EBF, 0x9EBF,
    0x9EBF, 0x9EBF, 0x9EBF, 0x9EBF, 0x9EBF, 0x9EBF, 0x9EBF, 0x9EBF, 0x9EBF, 0x9EBF, 0x9EBF, 0x9EBF, 0x9EBF, 0x9EBF, 0x9EBF, 0x9EBF,
    0x9EBF, 0x9EBF, 0x9EBF, 0x9EBF, 0x9EBF, 0x9EBF, 0x9EBF, 0x9EBF, 0x9EBF, 0x9EBF, 0x9EBF, 0x9EBF, 0x9EBF, 0x9EBF, 0x9EBF, 0x9EBF,
    0x9EBF, 0x9EBF, 0x9EBF, 0x9EBF, 0x9EBF, 0x9EBF, 0x9EBF, 0x9EBF, 0x9EBF, 0x9EBF, 0x9EBF, 0x9EBF, 0x9EBF, 0x9EBF, 0x9EBF, 0x9EBF,
    0x871F, 0x8F1F, 0x8F1F, 0x8F1F, 0x8F1F, 0x8F1F, 0x8F1F, 0x8F1F, 0x8F1F, 0x8F1F, 0x8F1F, 0x8F1F, 0x8F1F, 0x8F1F, 0x8F1F, 0x8F1F,
    0x8F1F, 0x8F1F, 0x8EFF, 0x8F1F, 0x8EFF, 0x8EFF, 0x8EFF, 0x8EFF, 0x8EFF, 0x8EFF, 0x8EFF, 0x8EFF, 0x8EFF, 0x8EFF, 0x8EFF, 0x8EFF,
    0x8EFF, 0x8EFF, 0x8EFF, 0x8EFF, 0x8EFF, 0x96FF, 0x8EFF, 0x8EFF, 0x8EFF, 0x96FF, 0x96FF, 0x96FF, 0x96FF, 0x96FF, 0x96FF, 0x96FF,
    0x96FF, 0x96FF, 0x96FF, 0x96FF, 0x96FF, 0x96FF, 0x96DF, 0x96FF, 0x96DF, 0x96FF, 0x96DF, 0x96DF, 0x96DF, 0x96DF, 0x96FF, 0x96DF,
    0x96DF, 0x96DF, 0x96DF, 0x96DF, 0x96DF, 0x96DF, 0x96DF, 0x96DF, 0x96DF, 0x9EBF, 0x9EBF, 0x9EBF, 0x9EBF, 0x9EBF, 0x9EBF, 0x9EBF,
    0x9EBF, 0x9EBF, 0x9EBF, 0x9EBF, 0x9EBF, 0x9EBF, 0x9EBF, 0x9EBF, 0x9EBF, 0xBF1F, 0xCF1F, 0xD71F, 0xDF1E, 0xE71D, 0xE71D, 0xE71D,
    0xE71D, 0xE71D, 0xE71D, 0xE71D, 0xE71D, 0xE71D, 0xE71D, 0xE71D, 0xE71D, 0xE71D, 0xE71D, 0xE71D, 0xE71D, 0xE71D, 0xE71D, 0xE6FD,
    0xDEFD, 0xDEFD, 0xDEFD, 0xDEFD, 0xDEFD, 0xDEFD, 0xDEFD, 0xDEFD, 0xDEFD, 0xDEFD, 0xDEFD, 0xDEFD, 0xD6FD, 0xD6DD, 0xD6DD, 0xD6DD,
    0xD6DD, 0xD6DD, 0xD6DD, 0xD6DD, 0xD6DD, 0xD6DD, 0xD6DD, 0xCEBD, 0xCEBD, 0xCEBD, 0xCE9D, 0xC69D, 0xC69D, 0xC69E, 0xC69E, 0xC67D,
    0xC67E, 0xBE7D, 0xC67D, 0xC67D, 0xC67D, 0xC67D, 0xBE5D, 0xBE5D, 0xBE5D, 0xB65D, 0xB67E, 0xB67E, 0xB67E, 0xB69F, 0xB69F, 0xB67E,
    0xAE3D, 0xA61D, 0xAE3E, 0xB65D, 0xB65D, 0xBE7D, 0xBE7D, 0xBEBE, 0xB6DF, 0xAEBF, 0xA6BF, 0x9EBF, 0x9EBF, 0x9EBF, 0x9EBF, 0x9EBF,
    0x9EBF, 0x9EBF, 0x9EBF, 0x9EBF, 0x9EBF, 0x9EBF, 0x9EBF, 0x9EBF, 0x9EBF, 0x9EBF, 0x9EBF, 0x9EBF, 0x9EBF, 0x9EBF, 0x9EBF, 0x9EBF,
    0x9EBF, 0x9EBF, 0x9EBF, 0x9EBF, 0x9EBF, 0x9EBF, 0x9EBF, 0x9EBF, 0x9EBF, 0x9EBF, 0x9EBF, 0x9EBF, 0x9EBF, 0x9EBF, 0x9EBF, 0x9EBF,
    0x9EBF, 0x9EBF, 0x9EBF, 0x9EBF, 0x9EBF, 0x9EBF, 0x9EBF, 0x9EBF, 0x9EBF, 0x9EBF, 0x9EBF, 0x9EBF, 0x9EBF, 0x9EBF, 0x9EBF, 0x9EBF,
    0x9EBF, 0x9EBF, 0x9EBF, 0x9EBF, 0x9EBF, 0x9EBF, 0x9EBF, 0x9EBF, 0x9EBF, 0x9EBF, 0x9EBF, 0x9EBF, 0x9EBF, 0x9EBF, 0x9EBF, 0x9EBF,
    0x8F1F, 0x8F1F, 0x8F1F, 0x8F1F, 0x8F1F, 0x8F1F, 0x8EFF, 0x8F1F, 0x8EFF, 0x8F1F, 0x8EFF, 0x8F1F, 0x8EFF, 0x8F1F, 0x8EFF, 0x8F1F,
    0x8EFF, 0x8F1F, 0x8EFF, 0x8F1F, 0x8EFF, 0x8EFF, 0x8EFF, 0x8EFF, 0x8EFF, 0x8EFF, 0x8EFF, 0x8EFF, 0x8EFF, 0x8EFF, 0x8EFF, 0x8EFF,
    0x8EFF, 0x8EFF, 0x8EFF, 0x8EFF, 0x8EFF, 0x8EFF, 0x8EFF, 0x96FF, 0x96FF, 0x96FF, 0x96FF, 0x96FF, 0x96FF, 0x96DF, 0x96FF, 0x96FF,
    0x96FF, 0x96DF, 0x96DF, 0x96DF, 0x96DF, 0x96DF, 0x96FF, 0x96DF, 0x96DF, 0x96DF, 0x96DF, 0x96DF, 0x96DF, 0x96DF, 0x96DF, 0x96DF,
    0x96DF, 0x96DF, 0x96DF, 0x96DF, 0x96DF, 0x96DF, 0x96DF, 0x96DF, 0x96DF, 0x9EDF, 0x9EBF, 0x9EBF, 0x9EBF, 0x9EBF, 0x9EBF, 0x9EBF,
    0x9EBF, 0x9EBF, 0x9EBF, 0x9EBF, 0x9EBF, 0x9EBF, 0x9EBF, 0x9EBF, 0xB6DF, 0xCF1F, 0xD71E, 0xDF1E, 0xE71D, 0xE71D, 0xE71D, 0xE71D,
    0xE71D, 0xE71D, 0xE71D, 0xE71D, 0xE71D, 0xE71D, 0xE71D, 0xE71D, 0xE71C, 0xE71D, 0xE71D, 0xE71D, 0xE71D, 0xE71D, 0xE71D, 0xE71D,
    0xDF1D, 0xDEFD, 0xDEFD, 0xDEFD, 0xDEFD, 0xDEFD, 0xDEFD, 0xDEFD, 0xDEFD, 0xDEFD, 0xDEFD, 0xDEFD, 0xDEDD, 0xD6DD, 0xD6FD, 0xD6DD,
    0xD6DD, 0xD6DD, 0xD6DD, 0xD6DD, 0xD6DD, 0xD6DD, 0xD6DD, 0xD6BD, 0xCEBD, 0xCEBD, 0xCEBD, 0xCE9D, 0xC69D, 0xC69D, 0xC69E, 0xC69E,
    0xC67D, 0xBE7D, 0xBE5D, 0xC67D, 0xC67D, 0xC67D, 0xBE7D, 0xBE5D, 0xBE5D, 0xBE5D, 0xB65D, 0xB65D, 0xB67E, 0xB67E, 0xB67E, 0xB67E,
    0xB67E, 0xB65E, 0xA61D, 0xAE3E, 0xB65D, 0xB65D, 0xBE7D, 0xBE7D, 0xBE9E, 0xB6BF, 0xAEBF, 0x9E9F, 0x96BF, 0x96BF, 0x96BF, 0x96BF,
    0x96BF, 0x8EBF, 0x8EBF, 0x8EBF, 0x8EBF, 0x8EBF, 0x8E9F, 0x8EBF, 0x8E9F, 0x8E9F, 0x8EBF, 0x8EBF, 0x8E9F, 0x96BF, 0x8EBF, 0x96BF,
    0x96BF, 0x96BF, 0x96BF, 0x9EBF, 0x9EBF, 0x9EBF, 0x9EBF, 0x9EBF, 0x9EBF, 0x9EBF, 0x9EBF, 0x9EBF, 0x9EBF, 0x9EBF, 0x9EBF, 0x9EBF,
    0x9EBF, 0x9EBF, 0x9EBF, 0x9EBF, 0x9EBF, 0x9EBF, 0x9EBF, 0x9EBF, 0x9EBF, 0x9EBF, 0x9EBF, 0x9EBF, 0x9EBF, 0x9EBF, 0x9EBF, 0x9EBF,
    0x9EBF, 0x9EBF, 0x9EBF, 0x9EBF, 0x9EBF, 0x9EBF, 0x9EBF, 0x9EBF, 0x9EBF, 0x9EBF, 0x9EBF, 0x9EBF, 0x9EBF, 0x9EBF, 0x9EBF, 0x9EBF,
    0x8F1F, 0x8F1F, 0x8F1F, 0x8F1F, 0x8EFF, 0x8F1F, 0x8EFF, 0x8EFF, 0x8EFF, 0x8EFF, 0x8EFF, 0x8EFF, 0x8EFF, 0x8EFF, 0x8F1F, 0x8EFF,
    0x8F1F, 0x8EFF, 0x8F1F, 0x8EFF, 0x8EFF, 0x8EFF, 0x8EFF, 0x8EFF, 0x8EFF, 0x8EFF, 0x8EFF, 0x8EFF, 0x8EFF, 0x8EFF, 0x8EFF, 0x8EFF,
    0x8EFF, 0x8EFF, 0x96FF, 0x96FF, 0x96FF, 0x96FF, 0x96FF, 0x96FF, 0x96FF, 0x96FF, 0x96FF, 0x96FF, 0x96FF, 0x96FF, 0x96FF, 0x96FF,
    0x96DF, 0x96DF, 0x96DF, 0x96FF, 0x96FF, 0x96FF, 0x96DF, 0x96DF, 0x96DF, 0x96DF, 0x96DF, 0x96DF, 0x96DF, 0x96DF, 0x96DF, 0x96DF,
    0x96DF, 0x96DF, 0x96DF, 0x96DF, 0x96DF, 0x9EDF, 0x9EDF, 0x9EDF, 0x9EDF, 0x9EBF, 0x9EBF, 0x9EBF, 0x9EBF, 0x9EBF, 0x9EBF, 0x9EBF,
    0x9EBF, 0x9EBF, 0x9EBF, 0x9EBF, 0x9EBF, 0x9EBF, 0x9EBF, 0xAEDE, 0xCF1F, 0xCF1F, 0xDF1E, 0xE71D, 0xE71D, 0xE71D, 0xE71D, 0xE71D,
    0xE71D, 0xE71D, 0xE71D, 0xE71D, 0xE71D, 0xE71D, 0xE71D, 0xE71D, 0xE71D, 0xE71D, 0xE71D, 0xE71D, 0xE71D, 0xE71D, 0xE71D, 0xE71D,
    0xE71D, 0xDEFD, 0xDEFD, 0xDEFD, 0xDEFD, 0xDEFD, 0xDEFD, 0xDEFD, 0xDEFD, 0xDEFD, 0xDEFD, 0xDEFD, 0xDEFD, 0xD6DD, 0xD6FD, 0xD6DD,
    0xD6DD, 0xD6DD, 0xD6DD, 0xD6DD, 0xD6DD, 0xD6DD, 0xD6DD, 0xD6DD, 0xD6BD, 0xCEBD, 0xCEBD, 0xCEBD, 0xCE9D, 0xC69D, 0xC69D, 0xC69E,
    0xC69E, 0xBE7D, 0xBE7D, 0xBE5D, 0xC67D, 0xC67D, 0xC67D, 0xBE5D, 0xBE5D, 0xBE5D, 0xBE5D, 0xB63D, 0xB65D, 0xB65E, 0xB67E, 0xB67E,
    0xB67E, 0xB67E, 0xB67E, 0xA61D, 0xA61D, 0xB65E, 0xB65D, 0xBE7D, 0xBE7D, 0xBEBE, 0xB6BF, 0xA6BF, 0x969F, 0x8EBF, 0x8EBF, 0x8EBF,
    0x8EBF, 0x8EBF, 0x8EBF, 0x8EBF, 0x8EBF, 0x8EBF, 0x8EBF, 0x8E9F, 0x8EBF, 0x8E9F, 0x8EBF, 0x8E9F, 0x8E9F, 0x8EBF, 0x8EBF, 0x8EBF,
    0x8E9F, 0x8E9F, 0x8E9F, 0x8E9F, 0x8E9F, 0x8E9F, 0x8E9F, 0x969F, 0x96BF, 0x96BF, 0x9EBF, 0x9EBF, 0x9EBF, 0x9EBF, 0x9EBF, 0x9EBF,
    0x9EBF, 0x9EBF, 0x9EBF, 0x9EBF, 0x9EBF, 0x9EBF, 0x9EBF, 0x9EBF, 0x9EBF, 0x9EBF, 0x9EBF, 0x9EBF, 0x9EBF, 0x9EBF, 0x9EBF, 0x9EBF,
    0x9EBF, 0x9EBF, 0x9EBF, 0x9EBF, 0x9EBF, 0x9EBF, 0x9EBF, 0x9EBF, 0x9EBF, 0x9EBF, 0x9EBF, 0x9EBF, 0x9EBF, 0x9EBF, 0x9EBF, 0x9EBF,
    0x8F1F, 0x8F1F, 0x8EFF, 0x8EFF, 0x8EFF, 0x8EFF, 0x8EFF, 0x8EFF, 0x8EFF, 0x8EFF, 0x8EFF, 0x8EFF, 0x8EFF, 0x8EFF, 0x8EFF, 0x8F1F,
    0x8EFF, 0x8EFF, 0x8EFF, 0x8EFF, 0x8EFF, 0x8EFF, 0x8EFF, 0x8EFF, 0x8EFF, 0x8EFF, 0x8EFF, 0x8EFF, 0x8EFF, 0x8EFF, 0x8EFF, 0x8EFF,
    0x96FF, 0x96FF, 0x96FF, 0x96FF, 0x96FF, 0x96FF, 0x96FF, 0x96FF, 0x96FF, 0x96FF, 0x96FF, 0x96DF, 0x96DF, 0x96DF, 0x96DF, 0x96DF,
    0x96DF, 0x96DF, 0x96DF, 0x96DF, 0x96DF, 0x96DF, 0x96DF, 0x96DF, 0x96DF, 0x96DF, 0x96DF, 0x96DF, 0x96DF, 0x96DF, 0x96DF, 0x96DF,
    0x96DF, 0x96DF, 0x96DF, 0x96DF, 0x96DF, 0x9EDF, 0x9EDF, 0x9EBF, 0x9EBF, 0x9EBF, 0x9EBF, 0x9EBF, 0x9EBF, 0x9EBF, 0x9EBF, 0x9EBF,
    0x9EBF, 0x9EBF, 0x9EBF, 0x9EBF, 0x9EBF, 0x9EBF, 0xA6BE, 0xCF1F, 0xCEFF, 0xDF1E, 0xE71D, 0xE71D, 0xE71D, 0xE71D, 0xE71D, 0xE71D,
    0xE71D, 0xE71D, 0xE71D, 0xE71D, 0xE71D, 0xE71D, 0xE71D, 0xE71D, 0xE71D, 0xE71D, 0xE71D, 0xE71D, 0xE71D, 0xE71D, 0xE71D, 0xE71D,
    0xE71D, 0xE6FD, 0xDEFD, 0xDEFD, 0xDEFD, 0xDEFD, 0xDEFD, 0xDEFD, 0xDEFD, 0xDEFD, 0xDEFD, 0xDEFD, 0xDEFD, 0xD6FD, 0xD6DD, 0xD6DD,
    0xD6DD, 0xD6DD, 0xD6DD, 0xD6DD, 0xD6DD, 0xD6DD, 0xD6DD, 0xD6DD, 0xD6DD, 0xD6DD, 0xCEBD, 0xCEBD, 0xCEBD, 0xCE9D, 0xC69D, 0xC69D,
    0xC69E, 0xBE7E, 0xBE7E, 0xBE7D, 0xBE5D, 0xC67D, 0xC67D, 0xC67D, 0xBE5D, 0xBE5D, 0xBE5D, 0xBE5D, 0xBE3D, 0xB63D, 0xB65E, 0xB67E,
    0xB67E, 0xB67E, 0xB67E, 0xB67E, 0xAE3D, 0xA61D, 0xB65E, 0xBE5D, 0xBE7D, 0xBE7D, 0xBEBE, 0xB6DF, 0xA6BF, 0x8EBF, 0x8EBF, 0x8EBF,
    0x8EBF, 0x8EBF, 0x8E9F, 0x8EBF, 0x8EBF, 0x8E9F, 0x8E9F, 0x8EBF, 0x8E9F, 0x8EBF, 0x8EBF, 0x8E9F, 0x8E9F, 0x8E9F, 0x8E9F, 0x8E9F,
    0x8EBF, 0x8E9F, 0x8E9F, 0x8E9F, 0x8E9F, 0x8E9F, 0x8E9F, 0x869F, 0x8E9F, 0x8E9F, 0x869F, 0x8E9F, 0x8E9F, 0x8E9F, 0x96BF, 0x9EBF,
    0x9EBF, 0x9EBF, 0x9EBF, 0x9EBF, 0x9EBF, 0x9EBF, 0x9EBF, 0x9EBF, 0x9EBF, 0x9EBF, 0x9EBF, 0x9EBF, 0x9EBF, 0x9EBF, 0x9EBF, 0x9EBF,
    0x9EBF, 0x9EBF, 0x9EBF, 0x9EBF, 0x9EBF, 0x9EBF, 0x9EBF, 0x9EBF, 0x9EBF, 0x9EBF, 0x9EBF, 0x9EBF, 0x9EBF, 0x9EBF, 0x9EBF, 0x9EBF,
    0x8F1F, 0x8EFF, 0x8EFF, 0x8F1F, 0x8EFF, 0x8F1F, 0x8EFF, 0x8EFF, 0x8EFF, 0x8EFF, 0x8EFF, 0x8EFF, 0x8F1F, 0x8EFF, 0x8EFF, 0x8EFF,
    0x8EFF, 0x8EFF, 0x8EFF, 0x8EFF, 0x8EFF, 0x8EFF, 0x8EFF, 0x8EFF, 0x8EFF, 0x8EFF, 0x8EFF, 0x8EFF, 0x8EFF, 0x96FF, 0x8EFF, 0x96FF,
    0x96FF, 0x96FF, 0x96FF, 0x96FF, 0x96FF, 0x96FF, 0x96FF, 0x96FF, 0x96FF, 0x96DF, 0x96DF, 0x96DF, 0x96FF, 0x96FF, 0x96FF, 0x96DF,
    0x96DF, 0x96FF, 0x96DF, 0x96FF, 0x96DF, 0x96DF, 0x96DF, 0x96DF, 0x96DF, 0x96DF, 0x96DF, 0x96DF, 0x96DF, 0x96DF, 0x96DF, 0x96DF,
    0x96DF, 0x9EDF, 0x9EDF, 0x9EDF, 0x9EDF, 0x9EBF, 0x9EBF, 0x9EDF, 0x9EBF, 0x9EBF, 0x9EBF, 0x9EBF, 0x9EBF, 0x9EBF, 0x9EBF, 0x9EBF,
    0x9EBF, 0x9EBF, 0x9EBF, 0x9EBF, 0x9EBF, 0x9EBF, 0xC6FF, 0xCEFF, 0xD6FE, 0xE71D, 0xE71D, 0xE71D, 0xE71D, 0xE71D, 0xE71D, 0xE71D,
    0xE71D, 0xE71D, 0xE71D, 0xE71C, 0xE71C, 0xE71D, 0xE71D, 0xE71D, 0xE71D, 0xE71D, 0xE71D, 0xE71D, 0xE71D, 0xE71D, 0xE71D, 0xE71D,
    0xE71D, 0xE71D, 0xE6FD, 0xE6FD, 0xDEFD, 0xDEFD, 0xDEFD, 0xDEFD, 0xDEFD, 0xDEFD, 0xDEFD, 0xDEFD, 0xDEFD, 0xDEFD, 0xD6DD, 0xD6DD,
    0xD6DD, 0xD6DD, 0xDEDD, 0xD6DD, 0xD6DD, 0xD6DD, 0xD6DD, 0xD6DD, 0xD6DD, 0xD6DD, 0xD6DD, 0xCEBD, 0xCEBD, 0xCEBD, 0xCE9D, 0xC69D,
    0xC67D, 0xBE9E, 0xBE7E, 0xBE7D, 0xBE5D, 0xBE7D, 0xC67D, 0xC67C, 0xC67C, 0xBE5C, 0xBE5D, 0xBE5D, 0xBE5D, 0xB63D, 0xB63D, 0xB65D,
    0xB67E, 0xB67E, 0xB67E, 0xB67E, 0xB67E, 0xAE3D, 0xA61D, 0xB63E, 0xBE5D, 0xBE7D, 0xBE7D, 0xBEBE, 0xB6BF, 0x9E9E, 0x8EBF, 0x8EBF,
    0x8EBF, 0x8EBF, 0x8EBF, 0x8EBF, 0x8EBF, 0x8E9F, 0x8EBF, 0x8EBF, 0x8EBF, 0x8EBF, 0x8EBF, 0x8EBF, 0x8E9F, 0x8E9F, 0x8E9F, 0x8EBF,
    0x8E9F, 0x8E9F, 0x8E9F, 0x8E9F, 0x8E9F, 0x8E9F, 0x8E9F, 0x8E9F, 0x8E9F, 0x8E9F, 0x869F, 0x8E9F, 0x867F, 0x8E9F, 0x867F, 0x867F,
    0x8E9F, 0x8E9F, 0x969F, 0x9EBF, 0x9EBF, 0x9EBF, 0x9EBF, 0x9EBF, 0x9EBF, 0x9EBF, 0x9EBF, 0x9EBF, 0x9EBF, 0x9EBF, 0x9EBF, 0x9EBF,
    0x9EBF, 0x9EBF, 0x9EBF, 0x9EBF, 0x9EBF, 0x9EBF, 0x9EBF, 0x9EBF, 0x9EBF, 0x9EBF, 0x9EBF, 0x9EBF, 0x9EBF, 0x9EBF, 0x9EBF, 0x9EBF,
    0x8EFF, 0x8EFF, 0x8EFF, 0x8F1F, 0x8F1F, 0x8EFF, 0x8EFF, 0x8EFF, 0x8EFF, 0x8EFF, 0x8EFF, 0x8EFF, 0x8EFF, 0x8EFF, 0x8EFF, 0x8EFF,
    0x8EFF, 0x8EFF, 0x8EFF, 0x8EFF, 0x8EFF, 0x8EFF, 0x8EFF, 0x8EFF, 0x8EFF, 0x8EFF, 0x8EFF, 0x96FF, 0x96FF, 0x96FF, 0x96FF, 0x96FF,
    0x96FF, 0x96FF, 0x96FF, 0x96FF, 0x96FF, 0x96FF, 0x96FF, 0x96DF, 0x96DF, 0x96DF, 0x96FF, 0x96DF, 0x96DF, 0x96DF, 0x96DF, 0x96DF,
    0x96DF, 0x96DF, 0x96DF, 0x96DF, 0x96DF, 0x96DF, 0x96DF, 0x96DF, 0x96DF, 0x96DF, 0x96DF, 0x96DF, 0x96DF, 0x96DF, 0x96DF, 0x9EDF,
    0x9EDF, 0x9EDF, 0x9EBF, 0x9EBF, 0x9EDF, 0x9EDF, 0x9EBF, 0x9EBF, 0x9EBF, 0x9EBF, 0x9EBF, 0x9EBF, 0x9EBF, 0x9EBF, 0x9EBF, 0x9EBF,
    0x9EBF, 0x9EBF, 0x9EBF, 0x9EBF, 0x9E9F, 0xB6DF, 0xCEFF, 0xD6FE, 0xE71D, 0xE71D, 0xE71D, 0xE71D, 0xE71D, 0xE71D, 0xDF1D, 0xE71D,
    0xE71D, 0xE71D, 0xE71C, 0xE71C, 0xE71D, 0xE71D, 0xE71D, 0xE71D, 0xE71D, 0xE71D, 0xE71D, 0xE6FD, 0xE71D, 0xE71D, 0xE71D, 0xE71D,
    0xE71D, 0xE71D, 0xE71D, 0xE71D, 0xE71D, 0xDF1D, 0xDF1D, 0xDF1D, 0xE73E, 0xDEFD, 0xDEFD, 0xDEFD, 0xDEFD, 0xDEFD, 0xD6DD, 0xD6DD,
    0xDEFD, 0xDEFD, 0xDEDD, 0xDEDD, 0xD6DD, 0xD6DD, 0xD6DD, 0xD6DD, 0xD6DD, 0xD6DD, 0xD6DD, 0xD6BD, 0xCEBD, 0xCEBD, 0xCE9D, 0xC69D,
    0xC69D, 0xBE7D, 0xBE7D, 0xBE7D, 0xBE7D, 0xBE5D, 0xC67D, 0xC67C, 0xC67C, 0xC65C, 0xBE5C, 0xBE5C, 0xBE5C, 0xBE5C, 0xB63C, 0xB63D,
    0xB65D, 0xB67E, 0xAE5E, 0xB65E, 0xB67E, 0xB67E, 0xAE3D, 0xA61D, 0xB63D, 0xBE5D, 0xBE5D, 0xBE7D, 0xBEBF, 0xAEBF, 0x969F, 0x8EBF,
    0x8EBF, 0x8EBF, 0x8EBF, 0x8EBF, 0x8EBF, 0x8EBF, 0x8E9F, 0x8EBF, 0x8EBF, 0x8EBF, 0x8E9F, 0x8E9F, 0x8EBF, 0x8EBF, 0x8EBF, 0x8E9F,
    0x8E9F, 0x8E9F, 0x8E9F, 0x8E9F, 0x8E9F, 0x8E9F, 0x8E9F, 0x8E9F, 0x8E9F, 0x867F, 0x8E9F, 0x869F, 0x869F, 0x867F, 0x867F, 0x867F,
    0x869F, 0x867E, 0x867F, 0x867F, 0x867F, 0x8E9F, 0x969F, 0x9EBF, 0x9EBF, 0x9EBF, 0x9EBF, 0x9EBF, 0x9EBF, 0x9EBF, 0x9EBF, 0x9EBF,
    0x9EBF, 0x9EBF, 0x9EBF, 0x9EBF, 0x9EBF, 0x9EBF, 0x9EBF, 0x9EBF, 0x9EBF, 0x9EBF, 0x9EBF, 0x9EBF, 0x9EBF, 0x9EBF, 0x9EBF, 0x9EBF,
    0x8EFF, 0x8F1F, 0x8F1F, 0x8F1F, 0x8F1F, 0x8EFF, 0x8EFF, 0x8EFF, 0x8EFF, 0x8EFF, 0x8EFF, 0x8EFF, 0x8EFF, 0x8EFF, 0x8EFF, 0x8EFF,
    0x8EFF, 0x8EFF, 0x8EFF, 0x8EFF, 0x8EFF, 0x8EFF, 0x96FF, 0x8EFF, 0x8EFF, 0x8EFF, 0x96FF, 0x96FF, 0x96FF, 0x96FF, 0x96FF, 0x96FF,
    0x96FF, 0x96FF, 0x96FF, 0x96FF, 0x96FF, 0x96FF, 0x96DF, 0x96FF, 0x96FF, 0x96DF, 0x96DF, 0x96DF, 0x96DF, 0x96DF, 0x96DF, 0x96DF,
    0x96DF, 0x96DF, 0xB73F, 0xEFFF, 0xEFFF, 0xB73F, 0x96DF, 0x96DF, 0x96DF, 0x96DF, 0x96DF, 0x96DF, 0x9EDF, 0x9EDF, 0x9EDF, 0x9EDF,
    0x9EBF, 0x9EDF, 0x9EDF, 0x9EBF, 0x9EBF, 0x9EBF, 0x9EDF, 0x9EBF, 0x9EBF, 0x9EBF, 0x9EBF, 0x9EBF, 0x9EBF, 0x9EBF, 0x9EBF, 0x9EBF,
    0x9EBF, 0x9EBF, 0x9EBF, 0x9EBF, 0xA6BE, 0xCEFF, 0xD6FE, 0xDF1D, 0xE71D, 0xE71D, 0xE71D, 0xE71D, 0xE71D, 0xDF1D, 0xE71D, 0xE71D,
    0xE71D, 0xE71C, 0xE71C, 0xE71D, 0xE71D, 0xE71D, 0xE71D, 0xE71D, 0xE71D, 0xE71D, 0xE6FD, 0xE71D, 0xE71D, 0xE71D, 0xE71D, 0xE71D,
    0xE71D, 0xE71D, 0xE71D, 0xE71D, 0xE71D, 0xE71D, 0xDEFD, 0xDEFD, 0xDEFD, 0xDEFD, 0xDEFD, 0xDEFD, 0xDEFD, 0xDEFD, 0xDEFD, 0xDEDD,
    0xDEFD, 0xDEFD, 0xDEFD, 0xDEFD, 0xDEFD, 0xDEDD, 0xD6DD, 0xD6DD, 0xD6DD, 0xD6DD, 0xD6DD, 0xD6BD, 0xCEBD, 0xCEBD, 0xCEBD, 0xCE9D,
    0xC69D, 0xC67D, 0xBE7D, 0xBE7D, 0xBE5D, 0xBE5D, 0xBE5D, 0xC67C, 0xC67C, 0xC67C, 0xC67C, 0xBE5C, 0xBE5C, 0xBE5C, 0xBE5C, 0xB63D,
    0xB63D, 0xB65E, 0xAE7E, 0xAE5E, 0xAE5E, 0xB67E, 0xB65D, 0xAE3D, 0xA61D, 0xB63D, 0xBE5D, 0xBE7D, 0xBE7D, 0xB6BF, 0xAEBF, 0x96BF,
    0x8EBF, 0x8EBF, 0x8EBF, 0x8EBF, 0x8EBF, 0x8EBF, 0x8EBF, 0x8EBF, 0x8EBF, 0x8EBF, 0x8E9F, 0x8EBF, 0x8EBF, 0x8EBF, 0x8E9F, 0x8EBF,
    0x8E9F, 0x8E9F, 0x8E9F, 0x8E9F, 0x8E9F, 0x8E9F, 0x8E9F, 0x8E9F, 0x8E9F, 0x8E9F, 0x8E9F, 0x8E9F, 0x867F, 0x869F, 0x867F, 0x869F,
    0x869F, 0x867F, 0x869F, 0x867F, 0x869F, 0x867F, 0x867F, 0x867F, 0x8E7F, 0x96BF, 0x9EBF, 0x9EBF, 0x9EBF, 0x9EBF, 0x9EBF, 0x9EBF,
    0x9EBF, 0x9EBF, 0x9EBF, 0x9EBF, 0x9EBF, 0x9EBF, 0x9EBF, 0x9EBF, 0x9EBF, 0x9EBF, 0x9EBF, 0x9EBF, 0x9EBF, 0x9EBF, 0x9EBF, 0x9EBF,
    0x8EFF, 0x8EFF, 0x8EFF, 0x8EFF, 0x8EFF, 0x8EFF, 0x8EFF, 0x8EFF, 0x8EFF, 0x8EFF, 0x8EFF, 0x8EFF, 0x8EFF, 0x8EFF, 0x8EFF, 0x8EFF,
    0x8EFF, 0x8EFF, 0x8EFF, 0x8EFF, 0x8EFF, 0x96FF, 0x8EFF, 0x8EFF, 0x8EFF, 0x96FF, 0x96DF, 0x96FF, 0x96FF, 0x96FF, 0x96FF, 0x96FF,
    0x96DF, 0x96FF, 0x96FF, 0x96FF, 0x96FF, 0x96DF, 0x96DF, 0x96DF, 0x96DF, 0x96DF, 0x96DF, 0x96DF, 0x96DF, 0x96DF, 0x96DF, 0x96DF,
    0x96DF, 0x9EFF, 0xEFFF, 0xF7FF, 0xF7FF, 0xEFFF, 0x9EDF, 0x96DF, 0x96DF, 0x96DF, 0x96DF, 0x9EDF, 0x9EDF, 0x9EDF, 0x9EBF, 0x9EBF,
    0x9EBF, 0x9EBF, 0x9EBF, 0x9EBF, 0x9EBF, 0x9EBF, 0x9EBF, 0x9EBF, 0x9EBF, 0x9EBF, 0x9EBF, 0x9EBF, 0x9EBF, 0x9EBF, 0x9EBF, 0x9EBF,
    0x9EBF, 0x9EBF, 0x9EBF, 0x9E9F, 0xC6FF, 0xCEFF, 0xDEFE, 0xE71D, 0xE71D, 0xE71D, 0xE71D, 0xE71D, 0xDF1D, 0xE71D, 0xE71D, 0xE71D,
    0xE71D, 0xEF1D, 0xE71D, 0xE71D, 0xE71D, 0xE71C, 0xE71C, 0xE71C, 0xE71C, 0xE71D, 0xE6FD, 0xE6FD, 0xE71D, 0xE71D, 0xE71D, 0xE71D,
    0xE71D, 0xE71D, 0xE71D, 0xE71D, 0xE71D, 0xE71D, 0xE71D, 0xE6FD, 0xDEFD, 0xDEFD, 0xDEFD, 0xDEFD, 0xDEFD, 0xDEFD, 0xDEDD, 0xDEFD,
    0xDEFD, 0xDEFD, 0xDEFD, 0xDEFD, 0xDEFD, 0xDEFD, 0xDEDD, 0xDEDD, 0xD6DD, 0xD6DD, 0xD6DD, 0xD6BD, 0xD6BD, 0xCEBD, 0xCEBD, 0xCE9D,
    0xC69D, 0xC69D, 0xBE7D, 0xBE7D, 0xBE5D, 0xBE5D, 0xBE5D, 0xC65C, 0xC67C, 0xC67C, 0xC67C, 0xC65C, 0xBE5C, 0xBE5C, 0xBE5C, 0xBE5C,
    0xB63C, 0xB63D, 0xAE5E, 0xAE7E, 0xAE7E, 0xB65E, 0xB65E, 0xB65D, 0xAE3D, 0xAE3D, 0xB65D, 0xBE5D, 0xBE7D, 0xBE7E, 0xB6BF, 0x9E9E,
    0x8EBF, 0x8EBF, 0x8EBF, 0x8EBF, 0x8E9F, 0x8EBF, 0x8EBF, 0x8EBF, 0x8EBF, 0x8EBF, 0x8EBF, 0x8E9F, 0x8EBF, 0x8E9F, 0x8EBF, 0x8E9F,
    0x8E9F, 0x8E9F, 0x8E9F, 0x8E9F, 0x8E9F, 0x8E9F, 0x8E9F, 0x8E9F, 0x8E9F, 0x869F, 0x869F, 0x867F, 0x869F, 0x869F, 0x869F, 0x867F,
    0x867F, 0x869F, 0x867F, 0x867F, 0x867F, 0x867F, 0x867F, 0x867F, 0x867F, 0x867F, 0x867F, 0x8E9F, 0x96BF, 0x9EBF, 0x9EBF, 0x9EBF,
    0x9EBF, 0x9EBF, 0x9EBF, 0x9EBF, 0x9EBF, 0x9EBF, 0x9EBF, 0x9EBF, 0x9EBF, 0x9EBF, 0x9EBF, 0x9EBF, 0x9EBF, 0x9EBF, 0x9EBF, 0x9EBF,
    0x96FF, 0x8EFF, 0x8EFF, 0x8EFF, 0x8EFF, 0x8EFF, 0x8EFF, 0x8EFF, 0x8F1F, 0x8EFF, 0x8EFF, 0x8EFF, 0x8EFF, 0x8EFF, 0x8EFF, 0x8EFF,
    0x8EFF, 0x8EFF, 0x8EFF, 0x96FF, 0x96FF, 0x96FF, 0x96FF, 0x96FF, 0x96FF, 0x96FF, 0x96FF, 0x96FF, 0x96FF, 0x96FF, 0x96FF, 0x96FF,
    0x96FF, 0x96FF, 0x96FF, 0x96DF, 0x96DF, 0x96DF, 0x96DF, 0x96DF, 0x96DF, 0x96DF, 0x96DF, 0x96DF, 0x96DF, 0x96FF, 0x96DF, 0x96DF,
    0x96DF, 0xBF5F, 0xF7FF, 0xF7FF, 0xF7FF, 0xF7FF, 0xBF5F, 0x9EDF, 0x96DF, 0x9EDF, 0x9EDF, 0x9EBF, 0x9EDF, 0x9EDF, 0x9EBF, 0x9EBF,
    0x9EBF, 0x9EBF, 0x9EBF, 0x9EBF, 0x9EBF, 0x9EBF, 0x9EBF, 0x9EBF, 0x9EBF, 0x9EBF, 0x9EBF, 0x9EBF, 0x9EBF, 0x9EBF, 0x9EBF, 0x9EBF,
    0x9EBF, 0x9EBF, 0x9EBF, 0xBEDF, 0xCEFF, 0xD6FE, 0xE6FD, 0xE71D, 0xE71D, 0xE71D, 0xDF1D, 0xDF1D, 0xE71D, 0xE71D, 0xE71D, 0xE71D,
    0xE71D, 0xE71D, 0xE71D, 0xE71D, 0xE71C, 0xE71D, 0xE71C, 0xE71D, 0xE71C, 0xE71C, 0xE6FD, 0xE71D, 0xE71D, 0xE71D, 0xE71D, 0xE71D,
    0xE71D, 0xE71D, 0xE71D, 0xE71C, 0xE71C, 0xE71C, 0xE71C, 0xE6FC, 0xE6FD, 0xDEFD, 0xDEFD, 0xDEFD, 0xDEDD, 0xDEFD, 0xDEDD, 0xDEDD,
    0xDEFD, 0xDEFD, 0xDEFD, 0xDEDD, 0xDEDD, 0xDEDD, 0xDEFD, 0xDEDD, 0xDEDD, 0xD6DD, 0xD6DD, 0xD6BD, 0xD6BD, 0xCEBD, 0xCEBD, 0xCE9D,
    0xCE9D, 0xC69D, 0xC67D, 0xBE7D, 0xBE5D, 0xBE3D, 0xBE5D, 0xC65C, 0xC67C, 0xC67C, 0xC67C, 0xC67C, 0xC65C, 0xBE5C, 0xBE5C, 0xBE5C,
    0xBE3D, 0xB63D, 0xB63D, 0xAE5E, 0xAE7E, 0xAE5E, 0xB65E, 0xB65E, 0xB65D, 0xAE1D, 0xAE1D, 0xB65D, 0xBE5D, 0xBE7D, 0xBE9E, 0xB6BF,
    0x969F, 0x8EBF, 0x8EBF, 0x8EBF, 0x8EBF, 0x8EBF, 0x8EBF, 0x8EBF, 0x8EBF, 0x8EBF, 0x8E9F, 0x8EBF, 0x8EBF, 0x8EBF, 0x8E9F, 0x8E9F,
    0x8E9F, 0x8E9F, 0x8E9F, 0x8E9F, 0x8E9F, 0x8E9F, 0x8E9F, 0x8E9F, 0x8E9F, 0x869F, 0x869F, 0x869F, 0x869F, 0x869F, 0x869F, 0x869F,
    0x869F, 0x869F, 0x867F, 0x867F, 0x867F, 0x867F, 0x867F, 0x867F, 0x867F, 0x867F, 0x867F, 0x867F, 0x867F, 0x867F, 0x8E9F, 0x9EBF,
    0x9EBF, 0x9EBF, 0x9EBF, 0x9EBF, 0x9EBF, 0x9EBF, 0x9EBF, 0x9EBF, 0x9EBF, 0x9EBF, 0x9EBF, 0x9EBF, 0x9EBF, 0x9EBF, 0x9EBF, 0x9EBF,
    0x9EBF, 0x8EFF, 0x8EFF, 0x8EFF, 0x8EFF, 0x8EFF, 0x8EFF, 0x8EFF, 0x8EFF, 0x8EFF, 0x8EFF, 0x8EFF, 0x8EFF, 0x8EFF, 0x8EFF, 0x96FF,
    0x8EFF, 0x96FF, 0x96FF, 0x96FF, 0x96FF, 0x96FF, 0x96FF, 0x96FF, 0x96FF, 0x96FF, 0x96FF, 0x96FF, 0x96FF, 0x96FF, 0x96FF, 0x96FF,
    0x96FF, 0x96DF, 0x96DF, 0x96DF, 0x96DF, 0x96DF, 0x96DF, 0x96DF, 0x96DF, 0x96DF, 0x96DF, 0x96DF, 0x96DF, 0x96DF, 0x96DF, 0x96DF,
    0x96DF, 0xDFBF, 0xF7FF, 0xF7FF, 0xF7FF, 0xF7FF, 0xE7BF, 0x9EDF, 0x96BF, 0x9EDF, 0x9EDF, 0x9EDF, 0x9EBF, 0x9EBF, 0x9EBF, 0x9EBF,
    0x9EBF, 0x9EBF, 0x9EBF, 0x9EBF, 0x9EBF, 0x9EBF, 0x9EBF, 0x9EBF, 0x9EBF, 0x9EBF, 0x9EBF, 0x9EBF, 0x9EBF, 0x9EBF, 0x9EBF, 0x9EBF,
    0x9EBF, 0x9EBF, 0xA6BE, 0xC6FF, 0xCEFE, 0xDEFD, 0xE71D, 0xE71D, 0xE71D, 0xDF1D, 0xDF1D, 0xE71D, 0xE71D, 0xE71D, 0xE71D, 0xE71D,
    0xE71D, 0xE71D, 0xEF1D, 0xEF1D, 0xEF1D, 0xE71D, 0xE71D, 0xE71D, 0xE71C, 0xE71C, 0xE71D, 0xE71C, 0xE71C, 0xE71C, 0xE71C, 0xE71C,
    0xE71C, 0xE71C, 0xE71C, 0xE71C, 0xE6FC, 0xE6FC, 0xE6FC, 0xE6FC, 0xDEFC, 0xDEFD, 0xDEFD, 0xDEFD, 0xDEFD, 0xDEDD, 0xDEDD, 0xDEDD,
    0xDEFD, 0xDEFC, 0xDEFC, 0xDEFC, 0xDEDC, 0xDEFD, 0xDEFD, 0xDEDD, 0xDEDD, 0xDEDD, 0xD6DD, 0xD6BD, 0xD6BD, 0xD6BD, 0xCEBD, 0xCE9D,
    0xCE9D, 0xC69D, 0xC67D, 0xBE7D, 0xBE5D, 0xBE3C, 0xBE3D, 0xBE5C, 0xC65C, 0xC67C, 0xC67C, 0xC67C, 0xC65C, 0xC65C, 0xBE5C, 0xBE5C,
    0xBE3C, 0xB63C, 0xB63D, 0xB65D, 0xAE5E, 0xAE7E, 0xAE5E, 0xB65E, 0xB65D, 0xB65D, 0xA61C, 0xAE3D, 0xBE5D, 0xBE7D, 0xC67D, 0xBEBF,
    0xA6BF, 0x8EBF, 0x8EBF, 0x8EBF, 0x8EBF, 0x8EBF, 0x8EBF, 0x8EBF, 0x8EBF, 0x8EBF, 0x8EBF, 0x8EBF, 0x8EBF, 0x8E9F, 0x8E9F, 0x8E9F,
    0x8E9F, 0x8E9F, 0x8E9F, 0x8E9F, 0x8E9F, 0x8E9F, 0x8E9F, 0x8E9F, 0x869F, 0x869F, 0x869F, 0x869F, 0x869F, 0x867F, 0x869F, 0x869F,
    0x867F, 0x867F, 0x867F, 0x867F, 0x867F, 0x867F, 0x867F, 0x867F, 0x867F, 0x867F, 0x867F, 0x867F, 0x867F, 0x867F, 0x865F, 0x865F,
    0x8E7F, 0x969F, 0x9EBF, 0x9EBF, 0x9EBF, 0x9EBF, 0x9EBF, 0x9EBF, 0x9EBF, 0x9EBF, 0x9EBF, 0x9EBF, 0x9EBF, 0x9EBF, 0x9EBF, 0x9EBF,
    0x9EBF, 0x96DF, 0x8EFF, 0x8EFF, 0x8EFF, 0x8EFF, 0x8EFF, 0x8EFF, 0x8EFF, 0x8EFF, 0x8EFF, 0x8EFF, 0x8EFF, 0x8EFF, 0x96FF, 0x96FF,
    0x96FF, 0x96FF, 0x96FF, 0x96FF, 0x96FF, 0x96FF, 0x96FF, 0x96FF, 0x96FF, 0x96FF, 0x96FF, 0x96FF, 0x96FF, 0x96FF, 0x96DF, 0x96FF,
    0x96DF, 0x96DF, 0x96DF, 0x96DF, 0x96DF, 0x96DF, 0x96DF, 0x96DF, 0x96DF, 0x96DF, 0x96DF, 0x96DF, 0x96DF, 0x96DF, 0x96DF, 0x96DF,
    0xA6FF, 0xF7FF, 0xF7FF, 0xF7FF, 0xF7FF, 0xF7FF, 0xF7FF, 0xA6FF, 0x9EDF, 0x9EDF, 0x9EBF, 0x9EBF, 0x9EBF, 0x9EBF, 0x9EBF, 0x9EBF,
    0x9EBF, 0x9EBF, 0x9EBF, 0x9EBF, 0x9EBF, 0x9EBF, 0x9EBF, 0x9EBF, 0x9EBF, 0x9EBF, 0x9EBF, 0x9EBF, 0x9EBF, 0x9EBF, 0x9EBF, 0x9EBF,
    0x9EBF, 0x9EBF, 0xBEFF, 0xCEDE, 0xD6FE, 0xE6FC, 0xE71D, 0xE71D, 0xE71D, 0xDF1D, 0xE71D, 0xE71D, 0xE71D, 0xE71D, 0xE71D, 0xE71D,
    0xE71D, 0xEF1D, 0xEF1D, 0xEF1D, 0xEF1D, 0xEF1D, 0xE71D, 0xE71C, 0xE71C, 0xE71C, 0xE71C, 0xE71C, 0xE71C, 0xE71C, 0xE71C, 0xE71C,
    0xE71C, 0xE71C, 0xE71C, 0xE71C, 0xE71C, 0xE6FC, 0xE6FC, 0xE6FC, 0xDEFC, 0xDEFC, 0xDEFC, 0xDEFC, 0xDEFC, 0xDEDC, 0xDEDC, 0xDEDC,
    0xDEFC, 0xE6FC, 0xDEFC, 0xDEFC, 0xDEDC, 0xDEDC, 0xDEFD, 0xDEDD, 0xDEDD, 0xDEDD, 0xD6DD, 0xD6BD, 0xD6BD, 0xD6BD, 0xCEBD, 0xCE9D,
    0xCE9D, 0xCE9D, 0xC67D, 0xC67D, 0xBE5D, 0xBE3C, 0xBE3C, 0xBE5C, 0xC65C, 0xC67C, 0xC67C, 0xC67C, 0xC65C, 0xC65C, 0xC65C, 0xBE5C,
    0xBE5C, 0xBE3C, 0xB63C, 0xB63D, 0xAE5D, 0xAE5E, 0xAE5E, 0xAE5E, 0xB65E, 0xB65D, 0xB65D, 0xA61C, 0xB63D, 0xBE5D, 0xBE7D, 0xBE7E,
    0xB6BF, 0x9E9F, 0x8EBF, 0x8EBF, 0x8EBF, 0x8EBF, 0x8EBF, 0x8EBF, 0x8EBF, 0x8EBF, 0x8EBF, 0x8EBF, 0x8E9F, 0x8E9F, 0x8E9F, 0x8E9F,
    0x8E9F, 0x8E9F, 0x8E9F, 0x8E9F, 0x8E9F, 0x8E9F, 0x8E9F, 0x869F, 0x869F, 0x8E9F, 0x869F, 0x8E9F, 0x869F, 0x869F, 0x869F, 0x869F,
    0x867F, 0x867F, 0x867F, 0x867F, 0x867F, 0x867F, 0x867F, 0x867F, 0x867F, 0x867F, 0x867F, 0x867F, 0x867F, 0x867F, 0x867F, 0x865F,
    0x865F, 0x865F, 0x867F, 0x969F, 0x9EBF, 0x9EBF, 0x9EBF, 0x9EBF, 0x9EBF, 0x9EBF, 0x9EBF, 0x9EBF, 0x9EBF, 0x9EDF, 0x9EBF, 0x9EDF,
    0x9EBF, 0x9EBF, 0x8EFF, 0x8EFF, 0x8EFF, 0x8EFF, 0x8EFF, 0x8EFF, 0x8EFF, 0x8EFF, 0x8EFF, 0x8EFF, 0x8EFF, 0x96FF, 0x96FF, 0x96FF,
    0x96FF, 0x96FF, 0x96FF, 0x96FF, 0x96DF, 0x96FF, 0x96DF, 0x96FF, 0x96FF, 0x96DF, 0x96DF, 0x96DF, 0x96DF, 0x96DF, 0x96FF, 0x96DF,
    0x96DF, 0x96DF, 0x96DF, 0x96DF, 0x96DF, 0x96DF, 0x96DF, 0x96DF, 0x96DF, 0x96DF, 0x96DF, 0x96DF, 0x96DF, 0x96DF, 0x96DF, 0x96BF,
    0xC75F, 0xEFFE, 0xEFDE, 0xEFDE, 0xEFDE, 0xEFDE, 0xEFFE, 0xC75F, 0x9EBF, 0x9EBF, 0x9EBF, 0x9EBF, 0x9EBF, 0x9EBF, 0x9EBF, 0x9EBF,
    0x9EBF, 0x9EBF, 0x9EBF, 0x9EBF, 0x9EBF, 0x9EBF, 0x9EBF, 0x9EBF, 0x9EBF, 0x9EBF, 0x9EBF, 0x9EBF, 0x9EBF, 0x9EBF, 0x9EBF, 0x9EBF,
    0x9EBF, 0xAEBE, 0xCEFF, 0xD6FE, 0xE6FD, 0xE71D, 0xE71D, 0xE71D, 0xDF1D, 0xE71D, 0xE71D, 0xE71D, 0xE71D, 0xE71D, 0xE71D, 0xE71D,
    0xEF1D, 0xEF1D, 0xEF1D, 0xEF1D, 0xEF1D, 0xEF1C, 0xE71C, 0xE71C, 0xE6FC, 0xE71C, 0xE71C, 0xE71C, 0xEF1D, 0xE71D, 0xE71C, 0xE71C,
    0xE71C, 0xE71C, 0xE71C, 0xE71C, 0xE6FC, 0xE6FC, 0xE6FC, 0xE6FC, 0xE6FC, 0xDEFC, 0xDEFC, 0xDEDC, 0xDEDC, 0xDEDC, 0xDEDC, 0xDEDC,
    0xE6FC, 0xE6FC, 0xE6FC, 0xE6FC, 0xDEFC, 0xDEDC, 0xDEFC, 0xDEDD, 0xDEDD, 0xDEDD, 0xDEDD, 0xD6BD, 0xD6BD, 0xD6BD, 0xD6BD, 0xCE9D,
    0xCE9D, 0xCE9D, 0xC67D, 0xC67D, 0xBE5D, 0xBE3C, 0xB63C, 0xBE3C, 0xBE5C, 0xC67C, 0xCE7C, 0xC67C, 0xC67C, 0xC67C, 0xC65C, 0xBE5C,
    0xBE5C, 0xBE3C, 0xBE3C, 0xB63C, 0xB63D, 0xAE5E, 0xAE5E, 0xAE5E, 0xAE5E, 0xB65E, 0xB63D, 0xB65D, 0xA5FC, 0xB65D, 0xBE5D, 0xBE5D,
    0xBE9E, 0xAEBF, 0x8E9E, 0x8EBF, 0x8EBF, 0x8EBF, 0x8EBF, 0x8EBF, 0x8EBF, 0x8EBF, 0x8E9F, 0x8E9F, 0x8E9F, 0x8E9F, 0x8E9F, 0x8E9F,
    0x8E9F, 0x8E9F, 0x8E9F, 0x8E9F, 0x8E9F, 0x869F, 0x8E9F, 0x869F, 0x869F, 0x8E9F, 0x869F, 0x869F, 0x869F, 0x869F, 0x867F, 0x867F,
    0x867F, 0x867F, 0x867F, 0x867F, 0x867F, 0x867F, 0x867F, 0x867F, 0x867F, 0x867F, 0x867F, 0x867F, 0x865E, 0x865F, 0x865E, 0x865F,
    0x865F, 0x865F, 0x865E, 0x865F, 0x865F, 0x8E7F, 0x9EBF, 0x9EBF, 0x9EBF, 0x9EBF, 0x9EBF, 0x9EBF, 0x9EBF, 0x9EBF, 0x9EBF, 0x9EBF,
    0x9EBF, 0x9EBF, 0x9EBF, 0x96FF, 0x8EFF, 0x8EFF, 0x8EFF, 0x8EFF, 0x96FF, 0x96FF, 0x96FF, 0x8EFF, 0x96FF, 0x96FF, 0x96FF, 0x96FF,
    0x96FF, 0x96FF, 0x96FF, 0x96DF, 0x96FF, 0x96DF, 0x96FF, 0x96FF, 0x96DF, 0x96FF, 0x96DF, 0x96FF, 0x96FF, 0x96DF, 0x96DF, 0x96DF,
    0x96DF, 0x96DF, 0x96DF, 0x96DF, 0x96DF, 0x96DF, 0x96DF, 0x96DF, 0x96DF, 0x96DF, 0x96DF, 0x96DF, 0x96DF, 0x9EDF, 0x96BF, 0x9EDF,
    0xE7BE, 0xEFDE, 0xEFDE, 0xEFDE, 0xEFDE, 0xEFDE, 0xEFDE, 0xE7BE, 0x9EBF, 0x9EBF, 0x9EBF, 0x9EBF, 0x9EBF, 0x9EBF, 0x9EBF, 0x9EBF,
    0x9EBF, 0x9EBF, 0x9EBF, 0x9EBF, 0x9EBF, 0x9EBF, 0x9EBF, 0x9EBF, 0x9EBF, 0x9EBF, 0x9EBF, 0x9EBF, 0x9EBF, 0x9EBF, 0x9EBF, 0x9EBF,
    0x9EBF, 0xBEDF, 0xCEDE, 0xDEFE, 0xE6FD, 0xE71D, 0xE71D, 0xDF1D, 0xE71D, 0xE71D, 0xE71D, 0xE71D, 0xE71C, 0xE71D, 0xE71D, 0xEF1D,
    0xEF1D, 0xEF1D, 0xEF1D, 0xEF1D, 0xEF1D, 0xEF1C, 0xEF1C, 0xE71C, 0xE6FC, 0xE71C, 0xE71C, 0xEF1D, 0xEF1D, 0xEF1D, 0xEF1D, 0xEF1C,
    0xEF1C, 0xE71C, 0xE71C, 0xE6FC, 0xE6FC, 0xE6FC, 0xE6FC, 0xE6FC, 0xE6FC, 0xE6FD, 0xDEDC, 0xDEDC, 0xDEDC, 0xDEDC, 0xDEDC, 0xDEDC,
    0xE6FC, 0xE6FC, 0xE6FC, 0xE6FC, 0xE6FC, 0xDEFC, 0xDEFD, 0xDEDC, 0xDEDC, 0xDEDD, 0xDEDD, 0xD6BD, 0xD6BD, 0xCEBD, 0xCE9D, 0xCE9D,
    0xCE9D, 0xCE9D, 0xC67D, 0xC67D, 0xBE5D, 0xBE3C, 0xB63C, 0xB63C, 0xBE3C, 0xC65C, 0xCE7C, 0xCE7C, 0xCE7C, 0xC67C, 0xC65C, 0xC65C,
    0xBE5C, 0xBE3C, 0xBE3C, 0xB63C, 0xB63D, 0xAE3D, 0xAE5E, 0xAE5E, 0xAE5E, 0xAE5E, 0xB65E, 0xB65D, 0xAE3D, 0xAE1C, 0xBE5D, 0xBE5D,
    0xBE7D, 0xB6BF, 0x9E9F, 0x8EBF, 0x8EBF, 0x8EBF, 0x8EBF, 0x8EBF, 0x8EBF, 0x8EBF, 0x8E9F, 0x8E9F, 0x8E9F, 0x8E9F, 0x8E9F, 0x8E9F,
    0x8E9F, 0x8E9F, 0x8E9F, 0x8E9F, 0x8E9F, 0x8E9F, 0x8E9F, 0x8E9F, 0x8E9F, 0x8E9F, 0x869F, 0x869F, 0x869F, 0x869F, 0x867F, 0x867F,
    0x869F, 0x867F, 0x867F, 0x867F, 0x867F, 0x867F, 0x867F, 0x867F, 0x867F, 0x867F, 0x867F, 0x865F, 0x865F, 0x865F, 0x865F, 0x865F,
    0x865F, 0x865F, 0x865E, 0x865F, 0x865F, 0x865E, 0x865F, 0x8E7F, 0x9E9F, 0x9EBF, 0x9EBF, 0x9EBF, 0x9EBF, 0x9EDF, 0x9EBF, 0x9EBF,
    0x9EBF, 0x9EBF, 0x9EBF, 0x9EDF, 0x8EFF, 0x8EFF, 0x8EFF, 0x96FF, 0x96FF, 0x96FF, 0x8EFF, 0x96FF, 0x96FF, 0x96FF, 0x96FF, 0x96FF,
    0x96FF, 0x96DF, 0x96DF, 0x96DF, 0x96DF, 0x96DF, 0x96DF, 0x96DF, 0x96DF, 0x96FF, 0x96FF, 0x96DF, 0x96DF, 0x96DF, 0x96DF, 0x96DF,
    0x96DF, 0x96DF, 0x96DF, 0x96DF, 0x96DF, 0x96DF, 0x96DF, 0x96DF, 0x96DF, 0x96DF, 0x96DF, 0x96DF, 0x96DF, 0x96BF, 0x9EDF, 0xB71F,
    0xEFDE, 0xEFDE, 0xEFDE, 0xEFDE, 0xEFDE, 0xEFDE, 0xEFDE, 0xEFDE, 0xB71F, 0x9EBF, 0x9EBF, 0x9EBF, 0x9EBF, 0x9EBF, 0x9EBF, 0x9EBF,
    0x9EBF, 0x9EBF, 0x9EBF, 0x9EBF, 0x9EBF, 0x9EBF, 0x9EBF, 0x9EBF, 0x9EBF, 0x9EBF, 0x9EBF, 0x9EBF, 0x9EBF, 0x9EBF, 0x9EBF, 0x9EBF,
    0xAEBF, 0xC6DF, 0xD6FE, 0xE6FD, 0xE71D, 0xE71D, 0xDF1D, 0xE71D, 0xE71D, 0xE71D, 0xE71D, 0xE71C, 0xE71D, 0xE71D, 0xEF1D, 0xEF1D,
    0xEF1D, 0xEF1D, 0xEF1C, 0xEF1C, 0xEF1C, 0xEF1C, 0xEF1C, 0xEF1C, 0xE6FC, 0xE6FC, 0xEF1C, 0xEF1D, 0xEF1D, 0xEF1D, 0xEF1D, 0xEF1C,
    0xEF1C, 0xEEFC, 0xE6FC, 0xE6FC, 0xE6FC, 0xE6FC, 0xE6FC, 0xE6FC, 0xE6FC, 0xE6FD, 0xDEDC, 0xDEDC, 0xDEDC, 0xDEDC, 0xDEBC, 0xE6DC,
    0xE6FC, 0xE6FC, 0xE6FC, 0xE6FC, 0xE6FC, 0xDEFC, 0xDEFC, 0xDEDC, 0xDEDC, 0xDEDD, 0xDEDD, 0xD6BD, 0xCF1E, 0xC77F, 0xCEBD, 0xCE9D,
    0xCE9D, 0xCE9D, 0xC67D, 0xC65D, 0xBE5C, 0xBE3C, 0xB63C, 0xB63C, 0xB63C, 0xC65C, 0xCE7C, 0xCE7C, 0xCE7D, 0xC67D, 0xC65C, 0xC65C,
    0xBE5C, 0xBE5C, 0xBE3C, 0xB63C, 0xB63D, 0xB63D, 0xAE3D, 0xAE5E, 0xAE5E, 0xAE5E, 0xAE5E, 0xB65D, 0xB65D, 0xAE1C, 0xB63D, 0xBE5D,
    0xBE5D, 0xBE9E, 0xAEBF, 0x969F, 0x8EBF, 0x8EBF, 0x8EBF, 0x8EBF, 0x8E9F, 0x8E9F, 0x8EBF, 0x8E9F, 0x8E9F, 0x8E9F, 0x8E9F, 0x8E9F,
    0x8E9F, 0x8E9F, 0x8E9F, 0x8E9F, 0x8E9F, 0x8E9F, 0x8E9F, 0x8E9F, 0x869F, 0x869F, 0x869F, 0x869F, 0x867F, 0x869F, 0x867F, 0x867F,
    0x867F, 0x867F, 0x867F, 0x867F, 0x867F, 0x867F, 0x867F, 0x867F, 0x867F, 0x867F, 0x865F, 0x865F, 0x865E, 0x865F, 0x865E, 0x865F,
    0x865E, 0x865F, 0x865E, 0x865F, 0x865E, 0x865F, 0x865E, 0x865F, 0x865F, 0x8E7F, 0x9EBF, 0x9EBF, 0x9EBF, 0x9EBF, 0x9EBF, 0x9EBF,
    0x9EBF, 0x9EBF, 0x9EBF, 0x9EBF, 0x96DF, 0x8EFF, 0x96FF, 0x96FF, 0x96FF, 0x96FF, 0x96FF, 0x96FF, 0x96FF, 0x96FF, 0x96FF, 0x96FF,
    0x96DF, 0x96DF, 0x96DF, 0x96DF, 0x96FF, 0x96DF, 0x96FF, 0x96FF, 0x96DF, 0x96FF, 0x96DF, 0x96DF, 0x96DF, 0x96DF, 0x96DF, 0x96DF,
    0x96DF, 0x96DF, 0x96DF, 0x96DF, 0x96DF, 0x96DF, 0x96DF, 0x9EDF, 0x96DF, 0x96DF, 0x96DF, 0x9EBF, 0x9EBF, 0x9EDF, 0x9EDF, 0xD77E,
    0xEFDE, 0xEFDE, 0xEFDD, 0xEFDD, 0xEFDD, 0xEFDD, 0xEFDE, 0xEFDE, 0xD77E, 0x9EBF, 0x9EBF, 0x9EBF, 0x9EBF, 0x9EBF, 0x9EBF, 0x9EBF,
    0x9EBF, 0x9EBF, 0x9EBF, 0x9EBF, 0x9EBF, 0x9EBF, 0x9EBF, 0x9EBF, 0x9EBF, 0x9EBF, 0x9EBF, 0x9EBF, 0x9EBF, 0x9EBF, 0x9EBF, 0x9E9F,
    0xBEDF, 0xCEDE, 0xDEFD, 0xE6FC, 0xE71D, 0xDF1D, 0xE71D, 0xE71D, 0xE71D, 0xE71D, 0xE71C, 0xE71D, 0xE71C, 0xE71D, 0xEF1D, 0xEF1C,
    0xEF3C, 0xEF3C, 0xEF3C, 0xEF3C, 0xEF1C, 0xEF1C, 0xEF1C, 0xE6FC, 0xE6FC, 0xEF1C, 0xEF1C, 0xEF3C, 0xEF3D, 0xEF1D, 0xEF1C, 0xEF1C,
    0xEF1C, 0xEF1C, 0xEEFC, 0xE6FC, 0xE6FC, 0xE6FC, 0xE6FC, 0xE6FC, 0xE6FC, 0xE6DC, 0xDEDC, 0xDEDC, 0xDEDC, 0xDEBC, 0xDEBC, 0xE6DC,
    0xE6FC, 0xE6FC, 0xE6FC, 0xE6FC, 0xE6FC, 0xE6FC, 0xDEFC, 0xDEDC, 0xDEDC, 0xDEDC, 0xDEDC, 0xD6BD, 0xD6FE, 0xC77F, 0xCEBE, 0xCE9D,
    0xCE9D, 0xCE9D, 0xC67D, 0xC67D, 0xBE5C, 0xBE3C, 0xB63C, 0xB61C, 0xB63C, 0xBE3C, 0xC67C, 0xCE7C, 0xCE9D, 0xC69E, 0xC67C, 0xC65C,
    0xC65D, 0xBE5C, 0xBE3C, 0xBE3C, 0xB63C, 0xB63D, 0xAE3D, 0xAE5E, 0xAE5E, 0xAE5E, 0xAE3E, 0xAE5E, 0xB65D, 0xB65D, 0xA5FC, 0xBE5D,
    0xBE5D, 0xBE7D, 0xB6BF, 0xA6BF, 0x8EBF, 0x8EBF, 0x8EBF, 0x8E9F, 0x8E9F, 0x8EBF, 0x8EBF, 0x8E9F, 0x8E9F, 0x8E9F, 0x8E9F, 0x8EBF,
    0x8E9F, 0x8E9F, 0x8E9F, 0x8E9F, 0x8E9F, 0x8E9F, 0x8E9F, 0x8E9F, 0x869F, 0x869F, 0x869F, 0x869F, 0x869F, 0x869F, 0x867F, 0x869F,
    0x867F, 0x867F, 0x867F, 0x867F, 0x867F, 0x867F, 0x867F, 0x867F, 0x867F, 0x865F, 0x867F, 0x865F, 0x867F, 0x865F, 0x865F, 0x865F,
    0x865F, 0x865F, 0x865F, 0x865F, 0x865F, 0x865F, 0x865E, 0x865F, 0x863F, 0x7E3F, 0x865F, 0x967F, 0x9EBF, 0x9EBF, 0x9EBF, 0x9EBF,
    0x9EBF, 0x9EBF, 0x9EBF, 0x9EBF, 0x9EBF, 0x96DF, 0x96DF, 0x96FF, 0x96DF, 0x96FF, 0x96FF, 0x96FF, 0x96FF, 0x96FF, 0x96DF, 0x96DF,
    0x96DF, 0x96FF, 0x96DF, 0x96FF, 0x96DF, 0x96DF, 0x96DF, 0x96DF, 0x96DF, 0x96DF, 0x96DF, 0x96DF, 0x96DF, 0x96DF, 0x96DF, 0x96DF,
    0x96DF, 0x96DF, 0x96DF, 0x96DF, 0x96DF, 0x96DF, 0x96DF, 0x96DF, 0x96DF, 0x9EBF, 0x9EDF, 0x9EBF, 0x9EBF, 0x9EBF, 0x9EBF, 0xEFBD,
    0xEFBD, 0xEFBD, 0xEFBD, 0xEFBD, 0xEFBD, 0xEFBD, 0xEFBD, 0xEFBD, 0xEFBE, 0x9EBF, 0x9EBF, 0x9EBF, 0x9EBF, 0x9EBF, 0x9EBF, 0x9EBF,
    0x9EBF, 0x9EBF, 0x9EBF, 0x9EBF, 0x9EBF, 0x9EBF, 0x9EBF, 0x9EBF, 0x9EBF, 0x9EBF, 0x9EBF, 0x9EBF, 0x9EBF, 0x9EBF, 0x9EBF, 0xAEDF,
    0xC6DE, 0xCEDE, 0xE6FC, 0xE71D, 0xDF1D, 0xDF1D, 0xE71D, 0xE71D, 0xE71D, 0xE71D, 0xE71C, 0xE71C, 0xE71C, 0xEF1C, 0xEF1C, 0xEF3C,
    0xEF3C, 0xEF3C, 0xF73C, 0xEF3C, 0xEF1C, 0xEF1C, 0xEEFC, 0xE6FC, 0xE6FC, 0xEF1C, 0xEF3C, 0xEF3C, 0xEF3D, 0xEF1D, 0xEF3C, 0xEF1C,
    0xEF1C, 0xEF1C, 0xEEFC, 0xE6FC, 0xE6FC, 0xE6FC, 0xE6FC, 0xE6FC, 0xE6FC, 0xE6DC, 0xDEDC, 0xDEDC, 0xDEDC, 0xD6BC, 0xDEBC, 0xE6DC,
    0xEF1C, 0xEF1C, 0xE6FC, 0xE6FC, 0xE6FC, 0xE6FC, 0xE6DC, 0xDEDC, 0xDEDC, 0xDEDC, 0xDEDC, 0xD6BC, 0xD6BD, 0xD6BD, 0xD69D, 0xCE9D,
    0xCE9D, 0xCE9D, 0xC67D, 0xC65D, 0xBE5C, 0xBE3C, 0xB63C, 0xB61C, 0xB61C, 0xBE3C, 0xC65C, 0xCE7C, 0xCE7C, 0xCE9D, 0xC67C, 0xC67C,
    0xC65D, 0xBE5D, 0xBE3C, 0xBE3C, 0xB63C, 0xB63D, 0xB63D, 0xAE3D, 0xAE5E, 0xAE5E, 0xAE3E, 0xAE3E, 0xB65E, 0xB65D, 0xAE3D, 0xAE1C,
    0xBE5D, 0xBE5D, 0xBE9E, 0xAEBF, 0x8E9F, 0x8E9F, 0x8EBF, 0x8EBF, 0x8E9F, 0x8EBF, 0x8E9F, 0x8E9F, 0x8E9F, 0x8E9F, 0x8E9F, 0x8E9F,
    0x8E9F, 0x8E9F, 0x8E9F, 0x8E9F, 0x869F, 0x869F, 0x869F, 0x869F, 0x867F, 0x869F, 0x869F, 0x869F, 0x867F, 0x867F, 0x867F, 0x869F,
    0x867F, 0x867F, 0x867F, 0x867F, 0x867F, 0x867F, 0x867F, 0x867F, 0x865F, 0x867F, 0x865F, 0x867F, 0x865F, 0x865F, 0x865E, 0x865F,
    0x865E, 0x865E, 0x865E, 0x865F, 0x865E, 0x865F, 0x863E, 0x7E3F, 0x7E3E, 0x7E3F, 0x7E3E, 0x7E3E, 0x865F, 0x969F, 0x9EBF, 0x9EBF,
    0x9EBF, 0x9EBF, 0x9EBF, 0x9EBF, 0x9EBF, 0x9EBF, 0x96DF, 0x96FF, 0x96FF, 0x96FF, 0x96FF, 0x96FF, 0x96DF, 0x96DF, 0x96FF, 0x96DF,
    0x96FF, 0x96DF, 0x96DF, 0x96DF, 0x96DF, 0x96FF, 0x96DF, 0x96FF, 0x96DF, 0x96DF, 0x96DF, 0x96DF, 0x96DF, 0x96DF, 0x96DF, 0x96DF,
    0x96DF, 0x9EDF, 0x96DF, 0x96DF, 0x96DF, 0x9EDF, 0x96DF, 0x9EDF, 0x9EBF, 0x9EDF, 0x9EBF, 0x9EBF, 0x9EBF, 0x9EBF, 0xBF1F, 0xEFBD,
    0xEFBD, 0xEFBD, 0xEFBD, 0xE7BD, 0xE7BD, 0xEFBD, 0xEFBD, 0xEFBD, 0xEFBD, 0xBF1E, 0x9EBF, 0x9EBF, 0x9EBF, 0x9EBF, 0x9EBF, 0x9EBF,
    0x9EBF, 0x9EBF, 0x9EBF, 0x9EBF, 0x9EBF, 0x9EBF, 0x9EBF, 0x9EBF, 0x9EBF, 0x9EBF, 0x9EBF, 0x9EBF, 0x9EBF, 0x9EBF, 0x9EBF, 0xBEDF,
    0xC6DE, 0xD6DD, 0xE6FC, 0xE71D, 0xDF1D, 0xE71C, 0xE71D, 0xE71C, 0xE71C, 0xE71C, 0xE71C, 0xE71C, 0xEF1D, 0xEF1C, 0xEF1C, 0xEF1C,
    0xEF3C, 0xF73C, 0xF73C, 0xF73C, 0xEF3C, 0xEF1C, 0xEEFC, 0xE6FC, 0xEF1C, 0xEF3C, 0xF73C, 0xEF3C, 0xEF3C, 0xEF3C, 0xEF3C, 0xF73C,
    0xF73C, 0xEF1C, 0xEEFC, 0xE6FC, 0xE6FC, 0xE6FC, 0xE6FC, 0xE6FC, 0xE6FC, 0xDEDC, 0xDEDC, 0xDEDC, 0xDEBC, 0xD6BC, 0xDEBC, 0xE6FC,
    0xEF1C, 0xEF1C, 0xEEFC, 0xE6FC, 0xE6FC, 0xE6DC, 0xE6DC, 0xDEDC, 0xDEDC, 0xDEDC, 0xDEDC, 0xD6BC, 0xD6BC, 0xD6BD, 0xD6BD, 0xCE9D,
    0xCEBE, 0xC69D, 0xC67D, 0xC67D, 0xBE5C, 0xBE3C, 0xB63C, 0xB61C, 0xB61C, 0xB61C, 0xC65C, 0xCE7C, 0xCE7C, 0xCE7C, 0xCE7D, 0xC67D,
    0xC65D, 0xBE5D, 0xBE3C, 0xBE3C, 0xB63C, 0xB63C, 0xB63D, 0xAE3D, 0xAE3E, 0xAE5E, 0xAE3E, 0xAE3E, 0xAE3D, 0xB63D, 0xB65D, 0xA5FC,
    0xB63D, 0xBE5D, 0xBE7D, 0xB6BF, 0x9EBF, 0x8E9F, 0x8EBF, 0x8EBF, 0x8EBF, 0x8EBF, 0x8E9F, 0x8EBF, 0x8E9F, 0x8E9F, 0x8E9F, 0x8EBF,
    0x8E9F, 0x8E9F, 0x8E9F, 0x8E9F, 0x869F, 0x8E9F, 0x869F, 0x8E9F, 0x869F, 0x8E9F, 0x869F, 0x869F, 0x869F, 0x867F, 0x869F, 0x869F,
    0x867F, 0x867F, 0x867F, 0x867F, 0x867F, 0x867F, 0x867F, 0x867F, 0x867F, 0x867F, 0x867F, 0x865F, 0x865F, 0x865F, 0x865F, 0x865F,
    0x865F, 0x865E, 0x865F, 0x865F, 0x865F, 0x863E, 0x863F, 0x7E3E, 0x7E3E, 0x865F, 0x7E3E, 0x863F, 0x863F, 0x7E3F, 0x865F, 0x9EBF,
    0x9EBF, 0x9EBF, 0x9EBF, 0x9EBF, 0x9EBF, 0x9EBF, 0x9EBF, 0x96DF, 0x96FF, 0x96FF, 0x96FF, 0x96DF, 0x96DF, 0x96DF, 0x96DF, 0x96DF,
    0x96DF, 0x96DF, 0x96DF, 0x96DF, 0x96DF, 0x96DF, 0x96DF, 0x96DF, 0x96DF, 0x96DF, 0x96DF, 0x96DF, 0x96DF, 0x96DF, 0x96DF, 0x96DF,
    0x9EDF, 0x96DF, 0x96DF, 0x9EDF, 0x9EDF, 0x9EDF, 0x9EDF, 0x9EBF, 0x9EBF, 0x9EBF, 0x9EBF, 0x9EBF, 0x9EBF, 0x9EDF, 0xDF9D, 0xEFBD,
    0xEFBD, 0xEFBD, 0xE79C, 0xE79C, 0xE79C, 0xE79C, 0xEFBC, 0xEFBD, 0xEFBD, 0xDF9E, 0x9EBF, 0x9EBF, 0x9EBF, 0x9EBF, 0x9EBF, 0x9EBF,
    0x9EBF, 0x9EBF, 0x9EBF, 0x9EBF, 0x9EBF, 0x9EBF, 0x9EBF, 0x9EBF, 0x9EBF, 0x9EBF, 0x9EBF, 0x9EBF, 0x9EBF, 0x9EBF, 0xAEDF, 0xC6DE,
    0xCEDE, 0xE6FC, 0xE71D, 0xDEFD, 0xE71C, 0xE71C, 0xE71C, 0xE71C, 0xE71C, 0xE71C, 0xE71C, 0xE71C, 0xEF1C, 0xEF1C, 0xEF1C, 0xEF3C,
    0xF73C, 0xF75C, 0xF75C, 0xF73C, 0xEF3C, 0xEF1C, 0xE6FC, 0xE6FC, 0xEF1C, 0xF73C, 0xF73C, 0xEF3C, 0xEF3C, 0xEF3C, 0xF75C, 0xF77C,
    0xF75C, 0xF73C, 0xEF1C, 0xEEFC, 0xE6FC, 0xE6FC, 0xE6FC, 0xE6FC, 0xE6FC, 0xDEDC, 0xDEDC, 0xDEBC, 0xD6BC, 0xD69C, 0xDEBC, 0xE6FC,
    0xF75C, 0xEF1C, 0xEEFC, 0xE6FC, 0xE6DC, 0xE6DC, 0xE6DC, 0xE6DC, 0xDEDC, 0xDEDC, 0xDEDC, 0xDEDC, 0xD6BC, 0xD6BD, 0xD6BD, 0xCE9D,
    0xC6DF, 0xC6DF, 0xC67D, 0xC67D, 0xBE5C, 0xBE3C, 0xB63C, 0xB61C, 0xB61C, 0xB61C, 0xBE3C, 0xCE7C, 0xCE7C, 0xCE9C, 0xCE9D, 0xC6BE,
    0xC67D, 0xBE5D, 0xBE5D, 0xBE3D, 0xBE3C, 0xB63C, 0xB63D, 0xAE3D, 0xAE3D, 0xAE5E, 0xAE3E, 0xAE3E, 0xAE3D, 0xB63D, 0xB65D, 0xB65D,
    0xAE1C, 0xBE5D, 0xBE5D, 0xBE9E, 0xAEDF, 0x8E9F, 0x8E9F, 0x8E9F, 0x8EBF, 0x8EBF, 0x8E9F, 0x8E9F, 0x8E9F, 0x8E9F, 0x8E9F, 0x8E9F,
    0x8E9F, 0x8E9F, 0x8E9F, 0x869F, 0x8E9F, 0x869F, 0x8E9F, 0x8E9F, 0x869F, 0x869F, 0x869F, 0x869F, 0x869F, 0x869F, 0x869F, 0x867F,
    0x867F, 0x869F, 0x867F, 0x867F, 0x867F, 0x867F, 0x867F, 0x867F, 0x865F, 0x867F, 0x865E, 0x867F, 0x865E, 0x865F, 0x865F, 0x865F,
    0x865E, 0x865F, 0x865E, 0x865F, 0x865F, 0x7E3E, 0x865F, 0x865F, 0x7E3F, 0x863F, 0x7E3E, 0x7E3F, 0x7E3E, 0x7E3E, 0x7E3E, 0x7E3F,
    0x9EBF, 0x9EBF, 0x9EBF, 0x9EBF, 0x9EBF, 0x9EBF, 0x9EBF, 0x9EBF, 0x96DF, 0x96FF, 0x96DF, 0x96DF, 0x96DF, 0x96DF, 0x96DF, 0x96DF,
    0x96DF, 0x96DF, 0x96DF, 0x96DF, 0x96DF, 0x96DF, 0x96DF, 0x96DF, 0x96DF, 0x96DF, 0x96DF, 0x96DF, 0x96DF, 0x96DF, 0x96DF, 0x9EDF,
    0x9EDF, 0x9EDF, 0x9EDF, 0x9EDF, 0x9EDF, 0x9EBF, 0x9EBF, 0x9EBF, 0x9EBF, 0x9EBF, 0x9EBF, 0x9EBF, 0x9EBF, 0xA6DF, 0xEFBD, 0xEFBD,
    0xEF9C, 0xE79C, 0xE79C, 0xE79C, 0xE79C, 0xE79C, 0xE79C, 0xEF9C, 0xEFBD, 0xEFBD, 0xAEDF, 0x9EBF, 0x9EBF, 0x9EBF, 0x9EBF, 0x9EBF,
    0x9EBF, 0x9EBF, 0x9EBF, 0x9EBF, 0x9EBF, 0x9EBF, 0x9EBF, 0x9EBF, 0x9EBF, 0x9EBF, 0x9EBF, 0x9EBF, 0x9EBF, 0x9EBF, 0xBEDF, 0xCEDE,
    0xD6DD, 0xE6FC, 0xDEFD, 0xE73C, 0xEF3C, 0xE71C, 0xE71C, 0xE71C, 0xE71C, 0xE71C, 0xE71C, 0xEF1C, 0xEF1C, 0xEF1C, 0xEF1C, 0xF73C,
    0xF75C, 0xFF7C, 0xFF7C, 0xF75C, 0xEF1C, 0xEF1C, 0xE6FC, 0xE6FC, 0xEF3C, 0xF77C, 0xF73C, 0xEF1C, 0xEF3C, 0xF75C, 0xFF7C, 0xFFBD,
    0xFF9D, 0xF73C, 0xEF1C, 0xEEFC, 0xE6FC, 0xE6FC, 0xE6DC, 0xE6DC, 0xE6DC, 0xDEDC, 0xDEDC, 0xDEBC, 0xD6BC, 0xD69C, 0xDEBC, 0xEF1C,
    0xFF9D, 0xF73C, 0xEEFC, 0xEEFC, 0xE6FC, 0xE6DC, 0xE6DC, 0xE6DC, 0xDEDC, 0xDEDC, 0xDEDC, 0xDEDC, 0xDEBC, 0xD6BC, 0xD6BD, 0xCE9D,
    0xC6FF, 0xC71F, 0xC69E, 0xC67D, 0xBE5D, 0xBE3C, 0xB63C, 0xB61C, 0xB61C, 0xB61C, 0xBE1C, 0xCE5C, 0xD67C, 0xCE9C, 0xCE9D, 0xC6FF,
    0xBEBF, 0xBE5D, 0xBE5D, 0xBE3D, 0xBE3C, 0xB63C, 0xB63C, 0xB63D, 0xAE1D, 0xAE3E, 0xAE3E, 0xAE3E, 0xAE3D, 0xAE3D, 0xB65D, 0xB65D,
    0xADFC, 0xB63D, 0xBE5D, 0xBE7D, 0xB6BF, 0x9EBF, 0x8EBF, 0x8EBF, 0x8EBF, 0x8E9F, 0x8E9F, 0x8EBF, 0x8EBF, 0x8EBF, 0x8E9F, 0x8E9F,
    0x8E9F, 0x8EBF, 0x869F, 0x8E9F, 0x8E9F, 0x8E9F, 0x8E9F, 0x8E9F, 0x869F, 0x869F, 0x869F, 0x869F, 0x869F, 0x869F, 0x869F, 0x867F,
    0x869F, 0x867F, 0x867F, 0x867F, 0x867F, 0x867F, 0x867F, 0x867F, 0x867F, 0x865F, 0x867F, 0x867F, 0x865F, 0x865F, 0x865F, 0x865F,
    0x865F, 0x865F, 0x865F, 0x865F, 0x865F, 0x865F, 0x865F, 0x865F, 0x863F, 0x863E, 0x7E3F, 0x7E3E, 0x7E3E, 0x7E3E, 0x7E3E, 0x7E3F,
    0x9EBF, 0x9EBF, 0x9EBF, 0x9EBF, 0x9EBF, 0x9EBF, 0x9EBF, 0x9EBF, 0x9EBF, 0x9EDF, 0x96DF, 0x96DF, 0x96DF, 0x96DF, 0x96DF, 0x96DF,
    0x96DF, 0x96DF, 0x96DF, 0x96DF, 0x96DF, 0x96DF, 0x96DF, 0x96DF, 0x96DF, 0x96DF, 0x96DF, 0x96DF, 0x96DF, 0x9EDF, 0x9EBF, 0x9EDF,
    0x9EDF, 0x9EDF, 0x9EBF, 0x9EBF, 0x9EBF, 0x9EBF, 0x9EBF, 0x9EBF, 0x9EBF, 0x9EBF, 0x9EBF, 0x9EBF, 0x9EBF, 0xC73E, 0xEFBD, 0xEF9C,
    0xEF9C, 0xE79C, 0xE79C, 0xE77B, 0xE77B, 0xE79C, 0xE79C, 0xEF9C, 0xEF9C, 0xEFBD, 0xC73E, 0x9EBF, 0x9EBF, 0x9EBF, 0x9EBF, 0x9EBF,
    0x9EBF, 0x9EBF, 0x9EBF, 0x9EBF, 0x9EBF, 0x9EBF, 0x9EBF, 0x9EBF, 0x9EBF, 0x9EBF, 0x9EBF, 0x9EBF, 0x9EBF, 0xA6BF, 0xC6DF, 0xCEDE,
    0xDEDD, 0xE71D, 0xDEFD, 0xEF3C, 0xEF1C, 0xE71C, 0xE71C, 0xE71C, 0xE71C, 0xE71C, 0xE71C, 0xEF1C, 0xEF1C, 0xEF1C, 0xF73C, 0xF75C,
    0xFF9D, 0xFFBD, 0xFF9C, 0xF75C, 0xEF1C, 0xE6FC, 0xE6FC, 0xEEFC, 0xF75C, 0xFF7C, 0xEF1C, 0xEF1C, 0xEF3C, 0xF75C, 0xFFDD, 0xFFFE,
    0xFFBD, 0xF73C, 0xEF1C, 0xEEFC, 0xE6FC, 0xE6FC, 0xE6DC, 0xE6DC, 0xE6DC, 0xDEDC, 0xDEDC, 0xDEBC, 0xD6BC, 0xD69C, 0xDEBC, 0xEF1C,
    0xFFBD, 0xF73C, 0xEEFC, 0xEEFC, 0xE6DC, 0xE6DC, 0xE6DC, 0xE6DC, 0xDEDC, 0xDEDC, 0xDEDC, 0xDEDD, 0xDEBC, 0xD6BC, 0xD6BD, 0xD69D,
    0xCEDF, 0xBF3F, 0xBEDF, 0xC67D, 0xBE5D, 0xBE3C, 0xB63C, 0xB61C, 0xB61C, 0xB61C, 0xB61C, 0xCE5C, 0xCE7C, 0xD69C, 0xCE9D, 0xC6FF,
    0xBF1F, 0xBEBE, 0xBE5D, 0xBE3D, 0xBE3C, 0xB63C, 0xB63C, 0xB63C, 0xAE1D, 0xAE1D, 0xAE3D, 0xAE3D, 0xAE3E, 0xAE3D, 0xB65D, 0xB65D,
    0xB65D, 0xADFC, 0xBE7D, 0xBE5D, 0xB69E, 0xAEBF, 0x8E9F, 0x8EBF, 0x8EBF, 0x8E9F, 0x8EBF, 0x8E9F, 0x8E9F, 0x8E9F, 0x8EBF, 0x8E9F,
    0x8E9F, 0x8E9F, 0x8E9F, 0x8E9F, 0x8E9F, 0x8E9F, 0x869F, 0x869F, 0x869F, 0x869F, 0x869F, 0x869F, 0x869F, 0x869F, 0x869F, 0x869F,
    0x867F, 0x867F, 0x867F, 0x869F, 0x867F, 0x867F, 0x867F, 0x867F, 0x867F, 0x867F, 0x865E, 0x865F, 0x865E, 0x865F, 0x865E, 0x865F,
    0x865E, 0x865F, 0x865E, 0x865F, 0x863E, 0x865F, 0x7E3E, 0x7E3E, 0x7E5F, 0x7E3E, 0x7E3F, 0x7E3E, 0x7E3E, 0x7E3F, 0x7E3E, 0x7E3E,
    0x9EBF, 0x9EBF, 0x9EBF, 0x9EBF, 0x9EBF, 0x9EBF, 0x9EBF, 0x9EBF, 0x9EBF, 0x9EBF, 0x9EBF, 0x96DF, 0x96DF, 0x96DF, 0x96DF, 0x96DF,
    0x96DF, 0x96FF, 0x96DF, 0x96DF, 0x96DF, 0x96DF, 0x96DF, 0x96DF, 0x96DF, 0x96DF, 0x96DF, 0x9EDF, 0x9EDF, 0x9EDF, 0x9EDF, 0x9EDF,
    0x9EBF, 0x9EDF, 0x9EBF, 0x9EDF, 0x9EBF, 0x9EBF, 0x9EBF, 0x9EBF, 0x9EBF, 0x9EBF, 0x9EBF, 0x9EBF, 0x9EBF, 0xE77D, 0xEF9C, 0xEF9C,
    0xEF9C, 0xE77B, 0xE77B, 0xE77B, 0xE77B, 0xE77B, 0xE77B, 0xEF9C, 0xEF9C, 0xEF9C, 0xE79D, 0x9EBF, 0x9EBF, 0x9EBF, 0x9EBF, 0x9EBF,
    0x9EBF, 0x9EBF, 0x9EBF, 0x9EBF, 0x9EBF, 0x9EBF, 0x9EBF, 0x9EBF, 0x9EBF, 0x9EBF, 0x9EBF, 0x9EBF, 0x9EBF, 0xB6DF, 0xC6DE, 0xD6DE,
    0xE6FD, 0xDEFD, 0xEF3C, 0xEF1C, 0xEF1C, 0xE6FC, 0xE71C, 0xE71C, 0xE71C, 0xE71C, 0xEF1C, 0xEF1C, 0xEF1C, 0xEF1C, 0xF73C, 0xFF7C,
    0xFFDD, 0xFFDD, 0xFF7C, 0xF73C, 0xEF1C, 0xE6FC, 0xE6FC, 0xEF1C, 0xFF7C, 0xF75C, 0xEF1C, 0xEF1C, 0xF73C, 0xF77C, 0xFFFD, 0xFFFE,
    0xFF9D, 0xF73C, 0xEEFC, 0xE6FC, 0xE6FC, 0xE6DC, 0xE6DC, 0xE6DC, 0xE6DC, 0xDEDC, 0xDEBC, 0xDEBC, 0xD69C, 0xD69C, 0xDEBB, 0xEF1B,
    0xFF9D, 0xEF1C, 0xEEFC, 0xEEFC, 0xE6DC, 0xE6DC, 0xE6DC, 0xE6DC, 0xE6DC, 0xDEDC, 0xDEDC, 0xDEDC, 0xDEBC, 0xDEBC, 0xD6BC, 0xD69D,
    0xCEBE, 0xC73F, 0xBEFF, 0xC67D, 0xBE5D, 0xB63C, 0xB63C, 0xB61C, 0xB61C, 0xB5FC, 0xB5FC, 0xC63C, 0xCE7C, 0xD69C, 0xCE9C, 0xC6BE,
    0xB73F, 0xB71F, 0xBE7D, 0xBE3D, 0xBE3C, 0xB63C, 0xB63C, 0xB61C, 0xAE1C, 0xAE1D, 0xAE3D, 0xAE3D, 0xAE3D, 0xAE3D, 0xB65D, 0xB65D,
    0xB65D, 0xAE1C, 0xB65D, 0xBE5C, 0xBE7D, 0xB6BF, 0x9EBF, 0x8EBF, 0x8EBF, 0x8EBF, 0x8E9F, 0x8EBF, 0x8E9F, 0x8EBF, 0x8EBF, 0x8E9F,
    0x8E9F, 0x8E9F, 0x8E9F, 0x8E9F, 0x8E9F, 0x8E9F, 0x869F, 0x869F, 0x8E9F, 0x869F, 0x869F, 0x869F, 0x869F, 0x869F, 0x869F, 0x867F,
    0x869F, 0x867F, 0x869F, 0x867F, 0x867F, 0x867F, 0x867F, 0x867F, 0x867F, 0x867F, 0x867F, 0x865F, 0x865F, 0x867F, 0x865F, 0x865F,
    0x865F, 0x865E, 0x865F, 0x865F, 0x865E, 0x865F, 0x7E5F, 0x865F, 0x7E3F, 0x7E3F, 0x7E3F, 0x7E3E, 0x7E3F, 0x7E3E, 0x7E3E, 0x7E1E,
    0x9EBF, 0x9EBF, 0x9EBF, 0x9EBF, 0x9EBF, 0x9EBF, 0x9EBF, 0x9EBF, 0x9EBF, 0x9EBF, 0x9EBF, 0x9EBF, 0x96DF, 0x96DF, 0x96DF, 0x96DF,
    0x96DF, 0x96DF, 0x96DF, 0x96DF, 0x96DF, 0x96DF, 0x96DF, 0x96DF, 0x96DF, 0x9EDF, 0x9EDF, 0x9EDF, 0x9EDF, 0x9EBF, 0x9EBF, 0x9EBF,
    0x9EBF, 0x9EBF, 0x9EBF, 0x9EBF, 0x9EBF, 0x9EBF, 0x9EBF, 0x9EBF, 0x9EBF, 0x9EBF, 0x9EBF, 0x9EBF, 0xB6FE, 0xEF9C, 0xEF9C, 0xEF9C,
    0xE77B, 0xE77B, 0xE77B, 0xE77B, 0xE77B, 0xE77B, 0xE77B, 0xE77B, 0xEF9C, 0xEF9C, 0xEF9C, 0xB6FF, 0x9EBF, 0x9EBF, 0x9EBF, 0x9EBF,
    0x9EBF, 0x9EBF, 0x9EBF, 0x9EBF, 0x9EBF, 0x9EBF, 0x9EBF, 0x9EBF, 0x9EBF, 0x9EBF, 0x9EBF, 0x9EBF, 0x9EBF, 0xBEDF, 0xCEBE, 0xDEDD,
    0xE71D, 0xDF1D, 0xEF3C, 0xEF1C, 0xE71C, 0xE6FC, 0xE6FC, 0xE71C, 0xE71C, 0xE71C, 0xEF1C, 0xEF1C, 0xEF1C, 0xEF1C, 0xF75C, 0xFFBD,
    0xFFFE, 0xFFBD, 0xF75C, 0xEF1C, 0xE6FC, 0xE6DC, 0xE6DC, 0xEF1C, 0xFF7C, 0xF73C, 0xEEFC, 0xEF1C, 0xF73C, 0xFF7C, 0xFFDD, 0xFFBD,
    0xF75D, 0xEF1C, 0xEEFC, 0xE6FC, 0xE6DC, 0xE6DC, 0xE6DC, 0xE6DC, 0xDEBC, 0xDEBC, 0xDEBC, 0xD6BC, 0xD69C, 0xD69C, 0xDEBB, 0xEF1B,
    0xF75C, 0xEF1C, 0xEEFC, 0xEEFC, 0xE6DC, 0xE6DC, 0xE6DC, 0xE6DC, 0xE6DC, 0xDEDC, 0xDEDC, 0xDEDC, 0xDEDC, 0xDEBC, 0xD6BC, 0xD69C,
    0xCE9D, 0xC6FF, 0xBF1F, 0xC67D, 0xBE5D, 0xB63C, 0xB63C, 0xB61C, 0xB61C, 0xB5FC, 0xADFC, 0xBE3B, 0xCE7C, 0xD69C, 0xCE9C, 0xCE9D,
    0xBF1F, 0xB73F, 0xBEBF, 0xBE3D, 0xBE3C, 0xB63C, 0xB61C, 0xB61C, 0xAE1C, 0xAE1D, 0xAE3D, 0xAE3D, 0xAE3D, 0xB63D, 0xB65D, 0xB65D,
    0xB63D, 0xB63D, 0xADFB, 0xBE5D, 0xBE5D, 0xB69E, 0xA6BF, 0x8E9F, 0x8E9F, 0x8E9F, 0x8EBF, 0x8EBF, 0x8EBF, 0x8EBF, 0x8E9F, 0x8E9F,
    0x8EBF, 0x8E9F, 0x8E9F, 0x8E9F, 0x869F, 0x869F, 0x8E9F, 0x8E9F, 0x869F, 0x869F, 0x869F, 0x869F, 0x869F, 0x869F, 0x867F, 0x869F,
    0x867F, 0x867F, 0x867F, 0x867F, 0x867F, 0x867F, 0x867F, 0x867F, 0x865E, 0x867F, 0x867F, 0x865F, 0x865E, 0x865F, 0x865E, 0x865F,
    0x865F, 0x865F, 0x865F, 0x865F, 0x7E5F, 0x7E5F, 0x7E5E, 0x7E3F, 0x7E3E, 0x7E3F, 0x7E3E, 0x7E3E, 0x7E3E, 0x7E3E, 0x7E3F, 0x7E1E,
    0x9EBF, 0x9EBF, 0x9EBF, 0x9EBF, 0x9EBF, 0x9EBF, 0x9EBF, 0x9EBF, 0x9EBF, 0x9EBF, 0x9EBF, 0x9EBF, 0x9EBF, 0x9EDF, 0x96DF, 0x96DF,
    0x96DF, 0x96DF, 0x96DF, 0x96DF, 0x96DF, 0x9EDF, 0x96DF, 0x9EDF, 0x9EDF, 0x9EDF, 0x9EBF, 0x9EBF, 0x9EBF, 0x9EDF, 0x9EDF, 0x9EBF,
    0x9EBF, 0x9EBF, 0x9EBF, 0x9EBF, 0x9EBF, 0x9EBF, 0x9EBF, 0x9EBF, 0x9EBF, 0x9EBF, 0x9EBF, 0x9EBF, 0xDF5D, 0xEF9C, 0xEF7C, 0xEF7B,
    0xE77B, 0xE75B, 0xE75A, 0xE75A, 0xE75A, 0xE75A, 0xE75B, 0xE77B, 0xEF7B, 0xEF7C, 0xEF9C, 0xE77C, 0x9EBF, 0x9EBF, 0x9EBF, 0x9EBF,
    0x9EBF, 0x9EBF, 0x9EBF, 0x9EBF, 0x9EBF, 0x9EBF, 0x9EBF, 0x9EBF, 0x9EBF, 0x9EBF, 0x9EBF, 0x9EBF, 0xA6DF, 0xC6DE, 0xCEBE, 0xDEFD,
    0xDEFD, 0xEF3C, 0xEF1C, 0xEF1C, 0xE6FC, 0xE6FC, 0xE71C, 0xE71C, 0xE71C, 0xE71C, 0xEF1C, 0xEF1C, 0xEF1C, 0xEF3C, 0xF75C, 0xFFBD,
    0xFFDD, 0xFF7C, 0xF73C, 0xEEFC, 0xE6DC, 0xE6DC, 0xE6DC, 0xEF1B, 0xF73C, 0xEF1C, 0xEEFC, 0xEF1C, 0xF71C, 0xF75C, 0xFF7C, 0xFF7C,
    0xF73C, 0xEF1C, 0xE6FC, 0xE6DC, 0xE6DC, 0xE6DC, 0xE6DC, 0xE6BC, 0xDEBC, 0xDEBC, 0xDEBC, 0xD69C, 0xD69C, 0xD69C, 0xDE9B, 0xEEFB,
    0xEF1B, 0xEEFC, 0xEEFC, 0xE6DC, 0xE6DC, 0xE6DC, 0xE6DC, 0xE6DC, 0xDEDC, 0xDEDC, 0xDEDC, 0xDEDC, 0xDEBC, 0xD6BC, 0xD6BC, 0xD69C,
    0xCE9D, 0xC6DE, 0xBF1F, 0xBE7E, 0xBE5D, 0xB63C, 0xB61C, 0xB61C, 0xAE1C, 0xADFC, 0xADFC, 0xBE1B, 0xCE5B, 0xCE7C, 0xCE7C, 0xCE7C,
    0xBEDF, 0xB73F, 0xB6FF, 0xBE5D, 0xBE3D, 0xB63C, 0xB61C, 0xB61C, 0xB61C, 0xAE1C, 0xAE3D, 0xB63D, 0xAE3D, 0xB63D, 0xB65E, 0xB65D,
    0xB63D, 0xB65D, 0xADFC, 0xBE5D, 0xBE5D, 0xBE7E, 0xAEBF, 0x969E, 0x8EBF, 0x8EBF, 0x8EBF, 0x8EBF, 0x8EBF, 0x8EBF, 0x8E9F, 0x8EBF,
    0x8EBF, 0x8E9F, 0x8E9F, 0x8E9F, 0x869F, 0x8E9F, 0x8E9F, 0x8E9F, 0x869F, 0x869F, 0x869F, 0x869F, 0x869F, 0x869F, 0x869F, 0x867F,
    0x867F, 0x867F, 0x867F, 0x867F, 0x867F, 0x867F, 0x867F, 0x867F, 0x867F, 0x867F, 0x867F, 0x865F, 0x867F, 0x865F, 0x867F, 0x865F,
    0x865F, 0x865F, 0x865F, 0x865F, 0x7E5F, 0x865E, 0x7E3F, 0x865F, 0x7E3E, 0x865F, 0x7E3E, 0x7E3F, 0x7E3F, 0x7E3F, 0x7E3F, 0x7E3E,
    0x9EBF, 0x9EBF, 0x9EBF, 0x9EBF, 0x9EBF, 0x9EBF, 0x9EBF, 0x9EBF, 0x9EBF, 0x9EBF, 0x9EBF, 0x9EBF, 0x9EBF, 0x9EBF, 0x9EBF, 0x9EDF,
    0x96DF, 0x96DF, 0x96DF, 0x9EDF, 0x96DF, 0x96BF, 0x9EDF, 0x9EDF, 0x9EBF, 0x9EBF, 0x9EBF, 0x9EDF, 0x9EBF, 0x9EBF, 0x9EBF, 0x9EBF,
    0x9EBF, 0x9EBF, 0x9EBF, 0x9EBF, 0x9EBF, 0x9EBF, 0x9EBF, 0x9EBF, 0x9EBF, 0x9EBF, 0x9EBF, 0xD73D, 0xEF9C, 0xEF7C, 0xEF7B, 0xEF7B,
    0xE75A, 0xE75A, 0xE75A, 0xE75A, 0xE75A, 0xE75A, 0xE75A, 0xE75A, 0xEF7B, 0xEF7B, 0xEF7C, 0xEF9C, 0xD75D, 0xA6DF, 0x9EBF, 0x9EBF,
    0x9EBF, 0x9EBF, 0x9EBF, 0x9EBF, 0x9EBF, 0x9EBF, 0x9EBF, 0x9EBF, 0x9EBF, 0x9EBF, 0x9EBF, 0x9EBF, 0xB6BF, 0xC6BE, 0xD6BD, 0xDEFD,
    0xDEFD, 0xF75C, 0xEF1C, 0xEF1C, 0xE6FC, 0xE6FC, 0xE71C, 0xE71C, 0xE71C, 0xE71C, 0xEF1C, 0xEF1C, 0xEF1C, 0xF73C, 0xF75C, 0xFF7C,
    0xFF7C, 0xF73C, 0xEF1C, 0xE6FC, 0xE6DC, 0xE6DC, 0xE6DB, 0xEEFB, 0xEF1B, 0xEEFC, 0xEEFC, 0xEEFC, 0xEF1C, 0xF73C, 0xF73C, 0xF73C,
    0xEF1C, 0xEEFC, 0xE6FC, 0xE6DC, 0xE6DC, 0xE6DC, 0xE6DC, 0xDEBC, 0xDEBC, 0xDEBB, 0xD69C, 0xD69C, 0xCE9C, 0xCE7C, 0xDE9B, 0xE6DB,
    0xEEFB, 0xEEDB, 0xE6DC, 0xE6DC, 0xE6DC, 0xE6DC, 0xE6DC, 0xE6DC, 0xDEDC, 0xDEDC, 0xDEBC, 0xDEBC, 0xDEBC, 0xD6BC, 0xD6BC, 0xD69C,
    0xCE9C, 0xCEBE, 0xBF1F, 0xBE9E, 0xBE5D, 0xB63C, 0xB61C, 0xB61C, 0xADFC, 0xADFC, 0xADFC, 0xB5FB, 0xCE5B, 0xCE7B, 0xCE7C, 0xCE7C,
    0xC67E, 0xB71F, 0xB71F, 0xB67E, 0xBE3D, 0xB63C, 0xB61C, 0xB61C, 0xB61C, 0xAE1C, 0xB61C, 0xB63D, 0xB63D, 0xB63D, 0xB63D, 0xB63D,
    0xB63D, 0xB63D, 0xAE1D, 0xB61C, 0xBE5D, 0xBE5D, 0xB6BF, 0x9E9F, 0x8EBF, 0x8EBF, 0x8EBF, 0x8E9F, 0x8EBF, 0x8EBF, 0x8E9F, 0x8E9F,
    0x8E9F, 0x8E9F, 0x8E9F, 0x8E9F, 0x8E9F, 0x8E9F, 0x869F, 0x869F, 0x869F, 0x869F, 0x869F, 0x869F, 0x869F, 0x869F, 0x867F, 0x867F,
    0x867F, 0x867F, 0x867F, 0x867F, 0x867F, 0x867F, 0x867F, 0x867F, 0x867E, 0x867F, 0x865E, 0x867F, 0x867F, 0x865F, 0x865F, 0x865F,
    0x865E, 0x865F, 0x865F, 0x7E5E, 0x865F, 0x865F, 0x865F, 0x863F, 0x7E3E, 0x7E3F, 0x7E3E, 0x7E3E, 0x7E3E, 0x7E3E, 0x7E3E, 0x7E3E,
    0x9EBF, 0x9EBF, 0x9EBF, 0x9EBF, 0x9EBF, 0x9EBF, 0x9EBF, 0x9EBF, 0x9EBF, 0x9EBF, 0x9EBF, 0x9EBF, 0x9EBF, 0x9EBF, 0x9EBF, 0x9EBF,
    0x9EBF, 0x9EDF, 0x9EDF, 0x9EDF, 0x9EBF, 0x9EBF, 0x9EBF, 0x9EBF, 0x9EBF, 0x9EBF, 0x9EBF, 0x9EDF, 0x9EBF, 0x9EBF, 0x9EBF, 0x9EBF,
    0x9EBF, 0x9EBF, 0x9EBF, 0x9EBF, 0x9EBF, 0x9EBF, 0x9EBF, 0x9EBF, 0xAEDF, 0xCF3E, 0xEF9D, 0xEF9C, 0xEF7C, 0xEF7B, 0xEF7B, 0xEF5A,
    0xE75A, 0xE75A, 0xE73A, 0xE73A, 0xE739, 0xE73A, 0xE73A, 0xE75A, 0xEF5A, 0xEF7B, 0xEF7B, 0xEF7C, 0xEF9C, 0xEF9C, 0xDF5D, 0xBF1E,
    0xA6BF, 0x9EBF, 0x9EBF, 0x9EBF, 0x9EBF, 0x9EBF, 0x9EBF, 0x9EBF, 0x9EBF, 0x9EBF, 0x9EBF, 0x9EBF, 0xBEDE, 0xCEBE, 0xDEDD, 0xDEFD,
    0xE71C, 0xEF3C, 0xEF1C, 0xE6FC, 0xE6FC, 0xE6FC, 0xE71C, 0xE71C, 0xE71C, 0xE71C, 0xEF1C, 0xEEFC, 0xEF1C, 0xF71C, 0xF73C, 0xF75C,
    0xF73C, 0xEF1C, 0xE6FC, 0xE6DC, 0xE6BB, 0xE6BB, 0xE6DB, 0xEEFB, 0xEEFB, 0xEEDC, 0xEEDC, 0xEEFC, 0xEEFC, 0xEF1C, 0xEF1C, 0xEF1C,
    0xEEFC, 0xE6DB, 0xE6DB, 0xE6DB, 0xE6BC, 0xE6BB, 0xDEBB, 0xDEBB, 0xDEBB, 0xDE9B, 0xD69C, 0xD69C, 0xCE7C, 0xCE7C, 0xDE9B, 0xE6BB,
    0xE6DB, 0xE6DB, 0xE6DB, 0xE6DB, 0xE6DC, 0xE6DC, 0xE6DC, 0xDEBC, 0xDEBC, 0xDEBC, 0xDEBC, 0xDEBC, 0xDEBC, 0xD6BC, 0xD6BC, 0xD69C,
    0xCE9C, 0xCE9D, 0xBF1F, 0xBE9E, 0xBE3C, 0xB63C, 0xB61C, 0xB61C, 0xADFC, 0xADFC, 0xADFC, 0xADDB, 0xC63B, 0xCE5B, 0xCE7C, 0xCE7C,
    0xC65D, 0xBE9E, 0xB73F, 0xB6DF, 0xBE5D, 0xB63C, 0xB63C, 0xB61C, 0xB61C, 0xAE1C, 0xAE1C, 0xB63C, 0xB63D, 0xB63C, 0xAE3D, 0xAE3D,
    0xB63D, 0xB63D, 0xB63D, 0xA5DB, 0xBE5D, 0xBE5D, 0xB69E, 0xA6BF, 0x8EBF, 0x8EBF, 0x8EBF, 0x8EBF, 0x8EBF, 0x8E9F, 0x8E9F, 0x8E9F,
    0x8E9F, 0x8E9F, 0x8E9F, 0x8E9F, 0x8E9F, 0x8E9F, 0x869F, 0x869F, 0x869F, 0x869F, 0x869F, 0x869F, 0x869F, 0x867F, 0x867F, 0x867F,
    0x867F, 0x867F, 0x867F, 0x867F, 0x867F, 0x867F, 0x867F, 0x867F, 0x867F, 0x867F, 0x867F, 0x867F, 0x865F, 0x865E, 0x865F, 0x865F,
    0x865F, 0x865F, 0x865F, 0x865F, 0x865F, 0x865F, 0x865F, 0x865E, 0x7E3F, 0x7E3E, 0x7E3E, 0x7E3F, 0x7E3E, 0x7E3F, 0x7E3E, 0x7E3F,
    0x9EBF, 0x9EBF, 0x9EBF, 0x9EBF, 0x9EBF, 0x9EBF, 0x9EBF, 0x9EBF, 0x9EBF, 0x9EBF, 0x9EBF, 0x9EBF, 0x9EBF, 0x9EBF, 0x9EBF, 0x9EBF,
    0x9EBF, 0x9EBF, 0x9EBF, 0x9EBF, 0x9EBF, 0x9EBF, 0x9EBF, 0x9EBF, 0x9EBF, 0x9EBF, 0x9EBF, 0x9EBF, 0x9EBF, 0x9EBF, 0x9EBF, 0x9EBF,
    0x9EBF, 0x9EBF, 0x9EBF, 0x9EBF, 0x9EBF, 0x9EBF, 0xBF1E, 0xE77D, 0xF79C, 0xF79C, 0xF79C, 0xEF7B, 0xEF7B, 0xEF5B, 0xEF5A, 0xEF5A,
    0xE73A, 0xE739, 0xE739, 0xE739, 0xE739, 0xE739, 0xE739, 0xE73A, 0xE75A, 0xEF5A, 0xEF5B, 0xEF7B, 0xEF7B, 0xEF9C, 0xF79C, 0xF79C,
    0xF79D, 0xE77D, 0xC73E, 0xA6DF, 0x9EBF, 0x9EBF, 0x9EBF, 0x9EBF, 0x9EBF, 0x9EBF, 0x9EBF, 0xA6BF, 0xC6DE, 0xCEBD, 0xDEFD, 0xD6DD,
    0xEF3C, 0xEF1C, 0xEF1C, 0xE6FC, 0xE6FC, 0xE6FC, 0xE71C, 0xE71C, 0xE71C, 0xE71C, 0xEEFC, 0xEEFB, 0xEEFC, 0xEF1C, 0xF71C, 0xF71C,
    0xEF1C, 0xEEFC, 0xE6DB, 0xE6DB, 0xE6BB, 0xE6BB, 0xE6DB, 0xEEDB, 0xEEDB, 0xE6DB, 0xE6DB, 0xE6DB, 0xEEFB, 0xEEFB, 0xEEFB, 0xE6FB,
    0xE6DB, 0xE6DB, 0xE6DB, 0xE6BB, 0xE6BB, 0xDEBB, 0xDEBB, 0xDE9B, 0xDE9B, 0xD69B, 0xD69B, 0xCE7C, 0xCE7C, 0xCE5B, 0xD67B, 0xE6BB,
    0xE6DB, 0xE6BB, 0xE6BB, 0xE6DB, 0xE6DB, 0xE6DC, 0xDEBC, 0xDEBC, 0xDEBC, 0xDEBC, 0xDEBC, 0xDEBC, 0xD6BC, 0xD6BC, 0xD6BC, 0xD69C,
    0xCE9C, 0xCE9D, 0xC6DF, 0xBE7D, 0xBE3C, 0xB63C, 0xB61C, 0xAE1C, 0xADFC, 0xADFC, 0xADFC, 0xA5BB, 0xBE1B, 0xCE5B, 0xCE5C, 0xCE5C,
    0xC65C, 0xC67D, 0xB71F, 0xB71F, 0xBE7E, 0xB63C, 0xB61C, 0xB61C, 0xAE1C, 0xAE1C, 0xAE1C, 0xB61C, 0xB63C, 0xB63C, 0xB61C, 0xAE3D,
    0xB63D, 0xB63D, 0xB63D, 0xADFC, 0xB63C, 0xBE5D, 0xBE7D, 0xAEBF, 0x969E, 0x8EBF, 0x8EBF, 0x8EBF, 0x8E9F, 0x8E9F, 0x8E9F, 0x8E9F,
    0x8E9F, 0x8E9F, 0x8E9F, 0x8E9F, 0x869F, 0x869F, 0x869F, 0x869F, 0x869F, 0x869F, 0x869F, 0x869F, 0x867F, 0x867F, 0x867F, 0x867F,
    0x867F, 0x867F, 0x867F, 0x867F, 0x867F, 0x867F, 0x867F, 0x867F, 0x867F, 0x867F, 0x865E, 0x865F, 0x865E, 0x865F, 0x865F, 0x865F,
    0x865F, 0x865F, 0x865E, 0x865F, 0x865E, 0x863F, 0x7E3F, 0x7E3E, 0x7E3F, 0x7E3E, 0x7E3F, 0x7E3F, 0x7E3E, 0x7E3F, 0x7E3E, 0x7E3E,
    0x9EBF, 0x9EBF, 0x9EBF, 0x9EBF, 0x9EBF, 0x9EBF, 0x9EBF, 0x9EBF, 0x9EBF, 0x9EBF, 0x9EBF, 0x9EBF, 0x9EBF, 0x9EBF, 0x9EBF, 0x9EBF,
    0x9EBF, 0x9EBF, 0x9EBF, 0x9EBF, 0x9EBF, 0x9EBF, 0x9EBF, 0x9EBF, 0x9EBF, 0x9EBF, 0x9EBF, 0x9EBF, 0x9EBF, 0x9EBF, 0x9EBF, 0x9EBF,
    0x9EBF, 0x9EBF, 0x9EBF, 0xB6FF, 0xD73D, 0xEF9D, 0xF79C, 0xF79C, 0xF79C, 0xF77C, 0xEF7B, 0xEF7B, 0xEF5B, 0xEF5A, 0xEF3A, 0xE739,
    0xE739, 0xE739, 0xE719, 0xE719, 0xE719, 0xE719, 0xE739, 0xE739, 0xE739, 0xEF3A, 0xEF5A, 0xEF5A, 0xEF7B, 0xEF7B, 0xEF7C, 0xF79C,
    0xF79C, 0xF79C, 0xF79C, 0xF7BD, 0xE77D, 0xCF1E, 0xAEDF, 0x9EBF, 0x9EBF, 0x9EBF, 0x9EBF, 0xB6BE, 0xC6BE, 0xD6BD, 0xDEFD, 0xD6DC,
    0xF73C, 0xEF1C, 0xE6FC, 0xE6FC, 0xE6FC, 0xE6FC, 0xE71C, 0xE71C, 0xE71C, 0xE6FC, 0xEEFC, 0xEEFB, 0xEEFB, 0xEEFC, 0xEEFC, 0xEEFC,
    0xEEFB, 0xE6DB, 0xE6DB, 0xE6BB, 0xDEBB, 0xDEBB, 0xE6BB, 0xE6DB, 0xE6DB, 0xE6DB, 0xE6BB, 0xE6DB, 0xE6DB, 0xE6DB, 0xE6DB, 0xE6DB,
    0xE6DB, 0xE6BB, 0xE6BB, 0xE6BB, 0xDEBB, 0xDEBB, 0xDE9B, 0xDE9B, 0xD69B, 0xD69B, 0xD67B, 0xCE7B, 0xCE5B, 0xC65B, 0xD67B, 0xE6BB,
    0xE6BB, 0xE6BB, 0xE6BB, 0xE6BB, 0xE6BB, 0xDEBB, 0xDEBC, 0xDEBC, 0xDEBC, 0xDEBC, 0xDEBC, 0xDEBC, 0xD6BC, 0xD6BC, 0xD69C, 0xD69C,
    0xCE9C, 0xCE7C, 0xC67D, 0xBE5D, 0xBE3C, 0xB61C, 0xB61C, 0xADFC, 0xADFC, 0xB5FB, 0xADFC, 0xA5BB, 0xB5FB, 0xC63B, 0xCE5B, 0xCE5C,
    0xC65C, 0xC65D, 0xB6BE, 0xAF3F, 0xB69E, 0xB63D, 0xB61C, 0xB61C, 0xADFC, 0xADFC, 0xAE1C, 0xB61C, 0xB63C, 0xB63C, 0xB63C, 0xAE3D,
    0xAE3D, 0xB63D, 0xB63D, 0xAE1D, 0xADFC, 0xBE5D, 0xBE5D, 0xB69F, 0x9EBF, 0x8EBF, 0x8EBF, 0x8E9F, 0x8E9F, 0x8E9F, 0x8E9F, 0x8EBF,
    0x8E9F, 0x8E9F, 0x8E9F, 0x8E9F, 0x869F, 0x869F, 0x8E9F, 0x869F, 0x869F, 0x869F, 0x869F, 0x867F, 0x867F, 0x867F, 0x869F, 0x867F,
    0x867F, 0x867F, 0x867F, 0x867F, 0x867F, 0x867F, 0x867F, 0x867F, 0x867F, 0x867F, 0x867F, 0x865F, 0x865F, 0x865F, 0x865F, 0x865F,
    0x865F, 0x865F, 0x865F, 0x865F, 0x863F, 0x865F, 0x7E3F, 0x7E3F, 0x7E3F, 0x7E3F, 0x7E3F, 0x7E3E, 0x7E3E, 0x7E3E, 0x7E3E, 0x7E3E,
    0x9EBF, 0x9EBF, 0x9EBF, 0x9EBF, 0x9EBF, 0x9EBF, 0x9EBF, 0x9EBF, 0x9EBF, 0x9EBF, 0x9EBF, 0x9EBF, 0x9EBF, 0x9EBF, 0x9EBF, 0x9EBF,
    0x9EBF, 0x9EBF, 0x9EBF, 0x9EBF, 0x9EBF, 0x9EBF, 0x9EBF, 0x9EBF, 0x9EBF, 0x9EBF, 0x9EBF, 0x9EBF, 0x9EBF, 0x9EBF, 0x9EBF, 0x9EBF,
    0xA6DF, 0xC73E, 0xE77D, 0xF79C, 0xF79C, 0xF79C, 0xF79C, 0xF77C, 0xF77B, 0xEF7B, 0xEF5B, 0xEF5A, 0xEF5A, 0xEF3A, 0xEF39, 0xE739,
    0xE719, 0xE719, 0xE718, 0xE718, 0xE718, 0xE718, 0xE719, 0xE719, 0xE739, 0xEF39, 0xEF39, 0xEF5A, 0xEF5A, 0xEF5B, 0xEF7B, 0xEF7B,
    0xF77B, 0xF77C, 0xF79C, 0xF79C, 0xF79C, 0xF79C, 0xF79D, 0xEF7D, 0xCF1E, 0xAEDF, 0x9EBF, 0xBEBE, 0xC6BE, 0xDEDD, 0xDEFD, 0xE71C,
    0xEF1C, 0xEEFC, 0xE6FC, 0xE6FC, 0xE6FC, 0xE6FC, 0xE6FC, 0xE71C, 0xE6FC, 0xE6FC, 0xE6FB, 0xE6FB, 0xEEFB, 0xEEFB, 0xEEDB, 0xEEDB,
    0xE6DB, 0xE6DB, 0xE6BB, 0xDEBB, 0xDE9B, 0xDEBB, 0xE6BB, 0xE6BB, 0xE6BB, 0xE6BB, 0xDEBB, 0xE6BB, 0xE6BB, 0xE6DB, 0xE6DB, 0xE6BB,
    0xE6BB, 0xE6BB, 0xDEBB, 0xDEBB, 0xDEBB, 0xDE9B, 0xDE9B, 0xD69B, 0xD69B, 0xD69B, 0xCE7B, 0xCE7B, 0xC65B, 0xC65B, 0xD67B, 0xE69B,
    0xE6BB, 0xE6BB, 0xE6BB, 0xE6BB, 0xE6BB, 0xDEBB, 0xDEBC, 0xDEBC, 0xDEBC, 0xDEBC, 0xDEBC, 0xD6BC, 0xD69C, 0xD69C, 0xD69C, 0xD69C,
    0xCE9C, 0xCE7C, 0xC65C, 0xBE5C, 0xBE3C, 0xB61C, 0xB61C, 0xADFC, 0xADFC, 0xB5FB, 0xADFC, 0xA5BB, 0xADDB, 0xC63B, 0xC63B, 0xC65C,
    0xC65C, 0xC65C, 0xBE7D, 0xAF3F, 0xB6BF, 0xB63C, 0xB61C, 0xB61C, 0xADFC, 0xADFC, 0xADFC, 0xB61C, 0xB63C, 0xBE3C, 0xB63C, 0xAE3D,
    0xAE3D, 0xB63D, 0xB63D, 0xAE1D, 0xA5DB, 0xBE5D, 0xBE5D, 0xBE9E, 0xAEBF, 0x8EBF, 0x8E9F, 0x8E9F, 0x8E9F, 0x8E9F, 0x8E9F, 0x8E9F,
    0x8E9F, 0x869F, 0x869F, 0x8E9F, 0x8E9F, 0x869F, 0x869F, 0x869F, 0x867F, 0x867F, 0x867F, 0x869F, 0x867F, 0x867F, 0x867F, 0x867F,
    0x867F, 0x867F, 0x867F, 0x867F, 0x867E, 0x867F, 0x867E, 0x867F, 0x865F, 0x865F, 0x865F, 0x865F, 0x865F, 0x865F, 0x865F, 0x865F,
    0x865F, 0x865F, 0x7E5F, 0x863F, 0x7E3E, 0x7E3F, 0x7E3E, 0x7E3F, 0x7E3E, 0x7E3E, 0x7E3F, 0x7E3E, 0x7E3F, 0x7E3E, 0x7E3F, 0x7E1E,
    0x9EBF, 0x9EBF, 0x9EBF, 0x9EBF, 0x9EBF, 0x9EBF, 0x9EBF, 0x9EBF, 0x9EBF, 0x9EBF, 0x9EBF, 0x9EBF, 0x9EBF, 0x9EBF, 0x9EBF, 0x9EBF,
    0x9EBF, 0x9EBF, 0x9EBF, 0x9EBF, 0x9EBF, 0x9EBF, 0x9EBF, 0x9EBF, 0x9EBF, 0x9EBF, 0x9EBF, 0x9EBF, 0x9EBF, 0x9EBF, 0xBEFE, 0xDF5D,
    0xF79C, 0xF79C, 0xF79C, 0xF79C, 0xF77C, 0xF77B, 0xF77B, 0xF77B, 0xEF5B, 0xEF5A, 0xEF5A, 0xEF3A, 0xEF39, 0xEF39, 0xEF19, 0xE718,
    0xE718, 0xE718, 0xE6F8, 0xE718, 0xE6F8, 0xE718, 0xE718, 0xE718, 0xE718, 0xEF19, 0xEF39, 0xEF39, 0xEF3A, 0xEF5A, 0xEF5A, 0xEF5B,
    0xEF5B, 0xF77B, 0xF77B, 0xF77B, 0xF77C, 0xF79C, 0xF79C, 0xF79C, 0xF79C, 0xF7BD, 0xEF9D, 0xDF1D, 0xCEBD, 0xDEDD, 0xD6DD, 0xEF1C,
    0xEF1C, 0xEEFC, 0xE6FC, 0xDEFC, 0xE6FC, 0xE6FC, 0xE6FC, 0xE6FC, 0xE6FC, 0xE6FC, 0xE6FB, 0xE6DB, 0xE6DB, 0xE6DB, 0xE6DB, 0xE6DB,
    0xE6BB, 0xE6BB, 0xDEBB, 0xDE9B, 0xDE9B, 0xDE9B, 0xE6BA, 0xE6BB, 0xE6BB, 0xDEBB, 0xDEBB, 0xDEBB, 0xE6BB, 0xE6BB, 0xE6BB, 0xE6BB,
    0xE6BB, 0xDEBB, 0xDE9B, 0xDE9B, 0xDE9B, 0xDE9B, 0xDE9B, 0xD69B, 0xD69B, 0xD67B, 0xCE7B, 0xCE5B, 0xC65B, 0xC63B, 0xCE5B, 0xDE9B,
    0xE6BB, 0xE6BB, 0xE6BB, 0xE6BB, 0xDEBB, 0xDEBB, 0xDEBB, 0xDEBC, 0xDEBC, 0xDEBC, 0xDEBC, 0xD69C, 0xD69C, 0xD69C, 0xD69C, 0xD69C,
    0xCE7C, 0xCE7C, 0xC65C, 0xBE3C, 0xBE1C, 0xB61C, 0xADFC, 0xADFC, 0xADFB, 0xB5FB, 0xADDC, 0xA59B, 0xADBB, 0xBE1B, 0xC63B, 0xC63B,
    0xC63C, 0xC63C, 0xBE5D, 0xAEFF, 0xB6BF, 0xB61C, 0xB61C, 0xB61C, 0xADFC, 0xADFC, 0xADFC, 0xB61C, 0xBE3C, 0xBE3C, 0xB63C, 0xAE1D,
    0xAE3D, 0xB63D, 0xB63D, 0xB61C, 0xADFC, 0xB61C, 0xBE5D, 0xBE7D, 0xAEBF, 0x969E, 0x8E9F, 0x8EBF, 0x8E9F, 0x8E9F, 0x8E9F, 0x8E9F,
    0x8E9F, 0x8E9F, 0x8E9F, 0x8E9F, 0x8E9F, 0x869F, 0x869F, 0x869F, 0x869F, 0x869F, 0x869F, 0x869F, 0x867F, 0x867F, 0x867F, 0x867F,
    0x867F, 0x867F, 0x867F, 0x867F, 0x867F, 0x867F, 0x867F, 0x865F, 0x865F, 0x865E, 0x867F, 0x867F, 0x865F, 0x865F, 0x865F, 0x865F,
    0x865F, 0x865F, 0x863F, 0x7E3E, 0x7E3F, 0x7E3E, 0x7E3E, 0x7E3F, 0x7E3E, 0x7E3F, 0x7E3F, 0x7E3F, 0x7E3F, 0x7E3E, 0x7E3F, 0x7E3E,
    0x9EBF, 0x9EBF, 0x9EBF, 0x9EBF, 0x9EBF, 0x9EBF, 0x9EBF, 0x9EBF, 0x9EBF, 0x9EBF, 0x9EBF, 0x9EBF, 0x9EBF, 0x9EBF, 0x9EBF, 0x9EBF,
    0x9EBF, 0x9EBF, 0x9EBF, 0x9EBF, 0x9EBF, 0x9EBF, 0x9EBF, 0x9EBF, 0x9EBF, 0x9EBF, 0x9EBF, 0xAEDF, 0xCF3E, 0xF79D, 0xF79C, 0xF79C,
    0xF79C, 0xF79C, 0xF77C, 0xF77B, 0xF77B, 0xF75B, 0xEF5B, 0xEF5A, 0xEF5A, 0xEF3A, 0xEF39, 0xEF39, 0xEF19, 0xEF19, 0xE718, 0xE718,
    0xE6F8, 0xE6F8, 0xE6F8, 0xE6F8, 0xE6F8, 0xE6F8, 0xE6F8, 0xE6F8, 0xE718, 0xE718, 0xEF18, 0xEF19, 0xEF39, 0xEF39, 0xEF3A, 0xEF3A,
    0xEF5A, 0xEF5A, 0xEF5B, 0xF75B, 0xF77B, 0xF77B, 0xF77B, 0xF77C, 0xF79C, 0xF79C, 0xF79C, 0xF7BD, 0xEF3C, 0xD6FD, 0xD6DC, 0xEF3B,
    0xEF1C, 0xEEFC, 0xE6FC, 0xDEFC, 0xE6FC, 0xE6FC, 0xE6FC, 0xE6FC, 0xE6FC, 0xE6FB, 0xE6DB, 0xE6DB, 0xE6DB, 0xE6DB, 0xE6DB, 0xE6BB,
    0xE6BB, 0xE6BB, 0xDE9B, 0xDE9B, 0xDE9B, 0xDE9A, 0xDE9A, 0xDEBA, 0xDEBA, 0xDEBB, 0xDE9B, 0xDEBB, 0xDEBB, 0xE6BA, 0xE6BA, 0xDEBB,
    0xDE9B, 0xDE9B, 0xDE9B, 0xDE9B, 0xDE9B, 0xDE9B, 0xD69B, 0xD69B, 0xD67B, 0xCE7B, 0xCE5B, 0xC65B, 0xC63B, 0xBE1B, 0xCE3B, 0xDE9A,
    0xE6BB, 0xE6BB, 0xE6BB, 0xDEBB, 0xDEBB, 0xDEBB, 0xDEBB, 0xDEBB, 0xDEBC, 0xDEBC, 0xDE9C, 0xD69C, 0xD69C, 0xD69C, 0xD69C, 0xD69C,
    0xCE7C, 0xCE5C, 0xC65C, 0xBE3C, 0xB61C, 0xB61C, 0xADFC, 0xADFB, 0xADFB, 0xB5FB, 0xADDB, 0xA59B, 0xA59A, 0xBDFB, 0xC61B, 0xC63B,
    0xC63B, 0xC63C, 0xBE3C, 0xB6BE, 0xAEBE, 0xB61C, 0xB61C, 0xADFC, 0xADFC, 0xADFC, 0xADFC, 0xB61B, 0xBE3B, 0xBE3C, 0xBE3C, 0xAE1C,
    0xAE1D, 0xAE3D, 0xB63D, 0xB61D, 0xAE1D, 0xADFC, 0xBE5D, 0xC67D, 0xB69F, 0x9E9F, 0x8EBF, 0x8E9F, 0x8E9F, 0x8E9F, 0x8E9F, 0x869F,
    0x8E9F, 0x8E9F, 0x8E9F, 0x869F, 0x869F, 0x869F, 0x869F, 0x869F, 0x869F, 0x869F, 0x867F, 0x867F, 0x867F, 0x869F, 0x867F, 0x867F,
    0x867F, 0x867F, 0x867F, 0x867F, 0x867F, 0x867F, 0x865E, 0x867F, 0x865E, 0x867F, 0x865F, 0x865F, 0x865F, 0x865F, 0x865E, 0x865F,
    0x865F, 0x863F, 0x865F, 0x865F, 0x865F, 0x863F, 0x7E3F, 0x7E3F, 0x7E3E, 0x7E3F, 0x7E3E, 0x7E3E, 0x7E3E, 0x7E3E, 0x7E3E, 0x7E3E,
    0x9EBF, 0x9EBF, 0x9EBF, 0x9EBF, 0x9EBF, 0x9EBF, 0x9EBF, 0x9EBF, 0x9EBF, 0x9EBF, 0x9EBF, 0x9EBF, 0x9EBF, 0x9EBF, 0x9EBF, 0x9EBF,
    0x9EBF, 0x9EBF, 0x9EBF, 0x9EBF, 0x9EBF, 0x9EBF, 0x9EBF, 0x9EBF, 0x9EBF, 0x9EBF, 0x9EBF, 0xEF9D, 0xF79D, 0xF79C, 0xF79C, 0xF77C,
    0xF77B, 0xF77B, 0xF77B, 0xF75B, 0xEF5A, 0xEF5A, 0xEF3A, 0xEF3A, 0xEF39, 0xEF39, 0xEF19, 0xEF18, 0xEF18, 0xEEF8, 0xE6F8, 0xE6F8,
    0xE6F7, 0xE6F7, 0xE6F7, 0xE6F7, 0xE6F7, 0xE6F7, 0xE6F7, 0xE6F7, 0xE6F8, 0xE6F8, 0xEEF8, 0xEF18, 0xEF18, 0xEF19, 0xEF19, 0xEF39,
    0xEF39, 0xEF3A, 0xEF3A, 0xEF5A, 0xEF5A, 0xF75B, 0xF77B, 0xF77B, 0xF77B, 0xF77C, 0xF79C, 0xF79C, 0xF79D, 0xD6FD, 0xDEFC, 0xEF1B,
    0xEEFC, 0xE6FC, 0xE6DC, 0xDEDD, 0xDEFC, 0xE6FC, 0xE6FC, 0xE6DC, 0xE6DB, 0xE6DB, 0xE6DB, 0xE6DB, 0xE6DB, 0xE6DB, 0xE6DB, 0xE6BB,
    0xE6BB, 0xDEBB, 0xDE9B, 0xDE9B, 0xDE7A, 0xDE7A, 0xDE9A, 0xDE9A, 0xDEBA, 0xDEBA, 0xDE9B, 0xDEBA, 0xDEBA, 0xDEBA, 0xDEBA, 0xDE9B,
    0xDE9B, 0xDE9B, 0xDE9B, 0xDE9B, 0xDE9B, 0xD69B, 0xD69B, 0xD67B, 0xD67B, 0xCE5B, 0xC65B, 0xC63B, 0xC63B, 0xBE1B, 0xC63B, 0xDE9A,
    0xE6BA, 0xE6BB, 0xE6BB, 0xDEBB, 0xDEBB, 0xDEBB, 0xDEBB, 0xDEBB, 0xDEBB, 0xDE9B, 0xD69C, 0xD69C, 0xD69C, 0xD69C, 0xD69C, 0xCE7C,
    0xCE7C, 0xC65C, 0xC63C, 0xBE1C, 0xB61C, 0xAE1C, 0xADFB, 0xADFB, 0xADFB, 0xB5FB, 0xADDB, 0xA59B, 0xA59A, 0xB5DA, 0xBE1B, 0xC63B,
    0xC63B, 0xBE3B, 0xBE3C, 0xBE5D, 0xB67E, 0xB61C, 0xB61C, 0xADFC, 0xADFC, 0xADFC, 0xADFC, 0xB61B, 0xBE3B, 0xC63C, 0xBE3C, 0xB61C,
    0xAE1D, 0xAE3D, 0xB63D, 0xB63D, 0xAE1C, 0xA5DC, 0xBE5D, 0xC67D, 0xBE7E, 0xAEBF, 0x8E9F, 0x8EBF, 0x8E9F, 0x8EBF, 0x8E9F, 0x8E9F,
    0x8E9F, 0x8E9F, 0x8E9F, 0x869F, 0x869F, 0x869F, 0x869F, 0x869F, 0x869F, 0x869F, 0x869F, 0x869F, 0x869F, 0x869F, 0x867F, 0x867F,
    0x867F, 0x867F, 0x867F, 0x867F, 0x867F, 0x867F, 0x867F, 0x867F, 0x867F, 0x867F, 0x865F, 0x867F, 0x865F, 0x867F, 0x865F, 0x865F,
    0x865F, 0x865F, 0x865F, 0x865F, 0x863F, 0x863F, 0x7E3F, 0x7E3E, 0x7E3E, 0x7E3F, 0x7E3E, 0x7E3F, 0x7E3E, 0x7E3F, 0x7E3E, 0x7E3F,
    0x9EBF, 0x9EBF, 0x9EBF, 0x9EBF, 0x9EBF, 0x9EBF, 0x9EBF, 0x9EBF, 0x9EBF, 0x9EBF, 0x9EBF, 0x9EBF, 0x9EBF, 0x9EBF, 0x9EBF, 0x9EBF,
    0x9EBF, 0x9EBF, 0x9EBF, 0x9EBF, 0x9EBF, 0x9EBF, 0x9EBF, 0x9EBF, 0x9EBF, 0x9EBF, 0x9EBF, 0xEF7C, 0xF79C, 0xF79C, 0xF77C, 0xF77B,
    0xF77B, 0xF75B, 0xF75A, 0xEF5A, 0xEF3A, 0xEF39, 0xEF39, 0xEF19, 0xEF19, 0xEF18, 0xEEF8, 0xEEF8, 0xEEF8, 0xEEF7, 0xE6F7, 0xE6D7,
    0xE6D7, 0xE6D7, 0xE6D7, 0xE6D7, 0xE6D7, 0xE6D7, 0xE6D7, 0xE6D7, 0xE6D7, 0xE6F7, 0xEEF7, 0xEEF8, 0xEEF8, 0xEEF8, 0xEF18, 0xEF18,
    0xEF19, 0xEF19, 0xEF39, 0xEF39, 0xEF3A, 0xEF3A, 0xF75A, 0xF75B, 0xF77B, 0xF77B, 0xF77C, 0xF79C, 0xEF5C, 0xD6FD, 0xE71B, 0xEF1B,
    0xE6FC, 0xE6FC, 0xDEDC, 0xD6DD, 0xDEFC, 0xDEDC, 0xE6DC, 0xE6DB, 0xE6DB, 0xE6DB, 0xE6DB, 0xE6DB, 0xE6BB, 0xE6BB, 0xE6BB, 0xE6BB,
    0xE6BB, 0xDE9B, 0xDE9B, 0xD67A, 0xD67A, 0xD67A, 0xD67A, 0xDE9A, 0xDEBA, 0xDEBA, 0xDE9A, 0xDE9A, 0xDE9A, 0xDE9A, 0xDE9A, 0xDE9B,
    0xDE9B, 0xDE9B, 0xDE9B, 0xDE9B, 0xDE9B, 0xD69B, 0xD67B, 0xD67B, 0xCE7B, 0xCE5B, 0xC65B, 0xC63B, 0xBE1B, 0xB5FB, 0xC61A, 0xD67A,
    0xDE9A, 0xDEBA, 0xDEBB, 0xDE9B, 0xDE9B, 0xDE9B, 0xDE9B, 0xDE9B, 0xDE9B, 0xDE9B, 0xD69C, 0xD69C, 0xD69C, 0xD69C, 0xD69C, 0xCE7C,
    0xCE5C, 0xC65C, 0xBE3C, 0xB61C, 0xB61C, 0xADFB, 0xADDB, 0xADFB, 0xB5FB, 0xB5FB, 0xADDB, 0x9D9A, 0x9D7A, 0xADBA, 0xBDFB, 0xBE1B,
    0xBE3B, 0xBE3B, 0xBE3C, 0xBE1C, 0xB61C, 0xB61C, 0xB5FC, 0xAE1C, 0xADFC, 0xADFB, 0xADFB, 0xB61B, 0xBE3B, 0xC63C, 0xBE3C, 0xB61C,
    0xAE1D, 0xAE1D, 0xB61C, 0xBE3D, 0xADFC, 0xA5DC, 0xBE3D, 0xC65D, 0xBE7D, 0xAE9F, 0x969F, 0x8EBF, 0x8E9F, 0x8E9F, 0x8E9F, 0x8E9F,
    0x8E9F, 0x869F, 0x869F, 0x869F, 0x869F, 0x869F, 0x869F, 0x869F, 0x869F, 0x869F, 0x867F, 0x867F, 0x867F, 0x869F, 0x867F, 0x867F,
    0x867E, 0x867F, 0x867F, 0x867F, 0x867F, 0x867F, 0x865F, 0x867F, 0x865E, 0x867F, 0x867F, 0x865F, 0x865F, 0x865F, 0x865F, 0x865F,
    0x865E, 0x865F, 0x863E, 0x863F, 0x7E3E, 0x7E3E, 0x7E3F, 0x7E3E, 0x7E3F, 0x7E3F, 0x7E3F, 0x7E3E, 0x7E3E, 0x7E1E, 0x7E1E, 0x7E1E,
    0x9EBF, 0x9EBF, 0x9EBF, 0x9EBF, 0x9EBF, 0x9EBF, 0x9EBF, 0x9EBF, 0x9EBF, 0x9EBF, 0x9EBF, 0x9EBF, 0x9EBF, 0x9EBF, 0x9EBF, 0x9EBF,
    0x9EBF, 0x9EBF, 0x9EBF, 0x9EBF, 0x9EBF, 0x9EBF, 0x9EBF, 0x9EBF, 0x9EBF, 0x9EBF, 0x9EBF, 0xAEDF, 0xDF3D, 0xF77B, 0xF77B, 0xF75B,
    0xF75A, 0xF75A, 0xF73A, 0xEF39, 0xEF39, 0xEF19, 0xEF18, 0xEF18, 0xEEF8, 0xEEF8, 0xEEF7, 0xEEF7, 0xEED7, 0xEED7, 0xEED7, 0xEED7,
    0xE6D7, 0xE6D7, 0xE6D7, 0xE6D7, 0xE6D7, 0xE6D7, 0xE6D7, 0xE6D7, 0xEED7, 0xEED7, 0xEED7, 0xEEF7, 0xEEF7, 0xEEF7, 0xEEF8, 0xEEF8,
    0xEEF8, 0xEF18, 0xEF18, 0xEF19, 0xEF39, 0xEF39, 0xEF3A, 0xF75A, 0xF75A, 0xF75B, 0xF75B, 0xE71C, 0xDEDD, 0xD6DD, 0xE71B, 0xEEFB,
    0xE6FC, 0xE6DC, 0xDEDC, 0xD6DD, 0xDEDC, 0xDEDC, 0xE6DC, 0xE6DB, 0xE6DB, 0xE6BB, 0xE6BB, 0xE6BB, 0xE6BB, 0xE6BB, 0xE6BB, 0xE6BB,
    0xDE9B, 0xDE9B, 0xDE9B, 0xD67A, 0xD67A, 0xD65A, 0xD65A, 0xDE7A, 0xDE9A, 0xDE9A, 0xDE9A, 0xDE9A, 0xDE9A, 0xDE9A, 0xDE9A, 0xDE9B,
    0xDE9B, 0xDE7B, 0xDE9B, 0xDE9A, 0xD67B, 0xD67B, 0xD67B, 0xCE7B, 0xCE5B, 0xC65B, 0xC63B, 0xBE1B, 0xBE1B, 0xB5FB, 0xBDFA, 0xD65A,
    0xDE9A, 0xDE9A, 0xDE9B, 0xDE9B, 0xDE9B, 0xDE9B, 0xDE9B, 0xDE9B, 0xD69B, 0xD69B, 0xD69B, 0xD69C, 0xD69C, 0xD69C, 0xCE7C, 0xCE7C,
    0xC65C, 0xC63C, 0xBE1B, 0xB5FB, 0xB61C, 0xADFB, 0xADDB, 0xADFB, 0xB5FB, 0xB5FB, 0xA5DB, 0x9D9A, 0x9D7A, 0xA59A, 0xB5DB, 0xBE1B,
    0xBE1B, 0xBE1B, 0xBE1B, 0xBE1C, 0xB61C, 0xB61C, 0xB5FC, 0xADFC, 0xADFB, 0xADFB, 0xB5FB, 0xBE1B, 0xC63B, 0xC63C, 0xC63C, 0xB61C,
    0xA5FD, 0xAE1D, 0xB61C, 0xBE3D, 0xB61C, 0xA5BB, 0xB61D, 0xC65D, 0xC67D, 0xB69F, 0x9E9F, 0x8E9F, 0x8E9F, 0x8EBF, 0x8E9F, 0x8E9F,
    0x8E9F, 0x869F, 0x8EBF, 0x869F, 0x869F, 0x8E9F, 0x869F, 0x869F, 0x869F, 0x869F, 0x867F, 0x869F, 0x869F, 0x867F, 0x867F, 0x867F,
    0x867F, 0x867F, 0x867F, 0x867F, 0x867F, 0x867F, 0x867F, 0x865E, 0x867F, 0x867F, 0x865F, 0x865F, 0x865F, 0x865F, 0x865F, 0x865F,
    0x865F, 0x865F, 0x865F, 0x7E5F, 0x7E5F, 0x7E3F, 0x7E3F, 0x7E3F, 0x7E3F, 0x7E3E, 0x7E3E, 0x7E3E, 0x7E1E, 0x7E3E, 0x7E1E, 0x7E1E,
    0x9EBF, 0x9EBF, 0x9EBF, 0x9EBF, 0x9EBF, 0x9EBF, 0x9EBF, 0x9EBF, 0x9EBF, 0x9EBF, 0x9EBF, 0x9EBF, 0x9EBF, 0x9EBF, 0x9EBF, 0x9EBF,
    0x9EBF, 0x9EBF, 0x9EBF, 0x9EBF, 0x9EBF, 0x9EBF, 0x9EBF, 0x9EBF, 0x9EBF, 0x9EBF, 0x9EBF, 0x9EBF, 0x9EBF, 0xA6BF, 0xC6FD, 0xE73B,
    0xF73A, 0xF73A, 0xEF39, 0xEF19, 0xEF19, 0xEF18, 0xEEF8, 0xEEF8, 0xEEF7, 0xEEF7, 0xEED7, 0xEED7, 0xEED7, 0xEED7, 0xEED6, 0xEED6,
    0xE6D6, 0xE6B6, 0xE6B6, 0xE6B6, 0xE6B6, 0xE6B6, 0xE6B6, 0xE6B6, 0xEED6, 0xEED6, 0xEED7, 0xEED7, 0xEED7, 0xEED7, 0xEED7, 0xEEF7,
    0xEEF8, 0xEEF8, 0xEEF8, 0xEF18, 0xEF19, 0xEF19, 0xEF39, 0xF73A, 0xE73B, 0xCEDC, 0xCEDE, 0xCEBD, 0xD6DD, 0xD6DD, 0xEF1B, 0xE6FB,
    0xE6DC, 0xE6DC, 0xD6DC, 0xD6DD, 0xDEDC, 0xDEDC, 0xDEDB, 0xE6BB, 0xE6BB, 0xE6BB, 0xE6BB, 0xE6BB, 0xE6BB, 0xE6BB, 0xE6BB, 0xDE9B,
    0xDE9B, 0xDE9A, 0xD67A, 0xD67A, 0xD65A, 0xCE3A, 0xCE3A, 0xD65A, 0xDE9A, 0xDE9A, 0xDE9A, 0xDE9A, 0xDE9A, 0xDE9A, 0xDE9A, 0xDE9A,
    0xDE9A, 0xDE9A, 0xDE7A, 0xD67A, 0xD67A, 0xD67A, 0xD67B, 0xCE5B, 0xCE5B, 0xC63B, 0xBE1B, 0xBE1B, 0xB5FB, 0xB5DA, 0xBDFA, 0xCE3A,
    0xDE9A, 0xDE9A, 0xDE9A, 0xDE9B, 0xDE9B, 0xDE9B, 0xDE9B, 0xD69B, 0xD69B, 0xD69B, 0xD69B, 0xD69C, 0xD69C, 0xCE7C, 0xCE7C, 0xCE5B,
    0xC65B, 0xBE1B, 0xB5FB, 0xB61B, 0xB61B, 0xADFB, 0xADDB, 0xB5FB, 0xB5FB, 0xB5FB, 0xA5BB, 0x9D7A, 0x9D7A, 0x9D7A, 0xADBA, 0xB5FB,
    0xBDFB, 0xBE1B, 0xBE1B, 0xBE1C, 0xB61C, 0xB5FC, 0xADFC, 0xADFC, 0xADFB, 0xADDB, 0xB5FB, 0xBE1B, 0xC63B, 0xC63B, 0xC63C, 0xB61C,
    0xA5FD, 0xAE1D, 0xB61C, 0xBE3C, 0xB61C, 0xA5DC, 0xADFC, 0xC65D, 0xC65D, 0xB69E, 0xA69F, 0x8E9F, 0x8E9F, 0x8E9F, 0x8E9F, 0x8EBF,
    0x869F, 0x8E9F, 0x869F, 0x869F, 0x869F, 0x869F, 0x869F, 0x869F, 0x867F, 0x869F, 0x869F, 0x869F, 0x869F, 0x867F, 0x867F, 0x867F,
    0x867F, 0x867F, 0x867E, 0x867F, 0x867F, 0x867F, 0x867F, 0x867F, 0x867F, 0x865F, 0x867F, 0x865F, 0x867F, 0x865F, 0x865F, 0x865F,
    0x865F, 0x865F, 0x7E5F, 0x7E5F, 0x7E3E, 0x7E3E, 0x7E3E, 0x7E3E, 0x7E3F, 0x7E3E, 0x7E3F, 0x7E1E, 0x7E3F, 0x7E1E, 0x7E3F, 0x7E1E,
    0x9EBF, 0x9EBF, 0x9EBF, 0x9EBF, 0x9EBF, 0x9EBF, 0x9EBF, 0x9EBF, 0x9EBF, 0x9EBF, 0x9EBF, 0x9EBF, 0x9EBF, 0x9EBF, 0x9EBF, 0x9EBF,
    0x9EBF, 0x9EBF, 0x9EBF, 0x9EBF, 0x9EBF, 0x9EBF, 0x9EBF, 0x9EBF, 0x9EBF, 0x9EBF, 0x9EBF, 0x9EBF, 0x9EBF, 0x9EBF, 0x9EBF, 0x9EBF,
    0xA6BF, 0xCEFC, 0xEF19, 0xEF19, 0xEF18, 0xEEF8, 0xEEF8, 0xEEF7, 0xEED7, 0xEED7, 0xEED7, 0xEED7, 0xEED6, 0xEEB6, 0xEEB6, 0xEEB6,
    0xEEB6, 0xEEB6, 0xEEB6, 0xEEB6, 0xEEB6, 0xEEB6, 0xEEB6, 0xEEB6, 0xEEB6, 0xEEB6, 0xEEB6, 0xEED6, 0xEED6, 0xEED7, 0xEED7, 0xEED7,
    0xEED7, 0xEEF7, 0xEEF8, 0xEEF8, 0xEF18, 0xEF19, 0xCEFB, 0xAEDE, 0x9EBF, 0xB69E, 0xCEBE, 0xCEBD, 0xD6DD, 0xD6DC, 0xEEFB, 0xE6FB,
    0xE6DC, 0xDEBC, 0xD6BC, 0xD6BD, 0xDEDC, 0xDEDC, 0xDEBB, 0xE6BB, 0xE6BB, 0xE6BB, 0xE6BA, 0xE6BA, 0xE6BA, 0xE69A, 0xDE9A, 0xDE9A,
    0xDE9A, 0xDE7A, 0xD67A, 0xCE5A, 0xCE3A, 0xC61A, 0xBDFA, 0xCE3A, 0xDE7A, 0xDE9A, 0xDE9A, 0xDE9A, 0xDE9A, 0xDE9A, 0xDE9A, 0xDE9A,
    0xDE9A, 0xD67A, 0xD67A, 0xD67A, 0xD67A, 0xD67A, 0xCE5A, 0xCE5A, 0xC63B, 0xC63B, 0xBE1B, 0xB5FB, 0xB5FB, 0xB5DA, 0xB5DA, 0xCE19,
    0xDE7A, 0xDE9A, 0xDE9A, 0xDE9B, 0xDE9B, 0xDE9B, 0xD69B, 0xD69B, 0xD69B, 0xD69B, 0xD67B, 0xD67B, 0xD67B, 0xCE7B, 0xCE5B, 0xC65B,
    0xBE3B, 0xBE1B, 0xB61B, 0xB61B, 0xADFB, 0xADDB, 0xADDB, 0xB5FB, 0xBDFB, 0xB5DB, 0xA59A, 0x9D7A, 0x9D5A, 0x9D7A, 0xA59A, 0xB5DA,
    0xB5FB, 0xBDFB, 0xB5FB, 0xB5FB, 0xB5FB, 0xADFB, 0xADFC, 0xAE1C, 0xADFB, 0xADDB, 0xB61B, 0xBE1B, 0xC63B, 0xC63B, 0xBE3C, 0xB61C,
    0xA5FD, 0xADFC, 0xB5FC, 0xBE3C, 0xBE3C, 0xADDC, 0xA5DC, 0xBE5D, 0xC65C, 0xBE7E, 0xAE9F, 0x8E9E, 0x8EBF, 0x8E9F, 0x8EBF, 0x8EBF,
    0x8E9F, 0x8E9F, 0x869F, 0x8E9F, 0x86BF, 0x869F, 0x869F, 0x869F, 0x869F, 0x869F, 0x869F, 0x869F, 0x869F, 0x867F, 0x869F, 0x867F,
    0x867F, 0x867F, 0x867F, 0x867F, 0x867F, 0x867F, 0x867F, 0x867F, 0x867F, 0x867F, 0x867F, 0x867F, 0x865F, 0x865F, 0x865F, 0x865F,
    0x865F, 0x865E, 0x7E5F, 0x7E5E, 0x7E3E, 0x865F, 0x7E3E, 0x865F, 0x7E3F, 0x7E3F, 0x7E3F, 0x7E3F, 0x7E3E, 0x7E3E, 0x7E3E, 0x7E1E,
    0x9EBF, 0x9EBF, 0x9EBF, 0x9EBF, 0x9EBF, 0x9EBF, 0x9EBF, 0x9EBF, 0x9EBF, 0x9EBF, 0x9EBF, 0x9EBF, 0x9EBF, 0x9EBF, 0x9EBF, 0x9EBF,
    0x9EBF, 0x9EBF, 0x9EBF, 0x9EBF, 0x9EBF, 0x9EBF, 0x9EBF, 0x9EBF, 0x9EBF, 0x9EBF, 0x9EBF, 0x9EBF, 0x9EBF, 0x9EBF, 0x9EBF, 0x9EBF,
    0x9EBF, 0x9EBF, 0x9EBF, 0xB6DD, 0xDEFA, 0xEEF8, 0xEEF7, 0xEED7, 0xEED7, 0xEED7, 0xEED6, 0xEEB6, 0xEEB6, 0xEEB6, 0xEEB6, 0xEEB6,
    0xEEB6, 0xEEB6, 0xEEB6, 0xEEB6, 0xEEB6, 0xEEB6, 0xEEB6, 0xEEB6, 0xEEB6, 0xEEB6, 0xEEB6, 0xEEB6, 0xEEB6, 0xEED6, 0xEED7, 0xEED7,
    0xEED7, 0xEED7, 0xEEF7, 0xD6FA, 0xBEDD, 0x9EBF, 0x9EBF, 0x9EBF, 0x9E9F, 0xBEBE, 0xCEBE, 0xD6BD, 0xD6DD, 0xD6DC, 0xE6FC, 0xE6DC,
    0xE6DC, 0xDEBC, 0xD6BC, 0xD6BC, 0xD6DC, 0xDEBB, 0xDEBB, 0xE6BB, 0xE6BB, 0xE6BA, 0xE6BA, 0xDEBA, 0xDE9A, 0xDE9A, 0xDE9A, 0xDE9A,
    0xDE7A, 0xD67A, 0xD65A, 0xCE5A, 0xC63A, 0xBDFA, 0xB5B9, 0xBDF9, 0xD63A, 0xD67A, 0xDE7A, 0xDE7A, 0xDE7A, 0xDE7A, 0xDE7A, 0xD67A,
    0xD67A, 0xD67A, 0xD67A, 0xD67A, 0xD65A, 0xCE5A, 0xCE5A, 0xC63A, 0xC61A, 0xBE1A, 0xB5FA, 0xB5DA, 0xB5DA, 0xB5DA, 0xB5DA, 0xC5F9,
    0xD659, 0xDE7A, 0xDE7A, 0xDE7A, 0xDE7A, 0xD69B, 0xD67B, 0xD67B, 0xD67B, 0xD67B, 0xD67B, 0xCE7B, 0xCE5B, 0xCE5B, 0xC63B, 0xBE1B,
    0xBE1B, 0xB5FB, 0xB5FB, 0xADFB, 0xADDB, 0xADDB, 0xB5FB, 0xBDFA, 0xBDFB, 0xADBA, 0xAD99, 0xA579, 0x9D5A, 0x9D59, 0xA57A, 0xADBA,
    0xB5DA, 0xB5FB, 0xB5FB, 0xB5FB, 0xADDB, 0xADDB, 0xAE1C, 0xAE1C, 0xADFB, 0xADDB, 0xB61B, 0xBE3B, 0xC63B, 0xC63B, 0xBE3B, 0xB5FC,
    0xA5FC, 0xADFC, 0xB5FC, 0xBE3C, 0xBE3C, 0xADFC, 0xA5DC, 0xBE3C, 0xC65C, 0xBE5D, 0xB69F, 0x9E9F, 0x8EBF, 0x8E9F, 0x8E9F, 0x8E9F,
    0x869F, 0x86BF, 0x869F, 0x869F, 0x869F, 0x869F, 0x869F, 0x869F, 0x869F, 0x869F, 0x867F, 0x869F, 0x869F, 0x867F, 0x867F, 0x867F,
    0x867F, 0x867F, 0x867F, 0x867F, 0x867E, 0x867F, 0x867F, 0x867F, 0x867F, 0x865F, 0x865F, 0x865F, 0x865E, 0x865F, 0x865F, 0x7E5F,
    0x865F, 0x865F, 0x865F, 0x7E5F, 0x7E3F, 0x7E3F, 0x7E3E, 0x7E3E, 0x7E3E, 0x7E3E, 0x7E3E, 0x7E3E, 0x7E3E, 0x7E3E, 0x7E1E, 0x7E1E,
    0x9EBF, 0x9EBF, 0x9EBF, 0x9EBF, 0x9EBF, 0x9EBF, 0x9EBF, 0x9EBF, 0x9EBF, 0x9EBF, 0x9EBF, 0x9EBF, 0x9EBF, 0x9EBF, 0x9EBF, 0x9EBF,
    0x9EBF, 0x9EBF, 0x9EBF, 0x9EBF, 0x9EBF, 0x9EBF, 0x9EBF, 0x9EBF, 0x9EBF, 0x9EBF, 0x9EBF, 0x9EBF, 0x9EBF, 0x9EBF, 0x9EBF, 0x9EBF,
    0x9EBF, 0x9EBF, 0x9EBF, 0x9EBF, 0x9EBF, 0xA6BF, 0xC6DB, 0xDED9, 0xEED7, 0xEED7, 0xEED6, 0xEEB6, 0xEEB6, 0xEEB6, 0xEEB6, 0xEEB6,
    0xEEB5, 0xEEB5, 0xEE95, 0xEE95, 0xEE95, 0xEE95, 0xEEB5, 0xEEB5, 0xEEB6, 0xEEB6, 0xEEB6, 0xEEB6, 0xEEB6, 0xEEB6, 0xEED7, 0xEED7,
    0xE6D8, 0xC6DC, 0xAEBE, 0x9EBF, 0x9EBF, 0x9EBF, 0x9EBF, 0x9EBF, 0xA69E, 0xC6BE, 0xCE9D, 0xD6BD, 0xD6DD, 0xD6BC, 0xE6DC, 0xE6DC,
    0xDEBC, 0xDEBB, 0xD6BC, 0xD6BC, 0xD6BC, 0xDEBB, 0xDEBB, 0xDEBB, 0xDEBA, 0xDE9A, 0xDE9A, 0xDE9A, 0xDE9A, 0xDE9A, 0xDE9A, 0xDE7A,
    0xDE7A, 0xD67A, 0xCE5A, 0xCE3A, 0xC5FA, 0xB5D9, 0xADB9, 0xB5B9, 0xC5F9, 0xD65A, 0xD65A, 0xD67A, 0xDE7A, 0xD67A, 0xD67A, 0xD67A,
    0xD67A, 0xD65A, 0xD65A, 0xD65A, 0xCE5A, 0xCE3A, 0xC63A, 0xC61A, 0xBE1A, 0xBDFA, 0xB5DA, 0xB5DA, 0xB5DA, 0xB5DA, 0xB5D9, 0xC5D9,
    0xD639, 0xD659, 0xD67A, 0xD67A, 0xD67A, 0xD67A, 0xD67A, 0xD67B, 0xD67B, 0xCE7B, 0xCE5B, 0xCE5B, 0xC63B, 0xC63B, 0xBE1B, 0xB5FB,
    0xB5DB, 0xB5DB, 0xADDB, 0xADDB, 0xB5DB, 0xB5FA, 0xBDFA, 0xBE1A, 0xB5DA, 0xAD99, 0xAD79, 0xA579, 0xA559, 0x9D59, 0xA579, 0xA59A,
    0xADBA, 0xB5DA, 0xB5DB, 0xADDB, 0xADDB, 0xADDB, 0xADFB, 0xADFB, 0xADDB, 0xB5FB, 0xBE1B, 0xC63B, 0xC63B, 0xC63B, 0xBE1B, 0xADFC,
    0xA5DC, 0xADFC, 0xB5FC, 0xBE3C, 0xC65C, 0xADFC, 0xA5DC, 0xB61C, 0xC65D, 0xC65D, 0xB69E, 0xA69F, 0x8EBF, 0x8E9F, 0x8EBF, 0x8E9F,
    0x86BF, 0x869F, 0x869F, 0x869F, 0x869F, 0x869F, 0x869F, 0x869F, 0x869F, 0x869F, 0x869F, 0x869F, 0x869F, 0x867F, 0x867F, 0x867F,
    0x869F, 0x867F, 0x867F, 0x867F, 0x867F, 0x867F, 0x867F, 0x867F, 0x865F, 0x867F, 0x865F, 0x867F, 0x867F, 0x865F, 0x865F, 0x865F,
    0x865F, 0x865F, 0x7E5F, 0x865F, 0x865F, 0x7E3E, 0x7E3E, 0x7E5F, 0x7E3E, 0x7E3F, 0x7E3E, 0x7E3F, 0x7E3E, 0x7E3F, 0x7E1E, 0x7E3F,
    0x9EBF, 0x9EBF, 0x9EBF, 0x9EBF, 0x9EBF, 0x9EBF, 0x9EBF, 0x9EBF, 0x9EBF, 0x9EBF, 0x9EBF, 0x9EBF, 0x9EBF, 0x9EBF, 0x9EBF, 0x9EBF,
    0x9EBF, 0x9EBF, 0x9EBF, 0x9EBF, 0x9EBF, 0x9EBF, 0x9EBF, 0x9EBF, 0x9EBF, 0x9EBF, 0x9EBF, 0x9EBF, 0x9EBF, 0x9EBF, 0x9EBF, 0x9EBF,
    0x9EBF, 0x9EBF, 0x9EBF, 0x9EBF, 0x9EBF, 0x9EBF, 0x9EBF, 0x9EBF, 0xB6BD, 0xD6DA, 0xEEB7, 0xEEB6, 0xEEB6, 0xEEB6, 0xEE95, 0xEE95,
    0xEE95, 0xEE95, 0xEE95, 0xEE95, 0xEE95, 0xEE95, 0xEE95, 0xEE95, 0xEE95, 0xEE96, 0xEEB6, 0xEEB6, 0xEEB6, 0xE6B7, 0xD6B9, 0xB6BD,
    0x9EBF, 0x9EBF, 0x9EBF, 0x9EBF, 0x9EBF, 0x9EBF, 0x9EBF, 0x9EBF, 0xAE9E, 0xCEBE, 0xCE9D, 0xD6BD, 0xCEDD, 0xCE9C, 0xE6DC, 0xDEDC,
    0xDEBC, 0xDEBB, 0xDEBC, 0xCEBC, 0xD6BC, 0xD6BB, 0xDEBB, 0xDE9B, 0xDE9A, 0xDE9A, 0xDE9A, 0xDE9A, 0xDE9A, 0xDE9A, 0xDE7A, 0xDE7A,
    0xD65A, 0xCE5A, 0xCE3A, 0xC61A, 0xBDDA, 0xB5B9, 0xAD99, 0xB599, 0xC5D9, 0xCE19, 0xCE5A, 0xD65A, 0xD65A, 0xD65A, 0xD65A, 0xD65A,
    0xD65A, 0xD65A, 0xCE5A, 0xCE3A, 0xCE3A, 0xC63A, 0xC61A, 0xBDFA, 0xBDFA, 0xB5DA, 0xB5DA, 0xB5DA, 0xB5DA, 0xB5DA, 0xBDD9, 0xBDD9,
    0xCDF8, 0xD639, 0xD659, 0xD659, 0xD65A, 0xD65A, 0xD65A, 0xCE5A, 0xCE5A, 0xCE5A, 0xCE3B, 0xC63B, 0xC61B, 0xBDFB, 0xB5DA, 0xB5DA,
    0xADDA, 0xADBA, 0xADDA, 0xB5DA, 0xB5DA, 0xBDFA, 0xBE1A, 0xC61A, 0xB5B9, 0xB577, 0xAD78, 0xA579, 0xA579, 0xA559, 0xA579, 0xA579,
    0xAD9A, 0xADBA, 0xADBA, 0xADBB, 0xADBB, 0xADDB, 0xADDB, 0xADDB, 0xADDB, 0xB5FB, 0xBE1B, 0xC61B, 0xC63B, 0xC63B, 0xB61B, 0xADFC,
    0xA5DC, 0xADFC, 0xB61B, 0xC63C, 0xC65C, 0xADFB, 0xA5DC, 0xAE1D, 0xC65C, 0xC67D, 0xB67E, 0xAEBF, 0x8E9F, 0x8EBF, 0x86BF, 0x86BF,
    0x869F, 0x869F, 0x869F, 0x8E9F, 0x869F, 0x869F, 0x869F, 0x869F, 0x869F, 0x869F, 0x869F, 0x869F, 0x867F, 0x869F, 0x867E, 0x869F,
    0x867F, 0x867F, 0x867F, 0x867F, 0x867F, 0x867F, 0x867F, 0x867F, 0x867F, 0x867F, 0x867F, 0x867F, 0x865F, 0x865F, 0x865F, 0x865F,
    0x865E, 0x7E5E, 0x7E5F, 0x7E3E, 0x7E5F, 0x7E3E, 0x7E5F, 0x7E3E, 0x7E3F, 0x7E3E, 0x7E3E, 0x7E3E, 0x7E3E, 0x7E3E, 0x7E1E, 0x7E1E,
    0x9EBF, 0x9EBF, 0x9EBF, 0x9EBF, 0x9EBF, 0x9EBF, 0x9EBF, 0x9EBF, 0x9EBF, 0x9EBF, 0x9EBF, 0x9EBF, 0x9EBF, 0x9EBF, 0x9EBF, 0x9EBF,
    0x9EBF, 0x9EBF, 0x9EBF, 0x9EBF, 0x9EBF, 0x9EBF, 0x9EBF, 0x9EBF, 0x9EBF, 0x9EBF, 0x9EBF, 0x9EBF, 0x9EBF, 0x9EBF, 0x9EBF, 0x9EBF,
    0x9EBF, 0x9EBF, 0x9EBF, 0x9EBF, 0x9EBF, 0x9EBF, 0x9EBF, 0x9EBF, 0x9EBF, 0x9EBF, 0xA6BF, 0xD6BA, 0xEEB6, 0xEEB6, 0xEE95, 0xEE95,
    0xEE95, 0xEE95, 0xEE95, 0xEE95, 0xEE95, 0xEE95, 0xEE95, 0xEE95, 0xEE95, 0xEE95, 0xEEB6, 0xEEB6, 0xD6B9, 0xAEBE, 0x9EBF, 0x9EBF,
    0x9EBF, 0x9EBF, 0x9EBF, 0x9EBF, 0x9EBF, 0x9EBF, 0x9EBF, 0x9EBF, 0xB6BE, 0xCEBE, 0xCE9D, 0xD6BD, 0xCEDD, 0xCE9C, 0xDEDC, 0xDEBC,
    0xDEBB, 0xDEBB, 0xDEBB, 0xCE9C, 0xD6BC, 0xD6BB, 0xDE9B, 0xDE9B, 0xDE9A, 0xDE9A, 0xDE9A, 0xDE9A, 0xDE7A, 0xDE7A, 0xD67A, 0xD65A,
    0xD65A, 0xCE39, 0xC61A, 0xBDFA, 0xB5B9, 0xB599, 0xAD99, 0xB599, 0xBDB8, 0xC5D8, 0xC61A, 0xCE3A, 0xCE3A, 0xD63A, 0xD63A, 0xD63A,
    0xD639, 0xCE39, 0xCE39, 0xCE19, 0xC619, 0xC619, 0xBDFA, 0xB5DA, 0xB5DA, 0xB5DA, 0xB5DA, 0xB5DA, 0xB5DA, 0xB5DA, 0xBDF9, 0xC5D8,
    0xC5D8, 0xCDF8, 0xCE19, 0xCE19, 0xCE39, 0xCE39, 0xCE3A, 0xCE3A, 0xC61A, 0xC61A, 0xBE1A, 0xBDFA, 0xB5DA, 0xB5DA, 0xADDA, 0xADBA,
    0xADBA, 0xADBA, 0xB5BA, 0xB5DA, 0xBDFA, 0xBDFA, 0xBDFA, 0xB5B9, 0xB557, 0xB556, 0xAD77, 0xAD78, 0xA578, 0xA579, 0xA579, 0xA579,
    0xAD9A, 0xADBA, 0xADBA, 0xADBA, 0xADBB, 0xADDB, 0xADDB, 0xADDB, 0xB5DB, 0xB5FB, 0xBE1B, 0xC61B, 0xCE5B, 0xBE3B, 0xB5FB, 0xA5DC,
    0xA5DC, 0xADFB, 0xBE1C, 0xC65C, 0xC65C, 0xADDB, 0xA5DC, 0xA5FD, 0xBE5D, 0xC67D, 0xBE7E, 0xB69F, 0x9E9F, 0x8EBF, 0x86BF, 0x869F,
    0x8E9F, 0x869F, 0x8E9F, 0x8E9F, 0x869F, 0x869F, 0x869F, 0x869F, 0x869F, 0x869F, 0x869F, 0x869F, 0x869F, 0x869F, 0x869F, 0x867F,
    0x867F, 0x867F, 0x867F, 0x867F, 0x867F, 0x867F, 0x867F, 0x867F, 0x867F, 0x867F, 0x867F, 0x865F, 0x865F, 0x865F, 0x865F, 0x865F,
    0x865F, 0x7E5F, 0x7E5F, 0x7E5F, 0x7E5F, 0x7E5F, 0x7E3F, 0x7E3F, 0x7E3F, 0x7E3E, 0x7E3E, 0x7E3E, 0x7E3E, 0x7E1E, 0x7E3F, 0x7E1E,
    0x9EBF, 0x9EBF, 0x9EBF, 0x9EBF, 0x9EBF, 0x9EBF, 0x9EBF, 0x9EBF, 0x9EBF, 0x9EBF, 0x9EBF, 0x9EBF, 0x9EBF, 0x9EBF, 0x9EBF, 0x9EBF,
    0x9EBF, 0x9EBF, 0x9EBF, 0x9EBF, 0x9EBF, 0x9EBF, 0x9EBF, 0x9EBF, 0x9EBF, 0x9EBF, 0x9EBF, 0x9EBF, 0x9EBF, 0x9EBF, 0x9EBF, 0x9EBF,
    0x9EBF, 0x9EBF, 0x9EBF, 0x9EBF, 0x9EBF, 0x9EBF, 0x9EBF, 0x9EBF, 0x9EBF, 0x9EBF, 0x9EBF, 0x9EBF, 0xE6B7, 0xEEB6, 0xEE95, 0xEE95,
    0xEE95, 0xEE95, 0xEE75, 0xEE95, 0xEE75, 0xEE95, 0xEE95, 0xEE95, 0xEE95, 0xEE95, 0xEEB6, 0xE6B8, 0x9EBF, 0x9EBF, 0x9EBF, 0x9EBF,
    0x9EBF, 0x9EBF, 0x9EBF, 0x9EBF, 0x9EBF, 0x9EBF, 0x9EBF, 0x9E9F, 0xC6DE, 0xCE9D, 0xCEBD, 0xD6BC, 0xCEBD, 0xC69C, 0xDEBC, 0xDEBC,
    0xD69B, 0xDEBB, 0xDE9B, 0xCE9C, 0xCE9C, 0xD69B, 0xD69B, 0xDE9B, 0xDE9A, 0xDE9A, 0xDE7A, 0xDE7A, 0xDE7A, 0xD659, 0xD659, 0xD639,
    0xCE39, 0xCE19, 0xC5F9, 0xB5D9, 0xB5B9, 0xB5B9, 0xB599, 0xBDB8, 0xBD98, 0xC576, 0xC5D8, 0xBE1A, 0xC63A, 0xC61A, 0xCE3A, 0xCE39,
    0xCE19, 0xCE19, 0xCE19, 0xC5F9, 0xC5F9, 0xBDD9, 0xB5D9, 0xB5D9, 0xB5DA, 0xB5DA, 0xB5DA, 0xB5DA, 0xBDD9, 0xBDF9, 0xC5D9, 0xC597,
    0xC5B7, 0xCDF8, 0xCDF8, 0xC5F8, 0xC5F8, 0xC5F9, 0xC5F9, 0xC5F9, 0xBDF9, 0xBDFA, 0xB5DA, 0xB5DA, 0xADDA, 0xADBA, 0xADBA, 0xADBA,
    0xADBA, 0xB5DA, 0xB5DA, 0xBDFA, 0xC63A, 0xBDFA, 0xB5D9, 0xAD35, 0x934B, 0xACD4, 0xAD57, 0xAD78, 0xAD98, 0xA579, 0xA579, 0xA599,
    0xAD99, 0xAD9A, 0xADBA, 0xADBA, 0xADBA, 0xADDB, 0xADDB, 0xB5DB, 0xB5FB, 0xBE1B, 0xBE1B, 0xC63B, 0xDEBC, 0xBE1B, 0xADDB, 0xA5BB,
    0xA5DB, 0xADFB, 0xBE3C, 0xC63C, 0xC65C, 0xADFB, 0xA5DC, 0xA5FD, 0xBE3D, 0xC67D, 0xBE5D, 0xB69F, 0xA69F, 0x8EBF, 0x869F, 0x8E9F,
    0x869F, 0x8E9F, 0x869F, 0x869F, 0x869F, 0x869F, 0x869F, 0x869F, 0x869F, 0x869F, 0x869F, 0x869F, 0x867F, 0x867F, 0x867F, 0x867F,
    0x867E, 0x867F, 0x867F, 0x867F, 0x867F, 0x867F, 0x867F, 0x867F, 0x867F, 0x865F, 0x865F, 0x865F, 0x865F, 0x865F, 0x865F, 0x7E5F,
    0x7E5F, 0x7E5F, 0x7E5E, 0x7E5F, 0x7E3E, 0x7E3E, 0x7E3E, 0x7E3E, 0x7E3F, 0x7E3E, 0x7E3F, 0x7E3E, 0x7E3F, 0x7E3E, 0x7E3E, 0x7E3E,
    0x9EBF, 0x9EBF, 0x9EBF, 0x9EBF, 0x9EBF, 0x9EBF, 0x9EBF, 0x9EBF, 0x9EBF, 0x9EBF, 0x9EBF, 0x9EBF, 0x9EBF, 0x9EBF, 0x9EBF, 0x9EBF,
    0x9EBF, 0x9EBF, 0x9EBF, 0x9EBF, 0x9EBF, 0x9EBF, 0x9EBF, 0x9EBF, 0x9EBF, 0x9EBF, 0x9EBF, 0x9EBF, 0x9EBF, 0x9EBF, 0x9EBF, 0x9EBF,
    0x9EBF, 0x9EBF, 0x9EBF, 0x9EBF, 0x9EBF, 0x9EBF, 0x9EBF, 0x9EBF, 0x9EBF, 0x9EBF, 0x9EBF, 0x9EBF, 0xB6BD, 0xEEB6, 0xEE95, 0xEE95,
    0xEE95, 0xEE75, 0xEE74, 0xEE74, 0xEE74, 0xEE74, 0xEE75, 0xEE95, 0xEE95, 0xEE95, 0xEEB6, 0xBEBC, 0x9EBF, 0x9EBF, 0x9EBF, 0x9EBF,
    0x9EBF, 0x9EBF, 0x9EBF, 0x9EBF, 0x9EBF, 0x9EBF, 0xA6BF, 0xA6BF, 0xCEBE, 0xC69D, 0xCE9D, 0xD6BC, 0xCEBD, 0xC67C, 0xD6BC, 0xD6BC,
    0xD69B, 0xD69B, 0xDE9B, 0xD69B, 0xCE7C, 0xD69B, 0xD69B, 0xD67A, 0xDE7A, 0xDE7A, 0xDE7A, 0xD679, 0xD659, 0xD659, 0xD639, 0xCE39,
    0xCE19, 0xC5F9, 0xBDD9, 0xB5B9, 0xB5B9, 0xB5B9, 0xBDB8, 0xBD98, 0xC556, 0xB40F, 0xABCD, 0xBD56, 0xB5D9, 0xBE1A, 0xBDFA, 0xBDFA,
    0xC5F9, 0xC5F9, 0xC5F9, 0xBDD9, 0xBDD9, 0xBDD9, 0xBDD9, 0xBDD9, 0xBDD9, 0xBDD9, 0xBDD9, 0xBDF9, 0xC5F9, 0xC5F9, 0xC5B7, 0xCD54,
    0xCD75, 0xCDB7, 0xD618, 0xCDF8, 0xC5F8, 0xC5D9, 0xC5D9, 0xBDD9, 0xBDD9, 0xB5D9, 0xB5D9, 0xB5B9, 0xB5BA, 0xB5BA, 0xB5DA, 0xB5DA,
    0xB5DA, 0xBDDA, 0xBDFA, 0xBDFA, 0xB5D9, 0xB5B8, 0xB535, 0xAC30, 0xABCE, 0xA3CE, 0xACF4, 0xAD57, 0xAD98, 0xAD98, 0xA599, 0xAD99,
    0xAD99, 0xADB9, 0xADBA, 0xADDA, 0xADDA, 0xADDA, 0xB5FA, 0xB5FB, 0xBDFB, 0xBE1B, 0xBE1B, 0xC63B, 0xBE1B, 0xADFB, 0x9DBB, 0xA5BB,
    0xA5DB, 0xADFB, 0xBE1B, 0xC65C, 0xC65C, 0xADFB, 0xA5DC, 0xA5FD, 0xB63D, 0xC67D, 0xC67D, 0xB69E, 0xAE9F, 0x8EBF, 0x8E9F, 0x8E9F,
    0x8E9F, 0x869F, 0x869F, 0x869F, 0x869F, 0x869F, 0x869F, 0x869F, 0x869F, 0x869F, 0x869F, 0x869F, 0x869F, 0x867F, 0x867F, 0x867F,
    0x867F, 0x867F, 0x867F, 0x867F, 0x867F, 0x867F, 0x867F, 0x867F, 0x865F, 0x865F, 0x865F, 0x865F, 0x865F, 0x865F, 0x865F, 0x865F,
    0x7E5F, 0x865F, 0x7E5E, 0x865F, 0x7E3E, 0x7E3F, 0x7E3E, 0x7E3F, 0x7E3E, 0x7E3F, 0x7E3E, 0x7E3F, 0x7E3E, 0x7E3E, 0x7E3E, 0x7E3E,
    0x9EBF, 0x9EBF, 0x9EBF, 0x9EBF, 0x9EBF, 0x9EBF, 0x9EBF, 0x9EBF, 0x9EBF, 0x9EBF, 0x9EBF, 0x9EBF, 0x9EBF, 0x9EBF, 0x9EBF, 0x9EBF,
    0x9EBF, 0x9EBF, 0x9EBF, 0x9EBF, 0x9EBF, 0x9EBF, 0x9EBF, 0x9EBF, 0x9EBF, 0x9EBF, 0x9EBF, 0x9EBF, 0x9EBF, 0x9EBF, 0x9EBF, 0x9EBF,
    0x9EBF, 0x9EBF, 0x9EBF, 0x9EBF, 0x9EBF, 0x9EBF, 0x9EBF, 0x9EBF, 0x9EBF, 0xA6BF, 0xA6BF, 0xA6BF, 0xA6BF, 0xEEB7, 0xEEB6, 0xEE95,
    0xEE95, 0xEE74, 0xEE74, 0xEE74, 0xEE74, 0xEE74, 0xEE74, 0xEE95, 0xEE95, 0xF6B6, 0xE6B8, 0xA6BF, 0x9EBF, 0x9EDF, 0x9EBF, 0x9EBF,
    0x9EBF, 0x9EBF, 0x9EBF, 0x9EBF, 0xA6BF, 0xA6BF, 0xA6DF, 0xAEBF, 0xCEBE, 0xC69D, 0xCEBD, 0xD6BC, 0xCEBD, 0xBE7D, 0xD6BC, 0xD6BC,
    0xD69B, 0xD69B, 0xDE9B, 0xD69B, 0xCE7B, 0xCE7B, 0xD67B, 0xD67A, 0xD67A, 0xD65A, 0xD65A, 0xD659, 0xD639, 0xD639, 0xCE19, 0xCE19,
    0xC5F9, 0xBDD9, 0xB5B9, 0xB5B9, 0xB5B9, 0xBDB8, 0xBD98, 0xBD76, 0xBCB2, 0xB3CD, 0xB42F, 0xBC4F, 0xBCB2, 0xB578, 0xADDA, 0xADDA,
    0xB5DA, 0xBDD9, 0xC5D9, 0xC5D8, 0xCDF8, 0xCDF8, 0xD5F8, 0xCDF8, 0xCDF8, 0xC5F8, 0xC5F9, 0xC5F8, 0xC5D8, 0xCDB7, 0xCD54, 0xCCB1,
    0xC4B0, 0xCD54, 0xCDB7, 0xCDF7, 0xCE18, 0xCDF8, 0xC5F9, 0xC5D9, 0xBDD9, 0xBDD9, 0xBDD9, 0xB5D9, 0xBDD9, 0xBDD9, 0xBDD9, 0xBDFA,
    0xBDDA, 0xB5D9, 0xB5D9, 0xB5B9, 0xB577, 0xB4B3, 0xAC30, 0xAC30, 0xAC2F, 0xAC0F, 0xAC0F, 0xA4B3, 0xA537, 0xA578, 0xA578, 0xAD99,
    0xAD99, 0xADB9, 0xB5B9, 0xB5DA, 0xB5DA, 0xB5DA, 0xB5FA, 0xBDFA, 0xBDFB, 0xBE1B, 0xBE1B, 0xBE1B, 0xB5FB, 0xA5BB, 0x9D9B, 0xA5BB,
    0xA5DB, 0xADDB, 0xBE1B, 0xC65B, 0xC63C, 0xADDB, 0xA5BB, 0xA5FD, 0xAE1D, 0xC67D, 0xC67D, 0xB67E, 0xB69F, 0x969F, 0x869F, 0x8E9F,
    0x869F, 0x869F, 0x869F, 0x869F, 0x869F, 0x869F, 0x869F, 0x869F, 0x869F, 0x869F, 0x867F, 0x867F, 0x867F, 0x867F, 0x867F, 0x867F,
    0x867F, 0x867F, 0x867F, 0x867F, 0x867F, 0x865F, 0x865F, 0x865F, 0x865F, 0x865F, 0x865F, 0x865F, 0x865F, 0x7E5F, 0x865F, 0x865F,
    0x7E5F, 0x865F, 0x7E3F, 0x7E3F, 0x7E3F, 0x7E3E, 0x7E3E, 0x7E3E, 0x7E3E, 0x7E3E, 0x7E3E, 0x7E3F, 0x7E3E, 0x7E3F, 0x7E1E, 0x7E1E,
    0x9EBF, 0x9EBF, 0x9EBF, 0x9EBF, 0x9EBF, 0x9EBF, 0x9EBF, 0x9EBF, 0x9EBF, 0x9EBF, 0x9EBF, 0x9EBF, 0x9EBF, 0x9EBF, 0x9EBF, 0x9EBF,
    0x9EBF, 0x9EBF, 0x9EBF, 0x9EBF, 0x9EBF, 0x9EBF, 0x9EBF, 0x9EBF, 0x9EBF, 0x9EBF, 0x9EBF, 0x9EBF, 0x9EBF, 0x9EBF, 0x9EBF, 0x9EBF,
    0x9EBF, 0x9EBF, 0xA6DF, 0x9EDF, 0xA6BF, 0xA6BF, 0xA6BF, 0xA6DF, 0xA6DF, 0xA6DF, 0xA6DF, 0xA6DF, 0xA6DF, 0xCEDB, 0xF6B6, 0xF695,
    0xEE95, 0xEE74, 0xEE74, 0xEE74, 0xEE74, 0xEE74, 0xEE74, 0xEE95, 0xF695, 0xF6B6, 0xD6BA, 0xA6DF, 0xA6DF, 0xA6DF, 0xA6DF, 0x9EBF,
    0x9EBF, 0x9EBF, 0x9EBF, 0xA6BF, 0xA6DF, 0xA6DF, 0xAEDF, 0xB6BE, 0xCEBE, 0xC69D, 0xCEBD, 0xD6BC, 0xD6BD, 0xC69D, 0xCE9C, 0xD69C,
    0xD69B, 0xD69B, 0xD69B, 0xD69B, 0xCE7B, 0xC65B, 0xCE5B, 0xCE5A, 0xD65A, 0xD65A, 0xD65A, 0xD639, 0xCE39, 0xCE19, 0xCE19, 0xC5F9,
    0xBDD9, 0xB5B9, 0xB5B9, 0xBDB8, 0xBDB8, 0xC5B8, 0xBD77, 0xBCF3, 0xBC2F, 0xBC50, 0xBC70, 0xBC90, 0xBC70, 0xBC70, 0xBCD3, 0xB577,
    0xADB9, 0xB5D9, 0xBDD9, 0xC5F8, 0xCDF8, 0xD5F8, 0xD5F8, 0xD5F8, 0xCDF8, 0xCDF8, 0xCDD7, 0xCDB6, 0xC596, 0xC534, 0xCCB1, 0xC490,
    0xC490, 0xC490, 0xCD12, 0xCDB6, 0xCDD7, 0xCDF8, 0xD618, 0xCE19, 0xCDF8, 0xC5F9, 0xC5F9, 0xC5F9, 0xC5F9, 0xC5F9, 0xBDF9, 0xBDD9,
    0xBDD9, 0xBDB8, 0xBD77, 0xB4D3, 0xB450, 0xB430, 0xAC2F, 0xAC30, 0xAC2F, 0xAC0F, 0xAC0F, 0xA3EF, 0xA430, 0xA4F5, 0xA558, 0xA578,
    0xAD99, 0xAD99, 0xADB9, 0xB5FA, 0xC65B, 0xC63B, 0xBDFA, 0xBDFA, 0xBDFA, 0xBDFA, 0xBDFA, 0xB5FA, 0xA5BA, 0x9D9A, 0xA5BB, 0xA5DB,
    0xADDB, 0xADDB, 0xBE1B, 0xC65B, 0xBE1B, 0xA5BB, 0xA5BB, 0xA5FD, 0xA61D, 0xC65D, 0xC67D, 0xBE7D, 0xB69F, 0xA69F, 0x8EBF, 0x869F,
    0x869F, 0x869F, 0x869F, 0x869F, 0x869F, 0x869F, 0x869F, 0x869F, 0x869F, 0x867F, 0x867F, 0x867F, 0x869F, 0x867F, 0x867F, 0x867F,
    0x867F, 0x867F, 0x867F, 0x867F, 0x867F, 0x867F, 0x865F, 0x867F, 0x865F, 0x865F, 0x865F, 0x865F, 0x865F, 0x865F, 0x865F, 0x865F,
    0x865F, 0x865F, 0x7E3F, 0x7E3F, 0x7E3E, 0x7E3E, 0x7E3E, 0x7E3F, 0x7E3E, 0x7E3F, 0x7E3F, 0x7E3F, 0x7E3E, 0x7E3F, 0x7E1E, 0x7E1F,
    0x9EBF, 0x9EBF, 0x9EBF, 0x9EBF, 0x9EBF, 0x9EBF, 0x9EBF, 0x9EBF, 0x9EBF, 0x9EBF, 0x9EBF, 0x9EBF, 0x9EBF, 0x9EBF, 0x9EBF, 0x9EBF,
    0x9EBF, 0x9EBF, 0x9EBF, 0x9EBF, 0x9EBF, 0x9EBF, 0x9EBF, 0x9EBF, 0x9EBF, 0x9EBF, 0x9EBF, 0x9EBF, 0x9EBF, 0x9EBF, 0x9EBF, 0xA6BF,
    0xA6BF, 0xA6BF, 0xA6BF, 0xA6DF, 0xA6DF, 0xA6DF, 0xA6DF, 0xA6DF, 0xAEDF, 0xAEDF, 0xAEDF, 0xAEDF, 0xAEDF, 0xB6DD, 0xF6B6, 0xF695,
    0xF695, 0xF674, 0xEE74, 0xEE74, 0xEE74, 0xEE74, 0xF674, 0xF695, 0xF695, 0xF6B6, 0xB6FF, 0xAEFF, 0xAEFF, 0xA6DF, 0xA6DF, 0xA6DF,
    0xA6BF, 0xA6DF, 0xA6BF, 0xA6DF, 0xA6DF, 0xAEFF, 0xB6FF, 0xC6BE, 0xCE9D, 0xCE9D, 0xD6BD, 0xD6BC, 0xD6BC, 0xC69D, 0xC67C, 0xCE9C,
    0xD69B, 0xD69B, 0xD67B, 0xD67B, 0xD67A, 0xCE5B, 0xC63B, 0xCE5A, 0xCE5A, 0xCE3A, 0xCE3A, 0xCE39, 0xCE19, 0xC619, 0xC5F9, 0xBDD9,
    0xBDB9, 0xBDB8, 0xC5B8, 0xCDD8, 0xC5B7, 0xBD97, 0xBCF4, 0xBC4F, 0xBC4F, 0xBC50, 0xBC70, 0xBC70, 0xBC70, 0xC490, 0xC470, 0xC46F,
    0xBCD2, 0xB535, 0xB597, 0xB5B8, 0xBDB8, 0xC5B8, 0xC5B8, 0xCDB7, 0xCDB6, 0xCD95, 0xCD74, 0xCD12, 0xCCD1, 0xC4B0, 0xC4B0, 0xC490,
    0xC490, 0xC490, 0xC490, 0xC4B1, 0xCD33, 0xCD95, 0xCDD7, 0xD5F7, 0xD5F8, 0xCE18, 0xCE18, 0xCE18, 0xCDF8, 0xC5F8, 0xC5D8, 0xC597,
    0xBD35, 0xBCD3, 0xBC71, 0xB450, 0xB450, 0xB430, 0xAC2F, 0xAC0F, 0xAC0F, 0xAC0F, 0xAC0F, 0xAC0F, 0xABEF, 0xA3EF, 0xA451, 0xA4F5,
    0xAD78, 0xAD98, 0xB599, 0xADB9, 0xB5BA, 0xB5DA, 0xB5FA, 0xB5DA, 0xB5FA, 0xB5FA, 0xB5DA, 0xADB9, 0xADBA, 0xA5BA, 0xA5DB, 0xADDB,
    0xADDB, 0xB5FB, 0xC63B, 0xC65C, 0xB5FB, 0xA5BB, 0xA5BB, 0xA5FC, 0xA5FD, 0xBE5D, 0xC67D, 0xC67D, 0xB67E, 0xAE9F, 0x8E9F, 0x869F,
    0x869F, 0x869F, 0x869F, 0x869F, 0x869F, 0x869F, 0x869F, 0x869F, 0x867F, 0x869F, 0x867F, 0x869F, 0x867F, 0x867F, 0x867F, 0x867F,
    0x867F, 0x867F, 0x867F, 0x865F, 0x867F, 0x867F, 0x867F, 0x867F, 0x865F, 0x865F, 0x865F, 0x865F, 0x865F, 0x865F, 0x7E5F, 0x7E3F,
    0x7E5F, 0x7E3E, 0x7E5F, 0x7E3E, 0x7E3F, 0x7E3E, 0x7E3F, 0x7E3E, 0x7E3F, 0x7E3E, 0x7E1E, 0x7E3E, 0x7E1E, 0x7E1E, 0x7E1E, 0x7E1E,
    0x9EBF, 0x9EBF, 0x9EBF, 0x9EBF, 0x9EBF, 0x9EBF, 0x9EBF, 0x9EBF, 0x9EBF, 0x9EBF, 0x9EBF, 0x9EBF, 0x9EBF, 0x9EBF, 0x9EBF, 0x9EBF,
    0x9EBF, 0x9EBF, 0x9EBF, 0x9EBF, 0x9EBF, 0x9EBF, 0x9EBF, 0x9EBF, 0x9EBF, 0x9EBF, 0x9EBF, 0x9EBF, 0x9EBF, 0xA6BF, 0xA6BF, 0xA6DF,
    0xA6DF, 0xA6DF, 0xA6DF, 0xAEDF, 0xAEFF, 0xAEFF, 0xAEFF, 0xAEFF, 0xB6FF, 0xB6FF, 0xB6FF, 0xB6FF, 0xB6FF, 0xB6FF, 0xE6D8, 0xF696,
    0xF695, 0xF674, 0xF674, 0xF674, 0xF674, 0xF674, 0xF674, 0xF695, 0xF696, 0xE6B8, 0xB71F, 0xB71F, 0xB6FF, 0xAEFF, 0xAEDF, 0xA6DF,
    0xA6DF, 0xA6DF, 0xA6DF, 0xAEDF, 0xAEFF, 0xB71F, 0xB6DF, 0xCEDE, 0xC69D, 0xCE9D, 0xD6BD, 0xDEBC, 0xDEBC, 0xCEBD, 0xBE7C, 0xCE7C,
    0xD67B, 0xD67B, 0xD67A, 0xD67A, 0xD67A, 0xCE5A, 0xC63A, 0xC63A, 0xC63A, 0xC63A, 0xC63A, 0xC61A, 0xC619, 0xBDF9, 0xBDD9, 0xBDB9,
    0xC5B8, 0xCDD8, 0xCDD8, 0xC5B8, 0xBD97, 0xB4F4, 0xBC2F, 0xBC2F, 0xBC4F, 0xBC4F, 0xBC4F, 0xBC4F, 0xBC6F, 0xBC6F, 0xC470, 0xC470,
    0xC490, 0xC490, 0xC48F, 0xC4B0, 0xC4D1, 0xCCF2, 0xCCF2, 0xCCF2, 0xCCF1, 0xCCD0, 0xCCB0, 0xC4B0, 0xC4B0, 0xC4B1, 0xC4B1, 0xC4B1,
    0xC4B1, 0xC4B0, 0xC4B0, 0xC4B0, 0xC4B0, 0xCCB0, 0xCCD1, 0xCD33, 0xCD54, 0xCD74, 0xCD75, 0xCD55, 0xCD54, 0xC514, 0xC4D2, 0xC491,
    0xBC91, 0xBC91, 0xBC71, 0xBC50, 0xB430, 0xB40F, 0xB3EE, 0xABEE, 0xABEE, 0xABEE, 0xABEE, 0xABEE, 0xABEF, 0xABEF, 0xA3EF, 0xA3EF,
    0xA430, 0xACD3, 0xB536, 0xB577, 0xB598, 0xB5B9, 0xB5B9, 0xB599, 0xB578, 0xB578, 0xB578, 0xAD99, 0xADBA, 0xADDA, 0xADDB, 0xB5FB,
    0xB5FB, 0xBE1B, 0xC63B, 0xBE1B, 0xADDB, 0xA5BB, 0xADDB, 0xA5FC, 0xA5FD, 0xB63D, 0xC67D, 0xC67D, 0xB67E, 0xAE9F, 0x8E9E, 0x8E9F,
    0x869F, 0x869F, 0x869F, 0x869F, 0x869F, 0x869F, 0x869F, 0x867F, 0x869F, 0x869F, 0x869F, 0x867F, 0x867F, 0x867F, 0x867F, 0x869F,
    0x867F, 0x867F, 0x867F, 0x867F, 0x867F, 0x867F, 0x867F, 0x865F, 0x865F, 0x865F, 0x865F, 0x867F, 0x865E, 0x865F, 0x7E5F, 0x865F,
    0x7E5F, 0x7E5F, 0x7E5F, 0x7E3F, 0x7E3E, 0x7E3F, 0x7E3E, 0x7E3E, 0x7E3E, 0x7E3E, 0x7E3F, 0x7E1E, 0x7E3F, 0x7E1E, 0x7E1F, 0x7E1E,
    0x9EBF, 0x9EBF, 0x9EBF, 0x9EBF, 0x9EBF, 0x9EBF, 0x9EBF, 0x9EBF, 0x9EBF, 0x9EBF, 0x9EBF, 0x9EBF, 0x9EBF, 0x9EBF, 0x9EBF, 0x9EBF,
    0x9EBF, 0x9EBF, 0x9EBF, 0x9EBF, 0x9EBF, 0x9EBF, 0x9EBF, 0x9EBF, 0x9EBF, 0x9EBF, 0x9EBF, 0x9EBF, 0x9EBF, 0xA6DF, 0xA6DF, 0xAEDF,
    0xAEDF, 0xAEFF, 0xAEFF, 0xB6FF, 0xB6FF, 0xB71F, 0xBF1F, 0xBF1F, 0xBF1F, 0xBF1F, 0xBF1F, 0xBF1F, 0xBF1F, 0xBF1F, 0xD6DB, 0xF6B6,
    0xF695, 0xF674, 0xF674, 0xF674, 0xF674, 0xF674, 0xF674, 0xF695, 0xF6B6, 0xD71D, 0xC73F, 0xBF1F, 0xBF1F, 0xB6FF, 0xAEFF, 0xAEFF,
    0xAEDF, 0xAEDF, 0xAEFF, 0xB6FF, 0xB71F, 0xBF1F, 0xBEFF, 0xCEDE, 0xC69D, 0xCE9D, 0xD6BD, 0xDEBC, 0xDEDC, 0xD6BC, 0xBE5C, 0xC67C,
    0xCE7B, 0xD67B, 0xD67A, 0xD65A, 0xD65A, 0xCE5A, 0xCE3A, 0xC61A, 0xC61A, 0xC61A, 0xC61A, 0xBDFA, 0xBDF9, 0xBDD9, 0xBDD9, 0xC5D9,
    0xC5D8, 0xC5D8, 0xBDB8, 0xB578, 0xB4D3, 0xBBEE, 0xABCD, 0xB40E, 0xB42E, 0xBC0E, 0xBC0E, 0xBC0E, 0xBC2E, 0xBC2E, 0xBC4F, 0xC46F,
    0xC46F, 0xC490, 0xC4B0, 0xC4B0, 0xC4B0, 0xCCB0, 0xCCB0, 0xCCB0, 0xCCD0, 0xCCD1, 0xC4D1, 0xC4D1, 0xC4D1, 0xC4D1, 0xC4D1, 0xC4B1,
    0xC4B1, 0xC4B1, 0xC4B1, 0xC4B1, 0xC4B1, 0xC4B1, 0xC4B1, 0xC4B1, 0xC4B1, 0xC4B1, 0xC4B1, 0xC4B1, 0xC4B1, 0xC491, 0xC491, 0xC491,
    0xC491, 0xC491, 0xBC70, 0xBC2F, 0xB3EE, 0xB3CD, 0xAB8C, 0xA36C, 0xA34C, 0xA36C, 0xAB8C, 0xABAD, 0xABCD, 0xABCE, 0xABEE, 0xABEF,
    0xABEF, 0xA40F, 0xAC0F, 0xAC30, 0xAC51, 0xAC71, 0xAC71, 0xAC51, 0xAC51, 0xAD15, 0xB577, 0xB578, 0xADBA, 0xB5DA, 0xB5FA, 0xB5FB,
    0xBE1B, 0xBE1B, 0xBE1B, 0xADDB, 0xA5BB, 0xA5BB, 0xADDB, 0xA5DC, 0xA5FD, 0xAE1D, 0xC65D, 0xCE7D, 0xBE7E, 0xB69F, 0x9E7E, 0x869F,
    0x869F, 0x869F, 0x869F, 0x869F, 0x867F, 0x869F, 0x869F, 0x869F, 0x867F, 0x867F, 0x867F, 0x869F, 0x867F, 0x867F, 0x867F, 0x867F,
    0x867F, 0x867F, 0x867F, 0x867F, 0x867F, 0x865F, 0x867F, 0x865F, 0x865F, 0x867F, 0x865F, 0x865F, 0x7E5F, 0x7E5F, 0x7E5F, 0x7E5F,
    0x7E5F, 0x7E5E, 0x7E3E, 0x7E3E, 0x7E3E, 0x7E3E, 0x7E3F, 0x7E3E, 0x7E3F, 0x7E3F, 0x7E3F, 0x7E3E, 0x7E3F, 0x7E1E, 0x7E1F, 0x7E1E,
    0x9EBF, 0x9EBF, 0x9EBF, 0x9EBF, 0x9EBF, 0x9EBF, 0x9EBF, 0x9EBF, 0x9EBF, 0x9EBF, 0x9EBF, 0x9EBF, 0x9EBF, 0x9EBF, 0x9EBF, 0x9EBF,
    0x9EBF, 0x9EBF, 0x9EBF, 0x9EBF, 0x9EBF, 0x9EBF, 0x9EBF, 0x9EBF, 0x9EBF, 0x9EBF, 0x9EBF, 0xA6BF, 0xA6DF, 0xA6DF, 0xAEFF, 0xAEFF,
    0xB6FF, 0xB71F, 0xBF1F, 0xBF3F, 0xBF1F, 0xC71F, 0xC73F, 0xC73F, 0xC73F, 0xC73F, 0xC73F, 0xC71F, 0xC73F, 0xCF1F, 0xCF3F, 0xF6B7,
    0xF695, 0xF674, 0xF674, 0xF674, 0xF674, 0xF674, 0xF675, 0xF695, 0xF6B6, 0xCF3E, 0xCF3F, 0xC73F, 0xC73F, 0xBF1F, 0xB71F, 0xB6FF,
    0xAEFF, 0xB6FF, 0xB6FF, 0xBF1F, 0xBF1F, 0xC73F, 0xC6DE, 0xCEBE, 0xC69D, 0xCEBD, 0xD6BD, 0xDEBC, 0xDEDC, 0xDEBC, 0xBE7C, 0xBE5C,
    0xCE7B, 0xCE5B, 0xCE5A, 0xCE5A, 0xCE5A, 0xCE5A, 0xCE3A, 0xC61A, 0xC61A, 0xC61A, 0xC61A, 0xC619, 0xC5F9, 0xC5F9, 0xC5F9, 0xC5F9,
    0xBDF9, 0xAD99, 0xAD57, 0xB491, 0xBBED, 0xB3ED, 0x71C6, 0x9B0A, 0xA34B, 0xA32B, 0x9AEA, 0x9AEA, 0xA32A, 0xAB8C, 0xB3CD, 0xBC0E,
    0xBC2E, 0xC46F, 0xC490, 0xC4B0, 0xCCB0, 0xCCD1, 0xCCD1, 0xCCD1, 0xCCD1, 0xCCD1, 0xCCD1, 0xC4D1, 0xC4D1, 0xC4D1, 0xC4D1, 0xC4D1,
    0xC4D1, 0xC4D1, 0xC4B1, 0xC4B1, 0xC4B1, 0xC4D1, 0xC4D1, 0xC4B1, 0xC4B1, 0xC4B1, 0xC4B1, 0xC4B1, 0xC4B1, 0xC4B1, 0xC4B1, 0xC491,
    0xC491, 0xBC50, 0xBC0F, 0xABAD, 0x92A9, 0x7A07, 0x71C6, 0x71C6, 0x71C6, 0x71C6, 0x71E6, 0x8248, 0x92EA, 0xA36C, 0xA38C, 0x932B,
    0x932C, 0xAC0F, 0xAC10, 0xAC30, 0xAC30, 0xAC50, 0xAC50, 0xAC51, 0xAC50, 0xAC72, 0xB536, 0xB577, 0xAD99, 0xBE1B, 0xB61B, 0xB5DA,
    0xB5DA, 0xADDA, 0xADDA, 0xADBA, 0xA5BB, 0xADBB, 0xADDB, 0xA5DC, 0xA5FD, 0xAE1D, 0xC65D, 0xCE7D, 0xBE5D, 0xB69F, 0xA67E, 0x8E9F,
    0x8E9F, 0x8E9F, 0x8E9F, 0x869F, 0x869F, 0x869F, 0x869F, 0x869F, 0x869F, 0x867F, 0x869F, 0x869F, 0x867F, 0x867F, 0x867F, 0x867F,
    0x867F, 0x867F, 0x867F, 0x867F, 0x867F, 0x867F, 0x867F, 0x867F, 0x867F, 0x865F, 0x865F, 0x865F, 0x7E5F, 0x865F, 0x7E5F, 0x865F,
    0x7E5E, 0x865F, 0x7E3E, 0x7E5F, 0x7E3E, 0x7E3F, 0x7E3E, 0x7E3F, 0x7E3E, 0x7E3F, 0x7E3E, 0x7E3F, 0x7E1E, 0x7E1E, 0x7E1E, 0x7E1E,
    0x9EBF, 0x9EBF, 0x9EBF, 0x9EBF, 0x9EBF, 0x9EBF, 0x9EBF, 0x9EBF, 0x9EBF, 0x9EBF, 0x9EBF, 0x9EBF, 0x9EBF, 0x9EBF, 0x9EBF, 0x9EBF,
    0x9EBF, 0x9EBF, 0x9EBF, 0x9EBF, 0x9EBF, 0x9EBF, 0x9EBF, 0x9EBF, 0x9EBF, 0x9EBF, 0x9EBF, 0xA6BF, 0xA6DF, 0xAEFF, 0xB6FF, 0xBF1F,
    0xBF1F, 0xC73F, 0xC73F, 0xCF3F, 0xCF5F, 0xCF5F, 0xCF5F, 0xCF5F, 0xCF5F, 0xCF5F, 0xCF3F, 0xD73F, 0xCF3F, 0xCF3F, 0xCF3F, 0xE6D9,
    0xF695, 0xF675, 0xF674, 0xF654, 0xF654, 0xF674, 0xF675, 0xF695, 0xE6FA, 0xD75F, 0xCF5F, 0xCF5F, 0xCF3F, 0xC73F, 0xBF1F, 0xBF1F,
    0xB71F, 0xBF1F, 0xBF1F, 0xC71F, 0xC73F, 0xCF3F, 0xC6BE, 0xCEBE, 0xCEBD, 0xCEBD, 0xD6BD, 0xDEBC, 0xDEDC, 0xDEBC, 0xCE9C, 0xBE5C,
    0xC65C, 0xCE5B, 0xCE5A, 0xCE5A, 0xCE3A, 0xCE3A, 0xCE3A, 0xCE3A, 0xC619, 0xC619, 0xC5F9, 0xC5F9, 0xBDF9, 0xBDD9, 0xB5D9, 0xADB9,
    0xAD78, 0xB4D3, 0xBC2F, 0xBBEE, 0xB3CD, 0x9B0B, 0x69A5, 0x71A5, 0x71A5, 0x7185, 0x6985, 0x6984, 0x6984, 0x6985, 0x79C6, 0x8A68,
    0xAB8C, 0xBC0E, 0xC46F, 0xC490, 0xCCB0, 0xCCD1, 0xCCD1, 0xCCF1, 0xCCF1, 0xCCF1, 0xCCF1, 0xCCD1, 0xCCD1, 0xCCD1, 0xC4D1, 0xC4D1,
    0xC4D1, 0xC4B1, 0xC4B1, 0xC4B1, 0xC4B1, 0xC4D1, 0xC4D1, 0xC4D1, 0xC4B1, 0xC4B1, 0xC4B1, 0xC4B1, 0xCCD1, 0xCCD2, 0xC4B1, 0xC491,
    0xBC4F, 0xABAD, 0x8A69, 0x71A6, 0x6165, 0x6145, 0x5944, 0x5944, 0x5945, 0x5945, 0x5965, 0x6185, 0x69A5, 0x71C6, 0x71E6, 0x71C6,
    0x932B, 0xAC0F, 0xAC30, 0xAC30, 0xAC50, 0xAC50, 0xAC51, 0xAC51, 0xAC51, 0xAC30, 0xAC51, 0xAD36, 0xB578, 0xAD99, 0xADBA, 0xADDA,
    0xADDA, 0xADDA, 0xA5BA, 0x9DBB, 0xA5BB, 0xADBB, 0xADDB, 0xA5DC, 0xA5FD, 0xA5FD, 0xBE5D, 0xCE7D, 0xC67D, 0xB67E, 0xAE9F, 0x8E9E,
    0x8E9F, 0x869F, 0x869F, 0x869F, 0x869F, 0x869F, 0x867F, 0x869F, 0x869F, 0x869F, 0x867F, 0x867F, 0x867F, 0x867F, 0x869F, 0x867F,
    0x867F, 0x867F, 0x867F, 0x867F, 0x867F, 0x867F, 0x865F, 0x865F, 0x865F, 0x865F, 0x867F, 0x7E5E, 0x865F, 0x865F, 0x865F, 0x865F,
    0x7E5F, 0x7E5E, 0x7E3F, 0x7E3E, 0x7E3E, 0x7E3E, 0x7E3E, 0x7E3E, 0x7E3E, 0x7E3F, 0x7E1E, 0x7E3F, 0x7E1E, 0x7E1F, 0x7E1E, 0x7E1E,
    0x9EBF, 0x9EBF, 0x9EBF, 0x9EBF, 0x9EBF, 0x9EBF, 0x9EBF, 0x9EBF, 0x9EBF, 0x9EBF, 0x9EBF, 0x9EBF, 0x9EBF, 0x9EBF, 0x9EBF, 0x9EBF,
    0x9EBF, 0x9EBF, 0x9EBF, 0x9EBF, 0x9EBF, 0x9EBF, 0x9EBF, 0x9EBF, 0x9EBF, 0x9EBF, 0xA6DF, 0xA6DF, 0xAEFF, 0xB71F, 0xBF1F, 0xC73F,
    0xCF3F, 0xCF5F, 0xD75F, 0xD77F, 0xD77F, 0xD77F, 0xD77F, 0xD77F, 0xD75F, 0xD75F, 0xD75F, 0xD73F, 0xD73E, 0xD73E, 0xD73E, 0xDF1C,
    0xF695, 0xF695, 0xF674, 0xF674, 0xF674, 0xF674, 0xF695, 0xF695, 0xDF1C, 0xD77F, 0xD77F, 0xD77F, 0xCF5F, 0xCF5F, 0xC73F, 0xC73F,
    0xBF1F, 0xBF1F, 0xC73F, 0xCF3F, 0xCF5F, 0xC6FE, 0xCEDE, 0xCEBD, 0xCEBD, 0xD6BD, 0xD6BD, 0xDEBC, 0xDEDC, 0xDEBC, 0xD6BC, 0xBE5C,
    0xBE3C, 0xC65B, 0xC63A, 0xCE3A, 0xCE3A, 0xC63A, 0xC61A, 0xC61A, 0xC61A, 0xC619, 0xC619, 0xC5D8, 0xC5B7, 0xB556, 0xB514, 0xBCD2,
    0xBC50, 0xBC2F, 0xBC0F, 0xB3CE, 0x92A9, 0x71C6, 0x6985, 0x6165, 0x5945, 0x5924, 0x4904, 0x4104, 0x4104, 0x4904, 0x5924, 0x6964,
    0x71A5, 0x92C9, 0xBBED, 0xC44F, 0xCC90, 0xCCD0, 0xCCD1, 0xCCF1, 0xCCF1, 0xCCF1, 0xCCF1, 0xCCF1, 0xCCD1, 0xCCD1, 0xCCD1, 0xC4D1,
    0xC4D1, 0xC4D1, 0xC4B1, 0xC4B1, 0xC4B1, 0xC4B1, 0xC4B1, 0xC4B1, 0xC4B1, 0xC4B1, 0xC4D1, 0xCCD1, 0xCCD2, 0xCCD2, 0xCCB1, 0xC470,
    0x9B0B, 0x71C6, 0x6145, 0x4904, 0x38C3, 0x38E4, 0x3925, 0x3925, 0x3904, 0x38E4, 0x4924, 0x5125, 0x5145, 0x5965, 0x6985, 0x69A6,
    0x8ACA, 0xA3CE, 0xAC0F, 0xAC30, 0xAC50, 0xAC71, 0xBCF3, 0xBCD3, 0xAC51, 0xAC50, 0xAC0F, 0xA4D4, 0xAD37, 0xAD78, 0xA599, 0xA59A,
    0xA5BA, 0xA5BB, 0x9DBB, 0x9DBB, 0xA5BB, 0xADBB, 0xADDB, 0xADDC, 0xA5FC, 0xA5FD, 0xBE3D, 0xC67D, 0xCE7D, 0xB67E, 0xAE9F, 0x967E,
    0x86BF, 0x869F, 0x869F, 0x869F, 0x869F, 0x869F, 0x869F, 0x869F, 0x869F, 0x869F, 0x869F, 0x867F, 0x867F, 0x869F, 0x867F, 0x867F,
    0x867F, 0x867F, 0x867F, 0x867F, 0x867F, 0x867F, 0x865F, 0x867F, 0x867F, 0x867F, 0x865F, 0x865F, 0x865F, 0x865F, 0x865F, 0x865F,
    0x7E5E, 0x7E3F, 0x7E5E, 0x7E5F, 0x7E3E, 0x7E5F, 0x7E3F, 0x7E3F, 0x7E3F, 0x7E3F, 0x7E3E, 0x7E3F, 0x7E1E, 0x7E3F, 0x7E1E, 0x7E1F,
    0x9EBF, 0x9EBF, 0x9EBF, 0x9EBF, 0x9EBF, 0x9EBF, 0x9EBF, 0x9EBF, 0x9EBF, 0x9EBF, 0x9EBF, 0x9EBF, 0x9EBF, 0x9EBF, 0x9EBF, 0x9EBF,
    0x9EBF, 0x9EBF, 0x9EBF, 0x9EBF, 0x9EBF, 0x9EBF, 0x9EBF, 0x9EBF, 0x9EBF, 0xA6BF, 0xA6DF, 0xAEDF, 0xB6FF, 0xBF1F, 0xC73F, 0xCF5F,
    0xD75F, 0xD77F, 0xDF7F, 0xDF7F, 0xDF7F, 0xDF7F, 0xDF7F, 0xDF7F, 0xDF5F, 0xDF5F, 0xDF5F, 0xD73E, 0xD73E, 0xD73E, 0xD73E, 0xD73E,
    0xF696, 0xF695, 0xF674, 0xF674, 0xF674, 0xF674, 0xF695, 0xF6D8, 0xD77E, 0xD77F, 0xD77F, 0xD77F, 0xD77F, 0xCF5F, 0xCF5F, 0xC73F,
    0xC73F, 0xC73F, 0xCF3F, 0xCF5F, 0xD75F, 0xC6FE, 0xD6DE, 0xC69D, 0xCEBD, 0xD6BD, 0xD6BC, 0xDEDC, 0xDEDC, 0xDEBC, 0xDEBC, 0xCE7B,
    0xB63B, 0xBE3B, 0xC63A, 0xC61A, 0xC61A, 0xC619, 0xC5F9, 0xCDD7, 0xCD75, 0xCD13, 0xCCD1, 0xCC90, 0xC490, 0xC46F, 0xC46F, 0xC44F,
    0xBC4F, 0xBC2F, 0xAB8D, 0x8228, 0x69A6, 0x6185, 0x5145, 0x51A7, 0x5A6B, 0x630E, 0x632E, 0x52AC, 0x4A6B, 0x4A2A, 0x41E9, 0x49E8,
    0x5165, 0x6964, 0x9247, 0xC40D, 0xCC8F, 0xD4D0, 0xD511, 0xD511, 0xD511, 0xD511, 0xCCF1, 0xCCF1, 0xCCF1, 0xCCF1, 0xCCD1, 0xCCD1,
    0xC4D1, 0xC4B1, 0xC4B1, 0xC4B1, 0xC4B1, 0xC4B1, 0xC4B1, 0xC4B1, 0xC4D1, 0xCCD1, 0xCCF1, 0xCCF2, 0xCCF2, 0xCCD2, 0xC470, 0x8A89,
    0x6165, 0x4944, 0x49A7, 0x4A09, 0x5A8C, 0x62ED, 0x6B4F, 0x7BD1, 0x8412, 0x73B1, 0x5AAC, 0x41C8, 0x4104, 0x4924, 0x5145, 0x6185,
    0x69C7, 0x930B, 0xA3CE, 0xAC50, 0xBCB2, 0xC534, 0xCD96, 0xC555, 0xAC71, 0xAC50, 0xAC30, 0xA472, 0xA517, 0xA558, 0x9D79, 0x9D9A,
    0x9DBB, 0x9DBB, 0x9DBB, 0xA5BB, 0xA5BB, 0xA5BB, 0xA5DC, 0xADDC, 0xA5FC, 0xA5FD, 0xB61D, 0xC65D, 0xCE7D, 0xBE5D, 0xAE7F, 0xA69F,
    0x8E9F, 0x869F, 0x869F, 0x869F, 0x869F, 0x869F, 0x867F, 0x869F, 0x867F, 0x869F, 0x869F, 0x867F, 0x867F, 0x867F, 0x869F, 0x867F,
    0x867F, 0x867F, 0x867F, 0x867F, 0x867F, 0x867F, 0x867F, 0x867F, 0x865F, 0x865F, 0x865F, 0x865F, 0x865F, 0x865E, 0x7E5F, 0x7E5E,
    0x7E5F, 0x7E3E, 0x7E5F, 0x7E3E, 0x7E3F, 0x7E3E, 0x7E3F, 0x7E3E, 0x7E3F, 0x7E3E, 0x7E3E, 0x7E1E, 0x7E1E, 0x7E1E, 0x7E1E, 0x7E1E,
    0x9EBF, 0x9EBF, 0x9EBF, 0x9EBF, 0x9EBF, 0x9EBF, 0x9EBF, 0x9EBF, 0x9EBF, 0x9EBF, 0x9EBF, 0x9EBF, 0x9EBF, 0x9EBF, 0x9EBF, 0x9EBF,
    0x9EBF, 0x9EBF, 0x9EBF, 0x9EBF, 0x9EBF, 0x9EBF, 0x9EBF, 0x9EBF, 0x9EBF, 0xA6BF, 0xA6DF, 0xAEFF, 0xB71F, 0xBF3F, 0xCF5F, 0xD77F,
    0xDF7F, 0xDF9F, 0xDF9F, 0xE79F, 0xE79F, 0xE79F, 0xE79F, 0xE77F, 0xDF7F, 0xDF7F, 0xDF5F, 0xDF5E, 0xD73E, 0xD73E, 0xD73E, 0xD73D,
    0xE6FA, 0xF695, 0xF675, 0xF674, 0xF674, 0xF675, 0xF695, 0xE6F9, 0xD77E, 0xD77E, 0xD77E, 0xD77F, 0xD77F, 0xD77F, 0xD75F, 0xCF5F,
    0xCF5F, 0xCF5F, 0xCF5F, 0xD75F, 0xD75F, 0xC6DE, 0xCEBE, 0xC69D, 0xCEBD, 0xD6BD, 0xD6BC, 0xDEDC, 0xDEDC, 0xDEBC, 0xD6BB, 0xD69B,
    0xC65B, 0xB61B, 0xBE1A, 0xC61A, 0xC5F9, 0xC5D8, 0xCD96, 0xC4B1, 0xC44E, 0xC490, 0xCCB0, 0xCCB1, 0xC4B0, 0xC490, 0xC490, 0xC46F,
    0xBC4F, 0xA34C, 0x71C7, 0x69A6, 0x5966, 0x51A8, 0x6B50, 0x8454, 0x632F, 0x2988, 0x08C6, 0x10E8, 0x1109, 0x1109, 0x10E7, 0x10C6,
    0x39EA, 0x49E8, 0x6985, 0x9247, 0xCC4D, 0xD4CF, 0xDD10, 0xDD31, 0xDD31, 0xDD31, 0xD531, 0xD511, 0xD4F1, 0xCCF1, 0xCCF1, 0xCCF1,
    0xCCD1, 0xC4D1, 0xC4B1, 0xC4B1, 0xC4B1, 0xC4B1, 0xCCD1, 0xCCD2, 0xCCF2, 0xCCF2, 0xCD12, 0xCD12, 0xD4F2, 0xCC91, 0x8A68, 0x5985,
    0x49C8, 0x420A, 0x2129, 0x1109, 0x194A, 0x114A, 0x1109, 0x1929, 0x426D, 0x73B2, 0x8454, 0x8434, 0x6B50, 0x4187, 0x4104, 0x5125,
    0x6186, 0x71E7, 0x9B8D, 0xC4F3, 0xCD55, 0xCD96, 0xCDB6, 0xCDB6, 0xBCD3, 0xAC51, 0xAC50, 0xAC30, 0xA517, 0xA538, 0x9D79, 0xA59A,
    0x9D9B, 0x9DBB, 0xA5BB, 0xA5DB, 0xA5BB, 0xA5BB, 0xA5DC, 0xADDC, 0xA5FC, 0xA5FD, 0xAE1D, 0xBE5D, 0xCE7D, 0xC67D, 0xB67E, 0xAE7F,
    0x8E9F, 0x869F, 0x86BF, 0x869F, 0x869F, 0x869F, 0x869F, 0x869F, 0x869F, 0x869F, 0x867F, 0x869F, 0x867F, 0x869F, 0x869F, 0x867F,
    0x867F, 0x867F, 0x867F, 0x867F, 0x867F, 0x867F, 0x867F, 0x867F, 0x865F, 0x867F, 0x865F, 0x867F, 0x865F, 0x865F, 0x7E5F, 0x7E5F,
    0x7E5F, 0x7E5F, 0x7E5E, 0x7E5F, 0x7E3E, 0x7E3F, 0x7E3E, 0x7E3E, 0x7E3F, 0x7E3E, 0x7E3F, 0x7E3E, 0x7E3F, 0x7E1E, 0x7E3F, 0x7E1E,
    0x9EBF, 0x9EBF, 0x9EBF, 0x9EBF, 0x9EBF, 0x9EBF, 0x9EBF, 0x9EBF, 0x9EBF, 0x9EBF, 0x9EBF, 0x9EBF, 0x9EBF, 0x9EBF, 0x9EBF, 0x9EBF,
    0x9EBF, 0x9EBF, 0x9EBF, 0x9EBF, 0x9EBF, 0x9EBF, 0x9EBF, 0x9EBF, 0x9EBF, 0xA6BF, 0xA6DF, 0xAEFF, 0xB71F, 0xC73F, 0xCF5F, 0xD77F,
    0xDF9F, 0xE7BF, 0xE7BF, 0xE7BF, 0xE7BF, 0xE7BF, 0xE79F, 0xE79F, 0xE77F, 0xDF7F, 0xDF5E, 0xDF5E, 0xD73E, 0xD73E, 0xD73D, 0xD73D,
    0xD6FC, 0xF695, 0xF695, 0xF675, 0xF675, 0xF695, 0xF695, 0xD75D, 0xD77E, 0xD77E, 0xD77E, 0xDF9F, 0xD77F, 0xD77F, 0xD77F, 0xD77F,
    0xCF5F, 0xD75F, 0xD75E, 0xD75E, 0xD73E, 0xC6DE, 0xCEBD, 0xC6BD, 0xCEBD, 0xD6BD, 0xD6DC, 0xDEDC, 0xDEBC, 0xDEBC, 0xD6BB, 0xD69B,
    0xCE7B, 0xC65A, 0xBE1A, 0xBE19, 0xC5F9, 0xC5B7, 0xC555, 0xC44F, 0xC490, 0xCCD1, 0xCCD1, 0xC4D1, 0xCCB1, 0xC4B0, 0xC46F, 0xB40E,
    0x92CA, 0x71C6, 0x61A6, 0x5146, 0x5A6C, 0x8475, 0x8454, 0x422B, 0x1929, 0x218C, 0x29CD, 0x31CD, 0x31ED, 0x31CD, 0x29AC, 0x218B,
    0x194A, 0x1929, 0x41E9, 0x61A6, 0xA2A8, 0xD4AE, 0xDD10, 0xDD31, 0xE551, 0xE552, 0xDD52, 0xDD32, 0xDD32, 0xD512, 0xD512, 0xCCF2,
    0xCCF2, 0xCCF2, 0xCCD1, 0xCCD1, 0xCCD2, 0xCCF2, 0xCCF2, 0xCD12, 0xD513, 0xD533, 0xD533, 0xD512, 0xD4F2, 0x92C9, 0x61C7, 0x4A2B,
    0x1949, 0x21AC, 0x31EE, 0x3A2E, 0x3A2F, 0x3A2F, 0x320F, 0x29CD, 0x196B, 0x112A, 0x4AAE, 0x8434, 0x8454, 0x7BF3, 0x4A4B, 0x4104,
    0x4925, 0x61A6, 0x7A48, 0x9B4D, 0xC534, 0xCD95, 0xCD96, 0xCDB6, 0xCD75, 0xB4B2, 0xAC50, 0xAC30, 0xA4F5, 0xA558, 0xA579, 0xA59A,
    0x9D9B, 0xA5BB, 0xA5DB, 0xADDC, 0xA5DB, 0xA5BB, 0xA5DC, 0xADFC, 0xA5DC, 0xA5FD, 0xA5FD, 0xBE3D, 0xC67D, 0xC67D, 0xB67E, 0xAE7F,
    0x967E, 0x869F, 0x869F, 0x869F, 0x869F, 0x869F, 0x869F, 0x869F, 0x867F, 0x869F, 0x869F, 0x869F, 0x869F, 0x867F, 0x867F, 0x867F,
    0x867F, 0x867F, 0x867F, 0x867F, 0x867F, 0x867F, 0x867F, 0x867F, 0x867F, 0x865F, 0x7E5F, 0x865F, 0x7E5F, 0x7E5E, 0x7E5F, 0x7E5E,
    0x7E5E, 0x7E5E, 0x7E5F, 0x7E3E, 0x7E5F, 0x7E3F, 0x7E3F, 0x7E3F, 0x7E3F, 0x7E3E, 0x7E3F, 0x7E3E, 0x7E3F, 0x7E3E, 0x7E1E, 0x7E1E,
    0x9EBF, 0x9EBF, 0x9EBF, 0x9EBF, 0x9EBF, 0x9EBF, 0x9EBF, 0x9EBF, 0x9EBF, 0x9EBF, 0x9EBF, 0x9EBF, 0x9EBF, 0x9EBF, 0x9EBF, 0x9EBF,
    0x9EBF, 0x9EBF, 0x9EBF, 0x9EBF, 0x9EBF, 0x9EBF, 0x9EBF, 0x9EBF, 0x9EBF, 0xA6DF, 0xA6DF, 0xAEFF, 0xBF1F, 0xC73F, 0xD75F, 0xDF9F,
    0xDF9F, 0xE7BF, 0xE7BF, 0xE7BF, 0xE7BF, 0xE7BF, 0xE79F, 0xE79F, 0xE77F, 0xDF7F, 0xDF5E, 0xD73E, 0xD73E, 0xD73D, 0xD71D, 0xCF1D,
    0xCF1D, 0xEED8, 0xFE95, 0xF695, 0xF695, 0xFE95, 0xEEB7, 0xD75D, 0xD77D, 0xD77E, 0xD77E, 0xD77E, 0xD79F, 0xDF7F, 0xD77F, 0xD77F,
    0xD75F, 0xD75E, 0xD75E, 0xD73E, 0xC6FD, 0xCEDE, 0xCEBD, 0xCEBD, 0xD6BD, 0xD6BD, 0xD6BC, 0xDEDC, 0xDEBC, 0xDEBC, 0xD6BB, 0xD69B,
    0xCE7B, 0xCE7A, 0xC639, 0xBDD9, 0xBDB8, 0xBD97, 0xC534, 0xC46E, 0xCCB0, 0xCCD1, 0xCCD1, 0xCCD1, 0xCCD1, 0xC490, 0x8A89, 0x79E7,
    0x71C6, 0x61A6, 0x5166, 0x6B2F, 0x8C95, 0x8C75, 0x3A2C, 0x21AC, 0x320E, 0x424F, 0x4270, 0x4270, 0x4250, 0x3A4F, 0x3A2F, 0x320E,
    0x29CD, 0x21AB, 0x196A, 0x31A9, 0x69C6, 0xBB6A, 0xDCEF, 0xE531, 0xE551, 0xE572, 0xE572, 0xE572, 0xE552, 0xDD52, 0xDD32, 0xD532,
    0xD512, 0xD512, 0xD512, 0xD512, 0xD513, 0xD533, 0xD533, 0xD533, 0xD553, 0xD553, 0xD533, 0xD512, 0xB3AD, 0x69E7, 0x422C, 0x21AB,
    0x322F, 0x4270, 0x4AB1, 0x52D2, 0x52D2, 0x52D2, 0x52B2, 0x4AB1, 0x4270, 0x29EE, 0x112A, 0x3A2D, 0x8475, 0x8434, 0x7BF3, 0x5AAD,
    0x4104, 0x5145, 0x69E7, 0x8A69, 0x92EB, 0xA38E, 0xB451, 0xCD95, 0xCDB6, 0xCD75, 0xBCF3, 0xB471, 0xACD4, 0xA558, 0xA579, 0xA59A,
    0xA5BB, 0xA5DB, 0xADDB, 0xADDC, 0xADDB, 0xA5BB, 0xA5DC, 0xADFC, 0xADDC, 0xA5FC, 0xA5FD, 0xB63D, 0xC65D, 0xCE7D, 0xBE5D, 0xAE7E,
    0x9E9F, 0x869F, 0x869F, 0x869F, 0x869F, 0x869F, 0x869F, 0x869F, 0x869F, 0x869F, 0x869F, 0x869F, 0x867F, 0x867F, 0x867F, 0x867F,
    0x867F, 0x867F, 0x867F, 0x867F, 0x867F, 0x867F, 0x867F, 0x867F, 0x865F, 0x865F, 0x865F, 0x865F, 0x7E5F, 0x865F, 0x7E5E, 0x7E5F,
    0x7E5E, 0x7E5F, 0x7E5F, 0x7E5F, 0x7E3E, 0x7E5F, 0x7E3E, 0x7E3F, 0x7E3E, 0x7E3F, 0x7E3E, 0x7E3E, 0x7E3E, 0x7E1E, 0x7E1E, 0x7E1E,
    0x9EBF, 0x9EBF, 0x9EBF, 0x9EBF, 0x9EBF, 0x9EBF, 0x9EBF, 0x9EBF, 0x9EBF, 0x9EBF, 0x9EBF, 0x9EBF, 0x9EBF, 0x9EBF, 0x9EBF, 0x9EBF,
    0x9EBF, 0x9EBF, 0x9EBF, 0x9EBF, 0x9EBF, 0x9EBF, 0x9EBF, 0x9EBF, 0x9EBF, 0xA6DF, 0xA6DF, 0xAEFF, 0xBF1F, 0xC73F, 0xD77F, 0xDF9F,
    0xE7BF, 0xE7BF, 0xE7BF, 0xE7BF, 0xE7BF, 0xE7BF, 0xE79F, 0xE79F, 0xE77F, 0xDF7F, 0xDF5E, 0xDF5E, 0xD73E, 0xD71D, 0xCF1D, 0xCF1D,
    0xCF1C, 0xDED9, 0xFEB6, 0xFE96, 0xFE96, 0xFEB6, 0xDF3B, 0xCF5D, 0xD75D, 0xD77D, 0xD77E, 0xD77E, 0xD77E, 0xD77E, 0xD77F, 0xD75E,
    0xD75E, 0xD75E, 0xD75E, 0xD73E, 0xC6FE, 0xD6DE, 0xC69D, 0xCEBD, 0xD6BD, 0xD6BD, 0xD6BC, 0xDEDC, 0xDEBC, 0xDEBC, 0xD6BB, 0xD69B,
    0xD69B, 0xCE7A, 0xCE39, 0xBDF9, 0xB5B8, 0xBD97, 0xC513, 0xCC8F, 0xCCD1, 0xCCF1, 0xCCF1, 0xCCD1, 0xCCD1, 0xCCB0, 0x9AEA, 0x79C6,
    0x69A5, 0x5145, 0x630E, 0x8CB5, 0x8CB5, 0x4AAF, 0x320D, 0x424F, 0x4A90, 0x52D1, 0x52D1, 0x52D2, 0x4AB1, 0x4A91, 0x4270, 0x3A50,
    0x322F, 0x29EE, 0x21AC, 0x114A, 0x41E9, 0x8227, 0xDCAD, 0xE530, 0xE571, 0xED92, 0xED92, 0xE593, 0xE593, 0xE573, 0xDD73, 0xDD53,
    0xDD53, 0xD553, 0xD553, 0xD553, 0xD553, 0xD553, 0xD554, 0xD554, 0xD574, 0xD553, 0xD533, 0xD4D1, 0x7A28, 0x4A6C, 0x198B, 0x3A70,
    0x52D2, 0x5B13, 0x6334, 0x6B54, 0x6354, 0x6334, 0x5B14, 0x52F3, 0x52F3, 0x4AB1, 0x322F, 0x114B, 0x5310, 0x94D6, 0x7C34, 0x73F3,
    0x526B, 0x4104, 0x5986, 0x7A28, 0x8A8A, 0x8A89, 0xAC0F, 0xCD75, 0xCDB6, 0xCD96, 0xCD96, 0xBCF3, 0xACB3, 0xA558, 0xA579, 0x9D9A,
    0xA5BB, 0xA5DB, 0xADDB, 0xADDB, 0xADDB, 0xA5BB, 0xA5DC, 0xADFC, 0xADFC, 0xA5FC, 0xA5FD, 0xAE1D, 0xC65D, 0xCE7D, 0xBE5D, 0xB67E,
    0xA67E, 0x8E9F, 0x869F, 0x869F, 0x869F, 0x869F, 0x869F, 0x869F, 0x869F, 0x869F, 0x867F, 0x867F, 0x867F, 0x867F, 0x867F, 0x867F,
    0x867F, 0x867F, 0x867F, 0x867F, 0x867F, 0x867F, 0x867F, 0x865F, 0x865F, 0x7E5E, 0x865F, 0x865F, 0x865F, 0x865F, 0x7E5F, 0x7E5E,
    0x7E5F, 0x7E5E, 0x7E5F, 0x7E3E, 0x7E3E, 0x7E3E, 0x7E3E, 0x7E3F, 0x7E3E, 0x7E3F, 0x7E3E, 0x7E3F, 0x7E1E, 0x7E1F, 0x7E1E, 0x7E1E,
    0x9EBF, 0x9EBF, 0x9EBF, 0x9EBF, 0x9EBF, 0x9EBF, 0x9EBF, 0x9EBF, 0x9EBF, 0x9EBF, 0x9EBF, 0x9EBF, 0x9EBF, 0x9EBF, 0x9EBF, 0x9EBF,
    0x9EBF, 0x9EBF, 0x9EBF, 0x9EBF, 0x9EBF, 0x9EBF, 0x9EBF, 0x9EBF, 0x9EBF, 0xA6DF, 0xA6DF, 0xAEFF, 0xBF1F, 0xC75F, 0xD77F, 0xDF9F,
    0xE7BF, 0xE7BF, 0xE7BF, 0xE7BF, 0xE7BF, 0xE7BF, 0xE79F, 0xE79F, 0xE79F, 0xDF7F, 0xDF5E, 0xD75E, 0xD73D, 0xD73D, 0xCF1D, 0xCF1C,
    0xCF1C, 0xCF1C, 0xF6D7, 0xFEB6, 0xFEB6, 0xF6B6, 0xCF3B, 0xCF5C, 0xCF5D, 0xCF7D, 0xD77D, 0xD77E, 0xD79E, 0xD79E, 0xD77E, 0xD77E,
    0xD75E, 0xD75E, 0xD75E, 0xD73E, 0xC6DE, 0xCEBE, 0xC6BD, 0xCEBD, 0xD6BD, 0xD6BD, 0xD6BC, 0xDEBC, 0xDEBC, 0xD6BC, 0xD6BB, 0xD69B,
    0xD6BB, 0xCE7A, 0xCE39, 0xC619, 0xB5B8, 0xBD97, 0xCCD1, 0xCCB0, 0xCCD1, 0xCCF1, 0xCCF1, 0xCCD1, 0xCCD1, 0xCC90, 0x92C9, 0x71C6,
    0x6185, 0x5209, 0x8C95, 0x94B5, 0x6B91, 0x320E, 0x4A90, 0x52D1, 0x5AF2, 0x5AF2, 0x5AF3, 0x5AF3, 0x52D2, 0x4AB2, 0x6354, 0x42B2,
    0x2A30, 0x2A2F, 0x21EE, 0x198C, 0x1129, 0x6AAB, 0xB36A, 0xE530, 0xED71, 0xEDB2, 0xEDB2, 0xEDB3, 0xEDB3, 0xEDB3, 0xE593, 0xE593,
    0xE593, 0xDD93, 0xDD73, 0xDD74, 0xDD74, 0xDD74, 0xDD74, 0xDD74, 0xD574, 0xD553, 0xD533, 0xA34C, 0x72ED, 0x196B, 0x3A2F, 0x52D2,
    0x6334, 0x6B54, 0x6B75, 0x6B75, 0x6B75, 0x6B95, 0xAD7B, 0xCE5D, 0xB5BB, 0x6395, 0x3A91, 0x220E, 0x116B, 0x8C96, 0x94D7, 0x7C34,
    0x6BD2, 0x49C8, 0x5145, 0x69C7, 0x8249, 0x934C, 0xCD95, 0xCDB6, 0xCD96, 0xCD96, 0xCD96, 0xC534, 0xAC92, 0xA558, 0xA579, 0xA59A,
    0xA5BB, 0xA5DB, 0xADDB, 0xADDB, 0xADDB, 0xA5BB, 0xA5DB, 0xA5FC, 0xA5FC, 0xA5FC, 0xA5FD, 0xAE1D, 0xBE3D, 0xC67D, 0xC67D, 0xB67E,
    0xAE7F, 0x8E7E, 0x869F, 0x869F, 0x869F, 0x869F, 0x869F, 0x869F, 0x869F, 0x869F, 0x867F, 0x867F, 0x867F, 0x867F, 0x867F, 0x867F,
    0x867F, 0x867F, 0x867F, 0x867F, 0x867F, 0x867F, 0x867F, 0x865F, 0x865F, 0x865F, 0x865F, 0x865F, 0x865F, 0x865F, 0x7E5E, 0x7E5F,
    0x7E5E, 0x7E5F, 0x7E3F, 0x7E5F, 0x7E3F, 0x7E3F, 0x7E3F, 0x7E3F, 0x7E3F, 0x7E3F, 0x7E3E, 0x7E1F, 0x7E1E, 0x7E1F, 0x7E1E, 0x7E1E,
    0x9EBF, 0x9EBF, 0x9EBF, 0x9EBF, 0x9EBF, 0x9EBF, 0x9EBF, 0x9EBF, 0x9EBF, 0x9EBF, 0x9EBF, 0x9EBF, 0x9EBF, 0x9EBF, 0x9EBF, 0x9EBF,
    0x9EBF, 0x9EBF, 0x9EBF, 0x9EBF, 0x9EBF, 0x9EBF, 0x9EBF, 0x9EBF, 0x9EBF, 0xA6BF, 0xA6DF, 0xAEFF, 0xB71F, 0xC73F, 0xCF7F, 0xDF9F,
    0xE7BF, 0xE7BF, 0xE7BF, 0xE7BF, 0xE7BF, 0xE7BF, 0xE7BF, 0xE79F, 0xE79F, 0xDF7F, 0xDF5E, 0xD75E, 0xD73D, 0xD71D, 0xCF1D, 0xCF1C,
    0xCF1C, 0xC71C, 0xD6FA, 0xF6D7, 0xF6D7, 0xD71B, 0xC73C, 0xCF5C, 0xCF5C, 0xCF5C, 0xCF7D, 0xD77D, 0xD77E, 0xD77E, 0xD77E, 0xD77E,
    0xD75E, 0xD75E, 0xD73D, 0xCF1D, 0xC6BE, 0xCEBD, 0xC6BD, 0xCEBD, 0xD6BD, 0xD6BD, 0xD6BC, 0xDEBC, 0xDEBC, 0xD6BC, 0xD6BB, 0xDEBB,
    0xDEBB, 0xCE7A, 0xCE39, 0xC619, 0xBDB8, 0xBD97, 0xCCB0, 0xCCD0, 0xD531, 0xCCF1, 0xCCF1, 0xCCD1, 0xCCD0, 0xCC6F, 0x8A47, 0x71C5,
    0x4945, 0x7BF2, 0x94B5, 0x8C95, 0x426E, 0x4290, 0x52F2, 0x5B13, 0x6333, 0x5B13, 0x5B13, 0x52F3, 0x4AD2, 0x9CD9, 0xD67E, 0xCE9E,
    0x5B95, 0x2230, 0x220F, 0x21CD, 0x116B, 0x39CA, 0xA38D, 0xED2F, 0xED91, 0xEDB2, 0xF5D3, 0xEDD3, 0xEDD3, 0xEDD3, 0xEDB4, 0xEDB4,
    0xE5B4, 0xE594, 0xE594, 0xDD94, 0xDD94, 0xDD94, 0xDD94, 0xDD74, 0xDD74, 0xD553, 0xD512, 0x934D, 0x4A6E, 0x29EE, 0x52D2, 0x5B14,
    0x6334, 0x6354, 0x6B55, 0x6B75, 0x6B75, 0x9CB9, 0xDEBE, 0xDEBE, 0xDEBE, 0xBDFC, 0x3A92, 0x2A50, 0x11AD, 0x3A90, 0xB5DB, 0x8CB6,
    0x73F3, 0x632F, 0x4945, 0x6186, 0x7A08, 0xA38D, 0xCD75, 0xCD95, 0xCD96, 0xCD96, 0xCD96, 0xCD55, 0xAC71, 0xA558, 0xA579, 0xA59A,
    0xA5BA, 0xA5BB, 0xADDB, 0xADDB, 0xADDB, 0xA5BB, 0xA5BB, 0xA5FC, 0xA5FC, 0xA5FC, 0xA5FD, 0xA5FD, 0xBE3D, 0xC65D, 0xC65D, 0xBE7E,
    0xB67E, 0x9E9F, 0x869F, 0x869F, 0x869F, 0x869F, 0x869F, 0x867F, 0x867F, 0x867F, 0x867F, 0x867F, 0x867F, 0x867F, 0x867F, 0x867F,
    0x867F, 0x867F, 0x867F, 0x867F, 0x865F, 0x865F, 0x865F, 0x865F, 0x865F, 0x865E, 0x865F, 0x865E, 0x7E5F, 0x7E5E, 0x7E5F, 0x7E5E,
    0x7E5F, 0x7E3F, 0x7E3F, 0x7E3E, 0x7E3F, 0x7E3E, 0x7E3F, 0x7E3E, 0x7E1E, 0x7E1E, 0x7E1E, 0x7E1E, 0x7E1E, 0x7E1E, 0x7E1E, 0x7E1E,
    0x9EBF, 0x9EBF, 0x9EBF, 0x9EBF, 0x9EBF, 0x9EBF, 0x9EBF, 0x9EBF, 0x9EBF, 0x9EBF, 0x9EBF, 0x9EBF, 0x9EBF, 0x9EBF, 0x9EBF, 0x9EBF,
    0x9EBF, 0x9EBF, 0x9EBF, 0x9EBF, 0x9EBF, 0x9EBF, 0x9EBF, 0x9EBF, 0x9EBF, 0xA6DF, 0xA6DF, 0xAEDF, 0xB71F, 0xC73F, 0xCF7F, 0xD79F,
    0xDFBF, 0xE7BF, 0xE7BF, 0xE7BF, 0xE7BF, 0xE7BF, 0xE7BF, 0xE79F, 0xE79F, 0xDF7F, 0xDF5E, 0xD75E, 0xD73D, 0xCF1D, 0xCF1C, 0xCF1C,
    0xC71C, 0xC71B, 0xC71B, 0xC71B, 0xC71B, 0xC73B, 0xC73B, 0xC73B, 0xC75C, 0xCF5C, 0xCF7C, 0xCF7D, 0xCF7D, 0xD77D, 0xD77E, 0xD75E,
    0xD75E, 0xD73D, 0xD73D, 0xC6DD, 0xCEDE, 0xCEBD, 0xCEBD, 0xCEBD, 0xD6BD, 0xD6BD, 0xDEBC, 0xDEBC, 0xDEBC, 0xD6BC, 0xD6BB, 0xDEDB,
    0xD69A, 0xCE7A, 0xCE39, 0xBDF9, 0xB5B8, 0xC576, 0xCC6E, 0xD511, 0xEDD3, 0xE592, 0xDD11, 0xD4D1, 0xD4B0, 0xC40E, 0x8A06, 0x69A5,
    0x526B, 0x8CB5, 0x94B5, 0x73D2, 0x3A4F, 0x52D2, 0x5B13, 0x5B33, 0x5B33, 0x5B13, 0x5AF3, 0x52D2, 0x5B13, 0xD65E, 0xD67F, 0xD6DF,
    0x955A, 0x1A31, 0x1A30, 0x21EE, 0x19AC, 0x114A, 0x93AF, 0xCC4D, 0xED91, 0xF5B2, 0xF5D3, 0xF5F3, 0xF5F3, 0xF5D4, 0xEDD4, 0xEDD4,
    0xEDD4, 0xE5B4, 0xE5B4, 0xE5B4, 0xE594, 0xDD94, 0xDD94, 0xDD94, 0xDD74, 0xD533, 0xBC2F, 0x8BF1, 0x21AC, 0x4270, 0x52F3, 0x5B14,
    0x5B14, 0x6334, 0x6334, 0x6334, 0x6334, 0x7BD6, 0xD67D, 0xDEBE, 0xDEBE, 0xA57B, 0x3292, 0x2A71, 0x1A0F, 0x118D, 0xA579, 0xB5FB,
    0x7C54, 0x6BD2, 0x522A, 0x5966, 0x79E7, 0x8269, 0xCD54, 0xD595, 0xCD95, 0xCD96, 0xCD96, 0xCD75, 0xAC51, 0xA538, 0xA579, 0xA59A,
    0xA59A, 0xA5BB, 0xADDB, 0xADDB, 0xADDB, 0xA5BB, 0xA5BB, 0xA5FC, 0xA5DC, 0xA5FC, 0xA5FD, 0xA5FD, 0xB61D, 0xC65D, 0xC67D, 0xBE5D,
    0xB67E, 0xA67F, 0x869F, 0x869F, 0x869F, 0x869F, 0x869F, 0x869F, 0x867F, 0x869F, 0x869F, 0x867F, 0x867F, 0x867F, 0x867F, 0x867F,
    0x867F, 0x867F, 0x865F, 0x867F, 0x865F, 0x867F, 0x865F, 0x865F, 0x865F, 0x865F, 0x865F, 0x7E5F, 0x7E5F, 0x7E5F, 0x7E5F, 0x7E5F,
    0x7E3E, 0x7E3F, 0x7E3E, 0x7E3F, 0x7E5F, 0x7E3E, 0x7E3F, 0x7E3E, 0x7E3F, 0x7E1E, 0x7E3F, 0x7E1E, 0x7E1F, 0x7E1E, 0x7E1F, 0x7E1E,
    0x9EBF, 0x9EBF, 0x9EBF, 0x9EBF, 0x9EBF, 0x9EBF, 0x9EBF, 0x9EBF, 0x9EBF, 0x9EBF, 0x9EBF, 0x9EBF, 0x9EBF, 0x9EBF, 0x9EBF, 0x9EBF,
    0x9EBF, 0x9EBF, 0x9EBF, 0x9EBF, 0x9EBF, 0x9EBF, 0x9EBF, 0x9EBF, 0x9EBF, 0x9EBF, 0xA6DF, 0xAEFF, 0xB71F, 0xC73F, 0xCF5F, 0xD79F,
    0xDF9F, 0xE7BF, 0xE7BF, 0xE7BF, 0xE7BF, 0xE7BF, 0xE7BF, 0xE79F, 0xE79F, 0xDF7F, 0xDF7E, 0xD75E, 0xD73D, 0xCF1D, 0xCF1C, 0xC71C,
    0xC71B, 0xC71B, 0xC71B, 0xC71B, 0xC71B, 0xBF1B, 0xC73B, 0xC73B, 0xC75B, 0xC75B, 0xC75C, 0xCF5C, 0xCF5D, 0xCF5D, 0xD75D, 0xD75D,
    0xD73D, 0xD73D, 0xCF1D, 0xBEBD, 0xD6DD, 0xCEBD, 0xCEBD, 0xCEBD, 0xD6BD, 0xD6BD, 0xD6BC, 0xDEBC, 0xD6BC, 0xD6BC, 0xD6BB, 0xDEDB,
    0xD69A, 0xCE7A, 0xC639, 0xBDF9, 0xB5B9, 0xC534, 0xCC8E, 0xDD72, 0xF613, 0xEDF3, 0xEDB2, 0xED72, 0xE511, 0xBB8B, 0x8A06, 0x5965,
    0x6BB0, 0x8CB5, 0x94B5, 0x5B10, 0x4290, 0x5B13, 0x5B33, 0x5B13, 0x5B13, 0x52F3, 0x52B2, 0x39EF, 0x218E, 0x8C77, 0xCE7E, 0xCEDE,
    0x5BD5, 0x1231, 0x1230, 0x1A0F, 0x19CD, 0x094B, 0x6B0D, 0xC46F, 0xF591, 0xF5D2, 0xF5F3, 0xF5F3, 0xF614, 0xF5F4, 0xF5F4, 0xEDF4,
    0xEDD4, 0xEDD4, 0xE5D4, 0xE5B4, 0xE5B4, 0xE594, 0xDD94, 0xDD94, 0xDD74, 0xD533, 0xAC10, 0x73B1, 0x21AD, 0x4A91, 0x52F3, 0x52F3,
    0x4AD3, 0x4271, 0x31EE, 0x31EE, 0x4A91, 0x5B34, 0x6BD6, 0x8CB8, 0x7C58, 0x3AF4, 0x2A92, 0x2271, 0x1A0F, 0x098D, 0x7C35, 0xC65D,
    0x9D38, 0x73F3, 0x5AEE, 0x5965, 0x71E7, 0x8A69, 0xABEF, 0xD595, 0xD596, 0xD596, 0xCD96, 0xCD75, 0xB450, 0xA538, 0xA579, 0xA59A,
    0xA59A, 0xA5BB, 0xADDB, 0xADDB, 0xADDB, 0xA5BB, 0xA5BB, 0xA5DC, 0xA5FC, 0xA5FD, 0xA5FD, 0xA5FD, 0xAE1D, 0xBE5D, 0xC65D, 0xBE5D,
    0xB67E, 0xAE7E, 0x8E9F, 0x869F, 0x869F, 0x869F, 0x869F, 0x869F, 0x867F, 0x869F, 0x867F, 0x867F, 0x867F, 0x867F, 0x867F, 0x867F,
    0x867F, 0x865F, 0x867F, 0x867F, 0x867F, 0x867F, 0x865F, 0x865F, 0x865F, 0x7E5F, 0x7E5F, 0x7E5E, 0x7E5F, 0x7E5E, 0x7E3E, 0x7E5F,
    0x7E5F, 0x7E3F, 0x7E5F, 0x7E3F, 0x7E3F, 0x7E3F, 0x7E3F, 0x7E3F, 0x7E3F, 0x7E3E, 0x7E1F, 0x7E1E, 0x7E1E, 0x7E1E, 0x7E1E, 0x7E1E,
    0x9EBF, 0x9EBF, 0x9EBF, 0x9EBF, 0x9EBF, 0x9EBF, 0x9EBF, 0x9EBF, 0x9EBF, 0x9EBF, 0x9EBF, 0x9EBF, 0x9EBF, 0x9EBF, 0x9EBF, 0x9EBF,
    0x9EBF, 0x9EBF, 0x9EBF, 0x9EBF, 0x9EBF, 0x9EBF, 0x9EBF, 0x9EBF, 0x9EBF, 0x9EBF, 0xA6DF, 0xAEDF, 0xB71F, 0xBF3F, 0xCF5F, 0xD77F,
    0xDF9F, 0xE7BF, 0xE7BF, 0xE7BF, 0xE7BF, 0xE7BF, 0xE7BF, 0xE79F, 0xE79F, 0xDF7F, 0xDF7E, 0xD75E, 0xD73D, 0xCF1D, 0xCF1C, 0xC71C,
    0xC6FB, 0xC6FB, 0xBEFA, 0xBF1A, 0xBF1A, 0xBF1A, 0xBF1A, 0xBF3A, 0xBF3B, 0xC75B, 0xC75B, 0xC75C, 0xCF5C, 0xCF5D, 0xCF5D, 0xCF3D,
    0xCF3D, 0xCF1D, 0xCF1D, 0xBEBD, 0xD6DD, 0xC69D, 0xCEBD, 0xCEBD, 0xD6BD, 0xD6BC, 0xD6BC, 0xDEBC, 0xD6BC, 0xD6BC, 0xD6BB, 0xDEDB,
    0xD69A, 0xCE7A, 0xC639, 0xB5F9, 0xB5D9, 0xC4F2, 0xD4AF, 0xE5B2, 0xF614, 0xF613, 0xF5F3, 0xF5D2, 0xED51, 0xB2C7, 0x9226, 0x4945,
    0x8474, 0x8C95, 0xA4F5, 0x4AAF, 0x4AB1, 0x5313, 0x5B13, 0x52F3, 0x4AD3, 0x4AB2, 0x196D, 0x10EA, 0x10C9, 0x10EA, 0x29CE, 0x2A92,
    0x0A12, 0x0A31, 0x0A11, 0x1210, 0x11EE, 0x116C, 0x528C, 0xBC91, 0xF591, 0xF5D2, 0xF613, 0xF614, 0xF614, 0xF614, 0xF614, 0xF5F4,
    0xEDF4, 0xEDF4, 0xEDD4, 0xE5D4, 0xE5B5, 0xE5B4, 0xDD94, 0xDD94, 0xDD74, 0xD533, 0xAC93, 0x52F0, 0x29EE, 0x4AB2, 0x52D3, 0x4AD3,
    0x218D, 0x10E9, 0x08A8, 0x08A8, 0x10E9, 0x29AD, 0x42F4, 0x3AD4, 0x32B3, 0x2293, 0x2272, 0x1A51, 0x1A0F, 0x11AE, 0x5B73, 0xC63C,
    0xBE1C, 0x7C34, 0x6391, 0x5966, 0x71C7, 0x8A69, 0x9289, 0xABCE, 0xD595, 0xD595, 0xD596, 0xCD75, 0xB450, 0xA517, 0xA579, 0xA57A,
    0xA59A, 0xA5BB, 0xADDB, 0xADFB, 0xADDB, 0xADDB, 0xA5BB, 0xA5FC, 0xA63D, 0xA5FD, 0xA5DD, 0xA5DD, 0xADFD, 0xBE3D, 0xC65D, 0xC65D,
    0xB65E, 0xAE7E, 0x967E, 0x869F, 0x869F, 0x869F, 0x869F, 0x869F, 0x869F, 0x867F, 0x867F, 0x869F, 0x867F, 0x867F, 0x867F, 0x867F,
    0x867F, 0x867F, 0x867F, 0x867F, 0x867F, 0x865F, 0x865F, 0x867F, 0x7E5F, 0x867F, 0x7E5F, 0x865F, 0x7E5E, 0x865F, 0x865F, 0x7E5F,
    0x7E3F, 0x7E5F, 0x7E3F, 0x7E3F, 0x7E3E, 0x7E3F, 0x7E3E, 0x7E3F, 0x7E3E, 0x7E3F, 0x7E1E, 0x7E1E, 0x7E1E, 0x7E1E, 0x7E1E, 0x7E1E,
    0x9EBF, 0x9EBF, 0x9EBF, 0x9EBF, 0x9EBF, 0x9EBF, 0x9EBF, 0x9EBF, 0x9EBF, 0x9EBF, 0x9EBF, 0x9EBF, 0x9EBF, 0x9EBF, 0x9EBF, 0x9EBF,
    0x9EBF, 0x9EBF, 0x9EBF, 0x9EBF, 0x9EBF, 0x9EBF, 0x9EBF, 0x9EBF, 0x9EBF, 0x9EBF, 0xA6DF, 0xA6DF, 0xB6FF, 0xBF3F, 0xCF5F, 0xD77F,
    0xDF9F, 0xE7BF, 0xE7BF, 0xE7BF, 0xE7BF, 0xE7BF, 0xE7BF, 0xE79F, 0xE79F, 0xDF7F, 0xDF7F, 0xD75E, 0xD73D, 0xCF1D, 0xCF1C, 0xC6FB,
    0xC6FB, 0xBEFA, 0xBEFA, 0xBEFA, 0xBEFA, 0xBF1A, 0xBF1A, 0xBF1A, 0xBF3A, 0xBF3A, 0xC75B, 0xC75B, 0xC75C, 0xCF5C, 0xCF5D, 0xCF3D,
    0xCF1D, 0xCF1D, 0xC6FC, 0xC6BE, 0xD6DD, 0xC69D, 0xCEBD, 0xCEBD, 0xD6BD, 0xD6BC, 0xD6BC, 0xD6BC, 0xD6BC, 0xD6BC, 0xD6BB, 0xDEDB,
    0xD69A, 0xCE7A, 0xC639, 0xB5FA, 0xB5D9, 0xCCD1, 0xD4AF, 0xEDF3, 0xF634, 0xF614, 0xF614, 0xF5B3, 0xC38A, 0xB2C7, 0x9246, 0x59E8,
    0x8C95, 0x9494, 0xB555, 0x428F, 0x42B1, 0x52F3, 0x52F3, 0x4AD2, 0x42B2, 0x21AE, 0x08E9, 0x0886, 0x0885, 0x0886, 0x08A8, 0x092B,
    0x0A31, 0x0A31, 0x0A11, 0x0A10, 0x11EF, 0x11AD, 0x424C, 0xB4B2, 0xF5B1, 0xF5F2, 0xFE13, 0xFE34, 0xFE34, 0xF634, 0xF634, 0xF614,
    0xF614, 0xEDF5, 0xEDF5, 0xEDD5, 0xE5D5, 0xE5B5, 0xDD95, 0xDD94, 0xDD74, 0xD533, 0xACD4, 0x4AAF, 0x320F, 0x4AB2, 0x42D2, 0x29EE,
    0x08C9, 0x0887, 0x0866, 0x0866, 0x0887, 0x08C8, 0x19CE, 0x2272, 0x1A72, 0x1252, 0x1251, 0x1230, 0x120F, 0x11CE, 0x4B12, 0xBE3C,
    0xC65D, 0x9517, 0x6BD2, 0x61C8, 0x71C7, 0x8A69, 0x9269, 0x9248, 0x92AA, 0xBCB2, 0xD596, 0xCD75, 0xB471, 0xA517, 0xA579, 0xA59A,
    0xA59A, 0xA5BB, 0xADDB, 0xADFC, 0xB5FB, 0xADDB, 0xA5BB, 0xA5FC, 0x9E5E, 0x9E3E, 0x9DDD, 0xA5DD, 0xA5FD, 0xBE3D, 0xC65D, 0xC65D,
    0xB65E, 0xAE7E, 0x9E7E, 0x869F, 0x869F, 0x869F, 0x869F, 0x867F, 0x869F, 0x869F, 0x867F, 0x867F, 0x867F, 0x867F, 0x867F, 0x867F,
    0x867F, 0x867F, 0x867F, 0x867F, 0x867F, 0x7E5E, 0x865F, 0x867F, 0x865F, 0x865F, 0x865F, 0x7E5F, 0x7E5F, 0x7E5E, 0x7E5F, 0x7E3E,
    0x7E3F, 0x7E3E, 0x7E3E, 0x7E5E, 0x7E3E, 0x7E3E, 0x7E3E, 0x7E3E, 0x7E1E, 0x7E3E, 0x7E1E, 0x7E3E, 0x7E1E, 0x7E1E, 0x7E1E, 0x7E1E,
    0x9EBF, 0x9EBF, 0x9EBF, 0x9EBF, 0x9EBF, 0x9EBF, 0x9EBF, 0x9EBF, 0x9EBF, 0x9EBF, 0x9EBF, 0x9EBF, 0x9EBF, 0x9EBF, 0x9EBF, 0x9EBF,
    0x9EBF, 0x9EBF, 0x9EBF, 0x9EBF, 0x9EBF, 0x9EBF, 0x9EBF, 0x9EBF, 0x9EBF, 0x9EBF, 0xA6DF, 0xA6DF, 0xAEFF, 0xBF1F, 0xC75F, 0xD77F,
    0xDF9F, 0xE7BF, 0xE7BF, 0xE7BF, 0xE7BF, 0xE7BF, 0xE7BF, 0xE7BF, 0xE79F, 0xDF7F, 0xDF7F, 0xD75E, 0xD73D, 0xCF1D, 0xCF1C, 0xC6FB,
    0xBEFB, 0xBEFA, 0xBEFA, 0xB6F9, 0xB6F9, 0xB6F9, 0xB719, 0xB719, 0xB71A, 0xBF3A, 0xBF3B, 0xC75B, 0xC75C, 0xCF5C, 0xCF3C, 0xCF3C,
    0xCF1C, 0xCF1C, 0xC6DC, 0xC6BE, 0xD6DD, 0xC69D, 0xCEBD, 0xCEBD, 0xD6BD, 0xD6BC, 0xD6BC, 0xD6BC, 0xD6BC, 0xD6BB, 0xD6BB, 0xDEDB,
    0xD69A, 0xCE7A, 0xC639, 0xB61A, 0xB5D9, 0xCCD0, 0xD4D0, 0xF613, 0xF634, 0xF634, 0xE510, 0xCB49, 0xC307, 0xBAE8, 0x9A67, 0x626B,
    0x8C75, 0xA4F5, 0xC5B6, 0x428F, 0x3A91, 0x4AF3, 0x42D3, 0x3AB2, 0x3291, 0x112C, 0x08A7, 0x0885, 0x0885, 0x0885, 0x0886, 0x08C8,
    0x09CF, 0x0251, 0x0211, 0x0210, 0x0A10, 0x11CE, 0x424D, 0xB4D3, 0xF5B1, 0xFDF2, 0xFE13, 0xFE34, 0xFE34, 0xFE34, 0xFE34, 0xF635,
    0xF635, 0xF615, 0xEDF5, 0xEDF5, 0xE5D5, 0xE5B5, 0xE5B5, 0xDD95, 0xDD94, 0xD574, 0xACD5, 0x4AAF, 0x3250, 0x42D2, 0x3AB2, 0x194B,
    0x08A7, 0x0886, 0x0066, 0x0886, 0x0886, 0x0887, 0x08EA, 0x1230, 0x0A30, 0x0A30, 0x0A30, 0x0A30, 0x0A0F, 0x09CF, 0x4B12, 0xBE1C,
    0xC65D, 0xADBA, 0x7413, 0x6A4A, 0x79C7, 0x8A69, 0x9269, 0x9AEB, 0xC4F3, 0xD595, 0xD5B6, 0xCD75, 0xBC71, 0xACF6, 0xA579, 0xA59A,
    0xA5BA, 0xADDB, 0xADDB, 0xB5FC, 0xB5FB, 0xADDB, 0xA5BB, 0xA5DC, 0x9E5E, 0x9E5F, 0xA5FD, 0xA5DD, 0xA5FD, 0xB61D, 0xC65D, 0xC67D,
    0xBE5D, 0xB67E, 0xA67F, 0x8E9F, 0x869F, 0x869F, 0x869F, 0x869F, 0x869F, 0x869F, 0x867F, 0x867F, 0x867F, 0x869F, 0x867F, 0x867F,
    0x867F, 0x867F, 0x867F, 0x867F, 0x867F, 0x867F, 0x867F, 0x867F, 0x865F, 0x865F, 0x7E5E, 0x7E5F, 0x7E5E, 0x7E5F, 0x7E5E, 0x7E5E,
    0x7E5E, 0x7E5E, 0x7E5E, 0x7E3E, 0x7E3E, 0x7E3E, 0x7E3E, 0x7E3E, 0x7E3E, 0x7E3E, 0x7E3E, 0x7E3E, 0x7E1E, 0x7E1E, 0x7E1E, 0x7E1E,
    0x9EBF, 0x9EBF, 0x9EBF, 0x9EBF, 0x9EBF, 0x9EBF, 0x9EBF, 0x9EBF, 0x9EBF, 0x9EBF, 0x9EBF, 0x9EBF, 0x9EBF, 0x9EBF, 0x9EBF, 0x9EBF,
    0x9EBF, 0x9EBF, 0x9EBF, 0x9EBF, 0x9EBF, 0x9EBF, 0x9EBF, 0x9EBF, 0x9EBF, 0x9EBF, 0xA6BF, 0xA6DF, 0xAEFF, 0xBF1F, 0xC73F, 0xCF7F,
    0xDF9F, 0xE7BF, 0xE7BF, 0xE7BF, 0xE7BF, 0xE7BF, 0xE7BF, 0xE79F, 0xE79F, 0xDF7F, 0xDF7F, 0xDF5E, 0xD73D, 0xCF1D, 0xC6FC, 0xC6FB,
    0xBEFA, 0xBEDA, 0xB6D9, 0xB6D9, 0xB6D9, 0xB6F9, 0xB6F9, 0xB719, 0xB719, 0xB73A, 0xBF3A, 0xBF3B, 0xC75B, 0xC75C, 0xCF3C, 0xCF3C,
    0xCF1C, 0xCEFC, 0xBE9C, 0xCEBE, 0xCEBD, 0xC69D, 0xCEBD, 0xCEBD, 0xD6BD, 0xD6BC, 0xD6BC, 0xD6BC, 0xD6BC, 0xD69B, 0xD6BB, 0xDEDB,
    0xD69A, 0xCE5A, 0xC639, 0xB61A, 0xB5B8, 0xCCB0, 0xD4D0, 0xF613, 0xF634, 0xF634, 0xF5F3, 0xD3EB, 0xC307, 0xBB08, 0xA287, 0x6AAC,
    0x8C75, 0xBD76, 0xCDF7, 0x3A8F, 0x3291, 0x3AD3, 0x32D3, 0x32B2, 0x2A71, 0x10EA, 0x0886, 0x0885, 0x0885, 0x0885, 0x0885, 0x08A7,
    0x016D, 0x0272, 0x0232, 0x0232, 0x0231, 0x0A10, 0x4A6E, 0xB514, 0xF5B1, 0xFDF2, 0xFE33, 0xFE34, 0xFE34, 0xFE34, 0xFE34, 0xFE35,
    0xF635, 0xF615, 0xF615, 0xEDF5, 0xEDD5, 0xE5B5, 0xE5B5, 0xE595, 0xDD95, 0xD574, 0xAD16, 0x4AD0, 0x3A91, 0x42F3, 0x3AD3, 0x112B,
    0x0887, 0x0066, 0x0086, 0x0086, 0x0086, 0x0887, 0x08C9, 0x0A10, 0x0231, 0x0211, 0x0231, 0x0231, 0x0210, 0x01EF, 0x4B32, 0xBE1C,
    0xC65D, 0xBE1C, 0x7C34, 0x726A, 0x79E7, 0x9248, 0x9289, 0xC514, 0xD595, 0xD5B6, 0xD5B6, 0xCD75, 0xBC71, 0xACF6, 0xA579, 0xA59A,
    0xA5BA, 0xA5DB, 0xADDC, 0xADFC, 0xB5FB, 0xADDB, 0xA5BB, 0x9DBC, 0x9E3E, 0x965F, 0x9E1E, 0xA5DD, 0xA5DD, 0xAE1D, 0xBE3D, 0xC67D,
    0xBE5D, 0xB65E, 0xAE7F, 0x8E9F, 0x869F, 0x869F, 0x867F, 0x869F, 0x869F, 0x867F, 0x869F, 0x869F, 0x867F, 0x867F, 0x867F, 0x867F,
    0x867F, 0x867F, 0x867F, 0x867F, 0x865F, 0x865E, 0x867F, 0x865E, 0x865F, 0x7E5E, 0x7E5E, 0x7E5E, 0x7E5E, 0x7E5E, 0x7E5E, 0x7E5E,
    0x7E5E, 0x7E5E, 0x7E3E, 0x7E3E, 0x7E3E, 0x7E3E, 0x7E3E, 0x7E3E, 0x7E3E, 0x7E1E, 0x7E1E, 0x7E1E, 0x7E1E, 0x7E1E, 0x7E1E, 0x7E1E,
    0x9EBF, 0x9EBF, 0x9EBF, 0x9EBF, 0x9EBF, 0x9EBF, 0x9EBF, 0x9EBF, 0x9EBF, 0x9EBF, 0x9EBF, 0x9EBF, 0x9EBF, 0x9EBF, 0x9EBF, 0x9EBF,
    0x9EBF, 0x9EBF, 0x9EBF, 0x9EBF, 0x9EBF, 0x9EBF, 0x9EBF, 0x9EBF, 0x9EBF, 0x9EBF, 0xA6DF, 0xA6DF, 0xAEFF, 0xB71F, 0xC73F, 0xCF7F,
    0xDF9F, 0xDFBF, 0xE7BF, 0xE7BF, 0xE7BF, 0xE7BF, 0xE7BF, 0xE7BF, 0xE79F, 0xDF7F, 0xDF7F, 0xDF5E, 0xD73D, 0xCF1D, 0xC6FC, 0xC6FB,
    0xBEDA, 0xB6D9, 0xB6D9, 0xB6D8, 0xAED8, 0xAED8, 0xAEF8, 0xAEF8, 0xB719, 0xB719, 0xBF3A, 0xBF3B, 0xC73B, 0xC73C, 0xCF3C, 0xCF3C,
    0xCF1C, 0xC6FC, 0xB67D, 0xD6DE, 0xCE9D, 0xCE9D, 0xCEBD, 0xCEBD, 0xD6BC, 0xD6BC, 0xD6BC, 0xD6BC, 0xD69C, 0xD69B, 0xD6BB, 0xDEDB,
    0xD69A, 0xCE5A, 0xBE3A, 0xB61A, 0xB5B8, 0xCCAF, 0xD4D0, 0xF613, 0xF634, 0xF634, 0xFE14, 0xFDD2, 0xD42C, 0xC308, 0xB2C8, 0x7ACC,
    0x8C55, 0xD617, 0xDE58, 0x3AB0, 0x2A91, 0x32F3, 0x2AF4, 0x2AF4, 0x22B2, 0x10EA, 0x0887, 0x0885, 0x0885, 0x0885, 0x0885, 0x08A8,
    0x016D, 0x02D5, 0x0294, 0x0274, 0x0293, 0x0251, 0x52EF, 0xBD55, 0xF5D2, 0xFDF3, 0xFE34, 0xFE54, 0xFE54, 0xFE54, 0xFE55, 0xFE55,
    0xFE35, 0xF635, 0xF615, 0xEDF5, 0xEDF5, 0xE5B5, 0xE5B5, 0xE595, 0xDD95, 0xDD95, 0xB578, 0x5332, 0x3AF3, 0x4355, 0x3314, 0x196C,
    0x08A8, 0x0066, 0x0086, 0x0086, 0x0086, 0x0087, 0x00EA, 0x0251, 0x0252, 0x0252, 0x0252, 0x0252, 0x0231, 0x01F0, 0x5BB4, 0xBE1C,
    0xC65D, 0xBE3C, 0x8495, 0x728A, 0x8207, 0x9268, 0xB3CE, 0xCD95, 0xD5B6, 0xD5B6, 0xD5B6, 0xCD75, 0xBC71, 0xACF6, 0xA579, 0xA59A,
    0xA5BA, 0xA5DB, 0xA5DC, 0xADFC, 0xADFC, 0xA5DC, 0xA5BB, 0xA5BC, 0x9DFD, 0x965F, 0x9E3E, 0x9DDD, 0xA5DD, 0xA5FD, 0xBE3D, 0xC65D,
    0xC67D, 0xB65E, 0xAE7E, 0x969F, 0x869F, 0x869F, 0x869F, 0x869F, 0x869F, 0x869F, 0x867F, 0x869F, 0x867F, 0x867F, 0x867F, 0x869F,
    0x867F, 0x867F, 0x867F, 0x867F, 0x865F, 0x867F, 0x867F, 0x867E, 0x865E, 0x7E5E, 0x7E5E, 0x7E5E, 0x7E5E, 0x7E5E, 0x7E5E, 0x7E5E,
    0x7E5E, 0x7E3E, 0x7E5E, 0x7E3E, 0x7E5E, 0x7E3E, 0x7E3E, 0x7E3E, 0x7E3E, 0x7E3E, 0x7E3E, 0x7E1E, 0x7E1E, 0x7E1E, 0x7E1E, 0x7E1E,
    0x9EBF, 0x9EBF, 0x9EBF, 0x9EBF, 0x9EBF, 0x9EBF, 0x9EBF, 0x9EBF, 0x9EBF, 0x9EBF, 0x9EBF, 0x9EBF, 0x9EBF, 0x9EBF, 0x9EBF, 0x9EBF,
    0x9EBF, 0x9EBF, 0x9EBF, 0x9EBF, 0x9EBF, 0x9EBF, 0x9EBF, 0x9EBF, 0x9EBF, 0x9EBF, 0xA6DF, 0xA6DF, 0xAEFF, 0xB71F, 0xC73F, 0xCF7F,
    0xD79F, 0xDF9F, 0xE7BF, 0xE7BF, 0xE7BF, 0xE7BF, 0xE7BF, 0xE7BF, 0xE79F, 0xDF7F, 0xDF7F, 0xDF5E, 0xD73D, 0xCF1D, 0xC6FC, 0xBEDB,
    0xBEDA, 0xB6D9, 0xB6D9, 0xAED8, 0xAED8, 0xAED8, 0xAED8, 0xAEF8, 0xAEF8, 0xB719, 0xB73A, 0xBF3A, 0xC73B, 0xC75C, 0xCF3C, 0xCF3C,
    0xCF1C, 0xC6DC, 0xC6BE, 0xD6DE, 0xCE9D, 0xCEBD, 0xCEBD, 0xCEBD, 0xD6BC, 0xD6BC, 0xD6BC, 0xD6BC, 0xD69B, 0xD69B, 0xD6BB, 0xDEBB,
    0xD69A, 0xCE5A, 0xBE3A, 0xB61A, 0xB598, 0xCC8F, 0xD4D0, 0xF613, 0xF634, 0xF634, 0xFE14, 0xFDD3, 0xF550, 0xC348, 0xBB08, 0x82CB,
    0x8455, 0xE678, 0xE698, 0x5332, 0x2AD2, 0x3334, 0x2B35, 0x2335, 0x2335, 0x114D, 0x08C9, 0x0886, 0x0086, 0x0886, 0x08A7, 0x00EA,
    0x0211, 0x0337, 0x02F7, 0x02D6, 0x02D6, 0x0294, 0x6B92, 0xC596, 0xF5D2, 0xFE13, 0xFE34, 0xFE54, 0xFE54, 0xFE55, 0xFE55, 0xFE55,
    0xFE55, 0xF635, 0xF615, 0xF5F5, 0xEDF5, 0xE5D5, 0xE5B5, 0xE5B5, 0xE5B5, 0xDD95, 0xB578, 0x6BD4, 0x3B55, 0x43B7, 0x3BB7, 0x2230,
    0x08EA, 0x0088, 0x0067, 0x0067, 0x0088, 0x00CA, 0x096D, 0x02F6, 0x02F6, 0x02D6, 0x02D5, 0x02B5, 0x0273, 0x0232, 0x7C56, 0xBE3C,
    0xC65D, 0xBE3C, 0x94D6, 0x7A69, 0x8A27, 0x9268, 0xCD13, 0xD595, 0xD5B6, 0xD5B6, 0xD5B6, 0xCD75, 0xBC70, 0xAD16, 0xA579, 0xA59A,
    0xA5BA, 0xA5DB, 0xA5DC, 0xADFC, 0xADFC, 0xA5DC, 0xA5BC, 0xA5BC, 0x9DDC, 0x965F, 0x9E5F, 0xA5DD, 0xA5DD, 0xA5FD, 0xB63D, 0xC65D,
    0xCE7D, 0xB65D, 0xAE5E, 0x9E7F, 0x869F, 0x869F, 0x869F, 0x869F, 0x869F, 0x867F, 0x867F, 0x867F, 0x869F, 0x867F, 0x867F, 0x867F,
    0x867E, 0x867E, 0x867E, 0x867E, 0x867E, 0x867E, 0x7E5E, 0x7E5E, 0x7E5E, 0x7E5E, 0x7E5E, 0x865E, 0x7E5E, 0x7E5E, 0x7E5E, 0x7E5E,
    0x7E5E, 0x7E5E, 0x7E3E, 0x7E3E, 0x7E3E, 0x7E3E, 0x7E3E, 0x7E3E, 0x7E3E, 0x7E3E, 0x7E3E, 0x7E1E, 0x7E1E, 0x7E1E, 0x7E1E, 0x7E1E,
    0x9EBF, 0x9EBF, 0x9EBF, 0x9EBF, 0x9EBF, 0x9EBF, 0x9EBF, 0x9EBF, 0x9EBF, 0x9EBF, 0x9EBF, 0x9EBF, 0x9EBF, 0x9EBF, 0x9EBF, 0x9EBF,
    0x9EBF, 0x9EBF, 0x9EBF, 0x9EBF, 0x9EBF, 0x9EBF, 0x9EBF, 0x9EBF, 0x9EBF, 0x9EBF, 0x9EDF, 0xA6DF, 0xAEDF, 0xB6FF, 0xBF3F, 0xCF5F,
    0xD77F, 0xDF9F, 0xE7BF, 0xE7BF, 0xE7BF, 0xE7BF, 0xE7BF, 0xE7BF, 0xE79F, 0xDF9F, 0xDF7F, 0xDF5E, 0xD73D, 0xCF1C, 0xC6FC, 0xBEDB,
    0xBEDA, 0xB6B9, 0xAEB8, 0xAEB8, 0xAEB8, 0xAED8, 0xAED8, 0xAEF8, 0xAEF8, 0xB719, 0xB71A, 0xBF3A, 0xC73B, 0xC75C, 0xCF5C, 0xCF3D,
    0xCF3C, 0xBEDC, 0xCEBE, 0xD6BD, 0xCE9D, 0xCEBD, 0xCEBD, 0xCEBD, 0xD6BC, 0xD6BC, 0xD6BC, 0xD6BC, 0xD6BB, 0xD69B, 0xD6BB, 0xDEBB,
    0xD69A, 0xCE5A, 0xBE3A, 0xB61A, 0xB598, 0xCC8F, 0xD4D0, 0xF613, 0xF634, 0xF634, 0xF614, 0xF5F3, 0xFD71, 0xEC8D, 0xCB28, 0x9289,
    0x8C55, 0xE698, 0xF6B9, 0x7435, 0x2AF3, 0x3376, 0x2B97, 0x23B7, 0x23D8, 0x1A52, 0x090C, 0x08EA, 0x08C8, 0x08C9, 0x08EA, 0x012D,
    0x0B36, 0x03D9, 0x0379, 0x0379, 0x0378, 0x0315, 0x9495, 0xC5B7, 0xF5F3, 0xFE33, 0xFE54, 0xFE54, 0xFE55, 0xFE55, 0xFE55, 0xFE55,
    0xFE55, 0xFE35, 0xF635, 0xF615, 0xEDF5, 0xEDD5, 0xE5B5, 0xE5B5, 0xE5B5, 0xDDB5, 0xBD98, 0x8C96, 0x3B96, 0x4439, 0x3C39, 0x33F8,
    0x19CF, 0x090B, 0x08CA, 0x00CA, 0x090B, 0x096D, 0x0AD5, 0x03B9, 0x0399, 0x0399, 0x0379, 0x0338, 0x02D6, 0x12D4, 0x9D39, 0xBE3D,
    0xC65D, 0xBE3C, 0x94D6, 0x8207, 0x9248, 0xABAD, 0xD575, 0xD595, 0xD5B6, 0xD5B6, 0xD596, 0xCD75, 0xB450, 0xAD17, 0xA579, 0xA59A,
    0xA5BA, 0xA5DB, 0xA5DC, 0xADFC, 0xADFC, 0xA5DC, 0xA5BC, 0xA5BC, 0x9DBC, 0x965E, 0x967F, 0x9DFD, 0xA5DD, 0xA5FD, 0xB61D, 0xBE5D,
    0xCE7D, 0xBE5D, 0xB65E, 0xA67F, 0x8E9F, 0x869F, 0x869F, 0x869F, 0x867F, 0x869F, 0x869F, 0x869F, 0x867F, 0x867F, 0x867F, 0x867E,
    0x867E, 0x867E, 0x867E, 0x867E, 0x867E, 0x867F, 0x865E, 0x867F, 0x7E5E, 0x867F, 0x865E, 0x865E, 0x7E5E, 0x7E5E, 0x7E5E, 0x7E5E,
    0x7E5E, 0x7E3E, 0x7E3E, 0x7E3E, 0x7E3E, 0x7E3E, 0x7E3E, 0x7E3E, 0x7E3E, 0x7E3E, 0x7E1E, 0x7E1E, 0x7E1E, 0x7E1E, 0x7E1E, 0x7E1E,
    0x9EBF, 0x9EBF, 0x9EBF, 0x9EBF, 0x9EBF, 0x9EBF, 0x9EBF, 0x9EBF, 0x9EBF, 0x9EBF, 0x9EBF, 0x9EBF, 0x9EBF, 0x9EBF, 0x9EBF, 0x9EBF,
    0x9EBF, 0x9EBF, 0x9EBF, 0x9EBF, 0x9EBF, 0x9EBF, 0x9EBF, 0x9EBF, 0x9EBF, 0x9EBF, 0x9EBF, 0xA6DF, 0xAEDF, 0xB6FF, 0xBF3F, 0xCF5F,
    0xD77F, 0xDF9F, 0xE7BF, 0xE7BF, 0xE7BF, 0xE7BF, 0xE7BF, 0xE7BF, 0xE79F, 0xE79F, 0xDF7F, 0xDF5E, 0xD73D, 0xCF1D, 0xC6FC, 0xBEDB,
    0xBEBA, 0xB6B9, 0xAEB8, 0xAEB8, 0xAEB7, 0xAEB7, 0xAED7, 0xAEF8, 0xAEF8, 0xB719, 0xB71A, 0xBF3A, 0xC75B, 0xC75C, 0xCF5C, 0xCF5D,
    0xCF3D, 0xC6DD, 0xD6DE, 0xCEBD, 0xCE9D, 0xCEBD, 0xCEBD, 0xCEBD, 0xD6BC, 0xD6BC, 0xD6BC, 0xD6BC, 0xD6BB, 0xD69B, 0xD6BB, 0xDEBB,
    0xD69A, 0xCE5A, 0xBE3A, 0xB63B, 0xAD98, 0xCCB0, 0xD4D0, 0xF613, 0xF634, 0xF634, 0xF634, 0xF5F3, 0xF592, 0xF50F, 0xD389, 0xBB29,
    0x7BD2, 0xE678, 0xF6F9, 0xAD77, 0x2B54, 0x3BD7, 0x3418, 0x3419, 0x3459, 0x2C59, 0x1A52, 0x094E, 0x092D, 0x094D, 0x096E, 0x0AF5,
    0x0C7B, 0x0C5B, 0x0C3B, 0x0C3B, 0x0C19, 0x2396, 0xBD98, 0xCDD7, 0xF613, 0xFE34, 0xFE54, 0xFE75, 0xFE75, 0xFE75, 0xFE75, 0xFE75,
    0xFE55, 0xFE55, 0xF635, 0xF615, 0xEDF5, 0xEDD5, 0xE5D5, 0xE5B5, 0xE5B5, 0xDDB5, 0xBDB9, 0xAD78, 0x43F7, 0x4C9A, 0x4CDB, 0x44BB,
    0x3439, 0x1A92, 0x118E, 0x096E, 0x11F0, 0x1356, 0x0C5C, 0x0C5C, 0x0C3C, 0x041B, 0x03FB, 0x03B9, 0x0337, 0x3B96, 0xB5DB, 0xC63D,
    0xC65D, 0xBE3C, 0x9474, 0x8A07, 0x9A68, 0xC4D2, 0xD595, 0xD595, 0xD5B6, 0xD5B6, 0xD595, 0xCD54, 0xB42F, 0xAD37, 0xA579, 0xA59A,
    0xA5BA, 0xA5DB, 0xA5DC, 0xADFC, 0xADFC, 0x9DBC, 0x9DBC, 0xA5BC, 0x9DBC, 0x9E1E, 0x967F, 0x9E1E, 0x9DDD, 0xA5FD, 0xAE1D, 0xBE3D,
    0xC67D, 0xC65D, 0xB65E, 0xA67F, 0x8E7E, 0x869F, 0x869F, 0x869F, 0x869F, 0x869F, 0x869E, 0x867F, 0x867E, 0x867E, 0x867F, 0x867E,
    0x867F, 0x867E, 0x867F, 0x867E, 0x867E, 0x867E, 0x867E, 0x865E, 0x7E5E, 0x7E5E, 0x7E5E, 0x7E5E, 0x7E5E, 0x7E5E, 0x7E5E, 0x7E5E,
    0x7E3E, 0x7E3E, 0x7E3E, 0x7E3E, 0x7E3E, 0x7E3E, 0x7E3E, 0x7E3E, 0x7E3E, 0x7E3E, 0x7E1E, 0x7E3E, 0x7E1E, 0x7E1E, 0x7E1E, 0x7E1E,
    0x9EBF, 0x9EBF, 0x9EBF, 0x9EBF, 0x9EBF, 0x9EBF, 0x9EBF, 0x9EBF, 0x9EBF, 0x9EBF, 0x9EBF, 0x9EBF, 0x9EBF, 0x9EBF, 0x9EBF, 0x9EBF,
    0x9EBF, 0x9EBF, 0x9EBF, 0x9EBF, 0x9EBF, 0x9EBF, 0x9EBF, 0x9EBF, 0x9EBF, 0x9EBF, 0x9EBF, 0xA6DF, 0xA6DF, 0xAEFF, 0xBF1F, 0xC75F,
    0xD77F, 0xDF9F, 0xE7BF, 0xE7BF, 0xE7BF, 0xE7BF, 0xE7BF, 0xE7BF, 0xE79F, 0xE79F, 0xDF7F, 0xDF5E, 0xD73D, 0xCF1D, 0xC6FC, 0xBEDB,
    0xB6BA, 0xB6B9, 0xAEB8, 0xAEB8, 0xAEB7, 0xAEB7, 0xAED8, 0xAED8, 0xAEF8, 0xB719, 0xBF1A, 0xBF3A, 0xC75B, 0xC75C, 0xCF5D, 0xCF5D,
    0xCF3D, 0xBE9D, 0xD6DE, 0xCEBD, 0xCE9D, 0xCEBD, 0xCEBD, 0xD6BD, 0xD6BC, 0xD6BC, 0xD6BC, 0xD6BC, 0xD6BC, 0xD69B, 0xD69B, 0xDEBB,
    0xD69A, 0xCE5A, 0xBE3A, 0xBE3B, 0xADB9, 0xCCB0, 0xD4CF, 0xF5F3, 0xF634, 0xF635, 0xF635, 0xF614, 0xF5B3, 0xFD30, 0xF48C, 0xD369,
    0x8B4F, 0xCDF7, 0xFEF9, 0xE679, 0x43D6, 0x4417, 0x4479, 0x449A, 0x44BB, 0x3CDB, 0x34DB, 0x2BF8, 0x1B34, 0x2335, 0x2459, 0x24FC,
    0x2CFC, 0x1CBC, 0x149C, 0x1CBC, 0x145A, 0x6477, 0xCE19, 0xD5D7, 0xFE33, 0xFE54, 0xFE75, 0xFE75, 0xFE75, 0xFE75, 0xFE75, 0xFE75,
    0xFE75, 0xFE56, 0xFE56, 0xF636, 0xF616, 0xEDF5, 0xEDD5, 0xE5D5, 0xE5D5, 0xE5B5, 0xBDB9, 0xC61A, 0x6C78, 0x54BA, 0x5D1B, 0x5D1C,
    0x4D1C, 0x451C, 0x44FC, 0x3CBB, 0x3D1C, 0x34FD, 0x2CFD, 0x1CDD, 0x14BD, 0x0C7C, 0x0C5C, 0x0BFA, 0x1378, 0x84B8, 0xBE3C, 0xC65D,
    0xC65C, 0xBE1B, 0x8BAF, 0x9227, 0xAB6C, 0xCD75, 0xD595, 0xD596, 0xD5B6, 0xD5B6, 0xD595, 0xCD54, 0xB42F, 0xA558, 0xA579, 0xA59A,
    0xA5BB, 0xA5DB, 0xA5FC, 0xADFC, 0xADFC, 0x9DBC, 0x9DDC, 0xA5DC, 0xA5BC, 0x9DFD, 0x967F, 0x9E3E, 0xA5DD, 0xA5DD, 0xADFD, 0xBE3D,
    0xC65D, 0xC67D, 0xB63E, 0xAE7E, 0x9E9F, 0x869F, 0x869F, 0x869F, 0x867F, 0x869E, 0x867F, 0x867F, 0x867E, 0x867F, 0x867F, 0x867F,
    0x867F, 0x867F, 0x867E, 0x867E, 0x867E, 0x867E, 0x865E, 0x867E, 0x7E5E, 0x865E, 0x7E5E, 0x7E5F, 0x7E5E, 0x7E5F, 0x7E5E, 0x7E3E,
    0x7E3E, 0x7E3E, 0x7E3E, 0x7E3E, 0x7E3E, 0x7E3E, 0x7E3E, 0x7E3E, 0x7E3E, 0x7E3E, 0x7E3E, 0x7E3E, 0x7E1E, 0x7E1E, 0x7E1E, 0x7E1E,
    0x9EBF, 0x9EBF, 0x9EBF, 0x9EBF, 0x9EBF, 0x9EBF, 0x9EBF, 0x9EBF, 0x9EBF, 0x9EBF, 0x9EBF, 0x9EBF, 0x9EBF, 0x9EBF, 0x9EBF, 0x9EBF,
    0x9EBF, 0x9EBF, 0x9EBF, 0x9EBF, 0x9EBF, 0x9EBF, 0x9EBF, 0x9EBF, 0x9EBF, 0x9EBF, 0x9EBF, 0xA6DF, 0xA6DF, 0xAEFF, 0xBF1F, 0xC75F,
    0xD77F, 0xDF9F, 0xE7BF, 0xE7BF, 0xE7BF, 0xE7BF, 0xE7BF, 0xE7BF, 0xE79F, 0xE79F, 0xDF7F, 0xDF5E, 0xD73E, 0xCF1D, 0xC6FC, 0xBEDB,
    0xBEBA, 0xB6B9, 0xAEB8, 0xAEB8, 0xAEB8, 0xAEB8, 0xAED8, 0xAED8, 0xB6F9, 0xB719, 0xBF1A, 0xBF3B, 0xC75C, 0xCF5C, 0xCF5D, 0xCF5D,
    0xCF3D, 0xBE9D, 0xCEBE, 0xCEBD, 0xCEBD, 0xCEBD, 0xCEBD, 0xD6BD, 0xD6BC, 0xD6BC, 0xD6BC, 0xD6BC, 0xD6BC, 0xD69C, 0xD69B, 0xDEBB,
    0xD69A, 0xCE5A, 0xC63A, 0xBE5B, 0xB5B9, 0xC4D1, 0xD4AF, 0xEDF3, 0xF634, 0xF635, 0xF635, 0xF615, 0xF5D4, 0xF572, 0xFD0F, 0xE3EA,
    0xAB0A, 0xB536, 0xF6F9, 0xF6D9, 0x9518, 0x4417, 0x54D9, 0x54FB, 0x4CFB, 0x4D1B, 0x553B, 0x4D5B, 0x455C, 0x4D5C, 0x4D5C, 0x555C,
    0x453C, 0x351D, 0x351C, 0x34FC, 0x2C79, 0xB599, 0xD63A, 0xDDF6, 0xFE54, 0xFE74, 0xFE95, 0xFE95, 0xFE95, 0xFE95, 0xFE95, 0xFE75,
    0xFE76, 0xFE76, 0xFE56, 0xF636, 0xF616, 0xEDF6, 0xEDD6, 0xE5D6, 0xE5D5, 0xE5D5, 0xC5B8, 0xCE3A, 0xA579, 0x54BA, 0x655C, 0xA61C,
    0xCE9D, 0x6D9D, 0x5D7D, 0x5D7D, 0x5D7D, 0x555D, 0x555D, 0x453D, 0x34FD, 0x24DD, 0x149C, 0x143A, 0x4C18, 0xB5DB, 0xC63C, 0xC65C,
    0xC63C, 0xB5B9, 0x92AA, 0x9A89, 0xC513, 0xCD75, 0xD595, 0xD596, 0xD5B6, 0xD5B6, 0xD595, 0xCD13, 0xB450, 0xA558, 0xA579, 0xA59A,
    0xA5BB, 0xA5DB, 0xADFC, 0xADFC, 0xADFC, 0x9DDC, 0x9DDC, 0xA5DC, 0xA5BC, 0x9DDD, 0x965F, 0x9E5F, 0xA5DD, 0xA5DD, 0xA5FD, 0xB61D,
    0xC65D, 0xCE7D, 0xB63D, 0xAE5E, 0xA67F, 0x869F, 0x869F, 0x867E, 0x867F, 0x867F, 0x867F, 0x867F, 0x867E, 0x867E, 0x867E, 0x867E,
    0x867E, 0x867E, 0x867F, 0x867E, 0x867F, 0x865E, 0x7E5F, 0x7E5E, 0x7E5E, 0x7E5E, 0x7E5E, 0x7E5E, 0x7E5E, 0x7E3E, 0x7E3E, 0x7E3E,
    0x7E3E, 0x7E3E, 0x7E3E, 0x7E3E, 0x7E3E, 0x7E3E, 0x7E3E, 0x7E3E, 0x7E3E, 0x7E3E, 0x7E1E, 0x7E1E, 0x7E1E, 0x7E1E, 0x7E1E, 0x7E1E,
    0x9EBF, 0x9EBF, 0x9EBF, 0x9EBF, 0x9EBF, 0x9EBF, 0x9EBF, 0x9EBF, 0x9EBF, 0x9EBF, 0x9EBF, 0x9EBF, 0x9EBF, 0x9EBF, 0x9EBF, 0x9EBF,
    0x9EBF, 0x9EBF, 0x9EBF, 0x9EBF, 0x9EBF, 0x9EBF, 0x9EBF, 0x9EBF, 0x9EBF, 0x9EBF, 0x9EBF, 0xA6BF, 0xA6DF, 0xAEFF, 0xBF1F, 0xC73F,
    0xD77F, 0xDF9F, 0xDFBF, 0xE7BF, 0xE7BF, 0xE7BF, 0xE7BF, 0xE7BF, 0xE79F, 0xE79F, 0xDF7F, 0xDF5E, 0xD73E, 0xCF1D, 0xCEFC, 0xC6DB,
    0xBEBA, 0xB6B9, 0xB6B8, 0xAEB8, 0xAEB8, 0xAEB8, 0xAED8, 0xB6D9, 0xB6F9, 0xB6FA, 0xBF1A, 0xC73B, 0xC73C, 0xCF5D, 0xCF5D, 0xCF5E,
    0xC6FD, 0xCEBE, 0xCEBE, 0xCEBD, 0xCEBD, 0xCEBD, 0xCEBD, 0xD6BD, 0xD6BC, 0xD6BC, 0xD6BC, 0xD6BC, 0xD69C, 0xD69B, 0xD69B, 0xDEBB,
    0xD69A, 0xCE7A, 0xC63A, 0xBE5B, 0xB5DA, 0xC4F3, 0xD48E, 0xEDD3, 0xF614, 0xF635, 0xF635, 0xF615, 0xF5F4, 0xF5B3, 0xF551, 0xFCEE,
    0xDB89, 0x9BAF, 0xEEB9, 0xF6F9, 0xE699, 0x6497, 0x5CD9, 0x859B, 0x6D5B, 0x95FC, 0xBE7D, 0x7DDC, 0x6D9C, 0x6D9C, 0x6D9C, 0x5D7C,
    0x555C, 0x4D5C, 0x4D5C, 0x3CFB, 0x84F9, 0xD65A, 0xD63A, 0xEE36, 0xFE75, 0xFE95, 0xFE95, 0xFE95, 0xFE96, 0xFE96, 0xFE96, 0xFE96,
    0xFE96, 0xFE76, 0xFE76, 0xFE56, 0xF636, 0xEE16, 0xEDF6, 0xEDF6, 0xE5F6, 0xE5D6, 0xCDB8, 0xCE3A, 0xD63A, 0x7CF9, 0x653B, 0xB63C,
    0xDEDD, 0x95FD, 0x6DBD, 0x6DBD, 0x6DBD, 0x6D9D, 0x659D, 0x5D7D, 0x555D, 0x451D, 0x24DC, 0x2C39, 0xA55A, 0xC63C, 0xC63C, 0xC63C,
    0xC63C, 0xB452, 0x9A48, 0xBC30, 0xCD55, 0xCD75, 0xD596, 0xD5B6, 0xD5B6, 0xD595, 0xD595, 0xC4D2, 0xB472, 0xA559, 0xA579, 0xA59A,
    0xA5BB, 0xA5DB, 0xADFC, 0xADFC, 0xADFC, 0x9DBC, 0x95DC, 0x9DDC, 0xA5DC, 0x9DBD, 0x965F, 0x967F, 0x9E1E, 0xA5DD, 0xA5FD, 0xB61D,
    0xBE3D, 0xCE7D, 0xBE3D, 0xB65E, 0xAE9F, 0x8E9F, 0x867F, 0x867F, 0x867F, 0x867F, 0x867E, 0x867F, 0x867E, 0x867F, 0x867E, 0x867F,
    0x867E, 0x867F, 0x867E, 0x867F, 0x865E, 0x865E, 0x7E5E, 0x7E5E, 0x7E5E, 0x7E5E, 0x7E5E, 0x7E5E, 0x7E5E, 0x7E3E, 0x7E5E, 0x7E3E,
    0x7E5E, 0x7E3E, 0x7E3E, 0x7E3E, 0x7E3E, 0x7E3E, 0x7E3E, 0x7E3E, 0x7E3E, 0x7E1E, 0x7E1E, 0x7E1E, 0x7E1E, 0x7E1E, 0x7E1E, 0x761E,
    0x9EBF, 0x9EBF, 0x9EBF, 0x9EBF, 0x9EBF, 0x9EBF, 0x9EBF, 0x9EBF, 0x9EBF, 0x9EBF, 0x9EBF, 0x9EBF, 0x9EBF, 0x9EBF, 0x9EBF, 0x9EBF,
    0x9EBF, 0x9EBF, 0x9EBF, 0x9EBF, 0x9EBF, 0x9EBF, 0x9EBF, 0x9EBF, 0x9EBF, 0x9EBF, 0x9EBF, 0x9EBF, 0xA6DF, 0xAEFF, 0xB71F, 0xC73F,
    0xCF7F, 0xDF9F, 0xDF9F, 0xE7BF, 0xE7BF, 0xE7BF, 0xE7BF, 0xE7BF, 0xE79F, 0xE79F, 0xDF7F, 0xDF5E, 0xD73E, 0xD71D, 0xCEFC, 0xC6DB,
    0xBEDA, 0xB6BA, 0xB6B9, 0xB6B9, 0xAEB9, 0xAEB9, 0xB6D9, 0xB6D9, 0xB6FA, 0xBEFA, 0xBF1B, 0xC73B, 0xC73C, 0xC75D, 0xCF5E, 0xCF5E,
    0xBEFE, 0xCEDE, 0xCEBE, 0xCEBD, 0xCEBD, 0xCEBD, 0xCEBD, 0xD6BD, 0xD6BC, 0xD6BC, 0xD6BC, 0xD6BC, 0xD69C, 0xD69C, 0xD69B, 0xDEBB,
    0xD69B, 0xCE7A, 0xC65A, 0xBE3B, 0xB5FA, 0xBD35, 0xD44D, 0xE592, 0xF614, 0xF635, 0xF635, 0xF635, 0xF615, 0xF5F4, 0xF593, 0xFD31,
    0xF4AD, 0xC329, 0xBD14, 0xF6F9, 0xF6FA, 0xCE39, 0x64D8, 0x7D7A, 0x7D9B, 0x8DDB, 0xBE7D, 0x85DC, 0x6DBC, 0x6DBC, 0x6D9C, 0x6D9C,
    0x657C, 0x657C, 0x4D3B, 0x6CF9, 0xD63A, 0xDE7B, 0xDE39, 0xFE75, 0xFE95, 0xFE95, 0xFEB6, 0xFEB6, 0xFEB6, 0xFEB6, 0xFEB6, 0xFEB6,
    0xFEB7, 0xFE97, 0xFE97, 0xFE77, 0xF657, 0xF637, 0xEE17, 0xEE16, 0xEDF6, 0xE5F6, 0xD5D7, 0xCE1A, 0xD67A, 0xC61A, 0x6D1A, 0x6D9C,
    0x85FC, 0x7DDC, 0x75DD, 0x75DD, 0x75DD, 0x75BC, 0x6DBD, 0x6D9D, 0x657D, 0x553C, 0x3C9A, 0x9539, 0xC63C, 0xC63C, 0xC63C, 0xC63C,
    0xBD77, 0xA289, 0xAB6D, 0xCD34, 0xCD55, 0xCD75, 0xD596, 0xD5B6, 0xD5B6, 0xD595, 0xD575, 0xBC91, 0xACD4, 0xA579, 0xA59A, 0xA5BA,
    0xA5BB, 0xA5DC, 0xADFC, 0xADFC, 0xA5DC, 0x95BC, 0x961D, 0x9E1D, 0x9DDD, 0x9DDD, 0x9E1E, 0x967F, 0x9E3E, 0x9DDD, 0xA5DD, 0xAE1D,
    0xBE3D, 0xC67D, 0xC65E, 0xB65E, 0xAE9F, 0x969F, 0x867E, 0x867F, 0x869F, 0x867E, 0x867F, 0x867F, 0x867F, 0x867F, 0x867F, 0x867E,
    0x867E, 0x867E, 0x865E, 0x865E, 0x7E5E, 0x7E5E, 0x7E5E, 0x865E, 0x865F, 0x865E, 0x865F, 0x7E5E, 0x7E5E, 0x7E5E, 0x7E3E, 0x7E3E,
    0x7E3E, 0x7E3E, 0x7E3E, 0x7E3E, 0x7E3E, 0x7E3E, 0x7E3E, 0x7E3E, 0x7E1E, 0x7E1E, 0x7E1E, 0x7E1E, 0x7E1E, 0x7E1E, 0x7E1E, 0x7E1E,
    0x9EBF, 0x9EBF, 0x9EBF, 0x9EBF, 0x9EBF, 0x9EBF, 0x9EBF, 0x9EBF, 0x9EBF, 0x9EBF, 0x9EBF, 0x9EBF, 0x9EBF, 0x9EBF, 0x9EBF, 0x9EBF,
    0x9EBF, 0x9EBF, 0x9EBF, 0x9EBF, 0x9EBF, 0x9EBF, 0x9EBF, 0x9EBF, 0x9EBF, 0x9EBF, 0x9EBF, 0x9EBF, 0xA6DF, 0xAEFF, 0xB71F, 0xC73F,
    0xCF5F, 0xD77F, 0xDF9F, 0xE7BF, 0xE7BF, 0xE7BF, 0xE7BF, 0xE7BF, 0xE79F, 0xE79F, 0xDF7F, 0xDF7F, 0xD75E, 0xD73D, 0xCF1C, 0xC6FC,
    0xBEDB, 0xBEBA, 0xB6B9, 0xB6B9, 0xB6B9, 0xB6B9, 0xB6D9, 0xB6DA, 0xBEFA, 0xBEFB, 0xBF1B, 0xC71C, 0xC73D, 0xC73D, 0xC73E, 0xC73E,
    0xBEDE, 0xCEBE, 0xCEBD, 0xCEBD, 0xCEBD, 0xCEBD, 0xCEBD, 0xD6BD, 0xD6BC, 0xD6BC, 0xD6BC, 0xD6BC, 0xD69C, 0xD69C, 0xD69B, 0xDEBB,
    0xD69B, 0xCE7B, 0xC65B, 0xBE3B, 0xB61B, 0xB557, 0xD46D, 0xE552, 0xF614, 0xF634, 0xF635, 0xF635, 0xF615, 0xF615, 0xF5D4, 0xF593,
    0xFD31, 0xEC6C, 0xB34A, 0xDDF7, 0xF6FA, 0xF6DA, 0xCE39, 0x7518, 0x757A, 0x7D9B, 0x7DBB, 0x75BB, 0x75BB, 0x75BB, 0x75BB, 0x759B,
    0x759B, 0x655B, 0x6D39, 0xCE3A, 0xDE9B, 0xDE7A, 0xE657, 0xFEB6, 0xFEB6, 0xFEB6, 0xFEB6, 0xFEB6, 0xFEB6, 0xFEB6, 0xFED7, 0xFED7,
    0xFED7, 0xFEB7, 0xFE97, 0xFE77, 0xFE77, 0xF657, 0xEE37, 0xEE37, 0xEE37, 0xEE17, 0xE616, 0xCE19, 0xD65A, 0xDE7A, 0xC619, 0x7D5A,
    0x6D9C, 0x7DDC, 0x7DDC, 0x7DDC, 0x7DDC, 0x7DDC, 0x75BC, 0x759C, 0x655C, 0x5CDA, 0xA57A, 0xC63C, 0xC63C, 0xC65C, 0xC63C, 0xC5D9,
    0xAB0B, 0xAB2B, 0xC514, 0xCD55, 0xCD75, 0xCD75, 0xD596, 0xD596, 0xD595, 0xD595, 0xCD54, 0xBC50, 0xAD16, 0xA579, 0xA59A, 0xA5BB,
    0xA5DB, 0xA5DC, 0xADFC, 0xADFC, 0xA5DC, 0x95DC, 0x961D, 0x967F, 0x9DFD, 0xA5DD, 0x9DDD, 0x967F, 0x9E5F, 0x9DDD, 0x9DDD, 0xA5FD,
    0xBE3D, 0xC65D, 0xC67D, 0xB63E, 0xAE7F, 0x9E9F, 0x869F, 0x869F, 0x867F, 0x867F, 0x867F, 0x867F, 0x867F, 0x867E, 0x867E, 0x867E,
    0x867E, 0x867F, 0x865E, 0x867F, 0x7E5E, 0x867F, 0x865E, 0x865F, 0x865E, 0x865E, 0x7E5E, 0x7E5E, 0x7E5E, 0x7E5E, 0x7E3E, 0x7E3E,
    0x7E3E, 0x7E3E, 0x7E3E, 0x7E3E, 0x7E3E, 0x7E3E, 0x7E3E, 0x7E1E, 0x7E3E, 0x7E1E, 0x7E1E, 0x7E1E, 0x7E1E, 0x7E1E, 0x7E1E, 0x7E1E,
    0x9EBF, 0x9EBF, 0x9EBF, 0x9EBF, 0x9EBF, 0x9EBF, 0x9EBF, 0x9EBF, 0x9EBF, 0x9EBF, 0x9EBF, 0x9EBF, 0x9EBF, 0x9EBF, 0x9EBF, 0x9EBF,
    0x9EBF, 0x9EBF, 0x9EBF, 0x9EBF, 0x9EBF, 0x9EBF, 0x9EBF, 0x9EBF, 0x9EBF, 0x9EBF, 0x9EBF, 0xA6BF, 0xA6DF, 0xAEFF, 0xB6FF, 0xBF3F,
    0xCF5F, 0xD77F, 0xDF9F, 0xE79F, 0xE7BF, 0xE7BF, 0xE7BF, 0xE7BF, 0xE79F, 0xE79F, 0xDF7F, 0xDF7F, 0xDF5E, 0xD73E, 0xCF1D, 0xC6FC,
    0xC6DB, 0xBEDB, 0xBEBA, 0xB6BA, 0xB6BA, 0xB6DA, 0xB6DA, 0xB6DB, 0xBEFB, 0xBEFC, 0xBF1C, 0xBF1D, 0xBF1D, 0xC73E, 0xC73E, 0xBF3E,
    0xBEBE, 0xCEBE, 0xD6BD, 0xCE9D, 0xCEBD, 0xCEBD, 0xCEBD, 0xD6BD, 0xD6BC, 0xD6BC, 0xD6BC, 0xD6BC, 0xD6BC, 0xD69C, 0xD69B, 0xD69B,
    0xD69B, 0xCE7A, 0xC65A, 0xBE3B, 0xB63B, 0xAD78, 0xCC90, 0xDD11, 0xF5F4, 0xF614, 0xF635, 0xF635, 0xF615, 0xF615, 0xF615, 0xF5D4,
    0xF593, 0xFD51, 0xE3EB, 0xB36B, 0xE637, 0xF6D9, 0xF6DA, 0xD679, 0x8579, 0x755A, 0x7D9A, 0x85BB, 0x85BB, 0x85BB, 0x7DBB, 0x759B,
    0x6D39, 0x9598, 0xDE7A, 0xDE9B, 0xDE7B, 0xDE59, 0xFEB6, 0xFED6, 0xFED6, 0xFED6, 0xFED7, 0xFED7, 0xFED7, 0xFEF7, 0xFEF7, 0xFEF7,
    0xFED7, 0xFEB7, 0xFE97, 0xFE97, 0xFE77, 0xF677, 0xF657, 0xEE57, 0xEE57, 0xEE57, 0xEE37, 0xDE18, 0xD65A, 0xDE7A, 0xDE7A, 0xD65A,
    0x95BA, 0x757B, 0x759C, 0x75BC, 0x7DBC, 0x759C, 0x6D7C, 0x6D3B, 0x7D1A, 0xB5BA, 0xC63B, 0xC63C, 0xC65C, 0xC65C, 0xC577, 0xA2EB,
    0xB34C, 0xC4F3, 0xCD34, 0xCD55, 0xCD75, 0xD595, 0xD596, 0xD5B6, 0xD595, 0xD595, 0xCD34, 0xB450, 0xAD58, 0xA579, 0xA59A, 0xA5BB,
    0xA5DB, 0xA5DC, 0xADDC, 0xADFC, 0x9DDC, 0x95DC, 0x95FD, 0x969F, 0x9E3E, 0xA5DD, 0x9DDD, 0x965F, 0x967F, 0x9DFD, 0x9DDD, 0xA5FD,
    0xB63D, 0xC65D, 0xC67D, 0xB63D, 0xB67E, 0xA69F, 0x869F, 0x867F, 0x867E, 0x867E, 0x867F, 0x867E, 0x867F, 0x867E, 0x867F, 0x865E,
    0x867F, 0x867E, 0x867E, 0x865E, 0x865E, 0x865E, 0x7E5E, 0x865E, 0x7E5E, 0x7E5E, 0x7E5E, 0x7E5E, 0x7E3E, 0x7E5E, 0x7E3E, 0x7E5E,
    0x7E3E, 0x7E3E, 0x7E3E, 0x7E3E, 0x7E3E, 0x7E3E, 0x7E1E, 0x7E3E, 0x7E1E, 0x7E3E, 0x7E1E, 0x7E1E, 0x7DFE, 0x7E1E, 0x7DFE, 0x7E1E,
    0x9EBF, 0x9EBF, 0x9EBF, 0x9EBF, 0x9EBF, 0x9EBF, 0x9EBF, 0x9EBF, 0x9EBF, 0x9EBF, 0x9EBF, 0x9EBF, 0x9EBF, 0x9EBF, 0x9EBF, 0x9EBF,
    0x9EBF, 0x9EBF, 0x9EBF, 0x9EBF, 0x9EBF, 0x9EBF, 0x9EBF, 0x9EBF, 0x9EBF, 0x9EBF, 0x9EBF, 0x9EBF, 0xA6DF, 0xA6DF, 0xB6FF, 0xBF1F,
    0xC75F, 0xD77F, 0xDF7F, 0xDF9F, 0xE7BF, 0xE79F, 0xE7BF, 0xE79F, 0xE79F, 0xE79F, 0xDF7F, 0xDF7F, 0xD75E, 0xD73E, 0xCF1D, 0xC6FC,
    0xC6DC, 0xBEDB, 0xBEBB, 0xBEBB, 0xB6DB, 0xB6DB, 0xB6DB, 0xB6DB, 0xBEFC, 0xBEFC, 0xBEFD, 0xBF1D, 0xBF1E, 0xBF1E, 0xBF1E, 0xB6FE,
    0xBE9E, 0xCEBE, 0xD6DD, 0xCE9D, 0xCEBD, 0xCEBD, 0xD6BD, 0xCEBD, 0xD6BC, 0xD6BC, 0xD6BC, 0xD6BC, 0xD6BC, 0xD69B, 0xD69B, 0xD69B,
    0xD69B, 0xCE7A, 0xC65A, 0xBE3B, 0xB65C, 0xAD99, 0xC4D2, 0xD4AF, 0xEDF3, 0xF614, 0xF635, 0xF635, 0xF615, 0xF615, 0xF615, 0xF615,
    0xF5F5, 0xF5B4, 0xFD72, 0xE3EB, 0xC3AB, 0xDDF6, 0xEEB9, 0xEED9, 0xEEBA, 0xC639, 0x9599, 0x8579, 0x7D79, 0x7D79, 0x7D59, 0x8D78,
    0xCE39, 0xE69A, 0xE69A, 0xE67A, 0xE679, 0xF6B7, 0xFED7, 0xFED7, 0xFED7, 0xFEF7, 0xFED7, 0xFED7, 0xFEF7, 0xFEF7, 0xFEF7, 0xFED7,
    0xFED6, 0xFEB6, 0xFE96, 0xFE97, 0xFE77, 0xF677, 0xF677, 0xF677, 0xF678, 0xEE78, 0xEE78, 0xEE58, 0xE659, 0xDE59, 0xDE7A, 0xDE7A,
    0xDE7A, 0xD63A, 0xADDA, 0x957A, 0x8D5A, 0x8D59, 0xA559, 0xBDD9, 0xCE3A, 0xCE3B, 0xC63B, 0xC63B, 0xC61A, 0xBCB3, 0xAAA9, 0xBBEE,
    0xCD14, 0xCD34, 0xCD55, 0xD555, 0xD575, 0xD595, 0xD596, 0xD596, 0xD595, 0xD575, 0xCCF3, 0xB492, 0xA579, 0xA59A, 0xA5BB, 0xA5BB,
    0xA5DB, 0xADDB, 0xADDB, 0xADFC, 0x9DDC, 0x95DD, 0x95FD, 0x967F, 0x969F, 0xA5FD, 0x9DDD, 0x963E, 0x967F, 0x9E1E, 0x9DDD, 0xA5DD,
    0xB61D, 0xBE5D, 0xCE7D, 0xB63D, 0xB65E, 0xAE9F, 0x8E7E, 0x869F, 0x867E, 0x867F, 0x867F, 0x867F, 0x867F, 0x867F, 0x867F, 0x867E,
    0x867E, 0x867E, 0x865E, 0x865E, 0x867F, 0x865E, 0x867F, 0x7E5F, 0x7E5E, 0x7E5F, 0x7E5E, 0x7E5F, 0x7E5E, 0x7E5E, 0x7E5E, 0x7E5E,
    0x7E3E, 0x7E3E, 0x7E3E, 0x7E3E, 0x7E3E, 0x7E3E, 0x7E3E, 0x7E3E, 0x7E3E, 0x7E3E, 0x7E1E, 0x7E1E, 0x7E1E, 0x7E1E, 0x7E1E, 0x7E1E,
    0x9EBF, 0x9EBF, 0x9EBF, 0x9EBF, 0x9EBF, 0x9EBF, 0x9EBF, 0x9EBF, 0x9EBF, 0x9EBF, 0x9EBF, 0x9EBF, 0x9EBF, 0x9EBF, 0x9EBF, 0x9EBF,
    0x9EBF, 0x9EBF, 0x9EBF, 0x9EBF, 0x9EBF, 0x9EBF, 0x9EBF, 0x9EBF, 0x9EBF, 0x9EBF, 0x9EBF, 0x9EBF, 0xA6DF, 0xA6DF, 0xAEFF, 0xB71F,
    0xC73F, 0xCF5F, 0xD77F, 0xDF7F, 0xDF9F, 0xDF9F, 0xDF9F, 0xDF9F, 0xDF9F, 0xDF7F, 0xDF7F, 0xD77F, 0xD73F, 0xD73E, 0xCF1E, 0xC6FD,
    0xC6DC, 0xBEDC, 0xBEDC, 0xBEDC, 0xB6BC, 0xB6DC, 0xB6DC, 0xB6DC, 0xB6FD, 0xB6FD, 0xB6FD, 0xB6FE, 0xB6FE, 0xB6FE, 0xB6FF, 0xAEDE,
    0xBE9E, 0xCEBD, 0xD6DD, 0xCE9D, 0xCEBD, 0xD6BD, 0xCEBD, 0xCEBD, 0xD6BD, 0xD6BC, 0xD6BC, 0xD6BC, 0xD6BC, 0xD69C, 0xD69B, 0xD69B,
    0xD69A, 0xCE7A, 0xCE5A, 0xBE3A, 0xBE5B, 0xB5D9, 0xB536, 0xD46D, 0xEDD3, 0xF5F4, 0xF614, 0xF615, 0xF615, 0xF615, 0xF615, 0xF615,
    0xF615, 0xF5F5, 0xF5D5, 0xF5B3, 0xEC6D, 0xD389, 0xDCD0, 0xEE77, 0xEEB9, 0xEED9, 0xEEB9, 0xEEB9, 0xE699, 0xE699, 0xE69A, 0xEE9A,
    0xE69A, 0xE679, 0xE638, 0xEE37, 0xFEB7, 0xFED7, 0xFED7, 0xFED7, 0xFEF7, 0xFEF7, 0xFEF7, 0xFEF7, 0xFEF7, 0xFEF7, 0xFED6, 0xFEB5,
    0xFE95, 0xFE75, 0xFE35, 0xFE36, 0xFE57, 0xF677, 0xF677, 0xF678, 0xF678, 0xF698, 0xF698, 0xF698, 0xF678, 0xEE78, 0xEE58, 0xE617,
    0xE658, 0xDE59, 0xDE79, 0xDE79, 0xDE7A, 0xD65A, 0xD65A, 0xD63A, 0xCE3A, 0xCE3A, 0xD5F9, 0xC4B2, 0xBB2B, 0xBB4C, 0xCCB2, 0xCD35,
    0xD555, 0xD555, 0xD575, 0xD575, 0xD575, 0xD595, 0xD596, 0xD595, 0xD595, 0xD555, 0xBC91, 0xACF5, 0xA579, 0xA59A, 0xA5BB, 0xA5BB,
    0xA5DB, 0xADDB, 0xADFC, 0xA5FC, 0x9DDC, 0x95FD, 0x95FD, 0x963E, 0x96BF, 0x9E1D, 0x9DDD, 0x9E1E, 0x967F, 0x9E3E, 0x9DDD, 0x9DFD,
    0xAE1D, 0xBE3D, 0xCE7D, 0xBE5D, 0xAE3E, 0xB69F, 0x969F, 0x869F, 0x867F, 0x867F, 0x867E, 0x867E, 0x867E, 0x867E, 0x867F, 0x867E,
    0x867F, 0x865E, 0x867F, 0x867E, 0x7E7F, 0x7E5E, 0x7E5E, 0x7E5E, 0x7E5E, 0x7E5E, 0x7E5E, 0x7E5E, 0x7E5E, 0x7E5E, 0x7E3E, 0x7E3E,
    0x7E3E, 0x7E3E, 0x7E3E, 0x7E3E, 0x7E3E, 0x7E3E, 0x7E1E, 0x7E3E, 0x7E1E, 0x7E3E, 0x7E1E, 0x7E1E, 0x7E1E, 0x761E, 0x7E1E, 0x75FE,
    0x9EBF, 0x9EBF, 0x9EBF, 0x9EBF, 0x9EBF, 0x9EBF, 0x9EBF, 0x9EBF, 0x9EBF, 0x9EBF, 0x9EBF, 0x9EBF, 0x9EBF, 0x9EBF, 0x9EBF, 0x9EBF,
    0x9EBF, 0x9EBF, 0x9EBF, 0x9EBF, 0x9EBF, 0x9EBF, 0x9EBF, 0x9EBF, 0x9EBF, 0x9EBF, 0x9EBF, 0x9EBF, 0x9EBF, 0xA6DF, 0xAEFF, 0xB71F,
    0xBF1F, 0xC73F, 0xCF5F, 0xD77F, 0xD77F, 0xDF9F, 0xDF7F, 0xDF7F, 0xDF7F, 0xD77F, 0xD75F, 0xD75F, 0xD73F, 0xCF3E, 0xC71E, 0xC6FD,
    0xC6FD, 0xBEDD, 0xBEDD, 0xB6DD, 0xB6DD, 0xB6DD, 0xB6DD, 0xB6DD, 0xB6DD, 0xAEDE, 0xAEDE, 0xAEDE, 0xAEFF, 0xAEDF, 0xAEFF, 0x9E7E,
    0xC6BE, 0xD6BD, 0xD6DD, 0xCEBD, 0xCEBD, 0xD6BD, 0xCEBD, 0xCE9D, 0xD6BD, 0xD6BC, 0xD6BC, 0xDEBC, 0xDEBC, 0xD69C, 0xD69B, 0xD69B,
    0xD69A, 0xCE7A, 0xCE5A, 0xC63A, 0xBE3B, 0xB5FA, 0xB578, 0xCCB0, 0xE592, 0xEDF4, 0xF614, 0xF614, 0xF614, 0xF614, 0xF615, 0xF615,
    0xF615, 0xF616, 0xF616, 0xFE15, 0xFDF5, 0xF572, 0xE44C, 0xD368, 0xDBEB, 0xD42D, 0xE4F1, 0xED94, 0xEDB4, 0xE533, 0xD490, 0xD44F,
    0xE511, 0xEDD3, 0xF655, 0xFED7, 0xFED7, 0xFED7, 0xFED7, 0xFED7, 0xFEF7, 0xFEF7, 0xFEF7, 0xFEF7, 0xFEF7, 0xFED6, 0xFED5, 0xFEF6,
    0xFE95, 0xFE34, 0xFDF4, 0xFDD4, 0xF5F5, 0xEE16, 0xF657, 0xF678, 0xF698, 0xF698, 0xF698, 0xF698, 0xF698, 0xF698, 0xF698, 0xF678,
    0xEE16, 0xEDD5, 0xED73, 0xDC90, 0xD44F, 0xDCD1, 0xD4D1, 0xD490, 0xCC2F, 0xCB8B, 0xC32A, 0xC3CE, 0xCCB2, 0xD555, 0xDD76, 0xDD76,
    0xDD76, 0xD576, 0xD575, 0xD575, 0xD575, 0xD595, 0xD595, 0xD595, 0xD575, 0xCD54, 0xB450, 0xA538, 0xA57A, 0xA59A, 0xA5BB, 0xA5DB,
    0xADDB, 0xADDB, 0xADFC, 0x9DDC, 0x95DC, 0x95FD, 0x95FD, 0x961E, 0x965F, 0x9E1E, 0x9DDC, 0x9DDD, 0x967F, 0x965F, 0x9DDD, 0x9DDD,
    0xADFD, 0xBE3D, 0xCE7D, 0xC65D, 0xB63E, 0xB67E, 0x9EBF, 0x869F, 0x867E, 0x869F, 0x867E, 0x869F, 0x867E, 0x867F, 0x867F, 0x867F,
    0x867F, 0x867F, 0x867F, 0x7E7F, 0x7E5E, 0x7E5E, 0x7E5E, 0x7E5E, 0x867F, 0x7E5E, 0x7E5F, 0x7E5E, 0x7E5E, 0x7E5E, 0x7E5E, 0x7E3E,
    0x7E5E, 0x7E3E, 0x7E3E, 0x7E3E, 0x7E3E, 0x7E3E, 0x7E3E, 0x7E3E, 0x7E3E, 0x7E3E, 0x7E1E, 0x7E1E, 0x7E1E, 0x7E1E, 0x7E1E, 0x7E1E,
    0x9EBF, 0x9EBF, 0x9EBF, 0x9EBF, 0x9EBF, 0x9EBF, 0x9EBF, 0x9EBF, 0x9EBF, 0x9EBF, 0x9EBF, 0x9EBF, 0x9EBF, 0x9EBF, 0x9EBF, 0x9EBF,
    0x9EBF, 0x9EBF, 0x9EBF, 0x9EBF, 0x9EBF, 0x9EBF, 0x9EBF, 0x9EBF, 0x9EBF, 0x9EBF, 0x9EBF, 0x9EBF, 0x9EBF, 0xA6DF, 0xA6DF, 0xAEFF,
    0xB6FF, 0xBF3F, 0xC73F, 0xCF5F, 0xCF5F, 0xD77F, 0xD75F, 0xD75F, 0xD75F, 0xCF5F, 0xCF5F, 0xCF3F, 0xCF3F, 0xC71F, 0xC71E, 0xBEFE,
    0xBEFE, 0xB6DD, 0xB6DD, 0xB6DD, 0xB6DD, 0xAEDE, 0xAEDE, 0xAEDE, 0xAEDE, 0xAEDE, 0xAEDF, 0xAEDF, 0xA6DF, 0xA6DF, 0xA6DF, 0xA67D,
    0xCEBE, 0xD6DE, 0xCEBD, 0xCEBD, 0xCEBD, 0xCEBD, 0xCEBC, 0xCEBC, 0xD6BD, 0xD6BC, 0xD6BC, 0xDEBC, 0xDEBC, 0xD69C, 0xD69B, 0xCE7B,
    0xD67A, 0xD65A, 0xCE5A, 0xC63A, 0xBE3B, 0xBE1B, 0xB598, 0xBD14, 0xDD10, 0xEDF3, 0xF614, 0xF614, 0xF614, 0xF5F4, 0xF5F4, 0xFDF5,
    0xFE15, 0xFE16, 0xFE36, 0xFE36, 0xFE15, 0xFE15, 0xFE15, 0xFDF3, 0xF570, 0xF50E, 0xECCD, 0xECAC, 0xECCD, 0xF550, 0xFE12, 0xFE95,
    0xFEB6, 0xFED7, 0xFED7, 0xFED7, 0xFED7, 0xFED7, 0xFEF7, 0xFEF7, 0xFEF7, 0xFEF7, 0xFEF7, 0xFED7, 0xFED6, 0xFEB5, 0xFE94, 0xFE73,
    0xFDF2, 0xFDB2, 0xFD93, 0xFD73, 0xF5B4, 0xEDD5, 0xE5F7, 0xEE57, 0xF678, 0xF698, 0xF698, 0xF698, 0xF698, 0xF698, 0xF698, 0xF698,
    0xF698, 0xF698, 0xF677, 0xF657, 0xF5F5, 0xED72, 0xED11, 0xED11, 0xE532, 0xED74, 0xEDB5, 0xEDD6, 0xEDD6, 0xEDD6, 0xE5D6, 0xE5B6,
    0xE5B6, 0xDD96, 0xDD75, 0xD575, 0xD575, 0xD575, 0xD595, 0xD595, 0xD575, 0xC513, 0xACD4, 0xA579, 0xA59A, 0xA5BB, 0xA5BB, 0xA5DB,
    0xA5DB, 0xADFC, 0xA5FC, 0x9DDC, 0x95FD, 0x95FD, 0x961D, 0x961E, 0x961E, 0x961E, 0xA5DD, 0x9DBD, 0x963E, 0x967F, 0x9DFD, 0x9DDD,
    0xA5FD, 0xBE3D, 0xCE7D, 0xC67D, 0xB63D, 0xB67E, 0xA69F, 0x867E, 0x867F, 0x867F, 0x867F, 0x867F, 0x867F, 0x867F, 0x867E, 0x867E,
    0x867E, 0x867E, 0x7E5E, 0x867F, 0x867F, 0x867E, 0x865F, 0x865E, 0x7E5F, 0x7E5E, 0x7E5E, 0x7E5E, 0x7E5E, 0x7E5E, 0x7E5E, 0x7E3E,
    0x7E3E, 0x7E3E, 0x7E3E, 0x7E3E, 0x7E3E, 0x7E3E, 0x7E3E, 0x7E3E, 0x7E1E, 0x7E1E, 0x7E1E, 0x7E1E, 0x7E1E, 0x7E1E, 0x7E1E, 0x7E1E,
    0x9EBF, 0x9EBF, 0x9EBF, 0x9EBF, 0x9EBF, 0x9EBF, 0x9EBF, 0x9EBF, 0x9EBF, 0x9EBF, 0x9EBF, 0x9EBF, 0x9EBF, 0x9EBF, 0x9EBF, 0x9EBF,
    0x9EBF, 0x9EBF, 0x9EBF, 0x9EBF, 0x9EBF, 0x9EBF, 0x9EBF, 0x9EBF, 0x9EBF, 0x9EBF, 0x9EBF, 0x9EBF, 0x9EBF, 0xA6BF, 0xA6DF, 0xAEDF,
    0xAEFF, 0xB6FF, 0xBF1F, 0xC73F, 0xC73F, 0xCF3F, 0xCF5F, 0xC75F, 0xC73F, 0xC73F, 0xC73F, 0xC73F, 0xC71F, 0xBF1F, 0xBEFF, 0xBEFF,
    0xB6DE, 0xB6DE, 0xAEDE, 0xAEDE, 0xAEDE, 0xAEBE, 0xAEDE, 0xAEBF, 0xA6DF, 0xA6DF, 0xA6BF, 0xA6BF, 0xA6BF, 0xA6BF, 0xA6BF, 0xA67D,
    0xCEBE, 0xD6BD, 0xCEBD, 0xCEBD, 0xCEBD, 0xCEBD, 0xCEBD, 0xCEBC, 0xD6BC, 0xD6BC, 0xD6BC, 0xDEBC, 0xDEBC, 0xD69C, 0xD69B, 0xCE7B,
    0xD67A, 0xD65A, 0xCE5A, 0xC63A, 0xBE3A, 0xBE3B, 0xB5D9, 0xB556, 0xD4D0, 0xEDD3, 0xEDF4, 0xF614, 0xF614, 0xF5F4, 0xFDF4, 0xFDF4,
    0xFE15, 0xFE15, 0xFE36, 0xFE35, 0xFE15, 0xFE15, 0xFE15, 0xFE15, 0xFE35, 0xFE55, 0xFE55, 0xFE75, 0xFE75, 0xFE96, 0xFE96, 0xFE96,
    0xFEB6, 0xFEB7, 0xFEB7, 0xFED7, 0xFED7, 0xFED7, 0xFED7, 0xFED7, 0xFED7, 0xFED7, 0xFED7, 0xFED7, 0xFEB6, 0xFE73, 0xFE32, 0xFDB0,
    0xFD2F, 0xFCEF, 0xFCF0, 0xFD11, 0xF573, 0xE5B5, 0xDDB6, 0xE617, 0xEE57, 0xF678, 0xF698, 0xF698, 0xF698, 0xF698, 0xF698, 0xF698,
    0xF698, 0xF698, 0xF698, 0xFE98, 0xFE98, 0xFE98, 0xFE78, 0xFE78, 0xFE57, 0xFE57, 0xFE37, 0xF616, 0xF5F6, 0xF5D6, 0xEDD6, 0xEDB6,
    0xE596, 0xE575, 0xDD55, 0xD555, 0xD555, 0xD575, 0xD575, 0xD575, 0xCD55, 0xBC92, 0xAD38, 0xA57A, 0xA59A, 0xA5BB, 0xA5DB, 0xA5DB,
    0xA5DB, 0xA5FC, 0xA5FC, 0x95DC, 0x95FD, 0x95FD, 0x961E, 0x961E, 0x961E, 0x961E, 0x9DDD, 0x9DDD, 0x95FE, 0x965F, 0x9DDD, 0x9DDD,
    0xA5FD, 0xBE3D, 0xCE7D, 0xCE7D, 0xB63D, 0xBE7E, 0xAE9F, 0x8E9F, 0x867F, 0x867F, 0x867F, 0x867E, 0x867E, 0x867F, 0x867E, 0x867F,
    0x867E, 0x867F, 0x867E, 0x867F, 0x867E, 0x865F, 0x865E, 0x7E5E, 0x7E5E, 0x7E5E, 0x7E5E, 0x7E5E, 0x7E5E, 0x7E5E, 0x7E5F, 0x7E3E,
    0x7E5E, 0x7E3E, 0x7E5E, 0x7E3E, 0x7E3E, 0x7E3E, 0x7E3E, 0x7E3E, 0x7E3E, 0x7E1E, 0x7E3E, 0x7E3E, 0x7E1E, 0x7E1E, 0x7E1E, 0x7E1E,
    0x9EBF, 0x9EBF, 0x9EBF, 0x9EBF, 0x9EBF, 0x9EBF, 0x9EBF, 0x9EBF, 0x9EBF, 0x9EBF, 0x9EBF, 0x9EBF, 0x9EBF, 0x9EBF, 0x9EBF, 0x9EBF,
    0x9EBF, 0x9EBF, 0x9EBF, 0x9EBF, 0x9EBF, 0x9EBF, 0x9EBF, 0x9EBF, 0x9EBF, 0x9EBF, 0x9EBF, 0x9EBF, 0x9EBF, 0x9EBF, 0xA6BF, 0xA6DF,
    0xAEFF, 0xAEFF, 0xB6FF, 0xB71F, 0xBF1F, 0xBF1F, 0xBF1F, 0xBF1F, 0xBF1F, 0xBF1F, 0xBF1F, 0xBF1F, 0xB6FF, 0xB6FF, 0xB6DF, 0xAEDF,
    0xAEDF, 0xAEDF, 0xAEDF, 0xAEDF, 0xA6BF, 0xA6BF, 0xA6BF, 0xA6BF, 0xA6BF, 0xA6BF, 0xA6BF, 0x9EBF, 0x9EBF, 0x9EBF, 0x9EBF, 0xB67E,
    0xCEBE, 0xCEBD, 0xCEBD, 0xCEBD, 0xCEBD, 0xD6BD, 0xCEBD, 0xD6BC, 0xD6BC, 0xD6BC, 0xDEBC, 0xDEBC, 0xDEBC, 0xD69B, 0xD67B, 0xCE7B,
    0xCE5A, 0xD67A, 0xCE5A, 0xC65A, 0xC63A, 0xBE3B, 0xBE1A, 0xB598, 0xC514, 0xE572, 0xEDF4, 0xF5F4, 0xF5F4, 0xF5F4, 0xFDF4, 0xFDF4,
    0xFDF4, 0xFDF4, 0xFE15, 0xFE15, 0xFE14, 0xFE14, 0xFDF4, 0xFDF4, 0xFE14, 0xFE14, 0xFE35, 0xFE55, 0xFE55, 0xFE75, 0xFE76, 0xFE96,
    0xFE96, 0xFEB7, 0xFEB7, 0xFEB7, 0xFED7, 0xFED7, 0xFED7, 0xFED7, 0xFED7, 0xFED7, 0xFED7, 0xFEB7, 0xFE96, 0xFE33, 0xFDB0, 0xFD2E,
    0xFCCE, 0xFCAF, 0xF4D0, 0xF4F1, 0xED53, 0xDD95, 0xD596, 0xDDD6, 0xEE37, 0xEE57, 0xF678, 0xF678, 0xF678, 0xF678, 0xF678, 0xF678,
    0xF678, 0xF678, 0xF678, 0xF678, 0xFE77, 0xFE57, 0xFE57, 0xFE37, 0xFE37, 0xFE16, 0xFDF6, 0xF5D6, 0xF5D5, 0xF5B5, 0xF595, 0xED75,
    0xE554, 0xE534, 0xDD34, 0xD534, 0xD555, 0xD575, 0xCD75, 0xCD75, 0xCD14, 0xB4B4, 0xA579, 0xA59A, 0xA5BB, 0xA5BB, 0xA5DB, 0xA5DB,
    0xA5FB, 0xA5FC, 0x9DDC, 0x95DD, 0x95FD, 0x95FD, 0x961E, 0x961E, 0x961E, 0x963F, 0x9DDD, 0x9DDD, 0x95DD, 0x965F, 0x9DFD, 0x9DDD,
    0xA5FD, 0xB63D, 0xCE7D, 0xCE9D, 0xB63D, 0xBE5E, 0xB69F, 0x8E9E, 0x869F, 0x867E, 0x867F, 0x867E, 0x867F, 0x867F, 0x867F, 0x867F,
    0x867E, 0x867E, 0x867E, 0x867E, 0x865E, 0x7E5E, 0x7E5E, 0x7E7F, 0x7E5E, 0x7E5E, 0x7E5E, 0x7E5E, 0x7E5E, 0x7E5E, 0x7E3E, 0x7E5E,
    0x7E5E, 0x7E3E, 0x7E3E, 0x7E3E, 0x7E3E, 0x7E3E, 0x7E3E, 0x7E3E, 0x7E3E, 0x7E3E, 0x7E1E, 0x7E1E, 0x7E1E, 0x7E1E, 0x7E1E, 0x761E,
    0x9EBF, 0x9EBF, 0x9EBF, 0x9EBF, 0x9EBF, 0x9EBF, 0x9EBF, 0x9EBF, 0x9EBF, 0x9EBF, 0x9EBF, 0x9EBF, 0x9EBF, 0x9EBF, 0x9EBF, 0x9EBF,
    0x9EBF, 0x9EBF, 0x9EBF, 0x9EBF, 0x9EBF, 0x9EBF, 0x9EBF, 0x9EBF, 0x9EBF, 0x9EBF, 0x9EBF, 0x9EBF, 0x9EBF, 0x9EBF, 0x9EBF, 0xA6DF,
    0xA6DF, 0xAEDF, 0xAEDF, 0xAEFF, 0xB6FF, 0xB6FF, 0xB6FF, 0xB6FF, 0xB71F, 0xB6FF, 0xAEFF, 0xAEFF, 0xAEFF, 0xAEDF, 0xAEDF, 0xAEDF,
    0xA6BF, 0xA6DF, 0xA6BF, 0xA6DF, 0xA6BF, 0xA6BF, 0xA6BF, 0x9EBF, 0x9EBF, 0x9EBF, 0x9EBF, 0x9EBF, 0x9EBF, 0x9EBF, 0x9EBF, 0xBE9E,
    0xCEBE, 0xCEBD, 0xCEBD, 0xCEBD, 0xCEBD, 0xD6BD, 0xCE9D, 0xD6BC, 0xD6BC, 0xDEBC, 0xDEBC, 0xDEBC, 0xDEBB, 0xDE9B, 0xD69B, 0xCE7B,
    0xCE7B, 0xD65A, 0xD65A, 0xCE3A, 0xC63A, 0xBE3B, 0xBE3A, 0xBDD9, 0xBD56, 0xDD11, 0xEDD3, 0xEDF4, 0xF5F4, 0xF5F4, 0xFDD3, 0xFDD3,
    0xFDD3, 0xFDD3, 0xFDD3, 0xFDD3, 0xFDD3, 0xFDD3, 0xFDD3, 0xFDF3, 0xFDF3, 0xFE14, 0xFE14, 0xFE34, 0xFE55, 0xFE55, 0xFE75, 0xFE96,
    0xFE96, 0xFE96, 0xFEB7, 0xFEB7, 0xFEB7, 0xFEB7, 0xFEB7, 0xFEB7, 0xFEB7, 0xFEB7, 0xFEB7, 0xFEB7, 0xFE96, 0xFE54, 0xFDB1, 0xF52F,
    0xF4EF, 0xECF0, 0xE4F1, 0xE512, 0xDD54, 0xD575, 0xD596, 0xD5B6, 0xE616, 0xE637, 0xEE57, 0xEE57, 0xEE57, 0xEE57, 0xEE57, 0xF657,
    0xF657, 0xF657, 0xF657, 0xF657, 0xFE37, 0xFE37, 0xFE17, 0xFE16, 0xFDF6, 0xFDD6, 0xFDB5, 0xFD94, 0xF574, 0xF554, 0xF534, 0xED13,
    0xE513, 0xE4F3, 0xDD13, 0xD534, 0xD554, 0xD575, 0xCD75, 0xCD55, 0xBCB2, 0xAD58, 0xA59A, 0xA5BB, 0xA5BB, 0xA5DB, 0xA5DB, 0xA5DB,
    0xA5FC, 0xA5FC, 0x95DC, 0x95FD, 0x95FD, 0x95FE, 0x961E, 0x961E, 0x961E, 0x965F, 0x95FE, 0x9DDD, 0x95DD, 0x963E, 0x95FD, 0x9DDD,
    0x9DFD, 0xB61D, 0xC67D, 0xD69D, 0xB63D, 0xB65E, 0xB69E, 0x969F, 0x869F, 0x869F, 0x867F, 0x867F, 0x867F, 0x867F, 0x867E, 0x867E,
    0x867F, 0x867E, 0x867F, 0x867F, 0x867F, 0x867F, 0x7E7E, 0x7E7F, 0x7E5E, 0x7E5F, 0x7E5E, 0x7E5F, 0x7E5E, 0x7E5E, 0x7E5E, 0x7E5E,
    0x7E5E, 0x7E3E, 0x7E3E, 0x7E3E, 0x7E3E, 0x7E3E, 0x7E3E, 0x7E3E, 0x7E3E, 0x7E3E, 0x7E1E, 0x7E1E, 0x7E1E, 0x7E1E, 0x7E1E, 0x761E,
    0x9EBF, 0x9EBF, 0x9EBF, 0x9EBF, 0x9EBF, 0x9EBF, 0x9EBF, 0x9EBF, 0x9EBF, 0x9EBF, 0x9EBF, 0x9EBF, 0x9EBF, 0x9EBF, 0x9EBF, 0x9EBF,
    0x9EBF, 0x9EBF, 0x9EBF, 0x9EBF, 0x9EBF, 0x9EBF, 0x9EBF, 0x9EBF, 0x9EBF, 0x9EBF, 0x9EBF, 0x9EBF, 0x9EBF, 0x9EBF, 0x9EBF, 0x9EBF,
    0xA6BF, 0xA6BF, 0xA6DF, 0xA6DF, 0xAEDF, 0xA6DF, 0xAEFF, 0xAEFF, 0xAEFF, 0xAEDF, 0xA6DF, 0xAEDF, 0xA6DF, 0xA6DF, 0xA6DF, 0xA6DF,
    0xA6BF, 0xA6BF, 0xA6BF, 0x9EBF, 0x9EBF, 0x9EBF, 0x9EBF, 0x9EBF, 0x9EBF, 0x9EBF, 0x9EBF, 0x9EBF, 0x9EBF, 0x9EBF, 0x9EBF, 0xC69E,
    0xCEBE, 0xCEBD, 0xCEBD, 0xCEBD, 0xCEBD, 0xD6BD, 0xCE9D, 0xD6BC, 0xDEBC, 0xDEBC, 0xDEBC, 0xE6BB, 0xDEBB, 0xDE9B, 0xD69B, 0xCE7B,
    0xCE7B, 0xD65B, 0xD65A, 0xCE3A, 0xC63A, 0xC63B, 0xBE3B, 0xBE1A, 0xBD98, 0xC514, 0xE572, 0xEDF4, 0xF5F4, 0xF5F3, 0xFDD3, 0xFDB3,
    0xFDB2, 0xFD92, 0xFD92, 0xFD92, 0xFDB2, 0xFDB2, 0xFDB2, 0xFDD2, 0xFDD3, 0xFDF3, 0xFDF3, 0xFE14, 0xFE34, 0xFE55, 0xFE55, 0xFE76,
    0xFE76, 0xFE96, 0xFE96, 0xFE96, 0xFE96, 0xFE97, 0xFE97, 0xFE97, 0xFE97, 0xFE96, 0xFE96, 0xFE76, 0xFE76, 0xFE76, 0xFE55, 0xF614,
    0xEDB3, 0xE573, 0xDD53, 0xD554, 0xD575, 0xD575, 0xD595, 0xD5B6, 0xDDD6, 0xDDF6, 0xE616, 0xE616, 0xEE17, 0xEE37, 0xEE37, 0xEE37,
    0xF637, 0xF637, 0xF637, 0xF617, 0xF616, 0xF5F6, 0xF5F6, 0xFDD5, 0xFDB5, 0xFD94, 0xFD53, 0xF533, 0xF512, 0xF4F2, 0xECD2, 0xECB1,
    0xE4B1, 0xE4D2, 0xDCF3, 0xD513, 0xD534, 0xCD55, 0xCD75, 0xC513, 0xACD5, 0xA57A, 0xA5BB, 0xA5DC, 0xA5DB, 0xA5DB, 0xA5DB, 0xA5FB,
    0xA5FC, 0x9DDC, 0x95DD, 0x95FD, 0x95FD, 0x961E, 0x961E, 0x961E, 0x961E, 0x965F, 0x961E, 0xA5DD, 0x9DDD, 0x961E, 0x95FE, 0x9DDD,
    0x9DFD, 0xB61D, 0xC67D, 0xD6BD, 0xBE5D, 0xB63D, 0xB69E, 0x9E7F, 0x867F, 0x867E, 0x869F, 0x867E, 0x867F, 0x867E, 0x867F, 0x867E,
    0x867F, 0x7E7E, 0x7E7F, 0x7E7E, 0x7E5E, 0x7E5E, 0x7E5E, 0x7E5E, 0x7E5E, 0x7E5E, 0x7E5E, 0x7E5E, 0x7E5E, 0x7E5F, 0x7E3E, 0x7E3E,
    0x7E3E, 0x7E3E, 0x7E3E, 0x7E3E, 0x7E3E, 0x7E3E, 0x7E3E, 0x7E1E, 0x7E1E, 0x7E1E, 0x7E1E, 0x7E1E, 0x7E1E, 0x761E, 0x7E1E, 0x761E,
    0x9EBF, 0x9EBF, 0x9EBF, 0x9EBF, 0x9EBF, 0x9EBF, 0x9EBF, 0x9EBF, 0x9EBF, 0x9EBF, 0x9EBF, 0x9EBF, 0x9EBF, 0x9EBF, 0x9EBF, 0x9EBF,
    0x9EBF, 0x9EBF, 0x9EBF, 0x9EBF, 0x9EBF, 0x9EBF, 0x9EBF, 0x9EBF, 0x9EBF, 0x9EBF, 0x9EBF, 0x9EBF, 0x9EBF, 0x9EBF, 0x9EBF, 0x9EBF,
    0x9EBF, 0xA6DF, 0xA6DF, 0xA6DF, 0xA6BF, 0xA6DF, 0xA6DF, 0xA6DF, 0xA6DF, 0xA6DF, 0xA6DF, 0xA6BF, 0xA6BF, 0xA6BF, 0x9EBF, 0x9EBF,
    0x9EBF, 0x9EDF, 0x9EBF, 0x9EBF, 0x9EBF, 0x9EBF, 0x9EBF, 0x9EBF, 0x9EBF, 0x9EBF, 0x9EBF, 0x9EBF, 0x9EBF, 0x9EBF, 0xA69E, 0xC6BE,
    0xCEBD, 0xCEBD, 0xCEBD, 0xCEBD, 0xCEBD, 0xCEBD, 0xCEBC, 0xD6BC, 0xDEDC, 0xDEBC, 0xDEBC, 0xE6BB, 0xE6BB, 0xDEBB, 0xD69B, 0xD67C,
    0xCE7B, 0xCE5B, 0xD65A, 0xCE5A, 0xC63A, 0xC63A, 0xBE3A, 0xBE1A, 0xBDF9, 0xBD77, 0xD4F1, 0xEDD3, 0xF5F4, 0xF5F3, 0xFDD3, 0xFDB2,
    0xFD92, 0xFD71, 0xFD71, 0xFD71, 0xFD71, 0xFD71, 0xFD91, 0xFD91, 0xFDB2, 0xFDB2, 0xFDD2, 0xFDF3, 0xFE13, 0xFE34, 0xFE35, 0xFE55,
    0xFE55, 0xFE56, 0xFE76, 0xFE56, 0xFE76, 0xFE76, 0xFE56, 0xFE56, 0xFE56, 0xF635, 0xF635, 0xFE55, 0xFE56, 0xFE76, 0xFE76, 0xFE76,
    0xF676, 0xF636, 0xE5F6, 0xDDB6, 0xD596, 0xD595, 0xD575, 0xD575, 0xD595, 0xD595, 0xDDD5, 0xE5D6, 0xE5F6, 0xE5F6, 0xE616, 0xEE16,
    0xEE16, 0xEE16, 0xF5F6, 0xF5F6, 0xF5D5, 0xF5D5, 0xF5B5, 0xF594, 0xF553, 0xF533, 0xF512, 0xF4F1, 0xF4B1, 0xF490, 0xEC90, 0xEC70,
    0xE490, 0xE4B1, 0xDCD2, 0xD513, 0xD534, 0xCD55, 0xCD54, 0xB4B3, 0xAD79, 0xA5BB, 0xA5DC, 0xA5DC, 0xA5DB, 0xA5DB, 0xA5DB, 0xA5FC,
    0xA5FC, 0x95DC, 0x95DD, 0x95FD, 0x95FD, 0x961E, 0x961E, 0x961E, 0x961E, 0x963F, 0x963E, 0x9DDD, 0x9DDD, 0x95FE, 0x961E, 0x95DD,
    0x9DFD, 0xAE1D, 0xC65D, 0xD6BD, 0xC67D, 0xB63D, 0xB67E, 0xA69F, 0x867E, 0x869F, 0x867F, 0x869F, 0x867F, 0x867F, 0x867E, 0x867F,
    0x7E7E, 0x867E, 0x7E7E, 0x7E7E, 0x865F, 0x7E5E, 0x7E5F, 0x7E5E, 0x7E5F, 0x7E5E, 0x7E5E, 0x7E5F, 0x7E5E, 0x7E3F, 0x7E5E, 0x7E3E,
    0x7E3E, 0x7E3E, 0x7E3E, 0x7E3E, 0x7E3E, 0x7E3E, 0x7E1E, 0x7E1E, 0x7E1E, 0x7E1E, 0x7E1E, 0x7E1E, 0x7E1E, 0x7E1E, 0x7E1E, 0x7DFE,
    0x9EBF, 0x9EBF, 0x9EBF, 0x9EBF, 0x9EBF, 0x9EBF, 0x9EBF, 0x9EBF, 0x9EBF, 0x9EBF, 0x9EBF, 0x9EBF, 0x9EBF, 0x9EBF, 0x9EBF, 0x9EBF,
    0x9EBF, 0x9EBF, 0x9EBF, 0x9EBF, 0x9EBF, 0x9EBF, 0x9EBF, 0x9EBF, 0x9EBF, 0x9EBF, 0x9EBF, 0x9EBF, 0x9EBF, 0x9EBF, 0x9EBF, 0x9EBF,
    0x9EBF, 0x9EBF, 0x9EBF, 0x9EDF, 0x9EBF, 0x9EBF, 0x9EBF, 0x9EBF, 0x9EBF, 0x9EBF, 0x9EBF, 0x9EBF, 0x9EBF, 0x9EBF, 0x9EBF, 0x9EBF,
    0x9EBF, 0x9EBF, 0x9EBF, 0x9EBF, 0x9EBF, 0x9EBF, 0x9EBF, 0x9EBF, 0x9EBF, 0x9EBF, 0x9EBF, 0x9EBF, 0x9EBF, 0x9EBF, 0xA67E, 0xC6BE,
    0xCEBD, 0xCEBD, 0xCEBD, 0xCEBD, 0xCEBD, 0xCEBD, 0xD6BD, 0xDEBC, 0xDEDC, 0xDEBC, 0xE6BC, 0xE6BB, 0xE6BB, 0xDEBB, 0xD69C, 0xD69C,
    0xCE7C, 0xCE5B, 0xD65A, 0xD65A, 0xCE3A, 0xC63A, 0xC63B, 0xC63B, 0xC61A, 0xBDB8, 0xC556, 0xDD11, 0xEDF4, 0xF5F4, 0xFDB3, 0xFD92,
    0xFD71, 0xFD71, 0xFD50, 0xFD50, 0xFD50, 0xFD50, 0xFD50, 0xFD50, 0xFD71, 0xFD91, 0xFDB2, 0xFDD2, 0xFDF3, 0xFDF3, 0xFE14, 0xFE14,
    0xFE35, 0xFE35, 0xFE35, 0xF635, 0xF635, 0xF635, 0xF635, 0xF615, 0xEDF4, 0xED92, 0xF551, 0xF614, 0xF635, 0xFE55, 0xFE76, 0xFE96,
    0xF676, 0xF656, 0xEE56, 0xE616, 0xDDB6, 0xD575, 0xD574, 0xCD12, 0xCCB0, 0xD553, 0xD574, 0xDD95, 0xDDB5, 0xDDB5, 0xE5D5, 0xE5D5,
    0xE5D5, 0xEDD5, 0xEDB5, 0xEDB5, 0xED94, 0xF594, 0xF574, 0xF533, 0xF512, 0xF4D1, 0xF4B1, 0xF490, 0xEC70, 0xEC4F, 0xEC4F, 0xE44F,
    0xE470, 0xDC91, 0xDCD2, 0xD513, 0xCD34, 0xCD34, 0xBCD2, 0xAD17, 0xA59A, 0xA5DC, 0xA5DC, 0xA5DC, 0xA5DB, 0xA5DB, 0xA5DC, 0xA5FC,
    0x9DDC, 0x95DC, 0x95FD, 0x95FD, 0x95FD, 0x961E, 0x961E, 0x961E, 0x961E, 0x963F, 0x963F, 0x95DD, 0xA5DD, 0x95FD, 0x961E, 0x95FD,
    0x9DFD, 0xAE1D, 0xC65D, 0xD69D, 0xC67D, 0xAE3D, 0xB65E, 0xA69F, 0x869F, 0x867F, 0x867F, 0x867F, 0x867E, 0x867F, 0x867E, 0x867F,
    0x867F, 0x867F, 0x865F, 0x865E, 0x865F, 0x7E5E, 0x7E5F, 0x7E5E, 0x7E5E, 0x7E5E, 0x7E5E, 0x7E5E, 0x7E3E, 0x7E3E, 0x7E3E, 0x7E3E,
    0x7E3E, 0x7E3E, 0x7E3E, 0x7E3E, 0x7E3E, 0x7E1E, 0x7E1E, 0x7E1E, 0x7E1E, 0x7E1E, 0x7E1E, 0x7E1E, 0x7E1E, 0x7E1E, 0x75FE, 0x7DFE,
    0x9EBF, 0x9EBF, 0x9EBF, 0x9EBF, 0x9EBF, 0x9EBF, 0x9EBF, 0x9EBF, 0x9EBF, 0x9EBF, 0x9EBF, 0x9EBF, 0x9EBF, 0x9EBF, 0x9EBF, 0x9EBF,
    0x9EBF, 0x9EBF, 0x9EBF, 0x9EBF, 0x9EBF, 0x9EBF, 0x9EBF, 0x9EBF, 0x9EBF, 0x9EBF, 0x9EBF, 0x9EBF, 0x9EBF, 0x9EBF, 0x9EBF, 0x9EBF,
    0x9EBF, 0x9EBF, 0x9EBF, 0x9EBF, 0x9EBF, 0x9EBF, 0x9EBF, 0x9EBF, 0x9EBF, 0x9EBF, 0x9EBF, 0x9EBF, 0x9EBF, 0x9EBF, 0x9EBF, 0x9EBF,
    0x9EBF, 0x9EBF, 0x9EBF, 0x9EBF, 0x9EBF, 0x9EBF, 0x9EBF, 0x9EBF, 0x9EBF, 0x9EBF, 0x9EBF, 0x9EBF, 0x9EBF, 0x9EBF, 0xA67E, 0xCEBE,
    0xCEBD, 0xCEBD, 0xCEBD, 0xCEBD, 0xCEBD, 0xCEBD, 0xD6BD, 0xDEBC, 0xDEDC, 0xDEDC, 0xE6DC, 0xE6BB, 0xE6BB, 0xDEBB, 0xD69C, 0xD69C,
    0xCE7C, 0xCE5B, 0xCE5B, 0xD65A, 0xD65A, 0xCE3A, 0xC63A, 0xC63A, 0xC63A, 0xC61A, 0xBD97, 0xC534, 0xE552, 0xF5F4, 0xFDB3, 0xFD92,
    0xFD71, 0xFD50, 0xFD30, 0xFD30, 0xFD2F, 0xFD30, 0xFD30, 0xFD30, 0xFD50, 0xFD71, 0xFD91, 0xFD92, 0xFDB2, 0xFDD3, 0xFDD3, 0xFDF3,
    0xFDF4, 0xF5F4, 0xF5F4, 0xF5F4, 0xF5F4, 0xEDF4, 0xEDF5, 0xEDD4, 0xE594, 0xE532, 0xDB4A, 0xECEF, 0xF5F3, 0xF614, 0xF614, 0xF5F4,
    0xF5D3, 0xEDB3, 0xEDB4, 0xE5B4, 0xDD95, 0xD574, 0xD512, 0xBBCE, 0xBC2F, 0xCD12, 0xCD54, 0xD574, 0xD574, 0xDD74, 0xDD94, 0xDD94,
    0xE594, 0xE594, 0xE574, 0xE574, 0xED53, 0xED53, 0xED13, 0xECF2, 0xECD1, 0xECB1, 0xEC90, 0xEC6F, 0xEC4F, 0xEC2F, 0xE42F, 0xE44F,
    0xDC70, 0xDCB1, 0xD4F2, 0xD514, 0xCD34, 0xC4F3, 0xACD5, 0xA57A, 0xA5DC, 0xA5FC, 0xA5DB, 0xA5DB, 0xA5DB, 0xA5DB, 0xA5DC, 0x9DDC,
    0x95DC, 0x95DD, 0x95FD, 0x95FD, 0x95FD, 0x961E, 0x961E, 0x961E, 0x961E, 0x963F, 0x965F, 0x95FD, 0x9DDD, 0x9DFD, 0x961E, 0x95FD,
    0x9DFD, 0xA5FD, 0xC65D, 0xD69D, 0xCE7D, 0xB63D, 0xBE5E, 0xA67F, 0x8E7E, 0x867F, 0x867E, 0x867F, 0x867F, 0x867F, 0x867F, 0x867F,
    0x867E, 0x867F, 0x865E, 0x865F, 0x7E5E, 0x7E5E, 0x7E5E, 0x7E5E, 0x7E5E, 0x7E5E, 0x7E5E, 0x7E3E, 0x7E3E, 0x7E3E, 0x7E3E, 0x7E3E,
    0x7E3E, 0x7E3E, 0x7E3E, 0x7E3E, 0x7E1E, 0x7E1E, 0x7E1E, 0x7E3E, 0x7E1E, 0x7E1E, 0x7E1E, 0x7E1E, 0x7E1E, 0x7E1E, 0x7DFE, 0x7E1E,
    0x9EBF, 0x9EBF, 0x9EBF, 0x9EBF, 0x9EBF, 0x9EBF, 0x9EBF, 0x9EBF, 0x9EBF, 0x9EBF, 0x9EBF, 0x9EBF, 0x9EBF, 0x9EBF, 0x9EBF, 0x9EBF,
    0x9EBF, 0x9EBF, 0x9EBF, 0x9EBF, 0x9EBF, 0x9EBF, 0x9EBF, 0x9EBF, 0x9EBF, 0x9EBF, 0x9EBF, 0x9EBF, 0x9EBF, 0x9EBF, 0x9EBF, 0x9EBF,
    0x9EBF, 0x9EBF, 0x9EBF, 0x9EBF, 0x9EBF, 0x9EBF, 0x9EBF, 0x9EBF, 0x9EBF, 0x9EBF, 0x9EBF, 0x9EBF, 0x9EBF, 0x9EBF, 0x9EBF, 0x9EBF,
    0x9EBF, 0x9EBF, 0x9EBF, 0x9EBF, 0x9EBF, 0x9EBF, 0x9EBF, 0x9EBF, 0x9EBF, 0x9EBF, 0x9EBF, 0x9EBF, 0x9EBF, 0x9EBF, 0xAE7E, 0xCEBE,
    0xCEBD, 0xCEBD, 0xCEBD, 0xCEBD, 0xCEBD, 0xCEBD, 0xD6BD, 0xDEDC, 0xDEDC, 0xDEDC, 0xE6DC, 0xE6BB, 0xE6BB, 0xE6BB, 0xDEBC, 0xD69C,
    0xCE7C, 0xCE5B, 0xCE5B, 0xCE5A, 0xD65A, 0xCE3A, 0xC63A, 0xC63A, 0xC63A, 0xC63A, 0xC5F9, 0xBD97, 0xCD33, 0xE593, 0xF5D3, 0xFD92,
    0xFD71, 0xFD50, 0xFD30, 0xFD2F, 0xFD0F, 0xFD0F, 0xFD0F, 0xFD30, 0xFD30, 0xFD50, 0xFD51, 0xFD71, 0xFD92, 0xFD92, 0xFDB2, 0xF5B3,
    0xF5B3, 0xF5B3, 0xEDB3, 0xEDB4, 0xEDB4, 0xEDB4, 0xE5B4, 0xE594, 0xE594, 0xE553, 0xE512, 0xE3EC, 0xEC0B, 0xF48D, 0xF46D, 0xEC4D,
    0xE40C, 0xDBEC, 0xDC0C, 0xDC4E, 0xDC6F, 0xD40E, 0xCBEE, 0xD514, 0xC4F2, 0xCCF2, 0xCD33, 0xCD33, 0xD554, 0xD554, 0xD554, 0xDD54,
    0xDD53, 0xDD53, 0xDD33, 0xE533, 0xE513, 0xE512, 0xE4F2, 0xE4D1, 0xEC91, 0xEC70, 0xE470, 0xE44F, 0xE44F, 0xE44F, 0xE44F, 0xDC70,
    0xDC91, 0xD4D2, 0xD4F3, 0xCD34, 0xC514, 0xACB3, 0xAD79, 0xA5BB, 0xA5FC, 0xA5DB, 0xA5DB, 0xA5DB, 0xA5DB, 0xA5DB, 0xA5FC, 0x9DDC,
    0x95DC, 0x95DC, 0x95DD, 0x95FD, 0x95FD, 0x961E, 0x961E, 0x963E, 0x961F, 0x963F, 0x965F, 0x95FE, 0x9DDD, 0x9DFD, 0x95FE, 0x95FD,
    0x9DFD, 0xA5FD, 0xC65D, 0xCE9D, 0xCE9D, 0xB63D, 0xB65E, 0xAE7E, 0x967F, 0x867F, 0x867F, 0x867F, 0x867F, 0x867E, 0x865E, 0x867E,
    0x865E, 0x867F, 0x7E5E, 0x7E7F, 0x7E5E, 0x7E5F, 0x7E5E, 0x7E5E, 0x7E5E, 0x7E5E, 0x7E5E, 0x7E5E, 0x7E3E, 0x7E5E, 0x7E3E, 0x7E3E,
    0x7E3E, 0x7E3E, 0x7E3E, 0x7E3E, 0x7E3E, 0x7E1E, 0x7E1E, 0x7E1E, 0x7E1E, 0x7E1E, 0x7E1E, 0x7E1E, 0x761E, 0x761E, 0x75FE, 0x75FE,
    0x9EBF, 0x9EBF, 0x9EBF, 0x9EBF, 0x9EBF, 0x9EBF, 0x9EBF, 0x9EBF, 0x9EBF, 0x9EBF, 0x9EBF, 0x9EBF, 0x9EBF, 0x9EBF, 0x9EBF, 0x9EBF,
    0x9EBF, 0x9EBF, 0x9EBF, 0x9EBF, 0x9EBF, 0x9EBF, 0x9EBF, 0x9EBF, 0x9EBF, 0x9EBF, 0x9EBF, 0x9EBF, 0x9EBF, 0x9EBF, 0x9EBF, 0x9EBF,
    0x9EBF, 0x9EBF, 0x9EBF, 0x9EBF, 0x9EBF, 0x9EBF, 0x9EBF, 0x9EBF, 0x9EBF, 0x9EBF, 0x9EBF, 0x9EBF, 0x9EBF, 0x9EBF, 0x9EBF, 0x9EBF,
    0x9EBF, 0x9EBF, 0x9EBF, 0x9EBF, 0x9EBF, 0x9EBF, 0x9EBF, 0x9EBF, 0x9EBF, 0x9EBF, 0x9EBF, 0x9EBF, 0x9EBF, 0x9EBF, 0xB69E, 0xCEBE,
    0xCEBD, 0xCEBD, 0xCEBD, 0xCEBD, 0xCEBD, 0xCE9D, 0xD6BD, 0xDEDC, 0xDEDC, 0xDEBC, 0xE6DB, 0xE6DB, 0xE6DB, 0xE6BB, 0xDEBC, 0xD69C,
    0xCE7C, 0xCE5C, 0xCE5B, 0xCE3B, 0xCE3A, 0xD63A, 0xCE3A, 0xC63A, 0xC63A, 0xC63A, 0xC63A, 0xC5D8, 0xBD76, 0xCD13, 0xEDB3, 0xF5B3,
    0xFD72, 0xFD51, 0xFD30, 0xFD2F, 0xFD0F, 0xFD0F, 0xFD0F, 0xFD0F, 0xFD10, 0xFD30, 0xFD30, 0xFD51, 0xFD51, 0xFD71, 0xF572, 0xF572,
    0xF572, 0xED93, 0xED93, 0xED93, 0xE593, 0xE593, 0xE593, 0xE573, 0xE574, 0xE574, 0xE593, 0xED93, 0xFD91, 0xFD2F, 0xFCEF, 0xF48E,
    0xF40D, 0xEBAC, 0xE38B, 0xDB8C, 0xDBCE, 0xDC70, 0xD533, 0xCD34, 0xCD13, 0xCD13, 0xCD13, 0xCD33, 0xCD33, 0xD533, 0xD533, 0xD533,
    0xD533, 0xD513, 0xDD12, 0xDCF2, 0xDCF2, 0xDCD2, 0xE4B1, 0xE4B1, 0xE491, 0xE470, 0xE450, 0xE450, 0xE44F, 0xDC50, 0xDC70, 0xDC91,
    0xD4D1, 0xD4F2, 0xCD13, 0xC514, 0xACB3, 0xAD58, 0xA5BB, 0xA61D, 0xA5DB, 0xA5DB, 0xA5DB, 0xA5DB, 0xA5DB, 0xA5DC, 0x9DDC, 0x95DC,
    0x95DC, 0x95DD, 0x95DD, 0x95FD, 0x95FD, 0x961E, 0x961E, 0x963F, 0x963F, 0x963F, 0x965F, 0x95FE, 0x95DD, 0x9DFD, 0x95FD, 0x95FD,
    0x9DFD, 0xA5FD, 0xC63D, 0xCE9D, 0xCE9D, 0xB63D, 0xB63E, 0xAE7E, 0xA6BF, 0x867F, 0x867F, 0x867E, 0x867F, 0x867E, 0x867F, 0x865E,
    0x867F, 0x867F, 0x7E5E, 0x7E7F, 0x7E5E, 0x7E5F, 0x7E5E, 0x7E5F, 0x7E5E, 0x7E5E, 0x7E5E, 0x7E5E, 0x7E5E, 0x7E3E, 0x7E3E, 0x7E3E,
    0x7E3E, 0x7E3E, 0x7E3E, 0x7E3E, 0x7E1E, 0x7E3E, 0x7E1E, 0x7E1E, 0x7E1E, 0x7E1E, 0x7E1E, 0x7E1E, 0x761E, 0x761E, 0x75FE, 0x75FE,
    0x9EBF, 0x9EBF, 0x9EBF, 0x9EBF, 0x9EBF, 0x9EBF, 0x9EBF, 0x9EBF, 0x9EBF, 0x9EBF, 0x9EBF, 0x9EBF, 0x9EBF, 0x9EBF, 0x9EBF, 0x9EBF,
    0x9EBF, 0x9EBF, 0x9EBF, 0x9EBF, 0x9EBF, 0x9EBF, 0x9EBF, 0x9EBF, 0x9EBF, 0x9EBF, 0x9EBF, 0x9EBF, 0x9EBF, 0x9EBF, 0x9EBF, 0x9EBF,
    0x9EBF, 0x9EBF, 0x9EBF, 0x9EBF, 0x9EBF, 0x9EBF, 0x9EBF, 0x9EBF, 0x9EBF, 0x9EBF, 0x9EBF, 0x9EBF, 0x9EBF, 0x9EBF, 0x9EBF, 0x9EBF,
    0x9EBF, 0x9EBF, 0x9EBF, 0x9EBF, 0x9EBF, 0x9EBF, 0x9EBF, 0x9EBF, 0x9EBF, 0x9EBF, 0x9EBF, 0x9EBF, 0x9EBF, 0x9EBF, 0xBE9E, 0xCE9E,
    0xCE9D, 0xCEBD, 0xCEBD, 0xCEBD, 0xCEBD, 0xCE9D, 0xD6BD, 0xDEDC, 0xDEDC, 0xDEDC, 0xE6DB, 0xE6DB, 0xE6BB, 0xE6BB, 0xDEBB, 0xD69C,
    0xD67C, 0xCE7C, 0xCE5B, 0xCE5B, 0xCE3B, 0xCE3A, 0xCE39, 0xC63A, 0xC63A, 0xC63A, 0xC61A, 0xC619, 0xC5D8, 0xBD76, 0xCD13, 0xED93,
    0xF592, 0xFD71, 0xFD50, 0xFD30, 0xFD0F, 0xFD0F, 0xFD0F, 0xFD0F, 0xFD10, 0xFD10, 0xFD30, 0xFD30, 0xFD31, 0xF551, 0xF551, 0xED52,
    0xED52, 0xED52, 0xE552, 0xE552, 0xE553, 0xE553, 0xE553, 0xDD53, 0xDD53, 0xDD73, 0xE593, 0xED93, 0xF5B3, 0xF591, 0xFD30, 0xFD10,
    0xF4CF, 0xF48F, 0xEC6F, 0xE4B0, 0xDCF2, 0xD533, 0xD534, 0xCD34, 0xCD13, 0xCD13, 0xCD13, 0xCD13, 0xCD13, 0xCD13, 0xCD13, 0xD513,
    0xD513, 0xD4F2, 0xD4F2, 0xD4F2, 0xD4D2, 0xDCD1, 0xDCB1, 0xDC91, 0xDC91, 0xDC70, 0xDC70, 0xDC70, 0xDC70, 0xDC90, 0xD491, 0xD4B1,
    0xCCF2, 0xCD13, 0xC513, 0xAC92, 0xA558, 0xA5BB, 0xA63D, 0xA5DC, 0xA5DB, 0xA5DB, 0xA5DB, 0xA5DB, 0xA5DB, 0x9DDC, 0x95DC, 0x95DC,
    0x95DD, 0x95DC, 0x95DD, 0x95FD, 0x95FD, 0x961E, 0x961E, 0x963F, 0x963F, 0x965F, 0x965F, 0x961E, 0x95FD, 0x9DFD, 0x95FD, 0x95FD,
    0x95FD, 0xA5FD, 0xBE3D, 0xCE9D, 0xD69D, 0xBE3D, 0xAE3E, 0xAE7E, 0xA6BF, 0x867F, 0x867F, 0x867F, 0x867F, 0x867E, 0x7E7F, 0x867E,
    0x7E7F, 0x7E5E, 0x7E5E, 0x7E5E, 0x7E5E, 0x7E5E, 0x7E5E, 0x7E5E, 0x7E5E, 0x7E5E, 0x7E3E, 0x7E3E, 0x7E3E, 0x7E3E, 0x7E3E, 0x7E3E,
    0x7E3E, 0x7E3E, 0x7E3E, 0x7E1E, 0x7E3E, 0x7E1E, 0x7E3E, 0x7E1E, 0x7E1E, 0x7E1E, 0x761E, 0x761E, 0x761E, 0x75FE, 0x761E, 0x75FE,
    0x9EBF, 0x9EBF, 0x9EBF, 0x9EBF, 0x9EBF, 0x9EBF, 0x9EBF, 0x9EBF, 0x9EBF, 0x9EBF, 0x9EBF, 0x9EBF, 0x9EBF, 0x9EBF, 0x9EBF, 0x9EBF,
    0x9EBF, 0x9EBF, 0x9EBF, 0x9EBF, 0x9EBF, 0x9EBF, 0x9EBF, 0x9EBF, 0x9EBF, 0x9EBF, 0x9EBF, 0x9EBF, 0x9EBF, 0x9EBF, 0x9EBF, 0x9EBF,
    0x9EBF, 0x9EBF, 0x9EBF, 0x9EBF, 0x9EBF, 0x9EBF, 0x9EBF, 0x9EBF, 0x9EBF, 0x9EBF, 0x9EBF, 0x9EBF, 0x9EBF, 0x9EBF, 0x9EBF, 0x9EBF,
    0x9EBF, 0x9EBF, 0x9EBF, 0x9EBF, 0x9EBF, 0x9EBF, 0x9EBF, 0x9EBF, 0x9EBF, 0x9EBF, 0x9EBF, 0x9EBF, 0x9EBF, 0x9EBF, 0xBE9E, 0xCE9E,
    0xCE9D, 0xCEBD, 0xCEBD, 0xD6BD, 0xCEBD, 0xCE9D, 0xDEBC, 0xDEDC, 0xDEDC, 0xDEDC, 0xE6DB, 0xE6DB, 0xE6BB, 0xE6BB, 0xDEBC, 0xD69C,
    0xD69C, 0xCE7C, 0xCE5C, 0xC65B, 0xCE3B, 0xCE3A, 0xCE3A, 0xCE39, 0xC61A, 0xC63A, 0xC63A, 0xC61A, 0xC619, 0xBDD8, 0xBD97, 0xCD13,
    0xED72, 0xF592, 0xF571, 0xFD30, 0xFD30, 0xFD10, 0xFD10, 0xFD10, 0xFD10, 0xFD10, 0xFD30, 0xF530, 0xF530, 0xF531, 0xED31, 0xED31,
    0xED32, 0xE532, 0xE532, 0xE532, 0xE532, 0xE532, 0xE552, 0xDD53, 0xDD53, 0xDD53, 0xE573, 0xE573, 0xED92, 0xED52, 0xE510, 0xE4D0,
    0xE4AF, 0xDCD0, 0xDCF1, 0xD511, 0xD532, 0xCD33, 0xCD13, 0xCD13, 0xCD13, 0xCD13, 0xCD13, 0xCD13, 0xCCF3, 0xCCF3, 0xCCF3, 0xCCF2,
    0xCCF2, 0xCCF2, 0xCCD2, 0xD4D2, 0xD4D1, 0xD4B1, 0xD4B1, 0xD4B1, 0xD491, 0xD491, 0xD490, 0xD490, 0xD490, 0xD4B1, 0xD4D1, 0xCCF2,
    0xCD13, 0xC513, 0xACB3, 0xA558, 0xA5BB, 0xA63D, 0xA5FC, 0xA5BA, 0xA5DA, 0xA5BA, 0xA5BA, 0xA5DB, 0x9DDC, 0x95BC, 0x95DC, 0x95DC,
    0x95DD, 0x95DC, 0x9DDD, 0x9DFD, 0x95FD, 0x961E, 0x961E, 0x963F, 0x965F, 0x8E5F, 0x967F, 0x963E, 0x95FE, 0x9DFD, 0x9DFD, 0x95FD,
    0x95FD, 0x9DFD, 0xBE3D, 0xCE9D, 0xD69D, 0xBE3D, 0xAE3E, 0xAE5E, 0xAEBF, 0x867F, 0x867E, 0x867F, 0x867E, 0x867F, 0x867F, 0x867E,
    0x867F, 0x7E5E, 0x867F, 0x7E5E, 0x7E7F, 0x7E5E, 0x7E5F, 0x7E5F, 0x7E5E, 0x7E5F, 0x7E5E, 0x7E5F, 0x7E5E, 0x7E5E, 0x7E3E, 0x7E5E,
    0x7E3E, 0x7E3E, 0x7E3E, 0x7E3E, 0x7E3E, 0x7E3E, 0x7E3E, 0x7E1E, 0x7E1E, 0x7E1E, 0x761E, 0x761E, 0x761E, 0x761E, 0x761E, 0x761E,
    0x9EBF, 0x9EBF, 0x9EBF, 0x9EBF, 0x9EBF, 0x9EBF, 0x9EBF, 0x9EBF, 0x9EBF, 0x9EBF, 0x9EBF, 0x9EBF, 0x9EBF, 0x9EBF, 0x9EBF, 0x9EBF,
    0x9EBF, 0x9EBF, 0x9EBF, 0x9EBF, 0x9EBF, 0x9EBF, 0x9EBF, 0x9EBF, 0x9EBF, 0x9EBF, 0x9EBF, 0x9EBF, 0x9EBF, 0x9EBF, 0x9EBF, 0x9EBF,
    0x9EBF, 0x9EBF, 0x9EBF, 0x9EBF, 0x9EBF, 0x9EBF, 0x9EBF, 0x9EBF, 0x9EBF, 0x9EBF, 0x9EBF, 0x9EBF, 0x9EBF, 0x9EBF, 0x9EBF, 0x9EBF,
    0x9EBF, 0x9EBF, 0x9EBF, 0x9EBF, 0x9EBF, 0x9EBF, 0x9EBF, 0x9EBF, 0x9EBF, 0x9EBF, 0x9EBF, 0x9EBF, 0x9EBF, 0x9E9F, 0xC69E, 0xCE9E,
    0xCE9D, 0xCE9D, 0xCEBD, 0xD6BD, 0xCEBD, 0xCE9D, 0xDEBC, 0xDEDC, 0xDEDC, 0xDEDC, 0xE6DB, 0xE6DB, 0xE6DB, 0xE6BB, 0xDEBC, 0xD69C,
    0xD69C, 0xCE7C, 0xC65C, 0xC65C, 0xC63B, 0xC63B, 0xCE3A, 0xCE39, 0xCE19, 0xC619, 0xC619, 0xC61A, 0xC61A, 0xBE1A, 0xBDF9, 0xBD97,
    0xCD13, 0xE552, 0xF592, 0xF571, 0xFD30, 0xFD30, 0xFD10, 0xF510, 0xF510, 0xF510, 0xF530, 0xF530, 0xF530, 0xED31, 0xED31, 0xED31,
    0xE531, 0xE511, 0xE531, 0xE532, 0xE532, 0xE532, 0xE532, 0xDD32, 0xDD32, 0xDD52, 0xE5B3, 0xF5F4, 0xED73, 0xDD31, 0xDD11, 0xDD11,
    0xD511, 0xD4F1, 0xD4F1, 0xCCF1, 0xCD12, 0xCD12, 0xCD13, 0xCD13, 0xCD13, 0xCD13, 0xCD13, 0xCCF2, 0xCCF2, 0xCCF2, 0xCCF2, 0xCCF2,
    0xCCF2, 0xCCD2, 0xCCD2, 0xCCD2, 0xD4D1, 0xD4B1, 0xD4B1, 0xD4B1, 0xD4B1, 0xD4B1, 0xD4B1, 0xD4B1, 0xD4B1, 0xD4D2, 0xCCF2, 0xCD13,
    0xBCF2, 0xACB3, 0xA558, 0xA5BB, 0xA65D, 0xA5FC, 0xA5BA, 0xA5BA, 0xA5BA, 0xA5BA, 0xA5BB, 0x9DBB, 0x95BB, 0x95BC, 0x95DC, 0x95DC,
    0x95DC, 0x9DDC, 0x9DDD, 0x9DFD, 0x95FD, 0x961E, 0x961E, 0x963F, 0x8E5F, 0x8E5F, 0x967F, 0x963F, 0x961E, 0x95FD, 0x9DFD, 0x95FD,
    0x95FD, 0x9DFD, 0xBE3D, 0xCE9D, 0xD69E, 0xBE5E, 0xAE3E, 0xAE3E, 0xAEBF, 0x869F, 0x867E, 0x867F, 0x7E5E, 0x867F, 0x867F, 0x867F,
    0x867F, 0x867E, 0x7E7F, 0x7E5E, 0x7E5F, 0x7E5E, 0x7E5E, 0x7E5E, 0x7E5E, 0x7E5E, 0x7E5E, 0x7E5E, 0x7E3E, 0x7E3E, 0x7E3E, 0x7E3E,
    0x7E3E, 0x7E3E, 0x7E3E, 0x7E3E, 0x7E3E, 0x763E, 0x761E, 0x761E, 0x761E, 0x761E, 0x761E, 0x761E, 0x761E, 0x761E, 0x75FE, 0x75FE,
    0x9EBF, 0x9EBF, 0x9EBF, 0x9EBF, 0x9EBF, 0x9EBF, 0x9EBF, 0x9EBF, 0x9EBF, 0x9EBF, 0x9EBF, 0x9EBF, 0x9EBF, 0x9EBF, 0x9EBF, 0x9EBF,
    0x9EBF, 0x9EBF, 0x9EBF, 0x9EBF, 0x9EBF, 0x9EBF, 0x9EBF, 0x9EBF, 0x9EBF, 0x9EBF, 0x9EBF, 0x9EBF, 0x9EBF, 0x9EBF, 0x9EBF, 0x9EBF,
    0x9EBF, 0x9EBF, 0x9EBF, 0x9EBF, 0x9EBF, 0x9EBF, 0x9EBF, 0x9EBF, 0x9EBF, 0x9EBF, 0x9EBF, 0x9EBF, 0x9EBF, 0x9EBF, 0x9EBF, 0x9EBF,
    0x9EBF, 0x9EBF, 0x9EBF, 0x9EBF, 0x9EBF, 0x9EBF, 0x9EBF, 0x9EBF, 0x9EBF, 0x9EBF, 0x9EBF, 0x9EBF, 0x9EBF, 0x9E9F, 0xC69E, 0xCE9E,
    0xCE9D, 0xCE9D, 0xCEBD, 0xD6BD, 0xCEBD, 0xCE9D, 0xDEBC, 0xDEDC, 0xDEDC, 0xDEDC, 0xE6DB, 0xE6DB, 0xE6BB, 0xE6BB, 0xDE9C, 0xD69C,
    0xD69C, 0xCE7C, 0xCE5C, 0xC65C, 0xC65B, 0xC63B, 0xCE3A, 0xCE3A, 0xCE39, 0xCE19, 0xC619, 0xC61A, 0xC61A, 0xBE1A, 0xBE1A, 0xBDFA,
    0xB597, 0xC534, 0xDD32, 0xED92, 0xF571, 0xF551, 0xF530, 0xF530, 0xF530, 0xF530, 0xF530, 0xED30, 0xED30, 0xED31, 0xED31, 0xED31,
    0xE531, 0xE531, 0xE511, 0xE511, 0xE511, 0xE512, 0xE532, 0xE532, 0xDD32, 0xE532, 0xF674, 0xFE14, 0xED53, 0xDD31, 0xD511, 0xD4F1,
    0xD4F1, 0xD4F1, 0xCCF1, 0xCCF2, 0xCCF2, 0xCCF2, 0xCD12, 0xCD12, 0xCD12, 0xCCF2, 0xCCF2, 0xCCF2, 0xCCF2, 0xCCF2, 0xCCF2, 0xCCF2,
    0xCCF2, 0xCCD2, 0xCCD2, 0xCCD2, 0xCCD2, 0xD4D2, 0xD4D1, 0xD4D1, 0xD4D2, 0xD4D2, 0xD4D1, 0xD4D2, 0xCCF2, 0xCCF2, 0xC4F2, 0xBCB2,
    0xA4D4, 0xA579, 0xA5FB, 0xA65D, 0xA5DB, 0xA5BA, 0xA5BA, 0xA5BA, 0xA5BA, 0xA5BA, 0x9DBB, 0x95BB, 0x95BC, 0x95BC, 0x95DC, 0x95DC,
    0x95DC, 0x9DDC, 0x9DDD, 0x9DFD, 0x95FD, 0x961E, 0x961E, 0x963F, 0x8E5F, 0x8E5F, 0x8E7F, 0x963F, 0x961E, 0x95FD, 0x9DFD, 0x95FD,
    0x95FD, 0x9DFD, 0xB63D, 0xCE7D, 0xD6BE, 0xBE5E, 0xAE3E, 0xAE3E, 0xA67F, 0x8E7F, 0x867F, 0x867F, 0x867E, 0x867F, 0x867E, 0x867F,
    0x865E, 0x867F, 0x7E5E, 0x7E5E, 0x7E5E, 0x7E5E, 0x7E5E, 0x7E5E, 0x7E5E, 0x7E5E, 0x7E5E, 0x7E5E, 0x7E5E, 0x7E3E, 0x7E5E, 0x7E3E,
    0x7E3E, 0x7E3E, 0x7E3E, 0x7E3E, 0x7E1E, 0x7E3E, 0x7E1E, 0x7E3E, 0x761E, 0x7E3E, 0x761E, 0x7E1E, 0x761E, 0x7E1E, 0x75FE, 0x761E,
    0x9EBF, 0x9EBF, 0x9EBF, 0x9EBF, 0x9EBF, 0x9EBF, 0x9EBF, 0x9EBF, 0x9EBF, 0x9EBF, 0x9EBF, 0x9EBF, 0x9EBF, 0x9EBF, 0x9EBF, 0x9EBF,
    0x9EBF, 0x9EBF, 0x9EBF, 0x9EBF, 0x9EBF, 0x9EBF, 0x9EBF, 0x9EBF, 0x9EBF, 0x9EBF, 0x9EBF, 0x9EBF, 0x9EBF, 0x9EBF, 0x9EBF, 0x9EBF,
    0x9EBF, 0x9EBF, 0x9EBF, 0x9EBF, 0x9EBF, 0x9EBF, 0x9EBF, 0x9EBF, 0x9EBF, 0x9EBF, 0x9EBF, 0x9EBF, 0x9EBF, 0x9EBF, 0x9EBF, 0x9EBF,
    0x9EBF, 0x9EBF, 0x9EBF, 0x9EBF, 0x9EBF, 0x9EBF, 0x9EBF, 0x9EBF, 0x9EBF, 0x9EBF, 0x9EBF, 0x9EBF, 0x9EBF, 0xA69F, 0xC69E, 0xC69E,
    0xCE9D, 0xCE9D, 0xCEBD, 0xD6BD, 0xCE9D, 0xCE9D, 0xDEBC, 0xDEDC, 0xDEDC, 0xE6DC, 0xE6DB, 0xE6DB, 0xE6BB, 0xDEBB, 0xDEBC, 0xD69C,
    0xD69C, 0xCE7C, 0xCE7C, 0xC65C, 0xC65B, 0xC63B, 0xC63B, 0xC63A, 0xCE3A, 0xCE19, 0xCE19, 0xC619, 0xC61A, 0xBE1A, 0xBE1A, 0xB61A,
    0xBE1A, 0xB5B8, 0xB557, 0xC513, 0xE572, 0xED92, 0xED71, 0xED51, 0xED51, 0xED31, 0xED31, 0xED31, 0xED31, 0xED31, 0xED31, 0xED31,
    0xE531, 0xE531, 0xE531, 0xE531, 0xE531, 0xE531, 0xE531, 0xE511, 0xE531, 0xE571, 0xFE73, 0xFD92, 0xED12, 0xDD31, 0xD511, 0xD4F1,
    0xD4F1, 0xD511, 0xD512, 0xD512, 0xCCF2, 0xCD12, 0xCD12, 0xCD12, 0xCCF2, 0xCCF2, 0xCCF2, 0xCCF2, 0xCCF2, 0xCCF2, 0xCCF2, 0xCCF2,
    0xCCF2, 0xCCF2, 0xCCF2, 0xCCF2, 0xCCD2, 0xCCD2, 0xD4D2, 0xD4D2, 0xD4D2, 0xD4F2, 0xCCF2, 0xCCF2, 0xC4F2, 0xBCD2, 0xACB2, 0xA537,
    0xA59A, 0xA63C, 0xA65D, 0xA5DA, 0xA5BA, 0xA5B9, 0xA5BA, 0xA5BA, 0x9DBA, 0x9DBB, 0x95BB, 0x95BC, 0x95BC, 0x95BC, 0x95DC, 0x95DC,
    0x95DC, 0x9DDC, 0x9DDC, 0x9DFD, 0x95FD, 0x961E, 0x961E, 0x8E3F, 0x8E5F, 0x969F, 0x8E7F, 0x965F, 0x961E, 0x95FD, 0x9DFD, 0x9DFD,
    0x9DFD, 0x9E1D, 0xB63D, 0xCE7D, 0xD6BE, 0xBE5E, 0xAE3E, 0xAE3E, 0x9E3F, 0x969F, 0x867F, 0x867E, 0x867E, 0x867F, 0x867E, 0x867F,
    0x7E5E, 0x7E7F, 0x7E5E, 0x7E7F, 0x7E5F, 0x7E5E, 0x7E5F, 0x7E5E, 0x7E5E, 0x7E5E, 0x7E5E, 0x7E5E, 0x7E5E, 0x7E3E, 0x7E5E, 0x7E3E,
    0x7E3E, 0x7E3E, 0x7E3E, 0x7E3E, 0x7E3E, 0x7E3E, 0x7E1E, 0x7E3E, 0x7E1E, 0x7E1E, 0x761E, 0x7E1E, 0x761E, 0x761E, 0x761E, 0x75FE,
    0x9EBF, 0x9EBF, 0x9EBF, 0x9EBF, 0x9EBF, 0x9EBF, 0x9EBF, 0x9EBF, 0x9EBF, 0x9EBF, 0x9EBF, 0x9EBF, 0x9EBF, 0x9EBF, 0x9EBF, 0x9EBF,
    0x9EBF, 0x9EBF, 0x9EBF, 0x9EBF, 0x9EBF, 0x9EBF, 0x9EBF, 0x9EBF, 0x9EBF, 0x9EBF, 0x9EBF, 0x9EBF, 0x9EBF, 0x9EBF, 0x9EBF, 0x9EBF,
    0x9EBF, 0x9EBF, 0x9EBF, 0x9EBF, 0x9EBF, 0x9EBF, 0x9EBF, 0x9EBF, 0x9EBF, 0x9EBF, 0x9EBF, 0x9EBF, 0x9EBF, 0x9EBF, 0x9EBF, 0x9EBF,
    0x9EBF, 0x9EBF, 0x9EBF, 0x9EBF, 0x9EBF, 0x9EBF, 0x9EBF, 0x9EBF, 0x9EBF, 0x9EBF, 0x9EBF, 0x9EBF, 0x9EBF, 0xA69E, 0xBE7E, 0xC69E,
    0xCE9D, 0xCE9D, 0xCEBD, 0xD6BD, 0xCE9D, 0xCE9D, 0xDEBC, 0xDEDC, 0xE6DC, 0xE6DC, 0xE6DB, 0xE6DB, 0xE6BB, 0xDEBB, 0xDEBC, 0xD69C,
    0xD69C, 0xCE7C, 0xCE7C, 0xC65C, 0xC65C, 0xC63B, 0xC63B, 0xC63B, 0xC63A, 0xCE1A, 0xCE19, 0xCE19, 0xC619, 0xBE19, 0xBE1A, 0xBE1A,
    0xB61A, 0xB63B, 0xB5FA, 0xB598, 0xBD35, 0xCD12, 0xE593, 0xED72, 0xED72, 0xED51, 0xED51, 0xED51, 0xED51, 0xED51, 0xED31, 0xED31,
    0xE531, 0xE531, 0xE531, 0xE531, 0xE531, 0xE531, 0xE531, 0xE511, 0xE511, 0xEE12, 0xFE12, 0xFD51, 0xE512, 0xDD11, 0xD511, 0xD511,
    0xD511, 0xD511, 0xD511, 0xD511, 0xCD11, 0xD512, 0xCD12, 0xCD12, 0xCD12, 0xCCF2, 0xCD12, 0xCCF2, 0xCCF2, 0xCCF2, 0xCCF2, 0xCCF2,
    0xCCF2, 0xCCF2, 0xCCF2, 0xCCF2, 0xCCF2, 0xCCF2, 0xCCF2, 0xCCF2, 0xCCF2, 0xCCF2, 0xCCF2, 0xBCD2, 0xB492, 0xA516, 0xA579, 0xA5DB,
    0xA65D, 0xA5FB, 0xA5BA, 0xA5BA, 0xA5B9, 0xA5B9, 0xA5B9, 0x9DBA, 0x9DBB, 0x959B, 0x95BC, 0x95BC, 0x95BC, 0x95BC, 0x95DC, 0x95DC,
    0x95DC, 0x9DDC, 0x9DDC, 0x9DFD, 0x95FD, 0x961E, 0x961E, 0x8E3F, 0x8E5F, 0xA6DF, 0x8E7F, 0x965F, 0x961E, 0x95FD, 0x9DFD, 0x9DFD,
    0x95FD, 0x9E1D, 0xB63D, 0xCE7D, 0xD6BE, 0xBE5E, 0xB63E, 0xAE5E, 0x961E, 0x9E9F, 0x867E, 0x867E, 0x867F, 0x867F, 0x867F, 0x867F,
    0x7E7E, 0x7E7F, 0x7E7E, 0x7E5F, 0x7E5E, 0x7E5E, 0x7E5E, 0x7E5E, 0x7E5E, 0x7E5E, 0x7E5E, 0x7E5E, 0x7E3E, 0x7E5E, 0x7E3E, 0x7E3E,
    0x7E3E, 0x7E3E, 0x7E3E, 0x7E3E, 0x7E3E, 0x7E3E, 0x7E3E, 0x7E1E, 0x7E1E, 0x761E, 0x761E, 0x761E, 0x761E, 0x761E, 0x761E, 0x761E,
    0x9EBF, 0x9EBF, 0x9EBF, 0x9EBF, 0x9EBF, 0x9EBF, 0x9EBF, 0x9EBF, 0x9EBF, 0x9EBF, 0x9EBF, 0x9EBF, 0x9EBF, 0x9EBF, 0x9EBF, 0x9EBF,
    0x9EBF, 0x9EBF, 0x9EBF, 0x9EBF, 0x9EBF, 0x9EBF, 0x9EBF, 0x9EBF, 0x9EBF, 0x9EBF, 0x9EBF, 0x9EBF, 0x9EBF, 0x9EBF, 0x9EBF, 0x9EBF,
    0x9EBF, 0x9EBF, 0x9EBF, 0x9EBF, 0x9EBF, 0x9EBF, 0x9EBF, 0x9EBF, 0x9EBF, 0x9EBF, 0x9EBF, 0x9EBF, 0x9EBF, 0x9EBF, 0x9EBF, 0x9EBF,
    0x9EBF, 0x9EBF, 0x9EBF, 0x9EBF, 0x9EBF, 0x9EBF, 0x9EBF, 0x9EBF, 0x9EBF, 0x9EBF, 0x9EBF, 0x9EBF, 0x9EBF, 0xAE9E, 0xBE7E, 0xC67D,
    0xCEBD, 0xCE9D, 0xCEBD, 0xD6BD, 0xCEBD, 0xCE9D, 0xDEBC, 0xE6DC, 0xE6DC, 0xE6DC, 0xE6DB, 0xE6DB, 0xDEBB, 0xDEBB, 0xDEBC, 0xD69C,
    0xD69C, 0xCE7C, 0xCE7C, 0xC65C, 0xC65C, 0xC63B, 0xC63B, 0xC63B, 0xC63B, 0xC61A, 0xC61A, 0xC619, 0xC619, 0xC5F9, 0xBDF9, 0xBDF9,
    0xB61A, 0xB61B, 0xB63B, 0xAE3B, 0xADD9, 0xB577, 0xBD35, 0xCD33, 0xE573, 0xE592, 0xE572, 0xE572, 0xE572, 0xE551, 0xE551, 0xE551,
    0xE551, 0xE531, 0xE531, 0xE531, 0xE531, 0xE531, 0xE531, 0xE531, 0xE531, 0xF632, 0xFDD1, 0xFCF0, 0xE511, 0xDD11, 0xDD11, 0xD511,
    0xD511, 0xD511, 0xD511, 0xD511, 0xD4F1, 0xD4F1, 0xD511, 0xCD11, 0xD511, 0xCD12, 0xCD12, 0xCCF2, 0xCCF2, 0xCCF2, 0xCCF2, 0xCCF2,
    0xCCF2, 0xCCF2, 0xCD12, 0xCD12, 0xCCF2, 0xCCF2, 0xCCF2, 0xCCF2, 0xC4F2, 0xBC91, 0xACB3, 0xA516, 0xA579, 0xA5BA, 0xA65C, 0xA63C,
    0xA5BA, 0xA5B9, 0xA5B9, 0xA599, 0xA599, 0x9D99, 0x9D9A, 0x9D9A, 0x959B, 0x95BB, 0x95BC, 0x95BC, 0x95BC, 0x95BC, 0x95DC, 0x95DC,
    0x95DC, 0x95DC, 0x9DDC, 0x95DD, 0x95FD, 0x961E, 0x961E, 0x8E3F, 0x8E5F, 0x8E7F, 0x8E7F, 0x965F, 0x961E, 0x95FD, 0x9DFD, 0x9DFD,
    0x95FD, 0x9DFD, 0xB63D, 0xCE9D, 0xD6BD, 0xBE5E, 0xBE3D, 0xAE5E, 0x95FE, 0x9E9F, 0x867E, 0x867E, 0x7E7F, 0x7E7E, 0x7E7E, 0x7E7E,
    0x7E7E, 0x7E7E, 0x7E5E, 0x7E5E, 0x7E5E, 0x7E7F, 0x7E5E, 0x7E5F, 0x7E5E, 0x7E5E, 0x7E5E, 0x7E3E, 0x7E3E, 0x7E3E, 0x7E3E, 0x7E3E,
    0x7E3E, 0x7E3E, 0x7E3E, 0x7E3E, 0x7E1E, 0x7E1E, 0x761E, 0x7E1E, 0x761E, 0x761E, 0x761E, 0x761E, 0x761E, 0x75FE, 0x75FE, 0x75FE,
    0x9EBF, 0x9EBF, 0x9EBF, 0x9EBF, 0x9EBF, 0x9EBF, 0x9EBF, 0x9EBF, 0x9EBF, 0x9EBF, 0x9EBF, 0x9EBF, 0x9EBF, 0x9EBF, 0x9EBF, 0x9EBF,
    0x9EBF, 0x9EBF, 0x9EBF, 0x9EBF, 0x9EBF, 0x9EBF, 0x9EBF, 0x9EBF, 0x9EBF, 0x9EBF, 0x9EBF, 0x9EBF, 0x9EBF, 0x9EBF, 0x9EBF, 0x9EBF,
    0x9EBF, 0x9EBF, 0x9EBF, 0x9EBF, 0x9EBF, 0x9EBF, 0x9EBF, 0x9EBF, 0x9EBF, 0x9EBF, 0x9EBF, 0x9EBF, 0x9EBF, 0x9EBF, 0x9EBF, 0x9EBF,
    0x9EBF, 0x9EBF, 0x9EBF, 0x9EBF, 0x9EBF, 0x9EBF, 0x9EBF, 0x9EBF, 0x9EBF, 0x9EBF, 0x9EBF, 0x9EBF, 0x9EBF, 0xAE7E, 0xBE7E, 0xC69D,
    0xCE9D, 0xCE9D, 0xCEBD, 0xCEBD, 0xCE9D, 0xCE9D, 0xDEBC, 0xE6BC, 0xE6DC, 0xE6DB, 0xE6DB, 0xDEDB, 0xDEBB, 0xDEBB, 0xDEBC, 0xD69C,
    0xD69C, 0xCE7C, 0xCE7C, 0xC65C, 0xC65C, 0xC63C, 0xC63B, 0xC63B, 0xBE3B, 0xC63B, 0xC61A, 0xC61A, 0xC619, 0xC619, 0xBDF9, 0xB5D9,
    0xB5D9, 0xADFA, 0xAE1A, 0xAE1B, 0xAE3B, 0xAE1B, 0xADD9, 0xAD78, 0xB515, 0xC513, 0xD532, 0xDD72, 0xE572, 0xE572, 0xE572, 0xE572,
    0xE572, 0xE551, 0xE551, 0xE551, 0xE551, 0xE551, 0xE531, 0xE531, 0xE551, 0xFE53, 0xFD90, 0xF4AF, 0xE4F1, 0xDD31, 0xDD11, 0xDD11,
    0xD511, 0xD511, 0xD511, 0xD4F1, 0xD4F1, 0xD4F1, 0xD4F1, 0xD511, 0xD511, 0xCD11, 0xCD12, 0xCD12, 0xCD12, 0xCD12, 0xCD12, 0xCD12,
    0xCD12, 0xCD12, 0xCD12, 0xCD12, 0xCCF2, 0xC4F2, 0xBCB1, 0xAC92, 0xA4B4, 0xA517, 0xA579, 0xA5DA, 0xA61C, 0xA63C, 0x9DBA, 0xA5B9,
    0xA599, 0xA599, 0xA599, 0x9D99, 0x9D99, 0x9D9A, 0x959A, 0x959B, 0x95BB, 0x95BC, 0x95BC, 0x95BC, 0x95BC, 0x95BC, 0x95DC, 0x95DC,
    0x9DDC, 0x9DDC, 0x9DDC, 0x95DC, 0x95FD, 0x961E, 0x963E, 0x8E3F, 0x8E5F, 0x8E7F, 0x8E7F, 0x965F, 0x961E, 0x95FD, 0x95FD, 0x9DFD,
    0x9DFD, 0x9DFD, 0xB63D, 0xCE9D, 0xD6BE, 0xBE5E, 0xBE5D, 0xB65E, 0x95FE, 0xA69F, 0x867F, 0x867F, 0x867F, 0x7E7E, 0x867F, 0x7E7E,
    0x867F, 0x867F, 0x867F, 0x7E7F, 0x7E7E, 0x7E7F, 0x7E5E, 0x7E5F, 0x7E5E, 0x7E5F, 0x7E3E, 0x7E3E, 0x7E3E, 0x7E3E, 0x7E3E, 0x7E3E,
    0x7E3E, 0x7E3E, 0x7E3E, 0x7E3E, 0x7E1E, 0x7E1E, 0x7E1E, 0x761E, 0x761E, 0x761E, 0x761E, 0x761E, 0x761E, 0x75FE, 0x75FE, 0x75FE,
    0x9EBF, 0x9EBF, 0x9EBF, 0x9EBF, 0x9EBF, 0x9EBF, 0x9EBF, 0x9EBF, 0x9EBF, 0x9EBF, 0x9EBF, 0x9EBF, 0x9EBF, 0x9EBF, 0x9EBF, 0x9EBF,
    0x9EBF, 0x9EBF, 0x9EBF, 0x9EBF, 0x9EBF, 0x9EBF, 0x9EBF, 0x9EBF, 0x9EBF, 0x9EBF, 0x9EBF, 0x9EBF, 0x9EBF, 0x9EBF, 0x9EBF, 0x9EBF,
    0x9EBF, 0x9EBF, 0x9EBF, 0x9EBF, 0x9EBF, 0x9EBF, 0x9EBF, 0x9EBF, 0x9EBF, 0x9EBF, 0x9EBF, 0x9EBF, 0x9EBF, 0x9EBF, 0x9EBF, 0x9EBF,
    0x9EBF, 0x9EBF, 0x9EBF, 0x9EBF, 0x9EBF, 0x9EBF, 0x9EBF, 0x9EBF, 0x9EBF, 0x9EBF, 0x9EBF, 0x9EBF, 0x9EBF, 0xAE7E, 0xBE7E, 0xC69D,
    0xCE9D, 0xCE9D, 0xCEBD, 0xCEBD, 0xCE9D, 0xCE9D, 0xDEBC, 0xDEBC, 0xDEBC, 0xE6BB, 0xDEDB, 0xDEBB, 0xDEBB, 0xDEBB, 0xDEBC, 0xD69C,
    0xD69C, 0xD69C, 0xCE7C, 0xC65C, 0xC65C, 0xC63C, 0xC63C, 0xBE3B, 0xBE3B, 0xBE1B, 0xBE1B, 0xBE1A, 0xBE1A, 0xBE19, 0xBE19, 0xB5F9,
    0xADD9, 0xA5D9, 0xA5D9, 0xA5FA, 0xA61A, 0xA61B, 0xAE3B, 0xAE1A, 0xADB9, 0xAD98, 0xB536, 0xBCD3, 0xC4F2, 0xD532, 0xDD52, 0xDD72,
    0xE572, 0xE572, 0xE572, 0xE551, 0xE551, 0xE551, 0xE551, 0xE531, 0xED51, 0xFE73, 0xFDB1, 0xF4F1, 0xDCF1, 0xDD31, 0xDD11, 0xD511,
    0xD511, 0xD511, 0xD511, 0xD511, 0xD511, 0xD511, 0xD511, 0xD511, 0xD512, 0xCD12, 0xCD12, 0xCD12, 0xCD12, 0xCD12, 0xCD12, 0xCD12,
    0xC4F2, 0xC4F2, 0xBCB1, 0xB4B1, 0xAC92, 0x9C93, 0x9D16, 0x9D79, 0x9D9A, 0x9DDB, 0x9E1C, 0xA61B, 0x9DBA, 0x9DBA, 0x9D99, 0x9D99,
    0x9D99, 0x9D99, 0x9D79, 0x9D7A, 0x9D9A, 0x959A, 0x959B, 0x95BB, 0x95BC, 0x95BC, 0x95BC, 0x95BC, 0x95BC, 0x95BC, 0x95BC, 0x95DC,
    0x9DDC, 0x95DC, 0x95DC, 0x95DC, 0x95FD, 0x961D, 0x963E, 0x8E3F, 0x8E5F, 0x8E7F, 0x8E7F, 0x965F, 0x963E, 0x95FD, 0x95FD, 0x9E1D,
    0x9DFD, 0x9E1D, 0xB63D, 0xCE9D, 0xD6BD, 0xBE5E, 0xC65D, 0xB65E, 0x9E1E, 0xAE9F, 0x867E, 0x867F, 0x867F, 0x867F, 0x867F, 0x867E,
    0x7E7F, 0x7E7E, 0x7E5E, 0x7E7E, 0x7E5E, 0x7E5E, 0x7E5E, 0x7E5E, 0x7E3E, 0x7E3E, 0x7E3E, 0x7E3E, 0x7E3E, 0x7E3E, 0x7E3E, 0x7E3E,
    0x7E3E, 0x7E3E, 0x7E3E, 0x7E1E, 0x7E3E, 0x761E, 0x761E, 0x761E, 0x761E, 0x761E, 0x761E, 0x761E, 0x75FE, 0x75FE, 0x75FE, 0x75FE,
    0x9EBF, 0x9EBF, 0x9EBF, 0x9EBF, 0x9EBF, 0x9EBF, 0x9EBF, 0x9EBF, 0x9EBF, 0x9EBF, 0x9EBF, 0x9EBF, 0x9EBF, 0x9EBF, 0x9EBF, 0x9EBF,
    0x9EBF, 0x9EBF, 0x9EBF, 0x9EBF, 0x9EBF, 0x9EBF, 0x9EBF, 0x9EBF, 0x9EBF, 0x9EBF, 0x9EBF, 0x9EBF, 0x9EBF, 0x9EBF, 0x9EBF, 0x9EBF,
    0x9EBF, 0x9EBF, 0x9EBF, 0x9EBF, 0x9EBF, 0x9EBF, 0x9EBF, 0x9EBF, 0x9EBF, 0x9EBF, 0x9EBF, 0x9EBF, 0x9EBF, 0x9EBF, 0x9EBF, 0x9EBF,
    0x9EBF, 0x9EBF, 0x9EBF, 0x9EBF, 0x9EBF, 0x9EBF, 0x9EBF, 0x9EBF, 0x9EBF, 0x9EBF, 0x9EBF, 0x9EBF, 0x9EBF, 0xB67E, 0xBE7E, 0xC69D,
    0xCE9D, 0xCE9D, 0xCEBD, 0xCEBD, 0xCE9D, 0xCE9D, 0xD6BC, 0xDEBC, 0xDEBC, 0xDEBC, 0xDEBB, 0xDEBB, 0xDEBB, 0xDEBC, 0xDEBC, 0xD69C,
    0xD69C, 0xD69C, 0xCE7C, 0xC67C, 0xC65C, 0xC65C, 0xC63C, 0xBE3B, 0xBE3B, 0xBE3B, 0xBE1B, 0xBE1B, 0xBE1A, 0xBE1A, 0xB61A, 0xB5FA,
    0xADF9, 0xA5D9, 0xA5D9, 0x9DD9, 0x9DDA, 0xA5FA, 0xA5FA, 0xA5FA, 0xA61A, 0xAE1B, 0xADD9, 0xAD98, 0xAD77, 0xAD36, 0xB4F4, 0xBCB2,
    0xC4D1, 0xCCD1, 0xD511, 0xDD11, 0xDD31, 0xDD31, 0xDD31, 0xDD31, 0xED91, 0xFE32, 0xFD70, 0xF4D0, 0xDCF1, 0xDD31, 0xDD11, 0xD511,
    0xD511, 0xD511, 0xD511, 0xD511, 0xD511, 0xCD12, 0xCD12, 0xCD12, 0xCD12, 0xCD12, 0xCCF2, 0xC4F2, 0xC4D1, 0xBCB1, 0xB491, 0xAC71,
    0xA472, 0xA4B3, 0x9CF6, 0x9D58, 0x9D79, 0x9D9A, 0x9DDB, 0x9E1C, 0x9E1C, 0x95BA, 0x9DBA, 0x9DBA, 0x9D99, 0x9D99, 0x9D99, 0x9D99,
    0x9D79, 0x9D79, 0x9D7A, 0x957A, 0x957A, 0x959B, 0x95BC, 0x95BC, 0x95BC, 0x95BC, 0x95BC, 0x95BC, 0x95BC, 0x95BC, 0x95BC, 0x9DDC,
    0x9DDC, 0x95DC, 0x95DC, 0x95DC, 0x95FD, 0x95FD, 0x961E, 0x8E3F, 0x8E5F, 0x8E7F, 0x8E7F, 0x965F, 0x963E, 0x95FE, 0x95FD, 0x9DFD,
    0x9DFD, 0x9DFD, 0xAE3D, 0xCE9D, 0xD6BD, 0xBE5D, 0xC67D, 0xB65D, 0xA63E, 0xA67F, 0x8E7E, 0x867F, 0x867E, 0x867F, 0x867E, 0x7E7F,
    0x7E7E, 0x7E7E, 0x7E7F, 0x7E5E, 0x7E5F, 0x7E5E, 0x7E5F, 0x7E5E, 0x7E5F, 0x7E3E, 0x7E5E, 0x7E3E, 0x7E3E, 0x7E3E, 0x7E3E, 0x7E3E,
    0x7E3E, 0x7E3E, 0x7E3E, 0x7E3E, 0x7E3E, 0x7E3E, 0x761E, 0x7E1E, 0x761E, 0x7E1E, 0x7E1E, 0x7E1E, 0x75FE, 0x761E, 0x75FE, 0x75FE,
    0x9EBF, 0x9EBF, 0x9EBF, 0x9EBF, 0x9EBF, 0x9EBF, 0x9EBF, 0x9EBF, 0x9EBF, 0x9EBF, 0x9EBF, 0x9EBF, 0x9EBF, 0x9EBF, 0x9EBF, 0x9EBF,
    0x9EBF, 0x9EBF, 0x9EBF, 0x9EBF, 0x9EBF, 0x9EBF, 0x9EBF, 0x9EBF, 0x9EBF, 0x9EBF, 0x9EBF, 0x9EBF, 0x9EBF, 0x9EBF, 0x9EBF, 0x9EBF,
    0x9EBF, 0x9EBF, 0x9EBF, 0x9EBF, 0x9EBF, 0x9EBF, 0x9EBF, 0x9EBF, 0x9EBF, 0x9EBF, 0x9EBF, 0x9EBF, 0x9EBF, 0x9EBF, 0x9EBF, 0x9EBF,
    0x9EBF, 0x9EBF, 0x9EBF, 0x9EBF, 0x9EBF, 0x9EBF, 0x9EBF, 0x9EBF, 0x9EBF, 0x9EBF, 0x9EBF, 0x9EBF, 0x9EBF, 0xB69E, 0xC67E, 0xCE9D,
    0xCE9D, 0xCE9D, 0xCEBD, 0xCE9D, 0xCE9D, 0xCE9D, 0xD6BC, 0xDEBC, 0xDEBC, 0xDEBC, 0xDEBC, 0xDEBC, 0xDEBB, 0xDEBB, 0xDEBC, 0xD69C,
    0xD69C, 0xD69C, 0xCE7C, 0xC67C, 0xC65C, 0xC65C, 0xC65C, 0xBE3B, 0xBE3B, 0xBE3B, 0xBE1B, 0xBE1B, 0xB61B, 0xB61A, 0xB61A, 0xB61A,
    0xADFA, 0xA5FA, 0xA5F9, 0x9DD9, 0x9DD9, 0x9DDA, 0x9DDA, 0x9DDA, 0x9DDA, 0xA5DA, 0xA5FA, 0xADFA, 0xADFA, 0xADD9, 0xAD98, 0xAD77,
    0xAD56, 0xAD36, 0xB515, 0xB4F4, 0xBCD3, 0xBC91, 0xC471, 0xC470, 0xEDD1, 0xFE12, 0xFD30, 0xECAF, 0xDCD1, 0xCCB0, 0xCCB0, 0xCCD0,
    0xCCD1, 0xCCD1, 0xC4D1, 0xC4D1, 0xBCD1, 0xBCB1, 0xB490, 0xB470, 0xAC70, 0xAC71, 0xA492, 0xA493, 0x9CB4, 0x9CF5, 0x9D17, 0x9D58,
    0x9D79, 0x9579, 0x95BA, 0x9DFB, 0x95FC, 0x95FB, 0x95DB, 0x95BA, 0x95BA, 0x95BA, 0x959A, 0x9D9A, 0x9D9A, 0x9599, 0x9579, 0x9579,
    0x9579, 0x957A, 0x957A, 0x957B, 0x959B, 0x959C, 0x95BC, 0x95BC, 0x95BC, 0x95BC, 0x95BC, 0x95BC, 0x95BC, 0x95BC, 0x95BC, 0x9DDC,
    0x9DDC, 0x9DDC, 0x95DC, 0x95DC, 0x95FD, 0x95FD, 0x961E, 0x8E3F, 0x8E5F, 0x8E5F, 0x8E7F, 0x965F, 0x963E, 0x961D, 0x95FD, 0xA5FD,
    0x9DFD, 0x9E1D, 0xAE1D, 0xCE7D, 0xD6BD, 0xB65D, 0xCE7D, 0xB65D, 0xA63E, 0xA65F, 0x9E9F, 0x867F, 0x867E, 0x867F, 0x7E7E, 0x7E7F,
    0x7E5F, 0x7E5E, 0x7E5E, 0x7E5E, 0x7E5E, 0x7E5E, 0x7E5E, 0x7E5E, 0x7E5E, 0x7E3E, 0x7E3E, 0x7E3E, 0x7E3E, 0x7E3E, 0x7E3E, 0x7E3E,
    0x7E3E, 0x7E3E, 0x7E1E, 0x7E1E, 0x7E1E, 0x7E1E, 0x7E1E, 0x761E, 0x761E, 0x761E, 0x761E, 0x761E, 0x75FE, 0x75FE, 0x75FE, 0x75FE,
    0x9EBF, 0x9EBF, 0x9EBF, 0x9EBF, 0x9EBF, 0x9EBF, 0x9EBF, 0x9EBF, 0x9EBF, 0x9EBF, 0x9EBF, 0x9EBF, 0x9EBF, 0x9EBF, 0x9EBF, 0x9EBF,
    0x9EBF, 0x9EBF, 0x9EBF, 0x9EBF, 0x9EBF, 0x9EBF, 0x9EBF, 0x9EBF, 0x9EBF, 0x9EBF, 0x9EBF, 0x9EBF, 0x9EBF, 0x9EBF, 0x9EBF, 0x9EBF,
    0x9EBF, 0x9EBF, 0x9EBF, 0x9EBF, 0x9EBF, 0x9EBF, 0x9EBF, 0x9EBF, 0x9EBF, 0x9EBF, 0x9EBF, 0x9EBF, 0x9EBF, 0x9EBF, 0x9EBF, 0x9EBF,
    0x9EBF, 0x9EBF, 0x9EBF, 0x9EBF, 0x9EBF, 0x9EBF, 0x9EBF, 0x9EBF, 0x9EBF, 0x9EBF, 0x9EBF, 0x9EBF, 0x9EBF, 0xBE9E, 0xC67D, 0xCE9D,
    0xCE9D, 0xCE9D, 0xD6BD, 0xCE9D, 0xCEBD, 0xCEBD, 0xD6BC, 0xDEBC, 0xDEBC, 0xDEBC, 0xDEBC, 0xDEBC, 0xDEBC, 0xDEBC, 0xD6BC, 0xD69C,
    0xD69C, 0xD69C, 0xCE7C, 0xCE5C, 0xC65C, 0xC65C, 0xC63C, 0xBE3C, 0xBE3B, 0xBE3B, 0xBE1B, 0xB61B, 0xB61B, 0xB61B, 0xB61A, 0xAE1A,
    0xAE1A, 0xA5FA, 0xA5FA, 0x9DFA, 0x9DDA, 0x9DDA, 0x9DDA, 0x9DDA, 0x9DDA, 0x9DDA, 0x9DDA, 0x9DD9, 0xA5B9, 0xA5D9, 0xADD9, 0xADD9,
    0xADD9, 0xADB8, 0xADB8, 0xAD98, 0xAD77, 0xAD57, 0xAD36, 0xB536, 0xF673, 0xFE33, 0xFDB2, 0xECD0, 0xCCB2, 0xACD4, 0xACB4, 0xACB4,
    0xACB4, 0xA4B4, 0xA4B4, 0xA4D4, 0x9CD4, 0x9CD5, 0x9CF5, 0x9D16, 0x9D37, 0x9D37, 0x9558, 0x9579, 0x959A, 0x9DDB, 0x9DDB, 0x95DB,
    0x95DB, 0x8DDB, 0x8DDB, 0x8DBA, 0x8D9A, 0x8DBA, 0x8DBA, 0x95BA, 0x959A, 0x959A, 0x959A, 0x959A, 0x9579, 0x9579, 0x9579, 0x957A,
    0x955A, 0x957A, 0x959B, 0x959C, 0x959C, 0x959C, 0x95BC, 0x95BC, 0x95BC, 0x95BC, 0x95BC, 0x95BC, 0x95BC, 0x95BC, 0x95BC, 0x9DDC,
    0x9DDC, 0x9DDC, 0x95DC, 0x95DC, 0x95FD, 0x95FD, 0x961E, 0x8E3F, 0x8E5F, 0x8E5F, 0x8E5F, 0x965F, 0x963E, 0x961E, 0x95FD, 0xA5FD,
    0x9DFD, 0x9E1D, 0xAE1D, 0xCE7D, 0xD6BD, 0xBE5D, 0xCE7D, 0xB65D, 0xA63E, 0x9E5F, 0x9E9F, 0x867F, 0x867E, 0x7E7F, 0x7E7E, 0x7E5F,
    0x7E5E, 0x7E5F, 0x7E5E, 0x7E5E, 0x7E5E, 0x7E5E, 0x7E5E, 0x7E5E, 0x7E3E, 0x7E3E, 0x7E3E, 0x7E3E, 0x7E3E, 0x7E3E, 0x7E3E, 0x7E3E,
    0x7E3E, 0x7E3E, 0x7E1E, 0x7E3E, 0x7E1E, 0x7E3E, 0x761E, 0x7E1E, 0x761E, 0x761E, 0x761E, 0x75FE, 0x75FE, 0x75FE, 0x75FE, 0x75FE,
    0x9EBF, 0x9EBF, 0x9EBF, 0x9EBF, 0x9EBF, 0x9EBF, 0x9EBF, 0x9EBF, 0x9EBF, 0x9EBF, 0x9EBF, 0x9EBF, 0x9EBF, 0x9EBF, 0x9EBF, 0x9EBF,
    0x9EBF, 0x9EBF, 0x9EBF, 0x9EBF, 0x9EBF, 0x9EBF, 0x9EBF, 0x9EBF, 0x9EBF, 0x9EBF, 0x9EBF, 0x9EBF, 0x9EBF, 0x9EBF, 0x9EBF, 0x9EBF,
    0x9EBF, 0x9EBF, 0x9EBF, 0x9EBF, 0x9EBF, 0x9EBF, 0x9EBF, 0x9EBF, 0x9EBF, 0x9EBF, 0x9EBF, 0x9EBF, 0x9EBF, 0x9EBF, 0x9EBF, 0x9EBF,
    0x9EBF, 0x9EBF, 0x9EBF, 0x9EBF, 0x9EBF, 0x9EBF, 0x9EBF, 0x9EBF, 0x9EBF, 0x9EBF, 0x9EBF, 0x9EBF, 0xA69F, 0xBE9E, 0xC69D, 0xCEBD,
    0xCE9D, 0xC69D, 0xD6BD, 0xCE9D, 0xCEBD, 0xCEBD, 0xD6BD, 0xDEBC, 0xDEBC, 0xDEBC, 0xDEBC, 0xDEBC, 0xDEBC, 0xDEBC, 0xD6BC, 0xD69C,
    0xD69C, 0xD69C, 0xCE7C, 0xCE7C, 0xC65C, 0xC65C, 0xC65C, 0xBE3C, 0xBE3B, 0xBE3B, 0xB61B, 0xB61B, 0xB61B, 0xB61B, 0xAE1B, 0xAE1A,
    0xA61A, 0xA61A, 0xA5FA, 0x9DFA, 0x9DDA, 0x9DDA, 0x9DDA, 0x95DA, 0x95DA, 0x95DA, 0x9DD9, 0x9DD9, 0x9DB9, 0x9DB9, 0x9DB9, 0x9DB8,
    0x9DB8, 0x9DB8, 0xA5B8, 0xA5B8, 0xA5B8, 0xA5B8, 0xA598, 0xC5D7, 0xFED5, 0xFEB6, 0xFE55, 0xFDF4, 0xD554, 0xA578, 0xA578, 0xA599,
    0x9D99, 0x9D99, 0x9D99, 0x9D99, 0x9DBA, 0x9DBA, 0x95BA, 0x95BA, 0x95DA, 0x95DB, 0x95DB, 0x95DB, 0x8DDA, 0x8DBA, 0x8D9A, 0x8D9A,
    0x859A, 0x859A, 0x859A, 0x859A, 0x859A, 0x85BB, 0x8DBB, 0x8DBB, 0x959A, 0x959A, 0x959A, 0x957A, 0x957A, 0x957A, 0x955A, 0x957A,
    0x957B, 0x959B, 0x959C, 0x959C, 0x959C, 0x959C, 0x959C, 0x959B, 0x95BC, 0x95BC, 0x95BC, 0x95BC, 0x95BC, 0x95BC, 0x95BC, 0x9DDC,
    0x9DDC, 0x95DC, 0x95DC, 0x95DC, 0x95FD, 0x95FD, 0x961E, 0x963E, 0x8E5F, 0x8E5F, 0x965F, 0x963F, 0x961E, 0x961E, 0x95FD, 0xA5FD,
    0x9DFD, 0x9E1D, 0xA61D, 0xCE7D, 0xD6BD, 0xBE5D, 0xCE7D, 0xBE3D, 0xBE9E, 0xAE7F, 0x9E7F, 0x867F, 0x7E5E, 0x7E7E, 0x7E5E, 0x7E7F,
    0x7E5E, 0x7E7F, 0x7E5E, 0x7E5F, 0x7E5E, 0x7E5F, 0x7E5E, 0x7E5E, 0x7E3E, 0x7E5E, 0x7E3E, 0x7E5E, 0x7E3E, 0x7E3E, 0x7E3E, 0x7E3E,
    0x7E3E, 0x7E3E, 0x7E3E, 0x7E3E, 0x7E3E, 0x761E, 0x761E, 0x761E, 0x761E, 0x761E, 0x761E, 0x761E, 0x761E, 0x75FE, 0x75FE, 0x75FE,
    0x9EBF, 0x9EBF, 0x9EBF, 0x9EBF, 0x9EBF, 0x9EBF, 0x9EBF, 0x9EBF, 0x9EBF, 0x9EBF, 0x9EBF, 0x9EBF, 0x9EBF, 0x9EBF, 0x9EBF, 0x9EBF,
    0x9EBF, 0x9EBF, 0x9EBF, 0x9EBF, 0x9EBF, 0x9EBF, 0x9EBF, 0x9EBF, 0x9EBF, 0x9EBF, 0x9EBF, 0x9EBF, 0x9EBF, 0x9EBF, 0x9EBF, 0x9EBF,
    0x9EBF, 0x9EBF, 0x9EBF, 0x9EBF, 0x9EBF, 0x9EBF, 0x9EBF, 0x9EBF, 0x9EBF, 0x9EBF, 0x9EBF, 0x9EBF, 0x9EBF, 0x9EBF, 0x9EBF, 0x9EBF,
    0x9EBF, 0x9EBF, 0x9EBF, 0x9EBF, 0x9EBF, 0x9EBF, 0x9EBF, 0x9EBF, 0x9EBF, 0x9EBF, 0x9EBF, 0x9EBF, 0xA6BF, 0xC69E, 0xC69D, 0xCEBD,
    0xCEBD, 0xC69D, 0xCEBD, 0xCE9D, 0xCEBD, 0xD6BD, 0xD69D, 0xDEBC, 0xDEBC, 0xDEBC, 0xDEBC, 0xDEBC, 0xDEBC, 0xDEBC, 0xD69C, 0xD69C,
    0xD69C, 0xCE9C, 0xCE7C, 0xCE7C, 0xC65C, 0xC65C, 0xC63C, 0xBE3C, 0xBE3B, 0xBE3B, 0xBE1B, 0xB61B, 0xB61B, 0xB61B, 0xAE1B, 0xAE1B,
    0xAE1A, 0xA61A, 0xA61A, 0x9E1A, 0x9DFA, 0x9DFA, 0x9DDA, 0x95DA, 0x95DA, 0x95DA, 0x95D9, 0x9DD9, 0x9DD9, 0x95B9, 0x95B9, 0x95B9,
    0x9599, 0x9598, 0x9598, 0x9598, 0x9598, 0x9D78, 0xC617, 0xFEB5, 0xFE54, 0xFDF3, 0xFDF3, 0xFE14, 0xFDF4, 0xCD95, 0x9578, 0x9599,
    0x9599, 0x959A, 0x8D9A, 0x8D9A, 0x8D9A, 0x8D9A, 0x8D9A, 0x8D9A, 0x8D9A, 0x8D9A, 0x8D9A, 0x859A, 0x859A, 0x859A, 0x859A, 0x859A,
    0x859A, 0x859A, 0x859A, 0x859A, 0x859B, 0x85BB, 0x8DBB, 0x8D9A, 0x8D9A, 0x8D9A, 0x957A, 0x957A, 0x8D5A, 0x957A, 0x957B, 0x959B,
    0x959B, 0x959C, 0x959C, 0x959C, 0x959C, 0x959B, 0x959C, 0x959C, 0x959C, 0x95BC, 0x95BC, 0x95BC, 0x95BC, 0x95BC, 0x95BC, 0x95DC,
    0x9DDC, 0x9DDC, 0x95DC, 0x95DC, 0x95DD, 0x95FD, 0x961E, 0x963E, 0x8E3F, 0x8E3F, 0x8E3F, 0x963F, 0x961E, 0x95FE, 0x95FD, 0xA61D,
    0x9DFD, 0x9E1D, 0xA61D, 0xC67D, 0xD6BD, 0xBE5D, 0xCE7D, 0xBE5D, 0xAE7E, 0xB69E, 0x9E7F, 0x867E, 0x7E7F, 0x7E7F, 0x7E7F, 0x7E7F,
    0x7E7F, 0x7E7F, 0x7E5E, 0x7E5F, 0x7E5E, 0x7E5F, 0x7E5E, 0x7E5F, 0x7E5E, 0x7E5E, 0x7E5E, 0x7E3E, 0x7E3E, 0x7E3E, 0x7E3E, 0x7E3E,
    0x7E3E, 0x7E3E, 0x7E3E, 0x7E3E, 0x761E, 0x761E, 0x761E, 0x761E, 0x761E, 0x761E, 0x761E, 0x761E, 0x761E, 0x761E, 0x75FE, 0x75FE,
    0x9EBF, 0x9EBF, 0x9EBF, 0x9EBF, 0x9EBF, 0x9EBF, 0x9EBF, 0x9EBF, 0x9EBF, 0x9EBF, 0x9EBF, 0x9EBF, 0x9EBF, 0x9EBF, 0x9EBF, 0x9EBF,
    0x9EBF, 0x9EBF, 0x9EBF, 0x9EBF, 0x9EBF, 0x9EBF, 0x9EBF, 0x9EBF, 0x9EBF, 0x9EBF, 0x9EBF, 0x9EBF, 0x9EBF, 0x9EBF, 0x9EBF, 0x9EBF,
    0x9EBF, 0x9EBF, 0x9EBF, 0x9EBF, 0x9EBF, 0x9EBF, 0x9EBF, 0x9EBF, 0x9EBF, 0x9EBF, 0x9EBF, 0x9EBF, 0x9EBF, 0x9EBF, 0x9EBF, 0x9EBF,
    0x9EBF, 0x9EBF, 0x9EBF, 0x9EBF, 0x9EBF, 0x9EBF, 0x9EBF, 0x9EBF, 0x9EBF, 0x9EBF, 0x9EBF, 0x9EBF, 0xAEBF, 0xC69E, 0xC69D, 0xCEBD,
    0xCEBD, 0xC69D, 0xCEBD, 0xCEBD, 0xCEBD, 0xD6BD, 0xD6BD, 0xD6BC, 0xDEBC, 0xDEBC, 0xDEBC, 0xDEBC, 0xDEBC, 0xD6BC, 0xD69C, 0xD69C,
    0xD69C, 0xCE9C, 0xCE7C, 0xCE7C, 0xC65C, 0xC65C, 0xC63C, 0xBE3C, 0xBE3B, 0xBE3B, 0xB61B, 0xB61B, 0xB61B, 0xB61B, 0xB61B, 0xAE1B,
    0xAE1B, 0xA61A, 0xA61A, 0xA61A, 0x9DFA, 0x9DFA, 0x9DFA, 0x95FA, 0x95DA, 0x95DA, 0x95DA, 0x9DD9, 0x9DD9, 0x95B9, 0x95B9, 0x95B9,
    0x9599, 0x8D99, 0x8D99, 0x9598, 0x9598, 0xDE57, 0xFED6, 0xFEB6, 0xFEB6, 0xFE55, 0xF571, 0xF591, 0xFDF3, 0xF5D4, 0xBD56, 0x8599,
    0x8599, 0x8599, 0x859A, 0x859A, 0x859A, 0x859A, 0x859A, 0x859A, 0x859A, 0x859A, 0x859A, 0x857A, 0x7D9A, 0x7D9A, 0x7D9A, 0x7D9A,
    0x859A, 0x859A, 0x859B, 0x859A, 0x859A, 0x857A, 0x857A, 0x8D9A, 0x8D7A, 0x8D7A, 0x8D7A, 0x957A, 0x959B, 0x959B, 0x959B, 0x959C,
    0x959C, 0x959C, 0x959C, 0x959C, 0x959B, 0x959C, 0x959C, 0x959C, 0x95BC, 0x95BC, 0x95BC, 0x95BC, 0x95BC, 0x95BC, 0x95BC, 0x95BC,
    0x9DBC, 0x9DDC, 0x95DC, 0x95DC, 0x95DD, 0x95FD, 0x961E, 0x961E, 0x8E3F, 0x8E3F, 0x8E3F, 0x961E, 0x961E, 0x95FE, 0x95FD, 0xA61D,
    0x9DFD, 0x9E1D, 0xA61D, 0xC67D, 0xD6BD, 0xBE5D, 0xCE7D, 0xC65D, 0xAE5E, 0xB69F, 0xA67F, 0x8E7E, 0x7E7F, 0x7E7E, 0x7E5E, 0x7E5E,
    0x7E5E, 0x7E5E, 0x7E5E, 0x7E5E, 0x7E5E, 0x7E5E, 0x7E5E, 0x7E5E, 0x9EBF, 0xA6DF, 0xD77F, 0xE7BF, 0xEFBF, 0xDF9F, 0x9EBF, 0x7E3E,
    0x7E3E, 0x7E3E, 0x7E3E, 0x761E, 0x7E3E, 0x761E, 0x7E3E, 0x761E, 0x761E, 0x761E, 0x761E, 0x761E, 0x75FE, 0x75FE, 0x75FE, 0x75FE,
    0x9EBF, 0x9EBF, 0x9EBF, 0x9EBF, 0x9EBF, 0x9EBF, 0x9EBF, 0x9EBF, 0x9EBF, 0x9EBF, 0x9EBF, 0x9EBF, 0x9EBF, 0x9EBF, 0x9EBF, 0x9EBF,
    0x9EBF, 0x9EBF, 0x9EBF, 0x9EBF, 0x9EBF, 0x9EBF, 0x9EBF, 0x9EBF, 0x9EBF, 0x9EBF, 0x9EBF, 0x9EBF, 0x9EBF, 0x9EBF, 0x9EBF, 0x9EBF,
    0x9EBF, 0x9EBF, 0x9EBF, 0x9EBF, 0x9EBF, 0x9EBF, 0x9EBF, 0x9EBF, 0x9EBF, 0x9EBF, 0x9EBF, 0x9EBF, 0x9EBF, 0x9EBF, 0x9EBF, 0x9EBF,
    0x9EBF, 0x9EBF, 0x9EBF, 0x9EBF, 0x9EBF, 0x9EBF, 0x9EBF, 0x9EBF, 0x9EBF, 0x9EBF, 0x9EBF, 0x9EBF, 0xAEBF, 0xBE9E, 0xC69D, 0xCEBD,
    0xCEBD, 0xC69D, 0xCEBD, 0xCEBD, 0xCE9D, 0xD6BD, 0xD6BD, 0xD6BC, 0xDEBC, 0xDEBC, 0xDEBC, 0xDEBC, 0xDEBC, 0xD6BC, 0xD69C, 0xD69C,
    0xD69C, 0xCE7C, 0xCE7C, 0xCE5C, 0xC65C, 0xC65C, 0xC63C, 0xBE3B, 0xBE3B, 0xBE1B, 0xB61B, 0xB61B, 0xB61B, 0xB61B, 0xB61B, 0xB61B,
    0xAE1B, 0xAE1B, 0xA61B, 0xA61A, 0x9E1A, 0x9DFA, 0x9DFA, 0x9DFA, 0x95FA, 0x9DDA, 0x9DDA, 0x9DF9, 0x9DD9, 0x95D9, 0x95D9, 0x95B9,
    0x8DB9, 0x8DB9, 0x8D99, 0x9598, 0xD657, 0xFED7, 0xFEB6, 0xFE55, 0xFE34, 0xFE14, 0xF614, 0xF593, 0xED10, 0xED32, 0xD534, 0x8D78,
    0x8599, 0x8599, 0x8599, 0x859A, 0x859A, 0x859A, 0x859A, 0x859A, 0x859A, 0x859A, 0x859A, 0x7D9A, 0x7D9A, 0x7D9A, 0x7D9A, 0x859A,
    0x859A, 0x859A, 0x859A, 0x8D9B, 0x95DC, 0x95BB, 0x8D7A, 0x8D7A, 0x8D9A, 0x959A, 0x959A, 0x959B, 0x959B, 0x959B, 0x959B, 0x959C,
    0x959B, 0x959B, 0x959B, 0x959B, 0x959B, 0x959C, 0x959C, 0x959C, 0x959C, 0x95BC, 0x95BC, 0x95BC, 0x95BC, 0x95BC, 0x95BC, 0x95BC,
    0x95BC, 0x95DC, 0x95DC, 0x95DC, 0x95DD, 0x95FD, 0x95FE, 0x961E, 0x961E, 0x8E1E, 0x961E, 0x961E, 0x961E, 0x95FE, 0x95FD, 0x9DFD,
    0x9DFD, 0x9E1D, 0xA5FD, 0xC65D, 0xCE9D, 0xBE5D, 0xCE9D, 0xCE7D, 0xA63E, 0xBEBF, 0xA67F, 0x969F, 0x7E7F, 0x7E7E, 0x7E7F, 0x7E5E,
    0x7E7F, 0x7E5E, 0x7E5F, 0x7E5E, 0x867F, 0x9EBF, 0xA6DF, 0xD77F, 0xEFDF, 0xEFDF, 0xEFDF, 0xEFDF, 0xEFDF, 0xEFDF, 0xE7BF, 0x969F,
    0x7E3E, 0x7E3E, 0x7E3E, 0x7E3E, 0x7E3E, 0x7E3E, 0x7E1E, 0x7E1E, 0x761E, 0x761E, 0x761E, 0x761E, 0x75FE, 0x761E, 0x75FE, 0x75FE,
    0x9EBF, 0x9EBF, 0x9EBF, 0x9EBF, 0x9EBF, 0x9EBF, 0x9EBF, 0x9EBF, 0x9EBF, 0x9EBF, 0x9EBF, 0x9EBF, 0x9EBF, 0x9EBF, 0x9EBF, 0x9EBF,
    0x9EBF, 0x9EBF, 0x9EBF, 0x9EBF, 0x9EBF, 0x9EBF, 0x9EBF, 0x9EBF, 0x9EBF, 0x9EBF, 0x9EBF, 0x9EBF, 0x9EBF, 0x9EBF, 0x9EBF, 0x9EBF,
    0x9EBF, 0x9EBF, 0x9EBF, 0x9EBF, 0x9EBF, 0x9EBF, 0x9EBF, 0x9EBF, 0x9EBF, 0x9EBF, 0x9EBF, 0x9EBF, 0x9EBF, 0x9EBF, 0x9EBF, 0x9EBF,
    0x9EBF, 0x9EBF, 0x9EBF, 0x9EBF, 0x9EBF, 0x9EBF, 0x9EBF, 0x9EBF, 0x9EBF, 0x9EBF, 0x9EBF, 0x9EBF, 0xAE9E, 0xBE9E, 0xC69D, 0xCEBD,
    0xCEBD, 0xCE9D, 0xCEBD, 0xCEBD, 0xCE9D, 0xCEBD, 0xD6BD, 0xD6BC, 0xD6BC, 0xDEBC, 0xDEBC, 0xDEBC, 0xD6BC, 0xD69C, 0xD69C, 0xD69C,
    0xD69C, 0xCE7C, 0xCE7C, 0xCE5C, 0xC65C, 0xC65C, 0xC63C, 0xBE3B, 0xBE1B, 0xBE1B, 0xB61B, 0xB61B, 0xB61B, 0xB61B, 0xB61B, 0xB61B,
    0xB61B, 0xAE1B, 0xAE1B, 0xA61B, 0xA61A, 0x9E1A, 0x9E1A, 0x9DFA, 0x9DFA, 0x9DFA, 0x9DFA, 0x9DFA, 0x9DFA, 0x9DF9, 0x95D9, 0x95D9,
    0x8DB9, 0x8DB9, 0x8D99, 0xADD7, 0xFED6, 0xFED6, 0xFEB6, 0xFE75, 0xFDD3, 0xF530, 0xF5B2, 0xF5D4, 0xE573, 0xDC6F, 0xD513, 0x9578,
    0x8599, 0x8D78, 0x8579, 0x8599, 0x859A, 0x859A, 0x859A, 0x859A, 0x859A, 0x859A, 0x859A, 0x7D9A, 0x7D9A, 0x7D7A, 0x857A, 0x857A,
    0x857A, 0x8D9A, 0x95BB, 0x9DBB, 0x9DDC, 0xA5DC, 0xA5FC, 0x9DDC, 0x959B, 0x959A, 0x959B, 0x959B, 0x959B, 0x959B, 0x959B, 0x959B,
    0x959B, 0x959B, 0x959B, 0x959B, 0x959C, 0x959C, 0x959C, 0x959C, 0x959C, 0x959C, 0x959C, 0x95BC, 0x95BC, 0x95BC, 0x95BC, 0x95BC,
    0x95BC, 0x95DC, 0x95DC, 0x95DC, 0x95DC, 0x95FD, 0x95FD, 0x961E, 0x961E, 0x961E, 0x961E, 0x961E, 0x95FE, 0x95FD, 0x95FD, 0x9DFD,
    0x9DFD, 0x9E1D, 0xA5FD, 0xC65D, 0xCE9D, 0xC67D, 0xCE9D, 0xCE9D, 0xA61E, 0xA67E, 0xA65F, 0x9EBF, 0x7E5E, 0x7E7F, 0x7E7E, 0x7E7F,
    0x7E7E, 0x969F, 0xAEFF, 0xBF1F, 0xE7BF, 0xEFDF, 0xEFDF, 0xEFDF, 0xEFDF, 0xEFDF, 0xEFDF, 0xEFDF, 0xEFDF, 0xEFDF, 0xEFDF, 0xEFBF,
    0xCF5F, 0x7E3E, 0x7E3E, 0x7E3E, 0x761E, 0x7E1E, 0x761E, 0x761E, 0x761E, 0x761E, 0x761E, 0x761E, 0x761E, 0x75FE, 0x75FE, 0x75FE,
    0x9EBF, 0x9EBF, 0x9EBF, 0x9EBF, 0x9EBF, 0x9EBF, 0x9EBF, 0x9EBF, 0x9EBF, 0x9EBF, 0x9EBF, 0x9EBF, 0x9EBF, 0x9EBF, 0x9EBF, 0x9EBF,
    0x9EBF, 0x9EBF, 0x9EBF, 0x9EBF, 0x9EBF, 0x9EBF, 0x9EBF, 0x9EBF, 0x9EBF, 0x9EBF, 0x9EBF, 0x9EBF, 0x9EBF, 0x9EBF, 0x9EBF, 0x9EBF,
    0x9EBF, 0x9EBF, 0x9EBF, 0x9EBF, 0x9EBF, 0x9EBF, 0x9EBF, 0x9EBF, 0x9EBF, 0x9EBF, 0x9EBF, 0x9EBF, 0x9EBF, 0x9EBF, 0x9EBF, 0x9EBF,
    0x9EBF, 0x9EBF, 0x9EBF, 0x9EBF, 0x9EBF, 0x9EBF, 0x9EBF, 0x9EBF, 0x9EBF, 0x9EBF, 0x9EBF, 0x9EBF, 0xB69E, 0xBE9D, 0xC69D, 0xCEBD,
    0xCEBD, 0xCE9D, 0xCEBD, 0xD6BD, 0xCE9D, 0xCE9D, 0xCEBD, 0xD6BC, 0xD6BC, 0xD6BC, 0xD6BC, 0xD6BC, 0xD6BC, 0xD6BC, 0xD69C, 0xD69C,
    0xD69C, 0xCE7C, 0xCE7C, 0xC65C, 0xC65C, 0xC65C, 0xBE3C, 0xBE3B, 0xBE3B, 0xB61B, 0xB61B, 0xB61B, 0xB61B, 0xB61B, 0xB61B, 0xB61B,
    0xB61B, 0xB61B, 0xAE1B, 0xAE1A, 0xA61A, 0xA61A, 0x9E1A, 0x9E1A, 0x9DFA, 0x9DFA, 0x9DFA, 0xA61A, 0xAE19, 0xAE39, 0xAE19, 0xAE19,
    0xA5F9, 0xA5F9, 0xA5D9, 0xEEB6, 0xFEF6, 0xFED6, 0xFE95, 0xFE54, 0xFE35, 0xF615, 0xED31, 0xED30, 0xDD33, 0xD4F2, 0xD4F2, 0xAD56,
    0xB4B2, 0xE4F1, 0xDD33, 0x9578, 0x7D7A, 0x859A, 0x859A, 0x859A, 0x859A, 0x859A, 0x859A, 0x857A, 0x857A, 0x857A, 0x8D9A, 0x8DBB,
    0x95BB, 0x9D9B, 0x9DBB, 0xA5BB, 0xA5DB, 0xA5DC, 0xA5FC, 0xA5FC, 0xA5FC, 0x959B, 0x957A, 0x959B, 0x959B, 0x959B, 0x959B, 0x959B,
    0x959B, 0x959B, 0x959B, 0x959B, 0x959B, 0x959C, 0x959C, 0x959C, 0x959B, 0x959B, 0x959C, 0x95BC, 0x95BC, 0x95BC, 0x95BC, 0x95BC,
    0x95BC, 0x95DC, 0x95DC, 0x95DC, 0x95DC, 0x95FD, 0x95FD, 0x961D, 0x961E, 0x961E, 0x961E, 0x961E, 0x95FE, 0x95FD, 0x95FD, 0x9DFD,
    0x9DFD, 0xA63E, 0xA5FD, 0xC65D, 0xCE9D, 0xC67D, 0xCE9D, 0xD69D, 0xAE1E, 0x9E3E, 0x9E7F, 0xA6BF, 0x7E7F, 0x8E9F, 0xA6DF, 0xBF3F,
    0xD77F, 0xE7BF, 0xF7DF, 0xEFDF, 0xEFDF, 0xEFDF, 0xEFDF, 0xEFDF, 0xEFDF, 0xEFDF, 0xEFDF, 0xEFDF, 0xEFDF, 0xEFDF, 0xEFDF, 0xEFDF,
    0xEFDF, 0xD77F, 0x865E, 0x7E1E, 0x7E1E, 0x7E1E, 0x7E1E, 0x761E, 0x761E, 0x761E, 0x761E, 0x761E, 0x75FE, 0x761E, 0x75FE, 0x75FE,
    0x9EBF, 0x9EBF, 0x9EBF, 0x9EBF, 0x9EBF, 0x9EBF, 0x9EBF, 0x9EBF, 0x9EBF, 0x9EBF, 0x9EBF, 0x9EBF, 0x9EBF, 0x9EBF, 0x9EBF, 0x9EBF,
    0x9EBF, 0x9EBF, 0x9EBF, 0x9EBF, 0x9EBF, 0x9EBF, 0x9EBF, 0x9EBF, 0x9EBF, 0x9EBF, 0x9EBF, 0x9EBF, 0x9EBF, 0x9EBF, 0x9EBF, 0x9EBF,
    0x9EBF, 0x9EBF, 0x9EBF, 0x9EBF, 0x9EBF, 0x9EBF, 0x9EBF, 0x9EBF, 0x9EBF, 0x9EBF, 0x9EBF, 0x9EBF, 0x9EBF, 0x9EBF, 0x9EBF, 0x9EBF,
    0x9EBF, 0x9EBF, 0x9EBF, 0x9EBF, 0x9EBF, 0x9EBF, 0x9EBF, 0x9EBF, 0x9EBF, 0x9EBF, 0x9EBF, 0x9E9F, 0xBEBF, 0xBE9D, 0xC69D, 0xCEBD,
    0xCEBD, 0xCE9D, 0xCE9D, 0xD6BD, 0xCE9D, 0xCE9D, 0xCEBD, 0xD6BC, 0xD6BC, 0xD6BC, 0xD6BC, 0xD6BC, 0xD6BC, 0xD69C, 0xD69C, 0xD69C,
    0xCE9C, 0xCE7C, 0xCE7C, 0xC65C, 0xC65C, 0xC63C, 0xBE3C, 0xBE3B, 0xBE3B, 0xB61B, 0xB61B, 0xB61B, 0xB61B, 0xB61B, 0xB61B, 0xB61B,
    0xB61B, 0xB61B, 0xB61B, 0xAE1B, 0xAE1A, 0xA61A, 0x9E1A, 0x9E1A, 0x9E1A, 0x9DFA, 0xB639, 0xD6BA, 0xE71A, 0xEF3B, 0xEF5B, 0xE73B,
    0xDF1B, 0xC69A, 0xCE78, 0xFED6, 0xFEB5, 0xFE33, 0xFDB1, 0xFD71, 0xFD92, 0xF5B3, 0xED94, 0xDC90, 0xDCF1, 0xD513, 0xD4D1, 0xD42F,
    0xDB8B, 0xE490, 0xDCF2, 0xAD36, 0x8579, 0x8579, 0x8579, 0x8D79, 0x8D7A, 0x8D7A, 0x8D9A, 0x8D9A, 0x95BB, 0x95BB, 0x95DC, 0xA65D,
    0x9DBB, 0x9D9A, 0xA5BA, 0xADBA, 0xADDB, 0xADDB, 0xADFC, 0xADFC, 0xADFC, 0xA5FC, 0x959B, 0x957B, 0x959B, 0x959B, 0x959B, 0x959B,
    0x959B, 0x959B, 0x959B, 0x959B, 0x959B, 0x959B, 0x959C, 0x959C, 0x959B, 0x959B, 0x959C, 0x95BC, 0x95BC, 0x95BC, 0x95BC, 0x95BC,
    0x95BC, 0x95BC, 0x95DC, 0x95DC, 0x95DC, 0x95FD, 0x95FD, 0x95FD, 0x95FD, 0x961D, 0x961D, 0x961D, 0x95FE, 0x95FD, 0x95FD, 0x9E1D,
    0x9E1D, 0xA65E, 0xA61D, 0xC67D, 0xCE9D, 0xC67D, 0xCE9D, 0xD6BD, 0xB63E, 0x9E3F, 0xA67F, 0xB6FF, 0xC73F, 0xE7BF, 0xEFDF, 0xF7FF,
    0xEFDF, 0xEFDF, 0xEFDF, 0xEFDF, 0xEFDF, 0xEFDF, 0xEFDF, 0xEFDF, 0xEFDF, 0xEFDF, 0xEFDF, 0xEFDF, 0xEFDF, 0xEFDF, 0xEFBF, 0xEFBF,
    0xEFBF, 0xEFBF, 0xCF5F, 0x7E3E, 0x761E, 0x761E, 0x761E, 0x761E, 0x761E, 0x761E, 0x761E, 0x75FE, 0x75FE, 0x75FE, 0x75FE, 0x75FE,
    0x9EBF, 0x9EBF, 0x9EBF, 0x9EBF, 0x9EBF, 0x9EBF, 0x9EBF, 0x9EBF, 0x9EBF, 0x9EBF, 0x9EBF, 0x9EBF, 0x9EBF, 0x9EBF, 0x9EBF, 0x9EBF,
    0x9EBF, 0x9EBF, 0x9EBF, 0x9EBF, 0x9EBF, 0x9EBF, 0x9EBF, 0x9EBF, 0x9EBF, 0x9EBF, 0x9EBF, 0x9EBF, 0x9EBF, 0x9EBF, 0x9EBF, 0x9EBF,
    0x9EBF, 0x9EBF, 0x9EBF, 0x9EBF, 0x9EBF, 0x9EBF, 0x9EBF, 0x9EBF, 0x9EBF, 0x9EBF, 0x9EBF, 0x9EBF, 0x9EBF, 0x9EBF, 0x9EBF, 0x9EBF,
    0x9EBF, 0x9EBF, 0x9EBF, 0x9EBF, 0x9EBF, 0x9EBF, 0x9EBF, 0x9EBF, 0x9EBF, 0x9EBF, 0x9EBF, 0x9E9F, 0xC6BE, 0xC69D, 0xCEBD, 0xCEBE,
    0xCEBD, 0xCE9D, 0xCE9D, 0xD6BD, 0xCE9D, 0xCE9D, 0xCEBD, 0xD6BC, 0xD6BC, 0xD6BC, 0xD6BC, 0xD6BC, 0xD6BC, 0xD69C, 0xD69C, 0xD69C,
    0xCE9C, 0xCE7C, 0xCE7C, 0xC65C, 0xC65C, 0xC65C, 0xBE3C, 0xBE3B, 0xBE1B, 0xB61B, 0xB61B, 0xB61B, 0xB61B, 0xB61B, 0xB61B, 0xB61B,
    0xB61B, 0xB61B, 0xB61B, 0xB61B, 0xAE1A, 0xAE1A, 0xA61A, 0x9E1A, 0x9DFA, 0xBE5A, 0xDEDA, 0xE6FA, 0xE6FA, 0xE71A, 0xEF1A, 0xEF3B,
    0xEF3B, 0xDEDA, 0xF6B7, 0xFEB5, 0xFE33, 0xFD50, 0xF4EF, 0xECAE, 0xECCE, 0xF530, 0xE511, 0xDD33, 0xD490, 0xD513, 0xD4D1, 0xD3EE,
    0xD3AB, 0xD46F, 0xD4D2, 0xA557, 0x9579, 0x9579, 0x959A, 0x9D9A, 0x9DBA, 0x9DBB, 0x9DBB, 0x9DBB, 0x95DC, 0x95DC, 0x961D, 0xA63D,
    0x9DBA, 0xA5BA, 0xADBA, 0xADDA, 0xADDB, 0xADFB, 0xAE1C, 0xA578, 0xA578, 0xA5DB, 0x959B, 0x957B, 0x959B, 0x959B, 0x959B, 0x959B,
    0x959B, 0x959B, 0x959B, 0x959B, 0x959B, 0x959B, 0x959C, 0x959C, 0x959B, 0x959B, 0x959C, 0x959C, 0x95BC, 0x95BC, 0x95BC, 0x95BC,
    0x95BC, 0x95BC, 0x95DC, 0x95DC, 0x95DC, 0x95DD, 0x95FD, 0x95FD, 0x95FD, 0x961D, 0x961D, 0x961D, 0x961D, 0x961E, 0x961D, 0x9E1D,
    0x9E3D, 0xA67E, 0xA61D, 0xC67D, 0xCE9D, 0xC67D, 0xCE9D, 0xDEDD, 0xCEBE, 0xC6DF, 0xDF7F, 0xEFBF, 0xEFFF, 0xEFDF, 0xEFDF, 0xEFDF,
    0xEFDF, 0xEFDF, 0xEFDF, 0xEFDF, 0xEFDF, 0xEFDF, 0xEFDF, 0xEFDF, 0xEFDF, 0xEFDF, 0xEFDF, 0xEFBF, 0xEFBF, 0xEFBF, 0xE7BF, 0xE79F,
    0xE79F, 0xE79F, 0xEFBF, 0x9E9F, 0x761E, 0x761E, 0x761E, 0x761E, 0x761E, 0x761E, 0x75FE, 0x75FE, 0x75FE, 0x75FE, 0x75FE, 0x75FE,
    0x9EBF, 0x9EBF, 0x9EBF, 0x9EBF, 0x9EBF, 0x9EBF, 0x9EBF, 0x9EBF, 0x9EBF, 0x9EBF, 0x9EBF, 0x9EBF, 0x9EBF, 0x9EBF, 0x9EBF, 0x9EBF,
    0x9EBF, 0x9EBF, 0x9EBF, 0x9EBF, 0x9EBF, 0x9EBF, 0x9EBF, 0x9EBF, 0x9EBF, 0x9EBF, 0x9EBF, 0x9EBF, 0x9EBF, 0x9EBF, 0x9EBF, 0x9EBF,
    0x9EBF, 0x9EBF, 0x9EBF, 0x9EBF, 0x9EBF, 0x9EBF, 0x9EBF, 0x9EBF, 0x9EBF, 0x9EBF, 0x9EBF, 0x9EBF, 0x9EBF, 0x9EBF, 0x9EBF, 0x9EBF,
    0x9EBF, 0x9EBF, 0x9EBF, 0x9EBF, 0x9EBF, 0x9EBF, 0x9EBF, 0x9EBF, 0x9EBF, 0x9EBF, 0x9EBF, 0xA69F, 0xC6BE, 0xC6BE, 0xCEBD, 0xD6DD,
    0xCEBD, 0xCE9D, 0xC69D, 0xD6BD, 0xCE9D, 0xCE9D, 0xCEBD, 0xD69C, 0xD69C, 0xD69C, 0xD6BC, 0xD6BC, 0xD6BC, 0xD69C, 0xD69C, 0xD69C,
    0xCE9C, 0xCE7C, 0xCE7C, 0xC65C, 0xC65C, 0xC65C, 0xBE3C, 0xBE3C, 0xBE1B, 0xB61B, 0xB61B, 0xB61B, 0xB61B, 0xB61B, 0xB61B, 0xB61B,
    0xB61B, 0xB61B, 0xB61B, 0xB61A, 0xB61A, 0xAE1A, 0xA61A, 0x9DFA, 0xB63A, 0xDEBA, 0xDEB9, 0xDEB9, 0xDEB9, 0xE6D9, 0xE6FA, 0xEF3B,
    0xEF3B, 0xEEF9, 0xFED6, 0xFE74, 0xFDD2, 0xF510, 0xE4D0, 0xD40C, 0xCB48, 0xECAD, 0xED10, 0xDD33, 0xD4F2, 0xD513, 0xDCB1, 0xCC0E,
    0xCBED, 0xCC90, 0xC534, 0xA599, 0xA5BA, 0x9DBA, 0xA5DB, 0xA5DB, 0x9DDB, 0x9DDB, 0x9DDB, 0x9DDC, 0x9DDC, 0x95DC, 0x9E3D, 0x9E1C,
    0xA5BA, 0xADD9, 0xB5DA, 0xB5FA, 0xB5FB, 0xADFB, 0xAD98, 0x83B0, 0x8C95, 0x9D79, 0x959B, 0x957B, 0x957B, 0x959B, 0x959B, 0x959B,
    0x959B, 0x959B, 0x959B, 0x959B, 0x959B, 0x959B, 0x959C, 0x959B, 0x959C, 0x959C, 0x95BC, 0x95BC, 0x95BC, 0x95BC, 0x95BC, 0x95BC,
    0x95BC, 0x95BC, 0x95DC, 0x95DC, 0x95DD, 0x95DD, 0x95FD, 0x95FD, 0x95FD, 0x95FD, 0x95FD, 0x95FD, 0x961D, 0x961E, 0x961D, 0x9E3D,
    0x9E1D, 0xA67E, 0x9E1D, 0xC67D, 0xCE9D, 0xCEDE, 0xE75E, 0xF7BF, 0xF7DF, 0xEFDF, 0xEFDF, 0xEFDF, 0xEFDF, 0xEFDF, 0xEFDF, 0xEFDF,
    0xEFDF, 0xEFDF, 0xEFDF, 0xEFDF, 0xEFDF, 0xEFDF, 0xEFDF, 0xEFDF, 0xEFBF, 0xE7BF, 0xE7BF, 0xE79F, 0xE79F, 0xE79F, 0xDF7F, 0xDF7F,
    0xDF7F, 0xE79F, 0xE79F, 0xC73F, 0x7E1E, 0x761E, 0x761E, 0x761E, 0x75FE, 0x75FE, 0x75FE, 0x75FE, 0x75FE, 0x75FE, 0x75FE, 0x75FE,
    0x9EBF, 0x9EBF, 0x9EBF, 0x9EBF, 0x9EBF, 0x9EBF, 0x9EBF, 0x9EBF, 0x9EBF, 0x9EBF, 0x9EBF, 0x9EBF, 0x9EBF, 0x9EBF, 0x9EBF, 0x9EBF,
    0x9EBF, 0x9EBF, 0x9EBF, 0x9EBF, 0x9EBF, 0x9EBF, 0x9EBF, 0x9EBF, 0x9EBF, 0x9EBF, 0x9EBF, 0x9EBF, 0x9EBF, 0x9EBF, 0x9EBF, 0x9EBF,
    0x9EBF, 0x9EBF, 0x9EBF, 0x9EBF, 0x9EBF, 0x9EBF, 0x9EBF, 0x9EBF, 0x9EBF, 0x9EBF, 0x9EBF, 0x9EBF, 0x9EBF, 0x9EBF, 0x9EBF, 0x9EBF,
    0x9EBF, 0x9EBF, 0x9EBF, 0x9EBF, 0x9EBF, 0x9EBF, 0x9EBF, 0x9EBF, 0x9EBF, 0x9EBF, 0x9EBF, 0xAEBF, 0xC6BE, 0xCEDE, 0xCEBD, 0xD6DD,
    0xCEBD, 0xCE9D, 0xC69D, 0xD6BD, 0xCE9D, 0xCE9D, 0xCE9D, 0xCE9D, 0xD69C, 0xD69C, 0xD69C, 0xD69C, 0xD6BC, 0xD6BC, 0xD69C, 0xCE9C,
    0xCE9C, 0xCE7C, 0xCE7C, 0xC65C, 0xC65C, 0xC65C, 0xBE3C, 0xBE3B, 0xBE1B, 0xBE1B, 0xBE1B, 0xBE1B, 0xB61B, 0xB61B, 0xB61B, 0xB61B,
    0xB61B, 0xB61B, 0xB61B, 0xB61A, 0xB61A, 0xAE1A, 0xA61A, 0xAE1A, 0xD699, 0xD678, 0xD637, 0xD5F5, 0xBCB0, 0xBCF1, 0xE698, 0xE6DA,
    0xE71B, 0xF6D8, 0xFE95, 0xFE33, 0xF5B2, 0xE532, 0xDCF1, 0xD46E, 0xC3CB, 0xC369, 0xE4EF, 0xE532, 0xDCF1, 0xDD12, 0xD42E, 0xCBCC,
    0xCC6F, 0xC512, 0xBDD8, 0xB61A, 0xAE1A, 0xADFB, 0xAE1B, 0xADFB, 0xA5FB, 0xA5FB, 0xA5FC, 0x9DFC, 0x9DFC, 0x9DFC, 0x9E3D, 0x9DFC,
    0xADBA, 0xB5F9, 0xB5FA, 0xB61A, 0xB5FB, 0xADFB, 0xB536, 0xBD36, 0xB536, 0xA579, 0x959A, 0x957A, 0x957A, 0x957B, 0x959B, 0x959B,
    0x959B, 0x959B, 0x959B, 0x959B, 0x959B, 0x959B, 0x959B, 0x959B, 0x959B, 0x959B, 0x959C, 0x95BC, 0x95BC, 0x95BC, 0x95BC, 0x95BC,
    0x95BC, 0x95DC, 0x95DC, 0x95DC, 0x95DD, 0x95DD, 0x95FD, 0x95FD, 0x95FD, 0x95FD, 0x95FD, 0x95FD, 0x961E, 0x961D, 0x95FD, 0x9DFD,
    0x9E3D, 0xAE9E, 0x9E1D, 0xC67D, 0xE77E, 0xEFBF, 0xEFDF, 0xEFFF, 0xEFDF, 0xEFDF, 0xEFDF, 0xEFDF, 0xEFDF, 0xEFDF, 0xEFDF, 0xEFDF,
    0xEFDF, 0xEFDF, 0xEFDF, 0xEFDF, 0xEFBF, 0xEFBF, 0xE7BF, 0xE79F, 0xE79F, 0xE79F, 0xDF7F, 0xDF7F, 0xDF7F, 0xDF5F, 0xDF5F, 0xDF5F,
    0xDF7F, 0xDF7F, 0xE79F, 0xD77F, 0x7E1E, 0x7E1E, 0x761E, 0x761E, 0x761E, 0x761E, 0x761E, 0x761E, 0x75FE, 0x75FE, 0x75FE, 0x75FE,
    0x9EBF, 0x9EBF, 0x9EBF, 0x9EBF, 0x9EBF, 0x9EBF, 0x9EBF, 0x9EBF, 0x9EBF, 0x9EBF, 0x9EBF, 0x9EBF, 0x9EBF, 0x9EBF, 0x9EBF, 0x9EBF,
    0x9EBF, 0x9EBF, 0x9EBF, 0x9EBF, 0x9EBF, 0x9EBF, 0x9EBF, 0x9EBF, 0x9EBF, 0x9EBF, 0x9EBF, 0x9EBF, 0x9EBF, 0x9EBF, 0x9EBF, 0x9EBF,
    0x9EBF, 0x9EBF, 0x9EBF, 0x9EBF, 0x9EBF, 0x9EBF, 0x9EBF, 0x9EBF, 0x9EBF, 0x9EBF, 0x9EBF, 0x9EBF, 0x9EBF, 0x9EBF, 0x9EBF, 0x9EBF,
    0x9EBF, 0x9EBF, 0x9EBF, 0x9EBF, 0x9EBF, 0x9EBF, 0x9EBF, 0x9EBF, 0x9EBF, 0x9EBF, 0x9EBF, 0xAEBF, 0xC6BE, 0xD6DE, 0xCEDD, 0xD6DD,
    0xCEBD, 0xCE9D, 0xCE9D, 0xD6BD, 0xCE9D, 0xCE9D, 0xCE9D, 0xCE9D, 0xCE9C, 0xD69C, 0xD69C, 0xD69C, 0xD69C, 0xD6BC, 0xD69C, 0xCE9C,
    0xCE9C, 0xCE7C, 0xCE7C, 0xC65C, 0xC65C, 0xC63C, 0xBE3B, 0xBE3B, 0xBE1B, 0xBE1B, 0xBE1B, 0xBE1B, 0xBE1B, 0xBE1B, 0xBE1B, 0xBE1B,
    0xBE1B, 0xBE1B, 0xBE1A, 0xB61A, 0xB61A, 0xAE1A, 0xA5FA, 0xC65A, 0xD658, 0xD5F6, 0xB46F, 0xC46E, 0xDD2F, 0xE52F, 0xDD0F, 0xE698,
    0xE6DA, 0xFEB6, 0xFE74, 0xF5F2, 0xED71, 0xDD11, 0xD513, 0xD4D1, 0xC44E, 0xC3CB, 0xC3EC, 0xC42D, 0xCC4E, 0xCCD2, 0xCCB1, 0xCCD1,
    0xC554, 0xC639, 0xC65A, 0xC65A, 0xBE5B, 0xBE5B, 0xB63B, 0xB63B, 0xAE3B, 0xAE1C, 0xA61C, 0xA61C, 0x9DFC, 0x9DFC, 0x9E3D, 0x9DFB,
    0xADD9, 0xBE19, 0xBE1A, 0xB61A, 0xADFB, 0xB599, 0xBD15, 0xBD36, 0xBD36, 0xB536, 0x9D59, 0x957A, 0x957A, 0x957A, 0x957A, 0x959B,
    0x959B, 0x959B, 0x959B, 0x959B, 0x959B, 0x959B, 0x959B, 0x959B, 0x959B, 0x959B, 0x959C, 0x959C, 0x95BC, 0x95BC, 0x95BC, 0x95BC,
    0x95BC, 0x95DC, 0x95DC, 0x95DC, 0x95DD, 0x95DD, 0x95DD, 0x95FD, 0x95FD, 0x95FD, 0x95FD, 0x961D, 0x961E, 0x961E, 0x95FD, 0x9E1D,
    0x9E3D, 0xAE9E, 0xA63D, 0xE75E, 0xF7FF, 0xEFFF, 0xEFDF, 0xEFDF, 0xEFDF, 0xEFDF, 0xEFDF, 0xEFDF, 0xEFDF, 0xEFDF, 0xEFDF, 0xEFDF,
    0xEFDF, 0xEFBF, 0xE7BF, 0xE7BF, 0xE79F, 0xE79F, 0xDF7F, 0xDF7F, 0xDF5F, 0xD75F, 0xD75F, 0xD75F, 0xD75F, 0xD75F, 0xD75F, 0xD75F,
    0xD75F, 0xDF7F, 0xE77F, 0xE79F, 0x7E3E, 0x761E, 0x761E, 0x761E, 0x761E, 0x75FE, 0x75FE, 0x75FE, 0x75FE, 0x75FE, 0x75FE, 0x75FE,
    0x9EBF, 0x9EBF, 0x9EBF, 0x9EBF, 0x9EBF, 0x9EBF, 0x9EBF, 0x9EBF, 0x9EBF, 0x9EBF, 0x9EBF, 0x9EBF, 0x9EBF, 0x9EBF, 0x9EBF, 0x9EBF,
    0x9EBF, 0x9EBF, 0x9EBF, 0x9EBF, 0x9EBF, 0x9EBF, 0x9EBF, 0x9EBF, 0x9EBF, 0x9EBF, 0x9EBF, 0x9EBF, 0x9EBF, 0x9EBF, 0x9EBF, 0x9EBF,
    0x9EBF, 0x9EBF, 0x9EBF, 0x9EBF, 0x9EBF, 0x9EBF, 0x9EBF, 0x9EBF, 0x9EBF, 0x9EBF, 0x9EBF, 0x9EBF, 0x9EBF, 0x9EBF, 0x9EBF, 0x9EBF,
    0x9EBF, 0x9EBF, 0x9EBF, 0x9EBF, 0x9EBF, 0x9EBF, 0x9EBF, 0x9EBF, 0x9EBF, 0x9EBF, 0x9EBF, 0xB69E, 0xC69E, 0xD6DD, 0xCEDD, 0xD6DD,
    0xCEBD, 0xCE9D, 0xCE9D, 0xD6BD, 0xCE9D, 0xCE9D, 0xCE9D, 0xCEBD, 0xCE9C, 0xCE9C, 0xCE9C, 0xCE9C, 0xD69C, 0xCE9C, 0xCE9C, 0xCE9C,
    0xCE7C, 0xCE7C, 0xC67C, 0xC65C, 0xC65C, 0xC63C, 0xBE3B, 0xBE3B, 0xBE1B, 0xBE1B, 0xBE1B, 0xBE1B, 0xBE1B, 0xBE1B, 0xBE1B, 0xBE1B,
    0xBE1A, 0xBE1A, 0xBE1A, 0xB61A, 0xB63A, 0xAE1A, 0xAE1A, 0xCE79, 0xCDF6, 0xCD32, 0xEDD3, 0xFE76, 0xFE75, 0xFE34, 0xF5B1, 0xEDD3,
    0xF6B8, 0xFE95, 0xFE34, 0xF5B2, 0xE531, 0xD511, 0xD533, 0xD513, 0xC490, 0xC42E, 0xC44E, 0xC46F, 0xC4B1, 0xC4F2, 0xC513, 0xC5B5,
    0xCE9A, 0xCE9A, 0xCE9A, 0xCE9B, 0xCE9B, 0xC67B, 0xBE7B, 0xBE5B, 0xB65B, 0xAE3C, 0xAE3C, 0xA61C, 0xA61C, 0x9E1C, 0x9E1D, 0x9DFB,
    0xB5F9, 0xBE39, 0xBE3A, 0xB61A, 0xADFB, 0xB536, 0xBD15, 0xBD15, 0xBD36, 0xBD36, 0xBD36, 0x9D59, 0x957A, 0x957A, 0x957A, 0x957B,
    0x957B, 0x959B, 0x959B, 0x959B, 0x959B, 0x959B, 0x959B, 0x959B, 0x959B, 0x959B, 0x959C, 0x959C, 0x959C, 0x95BC, 0x95BC, 0x95BC,
    0x95BC, 0x95DC, 0x95DC, 0x95DC, 0x95DC, 0x95DD, 0x95DD, 0x95DD, 0x95FD, 0x95FD, 0x95FD, 0x961E, 0x961E, 0x961E, 0x95FD, 0x95FD,
    0x9E3D, 0xA69E, 0x9E1D, 0xEF9F, 0xEFFF, 0xEFDF, 0xEFDF, 0xEFDF, 0xEFDF, 0xEFDF, 0xEFDF, 0xEFDF, 0xEFBF, 0xEFBF, 0xEFBF, 0xE7BF,
    0xE79F, 0xE79F, 0xE79F, 0xDF7F, 0xDF7F, 0xDF5F, 0xD75F, 0xD75F, 0xD73E, 0xCF3E, 0xCF3E, 0xCF3E, 0xCF3E, 0xCF3E, 0xCF3E, 0xCF3E,
    0xD75F, 0xD75F, 0xDF7F, 0xE7BF, 0x865E, 0x761E, 0x761E, 0x761E, 0x75FE, 0x75FE, 0x75FE, 0x75FE, 0x75FE, 0x75FE, 0x75FE, 0x75FE,
    0x9EBF, 0x9EBF, 0x9EBF, 0x9EBF, 0x9EBF, 0x9EBF, 0x9EBF, 0x9EBF, 0x9EBF, 0x9EBF, 0x9EBF, 0x9EBF, 0x9EBF, 0x9EBF, 0x9EBF, 0x9EBF,
    0x9EBF, 0x9EBF, 0x9EBF, 0x9EBF, 0x9EBF, 0x9EBF, 0x9EBF, 0x9EBF, 0x9EBF, 0x9EBF, 0x9EBF, 0x9EBF, 0x9EBF, 0x9EBF, 0x9EBF, 0x9EBF,
    0x9EBF, 0x9EBF, 0x9EBF, 0x9EBF, 0x9EBF, 0x9EBF, 0x9EBF, 0x9EBF, 0x9EBF, 0x9EBF, 0x9EBF, 0x9EBF, 0x9EBF, 0x9EBF, 0x9EBF, 0x9EBF,
    0x9EBF, 0x9EBF, 0x9EBF, 0x9EBF, 0x9EBF, 0x9EBF, 0x9EBF, 0x9EBF, 0x9EBF, 0x9EBF, 0x9EBF, 0xB69E, 0xC6BE, 0xD6DD, 0xCEDD, 0xD6DD,
    0xD6BD, 0xCE9D, 0xCE9D, 0xD6BD, 0xCE9D, 0xCE9D, 0xCE9D, 0xCE9D, 0xCE9C, 0xCE9C, 0xCE9C, 0xCE9C, 0xCE9C, 0xCE9C, 0xCE9C, 0xCE9C,
    0xCE9C, 0xCE7C, 0xC67C, 0xC65C, 0xC65C, 0xC63B, 0xBE3B, 0xBE3B, 0xBE1B, 0xBE1B, 0xBE1B, 0xBE1B, 0xBE1B, 0xBE1B, 0xBE1B, 0xBE1B,
    0xBE1A, 0xBE1A, 0xBE1A, 0xBE3A, 0xB63A, 0xB61A, 0xB63A, 0xCE38, 0xD5D5, 0xFE76, 0xFEB7, 0xFEB7, 0xFE76, 0xFE56, 0xFE76, 0xF697,
    0xFEB6, 0xFE75, 0xFE13, 0xED91, 0xDD10, 0xD511, 0xD553, 0xCD33, 0xC4B1, 0xC490, 0xC4B0, 0xC4D1, 0xC4F2, 0xC513, 0xC595, 0xD6B9,
    0xD6BA, 0xD6BA, 0xD6BA, 0xCEBB, 0xCE9B, 0xCE9B, 0xC69B, 0xBE7B, 0xBE5B, 0xB65C, 0xAE3C, 0xA63C, 0xA61C, 0x9E1C, 0x9E1C, 0x9DFB,
    0xADF9, 0xBE39, 0xBE39, 0xB61A, 0xADFA, 0xB4F4, 0xB4F4, 0xBD15, 0xBD15, 0xBD35, 0xBD56, 0xBD36, 0x9D59, 0x957A, 0x957A, 0x957A,
    0x957B, 0x957B, 0x957B, 0x959B, 0x959B, 0x959B, 0x959B, 0x959B, 0x959B, 0x959B, 0x959C, 0x959C, 0x959C, 0x95BC, 0x95BC, 0x95BC,
    0x95BC, 0x95DC, 0x95DC, 0x95DC, 0x95DC, 0x95DD, 0x95DD, 0x95DD, 0x95DD, 0x95FD, 0x95FD, 0x95FD, 0x95FE, 0x961E, 0x95FE, 0x961D,
    0x9E1D, 0xA67E, 0x9DFD, 0xEF9F, 0xEFFF, 0xEFDF, 0xEFDF, 0xEFDF, 0xEFDF, 0xEFDF, 0xEFDF, 0xEFBF, 0xE7BF, 0xE79F, 0xE79F, 0xE79F,
    0xDF7F, 0xDF7F, 0xD75F, 0xD75F, 0xD75F, 0xCF3E, 0xCF3E, 0xCF3E, 0xC73E, 0xC73E, 0xC73D, 0xC73D, 0xC71E, 0xC73E, 0xC73E, 0xCF3E,
    0xCF3E, 0xD75F, 0xDF7F, 0xE79F, 0xAEDF, 0x761E, 0x761E, 0x761E, 0x761E, 0x761E, 0x761E, 0x761E, 0x75FE, 0x75FE, 0x75FE, 0x75FE,
    0x9EBF, 0x9EBF, 0x9EBF, 0x9EBF, 0x9EBF, 0x9EBF, 0x9EBF, 0x9EBF, 0x9EBF, 0x9EBF, 0x9EBF, 0x9EBF, 0x9EBF, 0x9EBF, 0x9EBF, 0x9EBF,
    0x9EBF, 0x9EBF, 0x9EBF, 0x9EBF, 0x9EBF, 0x9EBF, 0x9EBF, 0x9EBF, 0x9EBF, 0x9EBF, 0x9EBF, 0x9EBF, 0x9EBF, 0x9EBF, 0x9EBF, 0x9EBF,
    0x9EBF, 0x9EBF, 0x9EBF, 0x9EBF, 0x9EBF, 0x9EBF, 0x9EBF, 0x9EBF, 0x9EBF, 0x9EBF, 0x9EBF, 0x9EBF, 0x9EBF, 0x9EBF, 0x9EBF, 0x9EBF,
    0x9EBF, 0x9EBF, 0x9EBF, 0x9EBF, 0x9EBF, 0x9EBF, 0x9EBF, 0x9EBF, 0x9EBF, 0x9EBF, 0x9EBF, 0xB6BE, 0xC6BE, 0xD6DD, 0xD6DD, 0xD6DD,
    0xD6DD, 0xCE9D, 0xCE9D, 0xD6BD, 0xCE9D, 0xCE9D, 0xCE9D, 0xCE9D, 0xCEBD, 0xCE9D, 0xCE9D, 0xCE9C, 0xCE9C, 0xCE9C, 0xCE9C, 0xCE9C,
    0xCE9C, 0xCE7C, 0xC67C, 0xC65C, 0xC65C, 0xC63B, 0xC63B, 0xBE3B, 0xBE1B, 0xBE1B, 0xBE1B, 0xBE1B, 0xBE1B, 0xBE1B, 0xBE1B, 0xBE1B,
    0xBE1A, 0xBE1A, 0xBE1A, 0xBE1A, 0xBE3A, 0xB61A, 0xB63A, 0xD658, 0xFE97, 0xFED8, 0xFEB7, 0xFE97, 0xFEB7, 0xFED8, 0xFEF8, 0xFEF7,
    0xFEB6, 0xFE54, 0xF5D2, 0xED51, 0xDCF0, 0xD512, 0xCD53, 0xCD33, 0xC4D1, 0xC4D1, 0xC4D1, 0xC4F2, 0xC512, 0xC574, 0xD699, 0xD6BA,
    0xD6BA, 0xD6BA, 0xD6BA, 0xCE9B, 0xCE9B, 0xC69B, 0xC69B, 0xBE7B, 0xBE7C, 0xB65C, 0xAE3C, 0xA63C, 0xA61C, 0x9E1C, 0x961C, 0x9DFC,
    0xADDA, 0xBE19, 0xBE19, 0xADFA, 0xADB9, 0xB4B3, 0xB4D3, 0xB4F4, 0xBD15, 0xBD35, 0xBD35, 0xBD56, 0xBD36, 0x9D59, 0x957A, 0x957A,
    0x957B, 0x957B, 0x957B, 0x959B, 0x959B, 0x959B, 0x959B, 0x959B, 0x959B, 0x959B, 0x959C, 0x959C, 0x959C, 0x95BC, 0x95BC, 0x95BC,
    0x95BC, 0x95DC, 0x95DC, 0x95DC, 0x95DC, 0x95DD, 0x95DD, 0x95DD, 0x95FD, 0x95FD, 0x95FD, 0x95FD, 0x961E, 0x95FE, 0x95FD, 0x961D,
    0x9E1D, 0xA67E, 0x9DFD, 0xDF5F, 0xEFDF, 0xEFDF, 0xEFDF, 0xEFDF, 0xEFDF, 0xEFBF, 0xE7BF, 0xE79F, 0xE77F, 0xDF7F, 0xDF7F, 0xD75F,
    0xD75F, 0xD75F, 0xCF3E, 0xCF3E, 0xCF3E, 0xC73E, 0xC73E, 0xC71D, 0xBF1D, 0xBF1D, 0xBF1D, 0xBF1D, 0xBF1D, 0xBF1D, 0xC71D, 0xC73E,
    0xCF3E, 0xD75F, 0xDF7F, 0xE79F, 0xCF5F, 0x7E1E, 0x761E, 0x761E, 0x761E, 0x761E, 0x761E, 0x75FE, 0x75FE, 0x75FE, 0x75FE, 0x75FE,
    0x9EBF, 0x9EBF, 0x9EBF, 0x9EBF, 0x9EBF, 0x9EBF, 0x9EBF, 0x9EBF, 0x9EBF, 0x9EBF, 0x9EBF, 0x9EBF, 0x9EBF, 0x9EBF, 0x9EBF, 0x9EBF,
    0x9EBF, 0x9EBF, 0x9EBF, 0x9EBF, 0x9EBF, 0x9EBF, 0x9EBF, 0x9EBF, 0x9EBF, 0x9EBF, 0x9EBF, 0x9EBF, 0x9EBF, 0x9EBF, 0x9EBF, 0x9EBF,
    0x9EBF, 0x9EBF, 0x9EBF, 0x9EBF, 0x9EBF, 0x9EBF, 0x9EBF, 0x9EBF, 0x9EBF, 0x9EBF, 0x9EBF, 0x9EBF, 0x9EBF, 0x9EBF, 0x9EBF, 0x9EBF,
    0x9EBF, 0x9EBF, 0x9EBF, 0x9EBF, 0x9EBF, 0x9EBF, 0x9EBF, 0x9EBF, 0x9EBF, 0x9EBF, 0x9EBF, 0xBEBE, 0xC6BE, 0xCEDD, 0xD6DD, 0xD6DD,
    0xD6DD, 0xCE9D, 0xCE9D, 0xD6BD, 0xCE9D, 0xCE9D, 0xCE9D, 0xCE9D, 0xCEBD, 0xCEBD, 0xCEBD, 0xCE9D, 0xCE9C, 0xCE9D, 0xCE9D, 0xCE9D,
    0xCE9C, 0xCE7C, 0xC65C, 0xC65C, 0xC65B, 0xC63B, 0xC63B, 0xBE3B, 0xBE3B, 0xBE1B, 0xBE1B, 0xBE1B, 0xBE1B, 0xBE1B, 0xBE1A, 0xBE1A,
    0xBE1A, 0xBE1A, 0xBE1A, 0xBE3A, 0xBE3A, 0xB63A, 0xC639, 0xFE97, 0xFED8, 0xFEB8, 0xFEB8, 0xFED8, 0xFEF8, 0xFF18, 0xFF18, 0xFED6,
    0xFE95, 0xFE13, 0xF5B1, 0xE530, 0xD4F1, 0xD512, 0xCD53, 0xC513, 0xCCF1, 0xC4F2, 0xC4F2, 0xC512, 0xC575, 0xCE79, 0xCE99, 0xCE7A,
    0xCE7A, 0xCE7A, 0xCE7A, 0xC67A, 0xC67B, 0xC67B, 0xBE7B, 0xBE7B, 0xB65C, 0xB65C, 0xAE3C, 0xA63C, 0xA61C, 0x9E1C, 0x961C, 0x9DFC,
    0xA5DA, 0xB5F9, 0xBDF9, 0xADDA, 0xAD36, 0xB492, 0xB4B3, 0xB4D3, 0xBCF4, 0xBD15, 0xBD35, 0xBD35, 0xBD56, 0xBD36, 0x9D59, 0x957A,
    0x957A, 0x957B, 0x957B, 0x957B, 0x959B, 0x959B, 0x959B, 0x959B, 0x959B, 0x959B, 0x959C, 0x959C, 0x959C, 0x959C, 0x95BC, 0x95BC,
    0x95BC, 0x95BC, 0x95DC, 0x95DC, 0x95DC, 0x95DD, 0x95DD, 0x95DD, 0x95FD, 0x95FD, 0x95FD, 0x961D, 0x95FE, 0x95FE, 0x95FD, 0x961D,
    0x9E1D, 0xA67E, 0x9DFD, 0xD6FE, 0xEFDF, 0xEFDF, 0xEFDF, 0xEFDF, 0xEFBF, 0xE79F, 0xE79F, 0xDF7F, 0xDF5F, 0xD75F, 0xD75F, 0xD73E,
    0xCF3E, 0xCF3E, 0xC73E, 0xC71D, 0xBF1D, 0xBF1D, 0xBF1D, 0xB71D, 0xB71D, 0xB71D, 0xB71C, 0xB71C, 0xB71D, 0xB71D, 0xBF1D, 0xC73D,
    0xC73E, 0xCF3E, 0xDF5F, 0xDF7F, 0xE79F, 0x7E1E, 0x761E, 0x75FE, 0x761E, 0x75FE, 0x75FE, 0x761E, 0x75FE, 0x761E, 0x75FE, 0x75FE,
    0x9EBF, 0x9EBF, 0x9EBF, 0x9EBF, 0x9EBF, 0x9EBF, 0x9EBF, 0x9EBF, 0x9EBF, 0x9EBF, 0x9EBF, 0x9EBF, 0x9EBF, 0x9EBF, 0x9EBF, 0x9EBF,
    0x9EBF, 0x9EBF, 0x9EBF, 0x9EBF, 0x9EBF, 0x9EBF, 0x9EBF, 0x9EBF, 0x9EBF, 0x9EBF, 0x9EBF, 0x9EBF, 0x9EBF, 0x9EBF, 0x9EBF, 0x9EBF,
    0x9EBF, 0x9EBF, 0x9EBF, 0x9EBF, 0x9EBF, 0x9EBF, 0x9EBF, 0x9EBF, 0x9EBF, 0x9EBF, 0x9EBF, 0x9EBF, 0x9EBF, 0x9EBF, 0x9EBF, 0x9EBF,
    0x9EBF, 0x9EBF, 0x9EBF, 0x9EBF, 0x9EBF, 0x9EBF, 0x9EBF, 0x9EBF, 0x9EBF, 0x9EBF, 0x9E9E, 0xBEBF, 0xCEBE, 0xCEDD, 0xD6DD, 0xD6DD,
    0xD6DD, 0xCE9D, 0xCE9D, 0xD6BD, 0xCEBD, 0xCE9D, 0xCE9D, 0xCEBD, 0xCEBD, 0xCEBD, 0xCEBD, 0xCE9D, 0xCEBD, 0xCE9D, 0xCE9D, 0xCE9D,
    0xCE9C, 0xC67C, 0xC65C, 0xC65C, 0xC65B, 0xC63B, 0xC63B, 0xC63B, 0xBE3B, 0xBE1B, 0xBE1B, 0xBE1B, 0xBE1A, 0xBE1A, 0xBE1A, 0xBE1A,
    0xBE1A, 0xBE1A, 0xBE1A, 0xBE3A, 0xBE3A, 0xBE3A, 0xEE98, 0xFED8, 0xFED8, 0xFEF8, 0xFEF9, 0xFF19, 0xFF18, 0xFEF7, 0xFEB6, 0xFE75,
    0xFE13, 0xF5D2, 0xED71, 0xDCF0, 0xD4F1, 0xCD12, 0xCD33, 0xCD12, 0xCD12, 0xC512, 0xC533, 0xBDB6, 0xC639, 0xBE39, 0xBE39, 0xBE3A,
    0xBE3A, 0xBE3A, 0xBE3A, 0xBE3A, 0xBE3B, 0xBE3B, 0xB65B, 0xB63B, 0xB63B, 0xAE3C, 0xAE3C, 0xA63C, 0x9E1C, 0x9E1C, 0x95FC, 0x95FC,
    0x9DFB, 0xADD9, 0xB5F9, 0xA5DA, 0xACF5, 0xB471, 0xB492, 0xB4D3, 0xBCF3, 0xBCF4, 0xBD15, 0xBD35, 0xBD36, 0xBD56, 0xBD56, 0xA559,
    0x957A, 0x957B, 0x957B, 0x957B, 0x957B, 0x959B, 0x959B, 0x959B, 0x959B, 0x959B, 0x959B, 0x959B, 0x959B, 0x959C, 0x95BC, 0x95BC,
    0x95BC, 0x95BC, 0x95BC, 0x95DC, 0x95DC, 0x95DD, 0x95DD, 0x95DD, 0x95FD, 0x95FD, 0x95FD, 0x95FD, 0x95FD, 0x95FE, 0x95FD, 0x95FD,
    0x9DFD, 0xA65E, 0x95FD, 0xBE9D, 0xEFDF, 0xEFDF, 0xEFDF, 0xEFDF, 0xE7BF, 0xE79F, 0xDF7F, 0xDF5F, 0xD75F, 0xD73E, 0xCF3E, 0xCF3E,
    0xC73E, 0xC71D, 0xBF1D, 0xBF1D, 0xB71D, 0xB71D, 0xB71C, 0xB71C, 0xAF1C, 0xAF1C, 0xAF1C, 0xAF1C, 0xAF1C, 0xB71C, 0xB71D, 0xBF1D,
    0xC73E, 0xCF3E, 0xD75F, 0xDF7F, 0xE7BF, 0x865E, 0x761E, 0x761E, 0x761E, 0x761E, 0x761E, 0x761E, 0x761E, 0x761E, 0x75FE, 0x75FE,
    0x9EBF, 0x9EBF, 0x9EBF, 0x9EBF, 0x9EBF, 0x9EBF, 0x9EBF, 0x9EBF, 0x9EBF, 0x9EBF, 0x9EBF, 0x9EBF, 0x9EBF, 0x9EBF, 0x9EBF, 0x9EBF,
    0x9EBF, 0x9EBF, 0x9EBF, 0x9EBF, 0x9EBF, 0x9EBF, 0x9EBF, 0x9EBF, 0x9EBF, 0x9EBF, 0x9EBF, 0x9EBF, 0x9EBF, 0x9EBF, 0x9EBF, 0x9EBF,
    0x9EBF, 0x9EBF, 0x9EBF, 0x9EBF, 0x9EBF, 0x9EBF, 0x9EBF, 0x9EBF, 0x9EBF, 0x9EBF, 0x9EBF, 0x9EBF, 0x9EBF, 0x9EBF, 0x9EBF, 0x9EBF,
    0x9EBF, 0x9EBF, 0x9EBF, 0x9EBF, 0x9EBF, 0x9EBF, 0x9EBF, 0x9EBF, 0x9EBF, 0x9EBF, 0x9E9E, 0xBEBF, 0xC6BE, 0xCEDD, 0xD6FD, 0xD6DD,
    0xCEBD, 0xCEBD, 0xCEBD, 0xD6BD, 0xCEBD, 0xCE9D, 0xCE9D, 0xCEBD, 0xCEBD, 0xCEBD, 0xCEBD, 0xCEBD, 0xCEBD, 0xCE9D, 0xCE9D, 0xCE9D,
    0xCE7C, 0xC67C, 0xC65C, 0xC65C, 0xC65C, 0xC63B, 0xC63B, 0xC63B, 0xBE3B, 0xBE1B, 0xBE1B, 0xBE1A, 0xBE1A, 0xBE1A, 0xBE1A, 0xBE1A,
    0xBE3A, 0xBE3A, 0xBE3A, 0xBE3A, 0xBE3A, 0xEE98, 0xFED8, 0xFEF8, 0xFEF9, 0xFEF9, 0xFF18, 0xFEF8, 0xFED7, 0xFE95, 0xFE54, 0xFDF3,
    0xF571, 0xED50, 0xE510, 0xD4F1, 0xCD12, 0xCD33, 0xC513, 0xBD13, 0xB534, 0xAD55, 0xAD97, 0xADD8, 0xADD8, 0xADD9, 0xADD9, 0xADD9,
    0xADDA, 0xADFA, 0xADFA, 0xADFA, 0xAE1A, 0xAE1B, 0xAE1B, 0xAE1B, 0xAE1B, 0xA63B, 0xA61C, 0xA61C, 0x9E1C, 0x95FC, 0x95FC, 0x95FC,
    0x9DFC, 0x9DBA, 0xADB9, 0xA5B9, 0xACD4, 0xB450, 0xB471, 0xB492, 0xBCD3, 0xBCF3, 0xBCF4, 0xBD15, 0xBD35, 0xBD36, 0xBD56, 0xBD56,
    0x9D59, 0x957A, 0x957A, 0x957B, 0x957B, 0x959B, 0x959B, 0x959B, 0x959B, 0x959B, 0x959B, 0x959B, 0x959C, 0x959C, 0x95BC, 0x95BC,
    0x95BC, 0x95BC, 0x95BC, 0x95DC, 0x95DC, 0x95DC, 0x95DD, 0x95DD, 0x95FD, 0x95FD, 0x95FD, 0x95FD, 0x95FD, 0x95FD, 0x8DFD, 0x95FD,
    0x9DFD, 0xA63E, 0x95FD, 0xB63D, 0xEFBF, 0xEFDF, 0xEFDF, 0xEFDF, 0xE7BF, 0xE79F, 0xDF7F, 0xD75F, 0xD73E, 0xCF3E, 0xC73E, 0xC73E,
    0xBF1D, 0xBF1D, 0xB71D, 0xB71D, 0xB71C, 0xB71C, 0xAF1C, 0xAF1C, 0xA71C, 0xAF1C, 0xA71C, 0xA71C, 0xAF1C, 0xAF1C, 0xB71C, 0xBF1D,
    0xC73D, 0xCF3E, 0xD75F, 0xDF7F, 0xE79F, 0xAEDF, 0x761E, 0x761E, 0x761E, 0x761E, 0x75FE, 0x761E, 0x75FE, 0x75FE, 0x75FE, 0x75FE,
    0x9EBF, 0x9EBF, 0x9EBF, 0x9EBF, 0x9EBF, 0x9EBF, 0x9EBF, 0x9EBF, 0x9EBF, 0x9EBF, 0x9EBF, 0x9EBF, 0x9EBF, 0x9EBF, 0x9EBF, 0x9EBF,
    0x9EBF, 0x9EBF, 0x9EBF, 0x9EBF, 0x9EBF, 0x9EBF, 0x9EBF, 0x9EBF, 0x9EBF, 0x9EBF, 0x9EBF, 0x9EBF, 0x9EBF, 0x9EBF, 0x9EBF, 0x9EBF,
    0x9EBF, 0x9EBF, 0x9EBF, 0x9EBF, 0x9EBF, 0x9EBF, 0x9EBF, 0x9EBF, 0x9EBF, 0x9EBF, 0x9EBF, 0x9EBF, 0x9EBF, 0x9EBF, 0x9EBF, 0x9EBF,
    0x9EBF, 0x9EBF, 0x9EBF, 0x9EBF, 0x9EBF, 0x9EBF, 0x9EBF, 0x9EBF, 0x9EBF, 0x9EBF, 0xAEBE, 0xC6BF, 0xCEBE, 0xD6DD, 0xD6FD, 0xD6DD,
    0xCEBD, 0xCEBD, 0xCEBD, 0xD6BD, 0xCEBD, 0xCE9D, 0xCEBD, 0xCEBD, 0xCEBD, 0xCEBD, 0xCEBD, 0xCEBD, 0xCE9D, 0xCE9C, 0xCE9C, 0xCE9C,
    0xCE7C, 0xC67C, 0xC65C, 0xC65C, 0xC65B, 0xC63B, 0xC63B, 0xC63B, 0xC63B, 0xBE1B, 0xBE1B, 0xBE1A, 0xBE1A, 0xBE1A, 0xBE1A, 0xBE3A,
    0xBE3A, 0xBE3A, 0xBE3A, 0xBE3A, 0xDE78, 0xFED8, 0xFEF9, 0xFEF9, 0xFF19, 0xFEF8, 0xFED7, 0xFEB6, 0xFE75, 0xFE34, 0xF5F3, 0xED71,
    0xE510, 0xDCF0, 0xD511, 0xCD12, 0xC513, 0xB513, 0xA534, 0xA535, 0xA555, 0xA576, 0xA577, 0xA598, 0xA598, 0xA5B9, 0xA5B9, 0xA5B9,
    0xA5BA, 0xA5BA, 0xA5BA, 0xA5DA, 0xA5DA, 0xA5DB, 0xA5FB, 0xA5FB, 0xA5FB, 0xA5FB, 0x9E1C, 0x9DFC, 0x9DFC, 0x95FC, 0x95FC, 0x95FC,
    0x95FC, 0x9DFC, 0x9DBA, 0xA5B9, 0xACB3, 0xAC50, 0xB450, 0xB471, 0xBCB2, 0xBCD3, 0xBCF3, 0xBCF4, 0xBD15, 0xBD35, 0xBD36, 0xBD56,
    0xBD56, 0xA579, 0x957A, 0x957B, 0x957B, 0x959B, 0x959B, 0x959B, 0x959B, 0x959B, 0x959C, 0x959C, 0x959C, 0x959C, 0x95BC, 0x95BC,
    0x95BC, 0x95BC, 0x95BC, 0x95DC, 0x95DC, 0x95DC, 0x95DD, 0x95DD, 0x95FD, 0x95FD, 0x95FD, 0x95FD, 0x95FD, 0x95FD, 0x8DFD, 0x95FD,
    0x9DFD, 0xA63D, 0x95FD, 0xAE1D, 0xE75F, 0xEFDF, 0xEFDF, 0xEFDF, 0xE7BF, 0xE79F, 0xDF7F, 0xD75F, 0xCF3E, 0xCF3E, 0xC73E, 0xBF1D,
    0xB71D, 0xB71C, 0xB71C, 0xAF1C, 0xAF1C, 0xAF1C, 0xA71C, 0xA71C, 0xA71C, 0xA71C, 0xA71C, 0xA71C, 0xA71C, 0xAF1C, 0xB71C, 0xB71D,
    0xBF1D, 0xCF3E, 0xD75F, 0xDF5F, 0xE79F, 0xC73F, 0x761E, 0x761E, 0x761E, 0x75FE, 0x75FE, 0x75FE, 0x75FE, 0x75FE, 0x75DE, 0x75FE,
    0x9EBF, 0x9EBF, 0x9EBF, 0x9EBF, 0x9EBF, 0x9EBF, 0x9EBF, 0x9EBF, 0x9EBF, 0x9EBF, 0x9EBF, 0x9EBF, 0x9EBF, 0x9EBF, 0x9EBF, 0x9EBF,
    0x9EBF, 0x9EBF, 0x9EBF, 0x9EBF, 0x9EBF, 0x9EBF, 0x9EBF, 0x9EBF, 0x9EBF, 0x9EBF, 0x9EBF, 0x9EBF, 0x9EBF, 0x9EBF, 0x9EBF, 0x9EBF,
    0x9EBF, 0x9EBF, 0x9EBF, 0x9EBF, 0x9EBF, 0x9EBF, 0x9EBF, 0x9EBF, 0x9EBF, 0x9EBF, 0x9EBF, 0x9EBF, 0x9EBF, 0x9EBF, 0x9EBF, 0x9EBF,
    0x9EBF, 0x9EBF, 0x9EBF, 0x9EBF, 0x9EBF, 0x9EBF, 0x9EBF, 0x9EBF, 0x9EBF, 0x9EBF, 0xAEBF, 0xBE9E, 0xCEBE, 0xD6DD, 0xD6DD, 0xD6DD,
    0xCEBD, 0xCEBD, 0xCEBD, 0xD6BD, 0xCEBD, 0xCE9D, 0xCEBD, 0xCEBD, 0xCEBD, 0xCEBD, 0xCEBD, 0xCEBD, 0xCE9C, 0xCE9C, 0xCE9C, 0xCE9C,
    0xCE7C, 0xC67C, 0xC67C, 0xC65B, 0xC65B, 0xC63B, 0xC63B, 0xC63B, 0xBE3B, 0xBE1B, 0xBE1B, 0xBE1A, 0xBE1A, 0xBE1A, 0xBE1A, 0xBE1A,
    0xBE3A, 0xBE3A, 0xBE3A, 0xD659, 0xFED8, 0xFEF9, 0xFEF9, 0xFF19, 0xFEF8, 0xFEB7, 0xFE96, 0xFE55, 0xFE34, 0xF5D3, 0xED92, 0xE531,
    0xD4F0, 0xCCF1, 0xC512, 0xBD13, 0xACF3, 0x9D13, 0x9D14, 0x9D35, 0xA555, 0xA576, 0xA577, 0xA598, 0xA598, 0xA599, 0xA5BA, 0xA5BA,
    0xA5BA, 0xA5BA, 0x9DBA, 0x9DBA, 0x9DBA, 0x9DDB, 0x9DDB, 0x9DDB, 0x9DFB, 0x9DFB, 0x9DFC, 0x9DFC, 0x95FC, 0x95FC, 0x95FC, 0x95FC,
    0x95FC, 0x95FC, 0x9DFB, 0x9DBA, 0xA493, 0xAC50, 0xB450, 0xB450, 0xBC91, 0xBCB2, 0xBCD3, 0xBCF3, 0xBD14, 0xBD35, 0xBD36, 0xBD56,
    0xBD56, 0xBD56, 0xA579, 0x957A, 0x957B, 0x957B, 0x957B, 0x959B, 0x959B, 0x959B, 0x959C, 0x959C, 0x959C, 0x959C, 0x959C, 0x95BC,
    0x95BC, 0x95BC, 0x95BC, 0x95BC, 0x95DC, 0x95DC, 0x95DD, 0x95DD, 0x95FD, 0x95FD, 0x95FD, 0x95FD, 0x95FD, 0x8DFD, 0x8DFD, 0x8DFD,
    0x9DFD, 0x9E1D, 0x95FD, 0xA61D, 0xDEFE, 0xEFDF, 0xEFDF, 0xEFDF, 0xEFBF, 0xE79F, 0xDF7F, 0xD75F, 0xCF3E, 0xC73E, 0xBF3D, 0xBF1D,
    0xB71D, 0xB71C, 0xAF1C, 0xAF1C, 0xAF1C, 0xA71C, 0xA71C, 0xA71B, 0xA71B, 0xA71C, 0xA71C, 0xA71B, 0xA6FC, 0xAF1C, 0xAF1C, 0xB71D,
    0xBF1D, 0xC73E, 0xCF3E, 0xDF5F, 0xDF7F, 0xD77F, 0x7E1E, 0x761E, 0x75FE, 0x75FE, 0x75FE, 0x75FE, 0x75FE, 0x75FE, 0x75DE, 0x75FE,
    0x9EBF, 0x9EBF, 0x9EBF, 0x9EBF, 0x9EBF, 0x9EBF, 0x9EBF, 0x9EBF, 0x9EBF, 0x9EBF, 0x9EBF, 0x9EBF, 0x9EBF, 0x9EBF, 0x9EBF, 0x9EBF,
    0x9EBF, 0x9EBF, 0x9EBF, 0x9EBF, 0x9EBF, 0x9EBF, 0x9EBF, 0x9EBF, 0x9EBF, 0x9EBF, 0x9EBF, 0x9EBF, 0x9EBF, 0x9EBF, 0x9EBF, 0x9EBF,
    0x9EBF, 0x9EBF, 0x9EBF, 0x9EBF, 0x9EBF, 0x9EBF, 0x9EBF, 0x9EBF, 0x9EBF, 0x9EBF, 0x9EBF, 0x9EBF, 0x9EBF, 0x9EBF, 0x9EBF, 0x9EBF,
    0x9EBF, 0x9EBF, 0x9EBF, 0x9EBF, 0x9EBF, 0x9EBF, 0x9EBF, 0x9EBF, 0x9EBF, 0x9EBF, 0xB6BF, 0xBE9E, 0xCEDE, 0xCEDD, 0xD6DD, 0xD6DD,
    0xC6BD, 0xCEBD, 0xCEBD, 0xD6BD, 0xCEBD, 0xCE9D, 0xCEBD, 0xCEBD, 0xCEBD, 0xCEBD, 0xCEBD, 0xCEBD, 0xCE9C, 0xCE9C, 0xCE9C, 0xCE9C,
    0xCE7C, 0xC67C, 0xC67C, 0xC65B, 0xC65B, 0xC63B, 0xC63B, 0xC63B, 0xC63B, 0xBE3B, 0xBE3A, 0xBE3A, 0xBE3A, 0xBE3A, 0xBE3A, 0xBE3A,
    0xBE3A, 0xB63A, 0xCE59, 0xFED8, 0xFEF9, 0xFEF8, 0xFEF8, 0xFED7, 0xFEB6, 0xFE76, 0xFE55, 0xFE14, 0xF5D3, 0xED92, 0xDD31, 0xD4F1,
    0xCCF1, 0xC512, 0xBD13, 0xB513, 0x9CF3, 0x9CF4, 0x9D14, 0x9D35, 0x9D56, 0xA577, 0xA577, 0xA598, 0xA599, 0xA5B9, 0xA5BA, 0xA5BA,
    0xA5BA, 0xA5BA, 0x9DBA, 0x9DBA, 0x9DBB, 0x9DDB, 0x9DDB, 0x9DDB, 0x9DDB, 0x9DDB, 0x9DDB, 0x95FB, 0x95DC, 0x95DC, 0x95DC, 0x95FC,
    0x95DC, 0x95DC, 0x9DFC, 0x9DFB, 0x94B4, 0xA40F, 0xAC2F, 0xB450, 0xB470, 0xBC91, 0xBCB2, 0xBCD2, 0xBCF3, 0xBD14, 0xBD35, 0xBD35,
    0xBD56, 0xBD56, 0xBD56, 0xA579, 0x8D9B, 0x959B, 0x959B, 0x959B, 0x959B, 0x959B, 0x959C, 0x959C, 0x959C, 0x8D9C, 0x959C, 0x95BC,
    0x95BC, 0x95BC, 0x95BC, 0x95BC, 0x95DC, 0x95DC, 0x95DC, 0x95DC, 0x95FD, 0x95FD, 0x95FD, 0x95FD, 0x95FD, 0x8DFD, 0x8DFD, 0x95FD,
    0xA5FD, 0x9E1D, 0x95FD, 0x9E1D, 0xCEBE, 0xEFDF, 0xEFDF, 0xEFDF, 0xEFBF, 0xE79F, 0xDF7F, 0xD75F, 0xCF3E, 0xC73E, 0xBF1D, 0xB71D,
    0xB71C, 0xAF1C, 0xAF1C, 0xA71C, 0xA71C, 0xA71C, 0x9EFB, 0x9F1B, 0xA6FB, 0xA6FB, 0x9F1B, 0xA6FB, 0xA6FB, 0xAF1C, 0xAF1C, 0xB71C,
    0xBF1D, 0xC73D, 0xCF3E, 0xD75F, 0xDF7F, 0xE79F, 0x863E, 0x75FE, 0x75FE, 0x75FE, 0x75FE, 0x75FE, 0x75FE, 0x75FE, 0x75FE, 0x75FE,
    0x9EBF, 0x9EBF, 0x9EBF, 0x9EBF, 0x9EBF, 0x9EBF, 0x9EBF, 0x9EBF, 0x9EBF, 0x9EBF, 0x9EBF, 0x9EBF, 0x9EBF, 0x9EBF, 0x9EBF, 0x9EBF,
    0x9EBF, 0x9EBF, 0x9EBF, 0x9EBF, 0x9EBF, 0x9EBF, 0x9EBF, 0x9EBF, 0x9EBF, 0x9EBF, 0x9EBF, 0x9EBF, 0x9EBF, 0x9EBF, 0x9EBF, 0x9EBF,
    0x9EBF, 0x9EBF, 0x9EBF, 0x9EBF, 0x9EBF, 0x9EBF, 0x9EBF, 0x9EBF, 0x9EBF, 0x9EBF, 0x9EBF, 0x9EBF, 0x9EBF, 0x9EBF, 0x9EBF, 0x9EBF,
    0x9EBF, 0x9EBF, 0x9EBF, 0x9EBF, 0x9EBF, 0x9EBF, 0x9EBF, 0x9EBF, 0x9EBF, 0x9EBF, 0xB6BE, 0xBE9E, 0xD6DD, 0xCEDD, 0xD6DD, 0xD6DD,
    0xC69D, 0xD6BD, 0xCEBD, 0xD6BD, 0xCEBD, 0xCEBD, 0xCEBD, 0xCEBD, 0xCEBD, 0xCEBD, 0xCEBD, 0xCEBD, 0xCE9C, 0xCE9C, 0xCE9C, 0xCE9C,
    0xCE9C, 0xC67C, 0xC67C, 0xC65B, 0xC65B, 0xC65B, 0xC63B, 0xC63B, 0xC63B, 0xC63B, 0xBE3A, 0xBE3A, 0xBE3A, 0xBE3A, 0xBE3A, 0xBE3A,
    0xBE3A, 0xC639, 0xF6D8, 0xFEF8, 0xFEF8, 0xFED7, 0xFEB7, 0xFE96, 0xFE75, 0xFE35, 0xF614, 0xF5D3, 0xE592, 0xDD31, 0xD4F1, 0xCCF1,
    0xC512, 0xBD13, 0xB513, 0x9CD2, 0x9CF3, 0x9CF4, 0x9D14, 0x9D35, 0x9D56, 0xA577, 0xA598, 0xA599, 0xA599, 0xA5BA, 0xA5BA, 0xA5BA,
    0xA5BA, 0xA5BA, 0xA5DB, 0x9DDB, 0x9DDB, 0x9DDB, 0x9DDB, 0x9DDB, 0x9DDB, 0x9DDB, 0x9DDB, 0x95DB, 0x95DC, 0x95DC, 0x95DC, 0x95DC,
    0x95DC, 0x95DC, 0x95DC, 0x9DDB, 0xA5DA, 0x93F0, 0xAC0F, 0xB42F, 0xB450, 0xBC70, 0xBC91, 0xC4B1, 0xC4D2, 0xC4F3, 0xC514, 0xC535,
    0xC535, 0xC556, 0xC556, 0xBD56, 0x9D79, 0x959B, 0x959B, 0x8D9B, 0x8D9B, 0x8D9B, 0x8D9C, 0x8D9C, 0x8D9C, 0x8D9C, 0x8D9C, 0x959C,
    0x95BC, 0x95BC, 0x95BC, 0x95BC, 0x95DC, 0x95DC, 0x95DC, 0x95DC, 0x95DD, 0x95FD, 0x95FD, 0x95FD, 0x8DFD, 0x8DFD, 0x8DFD, 0x95FD,
    0xA5FD, 0x9E1D, 0x95FD, 0x9DFD, 0xBE5D, 0xEFDF, 0xEFDF, 0xEFDF, 0xEFBF, 0xE79F, 0xDF7F, 0xD75F, 0xCF3E, 0xC73E, 0xBF1D, 0xB71D,
    0xB71C, 0xAF1C, 0xA71C, 0xA71C, 0xA6FB, 0xA71B, 0x9EFB, 0x9EFB, 0x9F1B, 0x9EFB, 0x9EFB, 0x9EFB, 0xA6FC, 0xA6FC, 0xAF1C, 0xB71C,
    0xBF1D, 0xC71D, 0xCF3E, 0xD75F, 0xDF7F, 0xE79F, 0xAEDF, 0x761E, 0x75FE, 0x761E, 0x75FE, 0x75FE, 0x75FE, 0x75FE, 0x75FE, 0x75DE,
    0x9EBF, 0x9EBF, 0x9EBF, 0x9EBF, 0x9EBF, 0x9EBF, 0x9EBF, 0x9EBF, 0x9EBF, 0x9EBF, 0x9EBF, 0x9EBF, 0x9EBF, 0x9EBF, 0x9EBF, 0x9EBF,
    0x9EBF, 0x9EBF, 0x9EBF, 0x9EBF, 0x9EBF, 0x9EBF, 0x9EBF, 0x9EBF, 0x9EBF, 0x9EBF, 0x9EBF, 0x9EBF, 0x9EBF, 0x9EBF, 0x9EBF, 0x9EBF,
    0x9EBF, 0x9EBF, 0x9EBF, 0x9EBF, 0x9EBF, 0x9EBF, 0x9EBF, 0x9EBF, 0x9EBF, 0x9EBF, 0x9EBF, 0x9EBF, 0x9EBF, 0x9EBF, 0x9EBF, 0x9EBF,
    0x9EBF, 0x9EBF, 0x9EBF, 0x9EBF, 0x9EBF, 0x9EBF, 0x9EBF, 0x9EBF, 0x9EBF, 0xA6BF, 0xB69E, 0xC69E, 0xD6DD, 0xD6DD, 0xD6DD, 0xCEDD,
    0xC69D, 0xD6BD, 0xCEBD, 0xD6BD, 0xCEBD, 0xCEBD, 0xCEBD, 0xCEBD, 0xCEBD, 0xCEBD, 0xCEBD, 0xCE9D, 0xCE9C, 0xCE9C, 0xCE9C, 0xCE9C,
    0xC69C, 0xC67C, 0xC67C, 0xC65B, 0xC65B, 0xC65B, 0xC63B, 0xC63B, 0xC63B, 0xC63B, 0xBE3A, 0xBE3A, 0xBE3A, 0xBE3A, 0xBE3A, 0xB63A,
    0xB63A, 0xEE98, 0xFED8, 0xFED7, 0xFEB7, 0xFEB6, 0xFE76, 0xFE55, 0xFE34, 0xF5F4, 0xEDD3, 0xE572, 0xDD32, 0xD4F1, 0xCCF1, 0xC512,
    0xBD13, 0xBD13, 0xA4D2, 0x9CD2, 0x94F3, 0x9CF4, 0x9D15, 0x9D36, 0x9D57, 0xA578, 0xA598, 0xA599, 0xA5B9, 0xA5BA, 0xA5BA, 0xA5BA,
    0xA5BA, 0xA5BB, 0xA5DB, 0xA5DB, 0xA5DB, 0x9DDB, 0x9DDB, 0x9DDB, 0x9DDB, 0x9DDB, 0x9DDC, 0x95DC, 0x95DC, 0x95DC, 0x95DC, 0x95DC,
    0x95DC, 0x95DC, 0x95DC, 0x95DB, 0x9DDB, 0x8C94, 0x8B8D, 0xAC0F, 0xB42F, 0xBC4F, 0xC470, 0xC490, 0xC4B1, 0xC4D2, 0xC4F3, 0xC514,
    0xC534, 0xC535, 0xC556, 0xC576, 0xBD76, 0x9D7A, 0x8D9B, 0x8D9B, 0x8D9B, 0x8D9B, 0x8D9B, 0x8D9C, 0x8D9C, 0x8D9C, 0x8D9C, 0x8D9C,
    0x95BC, 0x95BC, 0x95BC, 0x95BC, 0x95BC, 0x95DC, 0x95DC, 0x95DC, 0x95DD, 0x95FD, 0x95FD, 0x95FD, 0x8DFD, 0x8DFD, 0x8DFD, 0x95FD,
    0x9DFD, 0x9E1D, 0x95FD, 0x9DFD, 0xB63D, 0xEF9F, 0xEFDF, 0xEFDF, 0xEFDF, 0xE79F, 0xDF7F, 0xD75F, 0xD75E, 0xC73E, 0xBF3D, 0xBF1D,
    0xBF1D, 0xAF1C, 0xA71C, 0xA71C, 0xA6FB, 0x9EFB, 0x9EFB, 0x9EFB, 0x9F1B, 0x9EFB, 0x9EFB, 0xA6FB, 0xA6FB, 0xA6FC, 0xAF1C, 0xB71C,
    0xB71D, 0xBF1D, 0xC73E, 0xD73E, 0xDF7F, 0xE79F, 0xC73F, 0x761E, 0x761E, 0x761E, 0x75FE, 0x75FE, 0x75FE, 0x75FE, 0x75FE, 0x75DE,
    0x9EBF, 0x9EBF, 0x9EBF, 0x9EBF, 0x9EBF, 0x9EBF, 0x9EBF, 0x9EBF, 0x9EBF, 0x9EBF, 0x9EBF, 0x9EBF, 0x9EBF, 0x9EBF, 0x9EBF, 0x9EBF,
    0x9EBF, 0x9EBF, 0x9EBF, 0x9EBF, 0x9EBF, 0x9EBF, 0x9EBF, 0x9EBF, 0x9EBF, 0x9EBF, 0x9EBF, 0x9EBF, 0x9EBF, 0x9EBF, 0x9EBF, 0x9EBF,
    0x9EBF, 0x9EBF, 0x9EBF, 0x9EBF, 0x9EBF, 0x9EBF, 0x9EBF, 0x9EBF, 0x9EBF, 0x9EBF, 0x9EBF, 0x9EBF, 0x9EBF, 0x9EBF, 0x9EBF, 0x9EBF,
    0x9EBF, 0x9EBF, 0x9EBF, 0x9EBF, 0x9EBF, 0x9EBF, 0x9EBF, 0x9EBF, 0x9EBF, 0x9E7E, 0xBEBE, 0xCEBE, 0xD6DD, 0xD6DD, 0xD6DD, 0xCEBD,
    0xC69D, 0xD6DD, 0xCEBD, 0xD6DD, 0xCEBD, 0xCEBD, 0xCEBD, 0xCEBD, 0xCEBD, 0xCEBD, 0xCEBD, 0xCE9D, 0xCE9C, 0xCE9C, 0xCE9C, 0xCE9C,
    0xC67C, 0xC67C, 0xC67C, 0xC65B, 0xC65B, 0xC65B, 0xC65B, 0xC63B, 0xC63B, 0xC63B, 0xBE3A, 0xBE3A, 0xBE3A, 0xBE3A, 0xBE3A, 0xB63A,
    0xCE59, 0xFEB7, 0xFEB7, 0xFE96, 0xFE96, 0xFE75, 0xFE55, 0xFE14, 0xF5F4, 0xEDB3, 0xE572, 0xDD32, 0xCCF1, 0xCCF1, 0xC4F2, 0xBD13,
    0xBD33, 0xA4D2, 0x94B2, 0x94D3, 0x94F4, 0x94F5, 0x9D15, 0x9D36, 0x9D57, 0x9D78, 0xA599, 0xA599, 0xA5BA, 0xA5BA, 0xA5BA, 0xA5BA,
    0xA5DA, 0xA5DA, 0xA5DB, 0xA5DB, 0xA5DB, 0xA5FB, 0x9DDB, 0x9DDB, 0x9DDB, 0x9DDC, 0x9DDC, 0x9DFC, 0x95FC, 0x95DC, 0x95FC, 0x95FC,
    0x95DC, 0x95DC, 0x95DC, 0x95DC, 0x9DDB, 0x8CD6, 0x5BD1, 0x93CE, 0xAC0E, 0xBC2F, 0xC46F, 0xCC8F, 0xCCB0, 0xCCD1, 0xCCD1, 0xCCF2,
    0xCCF3, 0xC514, 0xC535, 0xC555, 0xC556, 0xBD77, 0x959A, 0x8D9B, 0x8D9B, 0x8D9B, 0x8D9B, 0x8D9B, 0x8D9C, 0x8D9C, 0x8D9C, 0x8DBC,
    0x8DBC, 0x8DBC, 0x8DBC, 0x8DBC, 0x8DBC, 0x8DBC, 0x95DC, 0x95DC, 0x95DC, 0x95DD, 0x95FD, 0x95FD, 0x8DFD, 0x8DFD, 0x8DFD, 0x95FD,
    0x9DFD, 0x9DFD, 0x95FD, 0x95FD, 0xB63D, 0xDF5F, 0xEFDF, 0xEFDF, 0xEFDF, 0xE7BF, 0xE77F, 0xDF5F, 0xD75E, 0xC73E, 0xBF1D, 0xB71D,
    0xBF1D, 0xB71C, 0xA71C, 0xA71C, 0xA6FC, 0xA6FC, 0xA6FB, 0xA6FC, 0x9EFB, 0xA6FB, 0xA6FC, 0xA6FC, 0xA6FC, 0xA6FC, 0xAF1C, 0xAF1C,
    0xB71C, 0xBF1D, 0xC71E, 0xCF3E, 0xDF5F, 0xE79F, 0xD77F, 0x7E1E, 0x75FE, 0x75FE, 0x75FE, 0x75FE, 0x75FE, 0x75FE, 0x75FE, 0x75FE,
    0x9EBF, 0x9EBF, 0x9EBF, 0x9EBF, 0x9EBF, 0x9EBF, 0x9EBF, 0x9EBF, 0x9EBF, 0x9EBF, 0x9EBF, 0x9EBF, 0x9EBF, 0x9EBF, 0x9EBF, 0x9EBF,
    0x9EBF, 0x9EBF, 0x9EBF, 0x9EBF, 0x9EBF, 0x9EBF, 0x9EBF, 0x9EBF, 0x9EBF, 0x9EBF, 0x9EBF, 0x9EBF, 0x9EBF, 0x9EBF, 0x9EBF, 0x9EBF,
    0x9EBF, 0x9EBF, 0x9EBF, 0x9EBF, 0x9EBF, 0x9EBF, 0x9EBF, 0x9EBF, 0x9EBF, 0x9EBF, 0x9EBF, 0x9EBF, 0x9EBF, 0x9EBF, 0x9EBF, 0x9EBF,
    0x9EBF, 0x9EBF, 0x9EBF, 0x9EBF, 0x9EBF, 0x9EBF, 0x9EBF, 0x9EBF, 0x9EBF, 0xA6BE, 0xC6BE, 0xCEBE, 0xD6DD, 0xD6DD, 0xCEDD, 0xCEBD,
    0xC6BD, 0xD6BD, 0xCEBD, 0xD6DD, 0xCEBD, 0xCEBD, 0xCEBD, 0xCEBD, 0xCE9D, 0xCE9D, 0xCE9D, 0xCE9C, 0xCE9C, 0xCE9C, 0xCE9C, 0xCE9C,
    0xCE7C, 0xC67C, 0xC67C, 0xC65B, 0xC65B, 0xC65B, 0xC65B, 0xC65B, 0xC65B, 0xC65B, 0xBE3B, 0xBE3A, 0xBE3A, 0xBE3A, 0xB63A, 0xB63A,
    0xEE97, 0xFE96, 0xFE96, 0xFE75, 0xFE55, 0xFE34, 0xFE14, 0xF5F3, 0xEDB3, 0xE572, 0xDD32, 0xCCF2, 0xC4F2, 0xC4F2, 0xC512, 0xBD33,
    0xACF3, 0x9491, 0x94B2, 0x94D3, 0x94F4, 0x9515, 0x9D36, 0x9D57, 0x9D58, 0x9D79, 0xA599, 0xA599, 0x9DBA, 0x9DBA, 0x9DBA, 0xA5DA,
    0xA5DA, 0xA5DB, 0xA5DB, 0xA5FB, 0xA5FB, 0xA5FB, 0x9DFB, 0x9DFC, 0x9DFC, 0x9DFC, 0x9DFC, 0x9DFC, 0x9DFC, 0x95FC, 0x95FC, 0x95FC,
    0x95DC, 0x95DC, 0x95DC, 0x95DC, 0x9DDB, 0x9538, 0x5BF2, 0x5BF2, 0x93AE, 0xB3EE, 0xC42E, 0xCC6E, 0xCC8F, 0xD48F, 0xD4B0, 0xD4F1,
    0xD512, 0xCD33, 0xCD34, 0xC535, 0xC555, 0xC576, 0xAD78, 0x8D9B, 0x8D9B, 0x8D9B, 0x8D9B, 0x8D9B, 0x8D9B, 0x8D9B, 0x8D9C, 0x8DBC,
    0x8DBC, 0x8DBC, 0x8DBC, 0x8DBC, 0x8DBC, 0x8DBC, 0x8DDC, 0x95DC, 0x95DC, 0x95DD, 0x95FD, 0x8DFD, 0x8DFD, 0x8DFD, 0x8DFD, 0x8DDD,
    0x9DFD, 0x9DFD, 0x95FD, 0x95FD, 0xAE1D, 0xCEDE, 0xEFDF, 0xEFDF, 0xEFDF, 0xEFBF, 0xE79F, 0xDF7F, 0xD75E, 0xC73E, 0xC73D, 0xBF1D,
    0xB71C, 0xAF1C, 0xA71C, 0xA6FB, 0xA6FB, 0x9EFB, 0x9EFB, 0x9EFB, 0xA6FB, 0xAEFC, 0xA6FC, 0xAEFC, 0xA71C, 0xAF1C, 0xAF1C, 0xAF1C,
    0xB71C, 0xBF1D, 0xC71E, 0xCF3E, 0xD75F, 0xDF7F, 0xE7BF, 0x863E, 0x761E, 0x75FE, 0x75FE, 0x75FE, 0x75FE, 0x75FE, 0x75FE, 0x75FE,
    0x9EBF, 0x9EBF, 0x9EBF, 0x9EBF, 0x9EBF, 0x9EBF, 0x9EBF, 0x9EBF, 0x9EBF, 0x9EBF, 0x9EBF, 0x9EBF, 0x9EBF, 0x9EBF, 0x9EBF, 0x9EBF,
    0x9EBF, 0x9EBF, 0x9EBF, 0x9EBF, 0x9EBF, 0x9EBF, 0x9EBF, 0x9EBF, 0x9EBF, 0x9EBF, 0x9EBF, 0x9EBF, 0x9EBF, 0x9EBF, 0x9EBF, 0x9EBF,
    0x9EBF, 0x9EBF, 0x9EBF, 0x9EBF, 0x9EBF, 0x9EBF, 0x9EBF, 0x9EBF, 0x9EBF, 0x9EBF, 0x9EBF, 0x9EBF, 0x9EBF, 0x9EBF, 0x9EBF, 0x9EBF,
    0x9EBF, 0x9EBF, 0x9EBF, 0x9EBF, 0x9EBF, 0x9EBF, 0x9EBF, 0x9EBF, 0x9EBF, 0xB6FE, 0xBE9E, 0xD6DD, 0xD6DD, 0xD6DD, 0xCEBD, 0xCEBD,
    0xCEBD, 0xD6BD, 0xD6BD, 0xD6DD, 0xCEBD, 0xCEBD, 0xCEBD, 0xCEBD, 0xCE9D, 0xCE9D, 0xCE9D, 0xCE9C, 0xCE9C, 0xCE9C, 0xCE9C, 0xCE9C,
    0xCE7C, 0xC67C, 0xC67C, 0xC65B, 0xC65B, 0xC65B, 0xC65B, 0xC65B, 0xC65B, 0xBE5B, 0xBE5B, 0xBE3B, 0xBE5A, 0xB63A, 0xB63A, 0xBE39,
    0xFE96, 0xFE76, 0xFE55, 0xFE34, 0xFE14, 0xFDF4, 0xF5D3, 0xEDB3, 0xE572, 0xDD32, 0xCCF2, 0xCCF2, 0xC4F2, 0xC512, 0xBD13, 0xACF3,
    0x9491, 0x94B1, 0x94D2, 0x94D4, 0x94F5, 0x9516, 0x9D37, 0x9D57, 0x9D78, 0x9D79, 0xA599, 0xA59A, 0xA5BA, 0xA5BA, 0xA5DA, 0xA5DA,
    0xA5FB, 0xA5FB, 0xA5FB, 0xA5FB, 0xA5FB, 0xA5FB, 0xA5FB, 0x9DFC, 0x9DFC, 0x9DFC, 0x9DFC, 0x9DFC, 0x9DFC, 0x9DDC, 0x9DDC, 0x9DDC,
    0x95DC, 0x95DC, 0x95DC, 0x9DFC, 0x9DDC, 0x9D9A, 0x7454, 0x4414, 0x5BF2, 0x9BAD, 0xB40D, 0xC42D, 0xCC2D, 0xE531, 0xEDD4, 0xE5D5,
    0xE5D5, 0xDDB6, 0xD596, 0xCD76, 0xC556, 0xC556, 0xC576, 0x9D9A, 0x8D9B, 0x8D9B, 0x8D9B, 0x8D9B, 0x8D9B, 0x8D9B, 0x8D9B, 0x8DBC,
    0x8DBC, 0x8DBC, 0x8DBC, 0x8DBC, 0x8DBC, 0x8DBC, 0x8DDC, 0x8DDC, 0x95DC, 0x95DD, 0x8DDD, 0x8DFD, 0x8DFD, 0x8DFD, 0x8DFD, 0x8DDD,
    0x9DFD, 0x9DFD, 0x95FD, 0x95FD, 0xA61D, 0xBE9E, 0xEFDF, 0xEFDF, 0xEFDF, 0xEFBF, 0xE79F, 0xDF7F, 0xD75F, 0xCF3E, 0xC73D, 0xBF1D,
    0xB71C, 0xAF1C, 0xA71C, 0xA6FC, 0xA6FB, 0x9EFB, 0x9EFB, 0x9EFB, 0x9EFB, 0xAEFC, 0xAEFC, 0xAEFC, 0xAEFC, 0xAEFC, 0xAEFC, 0xAF1C,
    0xB71C, 0xBF1D, 0xC71D, 0xCF3E, 0xD75F, 0xDF7F, 0xE79F, 0xB6FF, 0x761E, 0x75FE, 0x75FE, 0x75FE, 0x75FE, 0x75FE, 0x75DE, 0x75FE,
    0x9EBF, 0x9EBF, 0x9EBF, 0x9EBF, 0x9EBF, 0x9EBF, 0x9EBF, 0x9EBF, 0x9EBF, 0x9EBF, 0x9EBF, 0x9EBF, 0x9EBF, 0x9EBF, 0x9EBF, 0x9EBF,
    0x9EBF, 0x9EBF, 0x9EBF, 0x9EBF, 0x9EBF, 0x9EBF, 0x9EBF, 0x9EBF, 0x9EBF, 0x9EBF, 0x9EBF, 0x9EBF, 0x9EBF, 0x9EBF, 0x9EBF, 0x9EBF,
    0x9EBF, 0x9EBF, 0x9EBF, 0x9EBF, 0x9EBF, 0x9EBF, 0x9EBF, 0x9EBF, 0x9EBF, 0x9EBF, 0x9EBF, 0x9EBF, 0x9EBF, 0x9EBF, 0x9EBF, 0x9EBF,
    0x9EBF, 0x9EBF, 0x9EBF, 0x9EBF, 0x9EBF, 0x9EBF, 0x9EBF, 0x9EBF, 0x9EBF, 0xC71F, 0xBE7E, 0xD6DD, 0xCEBD, 0xCEBD, 0xCEBD, 0xC69D,
    0xCEBD, 0xD6BD, 0xD6BD, 0xD6DD, 0xCEBD, 0xCEBD, 0xCEBD, 0xCEBD, 0xCE9D, 0xCE9D, 0xCE9D, 0xCE9C, 0xCE9C, 0xCE9C, 0xCE9C, 0xCE9C,
    0xCE7C, 0xC67C, 0xC67C, 0xC67B, 0xC65B, 0xC65B, 0xC65B, 0xC65B, 0xC65B, 0xBE5B, 0xBE5B, 0xBE5B, 0xB65A, 0xB63A, 0xB63A, 0xC639,
    0xFE75, 0xFE55, 0xFE14, 0xFDF3, 0xFDF3, 0xF5B3, 0xED93, 0xE552, 0xDD32, 0xCCF1, 0xCCF2, 0xC4F2, 0xC512, 0xBD13, 0xB513, 0x9491,
    0x8C91, 0x8CB2, 0x94D3, 0x94F4, 0x9515, 0x9516, 0x9D37, 0x9D58, 0x9D79, 0x9D99, 0xA599, 0xA5BA, 0xA5DA, 0xA5DA, 0xADFB, 0xADFB,
    0xAE1B, 0xAE1B, 0xAE1B, 0xAE1B, 0xA61B, 0xA61B, 0xA61C, 0xA5FC, 0xA5FC, 0xA5FC, 0xA5FC, 0xA5DB, 0xA5DB, 0xA5DB, 0xA5DB, 0x9DDB,
    0x9DDB, 0x9DDB, 0x9DFB, 0x9DFC, 0x9DFB, 0x9DBB, 0x84B6, 0x4414, 0x3C14, 0x6BF1, 0xA38C, 0xB38B, 0xE571, 0xF635, 0xEE16, 0xEE16,
    0xE5D6, 0xDDB6, 0xD596, 0xCD76, 0xCD76, 0xC555, 0xC576, 0xAD78, 0x8D9B, 0x8D9B, 0x8D9B, 0x8D9B, 0x8D9B, 0x8D9B, 0x8D9C, 0x8D9C,
    0x8DBC, 0x8DBC, 0x8DBC, 0x8DBC, 0x8DBC, 0x8DBC, 0x8DBC, 0x8DDC, 0x8DDC, 0x8DDD, 0x8DDD, 0x8DDD, 0x8DFD, 0x8DFD, 0x8DDD, 0x8DDD,
    0x9DFD, 0x9DFD, 0x95FD, 0x95FE, 0x9E1D, 0xAE3D, 0xEFDF, 0xEFDF, 0xEFDF, 0xEFBF, 0xE79F, 0xDF7F, 0xD75F, 0xCF3E, 0xC73E, 0xBF1D,
    0xB71D, 0xAF1C, 0xAF1C, 0xA6FC, 0xA6FB, 0xA6FB, 0x9EFB, 0x9EFB, 0xA6FB, 0xA6FC, 0xAEFC, 0xAEFC, 0xB6FC, 0xAEFC, 0xAEFC, 0xAEFC,
    0xB71C, 0xBF1D, 0xC71D, 0xCF3E, 0xD73E, 0xDF5F, 0xE79F, 0xCF5F, 0x75FE, 0x75FE, 0x75FE, 0x75FE, 0x75FE, 0x75FE, 0x75FE, 0x75FE,
    0x9EBF, 0x9EBF, 0x9EBF, 0x9EBF, 0x9EBF, 0x9EBF, 0x9EBF, 0x9EBF, 0x9EBF, 0x9EBF, 0x9EBF, 0x9EBF, 0x9EBF, 0x9EBF, 0x9EBF, 0x9EBF,
    0x9EBF, 0x9EBF, 0x9EBF, 0x9EBF, 0x9EBF, 0x9EBF, 0x9EBF, 0x9EBF, 0x9EBF, 0x9EBF, 0x9EBF, 0x9EBF, 0x9EBF, 0x9EBF, 0x9EBF, 0x9EBF,
    0x9EBF, 0x9EBF, 0x9EBF, 0x9EBF, 0x9EBF, 0x9EBF, 0x9EBF, 0x9EBF, 0x9EBF, 0x9EBF, 0x9EBF, 0x9EBF, 0x9EBF, 0x9EBF, 0x9EBF, 0x9EBF,
    0x9EBF, 0x9EBF, 0x9EBF, 0x9EBF, 0x9EBF, 0x9EBF, 0x9EBF, 0x9EBF, 0xA6BF, 0xBEFE, 0xC69E, 0xD6DD, 0xCEBD, 0xCEBD, 0xCEBD, 0xC69D,
    0xCEBD, 0xD6BD, 0xD6DD, 0xD6DD, 0xCEDD, 0xCEBD, 0xCEBD, 0xCE9D, 0xCE9D, 0xCE9D, 0xCE9C, 0xCE9C, 0xCE9C, 0xCE9C, 0xCE9C, 0xCE9C,
    0xCE7C, 0xC67C, 0xC67C, 0xC67C, 0xC67B, 0xC65B, 0xC65B, 0xC65B, 0xBE5B, 0xBE5B, 0xBE5B, 0xB65B, 0xB65B, 0xB63A, 0xAE3A, 0xBE39,
    0xFE35, 0xFE14, 0xFDF3, 0xF5D3, 0xF5B2, 0xED72, 0xE552, 0xDD11, 0xCCF1, 0xCCF1, 0xC4F2, 0xC512, 0xBD13, 0xB513, 0x9CB1, 0x8C91,
    0x8CB2, 0x8CD3, 0x94F4, 0x94F5, 0x9516, 0x9D37, 0x9D58, 0x9D58, 0x9D79, 0x9D99, 0xA599, 0xA5BA, 0xADDA, 0xADFA, 0xAE1B, 0xAE1B,
    0xAE1B, 0xAE1B, 0xAE3B, 0xAE1B, 0xAE1B, 0xAE1B, 0xAE1B, 0xADFB, 0xADFB, 0xADDB, 0xADDA, 0xC5F9, 0xDE37, 0xE617, 0xDDF7, 0xCDD8,
    0xB5D9, 0x95BB, 0x85BB, 0x7D9B, 0x759B, 0x757B, 0x64D8, 0x4BF3, 0x4C35, 0x4C35, 0x83AE, 0xDD51, 0xF655, 0xF656, 0xEE36, 0xEE16,
    0xE5F6, 0xD5B6, 0xD596, 0xCD76, 0xC555, 0xCD75, 0xCD75, 0xBD77, 0x8D7B, 0x8D9B, 0x8D9B, 0x8D9B, 0x8D9B, 0x8D9B, 0x8D9C, 0x8D9C,
    0x8DBC, 0x8DBC, 0x8DBC, 0x8DBC, 0x8DBC, 0x8DBC, 0x8DBC, 0x8DDC, 0x8DDC, 0x8DDD, 0x8DDD, 0x8DDD, 0x8DFD, 0x8DFD, 0x8DDD, 0x8DDD,
    0x9DFD, 0x9DFD, 0x95FD, 0x8DFE, 0x9E1E, 0xAE3D, 0xDF7F, 0xEFDF, 0xEFDF, 0xEFBF, 0xE7BF, 0xE77F, 0xDF5F, 0xCF3E, 0xC73E, 0xBF1D,
    0xB71D, 0xAF1C, 0xAF1C, 0xA6FC, 0xA6FC, 0xA6FB, 0xA6FB, 0xA6FB, 0xA6FB, 0xAEFC, 0xB6FC, 0xB6FC, 0xAEFC, 0xAEFC, 0xAEFC, 0xB6FC,
    0xB71D, 0xBF1D, 0xC71D, 0xCF3E, 0xD73E, 0xDF5F, 0xDF7F, 0xDF7F, 0x75FE, 0x75FE, 0x75FE, 0x761E, 0x75FE, 0x75FE, 0x75FE, 0x75FE,
    0x9EBF, 0x9EBF, 0x9EBF, 0x9EBF, 0x9EBF, 0x9EBF, 0x9EBF, 0x9EBF, 0x9EBF, 0x9EBF, 0x9EBF, 0x9EBF, 0x9EBF, 0x9EBF, 0x9EBF, 0x9EBF,
    0x9EBF, 0x9EBF, 0x9EBF, 0x9EBF, 0x9EBF, 0x9EBF, 0x9EBF, 0x9EBF, 0x9EBF, 0x9EBF, 0x9EBF, 0x9EBF, 0x9EBF, 0x9EBF, 0x9EBF, 0x9EBF,
    0x9EBF, 0x9EBF, 0x9EBF, 0x9EBF, 0x9EBF, 0x9EBF, 0x9EBF, 0x9EBF, 0x9EBF, 0x9EBF, 0x9EBF, 0x9EBF, 0x9EBF, 0x9EBF, 0x9EBF, 0x9EBF,
    0x9EBF, 0x9EBF, 0x9EBF, 0x9EBF, 0x9EBF, 0x9EBF, 0x9EBF, 0x9EBF, 0xA6BE, 0xB69E, 0xCEBE, 0xD6DD, 0xCEBD, 0xCEBD, 0xCEBD, 0xC69D,
    0xD6BD, 0xCEBD, 0xD6DD, 0xD6DD, 0xCEDD, 0xCEBD, 0xCEBD, 0xCE9D, 0xCE9D, 0xCE9C, 0xCE9C, 0xCE9C, 0xCE9C, 0xCE9C, 0xCE9C, 0xCE9C,
    0xCE7C, 0xCE7C, 0xC67C, 0xC67B, 0xC67B, 0xC67B, 0xC67B, 0xC67B, 0xBE5B, 0xBE5B, 0xB65B, 0xB65B, 0xB65A, 0xAE3A, 0xAE3A, 0xAE1A,
    0xF615, 0xFDD3, 0xF5B2, 0xF572, 0xED51, 0xE531, 0xDCF1, 0xD4F1, 0xCCF1, 0xC4F2, 0xC512, 0xC513, 0xBD13, 0xA4D2, 0x9491, 0x8CB1,
    0x8CB2, 0x8CD3, 0x94D4, 0x94F5, 0x9516, 0x9516, 0x9537, 0x9D58, 0x9D78, 0x9D79, 0x9D99, 0x9D99, 0xA5BA, 0xA5DA, 0xA5FA, 0xA5FB,
    0xA61B, 0xA61B, 0xA61B, 0xA61B, 0xA61B, 0xA61B, 0x9E1B, 0x9DFB, 0x9DFB, 0xA5DA, 0xDE37, 0xFE55, 0xFE15, 0xF5D4, 0xF5B4, 0xEDB5,
    0xEDB5, 0xDDB6, 0xB5B8, 0x859B, 0x6D7C, 0x657C, 0x6D5C, 0x5C97, 0x43D2, 0x4C13, 0xBD74, 0xFE55, 0xF676, 0xF656, 0xEE36, 0xE616,
    0xDDD6, 0xD5B6, 0xCD96, 0xCD75, 0xCD75, 0xCD75, 0xCD75, 0xBD76, 0x8D7A, 0x8D9B, 0x8D9B, 0x8D9B, 0x8D9B, 0x8D9C, 0x8D9C, 0x8DBC,
    0x8DBC, 0x8DBC, 0x8DBC, 0x8DBC, 0x8DBC, 0x8DBC, 0x8DBC, 0x8DBC, 0x8DDC, 0x8DDD, 0x8DDD, 0x8DDD, 0x8DDD, 0x8DDD, 0x8DDD, 0x8DDD,
    0x9DFD, 0x9DFD, 0x95FD, 0x8DFE, 0x961E, 0xA61D, 0xCF1F, 0xEFDF, 0xEFDF, 0xEFDF, 0xEFBF, 0xE79F, 0xDF7F, 0xD75F, 0xCF3E, 0xC71D,
    0xB71D, 0xB71C, 0xAF1C, 0xAEFC, 0xA6FC, 0xA6FC, 0xA6FC, 0xA6FC, 0xAEFC, 0xAEFC, 0xB6FC, 0xB6FC, 0xAEFC, 0xB6FC, 0xB6FC, 0xB71D,
    0xBF1D, 0xC71D, 0xC71D, 0xCF3E, 0xD73E, 0xDF5F, 0xDF7F, 0xE79F, 0x75FE, 0x761E, 0x75FE, 0x75FE, 0x75FE, 0x75FE, 0x75FE, 0x75FE,
    0x9EBF, 0x9EBF, 0x9EBF, 0x9EBF, 0x9EBF, 0x9EBF, 0x9EBF, 0x9EBF, 0x9EBF, 0x9EBF, 0x9EBF, 0x9EBF, 0x9EBF, 0x9EBF, 0x9EBF, 0x9EBF,
    0x9EBF, 0x9EBF, 0x9EBF, 0x9EBF, 0x9EBF, 0x9EBF, 0x9EBF, 0x9EBF, 0x9EBF, 0x9EBF, 0x9EBF, 0x9EBF, 0x9EBF, 0x9EBF, 0x9EBF, 0x9EBF,
    0x9EBF, 0x9EBF, 0x9EBF, 0x9EBF, 0x9EBF, 0x9EBF, 0x9EBF, 0x9EBF, 0x9EBF, 0x9EBF, 0x9EBF, 0x9EBF, 0x9EBF, 0x9EBF, 0x9EBF, 0x9EBF,
    0x9EBF, 0x9EBF, 0x9EBF, 0x9EBF, 0x9EBF, 0x9EBF, 0x9EBF, 0x9EBF, 0xAEBE, 0xC6BE, 0xCEBE, 0xD6DD, 0xCEBD, 0xCEBD, 0xCEBD, 0xC6BD,
    0xD6DD, 0xCEBD, 0xD6DD, 0xD6DD, 0xCEDD, 0xCEBD, 0xCEBD, 0xCE9D, 0xCE9D, 0xCE9C, 0xCE9C, 0xCE9C, 0xCE9C, 0xCE9C, 0xCE9C, 0xCE9C,
    0xCE7C, 0xCE7C, 0xC67C, 0xC67C, 0xC67B, 0xC67B, 0xC67B, 0xBE7B, 0xBE5B, 0xBE5B, 0xB65B, 0xB65B, 0xAE5B, 0xAE3A, 0xA63A, 0xA61A,
    0xCDF7, 0xF5B3, 0xED71, 0xED31, 0xE510, 0xDCF0, 0xD4D0, 0xCCF1, 0xC4F1, 0xC512, 0xC512, 0xBD13, 0x9CD2, 0x8C71, 0x8471, 0x8492,
    0x84B5, 0x84F6, 0x8CF6, 0x8CF7, 0x9538, 0x9559, 0x957A, 0x8D9A, 0x8D9A, 0x959A, 0xA5FA, 0xB63B, 0xBE5B, 0xB67C, 0xB67C, 0xB67C,
    0xAE7C, 0xA65C, 0xA65C, 0xAE7C, 0xB69C, 0xB67C, 0xA65D, 0x963D, 0x9E1C, 0xD638, 0xFE34, 0xFDB2, 0xFDD3, 0xFDD3, 0xFDD3, 0xF5B4,
    0xED94, 0xE594, 0xE5B5, 0xC597, 0x8D9B, 0x6D7C, 0x5D5C, 0x6D5B, 0x5C55, 0x94B2, 0xFE55, 0xFE76, 0xF656, 0xF636, 0xEE36, 0xE5F6,
    0xDDD6, 0xD596, 0xCD76, 0xC575, 0xCD75, 0xCD75, 0xCD75, 0xBD77, 0x8D7A, 0x8D9B, 0x8D9B, 0x8D9B, 0x8D9B, 0x8D9C, 0x8D9C, 0x8DBC,
    0x8DBC, 0x8DBC, 0x8DBC, 0x8DBC, 0x8DBC, 0x8DBC, 0x8DBC, 0x8DBC, 0x8DDC, 0x8DDC, 0x8DDD, 0x8DDD, 0x8DDD, 0x8DDD, 0x8DDD, 0x8DDD,
    0x95DD, 0x9DFD, 0x95FD, 0x8DFD, 0x961E, 0xA61D, 0xB69E, 0xEFDF, 0xEFDF, 0xEFDF, 0xEFBF, 0xE79F, 0xDF7F, 0xD75F, 0xCF3E, 0xC73E,
    0xBF1D, 0xB71D, 0xAF1C, 0xAEFC, 0xAEFC, 0xAEFC, 0xAEFC, 0xAEFC, 0xAEFC, 0xAEFC, 0xB6FC, 0xB6FC, 0xB6FC, 0xB6FC, 0xB71D, 0xBF1D,
    0xC71D, 0xC71D, 0xCF1E, 0xCF3E, 0xD73E, 0xDF5F, 0xE79F, 0xCF5F, 0x75FE, 0x75FE, 0x75FE, 0x75FE, 0x75DE, 0x75FE, 0x75DE, 0x75DE,
    0x9EBF, 0x9EBF, 0x9EBF, 0x9EBF, 0x9EBF, 0x9EBF, 0x9EBF, 0x9EBF, 0x9EBF, 0x9EBF, 0x9EBF, 0x9EBF, 0x9EBF, 0x9EBF, 0x9EBF, 0x9EBF,
    0x9EBF, 0x9EBF, 0x9EBF, 0x9EBF, 0x9EBF, 0x9EBF, 0x9EBF, 0x9EBF, 0x9EBF, 0x9EBF, 0x9EBF, 0x9EBF, 0x9EBF, 0x9EBF, 0x9EBF, 0x9EBF,
    0x9EBF, 0x9EBF, 0x9EBF, 0x9EBF, 0x9EBF, 0x9EBF, 0x9EBF, 0x9EBF, 0x9EBF, 0x9EBF, 0x9EBF, 0x9EBF, 0x9EBF, 0x9EBF, 0x9EBF, 0x9EBF,
    0x9EBF, 0x9EBF, 0x9EBF, 0x9EBF, 0x9EBF, 0x9EBF, 0x9EBF, 0x9EBF, 0xBEFE, 0xC6BE, 0xCEBE, 0xD6DD, 0xCEBD, 0xCEBD, 0xC6BD, 0xCEBD,
    0xD6BD, 0xD6BD, 0xD6DD, 0xD6DD, 0xCEBD, 0xCEBD, 0xCEBD, 0xCE9D, 0xCE9D, 0xCE9C, 0xCE9C, 0xCE9C, 0xCE9C, 0xCE9C, 0xCE9C, 0xCE9C,
    0xCE9C, 0xCE7C, 0xC67C, 0xC67B, 0xC67B, 0xC67B, 0xC67B, 0xBE7B, 0xBE7B, 0xB65B, 0xB65B, 0xAE5B, 0xAE5B, 0xA63A, 0xA63A, 0x9E1A,
    0xA5F9, 0xDD94, 0xE552, 0xE511, 0xDCF0, 0xD4D1, 0xCCF1, 0xCCF1, 0xC512, 0xC512, 0xB512, 0x9CD2, 0x8CB2, 0x8C92, 0x8493, 0x84F5,
    0x8517, 0x8517, 0x84F7, 0x8D17, 0x9559, 0x959A, 0x8DBA, 0x85BA, 0x959A, 0xB61A, 0xC69B, 0xCEBB, 0xC6BC, 0xBE9C, 0xBE9C, 0xB69C,
    0xAE7C, 0x9E5C, 0x9E5C, 0xBE9C, 0xCEBC, 0xC6BC, 0xAE7C, 0x961C, 0x9E1B, 0xF613, 0xFD70, 0xFE34, 0xFE55, 0xF615, 0xEDF5, 0xEDB5,
    0xE5B5, 0xE5B5, 0xE5B5, 0xDDB6, 0xCD76, 0x957A, 0x6D5B, 0x5D1A, 0x84D5, 0xF635, 0xFE75, 0xF656, 0xF656, 0xEE36, 0xE616, 0xDDD6,
    0xD5B6, 0xCD76, 0xC575, 0xC555, 0xCD75, 0xCD75, 0xCD75, 0xAD78, 0x8D9B, 0x859B, 0x859B, 0x8D9B, 0x8D9C, 0x8D9C, 0x8DBC, 0x8DBC,
    0x8DBC, 0x8DBC, 0x8DBC, 0x8DBC, 0x8DBC, 0x8DBC, 0x8DBC, 0x8DBC, 0x8DBC, 0x8DDC, 0x8DDD, 0x8DDD, 0x8DDD, 0x8DDD, 0x8DDD, 0x8DDD,
    0x95FD, 0x9DFD, 0x95FD, 0x8DFD, 0x95FE, 0x9E1D, 0xA63E, 0xEFDF, 0xEFDF, 0xEFDF, 0xEFBF, 0xE7BF, 0xDF7F, 0xD75F, 0xCF3E, 0xC73E,
    0xBF1D, 0xB71D, 0xB71C, 0xB6FC, 0xAEFC, 0xAEFC, 0xAEFC, 0xAEFC, 0xB6FC, 0xB6FC, 0xB6FC, 0xBEFD, 0xBEFD, 0xBF1D, 0xBF1D, 0xC71D,
    0xC71E, 0xCF1E, 0xCF1E, 0xD73E, 0xD75F, 0xDF7F, 0xBF1F, 0x865E, 0x75FE, 0x75FE, 0x75FE, 0x75DE, 0x75FE, 0x75FE, 0x75DE, 0x75DE,
    0x9EBF, 0x9EBF, 0x9EBF, 0x9EBF, 0x9EBF, 0x9EBF, 0x9EBF, 0x9EBF, 0x9EBF, 0x9EBF, 0x9EBF, 0x9EBF, 0x9EBF, 0x9EBF, 0x9EBF, 0x9EBF,
    0x9EBF, 0x9EBF, 0x9EBF, 0x9EBF, 0x9EBF, 0x9EBF, 0x9EBF, 0x9EBF, 0x9EBF, 0x9EBF, 0x9EBF, 0x9EBF, 0x9EBF, 0x9EBF, 0x9EBF, 0x9EBF,
    0x9EBF, 0x9EBF, 0x9EBF, 0x9EBF, 0x9EBF, 0x9EBF, 0x9EBF, 0x9EBF, 0x9EBF, 0x9EBF, 0x9EBF, 0x9EBF, 0x9EBF, 0x9EBF, 0x9EBF, 0x9EBF,
    0x9EBF, 0x9EBF, 0x9EBF, 0x9EBF, 0x9EBF, 0x9EBF, 0x9EBF, 0x9EBF, 0xC73E, 0xC69E, 0xCEBD, 0xD6DD, 0xCEBD, 0xCEBD, 0xC6BD, 0xCEBD,
    0xCEBD, 0xD6DD, 0xD6DD, 0xD6DD, 0xCEBD, 0xCEBD, 0xCEBD, 0xCEBD, 0xCE9D, 0xCE9C, 0xCE9C, 0xCE9C, 0xCE9C, 0xCE9C, 0xCE9C, 0xCE9C,
    0xCE9C, 0xCE7C, 0xCE7C, 0xC67B, 0xC67B, 0xC67B, 0xBE7B, 0xBE7B, 0xBE5B, 0xB67B, 0xB65B, 0xAE5B, 0xAE3B, 0xA63B, 0x9E3A, 0x9E1A,
    0x961A, 0xA5F9, 0xCD74, 0xDD32, 0xD512, 0xD512, 0xCD32, 0xCD32, 0xC532, 0xAD13, 0x94F3, 0x8CD2, 0x8CB2, 0x8C92, 0x84F5, 0x8517,
    0x7D18, 0x84F7, 0x8CF7, 0x9558, 0x959A, 0x95DA, 0x8DDB, 0x95DA, 0xB61A, 0xD6BA, 0xD6DB, 0xD6DC, 0xC6BC, 0xBEBC, 0xBE9C, 0xB69C,
    0xA67C, 0x965C, 0x9E5C, 0xBEBB, 0xD6FB, 0xCEBC, 0xBE9C, 0x9E3C, 0xA5FB, 0xFDD1, 0xFD70, 0xFE33, 0xF5B3, 0xF572, 0xF5B3, 0xF5F5,
    0xEDF5, 0xEDD5, 0xE5B5, 0xDD95, 0xD596, 0xCD76, 0x9D58, 0x7518, 0xDDF5, 0xF655, 0xF655, 0xF636, 0xEE36, 0xE616, 0xDDD6, 0xD5B6,
    0xCD96, 0xC575, 0xC555, 0xCD75, 0xCD75, 0xCD75, 0xBD76, 0x8D9A, 0x859B, 0x859B, 0x859B, 0x8D9B, 0x8D9B, 0x8D9C, 0x8DBC, 0x8DBC,
    0x8DBC, 0x8DBC, 0x8DBC, 0x8DBC, 0x8DBC, 0x8DBC, 0x8DBC, 0x8DBC, 0x8DBC, 0x8DDC, 0x8DDD, 0x8DDD, 0x8DDD, 0x8DDD, 0x8DDD, 0x8DDD,
    0x95DD, 0x9DFD, 0x95FD, 0x8DFD, 0x8E1E, 0x9E1D, 0x9E1E, 0xD75F, 0xEFDF, 0xEFDF, 0xEFBF, 0xE7BF, 0xDF9F, 0xDF5F, 0xD73E, 0xCF3E,
    0xC71D, 0xBF1D, 0xB71D, 0xB71C, 0xB6FC, 0xB6FC, 0xB6FC, 0xB6FC, 0xB6FC, 0xB6FD, 0xBF1D, 0xBF1D, 0xBF1D, 0xC71D, 0xC71D, 0xCF1E,
    0xCF1E, 0xCF3E, 0xD73F, 0xD75F, 0xCF3F, 0x967E, 0x761E, 0x75FE, 0x75FE, 0x75FE, 0x75FE, 0x75FE, 0x75FE, 0x75FE, 0x75DE, 0x75DE,
    0x9EBF, 0x9EBF, 0x9EBF, 0x9EBF, 0x9EBF, 0x9EBF, 0x9EBF, 0x9EBF, 0x9EBF, 0x9EBF, 0x9EBF, 0x9EBF, 0x9EBF, 0x9EBF, 0x9EBF, 0x9EBF,
    0x9EBF, 0x9EBF, 0x9EBF, 0x9EBF, 0x9EBF, 0x9EBF, 0x9EBF, 0x9EBF, 0x9EBF, 0x9EBF, 0x9EBF, 0x9EBF, 0x9EBF, 0x9EBF, 0x9EBF, 0x9EBF,
    0x9EBF, 0x9EBF, 0x9EBF, 0x9EBF, 0x9EBF, 0x9EBF, 0x9EBF, 0x9EBF, 0x9EBF, 0x9EBF, 0x9EBF, 0x9EBF, 0x9EBF, 0x9EBF, 0x9EBF, 0x9EBF,
    0x9EBF, 0x9EBF, 0x9EBF, 0x9EBF, 0x9EBF, 0x9EBF, 0x9EBF, 0xA6BE, 0xBEBE, 0xC6BE, 0xCEBD, 0xD6DD, 0xCEBD, 0xCEBD, 0xC6BD, 0xD6DD,
    0xCEBD, 0xD6DD, 0xD6DD, 0xD6DD, 0xCEBD, 0xCEBD, 0xCEBD, 0xCEBD, 0xCE9D, 0xCE9C, 0xCE9C, 0xCE9C, 0xCE9C, 0xCE9C, 0xCE9C, 0xCE9C,
    0xCE9C, 0xCE7C, 0xC67C, 0xC67B, 0xC67B, 0xC67B, 0xBE7B, 0xBE7B, 0xB67B, 0xB67B, 0xB65B, 0xAE5B, 0xA63B, 0xA63B, 0x9E3A, 0x9E1A,
    0x961A, 0x95FA, 0x95FA, 0xA5B8, 0xB596, 0xB595, 0xAD95, 0x9D96, 0x9597, 0x9514, 0x8CD3, 0x8CB2, 0x8CB3, 0x84F5, 0x7D17, 0x7538,
    0x7CF7, 0x84D6, 0x9D78, 0xAE1A, 0xA63B, 0x9E3B, 0x9E3B, 0xBE7A, 0xD6BA, 0xDEFB, 0xDEFC, 0xD6DC, 0xC6BC, 0xB6BC, 0xB69C, 0xB69C,
    0x9E7C, 0x8E5C, 0x9E5C, 0xBE9B, 0xE71B, 0xD6DB, 0xC6BB, 0xAE5B, 0x9DFA, 0xDD52, 0xFD90, 0xFDB1, 0xFD70, 0xFE75, 0xF615, 0xEDB4,
    0xE574, 0xDD54, 0xDD54, 0xD575, 0xD596, 0xCD96, 0xC556, 0xC556, 0xE5B4, 0xEDF5, 0xEE15, 0xEE16, 0xE616, 0xDDD6, 0xD5B6, 0xCD76,
    0xC575, 0xC555, 0xC575, 0xCD75, 0xCD75, 0xC576, 0x9D79, 0x8D9B, 0x859B, 0x859B, 0x8D9B, 0x8D9B, 0x8D9B, 0x8DBC, 0x8DBC, 0x8DBC,
    0x8DBC, 0x8DBC, 0x8DBC, 0x8DBC, 0x8DBC, 0x8DBC, 0x8DBC, 0x8DBC, 0x8DDC, 0x8DDD, 0x8DDD, 0x8DDD, 0x8DDD, 0x8DDD, 0x8DDD, 0x8DDD,
    0x95DD, 0x9DFD, 0x95FD, 0x8DFD, 0x8DFE, 0x9E1D, 0x9E1E, 0xAE7E, 0xEFDF, 0xEFDF, 0xEFDF, 0xEFBF, 0xE79F, 0xDF7F, 0xD75F, 0xCF3E,
    0xC73E, 0xBF1D, 0xBF1D, 0xB71D, 0xB6FD, 0xBEFD, 0xBEFD, 0xBEFD, 0xBF1D, 0xBF1D, 0xC71D, 0xC71D, 0xCF1E, 0xCF1E, 0xCF1E, 0xD73E,
    0xD77F, 0xCF7F, 0xC73F, 0x865E, 0x7E1E, 0x75FE, 0x761E, 0x75FE, 0x75FE, 0x75FE, 0x75FE, 0x75FE, 0x75FE, 0x75FE, 0x75DE, 0x75FE,
    0x9EBF, 0x9EBF, 0x9EBF, 0x9EBF, 0x9EBF, 0x9EBF, 0x9EBF, 0x9EBF, 0x9EBF, 0x9EBF, 0x9EBF, 0x9EBF, 0x9EBF, 0x9EBF, 0x9EBF, 0x9EBF,
    0x9EBF, 0x9EBF, 0x9EBF, 0x9EBF, 0x9EBF, 0x9EBF, 0x9EBF, 0x9EBF, 0x9EBF, 0x9EBF, 0x9EBF, 0x9EBF, 0x9EBF, 0x9EBF, 0x9EBF, 0x9EBF,
    0x9EBF, 0x9EBF, 0x9EBF, 0x9EBF, 0x9EBF, 0x9EBF, 0x9EBF, 0x9EBF, 0x9EBF, 0x9EBF, 0x9EBF, 0x9EBF, 0x9EBF, 0x9EBF, 0x9EBF, 0x9EBF,
    0x9EBF, 0x9EBF, 0x9EBF, 0x9EBF, 0x9EBF, 0x9EBF, 0x9EBF, 0xAEBE, 0xB69E, 0xC6BE, 0xD6DD, 0xD6DD, 0xCEBD, 0xCEBD, 0xC6BD, 0xD6DD,
    0xD6DD, 0xD6DD, 0xD6DD, 0xD6DD, 0xCEBD, 0xCEBD, 0xCEBD, 0xCEBD, 0xCE9D, 0xCE9C, 0xCE9C, 0xCE9C, 0xCE9C, 0xCE9C, 0xCE9C, 0xCE9C,
    0xCE9C, 0xCE7C, 0xC67C, 0xC67B, 0xC67B, 0xC67B, 0xBE7B, 0xBE7B, 0xB67B, 0xB65B, 0xAE5B, 0xAE5B, 0xA63B, 0xA63A, 0x9E3A, 0x9E1A,
    0x961A, 0x8DFA, 0x8DFA, 0x85FA, 0x85FA, 0x7DFA, 0x7DDA, 0x85B9, 0x9535, 0x8CD3, 0x8CB2, 0x8CB3, 0x84F5, 0x7537, 0x6D38, 0x7518,
    0x7CF7, 0xB5D8, 0xC69A, 0xB67B, 0xA67C, 0x9E5B, 0xB69B, 0xD6DB, 0xDEDB, 0xDEFB, 0xDEFC, 0xCEDC, 0xC6BC, 0xB6BC, 0xB6BC, 0xAE9C,
    0x967C, 0x8E5C, 0x9E7C, 0xB69B, 0xEF3B, 0xDEFB, 0xCE9A, 0xBE59, 0xA5D8, 0x9556, 0xDD92, 0xFD0E, 0xFDF2, 0xF5B2, 0xECEF, 0xEC4C,
    0xE40C, 0xE48F, 0xE511, 0xE554, 0xDD75, 0xD596, 0xC576, 0xC556, 0xC555, 0xD575, 0xE5D5, 0xE5F6, 0xDDD6, 0xD5B6, 0xCD75, 0xCD55,
    0xC555, 0xC555, 0xC575, 0xC575, 0xC575, 0xA578, 0x8D9A, 0x859B, 0x859B, 0x859B, 0x8D9B, 0x8D9B, 0x8DBC, 0x8DBC, 0x8DBC, 0x8DBC,
    0x8DBC, 0x8DBC, 0x8DBC, 0x8DBC, 0x8DBC, 0x8DBC, 0x8DBC, 0x8DBC, 0x8DDC, 0x8DDC, 0x8DDD, 0x8DDD, 0x8DDD, 0x8DDD, 0x8DDD, 0x8DDD,
    0x95DD, 0x9DFD, 0x95FD, 0x8DFD, 0x8DFE, 0x9E1D, 0x961E, 0x961E, 0xCF3F, 0xEFDF, 0xEFBF, 0xEFBF, 0xE79F, 0xDF7F, 0xD75F, 0xCF3E,
    0xCF3E, 0xC71D, 0xBF1D, 0xBF1D, 0xBF1D, 0xBF1D, 0xBF1D, 0xC71D, 0xC71D, 0xC71D, 0xCF1E, 0xCF1E, 0xD75F, 0xD75F, 0xD77F, 0xBF1F,
    0x969F, 0x7E3E, 0x761E, 0x761E, 0x761E, 0x761E, 0x75FE, 0x75FE, 0x75FE, 0x75FE, 0x75FE, 0x75FE, 0x75DE, 0x75DE, 0x75DE, 0x75DE,
    0x9EBF, 0x9EBF, 0x9EBF, 0x9EBF, 0x9EBF, 0x9EBF, 0x9EBF, 0x9EBF, 0x9EBF, 0x9EBF, 0x9EBF, 0x9EBF, 0x9EBF, 0x9EBF, 0x9EBF, 0x9EBF,
    0x9EBF, 0x9EBF, 0x9EBF, 0x9EBF, 0x9EBF, 0x9EBF, 0x9EBF, 0x9EBF, 0x9EBF, 0x9EBF, 0x9EBF, 0x9EBF, 0x9EBF, 0x9EBF, 0x9EBF, 0x9EBF,
    0x9EBF, 0x9EBF, 0x9EBF, 0x9EBF, 0x9EBF, 0x9EBF, 0x9EBF, 0x9EBF, 0x9EBF, 0x9EBF, 0x9EBF, 0x9EBF, 0x9EBF, 0x9EBF, 0x9EBF, 0x9EBF,
    0x9EBF, 0x9EBF, 0x9EBF, 0x9EBF, 0x9EBF, 0x9EBF, 0x9EBF, 0xB6BE, 0xBE9E, 0xCEBE, 0xD6DD, 0xD6DD, 0xCEBD, 0xCEBD, 0xCEBD, 0xD6DD,
    0xD6DD, 0xD6DD, 0xD6DD, 0xD6DD, 0xCEBD, 0xCEBD, 0xCEBD, 0xCEBD, 0xCE9D, 0xCE9C, 0xCE9C, 0xCE9C, 0xCE9C, 0xCE9C, 0xCE9C, 0xCE9C,
    0xCE9C, 0xCE9C, 0xC67C, 0xC67B, 0xC67B, 0xBE7B, 0xBE7B, 0xB67B, 0xB67B, 0xB65B, 0xAE5B, 0xAE5B, 0xA63B, 0xA63A, 0x9E1A, 0x9E1A,
    0x961A, 0x8DFA, 0x8DFA, 0x85FA, 0x85FA, 0x7DDA, 0x8DD9, 0x9D96, 0x8CD3, 0x8CB3, 0x8CD4, 0x8516, 0x7537, 0x6D38, 0x6D18, 0x74F7,
    0xBE18, 0xD6DB, 0xBEBB, 0xAE9C, 0xA69C, 0xA67C, 0xC6DB, 0xD6DA, 0xDEFB, 0xDF1B, 0xD6FC, 0xCEDC, 0xBEBC, 0xB6BC, 0xB6BC, 0xAE9C,
    0x967C, 0x8E5C, 0x9E7C, 0xB69C, 0xDF1B, 0xE6FA, 0xCE99, 0xC659, 0xADF7, 0x9576, 0xBD53, 0xED0F, 0xFD91, 0xF48D, 0xEBEA, 0xED30,
    0xF5F5, 0xF616, 0xEDD6, 0xDD96, 0xD596, 0xCD76, 0xC576, 0xC576, 0xC556, 0xC556, 0xCD75, 0xD595, 0xD595, 0xCD75, 0xC555, 0xC555,
    0xC555, 0xC555, 0xC575, 0xC575, 0xAD77, 0x857A, 0x857A, 0x857B, 0x857B, 0x859B, 0x8D9B, 0x8D9B, 0x8D9B, 0x8DBC, 0x8DBC, 0x8DBC,
    0x8DBC, 0x8DBC, 0x8DDC, 0x8DDC, 0x8DBC, 0x8DBC, 0x8DBC, 0x8DBC, 0x8DDC, 0x8DDC, 0x8DDD, 0x8DDD, 0x8DDD, 0x8DDD, 0x8DDD, 0x8DDD,
    0x95DD, 0x9DFD, 0x95FD, 0x8DFD, 0x8DFE, 0x9E1E, 0x961E, 0x961E, 0x961E, 0xD73F, 0xEFDF, 0xEFBF, 0xE79F, 0xDF7F, 0xD75F, 0xD73F,
    0xCF3E, 0xCF3E, 0xC71E, 0xC71D, 0xC71D, 0xC71D, 0xC71E, 0xCF1E, 0xCF1E, 0xCF3E, 0xD75F, 0xD75F, 0xA6BE, 0x7E3E, 0x7E3E, 0x761E,
    0x761E, 0x761E, 0x761E, 0x761E, 0x761E, 0x75FE, 0x761E, 0x75FE, 0x75FE, 0x75FE, 0x75FE, 0x75FE, 0x75FE, 0x75FE, 0x75FE, 0x75DE,
    0x9EBF, 0x9EBF, 0x9EBF, 0x9EBF, 0x9EBF, 0x9EBF, 0x9EBF, 0x9EBF, 0x9EBF, 0x9EBF, 0x9EBF, 0x9EBF, 0x9EBF, 0x9EBF, 0x9EBF, 0x9EBF,
    0x9EBF, 0x9EBF, 0x9EBF, 0x9EBF, 0x9EBF, 0x9EBF, 0x9EBF, 0x9EBF, 0x9EBF, 0x9EBF, 0x9EBF, 0x9EBF, 0x9EBF, 0x9EBF, 0x9EBF, 0x9EBF,
    0x9EBF, 0x9EBF, 0x9EBF, 0x9EBF, 0x9EBF, 0x9EBF, 0x9EBF, 0x9EBF, 0x9EBF, 0x9EBF, 0x9EBF, 0x9EBF, 0x9EBF, 0x9EBF, 0x9EBF, 0x9EBF,
    0x9EBF, 0x9EBF, 0x9EBF, 0x9EBF, 0x9EBF, 0x9EBF, 0x9EBF, 0xBEDE, 0xC6BE, 0xCEBD, 0xD6DD, 0xD6DD, 0xCEBD, 0xCEBD, 0xD6DD, 0xD6DD,
    0xD6DD, 0xD6DD, 0xD6DD, 0xD6DD, 0xCEBD, 0xCEBD, 0xCEBD, 0xCE9D, 0xCE9D, 0xCE9C, 0xCE9C, 0xCE9C, 0xCE9C, 0xCE9C, 0xCE9C, 0xCE9C,
    0xCE9C, 0xCE9C, 0xC67C, 0xC67B, 0xC67B, 0xBE7B, 0xBE7B, 0xB67B, 0xB65B, 0xAE5B, 0xAE5B, 0xA65B, 0xA63B, 0xA63A, 0x9E1A, 0x961A,
    0x961A, 0x8DFA, 0x85FA, 0x85FA, 0x7DFA, 0x8DD9, 0xADD7, 0xA575, 0x8CD4, 0x9515, 0x8D57, 0x7D78, 0x7578, 0x6D58, 0x7D38, 0xB5F8,
    0xDEFA, 0xC6DB, 0xB6BC, 0xAE9C, 0xA67C, 0xAE9B, 0xCEFB, 0xD6FA, 0xDEFB, 0xDF1B, 0xD6FC, 0xCEDC, 0xBEBC, 0xB6BC, 0xB69C, 0xA69C,
    0x965D, 0x8E5D, 0x967C, 0xAE9C, 0xCEDB, 0xEF3B, 0xD6B9, 0xCE79, 0xB617, 0xA596, 0x9555, 0xA533, 0xED30, 0xF4CE, 0xFE54, 0xFE14,
    0xED94, 0xDD54, 0xD554, 0xD554, 0xCD54, 0xCD54, 0xC555, 0xC576, 0xC576, 0xC576, 0xC556, 0xC555, 0xC555, 0xC555, 0xC555, 0xC555,
    0xC555, 0xC555, 0xBD56, 0x9537, 0x6519, 0x6D3A, 0x753A, 0x7D5B, 0x857B, 0x8D9B, 0x95BC, 0x95DC, 0x95DC, 0x8DBB, 0x8DBC, 0x8DBC,
    0x8DBC, 0x8DBC, 0x8DBC, 0x8DDC, 0x8DDC, 0x8DBC, 0x8DBC, 0x8DDC, 0x8DDC, 0x8DDD, 0x8DDC, 0x8DDD, 0x8DDD, 0x8DDD, 0x8DDD, 0x8DDD,
    0x95DD, 0x9DFD, 0x95DD, 0x8DFD, 0x8DFE, 0x961E, 0x961E, 0x961E, 0x8E1E, 0x963E, 0xD73F, 0xEFBF, 0xE7BF, 0xE77F, 0xDF5F, 0xD75F,
    0xD73E, 0xCF3E, 0xCF3E, 0xCF1E, 0xCF1E, 0xCF1E, 0xD73E, 0xD75E, 0xD75F, 0xCF7F, 0xA6BF, 0x865E, 0x763E, 0x761E, 0x761E, 0x761E,
    0x761E, 0x761E, 0x761E, 0x761E, 0x75FE, 0x761E, 0x75FE, 0x761E, 0x75FE, 0x75FE, 0x75FE, 0x75FE, 0x75FE, 0x75DE, 0x75DE, 0x75DE,
    0x9EBF, 0x9EBF, 0x9EBF, 0x9EBF, 0x9EBF, 0x9EBF, 0x9EBF, 0x9EBF, 0x9EBF, 0x9EBF, 0x9EBF, 0x9EBF, 0x9EBF, 0x9EBF, 0x9EBF, 0x9EBF,
    0x9EBF, 0x9EBF, 0x9EBF, 0x9EBF, 0x9EBF, 0x9EBF, 0x9EBF, 0x9EBF, 0x9EBF, 0x9EBF, 0x9EBF, 0x9EBF, 0x9EBF, 0x9EBF, 0x9EBF, 0x9EBF,
    0x9EBF, 0x9EBF, 0x9EBF, 0x9EBF, 0x9EBF, 0x9EBF, 0x9EBF, 0x9EBF, 0x9EBF, 0x9EBF, 0x9EBF, 0x9EBF, 0x9EBF, 0x9EBF, 0x9EBF, 0x9EBF,
    0x9EBF, 0x9EBF, 0x9EBF, 0x9EBF, 0x9EBF, 0x9EBF, 0xA69E, 0xC6FE, 0xCEBE, 0xCEDD, 0xD6DD, 0xD6DD, 0xCEBD, 0xCEBD, 0xD6DD, 0xD6DD,
    0xD6DD, 0xD6DD, 0xD6DD, 0xD6DD, 0xCEBD, 0xCEBD, 0xCEBD, 0xCE9D, 0xCE9D, 0xCE9D, 0xCE9C, 0xCE9C, 0xCE9C, 0xCE9C, 0xCE9C, 0xCE9C,
    0xCE9C, 0xCE7C, 0xC67C, 0xC67B, 0xC67B, 0xBE7B, 0xBE7B, 0xB67B, 0xB65B, 0xAE5B, 0xAE5B, 0xA65B, 0xA63A, 0x9E3A, 0x9E1A, 0x961A,
    0x961A, 0x8E1A, 0x85FA, 0x85FA, 0x95F9, 0xAE18, 0xADF7, 0xADD6, 0xADD7, 0xA618, 0x8DF9, 0x7DD9, 0x7DD9, 0x8DD9, 0xB618, 0xDEDA,
    0xCEFB, 0xB6BC, 0xAEBC, 0xAE9C, 0x9E7C, 0xBEBC, 0xCEFB, 0xD6FB, 0xDF1B, 0xDF1B, 0xD6FC, 0xC6DC, 0xBEBC, 0xB6BD, 0xAE9C, 0x9E7C,
    0x8E5D, 0x8E5D, 0x965D, 0xA67C, 0xC6BB, 0xEF5C, 0xDEB9, 0xCE79, 0xBE38, 0xADD7, 0x9D76, 0x9D54, 0xACF2, 0xE571, 0xF592, 0xDD53,
    0xACD2, 0x9C70, 0xC532, 0xC533, 0xC554, 0xC554, 0xC534, 0xC555, 0xC576, 0xC576, 0xC556, 0xBD35, 0xC535, 0xC555, 0xC555, 0xC555,
    0xC555, 0xB555, 0x7CD6, 0x44B8, 0x44F9, 0x551A, 0x5D3B, 0x6D3B, 0x7D5B, 0x857B, 0x8D9C, 0x95DC, 0x9DFD, 0x95DC, 0x8DBC, 0x8DBC,
    0x8DDC, 0x8DDC, 0x8DDC, 0x8DBC, 0x8DBC, 0x8DDC, 0x8DDC, 0x8DDC, 0x8DDC, 0x8DDC, 0x8DDD, 0x8DDD, 0x8DDD, 0x8DDD, 0x8DDD, 0x8DDD,
    0x95DD, 0x9DFD, 0x8DDD, 0x8DFD, 0x8DFE, 0x95FE, 0x9E1E, 0x961E, 0x8E1E, 0x8E1E, 0xA65E, 0xE79F, 0xE7BF, 0xE79F, 0xDF7F, 0xDF5F,
    0xD75F, 0xD73F, 0xD73E, 0xD73E, 0xD75F, 0xD75F, 0xBF1F, 0x8E9F, 0x7E3E, 0x7E3E, 0x763E, 0x763E, 0x763E, 0x763E, 0x761E, 0x761E,
    0x761E, 0x761E, 0x761E, 0x761E, 0x761E, 0x761E, 0x761E, 0x761E, 0x75FE, 0x75FE, 0x75FE, 0x75FE, 0x75FE, 0x75FE, 0x75DE, 0x75DE,
    0x9EBF, 0x9EBF, 0x9EBF, 0x9EBF, 0x9EBF, 0x9EBF, 0x9EBF, 0x9EBF, 0x9EBF, 0x9EBF, 0x9EBF, 0x9EBF, 0x9EBF, 0x9EBF, 0x9EBF, 0x9EBF,
    0x9EBF, 0x9EBF, 0x9EBF, 0x9EBF, 0x9EBF, 0x9EBF, 0x9EBF, 0x9EBF, 0x9EBF, 0x9EBF, 0x9EBF, 0x9EBF, 0x9EBF, 0x9EBF, 0x9EBF, 0x9EBF,
    0x9EBF, 0x9EBF, 0x9EBF, 0x9EBF, 0x9EBF, 0x9EBF, 0x9EBF, 0x9EBF, 0x9EBF, 0x9EBF, 0x9EBF, 0x9EBF, 0x9EBF, 0x9EBF, 0x9EBF, 0x9EBF,
    0x9EBF, 0x9EBF, 0x9EBF, 0x9EBF, 0x9EBF, 0x9EBF, 0xB6DE, 0xBEBE, 0xCEBE, 0xD6DD, 0xD6DD, 0xD6DD, 0xCEBD, 0xCEDD, 0xD6DD, 0xD6DD,
    0xD6DD, 0xD6DD, 0xD6DD, 0xD6DD, 0xCEBD, 0xCEBD, 0xCEBD, 0xCE9D, 0xCE9D, 0xCE9C, 0xCE9C, 0xCE9C, 0xCE9C, 0xCE9C, 0xCE9C, 0xCE9C,
    0xCE9C, 0xCE9C, 0xC67C, 0xC67B, 0xBE7B, 0xBE7B, 0xB67B, 0xB65B, 0xAE5B, 0xAE5B, 0xAE5B, 0xA65A, 0xA63A, 0x9E3A, 0x9E3A, 0x961A,
    0x8E1A, 0x8E1A, 0x861A, 0x9E19, 0xB638, 0xB638, 0xBE38, 0xBE79, 0xAE59, 0x9E3A, 0x8E1A, 0x861A, 0x9E3A, 0xB659, 0xD6DA, 0xD6FB,
    0xBEDC, 0xAEBC, 0xAEBC, 0xA69C, 0x9E7C, 0xC6DC, 0xCEFB, 0xD6FB, 0xDF1B, 0xDF1C, 0xCEFC, 0xC6DC, 0xBEBD, 0xAE9D, 0xA69D, 0x9E7D,
    0x8E5D, 0x8E5D, 0x965D, 0xA67C, 0xBE9C, 0xDEFB, 0xE6FA, 0xCE99, 0xC658, 0xB618, 0xA5B7, 0x9D75, 0x9D54, 0xA512, 0x9CB2, 0x6C31,
    0x43B0, 0x3B4E, 0x73EF, 0xC512, 0xC533, 0xC534, 0xC534, 0xC534, 0xC555, 0xC576, 0xC556, 0xC555, 0xC535, 0xC555, 0xC555, 0xBD35,
    0x94D5, 0x5C97, 0x4498, 0x4498, 0x4CD9, 0x4CFA, 0x551A, 0x5D3B, 0x6D3B, 0x7D7B, 0x8D9B, 0x95BC, 0x9DFC, 0x9DFD, 0x8DBC, 0x8DBC,
    0x8DBC, 0x8DBC, 0x8DDC, 0x8DBC, 0x8DBC, 0x8DDC, 0x8DDC, 0x8DDC, 0x8DDC, 0x8DDC, 0x8DDD, 0x8DDD, 0x8DDD, 0x8DDD, 0x8DDD, 0x8DDD,
    0x8DDD, 0x9DFD, 0x8DDD, 0x8DDD, 0x8DFE, 0x961E, 0x9E1E, 0x961E, 0x8E1E, 0x8E1E, 0x961E, 0xCEFE, 0xEFBF, 0xE79F, 0xDF7F, 0xDF5F,
    0xDF5F, 0xDF5F, 0xD75F, 0xC75F, 0x9EBF, 0x865E, 0x7E3F, 0x763E, 0x763E, 0x763E, 0x763E, 0x763E, 0x763E, 0x763E, 0x761E, 0x761E,
    0x761E, 0x761E, 0x761E, 0x761E, 0x75FE, 0x761E, 0x75FE, 0x75FE, 0x75FE, 0x75FE, 0x75FE, 0x75FE, 0x75FE, 0x6DFE, 0x6DFE, 0x75FE,
    0x9EBF, 0x9EBF, 0x9EBF, 0x9EBF, 0x9EBF, 0x9EBF, 0x9EBF, 0x9EBF, 0x9EBF, 0x9EBF, 0x9EBF, 0x9EBF, 0x9EBF, 0x9EBF, 0x9EBF, 0x9EBF,
    0x9EBF, 0x9EBF, 0x9EBF, 0x9EBF, 0x9EBF, 0x9EBF, 0x9EBF, 0x9EBF, 0x9EBF, 0x9EBF, 0x9EBF, 0x9EBF, 0x9EBF, 0x9EBF, 0x9EBF, 0x9EBF,
    0x9EBF, 0x9EBF, 0x9EBF, 0x9EBF, 0x9EBF, 0x9EBF, 0x9EBF, 0x9EBF, 0x9EBF, 0x9EBF, 0x9EBF, 0x9EBF, 0x9EBF, 0x9EBF, 0x9EBF, 0x9EBF,
    0x9EBF, 0x9EBF, 0x9EBF, 0x9EBF, 0x9EBF, 0x9EDF, 0xB6DE, 0xC69E, 0xCEBE, 0xD6DD, 0xD6DD, 0xCEBD, 0xCEBD, 0xD6DD, 0xD6DD, 0xD6DD,
    0xD6DD, 0xD6DD, 0xD6DD, 0xD6DD, 0xCEBD, 0xCEBD, 0xCEBD, 0xCE9D, 0xCE9D, 0xCE9C, 0xCE9C, 0xCE9C, 0xCE9C, 0xCE9C, 0xCE9C, 0xCE9C,
    0xCE9C, 0xC69C, 0xC69C, 0xBE7B, 0xBE7B, 0xBE7B, 0xB67B, 0xB65B, 0xAE5B, 0xAE5B, 0xA65A, 0xA63A, 0x9E3A, 0x9E3A, 0x963A, 0x961A,
    0x8E1A, 0x8E1A, 0xAE39, 0xBE59, 0xBE59, 0xC699, 0xC6BA, 0xB69A, 0x9E5A, 0x8E3B, 0x8E3A, 0x9E5A, 0xB65A, 0xCEBA, 0xD6FB, 0xC6DC,
    0xAEBC, 0xAEBC, 0xAEBC, 0x9E9C, 0xAEBC, 0xC6DC, 0xD6FB, 0xDEFB, 0xDF1B, 0xD71C, 0xCEFC, 0xBEDD, 0xB6BD, 0xAE9D, 0x9E9D, 0x967D,
    0x8E5D, 0x8E5D, 0x965D, 0xA67D, 0xB69C, 0xCEBB, 0xE6FB, 0xD6BA, 0xCE99, 0xBE38, 0xB5F8, 0xA596, 0x9D75, 0x9D54, 0x84F3, 0x6C93,
    0x5432, 0x4BF1, 0x3B8F, 0x740F, 0xBD32, 0xBD33, 0xBD34, 0xBD34, 0xBD34, 0xC555, 0xC555, 0xC555, 0xBD35, 0xB535, 0x8C94, 0x5C35,
    0x4C98, 0x54D9, 0x54FA, 0x54FA, 0x4CD9, 0x44D9, 0x4CFA, 0x551A, 0x653B, 0x755B, 0x857B, 0x95BC, 0x95DC, 0x9E1D, 0x8DBC, 0x8DBC,
    0x8DBC, 0x8DDC, 0x8DBC, 0x8DDC, 0x8DDC, 0x8DDC, 0x8DDC, 0x8DDC, 0x8DDC, 0x8DDC, 0x8DDD, 0x8DDD, 0x8DDD, 0x8DDD, 0x8DDD, 0x8DDD,
    0x8DDD, 0x9DFD, 0x8DDD, 0x8DDD, 0x8DFE, 0x961E, 0x9E1E, 0x961E, 0x8E1E, 0x8E1E, 0x8E1E, 0xA63E, 0xDF5F, 0xE7BF, 0xE79F, 0xDF5F,
    0xCF7F, 0xB71F, 0xA69F, 0x8E5E, 0x763E, 0x7E3E, 0x763E, 0x763E, 0x763E, 0x763E, 0x763E, 0x763E, 0x763E, 0x763E, 0x763E, 0x761E,
    0x761E, 0x761E, 0x761E, 0x761E, 0x761E, 0x761E, 0x761E, 0x75FE, 0x75FE, 0x75FE, 0x75FE, 0x75FE, 0x75FE, 0x75FE, 0x75FE, 0x75FE,
    0x9EBF, 0x9EBF, 0x9EBF, 0x9EBF, 0x9EBF, 0x9EBF, 0x9EBF, 0x9EBF, 0x9EBF, 0x9EBF, 0x9EBF, 0x9EBF, 0x9EBF, 0x9EBF, 0x9EBF, 0x9EBF,
    0x9EBF, 0x9EBF, 0x9EBF, 0x9EBF, 0x9EBF, 0x9EBF, 0x9EBF, 0x9EBF, 0x9EBF, 0x9EBF, 0x9EBF, 0x9EBF, 0x9EBF, 0x9EBF, 0x9EBF, 0x9EBF,
    0x9EBF, 0x9EBF, 0x9EBF, 0x9EBF, 0x9EBF, 0x9EBF, 0x9EBF, 0x9EBF, 0x9EBF, 0x9EBF, 0x9EBF, 0x9EBF, 0x9EBF, 0x9EBF, 0x9EBF, 0x9EBF,
    0x9EBF, 0x9EBF, 0x9EBF, 0x9EBF, 0x9EBF, 0x9E9F, 0xBEDE, 0xCEBE, 0xCEBD, 0xD6DD, 0xD6DE, 0xCEBD, 0xCEBD, 0xD6FD, 0xD6DD, 0xD6FD,
    0xD6DD, 0xD6DD, 0xD6DD, 0xD6DD, 0xCEBD, 0xCEBD, 0xCEBD, 0xCE9D, 0xCE9C, 0xCE9C, 0xCE9C, 0xCE9C, 0xCE9C, 0xCE9C, 0xCE9C, 0xCE9C,
    0xCE9C, 0xC69C, 0xC69B, 0xBE7B, 0xBE7B, 0xBE7B, 0xB67B, 0xB65B, 0xAE5B, 0xA65B, 0xA63A, 0xA63A, 0x9E3A, 0x9E1A, 0x961A, 0x961A,
    0x9E1A, 0xB659, 0xC679, 0xCE99, 0xCEBA, 0xC6BA, 0xB69B, 0xA67B, 0x965B, 0x965B, 0xA65A, 0xB67A, 0xC69A, 0xD6FB, 0xCEFC, 0xB6BC,
    0xAEBC, 0xAEBD, 0xAEBC, 0x9E9C, 0xBEDC, 0xCEFC, 0xD6FB, 0xDF1B, 0xDF1C, 0xD71C, 0xCEFC, 0xBEDD, 0xAEBD, 0xA69D, 0x969D, 0x967D,
    0x8E5D, 0x8E5D, 0x967D, 0x9E7D, 0xAE9C, 0xC6BC, 0xD6DB, 0xD6DB, 0xD6BB, 0xC69A, 0xB639, 0xA5D8, 0x9D97, 0x9575, 0x8534, 0x6CD3,
    0x6493, 0x5452, 0x4C12, 0x3BB0, 0x63AF, 0xA4D2, 0xBD34, 0xBD34, 0xBD34, 0xBD35, 0xB535, 0x94B4, 0x6C33, 0x43D3, 0x3C36, 0x4CD9,
    0x54FA, 0x5CFA, 0x5D1A, 0x5D1B, 0x651B, 0x651B, 0x5D1A, 0x5D1A, 0x653B, 0x755B, 0x857B, 0x8DBC, 0x95DC, 0x9DFD, 0x95FD, 0x8DBC,
    0x8DBC, 0x8DBC, 0x8DBC, 0x8DBC, 0x8DBC, 0x8DDC, 0x8DDC, 0x8DDC, 0x8DDC, 0x8DDD, 0x8DDD, 0x8DDD, 0x8DDD, 0x8DDD, 0x8DDD, 0x8DDD,
    0x8DDD, 0x95FD, 0x8DDD, 0x8DDD, 0x8DFE, 0x95FD, 0xA61D, 0x9E1E, 0x8E1E, 0x861E, 0x8E1E, 0x961E, 0xA63E, 0xB65E, 0xAE3E, 0x9E5E,
    0xA6FF, 0x9E9F, 0x9E9F, 0xA6DF, 0x7E3F, 0x763E, 0x763E, 0x763E, 0x763E, 0x763E, 0x763E, 0x763E, 0x763E, 0x761E, 0x761E, 0x761E,
    0x761E, 0x761E, 0x761E, 0x761E, 0x761E, 0x761E, 0x75FE, 0x75FE, 0x75FE, 0x75FE, 0x75FE, 0x75FE, 0x6DFE, 0x6DFE, 0x6DDE, 0x6DDE,
    0x9EBF, 0x9EBF, 0x9EBF, 0x9EBF, 0x9EBF, 0x9EBF, 0x9EBF, 0x9EBF, 0x9EBF, 0x9EBF, 0x9EBF, 0x9EBF, 0x9EBF, 0x9EBF, 0x9EBF, 0x9EBF,
    0x9EBF, 0x9EBF, 0x9EBF, 0x9EBF, 0x9EBF, 0x9EBF, 0x9EBF, 0x9EBF, 0x9EBF, 0x9EBF, 0x9EBF, 0x9EBF, 0x9EBF, 0x9EBF, 0x9EBF, 0x9EBF,
    0x9EBF, 0x9EBF, 0x9EBF, 0x9EBF, 0x9EBF, 0x9EBF, 0x9EBF, 0x9EBF, 0x9EBF, 0x9EBF, 0x9EBF, 0x9EBF, 0x9EBF, 0x9EBF, 0x9EBF, 0x9EBF,
    0x9EBF, 0x9EBF, 0x9EBF, 0x9EBF, 0x9EBF, 0xAEDF, 0xC6DE, 0xC6BE, 0xD6DD, 0xDEFE, 0xD6DE, 0xCEBD, 0xCEDD, 0xD6FD, 0xD6DD, 0xD6FD,
    0xD6DD, 0xD6DD, 0xD6DD, 0xD6DD, 0xCEBD, 0xCEBD, 0xCEBD, 0xCE9D, 0xCE9C, 0xCE9C, 0xCE9C, 0xCE9C, 0xCE9C, 0xCE9C, 0xCE9C, 0xCE9C,
    0xC69C, 0xC69C, 0xC69B, 0xBE9B, 0xBE7B, 0xBE7B, 0xB67B, 0xB65B, 0xAE5B, 0xA63A, 0xA63A, 0x9E3A, 0x9E1A, 0x9E1A, 0xA619, 0xB639,
    0xBE59, 0xCE9A, 0xD6DB, 0xCEDB, 0xC6DB, 0xB6BB, 0xAE9B, 0x9E7B, 0x9E5B, 0xA67B, 0xB67A, 0xC69A, 0xD6FB, 0xD6FC, 0xBEDC, 0xAEBC,
    0xA6BC, 0xAEBD, 0xA69D, 0xA69C, 0xC6DC, 0xCEFC, 0xD6FB, 0xDF1C, 0xDF1C, 0xD71C, 0xC6FD, 0xBEDD, 0xAEBD, 0x9E9D, 0x967D, 0x8E7D,
    0x8E5D, 0x8E5D, 0x967D, 0x9E7D, 0xAE9C, 0xBEBC, 0xCEDB, 0xD6DB, 0xD6DB, 0xCEBC, 0xBE9B, 0xAE5B, 0x9E3A, 0x95FA, 0x8598, 0x6D15,
    0x64B4, 0x5C93, 0x5C53, 0x4C12, 0x3BB1, 0x334F, 0x63F0, 0x7C31, 0x7432, 0x53F2, 0x2B51, 0x2393, 0x3C36, 0x4CB9, 0x54FA, 0x54FA,
    0x5CFA, 0x5D1B, 0x651B, 0x651B, 0x6D3B, 0x753B, 0x7D7B, 0x8D9C, 0x95BC, 0x9DFC, 0xA61D, 0xA61D, 0x9DFC, 0x9DFD, 0x9E1D, 0x8DBC,
    0x8DBC, 0x8DBC, 0x8DBC, 0x8DDC, 0x8DDC, 0x8DDC, 0x8DDC, 0x8DDC, 0x8DDD, 0x8DDD, 0x8DDD, 0x8DDD, 0x8DDD, 0x8DDD, 0x8DDD, 0x8DDD,
    0x8DDD, 0x95FD, 0x8DDD, 0x8DDD, 0x8DDD, 0x95FD, 0xA61D, 0x9E1E, 0x8E1E, 0x861E, 0x861F, 0x8E1F, 0x9E3E, 0xAE3E, 0xAE5E, 0x9E3E,
    0xAEFF, 0x969F, 0x9E9F, 0xA6BF, 0x7E3E, 0x7E5E, 0x7E3E, 0x7E3E, 0x763E, 0x7E3E, 0x763E, 0x763E, 0x763E, 0x761E, 0x763E, 0x761E,
    0x763E, 0x761E, 0x761E, 0x761E, 0x761E, 0x761E, 0x75FE, 0x761E, 0x75FE, 0x75FE, 0x75FE, 0x75FE, 0x75FE, 0x75DE, 0x75DE, 0x6DDE,
    0x9EBF, 0x9EBF, 0x9EBF, 0x9EBF, 0x9EBF, 0x9EBF, 0x9EBF, 0x9EBF, 0x9EBF, 0x9EBF, 0x9EBF, 0x9EBF, 0x9EBF, 0x9EBF, 0x9EBF, 0x9EBF,
    0x9EBF, 0x9EBF, 0x9EBF, 0x9EBF, 0x9EBF, 0x9EBF, 0x9EBF, 0x9EBF, 0x9EBF, 0x9EBF, 0x9EBF, 0x9EBF, 0x9EBF, 0x9EBF, 0x9EBF, 0x9EBF,
    0x9EBF, 0x9EBF, 0x9EBF, 0x9EBF, 0x9EBF, 0x9EBF, 0x9EBF, 0x9EBF, 0x9EBF, 0x9EBF, 0x9EBF, 0x9EBF, 0x9EBF, 0x9EBF, 0x9EBF, 0x9EBF,
    0x9EBF, 0x9EBF, 0x9EBF, 0x9EBF, 0x9EDF, 0xBEDF, 0xC69E, 0xC69D, 0xD6DD, 0xDEFE, 0xD6DE, 0xCEBD, 0xCEDD, 0xD6FD, 0xD6DD, 0xD6FD,
    0xD6DD, 0xD6DD, 0xD6DD, 0xD6DD, 0xCEBD, 0xCEBD, 0xCEBD, 0xCEBD, 0xCE9C, 0xCE9C, 0xCE9C, 0xCE9C, 0xCE9C, 0xCE9C, 0xCE9C, 0xCE9C,
    0xCE9C, 0xC69C, 0xC69B, 0xC69B, 0xBE7B, 0xBE7B, 0xBE7B, 0xC69B, 0xC6BB, 0xC69B, 0xC67A, 0xBE7A, 0xC67A, 0xCE9A, 0xCE9A, 0xD6BA,
    0xDEDB, 0xDEFB, 0xD6DB, 0xC6DB, 0xBEBB, 0xAE9B, 0xA67B, 0xA67B, 0xAE9B, 0xBE9B, 0xC69A, 0xD6FB, 0xD71C, 0xC6FC, 0xAEBC, 0xAEBC,
    0xAEBC, 0xAEBC, 0xA69D, 0xB6BC, 0xCEFC, 0xD6FC, 0xDF1C, 0xDF3C, 0xDF1C, 0xCEFC, 0xC6FD, 0xB6DD, 0xA6BD, 0x969D, 0x967D, 0x8E7D,
    0x8E5D, 0x8E5D, 0x967D, 0x9E7D, 0xAE9D, 0xB6BC, 0xC6BC, 0xD6DB, 0xD6DC, 0xCEDC, 0xC6BC, 0xB69C, 0xA67C, 0x965C, 0x8E1B, 0x7DBA,
    0x6D58, 0x64F5, 0x64B4, 0x5C93, 0x4C53, 0x3BF2, 0x2BB2, 0x2391, 0x23B3, 0x2BF5, 0x3C77, 0x44B9, 0x4CD9, 0x54FA, 0x54FA, 0x5D1A,
    0x5D1B, 0x5D1B, 0x651B, 0x6D3B, 0x6D3B, 0x7D5B, 0x8D9C, 0x9DBC, 0xA61C, 0xAE3D, 0xB65D, 0xB65D, 0xAE5D, 0xA63D, 0xA61D, 0x9DFD,
    0x8DBC, 0x8DBC, 0x8DBC, 0x8DDC, 0x8DDC, 0x8DDC, 0x8DDC, 0x8DDD, 0x8DDD, 0x8DDD, 0x8DDD, 0x8DDD, 0x8DDD, 0x8DDD, 0x8DDD, 0x8DDD,
    0x8DDD, 0x95FD, 0x8DDD, 0x8DDD, 0x8DDD, 0x95FE, 0xAE1D, 0x9E1E, 0x8E1E, 0x861E, 0x861E, 0x8E1F, 0x963E, 0xA63E, 0xAE3E, 0x9E3E,
    0xAEFF, 0x9EDF, 0x9E9F, 0x9E5E, 0x863E, 0x7E3E, 0x763E, 0x763E, 0x763E, 0x763E, 0x763E, 0x763E, 0x763E, 0x763E, 0x761E, 0x761E,
    0x761E, 0x761E, 0x761E, 0x761E, 0x761E, 0x75FE, 0x75FE, 0x75FE, 0x75FE, 0x75DE, 0x75DE, 0x75DE, 0x75DE, 0x75DE, 0x75DE, 0x75DE,
    0x9EBF, 0x9EBF, 0x9EBF, 0x9EBF, 0x9EBF, 0x9EBF, 0x9EBF, 0x9EBF, 0x9EBF, 0x9EBF, 0x9EBF, 0x9EBF, 0x9EBF, 0x9EBF, 0x9EBF, 0x9EBF,
    0x9EBF, 0x9EBF, 0x9EBF, 0x9EBF, 0x9EBF, 0x9EBF, 0x9EBF, 0x9EBF, 0x9EBF, 0x9EBF, 0x9EBF, 0x9EBF, 0x9EBF, 0x9EBF, 0x9EBF, 0x9EBF,
    0x9EBF, 0x9EBF, 0x9EBF, 0x9EBF, 0x9EBF, 0x9EBF, 0x9EBF, 0x9EBF, 0x9EBF, 0x9EBF, 0x9EBF, 0x9EBF, 0x9EBF, 0x9EBF, 0x9EBF, 0x9EBF,
    0x9EBF, 0x9EBF, 0x9EBF, 0x9EBF, 0x9EBF, 0xBEDF, 0xC6BE, 0xCEBD, 0xD6DD, 0xDEFE, 0xCEBD, 0xCEBD, 0xD6DD, 0xD6DD, 0xD6DD, 0xD6DD,
    0xD6DD, 0xD6DD, 0xD6DD, 0xD6DD, 0xCEBD, 0xCEBD, 0xCEBD, 0xCEBD, 0xCE9C, 0xCE9C, 0xCE9C, 0xCEBC, 0xCE9C, 0xCE9C, 0xCE9C, 0xCE9C,
    0xCE9C, 0xC69C, 0xC69B, 0xC69B, 0xC69B, 0xDEFB, 0xEF3C, 0xEF3C, 0xE71C, 0xE6FB, 0xEF5C, 0xF77D, 0xF77C, 0xEF5C, 0xEF3C, 0xE71C,
    0xDEFB, 0xDEDB, 0xCEDB, 0xC6BB, 0xB69B, 0xAE9B, 0xAE9B, 0xB69B, 0xBE9B, 0xC69A, 0xD6FB, 0xD71C, 0xCEFC, 0xBEDC, 0xAEBC, 0xAEBD,
    0xAEBC, 0xAEBD, 0xA69D, 0xC6DC, 0xCEFC, 0xD6FC, 0xDF1C, 0xDF3C, 0xD71C, 0xCEFC, 0xC6FD, 0xB6DD, 0xA6BD, 0x969D, 0x967D, 0x8E7D,
    0x8E5D, 0x8E5D, 0x967D, 0x9E9D, 0xA69D, 0xB69C, 0xC6BC, 0xCEDC, 0xD6FC, 0xCEDC, 0xC6DC, 0xBEBC, 0xAE9C, 0x9E5C, 0x8E3C, 0x861C,
    0x7DDB, 0x75BA, 0x7579, 0x6D79, 0x6D58, 0x5D18, 0x4CB7, 0x44B7, 0x4CD9, 0x4CD9, 0x4CD9, 0x4CFA, 0x54FA, 0x551A, 0x5D1A, 0x5D1B,
    0x653B, 0x653B, 0x653B, 0x6D5B, 0x755B, 0x857B, 0x95BC, 0xADFC, 0xB63C, 0xB65D, 0xB67D, 0xB67D, 0xAE5D, 0xAE3D, 0xA63D, 0xA61D,
    0x95DC, 0x8DBC, 0x8DBC, 0x8DBC, 0x8DBC, 0x8DDC, 0x8DDC, 0x8DDD, 0x8DDD, 0x8DDD, 0x8DDD, 0x8DDD, 0x8DDD, 0x8DDD, 0x8DDD, 0x8DDD,
    0x8DDD, 0x8DFD, 0x8DDD, 0x8DDD, 0x8DDE, 0x95FE, 0xAE1D, 0xA61D, 0x8E1E, 0x861E, 0x861F, 0x861F, 0x963E, 0x9E3E, 0xAE3E, 0x9E3E,
    0x9E9F, 0xA71F, 0x969F, 0x9EBF, 0x8E3E, 0x7E3E, 0x765E, 0x763E, 0x763E, 0x763E, 0x763E, 0x763E, 0x763E, 0x761E, 0x763E, 0x761E,
    0x761E, 0x761E, 0x761E, 0x761E, 0x75FE, 0x75FE, 0x75FE, 0x75FE, 0x75FE, 0x75FE, 0x75FE, 0x75DE, 0x75DE, 0x75DE, 0x75DE, 0x6DDE,
    0x9EBF, 0x9EBF, 0x9EBF, 0x9EBF, 0x9EBF, 0x9EBF, 0x9EBF, 0x9EBF, 0x9EBF, 0x9EBF, 0x9EBF, 0x9EBF, 0x9EBF, 0x9EBF, 0x9EBF, 0x9EBF,
    0x9EBF, 0x9EBF, 0x9EBF, 0x9EBF, 0x9EBF, 0x9EBF, 0x9EBF, 0x9EBF, 0x9EBF, 0x9EBF, 0x9EBF, 0x9EBF, 0x9EBF, 0x9EBF, 0x9EBF, 0x9EBF,
    0x9EBF, 0x9EBF, 0x9EBF, 0x9EBF, 0x9EBF, 0x9EBF, 0x9EBF, 0x9EBF, 0x9EBF, 0x9EBF, 0x9EBF, 0x9EBF, 0x9EBF, 0x9EBF, 0x9EBF, 0x9EBF,
    0x9EBF, 0x9EBF, 0x9EBF, 0x9EBF, 0xA6BF, 0xC6BE, 0xC6BE, 0xD6DD, 0xDEFE, 0xD6DD, 0xCEBD, 0xCEBD, 0xD6FD, 0xD6DD, 0xD6DD, 0xD6DD,
    0xD6DD, 0xD6DD, 0xD6DD, 0xD6DD, 0xCEBD, 0xCEBD, 0xCEBD, 0xCEBC, 0xCEBC, 0xCEBC, 0xCEBC, 0xCEBC, 0xCE9C, 0xCE9C, 0xCE9C, 0xCE9C,
    0xCE9C, 0xC69C, 0xC69B, 0xDEFB, 0xEF5C, 0xEF5C, 0xEF3C, 0xEF3C, 0xEF3C, 0xF79D, 0xFF9D, 0xF79D, 0xF77D, 0xEF5C, 0xE71C, 0xE6FC,
    0xDEDB, 0xD6BB, 0xCEBB, 0xBE9B, 0xB69B, 0xB69B, 0xB6BB, 0xC6BB, 0xCEBB, 0xDEFB, 0xDF1C, 0xD71C, 0xC6FC, 0xB6BC, 0xAEBC, 0xAEBC,
    0xAEBC, 0xA6BD, 0xB6BC, 0xC6FC, 0xCEFC, 0xDF1C, 0xDF3C, 0xDF3C, 0xD71C, 0xCEFC, 0xC6FD, 0xB6DD, 0xA6BD, 0x967D, 0x967D, 0x8E7D,
    0x8E7D, 0x8E7D, 0x967D, 0x9E9D, 0xA69D, 0xB69C, 0xC6BC, 0xCEDC, 0xD6DC, 0xD6DC, 0xCEDC, 0xBEBC, 0xAE9D, 0x9E7D, 0x965D, 0x863C,
    0x861C, 0x7DFB, 0x7DDB, 0x7DDB, 0x85DB, 0x85DB, 0x759B, 0x655B, 0x5D1A, 0x551A, 0x551A, 0x551A, 0x551A, 0x5D1A, 0x5D3B, 0x653B,
    0x655B, 0x6D5B, 0x6D5B, 0x755C, 0x7D7B, 0x8D9C, 0xA5DC, 0xB63C, 0xBE5D, 0xBE7D, 0xB67D, 0xB67D, 0xAE5D, 0xA61C, 0xA63C, 0xA63D,
    0x9DFD, 0x8DBC, 0x8DBC, 0x8DBC, 0x8DBC, 0x8DDC, 0x8DDC, 0x8DDD, 0x8DDD, 0x8DDD, 0x8DDD, 0x8DDD, 0x8DDD, 0x8DDD, 0x85DD, 0x8DDD,
    0x8DDD, 0x8DDD, 0x8DDD, 0x8DDD, 0x8DDE, 0x8DFE, 0xA61D, 0xA61D, 0x8E1E, 0x861E, 0x861E, 0x861E, 0x8E1E, 0x9E3E, 0xA63E, 0xA63E,
    0x965E, 0xA71F, 0x96BF, 0x9E9F, 0x9E9F, 0x7E1E, 0x763E, 0x763E, 0x763E, 0x763E, 0x763E, 0x763E, 0x761E, 0x761E, 0x761E, 0x761E,
    0x75FE, 0x761E, 0x75FE, 0x761E, 0x75FE, 0x75FE, 0x75FE, 0x75FE, 0x75FE, 0x75FE, 0x6DFE, 0x6DFE, 0x6DDE, 0x6DDE, 0x6DDE, 0x6DDE,
    0x9EBF, 0x9EBF, 0x9EBF, 0x9EBF, 0x9EBF, 0x9EBF, 0x9EBF, 0x9EBF, 0x9EBF, 0x9EBF, 0x9EBF, 0x9EBF, 0x9EBF, 0x9EBF, 0x9EBF, 0x9EBF,
    0x9EBF, 0x9EBF, 0x9EBF, 0x9EBF, 0x9EBF, 0x9EBF, 0x9EBF, 0x9EBF, 0x9EBF, 0x9EBF, 0x9EBF, 0x9EBF, 0x9EBF, 0x9EBF, 0x9EBF, 0x9EBF,
    0x9EBF, 0x9EBF, 0x9EBF, 0x9EBF, 0x9EBF, 0x9EBF, 0x9EBF, 0x9EBF, 0x9EBF, 0x9EBF, 0x9EBF, 0x9EBF, 0x9EBF, 0x9EBF, 0x9EBF, 0x9EBF,
    0x9EBF, 0x9EBF, 0x9EBF, 0x9EBF, 0xB6DF, 0xC69E, 0xCEBE, 0xD6DD, 0xDEFE, 0xD6DE, 0xCEBD, 0xCEDD, 0xD6FD, 0xD6DD, 0xD6FD, 0xD6DD,
    0xD6DD, 0xD6DD, 0xD6DE, 0xD6DD, 0xCEDD, 0xCEBD, 0xCEBD, 0xCEBC, 0xCEBC, 0xCEBC, 0xCEBC, 0xCEBC, 0xCEBC, 0xCEBC, 0xCEBC, 0xCE9C,
    0xCE9C, 0xC69C, 0xD6DB, 0xF77C, 0xF77C, 0xEF5C, 0xEF3C, 0xEF5C, 0xF79D, 0xFF9D, 0xFFBD, 0xF79D, 0xEF5D, 0xE73C, 0xE6FC, 0xDEDC,
    0xD6BB, 0xD6BB, 0xCEBB, 0xC69B, 0xBE9B, 0xC6BB, 0xD6FB, 0xDF1B, 0xE73C, 0xE73C, 0xDF1C, 0xD6FC, 0xC6DC, 0xB6BC, 0xAEBC, 0xAEBC,
    0xAEBC, 0xAEBD, 0xBEDC, 0xCEFC, 0xD6FC, 0xDF3C, 0xDF3C, 0xDF3C, 0xD71C, 0xCEFD, 0xC6DD, 0xB6DD, 0xA69D, 0x969D, 0x967D, 0x8E7D,
    0x8E7D, 0x8E7D, 0x969D, 0x9E9D, 0xA69D, 0xB6BC, 0xBEBC, 0xCEDC, 0xD6DC, 0xD6FC, 0xCEDC, 0xC6DD, 0xB6BD, 0xA69D, 0x967D, 0x8E5D,
    0x863D, 0x861C, 0x861C, 0x8E1C, 0x8E1C, 0x8DFC, 0x8DFC, 0x85DC, 0x757C, 0x653B, 0x653B, 0x653A, 0x7D9B, 0x8DDB, 0x8DDC, 0x7D9B,
    0x6D7B, 0x757C, 0x757C, 0x7D7C, 0x859C, 0x95BC, 0xADFC, 0xBE3C, 0xBE7C, 0xBE7D, 0xBE7D, 0xB65D, 0xAE5D, 0x9DDB, 0xA61C, 0xA63D,
    0xA61D, 0x8DBC, 0x8DBC, 0x8DBC, 0x8DDC, 0x8DDC, 0x8DDD, 0x8DDD, 0x8DDD, 0x8DDD, 0x8DDD, 0x8DDD, 0x8DDD, 0x85FD, 0x85FD, 0x8DDD,
    0x8DDD, 0x8DDD, 0x8DFE, 0x8DDD, 0x8DDE, 0x8DFE, 0xA61D, 0xA61D, 0x8E1E, 0x861E, 0x861E, 0x861F, 0x861E, 0x961E, 0x9E3E, 0xA63E,
    0x965E, 0x9EFF, 0x9F1F, 0x965F, 0x9E7F, 0x7E1D, 0x7E5F, 0x763E, 0x763E, 0x763E, 0x761E, 0x761E, 0x761E, 0x761E, 0x761E, 0x761E,
    0x761E, 0x761E, 0x761E, 0x761E, 0x75FE, 0x761E, 0x75FE, 0x75FE, 0x75FE, 0x75FE, 0x6DFE, 0x75DE, 0x6DDE, 0x6DDE, 0x6DDE, 0x6DDE,
    0x9EBF, 0x9EBF, 0x9EBF, 0x9EBF, 0x9EBF, 0x9EBF, 0x9EBF, 0x9EBF, 0x9EBF, 0x9EBF, 0x9EBF, 0x9EBF, 0x9EBF, 0x9EBF, 0x9EBF, 0x9EBF,
    0x9EBF, 0x9EBF, 0x9EBF, 0x9EBF, 0x9EBF, 0x9EBF, 0x9EBF, 0x9EBF, 0x9EBF, 0x9EBF, 0x9EBF, 0x9EBF, 0x9EBF, 0x9EBF, 0x9EBF, 0x9EBF,
    0x9EBF, 0x9EBF, 0x9EBF, 0x9EBF, 0x9EBF, 0x9EBF, 0x9EBF, 0x9EBF, 0x9EBF, 0x9EBF, 0x9EBF, 0x9EBF, 0x9EBF, 0x9EBF, 0x9EBF, 0x9EBF,
    0x9EBF, 0x9EBF, 0x9EBF, 0x9E9F, 0xBEBE, 0xC6BE, 0xCEDE, 0xD6FE, 0xDEFE, 0xCEDE, 0xCEBD, 0xD6DD, 0xD6FD, 0xD6DD, 0xD6DD, 0xD6DD,
    0xD6DD, 0xD6DD, 0xD6DD, 0xD6DD, 0xCEDD, 0xD6BD, 0xCEBD, 0xCEBC, 0xD6BC, 0xCEBC, 0xD6BC, 0xCEBC, 0xCEBC, 0xCEBC, 0xCEBC, 0xCE9C,
    0xCE9C, 0xCE9B, 0xE73C, 0xF77C, 0xEF5C, 0xEF5C, 0xEF5C, 0xF77C, 0xF75C, 0xF77C, 0xFFBD, 0xF77D, 0xEF5C, 0xE71C, 0xDEDC, 0xDEBC,
    0xD6BB, 0xD6BB, 0xCEBB, 0xD6FB, 0xEF7C, 0xFFBD, 0xFFBD, 0xF79D, 0xEF5D, 0xE73C, 0xDEFC, 0xD6DC, 0xC6BC, 0xB6BC, 0xB6BC, 0xB6BC,
    0xAEBC, 0xB6BC, 0xC6DC, 0xCEFC, 0xDF1C, 0xE73C, 0xE73C, 0xDF3C, 0xD71C, 0xCEFC, 0xC6DD, 0xB6BD, 0xA69D, 0x9E9D, 0x967D, 0x967D,
    0x8E7E, 0x967D, 0x9E9D, 0x9E9D, 0xA69C, 0xB69C, 0xBEBC, 0xCEDC, 0xD6FC, 0xD6FC, 0xD6FC, 0xCEDD, 0xBEBD, 0xAE9D, 0x9E7D, 0x965D,
    0x8E5D, 0x8E3D, 0x8E3D, 0x961C, 0x961C, 0x9E3C, 0x9E1C, 0xA61C, 0x9DFC, 0x9DFC, 0xAE3B, 0xD6DC, 0xE71D, 0xDF1D, 0xDEFD, 0xD6DD,
    0xBE7D, 0x95FC, 0x7D9C, 0x859C, 0x8D9C, 0x9DDC, 0xB61C, 0xBE5C, 0xBE7C, 0xBE7D, 0xBE7D, 0xB65D, 0xAE5D, 0x95DB, 0x9DDB, 0xA61C,
    0xA63D, 0x8DDC, 0x8DBC, 0x8DBC, 0x8DDC, 0x8DDC, 0x8DDD, 0x8DDD, 0x8DDD, 0x8DDD, 0x8DDD, 0x8DDD, 0x8DFD, 0x85FD, 0x85FD, 0x8DFE,
    0x8DDD, 0x8DDD, 0x8DDD, 0x8DDD, 0x8DDE, 0x8DFE, 0xA61D, 0xA61D, 0x8E1E, 0x861E, 0x861E, 0x861E, 0x861E, 0x8E1E, 0x9E3E, 0xA63E,
    0x963E, 0x9EDF, 0x9F3F, 0x96BF, 0x967F, 0x85FE, 0x7E3E, 0x765E, 0x761E, 0x763E, 0x761E, 0x763E, 0x761E, 0x763E, 0x761E, 0x761E,
    0x761E, 0x761E, 0x761E, 0x75FE, 0x75FE, 0x75FE, 0x75FE, 0x75FE, 0x75FE, 0x75FE, 0x6DDE, 0x75FE, 0x6DDE, 0x6DDE, 0x75DE, 0x6DDE,
    0x9EBF, 0x9EBF, 0x9EBF, 0x9EBF, 0x9EBF, 0x9EBF, 0x9EBF, 0x9EBF, 0x9EBF, 0x9EBF, 0x9EBF, 0x9EBF, 0x9EBF, 0x9EBF, 0x9EBF, 0x9EBF,
    0x9EBF, 0x9EBF, 0x9EBF, 0x9EBF, 0x9EBF, 0x9EBF, 0x9EBF, 0x9EBF, 0x9EBF, 0x9EBF, 0x9EBF, 0x9EBF, 0x9EBF, 0x9EBF, 0x9EBF, 0x9EBF,
    0x9EBF, 0x9EBF, 0x9EBF, 0x9EBF, 0x9EBF, 0x9EBF, 0x9EBF, 0x9EBF, 0x9EBF, 0x9EBF, 0x9EBF, 0x9EBF, 0x9EBF, 0x9EBF, 0x9EBF, 0x9EBF,
    0x9EBF, 0x9EBF, 0x9EBF, 0xA69E, 0xC6DE, 0xCEBE, 0xD6DE, 0xDEFE, 0xD6FE, 0xCEDE, 0xCEBD, 0xD6DD, 0xD6DD, 0xD6DD, 0xD6DD, 0xD6DD,
    0xD6DD, 0xD6DD, 0xD6DD, 0xD6DD, 0xCEDD, 0xD6BD, 0xCEBC, 0xD6BC, 0xD6BC, 0xD6BC, 0xD6BC, 0xCEBC, 0xCEBC, 0xCEBC, 0xCEBC, 0xCEBC,
    0xCE9C, 0xCE9B, 0xEF5C, 0xF77C, 0xF75C, 0xF75C, 0xF75C, 0xEF5C, 0xEF3B, 0xEF5B, 0xF79C, 0xF77C, 0xE73C, 0xDEFC, 0xDEDC, 0xDEBB,
    0xDEBB, 0xDEDB, 0xE73C, 0xFFBD, 0xFFBD, 0xFFBD, 0xF79E, 0xF77E, 0xEF5D, 0xE71D, 0xDEFC, 0xD6DC, 0xC6BC, 0xBEBC, 0xB6BC, 0xB6BC,
    0xB6BC, 0xC6DC, 0xCEFC, 0xD6FC, 0xE73C, 0xE73C, 0xE73C, 0xE73C, 0xDF1C, 0xD6FC, 0xC6DD, 0xB6BD, 0xA69D, 0x9E9D, 0x9E9D, 0x969D,
    0x967E, 0x967D, 0x9E9D, 0xA69D, 0xAE9C, 0xB6BC, 0xC6BC, 0xCEDC, 0xD6FC, 0xDEFC, 0xDF1C, 0xD6FD, 0xC6DD, 0xB6BD, 0xA69D, 0x9E7D,
    0x965D, 0x963D, 0x963D, 0x963D, 0x9E3D, 0xA63C, 0xAE3C, 0xB65C, 0xCE9C, 0xDEFC, 0xE73D, 0xE73D, 0xE73D, 0xDF1D, 0xD6FE, 0xCEDE,
    0xBE9D, 0xBE9D, 0xA61D, 0x8DBC, 0x95DC, 0xA5FC, 0xB63C, 0xBE5C, 0xC67D, 0xBE9D, 0xBE7D, 0xB65D, 0xAE5D, 0x95DB, 0x95BB, 0x9DDB,
    0x9E1C, 0x8DBC, 0x8DBC, 0x8DBC, 0x8DDC, 0x8DDC, 0x8DDD, 0x8DDD, 0x8DDD, 0x8DDD, 0x8DDD, 0x8DFD, 0x85FD, 0x85FE, 0x85FE, 0x8DFE,
    0x8DFE, 0x8DDD, 0x8DDD, 0x8DDD, 0x8DDD, 0x8DFE, 0x9DFD, 0xA61D, 0x8E1E, 0x861E, 0x861E, 0x861E, 0x861F, 0x8E1E, 0x961E, 0xA63E,
    0x9E3E, 0x967F, 0xA75F, 0x9EFF, 0x967F, 0x8E1E, 0x7E1E, 0x763E, 0x763E, 0x763E, 0x763E, 0x763E, 0x763E, 0x763E, 0x761E, 0x761E,
    0x761E, 0x761E, 0x761E, 0x75FE, 0x75FE, 0x75FE, 0x75FE, 0x75FE, 0x75FE, 0x75FE, 0x75FE, 0x75FE, 0x75FE, 0x75FE, 0x75DE, 0x75DE,
    0x9EBF, 0x9EBF, 0x9EBF, 0x9EBF, 0x9EBF, 0x9EBF, 0x9EBF, 0x9EBF, 0x9EBF, 0x9EBF, 0x9EBF, 0x9EBF, 0x9EBF, 0x9EBF, 0x9EBF, 0x9EBF,
    0x9EBF, 0x9EBF, 0x9EBF, 0x9EBF, 0x9EBF, 0x9EBF, 0x9EBF, 0x9EBF, 0x9EBF, 0x9EBF, 0x9EBF, 0x9EBF, 0x9EBF, 0x9EBF, 0x9EBF, 0x9EBF,
    0x9EBF, 0x9EBF, 0x9EBF, 0x9EBF, 0x9EBF, 0x9EBF, 0x9EBF, 0x9EBF, 0x9EBF, 0x9EBF, 0x9EBF, 0x9EBF, 0x9EBF, 0x9EBF, 0x9EBF, 0x9EBF,
    0x9EBF, 0x9EBF, 0x9EBF, 0xBEDE, 0xC6BE, 0xCEBE, 0xD6DE, 0xDF1E, 0xD6DE, 0xCEDE, 0xCEBD, 0xD6FD, 0xD6DD, 0xD6DD, 0xD6DD, 0xD6DD,
    0xD6DD, 0xD6DD, 0xD6DD, 0xD6DD, 0xCEBD, 0xD6BD, 0xD6BC, 0xD6BC, 0xD6BC, 0xD6BC, 0xD6BC, 0xCEBC, 0xCEBC, 0xCEBC, 0xCEBC, 0xCEBC,
    0xC69B, 0xCEBB, 0xEF5C, 0xF77C, 0xF77C, 0xF75C, 0xEF5C, 0xE71B, 0xDEDA, 0xDEFB, 0xF77C, 0xEF5C, 0xE71C, 0xDEDC, 0xDEDC, 0xDEDB,
    0xDEFB, 0xEF3C, 0xFFBD, 0xFFBD, 0xFFBD, 0xF79D, 0xF79D, 0xEF7D, 0xE73D, 0xDEFD, 0xD6DC, 0xCEBC, 0xCEBC, 0xC6BC, 0xBEBC, 0xBEBC,
    0xBEBC, 0xCEDC, 0xD6FC, 0xE71C, 0xEF5C, 0xEF5C, 0xEF5C, 0xE73C, 0xE71C, 0xD6FD, 0xCEDD, 0xB6BD, 0xAE9D, 0x9E7D, 0x9E9D, 0x9E9D,
    0x969D, 0x9E9D, 0xA69D, 0xAE9D, 0xB69C, 0xBEBC, 0xCEDC, 0xD6FC, 0xDF1C, 0xE73D, 0xE73D, 0xDF1D, 0xD6FD, 0xC6DD, 0xB6BD, 0xA67D,
    0x9E5D, 0x965D, 0x9E3D, 0x9E3D, 0xA63D, 0xAE5C, 0xB65C, 0xCE9C, 0xE71C, 0xEF3C, 0xE73D, 0xE73D, 0xDF1D, 0xD6FE, 0xC6BE, 0xB67D,
    0xAE5D, 0xAE5D, 0xAE5D, 0x9E1D, 0x9DDC, 0xAE1C, 0xB63C, 0xBE7C, 0xC67D, 0xBE7D, 0xB67D, 0xB65D, 0xAE5D, 0x95BB, 0x8DBB, 0x95BB,
    0x8DBB, 0x8DBC, 0x8DBC, 0x8DBC, 0x8DBC, 0x8DDC, 0x8DDD, 0x8DDD, 0x8DDD, 0x8DDD, 0x8DDD, 0x8DFD, 0x85FE, 0x85FE, 0x861E, 0x8DFE,
    0x8DFE, 0x8DDD, 0x8DDD, 0x8DDD, 0x8DDD, 0x8DFE, 0x9DFD, 0xA61D, 0x8DFE, 0x861E, 0x861E, 0x861E, 0x861F, 0x861F, 0x8E1E, 0x9E3E,
    0x9E3E, 0x965E, 0x9F3F, 0x9F1F, 0x965F, 0x8E3E, 0x85FE, 0x763E, 0x763E, 0x763E, 0x761E, 0x761E, 0x761E, 0x761E, 0x761E, 0x761E,
    0x761E, 0x761E, 0x761E, 0x761E, 0x761E, 0x761E, 0x75FE, 0x75FE, 0x75FE, 0x75FE, 0x75DE, 0x75FE, 0x75DE, 0x6DDE, 0x6DDE, 0x6DDE,
    0x9EBF, 0x9EBF, 0x9EBF, 0x9EBF, 0x9EBF, 0x9EBF, 0x9EBF, 0x9EBF, 0x9EBF, 0x9EBF, 0x9EBF, 0x9EBF, 0x9EBF, 0x9EBF, 0x9EBF, 0x9EBF,
    0x9EBF, 0x9EBF, 0x9EBF, 0x9EBF, 0x9EBF, 0x9EBF, 0x9EBF, 0x9EBF, 0x9EBF, 0x9EBF, 0x9EBF, 0x9EBF, 0x9EBF, 0x9EBF, 0x9EBF, 0x9EBF,
    0x9EBF, 0x9EBF, 0x9EBF, 0x9EBF, 0x9EBF, 0x9EBF, 0x9EBF, 0x9EBF, 0x9EBF, 0x9EBF, 0x9EBF, 0x9EBF, 0x9EBF, 0x9EBF, 0x9EBF, 0x9EBF,
    0x9EBF, 0x9EBF, 0xA69E, 0xBEDE, 0xC6BE, 0xCEDE, 0xDEFE, 0xD6FE, 0xCEDE, 0xCEDD, 0xCEDD, 0xD6FD, 0xD6DD, 0xD6DD, 0xD6DD, 0xD6DD,
    0xD6DD, 0xD6DD, 0xD6DD, 0xD6DD, 0xD6BD, 0xD6BC, 0xD6BC, 0xD6BC, 0xD6BC, 0xD6BC, 0xD6BC, 0xCEBC, 0xCEBC, 0xCEBC, 0xCEBC, 0xCE9B,
    0xC69B, 0xCEBB, 0xEF5C, 0xF75C, 0xF77C, 0xEF5C, 0xEF3C, 0xE6FB, 0xD6BA, 0xCE7A, 0xF77C, 0xEF5C, 0xE71C, 0xDEDC, 0xDEFB, 0xE71B,
    0xEF3C, 0xF79D, 0xF77C, 0xF77C, 0xF79C, 0xF79D, 0xEF7D, 0xE75D, 0xDF1D, 0xD6FD, 0xD6BC, 0xCEBC, 0xCEBC, 0xCEBC, 0xC6BC, 0xC6BC,
    0xC6DC, 0xD6FC, 0xE75C, 0xF79D, 0xF7BE, 0xF7BE, 0xF79E, 0xEF7D, 0xEF5D, 0xDF1D, 0xCEDD, 0xBEBD, 0xAE9D, 0xA67D, 0xA67D, 0x9E9D,
    0x9E9D, 0xA69D, 0xAE9D, 0xB69C, 0xBEBC, 0xCEDC, 0xDF1C, 0xEF5D, 0xEF7D, 0xEF7E, 0xEF7E, 0xEF5E, 0xE75E, 0xDF3D, 0xD6FD, 0xBE9D,
    0xA67D, 0x9E5D, 0x9E5D, 0xA65D, 0xA65D, 0xB65C, 0xC69C, 0xDEFC, 0xE73C, 0xEF3D, 0xE73D, 0xDF1D, 0xD6FD, 0xC6BD, 0xB67D, 0xAE5C,
    0xAE3C, 0xA61C, 0xAE3C, 0xAE3D, 0xA5FC, 0xAE1C, 0xBE5C, 0xBE7D, 0xBE7D, 0xBE7D, 0xB65D, 0xAE5D, 0xAE3D, 0x753A, 0x859B, 0x8D9B,
    0x8D9B, 0x8DBC, 0x8DBC, 0x8DBC, 0x8DBC, 0x8DDC, 0x8DDD, 0x8DDD, 0x8DDD, 0x8DDD, 0x85FD, 0x85FE, 0x85FE, 0x861E, 0x861E, 0x861E,
    0x8DFE, 0x8DDD, 0x8DDD, 0x8DDD, 0x8DDE, 0x8DFE, 0x95FE, 0xA61D, 0x95FE, 0x861E, 0x861E, 0x861E, 0x861F, 0x861F, 0x8E1E, 0x9E1E,
    0xA63E, 0x963E, 0x9EFF, 0x9EFF, 0x9E7F, 0x967F, 0x8DFE, 0x7E3E, 0x763E, 0x761E, 0x763E, 0x761E, 0x763E, 0x761E, 0x761E, 0x761E,
    0x761E, 0x761E, 0x761E, 0x761E, 0x761E, 0x75FE, 0x75FE, 0x75FE, 0x75FE, 0x75FE, 0x75FE, 0x75DE, 0x6DDE, 0x6DFE, 0x6DDE, 0x75DE,
    0x9EBF, 0x9EBF, 0x9EBF, 0x9EBF, 0x9EBF, 0x9EBF, 0x9EBF, 0x9EBF, 0x9EBF, 0x9EBF, 0x9EBF, 0x9EBF, 0x9EBF, 0x9EBF, 0x9EBF, 0x9EBF,
    0x9EBF, 0x9EBF, 0x9EBF, 0x9EBF, 0x9EBF, 0x9EBF, 0x9EBF, 0x9EBF, 0x9EBF, 0x9EBF, 0x9EBF, 0x9EBF, 0x9EBF, 0x9EBF, 0x9EBF, 0x9EBF,
    0x9EBF, 0x9EBF, 0x9EBF, 0x9EBF, 0x9EBF, 0x9EBF, 0x9EBF, 0x9EBF, 0x9EBF, 0x9EBF, 0x9EBF, 0x9EBF, 0x9EBF, 0x9EBF, 0x9EBF, 0x9EBF,
    0x9EBF, 0x9EBF, 0xAE9E, 0xC6DE, 0xCEBD, 0xD6FE, 0xDEFE, 0xD6DE, 0xCEDD, 0xCEDD, 0xD6DD, 0xD6FD, 0xD6DD, 0xD6DD, 0xD6DD, 0xD6DD,
    0xD6DD, 0xD6DD, 0xD6DD, 0xD6BD, 0xD6BC, 0xD6BC, 0xD6BC, 0xD6BC, 0xD6BC, 0xD6BC, 0xD6BC, 0xCEBC, 0xCEBC, 0xCEBC, 0xCEBC, 0xCE9B,
    0xC69B, 0xC69B, 0xEF3C, 0xEF5C, 0xEF5C, 0xEF3C, 0xE6FB, 0xDEBA, 0xD679, 0xC639, 0xEF5C, 0xEF3C, 0xE71C, 0xDEFC, 0xE71B, 0xEF3C,
    0xF77C, 0xEF5C, 0xEF3B, 0xE73B, 0xEF3B, 0xF77C, 0xEF5D, 0xE73D, 0xDF1D, 0xD6DD, 0xD6BC, 0xD6BC, 0xD6BC, 0xD6BC, 0xD6DC, 0xD6DC,
    0xDF1C, 0xEF7D, 0xFFBE, 0xF7BE, 0xF7BE, 0xF79E, 0xF79E, 0xEF7E, 0xEF5E, 0xE73D, 0xD6DD, 0xC69D, 0xB69D, 0xAE7D, 0xA67D, 0xA67D,
    0xA67D, 0xAE9D, 0xB69C, 0xC6BC, 0xD6FC, 0xEF5D, 0xF77D, 0xEF7D, 0xEF7D, 0xEF5E, 0xEF5E, 0xE75E, 0xE73E, 0xE73E, 0xDF1E, 0xD6FE,
    0xC6BD, 0xAE7D, 0xA65D, 0xAE5C, 0xB65C, 0xBE7C, 0xD6BC, 0xE71C, 0xEF3C, 0xE73D, 0xE71D, 0xDF1D, 0xCEDD, 0xB67D, 0xAE5C, 0xA61B,
    0x9DDB, 0x9DDB, 0x9DFB, 0xAE3C, 0xAE1D, 0xAE1D, 0xB63D, 0xBE7D, 0xBE7D, 0xBE7D, 0xB65D, 0xAE3D, 0xA63D, 0x7D7A, 0x8D9B, 0x8D9B,
    0x8D9B, 0x8DBC, 0x8DBC, 0x8DBC, 0x8DBC, 0x8DDC, 0x8DDC, 0x8DDD, 0x8DDD, 0x8DFD, 0x85FD, 0x85FE, 0x861E, 0x861E, 0x861E, 0x969E,
    0x8DFE, 0x8DDD, 0x8DDD, 0x8DDD, 0x8DDE, 0x8DFE, 0x95FE, 0xA5FD, 0x95FE, 0x85FE, 0x85FE, 0x861E, 0x861F, 0x861F, 0x8E1F, 0x961E,
    0x9E3E, 0x9E3E, 0x9EBF, 0x9F1F, 0x9E7F, 0x965F, 0x8E1E, 0x863E, 0x763E, 0x763E, 0x761E, 0x763E, 0x761E, 0x761E, 0x761E, 0x761E,
    0x761E, 0x761E, 0x75FE, 0x761E, 0x75FE, 0x75FE, 0x75FE, 0x75FE, 0x6DFE, 0x75FE, 0x6DFE, 0x6DFE, 0x6DFE, 0x6DDE, 0x6DDE, 0x6DDE,
    0x9EBF, 0x9EBF, 0x9EBF, 0x9EBF, 0x9EBF, 0x9EBF, 0x9EBF, 0x9EBF, 0x9EBF, 0x9EBF, 0x9EBF, 0x9EBF, 0x9EBF, 0x9EBF, 0x9EBF, 0x9EBF,
    0x9EBF, 0x9EBF, 0x9EBF, 0x9EBF, 0x9EBF, 0x9EBF, 0x9EBF, 0x9EBF, 0x9EBF, 0x9EBF, 0x9EBF, 0x9EBF, 0x9EBF, 0x9EBF, 0x9EBF, 0x9EBF,
    0x9EBF, 0x9EBF, 0x9EBF, 0x9EBF, 0x9EBF, 0x9EBF, 0x9EBF, 0x9EBF, 0x9EBF, 0x9EBF, 0x9EBF, 0x9EBF, 0x9EBF, 0x9EBF, 0x9EBF, 0x9EBF,
    0x9EBF, 0x9EBF, 0xBEBE, 0xC6BE, 0xD6DE, 0xD6FE, 0xDEFE, 0xD6DE, 0xCEDE, 0xCEDE, 0xD6DD, 0xD6FD, 0xD6DD, 0xD6DD, 0xD6DD, 0xD6DD,
    0xD6DD, 0xD6DD, 0xD6DD, 0xD6BD, 0xD6BC, 0xD6BC, 0xD6BC, 0xD6BC, 0xD6BC, 0xD6BC, 0xCEBC, 0xCEBC, 0xCEBC, 0xCEBC, 0xCE9C, 0xC69B,
    0xC69B, 0xC69B, 0xE71B, 0xEF3C, 0xEF3C, 0xE71B, 0xDEDA, 0xD679, 0xC639, 0xC618, 0xE71B, 0xEF3B, 0xE71B, 0xE71C, 0xEF3C, 0xEF5C,
    0xEF5C, 0xE71B, 0xDEDA, 0xDEDA, 0xE71B, 0xEF3B, 0xEF5C, 0xE71D, 0xD6FD, 0xD6DD, 0xD6BD, 0xD6BC, 0xD6DC, 0xDEDC, 0xDEFC, 0xE73C,
    0xF79D, 0xF7BE, 0xF7BE, 0xF79E, 0xF79E, 0xEF7E, 0xEF7E, 0xE75E, 0xE73E, 0xDF1D, 0xD6DD, 0xC69D, 0xBE7C, 0xB67D, 0xAE7D, 0xAE7D,
    0xAE7D, 0xB69C, 0xCEDC, 0xDF1C, 0xEF5C, 0xEF7D, 0xEF5D, 0xEF5D, 0xE73D, 0xE73D, 0xDF1D, 0xDF1D, 0xD6FD, 0xD6FD, 0xD6DD, 0xCEDE,
    0xC6BE, 0xBE9E, 0xB67D, 0xAE5C, 0xB67C, 0xC69C, 0xDEDC, 0xE71C, 0xEF3C, 0xE73D, 0xDF1D, 0xD6DD, 0xC69D, 0xB65C, 0xAE3C, 0x9DDB,
    0x95BA, 0x959A, 0x9DBB, 0xA5FC, 0xAE3D, 0xAE3D, 0xB63D, 0xB65D, 0xBE5D, 0xB65D, 0xAE3D, 0xA63C, 0x9DFC, 0x95DC, 0x8DBC, 0x8D9B,
    0x8DBC, 0x8DBC, 0x8DBC, 0x8DBC, 0x8DBC, 0x8DDC, 0x8DDD, 0x8DDD, 0x8DDD, 0x8DFD, 0x85FE, 0x85FE, 0x861E, 0x861E, 0x863E, 0xA77E,
    0x8E1E, 0x8DDD, 0x8DDD, 0x8DDD, 0x8DDD, 0x8DDE, 0x8DFE, 0x9DFD, 0x95FE, 0x8DFE, 0x861E, 0x85FE, 0x861F, 0x861F, 0x861F, 0x8E1E,
    0x9E1E, 0x9E3E, 0x965F, 0xA73F, 0x9E5F, 0x963E, 0x963E, 0x863E, 0x763E, 0x763E, 0x763E, 0x763E, 0x761E, 0x761E, 0x761E, 0x761E,
    0x761E, 0x761E, 0x761E, 0x761E, 0x761E, 0x761E, 0x761E, 0x6DFE, 0x75FE, 0x75FE, 0x6DFE, 0x75FE, 0x6DDE, 0x6DFE, 0x6DDE, 0x6DDE,
    0x9EBF, 0x9EBF, 0x9EBF, 0x9EBF, 0x9EBF, 0x9EBF, 0x9EBF, 0x9EBF, 0x9EBF, 0x9EBF, 0x9EBF, 0x9EBF, 0x9EBF, 0x9EBF, 0x9EBF, 0x9EBF,
    0x9EBF, 0x9EBF, 0x9EBF, 0x9EBF, 0x9EBF, 0x9EBF, 0x9EBF, 0x9EBF, 0x9EBF, 0x9EBF, 0x9EBF, 0x9EBF, 0x9EBF, 0x9EBF, 0x9EBF, 0x9EBF,
    0x9EBF, 0x9EBF, 0x9EBF, 0x9EBF, 0x9EBF, 0x9EBF, 0x9EBF, 0x9EBF, 0x9EBF, 0x9EBF, 0x9EBF, 0x9EBF, 0x9EBF, 0x9EBF, 0x9EBF, 0x9EBF,
    0x9EBF, 0xA69F, 0xBEBE, 0xCEBE, 0xD6FE, 0xD6FE, 0xD6FE, 0xD6DE, 0xCEDE, 0xCEDE, 0xD6FD, 0xD6FD, 0xD6DD, 0xD6DD, 0xD6DD, 0xD6DD,
    0xD6DD, 0xD6DD, 0xD6DD, 0xD6BD, 0xD6BC, 0xD6BC, 0xD6BC, 0xD6BC, 0xD6BC, 0xCEBC, 0xCEBC, 0xCEBC, 0xCEBC, 0xCEBC, 0xCE9C, 0xC69B,
    0xC69B, 0xBE7B, 0xD6BB, 0xE71B, 0xE71B, 0xDEDA, 0xD699, 0xCE39, 0xBDF8, 0xBDF8, 0xDEBA, 0xE71B, 0xE71B, 0xE73B, 0xEF5C, 0xEF5C,
    0xE71B, 0xDEBA, 0xCE79, 0xC639, 0xCE9A, 0xE71B, 0xE73C, 0xDF1C, 0xD6FD, 0xD6DD, 0xD6BC, 0xD6BC, 0xDEDB, 0xE71B, 0xE73C, 0xF79D,
    0xF7BD, 0xF79D, 0xEF7D, 0xEF5D, 0xE75D, 0xE73D, 0xE73D, 0xDF1D, 0xDEFD, 0xD6DD, 0xCEBD, 0xC69D, 0xBE7C, 0xBE7C, 0xB67C, 0xB67C,
    0xBE9C, 0xCEDC, 0xE71C, 0xEF5C, 0xEF5D, 0xEF5D, 0xE73D, 0xDF1D, 0xD6FC, 0xD6DC, 0xCEBC, 0xC69C, 0xC69D, 0xC69D, 0xC69D, 0xC69D,
    0xBE9D, 0xBE9D, 0xBE9D, 0xB67D, 0xB65C, 0xCE9C, 0xDEFC, 0xE71C, 0xE71C, 0xDF1D, 0xD6FD, 0xCEBC, 0xB65C, 0xAE3C, 0xA5FB, 0x959A,
    0x959A, 0x959A, 0x959A, 0x9DDB, 0xA61C, 0xAE3D, 0xAE5D, 0xB65D, 0xB65D, 0xB65D, 0xAE3D, 0xA61C, 0x95FC, 0x95FC, 0x95DC, 0x8D9B,
    0x8DBC, 0x8DBC, 0x8DBC, 0x8DBC, 0x8DBC, 0x8DDC, 0x8DDD, 0x8DDD, 0x8DFD, 0x85FE, 0x861E, 0x861E, 0x861E, 0x861E, 0x8E5E, 0xA77E,
    0x8DFE, 0x8DDD, 0x8DDD, 0x8DDD, 0x8DDD, 0x8DDD, 0x8DFE, 0x95FD, 0x95FE, 0x8DFE, 0x85FE, 0x85FE, 0x861E, 0x861F, 0x861F, 0x8E1E,
    0x961E, 0x9E3E, 0x963E, 0xA6FF, 0x9E3E, 0x9E3E, 0x9E7E, 0x8DFD, 0x7E3F, 0x763E, 0x761E, 0x763E, 0x763E, 0x761E, 0x761E, 0x761E,
    0x761E, 0x761E, 0x761E, 0x761E, 0x75FE, 0x75FE, 0x75FE, 0x75FE, 0x75DE, 0x75FE, 0x75DE, 0x75DE, 0x6DDE, 0x6DDE, 0x75DE, 0x6DBE,
    0x9EBF, 0x9EBF, 0x9EBF, 0x9EBF, 0x9EBF, 0x9EBF, 0x9EBF, 0x9EBF, 0x9EBF, 0x9EBF, 0x9EBF, 0x9EBF, 0x9EBF, 0x9EBF, 0x9EBF, 0x9EBF,
    0x9EBF, 0x9EBF, 0x9EBF, 0x9EBF, 0x9EBF, 0x9EBF, 0x9EBF, 0x9EBF, 0x9EBF, 0x9EBF, 0x9EBF, 0x9EBF, 0x9EBF, 0x9EBF, 0x9EBF, 0x9EBF,
    0x9EBF, 0x9EBF, 0x9EBF, 0x9EBF, 0x9EBF, 0x9EBF, 0x9EBF, 0x9EBF, 0x9EBF, 0x9EBF, 0x9EBF, 0x9EBF, 0x9EBF, 0x9EBF, 0x9EBF, 0x9EBF,
    0x9EBF, 0xAE9E, 0xC6DE, 0xCEBE, 0xD6FE, 0xDEFE, 0xD6FE, 0xD6DE, 0xCEDE, 0xCEDE, 0xD6FD, 0xD6DD, 0xD6DD, 0xD6DD, 0xD6DD, 0xD6DD,
    0xD6DD, 0xD6DD, 0xD6DD, 0xD6DD, 0xD6BD, 0xD6BC, 0xD6BC, 0xD6BC, 0xD6BC, 0xCEBC, 0xCEBC, 0xCEBC, 0xCEBC, 0xCE9C, 0xCE9C, 0xC69B,
    0xC69B, 0xBE7B, 0xBE7A, 0xDEDB, 0xDEFB, 0xD6BA, 0xCE59, 0xBE18, 0xBDF8, 0xBDF8, 0xC659, 0xE71B, 0xE71B, 0xEF3B, 0xEF3B, 0xE71B,
    0xDEDA, 0xCE79, 0xBE19, 0xBDF8, 0xB5D8, 0xDEDA, 0xE71B, 0xDEFC, 0xD6DC, 0xD6DD, 0xD6BC, 0xD6DC, 0xDEFB, 0xEF5C, 0xF79D, 0xF7BD,
    0xF79D, 0xE73C, 0xDEFC, 0xD6DB, 0xD6BB, 0xD6BC, 0xD6BC, 0xD6BC, 0xCEBD, 0xC6BD, 0xC69D, 0xBE7D, 0xC67C, 0xBE7C, 0xBE7C, 0xC69C,
    0xD6DC, 0xE71C, 0xEF5C, 0xEF5C, 0xEF3C, 0xE71C, 0xDEFC, 0xCEBC, 0xC67C, 0xBE5B, 0xB61B, 0xB61B, 0xAE1B, 0xAE1B, 0xB63C, 0xB63C,
    0xB65D, 0xB65D, 0xB67D, 0xBE7D, 0xB67D, 0xC67D, 0xD6DD, 0xE71D, 0xE71D, 0xDEFD, 0xCEBC, 0xBE7C, 0xB63C, 0xAE3C, 0x95BB, 0x857A,
    0x8D79, 0x8D79, 0x957A, 0x9DBA, 0xA5FB, 0xA63D, 0xAE5D, 0xAE5D, 0xB65D, 0xAE3D, 0xA61C, 0x9DFC, 0x95FC, 0x9DFC, 0xA61D, 0x8DBC,
    0x8D9C, 0x8DBC, 0x8DBC, 0x8DBC, 0x8DBC, 0x8DDC, 0x8DDD, 0x8DDD, 0x85FD, 0x861E, 0x861E, 0x861E, 0x8E1E, 0x861E, 0x8E3E, 0x967E,
    0x8DFE, 0x8DDD, 0x8DDD, 0x8DDD, 0x8DDD, 0x8DDD, 0x8DFD, 0x95FD, 0x95FE, 0x8DFE, 0x85FE, 0x861E, 0x861E, 0x861F, 0x861F, 0x8E1E,
    0x961E, 0x9E3E, 0x963E, 0x9E9F, 0x9E3E, 0x9E3E, 0x9E7E, 0x965E, 0x863E, 0x763E, 0x763E, 0x763E, 0x761E, 0x763E, 0x761E, 0x761E,
    0x761E, 0x761E, 0x761E, 0x75FE, 0x75FE, 0x75FE, 0x75FE, 0x75FE, 0x75FE, 0x75FE, 0x75DE, 0x75DE, 0x75DE, 0x75DE, 0x75DE, 0x6DDE,
    0x9EBF, 0x9EBF, 0x9EBF, 0x9EBF, 0x9EBF, 0x9EBF, 0x9EBF, 0x9EBF, 0x9EBF, 0x9EBF, 0x9EBF, 0x9EBF, 0x9EBF, 0x9EBF, 0x9EBF, 0x9EBF,
    0x9EBF, 0x9EBF, 0x9EBF, 0x9EBF, 0x9EBF, 0x9EBF, 0x9EBF, 0x9EBF, 0x9EBF, 0x9EBF, 0x9EBF, 0x9EBF, 0x9EBF, 0x9EBF, 0x9EBF, 0x9EBF,
    0x9EBF, 0x9EBF, 0x9EBF, 0x9EBF, 0x9EBF, 0x9EBF, 0x9EBF, 0x9EBF, 0x9EBF, 0x9EBF, 0x9EBF, 0x9EBF, 0x9EBF, 0x9EBF, 0x9EBF, 0x9EBF,
    0x9E9F, 0xBEBF, 0xCEDE, 0xD6FE, 0xD6FE, 0xDEFE, 0xD6FE, 0xD6DE, 0xCEDE, 0xD6DE, 0xD6DD, 0xD6FD, 0xD6DD, 0xD6DD, 0xD6DD, 0xD6DD,
    0xD6DD, 0xD6DD, 0xD6DD, 0xD6DD, 0xD6BD, 0xD6BD, 0xD6BC, 0xD6BC, 0xD6BC, 0xCEBC, 0xCEBC, 0xCEBC, 0xCEBC, 0xCE9C, 0xC69C, 0xC69B,
    0xC69B, 0xBE7B, 0xBE7A, 0xBE7A, 0xD69A, 0xCE79, 0xC639, 0xBE18, 0xBDF8, 0xB5F8, 0xADD7, 0xCE79, 0xE6FA, 0xE71B, 0xE71A, 0xDEDA,
    0xCE79, 0xC619, 0xB5D8, 0xB5F8, 0xA5B8, 0xBE39, 0xE6FB, 0xDEFB, 0xDEDC, 0xD6DC, 0xDEFC, 0xE71C, 0xEF5C, 0xF79D, 0xF79D, 0xEF7C,
    0xDF1B, 0xD6DB, 0xCE9B, 0xC65A, 0xBE3A, 0xBE3A, 0xC63A, 0xC65B, 0xC67C, 0xBE7C, 0xBE7D, 0xBE5D, 0xBE7D, 0xBE5C, 0xC67C, 0xD6BC,
    0xE71C, 0xEF5C, 0xEF5C, 0xEF3C, 0xDF1C, 0xD6DC, 0xCE9B, 0xBE5B, 0xB61A, 0xADDA, 0xA5B9, 0xA5B9, 0xA5B9, 0xA5B9, 0xA5DA, 0xA5DA,
    0xAE1B, 0xAE3C, 0xB65D, 0xB67D, 0xB67D, 0xBE7D, 0xCEBD, 0xD6DD, 0xDEFC, 0xD6BC, 0xC69C, 0xB65C, 0xAE3C, 0xAE3C, 0x855A, 0x8539,
    0x8D59, 0x8D79, 0x957A, 0x959A, 0x9DBA, 0xA5FC, 0xA61D, 0xAE3D, 0xAE3D, 0xA61C, 0x9DFC, 0x95FC, 0x9DFC, 0xA61C, 0xAE3D, 0x95DC,
    0x8DBC, 0x8DBC, 0x8DBC, 0x8DBC, 0x8DBC, 0x8DDC, 0x8DDD, 0x8DFD, 0x8E1E, 0x8E1E, 0x8E3F, 0x8E3F, 0x8E3F, 0x8E1E, 0x8DFE, 0x8DFE,
    0x8DDD, 0x8DDD, 0x8DDD, 0x8DDD, 0x8DDD, 0x8DDD, 0x8DDD, 0x95FD, 0x95FE, 0x8DFE, 0x8DFE, 0x85FE, 0x861E, 0x861E, 0x861F, 0x861F,
    0x8E1E, 0x9E1E, 0x9E3E, 0x963F, 0x9E3E, 0x9E3E, 0x965E, 0x9E9F, 0x8E5E, 0x763E, 0x761E, 0x761E, 0x761E, 0x761E, 0x761E, 0x761E,
    0x75FE, 0x75FE, 0x75FE, 0x75FE, 0x75FE, 0x75FE, 0x75FE, 0x75FE, 0x75FE, 0x75DE, 0x6DFE, 0x6DDE, 0x6DDE, 0x6DDE, 0x6DDE, 0x6DDE,
    0x9EBF, 0x9EBF, 0x9EBF, 0x9EBF, 0x9EBF, 0x9EBF, 0x9EBF, 0x9EBF, 0x9EBF, 0x9EBF, 0x9EBF, 0x9EBF, 0x9EBF, 0x9EBF, 0x9EBF, 0x9EBF,
    0x9EBF, 0x9EBF, 0x9EBF, 0x9EBF, 0x9EBF, 0x9EBF, 0x9EBF, 0x9EBF, 0x9EBF, 0x9EBF, 0x9EBF, 0x9EBF, 0x9EBF, 0x9EBF, 0x9EBF, 0x9EBF,
    0x9EBF, 0x9EBF, 0x9EBF, 0x9EBF, 0x9EBF, 0x9EBF, 0x9EBF, 0x9EBF, 0x9EBF, 0x9EBF, 0x9EBF, 0x9EBF, 0x9EBF, 0x9EBF, 0x9EBF, 0x9EDF,
    0xAE9E, 0xC6DF, 0xCEBE, 0xD6FE, 0xD6FE, 0xD6FE, 0xD6FE, 0xCEDE, 0xCEDE, 0xD6DE, 0xD6DD, 0xD6FD, 0xD6DD, 0xD6DD, 0xD6DD, 0xD6DD,
    0xD6DD, 0xD6DD, 0xD6DD, 0xD6BD, 0xD6BD, 0xD6BC, 0xD6BC, 0xD6BC, 0xD6BC, 0xCEBC, 0xCEBC, 0xCEBC, 0xCEBC, 0xCE9C, 0xC69C, 0xC69B,
    0xC67B, 0xBE7B, 0xB67A, 0xB65A, 0xB65A, 0xC659, 0xC639, 0xBE39, 0xBE18, 0xADF8, 0x9D98, 0xADD8, 0xDEBA, 0xDEDA, 0xDEBA, 0xCE79,
    0xC639, 0xB5D8, 0xB5D8, 0xB5D8, 0xA598, 0x9557, 0xDEDB, 0xDEDB, 0xDEDB, 0xDEDC, 0xE71C, 0xEF5C, 0xEF7C, 0xEF5C, 0xE73C, 0xDEFB,
    0xD69A, 0xC65A, 0xBE1A, 0xADDA, 0xADB9, 0xA5B9, 0xB5D9, 0xBE3A, 0xBE3B, 0xBE3B, 0xB65C, 0xBE5D, 0xBE5D, 0xC65C, 0xCE7C, 0xDEFC,
    0xEF5C, 0xF77C, 0xEF5C, 0xDEFC, 0xD6BC, 0xCE7B, 0xBE3B, 0xADFA, 0xA5B9, 0xA5B9, 0xA5B9, 0xA5B9, 0xA599, 0xA599, 0xA599, 0x9DB9,
    0xA5DA, 0xA5FB, 0xAE3C, 0xAE5D, 0xB67D, 0xBE7D, 0xC69D, 0xCEBD, 0xCEBD, 0xC69C, 0xBE5C, 0xAE1C, 0xAE3C, 0x9DFC, 0x751A, 0x7D39,
    0x8559, 0x8D59, 0x957A, 0x959A, 0x959A, 0x95BB, 0x9DFB, 0xA5FC, 0x9DFC, 0x95DC, 0x95FC, 0x9E1C, 0xA61C, 0xAE3D, 0xAE5D, 0x95FC,
    0x8DBC, 0x8DBC, 0x8DBC, 0x8DBC, 0x8DBC, 0x8DDD, 0x8DDD, 0x8DFD, 0x8E1E, 0x8E3F, 0x8E5F, 0x8E3F, 0x8E3F, 0x8E1E, 0x8DFE, 0x8DFD,
    0x8DDD, 0x8DDD, 0x8DDD, 0x8DDE, 0x8DDD, 0x8DDD, 0x8DDD, 0x8DFD, 0x95FD, 0x8DFE, 0x8DFE, 0x85FE, 0x7E1E, 0x7E1E, 0x861F, 0x861F,
    0x8E1E, 0x9E1E, 0x9E3E, 0x963E, 0x963E, 0xA65E, 0x963E, 0x969F, 0x965E, 0x763E, 0x763E, 0x763E, 0x763E, 0x761E, 0x763E, 0x75FE,
    0x761E, 0x75FE, 0x75FE, 0x75FE, 0x75FE, 0x75FE, 0x75FE, 0x75FE, 0x75FE, 0x75FE, 0x6DDE, 0x75FE, 0x6DDE, 0x6DDE, 0x6DDE, 0x6DDE,
    0x9EBF, 0x9EBF, 0x9EBF, 0x9EBF, 0x9EBF, 0x9EBF, 0x9EBF, 0x9EBF, 0x9EBF, 0x9EBF, 0x9EBF, 0x9EBF, 0x9EBF, 0x9EBF, 0x9EBF, 0x9EBF,
    0x9EBF, 0x9EBF, 0x9EBF, 0x9EBF, 0x9EBF, 0x9EBF, 0x9EBF, 0x9EBF, 0x9EBF, 0x9EBF, 0x9EBF, 0x9EBF, 0x9EBF, 0x9EBF, 0x9EBF, 0x9EBF,
    0x9EBF, 0x9EBF, 0x9EBF, 0x9EBF, 0x9EBF, 0x9EBF, 0x9EBF, 0x9EBF, 0x9EBF, 0x9EBF, 0x9EBF, 0x9EBF, 0x9EBF, 0x9EBF, 0x9EBF, 0x9EBF,
    0xB6BF, 0xCEDE, 0xCEDE, 0xD6FE, 0xDEFE, 0xD6FE, 0xD6FE, 0xCEDE, 0xCEDE, 0xD6DE, 0xD6DD, 0xD6FD, 0xD6FD, 0xD6DD, 0xD6DD, 0xD6DD,
    0xD6DD, 0xD6DD, 0xD6DD, 0xD6BD, 0xD6BD, 0xD6BC, 0xD6BC, 0xD6BC, 0xD6BC, 0xCEBC, 0xCEBC, 0xCEBC, 0xCE9C, 0xCE9C, 0xC69B, 0xC69B,
    0xC67B, 0xBE7B, 0xB67A, 0xB65A, 0xB67A, 0xE71B, 0xD6BA, 0xC659, 0xB619, 0xADF8, 0xBE39, 0xD699, 0xD6B9, 0xD69A, 0xCE79, 0xC639,
    0xB5F8, 0xADB8, 0xB5D8, 0xADB8, 0x9577, 0x5413, 0x9515, 0xDEDB, 0xDEDB, 0xDEDB, 0xDEFC, 0xE73C, 0xE71C, 0xDEFB, 0xDEDB, 0xCE9A,
    0xC63A, 0xB5F9, 0xADD9, 0xADB9, 0xA599, 0xA599, 0xA599, 0xBE19, 0xBE3A, 0xB63B, 0xB63C, 0xB65D, 0xBE5D, 0xC67C, 0xD6BC, 0xE71C,
    0xEF5C, 0xEF5C, 0xDEFC, 0xD6BB, 0xC67B, 0xBE1B, 0xADDA, 0xA5B9, 0xA5B9, 0xA5BA, 0x9599, 0x8539, 0x8559, 0x9579, 0x9D99, 0x9D99,
    0x9DB9, 0xA5DA, 0xA61B, 0xAE3C, 0xAE5D, 0xB67E, 0xBE9E, 0xC69D, 0xC67D, 0xBE5C, 0xAE1C, 0xAE1C, 0xA61C, 0x6D19, 0x64F9, 0x7539,
    0x855A, 0x8D5A, 0x8D7A, 0x959A, 0x959A, 0x95BB, 0x95BB, 0x95BB, 0x8DBB, 0x8DDC, 0x961C, 0x9E1C, 0xA63C, 0xAE5D, 0xAE5D, 0x9DFC,
    0x8DBC, 0x8DBC, 0x8DBC, 0x8DBC, 0x8DBC, 0x8DDD, 0x8DDD, 0x8DFD, 0x861E, 0x8E3E, 0x8E3F, 0x8E3F, 0x8E3E, 0x8E1E, 0x8DFE, 0x8DFD,
    0x8DDD, 0x8DDD, 0x8DDD, 0x8DDD, 0x8DDE, 0x8DDD, 0x8DFD, 0x8DFD, 0x95FE, 0x8DFE, 0x8DFE, 0x861E, 0x7E1E, 0x7E1F, 0x861F, 0x863F,
    0x861E, 0x9E3E, 0x9E3E, 0x963E, 0x963F, 0xAE5E, 0x963E, 0x967F, 0x967E, 0x763E, 0x763E, 0x761E, 0x763E, 0x763E, 0x761E, 0x761E,
    0x761E, 0x761E, 0x75FE, 0x75FE, 0x75FE, 0x6DFE, 0x6DFE, 0x6DFE, 0x6DDE, 0x6DDE, 0x6DDE, 0x6DDE, 0x6DDE, 0x6DDE, 0x6DDE, 0x6DBE,
    0x9EBF, 0x9EBF, 0x9EBF, 0x9EBF, 0x9EBF, 0x9EBF, 0x9EBF, 0x9EBF, 0x9EBF, 0x9EBF, 0x9EBF, 0x9EBF, 0x9EBF, 0x9EBF, 0xAEFF, 0xB6FF,
    0xA6DF, 0x9EBF, 0x9EBF, 0x9EBF, 0x9EBF, 0x9EBF, 0x9EBF, 0x9EBF, 0x9EBF, 0x9EBF, 0x9EBF, 0x9EBF, 0x9EBF, 0x9EBF, 0x9EBF, 0x9EBF,
    0x9EBF, 0x9EBF, 0x9EBF, 0x9EBF, 0x9EBF, 0x9EBF, 0x9EBF, 0x9EBF, 0x9EBF, 0x9EBF, 0x9EBF, 0x9EBF, 0x9EBF, 0x9EBF, 0x9EBF, 0x9E9E,
    0xC6DF, 0xCEBE, 0xD6FE, 0xD6FE, 0xD6FE, 0xD6FE, 0xD6DE, 0xCEDE, 0xCEDE, 0xD6DD, 0xD6DD, 0xD6FD, 0xD6FD, 0xD6DD, 0xD6DD, 0xD6DD,
    0xD6DD, 0xD6DD, 0xD6DD, 0xD6DD, 0xD6BD, 0xD6BC, 0xD6BC, 0xD6BC, 0xD6BC, 0xCEBC, 0xCEBC, 0xCEBC, 0xCE9C, 0xCE9C, 0xC69C, 0xC69B,
    0xC67B, 0xBE7B, 0xBE7A, 0xB65A, 0xD6DB, 0xEF3B, 0xE71B, 0xDEDA, 0xD6BA, 0xDEDA, 0xE6FA, 0xE71A, 0xE71A, 0xD6BA, 0xCE59, 0xBE19,
    0xB5F8, 0xB5D8, 0xADD8, 0x8D36, 0x5C54, 0x6475, 0x74B5, 0xC659, 0xDEBA, 0xDEBA, 0xDEDB, 0xDEDB, 0xDEDB, 0xD69A, 0xCE7A, 0xBE19,
    0xADD9, 0xADB8, 0xB5D8, 0xA598, 0x9D98, 0x9579, 0x9579, 0xB5F9, 0xC63A, 0xBE3A, 0xB63B, 0xBE3C, 0xBE7D, 0xC67D, 0xD6BC, 0xE6FC,
    0xE71C, 0xDEDC, 0xD6BB, 0xC65B, 0xB61A, 0xADDA, 0xADBA, 0xADDA, 0x9DBA, 0x7D18, 0x3B93, 0x124E, 0x2B53, 0x64B7, 0x8559, 0x9599,
    0x9D99, 0x9DBA, 0xA5DA, 0xA61C, 0xAE3D, 0xAE5E, 0xBE7E, 0xBE7D, 0xB65D, 0xAE1C, 0xA61C, 0xA61C, 0x753A, 0x33F6, 0x4C78, 0x64F9,
    0x7539, 0x855A, 0x8D7A, 0x8D9A, 0x8D9B, 0x8D9B, 0x857B, 0x7D7B, 0x85DC, 0x95FC, 0x9E1C, 0xA63C, 0xAE3D, 0xB65D, 0xAE5D, 0x95FC,
    0x8DBC, 0x8DBC, 0x8DBC, 0x8DBC, 0x8DBD, 0x8DDD, 0x8DDD, 0x8DFD, 0x861E, 0x8E3E, 0x8E3F, 0x8E3F, 0x8E1E, 0x8DFE, 0x8DFD, 0x8DDD,
    0x8DDD, 0x8DDD, 0x8DDD, 0x8DDD, 0x8DDE, 0x8DDE, 0x8DFD, 0x8DFD, 0x8DFE, 0x8DFE, 0x8DFE, 0x861E, 0x861F, 0x7E1F, 0x7E1F, 0x863F,
    0x861E, 0x963E, 0x9E3E, 0x963E, 0x963F, 0xA65F, 0x9E3E, 0x965F, 0x967F, 0x7E3E, 0x763E, 0x763E, 0x761E, 0x761E, 0x761E, 0x761E,
    0x761E, 0x761E, 0x75FE, 0x75FE, 0x6DFE, 0x6DFE, 0x6DFE, 0x75FE, 0x6DDE, 0x6DFE, 0x6DDE, 0x6DDE, 0x6DDE, 0x6DDE, 0x6DDE, 0x6DDE,
    0x9EBF, 0x9EBF, 0x9EBF, 0x9EBF, 0x9EBF, 0x9EBF, 0x9EBF, 0x9EBF, 0x9EBF, 0x9EBF, 0x9EBF, 0x9EBF, 0x9EBF, 0xCF5F, 0xEFDF, 0xEFDF,
    0xE7BF, 0xCF5F, 0xAEFF, 0x9EBF, 0x9EBF, 0x9EBF, 0x9EBF, 0x9EBF, 0x9EBF, 0x9EBF, 0x9EBF, 0x9EBF, 0x9EBF, 0x9EBF, 0x9EBF, 0x9EBF,
    0x9EBF, 0x9EBF, 0x9EBF, 0x9EBF, 0x9EBF, 0x9EBF, 0x9EBF, 0x9EBF, 0x9EBF, 0x9EBF, 0x9EBF, 0x9EBF, 0x9EBF, 0x9EBF, 0x9EBF, 0xAE9F,
    0xC6BE, 0xCEBE, 0xD6DE, 0xDEFE, 0xD6FE, 0xD6FE, 0xCEDE, 0xCEDE, 0xCEDE, 0xD6DD, 0xD6DD, 0xD6FD, 0xD6FD, 0xD6DD, 0xD6DD, 0xD6DD,
    0xD6DD, 0xD6DD, 0xD6DD, 0xD6DD, 0xD6DD, 0xD6BC, 0xD6BC, 0xD6BC, 0xD6BC, 0xCEBC, 0xCEBC, 0xCE9C, 0xCE9C, 0xC69C, 0xC69C, 0xC69B,
    0xC67B, 0xBE7B, 0xBE7A, 0xB67B, 0xE71B, 0xEF3B, 0xEF3B, 0xEF3B, 0xEF3B, 0xEF3B, 0xEF3A, 0xEF3A, 0xEF3A, 0xE71A, 0xDED9, 0xC659,
    0xB5D8, 0xA597, 0x8D16, 0x8516, 0x8D37, 0x9557, 0x9D77, 0xADB7, 0xD69A, 0xD69A, 0xD69A, 0xCE7A, 0xCE7A, 0xC639, 0xBDF9, 0xADB9,
    0xADB8, 0xB5B8, 0xADB8, 0x9D98, 0x9578, 0x8538, 0x6CB7, 0xA5B9, 0xC63A, 0xC63A, 0xBE3A, 0xBE3B, 0xBE5C, 0xC67C, 0xCE9C, 0xD6BC,
    0xD6BB, 0xCE9B, 0xBE5B, 0xB5FA, 0xADDA, 0xADBA, 0xADDA, 0x9DBA, 0x64D8, 0x2B95, 0x2374, 0x2374, 0x2374, 0x2B94, 0x64B7, 0x8D79,
    0x9599, 0x9DBA, 0x9DBA, 0x9DDB, 0xA5FC, 0xA63D, 0xAE5D, 0xAE3D, 0xA61C, 0xA5FC, 0xA61C, 0x8DDC, 0x54F9, 0x54B9, 0x4C78, 0x4C57,
    0x5498, 0x64D9, 0x6CF9, 0x6D19, 0x6D19, 0x651A, 0x6D5A, 0x85BB, 0x95FC, 0x9E1C, 0xA63D, 0xAE3D, 0xB65D, 0xB65D, 0xAE5D, 0x95DC,
    0x8DBC, 0x8DBC, 0x8DBC, 0x8DBC, 0x8DBC, 0x8DDD, 0x8DDD, 0x8DFD, 0x8E1E, 0x8E1E, 0x8E1E, 0x8E1E, 0x8DFE, 0x8DFD, 0x8DFD, 0x8DDD,
    0x8DDD, 0x8DDD, 0x8DDD, 0x8DDD, 0x8DDD, 0x8DFE, 0x8DFE, 0x8DFE, 0x8DFE, 0x8DFE, 0x8DFE, 0x861E, 0x861E, 0x7E1F, 0x7E1F, 0x863F,
    0x863E, 0x961E, 0x9E3E, 0x963E, 0x8E3F, 0x963F, 0xA65E, 0x965F, 0x967E, 0x8E5E, 0x761E, 0x761E, 0x761E, 0x761E, 0x75FE, 0x761E,
    0x6DFE, 0x75FE, 0x6DFE, 0x6DFE, 0x6DFE, 0x6DFE, 0x6DFE, 0x6DFE, 0x6DFE, 0x6DFE, 0x6DFE, 0x6DDE, 0x6DDE, 0x6DDE, 0x6DDE, 0x6DDE,
    0x9EBF, 0x9EBF, 0x9EBF, 0x9EBF, 0x9EBF, 0x9EBF, 0x9EBF, 0x9EBF, 0x9EBF, 0x9EBF, 0x9EBF, 0x9EBF, 0xB71F, 0xEFDF, 0xEFDF, 0xEFDF,
    0xEFDF, 0xEFFF, 0xEFDF, 0xC75F, 0xAEFF, 0x9EBF, 0x9EBF, 0x9EBF, 0x9EBF, 0x9EBF, 0x9EBF, 0x9EBF, 0x9EBF, 0x9EBF, 0x9EBF, 0x9EBF,
    0x9EBF, 0x9EBF, 0x9EBF, 0x9EBF, 0x9EBF, 0x9EBF, 0x9EBF, 0x9EBF, 0x9EBF, 0x9EBF, 0x9EBF, 0x9EBF, 0x9EBF, 0x9EBF, 0x9EBF, 0xB69E,
    0xC6BE, 0xCEBE, 0xCEDE, 0xD6FE, 0xD6FE, 0xD6FE, 0xCEDE, 0xCEDE, 0xCEDE, 0xD6DD, 0xD6DD, 0xD6FD, 0xD6FD, 0xD6DD, 0xD6DD, 0xD6DD,
    0xD6DD, 0xD6DD, 0xD6DD, 0xD6DD, 0xD6DD, 0xD6DD, 0xD6BD, 0xD6BC, 0xD6BC, 0xCEBC, 0xCEBC, 0xCE9C, 0xCE9C, 0xC69C, 0xC69C, 0xC69B,
    0xBE7B, 0xBE7B, 0xBE7B, 0xBE9B, 0xE71B, 0xEF3B, 0xEF3B, 0xEF3B, 0xEF3B, 0xEF3B, 0xEF3B, 0xEF3B, 0xEF5B, 0xEF3B, 0xE6FA, 0xD6B9,
    0xBE18, 0xADB8, 0xA597, 0xA597, 0xADB7, 0xBDF8, 0xC658, 0xCE78, 0xCE78, 0xCE59, 0xC659, 0xBE39, 0xBDF9, 0xB5D9, 0xADB9, 0xA598,
    0xAD98, 0xADB8, 0x9D78, 0x8558, 0x5455, 0x2332, 0x12D1, 0x4BB3, 0xB619, 0xC63A, 0xBE3A, 0xBE3A, 0xBE3B, 0xBE5B, 0xC67B, 0xC67B,
    0xC65B, 0xB61B, 0xADFA, 0xA5BA, 0xADB9, 0xADDA, 0x959A, 0x5C98, 0x4477, 0x4477, 0x4477, 0x4477, 0x4C77, 0x4C56, 0x4436, 0x6497,
    0x8D59, 0x959A, 0x9D9A, 0x9DBA, 0x9DBB, 0x9DDB, 0xA5FC, 0xA5FC, 0xA5FC, 0xA5FC, 0x8DDC, 0x6D7B, 0x6D5B, 0x6D5B, 0x6D5A, 0x6D3A,
    0x64F9, 0x64F9, 0x5CD9, 0x64F9, 0x6D3A, 0x7D9B, 0x8DDB, 0x95FC, 0x9E1C, 0xA63C, 0xAE3C, 0xAE5D, 0xB65D, 0xB65D, 0xAE3D, 0x8DBC,
    0x8DBC, 0x8DBC, 0x8DBC, 0x8DBC, 0x8DBD, 0x8DDD, 0x8DDD, 0x8DDD, 0x8DFD, 0x8DFE, 0x8DFE, 0x8DFE, 0x8DFD, 0x8DFD, 0x8DDD, 0x8DDD,
    0x8DFD, 0x963E, 0x8DFD, 0x8DFD, 0x8DDE, 0x8DFE, 0x8DFE, 0x8DFE, 0x8DFE, 0x8DFE, 0x8DFE, 0x861E, 0x861F, 0x7E1F, 0x7E1F, 0x861F,
    0x861E, 0x8E1E, 0x9E3E, 0x963F, 0x8E3F, 0x8E3F, 0x9E5F, 0x967F, 0x965F, 0x8E7E, 0x763E, 0x761E, 0x761E, 0x761E, 0x761E, 0x761E,
    0x761E, 0x761E, 0x761E, 0x6DFE, 0x6DFE, 0x761E, 0x6DFE, 0x75FE, 0x6DFE, 0x6DFE, 0x6DFE, 0x6DDE, 0x6DDE, 0x6DDE, 0x6DDE, 0x6DDE,
    0x9EBF, 0x9EBF, 0x9EBF, 0x9EBF, 0x9EBF, 0x9EBF, 0x9EBF, 0x9EBF, 0x9EBF, 0x9EBF, 0x9EBF, 0xA6BF, 0xDF9F, 0xEFDF, 0xEFDF, 0xEFDF,
    0xEFDF, 0xEFDF, 0xEFDF, 0xEFDF, 0xEFDF, 0xD77F, 0xB6FF, 0x9EBF, 0x9EBF, 0x9EBF, 0x9EBF, 0x9EBF, 0x9EBF, 0x9EBF, 0x9EBF, 0x9EBF,
    0x9EBF, 0x9EBF, 0x9EBF, 0x9EBF, 0x9EBF, 0x9EBF, 0x9EBF, 0x9EBF, 0x9EBF, 0x9EBF, 0x9EBF, 0x9EBF, 0x9EBF, 0x9EBF, 0x9E7E, 0xBEBF,
    0xC6BE, 0xCEBE, 0xD6DE, 0xDEFE, 0xD6FE, 0xD6FE, 0xCEDE, 0xCEBE, 0xCEDE, 0xD6DD, 0xD6DD, 0xD6DD, 0xD6DD, 0xD6DD, 0xD6DD, 0xD6DD,
    0xD6DD, 0xD6DD, 0xD6DD, 0xD6DD, 0xD6DD, 0xD6BD, 0xD6BD, 0xD6BD, 0xD6BC, 0xCEBC, 0xCEBC, 0xCE9C, 0xCE9C, 0xC69C, 0xC69C, 0xC69B,
    0xBE7B, 0xBE7B, 0xBE7B, 0xC69B, 0xE6FB, 0xE71B, 0xE71B, 0xE71B, 0xE71B, 0xEF3B, 0xEF3B, 0xEF5B, 0xEF5B, 0xEF5B, 0xEF3B, 0xE71A,
    0xDED9, 0xD699, 0xCE79, 0xD679, 0xD699, 0xDEB9, 0xDED9, 0xDED9, 0xDEB9, 0xD699, 0xC639, 0xBE19, 0xB5D9, 0xADB8, 0xA598, 0xAD98,
    0xAD98, 0x9558, 0x6496, 0x4C15, 0x4415, 0x4415, 0x4415, 0x3BD4, 0x6C95, 0xBE1A, 0xBE19, 0xB619, 0xB61A, 0xB61A, 0xB61A, 0xB5FA,
    0xADFA, 0xADDA, 0xA5B9, 0xADBA, 0xA5BA, 0x857A, 0x64F9, 0x5CF9, 0x6519, 0x5CF9, 0x5CF9, 0x5CF9, 0x64F8, 0x6CF8, 0x6CD8, 0x64B7,
    0x64B7, 0x7518, 0x8D7A, 0x959A, 0x959A, 0x9DBA, 0x9DBB, 0x9DBB, 0x95BB, 0x859B, 0x7D9B, 0x7DBC, 0x85BC, 0x85BC, 0x85BC, 0x85BB,
    0x859B, 0x859B, 0x859B, 0x859B, 0x8DBB, 0x95DC, 0x95FC, 0x9E1C, 0xA61C, 0xA63C, 0xAE3D, 0xAE5D, 0xB65D, 0xB65D, 0xA61C, 0x8DBC,
    0x8DBC, 0x8DBC, 0x8DBC, 0x8DBC, 0x8DBC, 0x8DDD, 0x8DDD, 0x8DDD, 0x8DDD, 0x8DFD, 0x8DFD, 0x8DDD, 0x8DDD, 0x8DDD, 0x8DDD, 0x8DDD,
    0x8DFD, 0x9E7E, 0x8DDD, 0x8DDD, 0x8DDD, 0x8DFE, 0x8DFE, 0x8DFE, 0x8DFE, 0x8DFE, 0x8DFE, 0x861E, 0x861F, 0x7E1F, 0x7E1F, 0x861F,
    0x863F, 0x861E, 0x9E3E, 0x963F, 0x8E5F, 0x8E5F, 0x9E3F, 0x967F, 0x967F, 0x965E, 0x761E, 0x761E, 0x761E, 0x761E, 0x761E, 0x761E,
    0x75FE, 0x75FE, 0x75FE, 0x75FE, 0x6DFE, 0x75FE, 0x75FE, 0x6DFE, 0x6DFE, 0x6DDE, 0x6DFE, 0x6DDE, 0x6DBE, 0x6DDE, 0x6DBE, 0x6DBE,
    0x9EBF, 0x9EBF, 0x9EBF, 0x9EBF, 0x9EBF, 0x9EBF, 0x9EBF, 0x9EBF, 0x9EBF, 0x9EBF, 0x9EBF, 0xC73F, 0xEFDF, 0xEFDF, 0xEFDF, 0xEFDF,
    0xEFDF, 0xEFDF, 0xEFDF, 0xEFDF, 0xEFDF, 0xEFFF, 0xEFDF, 0xD77F, 0xAEFF, 0x9EBF, 0x9EBF, 0x9EBF, 0x9EBF, 0x9EBF, 0x9EBF, 0x9EBF,
    0x9EBF, 0x9EBF, 0x9EBF, 0x9EBF, 0x9EBF, 0x9EBF, 0x9EBF, 0x9EBF, 0x9EBF, 0x9EBF, 0x9EBF, 0x9EBF, 0x9EBF, 0x9EBF, 0xAE9F, 0xC6BE,
    0xC6BE, 0xCEBE, 0xCEDE, 0xD6FE, 0xD6FE, 0xCEDE, 0xCEDE, 0xCEBE, 0xCEDD, 0xD6DD, 0xD6DD, 0xD6DD, 0xD6DD, 0xD6DD, 0xD6DD, 0xD6DD,
    0xD6DD, 0xD6DD, 0xD6DD, 0xD6DD, 0xD6DD, 0xD6BD, 0xD6BD, 0xD6BD, 0xD6BC, 0xCEBC, 0xCEBC, 0xCE9C, 0xC69C, 0xC69C, 0xC69C, 0xC67B,
    0xBE7B, 0xBE7B, 0xBE7B, 0xBE9B, 0xDEDB, 0xDEFB, 0xDEFB, 0xDEDA, 0xDEDA, 0xE71B, 0xEF3B, 0xEF5B, 0xEF5B, 0xEF5B, 0xEF5B, 0xEF3B,
    0xEF3B, 0xE71A, 0xE71A, 0xE71A, 0xE6FA, 0xE6FA, 0xE6FA, 0xE6F9, 0xE6F9, 0xDED9, 0xD699, 0xC638, 0xB5D8, 0xADB8, 0xA598, 0x9558,
    0x7D17, 0x6CB6, 0x6CB6, 0x6CB6, 0x6CD7, 0x6CD7, 0x6CD7, 0x64B7, 0x5C96, 0x8D37, 0xB5F9, 0xADD9, 0xA5D9, 0xA5D9, 0xA5B9, 0xA5B9,
    0xA5B9, 0xA5B9, 0xA5BA, 0x9DBA, 0x7D5A, 0x6D3A, 0x755A, 0x755A, 0x755A, 0x755A, 0x755A, 0x7D5A, 0x7D5A, 0x855A, 0x8559, 0x8559,
    0x7D39, 0x7518, 0x6CF8, 0x6CF9, 0x6D19, 0x6D19, 0x753A, 0x755A, 0x757B, 0x7DBC, 0x8DDC, 0x8DDC, 0x8DDC, 0x95FC, 0x95FC, 0x95FC,
    0x95FC, 0x95FC, 0x95DC, 0x95FC, 0x9DFC, 0x9E1C, 0xA61C, 0xA63C, 0xA63C, 0xAE3C, 0xAE3C, 0xAE5D, 0xB65D, 0xAE5D, 0x95DC, 0x8DBC,
    0x85BC, 0x859C, 0x8DBC, 0x8DBC, 0x8DBC, 0x8DBD, 0x8DDD, 0x8DDD, 0x8DDD, 0x8DDD, 0x8DDD, 0x8DDD, 0x8DDD, 0x8DDD, 0x8DDD, 0x8DDD,
    0x8DDD, 0x8DFD, 0x8DDD, 0x8DDD, 0x8DDD, 0x8DDE, 0x8DFE, 0x8DFE, 0x8DFE, 0x8DFE, 0x8DFE, 0x861F, 0x861F, 0x7E1F, 0x7E1F, 0x861F,
    0x861F, 0x861F, 0x963E, 0x963F, 0x8E3F, 0x969F, 0x965F, 0x9E5F, 0x965F, 0x8E5E, 0x763E, 0x761E, 0x761E, 0x761E, 0x761E, 0x761E,
    0x75FE, 0x761E, 0x75FE, 0x761E, 0x75FE, 0x75FE, 0x75FE, 0x6DFE, 0x6DFE, 0x6DFE, 0x6DFE, 0x6DFE, 0x6DDE, 0x6DFE, 0x6DBE, 0x6DBE,
    0x9EBF, 0x9EBF, 0x9EBF, 0x9EBF, 0x9EBF, 0x9EBF, 0x9EBF, 0x9EBF, 0x9EBF, 0x9EBF, 0xA6DF, 0xE7BF, 0xEFDF, 0xEFDF, 0xEFDF, 0xEFDF,
    0xEFDF, 0xEFDF, 0xEFDF, 0xEFDF, 0xEFDF, 0xEFDF, 0xEFDF, 0xEFDF, 0xEFDF, 0xD77F, 0xAEDF, 0x9EBF, 0x9EBF, 0x9EBF, 0x9EBF, 0x9EBF,
    0x9EBF, 0x9EBF, 0x9EBF, 0x9EBF, 0x9EBF, 0x9EBF, 0x9EBF, 0x9EBF, 0x9EBF, 0x9EBF, 0x9EBF, 0x9EBF, 0x9EBF, 0x9EBF, 0xB6BF, 0xC6BE,
    0xC6BE, 0xCEBE, 0xCEDE, 0xD6FE, 0xD6DE, 0xCEDE, 0xCEDE, 0xCEBE, 0xCEDD, 0xD6DD, 0xD6DD, 0xD6DD, 0xD6DD, 0xD6DD, 0xD6FD, 0xD6FD,
    0xD6DD, 0xD6DD, 0xD6DD, 0xD6DD, 0xD6DD, 0xD6BD, 0xD6BD, 0xD6BD, 0xD6BC, 0xCEBC, 0xCEBC, 0xCEBC, 0xC69C, 0xC69C, 0xC69C, 0xC67C,
    0xBE7B, 0xBE7B, 0xBE7B, 0xBE7B, 0xD6BA, 0xDEDB, 0xD6BA, 0xD69A, 0xD69A, 0xE6FB, 0xEF3B, 0xEF3B, 0xEF5B, 0xEF5B, 0xEF5B, 0xEF5B,
    0xEF5B, 0xEF5B, 0xEF5B, 0xEF3B, 0xEF1A, 0xE71A, 0xE6FA, 0xE6FA, 0xE6F9, 0xE6D9, 0xDEB9, 0xD679, 0xBE18, 0xA597, 0x9557, 0x8D37,
    0x8D37, 0x8537, 0x8517, 0x8517, 0x8537, 0x8537, 0x8D38, 0x8D37, 0x8D37, 0x8536, 0x9D98, 0xA5B9, 0x9579, 0x9599, 0x9D79, 0x9D99,
    0x9D9A, 0x959A, 0x855A, 0x7539, 0x755A, 0x7D7A, 0x7D7B, 0x859B, 0x859B, 0x8DBB, 0x8DBB, 0x8DBB, 0x95DB, 0x95DB, 0x95DB, 0x95BB,
    0x8DBA, 0x8D9A, 0x857A, 0x7D5A, 0x7D5A, 0x7D5A, 0x7D7B, 0x859B, 0x8DDC, 0x95FC, 0x95FC, 0x9DFC, 0x9DFC, 0x9E1C, 0x9E1C, 0xA61C,
    0xA61C, 0xA61C, 0xA61C, 0xA61C, 0xA61C, 0xA61C, 0xA63C, 0xAE3C, 0xAE3C, 0xAE3C, 0xAE3C, 0xAE3C, 0xAE3C, 0xA61C, 0x8DBB, 0x85BC,
    0x85BC, 0x859C, 0x8DBC, 0x8DBC, 0x8DBC, 0x8DBC, 0x8DDD, 0x8DDD, 0x8DDD, 0x8DDD, 0x8DDD, 0x8DDD, 0x8DDD, 0x8DDD, 0x8DDD, 0x8DDD,
    0x8DDD, 0x8DDD, 0x8DDD, 0x8DDD, 0x8DDD, 0x8DDD, 0x8DFE, 0x8DFE, 0x8DFE, 0x8DFE, 0x8DFE, 0x861F, 0x861F, 0x7E1F, 0x7E1F, 0x7E1F,
    0x861F, 0x861F, 0x963E, 0x963E, 0x863F, 0x9EBF, 0x9EBF, 0x9E5F, 0x965F, 0x967E, 0x761E, 0x761E, 0x761E, 0x761E, 0x761E, 0x761E,
    0x761E, 0x761E, 0x6E1E, 0x6DFE, 0x6DFE, 0x6DFE, 0x6DFE, 0x6DFE, 0x6DFE, 0x6DFE, 0x6DDE, 0x6DDE, 0x6DDE, 0x6DDE, 0x6DDE, 0x6DDE,
    0x9EBF, 0x9EBF, 0x9EBF, 0x9EBF, 0x9EBF, 0x9EBF, 0x9EBF, 0x9EBF, 0x9EBF, 0x9EBF, 0xCF5F, 0xEFDF, 0xEFDF, 0xEFDF, 0xE7BF, 0xE79F,
    0xE79F, 0xE79F, 0xEFBF, 0xEFDF, 0xEFDF, 0xEFDF, 0xEFDF, 0xEFDF, 0xEFDF, 0xEFDF, 0xEFBF, 0xD77F, 0xA6DF, 0x9EBF, 0x9EBF, 0x9EBF,
    0x9EBF, 0x9EBF, 0x9EBF, 0x9EBF, 0x9EBF, 0x9EBF, 0x9EBF, 0x9EBF, 0x9EBF, 0x9EBF, 0x9EBF, 0x9EBF, 0x9EBF, 0x9E9F, 0xB69F, 0xC6BE,
    0xC6BE, 0xCEBE, 0xCEDE, 0xD6FE, 0xD6DE, 0xCEDE, 0xCEBE, 0xCEBD, 0xCEDD, 0xD6DD, 0xD6DD, 0xD6DD, 0xD6DD, 0xD6FD, 0xD6FD, 0xD6FD,
    0xD6DD, 0xD6DD, 0xD6DD, 0xD6DD, 0xD6DD, 0xD6BD, 0xD6BD, 0xD6BD, 0xD6BC, 0xCEBC, 0xCEBC, 0xCEBC, 0xCEBC, 0xC69C, 0xC69C, 0xC67C,
    0xBE7B, 0xBE7B, 0xBE7B, 0xBE7B, 0xBE7A, 0xD69A, 0xD69A, 0xCE59, 0xC639, 0xD6BA, 0xEF1B, 0xEF3B, 0xEF3B, 0xEF3B, 0xEF3B, 0xEF3B,
    0xEF3B, 0xEF3B, 0xEF3B, 0xEF3B, 0xEF1A, 0xE71A, 0xE6FA, 0xE6FA, 0xE6FA, 0xE6F9, 0xDED9, 0xDEB9, 0xCE79, 0xC639, 0xB5F8, 0xADB8,
    0x9D98, 0x9D78, 0x9D98, 0x9D98, 0x9D98, 0xA598, 0xA5B8, 0xA5B8, 0xA5B8, 0xA5B8, 0xA5B7, 0x9D98, 0x8D79, 0x8D79, 0x8D79, 0x8D79,
    0x857A, 0x7D5A, 0x7D5A, 0x857A, 0x859B, 0x8D9B, 0x8DBB, 0x8DBB, 0x95BB, 0x95DB, 0x9DFB, 0xA61C, 0xA63C, 0xAE3C, 0xA63C, 0xA61C,
    0x9E1C, 0x9DFB, 0x95DB, 0x95DB, 0x95DB, 0x95DB, 0x95DC, 0x95FC, 0x9DFC, 0x9DFC, 0x9E1C, 0xA61C, 0xA61C, 0xA61C, 0xA61C, 0xA61C,
    0xA61C, 0xA61C, 0xA61C, 0xA61C, 0xA63C, 0xAE3C, 0xAE3C, 0xAE3C, 0xAE3C, 0xAE3C, 0xAE3C, 0xAE3C, 0xAE3C, 0x8DBC, 0x859C, 0x859C,
    0x859C, 0x8DBC, 0x8DBC, 0x8DBC, 0x8DBC, 0x8DBD, 0x8DDD, 0x8DDD, 0x8DDD, 0x8DDD, 0x8DDD, 0x8DDD, 0x8DDD, 0x8DDD, 0x8DDD, 0x8DDD,
    0x8DDD, 0x8DDD, 0x8DDD, 0x8DDD, 0x85DD, 0x85FD, 0x85FE, 0x8DFE, 0x8DFE, 0x8DFE, 0x8E1E, 0x861F, 0x861F, 0x7E1F, 0x7E1F, 0x7E1F,
    0x861F, 0x861F, 0x963F, 0x963F, 0x8E5F, 0x9EDF, 0x9EDF, 0x9E5F, 0x965F, 0x967F, 0x7E3E, 0x761E, 0x761E, 0x761E, 0x761E, 0x761E,
    0x761E, 0x761E, 0x6DFE, 0x761E, 0x6DFE, 0x6DFE, 0x6DFE, 0x6DFE, 0x6DFE, 0x6DDE, 0x6DDE, 0x6DDE, 0x6DDE, 0x6DDE, 0x6DDE, 0x6DDE,
    0x9EBF, 0x9EBF, 0x9EBF, 0x9EBF, 0x9EBF, 0x9EBF, 0x9EBF, 0x9EBF, 0x9EBF, 0xAEFF, 0xEFDF, 0xEFDF, 0xEFDF, 0xEFBF, 0xE79F, 0xDF7F,
    0xDF7F, 0xDF7F, 0xE79F, 0xE79F, 0xE7BF, 0xEFDF, 0xEFDF, 0xEFDF, 0xEFDF, 0xEFDF, 0xEFDF, 0xEFDF, 0xE7BF, 0xD79F, 0xB6FF, 0x9EBF,
    0x9EBF, 0x9EBF, 0x9EBF, 0x9EBF, 0x9EBF, 0x9EBF, 0x9EBF, 0x9EBF, 0x9EBF, 0x9EBF, 0x9EBF, 0x9EBF, 0x9EBF, 0x9E7E, 0xBEBF, 0xC6BE,
    0xC6BE, 0xCEBE, 0xD6DE, 0xD6FE, 0xD6DE, 0xCEDE, 0xCEBE, 0xCEBD, 0xCEDD, 0xD6DD, 0xD6DD, 0xD6DD, 0xD6FD, 0xD6FD, 0xD6FD, 0xD6FD,
    0xD6DD, 0xD6DD, 0xD6DD, 0xD6DD, 0xD6BD, 0xD6BD, 0xD6BD, 0xD6BC, 0xCEBC, 0xCEBC, 0xCEBC, 0xCEBC, 0xCEBC, 0xC69C, 0xC69C, 0xC67C,
    0xBE7B, 0xBE7B, 0xBE7B, 0xBE7B, 0xB65B, 0xB65A, 0xCE7A, 0xC659, 0xBE19, 0xCE5A, 0xE6FB, 0xE71B, 0xE71B, 0xE6FB, 0xE6FA, 0xE6FA,
    0xE71B, 0xE71A, 0xE71A, 0xE71A, 0xE6FA, 0xE6FA, 0xE6FA, 0xE6FA, 0xDEFA, 0xE6DA, 0xDEDA, 0xDEDA, 0xD6B9, 0xD699, 0xCE79, 0xC659,
    0xC639, 0xBE39, 0xBE39, 0xBE19, 0xBE19, 0xBE19, 0xBE19, 0xB619, 0xB619, 0xB5F9, 0xB5F9, 0xADD8, 0x9DB8, 0x8D79, 0x8559, 0x8579,
    0x857A, 0x8D9A, 0x8DBA, 0x95BA, 0x95BB, 0x95BB, 0x95BB, 0x9DDB, 0x9DDB, 0xA5FB, 0xAE1B, 0xAE3C, 0xAE3C, 0xB65C, 0xAE5C, 0xAE3C,
    0xAE3C, 0xA61C, 0xA61C, 0x9E1C, 0x9DFC, 0x9DFC, 0x9DFC, 0xA5FC, 0xA61C, 0xA61C, 0xA61C, 0xA61C, 0xA61C, 0xA61C, 0xA5FC, 0xA5DB,
    0x9DDB, 0xA5DB, 0xA5FB, 0xA61C, 0xA61C, 0xAE1C, 0xAE1C, 0xAE1C, 0xA61C, 0xA61C, 0xAE1C, 0xAE1C, 0x95DC, 0x859B, 0x859C, 0x859C,
    0x859C, 0x8DBC, 0x8DBC, 0x8DBC, 0x8DBC, 0x8DDD, 0x8DDD, 0x8DDD, 0x8DDD, 0x8DDD, 0x8DDD, 0x8DDD, 0x8DDD, 0x8DDD, 0x8DDD, 0x8DDD,
    0x8DDD, 0x8DDD, 0x8DDD, 0x8DDD, 0x85DD, 0x85FE, 0x85FE, 0x8DFE, 0x8DFE, 0x8DFE, 0x8E1E, 0x861F, 0x861F, 0x7E1F, 0x7E1F, 0x7E1F,
    0x7E1F, 0x861F, 0x8E3F, 0x963E, 0x8E5F, 0x9EDF, 0x96BF, 0x9E9F, 0x965F, 0x967F, 0x7E3E, 0x761E, 0x761E, 0x761E, 0x6E1E, 0x761E,
    0x6DFE, 0x6DFE, 0x75FE, 0x6DFE, 0x6DFE, 0x6DFE, 0x6DDE, 0x6DFE, 0x6DDE, 0x6DDE, 0x6DDE, 0x6DDE, 0x6DDE, 0x6DBE, 0x6DBE, 0x6DBE,
    0x9EBF, 0x9EBF, 0x9EBF, 0x9EBF, 0x9EBF, 0x9EBF, 0x9EBF, 0x9EBF, 0xA6DF, 0xD77F, 0xEFDF, 0xEFDF, 0xEFBF, 0xE79F, 0xDF7F, 0xD75F,
    0xD75F, 0xD75F, 0xD75F, 0xDF7F, 0xE79F, 0xE79F, 0xEFBF, 0xEFDF, 0xEFDF, 0xEFDF, 0xEFDF, 0xEFDF, 0xEFDF, 0xEFDF, 0xEFBF, 0xDF9F,
    0xA6DF, 0x9EBF, 0x9EBF, 0x9EBF, 0x9EBF, 0x9EBF, 0x9EBF, 0x9EBF, 0x9EBF, 0x9EBF, 0x9EBF, 0x9EBF, 0x9EBF, 0xA67E, 0xBEBE, 0xC69E,
    0xC6BE, 0xCEBE, 0xD6DE, 0xD6DE, 0xD6DE, 0xCEDE, 0xCEBE, 0xCEBD, 0xCEDD, 0xD6DD, 0xD6DD, 0xD6DD, 0xD6FD, 0xD6FD, 0xD6FD, 0xD6FD,
    0xD6DD, 0xD6DD, 0xD6DD, 0xD6DD, 0xD6BD, 0xD6BD, 0xD6BD, 0xD6BC, 0xCEBC, 0xCEBC, 0xCEBD, 0xCEBC, 0xC6BC, 0xC69C, 0xC69C, 0xC67C,
    0xBE7C, 0xBE7B, 0xBE7B, 0xBE7B, 0xB65B, 0xA63A, 0xBE5A, 0xC659, 0xBE39, 0xBE18, 0xDEDA, 0xDEDA, 0xDEDA, 0xDEDA, 0xDEDA, 0xDEDA,
    0xDEDA, 0xDEFA, 0xE6FA, 0xE6FA, 0xE6FA, 0xE6FA, 0xDEFA, 0xDEDA, 0xDEDA, 0xDEDA, 0xDEDA, 0xDEDA, 0xDEDA, 0xDEBA, 0xD6BA, 0xD69A,
    0xCE9A, 0xCE7A, 0xCE7A, 0xC65A, 0xC65A, 0xC65A, 0xC65A, 0xC63A, 0xBE39, 0xBE19, 0xB619, 0xB5F9, 0xADF9, 0xADFA, 0xA5DA, 0x9DDA,
    0x9DDA, 0x9DDA, 0x9DDA, 0x9DDA, 0x9DBA, 0x9DDA, 0x9DDA, 0x9DDA, 0xA5DA, 0xA5FB, 0xAE1B, 0xAE3B, 0xAE3C, 0xB63C, 0xAE3C, 0xAE3C,
    0xAE3C, 0xAE3C, 0xA61C, 0xA61C, 0xA61C, 0xA5FC, 0xA5FC, 0xA5FC, 0xA5FC, 0xA5FC, 0xA61C, 0xA5FC, 0xA61C, 0xA5FB, 0x9DBA, 0xA5BA,
    0x9DBA, 0x9DBA, 0xA5DA, 0xA5FB, 0xA5FB, 0xA5FB, 0xA5FB, 0xA5FB, 0xA5FB, 0xA61B, 0xAE1C, 0x95BB, 0x857B, 0x859B, 0x859C, 0x859C,
    0x85BC, 0x8DBC, 0x8DBC, 0x8DBC, 0x8DBC, 0x8DDD, 0x8DDD, 0x8DDD, 0x8DDD, 0x8DDD, 0x8DDD, 0x8DDD, 0x8DDD, 0x8DDD, 0x8DDD, 0x8DDD,
    0x8DDD, 0x8DDD, 0x8DDD, 0x8DDD, 0x85DE, 0x85FE, 0x85FE, 0x8DFE, 0x8DFE, 0x8DFE, 0x8E1E, 0x861F, 0x861F, 0x7E1F, 0x7E1F, 0x7E1F,
    0x7E1F, 0x863F, 0x8E3F, 0x963F, 0x8E7F, 0x9EFF, 0x96BF, 0x9EBF, 0x967F, 0x967F, 0x7E3E, 0x761E, 0x761E, 0x761E, 0x75FE, 0x761E,
    0x75FE, 0x75FE, 0x75FE, 0x75FE, 0x6DFE, 0x75FE, 0x6DDE, 0x6DDE, 0x6DDE, 0x6DDE, 0x6DDE, 0x6DDE, 0x6DDE, 0x6DDE, 0x6DDE, 0x6DDE,
    0x9EBF, 0x9EBF, 0x9EBF, 0x9EBF, 0x9EBF, 0x9EBF, 0x9EBF, 0x9EBF, 0xBF1F, 0xEFDF, 0xEFDF, 0xEFDF, 0xE79F, 0xDF7F, 0xD75F, 0xD75E,
    0xCF3E, 0xCF3E, 0xCF3E, 0xD73E, 0xD75F, 0xDF7F, 0xDF7F, 0xE79F, 0xEFBF, 0xEFDF, 0xEFDF, 0xEFDF, 0xEFDF, 0xEFDF, 0xEFDF, 0xEFDF,
    0xE7BF, 0xA6DF, 0x9EBF, 0x9EBF, 0x9EBF, 0x9EBF, 0x9EBF, 0x9EBF, 0x9EBF, 0x9EBF, 0x9EBF, 0x9EBF, 0x9EBF, 0xA67E, 0xBEBE, 0xC6BE,
    0xC6BE, 0xCEBE, 0xD6DE, 0xD6DE, 0xCEDE, 0xCEBE, 0xCEBD, 0xCEBD, 0xCEDD, 0xD6DD, 0xD6DD, 0xD6DD, 0xD6FD, 0xD6FD, 0xD6FD, 0xD6FD,
    0xD6FD, 0xD6DD, 0xD6DD, 0xD6DC, 0xDEFC, 0xD6BD, 0xD6BD, 0xD6BC, 0xCEBC, 0xCEBC, 0xCEBD, 0xCEBD, 0xC6BC, 0xC69C, 0xC69C, 0xC67C,
    0xBE7C, 0xBE7B, 0xBE7B, 0xBE7B, 0xB65B, 0xAE3A, 0xA63A, 0xBE39, 0xBE19, 0xBE19, 0xCE59, 0xD69A, 0xD67A, 0xCE79, 0xD679, 0xD699,
    0xDEBA, 0xDEDA, 0xDEDA, 0xDEDA, 0xDEDA, 0xDEDA, 0xDEDA, 0xDEDA, 0xDEDA, 0xDEDA, 0xDEDA, 0xDEBA, 0xDEDA, 0xD6BA, 0xD6BA, 0xD6BA,
    0xD69A, 0xCE9A, 0xCE9A, 0xCE7A, 0xC65A, 0xC65A, 0xC65A, 0xC63A, 0xBE3A, 0xBE3A, 0xBE1A, 0xB61A, 0xADFA, 0xADFA, 0xADFA, 0xADFA,
    0xA5FA, 0xA5DA, 0xA5DA, 0xA5DA, 0x9DBA, 0x9DBA, 0x9DB9, 0x9DB9, 0xA5B9, 0xA5DA, 0xA5FA, 0xADFB, 0xAE1B, 0xAE1B, 0xAE1B, 0xAE1B,
    0xAE1B, 0xA61B, 0xA61C, 0xA5FC, 0xA5FB, 0xA5FB, 0xA5FB, 0xA5FB, 0xA5FB, 0xA5FC, 0xA5FC, 0xA5FB, 0x95BB, 0x64FA, 0x8559, 0xA5BA,
    0xA5BA, 0xA5BA, 0xA5BA, 0xA5DA, 0xA5DA, 0xA5FB, 0xA5FB, 0xA5FB, 0xADFB, 0x9DFB, 0x859B, 0x7D7B, 0x859B, 0x859B, 0x859C, 0x859C,
    0x85BC, 0x85BC, 0x8DBC, 0x8DBC, 0x8DBC, 0x8DDD, 0x8DDD, 0x8DDD, 0x8DDD, 0x8DDD, 0x8DDD, 0x8DDD, 0x8DDD, 0x8DDD, 0x8DDD, 0x8DDD,
    0x8DDD, 0x8DDD, 0x8DDD, 0x85DD, 0x85DE, 0x85FE, 0x85FE, 0x8DDE, 0x8DFE, 0x95FE, 0x961E, 0x861F, 0x861F, 0x7E1F, 0x7E1F, 0x7E1F,
    0x7E1F, 0x967F, 0x8E3F, 0x8E3F, 0x8E7F, 0xA71F, 0x96DF, 0x9EDF, 0x967F, 0x969F, 0x761E, 0x763E, 0x75FE, 0x75FE, 0x75FE, 0x75FE,
    0x75FE, 0x75FE, 0x75FE, 0x75FE, 0x6DFE, 0x6DFE, 0x6DFE, 0x6DDE, 0x6DDE, 0x6DDE, 0x6DDE, 0x6DDE, 0x6DDE, 0x6DDE, 0x6DDE, 0x6DBE,
    0x9EBF, 0x9EBF, 0x9EBF, 0x9EBF, 0x9EBF, 0x9EBF, 0x9EBF, 0xA6DF, 0xE79F, 0xEFDF, 0xEFDF, 0xEFBF, 0xE79F, 0xD75F, 0xCF3E, 0xCF3E,
    0xC73E, 0xC73E, 0xC73E, 0xC73E, 0xCF3E, 0xCF3E, 0xD75F, 0xDF7F, 0xDF9F, 0xE79F, 0xEFBF, 0xEFDF, 0xEFDF, 0xEFDF, 0xEFDF, 0xEFDF,
    0xEFDF, 0xBF1F, 0x9EBF, 0x9EBF, 0x9EBF, 0x9EBF, 0x9EBF, 0x9EBF, 0x9EBF, 0x9EBF, 0x9EBF, 0x9EBF, 0x9EDF, 0xA67F, 0xBEBE, 0xC6BE,
    0xCEBE, 0xCEBE, 0xD6DE, 0xD6DE, 0xCEDE, 0xCEBD, 0xCEBD, 0xCEBD, 0xCEDD, 0xD6DD, 0xD6DD, 0xD6DD, 0xD6FD, 0xD6FD, 0xD6FD, 0xD6FD,
    0xD6DD, 0xD6DD, 0xD6DD, 0xDEFC, 0xFF7C, 0xDEDD, 0xD6BD, 0xD6BD, 0xCEBD, 0xCEBD, 0xCEBD, 0xC6BD, 0xC6BD, 0xC69C, 0xC69C, 0xBE7C,
    0xBE7C, 0xBE7B, 0xBE7B, 0xBE7B, 0xB65B, 0xB65A, 0xA63A, 0xA61A, 0xA5FA, 0xB619, 0xC639, 0xC639, 0xBE39, 0xBE19, 0xBE19, 0xC659,
    0xD67A, 0xD6BA, 0xDEBA, 0xDEDA, 0xDEDA, 0xDEDA, 0xDEBA, 0xD6BA, 0xD6BA, 0xD6BA, 0xD6BA, 0xD6BA, 0xD6BA, 0xD6BA, 0xD69A, 0xCE9A,
    0xCE9A, 0xCE7A, 0xC65A, 0xC65A, 0xC65A, 0xC65A, 0xC63A, 0xBE3A, 0xBE1A, 0xB61A, 0xB61A, 0xB5FA, 0xADFA, 0xADFA, 0xADFA, 0xA5DA,
    0xA5DA, 0xA5DA, 0xA5DA, 0xA5BA, 0xA5B9, 0xA5B9, 0xAD77, 0xAD57, 0xADB9, 0xA5B9, 0xA5B9, 0xA5DA, 0xA5DA, 0xA5DA, 0xA5DA, 0xA5DA,
    0xA5FA, 0xA5DB, 0xA5DB, 0xA5DB, 0xA5DB, 0x9DDB, 0x9DDB, 0xA5DB, 0xA5DB, 0xA5FB, 0xA5FB, 0x857A, 0x5CD9, 0x5CD9, 0x5CD9, 0x751A,
    0x959A, 0xA5BA, 0xA5BA, 0xA5DA, 0xA5DA, 0xA5DB, 0xA5FB, 0x9DDB, 0x8D9B, 0x755B, 0x7D7B, 0x7D7B, 0x859B, 0x859B, 0x859C, 0x859C,
    0x859C, 0x85BC, 0x8DBC, 0x8DBC, 0x8DBC, 0x8DDD, 0x8DDD, 0x8DDD, 0x8DDD, 0x8DDD, 0x8DDD, 0x8DDD, 0x8DDD, 0x8DDD, 0x8DDD, 0x8DDD,
    0x8DDD, 0x8DFD, 0x85FD, 0x85FE, 0x85FE, 0x85DE, 0x85DE, 0x8DDE, 0x8DFE, 0xADFE, 0x9E1E, 0x861F, 0x861F, 0x7E1F, 0x7E1F, 0x7E1F,
    0x7E3F, 0x8E5F, 0x863F, 0x8E5F, 0x8E9F, 0xA73F, 0x96DF, 0x9EFF, 0x967F, 0x9E9E, 0x763E, 0x763E, 0x761E, 0x761E, 0x761E, 0x761E,
    0x75FE, 0x761E, 0x75FE, 0x75FE, 0x6DFE, 0x6DFE, 0x6DFE, 0x6DFE, 0x6DDE, 0x6DDE, 0x6DDE, 0x6DDE, 0x6DDE, 0x6DDE, 0x6DDE, 0x6DBE,
    0x9EBF, 0x9EBF, 0x9EBF, 0x9EBF, 0x9EBF, 0x9EBF, 0x9EBF, 0xCF5F, 0xEFDF, 0xEFDF, 0xEFDF, 0xE79F, 0xDF7F, 0xD75F, 0xCF3E, 0xC73D,
    0xBF1D, 0xBF1D, 0xBF1D, 0xBF1D, 0xBF1D, 0xC73D, 0xCF3E, 0xCF3E, 0xD75F, 0xDF7F, 0xDF9F, 0xE79F, 0xEFBF, 0xEFDF, 0xEFDF, 0xEFDF,
    0xEFDF, 0xBF3F, 0x9EBF, 0x9EBF, 0x9EBF, 0x9EBF, 0x9EBF, 0x9EBF, 0x9EBF, 0x9EBF, 0x9EBF, 0x9EBF, 0x9E9F, 0xAE7F, 0xBE9E, 0xC6BE,
    0xCEBE, 0xCEBE, 0xCEBE, 0xD6DE, 0xCEDE, 0xCEBE, 0xCEBD, 0xCEBD, 0xCEBD, 0xD6DD, 0xD6DD, 0xD6DD, 0xD6FD, 0xD6FD, 0xD6FD, 0xD6FD,
    0xD6DD, 0xD6DD, 0xD6DD, 0xDEDD, 0xFFBC, 0xEF1C, 0xD6BD, 0xD6BD, 0xCEBD, 0xCEBD, 0xCEBD, 0xC6BD, 0xC6BD, 0xC69D, 0xC69C, 0xBE9C,
    0xBE7C, 0xBE7C, 0xB67B, 0xB67B, 0xB65B, 0xB65B, 0xAE5A, 0xA63A, 0x9E1A, 0x95FA, 0x95DA, 0xB619, 0xB5F9, 0xADD9, 0xA5D9, 0xADF9,
    0xBE3A, 0xD69A, 0xD69A, 0xD6BA, 0xD6BA, 0xD6BA, 0xD69A, 0xD69A, 0xD69A, 0xCE9A, 0xCE9A, 0xCE7A, 0xCE7A, 0xCE7A, 0xCE5A, 0xC65A,
    0xC63A, 0xBE3A, 0xBE19, 0xB619, 0xB619, 0xB619, 0xB619, 0xB5F9, 0xB5F9, 0xB5FA, 0xADDA, 0xADDA, 0xADD9, 0xA5D9, 0xADD9, 0xADD9,
    0xA5B9, 0xA5B9, 0xADD9, 0xADD9, 0xAD77, 0xACB3, 0xAC0F, 0xAC2F, 0xACB3, 0xAD56, 0xADB9, 0xADB9, 0xA5B9, 0xA5B9, 0xA5B9, 0x9DB9,
    0x9DB9, 0x9DB9, 0x9DBA, 0x9DBA, 0x9D9A, 0x9DBA, 0xA5BA, 0xA5DA, 0xA5DB, 0x95BB, 0x6D1A, 0x5CD9, 0x5CD9, 0x5CD9, 0x5CDA, 0x64FA,
    0x64FA, 0x6D1A, 0x7D5A, 0x857A, 0x857A, 0x857A, 0x7D5B, 0x6D3B, 0x755B, 0x755B, 0x7D7B, 0x7D7B, 0x857B, 0x857C, 0x859C, 0x859C,
    0x859C, 0x85BC, 0x8DBC, 0x8DBC, 0x8DBD, 0x8DBD, 0x8DDD, 0x8DDD, 0x8DDD, 0x8DDD, 0x8DDD, 0x8DDD, 0x8DDD, 0x8DDD, 0x8DDD, 0x8DFD,
    0x8DFD, 0x85FE, 0x85FE, 0x85FE, 0x85FE, 0x85FE, 0x85DE, 0x8DDE, 0x9DFD, 0xC61D, 0x961E, 0x861F, 0x861F, 0x7E1F, 0x7E1F, 0x7E1F,
    0x863F, 0x863F, 0x863F, 0x865F, 0x8E9F, 0xA73F, 0x9EFF, 0x9EFF, 0x969F, 0x9EDF, 0x75FE, 0x761E, 0x6E1E, 0x75FE, 0x761E, 0x6E1E,
    0x6DFE, 0x6DFE, 0x6DFE, 0x6DFE, 0x6DFE, 0x6DFE, 0x6DFE, 0x6DDE, 0x6DDE, 0x6DDE, 0x6DDE, 0x6DDE, 0x6DDE, 0x6DDE, 0x6DDE, 0x6DBE,
    0x9EBF, 0x9EBF, 0x9EBF, 0x9EBF, 0x9EBF, 0x9EBF, 0xAEDF, 0xE7BF, 0xEFDF, 0xEFDF, 0xEFBF, 0xDF7F, 0xD75F, 0xCF3E, 0xC73E, 0xBF1D,
    0xB71D, 0xB71C, 0xB71C, 0xB71C, 0xB71D, 0xB71D, 0xBF1D, 0xC73E, 0xCF3E, 0xCF3E, 0xD75F, 0xDF7F, 0xE79F, 0xE79F, 0xEFBF, 0xEFDF,
    0xEFDF, 0xD77F, 0x9EBF, 0x9EBF, 0x9EBF, 0x9EBF, 0x9EBF, 0x9EBF, 0x9EBF, 0x9EBF, 0x9EBF, 0x9EBF, 0x9E9F, 0xAE7F, 0xC6BE, 0xC69E,
    0xCEBE, 0xCEDE, 0xCEBE, 0xCEDE, 0xCEDE, 0xCEBD, 0xCEBD, 0xCEBD, 0xCEBD, 0xD6DD, 0xD6DD, 0xD6DD, 0xD6FD, 0xD6FD, 0xD6FD, 0xD6FD,
    0xD6DD, 0xD6DD, 0xD6DD, 0xD6DD, 0xFF9C, 0xEF3C, 0xD6BD, 0xD6BD, 0xCEBD, 0xCEBD, 0xC6BD, 0xC6BD, 0xC6BD, 0xC69D, 0xBE9D, 0xBE9C,
    0xBE7C, 0xB67C, 0xB67C, 0xB65B, 0xB65B, 0xB65B, 0xAE5B, 0xAE3B, 0xA63A, 0x9E1A, 0x8DDA, 0x85BA, 0x8DBA, 0x95BA, 0x95B9, 0x95B9,
    0x8D99, 0x9DFA, 0xCE7A, 0xD679, 0xD679, 0xCE79, 0xCE79, 0xCE79, 0xCE79, 0xCE59, 0xC659, 0xC659, 0xC639, 0xBE39, 0xBE19, 0xB619,
    0xADF9, 0xADD9, 0xA5D9, 0xA5B9, 0xA5B9, 0xA5B9, 0xA5D9, 0xADB9, 0xADB9, 0xADB9, 0xADB9, 0xADB9, 0xADB9, 0xADD9, 0xADD9, 0xADD9,
    0xADB8, 0xAD77, 0x9C93, 0xA40F, 0xAC2F, 0xB42F, 0xB430, 0xB450, 0xB450, 0xB450, 0xAC92, 0xAD15, 0xAD77, 0xAD98, 0xA5B9, 0xA5B9,
    0xA5B9, 0xA599, 0xA599, 0xA5B9, 0xA5B9, 0xA5BA, 0x9DBA, 0x8D9A, 0x6D1A, 0x5CD9, 0x5CD9, 0x5CD9, 0x5CDA, 0x64FA, 0x64FA, 0x64FA,
    0x64FA, 0x64FA, 0x64FA, 0x651A, 0x651A, 0x6D1A, 0x6D3B, 0x753B, 0x755B, 0x7D5B, 0x7D5B, 0x857B, 0x857B, 0x857C, 0x859C, 0x859C,
    0x859C, 0x85BC, 0x8DBC, 0x8DBD, 0x8DBD, 0x8DBD, 0x8DDD, 0x8DDD, 0x8DDD, 0x8DDD, 0x8DDD, 0x8DDD, 0x8DDD, 0x8DDD, 0x8DDD, 0x8DFE,
    0x8DFE, 0x85FE, 0x85FE, 0x85FE, 0x85FE, 0x85DE, 0x8DDE, 0x8DFE, 0xB61D, 0xC61D, 0x961E, 0x863F, 0x863F, 0x7E1F, 0x7E1F, 0x863F,
    0x863F, 0x863F, 0x865F, 0x865F, 0x96BF, 0xAF5F, 0x9F1F, 0x96DF, 0x969F, 0x96BE, 0x761E, 0x761E, 0x75FE, 0x761E, 0x75FE, 0x761E,
    0x6DFE, 0x6DFE, 0x6DFE, 0x6DFE, 0x6DFE, 0x6DFE, 0x6DFE, 0x6DFE, 0x6DDE, 0x6DFE, 0x6DDE, 0x6DDE, 0x6DDE, 0x6DDE, 0x6DDE, 0x6DDE,
    0x9EBF, 0x9EBF, 0x9EBF, 0x9EBF, 0x9EBF, 0x9EBF, 0xD77F, 0xEFDF, 0xEFDF, 0xEFBF, 0xE79F, 0xDF7F, 0xCF5E, 0xC73E, 0xBF1D, 0xBF1D,
    0xB71C, 0xAF1C, 0xAF1C, 0xAF1C, 0xAF1C, 0xB71C, 0xB71C, 0xB71D, 0xBF1D, 0xC73E, 0xCF3E, 0xD73E, 0xD75F, 0xDF7F, 0xE79F, 0xE7BF,
    0xEFBF, 0xE79F, 0xA6BF, 0x9EBF, 0x9EBF, 0x9EBF, 0x9EBF, 0x9EBF, 0x9EBF, 0x9EBF, 0x9EBF, 0x9EBF, 0x9E9F, 0xAE7F, 0xC6BE, 0xC6BE,
    0xCEBD, 0xCEDE, 0xCEBE, 0xCEDE, 0xCEDE, 0xCEBD, 0xCEBD, 0xCEBD, 0xCEBD, 0xD6DD, 0xD6DD, 0xD6DD, 0xD6FD, 0xD6FD, 0xD6FD, 0xD6FD,
    0xD6FD, 0xD6DD, 0xD6DD, 0xD6DD, 0xE71C, 0xE71C, 0xD6BD, 0xD6BD, 0xCEBD, 0xCEBD, 0xC6BD, 0xC6BD, 0xC6BD, 0xC69D, 0xBE9D, 0xBE9D,
    0xBE7C, 0xB67C, 0xB67C, 0xB65C, 0xAE5B, 0xAE5B, 0xAE5B, 0xAE5B, 0xA63B, 0xA63A, 0x9E1A, 0x95FA, 0x8DDA, 0x85BA, 0x7D9A, 0x6D7A,
    0x655A, 0x653A, 0x7D9A, 0xC659, 0xC659, 0xC639, 0xC639, 0xC639, 0xBE19, 0xBE19, 0xBE19, 0xB5F9, 0xADF9, 0xADD9, 0xA5D9, 0xA5B9,
    0x9DB9, 0x9DB9, 0x9DB9, 0xA557, 0xAD14, 0xAD14, 0xAD56, 0xADB8, 0xADD9, 0xADD9, 0xADD9, 0xADD9, 0xADD8, 0xADB8, 0xB555, 0xB4B2,
    0xAC2F, 0xA3CD, 0x7AEB, 0x9BAD, 0xB42F, 0xB450, 0xB450, 0xB450, 0xB470, 0xB470, 0xB450, 0xB450, 0xB471, 0xAC91, 0xACB2, 0xACD3,
    0xACF4, 0xAD15, 0xA516, 0x7D39, 0x7519, 0x64F9, 0x5CD9, 0x5CD9, 0x5CD9, 0x5CD9, 0x5CDA, 0x5CDA, 0x5CFA, 0x64FA, 0x64FA, 0x64FA,
    0x64FA, 0x64FA, 0x64FA, 0x651A, 0x6D1A, 0x6D3B, 0x753B, 0x755B, 0x755B, 0x7D5B, 0x855B, 0x857B, 0x857B, 0x857B, 0x859C, 0x859C,
    0x859C, 0x85BC, 0x8DBC, 0x85BD, 0x8DBD, 0x8DBD, 0x8DBD, 0x8DDD, 0x8DDD, 0x8DDD, 0x8DDD, 0x8DDD, 0x8DDD, 0x8DFD, 0x8DFD, 0x8DFE,
    0x8E1E, 0x8E1E, 0x8E1E, 0x8DFE, 0x85FE, 0x85DE, 0x8DDE, 0x95FD, 0xC61D, 0xB61D, 0x8E1E, 0x865F, 0x863F, 0x7E1F, 0x7E1F, 0x863F,
    0x863F, 0x863F, 0x865F, 0x865F, 0x9EDF, 0xAF5F, 0xA71F, 0x969F, 0x9EDF, 0x865E, 0x761E, 0x761E, 0x761E, 0x761E, 0x761E, 0x761E,
    0x75FE, 0x6DFE, 0x75FE, 0x6DFE, 0x6DFE, 0x6DFE, 0x6DFE, 0x6DFE, 0x6DDE, 0x6DDE, 0x6DDE, 0x6DDE, 0x6DDE, 0x6DDE, 0x6DBE, 0x6DBE,
    0x9EBF, 0x9EBF, 0x9EBF, 0x9EBF, 0x9EBF, 0xA6DF, 0xE7BF, 0xEFDF, 0xEFDF, 0xE7BF, 0xDF7F, 0xD75F, 0xCF3E, 0xC73D, 0xBF1D, 0xB71D,
    0xAF1C, 0xA71C, 0xA71C, 0xA71C, 0xA71C, 0xA71C, 0xAF1C, 0xAF1C, 0xB71D, 0xBF1D, 0xC71D, 0xC73E, 0xCF3E, 0xD75F, 0xDF7F, 0xE77F,
    0xE79F, 0xE79F, 0x9EBF, 0x9EBF, 0x9EBF, 0x9EBF, 0x9EBF, 0x9EBF, 0x9EBF, 0x9EBF, 0x9EBF, 0x9EBF, 0x9E9F, 0xAE7F, 0xC6BE, 0xC6BE,
    0xCEBD, 0xCEBD, 0xCEBE, 0xCEBD, 0xCEBD, 0xCEBD, 0xCEBD, 0xCEBD, 0xCEBD, 0xD6BD, 0xD6DD, 0xD6DD, 0xD6DD, 0xD6FD, 0xD6DD, 0xD6DD,
    0xD6DD, 0xCEDD, 0xCEDD, 0xCEDD, 0xD6BD, 0xD6BD, 0xD6BD, 0xCEBD, 0xCEBD, 0xCEBD, 0xC6BD, 0xC6BD, 0xC6BD, 0xC69D, 0xBE9D, 0xBE9D,
    0xBE7C, 0xB67C, 0xB67C, 0xAE5C, 0xAE5C, 0xAE5B, 0xAE5B, 0xAE5B, 0xA63B, 0xA63B, 0x9E3A, 0x9E1A, 0x961A, 0x95FA, 0x85DA, 0x7D9A,
    0x6D7A, 0x655A, 0x653A, 0x6D5A, 0x9DDA, 0xB619, 0xB5F9, 0xB5D9, 0xADD9, 0xADD9, 0xADD9, 0xA5B9, 0xA5B9, 0x9DB9, 0x9DB9, 0x9DBA,
    0x9DB9, 0x959A, 0x64B8, 0xA451, 0xB471, 0xB471, 0xB470, 0xB450, 0xB471, 0xB491, 0xB491, 0xB491, 0xB470, 0xB42F, 0xB40E, 0xB3ED,
    0xABED, 0xA3AD, 0x734E, 0x9BAE, 0xB42F, 0xB450, 0xB450, 0xB470, 0xB471, 0xB471, 0xB471, 0xB471, 0xB471, 0xB471, 0xB471, 0xB471,
    0xAC71, 0xAC72, 0x9C94, 0x54B9, 0x54B9, 0x5CB9, 0x5CD9, 0x5CD9, 0x5CDA, 0x5CDA, 0x5CFA, 0x5CFA, 0x5CFA, 0x64FA, 0x64FA, 0x6CFA,
    0x64FA, 0x64FA, 0x651A, 0x6D1A, 0x6D3B, 0x6D3B, 0x753B, 0x755B, 0x7D5B, 0x855B, 0x857B, 0x8D7B, 0x857B, 0x857B, 0x859C, 0x859C,
    0x859C, 0x859C, 0x85BC, 0x85BD, 0x85BD, 0x85BD, 0x8DBD, 0x8DBD, 0x8DBD, 0x8DDD, 0x8DDD, 0x8DDD, 0x8DDD, 0x8DFD, 0x8E5E, 0x969E,
    0x8E1E, 0x8E1E, 0x8E1E, 0x85FE, 0x85FE, 0x85DE, 0x8DDD, 0xA5FD, 0xC61D, 0xA61E, 0x8E1E, 0x861F, 0x7E1F, 0x7E1F, 0x7E1F, 0x863F,
    0x863F, 0x863F, 0x865F, 0x865F, 0x9EFF, 0xA71F, 0x9EFF, 0x8E9F, 0xA6DF, 0x7E3E, 0x761E, 0x761E, 0x761E, 0x761E, 0x761E, 0x761E,
    0x761E, 0x761E, 0x75FE, 0x75FE, 0x6DFE, 0x75FE, 0x6DDE, 0x6DFE, 0x6DDE, 0x6DDE, 0x6DDE, 0x6DDE, 0x6DDE, 0x6DBE, 0x6DDE, 0x6DBE,
    0x9EBF, 0x9EBF, 0x9EBF, 0x9EBF, 0x9EBF, 0xB71F, 0xEFDF, 0xEFDF, 0xEFBF, 0xE79F, 0xDF7F, 0xD73E, 0xC73E, 0xBF1D, 0xB71C, 0xAF1C,
    0xA71C, 0xA71C, 0xA6FB, 0xA71B, 0xA71B, 0xA71C, 0xA71C, 0xAF1C, 0xAF1C, 0xB71C, 0xBF1D, 0xC71D, 0xCF3E, 0xD73E, 0xD75F, 0xDF7F,
    0xE79F, 0xD77F, 0x9EDF, 0x9EBF, 0x9EBF, 0x9EBF, 0x9EBF, 0x9EBF, 0x9EBF, 0x9EBF, 0x9EBF, 0x9EBF, 0x9E9F, 0xAE7F, 0xC6BE, 0xC6BE,
    0xCEDE, 0xCEBD, 0xCEBD, 0xCEBD, 0xCEBD, 0xC6BD, 0xC6BD, 0xCEBD, 0xCEBD, 0xCEBD, 0xD6BD, 0xD6DD, 0xD6DD, 0xD6DD, 0xD6DD, 0xD6DD,
    0xCEDD, 0xCEDD, 0xCEDD, 0xCEDD, 0xCEBD, 0xD6BD, 0xD6BD, 0xCEBD, 0xCEBD, 0xCEBD, 0xC6BD, 0xC6BD, 0xC6BD, 0xBE9D, 0xBE9D, 0xBE9D,
    0xB67C, 0xB67C, 0xB67C, 0xAE7C, 0xAE5C, 0xAE5C, 0xA65B, 0xA63B, 0xA63B, 0xA63B, 0x9E3B, 0x9E1B, 0x961B, 0x95FB, 0x8DDB, 0x7DBB,
    0x759A, 0x6D7A, 0x655A, 0x653A, 0x5D1A, 0x6D5A, 0x857A, 0x95BA, 0xA5DA, 0xA5D9, 0xA5B9, 0x9DB9, 0x9DB9, 0x9DB9, 0x95B9, 0x9DBA,
    0x7D39, 0x5C99, 0x5478, 0x9473, 0xB491, 0xB491, 0xB471, 0xB470, 0xB470, 0xB450, 0xB450, 0xB450, 0xB44F, 0xB42F, 0xB42E, 0xB40E,
    0xABED, 0xA3AD, 0x6391, 0x93AF, 0xB42F, 0xB450, 0xB450, 0xB471, 0xB471, 0xB471, 0xB471, 0xB471, 0xB471, 0xB471, 0xB471, 0xB471,
    0xAC91, 0xAC92, 0x8CB5, 0x54B9, 0x5CB9, 0x5CD9, 0x5CDA, 0x5CDA, 0x5CDA, 0x5CFA, 0x64FA, 0x64FA, 0x64FA, 0x64FA, 0x64FA, 0x851A,
    0x751A, 0x6D1A, 0x6D1A, 0x6D1B, 0x6D3B, 0x6D3B, 0x753B, 0x755B, 0x855B, 0x957B, 0x957B, 0xA59B, 0x8D7B, 0x857B, 0x859C, 0x859C,
    0x859C, 0x859C, 0x85BC, 0x85BD, 0x85DD, 0x85DD, 0x85DD, 0x85BD, 0x8DBD, 0x8DDD, 0x8DDD, 0x8DDD, 0x8DDD, 0x8DFD, 0xAF5F, 0x9EFE,
    0x8E1E, 0x8E1E, 0x8E1E, 0x8DFE, 0x85FE, 0x8DDD, 0x8DDD, 0xB5FD, 0xBE1D, 0x961E, 0x861F, 0x861F, 0x7E1F, 0x7E1F, 0x7E1F, 0x863F,
    0x863F, 0x863F, 0x865F, 0x865F, 0xA71F, 0x8E9F, 0x96BF, 0x969F, 0xA6FF, 0x761E, 0x761E, 0x761E, 0x761E, 0x761E, 0x6E1E, 0x75FE,
    0x6E1E, 0x75FE, 0x6DDE, 0x6DFE, 0x6DDE, 0x6DDE, 0x6DDE, 0x6DDE, 0x6DDE, 0x6DBE, 0x6DBE, 0x6DBE, 0x6DBE, 0x6DBE, 0x6DBE, 0x6DBE,
    0x9EBF, 0x9EBF, 0x9EBF, 0x9EBF, 0x9EBF, 0xB71F, 0xEFDF, 0xEFBF, 0xE7BF, 0xDF7F, 0xD75F, 0xCF3E, 0xBF3D, 0xB71D, 0xAF1C, 0xA71C,
    0xA6FC, 0xA6FB, 0xA6FC, 0x9EFB, 0x9EFB, 0x9EFB, 0xA71C, 0xA71C, 0xA71C, 0xAF1C, 0xB71D, 0xBF1D, 0xC73E, 0xCF3E, 0xD75F, 0xDF7F,
    0xE79F, 0xAEFF, 0x9EBF, 0x9EBF, 0x9EBF, 0x9EBF, 0x9EBF, 0x9EBF, 0x9EBF, 0x9EBF, 0x9EBF, 0x9EBF, 0x9E9F, 0xA67E, 0xC6BE, 0xC69E,
    0xCEDE, 0xCEBD, 0xCEBD, 0xC69D, 0xCEBD, 0xC6BD, 0xC69D, 0xCEBD, 0xCE9D, 0xCEBD, 0xCEBD, 0xD6BD, 0xD6DD, 0xD6DD, 0xD6DD, 0xCEDD,
    0xCEDD, 0xCEDD, 0xCEDD, 0xCEDD, 0xCEDD, 0xCEBD, 0xCEBD, 0xCEBD, 0xCEBD, 0xCEBD, 0xC6BD, 0xC6BD, 0xC6BD, 0xBE9D, 0xBE9D, 0xBE9D,
    0xB67C, 0xB67C, 0xB67C, 0xAE5C, 0xAE5C, 0xAE5C, 0xA65C, 0xA63C, 0xA63B, 0x9E3B, 0x9E3B, 0x961B, 0x95FB, 0x8DFB, 0x8DDB, 0x85BB,
    0x7D9B, 0x757B, 0x6D7B, 0x655A, 0x653A, 0x5D1A, 0x5D1A, 0x5CFA, 0x5D1A, 0x6D3A, 0x7D5A, 0x7D7A, 0x7D7A, 0x7D5A, 0x7539, 0x5CB9,
    0x5499, 0x5C98, 0x5C79, 0x8475, 0xB4B1, 0xB491, 0xB491, 0xB471, 0xB470, 0xB470, 0xB450, 0xB450, 0xB44F, 0xB42F, 0xB40E, 0xB3EE,
    0xABEE, 0x9B8D, 0x5BF4, 0x93D0, 0xAC2F, 0xB450, 0xB450, 0xB470, 0xB471, 0xB471, 0xB471, 0xB471, 0xB471, 0xB471, 0xB471, 0xB471,
    0xAC92, 0xACB3, 0x7CB7, 0x54D9, 0x5CDA, 0x5CDA, 0x5CFA, 0x5CFA, 0x64FA, 0x64FA, 0x64FA, 0x5CFA, 0x64FA, 0x64FA, 0x651A, 0x953A,
    0x8D3A, 0x6D1A, 0x6D1A, 0x6D1B, 0x6D3B, 0x6D3B, 0x753B, 0x7D5B, 0x8D7B, 0x957B, 0x9D9B, 0xC61B, 0x8D7B, 0x859C, 0x859C, 0x859C,
    0x859C, 0x85BC, 0x85BC, 0x85DD, 0x85DD, 0x85DD, 0x85DD, 0x85BD, 0x85BD, 0x85DD, 0x8DDD, 0x8DDD, 0x8DDD, 0x8DFE, 0xA6DE, 0x8E3E,
    0x8E1E, 0x8E1E, 0x8DFE, 0x8DFE, 0x8DDE, 0x8DDD, 0x95DD, 0xB5FD, 0xADFD, 0x8DFE, 0x861F, 0x861F, 0x861F, 0x861F, 0x861F, 0x863F,
    0x863F, 0x863F, 0x865F, 0x867F, 0xAF1F, 0x8E9F, 0x8E9F, 0x9EDF, 0x9EBF, 0x761E, 0x761E, 0x761E, 0x761E, 0x761E, 0x6E1E, 0x761E,
    0x761E, 0x6E1E, 0x6DFE, 0x6E1E, 0x6DDE, 0x6DDE, 0x6DDE, 0x6DDE, 0x6DDE, 0x6DDE, 0x6DDE, 0x6DDE, 0x6DBE, 0x6DBE, 0x6DBE, 0x6DBE,
    0x9EBF, 0x9EBF, 0x9EBF, 0x9EBF, 0x9EBF, 0xB71F, 0xEFDF, 0xEFBF, 0xE79F, 0xDF5F, 0xD73E, 0xC73E, 0xBF1D, 0xB71C, 0xAF1C, 0xA6FC,
    0xA6FB, 0x9EFB, 0x9EFB, 0x9EFB, 0x9EFB, 0x9F1B, 0xA6FB, 0xA6FB, 0xA71C, 0xAF1C, 0xB71D, 0xBF1D, 0xC73E, 0xD73E, 0xDF5F, 0xE79F,
    0xD77F, 0x9EBF, 0x9EBF, 0x9EBF, 0x9EBF, 0x9EBF, 0x9EBF, 0x9EBF, 0x9EBF, 0x9EBF, 0x9EBF, 0x9EBF, 0x9EBF, 0xA65E, 0xC6BE, 0xC69E,
    0xCEBD, 0xCEBD, 0xCEBD, 0xC69D, 0xCE9D, 0xC69D, 0xC69D, 0xC69D, 0xCE9D, 0xCE9D, 0xCEBD, 0xCEBD, 0xD6BD, 0xD6DD, 0xD6DD, 0xCEDD,
    0xCEDD, 0xCEDD, 0xCEDD, 0xCEDD, 0xCEDD, 0xCEBD, 0xCEBD, 0xCEBD, 0xCEBD, 0xC6BD, 0xC6BD, 0xC6BD, 0xC69D, 0xBE9D, 0xBE9D, 0xB69D,
    0xB67D, 0xB67C, 0xAE7C, 0xAE5C, 0xAE5C, 0xA65C, 0xA65C, 0xA63C, 0x9E3C, 0x9E3C, 0x961B, 0x961B, 0x95FB, 0x8DFB, 0x8DDB, 0x85DB,
    0x7DBB, 0x759B, 0x757B, 0x6D5B, 0x653B, 0x653A, 0x5D1A, 0x5D1A, 0x5D1A, 0x5CFA, 0x5CFA, 0x5CD9, 0x5CD9, 0x5CB9, 0x5CB9, 0x5CB9,
    0x5CB9, 0x5C99, 0x5C99, 0x7476, 0xB4B2, 0xB492, 0xB491, 0xB471, 0xB470, 0xB470, 0xB450, 0xB450, 0xB44F, 0xB42F, 0xB40E, 0xAC0E,
    0xABCE, 0x938E, 0x4C58, 0x8BF1, 0xAC2F, 0xB450, 0xB450, 0xB470, 0xB470, 0xB470, 0xB470, 0xB470, 0xB470, 0xB471, 0xB471, 0xB471,
    0xAC92, 0xA4D4, 0x64D9, 0x5CDA, 0x5CDA, 0x5CDA, 0x64FA, 0x64FA, 0x64FA, 0x64FA, 0x64FA, 0x64FA, 0x64FA, 0x64FA, 0x6D1A, 0x9D3A,
    0xB57A, 0x751A, 0x6D1B, 0x6D1B, 0x6D1B, 0x6D3B, 0x755B, 0x7D5B, 0x8D7B, 0x957B, 0x9D9B, 0xBDFB, 0x8D9B, 0x859C, 0x859C, 0x859C,
    0x859C, 0x85BC, 0x85BC, 0x85BD, 0x85BD, 0x85BD, 0x85BD, 0x85BD, 0x85BD, 0x85DD, 0x85DD, 0x85DD, 0x8DDD, 0x8DFD, 0x8DFD, 0x8DFD,
    0x8DFD, 0x8DFD, 0x8DFD, 0x8DDD, 0x85DE, 0x8DDD, 0x9DDD, 0xB5FD, 0x9DFE, 0x85FE, 0x861F, 0x861F, 0x861F, 0x861F, 0x861F, 0x861F,
    0x863F, 0x865F, 0x867F, 0x96BF, 0x9EDF, 0x96DF, 0x969F, 0xA71F, 0x863D, 0x761E, 0x761E, 0x761E, 0x761E, 0x6E1E, 0x6DFE, 0x6E1E,
    0x6DFE, 0x6DFE, 0x6DFE, 0x6DFE, 0x6DFE, 0x6DDE, 0x6DFE, 0x6DDE, 0x6DDE, 0x6DDE, 0x6DDE, 0x6DDE, 0x6DBE, 0x6DDE, 0x6DBE, 0x6DBE,
    0x9EBF, 0x9EBF, 0x9EBF, 0x9EBF, 0x9EBF, 0xBF1F, 0xEFBF, 0xE79F, 0xDF7F, 0xD75F, 0xCF3E, 0xC71D, 0xB71D, 0xAF1C, 0xAEFC, 0xA6FC,
    0xA6FB, 0x9EFB, 0x9EFB, 0x9EFB, 0x9EFB, 0x9EFB, 0x9EFB, 0xA71B, 0xAF1C, 0xAF1C, 0xB71D, 0xBF1D, 0xCF3E, 0xD75F, 0xDF7F, 0xE7BF,
    0xAEDF, 0x9EBF, 0x9EBF, 0x9EBF, 0x9EBF, 0x9EBF, 0x9EBF, 0x9EBF, 0x9EBF, 0x9EBF, 0x9EBF, 0x9EBF, 0x9EBF, 0x9E5E, 0xBE9E, 0xC69D,
    0xCEBD, 0xCEBD, 0xCEBD, 0xC69D, 0xC69D, 0xC69D, 0xC69D, 0xC69D, 0xC69D, 0xCE9D, 0xCE9D, 0xCEBD, 0xCEBD, 0xCEBD, 0xCEDD, 0xCEDD,
    0xCEDD, 0xCEDD, 0xCEDD, 0xCEDD, 0xCEDD, 0xCEBC, 0xCEBC, 0xCEBC, 0xCEBD, 0xC6BD, 0xC6BD, 0xC6BD, 0xBE9D, 0xBE9D, 0xBE9D, 0xB69D,
    0xB67D, 0xB67D, 0xAE7C, 0xAE5C, 0xAE5D, 0xA65D, 0xA65C, 0xA63C, 0x9E3C, 0x9E3C, 0x961C, 0x961C, 0x95FC, 0x8DFB, 0x8DDB, 0x85DB,
    0x7DBB, 0x7D9B, 0x757B, 0x6D7B, 0x6D5B, 0x653B, 0x651B, 0x5D1A, 0x5D1A, 0x5D1A, 0x5CFA, 0x64F9, 0x5CD9, 0x64D9, 0x64D9, 0x64B9,
    0x64B9, 0x5C99, 0x5C99, 0x6C76, 0xB491, 0xB491, 0xB491, 0xB491, 0xB470, 0xB470, 0xB450, 0xB450, 0xB44F, 0xB42F, 0xB40E, 0xABEE,
    0xABCE, 0x8BAF, 0x4C9A, 0x7C12, 0xAC0F, 0xB44F, 0xB450, 0xB450, 0xB450, 0xB450, 0xB450, 0xB450, 0xB450, 0xB470, 0xB470, 0xB471,
    0xB4B2, 0x9CD4, 0x54DA, 0x5CDA, 0x5CFA, 0x64FA, 0x64FA, 0x64FA, 0x64FB, 0x64FA, 0x64FB, 0x651A, 0x651A, 0x651A, 0x6D1A, 0x9D3A,
    0xD61A, 0x853A, 0x6D1B, 0x6D1B, 0x6D3B, 0x6D3B, 0x755B, 0x7D5B, 0x8D7B, 0x959B, 0x9D9B, 0x959B, 0x859C, 0x859C, 0x859C, 0x85BC,
    0x85BC, 0x85BC, 0x85BC, 0x85BD, 0x85BD, 0x85BD, 0x85BD, 0x85BD, 0x85DD, 0x85DD, 0x85DD, 0x85DD, 0x85DD, 0x8DDD, 0x8DFD, 0x8DFD,
    0x8DFD, 0x8DDD, 0x8DDD, 0x8E3E, 0xA6DE, 0x8DDD, 0xA5DD, 0xA5FD, 0x8DFE, 0x861F, 0x861F, 0x861F, 0x861F, 0x861F, 0x861F, 0x863F,
    0x863F, 0x865F, 0x8E9F, 0x9EDF, 0x9EFF, 0x8E9F, 0x9EDF, 0xA6FF, 0x763E, 0x761E, 0x761E, 0x761E, 0x761E, 0x761E, 0x6E1E, 0x761E,
    0x6DFE, 0x6DFE, 0x6DFE, 0x6DFE, 0x6DDE, 0x6DFE, 0x6DFE, 0x6DDE, 0x6DDE, 0x6DDE, 0x6DDE, 0x6DBE, 0x6DDE, 0x6DDE, 0x6DBE, 0x6DBE,
    0x9EBF, 0x9EBF, 0x9EBF, 0x9EBF, 0x9EBF, 0xCF5F, 0xE7BF, 0xE79F, 0xDF5F, 0xD75F, 0xC73E, 0xBF1D, 0xB71D, 0xB6FC, 0xAEFC, 0xA6FC,
    0xA6FB, 0x9EFB, 0x9EFB, 0xA6FC, 0xA6FC, 0xA6FB, 0xA6FB, 0xA6FC, 0xAF1C, 0xB71C, 0xBF1D, 0xC73E, 0xCF3E, 0xDF5F, 0xE79F, 0xC75F,
    0x9EBF, 0x9EBF, 0x9EBF, 0x9EBF, 0x9EBF, 0x9EBF, 0x9EBF, 0x9EBF, 0x9EBF, 0x9EBF, 0x9EBF, 0x9EBF, 0x9EBF, 0x9E5E, 0xBE9E, 0xC69D,
    0xCEBD, 0xCEBD, 0xCEBD, 0xCEBD, 0xC69D, 0xC69D, 0xC69D, 0xC69D, 0xC69D, 0xCE9D, 0xCE9D, 0xCE9D, 0xCE9D, 0xCEBC, 0xCEDD, 0xCEDD,
    0xCEDD, 0xCEDD, 0xCEBD, 0xCEDD, 0xCEDD, 0xCEDC, 0xCEBC, 0xCEBC, 0xC6BD, 0xC6BD, 0xC6BD, 0xC69D, 0xBE9D, 0xBE9D, 0xBE9D, 0xB69D,
    0xB67D, 0xB67D, 0xAE7D, 0xAE5D, 0xAE5D, 0xA65D, 0xA65D, 0xA63D, 0x9E3C, 0x9E3C, 0x961C, 0x961C, 0x95FC, 0x8DFC, 0x8DDB, 0x85DB,
    0x85BB, 0x7D9B, 0x757B, 0x757B, 0x6D5B, 0x653B, 0x653B, 0x651A, 0x651A, 0x651A, 0x64FA, 0x64FA, 0x64F9, 0x64D9, 0x64D9, 0x64B8,
    0x64B9, 0x64B9, 0x5C99, 0x6C97, 0xB491, 0xB491, 0xB491, 0xB471, 0xB470, 0xB450, 0xB450, 0xB44F, 0xB44F, 0xB42F, 0xB40E, 0xB3EE,
    0xABCE, 0x83F2, 0x449A, 0x7434, 0xAC2F, 0xB42F, 0xB42F, 0xBC4F, 0xB42F, 0xB42F, 0xB42F, 0xB42F, 0xB450, 0xB450, 0xB450, 0xB470,
    0xB492, 0x94D5, 0x5CDA, 0x5CDA, 0x5CFA, 0x64FA, 0x64FA, 0x64FB, 0x64FB, 0x651B, 0x651B, 0x651B, 0x651A, 0x651A, 0x6D1A, 0x8D3A,
    0xD61A, 0x955A, 0x6D3B, 0x6D1B, 0x6D1B, 0x6D3B, 0x753B, 0x7D5B, 0x8D7B, 0x959B, 0x959B, 0x8D9C, 0x859C, 0x859C, 0x85BC, 0x85BC,
    0x85BC, 0x85BC, 0x85BD, 0x85BD, 0x85BD, 0x85BD, 0x85BD, 0x85DD, 0x85DD, 0x85DE, 0x85FE, 0x85DE, 0x85DE, 0x85DD, 0x85DD, 0x8DDD,
    0x8DDD, 0x8DDD, 0x8DFD, 0xAF3F, 0x9EBE, 0x8DDD, 0xA5FD, 0x95FE, 0x861E, 0x863F, 0x861F, 0x861F, 0x861F, 0x861F, 0x863F, 0x863F,
    0x865F, 0x867F, 0x8E9F, 0x9EFF, 0x9EDF, 0x8E7F, 0xA71F, 0x969E, 0x761E, 0x761E, 0x761E, 0x761E, 0x75FE, 0x75FE, 0x75FE, 0x75FE,
    0x75FE, 0x6DFE, 0x6DFE, 0x6DDE, 0x6DDE, 0x6DDE, 0x6DDE, 0x6DDE, 0x6DDE, 0x6DDE, 0x6DDE, 0x6DDE, 0x6DDE, 0x6DBE, 0x6DBE, 0x6DBE,
    0x9EBF, 0x9EBF, 0x9EBF, 0x9EBF, 0x9EDF, 0xD77F, 0xE79F, 0xDF7F, 0xD75F, 0xCF3E, 0xC73E, 0xBF1D, 0xB71D, 0xB6FC, 0xAEFC, 0xAEFC,
    0xA6FC, 0xA6FB, 0xA6FC, 0xAEFC, 0xAEFC, 0xA6FC, 0xA6FC, 0xAF1C, 0xAF1C, 0xB71D, 0xBF1D, 0xCF3E, 0xD75F, 0xDF7F, 0xDF9F, 0xAEDF,
    0x9EBF, 0x9EBF, 0x9EBF, 0x9EBF, 0x9EBF, 0x9EBF, 0x9EBF, 0x9EBF, 0x9EBF, 0x9EBF, 0x9EBF, 0x9EBF, 0x9EBF, 0x9E7E, 0xB67E, 0xC69E,
    0xC6BD, 0xCEBD, 0xCE9D, 0xCEBD, 0xC69D, 0xC69D, 0xC69D, 0xC69D, 0xC69D, 0xC67D, 0xC69D, 0xCE9D, 0xCE9D, 0xCE9C, 0xCEBC, 0xCEDC,
    0xCEDC, 0xC6BD, 0xC6BD, 0xC6BD, 0xCEDD, 0xC6DC, 0xCEBC, 0xC6BD, 0xC6BD, 0xC6BD, 0xC6BD, 0xC6BD, 0xBE9D, 0xBE9D, 0xBE9D, 0xB69D,
    0xB67D, 0xB67D, 0xAE7D, 0xAE5D, 0xAE5D, 0xA65D, 0xA65D, 0xA63D, 0x9E3D, 0x9E3C, 0x9E1C, 0x961C, 0x95FC, 0x8DFC, 0x8DDC, 0x85DB,
    0x85BB, 0x7D9B, 0x7D7B, 0x757B, 0x6D5B, 0x6D5B, 0x653B, 0x653B, 0x651A, 0x651A, 0x651A, 0x64FA, 0x64F9, 0x64D9, 0x64D9, 0x64B9,
    0x64B9, 0x64B9, 0x5CB9, 0x7496, 0xB491, 0xBC91, 0xBC91, 0xBC71, 0xB450, 0xB450, 0xB450, 0xB44F, 0xB42F, 0xB42F, 0xB40E, 0xB3EE,
    0xABCE, 0x7434, 0x4C9A, 0x6476, 0xAC0F, 0xB42E, 0xBC2F, 0xBC2F, 0xBC2F, 0xB40E, 0xB40E, 0xB40F, 0xB42F, 0xB450, 0xB450, 0xB450,
    0xB492, 0x94D6, 0x5CDA, 0x5CFA, 0x64FA, 0x64FA, 0x64FA, 0x64FB, 0x651B, 0x651B, 0x651B, 0x651B, 0x651B, 0x651B, 0x6D1A, 0x7D1A,
    0xBD9A, 0x9D5A, 0x6D3B, 0x6D1B, 0x6D3B, 0x6D3B, 0x753B, 0x7D5B, 0x8D7B, 0x8D9B, 0x959B, 0x8D9C, 0x85BC, 0x85BC, 0x85BC, 0x85BC,
    0x85BD, 0x85BD, 0x85BD, 0x85BD, 0x85BD, 0x85BD, 0x85DD, 0x7DDD, 0x7DDE, 0x7DDE, 0x85FE, 0x85FE, 0x85DE, 0x85DD, 0x85DD, 0x85DD,
    0x8DDD, 0x85DD, 0x9E7E, 0xA6FF, 0x85FE, 0x8DDE, 0x95DE, 0x85FE, 0x8E3F, 0x863F, 0x861F, 0x861F, 0x861F, 0x863F, 0x863F, 0x863F,
    0x867F, 0x8E9F, 0x8EBF, 0x8EBF, 0x8E9F, 0x969F, 0xA71F, 0x7E1D, 0x763E, 0x763E, 0x761E, 0x763E, 0x75FE, 0x75FE, 0x75FE, 0x75FE,
    0x6DFE, 0x75FE, 0x6DFE, 0x75FE, 0x6DFE, 0x6DFE, 0x6DDE, 0x6DDE, 0x6DDE, 0x6DDE, 0x6DDE, 0x6DDE, 0x6DDE, 0x6DDE, 0x6DBD, 0x6DBD,
    0x9EBF, 0x9EBF, 0x9EBF, 0x9EBF, 0x9EBF, 0xB71F, 0xDF9F, 0xDF7F, 0xD75F, 0xD73E, 0xCF1E, 0xC71D, 0xBF1D, 0xB6FC, 0xB6FC, 0xAEFC,
    0xAEFC, 0xAEFC, 0xAEFC, 0xAEFC, 0xAEFC, 0xAF1C, 0xAF1C, 0xAF1C, 0xB71C, 0xBF1D, 0xC73E, 0xD73E, 0xDF5F, 0xE79F, 0xBF3F, 0x9EBF,
    0x9EBF, 0x9EBF, 0x9EBF, 0x9EBF, 0x9EBF, 0x9EBF, 0x9EBF, 0x9EBF, 0x9EBF, 0x9EBF, 0x9EBF, 0x9EBF, 0x9EBF, 0x9E9F, 0xAE7E, 0xC69E,
    0xC69E, 0xCEBD, 0xCEBD, 0xCE9D, 0xC69D, 0xC69D, 0xC69D, 0xC69D, 0xC67D, 0xC67D, 0xC67D, 0xC69D, 0xCE9C, 0xCE9C, 0xCEBC, 0xCEBC,
    0xCEBC, 0xC6BD, 0xC6BD, 0xC6BD, 0xC6BC, 0xC6BD, 0xC6BD, 0xC6BD, 0xC6BD, 0xC6BD, 0xC69D, 0xC69D, 0xBE9D, 0xBE9D, 0xBE9D, 0xB69D,
    0xB67D, 0xB67D, 0xAE7D, 0xAE5D, 0xAE5D, 0xA65D, 0xA65D, 0xA63D, 0x9E3D, 0x9E3D, 0x963C, 0x961C, 0x95FC, 0x8DFC, 0x8DDC, 0x85DC,
    0x85BB, 0x7D9B, 0x7D9B, 0x757B, 0x6D5B, 0x6D5B, 0x6D3B, 0x653B, 0x651B, 0x651A, 0x651A, 0x651A, 0x64F9, 0x64F9, 0x64D9, 0x64D9,
    0x64B9, 0x64B9, 0x5CB9, 0x7496, 0xB491, 0xBC91, 0xBC71, 0xBC70, 0xBC50, 0xBC4F, 0xBC2F, 0xBC2F, 0xB42F, 0xB42F, 0xB40E, 0xB3EE,
    0xA3CE, 0x5C57, 0x4C9A, 0x5C98, 0xAC0F, 0xB40E, 0xBC4F, 0xBC4F, 0xBC2F, 0xBC0E, 0xBC0E, 0xBC0F, 0xBC2F, 0xBC50, 0xBC71, 0xB471,
    0xB4B2, 0x8CD6, 0x5CDA, 0x64FA, 0x64FA, 0x64FA, 0x64FA, 0x651A, 0x651B, 0x651B, 0x651B, 0x651B, 0x6D1B, 0x6D1B, 0x6D1B, 0x753A,
    0x955A, 0x955A, 0x753B, 0x6D3B, 0x6D3B, 0x6D3B, 0x753B, 0x7D5B, 0x857B, 0x8D9B, 0x8D9C, 0x8DBC, 0x85BC, 0x85BC, 0x85BD, 0x85BD,
    0x85BD, 0x85DD, 0x85BD, 0x85BD, 0x85BD, 0x7DDD, 0x7DDD, 0x7DDD, 0x7DDE, 0x7DFE, 0x7DFE, 0x7DFE, 0x7DDD, 0x85DD, 0x85DD, 0x85DD,
    0x85DD, 0x85DD, 0x85DD, 0x85DD, 0x85DD, 0x8DDE, 0x8DFE, 0x861E, 0x8E5F, 0x861F, 0x7E1F, 0x861F, 0x861F, 0x863F, 0x863F, 0x865F,
    0x867F, 0x8E9F, 0x867F, 0x96DF, 0x8E9F, 0xA6FF, 0x96BE, 0x761E, 0x761E, 0x761E, 0x761E, 0x761E, 0x6E1E, 0x75FE, 0x6E1E, 0x6DFE,
    0x6DFE, 0x6DFE, 0x6DFE, 0x6DFE, 0x6DFE, 0x6DFE, 0x6DDE, 0x6DDE, 0x6DDE, 0x6DDE, 0x6DBE, 0x6DDE, 0x6DDE, 0x6DBE, 0x6DBE, 0x6DBE,
    0x9EBF, 0x9EBF, 0x9EBF, 0x9EBF, 0x9EBF, 0x9EBF, 0xAEFF, 0xCF5F, 0xDF7F, 0xD75F, 0xCF3E, 0xCF1E, 0xC71D, 0xBF1D, 0xBEFD, 0xB6FC,
    0xB6FC, 0xAEFC, 0xB6FC, 0xAEFC, 0xAEFC, 0xAEFC, 0xAEFC, 0xAF1C, 0xB71D, 0xBF1D, 0xCF3E, 0xD75F, 0xDF7F, 0xD77F, 0x9EBF, 0x9EBF,
    0x9EBF, 0x9EBF, 0x9EBF, 0x9EBF, 0x9EBF, 0x9EBF, 0x9EBF, 0x9EBF, 0x9EBF, 0x9EBF, 0x9EBF, 0x9EBF, 0x9EBF, 0x9EBF, 0xA65E, 0xBE9E,
    0xBE9E, 0xCEBD, 0xCEBD, 0xC69D, 0xC69D, 0xC69D, 0xC69D, 0xC67D, 0xC67D, 0xC67D, 0xC67D, 0xC67D, 0xC67C, 0xCE9C, 0xCE9C, 0xCE9C,
    0xC6BC, 0xC6BC, 0xC6BD, 0xC6BD, 0xC6BD, 0xC6BD, 0xC6BD, 0xC69D, 0xC69D, 0xC69D, 0xC69D, 0xC69D, 0xBE9D, 0xBE9D, 0xBE9D, 0xB69D,
    0xB67D, 0xB67D, 0xAE7D, 0xAE5D, 0xAE5D, 0xA65D, 0xA65D, 0xA63D, 0x9E5D, 0x9E3D, 0x963D, 0x961C, 0x961C, 0x8DFC, 0x8DFC, 0x8DDC,
    0x85BB, 0x85BB, 0x7D9B, 0x757B, 0x755B, 0x6D5B, 0x6D3B, 0x6D3B, 0x653B, 0x651A, 0x6D1A, 0x6D1A, 0x6CF9, 0x6CF9, 0x6CD9, 0x6CD9,
    0x64D9, 0x64B9, 0x5CB9, 0x7C96, 0xB491, 0xBC91, 0xBC91, 0xBC70, 0xBC50, 0xBC4F, 0xBC2F, 0xBC2F, 0xBC2F, 0xB40F, 0xB40E, 0xB3EE,
    0x9BF0, 0x4C9A, 0x4C9A, 0x5499, 0xA430, 0xB42F, 0xBC2F, 0xBC4F, 0xBC2F, 0xBC2F, 0xBC2F, 0xBC2F, 0xBC50, 0xBC70, 0xBC71, 0xB491,
    0xB4B3, 0x8CD6, 0x64FA, 0x64FA, 0x64FA, 0x651A, 0x651A, 0x651A, 0x651A, 0x651B, 0x651B, 0x6D1B, 0x6D1B, 0x6D1B, 0x6D1B, 0x6D3B,
    0x853A, 0x8D3A, 0x753B, 0x6D3B, 0x6D3B, 0x6D3B, 0x753B, 0x755B, 0x857B, 0x8D9C, 0x8D9C, 0x8DBC, 0x85DD, 0x85DD, 0x85BD, 0x85BD,
    0x85DD, 0x85DD, 0x85BD, 0x7DBD, 0x7DBD, 0x7DBD, 0x7DDD, 0x7DDD, 0x7DDD, 0x7DDE, 0x7DDD, 0x7DDD, 0x7DDD, 0x7DDD, 0x85DD, 0x85DD,
    0x85DD, 0x85DD, 0x85DD, 0x85DD, 0x85DD, 0x85FE, 0x85FE, 0x861E, 0x861F, 0x85FF, 0x861F, 0x861F, 0x863F, 0x863F, 0x863F, 0x865F,
    0x8E7F, 0x8E7F, 0x8E9F, 0x867F, 0x969F, 0xA71F, 0x7E1E, 0x761E, 0x761E, 0x761E, 0x761E, 0x761E, 0x761E, 0x761E, 0x6DFE, 0x6DFE,
    0x6DFE, 0x6DFE, 0x6DFE, 0x6DFE, 0x6DFE, 0x6DDE, 0x6DDE, 0x6DDE, 0x6DDE, 0x6DDE, 0x6DDE, 0x6DDE, 0x6DBE, 0x6DBE, 0x6DBE, 0x6DBE,
    0x9EBF, 0x9EBF, 0x9EBF, 0x9EBF, 0x9EBF, 0x9EBF, 0x9EBF, 0x9EBF, 0xAEFF, 0xC73F, 0xD75F, 0xD73E, 0xCF1E, 0xC71D, 0xC71D, 0xBEFD,
    0xBEFD, 0xB6FC, 0xB6FC, 0xB6FC, 0xAEFC, 0xAEFC, 0xB71C, 0xB71C, 0xBF1D, 0xC73E, 0xD73E, 0xDF7F, 0xE79F, 0xB6FF, 0x9EBF, 0x9EBF,
    0x9EBF, 0x9EBF, 0x9EBF, 0x9EBF, 0x9EBF, 0x9EBF, 0x9EBF, 0x9EBF, 0x9EBF, 0x9EBF, 0x9EBF, 0x9EBF, 0x9EBF, 0x9EBF, 0x9E5E, 0xB67E,
    0xBE9E, 0xC69E, 0xCEBD, 0xC69D, 0xC69D, 0xC67D, 0xC69D, 0xC67D, 0xBE7D, 0xC67D, 0xC67D, 0xC67D, 0xC67D, 0xC67C, 0xC69C, 0xC69C,
    0xC69C, 0xC69D, 0xC69D, 0xC6BD, 0xC6BD, 0xC6BD, 0xC69D, 0xC69D, 0xC69D, 0xC69D, 0xC69D, 0xC69D, 0xBE9D, 0xBE9D, 0xBE9D, 0xB69D,
    0xB67D, 0xB67D, 0xAE7D, 0xAE5D, 0xAE5D, 0xA65D, 0xA65D, 0xA65D, 0x9E5D, 0x9E3D, 0x963D, 0x961D, 0x961C, 0x8DFC, 0x8DFC, 0x8DDC,
    0x85BC, 0x85BB, 0x7D9B, 0x7D7B, 0x757B, 0x6D5B, 0x6D5B, 0x6D3B, 0x6D3B, 0x6D1A, 0x6D1A, 0x6D1A, 0x6CF9, 0x6CF9, 0x6CF9, 0x6CD9,
    0x64D9, 0x64DA, 0x5CDA, 0x8495, 0xB491, 0xBC91, 0xBC91, 0xBC70, 0xBC50, 0xBC4F, 0xBC2F, 0xBC2F, 0xBC2F, 0xB40E, 0xB40E, 0xB3EE,
    0x8413, 0x4C9A, 0x54BA, 0x54BA, 0x9C52, 0xB450, 0xBC4F, 0xBC2F, 0xBC2F, 0xBC2F, 0xBC2F, 0xBC2F, 0xBC30, 0xBC50, 0xBC91, 0xBCB2,
    0xB4D3, 0x94D6, 0x64FA, 0x64FA, 0x651A, 0x651A, 0x651A, 0x6D1A, 0x6D1B, 0x6D1B, 0x6D1B, 0x6D1B, 0x6D1B, 0x6D1B, 0x6D1B, 0x6D3B,
    0x753A, 0x853B, 0x753B, 0x6D3B, 0x6D3B, 0x753B, 0x753B, 0x755B, 0x7D5B, 0x859C, 0x85BC, 0x85BD, 0x85DD, 0x85DD, 0x85DD, 0x85DD,
    0x85DD, 0x85DD, 0x7DBD, 0x7DBD, 0x7DBD, 0x7DDD, 0x7DDD, 0x7DDD, 0x7DDD, 0x7DDD, 0x7DDD, 0x7DDD, 0x7DDD, 0x85DD, 0x85DD, 0x85DD,
    0x85DD, 0x85DD, 0x85DD, 0x85DD, 0x85FE, 0x85FE, 0x85FE, 0x861F, 0x861F, 0x7E1F, 0x861F, 0x863F, 0x6DFF, 0x761F, 0x865F, 0x867F,
    0x8E9F, 0x867F, 0x96BF, 0x8E9F, 0xA6FF, 0x967E, 0x761E, 0x761E, 0x761E, 0x761E, 0x6E1E, 0x6DFE, 0x6E1E, 0x6DFE, 0x6DFE, 0x6DFE,
    0x6DFE, 0x6DFE, 0x6DFE, 0x6DFE, 0x6DFE, 0x6DFE, 0x6DFE, 0x6DDE, 0x6DBE, 0x6DBE, 0x6DBE, 0x6DBE, 0x6DBE, 0x6DBE, 0x6DBE, 0x6DBE,
    0x9EBF, 0x9EBF, 0x9EBF, 0x9EBF, 0x9EBF, 0x9EBF, 0x9EBF, 0x9EBF, 0x9EBF, 0x9EDF, 0xA6DF, 0xB71F, 0xCF5F, 0xD75F, 0xCF1E, 0xC71D,
    0xC71D, 0xBF1D, 0xBEFD, 0xB6FD, 0xB6FC, 0xB6FC, 0xB71C, 0xBF1D, 0xC71D, 0xCF3E, 0xD75F, 0xE79F, 0xD77F, 0x9EBF, 0x9EBF, 0x9EBF,
    0x9EBF, 0x9EBF, 0x9EBF, 0x9EBF, 0x9EBF, 0x9EBF, 0x9EBF, 0x9EBF, 0x9EBF, 0x9EBF, 0x9EBF, 0x9EBF, 0x9EBF, 0x9EBF, 0x9E9F, 0xAE7E,
    0xBE9E, 0xC69E, 0xCE9D, 0xCE9D, 0xC69D, 0xBE7D, 0xC69D, 0xBE7D, 0xBE7D, 0xBE7D, 0xC67D, 0xC67D, 0xC67C, 0xC67D, 0xC67C, 0xC69C,
    0xC67C, 0xC69C, 0xC69D, 0xC69D, 0xC69D, 0xC69D, 0xC69D, 0xC69D, 0xC69D, 0xC69D, 0xC69D, 0xBE9D, 0xBE9D, 0xBE9D, 0xBE9D, 0xB67D,
    0xB67D, 0xB67D, 0xAE7D, 0xAE5D, 0xA65D, 0xA65D, 0xA65E, 0xA65E, 0x9E5E, 0x9E5E, 0x965D, 0x963D, 0x961D, 0x8DFC, 0x8DFC, 0x8DDC,
    0x85DC, 0x85BB, 0x7D9B, 0x7D7B, 0x757B, 0x755B, 0x6D5B, 0x6D3B, 0x6D3A, 0x6D3A, 0x6D1A, 0x6D1A, 0x6CF9, 0x6CF9, 0x6CF9, 0x6CFA,
    0x64DA, 0x64DA, 0x5CDA, 0x8C95, 0xB491, 0xBCB1, 0xBC91, 0xBC70, 0xBC70, 0xBC4F, 0xBC4F, 0xBC4F, 0xBC2F, 0xB40E, 0xB40E, 0xAC0F,
    0x7455, 0x54BA, 0x54BA, 0x54BA, 0x8C53, 0xB450, 0xBC50, 0xBC50, 0xBC2F, 0xBC2F, 0xBC2F, 0xBC2F, 0xBC50, 0xBC71, 0xBC91, 0xB4D2,
    0xB4D3, 0x94D6, 0x6CFA, 0x6CFA, 0x6D1A, 0x6D1A, 0x6D1B, 0x6D1B, 0x6D1B, 0x6D1B, 0x6D1B, 0x6D1B, 0x6D1B, 0x6D1B, 0x753B, 0x753B,
    0x753B, 0x7D3B, 0x753B, 0x6D3B, 0x753B, 0x753B, 0x753B, 0x755B, 0x755C, 0x7D7C, 0x8DFD, 0x85DD, 0x85DD, 0x85DD, 0x85DD, 0x85DE,
    0x85DD, 0x85DD, 0x85BD, 0x7DBD, 0x7DDD, 0x7DDD, 0x7DFD, 0x7DDD, 0x7DDD, 0x7DDD, 0x7DDD, 0x7DDD, 0x7DDD, 0x85DD, 0x85DD, 0x85DD,
    0x85DD, 0x85DD, 0x85DD, 0x85DD, 0x85FE, 0x85FE, 0x861F, 0x861F, 0x7E1F, 0x861F, 0x863F, 0x865F, 0x865F, 0x763F, 0x8E9F, 0x96BF,
    0x7E3F, 0x8E9F, 0x8E7F, 0x969F, 0x9EDF, 0x7E3E, 0x6E1E, 0x761E, 0x6E1E, 0x6E1E, 0x6E1E, 0x6E1E, 0x6E1E, 0x6E1E, 0x6DFE, 0x6E1E,
    0x6DFE, 0x6DFE, 0x6DFE, 0x6DFE, 0x6DFE, 0x6DFE, 0x6DFE, 0x6DFE, 0x6DDE, 0x6DDE, 0x6DBE, 0x6DBE, 0x6DBE, 0x6DBE, 0x6DBE, 0x6DBE,
    0x9EBF, 0x9EBF, 0x9EBF, 0x9EBF, 0x9EBF, 0x9EBF, 0x9EBF, 0x9EBF, 0x9EBF, 0x9EBF, 0x9EBF, 0x9EBF, 0x9EDF, 0xBF3F, 0xCF3F, 0xD73E,
    0xCF3E, 0xCF1E, 0xC71D, 0xBF1D, 0xBF1D, 0xBF1D, 0xBF1D, 0xC71D, 0xCF3E, 0xD73E, 0xDF7F, 0xE79F, 0xAEFF, 0x9EBF, 0x9EBF, 0x9EBF,
    0x9EBF, 0x9EBF, 0x9EBF, 0x9EBF, 0x9EBF, 0x9EBF, 0x9EBF, 0x9EBF, 0x9EBF, 0x9EBF, 0x9EBF, 0x9EBF, 0x9EBF, 0x9EBF, 0x9EBF, 0xAE7E,
    0xB67E, 0xBE9E, 0xC69D, 0xCEBD, 0xC69D, 0xC67D, 0xBE7D, 0xC67D, 0xBE7D, 0xBE7D, 0xC67D, 0xC65C, 0xC65C, 0xBE5D, 0xC67D, 0xC67C,
    0xC67C, 0xC67C, 0xC67D, 0xC67D, 0xC67D, 0xC67D, 0xC67D, 0xC69D, 0xC69D, 0xC69D, 0xBE9D, 0xBE9D, 0xBE9D, 0xBE7D, 0xB67D, 0xB67D,
    0xB67D, 0xAE7D, 0xAE5D, 0xAE5D, 0xA65E, 0xA67E, 0xA67E, 0x9E7E, 0x9E7E, 0x9E5E, 0x9E5E, 0x963D, 0x961D, 0x8DFC, 0x8DFC, 0x8DDC,
    0x85DC, 0x85BC, 0x859B, 0x7D7B, 0x7D7B, 0x755B, 0x755B, 0x753A, 0x753A, 0x753A, 0x751A, 0x751A, 0x7519, 0x74F9, 0x6CFA, 0x6CFA,
    0x6CFA, 0x64DA, 0x5CFA, 0x9494, 0xB4B2, 0xBCB2, 0xBCB1, 0xBC91, 0xBC70, 0xBC6F, 0xBC4F, 0xBC4F, 0xBC2F, 0xB40F, 0xB40F, 0xABEF,
    0x6477, 0x54BA, 0x54BA, 0x5CDA, 0x8474, 0xB450, 0xB450, 0xBC50, 0xBC4F, 0xBC2F, 0xBC2F, 0xBC50, 0xBC50, 0xBC91, 0xBCB2, 0xB4D3,
    0xB4D3, 0x94D6, 0x6CFA, 0x6D1A, 0x6D1A, 0x6D1A, 0x6D1B, 0x6D1B, 0x6D1B, 0x6D1B, 0x6D1B, 0x751B, 0x751B, 0x751B, 0x753B, 0x753B,
    0x753B, 0x753B, 0x753B, 0x753B, 0x753B, 0x6D3B, 0x755B, 0x755C, 0x755C, 0x7D7C, 0x85DD, 0x8E3E, 0x85DD, 0x85DD, 0x85DD, 0x85DD,
    0x85DD, 0x85BD, 0x85BD, 0x85BD, 0x85DD, 0x85FD, 0x85FD, 0x7DDD, 0x7DDD, 0x7DDD, 0x7DDD, 0x7DDD, 0x85DD, 0x85DD, 0x85DD, 0x85DD,
    0x7DDD, 0x85DD, 0x85DD, 0x85DE, 0x85FE, 0x85FF, 0x861F, 0x7E1F, 0x7E1F, 0x7E3F, 0x865F, 0x865F, 0x7E3F, 0x867F, 0x9EDF, 0x7E5F,
    0x867F, 0x8E7F, 0x969F, 0x969F, 0x8E7F, 0x763E, 0x761E, 0x6E1E, 0x761E, 0x6E1E, 0x6E1E, 0x6E1E, 0x6E1E, 0x6DFE, 0x6DFE, 0x6DFE,
    0x6DFE, 0x6DFE, 0x6DFE, 0x6DFE, 0x6DDE, 0x6DDE, 0x6DDE, 0x6DDE, 0x6DDE, 0x6DDE, 0x6DDE, 0x6DBE, 0x6DBD, 0x6DBE, 0x6DBE, 0x6DBD,
    0x9EBF, 0x9EBF, 0x9EBF, 0x9EBF, 0x9EBF, 0x9EBF, 0x9EBF, 0x9EBF, 0x9EBF, 0x9EBF, 0x9EBF, 0x9EBF, 0x9EBF, 0x9EBF, 0xA6DF, 0xB6FF,
    0xC73F, 0xD75F, 0xCF3E, 0xCF1E, 0xC71D, 0xC71D, 0xC71D, 0xC71E, 0xCF3E, 0xD75F, 0xE79F, 0xCF5F, 0x9EBF, 0x9EBF, 0x9EBF, 0x9EBF,
    0x9EBF, 0x9EBF, 0x9EBF, 0x9EBF, 0x9EBF, 0x9EBF, 0x9EBF, 0x9EBF, 0x9EBF, 0x9EBF, 0x9EBF, 0x9EBF, 0x9EBF, 0x9EBF, 0x9EBF, 0xA69E,
    0xB69E, 0xBE7E, 0xBE7D, 0xCE9D, 0xC69D, 0xC69D, 0xBE7D, 0xC67D, 0xBE7D, 0xBE7D, 0xBE7D, 0xBE5D, 0xBE5D, 0xBE5D, 0xBE5C, 0xC67C,
    0xC67C, 0xC67C, 0xBE7D, 0xBE7C, 0xBE7D, 0xBE7D, 0xBE7D, 0xBE7D, 0xBE7D, 0xBE7D, 0xBE7D, 0xBE7D, 0xBE7D, 0xBE7D, 0xB67D, 0xB67D,
    0xB67D, 0xAE7D, 0xAE5D, 0xA65D, 0xA65E, 0xA67E, 0xA67E, 0x9E7E, 0xA6BF, 0xA6DF, 0xA6FF, 0x9E9E, 0x961D, 0x8DFD, 0x8DFC, 0x8DDC,
    0x85DC, 0x85BC, 0x859B, 0x7D7B, 0x7D7B, 0x757B, 0x755B, 0x755A, 0x753A, 0x753A, 0x753A, 0x751A, 0x751A, 0x7519, 0x74FA, 0x6CFA,
    0x6CFA, 0x64FA, 0x64FA, 0x9C73, 0xB4B1, 0xBCB2, 0xBCB1, 0xBC91, 0xBC70, 0xBC70, 0xBC70, 0xBC4F, 0xBC2F, 0xB40F, 0xB40F, 0xABCF,
    0x5C99, 0x54BA, 0x5CBA, 0x5CDA, 0x8475, 0xB42F, 0xB450, 0xB450, 0xB450, 0xBC50, 0xBC50, 0xBC50, 0xBC71, 0xBC92, 0xBCB2, 0xBCD3,
    0xBCD3, 0x9CF6, 0x751A, 0x751A, 0x751A, 0x751A, 0x751A, 0x751A, 0x751A, 0x751A, 0x753B, 0x751B, 0x753B, 0x753B, 0x753B, 0x753B,
    0x753B, 0x753B, 0x753B, 0x753B, 0x753B, 0x6D3B, 0x755B, 0x755C, 0x755C, 0x757C, 0x7D9D, 0x85FD, 0x85FD, 0x85DD, 0x85BD, 0x85BD,
    0x85BD, 0x85BD, 0x7DBD, 0x85DD, 0x85DD, 0x85FD, 0x7DDD, 0x7DDD, 0x7DBD, 0x7DBD, 0x7DBD, 0x7DBD, 0x85DD, 0x85DD, 0x85DD, 0x7DDD,
    0x7DBD, 0x7DBD, 0x7DDD, 0x7DDE, 0x7DFE, 0x7DFF, 0x7E1F, 0x7E3F, 0x7E3F, 0x7E5F, 0x7E5F, 0x865F, 0x8EBF, 0x9EDF, 0x765F, 0x7E5F,
    0x8E9F, 0x8E9F, 0x969F, 0x969F, 0x7E3E, 0x763E, 0x761E, 0x761E, 0x761E, 0x761E, 0x6E1E, 0x761E, 0x6DFE, 0x761E, 0x6DFE, 0x6DFE,
    0x6DFE, 0x6DFE, 0x6DFE, 0x6DFE, 0x6DDE, 0x6DDE, 0x6DDE, 0x6DDE, 0x6DDE, 0x6DDE, 0x6DBE, 0x6DBE, 0x6DBE, 0x6DBE, 0x6DBE, 0x6DBE,
    0x9EBF, 0x9EBF, 0x9EBF, 0x9EBF, 0x9EBF, 0x9EBF, 0x9EBF, 0x9EBF, 0x9EBF, 0x9EBF, 0x9EBF, 0x9EBF, 0x9EBF, 0x9EBF, 0x9EBF, 0x9EBF,
    0x9EBF, 0xAEDF, 0xC73F, 0xCF5F, 0xD75E, 0xCF3E, 0xCF3E, 0xCF3E, 0xD75F, 0xDF7F, 0xE79F, 0xAEDF, 0x9EBF, 0x9EBF, 0x9EBF, 0x9EBF,
    0x9EBF, 0x9EBF, 0x9EBF, 0x9EBF, 0x9EBF, 0x9EBF, 0x9EBF, 0x9EBF, 0x9EBF, 0x9EBF, 0x9EBF, 0x9EBF, 0x9EBF, 0x9EBF, 0x9EBF, 0x9EBF,
    0xAE7E, 0xB67E, 0xBE7D, 0xBE7D, 0xCE9D, 0xC69D, 0xBE7D, 0xBE5D, 0xC67D, 0xBE5D, 0xBE7D, 0xBE5D, 0xBE5D, 0xBE5C, 0xBE5C, 0xBE5C,
    0xBE5C, 0xBE5C, 0xBE5C, 0xBE5C, 0xBE5C, 0xBE7C, 0xBE7C, 0xBE7D, 0xBE7D, 0xBE7D, 0xBE7D, 0xBE7D, 0xB67D, 0xB67D, 0xB67D, 0xB67D,
    0xB67D, 0xAE5D, 0xAE5D, 0xA65D, 0xA65E, 0xA65E, 0xA67E, 0xAEFF, 0xB7BF, 0xB7DF, 0xAF7F, 0x9E7E, 0x961D, 0x8DFD, 0x8DFC, 0x8DDC,
    0x85DC, 0x85BC, 0x859C, 0x859B, 0x7D7B, 0x7D7B, 0x755B, 0x755A, 0x753A, 0x753A, 0x753A, 0x753A, 0x751A, 0x751A, 0x751A, 0x6CFA,
    0x6CFA, 0x64FB, 0x64FA, 0xAC92, 0xBCB1, 0xBCB2, 0xBCB1, 0xC491, 0xBC70, 0xBC70, 0xBC50, 0xBC4F, 0xBC2F, 0xB40F, 0xB40E, 0xA3CF,
    0x5CBA, 0x54BA, 0x5CDA, 0x5CDA, 0x8475, 0xB42F, 0xB450, 0xB450, 0xB450, 0xB450, 0xB470, 0xB471, 0xB491, 0xBCB2, 0xBCD2, 0xBCD3,
    0xBCD3, 0x9CF6, 0x751A, 0x751A, 0x753A, 0x751A, 0x753A, 0x753A, 0x751A, 0x753A, 0x753A, 0x753A, 0x753B, 0x753A, 0x753B, 0x753B,
    0x753B, 0x753B, 0x753B, 0x753B, 0x753B, 0x753B, 0x755B, 0x755C, 0x755C, 0x757C, 0x7D9C, 0x7D9D, 0x7DBD, 0x85BD, 0x85BD, 0x85BC,
    0x7D9C, 0x7D9C, 0x7DBC, 0x7DBD, 0x7DBD, 0x7DBD, 0x7DBD, 0x7DBD, 0x7DBD, 0x7DBD, 0x7DBD, 0x7DBD, 0x85BD, 0x7DBD, 0x7DBD, 0x7DBD,
    0x7DBD, 0x7DBD, 0x7DDE, 0x7DFE, 0x7DFF, 0x7E1F, 0x7E3F, 0x7E3F, 0x7E5F, 0x867F, 0x7E7F, 0x869F, 0x96DF, 0x763F, 0x763F, 0x8E9F,
    0x8E9F, 0x969F, 0x969F, 0x863E, 0x761E, 0x761E, 0x763E, 0x761E, 0x761E, 0x6E1E, 0x6E1E, 0x6E1E, 0x6E1E, 0x6E1E, 0x6E1E, 0x6E1E,
    0x6DFE, 0x6DDE, 0x6DDE, 0x6DDE, 0x6DDE, 0x6DDE, 0x6DDE, 0x6DDE, 0x6DDE, 0x6DBE, 0x6DBE, 0x6DBE, 0x6DBE, 0x6DBE, 0x6DBE, 0x6DBE,
    0x9EBF, 0x9EBF, 0x9EBF, 0x9EBF, 0x9EBF, 0x9EBF, 0x9EBF, 0x9EBF, 0x9EBF, 0x9EBF, 0x9EBF, 0x9EBF, 0x9EBF, 0x9EBF, 0x9EBF, 0x9EBF,
    0x9EBF, 0x9EBF, 0x9EBF, 0xA6DF, 0xC73F, 0xD75F, 0xD75F, 0xDF5F, 0xDF7F, 0xDF7F, 0xC73F, 0x9EBF, 0x9EBF, 0x9EBF, 0x9EBF, 0x9EBF,
    0x9EBF, 0x9EBF, 0x9EBF, 0x9EBF, 0x9EBF, 0x9EBF, 0x9EBF, 0x9EBF, 0x9EBF, 0x9EBF, 0x9EBF, 0x9EBF, 0x9EBF, 0x9EBF, 0x9EBF, 0x9EBF,
    0x9E9E, 0xB67E, 0xB67D, 0xBE5D, 0xC69D, 0xC67D, 0xC67D, 0xBE5D, 0xBE7D, 0xBE5D, 0xBE5D, 0xBE7D, 0xBE5D, 0xBE5C, 0xBE5C, 0xBE5C,
    0xBE5C, 0xBE5C, 0xBE5C, 0xBE5C, 0xBE5C, 0xBE5C, 0xBE5C, 0xBE5C, 0xBE7C, 0xBE7D, 0xBE7D, 0xBE7D, 0xB67D, 0xB67D, 0xB67D, 0xB65D,
    0xAE5D, 0xAE5D, 0xAE5D, 0xA65D, 0xA65D, 0xA65E, 0xA67E, 0xA6FF, 0xAF9F, 0xAF9F, 0xA6FF, 0x961E, 0x8DFD, 0x8DFD, 0x8DDC, 0x8DDC,
    0x85BC, 0x85BC, 0x859C, 0x859B, 0x7D7B, 0x7D7B, 0x7D5B, 0x7D5A, 0x7D5A, 0x7D3A, 0x7D3A, 0x7D3A, 0x751A, 0x751A, 0x751A, 0x6D1A,
    0x6D1A, 0x651B, 0x6CFA, 0xB4B2, 0xBCB2, 0xBCB2, 0xBCB2, 0xC4B1, 0xC491, 0xBC70, 0xBC50, 0xBC4F, 0xB42F, 0xB40F, 0xB3EE, 0xA3D0,
    0x54BA, 0x54BA, 0x5CDA, 0x5CFA, 0x8475, 0xB42F, 0xB450, 0xB451, 0xB471, 0xB471, 0xB491, 0xB491, 0xBCB2, 0xBCB2, 0xBCD3, 0xBCD3,
    0xBCD3, 0xA4F6, 0x751A, 0x753A, 0x7D3A, 0x7D3A, 0x7D3A, 0x7D3A, 0x7D3A, 0x7D3A, 0x7D3A, 0x7D3A, 0x7D3B, 0x7D3A, 0x7D3B, 0x753B,
    0x753B, 0x753B, 0x753B, 0x755B, 0x753B, 0x753B, 0x755B, 0x755C, 0x755C, 0x757C, 0x7D9C, 0x7D9C, 0x7D9C, 0x7D9C, 0x7D9C, 0x7D9C,
    0x7D9C, 0x7D9C, 0x7D9C, 0x7D9C, 0x7D9C, 0x7D9C, 0x7D9C, 0x7D9D, 0x7DBD, 0x7DBD, 0x7DBD, 0x7DBD, 0x7DBD, 0x85BD, 0x7DBD, 0x7DBD,
    0x7DBD, 0x7DDE, 0x7DDE, 0x7DFF, 0x7E1F, 0x7E3F, 0x7E5F, 0x867F, 0x869F, 0x869F, 0x869F, 0x8E9F, 0x763F, 0x6E1F, 0x8E9F, 0x8E9F,
    0x8E9F, 0x8E9F, 0x8E7F, 0x763E, 0x763E, 0x763E, 0x763E, 0x763E, 0x6E1E, 0x6E1E, 0x6E1E, 0x761E, 0x6E1E, 0x6E1E, 0x6E1E, 0x6DFE,
    0x6DFE, 0x6DFE, 0x6DFE, 0x6DFE, 0x6DDE, 0x6DDE, 0x6DDE, 0x6DDE, 0x6DDE, 0x6DDE, 0x6DDE, 0x6DDE, 0x6DDE, 0x6DBE, 0x65BD, 0x6DBE,
    0x9EBF, 0x9EBF, 0x9EBF, 0x9EBF, 0x9EBF, 0x9EBF, 0x9EBF, 0x9EBF, 0x9EBF, 0x9EBF, 0x9EBF, 0x9EBF, 0x9EBF, 0x9EBF, 0x9EBF, 0x9EBF,
    0x9EBF, 0x9EBF, 0x9EBF, 0x9EBF, 0x9EBF, 0xA6DF, 0xB71F, 0xC73F, 0xD75F, 0xC73F, 0x9EBF, 0x9EBF, 0x9EBF, 0x9EBF, 0x9EBF, 0x9EBF,
    0x9EBF, 0x9EBF, 0x9EBF, 0x9EBF, 0x9EBF, 0x9EBF, 0x9EBF, 0x9EBF, 0x9EBF, 0x9EBF, 0x9EBF, 0x9EBF, 0x9EBF, 0x9EBF, 0x9EBF, 0x9EBF,
    0x9EBF, 0xA67E, 0xB67E, 0xB65D, 0xBE7D, 0xC67D, 0xC65D, 0xBE5D, 0xBE5D, 0xBE5D, 0xBE5D, 0xBE5D, 0xBE5D, 0xBE5D, 0xBE5D, 0xBE5C,
    0xBE5C, 0xBE5C, 0xBE5C, 0xBE5C, 0xBE5C, 0xBE5C, 0xBE5C, 0xBE5C, 0xBE5C, 0xBE5C, 0xBE5D, 0xB65D, 0xB65D, 0xB65D, 0xB65D, 0xAE5D,
    0xAE5D, 0xAE5D, 0xAE5D, 0xA65D, 0xA65D, 0xA65E, 0x9E5E, 0x9E5E, 0x9E5E, 0x965E, 0x961E, 0x961D, 0x8DFD, 0x8DDD, 0x8DDD, 0x8DDC,
    0x85BC, 0x85BC, 0x859C, 0x859B, 0x857B, 0x7D7B, 0x7D7B, 0x7D5B, 0x7D5A, 0x7D5A, 0x7D3A, 0x7D3A, 0x7D1A, 0x751A, 0x751A, 0x6D1A,
    0x6D1B, 0x651B, 0x74F9, 0xBCB2, 0xC4D2, 0xBCB1, 0xBCB1, 0xC4B1, 0xC491, 0xBC70, 0xBC50, 0xBC4F, 0xBC2F, 0xB42F, 0xB40E, 0x9C11,
    0x54BA, 0x5CBA, 0x5CDA, 0x5CFB, 0x8C74, 0xB42F, 0xB450, 0xB471, 0xB471, 0xB471, 0xB491, 0xBC92, 0xBCB2, 0xBCD3, 0xBCD3, 0xBCD3,
    0xBCF3, 0xA4F5, 0x7D3A, 0x7D3A, 0x7D3A, 0x7D3A, 0x7D3A, 0x957A, 0x855A, 0x7D3A, 0x7D3A, 0x7D3A, 0x853B, 0x7D3B, 0x7D3B, 0x7D3A,
    0x753A, 0x753B, 0x753B, 0x755B, 0x755B, 0x755B, 0x755B, 0x755C, 0x755C, 0x755C, 0x7D7C, 0x7D9C, 0x759C, 0x7D9C, 0x7D9C, 0x7D9C,
    0x7D9C, 0x7D9C, 0x7D9C, 0x7D9C, 0x7D9C, 0x7D9C, 0x7D9C, 0x7D9C, 0x7D9D, 0x7D9D, 0x7D9D, 0x7D9D, 0x85BD, 0x85BD, 0x85BD, 0x7DBD,
    0x7DDE, 0x7DDE, 0x7DFF, 0x7E1F, 0x7E3F, 0x7E5F, 0x867F, 0x869F, 0x869F, 0x869F, 0x867F, 0x6E1F, 0x763F, 0x8E9F, 0x8E9F, 0x8E9F,
    0x8E7F, 0x8E5F, 0x761E, 0x763E, 0x6E3E, 0x761E, 0x6E1E, 0x6E1E, 0x6E1E, 0x6E1E, 0x6E1E, 0x6E1E, 0x6DFE, 0x6DFE, 0x6DFE, 0x6DFE,
    0x6DFE, 0x6DFE, 0x6DDE, 0x6DDE, 0x6DDE, 0x6DDE, 0x6DDE, 0x6DDE, 0x6DDE, 0x6DBE, 0x65BE, 0x6DBE, 0x6DBE, 0x65BE, 0x65BD, 0x65BE,
    0x9EBF, 0x9EBF, 0x9EBF, 0x9EBF, 0x9EBF, 0x9EBF, 0x9EBF, 0x9EBF, 0x9EBF, 0x9EBF, 0x9EBF, 0x9EBF, 0x9EBF, 0x9EBF, 0x9EBF, 0x9EBF,
    0x9EBF, 0x9EBF, 0x9EBF, 0x9EBF, 0x9EBF, 0x9EBF, 0x9EBF, 0x9EBF, 0x9EBF, 0x9EBF, 0x9EBF, 0x9EBF, 0x9EBF, 0x9EBF, 0x9EBF, 0x9EBF,
    0x9EBF, 0x9EBF, 0x9EBF, 0x9EBF, 0x9EBF, 0x9EBF, 0x9EBF, 0x9EBF, 0x9EBF, 0x9EBF, 0x9EBF, 0x9EBF, 0x9EBF, 0x9EBF, 0x9EBF, 0x9EBF,
    0x9EBF, 0x9E9F, 0xAE5D, 0xB67E, 0xB65D, 0xBE5D, 0xC67D, 0xBE5D, 0xBE5D, 0xBE5D, 0xBE5D, 0xBE5D, 0xBE5D, 0xBE5D, 0xBE5D, 0xBE5C,
    0xBE3C, 0xBE3C, 0xBE3C, 0xBE3C, 0xB63C, 0xB63C, 0xB65C, 0xB63C, 0xB63C, 0xB65C, 0xB65C, 0xB65D, 0xB65D, 0xB65D, 0xAE5D, 0xAE5D,
    0xAE5D, 0xAE3D, 0xA63D, 0xA63D, 0xA63D, 0x9E3E, 0x9E3E, 0x963E, 0x9E7E, 0x965E, 0x961D, 0x95FD, 0x95FD, 0x8DDD, 0x8DDC, 0x8DDC,
    0x85BC, 0x85BC, 0x859C, 0x859C, 0x859B, 0x857B, 0x857B, 0x855B, 0x855A, 0x855A, 0x7D3A, 0x7D3A, 0x7D3A, 0x751A, 0x751A, 0x6D1B,
    0x6D1B, 0x651B, 0x7CF9, 0xBCB2, 0xC4D2, 0xC4D2, 0xC4B1, 0xC491, 0xBC90, 0xBC70, 0xBC70, 0xBC4F, 0xBC4F, 0xBC2F, 0xB40E, 0x9412,
    0x54BA, 0x5CBA, 0x5CDA, 0x64FB, 0x8C74, 0xB42F, 0xB450, 0xB471, 0xB471, 0xB471, 0xB491, 0xBC92, 0xBCB2, 0xBCD3, 0xBCD3, 0xBCF3,
    0xBCF4, 0xACF5, 0x7D3A, 0x7D5A, 0x7D5B, 0x7D5B, 0x7D5A, 0x855A, 0xA59B, 0x7D3A, 0x7D3A, 0x853A, 0x853A, 0x855B, 0x7D3B, 0x7D3B,
    0x7D3B, 0x755B, 0x753B, 0x755B, 0x755B, 0x755B, 0x755B, 0x755B, 0x755C, 0x757C, 0x757C, 0x7D7C, 0x7D9C, 0x759C, 0x7D9C, 0x7D9C,
    0x7D9C, 0x7D9C, 0x7D9C, 0x7D9C, 0x7D9C, 0x7D9C, 0x7D9C, 0x7D9C, 0x7D9C, 0x7D9C, 0x7D9D, 0x7D9D, 0x859D, 0x7DBD, 0x7DDE, 0x7DDE,
    0x7DDE, 0x7DFF, 0x7DFF, 0x763F, 0x7E3F, 0x7E7F, 0x869F, 0x869F, 0x867F, 0x7E5F, 0x65FF, 0x7E5F, 0x8E9F, 0x8E9F, 0x8E9F, 0x865F,
    0x8E5F, 0x7E1E, 0x763E, 0x763E, 0x6E1E, 0x763E, 0x6E1E, 0x6E1E, 0x6E1E, 0x6E1E, 0x6E1E, 0x6DFE, 0x6DFE, 0x6DFE, 0x6DFE, 0x6DFE,
    0x6DFE, 0x6DFE, 0x6DDE, 0x6DDE, 0x6DDE, 0x6DDE, 0x6DDE, 0x6DDE, 0x6DDE, 0x6DBE, 0x6DDE, 0x6DBE, 0x65BE, 0x65BE, 0x6DBE, 0x6DBE,
    0x9EBF, 0x9EBF, 0x9EBF, 0x9EBF, 0x9EBF, 0x9EBF, 0x9EBF, 0x9EBF, 0x9EBF, 0x9EBF, 0x9EBF, 0x9EBF, 0x9EBF, 0x9EBF, 0x9EBF, 0x9EBF,
    0x9EBF, 0x9EBF, 0x9EBF, 0x9EBF, 0x9EBF, 0x9EBF, 0x9EBF, 0x9EBF, 0x9EBF, 0x9EBF, 0x9EBF, 0x9EBF, 0x9EBF, 0x9EBF, 0x9EBF, 0x9EBF,
    0x9EBF, 0x9EBF, 0x9EBF, 0x9EBF, 0x9EBF, 0x9EBF, 0x9EBF, 0x9EBF, 0x9EBF, 0x9EBF, 0x9EBF, 0x9EBF, 0x9EBF, 0x9EBF, 0x9EBF, 0x9EBF,
    0x9EBF, 0x9EBF, 0x9E5E, 0xB67E, 0xB65D, 0xBE5D, 0xC65D, 0xC65D, 0xBE5D, 0xB65D, 0xB63D, 0xB63D, 0xBE5D, 0xBE5D, 0xB63D, 0xBE5C,
    0xBE5D, 0xB63C, 0xB63C, 0xB63C, 0xB63C, 0xB63C, 0xB63C, 0xB63C, 0xB63C, 0xB63C, 0xB63C, 0xB65C, 0xB65C, 0xAE3D, 0xAE5D, 0xAE3D,
    0xAE3D, 0xA63D, 0xA63D, 0xA63D, 0xA63D, 0x9E3D, 0xA69E, 0xAF7F, 0xAF9F, 0x9E9E, 0x95FD, 0x95FD, 0x95FD, 0x8DDC, 0x8DDC, 0x8DDC,
    0x8DBC, 0x85BC, 0x85BC, 0x859C, 0x859B, 0x857B, 0x857B, 0x855A, 0x855A, 0x855A, 0x855A, 0x853A, 0x7D3A, 0x7D3A, 0x753B, 0x6D3B,
    0x6D3B, 0x6D3B, 0x8CF8, 0xBCD2, 0xC4D2, 0xC4D2, 0xC4B1, 0xC491, 0xC490, 0xBC70, 0xBC70, 0xBC4F, 0xBC4F, 0xBC2F, 0xB40E, 0x8C54,
    0x5CBA, 0x5CDA, 0x5CDB, 0x64FB, 0x9474, 0xB430, 0xB450, 0xB471, 0xB471, 0xB491, 0xBC91, 0xBC92, 0xBCB2, 0xBCD3, 0xBCF3, 0xBCF4,
    0xBCF4, 0xAD15, 0x7D5B, 0x7D5B, 0x855B, 0x855B, 0x855A, 0x855A, 0x855A, 0x855A, 0x855A, 0x855A, 0x855A, 0x855B, 0x7D3B, 0x7D3B,
    0x7D3B, 0x755B, 0x755B, 0x755B, 0x755B, 0x755B, 0x755C, 0x755B, 0x755C, 0x757C, 0x757C, 0x757C, 0x85BC, 0x7D9C, 0x7D9C, 0x7D9C,
    0x7D9C, 0x7D9C, 0x7D9C, 0x7D9C, 0x7D9C, 0x7D9C, 0x7D9C, 0x7D9D, 0x7D9D, 0x7D9D, 0x7D9D, 0x7D9D, 0x7DBD, 0x7DDE, 0x75BE, 0x75FF,
    0x7E1F, 0x75FF, 0x761F, 0x763F, 0x7E5F, 0x7E7F, 0x7E7F, 0x7E7F, 0x6E1F, 0x65DF, 0x867F, 0x8E9F, 0x8EBF, 0x8E7F, 0x863F, 0x865F,
    0x7E3E, 0x763E, 0x763E, 0x763E, 0x763E, 0x763E, 0x763E, 0x6DFE, 0x6E1E, 0x6DFE, 0x6E1E, 0x6DFE, 0x6DFE, 0x6DFE, 0x6DFE, 0x6DFE,
    0x6DFE, 0x6DFE, 0x6DFE, 0x6DDE, 0x6DDE, 0x6DDE, 0x6DDE, 0x6DDE, 0x6DDE, 0x6DDE, 0x6DDE, 0x6DDE, 0x659D, 0x6DDE, 0x659E, 0x659D,
    0x9EBF, 0x9EBF, 0x9EBF, 0x9EBF, 0x9EBF, 0x9EBF, 0x9EBF, 0x9EBF, 0x9EBF, 0x9EBF, 0x9EBF, 0x9EBF, 0x9EBF, 0x9EBF, 0x9EBF, 0x9EBF,
    0x9EBF, 0x9EBF, 0x9EBF, 0x9EBF, 0x9EBF, 0x9EBF, 0x9EBF, 0x9EBF, 0x9EBF, 0x9EBF, 0x9EBF, 0x9EBF, 0x9EBF, 0x9EBF, 0x9EBF, 0x9EBF,
    0x9EBF, 0x9EBF, 0x9EBF, 0x9EBF, 0x9EBF, 0x9EBF, 0x9EBF, 0x9EBF, 0x9EBF, 0x9EBF, 0x9EBF, 0x9EBF, 0x9EBF, 0x9EBF, 0x9EBF, 0x9EBF,
    0x9EBF, 0x9EBF, 0x9EBF, 0xA65E, 0xB65E, 0xB65D, 0xBE5D, 0xC67D, 0xC65D, 0xBE5D, 0xB63D, 0xAE1D, 0xAE1D, 0xB63D, 0xBE5D, 0xB63D,
    0xBE5C, 0xBE3C, 0xB63C, 0xB63C, 0xB63C, 0xB63C, 0xB63C, 0xB63C, 0xB63C, 0xB63C, 0xB63C, 0xB63C, 0xB63C, 0xAE3C, 0xAE3C, 0xAE3D,
    0xA63D, 0xA63D, 0xA63D, 0xA63D, 0xA63D, 0x9E1D, 0x9E3E, 0x9EBE, 0x9E9E, 0x95FD, 0x95FD, 0x95FD, 0x95DD, 0x8DDC, 0x8DDC, 0x8DBC,
    0x8DBC, 0x85BC, 0x85BC, 0x859C, 0x859B, 0x857B, 0x857B, 0x857A, 0x855A, 0x855A, 0x855A, 0x855A, 0x7D5A, 0x7D3B, 0x753B, 0x6D3B,
    0x6D3C, 0x6D3C, 0x94F6, 0xC4D2, 0xC4D2, 0xC4D2, 0xC4B1, 0xC4B1, 0xC490, 0xC490, 0xBC70, 0xBC4F, 0xBC4F, 0xBC2F, 0xB40F, 0x7C55,
    0x54DB, 0x5CDB, 0x5CFB, 0x651B, 0x9474, 0xB450, 0xB470, 0xBC71, 0xB471, 0xB491, 0xBC92, 0xBCB2, 0xBCD3, 0xBCD3, 0xBCF4, 0xBCF4,
    0xBD14, 0xB515, 0x857B, 0x857B, 0x857B, 0x857B, 0x857B, 0x857B, 0x857B, 0x857B, 0x857B, 0x855B, 0x855B, 0x855B, 0x855B, 0x7D5B,
    0x7D5B, 0x7D5B, 0x7D5B, 0x755B, 0x755B, 0x755C, 0x755C, 0x755C, 0x755C, 0x755C, 0x757C, 0x757C, 0x75BD, 0x8DDD, 0x757C, 0x7D9C,
    0x7D9D, 0x7D9D, 0x7D9D, 0x7D9D, 0x7D9D, 0x7D9D, 0x7D9D, 0x7D9D, 0x7D9D, 0x7D9D, 0x7D9D, 0x7DBD, 0x861E, 0x75FF, 0x6DDF, 0x5DBF,
    0x863F, 0x75FF, 0x761F, 0x763F, 0x7E5F, 0x7E5F, 0x763F, 0x65DF, 0x65FF, 0x867F, 0x869F, 0x8EBF, 0x8E7F, 0x865F, 0x865F, 0x7E3E,
    0x763E, 0x763E, 0x763E, 0x763E, 0x761E, 0x763E, 0x761E, 0x761E, 0x761E, 0x761E, 0x761E, 0x6E1E, 0x6E1E, 0x6DFE, 0x6DFE, 0x6DFE,
    0x6DFE, 0x6DFE, 0x6DFE, 0x6DFE, 0x6DDE, 0x6DDE, 0x6DDE, 0x6DDE, 0x6DDE, 0x6DDE, 0x6DDE, 0x6DBE, 0x6DBE, 0x6DBE, 0x6DBE, 0x659E,
    0x9EBF, 0x9EBF, 0x9EBF, 0x9EBF, 0x9EBF, 0x9EBF, 0x9EBF, 0x9EBF, 0x9EBF, 0x9EBF, 0x9EBF, 0x9EBF, 0x9EBF, 0x9EBF, 0x9EBF, 0x9EBF,
    0x9EBF, 0x9EBF, 0x9EBF, 0x9EBF, 0x9EBF, 0x9EBF, 0x9EBF, 0x9EBF, 0x9EBF, 0x9EBF, 0x9EBF, 0x9EBF, 0x9EBF, 0x9EBF, 0x9EBF, 0x9EBF,
    0x9EBF, 0x9EBF, 0x9EBF, 0x9EBF, 0x9EBF, 0x9EBF, 0x9EBF, 0x9EBF, 0x9EBF, 0x9EBF, 0x9EBF, 0x9EBF, 0x9EBF, 0x9EBF, 0x9EBF, 0x9EBF,
    0x9EBF, 0x9EBF, 0x9EBF, 0x9EBF, 0xA65E, 0xB65E, 0xBE5D, 0xBE5D, 0xC65D, 0xC65D, 0xBE5D, 0xB63D, 0xB61D, 0xAE1C, 0xAE1C, 0xB63C,
    0xB63C, 0xBE3C, 0xB63C, 0xAE3C, 0xAE3C, 0xAE3C, 0xAE3C, 0xAE3C, 0xB63C, 0xB63C, 0xAE3C, 0xAE3C, 0xAE3C, 0xAE3C, 0xAE3D, 0xA63C,
    0xA63C, 0xA61C, 0xA61D, 0xA61D, 0x9E1D, 0x9E1D, 0x9E1D, 0x95FD, 0x95FD, 0x95FD, 0x95DD, 0x95DD, 0x95DC, 0x8DDC, 0x8DDD, 0x8DDC,
    0x8DBC, 0x8DBC, 0x85BC, 0x859C, 0x859B, 0x857B, 0x857B, 0x857A, 0x8D5A, 0x8D5A, 0x855A, 0x855A, 0x855B, 0x7D5B, 0x755B, 0x755C,
    0x6D3C, 0x6D3C, 0xA4D5, 0xC4D2, 0xC4D2, 0xC4D2, 0xC4B1, 0xC4B1, 0xC490, 0xC490, 0xC470, 0xBC70, 0xBC4F, 0xBC2F, 0xB40F, 0x7476,
    0x5CDB, 0x5CFB, 0x651B, 0x651C, 0x9474, 0xB450, 0xBC71, 0xBC71, 0xBC91, 0xBC91, 0xBC92, 0xBCB2, 0xBCD3, 0xBCF3, 0xBCF4, 0xBD14,
    0xBD14, 0xB535, 0x857B, 0x857C, 0x859B, 0x857B, 0x8D7B, 0x8D7B, 0x8D7B, 0x8D7B, 0x857B, 0x857B, 0x855B, 0x7D5B, 0x857B, 0x7D5B,
    0x7D5B, 0x7D5B, 0x7D5B, 0x755B, 0x755B, 0x755C, 0x757C, 0x755C, 0x755C, 0x755C, 0x755C, 0x757C, 0x75BD, 0x85FD, 0x759D, 0x757D,
    0x759D, 0x759D, 0x7D9D, 0x7D9D, 0x7D9D, 0x7D9D, 0x7D9D, 0x7DBD, 0x7DBD, 0x7DBE, 0x75BE, 0x75DE, 0x8E5E, 0x75FF, 0x761F, 0x763F,
    0x761F, 0x75FF, 0x75FF, 0x761F, 0x761F, 0x761F, 0x6DFF, 0x763F, 0x867F, 0x867F, 0x8EBF, 0x865F, 0x865F, 0x865F, 0x7E1E, 0x763E,
    0x763E, 0x763E, 0x763E, 0x761E, 0x763E, 0x761E, 0x6E3E, 0x6E1E, 0x6E1E, 0x6E1E, 0x6DFE, 0x6E1E, 0x6DFE, 0x6DFE, 0x6DFE, 0x6DFE,
    0x6DFE, 0x6DDE, 0x6DDE, 0x6DDE, 0x6DDE, 0x6DDE, 0x6DDE, 0x6DDE, 0x6DBE, 0x6DBE, 0x6DBE, 0x6DBE, 0x65BE, 0x6DBE, 0x6DBE, 0x6DBE,
    0x9EBF, 0x9EBF, 0x9EBF, 0x9EBF, 0x9EBF, 0x9EBF, 0x9EBF, 0x9EBF, 0x9EBF, 0x9EBF, 0x9EBF, 0x9EBF, 0x9EBF, 0x9EBF, 0x9EBF, 0x9EBF,
    0x9EBF, 0x9EBF, 0x9EBF, 0x9EBF, 0x9EBF, 0x9EBF, 0x9EBF, 0x9EBF, 0x9EBF, 0x9EBF, 0x9EBF, 0x9EBF, 0x9EBF, 0x9EBF, 0x9EBF, 0x9EBF,
    0x9EBF, 0x9EBF, 0x9EBF, 0x9EBF, 0x9EBF, 0x9EBF, 0x9EBF, 0x9EBF, 0x9EBF, 0x9EBF, 0x9EBF, 0x9EBF, 0x9EBF, 0x9EBF, 0x9EBF, 0x9EBF,
    0x9EBF, 0x9EBF, 0x9EBF, 0x9EDF, 0x9EBF, 0xAE5E, 0xB65E, 0xBE5D, 0xC65D, 0xC65D, 0xBE5C, 0xBE5C, 0xBE3C, 0xB63C, 0xB61C, 0xAE1C,
    0xB63C, 0xB63C, 0xB63C, 0xB63C, 0xAE1C, 0xAE1C, 0xAE1C, 0xAE1C, 0xAE1C, 0xAE3D, 0xAE3C, 0xAE3C, 0xAE1C, 0xAE1C, 0xA61C, 0xA61C,
    0xA61C, 0xA61C, 0xA61C, 0x9E1C, 0x9E1D, 0x9E1C, 0x9DFC, 0x95FD, 0x95FC, 0x95DD, 0x95DD, 0x95DD, 0x95DD, 0x8DDC, 0x8DDC, 0x8DDC,
    0x8DBC, 0x8DBC, 0x8DBC, 0x8D9B, 0x8D9B, 0x8D7B, 0x8D7A, 0x8D7A, 0x8D7A, 0x8D7A, 0x8D7A, 0x8D7B, 0x855B, 0x7D5C, 0x755C, 0x755C,
    0x6D5C, 0x6D3B, 0xB4B3, 0xC4D2, 0xC4D2, 0xC4D2, 0xC4D1, 0xC4B1, 0xC490, 0xC490, 0xC490, 0xC470, 0xBC6F, 0xBC2F, 0xB40F, 0x7498,
    0x5CFB, 0x651B, 0x653C, 0x6D3C, 0x9C94, 0xB450, 0xBC71, 0xBC91, 0xBC91, 0xBC92, 0xBCB2, 0xBCB2, 0xBCD3, 0xBCF3, 0xBD14, 0xBD14,
    0xBD15, 0xB535, 0x859C, 0x859C, 0x859C, 0x859C, 0x8D9B, 0x8D9B, 0x8D9B, 0x8D7B, 0x8D7B, 0x857B, 0x857B, 0x857B, 0x855B, 0x7D5B,
    0x7D5B, 0x7D5B, 0x7D5B, 0x7D5B, 0x755C, 0x755C, 0x755C, 0x755C, 0x755C, 0x755C, 0x755C, 0x755C, 0x757C, 0x75BD, 0x759D, 0x6D7D,
    0x759D, 0x759D, 0x7DBD, 0x759E, 0x759E, 0x759E, 0x75BE, 0x75BE, 0x75BE, 0x75BE, 0x75BE, 0x75DE, 0x761F, 0x6DFF, 0x6DDF, 0x7E3F,
    0x7E3F, 0x761F, 0x6DFF, 0x75FF, 0x761F, 0x761F, 0x765F, 0x7E5F, 0x869F, 0x8E9F, 0x863F, 0x865F, 0x865F, 0x7E3E, 0x763E, 0x765E,
    0x763E, 0x763E, 0x763E, 0x763E, 0x763E, 0x763E, 0x6E3E, 0x763E, 0x6E1E, 0x6E1E, 0x6DFE, 0x6DFE, 0x6DFE, 0x6DFE, 0x6DFE, 0x6DFE,
    0x6DFE, 0x6DFE, 0x6DFE, 0x6DFE, 0x6DDE, 0x6DDE, 0x6DFE, 0x6DBE, 0x6DDE, 0x6DBE, 0x6DBE, 0x6DBE, 0x6DBE, 0x6DBE, 0x6DBE, 0x865F,
    0x9EBF, 0x9EBF, 0x9EBF, 0x9EBF, 0x9EBF, 0x9EBF, 0x9EBF, 0x9EBF, 0x9EBF, 0x9EBF, 0x9EBF, 0x9EBF, 0x9EBF, 0x9EBF, 0x9EBF, 0x9EBF,
    0x9EBF, 0x9EBF, 0x9EBF, 0x9EBF, 0x9EBF, 0x9EBF, 0x9EBF, 0x9EBF, 0x9EBF, 0x9EBF, 0x9EBF, 0x9EBF, 0x9EBF, 0x9EBF, 0x9EBF, 0x9EBF,
    0x9EBF, 0x9EBF, 0x9EBF, 0x9EBF, 0x9EBF, 0x9EBF, 0x9EBF, 0x9EBF, 0x9EBF, 0x9EBF, 0x9EBF, 0x9EBF, 0x9EBF, 0x9EBF, 0x9EBF, 0x9EBF,
    0x9EBF, 0x9EBF, 0x9EBF, 0x9EBF, 0x9EBF, 0x9E9F, 0xAE5D, 0xB65D, 0xB65D, 0xC67D, 0xC67C, 0xBE5C, 0xBE3C, 0xBE3C, 0xB63C, 0xB63C,
    0xB61C, 0xB61C, 0xB63C, 0xB63D, 0xB63D, 0xAE1C, 0xAE1C, 0xAE1C, 0xAE1C, 0xAE1C, 0xAE1C, 0xAE1D, 0xAE1D, 0xA61D, 0xA61C, 0xA61C,
    0x9E1C, 0x9DFC, 0x9E1C, 0x9DFC, 0x9DFC, 0x9DFC, 0x95FC, 0x95FC, 0x95FC, 0x95DD, 0x95DD, 0x95DD, 0x95DC, 0x8DDC, 0x8DDC, 0x8DDC,
    0x8DDC, 0x8DBC, 0x8DBC, 0x8D9B, 0x8D9B, 0x8D7B, 0x8D7A, 0x8D7A, 0x957A, 0x957A, 0x8D7B, 0x8D7B, 0x857C, 0x7D7C, 0x757C, 0x755C,
    0x755C, 0x753B, 0xBCB2, 0xC4D2, 0xC4F2, 0xCCF2, 0xCCD1, 0xCCB1, 0xC4B0, 0xC490, 0xC490, 0xC490, 0xC470, 0xBC2F, 0xAC10, 0x6CD9,
    0x651C, 0x653C, 0x6D5C, 0x6D5D, 0x9CB5, 0xBC50, 0xBC91, 0xBC91, 0xC4B1, 0xC4B2, 0xC4B2, 0xC4D3, 0xC4F3, 0xC4F4, 0xC514, 0xC514,
    0xBD35, 0xB536, 0x85BC, 0x85BD, 0x859D, 0x85BC, 0x8D9C, 0x8D9C, 0x8D9B, 0x8D9B, 0x8D9B, 0x8D7B, 0x857B, 0x857B, 0x857B, 0x857B,
    0x7D7B, 0x7D7B, 0x7D7B, 0x7D7C, 0x7D7C, 0x755C, 0x755C, 0x757C, 0x757C, 0x757C, 0x755C, 0x755C, 0x6D5C, 0x6D7D, 0x6D7D, 0x6D7D,
    0x6D7D, 0x7DDE, 0x85FE, 0x6D9E, 0x6D9E, 0x75BE, 0x75BE, 0x75BE, 0x75BE, 0x75BE, 0x6DBE, 0x6DBE, 0x6DBF, 0x65BF, 0x65DF, 0x6DFF,
    0x6DDF, 0x75FF, 0x7DFF, 0x761F, 0x761F, 0x763F, 0x6E1F, 0x869F, 0x8E9F, 0x863F, 0x863F, 0x863F, 0x7E1E, 0x763E, 0x763E, 0x763E,
    0x763E, 0x6E3E, 0x763E, 0x6E1E, 0x6E3E, 0x6E3E, 0x6E1E, 0x6E1E, 0x6E1E, 0x6E1E, 0x6E1E, 0x6E1E, 0x6DFE, 0x6DFE, 0x6DFE, 0x6DFE,
    0x6DFE, 0x6DFE, 0x6DFE, 0x6DDE, 0x6DDE, 0x6DDE, 0x6DBE, 0x6DDE, 0x65BE, 0x6DBE, 0x65BE, 0x65BE, 0x6DBE, 0x861F, 0x9EDF, 0xA6BF,
    0x9EBF, 0x9EBF, 0x9EBF, 0x9EBF, 0x9EBF, 0x9EBF, 0x9EBF, 0x9EBF, 0x9EBF, 0x9EBF, 0x9EBF, 0x9EBF, 0x9EBF, 0x9EBF, 0x9EBF, 0x9EBF,
    0x9EBF, 0x9EBF, 0x9EBF, 0x9EBF, 0x9EBF, 0x9EBF, 0x9EBF, 0x9EBF, 0x9EBF, 0x9EBF, 0x9EBF, 0x9EBF, 0x9EBF, 0x9EBF, 0x9EBF, 0x9EBF,
    0x9EBF, 0x9EBF, 0x9EBF, 0x9EBF, 0x9EBF, 0x9EBF, 0x9EBF, 0x9EBF, 0x9EBF, 0x9EBF, 0x9EBF, 0x9EBF, 0x9EBF, 0x9EBF, 0x9EBF, 0x9EBF,
    0x9EBF, 0x9EDF, 0x9EBF, 0x9EBF, 0x9EBF, 0x9EBF, 0x9E9F, 0xA65D, 0xB65D, 0xB65D, 0xC67D, 0xC67C, 0xBE3C, 0xBE3C, 0xBE3C, 0xB63C,
    0xB63C, 0xAE1C, 0xAE1C, 0xB61C, 0xB63D, 0xB63D, 0xAE1C, 0xA5FC, 0xA5FC, 0xA5FC, 0xA5FC, 0xA61C, 0xA61C, 0xA5FD, 0xA5FD, 0x9DFC,
    0x9DFC, 0x9DFC, 0x9DFC, 0x9DFC, 0x9DFC, 0x9DFC, 0x95FD, 0x95FD, 0x95DD, 0x95DD, 0x95DD, 0x95DD, 0x95DC, 0x95DC, 0x8DDC, 0x8DDC,
    0x8DDC, 0x8DBC, 0x8DBC, 0x8D9B, 0x8D9B, 0x957B, 0x957A, 0x959A, 0x959A, 0x959A, 0x959B, 0x8D9C, 0x7D7C, 0x7D7C, 0x7D7C, 0x757C,
    0x755C, 0x7D3A, 0xBCD2, 0xC4F2, 0xCCF2, 0xCCF2, 0xCCF1, 0xCCD1, 0xCCB1, 0xC4B1, 0xC490, 0xC490, 0xC470, 0xBC4F, 0xAC31, 0x6CFA,
    0x6D3C, 0x6D5D, 0x6D5D, 0x757D, 0x9CD5, 0xBC70, 0xC491, 0xC4B1, 0xC4B2, 0xC4D2, 0xC4D2, 0xC4F3, 0xC4F3, 0xC514, 0xC514, 0xC535,
    0xBD35, 0xBD36, 0x85BD, 0x85BD, 0x85BD, 0x85BD, 0x85BC, 0x8DBC, 0x95BB, 0x95BB, 0x959B, 0x959B, 0x8D9B, 0x8D9B, 0x857B, 0x857B,
    0x857B, 0x857B, 0x7D7B, 0x7D7C, 0x7D7C, 0x7D7C, 0x757C, 0x757C, 0x757C, 0x757C, 0x757C, 0x757C, 0x6D7C, 0x6D7D, 0x6D7D, 0x6D7D,
    0x6D7D, 0x6D7E, 0x6D9E, 0x6D9E, 0x6D9E, 0x6D9E, 0x6D9E, 0x6D9E, 0x6D9E, 0x6DBE, 0x6D9E, 0x6DBE, 0x6DBF, 0x75FF, 0x7E1F, 0x75FF,
    0x75DF, 0x75FF, 0x75FF, 0x6DFF, 0x65FF, 0x6E3F, 0x8EBF, 0x867F, 0x969F, 0x865F, 0x7E1E, 0x7E3E, 0x763E, 0x763E, 0x763E, 0x763E,
    0x763E, 0x763E, 0x761E, 0x763E, 0x6E1E, 0x761E, 0x6E1E, 0x761E, 0x6E1E, 0x6E1E, 0x6E1E, 0x6E1E, 0x6DFE, 0x6DFE, 0x6DFE, 0x6DFE,
    0x6DFE, 0x6DFE, 0x6DFE, 0x6DDE, 0x6DDE, 0x6DDE, 0x6DDE, 0x6DDE, 0x6DDE, 0x6DBE, 0x6DBE, 0x75DE, 0xA6DF, 0x9EDF, 0xA6BF, 0xA6BF,
    0x9EBF, 0x9EBF, 0x9EBF, 0x9EBF, 0x9EBF, 0x9EBF, 0x9EBF, 0x9EBF, 0x9EBF, 0x9EBF, 0x9EBF, 0x9EBF, 0x9EBF, 0x9EBF, 0x9EBF, 0x9EBF,
    0x9EBF, 0x9EBF, 0x9EBF, 0x9EBF, 0x9EBF, 0x9EBF, 0x9EBF, 0x9EBF, 0x9EBF, 0x9EBF, 0x9EBF, 0x9EBF, 0x9EBF, 0x9EBF, 0x9EBF, 0x9EBF,
    0x9EBF, 0x9EBF, 0x9EBF, 0x9EBF, 0x9EBF, 0x9EBF, 0x9EBF, 0x9EBF, 0x9EBF, 0x9EBF, 0x9EBF, 0x9EBF, 0x9EBF, 0x9EBF, 0x9EBF, 0x9EBF,
    0x9EBF, 0x9EBF, 0x9EBF, 0x9EBF, 0x9EBF, 0x9EBF, 0x9EBF, 0x9E9F, 0xA65E, 0xB65D, 0xBE5D, 0xC65D, 0xBE5D, 0xBE5C, 0xBE3C, 0xBE3C,
    0xB63C, 0xB61C, 0xAE1C, 0xAE1C, 0xB61D, 0xB61D, 0xB61D, 0xAE1D, 0xA5FC, 0xA5FC, 0xA5FC, 0xA5FC, 0xA5FC, 0xA5FD, 0x9DFD, 0x9DFC,
    0x9DFC, 0x9DFC, 0x9DFC, 0x95FC, 0x95FC, 0x95FD, 0x95FD, 0x95DD, 0x95DD, 0x95DD, 0x95DD, 0x95DD, 0x95FD, 0x95FD, 0x8DDD, 0x8DDC,
    0x8DDC, 0x8DBC, 0x8DBC, 0x959B, 0x959B, 0x959B, 0x959A, 0x9D9A, 0x9DBB, 0x9DBB, 0x95BC, 0x859C, 0x7D7D, 0x7D7D, 0x7D7C, 0x7D7C,
    0x7D7C, 0x8D39, 0xBCD2, 0xC4F2, 0xCD12, 0xCD12, 0xCCF1, 0xCCD1, 0xCCD1, 0xCCB1, 0xCCB1, 0xC490, 0xC490, 0xBC50, 0xA452, 0x6D3C,
    0x6D5D, 0x6D7D, 0x6D7D, 0x757D, 0x9CD6, 0xBC70, 0xC4B1, 0xC4B1, 0xC4D2, 0xCCF2, 0xCCF3, 0xC4F3, 0xC514, 0xC514, 0xC534, 0xC535,
    0xBD35, 0xBD56, 0x85BD, 0x7DBD, 0x7DBD, 0x85BD, 0x85BD, 0x8DBC, 0x8DBC, 0x95BC, 0x95BB, 0x95BB, 0x95BB, 0x8D9B, 0x8D9B, 0x8D9B,
    0x857B, 0x857C, 0x857C, 0x7D7C, 0x7D7C, 0x757C, 0x757D, 0x757C, 0x757D, 0x757D, 0x757D, 0x6D7D, 0x6D7D, 0x6D7D, 0x6D7D, 0x6D7D,
    0x6D7D, 0x6D7E, 0x6D7E, 0x6D9E, 0x6D9E, 0x6D9E, 0x6D9E, 0x6D9E, 0x6D9E, 0x6D9E, 0x6D9E, 0x6D9E, 0x6DBE, 0x6DBE, 0x65BF, 0x65BF,
    0x65BF, 0x65BF, 0x6DFF, 0x6DFF, 0x867F, 0x96DF, 0x96BF, 0x9EDF, 0x865F, 0x7E3E, 0x763E, 0x765E, 0x765E, 0x763E, 0x765E, 0x761E,
    0x765E, 0x761E, 0x761E, 0x761E, 0x761E, 0x761E, 0x6E1E, 0x761E, 0x6E1E, 0x6E1E, 0x6E1E, 0x6DFE, 0x6DFE, 0x6DFE, 0x6DFE, 0x6DDE,
    0x6DDE, 0x6DDE, 0x6DDE, 0x6DDE, 0x6DDE, 0x6DDE, 0x6DBE, 0x6DDE, 0x6DBE, 0x761E, 0x9EDF, 0xA6DF, 0x9EDF, 0xA6BF, 0xA6BF, 0x9EBF,
    0x9EBF, 0x9EBF, 0x9EBF, 0x9EBF, 0x9EBF, 0x9EBF, 0x9EBF, 0x9EBF, 0x9EBF, 0x9EBF, 0x9EBF, 0x9EBF, 0x9EBF, 0x9EBF, 0x9EBF, 0x9EBF,
    0x9EBF, 0x9EBF, 0x9EBF, 0x9EBF, 0x9EBF, 0x9EBF, 0x9EBF, 0x9EBF, 0x9EBF, 0x9EBF, 0x9EBF, 0x9EBF, 0x9EBF, 0x9EBF, 0x9EBF, 0x9EBF,
    0x9EBF, 0x9EBF, 0x9EBF, 0x9EBF, 0x9EBF, 0x9EBF, 0x9EBF, 0x9EBF, 0x9EBF, 0x9EBF, 0x9EBF, 0x9EBF, 0x9EBF, 0x9EBF, 0x9EBF, 0x9EDF,
    0x9EBF, 0x9EBF, 0x9EBF, 0x9EBF, 0x9EBF, 0x9EBF, 0x9EBF, 0x9EBF, 0x9EBF, 0xA67E, 0xB65D, 0xBE5D, 0xBE5C, 0xBE5C, 0xBE5C, 0xBE3C,
    0xBE3C, 0xB63C, 0xB63C, 0xB61C, 0xAE1C, 0xAE1C, 0xAE1D, 0xAE1D, 0xAE1D, 0xA5FC, 0xA5DC, 0xA5FC, 0x9DFC, 0x9DFC, 0x9DFC, 0x9DFC,
    0x9DFC, 0x95DC, 0x95DC, 0x95DC, 0x95DD, 0x95DD, 0x95DD, 0x95DD, 0x95DD, 0x95DD, 0x95DD, 0x95DD, 0x95FD, 0x95FD, 0x8DDC, 0x8DBC,
    0x8DBC, 0x95BC, 0x95BB, 0x95BB, 0x959B, 0x9D9B, 0x9DBA, 0xA5BB, 0xA5DB, 0x9DDC, 0x8DBC, 0x859D, 0x7D9D, 0x7D7D, 0x7D7C, 0x7D7C,
    0x7D7C, 0x9538, 0xC4F2, 0xC4F2, 0xCD12, 0xD512, 0xD4F1, 0xCCD1, 0xCCD1, 0xCCD1, 0xCCB1, 0xC4B0, 0xC490, 0xBC50, 0x9C74, 0x6D7D,
    0x6D7E, 0x6D9E, 0x759E, 0x759E, 0x9CF6, 0xC490, 0xCCB1, 0xCCD2, 0xCCF2, 0xCCF2, 0xCD13, 0xCD13, 0xCD14, 0xC534, 0xC534, 0xC535,
    0xC535, 0xBD56, 0x85BD, 0x7DDD, 0x7DDD, 0x85DD, 0x85DD, 0x85BD, 0x8DBC, 0x95BC, 0x95BC, 0x9DBC, 0x95BB, 0x95BB, 0x95BB, 0x8D9B,
    0x8D9C, 0x859C, 0x859C, 0x859C, 0x7D9C, 0x7D9C, 0x759D, 0x759D, 0x759D, 0x757D, 0x757D, 0x757D, 0x6D7D, 0x6D7D, 0x6D7D, 0x6D7D,
    0x6D7D, 0x6D7E, 0x6D7E, 0x6D7E, 0x6D7E, 0x6D9E, 0x6D9E, 0x6D9E, 0x6D9E, 0x6D9E, 0x6D9E, 0x6D9E, 0x659E, 0x659E, 0x657E, 0x659F,
    0x6DDF, 0x761F, 0x7E3F, 0x96BF, 0xA71F, 0xAF3F, 0x9EDF, 0x7E5F, 0x763D, 0x765E, 0x765E, 0x765E, 0x765E, 0x765E, 0x763E, 0x765E,
    0x763E, 0x763E, 0x761E, 0x763E, 0x761E, 0x761E, 0x761E, 0x761E, 0x6E1E, 0x6E1E, 0x6E1E, 0x6E1E, 0x6E1E, 0x6E1E, 0x6DDE, 0x6DFE,
    0x6DDE, 0x6DDE, 0x6DDE, 0x6DDE, 0x6DDE, 0x6DDE, 0x6DDD, 0x75FE, 0x8E7E, 0x9EDF, 0xA6DF, 0x9EDF, 0xA6BF, 0xA6BF, 0x9EBF, 0x9EBF,
    0x9EBF, 0x9EBF, 0x9EBF, 0x9EBF, 0x9EBF, 0x9EBF, 0x9EBF, 0x9EBF, 0x9EBF, 0x9EBF, 0x9EBF, 0x9EBF, 0x9EBF, 0x9EBF, 0x9EBF, 0x9EBF,
    0x9EBF, 0x9EBF, 0x9EBF, 0x9EBF, 0x9EBF, 0x9EBF, 0x9EBF, 0x9EBF, 0x9EBF, 0x9EBF, 0x9EBF, 0x9EBF, 0x9EBF, 0x9EBF, 0x9EBF, 0x9EBF,
    0x9EBF, 0x9EBF, 0x9EBF, 0x9EBF, 0x9EBF, 0x9EBF, 0x9EBF, 0x9EBF, 0x9EBF, 0x9EBF, 0x9EBF, 0x9EBF, 0x9EBF, 0x9EBF, 0x9EBF, 0x9EBF,
    0x9EBF, 0x9EBF, 0x9EBF, 0x9EBF, 0x9EBF, 0x9EBF, 0x9EBF, 0x9EBF, 0x9EBF, 0x9EBF, 0x9E9F, 0xB67E, 0xBE7D, 0xC67D, 0xC65D, 0xBE5D,
    0xBE5C, 0xBE3C, 0xB63C, 0xB63C, 0xB61C, 0xAE1C, 0xAE1C, 0xAE1C, 0xAE1C, 0xADFC, 0xA5FC, 0x9DDC, 0x9DDC, 0x9DDC, 0x9DDC, 0x9DDC,
    0x9DDC, 0x95DC, 0x95DC, 0x95DC, 0x95DC, 0x95DD, 0x95DD, 0x95DD, 0x95DD, 0x95DD, 0x95DC, 0x95DC, 0x961D, 0x95FD, 0x8DDC, 0x8DBC,
    0x8DBC, 0x95BC, 0x95BB, 0x95BB, 0x9DBB, 0x9DBB, 0xA5DB, 0xA5FB, 0x9DDC, 0x8DBC, 0x859C, 0x7D9C, 0x7D9C, 0x7D7C, 0x7D9C, 0x7D9C,
    0x859C, 0x9D38, 0xC4F2, 0xCD12, 0xD512, 0xD512, 0xD512, 0xD4F1, 0xCCD1, 0xCCD1, 0xCCD1, 0xCCB1, 0xC490, 0xBC70, 0x94B6, 0x757E,
    0x759E, 0x75BE, 0x75BE, 0x7DBE, 0x9D17, 0xC490, 0xCCD1, 0xD4F2, 0xCD12, 0xCD13, 0xCD13, 0xCD14, 0xCD34, 0xC534, 0xC535, 0xC535,
    0xC535, 0xBD56, 0x8E5D, 0x863E, 0x7DFE, 0x85FE, 0x85DE, 0x85DD, 0x8DDD, 0x8DDC, 0x95DC, 0x9DDC, 0x9DDC, 0x9DBC, 0x95BB, 0x95BC,
    0x8D9C, 0x8D9C, 0x8D9C, 0x859C, 0x859C, 0x7D9C, 0x7D9D, 0x759D, 0x6D9D, 0x759D, 0x759D, 0x6D9D, 0x6D7D, 0x6D7D, 0x6D7D, 0x6D7E,
    0x6D9E, 0x6D9E, 0x6D9E, 0x6D9E, 0x6D9E, 0x6D9E, 0x6D9E, 0x659E, 0x657E, 0x657E, 0x657E, 0x657E, 0x659E, 0x6DBE, 0x75FF, 0x7E3F,
    0x761F, 0x8E9F, 0x9EDF, 0x96BF, 0x8E9F, 0x7E5F, 0x7E3E, 0x765E, 0x763E, 0x765E, 0x765E, 0x763E, 0x763E, 0x763E, 0x763E, 0x763E,
    0x6E3E, 0x763E, 0x6E3E, 0x6E3E, 0x6E1E, 0x6E1E, 0x6E1E, 0x6E1E, 0x6DFE, 0x6E1E, 0x6E1E, 0x6DFE, 0x6DFE, 0x6DFE, 0x6DFE, 0x6DFE,
    0x6DFE, 0x6DDE, 0x6DDE, 0x6DDE, 0x6DBE, 0x7DFE, 0x967F, 0x9EDF, 0x9E7F, 0xA6DF, 0x9EDF, 0xA6BF, 0x96BF, 0x9EBF, 0x9EBF, 0xA71F,
    0x9EBF, 0x9EBF, 0x9EBF, 0x9EBF, 0x9EBF, 0x9EBF, 0x9EBF, 0x9EBF, 0x9EBF, 0x9EBF, 0x9EBF, 0x9EBF, 0x9EBF, 0x9EBF, 0x9EBF, 0x9EBF,
    0x9EBF, 0x9EBF, 0x9EBF, 0x9EBF, 0x9EBF, 0x9EBF, 0x9EBF, 0x9EBF, 0x9EBF, 0x9EBF, 0x9EBF, 0x9EBF, 0x9EBF, 0x9EBF, 0x9EBF, 0x9EBF,
    0x9EBF, 0x9EBF, 0x9EBF, 0x9EBF, 0x9EBF, 0x9EBF, 0x9EBF, 0x9EBF, 0x9EBF, 0x9EBF, 0x9EBF, 0x9EBF, 0x9EBF, 0x9EDF, 0x9EBF, 0x9EBF,
    0x9EBF, 0x9EBF, 0x9EBF, 0x9EBF, 0x9EBF, 0x9EBF, 0x9EBF, 0x9EBF, 0x9EBF, 0x9EBF, 0x9EBF, 0x9EBF, 0xA6BE, 0xBE7D, 0xC67D, 0xC67D,
    0xC67D, 0xBE5C, 0xBE5C, 0xBE3C, 0xB63C, 0xB61C, 0xAE1C, 0xADFC, 0xADFC, 0xADFC, 0xADFC, 0xA5FC, 0x9DDC, 0x9DDC, 0x9DDC, 0x9DDC,
    0x9DDC, 0x95DC, 0x95DC, 0x95DC, 0x95DC, 0x95DD, 0x95DD, 0x95DD, 0x95DD, 0x95DC, 0x95DC, 0x95DD, 0x95DC, 0x8DDC, 0x8DBC, 0x8DBC,
    0x95BC, 0x95BB, 0x95BB, 0x9DBB, 0x9DDB, 0xA5DB, 0xA5FB, 0x9DDB, 0x8DBC, 0x8DDD, 0x8E1E, 0x8E1E, 0x963E, 0x965E, 0x965E, 0x965E,
    0x965E, 0xB576, 0xC4F2, 0xCD12, 0xD532, 0xD532, 0xD511, 0xD4F1, 0xD4F1, 0xCCF1, 0xCCD1, 0xCCB1, 0xC4B0, 0xB471, 0x9518, 0x75BE,
    0x7DDE, 0x7DDE, 0x861F, 0x8E3F, 0xAD98, 0xCCD1, 0xD4F1, 0xD512, 0xD512, 0xD533, 0xD533, 0xCD34, 0xCD34, 0xCD35, 0xC535, 0xC535,
    0xBD35, 0xB576, 0x8EBF, 0x8EDF, 0x86BF, 0x8EBF, 0x869E, 0x867E, 0x8E5E, 0x8E1D, 0x8DDD, 0x95DC, 0x95DC, 0x95BC, 0x95BC, 0x95BC,
    0x95BC, 0x8DBC, 0x8DBC, 0x8DBC, 0x85BD, 0x85BD, 0x85BD, 0x7DBD, 0x759D, 0x759D, 0x759D, 0x759D, 0x759D, 0x6D9E, 0x6D9E, 0x6D9E,
    0x657E, 0x657E, 0x5D5E, 0x6D9E, 0x6D9E, 0x6D9E, 0x6D9E, 0x6D9E, 0x659E, 0x6DBE, 0x7DFE, 0x7E1E, 0x75FE, 0x75DF, 0x761F, 0x8E7F,
    0x969F, 0x8E7F, 0x863F, 0x7E3F, 0x7E5E, 0x765E, 0x765E, 0x765E, 0x765E, 0x765E, 0x763E, 0x765E, 0x763E, 0x763E, 0x763E, 0x763E,
    0x6E3E, 0x761E, 0x761E, 0x6E1E, 0x6E1E, 0x6E1E, 0x6E1E, 0x6E1E, 0x6E1E, 0x6E1E, 0x6DFE, 0x6E1E, 0x6DFE, 0x6DFE, 0x6DFE, 0x6DFE,
    0x6DFE, 0x6DDE, 0x6DFE, 0x7DFE, 0xA6FF, 0xA6FF, 0x9EDF, 0x9EDF, 0xA6DF, 0x9EDF, 0xA6BF, 0xA6BF, 0x9EBF, 0x9EBF, 0xA71F, 0x969F,
    0x9EBF, 0x9EBF, 0x9EBF, 0x9EBF, 0x9EBF, 0x9EBF, 0x9EBF, 0x9EBF, 0x9EBF, 0x9EBF, 0x9EBF, 0x9EBF, 0x9EBF, 0x9EBF, 0x9EBF, 0x9EBF,
    0x9EBF, 0x9EBF, 0x9EBF, 0x9EBF, 0x9EBF, 0x9EBF, 0x9EBF, 0x9EBF, 0x9EBF, 0x9EBF, 0x9EBF, 0x9EBF, 0x9EBF, 0x9EBF, 0x9EBF, 0x9EBF,
    0x9EBF, 0x9EBF, 0x9EBF, 0x9EBF, 0x9EBF, 0x9EBF, 0x9EBF, 0x9EBF, 0x9EBF, 0x9EBF, 0x9EBF, 0x9EBF, 0x9EBF, 0x9EBF, 0x9EBF, 0x9EBF,
    0x9EBF, 0x9EBF, 0x9EBF, 0x9EBF, 0x9EBF, 0x9EBF, 0x9EBF, 0x9EBF, 0x9EBF, 0x9EBF, 0x9EBF, 0x9EBF, 0x9EBF, 0x9EBF, 0xAE9E, 0xBE9D,
    0xC69D, 0xC67D, 0xC67D, 0xBE5C, 0xBE3C, 0xB63C, 0xB61C, 0xAE1C, 0xADFC, 0xA5FC, 0xA5FC, 0xA5FC, 0xA5FC, 0xA5DC, 0x9DDC, 0x9DDC,
    0x9DDC, 0x95DC, 0x95DC, 0x95DC, 0x95DC, 0x95DC, 0x95DC, 0x95DC, 0x95DC, 0x95BC, 0x95DC, 0x95DC, 0x95DC, 0x8DBC, 0x8DBC, 0x95BC,
    0x95BB, 0x95BB, 0x9DBB, 0xA5DB, 0xA5FB, 0xA5FB, 0xA63C, 0x965E, 0x9E9F, 0x9E9F, 0x9EBF, 0x9EBF, 0x9EDF, 0x9EBF, 0x9EBF, 0x9EBF,
    0x9EBF, 0xB555, 0xCD13, 0xCD12, 0xD532, 0xDD32, 0xD532, 0xD512, 0xD4F1, 0xCCF1, 0xCCF1, 0xCCD1, 0xC491, 0xB471, 0x9E1B, 0x9EBF,
    0x9EBF, 0x9EBF, 0x9EBF, 0x9EDF, 0xADFA, 0xCCF1, 0xD511, 0xDD32, 0xD533, 0xD533, 0xD533, 0xD534, 0xCD34, 0xCD35, 0xC535, 0xC535,
    0xBD35, 0xB576, 0x8EBE, 0x86DF, 0x8EDF, 0x86DF, 0x86DF, 0x86DF, 0x86BF, 0x86BF, 0x869E, 0x8E3D, 0x8E3E, 0x961D, 0x95FD, 0x95DD,
    0x95BC, 0x8DBD, 0x8DBC, 0x8DBD, 0x8DBD, 0x8DBD, 0x85BD, 0x85BD, 0x7DBD, 0x7DBD, 0x7DBD, 0x7DBD, 0x75BE, 0x75BE, 0x75BE, 0x75BE,
    0x6DBE, 0x6DBE, 0x6DBE, 0x75DE, 0x7DDE, 0x75DE, 0x75DE, 0x75DE, 0x75DE, 0x75DE, 0x75FF, 0x7E1F, 0x863F, 0x865F, 0x865F, 0x865F,
    0x863F, 0x7E5F, 0x7E5E, 0x767E, 0x763E, 0x765E, 0x763E, 0x763E, 0x765E, 0x763E, 0x763E, 0x763E, 0x763E, 0x763E, 0x6E3E, 0x6E3E,
    0x6E3E, 0x6E1E, 0x6E3E, 0x6E1E, 0x6E1E, 0x6E1E, 0x6E1E, 0x6DFE, 0x6DFE, 0x6DFE, 0x6DFE, 0x6DFE, 0x6DFE, 0x6DFE, 0x6DDE, 0x6DDE,
    0x6DFE, 0x863E, 0x9E9F, 0xA6FF, 0x969F, 0x9EDF, 0x9EDF, 0xA6DF, 0x9EDF, 0xA6BF, 0xA6BF, 0x9EBF, 0x9EBF, 0xA71F, 0x969F, 0x9EFF,
    0x9EBF, 0x9EBF, 0x9EBF, 0x9EBF, 0x9EBF, 0x9EBF, 0x9EBF, 0x9EBF, 0x9EBF, 0x9EBF, 0x9EBF, 0x9EBF, 0x9EBF, 0x9EBF, 0x9EBF, 0x9EBF,
    0x9EBF, 0x9EBF, 0x9EBF, 0x9EBF, 0x9EBF, 0x9EBF, 0x9EBF, 0x9EBF, 0x9EBF, 0x9EBF, 0x9EBF, 0x9EBF, 0x9EBF, 0x9EBF, 0x9EBF, 0x9EBF,
    0x9EBF, 0x9EBF, 0x9EBF, 0x9EBF, 0x9EBF, 0x9EBF, 0x9EBF, 0x9EBF, 0x9EBF, 0x9EBF, 0x9EBF, 0x9EDF, 0x9EBF, 0x9EBF, 0x9EBF, 0x9EBF,
    0x9EBF, 0x9EBF, 0x9EBF, 0x9EBF, 0x9EBF, 0x9EBF, 0x9EBF, 0x9EBF, 0x9EBF, 0x9EDF, 0x9EBF, 0x9EBF, 0x9EBF, 0x9EBF, 0x9EBF, 0x9EDF,
    0xA69E, 0xBE9E, 0xC69D, 0xC67D, 0xC65D, 0xBE5C, 0xBE3C, 0xB61C, 0xAE1C, 0xADFC, 0xA5FC, 0xA5FC, 0xA5FC, 0xA5FC, 0xA5FC, 0xA5DC,
    0x9DDC, 0x95DC, 0x95DC, 0x95DC, 0x95DC, 0x95DC, 0x95DC, 0x95BC, 0x95BC, 0x95DC, 0x95DC, 0x95BC, 0x95BC, 0x95BC, 0x95BC, 0x95BB,
    0x95BB, 0x9DDB, 0xA5DB, 0xAE1C, 0xA63D, 0x9E9E, 0x9EBF, 0x9EDF, 0x9EBF, 0x9EDF, 0x9EBF, 0x9EDF, 0x9EBF, 0x9EBF, 0x9EBF, 0x9EBF,
    0x9EBF, 0xBD34, 0xCD13, 0xD532, 0xD532, 0xDD32, 0xD532, 0xD512, 0xD512, 0xD4F2, 0xCCF2, 0xCCD1, 0xC491, 0xB492, 0x9E7E, 0x9EBF,
    0x9EDF, 0x9EBF, 0x9EDF, 0x9EBF, 0xA5FA, 0xD4F1, 0xDD32, 0xDD32, 0xDD33, 0xDD53, 0xD533, 0xD534, 0xCD34, 0xCD35, 0xC535, 0xC535,
    0xBD35, 0xB577, 0x8EDF, 0x8EDF, 0x8EDF, 0x86DF, 0x8EDF, 0x86DF, 0x86DF, 0x86DF, 0x86DF, 0x86DF, 0x86DF, 0x86DF, 0x86BF, 0x869E,
    0x867E, 0x8E5E, 0x8E3E, 0x8E3E, 0x8E1E, 0x85FD, 0x85FD, 0x85DD, 0x85DD, 0x7DBD, 0x7DBD, 0x7DBD, 0x85DD, 0x7DDD, 0x7DBE, 0x7DDE,
    0x7DDE, 0x7DDE, 0x7DDE, 0x7DDE, 0x7DFE, 0x7DFF, 0x7DFE, 0x7E1F, 0x861F, 0x863E, 0x863E, 0x863E, 0x7E3E, 0x7E3E, 0x7E3E, 0x7E5E,
    0x767E, 0x767E, 0x767E, 0x767E, 0x767E, 0x767E, 0x765E, 0x767E, 0x765E, 0x765E, 0x763E, 0x765E, 0x763E, 0x763E, 0x6E3E, 0x6E3E,
    0x6E3E, 0x6E3E, 0x6E3E, 0x6E3E, 0x6E3E, 0x6E3E, 0x6E1E, 0x6E3E, 0x6DFE, 0x6DFE, 0x6DFE, 0x6DFE, 0x6DFE, 0x75FE, 0x7E1E, 0x8E7F,
    0xA6FF, 0x9E9F, 0xA6FF, 0xA6FF, 0x9EDF, 0x9EDF, 0xA6DF, 0x9EDF, 0xA6BF, 0xA6BF, 0x9F1F, 0x9EBF, 0xA71F, 0x969F, 0x9EFF, 0x9E7F,
    0x9EBF, 0x9EBF, 0x9EBF, 0x9EBF, 0x9EBF, 0x9EBF, 0x9EBF, 0x9EBF, 0x9EBF, 0x9EBF, 0x9EBF, 0x9EBF, 0x9EBF, 0x9EBF, 0x9EBF, 0x9EBF,
    0x9EBF, 0x9EBF, 0x9EBF, 0x9EBF, 0x9EBF, 0x9EBF, 0x9EBF, 0x9EBF, 0x9EBF, 0x9EBF, 0x9EBF, 0x9EBF, 0x9EBF, 0x9EBF, 0x9EBF, 0x9EBF,
    0x9EBF, 0x9EBF, 0x9EBF, 0x9EBF, 0x9EBF, 0x9EBF, 0x9EBF, 0x9EBF, 0x9EBF, 0x9EBF, 0x9EBF, 0x9EBF, 0x9EBF, 0x9EBF, 0x9EBF, 0x9EBF,
    0x9EBF, 0x9EBF, 0x9EBF, 0x9EBF, 0x9EBF, 0x9EBF, 0x9EBF, 0x9EBF, 0x9EBF, 0x9EBF, 0x9EBF, 0x9EBF, 0x9EBF, 0x9EBF, 0x9EBF, 0x9EBF,
    0x9EBF, 0x9EBF, 0xA6BF, 0xAE9E, 0xBE9D, 0xBE7D, 0xBE5D, 0xBE3C, 0xB63C, 0xAE1C, 0xAE1C, 0xADFC, 0xADFC, 0xADFC, 0xADFC, 0xADFC,
    0xA5FC, 0xA5DC, 0x9DDC, 0x95BC, 0x95BC, 0x95BC, 0x95BC, 0x95BC, 0x95BC, 0x95BC, 0x95BC, 0x95BC, 0x95BC, 0x95DC, 0x9DDB, 0x9DDB,
    0x9DDB, 0xA5FC, 0xA63D, 0x9EBF, 0x9EBF, 0x9EBF, 0x9EBF, 0x9EBF, 0x9EBF, 0x9EBF, 0x9EDF, 0x9EBF, 0x9EBF, 0x9EBF, 0x9EBF, 0x9E9F,
    0xA69E, 0xBD14, 0xCD13, 0xD532, 0xDD32, 0xDD32, 0xD532, 0xD512, 0xD512, 0xD512, 0xCCF2, 0xCCD1, 0xC491, 0xB4D4, 0x9E9F, 0x9EBF,
    0x9EBF, 0x9EDF, 0x9EBF, 0x9EBF, 0xA61B, 0xD511, 0xDD32, 0xE552, 0xDD53, 0xDD53, 0xDD53, 0xD534, 0xCD34, 0xCD35, 0xC535, 0xC535,
    0xBD35, 0xBD77, 0x8EDE, 0x8EDF, 0x86DF, 0x86DF, 0x86DF, 0x86DF, 0x86DF, 0x86BF, 0x86DF, 0x86BF, 0x86DF, 0x86BF, 0x86DF, 0x86DF,
    0x86DF, 0x86DF, 0x86BF, 0x86BF, 0x869E, 0x869E, 0x86BF, 0x86BE, 0x869E, 0x867E, 0x7E5E, 0x863E, 0x863E, 0x863E, 0x863E, 0x863E,
    0x863E, 0x865E, 0x865F, 0x865F, 0x865E, 0x865E, 0x865E, 0x867E, 0x7E5E, 0x7E7E, 0x7E9E, 0x7E7E, 0x765E, 0x7E7F, 0x767E, 0x7E7E,
    0x765E, 0x767E, 0x765E, 0x765E, 0x765E, 0x765E, 0x765E, 0x765E, 0x763E, 0x763E, 0x763E, 0x763E, 0x763E, 0x763E, 0x763E, 0x6E3E,
    0x763E, 0x6E3E, 0x6E1E, 0x6E1E, 0x6E1E, 0x6E1E, 0x6E1E, 0x6E1E, 0x6E1E, 0x6DFE, 0x6DFE, 0x761D, 0x863F, 0x9EBE, 0x9EBF, 0x96BE,
    0x9E9F, 0xA6FF, 0x969F, 0x9EDF, 0x9EDF, 0xA6DF, 0x9EDF, 0xA6BF, 0xA6BF, 0x9EBF, 0x9EBF, 0xA71F, 0x969F, 0x9EFF, 0x9E7D, 0x9EFF,
    0x9EBF, 0x9EBF, 0x9EBF, 0x9EBF, 0x9EBF, 0x9EBF, 0x9EBF, 0x9EBF, 0x9EBF, 0x9EBF, 0x9EBF, 0x9EBF, 0x9EBF, 0x9EBF, 0x9EBF, 0x9EBF,
    0x9EBF, 0x9EBF, 0x9EBF, 0x9EBF, 0x9EBF, 0x9EBF, 0x9EBF, 0x9EBF, 0x9EBF, 0x9EBF, 0x9EBF, 0x9EBF, 0x9EBF, 0x9EBF, 0x9EBF, 0x9EBF,
    0x9EBF, 0x9EBF, 0x9EBF, 0x9EBF, 0x9EBF, 0x9EBF, 0x9EBF, 0x9EBF, 0x9EBF, 0x9EDF, 0x9EBF, 0x9EBF, 0x9EBF, 0x9EBF, 0x9EBF, 0x9EBF,
    0x9EBF, 0x9EBF, 0x9EBF, 0x9EBF, 0x9EBF, 0x9EBF, 0x9EBF, 0x9EBF, 0x9EBF, 0x9EBF, 0x9EBF, 0x9EBF, 0x9EBF, 0x9EBF, 0x9EBF, 0x9EBF,
    0x9EBF, 0x9EBF, 0x9EBF, 0x9EBF, 0x9EDF, 0x9EBF, 0xA67E, 0xAE7E, 0xB67D, 0xB65D, 0xB63C, 0xAE1C, 0xAE1C, 0xADFC, 0xADFC, 0xA5FC,
    0xA5FC, 0xA5DC, 0x9DDC, 0x9DDC, 0x9DDC, 0x9DBC, 0x9DBC, 0x9DBC, 0x9DDC, 0x9DDC, 0x9DDC, 0x9DDC, 0x9DDC, 0x9DDC, 0x9DFC, 0x9E1D,
    0x9E5D, 0x9EBF, 0x9EBF, 0x9EBF, 0x9EBF, 0x9EBF, 0x9EBF, 0x9EDF, 0x9EBF, 0x9EDF, 0x9EBF, 0x9EBF, 0x9EBF, 0x9EBF, 0x9EBF, 0x9EBF,
    0xA63C, 0xC513, 0xCD13, 0xD532, 0xDD53, 0xDD52, 0xDD32, 0xD532, 0xD512, 0xD512, 0xCCF2, 0xCCD1, 0xBC91, 0xAD57, 0x9EBF, 0x9EBF,
    0x9EDF, 0x9EBF, 0x9EBF, 0x9EBF, 0xAE5B, 0xD511, 0xDD52, 0xE572, 0xDD53, 0xDD53, 0xDD53, 0xD554, 0xCD34, 0xCD35, 0xC535, 0xC535,
    0xBD35, 0xBD77, 0x9EBF, 0x96BF, 0x8EBF, 0x86DF, 0x86DF, 0x86DF, 0x86DF, 0x86DF, 0x86DF, 0x86DF, 0x86DF, 0x86DF, 0x86DF, 0x86DF,
    0x86DF, 0x86BF, 0x86DF, 0x86DF, 0x86BF, 0x86BF, 0x7EBF, 0x86BF, 0x7EBF, 0x7EBF, 0x7E9F, 0x7EBF, 0x7EBE, 0x7E9E, 0x7EBE, 0x7E9E,
    0x7EBE, 0x7E9E, 0x7E9E, 0x7E9E, 0x7E9E, 0x7E9E, 0x7E7E, 0x7E9E, 0x7E7E, 0x7E7E, 0x7E7E, 0x7E7E, 0x7E7E, 0x7E7E, 0x7E7E, 0x767E,
    0x767E, 0x767E, 0x767E, 0x765E, 0x767E, 0x767E, 0x763E, 0x767E, 0x763E, 0x765E, 0x763E, 0x763E, 0x763E, 0x763E, 0x763E, 0x763E,
    0x763E, 0x763E, 0x6E3E, 0x763E, 0x6E1E, 0x6E1E, 0x6E1E, 0x763E, 0x761E, 0x865E, 0x9EDE, 0xA6BF, 0x9EBE, 0x9EBF, 0x9EBE, 0x9E9F,
    0xA6FF, 0xA6FF, 0x9EDF, 0x9EDF, 0xA6DF, 0x9EDF, 0xA6BF, 0xA6BF, 0x9EBF, 0x9EBF, 0xA71F, 0x969F, 0x9EFF, 0x9E7F, 0x9EFF, 0x9EFF,
    0x9EBF, 0x9EBF, 0x9EBF, 0x9EBF, 0x9EBF, 0x9EBF, 0x9EBF, 0x9EBF, 0x9EBF, 0x9EBF, 0x9EBF, 0x9EBF, 0x9EBF, 0x9EBF, 0x9EBF, 0x9EBF,
    0x9EBF, 0x9EBF, 0x9EBF, 0x9EBF, 0x9EBF, 0x9EBF, 0x9EBF, 0x9EBF, 0x9EBF, 0x9EBF, 0x9EBF, 0x9EBF, 0x9EBF, 0x9EBF, 0x9EBF, 0x9EBF,
    0x9EBF, 0x9EBF, 0x9EBF, 0x9EBF, 0x9EBF, 0x9EBF, 0x9EBF, 0x9EBF, 0x9EBF, 0x9EBF, 0x9EBF, 0x9EBF, 0x9EBF, 0x9EBF, 0x9EBF, 0x9EBF,
    0x9EBF, 0x9EBF, 0x9EBF, 0x9EBF, 0x9EBF, 0x9EBF, 0x9EBF, 0x9EBF, 0x9EBF, 0x9EBF, 0x9EBF, 0x9EBF, 0x9EBF, 0x9EBF, 0x9EBF, 0x9EBF,
    0x9EBF, 0x9EBF, 0x9EBF, 0x9EBF, 0x9EBF, 0x9EBF, 0x9EBF, 0x9EBF, 0x9EBF, 0x9E9F, 0x9E9F, 0xA67E, 0xA65D, 0xAE5D, 0xAE3D, 0xA61C,
    0xA61D, 0xA5FC, 0xA5FC, 0xA5FC, 0x9DFC, 0x9DFC, 0x9DDC, 0x9DDC, 0x9DFC, 0x9DFC, 0x9DFC, 0x9E3D, 0x9E3D, 0x9E7E, 0x9EBF, 0x9EBF,
    0x9EBF, 0x9EBF, 0x9EBF, 0x9EBF, 0x9EBF, 0x9EBF, 0x9EBF, 0x9EBF, 0x9EDF, 0x9EBF, 0x9EBF, 0x9EBF, 0x9EBF, 0x9E9F, 0x9EBF, 0x9EBF,
    0xADFA, 0xC513, 0xCD12, 0xD532, 0xDD53, 0xDD52, 0xDD32, 0xD512, 0xD513, 0xD512, 0xCCF2, 0xC4D1, 0xBCB2, 0xA5FB, 0x9EBF, 0x9EDF,
    0x9EBF, 0x9EBF, 0x9EBF, 0x9EBF, 0xA65D, 0xD512, 0xE552, 0xE572, 0xE573, 0xE573, 0xDD53, 0xD554, 0xD554, 0xCD34, 0xCD35, 0xC535,
    0xC535, 0xB576, 0x9EBF, 0x9EBF, 0x9EBF, 0x9EBF, 0x96BF, 0x8EBF, 0x86BF, 0x86DF, 0x86DF, 0x86DF, 0x86DF, 0x86DF, 0x86DF, 0x86BF,
    0x86DF, 0x86BF, 0x86DF, 0x86BE, 0x86DF, 0x7EBE, 0x86DF, 0x7E9E, 0x86BF, 0x7E9E, 0x86BF, 0x7EBF, 0x7EBF, 0x7EBF, 0x7EBF, 0x7EBF,
    0x7E7E, 0x7EBF, 0x7E7E, 0x7E9F, 0x7E7E, 0x7E9F, 0x7E7E, 0x7E9F, 0x7E7E, 0x7E7F, 0x7E7E, 0x767E, 0x767E, 0x767E, 0x767E, 0x767E,
    0x767E, 0x767E, 0x765E, 0x767E, 0x765E, 0x765E, 0x765E, 0x765E, 0x765E, 0x765E, 0x765E, 0x763E, 0x763E, 0x763E, 0x6E3E, 0x763E,
    0x6E3E, 0x6E3E, 0x6E3E, 0x6E3E, 0x763E, 0x763E, 0x865F, 0x969F, 0x9EDF, 0x9EDE, 0x9EBF, 0x9EBE, 0x9EBF, 0x96BE, 0x9E9F, 0xA6FF,
    0x969F, 0x9EDF, 0x9EDF, 0xA6DF, 0x9EDF, 0xA6BF, 0xA6BF, 0x9EBF, 0x9EBF, 0xA71F, 0x969F, 0x9EFF, 0x9E7F, 0x9EFF, 0x9E7D, 0xA6DF,
    0x9EBF, 0x9EBF, 0x9EBF, 0x9EBF, 0x9EBF, 0x9EBF, 0x9EBF, 0x9EBF, 0x9EBF, 0x9EBF, 0x9EBF, 0x9EBF, 0x9EBF, 0x9EBF, 0x9EBF, 0x9EBF,
    0x9EBF, 0x9EBF, 0x9EBF, 0x9EBF, 0x9EBF, 0x9EBF, 0x9EBF, 0x9EBF, 0x9EBF, 0x9EBF, 0x9EBF, 0x9EBF, 0x9EBF, 0x9EBF, 0x9EBF, 0x9EBF,
    0x9EBF, 0x9EBF, 0x9EBF, 0x9EBF, 0x9EBF, 0x9EBF, 0x9EBF, 0x9EBF, 0x9EBF, 0x9EBF, 0x9EBF, 0x9EBF, 0x9EBF, 0x9EBF, 0x9EBF, 0x9EBF,
    0x9EBF, 0x9EBF, 0x9EBF, 0x9EBF, 0x9EBF, 0x9EDF, 0x9EBF, 0x9EBF, 0x9EBF, 0x9EBF, 0x9EBF, 0x9EBF, 0x9EBF, 0x9EBF, 0x9EBF, 0x9EBF,
    0x9EBF, 0x9EBF, 0x9EBF, 0x9EBF, 0x9EBF, 0x9EBF, 0x9EBF, 0x9EBF, 0x9EBF, 0x9EBF, 0x9EBF, 0x9EBF, 0x9EBF, 0x9EBF, 0x9EBF, 0x9EBF,
    0x9EBF, 0x9E9F, 0x9EBF, 0x9E9F, 0x9E9F, 0x9E7F, 0x9E9F, 0x9E9F, 0x9E9F, 0x9EBF, 0x9EBF, 0x9EBF, 0x9EBF, 0x9EBF, 0x9EBF, 0x9EBF,
    0x9EBF, 0x9EBF, 0x9EBF, 0x9EDF, 0x9EBF, 0x9EDF, 0x9EBF, 0x9EDF, 0x9EBF, 0x9EBF, 0x9EBF, 0x9EBF, 0x9EBF, 0x9EBF, 0x9EBF, 0x9EBF,
    0xB5D9, 0xCD33, 0xD532, 0xD533, 0xDD53, 0xDD53, 0xDD33, 0xD533, 0xD513, 0xCD13, 0xCCF2, 0xC4D2, 0xB4D3, 0xA67E, 0x9EDF, 0x9EBF,
    0x9EBF, 0x9EBF, 0x9EBF, 0x9EBF, 0xA69E, 0xD532, 0xE552, 0xE573, 0xE573, 0xE573, 0xDD53, 0xDD54, 0xD554, 0xCD34, 0xCD35, 0xC535,
    0xC535, 0xB577, 0x9E9F, 0x9EDF, 0x9EBF, 0x9EDF, 0x9EBF, 0x9EDF, 0x9EBF, 0x9EBF, 0x8EBF, 0x8EDF, 0x86BF, 0x86DF, 0x86DF, 0x86DF,
    0x86DF, 0x86DF, 0x86DF, 0x86DF, 0x86BF, 0x86DF, 0x86BF, 0x86DF, 0x86BF, 0x86BF, 0x7EBE, 0x7EBF, 0x7EBE, 0x7EBF, 0x7EBE, 0x7E9F,
    0x7E9E, 0x7E9F, 0x7E9E, 0x7E9F, 0x7E9E, 0x7E9F, 0x7E9E, 0x7E9F, 0x7E9E, 0x7E7F, 0x767E, 0x7E7F, 0x767E, 0x767F, 0x767E, 0x767E,
    0x767E, 0x767E, 0x765E, 0x767E, 0x765E, 0x765E, 0x765E, 0x765E, 0x765E, 0x765E, 0x765E, 0x763E, 0x763E, 0x6E3E, 0x763E, 0x6E3E,
    0x763E, 0x7E3E, 0x867F, 0x969F, 0x9E9F, 0xA6DF, 0x969F, 0x9EDF, 0x9EDF, 0xA6BF, 0x9EBE, 0x9EBF, 0x9EBE, 0x9E9F, 0xA6FF, 0xA6FF,
    0x9EDF, 0x9EDF, 0xA6DF, 0x9EDF, 0xA6BF, 0xA6BF, 0x9F1F, 0x9EBF, 0xA71F, 0x969F, 0x9EFF, 0x9E7F, 0x9EFF, 0x9EFF, 0xA6DF, 0xA6DF,
    0x9EBF, 0x9EBF, 0x9EBF, 0x9EBF, 0x9EBF, 0x9EBF, 0x9EBF, 0x9EBF, 0x9EBF, 0x9EBF, 0x9EBF, 0x9EBF, 0x9EBF, 0x9EBF, 0x9EBF, 0x9EBF,
    0x9EBF, 0x9EBF, 0x9EBF, 0x9EBF, 0x9EBF, 0x9EBF, 0x9EBF, 0x9EBF, 0x9EBF, 0x9EBF, 0x9EBF, 0x9EBF, 0x9EBF, 0x9EBF, 0x9EBF, 0x9EBF,
    0x9EBF, 0x9EBF, 0x9EBF, 0x9EBF, 0x9EBF, 0x9EBF, 0x9EBF, 0x9EBF, 0x9EBF, 0x9EBF, 0x9EBF, 0x9EBF, 0x9EBF, 0x9EBF, 0x9EBF, 0x9EBF,
    0x9EBF, 0x9EBF, 0x9EBF, 0x9EBF, 0x9EBF, 0x9EBF, 0x9EBF, 0x9EBF, 0x9EBF, 0x9EBF, 0x9EBF, 0x9EBF, 0x9EBF, 0x9EBF, 0x9EBF, 0x9EBF,
    0x9EBF, 0x9EBF, 0x9EBF, 0x9EBF, 0x9EBF, 0x9EBF, 0x9EBF, 0x9EBF, 0x9EBF, 0x9EBF, 0x9EBF, 0x9EBF, 0x9EBF, 0x9EBF, 0x9EBF, 0x9EBF,
    0x9EBF, 0x9EBF, 0x9EBF, 0x9EBF, 0x9EBF, 0x9EBF, 0x9EBF, 0x9EBF, 0x9EBF, 0x9EBF, 0x9EBF, 0x9EBF, 0x9EBF, 0x9EBF, 0x9EBF, 0x9EBF,
    0x9EBF, 0x9EBF, 0x9EBF, 0x9EBF, 0x9EBF, 0x9EBF, 0x9EDF, 0x9EBF, 0x9EBF, 0x9EBF, 0x9EBF, 0x9E9F, 0x9EBF, 0x9EBF, 0x9EBF, 0x9E7E,
    0xB576, 0xCD33, 0xD532, 0xD553, 0xDD53, 0xDD53, 0xD533, 0xD533, 0xD513, 0xCD13, 0xCCF2, 0xBCD2, 0xB4F4, 0x9E9F, 0x9EBF, 0x9EBF,
    0x9EBF, 0x9EBF, 0x9E9F, 0x9EBF, 0xA67E, 0xDD32, 0xE572, 0xED93, 0xE593, 0xE573, 0xDD73, 0xDD54, 0xD554, 0xCD35, 0xC535, 0xC535,
    0xC535, 0xB597, 0x9E9F, 0x9EBF, 0x9EDF, 0x9EBF, 0x9EDF, 0x9EBF, 0x9EBF, 0x9E9F, 0x9EBF, 0x9EBF, 0x9EBF, 0x96DF, 0x8EBF, 0x8EBF,
    0x86BF, 0x86BF, 0x86BE, 0x86BE, 0x86BE, 0x86BE, 0x7EBE, 0x86BE, 0x7EBE, 0x7EBF, 0x7E9E, 0x7EBF, 0x7E9E, 0x7EBF, 0x7E9E, 0x7EBF,
    0x7E7E, 0x7EBF, 0x7E9E, 0x7E9F, 0x7E7E, 0x767E, 0x767E, 0x7E7E, 0x767E, 0x767E, 0x767E, 0x767E, 0x765E, 0x767E, 0x765E, 0x765E,
    0x765E, 0x765E, 0x765E, 0x765E, 0x765E, 0x765E, 0x765E, 0x763E, 0x765E, 0x6E3E, 0x765E, 0x763E, 0x763E, 0x763E, 0x865E, 0x8E7F,
    0x9E9F, 0x9E9F, 0x9EDF, 0x9E9F, 0xA6DF, 0x969E, 0x9EDF, 0x9EDE, 0x9EBF, 0x9EBE, 0x9EBF, 0x96BE, 0x9E9F, 0xA6FF, 0x969F, 0x9EDF,
    0x9EDF, 0xA6DF, 0x9EDF, 0xA6BF, 0xA6BF, 0x9EBF, 0x9EBF, 0xA71F, 0x969F, 0x9EFF, 0x9E7F, 0x9EFF, 0x9E7D, 0xA6DF, 0x965D, 0x9EDF,
    0x9EBF, 0x9EBF, 0x9EBF, 0x9EBF, 0x9EBF, 0x9EBF, 0x9EBF, 0x9EBF, 0x9EBF, 0x9EBF, 0x9EBF, 0x9EBF, 0x9EBF, 0x9EBF, 0x9EBF, 0x9EBF,
    0x9EBF, 0x9EBF, 0x9EBF, 0x9EBF, 0x9EBF, 0x9EBF, 0x9EBF, 0x9EBF, 0x9EBF, 0x9EBF, 0x9EBF, 0x9EBF, 0x9EBF, 0x9EBF, 0x9EBF, 0x9EBF,
    0x9EBF, 0x9EBF, 0x9EBF, 0x9EBF, 0x9EBF, 0x9EBF, 0x9EBF, 0x9EBF, 0x9EBF, 0x9EBF, 0x9EBF, 0x9EBF, 0x9EBF, 0x9EBF, 0x9EBF, 0x9EBF,
    0x9EBF, 0x9EBF, 0x9EBF, 0x9EDF, 0x9EBF, 0x9EBF, 0x9EBF, 0x9EBF, 0x9EBF, 0x9EBF, 0x9EBF, 0x9EBF, 0x9EBF, 0x9EBF, 0x9EBF, 0x9EBF,
    0x9EBF, 0x9EBF, 0x9EBF, 0x9EBF, 0x9EBF, 0x9EBF, 0x9EBF, 0x9EBF, 0x9EBF, 0x9EBF, 0x9EBF, 0x9EBF, 0x9EDF, 0x9EBF, 0x9EBF, 0x9EBF,
    0x9EBF, 0x9EBF, 0x9EBF, 0x9EBF, 0x9EBF, 0x9EBF, 0x9EBF, 0x9EBF, 0x9EBF, 0x9EBF, 0x9EBF, 0x9EBF, 0x9EBF, 0x9EBF, 0x9EBF, 0x9EBF,
    0x9EBF, 0x9EBF, 0x9EBF, 0x9EDF, 0x9EBF, 0x9EDF, 0x9EBF, 0x9EBF, 0x9EBF, 0x9EBF, 0x9EBF, 0x9EBF, 0x9EBF, 0x9EBF, 0x9E9F, 0x7D9A,
    0x9452, 0xD533, 0xD553, 0xD553, 0xDD73, 0xDD53, 0xD553, 0xD533, 0xCD33, 0xCD13, 0xC4F2, 0xBCD3, 0x9494, 0x8E5E, 0x9EBF, 0x9EBF,
    0x9EBF, 0x9EBF, 0x9EBF, 0x9EBF, 0xA69E, 0xDD52, 0xE572, 0xED93, 0xED93, 0xE593, 0xE574, 0xDD54, 0xD554, 0xCD55, 0xCD35, 0xC535,
    0xC535, 0xB598, 0x9EBF, 0x9EDF, 0x9EBF, 0x9EDF, 0x9EBF, 0x9EBF, 0x9EBF, 0x9EBF, 0x9EBF, 0x9EBF, 0x9EBF, 0x9EBF, 0x9EBF, 0x9EDF,
    0x9EBF, 0x9EDF, 0x969F, 0x8EBF, 0x8E9F, 0x8EBF, 0x86BF, 0x86BF, 0x7EBF, 0x7EBF, 0x7EBE, 0x7EBF, 0x7EBE, 0x7EBF, 0x7EBE, 0x7EBF,
    0x7EBE, 0x7EBF, 0x7E9E, 0x7EBF, 0x7E9E, 0x7E9F, 0x7E9E, 0x7E9F, 0x7E9E, 0x767E, 0x7E9E, 0x765E, 0x7E9E, 0x765E, 0x765E, 0x765E,
    0x765E, 0x765E, 0x765E, 0x765E, 0x765E, 0x765E, 0x765E, 0x7E5F, 0x7E5E, 0x865E, 0x8EBF, 0x9EBF, 0x9EBF, 0xA6FF, 0x9EBF, 0x9EFF,
    0x9E9F, 0x9EDF, 0x9E9F, 0xA6DF, 0x969F, 0x9EDF, 0x9EDF, 0xA6BF, 0x9EBE, 0x9EBF, 0x9EBE, 0x9E9F, 0xA6FF, 0xA6FF, 0x9EDF, 0x9EDF,
    0xA6DF, 0x9EDF, 0xA6BF, 0xA6BF, 0x9EBF, 0x9EBF, 0xA71F, 0x969F, 0x9EFF, 0x9E7F, 0x9EFF, 0x9EFF, 0xA6DF, 0xA6DF, 0x9EDF, 0x9EDF,
    0x9EBF, 0x9EBF, 0x9EBF, 0x9EBF, 0x9EBF, 0x9EBF, 0x9EBF, 0x9EBF, 0x9EBF, 0x9EBF, 0x9EBF, 0x9EBF, 0x9EBF, 0x9EBF, 0x9EBF, 0x9EBF,
    0x9EBF, 0x9EBF, 0x9EBF, 0x9EBF, 0x9EBF, 0x9EBF, 0x9EBF, 0x9EBF, 0x9EBF, 0x9EBF, 0x9EBF, 0x9EBF, 0x9EBF, 0x9EBF, 0x9EBF, 0x9EBF,
    0x9EBF, 0x9EBF, 0x9EBF, 0x9EBF, 0x9EBF, 0x9EBF, 0x9EBF, 0x9EBF, 0x9EBF, 0x9EBF, 0x9EBF, 0x9EBF, 0x9EBF, 0x9EBF, 0x9EBF, 0x9EBF,
    0x9EBF, 0x9EBF, 0x9EBF, 0x9EBF, 0x9EBF, 0x9EBF, 0x9EBF, 0x9EBF, 0x9EBF, 0x9EBF, 0x9EBF, 0x9EBF, 0x9EBF, 0x9EBF, 0x9EBF, 0x9EBF,
    0x9EBF, 0x9EBF, 0x9EBF, 0x9EBF, 0x9EBF, 0x9EBF, 0x9EBF, 0x9EBF, 0x9EBF, 0x9EBF, 0x9EBF, 0x9EDF, 0x9EBF, 0x9EBF, 0x9EBF, 0x9EBF,
    0x9EBF, 0x9EBF, 0x9EBF, 0x9EBF, 0x9EBF, 0x9EBF, 0x9EBF, 0x9EBF, 0x9EBF, 0x9EBF, 0x9EBF, 0x9EBF, 0x9EBF, 0x9EBF, 0x9EBF, 0x9EBF,
    0x9EBF, 0x9EBF, 0x9EBF, 0x9EBF, 0x9EDF, 0x9EBF, 0x9EBF, 0x9EBF, 0x9EBF, 0x9E9F, 0x9EBF, 0x9EBF, 0x9EBF, 0x9EBF, 0x963D, 0x95BA,
    0x8CD5, 0xC4F2, 0xD573, 0xD573, 0xD573, 0xD553, 0xD553, 0xD533, 0xCD33, 0xCD13, 0xC4F3, 0xAC72, 0x6415, 0x759C, 0x9E9F, 0x9EBF,
    0x9E9F, 0x9EBF, 0x9EBF, 0x9EBF, 0x9E9E, 0xD553, 0xE572, 0xED93, 0xED94, 0xE594, 0xE594, 0xDD74, 0xD554, 0xCD55, 0xCD35, 0xC535,
    0xC555, 0xB5B8, 0x9EBF, 0x9EBF, 0x9EDF, 0x9EBF, 0x9EBF, 0x9EBF, 0x9EBF, 0x9EBF, 0x9EBF, 0x9EBF, 0x9EBF, 0x9EBF, 0x9EBF, 0x9EBF,
    0x9EDF, 0x9EBF, 0x9EDF, 0x9E9F, 0x9EBF, 0x9E9F, 0x9EBF, 0x9EDF, 0x96BF, 0x96BF, 0x8EBF, 0x8EBF, 0x86BF, 0x86BF, 0x869F, 0x869E,
    0x7E7E, 0x7E9E, 0x7E9F, 0x7E9F, 0x7E9E, 0x7E7E, 0x7E9E, 0x7E9E, 0x7E7E, 0x7E7E, 0x7E7E, 0x7E7E, 0x7E7E, 0x7E7F, 0x7E7F, 0x7E7E,
    0x7E9E, 0x867E, 0x8E9F, 0x8EBF, 0x96DF, 0x9E9F, 0x9EDF, 0x9EDF, 0x9EBF, 0x9EBF, 0x9EBF, 0x9EBF, 0xA6BF, 0x9EBF, 0x9EFF, 0x9E9F,
    0x9EDF, 0x9E9F, 0xA6DF, 0x969F, 0x9EDF, 0x9EDE, 0x9EBF, 0x9EBE, 0x9EBF, 0x96BE, 0x9E9F, 0xA6FF, 0x969F, 0x9EDF, 0x9EDF, 0xA6DF,
    0x9EDF, 0xA6BF, 0xA6BF, 0x9EBF, 0x9EBF, 0xA71F, 0x969F, 0x9EFF, 0x9E7F, 0x9EFF, 0x9E7F, 0xA6DF, 0x965D, 0x9EDF, 0x9EDD, 0xAEBF,
    0x9EBF, 0x9EBF, 0x9EBF, 0x9EBF, 0x9EBF, 0x9EBF, 0x9EBF, 0x9EBF, 0x9EBF, 0x9EBF, 0x9EBF, 0x9EBF, 0x9EBF, 0x9EBF, 0x9EBF, 0x9EBF,
    0x9EBF, 0x9EBF, 0x9EBF, 0x9EBF, 0x9EBF, 0x9EBF, 0x9EBF, 0x9EBF, 0x9EBF, 0x9EBF, 0x9EBF, 0x9EBF, 0x9EBF, 0x9EBF, 0x9EBF, 0x9EBF,
    0x9EBF, 0x9EBF, 0x9EBF, 0x9EBF, 0x9EBF, 0x9EBF, 0x9EBF, 0x9EBF, 0x9EBF, 0x9EBF, 0x9EBF, 0x9EBF, 0x9EBF, 0x9EBF, 0x9EBF, 0x9EBF,
    0x9EBF, 0x9EDF, 0x9EBF, 0x9EBF, 0x9EBF, 0x9EBF, 0x9EBF, 0x9EBF, 0x9EBF, 0x9EBF, 0x9EBF, 0x9EBF, 0x9EBF, 0x9EBF, 0x9EBF, 0x9EBF,
    0x9EBF, 0x9EBF, 0x9EBF, 0x9EBF, 0x9EBF, 0x9EBF, 0x9EBF, 0x9EBF, 0x9EBF, 0x9EBF, 0x9EDF, 0x9EBF, 0x9EBF, 0x9EBF, 0x9EBF, 0x9EBF,
    0x9EBF, 0x9EBF, 0x9EBF, 0x9EBF, 0x9EBF, 0x9EBF, 0x9EBF, 0x9EBF, 0x9EBF, 0x9EBF, 0x9EBF, 0x9EBF, 0x9EBF, 0x9EBF, 0x9EBF, 0x9EDF,
    0x9EBF, 0x9EDF, 0x9EBF, 0x9EDF, 0x9EBF, 0x9EBF, 0x9EBF, 0x9EBF, 0x9EBF, 0x9EBF, 0x9EBF, 0x9EBF, 0x9EBF, 0x9EBF, 0x9E1B, 0xA5F9,
    0xB619, 0xAD35, 0xDD73, 0xDD93, 0xDD73, 0xD573, 0xD553, 0xD553, 0xCD33, 0xCD13, 0xB4B2, 0x84D7, 0x859B, 0x85BC, 0x9E9F, 0x9EBF,
    0x9EBF, 0x9EBF, 0x9EBF, 0x9EBF, 0x9E9F, 0xD553, 0xE572, 0xED93, 0xE5B4, 0xE5B4, 0xE594, 0xDD74, 0xD574, 0xCD55, 0xCD55, 0xC535,
    0xC556, 0xBDD9, 0x9EBF, 0x9EDF, 0x9EBF, 0x9EBF, 0x9EBF, 0x9EBF, 0x9EBF, 0x9EBF, 0x9EBF, 0x9EBF, 0x9EBF, 0x9EDF, 0x9EBF, 0x9EDF,
    0x9EBF, 0x9EDF, 0x9E9F, 0x9EBF, 0x9E9F, 0x9EBF, 0x9EDF, 0x9EBF, 0x9EDF, 0x9EBF, 0x9EDF, 0x9EDF, 0x9EDF, 0x9EDF, 0x9EBF, 0x9EBF,
    0x9EBF, 0x9EBF, 0xA6BF, 0x9EBF, 0x9EDF, 0x9EBF, 0x9EDF, 0x9E9F, 0x9EDF, 0x9E9F, 0x9EDF, 0x9EDF, 0x9EBF, 0x9EBF, 0x9EBF, 0x9EBF,
    0x9EBF, 0xA6DF, 0xA69F, 0x9EDF, 0x9EDF, 0xA6DF, 0x9EDF, 0x9EBF, 0x9EBF, 0x9EBF, 0x9EBF, 0xA6FF, 0x9EBF, 0x9EFF, 0x9E9F, 0x9EDF,
    0x9E9F, 0xA6DF, 0x969F, 0x9EDF, 0x9EDF, 0xA6BF, 0x9EBF, 0x9EBF, 0x9EBE, 0x9E9F, 0xA6FF, 0xA6FF, 0x9EDF, 0x9EDF, 0xA6DF, 0x9EDF,
    0xA6BF, 0xA6BF, 0x9F1F, 0x9EBF, 0xA71F, 0x969F, 0x9EFF, 0x9E7F, 0x9EFF, 0x9EFF, 0xA6DF, 0xA6DF, 0x9EDF, 0x9EDF, 0xAEBF, 0x96BF,
    0x9EBF, 0x9EBF, 0x9EBF, 0x9EBF, 0x9EBF, 0x9EBF, 0x9EBF, 0x9EBF, 0x9EBF, 0x9EBF, 0x9EBF, 0x9EBF, 0x9EBF, 0x9EBF, 0x9EBF, 0x9EBF,
    0x9EBF, 0x9EBF, 0x9EBF, 0x9EBF, 0x9EBF, 0x9EBF, 0x9EBF, 0x9EBF, 0x9EBF, 0x9EBF, 0x9EBF, 0x9EBF, 0x9EBF, 0x9EBF, 0x9EBF, 0x9EBF,
    0x9EBF, 0x9EBF, 0x9EBF, 0x9EBF, 0x9EBF, 0x9EBF, 0x9EBF, 0x9EBF, 0x9EBF, 0x9EBF, 0x9EBF, 0x9EBF, 0x9EBF, 0x9EBF, 0x9EBF, 0x9EBF,
    0x9EBF, 0x9EBF, 0x9EBF, 0x9EBF, 0x9EBF, 0x9EBF, 0x9EBF, 0x9EBF, 0x9EBF, 0x9EBF, 0x9EBF, 0x9EBF, 0x9EBF, 0x9EBF, 0x9EBF, 0x9EBF,
    0x9EBF, 0x9EBF, 0x9EBF, 0x9EBF, 0x9EBF, 0x9EBF, 0x9EBF, 0x9EBF, 0x9EBF, 0x9EDF, 0x9EBF, 0x9EBF, 0x9EBF, 0x9EBF, 0x9EBF, 0x9EBF,
    0x9EBF, 0x9EBF, 0x9EBF, 0x9EBF, 0x9EBF, 0x9EBF, 0x9EBF, 0x9EBF, 0x9EBF, 0x9EBF, 0x9EBF, 0x9EBF, 0x9EBF, 0x9EBF, 0x9EBF, 0x9EBF,
    0x9EBF, 0x9EBF, 0x9EDF, 0x9EBF, 0x9EBF, 0x9EBF, 0x9EBF, 0x9E9F, 0x9EBF, 0x9EBF, 0x9EBF, 0x9EBF, 0x9EBF, 0x9EBF, 0x9DFA, 0xB639,
    0xD6BA, 0xBE7A, 0xB555, 0xDD94, 0xDD94, 0xDD74, 0xD574, 0xD554, 0xD553, 0xB514, 0x95BA, 0x95DB, 0x8DBB, 0x85DC, 0x9E9F, 0x9EBF,
    0x9EBF, 0x9EBF, 0x9EBF, 0x9E9F, 0xA5F9, 0xBCD1, 0xED72, 0xEDB3, 0xEDB4, 0xE5B4, 0xE594, 0xDD94, 0xD574, 0xCD55, 0xCD55, 0xC555,
    0xC556, 0xA4D5, 0x95FC, 0x9EBF, 0x9EBF, 0x9E9F, 0x9EBF, 0x9EBF, 0x9EBF, 0x9EBF, 0x9EBF, 0x9EBF, 0x9EBF, 0x9EBF, 0x9EDF, 0x9EBF,
    0x9EDF, 0x9E9F, 0x9EBF, 0x9E9F, 0x9EBF, 0x9EBF, 0x9EBF, 0x9EDF, 0x9EBF, 0x9EDF, 0x9EBF, 0x9EDF, 0x9E9F, 0x9EBF, 0x9EBF, 0x9EBF,
    0x9EBF, 0x9EBF, 0x9EBF, 0x9EBF, 0x9EBF, 0x9EDF, 0x9E9F, 0x9EDF, 0x9E9F, 0x9EDF, 0x9E9F, 0x9EBF, 0x9E9F, 0x9EBF, 0x9EBF, 0x9EBF,
    0xA6DF, 0x9E9F, 0x9EDF, 0x9E9F, 0x9EDF, 0x9EDF, 0x9EBF, 0x9EBF, 0x9EBF, 0x9EBF, 0xA6BF, 0x9EBF, 0x9E9F, 0x9E9F, 0x9EDF, 0x9E9F,
    0xA6DF, 0x969E, 0x9EDF, 0x9EDE, 0x9EBF, 0x9EBE, 0x9EBF, 0x96BE, 0x9E9F, 0x9E9E, 0x969F, 0x9EDF, 0x9EDF, 0xA6DF, 0x9EDF, 0xA6BF,
    0xA6BF, 0x9EBF, 0x9EBF, 0xA71F, 0x969F, 0x9EFF, 0x9E7F, 0x9EFF, 0x9E7D, 0xA6DF, 0x965D, 0x9EDF, 0x9EDD, 0x96BF, 0x96BD, 0xA69F,
    0x9EBF, 0x9EBF, 0x9EBF, 0x9EBF, 0x9EBF, 0x9EBF, 0x9EBF, 0x9EBF, 0x9EBF, 0x9EBF, 0x9EBF, 0x9EBF, 0x9EBF, 0x9EBF, 0x9EBF, 0x9EBF,
    0x9EBF, 0x9EBF, 0x9EBF, 0x9EBF, 0x9EBF, 0x9EBF, 0x9EBF, 0x9EBF, 0x9EBF, 0x9EBF, 0x9EBF, 0x9EBF, 0x9EBF, 0x9EBF, 0x9EBF, 0x9EBF,
    0x9EBF, 0x9EBF, 0x9EBF, 0x9EBF, 0x9EBF, 0x9EBF, 0x9EBF, 0x9EBF, 0x9EBF, 0x9EBF, 0x9EBF, 0x9EBF, 0x9EBF, 0x9EBF, 0x9EBF, 0x9EDF,
    0x9EBF, 0x9EBF, 0x9EBF, 0x9EBF, 0x9EBF, 0x9EBF, 0x9EBF, 0x9EBF, 0x9EBF, 0x9EBF, 0x9EBF, 0x9EBF, 0x9EBF, 0x9EBF, 0x9EBF, 0x9EBF,
    0x9EBF, 0x9EBF, 0x9EBF, 0x9EBF, 0x9EBF, 0x9EBF, 0x9EBF, 0x9EBF, 0x9EDF, 0x9EBF, 0x9EBF, 0x9EBF, 0x9EBF, 0x9EBF, 0x9EBF, 0x9EBF,
    0x9EBF, 0x9EBF, 0x9EBF, 0x9EBF, 0x9EBF, 0x9EBF, 0x9EBF, 0x9EBF, 0x9EBF, 0x9EBF, 0x9EBF, 0x9EBF, 0x9EBF, 0x9EDF, 0x9EBF, 0x9EDF,
    0x9EBF, 0x9EDF, 0x9EBF, 0x9EBF, 0x9EBF, 0x9EBF, 0x9EBF, 0x9EBF, 0x9EBF, 0x9EBF, 0x9EBF, 0x9EBF, 0x9EBF, 0x9E7D, 0xA61A, 0xBE59,
    0xDEDA, 0xDF1C, 0xBE5B, 0xBD55, 0xDD94, 0xDD94, 0xDD74, 0xD553, 0xBDB7, 0x9E3D, 0xA65D, 0x9DFC, 0x8DDB, 0x8DFC, 0x9EBF, 0x9EBF,
    0x9EBF, 0x9EBF, 0x9EBF, 0xA65C, 0xBE59, 0xC659, 0xCDD6, 0xEDD4, 0xEDF4, 0xE5D4, 0xE5B4, 0xDD95, 0xD575, 0xD575, 0xCD75, 0xCD76,
    0xBD35, 0xA599, 0x9E1D, 0x9E7E, 0x9EBF, 0x9EBF, 0x9EBF, 0x9EBF, 0x9EBF, 0x9EBF, 0x9EBF, 0x9EDF, 0x9EBF, 0x9EDF, 0x9EBF, 0x9EDF,
    0x9E9F, 0x9EBF, 0x9E9F, 0x9EBF, 0x9EBF, 0x9EBF, 0x9EDF, 0x9EBF, 0x9EDF, 0x9EBF, 0x9EDF, 0x9EDF, 0x9EBF, 0x9EBF, 0x9EBF, 0x9EBF,
    0xA6BF, 0x9EBF, 0x9EDF, 0x9EBF, 0x9EDF, 0x9E9F, 0x9EDF, 0x9E9F, 0x9EDF, 0x9EDF, 0x9EBF, 0x9EBF, 0x9EBF, 0x9EBF, 0x9EBF, 0xA6DF,
    0x9E9F, 0x9EDF, 0x9EDF, 0xA6DF, 0x9EDF, 0x9EBF, 0x9EBF, 0x9EBF, 0x9EBF, 0xA6FF, 0x9EBF, 0x9EFF, 0x9E9F, 0x9EDF, 0x9E9F, 0xA6DF,
    0x969F, 0x9EDF, 0x9EDF, 0xA6BF, 0x9EBE, 0x9EBF, 0x9EBE, 0x9E9F, 0x9E9E, 0xA6FF, 0x9EDF, 0x9EDF, 0xA6DF, 0x9EDF, 0xA6BF, 0xA6BF,
    0x9EBF, 0x9EBF, 0xA71F, 0x969F, 0x9EFF, 0x9E7F, 0x9EFF, 0x9EFF, 0xA6DF, 0xA6DF, 0x9EDF, 0x9EDF, 0xAEBF, 0x96BF, 0xA69F, 0xA69F,
    0x9EBF, 0x9EBF, 0x9EBF, 0x9EBF, 0x9EBF, 0x9EBF, 0x9EBF, 0x9EBF, 0x9EBF, 0x9EBF, 0x9EBF, 0x9EBF, 0x9EBF, 0x9EBF, 0x9EBF, 0x9EBF,
    0x9EBF, 0x9EBF, 0x9EBF, 0x9EBF, 0x9EBF, 0x9EBF, 0x9EBF, 0x9EBF, 0x9EBF, 0x9EBF, 0x9EBF, 0x9EBF, 0x9EBF, 0x9EBF, 0x9EBF, 0x9EBF,
    0x9EBF, 0x9EBF, 0x9EBF, 0x9EBF, 0x9EBF, 0x9EBF, 0x9EBF, 0x9EBF, 0x9EBF, 0x9EBF, 0x9EBF, 0x9EBF, 0x9EBF, 0x9EBF, 0x9EBF, 0x9EBF,
    0x9EBF, 0x9EBF, 0x9EBF, 0x9EBF, 0x9EBF, 0x9EBF, 0x9EBF, 0x9EBF, 0x9EBF, 0x9EBF, 0x9EBF, 0x9EBF, 0x9EBF, 0x9EBF, 0x9EBF, 0x9EBF,
    0x9EBF, 0x9EBF, 0x9EBF, 0x9EBF, 0x9EBF, 0x9EBF, 0x9EBF, 0x9EDF, 0x9EBF, 0x9EBF, 0x9EBF, 0x9EBF, 0x9EBF, 0x9EBF, 0x9EBF, 0x9EBF,
    0x9EBF, 0x9EBF, 0x9EBF, 0x9EBF, 0x9EBF, 0x9EBF, 0x9EBF, 0x9EBF, 0x9EBF, 0x9EBF, 0x9EBF, 0x9EBF, 0x9EBF, 0x9EBF, 0x9EDF, 0x9EBF,
    0x9EDF, 0x9EBF, 0x9EBF, 0x9EBF, 0x9EBF, 0x9EBF, 0x9EBF, 0x9EBF, 0x9EBF, 0x9EBF, 0x9EBF, 0x9EBF, 0x9EBF, 0x9E5D, 0xAE3A, 0xC679,
    0xD6DA, 0xE71B, 0xC69B, 0xBE7B, 0xBD55, 0xDD94, 0xD574, 0xC639, 0xAE7D, 0xAE9E, 0x9E5D, 0x8DDB, 0x8DDC, 0x8E1D, 0x9EBF, 0x9EBF,
    0x9EBF, 0x9EBF, 0x9EBF, 0xAE5B, 0xC67A, 0xD6DA, 0xD6FB, 0xCE39, 0xE5D5, 0xEDF5, 0xE5D5, 0xDDB5, 0xDD95, 0xDD95, 0xD595, 0xC576,
    0xAE1B, 0x9E1C, 0x9DFC, 0x963D, 0x9EBF, 0x9EBF, 0x9EBF, 0x9EBF, 0x9EBF, 0x9EBF, 0x9EBF, 0x9EBF, 0x9EDF, 0x9EBF, 0x9EDF, 0x9E9F,
    0x9EBF, 0x9E9F, 0x9EBF, 0x9EBF, 0x9EBF, 0x9EDF, 0x9EBF, 0x9EDF, 0x9EBF, 0x9EDF, 0x9E9F, 0x9EBF, 0x9EBF, 0x9EBF, 0x9EBF, 0xA6BF,
    0x9EBF, 0x9EBF, 0x9EBF, 0x9EDF, 0x9E9F, 0x9EDF, 0x9E9F, 0x9EDF, 0x9E9F, 0x9EBF, 0x9EBF, 0x9EBF, 0x9EBF, 0x9EBF, 0xA6DF, 0x9E9F,
    0x9EDF, 0x9EDF, 0x9EDF, 0x9EDF, 0x9EBF, 0x9EBF, 0x9EBF, 0x9EBF, 0xA6BF, 0x9EBF, 0x9EFF, 0x9E9F, 0x9EDF, 0x9E9F, 0xA6DF, 0x969F,
    0x9EDF, 0x9EDE, 0x9EBF, 0x9EBE, 0x9EBF, 0x96BE, 0x9E9F, 0x9E9E, 0x969F, 0x9EDF, 0x9EDF, 0xA6DF, 0x9EDF, 0xA6BF, 0xA6BF, 0x9EBF,
    0x9EBF, 0xA71F, 0x969F, 0x9EFF, 0x9E7F, 0x9EFF, 0x9E7F, 0xA6DF, 0x965D, 0x9EDF, 0x9EDD, 0xAEBF, 0x96BD, 0xA69F, 0xA69D, 0x9F3F,
    0x9EBF, 0x9EBF, 0x9EBF, 0x9EBF, 0x9EBF, 0x9EBF, 0x9EBF, 0x9EBF, 0x9EBF, 0x9EBF, 0x9EBF, 0x9EBF, 0x9EBF, 0x9EBF, 0x9EBF, 0x9EBF,
    0x9EBF, 0x9EBF, 0x9EBF, 0x9EBF, 0x9EBF, 0x9EBF, 0x9EBF, 0x9EBF, 0x9EBF, 0x9EBF, 0x9EBF, 0x9EBF, 0x9EBF, 0x9EBF, 0x9EBF, 0x9EBF,
    0x9EBF, 0x9EBF, 0x9EBF, 0x9EBF, 0x9EBF, 0x9EBF, 0x9EBF, 0x9EBF, 0x9EBF, 0x9EBF, 0x9EBF, 0x9EBF, 0x9EBF, 0x9EDF, 0x9EBF, 0x9EBF,
    0x9EBF, 0x9EBF, 0x9EBF, 0x9EBF, 0x9EBF, 0x9EBF, 0x9EBF, 0x9EBF, 0x9EBF, 0x9EBF, 0x9EBF, 0x9EBF, 0x9EBF, 0x9EBF, 0x9EBF, 0x9EBF,
    0x9EBF, 0x9EBF, 0x9EBF, 0x9EBF, 0x9EBF, 0x9EBF, 0x9EDF, 0x9EBF, 0x9EBF, 0x9EBF, 0x9EBF, 0x9EBF, 0x9EBF, 0x9EBF, 0x9EBF, 0x9EBF,
    0x9EBF, 0x9EBF, 0x9EBF, 0x9EBF, 0x9EBF, 0x9EBF, 0x9EBF, 0x9EBF, 0x9EBF, 0x9EBF, 0x9EBF, 0x9EDF, 0x9EBF, 0x9EDF, 0x9EBF, 0x9EDF,
    0x9EBF, 0x9EBF, 0x9EBF, 0x9EBF, 0x9EBF, 0x9EBF, 0x9EBF, 0x9EBF, 0x9EBF, 0x9EBF, 0x9EBF, 0x9EDF, 0x9EBF, 0xA65C, 0xB65A, 0xCE9A,
    0xEF3B, 0xEF3B, 0xCEBB, 0xC6BB, 0xBE9C, 0xB576, 0xBE5A, 0xB67C, 0xAE7D, 0xAEBE, 0x8E1D, 0x8DFC, 0x85DC, 0x8E3D, 0x9EBF, 0x9EBF,
    0x9EBF, 0x9EBF, 0x9EBF, 0xB67B, 0xC69A, 0xDEFA, 0xEF5C, 0xCEDC, 0xC65A, 0xDDD6, 0xE5F5, 0xE5D6, 0xE5D6, 0xDDB5, 0xC595, 0xB67C,
    0xA65D, 0x9E1D, 0x95FC, 0x963D, 0x9EBF, 0x9EBF, 0x9EBF, 0x9EBF, 0x9EBF, 0x9EDF, 0x9EBF, 0x9EDF, 0x9EBF, 0x9EDF, 0x9E9F, 0x9EBF,
    0x9E9F, 0x9EBF, 0x9EBF, 0x9EBF, 0x9EDF, 0x9EBF, 0x9EDF, 0x9EDF, 0x9EDF, 0x9EDF, 0x9EBF, 0x9EBF, 0x9EBF, 0x9EBF, 0xA6BF, 0x9EBF,
    0x9EDF, 0x9EBF, 0x9EDF, 0x9E9F, 0x9EDF, 0x9E9F, 0x9EDF, 0x9EDF, 0x9EBF, 0x9EBF, 0x9EBF, 0x9EBF, 0x9EBF, 0xA6DF, 0xA69F, 0x9EDF,
    0x9EDF, 0xA6DF, 0x9EDF, 0x9EBF, 0x9EBF, 0x9EBF, 0x9EBF, 0xA6FF, 0x9EBF, 0x9EFF, 0x9E9F, 0x9EDF, 0x9E9F, 0xA6DF, 0x96DF, 0x9EDF,
    0x9EDF, 0xA6BF, 0x9EBF, 0x9EBF, 0x9EBE, 0x9EFF, 0x9E9E, 0xA6FF, 0x9EDF, 0x9EDF, 0xA6DF, 0x9EDF, 0xA6BF, 0xA6BF, 0x9F1F, 0x9EBF,
    0xA71F, 0x969F, 0x9EFF, 0x9E7F, 0x9EFF, 0x9EFF, 0xA6DF, 0xA6DF, 0x9EDF, 0x9EDF, 0xAEBF, 0x96BF, 0xA69F, 0xA69F, 0x9F3F, 0x9E7F,
    0x9EBF, 0x9EBF, 0x9EBF, 0x9EBF, 0x9EBF, 0x9EBF, 0x9EBF, 0x9EBF, 0x9EBF, 0x9EBF, 0x9EBF, 0x9EBF, 0x9EBF, 0x9EBF, 0x9EBF, 0x9EBF,
    0x9EBF, 0x9EBF, 0x9EBF, 0x9EBF, 0x9EBF, 0x9EBF, 0x9EBF, 0x9EBF, 0x9EBF, 0x9EBF, 0x9EBF, 0x9EBF, 0x9EBF, 0x9EBF, 0x9EBF, 0x9EBF,
    0x9EBF, 0x9EBF, 0x9EBF, 0x9EBF, 0x9EBF, 0x9EBF, 0x9EBF, 0x9EBF, 0x9EBF, 0x9EBF, 0x9EBF, 0x9EBF, 0x9EBF, 0x9EBF, 0x9EBF, 0x9EBF,
    0x9EBF, 0x9EBF, 0x9EBF, 0x9EBF, 0x9EBF, 0x9EBF, 0x9EBF, 0x9EBF, 0x9EBF, 0x9EBF, 0x9EBF, 0x9EBF, 0x9EBF, 0x9EBF, 0x9EBF, 0x9EBF,
    0x9EBF, 0x9EBF, 0x9EBF, 0x9EBF, 0x9EBF, 0x9EDF, 0x9EBF, 0x9EBF, 0x9EBF, 0x9EBF, 0x9EBF, 0x9EBF, 0x9EBF, 0x9EBF, 0x9EBF, 0x9EBF,
    0x9EBF, 0x9EBF, 0x9EBF, 0x9EBF, 0x9EBF, 0x9EBF, 0x9EBF, 0x9EBF, 0x9EBF, 0x9EBF, 0x9EBF, 0x9EBF, 0x9EBF, 0x9EBF, 0x9EDF, 0x9EBF,
    0x9EBF, 0x9EBF, 0x9EBF, 0x9EBF, 0x9EBF, 0x9EBF, 0x9EBF, 0x9EBF, 0x9EBF, 0x9EBF, 0x9EBF, 0x9EBF, 0x9EBF, 0xA63B, 0xBE7A, 0xCE9A,
    0xDEFB, 0xDEDB, 0xCEBB, 0xC6BB, 0xC69B, 0xC69C, 0xBE9B, 0xBE7C, 0xAE7C, 0x9E5D, 0x8E1D, 0x8DFC, 0x85DC, 0x965E, 0x9EBF, 0x9EBF,
    0x9EBF, 0x9EBF, 0x9EBF, 0xB65A, 0xCEBA, 0xDEFB, 0xEF7C, 0xE75C, 0xC6DC, 0xB65B, 0xD596, 0xE5F6, 0xE5D6, 0xC596, 0xBE9C, 0xB69D,
    0xA65D, 0x95FC, 0x95FC, 0x9E5D, 0x9EBF, 0x9EBF, 0x9EBF, 0x9EBF, 0x9EBF, 0x9EBF, 0x9EDF, 0x9EBF, 0x9EDF, 0x9E9F, 0x9EBF, 0x9E9F,
    0x9EBF, 0x9EBF, 0x9EBF, 0x9EDF, 0x9EBF, 0x9EDF, 0x9EBF, 0x9EDF, 0x9E9F, 0x9EBF, 0x9EBF, 0x9EBF, 0x9EBF, 0xA6BF, 0x9EBF, 0x9EBF,
    0x9EBF, 0x9EDF, 0x9E9F, 0x9EDF, 0x9E9F, 0x9EDF, 0x9E9F, 0x9EBF, 0x9E9F, 0x9EBF, 0x9EBF, 0x9EBF, 0x9EBF, 0x9E9F, 0x9EDF, 0x9EDF,
    0x9EDF, 0x9EDF, 0x9EBF, 0x9EBF, 0x9EBF, 0x9EBF, 0xA6BF, 0x9EBF, 0x9EFF, 0x9E9F, 0x9EDF, 0x9E9F, 0xA6DF, 0x969F, 0x9EDF, 0x9EDE,
    0x9EBF, 0x9EBE, 0x9EBF, 0x96BE, 0x9E9F, 0x9E9E, 0x969F, 0x9EDF, 0x9EDF, 0xA6DF, 0x9EDF, 0xA6BF, 0xA6BF, 0x9EBF, 0x9EBF, 0xA71F,
    0x969F, 0x9EFF, 0x9E7F, 0x9EFF, 0x9E7D, 0xA6DF, 0x965D, 0x9EDF, 0x9EDD, 0x96BF, 0x96BD, 0xA69F, 0x8E9D, 0x9E7F, 0x9E7C, 0xAF1F,
    0x9EBF, 0x9EBF, 0x9EBF, 0x9EBF, 0x9EBF, 0x9EBF, 0x9EBF, 0x9EBF, 0x9EBF, 0x9EBF, 0x9EBF, 0x9EBF, 0x9EBF, 0x9EBF, 0x9EBF, 0x9EBF,
    0x9EBF, 0x9EBF, 0x9EBF, 0x9EBF, 0x9EBF, 0x9EBF, 0x9EBF, 0x9EBF, 0x9EBF, 0x9EBF, 0x9EBF, 0x9EBF, 0x9EBF, 0x9EBF, 0x9EBF, 0x9EBF,
    0x9EBF, 0x9EBF, 0x9EBF, 0x9EBF, 0x9EBF, 0x9EBF, 0x9EBF, 0x9EBF, 0x9EBF, 0x9EBF, 0x9EBF, 0x9EDF, 0x9EBF, 0x9EBF, 0x9EBF, 0x9EBF,
    0x9EBF, 0x9EBF, 0x9EBF, 0x9EBF, 0x9EBF, 0x9EBF, 0x9EBF, 0x9EBF, 0x9EBF, 0x9EBF, 0x9EBF, 0x9EBF, 0x9EBF, 0x9EBF, 0x9EBF, 0x9EBF,
    0x9EBF, 0x9EBF, 0x9EBF, 0x9EBF, 0x9EDF, 0x9EBF, 0x9EBF, 0x9EBF, 0x9EBF, 0x9EBF, 0x9EBF, 0x9EBF, 0x9EBF, 0x9EBF, 0x9EBF, 0x9EBF,
    0x9EBF, 0x9EBF, 0x9EBF, 0x9EBF, 0x9EBF, 0x9EBF, 0x9EBF, 0x9EBF, 0x9EBF, 0x9EDF, 0x9EBF, 0x9EDF, 0x9EBF, 0x9EDF, 0x9EBF, 0x9EBF,
    0x9EBF, 0x9EBF, 0x9EBF, 0x9EBF, 0x9EBF, 0x9EBF, 0x9EBF, 0x9EBF, 0x9EBF, 0x9EDF, 0x9EBF, 0x9EBF, 0xA6BF, 0xA65B, 0xBE7A, 0xC69A,
    0xCEBB, 0xCEBB, 0xCE9B, 0xC69B, 0xC69B, 0xC69B, 0xBE7B, 0xBE7B, 0xAE5C, 0x9E3D, 0x8E1D, 0x85DC, 0x85DC, 0x969E, 0x9EBF, 0x9EBF,
    0x9EDF, 0x9EBF, 0xA6BF, 0xB65A, 0xCEDA, 0xEF5C, 0xF77C, 0xDF1C, 0xCEDC, 0xC6BD, 0xBE7C, 0xB535, 0xC5F8, 0xBEBC, 0xB69D, 0xBEDD,
    0x9E3D, 0x95FD, 0x8DFC, 0x9E7E, 0x9EBF, 0x9EBF, 0x9EBF, 0x9EDF, 0x9EBF, 0x9EDF, 0x9EBF, 0x9EDF, 0x9E9F, 0x9EBF, 0x9E9F, 0x9EBF,
    0x9EBF, 0x9EBF, 0x9EDF, 0x9EBF, 0x9EDF, 0x9EBF, 0x9EDF, 0x9EDF, 0x9EBF, 0x9EBF, 0x9EBF, 0x9EBF, 0xA6BF, 0x9EBF, 0x9EDF, 0x9EBF,
    0x9EDF, 0x9E9F, 0x9EDF, 0x9E9F, 0x9EDF, 0x9EDF, 0x9EBF, 0x9EBF, 0x9EBF, 0x9EBF, 0x9EBF, 0x9EBF, 0x9E9F, 0x9EDF, 0x9EDF, 0xA6DF,
    0x9EDF, 0x9EBF, 0x9EBF, 0x9EBF, 0x9EBF, 0xA6FF, 0x9EBF, 0x9EFF, 0x9E9F, 0x9EDF, 0x9E9F, 0xA6DF, 0x969F, 0x9EDF, 0x9EDF, 0xA6BF,
    0x9EBE, 0x9EBF, 0x9EBE, 0x9EFF, 0x9E9E, 0xA6FF, 0x9EDF, 0x9EDF, 0xA6DF, 0x9EDF, 0xA6BF, 0xA6BF, 0x9F1F, 0x9EBF, 0xA71F, 0x969F,
    0x9EFF, 0x9E7F, 0x9EFF, 0x9EFF, 0xA6DF, 0xA6DF, 0x9EDF, 0x9EDF, 0xAEBF, 0x96BF, 0xA69F, 0xA69F, 0x9F3F, 0x9E7C, 0xAF1F, 0x8E3C,
    0x9EBF, 0x9EBF, 0x9EBF, 0x9EBF, 0x9EBF, 0x9EBF, 0x9EBF, 0x9EBF, 0x9EBF, 0x9EBF, 0x9EBF, 0x9EBF, 0x9EBF, 0x9EBF, 0x9EBF, 0x9EBF,
    0x9EBF, 0x9EBF, 0x9EBF, 0x9EBF, 0x9EBF, 0x9EBF, 0x9EBF, 0x9EBF, 0x9EBF, 0x9EBF, 0x9EBF, 0x9EBF, 0x9EBF, 0x9EBF, 0x9EBF, 0x9EBF,
    0x9EBF, 0x9EBF, 0x9EBF, 0x9EBF, 0x9EBF, 0x9EBF, 0x9EBF, 0x9EBF, 0x9EBF, 0x9EBF, 0x9EBF, 0x9EBF, 0x9EBF, 0x9EBF, 0x9EBF, 0x9EBF,
    0x9EBF, 0x9EBF, 0x9EBF, 0x9EBF, 0x9EBF, 0x9EBF, 0x9EBF, 0x9EBF, 0x9EBF, 0x9EBF, 0x9EBF, 0x9EBF, 0x9EBF, 0x9EBF, 0x9EBF, 0x9EBF,
    0x9EBF, 0x9EBF, 0x9EBF, 0x9EDF, 0x9EBF, 0x9EBF, 0x9EBF, 0x9EBF, 0x9EBF, 0x9EBF, 0x9EBF, 0x9EBF, 0x9EBF, 0x9EBF, 0x9EBF, 0x9EBF,
    0x9EBF, 0x9EBF, 0x9EBF, 0x9EBF, 0x9EBF, 0x9EBF, 0x9EBF, 0x9EBF, 0x9EBF, 0x9EBF, 0x9EDF, 0x9EBF, 0x9EDF, 0x9EBF, 0x9EBF, 0x9EBF,
    0x9EBF, 0x9EBF, 0x9EBF, 0x9EBF, 0x9EBF, 0x9EBF, 0x9EBF, 0x9EBF, 0x9EBF, 0x9EBF, 0x9EBF, 0x9EBF, 0x9E7D, 0xAE5B, 0xBE7A, 0xC69B,
    0xC69B, 0xC69B, 0xC69B, 0xC69B, 0xBE9B, 0xBE9B, 0xBE7B, 0xB65C, 0xA63C, 0x963E, 0x8DFD, 0x85DC, 0x85DC, 0x9E9F, 0x9EBF, 0x9EBF,
    0x9EBF, 0x9EDF, 0x9E7E, 0xBE7A, 0xCEBB, 0xD6DB, 0xCEDB, 0xCEBB, 0xCEBC, 0xC6BC, 0xC69C, 0xBE9C, 0xBE9C, 0xBE9D, 0xB67D, 0xAE9D,
    0x9E3D, 0x8DFD, 0x8DFD, 0x9E7F, 0x9EBF, 0x9EBF, 0x9EBF, 0x9EBF, 0x9EDF, 0x9EBF, 0x9EDF, 0x9E9F, 0x9EBF, 0x9E9F, 0x9EBF, 0x9EBF,
    0x9EBF, 0x9EDF, 0x9EBF, 0x9EDF, 0x9EBF, 0x9EDF, 0x9E9F, 0x9EBF, 0x9EBF, 0x9EBF, 0x9EBF, 0xA6BF, 0x9EBF, 0x9EBF, 0x9EBF, 0x9EDF,
    0x9E9F, 0x9EDF, 0x9E9F, 0x9EDF, 0x9E9F, 0x9EBF, 0x9EBF, 0x9EBF, 0x9EBF, 0x9EBF, 0x9EBF, 0x9E9F, 0x9EDF, 0x9EDF, 0x9EDF, 0x9EDF,
    0x9EBF, 0x9EBF, 0x9EBF, 0x9EBF, 0xA6BF, 0x9EBF, 0x9EFF, 0x9E9F, 0x9EDF, 0x9E9F, 0xA6DF, 0x969F, 0x9EDF, 0x9EDF, 0x9EBF, 0x9EBE,
    0x9EBF, 0x96BE, 0x9E9F, 0x9E9E, 0x969F, 0x9EDF, 0x9EDF, 0xA6DF, 0x9EDF, 0xA6BF, 0xA6BF, 0x9F1F, 0x9EBF, 0xA71F, 0x969F, 0x9EFF,
    0x9E7F, 0x9EFF, 0x9E7F, 0xA6DF, 0x96DD, 0x9EDF, 0x9EDD, 0xAEBF, 0x96BD, 0xA69F, 0xA69D, 0x9F3F, 0x9E7C, 0xAF1F, 0x8E3C, 0x9EFF,
    0x9EBF, 0x9EBF, 0x9EBF, 0x9EBF, 0x9EBF, 0x9EBF, 0x9EBF, 0x9EBF, 0x9EBF, 0x9EBF, 0x9EBF, 0x9EBF, 0x9EBF, 0x9EBF, 0x9EBF, 0x9EBF,
    0x9EBF, 0x9EBF, 0x9EBF, 0x9EBF, 0x9EBF, 0x9EBF, 0x9EBF, 0x9EBF, 0x9EBF, 0x9EBF, 0x9EBF, 0x9EBF, 0x9EBF, 0x9EBF, 0x9EBF, 0x9EBF,
    0x9EBF, 0x9EBF, 0x9EBF, 0x9EBF, 0x9EBF, 0x9EBF, 0x9EBF, 0x9EBF, 0x9EBF, 0x9EDF, 0x9EBF, 0x9EBF, 0x9EBF, 0x9EBF, 0x9EBF, 0x9EBF,
    0x9EBF, 0x9EBF, 0x9EBF, 0x9EBF, 0x9EBF, 0x9EBF, 0x9EBF, 0x9EBF, 0x9EBF, 0x9EBF, 0x9EBF, 0x9EBF, 0x9EBF, 0x9EBF, 0x9EBF, 0x9EBF,
    0x9EDF, 0x9EBF, 0x9EDF, 0x9EBF, 0x9EBF, 0x9EBF, 0x9EBF, 0x9EBF, 0x9EBF, 0x9EBF, 0x9EBF, 0x9EBF, 0x9EBF, 0x9EBF, 0x9EBF, 0x9EBF,
    0x9EBF, 0x9EBF, 0x9EBF, 0x9EBF, 0x9EBF, 0x9EBF, 0x9EBF, 0x9EDF, 0x9EBF, 0x9EDF, 0x9EBF, 0x9EDF, 0x9EBF, 0x9EBF, 0x9EBF, 0x9EBF,
    0x9EBF, 0x9EBF, 0x9EBF, 0x9EBF, 0x9EBF, 0x9EBF, 0x9EBF, 0x9EDF, 0x9EBF, 0x9EBF, 0x9EBF, 0x9EBF, 0x9E5D, 0xAE5B, 0xB67B, 0xBE9B,
    0xBE9B, 0xBE9B, 0xBE9B, 0xBE9B, 0xBE9C, 0xB67C, 0xAE7C, 0xA65C, 0x9E3D, 0x963E, 0x85FC, 0x7DDC, 0x85FC, 0x9E9F, 0x9EDF, 0x9EBF,
    0x9EDF, 0x9EBF, 0x9E7D, 0xB67A, 0xC69B, 0xC69B, 0xC6BB, 0xC6BB, 0xC69B, 0xC69C, 0xBE9C, 0xBE7C, 0xB67C, 0xAE5C, 0xA65D, 0x9E3D,
    0x961D, 0x8DFD, 0x8DFD, 0x9E9E, 0x9EBF, 0x9EDF, 0x9EBF, 0x9EDF, 0x9EBF, 0x9EDF, 0x9E9F, 0x9EBF, 0x9EBF, 0x9EBF, 0x9EBF, 0x9EBF,
    0x9EDF, 0x9EBF, 0x9EDF, 0x9EDF, 0xA6DF, 0x9EDF, 0x9EBF, 0x9EBF, 0x9EBF, 0x9EBF, 0xA6BF, 0x9EBF, 0x9EDF, 0x9EBF, 0x9EDF, 0x9E9F,
    0x9EDF, 0x9E9F, 0x9EDF, 0x9EDF, 0x9EBF, 0x9EBF, 0x9EBF, 0x9EBF, 0x9EBF, 0x9EBF, 0xA69F, 0x9EDF, 0x9EDF, 0xA6DF, 0x9EDF, 0x9EBF,
    0x9EBF, 0x9EBF, 0x9EBF, 0xA6FF, 0x9EBF, 0x9EFF, 0x9E9F, 0x9EDF, 0x9E9F, 0xA6DF, 0x96DF, 0x9EDF, 0x9EDF, 0xA6BF, 0x9EBF, 0x9EBF,
    0x9EBE, 0x9EFF, 0x9E9E, 0xA6FF, 0x9EDF, 0x9EDF, 0xA6DF, 0x9EDF, 0xA6BF, 0xA6BF, 0x9F1F, 0x9EBF, 0xA71F, 0x969F, 0x9EFF, 0x9E7F,
    0x9EFF, 0x9EFF, 0xA6DF, 0xA6DF, 0x9EDF, 0x9EDF, 0xAEBF, 0x96BF, 0xA69F, 0xA69F, 0x9F3F, 0x9E7F, 0xAF1F, 0x8E3F, 0x9EFF, 0xB7FF,
    0x9EBF, 0x9EBF, 0x9EBF, 0x9EBF, 0x9EBF, 0x9EBF, 0x9EBF, 0x9EBF, 0x9EBF, 0x9EBF, 0x9EBF, 0x9EBF, 0x9EBF, 0x9EBF, 0x9EBF, 0x9EBF,
    0x9EBF, 0x9EBF, 0x9EBF, 0x9EBF, 0x9EBF, 0x9EBF, 0x9EBF, 0x9EBF, 0x9EBF, 0x9EBF, 0x9EBF, 0x9EBF, 0x9EBF, 0x9EBF, 0x9EBF, 0x9EBF,
    0x9EBF, 0x9EBF, 0x9EBF, 0x9EBF, 0x9EBF, 0x9EBF, 0x9EBF, 0x9EBF, 0x9EBF, 0x9EBF, 0x9EBF, 0x9EBF, 0x9EBF, 0x9EBF, 0x9EBF, 0x9EBF,
    0x9EBF, 0x9EBF, 0x9EBF, 0x9EBF, 0x9EBF, 0x9EBF, 0x9EBF, 0x9EBF, 0x9EBF, 0x9EBF, 0x9EBF, 0x9EBF, 0x9EBF, 0x9EBF, 0x9EBF, 0x9EBF,
    0x9EBF, 0x9EDF, 0x9EBF, 0x9EBF, 0x9EBF, 0x9EBF, 0x9EBF, 0x9EBF, 0x9EBF, 0x9EBF, 0x9EBF, 0x9EBF, 0x9EBF, 0x9EBF, 0x9EBF, 0x9EBF,
    0x9EBF, 0x9EBF, 0x9EBF, 0x9EBF, 0x9EBF, 0x9EBF, 0x9EBF, 0x9EBF, 0x9EBF, 0x9EBF, 0x9EDF, 0x9EBF, 0x9EBF, 0x9EBF, 0x9EBF, 0x9EBF,
    0x9EBF, 0x9EBF, 0x9EBF, 0x9EBF, 0x9EBF, 0x9EBF, 0x9EBF, 0x9EBF, 0x9EBF, 0x9EBF, 0x9EBF, 0x9E9F, 0xA67C, 0xAE5B, 0xB67B, 0xBE9B,
    0xBE9B, 0xBEBB, 0xBEBB, 0xBEBC, 0xB69C, 0xAE7C, 0xA65C, 0x9E3C, 0x963D, 0x8E3E, 0x7DDD, 0x7DDC, 0x85FD, 0x9E9F, 0x9EBF, 0x9EDF,
    0x9EBF, 0x9EBF, 0xA67C, 0xB67B, 0xBE9B, 0xBE9B, 0xBE9B, 0xC69B, 0xBE9B, 0xBE9C, 0xB67C, 0xB67C, 0xAE5C, 0xA63D, 0x9E3D, 0x8DFD,
    0x8DFD, 0x8DFD, 0x8DFD, 0x969F, 0x9EBF, 0x9EBF, 0x9EDF, 0x9EBF, 0x9EDF, 0x9E9F, 0x9EBF, 0x9E9F, 0x9EBF, 0x9EBF, 0x9EBF, 0x9EBF,
    0x9EBF, 0x9EDF, 0x9EBF, 0x9EDF, 0x9E9F, 0x9EBF, 0x9EBF, 0x9EBF, 0x9EBF, 0xA6BF, 0x9EBF, 0x9EBF, 0x9EBF, 0x9EDF, 0x9E9F, 0x9EDF,
    0x9E9F, 0x9EDF, 0x9E9F, 0x9EBF, 0x9E9F, 0x9EBF, 0x9EBF, 0x9EBF, 0x9EBF, 0x9E9F, 0x9EDF, 0x9EDF, 0x9EDF, 0x9EDF, 0x9EBF, 0x9EBF,
    0x9EBF, 0x9EBF, 0xA6BF, 0x9EBF, 0x9EFF, 0x9E9F, 0x9EDF, 0x9E9F, 0xA6DF, 0x969F, 0x9EDF, 0x9EDE, 0x9EBF, 0x9EBE, 0x9EBF, 0x96BE,
    0x9E9F, 0x9E9E, 0x969F, 0x969E, 0x9EDF, 0xA6DF, 0x9EDF, 0xA6BF, 0xA6BF, 0x9EBF, 0x9EBF, 0xA71F, 0x969F, 0x9EFF, 0x9E7F, 0x9EFF,
    0x9E7F, 0xA6DF, 0x96DD, 0x9EDF, 0x9EDD, 0x96BF, 0x96BD, 0xA69F, 0x8E9D, 0x9F3F, 0x9E7C, 0xAF1F, 0x8E3C, 0x9EFF, 0xB6DF, 0x96DF,
    0x9EBF, 0x9EBF, 0x9EBF, 0x9EBF, 0x9EBF, 0x9EBF, 0x9EBF, 0x9EBF, 0x9EBF, 0x9EBF, 0x9EBF, 0x9EBF, 0x9EBF, 0x9EBF, 0x9EBF, 0x9EBF,
    0x9EBF, 0x9EBF, 0x9EBF, 0x9EBF, 0x9EBF, 0x9EBF, 0x9EBF, 0x9EBF, 0x9EBF, 0x9EBF, 0x9EBF, 0x9EBF, 0x9EBF, 0x9EBF, 0x9EBF, 0x9EBF,
    0x9EBF, 0x9EBF, 0x9EBF, 0x9EBF, 0x9EBF, 0x9EBF, 0x9EBF, 0x9EDF, 0x9EBF, 0x9EBF, 0x9EBF, 0x9EBF, 0x9EBF, 0x9EBF, 0x9EBF, 0x9EBF,
    0x9EBF, 0x9EBF, 0x9EBF, 0x9EBF, 0x9EBF, 0x9EBF, 0x9EBF, 0x9EBF, 0x9EBF, 0x9EBF, 0x9EBF, 0x9EBF, 0x9EBF, 0x9EBF, 0x9EBF, 0x9EBF,
    0x9EDF, 0x9EBF, 0x9EBF, 0x9EBF, 0x9EBF, 0x9EBF, 0x9EBF, 0x9EBF, 0x9EBF, 0x9EBF, 0x9EBF, 0x9EBF, 0x9EBF, 0x9EBF, 0x9EBF, 0x9EBF,
    0x9EBF, 0x9EBF, 0x9EBF, 0x9EBF, 0x9EBF, 0x9EDF, 0x9EBF, 0x9EDF, 0x9EBF, 0x9EDF, 0x9EBF, 0x9EBF, 0x9EBF, 0x9EBF, 0x9EBF, 0x9EBF,
    0x9EBF, 0x9EBF, 0x9EBF, 0x9EBF, 0x9EBF, 0x9EDF, 0x9EBF, 0x9EBF, 0x9EBF, 0x9EBF, 0x9E9F, 0x9EBF, 0xA67C, 0xAE7B, 0xBE9B, 0xBE9B,
    0xC6BB, 0xCEDC, 0xC6DC, 0xBEBC, 0xB69C, 0xAE9D, 0xA67D, 0x965D, 0x8E1D, 0x7DFD, 0x7DDD, 0x75DD, 0x85FD, 0x9EDF, 0x9EDF, 0x9EBF,
    0x9EBF, 0x9E9F, 0xAE9C, 0xB67B, 0xBE9B, 0xBEBB, 0xBEBC, 0xBEBC, 0xB6BC, 0xB69C, 0xAE9D, 0xA67D, 0x9E5D, 0x963D, 0x8E1D, 0x85FD,
    0x85DD, 0x85FD, 0x8E1D, 0x9E9E, 0x9EBF, 0x9EDF, 0x9EBF, 0x9EDF, 0x9E9F, 0x9EBF, 0x9EBF, 0x9EBF, 0x9EBF, 0x9EBF, 0x9EBF, 0x9EBF,
    0x9EDF, 0x9EDF, 0x9EDF, 0x9EDF, 0x9EBF, 0x9EBF, 0x9EBF, 0x9EBF, 0xA6BF, 0x9EBF, 0x9EDF, 0x9EBF, 0x9EDF, 0x9E9F, 0x9EDF, 0x9E9F,
    0x9EDF, 0x9EDF, 0x9EBF, 0x9EBF, 0x9EBF, 0x9EBF, 0x9EBF, 0x9EBF, 0xA69F, 0x9EDF, 0x9EDF, 0xA6DF, 0x9EDF, 0x9EBF, 0x9EBF, 0x9EBF,
    0x9EBF, 0xA6FF, 0x9EBF, 0x9EFF, 0x9E9F, 0x9EDF, 0x9E9F, 0xA6DF, 0x969F, 0x9EDF, 0x9EDF, 0xA6BF, 0x9EBF, 0x9EBF, 0x9EBE, 0x9EFF,
    0x9E9E, 0xA6FF, 0x969E, 0x9EDF, 0xA6DF, 0x9EDF, 0xA6BF, 0xA6BF, 0x9F1F, 0x9EBF, 0xA71F, 0x969F, 0x9EFF, 0x9E7F, 0x9EFF, 0x9EFF,
    0xA6DF, 0xA6DF, 0x9EDF, 0x9EDF, 0xAEBF, 0x96BF, 0xA69F, 0xA69F, 0x9F3F, 0x9E7F, 0xAF1F, 0x8E3C, 0x9EFF, 0xB6DF, 0x96DF, 0xAFFF,
    0x9EBF, 0x9EBF, 0x9EBF, 0x9EBF, 0x9EBF, 0x9EBF, 0x9EBF, 0x9EBF, 0x9EBF, 0x9EBF, 0x9EBF, 0x9EBF, 0x9EBF, 0x9EBF, 0x9EBF, 0x9EBF,
    0x9EBF, 0x9EBF, 0x9EBF, 0x9EBF, 0x9EBF, 0x9EBF, 0x9EBF, 0x9EBF, 0x9EBF, 0x9EBF, 0x9EBF, 0x9EBF, 0x9EBF, 0x9EBF, 0x9EBF, 0x9EBF,
    0x9EBF, 0x9EBF, 0x9EBF, 0x9EBF, 0x9EBF, 0x9EBF, 0x9EBF, 0x9EBF, 0x9EBF, 0x9EBF, 0x9EBF, 0x9EBF, 0x9EBF, 0x9EBF, 0x9EBF, 0x9EBF,
    0x9EBF, 0x9EBF, 0x9EBF, 0x9EBF, 0x9EBF, 0x9EBF, 0x9EBF, 0x9EBF, 0x9EBF, 0x9EBF, 0x9EBF, 0x9EBF, 0x9EBF, 0x9EBF, 0x9EBF, 0x9EDF,
    0x9EBF, 0x9EBF, 0x9EBF, 0x9EBF, 0x9EBF, 0x9EBF, 0x9EBF, 0x9EBF, 0x9EBF, 0x9EBF, 0x9EBF, 0x9EBF, 0x9EBF, 0x9EBF, 0x9EBF, 0x9EBF,
    0x9EBF, 0x9EBF, 0x9EBF, 0x9EBF, 0x9EBF, 0x9EBF, 0x9EDF, 0x9EBF, 0x9EDF, 0x9EBF, 0x9EBF, 0x9EBF, 0x9EBF, 0x9EBF, 0x9EBF, 0x9EBF,
    0x9EBF, 0x9EBF, 0x9EBF, 0x9EBF, 0x9EBF, 0x9EBF, 0x9EBF, 0x9EBF, 0x9EBF, 0x9E9F, 0x9EBF, 0x9EBF, 0xA65C, 0xAE7B, 0xBE9B, 0xBE9B,
    0xC6BB, 0xE73C, 0xD6FC, 0xBEBC, 0xAE9C, 0xA67D, 0xB6DE, 0xBF1E, 0x861E, 0x7DFD, 0x75DD, 0x75DD, 0x863D, 0x9EDF, 0x9EBF, 0x9EBF,
    0x9E9F, 0x9EBF, 0xAE7C, 0xB67B, 0xBEBB, 0xBEDC, 0xC6DC, 0xBEDC, 0xB6BC, 0xB6BD, 0xAE9D, 0x9E7D, 0x965E, 0x8E3E, 0x861E, 0x85FE,
    0x85DD, 0x85FD, 0x8E1D, 0x9E9F, 0x9EDF, 0x9EBF, 0x9EDF, 0x9E9F, 0x9EBF, 0x9E9F, 0x9EBF, 0x9EBF, 0x9EBF, 0x9EBF, 0x9EBF, 0x9EDF,
    0x9EBF, 0x9EDF, 0x9E9F, 0x9EBF, 0x9EBF, 0x9EBF, 0x9EBF, 0xA6BF, 0x9EBF, 0x9EDF, 0x9EBF, 0x9EDF, 0x9E9F, 0x9EDF, 0x9E9F, 0x9EDF,
    0x9E9F, 0x9EBF, 0x9EBF, 0x9EBF, 0x9EBF, 0x9EBF, 0x9EBF, 0x9E9F, 0x9EDF, 0x9EDF, 0x9EDF, 0x9EDF, 0x9EBF, 0x9EBF, 0x9EBF, 0x9EBF,
    0xA6BF, 0x9EBF, 0x9EFF, 0x9E9F, 0x9EDF, 0x9E9F, 0xA6DF, 0x969F, 0x9EDF, 0x9EDF, 0x9EBF, 0x9EBF, 0x9EBF, 0x9EBE, 0x9E9F, 0x9E9E,
    0x969F, 0x969E, 0x9EDF, 0xA6DF, 0x9EDF, 0xA6BF, 0xA6BF, 0x9F1F, 0x9EBF, 0xA71F, 0x969F, 0x9EFF, 0x9E7F, 0x9EFF, 0x9E7F, 0xA6DF,
    0x96DF, 0x9EDF, 0x9EDD, 0xAEBF, 0x96BD, 0xA69F, 0xA69D, 0x9F3F, 0x9E7C, 0xAF1F, 0x8E3C, 0x9EFF, 0xB6DF, 0x96DF, 0xAEBF, 0xAEBF,
    0x9EBF, 0x9EBF, 0x9EBF, 0x9EBF, 0x9EBF, 0x9EBF, 0x9EBF, 0x9EBF, 0x9EBF, 0x9EBF, 0x9EBF, 0x9EBF, 0x9EBF, 0x9EBF, 0x9EBF, 0x9EBF,
    0x9EBF, 0x9EBF, 0x9EBF, 0x9EBF, 0x9EBF, 0x9EBF, 0x9EBF, 0x9EBF, 0x9EBF, 0x9EBF, 0x9EBF, 0x9EBF, 0x9EBF, 0x9EBF, 0x9EBF, 0x9EBF,
    0x9EBF, 0x9EBF, 0x9EBF, 0x9EBF, 0x9EBF, 0x9EDF, 0x9EBF, 0x9EBF, 0x9EBF, 0x9EBF, 0x9EBF, 0x9EBF, 0x9EBF, 0x9EBF, 0x9EBF, 0x9EBF,
    0x9EBF, 0x9EBF, 0x9EBF, 0x9EBF, 0x9EBF, 0x9EBF, 0x9EBF, 0x9EBF, 0x9EBF, 0x9EBF, 0x9EBF, 0x9EBF, 0x9EDF, 0x9EBF, 0x9EDF, 0x9EBF,
    0x9EBF, 0x9EBF, 0x9EBF, 0x9EBF, 0x9EBF, 0x9EBF, 0x9EBF, 0x9EBF, 0x9EBF, 0x9EBF, 0x9EBF, 0x9EBF, 0x9EBF, 0x9EBF, 0x9EBF, 0x9EBF,
    0x9EBF, 0x9EBF, 0x9EBF, 0x9EDF, 0x9EBF, 0x9EDF, 0x9EBF, 0x9EDF, 0x9EBF, 0x9EBF, 0x9EBF, 0x9EBF, 0x9EBF, 0x9EBF, 0x9EBF, 0x9EBF,
    0x9EBF, 0x9EBF, 0x9EBF, 0x9EDF, 0x9EBF, 0x9EBF, 0x9EBF, 0x9EBF, 0x9E9F, 0x9EBF, 0x9EDF, 0x9E9E, 0x9E3B, 0xAE7B, 0xB67B, 0xBE9B,
    0xBE9B, 0xC6BB, 0xBEBC, 0xB69C, 0xA67D, 0x9E5D, 0x965E, 0x8E3E, 0x7E1D, 0x75DD, 0x6DDD, 0x75DD, 0x863D, 0x9EBF, 0x9EBF, 0x9E9F,
    0x9EBF, 0xA6DF, 0xAE7B, 0xB69B, 0xBEBB, 0xCEFC, 0xEF9E, 0xC6FC, 0xB6BD, 0xAEBD, 0xA69D, 0x9E7E, 0x967E, 0x861E, 0x7DFE, 0x7DDE,
    0x7DDD, 0x85FD, 0x8E1D, 0x9EBF, 0x9EBF, 0x9EDF, 0x9E9F, 0x9EBF, 0x9EBF, 0x9EBF, 0x9EBF, 0x9EBF, 0x9EBF, 0x9EBF, 0x9EDF, 0x9EDF,
    0xA6DF, 0x9EDF, 0x9EBF, 0x9EBF, 0x9EBF, 0x9EBF, 0xA6BF, 0x9EBF, 0x9EDF, 0x9EBF, 0x9EDF, 0x9E9F, 0x9EDF, 0x9E9F, 0x9EDF, 0x9EDF,
    0x9EBF, 0x9EBF, 0x9EBF, 0x9EBF, 0x9EBF, 0x9EBF, 0xA69F, 0x9EDF, 0x9EDF, 0xA6DF, 0x9EDF, 0x9EBF, 0x9EBF, 0x9EFF, 0x9EBF, 0xA6FF,
    0x9EBF, 0x9EFF, 0x9E9F, 0xA6DF, 0x9E9F, 0xA6DF, 0x96DF, 0x9EDF, 0x9EDF, 0xA6BF, 0x9EBF, 0x9EBF, 0x9EBF, 0x9EFF, 0x9E9E, 0xA6FF,
    0x969E, 0x9EDF, 0xA6DF, 0x9EDF, 0xA6BF, 0xA6BF, 0x9F1F, 0x9EBF, 0xA71F, 0xA69F, 0x9EFF, 0x9E7F, 0x9EFF, 0x9EFF, 0xA6DF, 0xA6DF,
    0x9EDF, 0x9EDF, 0xAEBF, 0x96BF, 0xA69F, 0xA69F, 0x9F3F, 0x9E7F, 0xAF1F, 0x8E3F, 0x9EFF, 0xB7FF, 0x96DF, 0xAFFF, 0xAEBF, 0xCFFF,
    0x9EBF, 0x9EBF, 0x9EBF, 0x9EBF, 0x9EBF, 0x9EBF, 0x9EBF, 0x9EBF, 0x9EBF, 0x9EBF, 0x9EBF, 0x9EBF, 0x9EBF, 0x9EBF, 0x9EBF, 0x9EBF,
    0x9EBF, 0x9EBF, 0x9EBF, 0x9EBF, 0x9EBF, 0x9EBF, 0x9EBF, 0x9EBF, 0x9EBF, 0x9EBF, 0x9EBF, 0x9EBF, 0x9EBF, 0x9EBF, 0x9EBF, 0x9EBF,
    0x9EBF, 0x9EBF, 0x9EBF, 0x9EBF, 0x9EBF, 0x9EBF, 0x9EBF, 0x9EBF, 0x9EBF, 0x9EBF, 0x9EBF, 0x9EBF, 0x9EBF, 0x9EBF, 0x9EBF, 0x9EBF,
    0x9EBF, 0x9EBF, 0x9EBF, 0x9EBF, 0x9EBF, 0x9EBF, 0x9EBF, 0x9EBF, 0x9EBF, 0x9EBF, 0x9EBF, 0x9EBF, 0x9EBF, 0x9EDF, 0x9EBF, 0x9EBF,
    0x9EBF, 0x9EBF, 0x9EBF, 0x9EBF, 0x9EBF, 0x9EBF, 0x9EBF, 0x9EBF, 0x9EBF, 0x9EBF, 0x9EBF, 0x9EBF, 0x9EBF, 0x9EBF, 0x9EBF, 0x9EBF,
    0x9EBF, 0x9EBF, 0x9EBF, 0x9EBF, 0x9EDF, 0x9EBF, 0x9EDF, 0x9EBF, 0x9EBF, 0x9EBF, 0x9EBF, 0x9EBF, 0x9EBF, 0x9EBF, 0x9EBF, 0x9EBF,
    0x9EBF, 0x9EBF, 0x9EBF, 0x9EBF, 0x9EBF, 0x9EBF, 0x9EBF, 0x9E9F, 0x9EBF, 0x9EBF, 0x9EBF, 0x965D, 0x659A, 0xA65B, 0xB67B, 0xB67B,
    0xB69B, 0xB69B, 0xAE7C, 0xA65C, 0x9E5D, 0x963D, 0x863E, 0x7E1D, 0x75FD, 0x6DDD, 0x6DDD, 0x6DBD, 0x759C, 0x9EBF, 0x9E9F, 0x9EBF,
    0x9E9F, 0x9E7E, 0xA67B, 0xAE9B, 0xBEBB, 0xC6DC, 0xCF1C, 0xB6BC, 0xAE9D, 0xA69D, 0x9E7D, 0x967E, 0xB71E, 0x7E1E, 0x7DDE, 0x7DDE,
    0x7DDD, 0x861D, 0x8DFD, 0x9E9F, 0x9EDF, 0x9E9F, 0x9EBF, 0x9E9F, 0x9EBF, 0x9EBF, 0x9EBF, 0x9EBF, 0x9EBF, 0x9EDF, 0x9EBF, 0x9EDF,
    0x9E9F, 0x9EBF, 0x9EBF, 0x9EBF, 0x9EBF, 0xA6BF, 0x9EBF, 0x9EBF, 0x9EBF, 0x9EDF, 0x9E9F, 0x9EDF, 0x9E9F, 0x9EDF, 0x9E9F, 0x9EBF,
    0x9EBF, 0x9EBF, 0x9EBF, 0x9EBF, 0x9EBF, 0x9E9F, 0x9E9F, 0x9EDF, 0x9EDF, 0x9EDF, 0x9EBF, 0x9EBF, 0x9EBF, 0x9EBF, 0xA6BF, 0x9EBF,
    0x9EFF, 0x9E9F, 0x9EDF, 0x9E9F, 0xA6DF, 0x969F, 0x9EDF, 0x9EDF, 0x9EBF, 0x9EBE, 0x9EBF, 0x96BE, 0x9E9F, 0x9E9E, 0x969F, 0x969E,
    0x9EDF, 0xA6DF, 0x9EDF, 0xA6BF, 0xA6BF, 0x9EBF, 0x9EBF, 0xA71F, 0x969F, 0x9EFF, 0x9E7F, 0x9EFF, 0x9E7F, 0xA6DF, 0x96DF, 0x9EDF,
    0x9EDD, 0xAEBF, 0x96BD, 0xA69F, 0x8E9D, 0x9F3F, 0x9E7C, 0xAF1F, 0x8E3C, 0x9EFF, 0x9DFB, 0x96DF, 0xAEBF, 0xAEBF, 0x9FFF, 0x9E7F,
    0x9EBF, 0x9EBF, 0x9EBF, 0x9EBF, 0x9EBF, 0x9EBF, 0x9EBF, 0x9EBF, 0x9EBF, 0x9EBF, 0x9EBF, 0x9EBF, 0x9EBF, 0x9EBF, 0x9EBF, 0x9EBF,
    0x9EBF, 0x9EBF, 0x9EBF, 0x9EBF, 0x9EBF, 0x9EBF, 0x9EBF, 0x9EBF, 0x9EBF, 0x9EBF, 0x9EBF, 0x9EBF, 0x9EBF, 0x9EBF, 0x9EBF, 0x9EBF,
    0x9EBF, 0x9EBF, 0x9EBF, 0x9EDF, 0x9EBF, 0x9EBF, 0x9EBF, 0x9EBF, 0x9EBF, 0x9EBF, 0x9EBF, 0x9EBF, 0x9EBF, 0x9EBF, 0x9EBF, 0x9EBF,
    0x9EBF, 0x9EBF, 0x9EBF, 0x9EBF, 0x9EBF, 0x9EBF, 0x9EBF, 0x9EBF, 0x9EBF, 0x9EBF, 0x9EDF, 0x9EBF, 0x9EDF, 0x9EBF, 0x9EBF, 0x9EBF,
    0x9EBF, 0x9EBF, 0x9EBF, 0x9EBF, 0x9EBF, 0x9EBF, 0x9EBF, 0x9EBF, 0x9EBF, 0x9EBF, 0x9EBF, 0x9EBF, 0x9EBF, 0x9EBF, 0x9EBF, 0x9EBF,
    0x9EBF, 0x9EDF, 0x9EBF, 0x9EDF, 0x9EBF, 0x9EDF, 0x9EBF, 0x9EBF, 0x9EBF, 0x9EBF, 0x9EBF, 0x9EBF, 0x9EBF, 0x9EBF, 0x9EBF, 0x9EBF,
    0x9EBF, 0x9EDF, 0x9EBF, 0x9EBF, 0x9EBF, 0x9EBF, 0x9E9F, 0x9EBF, 0x9EDF, 0x9EBF, 0x9EDF, 0x9E9F, 0x5DFC, 0x65DC, 0x961B, 0x9E1B,
    0xA65B, 0xA65B, 0x9E5C, 0x963C, 0x8E3D, 0x863E, 0x7E1E, 0x6DFD, 0x6DDD, 0x65BD, 0x4D3C, 0x24DC, 0x6DDD, 0x9E9F, 0x9EBF, 0x9EBF,
    0x9EBF, 0x9E5D, 0xA67B, 0xAE9B, 0xB69B, 0xB69B, 0xB69C, 0xA69C, 0xA67C, 0x9E5D, 0x8E3D, 0x861E, 0x75FE, 0x75DE, 0x75DE, 0x75DD,
    0x7DFD, 0x861D, 0x8E1D, 0x9EDF, 0x9E9F, 0x9EBF, 0x9EBF, 0x9EBF, 0x9EBF, 0x9EBF, 0x9EBF, 0x9EBF, 0x9EDF, 0x9EDF, 0xA6DF, 0x9EDF,
    0x9EBF, 0x9EBF, 0x9EBF, 0x9EBF, 0xA6BF, 0x9EBF, 0x9EDF, 0x9EBF, 0x9EDF, 0x9E9F, 0x9EDF, 0x9E9F, 0x9EDF, 0x9EDF, 0x9EBF, 0x9EBF,
    0x9EBF, 0x9EBF, 0x9EBF, 0x9EBF, 0xA69F, 0x9E9F, 0x9EDF, 0xA6DF, 0x9EDF, 0x9EBF, 0x9EBF, 0x9EBF, 0x9EBF, 0xA6FF, 0x9EBF, 0x9EFF,
    0x9E9F, 0x9EDF, 0x9E9F, 0xA6DF, 0x96DF, 0x9EDF, 0x9EDF, 0xA6BF, 0x9EBF, 0x9EBF, 0x9EBF, 0x9EFF, 0x9E9E, 0xA6FF, 0x969E, 0x9EDF,
    0xA6DF, 0x9EDF, 0xA6BF, 0xA6BF, 0x9F1F, 0x9EBF, 0xA71F, 0xA69F, 0x9EFF, 0x9E7F, 0x9EFF, 0x9EFF, 0xA6DF, 0xA6DF, 0x9EDF, 0x9EDF,
    0xAEBF, 0x96BF, 0xA69F, 0xA69F, 0x9F3F, 0x9E7F, 0xAF1F, 0x8E3F, 0x9EFF, 0x9DFB, 0x96DF, 0xAFFF, 0xAEBF, 0xCFFF, 0x9E7F, 0xBFFF,
    0x9EBF, 0x9EBF, 0x9EBF, 0x9EBF, 0x9EBF, 0x9EBF, 0x9EBF, 0x9EBF, 0x9EBF, 0x9EBF, 0x9EBF, 0x9EBF, 0x9EBF, 0x9EBF, 0x9EBF, 0x9EBF,
    0x9EBF, 0x9EBF, 0x9EBF, 0x9EBF, 0x9EBF, 0x9EBF, 0x9EBF, 0x9EBF, 0x9EBF, 0x9EBF, 0x9EBF, 0x9EBF, 0x9EBF, 0x9EBF, 0x9EBF, 0x9EBF,
    0x9EBF, 0x9EBF, 0x9EBF, 0x9EBF, 0x9EBF, 0x9EBF, 0x9EBF, 0x9EBF, 0x9EBF, 0x9EBF, 0x9EBF, 0x9EBF, 0x9EBF, 0x9EBF, 0x9EBF, 0x9EBF,
    0x9EBF, 0x9EBF, 0x9EBF, 0x9EBF, 0x9EBF, 0x9EBF, 0x9EBF, 0x9EBF, 0x9EBF, 0x9EBF, 0x9EBF, 0x9EDF, 0x9EBF, 0x9EBF, 0x9EBF, 0x9EBF,
    0x9EBF, 0x9EBF, 0x9EBF, 0x9EBF, 0x9EBF, 0x9EBF, 0x9EBF, 0x9EBF, 0x9EBF, 0x9EBF, 0x9EBF, 0x9EBF, 0x9EBF, 0x9EBF, 0x9EBF, 0x9EBF,
    0x9EBF, 0x9EBF, 0x9EDF, 0x9EBF, 0x9EDF, 0x9EBF, 0x9EBF, 0x9EBF, 0x9EBF, 0x9EBF, 0x9EBF, 0x9EBF, 0x9EBF, 0x9EBF, 0x9EBF, 0x9EBF,
    0x9EBF, 0x9EBF, 0x9EBF, 0x9EBF, 0x9EBF, 0x9E9F, 0x9EBF, 0x9EBF, 0x9EBF, 0x9EDF, 0x9EBF, 0x9EBF, 0x761C, 0x561D, 0x563E, 0x7E7E,
    0x863C, 0x861C, 0x861C, 0x75FD, 0x65DD, 0x5D9D, 0x4D9E, 0x457D, 0x2D3E, 0x1D1E, 0x155E, 0x14FC, 0x8E5E, 0x9EBF, 0x9E9F, 0x9EBF,
    0x9EBF, 0x75BB, 0x8E1B, 0xA69B, 0xAE9B, 0xAE9B, 0xA67C, 0x9E5C, 0x965C, 0x8E3D, 0x7E1D, 0x75FD, 0x6DDD, 0x6DBD, 0x6DBD, 0x6DDD,
    0x7DFD, 0x861D, 0x861D, 0x9EBF, 0x9EBF, 0x9E9F, 0x9EBF, 0x9EBF, 0x9EBF, 0x9EBF, 0x9EBF, 0x9EDF, 0x9EBF, 0x9EDF, 0x9EDF, 0x9EBF,
    0x9EBF, 0x9EBF, 0x9EBF, 0xA6BF, 0x9EBF, 0x9EDF, 0x9EBF, 0x9EDF, 0x9E9F, 0x9EDF, 0x9E9F, 0x9EDF, 0x9E9F, 0x9EBF, 0x9EBF, 0x9EBF,
    0x9EBF, 0x9EBF, 0x9EBF, 0xA69F, 0x9E9F, 0x9EDF, 0x9EDF, 0x9EDF, 0x9EBF, 0x9EBF, 0x9EBF, 0x9EBF, 0xA6BF, 0x9EBF, 0x9EFF, 0x9E9F,
    0x9EDF, 0x9E9F, 0xA6DF, 0x969F, 0x9EDF, 0x9EDF, 0x9EBF, 0x9EBF, 0x9EBF, 0x9EBE, 0x9E9F, 0x9E9E, 0xA69F, 0x969E, 0x9EDF, 0xA6DF,
    0x9EDF, 0xA6BF, 0xA6BF, 0x9F1F, 0x9EBF, 0xA71F, 0x969F, 0x9EFF, 0x9E7F, 0x9EFF, 0x9E7F, 0xA6DF, 0x96DF, 0x9EDF, 0x9EDF, 0xAEBF,
    0x96BD, 0xA69F, 0xA69D, 0x9F3F, 0x9E7C, 0xAF1F, 0x8E3C, 0x9EFF, 0x9DFB, 0x96DF, 0xAEBF, 0xAEBF, 0x9FFF, 0x9E7F, 0xBFFF, 0x85FF,
    0x9EBF, 0x9EBF, 0x9EBF, 0x9EBF, 0x9EBF, 0x9EBF, 0x9EBF, 0x9EBF, 0x9EBF, 0x9EBF, 0x9EBF, 0x9EBF, 0x9EBF, 0x9EBF, 0x9EBF, 0x9EBF,
    0x9EBF, 0x9EBF, 0x9EBF, 0x9EBF, 0x9EBF, 0x9EBF, 0x9EBF, 0x9EBF, 0x9EBF, 0x9EBF, 0x9EBF, 0x9EBF, 0x9EBF, 0x9EBF, 0x9EBF, 0x9EBF,
    0x9EBF, 0x9EDF, 0x9EBF, 0x9EBF, 0x9EBF, 0x9EBF, 0x9EBF, 0x9EBF, 0x9EBF, 0x9EBF, 0x9EBF, 0x9EBF, 0x9EBF, 0x9EBF, 0x9EBF, 0x9EBF,
    0x9EBF, 0x9EBF, 0x9EBF, 0x9EBF, 0x9EBF, 0x9EBF, 0x9EBF, 0x9EBF, 0x9EDF, 0x9EBF, 0x9EDF, 0x9EBF, 0x9EBF, 0x9EBF, 0x9EBF, 0x9EBF,
    0x9EBF, 0x9EBF, 0x9EBF, 0x9EBF, 0x9EBF, 0x9EBF, 0x9EBF, 0x9EBF, 0x9EBF, 0x9EBF, 0x9EBF, 0x9EBF, 0x9EBF, 0x9EBF, 0x9EBF, 0x9EDF,
    0x9EBF, 0x9EDF, 0x9EBF, 0x9EDF, 0x9EBF, 0x9EBF, 0x9EBF, 0x9EBF, 0x9EBF, 0x9EBF, 0x9EBF, 0x9EBF, 0x9EBF, 0x9EDF, 0x9EBF, 0x9EDF,
    0x9EBF, 0x9EBF, 0x9EBF, 0x9EBF, 0x9E9F, 0x9EBF, 0x9EDF, 0x9EBF, 0x9EDF, 0x9EBF, 0x9EDF, 0x9EBF, 0x9EDF, 0x75FC, 0x4DBC, 0x45DD,
    0x45FE, 0x45FE, 0x45FE, 0x3DFF, 0x35DF, 0x3DFF, 0x35DF, 0x2DBF, 0x1D7E, 0x155E, 0x1CFC, 0x553B, 0x9E9F, 0x9EBF, 0x9EBF, 0x9EBF,
    0x9E9F, 0x6E5E, 0x663D, 0x6E3D, 0x7E1D, 0xA69D, 0x967D, 0x863D, 0x7E3D, 0x761D, 0x6DDD, 0x65BD, 0x659D, 0x659D, 0x659D, 0x659D,
    0x659D, 0x4D1C, 0x4459, 0x9EDF, 0x9EBF, 0x9EBF, 0x9EBF, 0x9EBF, 0x9EBF, 0x9EBF, 0x9EDF, 0x9EDF, 0xA6DF, 0x9EDF, 0x9EBF, 0x9EBF,
    0x9EBF, 0x9EBF, 0xA6BF, 0x9EBF, 0x9EDF, 0x9EBF, 0x9EDF, 0x9E9F, 0x9EDF, 0x9E9F, 0x9EDF, 0x9EDF, 0x9EBF, 0x9EBF, 0x9EBF, 0x9EBF,
    0x9EBF, 0x9EBF, 0xA6DF, 0x9E9F, 0x9EDF, 0xA6DF, 0x9EDF, 0x9EBF, 0x9EBF, 0x9EFF, 0x9EBF, 0xA6FF, 0x9EBF, 0x9EFF, 0x9E9F, 0xA6DF,
    0x9E9F, 0xA6DF, 0x96DF, 0x9EDF, 0x9EDF, 0xA6BF, 0x9EBF, 0x9EBF, 0x9EBF, 0x9EFF, 0x9E9F, 0xA6FF, 0x969E, 0x9EDF, 0xA6DF, 0x9EDF,
    0xA6BF, 0xA6BF, 0x9F1F, 0x9EBF, 0xA71F, 0xA69F, 0x9EFF, 0x9E7F, 0xAEFF, 0x9EFF, 0xA6DF, 0xA6DF, 0x9EDF, 0x9EDF, 0xAEBF, 0x96BF,
    0xA69F, 0xA69F, 0x9F3F, 0x9E7F, 0xAF1F, 0x8E3F, 0x9EFF, 0x9EFF, 0x96DF, 0xAFFF, 0xAEBF, 0xCFFF, 0x9E7F, 0xBFFF, 0xBDFF, 0xAFFF,
};
