// Auto-generated from love.png
// Size: 240x240 pixels
// Format: RGB565

#include <stdint.h>

const uint16_t emotion_love_image_width = 240;
const uint16_t emotion_love_image_height = 240;
const uint16_t emotion_love_image_data[] = {
    0x0000, 0x0000, 0x0000, 0x0000, 0x0000, 0x0000, 0x0000, 0x0000, 0x0000, 0x0000, 0x0000, 0x0000, 0x0000, 0x0000, 0x0000, 0x0000,
    0x0000, 0x0000, 0x0000, 0x0000, 0x0000, 0x0000, 0x0000, 0x0000, 0x0000, 0x0000, 0x0000, 0x0000, 0x0000, 0x0000, 0x0000, 0x0000,
    0x0000, 0x0000, 0x0000, 0x0000, 0x0000, 0x0000, 0x0000, 0x0000, 0x0000, 0x0000, 0x0000, 0x0000, 0x0000, 0x0000, 0x0000, 0x0000,
    0x0000, 0x0000, 0x0000, 0x0000, 0x0000, 0x0000, 0x0000, 0x0000, 0x0000, 0x0000, 0x0000, 0x0000, 0x0000, 0x0000, 0x0000, 0x0000,
    0x0000, 0x0000, 0x0000, 0x0000, 0x0000, 0x0000, 0x0000, 0x0000, 0x0000, 0x0000, 0x0000, 0x0000, 0x0000, 0x0000, 0x0000, 0x0000,
    0x0000, 0x0000, 0x0000, 0x0000, 0x0000, 0x0000, 0x0000, 0x0000, 0x0000, 0x0000, 0x0000, 0x0000, 0x0000, 0x0000, 0x0000, 0x0000,
    0x0000, 0x0000, 0x0000, 0x0000, 0x0000, 0x0000, 0x0000, 0x0000, 0x0000, 0x0000, 0x0000, 0x0000, 0x0000, 0x0000, 0x0000, 0x0000,
    0x0000, 0x0000, 0x0000, 0x0000, 0x0000, 0x0000, 0x0000, 0x0000, 0x0000, 0x0000, 0x0000, 0x0000, 0x0000, 0x0000, 0x0000, 0x0000,
    0x0000, 0x0000, 0x0000, 0x0000, 0x0000, 0x0000, 0x0000, 0x0000, 0x0000, 0x0000, 0x0000, 0x0000, 0x0000, 0x0000, 0x0000, 0x0000,
    0x0000, 0x0000, 0x0000, 0x0000, 0x0000, 0x0000, 0x0000, 0x0000, 0x0000, 0x0000, 0x0000, 0x0000, 0x0000, 0x0000, 0x0000, 0x0000,
    0x0000, 0x0000, 0x0000, 0x0000, 0x0000, 0x0000, 0x0000, 0x0000, 0x0000, 0x0000, 0x0000, 0x0000, 0x0000, 0x0000, 0x0000, 0x0000,
    0x0000, 0x0000, 0x0000, 0x0000, 0x0000, 0x0000, 0x0000, 0x0000, 0x0000, 0x0000, 0x0000, 0x0000, 0x0000, 0x0000, 0x0000, 0x0000,
    0x0000, 0x0000, 0x0000, 0x0000, 0x0000, 0x0000, 0x0000, 0x0000, 0x0000, 0x0000, 0x0000, 0x0000, 0x0000, 0x0000, 0x0000, 0x0000,
    0x0000, 0x0000, 0x0000, 0x0000, 0x0000, 0x0000, 0x0000, 0x0000, 0x0000, 0x0000, 0x0000, 0x0000, 0x0000, 0x0000, 0x0000, 0x0000,
    0x0000, 0x0000, 0x0000, 0x0000, 0x0000, 0x0000, 0x0000, 0x0000, 0x0000, 0x0000, 0x0000, 0x0000, 0x0000, 0x0000, 0x0000, 0x0000,
    0x0000, 0x0000, 0x0000, 0x0000, 0x0000, 0x0000, 0x0000, 0x0000, 0x0000, 0x0000, 0x0000, 0x0000, 0x0000, 0x0000, 0x0000, 0x0000,
    0x0000, 0x0000, 0x0000, 0x0000, 0x0000, 0x0000, 0x0000, 0x0000, 0x0000, 0x0000, 0x0000, 0x0000, 0x0000, 0x0000, 0x0000, 0x0000,
    0x0000, 0x0000, 0x0000, 0x0000, 0x0000, 0x0000, 0x0000, 0x0000, 0x0000, 0x0000, 0x0000, 0x0000, 0x0000, 0x0000, 0x0000, 0x0000,
    0x0000, 0x0000, 0x0000, 0x0000, 0x0000, 0x0000, 0x0000, 0x0000, 0x0000, 0x0000, 0x0000, 0x0000, 0x0000, 0x0000, 0x0000, 0x0000,
    0x0000, 0x0000, 0x0000, 0x0000, 0x0000, 0x0000, 0x0000, 0x0000, 0x0000, 0x0000, 0x0000, 0x0000, 0x0000, 0x0000, 0x0000, 0x0000,
    0x0000, 0x0000, 0x0000, 0x0000, 0x0000, 0x0000, 0x0000, 0x0000, 0x0000, 0x0000, 0x0000, 0x0000, 0x0000, 0x0000, 0x0000, 0x0000,
    0x0000, 0x0000, 0x0000, 0x0000, 0x0000, 0x0000, 0x0000, 0x0000, 0x0000, 0x0000, 0x0000, 0x0000, 0x0000, 0x0000, 0x0000, 0x0000,
    0x0000, 0x0000, 0x0000, 0x0000, 0x0000, 0x0000, 0x0000, 0x0000, 0x0000, 0x0000, 0x0000, 0x0000, 0x0000, 0x0000, 0x0000, 0x0000,
    0x0000, 0x0000, 0x0000, 0x0000, 0x0000, 0x0000, 0x0000, 0x0000, 0x0000, 0x0000, 0x0000, 0x0000, 0x0000, 0x0000, 0x0000, 0x0000,
    0x0000, 0x0000, 0x0000, 0x0000, 0x0000, 0x0000, 0x0000, 0x0000, 0x0000, 0x0000, 0x0000, 0x0000, 0x0000, 0x0000, 0x0000, 0x0000,
    0x0000, 0x0000, 0x0000, 0x0000, 0x0000, 0x0000, 0x0000, 0x0000, 0x0000, 0x0000, 0x0000, 0x0000, 0x0000, 0x0000, 0x0000, 0x0000,
    0x0000, 0x0000, 0x0000, 0x0000, 0x0000, 0x0000, 0x0000, 0x0000, 0x0000, 0x0000, 0x0000, 0x0000, 0x0000, 0x0000, 0x0000, 0x0000,
    0x0000, 0x0000, 0x0000, 0x0000, 0x0000, 0x0000, 0x0000, 0x0000, 0x0000, 0x0000, 0x0000, 0x0000, 0x0000, 0x0000, 0x0000, 0x0000,
    0x0000, 0x0000, 0x0000, 0x0000, 0x0000, 0x0000, 0x0000, 0x0000, 0x0000, 0x0000, 0x0000, 0x0000, 0x0000, 0x0000, 0x0000, 0x0000,
    0x0000, 0x0000, 0x0000, 0x0000, 0x0000, 0x0000, 0x0000, 0x0000, 0x0000, 0x0000, 0x0000, 0x0000, 0x0000, 0x0000, 0x0000, 0x0000,
    0x0000, 0x0000, 0x0000, 0x0000, 0x0000, 0x0000, 0x0000, 0x0000, 0x0000, 0x0000, 0x0000, 0x0000, 0x0000, 0x0000, 0x0000, 0x0000,
    0x0000, 0x0000, 0x0000, 0x0000, 0x0000, 0x0000, 0x0000, 0x0000, 0x0000, 0x0000, 0x0000, 0x0000, 0x0000, 0x0000, 0x0000, 0x0000,
    0x0000, 0x0000, 0x0000, 0x0000, 0x0000, 0x0000, 0x0000, 0x0000, 0x0000, 0x0000, 0x0000, 0x0000, 0x0000, 0x0000, 0x0000, 0x0000,
    0x0000, 0x0000, 0x0000, 0x0000, 0x0000, 0x0000, 0x0000, 0x0000, 0x0000, 0x0000, 0x0000, 0x0000, 0x0000, 0x0000, 0x0000, 0x0000,
    0x0000, 0x0000, 0x0000, 0x0000, 0x0000, 0x0000, 0x0000, 0x0000, 0x0000, 0x0000, 0x0000, 0x0000, 0x0000, 0x0000, 0x0000, 0x0000,
    0x0000, 0x0000, 0x0000, 0x0000, 0x0000, 0x0000, 0x0000, 0x0000, 0x0000, 0x0000, 0x0000, 0x0000, 0x0000, 0x0000, 0x0000, 0x0000,
    0x0000, 0x0000, 0x0000, 0x0000, 0x0000, 0x0000, 0x0000, 0x0000, 0x0000, 0x0000, 0x0000, 0x0000, 0x0000, 0x0000, 0x0000, 0x0000,
    0x0000, 0x0000, 0x0000, 0x0000, 0x0000, 0x0000, 0x0000, 0x0000, 0x0000, 0x0000, 0x0000, 0x0000, 0x0000, 0x0000, 0x0000, 0x0000,
    0x0000, 0x0000, 0x0000, 0x0000, 0x0000, 0x0000, 0x0000, 0x0000, 0x0000, 0x0000, 0x0000, 0x0000, 0x0000, 0x0000, 0x0000, 0x0000,
    0x0000, 0x0000, 0x0000, 0x0000, 0x0000, 0x0000, 0x0000, 0x0000, 0x0000, 0x0000, 0x0000, 0x0000, 0x0000, 0x0000, 0x0000, 0x0000,
    0x0000, 0x0000, 0x0000, 0x0000, 0x0000, 0x0000, 0x0000, 0x0000, 0x0000, 0x0000, 0x0000, 0x0000, 0x0000, 0x0000, 0x0000, 0x0000,
    0x0000, 0x0000, 0x0000, 0x0000, 0x0000, 0x0000, 0x0000, 0x0000, 0x0000, 0x0000, 0x0000, 0x0000, 0x0000, 0x0000, 0x0000, 0x0000,
    0x0000, 0x0000, 0x0000, 0x0000, 0x0000, 0x0000, 0x0000, 0x0000, 0x0000, 0x0000, 0x0000, 0x0000, 0x0000, 0x0000, 0x0000, 0x0000,
    0x0000, 0x0000, 0x0000, 0x0000, 0x0000, 0x0000, 0x0000, 0x0000, 0x0000, 0x0000, 0x0000, 0x0000, 0x0000, 0x0000, 0x0000, 0x0000,
    0x0000, 0x0000, 0x0000, 0x0000, 0x0000, 0x0000, 0x0000, 0x0000, 0x0000, 0x0000, 0x0000, 0x0000, 0x0000, 0x0000, 0x0000, 0x0000,
    0x0000, 0x0000, 0x0000, 0x0000, 0x0000, 0x0000, 0x0000, 0x0000, 0x0000, 0x0000, 0x0000, 0x0000, 0x0000, 0x0000, 0x0000, 0x0000,
    0x0000, 0x0000, 0x0000, 0x0000, 0x0000, 0x0000, 0x0000, 0x0000, 0x0000, 0x0000, 0x0000, 0x0000, 0x0000, 0x0000, 0x0000, 0x0000,
    0x0000, 0x0000, 0x0000, 0x0000, 0x0000, 0x0000, 0x0000, 0x0000, 0x0000, 0x0000, 0x0000, 0x0000, 0x0000, 0x0000, 0x0000, 0x0000,
    0x0000, 0x0000, 0x0000, 0x0000, 0x0000, 0x0000, 0x0000, 0x0000, 0x0000, 0x0000, 0x0000, 0x0000, 0x0000, 0x0000, 0x0000, 0x0000,
    0x0000, 0x0000, 0x0000, 0x0000, 0x0000, 0x0000, 0x0000, 0x0000, 0x0000, 0x0000, 0x0000, 0x0000, 0x0000, 0x0000, 0x0000, 0x0000,
    0x0000, 0x0000, 0x0000, 0x0000, 0x0000, 0x0000, 0x0000, 0x0000, 0x0000, 0x0000, 0x0000, 0x0000, 0x0000, 0x0000, 0x0000, 0x0000,
    0x0000, 0x0000, 0x0000, 0x0000, 0x0000, 0x0000, 0x0000, 0x0000, 0x0000, 0x0000, 0x0000, 0x0000, 0x0000, 0x0000, 0x0000, 0x0000,
    0x0000, 0x0000, 0x0000, 0x0000, 0x0000, 0x0000, 0x0000, 0x0000, 0x0000, 0x0000, 0x0000, 0x0000, 0x0000, 0x0000, 0x0000, 0x0000,
    0x0000, 0x0000, 0x0000, 0x0000, 0x0000, 0x0000, 0x0000, 0x0000, 0x0000, 0x0000, 0x0000, 0x0000, 0x0000, 0x0000, 0x0000, 0x0000,
    0x0000, 0x0000, 0x0000, 0x0000, 0x0000, 0x0000, 0x0000, 0x0000, 0x0000, 0x0000, 0x0000, 0x0000, 0x0000, 0x0000, 0x0000, 0x0000,
    0x0000, 0x0000, 0x0000, 0x0000, 0x0000, 0x0000, 0x0000, 0x0000, 0x0000, 0x0000, 0x0000, 0x0000, 0x0000, 0x0000, 0x0000, 0x0000,
    0x0000, 0x0000, 0x0000, 0x0000, 0x0000, 0x0000, 0x0000, 0x0000, 0x0000, 0x0000, 0x0000, 0x0000, 0x0000, 0x0000, 0x0000, 0x0000,
    0x0000, 0x0000, 0x0000, 0x0000, 0x0000, 0x0000, 0x0000, 0x0000, 0x0000, 0x0000, 0x0000, 0x0000, 0x0000, 0x0000, 0x0000, 0x0000,
    0x0000, 0x0000, 0x0000, 0x0000, 0x0000, 0x0000, 0x0000, 0x0000, 0x0000, 0x0000, 0x0000, 0x0000, 0x0000, 0x0000, 0x0000, 0x0000,
    0x0000, 0x0000, 0x0000, 0x0000, 0x0000, 0x0000, 0x0000, 0x0000, 0x0000, 0x0000, 0x0000, 0x0000, 0x0000, 0x0000, 0x0000, 0x0000,
    0x0000, 0x0000, 0x0000, 0x0000, 0x0000, 0x0000, 0x0000, 0x0000, 0x0000, 0x0000, 0x0000, 0x0000, 0x0000, 0x0000, 0x0000, 0x0000,
    0x0000, 0x0000, 0x0000, 0x0000, 0x0000, 0x0000, 0x0000, 0x0000, 0x0000, 0x0000, 0x0000, 0x0000, 0x0000, 0x0000, 0x0000, 0x0000,
    0x0000, 0x0000, 0x0000, 0x0000, 0x0000, 0x0000, 0x0000, 0x0000, 0x0000, 0x0000, 0x0000, 0x0000, 0x0000, 0x0000, 0x0000, 0x0000,
    0x0000, 0x0000, 0x0000, 0x0000, 0x0000, 0x0000, 0x0000, 0x0000, 0x0000, 0x0000, 0x0000, 0x0000, 0x0000, 0x0000, 0x0000, 0x0000,
    0x0000, 0x0000, 0x0000, 0x0000, 0x0000, 0x0000, 0x0000, 0x0000, 0x0000, 0x0000, 0x0000, 0x0000, 0x0000, 0x0000, 0x0000, 0x0000,
    0x0000, 0x0000, 0x0000, 0x0000, 0x0000, 0x0000, 0x0000, 0x0000, 0x0000, 0x0000, 0x0000, 0x0000, 0x0000, 0x0000, 0x0000, 0x0000,
    0x0000, 0x0000, 0x0000, 0x0000, 0x0000, 0x0000, 0x0000, 0x0000, 0x0000, 0x0000, 0x0000, 0x0000, 0x0000, 0x0000, 0x0000, 0x0000,
    0x0000, 0x0000, 0x0000, 0x0000, 0x0000, 0x0000, 0x0000, 0x0000, 0x0000, 0x0000, 0x0000, 0x0000, 0x0000, 0x0000, 0x0000, 0x0000,
    0x0000, 0x0000, 0x0000, 0x0000, 0x0000, 0x0000, 0x0000, 0x0000, 0x0000, 0x0000, 0x0000, 0x0000, 0x0000, 0x0000, 0x0000, 0x0000,
    0x0000, 0x0000, 0x0000, 0x0000, 0x0000, 0x0000, 0x0000, 0x0000, 0x0000, 0x0000, 0x0000, 0x0000, 0x0000, 0x0000, 0x0000, 0x0000,
    0x0000, 0x0000, 0x0000, 0x0000, 0x0000, 0x0000, 0x0000, 0x0000, 0x0000, 0x0000, 0x0000, 0x0000, 0x0000, 0x0000, 0x0000, 0x0000,
    0x0000, 0x0000, 0x0000, 0x0000, 0x0000, 0x0000, 0x0000, 0x0000, 0x0000, 0x0000, 0x0000, 0x0000, 0x0000, 0x0000, 0x0000, 0x0000,
    0x0000, 0x0000, 0x0000, 0x0000, 0x0000, 0x0000, 0x0000, 0x0000, 0x0000, 0x0000, 0x0000, 0x0000, 0x0000, 0x0000, 0x0000, 0x0000,
    0x0000, 0x0000, 0x0000, 0x0000, 0x0000, 0x0000, 0x0000, 0x0000, 0x0000, 0x0000, 0x0000, 0x0000, 0x0000, 0x0000, 0x0000, 0x0000,
    0x0000, 0x0000, 0x0000, 0x0000, 0x0000, 0x0000, 0x0000, 0x0000, 0x0000, 0x0000, 0x0000, 0x0000, 0x0000, 0x0000, 0x0000, 0x0000,
    0x0000, 0x0000, 0x0000, 0x0000, 0x0000, 0x0000, 0x0000, 0x0000, 0x0000, 0x0000, 0x0000, 0x0000, 0x0000, 0x0000, 0x0000, 0x0000,
    0x0000, 0x0000, 0x0000, 0x0000, 0x0000, 0x0000, 0x0000, 0x0000, 0x0000, 0x0000, 0x0000, 0x0000, 0x0000, 0x0000, 0x0000, 0x0000,
    0x0000, 0x0000, 0x0000, 0x0000, 0x0000, 0x0000, 0x0000, 0x0000, 0x0000, 0x0000, 0x0000, 0x0000, 0x0000, 0x0000, 0x0000, 0x0000,
    0x0000, 0x0000, 0x0000, 0x0000, 0x0000, 0x0000, 0x0000, 0x0000, 0x0000, 0x0000, 0x0000, 0x0000, 0x0000, 0x0000, 0x0000, 0x0000,
    0x0000, 0x0000, 0x0000, 0x0000, 0x0000, 0x0000, 0x0000, 0x0000, 0x0000, 0x0000, 0x0000, 0x0000, 0x0000, 0x0000, 0x0000, 0x0000,
    0x0000, 0x0000, 0x0000, 0x0000, 0x0000, 0x0000, 0x0000, 0x0000, 0x0000, 0x0000, 0x0000, 0x0000, 0x0000, 0x0000, 0x0000, 0x0000,
    0x0000, 0x0000, 0x0000, 0x0000, 0x0000, 0x0000, 0x0000, 0x0000, 0x0000, 0x0000, 0x0000, 0x0000, 0x0000, 0x0000, 0x0000, 0x0000,
    0x0000, 0x0000, 0x0000, 0x0000, 0x0000, 0x0000, 0x0000, 0x0000, 0x0000, 0x0000, 0x0000, 0x0000, 0x0000, 0x0000, 0x0000, 0x0000,
    0x0000, 0x0000, 0x0000, 0x0000, 0x0000, 0x0000, 0x0000, 0x0000, 0x0000, 0x0000, 0x0000, 0x0000, 0x0000, 0x0000, 0x0000, 0x0000,
    0x0000, 0x0000, 0x0000, 0x0000, 0x0000, 0x0000, 0x0000, 0x0000, 0x0000, 0x0000, 0x0000, 0x0000, 0x0000, 0x0000, 0x0000, 0x0000,
    0x0000, 0x0000, 0x0000, 0x0000, 0x0000, 0x0000, 0x0000, 0x0000, 0x0000, 0x0000, 0x0000, 0x0000, 0x0000, 0x0000, 0x0000, 0x0000,
    0x0000, 0x0000, 0x0000, 0x0000, 0x0000, 0x0000, 0x0000, 0x0000, 0x0000, 0x0000, 0x0000, 0x0000, 0x0000, 0x0000, 0x0000, 0x0000,
    0x0000, 0x0000, 0x0000, 0x0000, 0x0000, 0x0000, 0x0000, 0x0000, 0x0000, 0x0000, 0x0000, 0x0000, 0x0000, 0x0000, 0x0000, 0x0000,
    0x0000, 0x0000, 0x0000, 0x0000, 0x0000, 0x0000, 0x0000, 0x0000, 0x0000, 0x0000, 0x0000, 0x0000, 0x0000, 0x0000, 0x0000, 0x0000,
    0x0000, 0x0000, 0x0000, 0x0000, 0x0000, 0x0000, 0x0000, 0x0000, 0x0000, 0x0000, 0x0000, 0x0000, 0x0000, 0x0000, 0x0000, 0x0000,
    0x0000, 0x0000, 0x0000, 0x0000, 0x0000, 0x0000, 0x0000, 0x0000, 0x0000, 0x0000, 0x0000, 0x0000, 0x0000, 0x0000, 0x0000, 0x0000,
    0x0000, 0x0000, 0x0000, 0x0000, 0x0000, 0x0000, 0x0000, 0x0000, 0x0000, 0x0000, 0x0000, 0x0000, 0x0000, 0x0000, 0x0000, 0x0000,
    0x0000, 0x0000, 0x0000, 0x0000, 0x0000, 0x0000, 0x0000, 0x0000, 0x0000, 0x0000, 0x0000, 0x0000, 0x0000, 0x0000, 0x0000, 0x0000,
    0x0000, 0x0000, 0x0000, 0x0000, 0x0000, 0x0000, 0x0000, 0x0000, 0x0000, 0x0000, 0x0000, 0x0000, 0x0000, 0x0000, 0x0000, 0x0000,
    0x0000, 0x0000, 0x0000, 0x0000, 0x0000, 0x0000, 0x0000, 0x0000, 0x0000, 0x0000, 0x0000, 0x0000, 0x0000, 0x0000, 0x0000, 0x0000,
    0x0000, 0x0000, 0x0000, 0x0000, 0x0000, 0x0000, 0x0000, 0x0000, 0x0000, 0x0000, 0x0000, 0x0000, 0x0000, 0x0000, 0x0000, 0x0000,
    0x0000, 0x0000, 0x0000, 0x0000, 0x0000, 0x0000, 0x0000, 0x0000, 0x0000, 0x0000, 0x0000, 0x0000, 0x0000, 0x0000, 0x0000, 0x0000,
    0x0000, 0x0000, 0x0000, 0x0000, 0x0000, 0x0000, 0x0000, 0x0000, 0x0000, 0x0000, 0x0000, 0x0000, 0x0000, 0x0000, 0x0000, 0x0000,
    0x0000, 0x0000, 0x0000, 0x0000, 0x0000, 0x0000, 0x0000, 0x0000, 0x0000, 0x0000, 0x0000, 0x0000, 0x0000, 0x0000, 0x0000, 0x0000,
    0x0000, 0x0000, 0x0000, 0x0000, 0x0000, 0x0000, 0x0000, 0x0000, 0x0000, 0x0000, 0x0000, 0x0000, 0x0000, 0x0000, 0x0000, 0x0000,
    0x0000, 0x0000, 0x0000, 0x0000, 0x0000, 0x0000, 0x0000, 0x0000, 0x0000, 0x0000, 0x0000, 0x0000, 0x0000, 0x0000, 0x0000, 0x0000,
    0x0000, 0x0000, 0x0000, 0x0000, 0x0000, 0x0000, 0x0000, 0x0000, 0x0000, 0x0000, 0x0000, 0x0000, 0x0000, 0x0000, 0x0000, 0x0000,
    0x0000, 0x0000, 0x0000, 0x0000, 0x0000, 0x0000, 0x0000, 0x0000, 0x0000, 0x0000, 0x0000, 0x0000, 0x0000, 0x0000, 0x0000, 0x0000,
    0x0000, 0x0000, 0x0000, 0x0000, 0x0000, 0x0000, 0x0000, 0x0000, 0x0000, 0x0000, 0x0000, 0x0000, 0x0000, 0x0000, 0x0000, 0x0000,
    0x0000, 0x0000, 0x0000, 0x0000, 0x0000, 0x0000, 0x0000, 0x0000, 0x0000, 0x0000, 0x0000, 0x0000, 0x0000, 0x0000, 0x0000, 0x0000,
    0x0000, 0x0000, 0x0000, 0x0000, 0x0000, 0x0000, 0x0000, 0x0000, 0x0000, 0x0000, 0x0000, 0x0000, 0x0000, 0x0000, 0x0000, 0x0000,
    0x0000, 0x0000, 0x0000, 0x0000, 0x0000, 0x0000, 0x0000, 0x0000, 0x0000, 0x0000, 0x0000, 0x0000, 0x0000, 0x0000, 0x0000, 0x0000,
    0x0000, 0x0000, 0x0000, 0x0000, 0x0000, 0x0000, 0x0000, 0x0000, 0x0000, 0x0000, 0x0000, 0x0000, 0x0000, 0x0000, 0x0000, 0x0000,
    0x0000, 0x0000, 0x0000, 0x0000, 0x0000, 0x0000, 0x0000, 0x0000, 0x0000, 0x0000, 0x0000, 0x0000, 0x0000, 0x0000, 0x0000, 0x0000,
    0x0000, 0x0000, 0x0000, 0x0000, 0x0000, 0x0000, 0x0000, 0x0000, 0x0000, 0x0000, 0x0000, 0x0000, 0x0000, 0x0000, 0x0000, 0x0000,
    0x0000, 0x0000, 0x0000, 0x0000, 0x0000, 0x0000, 0x0000, 0x0000, 0x0000, 0x0000, 0x0000, 0x0000, 0x0000, 0x0000, 0x0000, 0x0000,
    0x0000, 0x0000, 0x0000, 0x0000, 0x0000, 0x0000, 0x0000, 0x0000, 0x0000, 0x0000, 0x0000, 0x0000, 0x0000, 0x0000, 0x0000, 0x0000,
    0x0000, 0x0000, 0x0000, 0x0000, 0x0000, 0x0000, 0x0000, 0x0000, 0x0000, 0x0000, 0x0000, 0x0000, 0x0000, 0x0000, 0x0000, 0x0000,
    0x0000, 0x0000, 0x0000, 0x0000, 0x0000, 0x0000, 0x0000, 0x0000, 0x0000, 0x0000, 0x0000, 0x0000, 0x0000, 0x0000, 0x0000, 0x0000,
    0x0000, 0x0000, 0x0000, 0x0000, 0x0000, 0x0000, 0x0000, 0x0000, 0x0000, 0x0000, 0x0000, 0x0000, 0x0000, 0x0000, 0x0000, 0x0000,
    0x0000, 0x0000, 0x0000, 0x0000, 0x0000, 0x0000, 0x0000, 0x0000, 0x0000, 0x0000, 0x0000, 0x0000, 0x0000, 0x0000, 0x0000, 0x0000,
    0x0000, 0x0000, 0x0000, 0x0000, 0x0000, 0x0000, 0x0000, 0x0000, 0x0000, 0x0000, 0x0000, 0x0000, 0x0000, 0x0000, 0x0000, 0x0000,
    0x0000, 0x0000, 0x0000, 0x0000, 0x0000, 0x0000, 0x0000, 0x0000, 0x0000, 0x0000, 0x0000, 0x0000, 0x0000, 0x0000, 0x0000, 0x0000,
    0x0000, 0x0000, 0x0000, 0x0000, 0x0000, 0x0000, 0x0000, 0x0000, 0x0000, 0x0000, 0x0000, 0x0000, 0x0000, 0x0000, 0x0000, 0x0000,
    0x0000, 0x0000, 0x0000, 0x0000, 0x0000, 0x0000, 0x0000, 0x0000, 0x0000, 0x0000, 0x0000, 0x0000, 0x0000, 0x0000, 0x0000, 0x0000,
    0x0000, 0x0000, 0x0000, 0x0000, 0x0000, 0x0000, 0x0000, 0x0000, 0x0000, 0x0000, 0x0000, 0x0000, 0x0000, 0x0000, 0x0000, 0x0000,
    0x0000, 0x0000, 0x0000, 0x0000, 0x0000, 0x0000, 0x0000, 0x0000, 0x0000, 0x0000, 0x0000, 0x0000, 0x0000, 0x0000, 0x0000, 0x0000,
    0x0000, 0x0000, 0x0000, 0x0000, 0x0000, 0x0000, 0x0000, 0x0000, 0x0000, 0x0000, 0x0000, 0x0000, 0x0000, 0x0000, 0x0000, 0x0000,
    0x0000, 0x0000, 0x0000, 0x0000, 0x0000, 0x0000, 0x0000, 0x0000, 0x0000, 0x0000, 0x0000, 0x0000, 0x0000, 0x0000, 0x0000, 0x0000,
    0x0000, 0x0000, 0x0000, 0x0000, 0x0000, 0x0000, 0x0000, 0x0000, 0x0000, 0x0000, 0x0000, 0x0000, 0x0000, 0x0000, 0x0000, 0x0000,
    0x0000, 0x0000, 0x0000, 0x0000, 0x0000, 0x0000, 0x0000, 0x0000, 0x0000, 0x0000, 0x0000, 0x0000, 0x0000, 0x0000, 0x0000, 0x0000,
    0x0000, 0x0000, 0x0000, 0x0000, 0x0000, 0x0000, 0x0000, 0x0000, 0x0000, 0x0000, 0x0000, 0x0000, 0x0000, 0x0000, 0x0000, 0x0000,
    0x0000, 0x0000, 0x0000, 0x0000, 0x0000, 0x0000, 0x0000, 0x0000, 0x0000, 0x0000, 0x0000, 0x0000, 0x0000, 0x0000, 0x0000, 0x0000,
    0x0000, 0x0000, 0x0000, 0x0000, 0x0000, 0x0000, 0x0000, 0x0000, 0x0000, 0x0000, 0x0000, 0x0000, 0x0000, 0x0000, 0x0000, 0x0000,
    0x0000, 0x0000, 0x0000, 0x0000, 0x0000, 0x0000, 0x0000, 0x0000, 0x0000, 0x0000, 0x0000, 0x0000, 0x0000, 0x0000, 0x0000, 0x0000,
    0x0000, 0x0000, 0x0000, 0x0000, 0x0000, 0x0000, 0x0000, 0x0000, 0x0000, 0x0000, 0x0000, 0x0000, 0x0000, 0x0000, 0x0000, 0x0000,
    0x0000, 0x0000, 0x0000, 0x0000, 0x0000, 0x0000, 0x0000, 0x0000, 0x0000, 0x0000, 0x0000, 0x0000, 0x0000, 0x0000, 0x0000, 0x0000,
    0x0000, 0x0000, 0x0000, 0x0000, 0x0000, 0x0000, 0x0000, 0x0000, 0x0000, 0x0000, 0x0000, 0x0000, 0x0000, 0x0000, 0x0000, 0x0000,
    0x0000, 0x0000, 0x0000, 0x0000, 0x0000, 0x0000, 0x0000, 0x0000, 0x0000, 0x0000, 0x0000, 0x0000, 0x0000, 0x0000, 0x0000, 0x0000,
    0x0000, 0x0000, 0x0000, 0x0000, 0x0000, 0x0000, 0x0000, 0x0000, 0x0000, 0x0000, 0x0000, 0x0000, 0x0000, 0x0000, 0x0000, 0x0000,
    0x0000, 0x0000, 0x0000, 0x0000, 0x0000, 0x0000, 0x0000, 0x0000, 0x0000, 0x0000, 0x0000, 0x0000, 0x0000, 0x0000, 0x0000, 0x0000,
    0x0000, 0x0000, 0x0000, 0x0000, 0x0000, 0x0000, 0x0000, 0x0000, 0x0000, 0x0000, 0x0000, 0x0000, 0x0000, 0x0000, 0x0000, 0x0000,
    0x0000, 0x0000, 0x0000, 0x0000, 0x0000, 0x0000, 0x0000, 0x0000, 0x0000, 0x0000, 0x0000, 0x0000, 0x0000, 0x0000, 0x0000, 0x0000,
    0x0000, 0x0000, 0x0000, 0x0000, 0x0000, 0x0000, 0x0000, 0x0000, 0x0000, 0x0000, 0x0000, 0x0000, 0x0000, 0x0000, 0x0000, 0x0000,
    0x0000, 0x0000, 0x0000, 0x0000, 0x0000, 0x0000, 0x0000, 0x0000, 0x0000, 0x0000, 0x0000, 0x0000, 0x0000, 0x0000, 0x0000, 0x0000,
    0x0000, 0x0000, 0x0000, 0x0000, 0x0000, 0x0000, 0x0000, 0x0000, 0x0000, 0x0000, 0x0000, 0x0000, 0x0000, 0x0000, 0x0000, 0x0000,
    0x0000, 0x0000, 0x0000, 0x0000, 0x0000, 0x0000, 0x0000, 0x0000, 0x0000, 0x0000, 0x0000, 0x0000, 0x0000, 0x0000, 0x0000, 0x0000,
    0x0000, 0x0000, 0x0000, 0x0000, 0x0000, 0x0000, 0x0000, 0x0000, 0x0000, 0x0000, 0x0000, 0x0000, 0x0000, 0x0000, 0x0000, 0x0000,
    0x0000, 0x0000, 0x0000, 0x0000, 0x0000, 0x0000, 0x0000, 0x0000, 0x0000, 0x0000, 0x0000, 0x0000, 0x0000, 0x0000, 0x0000, 0x0000,
    0x0000, 0x0000, 0x0000, 0x0000, 0x0000, 0x0000, 0x0000, 0x0000, 0x0000, 0x0000, 0x0000, 0x0000, 0x0000, 0x0000, 0x0000, 0x0000,
    0x0000, 0x0000, 0x0000, 0x0000, 0x0000, 0x0000, 0x0000, 0x0000, 0x0000, 0x0000, 0x0000, 0x0000, 0x0000, 0x0000, 0x0000, 0x0000,
    0x0000, 0x0000, 0x0000, 0x0000, 0x0000, 0x0000, 0x0000, 0x0000, 0x0000, 0x0000, 0x0000, 0x0000, 0x0000, 0x0000, 0x0000, 0x0000,
    0x0000, 0x0000, 0x0000, 0x0000, 0x0000, 0x0000, 0x0000, 0x0000, 0x0000, 0x0000, 0x0000, 0x0000, 0x0000, 0x0000, 0x0000, 0x0000,
    0x0000, 0x0000, 0x0000, 0x0000, 0x0000, 0x0000, 0x0000, 0x0000, 0x0000, 0x0000, 0x0000, 0x0000, 0x0000, 0x0000, 0x0000, 0x0000,
    0x0000, 0x0000, 0x0000, 0x0000, 0x0000, 0x0000, 0x0000, 0x0000, 0x0000, 0x0000, 0x0000, 0x0000, 0x0000, 0x0000, 0x0000, 0x0000,
    0x0000, 0x0000, 0x0000, 0x0000, 0x0000, 0x0000, 0x0000, 0x0000, 0x0000, 0x0000, 0x0000, 0x0000, 0x0000, 0x0000, 0x0000, 0x0000,
    0x0000, 0x0000, 0x0000, 0x0000, 0x0000, 0x0000, 0x0000, 0x0000, 0x0000, 0x0000, 0x0000, 0x0000, 0x0000, 0x0000, 0x0000, 0x0000,
    0x0000, 0x0000, 0x0000, 0x0000, 0x0000, 0x0000, 0x0000, 0x0000, 0x0000, 0x0000, 0x0000, 0x0000, 0x0000, 0x0000, 0x0000, 0x0000,
    0x0000, 0x0000, 0x0000, 0x0000, 0x0000, 0x0000, 0x0000, 0x0000, 0x0000, 0x0000, 0x0000, 0x0000, 0x0000, 0x0000, 0x0000, 0x0000,
    0x0000, 0x0000, 0x0000, 0x0000, 0x0000, 0x0000, 0x0000, 0x0000, 0x0000, 0x0000, 0x0000, 0x0000, 0x0000, 0x0000, 0x0000, 0x0000,
    0x0000, 0x0000, 0x0000, 0x0000, 0x0000, 0x0000, 0x0000, 0x0000, 0x0000, 0x0000, 0x0000, 0x0000, 0x0000, 0x0000, 0x0000, 0x0000,
    0x0000, 0x0000, 0x0000, 0x0000, 0x0000, 0x0000, 0x0000, 0x0000, 0x0000, 0x0000, 0x0000, 0x0000, 0x0000, 0x0000, 0x0000, 0x0000,
    0x0000, 0x0000, 0x0000, 0x0000, 0x0000, 0x0000, 0x0000, 0x0000, 0x0000, 0x0000, 0x0000, 0x0000, 0x0000, 0x0000, 0x0000, 0x0000,
    0x0000, 0x0000, 0x0000, 0x0000, 0x0000, 0x0000, 0x0000, 0x0000, 0x0000, 0x0000, 0x0000, 0x0000, 0x0000, 0x0000, 0x0000, 0x0000,
    0x0000, 0x0000, 0x0000, 0x0000, 0x0000, 0x0000, 0x0000, 0x0000, 0x0000, 0x0000, 0x0000, 0x0000, 0x0000, 0x0000, 0x0000, 0x0000,
    0x0000, 0x0000, 0x0000, 0x0000, 0x0000, 0x0000, 0x0000, 0x0000, 0x0000, 0x0000, 0x0000, 0x0000, 0x0000, 0x0000, 0x0000, 0x0000,
    0x0000, 0x0000, 0x0000, 0x0000, 0x0000, 0x0000, 0x0000, 0x0000, 0x0000, 0x0000, 0x0000, 0x0000, 0x0000, 0x0000, 0x0000, 0x0000,
    0x0000, 0x0000, 0x0000, 0x0000, 0x0000, 0x0000, 0x0000, 0x0000, 0x0000, 0x0000, 0x0000, 0x0000, 0x0000, 0x0000, 0x0000, 0x0000,
    0x0000, 0x0000, 0x0000, 0x0000, 0x0000, 0x0000, 0x0000, 0x0000, 0x0000, 0x0000, 0x0000, 0x0000, 0x0000, 0x0000, 0x0000, 0x0000,
    0x0000, 0x0000, 0x0000, 0x0000, 0x0000, 0x0000, 0x0000, 0x0000, 0x0000, 0x0000, 0x0000, 0x0000, 0x0000, 0x0000, 0x0000, 0x0000,
    0x0000, 0x0000, 0x0000, 0x0000, 0x0000, 0x0000, 0x0000, 0x0000, 0x0000, 0x0000, 0x0000, 0x0000, 0x0000, 0x0000, 0x0000, 0x0000,
    0x0000, 0x0000, 0x0000, 0x0000, 0x0000, 0x0000, 0x0000, 0x0000, 0x0000, 0x0000, 0x0000, 0x0000, 0x0000, 0x0000, 0x0000, 0x0000,
    0x0000, 0x0000, 0x0000, 0x0000, 0x0000, 0x0000, 0x0000, 0x0000, 0x0000, 0x0000, 0x0000, 0x0000, 0x0000, 0x0000, 0x0000, 0x0000,
    0x0000, 0x0000, 0x0000, 0x0000, 0x0000, 0x0000, 0x0000, 0x0000, 0x0000, 0x0000, 0x0000, 0x0000, 0x0000, 0x0000, 0x0000, 0x0000,
    0x0000, 0x0000, 0x0000, 0x0000, 0x0000, 0x0000, 0x0000, 0x0000, 0x0000, 0x0000, 0x0000, 0x0000, 0x0000, 0x0000, 0x0000, 0x0000,
    0x0000, 0x0000, 0x0000, 0x0000, 0x0000, 0x0000, 0x0000, 0x0000, 0x0000, 0x0000, 0x0000, 0x0000, 0x0000, 0x0000, 0x0000, 0x0000,
    0x0000, 0x0000, 0x0000, 0x0000, 0x0000, 0x0000, 0x0000, 0x0000, 0x0000, 0x0000, 0x0000, 0x0000, 0x0000, 0x0000, 0x0000, 0x0000,
    0x0000, 0x0000, 0x0000, 0x0000, 0x0000, 0x0000, 0x0000, 0x0000, 0x0000, 0x0000, 0x0000, 0x0000, 0x0000, 0x0000, 0x0000, 0x0000,
    0x0000, 0x0000, 0x0000, 0x0000, 0x0000, 0x0000, 0x0000, 0x0000, 0x0000, 0x0000, 0x0000, 0x0000, 0x0000, 0x0000, 0x0000, 0x0000,
    0x0000, 0x0000, 0x0000, 0x0000, 0x0000, 0x0000, 0x0000, 0x0000, 0x0000, 0x0000, 0x0000, 0x0000, 0x0000, 0x0000, 0x0000, 0x0000,
    0x0000, 0x0000, 0x0000, 0x0000, 0x0000, 0x0000, 0x0000, 0x0000, 0x0000, 0x0000, 0x0000, 0x0000, 0x0000, 0x0000, 0x0000, 0x0000,
    0x0000, 0x0000, 0x0000, 0x0000, 0x0000, 0x0000, 0x0000, 0x0000, 0x0000, 0x0000, 0x0000, 0x0000, 0x0000, 0x0000, 0x0000, 0x0000,
    0x0000, 0x0000, 0x0000, 0x0000, 0x0000, 0x0000, 0x0000, 0x0000, 0x0000, 0x0000, 0x0000, 0x0000, 0x0000, 0x0000, 0x0000, 0x0000,
    0x0000, 0x0000, 0x0000, 0x0000, 0x0000, 0x0000, 0x0000, 0x0000, 0x0000, 0x0000, 0x0000, 0x0000, 0x0000, 0x0000, 0x0000, 0x0000,
    0x0000, 0x0000, 0x0000, 0x0000, 0x0000, 0x0000, 0x0000, 0x0000, 0x0000, 0x0000, 0x0000, 0x0000, 0x0000, 0x0000, 0x0000, 0x0000,
    0x0000, 0x0000, 0x0000, 0x0000, 0x0000, 0x0000, 0x0000, 0x0000, 0x0000, 0x0000, 0x0000, 0x0000, 0x0000, 0x0000, 0x0000, 0x0000,
    0x0000, 0x0000, 0x0000, 0x0000, 0x0000, 0x0000, 0x0000, 0x0000, 0x0000, 0x0000, 0x0000, 0x0000, 0x0000, 0x0000, 0x0000, 0x0000,
    0x0000, 0x0000, 0x0000, 0x0000, 0x0000, 0x0000, 0x0000, 0x0000, 0x0000, 0x0000, 0x0000, 0x0000, 0x0000, 0x0000, 0x0000, 0x0000,
    0x0000, 0x0000, 0x0000, 0x0000, 0x0000, 0x0000, 0x0000, 0x0000, 0x0000, 0x0000, 0x0000, 0x0000, 0x0000, 0x0000, 0x0000, 0x0000,
    0x0000, 0x0000, 0x0000, 0x0000, 0x0000, 0x0000, 0x0000, 0x0000, 0x0000, 0x0000, 0x0000, 0x0000, 0x0000, 0x0000, 0x0000, 0x0000,
    0x0000, 0x0000, 0x0000, 0x0000, 0x0000, 0x0000, 0x0000, 0x0000, 0x0000, 0x0000, 0x0000, 0x0000, 0x0000, 0x0000, 0x0000, 0x0000,
    0x0000, 0x0000, 0x0000, 0x0000, 0x0000, 0x0000, 0x0000, 0x0000, 0x0000, 0x0000, 0x0000, 0x0000, 0x0000, 0x0000, 0x0000, 0x0000,
    0x0000, 0x0000, 0x0000, 0x0000, 0x0000, 0x0000, 0x0000, 0x0000, 0x0000, 0x0000, 0x0000, 0x0000, 0x0000, 0x0000, 0x0000, 0x0000,
    0x0000, 0x0000, 0x0000, 0x0000, 0x0000, 0x0000, 0x0000, 0x0000, 0x0000, 0x0000, 0x0000, 0x0000, 0x0000, 0x0000, 0x0000, 0x0000,
    0x0000, 0x0000, 0x0000, 0x0000, 0x0000, 0x0000, 0x0000, 0x0000, 0x0000, 0x0000, 0x0000, 0x0000, 0x0000, 0x0000, 0x0000, 0x0000,
    0x0000, 0x0000, 0x0000, 0x0000, 0x0000, 0x0000, 0x0000, 0x0000, 0x0000, 0x0000, 0x0000, 0x0000, 0x0000, 0x0000, 0x0000, 0x0000,
    0x0000, 0x0000, 0x0000, 0x0000, 0x0000, 0x0000, 0x0000, 0x0000, 0x0000, 0x0000, 0x0000, 0x0000, 0x0000, 0x0000, 0x0000, 0x0000,
    0x0000, 0x0000, 0x0000, 0x0000, 0x0000, 0x0000, 0x0000, 0x0000, 0x0000, 0x0000, 0x0000, 0x0000, 0x0000, 0x0000, 0x0000, 0x0000,
    0x0000, 0x0000, 0x0000, 0x0000, 0x0000, 0x0000, 0x0000, 0x0000, 0x0000, 0x0000, 0x0000, 0x0000, 0x0000, 0x0000, 0x0000, 0x0000,
    0x0000, 0x0000, 0x0000, 0x0000, 0x0000, 0x0000, 0x0000, 0x0000, 0x0000, 0x0000, 0x0000, 0x0000, 0x0000, 0x0000, 0x0000, 0x0000,
    0x0000, 0x0000, 0x0000, 0x0000, 0x0000, 0x0000, 0x0000, 0x0000, 0x0000, 0x0000, 0x0000, 0x0000, 0x0000, 0x0000, 0x0000, 0x0000,
    0x0000, 0x0000, 0x0000, 0x0000, 0x0000, 0x0000, 0x0000, 0x0000, 0x0000, 0x0000, 0x0000, 0x0000, 0x0000, 0x0000, 0x0000, 0x0000,
    0x0000, 0x0000, 0x0000, 0x0000, 0x0000, 0x0000, 0x0000, 0x0000, 0x0000, 0x0000, 0x0000, 0x0000, 0x0000, 0x0000, 0x0000, 0x0000,
    0x0000, 0x0000, 0x0000, 0x0000, 0x0000, 0x0000, 0x0000, 0x0000, 0x0000, 0x0000, 0x0000, 0x0000, 0x0000, 0x0000, 0x0000, 0x0000,
    0x0000, 0x0000, 0x0000, 0x0000, 0x0000, 0x0000, 0x0000, 0x0000, 0x0000, 0x0000, 0x0000, 0x0000, 0x0000, 0x0000, 0x0000, 0x0000,
    0x0000, 0x0000, 0x0000, 0x0000, 0x0000, 0x0000, 0x0000, 0x0000, 0x0000, 0x0000, 0x0000, 0x0000, 0x0000, 0x0000, 0x0000, 0x0000,
    0x0000, 0x0000, 0x0000, 0x0000, 0x0000, 0x0000, 0x0000, 0x0000, 0x0000, 0x0000, 0x0000, 0x0000, 0x0000, 0x0000, 0x0000, 0x0000,
    0x0000, 0x0000, 0x948F, 0x948F, 0x940D, 0xA46E, 0xA46E, 0xA46E, 0x9C4D, 0xAC6E, 0x0000, 0x0000, 0x0000, 0x0000, 0x0000, 0x0000,
    0x0000, 0x0000, 0x0000, 0x0000, 0x0000, 0x0000, 0x0000, 0x0000, 0x0000, 0x0000, 0x0000, 0x0000, 0x0000, 0x0000, 0x0000, 0x0000,
    0x0000, 0x0000, 0x0000, 0x0000, 0x0000, 0x0000, 0x0000, 0x0000, 0x0000, 0x0000, 0x0000, 0x0000, 0x0000, 0x0000, 0x0000, 0x0000,
    0x0000, 0x0000, 0x0000, 0x0000, 0x0000, 0x0000, 0x0000, 0x0000, 0x0000, 0x0000, 0x0000, 0x0000, 0x0000, 0x0000, 0x0000, 0x0000,
    0x0000, 0x0000, 0x0000, 0x0000, 0x0000, 0x0000, 0x0000, 0x0000, 0x0000, 0x0000, 0x0000, 0x0000, 0x0000, 0x0000, 0x0000, 0x0000,
    0x0000, 0x0000, 0x0000, 0x0000, 0x0000, 0x0000, 0x0000, 0x0000, 0x0000, 0x0000, 0x0000, 0x0000, 0x0000, 0x0000, 0x0000, 0x0000,
    0x0000, 0x0000, 0x0000, 0x0000, 0x0000, 0x0000, 0x0000, 0x0000, 0x0000, 0x0000, 0x0000, 0x0000, 0x0000, 0x0000, 0x0000, 0x0000,
    0x0000, 0x0000, 0x0000, 0x0000, 0x0000, 0x0000, 0x0000, 0x0000, 0x0000, 0x0000, 0x0000, 0x0000, 0x0000, 0x0000, 0x0000, 0x0000,
    0x0000, 0x0000, 0x0000, 0x0000, 0x0000, 0x0000, 0x0000, 0x0000, 0x0000, 0x0000, 0x0000, 0x0000, 0x0000, 0x0000, 0x0000, 0x0000,
    0x0000, 0x0000, 0x0000, 0x0000, 0x0000, 0x0000, 0x0000, 0x0000, 0x0000, 0x0000, 0x0000, 0x0000, 0x0000, 0x0000, 0x0000, 0x0000,
    0x0000, 0x0000, 0x0000, 0x0000, 0x0000, 0x0000, 0x0000, 0x0000, 0x0000, 0x0000, 0x0000, 0x0000, 0x0000, 0x0000, 0x0000, 0x0000,
    0x0000, 0x0000, 0x0000, 0x0000, 0x0000, 0x0000, 0x0000, 0x0000, 0x0000, 0x0000, 0x0000, 0x0000, 0x0000, 0x0000, 0x0000, 0x0000,
    0x0000, 0x0000, 0x0000, 0x0000, 0x0000, 0x0000, 0x0000, 0x0000, 0x0000, 0x0000, 0x0000, 0x0000, 0x0000, 0x0000, 0x0000, 0x0000,
    0x0000, 0x0000, 0x0000, 0x0000, 0x0000, 0x0000, 0x0000, 0x0000, 0x0000, 0x0000, 0x0000, 0x0000, 0x0000, 0x0000, 0x0000, 0x0000,
    0x0000, 0x0000, 0x0000, 0x0000, 0x0000, 0x0000, 0x0000, 0x0000, 0x0000, 0x0000, 0x0000, 0x0000, 0x0000, 0x0000, 0x0000, 0x0000,
    0x944E, 0x07FF, 0x942D, 0xA42E, 0xCD31, 0x0081, 0x4A45, 0xFFFF, 0xCD94, 0xB4F1, 0xACD0, 0xDD94, 0x9C8F, 0x0000, 0x0000, 0x0000,
    0x0000, 0x0000, 0x0000, 0x0000, 0x0000, 0x0000, 0x0000, 0x0000, 0x0000, 0x0000, 0x0000, 0x0000, 0x0000, 0x0000, 0x0000, 0x0000,
    0x0000, 0x0000, 0x0000, 0x0000, 0x0000, 0x0000, 0x0000, 0x0000, 0x0000, 0x0000, 0x0000, 0x0000, 0x0000, 0x0000, 0x0000, 0x0000,
    0x0000, 0x0000, 0x0000, 0x0000, 0x0000, 0x0000, 0x0000, 0x0000, 0x0000, 0x0000, 0x0000, 0x0000, 0x0000, 0x0000, 0x0000, 0x0000,
    0x0000, 0x0000, 0x0000, 0x0000, 0x0000, 0x0000, 0x0000, 0x0000, 0x0000, 0x0000, 0x0000, 0x0000, 0x0000, 0x0000, 0x0000, 0x0000,
    0x0000, 0x0000, 0x0000, 0x0000, 0x0000, 0x0000, 0x0000, 0x0000, 0x0000, 0x0000, 0x0000, 0x0000, 0x0000, 0x0000, 0x0000, 0x0000,
    0x0000, 0x0000, 0x0000, 0x0000, 0x0000, 0x0000, 0x0000, 0x0000, 0x0000, 0x0000, 0x0000, 0x0000, 0x0000, 0x0000, 0x0000, 0x0000,
    0x0000, 0x0000, 0x0000, 0x0000, 0x0000, 0x0000, 0x0000, 0x0000, 0x0000, 0x0000, 0x0000, 0x0000, 0x0000, 0x0000, 0x0000, 0x0000,
    0x0000, 0x0000, 0x0000, 0x0000, 0x0000, 0x0000, 0x0000, 0x0000, 0x0000, 0x0000, 0x0000, 0x0000, 0x0000, 0x0000, 0x0000, 0x0000,
    0x0000, 0x0000, 0x0000, 0x0000, 0x0000, 0x0000, 0x0000, 0x0000, 0x0000, 0x0000, 0x0000, 0x0000, 0x0000, 0x0000, 0x0000, 0x0000,
    0x0000, 0x0000, 0x0000, 0x0000, 0x0000, 0x0000, 0x0000, 0x0000, 0x0000, 0x0000, 0x0000, 0x0000, 0x0000, 0x0000, 0x0000, 0x0000,
    0x0000, 0x0000, 0x0000, 0x0000, 0x0000, 0x0000, 0x0000, 0x0000, 0x0000, 0x0000, 0x0000, 0x0000, 0x0000, 0x0000, 0x0000, 0x0000,
    0x0000, 0x0000, 0x0000, 0x0000, 0x0000, 0x0000, 0x0000, 0x0000, 0x0000, 0x0000, 0x0000, 0x0000, 0x0000, 0x0000, 0x0000, 0x0000,
    0x0000, 0x0000, 0x0000, 0x0000, 0x0000, 0x0000, 0x0000, 0x0000, 0x0000, 0x0000, 0x0000, 0x0000, 0x0000, 0x0000, 0x0000, 0x0000,
    0x0000, 0x0000, 0x0000, 0x0000, 0x0000, 0x0000, 0x0000, 0x0000, 0x0000, 0x0000, 0x0000, 0x0000, 0x0000, 0x0000, 0x0000, 0x0000,
    0x5AC7, 0xA44F, 0x72E8, 0x93ED, 0xA44E, 0xB4D0, 0xB4F0, 0xB4F1, 0xB4D0, 0xACB0, 0x5AA7, 0xBD32, 0xFFFF, 0x0000, 0x0000, 0x0000,
    0x0000, 0x0000, 0x0000, 0x0000, 0x0000, 0x0000, 0x0000, 0x0000, 0x0000, 0x0000, 0x0000, 0x0000, 0x0000, 0x0000, 0x0000, 0x0000,
    0x0000, 0x0000, 0x0000, 0x0000, 0x0000, 0x0000, 0x0000, 0x0000, 0x0000, 0x0000, 0x0000, 0x0000, 0x0000, 0x0000, 0x0000, 0x0000,
    0x0000, 0x0000, 0x0000, 0x0000, 0x0000, 0x0000, 0x0000, 0x0000, 0x0000, 0x0000, 0x0000, 0x0000, 0x0000, 0x0000, 0x0000, 0x0000,
    0x0000, 0x0000, 0x0000, 0x0000, 0x0000, 0x0000, 0x0000, 0x0000, 0x0000, 0x0000, 0x0000, 0x0000, 0x0000, 0x0000, 0x0000, 0x0000,
    0x0000, 0x0000, 0x0000, 0x0000, 0x0000, 0x0000, 0x0000, 0x0000, 0x0000, 0x0000, 0x0000, 0x0000, 0x0000, 0x0000, 0x0000, 0x0000,
    0x0000, 0x0000, 0x0000, 0x0000, 0x0000, 0x0000, 0x0000, 0x0000, 0x0000, 0x0000, 0x0000, 0x0000, 0x0000, 0x0000, 0x0000, 0x0000,
    0x0000, 0x0000, 0x0000, 0x0000, 0x0000, 0x0000, 0x0000, 0x0000, 0x0000, 0x0000, 0x0000, 0x0000, 0x0000, 0x0000, 0x0000, 0x0000,
    0x0000, 0x0000, 0x0000, 0x0000, 0x0000, 0x0000, 0x0000, 0x0000, 0x0000, 0x0000, 0x0000, 0x0000, 0x0000, 0x0000, 0x0000, 0x0000,
    0x0000, 0x0000, 0x0000, 0x0000, 0x0000, 0x0000, 0x0000, 0x0000, 0x0000, 0x0000, 0x0000, 0x0000, 0x0000, 0x0000, 0x0000, 0x0000,
    0x0000, 0x0000, 0x0000, 0x0000, 0x0000, 0x0000, 0x0000, 0x0000, 0x0000, 0x0000, 0x0000, 0x0000, 0x0000, 0x0000, 0x0000, 0x0000,
    0x0000, 0x0000, 0x0000, 0x0000, 0x0000, 0x0000, 0x0000, 0x0000, 0x0000, 0x0000, 0x0000, 0x0000, 0x0000, 0x0000, 0x0000, 0x0000,
    0x0000, 0x0000, 0x0000, 0x0000, 0x0000, 0x0000, 0x0000, 0x0000, 0x0000, 0x0000, 0x0000, 0x0000, 0x0000, 0x0000, 0x0000, 0x0000,
    0x0000, 0x0000, 0x0000, 0x0000, 0x0000, 0x0000, 0x0000, 0x0000, 0x0000, 0x0000, 0x0000, 0x0000, 0x0000, 0x0000, 0x0000, 0x0000,
    0x0000, 0x0000, 0x0000, 0x0000, 0x0000, 0x0000, 0x0000, 0x0000, 0x0000, 0x0000, 0x0000, 0x0000, 0x0000, 0x0000, 0xAD11, 0xA4AF,
    0xCDD5, 0x9C4F, 0xB4F1, 0xC531, 0xCD72, 0xD5B3, 0xD5D4, 0xD5D4, 0xD5B4, 0xCD94, 0xC573, 0xB511, 0xD5D4, 0xBD32, 0xE615, 0x8C4F,
    0x0000, 0x0000, 0x0000, 0x0000, 0x0000, 0x0000, 0x0000, 0x0000, 0x0000, 0x0000, 0x0000, 0x0000, 0x0000, 0x0000, 0x0000, 0x0000,
    0x0000, 0x0000, 0x0000, 0x0000, 0x0000, 0x0000, 0x0000, 0x0000, 0x0000, 0x0000, 0x0000, 0x0000, 0x0000, 0x0000, 0x0000, 0x0000,
    0x0000, 0x0000, 0x0000, 0x0000, 0x0000, 0x0000, 0x0000, 0x0000, 0x0000, 0x0000, 0x0000, 0x0000, 0x0000, 0x0000, 0x0000, 0x0000,
    0x0000, 0x0000, 0x0000, 0x0000, 0x0000, 0x0000, 0x0000, 0x0000, 0x0000, 0x0000, 0x0000, 0x0000, 0x0000, 0x0000, 0x0000, 0x0000,
    0x0000, 0x0000, 0x0000, 0x0000, 0x0000, 0x0000, 0x0000, 0x0000, 0x0000, 0x0000, 0x0000, 0x0000, 0x0000, 0x0000, 0x0000, 0x0000,
    0x0000, 0x0000, 0x0000, 0x0000, 0x0000, 0x0000, 0x0000, 0x0000, 0x0000, 0x0000, 0x0000, 0x0000, 0x0000, 0x0000, 0x0000, 0x0000,
    0x0000, 0x0000, 0x0000, 0x0000, 0x0000, 0x0000, 0x0000, 0x0000, 0x0000, 0x0000, 0x0000, 0x0000, 0x0000, 0x0000, 0x0000, 0x0000,
    0x0000, 0x0000, 0x0000, 0x0000, 0x0000, 0x0000, 0x0000, 0x0000, 0x0000, 0x0000, 0x0000, 0x0000, 0x0000, 0x0000, 0x0000, 0x0000,
    0x0000, 0x0000, 0x0000, 0x0000, 0x0000, 0x0000, 0x0000, 0x0000, 0x0000, 0x0000, 0x0000, 0x0000, 0x0000, 0x0000, 0x0000, 0x0000,
    0x0000, 0x0000, 0x0000, 0x0000, 0x0000, 0x0000, 0x0000, 0x0000, 0x0000, 0x0000, 0x0000, 0x0000, 0x0000, 0x0000, 0x0000, 0x0000,
    0x0000, 0x0000, 0x0000, 0x0000, 0x0000, 0x0000, 0x0000, 0x0000, 0x0000, 0x0000, 0x0000, 0x0000, 0x0000, 0x0000, 0x0000, 0x0000,
    0x0000, 0x0000, 0x0000, 0x0000, 0x0000, 0x0000, 0x0000, 0x0000, 0x0000, 0x0000, 0x0000, 0x0000, 0x0000, 0x0000, 0x0000, 0x0000,
    0x0000, 0x0000, 0x0000, 0x0000, 0x0000, 0x0000, 0x0000, 0x0000, 0x0000, 0x0000, 0x0000, 0x0000, 0x0000, 0x0000, 0x0000, 0x0000,
    0x0000, 0x0000, 0x0000, 0x0000, 0x0000, 0x0000, 0x0000, 0x0000, 0x0000, 0x0000, 0x0000, 0x0000, 0x0000, 0xACD0, 0x9C6E, 0xDE38,
    0xACF1, 0xC594, 0xD615, 0xDE15, 0xDE14, 0xE634, 0xE635, 0xE656, 0xE656, 0xE677, 0xDE56, 0xCDD4, 0xC552, 0xFFFF, 0xBD32, 0xEE35,
    0x0000, 0x0000, 0x0000, 0x0000, 0x0000, 0x0000, 0x0000, 0x0000, 0x0000, 0x0000, 0x0000, 0x0000, 0x0000, 0x0000, 0x0000, 0x0000,
    0x0000, 0x0000, 0x0000, 0x0000, 0x0000, 0x0000, 0x0000, 0x0000, 0x0000, 0x0000, 0x0000, 0x0000, 0x0000, 0x0000, 0x0000, 0x0000,
    0x0000, 0x0000, 0x0000, 0x0000, 0x0000, 0x0000, 0x0000, 0x0000, 0x0000, 0x0000, 0x0000, 0x0000, 0x0000, 0x0000, 0x0000, 0x0000,
    0x0000, 0x0000, 0x0000, 0x0000, 0x0000, 0x0000, 0x0000, 0x0000, 0x0000, 0x0000, 0x0000, 0x0000, 0x0000, 0x0000, 0x0000, 0x0000,
    0x0000, 0x0000, 0x0000, 0x0000, 0x0000, 0x0000, 0x0000, 0x0000, 0x0000, 0x0000, 0x0000, 0x0000, 0x0000, 0x0000, 0x0000, 0x0000,
    0x0000, 0x0000, 0x0000, 0x0000, 0x0000, 0x0000, 0x0000, 0x0000, 0x0000, 0x0000, 0x0000, 0x0000, 0x0000, 0x0000, 0x0000, 0x0000,
    0x0000, 0x0000, 0x0000, 0x0000, 0x0000, 0x0000, 0x0000, 0x0000, 0x0000, 0x0000, 0x0000, 0x0000, 0x0000, 0x0000, 0x0000, 0x0000,
    0x0000, 0x0000, 0x0000, 0x0000, 0x0000, 0x0000, 0x0000, 0x0000, 0x0000, 0x0000, 0x0000, 0x0000, 0x0000, 0x0000, 0x0000, 0x0000,
    0x0000, 0x0000, 0x0000, 0x0000, 0x0000, 0x0000, 0x0000, 0x0000, 0x0000, 0x0000, 0x0000, 0x0000, 0x0000, 0x0000, 0x0000, 0x0000,
    0x0000, 0x0000, 0x0000, 0x0000, 0x0000, 0x0000, 0x0000, 0x0000, 0x0000, 0x0000, 0x0000, 0x0000, 0x0000, 0x0000, 0x0000, 0x0000,
    0x0000, 0x0000, 0x0000, 0x0000, 0x0000, 0x0000, 0x0000, 0x0000, 0x0000, 0x0000, 0x0000, 0x0000, 0x0000, 0x0000, 0x0000, 0x0000,
    0x0000, 0x0000, 0x0000, 0x0000, 0x0000, 0x0000, 0x0000, 0x0000, 0x0000, 0x0000, 0x0000, 0x0000, 0x0000, 0x0000, 0x0000, 0x0000,
    0x0000, 0x0000, 0x0000, 0x0000, 0x0000, 0x0000, 0x0000, 0x0000, 0x0000, 0x0000, 0x0000, 0x0000, 0x0000, 0x0000, 0x0000, 0x0000,
    0x0000, 0x0000, 0x0000, 0x0000, 0x0000, 0x0000, 0x0000, 0x0000, 0x0000, 0x0000, 0x0000, 0x0000, 0x0000, 0xA46E, 0xD616, 0xB511,
    0xCE16, 0xDE98, 0xDE57, 0xDE14, 0xE613, 0xE613, 0xE654, 0xEE75, 0xEE96, 0xEEB8, 0xEEF9, 0xE698, 0xD5F5, 0xC573, 0xFFFF, 0xACB0,
    0x0001, 0x0000, 0x0000, 0x0000, 0x0000, 0x0000, 0x0000, 0x0000, 0x0000, 0x0000, 0x0000, 0x0000, 0x0000, 0x0000, 0x0000, 0x0000,
    0x0000, 0x0000, 0x0000, 0x0000, 0x0000, 0x0000, 0x0000, 0x0000, 0x0000, 0x0000, 0x0000, 0x0000, 0x0000, 0x0000, 0x0000, 0x0000,
    0x0000, 0x0000, 0x0000, 0x0000, 0x0000, 0x0000, 0x0000, 0x0000, 0x0000, 0x0000, 0x0000, 0x0000, 0x0000, 0x0000, 0x0000, 0x0000,
    0x0000, 0x0000, 0x0000, 0x0000, 0x0000, 0x0000, 0x0000, 0x0000, 0x0000, 0x0000, 0x0000, 0x0000, 0x0000, 0x0000, 0x0000, 0x0000,
    0x0000, 0x0000, 0x0000, 0x0000, 0x0000, 0x0000, 0x0000, 0x0000, 0x0000, 0x0000, 0x0000, 0x0000, 0x0000, 0x0000, 0x0000, 0x0000,
    0x0000, 0x0000, 0x0000, 0x0000, 0x0000, 0x0000, 0x0000, 0x0000, 0x0000, 0x0000, 0x0000, 0x0000, 0x0000, 0x0000, 0x0000, 0x0000,
    0x0000, 0x0000, 0x0000, 0x0000, 0x0000, 0x0000, 0x0000, 0x0000, 0x0000, 0x0000, 0x0000, 0x0000, 0x0000, 0x0000, 0x0000, 0x0000,
    0x0000, 0x0000, 0x0000, 0x0000, 0x0000, 0x0000, 0x0000, 0x0000, 0x0000, 0x0000, 0x0000, 0x0000, 0x0000, 0x0000, 0x0000, 0x0000,
    0x0000, 0x0000, 0x0000, 0x0000, 0x0000, 0x0000, 0x0000, 0x0000, 0x0000, 0x0000, 0x0000, 0x0000, 0x0000, 0x0000, 0x0000, 0x0000,
    0x0000, 0x0000, 0x0000, 0x0000, 0x0000, 0x0000, 0x0000, 0x0000, 0x0000, 0x0000, 0x0000, 0x0000, 0x0000, 0x0000, 0x0000, 0x0000,
    0x0000, 0x0000, 0x0000, 0x0000, 0x0000, 0x0000, 0x0000, 0x0000, 0x0000, 0x0000, 0x0000, 0x0000, 0x0000, 0x0000, 0x0000, 0x0000,
    0x0000, 0x0000, 0x0000, 0x0000, 0x0000, 0x0000, 0x0000, 0x0000, 0x0000, 0x0000, 0x0000, 0x0000, 0x0000, 0x0000, 0x0000, 0x0000,
    0x0000, 0x0000, 0x0000, 0x0000, 0x0000, 0x0000, 0x0000, 0x0000, 0x0000, 0x0000, 0x0000, 0x0000, 0x0000, 0x0000, 0x0000, 0x0000,
    0x0000, 0x0000, 0x0000, 0x0000, 0x0000, 0x0000, 0x0000, 0x0000, 0x0000, 0x0000, 0x0000, 0x0000, 0xBD31, 0xC593, 0xACD0, 0xCDF5,
    0xE6D9, 0xE698, 0xDE14, 0xE612, 0xE611, 0xEE31, 0xEE52, 0xEE74, 0xEE95, 0xEEB6, 0xEEF8, 0xEF1A, 0xE6B8, 0xDDF4, 0xCD73, 0xFFFF,
    0x7B6C, 0xBD11, 0x0000, 0x0000, 0x0000, 0x0000, 0x0000, 0x0000, 0x0000, 0x0000, 0x0000, 0x0000, 0x0000, 0x0000, 0x0000, 0x0000,
    0x0000, 0x0000, 0x0000, 0x0000, 0x0000, 0x0000, 0x0000, 0x0000, 0x0000, 0x0000, 0x0000, 0x0000, 0x0000, 0x0000, 0x0000, 0x0000,
    0x0000, 0x0000, 0x0000, 0x0000, 0x0000, 0x0000, 0x0000, 0x0000, 0x0000, 0x0000, 0x0000, 0x0000, 0x0000, 0x0000, 0x0000, 0x0000,
    0x0000, 0x0000, 0x0000, 0x0000, 0x0000, 0x0000, 0x0000, 0x0000, 0x0000, 0x0000, 0x0000, 0x0000, 0x0000, 0x0000, 0x0000, 0x0000,
    0x0000, 0x0000, 0x0000, 0x0000, 0x0000, 0x0000, 0x0000, 0x0000, 0x0000, 0x0000, 0x0000, 0x0000, 0x0000, 0x0000, 0x0000, 0x0000,
    0x0000, 0x0000, 0x0000, 0x0000, 0x0000, 0x0000, 0x0000, 0x0000, 0x0000, 0x0000, 0x0000, 0x0000, 0x0000, 0x0000, 0x0000, 0x0000,
    0x0000, 0x0000, 0x0000, 0x0000, 0x0000, 0x0000, 0x0000, 0x0000, 0x0000, 0x0000, 0x0000, 0x0000, 0x0000, 0x0000, 0x0000, 0x0000,
    0x0000, 0x0000, 0x0000, 0x0000, 0x0000, 0x0000, 0x0000, 0x0000, 0x0000, 0x0000, 0x0000, 0x0000, 0x0000, 0x0000, 0x0000, 0x0000,
    0x0000, 0x0000, 0x0000, 0x0000, 0x0000, 0x0000, 0x0000, 0x0000, 0x0000, 0x0000, 0x0000, 0x0000, 0x0000, 0x0000, 0x0000, 0x0000,
    0x0000, 0x0000, 0x0000, 0x0000, 0x0000, 0x0000, 0x0000, 0x0000, 0x0000, 0x0000, 0x0000, 0x0000, 0x0000, 0x0000, 0x0000, 0x0000,
    0x0000, 0x0000, 0x0000, 0x0000, 0x0000, 0x0000, 0x0000, 0x0000, 0x0000, 0x0000, 0x0000, 0x0000, 0x0000, 0x0000, 0x0000, 0x0000,
    0x0000, 0x0000, 0x0000, 0x0000, 0x0000, 0x0000, 0x0000, 0x0000, 0x0000, 0x0000, 0x0000, 0x0000, 0x0000, 0x0000, 0x0000, 0x0000,
    0x0000, 0x0000, 0x0000, 0x0000, 0x0000, 0x0000, 0x0000, 0x0000, 0x0000, 0x0000, 0x0000, 0x0000, 0x0000, 0x0000, 0x0000, 0x0000,
    0x0000, 0x0000, 0x0000, 0x0000, 0x0000, 0x0000, 0x0000, 0x0000, 0x0000, 0x0000, 0x0000, 0xB4F0, 0xACF0, 0xA48F, 0xC594, 0xDEB9,
    0xE6DA, 0xDE35, 0xE611, 0xE5F0, 0xEE10, 0xEE30, 0xEE51, 0xEE72, 0xEE94, 0xEE95, 0xEEB7, 0xEEF9, 0xEF1A, 0xE697, 0xDDD4, 0xC572,
    0xDDD3, 0x944F, 0xACB0, 0x0000, 0x0000, 0x0000, 0x0000, 0x0000, 0x0000, 0x0000, 0x0000, 0x0000, 0x0000, 0x0000, 0x0000, 0x0000,
    0x0000, 0x0000, 0x0000, 0x0000, 0x0000, 0x0000, 0x0000, 0x0000, 0x0000, 0x0000, 0x0000, 0x0000, 0x0000, 0x0000, 0x0000, 0x0000,
    0x0000, 0x0000, 0x0000, 0x0000, 0x0000, 0x0000, 0x0000, 0x0000, 0x0000, 0x0000, 0x0000, 0x0000, 0x0000, 0x0000, 0x0000, 0x0000,
    0x0000, 0x0000, 0x0000, 0x0000, 0x0000, 0x0000, 0x0000, 0x0000, 0x0000, 0x0000, 0x0000, 0x0000, 0x0000, 0x0000, 0x0000, 0x0000,
    0x0000, 0x0000, 0x0000, 0x0000, 0x0000, 0x0000, 0x0000, 0x0000, 0x0000, 0x0000, 0x0000, 0x0000, 0x0000, 0x0000, 0x0000, 0x0000,
    0x0000, 0x0000, 0x0000, 0x0000, 0x0000, 0x0000, 0x0000, 0x0000, 0x0000, 0x0000, 0x0000, 0x0000, 0x0000, 0x0000, 0x0000, 0x0000,
    0x0000, 0x0000, 0x0000, 0x0000, 0x0000, 0x0000, 0x0000, 0x0000, 0x0000, 0x0000, 0x0000, 0x0000, 0x0000, 0x0000, 0x0000, 0x0000,
    0x0000, 0x0000, 0x0000, 0x0000, 0x0000, 0x0000, 0x0000, 0x0000, 0x0000, 0x0000, 0x0000, 0x0000, 0x0000, 0x0000, 0x0000, 0x0000,
    0x0000, 0x0000, 0x0000, 0x0000, 0x0000, 0x0000, 0x0000, 0x0000, 0x0000, 0x0000, 0x0000, 0x0000, 0x0000, 0x0000, 0x0000, 0x0000,
    0x0000, 0x0000, 0x0000, 0x0000, 0x0000, 0x0000, 0x0000, 0x0000, 0x0000, 0x0000, 0x0000, 0x0000, 0x0000, 0x0000, 0x0000, 0x0000,
    0x0000, 0x0000, 0x0000, 0x0000, 0x0000, 0x0000, 0x0000, 0x0000, 0x0000, 0x0000, 0x0000, 0x0000, 0x0000, 0x0000, 0x0000, 0x0000,
    0x0000, 0x0000, 0x0000, 0x0000, 0x0000, 0x0000, 0x0000, 0x0000, 0x0000, 0x0000, 0x0000, 0x0000, 0x0000, 0x0000, 0x0000, 0x0000,
    0x0000, 0x0000, 0x0000, 0x0000, 0x0000, 0x0000, 0x0000, 0x0000, 0x0000, 0x0000, 0x0000, 0x0000, 0x0000, 0x0000, 0x0000, 0x0000,
    0x0000, 0x0000, 0x0000, 0x0000, 0x0000, 0x0000, 0x0000, 0x0000, 0x0000, 0x0000, 0x0000, 0xA48E, 0xCDF5, 0xBD52, 0xD657, 0xE71B,
    0xE697, 0xE612, 0xE5F0, 0xEDEF, 0xEE0F, 0xEE0F, 0xEE30, 0xEE51, 0xEE72, 0xEE94, 0xEE95, 0xEED7, 0xEF19, 0xEF19, 0xE655, 0xD5B3,
    0xBD11, 0xD5B3, 0x738D, 0x0000, 0x0000, 0x0000, 0x0000, 0x0000, 0x0000, 0x0000, 0x0000, 0x0000, 0x0000, 0x0000, 0x0000, 0x0000,
    0x0000, 0x0000, 0x0000, 0x0000, 0x0000, 0x0000, 0x0000, 0x0000, 0x0000, 0x0000, 0x0000, 0x0000, 0x0000, 0x0000, 0x0000, 0x0000,
    0x0000, 0x0000, 0x0000, 0x0000, 0x0000, 0x0000, 0x0000, 0x0000, 0x0000, 0x0000, 0x0000, 0x0000, 0x0000, 0x0000, 0x0000, 0x0000,
    0x0000, 0x0000, 0x0000, 0x0000, 0x0000, 0x0000, 0x0000, 0x0000, 0x0000, 0x0000, 0x0000, 0x0000, 0x0000, 0x0000, 0x0000, 0x0000,
    0x0000, 0x0000, 0x0000, 0x0000, 0x0000, 0x0000, 0x0000, 0x0000, 0x0000, 0x0000, 0x0000, 0x0000, 0x0000, 0x0000, 0x0000, 0x0000,
    0x0000, 0x0000, 0x0000, 0x0000, 0x0000, 0x0000, 0x0000, 0x0000, 0x0000, 0x0000, 0x0000, 0x0000, 0x0000, 0x0000, 0x0000, 0x0000,
    0x0000, 0x0000, 0x0000, 0x0000, 0x0000, 0x0000, 0x0000, 0x0000, 0x0000, 0x0000, 0x0000, 0x0000, 0x0000, 0x0000, 0x0000, 0x0000,
    0x0000, 0x0000, 0x0000, 0x0000, 0x0000, 0x0000, 0x0000, 0x0000, 0x0000, 0x0000, 0x0000, 0x0000, 0x0000, 0x0000, 0x0000, 0x0000,
    0x0000, 0x0000, 0x0000, 0x0000, 0x0000, 0x0000, 0x0000, 0x0000, 0x0000, 0x0000, 0x0000, 0x0000, 0x0000, 0x0000, 0x0000, 0x0000,
    0x0000, 0x0000, 0x0000, 0x0000, 0x0000, 0x0000, 0x0000, 0x0000, 0x0000, 0x0000, 0x0000, 0x0000, 0x0000, 0x0000, 0x0000, 0x0000,
    0x0000, 0x0000, 0x0000, 0x0000, 0x0000, 0x0000, 0x0000, 0x0000, 0x0000, 0x0000, 0x0000, 0x0000, 0x0000, 0x0000, 0x0000, 0x0000,
    0x0000, 0x0000, 0x0000, 0x0000, 0x0000, 0x0000, 0x0000, 0x0000, 0x0000, 0x0000, 0x0000, 0x0000, 0x0000, 0x0000, 0x0000, 0x0000,
    0x0000, 0x0000, 0x0000, 0x0000, 0x0000, 0x0000, 0x0000, 0x0000, 0x0000, 0x0000, 0x0000, 0x0000, 0x0000, 0x0000, 0x0000, 0x0000,
    0x0000, 0x0000, 0x0000, 0x0000, 0x0000, 0x0000, 0x0000, 0x0000, 0x0000, 0x0000, 0xCDB3, 0xBD31, 0xB4F0, 0xCDD4, 0xE6D9, 0xE6DA,
    0xE634, 0xE5F0, 0xE5EE, 0xEDEE, 0xEDED, 0xEE0E, 0xF62F, 0xF650, 0xF671, 0xF672, 0xF693, 0xEEB5, 0xEEF8, 0xEF19, 0xEED8, 0xE614,
    0xD592, 0x9C50, 0xCD52, 0xBD11, 0x0000, 0x0000, 0x0000, 0x0000, 0x0000, 0x0000, 0x0000, 0x0000, 0x0000, 0x0000, 0x0000, 0x0000,
    0x0000, 0x0000, 0x0000, 0x0000, 0x0000, 0x0000, 0x0000, 0x0000, 0x0000, 0x0000, 0x0000, 0x0000, 0x0000, 0x0000, 0x0000, 0x0000,
    0x0000, 0x0000, 0x0000, 0x0000, 0x0000, 0x0000, 0x0000, 0x0000, 0x0000, 0x0000, 0x0000, 0x0000, 0x0000, 0x0000, 0x0000, 0x0000,
    0x0000, 0x0000, 0x0000, 0x0000, 0x0000, 0x0000, 0x0000, 0x0000, 0x0000, 0x0000, 0x0000, 0x0000, 0x0000, 0x0000, 0x0000, 0x0000,
    0x0000, 0x0000, 0x0000, 0x0000, 0x0000, 0x0000, 0x0000, 0x0000, 0x0000, 0x0000, 0x0000, 0x0000, 0x0000, 0x0000, 0x0000, 0x0000,
    0x0000, 0x0000, 0x0000, 0x0000, 0x0000, 0x0000, 0x0000, 0x0000, 0x0000, 0x0000, 0x0000, 0x0000, 0x0000, 0x0000, 0x0000, 0x0000,
    0x0000, 0x0000, 0x0000, 0x0000, 0x0000, 0x0000, 0x0000, 0x0000, 0x0000, 0x0000, 0x0000, 0x0000, 0x0000, 0x0000, 0x0000, 0x0000,
    0x0000, 0x0000, 0x0000, 0x0000, 0x0000, 0x0000, 0x0000, 0x0000, 0x0000, 0x0000, 0x0000, 0x0000, 0x0000, 0x0000, 0x0000, 0x0000,
    0x0000, 0x0000, 0x0000, 0x0000, 0x0000, 0x0000, 0x0000, 0x0000, 0x0000, 0x0000, 0x0000, 0x0000, 0x0000, 0x0000, 0x0000, 0x0000,
    0x0000, 0x0000, 0x0000, 0x0000, 0x0000, 0x0000, 0x0000, 0x0000, 0x0000, 0x0000, 0x0000, 0x0000, 0x0000, 0x0000, 0x0000, 0x0000,
    0x0000, 0x0000, 0x0000, 0x0000, 0x0000, 0x0000, 0x0000, 0x0000, 0x0000, 0x0000, 0x0000, 0x0000, 0x0000, 0x0000, 0x0000, 0x0000,
    0x0000, 0x0000, 0x0000, 0x0000, 0x0000, 0x0000, 0x0000, 0x0000, 0x0000, 0x0000, 0x0000, 0x0000, 0x0000, 0x0000, 0x0000, 0x0000,
    0x0000, 0x0000, 0x0000, 0x0000, 0x0000, 0x0000, 0x0000, 0x0000, 0x0000, 0x0000, 0x0000, 0x0000, 0x0000, 0x0000, 0x0000, 0x0000,
    0x0000, 0x0000, 0x0000, 0x0000, 0x0000, 0x0000, 0x0000, 0x0000, 0x0000, 0x0000, 0xB4F0, 0xFFFF, 0xC572, 0xDE57, 0xE6FA, 0xE697,
    0xE611, 0xE5CE, 0xEDCD, 0xEDED, 0xEE51, 0xEE4F, 0xF62D, 0xF62E, 0xF64F, 0xF670, 0xF671, 0xF692, 0xEED6, 0xEEF8, 0xEF19, 0xEE96,
    0xDDF3, 0xCD72, 0xFFD5, 0x6B8E, 0x83EE, 0x0000, 0x0000, 0x0000, 0x0000, 0x0000, 0x0000, 0x0000, 0x0000, 0x0000, 0x0000, 0x0000,
    0x0000, 0x0000, 0x0000, 0x0000, 0x0000, 0x0000, 0x0000, 0x0000, 0x0000, 0x0000, 0x0000, 0x0000, 0x0000, 0x0000, 0x0000, 0x0000,
    0x0000, 0x0000, 0x0000, 0x0000, 0x0000, 0x0000, 0x0000, 0x0000, 0x0000, 0x0000, 0x0000, 0x0000, 0x0000, 0x0000, 0x0000, 0x0000,
    0x0000, 0x0000, 0x0000, 0x0000, 0x0000, 0x0000, 0x0000, 0x0000, 0x0000, 0x0000, 0x0000, 0x0000, 0x0000, 0x0000, 0x0000, 0x0000,
    0x0000, 0x0000, 0x0000, 0x0000, 0x0000, 0x0000, 0x0000, 0x0000, 0x0000, 0x0000, 0x0000, 0x0000, 0x0000, 0x0000, 0x0000, 0x0000,
    0x0000, 0x0000, 0x0000, 0x0000, 0x0000, 0x0000, 0x0000, 0x0000, 0x0000, 0x0000, 0x0000, 0x0000, 0x0000, 0x0000, 0x0000, 0x0000,
    0x0000, 0x0000, 0x0000, 0x0000, 0x0000, 0x0000, 0x0000, 0x0000, 0x0000, 0x0000, 0x0000, 0x0000, 0x0000, 0x0000, 0x0000, 0x0000,
    0x0000, 0x0000, 0x0000, 0x0000, 0x0000, 0x0000, 0x0000, 0x0000, 0x0000, 0x0000, 0x0000, 0x0000, 0x0000, 0x0000, 0x0000, 0x0000,
    0x0000, 0x0000, 0x0000, 0x0000, 0x0000, 0x0000, 0x0000, 0x0000, 0x0000, 0x0000, 0x0000, 0x0000, 0x0000, 0x0000, 0x0000, 0x0000,
    0x0000, 0x0000, 0x0000, 0x0000, 0x0000, 0x0000, 0x0000, 0x0000, 0x0000, 0x0000, 0x0000, 0x0000, 0x0000, 0x0000, 0x0000, 0x0000,
    0x0000, 0x0000, 0x0000, 0x0000, 0x0000, 0x0000, 0x0000, 0x0000, 0x0000, 0x0000, 0x0000, 0x0000, 0x0000, 0x0000, 0x0000, 0x0000,
    0x0000, 0x0000, 0x0000, 0x0000, 0x0000, 0x0000, 0x0000, 0x0000, 0x0000, 0x0000, 0x0000, 0x0000, 0x0000, 0x0000, 0x0000, 0x0000,
    0x0000, 0x0000, 0x0000, 0x0000, 0x0000, 0x0000, 0x0000, 0x0000, 0x0000, 0x0000, 0x0000, 0x0000, 0x0000, 0x0000, 0x0000, 0x0000,
    0x0000, 0x0000, 0x0000, 0x0000, 0x0000, 0x0000, 0x0000, 0x0000, 0x0000, 0xB511, 0xC572, 0xB4F0, 0xCDD4, 0xE6D9, 0xE6D9, 0xE634,
    0xE5EF, 0xEDCD, 0xEDCC, 0xEE51, 0xEEB6, 0xEEB5, 0xF62E, 0xF62D, 0xF64E, 0xF64F, 0xF64F, 0xF670, 0xEE93, 0xEED7, 0xEEF8, 0xEEF8,
    0xE634, 0xDDD2, 0xC551, 0xE5F2, 0xFFFF, 0x0000, 0x0000, 0x0000, 0x0000, 0x0000, 0x0000, 0x0000, 0x0000, 0x0000, 0x0000, 0x0000,
    0x0000, 0x0000, 0x0000, 0x0000, 0x0000, 0x0000, 0x0000, 0x0000, 0x0000, 0x0000, 0x0000, 0x0000, 0x0000, 0x0000, 0x0000, 0x0000,
    0x0000, 0x0000, 0x0000, 0x0000, 0x0000, 0x0000, 0x0000, 0x0000, 0x0000, 0x0000, 0x0000, 0x0000, 0x0000, 0x0000, 0x0000, 0x0000,
    0x0000, 0x0000, 0x0000, 0x0000, 0x0000, 0x0000, 0x0000, 0x0000, 0x0000, 0x0000, 0x0000, 0x0000, 0x0000, 0x0000, 0x0000, 0x0000,
    0x0000, 0x0000, 0x0000, 0x0000, 0x0000, 0x0000, 0x0000, 0x0000, 0x0000, 0x0000, 0x0000, 0x0000, 0x0000, 0x0000, 0x0000, 0x0000,
    0x0000, 0x0000, 0x0000, 0x0000, 0x0000, 0x0000, 0x0000, 0x0000, 0x0000, 0x0000, 0x0000, 0x0000, 0x0000, 0x0000, 0x0000, 0x0000,
    0x0000, 0x0000, 0x0000, 0x0000, 0x0000, 0x0000, 0x0000, 0x0000, 0x0000, 0x0000, 0x0000, 0x0000, 0x0000, 0x0000, 0x0000, 0x0000,
    0x0000, 0x0000, 0x0000, 0x0000, 0x0000, 0x0000, 0x0000, 0x0000, 0x0000, 0x0000, 0x0000, 0x0000, 0x0000, 0x0000, 0x0000, 0x0000,
    0x0000, 0x0000, 0x0000, 0x0000, 0x0000, 0x0000, 0x0000, 0x0000, 0x0000, 0x0000, 0x0000, 0x0000, 0x0000, 0x0000, 0x0000, 0x0000,
    0x0000, 0x0000, 0x0000, 0x0000, 0x0000, 0x0000, 0x0000, 0x0000, 0x0000, 0x0000, 0x0000, 0x0000, 0x0000, 0x0000, 0x0000, 0x0000,
    0x0000, 0x0000, 0x0000, 0x0000, 0x0000, 0x0000, 0x0000, 0x0000, 0x0000, 0x0000, 0x0000, 0x0000, 0x0000, 0x0000, 0x0000, 0x0000,
    0x0000, 0x0000, 0x0000, 0x0000, 0x0000, 0x0000, 0x0000, 0x0000, 0x0000, 0x0000, 0x0000, 0x0000, 0x0000, 0x0000, 0x0000, 0x0000,
    0x0000, 0x0000, 0x0000, 0x0000, 0x0000, 0x0000, 0x0000, 0x0000, 0x0000, 0x0000, 0x0000, 0x0000, 0x0000, 0x0000, 0x0000, 0x0000,
    0x0000, 0x0000, 0x0000, 0x0000, 0x0000, 0x0000, 0x0000, 0x0000, 0xACD0, 0xB4F1, 0xACB0, 0xC572, 0xDE56, 0xE6FA, 0xE697, 0xE611,
    0xE5CD, 0xEDCC, 0xEDED, 0xEE94, 0xEEB6, 0xEEB6, 0xF650, 0xF62C, 0xF62D, 0xF62D, 0xF64E, 0xF64E, 0xF650, 0xEEB5, 0xEED7, 0xEEF8,
    0xEE96, 0xE5F2, 0xD5B1, 0xB4D0, 0xC531, 0xDDD1, 0x0000, 0x0000, 0x0000, 0x0000, 0x0000, 0x0000, 0x0000, 0x0000, 0x0000, 0x0000,
    0x0000, 0x0000, 0x0000, 0x0000, 0x0000, 0x0000, 0x0000, 0x0000, 0x0000, 0x0000, 0x0000, 0x0000, 0x0000, 0x0000, 0x0000, 0x0000,
    0x0000, 0x0000, 0x0000, 0x0000, 0x0000, 0x0000, 0x0000, 0x0000, 0x0000, 0x0000, 0x0000, 0x0000, 0x0000, 0x0000, 0x0000, 0x0000,
    0x0000, 0x0000, 0x0000, 0x0000, 0x0000, 0x0000, 0x0000, 0x0000, 0x0000, 0x0000, 0x0000, 0x0000, 0x0000, 0x0000, 0x0000, 0x0000,
    0x0000, 0x0000, 0x0000, 0x0000, 0x0000, 0x0000, 0x0000, 0x0000, 0x0000, 0x0000, 0x0000, 0x0000, 0x0000, 0x0000, 0x0000, 0x0000,
    0x0000, 0x0000, 0x0000, 0x0000, 0x0000, 0x0000, 0x0000, 0x0000, 0x0000, 0x0000, 0x0000, 0x0000, 0x0000, 0x0000, 0x0000, 0x0000,
    0x0000, 0x0000, 0x0000, 0x0000, 0x0000, 0x0000, 0x0000, 0x0000, 0x0000, 0x0000, 0x0000, 0x0000, 0x0000, 0x0000, 0x0000, 0x0000,
    0x0000, 0x0000, 0x0000, 0x0000, 0x0000, 0x0000, 0x0000, 0x0000, 0x0000, 0x0000, 0x0000, 0x0000, 0x0000, 0x0000, 0x0000, 0x0000,
    0x0000, 0x0000, 0x0000, 0x0000, 0x0000, 0x0000, 0x0000, 0x0000, 0x0000, 0x0000, 0x0000, 0x0000, 0x0000, 0x0000, 0x0000, 0x0000,
    0x0000, 0x0000, 0x0000, 0x0000, 0x0000, 0x0000, 0x0000, 0x0000, 0x0000, 0x0000, 0x0000, 0x0000, 0x0000, 0x0000, 0x0000, 0x0000,
    0x0000, 0x0000, 0x0000, 0x0000, 0x0000, 0x0000, 0x0000, 0x0000, 0x0000, 0x0000, 0x0000, 0x0000, 0x0000, 0x0000, 0x0000, 0x0000,
    0x0000, 0x0000, 0x0000, 0x0000, 0x0000, 0x0000, 0x0000, 0x0000, 0x0000, 0x0000, 0x0000, 0x0000, 0x0000, 0x0000, 0x0000, 0x0000,
    0x0000, 0x0000, 0x0000, 0x0000, 0x0000, 0x0000, 0x0000, 0x0000, 0x0000, 0x0000, 0x0000, 0x0000, 0x0000, 0x0000, 0x0000, 0x0000,
    0x0000, 0x0000, 0x0000, 0x0000, 0x0000, 0x0000, 0x0000, 0x0000, 0x220A, 0xC572, 0xBD31, 0xCDD3, 0xE6B8, 0xE6DA, 0xE655, 0xE5EF,
    0xEDCD, 0xEDCC, 0xEE0F, 0xEEB6, 0xEEB6, 0xEEB6, 0xF670, 0xF60C, 0xF62C, 0xF62C, 0xF62D, 0xF62D, 0xF62D, 0xEE72, 0xEED6, 0xEEF7,
    0xEEF7, 0xEE33, 0xDDD1, 0xCD71, 0xFF94, 0xBCF0, 0x0000, 0x0000, 0x0000, 0x0000, 0x0000, 0x0000, 0x0000, 0x0000, 0x0000, 0x0000,
    0x0000, 0x0000, 0x0000, 0x0000, 0x0000, 0x0000, 0x0000, 0x0000, 0x0000, 0x0000, 0x0000, 0x0000, 0x0000, 0x0000, 0x0000, 0x0000,
    0x0000, 0x0000, 0x0000, 0x0000, 0x0000, 0x0000, 0x0000, 0x0000, 0x0000, 0x0000, 0x0000, 0x0000, 0x0000, 0x0000, 0x0000, 0x0000,
    0x0000, 0x0000, 0x0000, 0x0000, 0x0000, 0x0000, 0x0000, 0x0000, 0x0000, 0x0000, 0x0000, 0x0000, 0x0000, 0x0000, 0x0000, 0x0000,
    0x0000, 0x0000, 0x0000, 0x0000, 0x0000, 0x0000, 0x0000, 0x0000, 0x0000, 0x0000, 0x0000, 0x0000, 0x0000, 0x0000, 0x0000, 0x0000,
    0x0000, 0x0000, 0x0000, 0x0000, 0x0000, 0x0000, 0x0000, 0x0000, 0x0000, 0x0000, 0x0000, 0x0000, 0x0000, 0x0000, 0x0000, 0x0000,
    0x0000, 0x0000, 0x0000, 0x0000, 0x0000, 0x0000, 0x0000, 0x0000, 0x0000, 0x0000, 0x0000, 0x0000, 0x0000, 0x0000, 0x0000, 0x0000,
    0x0000, 0x0000, 0x0000, 0x0000, 0x0000, 0x0000, 0x0000, 0x0000, 0x0000, 0x0000, 0x0000, 0x0000, 0x0000, 0x0000, 0x0000, 0x0000,
    0x0000, 0x0000, 0x0000, 0x0000, 0x0000, 0x0000, 0x0000, 0x0000, 0x0000, 0x0000, 0x0000, 0x0000, 0x0000, 0x0000, 0x0000, 0x0000,
    0x0000, 0x0000, 0x0000, 0x0000, 0x0000, 0x0000, 0x0000, 0x0000, 0x0000, 0x0000, 0x0000, 0x0000, 0x0000, 0x0000, 0x0000, 0x0000,
    0x0000, 0x0000, 0x0000, 0x0000, 0x0000, 0x0000, 0x0000, 0x0000, 0x0000, 0x0000, 0x0000, 0x0000, 0x0000, 0x0000, 0x0000, 0x0000,
    0x0000, 0x0000, 0x0000, 0x0000, 0x0000, 0x0000, 0x0000, 0x0000, 0x0000, 0x0000, 0x0000, 0x0000, 0x0000, 0x0000, 0x0000, 0x0000,
    0x0000, 0x0000, 0x0000, 0x0000, 0x0000, 0x0000, 0x0000, 0x0000, 0x0000, 0x0000, 0x0000, 0x0000, 0x0000, 0x0000, 0x0000, 0x0000,
    0x0000, 0x0000, 0x0000, 0x0000, 0x0000, 0x0000, 0x0000, 0xACCF, 0xB510, 0xACAF, 0xC572, 0xD635, 0xE6FA, 0xE698, 0xE633, 0xE5CE,
    0xEDCC, 0xEDCB, 0xEE51, 0xEEB6, 0xEEB6, 0xEEB6, 0xF670, 0xF60B, 0xF62B, 0xF62B, 0xF62B, 0xF62C, 0xF60C, 0xF64F, 0xEEB5, 0xEED6,
    0xEEF8, 0xEE95, 0xE611, 0xDDB1, 0xBCF0, 0xC530, 0x9C6E, 0x0000, 0x0000, 0x0000, 0x0000, 0x0000, 0x0000, 0x0000, 0x0000, 0x0000,
    0x0000, 0x0000, 0x0000, 0x0000, 0x0000, 0x0000, 0x0000, 0x0000, 0x0000, 0x0000, 0x0000, 0x0000, 0x0000, 0x0000, 0x0000, 0x0000,
    0x0000, 0x0000, 0x0000, 0x0000, 0x0000, 0x0000, 0x0000, 0x0000, 0x0000, 0x0000, 0x0000, 0x0000, 0x0000, 0x0000, 0x0000, 0x0000,
    0x0000, 0x0000, 0x0000, 0x0000, 0x0000, 0x0000, 0x0000, 0x0000, 0x0000, 0x0000, 0x0000, 0x0000, 0x0000, 0x0000, 0x0000, 0x0000,
    0x0000, 0x0000, 0x0000, 0x0000, 0x0000, 0x0000, 0x0000, 0x0000, 0x0000, 0x0000, 0x0000, 0x0000, 0x0000, 0x0000, 0x0000, 0x0000,
    0x0000, 0x0000, 0x0000, 0x0000, 0x0000, 0x0000, 0x0000, 0x0000, 0x0000, 0x0000, 0x0000, 0x0000, 0x0000, 0x0000, 0x0000, 0x0000,
    0x0000, 0x0000, 0x0000, 0x0000, 0x0000, 0x0000, 0x0000, 0x0000, 0x0000, 0x0000, 0x0000, 0x0000, 0x0000, 0x0000, 0x0000, 0x0000,
    0x0000, 0x0000, 0x0000, 0x0000, 0x0000, 0x0000, 0x0000, 0x0000, 0x0000, 0x0000, 0x0000, 0x0000, 0x0000, 0x0000, 0x0000, 0x0000,
    0x0000, 0x0000, 0x0000, 0x0000, 0x0000, 0x0000, 0x0000, 0x0000, 0x0000, 0x0000, 0x0000, 0x0000, 0x0000, 0x0000, 0x0000, 0x0000,
    0x0000, 0x0000, 0x0000, 0x0000, 0x0000, 0x0000, 0x0000, 0x0000, 0x0000, 0x0000, 0x0000, 0x0000, 0x0000, 0x0000, 0x0000, 0x0000,
    0x0000, 0x0000, 0x0000, 0x0000, 0x0000, 0x0000, 0x0000, 0x0000, 0x0000, 0x0000, 0x0000, 0x0000, 0x0000, 0x0000, 0x0000, 0x0000,
    0x0000, 0x0000, 0x0000, 0x0000, 0x0000, 0x0000, 0x0000, 0x0000, 0x0000, 0x0000, 0x0000, 0x0000, 0x0000, 0x0000, 0x0000, 0x0000,
    0x0000, 0x0000, 0x0000, 0x0000, 0x0000, 0x0000, 0x0000, 0x0000, 0x0000, 0x0000, 0x0000, 0x0000, 0x0000, 0x0000, 0x0000, 0x0000,
    0x0000, 0x0000, 0x0000, 0x0000, 0x0000, 0x0000, 0x0000, 0xACCF, 0xEE75, 0xBD31, 0xCDB3, 0xDE98, 0xE6DA, 0xE676, 0xE611, 0xEDCD,
    0xEDCC, 0xEDCC, 0xEE73, 0xEEB6, 0xEEB6, 0xEEB5, 0xF64F, 0xF60B, 0xF60B, 0xF60B, 0xF60B, 0xF60B, 0xF60B, 0xF62D, 0xEE94, 0xEED6,
    0xEEF7, 0xEED7, 0xEE32, 0xE5D1, 0xCD70, 0x942E, 0x9C6F, 0xBD10, 0x0000, 0x0000, 0x0000, 0x0000, 0x0000, 0x0000, 0x0000, 0x0000,
    0x0000, 0x0000, 0x0000, 0x0000, 0x0000, 0x0000, 0x0000, 0x0000, 0x0000, 0x0000, 0x0000, 0x0000, 0x0000, 0x0000, 0x0000, 0x0000,
    0x0000, 0x0000, 0x0000, 0x0000, 0x0000, 0x0000, 0x0000, 0x0000, 0x0000, 0x0000, 0x0000, 0x0000, 0x0000, 0x0000, 0x0000, 0x0000,
    0x0000, 0x0000, 0x0000, 0x0000, 0x0000, 0x0000, 0x0000, 0x0000, 0x0000, 0x0000, 0x0000, 0x0000, 0x0000, 0x0000, 0x0000, 0x0000,
    0x0000, 0x0000, 0x0000, 0x0000, 0x0000, 0x0000, 0x0000, 0x0000, 0x0000, 0x0000, 0x0000, 0x0000, 0x0000, 0x0000, 0x0000, 0x0000,
    0x0000, 0x0000, 0x0000, 0x0000, 0x0000, 0x0000, 0x0000, 0x0000, 0x0000, 0x0000, 0x0000, 0x0000, 0x0000, 0x0000, 0x0000, 0x0000,
    0x0000, 0x0000, 0x0000, 0x0000, 0x0000, 0x0000, 0x0000, 0x0000, 0x0000, 0x0000, 0x0000, 0x0000, 0x0000, 0x0000, 0x0000, 0x0000,
    0x0000, 0x0000, 0x0000, 0x0000, 0x0000, 0x0000, 0x0000, 0x0000, 0x0000, 0x0000, 0x0000, 0x0000, 0x0000, 0x0000, 0x0000, 0x0000,
    0x0000, 0x0000, 0x0000, 0x0000, 0x0000, 0x0000, 0x0000, 0x0000, 0x0000, 0x0000, 0x0000, 0x0000, 0x0000, 0x0000, 0x0000, 0x0000,
    0x0000, 0x0000, 0x0000, 0x0000, 0x0000, 0x0000, 0x0000, 0x0000, 0x0000, 0x0000, 0x0000, 0x0000, 0x0000, 0x0000, 0x0000, 0x0000,
    0x0000, 0x0000, 0x0000, 0x0000, 0x0000, 0x0000, 0x0000, 0x0000, 0x0000, 0x0000, 0x0000, 0x0000, 0x0000, 0x0000, 0x0000, 0x0000,
    0x0000, 0x0000, 0x0000, 0x0000, 0x0000, 0x0000, 0x0000, 0x0000, 0x0000, 0x0000, 0x0000, 0x0000, 0x0000, 0x0000, 0x0000, 0x0000,
    0x0000, 0x0000, 0x0000, 0x0000, 0x0000, 0x0000, 0x0000, 0x0000, 0x0000, 0x0000, 0x0000, 0x0000, 0x0000, 0x0000, 0x0000, 0x0000,
    0x0000, 0x0000, 0x0000, 0x0000, 0x0000, 0x0000, 0xA48E, 0xBD10, 0xACAF, 0xC571, 0xD5F4, 0xE6D9, 0xE6B9, 0xE655, 0xE5F0, 0xEDCD,
    0xEDCB, 0xEDEC, 0xEE94, 0xEEB6, 0xEEB5, 0xEEB5, 0xF64F, 0xF60A, 0xF60A, 0xF60A, 0xF60A, 0xF60A, 0xF60A, 0xF60C, 0xEE72, 0xEEB5,
    0xEED6, 0xEEF7, 0xEE73, 0xE5F1, 0xDDB0, 0xC530, 0xD570, 0x8C30, 0x944F, 0x0000, 0x0000, 0x0000, 0x0000, 0x0000, 0x0000, 0x0000,
    0x0000, 0x0000, 0x0000, 0x0000, 0x0000, 0x0000, 0x0000, 0x0000, 0x0000, 0x0000, 0x0000, 0x0000, 0x0000, 0x0000, 0x0000, 0x0000,
    0x0000, 0x0000, 0x0000, 0x0000, 0x0000, 0x0000, 0x0000, 0x0000, 0x0000, 0x0000, 0x0000, 0x0000, 0x0000, 0x0000, 0x0000, 0x0000,
    0x0000, 0x0000, 0x0000, 0x0000, 0x0000, 0x0000, 0x0000, 0x0000, 0x0000, 0x0000, 0x0000, 0x0000, 0x0000, 0x0000, 0x0000, 0x0000,
    0x0000, 0x0000, 0x0000, 0x0000, 0x0000, 0x0000, 0x0000, 0x0000, 0x0000, 0x0000, 0x0000, 0x0000, 0x0000, 0x0000, 0x0000, 0x0000,
    0x0000, 0x0000, 0x0000, 0x0000, 0x0000, 0x0000, 0x0000, 0x0000, 0x0000, 0x0000, 0x0000, 0x0000, 0x0000, 0x0000, 0x0000, 0x0000,
    0x0000, 0x0000, 0x0000, 0x0000, 0x0000, 0x0000, 0x0000, 0x0000, 0x0000, 0x0000, 0x0000, 0x0000, 0x0000, 0x0000, 0x0000, 0x0000,
    0x0000, 0x0000, 0x0000, 0x0000, 0x0000, 0x0000, 0x0000, 0x0000, 0x0000, 0x0000, 0x0000, 0x0000, 0x0000, 0x0000, 0x0000, 0x0000,
    0x0000, 0x0000, 0x0000, 0x0000, 0x0000, 0x0000, 0x0000, 0x0000, 0x0000, 0x0000, 0x0000, 0x0000, 0x0000, 0x0000, 0x0000, 0x0000,
    0x0000, 0x0000, 0x0000, 0x0000, 0x0000, 0x0000, 0x0000, 0x0000, 0x0000, 0x0000, 0x0000, 0x0000, 0x0000, 0x0000, 0x0000, 0x0000,
    0x0000, 0x0000, 0x0000, 0x0000, 0x0000, 0x0000, 0x0000, 0x0000, 0x0000, 0x0000, 0x0000, 0x0000, 0x0000, 0x0000, 0x0000, 0x0000,
    0x0000, 0x0000, 0x0000, 0x0000, 0x0000, 0x0000, 0x0000, 0x0000, 0x0000, 0x0000, 0x0000, 0x0000, 0x0000, 0x0000, 0x0000, 0x0000,
    0x0000, 0x0000, 0x0000, 0x0000, 0x0000, 0x0000, 0x0000, 0x0000, 0x0000, 0x0000, 0x0000, 0x0000, 0x0000, 0x0000, 0x0000, 0x0000,
    0x0000, 0x0000, 0x0000, 0x0000, 0x0000, 0x0000, 0x83CC, 0x00A2, 0xBD10, 0xCDB2, 0xDE56, 0xE6DA, 0xE698, 0xE654, 0xE5EF, 0xEDCD,
    0xEDCB, 0xEDED, 0xEE74, 0xEE95, 0xEE94, 0xEE93, 0xF62D, 0xF60A, 0xF60A, 0xF60A, 0xF609, 0xF609, 0xF60A, 0xF60B, 0xEE71, 0xEEB5,
    0xEED6, 0xEEF7, 0xEEB5, 0xEE11, 0xE5F0, 0xD590, 0xBCF0, 0xD570, 0x002C, 0x0000, 0x0000, 0x0000, 0x0000, 0x0000, 0x0000, 0x0000,
    0x0000, 0x0000, 0x0000, 0x0000, 0x0000, 0x0000, 0x0000, 0x0000, 0x0000, 0x0000, 0x0000, 0x0000, 0x0000, 0x0000, 0x0000, 0x0000,
    0x0000, 0x0000, 0x0000, 0x0000, 0x0000, 0x0000, 0x0000, 0x0000, 0x0000, 0x0000, 0x0000, 0x0000, 0x0000, 0x0000, 0x0000, 0x0000,
    0x0000, 0x0000, 0x0000, 0x0000, 0x0000, 0x0000, 0x0000, 0x0000, 0x0000, 0x0000, 0x0000, 0x0000, 0x0000, 0x0000, 0x0000, 0x0000,
    0x0000, 0x0000, 0x0000, 0x0000, 0x0000, 0x0000, 0x0000, 0x0000, 0x0000, 0x0000, 0x0000, 0x0000, 0x0000, 0x0000, 0x0000, 0x0000,
    0x0000, 0x0000, 0x0000, 0x0000, 0x0000, 0x0000, 0x0000, 0x0000, 0x0000, 0x0000, 0x0000, 0x0000, 0x0000, 0x0000, 0x0000, 0x0000,
    0x0000, 0x0000, 0x0000, 0x0000, 0x0000, 0x0000, 0x0000, 0x0000, 0x0000, 0x0000, 0x0000, 0x0000, 0x0000, 0x0000, 0x0000, 0x0000,
    0x0000, 0x0000, 0x0000, 0x0000, 0x0000, 0x0000, 0x0000, 0x0000, 0x0000, 0x0000, 0x0000, 0x0000, 0x0000, 0x0000, 0x0000, 0x0000,
    0x0000, 0x0000, 0x0000, 0x0000, 0x0000, 0x0000, 0x0000, 0x0000, 0x0000, 0x0000, 0x0000, 0x0000, 0x0000, 0x0000, 0x0000, 0x0000,
    0x0000, 0x0000, 0x0000, 0x0000, 0x0000, 0x0000, 0x0000, 0x0000, 0x0000, 0x0000, 0x0000, 0x0000, 0x0000, 0x0000, 0x0000, 0x0000,
    0x0000, 0x0000, 0x0000, 0x0000, 0x0000, 0x0000, 0x0000, 0x0000, 0x0000, 0x0000, 0x0000, 0x0000, 0x0000, 0x0000, 0x0000, 0x0000,
    0x0000, 0x0000, 0x0000, 0x0000, 0x0000, 0x0000, 0x0000, 0x0000, 0x0000, 0x0000, 0x0000, 0x0000, 0x0000, 0x0000, 0x0000, 0x0000,
    0x0000, 0x0000, 0x0000, 0x0000, 0x0000, 0x0000, 0x0000, 0x0000, 0x0000, 0x0000, 0x0000, 0x0000, 0x0000, 0x0000, 0x0000, 0x0000,
    0x0000, 0x0000, 0x0000, 0x0000, 0x0000, 0xC551, 0xB4EF, 0xB4EF, 0xC571, 0xD5F4, 0xE6B9, 0xE6D9, 0xE698, 0xE634, 0xE5EF, 0xE5AD,
    0xEDAC, 0xEDCC, 0xEE52, 0xEE73, 0xEE53, 0xEE51, 0xEDEC, 0xF5EA, 0xF5EA, 0xF5EA, 0xF5EA, 0xF5EA, 0xF5EB, 0xF5EB, 0xEE51, 0xEEB5,
    0xEEB6, 0xEED7, 0xEED6, 0xEE32, 0xE5F0, 0xE5D0, 0xD570, 0x09EF, 0xBD10, 0x4B0E, 0x0000, 0x0000, 0x0000, 0x0000, 0x0000, 0x0000,
    0x0000, 0x0000, 0x0000, 0x0000, 0x0000, 0x0000, 0x0000, 0x0000, 0x0000, 0x0000, 0x0000, 0x0000, 0x0000, 0x0000, 0x0000, 0x0000,
    0x0000, 0x0000, 0x0000, 0x0000, 0x0000, 0x0000, 0x0000, 0x0000, 0x0000, 0x0000, 0x0000, 0x0000, 0x0000, 0x0000, 0x0000, 0x0000,
    0x0000, 0x0000, 0x0000, 0x0000, 0x0000, 0x0000, 0x0000, 0x0000, 0x0000, 0x0000, 0x0000, 0x0000, 0x0000, 0x0000, 0x0000, 0x0000,
    0x0000, 0x0000, 0x0000, 0x0000, 0x0000, 0x0000, 0x0000, 0x0000, 0x0000, 0x0000, 0x0000, 0x0000, 0x0000, 0x0000, 0x0000, 0x0000,
    0x0000, 0x0000, 0x0000, 0x0000, 0x0000, 0x0000, 0x0000, 0x0000, 0x0000, 0x0000, 0x0000, 0x0000, 0x0000, 0x0000, 0x0000, 0x0000,
    0x0000, 0x0000, 0x0000, 0x0000, 0x0000, 0x0000, 0x0000, 0x0000, 0x0000, 0x0000, 0x0000, 0x0000, 0x0000, 0x0000, 0x0000, 0x0000,
    0x0000, 0x0000, 0x0000, 0x0000, 0x0000, 0x0000, 0x0000, 0x0000, 0x0000, 0x0000, 0x0000, 0x0000, 0x0000, 0x0000, 0x0000, 0x0000,
    0x0000, 0x0000, 0x0000, 0x0000, 0x0000, 0x0000, 0x0000, 0x0000, 0x0000, 0x0000, 0x0000, 0x0000, 0x0000, 0x0000, 0x0000, 0x0000,
    0x0000, 0x0000, 0x0000, 0x0000, 0x0000, 0x0000, 0x0000, 0x0000, 0x0000, 0x0000, 0x0000, 0x0000, 0x0000, 0x0000, 0x0000, 0x0000,
    0x0000, 0x0000, 0x0000, 0x0000, 0x0000, 0x0000, 0x0000, 0x0000, 0x0000, 0x0000, 0x0000, 0x0000, 0x0000, 0x0000, 0x0000, 0x0000,
    0x0000, 0x0000, 0x0000, 0x0000, 0x0000, 0x0000, 0x0000, 0x0000, 0x0000, 0x0000, 0x0000, 0x0000, 0x0000, 0x0000, 0x0000, 0x0000,
    0x0000, 0x0000, 0x0000, 0x0000, 0x0000, 0x0000, 0x0000, 0x0000, 0x0000, 0x0000, 0x0000, 0x0000, 0x0000, 0x0000, 0x0000, 0x0000,
    0x0000, 0x0000, 0x0000, 0x0000, 0xB4CF, 0xACF0, 0x840E, 0xC530, 0xCD92, 0xDE36, 0xE6DA, 0xE6B9, 0xE698, 0xE633, 0xE5F0, 0xE5CE,
    0xE5AD, 0xE5CD, 0xEE11, 0xEE32, 0xEE12, 0xEE10, 0xEDED, 0xEE0D, 0xEE0D, 0xEE0D, 0xEE0D, 0xEE2E, 0xEE2E, 0xEE2F, 0xEE51, 0xEEB5,
    0xEED6, 0xEEF7, 0xEEF8, 0xEE94, 0xE610, 0xE5F0, 0xDDB0, 0xBD0F, 0xDDB0, 0xDD90, 0x0000, 0x0000, 0x0000, 0x0000, 0x0000, 0x0000,
    0x0000, 0x0000, 0x0000, 0x0000, 0x0000, 0x0000, 0x0000, 0x0000, 0x0000, 0x0000, 0x0000, 0x0000, 0x0000, 0x0000, 0x0000, 0x0000,
    0x0000, 0x0000, 0x0000, 0x0000, 0x0000, 0x0000, 0x0000, 0x0000, 0x0000, 0x0000, 0x0000, 0x0000, 0x0000, 0x0000, 0x0000, 0x0000,
    0x0000, 0x0000, 0x0000, 0x0000, 0x0000, 0x0000, 0x0000, 0x0000, 0x0000, 0x0000, 0x0000, 0x0000, 0x0000, 0x0000, 0x0000, 0x0000,
    0x0000, 0x0000, 0x0000, 0x0000, 0x0000, 0x0000, 0x0000, 0x0000, 0x0000, 0x0000, 0x0000, 0x0000, 0x0000, 0x0000, 0x0000, 0x0000,
    0x0000, 0x0000, 0x0000, 0x0000, 0x0000, 0x0000, 0x0000, 0x0000, 0x0000, 0x0000, 0x0000, 0x0000, 0x0000, 0x0000, 0x0000, 0x0000,
    0x0000, 0x0000, 0x0000, 0x0000, 0x0000, 0x0000, 0x0000, 0x0000, 0x0000, 0x0000, 0x0000, 0x0000, 0x0000, 0x0000, 0x0000, 0x0000,
    0x0000, 0x0000, 0x0000, 0x0000, 0x0000, 0x0000, 0x0000, 0x0000, 0x0000, 0x0000, 0x0000, 0x0000, 0x0000, 0x0000, 0x0000, 0x0000,
    0x0000, 0x0000, 0x0000, 0x0000, 0x0000, 0x0000, 0x0000, 0x0000, 0x0000, 0x0000, 0x0000, 0x0000, 0x0000, 0x0000, 0x0000, 0x0000,
    0x0000, 0x0000, 0x0000, 0x0000, 0x0000, 0x0000, 0x0000, 0x0000, 0x0000, 0x0000, 0x0000, 0x0000, 0x0000, 0x0000, 0x0000, 0x0000,
    0x0000, 0x0000, 0x0000, 0x0000, 0x0000, 0x0000, 0x0000, 0x0000, 0x0000, 0x0000, 0x0000, 0x0000, 0x0000, 0x0000, 0x0000, 0x0000,
    0x0000, 0x0000, 0x0000, 0x0000, 0x0000, 0x0000, 0x0000, 0x0000, 0x0000, 0x0000, 0x0000, 0x0000, 0x0000, 0x0000, 0x0000, 0x0000,
    0x0000, 0x0000, 0x0000, 0x0000, 0x0000, 0x0000, 0x0000, 0x0000, 0x0000, 0x0000, 0x0000, 0x0000, 0x0000, 0x0000, 0x0000, 0x0000,
    0x0000, 0x0000, 0x0000, 0x0000, 0xACAF, 0xCD71, 0xBD10, 0xC571, 0xD5D3, 0xE6B9, 0xE6DA, 0xE6DA, 0xE6B9, 0xDE56, 0xDE14, 0xE613,
    0xE612, 0xE5F1, 0xE613, 0xE613, 0xE613, 0xE612, 0xE610, 0xE5EF, 0xE5CE, 0xE5CD, 0xE5CE, 0xE5EF, 0xE610, 0xEE31, 0xEE74, 0xEED6,
    0xEEF7, 0xEEF7, 0xEEF7, 0xEED7, 0xEE32, 0xE5F0, 0xE5D0, 0xD570, 0xA48F, 0xACAF, 0xACD0, 0x0000, 0x0000, 0x0000, 0x0000, 0x0000,
    0x0000, 0x0000, 0x0000, 0x0000, 0x0000, 0x0000, 0x0000, 0x0000, 0x0000, 0x0000, 0x0000, 0x0000, 0x0000, 0x0000, 0x0000, 0x0000,
    0x0000, 0x0000, 0x0000, 0x0000, 0x0000, 0x0000, 0x0000, 0x0000, 0x0000, 0x0000, 0x0000, 0x0000, 0x0000, 0x0000, 0x0000, 0x0000,
    0x0000, 0x0000, 0x0000, 0x0000, 0x0000, 0x0000, 0x0000, 0x0000, 0x0000, 0x0000, 0x0000, 0x0000, 0x0000, 0x0000, 0x0000, 0x0000,
    0x0000, 0x0000, 0x0000, 0x0000, 0x0000, 0x0000, 0x0000, 0x0000, 0x0000, 0x0000, 0x0000, 0x0000, 0x0000, 0x0000, 0x0000, 0x0000,
    0x0000, 0x0000, 0x0000, 0x0000, 0x0000, 0x0000, 0x0000, 0x0000, 0x0000, 0x0000, 0x0000, 0x0000, 0x0000, 0x0000, 0x0000, 0x0000,
    0x0000, 0x0000, 0x0000, 0x0000, 0x0000, 0x0000, 0x0000, 0x0000, 0x0000, 0x0000, 0x0000, 0x0000, 0x0000, 0x0000, 0x0000, 0x0000,
    0x0000, 0x0000, 0x0000, 0x0000, 0x0000, 0x0000, 0x0000, 0x0000, 0x0000, 0x0000, 0x0000, 0x0000, 0x0000, 0x0000, 0x0000, 0x0000,
    0x0000, 0x0000, 0x0000, 0x0000, 0x0000, 0x0000, 0x0000, 0x0000, 0x0000, 0x0000, 0x0000, 0x0000, 0x0000, 0x0000, 0x0000, 0x0000,
    0x0000, 0x0000, 0x0000, 0x0000, 0x0000, 0x0000, 0x0000, 0x0000, 0x0000, 0x0000, 0x0000, 0x0000, 0x0000, 0x0000, 0x0000, 0x0000,
    0x0000, 0x0000, 0x0000, 0x0000, 0x0000, 0x0000, 0x0000, 0x0000, 0x0000, 0x0000, 0x0000, 0x0000, 0x0000, 0x0000, 0x0000, 0x0000,
    0x0000, 0x0000, 0x0000, 0x0000, 0x0000, 0x0000, 0x0000, 0x0000, 0x0000, 0x0000, 0x0000, 0x0000, 0x0000, 0x0000, 0x0000, 0x0000,
    0x0000, 0x0000, 0x0000, 0x0000, 0x0000, 0x0000, 0x0000, 0x0000, 0x0000, 0x0000, 0x0000, 0x0000, 0x0000, 0x0000, 0x0000, 0x0000,
    0x0000, 0x0000, 0x0000, 0xA48E, 0xB4F0, 0xA4AF, 0xC551, 0xCD92, 0xDE36, 0xE6FA, 0xDEB9, 0xDE99, 0xDE98, 0xDE78, 0xDE57, 0xDE36,
    0xDE15, 0xDDF4, 0xDDF3, 0xDDF3, 0xDDD1, 0xDD8E, 0xDD8D, 0xDD6C, 0xDD4B, 0xDD4B, 0xDD6B, 0xDD8C, 0xDDAD, 0xE5CE, 0xE610, 0xE653,
    0xEE74, 0xE674, 0xE653, 0xE653, 0xE612, 0xE5F0, 0xE5F0, 0xDDB0, 0xCD50, 0xFFF4, 0xACAF, 0xCDD3, 0x0000, 0x0000, 0x0000, 0x0000,
    0x0000, 0x0000, 0x0000, 0x0000, 0x0000, 0x0000, 0x0000, 0x0000, 0x0000, 0x0000, 0x0000, 0x0000, 0x0000, 0x0000, 0x0000, 0x0000,
    0x0000, 0x0000, 0x0000, 0x0000, 0x0000, 0x0000, 0x0000, 0x0000, 0x0000, 0x0000, 0x0000, 0x0000, 0x0000, 0x0000, 0x0000, 0x0000,
    0x0000, 0x0000, 0x0000, 0x0000, 0x0000, 0x0000, 0x0000, 0x0000, 0x0000, 0x0000, 0x0000, 0x0000, 0x0000, 0x0000, 0x0000, 0x0000,
    0x0000, 0x0000, 0x0000, 0x0000, 0x0000, 0x0000, 0x0000, 0x0000, 0x0000, 0x0000, 0x0000, 0x0000, 0x0000, 0x0000, 0x0000, 0x0000,
    0x0000, 0x0000, 0x0000, 0x0000, 0x0000, 0x0000, 0x0000, 0x0000, 0x0000, 0x0000, 0x0000, 0x0000, 0x0000, 0x0000, 0x0000, 0x0000,
    0x0000, 0x0000, 0x0000, 0x0000, 0x0000, 0x0000, 0x0000, 0x0000, 0x0000, 0x0000, 0x0000, 0x0000, 0x0000, 0x0000, 0x0000, 0x0000,
    0x0000, 0x0000, 0x0000, 0x0000, 0x0000, 0x0000, 0x0000, 0x0000, 0x0000, 0x0000, 0x0000, 0x0000, 0x0000, 0x0000, 0x0000, 0x0000,
    0x0000, 0x0000, 0x0000, 0x0000, 0x0000, 0x0000, 0x0000, 0x0000, 0x0000, 0x0000, 0x0000, 0x0000, 0x0000, 0x0000, 0x0000, 0x0000,
    0x0000, 0x0000, 0x0000, 0x0000, 0x0000, 0x0000, 0x0000, 0x0000, 0x0000, 0x0000, 0x0000, 0x0000, 0x0000, 0x0000, 0x0000, 0x0000,
    0x0000, 0x0000, 0x0000, 0x0000, 0x0000, 0x0000, 0x0000, 0x0000, 0x0000, 0x0000, 0x0000, 0x0000, 0x0000, 0x0000, 0x0000, 0x0000,
    0x0000, 0x0000, 0x0000, 0x0000, 0x0000, 0x0000, 0x0000, 0x0000, 0x0000, 0x0000, 0x0000, 0x0000, 0x0000, 0x0000, 0x0000, 0x0000,
    0x0000, 0x0000, 0x0000, 0x0000, 0x0000, 0x0000, 0x0000, 0x0000, 0x0000, 0x0000, 0x0000, 0x0000, 0x0000, 0x0000, 0x0000, 0x0000,
    0x0000, 0x0000, 0x9CAF, 0x944C, 0xFFFF, 0xB510, 0xC572, 0xCDB3, 0xCDF5, 0xD616, 0xCE17, 0xD657, 0xD657, 0xD616, 0xD5B4, 0xD592,
    0xD590, 0xD58F, 0xD56D, 0xD56D, 0xD54C, 0xD54A, 0xD54A, 0xD54A, 0xD54A, 0xD54A, 0xD54A, 0xD54A, 0xDD4A, 0xDD6B, 0xDD6B, 0xDD8C,
    0xDDCE, 0xE5EF, 0xE631, 0xE652, 0xE653, 0xE653, 0xE612, 0xDDD1, 0xD590, 0xBCF0, 0xFED5, 0xACF1, 0x736D, 0x942E, 0x0000, 0x0000,
    0x0000, 0x0000, 0x0000, 0x0000, 0x0000, 0x0000, 0x0000, 0x0000, 0x0000, 0x0000, 0x0000, 0x0000, 0x0000, 0x0000, 0x0000, 0x0000,
    0x0000, 0x0000, 0x0000, 0x0000, 0x0000, 0x0000, 0x0000, 0x0000, 0x0000, 0x0000, 0x0000, 0x0000, 0x0000, 0x0000, 0x0000, 0x0000,
    0x0000, 0x0000, 0x0000, 0x0000, 0x0000, 0x0000, 0x0000, 0x0000, 0x0000, 0x0000, 0x0000, 0x0000, 0x0000, 0x0000, 0x0000, 0x0000,
    0x0000, 0x0000, 0x0000, 0x0000, 0x0000, 0x0000, 0x0000, 0x0000, 0x0000, 0x0000, 0x0000, 0x0000, 0x0000, 0x0000, 0x0000, 0x0000,
    0x0000, 0x0000, 0x0000, 0x0000, 0x0000, 0x0000, 0x0000, 0x0000, 0x0000, 0x0000, 0x0000, 0x0000, 0x0000, 0x0000, 0x0000, 0x0000,
    0x0000, 0x0000, 0x0000, 0x0000, 0x0000, 0x0000, 0x0000, 0x0000, 0x0000, 0x0000, 0x0000, 0x0000, 0x0000, 0x0000, 0x0000, 0x0000,
    0x0000, 0x0000, 0x0000, 0x0000, 0x0000, 0x0000, 0x0000, 0x0000, 0x0000, 0x0000, 0x0000, 0x0000, 0x0000, 0x0000, 0x0000, 0x0000,
    0x0000, 0x0000, 0x0000, 0x0000, 0x0000, 0x0000, 0x0000, 0x0000, 0x0000, 0x0000, 0x0000, 0x0000, 0x0000, 0x0000, 0x0000, 0x0000,
    0x0000, 0x0000, 0x0000, 0x0000, 0x0000, 0x0000, 0x0000, 0x0000, 0x0000, 0x0000, 0x0000, 0x0000, 0x0000, 0x0000, 0x0000, 0x0000,
    0x0000, 0x0000, 0x0000, 0x0000, 0x0000, 0x0000, 0x0000, 0x0000, 0x0000, 0x0000, 0x0000, 0x0000, 0x0000, 0x0000, 0x0000, 0x0000,
    0x0000, 0x0000, 0x0000, 0x0000, 0x0000, 0x0000, 0x0000, 0x0000, 0x0000, 0x0000, 0x0000, 0x0000, 0x0000, 0x0000, 0x0000, 0x0000,
    0x0000, 0x0000, 0x0000, 0x0000, 0x0000, 0x0000, 0x0000, 0x0000, 0x0000, 0x0000, 0x0000, 0x0000, 0x0000, 0x0000, 0x0000, 0x0000,
    0x0000, 0x942D, 0x6367, 0xA48F, 0xA48F, 0xBD31, 0xCD93, 0xCDD5, 0xD616, 0xD637, 0xD5F6, 0xCD93, 0xC510, 0xCCEE, 0xCD0C, 0xD50B,
    0xD54B, 0xD54B, 0xD54A, 0xD54A, 0xD54A, 0xD54A, 0xDD4A, 0xDD4A, 0xDD4A, 0xDD4A, 0xDD6A, 0xDD6A, 0xDD6A, 0xDD6A, 0xDD6A, 0xDD6A,
    0xDD8B, 0xDDAB, 0xE5CD, 0xE60E, 0xE630, 0xE672, 0xE694, 0xE675, 0xDE34, 0xD5F3, 0xBD72, 0x9C6F, 0xF6B6, 0x944F, 0xC552, 0x0000,
    0x0000, 0x0000, 0x0000, 0x0000, 0x0000, 0x0000, 0x0000, 0x0000, 0x0000, 0x0000, 0x0000, 0x0000, 0x0000, 0x0000, 0x0000, 0x0000,
    0x0000, 0x0000, 0x0000, 0x0000, 0x0000, 0x0000, 0x0000, 0x0000, 0x0000, 0x0000, 0x0000, 0x0000, 0x0000, 0x0000, 0x0000, 0x0000,
    0x0000, 0x0000, 0x0000, 0x0000, 0x0000, 0x0000, 0x0000, 0x0000, 0x0000, 0x0000, 0x0000, 0x0000, 0x0000, 0x0000, 0x0000, 0x0000,
    0x0000, 0x0000, 0x0000, 0x0000, 0x0000, 0x0000, 0x0000, 0x0000, 0x0000, 0x0000, 0x0000, 0x0000, 0x0000, 0x0000, 0x0000, 0x0000,
    0x0000, 0x0000, 0x0000, 0x0000, 0x0000, 0x0000, 0x0000, 0x0000, 0x0000, 0x0000, 0x0000, 0x0000, 0x0000, 0x0000, 0x0000, 0x0000,
    0x0000, 0x0000, 0x0000, 0x0000, 0x0000, 0x0000, 0x0000, 0x0000, 0x0000, 0x0000, 0x0000, 0x0000, 0x0000, 0x0000, 0x0000, 0x0000,
    0x0000, 0x0000, 0x0000, 0x0000, 0x0000, 0x0000, 0x0000, 0x0000, 0x0000, 0x0000, 0x0000, 0x0000, 0x0000, 0x0000, 0x0000, 0x0000,
    0x0000, 0x0000, 0x0000, 0x0000, 0x0000, 0x0000, 0x0000, 0x0000, 0x0000, 0x0000, 0x0000, 0x0000, 0x0000, 0x0000, 0x0000, 0x0000,
    0x0000, 0x0000, 0x0000, 0x0000, 0x0000, 0x0000, 0x0000, 0x0000, 0x0000, 0x0000, 0x0000, 0x0000, 0x0000, 0x0000, 0x0000, 0x0000,
    0x0000, 0x0000, 0x0000, 0x0000, 0x0000, 0x0000, 0x0000, 0x0000, 0x0000, 0x0000, 0x0000, 0x0000, 0x0000, 0x0000, 0x0000, 0x0000,
    0x0000, 0x0000, 0x0000, 0x0000, 0x0000, 0x0000, 0x0000, 0x0000, 0x0000, 0x0000, 0x0000, 0x0000, 0x0000, 0x0000, 0x0000, 0x0000,
    0x0000, 0x0000, 0x0000, 0x0000, 0x0000, 0x0000, 0x0000, 0x0000, 0x0000, 0x0000, 0x0000, 0x0000, 0x0000, 0x0000, 0x0000, 0x942E,
    0x838B, 0xA4F1, 0xD617, 0x9C6F, 0xB532, 0xCDF5, 0xD657, 0xDE57, 0xD5F6, 0xCD52, 0xC4CF, 0xC4AD, 0xCCEC, 0xD50B, 0xD52A, 0xD54A,
    0xDD4A, 0xDD6A, 0xDD6A, 0xDD8A, 0xDD8A, 0xDD6A, 0xDD6A, 0xDD6A, 0xDD6A, 0xDD6A, 0xDD8A, 0xDD8A, 0xDD8A, 0xDD8A, 0xDD8A, 0xE5AA,
    0xE5AA, 0xE5AA, 0xE5CB, 0xE5EC, 0xE62F, 0xEE93, 0xEEB4, 0xEEB4, 0xEEB4, 0xE695, 0xDE34, 0xD5D3, 0xBD52, 0x944F, 0xDE14, 0xC573,
    0xFFFF, 0xB4F1, 0x0000, 0x0000, 0x0000, 0x0000, 0x0000, 0x0000, 0x0000, 0x0000, 0x0000, 0x0000, 0x0000, 0x0000, 0x0000, 0x0000,
    0x0000, 0x0000, 0x0000, 0x0000, 0x0000, 0x0000, 0x0000, 0x0000, 0x0000, 0x0000, 0x0000, 0x0000, 0x0000, 0x0000, 0x0000, 0x0000,
    0x0000, 0x0000, 0x0000, 0x0000, 0x0000, 0x0000, 0x0000, 0x0000, 0x0000, 0x0000, 0x0000, 0x0000, 0x0000, 0x0000, 0x0000, 0x0000,
    0x0000, 0x0000, 0x0000, 0x0000, 0x0000, 0x0000, 0x0000, 0x0000, 0x0000, 0x0000, 0x0000, 0x0000, 0x0000, 0x0000, 0x0000, 0x0000,
    0x0000, 0x0000, 0x0000, 0x0000, 0x0000, 0x0000, 0x0000, 0x0000, 0x0000, 0x0000, 0x0000, 0x0000, 0x0000, 0x0000, 0x0000, 0x0000,
    0x0000, 0x0000, 0x0000, 0x0000, 0x0000, 0x0000, 0x0000, 0x0000, 0x0000, 0x0000, 0x0000, 0x0000, 0x0000, 0x0000, 0x0000, 0x0000,
    0x0000, 0x0000, 0x0000, 0x0000, 0x0000, 0x0000, 0x0000, 0x0000, 0x0000, 0x0000, 0x0000, 0x0000, 0x0000, 0x0000, 0x0000, 0x0000,
    0x0000, 0x0000, 0x0000, 0x0000, 0x0000, 0x0000, 0x0000, 0x0000, 0x0000, 0x0000, 0x0000, 0x0000, 0x0000, 0x0000, 0x0000, 0x0000,
    0x0000, 0x0000, 0x0000, 0x0000, 0x0000, 0x0000, 0x0000, 0x0000, 0x0000, 0x0000, 0x0000, 0x0000, 0x0000, 0x0000, 0x0000, 0x0000,
    0x0000, 0x0000, 0x0000, 0x0000, 0x0000, 0x0000, 0x0000, 0x0000, 0x0000, 0x0000, 0x0000, 0x0000, 0x0000, 0x0000, 0x0000, 0x0000,
    0x0000, 0x0000, 0x0000, 0x0000, 0x0000, 0x0000, 0x0000, 0x0000, 0x0000, 0x0000, 0x0000, 0x0000, 0x0000, 0x0000, 0x0000, 0x0000,
    0x0000, 0x0000, 0x0000, 0x0000, 0x0000, 0x0000, 0x0000, 0x0000, 0x0000, 0x0000, 0x0000, 0x0000, 0x0000, 0x0000, 0xA4D1, 0x8BCC,
    0xC5D6, 0x7B6A, 0xAD12, 0xC5D6, 0xD678, 0xDE78, 0xD5D5, 0xCD31, 0xC4AE, 0xC4AC, 0xCCCB, 0xCD0B, 0xD52A, 0xD54A, 0xDD6A, 0xDD6A,
    0xDD8A, 0xE58A, 0xE5AA, 0xE5AA, 0xE5AA, 0xDD8A, 0xDD8A, 0xE5AA, 0xE5AA, 0xE5CA, 0xE5CA, 0xE5CA, 0xE5CA, 0xE5CA, 0xE5CA, 0xE5CA,
    0xE5EA, 0xE5EA, 0xE5EB, 0xE60C, 0xEE92, 0xEEF5, 0xEEF6, 0xEF17, 0xEEF6, 0xEEB4, 0xEE94, 0xE674, 0xDE34, 0xCDD3, 0xBD52, 0x0000,
    0xC572, 0x1949, 0x29CA, 0x0000, 0x0000, 0x0000, 0x0000, 0x0000, 0x0000, 0x0000, 0x0000, 0x0000, 0x0000, 0x0000, 0x0000, 0x0000,
    0x0000, 0x0000, 0x0000, 0x0000, 0x0000, 0x0000, 0x0000, 0x0000, 0x0000, 0x0000, 0x0000, 0x0000, 0x0000, 0x0000, 0x0000, 0x0000,
    0x0000, 0x0000, 0x0000, 0x0000, 0x0000, 0x0000, 0x0000, 0x0000, 0x0000, 0x0000, 0x0000, 0x0000, 0x0000, 0x0000, 0x0000, 0x0000,
    0x0000, 0x0000, 0x0000, 0x0000, 0x0000, 0x0000, 0x0000, 0x0000, 0x0000, 0x0000, 0x0000, 0x0000, 0x0000, 0x0000, 0x0000, 0x0000,
    0x0000, 0x0000, 0x0000, 0x0000, 0x0000, 0x0000, 0x0000, 0x0000, 0x0000, 0x0000, 0x0000, 0x0000, 0x0000, 0x0000, 0x0000, 0x0000,
    0x0000, 0x0000, 0x0000, 0x0000, 0x0000, 0x0000, 0x0000, 0x0000, 0x0000, 0x0000, 0x0000, 0x0000, 0x0000, 0x0000, 0x0000, 0x0000,
    0x0000, 0x0000, 0x0000, 0x0000, 0x0000, 0x0000, 0x0000, 0x0000, 0x0000, 0x0000, 0x0000, 0x0000, 0x0000, 0x0000, 0x0000, 0x0000,
    0x0000, 0x0000, 0x0000, 0x0000, 0x0000, 0x0000, 0x0000, 0x0000, 0x0000, 0x0000, 0x0000, 0x0000, 0x0000, 0x0000, 0x0000, 0x0000,
    0x0000, 0x0000, 0x0000, 0x0000, 0x0000, 0x0000, 0x0000, 0x0000, 0x0000, 0x0000, 0x0000, 0x0000, 0x0000, 0x0000, 0x0000, 0x0000,
    0x0000, 0x0000, 0x0000, 0x0000, 0x0000, 0x0000, 0x0000, 0x0000, 0x0000, 0x0000, 0x0000, 0x0000, 0x0000, 0x0000, 0x0000, 0x0000,
    0x0000, 0x0000, 0x0000, 0x0000, 0x0000, 0x0000, 0x0000, 0x0000, 0x0000, 0x0000, 0x0000, 0x0000, 0x0000, 0x0000, 0x0000, 0x0000,
    0x0000, 0x0000, 0x0000, 0x0000, 0x0000, 0x0000, 0x0000, 0x0000, 0x0000, 0x0000, 0x0000, 0x0000, 0x0000, 0x944E, 0x944E, 0xFFFF,
    0xA4B1, 0xBDB5, 0xD658, 0xDE78, 0xD5D5, 0xC511, 0xC4AE, 0xC4AC, 0xCCCB, 0xCCEB, 0xD52A, 0xD54A, 0xDD6A, 0xDD8A, 0xDD8A, 0xE5AA,
    0xE5AA, 0xE5AA, 0xE5AA, 0xE5AA, 0xE5CA, 0xE5CA, 0xE5CA, 0xE60B, 0xEE2B, 0xEE2B, 0xEE4C, 0xEE4C, 0xEE6C, 0xEE4C, 0xEE4C, 0xEE4C,
    0xEE2B, 0xEE0B, 0xEE0B, 0xEE4D, 0xEED4, 0xEEF6, 0xEF16, 0xF717, 0xF738, 0xF717, 0xEEF6, 0xEEB5, 0xEEB5, 0xE675, 0xDE34, 0xCDD3,
    0xB511, 0xEE55, 0x52CC, 0xACF1, 0x0000, 0x0000, 0x0000, 0x0000, 0x0000, 0x94BA, 0x94BA, 0x94BA, 0x94BA, 0x0000, 0x0000, 0x0000,
    0x0000, 0x0000, 0x0000, 0x0000, 0x0000, 0x0000, 0x0000, 0x0000, 0x0000, 0x0000, 0x0000, 0x0000, 0x0000, 0x0000, 0x0000, 0x0000,
    0x0000, 0x0000, 0x0000, 0x0000, 0x0000, 0x0000, 0x0000, 0x0000, 0x0000, 0x0000, 0x0000, 0x0000, 0x0000, 0x0000, 0x0000, 0x0000,
    0x0000, 0x0000, 0x0000, 0x0000, 0x0000, 0x0000, 0x0000, 0x0000, 0x0000, 0x0000, 0x0000, 0x0000, 0x0000, 0x0000, 0x0000, 0x0000,
    0x0000, 0x0000, 0x0000, 0x0000, 0x0000, 0x0000, 0x0000, 0x0000, 0x0000, 0x0000, 0x0000, 0x0000, 0x0000, 0x0000, 0x0000, 0x0000,
    0x0000, 0x0000, 0x0000, 0x0000, 0x0000, 0x0000, 0x0000, 0x0000, 0x0000, 0x0000, 0x0000, 0x0000, 0x0000, 0x0000, 0x0000, 0x0000,
    0x0000, 0x0000, 0x0000, 0x0000, 0x0000, 0x0000, 0x0000, 0x0000, 0x0000, 0x0000, 0x0000, 0x0000, 0x0000, 0x0000, 0x0000, 0x0000,
    0x0000, 0x0000, 0x0000, 0x0000, 0x0000, 0x0000, 0x0000, 0x0000, 0x0000, 0x0000, 0x0000, 0x0000, 0x0000, 0x0000, 0x0000, 0x0000,
    0x0000, 0x0000, 0x0000, 0x0000, 0x0000, 0x0000, 0x0000, 0x0000, 0x0000, 0x0000, 0x0000, 0x0000, 0x0000, 0x0000, 0x0000, 0x0000,
    0x0000, 0x0000, 0x0000, 0x0000, 0x0000, 0x0000, 0x0000, 0x0000, 0x0000, 0x0000, 0x0000, 0x0000, 0x0000, 0x0000, 0x0000, 0x0000,
    0x0000, 0x0000, 0x0000, 0x0000, 0x0000, 0x0000, 0x0000, 0x0000, 0x0000, 0x0000, 0x0000, 0x0000, 0x0000, 0x0000, 0x0000, 0x0000,
    0x0000, 0x0000, 0x0000, 0x0000, 0x0000, 0x0000, 0x0000, 0x0000, 0x0000, 0x0000, 0x0000, 0xBD94, 0x944E, 0xAD12, 0x940D, 0xB574,
    0xCE37, 0xD678, 0xD5F6, 0xC531, 0xC4AE, 0xC4AC, 0xCCCB, 0xCCEB, 0xD52B, 0xD54B, 0xDD4A, 0xDD6A, 0xDD8A, 0xE5AA, 0xE5AA, 0xE5AA,
    0xE5A9, 0xE5C9, 0xE5C9, 0xE5CA, 0xE5EA, 0xE60A, 0xEE2B, 0xEE6C, 0xEE8D, 0xEEAE, 0xEEAE, 0xEEAE, 0xEEAE, 0xEEAE, 0xEEAE, 0xEE8E,
    0xEE8D, 0xEE4C, 0xEE2B, 0xEE4C, 0xEE90, 0xF6F4, 0xF716, 0xF716, 0xEF16, 0xF717, 0xF738, 0xF738, 0xEEF7, 0xEED6, 0xEE95, 0xE654,
    0xD5F3, 0xC593, 0x0000, 0xBD52, 0x1969, 0x4AAC, 0x0000, 0x9C2D, 0xFFEA, 0xCD8E, 0x01BF, 0xFFE0, 0xE60F, 0xD69A, 0xDE9A, 0x0000,
    0x0000, 0x0000, 0x0000, 0x0000, 0x0000, 0x0000, 0x0000, 0x0000, 0x0000, 0x0000, 0x0000, 0x0000, 0x0000, 0x0000, 0x0000, 0x0000,
    0x0000, 0x0000, 0x0000, 0x0000, 0x0000, 0x0000, 0x0000, 0x0000, 0x0000, 0x0000, 0x0000, 0x0000, 0x0000, 0x0000, 0x0000, 0x0000,
    0x0000, 0x0000, 0x0000, 0x0000, 0x0000, 0x0000, 0x0000, 0x0000, 0x0000, 0x0000, 0x0000, 0x0000, 0x0000, 0x0000, 0x0000, 0x0000,
    0x0000, 0x0000, 0x0000, 0x0000, 0x0000, 0x0000, 0x0000, 0x0000, 0x0000, 0x0000, 0x0000, 0x0000, 0x0000, 0x0000, 0x0000, 0x0000,
    0x0000, 0x0000, 0x0000, 0x0000, 0x0000, 0x0000, 0x0000, 0x0000, 0x0000, 0x0000, 0x0000, 0x0000, 0x0000, 0x0000, 0x0000, 0x0000,
    0x0000, 0x0000, 0x0000, 0x0000, 0x0000, 0x0000, 0x0000, 0x0000, 0x0000, 0x0000, 0x0000, 0x0000, 0x0000, 0x0000, 0x0000, 0x0000,
    0x0000, 0x0000, 0x0000, 0x0000, 0x0000, 0x0000, 0x0000, 0x0000, 0x0000, 0x0000, 0x0000, 0x0000, 0x0000, 0x0000, 0x0000, 0x0000,
    0x0000, 0x0000, 0x0000, 0x0000, 0x0000, 0x0000, 0x0000, 0x0000, 0x0000, 0x0000, 0x0000, 0x0000, 0x0000, 0x0000, 0x0000, 0x0000,
    0x0000, 0x0000, 0x0000, 0x0000, 0x0000, 0x0000, 0x0000, 0x0000, 0x0000, 0x0000, 0x0000, 0x0000, 0x0000, 0x0000, 0x0000, 0x0000,
    0x0000, 0x0000, 0x0000, 0x0000, 0x0000, 0x0000, 0x0000, 0x0000, 0x0000, 0x0000, 0x0000, 0x0000, 0x0000, 0x0000, 0x0000, 0x0000,
    0x0000, 0x0000, 0x0000, 0x0000, 0x0000, 0x0000, 0x0000, 0x0000, 0x0000, 0x0000, 0x9C90, 0x9C90, 0xFFFF, 0xA4D1, 0xC5D5, 0xD658,
    0xD637, 0xC573, 0xC4CF, 0xC4AD, 0xCCEB, 0xD50B, 0xD52B, 0xD54A, 0xDD6A, 0xDD6A, 0xDD8A, 0xDD8A, 0xE5AA, 0xE5C9, 0xE5C9, 0xE5C9,
    0xE5C9, 0xE5C9, 0xE5EA, 0xE5EA, 0xEE0A, 0xEE2B, 0xEE6C, 0xEE8E, 0xEEAE, 0xEEAF, 0xEEAF, 0xEEAF, 0xEEAF, 0xEEAF, 0xEEAF, 0xEEAF,
    0xEEAE, 0xEE8E, 0xEE6D, 0xEE4C, 0xEE4C, 0xEE8F, 0xEEF3, 0xF716, 0xEF16, 0xEEF5, 0xEEF6, 0xEF17, 0xF738, 0xF739, 0xEF17, 0xEED6,
    0xE675, 0xDE34, 0xCDB3, 0x9C50, 0xCDB3, 0x0000, 0x942F, 0x7B95, 0xDDCC, 0xD58C, 0xE62F, 0xE693, 0xDE74, 0xEE2B, 0xBFFF, 0xDEFE,
    0x0000, 0x0000, 0x0000, 0x0000, 0x0000, 0x0000, 0x0000, 0x0000, 0x0000, 0x0000, 0x0000, 0x0000, 0x0000, 0x0000, 0x0000, 0x0000,
    0x0000, 0x0000, 0x0000, 0x0000, 0x0000, 0x0000, 0x0000, 0x0000, 0x0000, 0x0000, 0x0000, 0x0000, 0x0000, 0x0000, 0x0000, 0x0000,
    0x0000, 0x0000, 0x0000, 0x0000, 0x0000, 0x0000, 0x0000, 0x0000, 0x0000, 0x0000, 0x0000, 0x0000, 0x0000, 0x0000, 0x0000, 0x0000,
    0x0000, 0x0000, 0x0000, 0x0000, 0x0000, 0x0000, 0x0000, 0x0000, 0x0000, 0x0000, 0x0000, 0x0000, 0x0000, 0x0000, 0x0000, 0x0000,
    0x0000, 0x0000, 0x0000, 0x0000, 0x0000, 0x0000, 0x0000, 0x0000, 0x0000, 0x0000, 0x0000, 0x0000, 0x0000, 0x0000, 0x0000, 0x0000,
    0x0000, 0x0000, 0x0000, 0x0000, 0x0000, 0x0000, 0x0000, 0x0000, 0x0000, 0x0000, 0x0000, 0x0000, 0x0000, 0x0000, 0x0000, 0x0000,
    0x0000, 0x0000, 0x0000, 0x0000, 0x0000, 0x0000, 0x0000, 0x0000, 0x0000, 0x0000, 0x0000, 0x0000, 0x0000, 0x0000, 0x0000, 0x0000,
    0x0000, 0x0000, 0x0000, 0x0000, 0x0000, 0x0000, 0x0000, 0x0000, 0x0000, 0x0000, 0x0000, 0x0000, 0x0000, 0x0000, 0x0000, 0x0000,
    0x0000, 0x0000, 0x0000, 0x0000, 0x0000, 0x0000, 0x0000, 0x0000, 0x0000, 0x0000, 0x0000, 0x0000, 0x0000, 0x0000, 0x0000, 0x0000,
    0x0000, 0x0000, 0x0000, 0x0000, 0x0000, 0x0000, 0x0000, 0x0000, 0x0000, 0x0000, 0x0000, 0x0000, 0x0000, 0x0000, 0x0000, 0x0000,
    0x0000, 0x0000, 0x0000, 0x0000, 0x0000, 0x0000, 0x0000, 0x0000, 0x0000, 0xA4D1, 0x9C6F, 0x72C7, 0xAD12, 0xC5F6, 0xD657, 0xCDD5,
    0xBD11, 0xC4CE, 0xCCEC, 0xD50B, 0xD54B, 0xDD6A, 0xDD6A, 0xE58A, 0xE5AA, 0xE5CA, 0xE5CA, 0xE5EA, 0xE5EA, 0xE5E9, 0xE5E9, 0xE5E9,
    0xE5EA, 0xEE0A, 0xEE0A, 0xEE2A, 0xEE4B, 0xEE4C, 0xEE6D, 0xEEAE, 0xEEAE, 0xEEAF, 0xEEAF, 0xEEAF, 0xEECF, 0xEEAF, 0xEEAF, 0xEEAF,
    0xEEAF, 0xEEAF, 0xEEAE, 0xEE8D, 0xEE6D, 0xEE6C, 0xEE6D, 0xEEB1, 0xEEF4, 0xEEF5, 0xEEF4, 0xEEF5, 0xEEF5, 0xF717, 0xF759, 0xF759,
    0xEEF7, 0xE695, 0xDE34, 0xCDD3, 0xB512, 0xD5F4, 0x08E6, 0xA44A, 0xFF6D, 0xD5AB, 0xEE4D, 0xEEB2, 0xE62F, 0xDE75, 0xE630, 0xF800,
    0xA6BF, 0x0000, 0x0000, 0x0000, 0x0000, 0x0000, 0x0000, 0x0000, 0x0000, 0x0000, 0x0000, 0x0000, 0x0000, 0x0000, 0x0000, 0x0000,
    0x0000, 0x0000, 0x0000, 0x0000, 0x0000, 0x0000, 0x0000, 0x0000, 0x0000, 0x0000, 0x0000, 0x0000, 0x0000, 0x0000, 0x0000, 0x0000,
    0x0000, 0x0000, 0x0000, 0x0000, 0x0000, 0x0000, 0x0000, 0x0000, 0x0000, 0x0000, 0x0000, 0x0000, 0x0000, 0x0000, 0x0000, 0x0000,
    0x0000, 0x0000, 0x0000, 0x0000, 0x0000, 0x0000, 0x0000, 0x0000, 0x0000, 0x0000, 0x0000, 0x0000, 0x0000, 0x0000, 0x0000, 0x0000,
    0x0000, 0x0000, 0x0000, 0x0000, 0x0000, 0x0000, 0x0000, 0x0000, 0x0000, 0x0000, 0x0000, 0x0000, 0x0000, 0x0000, 0x0000, 0x0000,
    0x0000, 0x0000, 0x0000, 0x0000, 0x0000, 0x0000, 0x0000, 0x0000, 0x0000, 0x0000, 0x0000, 0x0000, 0x0000, 0x0000, 0x0000, 0x0000,
    0x0000, 0x0000, 0x0000, 0x0000, 0x0000, 0x0000, 0x0000, 0x0000, 0x0000, 0x0000, 0x0000, 0x0000, 0x0000, 0x0000, 0x0000, 0x0000,
    0x0000, 0x0000, 0x0000, 0x0000, 0x0000, 0x0000, 0x0000, 0x0000, 0x0000, 0x0000, 0x0000, 0x0000, 0x0000, 0x0000, 0x0000, 0x0000,
    0x0000, 0x0000, 0x0000, 0x0000, 0x0000, 0x0000, 0x0000, 0x0000, 0x0000, 0x0000, 0x0000, 0x0000, 0x0000, 0x0000, 0x0000, 0x0000,
    0x0000, 0x0000, 0x0000, 0x0000, 0x0000, 0x0000, 0x0000, 0x0000, 0x0000, 0x0000, 0x0000, 0x0000, 0x0000, 0x0000, 0x0000, 0x0000,
    0x0000, 0x0000, 0x0000, 0x0000, 0x0000, 0x0000, 0x0000, 0x7B8A, 0x7349, 0xA4D1, 0x942E, 0xB574, 0xC5F6, 0xCE17, 0xC5B5, 0xC510,
    0xC4ED, 0xCD2C, 0xD54B, 0xDD6B, 0xDD8B, 0xE5AA, 0xE5CA, 0xE5EA, 0xEDEA, 0xEE0A, 0xEE0A, 0xEE0A, 0xEE0A, 0xEE0A, 0xEE0A, 0xEE0A,
    0xEE2A, 0xEE2B, 0xEE4B, 0xEE4B, 0xEE4B, 0xEE6C, 0xEE8D, 0xEE8D, 0xEEAE, 0xEEAE, 0xEEAF, 0xEEAF, 0xEECF, 0xEECF, 0xEECF, 0xEECF,
    0xEECF, 0xEECF, 0xEEAF, 0xEEAE, 0xEE8E, 0xEE6D, 0xEE6C, 0xEE6D, 0xEEAF, 0xEED2, 0xEEF4, 0xEED4, 0xEED3, 0xEEF4, 0xF716, 0xF738,
    0xF75A, 0xF718, 0xEEB6, 0xDE54, 0xD5F3, 0xB531, 0xFF16, 0xAC8B, 0x0000, 0xD58A, 0xEE2B, 0xF6B0, 0xEE4E, 0xE62F, 0xDEB9, 0xE695,
    0x8EFF, 0x0000, 0x0000, 0x0000, 0x0000, 0x0000, 0x0000, 0x0000, 0x0000, 0x0000, 0x0000, 0x0000, 0x0000, 0x0000, 0x0000, 0x0000,
    0x0000, 0x0000, 0x0000, 0x0000, 0x0000, 0x0000, 0x0000, 0x0000, 0x0000, 0x0000, 0x0000, 0x0000, 0x0000, 0x0000, 0x0000, 0x0000,
    0x0000, 0x0000, 0x0000, 0x0000, 0x0000, 0x0000, 0x0000, 0x0000, 0x0000, 0x0000, 0x0000, 0x0000, 0x0000, 0x0000, 0x0000, 0x0000,
    0x0000, 0x0000, 0x0000, 0x0000, 0x0000, 0x0000, 0x0000, 0x0000, 0x0000, 0x0000, 0x0000, 0x0000, 0x0000, 0x0000, 0x0000, 0x0000,
    0x0000, 0x0000, 0x0000, 0x0000, 0x0000, 0x0000, 0x0000, 0x0000, 0x0000, 0x0000, 0x0000, 0x0000, 0x0000, 0x0000, 0x0000, 0x0000,
    0x0000, 0x0000, 0x0000, 0x0000, 0x0000, 0x0000, 0x0000, 0x0000, 0x0000, 0x0000, 0x0000, 0x0000, 0x0000, 0x0000, 0x0000, 0x0000,
    0x0000, 0x0000, 0x0000, 0x0000, 0x0000, 0x0000, 0x0000, 0x0000, 0x0000, 0x0000, 0x0000, 0x0000, 0x0000, 0x0000, 0x0000, 0x0000,
    0x0000, 0x0000, 0x0000, 0x0000, 0x0000, 0x0000, 0x0000, 0x0000, 0x0000, 0x0000, 0x0000, 0x0000, 0x0000, 0x0000, 0x0000, 0x0000,
    0x0000, 0x0000, 0x0000, 0x0000, 0x0000, 0x0000, 0x0000, 0x0000, 0x0000, 0x0000, 0x0000, 0x0000, 0x0000, 0x0000, 0x0000, 0x0000,
    0x0000, 0x0000, 0x0000, 0x0000, 0x0000, 0x0000, 0x0000, 0x0000, 0x0000, 0x0000, 0x0000, 0x0000, 0x0000, 0x0000, 0x0000, 0x0000,
    0x0000, 0x0000, 0x0000, 0x0000, 0x0000, 0x0000, 0x83CC, 0x5A86, 0xACD2, 0x8BED, 0xB554, 0xBDF6, 0xC617, 0xCE38, 0xCD92, 0xCD2D,
    0xD54C, 0xDD6B, 0xDD8B, 0xE5AB, 0xE5EA, 0xEDEA, 0xEE0A, 0xEE0A, 0xEE0A, 0xEE0A, 0xEE0A, 0xEE0A, 0xEE0A, 0xEE2A, 0xEE2B, 0xEE2B,
    0xEE4B, 0xEE4B, 0xEE4B, 0xEE4B, 0xEE4B, 0xEE6C, 0xEE8D, 0xEEAE, 0xEEAE, 0xEEAE, 0xEEAE, 0xEEAF, 0xEEAF, 0xEEAF, 0xEECF, 0xEECF,
    0xEECF, 0xEECF, 0xEECF, 0xEEAE, 0xEEAE, 0xEE8D, 0xEE6C, 0xEE6C, 0xEE6D, 0xEE8D, 0xEEAF, 0xEEB0, 0xEE90, 0xEEB1, 0xEED3, 0xEEF5,
    0xF738, 0xF77A, 0xF73A, 0xEEB6, 0xE654, 0xD5D3, 0xB511, 0xF6D3, 0x82E2, 0xD589, 0xEE2A, 0xF68E, 0xF6B1, 0xEE0C, 0xE652, 0xCF3F,
    0xDE97, 0xD69B, 0x0000, 0x0000, 0x0000, 0x0000, 0x0000, 0x0000, 0x0000, 0x0000, 0x0000, 0x0000, 0x0000, 0x0000, 0x0000, 0x0000,
    0x0000, 0x0000, 0x0000, 0x0000, 0x0000, 0x0000, 0x0000, 0x0000, 0x0000, 0x0000, 0x0000, 0x0000, 0x0000, 0x0000, 0x0000, 0x0000,
    0x0000, 0x0000, 0x0000, 0x0000, 0x0000, 0x0000, 0x0000, 0x0000, 0x0000, 0x0000, 0x0000, 0x0000, 0x0000, 0x0000, 0x0000, 0x0000,
    0x0000, 0x0000, 0x0000, 0x0000, 0x0000, 0x0000, 0x0000, 0x0000, 0x0000, 0x0000, 0x0000, 0x0000, 0x0000, 0x0000, 0x0000, 0x0000,
    0x0000, 0x0000, 0x0000, 0x0000, 0x0000, 0x0000, 0x0000, 0x0000, 0x0000, 0x0000, 0x0000, 0x0000, 0x0000, 0x0000, 0x0000, 0x0000,
    0x0000, 0x0000, 0x0000, 0x0000, 0x0000, 0x0000, 0x0000, 0x0000, 0x0000, 0x0000, 0x0000, 0x0000, 0x0000, 0x0000, 0x0000, 0x0000,
    0x0000, 0x0000, 0x0000, 0x0000, 0x0000, 0x0000, 0x0000, 0x0000, 0x0000, 0x0000, 0x0000, 0x0000, 0x0000, 0x0000, 0x0000, 0x0000,
    0x0000, 0x0000, 0x0000, 0x0000, 0x0000, 0x0000, 0x0000, 0x0000, 0x0000, 0x0000, 0x0000, 0x0000, 0x0000, 0x0000, 0x0000, 0x0000,
    0x0000, 0x0000, 0x0000, 0x0000, 0x0000, 0x0000, 0x0000, 0x0000, 0x0000, 0x0000, 0x0000, 0x0000, 0x0000, 0x0000, 0x0000, 0x0000,
    0x0000, 0x0000, 0x0000, 0x0000, 0x0000, 0x0000, 0x0000, 0x0000, 0x0000, 0x0000, 0x0000, 0x0000, 0x0000, 0x0000, 0x0000, 0x0000,
    0x0000, 0x0000, 0x0000, 0x0000, 0x0000, 0x8BED, 0x6B09, 0xB4F1, 0x8C0E, 0xAD33, 0xBDF7, 0xCE38, 0xDEDA, 0xD656, 0xCD6F, 0xD58C,
    0xDDAC, 0xE5AB, 0xE5CB, 0xEDEA, 0xEE0A, 0xEE0A, 0xEE0A, 0xEE0A, 0xEE0A, 0xEE0A, 0xEE0A, 0xEE0A, 0xEE2A, 0xEE4B, 0xEE4B, 0xEE4B,
    0xEE4B, 0xEE4B, 0xEE4B, 0xEE4B, 0xEE6C, 0xEE8D, 0xEE8E, 0xEEAE, 0xEEAE, 0xEEAE, 0xEEAE, 0xEEAF, 0xEEAF, 0xEEAF, 0xEEAF, 0xEEAF,
    0xEECF, 0xEECF, 0xEECF, 0xEEAF, 0xEEAE, 0xEEAE, 0xEE8D, 0xEE8D, 0xEE6D, 0xEE6D, 0xEE6D, 0xEE6D, 0xEE8E, 0xEE8F, 0xEE90, 0xEEB2,
    0xEEF5, 0xF737, 0xF75A, 0xF75A, 0xEED6, 0xE674, 0xD5F3, 0xBD31, 0x8AE0, 0xD567, 0xEE2A, 0xEE4C, 0xF6B1, 0xEE2B, 0xE62E, 0xE696,
    0xFCA0, 0xA65F, 0x0000, 0x0000, 0x0000, 0x0000, 0x0000, 0x0000, 0x0000, 0x0000, 0x0000, 0x0000, 0x0000, 0x0000, 0x0000, 0x0000,
    0x0000, 0x0000, 0x0000, 0x0000, 0x0000, 0x0000, 0x0000, 0x0000, 0x0000, 0x0000, 0x0000, 0x0000, 0x0000, 0x0000, 0x0000, 0x0000,
    0x0000, 0x0000, 0x0000, 0x0000, 0x0000, 0x0000, 0x0000, 0x0000, 0x0000, 0x0000, 0x0000, 0x0000, 0x0000, 0x0000, 0x0000, 0x0000,
    0x0000, 0x0000, 0x0000, 0x0000, 0x0000, 0x0000, 0x0000, 0x0000, 0x0000, 0x0000, 0x0000, 0x0000, 0x0000, 0x0000, 0x0000, 0x0000,
    0x0000, 0x0000, 0x0000, 0x0000, 0x0000, 0x0000, 0x0000, 0x0000, 0x0000, 0x0000, 0x0000, 0x0000, 0x0000, 0x0000, 0x0000, 0x0000,
    0x0000, 0x0000, 0x0000, 0x0000, 0x0000, 0x0000, 0x0000, 0x0000, 0x0000, 0x0000, 0x0000, 0x0000, 0x0000, 0x0000, 0x0000, 0x0000,
    0x0000, 0x0000, 0x0000, 0x0000, 0x0000, 0x0000, 0x0000, 0x0000, 0x0000, 0x0000, 0x0000, 0x0000, 0x0000, 0x0000, 0x0000, 0x0000,
    0x0000, 0x0000, 0x0000, 0x0000, 0x0000, 0x0000, 0x0000, 0x0000, 0x0000, 0x0000, 0x0000, 0x0000, 0x0000, 0x0000, 0x0000, 0x0000,
    0x0000, 0x0000, 0x0000, 0x0000, 0x0000, 0x0000, 0x0000, 0x0000, 0x0000, 0x0000, 0x0000, 0x0000, 0x0000, 0x0000, 0x0000, 0x0000,
    0x0000, 0x0000, 0x0000, 0x0000, 0x0000, 0x0000, 0x0000, 0x0000, 0x0000, 0x0000, 0x0000, 0x0000, 0x0000, 0x0000, 0x0000, 0x0000,
    0x0000, 0x0000, 0x0000, 0x0000, 0x8BCD, 0x8BCD, 0xBD53, 0x942E, 0xACF2, 0xBDB6, 0xCE79, 0xE71B, 0xE6D9, 0xD5D1, 0xD58D, 0xDDAC,
    0xE5CB, 0xE5EA, 0xEE0A, 0xEE0A, 0xEE0A, 0xEE0A, 0xEE0A, 0xEE0A, 0xEE0A, 0xEE0A, 0xEE0A, 0xEE2A, 0xEE4B, 0xEE4B, 0xEE4B, 0xEE4B,
    0xEE4B, 0xEE4B, 0xEE6C, 0xEE6C, 0xEE6C, 0xEE8D, 0xEEAE, 0xEEAE, 0xEEAF, 0xEEAF, 0xEEAF, 0xEEAF, 0xEEAF, 0xEEAF, 0xEEAF, 0xEEAF,
    0xEEAF, 0xEECF, 0xEECF, 0xEECF, 0xEEAF, 0xEEAE, 0xEEAE, 0xEE8D, 0xEE8D, 0xEE6D, 0xEE8D, 0xEE8D, 0xEE8D, 0xEE8E, 0xEE8F, 0xEE8F,
    0xEEB1, 0xF6F4, 0xF717, 0xF75A, 0xF75A, 0xEED6, 0xE673, 0xD612, 0xBD50, 0xD587, 0xEE2A, 0xEE4B, 0xF6B0, 0xF64C, 0xEE0A, 0xE651,
    0xDEB8, 0xDEB8, 0xFFF5, 0xCE17, 0x0000, 0x0000, 0x0000, 0x0000, 0x0000, 0x0000, 0x0000, 0x0000, 0x0000, 0x0000, 0x0000, 0x0000,
    0x0000, 0x0000, 0x0000, 0x0000, 0x0000, 0x0000, 0x0000, 0x0000, 0x0000, 0x0000, 0x0000, 0x0000, 0x0000, 0x0000, 0x0000, 0x0000,
    0x0000, 0x0000, 0x0000, 0x0000, 0x0000, 0x0000, 0x0000, 0x0000, 0x0000, 0x0000, 0x0000, 0x0000, 0x0000, 0x0000, 0x0000, 0x0000,
    0x0000, 0x0000, 0x0000, 0x0000, 0x0000, 0x0000, 0x0000, 0x0000, 0x0000, 0x0000, 0x0000, 0x0000, 0x0000, 0x0000, 0x0000, 0x0000,
    0x0000, 0x0000, 0x0000, 0x0000, 0x0000, 0x0000, 0x0000, 0x0000, 0x0000, 0x0000, 0x0000, 0x0000, 0x0000, 0x0000, 0x0000, 0x0000,
    0x0000, 0x0000, 0x0000, 0x0000, 0x0000, 0x0000, 0x0000, 0x0000, 0x0000, 0x0000, 0x0000, 0x0000, 0x0000, 0x0000, 0x0000, 0x0000,
    0x0000, 0x0000, 0x0000, 0x0000, 0x0000, 0x0000, 0x0000, 0x0000, 0x0000, 0x0000, 0x0000, 0x0000, 0x0000, 0x0000, 0x0000, 0x0000,
    0x0000, 0x0000, 0x0000, 0x0000, 0x0000, 0x0000, 0x0000, 0x0000, 0x0000, 0x0000, 0x0000, 0x0000, 0x0000, 0x0000, 0x0000, 0x0000,
    0x0000, 0x0000, 0x0000, 0x0000, 0x0000, 0x0000, 0x0000, 0x0000, 0x0000, 0x0000, 0x0000, 0x0000, 0x0000, 0x0000, 0x0000, 0x0000,
    0x0000, 0x0000, 0x0000, 0x0000, 0x0000, 0x0000, 0x0000, 0x0000, 0x0000, 0x0000, 0x0000, 0x0000, 0x0000, 0x0000, 0x0000, 0x0000,
    0x0000, 0x0000, 0x0000, 0x7BAC, 0x5AA9, 0xC573, 0x940E, 0xAD12, 0xBDB5, 0xCE59, 0xEF3C, 0xE6F9, 0xD5F2, 0xD5AD, 0xDDCC, 0xE5EB,
    0xEDEA, 0xEE0A, 0xEE0A, 0xEE0A, 0xEE0A, 0xEE0A, 0xEE0A, 0xEE0A, 0xEE0A, 0xEE2A, 0xEE2B, 0xEE4B, 0xEE4B, 0xEE6C, 0xEE6C, 0xEE6C,
    0xEE6C, 0xEE6C, 0xEE8C, 0xEE8D, 0xEE8D, 0xEE8D, 0xEEAE, 0xEEAE, 0xEEAF, 0xEEAF, 0xEEAF, 0xEEAF, 0xEEAF, 0xEEAF, 0xEEAF, 0xEEAF,
    0xEEAF, 0xEEAF, 0xEECF, 0xEECF, 0xEECF, 0xEEAF, 0xEEAF, 0xEEAE, 0xEE8D, 0xEE8D, 0xEE8D, 0xEE8D, 0xEE8D, 0xEE8D, 0xEE8E, 0xEE8F,
    0xEE90, 0xEEB1, 0xEEF5, 0xF737, 0xF75A, 0xF75A, 0xEED5, 0xE673, 0xCDD2, 0xCD49, 0xEE09, 0xEE2A, 0xF68F, 0xF66E, 0xEE09, 0xE60C,
    0xE674, 0xD6DD, 0xE6B9, 0xFFFD, 0x0000, 0x0000, 0x0000, 0x0000, 0x0000, 0x0000, 0x0000, 0x0000, 0x0000, 0x0000, 0x0000, 0x0000,
    0x0000, 0x0000, 0x0000, 0x0000, 0x0000, 0x0000, 0x0000, 0x0000, 0x0000, 0x0000, 0x0000, 0x0000, 0x0000, 0x0000, 0x0000, 0x0000,
    0x0000, 0x0000, 0x0000, 0x0000, 0x0000, 0x0000, 0x0000, 0x0000, 0x0000, 0x0000, 0x0000, 0x0000, 0x0000, 0x0000, 0x0000, 0x0000,
    0x0000, 0x0000, 0x0000, 0x0000, 0x0000, 0x0000, 0x0000, 0x0000, 0x0000, 0x0000, 0x0000, 0x0000, 0x0000, 0x0000, 0x0000, 0x0000,
    0x0000, 0x0000, 0x0000, 0x0000, 0x0000, 0x0000, 0x0000, 0x0000, 0x0000, 0x0000, 0x0000, 0x0000, 0x0000, 0x0000, 0x0000, 0x0000,
    0x0000, 0x0000, 0x0000, 0x0000, 0x0000, 0x0000, 0x0000, 0x0000, 0x0000, 0x0000, 0x0000, 0x0000, 0x0000, 0x0000, 0x0000, 0x0000,
    0x0000, 0x0000, 0x0000, 0x0000, 0x0000, 0x0000, 0x0000, 0x0000, 0x0000, 0x0000, 0x0000, 0x0000, 0x0000, 0x0000, 0x0000, 0x0000,
    0x0000, 0x0000, 0x0000, 0x0000, 0x0000, 0x0000, 0x0000, 0x0000, 0x0000, 0x0000, 0x0000, 0x0000, 0x0000, 0x0000, 0x0000, 0x0000,
    0x0000, 0x0000, 0x0000, 0x0000, 0x0000, 0x0000, 0x0000, 0x0000, 0x0000, 0x0000, 0x0000, 0x0000, 0x0000, 0x0000, 0x0000, 0x0000,
    0x0000, 0x0000, 0x0000, 0x0000, 0x0000, 0x0000, 0x0000, 0x0000, 0x0000, 0x0000, 0x0000, 0x0000, 0x0000, 0x0000, 0x0000, 0x0000,
    0x0000, 0x0000, 0x7BCD, 0x4227, 0xBD31, 0x942E, 0xACF1, 0xBD94, 0xD658, 0xE71B, 0xE6D9, 0xD612, 0xDDEE, 0xE62D, 0xE62C, 0xE62B,
    0xEE0A, 0xEE0A, 0xEE0A, 0xEE0A, 0xEE0A, 0xEE0A, 0xEE0A, 0xEE0A, 0xEE2B, 0xEE4B, 0xEE6C, 0xEE6C, 0xEE6C, 0xEE6C, 0xEE6C, 0xEE8C,
    0xEE8D, 0xEE8D, 0xEE8D, 0xEE8D, 0xEEAE, 0xEEAE, 0xEEAE, 0xEEAE, 0xEEAF, 0xEEAF, 0xEEAF, 0xEEAF, 0xEEAF, 0xEEAF, 0xEEAF, 0xEEAF,
    0xEEAF, 0xEEAF, 0xEEAF, 0xEEAF, 0xEEAF, 0xEEAF, 0xEEAE, 0xEEAE, 0xEE8D, 0xEE8D, 0xEE8D, 0xEE8D, 0xEE8D, 0xEE8D, 0xEE8D, 0xEE8E,
    0xEE8F, 0xEEB0, 0xEEB1, 0xF6F5, 0xF738, 0xF75A, 0xF759, 0xEED4, 0xD631, 0xC549, 0xE5E8, 0xEE2A, 0xF68E, 0xF68F, 0xEE09, 0xEDEA,
    0xE650, 0xE6B7, 0xFFE4, 0xDE98, 0x0000, 0x0000, 0x0000, 0x0000, 0x0000, 0x0000, 0x0000, 0x0000, 0x0000, 0x0000, 0x0000, 0x0000,
    0x0000, 0x0000, 0x0000, 0x0000, 0x0000, 0x0000, 0x0000, 0x0000, 0x0000, 0x0000, 0x0000, 0x0000, 0x0000, 0x0000, 0x0000, 0x0000,
    0x0000, 0x0000, 0x0000, 0x0000, 0x0000, 0x0000, 0x0000, 0x0000, 0x0000, 0x0000, 0x0000, 0x0000, 0x0000, 0x0000, 0x0000, 0x0000,
    0x0000, 0x0000, 0x0000, 0x0000, 0x0000, 0x0000, 0x0000, 0x0000, 0x0000, 0x0000, 0x0000, 0x0000, 0x0000, 0x0000, 0x0000, 0x0000,
    0x0000, 0x0000, 0x0000, 0x0000, 0x0000, 0x0000, 0x0000, 0x0000, 0x0000, 0x0000, 0x0000, 0x0000, 0x0000, 0x0000, 0x0000, 0x0000,
    0x0000, 0x0000, 0x0000, 0x0000, 0x0000, 0x0000, 0x0000, 0x0000, 0x0000, 0x0000, 0x0000, 0x0000, 0x0000, 0x0000, 0x0000, 0x0000,
    0x0000, 0x0000, 0x0000, 0x0000, 0x0000, 0x0000, 0x0000, 0x0000, 0x0000, 0x0000, 0x0000, 0x0000, 0x0000, 0x0000, 0x0000, 0x0000,
    0x0000, 0x0000, 0x0000, 0x0000, 0x0000, 0x0000, 0x0000, 0x0000, 0x0000, 0x0000, 0x0000, 0x0000, 0x0000, 0x0000, 0x0000, 0x0000,
    0x0000, 0x0000, 0x0000, 0x0000, 0x0000, 0x0000, 0x0000, 0x0000, 0x0000, 0x0000, 0x0000, 0x0000, 0x0000, 0x0000, 0x0000, 0x0000,
    0x0000, 0x0000, 0x0000, 0x0000, 0x0000, 0x0000, 0x0000, 0x0000, 0x0000, 0x0000, 0x0000, 0x0000, 0x0000, 0x0000, 0x0000, 0x0000,
    0x0000, 0x1149, 0x738C, 0xB511, 0x944F, 0xACF0, 0xBD73, 0xD658, 0xE71A, 0xE6B7, 0xDE10, 0xDE2D, 0xE66D, 0xE66D, 0xE66D, 0xE64C,
    0xEE0A, 0xEE0A, 0xEE0A, 0xEE0A, 0xEE0A, 0xEE2A, 0xEE2B, 0xEE4B, 0xEE6C, 0xEE6C, 0xEE6C, 0xEE8C, 0xEE8C, 0xEE8D, 0xEE8D, 0xEE8D,
    0xEE8D, 0xEE8D, 0xEEAE, 0xEEAE, 0xEEAE, 0xEEAF, 0xEEAF, 0xEEAF, 0xEEAF, 0xEEAF, 0xEEAF, 0xEEAF, 0xEEAF, 0xEEAF, 0xEEAE, 0xEEAE,
    0xEEAE, 0xEEAF, 0xEEAF, 0xEEAF, 0xEEAF, 0xEEAF, 0xEEAE, 0xEEAE, 0xEE8D, 0xEE8D, 0xEE8D, 0xEE8D, 0xEE8D, 0xEE8D, 0xEE8D, 0xEE8D,
    0xEE8E, 0xEE8F, 0xEEB0, 0xEEB2, 0xF6F5, 0xF738, 0xF77A, 0xF759, 0xE692, 0xC568, 0xE5E8, 0xEE4A, 0xF68F, 0xF690, 0xEE09, 0xEDE8,
    0xEE0B, 0xE673, 0xDE98, 0xEEF7, 0xCDD4, 0xDE76, 0x0000, 0x0000, 0x0000, 0x0000, 0x0000, 0x0000, 0x0000, 0x0000, 0x0000, 0x0000,
    0x0000, 0x0000, 0x0000, 0x0000, 0x0000, 0x0000, 0x0000, 0x0000, 0x0000, 0x0000, 0x0000, 0x0000, 0x0000, 0x0000, 0x0000, 0x0000,
    0x0000, 0x0000, 0x0000, 0x0000, 0x0000, 0x0000, 0x0000, 0x0000, 0x0000, 0x0000, 0x0000, 0x0000, 0x0000, 0x0000, 0x0000, 0x0000,
    0x0000, 0x0000, 0x0000, 0x0000, 0x0000, 0x0000, 0x0000, 0x0000, 0x0000, 0x0000, 0x0000, 0x0000, 0x0000, 0x0000, 0x0000, 0x0000,
    0x0000, 0x0000, 0x0000, 0x0000, 0x0000, 0x0000, 0x0000, 0x0000, 0x0000, 0x0000, 0x0000, 0x0000, 0x0000, 0x0000, 0x0000, 0x0000,
    0x0000, 0x0000, 0x0000, 0x0000, 0x0000, 0x0000, 0x0000, 0x0000, 0x0000, 0x0000, 0x0000, 0x0000, 0x0000, 0x0000, 0x0000, 0x0000,
    0x0000, 0x0000, 0x0000, 0x0000, 0x0000, 0x0000, 0x0000, 0x0000, 0x0000, 0x0000, 0x0000, 0x0000, 0x0000, 0x0000, 0x0000, 0x0000,
    0x0000, 0x0000, 0x0000, 0x0000, 0x0000, 0x0000, 0x0000, 0x0000, 0x0000, 0x0000, 0x0000, 0x0000, 0x0000, 0x0000, 0x0000, 0x0000,
    0x0000, 0x0000, 0x0000, 0x0000, 0x0000, 0x0000, 0x0000, 0x0000, 0x0000, 0x0000, 0x0000, 0x0000, 0x0000, 0x0000, 0x0000, 0x0000,
    0x0000, 0x0000, 0x0000, 0x0000, 0x0000, 0x0000, 0x0000, 0x0000, 0x0000, 0x0000, 0x0000, 0x0000, 0x0000, 0x0000, 0x0000, 0x0000,
    0x0000, 0xB530, 0xB510, 0x944E, 0xACF0, 0xBD72, 0xCE16, 0xDEB8, 0xDE74, 0xDE2F, 0xDE4D, 0xE66D, 0xE66D, 0xE66D, 0xE66D, 0xE64C,
    0xEE2A, 0xEE0A, 0xEE0A, 0xEE2A, 0xEE2B, 0xEE4B, 0xEE6C, 0xEE6C, 0xEE8C, 0xEE8D, 0xEE8D, 0xEE8D, 0xEE8D, 0xEE8D, 0xEE8D, 0xEE8D,
    0xEEAD, 0xEEAE, 0xEEAE, 0xEEAF, 0xEECF, 0xEECF, 0xEECF, 0xEECF, 0xEECF, 0xEECF, 0xEECF, 0xEECF, 0xEECF, 0xEECF, 0xEECF, 0xEEAF,
    0xEEAF, 0xEEAF, 0xEEAF, 0xEEAF, 0xEEAF, 0xEEAE, 0xEEAE, 0xEE8E, 0xE68D, 0xEE8D, 0xEE8D, 0xEE8D, 0xEE8D, 0xEE8D, 0xEE8D, 0xEE8D,
    0xEE8E, 0xEE8E, 0xEE8F, 0xEEB0, 0xEED2, 0xF716, 0xF739, 0xF77A, 0xEF16, 0xC589, 0xDDC8, 0xF66D, 0xF6F3, 0xF6B0, 0xEE09, 0xEDE8,
    0xEDC9, 0xE60D, 0xE695, 0xDE98, 0xEF5C, 0xCDB3, 0xE6D9, 0x0000, 0x0000, 0x0000, 0x0000, 0x0000, 0x0000, 0x0000, 0x0000, 0x0000,
    0x0000, 0x0000, 0x0000, 0x0000, 0x0000, 0x0000, 0x0000, 0x0000, 0x0000, 0x0000, 0x0000, 0x0000, 0x0000, 0x0000, 0x0000, 0x0000,
    0x0000, 0x0000, 0x0000, 0x0000, 0x0000, 0x0000, 0x0000, 0x0000, 0x0000, 0x0000, 0x0000, 0x0000, 0x0000, 0x0000, 0x0000, 0x0000,
    0x0000, 0x0000, 0x0000, 0x0000, 0x0000, 0x0000, 0x0000, 0x0000, 0x0000, 0x0000, 0x0000, 0x0000, 0x0000, 0x0000, 0x0000, 0x0000,
    0x0000, 0x0000, 0x0000, 0x0000, 0x0000, 0x0000, 0x0000, 0x0000, 0x0000, 0x0000, 0x0000, 0x0000, 0x0000, 0x0000, 0x0000, 0x0000,
    0x0000, 0x0000, 0x0000, 0x0000, 0x0000, 0x0000, 0x0000, 0x0000, 0x0000, 0x0000, 0x0000, 0x0000, 0x0000, 0x0000, 0x0000, 0x0000,
    0x0000, 0x0000, 0x0000, 0x0000, 0x0000, 0x0000, 0x0000, 0x0000, 0x0000, 0x0000, 0x0000, 0x0000, 0x0000, 0x0000, 0x0000, 0x0000,
    0x0000, 0x0000, 0x0000, 0x0000, 0x0000, 0x0000, 0x0000, 0x0000, 0x0000, 0x0000, 0x0000, 0x0000, 0x0000, 0x0000, 0x0000, 0x0000,
    0x0000, 0x0000, 0x0000, 0x0000, 0x0000, 0x0000, 0x0000, 0x0000, 0x0000, 0x0000, 0x0000, 0x0000, 0x0000, 0x0000, 0x0000, 0x0000,
    0x0000, 0x0000, 0x0000, 0x0000, 0x0000, 0x0000, 0x0000, 0x0000, 0x0000, 0x0000, 0x0000, 0x0000, 0x0000, 0x0000, 0x0000, 0x0000,
    0xA4AF, 0x9C8F, 0x9C6F, 0xB511, 0xBD72, 0xCDF5, 0xD655, 0xD610, 0xDE2E, 0xDE6D, 0xE66D, 0xE68E, 0xE66D, 0xE66D, 0xE66D, 0xE64C,
    0xEE2B, 0xEE2A, 0xEE4B, 0xEE4B, 0xEE6C, 0xEE6C, 0xEE8D, 0xEE8D, 0xEE8D, 0xEE8D, 0xEE8D, 0xEE8D, 0xEE8D, 0xEE8D, 0xEEAD, 0xEEAE,
    0xEEAE, 0xEEAF, 0xEEAF, 0xEECF, 0xEED0, 0xEED0, 0xEED0, 0xEED0, 0xEED0, 0xEED0, 0xEED0, 0xEED0, 0xEED0, 0xEED0, 0xEED0, 0xEED0,
    0xEED0, 0xEED0, 0xEEB0, 0xEEAF, 0xEEAF, 0xE6AE, 0xE68E, 0xE68E, 0xE68E, 0xE68D, 0xE68D, 0xE68D, 0xEE8D, 0xEE8D, 0xEE8D, 0xEE8D,
    0xEE8D, 0xEE8E, 0xEE8F, 0xEEAF, 0xEEB1, 0xEED3, 0xF716, 0xF759, 0xF758, 0xDE4E, 0xE64C, 0xF68E, 0xEE6D, 0xEE2A, 0xEDE9, 0xEDE9,
    0xEDE9, 0xE5C9, 0xEE92, 0xEF5B, 0xE6D9, 0xFFFF, 0xDE98, 0x0000, 0x0000, 0x0000, 0x0000, 0x0000, 0x0000, 0x0000, 0x0000, 0x0000,
    0x0000, 0x0000, 0x0000, 0x0000, 0x0000, 0x0000, 0x0000, 0x0000, 0x0000, 0x0000, 0x0000, 0x0000, 0x0000, 0x0000, 0x0000, 0x0000,
    0x0000, 0x0000, 0x0000, 0x0000, 0x0000, 0x0000, 0x0000, 0x0000, 0x0000, 0x0000, 0x0000, 0x0000, 0x0000, 0x0000, 0x0000, 0x0000,
    0x0000, 0x0000, 0x0000, 0x0000, 0x0000, 0x0000, 0x0000, 0x0000, 0x0000, 0x0000, 0x0000, 0x0000, 0x0000, 0x0000, 0x0000, 0x0000,
    0x0000, 0x0000, 0x0000, 0x0000, 0x0000, 0x0000, 0x0000, 0x0000, 0x0000, 0x0000, 0x0000, 0x0000, 0x0000, 0x0000, 0x0000, 0x0000,
    0x0000, 0x0000, 0x0000, 0x0000, 0x0000, 0x0000, 0x0000, 0x0000, 0x0000, 0x0000, 0x0000, 0x0000, 0x0000, 0x0000, 0x0000, 0x0000,
    0x0000, 0x0000, 0x0000, 0x0000, 0x0000, 0x0000, 0x0000, 0x0000, 0x0000, 0x0000, 0x0000, 0x0000, 0x0000, 0x0000, 0x0000, 0x0000,
    0x0000, 0x0000, 0x0000, 0x0000, 0x0000, 0x0000, 0x0000, 0x0000, 0x0000, 0x0000, 0x0000, 0x0000, 0x0000, 0x0000, 0x0000, 0x0000,
    0x0000, 0x0000, 0x0000, 0x0000, 0x0000, 0x0000, 0x0000, 0x0000, 0x0000, 0x0000, 0x0000, 0x0000, 0x0000, 0x0000, 0x0000, 0x0000,
    0x0000, 0x0000, 0x0000, 0x0000, 0x0000, 0x0000, 0x0000, 0x0000, 0x0000, 0x0000, 0x0000, 0x0000, 0x0000, 0x0000, 0x0000, 0xBD51,
    0xA4AF, 0x83CC, 0xB531, 0xBD72, 0xC5B3, 0xCE13, 0xD60F, 0xDE4D, 0xE66D, 0xE66D, 0xE68E, 0xE66D, 0xE66D, 0xE66D, 0xE66D, 0xE66C,
    0xEE4C, 0xEE6C, 0xEE6C, 0xEE6D, 0xEE8D, 0xEE8D, 0xEE8D, 0xEE8D, 0xEE8D, 0xEE8D, 0xEE8D, 0xEE8D, 0xEE8E, 0xEEAE, 0xEEAE, 0xEEAE,
    0xEEAF, 0xEEAF, 0xEED0, 0xEED0, 0xEED0, 0xEED0, 0xEED0, 0xEED0, 0xEED0, 0xEED0, 0xEED0, 0xEED0, 0xEED0, 0xEED0, 0xEED0, 0xEED0,
    0xEED0, 0xEED0, 0xEEB0, 0xE6B0, 0xE6AF, 0xE6AF, 0xE68F, 0xE68E, 0xE68E, 0xE68E, 0xE68E, 0xE68E, 0xE68E, 0xE68D, 0xEE8D, 0xEE8D,
    0xEE8D, 0xEE8E, 0xEE8E, 0xEE8F, 0xEEB0, 0xEEB1, 0xEED3, 0xF716, 0xEE90, 0xEE2A, 0xEE08, 0xEDE7, 0xEDE7, 0xEDE8, 0xEDE8, 0xEDE8,
    0xEDE8, 0xEDC8, 0xE60D, 0xF738, 0xF77C, 0xE6D9, 0xFF9C, 0xCCA6, 0x0000, 0x0000, 0x0000, 0x0000, 0x0000, 0x0000, 0x0000, 0x0000,
    0x0000, 0x0000, 0x0000, 0x0000, 0x0000, 0x0000, 0x0000, 0x0000, 0x0000, 0x0000, 0x0000, 0x0000, 0x0000, 0x0000, 0x0000, 0x0000,
    0x0000, 0x0000, 0x0000, 0x0000, 0x0000, 0x0000, 0x0000, 0x0000, 0x0000, 0x0000, 0x0000, 0x0000, 0x0000, 0x0000, 0x0000, 0x0000,
    0x0000, 0x0000, 0x0000, 0x0000, 0x0000, 0x0000, 0x0000, 0x0000, 0x0000, 0x0000, 0x0000, 0x0000, 0x0000, 0x0000, 0x0000, 0x0000,
    0x0000, 0x0000, 0x0000, 0x0000, 0x0000, 0x0000, 0x0000, 0x0000, 0x0000, 0x0000, 0x0000, 0x0000, 0x0000, 0x0000, 0x0000, 0x0000,
    0x0000, 0x0000, 0x0000, 0x0000, 0x0000, 0x0000, 0x0000, 0x0000, 0x0000, 0x0000, 0x0000, 0x0000, 0x0000, 0x0000, 0x0000, 0x0000,
    0x0000, 0x0000, 0x0000, 0x0000, 0x0000, 0x0000, 0x0000, 0x0000, 0x0000, 0x0000, 0x0000, 0x0000, 0x0000, 0x0000, 0x0000, 0x0000,
    0x0000, 0x0000, 0x0000, 0x0000, 0x0000, 0x0000, 0x0000, 0x0000, 0x0000, 0x0000, 0x0000, 0x0000, 0x0000, 0x0000, 0x0000, 0x0000,
    0x0000, 0x0000, 0x0000, 0x0000, 0x0000, 0x0000, 0x0000, 0x0000, 0x0000, 0x0000, 0x0000, 0x0000, 0x0000, 0x0000, 0x0000, 0x0000,
    0x0000, 0x0000, 0x0000, 0x0000, 0x0000, 0x0000, 0x0000, 0x0000, 0x0000, 0x0000, 0x0000, 0x0000, 0x0000, 0x0000, 0x0000, 0x9C8F,
    0xEED6, 0xACF0, 0xBD51, 0xBD71, 0xCDD1, 0xD60F, 0xDE4D, 0xDE6D, 0xE66E, 0xE66E, 0xE66D, 0xE66D, 0xE68D, 0xE66D, 0xE66D, 0xE66D,
    0xE66D, 0xE66D, 0xE68D, 0xE68D, 0xE68D, 0xE68D, 0xE68D, 0xE68D, 0xE68D, 0xE68E, 0xE68E, 0xE68E, 0xEE8E, 0xE6AE, 0xEEAE, 0xEEAF,
    0xEEAF, 0xEEAF, 0xEEB0, 0xEED0, 0xEED0, 0xEED0, 0xEED0, 0xEED1, 0xEED1, 0xEED1, 0xEED1, 0xEED1, 0xEED0, 0xEED0, 0xEEB0, 0xEEB0,
    0xEEB0, 0xEEB0, 0xEEB0, 0xE6B0, 0xE6AF, 0xE6AF, 0xE68F, 0xE68F, 0xE68F, 0xE68E, 0xE68E, 0xE68E, 0xE68E, 0xE68E, 0xE68E, 0xE68E,
    0xE68E, 0xE68E, 0xEE8E, 0xEE8E, 0xEE8F, 0xEE90, 0xEEB1, 0xEED2, 0xE5EA, 0xDD43, 0xDD42, 0xDD43, 0xDD43, 0xE543, 0xE564, 0xE5A6,
    0xEDC7, 0xEDC8, 0xE5A8, 0xEE71, 0xEED5, 0xDDCE, 0xB4CC, 0xBCED, 0x0000, 0x0000, 0x0000, 0x0000, 0x0000, 0x0000, 0x0000, 0x0000,
    0x0000, 0x0000, 0x0000, 0x0000, 0x0000, 0x0000, 0x0000, 0x0000, 0x0000, 0x0000, 0x0000, 0x0000, 0x0000, 0x0000, 0x0000, 0x0000,
    0x0000, 0x0000, 0x0000, 0x0000, 0x0000, 0x0000, 0x0000, 0x0000, 0x0000, 0x0000, 0x0000, 0x0000, 0x0000, 0x0000, 0x0000, 0x0000,
    0x0000, 0x0000, 0x0000, 0x0000, 0x0000, 0x0000, 0x0000, 0x0000, 0x0000, 0x0000, 0x0000, 0x0000, 0x0000, 0x0000, 0x0000, 0x0000,
    0x0000, 0x0000, 0x0000, 0x0000, 0x0000, 0x0000, 0x0000, 0x0000, 0x0000, 0x0000, 0x0000, 0x0000, 0x0000, 0x0000, 0x0000, 0x0000,
    0x0000, 0x0000, 0x0000, 0x0000, 0x0000, 0x0000, 0x0000, 0x0000, 0x0000, 0x0000, 0x0000, 0x0000, 0x0000, 0x0000, 0x0000, 0x0000,
    0x0000, 0x0000, 0x0000, 0x0000, 0x0000, 0x0000, 0x0000, 0x0000, 0x0000, 0x0000, 0x0000, 0x0000, 0x0000, 0x0000, 0x0000, 0x0000,
    0x0000, 0x0000, 0x0000, 0x0000, 0x0000, 0x0000, 0x0000, 0x0000, 0x0000, 0x0000, 0x0000, 0x0000, 0x0000, 0x0000, 0x0000, 0x0000,
    0x0000, 0x0000, 0x0000, 0x0000, 0x0000, 0x0000, 0x0000, 0x0000, 0x0000, 0x0000, 0x0000, 0x0000, 0x0000, 0x0000, 0x0000, 0x0000,
    0x0000, 0x0000, 0x0000, 0x0000, 0x0000, 0x0000, 0x0000, 0x0000, 0x0000, 0x0000, 0x0000, 0x0000, 0x0000, 0x0000, 0x9C8F, 0xA4D0,
    0xA4D0, 0xB551, 0xBD71, 0xC5B0, 0xD62F, 0xDE4E, 0xDE6D, 0xDE6E, 0xE68E, 0xE66D, 0xE66D, 0xE68E, 0xE68E, 0xE68D, 0xE66D, 0xE66D,
    0xE66D, 0xE68D, 0xE68D, 0xE68D, 0xE68D, 0xE68D, 0xE68E, 0xE68E, 0xE68E, 0xE68E, 0xE68E, 0xE68E, 0xE68E, 0xE6AE, 0xE6AF, 0xEEAF,
    0xEEAF, 0xEEB0, 0xEEB0, 0xEED0, 0xEED0, 0xEED1, 0xEED2, 0xEEF3, 0xEEF4, 0xEEF4, 0xEEF4, 0xE6D3, 0xE6D2, 0xE6B1, 0xEED0, 0xEED0,
    0xEEB0, 0xEEB0, 0xE6B0, 0xE6B0, 0xE6B0, 0xDE8F, 0xDE8F, 0xDE8F, 0xDE8F, 0xDE8F, 0xE68F, 0xE68E, 0xE68E, 0xE68E, 0xE68E, 0xE68E,
    0xE68E, 0xE68E, 0xE68E, 0xE68E, 0xEE8F, 0xEE8F, 0xEE8F, 0xEEB0, 0xDE0D, 0xC503, 0xD501, 0xD4E1, 0xD4E1, 0xD4E1, 0xDD01, 0xDD21,
    0xDD42, 0xE5A6, 0xE5A7, 0xE62D, 0xDDED, 0xCD06, 0xBCCC, 0xBCEC, 0x0000, 0x0000, 0x0000, 0x0000, 0x0000, 0x0000, 0x0000, 0x0000,
    0x0000, 0x0000, 0x0000, 0x0000, 0x0000, 0x0000, 0x0000, 0x0000, 0x0000, 0x0000, 0x0000, 0x0000, 0x0000, 0x0000, 0x0000, 0x0000,
    0x0000, 0x0000, 0x0000, 0x0000, 0x0000, 0x0000, 0x0000, 0x0000, 0x0000, 0x0000, 0x0000, 0x0000, 0x0000, 0x0000, 0x0000, 0x0000,
    0x0000, 0x0000, 0x0000, 0x0000, 0x0000, 0x0000, 0x0000, 0x0000, 0x0000, 0x0000, 0x0000, 0x0000, 0x0000, 0x0000, 0x0000, 0x0000,
    0x0000, 0x0000, 0x0000, 0x0000, 0x0000, 0x0000, 0x0000, 0x0000, 0x0000, 0x0000, 0x0000, 0x0000, 0x0000, 0x0000, 0x0000, 0x0000,
    0x0000, 0x0000, 0x0000, 0x0000, 0x0000, 0x0000, 0x0000, 0x0000, 0x0000, 0x0000, 0x0000, 0x0000, 0x0000, 0x0000, 0x0000, 0x0000,
    0x0000, 0x0000, 0x0000, 0x0000, 0x0000, 0x0000, 0x0000, 0x0000, 0x0000, 0x0000, 0x0000, 0x0000, 0x0000, 0x0000, 0x0000, 0x0000,
    0x0000, 0x0000, 0x0000, 0x0000, 0x0000, 0x0000, 0x0000, 0x0000, 0x0000, 0x0000, 0x0000, 0x0000, 0x0000, 0x0000, 0x0000, 0x0000,
    0x0000, 0x0000, 0x0000, 0x0000, 0x0000, 0x0000, 0x0000, 0x0000, 0x0000, 0x0000, 0x0000, 0x0000, 0x0000, 0x0000, 0x0000, 0x0000,
    0x0000, 0x0000, 0x0000, 0x0000, 0x0000, 0x0000, 0x0000, 0x0000, 0x0000, 0x0000, 0x0000, 0x0000, 0x8BEC, 0xC5D4, 0x9C8F, 0x9C6F,
    0xB531, 0xBD71, 0xC5B1, 0xD630, 0xDE4E, 0xDE6D, 0xDE6E, 0xE68E, 0xE68D, 0xE66D, 0xDE6E, 0xDE8E, 0xDE8E, 0xE68E, 0xE68E, 0xE66D,
    0xE68D, 0xE68D, 0xE68D, 0xE68E, 0xE68E, 0xE68E, 0xE68E, 0xE68E, 0xE68E, 0xE68E, 0xE68E, 0xE68E, 0xE68E, 0xE68F, 0xE6AF, 0xE6AF,
    0xEEAF, 0xEEAF, 0xEEB0, 0xEED1, 0xEED1, 0xEED2, 0xEEF3, 0xEED3, 0xEED3, 0xEED3, 0xEED3, 0xE6D3, 0xE6D3, 0xE6B1, 0xE6B1, 0xEEB0,
    0xE6B0, 0xEEB0, 0xEEB0, 0xE6B0, 0xE6B0, 0xDE90, 0xDE8F, 0xDE8F, 0xDE8F, 0xDE8F, 0xDE8F, 0xDE8F, 0xDE8E, 0xDE8E, 0xDE8E, 0xE68E,
    0xE68E, 0xE68E, 0xE68E, 0xE68E, 0xE68E, 0xE68E, 0xE68E, 0xE66D, 0xCDA8, 0xACC3, 0xACC2, 0xC4E2, 0xCCC1, 0xCCA1, 0xCCA1, 0xD4C1,
    0xDD01, 0xDD43, 0xE5C7, 0xE5EB, 0xDDCE, 0xC4C9, 0x001F, 0x9C94, 0x0000, 0x0000, 0x0000, 0x0000, 0x0000, 0x0000, 0x0000, 0x0000,
    0x0000, 0x0000, 0x0000, 0x0000, 0x0000, 0x0000, 0x0000, 0x0000, 0x0000, 0x0000, 0x0000, 0x0000, 0x0000, 0x0000, 0x0000, 0x0000,
    0x0000, 0x0000, 0x0000, 0x0000, 0x0000, 0x0000, 0x0000, 0x0000, 0x0000, 0x0000, 0x0000, 0x0000, 0x0000, 0x0000, 0x0000, 0x0000,
    0x0000, 0x0000, 0x0000, 0x0000, 0x0000, 0x0000, 0x0000, 0x0000, 0x0000, 0x0000, 0x0000, 0x0000, 0x0000, 0x0000, 0x0000, 0x0000,
    0x0000, 0x0000, 0x0000, 0x0000, 0x0000, 0x0000, 0x0000, 0x0000, 0x0000, 0x0000, 0x0000, 0x0000, 0x0000, 0x0000, 0x0000, 0x0000,
    0x0000, 0x0000, 0x0000, 0x0000, 0x0000, 0x0000, 0x0000, 0x0000, 0x0000, 0x0000, 0x0000, 0x0000, 0x0000, 0x0000, 0x0000, 0x0000,
    0x0000, 0x0000, 0x0000, 0x0000, 0x0000, 0x0000, 0x0000, 0x0000, 0x0000, 0x0000, 0x0000, 0x0000, 0x0000, 0x0000, 0x0000, 0x0000,
    0x0000, 0x0000, 0x0000, 0x0000, 0x0000, 0x0000, 0x0000, 0x0000, 0x0000, 0x0000, 0x0000, 0x0000, 0x0000, 0x0000, 0x0000, 0x0000,
    0x0000, 0x0000, 0x0000, 0x0000, 0x0000, 0x0000, 0x0000, 0x0000, 0x0000, 0x0000, 0x0000, 0x0000, 0x0000, 0x0000, 0x0000, 0x0000,
    0x0000, 0x0000, 0x0000, 0x0000, 0x0000, 0x0000, 0x0000, 0x0000, 0x0000, 0x0000, 0x0000, 0x0000, 0xBD94, 0xA4B0, 0x6AC8, 0xB531,
    0xBD71, 0xC5B1, 0xD631, 0xDE6F, 0xDE6E, 0xDE6E, 0xDE6E, 0xE68E, 0xE66D, 0xDE6E, 0xD66F, 0xD66E, 0xDE6E, 0xDE8E, 0xDE6E, 0xDE6E,
    0xDE6E, 0xDE8E, 0xDE8E, 0xDE8E, 0xDE8E, 0xE68E, 0xE68E, 0xE68E, 0xE68E, 0xDE8E, 0xDE8E, 0xDE8E, 0xDE8E, 0xE68F, 0xE6AF, 0xE6AF,
    0xE6AF, 0xE6AF, 0xE6B0, 0xE6D2, 0xE6D2, 0xEED1, 0xEE8F, 0xEE4D, 0xE60B, 0xE60A, 0xE60B, 0xE64D, 0xE690, 0xE6B2, 0xE6B2, 0xE6B1,
    0xE6B0, 0xE6B0, 0xE6B0, 0xE6B0, 0xDE90, 0xD690, 0xD690, 0xD68F, 0xD68F, 0xD68F, 0xD68F, 0xDE8F, 0xDE8F, 0xDE6E, 0xDE6E, 0xDE8E,
    0xDE8E, 0xDE6E, 0xDE6E, 0xE68E, 0xE68E, 0xE68E, 0xE66E, 0xDE2B, 0xD5A6, 0xBD43, 0xA4C2, 0x9C82, 0xA482, 0xBCC2, 0xC4A1, 0xCC81,
    0xD4C1, 0xDD22, 0xE585, 0xE5C9, 0xDE10, 0xBE5F, 0xD615, 0x9C95, 0x0000, 0x0000, 0x0000, 0x0000, 0x0000, 0x0000, 0x0000, 0x0000,
    0x0000, 0x0000, 0x0000, 0x0000, 0x0000, 0x0000, 0x0000, 0x0000, 0x0000, 0x0000, 0x0000, 0x0000, 0x0000, 0x0000, 0x0000, 0x0000,
    0x0000, 0x0000, 0x0000, 0x0000, 0x0000, 0x0000, 0x0000, 0x0000, 0x0000, 0x0000, 0x0000, 0x0000, 0x0000, 0x0000, 0x0000, 0x0000,
    0x0000, 0x0000, 0x0000, 0x0000, 0x0000, 0x0000, 0x0000, 0x0000, 0x0000, 0x0000, 0x0000, 0x0000, 0x0000, 0x0000, 0x0000, 0x0000,
    0x0000, 0x0000, 0x0000, 0x0000, 0x0000, 0x0000, 0x0000, 0x0000, 0x0000, 0x0000, 0x0000, 0x0000, 0x0000, 0x0000, 0x0000, 0x0000,
    0x0000, 0x0000, 0x0000, 0x0000, 0x0000, 0x0000, 0x0000, 0x0000, 0x0000, 0x0000, 0x0000, 0x0000, 0x0000, 0x0000, 0x0000, 0x0000,
    0x0000, 0x0000, 0x0000, 0x0000, 0x0000, 0x0000, 0x0000, 0x0000, 0x0000, 0x0000, 0x0000, 0x0000, 0x0000, 0x0000, 0x0000, 0x0000,
    0x0000, 0x0000, 0x0000, 0x0000, 0x0000, 0x0000, 0x0000, 0x0000, 0x0000, 0x0000, 0x0000, 0x0000, 0x0000, 0x0000, 0x0000, 0x0000,
    0x0000, 0x0000, 0x0000, 0x0000, 0x0000, 0x0000, 0x0000, 0x0000, 0x0000, 0x0000, 0x0000, 0x0000, 0x0000, 0x0000, 0x0000, 0x0000,
    0x0000, 0x0000, 0x0000, 0x0000, 0x0000, 0x0000, 0x0000, 0x0000, 0x0000, 0x0000, 0x0000, 0x0000, 0xA4D0, 0xC5B4, 0xB532, 0xBD72,
    0xC5B1, 0xCE11, 0xDE70, 0xDE6F, 0xDE6F, 0xDE6E, 0xDE6E, 0xDE6E, 0xDE6E, 0xD66F, 0xCE6E, 0xCE6E, 0xD66E, 0xDE6E, 0xDE6E, 0xDE6E,
    0xDE6E, 0xDE6E, 0xDE6E, 0xDE6E, 0xDE8E, 0xDE8E, 0xDE8E, 0xDE8E, 0xDE8E, 0xDE8E, 0xDE8E, 0xDE8E, 0xDE8E, 0xDE8E, 0xDE8F, 0xDE8F,
    0xDE8F, 0xDE8F, 0xDEB0, 0xE6B1, 0xE68F, 0xE60A, 0xDD66, 0xDD03, 0xDCC1, 0xDCE1, 0xDCE1, 0xDD02, 0xDD66, 0xE60B, 0xE691, 0xE6B2,
    0xDEB0, 0xDE90, 0xDE90, 0xDE90, 0xDE90, 0xD670, 0xD670, 0xD66F, 0xD66F, 0xD66F, 0xD66F, 0xD66F, 0xD66F, 0xD66F, 0xD66F, 0xD66E,
    0xD66E, 0xDE6E, 0xDE6E, 0xDE6E, 0xDE6E, 0xDE6E, 0xE66E, 0xDE2B, 0xDDC8, 0xCD85, 0xBD43, 0xAD02, 0x9463, 0x9442, 0xB4A2, 0xC4A1,
    0xCCA1, 0xDD01, 0xE563, 0xE5A7, 0xDDEE, 0xD75F, 0xDE55, 0x0000, 0x0000, 0x0000, 0x0000, 0x0000, 0x0000, 0x0000, 0x0000, 0x0000,
    0x0000, 0x0000, 0x0000, 0x0000, 0x0000, 0x0000, 0x0000, 0x0000, 0x0000, 0x0000, 0x0000, 0x0000, 0x0000, 0x0000, 0x0000, 0x0000,
    0x0000, 0x0000, 0x0000, 0x0000, 0x0000, 0x0000, 0x0000, 0x0000, 0x0000, 0x0000, 0x0000, 0x0000, 0x0000, 0x0000, 0x0000, 0x0000,
    0x0000, 0x0000, 0x0000, 0x0000, 0x0000, 0x0000, 0x0000, 0x0000, 0x0000, 0x0000, 0x0000, 0x0000, 0x0000, 0x0000, 0x0000, 0x0000,
    0x0000, 0x0000, 0x0000, 0x0000, 0x0000, 0x0000, 0x0000, 0x0000, 0x0000, 0x0000, 0x0000, 0x0000, 0x0000, 0x0000, 0x0000, 0x0000,
    0x0000, 0x0000, 0x0000, 0x0000, 0x0000, 0x0000, 0x0000, 0x0000, 0x0000, 0x0000, 0x0000, 0x0000, 0x0000, 0x0000, 0x0000, 0x0000,
    0x0000, 0x0000, 0x0000, 0x0000, 0x0000, 0x0000, 0x0000, 0x0000, 0x0000, 0x0000, 0x0000, 0x0000, 0x0000, 0x0000, 0x0000, 0x0000,
    0x0000, 0x0000, 0x0000, 0x0000, 0x0000, 0x0000, 0x0000, 0x0000, 0x0000, 0x0000, 0x0000, 0x0000, 0x0000, 0x0000, 0x0000, 0x0000,
    0x0000, 0x0000, 0x0000, 0x0000, 0x0000, 0x0000, 0x0000, 0x0000, 0x0000, 0x0000, 0x0000, 0x0000, 0x0000, 0x0000, 0x0000, 0x0000,
    0x0000, 0x0000, 0x0000, 0x0000, 0x0000, 0x0000, 0x0000, 0x0000, 0x0000, 0x0000, 0x0000, 0xB532, 0xB573, 0xA4F1, 0xBD73, 0xBD92,
    0xCE11, 0xD671, 0xDE70, 0xD66F, 0xD66F, 0xDE6F, 0xDE6E, 0xDE6E, 0xD66E, 0xCE6E, 0xCE6E, 0xCE6E, 0xD66E, 0xD66E, 0xD66E, 0xD66E,
    0xD66E, 0xD66E, 0xD66E, 0xD66E, 0xD66E, 0xD66E, 0xD66E, 0xD66E, 0xD66E, 0xD66E, 0xD66E, 0xD66E, 0xD66E, 0xD66E, 0xD66E, 0xD66E,
    0xD66E, 0xD66F, 0xDE8F, 0xE64D, 0xE5A7, 0xDCE2, 0xD4A0, 0xD4A0, 0xD4A0, 0xD4A0, 0xD4A1, 0xD4A0, 0xD4C0, 0xDD02, 0xDDA8, 0xDE4F,
    0xDE91, 0xDE90, 0xD670, 0xD670, 0xD670, 0xCE70, 0xCE70, 0xCE6F, 0xCE6F, 0xCE6F, 0xCE6F, 0xCE6F, 0xCE6F, 0xCE6F, 0xCE6F, 0xD66F,
    0xD66E, 0xD66E, 0xD66E, 0xD66E, 0xDE6E, 0xDE6E, 0xDE6E, 0xDE4D, 0xDE0A, 0xD5C7, 0xCD85, 0xC543, 0xB523, 0x9463, 0x9443, 0xB4C2,
    0xCCA1, 0xD4E1, 0xDD43, 0xE586, 0xDDAB, 0xD638, 0xDDCF, 0x0000, 0x0000, 0x0000, 0x0000, 0x0000, 0x0000, 0x0000, 0x0000, 0x0000,
    0x0000, 0x0000, 0x0000, 0x0000, 0x0000, 0x0000, 0x0000, 0x0000, 0x0000, 0x0000, 0x0000, 0x0000, 0x0000, 0x0000, 0x0000, 0x0000,
    0x0000, 0x0000, 0x0000, 0x0000, 0x0000, 0x0000, 0x0000, 0x0000, 0x0000, 0x0000, 0x0000, 0x0000, 0x0000, 0x0000, 0x0000, 0x0000,
    0x0000, 0x0000, 0x0000, 0x0000, 0x0000, 0x0000, 0x0000, 0x0000, 0x0000, 0x0000, 0x0000, 0x0000, 0x0000, 0x0000, 0x0000, 0x0000,
    0x0000, 0x0000, 0x0000, 0x0000, 0x0000, 0x0000, 0x0000, 0x0000, 0x0000, 0x0000, 0x0000, 0x0000, 0x0000, 0x0000, 0x0000, 0x0000,
    0x0000, 0x0000, 0x0000, 0x0000, 0x0000, 0x0000, 0x0000, 0x0000, 0x0000, 0x0000, 0x0000, 0x0000, 0x0000, 0x0000, 0x0000, 0x0000,
    0x0000, 0x0000, 0x0000, 0x0000, 0x0000, 0x0000, 0x0000, 0x0000, 0x0000, 0x0000, 0x0000, 0x0000, 0x0000, 0x0000, 0x0000, 0x0000,
    0x0000, 0x0000, 0x0000, 0x0000, 0x0000, 0x0000, 0x0000, 0x0000, 0x0000, 0x0000, 0x0000, 0x0000, 0x0000, 0x0000, 0x0000, 0x0000,
    0x0000, 0x0000, 0x0000, 0x0000, 0x0000, 0x0000, 0x0000, 0x0000, 0x0000, 0x0000, 0x0000, 0x0000, 0x0000, 0x0000, 0x0000, 0x0000,
    0x0000, 0x0000, 0x0000, 0x0000, 0x0000, 0x0000, 0x0000, 0x0000, 0x0000, 0x0000, 0xA4D0, 0x942E, 0x838B, 0xB552, 0xBD92, 0xC5D1,
    0xD651, 0xDE90, 0xDE70, 0xD670, 0xCE70, 0xD66F, 0xD66E, 0xD66E, 0xCE6E, 0xCE6E, 0xCE6F, 0xCE6F, 0xD66E, 0xD66E, 0xD66E, 0xD66E,
    0xD66E, 0xD66E, 0xD66E, 0xD66E, 0xD66E, 0xD66E, 0xCE6E, 0xD66E, 0xCE6E, 0xCE6E, 0xCE6E, 0xCE6E, 0xCE6E, 0xCE6E, 0xCE4E, 0xCE4E,
    0xCE4E, 0xCE6E, 0xDE4D, 0xE5C8, 0xDCE1, 0xD4C0, 0xD4C1, 0xD4A1, 0xD4A1, 0xD4A1, 0xD4A1, 0xD4A0, 0xD4A0, 0xD4A0, 0xDCE1, 0xDD67,
    0xDE4F, 0xDE91, 0xD670, 0xD670, 0xD670, 0xCE70, 0xCE4F, 0xC64F, 0xC64F, 0xC64F, 0xC64F, 0xC64F, 0xC64F, 0xCE4F, 0xCE4F, 0xCE4F,
    0xCE4F, 0xCE4F, 0xCE4F, 0xCE4E, 0xD66E, 0xD66E, 0xD66E, 0xDE6E, 0xDE4D, 0xDE2C, 0xD5EA, 0xCDA7, 0xC564, 0xB523, 0x9C83, 0x9C82,
    0xC4E1, 0xCCC1, 0xDD22, 0xE564, 0xDD89, 0xD5AF, 0xDD8B, 0x0000, 0x0000, 0x0000, 0x0000, 0x0000, 0x0000, 0x0000, 0x0000, 0x0000,
    0x0000, 0x0000, 0x0000, 0x0000, 0x0000, 0x0000, 0x0000, 0x0000, 0x0000, 0x0000, 0x0000, 0x0000, 0x0000, 0x0000, 0x0000, 0x0000,
    0x0000, 0x0000, 0x0000, 0x0000, 0x0000, 0x0000, 0x0000, 0x0000, 0x0000, 0x0000, 0x0000, 0x0000, 0x0000, 0x0000, 0x0000, 0x0000,
    0x0000, 0x0000, 0x0000, 0x0000, 0x0000, 0x0000, 0x0000, 0x0000, 0x0000, 0x0000, 0x0000, 0x0000, 0x0000, 0x0000, 0x0000, 0x0000,
    0x0000, 0x0000, 0x0000, 0x0000, 0x0000, 0x0000, 0x0000, 0x0000, 0x0000, 0x0000, 0x0000, 0x0000, 0x0000, 0x0000, 0x0000, 0x0000,
    0x0000, 0x0000, 0x0000, 0x0000, 0x0000, 0x0000, 0x0000, 0x0000, 0x0000, 0x0000, 0x0000, 0x0000, 0x0000, 0x0000, 0x0000, 0x0000,
    0x0000, 0x0000, 0x0000, 0x0000, 0x0000, 0x0000, 0x0000, 0x0000, 0x0000, 0x0000, 0x0000, 0x0000, 0x0000, 0x0000, 0x0000, 0x0000,
    0x0000, 0x0000, 0x0000, 0x0000, 0x0000, 0x0000, 0x0000, 0x0000, 0x0000, 0x0000, 0x0000, 0x0000, 0x0000, 0x0000, 0x0000, 0x0000,
    0x0000, 0x0000, 0x0000, 0x0000, 0x0000, 0x0000, 0x0000, 0x0000, 0x0000, 0x0000, 0x0000, 0x0000, 0x0000, 0x0000, 0x0000, 0x0000,
    0x0000, 0x0000, 0x0000, 0x0000, 0x0000, 0x0000, 0x0000, 0x0000, 0x0000, 0x0000, 0x9C4D, 0xBDD5, 0xB553, 0xBD93, 0xC5D1, 0xD651,
    0xDE90, 0xDE90, 0xD670, 0xCE50, 0xCE50, 0xD66E, 0xCE6E, 0xCE6E, 0xCE6E, 0xCE6F, 0xCE6F, 0xCE6F, 0xCE6E, 0xCE6E, 0xCE6E, 0xCE4E,
    0xCE4E, 0xCE4E, 0xCE4E, 0xCE4E, 0xCE4E, 0xC64E, 0xCE0C, 0xC62D, 0xC64E, 0xC64E, 0xC64E, 0xC64E, 0xC64E, 0xC64E, 0xC62E, 0xC62E,
    0xC62E, 0xCE4D, 0xE5E9, 0xDD22, 0xDCC1, 0xD4A1, 0xD481, 0xD461, 0xD481, 0xD4A1, 0xD4A1, 0xD4A1, 0xD480, 0xD480, 0xD4A0, 0xDCE1,
    0xDDA8, 0xDE70, 0xD690, 0xD670, 0xCE70, 0xCE70, 0xC64F, 0xC62F, 0xBE2F, 0xBE2F, 0xBE2F, 0xBE2F, 0xBE2F, 0xBE2F, 0xBE2F, 0xC62F,
    0xC62F, 0xC62F, 0xC64F, 0xC64F, 0xCE4F, 0xCE4F, 0xD66E, 0xD66E, 0xDE6F, 0xDE6F, 0xDE6E, 0xDE6F, 0xDE4F, 0xCDCA, 0xB544, 0x9C83,
    0xACA2, 0xC4E1, 0xD501, 0xDD63, 0xDD67, 0xD58E, 0xDD68, 0x0000, 0x0000, 0x0000, 0x0000, 0x0000, 0x0000, 0x0000, 0x0000, 0x0000,
    0x0000, 0x0000, 0x0000, 0x0000, 0x0000, 0x0000, 0x0000, 0x0000, 0x0000, 0x0000, 0x0000, 0x0000, 0x0000, 0x0000, 0x0000, 0x0000,
    0x0000, 0x0000, 0x0000, 0x0000, 0x0000, 0x0000, 0x0000, 0x0000, 0x0000, 0x0000, 0x0000, 0x0000, 0x0000, 0x0000, 0x0000, 0x0000,
    0x0000, 0x0000, 0x0000, 0x0000, 0x0000, 0x0000, 0x0000, 0x0000, 0x0000, 0x0000, 0x0000, 0x0000, 0x0000, 0x0000, 0x0000, 0x0000,
    0x0000, 0x0000, 0x0000, 0x0000, 0x0000, 0x0000, 0x0000, 0x0000, 0x0000, 0x0000, 0x0000, 0x0000, 0x0000, 0x0000, 0x0000, 0x0000,
    0x0000, 0x0000, 0x0000, 0x0000, 0x0000, 0x0000, 0x0000, 0x0000, 0x0000, 0x0000, 0x0000, 0x0000, 0x0000, 0x0000, 0x0000, 0x0000,
    0x0000, 0x0000, 0x0000, 0x0000, 0x0000, 0x0000, 0x0000, 0x0000, 0x0000, 0x0000, 0x0000, 0x0000, 0x0000, 0x0000, 0x0000, 0x0000,
    0x0000, 0x0000, 0x0000, 0x0000, 0x0000, 0x0000, 0x0000, 0x0000, 0x0000, 0x0000, 0x0000, 0x0000, 0x0000, 0x0000, 0x0000, 0x0000,
    0x0000, 0x0000, 0x0000, 0x0000, 0x0000, 0x0000, 0x0000, 0x0000, 0x0000, 0x0000, 0x0000, 0x0000, 0x0000, 0x0000, 0x0000, 0x0000,
    0x0000, 0x0000, 0x0000, 0x0000, 0x0000, 0x0000, 0x0000, 0x0000, 0x0000, 0xC5F6, 0xB532, 0xACF1, 0xBD94, 0xBDB2, 0xCE31, 0xDE90,
    0xDE90, 0xD671, 0xCE51, 0xC650, 0xCE4F, 0xCE4E, 0xCE4E, 0xCE4F, 0xCE6E, 0xCE6F, 0xCE4F, 0xC64E, 0xC64E, 0xC64E, 0xC64E, 0xC62E,
    0xC62E, 0xC62E, 0xC62E, 0xBE2E, 0xBE2E, 0xC60D, 0xE64C, 0xCDEA, 0xBE0D, 0xBE2E, 0xBE2E, 0xBE2E, 0xBE2E, 0xBE0E, 0xBE0E, 0xBE0E,
    0xBE2E, 0xD5EA, 0xDD64, 0xDCE1, 0xD4A1, 0xD481, 0xD4A1, 0xD4E2, 0xD504, 0xD504, 0xD4E4, 0xD4E3, 0xD4A1, 0xD480, 0xD4A0, 0xD4C1,
    0xDD22, 0xDDEB, 0xD670, 0xCE70, 0xCE70, 0xCE4F, 0xC64F, 0xBE0F, 0xB60F, 0xB60F, 0xB60F, 0xB60F, 0xB60E, 0xB60F, 0xB60F, 0xB60E,
    0xB60F, 0xBE0F, 0xBE2F, 0xBE2F, 0xC62F, 0xC62F, 0xCE4F, 0xCE4F, 0xD66F, 0xD66F, 0xDE6F, 0xDE70, 0xE6B3, 0xEED5, 0xDE4F, 0xB546,
    0x9C83, 0xB4C2, 0xCCE1, 0xDD22, 0xDD66, 0xD54B, 0xDD66, 0x0000, 0x0000, 0x0000, 0x0000, 0x0000, 0x0000, 0x0000, 0x0000, 0x0000,
    0x0000, 0x0000, 0x0000, 0x0000, 0x0000, 0x0000, 0x0000, 0x0000, 0x0000, 0x0000, 0x0000, 0x0000, 0x0000, 0x0000, 0x0000, 0x0000,
    0x0000, 0x0000, 0x0000, 0x0000, 0x0000, 0x0000, 0x0000, 0x0000, 0x0000, 0x0000, 0x0000, 0x0000, 0x0000, 0x0000, 0x0000, 0x0000,
    0x0000, 0x0000, 0x0000, 0x0000, 0x0000, 0x0000, 0x0000, 0x0000, 0x0000, 0x0000, 0x0000, 0x0000, 0x0000, 0x0000, 0x0000, 0x0000,
    0x0000, 0x0000, 0x0000, 0x0000, 0x0000, 0x0000, 0x0000, 0x0000, 0x0000, 0x0000, 0x0000, 0x0000, 0x0000, 0x0000, 0x0000, 0x0000,
    0x0000, 0x0000, 0x0000, 0x0000, 0x0000, 0x0000, 0x0000, 0x0000, 0x0000, 0x0000, 0x0000, 0x0000, 0x0000, 0x0000, 0x0000, 0x0000,
    0x0000, 0x0000, 0x0000, 0x0000, 0x0000, 0x0000, 0x0000, 0x0000, 0x0000, 0x0000, 0x0000, 0x0000, 0x0000, 0x0000, 0x0000, 0x0000,
    0x0000, 0x0000, 0x0000, 0x0000, 0x0000, 0x0000, 0x0000, 0x0000, 0x0000, 0x0000, 0x0000, 0x0000, 0x0000, 0x0000, 0x0000, 0x0000,
    0x0000, 0x0000, 0x0000, 0x0000, 0x0000, 0x0000, 0x0000, 0x0000, 0x0000, 0x0000, 0x0000, 0x0000, 0x0000, 0x0000, 0x0000, 0x0000,
    0x0000, 0x0000, 0x0000, 0x0000, 0x0000, 0x0000, 0x0000, 0x0000, 0x0000, 0xAD11, 0xFFFF, 0xB573, 0xBDB3, 0xC611, 0xD671, 0xDE90,
    0xDE91, 0xCE72, 0xC651, 0xC650, 0xCE4F, 0xC64F, 0xC64F, 0xCE4F, 0xCE4F, 0xCE4F, 0xC64F, 0xBE2E, 0xBE2E, 0xBE2E, 0xBE0E, 0xBE0E,
    0xBE0E, 0xBE0E, 0xB60E, 0xB60E, 0xADEE, 0xBDCB, 0xEE8E, 0xE66E, 0xBDCB, 0xB5EE, 0xB60E, 0xB60E, 0xB60E, 0xADEE, 0xB5EE, 0xB60E,
    0xC60C, 0xDD86, 0xDD01, 0xD4C1, 0xD480, 0xD4C1, 0xDD24, 0xDD47, 0xDD68, 0xDD67, 0xDD46, 0xDD25, 0xDD04, 0xD4C2, 0xD4A0, 0xD4A0,
    0xDCE1, 0xDD65, 0xCE0D, 0xC62F, 0xC62F, 0xBE2F, 0xB60F, 0xB5EF, 0xB5EF, 0xB5EF, 0xADEF, 0xADCE, 0xC60D, 0xBE0E, 0xADCE, 0xADEE,
    0xADEE, 0xADEE, 0xB5EE, 0xB60E, 0xB60E, 0xBE0E, 0xBE2F, 0xC62F, 0xCE4F, 0xD66F, 0xD670, 0xDE70, 0xDE91, 0xEED5, 0xEF17, 0xD670,
    0xAD05, 0xA4A3, 0xBCE2, 0xCD01, 0xD504, 0xCD09, 0xD524, 0x0000, 0x0000, 0x0000, 0x0000, 0x0000, 0x0000, 0x0000, 0x0000, 0x0000,
    0x0000, 0x0000, 0x0000, 0x0000, 0x0000, 0x0000, 0x0000, 0x0000, 0x0000, 0x0000, 0x0000, 0x0000, 0x0000, 0x0000, 0x0000, 0x0000,
    0x0000, 0x0000, 0x0000, 0x0000, 0x0000, 0x0000, 0x0000, 0x0000, 0x0000, 0x0000, 0x0000, 0x0000, 0x0000, 0x0000, 0x0000, 0x0000,
    0x0000, 0x0000, 0x0000, 0x0000, 0x0000, 0x0000, 0x0000, 0x0000, 0x0000, 0x0000, 0x0000, 0x0000, 0x0000, 0x0000, 0x0000, 0x0000,
    0x0000, 0x0000, 0x0000, 0x0000, 0x0000, 0x0000, 0x0000, 0x0000, 0x0000, 0x0000, 0x0000, 0x0000, 0x0000, 0x0000, 0x0000, 0x0000,
    0x0000, 0x0000, 0x0000, 0x0000, 0x0000, 0x0000, 0x0000, 0x0000, 0x0000, 0x0000, 0x0000, 0x0000, 0x0000, 0x0000, 0x0000, 0x0000,
    0x0000, 0x0000, 0x0000, 0x0000, 0x0000, 0x0000, 0x0000, 0x0000, 0x0000, 0x0000, 0x0000, 0x0000, 0x0000, 0x0000, 0x0000, 0x0000,
    0x0000, 0x0000, 0x0000, 0x0000, 0x0000, 0x0000, 0x0000, 0x0000, 0x0000, 0x0000, 0x0000, 0x0000, 0x0000, 0x0000, 0x0000, 0x0000,
    0x0000, 0x0000, 0x0000, 0x0000, 0x0000, 0x0000, 0x0000, 0x0000, 0x0000, 0x0000, 0x0000, 0x0000, 0x0000, 0x0000, 0x0000, 0x0000,
    0x0000, 0x0000, 0x0000, 0x0000, 0x0000, 0x0000, 0x0000, 0x0000, 0xACD0, 0xB573, 0xB553, 0xBDB4, 0xC5D2, 0xD651, 0xDE92, 0xDEB2,
    0xD693, 0xC652, 0xC651, 0xC64F, 0xC64F, 0xBE2F, 0xBE2E, 0xC64F, 0xC64F, 0xC62E, 0xB60E, 0xB60E, 0xB60E, 0xB60E, 0xB5EE, 0xB5EE,
    0xB5EE, 0xADEE, 0xADCD, 0xADCD, 0xA5CE, 0xAD8B, 0xDDC8, 0xEE8E, 0xDE2C, 0xB5CB, 0xA5CD, 0xADCE, 0xADCE, 0xADCE, 0xADCD, 0xBDED,
    0xD5C8, 0xDD43, 0xDCE1, 0xD480, 0xD4C1, 0xDD24, 0xDD67, 0xDD8A, 0xE5CC, 0xE5CB, 0xE5A8, 0xE587, 0xDD66, 0xDD24, 0xD4C1, 0xD480,
    0xD4A0, 0xDD01, 0xD5A8, 0xBDEE, 0xB5EF, 0xADEF, 0xADEF, 0xADCF, 0xADEF, 0xA5CE, 0xA5CE, 0xC5EC, 0xEE4C, 0xCE0D, 0xA5AE, 0xA5CE,
    0xA5CE, 0xA5CE, 0xADCE, 0xADEE, 0xADEE, 0xB5EE, 0xB60E, 0xBE0F, 0xC62F, 0xCE4F, 0xD650, 0xD670, 0xDE70, 0xE6B2, 0xEEF6, 0xEF17,
    0xCE2E, 0xA505, 0xA4C4, 0xBCE5, 0xC508, 0xC591, 0xC54D, 0xC594, 0x0000, 0x0000, 0x0000, 0x0000, 0x0000, 0x0000, 0x0000, 0x0000,
    0x0000, 0x0000, 0x0000, 0x0000, 0x0000, 0x0000, 0x0000, 0x0000, 0x0000, 0x0000, 0x0000, 0x0000, 0x0000, 0x0000, 0x0000, 0x0000,
    0x0000, 0x0000, 0x0000, 0x0000, 0x0000, 0x0000, 0x0000, 0x0000, 0x0000, 0x0000, 0x0000, 0x0000, 0x0000, 0x0000, 0x0000, 0x0000,
    0x0000, 0x0000, 0x0000, 0x0000, 0x0000, 0x0000, 0x0000, 0x0000, 0x0000, 0x0000, 0x0000, 0x0000, 0x0000, 0x0000, 0x0000, 0x0000,
    0x0000, 0x0000, 0x0000, 0x0000, 0x0000, 0x0000, 0x0000, 0x0000, 0x0000, 0x0000, 0x0000, 0x0000, 0x0000, 0x0000, 0x0000, 0x0000,
    0x0000, 0x0000, 0x0000, 0x0000, 0x0000, 0x0000, 0x0000, 0x0000, 0x0000, 0x0000, 0x0000, 0x0000, 0x0000, 0x0000, 0x0000, 0x0000,
    0x0000, 0x0000, 0x0000, 0x0000, 0x0000, 0x0000, 0x0000, 0x0000, 0x0000, 0x0000, 0x0000, 0x0000, 0x0000, 0x0000, 0x0000, 0x0000,
    0x0000, 0x0000, 0x0000, 0x0000, 0x0000, 0x0000, 0x0000, 0x0000, 0x0000, 0x0000, 0x0000, 0x0000, 0x0000, 0x0000, 0x0000, 0x0000,
    0x0000, 0x0000, 0x0000, 0x0000, 0x0000, 0x0000, 0x0000, 0x0000, 0x0000, 0x0000, 0x0000, 0x0000, 0x0000, 0x0000, 0x0000, 0x0000,
    0x0000, 0x0000, 0x0000, 0x0000, 0x0000, 0x0000, 0x0000, 0xACF1, 0xACB0, 0xAC8F, 0xB594, 0xBDD4, 0xCE12, 0xDE93, 0xDED5, 0xDEB5,
    0xCE73, 0xC652, 0xC650, 0xC62F, 0xBE2E, 0xBE2E, 0xB60E, 0xBE0E, 0xBE2E, 0xB60E, 0xADEE, 0xADEE, 0xADEE, 0xADEE, 0xADCE, 0xADCD,
    0xA5CD, 0xA5CD, 0xA5AD, 0xA5AD, 0x9DAD, 0x9D6B, 0xC545, 0xEDE9, 0xEE8E, 0xDE2C, 0xBDCB, 0xADAC, 0xADAD, 0xADCC, 0xBDEC, 0xD5EA,
    0xE564, 0xDCE1, 0xD4A0, 0xD4A1, 0xDD25, 0xDD68, 0xE589, 0xE5CB, 0xEE72, 0xEE50, 0xE5A9, 0xE587, 0xE5A8, 0xE588, 0xDD03, 0xD4A1,
    0xD480, 0xDCC1, 0xDD23, 0xD5C9, 0xBDEE, 0xADCE, 0xA5CE, 0xA5CE, 0xA5CE, 0xB5CD, 0xCE0C, 0xEE6C, 0xEE09, 0xC589, 0x9D8E, 0x9DAE,
    0x9DAE, 0x9DAE, 0x9DAE, 0xA5AE, 0xA5CE, 0xADCE, 0xADEE, 0xB5EE, 0xBE0F, 0xBE2F, 0xC64F, 0xCE50, 0xD670, 0xDE71, 0xE6D4, 0xEF17,
    0xEEF6, 0xC5EC, 0xAD49, 0xCE11, 0xCDF3, 0xCDF5, 0xBD94, 0xC594, 0xC5B4, 0x0000, 0x0000, 0x0000, 0x0000, 0x0000, 0x0000, 0x0000,
    0x0000, 0x0000, 0x0000, 0x0000, 0x0000, 0x0000, 0x0000, 0x0000, 0x0000, 0x0000, 0x0000, 0x0000, 0x0000, 0x0000, 0x0000, 0x0000,
    0x0000, 0x0000, 0x0000, 0x0000, 0x0000, 0x0000, 0x0000, 0x0000, 0x0000, 0x0000, 0x0000, 0x0000, 0x0000, 0x0000, 0x0000, 0x0000,
    0x0000, 0x0000, 0x0000, 0x0000, 0x0000, 0x0000, 0x0000, 0x0000, 0x0000, 0x0000, 0x0000, 0x0000, 0x0000, 0x0000, 0x0000, 0x0000,
    0x0000, 0x0000, 0x0000, 0x0000, 0x0000, 0x0000, 0x0000, 0x0000, 0x0000, 0x0000, 0x0000, 0x0000, 0x0000, 0x0000, 0x0000, 0x0000,
    0x0000, 0x0000, 0x0000, 0x0000, 0x0000, 0x0000, 0x0000, 0x0000, 0x0000, 0x0000, 0x0000, 0x0000, 0x0000, 0x0000, 0x0000, 0x0000,
    0x0000, 0x0000, 0x0000, 0x0000, 0x0000, 0x0000, 0x0000, 0x0000, 0x0000, 0x0000, 0x0000, 0x0000, 0x0000, 0x0000, 0x0000, 0x0000,
    0x0000, 0x0000, 0x0000, 0x0000, 0x0000, 0x0000, 0x0000, 0x0000, 0x0000, 0x0000, 0x0000, 0x0000, 0x0000, 0x0000, 0x0000, 0x0000,
    0x0000, 0x0000, 0x0000, 0x0000, 0x0000, 0x0000, 0x0000, 0x0000, 0x0000, 0x0000, 0x0000, 0x0000, 0x0000, 0x0000, 0x0000, 0x0000,
    0x0000, 0x0000, 0x0000, 0x0000, 0x0000, 0x0000, 0x0000, 0x7800, 0xB594, 0xB553, 0xB5B5, 0xBDF3, 0xD673, 0xDEB5, 0xDED7, 0xD695,
    0xC672, 0xC651, 0xBE2F, 0xBE2F, 0xB60E, 0xB60E, 0xB60E, 0xADEE, 0xADEE, 0xADEE, 0xADCE, 0xA5CE, 0xA5CD, 0xA5CD, 0xA5AD, 0xA5AD,
    0x9DAD, 0x9DAD, 0x9D8D, 0x9D8D, 0x958D, 0x956C, 0xAD06, 0xD543, 0xEDE9, 0xEE6D, 0xEE6D, 0xDE2C, 0xD60B, 0xDE2B, 0xDE0A, 0xE565,
    0xDD01, 0xD4A0, 0xD480, 0xDCE2, 0xDD8A, 0xE58A, 0xE589, 0xE5AA, 0xE60D, 0xE5EB, 0xE5A8, 0xE587, 0xE5A8, 0xE5A8, 0xDD45, 0xD4E2,
    0xD480, 0xD4A0, 0xDCE1, 0xDD43, 0xDDA7, 0xD60B, 0xCE0C, 0xCE0C, 0xD60C, 0xE64C, 0xEE4B, 0xEE09, 0xDD65, 0xA508, 0x956E, 0x958E,
    0x958E, 0x958E, 0x958E, 0x9DAE, 0x9DAE, 0xA5AE, 0xA5CE, 0xADCE, 0xADEE, 0xB60F, 0xBE0F, 0xC62F, 0xCE50, 0xD670, 0xDE92, 0xEEF5,
    0xF738, 0xE717, 0xD673, 0xE6F8, 0xDE75, 0xCE14, 0xC5D4, 0xDE56, 0xB532, 0xAD32, 0x0000, 0x0000, 0x0000, 0x0000, 0x0000, 0x0000,
    0x0000, 0x0000, 0x0000, 0x0000, 0x0000, 0x0000, 0x0000, 0x0000, 0x0000, 0x0000, 0x0000, 0x0000, 0x0000, 0x0000, 0x0000, 0x0000,
    0x0000, 0x0000, 0x0000, 0x0000, 0x0000, 0x0000, 0x0000, 0x0000, 0x0000, 0x0000, 0x0000, 0x0000, 0x0000, 0x0000, 0x0000, 0x0000,
    0x0000, 0x0000, 0x0000, 0x0000, 0x0000, 0x0000, 0x0000, 0x0000, 0x0000, 0x0000, 0x0000, 0x0000, 0x0000, 0x0000, 0x0000, 0x0000,
    0x0000, 0x0000, 0x0000, 0x0000, 0x0000, 0x0000, 0x0000, 0x0000, 0x0000, 0x0000, 0x0000, 0x0000, 0x0000, 0x0000, 0x0000, 0x0000,
    0x0000, 0x0000, 0x0000, 0x0000, 0x0000, 0x0000, 0x0000, 0x0000, 0x0000, 0x0000, 0x0000, 0x0000, 0x0000, 0x0000, 0x0000, 0x0000,
    0x0000, 0x0000, 0x0000, 0x0000, 0x0000, 0x0000, 0x0000, 0x0000, 0x0000, 0x0000, 0x0000, 0x0000, 0x0000, 0x0000, 0x0000, 0x0000,
    0x0000, 0x0000, 0x0000, 0x0000, 0x0000, 0x0000, 0x0000, 0x0000, 0x0000, 0x0000, 0x0000, 0x0000, 0x0000, 0x0000, 0x0000, 0x0000,
    0x0000, 0x0000, 0x0000, 0x0000, 0x0000, 0x0000, 0x0000, 0x0000, 0x0000, 0x0000, 0x0000, 0x0000, 0x0000, 0x0000, 0x0000, 0x0000,
    0x0000, 0x0000, 0x0000, 0x0000, 0x0000, 0x0000, 0xAD12, 0xB532, 0xACB0, 0xB595, 0xB5B4, 0xC614, 0xDEB6, 0xDED8, 0xDED7, 0xCE74,
    0xC652, 0xBE30, 0xB60F, 0xB60F, 0xB5EE, 0xADEE, 0xADEE, 0xA5CE, 0xA5CE, 0xA5CE, 0xA5AD, 0xA5AD, 0x9DAD, 0x9DAD, 0x9D8D, 0x9D8D,
    0x958D, 0x958D, 0x956D, 0x8D6D, 0x8D6C, 0x8D4C, 0x8D0A, 0xBCC3, 0xDD01, 0xE564, 0xE5A6, 0xE5C6, 0xE5C6, 0xE585, 0xDD42, 0xDCE1,
    0xD480, 0xD480, 0xD4A0, 0xDD04, 0xDD89, 0xE588, 0xE587, 0xE587, 0xE587, 0xE586, 0xE586, 0xE586, 0xE566, 0xE566, 0xDD44, 0xDD02,
    0xD4A1, 0xD480, 0xD4A0, 0xDCC1, 0xDD01, 0xDD43, 0xE585, 0xE5A6, 0xE5C7, 0xE5A6, 0xE564, 0xD502, 0xACA4, 0x84EB, 0x8D4E, 0x956E,
    0x8D6E, 0x956E, 0x956E, 0x958E, 0x958E, 0x9D8E, 0x9DAE, 0xA5AE, 0xA5CE, 0xADEF, 0xB5EF, 0xBE0F, 0xC62F, 0xCE50, 0xD670, 0xE6B3,
    0xEF17, 0xF739, 0xF77A, 0xF77B, 0xE6B6, 0xD614, 0xCDF4, 0xBD94, 0xC5D5, 0x944F, 0x0000, 0x0000, 0x0000, 0x0000, 0x0000, 0x0000,
    0x0000, 0x0000, 0x0000, 0x0000, 0x0000, 0x0000, 0x0000, 0x0000, 0x0000, 0x0000, 0x0000, 0x0000, 0x0000, 0x0000, 0x0000, 0x0000,
    0x0000, 0x0000, 0x0000, 0x0000, 0x0000, 0x0000, 0x0000, 0x0000, 0x0000, 0x0000, 0x0000, 0x0000, 0x0000, 0x0000, 0x0000, 0x0000,
    0x0000, 0x0000, 0x0000, 0x0000, 0x0000, 0x0000, 0x0000, 0x0000, 0x0000, 0x0000, 0x0000, 0x0000, 0x0000, 0x0000, 0x0000, 0x0000,
    0x0000, 0x0000, 0x0000, 0x0000, 0x0000, 0x0000, 0x0000, 0x0000, 0x0000, 0x0000, 0x0000, 0x0000, 0x0000, 0x0000, 0x0000, 0x0000,
    0x0000, 0x0000, 0x0000, 0x0000, 0x0000, 0x0000, 0x0000, 0x0000, 0x0000, 0x0000, 0x0000, 0x0000, 0x0000, 0x0000, 0x0000, 0x0000,
    0x0000, 0x0000, 0x0000, 0x0000, 0x0000, 0x0000, 0x0000, 0x0000, 0x0000, 0x0000, 0x0000, 0x0000, 0x0000, 0x0000, 0x0000, 0x0000,
    0x0000, 0x0000, 0x0000, 0x0000, 0x0000, 0x0000, 0x0000, 0x0000, 0x0000, 0x0000, 0x0000, 0x0000, 0x0000, 0x0000, 0x0000, 0x0000,
    0x0000, 0x0000, 0x0000, 0x0000, 0x0000, 0x0000, 0x0000, 0x0000, 0x0000, 0x0000, 0x0000, 0x0000, 0x0000, 0x0000, 0x0000, 0x0000,
    0x0000, 0x0000, 0x0000, 0x0000, 0x0000, 0x0000, 0xAD11, 0xBE18, 0xB574, 0xB5B5, 0xADB5, 0xC657, 0xD6D9, 0xDED8, 0xCE95, 0xBE32,
    0xBE31, 0xB60F, 0xB5EF, 0xADEF, 0xADCE, 0xA5CE, 0xA5CE, 0xA5AE, 0x9DAD, 0x9DAD, 0x9D8D, 0x9D8D, 0x958D, 0x956D, 0x956D, 0x8D6C,
    0x8D6C, 0x8D6C, 0x8D4C, 0x8D4C, 0x854C, 0x852C, 0x850C, 0x94A8, 0xBC82, 0xD4C1, 0xDCE1, 0xDD01, 0xDD01, 0xDD01, 0xDCE1, 0xD481,
    0xD480, 0xD4A0, 0xD4C1, 0xDD03, 0xDD46, 0xE566, 0xE566, 0xE566, 0xE566, 0xE565, 0xE565, 0xE565, 0xE565, 0xDD44, 0xDD24, 0xDD02,
    0xD4C1, 0xD480, 0xD480, 0xD4A0, 0xD4C1, 0xDCE1, 0xDCE1, 0xDCE1, 0xDCE1, 0xDCE1, 0xCCC1, 0x9C64, 0x7468, 0x7CEC, 0x8D4E, 0x8D6E,
    0x8D6E, 0x8D6E, 0x8D6E, 0x8D6E, 0x956E, 0x958E, 0x958E, 0x9D8E, 0x9DAE, 0xA5CE, 0xADCF, 0xB5EF, 0xBE0F, 0xC630, 0xCE50, 0xDE92,
    0xEEF6, 0xEF38, 0xF759, 0xF75A, 0xEF18, 0xD654, 0xCE14, 0xC5D4, 0x0000, 0xBD94, 0x0000, 0x0000, 0x0000, 0x0000, 0x0000, 0x0000,
    0x0000, 0x0000, 0x0000, 0x0000, 0x0000, 0x0000, 0x0000, 0x0000, 0x0000, 0x0000, 0x0000, 0x0000, 0x0000, 0x0000, 0x0000, 0x0000,
    0x0000, 0x0000, 0x0000, 0x0000, 0x0000, 0x0000, 0x0000, 0x0000, 0x0000, 0x0000, 0x0000, 0x0000, 0x0000, 0x0000, 0x0000, 0x0000,
    0x0000, 0x0000, 0x0000, 0x0000, 0x0000, 0x0000, 0x0000, 0x0000, 0x0000, 0x0000, 0x0000, 0x0000, 0x0000, 0x0000, 0x0000, 0x0000,
    0x0000, 0x0000, 0x0000, 0x0000, 0x0000, 0x0000, 0x0000, 0x0000, 0x0000, 0x0000, 0x0000, 0x0000, 0x0000, 0x0000, 0x0000, 0x0000,
    0x0000, 0x0000, 0x0000, 0x0000, 0x0000, 0x0000, 0x0000, 0x0000, 0x0000, 0x0000, 0x0000, 0x0000, 0x0000, 0x0000, 0x0000, 0x0000,
    0x0000, 0x0000, 0x0000, 0x0000, 0x0000, 0x0000, 0x0000, 0x0000, 0x0000, 0x0000, 0x0000, 0x0000, 0x0000, 0x0000, 0x0000, 0x0000,
    0x0000, 0x0000, 0x0000, 0x0000, 0x0000, 0x0000, 0x0000, 0x0000, 0x0000, 0x0000, 0x0000, 0x0000, 0x0000, 0x0000, 0x0000, 0x0000,
    0x0000, 0x0000, 0x0000, 0x0000, 0x0000, 0x0000, 0x0000, 0x0000, 0x0000, 0x0000, 0x0000, 0x0000, 0x0000, 0x0000, 0x0000, 0x0000,
    0x0000, 0x0000, 0x0000, 0x0000, 0x0000, 0x0000, 0xAD74, 0xAD12, 0xB595, 0xAD94, 0xADB5, 0xB637, 0xCE98, 0xCE96, 0xB613, 0xA5D1,
    0xA5D0, 0xADCF, 0xADCF, 0xA5CF, 0xA5AF, 0xA5AE, 0x9DAE, 0x9DAD, 0x9D8D, 0x958D, 0x958D, 0x956D, 0x8D6C, 0x8D6C, 0x8D4C, 0x8D4C,
    0x854C, 0x854C, 0x854C, 0x852C, 0x852C, 0x7D2C, 0x7D0C, 0x7CEC, 0x8C68, 0xA443, 0xC461, 0xD4A1, 0xDCE1, 0xDD01, 0xD4C1, 0xD480,
    0xD4A0, 0xD4A1, 0xD4C1, 0xDD02, 0xDD24, 0xDD45, 0xE545, 0xDD44, 0xDD44, 0xDD44, 0xDD44, 0xDD44, 0xDD43, 0xDD23, 0xDD23, 0xDD02,
    0xD4C1, 0xD4A1, 0xD4A1, 0xD4C1, 0xDCC1, 0xDCE1, 0xD4C1, 0xCCA1, 0xBC82, 0xA463, 0x8445, 0x6C68, 0x74AB, 0x850D, 0x854E, 0x8D4E,
    0x854E, 0x854E, 0x8D4E, 0x8D4E, 0x8D6E, 0x8D6E, 0x8D6E, 0x958E, 0x958E, 0x9DAE, 0xA5AE, 0xADCF, 0xB5EF, 0xBE0F, 0xC630, 0xD651,
    0xE6B4, 0xEF17, 0xF738, 0xF759, 0xF739, 0xE695, 0xD614, 0xCDD4, 0xBD74, 0xC5B4, 0xB532, 0x0000, 0x0000, 0x0000, 0x0000, 0x0000,
    0x0000, 0x0000, 0x0000, 0x0000, 0x0000, 0x0000, 0x0000, 0x0000, 0x0000, 0x0000, 0x0000, 0x0000, 0x0000, 0x0000, 0x0000, 0x0000,
    0x0000, 0x0000, 0x0000, 0x0000, 0x0000, 0x0000, 0x0000, 0x0000, 0x0000, 0x0000, 0x0000, 0x0000, 0x0000, 0x0000, 0x0000, 0x0000,
    0x0000, 0x0000, 0x0000, 0x0000, 0x0000, 0x0000, 0x0000, 0x0000, 0x0000, 0x0000, 0x0000, 0x0000, 0x0000, 0x0000, 0x0000, 0x0000,
    0x0000, 0x0000, 0x0000, 0x0000, 0x0000, 0x0000, 0x0000, 0x0000, 0x0000, 0x0000, 0x0000, 0x0000, 0x0000, 0x0000, 0x0000, 0x0000,
    0x0000, 0x0000, 0x0000, 0x0000, 0x0000, 0x0000, 0x0000, 0x0000, 0x0000, 0x0000, 0x0000, 0x0000, 0x0000, 0x0000, 0x0000, 0x0000,
    0x0000, 0x0000, 0x0000, 0x0000, 0x0000, 0x0000, 0x0000, 0x0000, 0x0000, 0x0000, 0x0000, 0x0000, 0x0000, 0x0000, 0x0000, 0x0000,
    0x0000, 0x0000, 0x0000, 0x0000, 0x0000, 0x0000, 0x0000, 0x0000, 0x0000, 0x0000, 0x0000, 0x0000, 0x0000, 0x0000, 0x0000, 0x0000,
    0x0000, 0x0000, 0x0000, 0x0000, 0x0000, 0x0000, 0x0000, 0x0000, 0x0000, 0x0000, 0x0000, 0x0000, 0x0000, 0x0000, 0x0000, 0x0000,
    0x0000, 0x0000, 0x0000, 0x0000, 0x0000, 0xBDB4, 0xB5B5, 0xB594, 0xAD95, 0x9D53, 0x9D93, 0xADF6, 0xB656, 0xA5D3, 0x9571, 0x9570,
    0x9D8F, 0xA5AF, 0xA5AF, 0x9DAF, 0x9D8F, 0x9D8E, 0x958E, 0x958D, 0x958D, 0x956D, 0x8D6D, 0x8D4C, 0x8D4C, 0x854C, 0x854C, 0x852C,
    0x852C, 0x852C, 0x7D2C, 0x7D0C, 0x7D0C, 0x7D0C, 0x7D0C, 0x7CEC, 0x74CB, 0x7449, 0x7BE5, 0x93C3, 0xBC61, 0xDD22, 0xDD01, 0xD4C1,
    0xDCE1, 0xD4C1, 0xD4A0, 0xD4E1, 0xDD03, 0xDD23, 0xDD23, 0xDD23, 0xDD23, 0xDD23, 0xDD23, 0xDD23, 0xDD22, 0xDD22, 0xDD02, 0xD4E1,
    0xD4C1, 0xD4E1, 0xD4E1, 0xDCE1, 0xDD01, 0xD4E1, 0xAC63, 0x8C24, 0x7C25, 0x6C26, 0x6C48, 0x74AA, 0x7CEC, 0x852D, 0x852E, 0x854E,
    0x854E, 0x854E, 0x854E, 0x854E, 0x854E, 0x8D4D, 0x8D6E, 0x8D6E, 0x8D6E, 0x958E, 0x9D8E, 0xA5AE, 0xADCF, 0xB5EF, 0xBE10, 0xCE30,
    0xD692, 0xEEF6, 0xEF17, 0xF739, 0xF739, 0xE6D7, 0xD634, 0xCDF4, 0xC5B4, 0x0000, 0x9C4E, 0x0000, 0x0000, 0x0000, 0x0000, 0x0000,
    0x0000, 0x0000, 0x0000, 0x0000, 0x0000, 0x0000, 0x0000, 0x0000, 0x0000, 0x0000, 0x0000, 0x0000, 0x0000, 0x0000, 0x0000, 0x0000,
    0x0000, 0x0000, 0x0000, 0x0000, 0x0000, 0x0000, 0x0000, 0x0000, 0x0000, 0x0000, 0x0000, 0x0000, 0x0000, 0x0000, 0x0000, 0x0000,
    0x0000, 0x0000, 0x0000, 0x0000, 0x0000, 0x0000, 0x0000, 0x0000, 0x0000, 0x0000, 0x0000, 0x0000, 0x0000, 0x0000, 0x0000, 0x0000,
    0x0000, 0x0000, 0x0000, 0x0000, 0x0000, 0x0000, 0x0000, 0x0000, 0x0000, 0x0000, 0x0000, 0x0000, 0x0000, 0x0000, 0x0000, 0x0000,
    0x0000, 0x0000, 0x0000, 0x0000, 0x0000, 0x0000, 0x0000, 0x0000, 0x0000, 0x0000, 0x0000, 0x0000, 0x0000, 0x0000, 0x0000, 0x0000,
    0x0000, 0x0000, 0x0000, 0x0000, 0x0000, 0x0000, 0x0000, 0x0000, 0x0000, 0x0000, 0x0000, 0x0000, 0x0000, 0x0000, 0x0000, 0x0000,
    0x0000, 0x0000, 0x0000, 0x0000, 0x0000, 0x0000, 0x0000, 0x0000, 0x0000, 0x0000, 0x0000, 0x0000, 0x0000, 0x0000, 0x0000, 0x0000,
    0x0000, 0x0000, 0x0000, 0x0000, 0x0000, 0x0000, 0x0000, 0x0000, 0x0000, 0x0000, 0x0000, 0x0000, 0x0000, 0x0000, 0x0000, 0x0000,
    0x0000, 0x0000, 0x0000, 0x0000, 0xC5D4, 0xC5B4, 0xC5B4, 0xB5B5, 0x9D54, 0x9532, 0x8D52, 0x9DB3, 0x9DB3, 0x8D71, 0x8D50, 0x956F,
    0x9D8F, 0x9D8F, 0x9D90, 0x9D90, 0x9D8F, 0x958E, 0x958E, 0x956D, 0x8D6D, 0x8D4D, 0x8D4C, 0x854C, 0x852C, 0x852C, 0x7D2C, 0x7D2C,
    0x7D0C, 0x7D0C, 0x7D0C, 0x7D0C, 0x7CEC, 0x74EC, 0x74EC, 0x74EC, 0x74CC, 0x74CB, 0x6C8A, 0x6408, 0x83E5, 0xCD03, 0xE564, 0xDD22,
    0xDD01, 0xDD02, 0xD4A1, 0xD4C1, 0xD4E1, 0xDD02, 0xDD02, 0xDD02, 0xDD02, 0xDD02, 0xDD02, 0xDD02, 0xDD02, 0xD502, 0xD4E1, 0xD4C1,
    0xD4C1, 0xDD03, 0xDD24, 0xDD43, 0xE543, 0xC4A3, 0x8C03, 0x8425, 0x7C25, 0x7C46, 0x7C67, 0x7C88, 0x7CA9, 0x7CAA, 0x7CCB, 0x7D0C,
    0x852D, 0x854D, 0x854E, 0x854E, 0x854E, 0x854D, 0x854D, 0x8D4D, 0x8D6E, 0x8D6E, 0x958E, 0x9D8E, 0xA5AE, 0xADCF, 0xB5EF, 0xC610,
    0xCE51, 0xE6B4, 0xEF17, 0xF738, 0xF739, 0xEEF8, 0xDE75, 0xD614, 0xCDF5, 0xBD93, 0xBD93, 0xC5D5, 0x0000, 0x0000, 0x0000, 0x0000,
    0x0000, 0x0000, 0x0000, 0x0000, 0x0000, 0x0000, 0x0000, 0x0000, 0x0000, 0x0000, 0x0000, 0x0000, 0x0000, 0x0000, 0x0000, 0x0000,
    0x0000, 0x0000, 0x0000, 0x0000, 0x0000, 0x0000, 0x0000, 0x0000, 0x0000, 0x0000, 0x0000, 0x0000, 0x0000, 0x0000, 0x0000, 0x0000,
    0x0000, 0x0000, 0x0000, 0x0000, 0x0000, 0x0000, 0x0000, 0x0000, 0x0000, 0x0000, 0x0000, 0x0000, 0x0000, 0x0000, 0x0000, 0x0000,
    0x0000, 0x0000, 0x0000, 0x0000, 0x0000, 0x0000, 0x0000, 0x0000, 0x0000, 0x0000, 0x0000, 0x0000, 0x0000, 0x0000, 0x0000, 0x0000,
    0x0000, 0x0000, 0x0000, 0x0000, 0x0000, 0x0000, 0x0000, 0x0000, 0x0000, 0x0000, 0x0000, 0x0000, 0x0000, 0x0000, 0x0000, 0x0000,
    0x0000, 0x0000, 0x0000, 0x0000, 0x0000, 0x0000, 0x0000, 0x0000, 0x0000, 0x0000, 0x0000, 0x0000, 0x0000, 0x0000, 0x0000, 0x0000,
    0x0000, 0x0000, 0x0000, 0x0000, 0x0000, 0x0000, 0x0000, 0x0000, 0x0000, 0x0000, 0x0000, 0x0000, 0x0000, 0x0000, 0x0000, 0x0000,
    0x0000, 0x0000, 0x0000, 0x0000, 0x0000, 0x0000, 0x0000, 0x0000, 0x0000, 0x0000, 0x0000, 0x0000, 0x0000, 0x0000, 0x0000, 0x0000,
    0x0000, 0x0000, 0x0000, 0x0000, 0x075F, 0xB5D6, 0xB5B5, 0xA575, 0x9512, 0x8D31, 0x8D31, 0x8D51, 0x8D50, 0x8530, 0x852F, 0x956F,
    0x958F, 0x956F, 0x956F, 0x958F, 0x956F, 0x956E, 0x8D6E, 0x8D6D, 0x8D4D, 0x854C, 0x852C, 0x852C, 0x7D2C, 0x7D0C, 0x7D0C, 0x7D0C,
    0x7D0C, 0x7D0C, 0x7CEC, 0x74EC, 0x74EC, 0x74EC, 0x74CB, 0x74CB, 0x6CAB, 0x6C8A, 0x6C69, 0x6C47, 0x6C05, 0xB483, 0xE586, 0xE585,
    0xE543, 0xDD43, 0xDD03, 0xD4A1, 0xD4C1, 0xD4E1, 0xD4E1, 0xD4E2, 0xD4E2, 0xD4E2, 0xD4E2, 0xD4E2, 0xD4E2, 0xD4E1, 0xD4C1, 0xD4C1,
    0xD503, 0xDD66, 0xE587, 0xE586, 0xDD65, 0xA3E2, 0x8362, 0x8382, 0x8383, 0x7BA3, 0x7BC3, 0x7BE4, 0x7C25, 0x7C66, 0x7C87, 0x7CA8,
    0x7CA9, 0x7CCA, 0x7CEB, 0x7D2C, 0x852D, 0x854D, 0x854D, 0x854D, 0x854D, 0x8D6E, 0x8D6E, 0x956E, 0x958E, 0x9DAE, 0xADCF, 0xB5EF,
    0xC630, 0xD672, 0xEEF6, 0xEF17, 0xF738, 0xEF18, 0xE695, 0xD634, 0xCDF4, 0xC5D4, 0xEED8, 0xAD32, 0xA4B0, 0x0000, 0x0000, 0x0000,
    0x0000, 0x0000, 0x0000, 0x0000, 0x0000, 0x0000, 0x0000, 0x0000, 0x0000, 0x0000, 0x0000, 0x0000, 0x0000, 0x0000, 0x0000, 0x0000,
    0x0000, 0x0000, 0x0000, 0x0000, 0x0000, 0x0000, 0x0000, 0x0000, 0x0000, 0x0000, 0x0000, 0x0000, 0x0000, 0x0000, 0x0000, 0x0000,
    0x0000, 0x0000, 0x0000, 0x0000, 0x0000, 0x0000, 0x0000, 0x0000, 0x0000, 0x0000, 0x0000, 0x0000, 0x0000, 0x0000, 0x0000, 0x0000,
    0x0000, 0x0000, 0x0000, 0x0000, 0x0000, 0x0000, 0x0000, 0x0000, 0x0000, 0x0000, 0x0000, 0x0000, 0x0000, 0x0000, 0x0000, 0x0000,
    0x0000, 0x0000, 0x0000, 0x0000, 0x0000, 0x0000, 0x0000, 0x0000, 0x0000, 0x0000, 0x0000, 0x0000, 0x0000, 0x0000, 0x0000, 0x0000,
    0x0000, 0x0000, 0x0000, 0x0000, 0x0000, 0x0000, 0x0000, 0x0000, 0x0000, 0x0000, 0x0000, 0x0000, 0x0000, 0x0000, 0x0000, 0x0000,
    0x0000, 0x0000, 0x0000, 0x0000, 0x0000, 0x0000, 0x0000, 0x0000, 0x0000, 0x0000, 0x0000, 0x0000, 0x0000, 0x0000, 0x0000, 0x0000,
    0x0000, 0x0000, 0x0000, 0x0000, 0x0000, 0x0000, 0x0000, 0x0000, 0x0000, 0x0000, 0x0000, 0x0000, 0x0000, 0x0000, 0x0000, 0x0000,
    0x0000, 0x0000, 0x0000, 0xCDB3, 0xBDD5, 0xE634, 0xADB6, 0x9D33, 0x8D11, 0x8531, 0x8530, 0x8530, 0x852F, 0x852F, 0x8D2F, 0x8D6F,
    0x8D6F, 0x8D6F, 0x8D6F, 0x8D6E, 0x8D6E, 0x8D6E, 0x8D4E, 0x854D, 0x852D, 0x852C, 0x7D2C, 0x7D0C, 0x7D0C, 0x7D0C, 0x7CEC, 0x7CEC,
    0x74EC, 0x74EC, 0x74EC, 0x74CB, 0x74CB, 0x6C8A, 0x6C6A, 0x6C69, 0x6C48, 0x7447, 0x7446, 0x8446, 0x8424, 0x9BE3, 0xD524, 0xE5C8,
    0xE586, 0xE585, 0xE565, 0xDCE3, 0xD4A1, 0xD4C1, 0xD4C1, 0xD4E1, 0xD4E1, 0xD4E1, 0xD4C1, 0xD4C1, 0xD4C1, 0xD4A1, 0xD4C1, 0xD4E3,
    0xDD66, 0xE5A9, 0xE5C8, 0xEDC7, 0xD4E4, 0x9B43, 0x8AE3, 0x8AE3, 0x82E3, 0x7B03, 0x7B22, 0x7B42, 0x7B62, 0x7BA3, 0x7BC3, 0x8405,
    0x8466, 0x8487, 0x7CA8, 0x7CC9, 0x7CCA, 0x7CEB, 0x7D2C, 0x854D, 0x854D, 0x854D, 0x8D4D, 0x8D6E, 0x8D6E, 0x958E, 0x9DAE, 0xADCF,
    0xBDF0, 0xCE31, 0xDEB4, 0xEEF6, 0xEF17, 0xEF18, 0xE6D6, 0xD654, 0xCE14, 0xCDF5, 0xBDB4, 0xC5D5, 0x0000, 0x0000, 0x0000, 0x0000,
    0x0000, 0x0000, 0x0000, 0x0000, 0x0000, 0x0000, 0x0000, 0x0000, 0x0000, 0x0000, 0x0000, 0x0000, 0x0000, 0x0000, 0x0000, 0x0000,
    0x0000, 0x0000, 0x0000, 0x0000, 0x0000, 0x0000, 0x0000, 0x0000, 0x0000, 0x0000, 0x0000, 0x0000, 0x0000, 0x0000, 0x0000, 0x0000,
    0x0000, 0x0000, 0x0000, 0x0000, 0x0000, 0x0000, 0x0000, 0x0000, 0x0000, 0x0000, 0x0000, 0x0000, 0x0000, 0x0000, 0x0000, 0x0000,
    0x0000, 0x0000, 0x0000, 0x0000, 0x0000, 0x0000, 0x0000, 0x0000, 0x0000, 0x0000, 0x0000, 0x0000, 0x0000, 0x0000, 0x0000, 0x0000,
    0x0000, 0x0000, 0x0000, 0x0000, 0x0000, 0x0000, 0x0000, 0x0000, 0x0000, 0x0000, 0x0000, 0x0000, 0x0000, 0x0000, 0x0000, 0x0000,
    0x0000, 0x0000, 0x0000, 0x0000, 0x0000, 0x0000, 0x0000, 0x0000, 0x0000, 0x0000, 0x0000, 0x0000, 0x0000, 0x0000, 0x0000, 0x0000,
    0x0000, 0x0000, 0x0000, 0x0000, 0x0000, 0x0000, 0x0000, 0x0000, 0x0000, 0x0000, 0x0000, 0x0000, 0x0000, 0x0000, 0x0000, 0x0000,
    0x0000, 0x0000, 0x0000, 0x0000, 0x0000, 0x0000, 0x0000, 0x0000, 0x0000, 0x0000, 0x0000, 0x0000, 0x0000, 0x0000, 0x0000, 0x0000,
    0x0000, 0x0000, 0x0000, 0xCD92, 0xB5D7, 0xBDF6, 0xA595, 0x8D12, 0x8531, 0x8530, 0x8530, 0x852F, 0x850F, 0x852F, 0x8D4F, 0x8D4F,
    0x8D4F, 0x8D4F, 0x8D4E, 0x854E, 0x8D4E, 0x854E, 0x852D, 0x852D, 0x7D2C, 0x7D0C, 0x7D0C, 0x7CEC, 0x74EC, 0x74EC, 0x74EC, 0x74EC,
    0x74EC, 0x74CB, 0x6CAA, 0x6C69, 0x6C69, 0x7468, 0x7C67, 0x7C66, 0x8445, 0x8424, 0x8BE4, 0x8BC3, 0x8B82, 0x8B22, 0xBC02, 0xE545,
    0xE5C8, 0xE5A6, 0xE5A6, 0xE587, 0xDD24, 0xD4C1, 0xD4A1, 0xD4C1, 0xD4C1, 0xD4A1, 0xD4C1, 0xD4A1, 0xD4A1, 0xD4C1, 0xD503, 0xDD66,
    0xE5CA, 0xEE0A, 0xEE09, 0xE586, 0xBC24, 0xA386, 0xA387, 0xA367, 0x9B46, 0x9325, 0x8B04, 0x82E3, 0x82E3, 0x7B02, 0x7B22, 0x7B62,
    0x7B83, 0x7BC3, 0x8405, 0x8466, 0x7CA7, 0x7CA8, 0x7CC9, 0x7CEB, 0x7D2C, 0x854D, 0x854D, 0x854E, 0x8D6E, 0x8D6E, 0x958E, 0x9DAF,
    0xADCF, 0xBDF0, 0xCE52, 0xE6D5, 0xEEF7, 0xEF17, 0xEED6, 0xDE74, 0xD614, 0xCDF5, 0xC5D5, 0xDE97, 0xBD94, 0x0000, 0x0000, 0x0000,
    0x0000, 0x0000, 0x0000, 0x0000, 0x0000, 0x0000, 0x0000, 0x0000, 0x0000, 0x0000, 0x0000, 0x0000, 0x0000, 0x0000, 0x0000, 0x0000,
    0x0000, 0x0000, 0x0000, 0x0000, 0x0000, 0x0000, 0x0000, 0x0000, 0x0000, 0x0000, 0x0000, 0x0000, 0x0000, 0x0000, 0x0000, 0x0000,
    0x0000, 0x0000, 0x0000, 0x0000, 0x0000, 0x0000, 0x0000, 0x0000, 0x0000, 0x0000, 0x0000, 0x0000, 0x0000, 0x0000, 0x0000, 0x0000,
    0x0000, 0x0000, 0x0000, 0x0000, 0x0000, 0x0000, 0x0000, 0x0000, 0x0000, 0x0000, 0x0000, 0x0000, 0x0000, 0x0000, 0x0000, 0x0000,
    0x0000, 0x0000, 0x0000, 0x0000, 0x0000, 0x0000, 0x0000, 0x0000, 0x0000, 0x0000, 0x0000, 0x0000, 0x0000, 0x0000, 0x0000, 0x0000,
    0x0000, 0x0000, 0x0000, 0x0000, 0x0000, 0x0000, 0x0000, 0x0000, 0x0000, 0x0000, 0x0000, 0x0000, 0x0000, 0x0000, 0x0000, 0x0000,
    0x0000, 0x0000, 0x0000, 0x0000, 0x0000, 0x0000, 0x0000, 0x0000, 0x0000, 0x0000, 0x0000, 0x0000, 0x0000, 0x0000, 0x0000, 0x0000,
    0x0000, 0x0000, 0x0000, 0x0000, 0x0000, 0x0000, 0x0000, 0x0000, 0x0000, 0x0000, 0x0000, 0x0000, 0x0000, 0x0000, 0x0000, 0x0000,
    0x0000, 0x0000, 0x0000, 0xBDD5, 0xFE80, 0xB5D6, 0x9D75, 0x84F1, 0x8511, 0x8510, 0x8530, 0x8530, 0x852F, 0x852F, 0x852E, 0x852E,
    0x852E, 0x8D4E, 0x854E, 0x852E, 0x852E, 0x852E, 0x7D0D, 0x7D0D, 0x7D0C, 0x7CEC, 0x74EC, 0x74EC, 0x74EC, 0x74EC, 0x74CB, 0x74CB,
    0x6C8A, 0x6C69, 0x7468, 0x7C87, 0x8466, 0x8425, 0x8404, 0x83C3, 0x8383, 0x8362, 0x8B23, 0x8B03, 0x9303, 0x92E4, 0xA343, 0xCC82,
    0xDD45, 0xEDC8, 0xEDE8, 0xEDE8, 0xEDC9, 0xE586, 0xDD23, 0xDCE2, 0xD4E2, 0xD4E1, 0xD4E1, 0xD4E2, 0xDD03, 0xDD45, 0xE5A8, 0xEE0B,
    0xEE0A, 0xEE2A, 0xE5A7, 0xCC84, 0xABC7, 0xABE9, 0xAC0B, 0xA3EB, 0xA3EA, 0xA3CA, 0xA3A9, 0x9B88, 0x9346, 0x9305, 0x8AE4, 0x82C3,
    0x7B02, 0x7B42, 0x7B62, 0x7BA3, 0x7BE3, 0x7C45, 0x84A7, 0x7CC8, 0x7CC9, 0x7CEB, 0x852C, 0x854D, 0x854E, 0x8D4E, 0x8D6E, 0x958E,
    0xA5AF, 0xADD0, 0xC610, 0xD673, 0xEED6, 0xEEF7, 0xEED6, 0xDE74, 0xD633, 0xCE14, 0xCDF5, 0xBD94, 0xC5D5, 0x0000, 0x0000, 0x0000,
    0x0000, 0x0000, 0x0000, 0x0000, 0x0000, 0x0000, 0x0000, 0x0000, 0x0000, 0x0000, 0x0000, 0x0000, 0x0000, 0x0000, 0x0000, 0x0000,
    0x0000, 0x0000, 0x0000, 0x0000, 0x0000, 0x0000, 0x0000, 0x0000, 0x0000, 0x0000, 0x0000, 0x0000, 0x0000, 0x0000, 0x0000, 0x0000,
    0x0000, 0x0000, 0x0000, 0x0000, 0x0000, 0x0000, 0x0000, 0x0000, 0x0000, 0x0000, 0x0000, 0x0000, 0x0000, 0x0000, 0x0000, 0x0000,
    0x0000, 0x0000, 0x0000, 0x0000, 0x0000, 0x0000, 0x0000, 0x0000, 0x0000, 0x0000, 0x0000, 0x0000, 0x0000, 0x0000, 0x0000, 0x0000,
    0x0000, 0x0000, 0x0000, 0x0000, 0x0000, 0x0000, 0x0000, 0x0000, 0x0000, 0x0000, 0x0000, 0x0000, 0x0000, 0x0000, 0x0000, 0x0000,
    0x0000, 0x0000, 0x0000, 0x0000, 0x0000, 0x0000, 0x0000, 0x0000, 0x0000, 0x0000, 0x0000, 0x0000, 0x0000, 0x0000, 0x0000, 0x0000,
    0x0000, 0x0000, 0x0000, 0x0000, 0x0000, 0x0000, 0x0000, 0x0000, 0x0000, 0x0000, 0x0000, 0x0000, 0x0000, 0x0000, 0x0000, 0x0000,
    0x0000, 0x0000, 0x0000, 0x0000, 0x0000, 0x0000, 0x0000, 0x0000, 0x0000, 0x0000, 0x0000, 0x0000, 0x0000, 0x0000, 0x0000, 0x0000,
    0x0000, 0x0000, 0x0000, 0xB5F7, 0xBDF6, 0xADD6, 0x9534, 0x84F1, 0x8510, 0x8510, 0x8510, 0x850F, 0x850F, 0x852E, 0x852E, 0x852E,
    0x852E, 0x854E, 0x852E, 0x852E, 0x850E, 0x7D0D, 0x7D0D, 0x7CEC, 0x74EC, 0x74EC, 0x74EC, 0x74EC, 0x74CC, 0x6CAB, 0x6C89, 0x6C68,
    0x7487, 0x7C66, 0x8445, 0x83E4, 0x83A3, 0x8362, 0x8343, 0x8B23, 0x8B24, 0x9325, 0x9B46, 0xA367, 0xA387, 0xA367, 0xAB46, 0xB384,
    0xCC42, 0xDD24, 0xEDC8, 0xEE09, 0xEE0A, 0xEE0B, 0xEDE9, 0xE5A8, 0xE587, 0xE587, 0xE588, 0xE5A9, 0xE5CA, 0xEE0B, 0xEE2B, 0xEE2B,
    0xEE2A, 0xE586, 0xCC84, 0xB3C6, 0xABC9, 0xAC2C, 0xAC4D, 0xAC4E, 0xAC4E, 0xA42D, 0xA40D, 0xA3EC, 0xA3CB, 0x9BAA, 0x9B88, 0x9B46,
    0x9305, 0x82E3, 0x7AE3, 0x7B22, 0x7B62, 0x7B82, 0x7BC3, 0x7C45, 0x84A7, 0x7CC8, 0x7CCA, 0x7D0B, 0x854D, 0x854E, 0x8D4E, 0x8D6E,
    0x958F, 0xA5AF, 0xB5D0, 0xC611, 0xDE94, 0xEEF6, 0xE6D6, 0xDE74, 0xD653, 0xCE14, 0xCE15, 0xC5B4, 0xCDF5, 0xAD12, 0x0000, 0x0000,
    0x0000, 0x0000, 0x0000, 0x0000, 0x0000, 0x0000, 0x0000, 0x0000, 0x0000, 0x0000, 0x0000, 0x0000, 0x0000, 0x0000, 0x0000, 0x0000,
    0x0000, 0x0000, 0x0000, 0x0000, 0x0000, 0x0000, 0x0000, 0x0000, 0x0000, 0x0000, 0x0000, 0x0000, 0x0000, 0x0000, 0x0000, 0x0000,
    0x0000, 0x0000, 0x0000, 0x0000, 0x0000, 0x0000, 0x0000, 0x0000, 0x0000, 0x0000, 0x0000, 0x0000, 0x0000, 0x0000, 0x0000, 0x0000,
    0x0000, 0x0000, 0x0000, 0x0000, 0x0000, 0x0000, 0x0000, 0x0000, 0x0000, 0x0000, 0x0000, 0x0000, 0x0000, 0x0000, 0x0000, 0x0000,
    0x0000, 0x0000, 0x0000, 0x0000, 0x0000, 0x0000, 0x0000, 0x0000, 0x0000, 0x0000, 0x0000, 0x0000, 0x0000, 0x0000, 0x0000, 0x0000,
    0x0000, 0x0000, 0x0000, 0x0000, 0x0000, 0x0000, 0x0000, 0x0000, 0x0000, 0x0000, 0x0000, 0x0000, 0x0000, 0x0000, 0x0000, 0x0000,
    0x0000, 0x0000, 0x0000, 0x0000, 0x0000, 0x0000, 0x0000, 0x0000, 0x0000, 0x0000, 0x0000, 0x0000, 0x0000, 0x0000, 0x0000, 0x0000,
    0x0000, 0x0000, 0x0000, 0x0000, 0x0000, 0x0000, 0x0000, 0x0000, 0x0000, 0x0000, 0x0000, 0x0000, 0x0000, 0x0000, 0x0000, 0x0000,
    0x0000, 0x0000, 0xAD95, 0xB618, 0xB5D6, 0xADB6, 0x8D12, 0x84F1, 0x8510, 0x850F, 0x850F, 0x850F, 0x850F, 0x850E, 0x850E, 0x850E,
    0x852E, 0x852E, 0x852E, 0x7D0E, 0x7D0E, 0x7CED, 0x74ED, 0x74EC, 0x74EC, 0x74EC, 0x74CC, 0x6CAB, 0x6C69, 0x7468, 0x7C87, 0x8466,
    0x8424, 0x83C3, 0x8382, 0x8323, 0x8B23, 0x9324, 0x9346, 0x9B87, 0xA3A8, 0xA3C9, 0xA3C9, 0xA3CA, 0xA3EA, 0xABEA, 0xABC9, 0xAB67,
    0xAB85, 0xC403, 0xD4C3, 0xE566, 0xEDE9, 0xEE2B, 0xF62B, 0xEE2B, 0xEE2B, 0xEE2B, 0xEE2C, 0xEE4C, 0xEE2B, 0xEE2B, 0xEE2A, 0xEDE8,
    0xDD25, 0xC424, 0xB3A6, 0xABA8, 0xABEB, 0xAC4D, 0xAC6F, 0xAC8F, 0xAC90, 0xAC8F, 0xAC6F, 0xA44E, 0xA42E, 0xA42D, 0xA40C, 0xA3EB,
    0x9BA9, 0x9B67, 0x9325, 0x82E3, 0x7AE3, 0x7B22, 0x7B62, 0x7BA2, 0x7BE3, 0x8466, 0x84C8, 0x7CC9, 0x7CEB, 0x852D, 0x854E, 0x8D6E,
    0x8D6E, 0x958F, 0xA5B0, 0xB5F0, 0xCE32, 0xE6B5, 0xE6B5, 0xDE74, 0xD653, 0xCE33, 0xCE15, 0xC5F5, 0xA4D1, 0xAD12, 0x0000, 0x0000,
    0x0000, 0x0000, 0x0000, 0x0000, 0x0000, 0x0000, 0x0000, 0x0000, 0x0000, 0x0000, 0x0000, 0x0000, 0x0000, 0x0000, 0x0000, 0x0000,
    0x0000, 0x0000, 0x0000, 0x0000, 0x0000, 0x0000, 0x0000, 0x0000, 0x0000, 0x0000, 0x0000, 0x0000, 0x0000, 0x0000, 0x0000, 0x0000,
    0x0000, 0x0000, 0x0000, 0x0000, 0x0000, 0x0000, 0x0000, 0x0000, 0x0000, 0x0000, 0x0000, 0x0000, 0x0000, 0x0000, 0x0000, 0x0000,
    0x0000, 0x0000, 0x0000, 0x0000, 0x0000, 0x0000, 0x0000, 0x0000, 0x0000, 0x0000, 0x0000, 0x0000, 0x0000, 0x0000, 0x0000, 0x0000,
    0x0000, 0x0000, 0x0000, 0x0000, 0x0000, 0x0000, 0x0000, 0x0000, 0x0000, 0x0000, 0x0000, 0x0000, 0x0000, 0x0000, 0x0000, 0x0000,
    0x0000, 0x0000, 0x0000, 0x0000, 0x0000, 0x0000, 0x0000, 0x0000, 0x0000, 0x0000, 0x0000, 0x0000, 0x0000, 0x0000, 0x0000, 0x0000,
    0x0000, 0x0000, 0x0000, 0x0000, 0x0000, 0x0000, 0x0000, 0x0000, 0x0000, 0x0000, 0x0000, 0x0000, 0x0000, 0x0000, 0x0000, 0x0000,
    0x0000, 0x0000, 0x0000, 0x0000, 0x0000, 0x0000, 0x0000, 0x0000, 0x0000, 0x0000, 0x0000, 0x0000, 0x0000, 0x0000, 0x0000, 0x0000,
    0x0000, 0x0000, 0xA4AF, 0xA48E, 0xADD6, 0xA5B6, 0x84D1, 0x84F1, 0x8510, 0x850F, 0x7D0F, 0x850F, 0x850E, 0x7D0E, 0x7D0E, 0x850E,
    0x852E, 0x852E, 0x7D0E, 0x7CEE, 0x7CED, 0x74ED, 0x74ED, 0x74EC, 0x74CC, 0x6CAB, 0x6C6A, 0x7468, 0x7C87, 0x8445, 0x8404, 0x8BA3,
    0x8363, 0x8303, 0x8B04, 0x9345, 0x9B87, 0xA3A8, 0xA3C9, 0xA3EA, 0xA40B, 0xA42C, 0xA44D, 0xAC4E, 0xAC6E, 0xAC6E, 0xAC4D, 0xABEA,
    0xAB66, 0xAB65, 0xB384, 0xC403, 0xD4A3, 0xDD45, 0xE5A8, 0xEE09, 0xEE2A, 0xEE2A, 0xEE2A, 0xEE09, 0xEDE8, 0xE5A7, 0xDD25, 0xCC64,
    0xBBC4, 0xAB86, 0xAB88, 0xABC9, 0xAC0C, 0xAC4E, 0xB48F, 0xB4B0, 0xB4D1, 0xACB0, 0xACB0, 0xAC8F, 0xAC8F, 0xA46F, 0xA44E, 0xA44D,
    0xA42C, 0xA3EB, 0xA3C9, 0x9B67, 0x9304, 0x82C3, 0x7AE2, 0x7B42, 0x7B82, 0x7BA3, 0x7C24, 0x84A7, 0x7CC9, 0x7CEA, 0x852C, 0x854E,
    0x8D6E, 0x8D6F, 0x9D8F, 0xADB0, 0xBDF1, 0xD652, 0xDE73, 0xDE73, 0xD653, 0xCE33, 0xCE14, 0xC5F5, 0xBD94, 0xBD94, 0xBD94, 0x0000,
    0x0000, 0x0000, 0x0000, 0x0000, 0x0000, 0x0000, 0x0000, 0x0000, 0x0000, 0x0000, 0x0000, 0x0000, 0x0000, 0x0000, 0x0000, 0x0000,
    0x0000, 0x0000, 0x0000, 0x0000, 0x0000, 0x0000, 0x0000, 0x0000, 0x0000, 0x0000, 0x0000, 0x0000, 0x0000, 0x0000, 0x0000, 0x0000,
    0x0000, 0x0000, 0x0000, 0x0000, 0x0000, 0x0000, 0x0000, 0x0000, 0x0000, 0x0000, 0x0000, 0x0000, 0x0000, 0x0000, 0x0000, 0x0000,
    0x0000, 0x0000, 0x0000, 0x0000, 0x0000, 0x0000, 0x0000, 0x0000, 0x0000, 0x0000, 0x0000, 0x0000, 0x0000, 0x0000, 0x0000, 0x0000,
    0x0000, 0x0000, 0x0000, 0x0000, 0x0000, 0x0000, 0x0000, 0x0000, 0x0000, 0x0000, 0x0000, 0x0000, 0x0000, 0x0000, 0x0000, 0x0000,
    0x0000, 0x0000, 0x0000, 0x0000, 0x0000, 0x0000, 0x0000, 0x0000, 0x0000, 0x0000, 0x0000, 0x0000, 0x0000, 0x0000, 0x0000, 0x0000,
    0x0000, 0x0000, 0x0000, 0x0000, 0x0000, 0x0000, 0x0000, 0x0000, 0x0000, 0x0000, 0x0000, 0x0000, 0x0000, 0x0000, 0x0000, 0x0000,
    0x0000, 0x0000, 0x0000, 0x0000, 0x0000, 0x0000, 0x0000, 0x0000, 0x0000, 0x0000, 0x0000, 0x0000, 0x0000, 0x0000, 0x0000, 0x0000,
    0x0000, 0xACF0, 0xAD74, 0xAD74, 0xB5F7, 0x9D74, 0x7CD0, 0x84F0, 0x8510, 0x7CEF, 0x7CEF, 0x7D0E, 0x7D0E, 0x7D0E, 0x7D0E, 0x850E,
    0x852E, 0x850E, 0x7CEE, 0x7CEE, 0x74ED, 0x74CD, 0x74CD, 0x74CC, 0x6C8A, 0x6C69, 0x7C88, 0x8466, 0x8404, 0x83A3, 0x8343, 0x8303,
    0x8B04, 0x9B46, 0xA3A7, 0xA3C8, 0xA3EA, 0xA40B, 0xAC2D, 0xAC6E, 0xAC8F, 0xACAF, 0xB4B0, 0xB4D0, 0xB4D0, 0xB4D0, 0xB4B0, 0xB44D,
    0xABC9, 0xAB86, 0xAB66, 0xAB65, 0xB364, 0xBBA3, 0xC403, 0xCC63, 0xD483, 0xD4A4, 0xD4A4, 0xCC83, 0xCC43, 0xC3E4, 0xB3A5, 0xB366,
    0xAB66, 0xAB67, 0xABA9, 0xABCA, 0xAC0C, 0xAC6E, 0xB4B0, 0xB4D1, 0xB4D1, 0xB4D1, 0xB4D1, 0xACB0, 0xACB0, 0xACB0, 0xAC8F, 0xAC8F,
    0xA46F, 0xA44E, 0xA42C, 0xA3EB, 0x9BA8, 0x9B46, 0x8AE4, 0x7AC3, 0x7B02, 0x7B62, 0x7BA3, 0x7C04, 0x8487, 0x84C9, 0x7CEA, 0x7D2C,
    0x854E, 0x8D6E, 0x956F, 0x9D8F, 0xADD0, 0xC611, 0xD652, 0xD653, 0xD653, 0xCE33, 0xCE14, 0xCE15, 0xC5D5, 0xC5F5, 0xBD74, 0x0000,
    0x0000, 0x0000, 0x0000, 0x0000, 0x0000, 0x0000, 0x0000, 0x0000, 0x0000, 0x0000, 0x0000, 0x0000, 0x0000, 0x0000, 0x0000, 0x0000,
    0x0000, 0x0000, 0x0000, 0x0000, 0x0000, 0x0000, 0x0000, 0x0000, 0x0000, 0x0000, 0x0000, 0x0000, 0x0000, 0x0000, 0x0000, 0x0000,
    0x0000, 0x0000, 0x0000, 0x0000, 0x0000, 0x0000, 0x0000, 0x0000, 0x0000, 0x0000, 0x0000, 0x0000, 0x0000, 0x0000, 0x0000, 0x0000,
    0x0000, 0x0000, 0x0000, 0x0000, 0x0000, 0x0000, 0x0000, 0x0000, 0x0000, 0x0000, 0x0000, 0x0000, 0x0000, 0x0000, 0x0000, 0x0000,
    0x0000, 0x0000, 0x0000, 0x0000, 0x0000, 0x0000, 0x0000, 0x0000, 0x0000, 0x0000, 0x0000, 0x0000, 0x0000, 0x0000, 0x0000, 0x0000,
    0x0000, 0x0000, 0x0000, 0x0000, 0x0000, 0x0000, 0x0000, 0x0000, 0x0000, 0x0000, 0x0000, 0x0000, 0x0000, 0x0000, 0x0000, 0x0000,
    0x0000, 0x0000, 0x0000, 0x0000, 0x0000, 0x0000, 0x0000, 0x0000, 0x0000, 0x0000, 0x0000, 0x0000, 0x0000, 0x0000, 0x0000, 0x0000,
    0x0000, 0x0000, 0x0000, 0x0000, 0x0000, 0x0000, 0x0000, 0x0000, 0x0000, 0x0000, 0x0000, 0x0000, 0x0000, 0x0000, 0x0000, 0x0000,
    0x0000, 0xACF0, 0xAE3A, 0xADB6, 0xADF7, 0x8D12, 0x84D0, 0x84F0, 0x84EF, 0x7CEF, 0x7D0E, 0x7D0F, 0x7D0F, 0x7D0E, 0x7D0E, 0x7D0E,
    0x7D0E, 0x7CEE, 0x74EE, 0x74ED, 0x74CD, 0x74CD, 0x6CAC, 0x6C8A, 0x7C88, 0x8487, 0x8424, 0x83A3, 0x8343, 0x82E3, 0x8B04, 0x9B46,
    0xA3A7, 0xA3C9, 0xA3EA, 0xA40B, 0xAC4D, 0xAC8F, 0xACB0, 0xB4D0, 0xB4F1, 0xB4F1, 0xB4F1, 0xBD11, 0xBCF1, 0xBCF1, 0xB4D1, 0xB48F,
    0xB42C, 0xABC9, 0xAB86, 0xAB66, 0xAB66, 0xAB65, 0xAB45, 0xB365, 0xB365, 0xB365, 0xB365, 0xB366, 0xB366, 0xB366, 0xAB66, 0xAB66,
    0xAB67, 0xAB88, 0xABAA, 0xABEB, 0xAC2D, 0xAC6E, 0xB4B0, 0xB4D1, 0xB4D1, 0xB4D1, 0xB4D0, 0xB4D0, 0xB4B0, 0xB4B0, 0xB4B0, 0xACB0,
    0xACB0, 0xAC8F, 0xAC6E, 0xA44D, 0xA40B, 0xA3C9, 0x9B67, 0x9304, 0x82A3, 0x72E2, 0x7362, 0x7383, 0x7BE4, 0x8466, 0x84C9, 0x7CEA,
    0x7D0C, 0x854E, 0x8D4E, 0x956F, 0xA590, 0xB5F1, 0xC612, 0xCE53, 0xD633, 0xCE33, 0xC613, 0xC5F4, 0xC5F5, 0xBD53, 0xC5B4, 0xC5B4,
    0x0000, 0x0000, 0x0000, 0x0000, 0x0000, 0x0000, 0x0000, 0x0000, 0x0000, 0x0000, 0x0000, 0x0000, 0x0000, 0x0000, 0x0000, 0x0000,
    0x0000, 0x0000, 0x0000, 0x0000, 0x0000, 0x0000, 0x0000, 0x0000, 0x0000, 0x0000, 0x0000, 0x0000, 0x0000, 0x0000, 0x0000, 0x0000,
    0x0000, 0x0000, 0x0000, 0x0000, 0x0000, 0x0000, 0x0000, 0x0000, 0x0000, 0x0000, 0x0000, 0x0000, 0x0000, 0x0000, 0x0000, 0x0000,
    0x0000, 0x0000, 0x0000, 0x0000, 0x0000, 0x0000, 0x0000, 0x0000, 0x0000, 0x0000, 0x0000, 0x0000, 0x0000, 0x0000, 0x0000, 0x0000,
    0x0000, 0x0000, 0x0000, 0x0000, 0x0000, 0x0000, 0x0000, 0x0000, 0x0000, 0x0000, 0x0000, 0x0000, 0x0000, 0x0000, 0x0000, 0x0000,
    0x0000, 0x0000, 0x0000, 0x0000, 0x0000, 0x0000, 0x0000, 0x0000, 0x0000, 0x0000, 0x0000, 0x0000, 0x0000, 0x0000, 0x0000, 0x0000,
    0x0000, 0x0000, 0x0000, 0x0000, 0x0000, 0x0000, 0x0000, 0x0000, 0x0000, 0x0000, 0x0000, 0x0000, 0x0000, 0x0000, 0x0000, 0x0000,
    0x0000, 0x0000, 0x0000, 0x0000, 0x0000, 0x0000, 0x0000, 0x0000, 0x0000, 0x0000, 0x0000, 0x0000, 0x0000, 0x0000, 0x0000, 0x0000,
    0xB4AD, 0xAD53, 0xA4AF, 0xADD7, 0xA5B6, 0x84F1, 0x84F0, 0x8510, 0x7CEF, 0x7CEE, 0x7CEE, 0x7D0F, 0x7D0E, 0x7D0E, 0x7D0E, 0x7D0E,
    0x7CEE, 0x7CEE, 0x74EE, 0x74ED, 0x74CD, 0x6CAB, 0x7489, 0x84A8, 0x8445, 0x83C3, 0x8363, 0x82E3, 0x8AE4, 0x9B45, 0xA387, 0xA3C8,
    0xA3EA, 0xA42B, 0xAC4D, 0xAC8E, 0xACB0, 0xB4D0, 0xB4F1, 0xB511, 0xBD12, 0xBD12, 0xBD12, 0xBD12, 0xBD12, 0xBD12, 0xBD11, 0xB4D0,
    0xB48F, 0xB42C, 0xABC9, 0xAB87, 0xAB66, 0xAB66, 0xAB66, 0xAB66, 0xB366, 0xB366, 0xB366, 0xB366, 0xB366, 0xB366, 0xAB66, 0xAB67,
    0xAB88, 0xABAA, 0xABCB, 0xAC0B, 0xAC2D, 0xAC6F, 0xB490, 0xB4B0, 0xB46F, 0xAC4E, 0xAC2E, 0xA40D, 0xA3ED, 0xA40D, 0xAC4E, 0xB490,
    0xB4B0, 0xB4B0, 0xACB0, 0xAC8F, 0xAC4E, 0xA42C, 0xA3CA, 0x9B87, 0x9304, 0x82A3, 0x72C2, 0x7362, 0x7383, 0x7BC4, 0x8466, 0x84C9,
    0x7CEA, 0x7D2C, 0x854E, 0x8D4E, 0x956F, 0xA5B0, 0xBDF1, 0xC632, 0xCE33, 0xCE13, 0xC613, 0xC5F4, 0xC5F5, 0xBDB5, 0xC5D5, 0xC552,
    0x0000, 0x0000, 0x0000, 0x0000, 0x0000, 0x0000, 0x0000, 0x0000, 0x0000, 0x0000, 0x0000, 0x0000, 0x0000, 0x0000, 0x0000, 0x0000,
    0x0000, 0x0000, 0x0000, 0x0000, 0x0000, 0x0000, 0x0000, 0x0000, 0x0000, 0x0000, 0x0000, 0x0000, 0x0000, 0x0000, 0x0000, 0x0000,
    0x0000, 0x0000, 0x0000, 0x0000, 0x0000, 0x0000, 0x0000, 0x0000, 0x0000, 0x0000, 0x0000, 0x0000, 0x0000, 0x0000, 0x0000, 0x0000,
    0x0000, 0x0000, 0x0000, 0x0000, 0x0000, 0x0000, 0x0000, 0x0000, 0x0000, 0x0000, 0x0000, 0x0000, 0x0000, 0x0000, 0x0000, 0x0000,
    0x0000, 0x0000, 0x0000, 0x0000, 0x0000, 0x0000, 0x0000, 0x0000, 0x0000, 0x0000, 0x0000, 0x0000, 0x0000, 0x0000, 0x0000, 0x0000,
    0x0000, 0x0000, 0x0000, 0x0000, 0x0000, 0x0000, 0x0000, 0x0000, 0x0000, 0x0000, 0x0000, 0x0000, 0x0000, 0x0000, 0x0000, 0x0000,
    0x0000, 0x0000, 0x0000, 0x0000, 0x0000, 0x0000, 0x0000, 0x0000, 0x0000, 0x0000, 0x0000, 0x0000, 0x0000, 0x0000, 0x0000, 0x0000,
    0x0000, 0x0000, 0x0000, 0x0000, 0x0000, 0x0000, 0x0000, 0x0000, 0x0000, 0x0000, 0x0000, 0x0000, 0x0000, 0x0000, 0x0000, 0x0000,
    0xBC29, 0xA595, 0xA554, 0xADD7, 0x9D74, 0x84F0, 0x84F0, 0x84F0, 0x7CEF, 0x7CEE, 0x7CEE, 0x7CEE, 0x7CEE, 0x7D0E, 0x7D0E, 0x7CEE,
    0x7CEE, 0x7CEE, 0x74EE, 0x74CD, 0x6CAB, 0x7CA9, 0x8487, 0x8C24, 0x8383, 0x8303, 0x82C3, 0x9325, 0x9B87, 0xA3C8, 0xA3EA, 0xA40B,
    0xAC4D, 0xAC8E, 0xB4B0, 0xB4F0, 0xBD11, 0xBD32, 0xBD32, 0xBD32, 0xBD32, 0xBD32, 0xBD32, 0xBD32, 0xBD32, 0xBD32, 0xBD12, 0xBCF1,
    0xB4D0, 0xB46E, 0xB42C, 0xABEA, 0xABA8, 0xAB87, 0xAB87, 0xAB87, 0xAB66, 0xB366, 0xB367, 0xB387, 0xB387, 0xAB87, 0xAB88, 0xABA9,
    0xABAA, 0xABCB, 0xABCA, 0xBC67, 0xB46C, 0xAC4E, 0xA40D, 0x938B, 0x8B2A, 0x7AC9, 0x7268, 0x6A26, 0x6A05, 0x69E5, 0x7205, 0x8287,
    0x936B, 0xA42E, 0xB4B0, 0xB4B0, 0xAC8F, 0xAC6E, 0xAC2D, 0xA3EA, 0xA387, 0x9B24, 0x82A3, 0x72C2, 0x7363, 0x7383, 0x7BE4, 0x8467,
    0x84E9, 0x7CEB, 0x7D2D, 0x854E, 0x8D4F, 0x956F, 0xADB0, 0xBDF2, 0xC613, 0xC613, 0xC613, 0xC5F3, 0xBDD5, 0xBDD5, 0xBDF6, 0xC5D5,
    0x0000, 0x0000, 0x0000, 0x0000, 0x0000, 0x0000, 0x0000, 0x0000, 0x0000, 0x0000, 0x0000, 0x0000, 0x0000, 0x0000, 0x0000, 0x0000,
    0x0000, 0x0000, 0x0000, 0x0000, 0x0000, 0x0000, 0x0000, 0x0000, 0x0000, 0x0000, 0x0000, 0x0000, 0x0000, 0x0000, 0x0000, 0x0000,
    0x0000, 0x0000, 0x0000, 0x0000, 0x0000, 0x0000, 0x0000, 0x0000, 0x0000, 0x0000, 0x0000, 0x0000, 0x0000, 0x0000, 0x0000, 0x0000,
    0x0000, 0x0000, 0x0000, 0x0000, 0x0000, 0x0000, 0x0000, 0x0000, 0x0000, 0x0000, 0x0000, 0x0000, 0x0000, 0x0000, 0x0000, 0x0000,
    0x0000, 0x0000, 0x0000, 0x0000, 0x0000, 0x0000, 0x0000, 0x0000, 0x0000, 0x0000, 0x0000, 0x0000, 0x0000, 0x0000, 0x0000, 0x0000,
    0x0000, 0x0000, 0x0000, 0x0000, 0x0000, 0x0000, 0x0000, 0x0000, 0x0000, 0x0000, 0x0000, 0x0000, 0x0000, 0x0000, 0x0000, 0x0000,
    0x0000, 0x0000, 0x0000, 0x0000, 0x0000, 0x0000, 0x0000, 0x0000, 0x0000, 0x0000, 0x0000, 0x0000, 0x0000, 0x0000, 0x0000, 0x0000,
    0x0000, 0x0000, 0x0000, 0x0000, 0x0000, 0x0000, 0x0000, 0x0000, 0x0000, 0x0000, 0x0000, 0x0000, 0x0000, 0x0000, 0x0000, 0x0000,
    0xB532, 0xA65B, 0xAD95, 0xADD7, 0x9553, 0x84EF, 0x7CEF, 0x7CEF, 0x7CEE, 0x7CEE, 0x7CEE, 0x7CEE, 0x7CEE, 0x7D0F, 0x7CEF, 0x7CEE,
    0x7CEE, 0x7CEE, 0x74CD, 0x6CAB, 0x7CA9, 0x8C87, 0x8C04, 0x8363, 0x82E3, 0x8B04, 0x9B66, 0xA3C8, 0xA3E9, 0xA40B, 0xA44D, 0xAC6E,
    0xAC8F, 0xAC8F, 0xAC6F, 0xA42E, 0xA40D, 0xA40D, 0xAC4E, 0xB4B0, 0xBD12, 0xBD32, 0xBD32, 0xBD32, 0xBD32, 0xBD32, 0xBD32, 0xBD12,
    0xBCF1, 0xB4B0, 0xB46E, 0xB44D, 0xB40B, 0xABEA, 0xABC9, 0xABC9, 0xABA9, 0xABA8, 0xABA8, 0xABA8, 0xABA9, 0xABCA, 0xABCA, 0xABCB,
    0xABEB, 0xABCB, 0xB3E8, 0xD4C3, 0xC4A9, 0x9BAC, 0x7246, 0x61A4, 0x5963, 0x5122, 0x5122, 0x5122, 0x5922, 0x5922, 0x5922, 0x5922,
    0x5942, 0x69E5, 0x8309, 0xA42E, 0xB4B0, 0xB48F, 0xAC6E, 0xAC4D, 0xA3EA, 0xA387, 0x9304, 0x82A3, 0x72C2, 0x7363, 0x7383, 0x7BE5,
    0x8487, 0x84E9, 0x7D0B, 0x7D2D, 0x852E, 0x8D4F, 0x9D90, 0xADD1, 0xBE12, 0xC613, 0xBDF2, 0xBDF2, 0xBDD4, 0xBDD5, 0xCDF7, 0xBDF6,
    0x0000, 0x0000, 0x0000, 0x0000, 0x0000, 0x0000, 0x0000, 0x0000, 0x0000, 0x0000, 0x0000, 0x0000, 0x0000, 0x0000, 0x0000, 0x0000,
    0x0000, 0x0000, 0x0000, 0x0000, 0x0000, 0x0000, 0x0000, 0x0000, 0x0000, 0x0000, 0x0000, 0x0000, 0x0000, 0x0000, 0x0000, 0x0000,
    0x0000, 0x0000, 0x0000, 0x0000, 0x0000, 0x0000, 0x0000, 0x0000, 0x0000, 0x0000, 0x0000, 0x0000, 0x0000, 0x0000, 0x0000, 0x0000,
    0x0000, 0x0000, 0x0000, 0x0000, 0x0000, 0x0000, 0x0000, 0x0000, 0x0000, 0x0000, 0x0000, 0x0000, 0x0000, 0x0000, 0x0000, 0x0000,
    0x0000, 0x0000, 0x0000, 0x0000, 0x0000, 0x0000, 0x0000, 0x0000, 0x0000, 0x0000, 0x0000, 0x0000, 0x0000, 0x0000, 0x0000, 0x0000,
    0x0000, 0x0000, 0x0000, 0x0000, 0x0000, 0x0000, 0x0000, 0x0000, 0x0000, 0x0000, 0x0000, 0x0000, 0x0000, 0x0000, 0x0000, 0x0000,
    0x0000, 0x0000, 0x0000, 0x0000, 0x0000, 0x0000, 0x0000, 0x0000, 0x0000, 0x0000, 0x0000, 0x0000, 0x0000, 0x0000, 0x0000, 0x0000,
    0x0000, 0x0000, 0x0000, 0x0000, 0x0000, 0x0000, 0x0000, 0x0000, 0x0000, 0x0000, 0x0000, 0x0000, 0x0000, 0x0000, 0x0000, 0x0000,
    0xAD74, 0xAC4C, 0xADB6, 0xADD7, 0x8D31, 0x7CEF, 0x7CEE, 0x7CEE, 0x7CEE, 0x7CEF, 0x7CEF, 0x7CEE, 0x7D0F, 0x7D0F, 0x7CEF, 0x7CEE,
    0x7CEE, 0x74CD, 0x74AB, 0x7CA9, 0x8C66, 0x83E4, 0x8323, 0x82C3, 0x9325, 0x9B86, 0x9BC8, 0xA3EA, 0xA42C, 0xAC6E, 0xA44E, 0x9BCC,
    0x8309, 0x7A67, 0x6A05, 0x69C4, 0x69C4, 0x69C3, 0x69E4, 0x7A46, 0x932A, 0xAC6F, 0xBD12, 0xBD12, 0xBD32, 0xBD32, 0xBD32, 0xBD32,
    0xBD11, 0xBCF1, 0xB4B0, 0xB48F, 0xB46E, 0xB44D, 0xAC2C, 0xAC0C, 0xAC0B, 0xABEB, 0xABEB, 0xABEB, 0xABEB, 0xABEC, 0xABEC, 0xABEC,
    0xABEC, 0xABEB, 0xC465, 0xDD22, 0xDD24, 0xB405, 0x71E3, 0x5942, 0x6162, 0x6183, 0x61A3, 0x69C4, 0x7204, 0x7225, 0x7A45, 0x7A45,
    0x7205, 0x69C4, 0x61A4, 0x6A06, 0x936B, 0xAC6F, 0xB48F, 0xAC6E, 0xAC4C, 0xABEA, 0x9B66, 0x92E3, 0x8283, 0x72E3, 0x7363, 0x73A3,
    0x7C05, 0x84A8, 0x7CEA, 0x7D0C, 0x7D2D, 0x854E, 0x8D6F, 0xA590, 0xB5D1, 0xBDF2, 0xBDF2, 0xBDD2, 0xBDD3, 0xBDD5, 0xC5D6, 0xBDD6,
    0x0000, 0x0000, 0x0000, 0x0000, 0x0000, 0x0000, 0x0000, 0x0000, 0x0000, 0x0000, 0x0000, 0x0000, 0x0000, 0x0000, 0x0000, 0x0000,
    0x0000, 0x0000, 0x0000, 0x0000, 0x0000, 0x0000, 0x0000, 0x0000, 0x0000, 0x0000, 0x0000, 0x0000, 0x0000, 0x0000, 0x0000, 0x0000,
    0x0000, 0x0000, 0x0000, 0x0000, 0x0000, 0x0000, 0x0000, 0x0000, 0x0000, 0x0000, 0x0000, 0x0000, 0x0000, 0x0000, 0x0000, 0x0000,
    0x0000, 0x0000, 0x0000, 0x0000, 0x0000, 0x0000, 0x0000, 0x0000, 0x0000, 0x0000, 0x0000, 0x0000, 0x0000, 0x0000, 0x0000, 0x0000,
    0x0000, 0x0000, 0x0000, 0x0000, 0x0000, 0x0000, 0x0000, 0x0000, 0x0000, 0x0000, 0x0000, 0x0000, 0x0000, 0x0000, 0x0000, 0x0000,
    0x0000, 0x0000, 0x0000, 0x0000, 0x0000, 0x0000, 0x0000, 0x0000, 0x0000, 0x0000, 0x0000, 0x0000, 0x0000, 0x0000, 0x0000, 0x0000,
    0x0000, 0x0000, 0x0000, 0x0000, 0x0000, 0x0000, 0x0000, 0x0000, 0x0000, 0x0000, 0x0000, 0x0000, 0x0000, 0x0000, 0x0000, 0x0000,
    0x0000, 0x0000, 0x0000, 0x0000, 0x0000, 0x0000, 0x0000, 0x0000, 0x0000, 0x0000, 0x0000, 0x0000, 0x0000, 0x0000, 0x0000, 0x0000,
    0xAD96, 0xAD33, 0xADB7, 0xA5B6, 0x8510, 0x7CEF, 0x7CEE, 0x74CE, 0x7CEE, 0x7D0F, 0x7D0F, 0x7D0F, 0x850F, 0x7D0F, 0x7CEE, 0x7CEE,
    0x74CD, 0x74AB, 0x84A9, 0x8C66, 0x83C4, 0x7B03, 0x82C3, 0x9345, 0x9BA7, 0xA3C8, 0xA40A, 0xA44C, 0xA40D, 0x8B4A, 0x7246, 0x61A4,
    0x5963, 0x5962, 0x5962, 0x5962, 0x5942, 0x5942, 0x5942, 0x5942, 0x6162, 0x7A25, 0xA3ED, 0xBD11, 0xBD12, 0xBD32, 0xBD32, 0xBD32,
    0xBD12, 0xBD11, 0xBCF1, 0xB4D0, 0xB4B0, 0xB48F, 0xB46E, 0xB44E, 0xAC4D, 0xAC2D, 0xAC2D, 0xAC2D, 0xAC2D, 0xAC0D, 0xAC0C, 0xAC0C,
    0xABEB, 0xC466, 0xDD22, 0xDD21, 0xD4E2, 0xBC25, 0x9B68, 0x9328, 0x9328, 0x9349, 0x9B69, 0x9B8A, 0xA3AB, 0xA3CB, 0xA3EC, 0xA40C,
    0xA40D, 0xA40D, 0xA3CC, 0x932A, 0x82A8, 0x8B4B, 0xAC6F, 0xB48F, 0xB48E, 0xAC4C, 0xA3E9, 0x9B45, 0x92C3, 0x7A83, 0x7323, 0x7383,
    0x73A3, 0x7C26, 0x84C8, 0x7D0A, 0x7D0C, 0x852D, 0x8D4F, 0x9570, 0xA5B1, 0xB5D2, 0xB5D2, 0xB5D2, 0xB5D3, 0xB5D5, 0xBDD6, 0xB5D5,
    0x0000, 0x0000, 0x0000, 0x0000, 0x0000, 0x0000, 0x0000, 0x0000, 0x0000, 0x0000, 0x0000, 0x0000, 0x0000, 0x0000, 0x0000, 0x0000,
    0x0000, 0x0000, 0x0000, 0x0000, 0x0000, 0x0000, 0x0000, 0x0000, 0x0000, 0x0000, 0x0000, 0x0000, 0x0000, 0x0000, 0x0000, 0x0000,
    0x0000, 0x0000, 0x0000, 0x0000, 0x0000, 0x0000, 0x0000, 0x0000, 0x0000, 0x0000, 0x0000, 0x0000, 0x0000, 0x0000, 0x0000, 0x0000,
    0x0000, 0x0000, 0x0000, 0x0000, 0x0000, 0x0000, 0x0000, 0x0000, 0x0000, 0x0000, 0x0000, 0x0000, 0x0000, 0x0000, 0x0000, 0x0000,
    0x0000, 0x0000, 0x0000, 0x0000, 0x0000, 0x0000, 0x0000, 0x0000, 0x0000, 0x0000, 0x0000, 0x0000, 0x0000, 0x0000, 0x0000, 0x0000,
    0x0000, 0x0000, 0x0000, 0x0000, 0x0000, 0x0000, 0x0000, 0x0000, 0x0000, 0x0000, 0x0000, 0x0000, 0x0000, 0x0000, 0x0000, 0x0000,
    0x0000, 0x0000, 0x0000, 0x0000, 0x0000, 0x0000, 0x0000, 0x0000, 0x0000, 0x0000, 0x0000, 0x0000, 0x0000, 0x0000, 0x0000, 0x0000,
    0x0000, 0x0000, 0x0000, 0x0000, 0x0000, 0x0000, 0x0000, 0x0000, 0x0000, 0x0000, 0x0000, 0x0000, 0x0000, 0x0000, 0x0000, 0x0000,
    0xADB7, 0xAD54, 0xADD7, 0x9D94, 0x84EF, 0x7CEE, 0x7CCE, 0x74CE, 0x7CEF, 0x8510, 0x8510, 0x8510, 0x8510, 0x7CEF, 0x7CEE, 0x74CE,
    0x74AB, 0x84A9, 0x8C66, 0x83C4, 0x7B03, 0x82E3, 0x9B45, 0x9BA7, 0xA3E9, 0xA40B, 0xA44D, 0x9BCC, 0x82C8, 0x7266, 0x7AA7, 0x82E8,
    0x8B09, 0x8B09, 0x8B08, 0x82C7, 0x82A7, 0x7A66, 0x7205, 0x69C4, 0x6983, 0x69A3, 0x9309, 0xBCF0, 0xBD11, 0xBD12, 0xBD32, 0xC532,
    0xBD32, 0xBD12, 0xBD11, 0xBCF1, 0xBCF1, 0xB4D0, 0xB4B0, 0xB48F, 0xB48F, 0xAC6E, 0xAC4E, 0xAC4E, 0xAC2D, 0xAC2D, 0xAC0D, 0xAC0D,
    0xABEB, 0xB3C5, 0xC442, 0xD4E1, 0xC484, 0xABCA, 0xA3EC, 0xA3EC, 0xA3CB, 0xA3EC, 0xA3EC, 0xA3EC, 0xAC0C, 0xAC0C, 0xAC2D, 0xAC4E,
    0xAC6E, 0xAC8F, 0xB4B0, 0xB4B0, 0xAC6F, 0xA3ED, 0xA42E, 0xB4B0, 0xB4AF, 0xB48E, 0xAC4C, 0xA3C8, 0x9B25, 0x8AA3, 0x7283, 0x7343,
    0x7383, 0x73C4, 0x7C67, 0x84E9, 0x7D0B, 0x7D2D, 0x852E, 0x8D4F, 0x9D90, 0xADB1, 0xB5D2, 0xB5D2, 0xB5B2, 0xB5D4, 0xBDD5, 0xB5D4,
    0xBDD6, 0x0000, 0x0000, 0x0000, 0x0000, 0x0000, 0x0000, 0x0000, 0x0000, 0x0000, 0x0000, 0x0000, 0x0000, 0x0000, 0x0000, 0x0000,
    0x0000, 0x0000, 0x0000, 0x0000, 0x0000, 0x0000, 0x0000, 0x0000, 0x0000, 0x0000, 0x0000, 0x0000, 0x0000, 0x0000, 0x0000, 0x0000,
    0x0000, 0x0000, 0x0000, 0x0000, 0x0000, 0x0000, 0x0000, 0x0000, 0x0000, 0x0000, 0x0000, 0x0000, 0x0000, 0x0000, 0x0000, 0x0000,
    0x0000, 0x0000, 0x0000, 0x0000, 0x0000, 0x0000, 0x0000, 0x0000, 0x0000, 0x0000, 0x0000, 0x0000, 0x0000, 0x0000, 0x0000, 0x0000,
    0x0000, 0x0000, 0x0000, 0x0000, 0x0000, 0x0000, 0x0000, 0x0000, 0x0000, 0x0000, 0x0000, 0x0000, 0x0000, 0x0000, 0x0000, 0x0000,
    0x0000, 0x0000, 0x0000, 0x0000, 0x0000, 0x0000, 0x0000, 0x0000, 0x0000, 0x0000, 0x0000, 0x0000, 0x0000, 0x0000, 0x0000, 0x0000,
    0x0000, 0x0000, 0x0000, 0x0000, 0x0000, 0x0000, 0x0000, 0x0000, 0x0000, 0x0000, 0x0000, 0x0000, 0x0000, 0x0000, 0x0000, 0x0000,
    0x0000, 0x0000, 0x0000, 0x0000, 0x0000, 0x0000, 0x0000, 0x0000, 0x0000, 0x0000, 0x0000, 0x0000, 0x0000, 0x0000, 0x0000, 0xC4CC,
    0xADD8, 0xAD95, 0xADD7, 0x9573, 0x7CCF, 0x7CCE, 0x74CE, 0x7CEF, 0x8511, 0x8531, 0x8531, 0x8530, 0x7D0F, 0x7CEE, 0x74EE, 0x74AC,
    0x84A9, 0x8C66, 0x83C4, 0x7AE3, 0x82C3, 0x9345, 0x9BA7, 0xA3C9, 0xA40B, 0xA44D, 0xAC6E, 0x9C0D, 0x9BED, 0xA42D, 0xA42E, 0xAC2D,
    0xAC2D, 0xAC2D, 0xAC0C, 0xA40B, 0xA3EB, 0xA3CB, 0xA3AA, 0x9B8A, 0x9B69, 0x9B69, 0xAC2D, 0xBCD0, 0xBCF1, 0xBD11, 0xBD12, 0xC532,
    0xC532, 0xBD12, 0xBD12, 0xBD11, 0xBCF1, 0xBCF1, 0xB4D0, 0xB4B0, 0xB4B0, 0xB48F, 0xAC6F, 0xAC6E, 0xAC4D, 0xAC4E, 0xAC2D, 0xAC2D,
    0xAC0C, 0xABAA, 0xAB87, 0xBBE4, 0xBC47, 0xAC0C, 0xAC0C, 0xAC0C, 0xAC0C, 0xAC0C, 0xAC0C, 0xAC0C, 0xAC0C, 0xAC0C, 0xAC2D, 0xAC2D,
    0xAC4E, 0xB46F, 0xB4AF, 0xB4B0, 0xB4D0, 0xB4B0, 0xB4B0, 0xB4B0, 0xB4D0, 0xB4AF, 0xB48D, 0xAC2B, 0xA387, 0x92E4, 0x8283, 0x72C3,
    0x7363, 0x73A3, 0x7C05, 0x84A8, 0x7CEA, 0x7D0C, 0x7D2D, 0x854E, 0x8D6F, 0x9D90, 0xADB1, 0xB5B2, 0xB5B2, 0xB5B4, 0xBDD5, 0xD616,
    0xD616, 0x0000, 0x0000, 0x0000, 0x0000, 0x0000, 0x0000, 0x0000, 0x0000, 0x0000, 0x0000, 0x0000, 0x0000, 0x0000, 0x0000, 0x0000,
    0x0000, 0x0000, 0x0000, 0x0000, 0x0000, 0x0000, 0x0000, 0x0000, 0x0000, 0x0000, 0x0000, 0x0000, 0x0000, 0x0000, 0x0000, 0x0000,
    0x0000, 0x0000, 0x0000, 0x0000, 0x0000, 0x0000, 0x0000, 0x0000, 0x0000, 0x0000, 0x0000, 0x0000, 0x0000, 0x0000, 0x0000, 0x0000,
    0x0000, 0x0000, 0x0000, 0x0000, 0x0000, 0x0000, 0x0000, 0x0000, 0x0000, 0x0000, 0x0000, 0x0000, 0x0000, 0x0000, 0x0000, 0x0000,
    0x0000, 0x0000, 0x0000, 0x0000, 0x0000, 0x0000, 0x0000, 0x0000, 0x0000, 0x0000, 0x0000, 0x0000, 0x0000, 0x0000, 0x0000, 0x0000,
    0x0000, 0x0000, 0x0000, 0x0000, 0x0000, 0x0000, 0x0000, 0x0000, 0x0000, 0x0000, 0x0000, 0x0000, 0x0000, 0x0000, 0x0000, 0x0000,
    0x0000, 0x0000, 0x0000, 0x0000, 0x0000, 0x0000, 0x0000, 0x0000, 0x0000, 0x0000, 0x0000, 0x0000, 0x0000, 0x0000, 0x0000, 0x0000,
    0x0000, 0x0000, 0x0000, 0x0000, 0x0000, 0x0000, 0x0000, 0x0000, 0x0000, 0x0000, 0x0000, 0x0000, 0x0000, 0x0000, 0x0000, 0xD468,
    0x47FF, 0xAD96, 0xADD7, 0x8D32, 0x7CCF, 0x7CCE, 0x74CE, 0x7D10, 0x8552, 0x8531, 0x8530, 0x7D0F, 0x7CEF, 0x7CEE, 0x74AC, 0x7CAA,
    0x8C66, 0x83E4, 0x7AE3, 0x82A3, 0x9344, 0x9B86, 0xA3C8, 0xA42B, 0xA44D, 0xAC8E, 0xACAF, 0xACB0, 0xB4B0, 0xB4B0, 0xAC8F, 0xAC4E,
    0xAC2D, 0xAC0C, 0xAC0C, 0xABEC, 0xA3EB, 0xA3EB, 0xABEB, 0xABEB, 0xABEC, 0xAC2C, 0xB46E, 0xBCB0, 0xBCD0, 0xBCF1, 0xBD11, 0xC511,
    0xC512, 0xC512, 0xBD12, 0xBD11, 0xBD11, 0xBCF1, 0xBCF1, 0xB4D0, 0xB4B0, 0xB48F, 0xB48F, 0xC4CA, 0xC4C9, 0xAC4E, 0xAC4E, 0xAC2D,
    0xAC2D, 0xAC0C, 0xABEB, 0xABC9, 0xAC0B, 0xAC2C, 0xAC2D, 0xAC2C, 0xAC0C, 0xAC0C, 0xABEB, 0xABCA, 0xABAA, 0xB3AA, 0xB3AA, 0xB3CA,
    0xB3EB, 0xB42C, 0xB46E, 0xB4B0, 0xB4D0, 0xB4D1, 0xB4D1, 0xB4D1, 0xB4D0, 0xB4D0, 0xB4AF, 0xB46D, 0xABE9, 0x9B45, 0x8AA3, 0x7A63,
    0x7303, 0x7383, 0x73C4, 0x7C46, 0x84C9, 0x7D0B, 0x7D0C, 0x7D2D, 0x854F, 0x956F, 0xA5B1, 0xADB1, 0xADB2, 0xB5B3, 0xB5D5, 0xC5D6,
    0xC5D6, 0x0000, 0x0000, 0x0000, 0x0000, 0x0000, 0x0000, 0x0000, 0x0000, 0x0000, 0x0000, 0x0000, 0x0000, 0x0000, 0x0000, 0x0000,
    0x0000, 0x0000, 0x0000, 0x0000, 0x0000, 0x0000, 0x0000, 0x0000, 0x0000, 0x0000, 0x0000, 0x0000, 0x0000, 0x0000, 0x0000, 0x0000,
    0x0000, 0x0000, 0x0000, 0x0000, 0x0000, 0x0000, 0x0000, 0x0000, 0x0000, 0x0000, 0x0000, 0x0000, 0x0000, 0x0000, 0x0000, 0x0000,
    0x0000, 0x0000, 0x0000, 0x0000, 0x0000, 0x0000, 0x0000, 0x0000, 0x0000, 0x0000, 0x0000, 0x0000, 0x0000, 0x0000, 0x0000, 0x0000,
    0x0000, 0x0000, 0x0000, 0x0000, 0x0000, 0x0000, 0x0000, 0x0000, 0x0000, 0x0000, 0x0000, 0x0000, 0x0000, 0x0000, 0x0000, 0x0000,
    0x0000, 0x0000, 0x0000, 0x0000, 0x0000, 0x0000, 0x0000, 0x0000, 0x0000, 0x0000, 0x0000, 0x0000, 0x0000, 0x0000, 0x0000, 0x0000,
    0x0000, 0x0000, 0x0000, 0x0000, 0x0000, 0x0000, 0x0000, 0x0000, 0x0000, 0x0000, 0x0000, 0x0000, 0x0000, 0x0000, 0x0000, 0x0000,
    0x0000, 0x0000, 0x0000, 0x0000, 0x0000, 0x0000, 0x0000, 0x0000, 0x0000, 0x0000, 0x0000, 0x0000, 0x0000, 0x0000, 0x0000, 0xB531,
    0xB510, 0xAD96, 0xA5D7, 0x8511, 0x7CCF, 0x74CE, 0x74CF, 0x7D11, 0x8D52, 0x8531, 0x8510, 0x7CEF, 0x7CEE, 0x74CD, 0x7CAA, 0x8487,
    0x83E4, 0x7AE3, 0x7A83, 0x9304, 0x9B86, 0xA3C8, 0xA40A, 0xAC4D, 0xAC8E, 0xACAF, 0xB4B0, 0xB4B0, 0xB48F, 0xAC2D, 0xABEC, 0xABAB,
    0xAB8A, 0xAB69, 0xA369, 0xA38A, 0xA3AB, 0xA3CB, 0xA3EB, 0xABEC, 0xAC0C, 0xAC2D, 0xB46E, 0xB4AF, 0xBCD0, 0xBCF0, 0xBD11, 0xC511,
    0xC511, 0xC511, 0xC511, 0xBD11, 0xBD11, 0xBCF1, 0xBCF1, 0xBCD0, 0xBCD0, 0xBCAF, 0xBCAE, 0xD506, 0xD504, 0xBCAC, 0xB46E, 0xB44E,
    0xAC4D, 0xAC2D, 0xAC2C, 0xAC0C, 0xAC0C, 0xAC2C, 0xAC0C, 0xAC0C, 0xB3CA, 0xB389, 0xB389, 0xB38A, 0xB38A, 0xAB69, 0xAB49, 0xAB49,
    0xAB49, 0xB389, 0xB3CA, 0xB42C, 0xBCAF, 0xBCD1, 0xB4F1, 0xB4D1, 0xB4D1, 0xB4D0, 0xB4CF, 0xB4AE, 0xAC4C, 0xA3A8, 0x92E4, 0x8283,
    0x7283, 0x7343, 0x7383, 0x7BE5, 0x8487, 0x7CEA, 0x7D0B, 0x7D0D, 0x852E, 0x8D4F, 0x9D90, 0xADB1, 0xADB1, 0xADB3, 0xB5D5, 0xBDD6,
    0xBDD6, 0xDE36, 0x0000, 0x0000, 0x0000, 0x0000, 0x0000, 0x0000, 0x0000, 0x0000, 0x0000, 0x0000, 0x0000, 0x0000, 0x0000, 0x0000,
    0x0000, 0x0000, 0x0000, 0x0000, 0x0000, 0x0000, 0x0000, 0x0000, 0x0000, 0x0000, 0x0000, 0x0000, 0x0000, 0x0000, 0x0000, 0x0000,
    0x0000, 0x0000, 0x0000, 0x0000, 0x0000, 0x0000, 0x0000, 0x0000, 0x0000, 0x0000, 0x0000, 0x0000, 0x0000, 0x0000, 0x0000, 0x0000,
    0x0000, 0x0000, 0x0000, 0x0000, 0x0000, 0x0000, 0x0000, 0x0000, 0x0000, 0x0000, 0x0000, 0x0000, 0x0000, 0x0000, 0x0000, 0x0000,
    0x0000, 0x0000, 0x0000, 0x0000, 0x0000, 0x0000, 0x0000, 0x0000, 0x0000, 0x0000, 0x0000, 0x0000, 0x0000, 0x0000, 0x0000, 0x0000,
    0x0000, 0x0000, 0x0000, 0x0000, 0x0000, 0x0000, 0x0000, 0x0000, 0x0000, 0x0000, 0x0000, 0x0000, 0x0000, 0x0000, 0x0000, 0x0000,
    0x0000, 0x0000, 0x0000, 0x0000, 0x0000, 0x0000, 0x0000, 0x0000, 0x0000, 0x0000, 0x0000, 0x0000, 0x0000, 0x0000, 0x0000, 0x0000,
    0x0000, 0x0000, 0x0000, 0x0000, 0x0000, 0x0000, 0x0000, 0x0000, 0x0000, 0x0000, 0x0000, 0x0000, 0x0000, 0x0000, 0x0000, 0xAD53,
    0xAD53, 0xADB6, 0xA5B6, 0x84F0, 0x7CCF, 0x74CF, 0x74EF, 0x7D32, 0x8552, 0x8531, 0x7D10, 0x7CEF, 0x74CD, 0x74AB, 0x8CA8, 0x8425,
    0x7B23, 0x7242, 0x8AC3, 0x9B45, 0x9BA7, 0xA40A, 0xAC4C, 0xAC8E, 0xB4AF, 0xB4B0, 0xB4AF, 0xB44D, 0xB3CB, 0xAB69, 0xA328, 0x9AE8,
    0x9AC7, 0x9AC7, 0xA308, 0xAB28, 0xAB48, 0xAB69, 0xA3AA, 0xA3EB, 0xAC0C, 0xAC2D, 0xB46E, 0xB48F, 0xBCD0, 0xBCF0, 0xBCF1, 0xC511,
    0xC511, 0xC511, 0xC511, 0xC511, 0xBD11, 0xBCF1, 0xBCF1, 0xBCF1, 0xBCCF, 0xCD0A, 0xD526, 0xDD22, 0xDD22, 0xDD24, 0xCCC8, 0xB46D,
    0xB46E, 0xB44E, 0xAC4D, 0xAC2D, 0xAC2C, 0xAC2C, 0xAC0B, 0xB3A9, 0xB3AA, 0xB3CB, 0xA38A, 0x8AE9, 0x7247, 0x61E6, 0x59A5, 0x59A5,
    0x61C5, 0x7206, 0x8267, 0x9B08, 0xB3CB, 0xBC8F, 0xBCF1, 0xB4F1, 0xB4D1, 0xB4D0, 0xBCD0, 0xB4CF, 0xB48D, 0xAC0A, 0x9346, 0x8AA4,
    0x7A43, 0x6AE3, 0x7383, 0x73C4, 0x7C46, 0x84C9, 0x7D0B, 0x7D0C, 0x7D0D, 0x852E, 0x9570, 0xA591, 0xADB1, 0xADB2, 0xB5D5, 0xBDD6,
    0xBDD6, 0xEE56, 0x0000, 0x0000, 0x0000, 0x0000, 0x0000, 0x0000, 0x0000, 0x0000, 0x0000, 0x0000, 0x0000, 0x0000, 0x0000, 0x0000,
    0x0000, 0x0000, 0x0000, 0x0000, 0x0000, 0x0000, 0x0000, 0x0000, 0x0000, 0x0000, 0x0000, 0x0000, 0x0000, 0x0000, 0x0000, 0x0000,
    0x0000, 0x0000, 0x0000, 0x0000, 0x0000, 0x0000, 0x0000, 0x0000, 0x0000, 0x0000, 0x0000, 0x0000, 0x0000, 0x0000, 0x0000, 0x0000,
    0x0000, 0x0000, 0x0000, 0x0000, 0x0000, 0x0000, 0x0000, 0x0000, 0x0000, 0x0000, 0x0000, 0x0000, 0x0000, 0x0000, 0x0000, 0x0000,
    0x0000, 0x0000, 0x0000, 0x0000, 0x0000, 0x0000, 0x0000, 0x0000, 0x0000, 0x0000, 0x0000, 0x0000, 0x0000, 0x0000, 0x0000, 0x0000,
    0x0000, 0x0000, 0x0000, 0x0000, 0x0000, 0x0000, 0x0000, 0x0000, 0x0000, 0x0000, 0x0000, 0x0000, 0x0000, 0x0000, 0x0000, 0x0000,
    0x0000, 0x0000, 0x0000, 0x0000, 0x0000, 0x0000, 0x0000, 0x0000, 0x0000, 0x0000, 0x0000, 0x0000, 0x0000, 0x0000, 0x0000, 0x0000,
    0x0000, 0x0000, 0x0000, 0x0000, 0x0000, 0x0000, 0x0000, 0x0000, 0x0000, 0x0000, 0x0000, 0x0000, 0x0000, 0x0000, 0x0000, 0xAD74,
    0xAD54, 0xADB7, 0x9D95, 0x7CCF, 0x74CF, 0x74CF, 0x74F0, 0x7D32, 0x8552, 0x8531, 0x7CEF, 0x74CE, 0x74AB, 0x84C9, 0x8C46, 0x8384,
    0x7242, 0x8263, 0x9304, 0x9B86, 0xA3E9, 0xAC2C, 0xAC6E, 0xB48F, 0xB4B0, 0xB48F, 0xB3EC, 0x9B29, 0x8287, 0x61C5, 0x4964, 0x3903,
    0x3903, 0x3903, 0x3924, 0x51A5, 0x7A47, 0x9B08, 0xB369, 0xABAA, 0xABEC, 0xAC2D, 0xB44E, 0xB48F, 0xBCAF, 0xBCD0, 0xBCF0, 0xC4F1,
    0xC511, 0xC511, 0xC511, 0xC511, 0xBD11, 0xBCF1, 0xBCF1, 0xBCF1, 0xBCAF, 0xBC68, 0xD4C2, 0xDD21, 0xDD21, 0xD4E2, 0xBC48, 0xB46E,
    0xB46E, 0xB46E, 0xB44D, 0xAC2D, 0xAC2C, 0xABEB, 0xB3A9, 0xB3CB, 0x9B6B, 0x6A47, 0x4144, 0x30E3, 0x30E3, 0x30E3, 0x30C3, 0x30C2,
    0x30A2, 0x38A2, 0x40E2, 0x5143, 0x69E5, 0x9309, 0xB44E, 0xBCF1, 0xB4D1, 0xBCD0, 0xBCF0, 0xBCCF, 0xB4AE, 0xAC4C, 0x9BA8, 0x8AC4,
    0x7A63, 0x6A42, 0x7343, 0x73A3, 0x7BE5, 0x8488, 0x84EA, 0x7CEB, 0x7D0D, 0x7D0E, 0x8D4F, 0x9D90, 0xAD91, 0xAD92, 0xB5B4, 0xBDD6,
    0x9575, 0xD616, 0x0000, 0x0000, 0x0000, 0x0000, 0x0000, 0x0000, 0x0000, 0x0000, 0x0000, 0x0000, 0x0000, 0x0000, 0x0000, 0x0000,
    0x0000, 0x0000, 0x0000, 0x0000, 0x0000, 0x0000, 0x0000, 0x0000, 0x0000, 0x0000, 0x0000, 0x0000, 0x0000, 0x0000, 0x0000, 0x0000,
    0x0000, 0x0000, 0x0000, 0x0000, 0x0000, 0x0000, 0x0000, 0x0000, 0x0000, 0x0000, 0x0000, 0x0000, 0x0000, 0x0000, 0x0000, 0x0000,
    0x0000, 0x0000, 0x0000, 0x0000, 0x0000, 0x0000, 0x0000, 0x0000, 0x0000, 0x0000, 0x0000, 0x0000, 0x0000, 0x0000, 0x0000, 0x0000,
    0x0000, 0x0000, 0x0000, 0x0000, 0x0000, 0x0000, 0x0000, 0x0000, 0x0000, 0x0000, 0x0000, 0x0000, 0x0000, 0x0000, 0x0000, 0x0000,
    0x0000, 0x0000, 0x0000, 0x0000, 0x0000, 0x0000, 0x0000, 0x0000, 0x0000, 0x0000, 0x0000, 0x0000, 0x0000, 0x0000, 0x0000, 0x0000,
    0x0000, 0x0000, 0x0000, 0x0000, 0x0000, 0x0000, 0x0000, 0x0000, 0x0000, 0x0000, 0x0000, 0x0000, 0x0000, 0x0000, 0x0000, 0x0000,
    0x0000, 0x0000, 0x0000, 0x0000, 0x0000, 0x0000, 0x0000, 0x0000, 0x0000, 0x0000, 0x0000, 0x0000, 0x0000, 0x0000, 0x0000, 0xAD74,
    0xAD74, 0xADB7, 0x9D74, 0x7CCF, 0x74CF, 0x74CF, 0x7CF0, 0x8532, 0x8D52, 0x7D10, 0x74EF, 0x74AC, 0x7CCA, 0x8CA7, 0x83E5, 0x72A3,
    0x7222, 0x8AC3, 0x9B45, 0xA3C8, 0xA42B, 0xAC6D, 0xB48F, 0xB4B0, 0xB48F, 0x9B8B, 0x7A67, 0x5184, 0x3903, 0x28C2, 0x28E3, 0x3124,
    0x3986, 0x39A6, 0x39A6, 0x3986, 0x3165, 0x4185, 0x7267, 0xAB69, 0xB3AA, 0xAC0C, 0xB44D, 0xB48E, 0xBCAF, 0xBCD0, 0xBCF0, 0xC4F1,
    0xC511, 0xC511, 0xC511, 0xC511, 0xC511, 0xBCF1, 0xBCF1, 0xBCF1, 0xBCD0, 0xB44D, 0xC465, 0xDCE1, 0xD4E1, 0xCCA4, 0xB44C, 0xB46E,
    0xB46E, 0xB46E, 0xB44D, 0xB44D, 0xB40B, 0xB3AA, 0xB3AB, 0x82C9, 0x4985, 0x3124, 0x41A7, 0x5229, 0x5A8B, 0x5AAB, 0x5A8A, 0x5249,
    0x49E8, 0x4185, 0x3903, 0x38C2, 0x40E2, 0x5964, 0x7A67, 0xAC0D, 0xBCD0, 0xBCD0, 0xBCF0, 0xBCF0, 0xBCCF, 0xB48D, 0xA3EA, 0x9305,
    0x8283, 0x69E2, 0x62C3, 0x7383, 0x73C4, 0x7C47, 0x84E9, 0x7D0B, 0x7D0C, 0x7D0D, 0x852E, 0x9570, 0xA591, 0xAD92, 0xADB4, 0xBDD6,
    0xE637, 0xC5F6, 0x0000, 0x0000, 0x0000, 0x0000, 0x0000, 0x0000, 0x0000, 0x0000, 0x0000, 0x0000, 0x0000, 0x0000, 0x0000, 0x0000,
    0x0000, 0x0000, 0x0000, 0x0000, 0x0000, 0x0000, 0x0000, 0x0000, 0x0000, 0x0000, 0x0000, 0x0000, 0x0000, 0x0000, 0x0000, 0x0000,
    0x0000, 0x0000, 0x0000, 0x0000, 0x0000, 0x0000, 0x0000, 0x0000, 0x0000, 0x0000, 0x0000, 0x0000, 0x0000, 0x0000, 0x0000, 0x0000,
    0x0000, 0x0000, 0x0000, 0x0000, 0x0000, 0x0000, 0x0000, 0x0000, 0x0000, 0x0000, 0x0000, 0x0000, 0x0000, 0x0000, 0x0000, 0x0000,
    0x0000, 0x0000, 0x0000, 0x0000, 0x0000, 0x0000, 0x0000, 0x0000, 0x0000, 0x0000, 0x0000, 0x0000, 0x0000, 0x0000, 0x0000, 0x0000,
    0x0000, 0x0000, 0x0000, 0x0000, 0x0000, 0x0000, 0x0000, 0x0000, 0x0000, 0x0000, 0x0000, 0x0000, 0x0000, 0x0000, 0x0000, 0x0000,
    0x0000, 0x0000, 0x0000, 0x0000, 0x0000, 0x0000, 0x0000, 0x0000, 0x0000, 0x0000, 0x0000, 0x0000, 0x0000, 0x0000, 0x0000, 0x0000,
    0x0000, 0x0000, 0x0000, 0x0000, 0x0000, 0x0000, 0x0000, 0x0000, 0x0000, 0x0000, 0x0000, 0x0000, 0x0000, 0x0000, 0xC52F, 0xAD75,
    0xAD75, 0xADB7, 0x9553, 0x7CCF, 0x74CF, 0x74CF, 0x7D11, 0x8552, 0x8552, 0x7CEF, 0x74CD, 0x74AA, 0x8CC9, 0x8C46, 0x7B44, 0x6A02,
    0x7A63, 0x9304, 0x9B86, 0xA3E9, 0xAC4C, 0xB48E, 0xB4AF, 0xB48F, 0x8B2A, 0x61E5, 0x4123, 0x30C2, 0x3104, 0x41C7, 0x5249, 0x5AAB,
    0x62CC, 0x62EC, 0x62EC, 0x62CB, 0x5A8A, 0x4A28, 0x41A6, 0x59E6, 0xA329, 0xB3EB, 0xAC2D, 0xB46E, 0xBC8F, 0xBCD0, 0xBCD0, 0xC4F0,
    0xC511, 0xC511, 0xC511, 0xC511, 0xC511, 0xC4F1, 0xBCF1, 0xBCF1, 0xBCD0, 0xB48E, 0xC467, 0xBC26, 0xBBE6, 0xC446, 0xB46D, 0xB48E,
    0xB48E, 0xB46E, 0xB44D, 0xB42C, 0xB3AA, 0xB3AA, 0x7A87, 0x3944, 0x3986, 0x4A08, 0x4A29, 0x526A, 0x5ACC, 0x6B6E, 0x7BF0, 0x7BF0,
    0x738F, 0x6B2D, 0x5A8A, 0x41A6, 0x3903, 0x40C2, 0x5123, 0x7247, 0xAC2E, 0xBCF0, 0xBCF0, 0xBCF0, 0xBCCF, 0xB4AE, 0xAC4B, 0x9366,
    0x8283, 0x71E3, 0x5A22, 0x7363, 0x73A4, 0x7C26, 0x84C8, 0x7D0B, 0x7D0C, 0x7D0D, 0x850E, 0x8D4F, 0xA591, 0xA591, 0xADB3, 0xB5D5,
    0xC5F6, 0xC5F6, 0x0000, 0x0000, 0x0000, 0x0000, 0x0000, 0x0000, 0x0000, 0x0000, 0x0000, 0x0000, 0x0000, 0x0000, 0x0000, 0x0000,
    0x0000, 0x0000, 0x0000, 0x0000, 0x0000, 0x0000, 0x0000, 0x0000, 0x0000, 0x0000, 0x0000, 0x0000, 0x0000, 0x0000, 0x0000, 0x0000,
    0x0000, 0x0000, 0x0000, 0x0000, 0x0000, 0x0000, 0x0000, 0x0000, 0x0000, 0x0000, 0x0000, 0x0000, 0x0000, 0x0000, 0x0000, 0x0000,
    0x0000, 0x0000, 0x0000, 0x0000, 0x0000, 0x0000, 0x0000, 0x0000, 0x0000, 0x0000, 0x0000, 0x0000, 0x0000, 0x0000, 0x0000, 0x0000,
    0x0000, 0x0000, 0x0000, 0x0000, 0x0000, 0x0000, 0x0000, 0x0000, 0x0000, 0x0000, 0x0000, 0x0000, 0x0000, 0x0000, 0x0000, 0x0000,
    0x0000, 0x0000, 0x0000, 0x0000, 0x0000, 0x0000, 0x0000, 0x0000, 0x0000, 0x0000, 0x0000, 0x0000, 0x0000, 0x0000, 0x0000, 0x0000,
    0x0000, 0x0000, 0x0000, 0x0000, 0x0000, 0x0000, 0x0000, 0x0000, 0x0000, 0x0000, 0x0000, 0x0000, 0x0000, 0x0000, 0x0000, 0x0000,
    0x0000, 0x0000, 0x0000, 0x0000, 0x0000, 0x0000, 0x0000, 0x0000, 0x0000, 0x0000, 0x0000, 0x0000, 0x0000, 0x0000, 0xCD2F, 0xA576,
    0xAD75, 0xA5B7, 0x8D32, 0x74CF, 0x74CF, 0x74F0, 0x7D11, 0x8552, 0x7D31, 0x74CE, 0x74AC, 0x84C9, 0x8C87, 0x83E5, 0x6A43, 0x71E2,
    0x82A3, 0x9344, 0xA3A8, 0xAC2B, 0xB46D, 0xB48F, 0xB4AF, 0x8B4A, 0x61A4, 0x4102, 0x30E3, 0x41A6, 0x5A8A, 0x62EC, 0x6B4E, 0x7BB0,
    0x7BD0, 0x736F, 0x5ACC, 0x4A29, 0x41E8, 0x4A08, 0x4A29, 0x4A08, 0x51E7, 0x9B29, 0xB40C, 0xB46E, 0xB48F, 0xBCB0, 0xBCD0, 0xC4F0,
    0xC4F1, 0xC511, 0xC511, 0xC511, 0xC511, 0xC511, 0xBCF1, 0xBCF1, 0xBCD0, 0xBCAF, 0xB46D, 0xB40C, 0xAC0C, 0xB42C, 0xB46E, 0xB48F,
    0xB48E, 0xB46E, 0xB44D, 0xB3EB, 0xB3AA, 0x7A88, 0x4185, 0x39A7, 0x3166, 0x2925, 0x2105, 0x2105, 0x2105, 0x2966, 0x4A6A, 0x73D0,
    0x8C94, 0x8C73, 0x7BF0, 0x6B4D, 0x5269, 0x3944, 0x38C1, 0x5122, 0x7267, 0xAC6F, 0xBCD0, 0xBCF0, 0xBCF0, 0xB4CF, 0xB46C, 0x9BA8,
    0x82C4, 0x7202, 0x61C2, 0x6B03, 0x73A4, 0x7BE5, 0x8488, 0x850A, 0x7D0C, 0x7D0D, 0x7D0E, 0x8D2F, 0x9D70, 0xA591, 0xADB3, 0xB5D5,
    0xC5F6, 0xBDF6, 0x0000, 0x0000, 0x0000, 0x0000, 0x0000, 0x0000, 0x0000, 0x0000, 0x0000, 0x0000, 0x0000, 0x0000, 0x0000, 0x0000,
    0x0000, 0x0000, 0x0000, 0x0000, 0x0000, 0x0000, 0x0000, 0x0000, 0x0000, 0x0000, 0x0000, 0x0000, 0x0000, 0x0000, 0x0000, 0x0000,
    0x0000, 0x0000, 0x0000, 0x0000, 0x0000, 0x0000, 0x0000, 0x0000, 0x0000, 0x0000, 0x0000, 0x0000, 0x0000, 0x0000, 0x0000, 0x0000,
    0x0000, 0x0000, 0x0000, 0x0000, 0x0000, 0x0000, 0x0000, 0x0000, 0x0000, 0x0000, 0x0000, 0x0000, 0x0000, 0x0000, 0x0000, 0x0000,
    0x0000, 0x0000, 0x0000, 0x0000, 0x0000, 0x0000, 0x0000, 0x0000, 0x0000, 0x0000, 0x0000, 0x0000, 0x0000, 0x0000, 0x0000, 0x0000,
    0x0000, 0x0000, 0x0000, 0x0000, 0x0000, 0x0000, 0x0000, 0x0000, 0x0000, 0x0000, 0x0000, 0x0000, 0x0000, 0x0000, 0x0000, 0x0000,
    0x0000, 0x0000, 0x0000, 0x0000, 0x0000, 0x0000, 0x0000, 0x0000, 0x0000, 0x0000, 0x0000, 0x0000, 0x0000, 0x0000, 0x0000, 0x0000,
    0x0000, 0x0000, 0x0000, 0x0000, 0x0000, 0x0000, 0x0000, 0x0000, 0x0000, 0x0000, 0x0000, 0x0000, 0x0000, 0x0000, 0xBD30, 0x8DFD,
    0xAD95, 0xA5B7, 0x8512, 0x74CF, 0x74CF, 0x7CF0, 0x7D31, 0x8552, 0x7CF0, 0x74CD, 0x74AB, 0x8CC9, 0x8C66, 0x7324, 0x61A2, 0x7A22,
    0x8AC3, 0x9B65, 0xA3E9, 0xAC4C, 0xB48E, 0xBCAF, 0x93AC, 0x61C5, 0x4102, 0x3103, 0x4A08, 0x62CB, 0x734E, 0x83F1, 0x8C93, 0x8432,
    0x5ACC, 0x31A8, 0x2105, 0x18E4, 0x2105, 0x2167, 0x29C9, 0x428B, 0x4A8B, 0x5A07, 0xA36A, 0xB46E, 0xB48F, 0xBCAF, 0xBCD0, 0xC4F0,
    0xC511, 0xC511, 0xC511, 0xC511, 0xC511, 0xC511, 0xC511, 0xBCF1, 0xBCF1, 0xBCD0, 0xBCAF, 0xB46E, 0xB46E, 0xB46E, 0xB48F, 0xB48F,
    0xB48E, 0xB46E, 0xB44D, 0xBBEB, 0x9309, 0x41A6, 0x31C8, 0x2988, 0x2188, 0x2187, 0x1988, 0x1988, 0x1967, 0x1947, 0x1926, 0x2987,
    0x5B0D, 0x8CB4, 0x94F5, 0x8C52, 0x738F, 0x5AAB, 0x4164, 0x40E2, 0x5143, 0x82E9, 0xB4B0, 0xBCD0, 0xBCD0, 0xBCCF, 0xB48D, 0xA409,
    0x8AE4, 0x7202, 0x61C2, 0x62A2, 0x7383, 0x73C5, 0x7C47, 0x84E9, 0x7D0B, 0x7CEC, 0x7D0D, 0x852F, 0x9D70, 0xA591, 0xAD92, 0xB5D5,
    0xBDF6, 0xBDD6, 0xBDB5, 0x0000, 0x0000, 0x0000, 0x0000, 0x0000, 0x0000, 0x0000, 0x0000, 0x0000, 0x0000, 0x0000, 0x0000, 0x0000,
    0x0000, 0x0000, 0x0000, 0x0000, 0x0000, 0x0000, 0x0000, 0x0000, 0x0000, 0x0000, 0x0000, 0x0000, 0x0000, 0x0000, 0x0000, 0x0000,
    0x0000, 0x0000, 0x0000, 0x0000, 0x0000, 0x0000, 0x0000, 0x0000, 0x0000, 0x0000, 0x0000, 0x0000, 0x0000, 0x0000, 0x0000, 0x0000,
    0x0000, 0x0000, 0x0000, 0x0000, 0x0000, 0x0000, 0x0000, 0x0000, 0x0000, 0x0000, 0x0000, 0x0000, 0x0000, 0x0000, 0x0000, 0x0000,
    0x0000, 0x0000, 0x0000, 0x0000, 0x0000, 0x0000, 0x0000, 0x0000, 0x0000, 0x0000, 0x0000, 0x0000, 0x0000, 0x0000, 0x0000, 0x0000,
    0x0000, 0x0000, 0x0000, 0x0000, 0x0000, 0x0000, 0x0000, 0x0000, 0x0000, 0x0000, 0x0000, 0x0000, 0x0000, 0x0000, 0x0000, 0x0000,
    0x0000, 0x0000, 0x0000, 0x0000, 0x0000, 0x0000, 0x0000, 0x0000, 0x0000, 0x0000, 0x0000, 0x0000, 0x0000, 0x0000, 0x0000, 0x0000,
    0x0000, 0x0000, 0x0000, 0x0000, 0x0000, 0x0000, 0x0000, 0x0000, 0x0000, 0x0000, 0x0000, 0x0000, 0x0000, 0x0000, 0xAD12, 0x07FF,
    0xA576, 0xA596, 0x8511, 0x74CF, 0x74CF, 0x7CF0, 0x8532, 0x8532, 0x74CF, 0x74AC, 0x84CA, 0x8CC8, 0x8405, 0x6202, 0x6182, 0x7A63,
    0x92E4, 0x9BA6, 0xAC2A, 0xB46D, 0xBCAF, 0xAC2E, 0x7247, 0x5143, 0x3103, 0x4A28, 0x6B0C, 0x7BAF, 0x8C73, 0x94D5, 0x73D1, 0x3A2A,
    0x1967, 0x1167, 0x1188, 0x11A9, 0x19EA, 0x1A2B, 0x226C, 0x228C, 0x32ED, 0x428B, 0x6A27, 0xAC0D, 0xBC8F, 0xBCAF, 0xBCD0, 0xC4F0,
    0xC511, 0xC511, 0xC511, 0xC511, 0xC511, 0xC511, 0xC511, 0xBD11, 0xBCF1, 0xBCF1, 0xBCF0, 0xB4B0, 0xB4AF, 0xB4AF, 0xB4AF, 0xB4AF,
    0xB48F, 0xB48E, 0xBC2C, 0xB3AB, 0x5207, 0x21C9, 0x122B, 0x122B, 0x124B, 0x122B, 0x120B, 0x120B, 0x120B, 0x120A, 0x11EA, 0x11A9,
    0x1988, 0x4ACC, 0x94D4, 0x9D16, 0x8C93, 0x7BD0, 0x62AA, 0x4144, 0x40E1, 0x61C5, 0x9BCD, 0xBCD0, 0xBCD0, 0xBCCF, 0xB4AE, 0xAC2A,
    0x9325, 0x7202, 0x69C2, 0x6A42, 0x6B63, 0x73C4, 0x7C26, 0x84C9, 0x850B, 0x7CEC, 0x7D0D, 0x850E, 0x9550, 0xA591, 0xAD92, 0xB5B5,
    0xBDF6, 0xB5D6, 0xE656, 0x0000, 0x0000, 0x0000, 0x0000, 0x0000, 0x0000, 0x0000, 0x0000, 0x0000, 0x0000, 0x0000, 0x0000, 0x0000,
    0x0000, 0x0000, 0x0000, 0x0000, 0x0000, 0x0000, 0x0000, 0x0000, 0x0000, 0x0000, 0x0000, 0x0000, 0x0000, 0x0000, 0x0000, 0x0000,
    0x0000, 0x0000, 0x0000, 0x0000, 0x0000, 0x0000, 0x0000, 0x0000, 0x0000, 0x0000, 0x0000, 0x0000, 0x0000, 0x0000, 0x0000, 0x0000,
    0x0000, 0x0000, 0x0000, 0x0000, 0x0000, 0x0000, 0x0000, 0x0000, 0x0000, 0x0000, 0x0000, 0x0000, 0x0000, 0x0000, 0x0000, 0x0000,
    0x0000, 0x0000, 0x0000, 0x0000, 0x0000, 0x0000, 0x0000, 0x0000, 0x0000, 0x0000, 0x0000, 0x0000, 0x0000, 0x0000, 0x0000, 0x0000,
    0x0000, 0x0000, 0x0000, 0x0000, 0x0000, 0x0000, 0x0000, 0x0000, 0x0000, 0x0000, 0x0000, 0x0000, 0x0000, 0x0000, 0x0000, 0x0000,
    0x0000, 0x0000, 0x0000, 0x0000, 0x0000, 0x0000, 0x0000, 0x0000, 0x0000, 0x0000, 0x0000, 0x0000, 0x0000, 0x0000, 0x0000, 0x0000,
    0x0000, 0x0000, 0x0000, 0x0000, 0x0000, 0x0000, 0x0000, 0x0000, 0x0000, 0x0000, 0x0000, 0x0000, 0x0000, 0x0000, 0xB553, 0xC4AB,
    0xAD96, 0xA596, 0x7CF0, 0x74CF, 0x74CF, 0x7CF1, 0x8532, 0x7D11, 0x74AD, 0x74AB, 0x8CE9, 0x8C87, 0x7B64, 0x6182, 0x61A2, 0x8263,
    0x9324, 0xA3C8, 0xAC4B, 0xB48E, 0xB4AF, 0x8B2A, 0x6184, 0x3903, 0x49E7, 0x6B0C, 0x7BD0, 0x94B4, 0x9CF5, 0x6BB0, 0x2A0A, 0x11CA,
    0x120B, 0x122B, 0x124B, 0x126C, 0x12CD, 0x234F, 0x2370, 0x22EE, 0x22AD, 0x2AAD, 0x39E8, 0x8AE9, 0xBC8F, 0xBCAF, 0xBCD0, 0xC4F0,
    0xC4F1, 0xC511, 0xC511, 0xC511, 0xC511, 0xC511, 0xC511, 0xC511, 0xBD11, 0xBD11, 0xBCF1, 0xBCF1, 0xBCD0, 0xBCD0, 0xBCB0, 0xBCAF,
    0xB4AF, 0xB46E, 0xBC0C, 0x82E9, 0x29E9, 0x126C, 0x12AD, 0x12CD, 0x12AD, 0x128D, 0x126C, 0x126C, 0x126C, 0x128C, 0x126C, 0x126C,
    0x122B, 0x19C9, 0x530E, 0x9D15, 0x9D16, 0x9494, 0x7BAF, 0x5A69, 0x4103, 0x5102, 0x82C9, 0xB4B0, 0xBCD0, 0xB4CF, 0xB4AE, 0xAC4B,
    0x9346, 0x7203, 0x69C2, 0x6A02, 0x6B23, 0x73A4, 0x7C05, 0x84A8, 0x850A, 0x7D0C, 0x7CED, 0x7D0E, 0x8D4F, 0xA591, 0xAD92, 0xB5B5,
    0xBDD6, 0xB5D6, 0xCDF5, 0x0000, 0x0000, 0x0000, 0x0000, 0x0000, 0x0000, 0x0000, 0x0000, 0x0000, 0x0000, 0x0000, 0x0000, 0x0000,
    0x0000, 0x0000, 0x0000, 0x0000, 0x0000, 0x0000, 0x0000, 0x0000, 0x0000, 0x0000, 0x0000, 0x0000, 0x0000, 0x0000, 0x0000, 0x0000,
    0x0000, 0x0000, 0x0000, 0x0000, 0x0000, 0x0000, 0x0000, 0x0000, 0x0000, 0x0000, 0x0000, 0x0000, 0x0000, 0x0000, 0x0000, 0x0000,
    0x0000, 0x0000, 0x0000, 0x0000, 0x0000, 0x0000, 0x0000, 0x0000, 0x0000, 0x0000, 0x0000, 0x0000, 0x0000, 0x0000, 0x0000, 0x0000,
    0x0000, 0x0000, 0x0000, 0x0000, 0x0000, 0x0000, 0x0000, 0x0000, 0x0000, 0x0000, 0x0000, 0x0000, 0x0000, 0x0000, 0x0000, 0x0000,
    0x0000, 0x0000, 0x0000, 0x0000, 0x0000, 0x0000, 0x0000, 0x0000, 0x0000, 0x0000, 0x0000, 0x0000, 0x0000, 0x0000, 0x0000, 0x0000,
    0x0000, 0x0000, 0x0000, 0x0000, 0x0000, 0x0000, 0x0000, 0x0000, 0x0000, 0x0000, 0x0000, 0x0000, 0x0000, 0x0000, 0x0000, 0x0000,
    0x0000, 0x0000, 0x0000, 0x0000, 0x0000, 0x0000, 0x0000, 0x0000, 0x0000, 0x0000, 0x0000, 0x0000, 0x0000, 0x0000, 0xB574, 0xBD51,
    0xAD96, 0x9D95, 0x7CF0, 0x74CF, 0x74CF, 0x7D11, 0x7D32, 0x74F0, 0x6CAC, 0x7CCA, 0x8CE9, 0x8C46, 0x72E3, 0x6182, 0x69C2, 0x8283,
    0x9B45, 0xA3E9, 0xB46C, 0xB4AF, 0xAC2E, 0x7247, 0x4923, 0x4185, 0x62CB, 0x7BAF, 0x94B4, 0x9D15, 0x7412, 0x224B, 0x122B, 0x128C,
    0x128D, 0x128D, 0x126C, 0x128D, 0x12EE, 0x2390, 0x33D2, 0x2B70, 0x1AEE, 0x1AAD, 0x1A4B, 0x5207, 0xB42D, 0xBCAF, 0xBCD0, 0xC4F0,
    0xC4F1, 0xC511, 0xC511, 0xC511, 0xC511, 0xC511, 0xC511, 0xC511, 0xC511, 0xBD11, 0xBD11, 0xBCF1, 0xBCF1, 0xBCF0, 0xBCD0, 0xBCCF,
    0xB4AF, 0xBC6E, 0xABCB, 0x5249, 0x124B, 0x12CD, 0x12EE, 0x12CD, 0x12AD, 0x12AD, 0x128D, 0x128D, 0x128D, 0x12AD, 0x12CD, 0x12CD,
    0x12AD, 0x126C, 0x1A0A, 0x6BD0, 0x9D36, 0x9CF5, 0x8C73, 0x736E, 0x49C7, 0x48E2, 0x69E5, 0xA42E, 0xBCD0, 0xB4CF, 0xB4AE, 0xAC4C,
    0x9B67, 0x7223, 0x69C2, 0x6A02, 0x62C3, 0x7384, 0x7BE5, 0x8467, 0x850A, 0x7D0B, 0x7CEC, 0x7CED, 0x8D2F, 0xA571, 0xAD92, 0xB5B4,
    0xBDF6, 0xADB6, 0xCDF6, 0x0000, 0x0000, 0x0000, 0x0000, 0x0000, 0x0000, 0x0000, 0x0000, 0x0000, 0x0000, 0x0000, 0x0000, 0x0000,
    0x0000, 0x0000, 0x0000, 0x0000, 0x0000, 0x0000, 0x0000, 0x0000, 0x0000, 0x0000, 0x0000, 0x0000, 0x0000, 0x0000, 0x0000, 0x0000,
    0x0000, 0x0000, 0x0000, 0x0000, 0x0000, 0x0000, 0x0000, 0x0000, 0x0000, 0x0000, 0x0000, 0x0000, 0x0000, 0x0000, 0x0000, 0x0000,
    0x0000, 0x0000, 0x0000, 0x0000, 0x0000, 0x0000, 0x0000, 0x0000, 0x0000, 0x0000, 0x0000, 0x0000, 0x0000, 0x0000, 0x0000, 0x0000,
    0x0000, 0x0000, 0x0000, 0x0000, 0x0000, 0x0000, 0x0000, 0x0000, 0x0000, 0x0000, 0x0000, 0x0000, 0x0000, 0x0000, 0x0000, 0x0000,
    0x0000, 0x0000, 0x0000, 0x0000, 0x0000, 0x0000, 0x0000, 0x0000, 0x0000, 0x0000, 0x0000, 0x0000, 0x0000, 0x0000, 0x0000, 0x0000,
    0x0000, 0x0000, 0x0000, 0x0000, 0x0000, 0x0000, 0x0000, 0x0000, 0x0000, 0x0000, 0x0000, 0x0000, 0x0000, 0x0000, 0x0000, 0x0000,
    0x0000, 0x0000, 0x0000, 0x0000, 0x0000, 0x0000, 0x0000, 0x0000, 0x0000, 0x0000, 0x0000, 0x0000, 0x0000, 0x0000, 0xB574, 0xB552,
    0xAD96, 0x9D75, 0x7CCF, 0x74CF, 0x74CF, 0x7D11, 0x7D32, 0x74CF, 0x6CAB, 0x84EA, 0x8CC8, 0x8405, 0x7263, 0x6182, 0x61C2, 0x82A3,
    0x9B66, 0xAC0A, 0xB46D, 0xBCAF, 0x9B8B, 0x61A4, 0x4124, 0x5A6A, 0x738F, 0x9493, 0x9D16, 0x8CB4, 0x32CD, 0x126C, 0x12CD, 0x12ED,
    0x12CD, 0x128C, 0x124B, 0x122B, 0x1A4B, 0x1AAD, 0x232F, 0x232F, 0x232F, 0x1ACD, 0x128D, 0x31E8, 0x9B6B, 0xBCB0, 0xBCD0, 0xC4F0,
    0xC4F1, 0xC511, 0xC511, 0xC511, 0xC511, 0xC512, 0xC512, 0xC511, 0xC511, 0xC511, 0xBD11, 0xBD11, 0xBCF1, 0xBCF1, 0xBCD0, 0xBCD0,
    0xBCAF, 0xBC6E, 0x8B4A, 0x224A, 0x12CD, 0x12ED, 0x12EE, 0x12AD, 0x1A4B, 0x19EA, 0x19EA, 0x1A0A, 0x122B, 0x334F, 0x8556, 0x5C73,
    0x1AEE, 0x12CD, 0x126C, 0x32AC, 0x8CB4, 0x9D16, 0x9CD5, 0x8C52, 0x6AEC, 0x4923, 0x5943, 0x936B, 0xB4D0, 0xB4AF, 0xB4AE, 0xAC6C,
    0x9B88, 0x7223, 0x69E2, 0x71E2, 0x6282, 0x6B83, 0x73E5, 0x7C67, 0x84E9, 0x7D0B, 0x7CEC, 0x7CED, 0x850E, 0x9D70, 0xAD92, 0xB5B4,
    0xBDF6, 0xA5B5, 0xCE16, 0x0000, 0x0000, 0x0000, 0x0000, 0x0000, 0x0000, 0x0000, 0x0000, 0x0000, 0x0000, 0x0000, 0x0000, 0x0000,
    0x0000, 0x0000, 0x0000, 0x0000, 0x0000, 0x0000, 0x0000, 0x0000, 0x0000, 0x0000, 0x0000, 0x0000, 0x0000, 0x0000, 0x0000, 0x0000,
    0x0000, 0x0000, 0x0000, 0x0000, 0x0000, 0x0000, 0x0000, 0x0000, 0x0000, 0x0000, 0x0000, 0x0000, 0x0000, 0x0000, 0x0000, 0x0000,
    0x0000, 0x0000, 0x0000, 0x0000, 0x0000, 0x0000, 0x0000, 0x0000, 0x0000, 0x0000, 0x0000, 0x0000, 0x0000, 0x0000, 0x0000, 0x0000,
    0x0000, 0x0000, 0x0000, 0x0000, 0x0000, 0x0000, 0x0000, 0x0000, 0x0000, 0x0000, 0x0000, 0x0000, 0x0000, 0x0000, 0x0000, 0x0000,
    0x0000, 0x0000, 0x0000, 0x0000, 0x0000, 0x0000, 0x0000, 0x0000, 0x0000, 0x0000, 0x0000, 0x0000, 0x0000, 0x0000, 0x0000, 0x0000,
    0x0000, 0x0000, 0x0000, 0x0000, 0x0000, 0x0000, 0x0000, 0x0000, 0x0000, 0x0000, 0x0000, 0x0000, 0x0000, 0x0000, 0x0000, 0x0000,
    0x0000, 0x0000, 0x0000, 0x0000, 0x0000, 0x0000, 0x0000, 0x0000, 0x0000, 0x0000, 0x0000, 0x0000, 0x0000, 0x0000, 0xAD74, 0xB553,
    0xAD96, 0x9D74, 0x7CCF, 0x74CF, 0x74CF, 0x7511, 0x7512, 0x6CAE, 0x74AB, 0x84EA, 0x8CA7, 0x83A4, 0x6A22, 0x61A2, 0x61C2, 0x8AC3,
    0x9B86, 0xAC2B, 0xB48E, 0xB4AF, 0x82E9, 0x5164, 0x49C6, 0x6B2D, 0x8C32, 0x9CF5, 0x9D16, 0x5BB0, 0x128C, 0x12CD, 0x12ED, 0x12ED,
    0x12CD, 0x1209, 0x1946, 0x2146, 0x2966, 0x29A8, 0x2A0A, 0x6C32, 0xAE18, 0x5432, 0x12AD, 0x222A, 0x7AC9, 0xBCAF, 0xBCD0, 0xC4F0,
    0xC4F1, 0xC511, 0xC511, 0xC512, 0xC512, 0xC512, 0xC512, 0xC512, 0xC511, 0xC511, 0xC511, 0xC511, 0xBD11, 0xBCF1, 0xBCF0, 0xBCD0,
    0xBCAF, 0xBC2D, 0x62E9, 0x128A, 0x130D, 0x130D, 0x1AAC, 0x21C9, 0x2946, 0x2925, 0x2925, 0x2126, 0x1105, 0x638F, 0xF7BE, 0xCEDB,
    0x2B6F, 0x12ED, 0x12EC, 0x128B, 0x63D0, 0xA516, 0x9CF5, 0x94B4, 0x7BD0, 0x5A07, 0x5922, 0x82C8, 0xB48F, 0xB4AF, 0xB48E, 0xAC6C,
    0x9BA8, 0x7244, 0x69E3, 0x7202, 0x6A42, 0x6B63, 0x73C4, 0x7C46, 0x84E9, 0x7D0A, 0x7CEC, 0x7CED, 0x850E, 0x9D50, 0xAD92, 0xB5B4,
    0xBDF6, 0xA595, 0xCE16, 0x0000, 0x0000, 0x0000, 0x0000, 0x0000, 0x0000, 0x0000, 0x0000, 0x0000, 0x0000, 0x0000, 0x0000, 0x0000,
    0x0000, 0x0000, 0x0000, 0x0000, 0x0000, 0x0000, 0x0000, 0x0000, 0x0000, 0x0000, 0x0000, 0x0000, 0x0000, 0x0000, 0x0000, 0x0000,
    0x0000, 0x0000, 0x0000, 0x0000, 0x0000, 0x0000, 0x0000, 0x0000, 0x0000, 0x0000, 0x0000, 0x0000, 0x0000, 0x0000, 0x0000, 0x0000,
    0x0000, 0x0000, 0x0000, 0x0000, 0x0000, 0x0000, 0x0000, 0x0000, 0x0000, 0x0000, 0x0000, 0x0000, 0x0000, 0x0000, 0x0000, 0x0000,
    0x0000, 0x0000, 0x0000, 0x0000, 0x0000, 0x0000, 0x0000, 0x0000, 0x0000, 0x0000, 0x0000, 0x0000, 0x0000, 0x0000, 0x0000, 0x0000,
    0x0000, 0x0000, 0x0000, 0x0000, 0x0000, 0x0000, 0x0000, 0x0000, 0x0000, 0x0000, 0x0000, 0x0000, 0x0000, 0x0000, 0x0000, 0x0000,
    0x0000, 0x0000, 0x0000, 0x0000, 0x0000, 0x0000, 0x0000, 0x0000, 0x0000, 0x0000, 0x0000, 0x0000, 0x0000, 0x0000, 0x0000, 0x0000,
    0x0000, 0x0000, 0x0000, 0x0000, 0x0000, 0x0000, 0x0000, 0x0000, 0x0000, 0x0000, 0x0000, 0x0000, 0x0000, 0x0000, 0xAD74, 0xB552,
    0xAD96, 0x9D54, 0x7CCF, 0x74CF, 0x74CF, 0x7511, 0x74F1, 0x6CAD, 0x74CA, 0x8CE9, 0x8C87, 0x7B44, 0x69E2, 0x61A2, 0x69C2, 0x8AE3,
    0xA3A7, 0xAC2B, 0xB48E, 0xB46E, 0x7A67, 0x5164, 0x5A8A, 0x7BD0, 0x94B4, 0xA516, 0x8CD4, 0x330E, 0x12CD, 0x12ED, 0x12ED, 0x12ED,
    0x1A2A, 0x2125, 0x20E4, 0x2105, 0x2125, 0x2926, 0x3187, 0xAD55, 0xFFFF, 0x8D76, 0x12CC, 0x1A8B, 0x6288, 0xB46E, 0xBCD0, 0xC4F0,
    0xC4F1, 0xC511, 0xC511, 0xC512, 0xC532, 0xC532, 0xC512, 0xC512, 0xC512, 0xC512, 0xC512, 0xC511, 0xC511, 0xC511, 0xBCF0, 0xBCD0,
    0xBCAF, 0xAC0C, 0x4AA8, 0x12CB, 0x132C, 0x12EC, 0x21E8, 0x2925, 0x2925, 0x2925, 0x2925, 0x2125, 0x20E5, 0x39E8, 0xA555, 0x9576,
    0x234E, 0x132C, 0x134B, 0x12EB, 0x434D, 0x94F5, 0x9D15, 0x9CD5, 0x8C73, 0x6AEC, 0x5943, 0x7A26, 0xAC6F, 0xB48F, 0xB48E, 0xAC6C,
    0x9BA8, 0x7244, 0x69E3, 0x7203, 0x6A22, 0x6B43, 0x73C4, 0x7C46, 0x84C8, 0x850A, 0x7CEB, 0x7CEC, 0x850E, 0x9D50, 0xAD92, 0xB5B4,
    0xBDD6, 0xA595, 0xCE16, 0x0000, 0x0000, 0x0000, 0x0000, 0x0000, 0x0000, 0x0000, 0x0000, 0x0000, 0x0000, 0x0000, 0x0000, 0x0000,
    0x0000, 0x0000, 0x0000, 0x0000, 0x0000, 0x0000, 0x0000, 0x0000, 0x0000, 0x0000, 0x0000, 0x0000, 0x0000, 0x0000, 0x0000, 0x0000,
    0x0000, 0x0000, 0x0000, 0x0000, 0x0000, 0x0000, 0x0000, 0x0000, 0x0000, 0x0000, 0x0000, 0x0000, 0x0000, 0x0000, 0x0000, 0x0000,
    0x0000, 0x0000, 0x0000, 0x0000, 0x0000, 0x0000, 0x0000, 0x0000, 0x0000, 0x0000, 0x0000, 0x0000, 0x0000, 0x0000, 0x0000, 0x0000,
    0x0000, 0x0000, 0x0000, 0x0000, 0x0000, 0x0000, 0x0000, 0x0000, 0x0000, 0x0000, 0x0000, 0x0000, 0x0000, 0x0000, 0x0000, 0x0000,
    0x0000, 0x0000, 0x0000, 0x0000, 0x0000, 0x0000, 0x0000, 0x0000, 0x0000, 0x0000, 0x0000, 0x0000, 0x0000, 0x0000, 0x0000, 0x0000,
    0x0000, 0x0000, 0x0000, 0x0000, 0x0000, 0x0000, 0x0000, 0x0000, 0x0000, 0x0000, 0x0000, 0x0000, 0x0000, 0x0000, 0x0000, 0x0000,
    0x0000, 0x0000, 0x0000, 0x0000, 0x0000, 0x0000, 0x0000, 0x0000, 0x0000, 0x0000, 0x0000, 0x0000, 0x0000, 0x0000, 0xB574, 0xBD52,
    0xA596, 0x9554, 0x7CCF, 0x74CF, 0x6CCF, 0x74F1, 0x74F0, 0x6CAC, 0x7CCA, 0x8CE9, 0x8C66, 0x7B03, 0x69E2, 0x61C2, 0x69E2, 0x8AE4,
    0xA3C7, 0xAC4C, 0xB48E, 0xAC2D, 0x7206, 0x51A5, 0x6B2D, 0x8C52, 0x9CF5, 0xA536, 0x7452, 0x1ACC, 0x12ED, 0x130D, 0x12ED, 0x12AC,
    0x2166, 0x20E4, 0x20E4, 0x2105, 0x2105, 0x2925, 0x2945, 0x5ACC, 0x9CF3, 0x538E, 0x12CB, 0x1ACA, 0x5288, 0xAC2E, 0xC4F0, 0xC4F1,
    0xC511, 0xC511, 0xC511, 0xC532, 0xC532, 0xC532, 0xC512, 0xC511, 0xC512, 0xC512, 0xC512, 0xC512, 0xC511, 0xC511, 0xBCF1, 0xBCF0,
    0xBCAF, 0x9BCC, 0x32A8, 0x130A, 0x1B2C, 0x1AAB, 0x2986, 0x3125, 0x3125, 0x2925, 0x2925, 0x2925, 0x2925, 0x2924, 0x3165, 0x226A,
    0x130C, 0x134B, 0x1B6B, 0x134B, 0x2B0B, 0x8C93, 0x9D16, 0x9CD5, 0x94B4, 0x7BAF, 0x59C5, 0x71E5, 0xA40D, 0xB48F, 0xB48E, 0xB46C,
    0x9BA8, 0x7264, 0x69E3, 0x7203, 0x7223, 0x6B23, 0x73C5, 0x7C26, 0x84C8, 0x850A, 0x7CEB, 0x7CEC, 0x850D, 0x9D50, 0xAD72, 0xAD94,
    0xBDF6, 0xA595, 0xCE16, 0x0000, 0x0000, 0x0000, 0x0000, 0x0000, 0x0000, 0x0000, 0x0000, 0x0000, 0x0000, 0x0000, 0x0000, 0x0000,
    0x0000, 0x0000, 0x0000, 0x0000, 0x0000, 0x0000, 0x0000, 0x0000, 0x0000, 0x0000, 0x0000, 0x0000, 0x0000, 0x0000, 0x0000, 0x0000,
    0x0000, 0x0000, 0x0000, 0x0000, 0x0000, 0x0000, 0x0000, 0x0000, 0x0000, 0x0000, 0x0000, 0x0000, 0x0000, 0x0000, 0x0000, 0x0000,
    0x0000, 0x0000, 0x0000, 0x0000, 0x0000, 0x0000, 0x0000, 0x0000, 0x0000, 0x0000, 0x0000, 0x0000, 0x0000, 0x0000, 0x0000, 0x0000,
    0x0000, 0x0000, 0x0000, 0x0000, 0x0000, 0x0000, 0x0000, 0x0000, 0x0000, 0x0000, 0x0000, 0x0000, 0x0000, 0x0000, 0x0000, 0x0000,
    0x0000, 0x0000, 0x0000, 0x0000, 0x0000, 0x0000, 0x0000, 0x0000, 0x0000, 0x0000, 0x0000, 0x0000, 0x0000, 0x0000, 0x0000, 0x0000,
    0x0000, 0x0000, 0x0000, 0x0000, 0x0000, 0x0000, 0x0000, 0x0000, 0x0000, 0x0000, 0x0000, 0x0000, 0x0000, 0x0000, 0x0000, 0x0000,
    0x0000, 0x0000, 0x0000, 0x0000, 0x0000, 0x0000, 0x0000, 0x0000, 0x0000, 0x0000, 0x0000, 0x0000, 0x0000, 0x0000, 0xB574, 0xC551,
    0xAD96, 0x9554, 0x7CCF, 0x74CE, 0x6CCF, 0x74F1, 0x74CF, 0x6CAB, 0x84EA, 0x8D09, 0x8C46, 0x72C3, 0x69C2, 0x61C2, 0x69C2, 0x8AE4,
    0xA3C8, 0xB46C, 0xB4AF, 0x9BAC, 0x69E5, 0x5A28, 0x7BAF, 0x9494, 0x9D15, 0xA536, 0x53F0, 0x12EB, 0x130C, 0x130D, 0x130C, 0x1A29,
    0x2105, 0x20E4, 0x20E4, 0x20E4, 0x2105, 0x2905, 0x3145, 0x3145, 0x3145, 0x21C6, 0x1AC9, 0x230A, 0x42C8, 0xA3ED, 0xC4F0, 0xC4F1,
    0xC511, 0xC511, 0xC512, 0xC532, 0xC532, 0xC532, 0xC512, 0xC511, 0xC511, 0xC512, 0xC512, 0xC512, 0xC511, 0xC511, 0xC511, 0xBCF0,
    0xBCAF, 0x8BAB, 0x2AC8, 0x1B2A, 0x1B4A, 0x2A68, 0x3944, 0x3944, 0x3144, 0x3125, 0x3125, 0x3125, 0x3145, 0x3944, 0x30E3, 0x19A5,
    0x130A, 0x136B, 0x1B8A, 0x1B8A, 0x232A, 0x7C52, 0x9D16, 0x9CD5, 0x94D4, 0x8C52, 0x6A28, 0x71C5, 0x8B09, 0xAC2E, 0xB48E, 0xB46C,
    0x9BA8, 0x7244, 0x6A03, 0x7203, 0x7243, 0x6B03, 0x73C5, 0x7C26, 0x84C8, 0x850A, 0x7D0B, 0x74EC, 0x7CED, 0x9D50, 0xAD71, 0xAD94,
    0xBDD6, 0xADB5, 0xCDF6, 0x0000, 0x0000, 0x0000, 0x0000, 0x0000, 0x0000, 0x0000, 0x0000, 0x0000, 0x0000, 0x0000, 0x0000, 0x0000,
    0x0000, 0x0000, 0x0000, 0x0000, 0x0000, 0x0000, 0x0000, 0x0000, 0x0000, 0x0000, 0x0000, 0x0000, 0x0000, 0x0000, 0x0000, 0x0000,
    0x0000, 0x0000, 0x0000, 0x0000, 0x0000, 0x0000, 0x0000, 0x0000, 0x0000, 0x0000, 0x0000, 0x0000, 0x0000, 0x0000, 0x0000, 0x0000,
    0x0000, 0x0000, 0x0000, 0x0000, 0x0000, 0x0000, 0x0000, 0x0000, 0x0000, 0x0000, 0x0000, 0x0000, 0x0000, 0x0000, 0x0000, 0x0000,
    0x0000, 0x0000, 0x0000, 0x0000, 0x0000, 0x0000, 0x0000, 0x0000, 0x0000, 0x0000, 0x0000, 0x0000, 0x0000, 0x0000, 0x0000, 0x0000,
    0x0000, 0x0000, 0x0000, 0x0000, 0x0000, 0x0000, 0x0000, 0x0000, 0x0000, 0x0000, 0x0000, 0x0000, 0x0000, 0x0000, 0x0000, 0x0000,
    0x0000, 0x0000, 0x0000, 0x0000, 0x0000, 0x0000, 0x0000, 0x0000, 0x0000, 0x0000, 0x0000, 0x0000, 0x0000, 0x0000, 0x0000, 0x0000,
    0x0000, 0x0000, 0x0000, 0x0000, 0x0000, 0x0000, 0x0000, 0x0000, 0x0000, 0x0000, 0x0000, 0x0000, 0x0000, 0x0000, 0xAD53, 0xD446,
    0xA576, 0x9554, 0x7CCF, 0x74AE, 0x6CCF, 0x74F0, 0x6CCE, 0x74AB, 0x84EA, 0x8D09, 0x8446, 0x72A3, 0x69C2, 0x61A2, 0x69C2, 0x8B04,
    0xABE8, 0xAC0B, 0x9B4A, 0x8267, 0x69C5, 0x628A, 0x8411, 0x94B4, 0x9D15, 0x9D15, 0x43AE, 0x130A, 0x134B, 0x134B, 0x1B0A, 0x21C6,
    0x2904, 0x28E4, 0x28E4, 0x2104, 0x2905, 0x3125, 0x3965, 0x4164, 0x4144, 0x31A4, 0x22A7, 0x2308, 0x3AE8, 0x9BED, 0xC4F1, 0xC4F1,
    0xC511, 0xC511, 0xC512, 0xC532, 0xC512, 0xCD11, 0xCD11, 0xCD11, 0xC511, 0xC511, 0xC512, 0xC512, 0xC512, 0xC511, 0xC511, 0xC4F1,
    0xBCAF, 0x83AA, 0x2AE7, 0x2369, 0x2369, 0x3246, 0x4943, 0x4943, 0x4144, 0x4144, 0x4144, 0x4144, 0x3944, 0x4144, 0x3903, 0x2184,
    0x1B29, 0x1B6A, 0x23AA, 0x1BAA, 0x1B4A, 0x6C31, 0x9D16, 0x9CD5, 0x94B4, 0x9473, 0x72AA, 0x7A26, 0x7A26, 0x8267, 0x9B4A, 0xAC2B,
    0x9BA8, 0x7244, 0x7203, 0x7223, 0x7A43, 0x6B03, 0x73E5, 0x7C46, 0x84C8, 0x850A, 0x7D0B, 0x74EC, 0x7CED, 0x9D4F, 0xAD71, 0xB594,
    0xBDF6, 0xB5B5, 0xD616, 0x0000, 0x0000, 0x0000, 0x0000, 0x0000, 0x0000, 0x0000, 0x0000, 0x0000, 0x0000, 0x0000, 0x0000, 0x0000,
    0x0000, 0x0000, 0x0000, 0x0000, 0x0000, 0x0000, 0x0000, 0x0000, 0x0000, 0x0000, 0x0000, 0x0000, 0x0000, 0x0000, 0x0000, 0x0000,
    0x0000, 0x0000, 0x0000, 0x0000, 0x0000, 0x0000, 0x0000, 0x0000, 0x0000, 0x0000, 0x0000, 0x0000, 0x0000, 0x0000, 0x0000, 0x0000,
    0x0000, 0x0000, 0x0000, 0x0000, 0x0000, 0x0000, 0x0000, 0x0000, 0x0000, 0x0000, 0x0000, 0x0000, 0x0000, 0x0000, 0x0000, 0x0000,
    0x0000, 0x0000, 0x0000, 0x0000, 0x0000, 0x0000, 0x0000, 0x0000, 0x0000, 0x0000, 0x0000, 0x0000, 0x0000, 0x0000, 0x0000, 0x0000,
    0x0000, 0x0000, 0x0000, 0x0000, 0x0000, 0x0000, 0x0000, 0x0000, 0x0000, 0x0000, 0x0000, 0x0000, 0x0000, 0x0000, 0x0000, 0x0000,
    0x0000, 0x0000, 0x0000, 0x0000, 0x0000, 0x0000, 0x0000, 0x0000, 0x0000, 0x0000, 0x0000, 0x0000, 0x0000, 0x0000, 0x0000, 0x0000,
    0x0000, 0x0000, 0x0000, 0x0000, 0x0000, 0x0000, 0x0000, 0x0000, 0x0000, 0x0000, 0x0000, 0x0000, 0x0000, 0x0000, 0xAD32, 0x5FFF,
    0xAD75, 0x9D54, 0x7CCF, 0x74AE, 0x6CCF, 0x6CD0, 0x6CCE, 0x74AB, 0x84EA, 0x8CE9, 0x8426, 0x7283, 0x69C2, 0x61A2, 0x69C2, 0x8B04,
    0x9B87, 0x8287, 0x7A06, 0x7A06, 0x69E6, 0x6AEB, 0x8432, 0x94B4, 0x9CF5, 0x9D15, 0x3B8D, 0x134A, 0x23AA, 0x23AA, 0x2348, 0x31A5,
    0x3104, 0x2904, 0x28E4, 0x2905, 0x2925, 0x3145, 0x4164, 0x4964, 0x5163, 0x39A4, 0x22C6, 0x2327, 0x3B07, 0x9BED, 0xC4F1, 0xC511,
    0xC511, 0xC511, 0xC512, 0xC512, 0xCD11, 0xCD11, 0xCD11, 0xCD11, 0xCD11, 0xCD11, 0xC532, 0xC532, 0xC532, 0xC512, 0xC511, 0xC4F1,
    0xBCB0, 0x83CA, 0x2B27, 0x2B88, 0x2B68, 0x4245, 0x5163, 0x5163, 0x5163, 0x5163, 0x5163, 0x4963, 0x4143, 0x4123, 0x38E2, 0x2984,
    0x2328, 0x23A9, 0x2BEA, 0x23EA, 0x1B6A, 0x6430, 0x9D15, 0x9CD5, 0x94B4, 0x9493, 0x72CA, 0x8267, 0x8226, 0x79C5, 0x7A06, 0xA3AA,
    0x9BA8, 0x7244, 0x7204, 0x7224, 0x7A43, 0x6B03, 0x73E5, 0x7C46, 0x84C8, 0x850A, 0x7D0B, 0x74EC, 0x7CED, 0x9D2F, 0xAD71, 0xB594,
    0xBDF6, 0xBDD5, 0xE656, 0x0000, 0x0000, 0x0000, 0x0000, 0x0000, 0x0000, 0x0000, 0x0000, 0x0000, 0x0000, 0x0000, 0x0000, 0x0000,
    0x0000, 0x0000, 0x0000, 0x0000, 0x0000, 0x0000, 0x0000, 0x0000, 0x0000, 0x0000, 0x0000, 0x0000, 0x0000, 0x0000, 0x0000, 0x0000,
    0x0000, 0x0000, 0x0000, 0x0000, 0x0000, 0x0000, 0x0000, 0x0000, 0x0000, 0x0000, 0x0000, 0x0000, 0x0000, 0x0000, 0x0000, 0x0000,
    0x0000, 0x0000, 0x0000, 0x0000, 0x0000, 0x0000, 0x0000, 0x0000, 0x0000, 0x0000, 0x0000, 0x0000, 0x0000, 0x0000, 0x0000, 0x0000,
    0x0000, 0x0000, 0x0000, 0x0000, 0x0000, 0x0000, 0x0000, 0x0000, 0x0000, 0x0000, 0x0000, 0x0000, 0x0000, 0x0000, 0x0000, 0x0000,
    0x0000, 0x0000, 0x0000, 0x0000, 0x0000, 0x0000, 0x0000, 0x0000, 0x0000, 0x0000, 0x0000, 0x0000, 0x0000, 0x0000, 0x0000, 0x0000,
    0x0000, 0x0000, 0x0000, 0x0000, 0x0000, 0x0000, 0x0000, 0x0000, 0x0000, 0x0000, 0x0000, 0x0000, 0x0000, 0x0000, 0x0000, 0x0000,
    0x0000, 0x0000, 0x0000, 0x0000, 0x0000, 0x0000, 0x0000, 0x0000, 0x0000, 0x0000, 0x0000, 0x0000, 0x0000, 0x0000, 0xBD30, 0x9D98,
    0xAD75, 0x9D54, 0x7CCF, 0x6CAE, 0x6CAE, 0x6CCF, 0x6CAE, 0x74AB, 0x84EA, 0x94E9, 0x8426, 0x7283, 0x69C2, 0x61A2, 0x61A2, 0x8AE4,
    0xA3E8, 0x8B08, 0x7A26, 0x7A06, 0x71E6, 0x72EC, 0x8C52, 0x94B4, 0x9CF5, 0x94F5, 0x3BAD, 0x1B8A, 0x2BEA, 0x340A, 0x33A9, 0x3A05,
    0x3124, 0x3104, 0x2904, 0x3125, 0x3145, 0x4164, 0x4963, 0x5163, 0x5962, 0x41C3, 0x2B06, 0x2B47, 0x4347, 0xA42D, 0xC511, 0xC511,
    0xC511, 0xC511, 0xC512, 0xC512, 0xCD11, 0xCD11, 0xCD11, 0xCD11, 0xCD11, 0xCD12, 0xCD32, 0xCD32, 0xC532, 0xC532, 0xC512, 0xC511,
    0xC4D0, 0x8C0B, 0x3367, 0x3BC8, 0x3BA7, 0x4A85, 0x5983, 0x5962, 0x5962, 0x5982, 0x5983, 0x5163, 0x4943, 0x4122, 0x40E2, 0x31E4,
    0x2B67, 0x33C8, 0x3C2A, 0x340A, 0x23AA, 0x6C51, 0x9CF5, 0x9CD5, 0x94B4, 0x9473, 0x7AEA, 0x8226, 0x7A05, 0x7A05, 0x9B29, 0xB44B,
    0x9B88, 0x7224, 0x7204, 0x7224, 0x7A44, 0x6B03, 0x7BE5, 0x7C46, 0x84C8, 0x8D0A, 0x7CEB, 0x74EB, 0x7CED, 0x9D2F, 0xAD71, 0xB593,
    0xC5D6, 0xBDD5, 0xDE36, 0x0000, 0x0000, 0x0000, 0x0000, 0x0000, 0x0000, 0x0000, 0x0000, 0x0000, 0x0000, 0x0000, 0x0000, 0x0000,
    0x0000, 0x0000, 0x0000, 0x0000, 0x0000, 0x0000, 0x0000, 0x0000, 0x0000, 0x0000, 0x0000, 0x0000, 0x0000, 0x0000, 0x0000, 0x0000,
    0x0000, 0x0000, 0x0000, 0x0000, 0x0000, 0x0000, 0x0000, 0x0000, 0x0000, 0x0000, 0x0000, 0x0000, 0x0000, 0x0000, 0x0000, 0x0000,
    0x0000, 0x0000, 0x0000, 0x0000, 0x0000, 0x0000, 0x0000, 0x0000, 0x0000, 0x0000, 0x0000, 0x0000, 0x0000, 0x0000, 0x0000, 0x0000,
    0x0000, 0x0000, 0x0000, 0x0000, 0x0000, 0x0000, 0x0000, 0x0000, 0x0000, 0x0000, 0x0000, 0x0000, 0x0000, 0x0000, 0x0000, 0x0000,
    0x0000, 0x0000, 0x0000, 0x0000, 0x0000, 0x0000, 0x0000, 0x0000, 0x0000, 0x0000, 0x0000, 0x0000, 0x0000, 0x0000, 0x0000, 0x0000,
    0x0000, 0x0000, 0x0000, 0x0000, 0x0000, 0x0000, 0x0000, 0x0000, 0x0000, 0x0000, 0x0000, 0x0000, 0x0000, 0x0000, 0x0000, 0x0000,
    0x0000, 0x0000, 0x0000, 0x0000, 0x0000, 0x0000, 0x0000, 0x0000, 0x0000, 0x0000, 0x0000, 0x0000, 0x0000, 0x0000, 0x9D12, 0xA554,
    0xA554, 0x9D54, 0x7CCF, 0x6CAD, 0x6CAE, 0x6CAF, 0x6CAD, 0x74AB, 0x850A, 0x9509, 0x8446, 0x7283, 0x69C2, 0x61A2, 0x61A2, 0x8AC4,
    0xAC08, 0xB42B, 0x8B09, 0x7206, 0x69E5, 0x6AAA, 0x8C52, 0x94B4, 0x9CD5, 0x9CF5, 0x43EE, 0x23CA, 0x3C2A, 0x444A, 0x4429, 0x42C6,
    0x3944, 0x3924, 0x3944, 0x3964, 0x4164, 0x4964, 0x5963, 0x5962, 0x5962, 0x3A04, 0x2B46, 0x3387, 0x4B68, 0xAC4E, 0xC511, 0xC511,
    0xC511, 0xC512, 0xC532, 0xC512, 0xCD11, 0xCD11, 0xCD11, 0xCD11, 0xCD11, 0xCD12, 0xCD32, 0xCD32, 0xCD32, 0xCD32, 0xC532, 0xC512,
    0xC4F1, 0x944C, 0x43A7, 0x4408, 0x4408, 0x4B06, 0x61A3, 0x6162, 0x6162, 0x6162, 0x6162, 0x5963, 0x4942, 0x4122, 0x4122, 0x3285,
    0x33C7, 0x4429, 0x4C4A, 0x3C2A, 0x2BCA, 0x7472, 0x9CF5, 0x94B4, 0x9494, 0x9452, 0x82A9, 0x79E5, 0x8246, 0x9B6A, 0xB46C, 0xB46C,
    0x9B88, 0x7224, 0x7204, 0x7A24, 0x7A44, 0x6B03, 0x7BE5, 0x8466, 0x84C9, 0x8D0A, 0x7CEA, 0x7CCB, 0x7CEC, 0x9D2F, 0xAD71, 0xB594,
    0xCDF6, 0xBDD5, 0x0000, 0x0000, 0x0000, 0x0000, 0x0000, 0x0000, 0x0000, 0x0000, 0x0000, 0x0000, 0x0000, 0x0000, 0x0000, 0x0000,
    0x0000, 0x0000, 0x0000, 0x0000, 0x0000, 0x0000, 0x0000, 0x0000, 0x0000, 0x0000, 0x0000, 0x0000, 0x0000, 0x0000, 0x0000, 0x0000,
    0x0000, 0x0000, 0x0000, 0x0000, 0x0000, 0x0000, 0x0000, 0x0000, 0x0000, 0x0000, 0x0000, 0x0000, 0x0000, 0x0000, 0x0000, 0x0000,
    0x0000, 0x0000, 0x0000, 0x0000, 0x0000, 0x0000, 0x0000, 0x0000, 0x0000, 0x0000, 0x0000, 0x0000, 0x0000, 0x0000, 0x0000, 0x0000,
    0x0000, 0x0000, 0x0000, 0x0000, 0x0000, 0x0000, 0x0000, 0x0000, 0x0000, 0x0000, 0x0000, 0x0000, 0x0000, 0x0000, 0x0000, 0x0000,
    0x0000, 0x0000, 0x0000, 0x0000, 0x0000, 0x0000, 0x0000, 0x0000, 0x0000, 0x0000, 0x0000, 0x0000, 0x0000, 0x0000, 0x0000, 0x0000,
    0x0000, 0x0000, 0x0000, 0x0000, 0x0000, 0x0000, 0x0000, 0x0000, 0x0000, 0x0000, 0x0000, 0x0000, 0x0000, 0x0000, 0x0000, 0x0000,
    0x0000, 0x0000, 0x0000, 0x0000, 0x0000, 0x0000, 0x0000, 0x0000, 0x0000, 0x0000, 0x0000, 0x0000, 0x0000, 0x0000, 0x0000, 0xA533,
    0xA533, 0x9D54, 0x7CCF, 0x6CAD, 0x6CAE, 0x6CAE, 0x6CAD, 0x74AA, 0x850A, 0x9509, 0x8C66, 0x72A3, 0x69C2, 0x61A2, 0x61A2, 0x82C3,
    0xAC08, 0xB46C, 0xAC2B, 0x82C7, 0x69E5, 0x6A48, 0x8411, 0x9494, 0x94D4, 0x9CF5, 0x542F, 0x2BEA, 0x444A, 0x4C4A, 0x4C6A, 0x4BC8,
    0x49E5, 0x4144, 0x4164, 0x4984, 0x5184, 0x5183, 0x5983, 0x6182, 0x5182, 0x32C5, 0x33A7, 0x3BC7, 0x5B88, 0xBCAF, 0xC512, 0xC512,
    0xC532, 0xC532, 0xC532, 0xCD32, 0xCD32, 0xCD12, 0xCD12, 0xCD12, 0xCD12, 0xCD32, 0xCD32, 0xCD32, 0xCD32, 0xCD32, 0xCD32, 0xC532,
    0xC511, 0xA48E, 0x53C8, 0x4C28, 0x5448, 0x53C7, 0x5A24, 0x6182, 0x6162, 0x6162, 0x5962, 0x5962, 0x4942, 0x4123, 0x39A4, 0x3B67,
    0x4C28, 0x5C89, 0x5C8A, 0x444A, 0x3BEB, 0x8493, 0x9CD5, 0x9494, 0x9493, 0x8BF0, 0x7A47, 0x8267, 0xA3CB, 0xBC8D, 0xBC8D, 0xB46B,
    0x9367, 0x7A24, 0x7224, 0x7A44, 0x7A43, 0x6B23, 0x7C05, 0x8467, 0x8CE9, 0x850A, 0x7CEA, 0x7CCB, 0x84EC, 0xA52F, 0xAD72, 0xB594,
    0xEE79, 0xC5D5, 0x0000, 0x0000, 0x0000, 0x0000, 0x0000, 0x0000, 0x0000, 0x0000, 0x0000, 0x0000, 0x0000, 0x0000, 0x0000, 0x0000,
    0x0000, 0x0000, 0x0000, 0x0000, 0x0000, 0x0000, 0x0000, 0x0000, 0x0000, 0x0000, 0x0000, 0x0000, 0x0000, 0x0000, 0x0000, 0x0000,
    0x0000, 0x0000, 0x0000, 0x0000, 0x0000, 0x0000, 0x0000, 0x0000, 0x0000, 0x0000, 0x0000, 0x0000, 0x0000, 0x0000, 0x0000, 0x0000,
    0x0000, 0x0000, 0x0000, 0x0000, 0x0000, 0x0000, 0x0000, 0x0000, 0x0000, 0x0000, 0x0000, 0x0000, 0x0000, 0x0000, 0x0000, 0x0000,
    0x0000, 0x0000, 0x0000, 0x0000, 0x0000, 0x0000, 0x0000, 0x0000, 0x0000, 0x0000, 0x0000, 0x0000, 0x0000, 0x0000, 0x0000, 0x0000,
    0x0000, 0x0000, 0x0000, 0x0000, 0x0000, 0x0000, 0x0000, 0x0000, 0x0000, 0x0000, 0x0000, 0x0000, 0x0000, 0x0000, 0x0000, 0x0000,
    0x0000, 0x0000, 0x0000, 0x0000, 0x0000, 0x0000, 0x0000, 0x0000, 0x0000, 0x0000, 0x0000, 0x0000, 0x0000, 0x0000, 0x0000, 0x0000,
    0x0000, 0x0000, 0x0000, 0x0000, 0x0000, 0x0000, 0x0000, 0x0000, 0x0000, 0x0000, 0x0000, 0x0000, 0x0000, 0x0000, 0x0000, 0xA512,
    0xA512, 0x9D54, 0x84F0, 0x6C8D, 0x6C8D, 0x6CAE, 0x6CAD, 0x74AA, 0x84EA, 0x9509, 0x8C87, 0x72E3, 0x69C2, 0x69C2, 0x61A2, 0x82A3,
    0xAC08, 0xB44C, 0xB42B, 0xA3C9, 0x9307, 0x7267, 0x83AF, 0x9493, 0x94B4, 0x9CF5, 0x6C91, 0x33EB, 0x446B, 0x548A, 0x548A, 0x5C6A,
    0x5B47, 0x59E4, 0x59C4, 0x59C4, 0x59A3, 0x61A3, 0x6182, 0x5962, 0x4224, 0x3366, 0x43E7, 0x43E7, 0x73CA, 0xC4F1, 0xC532, 0xC532,
    0xC532, 0xCD32, 0xCD32, 0xCD32, 0xCD32, 0xCD32, 0xCD32, 0xCD32, 0xCD32, 0xCD32, 0xCD32, 0xCD52, 0xCD52, 0xCD53, 0xCD53, 0xCD52,
    0xCD32, 0xBCD0, 0x6C09, 0x5428, 0x6489, 0x6469, 0x5B87, 0x61E3, 0x6162, 0x6162, 0x5962, 0x5142, 0x4922, 0x3964, 0x42C6, 0x5449,
    0x6CAA, 0x74EB, 0x6CCB, 0x444A, 0x4C2D, 0x8CB4, 0x94B4, 0x9493, 0x9452, 0x93CE, 0x9B49, 0xAC0C, 0xBC8E, 0xBC8E, 0xBC8D, 0xB46B,
    0x9367, 0x7A24, 0x7A23, 0x7A44, 0x7263, 0x6B44, 0x7C26, 0x8487, 0x8CE9, 0x850A, 0x7CEA, 0x7CCB, 0x84ED, 0xAD50, 0xB572, 0xB594,
    0x9D12, 0xCE16, 0x0000, 0x0000, 0x0000, 0x0000, 0x0000, 0x0000, 0x0000, 0x0000, 0x0000, 0x0000, 0x0000, 0x0000, 0x0000, 0x0000,
    0x0000, 0x0000, 0x0000, 0x0000, 0x0000, 0x0000, 0x0000, 0x0000, 0x0000, 0x0000, 0x0000, 0x0000, 0x0000, 0x0000, 0x0000, 0x0000,
    0x0000, 0x0000, 0x0000, 0x0000, 0x0000, 0x0000, 0x0000, 0x0000, 0x0000, 0x0000, 0x0000, 0x0000, 0x0000, 0x0000, 0x0000, 0x0000,
    0x0000, 0x0000, 0x0000, 0x0000, 0x0000, 0x0000, 0x0000, 0x0000, 0x0000, 0x0000, 0x0000, 0x0000, 0x0000, 0x0000, 0x0000, 0x0000,
    0x0000, 0x0000, 0x0000, 0x0000, 0x0000, 0x0000, 0x0000, 0x0000, 0x0000, 0x0000, 0x0000, 0x0000, 0x0000, 0x0000, 0x0000, 0x0000,
    0x0000, 0x0000, 0x0000, 0x0000, 0x0000, 0x0000, 0x0000, 0x0000, 0x0000, 0x0000, 0x0000, 0x0000, 0x0000, 0x0000, 0x0000, 0x0000,
    0x0000, 0x0000, 0x0000, 0x0000, 0x0000, 0x0000, 0x0000, 0x0000, 0x0000, 0x0000, 0x0000, 0x0000, 0x0000, 0x0000, 0x0000, 0x0000,
    0x0000, 0x0000, 0x0000, 0x0000, 0x0000, 0x0000, 0x0000, 0x0000, 0x0000, 0x0000, 0x0000, 0x0000, 0x0000, 0x0000, 0x0000, 0xACD0,
    0xACD0, 0xA534, 0x8CF1, 0x6C8D, 0x6C8D, 0x648D, 0x6C8D, 0x6CAB, 0x84EA, 0x950A, 0x8CA7, 0x7B24, 0x69E2, 0x69E2, 0x69C2, 0x8283,
    0xA3E7, 0xB44B, 0xAC2C, 0xAC0B, 0xB42C, 0xA3AC, 0x834C, 0x8C52, 0x9493, 0x9CD5, 0x84D3, 0x3C0C, 0x4C6B, 0x5CAB, 0x64AB, 0x6CAB,
    0x6469, 0x6B06, 0x6A23, 0x69E3, 0x69C2, 0x69C2, 0x61A2, 0x4A43, 0x4366, 0x5408, 0x5449, 0x4BE8, 0x942D, 0xCD32, 0xC532, 0xCD32,
    0xCD52, 0xCD52, 0xCD52, 0xCD53, 0xCD53, 0xCD53, 0xCD53, 0xCD53, 0xD553, 0xCD53, 0xCD53, 0xCD73, 0xCD73, 0xCD73, 0xCD73, 0xCD73,
    0xCD53, 0xC532, 0x8C4C, 0x5428, 0x6CC9, 0x74C9, 0x6C89, 0x6366, 0x6244, 0x59E3, 0x59A2, 0x5182, 0x49E3, 0x4B06, 0x5C49, 0x74CB,
    0x7D2D, 0x854E, 0x6CEC, 0x444B, 0x646F, 0x94D4, 0x9494, 0x9472, 0x9410, 0xAC0E, 0xBC8E, 0xBC8E, 0xBC8E, 0xBC8E, 0xBC8D, 0xB46B,
    0x9346, 0x7A24, 0x7A43, 0x8264, 0x6A83, 0x6B84, 0x7C46, 0x84A8, 0x8D0A, 0x850A, 0x7CCA, 0x7CCB, 0x8CED, 0xB550, 0xB572, 0xBD94,
    0xBD94, 0xBDB5, 0x0000, 0x0000, 0x0000, 0x0000, 0x0000, 0x0000, 0x0000, 0x0000, 0x0000, 0x0000, 0x0000, 0x0000, 0x0000, 0x0000,
    0x0000, 0x0000, 0x0000, 0x0000, 0x0000, 0x0000, 0x0000, 0x0000, 0x0000, 0x0000, 0x0000, 0x0000, 0x0000, 0x0000, 0x0000, 0x0000,
    0x0000, 0x0000, 0x0000, 0x0000, 0x0000, 0x0000, 0x0000, 0x0000, 0x0000, 0x0000, 0x0000, 0x0000, 0x0000, 0x0000, 0x0000, 0x0000,
    0x0000, 0x0000, 0x0000, 0x0000, 0x0000, 0x0000, 0x0000, 0x0000, 0x0000, 0x0000, 0x0000, 0x0000, 0x0000, 0x0000, 0x0000, 0x0000,
    0x0000, 0x0000, 0x0000, 0x0000, 0x0000, 0x0000, 0x0000, 0x0000, 0x0000, 0x0000, 0x0000, 0x0000, 0x0000, 0x0000, 0x0000, 0x0000,
    0x0000, 0x0000, 0x0000, 0x0000, 0x0000, 0x0000, 0x0000, 0x0000, 0x0000, 0x0000, 0x0000, 0x0000, 0x0000, 0x0000, 0x0000, 0x0000,
    0x0000, 0x0000, 0x0000, 0x0000, 0x0000, 0x0000, 0x0000, 0x0000, 0x0000, 0x0000, 0x0000, 0x0000, 0x0000, 0x0000, 0x0000, 0x0000,
    0x0000, 0x0000, 0x0000, 0x0000, 0x0000, 0x0000, 0x0000, 0x0000, 0x0000, 0x0000, 0x0000, 0x0000, 0x0000, 0x0000, 0x0000, 0xC364,
    0x5E9F, 0xA533, 0x9512, 0x748D, 0x6C8D, 0x648D, 0x648C, 0x6CAB, 0x7CEA, 0x8D2A, 0x94C8, 0x8385, 0x7202, 0x71E2, 0x69C2, 0x7A63,
    0xA3E7, 0xB44B, 0xB42C, 0xB44D, 0xB46E, 0xBC8F, 0x9BAC, 0x83CF, 0x8C52, 0x94B4, 0x94F5, 0x5C4F, 0x444B, 0x64AB, 0x74EB, 0x850B,
    0x850A, 0x84A9, 0x73C6, 0x72E4, 0x6AA4, 0x6AA4, 0x6B45, 0x6C06, 0x6C88, 0x7CC9, 0x6CA9, 0x640A, 0xB4D0, 0xCD53, 0xCD53, 0xCD53,
    0xCD73, 0xCD73, 0xCD73, 0xCD73, 0xCD73, 0xD573, 0xD594, 0xD594, 0xD594, 0xD594, 0xD594, 0xD594, 0xD594, 0xD594, 0xD594, 0xD594,
    0xD573, 0xCD73, 0xB4CF, 0x6429, 0x6CA9, 0x850A, 0x850A, 0x7CC8, 0x7447, 0x6BE6, 0x6BA6, 0x6BA6, 0x6C27, 0x74A9, 0x850A, 0x8D4C,
    0x8D6D, 0x854F, 0x64CD, 0x4C4D, 0x84B3, 0x9CB4, 0x9473, 0x9431, 0x9BEE, 0xBC6E, 0xC4AE, 0xBCAE, 0xBCAE, 0xBC8D, 0xBC8C, 0xB46A,
    0x8B06, 0x7A43, 0x7A43, 0x7A43, 0x6AA3, 0x73C5, 0x8467, 0x84C8, 0x8D2A, 0x850A, 0x7CCA, 0x7CAB, 0x9D0D, 0xB570, 0xB573, 0xC5B5,
    0xC5B5, 0x0000, 0x0000, 0x0000, 0x0000, 0x0000, 0x0000, 0x0000, 0x0000, 0x0000, 0x0000, 0x0000, 0x0000, 0x0000, 0x0000, 0x0000,
    0x0000, 0x0000, 0x0000, 0x0000, 0x0000, 0x0000, 0x0000, 0x0000, 0x0000, 0x0000, 0x0000, 0x0000, 0x0000, 0x0000, 0x0000, 0x0000,
    0x0000, 0x0000, 0x0000, 0x0000, 0x0000, 0x0000, 0x0000, 0x0000, 0x0000, 0x0000, 0x0000, 0x0000, 0x0000, 0x0000, 0x0000, 0x0000,
    0x0000, 0x0000, 0x0000, 0x0000, 0x0000, 0x0000, 0x0000, 0x0000, 0x0000, 0x0000, 0x0000, 0x0000, 0x0000, 0x0000, 0x0000, 0x0000,
    0x0000, 0x0000, 0x0000, 0x0000, 0x0000, 0x0000, 0x0000, 0x0000, 0x0000, 0x0000, 0x0000, 0x0000, 0x0000, 0x0000, 0x0000, 0x0000,
    0x0000, 0x0000, 0x0000, 0x0000, 0x0000, 0x0000, 0x0000, 0x0000, 0x0000, 0x0000, 0x0000, 0x0000, 0x0000, 0x0000, 0x0000, 0x0000,
    0x0000, 0x0000, 0x0000, 0x0000, 0x0000, 0x0000, 0x0000, 0x0000, 0x0000, 0x0000, 0x0000, 0x0000, 0x0000, 0x0000, 0x0000, 0x0000,
    0x0000, 0x0000, 0x0000, 0x0000, 0x0000, 0x0000, 0x0000, 0x0000, 0x0000, 0x0000, 0x0000, 0x0000, 0x0000, 0x0000, 0x0000, 0xB44C,
    0xA533, 0xA513, 0x9D12, 0x7CAE, 0x6C8C, 0x648C, 0x648C, 0x6C8B, 0x7CC9, 0x8D2A, 0x94E8, 0x83E5, 0x7222, 0x71E2, 0x71E2, 0x7A42,
    0xA3C6, 0xB44B, 0xB44C, 0xB46D, 0xBC6E, 0xBC8F, 0xBC8F, 0x9BCD, 0x8BF0, 0x8C73, 0x9CD4, 0x7CB2, 0x444D, 0x5CAB, 0x7D0B, 0x954B,
    0x9D4B, 0xA54A, 0x9D2A, 0x94E8, 0x8CC8, 0x94C8, 0x94E8, 0x9D09, 0x9D29, 0x952A, 0x7489, 0x948D, 0xCD52, 0xD573, 0xD593, 0xD594,
    0xD594, 0xD594, 0xD594, 0xD594, 0xD5B4, 0xD5D5, 0xDDF5, 0xDDF5, 0xDDF5, 0xDDF5, 0xDDD5, 0xD5D5, 0xD5D5, 0xD5D5, 0xD5D5, 0xD5B4,
    0xD5B4, 0xD5B4, 0xCD73, 0x8C8D, 0x6469, 0x850A, 0x9D4A, 0xA56A, 0x9D49, 0x9D49, 0xA549, 0xA549, 0xA549, 0xAD6B, 0xADAC, 0xADCD,
    0xA5AD, 0x852E, 0x548D, 0x6CB1, 0x9CF4, 0x9493, 0x9451, 0x9C0F, 0xBC6E, 0xC4AF, 0xC4CF, 0xC4AF, 0xBCAE, 0xBC8D, 0xBC8C, 0xAC4A,
    0x8AE5, 0x7A43, 0x7A43, 0x6A22, 0x62E3, 0x7C06, 0x84A7, 0x8CE9, 0x8D2A, 0x7CEA, 0x7CAA, 0x84AB, 0xA52E, 0xBD71, 0xB573, 0xDE58,
    0xD637, 0x0000, 0x0000, 0x0000, 0x0000, 0x0000, 0x0000, 0x0000, 0x0000, 0x0000, 0x0000, 0x0000, 0x0000, 0x0000, 0x0000, 0x0000,
    0x0000, 0x0000, 0x0000, 0x0000, 0x0000, 0x0000, 0x0000, 0x0000, 0x0000, 0x0000, 0x0000, 0x0000, 0x0000, 0x0000, 0x0000, 0x0000,
    0x0000, 0x0000, 0x0000, 0x0000, 0x0000, 0x0000, 0x0000, 0x0000, 0x0000, 0x0000, 0x0000, 0x0000, 0x0000, 0x0000, 0x0000, 0x0000,
    0x0000, 0x0000, 0x0000, 0x0000, 0x0000, 0x0000, 0x0000, 0x0000, 0x0000, 0x0000, 0x0000, 0x0000, 0x0000, 0x0000, 0x0000, 0x0000,
    0x0000, 0x0000, 0x0000, 0x0000, 0x0000, 0x0000, 0x0000, 0x0000, 0x0000, 0x0000, 0x0000, 0x0000, 0x0000, 0x0000, 0x0000, 0x0000,
    0x0000, 0x0000, 0x0000, 0x0000, 0x0000, 0x0000, 0x0000, 0x0000, 0x0000, 0x0000, 0x0000, 0x0000, 0x0000, 0x0000, 0x0000, 0x0000,
    0x0000, 0x0000, 0x0000, 0x0000, 0x0000, 0x0000, 0x0000, 0x0000, 0x0000, 0x0000, 0x0000, 0x0000, 0x0000, 0x0000, 0x0000, 0x0000,
    0x0000, 0x0000, 0x0000, 0x0000, 0x0000, 0x0000, 0x0000, 0x0000, 0x0000, 0x0000, 0x0000, 0x0000, 0x0000, 0x0000, 0x0000, 0x0000,
    0xA533, 0xAD12, 0x9D12, 0x84CF, 0x6C8C, 0x648C, 0x648C, 0x648B, 0x74A9, 0x8D0A, 0x9509, 0x8C46, 0x7283, 0x69C2, 0x71E2, 0x7222,
    0x9BA5, 0xB44A, 0xB44C, 0xBC6D, 0xBC8E, 0xC48E, 0xC4AF, 0xC48F, 0xAC0E, 0x9431, 0x9473, 0x94D4, 0x6C91, 0x4C6C, 0x74EB, 0x9D4B,
    0xAD8B, 0xBDAB, 0xC5AA, 0xBDAA, 0xBD89, 0xBD89, 0xC5A9, 0xBD8A, 0xAD6A, 0x8CEA, 0x848C, 0xC532, 0xDDB4, 0xD5B4, 0xD5B4, 0xD5B4,
    0xD5B4, 0xD5B4, 0xD5D5, 0xD5D5, 0xDDF5, 0xDE16, 0xE616, 0xE616, 0xE616, 0xE616, 0xDE16, 0xDE16, 0xDDF6, 0xDDF5, 0xDDF5, 0xDDF5,
    0xDDF5, 0xDDD5, 0xDDB4, 0xCD52, 0x846B, 0x74A9, 0x9549, 0xB58A, 0xBDAA, 0xC5CA, 0xCDCA, 0xCDCA, 0xCDEB, 0xCDEB, 0xC5EC, 0xB5CD,
    0x9D6D, 0x6CCC, 0x64B0, 0x94F4, 0x9C93, 0x9431, 0xA450, 0xBC8F, 0xCCAF, 0xC4D0, 0xC4D0, 0xC4AF, 0xC48E, 0xBC8D, 0xBC8C, 0xAC29,
    0x82A4, 0x7A22, 0x7202, 0x5A42, 0x6323, 0x7C47, 0x84C8, 0x8D0A, 0x8D0A, 0x7CC9, 0x7CAA, 0x84CC, 0xAD4F, 0xBD72, 0xBD94, 0xB552,
    0xBDB5, 0x0000, 0x0000, 0x0000, 0x0000, 0x0000, 0x0000, 0x0000, 0x0000, 0x0000, 0x0000, 0x0000, 0x0000, 0x0000, 0x0000, 0x0000,
    0x0000, 0x0000, 0x0000, 0x0000, 0x0000, 0x0000, 0x0000, 0x0000, 0x0000, 0x0000, 0x0000, 0x0000, 0x0000, 0x0000, 0x0000, 0x0000,
    0x0000, 0x0000, 0x0000, 0x0000, 0x0000, 0x0000, 0x0000, 0x0000, 0x0000, 0x0000, 0x0000, 0x0000, 0x0000, 0x0000, 0x0000, 0x0000,
    0x0000, 0x0000, 0x0000, 0x0000, 0x0000, 0x0000, 0x0000, 0x0000, 0x0000, 0x0000, 0x0000, 0x0000, 0x0000, 0x0000, 0x0000, 0x0000,
    0x0000, 0x0000, 0x0000, 0x0000, 0x0000, 0x0000, 0x0000, 0x0000, 0x0000, 0x0000, 0x0000, 0x0000, 0x0000, 0x0000, 0x0000, 0x0000,
    0x0000, 0x0000, 0x0000, 0x0000, 0x0000, 0x0000, 0x0000, 0x0000, 0x0000, 0x0000, 0x0000, 0x0000, 0x0000, 0x0000, 0x0000, 0x0000,
    0x0000, 0x0000, 0x0000, 0x0000, 0x0000, 0x0000, 0x0000, 0x0000, 0x0000, 0x0000, 0x0000, 0x0000, 0x0000, 0x0000, 0x0000, 0x0000,
    0x0000, 0x0000, 0x0000, 0x0000, 0x0000, 0x0000, 0x0000, 0x0000, 0x0000, 0x0000, 0x0000, 0x0000, 0x0000, 0x0000, 0x0000, 0x0000,
    0xA512, 0xB4D1, 0xA512, 0x8CF0, 0x748D, 0x648C, 0x646B, 0x648B, 0x6CA9, 0x850A, 0x952A, 0x94A7, 0x7304, 0x61C2, 0x61C2, 0x61E2,
    0x9385, 0xB44A, 0xBC4C, 0xBC6E, 0xC48E, 0xC4AF, 0xC4AF, 0xCCAF, 0xCC8F, 0xBC6F, 0xA450, 0x9C72, 0x94D4, 0x6490, 0x548C, 0x8D2B,
    0xB58B, 0xC5CA, 0xD5EA, 0xD5EA, 0xDDEA, 0xD5CA, 0xD5AB, 0xCD8C, 0xC54D, 0xBD30, 0xD573, 0xDDD4, 0xDDD5, 0xDDF5, 0xDDF5, 0xD5F5,
    0xD5F5, 0xD5F5, 0xDDF5, 0xDE16, 0xE616, 0xE5F5, 0xE5F5, 0xE5F5, 0xE5D4, 0xE5D4, 0xE5F5, 0xDE16, 0xDE16, 0xDE16, 0xDE16, 0xDE16,
    0xDE16, 0xDDF5, 0xDDF5, 0xE5D5, 0xCD72, 0xA4ED, 0xA50B, 0xB54B, 0xC58A, 0xD5CA, 0xD5EA, 0xD5EA, 0xD5EA, 0xCDCA, 0xBDAA, 0xA54A,
    0x74CB, 0x646E, 0x94B2, 0xA492, 0xAC70, 0xBC6F, 0xCCAF, 0xCCCF, 0xCCF0, 0xCCF0, 0xC4D0, 0xC4AF, 0xC48E, 0xBC8D, 0xBC8B, 0x9BC8,
    0x5A23, 0x51E2, 0x4A02, 0x5283, 0x6B85, 0x8487, 0x8CE9, 0x8D2A, 0x850A, 0x7CA9, 0x7C8A, 0x94CC, 0xB550, 0xBD73, 0xBD95, 0xB573,
    0x0000, 0x0000, 0x0000, 0x0000, 0x0000, 0x0000, 0x0000, 0x0000, 0x0000, 0x0000, 0x0000, 0x0000, 0x0000, 0x0000, 0x0000, 0x0000,
    0x0000, 0x0000, 0x0000, 0x0000, 0x0000, 0x0000, 0x0000, 0x0000, 0x0000, 0x0000, 0x0000, 0x0000, 0x0000, 0x0000, 0x0000, 0x0000,
    0x0000, 0x0000, 0x0000, 0x0000, 0x0000, 0x0000, 0x0000, 0x0000, 0x0000, 0x0000, 0x0000, 0x0000, 0x0000, 0x0000, 0x0000, 0x0000,
    0x0000, 0x0000, 0x0000, 0x0000, 0x0000, 0x0000, 0x0000, 0x0000, 0x0000, 0x0000, 0x0000, 0x0000, 0x0000, 0x0000, 0x0000, 0x0000,
    0x0000, 0x0000, 0x0000, 0x0000, 0x0000, 0x0000, 0x0000, 0x0000, 0x0000, 0x0000, 0x0000, 0x0000, 0x0000, 0x0000, 0x0000, 0x0000,
    0x0000, 0x0000, 0x0000, 0x0000, 0x0000, 0x0000, 0x0000, 0x0000, 0x0000, 0x0000, 0x0000, 0x0000, 0x0000, 0x0000, 0x0000, 0x0000,
    0x0000, 0x0000, 0x0000, 0x0000, 0x0000, 0x0000, 0x0000, 0x0000, 0x0000, 0x0000, 0x0000, 0x0000, 0x0000, 0x0000, 0x0000, 0x0000,
    0x0000, 0x0000, 0x0000, 0x0000, 0x0000, 0x0000, 0x0000, 0x0000, 0x0000, 0x0000, 0x0000, 0x0000, 0x0000, 0x0000, 0x0000, 0x0000,
    0xA48F, 0xA554, 0xA4F2, 0x9CF1, 0x7CAE, 0x6C8C, 0x646B, 0x646B, 0x6C8A, 0x7CC9, 0x952A, 0x9508, 0x7BC5, 0x39A2, 0x3141, 0x3141,
    0x7304, 0xB46A, 0xBC6C, 0xC48E, 0xC48E, 0xCCAF, 0xCCCF, 0xCCD0, 0xCCAF, 0xCC6E, 0xC44D, 0xC44E, 0xBC70, 0xACB1, 0x7C4D, 0x848B,
    0xACEB, 0xC54B, 0xD54B, 0xDD4C, 0xDD2D, 0xDD2E, 0xDD50, 0xDD72, 0xE593, 0xE5B4, 0xE5D5, 0xDDF5, 0xDDF5, 0xDDF5, 0xDDF6, 0xDDF6,
    0xDE16, 0xDDF6, 0xDE16, 0xE5F5, 0xE5D5, 0xE5D4, 0xE5D4, 0xE5F4, 0xE5D4, 0xEDF4, 0xE5D4, 0xE5F5, 0xDE16, 0xDE36, 0xDE36, 0xDE16,
    0xDE16, 0xDE16, 0xDE16, 0xE5F5, 0xE5F5, 0xE5D4, 0xDD93, 0xDD51, 0xDD30, 0xDD2E, 0xDD2D, 0xDD4D, 0xD54C, 0xCD2C, 0xC50B, 0xACCB,
    0x9C6D, 0xB48F, 0xC4B0, 0xCCAF, 0xCCAF, 0xCCAF, 0xCCCF, 0xCCF0, 0xCCF1, 0xCCF0, 0xCCCF, 0xC4AF, 0xC48D, 0xC48C, 0xBC8B, 0x7B47,
    0x31A2, 0x29C2, 0x3A02, 0x52C3, 0x73E6, 0x84C8, 0x8D09, 0x8D2A, 0x84E9, 0x7CAA, 0x7C8B, 0x9D0D, 0xBD71, 0xBD73, 0xCE19, 0xBD94,
    0x0000, 0x0000, 0x0000, 0x0000, 0x0000, 0x0000, 0x0000, 0x0000, 0x0000, 0x0000, 0x0000, 0x0000, 0x0000, 0x0000, 0x0000, 0x0000,
    0x0000, 0x0000, 0x0000, 0x0000, 0x0000, 0x0000, 0x0000, 0x0000, 0x0000, 0x0000, 0x0000, 0x0000, 0x0000, 0x0000, 0x0000, 0x0000,
    0x0000, 0x0000, 0x0000, 0x0000, 0x0000, 0x0000, 0x0000, 0x0000, 0x0000, 0x0000, 0x0000, 0x0000, 0x0000, 0x0000, 0x0000, 0x0000,
    0x0000, 0x0000, 0x0000, 0x0000, 0x0000, 0x0000, 0x0000, 0x0000, 0x0000, 0x0000, 0x0000, 0x0000, 0x0000, 0x0000, 0x0000, 0x0000,
    0x0000, 0x0000, 0x0000, 0x0000, 0x0000, 0x0000, 0x0000, 0x0000, 0x0000, 0x0000, 0x0000, 0x0000, 0x0000, 0x0000, 0x0000, 0x0000,
    0x0000, 0x0000, 0x0000, 0x0000, 0x0000, 0x0000, 0x0000, 0x0000, 0x0000, 0x0000, 0x0000, 0x0000, 0x0000, 0x0000, 0x0000, 0x0000,
    0x0000, 0x0000, 0x0000, 0x0000, 0x0000, 0x0000, 0x0000, 0x0000, 0x0000, 0x0000, 0x0000, 0x0000, 0x0000, 0x0000, 0x0000, 0x0000,
    0x0000, 0x0000, 0x0000, 0x0000, 0x0000, 0x0000, 0x0000, 0x0000, 0x0000, 0x0000, 0x0000, 0x0000, 0x0000, 0x0000, 0x0000, 0x0000,
    0xAD32, 0xA4F1, 0xA4D1, 0xA4F2, 0x8CCF, 0x748C, 0x6C6B, 0x646B, 0x646A, 0x74A9, 0x8D2A, 0x952A, 0x8C87, 0x4243, 0x2961, 0x2942,
    0x5A84, 0xAC69, 0xBC6C, 0xC48E, 0xCCAE, 0xCCAF, 0xCCCF, 0xD4D0, 0xD4F0, 0xCCCF, 0xCC8E, 0xC44D, 0xCC4D, 0xCC4D, 0xCC4D, 0xCC4D,
    0xD46D, 0xD48D, 0xD48E, 0xD4AF, 0xDCD0, 0xDD11, 0xDD52, 0xE593, 0xE5B4, 0xE5B4, 0xDDD5, 0xDDF5, 0xDDF5, 0xDDF6, 0xDDF6, 0xDE16,
    0xDE16, 0xDDF5, 0xDDF5, 0xDDD4, 0xE5B3, 0xE5B3, 0xE5B3, 0xE5F4, 0xE5D4, 0xE5D4, 0xE5D4, 0xE5B3, 0xE5D5, 0xDE16, 0xDE16, 0xDE16,
    0xDE16, 0xDE16, 0xE616, 0xDE16, 0xE5F5, 0xE5F5, 0xE5D4, 0xE5B4, 0xE573, 0xDD32, 0xDD11, 0xDCF0, 0xD4CF, 0xD4AF, 0xD48E, 0xD48E,
    0xD48E, 0xD48E, 0xD48E, 0xD4AE, 0xD4AF, 0xD4F0, 0xD511, 0xD511, 0xD4F0, 0xCCD0, 0xCCCF, 0xCCAE, 0xC48D, 0xBC8C, 0xB46B, 0x62C5,
    0x29A2, 0x31E2, 0x3202, 0x5304, 0x7C67, 0x8CE9, 0x8D2A, 0x8D0A, 0x7CA9, 0x7C8A, 0x8CAB, 0xAD2F, 0xBD72, 0xBD74, 0xB553, 0xC5D5,
    0x0000, 0x0000, 0x0000, 0x0000, 0x0000, 0x0000, 0x0000, 0x0000, 0x0000, 0x0000, 0x0000, 0x0000, 0x0000, 0x0000, 0x0000, 0x0000,
    0x0000, 0x0000, 0x0000, 0x0000, 0x0000, 0x0000, 0x0000, 0x0000, 0x0000, 0x0000, 0x0000, 0x0000, 0x0000, 0x0000, 0x0000, 0x0000,
    0x0000, 0x0000, 0x0000, 0x0000, 0x0000, 0x0000, 0x0000, 0x0000, 0x0000, 0x0000, 0x0000, 0x0000, 0x0000, 0x0000, 0x0000, 0x0000,
    0x0000, 0x0000, 0x0000, 0x0000, 0x0000, 0x0000, 0x0000, 0x0000, 0x0000, 0x0000, 0x0000, 0x0000, 0x0000, 0x0000, 0x0000, 0x0000,
    0x0000, 0x0000, 0x0000, 0x0000, 0x0000, 0x0000, 0x0000, 0x0000, 0x0000, 0x0000, 0x0000, 0x0000, 0x0000, 0x0000, 0x0000, 0x0000,
    0x0000, 0x0000, 0x0000, 0x0000, 0x0000, 0x0000, 0x0000, 0x0000, 0x0000, 0x0000, 0x0000, 0x0000, 0x0000, 0x0000, 0x0000, 0x0000,
    0x0000, 0x0000, 0x0000, 0x0000, 0x0000, 0x0000, 0x0000, 0x0000, 0x0000, 0x0000, 0x0000, 0x0000, 0x0000, 0x0000, 0x0000, 0x0000,
    0x0000, 0x0000, 0x0000, 0x0000, 0x0000, 0x0000, 0x0000, 0x0000, 0x0000, 0x0000, 0x0000, 0x0000, 0x0000, 0x0000, 0x0000, 0x0000,
    0x0000, 0xA4B0, 0xA595, 0xA4F1, 0x94F1, 0x7C8D, 0x6C6B, 0x646B, 0x646A, 0x7489, 0x84E9, 0x954A, 0x94E9, 0x6345, 0x2962, 0x2942,
    0x49E3, 0xA429, 0xBC8C, 0xC48E, 0xCCAE, 0xCCAF, 0xD4AF, 0xD4CF, 0xD4D0, 0xD4F0, 0xD4F0, 0xD4CF, 0xCCAF, 0xCC8E, 0xD48E, 0xD48E,
    0xD4AF, 0xD4CF, 0xDCF0, 0xDD11, 0xDD31, 0xDD52, 0xE573, 0xE593, 0xE5B4, 0xDDB4, 0xDDD4, 0xDDD5, 0xDDF5, 0xDDF5, 0xDDF5, 0xDDF5,
    0xDDF5, 0xDDF5, 0xDDD4, 0xDD93, 0xDD51, 0xDD51, 0xE551, 0xE551, 0xE571, 0xE551, 0xE572, 0xE572, 0xDD73, 0xDDF5, 0xDE16, 0xDDF5,
    0xDDF5, 0xDDF5, 0xDDF5, 0xDDF5, 0xDDD5, 0xDDD4, 0xDDB4, 0xDD94, 0xE593, 0xDD73, 0xDD72, 0xDD52, 0xDD31, 0xDD11, 0xDCF0, 0xD4F0,
    0xD4D0, 0xD4D0, 0xD4F0, 0xDCF0, 0xDCF1, 0xDCF1, 0xD4F0, 0xD4F0, 0xD4F0, 0xD4CF, 0xCCAF, 0xCCAE, 0xC48D, 0xBC8C, 0xAC2A, 0x4A44,
    0x29C2, 0x31E2, 0x3A23, 0x63A6, 0x84C8, 0x952A, 0x8D2A, 0x84C9, 0x7C89, 0x7C8A, 0x9CED, 0xBD50, 0xBD73, 0xC5B5, 0xBD94, 0xC5D5,
    0x0000, 0x0000, 0x0000, 0x0000, 0x0000, 0x0000, 0x0000, 0x0000, 0x0000, 0x0000, 0x0000, 0x0000, 0x0000, 0x0000, 0x0000, 0x0000,
    0x0000, 0x0000, 0x0000, 0x0000, 0x0000, 0x0000, 0x0000, 0x0000, 0x0000, 0x0000, 0x0000, 0x0000, 0x0000, 0x0000, 0x0000, 0x0000,
    0x0000, 0x0000, 0x0000, 0x0000, 0x0000, 0x0000, 0x0000, 0x0000, 0x0000, 0x0000, 0x0000, 0x0000, 0x0000, 0x0000, 0x0000, 0x0000,
    0x0000, 0x0000, 0x0000, 0x0000, 0x0000, 0x0000, 0x0000, 0x0000, 0x0000, 0x0000, 0x0000, 0x0000, 0x0000, 0x0000, 0x0000, 0x0000,
    0x0000, 0x0000, 0x0000, 0x0000, 0x0000, 0x0000, 0x0000, 0x0000, 0x0000, 0x0000, 0x0000, 0x0000, 0x0000, 0x0000, 0x0000, 0x0000,
    0x0000, 0x0000, 0x0000, 0x0000, 0x0000, 0x0000, 0x0000, 0x0000, 0x0000, 0x0000, 0x0000, 0x0000, 0x0000, 0x0000, 0x0000, 0x0000,
    0x0000, 0x0000, 0x0000, 0x0000, 0x0000, 0x0000, 0x0000, 0x0000, 0x0000, 0x0000, 0x0000, 0x0000, 0x0000, 0x0000, 0x0000, 0x0000,
    0x0000, 0x0000, 0x0000, 0x0000, 0x0000, 0x0000, 0x0000, 0x0000, 0x0000, 0x0000, 0x0000, 0x0000, 0x0000, 0x0000, 0x0000, 0x0000,
    0x0000, 0xA512, 0xA4F1, 0xA4F1, 0xA4F1, 0x8CCF, 0x748C, 0x6C6B, 0x646A, 0x6C69, 0x7CC9, 0x8D2A, 0x9D2A, 0x8467, 0x4203, 0x2962,
    0x3182, 0x93C7, 0xBC8C, 0xC48E, 0xCCAE, 0xD4AF, 0xD4AF, 0xD4AF, 0xD4CF, 0xD4CF, 0xDCCF, 0xDCD0, 0xDCD0, 0xDCF0, 0xDCF0, 0xDCF0,
    0xDCF0, 0xDD11, 0xDD11, 0xDD31, 0xDD32, 0xDD52, 0xE552, 0xDD73, 0xDD73, 0xDD93, 0xDD94, 0xDDB4, 0xD5B4, 0xD5D4, 0xD5D4, 0xD5D4,
    0xD5B4, 0xD5B4, 0xD593, 0xD510, 0xDCCE, 0xDC8D, 0xDC8D, 0xDC8D, 0xDC8D, 0xDCAE, 0xDCCF, 0xDCCF, 0xD510, 0xD5B4, 0xD5D4, 0xD5D4,
    0xD5D4, 0xD5B4, 0xD5B4, 0xD5B4, 0xD593, 0xD593, 0xDD73, 0xDD73, 0xDD52, 0xDD52, 0xDD52, 0xDD32, 0xDD31, 0xDD31, 0xDD11, 0xDD11,
    0xDD11, 0xDD11, 0xDCF0, 0xDCF0, 0xDCD0, 0xDCD0, 0xDCCF, 0xDCCF, 0xD4CF, 0xD4AF, 0xCCAE, 0xCCAE, 0xC48D, 0xBC8B, 0x8BA8, 0x39E3,
    0x31E2, 0x3202, 0x4AE4, 0x7C87, 0x8D2A, 0x954B, 0x8509, 0x7CA9, 0x7C89, 0x84AB, 0xAD2E, 0xBD72, 0xBD74, 0xBD73, 0xD636, 0x0000,
    0x0000, 0x0000, 0x0000, 0x0000, 0x0000, 0x0000, 0x0000, 0x0000, 0x0000, 0x0000, 0x0000, 0x0000, 0x0000, 0x0000, 0x0000, 0x0000,
    0x0000, 0x0000, 0x0000, 0x0000, 0x0000, 0x0000, 0x0000, 0x0000, 0x0000, 0x0000, 0x0000, 0x0000, 0x0000, 0x0000, 0x0000, 0x0000,
    0x0000, 0x0000, 0x0000, 0x0000, 0x0000, 0x0000, 0x0000, 0x0000, 0x0000, 0x0000, 0x0000, 0x0000, 0x0000, 0x0000, 0x0000, 0x0000,
    0x0000, 0x0000, 0x0000, 0x0000, 0x0000, 0x0000, 0x0000, 0x0000, 0x0000, 0x0000, 0x0000, 0x0000, 0x0000, 0x0000, 0x0000, 0x0000,
    0x0000, 0x0000, 0x0000, 0x0000, 0x0000, 0x0000, 0x0000, 0x0000, 0x0000, 0x0000, 0x0000, 0x0000, 0x0000, 0x0000, 0x0000, 0x0000,
    0x0000, 0x0000, 0x0000, 0x0000, 0x0000, 0x0000, 0x0000, 0x0000, 0x0000, 0x0000, 0x0000, 0x0000, 0x0000, 0x0000, 0x0000, 0x0000,
    0x0000, 0x0000, 0x0000, 0x0000, 0x0000, 0x0000, 0x0000, 0x0000, 0x0000, 0x0000, 0x0000, 0x0000, 0x0000, 0x0000, 0x0000, 0x0000,
    0x0000, 0x0000, 0x0000, 0x0000, 0x0000, 0x0000, 0x0000, 0x0000, 0x0000, 0x0000, 0x0000, 0x0000, 0x0000, 0x0000, 0x0000, 0x0000,
    0x0000, 0xA40C, 0xA46F, 0xA46F, 0xA4F1, 0x9CF0, 0x7C8D, 0x746B, 0x6C6A, 0x6469, 0x7488, 0x84E9, 0x954B, 0x9509, 0x6345, 0x2982,
    0x2962, 0x6AE6, 0xBCAC, 0xC48E, 0xCC8E, 0xD4AE, 0xD4AE, 0xD4AF, 0xDCAF, 0xDCAF, 0xDCAE, 0xDCAF, 0xDCAF, 0xDCAF, 0xDCAF, 0xDCCF,
    0xDCD0, 0xDCF0, 0xDCF0, 0xDCF0, 0xDD11, 0xDD11, 0xDD31, 0xDD32, 0xDD52, 0xD552, 0xD573, 0xD573, 0xD573, 0xCD73, 0xCD73, 0xCD73,
    0xCD73, 0xCD73, 0xCD52, 0xCCCF, 0xCC4B, 0xD42A, 0xD409, 0xD409, 0xD409, 0xD42A, 0xD42B, 0xCC4B, 0xCCCF, 0xCD72, 0xCD93, 0xCD93,
    0xCD72, 0xCD52, 0xCD52, 0xCD31, 0xCD31, 0xCD31, 0xCD11, 0xD511, 0xD511, 0xD511, 0xDD11, 0xDD11, 0xDD11, 0xDCF1, 0xDCF0, 0xDCF0,
    0xDCF0, 0xDCD0, 0xDCD0, 0xDCCF, 0xDCAF, 0xDCAF, 0xDCAF, 0xDCAF, 0xD4AF, 0xD4AE, 0xD4AE, 0xCC8D, 0xC48C, 0xBC6B, 0x6AE6, 0x31E2,
    0x3202, 0x3A43, 0x6BE6, 0x8CE9, 0x954C, 0x8D2B, 0x84C9, 0x7C89, 0x848A, 0x9CED, 0xB550, 0xBD73, 0xC5B4, 0xC5B4, 0xC5B4, 0x0000,
    0x0000, 0x0000, 0x0000, 0x0000, 0x0000, 0x0000, 0x0000, 0x0000, 0x0000, 0x0000, 0x0000, 0x0000, 0x0000, 0x0000, 0x0000, 0x0000,
    0x0000, 0x0000, 0x0000, 0x0000, 0x0000, 0x0000, 0x0000, 0x0000, 0x0000, 0x0000, 0x0000, 0x0000, 0x0000, 0x0000, 0x0000, 0x0000,
    0x0000, 0x0000, 0x0000, 0x0000, 0x0000, 0x0000, 0x0000, 0x0000, 0x0000, 0x0000, 0x0000, 0x0000, 0x0000, 0x0000, 0x0000, 0x0000,
    0x0000, 0x0000, 0x0000, 0x0000, 0x0000, 0x0000, 0x0000, 0x0000, 0x0000, 0x0000, 0x0000, 0x0000, 0x0000, 0x0000, 0x0000, 0x0000,
    0x0000, 0x0000, 0x0000, 0x0000, 0x0000, 0x0000, 0x0000, 0x0000, 0x0000, 0x0000, 0x0000, 0x0000, 0x0000, 0x0000, 0x0000, 0x0000,
    0x0000, 0x0000, 0x0000, 0x0000, 0x0000, 0x0000, 0x0000, 0x0000, 0x0000, 0x0000, 0x0000, 0x0000, 0x0000, 0x0000, 0x0000, 0x0000,
    0x0000, 0x0000, 0x0000, 0x0000, 0x0000, 0x0000, 0x0000, 0x0000, 0x0000, 0x0000, 0x0000, 0x0000, 0x0000, 0x0000, 0x0000, 0x0000,
    0x0000, 0x0000, 0x0000, 0x0000, 0x0000, 0x0000, 0x0000, 0x0000, 0x0000, 0x0000, 0x0000, 0x0000, 0x0000, 0x0000, 0x0000, 0x0000,
    0x0000, 0x0000, 0xA48F, 0xA4F1, 0xACF1, 0xA4F1, 0x8CAF, 0x748C, 0x6C6A, 0x6469, 0x6C68, 0x7CA8, 0x8D2A, 0x9D4B, 0x8488, 0x4243,
    0x2941, 0x4A24, 0xAC6A, 0xC4AD, 0xCC8E, 0xD48E, 0xD48E, 0xD48E, 0xDC8E, 0xDC8E, 0xDC8E, 0xDC8E, 0xDC8E, 0xDC8E, 0xDC8E, 0xDCAE,
    0xDCAF, 0xDCAF, 0xDCCF, 0xDCCF, 0xDCD0, 0xDCF0, 0xDCF0, 0xD4F1, 0xD511, 0xD511, 0xCD11, 0xCD11, 0xCD10, 0xCD10, 0xCD10, 0xCD31,
    0xCD32, 0xCD32, 0xCD32, 0xC4F0, 0xC44B, 0xC409, 0xCC08, 0xCBE8, 0xCBE8, 0xC409, 0xC40A, 0xBC6C, 0xC4F0, 0xC531, 0xCD52, 0xCD31,
    0xCD10, 0xCCF0, 0xCCEE, 0xCCCE, 0xC4CD, 0xC4CD, 0xCCCE, 0xCCCF, 0xCCCF, 0xD4CF, 0xD4D0, 0xD4D0, 0xD4CF, 0xD4CF, 0xDCCF, 0xDCCF,
    0xDCCF, 0xDCAF, 0xDCAF, 0xDCAF, 0xDC8E, 0xDC8E, 0xDC8E, 0xDC8E, 0xD48E, 0xD48E, 0xCC8D, 0xCC8D, 0xC48C, 0xA429, 0x4A64, 0x31E2,
    0x3202, 0x5304, 0x84A8, 0x954B, 0x954C, 0x84E9, 0x7C88, 0x7C69, 0x8CAB, 0xAD2F, 0xBD72, 0xBD94, 0xBD93, 0xC5B4, 0x0000, 0x0000,
    0x0000, 0x0000, 0x0000, 0x0000, 0x0000, 0x0000, 0x0000, 0x0000, 0x0000, 0x0000, 0x0000, 0x0000, 0x0000, 0x0000, 0x0000, 0x0000,
    0x0000, 0x0000, 0x0000, 0x0000, 0x0000, 0x0000, 0x0000, 0x0000, 0x0000, 0x0000, 0x0000, 0x0000, 0x0000, 0x0000, 0x0000, 0x0000,
    0x0000, 0x0000, 0x0000, 0x0000, 0x0000, 0x0000, 0x0000, 0x0000, 0x0000, 0x0000, 0x0000, 0x0000, 0x0000, 0x0000, 0x0000, 0x0000,
    0x0000, 0x0000, 0x0000, 0x0000, 0x0000, 0x0000, 0x0000, 0x0000, 0x0000, 0x0000, 0x0000, 0x0000, 0x0000, 0x0000, 0x0000, 0x0000,
    0x0000, 0x0000, 0x0000, 0x0000, 0x0000, 0x0000, 0x0000, 0x0000, 0x0000, 0x0000, 0x0000, 0x0000, 0x0000, 0x0000, 0x0000, 0x0000,
    0x0000, 0x0000, 0x0000, 0x0000, 0x0000, 0x0000, 0x0000, 0x0000, 0x0000, 0x0000, 0x0000, 0x0000, 0x0000, 0x0000, 0x0000, 0x0000,
    0x0000, 0x0000, 0x0000, 0x0000, 0x0000, 0x0000, 0x0000, 0x0000, 0x0000, 0x0000, 0x0000, 0x0000, 0x0000, 0x0000, 0x0000, 0x0000,
    0x0000, 0x0000, 0x0000, 0x0000, 0x0000, 0x0000, 0x0000, 0x0000, 0x0000, 0x0000, 0x0000, 0x0000, 0x0000, 0x0000, 0x0000, 0x0000,
    0x0000, 0x0000, 0x0000, 0xA4F1, 0xAC8F, 0xA4F1, 0x9CD0, 0x848D, 0x746B, 0x6C69, 0x6448, 0x6C68, 0x84E9, 0x954C, 0x9D2B, 0x6BC7,
    0x31A2, 0x3182, 0x8BA8, 0xC4AD, 0xCC8E, 0xCC8E, 0xD46E, 0xD46D, 0xD46D, 0xD46D, 0xD46D, 0xD46D, 0xD46D, 0xD46D, 0xDC6D, 0xDC8E,
    0xDC8E, 0xDC8E, 0xDC8E, 0xDCAF, 0xDCAF, 0xD4AF, 0xD4CF, 0xD4CF, 0xCCCF, 0xCCCF, 0xC4CF, 0xC4AD, 0xC48B, 0xC48C, 0xC4AD, 0xC4CE,
    0xC4F0, 0xC511, 0xC511, 0xC511, 0xBCAE, 0xBC4B, 0xBC2A, 0xBC09, 0xBC0A, 0xBC2B, 0xBC6D, 0xBCAF, 0xBCF0, 0xC510, 0xC510, 0xC4F0,
    0xC4CF, 0xC4CD, 0xC4AC, 0xBC4A, 0xC449, 0xC46A, 0xC48C, 0xC48D, 0xCC8E, 0xCC8E, 0xCCAE, 0xD4AF, 0xD4AF, 0xD4AE, 0xD48E, 0xDC8E,
    0xDC8E, 0xDC8E, 0xDC8E, 0xDC8E, 0xDC6D, 0xD46D, 0xD46D, 0xD46D, 0xD48D, 0xD48D, 0xCC8D, 0xCC8C, 0xC4AB, 0x8387, 0x3A03, 0x3202,
    0x4283, 0x7447, 0x952B, 0x9D6C, 0x8D0A, 0x84A8, 0x7C69, 0x848A, 0xA50D, 0xBD71, 0xBD94, 0xCDF6, 0xBD94, 0x0000, 0x0000, 0x0000,
    0x0000, 0x0000, 0x0000, 0x0000, 0x0000, 0x0000, 0x0000, 0x0000, 0x0000, 0x0000, 0x0000, 0x0000, 0x0000, 0x0000, 0x0000, 0x0000,
    0x0000, 0x0000, 0x0000, 0x0000, 0x0000, 0x0000, 0x0000, 0x0000, 0x0000, 0x0000, 0x0000, 0x0000, 0x0000, 0x0000, 0x0000, 0x0000,
    0x0000, 0x0000, 0x0000, 0x0000, 0x0000, 0x0000, 0x0000, 0x0000, 0x0000, 0x0000, 0x0000, 0x0000, 0x0000, 0x0000, 0x0000, 0x0000,
    0x0000, 0x0000, 0x0000, 0x0000, 0x0000, 0x0000, 0x0000, 0x0000, 0x0000, 0x0000, 0x0000, 0x0000, 0x0000, 0x0000, 0x0000, 0x0000,
    0x0000, 0x0000, 0x0000, 0x0000, 0x0000, 0x0000, 0x0000, 0x0000, 0x0000, 0x0000, 0x0000, 0x0000, 0x0000, 0x0000, 0x0000, 0x0000,
    0x0000, 0x0000, 0x0000, 0x0000, 0x0000, 0x0000, 0x0000, 0x0000, 0x0000, 0x0000, 0x0000, 0x0000, 0x0000, 0x0000, 0x0000, 0x0000,
    0x0000, 0x0000, 0x0000, 0x0000, 0x0000, 0x0000, 0x0000, 0x0000, 0x0000, 0x0000, 0x0000, 0x0000, 0x0000, 0x0000, 0x0000, 0x0000,
    0x0000, 0x0000, 0x0000, 0x0000, 0x0000, 0x0000, 0x0000, 0x0000, 0x0000, 0x0000, 0x0000, 0x0000, 0x0000, 0x0000, 0x0000, 0x0000,
    0x0000, 0x0000, 0x0000, 0xA48F, 0xA4F1, 0xA4D1, 0xA4F1, 0x8CCF, 0x7C8C, 0x6C6A, 0x6C49, 0x6C48, 0x7488, 0x8D0A, 0x9D6C, 0x8CEA,
    0x52E5, 0x2962, 0x62A5, 0xB48B, 0xC48D, 0xCC6D, 0xCC6D, 0xD44D, 0xD44D, 0xD44C, 0xD44D, 0xD44D, 0xD44D, 0xD44D, 0xD44D, 0xD46D,
    0xD46D, 0xD46D, 0xDC6D, 0xD48E, 0xD48E, 0xD48E, 0xCCAE, 0xCCAE, 0xCCAE, 0xC4AE, 0xC48C, 0xC46A, 0xBC08, 0xBBE7, 0xBC4A, 0xC4AC,
    0xC4CE, 0xC4EF, 0xC510, 0xC511, 0xC4F1, 0xBCCF, 0xBC8E, 0xBC6D, 0xB46D, 0xBC8E, 0xBCAF, 0xBCCF, 0xBCF0, 0xC4EF, 0xC4CE, 0xC4AD,
    0xC48C, 0xBC2A, 0x8B06, 0x8AE6, 0xB3C7, 0xBC29, 0xC46B, 0xC48C, 0xC48D, 0xCC8D, 0xCC8E, 0xCC8E, 0xD48E, 0xD46E, 0xD46D, 0xD46D,
    0xD46D, 0xD46D, 0xD46D, 0xD46D, 0xD44D, 0xD44C, 0xD44C, 0xD44D, 0xD46D, 0xCC6D, 0xCC8C, 0xC4AC, 0xB46A, 0x5AA4, 0x3202, 0x3A43,
    0x63C6, 0x950B, 0x9D6D, 0x952A, 0x84C8, 0x7C88, 0x846A, 0x9CEC, 0xBD70, 0xBD93, 0xC5B5, 0xBD94, 0xC5D5, 0x0000, 0x0000, 0x0000,
    0x0000, 0x0000, 0x0000, 0x0000, 0x0000, 0x0000, 0x0000, 0x0000, 0x0000, 0x0000, 0x0000, 0x0000, 0x0000, 0x0000, 0x0000, 0x0000,
    0x0000, 0x0000, 0x0000, 0x0000, 0x0000, 0x0000, 0x0000, 0x0000, 0x0000, 0x0000, 0x0000, 0x0000, 0x0000, 0x0000, 0x0000, 0x0000,
    0x0000, 0x0000, 0x0000, 0x0000, 0x0000, 0x0000, 0x0000, 0x0000, 0x0000, 0x0000, 0x0000, 0x0000, 0x0000, 0x0000, 0x0000, 0x0000,
    0x0000, 0x0000, 0x0000, 0x0000, 0x0000, 0x0000, 0x0000, 0x0000, 0x0000, 0x0000, 0x0000, 0x0000, 0x0000, 0x0000, 0x0000, 0x0000,
    0x0000, 0x0000, 0x0000, 0x0000, 0x0000, 0x0000, 0x0000, 0x0000, 0x0000, 0x0000, 0x0000, 0x0000, 0x0000, 0x0000, 0x0000, 0x0000,
    0x0000, 0x0000, 0x0000, 0x0000, 0x0000, 0x0000, 0x0000, 0x0000, 0x0000, 0x0000, 0x0000, 0x0000, 0x0000, 0x0000, 0x0000, 0x0000,
    0x0000, 0x0000, 0x0000, 0x0000, 0x0000, 0x0000, 0x0000, 0x0000, 0x0000, 0x0000, 0x0000, 0x0000, 0x0000, 0x0000, 0x0000, 0x0000,
    0x0000, 0x0000, 0x0000, 0x0000, 0x0000, 0x0000, 0x0000, 0x0000, 0x0000, 0x0000, 0x0000, 0x0000, 0x0000, 0x0000, 0x0000, 0x0000,
    0x0000, 0x0000, 0x0000, 0xA48F, 0xACD0, 0x8DD6, 0xA4F1, 0x9CF0, 0x8CAE, 0x7C8B, 0x6C69, 0x6C48, 0x6C48, 0x7CA8, 0x8D4B, 0x9D6D,
    0x84A9, 0x4A84, 0x39C2, 0x93E8, 0xC4AC, 0xC46D, 0xCC4D, 0xCC4C, 0xD44C, 0xD42C, 0xD42C, 0xD44C, 0xD44C, 0xD44C, 0xD44C, 0xD44C,
    0xD44C, 0xD44C, 0xD44D, 0xD46D, 0xD46D, 0xD48E, 0xCC8E, 0xCC8E, 0xC4AE, 0xC4AD, 0xC48C, 0xBC6A, 0xBC09, 0x9AE6, 0x61E4, 0x8AE6,
    0xBC0A, 0xC46C, 0xC48D, 0xC4AD, 0xC4AE, 0xC4AE, 0xC46D, 0xC44C, 0xC44C, 0xC44C, 0xC46C, 0xC46C, 0xC46C, 0xC46C, 0xC46C, 0xB42B,
    0x7AA6, 0x4163, 0x3902, 0x9328, 0xBC4A, 0xBC4A, 0xBC6B, 0xC48C, 0xC48D, 0xC48D, 0xCC8D, 0xCC8D, 0xD46D, 0xD46D, 0xD44D, 0xD44C,
    0xD44C, 0xD44C, 0xD44C, 0xD44C, 0xD44C, 0xD42C, 0xD44C, 0xD44C, 0xCC4C, 0xCC6C, 0xC48C, 0xC4AB, 0x8BA7, 0x3A23, 0x3A43, 0x5B65,
    0x8CEA, 0xA58E, 0x954B, 0x84C8, 0x7C88, 0x8469, 0x94AB, 0xB54F, 0xBD93, 0xC5B4, 0x0000, 0xC5D5, 0xC5D5, 0x0000, 0x0000, 0x0000,
    0x0000, 0x0000, 0x0000, 0x0000, 0x0000, 0x0000, 0x0000, 0x0000, 0x0000, 0x0000, 0x0000, 0x0000, 0x0000, 0x0000, 0x0000, 0x0000,
    0x0000, 0x0000, 0x0000, 0x0000, 0x0000, 0x0000, 0x0000, 0x0000, 0x0000, 0x0000, 0x0000, 0x0000, 0x0000, 0x0000, 0x0000, 0x0000,
    0x0000, 0x0000, 0x0000, 0x0000, 0x0000, 0x0000, 0x0000, 0x0000, 0x0000, 0x0000, 0x0000, 0x0000, 0x0000, 0x0000, 0x0000, 0x0000,
    0x0000, 0x0000, 0x0000, 0x0000, 0x0000, 0x0000, 0x0000, 0x0000, 0x0000, 0x0000, 0x0000, 0x0000, 0x0000, 0x0000, 0x0000, 0x0000,
    0x0000, 0x0000, 0x0000, 0x0000, 0x0000, 0x0000, 0x0000, 0x0000, 0x0000, 0x0000, 0x0000, 0x0000, 0x0000, 0x0000, 0x0000, 0x0000,
    0x0000, 0x0000, 0x0000, 0x0000, 0x0000, 0x0000, 0x0000, 0x0000, 0x0000, 0x0000, 0x0000, 0x0000, 0x0000, 0x0000, 0x0000, 0x0000,
    0x0000, 0x0000, 0x0000, 0x0000, 0x0000, 0x0000, 0x0000, 0x0000, 0x0000, 0x0000, 0x0000, 0x0000, 0x0000, 0x0000, 0x0000, 0x0000,
    0x0000, 0x0000, 0x0000, 0x0000, 0x0000, 0x0000, 0x0000, 0x0000, 0x0000, 0x0000, 0x0000, 0x0000, 0x0000, 0x0000, 0x0000, 0x0000,
    0x0000, 0x0000, 0x0000, 0x0000, 0xA4F1, 0xACF0, 0xACF0, 0xA4F1, 0x9CCF, 0x84AC, 0x746B, 0x6C49, 0x6C28, 0x7447, 0x7CC9, 0x954D,
    0x9D6D, 0x7C68, 0x4243, 0x5A84, 0xB48A, 0xC48C, 0xC44C, 0xCC4C, 0xCC2B, 0xCC2B, 0xD42B, 0xD42B, 0xD42B, 0xD42B, 0xD42B, 0xD42C,
    0xD42C, 0xD42C, 0xD44C, 0xD44C, 0xD46D, 0xCC6D, 0xCC8D, 0xC48E, 0xC4AE, 0xC4AD, 0xBC8D, 0xBC8C, 0xBC8D, 0xB40C, 0x5164, 0x1881,
    0x6268, 0x9BCD, 0xB44E, 0xBC6D, 0xBC4C, 0xBC2B, 0xBC0A, 0xBBE9, 0xBBE9, 0xBC0B, 0xBC2C, 0xBC6D, 0xBC8F, 0xB4B0, 0x9C50, 0x62AA,
    0x1061, 0x1020, 0x6A26, 0xB44C, 0xBC8D, 0xBC8C, 0xBC8D, 0xBC8D, 0xC48D, 0xC48D, 0xC48D, 0xCC6D, 0xCC6D, 0xD44C, 0xD44C, 0xD42C,
    0xD42C, 0xD42B, 0xD42B, 0xD42B, 0xD42B, 0xD42B, 0xCC2B, 0xCC4B, 0xCC4B, 0xCC6B, 0xC48B, 0xAC49, 0x5284, 0x3A43, 0x5325, 0x8CCA,
    0xA58E, 0x9D4C, 0x84C8, 0x7C88, 0x8469, 0x8CAB, 0xB52E, 0xBD92, 0xC5B4, 0xCDF5, 0xC5D5, 0xC5D5, 0x0000, 0x0000, 0x0000, 0x0000,
    0x0000, 0x0000, 0x0000, 0x0000, 0x0000, 0x0000, 0x0000, 0x0000, 0x0000, 0x0000, 0x0000, 0x0000, 0x0000, 0x0000, 0x0000, 0x0000,
    0x0000, 0x0000, 0x0000, 0x0000, 0x0000, 0x0000, 0x0000, 0x0000, 0x0000, 0x0000, 0x0000, 0x0000, 0x0000, 0x0000, 0x0000, 0x0000,
    0x0000, 0x0000, 0x0000, 0x0000, 0x0000, 0x0000, 0x0000, 0x0000, 0x0000, 0x0000, 0x0000, 0x0000, 0x0000, 0x0000, 0x0000, 0x0000,
    0x0000, 0x0000, 0x0000, 0x0000, 0x0000, 0x0000, 0x0000, 0x0000, 0x0000, 0x0000, 0x0000, 0x0000, 0x0000, 0x0000, 0x0000, 0x0000,
    0x0000, 0x0000, 0x0000, 0x0000, 0x0000, 0x0000, 0x0000, 0x0000, 0x0000, 0x0000, 0x0000, 0x0000, 0x0000, 0x0000, 0x0000, 0x0000,
    0x0000, 0x0000, 0x0000, 0x0000, 0x0000, 0x0000, 0x0000, 0x0000, 0x0000, 0x0000, 0x0000, 0x0000, 0x0000, 0x0000, 0x0000, 0x0000,
    0x0000, 0x0000, 0x0000, 0x0000, 0x0000, 0x0000, 0x0000, 0x0000, 0x0000, 0x0000, 0x0000, 0x0000, 0x0000, 0x0000, 0x0000, 0x0000,
    0x0000, 0x0000, 0x0000, 0x0000, 0x0000, 0x0000, 0x0000, 0x0000, 0x0000, 0x0000, 0x0000, 0x0000, 0x0000, 0x0000, 0x0000, 0x0000,
    0x0000, 0x0000, 0x0000, 0x0000, 0xB40D, 0xA4F1, 0xA4F1, 0xA4F1, 0xA4F1, 0x94CF, 0x848C, 0x746A, 0x6C28, 0x6C27, 0x7467, 0x84E9,
    0x956D, 0x9D6C, 0x7C28, 0x4A44, 0x7B66, 0xBCAB, 0xC46C, 0xC44B, 0xC42B, 0xCC0B, 0xCC0B, 0xCC0B, 0xCC0B, 0xCC0B, 0xCC0B, 0xCC0B,
    0xCC2B, 0xD42B, 0xD42B, 0xCC2C, 0xCC4C, 0xCC6D, 0xC48D, 0xC48D, 0xC4AE, 0xBCAE, 0xBCAE, 0xBCCE, 0xBCCF, 0xC4AF, 0x9B4A, 0x28A1,
    0x1082, 0x2924, 0x5249, 0x6B0B, 0x83CE, 0xA4D2, 0xACF2, 0xA490, 0xACB1, 0xACF2, 0xA4D2, 0x83CE, 0x62EB, 0x5249, 0x2925, 0x1041,
    0x0800, 0x4123, 0xABCB, 0xBCCE, 0xBCAE, 0xBCAE, 0xBCAE, 0xBCAE, 0xBCAE, 0xC48D, 0xC48D, 0xCC6D, 0xCC4C, 0xCC4C, 0xCC2C, 0xCC2B,
    0xCC2B, 0xCC0B, 0xCC0B, 0xCC0B, 0xCC0B, 0xCC2B, 0xCC2B, 0xCC2B, 0xC44B, 0xC46A, 0xBC69, 0x6B05, 0x3A43, 0x5325, 0x84AA, 0xA58E,
    0x9D4C, 0x8CE8, 0x8487, 0x8469, 0x8C8A, 0xAD0D, 0xBD71, 0xBDB4, 0xC5D5, 0xBDB4, 0xC5B5, 0xC572, 0x0000, 0x0000, 0x0000, 0x0000,
    0x0000, 0x0000, 0x0000, 0x0000, 0x0000, 0x0000, 0x0000, 0x0000, 0x0000, 0x0000, 0x0000, 0x0000, 0x0000, 0x0000, 0x0000, 0x0000,
    0x0000, 0x0000, 0x0000, 0x0000, 0x0000, 0x0000, 0x0000, 0x0000, 0x0000, 0x0000, 0x0000, 0x0000, 0x0000, 0x0000, 0x0000, 0x0000,
    0x0000, 0x0000, 0x0000, 0x0000, 0x0000, 0x0000, 0x0000, 0x0000, 0x0000, 0x0000, 0x0000, 0x0000, 0x0000, 0x0000, 0x0000, 0x0000,
    0x0000, 0x0000, 0x0000, 0x0000, 0x0000, 0x0000, 0x0000, 0x0000, 0x0000, 0x0000, 0x0000, 0x0000, 0x0000, 0x0000, 0x0000, 0x0000,
    0x0000, 0x0000, 0x0000, 0x0000, 0x0000, 0x0000, 0x0000, 0x0000, 0x0000, 0x0000, 0x0000, 0x0000, 0x0000, 0x0000, 0x0000, 0x0000,
    0x0000, 0x0000, 0x0000, 0x0000, 0x0000, 0x0000, 0x0000, 0x0000, 0x0000, 0x0000, 0x0000, 0x0000, 0x0000, 0x0000, 0x0000, 0x0000,
    0x0000, 0x0000, 0x0000, 0x0000, 0x0000, 0x0000, 0x0000, 0x0000, 0x0000, 0x0000, 0x0000, 0x0000, 0x0000, 0x0000, 0x0000, 0x0000,
    0x0000, 0x0000, 0x0000, 0x0000, 0x0000, 0x0000, 0x0000, 0x0000, 0x0000, 0x0000, 0x0000, 0x0000, 0x0000, 0x0000, 0x0000, 0x0000,
    0x0000, 0x0000, 0x0000, 0x0000, 0x0000, 0x0000, 0xACD0, 0x87DB, 0xACF1, 0xA4F0, 0x8CCE, 0x7C8B, 0x744A, 0x6C28, 0x6C27, 0x7467,
    0x84E9, 0x956D, 0x9D6D, 0x7C28, 0x5AA4, 0x93E7, 0xBCAB, 0xC44B, 0xC42B, 0xC40A, 0xCC0A, 0xCC0A, 0xCC0A, 0xCC0A, 0xCC0A, 0xCC0A,
    0xCC0B, 0xCC0B, 0xCC2B, 0xCC2C, 0xCC4C, 0xC46D, 0xC48D, 0xC48D, 0xC4AE, 0xBCAE, 0xBCCE, 0xBCCF, 0xBCEF, 0xBCEF, 0xC48E, 0x7A46,
    0x1841, 0x0000, 0x0800, 0x1041, 0x20C3, 0x41C7, 0x5249, 0x41C7, 0x4A08, 0x5228, 0x39A6, 0x20C3, 0x1041, 0x0800, 0x0800, 0x0800,
    0x30A1, 0x9B29, 0xBCAF, 0xBCCF, 0xBCCF, 0xBCCF, 0xBCCE, 0xBCAE, 0xBCAE, 0xC4AD, 0xC48D, 0xC46D, 0xCC4C, 0xCC4C, 0xCC2B, 0xCC0B,
    0xCC0B, 0xCC0B, 0xCC0A, 0xCC0A, 0xCC0A, 0xCC0A, 0xC42A, 0xC42A, 0xC46A, 0xBC89, 0x8366, 0x4243, 0x5B25, 0x8CAA, 0xA58E, 0x954C,
    0x8CC8, 0x8487, 0x8468, 0x8C8A, 0xA50C, 0xBD71, 0xBD93, 0xBDB4, 0xCDF5, 0xBD94, 0x0000, 0x0000, 0x0000, 0x0000, 0x0000, 0x0000,
    0x0000, 0x0000, 0x0000, 0x0000, 0x0000, 0x0000, 0x0000, 0x0000, 0x0000, 0x0000, 0x0000, 0x0000, 0x0000, 0x0000, 0x0000, 0x0000,
    0x0000, 0x0000, 0x0000, 0x0000, 0x0000, 0x0000, 0x0000, 0x0000, 0x0000, 0x0000, 0x0000, 0x0000, 0x0000, 0x0000, 0x0000, 0x0000,
    0x0000, 0x0000, 0x0000, 0x0000, 0x0000, 0x0000, 0x0000, 0x0000, 0x0000, 0x0000, 0x0000, 0x0000, 0x0000, 0x0000, 0x0000, 0x0000,
    0x0000, 0x0000, 0x0000, 0x0000, 0x0000, 0x0000, 0x0000, 0x0000, 0x0000, 0x0000, 0x0000, 0x0000, 0x0000, 0x0000, 0x0000, 0x0000,
    0x0000, 0x0000, 0x0000, 0x0000, 0x0000, 0x0000, 0x0000, 0x0000, 0x0000, 0x0000, 0x0000, 0x0000, 0x0000, 0x0000, 0x0000, 0x0000,
    0x0000, 0x0000, 0x0000, 0x0000, 0x0000, 0x0000, 0x0000, 0x0000, 0x0000, 0x0000, 0x0000, 0x0000, 0x0000, 0x0000, 0x0000, 0x0000,
    0x0000, 0x0000, 0x0000, 0x0000, 0x0000, 0x0000, 0x0000, 0x0000, 0x0000, 0x0000, 0x0000, 0x0000, 0x0000, 0x0000, 0x0000, 0x0000,
    0x0000, 0x0000, 0x0000, 0x0000, 0x0000, 0x0000, 0x0000, 0x0000, 0x0000, 0x0000, 0x0000, 0x0000, 0x0000, 0x0000, 0x0000, 0x0000,
    0x0000, 0x0000, 0x0000, 0x0000, 0x0000, 0x0000, 0x9533, 0xACF0, 0xACD0, 0xACF1, 0xA4F0, 0x8CAD, 0x7C8B, 0x7449, 0x6C27, 0x6C26,
    0x7466, 0x84E9, 0x956D, 0x9D8D, 0x8449, 0x6B05, 0x9C08, 0xBC8B, 0xC44B, 0xC42A, 0xC40A, 0xC40A, 0xC40A, 0xCC0A, 0xCC0A, 0xCC0A,
    0xCC0A, 0xCC0B, 0xCC2B, 0xC42B, 0xC44C, 0xC46C, 0xC48D, 0xC48D, 0xBCAE, 0xBCCE, 0xBCCF, 0xBCEF, 0xBCF0, 0xBCF0, 0xC4F0, 0xC42D,
    0x61A4, 0x1020, 0x0820, 0x1020, 0x1020, 0x1820, 0x1020, 0x1020, 0x1020, 0x1820, 0x1840, 0x2040, 0x1840, 0x1840, 0x1020, 0x30A1,
    0x92A7, 0xBCAE, 0xBCF0, 0xBCF0, 0xBCEF, 0xBCEF, 0xBCCF, 0xBCCE, 0xBCAE, 0xC4AE, 0xC48D, 0xC46D, 0xC44C, 0xCC2B, 0xCC2B, 0xCC0B,
    0xCC0A, 0xCC0A, 0xCC0A, 0xC40A, 0xC40A, 0xC40A, 0xC42A, 0xC449, 0xBC69, 0x8386, 0x4A83, 0x5B45, 0x94CB, 0xA58E, 0x954B, 0x8CC7,
    0x8487, 0x8468, 0x8C8A, 0xAD0C, 0xBD50, 0xBD93, 0xC5B4, 0xAC4F, 0xC5B5, 0xC5F6, 0x0000, 0x0000, 0x0000, 0x0000, 0x0000, 0x0000,
    0x0000, 0x0000, 0x0000, 0x0000, 0x0000, 0x0000, 0x0000, 0x0000, 0x0000, 0x0000, 0x0000, 0x0000, 0x0000, 0x0000, 0x0000, 0x0000,
    0x0000, 0x0000, 0x0000, 0x0000, 0x0000, 0x0000, 0x0000, 0x0000, 0x0000, 0x0000, 0x0000, 0x0000, 0x0000, 0x0000, 0x0000, 0x0000,
    0x0000, 0x0000, 0x0000, 0x0000, 0x0000, 0x0000, 0x0000, 0x0000, 0x0000, 0x0000, 0x0000, 0x0000, 0x0000, 0x0000, 0x0000, 0x0000,
    0x0000, 0x0000, 0x0000, 0x0000, 0x0000, 0x0000, 0x0000, 0x0000, 0x0000, 0x0000, 0x0000, 0x0000, 0x0000, 0x0000, 0x0000, 0x0000,
    0x0000, 0x0000, 0x0000, 0x0000, 0x0000, 0x0000, 0x0000, 0x0000, 0x0000, 0x0000, 0x0000, 0x0000, 0x0000, 0x0000, 0x0000, 0x0000,
    0x0000, 0x0000, 0x0000, 0x0000, 0x0000, 0x0000, 0x0000, 0x0000, 0x0000, 0x0000, 0x0000, 0x0000, 0x0000, 0x0000, 0x0000, 0x0000,
    0x0000, 0x0000, 0x0000, 0x0000, 0x0000, 0x0000, 0x0000, 0x0000, 0x0000, 0x0000, 0x0000, 0x0000, 0x0000, 0x0000, 0x0000, 0x0000,
    0x0000, 0x0000, 0x0000, 0x0000, 0x0000, 0x0000, 0x0000, 0x0000, 0x0000, 0x0000, 0x0000, 0x0000, 0x0000, 0x0000, 0x0000, 0x0000,
    0x0000, 0x0000, 0x0000, 0x0000, 0x0000, 0x0000, 0xACD0, 0x9DB4, 0xACF1, 0xACF1, 0xAD11, 0xA4F0, 0x8CAD, 0x848B, 0x7C49, 0x7427,
    0x6C26, 0x7466, 0x84E9, 0x956C, 0x9D6E, 0x846A, 0x7346, 0x9BC7, 0xBC6A, 0xBC4A, 0xC42A, 0xC40A, 0xC40A, 0xC40A, 0xC40A, 0xC40A,
    0xC40A, 0xC42A, 0xC42B, 0xC42B, 0xC44C, 0xC46C, 0xC46D, 0xC48D, 0xBCAE, 0xBCCE, 0xBCCF, 0xBCEF, 0xBCF0, 0xBCF0, 0xBCF0, 0xCCD0,
    0xBBCB, 0x6184, 0x2061, 0x2841, 0x3081, 0x3881, 0x3081, 0x2861, 0x3061, 0x3081, 0x3881, 0x3881, 0x3061, 0x3061, 0x5102, 0x9AA7,
    0xC46E, 0xBCF0, 0xBCF0, 0xBCF0, 0xBCF0, 0xBCEF, 0xBCCF, 0xBCCE, 0xBCAE, 0xC4AD, 0xC48D, 0xC46C, 0xC44C, 0xC42B, 0xC42B, 0xC42A,
    0xC40A, 0xC40A, 0xC40A, 0xC40A, 0xC409, 0xC429, 0xC449, 0xB448, 0x8366, 0x52A3, 0x6386, 0x94EB, 0xA56D, 0x952A, 0x8CA7, 0x8466,
    0x8468, 0x94AA, 0xAD2C, 0xB550, 0xBD73, 0xC5B5, 0xCDD5, 0xC5B4, 0xCDF6, 0xACF1, 0x0000, 0x0000, 0x0000, 0x0000, 0x0000, 0x0000,
    0x0000, 0x0000, 0x0000, 0x0000, 0x0000, 0x0000, 0x0000, 0x0000, 0x0000, 0x0000, 0x0000, 0x0000, 0x0000, 0x0000, 0x0000, 0x0000,
    0x0000, 0x0000, 0x0000, 0x0000, 0x0000, 0x0000, 0x0000, 0x0000, 0x0000, 0x0000, 0x0000, 0x0000, 0x0000, 0x0000, 0x0000, 0x0000,
    0x0000, 0x0000, 0x0000, 0x0000, 0x0000, 0x0000, 0x0000, 0x0000, 0x0000, 0x0000, 0x0000, 0x0000, 0x0000, 0x0000, 0x0000, 0x0000,
    0x0000, 0x0000, 0x0000, 0x0000, 0x0000, 0x0000, 0x0000, 0x0000, 0x0000, 0x0000, 0x0000, 0x0000, 0x0000, 0x0000, 0x0000, 0x0000,
    0x0000, 0x0000, 0x0000, 0x0000, 0x0000, 0x0000, 0x0000, 0x0000, 0x0000, 0x0000, 0x0000, 0x0000, 0x0000, 0x0000, 0x0000, 0x0000,
    0x0000, 0x0000, 0x0000, 0x0000, 0x0000, 0x0000, 0x0000, 0x0000, 0x0000, 0x0000, 0x0000, 0x0000, 0x0000, 0x0000, 0x0000, 0x0000,
    0x0000, 0x0000, 0x0000, 0x0000, 0x0000, 0x0000, 0x0000, 0x0000, 0x0000, 0x0000, 0x0000, 0x0000, 0x0000, 0x0000, 0x0000, 0x0000,
    0x0000, 0x0000, 0x0000, 0x0000, 0x0000, 0x0000, 0x0000, 0x0000, 0x0000, 0x0000, 0x0000, 0x0000, 0x0000, 0x0000, 0x0000, 0x0000,
    0x0000, 0x0000, 0x0000, 0x0000, 0x0000, 0x0000, 0x0000, 0x0000, 0xAD11, 0xAD11, 0xACF1, 0xAD11, 0xA4F0, 0x94AD, 0x848B, 0x7C49,
    0x7427, 0x6C26, 0x7446, 0x84C8, 0x954B, 0x9D6E, 0x8CAC, 0x7367, 0x8B86, 0xB428, 0xBC4A, 0xBC2A, 0xBC2A, 0xC42A, 0xC42A, 0xC42A,
    0xC42A, 0xC42A, 0xC42A, 0xC42B, 0xC44B, 0xBC6C, 0xBC6C, 0xBC8D, 0xBCAD, 0xBCCE, 0xBCCF, 0xBCEF, 0xBCF0, 0xBCF0, 0xBCF0, 0xC4F0,
    0xCCAF, 0xC3AA, 0x8204, 0x5102, 0x5102, 0x5943, 0x5102, 0x48E2, 0x48E2, 0x50E2, 0x5102, 0x50E1, 0x5102, 0x79E4, 0xBB48, 0xCC6D,
    0xC4EF, 0xBCF0, 0xBD10, 0xBD10, 0xBCF0, 0xBCEF, 0xBCCF, 0xBCCE, 0xBCAE, 0xBCAD, 0xC48D, 0xC46C, 0xC44C, 0xC44B, 0xC42A, 0xC42A,
    0xC42A, 0xC40A, 0xC409, 0xC429, 0xC449, 0xC469, 0xAC27, 0x7345, 0x5AE4, 0x73E7, 0x94EB, 0x9D4C, 0x94E8, 0x8486, 0x8466, 0x8467,
    0x9CAA, 0xB50C, 0xB550, 0xBD73, 0xBDB4, 0xDE78, 0xC5D4, 0xC5D4, 0x0000, 0x0000, 0x0000, 0x0000, 0x0000, 0x0000, 0x0000, 0x0000,
    0x0000, 0x0000, 0x0000, 0x0000, 0x0000, 0x0000, 0x0000, 0x0000, 0x0000, 0x0000, 0x0000, 0x0000, 0x0000, 0x0000, 0x0000, 0x0000,
    0x0000, 0x0000, 0x0000, 0x0000, 0x0000, 0x0000, 0x0000, 0x0000, 0x0000, 0x0000, 0x0000, 0x0000, 0x0000, 0x0000, 0x0000, 0x0000,
    0x0000, 0x0000, 0x0000, 0x0000, 0x0000, 0x0000, 0x0000, 0x0000, 0x0000, 0x0000, 0x0000, 0x0000, 0x0000, 0x0000, 0x0000, 0x0000,
    0x0000, 0x0000, 0x0000, 0x0000, 0x0000, 0x0000, 0x0000, 0x0000, 0x0000, 0x0000, 0x0000, 0x0000, 0x0000, 0x0000, 0x0000, 0x0000,
    0x0000, 0x0000, 0x0000, 0x0000, 0x0000, 0x0000, 0x0000, 0x0000, 0x0000, 0x0000, 0x0000, 0x0000, 0x0000, 0x0000, 0x0000, 0x0000,
    0x0000, 0x0000, 0x0000, 0x0000, 0x0000, 0x0000, 0x0000, 0x0000, 0x0000, 0x0000, 0x0000, 0x0000, 0x0000, 0x0000, 0x0000, 0x0000,
    0x0000, 0x0000, 0x0000, 0x0000, 0x0000, 0x0000, 0x0000, 0x0000, 0x0000, 0x0000, 0x0000, 0x0000, 0x0000, 0x0000, 0x0000, 0x0000,
    0x0000, 0x0000, 0x0000, 0x0000, 0x0000, 0x0000, 0x0000, 0x0000, 0x0000, 0x0000, 0x0000, 0x0000, 0x0000, 0x0000, 0x0000, 0x0000,
    0x0000, 0x0000, 0x0000, 0x0000, 0x0000, 0x0000, 0x0000, 0x0000, 0xAC2D, 0xACD0, 0xB553, 0xAD11, 0xAD11, 0xA4F0, 0x94AD, 0x8C8B,
    0x7C6A, 0x7427, 0x7406, 0x7425, 0x7C87, 0x8D0A, 0x954D, 0x8CAB, 0x7387, 0x7B25, 0x9BC7, 0xB449, 0xBC4A, 0xBC2A, 0xBC2A, 0xBC2A,
    0xBC2A, 0xBC2A, 0xBC2A, 0xBC4B, 0xBC4B, 0xBC6C, 0xBC6C, 0xBC8D, 0xBCAD, 0xBCAE, 0xBCCE, 0xBCEF, 0xBCEF, 0xBCF0, 0xBCF0, 0xBCF0,
    0xC4F0, 0xCC8E, 0xCBCA, 0xBB07, 0x9A86, 0x8A67, 0x8287, 0x7A26, 0x7A46, 0x8267, 0x8A87, 0xA2A6, 0xBB28, 0xD3CA, 0xCC4C, 0xC4CF,
    0xC4F0, 0xBD10, 0xBD10, 0xBCF0, 0xBCEF, 0xBCEF, 0xBCCF, 0xBCCE, 0xBCAD, 0xBC8D, 0xBC8C, 0xBC6C, 0xC46B, 0xC44B, 0xC42A, 0xC42A,
    0xC42A, 0xBC29, 0xC449, 0xC449, 0xB448, 0x93A6, 0x6B04, 0x6366, 0x8469, 0x950A, 0x9509, 0x8CA6, 0x8445, 0x8446, 0x8C67, 0xA4CA,
    0xB52D, 0xB551, 0xBD73, 0xBD94, 0xCDF5, 0xC5D5, 0xBD94, 0x0000, 0x0000, 0x0000, 0x0000, 0x0000, 0x0000, 0x0000, 0x0000, 0x0000,
    0x0000, 0x0000, 0x0000, 0x0000, 0x0000, 0x0000, 0x0000, 0x0000, 0x0000, 0x0000, 0x0000, 0x0000, 0x0000, 0x0000, 0x0000, 0x0000,
    0x0000, 0x0000, 0x0000, 0x0000, 0x0000, 0x0000, 0x0000, 0x0000, 0x0000, 0x0000, 0x0000, 0x0000, 0x0000, 0x0000, 0x0000, 0x0000,
    0x0000, 0x0000, 0x0000, 0x0000, 0x0000, 0x0000, 0x0000, 0x0000, 0x0000, 0x0000, 0x0000, 0x0000, 0x0000, 0x0000, 0x0000, 0x0000,
    0x0000, 0x0000, 0x0000, 0x0000, 0x0000, 0x0000, 0x0000, 0x0000, 0x0000, 0x0000, 0x0000, 0x0000, 0x0000, 0x0000, 0x0000, 0x0000,
    0x0000, 0x0000, 0x0000, 0x0000, 0x0000, 0x0000, 0x0000, 0x0000, 0x0000, 0x0000, 0x0000, 0x0000, 0x0000, 0x0000, 0x0000, 0x0000,
    0x0000, 0x0000, 0x0000, 0x0000, 0x0000, 0x0000, 0x0000, 0x0000, 0x0000, 0x0000, 0x0000, 0x0000, 0x0000, 0x0000, 0x0000, 0x0000,
    0x0000, 0x0000, 0x0000, 0x0000, 0x0000, 0x0000, 0x0000, 0x0000, 0x0000, 0x0000, 0x0000, 0x0000, 0x0000, 0x0000, 0x0000, 0x0000,
    0x0000, 0x0000, 0x0000, 0x0000, 0x0000, 0x0000, 0x0000, 0x0000, 0x0000, 0x0000, 0x0000, 0x0000, 0x0000, 0x0000, 0x0000, 0x0000,
    0x0000, 0x0000, 0x0000, 0x0000, 0x0000, 0x0000, 0x0000, 0x0000, 0x0000, 0xAD11, 0xA4AF, 0xFFBD, 0xACF1, 0xAD11, 0xA4F0, 0x94CE,
    0x8C8C, 0x846A, 0x7427, 0x7406, 0x7405, 0x7C46, 0x8CC8, 0x8CEA, 0x84AA, 0x7BE9, 0x7326, 0x8345, 0xA3E7, 0xBC49, 0xBC4A, 0xBC4A,
    0xBC4A, 0xBC4A, 0xBC4A, 0xBC4B, 0xBC4B, 0xBC6B, 0xBC6C, 0xBC8C, 0xBC8D, 0xBCAD, 0xBCCE, 0xBCCE, 0xBCEF, 0xBCEF, 0xBCF0, 0xBCF0,
    0xBCF0, 0xC4CF, 0xCC6D, 0xD3EA, 0xD3C9, 0xCBCA, 0xCBEB, 0xC3EB, 0xCBEB, 0xCC0B, 0xD40B, 0xD3EA, 0xD3EA, 0xCC4B, 0xC4CE, 0xC4EF,
    0xBD10, 0xBD10, 0xBD10, 0xBCEF, 0xBCEF, 0xBCCF, 0xBCCE, 0xBCAE, 0xBCAD, 0xBC8C, 0xBC8C, 0xBC6B, 0xBC6B, 0xBC4A, 0xBC4A, 0xBC49,
    0xBC49, 0xBC48, 0xB448, 0x9BC6, 0x7B45, 0x6B46, 0x7C29, 0x8CCA, 0x94E9, 0x8CA7, 0x8465, 0x7C24, 0x7C25, 0x8C88, 0xA4EA, 0xB52E,
    0xB551, 0xBD73, 0xC5B4, 0xC5B4, 0xC5B4, 0xB574, 0xC5D5, 0x0000, 0x0000, 0x0000, 0x0000, 0x0000, 0x0000, 0x0000, 0x0000, 0x0000,
    0x0000, 0x0000, 0x0000, 0x0000, 0x0000, 0x0000, 0x0000, 0x0000, 0x0000, 0x0000, 0x0000, 0x0000, 0x0000, 0x0000, 0x0000, 0x0000,
    0x0000, 0x0000, 0x0000, 0x0000, 0x0000, 0x0000, 0x0000, 0x0000, 0x0000, 0x0000, 0x0000, 0x0000, 0x0000, 0x0000, 0x0000, 0x0000,
    0x0000, 0x0000, 0x0000, 0x0000, 0x0000, 0x0000, 0x0000, 0x0000, 0x0000, 0x0000, 0x0000, 0x0000, 0x0000, 0x0000, 0x0000, 0x0000,
    0x0000, 0x0000, 0x0000, 0x0000, 0x0000, 0x0000, 0x0000, 0x0000, 0x0000, 0x0000, 0x0000, 0x0000, 0x0000, 0x0000, 0x0000, 0x0000,
    0x0000, 0x0000, 0x0000, 0x0000, 0x0000, 0x0000, 0x0000, 0x0000, 0x0000, 0x0000, 0x0000, 0x0000, 0x0000, 0x0000, 0x0000, 0x0000,
    0x0000, 0x0000, 0x0000, 0x0000, 0x0000, 0x0000, 0x0000, 0x0000, 0x0000, 0x0000, 0x0000, 0x0000, 0x0000, 0x0000, 0x0000, 0x0000,
    0x0000, 0x0000, 0x0000, 0x0000, 0x0000, 0x0000, 0x0000, 0x0000, 0x0000, 0x0000, 0x0000, 0x0000, 0x0000, 0x0000, 0x0000, 0x0000,
    0x0000, 0x0000, 0x0000, 0x0000, 0x0000, 0x0000, 0x0000, 0x0000, 0x0000, 0x0000, 0x0000, 0x0000, 0x0000, 0x0000, 0x0000, 0x0000,
    0x0000, 0x0000, 0x0000, 0x0000, 0x0000, 0x0000, 0x0000, 0x0000, 0x0000, 0x0000, 0xA48F, 0x942D, 0xC5B4, 0xAD11, 0xB532, 0xAD11,
    0x9CCE, 0x8C8C, 0x846A, 0x7C28, 0x7405, 0x6C05, 0x7404, 0x8466, 0x84C8, 0x84A9, 0x7C29, 0x7388, 0x7326, 0x8345, 0xA3E7, 0xB449,
    0xBC6A, 0xBC6A, 0xBC4A, 0xBC4A, 0xBC6B, 0xBC6B, 0xBC6B, 0xBC8C, 0xBC8C, 0xBCAD, 0xBCAD, 0xBCCE, 0xBCCE, 0xBCCF, 0xBCEF, 0xBCEF,
    0xBCEF, 0xBCEF, 0xBCCE, 0xC46C, 0xCBE9, 0xD3A8, 0xD3A8, 0xD3C9, 0xD3C9, 0xD3C9, 0xD3C8, 0xCBE9, 0xC46B, 0xC4CE, 0xBCEF, 0xBCF0,
    0xBCF0, 0xBCF0, 0xBCEF, 0xBCEF, 0xBCCE, 0xBCCE, 0xBCAD, 0xBCAD, 0xBC8C, 0xBC8C, 0xBC8B, 0xBC6B, 0xBC6A, 0xBC6A, 0xC469, 0xBC68,
    0xB427, 0x9BC6, 0x7B45, 0x7366, 0x7C09, 0x8CAB, 0x94E9, 0x8CA7, 0x8465, 0x7C24, 0x7C04, 0x8446, 0x9CA8, 0xAD0B, 0xB52F, 0xB552,
    0xBD73, 0xC5B4, 0xBD94, 0xC5B4, 0xC593, 0x0000, 0x0000, 0x0000, 0x0000, 0x0000, 0x0000, 0x0000, 0x0000, 0x0000, 0x0000, 0x0000,
    0x0000, 0x0000, 0x0000, 0x0000, 0x0000, 0x0000, 0x0000, 0x0000, 0x0000, 0x0000, 0x0000, 0x0000, 0x0000, 0x0000, 0x0000, 0x0000,
    0x0000, 0x0000, 0x0000, 0x0000, 0x0000, 0x0000, 0x0000, 0x0000, 0x0000, 0x0000, 0x0000, 0x0000, 0x0000, 0x0000, 0x0000, 0x0000,
    0x0000, 0x0000, 0x0000, 0x0000, 0x0000, 0x0000, 0x0000, 0x0000, 0x0000, 0x0000, 0x0000, 0x0000, 0x0000, 0x0000, 0x0000, 0x0000,
    0x0000, 0x0000, 0x0000, 0x0000, 0x0000, 0x0000, 0x0000, 0x0000, 0x0000, 0x0000, 0x0000, 0x0000, 0x0000, 0x0000, 0x0000, 0x0000,
    0x0000, 0x0000, 0x0000, 0x0000, 0x0000, 0x0000, 0x0000, 0x0000, 0x0000, 0x0000, 0x0000, 0x0000, 0x0000, 0x0000, 0x0000, 0x0000,
    0x0000, 0x0000, 0x0000, 0x0000, 0x0000, 0x0000, 0x0000, 0x0000, 0x0000, 0x0000, 0x0000, 0x0000, 0x0000, 0x0000, 0x0000, 0x0000,
    0x0000, 0x0000, 0x0000, 0x0000, 0x0000, 0x0000, 0x0000, 0x0000, 0x0000, 0x0000, 0x0000, 0x0000, 0x0000, 0x0000, 0x0000, 0x0000,
    0x0000, 0x0000, 0x0000, 0x0000, 0x0000, 0x0000, 0x0000, 0x0000, 0x0000, 0x0000, 0x0000, 0x0000, 0x0000, 0x0000, 0x0000, 0x0000,
    0x0000, 0x0000, 0x0000, 0x0000, 0x0000, 0x0000, 0x0000, 0x0000, 0x0000, 0x0000, 0x0000, 0xA4AF, 0xA4B0, 0xBD73, 0xB512, 0xB532,
    0xAD31, 0x9CCF, 0x94AC, 0x8C6B, 0x7C48, 0x7405, 0x6BE4, 0x73E4, 0x7C24, 0x8466, 0x8487, 0x7C68, 0x7C29, 0x6B88, 0x6B26, 0x7B45,
    0x93A6, 0xAC07, 0xBC49, 0xBC69, 0xBC6A, 0xBC6A, 0xBC6A, 0xBC8B, 0xBC8B, 0xBC8C, 0xBC8C, 0xBCAD, 0xBCAD, 0xBCCE, 0xBCCE, 0xBCCF,
    0xBCCF, 0xBCCF, 0xBCCE, 0xBCAE, 0xC48D, 0xC44B, 0xCC09, 0xCBE8, 0xCBE8, 0xCC09, 0xC44B, 0xC4AC, 0xBCCE, 0xBCCF, 0xBCEF, 0xBCEF,
    0xBCEF, 0xBCEF, 0xBCCE, 0xBCCE, 0xBCAD, 0xBCAD, 0xBCAC, 0xBC8C, 0xBC8B, 0xBC8B, 0xBC8A, 0xBC8A, 0xBC69, 0xB448, 0xA3E7, 0x8BA6,
    0x7B67, 0x7BA8, 0x844A, 0x94CB, 0x8CC9, 0x8C86, 0x8444, 0x7C03, 0x7C03, 0x7C04, 0x8C46, 0xA4C9, 0xAD0C, 0xAD30, 0xB552, 0xBD73,
    0xC5D5, 0xBD94, 0xC5D5, 0xC5B4, 0x0000, 0x0000, 0x0000, 0x0000, 0x0000, 0x0000, 0x0000, 0x0000, 0x0000, 0x0000, 0x0000, 0x0000,
    0x0000, 0x0000, 0x0000, 0x0000, 0x0000, 0x0000, 0x0000, 0x0000, 0x0000, 0x0000, 0x0000, 0x0000, 0x0000, 0x0000, 0x0000, 0x0000,
    0x0000, 0x0000, 0x0000, 0x0000, 0x0000, 0x0000, 0x0000, 0x0000, 0x0000, 0x0000, 0x0000, 0x0000, 0x0000, 0x0000, 0x0000, 0x0000,
    0x0000, 0x0000, 0x0000, 0x0000, 0x0000, 0x0000, 0x0000, 0x0000, 0x0000, 0x0000, 0x0000, 0x0000, 0x0000, 0x0000, 0x0000, 0x0000,
    0x0000, 0x0000, 0x0000, 0x0000, 0x0000, 0x0000, 0x0000, 0x0000, 0x0000, 0x0000, 0x0000, 0x0000, 0x0000, 0x0000, 0x0000, 0x0000,
    0x0000, 0x0000, 0x0000, 0x0000, 0x0000, 0x0000, 0x0000, 0x0000, 0x0000, 0x0000, 0x0000, 0x0000, 0x0000, 0x0000, 0x0000, 0x0000,
    0x0000, 0x0000, 0x0000, 0x0000, 0x0000, 0x0000, 0x0000, 0x0000, 0x0000, 0x0000, 0x0000, 0x0000, 0x0000, 0x0000, 0x0000, 0x0000,
    0x0000, 0x0000, 0x0000, 0x0000, 0x0000, 0x0000, 0x0000, 0x0000, 0x0000, 0x0000, 0x0000, 0x0000, 0x0000, 0x0000, 0x0000, 0x0000,
    0x0000, 0x0000, 0x0000, 0x0000, 0x0000, 0x0000, 0x0000, 0x0000, 0x0000, 0x0000, 0x0000, 0x0000, 0x0000, 0x0000, 0x0000, 0x0000,
    0x0000, 0x0000, 0x0000, 0x0000, 0x0000, 0x0000, 0x0000, 0x0000, 0x0000, 0x0000, 0x0000, 0x0000, 0xB532, 0xACD0, 0xB532, 0xB512,
    0xB553, 0xAD31, 0xA4EF, 0x94AD, 0x8C6B, 0x8449, 0x7406, 0x6BE4, 0x6BC3, 0x73E3, 0x7C03, 0x7C45, 0x7C66, 0x7C68, 0x7C49, 0x73C8,
    0x6B67, 0x7326, 0x8345, 0x93A6, 0xAC07, 0xB448, 0xBC69, 0xBC6A, 0xBC8A, 0xBC8B, 0xBC8B, 0xBC8C, 0xBCAC, 0xBCAC, 0xBCAD, 0xBCAD,
    0xBCCE, 0xBCCE, 0xBCCE, 0xBCAE, 0xBCAD, 0xBC8D, 0xBC8C, 0xBC8C, 0xBC8C, 0xBC8D, 0xBCAD, 0xBCAE, 0xBCCE, 0xBCCF, 0xBCEF, 0xBCEE,
    0xBCCE, 0xBCCD, 0xBCAD, 0xBCAC, 0xBCAC, 0xBC8B, 0xBC8B, 0xBC8A, 0xBC89, 0xBC89, 0xB448, 0xA407, 0x93A6, 0x8386, 0x7BA7, 0x8409,
    0x8C8B, 0x94CA, 0x8CA8, 0x8465, 0x7C24, 0x7C03, 0x73E3, 0x7C03, 0x8424, 0x9466, 0xA4C9, 0xAD0E, 0xAD11, 0xB552, 0xBD73, 0xCDD5,
    0xBD94, 0xC5D5, 0xC5B4, 0x0000, 0x0000, 0x0000, 0x0000, 0x0000, 0x0000, 0x0000, 0x0000, 0x0000, 0x0000, 0x0000, 0x0000, 0x0000,
    0x0000, 0x0000, 0x0000, 0x0000, 0x0000, 0x0000, 0x0000, 0x0000, 0x0000, 0x0000, 0x0000, 0x0000, 0x0000, 0x0000, 0x0000, 0x0000,
    0x0000, 0x0000, 0x0000, 0x0000, 0x0000, 0x0000, 0x0000, 0x0000, 0x0000, 0x0000, 0x0000, 0x0000, 0x0000, 0x0000, 0x0000, 0x0000,
    0x0000, 0x0000, 0x0000, 0x0000, 0x0000, 0x0000, 0x0000, 0x0000, 0x0000, 0x0000, 0x0000, 0x0000, 0x0000, 0x0000, 0x0000, 0x0000,
    0x0000, 0x0000, 0x0000, 0x0000, 0x0000, 0x0000, 0x0000, 0x0000, 0x0000, 0x0000, 0x0000, 0x0000, 0x0000, 0x0000, 0x0000, 0x0000,
    0x0000, 0x0000, 0x0000, 0x0000, 0x0000, 0x0000, 0x0000, 0x0000, 0x0000, 0x0000, 0x0000, 0x0000, 0x0000, 0x0000, 0x0000, 0x0000,
    0x0000, 0x0000, 0x0000, 0x0000, 0x0000, 0x0000, 0x0000, 0x0000, 0x0000, 0x0000, 0x0000, 0x0000, 0x0000, 0x0000, 0x0000, 0x0000,
    0x0000, 0x0000, 0x0000, 0x0000, 0x0000, 0x0000, 0x0000, 0x0000, 0x0000, 0x0000, 0x0000, 0x0000, 0x0000, 0x0000, 0x0000, 0x0000,
    0x0000, 0x0000, 0x0000, 0x0000, 0x0000, 0x0000, 0x0000, 0x0000, 0x0000, 0x0000, 0x0000, 0x0000, 0x0000, 0x0000, 0x0000, 0x0000,
    0x0000, 0x0000, 0x0000, 0x0000, 0x0000, 0x0000, 0x0000, 0x0000, 0x0000, 0x0000, 0x0000, 0x0000, 0x0000, 0x0000, 0xB512, 0xB532,
    0xB533, 0xB552, 0xB532, 0xA510, 0x9CCE, 0x8C8C, 0x846A, 0x7C27, 0x73E4, 0x6BC3, 0x6BC2, 0x73C2, 0x73E3, 0x7C24, 0x7C66, 0x7C67,
    0x7C48, 0x7408, 0x73A7, 0x7366, 0x7326, 0x7B45, 0x93A6, 0xA407, 0xB428, 0xBC69, 0xBC69, 0xBC8A, 0xBC8B, 0xBC8B, 0xBC8C, 0xBC8C,
    0xBCAD, 0xBCAD, 0xBCAE, 0xBCAE, 0xBCAE, 0xBCAD, 0xBC8D, 0xBC8D, 0xBC8D, 0xBC8D, 0xBCAE, 0xBCAE, 0xBCCE, 0xBCCE, 0xBCCE, 0xBCCD,
    0xBCAC, 0xBCAC, 0xBCAB, 0xBC8A, 0xBC8A, 0xBC89, 0xB468, 0xAC27, 0x9BC6, 0x8B86, 0x7B66, 0x7BA8, 0x8409, 0x8C6A, 0x8CAA, 0x8CA9,
    0x8C86, 0x8444, 0x7C03, 0x73E2, 0x73E2, 0x73E2, 0x7C03, 0x8C44, 0x9CA6, 0xACEB, 0xAD0F, 0xB511, 0xB532, 0xBD73, 0xB532, 0xC5B4,
    0xBD93, 0x0000, 0x0000, 0x0000, 0x0000, 0x0000, 0x0000, 0x0000, 0x0000, 0x0000, 0x0000, 0x0000, 0x0000, 0x0000, 0x0000, 0x0000,
    0x0000, 0x0000, 0x0000, 0x0000, 0x0000, 0x0000, 0x0000, 0x0000, 0x0000, 0x0000, 0x0000, 0x0000, 0x0000, 0x0000, 0x0000, 0x0000,
    0x0000, 0x0000, 0x0000, 0x0000, 0x0000, 0x0000, 0x0000, 0x0000, 0x0000, 0x0000, 0x0000, 0x0000, 0x0000, 0x0000, 0x0000, 0x0000,
    0x0000, 0x0000, 0x0000, 0x0000, 0x0000, 0x0000, 0x0000, 0x0000, 0x0000, 0x0000, 0x0000, 0x0000, 0x0000, 0x0000, 0x0000, 0x0000,
    0x0000, 0x0000, 0x0000, 0x0000, 0x0000, 0x0000, 0x0000, 0x0000, 0x0000, 0x0000, 0x0000, 0x0000, 0x0000, 0x0000, 0x0000, 0x0000,
    0x0000, 0x0000, 0x0000, 0x0000, 0x0000, 0x0000, 0x0000, 0x0000, 0x0000, 0x0000, 0x0000, 0x0000, 0x0000, 0x0000, 0x0000, 0x0000,
    0x0000, 0x0000, 0x0000, 0x0000, 0x0000, 0x0000, 0x0000, 0x0000, 0x0000, 0x0000, 0x0000, 0x0000, 0x0000, 0x0000, 0x0000, 0x0000,
    0x0000, 0x0000, 0x0000, 0x0000, 0x0000, 0x0000, 0x0000, 0x0000, 0x0000, 0x0000, 0x0000, 0x0000, 0x0000, 0x0000, 0x0000, 0x0000,
    0x0000, 0x0000, 0x0000, 0x0000, 0x0000, 0x0000, 0x0000, 0x0000, 0x0000, 0x0000, 0x0000, 0x0000, 0x0000, 0x0000, 0x0000, 0x0000,
    0x0000, 0x0000, 0x0000, 0x0000, 0x0000, 0x0000, 0x0000, 0x0000, 0x0000, 0x0000, 0x0000, 0x0000, 0x0000, 0x0000, 0x0000, 0xBD73,
    0xB553, 0xAD32, 0xB532, 0xB532, 0xAD11, 0xA4EF, 0x94AD, 0x8C6B, 0x8449, 0x7C05, 0x6BC3, 0x6BC2, 0x6BC2, 0x6BC2, 0x73C2, 0x7403,
    0x7C24, 0x7C46, 0x7C46, 0x7C27, 0x7C08, 0x73C7, 0x6B87, 0x7346, 0x7B46, 0x8B85, 0x9BC6, 0xA3E6, 0xAC27, 0xB448, 0xBC6A, 0xBC8A,
    0xBC8B, 0xBC8C, 0xBCAC, 0xBCAD, 0xBCAD, 0xBC8D, 0xBC8D, 0xBC8D, 0xBC8D, 0xBCAD, 0xBCAD, 0xBCAD, 0xBCAD, 0xBCAC, 0xBCAC, 0xBCAB,
    0xBC8A, 0xBC8A, 0xBC68, 0xAC27, 0xA3E6, 0x93A6, 0x8386, 0x7B66, 0x7BA8, 0x8409, 0x8C6A, 0x94AA, 0x8CA8, 0x8C86, 0x8465, 0x7C23,
    0x73E2, 0x73E2, 0x73E2, 0x73C2, 0x7BE2, 0x8423, 0x9465, 0xA4A8, 0xACED, 0xAD10, 0xB512, 0xB532, 0xCDD4, 0xB553, 0xD636, 0xC5B4,
    0x0000, 0x0000, 0x0000, 0x0000, 0x0000, 0x0000, 0x0000, 0x0000, 0x0000, 0x0000, 0x0000, 0x0000, 0x0000, 0x0000, 0x0000, 0x0000,
    0x0000, 0x0000, 0x0000, 0x0000, 0x0000, 0x0000, 0x0000, 0x0000, 0x0000, 0x0000, 0x0000, 0x0000, 0x0000, 0x0000, 0x0000, 0x0000,
    0x0000, 0x0000, 0x0000, 0x0000, 0x0000, 0x0000, 0x0000, 0x0000, 0x0000, 0x0000, 0x0000, 0x0000, 0x0000, 0x0000, 0x0000, 0x0000,
    0x0000, 0x0000, 0x0000, 0x0000, 0x0000, 0x0000, 0x0000, 0x0000, 0x0000, 0x0000, 0x0000, 0x0000, 0x0000, 0x0000, 0x0000, 0x0000,
    0x0000, 0x0000, 0x0000, 0x0000, 0x0000, 0x0000, 0x0000, 0x0000, 0x0000, 0x0000, 0x0000, 0x0000, 0x0000, 0x0000, 0x0000, 0x0000,
    0x0000, 0x0000, 0x0000, 0x0000, 0x0000, 0x0000, 0x0000, 0x0000, 0x0000, 0x0000, 0x0000, 0x0000, 0x0000, 0x0000, 0x0000, 0x0000,
    0x0000, 0x0000, 0x0000, 0x0000, 0x0000, 0x0000, 0x0000, 0x0000, 0x0000, 0x0000, 0x0000, 0x0000, 0x0000, 0x0000, 0x0000, 0x0000,
    0x0000, 0x0000, 0x0000, 0x0000, 0x0000, 0x0000, 0x0000, 0x0000, 0x0000, 0x0000, 0x0000, 0x0000, 0x0000, 0x0000, 0x0000, 0x0000,
    0x0000, 0x0000, 0x0000, 0x0000, 0x0000, 0x0000, 0x0000, 0x0000, 0x0000, 0x0000, 0x0000, 0x0000, 0x0000, 0x0000, 0x0000, 0x0000,
    0x0000, 0x0000, 0x0000, 0x0000, 0x0000, 0x0000, 0x0000, 0x0000, 0x0000, 0x0000, 0x0000, 0x0000, 0x0000, 0x0000, 0x0000, 0xACD0,
    0xC594, 0xB532, 0xB552, 0xB4F1, 0xB532, 0xAD32, 0xAD10, 0x9CCE, 0x948C, 0x8C6A, 0x7C07, 0x73E4, 0x6BA2, 0x6BA2, 0x6BA2, 0x6BA1,
    0x6BA1, 0x73C2, 0x73E3, 0x7404, 0x7C25, 0x7C46, 0x7C47, 0x7C27, 0x7BE7, 0x73A7, 0x6B86, 0x7366, 0x7B65, 0x8365, 0x93C6, 0xAC27,
    0xBC68, 0xBC8A, 0xBC8A, 0xBC8A, 0xBC8B, 0xBC8B, 0xBC8B, 0xBC8B, 0xBC8B, 0xBC8B, 0xBC8B, 0xBC8B, 0xBC8B, 0xBC8A, 0xBC8A, 0xBC69,
    0xAC27, 0x9BE6, 0x8BA6, 0x8386, 0x7BA7, 0x7BE8, 0x8429, 0x8C69, 0x8C88, 0x8C87, 0x8465, 0x8424, 0x7C03, 0x73E2, 0x73E2, 0x73C2,
    0x73C2, 0x73C2, 0x73C1, 0x73E2, 0x8C43, 0x9C87, 0xA4CC, 0xA4EF, 0xAD11, 0xB532, 0xB552, 0xB532, 0xB552, 0xFF58, 0xDE15, 0x0000,
    0x0000, 0x0000, 0x0000, 0x0000, 0x0000, 0x0000, 0x0000, 0x0000, 0x0000, 0x0000, 0x0000, 0x0000, 0x0000, 0x0000, 0x0000, 0x0000,
    0x0000, 0x0000, 0x0000, 0x0000, 0x0000, 0x0000, 0x0000, 0x0000, 0x0000, 0x0000, 0x0000, 0x0000, 0x0000, 0x0000, 0x0000, 0x0000,
    0x0000, 0x0000, 0x0000, 0x0000, 0x0000, 0x0000, 0x0000, 0x0000, 0x0000, 0x0000, 0x0000, 0x0000, 0x0000, 0x0000, 0x0000, 0x0000,
    0x0000, 0x0000, 0x0000, 0x0000, 0x0000, 0x0000, 0x0000, 0x0000, 0x0000, 0x0000, 0x0000, 0x0000, 0x0000, 0x0000, 0x0000, 0x0000,
    0x0000, 0x0000, 0x0000, 0x0000, 0x0000, 0x0000, 0x0000, 0x0000, 0x0000, 0x0000, 0x0000, 0x0000, 0x0000, 0x0000, 0x0000, 0x0000,
    0x0000, 0x0000, 0x0000, 0x0000, 0x0000, 0x0000, 0x0000, 0x0000, 0x0000, 0x0000, 0x0000, 0x0000, 0x0000, 0x0000, 0x0000, 0x0000,
    0x0000, 0x0000, 0x0000, 0x0000, 0x0000, 0x0000, 0x0000, 0x0000, 0x0000, 0x0000, 0x0000, 0x0000, 0x0000, 0x0000, 0x0000, 0x0000,
    0x0000, 0x0000, 0x0000, 0x0000, 0x0000, 0x0000, 0x0000, 0x0000, 0x0000, 0x0000, 0x0000, 0x0000, 0x0000, 0x0000, 0x0000, 0x0000,
    0x0000, 0x0000, 0x0000, 0x0000, 0x0000, 0x0000, 0x0000, 0x0000, 0x0000, 0x0000, 0x0000, 0x0000, 0x0000, 0x0000, 0x0000, 0x0000,
    0x0000, 0x0000, 0x0000, 0x0000, 0x0000, 0x0000, 0x0000, 0x0000, 0x0000, 0x0000, 0x0000, 0x0000, 0x0000, 0x0000, 0x0000, 0x0000,
    0x0000, 0x0000, 0xB532, 0xACF1, 0xBD93, 0xB512, 0xB532, 0xAD11, 0xA4EF, 0x9CAE, 0x8C6B, 0x8429, 0x7C05, 0x6BC3, 0x6BA2, 0x6BA1,
    0x6BA1, 0x6BA1, 0x6BA1, 0x6BA1, 0x6BC2, 0x73C2, 0x73E3, 0x7403, 0x7C04, 0x7C25, 0x7C26, 0x7406, 0x73E6, 0x6BA6, 0x6B86, 0x7365,
    0x8BA5, 0xA426, 0xB468, 0xBC68, 0xBC69, 0xBC69, 0xBC69, 0xBC89, 0xBC89, 0xBC89, 0xBC69, 0xBC68, 0xB467, 0xAC26, 0x9BE6, 0x8BA6,
    0x83A6, 0x7BC7, 0x7C07, 0x8427, 0x8447, 0x8467, 0x8445, 0x7C24, 0x7C03, 0x73E2, 0x73E2, 0x73C1, 0x6BC1, 0x73C1, 0x73C2, 0x73C1,
    0x73C1, 0x73C1, 0x73E2, 0x8C66, 0xA4CA, 0xAD0F, 0xAD11, 0xAD12, 0xBD52, 0xB511, 0xB552, 0xB552, 0x0000, 0x0000, 0x0000, 0x0000,
    0x0000, 0x0000, 0x0000, 0x0000, 0x0000, 0x0000, 0x0000, 0x0000, 0x0000, 0x0000, 0x0000, 0x0000, 0x0000, 0x0000, 0x0000, 0x0000,
    0x0000, 0x0000, 0x0000, 0x0000, 0x0000, 0x0000, 0x0000, 0x0000, 0x0000, 0x0000, 0x0000, 0x0000, 0x0000, 0x0000, 0x0000, 0x0000,
    0x0000, 0x0000, 0x0000, 0x0000, 0x0000, 0x0000, 0x0000, 0x0000, 0x0000, 0x0000, 0x0000, 0x0000, 0x0000, 0x0000, 0x0000, 0x0000,
    0x0000, 0x0000, 0x0000, 0x0000, 0x0000, 0x0000, 0x0000, 0x0000, 0x0000, 0x0000, 0x0000, 0x0000, 0x0000, 0x0000, 0x0000, 0x0000,
    0x0000, 0x0000, 0x0000, 0x0000, 0x0000, 0x0000, 0x0000, 0x0000, 0x0000, 0x0000, 0x0000, 0x0000, 0x0000, 0x0000, 0x0000, 0x0000,
    0x0000, 0x0000, 0x0000, 0x0000, 0x0000, 0x0000, 0x0000, 0x0000, 0x0000, 0x0000, 0x0000, 0x0000, 0x0000, 0x0000, 0x0000, 0x0000,
    0x0000, 0x0000, 0x0000, 0x0000, 0x0000, 0x0000, 0x0000, 0x0000, 0x0000, 0x0000, 0x0000, 0x0000, 0x0000, 0x0000, 0x0000, 0x0000,
    0x0000, 0x0000, 0x0000, 0x0000, 0x0000, 0x0000, 0x0000, 0x0000, 0x0000, 0x0000, 0x0000, 0x0000, 0x0000, 0x0000, 0x0000, 0x0000,
    0x0000, 0x0000, 0x0000, 0x0000, 0x0000, 0x0000, 0x0000, 0x0000, 0x0000, 0x0000, 0x0000, 0x0000, 0x0000, 0x0000, 0x0000, 0x0000,
    0x0000, 0x0000, 0x0000, 0x0000, 0x0000, 0x0000, 0x0000, 0x0000, 0x0000, 0x0000, 0x0000, 0x0000, 0x0000, 0x0000, 0x0000, 0x0000,
    0x0000, 0x0000, 0x0000, 0xA4D1, 0x9C90, 0xB512, 0xB531, 0xACF1, 0xAD11, 0xACF1, 0xA4CF, 0x948D, 0x8C4A, 0x8427, 0x73E5, 0x6BA3,
    0x6382, 0x6381, 0x6B81, 0x6BA1, 0x6BA1, 0x6BA1, 0x6BA1, 0x6BA1, 0x6BA1, 0x6BA2, 0x73C2, 0x73E3, 0x7403, 0x7C04, 0x7C04, 0x73E4,
    0x6BC4, 0x73C4, 0x83E4, 0x9405, 0x9C05, 0x9C26, 0xA426, 0xA426, 0xA426, 0xA425, 0xA425, 0x9405, 0x8BE4, 0x7BC4, 0x7BE4, 0x7BE5,
    0x7C05, 0x7C24, 0x7C04, 0x7C03, 0x73E3, 0x73C2, 0x6BA2, 0x6BA1, 0x6BA1, 0x6BA1, 0x6BA1, 0x6BA1, 0x6BC1, 0x6BC1, 0x6BC1, 0x6BC1,
    0x6BC2, 0x7BE5, 0x9469, 0xAD0E, 0xB552, 0xB553, 0xB535, 0xACF0, 0xB531, 0xD5B3, 0xB532, 0x0000, 0x0000, 0x0000, 0x0000, 0x0000,
    0x0000, 0x0000, 0x0000, 0x0000, 0x0000, 0x0000, 0x0000, 0x0000, 0x0000, 0x0000, 0x0000, 0x0000, 0x0000, 0x0000, 0x0000, 0x0000,
    0x0000, 0x0000, 0x0000, 0x0000, 0x0000, 0x0000, 0x0000, 0x0000, 0x0000, 0x0000, 0x0000, 0x0000, 0x0000, 0x0000, 0x0000, 0x0000,
    0x0000, 0x0000, 0x0000, 0x0000, 0x0000, 0x0000, 0x0000, 0x0000, 0x0000, 0x0000, 0x0000, 0x0000, 0x0000, 0x0000, 0x0000, 0x0000,
    0x0000, 0x0000, 0x0000, 0x0000, 0x0000, 0x0000, 0x0000, 0x0000, 0x0000, 0x0000, 0x0000, 0x0000, 0x0000, 0x0000, 0x0000, 0x0000,
    0x0000, 0x0000, 0x0000, 0x0000, 0x0000, 0x0000, 0x0000, 0x0000, 0x0000, 0x0000, 0x0000, 0x0000, 0x0000, 0x0000, 0x0000, 0x0000,
    0x0000, 0x0000, 0x0000, 0x0000, 0x0000, 0x0000, 0x0000, 0x0000, 0x0000, 0x0000, 0x0000, 0x0000, 0x0000, 0x0000, 0x0000, 0x0000,
    0x0000, 0x0000, 0x0000, 0x0000, 0x0000, 0x0000, 0x0000, 0x0000, 0x0000, 0x0000, 0x0000, 0x0000, 0x0000, 0x0000, 0x0000, 0x0000,
    0x0000, 0x0000, 0x0000, 0x0000, 0x0000, 0x0000, 0x0000, 0x0000, 0x0000, 0x0000, 0x0000, 0x0000, 0x0000, 0x0000, 0x0000, 0x0000,
    0x0000, 0x0000, 0x0000, 0x0000, 0x0000, 0x0000, 0x0000, 0x0000, 0x0000, 0x0000, 0x0000, 0x0000, 0x0000, 0x0000, 0x0000, 0x0000,
    0x0000, 0x0000, 0x0000, 0x0000, 0x0000, 0x0000, 0x0000, 0x0000, 0x0000, 0x0000, 0x0000, 0x0000, 0x0000, 0x0000, 0x0000, 0x0000,
    0x0000, 0x0000, 0x0000, 0x0000, 0x0000, 0xB512, 0xB512, 0xB512, 0xACF0, 0xACD1, 0xACD0, 0xA4AF, 0x948D, 0x8C4A, 0x7C08, 0x7BE7,
    0x73C5, 0x6BA3, 0x6382, 0x6382, 0x6382, 0x6382, 0x6382, 0x6381, 0x6381, 0x6381, 0x6381, 0x6B81, 0x6B81, 0x6BA1, 0x6BA2, 0x6BA2,
    0x6BC2, 0x6BC2, 0x6BA2, 0x6BA2, 0x6BA2, 0x6BA2, 0x73A2, 0x73A2, 0x73C3, 0x73C3, 0x73C3, 0x73C3, 0x6BC3, 0x6BC2, 0x6BC2, 0x6BA2,
    0x6BA2, 0x6BA2, 0x6381, 0x6381, 0x6381, 0x6381, 0x6381, 0x6381, 0x6381, 0x6381, 0x6381, 0x6381, 0x6382, 0x6362, 0x5B62, 0x5B42,
    0x6343, 0x6B67, 0x83CB, 0x9C6F, 0x9488, 0xAD31, 0xAD12, 0xB532, 0xB532, 0x0000, 0x0000, 0x0000, 0x0000, 0x0000, 0x0000, 0x0000,
    0x0000, 0x0000, 0x0000, 0x0000, 0x0000, 0x0000, 0x0000, 0x0000, 0x0000, 0x0000, 0x0000, 0x0000, 0x0000, 0x0000, 0x0000, 0x0000,
    0x0000, 0x0000, 0x0000, 0x0000, 0x0000, 0x0000, 0x0000, 0x0000, 0x0000, 0x0000, 0x0000, 0x0000, 0x0000, 0x0000, 0x0000, 0x0000,
    0x0000, 0x0000, 0x0000, 0x0000, 0x0000, 0x0000, 0x0000, 0x0000, 0x0000, 0x0000, 0x0000, 0x0000, 0x0000, 0x0000, 0x0000, 0x0000,
    0x0000, 0x0000, 0x0000, 0x0000, 0x0000, 0x0000, 0x0000, 0x0000, 0x0000, 0x0000, 0x0000, 0x0000, 0x0000, 0x0000, 0x0000, 0x0000,
    0x0000, 0x0000, 0x0000, 0x0000, 0x0000, 0x0000, 0x0000, 0x0000, 0x0000, 0x0000, 0x0000, 0x0000, 0x0000, 0x0000, 0x0000, 0x0000,
    0x0000, 0x0000, 0x0000, 0x0000, 0x0000, 0x0000, 0x0000, 0x0000, 0x0000, 0x0000, 0x0000, 0x0000, 0x0000, 0x0000, 0x0000, 0x0000,
    0x0000, 0x0000, 0x0000, 0x0000, 0x0000, 0x0000, 0x0000, 0x0000, 0x0000, 0x0000, 0x0000, 0x0000, 0x0000, 0x0000, 0x0000, 0x0000,
    0x0000, 0x0000, 0x0000, 0x0000, 0x0000, 0x0000, 0x0000, 0x0000, 0x0000, 0x0000, 0x0000, 0x0000, 0x0000, 0x0000, 0x0000, 0x0000,
    0x0000, 0x0000, 0x0000, 0x0000, 0x0000, 0x0000, 0x0000, 0x0000, 0x0000, 0x0000, 0x0000, 0x0000, 0x0000, 0x0000, 0x0000, 0x0000,
    0x0000, 0x0000, 0x0000, 0x0000, 0x0000, 0x0000, 0x0000, 0x0000, 0x0000, 0x0000, 0x0000, 0x0000, 0x0000, 0x0000, 0x0000, 0x0000,
    0x0000, 0x0000, 0x0000, 0x0000, 0x0000, 0x0000, 0x0000, 0x0000, 0xACF1, 0xACD0, 0xAD11, 0xA490, 0x9C6F, 0x8C2C, 0x73C9, 0x6367,
    0x5B65, 0x5344, 0x5323, 0x5322, 0x5B42, 0x5B62, 0x5B62, 0x6362, 0x6362, 0x6362, 0x6382, 0x6382, 0x6382, 0x6382, 0x6382, 0x6381,
    0x6381, 0x6381, 0x6381, 0x6381, 0x6381, 0x6381, 0x6381, 0x6382, 0x6382, 0x6362, 0x6362, 0x6362, 0x6362, 0x6362, 0x6362, 0x6362,
    0x6362, 0x6362, 0x6362, 0x6362, 0x6362, 0x6362, 0x6362, 0x6362, 0x6362, 0x5B62, 0x5B42, 0x5322, 0x4B22, 0x4B02, 0x4B02, 0x5322,
    0x6364, 0x7367, 0xDE73, 0x8BEC, 0x944C, 0x0000, 0x0000, 0x0000, 0x0000, 0x0000, 0x0000, 0x0000, 0x0000, 0x0000, 0x0000, 0x0000,
    0x0000, 0x0000, 0x0000, 0x0000, 0x0000, 0x0000, 0x0000, 0x0000, 0x0000, 0x0000, 0x0000, 0x0000, 0x0000, 0x0000, 0x0000, 0x0000,
    0x0000, 0x0000, 0x0000, 0x0000, 0x0000, 0x0000, 0x0000, 0x0000, 0x0000, 0x0000, 0x0000, 0x0000, 0x0000, 0x0000, 0x0000, 0x0000,
    0x0000, 0x0000, 0x0000, 0x0000, 0x0000, 0x0000, 0x0000, 0x0000, 0x0000, 0x0000, 0x0000, 0x0000, 0x0000, 0x0000, 0x0000, 0x0000,
    0x0000, 0x0000, 0x0000, 0x0000, 0x0000, 0x0000, 0x0000, 0x0000, 0x0000, 0x0000, 0x0000, 0x0000, 0x0000, 0x0000, 0x0000, 0x0000,
    0x0000, 0x0000, 0x0000, 0x0000, 0x0000, 0x0000, 0x0000, 0x0000, 0x0000, 0x0000, 0x0000, 0x0000, 0x0000, 0x0000, 0x0000, 0x0000,
    0x0000, 0x0000, 0x0000, 0x0000, 0x0000, 0x0000, 0x0000, 0x0000, 0x0000, 0x0000, 0x0000, 0x0000, 0x0000, 0x0000, 0x0000, 0x0000,
    0x0000, 0x0000, 0x0000, 0x0000, 0x0000, 0x0000, 0x0000, 0x0000, 0x0000, 0x0000, 0x0000, 0x0000, 0x0000, 0x0000, 0x0000, 0x0000,
    0x0000, 0x0000, 0x0000, 0x0000, 0x0000, 0x0000, 0x0000, 0x0000, 0x0000, 0x0000, 0x0000, 0x0000, 0x0000, 0x0000, 0x0000, 0x0000,
    0x0000, 0x0000, 0x0000, 0x0000, 0x0000, 0x0000, 0x0000, 0x0000, 0x0000, 0x0000, 0x0000, 0x0000, 0x0000, 0x0000, 0x0000, 0x0000,
    0x0000, 0x0000, 0x0000, 0x0000, 0x0000, 0x0000, 0x0000, 0x0000, 0x0000, 0x0000, 0x0000, 0x0000, 0x0000, 0x0000, 0x0000, 0x0000,
    0x0000, 0x0000, 0x0000, 0x0000, 0x0000, 0x0000, 0x0000, 0x0000, 0x0000, 0xA46F, 0x9C4E, 0xA48F, 0x9CAE, 0xBB55, 0x7B8A, 0x6348,
    0x5B46, 0x5325, 0x4B04, 0x42E3, 0x42C2, 0x42E2, 0x4B02, 0x5322, 0x5322, 0x5343, 0x5B63, 0x5B63, 0x5B63, 0x6363, 0x6363, 0x6363,
    0x6363, 0x6363, 0x6362, 0x6362, 0x6362, 0x6362, 0x6362, 0x6362, 0x6362, 0x5B62, 0x5B42, 0x5B42, 0x6342, 0x6342, 0x6342, 0x6343,
    0x6363, 0x6363, 0x6363, 0x6363, 0x6343, 0x6343, 0x5B42, 0x5B42, 0x5322, 0x5322, 0x4B02, 0x4B02, 0x4B02, 0x5322, 0x5B42, 0x73C5,
    0x9CEB, 0xB570, 0x8BCD, 0xBD90, 0x0000, 0x0000, 0x0000, 0x0000, 0x0000, 0x0000, 0x0000, 0x0000, 0x0000, 0x0000, 0x0000, 0x0000,
    0x0000, 0x0000, 0x0000, 0x0000, 0x0000, 0x0000, 0x0000, 0x0000, 0x0000, 0x0000, 0x0000, 0x0000, 0x0000, 0x0000, 0x0000, 0x0000,
    0x0000, 0x0000, 0x0000, 0x0000, 0x0000, 0x0000, 0x0000, 0x0000, 0x0000, 0x0000, 0x0000, 0x0000, 0x0000, 0x0000, 0x0000, 0x0000,
    0x0000, 0x0000, 0x0000, 0x0000, 0x0000, 0x0000, 0x0000, 0x0000, 0x0000, 0x0000, 0x0000, 0x0000, 0x0000, 0x0000, 0x0000, 0x0000,
    0x0000, 0x0000, 0x0000, 0x0000, 0x0000, 0x0000, 0x0000, 0x0000, 0x0000, 0x0000, 0x0000, 0x0000, 0x0000, 0x0000, 0x0000, 0x0000,
    0x0000, 0x0000, 0x0000, 0x0000, 0x0000, 0x0000, 0x0000, 0x0000, 0x0000, 0x0000, 0x0000, 0x0000, 0x0000, 0x0000, 0x0000, 0x0000,
    0x0000, 0x0000, 0x0000, 0x0000, 0x0000, 0x0000, 0x0000, 0x0000, 0x0000, 0x0000, 0x0000, 0x0000, 0x0000, 0x0000, 0x0000, 0x0000,
    0x0000, 0x0000, 0x0000, 0x0000, 0x0000, 0x0000, 0x0000, 0x0000, 0x0000, 0x0000, 0x0000, 0x0000, 0x0000, 0x0000, 0x0000, 0x0000,
    0x0000, 0x0000, 0x0000, 0x0000, 0x0000, 0x0000, 0x0000, 0x0000, 0x0000, 0x0000, 0x0000, 0x0000, 0x0000, 0x0000, 0x0000, 0x0000,
    0x0000, 0x0000, 0x0000, 0x0000, 0x0000, 0x0000, 0x0000, 0x0000, 0x0000, 0x0000, 0x0000, 0x0000, 0x0000, 0x0000, 0x0000, 0x0000,
    0x0000, 0x0000, 0x0000, 0x0000, 0x0000, 0x0000, 0x0000, 0x0000, 0x0000, 0x0000, 0x0000, 0x0000, 0x0000, 0x0000, 0x0000, 0x0000,
    0x0000, 0x0000, 0x0000, 0x0000, 0x0000, 0x0000, 0x0000, 0x0000, 0x0000, 0x0000, 0x0000, 0x9C2E, 0x9C0E, 0x940D, 0x73A9, 0x4303,
    0x83AC, 0x6B88, 0x5B66, 0x5344, 0x4B03, 0x42E2, 0x42C2, 0x42E2, 0x42E2, 0x42E2, 0x4AE3, 0x4B23, 0x5343, 0x5B44, 0x6364, 0x6364,
    0x6364, 0x6364, 0x6364, 0x6364, 0x6364, 0x6364, 0x6364, 0x6364, 0x6364, 0x6344, 0x6344, 0x6344, 0x6344, 0x6344, 0x6344, 0x6344,
    0x6344, 0x5B43, 0x5B23, 0x5B23, 0x5323, 0x5322, 0x5302, 0x5302, 0x4B02, 0x4B02, 0x4B02, 0x5302, 0x5322, 0x5B42, 0x73E5, 0x8468,
    0x94CA, 0xB56F, 0xBDB0, 0xA4CE, 0xC612, 0x9C8E, 0xD653, 0x0000, 0x0000, 0x0000, 0x0000, 0x0000, 0x0000, 0x0000, 0x0000, 0x0000,
    0x0000, 0x0000, 0x0000, 0x0000, 0x0000, 0x0000, 0x0000, 0x0000, 0x0000, 0x0000, 0x0000, 0x0000, 0x0000, 0x0000, 0x0000, 0x0000,
    0x0000, 0x0000, 0x0000, 0x0000, 0x0000, 0x0000, 0x0000, 0x0000, 0x0000, 0x0000, 0x0000, 0x0000, 0x0000, 0x0000, 0x0000, 0x0000,
    0x0000, 0x0000, 0x0000, 0x0000, 0x0000, 0x0000, 0x0000, 0x0000, 0x0000, 0x0000, 0x0000, 0x0000, 0x0000, 0x0000, 0x0000, 0x0000,
    0x0000, 0x0000, 0x0000, 0x0000, 0x0000, 0x0000, 0x0000, 0x0000, 0x0000, 0x0000, 0x0000, 0x0000, 0x0000, 0x0000, 0x0000, 0x0000,
    0x0000, 0x0000, 0x0000, 0x0000, 0x0000, 0x0000, 0x0000, 0x0000, 0x0000, 0x0000, 0x0000, 0x0000, 0x0000, 0x0000, 0x0000, 0x0000,
    0x0000, 0x0000, 0x0000, 0x0000, 0x0000, 0x0000, 0x0000, 0x0000, 0x0000, 0x0000, 0x0000, 0x0000, 0x0000, 0x0000, 0x0000, 0x0000,
    0x0000, 0x0000, 0x0000, 0x0000, 0x0000, 0x0000, 0x0000, 0x0000, 0x0000, 0x0000, 0x0000, 0x0000, 0x0000, 0x0000, 0x0000, 0x0000,
    0x0000, 0x0000, 0x0000, 0x0000, 0x0000, 0x0000, 0x0000, 0x0000, 0x0000, 0x0000, 0x0000, 0x0000, 0x0000, 0x0000, 0x0000, 0x0000,
    0x0000, 0x0000, 0x0000, 0x0000, 0x0000, 0x0000, 0x0000, 0x0000, 0x0000, 0x0000, 0x0000, 0x0000, 0x0000, 0x0000, 0x0000, 0x0000,
    0x0000, 0x0000, 0x0000, 0x0000, 0x0000, 0x0000, 0x0000, 0x0000, 0x0000, 0x0000, 0x0000, 0x0000, 0x0000, 0x0000, 0x0000, 0x0000,
    0x0000, 0x0000, 0x0000, 0x0000, 0x0000, 0x0000, 0x0000, 0x0000, 0x0000, 0x0000, 0x0000, 0x0000, 0x0000, 0x0000, 0x9BEF, 0x2AE0,
    0x838C, 0x5B66, 0x730B, 0x5B67, 0x5366, 0x4B24, 0x42E3, 0x42E2, 0x4B02, 0x4B02, 0x4B02, 0x4B03, 0x5323, 0x5B24, 0x5B44, 0x5B44,
    0x5B44, 0x5B65, 0x5B65, 0x5B65, 0x5B65, 0x5B44, 0x5B44, 0x5B44, 0x5B44, 0x5B44, 0x5B44, 0x5B44, 0x5B24, 0x5B23, 0x5323, 0x5303,
    0x5303, 0x5303, 0x5302, 0x5302, 0x5302, 0x5302, 0x4B02, 0x4B02, 0x4B02, 0x4B02, 0x5322, 0x5322, 0x5B42, 0x6BC4, 0x8448, 0x7C27,
    0x7426, 0x8CC9, 0xAD8E, 0xBDD0, 0xB530, 0xFFF8, 0x9C8E, 0xD653, 0x0000, 0x0000, 0x0000, 0x0000, 0x0000, 0x0000, 0x0000, 0x0000,
    0x0000, 0x0000, 0x0000, 0x0000, 0x0000, 0x0000, 0x0000, 0x0000, 0x0000, 0x0000, 0x0000, 0x0000, 0x0000, 0x0000, 0x0000, 0x0000,
    0x0000, 0x0000, 0x0000, 0x0000, 0x0000, 0x0000, 0x0000, 0x0000, 0x0000, 0x0000, 0x0000, 0x0000, 0x0000, 0x0000, 0x0000, 0x0000,
    0x0000, 0x0000, 0x0000, 0x0000, 0x0000, 0x0000, 0x0000, 0x0000, 0x0000, 0x0000, 0x0000, 0x0000, 0x0000, 0x0000, 0x0000, 0x0000,
    0x0000, 0x0000, 0x0000, 0x0000, 0x0000, 0x0000, 0x0000, 0x0000, 0x0000, 0x0000, 0x0000, 0x0000, 0x0000, 0x0000, 0x0000, 0x0000,
    0x0000, 0x0000, 0x0000, 0x0000, 0x0000, 0x0000, 0x0000, 0x0000, 0x0000, 0x0000, 0x0000, 0x0000, 0x0000, 0x0000, 0x0000, 0x0000,
    0x0000, 0x0000, 0x0000, 0x0000, 0x0000, 0x0000, 0x0000, 0x0000, 0x0000, 0x0000, 0x0000, 0x0000, 0x0000, 0x0000, 0x0000, 0x0000,
    0x0000, 0x0000, 0x0000, 0x0000, 0x0000, 0x0000, 0x0000, 0x0000, 0x0000, 0x0000, 0x0000, 0x0000, 0x0000, 0x0000, 0x0000, 0x0000,
    0x0000, 0x0000, 0x0000, 0x0000, 0x0000, 0x0000, 0x0000, 0x0000, 0x0000, 0x0000, 0x0000, 0x0000, 0x0000, 0x0000, 0x0000, 0x0000,
    0x0000, 0x0000, 0x0000, 0x0000, 0x0000, 0x0000, 0x0000, 0x0000, 0x0000, 0x0000, 0x0000, 0x0000, 0x0000, 0x0000, 0x0000, 0x0000,
    0x0000, 0x0000, 0x0000, 0x0000, 0x0000, 0x0000, 0x0000, 0x0000, 0x0000, 0x0000, 0x0000, 0x0000, 0x0000, 0x0000, 0x0000, 0x0000,
    0x0000, 0x0000, 0x0000, 0x0000, 0x0000, 0x0000, 0x0000, 0x0000, 0x0000, 0x0000, 0x0000, 0x0000, 0x0000, 0x0000, 0x0000, 0x0000,
    0xFC1F, 0xA4D3, 0x644C, 0x8CB0, 0x6C2B, 0x5386, 0x4B44, 0x4303, 0x4B03, 0x4B23, 0x5323, 0x5323, 0x5303, 0x5303, 0x5303, 0x5323,
    0x5323, 0x5323, 0x5323, 0x5B24, 0x5B24, 0x5323, 0x5323, 0x5303, 0x5303, 0x5303, 0x5303, 0x5303, 0x5303, 0x4B02, 0x4B02, 0x4B02,
    0x4B02, 0x5302, 0x5302, 0x5302, 0x5302, 0x5302, 0x5302, 0x4B02, 0x5302, 0x5322, 0x5322, 0x5B62, 0x63A3, 0x7C26, 0x7C27, 0x63C5,
    0x63A5, 0x7426, 0x8CA8, 0xAD6D, 0xBDD1, 0xAD30, 0xFFFF, 0x734B, 0x1883, 0x0000, 0x0000, 0x0000, 0x0000, 0x0000, 0x0000, 0x0000,
    0x0000, 0x0000, 0x0000, 0x0000, 0x0000, 0x0000, 0x0000, 0x0000, 0x0000, 0x0000, 0x0000, 0x0000, 0x0000, 0x0000, 0x0000, 0x0000,
    0x0000, 0x0000, 0x0000, 0x0000, 0x0000, 0x0000, 0x0000, 0x0000, 0x0000, 0x0000, 0x0000, 0x0000, 0x0000, 0x0000, 0x0000, 0x0000,
    0x0000, 0x0000, 0x0000, 0x0000, 0x0000, 0x0000, 0x0000, 0x0000, 0x0000, 0x0000, 0x0000, 0x0000, 0x0000, 0x0000, 0x0000, 0x0000,
    0x0000, 0x0000, 0x0000, 0x0000, 0x0000, 0x0000, 0x0000, 0x0000, 0x0000, 0x0000, 0x0000, 0x0000, 0x0000, 0x0000, 0x0000, 0x0000,
    0x0000, 0x0000, 0x0000, 0x0000, 0x0000, 0x0000, 0x0000, 0x0000, 0x0000, 0x0000, 0x0000, 0x0000, 0x0000, 0x0000, 0x0000, 0x0000,
    0x0000, 0x0000, 0x0000, 0x0000, 0x0000, 0x0000, 0x0000, 0x0000, 0x0000, 0x0000, 0x0000, 0x0000, 0x0000, 0x0000, 0x0000, 0x0000,
    0x0000, 0x0000, 0x0000, 0x0000, 0x0000, 0x0000, 0x0000, 0x0000, 0x0000, 0x0000, 0x0000, 0x0000, 0x0000, 0x0000, 0x0000, 0x0000,
    0x0000, 0x0000, 0x0000, 0x0000, 0x0000, 0x0000, 0x0000, 0x0000, 0x0000, 0x0000, 0x0000, 0x0000, 0x0000, 0x0000, 0x0000, 0x0000,
    0x0000, 0x0000, 0x0000, 0x0000, 0x0000, 0x0000, 0x0000, 0x0000, 0x0000, 0x0000, 0x0000, 0x0000, 0x0000, 0x0000, 0x0000, 0x0000,
    0x0000, 0x0000, 0x0000, 0x0000, 0x0000, 0x0000, 0x0000, 0x0000, 0x0000, 0x0000, 0x0000, 0x0000, 0x0000, 0x0000, 0x0000, 0x0000,
    0x0000, 0x0000, 0x0000, 0x0000, 0x0000, 0x0000, 0x0000, 0x0000, 0x0000, 0x0000, 0x0000, 0x0000, 0x0000, 0x0000, 0x0000, 0x8C6F,
    0x8BED, 0x9D52, 0x8CB0, 0x8CF0, 0x640A, 0x4B66, 0x4B65, 0x4324, 0x4303, 0x4303, 0x4B03, 0x4B03, 0x4B03, 0x4B03, 0x4B03, 0x4B02,
    0x4B02, 0x4B02, 0x4B02, 0x4B02, 0x4B02, 0x4B02, 0x4B02, 0x5302, 0x5302, 0x52E2, 0x5302, 0x5302, 0x4B02, 0x5302, 0x5302, 0x5302,
    0x5302, 0x5302, 0x5322, 0x5322, 0x5322, 0x5322, 0x5322, 0x5302, 0x5302, 0x5322, 0x5B42, 0x6382, 0x7405, 0x7C27, 0x63C5, 0x5364,
    0x5364, 0x63A5, 0x7426, 0x8488, 0xA56D, 0xBDD1, 0xB550, 0x0000, 0x7B8C, 0xFF77, 0x39A6, 0x0000, 0x0000, 0x0000, 0x0000, 0x0000,
    0x0000, 0x0000, 0x0000, 0x0000, 0x0000, 0x0000, 0x0000, 0x0000, 0x0000, 0x0000, 0x0000, 0x0000, 0x0000, 0x0000, 0x0000, 0x0000,
    0x0000, 0x0000, 0x0000, 0x0000, 0x0000, 0x0000, 0x0000, 0x0000, 0x0000, 0x0000, 0x0000, 0x0000, 0x0000, 0x0000, 0x0000, 0x0000,
    0x0000, 0x0000, 0x0000, 0x0000, 0x0000, 0x0000, 0x0000, 0x0000, 0x0000, 0x0000, 0x0000, 0x0000, 0x0000, 0x0000, 0x0000, 0x0000,
    0x0000, 0x0000, 0x0000, 0x0000, 0x0000, 0x0000, 0x0000, 0x0000, 0x0000, 0x0000, 0x0000, 0x0000, 0x0000, 0x0000, 0x0000, 0x0000,
    0x0000, 0x0000, 0x0000, 0x0000, 0x0000, 0x0000, 0x0000, 0x0000, 0x0000, 0x0000, 0x0000, 0x0000, 0x0000, 0x0000, 0x0000, 0x0000,
    0x0000, 0x0000, 0x0000, 0x0000, 0x0000, 0x0000, 0x0000, 0x0000, 0x0000, 0x0000, 0x0000, 0x0000, 0x0000, 0x0000, 0x0000, 0x0000,
    0x0000, 0x0000, 0x0000, 0x0000, 0x0000, 0x0000, 0x0000, 0x0000, 0x0000, 0x0000, 0x0000, 0x0000, 0x0000, 0x0000, 0x0000, 0x0000,
    0x0000, 0x0000, 0x0000, 0x0000, 0x0000, 0x0000, 0x0000, 0x0000, 0x0000, 0x0000, 0x0000, 0x0000, 0x0000, 0x0000, 0x0000, 0x0000,
    0x0000, 0x0000, 0x0000, 0x0000, 0x0000, 0x0000, 0x0000, 0x0000, 0x0000, 0x0000, 0x0000, 0x0000, 0x0000, 0x0000, 0x0000, 0x0000,
    0x0000, 0x0000, 0x0000, 0x0000, 0x0000, 0x0000, 0x0000, 0x0000, 0x0000, 0x0000, 0x0000, 0x0000, 0x0000, 0x0000, 0x0000, 0x0000,
    0x0000, 0x0000, 0x0000, 0x0000, 0x0000, 0x0000, 0x0000, 0x0000, 0x0000, 0x0000, 0x0000, 0x0000, 0x0000, 0x0000, 0x7BEC, 0x734A,
    0x9510, 0x94B0, 0x8CF0, 0x746C, 0x53A7, 0x4B45, 0x4B45, 0x4B65, 0x4304, 0x42E3, 0x4303, 0x4B03, 0x4B23, 0x5323, 0x5323, 0x5323,
    0x5323, 0x5323, 0x5322, 0x5302, 0x5302, 0x5302, 0x5302, 0x5302, 0x5302, 0x5302, 0x5302, 0x5302, 0x5302, 0x5322, 0x5322, 0x5322,
    0x5322, 0x5322, 0x5B22, 0x5B43, 0x5343, 0x5322, 0x5322, 0x5322, 0x5322, 0x5342, 0x5B62, 0x6BA3, 0x7C26, 0x7405, 0x5B84, 0x5344,
    0x5364, 0x5B85, 0x63C5, 0x7406, 0x8488, 0xAD6D, 0xBDD1, 0xB571, 0xFFFF, 0xA4AE, 0xFF77, 0x0000, 0x0000, 0x0000, 0x0000, 0x0000,
    0x0000, 0x0000, 0x0000, 0x0000, 0x0000, 0x0000, 0x0000, 0x0000, 0x0000, 0x0000, 0x0000, 0x0000, 0x0000, 0x0000, 0x0000, 0x0000,
    0x0000, 0x0000, 0x0000, 0x0000, 0x0000, 0x0000, 0x0000, 0x0000, 0x0000, 0x0000, 0x0000, 0x0000, 0x0000, 0x0000, 0x0000, 0x0000,
    0x0000, 0x0000, 0x0000, 0x0000, 0x0000, 0x0000, 0x0000, 0x0000, 0x0000, 0x0000, 0x0000, 0x0000, 0x0000, 0x0000, 0x0000, 0x0000,
    0x0000, 0x0000, 0x0000, 0x0000, 0x0000, 0x0000, 0x0000, 0x0000, 0x0000, 0x0000, 0x0000, 0x0000, 0x0000, 0x0000, 0x0000, 0x0000,
    0x0000, 0x0000, 0x0000, 0x0000, 0x0000, 0x0000, 0x0000, 0x0000, 0x0000, 0x0000, 0x0000, 0x0000, 0x0000, 0x0000, 0x0000, 0x0000,
    0x0000, 0x0000, 0x0000, 0x0000, 0x0000, 0x0000, 0x0000, 0x0000, 0x0000, 0x0000, 0x0000, 0x0000, 0x0000, 0x0000, 0x0000, 0x0000,
    0x0000, 0x0000, 0x0000, 0x0000, 0x0000, 0x0000, 0x0000, 0x0000, 0x0000, 0x0000, 0x0000, 0x0000, 0x0000, 0x0000, 0x0000, 0x0000,
    0x0000, 0x0000, 0x0000, 0x0000, 0x0000, 0x0000, 0x0000, 0x0000, 0x0000, 0x0000, 0x0000, 0x0000, 0x0000, 0x0000, 0x0000, 0x0000,
    0x0000, 0x0000, 0x0000, 0x0000, 0x0000, 0x0000, 0x0000, 0x0000, 0x0000, 0x0000, 0x0000, 0x0000, 0x0000, 0x0000, 0x0000, 0x0000,
    0x0000, 0x0000, 0x0000, 0x0000, 0x0000, 0x0000, 0x0000, 0x0000, 0x0000, 0x0000, 0x0000, 0x0000, 0x0000, 0x0000, 0x0000, 0x0000,
    0x0000, 0x0000, 0x0000, 0x0000, 0x0000, 0x0000, 0x0000, 0x0000, 0x0000, 0x0000, 0x0000, 0x0000, 0x0000, 0x0000, 0x6B08, 0xA552,
    0x948F, 0x8CEF, 0x748C, 0x5BC8, 0x5365, 0x5344, 0x4B24, 0x4B65, 0x4344, 0x3B03, 0x4303, 0x4B03, 0x5323, 0x5323, 0x5323, 0x5323,
    0x5323, 0x5323, 0x5323, 0x5323, 0x5323, 0x5323, 0x5323, 0x5323, 0x5B23, 0x5B23, 0x5B43, 0x5B43, 0x5B43, 0x5B43, 0x5B43, 0x5B43,
    0x5B43, 0x5B63, 0x5B64, 0x5B63, 0x5B63, 0x5343, 0x5323, 0x5322, 0x5322, 0x5B63, 0x6383, 0x6BC4, 0x7C46, 0x6BC4, 0x5B64, 0x5B65,
    0x5B65, 0x5B65, 0x5B85, 0x63C6, 0x7426, 0x8488, 0xAD6D, 0xBDD1, 0xB571, 0x0000, 0x942D, 0x7B8B, 0x0000, 0x0000, 0x0000, 0x0000,
    0x0000, 0x0000, 0x0000, 0x0000, 0x0000, 0x0000, 0x0000, 0x0000, 0x0000, 0x0000, 0x0000, 0x0000, 0x0000, 0x0000, 0x0000, 0x0000,
    0x0000, 0x0000, 0x0000, 0x0000, 0x0000, 0x0000, 0x0000, 0x0000, 0x0000, 0x0000, 0x0000, 0x0000, 0x0000, 0x0000, 0x0000, 0x0000,
    0x0000, 0x0000, 0x0000, 0x0000, 0x0000, 0x0000, 0x0000, 0x0000, 0x0000, 0x0000, 0x0000, 0x0000, 0x0000, 0x0000, 0x0000, 0x0000,
    0x0000, 0x0000, 0x0000, 0x0000, 0x0000, 0x0000, 0x0000, 0x0000, 0x0000, 0x0000, 0x0000, 0x0000, 0x0000, 0x0000, 0x0000, 0x0000,
    0x0000, 0x0000, 0x0000, 0x0000, 0x0000, 0x0000, 0x0000, 0x0000, 0x0000, 0x0000, 0x0000, 0x0000, 0x0000, 0x0000, 0x0000, 0x0000,
    0x0000, 0x0000, 0x0000, 0x0000, 0x0000, 0x0000, 0x0000, 0x0000, 0x0000, 0x0000, 0x0000, 0x0000, 0x0000, 0x0000, 0x0000, 0x0000,
    0x0000, 0x0000, 0x0000, 0x0000, 0x0000, 0x0000, 0x0000, 0x0000, 0x0000, 0x0000, 0x0000, 0x0000, 0x0000, 0x0000, 0x0000, 0x0000,
    0x0000, 0x0000, 0x0000, 0x0000, 0x0000, 0x0000, 0x0000, 0x0000, 0x0000, 0x0000, 0x0000, 0x0000, 0x0000, 0x0000, 0x0000, 0x0000,
    0x0000, 0x0000, 0x0000, 0x0000, 0x0000, 0x0000, 0x0000, 0x0000, 0x0000, 0x0000, 0x0000, 0x0000, 0x0000, 0x0000, 0x0000, 0x0000,
    0x0000, 0x0000, 0x0000, 0x0000, 0x0000, 0x0000, 0x0000, 0x0000, 0x0000, 0x0000, 0x0000, 0x0000, 0x0000, 0x0000, 0x0000, 0x0000,
    0x0000, 0x0000, 0x0000, 0x0000, 0x0000, 0x0000, 0x0000, 0x0000, 0x0000, 0x0000, 0x0000, 0x0000, 0x41E3, 0xBE56, 0x94CF, 0x842D,
    0x8CCF, 0x7C8C, 0x6409, 0x53A6, 0x5365, 0x5344, 0x4B24, 0x4B45, 0x4B65, 0x4324, 0x4304, 0x4324, 0x4B24, 0x5344, 0x5324, 0x5343,
    0x5343, 0x5343, 0x5B43, 0x5B43, 0x5B43, 0x5B43, 0x5B43, 0x5B43, 0x5B64, 0x5B64, 0x6364, 0x6364, 0x6365, 0x6365, 0x6385, 0x6385,
    0x6385, 0x6385, 0x6385, 0x6385, 0x5B64, 0x5B63, 0x5343, 0x5323, 0x5343, 0x5B63, 0x6383, 0x6BE5, 0x7C26, 0x63A4, 0x5364, 0x5B85,
    0x5B85, 0x5B65, 0x5B85, 0x5BA6, 0x63C6, 0x7426, 0x84A8, 0xAD6C, 0xBDD1, 0xBD91, 0x6AEA, 0xA4AE, 0x0000, 0x9C6D, 0x0000, 0x0000,
    0x0000, 0x0000, 0x0000, 0x0000, 0x0000, 0x0000, 0x0000, 0x0000, 0x0000, 0x0000, 0x0000, 0x0000, 0x0000, 0x0000, 0x0000, 0x0000,
    0x0000, 0x0000, 0x0000, 0x0000, 0x0000, 0x0000, 0x0000, 0x0000, 0x0000, 0x0000, 0x0000, 0x0000, 0x0000, 0x0000, 0x0000, 0x0000,
    0x0000, 0x0000, 0x0000, 0x0000, 0x0000, 0x0000, 0x0000, 0x0000, 0x0000, 0x0000, 0x0000, 0x0000, 0x0000, 0x0000, 0x0000, 0x0000,
    0x0000, 0x0000, 0x0000, 0x0000, 0x0000, 0x0000, 0x0000, 0x0000, 0x0000, 0x0000, 0x0000, 0x0000, 0x0000, 0x0000, 0x0000, 0x0000,
    0x0000, 0x0000, 0x0000, 0x0000, 0x0000, 0x0000, 0x0000, 0x0000, 0x0000, 0x0000, 0x0000, 0x0000, 0x0000, 0x0000, 0x0000, 0x0000,
    0x0000, 0x0000, 0x0000, 0x0000, 0x0000, 0x0000, 0x0000, 0x0000, 0x0000, 0x0000, 0x0000, 0x0000, 0x0000, 0x0000, 0x0000, 0x0000,
    0x0000, 0x0000, 0x0000, 0x0000, 0x0000, 0x0000, 0x0000, 0x0000, 0x0000, 0x0000, 0x0000, 0x0000, 0x0000, 0x0000, 0x0000, 0x0000,
    0x0000, 0x0000, 0x0000, 0x0000, 0x0000, 0x0000, 0x0000, 0x0000, 0x0000, 0x0000, 0x0000, 0x0000, 0x0000, 0x0000, 0x0000, 0x0000,
    0x0000, 0x0000, 0x0000, 0x0000, 0x0000, 0x0000, 0x0000, 0x0000, 0x0000, 0x0000, 0x0000, 0x0000, 0x0000, 0x0000, 0x0000, 0x0000,
    0x0000, 0x0000, 0x0000, 0x0000, 0x0000, 0x0000, 0x0000, 0x0000, 0x0000, 0x0000, 0x0000, 0x0000, 0x0000, 0x0000, 0x0000, 0x0000,
    0x0000, 0x0000, 0x0000, 0x0000, 0x0000, 0x0000, 0x0000, 0x0000, 0x0000, 0x0000, 0x0000, 0x0000, 0xAD93, 0x94D0, 0x7BCC, 0x8CEF,
    0x7CAD, 0x6429, 0x5BC7, 0x5386, 0x5345, 0x5344, 0x5324, 0x4304, 0x4B65, 0x4345, 0x4324, 0x4324, 0x4B45, 0x5344, 0x5344, 0x5344,
    0x5B44, 0x5B44, 0x5B44, 0x5B64, 0x5B64, 0x5B64, 0x5B64, 0x6364, 0x6385, 0x6385, 0x6385, 0x6385, 0x6385, 0x63A5, 0x63A6, 0x6BA6,
    0x6BA6, 0x6BA6, 0x6BA6, 0x63A5, 0x6385, 0x5B64, 0x5B63, 0x5343, 0x5B63, 0x5B63, 0x63A3, 0x6BE5, 0x7426, 0x63A4, 0x5344, 0x5B65,
    0x5B65, 0x5B85, 0x5B85, 0x5B86, 0x63A6, 0x6BE6, 0x7427, 0x84A8, 0xA56C, 0xC5F1, 0xC5B1, 0x732A, 0xBD91, 0x0000, 0x0000, 0x0000,
    0x0000, 0x0000, 0x0000, 0x0000, 0x0000, 0x0000, 0x0000, 0x0000, 0x0000, 0x0000, 0x0000, 0x0000, 0x0000, 0x0000, 0x0000, 0x0000,
    0x0000, 0x0000, 0x0000, 0x0000, 0x0000, 0x0000, 0x0000, 0x0000, 0x0000, 0x0000, 0x0000, 0x0000, 0x0000, 0x0000, 0x0000, 0x0000,
    0x0000, 0x0000, 0x0000, 0x0000, 0x0000, 0x0000, 0x0000, 0x0000, 0x0000, 0x0000, 0x0000, 0x0000, 0x0000, 0x0000, 0x0000, 0x0000,
    0x0000, 0x0000, 0x0000, 0x0000, 0x0000, 0x0000, 0x0000, 0x0000, 0x0000, 0x0000, 0x0000, 0x0000, 0x0000, 0x0000, 0x0000, 0x0000,
    0x0000, 0x0000, 0x0000, 0x0000, 0x0000, 0x0000, 0x0000, 0x0000, 0x0000, 0x0000, 0x0000, 0x0000, 0x0000, 0x0000, 0x0000, 0x0000,
    0x0000, 0x0000, 0x0000, 0x0000, 0x0000, 0x0000, 0x0000, 0x0000, 0x0000, 0x0000, 0x0000, 0x0000, 0x0000, 0x0000, 0x0000, 0x0000,
    0x0000, 0x0000, 0x0000, 0x0000, 0x0000, 0x0000, 0x0000, 0x0000, 0x0000, 0x0000, 0x0000, 0x0000, 0x0000, 0x0000, 0x0000, 0x0000,
    0x0000, 0x0000, 0x0000, 0x0000, 0x0000, 0x0000, 0x0000, 0x0000, 0x0000, 0x0000, 0x0000, 0x0000, 0x0000, 0x0000, 0x0000, 0x0000,
    0x0000, 0x0000, 0x0000, 0x0000, 0x0000, 0x0000, 0x0000, 0x0000, 0x0000, 0x0000, 0x0000, 0x0000, 0x0000, 0x0000, 0x0000, 0x0000,
    0x0000, 0x0000, 0x0000, 0x0000, 0x0000, 0x0000, 0x0000, 0x0000, 0x0000, 0x0000, 0x0000, 0x0000, 0x0000, 0x0000, 0x0000, 0x0000,
    0x0000, 0x0000, 0x0000, 0x0000, 0x0000, 0x0000, 0x0000, 0x0000, 0x0000, 0x0000, 0x0000, 0x94AF, 0x8C6E, 0x6289, 0x94F0, 0x84CD,
    0x6C49, 0x5BE8, 0x53A7, 0x5365, 0x5344, 0x5344, 0x5324, 0x4304, 0x4345, 0x4B65, 0x4345, 0x4B46, 0x4B46, 0x5345, 0x5344, 0x5B44,
    0x5B64, 0x5B64, 0x5B64, 0x5B65, 0x6365, 0x6365, 0x6385, 0x6385, 0x6385, 0x63A5, 0x6BA6, 0x6BA6, 0x6BA6, 0x6BA6, 0x6BA6, 0x6BC6,
    0x6BC6, 0x6BA6, 0x6BA6, 0x6BA6, 0x63A5, 0x6385, 0x5B64, 0x5B63, 0x5B63, 0x5B83, 0x63A4, 0x6BE5, 0x7406, 0x5BA4, 0x4B23, 0x5344,
    0x5B65, 0x5B65, 0x5B85, 0x5B86, 0x5BA6, 0x63C6, 0x6BE7, 0x7427, 0x84A8, 0xA56C, 0xC611, 0xC5F2, 0x9C8E, 0xBD70, 0xBD50, 0x0000,
    0x0000, 0x0000, 0x0000, 0x0000, 0x0000, 0x0000, 0x0000, 0x0000, 0x0000, 0x0000, 0x0000, 0x0000, 0x0000, 0x0000, 0x0000, 0x0000,
    0x0000, 0x0000, 0x0000, 0x0000, 0x0000, 0x0000, 0x0000, 0x0000, 0x0000, 0x0000, 0x0000, 0x0000, 0x0000, 0x0000, 0x0000, 0x0000,
    0x0000, 0x0000, 0x0000, 0x0000, 0x0000, 0x0000, 0x0000, 0x0000, 0x0000, 0x0000, 0x0000, 0x0000, 0x0000, 0x0000, 0x0000, 0x0000,
    0x0000, 0x0000, 0x0000, 0x0000, 0x0000, 0x0000, 0x0000, 0x0000, 0x0000, 0x0000, 0x0000, 0x0000, 0x0000, 0x0000, 0x0000, 0x0000,
    0x0000, 0x0000, 0x0000, 0x0000, 0x0000, 0x0000, 0x0000, 0x0000, 0x0000, 0x0000, 0x0000, 0x0000, 0x0000, 0x0000, 0x0000, 0x0000,
    0x0000, 0x0000, 0x0000, 0x0000, 0x0000, 0x0000, 0x0000, 0x0000, 0x0000, 0x0000, 0x0000, 0x0000, 0x0000, 0x0000, 0x0000, 0x0000,
    0x0000, 0x0000, 0x0000, 0x0000, 0x0000, 0x0000, 0x0000, 0x0000, 0x0000, 0x0000, 0x0000, 0x0000, 0x0000, 0x0000, 0x0000, 0x0000,
    0x0000, 0x0000, 0x0000, 0x0000, 0x0000, 0x0000, 0x0000, 0x0000, 0x0000, 0x0000, 0x0000, 0x0000, 0x0000, 0x0000, 0x0000, 0x0000,
    0x0000, 0x0000, 0x0000, 0x0000, 0x0000, 0x0000, 0x0000, 0x0000, 0x0000, 0x0000, 0x0000, 0x0000, 0x0000, 0x0000, 0x0000, 0x0000,
    0x0000, 0x0000, 0x0000, 0x0000, 0x0000, 0x0000, 0x0000, 0x0000, 0x0000, 0x0000, 0x0000, 0x0000, 0x0000, 0x0000, 0x0000, 0x0000,
    0x0000, 0x0000, 0x0000, 0x0000, 0x0000, 0x0000, 0x0000, 0x0000, 0x0000, 0x0000, 0x840D, 0x8C8F, 0xFFFF, 0xA552, 0x952F, 0x746A,
    0x6408, 0x5BC7, 0x5386, 0x5345, 0x5344, 0x5324, 0x5324, 0x42E3, 0x4345, 0x4B86, 0x4B66, 0x4B67, 0x5367, 0x5366, 0x5365, 0x5B65,
    0x5B64, 0x5B64, 0x5B64, 0x5B65, 0x6365, 0x6385, 0x6385, 0x6385, 0x63A5, 0x6BA6, 0x6BC6, 0x6BC6, 0x6BC6, 0x6BC6, 0x6BC6, 0x6BC6,
    0x6BC6, 0x6BC6, 0x6BC6, 0x6BC6, 0x6BA6, 0x63A5, 0x6384, 0x5B84, 0x5B83, 0x63A3, 0x63A4, 0x6BE4, 0x6C05, 0x5BA4, 0x4B03, 0x5323,
    0x5B44, 0x5B65, 0x5B65, 0x5B86, 0x5B86, 0x5BA6, 0x63C7, 0x6BE7, 0x7427, 0x84A8, 0xA54C, 0xC611, 0xCE12, 0xBD50, 0xC5B1, 0xA4AE,
    0xD653, 0x0000, 0x0000, 0x0000, 0x0000, 0x0000, 0x0000, 0x0000, 0x0000, 0x0000, 0x0000, 0x0000, 0x0000, 0x0000, 0x0000, 0x0000,
    0x0000, 0x0000, 0x0000, 0x0000, 0x0000, 0x0000, 0x0000, 0x0000, 0x0000, 0x0000, 0x0000, 0x0000, 0x0000, 0x0000, 0x0000, 0x0000,
    0x0000, 0x0000, 0x0000, 0x0000, 0x0000, 0x0000, 0x0000, 0x0000, 0x0000, 0x0000, 0x0000, 0x0000, 0x0000, 0x0000, 0x0000, 0x0000,
    0x0000, 0x0000, 0x0000, 0x0000, 0x0000, 0x0000, 0x0000, 0x0000, 0x0000, 0x0000, 0x0000, 0x0000, 0x0000, 0x0000, 0x0000, 0x0000,
    0x0000, 0x0000, 0x0000, 0x0000, 0x0000, 0x0000, 0x0000, 0x0000, 0x0000, 0x0000, 0x0000, 0x0000, 0x0000, 0x0000, 0x0000, 0x0000,
    0x0000, 0x0000, 0x0000, 0x0000, 0x0000, 0x0000, 0x0000, 0x0000, 0x0000, 0x0000, 0x0000, 0x0000, 0x0000, 0x0000, 0x0000, 0x0000,
    0x0000, 0x0000, 0x0000, 0x0000, 0x0000, 0x0000, 0x0000, 0x0000, 0x0000, 0x0000, 0x0000, 0x0000, 0x0000, 0x0000, 0x0000, 0x0000,
    0x0000, 0x0000, 0x0000, 0x0000, 0x0000, 0x0000, 0x0000, 0x0000, 0x0000, 0x0000, 0x0000, 0x0000, 0x0000, 0x0000, 0x0000, 0x0000,
    0x0000, 0x0000, 0x0000, 0x0000, 0x0000, 0x0000, 0x0000, 0x0000, 0x0000, 0x0000, 0x0000, 0x0000, 0x0000, 0x0000, 0x0000, 0x0000,
    0x0000, 0x0000, 0x0000, 0x0000, 0x0000, 0x0000, 0x0000, 0x0000, 0x0000, 0x0000, 0x0000, 0x0000, 0x0000, 0x0000, 0x0000, 0x0000,
    0x0000, 0x0000, 0x0000, 0x0000, 0x0000, 0x0000, 0x0000, 0x0000, 0x0000, 0x6B8A, 0x39C2, 0xF7FD, 0xA532, 0xA571, 0x7CAC, 0x6428,
    0x63E8, 0x5BA7, 0x5365, 0x5344, 0x5344, 0x5324, 0x5324, 0x42E3, 0x4345, 0x4B87, 0x4B88, 0x5388, 0x5387, 0x5386, 0x5B65, 0x5B65,
    0x5B65, 0x5B65, 0x5B65, 0x6365, 0x6385, 0x6385, 0x6385, 0x6BA5, 0x6BA6, 0x6BC6, 0x6BC6, 0x6BC6, 0x6BC6, 0x6BC6, 0x6BC6, 0x6BC6,
    0x6BC6, 0x6BC6, 0x6BC6, 0x6BC6, 0x6BC6, 0x6BA5, 0x63A5, 0x63A4, 0x63A4, 0x63A4, 0x63A4, 0x63E4, 0x6C05, 0x63C4, 0x4B23, 0x4AE3,
    0x5344, 0x5B44, 0x5B65, 0x5B66, 0x5B86, 0x5BA6, 0x63C7, 0x63E7, 0x6C07, 0x7427, 0x8488, 0xA52B, 0xC610, 0xD632, 0xBD91, 0xFF36,
    0xA4CF, 0xA4AF, 0x0000, 0x0000, 0x0000, 0x0000, 0x0000, 0x0000, 0x0000, 0x0000, 0x0000, 0x0000, 0x0000, 0x0000, 0x0000, 0x0000,
    0x0000, 0x0000, 0x0000, 0x0000, 0x0000, 0x0000, 0x0000, 0x0000, 0x0000, 0x0000, 0x0000, 0x0000, 0x0000, 0x0000, 0x0000, 0x0000,
    0x0000, 0x0000, 0x0000, 0x0000, 0x0000, 0x0000, 0x0000, 0x0000, 0x0000, 0x0000, 0x0000, 0x0000, 0x0000, 0x0000, 0x0000, 0x0000,
    0x0000, 0x0000, 0x0000, 0x0000, 0x0000, 0x0000, 0x0000, 0x0000, 0x0000, 0x0000, 0x0000, 0x0000, 0x0000, 0x0000, 0x0000, 0x0000,
    0x0000, 0x0000, 0x0000, 0x0000, 0x0000, 0x0000, 0x0000, 0x0000, 0x0000, 0x0000, 0x0000, 0x0000, 0x0000, 0x0000, 0x0000, 0x0000,
    0x0000, 0x0000, 0x0000, 0x0000, 0x0000, 0x0000, 0x0000, 0x0000, 0x0000, 0x0000, 0x0000, 0x0000, 0x0000, 0x0000, 0x0000, 0x0000,
    0x0000, 0x0000, 0x0000, 0x0000, 0x0000, 0x0000, 0x0000, 0x0000, 0x0000, 0x0000, 0x0000, 0x0000, 0x0000, 0x0000, 0x0000, 0x0000,
    0x0000, 0x0000, 0x0000, 0x0000, 0x0000, 0x0000, 0x0000, 0x0000, 0x0000, 0x0000, 0x0000, 0x0000, 0x0000, 0x0000, 0x0000, 0x0000,
    0x0000, 0x0000, 0x0000, 0x0000, 0x0000, 0x0000, 0x0000, 0x0000, 0x0000, 0x0000, 0x0000, 0x0000, 0x0000, 0x0000, 0x0000, 0x0000,
    0x0000, 0x0000, 0x0000, 0x0000, 0x0000, 0x0000, 0x0000, 0x0000, 0x0000, 0x0000, 0x0000, 0x0000, 0x0000, 0x0000, 0x0000, 0x0000,
    0x0000, 0x0000, 0x0000, 0x0000, 0x0000, 0x0000, 0x0000, 0x0000, 0x844D, 0x39E2, 0xE75B, 0xA532, 0xADB3, 0x8CED, 0x6C49, 0x6408,
    0x5BE7, 0x5BA6, 0x5365, 0x5344, 0x5344, 0x5324, 0x4B03, 0x42E3, 0x4345, 0x4B87, 0x5388, 0x53A9, 0x5388, 0x5386, 0x5B86, 0x5B65,
    0x5B65, 0x5B65, 0x6365, 0x6385, 0x6385, 0x6385, 0x6BA5, 0x6BA6, 0x6BA6, 0x6BC6, 0x6BC6, 0x6BC6, 0x6BC6, 0x6BC6, 0x6BC6, 0x6BC6,
    0x6BC6, 0x6BC6, 0x6BC6, 0x6BC6, 0x6BC6, 0x6BC5, 0x6BA5, 0x63A4, 0x63A4, 0x63A4, 0x63C4, 0x63E4, 0x6C05, 0x63E4, 0x5343, 0x42A3,
    0x4B03, 0x5344, 0x5B64, 0x5B65, 0x5B85, 0x5B86, 0x63A7, 0x63C7, 0x63E7, 0x6C07, 0x7427, 0x7C67, 0x9D0A, 0xC5F0, 0xD652, 0xCDD2,
    0x0000, 0xACCF, 0xBD71, 0x0000, 0x0000, 0x0000, 0x0000, 0x0000, 0x0000, 0x0000, 0x0000, 0x0000, 0x0000, 0x0000, 0x0000, 0x0000,
    0x0000, 0x0000, 0x0000, 0x0000, 0x0000, 0x0000, 0x0000, 0x0000, 0x0000, 0x0000, 0x0000, 0x0000, 0x0000, 0x0000, 0x0000, 0x0000,
    0x0000, 0x0000, 0x0000, 0x0000, 0x0000, 0x0000, 0x0000, 0x0000, 0x0000, 0x0000, 0x0000, 0x0000, 0x0000, 0x0000, 0x0000, 0x0000,
    0x0000, 0x0000, 0x0000, 0x0000, 0x0000, 0x0000, 0x0000, 0x0000, 0x0000, 0x0000, 0x0000, 0x0000, 0x0000, 0x0000, 0x0000, 0x0000,
    0x0000, 0x0000, 0x0000, 0x0000, 0x0000, 0x0000, 0x0000, 0x0000, 0x0000, 0x0000, 0x0000, 0x0000, 0x0000, 0x0000, 0x0000, 0x0000,
    0x0000, 0x0000, 0x0000, 0x0000, 0x0000, 0x0000, 0x0000, 0x0000, 0x0000, 0x0000, 0x0000, 0x0000, 0x0000, 0x0000, 0x0000, 0x0000,
    0x0000, 0x0000, 0x0000, 0x0000, 0x0000, 0x0000, 0x0000, 0x0000, 0x0000, 0x0000, 0x0000, 0x0000, 0x0000, 0x0000, 0x0000, 0x0000,
    0x0000, 0x0000, 0x0000, 0x0000, 0x0000, 0x0000, 0x0000, 0x0000, 0x0000, 0x0000, 0x0000, 0x0000, 0x0000, 0x0000, 0x0000, 0x0000,
    0x0000, 0x0000, 0x0000, 0x0000, 0x0000, 0x0000, 0x0000, 0x0000, 0x0000, 0x0000, 0x0000, 0x0000, 0x0000, 0x0000, 0x0000, 0x0000,
    0x0000, 0x0000, 0x0000, 0x0000, 0x0000, 0x0000, 0x0000, 0x0000, 0x0000, 0x0000, 0x0000, 0x0000, 0x0000, 0x0000, 0x0000, 0x0000,
    0x0000, 0x0000, 0x0000, 0x0000, 0x0000, 0x0000, 0x0000, 0x94CF, 0x94AF, 0xF7FD, 0xA532, 0xB5D4, 0x954F, 0x7469, 0x6C28, 0x6408,
    0x5BC7, 0x5B86, 0x5365, 0x5344, 0x5344, 0x4B24, 0x4AE3, 0x42E4, 0x4366, 0x4BA8, 0x53A9, 0x53A9, 0x53A8, 0x5B87, 0x5B86, 0x5B86,
    0x5B85, 0x5B85, 0x6385, 0x6385, 0x6385, 0x6BA5, 0x6BA6, 0x6BA6, 0x6BC6, 0x6BC6, 0x6BC6, 0x6BC6, 0x6BC6, 0x6BC6, 0x6BC6, 0x6BE6,
    0x6BC6, 0x6BC6, 0x6BC6, 0x6BC6, 0x6BC6, 0x6BC5, 0x6BC5, 0x6BC5, 0x63C4, 0x63C4, 0x63C4, 0x63E4, 0x6C05, 0x63E4, 0x5BA4, 0x42A3,
    0x42C2, 0x4B23, 0x5344, 0x5B65, 0x5B65, 0x5B86, 0x63A7, 0x63C8, 0x63E8, 0x63E8, 0x6C07, 0x7427, 0x7C67, 0x950A, 0xBDEF, 0xD653,
    0xD613, 0xA4CF, 0xCDF2, 0x9C8E, 0x9C8F, 0x0000, 0x0000, 0x0000, 0x0000, 0x0000, 0x0000, 0x0000, 0x0000, 0x0000, 0x0000, 0x0000,
    0x0000, 0x0000, 0x0000, 0x0000, 0x0000, 0x0000, 0x0000, 0x0000, 0x0000, 0x0000, 0x0000, 0x0000, 0x0000, 0x0000, 0x0000, 0x0000,
    0x0000, 0x0000, 0x0000, 0x0000, 0x0000, 0x0000, 0x0000, 0x0000, 0x0000, 0x0000, 0x0000, 0x0000, 0x0000, 0x0000, 0x0000, 0x0000,
    0x0000, 0x0000, 0x0000, 0x0000, 0x0000, 0x0000, 0x0000, 0x0000, 0x0000, 0x0000, 0x0000, 0x0000, 0x0000, 0x0000, 0x0000, 0x0000,
    0x0000, 0x0000, 0x0000, 0x0000, 0x0000, 0x0000, 0x0000, 0x0000, 0x0000, 0x0000, 0x0000, 0x0000, 0x0000, 0x0000, 0x0000, 0x0000,
    0x0000, 0x0000, 0x0000, 0x0000, 0x0000, 0x0000, 0x0000, 0x0000, 0x0000, 0x0000, 0x0000, 0x0000, 0x0000, 0x0000, 0x0000, 0x0000,
    0x0000, 0x0000, 0x0000, 0x0000, 0x0000, 0x0000, 0x0000, 0x0000, 0x0000, 0x0000, 0x0000, 0x0000, 0x0000, 0x0000, 0x0000, 0x0000,
    0x0000, 0x0000, 0x0000, 0x0000, 0x0000, 0x0000, 0x0000, 0x0000, 0x0000, 0x0000, 0x0000, 0x0000, 0x0000, 0x0000, 0x0000, 0x0000,
    0x0000, 0x0000, 0x0000, 0x0000, 0x0000, 0x0000, 0x0000, 0x0000, 0x0000, 0x0000, 0x0000, 0x0000, 0x0000, 0x0000, 0x0000, 0x0000,
    0x0000, 0x0000, 0x0000, 0x0000, 0x0000, 0x0000, 0x0000, 0x0000, 0x0000, 0x0000, 0x0000, 0x0000, 0x0000, 0x0000, 0x0000, 0x0000,
    0x0000, 0x0000, 0x0000, 0x0000, 0x0000, 0x4245, 0xC677, 0x8C8E, 0x0000, 0xA531, 0xB5D3, 0x9D6F, 0x748A, 0x6C48, 0x6428, 0x63E7,
    0x5BC7, 0x5B86, 0x5365, 0x5344, 0x5324, 0x4B03, 0x42E3, 0x3B04, 0x4386, 0x53A9, 0x53AA, 0x5BCA, 0x5BA8, 0x5BA7, 0x5BA6, 0x5B86,
    0x5B86, 0x6385, 0x6385, 0x6385, 0x63A5, 0x6BA6, 0x6BA6, 0x6BC6, 0x6BC6, 0x6BC6, 0x6BC6, 0x6BC6, 0x6BC6, 0x6BC6, 0x6BC6, 0x6BE6,
    0x6BE6, 0x6BE6, 0x6BC6, 0x6BC6, 0x6BC6, 0x6BC5, 0x6BC5, 0x6BC5, 0x6BC5, 0x6BC5, 0x6BC5, 0x6BE4, 0x6C05, 0x63E4, 0x63C4, 0x4B03,
    0x3A62, 0x42E2, 0x4B23, 0x5344, 0x5B65, 0x5B65, 0x5B86, 0x63C8, 0x6C09, 0x6C09, 0x6C08, 0x6C07, 0x7427, 0x7C67, 0x8CE9, 0xB5CE,
    0xD652, 0xD653, 0xB530, 0xFF98, 0xACF0, 0xC5B2, 0x0000, 0x0000, 0x0000, 0x0000, 0x0000, 0x0000, 0x0000, 0x0000, 0x0000, 0x0000,
    0x0000, 0x0000, 0x0000, 0x0000, 0x0000, 0x0000, 0x0000, 0x0000, 0x0000, 0x0000, 0x0000, 0x0000, 0x0000, 0x0000, 0x0000, 0x0000,
    0x0000, 0x0000, 0x0000, 0x0000, 0x0000, 0x0000, 0x0000, 0x0000, 0x0000, 0x0000, 0x0000, 0x0000, 0x0000, 0x0000, 0x0000, 0x0000,
    0x0000, 0x0000, 0x0000, 0x0000, 0x0000, 0x0000, 0x0000, 0x0000, 0x0000, 0x0000, 0x0000, 0x0000, 0x0000, 0x0000, 0x0000, 0x0000,
    0x0000, 0x0000, 0x0000, 0x0000, 0x0000, 0x0000, 0x0000, 0x0000, 0x0000, 0x0000, 0x0000, 0x0000, 0x0000, 0x0000, 0x0000, 0x0000,
    0x0000, 0x0000, 0x0000, 0x0000, 0x0000, 0x0000, 0x0000, 0x0000, 0x0000, 0x0000, 0x0000, 0x0000, 0x0000, 0x0000, 0x0000, 0x0000,
    0x0000, 0x0000, 0x0000, 0x0000, 0x0000, 0x0000, 0x0000, 0x0000, 0x0000, 0x0000, 0x0000, 0x0000, 0x0000, 0x0000, 0x0000, 0x0000,
    0x0000, 0x0000, 0x0000, 0x0000, 0x0000, 0x0000, 0x0000, 0x0000, 0x0000, 0x0000, 0x0000, 0x0000, 0x0000, 0x0000, 0x0000, 0x0000,
    0x0000, 0x0000, 0x0000, 0x0000, 0x0000, 0x0000, 0x0000, 0x0000, 0x0000, 0x0000, 0x0000, 0x0000, 0x0000, 0x0000, 0x0000, 0x0000,
    0x0000, 0x0000, 0x0000, 0x0000, 0x0000, 0x0000, 0x0000, 0x0000, 0x0000, 0x0000, 0x0000, 0x0000, 0x0000, 0x0000, 0x0000, 0x0000,
    0x0000, 0x0000, 0x0000, 0x0000, 0x0000, 0xFFFF, 0x9D31, 0x3A05, 0xAD72, 0xADB1, 0x952D, 0x74A9, 0x6C68, 0x6C28, 0x6407, 0x63E7,
    0x5BA6, 0x5B85, 0x5365, 0x5344, 0x4B24, 0x4B03, 0x3AA3, 0x3B25, 0x4BA7, 0x53C9, 0x53CA, 0x5BCA, 0x5BC9, 0x5BA7, 0x5BA7, 0x5BA6,
    0x5B86, 0x63A6, 0x63A6, 0x63A6, 0x6BA6, 0x6BC6, 0x6BC6, 0x6BC6, 0x6BC6, 0x6BC6, 0x6BC6, 0x6BC6, 0x6BE6, 0x6BE6, 0x73E6, 0x6BE6,
    0x6BE6, 0x6BE6, 0x6BE6, 0x6BC6, 0x6BC6, 0x6BE6, 0x6BE5, 0x6BE5, 0x6BE5, 0x6BE5, 0x6BE5, 0x6BE5, 0x6C05, 0x6C05, 0x63E4, 0x5B84,
    0x3A62, 0x3AA2, 0x4B03, 0x5323, 0x5344, 0x5B65, 0x5B85, 0x63A7, 0x6BE8, 0x740A, 0x6C2A, 0x6C08, 0x6C07, 0x7427, 0x7C67, 0x8CE9,
    0xAD8D, 0xD652, 0xDE74, 0xCE13, 0xFFFE, 0xAD10, 0xDE54, 0x0000, 0x0000, 0x0000, 0x0000, 0x0000, 0x0000, 0x0000, 0x0000, 0x0000,
    0x0000, 0x0000, 0x0000, 0x0000, 0x0000, 0x0000, 0x0000, 0x0000, 0x0000, 0x0000, 0x0000, 0x0000, 0x0000, 0x0000, 0x0000, 0x0000,
    0x0000, 0x0000, 0x0000, 0x0000, 0x0000, 0x0000, 0x0000, 0x0000, 0x0000, 0x0000, 0x0000, 0x0000, 0x0000, 0x0000, 0x0000, 0x0000,
    0x0000, 0x0000, 0x0000, 0x0000, 0x0000, 0x0000, 0x0000, 0x0000, 0x0000, 0x0000, 0x0000, 0x0000, 0x0000, 0x0000, 0x0000, 0x0000,
    0x0000, 0x0000, 0x0000, 0x0000, 0x0000, 0x0000, 0x0000, 0x0000, 0x0000, 0x0000, 0x0000, 0x0000, 0x0000, 0x0000, 0x0000, 0x0000,
    0x0000, 0x0000, 0x0000, 0x0000, 0x0000, 0x0000, 0x0000, 0x0000, 0x0000, 0x0000, 0x0000, 0x0000, 0x0000, 0x0000, 0x0000, 0x0000,
    0x0000, 0x0000, 0x0000, 0x0000, 0x0000, 0x0000, 0x0000, 0x0000, 0x0000, 0x0000, 0x0000, 0x0000, 0x0000, 0x0000, 0x0000, 0x0000,
    0x0000, 0x0000, 0x0000, 0x0000, 0x0000, 0x0000, 0x0000, 0x0000, 0x0000, 0x0000, 0x0000, 0x0000, 0x0000, 0x0000, 0x0000, 0x0000,
    0x0000, 0x0000, 0x0000, 0x0000, 0x0000, 0x0000, 0x0000, 0x0000, 0x0000, 0x0000, 0x0000, 0x0000, 0x0000, 0x0000, 0x0000, 0x0000,
    0x0000, 0x0000, 0x0000, 0x0000, 0x0000, 0x0000, 0x0000, 0x0000, 0x0000, 0x0000, 0x0000, 0x0000, 0x0000, 0x0000, 0x0000, 0x0000,
    0x0000, 0x0000, 0x0000, 0x94AF, 0x7BCB, 0xBDF4, 0x73CC, 0xAD93, 0xADD2, 0x8D2C, 0x7488, 0x7468, 0x6C48, 0x6C27, 0x6407, 0x63E7,
    0x5BA6, 0x5B85, 0x5365, 0x5344, 0x4B23, 0x42E3, 0x3AA3, 0x4366, 0x4BC8, 0x53EA, 0x5BEB, 0x5BEA, 0x5BC9, 0x5BC7, 0x5BA7, 0x63A6,
    0x63A6, 0x63A6, 0x63A6, 0x63A6, 0x6BC6, 0x6BC6, 0x6BC6, 0x6BC6, 0x6BC6, 0x6BC6, 0x73E6, 0x73E6, 0x6BE6, 0x6BE6, 0x6BE6, 0x73E6,
    0x73E6, 0x73E6, 0x6BE6, 0x6BE6, 0x6BE6, 0x6BE6, 0x73E6, 0x6BE5, 0x6C05, 0x6BE5, 0x6BE5, 0x6C05, 0x6C05, 0x6C05, 0x63E4, 0x5BC4,
    0x4B03, 0x3A42, 0x42C2, 0x4B03, 0x5324, 0x5344, 0x5B65, 0x5B86, 0x63C7, 0x6C09, 0x744B, 0x744B, 0x6C29, 0x6C28, 0x7448, 0x7C88,
    0x8CE9, 0xAD6C, 0xD651, 0xE6B5, 0xDE75, 0x62C9, 0xDE96, 0xA4D0, 0xBD92, 0x0000, 0x0000, 0x0000, 0x0000, 0x0000, 0x0000, 0x0000,
    0x0000, 0x0000, 0x0000, 0x0000, 0x0000, 0x0000, 0x0000, 0x0000, 0x0000, 0x0000, 0x0000, 0x0000, 0x0000, 0x0000, 0x0000, 0x0000,
    0x0000, 0x0000, 0x0000, 0x0000, 0x0000, 0x0000, 0x0000, 0x0000, 0x0000, 0x0000, 0x0000, 0x0000, 0x0000, 0x0000, 0x0000, 0x0000,
    0x0000, 0x0000, 0x0000, 0x0000, 0x0000, 0x0000, 0x0000, 0x0000, 0x0000, 0x0000, 0x0000, 0x0000, 0x0000, 0x0000, 0x0000, 0x0000,
    0x0000, 0x0000, 0x0000, 0x0000, 0x0000, 0x0000, 0x0000, 0x0000, 0x0000, 0x0000, 0x0000, 0x0000, 0x0000, 0x0000, 0x0000, 0x0000,
    0x0000, 0x0000, 0x0000, 0x0000, 0x0000, 0x0000, 0x0000, 0x0000, 0x0000, 0x0000, 0x0000, 0x0000, 0x0000, 0x0000, 0x0000, 0x0000,
    0x0000, 0x0000, 0x0000, 0x0000, 0x0000, 0x0000, 0x0000, 0x0000, 0x0000, 0x0000, 0x0000, 0x0000, 0x0000, 0x0000, 0x0000, 0x0000,
    0x0000, 0x0000, 0x0000, 0x0000, 0x0000, 0x0000, 0x0000, 0x0000, 0x0000, 0x0000, 0x0000, 0x0000, 0x0000, 0x0000, 0x0000, 0x0000,
    0x0000, 0x0000, 0x0000, 0x0000, 0x0000, 0x0000, 0x0000, 0x0000, 0x0000, 0x0000, 0x0000, 0x0000, 0x0000, 0x0000, 0x0000, 0x0000,
    0x0000, 0x0000, 0x0000, 0x0000, 0x0000, 0x0000, 0x0000, 0x0000, 0x0000, 0x0000, 0x0000, 0x0000, 0x0000, 0x0000, 0x0000, 0x0000,
    0x0000, 0x0000, 0x9CEF, 0x7C0B, 0xC656, 0x94CF, 0xB5D4, 0xB5F2, 0x8D2C, 0x74A8, 0x7468, 0x6C48, 0x6C28, 0x6C28, 0x6407, 0x63C6,
    0x5BA6, 0x5B85, 0x5364, 0x5344, 0x4B23, 0x42C3, 0x3AC4, 0x4386, 0x53E9, 0x5BEA, 0x5BEB, 0x5BEA, 0x5BE8, 0x5BC7, 0x63C7, 0x63C7,
    0x63A6, 0x63A6, 0x63C6, 0x6BC6, 0x6BC6, 0x6BC6, 0x6BC6, 0x6BC6, 0x6BC6, 0x6BE6, 0x73E6, 0x73E6, 0x73E7, 0x73E7, 0x73E7, 0x73E6,
    0x73E6, 0x73E6, 0x73E6, 0x6BE6, 0x73E6, 0x73E6, 0x73E6, 0x7405, 0x7405, 0x6C05, 0x6C05, 0x6C05, 0x6C05, 0x6C05, 0x6C05, 0x63E4,
    0x5384, 0x3A62, 0x3A62, 0x42E2, 0x4B03, 0x5344, 0x5B65, 0x5B85, 0x63A6, 0x63E8, 0x742A, 0x7C6C, 0x7C8C, 0x746B, 0x7449, 0x7468,
    0x7C88, 0x8CC8, 0xA54B, 0xCE30, 0xE6B5, 0xDE96, 0xBD72, 0xEF38, 0xA4D0, 0xD655, 0x0000, 0x0000, 0x0000, 0x0000, 0x0000, 0x0000,
    0x0000, 0x0000, 0x0000, 0x0000, 0x0000, 0x0000, 0x0000, 0x0000, 0x0000, 0x0000, 0x0000, 0x0000, 0x0000, 0x0000, 0x0000, 0x0000,
    0x0000, 0x0000, 0x0000, 0x0000, 0x0000, 0x0000, 0x0000, 0x0000, 0x0000, 0x0000, 0x0000, 0x0000, 0x0000, 0x0000, 0x0000, 0x0000,
    0x0000, 0x0000, 0x0000, 0x0000, 0x0000, 0x0000, 0x0000, 0x0000, 0x0000, 0x0000, 0x0000, 0x0000, 0x0000, 0x0000, 0x0000, 0x0000,
    0x0000, 0x0000, 0x0000, 0x0000, 0x0000, 0x0000, 0x0000, 0x0000, 0x0000, 0x0000, 0x0000, 0x0000, 0x0000, 0x0000, 0x0000, 0x0000,
    0x0000, 0x0000, 0x0000, 0x0000, 0x0000, 0x0000, 0x0000, 0x0000, 0x0000, 0x0000, 0x0000, 0x0000, 0x0000, 0x0000, 0x0000, 0x0000,
    0x0000, 0x0000, 0x0000, 0x0000, 0x0000, 0x0000, 0x0000, 0x0000, 0x0000, 0x0000, 0x0000, 0x0000, 0x0000, 0x0000, 0x0000, 0x0000,
    0x0000, 0x0000, 0x0000, 0x0000, 0x0000, 0x0000, 0x0000, 0x0000, 0x0000, 0x0000, 0x0000, 0x0000, 0x0000, 0x0000, 0x0000, 0x0000,
    0x0000, 0x0000, 0x0000, 0x0000, 0x0000, 0x0000, 0x0000, 0x0000, 0x0000, 0x0000, 0x0000, 0x0000, 0x0000, 0x0000, 0x0000, 0x0000,
    0x0000, 0x0000, 0x0000, 0x0000, 0x0000, 0x0000, 0x0000, 0x0000, 0x0000, 0x0000, 0x0000, 0x0000, 0x0000, 0x0000, 0x0000, 0x0000,
    0x0000, 0x62E7, 0x7BAA, 0xD676, 0xA531, 0xC614, 0xB5F2, 0x8D2B, 0x7CA8, 0x7488, 0x7468, 0x7449, 0x7449, 0x6C28, 0x6407, 0x63C6,
    0x5BA5, 0x5B85, 0x5364, 0x4B44, 0x4303, 0x3AA3, 0x4325, 0x4BC7, 0x5BE9, 0x5C0A, 0x640A, 0x5BE9, 0x63E8, 0x63E7, 0x63C7, 0x63C7,
    0x63C6, 0x63C6, 0x6BC6, 0x6BC6, 0x6BC6, 0x6BE6, 0x6BE6, 0x6BE6, 0x6BE6, 0x6BE6, 0x73E6, 0x73E7, 0x73E7, 0x73E7, 0x73E7, 0x73E7,
    0x73E6, 0x73E6, 0x73E6, 0x73E6, 0x73E6, 0x73E6, 0x7406, 0x7406, 0x7406, 0x7405, 0x7405, 0x6C05, 0x6C05, 0x6C05, 0x6C05, 0x63E4,
    0x5BC4, 0x4B23, 0x3222, 0x3A82, 0x42E2, 0x4B23, 0x5344, 0x5B65, 0x5BA6, 0x63C7, 0x6BE8, 0x744A, 0x7C8D, 0x84CE, 0x84AC, 0x7C8A,
    0x7C88, 0x84A8, 0x94E8, 0xAD2A, 0xCDEF, 0xE6B5, 0xE6D7, 0xD635, 0xFFFD, 0xBD51, 0xB511, 0x0000, 0x0000, 0x0000, 0x0000, 0x0000,
    0x0000, 0x0000, 0x0000, 0x0000, 0x0000, 0x0000, 0x0000, 0x0000, 0x0000, 0x0000, 0x0000, 0x0000, 0x0000, 0x0000, 0x0000, 0x0000,
    0x0000, 0x0000, 0x0000, 0x0000, 0x0000, 0x0000, 0x0000, 0x0000, 0x0000, 0x0000, 0x0000, 0x0000, 0x0000, 0x0000, 0x0000, 0x0000,
    0x0000, 0x0000, 0x0000, 0x0000, 0x0000, 0x0000, 0x0000, 0x0000, 0x0000, 0x0000, 0x0000, 0x0000, 0x0000, 0x0000, 0x0000, 0x0000,
    0x0000, 0x0000, 0x0000, 0x0000, 0x0000, 0x0000, 0x0000, 0x0000, 0x0000, 0x0000, 0x0000, 0x0000, 0x0000, 0x0000, 0x0000, 0x0000,
    0x0000, 0x0000, 0x0000, 0x0000, 0x0000, 0x0000, 0x0000, 0x0000, 0x0000, 0x0000, 0x0000, 0x0000, 0x0000, 0x0000, 0x0000, 0x0000,
    0x0000, 0x0000, 0x0000, 0x0000, 0x0000, 0x0000, 0x0000, 0x0000, 0x0000, 0x0000, 0x0000, 0x0000, 0x0000, 0x0000, 0x0000, 0x0000,
    0x0000, 0x0000, 0x0000, 0x0000, 0x0000, 0x0000, 0x0000, 0x0000, 0x0000, 0x0000, 0x0000, 0x0000, 0x0000, 0x0000, 0x0000, 0x0000,
    0x0000, 0x0000, 0x0000, 0x0000, 0x0000, 0x0000, 0x0000, 0x0000, 0x0000, 0x0000, 0x0000, 0x0000, 0x0000, 0x0000, 0x0000, 0x0000,
    0x0000, 0x0000, 0x0000, 0x0000, 0x0000, 0x0000, 0x0000, 0x0000, 0x0000, 0x0000, 0x0000, 0x0000, 0x0000, 0x0000, 0x0000, 0x8C0B,
    0xFFFF, 0x9CCF, 0x0000, 0xB592, 0xC634, 0xB5F1, 0x952B, 0x84C9, 0x7CA9, 0x7C89, 0x7C8A, 0x7C8B, 0x744A, 0x6C28, 0x63E7, 0x63C6,
    0x5BA5, 0x5385, 0x5344, 0x4B24, 0x42C3, 0x3AC3, 0x4B86, 0x53E8, 0x5C0A, 0x640A, 0x640A, 0x6409, 0x63E8, 0x63E7, 0x63E7, 0x63C7,
    0x63C7, 0x63C7, 0x6BE7, 0x6BE7, 0x6BE7, 0x6BE7, 0x6BE7, 0x6BE6, 0x6BE6, 0x73E7, 0x73E7, 0x73E7, 0x7407, 0x7407, 0x7407, 0x7407,
    0x7407, 0x7406, 0x73E6, 0x7406, 0x7406, 0x7406, 0x7406, 0x7406, 0x7406, 0x7406, 0x7426, 0x7426, 0x7425, 0x6C25, 0x6C25, 0x6C05,
    0x63E4, 0x5BA4, 0x42A3, 0x3222, 0x42A2, 0x4AE2, 0x4B23, 0x5344, 0x5B85, 0x5BA6, 0x63C7, 0x6C08, 0x746B, 0x84CD, 0x8CEF, 0x8CEE,
    0x84CB, 0x84A9, 0x8CC8, 0xA4E8, 0xB529, 0xCDCD, 0xE6B4, 0xEEF7, 0xDE96, 0xA4AF, 0xCE15, 0xBD95, 0xD655, 0x0000, 0x0000, 0x0000,
    0x0000, 0x0000, 0x0000, 0x0000, 0x0000, 0x0000, 0x0000, 0x0000, 0x0000, 0x0000, 0x0000, 0x0000, 0x0000, 0x0000, 0x0000, 0x0000,
    0x0000, 0x0000, 0x0000, 0x0000, 0x0000, 0x0000, 0x0000, 0x0000, 0x0000, 0x0000, 0x0000, 0x0000, 0x0000, 0x0000, 0x0000, 0x0000,
    0x0000, 0x0000, 0x0000, 0x0000, 0x0000, 0x0000, 0x0000, 0x0000, 0x0000, 0x0000, 0x0000, 0x0000, 0x0000, 0x0000, 0x0000, 0x0000,
    0x0000, 0x0000, 0x0000, 0x0000, 0x0000, 0x0000, 0x0000, 0x0000, 0x0000, 0x0000, 0x0000, 0x0000, 0x0000, 0x0000, 0x0000, 0x0000,
    0x0000, 0x0000, 0x0000, 0x0000, 0x0000, 0x0000, 0x0000, 0x0000, 0x0000, 0x0000, 0x0000, 0x0000, 0x0000, 0x0000, 0x0000, 0x0000,
    0x0000, 0x0000, 0x0000, 0x0000, 0x0000, 0x0000, 0x0000, 0x0000, 0x0000, 0x0000, 0x0000, 0x0000, 0x0000, 0x0000, 0x0000, 0x0000,
    0x0000, 0x0000, 0x0000, 0x0000, 0x0000, 0x0000, 0x0000, 0x0000, 0x0000, 0x0000, 0x0000, 0x0000, 0x0000, 0x0000, 0x0000, 0x0000,
    0x0000, 0x0000, 0x0000, 0x0000, 0x0000, 0x0000, 0x0000, 0x0000, 0x0000, 0x0000, 0x0000, 0x0000, 0x0000, 0x0000, 0x0000, 0x0000,
    0x0000, 0x0000, 0x0000, 0x0000, 0x0000, 0x0000, 0x0000, 0x0000, 0x0000, 0x0000, 0x0000, 0x0000, 0x0000, 0x0000, 0x0000, 0xFFFF,
    0xB592, 0x0000, 0xBDB3, 0xCE55, 0xBDF0, 0x9D2A, 0x8CC8, 0x84C9, 0x84A9, 0x84AB, 0x8CEE, 0x84AD, 0x7449, 0x6C08, 0x63E7, 0x5BA6,
    0x5B85, 0x5364, 0x4B44, 0x4303, 0x3AA3, 0x4324, 0x53C7, 0x5C09, 0x642A, 0x642A, 0x6409, 0x6409, 0x6408, 0x63E7, 0x63E7, 0x63E7,
    0x63E7, 0x6BE7, 0x6BE7, 0x6C07, 0x6C07, 0x7407, 0x7407, 0x7407, 0x73E7, 0x73E7, 0x73E7, 0x7407, 0x7407, 0x7407, 0x7407, 0x7407,
    0x7407, 0x7407, 0x7406, 0x7406, 0x7406, 0x7406, 0x7406, 0x7406, 0x7406, 0x7406, 0x7426, 0x7426, 0x7426, 0x7425, 0x6C25, 0x6C25,
    0x6C05, 0x63E5, 0x5364, 0x3A42, 0x3A42, 0x42C2, 0x4AE2, 0x4B23, 0x5364, 0x5B85, 0x63C6, 0x63E7, 0x6C08, 0x746A, 0x84CD, 0x952F,
    0x952F, 0x94EC, 0x94C9, 0xA4C8, 0xB507, 0xC528, 0xCDAB, 0xE672, 0xEEF7, 0xE6B7, 0xC5D4, 0xDE32, 0xBD51, 0x0000, 0x0000, 0x0000,
    0x0000, 0x0000, 0x0000, 0x0000, 0x0000, 0x0000, 0x0000, 0x0000, 0x0000, 0x0000, 0x0000, 0x0000, 0x0000, 0x0000, 0x0000, 0x0000,
    0x0000, 0x0000, 0x0000, 0x0000, 0x0000, 0x0000, 0x0000, 0x0000, 0x0000, 0x0000, 0x0000, 0x0000, 0x0000, 0x0000, 0x0000, 0x0000,
    0x0000, 0x0000, 0x0000, 0x0000, 0x0000, 0x0000, 0x0000, 0x0000, 0x0000, 0x0000, 0x0000, 0x0000, 0x0000, 0x0000, 0x0000, 0x0000,
    0x0000, 0x0000, 0x0000, 0x0000, 0x0000, 0x0000, 0x0000, 0x0000, 0x0000, 0x0000, 0x0000, 0x0000, 0x0000, 0x0000, 0x0000, 0x0000,
    0x0000, 0x0000, 0x0000, 0x0000, 0x0000, 0x0000, 0x0000, 0x0000, 0x0000, 0x0000, 0x0000, 0x0000, 0x0000, 0x0000, 0x0000, 0x0000,
    0x0000, 0x0000, 0x0000, 0x0000, 0x0000, 0x0000, 0x0000, 0x0000, 0x0000, 0x0000, 0x0000, 0x0000, 0x0000, 0x0000, 0x0000, 0x0000,
    0x0000, 0x0000, 0x0000, 0x0000, 0x0000, 0x0000, 0x0000, 0x0000, 0x0000, 0x0000, 0x0000, 0x0000, 0x0000, 0x0000, 0x0000, 0x0000,
    0x0000, 0x0000, 0x0000, 0x0000, 0x0000, 0x0000, 0x0000, 0x0000, 0x0000, 0x0000, 0x0000, 0x0000, 0x0000, 0x0000, 0x0000, 0x0000,
    0x0000, 0x0000, 0x0000, 0x0000, 0x0000, 0x0000, 0x0000, 0x0000, 0x0000, 0x0000, 0x0000, 0x0000, 0x0000, 0x0000, 0xB531, 0xBD72,
    0x62C6, 0xC615, 0xD675, 0xCE10, 0xAD4A, 0xA509, 0x94E9, 0x8CEA, 0x94EC, 0x9D30, 0x8CEE, 0x7C6A, 0x6C29, 0x6C07, 0x63E6, 0x5BA5,
    0x5B85, 0x5364, 0x4B24, 0x3AC3, 0x3AC4, 0x4BA6, 0x5C08, 0x644A, 0x644A, 0x642A, 0x6429, 0x6428, 0x6408, 0x6407, 0x6407, 0x6407,
    0x6C07, 0x6C08, 0x7428, 0x7428, 0x7428, 0x7407, 0x7407, 0x7407, 0x7407, 0x7407, 0x7407, 0x7407, 0x7407, 0x7407, 0x7427, 0x7427,
    0x7427, 0x7407, 0x7406, 0x7406, 0x7406, 0x7406, 0x7406, 0x7406, 0x7426, 0x7426, 0x7426, 0x7426, 0x7426, 0x7426, 0x7426, 0x6C26,
    0x6C25, 0x6C25, 0x63E5, 0x4B24, 0x3222, 0x3A62, 0x42C2, 0x4B02, 0x4B23, 0x5364, 0x5B85, 0x63C6, 0x6BE7, 0x6C28, 0x7C4A, 0x8CCC,
    0x9D2F, 0xA54F, 0xAD4D, 0xAD0A, 0xB508, 0xBD07, 0xCD28, 0xD569, 0xDE30, 0xEED6, 0xE6D8, 0xD634, 0xDEB9, 0x8C97, 0x0000, 0x0000,
    0x0000, 0x0000, 0x0000, 0x0000, 0x0000, 0x0000, 0x0000, 0x0000, 0x0000, 0x0000, 0x0000, 0x0000, 0x0000, 0x0000, 0x0000, 0x0000,
    0x0000, 0x0000, 0x0000, 0x0000, 0x0000, 0x0000, 0x0000, 0x0000, 0x0000, 0x0000, 0x0000, 0x0000, 0x0000, 0x0000, 0x0000, 0x0000,
    0x0000, 0x0000, 0x0000, 0x0000, 0x0000, 0x0000, 0x0000, 0x0000, 0x0000, 0x0000, 0x0000, 0x0000, 0x0000, 0x0000, 0x0000, 0x0000,
    0x0000, 0x0000, 0x0000, 0x0000, 0x0000, 0x0000, 0x0000, 0x0000, 0x0000, 0x0000, 0x0000, 0x0000, 0x0000, 0x0000, 0x0000, 0x0000,
    0x0000, 0x0000, 0x0000, 0x0000, 0x0000, 0x0000, 0x0000, 0x0000, 0x0000, 0x0000, 0x0000, 0x0000, 0x0000, 0x0000, 0x0000, 0x0000,
    0x0000, 0x0000, 0x0000, 0x0000, 0x0000, 0x0000, 0x0000, 0x0000, 0x0000, 0x0000, 0x0000, 0x0000, 0x0000, 0x0000, 0x0000, 0x0000,
    0x0000, 0x0000, 0x0000, 0x0000, 0x0000, 0x0000, 0x0000, 0x0000, 0x0000, 0x0000, 0x0000, 0x0000, 0x0000, 0x0000, 0x0000, 0x0000,
    0x0000, 0x0000, 0x0000, 0x0000, 0x0000, 0x0000, 0x0000, 0x0000, 0x0000, 0x0000, 0x0000, 0x0000, 0x0000, 0x0000, 0x0000, 0x0000,
    0x0000, 0x0000, 0x0000, 0x0000, 0x0000, 0x0000, 0x0000, 0x0000, 0x0000, 0x0000, 0x0000, 0x0000, 0xCE15, 0x72C5, 0xC5F4, 0xAD10,
    0xD676, 0xDE75, 0xD5EF, 0xBD6A, 0xB529, 0xAD29, 0xA52B, 0xA54E, 0xA570, 0x8CEE, 0x7C6A, 0x7449, 0x6C28, 0x63E7, 0x63C6, 0x5BA5,
    0x5384, 0x4B64, 0x4303, 0x3AA3, 0x4B65, 0x5407, 0x6449, 0x646A, 0x646A, 0x6449, 0x6449, 0x6448, 0x6428, 0x6427, 0x6C27, 0x6C28,
    0x6C28, 0x7449, 0x7449, 0x7449, 0x7428, 0x7428, 0x7427, 0x7407, 0x7407, 0x7407, 0x7407, 0x7407, 0x7427, 0x7C27, 0x7C28, 0x7C28,
    0x7C28, 0x7C27, 0x7C27, 0x7426, 0x7426, 0x7426, 0x7426, 0x7426, 0x7426, 0x7426, 0x7426, 0x7426, 0x7446, 0x7446, 0x7446, 0x7446,
    0x7446, 0x6C26, 0x6C25, 0x5BE5, 0x4303, 0x3242, 0x3AA2, 0x42E2, 0x4B03, 0x5343, 0x5364, 0x5BA4, 0x63C6, 0x6C07, 0x7428, 0x7C69,
    0x8CAB, 0xA52E, 0xB590, 0xBD8F, 0xBD4C, 0xC529, 0xCD28, 0xD548, 0xD568, 0xE5ED, 0xE650, 0xD56C, 0x5316, 0x8C97, 0x0000, 0x0000,
    0x0000, 0x0000, 0x0000, 0x0000, 0x0000, 0x0000, 0x0000, 0x0000, 0x0000, 0x0000, 0x0000, 0x0000, 0x0000, 0x0000, 0x0000, 0x0000,
    0x0000, 0x0000, 0x0000, 0x0000, 0x0000, 0x0000, 0x0000, 0x0000, 0x0000, 0x0000, 0x0000, 0x0000, 0x0000, 0x0000, 0x0000, 0x0000,
    0x0000, 0x0000, 0x0000, 0x0000, 0x0000, 0x0000, 0x0000, 0x0000, 0x0000, 0x0000, 0x0000, 0x0000, 0x0000, 0x0000, 0x0000, 0x0000,
    0x0000, 0x0000, 0x0000, 0x0000, 0x0000, 0x0000, 0x0000, 0x0000, 0x0000, 0x0000, 0x0000, 0x0000, 0x0000, 0x0000, 0x0000, 0x0000,
    0x0000, 0x0000, 0x0000, 0x0000, 0x0000, 0x0000, 0x0000, 0x0000, 0x0000, 0x0000, 0x0000, 0x0000, 0x0000, 0x0000, 0x0000, 0x0000,
    0x0000, 0x0000, 0x0000, 0x0000, 0x0000, 0x0000, 0x0000, 0x0000, 0x0000, 0x0000, 0x0000, 0x0000, 0x0000, 0x0000, 0x0000, 0x0000,
    0x0000, 0x0000, 0x0000, 0x0000, 0x0000, 0x0000, 0x0000, 0x0000, 0x0000, 0x0000, 0x0000, 0x0000, 0x0000, 0x0000, 0x0000, 0x0000,
    0x0000, 0x0000, 0x0000, 0x0000, 0x0000, 0x0000, 0x0000, 0x0000, 0x0000, 0x0000, 0x0000, 0x0000, 0x0000, 0x0000, 0x0000, 0x0000,
    0x0000, 0x0000, 0x0000, 0x0000, 0x0000, 0x0000, 0x0000, 0x0000, 0x0000, 0x0000, 0x0000, 0x0000, 0xA5DF, 0xCD8F, 0xBDD5, 0xDEB8,
    0xE6B5, 0xD5CD, 0xC569, 0xBD49, 0xBD4A, 0xB56D, 0xB5B0, 0xAD91, 0x94ED, 0x848A, 0x7449, 0x7428, 0x6C07, 0x63E6, 0x5BA5, 0x5B85,
    0x5364, 0x4B44, 0x3AC3, 0x4324, 0x5406, 0x6448, 0x6C6A, 0x6C8A, 0x6C6A, 0x6C69, 0x6C69, 0x6C68, 0x6C48, 0x6C48, 0x6C48, 0x7449,
    0x746A, 0x7C6A, 0x7C6A, 0x7C6A, 0x7C49, 0x7448, 0x7428, 0x7427, 0x7407, 0x7407, 0x7427, 0x7C27, 0x7C28, 0x7C48, 0x7C48, 0x7C49,
    0x7C48, 0x7C48, 0x7C47, 0x7C47, 0x7C46, 0x7C26, 0x7C26, 0x7C26, 0x7C26, 0x7C26, 0x7C46, 0x7C46, 0x7C46, 0x7446, 0x7446, 0x7446,
    0x7446, 0x7446, 0x6C46, 0x6C26, 0x5BC5, 0x42E3, 0x3262, 0x3AC3, 0x4303, 0x4B23, 0x5343, 0x5364, 0x5BA4, 0x63C5, 0x7406, 0x7C48,
    0x8C68, 0xA4CA, 0xB54E, 0xC5B1, 0xC5D1, 0xCDAE, 0xCD6A, 0xD548, 0xDD47, 0xD507, 0xCCE7, 0xC4C8, 0xFF76, 0xC5F7, 0xFFFE, 0xACD1,
    0x0000, 0x0000, 0x0000, 0x0000, 0x0000, 0x0000, 0x0000, 0x0000, 0x0000, 0x0000, 0x0000, 0x0000, 0x0000, 0x0000, 0x0000, 0x0000,
    0x0000, 0x0000, 0x0000, 0x0000, 0x0000, 0x0000, 0x0000, 0x0000, 0x0000, 0x0000, 0x0000, 0x0000, 0x0000, 0x0000, 0x0000, 0x0000,
    0x0000, 0x0000, 0x0000, 0x0000, 0x0000, 0x0000, 0x0000, 0x0000, 0x0000, 0x0000, 0x0000, 0x0000, 0x0000, 0x0000, 0x0000, 0x0000,
    0x0000, 0x0000, 0x0000, 0x0000, 0x0000, 0x0000, 0x0000, 0x0000, 0x0000, 0x0000, 0x0000, 0x0000, 0x0000, 0x0000, 0x0000, 0x0000,
    0x0000, 0x0000, 0x0000, 0x0000, 0x0000, 0x0000, 0x0000, 0x0000, 0x0000, 0x0000, 0x0000, 0x0000, 0x0000, 0x0000, 0x0000, 0x0000,
    0x0000, 0x0000, 0x0000, 0x0000, 0x0000, 0x0000, 0x0000, 0x0000, 0x0000, 0x0000, 0x0000, 0x0000, 0x0000, 0x0000, 0x0000, 0x0000,
    0x0000, 0x0000, 0x0000, 0x0000, 0x0000, 0x0000, 0x0000, 0x0000, 0x0000, 0x0000, 0x0000, 0x0000, 0x0000, 0x0000, 0x0000, 0x0000,
    0x0000, 0x0000, 0x0000, 0x0000, 0x0000, 0x0000, 0x0000, 0x0000, 0x0000, 0x0000, 0x0000, 0x0000, 0x0000, 0x0000, 0x0000, 0x0000,
    0x0000, 0x0000, 0x0000, 0x0000, 0x0000, 0x0000, 0x0000, 0x0000, 0x0000, 0x0000, 0x0000, 0x0000, 0xD654, 0xBCEB, 0xDEB7, 0xEF39,
    0xDE0F, 0xCD69, 0xCD6A, 0xC58D, 0xC5D0, 0xC5F2, 0xB5B1, 0xA50C, 0x8CA9, 0x8468, 0x7427, 0x6C07, 0x63E6, 0x63C5, 0x5BA5, 0x5384,
    0x4B64, 0x42E3, 0x42E4, 0x53E6, 0x5C48, 0x6C89, 0x6C8A, 0x6C8A, 0x6C89, 0x6C89, 0x6C89, 0x6C88, 0x6C88, 0x6C88, 0x7489, 0x7C8A,
    0x84AC, 0x8CCD, 0x84AC, 0x848B, 0x7C89, 0x7C68, 0x7C48, 0x7C47, 0x7C27, 0x7C27, 0x7C27, 0x7C48, 0x7C48, 0x7C49, 0x846A, 0x846A,
    0x846A, 0x7C69, 0x7C68, 0x7C47, 0x7C47, 0x7C47, 0x7C46, 0x7C46, 0x7C46, 0x7C46, 0x7C45, 0x7C46, 0x7C46, 0x7C66, 0x7466, 0x7466,
    0x7467, 0x7467, 0x7467, 0x7467, 0x6C26, 0x5BE5, 0x4304, 0x3A83, 0x4303, 0x4B43, 0x4B43, 0x5343, 0x5B83, 0x63A4, 0x6BC4, 0x8405,
    0x9447, 0xA488, 0xACE9, 0xBD6D, 0xC5D1, 0xD5F1, 0xD5CE, 0xDD69, 0xD4C6, 0xCCAA, 0xD591, 0xDE36, 0xDEB9, 0x0000, 0xDEB9, 0x83AD,
    0x944F, 0x0000, 0x0000, 0x0000, 0x0000, 0x0000, 0x0000, 0x0000, 0x0000, 0x0000, 0x0000, 0x0000, 0x0000, 0x0000, 0x0000, 0x0000,
    0x0000, 0x0000, 0x0000, 0x0000, 0x0000, 0x0000, 0x0000, 0x0000, 0x0000, 0x0000, 0x0000, 0x0000, 0x0000, 0x0000, 0x0000, 0x0000,
    0x0000, 0x0000, 0x0000, 0x0000, 0x0000, 0x0000, 0x0000, 0x0000, 0x0000, 0x0000, 0x0000, 0x0000, 0x0000, 0x0000, 0x0000, 0x0000,
    0x0000, 0x0000, 0x0000, 0x0000, 0x0000, 0x0000, 0x0000, 0x0000, 0x0000, 0x0000, 0x0000, 0x0000, 0x0000, 0x0000, 0x0000, 0x0000,
    0x0000, 0x0000, 0x0000, 0x0000, 0x0000, 0x0000, 0x0000, 0x0000, 0x0000, 0x0000, 0x0000, 0x0000, 0x0000, 0x0000, 0x0000, 0x0000,
    0x0000, 0x0000, 0x0000, 0x0000, 0x0000, 0x0000, 0x0000, 0x0000, 0x0000, 0x0000, 0x0000, 0x0000, 0x0000, 0x0000, 0x0000, 0x0000,
    0x0000, 0x0000, 0x0000, 0x0000, 0x0000, 0x0000, 0x0000, 0x0000, 0x0000, 0x0000, 0x0000, 0x0000, 0x0000, 0x0000, 0x0000, 0x0000,
    0x0000, 0x0000, 0x0000, 0x0000, 0x0000, 0x0000, 0x0000, 0x0000, 0x0000, 0x0000, 0x0000, 0x0000, 0x0000, 0x0000, 0x0000, 0x0000,
    0x0000, 0x0000, 0x0000, 0x0000, 0x0000, 0x0000, 0x0000, 0x0000, 0x0000, 0x0000, 0x0000, 0x0000, 0xD58A, 0xBCC8, 0xD58B, 0xDE0E,
    0xD589, 0xD58B, 0xCDCF, 0xCDF2, 0xC5F2, 0xBD8F, 0xAD0B, 0x9CC9, 0x9488, 0x8447, 0x7426, 0x6BE5, 0x63C5, 0x5BA4, 0x5B84, 0x5384,
    0x4B24, 0x42E4, 0x4BA5, 0x5C47, 0x6C89, 0x6CAA, 0x74AA, 0x74AA, 0x74A9, 0x74A9, 0x74A9, 0x74A9, 0x74A9, 0x74A9, 0x7CAA, 0x84EC,
    0x9D50, 0xA572, 0x94EE, 0x84CB, 0x84AA, 0x7C89, 0x7C68, 0x7C48, 0x7C47, 0x7C48, 0x7C48, 0x8468, 0x8469, 0x846A, 0x848B, 0x8CAC,
    0x8CAB, 0x848A, 0x8489, 0x8488, 0x7C68, 0x7C67, 0x7C67, 0x7C66, 0x7C46, 0x7C46, 0x7C46, 0x7C66, 0x7C66, 0x7C66, 0x7C67, 0x7467,
    0x7467, 0x7487, 0x7487, 0x7487, 0x7467, 0x6C46, 0x5BE5, 0x4304, 0x3AA3, 0x4B24, 0x4B64, 0x5363, 0x5B63, 0x5B63, 0x6B83, 0x83C4,
    0x9404, 0xA466, 0xACA7, 0xB4E9, 0xC56C, 0xD5F0, 0xD58C, 0xCCC7, 0xCCCC, 0xDD72, 0xE636, 0xE698, 0xE6D9, 0xE6D9, 0xD678, 0x0000,
    0xE6D9, 0xD678, 0xE6FA, 0x0000, 0x0000, 0x0000, 0x0000, 0x0000, 0x0000, 0x0000, 0x0000, 0x0000, 0x0000, 0x0000, 0x0000, 0x0000,
    0x0000, 0x0000, 0x0000, 0x0000, 0x0000, 0x0000, 0x0000, 0x0000, 0x0000, 0x0000, 0x0000, 0x0000, 0x0000, 0x0000, 0x0000, 0x0000,
    0x0000, 0x0000, 0x0000, 0x0000, 0x0000, 0x0000, 0x0000, 0x0000, 0x0000, 0x0000, 0x0000, 0x0000, 0x0000, 0x0000, 0x0000, 0x0000,
    0x0000, 0x0000, 0x0000, 0x0000, 0x0000, 0x0000, 0x0000, 0x0000, 0x0000, 0x0000, 0x0000, 0x0000, 0x0000, 0x0000, 0x0000, 0x0000,
    0x0000, 0x0000, 0x0000, 0x0000, 0x0000, 0x0000, 0x0000, 0x0000, 0x0000, 0x0000, 0x0000, 0x0000, 0x0000, 0x0000, 0x0000, 0x0000,
    0x0000, 0x0000, 0x0000, 0x0000, 0x0000, 0x0000, 0x0000, 0x0000, 0x0000, 0x0000, 0x0000, 0x0000, 0x0000, 0x0000, 0x0000, 0x0000,
    0x0000, 0x0000, 0x0000, 0x0000, 0x0000, 0x0000, 0x0000, 0x0000, 0x0000, 0x0000, 0x0000, 0x0000, 0x0000, 0x0000, 0x0000, 0x0000,
    0x0000, 0x0000, 0x0000, 0x0000, 0x0000, 0x0000, 0x0000, 0x0000, 0x0000, 0x0000, 0x0000, 0x0000, 0x0000, 0x0000, 0x0000, 0x0000,
    0x0000, 0x0000, 0x0000, 0x0000, 0x0000, 0x0000, 0x0000, 0x0000, 0x0000, 0x0000, 0xE6D9, 0xDEB8, 0xDE54, 0xBC86, 0xB445, 0xBC45,
    0xCCC4, 0xD569, 0xD612, 0xCE12, 0xC58E, 0xBD2B, 0xACE9, 0xA4A8, 0x9466, 0x8C25, 0x7C04, 0x6BE4, 0x63C4, 0x5BA4, 0x5384, 0x5364,
    0x4304, 0x4B65, 0x5C27, 0x6C88, 0x74AA, 0x74CA, 0x74CA, 0x74C9, 0x74C9, 0x74C9, 0x7CC9, 0x7CC9, 0x7CC9, 0x7CEA, 0x84EB, 0x9D4F,
    0xB5D4, 0xB5B4, 0x950E, 0x8CEB, 0x84AA, 0x84A9, 0x7C88, 0x7C68, 0x7C68, 0x8468, 0x8469, 0x8489, 0x848A, 0x8CAC, 0x8CED, 0x950E,
    0x94EE, 0x8CCC, 0x84AB, 0x84A9, 0x84A8, 0x8488, 0x8487, 0x8487, 0x8466, 0x8466, 0x8466, 0x8466, 0x8486, 0x7C87, 0x7C87, 0x7C87,
    0x7487, 0x7C87, 0x7CA7, 0x7487, 0x7C87, 0x7487, 0x6C67, 0x6406, 0x4B24, 0x42C3, 0x4B64, 0x5384, 0x5B83, 0x6363, 0x6B62, 0x83A3,
    0x93E3, 0x9C24, 0xAC65, 0xB4C7, 0xC508, 0xCD48, 0xCCC7, 0xCCCD, 0xDD93, 0xE5F5, 0xE636, 0xE657, 0xEE98, 0xEED9, 0xEEFA, 0xE6D9,
    0xD678, 0xFF9B, 0xDEB9, 0xEF1B, 0x94AF, 0x0000, 0x0000, 0x0000, 0x0000, 0x0000, 0x0000, 0x0000, 0x0000, 0x0000, 0x0000, 0x0000,
    0x0000, 0x0000, 0x0000, 0x0000, 0x0000, 0x0000, 0x0000, 0x0000, 0x0000, 0x0000, 0x0000, 0x0000, 0x0000, 0x0000, 0x0000, 0x0000,
    0x0000, 0x0000, 0x0000, 0x0000, 0x0000, 0x0000, 0x0000, 0x0000, 0x0000, 0x0000, 0x0000, 0x0000, 0x0000, 0x0000, 0x0000, 0x0000,
    0x0000, 0x0000, 0x0000, 0x0000, 0x0000, 0x0000, 0x0000, 0x0000, 0x0000, 0x0000, 0x0000, 0x0000, 0x0000, 0x0000, 0x0000, 0x0000,
    0x0000, 0x0000, 0x0000, 0x0000, 0x0000, 0x0000, 0x0000, 0x0000, 0x0000, 0x0000, 0x0000, 0x0000, 0x0000, 0x0000, 0x0000, 0x0000,
    0x0000, 0x0000, 0x0000, 0x0000, 0x0000, 0x0000, 0x0000, 0x0000, 0x0000, 0x0000, 0x0000, 0x0000, 0x0000, 0x0000, 0x0000, 0x0000,
    0x0000, 0x0000, 0x0000, 0x0000, 0x0000, 0x0000, 0x0000, 0x0000, 0x0000, 0x0000, 0x0000, 0x0000, 0x0000, 0x0000, 0x0000, 0x0000,
    0x0000, 0x0000, 0x0000, 0x0000, 0x0000, 0x0000, 0x0000, 0x0000, 0x0000, 0x0000, 0x0000, 0x0000, 0x0000, 0x0000, 0x0000, 0x0000,
    0x0000, 0x0000, 0x0000, 0x0000, 0x0000, 0x0000, 0x0000, 0x0000, 0x0000, 0xEF3B, 0xDEB9, 0xFFDE, 0xEF3B, 0xDE55, 0xD5D3, 0xD593,
    0xCC8B, 0xC464, 0xCD48, 0xCDAE, 0xC54B, 0xBD09, 0xB4C8, 0xA486, 0x9C45, 0x8C24, 0x7BE3, 0x6BC3, 0x63A3, 0x5BA4, 0x5384, 0x4B24,
    0x4B44, 0x6426, 0x6C88, 0x74C9, 0x74CA, 0x74CA, 0x74C9, 0x7CE9, 0x7CE9, 0x7CE9, 0x7CE9, 0x7CE9, 0x84EA, 0x850B, 0x952D, 0xB5D3,
    0xBE16, 0xADB2, 0x952D, 0x8CEB, 0x84CA, 0x84C9, 0x84A9, 0x8488, 0x8488, 0x8489, 0x84AA, 0x8CAB, 0x8CCC, 0x94ED, 0x9D2F, 0x9D50,
    0x9D2F, 0x950E, 0x8CEC, 0x84CA, 0x84C9, 0x84A8, 0x84A8, 0x84A7, 0x84A7, 0x8487, 0x8486, 0x8486, 0x8486, 0x8487, 0x7C87, 0x7CA8,
    0x7CA8, 0x7CA8, 0x7CA8, 0x7CA8, 0x7CA8, 0x7CA7, 0x7C87, 0x7467, 0x6426, 0x4B24, 0x42E3, 0x5384, 0x5BA4, 0x6383, 0x6B83, 0x7B82,
    0x8BA2, 0x9BE3, 0xA423, 0xB484, 0xC4C4, 0xC485, 0xC4AC, 0xD593, 0xDDF5, 0xE616, 0xE636, 0xE636, 0xE657, 0xE677, 0xEEB8, 0xEEF9,
    0xEF1A, 0xE6D9, 0xD6B9, 0xE6DA, 0xF73B, 0x744E, 0x0000, 0x0000, 0x0000, 0x0000, 0x0000, 0x0000, 0x0000, 0x0000, 0x0000, 0x0000,
    0x0000, 0x0000, 0x0000, 0x0000, 0x0000, 0x0000, 0x0000, 0x0000, 0x0000, 0x0000, 0x0000, 0x0000, 0x0000, 0x0000, 0x0000, 0x0000,
    0x0000, 0x0000, 0x0000, 0x0000, 0x0000, 0x0000, 0x0000, 0x0000, 0x0000, 0x0000, 0x0000, 0x0000, 0x0000, 0x0000, 0x0000, 0x0000,
    0x0000, 0x0000, 0x0000, 0x0000, 0x0000, 0x0000, 0x0000, 0x0000, 0x0000, 0x0000, 0x0000, 0x0000, 0x0000, 0x0000, 0x0000, 0x0000,
    0x0000, 0x0000, 0x0000, 0x0000, 0x0000, 0x0000, 0x0000, 0x0000, 0x0000, 0x0000, 0x0000, 0x0000, 0x0000, 0x0000, 0x0000, 0x0000,
    0x0000, 0x0000, 0x0000, 0x0000, 0x0000, 0x0000, 0x0000, 0x0000, 0x0000, 0x0000, 0x0000, 0x0000, 0x0000, 0x0000, 0x0000, 0x0000,
    0x0000, 0x0000, 0x0000, 0x0000, 0x0000, 0x0000, 0x0000, 0x0000, 0x0000, 0x0000, 0x0000, 0x0000, 0x0000, 0x0000, 0x0000, 0x0000,
    0x0000, 0x0000, 0x0000, 0x0000, 0x0000, 0x0000, 0x0000, 0x0000, 0x0000, 0x0000, 0x0000, 0x0000, 0x0000, 0x0000, 0x0000, 0x0000,
    0x0000, 0x0000, 0x0000, 0x0000, 0x0000, 0x0000, 0x0000, 0xE6D9, 0xDEB9, 0xEF1A, 0xDEB9, 0xEF1B, 0xEF1A, 0xEEDA, 0xEE98, 0xE677,
    0xE5F5, 0xCCAD, 0xC444, 0xC4E5, 0xC529, 0xBCE8, 0xB4A6, 0xAC65, 0xA423, 0x9403, 0x83E3, 0x73C3, 0x63A3, 0x5BA4, 0x5364, 0x42E3,
    0x63E7, 0x7CC9, 0x7CC9, 0x7CE9, 0x7CE9, 0x7CE9, 0x7CE9, 0x7CE9, 0x7CE9, 0x84E9, 0x84E9, 0x8509, 0x8509, 0x8D0A, 0x954C, 0xA58E,
    0xA58F, 0x9D4E, 0x952C, 0x8D0B, 0x84EA, 0x84E9, 0x84C9, 0x84A9, 0x84A9, 0x84A9, 0x8CCA, 0x8CEC, 0x950D, 0x9D2F, 0x9D71, 0xA591,
    0xA571, 0x9D4F, 0x950D, 0x8CEB, 0x8CC9, 0x8CC9, 0x8CC8, 0x8CC8, 0x8CA7, 0x84A7, 0x84A7, 0x84A6, 0x84A7, 0x84A7, 0x84A7, 0x84A8,
    0x7CC9, 0x7CC9, 0x7CC9, 0x7CC8, 0x7CC8, 0x84C8, 0x7CA7, 0x7CA7, 0x7C87, 0x6C26, 0x4B24, 0x4B23, 0x5BA4, 0x6BA4, 0x73A3, 0x83A3,
    0x8B83, 0x93A2, 0xA3E2, 0xB442, 0xBC43, 0xBC29, 0xCD11, 0xD5B4, 0xDDD5, 0xDDF5, 0xE5F5, 0xE616, 0xE636, 0xE636, 0xE657, 0xEE98,
    0xEEF9, 0xEED9, 0xE698, 0xDE99, 0xE6B9, 0x3B8A, 0x0000, 0x0000, 0x0000, 0x0000, 0x0000, 0x0000, 0x0000, 0x0000, 0x0000, 0x0000,
    0x0000, 0x0000, 0x0000, 0x0000, 0x0000, 0x0000, 0x0000, 0x0000, 0x0000, 0x0000, 0x0000, 0x0000, 0x0000, 0x0000, 0x0000, 0x0000,
    0x0000, 0x0000, 0x0000, 0x0000, 0x0000, 0x0000, 0x0000, 0x0000, 0x0000, 0x0000, 0x0000, 0x0000, 0x0000, 0x0000, 0x0000, 0x0000,
    0x0000, 0x0000, 0x0000, 0x0000, 0x0000, 0x0000, 0x0000, 0x0000, 0x0000, 0x0000, 0x0000, 0x0000, 0x0000, 0x0000, 0x0000, 0x0000,
    0x0000, 0x0000, 0x0000, 0x0000, 0x0000, 0x0000, 0x0000, 0x0000, 0x0000, 0x0000, 0x0000, 0x0000, 0x0000, 0x0000, 0x0000, 0x0000,
    0x0000, 0x0000, 0x0000, 0x0000, 0x0000, 0x0000, 0x0000, 0x0000, 0x0000, 0x0000, 0x0000, 0x0000, 0x0000, 0x0000, 0x0000, 0x0000,
    0x0000, 0x0000, 0x0000, 0x0000, 0x0000, 0x0000, 0x0000, 0x0000, 0x0000, 0x0000, 0x0000, 0x0000, 0x0000, 0x0000, 0x0000, 0x0000,
    0x0000, 0x0000, 0x0000, 0x0000, 0x0000, 0x0000, 0x0000, 0x0000, 0x0000, 0x0000, 0x0000, 0x0000, 0x0000, 0x0000, 0x0000, 0x0000,
    0x0000, 0x0000, 0x0000, 0x0000, 0x0000, 0x0000, 0xE6D9, 0xDEDA, 0xE6DA, 0xE6FA, 0xEF1A, 0xEEFA, 0xEEB9, 0xE678, 0xE657, 0xE636,
    0xE636, 0xDDD5, 0xC4AD, 0xBC44, 0xC4C4, 0xBCC6, 0xB485, 0xAC43, 0xA423, 0x93E3, 0x83C3, 0x73C3, 0x6BC3, 0x5BA4, 0x5324, 0x5B48,
    0x7C2C, 0x84CB, 0x850A, 0x7CE9, 0x7CE9, 0x7CE9, 0x7CE9, 0x8509, 0x8509, 0x8D09, 0x8D2A, 0x952A, 0x954B, 0x9D4D, 0xA56E, 0xA58D,
    0x9D6C, 0x954B, 0x952A, 0x8D0A, 0x8D0A, 0x8CE9, 0x8CE9, 0x84C9, 0x84C9, 0x8CCA, 0x8CEB, 0x950D, 0x9D4F, 0xA571, 0xA591, 0xA591,
    0x9D6F, 0x952E, 0x950C, 0x8CEA, 0x8CE9, 0x8CE9, 0x8CE8, 0x8CE8, 0x8CC8, 0x8CC7, 0x8CC7, 0x8CA7, 0x8CA7, 0x8CC7, 0x84C8, 0x84C8,
    0x84C9, 0x84E9, 0x84E9, 0x84E9, 0x84E8, 0x84E8, 0x84C7, 0x84C7, 0x84A7, 0x7C87, 0x6C06, 0x4B04, 0x5344, 0x6BA4, 0x73A4, 0x83A3,
    0x8BC3, 0x93C3, 0x9BC2, 0xB402, 0xABE5, 0xBC4D, 0xCD32, 0xD594, 0xDDD4, 0xDDB4, 0xDD93, 0xDD93, 0xE594, 0xE5D4, 0xE5F5, 0xE636,
    0xEE77, 0xE697, 0xE677, 0xE698, 0xDE98, 0xDE78, 0xD677, 0x0000, 0x0000, 0x0000, 0x0000, 0x0000, 0x0000, 0x0000, 0x0000, 0x0000,
    0x0000, 0x0000, 0x0000, 0x0000, 0x0000, 0x0000, 0x0000, 0x0000, 0x0000, 0x0000, 0x0000, 0x0000, 0x0000, 0x0000, 0x0000, 0x0000,
    0x0000, 0x0000, 0x0000, 0x0000, 0x0000, 0x0000, 0x0000, 0x0000, 0x0000, 0x0000, 0x0000, 0x0000, 0x0000, 0x0000, 0x0000, 0x0000,
    0x0000, 0x0000, 0x0000, 0x0000, 0x0000, 0x0000, 0x0000, 0x0000, 0x0000, 0x0000, 0x0000, 0x0000, 0x0000, 0x0000, 0x0000, 0x0000,
    0x0000, 0x0000, 0x0000, 0x0000, 0x0000, 0x0000, 0x0000, 0x0000, 0x0000, 0x0000, 0x0000, 0x0000, 0x0000, 0x0000, 0x0000, 0x0000,
    0x0000, 0x0000, 0x0000, 0x0000, 0x0000, 0x0000, 0x0000, 0x0000, 0x0000, 0x0000, 0x0000, 0x0000, 0x0000, 0x0000, 0x0000, 0x0000,
    0x0000, 0x0000, 0x0000, 0x0000, 0x0000, 0x0000, 0x0000, 0x0000, 0x0000, 0x0000, 0x0000, 0x0000, 0x0000, 0x0000, 0x0000, 0x0000,
    0x0000, 0x0000, 0x0000, 0x0000, 0x0000, 0x0000, 0x0000, 0x0000, 0x0000, 0x0000, 0x0000, 0x0000, 0x0000, 0x0000, 0x0000, 0x0000,
    0x0000, 0x0000, 0x0000, 0x0000, 0x0000, 0x0000, 0xDED9, 0xEEDA, 0xE6DA, 0xE6D9, 0xEE98, 0xE657, 0xE636, 0xE636, 0xE657, 0xE636,
    0xDDF5, 0xDDD5, 0xD553, 0xBC2A, 0xBC22, 0xBC82, 0xB463, 0xAC22, 0xA402, 0x9BE2, 0x8BE3, 0x7BE3, 0x6BE4, 0x5BA5, 0x6BA9, 0x8CB0,
    0x9CF1, 0x8CCF, 0x8CEB, 0x850A, 0x850A, 0x8509, 0x8509, 0x8509, 0x8CE9, 0x8CCA, 0x8CCB, 0x8CCC, 0x950E, 0x9D2F, 0xA550, 0xA550,
    0x9D2E, 0x9D2C, 0x952A, 0x9529, 0x9529, 0x8D09, 0x8D09, 0x8CE9, 0x8CEA, 0x8CEB, 0x950C, 0x952D, 0x9D4F, 0x9D6F, 0x9D6E, 0x9D6E,
    0x9D4D, 0x952C, 0x952B, 0x950A, 0x8D09, 0x8D09, 0x8D09, 0x8D09, 0x8CE8, 0x8CE8, 0x8CC8, 0x8CC7, 0x8CC7, 0x8CC7, 0x8CE8, 0x84E8,
    0x84E9, 0x84E9, 0x8509, 0x8D09, 0x8D09, 0x94E9, 0x94EB, 0x94EC, 0x9D0D, 0x950E, 0x94CD, 0x7C2B, 0x73A9, 0x6BA5, 0x7383, 0x83A3,
    0x8BC3, 0x9BC3, 0xA3C2, 0xABC3, 0xA387, 0xBC6E, 0xCD11, 0xD593, 0xDDB4, 0xDD94, 0xD511, 0xD4AF, 0xD4CF, 0xDCF0, 0xDD31, 0xE593,
    0xE616, 0xE677, 0xE677, 0xE677, 0xE698, 0xD678, 0xD678, 0x0000, 0x0000, 0x0000, 0x0000, 0x0000, 0x0000, 0x0000, 0x0000, 0x0000,
    0x0000, 0x0000, 0x0000, 0x0000, 0x0000, 0x0000, 0x0000, 0x0000, 0x0000, 0x0000, 0x0000, 0x0000, 0x0000, 0x0000, 0x0000, 0x0000,
    0x0000, 0x0000, 0x0000, 0x0000, 0x0000, 0x0000, 0x0000, 0x0000, 0x0000, 0x0000, 0x0000, 0x0000, 0x0000, 0x0000, 0x0000, 0x0000,
    0x0000, 0x0000, 0x0000, 0x0000, 0x0000, 0x0000, 0x0000, 0x0000, 0x0000, 0x0000, 0x0000, 0x0000, 0x0000, 0x0000, 0x0000, 0x0000,
    0x0000, 0x0000, 0x0000, 0x0000, 0x0000, 0x0000, 0x0000, 0x0000, 0x0000, 0x0000, 0x0000, 0x0000, 0x0000, 0x0000, 0x0000, 0x0000,
    0x0000, 0x0000, 0x0000, 0x0000, 0x0000, 0x0000, 0x0000, 0x0000, 0x0000, 0x0000, 0x0000, 0x0000, 0x0000, 0x0000, 0x0000, 0x0000,
    0x0000, 0x0000, 0x0000, 0x0000, 0x0000, 0x0000, 0x0000, 0x0000, 0x0000, 0x0000, 0x0000, 0x0000, 0x0000, 0x0000, 0x0000, 0x0000,
    0x0000, 0x0000, 0x0000, 0x0000, 0x0000, 0x0000, 0x0000, 0x0000, 0x0000, 0x0000, 0x0000, 0x0000, 0x0000, 0x0000, 0x0000, 0x0000,
    0x0000, 0x0000, 0x0000, 0x0000, 0xDE78, 0xCE36, 0xE6B9, 0xE6FA, 0xE6B9, 0xE657, 0xE5F5, 0xE593, 0xDD94, 0xE616, 0xE657, 0xDE16,
    0xDDD5, 0xD573, 0xCD31, 0xC46D, 0xAB86, 0xB421, 0xBC61, 0xAC02, 0xA3E2, 0x9BE3, 0x93E3, 0x83E4, 0x6BC5, 0x6BC9, 0x8CB0, 0xA553,
    0xA553, 0x9D32, 0x94EF, 0x8CAC, 0x84CA, 0x84C9, 0x84AA, 0x8CCB, 0x94CD, 0x9D10, 0xA552, 0xA572, 0xA573, 0xAD93, 0xAD93, 0xAD94,
    0xAD93, 0xA572, 0x9D2F, 0x950C, 0x950B, 0x952A, 0x952A, 0x952A, 0x950A, 0x950B, 0x952D, 0x9D6F, 0xA590, 0xA590, 0xA58F, 0xA56E,
    0x9D4D, 0x9D2C, 0x9D2C, 0x9D2C, 0x9D0B, 0x950B, 0x950A, 0x9529, 0x9529, 0x9509, 0x9508, 0x8CE8, 0x8CE8, 0x8CE8, 0x8CE8, 0x8CE9,
    0x8D09, 0x8D09, 0x8D09, 0x950A, 0x950C, 0xA530, 0xAD72, 0xAD93, 0xAD94, 0xAD94, 0xAD74, 0xA553, 0x9CF1, 0x842C, 0x7386, 0x7B83,
    0x8BA3, 0x9BA3, 0xA3C2, 0x9B64, 0xA367, 0xB42C, 0xC4F0, 0xD573, 0xDDD4, 0xDD93, 0xD4CF, 0xCC0B, 0xCC0B, 0xCC0B, 0xD44C, 0xDCCF,
    0xE573, 0xE636, 0xEE77, 0xE656, 0xE657, 0xDE57, 0xDE57, 0xD593, 0x0000, 0x0000, 0x0000, 0x0000, 0x0000, 0x0000, 0x0000, 0x0000,
    0x0000, 0x0000, 0x0000, 0x0000, 0x0000, 0x0000, 0x0000, 0x0000, 0x0000, 0x0000, 0x0000, 0x0000, 0x0000, 0x0000, 0x0000, 0x0000,
    0x0000, 0x0000, 0x0000, 0x0000, 0x0000, 0x0000, 0x0000, 0x0000, 0x0000, 0x0000, 0x0000, 0x0000, 0x0000, 0x0000, 0x0000, 0x0000,
    0x0000, 0x0000, 0x0000, 0x0000, 0x0000, 0x0000, 0x0000, 0x0000, 0x0000, 0x0000, 0x0000, 0x0000, 0x0000, 0x0000, 0x0000, 0x0000,
    0x0000, 0x0000, 0x0000, 0x0000, 0x0000, 0x0000, 0x0000, 0x0000, 0x0000, 0x0000, 0x0000, 0x0000, 0x0000, 0x0000, 0x0000, 0x0000,
    0x0000, 0x0000, 0x0000, 0x0000, 0x0000, 0x0000, 0x0000, 0x0000, 0x0000, 0x0000, 0x0000, 0x0000, 0x0000, 0x0000, 0x0000, 0x0000,
    0x0000, 0x0000, 0x0000, 0x0000, 0x0000, 0x0000, 0x0000, 0x0000, 0x0000, 0x0000, 0x0000, 0x0000, 0x0000, 0x0000, 0x0000, 0x0000,
    0x0000, 0x0000, 0x0000, 0x0000, 0x0000, 0x0000, 0x0000, 0x0000, 0x0000, 0x0000, 0x0000, 0x0000, 0x0000, 0x0000, 0x0000, 0x0000,
    0x0000, 0x0000, 0x0000, 0x0000, 0xD6FA, 0xE6DA, 0xE6DA, 0xE6D9, 0xE677, 0xE5F5, 0xE593, 0xD4AF, 0xD4F0, 0xE636, 0xE636, 0xDDD5,
    0xD573, 0xCCF0, 0xC48D, 0xBC2B, 0xAB67, 0xA363, 0xB441, 0xAC02, 0xA3E2, 0x9C03, 0x9403, 0x83E4, 0x73C7, 0x8C8F, 0xA573, 0xAD94,
    0xAD94, 0xA574, 0xA573, 0x9D32, 0x94F0, 0x94EF, 0x9D11, 0xA552, 0xA573, 0xA574, 0xA573, 0xA573, 0xA573, 0xA573, 0xA573, 0xAD94,
    0xAD94, 0xADB4, 0xB5B4, 0xAD93, 0xA571, 0xA550, 0x9D2E, 0x9D2D, 0x952C, 0x9D2C, 0x9D4E, 0xA54F, 0xA56F, 0xA54F, 0xA550, 0xA550,
    0xA571, 0xA571, 0xA572, 0xA572, 0xA572, 0xA551, 0xA550, 0x9D2E, 0x950B, 0x952A, 0x9529, 0x9529, 0x9508, 0x9508, 0x8D08, 0x8D09,
    0x8D09, 0x9529, 0x952B, 0x9D2E, 0xAD72, 0xADB4, 0xB5B4, 0xB5B4, 0xB5B4, 0xADB4, 0xADB4, 0xAD94, 0xA553, 0x9CF1, 0x8C6D, 0x7BA6,
    0x8B83, 0x9BA2, 0xA3A3, 0x8AE3, 0x9B46, 0xB3EA, 0xBC8E, 0xD552, 0xDDD5, 0xDDB4, 0xCC6D, 0xC3A9, 0xC3A9, 0xC3A9, 0xC3A9, 0xCC0B,
    0xDCD0, 0xE5B4, 0xE636, 0xE636, 0xE616, 0xDE36, 0xFE78, 0xCE15, 0x0000, 0x0000, 0x0000, 0x0000, 0x0000, 0x0000, 0x0000, 0x0000,
    0x0000, 0x0000, 0x0000, 0x0000, 0x0000, 0x0000, 0x0000, 0x0000, 0x0000, 0x0000, 0x0000, 0x0000, 0x0000, 0x0000, 0x0000, 0x0000,
    0x0000, 0x0000, 0x0000, 0x0000, 0x0000, 0x0000, 0x0000, 0x0000, 0x0000, 0x0000, 0x0000, 0x0000, 0x0000, 0x0000, 0x0000, 0x0000,
    0x0000, 0x0000, 0x0000, 0x0000, 0x0000, 0x0000, 0x0000, 0x0000, 0x0000, 0x0000, 0x0000, 0x0000, 0x0000, 0x0000, 0x0000, 0x0000,
    0x0000, 0x0000, 0x0000, 0x0000, 0x0000, 0x0000, 0x0000, 0x0000, 0x0000, 0x0000, 0x0000, 0x0000, 0x0000, 0x0000, 0x0000, 0x0000,
    0x0000, 0x0000, 0x0000, 0x0000, 0x0000, 0x0000, 0x0000, 0x0000, 0x0000, 0x0000, 0x0000, 0x0000, 0x0000, 0x0000, 0x0000, 0x0000,
    0x0000, 0x0000, 0x0000, 0x0000, 0x0000, 0x0000, 0x0000, 0x0000, 0x0000, 0x0000, 0x0000, 0x0000, 0x0000, 0x0000, 0x0000, 0x0000,
    0x0000, 0x0000, 0x0000, 0x0000, 0x0000, 0x0000, 0x0000, 0x0000, 0x0000, 0x0000, 0x0000, 0x0000, 0x0000, 0x0000, 0x0000, 0x0000,
    0x0000, 0x0000, 0x0000, 0xCDF5, 0xDE57, 0xCDF5, 0xE6B9, 0xE678, 0xE615, 0xDD52, 0xDCAE, 0xCC0B, 0xD511, 0xE636, 0xDDD5, 0xD552,
    0xCCAD, 0xC42B, 0xBC0A, 0xB3C8, 0xAB67, 0x92C4, 0xABE2, 0xAC22, 0xA3E2, 0x9C03, 0x9403, 0x7BE6, 0x8C6D, 0xA553, 0xADB4, 0xADB4,
    0xAD94, 0xAD94, 0xAD94, 0xAD94, 0xAD94, 0xAD74, 0xA574, 0xAD74, 0xA574, 0xA574, 0xA574, 0xA573, 0xA573, 0xA573, 0xA574, 0xAD74,
    0xAD94, 0xAD94, 0xAD94, 0xADB4, 0xB5B4, 0xADB4, 0xADB4, 0xAD93, 0xAD93, 0xAD93, 0xAD93, 0xAD93, 0xAD93, 0xAD94, 0xAD94, 0xADB4,
    0xADB4, 0xAD94, 0xAD94, 0xAD94, 0xAD94, 0xAD94, 0xAD94, 0xAD93, 0xA572, 0xA530, 0x9D2D, 0x9D2B, 0x9D2A, 0x9D29, 0x9529, 0x952A,
    0x952B, 0x9D2D, 0xA551, 0xAD94, 0xB5D5, 0xB5D5, 0xB5D5, 0xB5D5, 0xB5D5, 0xB5D5, 0xADB5, 0xADB4, 0xAD94, 0xA552, 0xA511, 0x9CAE,
    0x8BE8, 0x9BA3, 0xABE4, 0xA385, 0xA3C6, 0xABC9, 0xB42B, 0xCCF0, 0xDDB4, 0xE5D5, 0xCC8E, 0xBBEA, 0xC3CA, 0xC3C9, 0xC3A9, 0xBBA9,
    0xCC2C, 0xDD31, 0xE5D4, 0xE5F5, 0xDDD4, 0xDDD4, 0xB573, 0xCDB4, 0x0000, 0x0000, 0x0000, 0x0000, 0x0000, 0x0000, 0x0000, 0x0000,
    0x0000, 0x0000, 0x0000, 0x0000, 0x0000, 0x0000, 0x0000, 0x0000, 0x0000, 0x0000, 0x0000, 0x0000, 0x0000, 0x0000, 0x0000, 0x0000,
    0x0000, 0x0000, 0x0000, 0x0000, 0x0000, 0x0000, 0x0000, 0x0000, 0x0000, 0x0000, 0x0000, 0x0000, 0x0000, 0x0000, 0x0000, 0x0000,
    0x0000, 0x0000, 0x0000, 0x0000, 0x0000, 0x0000, 0x0000, 0x0000, 0x0000, 0x0000, 0x0000, 0x0000, 0x0000, 0x0000, 0x0000, 0x0000,
    0x0000, 0x0000, 0x0000, 0x0000, 0x0000, 0x0000, 0x0000, 0x0000, 0x0000, 0x0000, 0x0000, 0x0000, 0x0000, 0x0000, 0x0000, 0x0000,
    0x0000, 0x0000, 0x0000, 0x0000, 0x0000, 0x0000, 0x0000, 0x0000, 0x0000, 0x0000, 0x0000, 0x0000, 0x0000, 0x0000, 0x0000, 0x0000,
    0x0000, 0x0000, 0x0000, 0x0000, 0x0000, 0x0000, 0x0000, 0x0000, 0x0000, 0x0000, 0x0000, 0x0000, 0x0000, 0x0000, 0x0000, 0x0000,
    0x0000, 0x0000, 0x0000, 0x0000, 0x0000, 0x0000, 0x0000, 0x0000, 0x0000, 0x0000, 0x0000, 0x0000, 0x0000, 0x0000, 0x0000, 0x0000,
    0x0000, 0x0000, 0x0000, 0xC5F5, 0xE657, 0xDE37, 0xE677, 0xE637, 0xE5B4, 0xD48D, 0xC368, 0xCC8E, 0xE5F5, 0xDDF5, 0xD552, 0xCC8D,
    0xBC09, 0xBBC9, 0xB3C8, 0xB3A8, 0xB387, 0x9AE6, 0x8AE3, 0xAC22, 0xA3E2, 0x9BE3, 0x8BC5, 0x8C2B, 0xA531, 0xB5B4, 0xB5B4, 0xADB4,
    0xAD94, 0xAD94, 0xAD94, 0xAD94, 0xAD94, 0xAD94, 0xAD74, 0xA574, 0xA574, 0xA574, 0xA574, 0xA574, 0xA574, 0xA574, 0xAD94, 0xAD94,
    0xAD94, 0xAD94, 0xAD94, 0xAD94, 0xAD94, 0xADB4, 0xADB4, 0xADB4, 0xADB4, 0xADB5, 0xADB5, 0xADB4, 0xADB4, 0xADB4, 0xADB4, 0xADB4,
    0xADB4, 0xAD94, 0xAD94, 0xAD94, 0xAD94, 0xADB4, 0xADB4, 0xADB4, 0xB5B4, 0xADB4, 0xAD93, 0xA551, 0xA550, 0xA54F, 0xA54F, 0xA54F,
    0xA571, 0xAD93, 0xB5B4, 0xB5F5, 0xB5F5, 0xB5D5, 0xB5D5, 0xB5D5, 0xB5D5, 0xB5D5, 0xB5D5, 0xADB5, 0xADB4, 0xAD94, 0xAD72, 0xAD51,
    0xA4EF, 0x9BE7, 0xAC26, 0xB447, 0xAC69, 0x9C0D, 0xAC0A, 0xBC8D, 0xD552, 0xE5F5, 0xD593, 0xBCAE, 0xBC2B, 0xBBEA, 0xBBEA, 0xBBEA,
    0xBBCA, 0xD48E, 0xE593, 0xE5D5, 0xDDB4, 0xD552, 0x9D53, 0xC553, 0x0000, 0x0000, 0x0000, 0x0000, 0x0000, 0x0000, 0x0000, 0x0000,
    0x0000, 0x0000, 0x0000, 0x0000, 0x0000, 0x0000, 0x0000, 0x0000, 0x0000, 0x0000, 0x0000, 0x0000, 0x0000, 0x0000, 0x0000, 0x0000,
    0x0000, 0x0000, 0x0000, 0x0000, 0x0000, 0x0000, 0x0000, 0x0000, 0x0000, 0x0000, 0x0000, 0x0000, 0x0000, 0x0000, 0x0000, 0x0000,
    0x0000, 0x0000, 0x0000, 0x0000, 0x0000, 0x0000, 0x0000, 0x0000, 0x0000, 0x0000, 0x0000, 0x0000, 0x0000, 0x0000, 0x0000, 0x0000,
    0x0000, 0x0000, 0x0000, 0x0000, 0x0000, 0x0000, 0x0000, 0x0000, 0x0000, 0x0000, 0x0000, 0x0000, 0x0000, 0x0000, 0x0000, 0x0000,
    0x0000, 0x0000, 0x0000, 0x0000, 0x0000, 0x0000, 0x0000, 0x0000, 0x0000, 0x0000, 0x0000, 0x0000, 0x0000, 0x0000, 0x0000, 0x0000,
    0x0000, 0x0000, 0x0000, 0x0000, 0x0000, 0x0000, 0x0000, 0x0000, 0x0000, 0x0000, 0x0000, 0x0000, 0x0000, 0x0000, 0x0000, 0x0000,
    0x0000, 0x0000, 0x0000, 0x0000, 0x0000, 0x0000, 0x0000, 0x0000, 0x0000, 0x0000, 0x0000, 0x0000, 0x0000, 0x0000, 0x0000, 0x0000,
    0x0000, 0x0000, 0x0000, 0xD636, 0xFFFF, 0xDE37, 0xE657, 0xE5F5, 0xDD51, 0xC3EB, 0xBBCB, 0xDDB4, 0xE5D5, 0xD572, 0xCCAE, 0xBBA8,
    0xB367, 0xB3A8, 0xB3A8, 0xB3A8, 0xA367, 0x7224, 0x61C2, 0xA3E2, 0xA403, 0x9BE5, 0x8BE8, 0x9C8F, 0xAD52, 0xB594, 0xB5B4, 0xB5B5,
    0xADB5, 0xADB4, 0xAD94, 0xAD94, 0xAD94, 0xAD94, 0xAD94, 0xAD94, 0xAD94, 0xAD74, 0xAD74, 0xAD94, 0xAD94, 0xAD94, 0xAD94, 0xAD94,
    0xAD94, 0xAD94, 0xAD94, 0xAD94, 0xAD94, 0xAD94, 0xADB4, 0xADB4, 0xADB4, 0xADB4, 0xADB4, 0xADB4, 0xADB4, 0xADB4, 0xADB4, 0xAD94,
    0xAD94, 0xAD94, 0xAD94, 0xAD94, 0xAD94, 0xAD94, 0xADB4, 0xADB4, 0xB5B4, 0xB5D4, 0xB5D4, 0xB5B4, 0xB5B4, 0xADB4, 0xADB4, 0xADB4,
    0xB5D5, 0xB5F5, 0xB5F5, 0xB5F5, 0xB5F5, 0xB5F5, 0xB5F5, 0xB5F5, 0xB5D5, 0xB5D5, 0xB5D5, 0xB5D4, 0xB5D4, 0xB5D4, 0xB5B3, 0xAD52,
    0xAD11, 0x8AC0, 0xA450, 0x959E, 0xAC08, 0x9C0C, 0xFFFF, 0xB44C, 0xCCF0, 0xDDB4, 0xE5F5, 0xD5B4, 0xA4F2, 0x736B, 0xA44D, 0xC46D,
    0xCC0B, 0xC40C, 0xDD31, 0xE573, 0xDD72, 0xC4F0, 0xCCF0, 0xB511, 0x0000, 0x0000, 0x0000, 0x0000, 0x0000, 0x0000, 0x0000, 0x0000,
    0x0000, 0x0000, 0x0000, 0x0000, 0x0000, 0x0000, 0x0000, 0x0000, 0x0000, 0x0000, 0x0000, 0x0000, 0x0000, 0x0000, 0x0000, 0x0000,
    0x0000, 0x0000, 0x0000, 0x0000, 0x0000, 0x0000, 0x0000, 0x0000, 0x0000, 0x0000, 0x0000, 0x0000, 0x0000, 0x0000, 0x0000, 0x0000,
    0x0000, 0x0000, 0x0000, 0x0000, 0x0000, 0x0000, 0x0000, 0x0000, 0x0000, 0x0000, 0x0000, 0x0000, 0x0000, 0x0000, 0x0000, 0x0000,
    0x0000, 0x0000, 0x0000, 0x0000, 0x0000, 0x0000, 0x0000, 0x0000, 0x0000, 0x0000, 0x0000, 0x0000, 0x0000, 0x0000, 0x0000, 0x0000,
    0x0000, 0x0000, 0x0000, 0x0000, 0x0000, 0x0000, 0x0000, 0x0000, 0x0000, 0x0000, 0x0000, 0x0000, 0x0000, 0x0000, 0x0000, 0x0000,
    0x0000, 0x0000, 0x0000, 0x0000, 0x0000, 0x0000, 0x0000, 0x0000, 0x0000, 0x0000, 0x0000, 0x0000, 0x0000, 0x0000, 0x0000, 0x0000,
    0x0000, 0x0000, 0x0000, 0x0000, 0x0000, 0x0000, 0x0000, 0x0000, 0x0000, 0x0000, 0x0000, 0x0000, 0x0000, 0x0000, 0x0000, 0x0000,
    0x0000, 0x0000, 0x0000, 0xDE36, 0xD636, 0xDE36, 0xE636, 0xE5D4, 0xD46D, 0xBB68, 0xCCD0, 0xE5B4, 0xDD52, 0xD4CE, 0xBBEA, 0xB367,
    0xB388, 0xB3C9, 0xB3E9, 0xB3EA, 0x9326, 0x8283, 0x8282, 0xA3E3, 0xAC25, 0xA409, 0x8360, 0x842B, 0xA490, 0xA4F1, 0xAD53, 0xB5B4,
    0xB5D5, 0xB5B4, 0xADB4, 0xADB4, 0xAD94, 0xAD94, 0xAD94, 0xAD94, 0xAD94, 0xAD94, 0xAD94, 0xAD94, 0xAD94, 0xAD94, 0xAD94, 0xAD95,
    0xADB5, 0xADB5, 0xADB5, 0xADB5, 0xADB4, 0xAD94, 0xADB4, 0xADB4, 0xADB4, 0xADB4, 0xADB4, 0xADB4, 0xADB4, 0xADB4, 0xADB4, 0xADB4,
    0xADB4, 0xADB4, 0xADB4, 0xADB4, 0xADB4, 0xAD94, 0xAD94, 0xADB4, 0xADB4, 0xB5B4, 0xB5D5, 0xB5D5, 0xB5F5, 0xB5F5, 0xB5F5, 0xB5F5,
    0xB5F5, 0xB5F5, 0xB5F5, 0xB5F5, 0xB5F5, 0xB5F5, 0xB5F5, 0xB5F5, 0xB5F5, 0xB5D4, 0xB5D4, 0xBDD4, 0xBDF4, 0xBDD4, 0xB572, 0x9C8F,
    0xCE35, 0xA490, 0xAC2A, 0xAC6B, 0xB2A0, 0x93EB, 0xA42B, 0x42C3, 0xC4AE, 0xD511, 0xDD93, 0xDD94, 0xCD52, 0xB46E, 0xCCCF, 0xD4AF,
    0xD44D, 0xCC0B, 0xD44D, 0xD4CF, 0xCCF0, 0xACAF, 0xACB0, 0xB511, 0x0000, 0x0000, 0x0000, 0x0000, 0x0000, 0x0000, 0x0000, 0x0000,
    0x0000, 0x0000, 0x0000, 0x0000, 0x0000, 0x0000, 0x0000, 0x0000, 0x0000, 0x0000, 0x0000, 0x0000, 0x0000, 0x0000, 0x0000, 0x0000,
    0x0000, 0x0000, 0x0000, 0x0000, 0x0000, 0x0000, 0x0000, 0x0000, 0x0000, 0x0000, 0x0000, 0x0000, 0x0000, 0x0000, 0x0000, 0x0000,
    0x0000, 0x0000, 0x0000, 0x0000, 0x0000, 0x0000, 0x0000, 0x0000, 0x0000, 0x0000, 0x0000, 0x0000, 0x0000, 0x0000, 0x0000, 0x0000,
    0x0000, 0x0000, 0x0000, 0x0000, 0x0000, 0x0000, 0x0000, 0x0000, 0x0000, 0x0000, 0x0000, 0x0000, 0x0000, 0x0000, 0x0000, 0x0000,
    0x0000, 0x0000, 0x0000, 0x0000, 0x0000, 0x0000, 0x0000, 0x0000, 0x0000, 0x0000, 0x0000, 0x0000, 0x0000, 0x0000, 0x0000, 0x0000,
    0x0000, 0x0000, 0x0000, 0x0000, 0x0000, 0x0000, 0x0000, 0x0000, 0x0000, 0x0000, 0x0000, 0x0000, 0x0000, 0x0000, 0x0000, 0x0000,
    0x0000, 0x0000, 0x0000, 0x0000, 0x0000, 0x0000, 0x0000, 0x0000, 0x0000, 0x0000, 0x0000, 0x0000, 0x0000, 0x0000, 0x0000, 0x0000,
    0x0000, 0x0000, 0x0000, 0xD5D5, 0xCDD5, 0xD5D5, 0xE616, 0xE5F5, 0xD4AE, 0xC3EB, 0xC46E, 0xDD31, 0xD4AF, 0xCC2B, 0xBBA8, 0xB388,
    0xB3C9, 0xB3EA, 0xB44B, 0xB511, 0x9C49, 0xA3E6, 0xA3E5, 0xAC46, 0xAC69, 0xABE0, 0xA44E, 0xA4B0, 0xAD32, 0xA512, 0x83CC, 0xAD32,
    0xB594, 0xB5B4, 0xB5B4, 0xADB4, 0xADB4, 0xAD94, 0xAD94, 0xAD94, 0xAD72, 0xAD51, 0xA551, 0xAD72, 0xAD93, 0xAD94, 0xAD94, 0xAD93,
    0xAD72, 0xAD51, 0xAD50, 0xAD70, 0xAD72, 0xAD94, 0xADB5, 0xADB5, 0xADB4, 0xADB5, 0xADB5, 0xADB5, 0xADB5, 0xB5B5, 0xB5B5, 0xB5B5,
    0xB5B5, 0xB5B5, 0xB5B5, 0xB5B5, 0xADB4, 0xADB4, 0xADB4, 0xADB4, 0xADB4, 0xADB4, 0xB5B4, 0xB5D5, 0xB5D5, 0xB5F5, 0xB5F5, 0xB5F5,
    0xB5F5, 0xB5F5, 0xB5F5, 0xB5F5, 0xB5F5, 0xB5F5, 0xBE15, 0xBE15, 0xBDF4, 0xBDF4, 0xBDF3, 0xBDD4, 0xBDB3, 0xB552, 0x9C6F, 0xAD11,
    0x940E, 0x942E, 0x0000, 0x0000, 0x0000, 0x0000, 0x01A5, 0xBC8D, 0xB44D, 0xC4AF, 0xD511, 0xDD52, 0xCD52, 0xC48E, 0xD4AF, 0xD48E,
    0xD44C, 0xCC2B, 0xCC2B, 0xC44C, 0xB46E, 0xCCAE, 0xC4F0, 0x0000, 0x0000, 0x0000, 0x0000, 0x0000, 0x0000, 0x0000, 0x0000, 0x0000,
    0x0000, 0x0000, 0x0000, 0x0000, 0x0000, 0x0000, 0x0000, 0x0000, 0x0000, 0x0000, 0x0000, 0x0000, 0x0000, 0x0000, 0x0000, 0x0000,
    0x0000, 0x0000, 0x0000, 0x0000, 0x0000, 0x0000, 0x0000, 0x0000, 0x0000, 0x0000, 0x0000, 0x0000, 0x0000, 0x0000, 0x0000, 0x0000,
    0x0000, 0x0000, 0x0000, 0x0000, 0x0000, 0x0000, 0x0000, 0x0000, 0x0000, 0x0000, 0x0000, 0x0000, 0x0000, 0x0000, 0x0000, 0x0000,
    0x0000, 0x0000, 0x0000, 0x0000, 0x0000, 0x0000, 0x0000, 0x0000, 0x0000, 0x0000, 0x0000, 0x0000, 0x0000, 0x0000, 0x0000, 0x0000,
    0x0000, 0x0000, 0x0000, 0x0000, 0x0000, 0x0000, 0x0000, 0x0000, 0x0000, 0x0000, 0x0000, 0x0000, 0x0000, 0x0000, 0x0000, 0x0000,
    0x0000, 0x0000, 0x0000, 0x0000, 0x0000, 0x0000, 0x0000, 0x0000, 0x0000, 0x0000, 0x0000, 0x0000, 0x0000, 0x0000, 0x0000, 0x0000,
    0x0000, 0x0000, 0x0000, 0x0000, 0x0000, 0x0000, 0x0000, 0x0000, 0x0000, 0x0000, 0x0000, 0x0000, 0x0000, 0x0000, 0x0000, 0x0000,
    0x0000, 0x0000, 0x0000, 0xC532, 0xB4F0, 0xCD52, 0xDDB4, 0xE5D5, 0xD511, 0xCC4D, 0xB36A, 0xB38A, 0xBBCB, 0xB368, 0xB327, 0xAB27,
    0x9389, 0xBB67, 0xB44B, 0xB4D0, 0xA44A, 0xABC4, 0xAB60, 0xB421, 0xAC69, 0xBC00, 0x9C73, 0x0000, 0x0000, 0x8C0D, 0x8C2E, 0xEFBC,
    0xA4F1, 0xAD53, 0xAD73, 0xAD93, 0xAD92, 0xAD71, 0xA52E, 0xA4EB, 0xA4C8, 0xA4A6, 0xA4A6, 0xA4C7, 0xA4E9, 0xA4EB, 0xA4EA, 0xA4E9,
    0xA4C9, 0xA4C8, 0xA4C8, 0xA4C8, 0xA4E9, 0xA50B, 0xAD4F, 0xAD93, 0xADB5, 0xADB5, 0xB5B5, 0xB5B5, 0xB5B5, 0xB5B4, 0xB5B4, 0xB5B3,
    0xB5B2, 0xB592, 0xAD92, 0xADB2, 0xADB3, 0xADB4, 0xADB4, 0xADB4, 0xADB4, 0xADB4, 0xADB4, 0xB5B4, 0xB5D5, 0xB5D5, 0xB5F5, 0xB5F5,
    0xB5F5, 0xB5F5, 0xB5F5, 0xB615, 0xBE15, 0xBE15, 0xBE15, 0xBDF4, 0xB5B3, 0xB592, 0xBD92, 0xBD93, 0xA4B0, 0xE739, 0x942E, 0xA4D0,
    0x0000, 0x0000, 0x0000, 0x0000, 0x0000, 0x0000, 0x3B8B, 0x5309, 0xFD50, 0xB46D, 0xCCCF, 0xCCF0, 0xBD11, 0xC46D, 0xCC6D, 0xCC6D,
    0xBC4C, 0xC42B, 0xBC2B, 0x9C0C, 0xC46D, 0x8BED, 0x0000, 0x0000, 0x0000, 0x0000, 0x0000, 0x0000, 0x0000, 0x0000, 0x0000, 0x0000,
    0x0000, 0x0000, 0x0000, 0x0000, 0x0000, 0x0000, 0x0000, 0x0000, 0x0000, 0x0000, 0x0000, 0x0000, 0x0000, 0x0000, 0x0000, 0x0000,
    0x0000, 0x0000, 0x0000, 0x0000, 0x0000, 0x0000, 0x0000, 0x0000, 0x0000, 0x0000, 0x0000, 0x0000, 0x0000, 0x0000, 0x0000, 0x0000,
    0x0000, 0x0000, 0x0000, 0x0000, 0x0000, 0x0000, 0x0000, 0x0000, 0x0000, 0x0000, 0x0000, 0x0000, 0x0000, 0x0000, 0x0000, 0x0000,
    0x0000, 0x0000, 0x0000, 0x0000, 0x0000, 0x0000, 0x0000, 0x0000, 0x0000, 0x0000, 0x0000, 0x0000, 0x0000, 0x0000, 0x0000, 0x0000,
    0x0000, 0x0000, 0x0000, 0x0000, 0x0000, 0x0000, 0x0000, 0x0000, 0x0000, 0x0000, 0x0000, 0x0000, 0x0000, 0x0000, 0x0000, 0x0000,
    0x0000, 0x0000, 0x0000, 0x0000, 0x0000, 0x0000, 0x0000, 0x0000, 0x0000, 0x0000, 0x0000, 0x0000, 0x0000, 0x0000, 0x0000, 0x0000,
    0x0000, 0x0000, 0x0000, 0x0000, 0x0000, 0x0000, 0x0000, 0x0000, 0x0000, 0x0000, 0x0000, 0x0000, 0x0000, 0x0000, 0x0000, 0x0000,
    0x0000, 0x0000, 0x0000, 0xB4CF, 0xD531, 0xC4F0, 0xD572, 0xE5B4, 0xDD32, 0xD4AF, 0xC3EC, 0xB327, 0xB368, 0xAB48, 0xB368, 0xB388,
    0xABAA, 0xDA85, 0xA3EB, 0x0000, 0x5E7F, 0x5E5E, 0x9CB1, 0x9478, 0xACC9, 0x0000, 0x0000, 0x0000, 0x0000, 0x0000, 0xAD32, 0x7B4B,
    0xAD73, 0x0000, 0x9C6F, 0x9CAF, 0x9CAB, 0x9C87, 0x9C85, 0x9C84, 0x9C84, 0x9C64, 0x9C44, 0xA404, 0xA423, 0xA443, 0xA464, 0xA485,
    0xA4A5, 0xA4A6, 0xA4A6, 0xA4A6, 0xA4A6, 0xA4A5, 0xA4A6, 0xA4E9, 0xAD4E, 0xAD71, 0xAD91, 0xAD71, 0xAD6F, 0xAD2D, 0xACEB, 0xACC9,
    0xACA9, 0xAC88, 0xAC88, 0xACA9, 0xACAA, 0xACEC, 0xAD2E, 0xAD91, 0xB5B3, 0xB5D4, 0xB5D4, 0xB5D4, 0xB5D5, 0xB5D5, 0xB5D5, 0xB5F5,
    0xB5F5, 0xBDF5, 0xBE15, 0xBE15, 0xBE15, 0xBDF4, 0xB5B3, 0xAD11, 0x9C8F, 0x61E5, 0xEFBA, 0xC5F4, 0xAD31, 0x6267, 0x62A8, 0x0000,
    0x0000, 0x0000, 0x0000, 0x0000, 0x0000, 0x0000, 0x0000, 0x93EC, 0x738A, 0xED10, 0xAC6D, 0xAC6D, 0xFFFF, 0xAC2C, 0xB44C, 0xAC2C,
    0xFCC8, 0xAC6C, 0xA48D, 0xBC0B, 0x8C4F, 0xA42D, 0x0000, 0x0000, 0x0000, 0x0000, 0x0000, 0x0000, 0x0000, 0x0000, 0x0000, 0x0000,
    0x0000, 0x0000, 0x0000, 0x0000, 0x0000, 0x0000, 0x0000, 0x0000, 0x0000, 0x0000, 0x0000, 0x0000, 0x0000, 0x0000, 0x0000, 0x0000,
    0x0000, 0x0000, 0x0000, 0x0000, 0x0000, 0x0000, 0x0000, 0x0000, 0x0000, 0x0000, 0x0000, 0x0000, 0x0000, 0x0000, 0x0000, 0x0000,
    0x0000, 0x0000, 0x0000, 0x0000, 0x0000, 0x0000, 0x0000, 0x0000, 0x0000, 0x0000, 0x0000, 0x0000, 0x0000, 0x0000, 0x0000, 0x0000,
    0x0000, 0x0000, 0x0000, 0x0000, 0x0000, 0x0000, 0x0000, 0x0000, 0x0000, 0x0000, 0x0000, 0x0000, 0x0000, 0x0000, 0x0000, 0x0000,
    0x0000, 0x0000, 0x0000, 0x0000, 0x0000, 0x0000, 0x0000, 0x0000, 0x0000, 0x0000, 0x0000, 0x0000, 0x0000, 0x0000, 0x0000, 0x0000,
    0x0000, 0x0000, 0x0000, 0x0000, 0x0000, 0x0000, 0x0000, 0x0000, 0x0000, 0x0000, 0x0000, 0x0000, 0x0000, 0x0000, 0x0000, 0x0000,
    0x0000, 0x0000, 0x0000, 0x0000, 0x0000, 0x0000, 0x0000, 0x0000, 0x0000, 0x0000, 0x0000, 0x0000, 0x0000, 0x0000, 0x0000, 0x0000,
    0x0000, 0x0000, 0x0000, 0xC511, 0xBC8E, 0xB46C, 0xCCF0, 0xDD31, 0xD4F0, 0xD4F0, 0xD4D0, 0xC3EB, 0xC42B, 0xAC0B, 0xB3CA, 0xC42C,
    0xC44C, 0xAC4D, 0xC46C, 0x0000, 0x0000, 0x0000, 0x0000, 0x0000, 0x0000, 0x0000, 0x0000, 0x0000, 0x0000, 0x0000, 0x0000, 0x8BCD,
    0x59E5, 0xA4D0, 0xAD73, 0xAD53, 0x5A24, 0x8BC7, 0x9426, 0x9C45, 0x9C67, 0xA428, 0x9BC8, 0x9B87, 0xA365, 0xA384, 0xA3E3, 0xA423,
    0xA464, 0xA484, 0xA484, 0xA484, 0xA484, 0xA484, 0xA484, 0xA484, 0xA4A5, 0xA486, 0xA467, 0xA466, 0xA425, 0xA404, 0xABC3, 0xABA3,
    0xABA3, 0xABA3, 0xABA3, 0xABA3, 0xABA3, 0xABC4, 0xA3E5, 0xA428, 0xA4AB, 0xAD4F, 0xB5B2, 0xB5D4, 0xB5F5, 0xB5F4, 0xB5F4, 0xBDF5,
    0xBE15, 0xBE15, 0xBE15, 0xBDF4, 0xBDD4, 0xAD31, 0x28C2, 0xC614, 0xB572, 0xA4D0, 0x9C6E, 0x8BAC, 0x8BED, 0x0000, 0x0000, 0x0000,
    0x0000, 0x0000, 0x0000, 0x0000, 0x0000, 0x0000, 0x0000, 0x0000, 0xA44D, 0xA44D, 0xBCAE, 0xC4CF, 0xACAF, 0xC46C, 0xD46C, 0xCC6D,
    0xA42C, 0xBC4B, 0xBC4C, 0x6450, 0x9C4D, 0x0000, 0x0000, 0x0000, 0x0000, 0x0000, 0x0000, 0x0000, 0x0000, 0x0000, 0x0000, 0x0000,
    0x0000, 0x0000, 0x0000, 0x0000, 0x0000, 0x0000, 0x0000, 0x0000, 0x0000, 0x0000, 0x0000, 0x0000, 0x0000, 0x0000, 0x0000, 0x0000,
    0x0000, 0x0000, 0x0000, 0x0000, 0x0000, 0x0000, 0x0000, 0x0000, 0x0000, 0x0000, 0x0000, 0x0000, 0x0000, 0x0000, 0x0000, 0x0000,
    0x0000, 0x0000, 0x0000, 0x0000, 0x0000, 0x0000, 0x0000, 0x0000, 0x0000, 0x0000, 0x0000, 0x0000, 0x0000, 0x0000, 0x0000, 0x0000,
    0x0000, 0x0000, 0x0000, 0x0000, 0x0000, 0x0000, 0x0000, 0x0000, 0x0000, 0x0000, 0x0000, 0x0000, 0x0000, 0x0000, 0x0000, 0x0000,
    0x0000, 0x0000, 0x0000, 0x0000, 0x0000, 0x0000, 0x0000, 0x0000, 0x0000, 0x0000, 0x0000, 0x0000, 0x0000, 0x0000, 0x0000, 0x0000,
    0x0000, 0x0000, 0x0000, 0x0000, 0x0000, 0x0000, 0x0000, 0x0000, 0x0000, 0x0000, 0x0000, 0x0000, 0x0000, 0x0000, 0x0000, 0x0000,
    0x0000, 0x0000, 0x0000, 0x0000, 0x0000, 0x0000, 0x0000, 0x0000, 0x0000, 0x0000, 0x0000, 0x0000, 0x0000, 0x0000, 0x0000, 0x0000,
    0x0000, 0x0000, 0x0000, 0x0000, 0xA42B, 0xFEBC, 0xC4AE, 0xC48E, 0xBC2C, 0xCCCF, 0xD532, 0xC46E, 0xCC8E, 0xC4AE, 0xB42C, 0xC46D,
    0xC48E, 0xAC4D, 0xCC8E, 0x0000, 0x0000, 0x0000, 0x0000, 0x0000, 0x0000, 0x0000, 0x0000, 0x0000, 0x0000, 0x0000, 0x0000, 0x0000,
    0x0000, 0x0000, 0x0000, 0x6AC8, 0x6AC8, 0x8BC7, 0x9C65, 0xCDA0, 0xAC8F, 0xA44D, 0xA3CA, 0x9B88, 0x9B68, 0x9B68, 0x9B67, 0x9B85,
    0xA3C4, 0xA424, 0xA464, 0xA483, 0xA484, 0xA4A4, 0xA484, 0xA464, 0xAC03, 0xABA3, 0xABA3, 0xABA3, 0xAB82, 0xAB82, 0xAB82, 0xAB82,
    0xAB82, 0xAB82, 0xAB82, 0xAB83, 0xAB83, 0xA364, 0xA366, 0xA388, 0xA3C8, 0xA408, 0xA48A, 0xACED, 0xAD70, 0xB5B2, 0xB5D3, 0xBDF4,
    0xBDF4, 0xBDF4, 0xBDB3, 0xB552, 0x93ED, 0xC635, 0x5A67, 0xAD31, 0x0000, 0x0000, 0x0000, 0x0000, 0x0000, 0x0000, 0x0000, 0x0000,
    0x0000, 0x0000, 0x0000, 0x0000, 0x0000, 0x0000, 0x0000, 0x0000, 0x0000, 0x0000, 0x0000, 0x0000, 0x0000, 0x0000, 0x0000, 0x0000,
    0x0000, 0x0000, 0x0000, 0x0000, 0x0000, 0x0000, 0x0000, 0x0000, 0x0000, 0x0000, 0x0000, 0x0000, 0x0000, 0x0000, 0x0000, 0x0000,
    0x0000, 0x0000, 0x0000, 0x0000, 0x0000, 0x0000, 0x0000, 0x0000, 0x0000, 0x0000, 0x0000, 0x0000, 0x0000, 0x0000, 0x0000, 0x0000,
    0x0000, 0x0000, 0x0000, 0x0000, 0x0000, 0x0000, 0x0000, 0x0000, 0x0000, 0x0000, 0x0000, 0x0000, 0x0000, 0x0000, 0x0000, 0x0000,
    0x0000, 0x0000, 0x0000, 0x0000, 0x0000, 0x0000, 0x0000, 0x0000, 0x0000, 0x0000, 0x0000, 0x0000, 0x0000, 0x0000, 0x0000, 0x0000,
    0x0000, 0x0000, 0x0000, 0x0000, 0x0000, 0x0000, 0x0000, 0x0000, 0x0000, 0x0000, 0x0000, 0x0000, 0x0000, 0x0000, 0x0000, 0x0000,
    0x0000, 0x0000, 0x0000, 0x0000, 0x0000, 0x0000, 0x0000, 0x0000, 0x0000, 0x0000, 0x0000, 0x0000, 0x0000, 0x0000, 0x0000, 0x0000,
    0x0000, 0x0000, 0x0000, 0x0000, 0x0000, 0x0000, 0x0000, 0x0000, 0x0000, 0x0000, 0x0000, 0x0000, 0x0000, 0x0000, 0x0000, 0x0000,
    0x0000, 0x0000, 0x0000, 0x0000, 0x0000, 0x0000, 0x0000, 0x0000, 0x0000, 0x0000, 0x0000, 0x0000, 0x0000, 0x0000, 0x0000, 0x0000,
    0x0000, 0x0000, 0x0000, 0x0000, 0xAC4C, 0xA42C, 0x6369, 0x93C9, 0xBC6D, 0xD4F0, 0xD531, 0xC48E, 0xCCAF, 0xCCCF, 0xC4CF, 0xAC2C,
    0xA40C, 0x9C0D, 0xA40D, 0x0000, 0x0000, 0x0000, 0x0000, 0x0000, 0x0000, 0x0000, 0x0000, 0x0000, 0x0000, 0x0000, 0x0000, 0x0000,
    0x0000, 0x0000, 0x0000, 0x0000, 0x0000, 0x5252, 0x28DA, 0x9C2D, 0xB4F0, 0xAC6E, 0xA3EB, 0xA3A9, 0x9B88, 0x9B88, 0x9B68, 0x9B68,
    0x9B67, 0x9B67, 0x9BA6, 0x9BE5, 0xA405, 0xA405, 0xA3C3, 0xABA2, 0xAB82, 0xAB82, 0xAB82, 0xAB82, 0xAB82, 0xAB82, 0xAB82, 0xAB63,
    0xAB63, 0xA363, 0xA364, 0xA365, 0xA366, 0xA368, 0xA388, 0xA3A9, 0xABA9, 0xABC9, 0xABE9, 0xAC08, 0xAC29, 0xA46B, 0x9CAD, 0x9CCF,
    0x9CCF, 0x9CAF, 0x8BCD, 0xDED8, 0xACF1, 0x0000, 0x72C9, 0x0000, 0x0000, 0x0000, 0x0000, 0x0000, 0x0000, 0x0000, 0x0000, 0x0000,
    0x0000, 0x0000, 0x0000, 0x0000, 0x0000, 0x0000, 0x0000, 0x0000, 0x0000, 0x0000, 0x0000, 0x0000, 0x0000, 0x0000, 0x0000, 0x0000,
    0x0000, 0x0000, 0x0000, 0x0000, 0x0000, 0x0000, 0x0000, 0x0000, 0x0000, 0x0000, 0x0000, 0x0000, 0x0000, 0x0000, 0x0000, 0x0000,
    0x0000, 0x0000, 0x0000, 0x0000, 0x0000, 0x0000, 0x0000, 0x0000, 0x0000, 0x0000, 0x0000, 0x0000, 0x0000, 0x0000, 0x0000, 0x0000,
    0x0000, 0x0000, 0x0000, 0x0000, 0x0000, 0x0000, 0x0000, 0x0000, 0x0000, 0x0000, 0x0000, 0x0000, 0x0000, 0x0000, 0x0000, 0x0000,
    0x0000, 0x0000, 0x0000, 0x0000, 0x0000, 0x0000, 0x0000, 0x0000, 0x0000, 0x0000, 0x0000, 0x0000, 0x0000, 0x0000, 0x0000, 0x0000,
    0x0000, 0x0000, 0x0000, 0x0000, 0x0000, 0x0000, 0x0000, 0x0000, 0x0000, 0x0000, 0x0000, 0x0000, 0x0000, 0x0000, 0x0000, 0x0000,
    0x0000, 0x0000, 0x0000, 0x0000, 0x0000, 0x0000, 0x0000, 0x0000, 0x0000, 0x0000, 0x0000, 0x0000, 0x0000, 0x0000, 0x0000, 0x0000,
    0x0000, 0x0000, 0x0000, 0x0000, 0x0000, 0x0000, 0x0000, 0x0000, 0x0000, 0x0000, 0x0000, 0x0000, 0x0000, 0x0000, 0x0000, 0x0000,
    0x0000, 0x0000, 0x0000, 0x0000, 0x0000, 0x0000, 0x0000, 0x0000, 0x0000, 0x0000, 0x0000, 0x0000, 0x0000, 0x0000, 0x0000, 0x0000,
    0x0000, 0x0000, 0x0000, 0x0000, 0x0000, 0xB48E, 0xB46D, 0xCC8E, 0xBC6E, 0xCCAF, 0xCCCF, 0xBCAF, 0xC4AF, 0xCCCF, 0xC4CF, 0xD4AE,
    0xDCF0, 0xB46E, 0xE510, 0x0000, 0x0000, 0x0000, 0x0000, 0x0000, 0x0000, 0x0000, 0x0000, 0x0000, 0x0000, 0x0000, 0x0000, 0x0000,
    0x0000, 0x0000, 0x0000, 0x0000, 0x0000, 0x0000, 0x0000, 0xAC8F, 0xB4F0, 0xAC8E, 0xA40B, 0xA3A9, 0xA388, 0x9B89, 0x9B89, 0x9B88,
    0x9B68, 0x9B68, 0xA368, 0xA367, 0xA347, 0xA347, 0xA326, 0xA325, 0xA324, 0xA343, 0xA384, 0xA3A4, 0xA3A4, 0xA343, 0xA303, 0xA304,
    0xA325, 0xA326, 0xA347, 0xA367, 0xA368, 0xA388, 0xA388, 0xA3A9, 0xABA9, 0xABC9, 0xABE9, 0xB3E9, 0xB42A, 0xB48C, 0xB4CE, 0xC54F,
    0xCE76, 0xC615, 0xB552, 0x7B8B, 0xB593, 0x0000, 0x0000, 0x0000, 0x0000, 0x0000, 0x0000, 0x0000, 0x0000, 0x0000, 0x0000, 0x0000,
    0x0000, 0x0000, 0x0000, 0x0000, 0x0000, 0x0000, 0x0000, 0x0000, 0x0000, 0x0000, 0x0000, 0x0000, 0x0000, 0x0000, 0x0000, 0x0000,
    0x0000, 0x0000, 0x0000, 0x0000, 0x0000, 0x0000, 0x0000, 0x0000, 0x0000, 0x0000, 0x0000, 0x0000, 0x0000, 0x0000, 0x0000, 0x0000,
    0x0000, 0x0000, 0x0000, 0x0000, 0x0000, 0x0000, 0x0000, 0x0000, 0x0000, 0x0000, 0x0000, 0x0000, 0x0000, 0x0000, 0x0000, 0x0000,
    0x0000, 0x0000, 0x0000, 0x0000, 0x0000, 0x0000, 0x0000, 0x0000, 0x0000, 0x0000, 0x0000, 0x0000, 0x0000, 0x0000, 0x0000, 0x0000,
    0x0000, 0x0000, 0x0000, 0x0000, 0x0000, 0x0000, 0x0000, 0x0000, 0x0000, 0x0000, 0x0000, 0x0000, 0x0000, 0x0000, 0x0000, 0x0000,
    0x0000, 0x0000, 0x0000, 0x0000, 0x0000, 0x0000, 0x0000, 0x0000, 0x0000, 0x0000, 0x0000, 0x0000, 0x0000, 0x0000, 0x0000, 0x0000,
    0x0000, 0x0000, 0x0000, 0x0000, 0x0000, 0x0000, 0x0000, 0x0000, 0x0000, 0x0000, 0x0000, 0x0000, 0x0000, 0x0000, 0x0000, 0x0000,
    0x0000, 0x0000, 0x0000, 0x0000, 0x0000, 0x0000, 0x0000, 0x0000, 0x0000, 0x0000, 0x0000, 0x0000, 0x0000, 0x0000, 0x0000, 0x0000,
    0x0000, 0x0000, 0x0000, 0x0000, 0x0000, 0x0000, 0x0000, 0x0000, 0x0000, 0x0000, 0x0000, 0x0000, 0x0000, 0x0000, 0x0000, 0x0000,
    0x0000, 0x0000, 0x0000, 0x0000, 0x0000, 0x0000, 0xFE73, 0xB44D, 0x9C0C, 0xB42D, 0xB40C, 0x9C0D, 0xAC4D, 0xB44E, 0xB48E, 0xBC6E,
    0x0000, 0x0000, 0x0000, 0x0000, 0x0000, 0x0000, 0x0000, 0x0000, 0x0000, 0x0000, 0x0000, 0x0000, 0x0000, 0x0000, 0x0000, 0x0000,
    0x0000, 0x0000, 0x0000, 0x0000, 0x0000, 0x0000, 0x0000, 0xB4D0, 0xB531, 0xACAF, 0xAC2C, 0xA3C9, 0xA389, 0xA389, 0xA389, 0xA388,
    0xA388, 0xA388, 0xA388, 0xA388, 0xA368, 0xA368, 0xA347, 0xA327, 0x9B06, 0x9AE6, 0x9306, 0x6B29, 0x9347, 0x92E5, 0x9AC5, 0x9B06,
    0xA326, 0xA346, 0xA347, 0xA367, 0xA368, 0xA388, 0xA388, 0xA3A8, 0xABA9, 0xABC9, 0xABE9, 0xB3E9, 0xB42A, 0xB48D, 0xBCEF, 0xBCEF,
    0x9450, 0x0000, 0x0000, 0x0000, 0x0000, 0x0000, 0x0000, 0x0000, 0x0000, 0x0000, 0x0000, 0x0000, 0x0000, 0x0000, 0x0000, 0x0000,
    0x0000, 0x0000, 0x0000, 0x0000, 0x0000, 0x0000, 0x0000, 0x0000, 0x0000, 0x0000, 0x0000, 0x0000, 0x0000, 0x0000, 0x0000, 0x0000,
    0x0000, 0x0000, 0x0000, 0x0000, 0x0000, 0x0000, 0x0000, 0x0000, 0x0000, 0x0000, 0x0000, 0x0000, 0x0000, 0x0000, 0x0000, 0x0000,
    0x0000, 0x0000, 0x0000, 0x0000, 0x0000, 0x0000, 0x0000, 0x0000, 0x0000, 0x0000, 0x0000, 0x0000, 0x0000, 0x0000, 0x0000, 0x0000,
    0x0000, 0x0000, 0x0000, 0x0000, 0x0000, 0x0000, 0x0000, 0x0000, 0x0000, 0x0000, 0x0000, 0x0000, 0x0000, 0x0000, 0x0000, 0x0000,
    0x0000, 0x0000, 0x0000, 0x0000, 0x0000, 0x0000, 0x0000, 0x0000, 0x0000, 0x0000, 0x0000, 0x0000, 0x0000, 0x0000, 0x0000, 0x0000,
    0x0000, 0x0000, 0x0000, 0x0000, 0x0000, 0x0000, 0x0000, 0x0000, 0x0000, 0x0000, 0x0000, 0x0000, 0x0000, 0x0000, 0x0000, 0x0000,
    0x0000, 0x0000, 0x0000, 0x0000, 0x0000, 0x0000, 0x0000, 0x0000, 0x0000, 0x0000, 0x0000, 0x0000, 0x0000, 0x0000, 0x0000, 0x0000,
    0x0000, 0x0000, 0x0000, 0x0000, 0x0000, 0x0000, 0x0000, 0x0000, 0x0000, 0x0000, 0x0000, 0x0000, 0x0000, 0x0000, 0x0000, 0x0000,
    0x0000, 0x0000, 0x0000, 0x0000, 0x0000, 0x0000, 0x0000, 0x0000, 0x0000, 0x0000, 0x0000, 0x0000, 0x0000, 0x0000, 0x0000, 0x0000,
    0x0000, 0x0000, 0x0000, 0x0000, 0x0000, 0x0000, 0x1287, 0xDCCF, 0xBC6D, 0xFDB2, 0xFE14, 0xC4CF, 0x0000, 0x0000, 0xED92, 0x0000,
    0x0000, 0x0000, 0x0000, 0x0000, 0x0000, 0x0000, 0x0000, 0x0000, 0x0000, 0x0000, 0x0000, 0x0000, 0x0000, 0x0000, 0x0000, 0x0000,
    0x0000, 0x0000, 0x0000, 0x0000, 0x0000, 0x0000, 0x0000, 0xB4F0, 0xBD32, 0xB4AF, 0xAC4D, 0xA3CA, 0xA3A9, 0xA389, 0xA389, 0xA389,
    0xA388, 0xA388, 0xA388, 0xA388, 0xA368, 0xA368, 0xA367, 0xA347, 0xA326, 0xA306, 0x9B07, 0xAAE3, 0x9349, 0x9AE6, 0x9AE5, 0xA305,
    0xA326, 0xA346, 0xA347, 0xA367, 0xA368, 0xA388, 0xA388, 0xABA8, 0xABA9, 0xABC9, 0xABE9, 0xB3E9, 0xB42A, 0xBCAD, 0xBD10, 0xBD10,
    0x0000, 0x0000, 0x0000, 0x0000, 0x0000, 0x0000, 0x0000, 0x0000, 0x0000, 0x0000, 0x0000, 0x0000, 0x0000, 0x0000, 0x0000, 0x0000,
    0x0000, 0x0000, 0x0000, 0x0000, 0x0000, 0x0000, 0x0000, 0x0000, 0x0000, 0x0000, 0x0000, 0x0000, 0x0000, 0x0000, 0x0000, 0x0000,
    0x0000, 0x0000, 0x0000, 0x0000, 0x0000, 0x0000, 0x0000, 0x0000, 0x0000, 0x0000, 0x0000, 0x0000, 0x0000, 0x0000, 0x0000, 0x0000,
    0x0000, 0x0000, 0x0000, 0x0000, 0x0000, 0x0000, 0x0000, 0x0000, 0x0000, 0x0000, 0x0000, 0x0000, 0x0000, 0x0000, 0x0000, 0x0000,
    0x0000, 0x0000, 0x0000, 0x0000, 0x0000, 0x0000, 0x0000, 0x0000, 0x0000, 0x0000, 0x0000, 0x0000, 0x0000, 0x0000, 0x0000, 0x0000,
    0x0000, 0x0000, 0x0000, 0x0000, 0x0000, 0x0000, 0x0000, 0x0000, 0x0000, 0x0000, 0x0000, 0x0000, 0x0000, 0x0000, 0x0000, 0x0000,
    0x0000, 0x0000, 0x0000, 0x0000, 0x0000, 0x0000, 0x0000, 0x0000, 0x0000, 0x0000, 0x0000, 0x0000, 0x0000, 0x0000, 0x0000, 0x0000,
    0x0000, 0x0000, 0x0000, 0x0000, 0x0000, 0x0000, 0x0000, 0x0000, 0x0000, 0x0000, 0x0000, 0x0000, 0x0000, 0x0000, 0x0000, 0x0000,
    0x0000, 0x0000, 0x0000, 0x0000, 0x0000, 0x0000, 0x0000, 0x0000, 0x0000, 0x0000, 0x0000, 0x0000, 0x0000, 0x0000, 0x0000, 0x0000,
    0x0000, 0x0000, 0x0000, 0x0000, 0x0000, 0x0000, 0x0000, 0x0000, 0x0000, 0x0000, 0x0000, 0x0000, 0x0000, 0x0000, 0x0000, 0x0000,
    0x0000, 0x0000, 0x0000, 0x0000, 0x0000, 0x0000, 0x0000, 0x736B, 0x5B6C, 0x836A, 0x7B29, 0x6B4A, 0x8BAB, 0x93CC, 0x7BAC, 0x9BCC,
    0x0000, 0x0000, 0x0000, 0x0000, 0x0000, 0x0000, 0x0000, 0x0000, 0x0000, 0x0000, 0x0000, 0x0000, 0x0000, 0x0000, 0x0000, 0x0000,
    0x0000, 0x0000, 0x0000, 0x0000, 0x0000, 0x0000, 0x0000, 0xB511, 0xC5B4, 0xB4D0, 0xAC6D, 0xA3EA, 0xA3A9, 0xA389, 0xA389, 0xA389,
    0xA389, 0xA388, 0xA388, 0xA388, 0xA388, 0xA368, 0xA368, 0xA347, 0xA326, 0xA327, 0x9B28, 0xB283, 0x93AA, 0x9B07, 0x9AE6, 0xA305,
    0xA326, 0xA346, 0xA347, 0xA367, 0xA388, 0xA388, 0xAB88, 0xABA8, 0xABA9, 0xABC9, 0xABE9, 0xB409, 0xB44B, 0xBCAE, 0xBD51, 0xBD31,
    0x0000, 0x0000, 0x0000, 0x0000, 0x0000, 0x0000, 0x0000, 0x0000, 0x0000, 0x0000, 0x0000, 0x0000, 0x0000, 0x0000, 0x0000, 0x0000,
    0x0000, 0x0000, 0x0000, 0x0000, 0x0000, 0x0000, 0x0000, 0x0000, 0x0000, 0x0000, 0x0000, 0x0000, 0x0000, 0x0000, 0x0000, 0x0000,
    0x0000, 0x0000, 0x0000, 0x0000, 0x0000, 0x0000, 0x0000, 0x0000, 0x0000, 0x0000, 0x0000, 0x0000, 0x0000, 0x0000, 0x0000, 0x0000,
    0x0000, 0x0000, 0x0000, 0x0000, 0x0000, 0x0000, 0x0000, 0x0000, 0x0000, 0x0000, 0x0000, 0x0000, 0x0000, 0x0000, 0x0000, 0x0000,
    0x0000, 0x0000, 0x0000, 0x0000, 0x0000, 0x0000, 0x0000, 0x0000, 0x0000, 0x0000, 0x0000, 0x0000, 0x0000, 0x0000, 0x0000, 0x0000,
    0x0000, 0x0000, 0x0000, 0x0000, 0x0000, 0x0000, 0x0000, 0x0000, 0x0000, 0x0000, 0x0000, 0x0000, 0x0000, 0x0000, 0x0000, 0x0000,
    0x0000, 0x0000, 0x0000, 0x0000, 0x0000, 0x0000, 0x0000, 0x0000, 0x0000, 0x0000, 0x0000, 0x0000, 0x0000, 0x0000, 0x0000, 0x0000,
    0x0000, 0x0000, 0x0000, 0x0000, 0x0000, 0x0000, 0x0000, 0x0000, 0x0000, 0x0000, 0x0000, 0x0000, 0x0000, 0x0000, 0x0000, 0x0000,
    0x0000, 0x0000, 0x0000, 0x0000, 0x0000, 0x0000, 0x0000, 0x0000, 0x0000, 0x0000, 0x0000, 0x0000, 0x0000, 0x0000, 0x0000, 0x0000,
    0x0000, 0x0000, 0x0000, 0x0000, 0x0000, 0x0000, 0x0000, 0x0000, 0x0000, 0x0000, 0x0000, 0x0000, 0x0000, 0x0000, 0x0000, 0x0000,
    0x0000, 0x0000, 0x0000, 0x0000, 0x0000, 0x0000, 0x0000, 0x0000, 0x0000, 0x0000, 0x0000, 0x0000, 0x0000, 0x0000, 0x0000, 0x0000,
    0x0000, 0x0000, 0x0000, 0x0000, 0x0000, 0x0000, 0x0000, 0x0000, 0x0000, 0x0000, 0x0000, 0x0000, 0x0000, 0x0000, 0x0000, 0x0000,
    0x0000, 0x0000, 0x0000, 0x0000, 0x0000, 0x0000, 0x0000, 0xBD31, 0x8225, 0xB4F0, 0xAC8E, 0xA40B, 0xA3A9, 0xA389, 0xA389, 0xA389,
    0xA389, 0xA389, 0xA389, 0xA388, 0xA388, 0xA388, 0xA368, 0xA347, 0xA326, 0xA327, 0x9B48, 0xAB06, 0x9CF1, 0x9B27, 0x9B06, 0xA305,
    0xA326, 0xA346, 0xA347, 0xA367, 0xA388, 0xAB88, 0xABA8, 0xABA8, 0xABA9, 0xABC9, 0xB3E9, 0xB409, 0xB46B, 0xBCCF, 0xBD93, 0xBD73,
    0x0000, 0x0000, 0x0000, 0x0000, 0x0000, 0x0000, 0x0000, 0x0000, 0x0000, 0x0000, 0x0000, 0x0000, 0x0000, 0x0000, 0x0000, 0x0000,
    0x0000, 0x0000, 0x0000, 0x0000, 0x0000, 0x0000, 0x0000, 0x0000, 0x0000, 0x0000, 0x0000, 0x0000, 0x0000, 0x0000, 0x0000, 0x0000,
    0x0000, 0x0000, 0x0000, 0x0000, 0x0000, 0x0000, 0x0000, 0x0000, 0x0000, 0x0000, 0x0000, 0x0000, 0x0000, 0x0000, 0x0000, 0x0000,
    0x0000, 0x0000, 0x0000, 0x0000, 0x0000, 0x0000, 0x0000, 0x0000, 0x0000, 0x0000, 0x0000, 0x0000, 0x0000, 0x0000, 0x0000, 0x0000,
    0x0000, 0x0000, 0x0000, 0x0000, 0x0000, 0x0000, 0x0000, 0x0000, 0x0000, 0x0000, 0x0000, 0x0000, 0x0000, 0x0000, 0x0000, 0x0000,
    0x0000, 0x0000, 0x0000, 0x0000, 0x0000, 0x0000, 0x0000, 0x0000, 0x0000, 0x0000, 0x0000, 0x0000, 0x0000, 0x0000, 0x0000, 0x0000,
    0x0000, 0x0000, 0x0000, 0x0000, 0x0000, 0x0000, 0x0000, 0x0000, 0x0000, 0x0000, 0x0000, 0x0000, 0x0000, 0x0000, 0x0000, 0x0000,
    0x0000, 0x0000, 0x0000, 0x0000, 0x0000, 0x0000, 0x0000, 0x0000, 0x0000, 0x0000, 0x0000, 0x0000, 0x0000, 0x0000, 0x0000, 0x0000,
    0x0000, 0x0000, 0x0000, 0x0000, 0x0000, 0x0000, 0x0000, 0x0000, 0x0000, 0x0000, 0x0000, 0x0000, 0x0000, 0x0000, 0x0000, 0x0000,
    0x0000, 0x0000, 0x0000, 0x0000, 0x0000, 0x0000, 0x0000, 0x0000, 0x0000, 0x0000, 0x0000, 0x0000, 0x0000, 0x0000, 0x0000, 0x0000,
    0x0000, 0x0000, 0x0000, 0x0000, 0x0000, 0x0000, 0x0000, 0x0000, 0x0000, 0x0000, 0x0000, 0x0000, 0x0000, 0x0000, 0x0000, 0x0000,
    0x0000, 0x0000, 0x0000, 0x0000, 0x0000, 0x0000, 0x0000, 0x0000, 0x0000, 0x0000, 0x0000, 0x0000, 0x0000, 0x0000, 0x0000, 0x0000,
    0x0000, 0x0000, 0x0000, 0x0000, 0x0000, 0x0000, 0x0000, 0xBD52, 0xAC8F, 0xB4F1, 0xAC8F, 0xA40B, 0xA3C9, 0xA3A9, 0xA389, 0xA389,
    0xA389, 0xA389, 0xA389, 0xA389, 0xA388, 0xA388, 0xA368, 0xA367, 0xA347, 0xA347, 0x9B68, 0xAB26, 0x9940, 0x9B48, 0xA306, 0xA306,
    0xA326, 0xA346, 0xA367, 0xA367, 0xA388, 0xAB88, 0xABA8, 0xABA9, 0xABC9, 0xABC9, 0xB3E9, 0xB409, 0xBC6C, 0xBCEF, 0xCE9A, 0xC637,
    0x0000, 0x0000, 0x0000, 0x0000, 0x0000, 0x0000, 0x0000, 0x0000, 0x0000, 0x0000, 0x0000, 0x0000, 0x0000, 0x0000, 0x0000, 0x0000,
    0x0000, 0x0000, 0x0000, 0x0000, 0x0000, 0x0000, 0x0000, 0x0000, 0x0000, 0x0000, 0x0000, 0x0000, 0x0000, 0x0000, 0x0000, 0x0000,
    0x0000, 0x0000, 0x0000, 0x0000, 0x0000, 0x0000, 0x0000, 0x0000, 0x0000, 0x0000, 0x0000, 0x0000, 0x0000, 0x0000, 0x0000, 0x0000,
    0x0000, 0x0000, 0x0000, 0x0000, 0x0000, 0x0000, 0x0000, 0x0000, 0x0000, 0x0000, 0x0000, 0x0000, 0x0000, 0x0000, 0x0000, 0x0000,
    0x0000, 0x0000, 0x0000, 0x0000, 0x0000, 0x0000, 0x0000, 0x0000, 0x0000, 0x0000, 0x0000, 0x0000, 0x0000, 0x0000, 0x0000, 0x0000,
    0x0000, 0x0000, 0x0000, 0x0000, 0x0000, 0x0000, 0x0000, 0x0000, 0x0000, 0x0000, 0x0000, 0x0000, 0x0000, 0x0000, 0x0000, 0x0000,
    0x0000, 0x0000, 0x0000, 0x0000, 0x0000, 0x0000, 0x0000, 0x0000, 0x0000, 0x0000, 0x0000, 0x0000, 0x0000, 0x0000, 0x0000, 0x0000,
    0x0000, 0x0000, 0x0000, 0x0000, 0x0000, 0x0000, 0x0000, 0x0000, 0x0000, 0x0000, 0x0000, 0x0000, 0x0000, 0x0000, 0x0000, 0x0000,
    0x0000, 0x0000, 0x0000, 0x0000, 0x0000, 0x0000, 0x0000, 0x0000, 0x0000, 0x0000, 0x0000, 0x0000, 0x0000, 0x0000, 0x0000, 0x0000,
    0x0000, 0x0000, 0x0000, 0x0000, 0x0000, 0x0000, 0x0000, 0x0000, 0x0000, 0x0000, 0x0000, 0x0000, 0x0000, 0x0000, 0x0000, 0x0000,
    0x0000, 0x0000, 0x0000, 0x0000, 0x0000, 0x0000, 0x0000, 0x0000, 0x0000, 0x0000, 0x0000, 0x0000, 0x0000, 0x0000, 0x0000, 0x0000,
    0x0000, 0x0000, 0x0000, 0x0000, 0x0000, 0x0000, 0x0000, 0x0000, 0x0000, 0x0000, 0x0000, 0x0000, 0x0000, 0x0000, 0x0000, 0x0000,
    0x0000, 0x0000, 0x0000, 0x0000, 0x0000, 0x0000, 0x0000, 0xC5B3, 0xB4D0, 0xB4F1, 0xACAF, 0xAC2C, 0xA3C9, 0xA3A9, 0xA389, 0xA389,
    0xA389, 0xA389, 0xA389, 0xA389, 0xA389, 0xA388, 0xA388, 0xA367, 0xA347, 0xA347, 0x9B68, 0xA347, 0xA2E5, 0x9B48, 0xA306, 0xA306,
    0xA326, 0xA346, 0xA367, 0xA367, 0xA388, 0xAB88, 0xABA8, 0xABA9, 0xABC9, 0xABC9, 0xB3E9, 0xB409, 0xBC8C, 0xBCF0, 0xBC2A, 0xBD10,
    0x0000, 0x0000, 0x0000, 0x0000, 0x0000, 0x0000, 0x0000, 0x0000, 0x0000, 0x0000, 0x0000, 0x0000, 0x0000, 0x0000, 0x0000, 0x0000,
    0x0000, 0x0000, 0x0000, 0x0000, 0x0000, 0x0000, 0x0000, 0x0000, 0x0000, 0x0000, 0x0000, 0x0000, 0x0000, 0x0000, 0x0000, 0x0000,
    0x0000, 0x0000, 0x0000, 0x0000, 0x0000, 0x0000, 0x0000, 0x0000, 0x0000, 0x0000, 0x0000, 0x0000, 0x0000, 0x0000, 0x0000, 0x0000,
    0x0000, 0x0000, 0x0000, 0x0000, 0x0000, 0x0000, 0x0000, 0x0000, 0x0000, 0x0000, 0x0000, 0x0000, 0x0000, 0x0000, 0x0000, 0x0000,
    0x0000, 0x0000, 0x0000, 0x0000, 0x0000, 0x0000, 0x0000, 0x0000, 0x0000, 0x0000, 0x0000, 0x0000, 0x0000, 0x0000, 0x0000, 0x0000,
    0x0000, 0x0000, 0x0000, 0x0000, 0x0000, 0x0000, 0x0000, 0x0000, 0x0000, 0x0000, 0x0000, 0x0000, 0x0000, 0x0000, 0x0000, 0x0000,
    0x0000, 0x0000, 0x0000, 0x0000, 0x0000, 0x0000, 0x0000, 0x0000, 0x0000, 0x0000, 0x0000, 0x0000, 0x0000, 0x0000, 0x0000, 0x0000,
    0x0000, 0x0000, 0x0000, 0x0000, 0x0000, 0x0000, 0x0000, 0x0000, 0x0000, 0x0000, 0x0000, 0x0000, 0x0000, 0x0000, 0x0000, 0x0000,
    0x0000, 0x0000, 0x0000, 0x0000, 0x0000, 0x0000, 0x0000, 0x0000, 0x0000, 0x0000, 0x0000, 0x0000, 0x0000, 0x0000, 0x0000, 0x0000,
    0x0000, 0x0000, 0x0000, 0x0000, 0x0000, 0x0000, 0x0000, 0x0000, 0x0000, 0x0000, 0x0000, 0x0000, 0x0000, 0x0000, 0x0000, 0x0000,
    0x0000, 0x0000, 0x0000, 0x0000, 0x0000, 0x0000, 0x0000, 0x0000, 0x0000, 0x0000, 0x0000, 0x0000, 0x0000, 0x0000, 0x0000, 0x0000,
    0x0000, 0x0000, 0x0000, 0x0000, 0x0000, 0x0000, 0x0000, 0x0000, 0x0000, 0x0000, 0x0000, 0x0000, 0x0000, 0x0000, 0x0000, 0x0000,
    0x0000, 0x0000, 0x0000, 0x0000, 0x0000, 0x0000, 0x0000, 0xC5B3, 0xB4F0, 0xB4F1, 0xB4D0, 0xAC4D, 0xA3CA, 0xA3A9, 0xA3A9, 0xA389,
    0xA389, 0xA389, 0xA389, 0xA389, 0xA389, 0xA388, 0xA388, 0xAB68, 0xA347, 0xA347, 0x9B68, 0xA368, 0xA2E6, 0xA369, 0xA327, 0xA326,
    0xA346, 0xA347, 0xA367, 0xA367, 0xAB88, 0xAB88, 0xABA8, 0xABA9, 0xABC9, 0xABC9, 0xB3E9, 0xB42A, 0xBC8D, 0xBD10, 0xBC6C, 0x0000,
    0x0000, 0x0000, 0x0000, 0x0000, 0x0000, 0x0000, 0x0000, 0x0000, 0x0000, 0x0000, 0x0000, 0x0000, 0x0000, 0x0000, 0x0000, 0x0000,
    0x0000, 0x0000, 0x0000, 0x0000, 0x0000, 0x0000, 0x0000, 0x0000, 0x0000, 0x0000, 0x0000, 0x0000, 0x0000, 0x0000, 0x0000, 0x0000,
    0x0000, 0x0000, 0x0000, 0x0000, 0x0000, 0x0000, 0x0000, 0x0000, 0x0000, 0x0000, 0x0000, 0x0000, 0x0000, 0x0000, 0x0000, 0x0000,
    0x0000, 0x0000, 0x0000, 0x0000, 0x0000, 0x0000, 0x0000, 0x0000, 0x0000, 0x0000, 0x0000, 0x0000, 0x0000, 0x0000, 0x0000, 0x0000,
    0x0000, 0x0000, 0x0000, 0x0000, 0x0000, 0x0000, 0x0000, 0x0000, 0x0000, 0x0000, 0x0000, 0x0000, 0x0000, 0x0000, 0x0000, 0x0000,
    0x0000, 0x0000, 0x0000, 0x0000, 0x0000, 0x0000, 0x0000, 0x0000, 0x0000, 0x0000, 0x0000, 0x0000, 0x0000, 0x0000, 0x0000, 0x0000,
    0x0000, 0x0000, 0x0000, 0x0000, 0x0000, 0x0000, 0x0000, 0x0000, 0x0000, 0x0000, 0x0000, 0x0000, 0x0000, 0x0000, 0x0000, 0x0000,
    0x0000, 0x0000, 0x0000, 0x0000, 0x0000, 0x0000, 0x0000, 0x0000, 0x0000, 0x0000, 0x0000, 0x0000, 0x0000, 0x0000, 0x0000, 0x0000,
    0x0000, 0x0000, 0x0000, 0x0000, 0x0000, 0x0000, 0x0000, 0x0000, 0x0000, 0x0000, 0x0000, 0x0000, 0x0000, 0x0000, 0x0000, 0x0000,
    0x0000, 0x0000, 0x0000, 0x0000, 0x0000, 0x0000, 0x0000, 0x0000, 0x0000, 0x0000, 0x0000, 0x0000, 0x0000, 0x0000, 0x0000, 0x0000,
    0x0000, 0x0000, 0x0000, 0x0000, 0x0000, 0x0000, 0x0000, 0x0000, 0x0000, 0x0000, 0x0000, 0x0000, 0x0000, 0x0000, 0x0000, 0x0000,
    0x0000, 0x0000, 0x0000, 0x0000, 0x0000, 0x0000, 0x0000, 0x0000, 0x0000, 0x0000, 0x0000, 0x0000, 0x0000, 0x0000, 0x0000, 0x0000,
    0x0000, 0x0000, 0x0000, 0x0000, 0x0000, 0x0000, 0x0000, 0x0000, 0xB4D0, 0xB4F0, 0xB4D0, 0xAC6D, 0xA3EA, 0xA3A9, 0xA3A9, 0xA389,
    0xA389, 0xA389, 0xA3A9, 0xA3A9, 0xA3A9, 0xA389, 0xAB88, 0xAB68, 0xA347, 0xA348, 0xA389, 0xA369, 0xA2E6, 0xA389, 0xA327, 0xA326,
    0xA346, 0xA347, 0xA367, 0xAB67, 0xAB88, 0xAB88, 0xABA8, 0xABA9, 0xABC9, 0xABC9, 0xB3E9, 0xB42A, 0xBCAE, 0xBD10, 0xBCAD, 0x0000,
    0x0000, 0x0000, 0x0000, 0x0000, 0x0000, 0x0000, 0x0000, 0x0000, 0x0000, 0x0000, 0x0000, 0x0000, 0x0000, 0x0000, 0x0000, 0x0000,
    0x0000, 0x0000, 0x0000, 0x0000, 0x0000, 0x0000, 0x0000, 0x0000, 0x0000, 0x0000, 0x0000, 0x0000, 0x0000, 0x0000, 0x0000, 0x0000,
    0x0000, 0x0000, 0x0000, 0x0000, 0x0000, 0x0000, 0x0000, 0x0000, 0x0000, 0x0000, 0x0000, 0x0000, 0x0000, 0x0000, 0x0000, 0x0000,
    0x0000, 0x0000, 0x0000, 0x0000, 0x0000, 0x0000, 0x0000, 0x0000, 0x0000, 0x0000, 0x0000, 0x0000, 0x0000, 0x0000, 0x0000, 0x0000,
    0x0000, 0x0000, 0x0000, 0x0000, 0x0000, 0x0000, 0x0000, 0x0000, 0x0000, 0x0000, 0x0000, 0x0000, 0x0000, 0x0000, 0x0000, 0x0000,
    0x0000, 0x0000, 0x0000, 0x0000, 0x0000, 0x0000, 0x0000, 0x0000, 0x0000, 0x0000, 0x0000, 0x0000, 0x0000, 0x0000, 0x0000, 0x0000,
    0x0000, 0x0000, 0x0000, 0x0000, 0x0000, 0x0000, 0x0000, 0x0000, 0x0000, 0x0000, 0x0000, 0x0000, 0x0000, 0x0000, 0x0000, 0x0000,
    0x0000, 0x0000, 0x0000, 0x0000, 0x0000, 0x0000, 0x0000, 0x0000, 0x0000, 0x0000, 0x0000, 0x0000, 0x0000, 0x0000, 0x0000, 0x0000,
    0x0000, 0x0000, 0x0000, 0x0000, 0x0000, 0x0000, 0x0000, 0x0000, 0x0000, 0x0000, 0x0000, 0x0000, 0x0000, 0x0000, 0x0000, 0x0000,
    0x0000, 0x0000, 0x0000, 0x0000, 0x0000, 0x0000, 0x0000, 0x0000, 0x0000, 0x0000, 0x0000, 0x0000, 0x0000, 0x0000, 0x0000, 0x0000,
    0x0000, 0x0000, 0x0000, 0x0000, 0x0000, 0x0000, 0x0000, 0x0000, 0x0000, 0x0000, 0x0000, 0x0000, 0x0000, 0x0000, 0x0000, 0x0000,
    0x0000, 0x0000, 0x0000, 0x0000, 0x0000, 0x0000, 0x0000, 0x0000, 0x0000, 0x0000, 0x0000, 0x0000, 0x0000, 0x0000, 0x0000, 0x0000,
    0x0000, 0x0000, 0x0000, 0x0000, 0x0000, 0x0000, 0x0000, 0x0000, 0xB4D0, 0xACF0, 0xB4D0, 0xAC8E, 0xA3EB, 0xA3A9, 0xA3A9, 0xA389,
    0xA389, 0xA389, 0xA389, 0xA3A9, 0xA3A9, 0xAB89, 0xAB89, 0xAB88, 0xA367, 0xA368, 0xA3AA, 0xA389, 0xA2E6, 0xA389, 0xA327, 0xA326,
    0xA346, 0xA367, 0xA367, 0xAB87, 0xAB88, 0xABA8, 0xABA8, 0xABA9, 0xABC9, 0xB3C9, 0xB3E9, 0xB42A, 0xBCAE, 0xBD31, 0xBCCF, 0x0000,
    0x0000, 0x0000, 0x0000, 0x0000, 0x0000, 0x0000, 0x0000, 0x0000, 0x0000, 0x0000, 0x0000, 0x0000, 0x0000, 0x0000, 0x0000, 0x0000,
    0x0000, 0x0000, 0x0000, 0x0000, 0x0000, 0x0000, 0x0000, 0x0000, 0x0000, 0x0000, 0x0000, 0x0000, 0x0000, 0x0000, 0x0000, 0x0000,
    0x0000, 0x0000, 0x0000, 0x0000, 0x0000, 0x0000, 0x0000, 0x0000, 0x0000, 0x0000, 0x0000, 0x0000, 0x0000, 0x0000, 0x0000, 0x0000,
    0x0000, 0x0000, 0x0000, 0x0000, 0x0000, 0x0000, 0x0000, 0x0000, 0x0000, 0x0000, 0x0000, 0x0000, 0x0000, 0x0000, 0x0000, 0x0000,
    0x0000, 0x0000, 0x0000, 0x0000, 0x0000, 0x0000, 0x0000, 0x0000, 0x0000, 0x0000, 0x0000, 0x0000, 0x0000, 0x0000, 0x0000, 0x0000,
    0x0000, 0x0000, 0x0000, 0x0000, 0x0000, 0x0000, 0x0000, 0x0000, 0x0000, 0x0000, 0x0000, 0x0000, 0x0000, 0x0000, 0x0000, 0x0000,
    0x0000, 0x0000, 0x0000, 0x0000, 0x0000, 0x0000, 0x0000, 0x0000, 0x0000, 0x0000, 0x0000, 0x0000, 0x0000, 0x0000, 0x0000, 0x0000,
    0x0000, 0x0000, 0x0000, 0x0000, 0x0000, 0x0000, 0x0000, 0x0000, 0x0000, 0x0000, 0x0000, 0x0000, 0x0000, 0x0000, 0x0000, 0x0000,
    0x0000, 0x0000, 0x0000, 0x0000, 0x0000, 0x0000, 0x0000, 0x0000, 0x0000, 0x0000, 0x0000, 0x0000, 0x0000, 0x0000, 0x0000, 0x0000,
    0x0000, 0x0000, 0x0000, 0x0000, 0x0000, 0x0000, 0x0000, 0x0000, 0x0000, 0x0000, 0x0000, 0x0000, 0x0000, 0x0000, 0x0000, 0x0000,
    0x0000, 0x0000, 0x0000, 0x0000, 0x0000, 0x0000, 0x0000, 0x0000, 0x0000, 0x0000, 0x0000, 0x0000, 0x0000, 0x0000, 0x0000, 0x0000,
    0x0000, 0x0000, 0x0000, 0x0000, 0x0000, 0x0000, 0x0000, 0x0000, 0x0000, 0x0000, 0x0000, 0x0000, 0x0000, 0x0000, 0x0000, 0x0000,
    0x0000, 0x0000, 0x0000, 0x0000, 0x0000, 0x0000, 0x0000, 0x0000, 0xACD0, 0xCCF2, 0xB4D0, 0xAC8E, 0xAC0B, 0xA3CA, 0xA3A9, 0xA3A9,
    0xA389, 0xA389, 0xA389, 0xA3A9, 0xABA9, 0xABA9, 0xAB89, 0xAB88, 0xA368, 0xA368, 0x9BAA, 0xA389, 0xA306, 0xA389, 0xA327, 0xA326,
    0xA346, 0xA367, 0xA367, 0xAB88, 0xAB88, 0xABA8, 0xABA8, 0xABA9, 0xABC9, 0xB3C9, 0xB3E9, 0xBC4B, 0xBCCF, 0xBD31, 0xBCCF, 0x0000,
    0x0000, 0x0000, 0x0000, 0x0000, 0x0000, 0x0000, 0x0000, 0x0000, 0x0000, 0x0000, 0x0000, 0x0000, 0x0000, 0x0000, 0x0000, 0x0000,
    0x0000, 0x0000, 0x0000, 0x0000, 0x0000, 0x0000, 0x0000, 0x0000, 0x0000, 0x0000, 0x0000, 0x0000, 0x0000, 0x0000, 0x0000, 0x0000,
    0x0000, 0x0000, 0x0000, 0x0000, 0x0000, 0x0000, 0x0000, 0x0000, 0x0000, 0x0000, 0x0000, 0x0000, 0x0000, 0x0000, 0x0000, 0x0000,
    0x0000, 0x0000, 0x0000, 0x0000, 0x0000, 0x0000, 0x0000, 0x0000, 0x0000, 0x0000, 0x0000, 0x0000, 0x0000, 0x0000, 0x0000, 0x0000,
    0x0000, 0x0000, 0x0000, 0x0000, 0x0000, 0x0000, 0x0000, 0x0000, 0x0000, 0x0000, 0x0000, 0x0000, 0x0000, 0x0000, 0x0000, 0x0000,
    0x0000, 0x0000, 0x0000, 0x0000, 0x0000, 0x0000, 0x0000, 0x0000, 0x0000, 0x0000, 0x0000, 0x0000, 0x0000, 0x0000, 0x0000, 0x0000,
    0x0000, 0x0000, 0x0000, 0x0000, 0x0000, 0x0000, 0x0000, 0x0000, 0x0000, 0x0000, 0x0000, 0x0000, 0x0000, 0x0000, 0x0000, 0x0000,
    0x0000, 0x0000, 0x0000, 0x0000, 0x0000, 0x0000, 0x0000, 0x0000, 0x0000, 0x0000, 0x0000, 0x0000, 0x0000, 0x0000, 0x0000, 0x0000,
    0x0000, 0x0000, 0x0000, 0x0000, 0x0000, 0x0000, 0x0000, 0x0000, 0x0000, 0x0000, 0x0000, 0x0000, 0x0000, 0x0000, 0x0000, 0x0000,
    0x0000, 0x0000, 0x0000, 0x0000, 0x0000, 0x0000, 0x0000, 0x0000, 0x0000, 0x0000, 0x0000, 0x0000, 0x0000, 0x0000, 0x0000, 0x0000,
    0x0000, 0x0000, 0x0000, 0x0000, 0x0000, 0x0000, 0x0000, 0x0000, 0x0000, 0x0000, 0x0000, 0x0000, 0x0000, 0x0000, 0x0000, 0x0000,
    0x0000, 0x0000, 0x0000, 0x0000, 0x0000, 0x0000, 0x0000, 0x0000, 0x0000, 0x0000, 0x0000, 0x0000, 0x0000, 0x0000, 0x0000, 0x0000,
    0x0000, 0x0000, 0x0000, 0x0000, 0x0000, 0x0000, 0x0000, 0x0000, 0xB510, 0xB4B0, 0xB4D0, 0xACAF, 0xAC2C, 0xA3CA, 0xA3AA, 0xA3A9,
    0xA3A9, 0xA389, 0xA3A9, 0xABA9, 0xABA9, 0xABA9, 0xABA9, 0xAB89, 0xA368, 0xA369, 0x9BAB, 0xA3AA, 0x9B07, 0xA389, 0xA327, 0xA327,
    0xA347, 0xA367, 0xAB88, 0xAB88, 0xAB88, 0xABA8, 0xABA8, 0xABA9, 0xABC9, 0xB3E9, 0xB3E9, 0xBC4B, 0xBCCF, 0xBD52, 0xBCEF, 0x0000,
    0x0000, 0x0000, 0x0000, 0x0000, 0x0000, 0x0000, 0x0000, 0x0000, 0x0000, 0x0000, 0x0000, 0x0000, 0x0000, 0x0000, 0x0000, 0x0000,
    0x0000, 0x0000, 0x0000, 0x0000, 0x0000, 0x0000, 0x0000, 0x0000, 0x0000, 0x0000, 0x0000, 0x0000, 0x0000, 0x0000, 0x0000, 0x0000,
    0x0000, 0x0000, 0x0000, 0x0000, 0x0000, 0x0000, 0x0000, 0x0000, 0x0000, 0x0000, 0x0000, 0x0000, 0x0000, 0x0000, 0x0000, 0x0000,
    0x0000, 0x0000, 0x0000, 0x0000, 0x0000, 0x0000, 0x0000, 0x0000, 0x0000, 0x0000, 0x0000, 0x0000, 0x0000, 0x0000, 0x0000, 0x0000,
    0x0000, 0x0000, 0x0000, 0x0000, 0x0000, 0x0000, 0x0000, 0x0000, 0x0000, 0x0000, 0x0000, 0x0000, 0x0000, 0x0000, 0x0000, 0x0000,
    0x0000, 0x0000, 0x0000, 0x0000, 0x0000, 0x0000, 0x0000, 0x0000, 0x0000, 0x0000, 0x0000, 0x0000, 0x0000, 0x0000, 0x0000, 0x0000,
    0x0000, 0x0000, 0x0000, 0x0000, 0x0000, 0x0000, 0x0000, 0x0000, 0x0000, 0x0000, 0x0000, 0x0000, 0x0000, 0x0000, 0x0000, 0x0000,
    0x0000, 0x0000, 0x0000, 0x0000, 0x0000, 0x0000, 0x0000, 0x0000, 0x0000, 0x0000, 0x0000, 0x0000, 0x0000, 0x0000, 0x0000, 0x0000,
    0x0000, 0x0000, 0x0000, 0x0000, 0x0000, 0x0000, 0x0000, 0x0000, 0x0000, 0x0000, 0x0000, 0x0000, 0x0000, 0x0000, 0x0000, 0x0000,
    0x0000, 0x0000, 0x0000, 0x0000, 0x0000, 0x0000, 0x0000, 0x0000, 0x0000, 0x0000, 0x0000, 0x0000, 0x0000, 0x0000, 0x0000, 0x0000,
    0x0000, 0x0000, 0x0000, 0x0000, 0x0000, 0x0000, 0x0000, 0x0000, 0x0000, 0x0000, 0x0000, 0x0000, 0x0000, 0x0000, 0x0000, 0x0000,
    0x0000, 0x0000, 0x0000, 0x0000, 0x0000, 0x0000, 0x0000, 0x0000, 0x0000, 0x0000, 0x0000, 0x0000, 0x0000, 0x0000, 0x0000, 0x0000,
    0x0000, 0x0000, 0x0000, 0x0000, 0x0000, 0x0000, 0x0000, 0x0000, 0xACD0, 0xB4D0, 0xB4D0, 0xB4AF, 0xAC2C, 0xA3CA, 0xA3AA, 0xA3AA,
    0xA3AA, 0xA3AA, 0xA3AA, 0xA3AA, 0xABAA, 0xABAA, 0xABA9, 0xABA9, 0xA368, 0xA389, 0xA3CB, 0xA3AA, 0x9B07, 0xA38A, 0xA328, 0xA327,
    0xA347, 0xA367, 0xAB88, 0xAB88, 0xABA8, 0xABA8, 0xABA9, 0xABA9, 0xABC9, 0xB3E9, 0xB409, 0xBC6C, 0xBCCF, 0xBD52, 0xBCF0, 0x0000,
    0x0000, 0x0000, 0x0000, 0x0000, 0x0000, 0x0000, 0x0000, 0x0000, 0x0000, 0x0000, 0x0000, 0x0000, 0x0000, 0x0000, 0x0000, 0x0000,
    0x0000, 0x0000, 0x0000, 0x0000, 0x0000, 0x0000, 0x0000, 0x0000, 0x0000, 0x0000, 0x0000, 0x0000, 0x0000, 0x0000, 0x0000, 0x0000,
    0x0000, 0x0000, 0x0000, 0x0000, 0x0000, 0x0000, 0x0000, 0x0000, 0x0000, 0x0000, 0x0000, 0x0000, 0x0000, 0x0000, 0x0000, 0x0000,
    0x0000, 0x0000, 0x0000, 0x0000, 0x0000, 0x0000, 0x0000, 0x0000, 0x0000, 0x0000, 0x0000, 0x0000, 0x0000, 0x0000, 0x0000, 0x0000,
    0x0000, 0x0000, 0x0000, 0x0000, 0x0000, 0x0000, 0x0000, 0x0000, 0x0000, 0x0000, 0x0000, 0x0000, 0x0000, 0x0000, 0x0000, 0x0000,
    0x0000, 0x0000, 0x0000, 0x0000, 0x0000, 0x0000, 0x0000, 0x0000, 0x0000, 0x0000, 0x0000, 0x0000, 0x0000, 0x0000, 0x0000, 0x0000,
    0x0000, 0x0000, 0x0000, 0x0000, 0x0000, 0x0000, 0x0000, 0x0000, 0x0000, 0x0000, 0x0000, 0x0000, 0x0000, 0x0000, 0x0000, 0x0000,
    0x0000, 0x0000, 0x0000, 0x0000, 0x0000, 0x0000, 0x0000, 0x0000, 0x0000, 0x0000, 0x0000, 0x0000, 0x0000, 0x0000, 0x0000, 0x0000,
    0x0000, 0x0000, 0x0000, 0x0000, 0x0000, 0x0000, 0x0000, 0x0000, 0x0000, 0x0000, 0x0000, 0x0000, 0x0000, 0x0000, 0x0000, 0x0000,
    0x0000, 0x0000, 0x0000, 0x0000, 0x0000, 0x0000, 0x0000, 0x0000, 0x0000, 0x0000, 0x0000, 0x0000, 0x0000, 0x0000, 0x0000, 0x0000,
    0x0000, 0x0000, 0x0000, 0x0000, 0x0000, 0x0000, 0x0000, 0x0000, 0x0000, 0x0000, 0x0000, 0x0000, 0x0000, 0x0000, 0x0000, 0x0000,
    0x0000, 0x0000, 0x0000, 0x0000, 0x0000, 0x0000, 0x0000, 0x0000, 0x0000, 0x0000, 0x0000, 0x0000, 0x0000, 0x0000, 0x0000, 0x0000,
    0x0000, 0x0000, 0x0000, 0x0000, 0x0000, 0x0000, 0x0000, 0x0000, 0x0000, 0xB4D0, 0xB4D0, 0xB4AF, 0xAC4D, 0xA3EB, 0xA3CA, 0xABAA,
    0xA3AA, 0xA3AA, 0xABAA, 0xABAA, 0xABAA, 0xABAA, 0xABAA, 0xABA9, 0xA389, 0xA389, 0xA3CA, 0xA3AA, 0xA307, 0xA3AA, 0xA348, 0xA347,
    0xA367, 0xA368, 0xAB88, 0xABA8, 0xABA8, 0xABA9, 0xABA9, 0xABA9, 0xABC9, 0xB3E9, 0xB40A, 0xBC6D, 0xBCEF, 0xBD73, 0xBD10, 0x0000,
    0x0000, 0x0000, 0x0000, 0x0000, 0x0000, 0x0000, 0x0000, 0x0000, 0x0000, 0x0000, 0x0000, 0x0000, 0x0000, 0x0000, 0x0000, 0x0000,
    0x0000, 0x0000, 0x0000, 0x0000, 0x0000, 0x0000, 0x0000, 0x0000, 0x0000, 0x0000, 0x0000, 0x0000, 0x0000, 0x0000, 0x0000, 0x0000,
    0x0000, 0x0000, 0x0000, 0x0000, 0x0000, 0x0000, 0x0000, 0x0000, 0x0000, 0x0000, 0x0000, 0x0000, 0x0000, 0x0000, 0x0000, 0x0000,
    0x0000, 0x0000, 0x0000, 0x0000, 0x0000, 0x0000, 0x0000, 0x0000, 0x0000, 0x0000, 0x0000, 0x0000, 0x0000, 0x0000, 0x0000, 0x0000,
    0x0000, 0x0000, 0x0000, 0x0000, 0x0000, 0x0000, 0x0000, 0x0000, 0x0000, 0x0000, 0x0000, 0x0000, 0x0000, 0x0000, 0x0000, 0x0000,
    0x0000, 0x0000, 0x0000, 0x0000, 0x0000, 0x0000, 0x0000, 0x0000, 0x0000, 0x0000, 0x0000, 0x0000, 0x0000, 0x0000, 0x0000, 0x0000,
    0x0000, 0x0000, 0x0000, 0x0000, 0x0000, 0x0000, 0x0000, 0x0000, 0x0000, 0x0000, 0x0000, 0x0000, 0x0000, 0x0000, 0x0000, 0x0000,
    0x0000, 0x0000, 0x0000, 0x0000, 0x0000, 0x0000, 0x0000, 0x0000, 0x0000, 0x0000, 0x0000, 0x0000, 0x0000, 0x0000, 0x0000, 0x0000,
    0x0000, 0x0000, 0x0000, 0x0000, 0x0000, 0x0000, 0x0000, 0x0000, 0x0000, 0x0000, 0x0000, 0x0000, 0x0000, 0x0000, 0x0000, 0x0000,
    0x0000, 0x0000, 0x0000, 0x0000, 0x0000, 0x0000, 0x0000, 0x0000, 0x0000, 0x0000, 0x0000, 0x0000, 0x0000, 0x0000, 0x0000, 0x0000,
    0x0000, 0x0000, 0x0000, 0x0000, 0x0000, 0x0000, 0x0000, 0x0000, 0x0000, 0x0000, 0x0000, 0x0000, 0x0000, 0x0000, 0x0000, 0x0000,
    0x0000, 0x0000, 0x0000, 0x0000, 0x0000, 0x0000, 0x0000, 0x0000, 0x0000, 0x0000, 0x0000, 0x0000, 0x0000, 0x0000, 0x0000, 0x0000,
    0x0000, 0x0000, 0x0000, 0x0000, 0x0000, 0x0000, 0x0000, 0x0000, 0x0000, 0xB4D0, 0xB4D0, 0xB4D0, 0xAC4D, 0xA3EB, 0xA3CB, 0xABCA,
    0xA3AA, 0xA3AA, 0xA3AA, 0xABAA, 0xABAA, 0xABAA, 0xABAA, 0xABAA, 0xA389, 0xA389, 0x9BCB, 0xA3AA, 0xA327, 0xA3AA, 0xA348, 0xA347,
    0xA368, 0xAB88, 0xAB89, 0xABA9, 0xABA9, 0xABA9, 0xABA9, 0xABA9, 0xB3C9, 0xB3E9, 0xB40A, 0xBC8D, 0xBCEF, 0xBEFB, 0xBD11, 0x0000,
    0x0000, 0x0000, 0x0000, 0x0000, 0x0000, 0x0000, 0x0000, 0x0000, 0x0000, 0x0000, 0x0000, 0x0000, 0x0000, 0x0000, 0x0000, 0x0000,
    0x0000, 0x0000, 0x0000, 0x0000, 0x0000, 0x0000, 0x0000, 0x0000, 0x0000, 0x0000, 0x0000, 0x0000, 0x0000, 0x0000, 0x0000, 0x0000,
    0x0000, 0x0000, 0x0000, 0x0000, 0x0000, 0x0000, 0x0000, 0x0000, 0x0000, 0x0000, 0x0000, 0x0000, 0x0000, 0x0000, 0x0000, 0x0000,
    0x0000, 0x0000, 0x0000, 0x0000, 0x0000, 0x0000, 0x0000, 0x0000, 0x0000, 0x0000, 0x0000, 0x0000, 0x0000, 0x0000, 0x0000, 0x0000,
    0x0000, 0x0000, 0x0000, 0x0000, 0x0000, 0x0000, 0x0000, 0x0000, 0x0000, 0x0000, 0x0000, 0x0000, 0x0000, 0x0000, 0x0000, 0x0000,
    0x0000, 0x0000, 0x0000, 0x0000, 0x0000, 0x0000, 0x0000, 0x0000, 0x0000, 0x0000, 0x0000, 0x0000, 0x0000, 0x0000, 0x0000, 0x0000,
    0x0000, 0x0000, 0x0000, 0x0000, 0x0000, 0x0000, 0x0000, 0x0000, 0x0000, 0x0000, 0x0000, 0x0000, 0x0000, 0x0000, 0x0000, 0x0000,
    0x0000, 0x0000, 0x0000, 0x0000, 0x0000, 0x0000, 0x0000, 0x0000, 0x0000, 0x0000, 0x0000, 0x0000, 0x0000, 0x0000, 0x0000, 0x0000,
    0x0000, 0x0000, 0x0000, 0x0000, 0x0000, 0x0000, 0x0000, 0x0000, 0x0000, 0x0000, 0x0000, 0x0000, 0x0000, 0x0000, 0x0000, 0x0000,
    0x0000, 0x0000, 0x0000, 0x0000, 0x0000, 0x0000, 0x0000, 0x0000, 0x0000, 0x0000, 0x0000, 0x0000, 0x0000, 0x0000, 0x0000, 0x0000,
    0x0000, 0x0000, 0x0000, 0x0000, 0x0000, 0x0000, 0x0000, 0x0000, 0x0000, 0x0000, 0x0000, 0x0000, 0x0000, 0x0000, 0x0000, 0x0000,
    0x0000, 0x0000, 0x0000, 0x0000, 0x0000, 0x0000, 0x0000, 0x0000, 0x0000, 0x0000, 0x0000, 0x0000, 0x0000, 0x0000, 0x0000, 0x0000,
    0x0000, 0x0000, 0x0000, 0x0000, 0x0000, 0x0000, 0x0000, 0x0000, 0x0000, 0xB4F0, 0xB4F0, 0xB4D0, 0xAC6E, 0xAC0B, 0xA3CB, 0xA3CB,
    0xA3AA, 0xA3AA, 0xA3AA, 0xA3AA, 0xABAB, 0xABCB, 0xABCA, 0xABAA, 0xAB89, 0xA389, 0x9C0C, 0xA3CB, 0x9B28, 0xA3AA, 0xA348, 0xA348,
    0xA368, 0xAB89, 0xABA9, 0xABA9, 0xABA9, 0xABA9, 0xABA9, 0xABC9, 0xB3CA, 0xB3E9, 0xB42B, 0xBC8E, 0xBCF0, 0xBC0B, 0xBD31, 0x0000,
    0x0000, 0x0000, 0x0000, 0x0000, 0x0000, 0x0000, 0x0000, 0x0000, 0x0000, 0x0000, 0x0000, 0x0000, 0x0000, 0x0000, 0x0000, 0x0000,
    0x0000, 0x0000, 0x0000, 0x0000, 0x0000, 0x0000, 0x0000, 0x0000, 0x0000, 0x0000, 0x0000, 0x0000, 0x0000, 0x0000, 0x0000, 0x0000,
    0x0000, 0x0000, 0x0000, 0x0000, 0x0000, 0x0000, 0x0000, 0x0000, 0x0000, 0x0000, 0x0000, 0x0000, 0x0000, 0x0000, 0x0000, 0x0000,
    0x0000, 0x0000, 0x0000, 0x0000, 0x0000, 0x0000, 0x0000, 0x0000, 0x0000, 0x0000, 0x0000, 0x0000, 0x0000, 0x0000, 0x0000, 0x0000,
    0x0000, 0x0000, 0x0000, 0x0000, 0x0000, 0x0000, 0x0000, 0x0000, 0x0000, 0x0000, 0x0000, 0x0000, 0x0000, 0x0000, 0x0000, 0x0000,
    0x0000, 0x0000, 0x0000, 0x0000, 0x0000, 0x0000, 0x0000, 0x0000, 0x0000, 0x0000, 0x0000, 0x0000, 0x0000, 0x0000, 0x0000, 0x0000,
    0x0000, 0x0000, 0x0000, 0x0000, 0x0000, 0x0000, 0x0000, 0x0000, 0x0000, 0x0000, 0x0000, 0x0000, 0x0000, 0x0000, 0x0000, 0x0000,
    0x0000, 0x0000, 0x0000, 0x0000, 0x0000, 0x0000, 0x0000, 0x0000, 0x0000, 0x0000, 0x0000, 0x0000, 0x0000, 0x0000, 0x0000, 0x0000,
    0x0000, 0x0000, 0x0000, 0x0000, 0x0000, 0x0000, 0x0000, 0x0000, 0x0000, 0x0000, 0x0000, 0x0000, 0x0000, 0x0000, 0x0000, 0x0000,
    0x0000, 0x0000, 0x0000, 0x0000, 0x0000, 0x0000, 0x0000, 0x0000, 0x0000, 0x0000, 0x0000, 0x0000, 0x0000, 0x0000, 0x0000, 0x0000,
    0x0000, 0x0000, 0x0000, 0x0000, 0x0000, 0x0000, 0x0000, 0x0000, 0x0000, 0x0000, 0x0000, 0x0000, 0x0000, 0x0000, 0x0000, 0x0000,
    0x0000, 0x0000, 0x0000, 0x0000, 0x0000, 0x0000, 0x0000, 0x0000, 0x0000, 0x0000, 0x0000, 0x0000, 0x0000, 0x0000, 0x0000, 0x0000,
    0x0000, 0x0000, 0x0000, 0x0000, 0x0000, 0x0000, 0x0000, 0x0000, 0x0000, 0xBD31, 0xBD51, 0xB4F1, 0xAC8E, 0xAC2C, 0xA3EB, 0xA3CB,
    0xA3CB, 0xA3CB, 0xA3CB, 0xA3CB, 0xABCB, 0xABCB, 0xABCB, 0xABAA, 0xABAA, 0xA38A, 0x9C2C, 0xA3CB, 0xA348, 0xA3AA, 0xA369, 0xA368,
    0xA388, 0xAB89, 0xABAA, 0xABAA, 0xABAA, 0xABAA, 0xABAA, 0xABCA, 0xB3CA, 0xB3EA, 0xB42B, 0xBCAE, 0xBCF0, 0xBCAE, 0xBD93, 0x0000,
    0x0000, 0x0000, 0x0000, 0x0000, 0x0000, 0x0000, 0x0000, 0x0000, 0x0000, 0x0000, 0x0000, 0x0000, 0x0000, 0x0000, 0x0000, 0x0000,
    0x0000, 0x0000, 0x0000, 0x0000, 0x0000, 0x0000, 0x0000, 0x0000, 0x0000, 0x0000, 0x0000, 0x0000, 0x0000, 0x0000, 0x0000, 0x0000,
    0x0000, 0x0000, 0x0000, 0x0000, 0x0000, 0x0000, 0x0000, 0x0000, 0x0000, 0x0000, 0x0000, 0x0000, 0x0000, 0x0000, 0x0000, 0x0000,
    0x0000, 0x0000, 0x0000, 0x0000, 0x0000, 0x0000, 0x0000, 0x0000, 0x0000, 0x0000, 0x0000, 0x0000, 0x0000, 0x0000, 0x0000, 0x0000,
    0x0000, 0x0000, 0x0000, 0x0000, 0x0000, 0x0000, 0x0000, 0x0000, 0x0000, 0x0000, 0x0000, 0x0000, 0x0000, 0x0000, 0x0000, 0x0000,
    0x0000, 0x0000, 0x0000, 0x0000, 0x0000, 0x0000, 0x0000, 0x0000, 0x0000, 0x0000, 0x0000, 0x0000, 0x0000, 0x0000, 0x0000, 0x0000,
    0x0000, 0x0000, 0x0000, 0x0000, 0x0000, 0x0000, 0x0000, 0x0000, 0x0000, 0x0000, 0x0000, 0x0000, 0x0000, 0x0000, 0x0000, 0x0000,
    0x0000, 0x0000, 0x0000, 0x0000, 0x0000, 0x0000, 0x0000, 0x0000, 0x0000, 0x0000, 0x0000, 0x0000, 0x0000, 0x0000, 0x0000, 0x0000,
    0x0000, 0x0000, 0x0000, 0x0000, 0x0000, 0x0000, 0x0000, 0x0000, 0x0000, 0x0000, 0x0000, 0x0000, 0x0000, 0x0000, 0x0000, 0x0000,
    0x0000, 0x0000, 0x0000, 0x0000, 0x0000, 0x0000, 0x0000, 0x0000, 0x0000, 0x0000, 0x0000, 0x0000, 0x0000, 0x0000, 0x0000, 0x0000,
    0x0000, 0x0000, 0x0000, 0x0000, 0x0000, 0x0000, 0x0000, 0x0000, 0x0000, 0x0000, 0x0000, 0x0000, 0x0000, 0x0000, 0x0000, 0x0000,
    0x0000, 0x0000, 0x0000, 0x0000, 0x0000, 0x0000, 0x0000, 0x0000, 0x0000, 0x0000, 0x0000, 0x0000, 0x0000, 0x0000, 0x0000, 0x0000,
    0x0000, 0x0000, 0x0000, 0x0000, 0x0000, 0x0000, 0x0000, 0x0000, 0x0000, 0xCDD2, 0xDEB5, 0xB4F1, 0xACAF, 0xAC2C, 0xABEB, 0xA3EB,
    0xA3CB, 0xA3CB, 0xA3CB, 0xA3CB, 0xABCB, 0xABCB, 0xABCB, 0xABCA, 0xABAA, 0xA3AA, 0x944D, 0x9BCB, 0xA369, 0x9BAA, 0xA369, 0xA369,
    0xA389, 0xABAA, 0xABAA, 0xABAA, 0xABAA, 0xABCA, 0xABCA, 0xABCA, 0xB3EA, 0xB40A, 0xB44C, 0xBCAF, 0xBD10, 0xBCF0, 0xC678, 0x0000,
    0x0000, 0x0000, 0x0000, 0x0000, 0x0000, 0x0000, 0x0000, 0x0000, 0x0000, 0x0000, 0x0000, 0x0000, 0x0000, 0x0000, 0x0000, 0x0000,
    0x0000, 0x0000, 0x0000, 0x0000, 0x0000, 0x0000, 0x0000, 0x0000, 0x0000, 0x0000, 0x0000, 0x0000, 0x0000, 0x0000, 0x0000, 0x0000,
    0x0000, 0x0000, 0x0000, 0x0000, 0x0000, 0x0000, 0x0000, 0x0000, 0x0000, 0x0000, 0x0000, 0x0000, 0x0000, 0x0000, 0x0000, 0x0000,
    0x0000, 0x0000, 0x0000, 0x0000, 0x0000, 0x0000, 0x0000, 0x0000, 0x0000, 0x0000, 0x0000, 0x0000, 0x0000, 0x0000, 0x0000, 0x0000,
    0x0000, 0x0000, 0x0000, 0x0000, 0x0000, 0x0000, 0x0000, 0x0000, 0x0000, 0x0000, 0x0000, 0x0000, 0x0000, 0x0000, 0x0000, 0x0000,
    0x0000, 0x0000, 0x0000, 0x0000, 0x0000, 0x0000, 0x0000, 0x0000, 0x0000, 0x0000, 0x0000, 0x0000, 0x0000, 0x0000, 0x0000, 0x0000,
    0x0000, 0x0000, 0x0000, 0x0000, 0x0000, 0x0000, 0x0000, 0x0000, 0x0000, 0x0000, 0x0000, 0x0000, 0x0000, 0x0000, 0x0000, 0x0000,
    0x0000, 0x0000, 0x0000, 0x0000, 0x0000, 0x0000, 0x0000, 0x0000, 0x0000, 0x0000, 0x0000, 0x0000, 0x0000, 0x0000, 0x0000, 0x0000,
    0x0000, 0x0000, 0x0000, 0x0000, 0x0000, 0x0000, 0x0000, 0x0000, 0x0000, 0x0000, 0x0000, 0x0000, 0x0000, 0x0000, 0x0000, 0x0000,
    0x0000, 0x0000, 0x0000, 0x0000, 0x0000, 0x0000, 0x0000, 0x0000, 0x0000, 0x0000, 0x0000, 0x0000, 0x0000, 0x0000, 0x0000, 0x0000,
    0x0000, 0x0000, 0x0000, 0x0000, 0x0000, 0x0000, 0x0000, 0x0000, 0x0000, 0x0000, 0x0000, 0x0000, 0x0000, 0x0000, 0x0000, 0x0000,
    0x0000, 0x0000, 0x0000, 0x0000, 0x0000, 0x0000, 0x0000, 0x0000, 0x0000, 0x0000, 0x0000, 0x0000, 0x0000, 0x0000, 0x0000, 0x0000,
    0x0000, 0x0000, 0x0000, 0x0000, 0x0000, 0x0000, 0x0000, 0x0000, 0x0000, 0xB511, 0xACAF, 0xB511, 0xB4D0, 0xAC4D, 0xAC0C, 0xABEC,
    0xA3EC, 0xA3CB, 0xA3CB, 0xA3CB, 0xABCB, 0xABCB, 0xABCB, 0xABCA, 0xABAA, 0xA3AA, 0x84AF, 0x9BEB, 0xA369, 0xA3AA, 0xA369, 0xA369,
    0xA389, 0xABAA, 0xABAA, 0xABAA, 0xABCA, 0xABCA, 0xABCA, 0xABCA, 0xB3EA, 0xB40A, 0xBC6C, 0xBCCF, 0xBD31, 0xBD10, 0xBDD4, 0x0000,
    0x0000, 0x0000, 0x0000, 0x0000, 0x0000, 0x0000, 0x0000, 0x0000, 0x0000, 0x0000, 0x0000, 0x0000, 0x0000, 0x0000, 0x0000, 0x0000,
    0x0000, 0x0000, 0x0000, 0x0000, 0x0000, 0x0000, 0x0000, 0x0000, 0x0000, 0x0000, 0x0000, 0x0000, 0x0000, 0x0000, 0x0000, 0x0000,
    0x0000, 0x0000, 0x0000, 0x0000, 0x0000, 0x0000, 0x0000, 0x0000, 0x0000, 0x0000, 0x0000, 0x0000, 0x0000, 0x0000, 0x0000, 0x0000,
    0x0000, 0x0000, 0x0000, 0x0000, 0x0000, 0x0000, 0x0000, 0x0000, 0x0000, 0x0000, 0x0000, 0x0000, 0x0000, 0x0000, 0x0000, 0x0000,
    0x0000, 0x0000, 0x0000, 0x0000, 0x0000, 0x0000, 0x0000, 0x0000, 0x0000, 0x0000, 0x0000, 0x0000, 0x0000, 0x0000, 0x0000, 0x0000,
    0x0000, 0x0000, 0x0000, 0x0000, 0x0000, 0x0000, 0x0000, 0x0000, 0x0000, 0x0000, 0x0000, 0x0000, 0x0000, 0x0000, 0x0000, 0x0000,
    0x0000, 0x0000, 0x0000, 0x0000, 0x0000, 0x0000, 0x0000, 0x0000, 0x0000, 0x0000, 0x0000, 0x0000, 0x0000, 0x0000, 0x0000, 0x0000,
    0x0000, 0x0000, 0x0000, 0x0000, 0x0000, 0x0000, 0x0000, 0x0000, 0x0000, 0x0000, 0x0000, 0x0000, 0x0000, 0x0000, 0x0000, 0x0000,
    0x0000, 0x0000, 0x0000, 0x0000, 0x0000, 0x0000, 0x0000, 0x0000, 0x0000, 0x0000, 0x0000, 0x0000, 0x0000, 0x0000, 0x0000, 0x0000,
    0x0000, 0x0000, 0x0000, 0x0000, 0x0000, 0x0000, 0x0000, 0x0000, 0x0000, 0x0000, 0x0000, 0x0000, 0x0000, 0x0000, 0x0000, 0x0000,
    0x0000, 0x0000, 0x0000, 0x0000, 0x0000, 0x0000, 0x0000, 0x0000, 0x0000, 0x0000, 0x0000, 0x0000, 0x0000, 0x0000, 0x0000, 0x0000,
    0x0000, 0x0000, 0x0000, 0x0000, 0x0000, 0x0000, 0x0000, 0x0000, 0x0000, 0x0000, 0x0000, 0x0000, 0x0000, 0x0000, 0x0000, 0x0000,
    0x0000, 0x0000, 0x0000, 0x0000, 0x0000, 0x0000, 0x0000, 0x0000, 0x0000, 0x0000, 0xB4D0, 0xBD11, 0xB4D0, 0xAC4D, 0xAC0C, 0xAC0C,
    0xA3EC, 0xA3EC, 0xA3EC, 0xA3EC, 0xABEB, 0xABEB, 0xABCB, 0xABCB, 0xABAA, 0xA3AA, 0x852F, 0x9BEB, 0xA369, 0xA3CB, 0xA389, 0xA389,
    0xAB89, 0xABAA, 0xABAA, 0xABCB, 0xABCB, 0xABCB, 0xABCB, 0xABEB, 0xB3EB, 0xB40B, 0xBC6D, 0xBCEF, 0xBD52, 0xBD31, 0x0000, 0x0000,
    0x0000, 0x0000, 0x0000, 0x0000, 0x0000, 0x0000, 0x0000, 0x0000, 0x0000, 0x0000, 0x0000, 0x0000, 0x0000, 0x0000, 0x0000, 0x0000,
    0x0000, 0x0000, 0x0000, 0x0000, 0x0000, 0x0000, 0x0000, 0x0000, 0x0000, 0x0000, 0x0000, 0x0000, 0x0000, 0x0000, 0x0000, 0x0000,
    0x0000, 0x0000, 0x0000, 0x0000, 0x0000, 0x0000, 0x0000, 0x0000, 0x0000, 0x0000, 0x0000, 0x0000, 0x0000, 0x0000, 0x0000, 0x0000,
    0x0000, 0x0000, 0x0000, 0x0000, 0x0000, 0x0000, 0x0000, 0x0000, 0x0000, 0x0000, 0x0000, 0x0000, 0x0000, 0x0000, 0x0000, 0x0000,
    0x0000, 0x0000, 0x0000, 0x0000, 0x0000, 0x0000, 0x0000, 0x0000, 0x0000, 0x0000, 0x0000, 0x0000, 0x0000, 0x0000, 0x0000, 0x0000,
    0x0000, 0x0000, 0x0000, 0x0000, 0x0000, 0x0000, 0x0000, 0x0000, 0x0000, 0x0000, 0x0000, 0x0000, 0x0000, 0x0000, 0x0000, 0x0000,
    0x0000, 0x0000, 0x0000, 0x0000, 0x0000, 0x0000, 0x0000, 0x0000, 0x0000, 0x0000, 0x0000, 0x0000, 0x0000, 0x0000, 0x0000, 0x0000,
    0x0000, 0x0000, 0x0000, 0x0000, 0x0000, 0x0000, 0x0000, 0x0000, 0x0000, 0x0000, 0x0000, 0x0000, 0x0000, 0x0000, 0x0000, 0x0000,
    0x0000, 0x0000, 0x0000, 0x0000, 0x0000, 0x0000, 0x0000, 0x0000, 0x0000, 0x0000, 0x0000, 0x0000, 0x0000, 0x0000, 0x0000, 0x0000,
    0x0000, 0x0000, 0x0000, 0x0000, 0x0000, 0x0000, 0x0000, 0x0000, 0x0000, 0x0000, 0x0000, 0x0000, 0x0000, 0x0000, 0x0000, 0x0000,
    0x0000, 0x0000, 0x0000, 0x0000, 0x0000, 0x0000, 0x0000, 0x0000, 0x0000, 0x0000, 0x0000, 0x0000, 0x0000, 0x0000, 0x0000, 0x0000,
    0x0000, 0x0000, 0x0000, 0x0000, 0x0000, 0x0000, 0x0000, 0x0000, 0x0000, 0x0000, 0x0000, 0x0000, 0x0000, 0x0000, 0x0000, 0x0000,
    0x0000, 0x0000, 0x0000, 0x0000, 0x0000, 0x0000, 0x0000, 0x0000, 0x0000, 0x0000, 0xB511, 0xBD11, 0xB4F0, 0xAC6E, 0xAC2C, 0xAC0C,
    0xAC0C, 0xA3EC, 0xA3EC, 0xA3EC, 0xA3EC, 0xABEC, 0xABEB, 0xABCB, 0xABAA, 0xA3AA, 0x5D2F, 0x9BEB, 0xA389, 0xA40B, 0xA38A, 0xA389,
    0xABAA, 0xABAA, 0xABCB, 0xABCB, 0xABCB, 0xABCB, 0xABCB, 0xABEB, 0xB40B, 0xB42B, 0xBC8D, 0xBCF0, 0xBDD5, 0xBD52, 0x0000, 0x0000,
    0x0000, 0x0000, 0x0000, 0x0000, 0x0000, 0x0000, 0x0000, 0x0000, 0x0000, 0x0000, 0x0000, 0x0000, 0x0000, 0x0000, 0x0000, 0x0000,
    0x0000, 0x0000, 0x0000, 0x0000, 0x0000, 0x0000, 0x0000, 0x0000, 0x0000, 0x0000, 0x0000, 0x0000, 0x0000, 0x0000, 0x0000, 0x0000,
    0x0000, 0x0000, 0x0000, 0x0000, 0x0000, 0x0000, 0x0000, 0x0000, 0x0000, 0x0000, 0x0000, 0x0000, 0x0000, 0x0000, 0x0000, 0x0000,
    0x0000, 0x0000, 0x0000, 0x0000, 0x0000, 0x0000, 0x0000, 0x0000, 0x0000, 0x0000, 0x0000, 0x0000, 0x0000, 0x0000, 0x0000, 0x0000,
    0x0000, 0x0000, 0x0000, 0x0000, 0x0000, 0x0000, 0x0000, 0x0000, 0x0000, 0x0000, 0x0000, 0x0000, 0x0000, 0x0000, 0x0000, 0x0000,
    0x0000, 0x0000, 0x0000, 0x0000, 0x0000, 0x0000, 0x0000, 0x0000, 0x0000, 0x0000, 0x0000, 0x0000, 0x0000, 0x0000, 0x0000, 0x0000,
    0x0000, 0x0000, 0x0000, 0x0000, 0x0000, 0x0000, 0x0000, 0x0000, 0x0000, 0x0000, 0x0000, 0x0000, 0x0000, 0x0000, 0x0000, 0x0000,
    0x0000, 0x0000, 0x0000, 0x0000, 0x0000, 0x0000, 0x0000, 0x0000, 0x0000, 0x0000, 0x0000, 0x0000, 0x0000, 0x0000, 0x0000, 0x0000,
    0x0000, 0x0000, 0x0000, 0x0000, 0x0000, 0x0000, 0x0000, 0x0000, 0x0000, 0x0000, 0x0000, 0x0000, 0x0000, 0x0000, 0x0000, 0x0000,
    0x0000, 0x0000, 0x0000, 0x0000, 0x0000, 0x0000, 0x0000, 0x0000, 0x0000, 0x0000, 0x0000, 0x0000, 0x0000, 0x0000, 0x0000, 0x0000,
    0x0000, 0x0000, 0x0000, 0x0000, 0x0000, 0x0000, 0x0000, 0x0000, 0x0000, 0x0000, 0x0000, 0x0000, 0x0000, 0x0000, 0x0000, 0x0000,
    0x0000, 0x0000, 0x0000, 0x0000, 0x0000, 0x0000, 0x0000, 0x0000, 0x0000, 0x0000, 0x0000, 0x0000, 0x0000, 0x0000, 0x0000, 0x0000,
    0x0000, 0x0000, 0x0000, 0x0000, 0x0000, 0x0000, 0x0000, 0x0000, 0x0000, 0x0000, 0xBD11, 0xBD32, 0xB4F1, 0xAC8E, 0xAC2D, 0xAC0C,
    0xAC0C, 0xA3EC, 0xA3EC, 0xA3EC, 0xABEC, 0xABEC, 0xABEC, 0xABEB, 0xABCA, 0xA3AA, 0x07BD, 0x9BEB, 0xA38A, 0xAC0C, 0xA3AA, 0xA38A,
    0xABAA, 0xABCB, 0xABCB, 0xABCB, 0xABCB, 0xABCB, 0xABEB, 0xABEB, 0xB40B, 0xB42C, 0xBCAE, 0xBD10, 0xC2C4, 0xBD73, 0x0000, 0x0000,
    0x0000, 0x0000, 0x0000, 0x0000, 0x0000, 0x0000, 0x0000, 0x0000, 0x0000, 0x0000, 0x0000, 0x0000, 0x0000, 0x0000, 0x0000, 0x0000,
    0x0000, 0x0000, 0x0000, 0x0000, 0x0000, 0x0000, 0x0000, 0x0000, 0x0000, 0x0000, 0x0000, 0x0000, 0x0000, 0x0000, 0x0000, 0x0000,
    0x0000, 0x0000, 0x0000, 0x0000, 0x0000, 0x0000, 0x0000, 0x0000, 0x0000, 0x0000, 0x0000, 0x0000, 0x0000, 0x0000, 0x0000, 0x0000,
    0x0000, 0x0000, 0x0000, 0x0000, 0x0000, 0x0000, 0x0000, 0x0000, 0x0000, 0x0000, 0x0000, 0x0000, 0x0000, 0x0000, 0x0000, 0x0000,
    0x0000, 0x0000, 0x0000, 0x0000, 0x0000, 0x0000, 0x0000, 0x0000, 0x0000, 0x0000, 0x0000, 0x0000, 0x0000, 0x0000, 0x0000, 0x0000,
    0x0000, 0x0000, 0x0000, 0x0000, 0x0000, 0x0000, 0x0000, 0x0000, 0x0000, 0x0000, 0x0000, 0x0000, 0x0000, 0x0000, 0x0000, 0x0000,
    0x0000, 0x0000, 0x0000, 0x0000, 0x0000, 0x0000, 0x0000, 0x0000, 0x0000, 0x0000, 0x0000, 0x0000, 0x0000, 0x0000, 0x0000, 0x0000,
    0x0000, 0x0000, 0x0000, 0x0000, 0x0000, 0x0000, 0x0000, 0x0000, 0x0000, 0x0000, 0x0000, 0x0000, 0x0000, 0x0000, 0x0000, 0x0000,
    0x0000, 0x0000, 0x0000, 0x0000, 0x0000, 0x0000, 0x0000, 0x0000, 0x0000, 0x0000, 0x0000, 0x0000, 0x0000, 0x0000, 0x0000, 0x0000,
    0x0000, 0x0000, 0x0000, 0x0000, 0x0000, 0x0000, 0x0000, 0x0000, 0x0000, 0x0000, 0x0000, 0x0000, 0x0000, 0x0000, 0x0000, 0x0000,
    0x0000, 0x0000, 0x0000, 0x0000, 0x0000, 0x0000, 0x0000, 0x0000, 0x0000, 0x0000, 0x0000, 0x0000, 0x0000, 0x0000, 0x0000, 0x0000,
    0x0000, 0x0000, 0x0000, 0x0000, 0x0000, 0x0000, 0x0000, 0x0000, 0x0000, 0x0000, 0x0000, 0x0000, 0x0000, 0x0000, 0x0000, 0x0000,
    0x0000, 0x0000, 0x0000, 0x0000, 0x0000, 0x0000, 0x0000, 0x0000, 0x0000, 0x0000, 0xBD11, 0xBD32, 0xB511, 0xB4AF, 0xAC4D, 0xAC2D,
    0xAC2C, 0xAC0C, 0xA40C, 0xAC0C, 0xAC0C, 0xAC0C, 0xAC0C, 0xABEB, 0xABCB, 0xA3CB, 0xF800, 0x9C0C, 0xA38A, 0xAC0C, 0xA3AA, 0xA38A,
    0xABAA, 0xABCB, 0xABCB, 0xABCB, 0xABCB, 0xABEB, 0xABEB, 0xB40C, 0xB40C, 0xBC4C, 0xBCAE, 0xBD10, 0xC4AE, 0xBDF5, 0x0000, 0x0000,
    0x0000, 0x0000, 0x0000, 0x0000, 0x0000, 0x0000, 0x0000, 0x0000, 0x0000, 0x0000, 0x0000, 0x0000, 0x0000, 0x0000, 0x0000, 0x0000,
    0x0000, 0x0000, 0x0000, 0x0000, 0x0000, 0x0000, 0x0000, 0x0000, 0x0000, 0x0000, 0x0000, 0x0000, 0x0000, 0x0000, 0x0000, 0x0000,
    0x0000, 0x0000, 0x0000, 0x0000, 0x0000, 0x0000, 0x0000, 0x0000, 0x0000, 0x0000, 0x0000, 0x0000, 0x0000, 0x0000, 0x0000, 0x0000,
    0x0000, 0x0000, 0x0000, 0x0000, 0x0000, 0x0000, 0x0000, 0x0000, 0x0000, 0x0000, 0x0000, 0x0000, 0x0000, 0x0000, 0x0000, 0x0000,
    0x0000, 0x0000, 0x0000, 0x0000, 0x0000, 0x0000, 0x0000, 0x0000, 0x0000, 0x0000, 0x0000, 0x0000, 0x0000, 0x0000, 0x0000, 0x0000,
    0x0000, 0x0000, 0x0000, 0x0000, 0x0000, 0x0000, 0x0000, 0x0000, 0x0000, 0x0000, 0x0000, 0x0000, 0x0000, 0x0000, 0x0000, 0x0000,
    0x0000, 0x0000, 0x0000, 0x0000, 0x0000, 0x0000, 0x0000, 0x0000, 0x0000, 0x0000, 0x0000, 0x0000, 0x0000, 0x0000, 0x0000, 0x0000,
    0x0000, 0x0000, 0x0000, 0x0000, 0x0000, 0x0000, 0x0000, 0x0000, 0x0000, 0x0000, 0x0000, 0x0000, 0x0000, 0x0000, 0x0000, 0x0000,
    0x0000, 0x0000, 0x0000, 0x0000, 0x0000, 0x0000, 0x0000, 0x0000, 0x0000, 0x0000, 0x0000, 0x0000, 0x0000, 0x0000, 0x0000, 0x0000,
    0x0000, 0x0000, 0x0000, 0x0000, 0x0000, 0x0000, 0x0000, 0x0000, 0x0000, 0x0000, 0x0000, 0x0000, 0x0000, 0x0000, 0x0000, 0x0000,
    0x0000, 0x0000, 0x0000, 0x0000, 0x0000, 0x0000, 0x0000, 0x0000, 0x0000, 0x0000, 0x0000, 0x0000, 0x0000, 0x0000, 0x0000, 0x0000,
    0x0000, 0x0000, 0x0000, 0x0000, 0x0000, 0x0000, 0x0000, 0x0000, 0x0000, 0x0000, 0x0000, 0x0000, 0x0000, 0x0000, 0x0000, 0x0000,
    0x0000, 0x0000, 0x0000, 0x0000, 0x0000, 0x0000, 0x0000, 0x0000, 0x0000, 0x0000, 0xBD11, 0xBD52, 0xBD11, 0xB4AF, 0xAC6E, 0xAC4D,
    0xAC2D, 0xAC2D, 0xAC0D, 0xAC0D, 0xAC0D, 0xAC0D, 0xAC0C, 0xABEC, 0xABCB, 0xA3CB, 0xC8A0, 0xA44D, 0xA3AA, 0xAC0C, 0xA3AA, 0xA3AA,
    0xABAA, 0xABCB, 0xABCB, 0xABEB, 0xABEC, 0xABEC, 0xAC0C, 0xB40C, 0xB42C, 0xBC4C, 0xBCAF, 0xBD10, 0xBD10, 0xBED9, 0x0000, 0x0000,
    0x0000, 0x0000, 0x0000, 0x0000, 0x0000, 0x0000, 0x0000, 0x0000, 0x0000, 0x0000, 0x0000, 0x0000, 0x0000, 0x0000, 0x0000, 0x0000,
    0x0000, 0x0000, 0x0000, 0x0000, 0x0000, 0x0000, 0x0000, 0x0000, 0x0000, 0x0000, 0x0000, 0x0000, 0x0000, 0x0000, 0x0000, 0x0000,
    0x0000, 0x0000, 0x0000, 0x0000, 0x0000, 0x0000, 0x0000, 0x0000, 0x0000, 0x0000, 0x0000, 0x0000, 0x0000, 0x0000, 0x0000, 0x0000,
    0x0000, 0x0000, 0x0000, 0x0000, 0x0000, 0x0000, 0x0000, 0x0000, 0x0000, 0x0000, 0x0000, 0x0000, 0x0000, 0x0000, 0x0000, 0x0000,
    0x0000, 0x0000, 0x0000, 0x0000, 0x0000, 0x0000, 0x0000, 0x0000, 0x0000, 0x0000, 0x0000, 0x0000, 0x0000, 0x0000, 0x0000, 0x0000,
    0x0000, 0x0000, 0x0000, 0x0000, 0x0000, 0x0000, 0x0000, 0x0000, 0x0000, 0x0000, 0x0000, 0x0000, 0x0000, 0x0000, 0x0000, 0x0000,
    0x0000, 0x0000, 0x0000, 0x0000, 0x0000, 0x0000, 0x0000, 0x0000, 0x0000, 0x0000, 0x0000, 0x0000, 0x0000, 0x0000, 0x0000, 0x0000,
    0x0000, 0x0000, 0x0000, 0x0000, 0x0000, 0x0000, 0x0000, 0x0000, 0x0000, 0x0000, 0x0000, 0x0000, 0x0000, 0x0000, 0x0000, 0x0000,
    0x0000, 0x0000, 0x0000, 0x0000, 0x0000, 0x0000, 0x0000, 0x0000, 0x0000, 0x0000, 0x0000, 0x0000, 0x0000, 0x0000, 0x0000, 0x0000,
    0x0000, 0x0000, 0x0000, 0x0000, 0x0000, 0x0000, 0x0000, 0x0000, 0x0000, 0x0000, 0x0000, 0x0000, 0x0000, 0x0000, 0x0000, 0x0000,
    0x0000, 0x0000, 0x0000, 0x0000, 0x0000, 0x0000, 0x0000, 0x0000, 0x0000, 0x0000, 0x0000, 0x0000, 0x0000, 0x0000, 0x0000, 0x0000,
    0x0000, 0x0000, 0x0000, 0x0000, 0x0000, 0x0000, 0x0000, 0x0000, 0x0000, 0x0000, 0x0000, 0x0000, 0x0000, 0x0000, 0x0000, 0x0000,
    0x0000, 0x0000, 0x0000, 0x0000, 0x0000, 0x0000, 0x0000, 0x0000, 0x0000, 0x0000, 0xB511, 0xB4F1, 0xB511, 0xB4D0, 0xB48E, 0xAC6E,
    0xAC4E, 0xAC4E, 0xAC4E, 0xAC2E, 0xAC2D, 0xAC2D, 0xAC2D, 0xAC0C, 0xABCB, 0xA3CB, 0xA9E3, 0xA46D, 0xA3AA, 0xAC0C, 0xA3AA, 0xA3AA,
    0xABCB, 0xABCB, 0xABEC, 0xABEC, 0xAC0C, 0xAC0C, 0xB40C, 0xB42C, 0xB42C, 0xBC6D, 0xC4CF, 0xC511, 0xC511, 0xBE36, 0x0000, 0x0000,
    0x0000, 0x0000, 0x0000, 0x0000, 0x0000, 0x0000, 0x0000, 0x0000, 0x0000, 0x0000, 0x0000, 0x0000, 0x0000, 0x0000, 0x0000, 0x0000,
    0x0000, 0x0000, 0x0000, 0x0000, 0x0000, 0x0000, 0x0000, 0x0000, 0x0000, 0x0000, 0x0000, 0x0000, 0x0000, 0x0000, 0x0000, 0x0000,
    0x0000, 0x0000, 0x0000, 0x0000, 0x0000, 0x0000, 0x0000, 0x0000, 0x0000, 0x0000, 0x0000, 0x0000, 0x0000, 0x0000, 0x0000, 0x0000,
    0x0000, 0x0000, 0x0000, 0x0000, 0x0000, 0x0000, 0x0000, 0x0000, 0x0000, 0x0000, 0x0000, 0x0000, 0x0000, 0x0000, 0x0000, 0x0000,
    0x0000, 0x0000, 0x0000, 0x0000, 0x0000, 0x0000, 0x0000, 0x0000, 0x0000, 0x0000, 0x0000, 0x0000, 0x0000, 0x0000, 0x0000, 0x0000,
    0x0000, 0x0000, 0x0000, 0x0000, 0x0000, 0x0000, 0x0000, 0x0000, 0x0000, 0x0000, 0x0000, 0x0000, 0x0000, 0x0000, 0x0000, 0x0000,
    0x0000, 0x0000, 0x0000, 0x0000, 0x0000, 0x0000, 0x0000, 0x0000, 0x0000, 0x0000, 0x0000, 0x0000, 0x0000, 0x0000, 0x0000, 0x0000,
    0x0000, 0x0000, 0x0000, 0x0000, 0x0000, 0x0000, 0x0000, 0x0000, 0x0000, 0x0000, 0x0000, 0x0000, 0x0000, 0x0000, 0x0000, 0x0000,
    0x0000, 0x0000, 0x0000, 0x0000, 0x0000, 0x0000, 0x0000, 0x0000, 0x0000, 0x0000, 0x0000, 0x0000, 0x0000, 0x0000, 0x0000, 0x0000,
    0x0000, 0x0000, 0x0000, 0x0000, 0x0000, 0x0000, 0x0000, 0x0000, 0x0000, 0x0000, 0x0000, 0x0000, 0x0000, 0x0000, 0x0000, 0x0000,
    0x0000, 0x0000, 0x0000, 0x0000, 0x0000, 0x0000, 0x0000, 0x0000, 0x0000, 0x0000, 0x0000, 0x0000, 0x0000, 0x0000, 0x0000, 0x0000,
    0x0000, 0x0000, 0x0000, 0x0000, 0x0000, 0x0000, 0x0000, 0x0000, 0x0000, 0x0000, 0x0000, 0x0000, 0x0000, 0x0000, 0x0000, 0x0000,
    0x0000, 0x0000, 0x0000, 0x0000, 0x0000, 0x0000, 0x0000, 0x0000, 0x0000, 0x0000, 0xB4F1, 0xACB0, 0xB511, 0xB4F1, 0xB4B0, 0xB48F,
    0xB48F, 0xB48F, 0xB46F, 0xAC6F, 0xAC4E, 0xAC4E, 0xB44D, 0xAC0C, 0xABEB, 0xA3EB, 0xA204, 0xAC8D, 0xA3AA, 0xAC2C, 0xA3AA, 0xA3AA,
    0xABCB, 0xABEC, 0xAC0C, 0xAC0D, 0xAC2D, 0xAC2D, 0xB44E, 0xB44E, 0xBC6D, 0xBCAE, 0xC510, 0xC531, 0xC532, 0xC5F5, 0x0000, 0x0000,
    0x0000, 0x0000, 0x0000, 0x0000, 0x0000, 0x0000, 0x0000, 0x0000, 0x0000, 0x0000, 0x0000, 0x0000, 0x0000, 0x0000, 0x0000, 0x0000,
    0x0000, 0x0000, 0x0000, 0x0000, 0x0000, 0x0000, 0x0000, 0x0000, 0x0000, 0x0000, 0x0000, 0x0000, 0x0000, 0x0000, 0x0000, 0x0000,
    0x0000, 0x0000, 0x0000, 0x0000, 0x0000, 0x0000, 0x0000, 0x0000, 0x0000, 0x0000, 0x0000, 0x0000, 0x0000, 0x0000, 0x0000, 0x0000,
    0x0000, 0x0000, 0x0000, 0x0000, 0x0000, 0x0000, 0x0000, 0x0000, 0x0000, 0x0000, 0x0000, 0x0000, 0x0000, 0x0000, 0x0000, 0x0000,
    0x0000, 0x0000, 0x0000, 0x0000, 0x0000, 0x0000, 0x0000, 0x0000, 0x0000, 0x0000, 0x0000, 0x0000, 0x0000, 0x0000, 0x0000, 0x0000,
    0x0000, 0x0000, 0x0000, 0x0000, 0x0000, 0x0000, 0x0000, 0x0000, 0x0000, 0x0000, 0x0000, 0x0000, 0x0000, 0x0000, 0x0000, 0x0000,
    0x0000, 0x0000, 0x0000, 0x0000, 0x0000, 0x0000, 0x0000, 0x0000, 0x0000, 0x0000, 0x0000, 0x0000, 0x0000, 0x0000, 0x0000, 0x0000,
    0x0000, 0x0000, 0x0000, 0x0000, 0x0000, 0x0000, 0x0000, 0x0000, 0x0000, 0x0000, 0x0000, 0x0000, 0x0000, 0x0000, 0x0000, 0x0000,
    0x0000, 0x0000, 0x0000, 0x0000, 0x0000, 0x0000, 0x0000, 0x0000, 0x0000, 0x0000, 0x0000, 0x0000, 0x0000, 0x0000, 0x0000, 0x0000,
    0x0000, 0x0000, 0x0000, 0x0000, 0x0000, 0x0000, 0x0000, 0x0000, 0x0000, 0x0000, 0x0000, 0x0000, 0x0000, 0x0000, 0x0000, 0x0000,
    0x0000, 0x0000, 0x0000, 0x0000, 0x0000, 0x0000, 0x0000, 0x0000, 0x0000, 0x0000, 0x0000, 0x0000, 0x0000, 0x0000, 0x0000, 0x0000,
    0x0000, 0x0000, 0x0000, 0x0000, 0x0000, 0x0000, 0x0000, 0x0000, 0x0000, 0x0000, 0x0000, 0x0000, 0x0000, 0x0000, 0x0000, 0x0000,
    0x0000, 0x0000, 0x0000, 0x0000, 0x0000, 0x0000, 0x0000, 0x0000, 0x0000, 0x0000, 0xB511, 0xACB0, 0xBD32, 0xBD32, 0xBD12, 0xBCF1,
    0xB4F1, 0xB4D1, 0xB4D1, 0xB4B0, 0xB490, 0xB46F, 0xB46E, 0xB42D, 0xABEC, 0xA3EB, 0xB921, 0xA44D, 0xA3AA, 0xAC2C, 0xA3CB, 0xA3CB,
    0xABEB, 0xAC0C, 0xAC0D, 0xAC2E, 0xAC4F, 0xB46F, 0xB48F, 0xBCB0, 0xBCD0, 0xC511, 0xCD52, 0xCD73, 0xCD73, 0xBDF5, 0x0000, 0x0000,
    0x0000, 0x0000, 0x0000, 0x0000, 0x0000, 0x0000, 0x0000, 0x0000, 0x0000, 0x0000, 0x0000, 0x0000, 0x0000, 0x0000, 0x0000, 0x0000,
    0x0000, 0x0000, 0x0000, 0x0000, 0x0000, 0x0000, 0x0000, 0x0000, 0x0000, 0x0000, 0x0000, 0x0000, 0x0000, 0x0000, 0x0000, 0x0000,
    0x0000, 0x0000, 0x0000, 0x0000, 0x0000, 0x0000, 0x0000, 0x0000, 0x0000, 0x0000, 0x0000, 0x0000, 0x0000, 0x0000, 0x0000, 0x0000,
    0x0000, 0x0000, 0x0000, 0x0000, 0x0000, 0x0000, 0x0000, 0x0000, 0x0000, 0x0000, 0x0000, 0x0000, 0x0000, 0x0000, 0x0000, 0x0000,
    0x0000, 0x0000, 0x0000, 0x0000, 0x0000, 0x0000, 0x0000, 0x0000, 0x0000, 0x0000, 0x0000, 0x0000, 0x0000, 0x0000, 0x0000, 0x0000,
    0x0000, 0x0000, 0x0000, 0x0000, 0x0000, 0x0000, 0x0000, 0x0000, 0x0000, 0x0000, 0x0000, 0x0000, 0x0000, 0x0000, 0x0000, 0x0000,
    0x0000, 0x0000, 0x0000, 0x0000, 0x0000, 0x0000, 0x0000, 0x0000, 0x0000, 0x0000, 0x0000, 0x0000, 0x0000, 0x0000, 0x0000, 0x0000,
    0x0000, 0x0000, 0x0000, 0x0000, 0x0000, 0x0000, 0x0000, 0x0000, 0x0000, 0x0000, 0x0000, 0x0000, 0x0000, 0x0000, 0x0000, 0x0000,
    0x0000, 0x0000, 0x0000, 0x0000, 0x0000, 0x0000, 0x0000, 0x0000, 0x0000, 0x0000, 0x0000, 0x0000, 0x0000, 0x0000, 0x0000, 0x0000,
    0x0000, 0x0000, 0x0000, 0x0000, 0x0000, 0x0000, 0x0000, 0x0000, 0x0000, 0x0000, 0x0000, 0x0000, 0x0000, 0x0000, 0x0000, 0x0000,
    0x0000, 0x0000, 0x0000, 0x0000, 0x0000, 0x0000, 0x0000, 0x0000, 0x0000, 0x0000, 0x0000, 0x0000, 0x0000, 0x0000, 0x0000, 0x0000,
    0x0000, 0x0000, 0x0000, 0x0000, 0x0000, 0x0000, 0x0000, 0x0000, 0x0000, 0x0000, 0x0000, 0x0000, 0x0000, 0x0000, 0x0000, 0x0000,
    0x0000, 0x0000, 0x0000, 0x0000, 0x0000, 0x0000, 0x0000, 0x0000, 0x0000, 0x0000, 0xBD53, 0xB532, 0xBD74, 0xC594, 0xC574, 0xBD53,
    0xBD53, 0xBD33, 0xBD12, 0xBCF2, 0xB4D1, 0xB4B0, 0xB48F, 0xB44E, 0xAC0C, 0xA3EB, 0x07FA, 0xA42C, 0xA3AA, 0xAC2C, 0xA3CB, 0xA3CB,
    0xABEC, 0xAC0D, 0xAC2E, 0xAC6F, 0xB490, 0xB4B0, 0xB4D1, 0xBCF1, 0xC532, 0xCD73, 0xD5D4, 0xD5D5, 0xF572, 0xCDF5, 0x0000, 0x0000,
    0x0000, 0x0000, 0x0000, 0x0000, 0x0000, 0x0000, 0x0000, 0x0000, 0x0000, 0x0000, 0x0000, 0x0000, 0x0000, 0x0000, 0x0000, 0x0000,
    0x0000, 0x0000, 0x0000, 0x0000, 0x0000, 0x0000, 0x0000, 0x0000, 0x0000, 0x0000, 0x0000, 0x0000, 0x0000, 0x0000, 0x0000, 0x0000,
    0x0000, 0x0000, 0x0000, 0x0000, 0x0000, 0x0000, 0x0000, 0x0000, 0x0000, 0x0000, 0x0000, 0x0000, 0x0000, 0x0000, 0x0000, 0x0000,
    0x0000, 0x0000, 0x0000, 0x0000, 0x0000, 0x0000, 0x0000, 0x0000, 0x0000, 0x0000, 0x0000, 0x0000, 0x0000, 0x0000, 0x0000, 0x0000,
    0x0000, 0x0000, 0x0000, 0x0000, 0x0000, 0x0000, 0x0000, 0x0000, 0x0000, 0x0000, 0x0000, 0x0000, 0x0000, 0x0000, 0x0000, 0x0000,
    0x0000, 0x0000, 0x0000, 0x0000, 0x0000, 0x0000, 0x0000, 0x0000, 0x0000, 0x0000, 0x0000, 0x0000, 0x0000, 0x0000, 0x0000, 0x0000,
    0x0000, 0x0000, 0x0000, 0x0000, 0x0000, 0x0000, 0x0000, 0x0000, 0x0000, 0x0000, 0x0000, 0x0000, 0x0000, 0x0000, 0x0000, 0x0000,
    0x0000, 0x0000, 0x0000, 0x0000, 0x0000, 0x0000, 0x0000, 0x0000, 0x0000, 0x0000, 0x0000, 0x0000, 0x0000, 0x0000, 0x0000, 0x0000,
    0x0000, 0x0000, 0x0000, 0x0000, 0x0000, 0x0000, 0x0000, 0x0000, 0x0000, 0x0000, 0x0000, 0x0000, 0x0000, 0x0000, 0x0000, 0x0000,
    0x0000, 0x0000, 0x0000, 0x0000, 0x0000, 0x0000, 0x0000, 0x0000, 0x0000, 0x0000, 0x0000, 0x0000, 0x0000, 0x0000, 0x0000, 0x0000,
    0x0000, 0x0000, 0x0000, 0x0000, 0x0000, 0x0000, 0x0000, 0x0000, 0x0000, 0x0000, 0x0000, 0x0000, 0x0000, 0x0000, 0x0000, 0x0000,
    0x0000, 0x0000, 0x0000, 0x0000, 0x0000, 0x0000, 0x0000, 0x0000, 0x0000, 0x0000, 0x0000, 0x0000, 0x0000, 0x0000, 0x0000, 0x0000,
    0x0000, 0x0000, 0x0000, 0x0000, 0x0000, 0x0000, 0x0000, 0x0000, 0x0000, 0x0000, 0xC5B5, 0xBD73, 0xC5B5, 0xCDD5, 0xCDD5, 0xC5B5,
    0xC595, 0xC594, 0xC574, 0xBD33, 0xBD12, 0xB4D1, 0xB4B0, 0xB46F, 0xAC2D, 0xA3EC, 0x848C, 0xA40C, 0x92AB, 0xAC2B, 0xA3EB, 0xA3EC,
    0xAC0D, 0xAC2E, 0xAC4F, 0xAC70, 0xB490, 0xB4D1, 0xBCF1, 0xC532, 0xCD73, 0xD5B5, 0xDDF5, 0xDE15, 0xCDF5, 0xD5F5, 0xD5F4, 0x0000,
    0x0000, 0x0000, 0x0000, 0x0000, 0x0000, 0x0000, 0x0000, 0x0000, 0x0000, 0x0000, 0x0000, 0x0000, 0x0000, 0x0000, 0x0000, 0x0000,
    0x0000, 0x0000, 0x0000, 0x0000, 0x0000, 0x0000, 0x0000, 0x0000, 0x0000, 0x0000, 0x0000, 0x0000, 0x0000, 0x0000, 0x0000, 0x0000,
    0x0000, 0x0000, 0x0000, 0x0000, 0x0000, 0x0000, 0x0000, 0x0000, 0x0000, 0x0000, 0x0000, 0x0000, 0x0000, 0x0000, 0x0000, 0x0000,
    0x0000, 0x0000, 0x0000, 0x0000, 0x0000, 0x0000, 0x0000, 0x0000, 0x0000, 0x0000, 0x0000, 0x0000, 0x0000, 0x0000, 0x0000, 0x0000,
    0x0000, 0x0000, 0x0000, 0x0000, 0x0000, 0x0000, 0x0000, 0x0000, 0x0000, 0x0000, 0x0000, 0x0000, 0x0000, 0x0000, 0x0000, 0x0000,
    0x0000, 0x0000, 0x0000, 0x0000, 0x0000, 0x0000, 0x0000, 0x0000, 0x0000, 0x0000, 0x0000, 0x0000, 0x0000, 0x0000, 0x0000, 0x0000,
    0x0000, 0x0000, 0x0000, 0x0000, 0x0000, 0x0000, 0x0000, 0x0000, 0x0000, 0x0000, 0x0000, 0x0000, 0x0000, 0x0000, 0x0000, 0x0000,
    0x0000, 0x0000, 0x0000, 0x0000, 0x0000, 0x0000, 0x0000, 0x0000, 0x0000, 0x0000, 0x0000, 0x0000, 0x0000, 0x0000, 0x0000, 0x0000,
    0x0000, 0x0000, 0x0000, 0x0000, 0x0000, 0x0000, 0x0000, 0x0000, 0x0000, 0x0000, 0x0000, 0x0000, 0x0000, 0x0000, 0x0000, 0x0000,
    0x0000, 0x0000, 0x0000, 0x0000, 0x0000, 0x0000, 0x0000, 0x0000, 0x0000, 0x0000, 0x0000, 0x0000, 0x0000, 0x0000, 0x0000, 0x0000,
    0x0000, 0x0000, 0x0000, 0x0000, 0x0000, 0x0000, 0x0000, 0x0000, 0x0000, 0x0000, 0x0000, 0x0000, 0x0000, 0x0000, 0x0000, 0x0000,
    0x0000, 0x0000, 0x0000, 0x0000, 0x0000, 0x0000, 0x0000, 0x0000, 0x0000, 0x0000, 0x0000, 0x0000, 0x0000, 0x0000, 0x0000, 0x0000,
    0x0000, 0x0000, 0x0000, 0x0000, 0x0000, 0x0000, 0x0000, 0x0000, 0x0000, 0xB4CB, 0xC592, 0xBD73, 0xCDF5, 0xCDF6, 0xCDF6, 0xCDF6,
    0xCDD5, 0xCDB5, 0xC593, 0xC573, 0xBD33, 0xBCF1, 0xB4D0, 0xB4AF, 0xAC4D, 0xAC0C, 0xA42B, 0xAC4B, 0xC50A, 0xA3C9, 0xA3EB, 0xAC0C,
    0xAC2D, 0xAC4E, 0xAC6F, 0xB490, 0xB4B0, 0xB4F1, 0xBD12, 0xC532, 0xCD71, 0xD5B1, 0xDE14, 0xDE35, 0xDE15, 0xDE14, 0xCDD4, 0x0000,
    0x0000, 0x0000, 0x0000, 0x0000, 0x0000, 0x0000, 0x0000, 0x0000, 0x0000, 0x0000, 0x0000, 0x0000, 0x0000, 0x0000, 0x0000, 0x0000,
    0x0000, 0x0000, 0x0000, 0x0000, 0x0000, 0x0000, 0x0000, 0x0000, 0x0000, 0x0000, 0x0000, 0x0000, 0x0000, 0x0000, 0x0000, 0x0000,
    0x0000, 0x0000, 0x0000, 0x0000, 0x0000, 0x0000, 0x0000, 0x0000, 0x0000, 0x0000, 0x0000, 0x0000, 0x0000, 0x0000, 0x0000, 0x0000,
    0x0000, 0x0000, 0x0000, 0x0000, 0x0000, 0x0000, 0x0000, 0x0000, 0x0000, 0x0000, 0x0000, 0x0000, 0x0000, 0x0000, 0x0000, 0x0000,
    0x0000, 0x0000, 0x0000, 0x0000, 0x0000, 0x0000, 0x0000, 0x0000, 0x0000, 0x0000, 0x0000, 0x0000, 0x0000, 0x0000, 0x0000, 0x0000,
    0x0000, 0x0000, 0x0000, 0x0000, 0x0000, 0x0000, 0x0000, 0x0000, 0x0000, 0x0000, 0x0000, 0x0000, 0x0000, 0x0000, 0x0000, 0x0000,
    0x0000, 0x0000, 0x0000, 0x0000, 0x0000, 0x0000, 0x0000, 0x0000, 0x0000, 0x0000, 0x0000, 0x0000, 0x0000, 0x0000, 0x0000, 0x0000,
    0x0000, 0x0000, 0x0000, 0x0000, 0x0000, 0x0000, 0x0000, 0x0000, 0x0000, 0x0000, 0x0000, 0x0000, 0x0000, 0x0000, 0x0000, 0x0000,
    0x0000, 0x0000, 0x0000, 0x0000, 0x0000, 0x0000, 0x0000, 0x0000, 0x0000, 0x0000, 0x0000, 0x0000, 0x0000, 0x0000, 0x0000, 0x0000,
    0x0000, 0x0000, 0x0000, 0x0000, 0x0000, 0x0000, 0x0000, 0x0000, 0x0000, 0x0000, 0x0000, 0x0000, 0x0000, 0x0000, 0x0000, 0x0000,
    0x0000, 0x0000, 0x0000, 0x0000, 0x0000, 0x0000, 0x0000, 0x0000, 0x0000, 0x0000, 0x0000, 0x0000, 0x0000, 0x0000, 0x0000, 0x0000,
    0x0000, 0x0000, 0x0000, 0x0000, 0x0000, 0x0000, 0x0000, 0x0000, 0x0000, 0x0000, 0x0000, 0x0000, 0x0000, 0x0000, 0x0000, 0x0000,
    0x0000, 0x0000, 0x0000, 0x0000, 0x0000, 0x0000, 0x0000, 0x0000, 0xC592, 0xB4CB, 0xB4AA, 0xC593, 0xCDF6, 0xD616, 0xD616, 0xD5F6,
    0xD5D2, 0xD56B, 0xD548, 0xCD09, 0xC50E, 0xBD12, 0xBCF1, 0xBCD0, 0xB46E, 0xAC0B, 0x9BA9, 0xA3E9, 0xBCC9, 0xAC29, 0xABEB, 0xAC0C,
    0xAC2D, 0xAC6E, 0xB48F, 0xB4B0, 0xB4D1, 0xBCF1, 0xC510, 0xCD0A, 0xD505, 0xDD46, 0xE5EF, 0xE612, 0xDE13, 0xC571, 0xDDD0, 0xCD06,
    0x0000, 0x0000, 0x0000, 0x0000, 0x0000, 0x0000, 0x0000, 0x0000, 0x0000, 0x0000, 0x0000, 0x0000, 0x0000, 0x0000, 0x0000, 0x0000,
    0x0000, 0x0000, 0x0000, 0x0000, 0x0000, 0x0000, 0x0000, 0x0000, 0x0000, 0x0000, 0x0000, 0x0000, 0x0000, 0x0000, 0x0000, 0x0000,
    0x0000, 0x0000, 0x0000, 0x0000, 0x0000, 0x0000, 0x0000, 0x0000, 0x0000, 0x0000, 0x0000, 0x0000, 0x0000, 0x0000, 0x0000, 0x0000,
    0x0000, 0x0000, 0x0000, 0x0000, 0x0000, 0x0000, 0x0000, 0x0000, 0x0000, 0x0000, 0x0000, 0x0000, 0x0000, 0x0000, 0x0000, 0x0000,
    0x0000, 0x0000, 0x0000, 0x0000, 0x0000, 0x0000, 0x0000, 0x0000, 0x0000, 0x0000, 0x0000, 0x0000, 0x0000, 0x0000, 0x0000, 0x0000,
    0x0000, 0x0000, 0x0000, 0x0000, 0x0000, 0x0000, 0x0000, 0x0000, 0x0000, 0x0000, 0x0000, 0x0000, 0x0000, 0x0000, 0x0000, 0x0000,
    0x0000, 0x0000, 0x0000, 0x0000, 0x0000, 0x0000, 0x0000, 0x0000, 0x0000, 0x0000, 0x0000, 0x0000, 0x0000, 0x0000, 0x0000, 0x0000,
    0x0000, 0x0000, 0x0000, 0x0000, 0x0000, 0x0000, 0x0000, 0x0000, 0x0000, 0x0000, 0x0000, 0x0000, 0x0000, 0x0000, 0x0000, 0x0000,
    0x0000, 0x0000, 0x0000, 0x0000, 0x0000, 0x0000, 0x0000, 0x0000, 0x0000, 0x0000, 0x0000, 0x0000, 0x0000, 0x0000, 0x0000, 0x0000,
    0x0000, 0x0000, 0x0000, 0x0000, 0x0000, 0x0000, 0x0000, 0x0000, 0x0000, 0x0000, 0x0000, 0x0000, 0x0000, 0x0000, 0x0000, 0x0000,
    0x0000, 0x0000, 0x0000, 0x0000, 0x0000, 0x0000, 0x0000, 0x0000, 0x0000, 0x0000, 0x0000, 0x0000, 0x0000, 0x0000, 0x0000, 0x0000,
    0x0000, 0x0000, 0x0000, 0x0000, 0x0000, 0x0000, 0x0000, 0x0000, 0x0000, 0x0000, 0x0000, 0x0000, 0x0000, 0x0000, 0x0000, 0x0000,
    0x0000, 0x0000, 0x0000, 0x0000, 0x0000, 0x0000, 0x0000, 0x0000, 0xC7FF, 0xC4E9, 0xC4E9, 0xCD91, 0xD616, 0xD616, 0xD616, 0xD5F4,
    0xDDAA, 0xDD23, 0xDD23, 0xDD02, 0xD4C4, 0xC4ED, 0xBD12, 0xBCF0, 0xB48E, 0xA3C9, 0xA3A6, 0x5965, 0xB448, 0xBC65, 0xB448, 0xB42B,
    0xB44D, 0xB46E, 0xB4AF, 0xBCD0, 0xBCF1, 0xBD11, 0xCD0A, 0xD4E2, 0xDD01, 0xDD22, 0xE5CB, 0xE631, 0xDDF1, 0xCD4D, 0xA3C1, 0xAC47,
    0xAC6B, 0x0000, 0x0000, 0x0000, 0x0000, 0x0000, 0x0000, 0x0000, 0x0000, 0x0000, 0x0000, 0x0000, 0x0000, 0x0000, 0x0000, 0x0000,
    0x0000, 0x0000, 0x0000, 0x0000, 0x0000, 0x0000, 0x0000, 0x0000, 0x0000, 0x0000, 0x0000, 0x0000, 0x0000, 0x0000, 0x0000, 0x0000,
    0x0000, 0x0000, 0x0000, 0x0000, 0x0000, 0x0000, 0x0000, 0x0000, 0x0000, 0x0000, 0x0000, 0x0000, 0x0000, 0x0000, 0x0000, 0x0000,
    0x0000, 0x0000, 0x0000, 0x0000, 0x0000, 0x0000, 0x0000, 0x0000, 0x0000, 0x0000, 0x0000, 0x0000, 0x0000, 0x0000, 0x0000, 0x0000,
    0x0000, 0x0000, 0x0000, 0x0000, 0x0000, 0x0000, 0x0000, 0x0000, 0x0000, 0x0000, 0x0000, 0x0000, 0x0000, 0x0000, 0x0000, 0x0000,
    0x0000, 0x0000, 0x0000, 0x0000, 0x0000, 0x0000, 0x0000, 0x0000, 0x0000, 0x0000, 0x0000, 0x0000, 0x0000, 0x0000, 0x0000, 0x0000,
    0x0000, 0x0000, 0x0000, 0x0000, 0x0000, 0x0000, 0x0000, 0x0000, 0x0000, 0x0000, 0x0000, 0x0000, 0x0000, 0x0000, 0x0000, 0x0000,
    0x0000, 0x0000, 0x0000, 0x0000, 0x0000, 0x0000, 0x0000, 0x0000, 0x0000, 0x0000, 0x0000, 0x0000, 0x0000, 0x0000, 0x0000, 0x0000,
    0x0000, 0x0000, 0x0000, 0x0000, 0x0000, 0x0000, 0x0000, 0x0000, 0x0000, 0x0000, 0x0000, 0x0000, 0x0000, 0x0000, 0x0000, 0x0000,
    0x0000, 0x0000, 0x0000, 0x0000, 0x0000, 0x0000, 0x0000, 0x0000, 0x0000, 0x0000, 0x0000, 0x0000, 0x0000, 0x0000, 0x0000, 0x0000,
    0x0000, 0x0000, 0x0000, 0x0000, 0x0000, 0x0000, 0x0000, 0x0000, 0x0000, 0x0000, 0x0000, 0x0000, 0x0000, 0x0000, 0x0000, 0x0000,
    0x0000, 0x0000, 0x0000, 0x0000, 0x0000, 0x0000, 0x0000, 0x0000, 0x0000, 0x0000, 0x0000, 0x0000, 0x0000, 0x0000, 0x0000, 0x0000,
    0x0000, 0x0000, 0x0000, 0x0000, 0x0000, 0x0000, 0x0000, 0x0000, 0xBD0C, 0xFF16, 0xDDF0, 0xD5D3, 0xD616, 0xD616, 0xD5F4, 0xDDCD,
    0xDD65, 0xDD43, 0xDD44, 0xDD43, 0xDD02, 0xCCE5, 0xC50E, 0xBCF0, 0xBC8E, 0xABE7, 0xB403, 0xFFAF, 0xB469, 0xBC02, 0xBC42, 0xBC45,
    0xBC6A, 0xBCAE, 0xBCAF, 0xBCEF, 0xC50F, 0xCD0B, 0xD504, 0xDD02, 0xDD22, 0xDD22, 0xE587, 0xEE72, 0xE651, 0xDD8A, 0xCD07, 0xDD45,
    0x52B8, 0x0000, 0x0000, 0x0000, 0x0000, 0x0000, 0x0000, 0x0000, 0x0000, 0x0000, 0x0000, 0x0000, 0x0000, 0x0000, 0x0000, 0x0000,
    0x0000, 0x0000, 0x0000, 0x0000, 0x0000, 0x0000, 0x0000, 0x0000, 0x0000, 0x0000, 0x0000, 0x0000, 0x0000, 0x0000, 0x0000, 0x0000,
    0x0000, 0x0000, 0x0000, 0x0000, 0x0000, 0x0000, 0x0000, 0x0000, 0x0000, 0x0000, 0x0000, 0x0000, 0x0000, 0x0000, 0x0000, 0x0000,
    0x0000, 0x0000, 0x0000, 0x0000, 0x0000, 0x0000, 0x0000, 0x0000, 0x0000, 0x0000, 0x0000, 0x0000, 0x0000, 0x0000, 0x0000, 0x0000,
    0x0000, 0x0000, 0x0000, 0x0000, 0x0000, 0x0000, 0x0000, 0x0000, 0x0000, 0x0000, 0x0000, 0x0000, 0x0000, 0x0000, 0x0000, 0x0000,
    0x0000, 0x0000, 0x0000, 0x0000, 0x0000, 0x0000, 0x0000, 0x0000, 0x0000, 0x0000, 0x0000, 0x0000, 0x0000, 0x0000, 0x0000, 0x0000,
    0x0000, 0x0000, 0x0000, 0x0000, 0x0000, 0x0000, 0x0000, 0x0000, 0x0000, 0x0000, 0x0000, 0x0000, 0x0000, 0x0000, 0x0000, 0x0000,
    0x0000, 0x0000, 0x0000, 0x0000, 0x0000, 0x0000, 0x0000, 0x0000, 0x0000, 0x0000, 0x0000, 0x0000, 0x0000, 0x0000, 0x0000, 0x0000,
    0x0000, 0x0000, 0x0000, 0x0000, 0x0000, 0x0000, 0x0000, 0x0000, 0x0000, 0x0000, 0x0000, 0x0000, 0x0000, 0x0000, 0x0000, 0x0000,
    0x0000, 0x0000, 0x0000, 0x0000, 0x0000, 0x0000, 0x0000, 0x0000, 0x0000, 0x0000, 0x0000, 0x0000, 0x0000, 0x0000, 0x0000, 0x0000,
    0x0000, 0x0000, 0x0000, 0x0000, 0x0000, 0x0000, 0x0000, 0x0000, 0x0000, 0x0000, 0x0000, 0x0000, 0x0000, 0x0000, 0x0000, 0x0000,
    0x0000, 0x0000, 0x0000, 0x0000, 0x0000, 0x0000, 0x0000, 0x0000, 0x0000, 0x0000, 0x0000, 0x0000, 0x0000, 0x0000, 0x0000, 0x0000,
    0x0000, 0x0000, 0x0000, 0x0000, 0x0000, 0x0000, 0x0000, 0x0000, 0xC4E9, 0xA3C6, 0xDD8A, 0xE632, 0xDE13, 0xDDCD, 0xDDCC, 0xE586,
    0xDD43, 0xE564, 0xE564, 0xDD44, 0xDD43, 0xDD02, 0xD4E4, 0xCD09, 0xCCEA, 0xC463, 0xBC23, 0x6B13, 0xB448, 0xB402, 0xBC01, 0xC441,
    0xCC83, 0xCCE7, 0xCCE8, 0xCCE7, 0xD506, 0xD503, 0xDD23, 0xDD22, 0xDD22, 0xDD43, 0xDD45, 0xE60E, 0xEEB4, 0xEE92, 0xDDAB, 0xABE3,
    0xC4E7, 0xD506, 0x0000, 0x0000, 0x0000, 0x0000, 0x0000, 0x0000, 0x0000, 0x0000, 0x0000, 0x0000, 0x0000, 0x0000, 0x0000, 0x0000,
    0x0000, 0x0000, 0x0000, 0x0000, 0x0000, 0x0000, 0x0000, 0x0000, 0x0000, 0x0000, 0x0000, 0x0000, 0x0000, 0x0000, 0x0000, 0x0000,
    0x0000, 0x0000, 0x0000, 0x0000, 0x0000, 0x0000, 0x0000, 0x0000, 0x0000, 0x0000, 0x0000, 0x0000, 0x0000, 0x0000, 0x0000, 0x0000,
    0x0000, 0x0000, 0x0000, 0x0000, 0x0000, 0x0000, 0x0000, 0x0000, 0x0000, 0x0000, 0x0000, 0x0000, 0x0000, 0x0000, 0x0000, 0x0000,
    0x0000, 0x0000, 0x0000, 0x0000, 0x0000, 0x0000, 0x0000, 0x0000, 0x0000, 0x0000, 0x0000, 0x0000, 0x0000, 0x0000, 0x0000, 0x0000,
    0x0000, 0x0000, 0x0000, 0x0000, 0x0000, 0x0000, 0x0000, 0x0000, 0x0000, 0x0000, 0x0000, 0x0000, 0x0000, 0x0000, 0x0000, 0x0000,
    0x0000, 0x0000, 0x0000, 0x0000, 0x0000, 0x0000, 0x0000, 0x0000, 0x0000, 0x0000, 0x0000, 0x0000, 0x0000, 0x0000, 0x0000, 0x0000,
    0x0000, 0x0000, 0x0000, 0x0000, 0x0000, 0x0000, 0x0000, 0x0000, 0x0000, 0x0000, 0x0000, 0x0000, 0x0000, 0x0000, 0x0000, 0x0000,
    0x0000, 0x0000, 0x0000, 0x0000, 0x0000, 0x0000, 0x0000, 0x0000, 0x0000, 0x0000, 0x0000, 0x0000, 0x0000, 0x0000, 0x0000, 0x0000,
    0x0000, 0x0000, 0x0000, 0x0000, 0x0000, 0x0000, 0x0000, 0x0000, 0x0000, 0x0000, 0x0000, 0x0000, 0x0000, 0x0000, 0x0000, 0x0000,
    0x0000, 0x0000, 0x0000, 0x0000, 0x0000, 0x0000, 0x0000, 0x0000, 0x0000, 0x0000, 0x0000, 0x0000, 0x0000, 0x0000, 0x0000, 0x0000,
    0x0000, 0x0000, 0x0000, 0x0000, 0x0000, 0x0000, 0x0000, 0x0000, 0x0000, 0x0000, 0x0000, 0x0000, 0x0000, 0x0000, 0x0000, 0x0000,
    0x0000, 0x0000, 0x0000, 0x0000, 0x0000, 0x0000, 0x0000, 0x0000, 0xCD07, 0xC4E8, 0xDD46, 0xE650, 0xE650, 0xE586, 0xE585, 0xE564,
    0xE564, 0xE565, 0xE564, 0xE544, 0xDD43, 0xDD43, 0xDD22, 0xDD46, 0xDD8A, 0xCCA2, 0xBC23, 0x7B70, 0xB426, 0xB3E2, 0xB3E1, 0xBC21,
    0xC461, 0xD4C3, 0xD505, 0xD503, 0xDD02, 0xDD22, 0xDD22, 0xDD23, 0xDD43, 0xDD43, 0xDD44, 0xE587, 0xE60E, 0xEED5, 0xE64F, 0xCD27,
    0xE5C8, 0xBCCB, 0x0000, 0x0000, 0x0000, 0x0000, 0x0000, 0x0000, 0x0000, 0x0000, 0x0000, 0x0000, 0x0000, 0x0000, 0x0000, 0x0000,
    0x0000, 0x0000, 0x0000, 0x0000, 0x0000, 0x0000, 0x0000, 0x0000, 0x0000, 0x0000, 0x0000, 0x0000, 0x0000, 0x0000, 0x0000, 0x0000,
    0x0000, 0x0000, 0x0000, 0x0000, 0x0000, 0x0000, 0x0000, 0x0000, 0x0000, 0x0000, 0x0000, 0x0000, 0x0000, 0x0000, 0x0000, 0x0000,
    0x0000, 0x0000, 0x0000, 0x0000, 0x0000, 0x0000, 0x0000, 0x0000, 0x0000, 0x0000, 0x0000, 0x0000, 0x0000, 0x0000, 0x0000, 0x0000,
    0x0000, 0x0000, 0x0000, 0x0000, 0x0000, 0x0000, 0x0000, 0x0000, 0x0000, 0x0000, 0x0000, 0x0000, 0x0000, 0x0000, 0x0000, 0x0000,
    0x0000, 0x0000, 0x0000, 0x0000, 0x0000, 0x0000, 0x0000, 0x0000, 0x0000, 0x0000, 0x0000, 0x0000, 0x0000, 0x0000, 0x0000, 0x0000,
    0x0000, 0x0000, 0x0000, 0x0000, 0x0000, 0x0000, 0x0000, 0x0000, 0x0000, 0x0000, 0x0000, 0x0000, 0x0000, 0x0000, 0x0000, 0x0000,
    0x0000, 0x0000, 0x0000, 0x0000, 0x0000, 0x0000, 0x0000, 0x0000, 0x0000, 0x0000, 0x0000, 0x0000, 0x0000, 0x0000, 0x0000, 0x0000,
    0x0000, 0x0000, 0x0000, 0x0000, 0x0000, 0x0000, 0x0000, 0x0000, 0x0000, 0x0000, 0x0000, 0x0000, 0x0000, 0x0000, 0x0000, 0x0000,
    0x0000, 0x0000, 0x0000, 0x0000, 0x0000, 0x0000, 0x0000, 0x0000, 0x0000, 0x0000, 0x0000, 0x0000, 0x0000, 0x0000, 0x0000, 0x0000,
    0x0000, 0x0000, 0x0000, 0x0000, 0x0000, 0x0000, 0x0000, 0x0000, 0x0000, 0x0000, 0x0000, 0x0000, 0x0000, 0x0000, 0x0000, 0x0000,
    0x0000, 0x0000, 0x0000, 0x0000, 0x0000, 0x0000, 0x0000, 0x0000, 0x0000, 0x0000, 0x0000, 0x0000, 0x0000, 0x0000, 0x0000, 0x0000,
    0x0000, 0x0000, 0x0000, 0x0000, 0x0000, 0x0000, 0x0000, 0x7D9F, 0xD525, 0xCD06, 0xDD45, 0xE650, 0xEE2F, 0xE586, 0xE585, 0xE565,
    0xE565, 0xE565, 0xE564, 0xE564, 0xDD44, 0xDD43, 0xDD43, 0xE587, 0xDDAB, 0xCCA2, 0xBC43, 0x9BC9, 0xAC07, 0xABC2, 0xB3C1, 0xBC01,
    0xC441, 0xCCA2, 0xD506, 0xDD27, 0xDD23, 0xDD23, 0xDD45, 0xDD44, 0xDD43, 0xDD44, 0xDD44, 0xDD64, 0xE587, 0xEE70, 0xEE91, 0xDD88,
    0xAB60, 0xCD06, 0x0000, 0x0000, 0x0000, 0x0000, 0x0000, 0x0000, 0x0000, 0x0000, 0x0000, 0x0000, 0x0000, 0x0000, 0x0000, 0x0000,
    0x0000, 0x0000, 0x0000, 0x0000, 0x0000, 0x0000, 0x0000, 0x0000, 0x0000, 0x0000, 0x0000, 0x0000, 0x0000, 0x0000, 0x0000, 0x0000,
    0x0000, 0x0000, 0x0000, 0x0000, 0x0000, 0x0000, 0x0000, 0x0000, 0x0000, 0x0000, 0x0000, 0x0000, 0x0000, 0x0000, 0x0000, 0x0000,
    0x0000, 0x0000, 0x0000, 0x0000, 0x0000, 0x0000, 0x0000, 0x0000, 0x0000, 0x0000, 0x0000, 0x0000, 0x0000, 0x0000, 0x0000, 0x0000,
    0x0000, 0x0000, 0x0000, 0x0000, 0x0000, 0x0000, 0x0000, 0x0000, 0x0000, 0x0000, 0x0000, 0x0000, 0x0000, 0x0000, 0x0000, 0x0000,
    0x0000, 0x0000, 0x0000, 0x0000, 0x0000, 0x0000, 0x0000, 0x0000, 0x0000, 0x0000, 0x0000, 0x0000, 0x0000, 0x0000, 0x0000, 0x0000,
    0x0000, 0x0000, 0x0000, 0x0000, 0x0000, 0x0000, 0x0000, 0x0000, 0x0000, 0x0000, 0x0000, 0x0000, 0x0000, 0x0000, 0x0000, 0x0000,
    0x0000, 0x0000, 0x0000, 0x0000, 0x0000, 0x0000, 0x0000, 0x0000, 0x0000, 0x0000, 0x0000, 0x0000, 0x0000, 0x0000, 0x0000, 0x0000,
    0x0000, 0x0000, 0x0000, 0x0000, 0x0000, 0x0000, 0x0000, 0x0000, 0x0000, 0x0000, 0x0000, 0x0000, 0x0000, 0x0000, 0x0000, 0x0000,
    0x0000, 0x0000, 0x0000, 0x0000, 0x0000, 0x0000, 0x0000, 0x0000, 0x0000, 0x0000, 0x0000, 0x0000, 0x0000, 0x0000, 0x0000, 0x0000,
    0x0000, 0x0000, 0x0000, 0x0000, 0x0000, 0x0000, 0x0000, 0x0000, 0x0000, 0x0000, 0x0000, 0x0000, 0x0000, 0x0000, 0x0000, 0x0000,
    0x0000, 0x0000, 0x0000, 0x0000, 0x0000, 0x0000, 0x0000, 0x0000, 0x0000, 0x0000, 0x0000, 0x0000, 0x0000, 0x0000, 0x0000, 0x0000,
    0x0000, 0x0000, 0x0000, 0x0000, 0x0000, 0x0000, 0x0000, 0x7D9F, 0xD503, 0xCD05, 0xDD44, 0xE5C9, 0xE5C9, 0xE586, 0xE585, 0xE585,
    0xE5A8, 0xE5CC, 0xE5CB, 0xE587, 0xE564, 0xE564, 0xDD43, 0xE566, 0xDD88, 0xCCC1, 0xBC43, 0xA3E8, 0xA40A, 0xABA3, 0xABA2, 0xB3C1,
    0xBC21, 0xCC61, 0xD4C2, 0xD526, 0xDD24, 0xDD45, 0xE5CD, 0xE5CB, 0xE566, 0xDD44, 0xE564, 0xE564, 0xE564, 0xE5C9, 0xE60C, 0xDD67,
    0xCCE6, 0xD525, 0x0000, 0x0000, 0x0000, 0x0000, 0x0000, 0x0000, 0x0000, 0x0000, 0x0000, 0x0000, 0x0000, 0x0000, 0x0000, 0x0000,
    0x0000, 0x0000, 0x0000, 0x0000, 0x0000, 0x0000, 0x0000, 0x0000, 0x0000, 0x0000, 0x0000, 0x0000, 0x0000, 0x0000, 0x0000, 0x0000,
    0x0000, 0x0000, 0x0000, 0x0000, 0x0000, 0x0000, 0x0000, 0x0000, 0x0000, 0x0000, 0x0000, 0x0000, 0x0000, 0x0000, 0x0000, 0x0000,
    0x0000, 0x0000, 0x0000, 0x0000, 0x0000, 0x0000, 0x0000, 0x0000, 0x0000, 0x0000, 0x0000, 0x0000, 0x0000, 0x0000, 0x0000, 0x0000,
    0x0000, 0x0000, 0x0000, 0x0000, 0x0000, 0x0000, 0x0000, 0x0000, 0x0000, 0x0000, 0x0000, 0x0000, 0x0000, 0x0000, 0x0000, 0x0000,
    0x0000, 0x0000, 0x0000, 0x0000, 0x0000, 0x0000, 0x0000, 0x0000, 0x0000, 0x0000, 0x0000, 0x0000, 0x0000, 0x0000, 0x0000, 0x0000,
    0x0000, 0x0000, 0x0000, 0x0000, 0x0000, 0x0000, 0x0000, 0x0000, 0x0000, 0x0000, 0x0000, 0x0000, 0x0000, 0x0000, 0x0000, 0x0000,
    0x0000, 0x0000, 0x0000, 0x0000, 0x0000, 0x0000, 0x0000, 0x0000, 0x0000, 0x0000, 0x0000, 0x0000, 0x0000, 0x0000, 0x0000, 0x0000,
    0x0000, 0x0000, 0x0000, 0x0000, 0x0000, 0x0000, 0x0000, 0x0000, 0x0000, 0x0000, 0x0000, 0x0000, 0x0000, 0x0000, 0x0000, 0x0000,
    0x0000, 0x0000, 0x0000, 0x0000, 0x0000, 0x0000, 0x0000, 0x0000, 0x0000, 0x0000, 0x0000, 0x0000, 0x0000, 0x0000, 0x0000, 0x0000,
    0x0000, 0x0000, 0x0000, 0x0000, 0x0000, 0x0000, 0x0000, 0x0000, 0x0000, 0x0000, 0x0000, 0x0000, 0x0000, 0x0000, 0x0000, 0x0000,
    0x0000, 0x0000, 0x0000, 0x0000, 0x0000, 0x0000, 0x0000, 0x0000, 0x0000, 0x0000, 0x0000, 0x0000, 0x0000, 0x0000, 0x0000, 0x0000,
    0x0000, 0x0000, 0x0000, 0x0000, 0x0000, 0x0000, 0x0000, 0x859F, 0xD4E2, 0xCCE5, 0xDD23, 0xE564, 0xE585, 0xE585, 0xE585, 0xE587,
    0xE60E, 0xE653, 0xE652, 0xE5CC, 0xE585, 0xE564, 0xDD64, 0xDD64, 0xDD23, 0xCCA1, 0xBC43, 0xA3EB, 0x7E3F, 0x9BA5, 0xA382, 0xABA1,
    0xB3E1, 0xC441, 0xCCA1, 0xD4E2, 0xDD23, 0xDD44, 0xE5AC, 0xE5EF, 0xE5CB, 0xE566, 0xE563, 0xDD63, 0xDD43, 0xDD64, 0xDD65, 0xDD44,
    0xCD08, 0xDD24, 0x0000, 0x0000, 0x0000, 0x0000, 0x0000, 0x0000, 0x0000, 0x0000, 0x0000, 0x0000, 0x0000, 0x0000, 0x0000, 0x0000,
    0x0000, 0x0000, 0x0000, 0x0000, 0x0000, 0x0000, 0x0000, 0x0000, 0x0000, 0x0000, 0x0000, 0x0000, 0x0000, 0x0000, 0x0000, 0x0000,
    0x0000, 0x0000, 0x0000, 0x0000, 0x0000, 0x0000, 0x0000, 0x0000, 0x0000, 0x0000, 0x0000, 0x0000, 0x0000, 0x0000, 0x0000, 0x0000,
    0x0000, 0x0000, 0x0000, 0x0000, 0x0000, 0x0000, 0x0000, 0x0000, 0x0000, 0x0000, 0x0000, 0x0000, 0x0000, 0x0000, 0x0000, 0x0000,
    0x0000, 0x0000, 0x0000, 0x0000, 0x0000, 0x0000, 0x0000, 0x0000, 0x0000, 0x0000, 0x0000, 0x0000, 0x0000, 0x0000, 0x0000, 0x0000,
    0x0000, 0x0000, 0x0000, 0x0000, 0x0000, 0x0000, 0x0000, 0x0000, 0x0000, 0x0000, 0x0000, 0x0000, 0x0000, 0x0000, 0x0000, 0x0000,
    0x0000, 0x0000, 0x0000, 0x0000, 0x0000, 0x0000, 0x0000, 0x0000, 0x0000, 0x0000, 0x0000, 0x0000, 0x0000, 0x0000, 0x0000, 0x0000,
    0x0000, 0x0000, 0x0000, 0x0000, 0x0000, 0x0000, 0x0000, 0x0000, 0x0000, 0x0000, 0x0000, 0x0000, 0x0000, 0x0000, 0x0000, 0x0000,
    0x0000, 0x0000, 0x0000, 0x0000, 0x0000, 0x0000, 0x0000, 0x0000, 0x0000, 0x0000, 0x0000, 0x0000, 0x0000, 0x0000, 0x0000, 0x0000,
    0x0000, 0x0000, 0x0000, 0x0000, 0x0000, 0x0000, 0x0000, 0x0000, 0x0000, 0x0000, 0x0000, 0x0000, 0x0000, 0x0000, 0x0000, 0x0000,
    0x0000, 0x0000, 0x0000, 0x0000, 0x0000, 0x0000, 0x0000, 0x0000, 0x0000, 0x0000, 0x0000, 0x0000, 0x0000, 0x0000, 0x0000, 0x0000,
    0x0000, 0x0000, 0x0000, 0x0000, 0x0000, 0x0000, 0x0000, 0x0000, 0x0000, 0x0000, 0x0000, 0x0000, 0x0000, 0x0000, 0x0000, 0x0000,
    0x0000, 0x0000, 0x0000, 0x0000, 0x0000, 0x0000, 0x0000, 0x8D9F, 0xCCC4, 0xC4A5, 0xD502, 0xDD42, 0xE564, 0xE584, 0xE585, 0xE585,
    0xE5C9, 0xE5EC, 0xE5EB, 0xE5A8, 0xE585, 0xE564, 0xDD63, 0xDD43, 0xD502, 0xCC82, 0xBC44, 0x6BDF, 0x83C9, 0x640D, 0x73CA, 0x9B85,
    0xB3A2, 0xBC01, 0xC461, 0xCCA1, 0xD4E2, 0xD523, 0xDD44, 0xDD45, 0xDD67, 0xDD65, 0xDD43, 0xDD22, 0xDD22, 0xD522, 0xD522, 0xD4E3,
    0xC4E8, 0xCCE3, 0x0000, 0x0000, 0x0000, 0x0000, 0x0000, 0x0000, 0x0000, 0x0000, 0x0000, 0x0000, 0x0000, 0x0000, 0x0000, 0x0000,
    0x0000, 0x0000, 0x0000, 0x0000, 0x0000, 0x0000, 0x0000, 0x0000, 0x0000, 0x0000, 0x0000, 0x0000, 0x0000, 0x0000, 0x0000, 0x0000,
    0x0000, 0x0000, 0x0000, 0x0000, 0x0000, 0x0000, 0x0000, 0x0000, 0x0000, 0x0000, 0x0000, 0x0000, 0x0000, 0x0000, 0x0000, 0x0000,
    0x0000, 0x0000, 0x0000, 0x0000, 0x0000, 0x0000, 0x0000, 0x0000, 0x0000, 0x0000, 0x0000, 0x0000, 0x0000, 0x0000, 0x0000, 0x0000,
    0x0000, 0x0000, 0x0000, 0x0000, 0x0000, 0x0000, 0x0000, 0x0000, 0x0000, 0x0000, 0x0000, 0x0000, 0x0000, 0x0000, 0x0000, 0x0000,
    0x0000, 0x0000, 0x0000, 0x0000, 0x0000, 0x0000, 0x0000, 0x0000, 0x0000, 0x0000, 0x0000, 0x0000, 0x0000, 0x0000, 0x0000, 0x0000,
    0x0000, 0x0000, 0x0000, 0x0000, 0x0000, 0x0000, 0x0000, 0x0000, 0x0000, 0x0000, 0x0000, 0x0000, 0x0000, 0x0000, 0x0000, 0x0000,
    0x0000, 0x0000, 0x0000, 0x0000, 0x0000, 0x0000, 0x0000, 0x0000, 0x0000, 0x0000, 0x0000, 0x0000, 0x0000, 0x0000, 0x0000, 0x0000,
    0x0000, 0x0000, 0x0000, 0x0000, 0x0000, 0x0000, 0x0000, 0x0000, 0x0000, 0x0000, 0x0000, 0x0000, 0x0000, 0x0000, 0x0000, 0x0000,
    0x0000, 0x0000, 0x0000, 0x0000, 0x0000, 0x0000, 0x0000, 0x0000, 0x0000, 0x0000, 0x0000, 0x0000, 0x0000, 0x0000, 0x0000, 0x0000,
    0x0000, 0x0000, 0x0000, 0x0000, 0x0000, 0x0000, 0x0000, 0x0000, 0x0000, 0x0000, 0x0000, 0x0000, 0x0000, 0x0000, 0x0000, 0x0000,
    0x0000, 0x0000, 0x0000, 0x0000, 0x0000, 0x0000, 0x0000, 0x0000, 0x0000, 0x0000, 0x0000, 0x0000, 0x0000, 0x0000, 0x0000, 0x0000,
    0x0000, 0x0000, 0x0000, 0x0000, 0x0000, 0x0000, 0x0000, 0x8D9F, 0xB4AA, 0xACAC, 0xC4A5, 0xD4E2, 0xDD22, 0xDD42, 0xDD43, 0xDD43,
    0xDD43, 0xDD63, 0xDD63, 0xDD63, 0xDD43, 0xDD43, 0xDD22, 0xD502, 0xD4C1, 0xBC62, 0xA405, 0xFFE0, 0x438D, 0x4B8E, 0x3B8E, 0x53AD,
    0x83C9, 0xA3C4, 0xBC01, 0xC441, 0xCC81, 0xCCC1, 0xCCE2, 0xD4E2, 0xCCC2, 0xCCC1, 0xCCA1, 0xC481, 0xC462, 0xBC63, 0xBCA5, 0xB4E9,
    0xAD30, 0xB4EA, 0x0000, 0x0000, 0x0000, 0x0000, 0x0000, 0x0000, 0x0000, 0x0000, 0x0000, 0x0000, 0x0000, 0x0000, 0x0000, 0x0000,
    0x0000, 0x0000, 0x0000, 0x0000, 0x0000, 0x0000, 0x0000, 0x0000, 0x0000, 0x0000, 0x0000, 0x0000, 0x0000, 0x0000, 0x0000, 0x0000,
    0x0000, 0x0000, 0x0000, 0x0000, 0x0000, 0x0000, 0x0000, 0x0000, 0x0000, 0x0000, 0x0000, 0x0000, 0x0000, 0x0000, 0x0000, 0x0000,
    0x0000, 0x0000, 0x0000, 0x0000, 0x0000, 0x0000, 0x0000, 0x0000, 0x0000, 0x0000, 0x0000, 0x0000, 0x0000, 0x0000, 0x0000, 0x0000,
    0x0000, 0x0000, 0x0000, 0x0000, 0x0000, 0x0000, 0x0000, 0x0000, 0x0000, 0x0000, 0x0000, 0x0000, 0x0000, 0x0000, 0x0000, 0x0000,
    0x0000, 0x0000, 0x0000, 0x0000, 0x0000, 0x0000, 0x0000, 0x0000, 0x0000, 0x0000, 0x0000, 0x0000, 0x0000, 0x0000, 0x0000, 0x0000,
    0x0000, 0x0000, 0x0000, 0x0000, 0x0000, 0x0000, 0x0000, 0x0000, 0x0000, 0x0000, 0x0000, 0x0000, 0x0000, 0x0000, 0x0000, 0x0000,
    0x0000, 0x0000, 0x0000, 0x0000, 0x0000, 0x0000, 0x0000, 0x0000, 0x0000, 0x0000, 0x0000, 0x0000, 0x0000, 0x0000, 0x0000, 0x0000,
    0x0000, 0x0000, 0x0000, 0x0000, 0x0000, 0x0000, 0x0000, 0x0000, 0x0000, 0x0000, 0x0000, 0x0000, 0x0000, 0x0000, 0x0000, 0x0000,
    0x0000, 0x0000, 0x0000, 0x0000, 0x0000, 0x0000, 0x0000, 0x0000, 0x0000, 0x0000, 0x0000, 0x0000, 0x0000, 0x0000, 0x0000, 0x0000,
    0x0000, 0x0000, 0x0000, 0x0000, 0x0000, 0x0000, 0x0000, 0x0000, 0x0000, 0x0000, 0x0000, 0x0000, 0x0000, 0x0000, 0x0000, 0x0000,
    0x0000, 0x0000, 0x0000, 0x0000, 0x0000, 0x0000, 0x0000, 0x0000, 0x0000, 0x0000, 0x0000, 0x0000, 0x0000, 0x0000, 0x0000, 0x0000,
    0x0000, 0x0000, 0x0000, 0x0000, 0x0000, 0x0000, 0x0000, 0x0000, 0x6C50, 0x6411, 0x7C8F, 0x9CCA, 0xBCA4, 0xCCA2, 0xCCC1, 0xCCC1,
    0xCCC1, 0xCCC1, 0xCCE1, 0xCCE1, 0xCCC1, 0xCCC1, 0xCCC1, 0xCC81, 0xBC63, 0x8C07, 0x6B8A, 0xFFEA, 0x4AEA, 0x4A68, 0x32CB, 0x330D,
    0x3B8E, 0x53EE, 0x7C0A, 0x9407, 0x9C25, 0xA424, 0xA444, 0xA445, 0x9C47, 0x9448, 0x846A, 0x7C8C, 0x748E, 0x7CD0, 0x7D13, 0x7514,
    0x7CD3, 0x7514, 0x0000, 0x0000, 0x0000, 0x0000, 0x0000, 0x0000, 0x0000, 0x0000, 0x0000, 0x0000, 0x0000, 0x0000, 0x0000, 0x0000,
    0x0000, 0x0000, 0x0000, 0x0000, 0x0000, 0x0000, 0x0000, 0x0000, 0x0000, 0x0000, 0x0000, 0x0000, 0x0000, 0x0000, 0x0000, 0x0000,
    0x0000, 0x0000, 0x0000, 0x0000, 0x0000, 0x0000, 0x0000, 0x0000, 0x0000, 0x0000, 0x0000, 0x0000, 0x0000, 0x0000, 0x0000, 0x0000,
    0x0000, 0x0000, 0x0000, 0x0000, 0x0000, 0x0000, 0x0000, 0x0000, 0x0000, 0x0000, 0x0000, 0x0000, 0x0000, 0x0000, 0x0000, 0x0000,
    0x0000, 0x0000, 0x0000, 0x0000, 0x0000, 0x0000, 0x0000, 0x0000, 0x0000, 0x0000, 0x0000, 0x0000, 0x0000, 0x0000, 0x0000, 0x0000,
    0x0000, 0x0000, 0x0000, 0x0000, 0x0000, 0x0000, 0x0000, 0x0000, 0x0000, 0x0000, 0x0000, 0x0000, 0x0000, 0x0000, 0x0000, 0x0000,
    0x0000, 0x0000, 0x0000, 0x0000, 0x0000, 0x0000, 0x0000, 0x0000, 0x0000, 0x0000, 0x0000, 0x0000, 0x0000, 0x0000, 0x0000, 0x0000,
    0x0000, 0x0000, 0x0000, 0x0000, 0x0000, 0x0000, 0x0000, 0x0000, 0x0000, 0x0000, 0x0000, 0x0000, 0x0000, 0x0000, 0x0000, 0x0000,
    0x0000, 0x0000, 0x0000, 0x0000, 0x0000, 0x0000, 0x0000, 0x0000, 0x0000, 0x0000, 0x0000, 0x0000, 0x0000, 0x0000, 0x0000, 0x0000,
    0x0000, 0x0000, 0x0000, 0x0000, 0x0000, 0x0000, 0x0000, 0x0000, 0x0000, 0x0000, 0x0000, 0x0000, 0x0000, 0x0000, 0x0000, 0x0000,
    0x0000, 0x0000, 0x0000, 0x0000, 0x0000, 0x0000, 0x0000, 0x0000, 0x0000, 0x0000, 0x0000, 0x0000, 0x0000, 0x0000, 0x0000, 0x0000,
    0x0000, 0x0000, 0x0000, 0x0000, 0x0000, 0x0000, 0x0000, 0x0000, 0x0000, 0x0000, 0x0000, 0x0000, 0x0000, 0x0000, 0x0000, 0x0000,
    0x0000, 0x0000, 0x0000, 0x0000, 0x0000, 0x0000, 0x0000, 0x0000, 0x534C, 0x6267, 0x43F0, 0x4C93, 0x64B2, 0x7CAF, 0x8C8C, 0x948A,
    0x9489, 0x9C69, 0x9C68, 0x9C88, 0x9C68, 0x9468, 0x8C69, 0x7C6C, 0x646F, 0x4C10, 0x4B4C, 0x4451, 0x6204, 0x3AEB, 0x059A, 0x3228,
    0x2AAB, 0x2B6E, 0x3C11, 0x4452, 0x4C72, 0x5492, 0x5CB3, 0x5CD3, 0x54D4, 0x4CB4, 0x4494, 0x3C73, 0x3C73, 0x3C52, 0x3C32, 0x4431,
    0x6C0F, 0x4C11, 0x0000, 0x0000, 0x0000, 0x0000, 0x0000, 0x0000, 0x0000, 0x0000, 0x0000, 0x0000, 0x0000, 0x0000, 0x0000, 0x0000,
    0x0000, 0x0000, 0x0000, 0x0000, 0x0000, 0x0000, 0x0000, 0x0000, 0x0000, 0x0000, 0x0000, 0x0000, 0x0000, 0x0000, 0x0000, 0x0000,
    0x0000, 0x0000, 0x0000, 0x0000, 0x0000, 0x0000, 0x0000, 0x0000, 0x0000, 0x0000, 0x0000, 0x0000, 0x0000, 0x0000, 0x0000, 0x0000,
    0x0000, 0x0000, 0x0000, 0x0000, 0x0000, 0x0000, 0x0000, 0x0000, 0x0000, 0x0000, 0x0000, 0x0000, 0x0000, 0x0000, 0x0000, 0x0000,
    0x0000, 0x0000, 0x0000, 0x0000, 0x0000, 0x0000, 0x0000, 0x0000, 0x0000, 0x0000, 0x0000, 0x0000, 0x0000, 0x0000, 0x0000, 0x0000,
    0x0000, 0x0000, 0x0000, 0x0000, 0x0000, 0x0000, 0x0000, 0x0000, 0x0000, 0x0000, 0x0000, 0x0000, 0x0000, 0x0000, 0x0000, 0x0000,
    0x0000, 0x0000, 0x0000, 0x0000, 0x0000, 0x0000, 0x0000, 0x0000, 0x0000, 0x0000, 0x0000, 0x0000, 0x0000, 0x0000, 0x0000, 0x0000,
    0x0000, 0x0000, 0x0000, 0x0000, 0x0000, 0x0000, 0x0000, 0x0000, 0x0000, 0x0000, 0x0000, 0x0000, 0x0000, 0x0000, 0x0000, 0x0000,
    0x0000, 0x0000, 0x0000, 0x0000, 0x0000, 0x0000, 0x0000, 0x0000, 0x0000, 0x0000, 0x0000, 0x0000, 0x0000, 0x0000, 0x0000, 0x0000,
    0x0000, 0x0000, 0x0000, 0x0000, 0x0000, 0x0000, 0x0000, 0x0000, 0x0000, 0x0000, 0x0000, 0x0000, 0x0000, 0x0000, 0x0000, 0x0000,
    0x0000, 0x0000, 0x0000, 0x0000, 0x0000, 0x0000, 0x0000, 0x0000, 0x0000, 0x0000, 0x0000, 0x0000, 0x0000, 0x0000, 0x0000, 0x0000,
    0x0000, 0x0000, 0x0000, 0x0000, 0x0000, 0x0000, 0x0000, 0x0000, 0x0000, 0x0000, 0x0000, 0x0000, 0x0000, 0x0000, 0x0000, 0x0000,
    0x0000, 0x0000, 0x0000, 0x0000, 0x0000, 0x0000, 0x0000, 0x0000, 0x5D16, 0x42CA, 0x4289, 0x332E, 0x33B0, 0x3BF2, 0x3C33, 0x4453,
    0x4453, 0x4C73, 0x4C73, 0x4C73, 0x4C73, 0x4453, 0x4453, 0x3C33, 0x33F1, 0x3B6E, 0x5A87, 0x4B0A, 0x4AEA, 0x0330, 0x3A68, 0x32CB,
    0x07FF, 0x42AA, 0x332D, 0x336E, 0x2B90, 0x2BD1, 0x33D1, 0x33D1, 0x2B90, 0x2B6F, 0x2B6E, 0x2B4E, 0x2B4E, 0x332D, 0x330C, 0x42EA,
    0x23B0, 0x6266, 0x0000, 0x0000, 0x0000, 0x0000, 0x0000, 0x0000, 0x0000, 0x0000, 0x0000, 0x0000, 0x0000, 0x0000, 0x0000, 0x0000,
    0x0000, 0x0000, 0x0000, 0x0000, 0x0000, 0x0000, 0x0000, 0x0000, 0x0000, 0x0000, 0x0000, 0x0000, 0x0000, 0x0000, 0x0000, 0x0000,
    0x0000, 0x0000, 0x0000, 0x0000, 0x0000, 0x0000, 0x0000, 0x0000, 0x0000, 0x0000, 0x0000, 0x0000, 0x0000, 0x0000, 0x0000, 0x0000,
    0x0000, 0x0000, 0x0000, 0x0000, 0x0000, 0x0000, 0x0000, 0x0000, 0x0000, 0x0000, 0x0000, 0x0000, 0x0000, 0x0000, 0x0000, 0x0000,
    0x0000, 0x0000, 0x0000, 0x0000, 0x0000, 0x0000, 0x0000, 0x0000, 0x0000, 0x0000, 0x0000, 0x0000, 0x0000, 0x0000, 0x0000, 0x0000,
    0x0000, 0x0000, 0x0000, 0x0000, 0x0000, 0x0000, 0x0000, 0x0000, 0x0000, 0x0000, 0x0000, 0x0000, 0x0000, 0x0000, 0x0000, 0x0000,
    0x0000, 0x0000, 0x0000, 0x0000, 0x0000, 0x0000, 0x0000, 0x0000, 0x0000, 0x0000, 0x0000, 0x0000, 0x0000, 0x0000, 0x0000, 0x0000,
    0x0000, 0x0000, 0x0000, 0x0000, 0x0000, 0x0000, 0x0000, 0x0000, 0x0000, 0x0000, 0x0000, 0x0000, 0x0000, 0x0000, 0x0000, 0x0000,
    0x0000, 0x0000, 0x0000, 0x0000, 0x0000, 0x0000, 0x0000, 0x0000, 0x0000, 0x0000, 0x0000, 0x0000, 0x0000, 0x0000, 0x0000, 0x0000,
    0x0000, 0x0000, 0x0000, 0x0000, 0x0000, 0x0000, 0x0000, 0x0000, 0x0000, 0x0000, 0x0000, 0x0000, 0x0000, 0x0000, 0x0000, 0x0000,
    0x0000, 0x0000, 0x0000, 0x0000, 0x0000, 0x0000, 0x0000, 0x0000, 0x0000, 0x0000, 0x0000, 0x0000, 0x0000, 0x0000, 0x0000, 0x0000,
    0x0000, 0x0000, 0x0000, 0x0000, 0x0000, 0x0000, 0x0000, 0x0000, 0x0000, 0x0000, 0x0000, 0x0000, 0x0000, 0x0000, 0x0000, 0x0000,
    0x0000, 0x0000, 0x0000, 0x0000, 0x0000, 0x0000, 0x0000, 0x0000, 0x0000, 0x4289, 0x4289, 0x0DFE, 0x2902, 0x2229, 0x228B, 0x22CC,
    0x2AED, 0x2AED, 0x2AED, 0x2B0D, 0x2B0E, 0x2B0E, 0x2AED, 0x2ACC, 0x3248, 0xF800, 0x5287, 0x4B0A, 0x0000, 0x0000, 0x0000, 0x4A88,
    0x71A1, 0x42C9, 0x1B6F, 0x7900, 0x3228, 0x328A, 0x32CB, 0x32AB, 0x2A8A, 0x2A6A, 0x2A6A, 0x3269, 0x4226, 0xF800, 0x1B90, 0x4AEA,
    0x136F, 0x62A7, 0x0000, 0x0000, 0x0000, 0x0000, 0x0000, 0x0000, 0x0000, 0x0000, 0x0000, 0x0000, 0x0000, 0x0000, 0x0000, 0x0000,
    0x0000, 0x0000, 0x0000, 0x0000, 0x0000, 0x0000, 0x0000, 0x0000, 0x0000, 0x0000, 0x0000, 0x0000, 0x0000, 0x0000, 0x0000, 0x0000,
    0x0000, 0x0000, 0x0000, 0x0000, 0x0000, 0x0000, 0x0000, 0x0000, 0x0000, 0x0000, 0x0000, 0x0000, 0x0000, 0x0000, 0x0000, 0x0000,
    0x0000, 0x0000, 0x0000, 0x0000, 0x0000, 0x0000, 0x0000, 0x0000, 0x0000, 0x0000, 0x0000, 0x0000, 0x0000, 0x0000, 0x0000, 0x0000,
    0x0000, 0x0000, 0x0000, 0x0000, 0x0000, 0x0000, 0x0000, 0x0000, 0x0000, 0x0000, 0x0000, 0x0000, 0x0000, 0x0000, 0x0000, 0x0000,
    0x0000, 0x0000, 0x0000, 0x0000, 0x0000, 0x0000, 0x0000, 0x0000, 0x0000, 0x0000, 0x0000, 0x0000, 0x0000, 0x0000, 0x0000, 0x0000,
    0x0000, 0x0000, 0x0000, 0x0000, 0x0000, 0x0000, 0x0000, 0x0000, 0x0000, 0x0000, 0x0000, 0x0000, 0x0000, 0x0000, 0x0000, 0x0000,
    0x0000, 0x0000, 0x0000, 0x0000, 0x0000, 0x0000, 0x0000, 0x0000, 0x0000, 0x0000, 0x0000, 0x0000, 0x0000, 0x0000, 0x0000, 0x0000,
    0x0000, 0x0000, 0x0000, 0x0000, 0x0000, 0x0000, 0x0000, 0x0000, 0x0000, 0x0000, 0x0000, 0x0000, 0x0000, 0x0000, 0x0000, 0x0000,
    0x0000, 0x0000, 0x0000, 0x0000, 0x0000, 0x0000, 0x0000, 0x0000, 0x0000, 0x0000, 0x0000, 0x0000, 0x0000, 0x0000, 0x0000, 0x0000,
    0x0000, 0x0000, 0x0000, 0x0000, 0x0000, 0x0000, 0x0000, 0x0000, 0x0000, 0x0000, 0x0000, 0x0000, 0x0000, 0x0000, 0x0000, 0x0000,
    0x0000, 0x0000, 0x0000, 0x0000, 0x0000, 0x0000, 0x0000, 0x0000, 0x0000, 0x0000, 0x0000, 0x0000, 0x0000, 0x0000, 0x0000, 0x0000,
    0x0000, 0x0000, 0x0000, 0x0000, 0x0000, 0x0000, 0x0000, 0x0000, 0x0000, 0x0000, 0x2A49, 0x4963, 0x3229, 0x2AAB, 0x236F, 0x1CB7,
    0x279F, 0x27FF, 0x5800, 0x4000, 0x9000, 0x27FF, 0x255A, 0x2370, 0x32CB, 0x4A47, 0x4A47, 0x0000, 0x0000, 0x0000, 0x0000, 0x0000,
    0x0000, 0x7A85, 0x8285, 0x4AA9, 0x32AB, 0x32EC, 0x330C, 0x32EC, 0x22EC, 0x1ACC, 0x2AAB, 0x32AA, 0x3AA9, 0x5287, 0x71E3, 0x71E3,
    0x0000, 0x0000, 0x0000, 0x0000, 0x0000, 0x0000, 0x0000, 0x0000, 0x0000, 0x0000, 0x0000, 0x0000, 0x0000, 0x0000, 0x0000, 0x0000,
    0x0000, 0x0000, 0x0000, 0x0000, 0x0000, 0x0000, 0x0000, 0x0000, 0x0000, 0x0000, 0x0000, 0x0000, 0x0000, 0x0000, 0x0000, 0x0000,
    0x0000, 0x0000, 0x0000, 0x0000, 0x0000, 0x0000, 0x0000, 0x0000, 0x0000, 0x0000, 0x0000, 0x0000, 0x0000, 0x0000, 0x0000, 0x0000,
    0x0000, 0x0000, 0x0000, 0x0000, 0x0000, 0x0000, 0x0000, 0x0000, 0x0000, 0x0000, 0x0000, 0x0000, 0x0000, 0x0000, 0x0000, 0x0000,
    0x0000, 0x0000, 0x0000, 0x0000, 0x0000, 0x0000, 0x0000, 0x0000, 0x0000, 0x0000, 0x0000, 0x0000, 0x0000, 0x0000, 0x0000, 0x0000,
    0x0000, 0x0000, 0x0000, 0x0000, 0x0000, 0x0000, 0x0000, 0x0000, 0x0000, 0x0000, 0x0000, 0x0000, 0x0000, 0x0000, 0x0000, 0x0000,
    0x0000, 0x0000, 0x0000, 0x0000, 0x0000, 0x0000, 0x0000, 0x0000, 0x0000, 0x0000, 0x0000, 0x0000, 0x0000, 0x0000, 0x0000, 0x0000,
    0x0000, 0x0000, 0x0000, 0x0000, 0x0000, 0x0000, 0x0000, 0x0000, 0x0000, 0x0000, 0x0000, 0x0000, 0x0000, 0x0000, 0x0000, 0x0000,
    0x0000, 0x0000, 0x0000, 0x0000, 0x0000, 0x0000, 0x0000, 0x0000, 0x0000, 0x0000, 0x0000, 0x0000, 0x0000, 0x0000, 0x0000, 0x0000,
    0x0000, 0x0000, 0x0000, 0x0000, 0x0000, 0x0000, 0x0000, 0x0000, 0x0000, 0x0000, 0x0000, 0x0000, 0x0000, 0x0000, 0x0000, 0x0000,
    0x0000, 0x0000, 0x0000, 0x0000, 0x0000, 0x0000, 0x0000, 0x0000, 0x0000, 0x0000, 0x0000, 0x0000, 0x0000, 0x0000, 0x0000, 0x0000,
    0x0000, 0x0000, 0x0000, 0x0000, 0x0000, 0x0000, 0x0000, 0x0000, 0x0000, 0x0000, 0x0000, 0x0000, 0x0000, 0x0000, 0x0000, 0x0000,
    0x0000, 0x0000, 0x0000, 0x0000, 0x0000, 0x0000, 0x0000, 0x0000, 0x0000, 0x0000, 0x0000, 0x0000, 0x0000, 0x3A25, 0x4840, 0x3964,
    0x29A6, 0x29C7, 0x31C7, 0x31E7, 0x3208, 0x31C7, 0x3985, 0x5922, 0x0286, 0xB800, 0x0000, 0x0000, 0x0000, 0x0000, 0x0000, 0x0000,
    0x0000, 0x0000, 0x0000, 0x0000, 0x0000, 0x0000, 0x0000, 0xF800, 0xF800, 0xF800, 0xF820, 0xF820, 0x0000, 0x0000, 0x0000, 0x0000,
    0x0000, 0x0000, 0x0000, 0x0000, 0x0000, 0x0000, 0x0000, 0x0000, 0x0000, 0x0000, 0x0000, 0x0000, 0x0000, 0x0000, 0x0000, 0x0000,
    0x0000, 0x0000, 0x0000, 0x0000, 0x0000, 0x0000, 0x0000, 0x0000, 0x0000, 0x0000, 0x0000, 0x0000, 0x0000, 0x0000, 0x0000, 0x0000,
    0x0000, 0x0000, 0x0000, 0x0000, 0x0000, 0x0000, 0x0000, 0x0000, 0x0000, 0x0000, 0x0000, 0x0000, 0x0000, 0x0000, 0x0000, 0x0000,
    0x0000, 0x0000, 0x0000, 0x0000, 0x0000, 0x0000, 0x0000, 0x0000, 0x0000, 0x0000, 0x0000, 0x0000, 0x0000, 0x0000, 0x0000, 0x0000,
    0x0000, 0x0000, 0x0000, 0x0000, 0x0000, 0x0000, 0x0000, 0x0000, 0x0000, 0x0000, 0x0000, 0x0000, 0x0000, 0x0000, 0x0000, 0x0000,
    0x0000, 0x0000, 0x0000, 0x0000, 0x0000, 0x0000, 0x0000, 0x0000, 0x0000, 0x0000, 0x0000, 0x0000, 0x0000, 0x0000, 0x0000, 0x0000,
    0x0000, 0x0000, 0x0000, 0x0000, 0x0000, 0x0000, 0x0000, 0x0000, 0x0000, 0x0000, 0x0000, 0x0000, 0x0000, 0x0000, 0x0000, 0x0000,
    0x0000, 0x0000, 0x0000, 0x0000, 0x0000, 0x0000, 0x0000, 0x0000, 0x0000, 0x0000, 0x0000, 0x0000, 0x0000, 0x0000, 0x0000, 0x0000,
    0x0000, 0x0000, 0x0000, 0x0000, 0x0000, 0x0000, 0x0000, 0x0000, 0x0000, 0x0000, 0x0000, 0x0000, 0x0000, 0x0000, 0x0000, 0x0000,
    0x0000, 0x0000, 0x0000, 0x0000, 0x0000, 0x0000, 0x0000, 0x0000, 0x0000, 0x0000, 0x0000, 0x0000, 0x0000, 0x0000, 0x0000, 0x0000,
    0x0000, 0x0000, 0x0000, 0x0000, 0x0000, 0x0000, 0x0000, 0x0000, 0x0000, 0x0000, 0x0000, 0x0000, 0x0000, 0x0000, 0x0000, 0x0000,
    0x0000, 0x0000, 0x0000, 0x0000, 0x0000, 0x0000, 0x0000, 0x0000, 0x0000, 0x0000, 0x0000, 0x0000, 0x0000, 0x0000, 0x0000, 0x0000,
    0x0000, 0x0000, 0x0000, 0x0000, 0x0000, 0x0000, 0x0000, 0x0000, 0x0000, 0x0000, 0x0000, 0x0000, 0x0000, 0x0000, 0x0000, 0x0000,
    0x0000, 0x0000, 0x0000, 0x0000, 0x0000, 0x0000, 0x0000, 0x0000, 0x0000, 0x0000, 0x0000, 0x0000, 0x0000, 0x0000, 0x0000, 0x0000,
    0x0000, 0x0000, 0x0000, 0x0000, 0x0000, 0x0000, 0x0000, 0x0000, 0x0000, 0x0000, 0x0000, 0x0000, 0x0000, 0x0000, 0x0000, 0x0000,
    0x0000, 0x0000, 0x0000, 0x0000, 0x0000, 0x0000, 0x0000, 0x0000, 0x0000, 0x0000, 0x0000, 0x0000, 0x0000, 0x0000, 0x0000, 0x0000,
    0x0000, 0x0000, 0x0000, 0x0000, 0x0000, 0x0000, 0x0000, 0x0000, 0x0000, 0x0000, 0x0000, 0x0000, 0x0000, 0x0000, 0x0000, 0x0000,
    0x0000, 0x0000, 0x0000, 0x0000, 0x0000, 0x0000, 0x0000, 0x0000, 0x0000, 0x0000, 0x0000, 0x0000, 0x0000, 0x0000, 0x0000, 0x0000,
    0x0000, 0x0000, 0x0000, 0x0000, 0x0000, 0x0000, 0x0000, 0x0000, 0x0000, 0x0000, 0x0000, 0x0000, 0x0000, 0x0000, 0x0000, 0x0000,
    0x0000, 0x0000, 0x0000, 0x0000, 0x0000, 0x0000, 0x0000, 0x0000, 0x0000, 0x0000, 0x0000, 0x0000, 0x0000, 0x0000, 0x0000, 0x0000,
    0x0000, 0x0000, 0x0000, 0x0000, 0x0000, 0x0000, 0x0000, 0x0000, 0x0000, 0x0000, 0x0000, 0x0000, 0x0000, 0x0000, 0x0000, 0x0000,
    0x0000, 0x0000, 0x0000, 0x0000, 0x0000, 0x0000, 0x0000, 0x0000, 0x0000, 0x0000, 0x0000, 0x0000, 0x0000, 0x0000, 0x0000, 0x0000,
    0x0000, 0x0000, 0x0000, 0x0000, 0x0000, 0x0000, 0x0000, 0x0000, 0x0000, 0x0000, 0x0000, 0x0000, 0x0000, 0x0000, 0x0000, 0x0000,
    0x0000, 0x0000, 0x0000, 0x0000, 0x0000, 0x0000, 0x0000, 0x0000, 0x0000, 0x0000, 0x0000, 0x0000, 0x0000, 0x0000, 0x0000, 0x0000,
    0x0000, 0x0000, 0x0000, 0x0000, 0x0000, 0x0000, 0x0000, 0x0000, 0x0000, 0x0000, 0x0000, 0x0000, 0x0000, 0x0000, 0x0000, 0x0000,
    0x0000, 0x0000, 0x0000, 0x0000, 0x0000, 0x0000, 0x0000, 0x0000, 0x0000, 0x0000, 0x0000, 0x0000, 0x0000, 0x0000, 0x0000, 0x0000,
    0x0000, 0x0000, 0x0000, 0x0000, 0x0000, 0x0000, 0x0000, 0x0000, 0x0000, 0x0000, 0x0000, 0x0000, 0x0000, 0x0000, 0x0000, 0x0000,
    0x0000, 0x0000, 0x0000, 0x0000, 0x0000, 0x0000, 0x0000, 0x0000, 0x0000, 0x0000, 0x0000, 0x0000, 0x0000, 0x0000, 0x0000, 0x0000,
    0x0000, 0x0000, 0x0000, 0x0000, 0x0000, 0x0000, 0x0000, 0x0000, 0x0000, 0x0000, 0x0000, 0x0000, 0x0000, 0x0000, 0x0000, 0x0000,
    0x0000, 0x0000, 0x0000, 0x0000, 0x0000, 0x0000, 0x0000, 0x0000, 0x0000, 0x0000, 0x0000, 0x0000, 0x0000, 0x0000, 0x0000, 0x0000,
    0x0000, 0x0000, 0x0000, 0x0000, 0x0000, 0x0000, 0x0000, 0x0000, 0x0000, 0x0000, 0x0000, 0x0000, 0x0000, 0x0000, 0x0000, 0x0000,
    0x0000, 0x0000, 0x0000, 0x0000, 0x0000, 0x0000, 0x0000, 0x0000, 0x0000, 0x0000, 0x0000, 0x0000, 0x0000, 0x0000, 0x0000, 0x0000,
    0x0000, 0x0000, 0x0000, 0x0000, 0x0000, 0x0000, 0x0000, 0x0000, 0x0000, 0x0000, 0x0000, 0x0000, 0x0000, 0x0000, 0x0000, 0x0000,
    0x0000, 0x0000, 0x0000, 0x0000, 0x0000, 0x0000, 0x0000, 0x0000, 0x0000, 0x0000, 0x0000, 0x0000, 0x0000, 0x0000, 0x0000, 0x0000,
    0x0000, 0x0000, 0x0000, 0x0000, 0x0000, 0x0000, 0x0000, 0x0000, 0x0000, 0x0000, 0x0000, 0x0000, 0x0000, 0x0000, 0x0000, 0x0000,
    0x0000, 0x0000, 0x0000, 0x0000, 0x0000, 0x0000, 0x0000, 0x0000, 0x0000, 0x0000, 0x0000, 0x0000, 0x0000, 0x0000, 0x0000, 0x0000,
    0x0000, 0x0000, 0x0000, 0x0000, 0x0000, 0x0000, 0x0000, 0x0000, 0x0000, 0x0000, 0x0000, 0x0000, 0x0000, 0x0000, 0x0000, 0x0000,
    0x0000, 0x0000, 0x0000, 0x0000, 0x0000, 0x0000, 0x0000, 0x0000, 0x0000, 0x0000, 0x0000, 0x0000, 0x0000, 0x0000, 0x0000, 0x0000,
    0x0000, 0x0000, 0x0000, 0x0000, 0x0000, 0x0000, 0x0000, 0x0000, 0x0000, 0x0000, 0x0000, 0x0000, 0x0000, 0x0000, 0x0000, 0x0000,
    0x0000, 0x0000, 0x0000, 0x0000, 0x0000, 0x0000, 0x0000, 0x0000, 0x0000, 0x0000, 0x0000, 0x0000, 0x0000, 0x0000, 0x0000, 0x0000,
    0x0000, 0x0000, 0x0000, 0x0000, 0x0000, 0x0000, 0x0000, 0x0000, 0x0000, 0x0000, 0x0000, 0x0000, 0x0000, 0x0000, 0x0000, 0x0000,
    0x0000, 0x0000, 0x0000, 0x0000, 0x0000, 0x0000, 0x0000, 0x0000, 0x0000, 0x0000, 0x0000, 0x0000, 0x0000, 0x0000, 0x0000, 0x0000,
    0x0000, 0x0000, 0x0000, 0x0000, 0x0000, 0x0000, 0x0000, 0x0000, 0x0000, 0x0000, 0x0000, 0x0000, 0x0000, 0x0000, 0x0000, 0x0000,
    0x0000, 0x0000, 0x0000, 0x0000, 0x0000, 0x0000, 0x0000, 0x0000, 0x0000, 0x0000, 0x0000, 0x0000, 0x0000, 0x0000, 0x0000, 0x0000,
    0x0000, 0x0000, 0x0000, 0x0000, 0x0000, 0x0000, 0x0000, 0x0000, 0x0000, 0x0000, 0x0000, 0x0000, 0x0000, 0x0000, 0x0000, 0x0000,
    0x0000, 0x0000, 0x0000, 0x0000, 0x0000, 0x0000, 0x0000, 0x0000, 0x0000, 0x0000, 0x0000, 0x0000, 0x0000, 0x0000, 0x0000, 0x0000,
    0x0000, 0x0000, 0x0000, 0x0000, 0x0000, 0x0000, 0x0000, 0x0000, 0x0000, 0x0000, 0x0000, 0x0000, 0x0000, 0x0000, 0x0000, 0x0000,
    0x0000, 0x0000, 0x0000, 0x0000, 0x0000, 0x0000, 0x0000, 0x0000, 0x0000, 0x0000, 0x0000, 0x0000, 0x0000, 0x0000, 0x0000, 0x0000,
    0x0000, 0x0000, 0x0000, 0x0000, 0x0000, 0x0000, 0x0000, 0x0000, 0x0000, 0x0000, 0x0000, 0x0000, 0x0000, 0x0000, 0x0000, 0x0000,
    0x0000, 0x0000, 0x0000, 0x0000, 0x0000, 0x0000, 0x0000, 0x0000, 0x0000, 0x0000, 0x0000, 0x0000, 0x0000, 0x0000, 0x0000, 0x0000,
    0x0000, 0x0000, 0x0000, 0x0000, 0x0000, 0x0000, 0x0000, 0x0000, 0x0000, 0x0000, 0x0000, 0x0000, 0x0000, 0x0000, 0x0000, 0x0000,
    0x0000, 0x0000, 0x0000, 0x0000, 0x0000, 0x0000, 0x0000, 0x0000, 0x0000, 0x0000, 0x0000, 0x0000, 0x0000, 0x0000, 0x0000, 0x0000,
    0x0000, 0x0000, 0x0000, 0x0000, 0x0000, 0x0000, 0x0000, 0x0000, 0x0000, 0x0000, 0x0000, 0x0000, 0x0000, 0x0000, 0x0000, 0x0000,
    0x0000, 0x0000, 0x0000, 0x0000, 0x0000, 0x0000, 0x0000, 0x0000, 0x0000, 0x0000, 0x0000, 0x0000, 0x0000, 0x0000, 0x0000, 0x0000,
    0x0000, 0x0000, 0x0000, 0x0000, 0x0000, 0x0000, 0x0000, 0x0000, 0x0000, 0x0000, 0x0000, 0x0000, 0x0000, 0x0000, 0x0000, 0x0000,
    0x0000, 0x0000, 0x0000, 0x0000, 0x0000, 0x0000, 0x0000, 0x0000, 0x0000, 0x0000, 0x0000, 0x0000, 0x0000, 0x0000, 0x0000, 0x0000,
    0x0000, 0x0000, 0x0000, 0x0000, 0x0000, 0x0000, 0x0000, 0x0000, 0x0000, 0x0000, 0x0000, 0x0000, 0x0000, 0x0000, 0x0000, 0x0000,
    0x0000, 0x0000, 0x0000, 0x0000, 0x0000, 0x0000, 0x0000, 0x0000, 0x0000, 0x0000, 0x0000, 0x0000, 0x0000, 0x0000, 0x0000, 0x0000,
    0x0000, 0x0000, 0x0000, 0x0000, 0x0000, 0x0000, 0x0000, 0x0000, 0x0000, 0x0000, 0x0000, 0x0000, 0x0000, 0x0000, 0x0000, 0x0000,
    0x0000, 0x0000, 0x0000, 0x0000, 0x0000, 0x0000, 0x0000, 0x0000, 0x0000, 0x0000, 0x0000, 0x0000, 0x0000, 0x0000, 0x0000, 0x0000,
    0x0000, 0x0000, 0x0000, 0x0000, 0x0000, 0x0000, 0x0000, 0x0000, 0x0000, 0x0000, 0x0000, 0x0000, 0x0000, 0x0000, 0x0000, 0x0000,
    0x0000, 0x0000, 0x0000, 0x0000, 0x0000, 0x0000, 0x0000, 0x0000, 0x0000, 0x0000, 0x0000, 0x0000, 0x0000, 0x0000, 0x0000, 0x0000,
    0x0000, 0x0000, 0x0000, 0x0000, 0x0000, 0x0000, 0x0000, 0x0000, 0x0000, 0x0000, 0x0000, 0x0000, 0x0000, 0x0000, 0x0000, 0x0000,
    0x0000, 0x0000, 0x0000, 0x0000, 0x0000, 0x0000, 0x0000, 0x0000, 0x0000, 0x0000, 0x0000, 0x0000, 0x0000, 0x0000, 0x0000, 0x0000,
    0x0000, 0x0000, 0x0000, 0x0000, 0x0000, 0x0000, 0x0000, 0x0000, 0x0000, 0x0000, 0x0000, 0x0000, 0x0000, 0x0000, 0x0000, 0x0000,
    0x0000, 0x0000, 0x0000, 0x0000, 0x0000, 0x0000, 0x0000, 0x0000, 0x0000, 0x0000, 0x0000, 0x0000, 0x0000, 0x0000, 0x0000, 0x0000,
    0x0000, 0x0000, 0x0000, 0x0000, 0x0000, 0x0000, 0x0000, 0x0000, 0x0000, 0x0000, 0x0000, 0x0000, 0x0000, 0x0000, 0x0000, 0x0000,
    0x0000, 0x0000, 0x0000, 0x0000, 0x0000, 0x0000, 0x0000, 0x0000, 0x0000, 0x0000, 0x0000, 0x0000, 0x0000, 0x0000, 0x0000, 0x0000,
    0x0000, 0x0000, 0x0000, 0x0000, 0x0000, 0x0000, 0x0000, 0x0000, 0x0000, 0x0000, 0x0000, 0x0000, 0x0000, 0x0000, 0x0000, 0x0000,
    0x0000, 0x0000, 0x0000, 0x0000, 0x0000, 0x0000, 0x0000, 0x0000, 0x0000, 0x0000, 0x0000, 0x0000, 0x0000, 0x0000, 0x0000, 0x0000,
    0x0000, 0x0000, 0x0000, 0x0000, 0x0000, 0x0000, 0x0000, 0x0000, 0x0000, 0x0000, 0x0000, 0x0000, 0x0000, 0x0000, 0x0000, 0x0000,
    0x0000, 0x0000, 0x0000, 0x0000, 0x0000, 0x0000, 0x0000, 0x0000, 0x0000, 0x0000, 0x0000, 0x0000, 0x0000, 0x0000, 0x0000, 0x0000,
    0x0000, 0x0000, 0x0000, 0x0000, 0x0000, 0x0000, 0x0000, 0x0000, 0x0000, 0x0000, 0x0000, 0x0000, 0x0000, 0x0000, 0x0000, 0x0000,
    0x0000, 0x0000, 0x0000, 0x0000, 0x0000, 0x0000, 0x0000, 0x0000, 0x0000, 0x0000, 0x0000, 0x0000, 0x0000, 0x0000, 0x0000, 0x0000,
    0x0000, 0x0000, 0x0000, 0x0000, 0x0000, 0x0000, 0x0000, 0x0000, 0x0000, 0x0000, 0x0000, 0x0000, 0x0000, 0x0000, 0x0000, 0x0000,
    0x0000, 0x0000, 0x0000, 0x0000, 0x0000, 0x0000, 0x0000, 0x0000, 0x0000, 0x0000, 0x0000, 0x0000, 0x0000, 0x0000, 0x0000, 0x0000,
    0x0000, 0x0000, 0x0000, 0x0000, 0x0000, 0x0000, 0x0000, 0x0000, 0x0000, 0x0000, 0x0000, 0x0000, 0x0000, 0x0000, 0x0000, 0x0000,
    0x0000, 0x0000, 0x0000, 0x0000, 0x0000, 0x0000, 0x0000, 0x0000, 0x0000, 0x0000, 0x0000, 0x0000, 0x0000, 0x0000, 0x0000, 0x0000,
    0x0000, 0x0000, 0x0000, 0x0000, 0x0000, 0x0000, 0x0000, 0x0000, 0x0000, 0x0000, 0x0000, 0x0000, 0x0000, 0x0000, 0x0000, 0x0000,
    0x0000, 0x0000, 0x0000, 0x0000, 0x0000, 0x0000, 0x0000, 0x0000, 0x0000, 0x0000, 0x0000, 0x0000, 0x0000, 0x0000, 0x0000, 0x0000,
    0x0000, 0x0000, 0x0000, 0x0000, 0x0000, 0x0000, 0x0000, 0x0000, 0x0000, 0x0000, 0x0000, 0x0000, 0x0000, 0x0000, 0x0000, 0x0000,
    0x0000, 0x0000, 0x0000, 0x0000, 0x0000, 0x0000, 0x0000, 0x0000, 0x0000, 0x0000, 0x0000, 0x0000, 0x0000, 0x0000, 0x0000, 0x0000,
    0x0000, 0x0000, 0x0000, 0x0000, 0x0000, 0x0000, 0x0000, 0x0000, 0x0000, 0x0000, 0x0000, 0x0000, 0x0000, 0x0000, 0x0000, 0x0000,
    0x0000, 0x0000, 0x0000, 0x0000, 0x0000, 0x0000, 0x0000, 0x0000, 0x0000, 0x0000, 0x0000, 0x0000, 0x0000, 0x0000, 0x0000, 0x0000,
    0x0000, 0x0000, 0x0000, 0x0000, 0x0000, 0x0000, 0x0000, 0x0000, 0x0000, 0x0000, 0x0000, 0x0000, 0x0000, 0x0000, 0x0000, 0x0000,
    0x0000, 0x0000, 0x0000, 0x0000, 0x0000, 0x0000, 0x0000, 0x0000, 0x0000, 0x0000, 0x0000, 0x0000, 0x0000, 0x0000, 0x0000, 0x0000,
    0x0000, 0x0000, 0x0000, 0x0000, 0x0000, 0x0000, 0x0000, 0x0000, 0x0000, 0x0000, 0x0000, 0x0000, 0x0000, 0x0000, 0x0000, 0x0000,
    0x0000, 0x0000, 0x0000, 0x0000, 0x0000, 0x0000, 0x0000, 0x0000, 0x0000, 0x0000, 0x0000, 0x0000, 0x0000, 0x0000, 0x0000, 0x0000,
    0x0000, 0x0000, 0x0000, 0x0000, 0x0000, 0x0000, 0x0000, 0x0000, 0x0000, 0x0000, 0x0000, 0x0000, 0x0000, 0x0000, 0x0000, 0x0000,
    0x0000, 0x0000, 0x0000, 0x0000, 0x0000, 0x0000, 0x0000, 0x0000, 0x0000, 0x0000, 0x0000, 0x0000, 0x0000, 0x0000, 0x0000, 0x0000,
    0x0000, 0x0000, 0x0000, 0x0000, 0x0000, 0x0000, 0x0000, 0x0000, 0x0000, 0x0000, 0x0000, 0x0000, 0x0000, 0x0000, 0x0000, 0x0000,
    0x0000, 0x0000, 0x0000, 0x0000, 0x0000, 0x0000, 0x0000, 0x0000, 0x0000, 0x0000, 0x0000, 0x0000, 0x0000, 0x0000, 0x0000, 0x0000,
    0x0000, 0x0000, 0x0000, 0x0000, 0x0000, 0x0000, 0x0000, 0x0000, 0x0000, 0x0000, 0x0000, 0x0000, 0x0000, 0x0000, 0x0000, 0x0000,
    0x0000, 0x0000, 0x0000, 0x0000, 0x0000, 0x0000, 0x0000, 0x0000, 0x0000, 0x0000, 0x0000, 0x0000, 0x0000, 0x0000, 0x0000, 0x0000,
    0x0000, 0x0000, 0x0000, 0x0000, 0x0000, 0x0000, 0x0000, 0x0000, 0x0000, 0x0000, 0x0000, 0x0000, 0x0000, 0x0000, 0x0000, 0x0000,
    0x0000, 0x0000, 0x0000, 0x0000, 0x0000, 0x0000, 0x0000, 0x0000, 0x0000, 0x0000, 0x0000, 0x0000, 0x0000, 0x0000, 0x0000, 0x0000,
    0x0000, 0x0000, 0x0000, 0x0000, 0x0000, 0x0000, 0x0000, 0x0000, 0x0000, 0x0000, 0x0000, 0x0000, 0x0000, 0x0000, 0x0000, 0x0000,
    0x0000, 0x0000, 0x0000, 0x0000, 0x0000, 0x0000, 0x0000, 0x0000, 0x0000, 0x0000, 0x0000, 0x0000, 0x0000, 0x0000, 0x0000, 0x0000,
    0x0000, 0x0000, 0x0000, 0x0000, 0x0000, 0x0000, 0x0000, 0x0000, 0x0000, 0x0000, 0x0000, 0x0000, 0x0000, 0x0000, 0x0000, 0x0000,
    0x0000, 0x0000, 0x0000, 0x0000, 0x0000, 0x0000, 0x0000, 0x0000, 0x0000, 0x0000, 0x0000, 0x0000, 0x0000, 0x0000, 0x0000, 0x0000,
    0x0000, 0x0000, 0x0000, 0x0000, 0x0000, 0x0000, 0x0000, 0x0000, 0x0000, 0x0000, 0x0000, 0x0000, 0x0000, 0x0000, 0x0000, 0x0000,
    0x0000, 0x0000, 0x0000, 0x0000, 0x0000, 0x0000, 0x0000, 0x0000, 0x0000, 0x0000, 0x0000, 0x0000, 0x0000, 0x0000, 0x0000, 0x0000,
    0x0000, 0x0000, 0x0000, 0x0000, 0x0000, 0x0000, 0x0000, 0x0000, 0x0000, 0x0000, 0x0000, 0x0000, 0x0000, 0x0000, 0x0000, 0x0000,
    0x0000, 0x0000, 0x0000, 0x0000, 0x0000, 0x0000, 0x0000, 0x0000, 0x0000, 0x0000, 0x0000, 0x0000, 0x0000, 0x0000, 0x0000, 0x0000,
    0x0000, 0x0000, 0x0000, 0x0000, 0x0000, 0x0000, 0x0000, 0x0000, 0x0000, 0x0000, 0x0000, 0x0000, 0x0000, 0x0000, 0x0000, 0x0000,
    0x0000, 0x0000, 0x0000, 0x0000, 0x0000, 0x0000, 0x0000, 0x0000, 0x0000, 0x0000, 0x0000, 0x0000, 0x0000, 0x0000, 0x0000, 0x0000,
    0x0000, 0x0000, 0x0000, 0x0000, 0x0000, 0x0000, 0x0000, 0x0000, 0x0000, 0x0000, 0x0000, 0x0000, 0x0000, 0x0000, 0x0000, 0x0000,
    0x0000, 0x0000, 0x0000, 0x0000, 0x0000, 0x0000, 0x0000, 0x0000, 0x0000, 0x0000, 0x0000, 0x0000, 0x0000, 0x0000, 0x0000, 0x0000,
    0x0000, 0x0000, 0x0000, 0x0000, 0x0000, 0x0000, 0x0000, 0x0000, 0x0000, 0x0000, 0x0000, 0x0000, 0x0000, 0x0000, 0x0000, 0x0000,
    0x0000, 0x0000, 0x0000, 0x0000, 0x0000, 0x0000, 0x0000, 0x0000, 0x0000, 0x0000, 0x0000, 0x0000, 0x0000, 0x0000, 0x0000, 0x0000,
    0x0000, 0x0000, 0x0000, 0x0000, 0x0000, 0x0000, 0x0000, 0x0000, 0x0000, 0x0000, 0x0000, 0x0000, 0x0000, 0x0000, 0x0000, 0x0000,
    0x0000, 0x0000, 0x0000, 0x0000, 0x0000, 0x0000, 0x0000, 0x0000, 0x0000, 0x0000, 0x0000, 0x0000, 0x0000, 0x0000, 0x0000, 0x0000,
    0x0000, 0x0000, 0x0000, 0x0000, 0x0000, 0x0000, 0x0000, 0x0000, 0x0000, 0x0000, 0x0000, 0x0000, 0x0000, 0x0000, 0x0000, 0x0000,
    0x0000, 0x0000, 0x0000, 0x0000, 0x0000, 0x0000, 0x0000, 0x0000, 0x0000, 0x0000, 0x0000, 0x0000, 0x0000, 0x0000, 0x0000, 0x0000,
    0x0000, 0x0000, 0x0000, 0x0000, 0x0000, 0x0000, 0x0000, 0x0000, 0x0000, 0x0000, 0x0000, 0x0000, 0x0000, 0x0000, 0x0000, 0x0000,
    0x0000, 0x0000, 0x0000, 0x0000, 0x0000, 0x0000, 0x0000, 0x0000, 0x0000, 0x0000, 0x0000, 0x0000, 0x0000, 0x0000, 0x0000, 0x0000,
    0x0000, 0x0000, 0x0000, 0x0000, 0x0000, 0x0000, 0x0000, 0x0000, 0x0000, 0x0000, 0x0000, 0x0000, 0x0000, 0x0000, 0x0000, 0x0000,
    0x0000, 0x0000, 0x0000, 0x0000, 0x0000, 0x0000, 0x0000, 0x0000, 0x0000, 0x0000, 0x0000, 0x0000, 0x0000, 0x0000, 0x0000, 0x0000,
    0x0000, 0x0000, 0x0000, 0x0000, 0x0000, 0x0000, 0x0000, 0x0000, 0x0000, 0x0000, 0x0000, 0x0000, 0x0000, 0x0000, 0x0000, 0x0000,
    0x0000, 0x0000, 0x0000, 0x0000, 0x0000, 0x0000, 0x0000, 0x0000, 0x0000, 0x0000, 0x0000, 0x0000, 0x0000, 0x0000, 0x0000, 0x0000,
    0x0000, 0x0000, 0x0000, 0x0000, 0x0000, 0x0000, 0x0000, 0x0000, 0x0000, 0x0000, 0x0000, 0x0000, 0x0000, 0x0000, 0x0000, 0x0000,
    0x0000, 0x0000, 0x0000, 0x0000, 0x0000, 0x0000, 0x0000, 0x0000, 0x0000, 0x0000, 0x0000, 0x0000, 0x0000, 0x0000, 0x0000, 0x0000,
    0x0000, 0x0000, 0x0000, 0x0000, 0x0000, 0x0000, 0x0000, 0x0000, 0x0000, 0x0000, 0x0000, 0x0000, 0x0000, 0x0000, 0x0000, 0x0000,
    0x0000, 0x0000, 0x0000, 0x0000, 0x0000, 0x0000, 0x0000, 0x0000, 0x0000, 0x0000, 0x0000, 0x0000, 0x0000, 0x0000, 0x0000, 0x0000,
    0x0000, 0x0000, 0x0000, 0x0000, 0x0000, 0x0000, 0x0000, 0x0000, 0x0000, 0x0000, 0x0000, 0x0000, 0x0000, 0x0000, 0x0000, 0x0000,
    0x0000, 0x0000, 0x0000, 0x0000, 0x0000, 0x0000, 0x0000, 0x0000, 0x0000, 0x0000, 0x0000, 0x0000, 0x0000, 0x0000, 0x0000, 0x0000,
    0x0000, 0x0000, 0x0000, 0x0000, 0x0000, 0x0000, 0x0000, 0x0000, 0x0000, 0x0000, 0x0000, 0x0000, 0x0000, 0x0000, 0x0000, 0x0000,
    0x0000, 0x0000, 0x0000, 0x0000, 0x0000, 0x0000, 0x0000, 0x0000, 0x0000, 0x0000, 0x0000, 0x0000, 0x0000, 0x0000, 0x0000, 0x0000,
    0x0000, 0x0000, 0x0000, 0x0000, 0x0000, 0x0000, 0x0000, 0x0000, 0x0000, 0x0000, 0x0000, 0x0000, 0x0000, 0x0000, 0x0000, 0x0000,
    0x0000, 0x0000, 0x0000, 0x0000, 0x0000, 0x0000, 0x0000, 0x0000, 0x0000, 0x0000, 0x0000, 0x0000, 0x0000, 0x0000, 0x0000, 0x0000,
    0x0000, 0x0000, 0x0000, 0x0000, 0x0000, 0x0000, 0x0000, 0x0000, 0x0000, 0x0000, 0x0000, 0x0000, 0x0000, 0x0000, 0x0000, 0x0000,
    0x0000, 0x0000, 0x0000, 0x0000, 0x0000, 0x0000, 0x0000, 0x0000, 0x0000, 0x0000, 0x0000, 0x0000, 0x0000, 0x0000, 0x0000, 0x0000,
    0x0000, 0x0000, 0x0000, 0x0000, 0x0000, 0x0000, 0x0000, 0x0000, 0x0000, 0x0000, 0x0000, 0x0000, 0x0000, 0x0000, 0x0000, 0x0000,
    0x0000, 0x0000, 0x0000, 0x0000, 0x0000, 0x0000, 0x0000, 0x0000, 0x0000, 0x0000, 0x0000, 0x0000, 0x0000, 0x0000, 0x0000, 0x0000,
    0x0000, 0x0000, 0x0000, 0x0000, 0x0000, 0x0000, 0x0000, 0x0000, 0x0000, 0x0000, 0x0000, 0x0000, 0x0000, 0x0000, 0x0000, 0x0000,
    0x0000, 0x0000, 0x0000, 0x0000, 0x0000, 0x0000, 0x0000, 0x0000, 0x0000, 0x0000, 0x0000, 0x0000, 0x0000, 0x0000, 0x0000, 0x0000,
    0x0000, 0x0000, 0x0000, 0x0000, 0x0000, 0x0000, 0x0000, 0x0000, 0x0000, 0x0000, 0x0000, 0x0000, 0x0000, 0x0000, 0x0000, 0x0000,
    0x0000, 0x0000, 0x0000, 0x0000, 0x0000, 0x0000, 0x0000, 0x0000, 0x0000, 0x0000, 0x0000, 0x0000, 0x0000, 0x0000, 0x0000, 0x0000,
    0x0000, 0x0000, 0x0000, 0x0000, 0x0000, 0x0000, 0x0000, 0x0000, 0x0000, 0x0000, 0x0000, 0x0000, 0x0000, 0x0000, 0x0000, 0x0000,
    0x0000, 0x0000, 0x0000, 0x0000, 0x0000, 0x0000, 0x0000, 0x0000, 0x0000, 0x0000, 0x0000, 0x0000, 0x0000, 0x0000, 0x0000, 0x0000,
    0x0000, 0x0000, 0x0000, 0x0000, 0x0000, 0x0000, 0x0000, 0x0000, 0x0000, 0x0000, 0x0000, 0x0000, 0x0000, 0x0000, 0x0000, 0x0000,
    0x0000, 0x0000, 0x0000, 0x0000, 0x0000, 0x0000, 0x0000, 0x0000, 0x0000, 0x0000, 0x0000, 0x0000, 0x0000, 0x0000, 0x0000, 0x0000,
    0x0000, 0x0000, 0x0000, 0x0000, 0x0000, 0x0000, 0x0000, 0x0000, 0x0000, 0x0000, 0x0000, 0x0000, 0x0000, 0x0000, 0x0000, 0x0000,
    0x0000, 0x0000, 0x0000, 0x0000, 0x0000, 0x0000, 0x0000, 0x0000, 0x0000, 0x0000, 0x0000, 0x0000, 0x0000, 0x0000, 0x0000, 0x0000,
    0x0000, 0x0000, 0x0000, 0x0000, 0x0000, 0x0000, 0x0000, 0x0000, 0x0000, 0x0000, 0x0000, 0x0000, 0x0000, 0x0000, 0x0000, 0x0000,
    0x0000, 0x0000, 0x0000, 0x0000, 0x0000, 0x0000, 0x0000, 0x0000, 0x0000, 0x0000, 0x0000, 0x0000, 0x0000, 0x0000, 0x0000, 0x0000,
    0x0000, 0x0000, 0x0000, 0x0000, 0x0000, 0x0000, 0x0000, 0x0000, 0x0000, 0x0000, 0x0000, 0x0000, 0x0000, 0x0000, 0x0000, 0x0000,
    0x0000, 0x0000, 0x0000, 0x0000, 0x0000, 0x0000, 0x0000, 0x0000, 0x0000, 0x0000, 0x0000, 0x0000, 0x0000, 0x0000, 0x0000, 0x0000,
    0x0000, 0x0000, 0x0000, 0x0000, 0x0000, 0x0000, 0x0000, 0x0000, 0x0000, 0x0000, 0x0000, 0x0000, 0x0000, 0x0000, 0x0000, 0x0000,
    0x0000, 0x0000, 0x0000, 0x0000, 0x0000, 0x0000, 0x0000, 0x0000, 0x0000, 0x0000, 0x0000, 0x0000, 0x0000, 0x0000, 0x0000, 0x0000,
    0x0000, 0x0000, 0x0000, 0x0000, 0x0000, 0x0000, 0x0000, 0x0000, 0x0000, 0x0000, 0x0000, 0x0000, 0x0000, 0x0000, 0x0000, 0x0000,
    0x0000, 0x0000, 0x0000, 0x0000, 0x0000, 0x0000, 0x0000, 0x0000, 0x0000, 0x0000, 0x0000, 0x0000, 0x0000, 0x0000, 0x0000, 0x0000,
    0x0000, 0x0000, 0x0000, 0x0000, 0x0000, 0x0000, 0x0000, 0x0000, 0x0000, 0x0000, 0x0000, 0x0000, 0x0000, 0x0000, 0x0000, 0x0000,
    0x0000, 0x0000, 0x0000, 0x0000, 0x0000, 0x0000, 0x0000, 0x0000, 0x0000, 0x0000, 0x0000, 0x0000, 0x0000, 0x0000, 0x0000, 0x0000,
    0x0000, 0x0000, 0x0000, 0x0000, 0x0000, 0x0000, 0x0000, 0x0000, 0x0000, 0x0000, 0x0000, 0x0000, 0x0000, 0x0000, 0x0000, 0x0000,
    0x0000, 0x0000, 0x0000, 0x0000, 0x0000, 0x0000, 0x0000, 0x0000, 0x0000, 0x0000, 0x0000, 0x0000, 0x0000, 0x0000, 0x0000, 0x0000,
};
